Model,R2,MAE,RMSE,MAPE_percent,n_train,n_test,fit_time_sec,predict_time_sec
cat,0.9236562842094903,0.11004622902559011,0.04322232175066972,8.962785054861477,396,7529,3.6144163608551025,0.008054018020629883
