Model,R2,MAE,RMSE,MAPE_percent,n_train,n_test,fit_time_sec,predict_time_sec
cat,0.990368359709155,0.0006708444828574091,3.1677208009084075e-06,5.356040562992552,8145,2036,3.444391965866089,0.002621889114379883
