Model,R2,MAE,RMSE,MAPE_percent,n_train,n_test,fit_time_sec,predict_time_sec
cat,0.7746610019548594,0.2910944981090535,0.24906854136789158,11.375496651110305,6214,1554,3.443326950073242,0.0023746490478515625
