Model,R2,MAE,RMSE,MAPE_percent,n_train,n_test,fit_time_sec,predict_time_sec
cat,0.9588341718360397,0.18784639671711129,0.08094389527031809,6.619994969017418,3962,3963,4.508959531784058,0.005132198333740234
