Model,R2,MAE,RMSE,MAPE_percent,n_train,n_test,fit_time_sec,predict_time_sec
gbm,0.9965937773308018,0.0024244707946528142,1.347562074386319e-05,3.045416680471593,8145,2036,20.3150851726532,0.013692855834960938
