Model,R2,MAE,RMSE,MAPE_percent,n_train,n_test,fit_time_sec,predict_time_sec
gbm,0.9891734467505189,0.0007317137187100824,5.12372962440062e-06,4.147389396424715,8145,2036,20.323181629180908,0.014655590057373047
