Model,R2,MAE,RMSE,MAPE_percent,n_train,n_test,fit_time_sec,predict_time_sec
cat,0.92385822800588,0.017366043124352804,0.0068507974278638065,3.9950273115721946,5548,2377,5.786421775817871,0.003628969192504883
