Model,R2,MAE,RMSE,MAPE_percent,n_train,n_test,fit_time_sec,predict_time_sec
cat,0.9366059399996955,0.130681584934409,0.06094617699596682,6.756913479809048,6206,1552,3.6088638305664062,0.0047779083251953125
