Model,R2,MAE,RMSE,MAPE_percent,n_train,n_test,fit_time_sec,predict_time_sec
rf,0.9361874382119282,0.0009285632589394575,2.166163473333761e-05,7.630416386375546,5090,5091,30.376766443252563,0.6039566993713379
