Model,R2,MAE,RMSE,MAPE_percent,n_train,n_test,fit_time_sec,predict_time_sec
cat,0.8742242856570224,0.07604354859739504,0.0625523508847333,5.229318668412966,5261,1754,4.66239333152771,0.0032181739807128906
