Model,R2,MAE,RMSE,MAPE_percent,n_train,n_test,fit_time_sec,predict_time_sec
cat,0.9956817532353032,0.007253068479063172,0.00016746015648124018,2.490951709125995,9053,2263,3.961158037185669,0.0030603408813476562
