Model,R2,MAE,RMSE,MAPE_percent,n_train,n_test,fit_time_sec,predict_time_sec
rf,0.9952140525250117,0.007303154100822677,0.00011277414824519287,4.096090604443224,8145,2036,51.9236695766449,0.4477417469024658
