Model,R2,MAE,RMSE,MAPE_percent,n_train,n_test,fit_time_sec,predict_time_sec
cat,0.9532735908486094,0.2010756668835105,0.08909503100642058,6.991452882987269,1585,6340,4.04999041557312,0.006674051284790039
