Model,R2,MAE,RMSE,MAPE_percent,n_train,n_test,fit_time_sec,predict_time_sec
cat,0.8972515648715561,0.022489983992598807,0.01071231303128232,4.99232982151391,2378,5547,4.612349271774292,0.006461620330810547
