Model,R2,MAE,RMSE,MAPE_percent,n_train,n_test,fit_time_sec,predict_time_sec
rf,0.9878110848881348,0.012168343247750102,0.000285299635940445,6.799625591969464,8145,2036,51.8898491859436,0.40294623374938965
