Model,R2,MAE,RMSE,MAPE_percent,n_train,n_test,fit_time_sec,predict_time_sec
cat,0.952108436323352,0.268924604070949,0.15066606306172928,7.532410909969426,6206,1552,4.3101418018341064,0.002842426300048828
