Model,R2,MAE,RMSE,MAPE_percent,n_train,n_test,fit_time_sec,predict_time_sec
cat,0.9280376169187894,0.007190619120042264,0.000652065912111726,12.41733845277959,3563,6618,4.771806240081787,0.007139444351196289
