Model,R2,MAE,RMSE,MAPE_percent,n_train,n_test,fit_time_sec,predict_time_sec
gbm,0.9957196201195954,0.0025902476186531937,1.2597105083474486e-05,3.7400667760434367,8145,2036,20.194345951080322,0.01421666145324707
