Model,R2,MAE,RMSE,MAPE_percent,n_train,n_test,fit_time_sec,predict_time_sec
rf,0.93985564826161,0.06486508893987473,0.021753585606502698,6.482228831181024,6208,1552,44.768765687942505,0.30144667625427246
