Model,R2,MAE,RMSE,MAPE_percent,n_train,n_test,fit_time_sec,predict_time_sec
rf,0.9494123799489266,0.0848484707026754,0.021942029737226035,6.2086011948714335,9053,2263,54.41708016395569,0.43613266944885254
