Model,R2,MAE,RMSE,MAPE_percent,n_train,n_test,fit_time_sec,predict_time_sec
cat,0.673071874875629,0.3072219387610604,0.6873958261305849,11.781843180080854,6214,1554,3.5564751625061035,0.002378702163696289
