Model,R2,MAE,RMSE,MAPE_percent,n_train,n_test,fit_time_sec,predict_time_sec
cat,0.8790276745187542,0.007166227625114085,0.0013635564398696359,12.338943654246554,7636,2545,4.472630023956299,0.003572702407836914
