Model,R2,MAE,RMSE,MAPE_percent,n_train,n_test,fit_time_sec,predict_time_sec
cat,0.9378485592309072,0.28919724347082915,0.2133198700946113,7.615433985573437,6206,1552,3.3775808811187744,0.002319812774658203
