Model,R2,MAE,RMSE,MAPE_percent,n_train,n_test,fit_time_sec,predict_time_sec
gbm,0.676061726171511,0.2962101260968242,0.6573548445947659,11.253246988779855,6214,1554,15.530947208404541,0.012165069580078125
