Model,R2,MAE,RMSE,MAPE_percent,n_train,n_test,fit_time_sec,predict_time_sec
rf,0.95797921842354,0.13231472748311696,0.04080957972896878,5.461055162319651,6208,1552,36.66354155540466,0.2821183204650879
