Model,R2,MAE,RMSE,MAPE_percent,n_train,n_test,fit_time_sec,predict_time_sec
gbm,0.9857389981568537,0.011416943648643811,0.00035366412193418585,3.1999725070926215,7355,3961,18.38191866874695,0.02490711212158203
