Model,R2,MAE,RMSE,MAPE_percent,n_train,n_test,fit_time_sec,predict_time_sec
gbm,0.942677456399335,0.031076420196313913,0.009264111668033917,4.630066837343461,776,6982,1.887655258178711,0.04606318473815918
