Model,R2,MAE,RMSE,MAPE_percent,n_train,n_test,fit_time_sec,predict_time_sec
rf,0.9953116158506802,0.003002864020130049,1.9251004101660423e-05,3.8887861371122545,8145,2036,52.26423954963684,0.38590574264526367
