Model,R2,MAE,RMSE,MAPE_percent,n_train,n_test,fit_time_sec,predict_time_sec
rf,0.9962191028930768,0.004507826150016328,0.00011418608779976042,1.3662221441955722,6208,1552,69.39258909225464,0.5475945472717285
