Model,R2,MAE,RMSE,MAPE_percent,n_train,n_test,fit_time_sec,predict_time_sec
cat,0.9581907074391575,0.17838357982670247,0.06459489043866887,5.920488089472957,6340,1585,4.4726881980896,0.0030059814453125
