Model,R2,MAE,RMSE,MAPE_percent,n_train,n_test,fit_time_sec,predict_time_sec
gbm,0.1257472245678516,0.007397290079262278,0.012703345081922002,4.18416525144381,8151,2038,20.362471103668213,0.013082742691040039
