Model,R2,MAE,RMSE,MAPE_percent,n_train,n_test,fit_time_sec,predict_time_sec
rf,0.9881484890532843,0.004423232627232915,3.6168795563487155e-05,7.009723214857395,8145,2036,51.34029841423035,0.40938735008239746
