Model,R2,MAE,RMSE,MAPE_percent,n_train,n_test,fit_time_sec,predict_time_sec
gbm,0.9950911832462351,0.004966168702836898,0.0002458634845557073,1.3435071389073148,6214,1554,15.690622568130493,0.012407302856445312
