Model,R2,MAE,RMSE,MAPE_percent,n_train,n_test,fit_time_sec,predict_time_sec
cat,0.9876063212652145,0.004821044857593879,4.813549227267276e-05,7.365998195061967,3054,7127,5.013857364654541,0.007632732391357422
