Model,R2,MAE,RMSE,MAPE_percent,n_train,n_test,fit_time_sec,predict_time_sec
rf,0.8620054788192257,0.01719602551351694,0.011803508562465244,10.518202806951367,8145,2036,49.76355719566345,0.42421865463256836
