Model,R2,MAE,RMSE,MAPE_percent,n_train,n_test,fit_time_sec,predict_time_sec
cat,0.8971950483545145,0.021272736826243185,0.012389979784935898,4.266924526683901,3566,4359,4.564539670944214,0.005290031433105469
