Model,R2,MAE,RMSE,MAPE_percent,n_train,n_test,fit_time_sec,predict_time_sec
gbm,0.9644548523481682,0.027474934234829794,0.008723158738163605,3.2770682347572766,6206,1552,15.413454055786133,0.012233495712280273
