Model,R2,MAE,RMSE,MAPE_percent,n_train,n_test,fit_time_sec,predict_time_sec
cat,0.9867413149283497,0.0031389367184077835,9.13899147585124e-05,4.964788295799953,8145,2036,7.375151634216309,0.007191181182861328
