Model,R2,MAE,RMSE,MAPE_percent,n_train,n_test,fit_time_sec,predict_time_sec
gbm,0.9280263483322102,0.001262002228286627,3.197755010259564e-05,7.831138826818136,1527,8654,3.617553949356079,0.0544285774230957
