Model,R2,MAE,RMSE,MAPE_percent,n_train,n_test,fit_time_sec,predict_time_sec
rf,0.9886406948158799,0.003973665286314555,3.0070789092641508e-05,6.796411339699388,8145,2036,51.52999138832092,0.39911699295043945
