Model,R2,MAE,RMSE,MAPE_percent,n_train,n_test,fit_time_sec,predict_time_sec
rf,0.9969949949169948,0.009418889737291731,0.0002288709113809678,4.142534853280224,8145,2036,52.66565179824829,0.5358483791351318
