Model,R2,MAE,RMSE,MAPE_percent,n_train,n_test,fit_time_sec,predict_time_sec
cat,0.30972367156926917,0.3413377415396954,0.3347238094149389,33.337855147657294,2806,4209,4.179137945175171,0.004909515380859375
