Model,R2,MAE,RMSE,MAPE_percent,n_train,n_test,fit_time_sec,predict_time_sec
cat,0.9758145479272771,0.016465396340433012,0.0023374863746409044,4.136630406464245,6340,1585,4.9232497215271,0.0030379295349121094
