Model,R2,MAE,RMSE,MAPE_percent,n_train,n_test,fit_time_sec,predict_time_sec
rf,0.9625615442513668,0.06025654407569676,0.010389534243873634,4.426673251579269,5690,1423,34.21033263206482,0.2599174976348877
