Model,R2,MAE,RMSE,MAPE_percent,n_train,n_test,fit_time_sec,predict_time_sec
gbm,0.9988450758254268,0.0016001215750382864,1.05756039734279e-05,1.7964170903486085,8145,2036,35.53964829444885,0.014770746231079102
