Model,R2,MAE,RMSE,MAPE_percent,n_train,n_test,fit_time_sec,predict_time_sec
gbm,0.9970238077037018,0.005231513559878242,7.574509856439285e-05,1.3114307176277875,6340,1585,15.84676718711853,0.012622833251953125
