Model,R2,MAE,RMSE,MAPE_percent,n_train,n_test,fit_time_sec,predict_time_sec
rf,0.9782982617723841,0.0008811809264915075,1.4441965642830933e-06,6.480374211210494,8145,2036,52.75697922706604,0.3733048439025879
