Model,R2,MAE,RMSE,MAPE_percent,n_train,n_test,fit_time_sec,predict_time_sec
gbm,0.9992903864143915,0.0010656455663164313,2.3487392889741826e-06,1.404742938980749,8145,2036,20.57130265235901,0.014213800430297852
