Model,R2,MAE,RMSE,MAPE_percent,n_train,n_test,fit_time_sec,predict_time_sec
rf,0.9968106034661526,0.002003940601959134,8.752285007197364e-06,3.1260388733698288,8145,2036,51.94442343711853,0.39490532875061035
