Model,R2,MAE,RMSE,MAPE_percent,n_train,n_test,fit_time_sec,predict_time_sec
cat,0.9269552618835987,0.01630509766240978,0.006436124738149513,7.443896927012099,4072,6109,4.391432523727417,0.006479024887084961
