Model,R2,MAE,RMSE,MAPE_percent,n_train,n_test,fit_time_sec,predict_time_sec
cat,0.9901647708011594,0.014198624723792366,0.00042340652788167086,7.308271395715379,4072,6109,4.45983624458313,0.006078481674194336
