Model,R2,MAE,RMSE,MAPE_percent,n_train,n_test,fit_time_sec,predict_time_sec
cat,0.9842154947643698,0.0011849796151777322,4.781356271735548e-06,11.616862927206798,8145,2036,3.82804012298584,0.003053426742553711
