Model,R2,MAE,RMSE,MAPE_percent,n_train,n_test,fit_time_sec,predict_time_sec
rf,0.9692991830726749,0.0003772139264099286,1.0378082101607427e-05,2.018508306493823,8145,2036,49.74059081077576,0.38323426246643066
