Model,R2,MAE,RMSE,MAPE_percent,n_train,n_test,fit_time_sec,predict_time_sec
cat,0.9833749387321058,0.010316606364812462,0.00024534035248705824,2.8790316801089015,6340,1585,4.7483367919921875,0.00286102294921875
