Model,R2,MAE,RMSE,MAPE_percent,n_train,n_test,fit_time_sec,predict_time_sec
cat,0.9869660295654062,0.0009901495756439163,2.019923308145299e-06,7.528053554050699,3054,7127,4.459327936172485,0.007659435272216797
