Model,R2,MAE,RMSE,MAPE_percent,n_train,n_test,fit_time_sec,predict_time_sec
rf,0.9880623099658981,0.012046879582222676,0.0004801536970413933,3.2773861714476737,9053,2263,56.99044895172119,0.42877984046936035
