Model,R2,MAE,RMSE,MAPE_percent,n_train,n_test,fit_time_sec,predict_time_sec
rf,0.9832210546067045,0.0029250679862550598,0.00011929483811877711,4.365895430577985,8145,2036,66.4994101524353,0.8076808452606201
