Model,R2,MAE,RMSE,MAPE_percent,n_train,n_test,fit_time_sec,predict_time_sec
cat,0.98791386272682,0.0054142639613603,6.708189082501208e-05,8.487200570556928,1527,8654,4.341214895248413,0.008387565612792969
