Model,R2,MAE,RMSE,MAPE_percent,n_train,n_test,fit_time_sec,predict_time_sec
gbm,0.9454309978841319,0.27073152414843055,0.14971212390859215,7.177756192941569,6206,1552,15.603000402450562,0.012352943420410156
