Model,R2,MAE,RMSE,MAPE_percent,n_train,n_test,fit_time_sec,predict_time_sec
gbm,0.9990730167552131,0.00023839243825469575,1.1450690011957997e-07,1.6253057428917208,8145,2036,20.684712648391724,0.014751672744750977
