Model,R2,MAE,RMSE,MAPE_percent,n_train,n_test,fit_time_sec,predict_time_sec
gbm,0.9639882447060556,0.18305480827420884,0.07923337665759554,7.656850552287546,9053,2263,22.69600224494934,0.018180131912231445
