Model,R2,MAE,RMSE,MAPE_percent,n_train,n_test,fit_time_sec,predict_time_sec
rf,-0.24321909920857476,0.0016626633614776436,0.0006255762141641323,4.696300335266413,8151,2038,54.40951895713806,0.48032426834106445
