Model,R2,MAE,RMSE,MAPE_percent,n_train,n_test,fit_time_sec,predict_time_sec
cat,0.28538207536709703,0.0700009052021467,0.9304610227523625,5.060009673792418,7056,1764,3.8463282585144043,0.0029671192169189453
