Model,R2,MAE,RMSE,MAPE_percent,n_train,n_test,fit_time_sec,predict_time_sec
gbm,0.9950810587848026,0.0029315446944685967,1.798387216332594e-05,3.744989974835336,8145,2036,20.884683847427368,0.013962984085083008
