Model,R2,MAE,RMSE,MAPE_percent,n_train,n_test,fit_time_sec,predict_time_sec
rf,0.940936158903872,0.0010802663679465691,1.6902443586498637e-05,8.83830208985387,509,9672,2.534630537033081,0.5440726280212402
