Model,R2,MAE,RMSE,MAPE_percent,n_train,n_test,fit_time_sec,predict_time_sec
cat,0.9955544733518789,0.0029450414027849306,1.778639386060684e-05,3.7234073487772723,8145,2036,5.109209775924683,0.0029397010803222656
