Model,R2,MAE,RMSE,MAPE_percent,n_train,n_test,fit_time_sec,predict_time_sec
gbm,0.9958156133348218,0.002573549863590671,1.2302621111253668e-05,3.7928123447247346,8151,2038,20.527490615844727,0.012655973434448242
