Model,R2,MAE,RMSE,MAPE_percent,n_train,n_test,fit_time_sec,predict_time_sec
rf,0.9956530446140628,0.0005334835380639403,5.371754843059063e-07,3.912345597613557,8145,2036,50.709529876708984,0.3959934711456299
