Model,R2,MAE,RMSE,MAPE_percent,n_train,n_test,fit_time_sec,predict_time_sec
cat,0.9901955940532613,0.005441659645967743,8.977863375814123e-05,7.180826971489859,8145,2036,3.593545436859131,0.0026476383209228516
