Model,R2,MAE,RMSE,MAPE_percent,n_train,n_test,fit_time_sec,predict_time_sec
cat,0.9916398442268849,0.0006667614943412856,9.988500924796503e-07,4.926379654966005,8151,2038,3.876901388168335,0.0026831626892089844
