Model,R2,MAE,RMSE,MAPE_percent,n_train,n_test,fit_time_sec,predict_time_sec
cat,0.9886156439371283,0.002789089477833867,0.00011881984934759883,3.255624265236645,8145,2036,3.7425220012664795,0.002827167510986328
