Model,R2,MAE,RMSE,MAPE_percent,n_train,n_test,fit_time_sec,predict_time_sec
cat,0.3991970836009284,0.32995853500922595,0.2594211914199973,31.241692813695714,5612,1403,3.2609059810638428,0.002391815185546875
