Model,R2,MAE,RMSE,MAPE_percent,n_train,n_test,fit_time_sec,predict_time_sec
gbm,0.9511860946003864,0.0854728967311203,0.03283601233640149,979682946.3720096,9053,2263,22.738318920135498,0.01800537109375
