Model,R2,MAE,RMSE,MAPE_percent,n_train,n_test,fit_time_sec,predict_time_sec
cat,0.985208880846481,0.012785136898571305,0.00047548856750426346,3.7271392407999233,4359,3566,4.624960899353027,0.004914283752441406
