Model,R2,MAE,RMSE,MAPE_percent,n_train,n_test,fit_time_sec,predict_time_sec
rf,0.959566617249167,0.1807629194005748,0.0929249775107185,15675517.475626318,9053,2263,55.703014612197876,0.4430866241455078
