Model,R2,MAE,RMSE,MAPE_percent,n_train,n_test,fit_time_sec,predict_time_sec
gbm,0.9060583101174667,0.001181029011263618,4.611814351335541e-05,7.401592510403683,6109,4072,14.739645719528198,0.026783227920532227
