Model,R2,MAE,RMSE,MAPE_percent,n_train,n_test,fit_time_sec,predict_time_sec
gbm,0.8438377336771451,0.0009026094276955785,2.4549692788531307e-05,4.511660817270315,8151,2038,20.405675888061523,0.013117074966430664
