Model,R2,MAE,RMSE,MAPE_percent,n_train,n_test,fit_time_sec,predict_time_sec
cat,0.9872833103032552,0.0008675992372344782,1.3644568404885042e-06,7.578598103620301,4072,6109,3.151329755783081,0.005712032318115234
