Model,R2,MAE,RMSE,MAPE_percent,n_train,n_test,fit_time_sec,predict_time_sec
cat,0.9780143842288075,0.014957108836775803,0.0016127355909523154,4.256649292168386,9059,2265,3.4908316135406494,0.0029006004333496094
