Model,R2,MAE,RMSE,MAPE_percent,n_train,n_test,fit_time_sec,predict_time_sec
cat,0.9635411873587838,0.0713399020735736,0.013189508599335886,4.974594895288555,4359,3566,4.642483472824097,0.004995822906494141
