Model,R2,MAE,RMSE,MAPE_percent,n_train,n_test,fit_time_sec,predict_time_sec
cat,0.954280976538447,0.17953574927505445,0.0638821586057833,5.739513461092958,5548,2377,4.864011764526367,0.0035467147827148438
