Model,R2,MAE,RMSE,MAPE_percent,n_train,n_test,fit_time_sec,predict_time_sec
cat,0.06371600913628594,0.0026929144979583246,0.0028597331571841,5.39717321203679,8151,2038,3.711838722229004,0.002742290496826172
