Model,R2,MAE,RMSE,MAPE_percent,n_train,n_test,fit_time_sec,predict_time_sec
cat,0.4018849491831685,0.39986917441180686,0.34346090135289437,38.724675129583375,1585,6340,3.6211752891540527,0.006265163421630859
