Model,R2,MAE,RMSE,MAPE_percent,n_train,n_test,fit_time_sec,predict_time_sec
cat,0.9614853331650597,0.06440217557370348,0.011190643766905933,5.062688467085189,3157,3858,4.5274364948272705,0.0050449371337890625
