Model,R2,MAE,RMSE,MAPE_percent,n_train,n_test,fit_time_sec,predict_time_sec
rf,0.912363787555632,0.014186123635488058,0.006924911246461219,3.287665309916158,6208,1552,38.044554471969604,0.29146432876586914
