Model,R2,MAE,RMSE,MAPE_percent,n_train,n_test,fit_time_sec,predict_time_sec
rf,0.9898935041129753,0.012784945307163315,0.00030454513676728785,6.532156822721616,8145,2036,51.41248965263367,0.4004325866699219
