Model,R2,MAE,RMSE,MAPE_percent,n_train,n_test,fit_time_sec,predict_time_sec
cat,0.9690525411128623,0.16943339447101446,0.06842593404939258,1082497461.3444974,9059,2265,3.725541114807129,0.0031282901763916016
