Model,R2,MAE,RMSE,MAPE_percent,n_train,n_test,fit_time_sec,predict_time_sec
gbm,0.9887616677134206,0.01645513124677062,0.0006250731880211159,11.203083096706244,8145,2036,18.16269850730896,0.01545405387878418
