Model,R2,MAE,RMSE,MAPE_percent,n_train,n_test,fit_time_sec,predict_time_sec
cat,0.9904979218916687,0.009159450986511683,0.0006744197605197475,4.366561257001381,8145,2036,3.823052406311035,0.006720304489135742
