Model,R2,MAE,RMSE,MAPE_percent,n_train,n_test,fit_time_sec,predict_time_sec
gbm,0.9943170825809486,0.0045337652115775735,7.207843652925069e-05,1.6484520883946419,6208,1552,15.545954942703247,0.011475086212158203
