Model,R2,MAE,RMSE,MAPE_percent,n_train,n_test,fit_time_sec,predict_time_sec
gbm,0.9754030448221611,0.05502485323657321,0.00803504963293335,3.646019536726245,6340,1585,15.921141862869263,0.012452125549316406
