Model,R2,MAE,RMSE,MAPE_percent,n_train,n_test,fit_time_sec,predict_time_sec
cat,0.9902956552886804,0.0032222757203352833,6.284606179200306e-05,4.937098425574322,8145,2036,8.571316719055176,0.01767587661743164
