Model,R2,MAE,RMSE,MAPE_percent,n_train,n_test,fit_time_sec,predict_time_sec
rf,0.9643041076200474,0.0720283394392306,0.021387509017370826,1040641.0904087578,9053,2263,69.86181354522705,0.9454307556152344
