Model,R2,MAE,RMSE,MAPE_percent,n_train,n_test,fit_time_sec,predict_time_sec
rf,0.9493479895853482,0.10944448230557977,0.03275357011306162,5.495326161188608,6206,1552,37.94019627571106,0.28314661979675293
