Model,R2,MAE,RMSE,MAPE_percent,n_train,n_test,fit_time_sec,predict_time_sec
gbm,0.05675308975999738,0.002038418006035539,0.0026313197848138754,3.017714009740638,8151,2038,20.535239934921265,0.013706445693969727
