Model,R2,MAE,RMSE,MAPE_percent,n_train,n_test,fit_time_sec,predict_time_sec
gbm,0.9236581360299128,0.0011906784158980815,3.427623719416662e-05,7.546210082132022,3563,6618,8.696358442306519,0.04243135452270508
