Model,R2,MAE,RMSE,MAPE_percent,n_train,n_test,fit_time_sec,predict_time_sec
cat,0.5433763148233581,0.3526579735749097,0.28466062813195586,207399732.67372608,8487,2829,4.760005712509155,0.004418134689331055
