Model,R2,MAE,RMSE,MAPE_percent,n_train,n_test,fit_time_sec,predict_time_sec
cat,0.9947423138762143,0.007528294152186054,0.00011828297301432608,4.044948747507051,8145,2036,4.0697338581085205,0.0029909610748291016
