Model,R2,MAE,RMSE,MAPE_percent,n_train,n_test,fit_time_sec,predict_time_sec
cat,0.9787754318642203,0.04069462382093979,0.003285117489148291,4.701760299768845,4410,4410,4.605081796646118,0.005001068115234375
