Model,R2,MAE,RMSE,MAPE_percent,n_train,n_test,fit_time_sec,predict_time_sec
rf,0.9907569129886832,0.0009757744528601857,1.8260141610260014e-06,7.449452330652768,2036,8145,10.647076845169067,0.673210859298706
