Model,R2,MAE,RMSE,MAPE_percent,n_train,n_test,fit_time_sec,predict_time_sec
cat,0.9969803343368694,0.00272929482247947,2.5208186512144572e-05,3.9521831848263265,8145,2036,7.117884159088135,0.002338886260986328
