Model,R2,MAE,RMSE,MAPE_percent,n_train,n_test,fit_time_sec,predict_time_sec
cat,0.8611079430090861,0.0005742617197603289,6.443920017349098e-05,2.6394871676767595,8145,2036,3.6930642127990723,0.002619504928588867
