Model,R2,MAE,RMSE,MAPE_percent,n_train,n_test,fit_time_sec,predict_time_sec
cat,0.716050834531256,0.0009894464417003284,0.0001862998817882104,4.987376740550948,8151,2038,3.7095882892608643,0.0025861263275146484
