Model,R2,MAE,RMSE,MAPE_percent,n_train,n_test,fit_time_sec,predict_time_sec
rf,0.98815514927007,0.01321768187212519,0.0008947935275098176,6.7385736893708055,8145,2036,51.37304663658142,0.4107022285461426
