Model,R2,MAE,RMSE,MAPE_percent,n_train,n_test,fit_time_sec,predict_time_sec
gbm,0.9923178754891866,0.005617195156582644,0.0005805930419176307,2.246963330555473,8151,2038,20.78916025161743,0.012919187545776367
