Model,R2,MAE,RMSE,MAPE_percent,n_train,n_test,fit_time_sec,predict_time_sec
rf,0.9886098697529174,0.004408566968536867,3.621287605272352e-05,6.722832877999091,8145,2036,51.349679946899414,0.40018486976623535
