Model,R2,MAE,RMSE,MAPE_percent,n_train,n_test,fit_time_sec,predict_time_sec
gbm,0.9015858428767007,0.10393654182566779,0.03356749607985266,8.956076436935417,6214,1554,15.694947957992554,0.01165008544921875
