Model,R2,MAE,RMSE,MAPE_percent,n_train,n_test,fit_time_sec,predict_time_sec
gbm,0.8889734593801277,0.10801539351745126,0.04150802769842332,9.020449005090972,6208,1552,15.456334829330444,0.011798381805419922
