Model,R2,MAE,RMSE,MAPE_percent,n_train,n_test,fit_time_sec,predict_time_sec
cat,0.9445396242514866,0.24645136780715132,0.14554020935563958,6.388386886145687,6206,1552,3.573500871658325,0.0023522377014160156
