Model,R2,MAE,RMSE,MAPE_percent,n_train,n_test,fit_time_sec,predict_time_sec
gbm,0.9915352663461336,0.001017873200819141,1.916598919997621e-06,7.822214970883717,1527,8654,3.6341755390167236,0.05164289474487305
