Model,R2,MAE,RMSE,MAPE_percent,n_train,n_test,fit_time_sec,predict_time_sec
cat,0.982334069374197,0.015406007785454312,0.0005802631376369872,4.6011027840411804,1981,5944,4.381148338317871,0.0073986053466796875
