Model,R2,MAE,RMSE,MAPE_percent,n_train,n_test,fit_time_sec,predict_time_sec
cat,0.9892321388567412,0.004905403373318872,8.200607996134214e-05,7.380424320298511,6109,4072,5.157864809036255,0.004939079284667969
