Model,R2,MAE,RMSE,MAPE_percent,n_train,n_test,fit_time_sec,predict_time_sec
gbm,0.9369112403033626,0.003689204082481896,0.0006242625244146854,4.107567137701946,8145,2036,20.145012617111206,0.014266490936279297
