Model,R2,MAE,RMSE,MAPE_percent,n_train,n_test,fit_time_sec,predict_time_sec
cat,0.8549179667619211,0.020533567108590157,0.018752905276609347,3.92111652910551,5151,2774,5.419351100921631,0.004112958908081055
