Model,R2,MAE,RMSE,MAPE_percent,n_train,n_test,fit_time_sec,predict_time_sec
cat,0.9471501660909909,0.21260861319962032,0.11076449614741204,1643394729.8785112,1697,9619,4.372453451156616,0.013309955596923828
