Model,R2,MAE,RMSE,MAPE_percent,n_train,n_test,fit_time_sec,predict_time_sec
rf,0.3575484194860986,0.09379074283727157,0.032177893811644716,45.064832023626685,6214,1554,45.35961079597473,0.3301658630371094
