Model,R2,MAE,RMSE,MAPE_percent,n_train,n_test,fit_time_sec,predict_time_sec
rf,0.980462857229407,0.03510672628698761,0.0029281921490908755,3.851898414172123,7062,1765,45.16620230674744,0.337923526763916
