Model,R2,MAE,RMSE,MAPE_percent,n_train,n_test,fit_time_sec,predict_time_sec
cat,0.9953054603328344,0.0005769957803134716,1.5888368198462107e-06,4.074355432788175,8145,2036,10.42543911933899,0.01817774772644043
