Model,R2,MAE,RMSE,MAPE_percent,n_train,n_test,fit_time_sec,predict_time_sec
cat,0.987724010151121,0.0008973774019320152,3.7262405259495764e-06,7.648136979950336,8145,2036,4.719651222229004,0.0031604766845703125
