Model,R2,MAE,RMSE,MAPE_percent,n_train,n_test,fit_time_sec,predict_time_sec
gbm,-1.911713710998968,0.015855863611509282,0.04871075450668691,15.867575112528137,8151,2038,18.249223232269287,0.014712095260620117
