Model,R2,MAE,RMSE,MAPE_percent,n_train,n_test,fit_time_sec,predict_time_sec
cat,0.9794540284292316,0.001075364563950776,6.472925477318015e-06,7.8381287112256075,4581,5600,4.694571256637573,0.0067713260650634766
