Model,R2,MAE,RMSE,MAPE_percent,n_train,n_test,fit_time_sec,predict_time_sec
gbm,0.998284259327816,0.00031935995391676314,2.191679466736262e-07,2.2313292492151993,8151,2038,20.609654188156128,0.01220083236694336
