Model,R2,MAE,RMSE,MAPE_percent,n_train,n_test,fit_time_sec,predict_time_sec
rf,0.9892484751456617,0.000871678703614573,1.4300812532645923e-06,7.381406956913166,3054,7127,17.6977117061615,0.6582424640655518
