Model,R2,MAE,RMSE,MAPE_percent,n_train,n_test,fit_time_sec,predict_time_sec
cat,0.9941191983473688,0.002482626464051793,1.5380537934566254e-05,3.9579527945178885,8145,2036,3.5139129161834717,0.0026454925537109375
