Model,R2,MAE,RMSE,MAPE_percent,n_train,n_test,fit_time_sec,predict_time_sec
gbm,0.3392641363320871,0.009792476776535334,0.009278005345545117,13.188510717119723,8151,2038,18.71575403213501,0.014942169189453125
