Model,R2,MAE,RMSE,MAPE_percent,n_train,n_test,fit_time_sec,predict_time_sec
gbm,0.9948042494054423,0.007659552664602716,0.00011585588675791239,4.245647605882819,8145,2036,20.299082279205322,0.013840198516845703
