Model,R2,MAE,RMSE,MAPE_percent,n_train,n_test,fit_time_sec,predict_time_sec
rf,0.9604390553116883,0.17534249127868198,0.07839138366721388,5.946590815534518,6340,1585,37.249566078186035,0.2855679988861084
