Model,R2,MAE,RMSE,MAPE_percent,n_train,n_test,fit_time_sec,predict_time_sec
rf,0.8054067700107554,0.10793942073243659,0.09406939081936894,8.693760837821973,6214,1554,40.15243077278137,0.3075871467590332
