Model,R2,MAE,RMSE,MAPE_percent,n_train,n_test,fit_time_sec,predict_time_sec
cat,0.9247915952741304,0.001283069436717868,3.450402541964797e-05,7.535760523801684,3563,6618,3.2976858615875244,0.008096694946289062
