Model,R2,MAE,RMSE,MAPE_percent,n_train,n_test,fit_time_sec,predict_time_sec
cat,0.30350945805017504,0.3524795700050806,0.4148536532114318,35.89621873550448,4560,2455,4.38695502281189,0.0036177635192871094
