Model,R2,MAE,RMSE,MAPE_percent,n_train,n_test,fit_time_sec,predict_time_sec
cat,0.9878348142418683,0.013967158606802426,0.0008720669144799799,7.485833173360816,8145,2036,5.048053026199341,0.003118753433227539
