Model,R2,MAE,RMSE,MAPE_percent,n_train,n_test,fit_time_sec,predict_time_sec
cat,0.9883344424044501,0.001025914105330982,1.9480757224134332e-06,6.641322746511615,8145,2036,3.7778537273406982,0.0028324127197265625
