Model,R2,MAE,RMSE,MAPE_percent,n_train,n_test,fit_time_sec,predict_time_sec
cat,0.7450085122317637,0.09047084148571796,0.15838136519094909,6.368621525409942,5618,1405,3.40002703666687,0.0022187232971191406
