Model,R2,MAE,RMSE,MAPE_percent,n_train,n_test,fit_time_sec,predict_time_sec
gbm,0.5487850721510541,0.36307598813136077,0.3042632521301556,9542534417.071505,9053,2263,20.559030771255493,0.01651144027709961
