Model,R2,MAE,RMSE,MAPE_percent,n_train,n_test,fit_time_sec,predict_time_sec
rf,0.49114739581063693,0.26592770846676095,0.18404668711824515,32.81945472634784,6208,1552,40.44714689254761,0.2985212802886963
