Model,R2,MAE,RMSE,MAPE_percent,n_train,n_test,fit_time_sec,predict_time_sec
gbm,0.9960755632876328,0.007516790497000393,0.00010331360901177415,3.766054627227456,8145,2036,20.2299587726593,0.01440286636352539
