Model,R2,MAE,RMSE,MAPE_percent,n_train,n_test,fit_time_sec,predict_time_sec
cat,0.9811301784833812,0.019423597032882354,0.0009363902347607131,3.685903841925267,4655,3103,3.4231131076812744,0.0038230419158935547
