Model,R2,MAE,RMSE,MAPE_percent,n_train,n_test,fit_time_sec,predict_time_sec
rf,0.9977510214206092,0.002715807636664,1.7155714860751527e-05,3.8046082908744077,8145,2036,77.3602614402771,0.8081936836242676
