Model,R2,MAE,RMSE,MAPE_percent,n_train,n_test,fit_time_sec,predict_time_sec
rf,0.9961692854972193,0.006164495757132803,0.0002116314917155006,1.6260086377975178,9053,2263,55.49449968338013,0.4198942184448242
