Model,R2,MAE,RMSE,MAPE_percent,n_train,n_test,fit_time_sec,predict_time_sec
rf,0.8914329135063211,0.09193469466153117,0.022217385015616577,8.15099501480799,6208,1552,39.499119997024536,0.27788710594177246
