Model,R2,MAE,RMSE,MAPE_percent,n_train,n_test,fit_time_sec,predict_time_sec
gbm,0.9992158015902164,0.00023570756475463077,1.0933354411660453e-07,1.6730527370819166,8151,2038,20.575698852539062,0.012347698211669922
