Model,R2,MAE,RMSE,MAPE_percent,n_train,n_test,fit_time_sec,predict_time_sec
cat,0.36601949132438893,0.14244041000912872,0.07433365789153076,7561889180.145412,9053,2263,3.4169270992279053,0.0028831958770751953
