Model,R2,MAE,RMSE,MAPE_percent,n_train,n_test,fit_time_sec,predict_time_sec
cat,0.9447167941286944,0.19985320852915361,0.096769103817916,6.780086628934838,1585,6340,4.218275308609009,0.006567478179931641
