Model,R2,MAE,RMSE,MAPE_percent,n_train,n_test,fit_time_sec,predict_time_sec
cat,0.6341808235310913,0.02217322177156583,0.04429158329249133,9.373645389478396,8151,2038,3.7050819396972656,0.002646207809448242
