Model,R2,MAE,RMSE,MAPE_percent,n_train,n_test,fit_time_sec,predict_time_sec
cat,0.931902272772901,0.0014147174631158074,2.124906580063764e-05,10.253030108636587,509,9672,2.799743413925171,0.011610746383666992
