Model,R2,MAE,RMSE,MAPE_percent,n_train,n_test,fit_time_sec,predict_time_sec
cat,0.6525487591919831,0.07115042465422927,0.22498288904916716,4.936727187227103,4263,2842,4.638949871063232,0.0039730072021484375
