Model,R2,MAE,RMSE,MAPE_percent,n_train,n_test,fit_time_sec,predict_time_sec
rf,0.9985182108764721,0.0033573494479778947,2.9525104642450584e-05,1.79243827289281,8145,2036,51.11502718925476,0.41196560859680176
