Model,R2,MAE,RMSE,MAPE_percent,n_train,n_test,fit_time_sec,predict_time_sec
cat,0.8840703159033988,0.02267131970575682,0.009547559885875074,12.25172792314165,2545,7636,3.8814127445220947,0.007912635803222656
