Model,R2,MAE,RMSE,MAPE_percent,n_train,n_test,fit_time_sec,predict_time_sec
cat,0.9959683297694518,0.0005054946686842948,5.759182029659514e-07,3.3200680776033775,8145,2036,3.5818488597869873,0.0026702880859375
