Model,R2,MAE,RMSE,MAPE_percent,n_train,n_test,fit_time_sec,predict_time_sec
rf,0.9880773963988647,0.01247450041789574,0.0007715719374100145,7.312020188996257,8145,2036,51.54834175109863,0.41338372230529785
