Model,R2,MAE,RMSE,MAPE_percent,n_train,n_test,fit_time_sec,predict_time_sec
gbm,0.9888905198900213,0.009292054240212531,0.0012692680530644943,39187949.29399848,9059,2265,23.007604360580444,0.017865896224975586
