Model,R2,MAE,RMSE,MAPE_percent,n_train,n_test,fit_time_sec,predict_time_sec
rf,0.9992971854851831,0.00025523109821900197,1.802682118740182e-07,2.0555283696838487,8145,2036,51.18486952781677,0.4077122211456299
