Model,R2,MAE,RMSE,MAPE_percent,n_train,n_test,fit_time_sec,predict_time_sec
cat,0.8889714114071765,0.03303700567927824,0.010942379415012032,11.284469873173041,396,7529,3.456752061843872,0.008457183837890625
