Model,R2,MAE,RMSE,MAPE_percent,n_train,n_test,fit_time_sec,predict_time_sec
rf,0.9054369595962014,0.08083619306380337,0.06433699046725862,1540640.0180810052,9059,2265,54.483973264694214,0.4398953914642334
