Model,R2,MAE,RMSE,MAPE_percent,n_train,n_test,fit_time_sec,predict_time_sec
gbm,0.9699573921154123,0.0706210066583672,0.01900415316138905,213085921.43659088,9053,2263,23.05476474761963,0.01805710792541504
