Model,R2,MAE,RMSE,MAPE_percent,n_train,n_test,fit_time_sec,predict_time_sec
rf,0.9208438121813636,0.00098961932227904,3.447256286358218e-05,6.988822175631731,6618,3563,40.32874250411987,0.4942612648010254
