Model,R2,MAE,RMSE,MAPE_percent,n_train,n_test,fit_time_sec,predict_time_sec
rf,0.9310955940393006,0.013127893176971618,0.004462617455736051,3.339483094622459,2716,5044,14.948593139648438,0.4761965274810791
