Model,R2,MAE,RMSE,MAPE_percent,n_train,n_test,fit_time_sec,predict_time_sec
cat,0.42254727641983847,0.38720853290420054,0.34595509956919335,35.21534895206979,2378,5547,4.14681601524353,0.006059885025024414
