Model,R2,MAE,RMSE,MAPE_percent,n_train,n_test,fit_time_sec,predict_time_sec
cat,0.33254135901017123,0.008479787407772934,0.004968729504092982,10.096439202106621,8151,2038,3.7537238597869873,0.002669811248779297
