Model,R2,MAE,RMSE,MAPE_percent,n_train,n_test,fit_time_sec,predict_time_sec
cat,0.9940231175752765,0.0005545077680269759,5.96187541089056e-07,4.723982682143696,8145,2036,3.5254390239715576,0.0027723312377929688
