Model,R2,MAE,RMSE,MAPE_percent,n_train,n_test,fit_time_sec,predict_time_sec
rf,0.988711820342096,0.0012334473312668117,3.4919431514513795e-06,11.70154075864288,8145,2036,50.20665669441223,0.41630029678344727
