Model,R2,MAE,RMSE,MAPE_percent,n_train,n_test,fit_time_sec,predict_time_sec
cat,0.9947944765102533,0.00717585722487753,0.00018732224957182227,2.542813436463327,9059,2265,3.7319538593292236,0.0029723644256591797
