Model,R2,MAE,RMSE,MAPE_percent,n_train,n_test,fit_time_sec,predict_time_sec
gbm,0.8844736428781366,0.023309384249488176,0.013476392807857273,11.868803332667802,8145,2036,19.974494457244873,0.015709400177001953
