Model,R2,MAE,RMSE,MAPE_percent,n_train,n_test,fit_time_sec,predict_time_sec
cat,0.9911629493489695,0.004729030384419326,6.742963331635533e-05,7.635764479123715,6618,3563,4.461490154266357,0.0048809051513671875
