Model,R2,MAE,RMSE,MAPE_percent,n_train,n_test,fit_time_sec,predict_time_sec
cat,0.9850824108783992,0.006642742535446371,0.00011382616261414045,13.005966376738968,6618,3563,4.378855466842651,0.0044596195220947266
