Model,R2,MAE,RMSE,MAPE_percent,n_train,n_test,fit_time_sec,predict_time_sec
cat,0.7784885551706436,0.20407446457454725,0.6719321341426829,2933915641.0991273,9059,2265,3.6332476139068604,0.0029916763305664062
