Model,R2,MAE,RMSE,MAPE_percent,n_train,n_test,fit_time_sec,predict_time_sec
cat,0.9791752603627735,0.0014143553072247447,7.02266686450437e-06,13.454632007883866,7127,3054,4.493050813674927,0.004006385803222656
