Model,R2,MAE,RMSE,MAPE_percent,n_train,n_test,fit_time_sec,predict_time_sec
rf,0.8702200516838903,0.0013341930033884295,6.021162224269021e-05,10.706818462271897,8145,2036,52.99999809265137,0.41549253463745117
