Model,R2,MAE,RMSE,MAPE_percent,n_train,n_test,fit_time_sec,predict_time_sec
gbm,0.933434443523297,0.01200318704853845,0.004280098298394841,3.106709572063871,4268,3492,10.51353406906128,0.023542165756225586
