Model,R2,MAE,RMSE,MAPE_percent,n_train,n_test,fit_time_sec,predict_time_sec
cat,0.9783183534248793,0.001343110554856313,6.438193223066191e-06,10.758712363545209,509,9672,3.560154676437378,0.009357213973999023
