Model,R2,MAE,RMSE,MAPE_percent,n_train,n_test,fit_time_sec,predict_time_sec
cat,0.06510637664097896,0.02172101610338264,0.04280811176825522,8.71896580055222,8151,2038,3.682377815246582,0.0025467872619628906
