Model,R2,MAE,RMSE,MAPE_percent,n_train,n_test,fit_time_sec,predict_time_sec
rf,0.4736902590508377,0.008079995662305202,0.0073904034251015775,8.359630744477757,8151,2038,55.76198959350586,0.3893599510192871
