Model,R2,MAE,RMSE,MAPE_percent,n_train,n_test,fit_time_sec,predict_time_sec
gbm,0.9974302698875286,0.006643736549543895,0.0001858024474264658,2.9370248189222776,8145,2036,21.59314250946045,0.014408588409423828
