Model,R2,MAE,RMSE,MAPE_percent,n_train,n_test,fit_time_sec,predict_time_sec
gbm,0.9869137645574835,0.02218254282233101,0.0024579297458052493,3.2717388346841174,6206,1552,16.2054705619812,0.01324462890625
