Model,R2,MAE,RMSE,MAPE_percent,n_train,n_test,fit_time_sec,predict_time_sec
gbm,0.9968194007751349,0.009732826883623754,0.00024224472945134123,4.255415259302152,8145,2036,20.437822341918945,0.01463174819946289
