Model,R2,MAE,RMSE,MAPE_percent,n_train,n_test,fit_time_sec,predict_time_sec
cat,0.9215021591821126,0.020760960178374747,0.00890787514892519,167964629.6735867,6224,5092,4.7580835819244385,0.005846738815307617
