Model,R2,MAE,RMSE,MAPE_percent,n_train,n_test,fit_time_sec,predict_time_sec
gbm,0.9825098328078454,0.0081778324786388,0.0009852571787353841,1.998356635625731,6208,1552,15.600769996643066,0.012323617935180664
