Model,R2,MAE,RMSE,MAPE_percent,n_train,n_test,fit_time_sec,predict_time_sec
rf,0.9553338273277643,0.0740733385851509,0.027900114039063933,6.1929484349459365,9053,2263,56.317320585250854,0.4487147331237793
