Model,R2,MAE,RMSE,MAPE_percent,n_train,n_test,fit_time_sec,predict_time_sec
rf,0.9839388385298056,0.0006100081119321854,6.883485187092982e-06,3.3296965667152594,8145,2036,52.28138208389282,0.4028904438018799
