Model,R2,MAE,RMSE,MAPE_percent,n_train,n_test,fit_time_sec,predict_time_sec
gbm,0.9546540965073551,0.18317628246220896,0.0700589148617449,6.0753718208459935,6340,1585,15.754013061523438,0.013138532638549805
