Model,R2,MAE,RMSE,MAPE_percent,n_train,n_test,fit_time_sec,predict_time_sec
gbm,0.9349746778917032,0.055651870180119016,0.022516898387700282,4.475059388085134,6208,1552,15.462879180908203,0.012328863143920898
