Model,R2,MAE,RMSE,MAPE_percent,n_train,n_test,fit_time_sec,predict_time_sec
cat,0.700365494939682,0.544153518985052,0.617938181846509,22.76136422804347,4359,3566,4.8973634243011475,0.005387783050537109
