Model,R2,MAE,RMSE,MAPE_percent,n_train,n_test,fit_time_sec,predict_time_sec
gbm,0.8578313187006417,0.1642426657508206,0.04846436243282395,12.882855211271066,6208,1552,15.328706741333008,0.01249837875366211
