Model,R2,MAE,RMSE,MAPE_percent,n_train,n_test,fit_time_sec,predict_time_sec
gbm,0.9978896489464093,0.004669379986938855,6.717969230290522e-05,1.9404523533411357,8145,2036,20.525667905807495,0.013839960098266602
