Model,R2,MAE,RMSE,MAPE_percent,n_train,n_test,fit_time_sec,predict_time_sec
gbm,0.9985552395127563,0.006491872559331977,9.427395521026119e-05,2.9503599888586756,8145,2036,24.978893041610718,0.014606714248657227
