Model,R2,MAE,RMSE,MAPE_percent,n_train,n_test,fit_time_sec,predict_time_sec
gbm,0.9915874511531726,0.015460130819362043,0.0004597662012570177,11.669193424250555,8145,2036,19.509579181671143,0.015726566314697266
