Model,R2,MAE,RMSE,MAPE_percent,n_train,n_test,fit_time_sec,predict_time_sec
rf,0.9983680030264349,0.00029152746685115634,4.739164096025855e-07,2.093765965033571,8145,2036,54.27013897895813,0.42936277389526367
