Model,R2,MAE,RMSE,MAPE_percent,n_train,n_test,fit_time_sec,predict_time_sec
cat,0.929808619991886,0.0009820399453820466,2.2436152752350408e-05,7.908070211502494,4072,6109,3.217434883117676,0.00552821159362793
