Model,R2,MAE,RMSE,MAPE_percent,n_train,n_test,fit_time_sec,predict_time_sec
gbm,0.3792978250224196,0.3214405068346089,0.2764375515157482,38.53062547362364,6214,1554,13.780904054641724,0.011710405349731445
