Model,R2,MAE,RMSE,MAPE_percent,n_train,n_test,fit_time_sec,predict_time_sec
gbm,0.20787483851030586,0.0010603182351877926,0.00012587001434496433,4.72877375627173,8151,2038,20.3996798992157,0.013400554656982422
