Model,R2,MAE,RMSE,MAPE_percent,n_train,n_test,fit_time_sec,predict_time_sec
gbm,0.9963129952858911,0.0005140725489694726,5.926194623906065e-07,3.12907558313045,8145,2036,20.683675050735474,0.0134735107421875
