Model,R2,MAE,RMSE,MAPE_percent,n_train,n_test,fit_time_sec,predict_time_sec
cat,0.3670656116663322,0.012427087379600464,0.012509410961099586,11.540357359061538,8151,2038,3.733693838119507,0.002760171890258789
