Model,R2,MAE,RMSE,MAPE_percent,n_train,n_test,fit_time_sec,predict_time_sec
cat,0.5114473570867106,0.3644436650820547,0.32863833529306824,20704144699.967213,9053,2263,3.3219387531280518,0.0028731822967529297
