Model,R2,MAE,RMSE,MAPE_percent,n_train,n_test,fit_time_sec,predict_time_sec
cat,0.9060151151979127,0.08303328954388804,0.06394363603113794,265782793.014015,9059,2265,3.7506630420684814,0.002946615219116211
