Model,R2,MAE,RMSE,MAPE_percent,n_train,n_test,fit_time_sec,predict_time_sec
cat,0.5312626045380151,0.0024811090326221827,0.0003075399824476466,17.312767329208025,8151,2038,3.3190536499023438,0.0025832653045654297
