Model,R2,MAE,RMSE,MAPE_percent,n_train,n_test,fit_time_sec,predict_time_sec
cat,0.9706789457031864,0.01608691832154978,0.0027718663524667272,228944981.6660582,9053,2263,7.134031772613525,0.014171600341796875
