Model,R2,MAE,RMSE,MAPE_percent,n_train,n_test,fit_time_sec,predict_time_sec
cat,0.9952270657377297,0.002928683619448779,1.8882574100443383e-05,3.6960349559604393,8145,2036,3.7176764011383057,0.002783060073852539
