Model,R2,MAE,RMSE,MAPE_percent,n_train,n_test,fit_time_sec,predict_time_sec
rf,0.9954579743872297,0.002539336445708166,1.3074634259186849e-05,4.124316514427316,8145,2036,52.27090072631836,0.40310120582580566
