Model,R2,MAE,RMSE,MAPE_percent,n_train,n_test,fit_time_sec,predict_time_sec
cat,0.9528669970528842,0.018131053155727946,0.003075989515315455,5.077944246291562,1585,6340,4.0174455642700195,0.006427288055419922
