Model,R2,MAE,RMSE,MAPE_percent,n_train,n_test,fit_time_sec,predict_time_sec
cat,0.995091632252787,0.0032941569944777913,4.8878467002202265e-05,3.9836079122906343,8145,2036,3.727168083190918,0.006727933883666992
