Model,R2,MAE,RMSE,MAPE_percent,n_train,n_test,fit_time_sec,predict_time_sec
gbm,0.9647772428256197,0.1308756422808921,0.044925354804974026,5.459870110740315,6208,1552,15.435149192810059,0.01307535171508789
