Model,R2,MAE,RMSE,MAPE_percent,n_train,n_test,fit_time_sec,predict_time_sec
rf,0.9594046176618307,0.12431904649298009,0.039224197833844246,4.961059401473916,6208,1552,36.46693682670593,0.2760787010192871
