Model,R2,MAE,RMSE,MAPE_percent,n_train,n_test,fit_time_sec,predict_time_sec
rf,0.9618969028780513,0.11913976882149441,0.03897011924575347,4.770440813492425,6208,1552,41.459208726882935,0.2860743999481201
