Model,R2,MAE,RMSE,MAPE_percent,n_train,n_test,fit_time_sec,predict_time_sec
cat,0.9796806767188909,0.000813679585285873,1.1545951896340047e-06,6.8271404614769855,7636,2545,3.6296191215515137,0.003329038619995117
