Model,R2,MAE,RMSE,MAPE_percent,n_train,n_test,fit_time_sec,predict_time_sec
gbm,0.8973880379547711,0.101419655886949,0.036041341901303016,8.35760675123228,6214,1554,15.721393823623657,0.011838912963867188
