Model,R2,MAE,RMSE,MAPE_percent,n_train,n_test,fit_time_sec,predict_time_sec
gbm,0.9062302615364514,0.0994272082508623,0.037479145507186805,8.75122722010168,6208,1552,15.459071397781372,0.012038230895996094
