Model,R2,MAE,RMSE,MAPE_percent,n_train,n_test,fit_time_sec,predict_time_sec
gbm,0.9985599792151802,0.001516777184417489,4.47229630205994e-06,2.119167178986476,8145,2036,20.421449899673462,0.014072895050048828
