Model,R2,MAE,RMSE,MAPE_percent,n_train,n_test,fit_time_sec,predict_time_sec
gbm,0.9030767983975853,0.0022560859631382936,0.0013011057801130732,1.8022436572983378,8145,2036,20.574583053588867,0.014516115188598633
