Model,R2,MAE,RMSE,MAPE_percent,n_train,n_test,fit_time_sec,predict_time_sec
rf,0.9531266538215019,0.001262397290538572,1.7824489290803902e-05,7.98730840075362,509,9672,2.4740335941314697,0.5506770610809326
