Model,R2,MAE,RMSE,MAPE_percent,n_train,n_test,fit_time_sec,predict_time_sec
cat,0.8916757417042274,0.0008635680233947858,4.579199352779978e-05,5.097316269898905,8151,2038,3.6667118072509766,0.002612590789794922
