Model,R2,MAE,RMSE,MAPE_percent,n_train,n_test,fit_time_sec,predict_time_sec
gbm,0.9575708034967974,0.10008094311088182,0.026395014401816054,4.898811239549407,6206,1552,15.574802160263062,0.011901378631591797
