Model,R2,MAE,RMSE,MAPE_percent,n_train,n_test,fit_time_sec,predict_time_sec
rf,0.4107179979069936,0.0019869132710953656,0.0013656962523829791,5.215284935925149,8151,2038,54.98258137702942,0.39626622200012207
