Model,R2,MAE,RMSE,MAPE_percent,n_train,n_test,fit_time_sec,predict_time_sec
gbm,0.9471109414940354,0.0069118349185962845,0.004740241649517041,2.357888359677914,8151,2038,21.063772678375244,0.01292562484741211
