Model,R2,MAE,RMSE,MAPE_percent,n_train,n_test,fit_time_sec,predict_time_sec
cat,0.9116536380528254,0.023313373749458147,0.006686623607460956,13.468547661346303,1018,9163,4.253134727478027,0.013797283172607422
