Model,R2,MAE,RMSE,MAPE_percent,n_train,n_test,fit_time_sec,predict_time_sec
rf,0.9670124416768208,0.04149058380176216,0.006162989331966817,3.6515281274381,6208,1552,36.11464977264404,0.2896401882171631
