Model,R2,MAE,RMSE,MAPE_percent,n_train,n_test,fit_time_sec,predict_time_sec
gbm,0.9615330152186621,0.04402821111886655,0.00702618386849724,3.929162904690791,6208,1552,15.41314697265625,0.011783123016357422
