Model,R2,MAE,RMSE,MAPE_percent,n_train,n_test,fit_time_sec,predict_time_sec
cat,0.9735886958984425,0.16115904490737135,0.05757023721378515,1499418089.4467034,9053,2263,7.7506842613220215,0.013754844665527344
