Model,R2,MAE,RMSE,MAPE_percent,n_train,n_test,fit_time_sec,predict_time_sec
rf,0.9975008214541881,0.0020121878953627127,7.78824256864089e-06,2.8756914068028645,8151,2038,54.93087911605835,0.3933544158935547
