Model,R2,MAE,RMSE,MAPE_percent,n_train,n_test,fit_time_sec,predict_time_sec
cat,0.6483689460967268,0.5919200500998244,0.703738262380259,25.57135682993185,1189,6736,3.431520938873291,0.0071392059326171875
