Model,R2,MAE,RMSE,MAPE_percent,n_train,n_test,fit_time_sec,predict_time_sec
rf,0.9966176035518954,0.006975949309684465,0.00011184905815424418,2.947183505071832,8145,2036,52.41272521018982,0.4004092216491699
