Model,R2,MAE,RMSE,MAPE_percent,n_train,n_test,fit_time_sec,predict_time_sec
cat,0.9891227342014784,0.01110747675276794,0.0008922643354251724,4.60260409106778,8145,2036,6.467315673828125,0.01771855354309082
