Model,R2,MAE,RMSE,MAPE_percent,n_train,n_test,fit_time_sec,predict_time_sec
cat,0.9559109256400937,0.05139521185476847,0.016313873236664674,4.735508965399527,6208,1552,4.363118410110474,0.0024459362030029297
