Model,R2,MAE,RMSE,MAPE_percent,n_train,n_test,fit_time_sec,predict_time_sec
gbm,0.9226410024131552,0.010509516728679157,0.0074777206972177,3.200687591263201,8145,2036,20.62804126739502,0.013789653778076172
