Model,R2,MAE,RMSE,MAPE_percent,n_train,n_test,fit_time_sec,predict_time_sec
cat,0.9021119811402267,0.0014851287243204704,3.660456716024404e-05,13.014077073674981,3563,6618,4.153238296508789,0.007280588150024414
