Model,R2,MAE,RMSE,MAPE_percent,n_train,n_test,fit_time_sec,predict_time_sec
cat,0.9493091476673746,0.20751971223305027,0.0988709628524316,624661588.2812846,2829,8487,4.362074613571167,0.011354207992553711
