Model,R2,MAE,RMSE,MAPE_percent,n_train,n_test,fit_time_sec,predict_time_sec
gbm,0.8383078799915726,0.00347527411222589,0.00042338866075811296,4.943474732588726,8151,2038,20.244974613189697,0.01255035400390625
