Model,R2,MAE,RMSE,MAPE_percent,n_train,n_test,fit_time_sec,predict_time_sec
gbm,0.6026071081474353,0.5230071094191308,1.2163223353309616,2393.948217767077,9059,2265,20.529383182525635,0.016188859939575195
