Model,R2,MAE,RMSE,MAPE_percent,n_train,n_test,fit_time_sec,predict_time_sec
gbm,0.937847381291358,0.27524460829293296,0.17448445263311024,7.026191490902242,6206,1552,15.548495292663574,0.01230621337890625
