Model,R2,MAE,RMSE,MAPE_percent,n_train,n_test,fit_time_sec,predict_time_sec
cat,0.9977224763611781,0.00499066033160115,5.646244094840986e-05,2.5108070561276943,8145,2036,3.6154158115386963,0.0027616024017333984
