Model,R2,MAE,RMSE,MAPE_percent,n_train,n_test,fit_time_sec,predict_time_sec
gbm,0.9915609279274054,0.009922874782121689,0.0007582534380438457,4.099485513918035,8145,2036,20.18853783607483,0.014360427856445312
