Model,R2,MAE,RMSE,MAPE_percent,n_train,n_test,fit_time_sec,predict_time_sec
gbm,0.9944957130700932,0.007935524519470528,0.0005011452770654709,28672904.868489895,9059,2265,22.794045448303223,0.01767873764038086
