Model,R2,MAE,RMSE,MAPE_percent,n_train,n_test,fit_time_sec,predict_time_sec
gbm,0.9966564998299194,0.007237705569392211,0.00011389955599929524,3.031558237651422,8145,2036,20.38998556137085,0.01319575309753418
