Model,R2,MAE,RMSE,MAPE_percent,n_train,n_test,fit_time_sec,predict_time_sec
rf,0.9975211398606344,0.0004196194263649113,3.4019490865056365e-07,2.917569704660502,8151,2038,55.457785844802856,0.3979775905609131
