Model,R2,MAE,RMSE,MAPE_percent,n_train,n_test,fit_time_sec,predict_time_sec
rf,0.5143272029028412,0.3473594558468691,0.3267011280163453,3204407155.571642,9053,2263,59.22641158103943,0.454967737197876
