Model,R2,MAE,RMSE,MAPE_percent,n_train,n_test,fit_time_sec,predict_time_sec
cat,0.9164501986952915,0.00787567246491225,0.0007608471627964566,12.803752644783142,2036,8145,4.357294082641602,0.008076190948486328
