Model,R2,MAE,RMSE,MAPE_percent,n_train,n_test,fit_time_sec,predict_time_sec
cat,0.9328596492710962,0.0015458437058240623,2.3791171471012346e-05,13.412464359196585,1527,8654,3.706049680709839,0.00942683219909668
