Model,R2,MAE,RMSE,MAPE_percent,n_train,n_test,fit_time_sec,predict_time_sec
cat,0.9631384846605905,0.08265735063614418,0.023637710768761394,1775482840.9032378,8487,2829,4.992204666137695,0.004033565521240234
