Model,R2,MAE,RMSE,MAPE_percent,n_train,n_test,fit_time_sec,predict_time_sec
cat,0.573326558314379,0.3521836597671539,0.2736074009549458,12004634434.691978,8487,2829,4.614476442337036,0.004816770553588867
