Model,R2,MAE,RMSE,MAPE_percent,n_train,n_test,fit_time_sec,predict_time_sec
gbm,0.9325007856055377,0.28708799316097305,0.17846074380513552,7.218296963854233,6206,1552,15.38128399848938,0.01250004768371582
