Model,R2,MAE,RMSE,MAPE_percent,n_train,n_test,fit_time_sec,predict_time_sec
gbm,0.9668151154795951,0.04648230659375327,0.006181818917705671,4.088007977352697,6208,1552,15.5171959400177,0.01150822639465332
