Model,R2,MAE,RMSE,MAPE_percent,n_train,n_test,fit_time_sec,predict_time_sec
cat,0.9699701836791396,0.012205467524628519,0.0018089033763930616,4.150680443698521,6208,1552,3.4602959156036377,0.0022830963134765625
