Model,R2,MAE,RMSE,MAPE_percent,n_train,n_test,fit_time_sec,predict_time_sec
cat,0.9944412891058656,0.0005811617797733032,6.619649695681437e-07,4.151708294168799,8145,2036,3.6887943744659424,0.0030205249786376953
