Model,R2,MAE,RMSE,MAPE_percent,n_train,n_test,fit_time_sec,predict_time_sec
rf,0.9655501889949893,0.11820748156135814,0.0358716812523644,4.7508171936263635,6208,1552,36.356234550476074,0.28289103507995605
