Model,R2,MAE,RMSE,MAPE_percent,n_train,n_test,fit_time_sec,predict_time_sec
rf,0.9421804756116303,0.026092830644142532,0.01054236989423399,3.245602126665572,6206,1552,67.68622922897339,0.5502471923828125
