Model,R2,MAE,RMSE,MAPE_percent,n_train,n_test,fit_time_sec,predict_time_sec
cat,0.9970323031098675,0.0027341506115543908,2.2363296019942183e-05,3.8419274666451044,8145,2036,6.563161849975586,0.006228923797607422
