Model,R2,MAE,RMSE,MAPE_percent,n_train,n_test,fit_time_sec,predict_time_sec
cat,0.9095708092258553,0.006086456247192224,0.0008063081147039009,8.764585860414341,1018,9163,3.9588944911956787,0.012368202209472656
