Model,R2,MAE,RMSE,MAPE_percent,n_train,n_test,fit_time_sec,predict_time_sec
cat,0.983129664230933,0.013141616661024922,0.0003025661562642516,6.610490605314753,6618,3563,4.863655090332031,0.004349470138549805
