Model,R2,MAE,RMSE,MAPE_percent,n_train,n_test,fit_time_sec,predict_time_sec
rf,0.996850621527727,0.002440078189432874,1.2934417275725105e-05,3.0138404843844944,8145,2036,52.587496757507324,0.45444774627685547
