Model,R2,MAE,RMSE,MAPE_percent,n_train,n_test,fit_time_sec,predict_time_sec
gbm,0.8675335388293187,0.008827179927592382,0.010244671628287958,2.4435574861637797,8151,2038,20.598318099975586,0.012706279754638672
