Model,R2,MAE,RMSE,MAPE_percent,n_train,n_test,fit_time_sec,predict_time_sec
cat,0.9981561983297527,0.0003605913713619803,3.1332069168893845e-07,2.2008843021991424,8145,2036,3.5427324771881104,0.0026955604553222656
