Model,R2,MAE,RMSE,MAPE_percent,n_train,n_test,fit_time_sec,predict_time_sec
cat,0.7401613938328473,0.5273832516143245,0.6070082035540137,6001604604.349516,9059,2265,3.5461232662200928,0.003011465072631836
