Model,R2,MAE,RMSE,MAPE_percent,n_train,n_test,fit_time_sec,predict_time_sec
rf,0.12001598886495457,0.002386452808567745,0.0026722018818253553,4.609472861544946,8151,2038,54.50081706047058,0.3937351703643799
