Model,R2,MAE,RMSE,MAPE_percent,n_train,n_test,fit_time_sec,predict_time_sec
cat,0.9354008400130237,0.017115903280601228,0.004537356227624717,8.693649162961561,1018,9163,4.131511211395264,0.009313821792602539
