Model,R2,MAE,RMSE,MAPE_percent,n_train,n_test,fit_time_sec,predict_time_sec
gbm,0.9964630167733024,0.0004245904138193032,3.741748743157598e-07,3.3213389535244713,8145,2036,20.292938947677612,0.013791799545288086
