Model,R2,MAE,RMSE,MAPE_percent,n_train,n_test,fit_time_sec,predict_time_sec
gbm,0.8930962344957216,0.20833038889211772,0.09952968068198671,13.376154864736515,6206,1552,15.342790365219116,0.013092517852783203
