Model,R2,MAE,RMSE,MAPE_percent,n_train,n_test,fit_time_sec,predict_time_sec
cat,0.8587851838918694,0.01279323294987093,0.016388807788399032,4.449534799573942,8145,2036,7.304154634475708,0.017793893814086914
