Model,R2,MAE,RMSE,MAPE_percent,n_train,n_test,fit_time_sec,predict_time_sec
rf,0.9344981556698514,0.018354676470014344,0.007651590044827632,459784.4346373557,7921,3395,48.808669567108154,0.511451244354248
