Model,R2,MAE,RMSE,MAPE_percent,n_train,n_test,fit_time_sec,predict_time_sec
gbm,0.9873731820523896,0.006922882194565233,9.544774612925685e-05,2.6339415534354664,5820,1940,14.490891218185425,0.013317108154296875
