Model,R2,MAE,RMSE,MAPE_percent,n_train,n_test,fit_time_sec,predict_time_sec
rf,0.9988582228596852,0.00028726885324470354,2.9661906500181605e-07,2.1260556659013363,8145,2036,51.756049394607544,0.40213727951049805
