Model,R2,MAE,RMSE,MAPE_percent,n_train,n_test,fit_time_sec,predict_time_sec
gbm,0.9913147755579874,0.008716326750066476,0.000616442731943723,4.371182072624352,8145,2036,20.16340446472168,0.014568805694580078
