Model,R2,MAE,RMSE,MAPE_percent,n_train,n_test,fit_time_sec,predict_time_sec
cat,0.9080475087936193,0.001587996170029727,3.4541913108777466e-05,12.869978340980271,2545,7636,4.0915045738220215,0.008557319641113281
