Model,R2,MAE,RMSE,MAPE_percent,n_train,n_test,fit_time_sec,predict_time_sec
gbm,0.9435372480914381,0.06890317483718533,0.02559719449390738,5.072683718418449,5684,1421,13.967441320419312,0.011789321899414062
