Model,R2,MAE,RMSE,MAPE_percent,n_train,n_test,fit_time_sec,predict_time_sec
cat,0.9366895745664104,0.08592684683077616,0.041686793641411576,5.543436180824498,4359,3566,4.712639093399048,0.0054645538330078125
