Model,R2,MAE,RMSE,MAPE_percent,n_train,n_test,fit_time_sec,predict_time_sec
rf,0.5749376666989422,0.3419459335190347,0.27439680941562083,1813473795.6083179,9059,2265,60.18783378601074,0.4653334617614746
