Model,R2,MAE,RMSE,MAPE_percent,n_train,n_test,fit_time_sec,predict_time_sec
cat,0.9916174418352112,0.008541436330404339,0.0008102797430137872,3.476415310035551,8145,2036,3.7714955806732178,0.002797842025756836
