Model,R2,MAE,RMSE,MAPE_percent,n_train,n_test,fit_time_sec,predict_time_sec
gbm,0.994793090697655,0.008769738044214827,0.00016300231419608878,3.7619790958078605,8145,2036,20.24087405204773,0.013699054718017578
