Model,R2,MAE,RMSE,MAPE_percent,n_train,n_test,fit_time_sec,predict_time_sec
rf,0.9357899954458265,0.11386668838968615,0.04244602341934415,5.633213585332848,6213,1553,36.250372648239136,0.2832214832305908
