Model,R2,MAE,RMSE,MAPE_percent,n_train,n_test,fit_time_sec,predict_time_sec
gbm,0.9252852600362333,0.0011248741062534757,2.2972175842565067e-05,9.0611763156234,509,9672,1.271726369857788,0.06605720520019531
