Model,R2,MAE,RMSE,MAPE_percent,n_train,n_test,fit_time_sec,predict_time_sec
cat,0.6522330100927866,0.5878684701243846,0.7057809634900223,24.688770769941986,1585,6340,3.8209149837493896,0.007861852645874023
