Model,R2,MAE,RMSE,MAPE_percent,n_train,n_test,fit_time_sec,predict_time_sec
gbm,0.9570490245189003,0.13947503297509173,0.054583354000920584,5.936305269985443,6208,1552,19.613436460494995,0.013226509094238281
