Model,R2,MAE,RMSE,MAPE_percent,n_train,n_test,fit_time_sec,predict_time_sec
gbm,0.9662046431899503,0.0731225890543317,0.013810053767743139,5.747148671384558,9053,2263,22.678966283798218,0.017633676528930664
