Model,R2,MAE,RMSE,MAPE_percent,n_train,n_test,fit_time_sec,predict_time_sec
cat,0.9530474520780288,0.10691305007062568,0.03056042929949697,5.532962355430507,6213,1553,3.4910006523132324,0.002299785614013672
