Model,R2,MAE,RMSE,MAPE_percent,n_train,n_test,fit_time_sec,predict_time_sec
cat,0.9752655034054526,0.061698047611222544,0.010302313335565822,5.28927023886399,9059,2265,3.528956890106201,0.002892732620239258
