Model,R2,MAE,RMSE,MAPE_percent,n_train,n_test,fit_time_sec,predict_time_sec
cat,0.9297624776126523,0.0011446842510727288,2.5369937381554445e-05,7.982905664165825,2036,8145,4.260945796966553,0.008625030517578125
