Model,R2,MAE,RMSE,MAPE_percent,n_train,n_test,fit_time_sec,predict_time_sec
rf,0.9250782238177244,0.27832324655979235,0.23866400724967426,7.596750981024142,6213,1553,37.03573989868164,0.28463172912597656
