Model,R2,MAE,RMSE,MAPE_percent,n_train,n_test,fit_time_sec,predict_time_sec
rf,0.8690082404628671,0.0009759249895247931,5.214842575663085e-05,7.301499644428901,8145,2036,51.19594955444336,0.3983316421508789
