Model,R2,MAE,RMSE,MAPE_percent,n_train,n_test,fit_time_sec,predict_time_sec
rf,0.9243264829651945,0.0012056590519973264,3.342729651184675e-05,7.550400119891661,2036,8145,10.707821130752563,0.6837148666381836
