Model,R2,MAE,RMSE,MAPE_percent,n_train,n_test,fit_time_sec,predict_time_sec
gbm,0.8954382247183293,0.000813122647285721,5.802661230941435e-05,4.109474056919282,8145,2036,20.510759353637695,0.014590978622436523
