Model,R2,MAE,RMSE,MAPE_percent,n_train,n_test,fit_time_sec,predict_time_sec
cat,0.9515620060296518,0.08686652286838896,0.03117728461115417,885263147.2983414,4526,6790,4.360967397689819,0.007914304733276367
