Model,R2,MAE,RMSE,MAPE_percent,n_train,n_test,fit_time_sec,predict_time_sec
cat,0.9852500940795434,0.014535091777387774,0.0005070684109656088,242714356.47564158,4526,6790,4.576386451721191,0.007221698760986328
