Model,R2,MAE,RMSE,MAPE_percent,n_train,n_test,fit_time_sec,predict_time_sec
cat,0.9839607767465264,0.020107863304010185,0.0010690236272941044,12.843552764736016,5600,4581,4.679414749145508,0.009510517120361328
