Model,R2,MAE,RMSE,MAPE_percent,n_train,n_test,fit_time_sec,predict_time_sec
cat,0.9077600132917168,0.023436237402070303,0.010630255841304751,330631240.4013092,1697,9619,4.082587957382202,0.009785175323486328
