Model,R2,MAE,RMSE,MAPE_percent,n_train,n_test,fit_time_sec,predict_time_sec
rf,0.9679105499380201,0.01906274641633839,0.0024232420354412454,10.923620734853289,8145,2036,49.82486820220947,0.3809199333190918
