Model,R2,MAE,RMSE,MAPE_percent,n_train,n_test,fit_time_sec,predict_time_sec
rf,0.981680933352408,0.01670560206795341,0.0012477105195242576,2.646401416188791,6206,1552,37.47497034072876,0.2721743583679199
