Model,R2,MAE,RMSE,MAPE_percent,n_train,n_test,fit_time_sec,predict_time_sec
gbm,0.9853208532750843,0.010761400436842964,0.00029077963803547023,3.040386687043137,9053,2263,23.169036865234375,0.015460491180419922
