Model,R2,MAE,RMSE,MAPE_percent,n_train,n_test,fit_time_sec,predict_time_sec
cat,0.30678985007348436,0.3434333658104047,0.3532514825717773,34.560024839856425,2104,4911,4.005023241043091,0.005635499954223633
