Model,R2,MAE,RMSE,MAPE_percent,n_train,n_test,fit_time_sec,predict_time_sec
cat,0.984273794037825,0.0009384665520915139,1.5410250566617733e-06,6.999919128727495,5600,4581,3.495748519897461,0.004433631896972656
