Model,R2,MAE,RMSE,MAPE_percent,n_train,n_test,fit_time_sec,predict_time_sec
cat,0.9638992336093557,0.07306687955237977,0.013693917784386708,164531297.05607516,9053,2263,3.5777437686920166,0.0029621124267578125
