Model,R2,MAE,RMSE,MAPE_percent,n_train,n_test,fit_time_sec,predict_time_sec
cat,0.959365763554565,0.07412668973722072,0.012461894721438419,5.622139802512292,7921,3395,4.938854455947876,0.0048334598541259766
