Model,R2,MAE,RMSE,MAPE_percent,n_train,n_test,fit_time_sec,predict_time_sec
cat,0.9621568110448513,0.0017779468640732642,1.7909510428961194e-05,12.945092465741842,8145,2036,3.1883199214935303,0.002565622329711914
