Model,R2,MAE,RMSE,MAPE_percent,n_train,n_test,fit_time_sec,predict_time_sec
rf,0.9840191433398671,0.013209042550816792,0.0004942395521236422,6.753307350324437,8151,2038,55.32003474235535,0.3888835906982422
