Model,R2,MAE,RMSE,MAPE_percent,n_train,n_test,fit_time_sec,predict_time_sec
gbm,0.8993244412910952,0.0034054561927387814,0.0011384076769682364,3.9546310018283375,8145,2036,20.769882678985596,0.014780521392822266
