Model,R2,MAE,RMSE,MAPE_percent,n_train,n_test,fit_time_sec,predict_time_sec
cat,0.37827640734385515,0.003210073234220825,0.0004915051827229856,19.140680068705986,8151,2038,3.238771677017212,0.0025091171264648438
