Model,R2,MAE,RMSE,MAPE_percent,n_train,n_test,fit_time_sec,predict_time_sec
cat,0.9213289929310094,0.03589290972837145,0.017569925533802405,5.270618630398431,1940,5818,3.293889284133911,0.007359743118286133
