Model,R2,MAE,RMSE,MAPE_percent,n_train,n_test,fit_time_sec,predict_time_sec
gbm,0.9982773479010365,0.00026946848166692854,1.8947618594766785e-07,2.1121217372013485,8145,2036,20.484755039215088,0.013800382614135742
