Model,R2,MAE,RMSE,MAPE_percent,n_train,n_test,fit_time_sec,predict_time_sec
rf,0.9734567044629501,0.0024150803179615408,0.0001887776922866258,3.3451766922500603,8145,2036,52.031604528427124,0.42957162857055664
