Model,R2,MAE,RMSE,MAPE_percent,n_train,n_test,fit_time_sec,predict_time_sec
rf,0.9819689269104042,0.04132280880176623,0.007950261229516954,4.16132592754227,7056,1764,48.25126099586487,0.36376333236694336
