Model,R2,MAE,RMSE,MAPE_percent,n_train,n_test,fit_time_sec,predict_time_sec
rf,0.62118303434673,0.0018018074308318167,0.00011473667009597909,12.47647606727747,8151,2038,52.39456844329834,0.4019615650177002
