Model,R2,MAE,RMSE,MAPE_percent,n_train,n_test,fit_time_sec,predict_time_sec
gbm,0.9991204142549167,0.0011759805752629242,2.7479793562468528e-06,1.6545491019959435,8145,2036,20.385406494140625,0.014045238494873047
