Model,R2,MAE,RMSE,MAPE_percent,n_train,n_test,fit_time_sec,predict_time_sec
gbm,0.9991213643593623,0.0012008470765855705,2.8000486807515336e-06,1.6769085084510675,8151,2038,20.664005756378174,0.012449979782104492
