Model,R2,MAE,RMSE,MAPE_percent,n_train,n_test,fit_time_sec,predict_time_sec
cat,0.9503254244900963,0.1141545974445816,0.03226832999637187,5.7838024369599985,6206,1552,3.4972715377807617,0.002390623092651367
