Model,R2,MAE,RMSE,MAPE_percent,n_train,n_test,fit_time_sec,predict_time_sec
cat,0.863994555043081,0.006331520572390942,0.0013093864926999675,12.012641680519792,8145,2036,4.326783180236816,0.003235340118408203
