Model,R2,MAE,RMSE,MAPE_percent,n_train,n_test,fit_time_sec,predict_time_sec
cat,0.968829056400993,0.1708814492663815,0.07163781597932045,4027585709.446324,9053,2263,3.8636882305145264,0.005083560943603516
