Model,R2,MAE,RMSE,MAPE_percent,n_train,n_test,fit_time_sec,predict_time_sec
gbm,0.9995393786490161,0.001116868154388834,3.4388270203203358e-06,1.4871542715624972,8145,2036,20.506542205810547,0.014566421508789062
