Model,R2,MAE,RMSE,MAPE_percent,n_train,n_test,fit_time_sec,predict_time_sec
gbm,0.9990778765774778,0.0003272402405623562,3.423506464118128e-07,1.9032833608625879,8145,2036,20.54427433013916,0.01441192626953125
