Model,R2,MAE,RMSE,MAPE_percent,n_train,n_test,fit_time_sec,predict_time_sec
cat,0.9726372143936277,0.01721651063831131,0.0026339268840308303,4.238475463665116,5548,2377,4.818867444992065,0.0033965110778808594
