Model,R2,MAE,RMSE,MAPE_percent,n_train,n_test,fit_time_sec,predict_time_sec
gbm,0.7109723863198225,0.6775419866849893,0.9215020436443844,22.453250668118365,6213,1553,13.89758849143982,0.01181650161743164
