Model,R2,MAE,RMSE,MAPE_percent,n_train,n_test,fit_time_sec,predict_time_sec
gbm,0.9631679916991195,0.18332372795112173,0.08499261541061731,1056225163.4465649,9053,2263,35.00676989555359,0.03142881393432617
