Model,R2,MAE,RMSE,MAPE_percent,n_train,n_test,fit_time_sec,predict_time_sec
gbm,0.9664827743304726,0.043117287349969544,0.005950886388198682,4.007615869455449,6208,1552,15.371175527572632,0.011862754821777344
