Model,R2,MAE,RMSE,MAPE_percent,n_train,n_test,fit_time_sec,predict_time_sec
cat,0.9213867310100671,0.02053735634551074,0.008616233329876289,4.326451831849111,5548,2377,5.23323655128479,0.0036592483520507812
