Model,R2,MAE,RMSE,MAPE_percent,n_train,n_test,fit_time_sec,predict_time_sec
cat,0.9417749468166245,0.007821100164567649,0.003227423424449201,2.7565175750064914,6208,1552,8.616189002990723,0.017400741577148438
