Model,R2,MAE,RMSE,MAPE_percent,n_train,n_test,fit_time_sec,predict_time_sec
cat,0.9838047321674773,0.020272902608522055,0.0011944648569481593,12.829465437596754,6618,3563,4.295892715454102,0.004950046539306641
