Model,R2,MAE,RMSE,MAPE_percent,n_train,n_test,fit_time_sec,predict_time_sec
rf,0.9961114958585725,0.007348386129596633,0.00010630917304996271,3.6122103014358156,8145,2036,51.254671812057495,0.41963982582092285
