Model,R2,MAE,RMSE,MAPE_percent,n_train,n_test,fit_time_sec,predict_time_sec
cat,0.9596352340610402,0.07367217541558184,0.015607047735220219,5.018726246863679,3566,4359,4.562258958816528,0.0058557987213134766
