Model,R2,MAE,RMSE,MAPE_percent,n_train,n_test,fit_time_sec,predict_time_sec
gbm,0.9165234402242565,0.131217411263402,0.05439074747223415,6.363030040910772,6206,1552,15.448711156845093,0.011912107467651367
