Model,R2,MAE,RMSE,MAPE_percent,n_train,n_test,fit_time_sec,predict_time_sec
rf,0.770187377894648,0.21055311155881645,0.6971128997110418,31162069.050118245,9059,2265,55.44147300720215,0.44040560722351074
