Model,R2,MAE,RMSE,MAPE_percent,n_train,n_test,fit_time_sec,predict_time_sec
gbm,0.95684737240405,0.19544246927878162,0.08293076018505115,7.885963280757323,9053,2263,22.921075582504272,0.01755046844482422
