Model,R2,MAE,RMSE,MAPE_percent,n_train,n_test,fit_time_sec,predict_time_sec
rf,0.9694159514541424,0.02546551367793069,0.006055124783609811,3.1861538558691014,6213,1553,37.10457372665405,0.28304195404052734
