Model,R2,MAE,RMSE,MAPE_percent,n_train,n_test,fit_time_sec,predict_time_sec
rf,0.9619621365438574,0.06554552916588174,0.011042219639329259,4.483387934762229,6340,1585,36.62564015388489,0.28034043312072754
