Model,R2,MAE,RMSE,MAPE_percent,n_train,n_test,fit_time_sec,predict_time_sec
cat,0.9425874213270069,0.054444309057855786,0.019880765803860403,4.7172870813551295,6208,1552,3.374945640563965,0.0022704601287841797
