Model,R2,MAE,RMSE,MAPE_percent,n_train,n_test,fit_time_sec,predict_time_sec
rf,0.9430638461451855,0.10779965494889612,0.03629618807069836,5.336328245475415,6206,1552,35.83894467353821,0.2830226421356201
