Model,R2,MAE,RMSE,MAPE_percent,n_train,n_test,fit_time_sec,predict_time_sec
gbm,0.976187954116324,0.020501553624121694,0.0016643343701961142,3.4677059819839213,6206,1552,15.667057037353516,0.01242685317993164
