Model,R2,MAE,RMSE,MAPE_percent,n_train,n_test,fit_time_sec,predict_time_sec
cat,0.9879716031164948,0.0010501123442921078,2.05827116213318e-06,6.874964882727232,8145,2036,3.637375593185425,0.0026307106018066406
