Model,R2,MAE,RMSE,MAPE_percent,n_train,n_test,fit_time_sec,predict_time_sec
cat,0.9963009428092721,0.006013450298941891,8.3804738906634e-05,3.348969240630268,8145,2036,3.767115354537964,0.0028052330017089844
