Model,R2,MAE,RMSE,MAPE_percent,n_train,n_test,fit_time_sec,predict_time_sec
rf,0.941277248915707,0.2711027111658235,0.18034816418997282,7.52298514323666,6206,1552,53.35759973526001,0.29631471633911133
