Model,R2,MAE,RMSE,MAPE_percent,n_train,n_test,fit_time_sec,predict_time_sec
cat,0.98549965283579,0.004639636841717389,3.865000502124064e-05,6.957066358944952,5090,5091,4.653010845184326,0.006196737289428711
