Model,R2,MAE,RMSE,MAPE_percent,n_train,n_test,fit_time_sec,predict_time_sec
cat,0.9279223198781891,0.005261203750335379,0.000661417807970497,7.2573811060055515,4072,6109,4.64067530632019,0.007791996002197266
