Model,R2,MAE,RMSE,MAPE_percent,n_train,n_test,fit_time_sec,predict_time_sec
rf,0.9910336813422823,0.005060155205495042,0.0012558674056803605,1.8708269488379417,8151,2038,53.75078892707825,0.39212918281555176
