Model,R2,MAE,RMSE,MAPE_percent,n_train,n_test,fit_time_sec,predict_time_sec
gbm,0.9856292297800661,0.000845182362981408,1.2991760575200751e-06,7.191935681909796,5090,5091,12.078852415084839,0.03085494041442871
