Model,R2,MAE,RMSE,MAPE_percent,n_train,n_test,fit_time_sec,predict_time_sec
rf,0.9409810810306445,0.067821352856376,0.025375964127562264,4.67308649879742,5612,1403,33.0726957321167,0.2654685974121094
