Model,R2,MAE,RMSE,MAPE_percent,n_train,n_test,fit_time_sec,predict_time_sec
cat,0.9287887862384469,0.01367556262954374,0.004244707458245307,4.231351087705484,2328,5432,3.3679773807525635,0.0050754547119140625
