Model,R2,MAE,RMSE,MAPE_percent,n_train,n_test,fit_time_sec,predict_time_sec
gbm,0.95255216422895,0.0031612997018179412,0.0004968580780903921,3.1898702479534116,8145,2036,20.728450775146484,0.013822078704833984
