Model,R2,MAE,RMSE,MAPE_percent,n_train,n_test,fit_time_sec,predict_time_sec
gbm,0.9616511119900638,0.07385067896713007,0.01509668802594027,5.647495219119253,9053,2263,22.726289987564087,0.017575979232788086
