Model,R2,MAE,RMSE,MAPE_percent,n_train,n_test,fit_time_sec,predict_time_sec
gbm,0.12889014168515056,0.04074803582508974,0.49755061542012363,12.43645694090681,8151,2038,18.3780198097229,0.015044450759887695
