Model,R2,MAE,RMSE,MAPE_percent,n_train,n_test,fit_time_sec,predict_time_sec
cat,0.991729118625333,0.010546605274254996,0.00029521944421406917,3.355329358868468,9053,2263,3.783212423324585,0.0030236244201660156
