Model,R2,MAE,RMSE,MAPE_percent,n_train,n_test,fit_time_sec,predict_time_sec
gbm,0.995816253928709,0.00264415453887615,1.3410134126543433e-05,3.7676636101318746,8151,2038,20.29766321182251,0.012775182723999023
