Model,R2,MAE,RMSE,MAPE_percent,n_train,n_test,fit_time_sec,predict_time_sec
cat,0.9500772824881776,0.0517252097577313,0.009514883247488243,4.897648057124177,6208,1552,3.4504048824310303,0.0023076534271240234
