Model,R2,MAE,RMSE,MAPE_percent,n_train,n_test,fit_time_sec,predict_time_sec
cat,0.9885604782215552,0.009897935466620112,0.0009717856160668303,4.226943684359604,8145,2036,3.5559732913970947,0.0026819705963134766
