Model,R2,MAE,RMSE,MAPE_percent,n_train,n_test,fit_time_sec,predict_time_sec
rf,0.9327229746939693,0.12431856826021434,0.058692012869035276,6.0011360054906895,6206,1552,41.43329429626465,0.2793145179748535
