Model,R2,MAE,RMSE,MAPE_percent,n_train,n_test,fit_time_sec,predict_time_sec
gbm,0.26470940982374136,0.000820473116009902,0.0003415424421198979,2.0611422168904285,8151,2038,20.61017632484436,0.01275944709777832
