Model,R2,MAE,RMSE,MAPE_percent,n_train,n_test,fit_time_sec,predict_time_sec
gbm,0.9714770362690538,0.05588831627150814,0.007481238449084134,4.283563138064483,5684,1421,13.99974012374878,0.011318445205688477
