Model,R2,MAE,RMSE,MAPE_percent,n_train,n_test,fit_time_sec,predict_time_sec
gbm,0.9018415625149945,0.08707752726504457,0.07135984210219803,516392889.0645166,9059,2265,23.121009349822998,0.019664764404296875
