Model,R2,MAE,RMSE,MAPE_percent,n_train,n_test,fit_time_sec,predict_time_sec
rf,0.9901291629684112,0.001118946610019398,2.3873424991630514e-06,7.443640290765921,2036,8145,10.771243333816528,0.6714394092559814
