Model,R2,MAE,RMSE,MAPE_percent,n_train,n_test,fit_time_sec,predict_time_sec
cat,0.9845187701258984,0.0046138805105637,3.810902749719897e-05,6.842045081813952,5600,4581,4.50118613243103,0.005871772766113281
