Model,R2,MAE,RMSE,MAPE_percent,n_train,n_test,fit_time_sec,predict_time_sec
cat,0.9634935851671216,0.18345946316754758,0.0746879866959591,7.735507492906973,9053,2263,3.6758408546447754,0.002979755401611328
