Model,R2,MAE,RMSE,MAPE_percent,n_train,n_test,fit_time_sec,predict_time_sec
rf,0.9611238732122903,0.06914015124726093,0.0157623915794227,5.3542011203495266,9053,2263,54.078075885772705,0.4422645568847656
