Model,R2,MAE,RMSE,MAPE_percent,n_train,n_test,fit_time_sec,predict_time_sec
cat,0.9663474089632054,0.06827432024889922,0.019891967724668846,4.461884171533984,6340,1585,4.752265453338623,0.002802133560180664
