Model,R2,MAE,RMSE,MAPE_percent,n_train,n_test,fit_time_sec,predict_time_sec
gbm,0.9569672554010935,0.2546658534574365,0.1421278327562192,6.87263878347022,6206,1552,21.739896297454834,0.013440370559692383
