Model,R2,MAE,RMSE,MAPE_percent,n_train,n_test,fit_time_sec,predict_time_sec
cat,0.950162206952153,0.11294098999922099,0.03338772276748267,5.541714881918839,6206,1552,8.931289196014404,0.006005287170410156
