Model,R2,MAE,RMSE,MAPE_percent,n_train,n_test,fit_time_sec,predict_time_sec
cat,0.9878523878568642,0.013073034931042648,0.0005158781800403364,4.2927300765476355,9053,2263,3.753757953643799,0.002902507781982422
