Model,R2,MAE,RMSE,MAPE_percent,n_train,n_test,fit_time_sec,predict_time_sec
gbm,0.9732599177013187,0.006132636153530365,7.690747279783804e-05,9.905606984431236,8145,2036,19.66430950164795,0.015280008316040039
