Model,R2,MAE,RMSE,MAPE_percent,n_train,n_test,fit_time_sec,predict_time_sec
gbm,0.9403224995288524,0.12396721337880681,0.04100293342863856,6.207508252188154,6213,1553,15.59247875213623,0.012215614318847656
