Model,R2,MAE,RMSE,MAPE_percent,n_train,n_test,fit_time_sec,predict_time_sec
rf,0.9625541470972953,0.13383885351741534,0.03946200854561588,5.490787512946943,6208,1552,36.45478796958923,0.2794637680053711
