Model,R2,MAE,RMSE,MAPE_percent,n_train,n_test,fit_time_sec,predict_time_sec
rf,0.910984589651264,0.0009524363681780729,3.227488255650782e-05,7.446587149461137,5090,5091,30.079439401626587,0.5960469245910645
