Model,R2,MAE,RMSE,MAPE_percent,n_train,n_test,fit_time_sec,predict_time_sec
gbm,0.9773585196086706,0.059385945836376526,0.008784083841142869,4.948961832809276,9053,2263,22.751097202301025,0.017474651336669922
