Model,R2,MAE,RMSE,MAPE_percent,n_train,n_test,fit_time_sec,predict_time_sec
cat,0.9385784446725315,0.0010682185459117382,1.8271782888574337e-05,7.858271302285952,2036,8145,4.438046932220459,0.008173465728759766
