Model,R2,MAE,RMSE,MAPE_percent,n_train,n_test,fit_time_sec,predict_time_sec
cat,0.9424275269588439,0.0927461118820755,0.03700128037254113,1410582809.7492676,2263,9053,4.534216403961182,0.00877523422241211
