Model,R2,MAE,RMSE,MAPE_percent,n_train,n_test,fit_time_sec,predict_time_sec
cat,0.7035396834023184,0.097610400286896,0.15667270545301223,9.485452637381968,355,6750,3.460369110107422,0.00649571418762207
