Model,R2,MAE,RMSE,MAPE_percent,n_train,n_test,fit_time_sec,predict_time_sec
gbm,0.9383125014719974,0.03284274251601125,0.013426872291469787,4.183567771049817,2327,5431,5.717604160308838,0.03636527061462402
