Model,R2,MAE,RMSE,MAPE_percent,n_train,n_test,fit_time_sec,predict_time_sec
cat,0.8770663646478636,0.007481537093008935,0.0010883740284396808,9.926101817382817,509,9672,3.908531427383423,0.009987354278564453
