Model,R2,MAE,RMSE,MAPE_percent,n_train,n_test,fit_time_sec,predict_time_sec
cat,0.9542529480311663,0.09137305457679375,0.02400738324083994,802348935.3375968,1697,9619,4.421152830123901,0.010246753692626953
