Model,R2,MAE,RMSE,MAPE_percent,n_train,n_test,fit_time_sec,predict_time_sec
cat,0.764022516274149,0.08142195184151958,0.11469401606489994,6.41692944614468,710,6395,3.6120710372924805,0.008254528045654297
