Model,R2,MAE,RMSE,MAPE_percent,n_train,n_test,fit_time_sec,predict_time_sec
cat,0.9859801957494047,0.013573332623319858,0.0005665175676971201,3.878005628448363,3170,4755,4.300171852111816,0.004862070083618164
