Model,R2,MAE,RMSE,MAPE_percent,n_train,n_test,fit_time_sec,predict_time_sec
gbm,0.9319412730505285,0.126501366665245,0.06312849739639864,6.3423964471845045,6206,1552,22.94627571105957,0.012446403503417969
