Model,R2,MAE,RMSE,MAPE_percent,n_train,n_test,fit_time_sec,predict_time_sec
rf,0.9950243844821539,0.004674961454643182,6.587036372549599e-05,1.6514985565970568,6208,1552,37.46307969093323,0.2738485336303711
