Model,R2,MAE,RMSE,MAPE_percent,n_train,n_test,fit_time_sec,predict_time_sec
gbm,0.9824467990496979,0.017571274814869708,0.0008298807577123504,3.162655756369854,5043,2715,12.524708271026611,0.017747879028320312
