Model,R2,MAE,RMSE,MAPE_percent,n_train,n_test,fit_time_sec,predict_time_sec
cat,0.994227348238947,0.0027757458488212286,1.4492535238575596e-05,4.5769436684812055,8145,2036,3.761813163757324,0.002727985382080078
