Model,R2,MAE,RMSE,MAPE_percent,n_train,n_test,fit_time_sec,predict_time_sec
rf,0.4216135840263955,0.31034750569007485,0.22719014059095366,33.043477173977955,5612,1403,36.417731285095215,0.26218104362487793
