Model,R2,MAE,RMSE,MAPE_percent,n_train,n_test,fit_time_sec,predict_time_sec
cat,0.9255265919241447,0.013251987997799947,0.010242300291828944,218013825.46816418,9053,2263,3.8101139068603516,0.002996206283569336
