Model,R2,MAE,RMSE,MAPE_percent,n_train,n_test,fit_time_sec,predict_time_sec
cat,0.3095578665159773,0.02610213492901086,0.394358880395996,5.6068054756908765,8151,2038,3.6283884048461914,0.0026216506958007812
