Model,R2,MAE,RMSE,MAPE_percent,n_train,n_test,fit_time_sec,predict_time_sec
cat,0.9342670429520238,0.005645728067697101,0.000582908570864152,7.930195470089934,2036,8145,4.091472148895264,0.009439468383789062
