Model,R2,MAE,RMSE,MAPE_percent,n_train,n_test,fit_time_sec,predict_time_sec
cat,0.9151215708396316,0.0012188821057728216,3.8109014101476474e-05,7.595632997694146,3563,6618,3.276294708251953,0.007588863372802734
