Model,R2,MAE,RMSE,MAPE_percent,n_train,n_test,fit_time_sec,predict_time_sec
cat,0.34270070823536725,0.4044015146212616,0.3901738335007974,37.90047728579453,1585,6340,3.710554361343384,0.006391286849975586
