Model,R2,MAE,RMSE,MAPE_percent,n_train,n_test,fit_time_sec,predict_time_sec
cat,0.9641376315391901,0.1864863828521475,0.0819009863510456,1580048538.5395813,6224,5092,4.771532773971558,0.005755186080932617
