Model,R2,MAE,RMSE,MAPE_percent,n_train,n_test,fit_time_sec,predict_time_sec
cat,0.9600118659165242,0.008623670412475111,0.0019923870260623987,2.668767121688102,6208,1552,3.357619047164917,0.0022268295288085938
