Model,R2,MAE,RMSE,MAPE_percent,n_train,n_test,fit_time_sec,predict_time_sec
cat,0.9817984055562766,0.0009642460606163896,1.659012795452218e-06,7.070619001665776,6109,4072,4.149786472320557,0.005278825759887695
