Model,R2,MAE,RMSE,MAPE_percent,n_train,n_test,fit_time_sec,predict_time_sec
cat,0.9791929969531894,0.06020773719893446,0.010817859884269214,984398007.2081913,9053,2263,3.839637517929077,0.024623632431030273
