Model,R2,MAE,RMSE,MAPE_percent,n_train,n_test,fit_time_sec,predict_time_sec
cat,0.9882775583084729,0.00099480547328533,3.6558004815711447e-06,7.335666347317893,6618,3563,4.9602391719818115,0.004542350769042969
