Model,R2,MAE,RMSE,MAPE_percent,n_train,n_test,fit_time_sec,predict_time_sec
cat,0.4466442816739573,0.3759368408327601,0.3289311503860309,34.26701234610574,3170,4755,4.207587242126465,0.005094766616821289
