Model,R2,MAE,RMSE,MAPE_percent,n_train,n_test,fit_time_sec,predict_time_sec
rf,0.9419848655958799,0.11520457727198369,0.053524247068476485,5.928319525779386,6206,1552,35.79875159263611,0.2851428985595703
