Model,R2,MAE,RMSE,MAPE_percent,n_train,n_test,fit_time_sec,predict_time_sec
rf,0.9515282587204892,0.11249530389943807,0.04869496614461043,5.449482807481056,6206,1552,35.69813656806946,0.29198551177978516
