Model,R2,MAE,RMSE,MAPE_percent,n_train,n_test,fit_time_sec,predict_time_sec
cat,0.9542151160276243,0.19405990184470165,0.10695793277201629,2942633676.70244,9059,2265,3.651991605758667,0.0029811859130859375
