Model,R2,MAE,RMSE,MAPE_percent,n_train,n_test,fit_time_sec,predict_time_sec
cat,0.3473922569122063,0.1514974588889955,0.08225076423345831,4929817061.944354,9053,2263,3.4027326107025146,0.002864837646484375
