Model,R2,MAE,RMSE,MAPE_percent,n_train,n_test,fit_time_sec,predict_time_sec
cat,0.9090859769789639,0.06160086794068019,0.028962085192744794,5.4905774983938205,6208,1552,3.5715184211730957,0.005063056945800781
