Model,R2,MAE,RMSE,MAPE_percent,n_train,n_test,fit_time_sec,predict_time_sec
cat,0.9319757539648699,0.013617225530552031,0.004301840473369174,4.029696741178706,5432,2328,3.495953321456909,0.0030193328857421875
