Model,R2,MAE,RMSE,MAPE_percent,n_train,n_test,fit_time_sec,predict_time_sec
cat,0.511183147536572,0.2804055276634226,0.1695752563037706,34.88124462011435,6208,1552,3.1572446823120117,0.002312183380126953
