Model,R2,MAE,RMSE,MAPE_percent,n_train,n_test,fit_time_sec,predict_time_sec
gbm,0.9750597409790669,0.026570155507642773,0.004624377745814228,3.9362285546887295,6206,1552,15.702263355255127,0.012351512908935547
