Model,R2,MAE,RMSE,MAPE_percent,n_train,n_test,fit_time_sec,predict_time_sec
rf,0.9876363084103489,0.0015801111031869233,0.00010240904031498799,1.8885149155215306,8145,2036,51.24674415588379,0.4161200523376465
