Model,R2,MAE,RMSE,MAPE_percent,n_train,n_test,fit_time_sec,predict_time_sec
cat,0.9138745069722117,0.007993355106974033,0.0007522100241290048,13.605901616704108,1018,9163,3.5613670349121094,0.008684635162353516
