Model,R2,MAE,RMSE,MAPE_percent,n_train,n_test,fit_time_sec,predict_time_sec
gbm,0.6989593138030938,0.0010338236678983563,0.000109577153065739,5.270400680046416,8151,2038,20.617658376693726,0.012952089309692383
