Model,R2,MAE,RMSE,MAPE_percent,n_train,n_test,fit_time_sec,predict_time_sec
cat,0.9564440996832895,0.08516981435072644,0.019459248250810184,770017860.1319097,2829,8487,4.337247133255005,0.011759519577026367
