Model,R2,MAE,RMSE,MAPE_percent,n_train,n_test,fit_time_sec,predict_time_sec
cat,0.915363640324276,0.023065717676484666,0.010176208800751659,208136675.97494715,3961,7355,4.782574892044067,0.011235952377319336
