Model,R2,MAE,RMSE,MAPE_percent,n_train,n_test,fit_time_sec,predict_time_sec
gbm,0.9427301735388826,0.12638594584551416,0.03901976062526445,6.224763766108508,6213,1553,15.462078332901001,0.011792182922363281
