Model,R2,MAE,RMSE,MAPE_percent,n_train,n_test,fit_time_sec,predict_time_sec
cat,0.9663038918246499,0.12059417887556946,0.03335305204852076,5.006537543367268,6208,1552,3.452862024307251,0.0023415088653564453
