Model,R2,MAE,RMSE,MAPE_percent,n_train,n_test,fit_time_sec,predict_time_sec
rf,0.890401782875131,0.2739573082018224,0.13962676748592945,10.463199514232935,6208,1552,37.78454661369324,0.29952526092529297
