Model,R2,MAE,RMSE,MAPE_percent,n_train,n_test,fit_time_sec,predict_time_sec
gbm,0.686208785731407,0.54878077879602,0.6248701461062198,22.178307973352716,6340,1585,14.253243923187256,0.012103080749511719
