Model,R2,MAE,RMSE,MAPE_percent,n_train,n_test,fit_time_sec,predict_time_sec
gbm,0.9954397700770904,0.004769594274010743,5.7667864677342045e-05,1.8095889665379439,6208,1552,15.417240619659424,0.011453390121459961
