Model,R2,MAE,RMSE,MAPE_percent,n_train,n_test,fit_time_sec,predict_time_sec
cat,0.9891708068923725,0.005090930228582896,5.353808918923629e-05,7.844765723528906,2036,8145,4.426458120346069,0.008615493774414062
