Model,R2,MAE,RMSE,MAPE_percent,n_train,n_test,fit_time_sec,predict_time_sec
gbm,0.9689614281459061,0.06766486925794693,0.012176287459527884,5.21635445583505,9053,2263,22.81553554534912,0.0173032283782959
