Model,R2,MAE,RMSE,MAPE_percent,n_train,n_test,fit_time_sec,predict_time_sec
gbm,0.9804777375943244,0.001048884670447897,1.993919311702439e-06,6.801043238950574,6618,3563,15.885600328445435,0.02202296257019043
