Model,R2,MAE,RMSE,MAPE_percent,n_train,n_test,fit_time_sec,predict_time_sec
cat,0.9861734785410514,0.0009432812435125306,1.590848786097053e-06,7.166151927515502,4581,5600,4.783872842788696,0.007612466812133789
