Model,R2,MAE,RMSE,MAPE_percent,n_train,n_test,fit_time_sec,predict_time_sec
cat,0.9970029444687297,0.0005576847209142012,1.1766865054029962e-06,3.692209276790561,8145,2036,3.798271656036377,0.0027246475219726562
