Model,R2,MAE,RMSE,MAPE_percent,n_train,n_test,fit_time_sec,predict_time_sec
rf,0.9990935567491827,0.0011724159815195104,2.7514502551703145e-06,1.6234145806774454,8145,2036,49.51479363441467,0.37274837493896484
