Model,R2,MAE,RMSE,MAPE_percent,n_train,n_test,fit_time_sec,predict_time_sec
cat,0.9952810965044496,0.0027665630945808836,1.4990414309997533e-05,4.162008784624245,8145,2036,3.553415298461914,0.0025861263275146484
