Model,R2,MAE,RMSE,MAPE_percent,n_train,n_test,fit_time_sec,predict_time_sec
rf,0.9993535843420455,0.0010443259468864601,2.222654650485953e-06,1.470270187615239,8151,2038,54.030279874801636,0.39010071754455566
