Model,R2,MAE,RMSE,MAPE_percent,n_train,n_test,fit_time_sec,predict_time_sec
gbm,0.9886432948972625,0.001059658424433707,2.0934152601222197e-06,7.118628410903048,8145,2036,20.202644109725952,0.014081239700317383
