Model,R2,MAE,RMSE,MAPE_percent,n_train,n_test,fit_time_sec,predict_time_sec
gbm,0.933347209822353,0.03302041353177268,0.01559176659160697,4.1185471777358575,3491,4267,8.49123239517212,0.0296781063079834
