Model,R2,MAE,RMSE,MAPE_percent,n_train,n_test,fit_time_sec,predict_time_sec
cat,0.8520723506939756,0.02659206050836591,0.023995814137140567,4.313162759920505,6340,1585,3.694767713546753,0.002439737319946289
