Model,R2,MAE,RMSE,MAPE_percent,n_train,n_test,fit_time_sec,predict_time_sec
cat,0.26340823203680674,0.1503664111598968,0.07200732317576534,1159958324.8184047,9059,2265,3.342130661010742,0.0028676986694335938
