Model,R2,MAE,RMSE,MAPE_percent,n_train,n_test,fit_time_sec,predict_time_sec
cat,0.9756263309259969,0.001060613145224338,1.973325532749809e-06,6.7620045159040005,8145,2036,3.7501866817474365,0.002840280532836914
