Model,R2,MAE,RMSE,MAPE_percent,n_train,n_test,fit_time_sec,predict_time_sec
cat,0.8589626354117008,0.007277883301561806,0.0015948063327955145,12.50780392822007,8145,2036,4.7609946727752686,0.003293275833129883
