Model,R2,MAE,RMSE,MAPE_percent,n_train,n_test,fit_time_sec,predict_time_sec
cat,0.7888374460554045,0.027000202335925313,0.024912303659679048,5.069873022457213,1189,6736,3.925203561782837,0.007538795471191406
