Model,R2,MAE,RMSE,MAPE_percent,n_train,n_test,fit_time_sec,predict_time_sec
cat,0.9648800794330465,0.01646455483191041,0.0035544188673261447,246186763.93016744,9059,2265,3.9479780197143555,0.002965688705444336
