Model,R2,MAE,RMSE,MAPE_percent,n_train,n_test,fit_time_sec,predict_time_sec
cat,0.997045357992402,0.0067196700688002195,0.00010013159348214049,2.8914961894461353,8145,2036,3.619624376296997,0.0027778148651123047
