Model,R2,MAE,RMSE,MAPE_percent,n_train,n_test,fit_time_sec,predict_time_sec
gbm,0.9927358497854886,0.004909233527201513,0.000402652935106738,1.355544189499493,6208,1552,16.193367958068848,0.012751102447509766
