Model,R2,MAE,RMSE,MAPE_percent,n_train,n_test,fit_time_sec,predict_time_sec
cat,0.3722271750930287,0.3184969804269972,0.27793081515624396,32.188035210073416,5690,1423,3.112076997756958,0.0021746158599853516
