Model,R2,MAE,RMSE,MAPE_percent,n_train,n_test,fit_time_sec,predict_time_sec
cat,0.9542991856209694,0.07970604060227171,0.027938778397037414,5.354056144984125,5944,1981,5.554360866546631,0.003251791000366211
