Model,R2,MAE,RMSE,MAPE_percent,n_train,n_test,fit_time_sec,predict_time_sec
gbm,0.9667181258471604,0.17553460823780936,0.07648920759921983,2078297448.3428721,9053,2263,42.658530712127686,0.019484519958496094
