Model,R2,MAE,RMSE,MAPE_percent,n_train,n_test,fit_time_sec,predict_time_sec
cat,0.9468606812561273,0.18736016334552955,0.10932464671394179,6.278378529095647,4359,3566,4.66841721534729,0.005417346954345703
