Model,R2,MAE,RMSE,MAPE_percent,n_train,n_test,fit_time_sec,predict_time_sec
cat,0.9632351450341838,0.18528507223692253,0.07489230379120981,7.731856694866382,9053,2263,3.829336166381836,0.0031697750091552734
