Model,R2,MAE,RMSE,MAPE_percent,n_train,n_test,fit_time_sec,predict_time_sec
cat,0.35581422819147235,0.15009551970458185,0.07041681894682283,5457646325.441799,8487,2829,4.62922215461731,0.003993511199951172
