Model,R2,MAE,RMSE,MAPE_percent,n_train,n_test,fit_time_sec,predict_time_sec
rf,0.9811826931895081,0.01660591181593187,0.0007747852526623988,3.017851044343688,5431,2327,32.41715979576111,0.32272839546203613
