Model,R2,MAE,RMSE,MAPE_percent,n_train,n_test,fit_time_sec,predict_time_sec
cat,0.9906039939203681,0.014073582884056765,0.0004169099199778767,7.30579288030257,3563,6618,4.512623310089111,0.007255077362060547
