Model,R2,MAE,RMSE,MAPE_percent,n_train,n_test,fit_time_sec,predict_time_sec
cat,0.31033986849561657,0.3390305979618386,0.3730784521266741,33.980868701102175,710,6395,3.330716848373413,0.006958723068237305
