Model,R2,MAE,RMSE,MAPE_percent,n_train,n_test,fit_time_sec,predict_time_sec
cat,0.9885314965795677,0.004871935902897139,4.476086727741128e-05,6.460893910045182,8145,2036,5.096933364868164,0.0030786991119384766
