Model,R2,MAE,RMSE,MAPE_percent,n_train,n_test,fit_time_sec,predict_time_sec
cat,0.9916245329690339,0.006704449758741466,0.0005777638476289798,2.974190063612706,8145,2036,11.468756675720215,0.017783403396606445
