Model,R2,MAE,RMSE,MAPE_percent,n_train,n_test,fit_time_sec,predict_time_sec
gbm,0.9093818275426468,0.0629254303484215,0.03503099458032452,5.366513759428495,6208,1552,15.861341953277588,0.012644767761230469
