Model,R2,MAE,RMSE,MAPE_percent,n_train,n_test,fit_time_sec,predict_time_sec
cat,0.9585532946086872,0.07445732481926529,0.012904018864115196,5.692213006249484,7355,3961,4.709214925765991,0.00570988655090332
