Model,R2,MAE,RMSE,MAPE_percent,n_train,n_test,fit_time_sec,predict_time_sec
cat,0.2732972703302351,0.14123668019541066,0.0653845197039503,55.853638862397695,5548,2377,4.427687644958496,0.0036907196044921875
