Model,R2,MAE,RMSE,MAPE_percent,n_train,n_test,fit_time_sec,predict_time_sec
cat,0.9328653783784001,0.005193231702417023,0.0006400675441614044,7.340126343820817,4581,5600,4.621260166168213,0.007037162780761719
