Model,R2,MAE,RMSE,MAPE_percent,n_train,n_test,fit_time_sec,predict_time_sec
cat,0.9628568242323515,0.06178549071703229,0.009617748499345298,4.662631452014996,5612,1403,3.61677885055542,0.0025703907012939453
