Model,R2,MAE,RMSE,MAPE_percent,n_train,n_test,fit_time_sec,predict_time_sec
cat,0.9906378224004773,0.0007691287697443354,3.983344678951473e-06,4.742559042674843,8145,2036,3.6312639713287354,0.0027480125427246094
