Model,R2,MAE,RMSE,MAPE_percent,n_train,n_test,fit_time_sec,predict_time_sec
gbm,0.9363132071849914,0.012727359323943505,0.003778942695678906,3.3451597742644954,2716,5044,6.586211681365967,0.03336834907531738
