Model,R2,MAE,RMSE,MAPE_percent,n_train,n_test,fit_time_sec,predict_time_sec
rf,0.4009016179461925,0.0023977423776025647,0.00046437436174314996,13.000319074504288,8151,2038,53.092599630355835,0.4916524887084961
