Model,R2,MAE,RMSE,MAPE_percent,n_train,n_test,fit_time_sec,predict_time_sec
rf,0.9946492876425431,0.0008338401223770332,1.5537960120861894e-06,7.24859915737265,8145,2036,64.50872898101807,0.41352152824401855
