Model,R2,MAE,RMSE,MAPE_percent,n_train,n_test,fit_time_sec,predict_time_sec
rf,0.9937705521007681,0.0009158431217110381,2.0432785318744964e-06,7.253530271011364,8145,2036,51.50979447364807,0.40386962890625
