Model,R2,MAE,RMSE,MAPE_percent,n_train,n_test,fit_time_sec,predict_time_sec
cat,0.8671538165427836,0.000771792332581646,6.1025395970685724e-05,4.352522565434612,8145,2036,8.156401634216309,0.012804031372070312
