Model,R2,MAE,RMSE,MAPE_percent,n_train,n_test,fit_time_sec,predict_time_sec
rf,0.9888854722678208,0.01172605409926328,0.0002545580415912703,6.901613990596142,8145,2036,51.141488552093506,0.4433631896972656
