Model,R2,MAE,RMSE,MAPE_percent,n_train,n_test,fit_time_sec,predict_time_sec
cat,0.7966032167092404,0.08659421165805681,0.10410940313559242,6.283813301829137,1754,5261,4.125216960906982,0.006089210510253906
