Model,R2,MAE,RMSE,MAPE_percent,n_train,n_test,fit_time_sec,predict_time_sec
cat,0.9929362734098583,0.005493638083797011,0.00020325229812984697,2.3333890589259516,6208,1552,15.283411979675293,0.018139123916625977
