Model,R2,MAE,RMSE,MAPE_percent,n_train,n_test,fit_time_sec,predict_time_sec
cat,0.9961696930075459,0.002427059910188659,1.168457285546727e-05,3.3903239377248093,8145,2036,3.566986322402954,0.002911090850830078
