Model,R2,MAE,RMSE,MAPE_percent,n_train,n_test,fit_time_sec,predict_time_sec
cat,0.9612206143156566,0.14421208605478536,0.05353343151503584,6.274742464004793,6208,1552,4.330968618392944,0.0025649070739746094
