Model,R2,MAE,RMSE,MAPE_percent,n_train,n_test,fit_time_sec,predict_time_sec
rf,0.9203244187807615,0.013646568598588303,0.005009273319600995,3.5273099183600642,3104,4656,17.306939601898193,0.4650435447692871
