Model,R2,MAE,RMSE,MAPE_percent,n_train,n_test,fit_time_sec,predict_time_sec
cat,0.987984003600039,0.005198514092893376,5.0565741176485374e-05,6.799909133849937,8145,2036,3.525930166244507,0.0027837753295898438
