Model,R2,MAE,RMSE,MAPE_percent,n_train,n_test,fit_time_sec,predict_time_sec
gbm,0.9944442260771513,0.0009176029317197441,1.6812414304328735e-06,7.38996323904813,7636,2545,18.49480414390564,0.018326282501220703
