Model,R2,MAE,RMSE,MAPE_percent,n_train,n_test,fit_time_sec,predict_time_sec
cat,0.9879272809111724,0.0008778890219077835,1.4248371215452133e-06,7.56345127970042,3563,6618,3.1058130264282227,0.008039712905883789
