Model,R2,MAE,RMSE,MAPE_percent,n_train,n_test,fit_time_sec,predict_time_sec
gbm,0.9895238949227848,0.009644238931647696,0.00041333521392723777,2.4683556673133187,9053,2263,22.861730813980103,0.016447067260742188
