Model,R2,MAE,RMSE,MAPE_percent,n_train,n_test,fit_time_sec,predict_time_sec
cat,0.7784572713400877,0.20550390870079746,0.6780880449144828,313.33201807777976,9059,2265,3.6541037559509277,0.0030715465545654297
