Model,R2,MAE,RMSE,MAPE_percent,n_train,n_test,fit_time_sec,predict_time_sec
rf,0.9852007695852897,0.012126660116963143,0.0004738103342971216,3.439966805435885,5092,6224,28.834531784057617,0.6612045764923096
