Model,R2,MAE,RMSE,MAPE_percent,n_train,n_test,fit_time_sec,predict_time_sec
rf,0.9403378859097371,0.2786199754475146,0.204775855069699,7.28322193110499,6206,1552,37.4299852848053,0.2854938507080078
