Model,R2,MAE,RMSE,MAPE_percent,n_train,n_test,fit_time_sec,predict_time_sec
cat,0.8770973442807274,0.12357519198337476,0.07951116822857551,1814224646.075364,566,10750,4.2009077072143555,0.011531352996826172
