Model,R2,MAE,RMSE,MAPE_percent,n_train,n_test,fit_time_sec,predict_time_sec
cat,0.9888501606064362,0.002350695927681655,0.00010814972504609128,2.6425024770955274,8145,2036,3.660679340362549,0.002613544464111328
