Model,R2,MAE,RMSE,MAPE_percent,n_train,n_test,fit_time_sec,predict_time_sec
rf,0.9168541433835744,0.020090261399130154,0.011435018934803908,513537.83811187884,9053,2263,58.3581702709198,0.45348358154296875
