Model,R2,MAE,RMSE,MAPE_percent,n_train,n_test,fit_time_sec,predict_time_sec
cat,0.9876852920793858,0.00473948877131713,4.271265752090648e-05,7.09456129562987,3563,6618,4.085104942321777,0.007558107376098633
