Model,R2,MAE,RMSE,MAPE_percent,n_train,n_test,fit_time_sec,predict_time_sec
rf,0.9898219091160243,0.00983852643510301,0.0009145048577745399,4.0611373966449005,8145,2036,52.23205757141113,0.40146327018737793
