Model,R2,MAE,RMSE,MAPE_percent,n_train,n_test,fit_time_sec,predict_time_sec
gbm,0.9536917534285989,0.0024324189426901117,0.0005260987897975897,1.968698932415329,8145,2036,20.631790161132812,0.01431727409362793
