Model,R2,MAE,RMSE,MAPE_percent,n_train,n_test,fit_time_sec,predict_time_sec
cat,0.885922824506947,0.10788168593138789,0.043948985935489224,9.416762022793522,6214,1554,3.514066696166992,0.0023055076599121094
