Model,R2,MAE,RMSE,MAPE_percent,n_train,n_test,fit_time_sec,predict_time_sec
cat,0.7903935832376618,0.49863491687580935,0.5069095949271084,9927581729.306053,9053,2263,3.330381155014038,0.002959728240966797
