Model,R2,MAE,RMSE,MAPE_percent,n_train,n_test,fit_time_sec,predict_time_sec
gbm,0.9558004890622344,0.0005206774644026327,2.8999428997120486e-05,2.6831116063252627,8151,2038,20.69201922416687,0.012826919555664062
