Model,R2,MAE,RMSE,MAPE_percent,n_train,n_test,fit_time_sec,predict_time_sec
rf,0.9815764426096614,0.0008946183741634136,1.4286058536315742e-06,6.671680369637306,7127,3054,43.76854109764099,0.4359707832336426
