Model,R2,MAE,RMSE,MAPE_percent,n_train,n_test,fit_time_sec,predict_time_sec
rf,0.954466202005165,0.13490634401401266,0.058283254828850536,5.703663096310369,6208,1552,53.47918939590454,0.2909235954284668
