Model,R2,MAE,RMSE,MAPE_percent,n_train,n_test,fit_time_sec,predict_time_sec
cat,0.9828340828097181,0.011497123948934514,0.0002979751503838674,3.22019160274016,5548,2377,4.700214147567749,0.003466367721557617
