Model,R2,MAE,RMSE,MAPE_percent,n_train,n_test,fit_time_sec,predict_time_sec
cat,0.8828044618545987,0.00117091429420927,4.7968826649258816e-05,7.622811260498357,4581,5600,4.719856262207031,0.006381988525390625
