Model,R2,MAE,RMSE,MAPE_percent,n_train,n_test,fit_time_sec,predict_time_sec
cat,0.9547595792090191,0.029747775618003482,0.010441173747430801,4.366212820525109,5818,1940,3.4664907455444336,0.0026378631591796875
