Model,R2,MAE,RMSE,MAPE_percent,n_train,n_test,fit_time_sec,predict_time_sec
cat,0.6141613827984975,0.6140110252838715,0.7858702141347157,27.25774131829152,1189,6736,4.302731037139893,0.00726318359375
