Model,R2,MAE,RMSE,MAPE_percent,n_train,n_test,fit_time_sec,predict_time_sec
cat,0.9387722801385923,0.006706122777537944,0.0004911897877101099,10.075052186384523,509,9672,3.9440503120422363,0.009493589401245117
