Model,R2,MAE,RMSE,MAPE_percent,n_train,n_test,fit_time_sec,predict_time_sec
gbm,0.9892826052008601,0.014604684162968597,0.00038801840297850285,6.7031386080099145,8145,2036,19.903501987457275,0.014396429061889648
