Model,R2,MAE,RMSE,MAPE_percent,n_train,n_test,fit_time_sec,predict_time_sec
gbm,0.9637098482995698,0.057986150061474326,0.008216118817433787,4.375230057509674,5612,1403,13.986642837524414,0.010977745056152344
