Model,R2,MAE,RMSE,MAPE_percent,n_train,n_test,fit_time_sec,predict_time_sec
cat,0.3629324440256817,0.09942250348262197,0.037412706674602225,57.800537261606266,6208,1552,3.179335594177246,0.002197742462158203
