Model,R2,MAE,RMSE,MAPE_percent,n_train,n_test,fit_time_sec,predict_time_sec
gbm,0.9349935305301038,0.03796658663680208,0.012635519521938221,5.066282482130197,388,7370,1.007587194442749,0.05098080635070801
