Model,R2,MAE,RMSE,MAPE_percent,n_train,n_test,fit_time_sec,predict_time_sec
rf,0.9943065123009807,0.005125461132028058,5.66968419964002e-05,6.829756566839561,8145,2036,69.80974698066711,0.8052651882171631
