Model,R2,MAE,RMSE,MAPE_percent,n_train,n_test,fit_time_sec,predict_time_sec
gbm,0.8826866368540445,0.014116819319069562,0.009966458862895097,7.439428157590157,8145,2036,38.03943753242493,0.015361785888671875
