Model,R2,MAE,RMSE,MAPE_percent,n_train,n_test,fit_time_sec,predict_time_sec
cat,0.9886451216243753,0.00472133182591225,4.523146178758603e-05,7.114250768833936,6109,4072,4.79497218132019,0.005323886871337891
