Model,R2,MAE,RMSE,MAPE_percent,n_train,n_test,fit_time_sec,predict_time_sec
rf,0.9597045136359211,0.044041909396054325,0.014733151609838693,4.368087948967544,7062,1765,45.311861991882324,0.37633442878723145
