Model,R2,MAE,RMSE,MAPE_percent,n_train,n_test,fit_time_sec,predict_time_sec
gbm,0.058877200527868045,0.009732672029741965,0.06386637071611673,2.6464696161270718,8151,2038,20.610939741134644,0.013726234436035156
