Model,R2,MAE,RMSE,MAPE_percent,n_train,n_test,fit_time_sec,predict_time_sec
gbm,0.9858960759557059,0.018358371743667643,0.000972929317537795,11.337309961082187,8145,2036,38.60215663909912,0.01568126678466797
