Model,R2,MAE,RMSE,MAPE_percent,n_train,n_test,fit_time_sec,predict_time_sec
rf,0.9952655765363252,0.010567492633967432,0.00032059462882645494,1.7590517535850676,6206,1552,36.594385862350464,0.284848690032959
