Model,R2,MAE,RMSE,MAPE_percent,n_train,n_test,fit_time_sec,predict_time_sec
rf,0.9938039245752774,0.015147725044129631,0.0004817615756353944,6.93329674930145,8145,2036,65.56222176551819,0.4253103733062744
