Model,R2,MAE,RMSE,MAPE_percent,n_train,n_test,fit_time_sec,predict_time_sec
cat,0.35505252000537546,0.33670040170301324,0.32149316464274075,34.02592789039376,4209,2806,6.922125816345215,0.0045239925384521484
