Model,R2,MAE,RMSE,MAPE_percent,n_train,n_test,fit_time_sec,predict_time_sec
gbm,0.9985626556110753,0.0019969922025851157,1.0730676534169685e-05,2.861387115915704,8145,2036,20.461870431900024,0.014281511306762695
