Model,R2,MAE,RMSE,MAPE_percent,n_train,n_test,fit_time_sec,predict_time_sec
gbm,0.966793361399563,0.07677551360843188,0.022743641719250345,412692914.8992361,9053,2263,23.17156672477722,0.018216371536254883
