Model,R2,MAE,RMSE,MAPE_percent,n_train,n_test,fit_time_sec,predict_time_sec
cat,0.43232154906393905,0.28443630595975006,0.1897934065467972,36.24396633085546,6208,1552,3.191478967666626,0.002294301986694336
