Model,R2,MAE,RMSE,MAPE_percent,n_train,n_test,fit_time_sec,predict_time_sec
cat,0.9927841500652426,0.0010966907425927247,2.66373119360625e-06,7.17299824206932,8145,2036,3.458071231842041,0.0026040077209472656
