Model,R2,MAE,RMSE,MAPE_percent,n_train,n_test,fit_time_sec,predict_time_sec
gbm,0.9651370760885717,0.06280752911585075,0.015562791192370397,4.6725474323660965,5684,1421,14.058039903640747,0.011777400970458984
