Model,R2,MAE,RMSE,MAPE_percent,n_train,n_test,fit_time_sec,predict_time_sec
gbm,0.9590699938387943,0.141364925257744,0.052749095099703575,5.969931800540592,6208,1552,16.311817407608032,0.013024330139160156
