Model,R2,MAE,RMSE,MAPE_percent,n_train,n_test,fit_time_sec,predict_time_sec
cat,0.9205731901102331,0.0014629932349542818,3.085243806566871e-05,12.404239259611556,4581,5600,4.363916397094727,0.006478548049926758
