Model,R2,MAE,RMSE,MAPE_percent,n_train,n_test,fit_time_sec,predict_time_sec
rf,0.9567861801462205,0.07701231928062678,0.01595685111358762,6.70771937966107,9053,2263,54.35100960731506,0.43923211097717285
