Model,R2,MAE,RMSE,MAPE_percent,n_train,n_test,fit_time_sec,predict_time_sec
rf,0.9579065678123077,0.18415756408692094,0.09674014324981715,52833641.14836643,9053,2263,55.57266712188721,0.44582295417785645
