Model,R2,MAE,RMSE,MAPE_percent,n_train,n_test,fit_time_sec,predict_time_sec
gbm,0.9905861992760484,0.007618627766007674,0.0001339613750386959,2.93971902289336,2328,5432,5.686107158660889,0.0327000617980957
