Model,R2,MAE,RMSE,MAPE_percent,n_train,n_test,fit_time_sec,predict_time_sec
cat,0.9946859267385793,0.002957562235661457,1.671609635815241e-05,4.338600746278452,8145,2036,3.563128709793091,0.0025632381439208984
