Model,R2,MAE,RMSE,MAPE_percent,n_train,n_test,fit_time_sec,predict_time_sec
gbm,0.99930631279319,0.0010686860231208725,2.3580240595418887e-06,1.4202759740039377,8145,2036,20.466164588928223,0.013966083526611328
