Model,R2,MAE,RMSE,MAPE_percent,n_train,n_test,fit_time_sec,predict_time_sec
cat,0.9865265066746579,0.004389837617287886,0.0001012723319970245,7.554817073339599,8145,2036,4.673555135726929,0.0031952857971191406
