Model,R2,MAE,RMSE,MAPE_percent,n_train,n_test,fit_time_sec,predict_time_sec
cat,0.8876271778017689,0.005531770387057729,0.0011451297770107352,7.4964617733454615,5600,4581,4.762720346450806,0.005680561065673828
