Model,R2,MAE,RMSE,MAPE_percent,n_train,n_test,fit_time_sec,predict_time_sec
cat,0.9024334593612169,0.026554051342473486,0.009881015423724021,864097243.3175728,566,10750,4.18729567527771,0.010627508163452148
