Model,R2,MAE,RMSE,MAPE_percent,n_train,n_test,fit_time_sec,predict_time_sec
gbm,0.873187740124885,0.11063319512971828,0.043253635052749956,9.530721356640285,6214,1554,15.747284650802612,0.011620283126831055
