Model,R2,MAE,RMSE,MAPE_percent,n_train,n_test,fit_time_sec,predict_time_sec
cat,0.7144600657088942,0.005579418861541268,0.004626275675170149,6.002535203824699,8151,2038,3.6664443016052246,0.002736806869506836
