Model,R2,MAE,RMSE,MAPE_percent,n_train,n_test,fit_time_sec,predict_time_sec
cat,0.9835781231601406,0.019155608710531315,0.0010498710536225022,12.910549186733567,8145,2036,3.426375150680542,0.002961397171020508
