Model,R2,MAE,RMSE,MAPE_percent,n_train,n_test,fit_time_sec,predict_time_sec
gbm,0.9689224921357912,0.17001638364935576,0.0727792395188641,836145320.8224965,9053,2263,22.887595415115356,0.018387794494628906
