Model,R2,MAE,RMSE,MAPE_percent,n_train,n_test,fit_time_sec,predict_time_sec
gbm,0.9943773271907665,0.005271744303248833,0.0003386924422148602,1.392110158221433,6208,1552,30.943435668945312,0.012664318084716797
