Model,R2,MAE,RMSE,MAPE_percent,n_train,n_test,fit_time_sec,predict_time_sec
gbm,0.9978999313243242,0.0031753034280664017,2.5175037169037696e-05,1.1543248890565279,6208,1552,15.525583982467651,0.012346982955932617
