Model,R2,MAE,RMSE,MAPE_percent,n_train,n_test,fit_time_sec,predict_time_sec
cat,0.9633833032662602,0.18784950376637202,0.08689686097106643,2640369513.617416,9059,2265,3.653668165206909,0.0029189586639404297
