Model,R2,MAE,RMSE,MAPE_percent,n_train,n_test,fit_time_sec,predict_time_sec
gbm,0.9663483055046752,0.030669037337469646,0.007570836286856183,4.062155107283673,3491,4267,8.518118858337402,0.02902507781982422
