Model,R2,MAE,RMSE,MAPE_percent,n_train,n_test,fit_time_sec,predict_time_sec
rf,0.9892234150707532,0.003998311809205782,3.00683809756559e-05,6.970853093141528,8145,2036,51.59618592262268,0.44896817207336426
