Model,R2,MAE,RMSE,MAPE_percent,n_train,n_test,fit_time_sec,predict_time_sec
cat,0.9334722053896649,0.22088215490910265,0.13550279797169767,8.60031549166273,1189,6736,4.045492172241211,0.008015155792236328
