Model,R2,MAE,RMSE,MAPE_percent,n_train,n_test,fit_time_sec,predict_time_sec
rf,0.9898581743482383,0.0009765343679934281,1.794089070962466e-06,7.308810704888918,2545,7636,13.746101140975952,0.6561779975891113
