Model,R2,MAE,RMSE,MAPE_percent,n_train,n_test,fit_time_sec,predict_time_sec
cat,0.9767819857272815,0.0052005234331183045,0.00018013589915385234,7.638800399603809,5090,5091,4.751453638076782,0.006232023239135742
