Model,R2,MAE,RMSE,MAPE_percent,n_train,n_test,fit_time_sec,predict_time_sec
cat,0.9730289670878378,0.011453375326550493,0.0011992775505573214,4.124551426330391,5820,1940,3.5265932083129883,0.0025789737701416016
