Model,R2,MAE,RMSE,MAPE_percent,n_train,n_test,fit_time_sec,predict_time_sec
cat,0.9822947364689113,0.017328449395926766,0.0012187433675816413,3.04511075470956,6206,1552,3.348181962966919,0.0024385452270507812
