Model,R2,MAE,RMSE,MAPE_percent,n_train,n_test,fit_time_sec,predict_time_sec
cat,0.9779118041870117,0.009505150042275461,0.001270249322107907,3.0550213155331885,6208,1552,3.60085391998291,0.007291555404663086
