Model,R2,MAE,RMSE,MAPE_percent,n_train,n_test,fit_time_sec,predict_time_sec
cat,0.9909942592287869,0.00981578843966175,0.0008091688094570805,4.014243639769117,8145,2036,3.5152840614318848,0.0026111602783203125
