Model,R2,MAE,RMSE,MAPE_percent,n_train,n_test,fit_time_sec,predict_time_sec
cat,0.9840459288608833,0.022646627404286735,0.0029581750321415923,3.9014446516856336,6206,1552,3.5473179817199707,0.0023217201232910156
