Model,R2,MAE,RMSE,MAPE_percent,n_train,n_test,fit_time_sec,predict_time_sec
rf,0.980976075475077,0.01650041624419092,0.0007439987727043532,3.005981077730974,5818,1940,35.05199193954468,0.2941322326660156
