Model,R2,MAE,RMSE,MAPE_percent,n_train,n_test,fit_time_sec,predict_time_sec
cat,0.9933533019477959,0.004361576441414481,4.5971519297171925e-05,7.846049300387844,8145,2036,3.6791601181030273,0.0027260780334472656
