Model,R2,MAE,RMSE,MAPE_percent,n_train,n_test,fit_time_sec,predict_time_sec
cat,0.9657264337270868,0.12837665460322195,0.04371469608751638,5.669907784782676,6208,1552,3.6106033325195312,0.005787849426269531
