Model,R2,MAE,RMSE,MAPE_percent,n_train,n_test,fit_time_sec,predict_time_sec
cat,0.9893156841764744,0.0009349406026048488,1.5902800862986556e-06,7.042485259956385,6618,3563,4.81918740272522,0.004647731781005859
