Model,R2,MAE,RMSE,MAPE_percent,n_train,n_test,fit_time_sec,predict_time_sec
cat,0.8018390611302345,0.015657953841900635,0.02881284661920309,5.368523729532511,8151,2038,3.6696159839630127,0.0035092830657958984
