Model,R2,MAE,RMSE,MAPE_percent,n_train,n_test,fit_time_sec,predict_time_sec
gbm,0.4784983006798985,0.47728592227783173,0.5031545553709484,33.30931749876702,6213,1553,13.666184425354004,0.01178884506225586
