Model,R2,MAE,RMSE,MAPE_percent,n_train,n_test,fit_time_sec,predict_time_sec
cat,0.9947860984888851,0.0027763346021745616,1.6934276427740653e-05,4.240382820455559,8151,2038,3.624199628829956,0.0025746822357177734
