Model,R2,MAE,RMSE,MAPE_percent,n_train,n_test,fit_time_sec,predict_time_sec
rf,0.9906978298184679,0.0013934778576670632,8.139866859231095e-05,1.527207126723308,8145,2036,49.56045651435852,0.3761911392211914
