Model,R2,MAE,RMSE,MAPE_percent,n_train,n_test,fit_time_sec,predict_time_sec
cat,0.9922931055523058,0.0006540222170725949,2.2380088964617787e-06,5.153553177967954,8145,2036,6.568722486495972,0.0063512325286865234
