Model,R2,MAE,RMSE,MAPE_percent,n_train,n_test,fit_time_sec,predict_time_sec
rf,0.9950909839217235,0.0005313631842439222,5.730551610923708e-07,4.229529354790978,8145,2036,51.72770690917969,0.4754641056060791
