Model,R2,MAE,RMSE,MAPE_percent,n_train,n_test,fit_time_sec,predict_time_sec
rf,0.9367880449854596,0.0010708927519656954,2.3373003298310994e-05,7.609285467627249,2545,7636,13.763653993606567,0.6714942455291748
