Model,R2,MAE,RMSE,MAPE_percent,n_train,n_test,fit_time_sec,predict_time_sec
rf,0.9899959252952982,0.008669947263006914,0.0006901098973927275,3.9603737229737423,8145,2036,91.83427619934082,0.7935929298400879
