Model,R2,MAE,RMSE,MAPE_percent,n_train,n_test,fit_time_sec,predict_time_sec
rf,0.4713295943709791,0.30058152964396906,0.19764702851831809,33.97521261970823,6208,1552,40.665241718292236,0.2970998287200928
