Model,R2,MAE,RMSE,MAPE_percent,n_train,n_test,fit_time_sec,predict_time_sec
cat,0.8178954472467616,0.028280875092647345,0.02056381413235116,6.208659825382021,1189,6736,3.916868209838867,0.008084535598754883
