Model,R2,MAE,RMSE,MAPE_percent,n_train,n_test,fit_time_sec,predict_time_sec
rf,0.3917747285939912,0.19420164047887162,0.11277603040012604,53.20306027333821,6206,1552,42.068333864212036,0.31290340423583984
