Model,R2,MAE,RMSE,MAPE_percent,n_train,n_test,fit_time_sec,predict_time_sec
rf,0.988181301850544,0.0008064826892491301,1.2672172310746436e-06,6.913657865617768,8145,2036,52.971309185028076,0.3971230983734131
