Model,R2,MAE,RMSE,MAPE_percent,n_train,n_test,fit_time_sec,predict_time_sec
cat,0.991528743522198,0.007841610143057063,0.00046012985378062024,2.689955572674453,6214,1554,3.6465251445770264,0.002346038818359375
