Model,R2,MAE,RMSE,MAPE_percent,n_train,n_test,fit_time_sec,predict_time_sec
rf,0.9905359702315293,0.007888415162423532,0.000251643632739528,1.9820668480385113,6340,1585,38.12333679199219,0.3039846420288086
