Model,R2,MAE,RMSE,MAPE_percent,n_train,n_test,fit_time_sec,predict_time_sec
rf,0.9896209629882383,0.012991250185033772,0.000319368033807191,6.752444126182998,8151,2038,55.8277268409729,0.3845713138580322
