Model,R2,MAE,RMSE,MAPE_percent,n_train,n_test,fit_time_sec,predict_time_sec
rf,0.12136010370104577,0.04631488736853407,0.5802300010668222,11.700572264024625,8151,2038,52.021581411361694,0.4766225814819336
