Model,R2,MAE,RMSE,MAPE_percent,n_train,n_test,fit_time_sec,predict_time_sec
gbm,0.9264957802603299,0.2759440204059579,0.23414836816135748,7.734026730549291,6213,1553,15.403578281402588,0.013088464736938477
