Model,R2,MAE,RMSE,MAPE_percent,n_train,n_test,fit_time_sec,predict_time_sec
rf,0.9108995256817232,0.26890952788431216,0.13896014040465632,10.91322297945167,6208,1552,37.86576724052429,0.2783694267272949
