Model,R2,MAE,RMSE,MAPE_percent,n_train,n_test,fit_time_sec,predict_time_sec
gbm,0.9241573601481521,0.012618914649222471,0.004495607609779327,3.3587295953172203,3880,3880,9.533535242080688,0.025872230529785156
