Model,R2,MAE,RMSE,MAPE_percent,n_train,n_test,fit_time_sec,predict_time_sec
cat,0.9702274153179496,0.04558373439963388,0.0053824085908520235,5.36840515105028,2646,6174,5.640981435775757,0.007896900177001953
