Model,R2,MAE,RMSE,MAPE_percent,n_train,n_test,fit_time_sec,predict_time_sec
cat,0.9744319894515013,0.007118987399372198,0.00019833430709598876,12.332056868563447,4581,5600,4.24234414100647,0.007037162780761719
