Model,R2,MAE,RMSE,MAPE_percent,n_train,n_test,fit_time_sec,predict_time_sec
rf,0.9434440297877469,0.10864774135914418,0.03323208146538223,5.5086504497748825,6206,1552,36.25992822647095,0.3156697750091553
