Model,R2,MAE,RMSE,MAPE_percent,n_train,n_test,fit_time_sec,predict_time_sec
cat,0.9824699232480725,0.0013742657735515088,6.2270012835290936e-06,12.132377842690389,8145,2036,3.2738585472106934,0.002633333206176758
