Model,R2,MAE,RMSE,MAPE_percent,n_train,n_test,fit_time_sec,predict_time_sec
cat,0.31597338339487757,0.14605292472274697,0.0749310098521062,56.28159105150377,4359,3566,4.716128349304199,0.005467891693115234
