Model,R2,MAE,RMSE,MAPE_percent,n_train,n_test,fit_time_sec,predict_time_sec
rf,0.9992088413209609,0.0010908251286944107,2.439238818840154e-06,1.4881796546495267,8145,2036,56.33231329917908,0.3813440799713135
