Model,R2,MAE,RMSE,MAPE_percent,n_train,n_test,fit_time_sec,predict_time_sec
cat,0.9535111048299278,0.14033514510182526,0.04702311140513029,5.938554569674547,6208,1552,3.7292189598083496,0.002414703369140625
