Model,R2,MAE,RMSE,MAPE_percent,n_train,n_test,fit_time_sec,predict_time_sec
cat,0.990326167504409,0.0010024011538842662,1.911109903727497e-06,8.160340745657873,2036,8145,3.053466320037842,0.010173797607421875
