Model,R2,MAE,RMSE,MAPE_percent,n_train,n_test,fit_time_sec,predict_time_sec
rf,0.9611071755617556,0.12655754429458363,0.04942613713959809,5.171284445969994,6208,1552,60.189183950424194,0.552548885345459
