Model,R2,MAE,RMSE,MAPE_percent,n_train,n_test,fit_time_sec,predict_time_sec
rf,0.9873062808093044,0.011949184282639809,0.0005054767235740099,3.1844538474827315,9053,2263,58.58629012107849,0.4294734001159668
