Model,R2,MAE,RMSE,MAPE_percent,n_train,n_test,fit_time_sec,predict_time_sec
rf,0.9900612223705336,0.005769039836718025,0.0004951941884192743,1.3548010509270352,6208,1552,37.30857563018799,0.3556525707244873
