Model,R2,MAE,RMSE,MAPE_percent,n_train,n_test,fit_time_sec,predict_time_sec
rf,0.9651485205276126,0.04082047263250963,0.006187779288348861,3.820034742795829,6208,1552,35.79478669166565,0.2815256118774414
