Model,R2,MAE,RMSE,MAPE_percent,n_train,n_test,fit_time_sec,predict_time_sec
rf,0.9439210135509641,0.0010092673025149973,2.1007099695969363e-05,7.325333262928781,4072,6109,23.354785203933716,0.635613203048706
