Model,R2,MAE,RMSE,MAPE_percent,n_train,n_test,fit_time_sec,predict_time_sec
rf,0.9723049026675293,0.0020838847210220748,0.00029001391969775794,1.9114816717708791,8145,2036,51.601114988327026,0.4085042476654053
