Model,R2,MAE,RMSE,MAPE_percent,n_train,n_test,fit_time_sec,predict_time_sec
rf,0.9401867391450329,0.050611859585670875,0.020481082105906278,4.104794595024449,6208,1552,51.011234283447266,0.5435552597045898
