Model,R2,MAE,RMSE,MAPE_percent,n_train,n_test,fit_time_sec,predict_time_sec
cat,0.9677134354409906,0.04222239504121268,0.005540096546779732,3.9906558905352845,6208,1552,3.397110939025879,0.0023403167724609375
