Model,R2,MAE,RMSE,MAPE_percent,n_train,n_test,fit_time_sec,predict_time_sec
cat,0.9820239101056922,0.006662067591900094,0.00014720160559391395,12.65994400118992,7636,2545,4.38559103012085,0.003786802291870117
