Model,R2,MAE,RMSE,MAPE_percent,n_train,n_test,fit_time_sec,predict_time_sec
cat,0.9682363164910658,0.02077744188752394,0.002008484667860612,491900217.44395804,1697,9619,4.209288597106934,0.012683629989624023
