Model,R2,MAE,RMSE,MAPE_percent,n_train,n_test,fit_time_sec,predict_time_sec
cat,0.5842130963534611,0.6552422057948971,0.8426292911795854,27.977506857102192,396,7529,3.0470612049102783,0.007704496383666992
