Model,R2,MAE,RMSE,MAPE_percent,n_train,n_test,fit_time_sec,predict_time_sec
cat,0.9904893224189386,0.00048077983189638395,3.378365214401513e-06,3.1464329829605093,8145,2036,3.6636431217193604,0.00377655029296875
