Model,R2,MAE,RMSE,MAPE_percent,n_train,n_test,fit_time_sec,predict_time_sec
cat,0.9849115160437186,0.0011339853157976921,3.87011646080921e-06,12.814990734035048,8145,2036,3.3443167209625244,0.002526521682739258
