Model,R2,MAE,RMSE,MAPE_percent,n_train,n_test,fit_time_sec,predict_time_sec
gbm,0.9949544549327352,0.004472056233892995,3.8488553552392314e-05,7.024446131281481,8145,2036,19.743309020996094,0.015457868576049805
