Model,R2,MAE,RMSE,MAPE_percent,n_train,n_test,fit_time_sec,predict_time_sec
cat,0.984649422542613,0.010967165777820654,0.00026779193174038707,3.062511248069475,5548,2377,4.692234992980957,0.0036351680755615234
