Model,R2,MAE,RMSE,MAPE_percent,n_train,n_test,fit_time_sec,predict_time_sec
gbm,0.990913083498987,0.007008178968325883,9.676585869210084e-05,2.7107299523635127,3880,3880,9.526163339614868,0.023799896240234375
