Model,R2,MAE,RMSE,MAPE_percent,n_train,n_test,fit_time_sec,predict_time_sec
gbm,0.9883238774900295,0.0008198858962548514,1.2519300729796701e-06,7.039950873368555,8145,2036,19.724863529205322,0.01464080810546875
