Model,R2,MAE,RMSE,MAPE_percent,n_train,n_test,fit_time_sec,predict_time_sec
cat,0.9966300688824552,0.0019326472488569427,8.834867916216895e-06,3.272164925263288,8145,2036,3.560208559036255,0.002689838409423828
