Model,R2,MAE,RMSE,MAPE_percent,n_train,n_test,fit_time_sec,predict_time_sec
rf,0.9989160890593034,0.00026178405570570127,1.331521260717702e-07,1.8127350433547222,8145,2036,50.08536434173584,0.36086344718933105
