Model,R2,MAE,RMSE,MAPE_percent,n_train,n_test,fit_time_sec,predict_time_sec
gbm,0.9797594195291228,0.013356367061003118,0.001785927625149473,46699833.51941637,9053,2263,37.908530473709106,0.017585039138793945
