Model,R2,MAE,RMSE,MAPE_percent,n_train,n_test,fit_time_sec,predict_time_sec
cat,0.9963558593850881,0.0005553177012677184,1.020668802117857e-06,4.6224729355656615,8145,2036,3.592893600463867,0.0026025772094726562
