Model,R2,MAE,RMSE,MAPE_percent,n_train,n_test,fit_time_sec,predict_time_sec
gbm,0.9979450572932062,0.007749632749393691,0.0001597773378153823,3.1203665001888874,8145,2036,20.549038410186768,0.013954639434814453
