Model,R2,MAE,RMSE,MAPE_percent,n_train,n_test,fit_time_sec,predict_time_sec
cat,0.32881270257515827,0.3326778819428616,0.3603271135624431,34.63386229367275,1066,6039,3.557187557220459,0.006405830383300781
