Model,R2,MAE,RMSE,MAPE_percent,n_train,n_test,fit_time_sec,predict_time_sec
cat,0.4816140220777896,0.30770249088887075,0.20221607154239388,31.22214460362172,5684,1421,3.210927724838257,0.0023059844970703125
