Model,R2,MAE,RMSE,MAPE_percent,n_train,n_test,fit_time_sec,predict_time_sec
cat,0.9599813597569026,0.06532333046679449,0.009678853557289233,4.488920801010485,5548,2377,4.685638666152954,0.0034208297729492188
