Model,R2,MAE,RMSE,MAPE_percent,n_train,n_test,fit_time_sec,predict_time_sec
rf,0.9831735432115096,0.0010495851017048481,2.078479907383295e-06,6.75004380668331,5600,4581,33.62181854248047,0.5473761558532715
