Model,R2,MAE,RMSE,MAPE_percent,n_train,n_test,fit_time_sec,predict_time_sec
rf,0.9876235692736272,0.003430634316867901,0.00014323414502637088,3.902154846109429,8145,2036,52.27078175544739,0.40256404876708984
