Model,R2,MAE,RMSE,MAPE_percent,n_train,n_test,fit_time_sec,predict_time_sec
cat,0.7224114392861731,0.5448235527161027,0.6154101602145557,22.43080603705,6340,1585,4.403276205062866,0.0029087066650390625
