Model,R2,MAE,RMSE,MAPE_percent,n_train,n_test,fit_time_sec,predict_time_sec
gbm,0.9818127991383379,0.008616985765148693,0.0010459106647353299,2.2054459357317557,6208,1552,20.047035455703735,0.01226949691772461
