Model,R2,MAE,RMSE,MAPE_percent,n_train,n_test,fit_time_sec,predict_time_sec
gbm,0.9980436631235035,0.003265114765784419,2.688147890778371e-05,1.1772811608401061,6208,1552,15.464202642440796,0.011953592300415039
