Model,R2,MAE,RMSE,MAPE_percent,n_train,n_test,fit_time_sec,predict_time_sec
cat,0.8621767214155398,0.28425597894921956,0.16787729786654884,11.007749835858,6214,1554,3.4758050441741943,0.002365589141845703
