Model,R2,MAE,RMSE,MAPE_percent,n_train,n_test,fit_time_sec,predict_time_sec
cat,0.9952098550691688,0.008293137649556866,0.00013095944555151985,4.208971094063751,8145,2036,3.88474440574646,0.002729654312133789
