Model,R2,MAE,RMSE,MAPE_percent,n_train,n_test,fit_time_sec,predict_time_sec
gbm,0.9255548971582529,0.06956463320440681,0.03295871897650762,5.075705044671897,5690,1423,13.988667249679565,0.011967658996582031
