Model,R2,MAE,RMSE,MAPE_percent,n_train,n_test,fit_time_sec,predict_time_sec
cat,0.9703914942281999,0.056519080528577105,0.0077263191821149565,4.301182424641218,5684,1421,4.214508295059204,0.002683877944946289
