Model,R2,MAE,RMSE,MAPE_percent,n_train,n_test,fit_time_sec,predict_time_sec
rf,0.9803374944582083,0.0008619362343856077,1.3340874213405482e-06,6.375879661151357,8145,2036,51.08450102806091,0.37674641609191895
