Model,R2,MAE,RMSE,MAPE_percent,n_train,n_test,fit_time_sec,predict_time_sec
cat,0.9860214221470156,0.001148037012135106,2.695399828331076e-06,7.622571383399146,3054,7127,3.1824533939361572,0.008710622787475586
