Model,R2,MAE,RMSE,MAPE_percent,n_train,n_test,fit_time_sec,predict_time_sec
rf,0.9847369184653241,0.0009739779452436732,5.375951732318278e-06,7.075587486281898,6109,4072,37.00275659561157,0.532585620880127
