Model,R2,MAE,RMSE,MAPE_percent,n_train,n_test,fit_time_sec,predict_time_sec
gbm,0.983233044489243,0.03419276145148603,0.0024644136097549747,3.727191794989257,7056,1764,17.732008934020996,0.013250589370727539
