Model,R2,MAE,RMSE,MAPE_percent,n_train,n_test,fit_time_sec,predict_time_sec
cat,0.987170068854524,0.016715239563227405,0.0008439364309593677,3.0527843871760023,6213,1553,3.473433256149292,0.0022079944610595703
