Model,R2,MAE,RMSE,MAPE_percent,n_train,n_test,fit_time_sec,predict_time_sec
cat,0.9303384847595845,0.13454022662258847,0.06886735872097817,7.0668066275306405,6213,1553,3.55122971534729,0.002369403839111328
