Model,R2,MAE,RMSE,MAPE_percent,n_train,n_test,fit_time_sec,predict_time_sec
cat,0.9125190410837094,0.0714068208441394,0.03510331052234445,5.88639678851264,2132,4973,5.747580528259277,0.0058629512786865234
