Model,R2,MAE,RMSE,MAPE_percent,n_train,n_test,fit_time_sec,predict_time_sec
gbm,0.9955010507533202,0.003011019793194932,1.7505740014287813e-05,3.820649200142952,8145,2036,20.968958616256714,0.01401662826538086
