Model,R2,MAE,RMSE,MAPE_percent,n_train,n_test,fit_time_sec,predict_time_sec
rf,0.9657693186855423,0.005445628291766509,0.00024345089383955346,10.714248846811778,8145,2036,49.791173219680786,0.4284393787384033
