Model,R2,MAE,RMSE,MAPE_percent,n_train,n_test,fit_time_sec,predict_time_sec
cat,0.940871966354479,0.05852291319611754,0.02176106151040954,5.381144257048797,6208,1552,3.413313865661621,0.0022361278533935547
