Model,R2,MAE,RMSE,MAPE_percent,n_train,n_test,fit_time_sec,predict_time_sec
gbm,0.9626423100519015,0.07015551477142284,0.013833040257463767,5.442890155846788,9053,2263,22.71411657333374,0.017185211181640625
