Model,R2,MAE,RMSE,MAPE_percent,n_train,n_test,fit_time_sec,predict_time_sec
gbm,0.9975973225533441,0.00042245874783402855,3.3535432762458634e-07,2.919982903946814,8145,2036,20.647725582122803,0.013715982437133789
