Model,R2,MAE,RMSE,MAPE_percent,n_train,n_test,fit_time_sec,predict_time_sec
cat,0.5254113353064571,0.3693798651213295,0.31610562556351934,5322577699.901627,5658,5658,4.350541591644287,0.00884699821472168
