Model,R2,MAE,RMSE,MAPE_percent,n_train,n_test,fit_time_sec,predict_time_sec
rf,0.9973192620116514,0.0022535412469753286,1.0823992298917724e-05,2.8896981234216863,8145,2036,52.558907985687256,0.4129009246826172
