Model,R2,MAE,RMSE,MAPE_percent,n_train,n_test,fit_time_sec,predict_time_sec
gbm,0.49190876446730203,0.37718337781379724,0.34178150552365383,12774405887.776852,9053,2263,20.256937980651855,0.016510009765625
