Model,R2,MAE,RMSE,MAPE_percent,n_train,n_test,fit_time_sec,predict_time_sec
cat,0.3281845444941254,0.001599076688543481,0.00039559207428791756,6.635752664240189,8151,2038,3.752079486846924,0.002713441848754883
