Model,R2,MAE,RMSE,MAPE_percent,n_train,n_test,fit_time_sec,predict_time_sec
cat,0.9582762975936051,0.061495459212006255,0.010225260098469816,4.74092174399272,5261,1754,4.771052360534668,0.0028984546661376953
