Model,R2,MAE,RMSE,MAPE_percent,n_train,n_test,fit_time_sec,predict_time_sec
rf,0.49332575562262293,0.005824457588747805,0.007114683198346914,4.113865568617413,8151,2038,58.37399172782898,0.39138007164001465
