Model,R2,MAE,RMSE,MAPE_percent,n_train,n_test,fit_time_sec,predict_time_sec
rf,0.8588677488856697,0.02546892569189514,0.022893510999351736,3.687547790798868,6340,1585,38.866369009017944,0.3290064334869385
