Model,R2,MAE,RMSE,MAPE_percent,n_train,n_test,fit_time_sec,predict_time_sec
cat,0.9804949711787475,0.03869545899747413,0.0029704297981097806,4.4276960543034205,4851,3969,4.379131555557251,0.005160331726074219
