Model,R2,MAE,RMSE,MAPE_percent,n_train,n_test,fit_time_sec,predict_time_sec
rf,0.9667482158640439,0.15908096078539416,0.07300284897425537,1979202.1821625493,9053,2263,93.84996700286865,0.4527099132537842
