Model,R2,MAE,RMSE,MAPE_percent,n_train,n_test,fit_time_sec,predict_time_sec
cat,0.9803946697843536,0.004551266939192577,3.675402009076842e-05,6.659291823843522,7127,3054,4.56484580039978,0.004070281982421875
