Model,R2,MAE,RMSE,MAPE_percent,n_train,n_test,fit_time_sec,predict_time_sec
gbm,0.9975629118716585,0.0058271360386649524,6.556578426238794e-05,2.7636637293268866,8145,2036,20.374292135238647,0.013888835906982422
