Model,R2,MAE,RMSE,MAPE_percent,n_train,n_test,fit_time_sec,predict_time_sec
cat,0.948545136999483,0.08580135098420662,0.03104039835660176,5.982911096181669,1981,5944,4.471957206726074,0.0065975189208984375
