Model,R2,MAE,RMSE,MAPE_percent,n_train,n_test,fit_time_sec,predict_time_sec
gbm,0.9939323770708971,0.0006646405288288081,1.2223963763110563e-06,4.055110666302023,8145,2036,20.495469331741333,0.013741731643676758
