Model,R2,MAE,RMSE,MAPE_percent,n_train,n_test,fit_time_sec,predict_time_sec
cat,0.9657158280435856,0.06362835648901635,0.010405892149931753,5.121295994288476,2487,4618,4.265775203704834,0.005600929260253906
