Model,R2,MAE,RMSE,MAPE_percent,n_train,n_test,fit_time_sec,predict_time_sec
cat,0.363752391803285,0.1438499632215052,0.06546675997130051,981.6237812988649,9053,2263,3.472381114959717,0.002980947494506836
