Model,R2,MAE,RMSE,MAPE_percent,n_train,n_test,fit_time_sec,predict_time_sec
gbm,0.7212315020302937,0.5478126486360009,0.6163670796587202,5379958449.492054,9059,2265,20.247137546539307,0.01651310920715332
