Model,R2,MAE,RMSE,MAPE_percent,n_train,n_test,fit_time_sec,predict_time_sec
cat,0.9767863249908422,0.059178412491778666,0.012586227486289327,4.034840877418804,6340,1585,4.716097831726074,0.0031404495239257812
