Model,R2,MAE,RMSE,MAPE_percent,n_train,n_test,fit_time_sec,predict_time_sec
cat,0.9601782251955798,0.17905650891712116,0.06252015136396906,6.786521403178068,9053,2263,4.86400842666626,0.0033690929412841797
