Model,R2,MAE,RMSE,MAPE_percent,n_train,n_test,fit_time_sec,predict_time_sec
gbm,0.9975577531878016,0.008962279527852831,0.00019065249723788891,3.872053479838432,8145,2036,20.37892460823059,0.014423131942749023
