Model,R2,MAE,RMSE,MAPE_percent,n_train,n_test,fit_time_sec,predict_time_sec
gbm,0.9454753524362707,0.042482871017772136,0.013955526834112176,4.193234994972066,7056,1764,18.82612705230713,0.013824224472045898
