Model,R2,MAE,RMSE,MAPE_percent,n_train,n_test,fit_time_sec,predict_time_sec
cat,0.9481594523576956,0.26368602696761,0.16528237557567269,7.392569950898483,6213,1553,3.6631553173065186,0.0023360252380371094
