Model,R2,MAE,RMSE,MAPE_percent,n_train,n_test,fit_time_sec,predict_time_sec
cat,0.9943706456065395,0.010039716899489569,0.0001997264513890147,4.430076791493129,8145,2036,3.9132368564605713,0.0028443336486816406
