Model,R2,MAE,RMSE,MAPE_percent,n_train,n_test,fit_time_sec,predict_time_sec
gbm,0.9878995758744082,0.007965891371971744,0.00020538057826425185,3.030451856425796,1940,5820,4.698291063308716,0.03530240058898926
