Model,R2,MAE,RMSE,MAPE_percent,n_train,n_test,fit_time_sec,predict_time_sec
cat,0.9582156814473483,0.1893995623187292,0.07136394554914441,7.541738210516526,6790,4526,4.8457231521606445,0.00554203987121582
