Model,R2,MAE,RMSE,MAPE_percent,n_train,n_test,fit_time_sec,predict_time_sec
gbm,0.9994285706733702,0.0002517946454764867,1.7346126003554612e-07,1.7078169499998759,8145,2036,20.55667996406555,0.015019655227661133
