Model,R2,MAE,RMSE,MAPE_percent,n_train,n_test,fit_time_sec,predict_time_sec
rf,0.9948725635961431,0.004354235312993474,3.827952571650233e-05,7.098008281146183,8145,2036,50.8965585231781,0.4134402275085449
