Model,R2,MAE,RMSE,MAPE_percent,n_train,n_test,fit_time_sec,predict_time_sec
gbm,0.9650138173811578,0.055534050524089745,0.008451803226392069,4.220203799595777,5684,1421,14.111048460006714,0.011485815048217773
