Model,R2,MAE,RMSE,MAPE_percent,n_train,n_test,fit_time_sec,predict_time_sec
gbm,0.97810509262192,0.0010043673076033572,6.841096593483549e-06,7.499888205052111,6109,4072,14.603116273880005,0.02786993980407715
