Model,R2,MAE,RMSE,MAPE_percent,n_train,n_test,fit_time_sec,predict_time_sec
cat,0.8433221131737202,0.08662858058470863,0.07455338986733204,6.754151297394227,1403,5612,3.842092514038086,0.005518674850463867
