Model,R2,MAE,RMSE,MAPE_percent,n_train,n_test,fit_time_sec,predict_time_sec
cat,0.9836559328735321,0.01020727924034889,0.0014880677829433354,10415121.107161446,9059,2265,3.798050880432129,0.003056049346923828
