Model,R2,MAE,RMSE,MAPE_percent,n_train,n_test,fit_time_sec,predict_time_sec
rf,0.91295991859668,0.001038218093177208,3.683351123661423e-05,7.165141919521282,5090,5091,29.905597448349,0.6020150184631348
