Model,R2,MAE,RMSE,MAPE_percent,n_train,n_test,fit_time_sec,predict_time_sec
gbm,0.9587319372647977,0.018445040969645592,0.0030920165647357555,37043010.75383801,1132,10184,2.6601028442382812,0.06188225746154785
