Model,R2,MAE,RMSE,MAPE_percent,n_train,n_test,fit_time_sec,predict_time_sec
cat,0.895192300286451,0.015968971538997033,0.009137959789282292,7.428785541631281,5090,5091,4.789132118225098,0.006486654281616211
