Model,R2,MAE,RMSE,MAPE_percent,n_train,n_test,fit_time_sec,predict_time_sec
rf,0.47698931472662875,0.0013574598727514996,0.0002631139794424261,6.274165352217981,8151,2038,54.69973850250244,0.40762853622436523
