Model,R2,MAE,RMSE,MAPE_percent,n_train,n_test,fit_time_sec,predict_time_sec
rf,0.9974234467564276,0.007781385242749187,0.00014744993746229637,4.340408069326617,8145,2036,72.50362706184387,0.7907845973968506
