Model,R2,MAE,RMSE,MAPE_percent,n_train,n_test,fit_time_sec,predict_time_sec
cat,0.705908443071618,0.001125676719037824,0.00019295433462613676,5.960486374350136,8151,2038,3.6609065532684326,0.0027167797088623047
