Model,R2,MAE,RMSE,MAPE_percent,n_train,n_test,fit_time_sec,predict_time_sec
cat,0.31370419563918694,0.31574645625827463,0.4443927511910473,32.80654397909786,4263,2842,4.335376262664795,0.004260540008544922
