Model,R2,MAE,RMSE,MAPE_percent,n_train,n_test,fit_time_sec,predict_time_sec
rf,0.9662643396637097,0.04044608237855744,0.005788748907949788,3.7306069858394486,6208,1552,36.15052509307861,0.2853538990020752
