Model,R2,MAE,RMSE,MAPE_percent,n_train,n_test,fit_time_sec,predict_time_sec
cat,0.9711902155634474,0.007193032647279074,0.0002237756482504969,12.31916856891809,4072,6109,4.103422164916992,0.006987810134887695
