Model,R2,MAE,RMSE,MAPE_percent,n_train,n_test,fit_time_sec,predict_time_sec
gbm,0.9519459966101855,0.1445752046793816,0.0668275782677561,6.115743793251847,6208,1552,15.483152866363525,0.013093709945678711
