Model,R2,MAE,RMSE,MAPE_percent,n_train,n_test,fit_time_sec,predict_time_sec
cat,0.8886753263933928,0.02170221303086171,0.014524776553031346,4.213890548074146,4359,3566,4.711049556732178,0.004969358444213867
