Model,R2,MAE,RMSE,MAPE_percent,n_train,n_test,fit_time_sec,predict_time_sec
gbm,0.9702862305346476,0.06365489537459032,0.009869502034793164,4.206720014973967,6340,1585,15.808876037597656,0.012088537216186523
