Model,R2,MAE,RMSE,MAPE_percent,n_train,n_test,fit_time_sec,predict_time_sec
cat,0.9519817471655104,0.08534059527580483,0.03272982779130234,1072715031.0571499,7355,3961,4.950716257095337,0.005544900894165039
