Model,R2,MAE,RMSE,MAPE_percent,n_train,n_test,fit_time_sec,predict_time_sec
gbm,0.8985412846910997,0.08756365346946424,0.02076271376536308,7.86305898447784,6208,1552,15.587073564529419,0.011285066604614258
