Model,R2,MAE,RMSE,MAPE_percent,n_train,n_test,fit_time_sec,predict_time_sec
cat,0.5078616492539041,0.05898153593748248,0.303536767115212,6.567333602810281,1764,7056,4.58486795425415,0.007508277893066406
