Model,R2,MAE,RMSE,MAPE_percent,n_train,n_test,fit_time_sec,predict_time_sec
cat,0.9951575969951888,0.0024721596982279475,1.1966611237833069e-05,4.141811453201559,8145,2036,3.750976800918579,0.0026009082794189453
