Model,R2,MAE,RMSE,MAPE_percent,n_train,n_test,fit_time_sec,predict_time_sec
cat,0.9442277090952637,0.08938547772127475,0.03541420038428186,1193555400.1644146,3395,7921,4.76362943649292,0.008745431900024414
