Model,R2,MAE,RMSE,MAPE_percent,n_train,n_test,fit_time_sec,predict_time_sec
cat,0.8995270917757615,0.02164956601721678,0.008023362520154812,12.699138095998949,3563,6618,4.137988567352295,0.007150888442993164
