Model,R2,MAE,RMSE,MAPE_percent,n_train,n_test,fit_time_sec,predict_time_sec
rf,0.9948770850096045,0.007379075282488353,0.00010955412620927739,4.166998809626142,8145,2036,51.80811071395874,0.4024960994720459
