Model,R2,MAE,RMSE,MAPE_percent,n_train,n_test,fit_time_sec,predict_time_sec
gbm,0.9960698398627529,0.0026166681169254263,1.2284494633473675e-05,3.8347393469756073,8145,2036,20.698004722595215,0.014162302017211914
