Model,R2,MAE,RMSE,MAPE_percent,n_train,n_test,fit_time_sec,predict_time_sec
cat,0.8118011158953402,0.026695492019757166,0.021449711611882916,5.46229663682126,792,7133,3.6902053356170654,0.0083465576171875
