Model,R2,MAE,RMSE,MAPE_percent,n_train,n_test,fit_time_sec,predict_time_sec
cat,0.9658622186398083,0.1807937821615161,0.07507403650963984,629.6582753288415,9053,2263,3.6964898109436035,0.0029332637786865234
