Model,R2,MAE,RMSE,MAPE_percent,n_train,n_test,fit_time_sec,predict_time_sec
cat,0.9968027885489366,0.0004812595464104987,5.144701917728791e-07,3.156718658422861,8145,2036,3.6856038570404053,0.0028018951416015625
