Model,R2,MAE,RMSE,MAPE_percent,n_train,n_test,fit_time_sec,predict_time_sec
rf,0.9681103113440623,0.04555830915985819,0.015199517248796507,4.322868796295308,7056,1764,48.15453052520752,0.36247706413269043
