Model,R2,MAE,RMSE,MAPE_percent,n_train,n_test,fit_time_sec,predict_time_sec
cat,0.22082705290152915,0.1551629324938143,0.09118487142018443,59.25694560059325,1981,5944,3.947032928466797,0.006991386413574219
