Model,R2,MAE,RMSE,MAPE_percent,n_train,n_test,fit_time_sec,predict_time_sec
gbm,0.9776631674266918,0.05966894476437771,0.013203249406079007,3.8716990560540245,6340,1585,16.01954436302185,0.013015985488891602
