Model,R2,MAE,RMSE,MAPE_percent,n_train,n_test,fit_time_sec,predict_time_sec
cat,0.9845513088159639,0.013600364329648625,0.00032241164563717625,6.888427778888668,5600,4581,4.694877862930298,0.005774021148681641
