Model,R2,MAE,RMSE,MAPE_percent,n_train,n_test,fit_time_sec,predict_time_sec
cat,0.9504525766969207,0.2633122057228369,0.1390442254652654,6.995431973122719,6206,1552,3.752331495285034,0.002367258071899414
