Model,R2,MAE,RMSE,MAPE_percent,n_train,n_test,fit_time_sec,predict_time_sec
cat,0.6704204333105547,0.5677596181695155,0.6663997623776973,23.602065983810487,2378,5547,4.350801706314087,0.00859832763671875
