Model,R2,MAE,RMSE,MAPE_percent,n_train,n_test,fit_time_sec,predict_time_sec
gbm,0.9549711164420709,0.07927859011432996,0.027920116977059137,294893170.07776165,9059,2265,22.799665689468384,0.01797318458557129
