Model,R2,MAE,RMSE,MAPE_percent,n_train,n_test,fit_time_sec,predict_time_sec
rf,0.9853984697300443,0.012659226139358062,0.0005363836631412702,247202.63646795534,3961,7355,21.813464164733887,0.6992154121398926
