Model,R2,MAE,RMSE,MAPE_percent,n_train,n_test,fit_time_sec,predict_time_sec
cat,0.872660093466583,0.030147094545742922,0.013177657677721008,8.60085634119665,396,7529,3.4600908756256104,0.008076667785644531
