Model,R2,MAE,RMSE,MAPE_percent,n_train,n_test,fit_time_sec,predict_time_sec
cat,0.9131455147236484,0.11556078194532884,0.056047244868883205,2059312992.9422145,566,10750,4.267491579055786,0.01150965690612793
