Model,R2,MAE,RMSE,MAPE_percent,n_train,n_test,fit_time_sec,predict_time_sec
rf,0.8678502976732201,0.3069262728063561,0.21439584470171208,11.92198226585755,6214,1554,38.28849911689758,0.3109409809112549
