Model,R2,MAE,RMSE,MAPE_percent,n_train,n_test,fit_time_sec,predict_time_sec
cat,0.9607478548496438,0.07701484085538106,0.01427300205501058,381935087.009525,5092,6224,4.565526485443115,0.008441686630249023
