Model,R2,MAE,RMSE,MAPE_percent,n_train,n_test,fit_time_sec,predict_time_sec
gbm,0.9626203880751311,0.12913351765547684,0.03618510228276283,5.366677254202027,6208,1552,15.431118726730347,0.012344598770141602
