Model,R2,MAE,RMSE,MAPE_percent,n_train,n_test,fit_time_sec,predict_time_sec
cat,0.992245467271227,0.0006964682177543028,9.881473845001072e-07,5.223143296830793,8151,2038,3.6456403732299805,0.0026311874389648438
