Model,R2,MAE,RMSE,MAPE_percent,n_train,n_test,fit_time_sec,predict_time_sec
cat,0.9495875035912654,0.25561556902308413,0.13316889709862387,6.769425949347008,6206,1552,3.6382219791412354,0.002360105514526367
