Model,R2,MAE,RMSE,MAPE_percent,n_train,n_test,fit_time_sec,predict_time_sec
gbm,0.9668781049237574,0.00841702180690383,0.00426920915158483,1.460183515686186,6340,1585,15.980347633361816,0.012743949890136719
