Model,R2,MAE,RMSE,MAPE_percent,n_train,n_test,fit_time_sec,predict_time_sec
gbm,0.8824453001155358,0.28537780072190166,0.14701298884373445,10.84993502867877,6208,1552,15.55800986289978,0.012051105499267578
