Model,R2,MAE,RMSE,MAPE_percent,n_train,n_test,fit_time_sec,predict_time_sec
rf,0.8758969113197508,0.005824443610415482,0.001194797076482766,10.859207651916865,8145,2036,49.96244406700134,0.4146547317504883
