Model,R2,MAE,RMSE,MAPE_percent,n_train,n_test,fit_time_sec,predict_time_sec
cat,0.9522259336292337,0.023331927867571295,0.003200597260901046,6.943616424034851,792,7133,3.694288969039917,0.0071108341217041016
