Model,R2,MAE,RMSE,MAPE_percent,n_train,n_test,fit_time_sec,predict_time_sec
cat,0.9590785261574677,0.1876243873376706,0.07155409418959151,94.10255913277058,9053,2263,3.700028896331787,0.0030982494354248047
