Model,R2,MAE,RMSE,MAPE_percent,n_train,n_test,fit_time_sec,predict_time_sec
cat,0.9895852779271046,0.008314431561343268,0.00013552958175915792,3.4659298804190732,2716,5044,3.4103317260742188,0.004971981048583984
