Model,R2,MAE,RMSE,MAPE_percent,n_train,n_test,fit_time_sec,predict_time_sec
cat,0.9744340516001807,0.056070938976711185,0.0077845638530821175,3.7819723434628987,6340,1585,4.278996467590332,0.0029976367950439453
