Model,R2,MAE,RMSE,MAPE_percent,n_train,n_test,fit_time_sec,predict_time_sec
cat,0.9584801231235742,0.1374533007461674,0.04036126930248376,5.69420778318387,6208,1552,3.547795295715332,0.0023696422576904297
