Model,R2,MAE,RMSE,MAPE_percent,n_train,n_test,fit_time_sec,predict_time_sec
gbm,0.9946592092894985,0.0041699002862896515,3.693928342789068e-05,7.755667816401263,8145,2036,19.85753059387207,0.015048027038574219
