Model,R2,MAE,RMSE,MAPE_percent,n_train,n_test,fit_time_sec,predict_time_sec
gbm,0.8913654787109667,0.27778085066313263,0.13607809624626882,10.69139429890514,6208,1552,15.407392740249634,0.011942148208618164
