Model,R2,MAE,RMSE,MAPE_percent,n_train,n_test,fit_time_sec,predict_time_sec
gbm,0.8616768764168931,0.29044144678069866,0.1695684012520669,11.08533284331033,6214,1554,15.436078071594238,0.011866569519042969
