Model,R2,MAE,RMSE,MAPE_percent,n_train,n_test,fit_time_sec,predict_time_sec
cat,0.921173497133146,0.2891094194215844,0.2511025500237935,8.256862494231026,6213,1553,3.6179380416870117,0.002390623092651367
