Model,R2,MAE,RMSE,MAPE_percent,n_train,n_test,fit_time_sec,predict_time_sec
gbm,0.9461374919268374,0.2740989464547008,0.1657834287168786,7.433078531684805,6206,1552,19.290538787841797,0.013114452362060547
