Model,R2,MAE,RMSE,MAPE_percent,n_train,n_test,fit_time_sec,predict_time_sec
cat,0.778338508814451,0.2021600683661778,0.6784515479249641,209.83706566488044,9059,2265,3.7754931449890137,0.003024578094482422
