Model,R2,MAE,RMSE,MAPE_percent,n_train,n_test,fit_time_sec,predict_time_sec
cat,0.8869853411488746,0.005408096498497736,0.001273860490513693,7.191661094899891,7636,2545,5.048099756240845,0.003408670425415039
