Model,R2,MAE,RMSE,MAPE_percent,n_train,n_test,fit_time_sec,predict_time_sec
gbm,0.8763312559118518,0.3020737216783417,0.1848641368420925,11.77364817062802,6214,1554,15.495313882827759,0.012084484100341797
