Model,R2,MAE,RMSE,MAPE_percent,n_train,n_test,fit_time_sec,predict_time_sec
cat,0.9772763274699764,0.03754350113017206,0.003798026431023202,3.411432535800136,6208,1552,3.562255620956421,0.0023107528686523438
