Model,R2,MAE,RMSE,MAPE_percent,n_train,n_test,fit_time_sec,predict_time_sec
cat,0.714612560190373,0.5355576054215336,0.569124754469587,22.11265299105391,4359,3566,4.228916168212891,0.00520014762878418
