Model,R2,MAE,RMSE,MAPE_percent,n_train,n_test,fit_time_sec,predict_time_sec
gbm,0.9452538027394922,0.2667310284015853,0.1512579394102622,6.796745333190623,6206,1552,15.474244356155396,0.012576580047607422
