Model,R2,MAE,RMSE,MAPE_percent,n_train,n_test,fit_time_sec,predict_time_sec
cat,0.9600463547316829,0.18440396238323586,0.07915077659623534,6.381748764834848,3566,4359,4.614087104797363,0.005341529846191406
