Model,R2,MAE,RMSE,MAPE_percent,n_train,n_test,fit_time_sec,predict_time_sec
cat,0.9336253431491415,0.037273138189533,0.013976154051897763,5.849616729780941,1552,6206,3.2094857692718506,0.0061109066009521484
