Model,R2,MAE,RMSE,MAPE_percent,n_train,n_test,fit_time_sec,predict_time_sec
cat,0.9890022623834968,0.00501402407372537,4.6695471137135794e-05,6.775148271869496,8145,2036,3.513712167739868,0.0026061534881591797
