Model,R2,MAE,RMSE,MAPE_percent,n_train,n_test,fit_time_sec,predict_time_sec
cat,0.9888986566252359,0.014647134273585858,0.00039285984455694935,6.464613820548755,8145,2036,3.5936567783355713,0.002881765365600586
