Model,R2,MAE,RMSE,MAPE_percent,n_train,n_test,fit_time_sec,predict_time_sec
rf,0.644233501978177,0.44798181822368566,0.4537673207189724,24.46660072798153,6208,1552,39.78518009185791,0.29928135871887207
