Model,R2,MAE,RMSE,MAPE_percent,n_train,n_test,fit_time_sec,predict_time_sec
gbm,0.9505930255464067,0.055529512470339513,0.01713975349650771,4.557604516284775,6208,1552,15.490859270095825,0.011867523193359375
