Model,R2,MAE,RMSE,MAPE_percent,n_train,n_test,fit_time_sec,predict_time_sec
cat,0.9941521628133878,0.0026762054701487004,4.1630398263535296e-05,4.158342910317092,8145,2036,7.1813483238220215,0.017788171768188477
