Model,R2,MAE,RMSE,MAPE_percent,n_train,n_test,fit_time_sec,predict_time_sec
cat,0.9504358888010593,0.022022586852304855,0.0030340833093264043,7.161687135176206,792,7133,3.7494730949401855,0.00762176513671875
