Model,R2,MAE,RMSE,MAPE_percent,n_train,n_test,fit_time_sec,predict_time_sec
cat,0.9802123775710925,0.0008871362394592056,1.3425765157208955e-06,6.516908302992934,8145,2036,5.01307487487793,0.0030269622802734375
