Model,R2,MAE,RMSE,MAPE_percent,n_train,n_test,fit_time_sec,predict_time_sec
gbm,0.9970224663140995,0.007858802903853712,0.00017738514471489505,4.4302184988211355,8145,2036,20.350169897079468,0.014381647109985352
