Model,R2,MAE,RMSE,MAPE_percent,n_train,n_test,fit_time_sec,predict_time_sec
gbm,0.9473933351433613,0.2783267514500226,0.17374841726448492,7.550929806974568,6206,1552,15.434773206710815,0.012705564498901367
