Model,R2,MAE,RMSE,MAPE_percent,n_train,n_test,fit_time_sec,predict_time_sec
gbm,0.9946891133794202,0.013464008901919056,0.0003839997544174695,7.253578095784598,8145,2036,23.18582773208618,0.01768660545349121
