Model,R2,MAE,RMSE,MAPE_percent,n_train,n_test,fit_time_sec,predict_time_sec
cat,0.8748872365309657,0.008221377931129701,0.0011455106433692786,13.48718669854165,1527,8654,3.991891384124756,0.00917506217956543
