Model,R2,MAE,RMSE,MAPE_percent,n_train,n_test,fit_time_sec,predict_time_sec
rf,0.9599276985348227,0.07396688647750049,0.024321485942117475,715997.5162983751,9053,2263,54.73059892654419,0.4562947750091553
