Model,R2,MAE,RMSE,MAPE_percent,n_train,n_test,fit_time_sec,predict_time_sec
rf,0.9702975486293798,0.002552082444090412,0.00022325587312038546,3.3628514385742636,8145,2036,53.92914628982544,0.402738094329834
