Model,R2,MAE,RMSE,MAPE_percent,n_train,n_test,fit_time_sec,predict_time_sec
cat,0.9946810708278028,0.008007382391795083,0.0001253331153561216,4.561627748937961,8145,2036,3.8628990650177,0.00273895263671875
