Model,R2,MAE,RMSE,MAPE_percent,n_train,n_test,fit_time_sec,predict_time_sec
cat,0.6187314226331952,0.2984035590930806,0.63689403459812,10.730376863757076,6214,1554,3.538400411605835,0.002379179000854492
