Model,R2,MAE,RMSE,MAPE_percent,n_train,n_test,fit_time_sec,predict_time_sec
gbm,0.3090287438125361,0.33473412116592977,0.3565702840936037,33.62347995258892,5690,1423,12.579010009765625,0.011021137237548828
