Model,R2,MAE,RMSE,MAPE_percent,n_train,n_test,fit_time_sec,predict_time_sec
rf,0.9396250827565882,0.0010829895345893657,2.1393841305446536e-05,7.837196546786219,1527,8654,7.941348075866699,0.6544342041015625
