Model,R2,MAE,RMSE,MAPE_percent,n_train,n_test,fit_time_sec,predict_time_sec
cat,0.9841813092417757,0.013595366551918758,0.0006223409021559586,4.2004583858054705,9053,2263,3.697012424468994,0.0029172897338867188
