Model,R2,MAE,RMSE,MAPE_percent,n_train,n_test,fit_time_sec,predict_time_sec
cat,0.8901545162191367,0.000782257667678269,4.643506229802296e-05,4.582055164445847,8151,2038,3.602436065673828,0.002607583999633789
