Model,R2,MAE,RMSE,MAPE_percent,n_train,n_test,fit_time_sec,predict_time_sec
gbm,0.9975837371365112,0.001969359989306532,7.439058482732212e-06,2.8010427271952407,8145,2036,20.293604135513306,0.014696359634399414
