Model,R2,MAE,RMSE,MAPE_percent,n_train,n_test,fit_time_sec,predict_time_sec
cat,0.9883564886368897,0.0009224486201102799,1.5330071642892164e-06,7.08459646875902,8145,2036,3.638184070587158,0.0026493072509765625
