Model,R2,MAE,RMSE,MAPE_percent,n_train,n_test,fit_time_sec,predict_time_sec
rf,0.9888789310641695,0.006856730236653999,8.632868205671025e-05,2.5971968071245732,5820,1940,35.12434911727905,0.2938990592956543
