Model,R2,MAE,RMSE,MAPE_percent,n_train,n_test,fit_time_sec,predict_time_sec
cat,0.5192973214003107,0.08703045889971446,0.4920463914521824,4.981297357594537,5690,1423,3.455329418182373,0.0022759437561035156
