Model,R2,MAE,RMSE,MAPE_percent,n_train,n_test,fit_time_sec,predict_time_sec
gbm,0.9609202430984003,0.12817591376593174,0.037494434654023315,5.128121253926044,6208,1552,15.789341688156128,0.012760162353515625
