Model,R2,MAE,RMSE,MAPE_percent,n_train,n_test,fit_time_sec,predict_time_sec
rf,0.9672079669281014,0.06984739552792969,0.020743366267194162,190604.5374445993,9053,2263,54.11105942726135,0.45122790336608887
