Model,R2,MAE,RMSE,MAPE_percent,n_train,n_test,fit_time_sec,predict_time_sec
cat,0.9864093651917217,0.0008337164472213939,1.460223392065365e-06,7.004934941801526,8145,2036,3.5746848583221436,0.0025887489318847656
