Model,R2,MAE,RMSE,MAPE_percent,n_train,n_test,fit_time_sec,predict_time_sec
cat,0.9958735173465821,0.00811801710958473,0.00013029722630517098,3.6517654039419907,8145,2036,3.5135207176208496,0.0026781558990478516
