Model,R2,MAE,RMSE,MAPE_percent,n_train,n_test,fit_time_sec,predict_time_sec
gbm,0.9650318770706171,0.017574837700090898,0.0035390557236092434,65245201.67763788,9059,2265,22.763513565063477,0.01691913604736328
