Model,R2,MAE,RMSE,MAPE_percent,n_train,n_test,fit_time_sec,predict_time_sec
cat,0.9532776804043093,0.08024421058613672,0.03153622433883035,634716724.4535524,9053,2263,3.7277472019195557,0.003329753875732422
