Model,R2,MAE,RMSE,MAPE_percent,n_train,n_test,fit_time_sec,predict_time_sec
cat,0.9595699576006796,0.10012364081542093,0.024849888317608985,4.963318139457852,6206,1552,3.4519641399383545,0.0022552013397216797
