Model,R2,MAE,RMSE,MAPE_percent,n_train,n_test,fit_time_sec,predict_time_sec
cat,0.9921802648324484,0.000952908068348376,2.3663422812495614e-06,7.506214254868558,7636,2545,4.629266977310181,0.0038437843322753906
