Model,R2,MAE,RMSE,MAPE_percent,n_train,n_test,fit_time_sec,predict_time_sec
cat,0.9604950484918272,0.18120364822575796,0.07851249129261882,6.07967143453437,6340,1585,4.959103584289551,0.0027322769165039062
