Model,R2,MAE,RMSE,MAPE_percent,n_train,n_test,fit_time_sec,predict_time_sec
rf,0.9894444474272013,0.00039426979449154036,4.130966592191401e-06,2.0180929932100495,8145,2036,80.63881778717041,0.7855384349822998
