Model,R2,MAE,RMSE,MAPE_percent,n_train,n_test,fit_time_sec,predict_time_sec
gbm,0.9315339387563182,0.06328584964666646,0.02335971090424836,5.466403261923408,6208,1552,15.444671869277954,0.011989593505859375
