Model,R2,MAE,RMSE,MAPE_percent,n_train,n_test,fit_time_sec,predict_time_sec
cat,0.9572605233481467,0.1872704282694236,0.08586503739088185,6.399384476695773,3962,3963,4.516424179077148,0.005274295806884766
