Model,R2,MAE,RMSE,MAPE_percent,n_train,n_test,fit_time_sec,predict_time_sec
rf,0.9767899084576824,0.0009567530913211103,8.283009543686686e-06,7.0793711052441335,8145,2036,51.18074059486389,0.40606260299682617
