Model,R2,MAE,RMSE,MAPE_percent,n_train,n_test,fit_time_sec,predict_time_sec
rf,0.9630993305678903,0.0758870988992149,0.02382103791422028,1520903.8942107735,9059,2265,54.331345558166504,0.44426989555358887
