Model,R2,MAE,RMSE,MAPE_percent,n_train,n_test,fit_time_sec,predict_time_sec
cat,0.992220116710952,0.0005600347865487557,2.040662324279206e-06,4.183805061778686,8145,2036,3.6679863929748535,0.002650022506713867
