Model,R2,MAE,RMSE,MAPE_percent,n_train,n_test,fit_time_sec,predict_time_sec
gbm,0.9258625251697524,0.0014070543157837377,3.208719824676455e-05,8.526525358528634,509,9672,1.2801580429077148,0.06451606750488281
