Model,R2,MAE,RMSE,MAPE_percent,n_train,n_test,fit_time_sec,predict_time_sec
cat,0.2581499942642569,0.14582085349401214,0.07941350375495937,53.423447309186756,3170,4755,4.457335710525513,0.0050487518310546875
