Model,R2,MAE,RMSE,MAPE_percent,n_train,n_test,fit_time_sec,predict_time_sec
gbm,-0.0935590924166878,0.01640598842757889,0.036571639583923614,4.769441050622176,8151,2038,20.399564504623413,0.013560771942138672
