Model,R2,MAE,RMSE,MAPE_percent,n_train,n_test,fit_time_sec,predict_time_sec
cat,-0.16900993455820124,0.28430773965926087,0.4933731893103765,40.49143961410161,3087,5733,4.043028831481934,0.008378744125366211
