Model,R2,MAE,RMSE,MAPE_percent,n_train,n_test,fit_time_sec,predict_time_sec
gbm,0.9670825706798066,0.008704296471796514,0.0007187232444676253,3.1583956422134465,1552,6208,3.7782037258148193,0.03851723670959473
