Model,R2,MAE,RMSE,MAPE_percent,n_train,n_test,fit_time_sec,predict_time_sec
cat,0.956348637180943,0.18618417751534497,0.06834084618991848,7.2680077151036695,7921,3395,4.9550135135650635,0.0047588348388671875
