Model,R2,MAE,RMSE,MAPE_percent,n_train,n_test,fit_time_sec,predict_time_sec
rf,0.9715499750098474,0.009638107435521527,0.0008365870641136947,3.224954092115748,1164,6596,5.641792297363281,0.45932602882385254
