Model,R2,MAE,RMSE,MAPE_percent,n_train,n_test,fit_time_sec,predict_time_sec
cat,0.9966165010193659,0.0007271612059830436,1.3284096841107068e-06,4.837641425957282,8145,2036,3.737841844558716,0.0026090145111083984
