Model,R2,MAE,RMSE,MAPE_percent,n_train,n_test,fit_time_sec,predict_time_sec
gbm,0.979918310615507,0.0011733131478119199,6.705874850636047e-06,11.175697350678625,8145,2036,18.195525407791138,0.015727758407592773
