Model,R2,MAE,RMSE,MAPE_percent,n_train,n_test,fit_time_sec,predict_time_sec
cat,0.9143115939524961,0.000953768367554984,2.7947322367564295e-05,7.6425472311965015,4581,5600,3.6113827228546143,0.005700826644897461
