Model,R2,MAE,RMSE,MAPE_percent,n_train,n_test,fit_time_sec,predict_time_sec
rf,0.9071972500552995,0.2607876267897496,0.14266982011711685,10.54888108052159,6208,1552,38.07936763763428,0.2855861186981201
