Model,R2,MAE,RMSE,MAPE_percent,n_train,n_test,fit_time_sec,predict_time_sec
cat,0.14956820187607678,0.27901139229015,0.3125387160333497,43.517370618725806,3528,5292,4.1732635498046875,0.006400346755981445
