Model,R2,MAE,RMSE,MAPE_percent,n_train,n_test,fit_time_sec,predict_time_sec
cat,0.12331960650027796,0.16474617336544875,0.10296404740347466,7527962525.454506,566,10750,3.727189064025879,0.011317729949951172
