Model,R2,MAE,RMSE,MAPE_percent,n_train,n_test,fit_time_sec,predict_time_sec
gbm,0.7933804496728178,0.11078602286735063,0.0920206258175174,9.449327399726753,6214,1554,15.698899507522583,0.012193918228149414
