Model,R2,MAE,RMSE,MAPE_percent,n_train,n_test,fit_time_sec,predict_time_sec
rf,0.9654144130396579,0.06700235654335653,0.011263302070298641,4.505472116649201,6340,1585,36.820334672927856,0.30411863327026367
