Model,R2,MAE,RMSE,MAPE_percent,n_train,n_test,fit_time_sec,predict_time_sec
cat,0.8902006076764309,0.0014703299918541147,4.187349410367763e-05,12.871022971813526,4581,5600,4.37992787361145,0.006376028060913086
