Model,R2,MAE,RMSE,MAPE_percent,n_train,n_test,fit_time_sec,predict_time_sec
gbm,0.8972710845468157,0.04067675850510717,0.02311253461782377,4.133185176632279,7062,1765,17.69118070602417,0.013346433639526367
