Model,R2,MAE,RMSE,MAPE_percent,n_train,n_test,fit_time_sec,predict_time_sec
gbm,0.9885370840428843,0.0044883667756904395,3.727342890595543e-05,6.956151383108818,8145,2036,19.76972484588623,0.015280485153198242
