Model,R2,MAE,RMSE,MAPE_percent,n_train,n_test,fit_time_sec,predict_time_sec
gbm,0.9688121205795454,0.042154826516397924,0.005826759479190359,3.697427733115826,6208,1552,15.517825603485107,0.011748313903808594
