Model,R2,MAE,RMSE,MAPE_percent,n_train,n_test,fit_time_sec,predict_time_sec
gbm,0.9503531744201825,0.10573349344496334,0.027804288991194186,5.381413131635396,6206,1552,15.414409399032593,0.012362957000732422
