Model,R2,MAE,RMSE,MAPE_percent,n_train,n_test,fit_time_sec,predict_time_sec
cat,0.9946298747565089,0.0028527546341117647,1.5503906494286156e-05,4.656342150872257,8145,2036,4.807403802871704,0.003034353256225586
