Model,R2,MAE,RMSE,MAPE_percent,n_train,n_test,fit_time_sec,predict_time_sec
cat,0.9450575920094727,0.11953708937226991,0.03603316319454547,6.224618449671975,6206,1552,3.493067502975464,0.002318859100341797
