Model,R2,MAE,RMSE,MAPE_percent,n_train,n_test,fit_time_sec,predict_time_sec
cat,0.9888408570375887,0.016193480007211568,0.0007115066338940208,2.9196267894334316,6206,1552,3.4485695362091064,0.002290487289428711
