Model,R2,MAE,RMSE,MAPE_percent,n_train,n_test,fit_time_sec,predict_time_sec
gbm,0.9785793087036495,0.0010414371731929685,1.9483918210809735e-06,6.737669648790219,7127,3054,17.270900011062622,0.019524574279785156
