Model,R2,MAE,RMSE,MAPE_percent,n_train,n_test,fit_time_sec,predict_time_sec
cat,0.9508252965320922,0.094139824358926,0.025564713559294867,1102789725.0469706,1697,9619,4.354459285736084,0.010438203811645508
