Model,R2,MAE,RMSE,MAPE_percent,n_train,n_test,fit_time_sec,predict_time_sec
cat,0.9908968418291579,0.001032674985025828,2.237643762485927e-06,8.394169846712469,2036,8145,4.02364444732666,0.008181571960449219
