Model,R2,MAE,RMSE,MAPE_percent,n_train,n_test,fit_time_sec,predict_time_sec
gbm,0.9221770330975432,0.010918264952141637,0.005364550889604509,2.3254072768804823,6208,1552,15.597331523895264,0.012009620666503906
