Model,R2,MAE,RMSE,MAPE_percent,n_train,n_test,fit_time_sec,predict_time_sec
cat,0.9620049604155626,0.0731449598687193,0.012369935885039424,5.712717665769656,6790,4526,4.595866918563843,0.0057523250579833984
