Model,R2,MAE,RMSE,MAPE_percent,n_train,n_test,fit_time_sec,predict_time_sec
rf,0.9978488705654537,0.001918273261033206,7.186752779370228e-06,2.719722634457677,8145,2036,51.20393180847168,0.39764833450317383
