Model,R2,MAE,RMSE,MAPE_percent,n_train,n_test,fit_time_sec,predict_time_sec
cat,0.9478169008242231,0.09074148568690142,0.030415516757803664,6.612572261409452,1189,6736,4.02199125289917,0.006959438323974609
