Model,R2,MAE,RMSE,MAPE_percent,n_train,n_test,fit_time_sec,predict_time_sec
rf,0.8910735068465753,0.08264556355926914,0.06765687294935267,5.661435277324996,5618,1405,32.63679313659668,0.2625410556793213
