Model,R2,MAE,RMSE,MAPE_percent,n_train,n_test,fit_time_sec,predict_time_sec
cat,0.30784176219512716,0.023283492781179693,0.045277700172914756,8.634104148933668,8151,2038,3.7771894931793213,0.0027306079864501953
