Model,R2,MAE,RMSE,MAPE_percent,n_train,n_test,fit_time_sec,predict_time_sec
gbm,0.9442426920030683,0.269207931881337,0.14976315875127663,6.9430445396590645,6206,1552,15.45117974281311,0.013043880462646484
