Model,R2,MAE,RMSE,MAPE_percent,n_train,n_test,fit_time_sec,predict_time_sec
gbm,0.9679365273170717,0.06144835897328615,0.012468120062269753,4.6761012777674305,5684,1421,15.1148681640625,0.012157917022705078
