Model,R2,MAE,RMSE,MAPE_percent,n_train,n_test,fit_time_sec,predict_time_sec
rf,0.9886803647792608,0.004338993642183225,3.452624624360517e-05,6.696057644585792,8145,2036,52.56452202796936,0.3986344337463379
