Model,R2,MAE,RMSE,MAPE_percent,n_train,n_test,fit_time_sec,predict_time_sec
rf,0.9419994911381587,0.11016387409419232,0.034950895208080146,5.620098792138916,6206,1552,35.70129203796387,0.2878842353820801
