Model,R2,MAE,RMSE,MAPE_percent,n_train,n_test,fit_time_sec,predict_time_sec
cat,0.9438942477273234,0.19191894826126982,0.09437583822052956,6.405082228244647,2378,5547,4.477033853530884,0.007337093353271484
