Model,R2,MAE,RMSE,MAPE_percent,n_train,n_test,fit_time_sec,predict_time_sec
rf,0.9466825182194584,0.04596682275674051,0.014692590246402163,3.950598509875794,6208,1552,57.57988095283508,0.2950429916381836
