Model,R2,MAE,RMSE,MAPE_percent,n_train,n_test,fit_time_sec,predict_time_sec
cat,0.9523975410001062,0.08569108156041814,0.030577416704637417,911024603.0820794,5092,6224,4.5920350551605225,0.008741617202758789
