Model,R2,MAE,RMSE,MAPE_percent,n_train,n_test,fit_time_sec,predict_time_sec
gbm,0.8989318199044646,0.00590615874337226,0.0013567483443977981,7.107619426930227,8145,2036,20.02710485458374,0.014995813369750977
