Model,R2,MAE,RMSE,MAPE_percent,n_train,n_test,fit_time_sec,predict_time_sec
gbm,0.9440833021067768,0.27064083531843164,0.15177928680797023,7.010998110811241,6206,1552,15.476123809814453,0.012542486190795898
