Model,R2,MAE,RMSE,MAPE_percent,n_train,n_test,fit_time_sec,predict_time_sec
rf,0.9979137079116841,0.001439551983283371,8.005027141780641e-06,1.7826694320799445,8145,2036,51.85181713104248,0.39239048957824707
