Model,R2,MAE,RMSE,MAPE_percent,n_train,n_test,fit_time_sec,predict_time_sec
rf,0.9652545421695711,0.06424003541290756,0.011540789772805453,4.193715077869658,6340,1585,36.72770953178406,0.3114163875579834
