Model,R2,MAE,RMSE,MAPE_percent,n_train,n_test,fit_time_sec,predict_time_sec
cat,0.9833039053292422,0.01741955557852762,0.0010765864942735817,12.291415081163256,8145,2036,4.251616954803467,0.0029938220977783203
