Model,R2,MAE,RMSE,MAPE_percent,n_train,n_test,fit_time_sec,predict_time_sec
cat,0.9828132140065645,0.0008695109896063389,1.5451435976763769e-06,7.25872620709284,5090,5091,3.40545392036438,0.006162881851196289
