Model,R2,MAE,RMSE,MAPE_percent,n_train,n_test,fit_time_sec,predict_time_sec
gbm,0.8350884010797129,0.027773455440135056,0.01894425969706176,127545977.4015321,1132,10184,2.7376961708068848,0.06868195533752441
