Model,R2,MAE,RMSE,MAPE_percent,n_train,n_test,fit_time_sec,predict_time_sec
cat,0.9721832671270341,0.05946924303291693,0.011408422028851603,5.139971062176064,9059,2265,3.59546160697937,0.003023386001586914
