Model,R2,MAE,RMSE,MAPE_percent,n_train,n_test,fit_time_sec,predict_time_sec
cat,0.6768825132111383,0.03451472643572035,0.02887478073191226,14.22744870843812,8151,2038,3.7962851524353027,0.002282857894897461
