Model,R2,MAE,RMSE,MAPE_percent,n_train,n_test,fit_time_sec,predict_time_sec
gbm,0.9607272123307727,0.14202397956213705,0.05120011373233403,6.171923010496644,6208,1552,23.334773540496826,0.025457143783569336
