Model,R2,MAE,RMSE,MAPE_percent,n_train,n_test,fit_time_sec,predict_time_sec
cat,0.9578024344321445,0.07294123910333027,0.013591061021358245,5.064674403749255,3170,4755,4.529991388320923,0.005677700042724609
