Model,R2,MAE,RMSE,MAPE_percent,n_train,n_test,fit_time_sec,predict_time_sec
gbm,0.9801051572065859,0.0011325526649876405,7.556790613926409e-06,7.440783839223197,5090,5091,12.25032901763916,0.032555341720581055
