Model,R2,MAE,RMSE,MAPE_percent,n_train,n_test,fit_time_sec,predict_time_sec
rf,0.9965806577956189,0.00834170157729321,0.00024723302539798273,3.921543469439106,8145,2036,60.19650840759277,0.43168091773986816
