Model,R2,MAE,RMSE,MAPE_percent,n_train,n_test,fit_time_sec,predict_time_sec
cat,0.9009738932479749,0.04654614238332166,0.03252107503133515,5.139141998983006,7056,1764,3.463508367538452,0.0024433135986328125
