Model,R2,MAE,RMSE,MAPE_percent,n_train,n_test,fit_time_sec,predict_time_sec
cat,0.9948210792302805,0.0004141144771081443,5.523243372240262e-07,3.4521664657761484,8145,2036,3.8253400325775146,0.002674579620361328
