Model,R2,MAE,RMSE,MAPE_percent,n_train,n_test,fit_time_sec,predict_time_sec
cat,0.9932223057975385,0.014136115719601591,0.0004776930608100324,7.193627622969726,8145,2036,4.943997621536255,0.0029914379119873047
