Model,R2,MAE,RMSE,MAPE_percent,n_train,n_test,fit_time_sec,predict_time_sec
cat,0.9669924645684451,0.173909822003022,0.07436850453372656,1326279110.588916,9053,2263,3.8028817176818848,0.008115530014038086
