Model,R2,MAE,RMSE,MAPE_percent,n_train,n_test,fit_time_sec,predict_time_sec
cat,0.9327141806331518,0.10981686631454496,0.036277712531267624,8.683852313785904,396,7529,3.502192497253418,0.007440090179443359
