Model,R2,MAE,RMSE,MAPE_percent,n_train,n_test,fit_time_sec,predict_time_sec
rf,0.9605614481246185,0.18386702464000174,0.0935935424250705,8051798.152363927,9059,2265,56.184409618377686,0.4344766139984131
