Model,R2,MAE,RMSE,MAPE_percent,n_train,n_test,fit_time_sec,predict_time_sec
rf,0.9421058759774178,0.2627607907766193,0.16144278664657696,6.824959366967674,6206,1552,36.64429521560669,0.34697747230529785
