Model,R2,MAE,RMSE,MAPE_percent,n_train,n_test,fit_time_sec,predict_time_sec
gbm,0.7543856768174317,0.011543388462488006,0.015846588668943378,2.978580977880416,8151,2038,20.73155403137207,0.013157844543457031
