Model,R2,MAE,RMSE,MAPE_percent,n_train,n_test,fit_time_sec,predict_time_sec
cat,0.9869312879770326,0.0046159666961886735,3.7751836008373014e-05,6.991822127162993,4581,5600,4.5762856006622314,0.007222175598144531
