Model,R2,MAE,RMSE,MAPE_percent,n_train,n_test,fit_time_sec,predict_time_sec
rf,0.5364752792694211,0.45274822507678597,0.5030161133837492,29.577523053329713,6206,1552,38.995534896850586,0.31277894973754883
