Model,R2,MAE,RMSE,MAPE_percent,n_train,n_test,fit_time_sec,predict_time_sec
rf,0.9892526748169215,0.0009284631100066428,3.710752528312107e-06,7.032042000450449,7636,2545,47.96841335296631,0.43695855140686035
