Model,R2,MAE,RMSE,MAPE_percent,n_train,n_test,fit_time_sec,predict_time_sec
gbm,0.37343804399430647,0.005714340095626245,0.008798137798764585,3.225835501978638,8151,2038,20.83824348449707,0.012810707092285156
