Model,R2,MAE,RMSE,MAPE_percent,n_train,n_test,fit_time_sec,predict_time_sec
rf,0.9880849743789577,0.011726582834936649,0.00026188000238705494,6.759123896410533,8145,2036,53.80670690536499,0.5016574859619141
