Model,R2,MAE,RMSE,MAPE_percent,n_train,n_test,fit_time_sec,predict_time_sec
gbm,0.9879961798625494,0.005175788836882917,4.904329937694921e-05,6.7010892059166505,8145,2036,19.891523122787476,0.014299392700195312
