Model,R2,MAE,RMSE,MAPE_percent,n_train,n_test,fit_time_sec,predict_time_sec
cat,0.9117164644460215,0.020246900261280853,0.00947076935170467,4.669850649356302,3170,4755,4.94382119178772,0.004943132400512695
