Model,R2,MAE,RMSE,MAPE_percent,n_train,n_test,fit_time_sec,predict_time_sec
cat,0.9528377313616875,0.08455941812880256,0.030465126812690622,1023120686.5750037,6224,5092,4.796121120452881,0.006448507308959961
