Model,R2,MAE,RMSE,MAPE_percent,n_train,n_test,fit_time_sec,predict_time_sec
gbm,0.9464786807058851,0.000443004640730394,1.8092308329629354e-05,2.3537481454772102,8145,2036,20.36721396446228,0.014590740203857422
