Model,R2,MAE,RMSE,MAPE_percent,n_train,n_test,fit_time_sec,predict_time_sec
cat,0.9815085512833521,0.0010497207840613732,1.922704373715492e-06,6.738057884005189,6618,3563,3.536198854446411,0.0044095516204833984
