Model,R2,MAE,RMSE,MAPE_percent,n_train,n_test,fit_time_sec,predict_time_sec
cat,0.9628860676333036,0.07553589946688609,0.014876581917538635,5.255144596322374,2774,5151,4.50097918510437,0.006678342819213867
