Model,R2,MAE,RMSE,MAPE_percent,n_train,n_test,fit_time_sec,predict_time_sec
cat,0.8444869956538135,0.024166797013009618,0.005083450108590911,10.81228223730484,8151,2038,3.6527493000030518,0.002622842788696289
