Model,R2,MAE,RMSE,MAPE_percent,n_train,n_test,fit_time_sec,predict_time_sec
gbm,0.9610213490599031,0.17188249917104848,0.06041592315016874,5.818776788721795,6340,1585,15.740906953811646,0.013277769088745117
