Model,R2,MAE,RMSE,MAPE_percent,n_train,n_test,fit_time_sec,predict_time_sec
gbm,-2.8068542111887953,0.03115644155057267,0.4051105562127084,5.200872947772624,8151,2038,20.52629280090332,0.013854026794433594
