Model,R2,MAE,RMSE,MAPE_percent,n_train,n_test,fit_time_sec,predict_time_sec
cat,0.8642369929697068,0.3143209599240027,0.2202579654665306,12.477067681047634,6214,1554,3.7693183422088623,0.0035021305084228516
