Model,R2,MAE,RMSE,MAPE_percent,n_train,n_test,fit_time_sec,predict_time_sec
gbm,0.98906204955347,0.018611740354786167,0.0007137265031766305,11.31716155213388,8145,2036,23.960399866104126,0.01557779312133789
