Model,R2,MAE,RMSE,MAPE_percent,n_train,n_test,fit_time_sec,predict_time_sec
cat,0.9826854850589871,0.018786862907974405,0.0008497735365138666,3.502803693168435,4655,3103,3.526491403579712,0.0036962032318115234
