Model,R2,MAE,RMSE,MAPE_percent,n_train,n_test,fit_time_sec,predict_time_sec
cat,0.9926071687390399,0.004805322071168541,5.273828811510838e-05,7.572030694989277,6618,3563,4.8156561851501465,0.004327535629272461
