Model,R2,MAE,RMSE,MAPE_percent,n_train,n_test,fit_time_sec,predict_time_sec
cat,0.963927393365549,0.1874121202544847,0.08249781195239085,1239591725.1558094,5658,5658,4.816067218780518,0.007997512817382812
