Model,R2,MAE,RMSE,MAPE_percent,n_train,n_test,fit_time_sec,predict_time_sec
cat,0.44301395845841196,0.3170633592926564,0.2196609868213207,32.361721753937886,5612,1403,3.128567695617676,0.0023345947265625
