Model,R2,MAE,RMSE,MAPE_percent,n_train,n_test,fit_time_sec,predict_time_sec
gbm,0.43781232486205957,0.29409874294228544,0.19502829868057742,37.14693453045159,6208,1552,13.6720290184021,0.011631011962890625
