Model,R2,MAE,RMSE,MAPE_percent,n_train,n_test,fit_time_sec,predict_time_sec
rf,0.39172426946221106,0.030595707548345338,0.3072834006322173,7.458107985224285,8151,2038,56.49288868904114,0.3930535316467285
