Model,R2,MAE,RMSE,MAPE_percent,n_train,n_test,fit_time_sec,predict_time_sec
cat,0.9880457542295369,0.004741540459498337,4.1197578055884876e-05,7.241540651502652,3563,6618,4.614078521728516,0.007075071334838867
