Model,R2,MAE,RMSE,MAPE_percent,n_train,n_test,fit_time_sec,predict_time_sec
gbm,0.980316832748036,0.0011642928056416302,7.477954383749361e-06,7.540822838772184,4072,6109,9.711436033248901,0.037987709045410156
