Model,R2,MAE,RMSE,MAPE_percent,n_train,n_test,fit_time_sec,predict_time_sec
gbm,0.9955440958745216,0.009000225358519725,0.00017167428361477522,3.7959667302956372,8145,2036,20.62447214126587,0.013935327529907227
