Model,R2,MAE,RMSE,MAPE_percent,n_train,n_test,fit_time_sec,predict_time_sec
rf,0.6015267578247314,0.5907948906303105,1.485155246595943,18.2659256982299,6213,1553,37.33119082450867,0.29494142532348633
