Model,R2,MAE,RMSE,MAPE_percent,n_train,n_test,fit_time_sec,predict_time_sec
gbm,0.9636955932009462,0.06533260700705847,0.011356181660784883,4.353779758528719,6340,1585,15.71096682548523,0.012541055679321289
