Model,R2,MAE,RMSE,MAPE_percent,n_train,n_test,fit_time_sec,predict_time_sec
cat,0.40702757299789183,0.024273151449166433,0.038257500706678486,9.389101973786717,8151,2038,3.615565299987793,0.002596139907836914
