Model,R2,MAE,RMSE,MAPE_percent,n_train,n_test,fit_time_sec,predict_time_sec
rf,0.9717702356019655,0.006108819333262057,0.0002348494050780394,10.640272203168848,8145,2036,59.50147199630737,0.38605570793151855
