Model,R2,MAE,RMSE,MAPE_percent,n_train,n_test,fit_time_sec,predict_time_sec
rf,0.36354135407660804,0.007147482660327375,0.014139874763433414,2.6335866983049314,8151,2038,56.81807088851929,0.3802027702331543
