Model,R2,MAE,RMSE,MAPE_percent,n_train,n_test,fit_time_sec,predict_time_sec
cat,0.9611657442295611,0.07917254846954663,0.026122927291189348,1687318057.1291375,9053,2263,9.848047018051147,0.0026416778564453125
