Model,R2,MAE,RMSE,MAPE_percent,n_train,n_test,fit_time_sec,predict_time_sec
cat,0.9894490393391047,0.015093485365240479,0.00044861450098590116,7.893231085336455,2036,8145,4.418474197387695,0.00863504409790039
