Model,R2,MAE,RMSE,MAPE_percent,n_train,n_test,fit_time_sec,predict_time_sec
cat,0.9755785379580717,0.0015449244709087398,8.527571284758142e-06,10.676278886167808,509,9672,2.775681734085083,0.008716583251953125
