Model,R2,MAE,RMSE,MAPE_percent,n_train,n_test,fit_time_sec,predict_time_sec
gbm,0.9653925942163568,0.04365805986839389,0.0061525124649359384,4.074522526361602,6208,1552,15.704606294631958,0.011397361755371094
