Model,R2,MAE,RMSE,MAPE_percent,n_train,n_test,fit_time_sec,predict_time_sec
rf,0.9657761046602639,0.0740982159587186,0.023440373571380888,2779467.1082863114,9053,2263,54.43842935562134,0.4453401565551758
