Model,R2,MAE,RMSE,MAPE_percent,n_train,n_test,fit_time_sec,predict_time_sec
gbm,0.9986059560861194,0.0011619799837861474,3.608186160884409e-06,1.8658976839239239,8145,2036,20.438315391540527,0.013900041580200195
