Model,R2,MAE,RMSE,MAPE_percent,n_train,n_test,fit_time_sec,predict_time_sec
cat,0.9070392414101945,0.07157135006897004,0.04061241302467966,5.55053443256977,2487,4618,4.319006681442261,0.005651950836181641
