Model,R2,MAE,RMSE,MAPE_percent,n_train,n_test,fit_time_sec,predict_time_sec
cat,0.9845599295155039,0.017959195034773154,0.0012301763393470328,3.054920722956935,6206,1552,3.44291090965271,0.0022919178009033203
