Model,R2,MAE,RMSE,MAPE_percent,n_train,n_test,fit_time_sec,predict_time_sec
rf,0.8760264633436373,0.0004471142601950322,5.7517727924049615e-05,1.90876488083285,8145,2036,49.66479134559631,0.40654802322387695
