Model,R2,MAE,RMSE,MAPE_percent,n_train,n_test,fit_time_sec,predict_time_sec
cat,0.9896692050523567,0.0009454236248516079,1.759659543729381e-06,7.2434735682003675,5600,4581,4.806175231933594,0.005629062652587891
