Model,R2,MAE,RMSE,MAPE_percent,n_train,n_test,fit_time_sec,predict_time_sec
gbm,0.9800320020453283,0.01973211657794925,0.0014277978930828188,3.4512623146591586,6206,1552,15.47325849533081,0.011815071105957031
