Model,R2,MAE,RMSE,MAPE_percent,n_train,n_test,fit_time_sec,predict_time_sec
cat,0.9784523645257249,0.009772890213870958,0.0013540771998833646,3.0058579650061072,6208,1552,3.755559206008911,0.0033943653106689453
