Model,R2,MAE,RMSE,MAPE_percent,n_train,n_test,fit_time_sec,predict_time_sec
cat,0.6862816913505176,0.07203018271905882,0.19419299390321973,5.028331107104569,2842,4263,4.396627902984619,0.0053997039794921875
