Model,R2,MAE,RMSE,MAPE_percent,n_train,n_test,fit_time_sec,predict_time_sec
cat,0.9713093571790538,0.05907395228594049,0.008369626345112001,4.721577858930553,3552,3553,4.569475889205933,0.004316091537475586
