Model,R2,MAE,RMSE,MAPE_percent,n_train,n_test,fit_time_sec,predict_time_sec
gbm,0.9748556305434757,0.06753479054197058,0.015590742676029135,201100607.04702583,9059,2265,22.93331527709961,0.018723487854003906
