Model,R2,MAE,RMSE,MAPE_percent,n_train,n_test,fit_time_sec,predict_time_sec
rf,0.37687548734359944,0.0010096613948207447,0.00019403646796305144,4.56963406804864,8151,2038,55.30662155151367,0.3952367305755615
