Model,R2,MAE,RMSE,MAPE_percent,n_train,n_test,fit_time_sec,predict_time_sec
cat,0.9718981763332166,0.042609865050198925,0.0054538102057048255,3.8772636164762218,6208,1552,3.376612424850464,0.002364635467529297
