Model,R2,MAE,RMSE,MAPE_percent,n_train,n_test,fit_time_sec,predict_time_sec
rf,0.9551792252472465,0.10143667782571641,0.029991628353540793,4.927148168072725,6213,1553,35.85682034492493,0.2822439670562744
