Model,R2,MAE,RMSE,MAPE_percent,n_train,n_test,fit_time_sec,predict_time_sec
cat,0.9967466726414568,0.00634431077289139,0.00017780223191774316,3.7281651844178634,8145,2036,3.824336528778076,0.0027785301208496094
