Model,R2,MAE,RMSE,MAPE_percent,n_train,n_test,fit_time_sec,predict_time_sec
cat,0.9685999543301338,0.04855866808825852,0.005602001840494448,4.561782244581844,6208,1552,3.651334524154663,0.0023958683013916016
