Model,R2,MAE,RMSE,MAPE_percent,n_train,n_test,fit_time_sec,predict_time_sec
rf,0.9978450401133715,0.0003194887642155611,7.654910729075718e-07,1.9420038232545074,8151,2038,54.471322774887085,0.3902122974395752
