Model,R2,MAE,RMSE,MAPE_percent,n_train,n_test,fit_time_sec,predict_time_sec
cat,0.9761086290768413,0.021560521860919533,0.0016698787652587319,3.8403650069169237,6206,1552,3.4197142124176025,0.0022399425506591797
