Model,R2,MAE,RMSE,MAPE_percent,n_train,n_test,fit_time_sec,predict_time_sec
rf,0.9288880122960133,0.01970497852218381,0.008972329687843304,5582827.383287218,6790,4526,40.832470655441284,0.5850996971130371
