Model,R2,MAE,RMSE,MAPE_percent,n_train,n_test,fit_time_sec,predict_time_sec
rf,0.9975119502510886,0.0059526610634327085,6.960795645181641e-05,2.83672107517498,8145,2036,52.123788833618164,0.45643186569213867
