Model,R2,MAE,RMSE,MAPE_percent,n_train,n_test,fit_time_sec,predict_time_sec
cat,0.7970976740493996,0.09731333918246118,0.10085244617250275,7.180566984879501,702,6313,3.664450168609619,0.006729602813720703
