Model,R2,MAE,RMSE,MAPE_percent,n_train,n_test,fit_time_sec,predict_time_sec
cat,0.9639641935897396,0.023346025076940818,0.002711675234332739,956403927.6822526,1132,10184,3.0839426517486572,0.009036779403686523
