Model,R2,MAE,RMSE,MAPE_percent,n_train,n_test,fit_time_sec,predict_time_sec
gbm,0.7456877046385568,0.01414158872240819,0.019667966774300785,4.979540425596234,8151,2038,20.927544593811035,0.013130664825439453
