Model,R2,MAE,RMSE,MAPE_percent,n_train,n_test,fit_time_sec,predict_time_sec
rf,0.19448098741899056,0.31816379072524464,0.8016566117842182,30.11294773177736,5690,1423,36.727055311203,0.26438403129577637
