Model,R2,MAE,RMSE,MAPE_percent,n_train,n_test,fit_time_sec,predict_time_sec
gbm,0.9615017426467198,0.0006226560664929985,1.1069187195775735e-05,4.515540491914817,8145,2036,20.215935945510864,0.014107227325439453
