Model,R2,MAE,RMSE,MAPE_percent,n_train,n_test,fit_time_sec,predict_time_sec
rf,0.9610478469080558,0.17869122178838767,0.07220972605765645,7.411871210258761,9053,2263,1.9622862339019775,0.1086575984954834
