Model,R2,MAE,RMSE,MAPE_percent,n_train,n_test,fit_time_sec,predict_time_sec
cat,0.9370154043242135,0.0011721756132014633,2.077509166025555e-05,8.844574862489823,1018,9163,4.072906255722046,0.00831913948059082
