Model,R2,MAE,RMSE,MAPE_percent,n_train,n_test,fit_time_sec,predict_time_sec
cat,0.9284864253139793,0.0013207687816299508,2.63515761679574e-05,8.839646473407187,1018,9163,3.6704771518707275,0.012749671936035156
