Model,R2,MAE,RMSE,MAPE_percent,n_train,n_test,fit_time_sec,predict_time_sec
cat,0.9617413180542858,0.009175719046452922,0.0017167161611216456,2.7358475652312606,6214,1554,3.5323524475097656,0.002323150634765625
