Model,R2,MAE,RMSE,MAPE_percent,n_train,n_test,fit_time_sec,predict_time_sec
gbm,0.4937674132615264,0.3793781956796397,0.3467250244123672,6447075734.607341,9053,2263,20.774539947509766,0.016161680221557617
