Model,R2,MAE,RMSE,MAPE_percent,n_train,n_test,fit_time_sec,predict_time_sec
cat,0.8504435208728911,0.09221191562588978,0.06554251119931809,7.4674073688065254,702,6313,3.79354190826416,0.007014036178588867
