Model,R2,MAE,RMSE,MAPE_percent,n_train,n_test,fit_time_sec,predict_time_sec
gbm,0.9877510407005738,0.014539283791110427,0.00040994537447762696,6.507760134174469,8145,2036,19.806801319122314,0.014668703079223633
