Model,R2,MAE,RMSE,MAPE_percent,n_train,n_test,fit_time_sec,predict_time_sec
rf,0.9135212703597344,0.07859354052583276,0.03181946785864435,5.452616019612364,5612,1403,33.27554726600647,0.2763552665710449
