Model,R2,MAE,RMSE,MAPE_percent,n_train,n_test,fit_time_sec,predict_time_sec
gbm,0.9419981469446829,0.14458769693636436,0.07673045608747175,5.995050759750185,6208,1552,22.118062019348145,0.01294708251953125
