Model,R2,MAE,RMSE,MAPE_percent,n_train,n_test,fit_time_sec,predict_time_sec
rf,0.9199605439793085,0.014252745087439714,0.005135567001995256,3.497197208523359,2328,5432,12.418416738510132,0.4882025718688965
