Model,R2,MAE,RMSE,MAPE_percent,n_train,n_test,fit_time_sec,predict_time_sec
cat,0.9328503309316063,0.005456138571288173,0.000608683610746152,7.695454964525615,2545,7636,7.391838073730469,0.0079193115234375
