Model,R2,MAE,RMSE,MAPE_percent,n_train,n_test,fit_time_sec,predict_time_sec
rf,0.9785014580410412,0.059163634053807146,0.011641058718096673,152443.27710620168,9053,2263,86.89456701278687,0.8704609870910645
