Model,R2,MAE,RMSE,MAPE_percent,n_train,n_test,fit_time_sec,predict_time_sec
gbm,0.9571569219147296,0.18000779312687157,0.06681381745871942,5.746658007821668,6340,1585,16.0480899810791,0.012988090515136719
