Model,R2,MAE,RMSE,MAPE_percent,n_train,n_test,fit_time_sec,predict_time_sec
gbm,0.9877940524447554,0.0010548325258625325,2.0886532181126943e-06,6.878524455251569,8145,2036,20.26623558998108,0.014302730560302734
