Model,R2,MAE,RMSE,MAPE_percent,n_train,n_test,fit_time_sec,predict_time_sec
cat,0.9627761552233612,0.18283645602392123,0.07060450751948871,7.399119925075157,9053,2263,4.069669246673584,0.0030031204223632812
