Model,R2,MAE,RMSE,MAPE_percent,n_train,n_test,fit_time_sec,predict_time_sec
rf,0.8755104614287186,0.0005993821442176128,5.7757127868191305e-05,3.1063365752810634,8145,2036,50.36232352256775,0.37470245361328125
