Model,R2,MAE,RMSE,MAPE_percent,n_train,n_test,fit_time_sec,predict_time_sec
cat,0.9584734435216835,0.08373318146539772,0.026268593013320258,714934199.9056218,9053,2263,15.387547492980957,0.017725706100463867
