Model,R2,MAE,RMSE,MAPE_percent,n_train,n_test,fit_time_sec,predict_time_sec
cat,0.947950465963822,0.2069638341015341,0.10588855027108264,1010878757.1836296,2263,9053,4.439302921295166,0.012594938278198242
