Model,R2,MAE,RMSE,MAPE_percent,n_train,n_test,fit_time_sec,predict_time_sec
cat,0.9979340154875115,0.005010220214263765,5.645144416027151e-05,2.4964631005364373,8145,2036,3.9791555404663086,0.002779245376586914
