Model,R2,MAE,RMSE,MAPE_percent,n_train,n_test,fit_time_sec,predict_time_sec
cat,0.9659332368363839,0.18482392045645366,0.07971910132478371,2974328671.4542093,7355,3961,4.966995477676392,0.0051915645599365234
