Model,R2,MAE,RMSE,MAPE_percent,n_train,n_test,fit_time_sec,predict_time_sec
cat,0.9884084865923813,0.012235044766128762,0.00027131656302809,6.939003843346351,8145,2036,4.620749235153198,0.0033190250396728516
