Model,R2,MAE,RMSE,MAPE_percent,n_train,n_test,fit_time_sec,predict_time_sec
cat,0.9965104036105117,0.0023486020782285013,1.0743579274753206e-05,3.349918082480573,8145,2036,3.6597957611083984,0.0029234886169433594
