Model,R2,MAE,RMSE,MAPE_percent,n_train,n_test,fit_time_sec,predict_time_sec
cat,0.9608048994152494,0.0715872196144442,0.013464696653921807,5.975875686818223,1421,5684,3.8944997787475586,0.006542682647705078
