Model,R2,MAE,RMSE,MAPE_percent,n_train,n_test,fit_time_sec,predict_time_sec
cat,0.468648820952298,0.30427226917464834,0.21013829926042815,37.07050146594481,6208,1552,3.271939277648926,0.0022554397583007812
