Model,R2,MAE,RMSE,MAPE_percent,n_train,n_test,fit_time_sec,predict_time_sec
cat,0.9846666024023359,0.01509976010426878,0.0005632686314228049,21745244.85582808,3961,7355,4.936172723770142,0.009705066680908203
