Model,R2,MAE,RMSE,MAPE_percent,n_train,n_test,fit_time_sec,predict_time_sec
cat,0.8914431247149557,0.021591080221047144,0.009504008640324618,12.401683612011523,4581,5600,4.3559019565582275,0.006215810775756836
