Model,R2,MAE,RMSE,MAPE_percent,n_train,n_test,fit_time_sec,predict_time_sec
rf,0.9949960103724287,0.01150685180786281,0.0002734801715969411,7.334207881729779,8145,2036,51.56766057014465,0.41653990745544434
