Model,R2,MAE,RMSE,MAPE_percent,n_train,n_test,fit_time_sec,predict_time_sec
cat,0.9690622012323536,0.000971630452314302,8.274902817531936e-06,7.935666234803808,5090,5091,3.4008126258850098,0.005162239074707031
