Model,R2,MAE,RMSE,MAPE_percent,n_train,n_test,fit_time_sec,predict_time_sec
cat,0.9880739803545656,0.013085153517885563,0.0003234551595417908,6.660024125527193,7636,2545,4.8361523151397705,0.004029512405395508
