Model,R2,MAE,RMSE,MAPE_percent,n_train,n_test,fit_time_sec,predict_time_sec
gbm,0.9309107790203366,0.008096549032309117,0.0007234795221927212,12.431028749307146,8145,2036,18.182011365890503,0.015211343765258789
