Model,R2,MAE,RMSE,MAPE_percent,n_train,n_test,fit_time_sec,predict_time_sec
cat,0.9634000312540868,0.0992541345244918,0.022831104983006296,5.007252735578077,6206,1552,10.149592161178589,0.003053426742553711
