Model,R2,MAE,RMSE,MAPE_percent,n_train,n_test,fit_time_sec,predict_time_sec
rf,0.9398595440579239,0.266093398748158,0.18920087447360123,7.571698388340291,6206,1552,37.674559116363525,0.28565311431884766
