Model,R2,MAE,RMSE,MAPE_percent,n_train,n_test,fit_time_sec,predict_time_sec
cat,0.9297809184070941,0.22934464902613214,0.14368731145853866,8.46668213572655,792,7133,3.78897762298584,0.007646322250366211
