Model,R2,MAE,RMSE,MAPE_percent,n_train,n_test,fit_time_sec,predict_time_sec
gbm,0.9455367694956014,0.26379899426994835,0.14965734668672773,6.74884072523529,6206,1552,15.864394903182983,0.013039827346801758
