Model,R2,MAE,RMSE,MAPE_percent,n_train,n_test,fit_time_sec,predict_time_sec
cat,0.988587454778642,0.01152320559043345,0.0003313852265678511,3.2646729073961844,5548,2377,4.7002551555633545,0.0034265518188476562
