Model,R2,MAE,RMSE,MAPE_percent,n_train,n_test,fit_time_sec,predict_time_sec
cat,0.9950783318074298,0.007792939036858664,0.00012564095401754893,4.190659599057852,8145,2036,3.531888008117676,0.0027184486389160156
