Model,R2,MAE,RMSE,MAPE_percent,n_train,n_test,fit_time_sec,predict_time_sec
cat,0.8705488610393106,0.0011267878631775964,4.203532416699349e-05,7.8890370509134184,2036,8145,3.129075288772583,0.0075414180755615234
