Model,R2,MAE,RMSE,MAPE_percent,n_train,n_test,fit_time_sec,predict_time_sec
rf,0.9461766229380775,0.06788274040989901,0.020441595521547035,4.845689408386765,5612,1403,35.45861291885376,0.35707759857177734
