Model,R2,MAE,RMSE,MAPE_percent,n_train,n_test,fit_time_sec,predict_time_sec
cat,0.9570420558590652,0.08395934079815844,0.01814792866395878,806214989.2142025,3395,7921,4.515068769454956,0.00852060317993164
