Model,R2,MAE,RMSE,MAPE_percent,n_train,n_test,fit_time_sec,predict_time_sec
cat,-0.483557638148606,0.3070727767612114,0.515189066649295,50.97622348622038,1323,7497,3.761115789413452,0.00936269760131836
