Model,R2,MAE,RMSE,MAPE_percent,n_train,n_test,fit_time_sec,predict_time_sec
cat,0.9087810537943306,0.0054101972452404844,0.0009738323407962247,7.238412430336318,6618,3563,4.491719961166382,0.005024433135986328
