Model,R2,MAE,RMSE,MAPE_percent,n_train,n_test,fit_time_sec,predict_time_sec
rf,0.9607195582673496,0.018328770842782924,0.004240744989193535,4643460.165581484,6790,4526,41.260602712631226,0.5911054611206055
