Model,R2,MAE,RMSE,MAPE_percent,n_train,n_test,fit_time_sec,predict_time_sec
rf,0.9569065040271322,0.0007255423556942322,2.9240754125676207e-05,4.116075648956649,8151,2038,55.038360834121704,0.4034607410430908
