Model,R2,MAE,RMSE,MAPE_percent,n_train,n_test,fit_time_sec,predict_time_sec
cat,0.9606580612415044,0.18540964047798594,0.08143519677622488,6.350549796218539,4755,3170,5.204192638397217,0.0043218135833740234
