Model,R2,MAE,RMSE,MAPE_percent,n_train,n_test,fit_time_sec,predict_time_sec
cat,0.9100536229358032,0.007264291751968544,0.0009222237970953293,12.733048764269936,6109,4072,4.387956619262695,0.005424022674560547
