Model,R2,MAE,RMSE,MAPE_percent,n_train,n_test,fit_time_sec,predict_time_sec
rf,0.9228210085262891,0.06449637383166495,0.026332446995754523,6.353361834072685,6208,1552,44.77493691444397,0.2976338863372803
