Model,R2,MAE,RMSE,MAPE_percent,n_train,n_test,fit_time_sec,predict_time_sec
cat,0.9503989878282688,0.07187493192933211,0.021503143881420224,5.181193962076119,5612,1403,3.720876455307007,0.002493619918823242
