Model,R2,MAE,RMSE,MAPE_percent,n_train,n_test,fit_time_sec,predict_time_sec
cat,0.891653734386654,0.0011765910664174302,4.1867614524306e-05,7.688826561170043,2545,7636,7.999840974807739,0.007787227630615234
