Model,R2,MAE,RMSE,MAPE_percent,n_train,n_test,fit_time_sec,predict_time_sec
gbm,0.9589147445988291,0.1855372395581303,0.09833989689796396,1393782360.9069512,9053,2263,23.084360599517822,0.018390178680419922
