Model,R2,MAE,RMSE,MAPE_percent,n_train,n_test,fit_time_sec,predict_time_sec
gbm,0.9330205296248004,0.0009501973038150706,2.1357456357638767e-05,7.906354508434807,3563,6618,8.414824485778809,0.041002750396728516
