Model,R2,MAE,RMSE,MAPE_percent,n_train,n_test,fit_time_sec,predict_time_sec
cat,0.6798718976567604,0.5553353961746595,0.6468494210481608,22.4242376863925,3962,3963,4.185956001281738,0.0053119659423828125
