Model,R2,MAE,RMSE,MAPE_percent,n_train,n_test,fit_time_sec,predict_time_sec
rf,0.9082146556148792,0.019825685393961793,0.0524249084652867,7.082697376247875,8151,2038,54.57096028327942,0.42658519744873047
