Model,R2,MAE,RMSE,MAPE_percent,n_train,n_test,fit_time_sec,predict_time_sec
cat,0.9809434643168868,0.00432810915910275,3.190906277016548e-05,6.433732426050357,8145,2036,4.698214530944824,0.003370523452758789
