Model,R2,MAE,RMSE,MAPE_percent,n_train,n_test,fit_time_sec,predict_time_sec
gbm,0.989257673685203,0.01470328098659627,0.0003875967856675528,6.797134910505237,8145,2036,20.54684066772461,0.014178991317749023
