Model,R2,MAE,RMSE,MAPE_percent,n_train,n_test,fit_time_sec,predict_time_sec
cat,0.9676246282763482,0.057713480523624294,0.00818883986350056,4.4689914733307,5684,1421,3.7945497035980225,0.0026051998138427734
