Model,R2,MAE,RMSE,MAPE_percent,n_train,n_test,fit_time_sec,predict_time_sec
cat,0.9619804278690518,0.07879809714474911,0.016435174035353495,6.367089664210569,9053,2263,3.664907693862915,0.002979755401611328
