Model,R2,MAE,RMSE,MAPE_percent,n_train,n_test,fit_time_sec,predict_time_sec
rf,0.9986338253906102,0.0014777345314989183,4.251382423834004e-06,2.0639558410126964,8145,2036,50.17886519432068,0.39382338523864746
