Model,R2,MAE,RMSE,MAPE_percent,n_train,n_test,fit_time_sec,predict_time_sec
cat,0.7287231910005314,0.08000990292434455,0.15004359182467555,5.444681975482811,5612,1403,3.941988945007324,0.002608776092529297
