Model,R2,MAE,RMSE,MAPE_percent,n_train,n_test,fit_time_sec,predict_time_sec
cat,0.9880952112714324,0.0010531022912938118,2.128693713258181e-06,6.78029698012683,8145,2036,3.6169557571411133,0.0026748180389404297
