Model,R2,MAE,RMSE,MAPE_percent,n_train,n_test,fit_time_sec,predict_time_sec
rf,0.9946445472312094,0.0010035546294803722,1.988283425453568e-06,6.761585317066178,8145,2036,90.2311327457428,0.45624804496765137
