Model,R2,MAE,RMSE,MAPE_percent,n_train,n_test,fit_time_sec,predict_time_sec
cat,0.9944395788765704,0.008542428417689301,0.000138699269883819,4.781646223078521,8145,2036,3.785869598388672,0.0027277469635009766
