Model,R2,MAE,RMSE,MAPE_percent,n_train,n_test,fit_time_sec,predict_time_sec
gbm,0.8536807581376562,0.04659555823188293,0.003956901438952717,15.617640906671351,6208,1552,14.870444536209106,0.012262582778930664
