Model,R2,MAE,RMSE,MAPE_percent,n_train,n_test,fit_time_sec,predict_time_sec
gbm,0.5278625884708547,0.009520672177664643,0.004908141137592042,8.82552932583594,8151,2038,19.847826719284058,0.014460086822509766
