Model,R2,MAE,RMSE,MAPE_percent,n_train,n_test,fit_time_sec,predict_time_sec
rf,0.9390555524028718,0.2608491073218695,0.17109268766069893,6.585940517770253,6206,1552,36.518327474594116,0.28321003913879395
