Model,R2,MAE,RMSE,MAPE_percent,n_train,n_test,fit_time_sec,predict_time_sec
gbm,0.9983703469188376,0.0014312328316270885,5.942998471279195e-06,1.7384979469797939,8145,2036,20.498069286346436,0.013658523559570312
