Model,R2,MAE,RMSE,MAPE_percent,n_train,n_test,fit_time_sec,predict_time_sec
rf,0.9234873079489694,0.012187918896778347,0.004941067966240121,3.2126175066928777,5820,1940,35.48369216918945,0.3187720775604248
