Model,R2,MAE,RMSE,MAPE_percent,n_train,n_test,fit_time_sec,predict_time_sec
gbm,0.9463530786714973,0.03361857801061616,0.013484750786159275,4.10755995540359,6213,1553,15.455013751983643,0.012289047241210938
