Model,R2,MAE,RMSE,MAPE_percent,n_train,n_test,fit_time_sec,predict_time_sec
gbm,0.9465766437392681,0.12716304891230043,0.05797492092295205,6.3211062268680145,6206,1552,15.377685308456421,0.012644052505493164
