Model,R2,MAE,RMSE,MAPE_percent,n_train,n_test,fit_time_sec,predict_time_sec
cat,0.9507427007584773,0.09060695123552986,0.03208147519180702,593460580.1229868,2829,8487,4.380024671554565,0.01249074935913086
