Model,R2,MAE,RMSE,MAPE_percent,n_train,n_test,fit_time_sec,predict_time_sec
cat,0.9801851022715085,0.015565746836062102,0.0013226622008621015,7.643235850397229,4581,5600,4.211934804916382,0.007344484329223633
