Model,R2,MAE,RMSE,MAPE_percent,n_train,n_test,fit_time_sec,predict_time_sec
gbm,0.9971039969953093,0.0032938969611287297,2.5940282979258186e-05,4.320014180192736,8145,2036,20.376341581344604,0.014073610305786133
