Model,R2,MAE,RMSE,MAPE_percent,n_train,n_test,fit_time_sec,predict_time_sec
gbm,0.5107377836506652,0.3056881203933668,0.18206172172798696,33.14228688748129,5684,1421,12.487626075744629,0.01143026351928711
