Model,R2,MAE,RMSE,MAPE_percent,n_train,n_test,fit_time_sec,predict_time_sec
rf,0.9967287294969309,0.001954268810299469,7.752263499361939e-06,3.2235313402765198,8145,2036,51.62208342552185,0.4036533832550049
