Model,R2,MAE,RMSE,MAPE_percent,n_train,n_test,fit_time_sec,predict_time_sec
cat,0.9905487803948222,0.008750446765523338,0.0006605807323246016,4.553082494378089,8145,2036,3.7041594982147217,0.002817392349243164
