Model,R2,MAE,RMSE,MAPE_percent,n_train,n_test,fit_time_sec,predict_time_sec
gbm,0.9992137118207838,0.000260567705992231,2.062432820311609e-07,1.932388274654888,8145,2036,20.774203538894653,0.014406681060791016
