Model,R2,MAE,RMSE,MAPE_percent,n_train,n_test,fit_time_sec,predict_time_sec
cat,0.9938196238938094,0.006838848177059288,0.00038263450729012584,3.491811918094857,8145,2036,4.707018136978149,0.006448984146118164
