Model,R2,MAE,RMSE,MAPE_percent,n_train,n_test,fit_time_sec,predict_time_sec
gbm,0.961746861516843,0.0784733162411206,0.015897264287498006,6.073298248507113,9053,2263,22.946590185165405,0.01732659339904785
