Model,R2,MAE,RMSE,MAPE_percent,n_train,n_test,fit_time_sec,predict_time_sec
gbm,0.9950406262485374,0.008917646471835034,0.00016268365530068565,3.851151735068982,8145,2036,20.308223247528076,0.014029979705810547
