Model,R2,MAE,RMSE,MAPE_percent,n_train,n_test,fit_time_sec,predict_time_sec
rf,0.9267797793788054,0.03761450921406884,0.016723635316473584,4.522506378626975,1940,5818,10.338387966156006,0.484454870223999
