Model,R2,MAE,RMSE,MAPE_percent,n_train,n_test,fit_time_sec,predict_time_sec
cat,0.9862292958541643,0.011701263571537284,0.0002855527630462058,3.4171041062066863,9053,2263,3.7643346786499023,0.0029129981994628906
