Model,R2,MAE,RMSE,MAPE_percent,n_train,n_test,fit_time_sec,predict_time_sec
rf,0.9895982364474898,0.004425877414115853,3.716050205921283e-05,6.81459818752874,8151,2038,55.55760049819946,0.3832395076751709
