Model,R2,MAE,RMSE,MAPE_percent,n_train,n_test,fit_time_sec,predict_time_sec
cat,0.8794567957897521,0.02280506053245192,0.013088906665620832,4.781853083716392,1585,6340,4.119940996170044,0.009586811065673828
