Model,R2,MAE,RMSE,MAPE_percent,n_train,n_test,fit_time_sec,predict_time_sec
rf,0.05256267789349145,0.010098087750662187,0.06429488614862841,2.7760202692564753,8151,2038,53.22420787811279,0.4062662124633789
