Model,R2,MAE,RMSE,MAPE_percent,n_train,n_test,fit_time_sec,predict_time_sec
cat,0.9485171690351071,0.26120285317722514,0.1397440775495749,6.83025906443528,6206,1552,10.117264986038208,0.0034241676330566406
