Model,R2,MAE,RMSE,MAPE_percent,n_train,n_test,fit_time_sec,predict_time_sec
cat,0.982667153226511,0.001205785428906609,4.673419322889944e-06,9.348938845848531,1018,9163,2.730790138244629,0.007638216018676758
