Model,R2,MAE,RMSE,MAPE_percent,n_train,n_test,fit_time_sec,predict_time_sec
cat,0.987452367815727,0.0010859587921071899,2.7329362003865335e-06,8.48334270810117,1527,8654,4.1307103633880615,0.008923530578613281
