Model,R2,MAE,RMSE,MAPE_percent,n_train,n_test,fit_time_sec,predict_time_sec
gbm,0.9936793720788241,0.0002932148978484269,1.7535076531798411e-06,2.016417676607319,8145,2036,21.71530508995056,0.014974832534790039
