Model,R2,MAE,RMSE,MAPE_percent,n_train,n_test,fit_time_sec,predict_time_sec
rf,0.954415373699529,0.011187575154541676,0.0018711240645492317,3.4782472308414003,776,6984,3.8344199657440186,0.455106258392334
