Model,R2,MAE,RMSE,MAPE_percent,n_train,n_test,fit_time_sec,predict_time_sec
cat,0.9311907718931222,0.0989280011392227,0.03761197136382315,7.341042455636501,792,7133,3.6947405338287354,0.007165431976318359
