Model,R2,MAE,RMSE,MAPE_percent,n_train,n_test,fit_time_sec,predict_time_sec
gbm,0.9982089879591216,0.006336582981999685,0.00010022368778151359,3.238069587380347,8145,2036,20.486326694488525,0.014271974563598633
