Model,R2,MAE,RMSE,MAPE_percent,n_train,n_test,fit_time_sec,predict_time_sec
cat,0.9752363513305227,0.02535879533929556,0.0018906071154889438,4.8622867481134175,2327,5431,3.2655651569366455,0.006074428558349609
