Model,R2,MAE,RMSE,MAPE_percent,n_train,n_test,fit_time_sec,predict_time_sec
rf,0.878374814034647,0.2862459942845324,0.1781850391094607,11.128973689224363,6214,1554,38.46850371360779,0.29227519035339355
