Model,R2,MAE,RMSE,MAPE_percent,n_train,n_test,fit_time_sec,predict_time_sec
rf,0.9869848735025073,0.0010947076580099723,2.2680586968609633e-06,7.208062344536163,3563,6618,20.334272146224976,0.6497941017150879
