Model,R2,MAE,RMSE,MAPE_percent,n_train,n_test,fit_time_sec,predict_time_sec
cat,0.9855681342197393,0.0010992846513903586,2.241361554644328e-06,7.26595013529103,4072,6109,3.482769250869751,0.005684852600097656
