Model,R2,MAE,RMSE,MAPE_percent,n_train,n_test,fit_time_sec,predict_time_sec
gbm,0.9496924569773414,0.11752636989615736,0.05106626425177795,5.58390425848308,6206,1552,15.569929599761963,0.012758493423461914
