Model,R2,MAE,RMSE,MAPE_percent,n_train,n_test,fit_time_sec,predict_time_sec
cat,0.9671734081837825,0.1750619601752948,0.07532150661006148,2129834989.1894433,9053,2263,3.972860813140869,0.009789228439331055
