Model,R2,MAE,RMSE,MAPE_percent,n_train,n_test,fit_time_sec,predict_time_sec
gbm,0.9611666513103642,0.018573558350387803,0.004049521989385841,120983919.66060093,9053,2263,22.825151920318604,0.016844987869262695
