Model,R2,MAE,RMSE,MAPE_percent,n_train,n_test,fit_time_sec,predict_time_sec
cat,0.9058016502523432,0.01585743127867412,0.005653652544510894,5.14252990064403,1164,6596,2.881913185119629,0.006025791168212891
