Model,R2,MAE,RMSE,MAPE_percent,n_train,n_test,fit_time_sec,predict_time_sec
rf,0.9985997464676643,0.003506902283774995,3.378252382027137e-05,1.8788358342953935,8145,2036,52.198020458221436,0.43204259872436523
