Model,R2,MAE,RMSE,MAPE_percent,n_train,n_test,fit_time_sec,predict_time_sec
cat,0.9937610815777314,0.0009704999122034038,2.111521897375352e-06,7.305170317196498,8145,2036,6.671969652175903,0.004431724548339844
