Model,R2,MAE,RMSE,MAPE_percent,n_train,n_test,fit_time_sec,predict_time_sec
rf,0.9957443329826874,0.0047598055821145195,0.00032163116537516426,1.7577094448960149,8151,2038,54.78567600250244,0.3732872009277344
