Model,R2,MAE,RMSE,MAPE_percent,n_train,n_test,fit_time_sec,predict_time_sec
gbm,0.9408703397527691,0.0010746101350560964,2.1863550077965996e-05,7.822390981509367,2545,7636,5.985252141952515,0.04853558540344238
