Model,R2,MAE,RMSE,MAPE_percent,n_train,n_test,fit_time_sec,predict_time_sec
gbm,0.23245244512175067,0.15891824978508964,0.08769299561908958,1508181985.835475,9059,2265,20.280132055282593,0.015715360641479492
