Model,R2,MAE,RMSE,MAPE_percent,n_train,n_test,fit_time_sec,predict_time_sec
rf,0.9861787580384961,0.0065326589880631124,0.0019358722289592057,2.5520259097108684,8151,2038,54.419267654418945,0.4051828384399414
