Model,R2,MAE,RMSE,MAPE_percent,n_train,n_test,fit_time_sec,predict_time_sec
cat,0.9645930901138309,0.18197762128581843,0.08291810226508164,936458520.1363308,9053,2263,5.3145294189453125,0.0034775733947753906
