Model,R2,MAE,RMSE,MAPE_percent,n_train,n_test,fit_time_sec,predict_time_sec
cat,0.09984782173080209,0.04226817651548812,0.5944361297016837,7.520705309130673,8151,2038,3.6973989009857178,0.0025680065155029297
