Model,R2,MAE,RMSE,MAPE_percent,n_train,n_test,fit_time_sec,predict_time_sec
gbm,0.9573598471382906,0.049881033216510946,0.007895167725175928,4.5832215576791935,6208,1552,15.435319662094116,0.011353254318237305
