Model,R2,MAE,RMSE,MAPE_percent,n_train,n_test,fit_time_sec,predict_time_sec
cat,0.8972458862365168,0.0016559106905100368,3.72533119523775e-05,14.018203416541144,1018,9163,3.9327988624572754,0.009552001953125
