Model,R2,MAE,RMSE,MAPE_percent,n_train,n_test,fit_time_sec,predict_time_sec
rf,0.979918252840579,0.01704805009489363,0.0013764623859157505,2.6920925069448325,6206,1552,37.83319330215454,0.28885412216186523
