Model,R2,MAE,RMSE,MAPE_percent,n_train,n_test,fit_time_sec,predict_time_sec
rf,0.9764765309582635,0.017440746366127385,0.0006427607714570599,9.497280492538804,8145,2036,52.44673204421997,0.3835310935974121
