Model,R2,MAE,RMSE,MAPE_percent,n_train,n_test,fit_time_sec,predict_time_sec
gbm,0.9699198523689105,0.048809288171641506,0.005895498972475255,4.421828321321757,6208,1552,15.58801794052124,0.011596918106079102
