Model,R2,MAE,RMSE,MAPE_percent,n_train,n_test,fit_time_sec,predict_time_sec
cat,0.9701342660820954,0.07150848606703059,0.01865522233759301,98.71029638688611,9053,2263,3.8567628860473633,0.0030596256256103516
