Model,R2,MAE,RMSE,MAPE_percent,n_train,n_test,fit_time_sec,predict_time_sec
cat,0.7494206211879979,0.6382652079281989,0.8146840126176008,20.69075347363409,6206,1552,3.2383358478546143,0.0022759437561035156
