Model,R2,MAE,RMSE,MAPE_percent,n_train,n_test,fit_time_sec,predict_time_sec
cat,0.6769674471805635,0.5521229512855887,0.6559808478204046,22.420403666642617,5151,2774,4.532601356506348,0.0038793087005615234
