Model,R2,MAE,RMSE,MAPE_percent,n_train,n_test,fit_time_sec,predict_time_sec
rf,0.9247012853589394,0.13716198064947124,0.08275971784975975,6.548340842653562,6213,1553,35.982954263687134,0.2910120487213135
