Model,R2,MAE,RMSE,MAPE_percent,n_train,n_test,fit_time_sec,predict_time_sec
rf,0.9161511248166966,0.005248600705704069,0.0018855131988461088,2.1798763203272933,8151,2038,55.369961738586426,0.37535691261291504
