Model,R2,MAE,RMSE,MAPE_percent,n_train,n_test,fit_time_sec,predict_time_sec
cat,0.9978190941832099,0.0003663555234615516,2.722727270093638e-07,2.6103548727919077,8145,2036,3.6748859882354736,0.0027670860290527344
