Model,R2,MAE,RMSE,MAPE_percent,n_train,n_test,fit_time_sec,predict_time_sec
cat,0.9820630116500598,0.0008939829102895483,1.920881064276464e-06,7.5806296471015795,4072,6109,3.473848342895508,0.007526397705078125
