Model,R2,MAE,RMSE,MAPE_percent,n_train,n_test,fit_time_sec,predict_time_sec
rf,0.9380835064232478,0.1280048654319572,0.06285029704412,5.880236343260593,6206,1552,35.739282846450806,0.29057812690734863
