Model,R2,MAE,RMSE,MAPE_percent,n_train,n_test,fit_time_sec,predict_time_sec
gbm,0.9228960668261351,0.018282838846551668,0.005389079374813713,12.287986667296313,8145,2036,18.201061248779297,0.015131711959838867
