Model,R2,MAE,RMSE,MAPE_percent,n_train,n_test,fit_time_sec,predict_time_sec
rf,0.9728755852699668,0.017511844220478297,0.0007173990069191225,9.470781698085375,8145,2036,51.93786811828613,0.41098761558532715
