Model,R2,MAE,RMSE,MAPE_percent,n_train,n_test,fit_time_sec,predict_time_sec
cat,0.9505670884505943,0.006876468223113868,0.0029030186869915347,2.4359679607703764,6208,1552,3.5731520652770996,0.0023055076599121094
