Model,R2,MAE,RMSE,MAPE_percent,n_train,n_test,fit_time_sec,predict_time_sec
cat,0.9942289454543446,0.0006727060906597267,8.639714408467954e-07,4.554704357411422,8145,2036,3.562875509262085,0.0029647350311279297
