Model,R2,MAE,RMSE,MAPE_percent,n_train,n_test,fit_time_sec,predict_time_sec
cat,0.8931280907736953,0.0009711362471637853,3.48410161029664e-05,7.921957392660607,4581,5600,3.6147615909576416,0.0057392120361328125
