Model,R2,MAE,RMSE,MAPE_percent,n_train,n_test,fit_time_sec,predict_time_sec
rf,0.9738335135465348,0.028452013981394155,0.00527819434121549,3.833961132755252,6213,1553,37.80382752418518,0.27794575691223145
