Model,R2,MAE,RMSE,MAPE_percent,n_train,n_test,fit_time_sec,predict_time_sec
rf,-0.021939300188678068,0.0018086270796716637,0.00018271413646942493,10.520865755577178,8151,2038,53.88573670387268,0.40163445472717285
