Model,R2,MAE,RMSE,MAPE_percent,n_train,n_test,fit_time_sec,predict_time_sec
cat,0.994584777721519,0.005534250787162104,7.56536172233197e-05,2.205838238788834,6214,1554,3.5707249641418457,0.0024023056030273438
