Model,R2,MAE,RMSE,MAPE_percent,n_train,n_test,fit_time_sec,predict_time_sec
gbm,0.9576118392587457,0.1448033457050343,0.05426950255057609,5.930672218814335,6208,1552,15.456774950027466,0.012631654739379883
