Model,R2,MAE,RMSE,MAPE_percent,n_train,n_test,fit_time_sec,predict_time_sec
cat,0.6901145741442128,0.5390845911099461,0.6126019251864665,22.279182727142295,6340,1585,4.442749500274658,0.002749204635620117
