Model,R2,MAE,RMSE,MAPE_percent,n_train,n_test,fit_time_sec,predict_time_sec
cat,0.461659236469421,0.012185952775437228,0.01063984825638194,12.40512594936991,8151,2038,3.5259854793548584,0.0026984214782714844
