Model,R2,MAE,RMSE,MAPE_percent,n_train,n_test,fit_time_sec,predict_time_sec
rf,0.7312659524728451,0.6068968413232191,0.8673488403351766,19.33882868802391,6206,1552,37.90527963638306,0.28313398361206055
