Model,R2,MAE,RMSE,MAPE_percent,n_train,n_test,fit_time_sec,predict_time_sec
cat,0.9543432385315109,0.1946409892715271,0.09267387465663063,6.656574076727797,2774,5151,4.539815187454224,0.007438182830810547
