Model,R2,MAE,RMSE,MAPE_percent,n_train,n_test,fit_time_sec,predict_time_sec
gbm,0.9194774888118797,0.05120982312805888,0.007459168423356515,18.89974181296841,6208,1552,14.908337593078613,0.012850522994995117
