Model,R2,MAE,RMSE,MAPE_percent,n_train,n_test,fit_time_sec,predict_time_sec
rf,0.8893106706818265,0.2864677911483754,0.16546207752743963,11.114679790454595,6214,1554,38.584879875183105,0.2840120792388916
