Model,R2,MAE,RMSE,MAPE_percent,n_train,n_test,fit_time_sec,predict_time_sec
cat,0.9827760045793404,0.017417865384736705,0.0013221521422077042,3.045933612354097,6213,1553,3.65963077545166,0.0024344921112060547
