Model,R2,MAE,RMSE,MAPE_percent,n_train,n_test,fit_time_sec,predict_time_sec
cat,0.948022039386351,0.11283687760834739,0.03230472813701601,5.725805531465802,6206,1552,3.58176326751709,0.0022420883178710938
