Model,R2,MAE,RMSE,MAPE_percent,n_train,n_test,fit_time_sec,predict_time_sec
gbm,0.9918840864764833,0.009173681162709734,0.00028968804788335166,2.4938897270706497,9053,2263,22.805097818374634,0.016319990158081055
