Model,R2,MAE,RMSE,MAPE_percent,n_train,n_test,fit_time_sec,predict_time_sec
cat,0.9667621838785683,0.06298557464445868,0.008263677981576895,4.364303117217056,5151,2774,4.605194807052612,0.004304170608520508
