Model,R2,MAE,RMSE,MAPE_percent,n_train,n_test,fit_time_sec,predict_time_sec
rf,0.7617301247080155,0.6090413657471417,0.7746633382565944,19.832479168489634,6206,1552,36.71094107627869,0.2951958179473877
