Model,R2,MAE,RMSE,MAPE_percent,n_train,n_test,fit_time_sec,predict_time_sec
gbm,0.9950993155293748,0.011692073246005684,0.0002678342941768875,7.561409150282532,8145,2036,19.794134855270386,0.015044450759887695
