Model,R2,MAE,RMSE,MAPE_percent,n_train,n_test,fit_time_sec,predict_time_sec
rf,0.9895672250237989,0.007169572453509862,0.00012070306784587605,2.7425720217785683,3492,4268,19.565207958221436,0.43496036529541016
