Model,R2,MAE,RMSE,MAPE_percent,n_train,n_test,fit_time_sec,predict_time_sec
cat,0.9687038306432944,0.009252156737363636,0.0017517611582254262,3.0506326761860962,6208,1552,3.6010406017303467,0.004544734954833984
