Model,R2,MAE,RMSE,MAPE_percent,n_train,n_test,fit_time_sec,predict_time_sec
rf,0.9948240572086903,0.0025356237725682814,1.4253855323842618e-05,4.1376229659106745,8145,2036,52.0206515789032,0.39353251457214355
