Model,R2,MAE,RMSE,MAPE_percent,n_train,n_test,fit_time_sec,predict_time_sec
cat,0.9479218860838556,0.19921039248181546,0.10631350326240385,7.963408286491483,9059,2265,3.581845998764038,0.0029191970825195312
