Model,R2,MAE,RMSE,MAPE_percent,n_train,n_test,fit_time_sec,predict_time_sec
cat,0.9878067316727842,0.0065072569250903605,9.188326137981611e-05,11.722319289851303,8145,2036,3.3706676959991455,0.0026619434356689453
