Model,R2,MAE,RMSE,MAPE_percent,n_train,n_test,fit_time_sec,predict_time_sec
cat,0.35434865932165516,0.34209054627405994,0.32215427276012315,34.29420004147901,3858,3157,5.155526876449585,0.0043621063232421875
