Model,R2,MAE,RMSE,MAPE_percent,n_train,n_test,fit_time_sec,predict_time_sec
rf,0.9813942278561437,0.016448053698680676,0.0013047616656294344,2.646648901974879,6206,1552,36.95204448699951,0.28050923347473145
