Model,R2,MAE,RMSE,MAPE_percent,n_train,n_test,fit_time_sec,predict_time_sec
cat,0.9725147007931576,0.04440839821289539,0.004715670320655125,5.260446809679009,3087,5733,4.435058832168579,0.007714986801147461
