Model,R2,MAE,RMSE,MAPE_percent,n_train,n_test,fit_time_sec,predict_time_sec
gbm,0.982743496621055,0.0009442366177676986,1.5728709920963259e-06,6.961662386900865,6109,4072,14.599888801574707,0.02591252326965332
