Model,R2,MAE,RMSE,MAPE_percent,n_train,n_test,fit_time_sec,predict_time_sec
rf,0.9958513221634003,0.007593853216411226,0.00010921691731594606,3.768220468915446,8145,2036,50.636778831481934,0.40054965019226074
