Model,R2,MAE,RMSE,MAPE_percent,n_train,n_test,fit_time_sec,predict_time_sec
gbm,0.9560807337705809,0.17718272140856925,0.06698717425643086,5.708216537180082,6340,1585,15.830211639404297,0.013063192367553711
