Model,R2,MAE,RMSE,MAPE_percent,n_train,n_test,fit_time_sec,predict_time_sec
rf,0.8481667396359289,0.0008431342566353336,2.314091475817713e-05,4.142934278030073,8151,2038,55.00027012825012,0.39739060401916504
