Model,R2,MAE,RMSE,MAPE_percent,n_train,n_test,fit_time_sec,predict_time_sec
gbm,0.9785623999379298,0.0009370689672650088,1.527280106253545e-06,6.93456622631166,7636,2545,18.389137744903564,0.017310142517089844
