Model,R2,MAE,RMSE,MAPE_percent,n_train,n_test,fit_time_sec,predict_time_sec
rf,0.9910710393915836,0.015193836778786208,0.0004996579251317813,10.549917662911925,8145,2036,49.922784090042114,0.42122697830200195
