Model,R2,MAE,RMSE,MAPE_percent,n_train,n_test,fit_time_sec,predict_time_sec
cat,0.7749957502805445,0.08655193902198555,0.11740892027305212,6.350273165036567,5618,1405,3.5010263919830322,0.002266407012939453
