Model,R2,MAE,RMSE,MAPE_percent,n_train,n_test,fit_time_sec,predict_time_sec
cat,0.9436460379854659,0.00979447667246785,0.002822550150967997,2.9103057145928535,6214,1554,3.606684923171997,0.0022742748260498047
