Model,R2,MAE,RMSE,MAPE_percent,n_train,n_test,fit_time_sec,predict_time_sec
gbm,0.9938598491193632,0.0023333221870079474,0.00039973474280408967,2.2231540218682673,8151,2038,21.37872815132141,0.012899637222290039
