Model,R2,MAE,RMSE,MAPE_percent,n_train,n_test,fit_time_sec,predict_time_sec
cat,0.9953135703373648,0.007160541813685638,0.00010110628597049424,4.1092375991451116,8145,2036,4.748171091079712,0.003209829330444336
