Model,R2,MAE,RMSE,MAPE_percent,n_train,n_test,fit_time_sec,predict_time_sec
gbm,0.9844050536211857,0.019426416881077394,0.0011591321301833647,3.3642284100665796,6206,1552,15.414550065994263,0.011951446533203125
