Model,R2,MAE,RMSE,MAPE_percent,n_train,n_test,fit_time_sec,predict_time_sec
cat,0.9968424353872124,0.007735385047334959,0.00017562294196041658,4.123625771445677,8145,2036,3.811845302581787,0.0028595924377441406
