Model,R2,MAE,RMSE,MAPE_percent,n_train,n_test,fit_time_sec,predict_time_sec
rf,0.9626956673253422,0.07633928528101556,0.02254522069557683,5.415982565060847,6208,1552,43.46941018104553,0.30661725997924805
