Model,R2,MAE,RMSE,MAPE_percent,n_train,n_test,fit_time_sec,predict_time_sec
gbm,0.770964045151466,0.21857594368082886,0.6947569596475636,907402363.2456644,9059,2265,23.394583225250244,0.018230915069580078
