Model,R2,MAE,RMSE,MAPE_percent,n_train,n_test,fit_time_sec,predict_time_sec
rf,0.9476774865377848,0.01741524113026334,0.005977894027099862,1760238.7223691428,9059,2265,56.68790888786316,0.43044519424438477
