Model,R2,MAE,RMSE,MAPE_percent,n_train,n_test,fit_time_sec,predict_time_sec
cat,0.9884167995856136,0.0013413690860844016,3.6563606433301784e-06,9.708250855218054,1018,9163,3.191274404525757,0.011771440505981445
