Model,R2,MAE,RMSE,MAPE_percent,n_train,n_test,fit_time_sec,predict_time_sec
cat,0.9770967577251976,0.04244988350866648,0.0035872865894390946,5.048540408089801,3969,4851,4.538066387176514,0.006307840347290039
