Model,R2,MAE,RMSE,MAPE_percent,n_train,n_test,fit_time_sec,predict_time_sec
gbm,0.9944263811168381,0.00821177703860592,0.000572373424717176,85296407.32224627,9053,2263,23.009843111038208,0.017915964126586914
