Model,R2,MAE,RMSE,MAPE_percent,n_train,n_test,fit_time_sec,predict_time_sec
gbm,0.89707545589807,0.0245186161887943,0.012041290414351502,123934022.24779618,1697,9619,4.070467472076416,0.06351780891418457
