Model,R2,MAE,RMSE,MAPE_percent,n_train,n_test,fit_time_sec,predict_time_sec
rf,0.39661928316501915,0.20915083057424497,0.14006327754531306,48.04500815532052,6206,1552,42.03926873207092,0.30346226692199707
