Model,R2,MAE,RMSE,MAPE_percent,n_train,n_test,fit_time_sec,predict_time_sec
gbm,0.9554930754740052,0.030382101738280123,0.011365291234759633,3.5231865896728576,6206,1552,15.43442964553833,0.012665271759033203
