Model,R2,MAE,RMSE,MAPE_percent,n_train,n_test,fit_time_sec,predict_time_sec
cat,0.888573694740813,0.08878651599968035,0.04627344701465266,7.1041083622572065,702,6313,3.686779260635376,0.0069828033447265625
