Model,R2,MAE,RMSE,MAPE_percent,n_train,n_test,fit_time_sec,predict_time_sec
gbm,0.9807316283940342,0.0009174229206117741,1.463388947619568e-06,6.64663124878916,7127,3054,17.273610591888428,0.02027606964111328
