Model,R2,MAE,RMSE,MAPE_percent,n_train,n_test,fit_time_sec,predict_time_sec
cat,0.982668813958809,0.017524286127094765,0.0006777981655291059,3.3150982846537924,5818,1940,3.3788208961486816,0.002586841583251953
