Model,R2,MAE,RMSE,MAPE_percent,n_train,n_test,fit_time_sec,predict_time_sec
gbm,0.9895564840503718,0.0007870476057995253,1.1035971801792415e-06,6.820483767742122,8145,2036,20.314456701278687,0.014461517333984375
