Model,R2,MAE,RMSE,MAPE_percent,n_train,n_test,fit_time_sec,predict_time_sec
cat,0.937725444132872,0.2775217683800545,0.20581252560290386,7.673115608881896,6206,1552,3.6520984172821045,0.0019979476928710938
