Model,R2,MAE,RMSE,MAPE_percent,n_train,n_test,fit_time_sec,predict_time_sec
rf,0.9990934105584507,0.0002418745204085259,1.1075874073110237e-07,1.6831580175639211,8145,2036,49.806631565093994,0.3656959533691406
