Model,R2,MAE,RMSE,MAPE_percent,n_train,n_test,fit_time_sec,predict_time_sec
cat,-0.07803258278961711,0.2903515000265782,0.47532615527212685,41.25848072197265,7056,1764,3.4223716259002686,0.0024957656860351562
