Model,R2,MAE,RMSE,MAPE_percent,n_train,n_test,fit_time_sec,predict_time_sec
cat,0.9687809673269586,0.0014279253588741184,9.837248967055184e-06,12.764848584702662,5090,5091,4.271801233291626,0.005894184112548828
