Model,R2,MAE,RMSE,MAPE_percent,n_train,n_test,fit_time_sec,predict_time_sec
rf,0.9635740944984629,0.07049369897311682,0.02346358044140844,4.17273934882763,6340,1585,36.70030474662781,0.27905702590942383
