Model,R2,MAE,RMSE,MAPE_percent,n_train,n_test,fit_time_sec,predict_time_sec
gbm,0.9688000034501222,0.17308738499326148,0.06921292609781984,97.73176782474965,9053,2263,24.1647732257843,0.018887042999267578
