Model,R2,MAE,RMSE,MAPE_percent,n_train,n_test,fit_time_sec,predict_time_sec
rf,0.9851996248979019,0.000886890536447231,4.106011512639859e-06,7.362904255108119,8145,2036,82.3557608127594,0.7925114631652832
