Model,R2,MAE,RMSE,MAPE_percent,n_train,n_test,fit_time_sec,predict_time_sec
rf,0.9471162773930745,0.25822130483845984,0.16966231840718324,7.103770827022493,6206,1552,36.790841579437256,0.28441286087036133
