Model,R2,MAE,RMSE,MAPE_percent,n_train,n_test,fit_time_sec,predict_time_sec
gbm,0.9994184424856691,0.0012001395801808307,4.436251631036132e-06,1.4978960432583022,8145,2036,20.632061004638672,0.014636754989624023
