Model,R2,MAE,RMSE,MAPE_percent,n_train,n_test,fit_time_sec,predict_time_sec
cat,0.9627499862651998,0.0810560850809141,0.024046555337279965,1436916564.5546665,9059,2265,3.9633970260620117,0.003014087677001953
