Model,R2,MAE,RMSE,MAPE_percent,n_train,n_test,fit_time_sec,predict_time_sec
rf,0.96151220818919,0.12176393803979543,0.0377484329161425,5.242887273896439,6208,1552,36.187995195388794,0.2835843563079834
