Model,R2,MAE,RMSE,MAPE_percent,n_train,n_test,fit_time_sec,predict_time_sec
cat,0.9928691480946125,0.013891294319272222,0.00044258068127700994,7.445995669651606,7127,3054,4.9716527462005615,0.003942012786865234
