Model,R2,MAE,RMSE,MAPE_percent,n_train,n_test,fit_time_sec,predict_time_sec
cat,0.99737698937136,0.00041226241818120954,8.603557479049604e-07,2.954803706753712,8145,2036,3.6664435863494873,0.002543210983276367
