Model,R2,MAE,RMSE,MAPE_percent,n_train,n_test,fit_time_sec,predict_time_sec
rf,0.964189216087169,0.05689175945621908,0.008107589574219885,4.217121587533624,5612,1403,33.184577226638794,0.2683451175689697
