Model,R2,MAE,RMSE,MAPE_percent,n_train,n_test,fit_time_sec,predict_time_sec
cat,0.8584963169258661,0.0005435994932762408,5.596353317817679e-05,2.9388605638004095,8145,2036,4.114746809005737,0.0022630691528320312
