Model,R2,MAE,RMSE,MAPE_percent,n_train,n_test,fit_time_sec,predict_time_sec
cat,0.8912935351680744,0.012228151432527132,0.006383943185067402,4.033902349120353,6208,1552,3.5233640670776367,0.0023081302642822266
