Model,R2,MAE,RMSE,MAPE_percent,n_train,n_test,fit_time_sec,predict_time_sec
cat,0.9121433682428407,0.06516265174211396,0.033795402002538846,5.24258329568152,4974,2131,4.623196363449097,0.003132343292236328
