Model,R2,MAE,RMSE,MAPE_percent,n_train,n_test,fit_time_sec,predict_time_sec
cat,0.260702742796203,0.14673135019755137,0.08262622553990097,64.5533419441319,4359,3566,4.081615924835205,0.004901885986328125
