Model,R2,MAE,RMSE,MAPE_percent,n_train,n_test,fit_time_sec,predict_time_sec
rf,0.9972224894013815,0.0020605113371285223,8.87497498703479e-06,2.882995708345795,8151,2038,54.96486783027649,0.44696712493896484
