Model,R2,MAE,RMSE,MAPE_percent,n_train,n_test,fit_time_sec,predict_time_sec
rf,0.9519843534099236,0.1447641480880594,0.06644406789622259,5.992648025017056,6208,1552,58.9399197101593,0.3178257942199707
