Model,R2,MAE,RMSE,MAPE_percent,n_train,n_test,fit_time_sec,predict_time_sec
gbm,0.9898578428017804,0.0009018081001783425,1.7040576657561634e-06,7.81632916430368,2036,8145,4.777003526687622,0.04877328872680664
