Model,R2,MAE,RMSE,MAPE_percent,n_train,n_test,fit_time_sec,predict_time_sec
cat,0.9624796785178937,0.19050002169387573,0.0857982505518741,916000424.9943995,4526,6790,4.6056907176971436,0.007258892059326172
