Model,R2,MAE,RMSE,MAPE_percent,n_train,n_test,fit_time_sec,predict_time_sec
rf,0.9392909467421126,0.26758090786699895,0.16398488993166618,7.041898130202817,6213,1553,37.267289876937866,0.27922797203063965
