Model,R2,MAE,RMSE,MAPE_percent,n_train,n_test,fit_time_sec,predict_time_sec
gbm,0.9958594707054131,0.01060193739969236,0.0003839141967810459,1.816301477940851,6206,1552,27.998677492141724,0.012344598770141602
