Model,R2,MAE,RMSE,MAPE_percent,n_train,n_test,fit_time_sec,predict_time_sec
cat,0.9582087643359769,0.0787421508058396,0.01548309286946114,13.04481427862816,5092,6224,4.591806650161743,0.00704193115234375
