Model,R2,MAE,RMSE,MAPE_percent,n_train,n_test,fit_time_sec,predict_time_sec
cat,0.4300589925981325,0.024706921215678,0.03677155547295704,10.000204546855528,8151,2038,3.7782487869262695,0.002654552459716797
