Model,R2,MAE,RMSE,MAPE_percent,n_train,n_test,fit_time_sec,predict_time_sec
cat,0.9445159819491528,0.13648588231422432,0.06523384716726313,6.784196898943826,6213,1553,3.364429473876953,0.002249002456665039
