Model,R2,MAE,RMSE,MAPE_percent,n_train,n_test,fit_time_sec,predict_time_sec
cat,0.9403326151120853,0.004194316006335931,0.00015353248835693896,7.125698657442592,8151,2038,3.5645346641540527,0.0025947093963623047
