Model,R2,MAE,RMSE,MAPE_percent,n_train,n_test,fit_time_sec,predict_time_sec
rf,0.9839520958878666,0.01897413472779131,0.0011927993098934829,3.2719212271740643,6206,1552,37.177358865737915,0.2740669250488281
