Model,R2,MAE,RMSE,MAPE_percent,n_train,n_test,fit_time_sec,predict_time_sec
rf,0.9007701231022244,0.08598620900306815,0.0721387639073564,4791754.005050105,9059,2265,54.337197065353394,0.44721174240112305
