Model,R2,MAE,RMSE,MAPE_percent,n_train,n_test,fit_time_sec,predict_time_sec
rf,0.9993705761518179,0.0010725483040071129,2.273405379054172e-06,1.4834303040315233,8145,2036,49.6407675743103,0.44518160820007324
