Model,R2,MAE,RMSE,MAPE_percent,n_train,n_test,fit_time_sec,predict_time_sec
cat,0.9771724059632674,0.06265959842051919,0.012112043501037388,704925573.9690431,9053,2263,14.168434619903564,0.017786502838134766
