Model,R2,MAE,RMSE,MAPE_percent,n_train,n_test,fit_time_sec,predict_time_sec
rf,0.9967435372548439,0.0059266969225512355,6.962034322006764e-05,3.271094825425639,8145,2036,51.93465733528137,0.41432642936706543
