Model,R2,MAE,RMSE,MAPE_percent,n_train,n_test,fit_time_sec,predict_time_sec
gbm,0.9890679939372767,0.004407455548317114,3.4492409806758936e-05,6.768024844291065,8145,2036,19.796325206756592,0.015153646469116211
