Model,R2,MAE,RMSE,MAPE_percent,n_train,n_test,fit_time_sec,predict_time_sec
rf,0.8866955211721361,0.09328185142321842,0.024106796086490422,8.236891458413856,6208,1552,40.00339674949646,0.3093745708465576
