Model,R2,MAE,RMSE,MAPE_percent,n_train,n_test,fit_time_sec,predict_time_sec
cat,0.7573424460965322,0.51339851698002,0.5708039065590066,5078863044.740219,7921,3395,4.603027820587158,0.005018949508666992
