Model,R2,MAE,RMSE,MAPE_percent,n_train,n_test,fit_time_sec,predict_time_sec
cat,0.8943841647333984,0.02318924385477388,0.011244333706025261,4.83188755105977,2378,5547,3.911111354827881,0.0067539215087890625
