Model,R2,MAE,RMSE,MAPE_percent,n_train,n_test,fit_time_sec,predict_time_sec
cat,0.9479634057247772,0.07995477066488783,0.029905744258432634,5.322256789779205,3566,4359,4.662983179092407,0.005948543548583984
