Model,R2,MAE,RMSE,MAPE_percent,n_train,n_test,fit_time_sec,predict_time_sec
rf,0.7721422208326914,0.2072661059170604,0.6911830851667639,9381212.530243639,9059,2265,56.46164131164551,0.4481954574584961
