Model,R2,MAE,RMSE,MAPE_percent,n_train,n_test,fit_time_sec,predict_time_sec
gbm,0.9943412314935813,0.009281618539613408,0.00017750273194511905,3.9615144358421013,8145,2036,20.219781160354614,0.01419520378112793
