Model,R2,MAE,RMSE,MAPE_percent,n_train,n_test,fit_time_sec,predict_time_sec
cat,0.9373638984408137,0.22519549491403168,0.11909951102899989,7.792224211228617,792,7133,3.7883055210113525,0.007449626922607422
