Model,R2,MAE,RMSE,MAPE_percent,n_train,n_test,fit_time_sec,predict_time_sec
rf,0.9939311822499411,0.008617540856255374,0.0006232270401694482,105502.13540825938,9053,2263,56.29823708534241,0.43802976608276367
