Model,R2,MAE,RMSE,MAPE_percent,n_train,n_test,fit_time_sec,predict_time_sec
cat,0.33625076527616493,0.10138903320772763,0.03221934129689537,56.87131337041716,6208,1552,3.247713088989258,0.002395153045654297
