Model,R2,MAE,RMSE,MAPE_percent,n_train,n_test,fit_time_sec,predict_time_sec
gbm,0.992869362885461,0.005636843946880959,0.0006406901210265261,1.9222166597771855,8145,2036,20.770076036453247,0.014467954635620117
