Model,R2,MAE,RMSE,MAPE_percent,n_train,n_test,fit_time_sec,predict_time_sec
rf,0.9981474330812399,0.0005326245081996684,5.883806839653202e-07,3.8535403667841432,8145,2036,77.99851870536804,0.4246180057525635
