Model,R2,MAE,RMSE,MAPE_percent,n_train,n_test,fit_time_sec,predict_time_sec
rf,0.9791798019542629,0.00823450941242207,0.0009529117461930316,2.1086625190446036,6208,1552,54.11953783035278,0.5355865955352783
