Model,R2,MAE,RMSE,MAPE_percent,n_train,n_test,fit_time_sec,predict_time_sec
cat,0.9919162733619685,0.0027159922174662173,7.073667464247454e-05,3.6107328656214674,8145,2036,3.910299062728882,0.0029363632202148438
