Model,R2,MAE,RMSE,MAPE_percent,n_train,n_test,fit_time_sec,predict_time_sec
rf,0.9690526251484171,0.018050882444703577,0.0032271766201996004,11426946.43678078,9053,2263,59.35406732559204,0.435621976852417
