Model,R2,MAE,RMSE,MAPE_percent,n_train,n_test,fit_time_sec,predict_time_sec
cat,0.8899306523408399,0.270597940974405,0.13439714852465667,10.15710673961476,6208,1552,3.5117905139923096,0.002402782440185547
