Model,R2,MAE,RMSE,MAPE_percent,n_train,n_test,fit_time_sec,predict_time_sec
rf,0.9298295141342641,0.14614585642931183,0.0825010680809574,6.592509508121323,6213,1553,36.54933404922485,0.28955554962158203
