Model,R2,MAE,RMSE,MAPE_percent,n_train,n_test,fit_time_sec,predict_time_sec
cat,0.9865219911584692,0.00852632776062098,0.0007320796216899043,2.8765674417306553,6214,1554,3.438438892364502,0.00225830078125
