Model,R2,MAE,RMSE,MAPE_percent,n_train,n_test,fit_time_sec,predict_time_sec
rf,0.990426541305824,0.0003861912076178431,6.281174378818988e-06,2.262684753634143,8151,2038,54.23953294754028,0.3919038772583008
