Model,R2,MAE,RMSE,MAPE_percent,n_train,n_test,fit_time_sec,predict_time_sec
gbm,0.9949197852298384,0.0025611337970841987,1.306355161485012e-05,4.264382190085361,8145,2036,20.40377926826477,0.013920783996582031
