Model,R2,MAE,RMSE,MAPE_percent,n_train,n_test,fit_time_sec,predict_time_sec
rf,0.5054827939264382,0.4676973120022402,0.4888796016972873,34.41308194195963,6213,1553,40.49648451805115,0.30953216552734375
