Model,R2,MAE,RMSE,MAPE_percent,n_train,n_test,fit_time_sec,predict_time_sec
gbm,0.95255216422895,0.0031612997018179412,0.0004968580780903921,3.1898702479534116,8145,2036,20.350165128707886,0.014052867889404297
