Model,R2,MAE,RMSE,MAPE_percent,n_train,n_test,fit_time_sec,predict_time_sec
rf,0.9913149685831446,0.004702254384896919,0.0001170299138568118,1.638542903578108,6208,1552,40.018298387527466,0.2946457862854004
