Model,R2,MAE,RMSE,MAPE_percent,n_train,n_test,fit_time_sec,predict_time_sec
cat,0.9959239323611913,0.007345515059486345,0.00011652696889578598,3.7495761312792903,8151,2038,3.6896214485168457,0.0026624202728271484
