Model,R2,MAE,RMSE,MAPE_percent,n_train,n_test,fit_time_sec,predict_time_sec
cat,0.9608382889449718,0.06636139986237582,0.009114151015835499,4.594420171684047,5548,2377,4.765769720077515,0.0036373138427734375
