Model,R2,MAE,RMSE,MAPE_percent,n_train,n_test,fit_time_sec,predict_time_sec
cat,0.9496140743881997,0.25485570479133574,0.1350782329945178,6.650324605468318,6206,1552,9.883041381835938,0.0031824111938476562
