Model,R2,MAE,RMSE,MAPE_percent,n_train,n_test,fit_time_sec,predict_time_sec
rf,0.9722854844439522,0.023931229252563184,0.002362479070539107,3.884369725329553,1940,5818,9.812565326690674,0.4659392833709717
