Model,R2,MAE,RMSE,MAPE_percent,n_train,n_test,fit_time_sec,predict_time_sec
rf,0.9715371315223125,0.0027278497942404903,0.00027085891498905643,3.0366416076367595,8145,2036,67.54184627532959,0.8078181743621826
