Model,R2,MAE,RMSE,MAPE_percent,n_train,n_test,fit_time_sec,predict_time_sec
cat,0.9558068352759838,0.08922612706617583,0.02281043098733262,892635878.0790749,1697,9619,4.305037975311279,0.01284337043762207
