Model,R2,MAE,RMSE,MAPE_percent,n_train,n_test,fit_time_sec,predict_time_sec
gbm,0.9694386969530271,0.018384658817514173,0.0022881099153042764,53130323.59114954,1132,10184,2.8184659481048584,0.06322526931762695
