Model,R2,MAE,RMSE,MAPE_percent,n_train,n_test,fit_time_sec,predict_time_sec
gbm,0.9827181284783201,0.016100005354223016,0.0011895991414904569,2.593186543499502,6206,1552,15.436921834945679,0.011827707290649414
