Model,R2,MAE,RMSE,MAPE_percent,n_train,n_test,fit_time_sec,predict_time_sec
cat,0.9558379988563555,0.19772302396111804,0.08220635745384186,69812856.56700978,3961,7355,4.6219563484191895,0.009350061416625977
