Model,R2,MAE,RMSE,MAPE_percent,n_train,n_test,fit_time_sec,predict_time_sec
cat,0.9686811243801429,0.1683845308776599,0.0643064491452993,5.74587871529768,6340,1585,5.0786590576171875,0.0028874874114990234
