Model,R2,MAE,RMSE,MAPE_percent,n_train,n_test,fit_time_sec,predict_time_sec
cat,0.9850085078385832,0.0012196204529216462,4.009390543163744e-06,8.052147770267176,1527,8654,3.323835849761963,0.007551431655883789
