Model,R2,MAE,RMSE,MAPE_percent,n_train,n_test,fit_time_sec,predict_time_sec
rf,0.91944796963889,0.04082343598890935,0.018114351618413734,5.055440375380491,776,6982,3.7185041904449463,0.4436357021331787
