Model,R2,MAE,RMSE,MAPE_percent,n_train,n_test,fit_time_sec,predict_time_sec
cat,0.9904500015654407,0.014608273761860729,0.00040048008158926945,7.9134964704619195,2036,8145,5.577748775482178,0.008112668991088867
