Model,R2,MAE,RMSE,MAPE_percent,n_train,n_test,fit_time_sec,predict_time_sec
rf,0.9801548531759522,0.0009117544068520005,1.556979237989523e-06,6.698871489828997,7127,3054,44.01420307159424,0.4355502128601074
