Model,R2,MAE,RMSE,MAPE_percent,n_train,n_test,fit_time_sec,predict_time_sec
rf,0.9640843233663169,0.07612298461329928,0.02459909571967909,11727941.573219325,9053,2263,55.73323082923889,0.45200037956237793
