Model,R2,MAE,RMSE,MAPE_percent,n_train,n_test,fit_time_sec,predict_time_sec
rf,0.9826140465365452,0.0005692515500814572,1.140697515229537e-05,3.4576253052684818,8151,2038,54.882067918777466,0.404508113861084
