Model,R2,MAE,RMSE,MAPE_percent,n_train,n_test,fit_time_sec,predict_time_sec
cat,0.713192522592607,0.5560181095219787,0.6700347607702917,7405858159.598533,2263,9053,4.097784757614136,0.010022401809692383
