Model,R2,MAE,RMSE,MAPE_percent,n_train,n_test,fit_time_sec,predict_time_sec
cat,0.9507558054190538,0.20443430340701232,0.11504345156420752,2983105457.9755044,2263,9053,4.49201774597168,0.014610052108764648
