Model,R2,MAE,RMSE,MAPE_percent,n_train,n_test,fit_time_sec,predict_time_sec
gbm,0.9797943212151299,0.0010266666142088462,1.8525308535057327e-06,6.719688666395947,7127,3054,17.265503406524658,0.018909692764282227
