Model,R2,MAE,RMSE,MAPE_percent,n_train,n_test,fit_time_sec,predict_time_sec
cat,0.9928303682539699,0.00535860095856329,7.139656740578588e-05,7.188878118946293,8145,2036,3.692490577697754,0.0066187381744384766
