Model,R2,MAE,RMSE,MAPE_percent,n_train,n_test,fit_time_sec,predict_time_sec
cat,0.9829066028637994,0.023966900464801575,0.0040458716392435595,3.6749324971570254,6206,1552,3.5524518489837646,0.0023272037506103516
