Model,R2,MAE,RMSE,MAPE_percent,n_train,n_test,fit_time_sec,predict_time_sec
gbm,0.998845222395848,0.0038233975177633665,7.774094656589377e-05,1.5986212347940838,8145,2036,29.798824787139893,0.015352725982666016
