Model,R2,MAE,RMSE,MAPE_percent,n_train,n_test,fit_time_sec,predict_time_sec
cat,0.9401453925039288,0.18105903170811694,0.10065707823440422,5.8538990729324,4755,3170,4.630840539932251,0.0039975643157958984
