Model,R2,MAE,RMSE,MAPE_percent,n_train,n_test,fit_time_sec,predict_time_sec
cat,0.553219792610165,0.47670469165215956,0.448837745429343,33.70463403182583,6206,1552,3.1035544872283936,0.0021941661834716797
