Model,R2,MAE,RMSE,MAPE_percent,n_train,n_test,fit_time_sec,predict_time_sec
cat,0.30529212617278,0.32512507267119983,0.30807629839514616,33.34216148023103,3908,3197,4.214101791381836,0.004835844039916992
