Model,R2,MAE,RMSE,MAPE_percent,n_train,n_test,fit_time_sec,predict_time_sec
gbm,-2.092571283533638,0.0025672122529469287,0.0024448401697339636,5.132126812807222,8151,2038,20.359978914260864,0.014459848403930664
