Model,R2,MAE,RMSE,MAPE_percent,n_train,n_test,fit_time_sec,predict_time_sec
cat,0.9223221537837043,0.11675485672565424,0.04549091067237116,10.336649370964734,396,7529,3.5794715881347656,0.007479429244995117
