Model,R2,MAE,RMSE,MAPE_percent,n_train,n_test,fit_time_sec,predict_time_sec
cat,0.9195049351287156,0.013792133675541166,0.006030995599700102,3.8015300359028856,4268,3492,3.6197669506073,0.0038499832153320312
