Model,R2,MAE,RMSE,MAPE_percent,n_train,n_test,fit_time_sec,predict_time_sec
cat,0.9967583030956326,0.0023003832161113146,1.2816406058823258e-05,3.0411862043652214,8145,2036,3.618943214416504,0.0026450157165527344
