Model,R2,MAE,RMSE,MAPE_percent,n_train,n_test,fit_time_sec,predict_time_sec
cat,0.9881572423803907,0.00777759993046304,0.00017493014152536755,3.0316400272793813,6208,1552,3.374958038330078,0.002207517623901367
