Model,R2,MAE,RMSE,MAPE_percent,n_train,n_test,fit_time_sec,predict_time_sec
rf,0.9674280211878605,0.04722579626857347,0.00606898907874328,4.142755187792643,6208,1552,36.00821375846863,0.2850461006164551
