Model,R2,MAE,RMSE,MAPE_percent,n_train,n_test,fit_time_sec,predict_time_sec
gbm,0.9624159420195488,0.006386846668985556,0.0032087725243266914,1.9689017240598363,8145,2036,37.34765696525574,0.015976905822753906
