Model,R2,MAE,RMSE,MAPE_percent,n_train,n_test,fit_time_sec,predict_time_sec
cat,0.9803135907599512,0.010581997012036925,0.0023082141951326486,103164674.01690504,9053,2263,3.6312758922576904,0.0028829574584960938
