Model,R2,MAE,RMSE,MAPE_percent,n_train,n_test,fit_time_sec,predict_time_sec
cat,0.9297650387520089,0.0056163849438981,0.0006481245198595152,7.57845310071482,2545,7636,3.952066421508789,0.010680675506591797
