Model,R2,MAE,RMSE,MAPE_percent,n_train,n_test,fit_time_sec,predict_time_sec
gbm,0.9651683674806759,0.18219151192293628,0.07134216684357667,7.8812214240310245,9053,2263,23.05112934112549,0.018050670623779297
