Model,R2,MAE,RMSE,MAPE_percent,n_train,n_test,fit_time_sec,predict_time_sec
gbm,0.20842222157368173,0.030398736210539838,0.1288375643015302,8.381872980155064,8151,2038,20.07752227783203,0.014616966247558594
