Model,R2,MAE,RMSE,MAPE_percent,n_train,n_test,fit_time_sec,predict_time_sec
gbm,0.9468307731002914,0.031154554353645152,0.012531581416577025,3.9355501895462366,5431,2327,13.470972299575806,0.016861677169799805
