Model,R2,MAE,RMSE,MAPE_percent,n_train,n_test,fit_time_sec,predict_time_sec
rf,0.9851994048570167,0.0009171628729781316,1.5617786397204044e-06,6.877548344712042,5090,5091,30.10067653656006,0.5773978233337402
