Model,R2,MAE,RMSE,MAPE_percent,n_train,n_test,fit_time_sec,predict_time_sec
cat,0.746705184093707,0.5225967924664838,0.5748061594493217,8270079075.517479,5092,6224,4.226202964782715,0.009709358215332031
