Model,R2,MAE,RMSE,MAPE_percent,n_train,n_test,fit_time_sec,predict_time_sec
rf,0.8622399963542529,0.05021846156009739,0.031978346484935256,6.555289078132294,6206,1552,43.16105914115906,0.29648780822753906
