Model,R2,MAE,RMSE,MAPE_percent,n_train,n_test,fit_time_sec,predict_time_sec
rf,0.8896175741072738,0.04566726775731177,0.030356456966894173,4.362989011966533,7056,1764,45.61149501800537,0.35326075553894043
