Model,R2,MAE,RMSE,MAPE_percent,n_train,n_test,fit_time_sec,predict_time_sec
gbm,0.8869018242902992,0.001660572696178701,6.276389222667737e-05,13.47245705678391,8145,2036,18.207828283309937,0.015324592590332031
