Model,R2,MAE,RMSE,MAPE_percent,n_train,n_test,fit_time_sec,predict_time_sec
rf,0.986776722024048,0.0012609228905848821,4.337276825543903e-06,11.628388022930425,8145,2036,50.254441022872925,0.3908500671386719
