Model,R2,MAE,RMSE,MAPE_percent,n_train,n_test,fit_time_sec,predict_time_sec
cat,0.9625629036550227,0.12826404574247324,0.03781098978366778,5.419802611618916,6208,1552,3.438023805618286,0.0022742748260498047
