Model,R2,MAE,RMSE,MAPE_percent,n_train,n_test,fit_time_sec,predict_time_sec
cat,0.7837726604897355,0.5024672528770995,0.5228917543783114,2612282933.1215477,9053,2263,3.3692567348480225,0.00295257568359375
