Model,R2,MAE,RMSE,MAPE_percent,n_train,n_test,fit_time_sec,predict_time_sec
rf,0.9949355581511569,0.004045385068656054,3.25013643519391e-05,7.141944844813551,8145,2036,51.82716417312622,0.4154238700866699
