Model,R2,MAE,RMSE,MAPE_percent,n_train,n_test,fit_time_sec,predict_time_sec
cat,0.9888968282825474,0.00802900304808238,0.00011836242292679445,3.232281441722587,3880,3880,3.534839630126953,0.003941774368286133
