Model,R2,MAE,RMSE,MAPE_percent,n_train,n_test,fit_time_sec,predict_time_sec
rf,0.9833951729852554,0.0003190946378059732,4.7832545625273895e-06,2.0901053279983257,8145,2036,54.57112383842468,0.4303603172302246
