Model,R2,MAE,RMSE,MAPE_percent,n_train,n_test,fit_time_sec,predict_time_sec
cat,0.908983076344286,0.08032094371973014,0.03447021631239099,6.397346721599924,1052,5963,3.7577834129333496,0.006701231002807617
