Model,R2,MAE,RMSE,MAPE_percent,n_train,n_test,fit_time_sec,predict_time_sec
cat,0.9936857481151116,0.000551813377508954,8.413990229377878e-07,4.003320014114815,8151,2038,3.6371443271636963,0.0025594234466552734
