Model,R2,MAE,RMSE,MAPE_percent,n_train,n_test,fit_time_sec,predict_time_sec
cat,0.9856277945924027,0.011737680445547254,0.00030578657611244654,3.418695606376515,8487,2829,3.7670845985412598,0.003259420394897461
