Model,R2,MAE,RMSE,MAPE_percent,n_train,n_test,fit_time_sec,predict_time_sec
gbm,0.9894445571901318,0.01340036531375384,0.00032334400560714164,7.1097181939914975,8145,2036,19.873252391815186,0.014900445938110352
