Model,R2,MAE,RMSE,MAPE_percent,n_train,n_test,fit_time_sec,predict_time_sec
cat,0.9794920436817889,0.006989250552020765,0.00015643930724643795,13.325505151115774,8145,2036,3.416137218475342,0.0026214122772216797
