Model,R2,MAE,RMSE,MAPE_percent,n_train,n_test,fit_time_sec,predict_time_sec
gbm,0.9608908232694,0.18349459078516175,0.09182873745542752,789916537.4674819,9053,2263,22.770432710647583,0.018456697463989258
