Model,R2,MAE,RMSE,MAPE_percent,n_train,n_test,fit_time_sec,predict_time_sec
rf,0.968023939263412,0.015680884539806702,0.0028576235117664175,6.785187176257317,8145,2036,51.014800786972046,0.40511155128479004
