Model,R2,MAE,RMSE,MAPE_percent,n_train,n_test,fit_time_sec,predict_time_sec
cat,0.9876235883017992,0.0007881088321325791,5.02825123021795e-06,5.091959844121216,8145,2036,3.5304946899414062,0.0027153491973876953
