Model,R2,MAE,RMSE,MAPE_percent,n_train,n_test,fit_time_sec,predict_time_sec
rf,0.5053402468120283,0.43318600350763564,0.5021200431044485,28.903456856310296,6206,1552,38.69643568992615,0.2859477996826172
