Model,R2,MAE,RMSE,MAPE_percent,n_train,n_test,fit_time_sec,predict_time_sec
gbm,0.9947494206165802,0.012883214918715158,0.0009735529383611414,1.8672435335209483,6206,1552,15.521893501281738,0.012427806854248047
