Model,R2,MAE,RMSE,MAPE_percent,n_train,n_test,fit_time_sec,predict_time_sec
cat,0.4461187313729933,0.3711890309630954,0.3281987821589226,33.55916829895057,3962,3963,4.239805459976196,0.00591588020324707
