Model,R2,MAE,RMSE,MAPE_percent,n_train,n_test,fit_time_sec,predict_time_sec
cat,0.9938408235815076,0.0009496122725592971,1.8866585983719428e-06,7.256042378588756,8145,2036,3.6851236820220947,0.002741575241088867
