Model,R2,MAE,RMSE,MAPE_percent,n_train,n_test,fit_time_sec,predict_time_sec
gbm,0.8839528613024352,0.09290359804692995,0.023830646223483926,7.8627796983680955,6208,1552,15.459714889526367,0.011111974716186523
