Model,R2,MAE,RMSE,MAPE_percent,n_train,n_test,fit_time_sec,predict_time_sec
cat,0.9124082596319517,0.07672628528565682,0.06367799775822094,1775469601.195994,9059,2265,3.9081201553344727,0.0030410289764404297
