Model,R2,MAE,RMSE,MAPE_percent,n_train,n_test,fit_time_sec,predict_time_sec
cat,0.9083927694689873,0.0012253703127214626,3.389443157274108e-05,8.061280058657506,1527,8654,4.346338748931885,0.008548498153686523
