Model,R2,MAE,RMSE,MAPE_percent,n_train,n_test,fit_time_sec,predict_time_sec
gbm,0.9951683584279225,0.0030383929025659113,1.8637644291905107e-05,3.91264277024591,8145,2036,20.282362937927246,0.013925790786743164
