Model,R2,MAE,RMSE,MAPE_percent,n_train,n_test,fit_time_sec,predict_time_sec
cat,0.9874954036317594,0.0004698920939801754,4.227044774224188e-06,3.337370953775104,8145,2036,4.679955244064331,0.0031294822692871094
