Model,R2,MAE,RMSE,MAPE_percent,n_train,n_test,fit_time_sec,predict_time_sec
rf,0.9785417694163618,0.0010356193805983874,2.263596404691195e-06,9.31060690513206,8145,2036,52.18915343284607,0.40305566787719727
