Model,R2,MAE,RMSE,MAPE_percent,n_train,n_test,fit_time_sec,predict_time_sec
rf,0.8916029702507441,0.27310100363263046,0.13503963473164424,10.406497695560084,6208,1552,37.627047061920166,0.33127355575561523
