Model,R2,MAE,RMSE,MAPE_percent,n_train,n_test,fit_time_sec,predict_time_sec
rf,0.9678246251670611,0.025289367124433696,0.0034313991772906573,3.944021239421665,1552,6206,7.611001491546631,0.4658699035644531
