Model,R2,MAE,RMSE,MAPE_percent,n_train,n_test,fit_time_sec,predict_time_sec
gbm,0.9572336367411278,0.19331982509126225,0.08494759220887184,8.120192967396386,9053,2263,22.846122980117798,0.017767667770385742
