Model,R2,MAE,RMSE,MAPE_percent,n_train,n_test,fit_time_sec,predict_time_sec
cat,0.9586491622109439,0.18397988925573694,0.08223725447936793,6.367298685406329,5944,1981,4.810622215270996,0.0029926300048828125
