Model,R2,MAE,RMSE,MAPE_percent,n_train,n_test,fit_time_sec,predict_time_sec
rf,0.8055152741848918,0.001044677866627191,5.890583539750815e-05,5.255444197993162,8151,2038,56.504345655441284,0.38506150245666504
