Model,R2,MAE,RMSE,MAPE_percent,n_train,n_test,fit_time_sec,predict_time_sec
gbm,0.9716400697724605,0.039392101681516106,0.006725494309430972,4.235417798003972,7056,1764,19.018810272216797,0.016014575958251953
