Model,R2,MAE,RMSE,MAPE_percent,n_train,n_test,fit_time_sec,predict_time_sec
cat,0.9305758732553143,0.06396671142611442,0.023686590130601554,5.8362383829372675,6208,1552,4.123216390609741,0.002807140350341797
