Model,R2,MAE,RMSE,MAPE_percent,n_train,n_test,fit_time_sec,predict_time_sec
cat,0.9570383264390799,0.18938565466308543,0.0882952240915992,6.547015061983484,4359,3566,4.6541924476623535,0.005409955978393555
