Model,R2,MAE,RMSE,MAPE_percent,n_train,n_test,fit_time_sec,predict_time_sec
gbm,0.9534013328343528,0.0009483981451908796,1.4256471631932155e-05,7.961770394705294,3054,7127,7.249318838119507,0.044435977935791016
