Model,R2,MAE,RMSE,MAPE_percent,n_train,n_test,fit_time_sec,predict_time_sec
gbm,0.9889566014706119,0.0130595482540545,0.0007838165616617903,7.371049827846922,8145,2036,19.804150342941284,0.015111446380615234
