Model,R2,MAE,RMSE,MAPE_percent,n_train,n_test,fit_time_sec,predict_time_sec
cat,0.9001002634900171,0.26311028501668593,0.11865814853161694,10.164857943143058,6208,1552,3.5717761516571045,0.0023641586303710938
