Model,R2,MAE,RMSE,MAPE_percent,n_train,n_test,fit_time_sec,predict_time_sec
cat,0.9937216630363197,0.013678974959553395,0.000416135416515804,7.440391217342912,7127,3054,4.877277851104736,0.0036618709564208984
