Model,R2,MAE,RMSE,MAPE_percent,n_train,n_test,fit_time_sec,predict_time_sec
cat,0.9863049329348933,0.013694994753842124,0.0004262956860378381,4.000558571590437,2378,5547,4.447452783584595,0.0058825016021728516
