Model,R2,MAE,RMSE,MAPE_percent,n_train,n_test,fit_time_sec,predict_time_sec
gbm,0.9683640937349903,0.1772599674562518,0.07650352895117347,598739818.8648682,9053,2263,42.770822286605835,0.018133878707885742
