Model,R2,MAE,RMSE,MAPE_percent,n_train,n_test,fit_time_sec,predict_time_sec
cat,0.9981269376663118,0.005113853784037144,5.874726186928418e-05,2.2160070924246673,8145,2036,3.5474700927734375,0.0027015209197998047
