Model,R2,MAE,RMSE,MAPE_percent,n_train,n_test,fit_time_sec,predict_time_sec
gbm,0.9112342432568205,0.06806382026222481,0.03431489136301165,5.98762063912342,6208,1552,16.345690488815308,0.01244354248046875
