Model,R2,MAE,RMSE,MAPE_percent,n_train,n_test,fit_time_sec,predict_time_sec
rf,0.9774797038952564,0.0008142785688395542,1.2449863217839595e-06,6.83001170073786,8145,2036,51.28064942359924,0.3745107650756836
