Model,R2,MAE,RMSE,MAPE_percent,n_train,n_test,fit_time_sec,predict_time_sec
cat,0.9127249142939586,0.001237440497302505,4.371810401277436e-05,7.304692310602048,6109,4072,3.468609094619751,0.004906892776489258
