Model,R2,MAE,RMSE,MAPE_percent,n_train,n_test,fit_time_sec,predict_time_sec
gbm,0.9816555739872537,0.019385289668741534,0.0010540310513935303,3.420945860653843,3879,3879,9.520321130752563,0.024628400802612305
