Model,R2,MAE,RMSE,MAPE_percent,n_train,n_test,fit_time_sec,predict_time_sec
cat,0.9884401469373492,0.007225568289150508,8.973479846461762e-05,2.7970452741299683,5820,1940,3.517920732498169,0.0026702880859375
