Model,R2,MAE,RMSE,MAPE_percent,n_train,n_test,fit_time_sec,predict_time_sec
cat,0.26846335226772966,0.14242163321740242,0.09770980901558661,49.86159408588106,5151,2774,4.410486936569214,0.004674434661865234
