Model,R2,MAE,RMSE,MAPE_percent,n_train,n_test,fit_time_sec,predict_time_sec
cat,0.9952138010294773,0.005901839192458259,0.0001425195690435652,2.726688922297064,8145,2036,3.810922861099243,0.0027191638946533203
