Model,R2,MAE,RMSE,MAPE_percent,n_train,n_test,fit_time_sec,predict_time_sec
cat,0.1442916811054864,0.27989979849683155,0.5423734355873151,41.46697827035038,1323,7497,4.002355337142944,0.009105920791625977
