Model,R2,MAE,RMSE,MAPE_percent,n_train,n_test,fit_time_sec,predict_time_sec
cat,0.967850390432132,0.06064738237956429,0.008037995258366265,4.823495696395839,5261,1754,4.790500640869141,0.003334522247314453
