Model,R2,MAE,RMSE,MAPE_percent,n_train,n_test,fit_time_sec,predict_time_sec
gbm,0.9045759876082958,0.2908341965614434,0.15606824051431922,11.83866562147046,6208,1552,15.82853651046753,0.01220703125
