Model,R2,MAE,RMSE,MAPE_percent,n_train,n_test,fit_time_sec,predict_time_sec
cat,0.9198066868144541,0.021746668690724072,0.006309500877720423,12.355493845636637,2545,7636,4.15485954284668,0.008302688598632812
