Model,R2,MAE,RMSE,MAPE_percent,n_train,n_test,fit_time_sec,predict_time_sec
gbm,0.986418700780227,0.011572582827165317,0.00035653888059411016,3.257032541678858,6790,4526,16.736769914627075,0.02840423583984375
