Model,R2,MAE,RMSE,MAPE_percent,n_train,n_test,fit_time_sec,predict_time_sec
cat,0.04447146357309628,0.015143843979066082,0.06584307968426943,8.46766489304704,8151,2038,3.814370632171631,0.003410816192626953
