Model,R2,MAE,RMSE,MAPE_percent,n_train,n_test,fit_time_sec,predict_time_sec
rf,0.9920855391744019,0.006651390618470514,9.3388252288457e-05,2.602030973951604,6208,1552,38.06972551345825,0.27756381034851074
