Model,R2,MAE,RMSE,MAPE_percent,n_train,n_test,fit_time_sec,predict_time_sec
rf,0.9626301474973943,0.1266232366559456,0.03751660288302189,5.2333751279004055,6208,1552,36.57713031768799,0.2842850685119629
