Model,R2,MAE,RMSE,MAPE_percent,n_train,n_test,fit_time_sec,predict_time_sec
cat,0.9618904689776245,0.074345909136519,0.012787010424436767,5.773184396514897,6224,5092,4.681760311126709,0.005784749984741211
