Model,R2,MAE,RMSE,MAPE_percent,n_train,n_test,fit_time_sec,predict_time_sec
cat,0.9832411861667116,0.01989135920924295,0.0011932649263322328,3.520553588812545,6213,1553,3.3979649543762207,0.0022635459899902344
