Model,R2,MAE,RMSE,MAPE_percent,n_train,n_test,fit_time_sec,predict_time_sec
rf,0.9884814715423726,0.006879457358525999,9.825193529552793e-05,2.617436915967888,5044,2716,29.904704809188843,0.34842920303344727
