Model,R2,MAE,RMSE,MAPE_percent,n_train,n_test,fit_time_sec,predict_time_sec
cat,0.6750250733842006,0.28685212304725055,0.5302533864984978,10.44026912797116,6214,1554,3.368926525115967,0.0023660659790039062
