Model,R2,MAE,RMSE,MAPE_percent,n_train,n_test,fit_time_sec,predict_time_sec
cat,0.9717930062623167,0.04482972578286662,0.005141333646734169,4.151544605568779,6208,1552,3.373101234436035,0.002251148223876953
