Model,R2,MAE,RMSE,MAPE_percent,n_train,n_test,fit_time_sec,predict_time_sec
gbm,0.6762794019871544,0.3101753577722323,0.6806517115095977,11.791312872273876,6214,1554,15.397673845291138,0.012389183044433594
