Model,R2,MAE,RMSE,MAPE_percent,n_train,n_test,fit_time_sec,predict_time_sec
gbm,0.9550619536740554,0.031416214085326986,0.010068937469202644,4.128354389076716,3103,4655,7.568831205368042,0.03171229362487793
