Model,R2,MAE,RMSE,MAPE_percent,n_train,n_test,fit_time_sec,predict_time_sec
cat,0.9899979451403365,0.013843289100853189,0.0007555835150889989,6.968273495719607,8145,2036,4.799115896224976,0.003607034683227539
