Model,R2,MAE,RMSE,MAPE_percent,n_train,n_test,fit_time_sec,predict_time_sec
cat,0.9629081367702306,0.0012159637864537867,1.382715031968555e-05,7.5931425293792,5600,4581,3.256871461868286,0.005177736282348633
