Model,R2,MAE,RMSE,MAPE_percent,n_train,n_test,fit_time_sec,predict_time_sec
cat,0.9734133618520905,0.05501065619957423,0.006976434295590576,4.324478465116412,4618,2487,4.812507152557373,0.003793478012084961
