Model,R2,MAE,RMSE,MAPE_percent,n_train,n_test,fit_time_sec,predict_time_sec
cat,0.8070302428687642,0.0018974896343185086,3.0336062395861937e-05,12.060822266777397,8151,2038,3.8234360218048096,0.002717733383178711
