Model,R2,MAE,RMSE,MAPE_percent,n_train,n_test,fit_time_sec,predict_time_sec
rf,0.9895917041678112,0.01759980428470632,0.0006830984867656957,11.082654335665707,8145,2036,50.029348850250244,0.4190492630004883
