Model,R2,MAE,RMSE,MAPE_percent,n_train,n_test,fit_time_sec,predict_time_sec
cat,0.5434284078244414,0.364078249178096,0.3047297181930097,5801309103.595185,9053,2263,3.739964246749878,0.0029473304748535156
