Model,R2,MAE,RMSE,MAPE_percent,n_train,n_test,fit_time_sec,predict_time_sec
cat,0.9663991093984401,0.0630460468969194,0.010325245167432539,5.120957456644529,2487,4618,4.259042501449585,0.005445718765258789
