Model,R2,MAE,RMSE,MAPE_percent,n_train,n_test,fit_time_sec,predict_time_sec
gbm,0.9608473302222821,0.14004533959651527,0.04993781641277524,5.935421872881757,6208,1552,15.467183351516724,0.012784004211425781
