Model,R2,MAE,RMSE,MAPE_percent,n_train,n_test,fit_time_sec,predict_time_sec
cat,0.795210137524197,0.03211735047311253,0.02280913472643576,8.80981888798571,396,7529,3.6043660640716553,0.007938385009765625
