Model,R2,MAE,RMSE,MAPE_percent,n_train,n_test,fit_time_sec,predict_time_sec
rf,0.939264737576555,0.26018358336702263,0.1773420485646713,6.45293751069199,6206,1552,36.64368677139282,0.2887864112854004
