Model,R2,MAE,RMSE,MAPE_percent,n_train,n_test,fit_time_sec,predict_time_sec
cat,0.2291312162720347,0.3834334494131703,0.3775034872652411,39.934207316659574,351,6664,3.127634048461914,0.008164405822753906
