Model,R2,MAE,RMSE,MAPE_percent,n_train,n_test,fit_time_sec,predict_time_sec
gbm,0.8852831203434665,0.02467816303419871,0.01349110342753358,78462413.4401696,1132,10184,2.709242343902588,0.07041740417480469
