Model,R2,MAE,RMSE,MAPE_percent,n_train,n_test,fit_time_sec,predict_time_sec
gbm,0.9333038289089016,0.0013904638108141307,2.6336713559089315e-05,8.628535465645461,509,9672,1.2645251750946045,0.06297707557678223
