Model,R2,MAE,RMSE,MAPE_percent,n_train,n_test,fit_time_sec,predict_time_sec
cat,0.6174822606671686,0.6090846765835433,0.7822727438648034,25.304956136499722,792,7133,3.276958703994751,0.006876230239868164
