Model,R2,MAE,RMSE,MAPE_percent,n_train,n_test,fit_time_sec,predict_time_sec
gbm,0.9215897515929607,0.06598084419321824,0.02715181622622624,5.433721887500733,6208,1552,15.468707799911499,0.011803388595581055
