Model,R2,MAE,RMSE,MAPE_percent,n_train,n_test,fit_time_sec,predict_time_sec
gbm,0.949593908180843,0.15279128820627066,0.0700985726182057,6.513531641455642,6208,1552,15.403732061386108,0.012912750244140625
