Model,R2,MAE,RMSE,MAPE_percent,n_train,n_test,fit_time_sec,predict_time_sec
cat,0.9920395045336582,0.013974897029263196,0.0005075360821422768,7.442070687715783,7636,2545,4.987993240356445,0.0034837722778320312
