Model,R2,MAE,RMSE,MAPE_percent,n_train,n_test,fit_time_sec,predict_time_sec
cat,0.9881948174981491,0.004117053711618447,3.1353946350439164e-05,7.005733011282237,8145,2036,3.472269296646118,0.0027909278869628906
