Model,R2,MAE,RMSE,MAPE_percent,n_train,n_test,fit_time_sec,predict_time_sec
cat,0.40449874054714896,0.38069671088315704,0.3576004951834706,34.53130023887509,2774,5151,4.695698261260986,0.006203889846801758
