Model,R2,MAE,RMSE,MAPE_percent,n_train,n_test,fit_time_sec,predict_time_sec
cat,0.9660869713475345,0.017458579231866132,0.0032824448604045968,478158070.3042252,9053,2263,7.680231094360352,0.0026297569274902344
