Model,R2,MAE,RMSE,MAPE_percent,n_train,n_test,fit_time_sec,predict_time_sec
cat,0.9215021591821126,0.020760960178374747,0.00890787514892519,167964629.6735867,6224,5092,3.333524227142334,0.005708932876586914
