Model,R2,MAE,RMSE,MAPE_percent,n_train,n_test,fit_time_sec,predict_time_sec
rf,0.9332549092173805,0.2904767604591757,0.22908646877711367,7.4493079068573245,6206,1552,36.66397666931152,0.30849313735961914
