Model,R2,MAE,RMSE,MAPE_percent,n_train,n_test,fit_time_sec,predict_time_sec
cat,0.4688623377984905,0.07143485024259359,0.3127437911496694,8.578272208553619,441,8379,3.70954966545105,0.00981903076171875
