Model,R2,MAE,RMSE,MAPE_percent,n_train,n_test,fit_time_sec,predict_time_sec
gbm,0.9919877350267008,0.0005737719865050169,2.8461018727270064e-06,3.933576381018633,8145,2036,20.24985933303833,0.014213800430297852
