Model,R2,MAE,RMSE,MAPE_percent,n_train,n_test,fit_time_sec,predict_time_sec
rf,0.9604671960872656,0.17132266600777635,0.06818261324194666,6.95918303976587,9053,2263,54.79234266281128,0.4469621181488037
