Model,R2,MAE,RMSE,MAPE_percent,n_train,n_test,fit_time_sec,predict_time_sec
gbm,0.9861100964393023,0.004666057117895745,5.007831415813243e-05,7.08656482660404,8151,2038,19.852394342422485,0.014258384704589844
