Model,R2,MAE,RMSE,MAPE_percent,n_train,n_test,fit_time_sec,predict_time_sec
gbm,0.9968213377166342,0.0004220123691670674,3.6602058418502073e-07,3.2450439795396586,8145,2036,20.34605097770691,0.013874053955078125
