Model,R2,MAE,RMSE,MAPE_percent,n_train,n_test,fit_time_sec,predict_time_sec
rf,0.9815291946752144,0.00035974319556197003,6.074806831445783e-06,2.195795020611732,8145,2036,51.23127746582031,0.4078552722930908
