Model,R2,MAE,RMSE,MAPE_percent,n_train,n_test,fit_time_sec,predict_time_sec
gbm,0.9375492266498551,0.2799842398815234,0.16782414354102457,7.336847931238511,6206,1552,15.547009229660034,0.012331008911132812
