Model,R2,MAE,RMSE,MAPE_percent,n_train,n_test,fit_time_sec,predict_time_sec
cat,0.9259239598895567,0.0011219049887200726,2.7357423448933157e-05,7.760003526595481,2545,7636,4.403620481491089,0.007706403732299805
