Model,R2,MAE,RMSE,MAPE_percent,n_train,n_test,fit_time_sec,predict_time_sec
rf,0.9532066827687157,0.07830760047345506,0.029014152419775893,7864990.2414042605,9059,2265,54.614646196365356,0.4419982433319092
