Model,R2,MAE,RMSE,MAPE_percent,n_train,n_test,fit_time_sec,predict_time_sec
gbm,0.9991271568954818,0.00023899160076739905,1.1716185736713628e-07,1.6079521306671876,8145,2036,20.496802806854248,0.014160394668579102
