Model,R2,MAE,RMSE,MAPE_percent,n_train,n_test,fit_time_sec,predict_time_sec
cat,0.9826926912199363,0.020277079180487052,0.0011863902871503055,3.7085018272557773,6206,1552,10.120927810668945,0.003305196762084961
