Model,R2,MAE,RMSE,MAPE_percent,n_train,n_test,fit_time_sec,predict_time_sec
cat,0.8885226154177639,0.01937144024866471,0.012431962704019571,4.106083000264727,5944,1981,4.902170896530151,0.003110647201538086
