Model,R2,MAE,RMSE,MAPE_percent,n_train,n_test,fit_time_sec,predict_time_sec
cat,0.7332705942897475,0.5515930542685482,0.6191255035022083,2853866113.13476,2829,8487,4.3135106563568115,0.009809732437133789
