Model,R2,MAE,RMSE,MAPE_percent,n_train,n_test,fit_time_sec,predict_time_sec
rf,0.9524708328123032,0.14009252667252217,0.06083484571926259,5.870585049262845,6208,1552,36.83285045623779,0.2897353172302246
