Model,R2,MAE,RMSE,MAPE_percent,n_train,n_test,fit_time_sec,predict_time_sec
rf,0.3512477641127222,0.24219375822132,0.21305614076971835,35.09722881472582,7056,1764,48.896034955978394,0.3525512218475342
