Model,R2,MAE,RMSE,MAPE_percent,n_train,n_test,fit_time_sec,predict_time_sec
cat,0.9567497638587527,0.19233131902895756,0.08183605699173356,7.860545504437481,9059,2265,3.521789312362671,0.002892017364501953
