Model,R2,MAE,RMSE,MAPE_percent,n_train,n_test,fit_time_sec,predict_time_sec
rf,0.9949521012146559,0.002495711783945671,1.2471841964874392e-05,4.205291637911314,8145,2036,51.4889714717865,0.4089381694793701
