Model,R2,MAE,RMSE,MAPE_percent,n_train,n_test,fit_time_sec,predict_time_sec
cat,0.8719840404262613,0.021108860277521204,0.011282615297834463,12.362406865022841,5600,4581,4.629672527313232,0.008692741394042969
