Model,R2,MAE,RMSE,MAPE_percent,n_train,n_test,fit_time_sec,predict_time_sec
gbm,0.9876990925396048,0.004241530725609578,3.26524615575807e-05,7.0645444825849095,8145,2036,19.84038281440735,0.014860868453979492
