Model,R2,MAE,RMSE,MAPE_percent,n_train,n_test,fit_time_sec,predict_time_sec
rf,0.9607837097206249,0.0987584438660012,0.026464110782515506,4.963364268903325,6213,1553,38.67825198173523,0.27150583267211914
