Model,R2,MAE,RMSE,MAPE_percent,n_train,n_test,fit_time_sec,predict_time_sec
rf,0.9487569945497752,0.048791784645807745,0.014644072481670177,4.285639327339436,6208,1552,48.996050119400024,0.5378615856170654
