Model,R2,MAE,RMSE,MAPE_percent,n_train,n_test,fit_time_sec,predict_time_sec
gbm,0.987964364817859,0.014833275800324118,0.00041213872811080075,6.638288594640559,8145,2036,19.804996967315674,0.01440739631652832
