Model,R2,MAE,RMSE,MAPE_percent,n_train,n_test,fit_time_sec,predict_time_sec
cat,0.9977544707479545,0.0020940712128227133,1.692134919570268e-05,2.909294485571092,8145,2036,3.6961545944213867,0.0027055740356445312
