Model,R2,MAE,RMSE,MAPE_percent,n_train,n_test,fit_time_sec,predict_time_sec
cat,0.969527937805249,0.11428219606590319,0.028089310500861473,4.684827377670234,6208,1552,3.6185357570648193,0.002381563186645508
