Model,R2,MAE,RMSE,MAPE_percent,n_train,n_test,fit_time_sec,predict_time_sec
rf,0.9591406257880419,0.0003476380385341759,4.396976699222838e-06,2.2807104390037938,8151,2038,58.31494426727295,0.37491440773010254
