Model,R2,MAE,RMSE,MAPE_percent,n_train,n_test,fit_time_sec,predict_time_sec
rf,0.31711619531579216,0.018131154289376044,0.050633073550869205,7.16781973599636,8151,2038,56.11441659927368,0.3811836242675781
