Model,R2,MAE,RMSE,MAPE_percent,n_train,n_test,fit_time_sec,predict_time_sec
rf,0.9886304350611212,0.01165748349971551,0.00026137532964015545,6.822725614386256,8145,2036,51.59972810745239,0.39708495140075684
