Model,R2,MAE,RMSE,MAPE_percent,n_train,n_test,fit_time_sec,predict_time_sec
cat,0.8994502843470155,0.0012496048043325943,5.092273444398465e-05,7.321175813407983,5090,5091,3.3478658199310303,0.005739927291870117
