Model,R2,MAE,RMSE,MAPE_percent,n_train,n_test,fit_time_sec,predict_time_sec
cat,0.989814815639812,0.004679157487489474,4.28286896861525e-05,7.200007561254952,5600,4581,4.784966945648193,0.0054209232330322266
