Model,R2,MAE,RMSE,MAPE_percent,n_train,n_test,fit_time_sec,predict_time_sec
rf,0.995485825174512,0.008364052332094564,0.0005215044456958951,2.3340587665827104,9053,2263,56.15599703788757,0.44275808334350586
