Model,R2,MAE,RMSE,MAPE_percent,n_train,n_test,fit_time_sec,predict_time_sec
rf,0.9786127789086647,0.000878260440574904,1.3980749582853982e-06,6.470763401254261,8145,2036,50.930362939834595,0.3764984607696533
