Model,R2,MAE,RMSE,MAPE_percent,n_train,n_test,fit_time_sec,predict_time_sec
gbm,0.9976081784441239,0.005908655740005356,6.74531772837065e-05,2.8125805967264346,8145,2036,20.8808650970459,0.014012813568115234
