Model,R2,MAE,RMSE,MAPE_percent,n_train,n_test,fit_time_sec,predict_time_sec
gbm,0.9984056470157165,0.0003236665657323067,2.0384078438836896e-07,2.242615502439229,8151,2038,20.629481554031372,0.012361764907836914
