Model,R2,MAE,RMSE,MAPE_percent,n_train,n_test,fit_time_sec,predict_time_sec
gbm,0.9226681339223405,0.016036466419357808,0.006316563694229606,7.607270581216875,8145,2036,19.809611797332764,0.015332221984863281
