Model,R2,MAE,RMSE,MAPE_percent,n_train,n_test,fit_time_sec,predict_time_sec
cat,0.9947522090101661,0.0006487106492896924,1.908801380545016e-06,4.201006270354291,8145,2036,3.4870479106903076,0.0027060508728027344
