Model,R2,MAE,RMSE,MAPE_percent,n_train,n_test,fit_time_sec,predict_time_sec
rf,0.9610942192440295,0.07650038514256577,0.01616848978970556,5.874377534240408,9053,2263,54.30111360549927,0.431682825088501
