Model,R2,MAE,RMSE,MAPE_percent,n_train,n_test,fit_time_sec,predict_time_sec
gbm,0.9855812713810491,0.003373055177758391,0.00013524019667529466,4.134625835636512,8145,2036,41.02980375289917,0.014580488204956055
