Model,R2,MAE,RMSE,MAPE_percent,n_train,n_test,fit_time_sec,predict_time_sec
cat,0.9853430597065694,0.0009782196378969063,2.4810672624604843e-06,8.474982874130347,2036,8145,3.3090567588806152,0.007796049118041992
