Model,R2,MAE,RMSE,MAPE_percent,n_train,n_test,fit_time_sec,predict_time_sec
cat,0.9627119304639093,0.13042613040361717,0.03695302804995602,5.3426418500990716,6208,1552,4.676545858383179,0.002732992172241211
