Model,R2,MAE,RMSE,MAPE_percent,n_train,n_test,fit_time_sec,predict_time_sec
cat,0.9863996400993346,0.001116078189991705,5.5194790494528754e-06,7.272482863237981,7636,2545,3.7007570266723633,0.0032508373260498047
