Model,R2,MAE,RMSE,MAPE_percent,n_train,n_test,fit_time_sec,predict_time_sec
gbm,0.9967523436287645,0.002131333399376918,9.579526019789278e-06,3.3231523859040895,8145,2036,20.28567886352539,0.013910531997680664
