Model,R2,MAE,RMSE,MAPE_percent,n_train,n_test,fit_time_sec,predict_time_sec
rf,0.9757674337105979,0.001209938463034753,3.12519199705603e-06,9.651154331708256,8145,2036,54.35435128211975,0.40250611305236816
