Model,R2,MAE,RMSE,MAPE_percent,n_train,n_test,fit_time_sec,predict_time_sec
gbm,0.9870547629266108,0.0009583741693940387,1.666825216953055e-06,7.131126207673061,4072,6109,9.665807723999023,0.03746509552001953
