Model,R2,MAE,RMSE,MAPE_percent,n_train,n_test,fit_time_sec,predict_time_sec
cat,0.9894813215504376,0.0071687291841222725,0.0007351893833354853,3.696448632611765,8145,2036,3.699775457382202,0.0026967525482177734
