Model,R2,MAE,RMSE,MAPE_percent,n_train,n_test,fit_time_sec,predict_time_sec
gbm,0.9362063256852843,0.013566127073495235,0.0033213315621177662,3.7102515749824865,388,7372,1.002591609954834,0.05193781852722168
