Model,R2,MAE,RMSE,MAPE_percent,n_train,n_test,fit_time_sec,predict_time_sec
rf,0.9881460320973505,0.004045995347750035,3.14603440991551e-05,6.959577536270321,8145,2036,51.728655099868774,0.4966425895690918
