Model,R2,MAE,RMSE,MAPE_percent,n_train,n_test,fit_time_sec,predict_time_sec
gbm,0.9949299583095106,0.0025701085053502323,1.2157730894450737e-05,4.278039821439337,8145,2036,20.336613178253174,0.013692617416381836
