Model,R2,MAE,RMSE,MAPE_percent,n_train,n_test,fit_time_sec,predict_time_sec
rf,0.9877484657062164,0.0010209106042927336,2.0317892118518696e-06,6.642659130155644,8145,2036,51.896474838256836,0.39739012718200684
