Model,R2,MAE,RMSE,MAPE_percent,n_train,n_test,fit_time_sec,predict_time_sec
rf,0.9949815449727522,0.010694860917407853,0.0003327041796047833,1.7752412747909836,6206,1552,36.68739986419678,0.283919095993042
