Model,R2,MAE,RMSE,MAPE_percent,n_train,n_test,fit_time_sec,predict_time_sec
rf,0.855201135436057,0.050949992714930836,0.03212662334220067,5.912124452952039,388,7370,1.9014019966125488,0.39389801025390625
