Model,R2,MAE,RMSE,MAPE_percent,n_train,n_test,fit_time_sec,predict_time_sec
rf,0.972837333634972,0.061179496057579066,0.010872592818669691,4.541374256893718,9053,2263,54.34897565841675,0.43647217750549316
