Model,R2,MAE,RMSE,MAPE_percent,n_train,n_test,fit_time_sec,predict_time_sec
cat,0.958506579472558,0.17689260483383765,0.06037750932948731,5.838695090432784,4755,3170,4.689266204833984,0.004405021667480469
