Model,R2,MAE,RMSE,MAPE_percent,n_train,n_test,fit_time_sec,predict_time_sec
rf,0.9432327157517993,0.11852769461385626,0.03751619461255795,5.87164348008144,6206,1552,35.84335541725159,0.284914493560791
