Model,R2,MAE,RMSE,MAPE_percent,n_train,n_test,fit_time_sec,predict_time_sec
cat,0.995190481824288,0.0005403687840776352,7.243369649412854e-07,4.02823016257043,8151,2038,3.560483455657959,0.0026617050170898438
