Model,R2,MAE,RMSE,MAPE_percent,n_train,n_test,fit_time_sec,predict_time_sec
cat,0.9945473935078148,0.0005999272752022367,6.95069688455987e-07,4.341857716494452,8145,2036,3.7386467456817627,0.002640247344970703
