Model,R2,MAE,RMSE,MAPE_percent,n_train,n_test,fit_time_sec,predict_time_sec
cat,0.9663803702378359,0.1728101477882212,0.06356037573903067,7.1188903735653755,9053,2263,3.8791444301605225,0.0030570030212402344
