Model,R2,MAE,RMSE,MAPE_percent,n_train,n_test,fit_time_sec,predict_time_sec
cat,0.9870159889934323,0.0011582140861322598,2.4799884637692124e-06,7.840913660303486,3054,7127,3.3753485679626465,0.006868600845336914
