Model,R2,MAE,RMSE,MAPE_percent,n_train,n_test,fit_time_sec,predict_time_sec
cat,0.9878963569249407,0.0009499176079494892,2.027789695805799e-06,8.325369919607999,2036,8145,3.27738094329834,0.0076901912689208984
