Model,R2,MAE,RMSE,MAPE_percent,n_train,n_test,fit_time_sec,predict_time_sec
cat,0.9100164239227055,0.021034074765135476,0.01135339254497245,401361969.4830871,6790,4526,4.844118595123291,0.006702423095703125
