Model,R2,MAE,RMSE,MAPE_percent,n_train,n_test,fit_time_sec,predict_time_sec
gbm,0.9482531809577388,0.0058785644060886984,0.00038895043113882163,11.459738695773881,8145,2036,18.24889874458313,0.015462398529052734
