Model,R2,MAE,RMSE,MAPE_percent,n_train,n_test,fit_time_sec,predict_time_sec
gbm,0.9485075935588287,0.25829356606994885,0.16741218091335014,6.987457202763333,6206,1552,18.986811637878418,0.026027917861938477
