Model,R2,MAE,RMSE,MAPE_percent,n_train,n_test,fit_time_sec,predict_time_sec
cat,0.5383477852490022,0.3609092663355858,0.309923006482967,10515490852.740938,6790,4526,4.455834865570068,0.0065004825592041016
