Model,R2,MAE,RMSE,MAPE_percent,n_train,n_test,fit_time_sec,predict_time_sec
cat,0.38699564517897855,0.3195508123122266,0.2595223520666791,32.96476007383759,2842,4263,4.094122648239136,0.005747556686401367
