Model,R2,MAE,RMSE,MAPE_percent,n_train,n_test,fit_time_sec,predict_time_sec
gbm,0.9508574204721798,0.00041433059371750563,1.6162353107034032e-05,2.195868979283321,8145,2036,20.354979276657104,0.014517784118652344
