Model,R2,MAE,RMSE,MAPE_percent,n_train,n_test,fit_time_sec,predict_time_sec
rf,0.9881819305299344,0.007407718481529134,0.00018384926515748197,2.698508685911495,6214,1554,38.09839153289795,0.27713799476623535
