Model,R2,MAE,RMSE,MAPE_percent,n_train,n_test,fit_time_sec,predict_time_sec
rf,0.8964235490839798,0.04266648839052535,0.019204958304741133,8.364310430589763,6206,1552,43.94569444656372,0.3000175952911377
