Model,R2,MAE,RMSE,MAPE_percent,n_train,n_test,fit_time_sec,predict_time_sec
gbm,0.9863173137662541,0.0008581737033447382,1.3316004127700066e-06,7.26706816869645,4581,5600,10.863624811172485,0.033809661865234375
