Model,R2,MAE,RMSE,MAPE_percent,n_train,n_test,fit_time_sec,predict_time_sec
rf,0.9666656067725957,0.0678606025893641,0.01351571441217589,5.151240019825578,9053,2263,54.425771713256836,0.43349790573120117
