Model,R2,MAE,RMSE,MAPE_percent,n_train,n_test,fit_time_sec,predict_time_sec
rf,0.12342433706905354,0.0028304326191863696,0.0022969443206568418,11.46890827788369,8151,2038,52.1276421546936,0.4040837287902832
