Model,R2,MAE,RMSE,MAPE_percent,n_train,n_test,fit_time_sec,predict_time_sec
rf,0.9834127739854527,0.0012168644408537214,5.035165314226187e-06,12.352380040924075,8145,2036,50.39505171775818,0.4108254909515381
