Model,R2,MAE,RMSE,MAPE_percent,n_train,n_test,fit_time_sec,predict_time_sec
cat,0.9774456781301007,0.0009442237981978215,5.935011662673719e-06,7.886599443236869,5600,4581,3.4218027591705322,0.004343986511230469
