Model,R2,MAE,RMSE,MAPE_percent,n_train,n_test,fit_time_sec,predict_time_sec
rf,0.9804552074010829,0.009827542348640968,0.0007394040706276029,2.384770336038232,9053,2263,58.68524670600891,0.425459623336792
