Model,R2,MAE,RMSE,MAPE_percent,n_train,n_test,fit_time_sec,predict_time_sec
rf,0.9631692910174808,0.02780794802082914,0.007291857990075615,3.7140794340941454,6213,1553,37.581087589263916,0.2849118709564209
