Model,R2,MAE,RMSE,MAPE_percent,n_train,n_test,fit_time_sec,predict_time_sec
gbm,0.97670321670288,0.014221217570072244,0.0009876661634659186,66826315.730907686,2829,8487,6.754657983779907,0.05100536346435547
