Model,R2,MAE,RMSE,MAPE_percent,n_train,n_test,fit_time_sec,predict_time_sec
gbm,0.9958657064555657,0.004676885479931984,5.645836665402869e-05,1.7073733618399114,6208,1552,15.553471565246582,0.011618375778198242
