Model,R2,MAE,RMSE,MAPE_percent,n_train,n_test,fit_time_sec,predict_time_sec
rf,0.40892112978698936,0.1380752620382897,0.0682849624769835,412.35874457520134,9053,2263,71.73102307319641,0.5335464477539062
