Model,R2,MAE,RMSE,MAPE_percent,n_train,n_test,fit_time_sec,predict_time_sec
gbm,0.9965914671593099,0.0004214439368756558,3.4622813951512623e-07,3.3889270491856736,8145,2036,20.721006155014038,0.014008045196533203
