Model,R2,MAE,RMSE,MAPE_percent,n_train,n_test,fit_time_sec,predict_time_sec
gbm,0.8701292205324521,0.003069304630082239,0.0005292287291674117,3.0236011688259476,8151,2038,20.535354375839233,0.013817310333251953
