Model,R2,MAE,RMSE,MAPE_percent,n_train,n_test,fit_time_sec,predict_time_sec
cat,0.28564323381357004,0.15676279148913969,0.08298624783141687,3329281631.1584315,2829,8487,4.277812957763672,0.009350299835205078
