Model,R2,MAE,RMSE,MAPE_percent,n_train,n_test,fit_time_sec,predict_time_sec
cat,0.9446764016196112,0.03001667088837063,0.012434796311453307,4.2355250372758775,6206,1552,3.396421432495117,0.002340078353881836
