Model,R2,MAE,RMSE,MAPE_percent,n_train,n_test,fit_time_sec,predict_time_sec
cat,0.9843656315682099,0.01295819358298425,0.0004297493468755746,3.9050781907046797,6224,5092,3.50791072845459,0.005537986755371094
