Model,R2,MAE,RMSE,MAPE_percent,n_train,n_test,fit_time_sec,predict_time_sec
cat,0.9934984840501858,0.0030765570521049546,2.077428307964215e-05,4.485414943792527,8151,2038,3.8989453315734863,0.0028862953186035156
