Model,R2,MAE,RMSE,MAPE_percent,n_train,n_test,fit_time_sec,predict_time_sec
gbm,0.9981593878694648,0.0003239311490512573,2.754600469577819e-07,2.0953672348498165,8145,2036,20.55803656578064,0.013712167739868164
