Model,R2,MAE,RMSE,MAPE_percent,n_train,n_test,fit_time_sec,predict_time_sec
gbm,0.9295734801551043,0.019428028297481862,0.010326997898241944,120072140.93839373,9059,2265,22.87788224220276,0.017482995986938477
