Model,R2,MAE,RMSE,MAPE_percent,n_train,n_test,fit_time_sec,predict_time_sec
cat,0.9648527764658624,0.04292454943713821,0.006265687077926112,4.009559186275007,6208,1552,3.614150285720825,0.002336740493774414
