Model,R2,MAE,RMSE,MAPE_percent,n_train,n_test,fit_time_sec,predict_time_sec
cat,0.9833862425546986,0.00434593591942045,0.00011815815358556317,7.83533731033145,8145,2036,3.6811325550079346,0.0032057762145996094
