Model,R2,MAE,RMSE,MAPE_percent,n_train,n_test,fit_time_sec,predict_time_sec
cat,0.9249218447388109,0.05864186591438476,0.025398260231241518,5.251857646700321,6208,1552,4.926099061965942,0.01776266098022461
