Model,R2,MAE,RMSE,MAPE_percent,n_train,n_test,fit_time_sec,predict_time_sec
rf,0.9958704894966034,0.007536683314154157,0.0001122999023187272,3.5418323707441544,8145,2036,50.59070920944214,0.37241172790527344
