Model,R2,MAE,RMSE,MAPE_percent,n_train,n_test,fit_time_sec,predict_time_sec
rf,0.9759549975463043,0.002884571238993744,0.0001710096648661817,4.330557685950964,8145,2036,51.771971225738525,0.4022562503814697
