Model,R2,MAE,RMSE,MAPE_percent,n_train,n_test,fit_time_sec,predict_time_sec
cat,0.9539995292145064,0.26291743471012624,0.14471671626825228,7.418046341451853,6206,1552,4.320289134979248,0.003484964370727539
