Model,R2,MAE,RMSE,MAPE_percent,n_train,n_test,fit_time_sec,predict_time_sec
cat,0.9900546735842467,0.006521599705169233,0.0005943723779966574,2.3944497677936107,6214,1554,3.6525137424468994,0.0024275779724121094
