Model,R2,MAE,RMSE,MAPE_percent,n_train,n_test,fit_time_sec,predict_time_sec
gbm,0.98848130419696,0.005231171158667889,5.079140172926036e-05,6.7671094024245715,8145,2036,19.865336656570435,0.0145263671875
