Model,R2,MAE,RMSE,MAPE_percent,n_train,n_test,fit_time_sec,predict_time_sec
cat,0.877034319467136,0.02339372441040732,0.016120623236272863,4.242584195176724,3566,4359,4.633236646652222,0.005847930908203125
