Model,R2,MAE,RMSE,MAPE_percent,n_train,n_test,fit_time_sec,predict_time_sec
cat,0.9827358375377121,0.01332784181342664,0.0005895267418339331,3.828177394674986,3566,4359,4.574106454849243,0.0056650638580322266
