Model,R2,MAE,RMSE,MAPE_percent,n_train,n_test,fit_time_sec,predict_time_sec
cat,0.9846766859661843,0.015035472849358794,0.000553852590935091,145126059.78681576,3961,7355,4.219400882720947,0.01101231575012207
