Model,R2,MAE,RMSE,MAPE_percent,n_train,n_test,fit_time_sec,predict_time_sec
cat,0.9651699462433758,0.12972990034519158,0.04574233658446328,5.60825217029149,6208,1552,3.669271230697632,0.002445220947265625
