Model,R2,MAE,RMSE,MAPE_percent,n_train,n_test,fit_time_sec,predict_time_sec
cat,-0.11290838703712103,0.044142245239588374,0.11793609431287935,17.695579824150116,8151,2038,3.537536859512329,0.002584218978881836
