Model,R2,MAE,RMSE,MAPE_percent,n_train,n_test,fit_time_sec,predict_time_sec
cat,0.4996502687034905,0.37589792807673794,0.3288173999564036,10770371680.104034,3395,7921,4.173594951629639,0.00887608528137207
