Model,R2,MAE,RMSE,MAPE_percent,n_train,n_test,fit_time_sec,predict_time_sec
cat,0.9517376380202622,0.08751349443722106,0.031716824031884645,1256492379.5813317,3395,7921,4.7145161628723145,0.009995698928833008
