Model,R2,MAE,RMSE,MAPE_percent,n_train,n_test,fit_time_sec,predict_time_sec
gbm,0.8957224955055241,0.0006868929298374834,5.786885608621516e-05,3.191167254329534,8145,2036,20.38710904121399,0.014228105545043945
