Model,R2,MAE,RMSE,MAPE_percent,n_train,n_test,fit_time_sec,predict_time_sec
cat,0.9832106114909736,0.0008460198435842766,1.2927361399918102e-06,7.036755790288797,6109,4072,3.416579246520996,0.0043773651123046875
