Model,R2,MAE,RMSE,MAPE_percent,n_train,n_test,fit_time_sec,predict_time_sec
rf,0.9183783465417356,0.022613242191180816,0.009468527118261566,4391415.119664402,2263,9053,11.947756290435791,0.7471857070922852
