Model,R2,MAE,RMSE,MAPE_percent,n_train,n_test,fit_time_sec,predict_time_sec
cat,0.34453115092900766,0.40378645416477005,0.3920598180127006,35.981859714575535,1189,6736,3.499680280685425,0.0071032047271728516
