Model,R2,MAE,RMSE,MAPE_percent,n_train,n_test,fit_time_sec,predict_time_sec
cat,0.4716271361907768,0.38686710108440553,0.34500397940072514,2414611063.232013,2263,9053,4.176110029220581,0.009532690048217773
