Model,R2,MAE,RMSE,MAPE_percent,n_train,n_test,fit_time_sec,predict_time_sec
rf,0.9648707568849385,0.006889962909869922,0.003395683456526055,1.8750627347314457,8145,2036,55.23838925361633,0.3937704563140869
