Model,R2,MAE,RMSE,MAPE_percent,n_train,n_test,fit_time_sec,predict_time_sec
cat,0.988840641140133,0.005130215023290926,5.064149738872572e-05,6.906062559811133,8145,2036,3.6141016483306885,0.002602815628051758
