Model,R2,MAE,RMSE,MAPE_percent,n_train,n_test,fit_time_sec,predict_time_sec
gbm,0.9865308947349688,0.0008530328826853183,1.3378372559688217e-06,7.150021253163212,4581,5600,10.866177320480347,0.033971548080444336
