Model,R2,MAE,RMSE,MAPE_percent,n_train,n_test,fit_time_sec,predict_time_sec
gbm,0.9280469293107261,0.035889518394901114,0.015972805323496018,4.506154571859688,1940,5818,4.682278156280518,0.03988766670227051
