Model,R2,MAE,RMSE,MAPE_percent,n_train,n_test,fit_time_sec,predict_time_sec
cat,0.9598027137757832,0.07906706851358111,0.017127210822761214,6.29090573452306,9059,2265,3.7364180088043213,0.0031080245971679688
