Model,R2,MAE,RMSE,MAPE_percent,n_train,n_test,fit_time_sec,predict_time_sec
rf,0.7216461865175998,0.49589262640953446,0.5543016508776096,20.319446719383873,6340,1585,39.019803524017334,0.31688547134399414
