Model,R2,MAE,RMSE,MAPE_percent,n_train,n_test,fit_time_sec,predict_time_sec
cat,0.8198208747516645,0.052766842029157934,0.07127252143445503,5.186709337436772,6174,2646,4.999823570251465,0.0035364627838134766
