Model,R2,MAE,RMSE,MAPE_percent,n_train,n_test,fit_time_sec,predict_time_sec
gbm,0.9642038852797393,0.043883643117361294,0.006586771604433058,3.9340155748957377,6208,1552,15.538744688034058,0.011639833450317383
