Model,R2,MAE,RMSE,MAPE_percent,n_train,n_test,fit_time_sec,predict_time_sec
cat,0.9499032885120471,0.1450416557664552,0.061478883228934154,6.390510115874937,6208,1552,7.060513257980347,0.012528419494628906
