Model,R2,MAE,RMSE,MAPE_percent,n_train,n_test,fit_time_sec,predict_time_sec
gbm,0.8686152628840464,0.04052902889193761,0.028953223805794723,4.734805877664725,1552,6206,3.741992950439453,0.04314923286437988
