Model,R2,MAE,RMSE,MAPE_percent,n_train,n_test,fit_time_sec,predict_time_sec
rf,-0.19201931974630626,0.0029565240874468066,0.0008088353719016672,15.30561252882133,8151,2038,52.87757325172424,0.40233635902404785
