Model,R2,MAE,RMSE,MAPE_percent,n_train,n_test,fit_time_sec,predict_time_sec
cat,0.26986164660614087,0.4326083216472899,0.4313275446816512,41.66962781165214,792,7133,3.341064453125,0.006693840026855469
