Model,R2,MAE,RMSE,MAPE_percent,n_train,n_test,fit_time_sec,predict_time_sec
cat,0.9923450808827077,0.000960677389564206,2.2480018192549957e-06,7.655052990177475,7636,2545,4.975938558578491,0.003940582275390625
