Model,R2,MAE,RMSE,MAPE_percent,n_train,n_test,fit_time_sec,predict_time_sec
gbm,0.9933160892211794,0.004653155465103695,8.900392928100022e-05,1.6574663860015901,6208,1552,15.465944528579712,0.011548280715942383
