Model,R2,MAE,RMSE,MAPE_percent,n_train,n_test,fit_time_sec,predict_time_sec
gbm,0.9226410024131552,0.010509516728679157,0.0074777206972177,3.200687591263201,8145,2036,23.967518091201782,0.026944637298583984
