Model,R2,MAE,RMSE,MAPE_percent,n_train,n_test,fit_time_sec,predict_time_sec
gbm,0.9560949986463841,0.14398020260365738,0.06060914430834534,6.114392982269093,6208,1552,15.483505010604858,0.013206958770751953
