Model,R2,MAE,RMSE,MAPE_percent,n_train,n_test,fit_time_sec,predict_time_sec
gbm,-0.010112935036185489,0.012389464968674987,0.012513246015773836,16.029427106207738,8151,2038,18.22703766822815,0.015368938446044922
