Model,R2,MAE,RMSE,MAPE_percent,n_train,n_test,fit_time_sec,predict_time_sec
cat,0.2912818454305698,0.32074376211701067,0.5176217709405094,31.97143920808068,4618,2487,4.190656661987305,0.004458427429199219
