Model,R2,MAE,RMSE,MAPE_percent,n_train,n_test,fit_time_sec,predict_time_sec
cat,0.9666366059333149,0.1788612051551167,0.07564469503946589,1578960814.0740335,9053,2263,9.523026466369629,0.002800464630126953
