Model,R2,MAE,RMSE,MAPE_percent,n_train,n_test,fit_time_sec,predict_time_sec
cat,0.9913014136848695,0.0033635710341486254,2.5574933724254493e-05,5.050995890530432,8151,2038,3.9465267658233643,0.0026459693908691406
