Model,R2,MAE,RMSE,MAPE_percent,n_train,n_test,fit_time_sec,predict_time_sec
gbm,0.999085779298448,0.003320933426304049,2.4240922904146716e-05,1.459230928250711,8145,2036,20.662851572036743,0.013982534408569336
