Model,R2,MAE,RMSE,MAPE_percent,n_train,n_test,fit_time_sec,predict_time_sec
gbm,0.9882309990559266,0.0052257917285893594,5.020618811097497e-05,6.801173757417795,8145,2036,19.86042356491089,0.014002323150634766
