Model,R2,MAE,RMSE,MAPE_percent,n_train,n_test,fit_time_sec,predict_time_sec
cat,0.8965327267213794,0.0015035325254267283,4.234304297238117e-05,12.799905762548008,4581,5600,4.335947751998901,0.0064814090728759766
