Model,R2,MAE,RMSE,MAPE_percent,n_train,n_test,fit_time_sec,predict_time_sec
rf,0.11037165673270366,0.002544314716281529,0.0007032979712818651,9.923354664675948,8151,2038,55.89116930961609,0.4307880401611328
