Model,R2,MAE,RMSE,MAPE_percent,n_train,n_test,fit_time_sec,predict_time_sec
cat,0.9851904364724727,0.0008201717008971535,6.347075917157336e-06,4.726587465077594,8145,2036,3.517322301864624,0.0026345252990722656
