Model,R2,MAE,RMSE,MAPE_percent,n_train,n_test,fit_time_sec,predict_time_sec
rf,0.9573964940553565,0.13501035076815313,0.05414177956633586,5.578147234448867,6208,1552,67.62224531173706,0.2908923625946045
