Model,R2,MAE,RMSE,MAPE_percent,n_train,n_test,fit_time_sec,predict_time_sec
cat,0.8720330484728528,0.02016923897596938,0.010064153875753353,4.282176328050372,5944,1981,4.881933927536011,0.0033545494079589844
