Model,R2,MAE,RMSE,MAPE_percent,n_train,n_test,fit_time_sec,predict_time_sec
rf,0.663366312106427,0.015182115714101005,0.011071639712488679,4.5568790902661,8151,2038,54.93581461906433,0.3893308639526367
