Model,R2,MAE,RMSE,MAPE_percent,n_train,n_test,fit_time_sec,predict_time_sec
cat,0.9521340228958906,0.07626232938032224,0.016724856884501784,6.750615894283109,1066,6039,3.747591733932495,0.00653076171875
