Model,R2,MAE,RMSE,MAPE_percent,n_train,n_test,fit_time_sec,predict_time_sec
gbm,0.9401815777770047,0.13348247148392653,0.060093901479129276,6.79490221269698,6206,1552,15.494627952575684,0.012374639511108398
