Model,R2,MAE,RMSE,MAPE_percent,n_train,n_test,fit_time_sec,predict_time_sec
rf,0.9825115446552924,0.007409066245036888,0.00016947564250495206,11.976885013453922,8145,2036,50.52664494514465,0.4071671962738037
