Model,R2,MAE,RMSE,MAPE_percent,n_train,n_test,fit_time_sec,predict_time_sec
cat,0.9791468609893647,0.05711135293458963,0.008797159863217531,4.817727860879736,9053,2263,3.7153401374816895,0.003059864044189453
