Model,R2,MAE,RMSE,MAPE_percent,n_train,n_test,fit_time_sec,predict_time_sec
cat,0.9900932598801251,0.0009867598259198733,3.3408213877850454e-06,7.2809109280642925,7127,3054,4.8005499839782715,0.004162311553955078
