Model,R2,MAE,RMSE,MAPE_percent,n_train,n_test,fit_time_sec,predict_time_sec
rf,0.9961105461799927,0.0021854332410218696,2.6901192131427046e-05,3.3746896474065924,8145,2036,51.89847016334534,0.40665149688720703
