Model,R2,MAE,RMSE,MAPE_percent,n_train,n_test,fit_time_sec,predict_time_sec
rf,0.9973571376214063,0.0026227500336326007,1.6960730454102644e-05,4.159655839737813,8145,2036,83.31808376312256,0.45256996154785156
