Model,R2,MAE,RMSE,MAPE_percent,n_train,n_test,fit_time_sec,predict_time_sec
gbm,0.9913147755579874,0.008716326750066476,0.000616442731943723,4.371182072624352,8145,2036,21.281580448150635,0.014908790588378906
