Model,R2,MAE,RMSE,MAPE_percent,n_train,n_test,fit_time_sec,predict_time_sec
cat,0.9876436272583058,0.00477875041897105,5.636632558070825e-05,7.217893417302615,4581,5600,4.700408935546875,0.006163597106933594
