Model,R2,MAE,RMSE,MAPE_percent,n_train,n_test,fit_time_sec,predict_time_sec
rf,0.9806064258885624,0.0009081843416134674,1.5123309135470807e-06,6.628220353998586,7127,3054,44.15169930458069,0.4328186511993408
