Model,R2,MAE,RMSE,MAPE_percent,n_train,n_test,fit_time_sec,predict_time_sec
rf,0.6566567589646966,0.518442658865439,0.5354744219523053,25.223770525032997,6208,1552,37.6229407787323,0.28807997703552246
