Model,R2,MAE,RMSE,MAPE_percent,n_train,n_test,fit_time_sec,predict_time_sec
cat,0.9382307089035703,0.08878756434016816,0.03569453483327137,6.122288062850167,1585,6340,3.8758981227874756,0.007743358612060547
