Model,R2,MAE,RMSE,MAPE_percent,n_train,n_test,fit_time_sec,predict_time_sec
rf,0.9561501427090364,0.1402115149289843,0.05804879683975221,5.596428170779545,6208,1552,73.83190488815308,0.5490114688873291
