Model,R2,MAE,RMSE,MAPE_percent,n_train,n_test,fit_time_sec,predict_time_sec
cat,0.9966864611214278,0.0004379906780445398,4.011158268782201e-07,3.2205567150387138,8145,2036,3.6978206634521484,0.002703428268432617
