Model,R2,MAE,RMSE,MAPE_percent,n_train,n_test,fit_time_sec,predict_time_sec
cat,0.9872235234254961,0.014584536383755136,0.00042481080190670236,7.452817522662436,3054,7127,4.545649766921997,0.010093450546264648
