Model,R2,MAE,RMSE,MAPE_percent,n_train,n_test,fit_time_sec,predict_time_sec
cat,0.9886632829749915,0.012918235202167307,0.0007310066622886201,7.510736098147108,8145,2036,4.694693565368652,0.0033178329467773438
