Model,R2,MAE,RMSE,MAPE_percent,n_train,n_test,fit_time_sec,predict_time_sec
cat,0.4656997959715937,0.36140014839921714,0.29655006718360655,31.918533461596066,5548,2377,4.4000608921051025,0.0040171146392822266
