Model,R2,MAE,RMSE,MAPE_percent,n_train,n_test,fit_time_sec,predict_time_sec
cat,0.43396165775497964,0.0024199528587338344,0.0002407798906888123,13.265340113693949,8151,2038,3.7161338329315186,0.0026307106018066406
