Model,R2,MAE,RMSE,MAPE_percent,n_train,n_test,fit_time_sec,predict_time_sec
gbm,0.9742322743511359,0.0054255982302173576,0.00026983111947261317,6.998153197175879,8145,2036,19.83020567893982,0.014605522155761719
