Model,R2,MAE,RMSE,MAPE_percent,n_train,n_test,fit_time_sec,predict_time_sec
rf,0.9847164700327738,0.012254037634284697,0.0008892710754797319,2.6893525047033777,9059,2265,56.537952184677124,0.4338541030883789
