Model,R2,MAE,RMSE,MAPE_percent,n_train,n_test,fit_time_sec,predict_time_sec
cat,0.9362270568667095,0.008728632946232653,0.004987624030392169,2.3252635444137106,6214,1554,3.629331588745117,0.0022644996643066406
