Model,R2,MAE,RMSE,MAPE_percent,n_train,n_test,fit_time_sec,predict_time_sec
cat,0.9952292973931319,0.003188903477917334,4.2732474873677073e-05,4.151437663258778,8145,2036,4.695862531661987,0.002880096435546875
