Model,R2,MAE,RMSE,MAPE_percent,n_train,n_test,fit_time_sec,predict_time_sec
gbm,0.9960672100478287,0.010131974993036445,0.00034235882703264665,1.76504284592767,6206,1552,31.0384840965271,0.012379884719848633
