Model,R2,MAE,RMSE,MAPE_percent,n_train,n_test,fit_time_sec,predict_time_sec
rf,0.44341337021327,0.014233968600765264,0.05898208156968987,4.297021888374795,8151,2038,53.6433219909668,0.40584349632263184
