Model,R2,MAE,RMSE,MAPE_percent,n_train,n_test,fit_time_sec,predict_time_sec
rf,0.3490549252186903,0.30947942313209836,0.3359150878790416,31.529160842344616,5690,1423,35.95851802825928,0.2660789489746094
