Model,R2,MAE,RMSE,MAPE_percent,n_train,n_test,fit_time_sec,predict_time_sec
gbm,0.9980332073416722,0.0036088131976065377,4.459605205878523e-05,1.8075087900862405,8145,2036,20.503490924835205,0.013991594314575195
