Model,R2,MAE,RMSE,MAPE_percent,n_train,n_test,fit_time_sec,predict_time_sec
rf,0.8663185566968141,0.0011927511049148922,5.3219201312883064e-05,11.149176367845055,8145,2036,50.23000359535217,0.3836534023284912
