Model,R2,MAE,RMSE,MAPE_percent,n_train,n_test,fit_time_sec,predict_time_sec
gbm,0.9454552894381737,0.01809593839883207,0.0055770704011525235,72161020.5371451,7355,3961,18.673061847686768,0.02730846405029297
