Model,R2,MAE,RMSE,MAPE_percent,n_train,n_test,fit_time_sec,predict_time_sec
rf,0.9848791418539892,0.01566694736011978,0.0010342307692028203,2.555064718355601,6206,1552,36.768921852111816,0.27791309356689453
