Model,R2,MAE,RMSE,MAPE_percent,n_train,n_test,fit_time_sec,predict_time_sec
cat,0.9355775382516879,0.09997207856345257,0.04142116268954233,1468486459.544275,1132,10184,4.2398786544799805,0.01411294937133789
