Model,R2,MAE,RMSE,MAPE_percent,n_train,n_test,fit_time_sec,predict_time_sec
gbm,0.9896070960387157,0.01398063361910423,0.0008622034750631243,6.982662982271146,8145,2036,37.3409686088562,0.015871763229370117
