Model,R2,MAE,RMSE,MAPE_percent,n_train,n_test,fit_time_sec,predict_time_sec
cat,0.4599680479606435,0.3144839083231707,0.2118686446085992,33.31123492665388,3908,3197,4.211434841156006,0.004632472991943359
