Model,R2,MAE,RMSE,MAPE_percent,n_train,n_test,fit_time_sec,predict_time_sec
cat,0.9631661764953985,0.01876575295529234,0.004026355120450704,317663121.71417356,8487,2829,3.603773355484009,0.003311634063720703
