Model,R2,MAE,RMSE,MAPE_percent,n_train,n_test,fit_time_sec,predict_time_sec
cat,0.9496287018589169,0.26728283893957666,0.1703015810050409,7.371315535814817,6206,1552,3.648207664489746,0.005589962005615234
