Model,R2,MAE,RMSE,MAPE_percent,n_train,n_test,fit_time_sec,predict_time_sec
cat,0.9353067578988143,0.014895070927218184,0.005070956603486425,7.442920537750182,3563,6618,4.499973773956299,0.010182619094848633
