Model,R2,MAE,RMSE,MAPE_percent,n_train,n_test,fit_time_sec,predict_time_sec
rf,0.9786561646878578,0.005109607012464079,5.5710553586347295e-05,9.255446512113338,8145,2036,52.56385922431946,0.4043583869934082
