Model,R2,MAE,RMSE,MAPE_percent,n_train,n_test,fit_time_sec,predict_time_sec
cat,0.930804313627867,0.09146524836756716,0.042046559994664896,6.1125320877832365,1981,5944,4.377721548080444,0.006693840026855469
