Model,R2,MAE,RMSE,MAPE_percent,n_train,n_test,fit_time_sec,predict_time_sec
gbm,0.9022888587894868,0.003267765152510952,0.001311683152316297,3.0992749851722645,8145,2036,20.65823793411255,0.014260053634643555
