Model,R2,MAE,RMSE,MAPE_percent,n_train,n_test,fit_time_sec,predict_time_sec
cat,0.9713173723832597,0.028348407033279382,0.006658122675324213,3.9502754386155976,6206,1552,3.5993220806121826,0.002703428268432617
