Model,R2,MAE,RMSE,MAPE_percent,n_train,n_test,fit_time_sec,predict_time_sec
cat,0.7086864081457889,0.5663987229173911,0.6802500756754566,11030479645.968449,1697,9619,4.01940393447876,0.010327339172363281
