Model,R2,MAE,RMSE,MAPE_percent,n_train,n_test,fit_time_sec,predict_time_sec
cat,0.9569158907559041,0.1890187798133932,0.07699433203938677,6.370786783887694,2774,5151,4.5108866691589355,0.006426572799682617
