Model,R2,MAE,RMSE,MAPE_percent,n_train,n_test,fit_time_sec,predict_time_sec
gbm,0.997353598419221,0.003498994667144497,7.155405199680527e-05,1.5162021103606484,8145,2036,21.054851055145264,0.013900279998779297
