Model,R2,MAE,RMSE,MAPE_percent,n_train,n_test,fit_time_sec,predict_time_sec
cat,0.9917456541834937,0.0006387763449434019,1.0440927247655354e-06,4.65094888296622,8151,2038,3.84220027923584,0.0026891231536865234
