filename,LCD,PLD,LFPD,cm3_g,ASA_m2_cm3,ASA_m2_g,NASA_m2_cm3,NASA_m2_g,AV_VF,AV_cm3_g,NAV_cm3_g,All_Metals,Has_OMS,Open_Metal_Sites,Extension,FSR_overlap,from_CSD,public,DISORDER,CSD_overlap_inCoRE,CSD_of_WoS_inCoRE,CSD_overlap_inCCDC,date_CSD,DOI_public,Note,Matched_CSD_of_CoRE,Possible_List_CSD_of_CoRE,Unnamed: 28,Unnamed: 29,Unnamed: 30,Unnamed: 31,Unnamed: 32,Unnamed: 33,Unnamed: 34,Unnamed: 35,Unnamed: 36,Unnamed: 37,Unnamed: 38,Unnamed: 39,Unnamed: 40,Unnamed: 41,MOF,chunk_3 time (s)
ORUKET_clean,11.72853,7.7572,11.72853,0.760878,1856.28,2439.65,0.0,0.0,0.6772,0.890024,0.0,Mg,Yes,Mg,clean,Y,Y,Y,,N,,,,,,,,,,,,,,,,,,,,,,ORUKET_clean,177.5
ORUKOD_clean,4.98278,3.59875,4.86135,1.67769,666.045,397.001,0.0,0.0,0.4328,0.257974,0.0,Ba,Yes,Ba,clean,N,Y,Y,,N,,,,,,,,,,,,,,,,,,,,,,ORUKOD_clean,433.9
ORULEU_clean,5.09262,3.5697,5.08241,1.45149,909.467,626.575,0.0,0.0,0.458,0.315538,0.0,Co,Yes,Co,clean,Y,Y,Y,,N,,,,,,,,,,,,,,,,,,,,,,ORULEU_clean,269.4
OSAVEK_clean,5.46185,5.06196,5.40742,0.991485,1397.48,1409.49,0.0,0.0,0.5638,0.568642,0.0,Ca,Yes,Ca,clean,N,Y,Y,,N,,,,,,,,,,,,,,,,,,,,,,OSAVEK_clean,147.4
OSAVUA_clean,5.76863,5.59566,5.76863,0.884314,1778.32,2010.97,0.0,0.0,0.631,0.713547,0.0,Ca,Yes,Ca,clean,N,Y,Y,,N,,,,,,,,,,,,,,,,,,,,,,OSAVUA_clean,136.0
OSAWEL_clean,5.275,4.57502,5.23103,1.20581,1256.21,1041.8,0.0,0.0,0.5198,0.43108,0.0,Ca,Yes,Ca,clean,N,Y,Y,,N,,,,,,,,,,,,,,,,,,,,,,OSAWEL_clean,180.7
OSIKIL_clean,8.13936,7.62995,8.13936,1.21532,2049.41,1686.32,0.0,0.0,0.6656,0.547676,0.0,Zn,No, ,clean,Y,Y,Y,,N,,,,,,,,,,,,,,,,,,,,,,OSIKIL_clean,405.9
OSIKUX_clean_h,7.70472,6.98844,7.7017,1.09814,1952.99,1778.44,0.770215,0.701379,0.6478,0.589904,0.0,Zn,Yes,Zn,clean_h,N,Y,Y,,N,,,,,,,,,,,,,,,,,,,,,,OSIKUX_clean_h,416.2
OSIWUJ_clean,4.71118,4.05137,4.70087,1.96063,444.374,226.648,0.0,0.0,0.4546,0.231864,0.0,Ag,Yes,Ag,clean,Y,Y,Y,,N,,,,,,,,,,,,,,,,,,,,,,OSIWUJ_clean,274.4
OSIXEU_clean,4.48519,3.90629,4.42091,1.97236,391.928,198.71,0.0,0.0,0.4512,0.228762,0.0,Ag,Yes,Ag,clean,Y,Y,Y,,N,,,,,,,,,,,,,,,,,,,,,,OSIXEU_clean,267.8
OSIXIY_clean,4.45544,3.93912,4.44865,1.99203,383.618,192.577,0.0,0.0,0.4342,0.217969,0.0,Ag,Yes,Ag,clean,Y,Y,Y,,N,,,,,,,,,,,,,,,,,,,,,,OSIXIY_clean,369.5
OSOTUN_clean,6.5088,4.06646,6.48701,1.06518,1477.94,1387.5,25.9444,24.3569,0.587,0.551081,0.0,Zn,Yes,Zn,clean,Y,Y,Y,,N,,,,,,,,,,,,,,,,,,,,,,OSOTUN_clean,1698.8
OSUVIJ_clean,5.66016,4.49241,5.58709,1.27175,1400.18,1100.98,0.0,0.0,0.5626,0.442381,0.0,"Si,U",Yes,U,clean,Y,Y,Y,,N,,,,,,,,,,,,,,,,,,,,,,OSUVIJ_clean,339.5
OSUWEF_clean,5.4068,4.18826,5.4054,1.41887,599.478,422.503,0.0,0.0,0.4032,0.28417,0.0,"Na,Zn",Yes,Na,clean,Y,Y,Y,,N,,,,,,,,,,,,,,,,,,,,,,OSUWEF_clean,434.9
OTABES_clean,7.63161,5.91717,6.56997,0.849248,2347.96,2764.75,0.0,0.0,0.6812,0.802122,0.0,In,No, ,clean,Y,Y,Y,,N,,,,,,,,,,,,,,,,,,,,,,OTABES_clean,95.6
OTALUS_clean,12.67704,9.31362,12.67704,0.655199,1619.49,2471.76,0.0,0.0,0.7266,1.10898,0.0,Zn,Yes,Zn,clean,Y,Y,Y,,N,,,,,,,,,,,,,,,,,,,,,,OTALUS_clean,1130.1
OTAQAD_clean,7.25379,5.92825,6.48374,0.846977,2257.66,2665.55,0.0,0.0,0.6554,0.773811,0.0,Ga,No, ,clean,Y,Y,Y,,N,,,,,,,,,,,,,,,,,,,,,,OTAQAD_clean,103.7
OTATOT_clean,5.58723,4.86765,5.58723,1.11303,1703.16,1530.2,0.0,0.0,0.5774,0.518764,0.0,Tb,No, ,clean,Y,Y,Y,,N,,,,,,,,,,,,,,,,,,,,,,OTATOT_clean,203.9
OTAVAH_clean,5.59343,4.88116,5.59343,1.10464,1681.99,1522.66,0.0,0.0,0.5666,0.512927,0.0,Gd,No, ,clean,Y,Y,Y,,N,,,,,,,,,,,,,,,,,,,,,,OTAVAH_clean,206.6
OTAVOV_clean,5.7034,4.97261,5.54406,1.0469,1728.96,1651.5,0.0,0.0,0.5858,0.559554,0.0,La,No, ,clean,Y,Y,Y,,N,,,,,,,,,,,,,,,,,,,,,,OTAVOV_clean,205.7
OTAVUB_clean,5.619,4.89691,5.42117,1.09458,1697.03,1550.39,0.0,0.0,0.5796,0.529517,0.0,Eu,No, ,clean,Y,Y,Y,,N,,,,,,,,,,,,,,,,,,,,,,OTAVUB_clean,202.0
OTAWIR_clean,8.76686,5.54904,8.76285,0.758956,2118.77,2791.7,0.0,0.0,0.6858,0.90361,0.0,Zn,Yes,Zn,clean,Y,Y,Y,,N,,,,,,,,,,,,,,,,,,,,,,OTAWIR_clean,241.3
OTECAT_clean,10.77761,8.01894,10.77717,0.584808,2035.46,3480.57,0.0,0.0,0.7422,1.26913,0.0,Al,Yes,Al,clean,Y,Y,Y,,N,,,,,,,,,,,,,,,,,,,,,,OTECAT_clean,627.3
OTEGUR_clean,7.28809,7.1769,7.28809,1.35972,1613.99,1187.0,0.0,0.0,0.5986,0.440239,0.0,In,No, ,clean,Y,Y,Y,,N,,,,,,,,,,,,,,,,,,,,,,OTEGUR_clean,147.8
OTEHAY_clean,7.22049,7.09442,7.20844,1.32207,1634.16,1236.06,0.0,0.0,0.6156,0.465632,0.0,In,No, ,clean,Y,Y,Y,,N,,,,,,,,,,,,,,,,,,,,,,OTEHAY_clean,137.9
OTIBUQ_clean,7.49622,5.20769,7.4368,0.82052,1944.83,2370.25,0.0,0.0,0.6366,0.775849,0.0,Al,No, ,clean,Y,Y,Y,,N,,,,,,,,,,,,,,,,,,,,,,OTIBUQ_clean,147.3
OTIJAE_clean,7.04903,4.97186,7.04895,1.01719,2261.56,2223.34,0.0,0.0,0.6676,0.65632,0.0,"Cr,Mn",No, ,clean,Y,Y,Y,,N,,,,,,,,,,,,,,,,,,,,,,OTIJAE_clean,404.4
OTIPAK_clean,5.73499,5.10341,5.72616,1.20537,1243.12,1031.31,0.0,0.0,0.5414,0.449155,0.0,Cd,No, ,clean,Y,Y,Y,,N,,,,,,,,,,,,,,,,,,,,,,OTIPAK_clean,246.5
OTIPEO_clean,5.44422,3.64653,5.43023,1.30852,1112.97,850.554,0.0,0.0,0.552,0.421851,0.0,Cd,Yes,Cd,clean,N,Y,Y,,N,,,,,,,,,,,,,,,,,,,,,,OTIPEO_clean,200.5
OTIPUE_clean,4.56896,3.82437,4.54982,1.42368,625.25,439.178,0.0,0.0,0.419,0.294307,0.0,Mn,No, ,clean,Y,Y,Y,,N,,,,,,,,,,,,,,,,,,,,,,OTIPUE_clean,252.0
OTIQAL_clean,5.97222,5.38811,5.95841,1.10964,1272.64,1146.9,0.0,0.0,0.5134,0.462673,0.0,Mn,No, ,clean,Y,Y,Y,,N,,,,,,,,,,,,,,,,,,,,,,OTIQAL_clean,236.6
OTODEI_clean,4.84074,4.45864,4.84074,1.17554,1203.72,1023.97,0.0,0.0,0.5354,0.45545,0.0,Ag,Yes,Ag,clean,Y,Y,Y,,N,,,,,,,,,,,,,,,,,,,,,,OTODEI_clean,451.4
OTODOS_clean,5.33134,5.0692,5.30094,1.13572,1496.22,1317.43,0.0,0.0,0.5556,0.489207,0.0,Ag,Yes,Ag,clean,Y,Y,Y,,N,,,,,,,,,,,,,,,,,,,,,,OTODOS_clean,450.9
OTOLIU_clean,6.25402,4.56727,6.25402,0.748874,3565.69,4761.4,0.0,0.0,0.7372,0.984411,0.0,Ti,No, ,clean,Y,Y,Y,,N,,,,,,,,,,,,,,,,,,,,,,OTOLIU_clean,337.0
OTOVAW_clean,4.51109,3.41338,4.48101,1.61175,574.481,356.434,0.0,0.0,0.423,0.262448,0.0,Cd,No, ,clean,Y,Y,Y,,N,,,,,,,,,,,,,,,,,,,,,,OTOVAW_clean,261.6
OTOVIE_clean,5.10968,4.35413,5.09224,1.37878,906.647,657.571,0.0,0.0,0.4582,0.332323,0.0,Co,No, ,clean,Y,Y,Y,,N,,,,,,,,,,,,,,,,,,,,,,OTOVIE_clean,221.4
OTUDEO_clean,11.1719,10.22736,11.1719,0.861706,1688.22,1959.16,0.0,0.0,0.6512,0.75571,0.0,"Na,Mn,K",Yes,K,clean,Y,Y,Y,,N,,,,,,,,,,,,,,,,,,,,,,OTUDEO_clean,177.9
OTUDIS_clean,11.15528,10.21239,11.15528,0.865137,1694.91,1959.13,0.0,0.0,0.6454,0.746009,0.0,"Na,Mn,K",Yes,K,clean,Y,Y,Y,,N,,,,,,,,,,,,,,,,,,,,,,OTUDIS_clean,193.2
OTUXUX_clean,4.86145,3.74941,4.84403,1.24376,901.8,725.062,0.0,0.0,0.4716,0.379174,0.0,Cd,No, ,clean,Y,Y,Y,,N,,,,,,,,,,,,,,,,,,,,,,OTUXUX_clean,422.7
OTUYEJ_clean,6.23847,3.92545,6.16497,1.66734,1557.5,934.127,0.0,0.0,0.5496,0.329627,0.000239904,"As,Mn",Yes,As,clean,Y,Y,Y,,N,,,,,,,,,,,,,,,,,,,,,,OTUYEJ_clean,137.3
OVEHUT_clean,6.55703,4.29128,6.55703,1.17548,2147.07,1826.55,0.0,0.0,0.6548,0.557051,0.0,Cd,Yes,Cd,clean,Y,Y,Y,,N,,,,,,,,,,,,,,,,,,,,,,OVEHUT_clean,175.3
OVEJIJ_clean,6.31656,4.24661,6.2524,1.60097,1225.59,765.53,134.792,84.1937,0.5422,0.33867,0.0,V,Yes,V,clean,Y,Y,Y,,N,,,,,,,,,,,,,,,,,,,,,,OVEJIJ_clean,138.8
OVEXOD_clean,5.7329,3.62145,5.72476,1.46061,416.232,284.972,0.0,0.0,0.379,0.259481,0.0,Mn,Yes,Mn,clean,Y,Y,Y,,N,,,,,,,,,,,,,,,,,,,,,,OVEXOD_clean,498.6
OVICUS_clean,5.87924,5.2518,5.87924,1.52853,828.26,541.866,0.0,0.0,0.4388,0.287073,0.0,Zn,Yes,Zn,clean,Y,Y,Y,,N,,,,,,,,,,,,,,,,,,,,,,OVICUS_clean,266.9
OVIWIA_clean,4.70586,3.71228,4.70586,2.66834,1137.35,426.241,0.0,0.0,0.5094,0.190905,0.0,"U,Co",Yes,"U,Co",clean,N,Y,Y,,N,,,,,,,,,,,,,,,,,,,,,,OVIWIA_clean,144.6
OVIZID_clean,5.3844,4.07127,5.3844,1.26325,906.56,717.64,0.0,0.0,0.4818,0.381397,0.0,Ni,Yes,Ni,clean,Y,Y,Y,,N,,,,,,,,,,,,,,,,,,,,,,OVIZID_clean,332.9
OVUCOY_clean,6.51812,4.71987,6.51261,2.41124,1158.77,480.568,0.0,0.0,0.5524,0.229094,0.0,U,Yes,U,clean,Y,Y,Y,,N,,,,,,,,,,,,,,,,,,,,,,OVUCOY_clean,185.8
OVUDAL_clean,7.09169,4.92914,7.08099,2.29972,1368.63,595.127,0.0,0.0,0.5708,0.248204,0.0,U,Yes,U,clean,Y,Y,Y,,N,,,,,,,,,,,,,,,,,,,,,,OVUDAL_clean,173.5
OWAVIS_clean,9.58182,5.9765,9.29598,0.840674,2344.57,2788.91,0.0,0.0,0.7226,0.859548,0.0,Zn,Yes,Zn,clean,Y,Y,Y,,N,,,,,,,,,,,,,,,,,,,,,,OWAVIS_clean,310.4
OWAVOY_clean,8.02011,4.26959,8.02011,1.00925,2055.28,2036.44,0.0,0.0,0.642,0.636114,0.0,Zn,Yes,Zn,clean,Y,Y,Y,,N,,,,,,,,,,,,,,,,,,,,,,OWAVOY_clean,203.4
OWETIU_clean,6.92899,4.15657,6.92674,3.31737,1014.79,305.901,78.2458,23.5867,0.4912,0.148069,0.0,"W,Ag",Yes,"W,Ag",clean,Y,Y,Y,,N,,,,,,,,,,,,,,,,,,,,,,OWETIU_clean,271.9
OWEYOF_clean,6.37079,4.45129,6.36918,1.04803,1419.15,1354.11,0.0,0.0,0.5498,0.524602,0.0,Co,No, ,clean,Y,Y,Y,,N,,,,,,,,,,,,,,,,,,,,,,OWEYOF_clean,406.4
OWIHEJ_clean,7.35052,7.17386,7.35052,1.33314,1629.69,1222.45,0.0,0.0,0.6108,0.458167,0.0,In,No, ,clean,Y,Y,Y,,N,,,,,,,,,,,,,,,,,,,,,,OWIHEJ_clean,140.7
OWIHIN_clean,7.33344,7.17038,7.33344,1.33826,1633.23,1220.41,0.0,0.0,0.6104,0.456115,0.0,In,No, ,clean,Y,Y,Y,,N,,,,,,,,,,,,,,,,,,,,,,OWIHIN_clean,137.3
OWIHOT_clean,7.42387,7.28396,7.42387,1.32488,1634.57,1233.75,0.0,0.0,0.6134,0.462986,0.0,In,No, ,clean,Y,Y,Y,,N,,,,,,,,,,,,,,,,,,,,,,OWIHOT_clean,146.7
OWIHUZ_clean,7.37728,7.20219,7.37728,1.32559,1638.53,1236.07,0.0,0.0,0.613,0.462436,0.0,In,No, ,clean,Y,Y,Y,,N,,,,,,,,,,,,,,,,,,,,,,OWIHUZ_clean,137.0
OWIJAH_clean,7.38305,7.21509,7.38305,1.32603,1628.6,1228.17,0.0,0.0,0.6114,0.461074,0.0,In,No, ,clean,Y,Y,Y,,N,,,,,,,,,,,,,,,,,,,,,,OWIJAH_clean,137.9
OWIJEL_clean,7.46814,7.33893,7.46814,1.32685,1640.34,1236.26,0.0,0.0,0.612,0.461241,0.0,In,No, ,clean,Y,Y,Y,,N,,,,,,,,,,,,,,,,,,,,,,OWIJEL_clean,136.9
OWIJIP_clean,7.46558,7.33479,7.46558,1.3287,1650.48,1242.18,0.0,0.0,0.6126,0.461053,0.0,In,No, ,clean,Y,Y,Y,,N,,,,,,,,,,,,,,,,,,,,,,OWIJIP_clean,136.5
OWIJOV_clean,7.41619,7.28781,7.41619,1.32565,1655.33,1248.7,0.0,0.0,0.6148,0.463773,0.0,In,No, ,clean,Y,Y,Y,,N,,,,,,,,,,,,,,,,,,,,,,OWIJOV_clean,137.8
OWILAJ_clean,8.92733,6.71409,8.92733,0.968913,1708.71,1763.53,0.0,0.0,0.6184,0.638241,0.000412834,"Rh,Zr",Yes,"Rh,Zr",clean,Y,Y,Y,,N,,,,,,,,,,,,,,,,,,,,,,OWILAJ_clean,289.0
OWIYUP_clean,8.24396,6.91953,8.2349,0.925347,1653.05,1786.41,0.0,0.0,0.6152,0.664832,0.0,Cu,Yes,Cu,clean,Y,Y,Y,,N,,,,,,,,,,,,,,,,,,,,,,OWIYUP_clean,1415.7
OWIZAW_clean,14.23644,11.75665,14.23644,0.378656,1891.92,4996.41,0.0,0.0,0.8398,2.21785,0.0,Cu,Yes,Cu,clean,Y,Y,Y,,N,,,,,,,,,,,,,,,,,,,,,,OWIZAW_clean,205.3
OWUWOU_clean,5.606,4.2786,5.606,1.14741,1253.9,1092.81,0.0,0.0,0.529,0.461039,0.0,"Cd,Fe",Yes,Cd,clean,Y,Y,Y,,N,,,,,,,,,,,,,,,,,,,,,,OWUWOU_clean,450.4
OWUWUA_clean,5.57616,4.37097,5.56477,1.14473,1062.1,927.816,0.0,0.0,0.5102,0.445693,0.0,"Na,Fe,Zn",Yes,"Na,Zn",clean,Y,Y,Y,,N,,,,,,,,,,,,,,,,,,,,,,OWUWUA_clean,463.4
OXALAB_clean,7.26534,5.19998,7.26225,0.828762,2095.62,2528.62,0.0,0.0,0.6488,0.782855,0.0,Co,No, ,clean,Y,Y,Y,,N,,,,,,,,,,,,,,,,,,,,,,OXALAB_clean,165.1
OXALEF_clean,7.18754,5.18545,7.18754,0.839237,2049.14,2441.67,0.0,0.0,0.6438,0.767126,0.0,Mn,No, ,clean,Y,Y,Y,,N,,,,,,,,,,,,,,,,,,,,,,OXALEF_clean,166.0
OXALIJ_ion_b,7.03961,4.95922,7.03961,0.942672,1903.34,2019.09,0.0,0.0,0.627,0.66513,0.0,Cd,No, ,ion_b,Y,Y,Y,,N,,,,,,,,,,,,,,,,,,,,,,OXALIJ_ion_b,181.4
OXALOP_clean,5.88824,4.43891,5.88824,1.02509,1694.61,1653.14,0.780383,0.761286,0.599,0.584341,0.0,Y,Yes,Y,clean,Y,Y,Y,,N,,,,,,,,,,,,,,,,,,,,,,OXALOP_clean,245.7
OXALUV_SL,9.15018,6.54946,9.15011,0.800859,2321.96,2899.33,0.0,0.0,0.7128,0.890045,0.0,In,No, ,SL,Y,Y,Y,,N,,,,,,,,,,,,,,,,,,,,,,OXALUV_SL,255.5
OXEVOE_clean,5.9996,4.29075,5.9996,1.32095,787.004,595.785,77.213,58.4525,0.5,0.378515,0.0,Ag,Yes,Ag,clean,Y,Y,Y,,N,,,,,,,,,,,,,,,,,,,,,,OXEVOE_clean,171.3
OXITOF_clean,6.28705,5.508,6.2848,1.24834,1230.37,985.608,0.0,0.0,0.5144,0.412068,0.0,Co,Yes,Co,clean,Y,Y,Y,,N,,,,,,,,,,,,,,,,,,,,,,OXITOF_clean,153.9
OXOLAP_SL,19.10077,13.85784,19.10077,0.601751,1192.03,1980.93,80.0846,133.086,0.7556,1.25567,0.000332363,Zr,No, ,SL,Y,Y,Y,,N,,,,,,,,,,,,,,,,,,,,,,OXOLAP_SL,297.6
OXOZUY_clean,8.19821,4.66417,8.1974,0.956716,1690.02,1766.48,0.0,0.0,0.6112,0.638852,0.0,Tb,Yes,Tb,clean,Y,Y,Y,,N,,,,,,,,,,,,,,,,,,,,,,OXOZUY_clean,430.0
OXUPUT_clean,9.06209,8.39643,9.06209,1.93215,1090.05,564.166,13.9927,7.24204,0.573,0.296561,0.0,U,Yes,U,clean,Y,Y,Y,,N,,,,,,,,,,,,,,,,,,,,,,OXUPUT_clean,178.3
OYEJOS_clean,9.55583,4.63693,9.55583,0.834794,1714.96,2054.35,0.0,0.0,0.6424,0.769531,0.0,Cu,Yes,Cu,clean,N,Y,Y,,N,,,,,,,,,,,,,,,,,,,,,,OYEJOS_clean,292.6
OYERER_clean,14.32515,11.45272,14.00664,0.462369,2190.15,4736.81,0.0,0.0,0.8394,1.81543,0.0,"Cu,Cr",Yes,"Cu,Cr",clean,Y,Y,Y,,N,,,,,,,,,,,,,,,,,,,,,,OYERER_clean,134.1
OYERIV_clean,14.68028,11.95217,14.68028,0.792697,1463.31,1845.99,123.823,156.204,0.696,0.878015,0.0,"Cr,Mn",Yes,Cr,clean,Y,Y,Y,,N,,,,,,,,,,,,,,,,,,,,,,OYERIV_clean,266.3
OYEROB_clean,9.45168,7.14174,9.44893,0.790347,2325.92,2942.91,0.982216,1.24277,0.7298,0.923392,0.0,"Cd,Cr",Yes,"Cd,Cr",clean,Y,Y,Y,,N,,,,,,,,,,,,,,,,,,,,,,OYEROB_clean,228.2
OYERUH_clean,7.57942,6.42809,7.56103,1.08661,1656.01,1524.01,185.649,170.851,0.6376,0.586778,0.0,"Cd,Cr",Yes,"Cd,Cr",clean,Y,Y,Y,,N,,,,,,,,,,,,,,,,,,,,,,OYERUH_clean,365.9
OYEWEW_clean,9.10111,6.40889,9.10064,0.579676,2406.76,4151.9,0.0,0.0,0.7488,1.29176,0.0,Al,Yes,Al,clean,Y,Y,Y,,N,,,,,,,,,,,,,,,,,,,,,,OYEWEW_clean,228.0
OYEWIA_clean,10.37041,7.95909,10.26711,0.677921,2034.96,3001.77,0.0,0.0,0.7108,1.0485,0.0,Al,Yes,Al,clean,Y,Y,Y,,N,,,,,,,,,,,,,,,,,,,,,,OYEWIA_clean,154.3
OYIVEY_clean,8.41834,4.77784,8.41834,1.02358,1872.15,1829.01,0.0951624,0.0929698,0.626,0.611576,0.0,Cu,Yes,Cu,clean,Y,Y,Y,,N,,,,,,,,,,,,,,,,,,,,,,OYIVEY_clean,213.5
OYIVIC_clean,5.5413,4.80567,5.5333,1.19582,1382.4,1156.02,0.0,0.0,0.5784,0.483684,0.0,Cu,Yes,Cu,clean,Y,Y,Y,,N,,,,,,,,,,,,,,,,,,,,,,OYIVIC_clean,170.0
OYIVOI_clean,5.54513,4.92009,5.54513,1.34386,1289.96,959.889,0.0,0.0,0.5594,0.416262,0.0,Cu,Yes,Cu,clean,Y,Y,Y,,N,,,,,,,,,,,,,,,,,,,,,,OYIVOI_clean,179.2
OYOSAX_clean,5.10436,4.21189,5.06572,1.19023,1067.87,897.196,0.0,0.0,0.5162,0.433699,0.0,Mn,Yes,Mn,clean,N,Y,Y,,N,,,,,,,,,,,,,,,,,,,,,,OYOSAX_clean,270.7
OZAVES_clean,5.64539,5.08904,5.62805,1.07782,1464.13,1358.41,0.0,0.0,0.5738,0.532369,0.0,Ca,Yes,Ca,clean,N,Y,Y,,N,,,,,,,,,,,,,,,,,,,,,,OZAVES_clean,139.4
OZAVOC_clean,6.46772,5.63481,6.46128,1.35316,1406.83,1039.66,0.0,0.0,0.5486,0.40542,0.0,Sr,Yes,Sr,clean,N,Y,Y,,N,,,,,,,,,,,,,,,,,,,,,,OZAVOC_clean,151.8
OZAVUI_clean,5.43678,4.75451,5.43678,1.24526,1365.54,1096.59,0.0,0.0,0.5928,0.476044,0.0,Sr,Yes,Sr,clean,N,Y,Y,,N,,,,,,,,,,,,,,,,,,,,,,OZAVUI_clean,145.8
OZUKOL_clean,11.66314,11.04095,11.6623,1.07501,1570.69,1461.09,0.0,0.0,0.6578,0.611902,0.0,Mn,Yes,Mn,clean,Y,Y,Y,,N,,,,,,,,,,,,,,,,,,,,,,OZUKOL_clean,243.4
OZUKUR01_clean,12.00308,11.20848,12.00308,1.04914,1577.91,1504.01,0.0,0.0,0.6712,0.639764,0.0,Mn,Yes,Mn,clean,Y,Y,Y,,N,,,,,,,,,,,,,,,,,,,,,,OZUKUR01_clean,217.6
OZUKUR_clean,11.77684,11.08852,11.77544,1.07383,1569.26,1461.37,0.0,0.0,0.6592,0.613879,0.0,Mn,Yes,Mn,clean,Y,Y,Y,,N,,,,,,,,,,,,,,,,,,,,,,OZUKUR_clean,238.8
OZULAY_clean,11.76704,10.98127,11.76502,1.07223,1568.4,1462.75,0.0,0.0,0.6546,0.610504,0.0,Mn,Yes,Mn,clean,Y,Y,Y,,N,,,,,,,,,,,,,,,,,,,,,,OZULAY_clean,255.7
OZULUS_clean,11.30509,10.53212,11.30463,1.32172,1536.26,1162.31,0.0,0.0,0.6386,0.483157,0.0,Cu,Yes,Cu,clean,Y,Y,Y,,N,,,,,,,,,,,,,,,,,,,,,,OZULUS_clean,291.0
OZUMAZ01_clean,11.42001,10.68224,11.42001,1.32181,1528.59,1156.43,0.0,0.0,0.6378,0.482518,0.0,Cu,Yes,Cu,clean,Y,Y,Y,,N,,,,,,,,,,,,,,,,,,,,,,OZUMAZ01_clean,291.2
OZUMAZ_clean,11.32593,10.60044,11.32547,1.32216,1533.89,1160.14,0.0,0.0,0.6396,0.483754,0.0,Cu,Yes,Cu,clean,Y,Y,Y,,N,,,,,,,,,,,,,,,,,,,,,,OZUMAZ_clean,296.5
OZUMIH_clean,11.34307,10.585,11.34288,1.32207,1537.23,1162.75,0.0,0.0,0.6412,0.484999,0.0,Cu,Yes,Cu,clean,Y,Y,Y,,N,,,,,,,,,,,,,,,,,,,,,,OZUMIH_clean,292.2
PACGIM_clean,5.65368,4.16479,5.64778,1.04531,2243.67,2146.41,0.0,0.0,0.631,0.603646,0.0,Th,No, ,clean,Y,Y,Y,,N,,,,,,,,,,,,,,,,,,,,,,PACGIM_clean,414.2
PACZOK_clean,14.42262,6.94223,14.41025,1.08844,2172.35,1995.84,0.0,0.0,0.7086,0.651024,0.0,V,Yes,V,clean,Y,Y,Y,,N,,,,,,,,,,,,,,,,,,,,,,PACZOK_clean,429.0
PACZUQ_clean,6.93068,4.23947,6.93068,1.54491,905.644,586.213,0.0,0.0,0.4772,0.308886,0.0,Pr,No, ,clean,Y,Y,Y,,N,,,,,,,,,,,,,,,,,,,,,,PACZUQ_clean,354.6
PAFMUH_clean,4.1569,3.45207,4.13312,1.53558,373.555,243.267,0.0,0.0,0.4318,0.281197,0.0,Cd,Yes,Cd,clean,Y,Y,Y,,N,,,,,,,,,,,,,,,,,,,,,,PAFMUH_clean,262.2
PAHPOG_clean,7.73062,5.40152,7.60787,0.954052,1660.24,1740.2,0.0,0.0,0.5924,0.620931,0.0,"Ag,Fe",Yes,Ag,clean,Y,Y,Y,,N,,,,,,,,,,,,,,,,,,,,,,PAHPOG_clean,389.1
PAJSAX_clean,11.72543,11.19673,11.71838,0.847503,1673.18,1974.24,0.0,0.0,0.6882,0.812032,0.0,Zn,No, ,clean,Y,Y,Y,,N,,,,,,,,,,,,,,,,,,,,,,PAJSAX_clean,230.9
PAKFAL_clean,4.75354,4.10738,4.75354,2.43205,513.87,211.291,0.0,0.0,0.3964,0.16299,0.0,"Au,Mn",Yes,"Au,Mn",clean,N,Y,Y,,N,,,,,,,,,,,,,,,,,,,,,,PAKFAL_clean,320.2
PAKFEP_clean,4.86901,4.27875,4.86901,1.90484,508.538,266.971,0.0,0.0,0.3924,0.206001,0.0,"Ag,Mn",Yes,"Ag,Mn",clean,N,Y,Y,,N,,,,,,,,,,,,,,,,,,,,,,PAKFEP_clean,314.2
PAKXIK_clean,5.56128,3.90775,5.56038,1.25158,1486.65,1187.82,19.61,15.6682,0.5744,0.458939,0.0,Cd,Yes,Cd,clean,Y,Y,Y,,N,,,,,,,,,,,,,,,,,,,,,,PAKXIK_clean,276.5
PALTON_clean,12.85281,10.88454,12.85281,0.723595,1862.94,2574.56,0.0,0.0,0.677,0.935606,0.0,Cu,Yes,Cu,clean,Y,Y,Y,,N,,,,,,,,,,,,,,,,,,,,,,PALTON_clean,356.3
PAMHIW_clean,9.2687,4.50421,9.2687,0.952087,1296.4,1361.64,427.264,448.766,0.6164,0.64742,0.0,Cu,No, ,clean,Y,Y,Y,,N,,,,,,,,,,,,,,,,,,,,,,PAMHIW_clean,327.0
PAMTII_clean,12.14001,5.49468,12.1397,0.953828,2043.58,2142.5,0.0,0.0,0.7082,0.742482,0.0,Er,Yes,Er,clean,Y,Y,Y,,N,,,,,,,,,,,,,,,,,,,,,,PAMTII_clean,165.4
PAMTOO_clean,12.35154,5.62136,12.35154,0.923606,1995.9,2160.98,0.0,0.0,0.7096,0.768293,0.0,Dy,Yes,Dy,clean,Y,Y,Y,,N,,,,,,,,,,,,,,,,,,,,,,PAMTOO_clean,157.6
PAMTUU_clean,12.40087,5.62514,12.40087,0.908425,2011.92,2214.73,0.0,0.0,0.6952,0.76528,0.0,Tb,Yes,Tb,clean,Y,Y,Y,,N,,,,,,,,,,,,,,,,,,,,,,PAMTUU_clean,164.1
PAMVEG_clean,4.06328,3.71255,4.05877,1.30742,297.768,227.753,0.0,0.0,0.4276,0.327056,0.0,Zn,Yes,Zn,clean,Y,Y,Y,,N,,,,,,,,,,,,,,,,,,,,,,PAMVEG_clean,296.0
PAPROO_clean,7.19025,5.05276,7.19025,1.91608,861.592,449.664,0.0,0.0,0.4326,0.225774,0.0,"Cu,Tb",No, ,clean,Y,Y,Y,,N,,,,,,,,,,,,,,,,,,,,,,PAPROO_clean,300.5
PAPRUU_clean,7.39284,4.83476,7.39284,1.80811,810.66,448.345,0.0,0.0,0.438,0.242241,0.0,"La,Ni",No, ,clean,Y,Y,Y,,N,,,,,,,,,,,,,,,,,,,,,,PAPRUU_clean,282.2
PAPVAF_clean,10.09597,6.84011,9.58875,0.817097,2396.15,2932.52,0.0,0.0,0.7324,0.896344,0.0,Pr,Yes,Pr,clean,Y,Y,Y,,N,,,,,,,,,,,,,,,,,,,,,,PAPVAF_clean,267.0
PAPXUB_clean,4.14867,3.74838,4.12901,1.41027,380.17,269.572,0.0,0.0,0.4056,0.287604,0.0,Cd,No, ,clean,Y,Y,Y,,N,,,,,,,,,,,,,,,,,,,,,,PAPXUB_clean,287.7
PAQMEB_clean,5.66983,3.45515,5.06855,2.32316,1166.36,502.057,0.0,0.0,0.4938,0.212555,0.0,"Mo,Mn",Yes,"Mo,Mn",clean,N,Y,Y,,N,,,,,,,,,,,,,,,,,,,,,,PAQMEB_clean,181.8
PAQVEK_clean,5.27989,4.58936,5.26433,1.11804,1118.78,1000.66,0.0,0.0,0.502,0.449,0.0,"Ni,Fe,K",Yes,"Ni,K",clean,Y,Y,Y,,N,,,,,,,,,,,,,,,,,,,,,,PAQVEK_clean,279.9
PARHAS_clean,6.90619,6.37667,6.76731,0.69817,2236.54,3203.43,0.0,0.0,0.6838,0.979418,0.0,Ca,Yes,Ca,clean,Y,Y,Y,,N,,,,,,,,,,,,,,,,,,,,,,PARHAS_clean,126.6
PARHEW_clean,7.38605,6.67234,7.38605,0.632325,2400.53,3796.35,0.0,0.0,0.7148,1.13043,0.0,Ca,Yes,Ca,clean,Y,Y,Y,,N,,,,,,,,,,,,,,,,,,,,,,PARHEW_clean,125.3
PARKUQ01_clean,6.67552,5.18428,6.65544,1.17133,2054.42,1753.92,0.0,0.0,0.6446,0.550316,0.0,Cd,No, ,clean,Y,Y,Y,,N,,,,,,,,,,,,,,,,,,,,,,PARKUQ01_clean,130.9
PARMIG_clean,4.62483,4.28304,4.62483,1.33462,793.109,594.261,0.0,0.0,0.4652,0.348565,0.0,Ni,No, ,clean,Y,Y,Y,,N,,,,,,,,,,,,,,,,,,,,,,PARMIG_clean,188.4
PARNIH_clean,8.32489,6.77668,8.32489,0.861017,1951.67,2266.71,0.0,0.0,0.6712,0.779544,0.0,Cu,Yes,Cu,clean,Y,Y,Y,,N,,,,,,,,,,,,,,,,,,,,,,PARNIH_clean,205.5
PARNON_clean,7.81335,6.23608,7.8124,0.973393,1971.82,2025.72,0.0,0.0,0.6118,0.628523,0.0,Cu,Yes,Cu,clean,Y,Y,Y,,N,,,,,,,,,,,,,,,,,,,,,,PARNON_clean,273.7
PASMUT_clean,5.21671,3.87145,5.2007,1.45236,1664.76,1146.24,0.0,0.0,0.5822,0.400864,0.0,Zn,Yes,Zn,clean,N,Y,Y,,N,,,,,,,,,,,,,,,,,,,,,,PASMUT_clean,221.5
PASNAA01_clean,4.83008,3.80459,4.83008,1.46381,1335.98,912.674,0.0,0.0,0.51,0.348405,0.0,Co,Yes,Co,clean,N,Y,Y,,N,,,,,,,,,,,,,,,,,,,,,,PASNAA01_clean,252.0
PASNAA_clean,4.89594,3.826,4.89193,1.4497,1354.61,934.408,0.0,0.0,0.5164,0.356212,0.0,Co,Yes,Co,clean,N,Y,Y,,N,,,,,,,,,,,,,,,,,,,,,,PASNAA_clean,248.2
PASTOU_clean,6.66976,4.5166,6.66976,1.58721,797.598,502.516,0.0,0.0,0.4778,0.301032,0.0,Cd,Yes,Cd,clean,N,Y,Y,,N,,,,,,,,,,,,,,,,,,,,,,PASTOU_clean,348.2
PATNAB_clean,9.14224,6.89364,9.14224,1.35956,1803.58,1326.59,0.0,0.0,0.6728,0.494866,0.0,Ag,Yes,Ag,clean,N,Y,Y,,N,,,,,,,,,,,,,,,,,,,,,,PATNAB_clean,113.4
PATWOY_clean,7.80785,6.68696,7.80785,0.911859,1500.87,1645.94,0.0,0.0,0.5982,0.656023,0.0,Zn,Yes,Zn,clean,Y,Y,Y,,N,,,,,,,,,,,,,,,,,,,,,,PATWOY_clean,229.0
PAVLOO_clean,4.63098,4.29599,4.63098,1.36764,915.445,669.362,13.6565,9.98545,0.5494,0.401715,0.0,Ag,Yes,Ag,clean,Y,Y,Y,,N,,,,,,,,,,,,,,,,,,,,,,PAVLOO_clean,175.5
PAVMAB_clean,4.70831,4.3739,4.70531,1.34518,952.077,707.768,16.532,12.2898,0.553,0.411097,0.0,Ag,Yes,Ag,clean,Y,Y,Y,,N,,,,,,,,,,,,,,,,,,,,,,PAVMAB_clean,171.1
PEBNEP_clean,4.70974,3.99855,4.70974,1.47945,319.51,215.966,0.0,0.0,0.4064,0.274697,0.0,"Cu,Co",Yes,Cu,clean,Y,Y,Y,,N,,,,,,,,,,,,,,,,,,,,,,PEBNEP_clean,378.0
PECLEP_clean,5.39206,3.58035,5.25926,1.26009,1193.65,947.27,0.0,0.0,0.492,0.390447,0.0,Co,No, ,clean,Y,Y,Y,,N,,,,,,,,,,,,,,,,,,,,,,PECLEP_clean,363.1
PEDMER_clean,4.87431,3.86596,4.87431,1.94999,1030.99,528.717,0.0,0.0,0.5166,0.264924,0.0,Cu,Yes,Cu,clean,N,Y,Y,,N,,,,,,,,,,,,,,,,,,,,,,PEDMER_clean,170.7
PEDMOB_clean,6.13543,5.59613,6.13543,1.47554,899.4,609.538,0.0,0.0,0.4724,0.320153,0.0,Cu,Yes,Cu,clean,Y,Y,Y,,N,,,,,,,,,,,,,,,,,,,,,,PEDMOB_clean,266.2
PEDRIA_clean,15.09269,7.93434,15.07573,0.589901,2245.43,3806.46,0.0,0.0,0.8114,1.37549,0.0,Zn,No, ,clean,Y,Y,Y,,N,,,,,,,,,,,,,,,,,,,,,,PEDRIA_clean,359.9
PEFJUF_clean,6.61682,6.0615,6.61682,1.19245,2068.35,1734.53,0.0,0.0,0.6212,0.520944,0.0,Al,No, ,clean,Y,Y,Y,,N,,,,,,,,,,,,,,,,,,,,,,PEFJUF_clean,126.2
PEFRID01_clean,6.55951,5.47634,6.55951,1.31717,1348.3,1023.64,0.0,0.0,0.552,0.419081,0.0,Sm,Yes,Sm,clean,Y,Y,Y,,N,,,,,,,,,,,,,,,,,,,,,,PEFRID01_clean,357.0
PEFRID_clean,9.83364,8.16227,9.74315,1.01836,1671.9,1641.77,0.0,0.0,0.6476,0.635927,0.0,Sm,Yes,Sm,clean,Y,Y,Y,,N,,,,,,,,,,,,,,,,,,,,,,PEFRID_clean,251.4
PEFRUP01_clean,6.70842,5.60789,6.69161,1.32053,1380.71,1045.57,0.0,0.0,0.5546,0.419982,0.0,Gd,Yes,Gd,clean,Y,Y,Y,,N,,,,,,,,,,,,,,,,,,,,,,PEFRUP01_clean,359.4
PEFRUP_clean,9.50189,8.00757,9.50189,1.0519,1670.24,1587.83,0.0,0.0,0.6432,0.611463,0.0,Gd,Yes,Gd,clean,Y,Y,Y,,N,,,,,,,,,,,,,,,,,,,,,,PEFRUP_clean,260.4
PEFSUQ_clean,6.71056,3.90525,6.68671,1.19472,875.451,732.768,0.0,0.0,0.5094,0.426377,0.0,Cu,Yes,Cu,clean,Y,Y,Y,,N,,,,,,,,,,,,,,,,,,,,,,PEFSUQ_clean,288.4
PEGBAG_clean,4.42914,3.59275,4.42914,1.43063,530.361,370.719,0.0,0.0,0.4708,0.329086,0.0,Zn,Yes,Zn,clean,Y,Y,Y,,N,,,,,,,,,,,,,,,,,,,,,,PEGBAG_clean,302.0
PEGBUA_clean,4.24178,3.44241,4.23659,1.42808,542.261,379.715,0.0,0.0,0.474,0.331915,0.0,Zn,Yes,Zn,clean,Y,Y,Y,,N,,,,,,,,,,,,,,,,,,,,,,PEGBUA_clean,287.8
PEGCAH_clean,4.41751,3.55963,4.41517,1.40923,648.294,460.035,0.0,0.0,0.4816,0.341747,0.0,Zn,Yes,Zn,clean,Y,Y,Y,,N,,,,,,,,,,,,,,,,,,,,,,PEGCAH_clean,288.9
PEGCEL_clean,4.60881,3.89017,4.60881,1.36646,760.056,556.224,0.0,0.0,0.4938,0.361373,0.0,Zn,Yes,Zn,clean,Y,Y,Y,,N,,,,,,,,,,,,,,,,,,,,,,PEGCEL_clean,292.8
PEGCIP_clean,5.4738,4.63859,5.45736,1.20371,1399.17,1162.38,0.0,0.0,0.5244,0.435652,0.0,Zn,Yes,Zn,clean,Y,Y,Y,,N,,,,,,,,,,,,,,,,,,,,,,PEGCIP_clean,322.9
PEGPOI_clean,4.98627,3.51233,4.9807,1.99017,618.984,311.02,0.0,0.0,0.3962,0.199078,0.0,Y,Yes,Y,clean,N,Y,Y,,N,,,,,,,,,,,,,,,,,,,,,,PEGPOI_clean,280.7
PEGQID_clean,5.05756,3.46018,5.04486,2.49056,625.358,251.092,0.0,0.0,0.3982,0.159884,0.0,Gd,Yes,Gd,clean,N,Y,Y,,N,,,,,,,,,,,,,,,,,,,,,,PEGQID_clean,177.5
PEGQOJ_clean,5.06893,3.45218,5.06893,2.53315,611.744,241.495,0.0,0.0,0.3936,0.15538,0.0,Tb,Yes,Tb,clean,N,Y,Y,,N,,,,,,,,,,,,,,,,,,,,,,PEGQOJ_clean,182.1
PEGQUP_clean,4.99244,3.49069,4.98026,2.64253,618.757,234.153,0.0,0.0,0.3906,0.147813,0.0,Er,Yes,Er,clean,N,Y,Y,,N,,,,,,,,,,,,,,,,,,,,,,PEGQUP_clean,183.5
PEHQID_neutral,5.14211,3.77935,5.14211,1.46568,1144.37,780.78,0.0,0.0,0.5232,0.356968,0.0,Cd,No, ,neutral,Y,Y,Y,,N,,,,,,,,,,,,,,,,,,,,,,PEHQID_neutral,322.1
PEHTON_clean,5.79765,4.80371,5.79765,1.25943,995.966,790.809,0.0,0.0,0.488,0.387478,0.0,Cu,Yes,Cu,clean,Y,Y,Y,,N,,,,,,,,,,,,,,,,,,,,,,PEHTON_clean,439.4
PEJFOA_clean,4.64383,3.88697,4.63782,2.21077,775.822,350.929,123.298,55.7717,0.4612,0.208615,0.0,Ga,Yes,Ga,clean,Y,Y,Y,,N,,,,,,,,,,,,,,,,,,,,,,PEJFOA_clean,193.5
PEJFUG_clean,5.6094,5.1902,5.6094,2.02674,953.383,470.404,0.0,0.0,0.4916,0.242558,0.0,Ga,No, ,clean,Y,Y,Y,,N,,,,,,,,,,,,,,,,,,,,,,PEJFUG_clean,214.9
PEJMOI_clean,7.77261,4.72411,7.77261,1.78918,1087.16,607.629,0.0,0.0,0.4986,0.278675,0.0,"Cd,K",Yes,"Cd,K",clean,Y,Y,Y,,N,,,,,,,,,,,,,,,,,,,,,,PEJMOI_clean,185.9
PEJNUP_clean,9.7414,9.14394,9.67281,0.771129,2269.17,2942.66,0.0,0.0,0.7412,0.961188,0.0,Zn,No, ,clean,Y,Y,Y,,N,,,,,,,,,,,,,,,,,,,,,,PEJNUP_clean,137.5
PEKCUF_clean,8.20333,5.43297,8.20152,0.769862,2179.49,2831.01,0.0,0.0,0.6652,0.864051,0.0,Mn,Yes,Mn,clean,Y,Y,Y,,N,,,,,,,,,,,,,,,,,,,,,,PEKCUF_clean,313.8
PEKDAM_clean,6.66878,5.26481,6.65683,0.823111,2211.99,2687.35,0.0,0.0,0.6464,0.785313,0.0,Mn,Yes,Mn,clean,Y,Y,Y,,N,,,,,,,,,,,,,,,,,,,,,,PEKDAM_clean,212.5
PEKZIP_clean,4.53518,4.08657,4.53518,1.41548,619.125,437.397,0.0,0.0,0.4398,0.310708,0.0,Cu,Yes,Cu,clean,Y,Y,Y,,N,,,,,,,,,,,,,,,,,,,,,,PEKZIP_clean,196.5
PELGOE_clean,4.61976,3.65124,4.60921,1.18989,1005.69,845.196,0.0,0.0,0.5078,0.426764,0.0,Co,Yes,Co,clean,Y,Y,Y,,N,,,,,,,,,,,,,,,,,,,,,,PELGOE_clean,232.5
PELQII_clean,9.06577,7.1819,8.76719,0.671525,2063.21,3072.43,0.0,0.0,0.712,1.06027,0.0,Cd,Yes,Cd,clean,Y,Y,Y,,N,,,,,,,,,,,,,,,,,,,,,,PELQII_clean,381.6
PELRIJ_clean,21.55746,10.38341,21.54289,0.51708,1832.88,3544.68,0.0,0.0,0.8016,1.55024,0.0,Cu,Yes,Cu,clean,Y,Y,Y,,N,,,,,,,,,,,,,,,,,,,,,,PELRIJ_clean,388.2
PELXIP_clean,5.04305,3.66818,5.03506,1.84132,581.447,315.776,13.9718,7.58794,0.4556,0.247431,0.0,Cd,Yes,Cd,clean,Y,Y,Y,,N,,,,,,,,,,,,,,,,,,,,,,PELXIP_clean,276.7
PEMREG_clean,9.06566,7.46673,9.06566,0.753022,2058.76,2734.0,0.0,0.0,0.7058,0.93729,0.0,Cd,Yes,Cd,clean,Y,Y,Y,,N,,,,,,,,,,,,,,,,,,,,,,PEMREG_clean,315.6
PEMRIK_clean,6.31603,3.45605,6.31603,1.18528,1197.81,1010.57,0.0,0.0,0.5532,0.466723,0.0,Zn,Yes,Zn,clean,Y,Y,Y,,N,,,,,,,,,,,,,,,,,,,,,,PEMRIK_clean,296.1
PENNAZ_clean,8.96214,8.00387,8.96214,0.962495,1990.53,2068.1,0.0,0.0,0.7004,0.727692,0.0,Cd,Yes,Cd,clean,Y,Y,Y,,N,,,,,,,,,,,,,,,,,,,,,,PENNAZ_clean,222.8
PENNON_clean,7.9329,6.23525,7.71711,0.684898,2586.98,3777.17,0.0,0.0,0.7318,1.06848,0.0,Co,Yes,Co,clean,Y,Y,Y,,N,,,,,,,,,,,,,,,,,,,,,,PENNON_clean,130.2
PENNUT_clean,5.51848,4.07497,5.51848,1.34514,1276.26,948.789,0.0,0.0,0.5072,0.377061,0.0,Zn,Yes,Zn,clean,Y,Y,Y,,N,,,,,,,,,,,,,,,,,,,,,,PENNUT_clean,344.7
PENYIR_clean,5.70014,3.65365,5.70014,1.6367,929.089,567.66,64.7109,39.5375,0.5088,0.31087,0.0,V,Yes,V,clean,Y,Y,Y,,N,,,,,,,,,,,,,,,,,,,,,,PENYIR_clean,227.0
PENZIS_clean,5.20436,4.63461,5.20306,1.48152,1841.93,1243.27,0.0,0.0,0.653,0.440764,0.0,Zn,No, ,clean,Y,Y,Y,,N,,,,,,,,,,,,,,,,,,,,,,PENZIS_clean,162.9
PEPBAO_clean,5.10254,3.95909,5.10254,1.42412,833.906,585.559,0.0,0.0,0.4934,0.34646,0.0,Zn,No, ,clean,Y,Y,Y,,N,,,,,,,,,,,,,,,,,,,,,,PEPBAO_clean,233.6
PEPFAT_clean,10.91726,6.85852,7.70966,1.0029,2251.01,2244.49,0.0,0.0,0.6862,0.684214,0.0,Zn,Yes,Zn,clean,Y,Y,Y,,N,,,,,,,,,,,,,,,,,,,,,,PEPFAT_clean,433.4
PEPKOL_clean,4.51864,3.40095,4.50908,1.52523,488.244,320.112,0.0,0.0,0.42,0.275368,0.0,Ni,No, ,clean,Y,Y,Y,,N,,,,,,,,,,,,,,,,,,,,,,PEPKOL_clean,325.2
PEPKUR_clean,4.38796,3.85266,4.37809,1.51141,576.087,381.159,0.0,0.0,0.4116,0.272329,0.0,Ni,No, ,clean,Y,Y,Y,,N,,,,,,,,,,,,,,,,,,,,,,PEPKUR_clean,279.2
PEPLAY_clean,6.74837,6.3776,6.72825,1.05651,1615.67,1529.25,0.0,0.0,0.6178,0.584755,0.0,V,No, ,clean,Y,Y,Y,,N,,,,,,,,,,,,,,,,,,,,,,PEPLAY_clean,151.3
PEPLEC_clean,7.22831,6.81306,7.22831,1.03011,1642.0,1594.0,0.0,0.0,0.618,0.599935,0.0,V,No, ,clean,Y,Y,Y,,N,,,,,,,,,,,,,,,,,,,,,,PEPLEC_clean,166.7
PEPLIG_clean,6.77242,6.39006,6.75097,1.04905,1614.89,1539.38,0.0,0.0,0.6148,0.586054,0.0,V,No, ,clean,Y,Y,Y,,N,,,,,,,,,,,,,,,,,,,,,,PEPLIG_clean,158.2
PEPLOM_clean,5.48105,5.23227,5.47438,1.20095,1296.27,1079.37,0.0,0.0,0.5572,0.463966,0.0,V,No, ,clean,Y,Y,Y,,N,,,,,,,,,,,,,,,,,,,,,,PEPLOM_clean,159.9
PEQRUZ_clean,5.68699,4.77458,5.65626,1.19715,1015.07,847.906,0.0,0.0,0.4752,0.396942,0.0,"Na,Co",Yes,Na,clean,N,Y,Y,,N,,,,,,,,,,,,,,,,,,,,,,PEQRUZ_clean,218.5
PEQWAK_clean,5.99001,5.4678,5.99001,1.06078,1335.71,1259.17,0.0,0.0,0.5666,0.534134,0.0,Mn,Yes,Mn,clean,N,Y,Y,,N,,,,,,,,,,,,,,,,,,,,,,PEQWAK_clean,215.5
PESTUD_clean,4.29451,3.77014,4.29451,1.52203,554.299,364.183,0.0,0.0,0.4078,0.267931,0.0,Ni,No, ,clean,Y,Y,Y,,N,,,,,,,,,,,,,,,,,,,,,,PESTUD_clean,274.0
PETWOC_clean,9.15829,4.1058,9.15829,1.69456,1870.12,1103.6,0.0,0.0,0.6222,0.367174,0.000472098,U,No, ,clean,Y,Y,Y,,N,,,,,,,,,,,,,,,,,,,,,,PETWOC_clean,209.7
PEVFON_clean,11.13773,3.47627,11.13633,0.923906,1490.46,1613.21,0.0,0.0,0.6306,0.682537,0.0,Zn,No, ,clean,N,Y,Y,,N,,,,,,,,,,,,,,,,,,,,,,PEVFON_clean,230.6
PEVLIN_clean,4.23888,3.58587,4.23888,1.92889,451.698,234.175,0.0,0.0,0.4172,0.21629,0.0,Nd,Yes,Nd,clean,Y,Y,Y,,N,,,,,,,,,,,,,,,,,,,,,,PEVLIN_clean,189.0
PEVQIS_clean_h,14.89727,7.78421,14.89178,0.605776,2230.04,3681.29,0.0,0.0,0.8056,1.32986,0.0,Zn,No, ,clean_h,N,Y,Y,,N,,,,,,,,,,,,,,,,,,,,,,PEVQIS_clean_h,364.1
PEVQOY_clean_h,14.80942,7.88362,14.80084,0.613708,2232.3,3637.4,0.0,0.0,0.8108,1.32115,0.0,Zn,No, ,clean_h,N,Y,Y,,N,,,,,,,,,,,,,,,,,,,,,,PEVQOY_clean_h,377.4
PEVXAQ_clean,4.99995,3.63805,4.93929,1.21492,686.301,564.895,0.0,0.0,0.4752,0.391137,0.0,Ni,Yes,Ni,clean,Y,Y,Y,,N,,,,,,,,,,,,,,,,,,,,,,PEVXAQ_clean,303.8
PEWGEF_clean,9.8037,7.11476,9.8037,1.04146,1816.14,1743.84,0.0,0.0,0.6896,0.662146,0.0,Cu,Yes,Cu,clean,Y,Y,Y,,N,,,,,,,,,,,,,,,,,,,,,,PEWGEF_clean,174.2
PEWLUA_clean,17.77125,7.51947,12.45937,0.588936,2255.4,3829.62,0.0,0.0,0.7974,1.35397,0.0,Cu,Yes,Cu,clean,Y,Y,Y,,N,,,,,,,,,,,,,,,,,,,,,,PEWLUA_clean,236.8
PEWXUL01_clean,5.54275,4.60824,5.54275,1.0598,1055.66,996.092,0.0,0.0,0.5124,0.483488,0.0,Ni,No, ,clean,Y,Y,Y,,N,,,,,,,,,,,,,,,,,,,,,,PEWXUL01_clean,346.1
PEWXUL_clean,5.34544,4.38509,5.34544,1.05997,1077.55,1016.58,0.0,0.0,0.5136,0.48454,0.0,Ni,No, ,clean,Y,Y,Y,,N,,,,,,,,,,,,,,,,,,,,,,PEWXUL_clean,348.1
PEXFAA_clean,6.38992,4.78581,6.38785,0.722856,2527.72,3496.86,0.0,0.0,0.6962,0.963124,0.0,Mg,Yes,Mg,clean,N,Y,Y,,N,,,,,,,,,,,,,,,,,,,,,,PEXFAA_clean,106.1
PEXTUI_clean,5.13294,4.08127,4.81094,1.41697,1690.94,1193.35,0.0,0.0,0.6078,0.428944,0.0,Cd,Yes,Cd,clean,Y,Y,Y,,N,,,,,,,,,,,,,,,,,,,,,,PEXTUI_clean,145.6
PEYPAM_SL,6.47723,4.9888,6.46954,1.38224,1403.34,1015.27,0.0,0.0,0.5238,0.378951,0.0,Zn,No, ,SL,Y,Y,Y,,N,,,,,,,,,,,,,,,,,,,,,,PEYPAM_SL,304.7
PEYPIU_clean,4.73554,3.50341,4.73554,1.41341,845.394,598.124,0.0,0.0,0.4704,0.332812,0.0,Zn,No, ,clean,Y,Y,Y,,N,,,,,,,,,,,,,,,,,,,,,,PEYPIU_clean,300.9
PEYSIW_clean,5.69089,4.7197,5.69089,1.0552,1032.59,978.576,0.0,0.0,0.5102,0.483511,0.0,Ni,No, ,clean,Y,Y,Y,,N,,,,,,,,,,,,,,,,,,,,,,PEYSIW_clean,349.3
PEYVEV_clean,8.8911,6.60199,8.13016,1.41868,1212.67,854.793,531.685,374.776,0.6316,0.445204,0.0,In,Yes,In,clean,Y,Y,Y,,N,,,,,,,,,,,,,,,,,,,,,,PEYVEV_clean,194.2
PEZCII_clean,12.50562,10.18861,12.50562,0.9535,1419.23,1488.44,0.0,0.0,0.6362,0.667226,0.0,La,Yes,La,clean,Y,Y,Y,,N,,,,,,,,,,,,,,,,,,,,,,PEZCII_clean,297.8
PIBGAK_clean,6.08784,5.5601,6.06673,1.08232,1652.36,1526.68,0.0,0.0,0.6232,0.575798,0.0,Eu,Yes,Eu,clean,N,Y,Y,,N,,,,,,,,,,,,,,,,,,,,,,PIBGAK_clean,173.5
PIBNUK01_clean,15.37191,14.18335,15.35887,0.42304,1389.84,3285.35,0.0,0.0,0.8366,1.97759,0.0,Zn,Yes,Zn,clean,Y,Y,Y,,N,,,,,,,,,,,,,,,,,,,,,,PIBNUK01_clean,335.5
PIBNUK_clean,15.38411,14.18619,15.38378,0.422713,1393.02,3295.43,0.0,0.0,0.8378,1.98196,0.0,Zn,Yes,Zn,clean,Y,Y,Y,,N,,,,,,,,,,,,,,,,,,,,,,PIBNUK_clean,316.4
PIBPAS01_clean,10.22467,9.87308,10.22467,0.904434,1674.99,1851.98,0.0,0.0,0.6484,0.716913,0.0,Zn,Yes,Zn,clean,Y,Y,Y,,N,,,,,,,,,,,,,,,,,,,,,,PIBPAS01_clean,273.8
PIBPIA_clean,15.49369,14.25357,15.47411,0.458724,1374.44,2996.23,0.0,0.0,0.8362,1.82288,0.0,Cd,Yes,Cd,clean,Y,Y,Y,,N,,,,,,,,,,,,,,,,,,,,,,PIBPIA_clean,323.5
PICTIG_clean,7.17773,5.19524,7.1746,0.956819,2131.67,2227.87,0.0,0.0,0.65,0.679334,0.0,Zn,Yes,Zn,clean,Y,Y,Y,,N,,,,,,,,,,,,,,,,,,,,,,PICTIG_clean,170.5
PIDMEV01_clean,7.72003,4.28453,7.71744,1.05835,1674.28,1581.97,0.0,0.0,0.5974,0.564462,0.0,Zn,Yes,Zn,clean,Y,Y,Y,,N,,,,,,,,,,,,,,,,,,,,,,PIDMEV01_clean,203.0
PIDMEV_clean,7.7619,4.42953,7.71379,1.03258,1688.46,1635.19,0.0,0.0,0.5902,0.57158,0.0,Zn,Yes,Zn,clean,Y,Y,Y,,N,,,,,,,,,,,,,,,,,,,,,,PIDMEV_clean,198.5
PIGXUZ_clean,4.56718,3.56694,4.54309,1.41248,518.542,367.114,0.0,0.0,0.408,0.288854,0.0,Co,No, ,clean,Y,Y,Y,,N,,,,,,,,,,,,,,,,,,,,,,PIGXUZ_clean,366.4
PIHNUQ_clean,4.36505,3.62057,4.36492,1.46153,400.036,273.71,0.0,0.0,0.4114,0.281486,0.0,Zn,Yes,Zn,clean,Y,Y,Y,,N,,,,,,,,,,,,,,,,,,,,,,PIHNUQ_clean,336.0
PIHWAG_clean,8.27361,7.69473,8.27361,1.26901,1392.1,1096.99,0.0,0.0,0.5476,0.431516,0.0,La,No, ,clean,Y,Y,Y,,N,,,,,,,,,,,,,,,,,,,,,,PIHWAG_clean,179.0
PIHWOU_clean,4.6487,3.54073,4.5523,1.74456,1048.04,600.749,0.0,0.0,0.5644,0.32352,0.0,Zn,No, ,clean,Y,Y,Y,,N,,,,,,,,,,,,,,,,,,,,,,PIHWOU_clean,145.5
PIJDIX_clean,5.30724,3.52085,5.26545,1.71921,1128.44,656.369,0.0,0.0,0.5814,0.338178,0.0,Zn,Yes,Zn,clean,Y,Y,Y,,N,,,,,,,,,,,,,,,,,,,,,,PIJDIX_clean,170.5
PIJJEZ_clean,14.75395,5.96588,14.75395,0.935418,1803.08,1927.56,0.0,0.0,0.656,0.70129,0.0,Cd,No, ,clean,Y,Y,Y,,N,,,,,,,,,,,,,,,,,,,,,,PIJJEZ_clean,1641.2
PIJJOI_clean,6.12931,4.00789,6.08289,1.09199,859.144,786.767,2.75763,2.52532,0.5414,0.495791,0.0,Zn,No, ,clean,Y,Y,Y,,N,,,,,,,,,,,,,,,,,,,,,,PIJJOI_clean,262.3
PIJROR_clean,8.28575,7.67913,8.28575,1.27602,1385.29,1085.63,0.0,0.0,0.5522,0.432752,0.0,Ce,No, ,clean,Y,Y,Y,,N,,,,,,,,,,,,,,,,,,,,,,PIJROR_clean,189.6
PIQFIG_clean,9.19593,7.79711,9.19593,0.691873,2332.15,3370.77,0.0,0.0,0.7756,1.12101,0.0,"Cr,Mn",No, ,clean,Y,Y,Y,,N,,,,,,,,,,,,,,,,,,,,,,PIQFIG_clean,139.5
PIQMOT_clean,6.47127,5.32823,6.30186,1.23035,1074.68,873.471,0.0,0.0,0.4866,0.395496,0.0,Ce,No, ,clean,Y,Y,Y,,N,,,,,,,,,,,,,,,,,,,,,,PIQMOT_clean,324.3
PIQMUZ_clean,5.76653,4.2611,5.71921,1.16552,750.166,643.631,0.0,0.0,0.4826,0.414063,0.0,Ce,Yes,Ce,clean,Y,Y,Y,,N,,,,,,,,,,,,,,,,,,,,,,PIQMUZ_clean,357.8
PITPEP_clean,11.41966,9.93708,11.41966,0.952882,1649.81,1731.39,0.565272,0.593223,0.622,0.652757,0.0,Al,Yes,Al,clean,Y,Y,Y,,N,,,,,,,,,,,,,,,,,,,,,,PITPEP_clean,326.6
PIWSEV_clean,8.52736,7.61097,8.52736,0.846818,2044.34,2414.14,0.0,0.0,0.6702,0.791433,0.0,Zn,Yes,Zn,clean,Y,Y,Y,,N,,,,,,,,,,,,,,,,,,,,,,PIWSEV_clean,268.7
PIYZAZ_clean,7.00061,5.66568,7.00061,1.03548,2663.91,2572.62,0.0,0.0,0.7414,0.715993,0.0,Cd,No, ,clean,Y,Y,Y,,N,,,,,,,,,,,,,,,,,,,,,,PIYZAZ_clean,66.9
PIYZED01_clean,6.96517,5.63588,6.96517,1.04478,2626.41,2513.83,0.0,0.0,0.7254,0.694307,0.0,Cd,No, ,clean,Y,Y,Y,,N,,,,,,,,,,,,,,,,,,,,,,PIYZED01_clean,109.8
PIYZED02_clean,6.95041,5.62583,6.95041,1.04842,2625.12,2503.87,0.0,0.0,0.7248,0.691323,0.0,Cd,No, ,clean,Y,Y,Y,,N,,,,,,,,,,,,,,,,,,,,,,PIYZED02_clean,109.0
PIYZED03_clean,6.91935,5.60013,6.91935,1.05779,2618.81,2475.74,0.0,0.0,0.7212,0.681798,0.0,Cd,No, ,clean,Y,Y,Y,,N,,,,,,,,,,,,,,,,,,,,,,PIYZED03_clean,113.4
PIYZED_clean,7.00442,5.67284,7.00442,1.03221,2628.22,2546.21,0.0,0.0,0.7278,0.705091,0.0,Cd,No, ,clean,Y,Y,Y,,N,,,,,,,,,,,,,,,,,,,,,,PIYZED_clean,113.3
PIZHOX_clean,6.00527,4.8111,5.6775,0.960875,2065.34,2149.44,0.0,0.0,0.6412,0.667309,0.0,Cu,Yes,Cu,clean,Y,Y,Y,,N,,,,,,,,,,,,,,,,,,,,,,PIZHOX_clean,155.4
PIZNOB_clean_h,5.81424,4.85489,5.81424,1.50508,1940.53,1289.33,0.0,0.0,0.5884,0.390944,0.0,Eu,Yes,Eu,clean_h,N,Y,Y,,N,,,,,,,,,,,,,,,,,,,,,,PIZNOB_clean_h,148.4
PIZPAP_clean_h,5.02301,4.09369,4.55915,1.6437,1625.99,989.228,0.0,0.0,0.5662,0.344467,0.0,Tb,Yes,Tb,clean_h,N,Y,Y,,N,,,,,,,,,,,,,,,,,,,,,,PIZPAP_clean_h,189.5
PIZPET_clean_h,5.00612,4.07229,4.54032,1.30745,1650.65,1262.5,0.0,0.0,0.5638,0.431222,0.0,Y,Yes,Y,clean_h,N,Y,Y,,N,,,,,,,,,,,,,,,,,,,,,,PIZPET_clean_h,191.1
PIZPIX02_clean,4.8742,3.92497,4.87073,1.75108,1636.83,934.755,0.0,0.0,0.5514,0.314892,0.0,Er,Yes,Er,clean,Y,Y,Y,,N,,,,,,,,,,,,,,,,,,,,,,PIZPIX02_clean,185.0
PIZPIX_clean_h,4.99576,3.97323,4.53163,1.71361,1574.79,918.993,0.0,0.0,0.5616,0.32773,0.0,Er,Yes,Er,clean_h,N,Y,Y,,N,,,,,,,,,,,,,,,,,,,,,,PIZPIX_clean_h,192.5
PIZPOD_clean_h,4.95479,3.97477,4.74982,1.78246,1546.28,867.502,0.0,0.0,0.5566,0.312266,0.0,Lu,Yes,Lu,clean_h,N,Y,Y,,N,,,,,,,,,,,,,,,,,,,,,,PIZPOD_clean_h,191.0
PIZQUM_clean,5.38703,4.44024,5.38703,1.21672,1189.38,977.523,0.0,0.0,0.5254,0.431815,0.0,Cu,Yes,Cu,clean,Y,Y,Y,,N,,,,,,,,,,,,,,,,,,,,,,PIZQUM_clean,258.7
PIZRAT_clean,5.69309,4.64481,5.67801,1.18335,1207.09,1020.06,0.0,0.0,0.5368,0.453627,0.0,Cu,Yes,Cu,clean,Y,Y,Y,,N,,,,,,,,,,,,,,,,,,,,,,PIZRAT_clean,257.5
PIZRUN_clean,5.3818,4.43333,5.37307,1.2127,1196.95,987.011,0.0,0.0,0.5248,0.432754,0.0,Cu,Yes,Cu,clean,Y,Y,Y,,N,,,,,,,,,,,,,,,,,,,,,,PIZRUN_clean,272.3
PIZSAU_clean,5.7096,4.51588,5.7096,1.18019,1218.01,1032.05,0.0,0.0,0.5404,0.457893,0.0,Cu,Yes,Cu,clean,Y,Y,Y,,N,,,,,,,,,,,,,,,,,,,,,,PIZSAU_clean,253.2
POBMOJ01_clean,16.09028,3.85233,16.09028,1.0369,1784.32,1720.83,0.0,0.0,0.67,0.64616,0.0,Yb,Yes,Yb,clean,N,Y,Y,,N,,,,,,,,,,,,,,,,,,,,,,POBMOJ01_clean,330.2
POBNEA_clean,12.6133,10.84896,12.6133,0.646582,1753.98,2712.69,2.26513,3.50323,0.7374,1.14046,0.0,"Li,Co",Yes,Li,clean,Y,Y,Y,,N,,,,,,,,,,,,,,,,,,,,,,POBNEA_clean,98.9
POBVIN_clean,9.76079,6.4479,9.73092,0.869183,2049.78,2358.28,0.0,0.0,0.696,0.800752,0.0,"Zn,Mn",Yes,Zn,clean,Y,Y,Y,,N,,,,,,,,,,,,,,,,,,,,,,POBVIN_clean,808.0
POCPAZ_clean,6.39676,5.12111,6.38825,0.921688,1695.17,1839.2,6.74347,7.31643,0.6078,0.659442,0.0,Co,Yes,Co,clean,Y,Y,Y,,N,,,,,,,,,,,,,,,,,,,,,,POCPAZ_clean,392.9
PODKOK_clean,18.51885,8.56409,12.59731,0.489414,2180.69,4455.72,0.0,0.0,0.8128,1.66076,0.0,Cu,Yes,Cu,clean,Y,Y,Y,,N,,,,,,,,,,,,,,,,,,,,,,PODKOK_clean,392.5
PODKUQ_clean,22.31857,8.92625,14.18285,0.425765,2028.03,4763.26,0.0,0.0,0.8332,1.95695,0.0,Cu,Yes,Cu,clean,Y,Y,Y,,N,,,,,,,,,,,,,,,,,,,,,,PODKUQ_clean,427.5
PODVIP_clean,4.42056,3.62761,4.42056,2.28386,243.746,106.725,0.0,0.0,0.3946,0.172778,0.0,"Cu,U",Yes,"Cu,U",clean,N,Y,Y,,N,,,,,,,,,,,,,,,,,,,,,,PODVIP_clean,320.2
PODXEN_clean,5.34783,4.01094,5.34783,1.28087,710.366,554.597,0.0,0.0,0.4518,0.352729,0.0,Zn,Yes,Zn,clean,Y,Y,Y,,N,,,,,,,,,,,,,,,,,,,,,,PODXEN_clean,460.6
POFGUO_clean,5.1465,3.74676,5.14199,0.93374,1597.91,1711.3,0.0,0.0,0.5678,0.608092,0.0,Li,No, ,clean,Y,Y,Y,,N,,,,,,,,,,,,,,,,,,,,,,POFGUO_clean,414.3
POFSIN01_clean,6.99195,5.64457,6.99195,1.04057,2621.47,2519.27,0.0,0.0,0.7274,0.699041,0.0,Cd,No, ,clean,Y,Y,Y,,N,,,,,,,,,,,,,,,,,,,,,,POFSIN01_clean,113.2
POFSIN02_clean,6.98557,5.64932,6.97231,1.04143,2630.55,2525.91,0.0,0.0,0.7252,0.69635,0.0,Cd,No, ,clean,Y,Y,Y,,N,,,,,,,,,,,,,,,,,,,,,,POFSIN02_clean,110.6
POFSIN03_clean,6.95953,5.63255,6.95953,1.04557,2624.93,2510.51,0.0,0.0,0.7258,0.694164,0.0,Cd,No, ,clean,Y,Y,Y,,N,,,,,,,,,,,,,,,,,,,,,,POFSIN03_clean,109.3
POFSIN04_clean,6.97392,5.62462,6.97392,1.04699,2616.52,2499.1,0.0,0.0,0.7262,0.69361,0.0,Cd,No, ,clean,Y,Y,Y,,N,,,,,,,,,,,,,,,,,,,,,,POFSIN04_clean,109.2
POFSIN_clean,6.96628,5.64795,6.96628,1.04283,2632.71,2524.58,0.0,0.0,0.7246,0.694838,0.0,Cd,No, ,clean,Y,Y,Y,,N,,,,,,,,,,,,,,,,,,,,,,POFSIN_clean,109.9
POHCOG_clean,6.03433,4.98914,5.98921,1.54389,1290.39,835.809,0.0,0.0,0.5212,0.33759,0.0,"Ag,Fe",Yes,Ag,clean,Y,Y,Y,,N,,,,,,,,,,,,,,,,,,,,,,POHCOG_clean,197.8
POHWIU_clean,15.94965,10.39364,15.94872,0.460887,1949.35,4229.57,0.0,0.0,0.8104,1.75835,0.0,Co,Yes,Co,clean,Y,Y,Y,,N,,,,,,,,,,,,,,,,,,,,,,POHWIU_clean,147.4
POKGEC_clean,4.44927,3.87743,4.29992,1.20216,336.435,279.858,237.315,197.407,0.504,0.419245,0.0,Ni,Yes,Ni,clean,Y,Y,Y,,N,,,,,,,,,,,,,,,,,,,,,,POKGEC_clean,218.5
POKSAL_clean,5.16886,3.80347,5.16886,2.04384,546.746,267.509,0.0,0.0,0.4218,0.206376,0.0,"Yb,Cu",Yes,Yb,clean,Y,Y,Y,,N,,,,,,,,,,,,,,,,,,,,,,POKSAL_clean,352.7
POKSEP_clean,5.24976,3.94365,5.24501,1.70126,572.314,336.407,0.0,0.0,0.4264,0.250638,0.0,"Cu,Y",Yes,Y,clean,N,Y,Y,,N,,,,,,,,,,,,,,,,,,,,,,POKSEP_clean,346.5
POKSIT_clean,5.21903,3.84136,5.20793,2.02039,562.699,278.51,0.0,0.0,0.4168,0.206297,0.0,"Cu,Tm",Yes,Tm,clean,Y,Y,Y,,N,,,,,,,,,,,,,,,,,,,,,,POKSIT_clean,341.7
POKSOZ_clean,5.23291,4.00143,5.18374,1.95789,573.341,292.837,0.0,0.0,0.4166,0.21278,0.0,"Cu,Tb",Yes,Tb,clean,N,Y,Y,,N,,,,,,,,,,,,,,,,,,,,,,POKSOZ_clean,348.3
POKTIU_clean,5.25513,3.88718,5.24992,2.03578,584.018,286.877,0.0,0.0,0.4004,0.196682,0.0,"Cu,Lu",Yes,Lu,clean,Y,Y,Y,,N,,,,,,,,,,,,,,,,,,,,,,POKTIU_clean,304.9
POKVAO_clean,5.22916,3.84535,5.22916,1.97617,548.634,277.625,0.0,0.0,0.4172,0.211116,0.0,"Cu,Gd",Yes,Gd,clean,Y,Y,Y,,N,,,,,,,,,,,,,,,,,,,,,,POKVAO_clean,344.1
POLBEX_clean,8.55331,7.31354,8.46863,1.98623,1149.15,578.559,46.9518,23.6386,0.5414,0.272577,0.0,Ga,Yes,Ga,clean,Y,Y,Y,,N,,,,,,,,,,,,,,,,,,,,,,POLBEX_clean,205.3
POLBIB_clean,4.50015,3.80804,4.49155,1.64999,1209.33,732.928,0.0,0.0,0.534,0.323637,0.0,V,Yes,V,clean,Y,Y,Y,,N,,,,,,,,,,,,,,,,,,,,,,POLBIB_clean,108.6
POLBUN_clean,4.31477,3.58843,4.31278,2.39943,670.094,279.272,0.0,0.0,0.4488,0.187045,0.0,Ga,No, ,clean,Y,Y,Y,,N,,,,,,,,,,,,,,,,,,,,,,POLBUN_clean,154.5
POLDOK_clean,5.06326,4.95206,5.06326,1.44271,500.914,347.204,76.3428,52.9162,0.4724,0.327439,0.0,Cu,Yes,Cu,clean,Y,Y,Y,,N,,,,,,,,,,,,,,,,,,,,,,POLDOK_clean,340.3
POLDUQ_clean,5.0902,4.98067,5.0902,1.44184,520.517,361.01,59.0453,40.9514,0.471,0.326666,0.0,Cu,Yes,Cu,clean,Y,Y,Y,,N,,,,,,,,,,,,,,,,,,,,,,POLDUQ_clean,362.4
POLYEW_clean,5.14291,3.60228,5.14291,1.21883,774.169,635.173,0.0,0.0,0.4678,0.38381,0.0,Zn,Yes,Zn,clean,Y,Y,Y,,N,,,,,,,,,,,,,,,,,,,,,,POLYEW_clean,382.7
POMMAH_clean,14.83525,11.96507,14.83525,1.26278,1468.55,1162.95,199.616,158.076,0.7018,0.555756,0.00015838,"In,Cu",Yes,"Cu,In",clean,Y,Y,Y,,N,,,,,,,,,,,,,,,,,,,,,,POMMAH_clean,179.2
POMSER_clean,7.01968,3.83495,7.01968,1.10319,1326.02,1201.98,0.0,0.0,0.5236,0.474622,0.0,Ca,Yes,Ca,clean,N,Y,Y,,N,,,,,,,,,,,,,,,,,,,,,,POMSER_clean,274.4
POMSOB_clean,5.67937,4.56222,5.67937,1.11643,1180.95,1057.79,0.0,0.0,0.5376,0.481534,0.0,Ca,Yes,Ca,clean,N,Y,Y,,N,,,,,,,,,,,,,,,,,,,,,,POMSOB_clean,202.4
PONPOX_clean,4.5617,3.77666,4.56065,2.3716,853.999,360.095,0.0,0.0,0.4606,0.194215,0.0,Ga,No, ,clean,Y,Y,Y,,N,,,,,,,,,,,,,,,,,,,,,,PONPOX_clean,158.4
PONSOC_clean,7.4772,6.20805,7.45867,0.784087,1906.95,2432.06,0.0,0.0,0.6546,0.834856,0.0,Mn,Yes,Mn,clean,N,Y,Y,,N,,,,,,,,,,,,,,,,,,,,,,PONSOC_clean,404.7
PORGAE_clean,5.87412,3.87625,5.87412,2.28472,891.425,390.167,0.0,0.0,0.4496,0.196785,0.0,"Ga,Co",No, ,clean,Y,Y,Y,,N,,,,,,,,,,,,,,,,,,,,,,PORGAE_clean,176.9
PORLAL_clean,9.41867,8.86897,9.41275,1.10001,1269.94,1154.48,0.0,0.0,0.5682,0.516538,0.0,Gd,Yes,Gd,clean,Y,Y,Y,,N,,,,,,,,,,,,,,,,,,,,,,PORLAL_clean,254.1
PORLEP_clean,7.93943,4.67024,7.92199,1.76214,638.871,362.555,235.766,133.795,0.4966,0.281817,0.0,Cu,Yes,Cu,clean,Y,Y,Y,,N,,,,,,,,,,,,,,,,,,,,,,PORLEP_clean,505.8
PORVID_clean,7.37109,6.82741,7.37109,1.40599,1511.82,1075.27,0.0,0.0,0.5614,0.399292,0.0,Cu,Yes,Cu,clean,Y,Y,Y,,N,,,,,,,,,,,,,,,,,,,,,,PORVID_clean,173.8
PORVUO_clean,4.67797,3.97904,4.67797,1.06036,1507.72,1421.89,0.0,0.0,0.5284,0.498321,0.0,Zn,No, ,clean,Y,Y,Y,,N,,,,,,,,,,,,,,,,,,,,,,PORVUO_clean,200.8
POSFIO_clean,6.80619,3.42889,6.79194,1.15852,1000.28,863.415,0.0,0.0,0.5272,0.455065,0.0,Cu,Yes,Cu,clean,Y,Y,Y,,N,,,,,,,,,,,,,,,,,,,,,,POSFIO_clean,292.3
POSGAH_clean,6.19197,4.53531,6.16887,1.09324,1845.26,1687.87,0.0,0.0,0.5814,0.531812,0.0,Cd,No, ,clean,Y,Y,Y,,N,,,,,,,,,,,,,,,,,,,,,,POSGAH_clean,151.9
POTNET_clean,4.90891,3.62196,4.89268,1.35117,1395.4,1032.74,0.298007,0.220556,0.5558,0.411349,0.0,Cu,Yes,Cu,clean,Y,Y,Y,,N,,,,,,,,,,,,,,,,,,,,,,POTNET_clean,195.0
POTREX_clean,14.70007,10.79864,14.70007,0.483438,2025.11,4188.97,0.0,0.0,0.7802,1.61386,0.0,Co,Yes,Co,clean,Y,Y,Y,,N,,,,,,,,,,,,,,,,,,,,,,POTREX_clean,323.6
POYPAW_clean,7.97392,4.92371,7.96142,0.954107,1622.71,1700.76,0.0,0.0,0.5818,0.609785,0.0,"Cd,Ni",No, ,clean,Y,Y,Y,,N,,,,,,,,,,,,,,,,,,,,,,POYPAW_clean,378.6
POZHUI_ion_b,9.39252,3.7857,9.39207,1.30542,878.942,673.301,73.4571,56.2708,0.5296,0.405693,0.0,"Mg,In",No, ,ion_b,Y,Y,Y,,N,,,,,,,,,,,,,,,,,,,,,,POZHUI_ion_b,161.7
PUDSIR01_clean,6.99715,5.84689,6.98056,1.03177,2165.84,2099.14,0.0,0.0,0.6538,0.633665,0.0,Eu,Yes,Eu,clean,Y,Y,Y,,N,,,,,,,,,,,,,,,,,,,,,,PUDSIR01_clean,165.0
PUDSIR_clean,6.84685,5.37896,6.83632,1.0569,2169.92,2053.1,0.0,0.0,0.647,0.61217,0.0,Eu,Yes,Eu,clean,Y,Y,Y,,N,,,,,,,,,,,,,,,,,,,,,,PUDSIR_clean,166.4
PUDSOX_clean,7.03254,5.77219,7.03254,1.04422,2164.07,2072.42,0.0,0.0,0.654,0.626304,0.0,Gd,Yes,Gd,clean,Y,Y,Y,,N,,,,,,,,,,,,,,,,,,,,,,PUDSOX_clean,169.4
PUDSUD_clean,7.08521,6.02588,7.08155,0.996555,2169.83,2177.33,0.0,0.0,0.6624,0.66469,0.0,Nd,Yes,Nd,clean,Y,Y,Y,,N,,,,,,,,,,,,,,,,,,,,,,PUDSUD_clean,167.3
PUFRIR_clean,5.81593,4.39318,5.8122,0.99503,2005.1,2015.11,0.0,0.0,0.6314,0.634554,0.0,Gd,Yes,Gd,clean,Y,Y,Y,,N,,,,,,,,,,,,,,,,,,,,,,PUFRIR_clean,214.4
PUGGOP_clean,8.14998,6.76772,8.12163,0.920168,2113.5,2296.86,0.0,0.0,0.6298,0.68444,0.0,Mn,Yes,Mn,clean,Y,Y,Y,,N,,,,,,,,,,,,,,,,,,,,,,PUGGOP_clean,276.7
PUGPEO_clean,9.53093,8.66388,9.24995,1.0567,1899.67,1797.75,0.0,0.0,0.6656,0.629888,0.0,Eu,Yes,Eu,clean,Y,Y,Y,,N,,,,,,,,,,,,,,,,,,,,,,PUGPEO_clean,159.2
PUGSER_clean,9.40538,8.82837,9.39896,0.800645,2377.49,2969.47,0.0,0.0,0.7256,0.906269,0.0,Zn,Yes,Zn,clean,Y,Y,Y,,N,,,,,,,,,,,,,,,,,,,,,,PUGSER_clean,306.8
PUGSOB_clean,9.50607,8.86576,9.50607,0.864037,2169.58,2510.98,0.0,0.0,0.6944,0.803669,0.0,Zn,Yes,Zn,clean,Y,Y,Y,,N,,,,,,,,,,,,,,,,,,,,,,PUGSOB_clean,353.6
PUGSUH_clean,9.30915,8.71365,9.30507,0.821567,2358.23,2870.4,0.0,0.0,0.708,0.861767,0.0,Zn,Yes,Zn,clean,Y,Y,Y,,N,,,,,,,,,,,,,,,,,,,,,,PUGSUH_clean,326.0
PUJJEL_clean,9.07645,8.51256,9.07645,1.13917,1399.12,1228.2,0.0,0.0,0.572,0.502121,0.0,La,No, ,clean,Y,Y,Y,,N,,,,,,,,,,,,,,,,,,,,,,PUJJEL_clean,306.3
PUJQEQ_clean,7.62791,6.18953,7.62791,0.66886,2115.6,3163.0,0.0,0.0,0.6814,1.01875,0.0,Cu,Yes,Cu,clean,Y,Y,Y,,N,,,,,,,,,,,,,,,,,,,,,,PUJQEQ_clean,298.8
PUKSUL_clean,6.59798,4.14111,6.57182,1.5702,2804.07,1785.8,0.0,0.0,0.6962,0.443383,0.0,"W,Cu",Yes,Cu,clean,Y,Y,Y,,N,,,,,,,,,,,,,,,,,,,,,,PUKSUL_clean,91.4
PUKVAU_clean,6.34308,4.86227,6.34308,1.0986,1347.83,1226.86,0.0,0.0,0.5706,0.519389,0.0,Cu,Yes,Cu,clean,Y,Y,Y,,N,,,,,,,,,,,,,,,,,,,,,,PUKVAU_clean,286.5
PULMIU_clean,7.09135,4.01215,7.09135,1.0722,1770.87,1651.63,0.0,0.0,0.6158,0.574336,0.0,Zn,Yes,Zn,clean,Y,Y,Y,,N,,,,,,,,,,,,,,,,,,,,,,PULMIU_clean,287.9
PUMDIM_clean,7.80071,4.22996,5.62381,1.22507,393.72,321.387,874.299,713.674,0.564,0.460383,0.0,Co,Yes,Co,clean,Y,Y,Y,,N,,,,,,,,,,,,,,,,,,,,,,PUMDIM_clean,170.4
PUMGIP01_clean,5.45506,3.48614,5.2674,1.17898,397.642,337.276,548.508,465.24,0.493,0.418158,0.0,"Cd,V",Yes,V,clean,Y,Y,Y,,N,,,,,,,,,,,,,,,,,,,,,,PUMGIP01_clean,513.6
PUMNIV_clean,5.71977,3.98662,5.71104,1.66821,1567.24,939.473,0.0,0.0,0.6384,0.382685,0.0,"Cd,Hg",Yes,Cd,clean,N,Y,Y,,N,,,,,,,,,,,,,,,,,,,,,,PUMNIV_clean,97.6
PUMNOB_clean,5.46311,3.57221,5.46311,1.50782,1496.51,992.504,0.0,0.0,0.6142,0.407344,0.0,"Mn,Hg",Yes,Mn,clean,N,Y,Y,,N,,,,,,,,,,,,,,,,,,,,,,PUMNOB_clean,100.0
PUNSIB_clean,5.01625,3.57988,5.00209,1.32619,942.101,710.383,0.0,0.0,0.5344,0.402959,0.0,La,No, ,clean,Y,Y,Y,,N,,,,,,,,,,,,,,,,,,,,,,PUNSIB_clean,336.1
PUPHUE_clean,7.11215,6.70655,7.11215,0.937093,954.53,1018.61,0.0,0.0,0.5324,0.56814,0.0,Na,Yes,Na,clean,Y,Y,Y,,N,,,,,,,,,,,,,,,,,,,,,,PUPHUE_clean,379.7
PUQDOW_clean,5.15222,4.10448,5.15222,1.41779,682.397,481.312,0.0,0.0,0.4322,0.304841,0.0,Ag,No, ,clean,Y,Y,Y,,N,,,,,,,,,,,,,,,,,,,,,,PUQDOW_clean,381.1
PUQXUV_clean,5.37589,5.08075,5.29758,1.50363,233.241,155.118,324.657,215.915,0.4578,0.304462,0.0,Zn,Yes,Zn,clean,Y,Y,Y,,N,,,,,,,,,,,,,,,,,,,,,,PUQXUV_clean,322.3
PUQYAC_clean,5.36415,5.07421,5.36415,1.50028,235.559,157.01,320.725,213.777,0.4614,0.307543,0.0,Zn,Yes,Zn,clean,Y,Y,Y,,N,,,,,,,,,,,,,,,,,,,,,,PUQYAC_clean,318.8
PURJES_clean,6.1741,5.21501,6.1741,1.07844,1412.21,1309.49,0.0,0.0,0.5678,0.526503,0.0,Zn,Yes,Zn,clean,Y,Y,Y,,N,,,,,,,,,,,,,,,,,,,,,,PURJES_clean,372.9
PURJIW_clean,8.03037,6.16762,8.02661,0.894418,1849.84,2068.21,0.0,0.0,0.6498,0.726506,0.0,Zn,Yes,Zn,clean,Y,Y,Y,,N,,,,,,,,,,,,,,,,,,,,,,PURJIW_clean,350.3
PURNEX_clean,5.09479,3.51841,5.0825,3.89183,1036.85,266.417,0.0,0.0,0.4494,0.115473,0.0,"W,Cu,Si",Yes,W,clean,Y,Y,Y,,N,,,,,,,,,,,,,,,,,,,,,,PURNEX_clean,336.6
PURNIB_clean,4.73361,3.41508,4.65301,3.6233,403.306,111.309,0.0,0.0,0.3372,0.0930644,5.52e-05,"W,Co,Si,K,Cu",Yes,"W,Cu,Co",clean,Y,Y,Y,,N,,,,,,,,,,,,,,,,,,,,,,PURNIB_clean,483.5
PURSOK_clean,4.44828,3.48673,4.44828,1.3532,940.252,694.837,0.0,0.0,0.521,0.385014,0.0,Zn,Yes,Zn,clean,N,Y,Y,,N,,,,,,,,,,,,,,,,,,,,,,PURSOK_clean,178.3
PUTYEI_clean,6.07481,4.74641,6.03797,1.15301,1967.9,1706.74,0.0,0.0,0.6112,0.530089,0.0,Ag,No, ,clean,Y,Y,Y,,N,,,,,,,,,,,,,,,,,,,,,,PUTYEI_clean,182.5
PUVJOG_clean,5.99071,5.7142,5.99071,1.16612,1343.68,1152.27,0.0,0.0,0.5688,0.487772,0.0,V,No, ,clean,Y,Y,Y,,N,,,,,,,,,,,,,,,,,,,,,,PUVJOG_clean,133.2
PUWCUF_clean,5.62914,3.92719,5.62914,1.20596,1932.54,1602.49,0.0,0.0,0.6014,0.49869,0.0,Zn,Yes,Zn,clean,Y,Y,Y,,N,,,,,,,,,,,,,,,,,,,,,,PUWCUF_clean,193.3
PUWDAM_clean,9.00542,5.91155,9.00542,0.805702,2374.94,2947.67,0.0,0.0,0.7118,0.883453,0.0,Zn,No, ,clean,Y,Y,Y,,N,,,,,,,,,,,,,,,,,,,,,,PUWDAM_clean,187.9
PUWDIU_clean,8.22754,6.95777,8.22754,1.0931,2055.27,1880.23,0.0,0.0,0.6384,0.584028,0.0,Zn,Yes,Zn,clean,Y,Y,Y,,N,,,,,,,,,,,,,,,,,,,,,,PUWDIU_clean,207.1
PUWDOA_clean,10.50578,8.82117,10.50578,0.768678,1898.43,2469.74,0.0,0.0,0.689,0.896344,0.0,Zn,Yes,Zn,clean,Y,Y,Y,,N,,,,,,,,,,,,,,,,,,,,,,PUWDOA_clean,304.7
PUWVAG_clean,4.80954,3.64569,4.72725,1.26832,891.081,702.566,0.0,0.0,0.4874,0.384287,0.0,Zn,Yes,Zn,clean,N,Y,Y,,N,,,,,,,,,,,,,,,,,,,,,,PUWVAG_clean,251.9
PUWXAH_clean,4.52797,3.58309,4.52797,1.5745,738.046,468.749,0.0,0.0,0.4104,0.260654,0.0,Mn,No, ,clean,N,Y,Y,,N,,,,,,,,,,,,,,,,,,,,,,PUWXAH_clean,274.8
PUYHOI_clean,8.13748,6.87673,8.13748,1.50852,1009.54,669.222,0.0,0.0,0.5634,0.373478,0.0,"Gd,Ni",Yes,Ni,clean,Y,Y,Y,,N,,,,,,,,,,,,,,,,,,,,,,PUYHOI_clean,183.2
PUYZUF_clean,5.69776,3.92558,5.6607,1.26995,1498.86,1180.25,0.0,0.0,0.59,0.464585,0.0,Cd,No, ,clean,Y,Y,Y,,N,,,,,,,,,,,,,,,,,,,,,,PUYZUF_clean,146.5
PUZJOL_clean,4.83061,4.03981,4.83061,1.24259,1148.92,924.616,0.0,0.0,0.519,0.417676,0.0,Mg,No, ,clean,Y,Y,Y,,N,,,,,,,,,,,,,,,,,,,,,,PUZJOL_clean,150.8
PUZKOM_clean,5.73239,3.68789,5.71092,1.28608,1004.7,781.21,0.0,0.0,0.5098,0.396397,0.0,Zn,Yes,Zn,clean,Y,Y,Y,,N,,,,,,,,,,,,,,,,,,,,,,PUZKOM_clean,289.1
PUZKUS_clean,5.50979,4.91819,5.49321,1.14051,1329.3,1165.53,0.0,0.0,0.5506,0.482765,0.0,Mg,Yes,Mg,clean,N,Y,Y,,N,,,,,,,,,,,,,,,,,,,,,,PUZKUS_clean,189.8
PUZLAZ_clean,6.70975,6.33216,6.70975,1.05033,2275.23,2166.2,0.0,0.0,0.6682,0.636179,0.0,In,No, ,clean,Y,Y,Y,,N,,,,,,,,,,,,,,,,,,,,,,PUZLAZ_clean,138.6
PUZLUS_clean,15.09144,8.39804,15.08737,0.46153,2323.48,5034.3,0.0,0.0,0.8014,1.7364,0.0,Co,No, ,clean,Y,Y,Y,,N,,,,,,,,,,,,,,,,,,,,,,PUZLUS_clean,330.1
PUZMAZ_manual,16.4214,9.23775,16.40927,0.447552,2179.79,4870.46,0.0,0.0,0.7972,1.78124,0.0,Co,No, ,manual,Y,Y,Y,,N,,,,,,,,,,,,,,,,,,,,,,PUZMAZ_manual,2276.7
PUZTOV_clean,7.33778,6.60028,7.33778,1.18441,1668.47,1408.69,0.0,0.0,0.6108,0.5157,0.0,"Ca,Cd",Yes,Cd,clean,Y,Y,Y,,N,,,,,,,,,,,,,,,,,,,,,,PUZTOV_clean,339.2
PYDCUT_clean,5.31645,4.73242,5.31645,1.56466,1273.49,813.911,0.0,0.0,0.5466,0.349342,0.0,Cu,No, ,clean,Y,Y,Y,,N,,,,,,,,,,,,,,,,,,,,,,PYDCUT_clean,113.1
QADBII_clean,4.90485,4.23271,4.90165,1.42586,539.675,378.491,0.0,0.0,0.4884,0.34253,0.0,Sn,No, ,clean,Y,Y,Y,,N,,,,,,,,,,,,,,,,,,,,,,QADBII_clean,247.0
QADWEA_clean,4.644,4.03482,4.644,1.80951,763.808,422.108,0.0,0.0,0.4542,0.251007,0.0,Eu,No, ,clean,Y,Y,Y,,N,,,,,,,,,,,,,,,,,,,,,,QADWEA_clean,185.3
QADWIE_clean,4.58512,3.92708,4.57664,1.84741,722.607,391.146,0.0,0.0,0.4522,0.244775,0.0,Gd,No, ,clean,Y,Y,Y,,N,,,,,,,,,,,,,,,,,,,,,,QADWIE_clean,186.2
QADWOK_clean,4.58729,3.99418,4.55638,1.86546,733.177,393.026,0.0,0.0,0.4474,0.239833,0.0,Tb,No, ,clean,Y,Y,Y,,N,,,,,,,,,,,,,,,,,,,,,,QADWOK_clean,185.7
QADWUQ_clean,4.54229,3.95239,4.49763,1.89145,716.655,378.892,0.0,0.0,0.4464,0.236009,0.0,Dy,No, ,clean,Y,Y,Y,,N,,,,,,,,,,,,,,,,,,,,,,QADWUQ_clean,186.3
QADXAX_clean,4.50897,3.9304,4.4621,1.90926,707.48,370.552,0.0,0.0,0.4456,0.233389,0.0,Ho,No, ,clean,N,Y,Y,,N,,,,,,,,,,,,,,,,,,,,,,QADXAX_clean,188.1
QAGDIO_clean,12.81046,10.08472,12.79582,0.728225,1959.77,2691.16,0.0,0.0,0.7164,0.983763,0.0,Cu,Yes,Cu,clean,Y,Y,Y,,N,,,,,,,,,,,,,,,,,,,,,,QAGDIO_clean,230.8
QAGQEW_clean,16.48295,9.14033,16.48295,0.959417,1239.84,1292.29,398.029,414.866,0.701,0.730652,0.0,Cd,Yes,Cd,clean,Y,Y,Y,,N,,,,,,,,,,,,,,,,,,,,,,QAGQEW_clean,418.2
QAGTOH_clean,4.99286,4.09874,4.71178,1.12214,865.652,771.429,0.0,0.0,0.4996,0.44522,0.0,Cu,No, ,clean,Y,Y,Y,,N,,,,,,,,,,,,,,,,,,,,,,QAGTOH_clean,297.1
QAHQOH_clean,6.29485,5.24442,6.29485,1.04558,2001.85,1914.57,0.0,0.0,0.6266,0.599282,0.0,Y,Yes,Y,clean,N,Y,Y,,N,,,,,,,,,,,,,,,,,,,,,,QAHQOH_clean,198.6
QAJKIV_clean,4.24125,3.62097,4.24125,2.37718,709.122,298.303,0.258537,0.108758,0.4518,0.190057,0.0,Ga,No, ,clean,Y,Y,Y,,N,,,,,,,,,,,,,,,,,,,,,,QAJKIV_clean,161.8
QALGUH_SL,7.81866,7.32218,7.81866,0.998911,1796.0,1797.96,0.0,0.0,0.6356,0.636293,0.0,Cr,No, ,SL,Y,Y,Y,,N,,,,,,,,,,,,,,,,,,,,,,QALGUH_SL,130.0
QALHAO_clean,7.68357,4.14824,7.68357,1.41986,1680.89,1183.84,0.0,0.0,0.6244,0.439761,0.0,Cu,Yes,Cu,clean,Y,Y,Y,,N,,,,,,,,,,,,,,,,,,,,,,QALHAO_clean,547.5
QALHES_clean,7.67318,4.16213,7.67318,1.424,1678.65,1178.83,0.0,0.0,0.625,0.438904,0.0,Cu,Yes,Cu,clean,Y,Y,Y,,N,,,,,,,,,,,,,,,,,,,,,,QALHES_clean,534.5
QALHIX_clean,10.92504,5.92348,10.86207,0.740473,2226.36,3006.67,0.00873198,0.0117924,0.7394,0.998552,0.0,Cd,Yes,Cd,clean,Y,Y,Y,,N,,,,,,,,,,,,,,,,,,,,,,QALHIX_clean,399.6
QALWUV_clean,7.07527,5.39947,6.79315,0.842522,2364.13,2806.02,0.0,0.0,0.7084,0.840809,0.0,"Sn,Fe",No, ,clean,Y,Y,Y,,N,,,,,,,,,,,,,,,,,,,,,,QALWUV_clean,251.6
QAMVEH01_clean,5.82556,4.59087,5.81673,0.990751,1901.06,1918.81,0.0,0.0,0.6228,0.628614,0.0,Ce,Yes,Ce,clean,Y,Y,Y,,N,,,,,,,,,,,,,,,,,,,,,,QAMVEH01_clean,249.5
QAPQEE_clean,4.84641,3.70884,4.84641,1.26705,1206.55,952.253,0.0,0.0,0.5406,0.426661,0.0,Ag,Yes,Ag,clean,Y,Y,Y,,N,,,,,,,,,,,,,,,,,,,,,,QAPQEE_clean,182.1
QAQHOG_clean,4.07536,3.5864,4.07536,2.36311,463.12,195.979,0.0,0.0,0.3764,0.159282,0.0,"Ga,Ti",Yes,Ti,clean,Y,Y,Y,,N,,,,,,,,,,,,,,,,,,,,,,QAQHOG_clean,248.2
QAQMON_clean,13.97996,12.87565,13.97503,0.607595,2338.25,3848.36,0.0,0.0,0.7644,1.25807,0.0,Cu,Yes,Cu,clean,Y,Y,Y,,N,,,,,,,,,,,,,,,,,,,,,,QAQMON_clean,241.7
QAQNOO_clean,9.00524,7.79992,9.00524,0.836247,1935.23,2314.19,0.0,0.0,0.674,0.805982,0.0,"Cu,Ni",Yes,Cu,clean,Y,Y,Y,,N,,,,,,,,,,,,,,,,,,,,,,QAQNOO_clean,257.2
QAQRUW_clean,6.65732,4.64818,6.52021,0.851853,2010.6,2360.27,0.0,0.0,0.621,0.728999,0.0,Mg,Yes,Mg,clean,Y,Y,Y,,N,,,,,,,,,,,,,,,,,,,,,,QAQRUW_clean,243.6
QAQSAD_clean,5.24683,3.85843,5.23776,1.22144,1138.43,932.039,0.0,0.0,0.537,0.439646,0.0,Zn,Yes,Zn,clean,Y,Y,Y,,N,,,,,,,,,,,,,,,,,,,,,,QAQSAD_clean,181.6
QARCET_clean,5.6311,3.58556,5.5035,1.43101,772.342,539.717,0.0,0.0,0.4414,0.308453,0.0,Zn,No, ,clean,Y,Y,Y,,N,,,,,,,,,,,,,,,,,,,,,,QARCET_clean,266.8
QASSUZ_clean,8.20384,7.94678,8.20384,1.22317,850.148,695.037,0.0,0.0,0.3894,0.318353,0.0,"Fe,K",Yes,K,clean,Y,Y,Y,,N,,,,,,,,,,,,,,,,,,,,,,QASSUZ_clean,271.6
QATHOK_clean,9.29834,6.48945,9.29621,1.21668,1222.78,1005.01,0.0,0.0,0.5554,0.456489,0.0,Cd,No, ,clean,Y,Y,Y,,N,,,,,,,,,,,,,,,,,,,,,,QATHOK_clean,262.6
QATKII_clean,5.10915,3.79672,5.10915,1.21674,1321.26,1085.9,0.0,0.0,0.55,0.452026,0.0,Eu,No, ,clean,Y,Y,Y,,N,,,,,,,,,,,,,,,,,,,,,,QATKII_clean,222.8
QATKOO_clean,5.44759,3.80722,5.43097,1.23164,1414.07,1148.12,0.0581087,0.0471799,0.5662,0.459712,0.0,Tb,No, ,clean,Y,Y,Y,,N,,,,,,,,,,,,,,,,,,,,,,QATKOO_clean,218.1
QATLEE_clean,5.57595,4.31452,5.57595,1.46536,813.962,555.469,0.0,0.0,0.467,0.318693,0.0,Zn,Yes,Zn,clean,Y,Y,Y,,N,,,,,,,,,,,,,,,,,,,,,,QATLEE_clean,489.1
QATPOR_clean,4.01523,3.48616,4.00077,2.44828,405.938,165.805,0.0,0.0,0.3718,0.151862,0.0,"Ga,Ti",Yes,Ti,clean,Y,Y,Y,,N,,,,,,,,,,,,,,,,,,,,,,QATPOR_clean,261.6
QATVUE_clean,6.38161,3.71559,6.38161,1.03389,1164.63,1126.45,0.0,0.0,0.5572,0.538935,0.0,Cu,No, ,clean,Y,Y,Y,,N,,,,,,,,,,,,,,,,,,,,,,QATVUE_clean,267.6
QATXIU_clean,7.14794,6.36836,7.14653,1.22477,1332.85,1088.25,75.8051,61.8933,0.5956,0.486296,0.0,Cd,No, ,clean,Y,Y,Y,,N,,,,,,,,,,,,,,,,,,,,,,QATXIU_clean,804.1
QAVBUL_clean,12.14778,9.97355,12.14778,1.03126,1437.46,1393.89,0.0,0.0,0.626,0.607023,0.0,Tb,Yes,Tb,clean,Y,Y,Y,,N,,,,,,,,,,,,,,,,,,,,,,QAVBUL_clean,182.5
QAVPIO_clean,5.30738,4.3707,5.28519,1.74559,1115.19,638.858,0.0,0.0,0.453,0.25951,0.0,Al,No, ,clean,Y,Y,Y,,N,,,,,,,,,,,,,,,,,,,,,,QAVPIO_clean,199.5
QAVWAN_clean,6.3577,4.74176,6.3577,1.14455,1283.39,1121.31,0.0,0.0,0.5318,0.464638,0.0,Zn,Yes,Zn,clean,Y,Y,Y,,N,,,,,,,,,,,,,,,,,,,,,,QAVWAN_clean,329.8
QAWDID_clean,8.86764,6.4582,8.76206,0.663333,2493.74,3759.41,0.0,0.0,0.781,1.17739,0.0,"Mg,Zn",Yes,"Mg,Zn",clean,Y,Y,Y,,N,,,,,,,,,,,,,,,,,,,,,,QAWDID_clean,62.6
QAWPIO_clean,5.34571,3.76875,5.30515,1.53902,932.084,605.634,189.024,122.821,0.49,0.318384,0.0,"Ni,V",Yes,V,clean,Y,Y,Y,,N,,,,,,,,,,,,,,,,,,,,,,QAWPIO_clean,165.0
QAWREM_clean,4.54212,3.52572,4.54212,1.85502,694.124,374.186,0.0,0.0,0.4334,0.233636,0.0,Eu,Yes,Eu,clean,N,Y,Y,,N,,,,,,,,,,,,,,,,,,,,,,QAWREM_clean,284.4
QAWRIQ_clean,4.49398,3.4919,4.49398,1.89418,683.645,360.919,0.0,0.0,0.429,0.226483,0.0,Gd,Yes,Gd,clean,N,Y,Y,,N,,,,,,,,,,,,,,,,,,,,,,QAWRIQ_clean,281.4
QEBGAH_clean,5.50168,5.08562,5.49191,1.08026,1235.17,1143.4,0.0,0.0,0.5322,0.492658,0.0,Co,No, ,clean,Y,Y,Y,,N,,,,,,,,,,,,,,,,,,,,,,QEBGAH_clean,213.6
QEBGEL_clean,6.08453,4.84553,6.08453,1.01993,1460.11,1431.58,0.0,0.0,0.5522,0.54141,0.0,Co,No, ,clean,Y,Y,Y,,N,,,,,,,,,,,,,,,,,,,,,,QEBGEL_clean,268.8
QEBKUF_SL,9.81772,5.95471,9.68668,0.686123,2457.39,3581.56,0.0,0.0,0.7136,1.04005,0.0,Zn,No, ,SL,Y,Y,Y,,N,,,,,,,,,,,,,,,,,,,,,,QEBKUF_SL,456.8
QEFNAQ_clean,6.2895,4.867,6.2895,1.2915,870.104,673.714,94.8179,73.4166,0.5222,0.404335,0.0,Cu,Yes,Cu,clean,Y,Y,Y,,N,,,,,,,,,,,,,,,,,,,,,,QEFNAQ_clean,196.0
QEFWUV_clean,32.36037,28.26773,32.35632,0.473548,1565.06,3304.96,0.0,0.0,0.826,1.74428,0.000422344,"Zr,Fe",Yes,Zr,clean,Y,Y,Y,,N,,,,,,,,,,,,,,,,,,,,,,QEFWUV_clean,201.9
QEGHEP_clean,5.21452,3.49325,5.21452,1.29869,492.691,379.376,29.3469,22.5974,0.4466,0.343886,0.0,"Ni,Fe",No, ,clean,Y,Y,Y,,N,,,,,,,,,,,,,,,,,,,,,,QEGHEP_clean,745.6
QEJYIP_clean,5.79435,3.44834,5.51643,1.42081,1141.45,803.374,0.0,0.0,0.5468,0.38485,0.0,Cd,No, ,clean,Y,Y,Y,,N,,,,,,,,,,,,,,,,,,,,,,QEJYIP_clean,232.7
QEPZOB_clean,6.00756,3.91744,6.00756,0.930353,1597.61,1717.21,0.801378,0.86137,0.6088,0.654376,0.0,Cu,Yes,Cu,clean,Y,Y,Y,,N,,,,,,,,,,,,,,,,,,,,,,QEPZOB_clean,244.5
QEQZUH_clean,7.20474,5.54936,7.20474,2.98733,1121.05,375.269,0.0,0.0,0.4558,0.152577,0.0,Np,No, ,clean,Y,Y,Y,,N,,,,,,,,,,,,,,,,,,,,,,QEQZUH_clean,213.1
QERWAL_clean,6.23685,3.59052,6.23393,0.96089,1663.57,1731.28,0.0,0.0,0.5974,0.621716,0.0,Ni,No, ,clean,Y,Y,Y,,N,,,,,,,,,,,,,,,,,,,,,,QERWAL_clean,282.7
QERZUI01_clean,4.40066,3.54145,4.40066,1.45403,577.348,397.068,0.0,0.0,0.4282,0.294492,0.0,Cu,Yes,Cu,clean,Y,Y,Y,,N,,,,,,,,,,,,,,,,,,,,,,QERZUI01_clean,265.9
QESLOQ_clean,6.6747,4.69389,6.6747,2.0556,1217.11,592.095,0.0,0.0,0.5328,0.259195,0.0,In,Yes,In,clean,Y,Y,Y,,N,,,,,,,,,,,,,,,,,,,,,,QESLOQ_clean,158.3
QESYOD_clean,7.06657,4.49673,7.06657,1.70049,1062.54,624.842,0.0,0.0,0.5092,0.299443,0.0,Cu,No, ,clean,Y,Y,Y,,N,,,,,,,,,,,,,,,,,,,,,,QESYOD_clean,243.1
QETCUO_clean,6.89128,4.79138,6.89128,1.23174,1603.73,1302.0,0.0,0.0,0.5742,0.46617,0.0,Gd,Yes,Gd,clean,N,Y,Y,,N,,,,,,,,,,,,,,,,,,,,,,QETCUO_clean,186.4
QETHUT_clean,5.64185,3.41958,5.64104,1.68813,1127.74,668.04,0.0,0.0,0.4972,0.294527,0.0,Al,No, ,clean,Y,Y,Y,,N,,,,,,,,,,,,,,,,,,,,,,QETHUT_clean,209.6
QEVKOS_clean,4.71244,3.94029,4.71244,1.86641,753.543,403.738,0.0,0.0,0.4654,0.249355,0.0,"W,Cu",No, ,clean,Y,Y,Y,,N,,,,,,,,,,,,,,,,,,,,,,QEVKOS_clean,268.3
QEWDON_clean,6.85219,4.97206,6.85219,1.41693,1021.65,721.035,55.4121,39.1073,0.5212,0.367839,0.0,Zn,Yes,Zn,clean,Y,Y,Y,,N,,,,,,,,,,,,,,,,,,,,,,QEWDON_clean,241.9
QEZZOL_clean,6.25588,3.45747,6.04611,1.73068,941.451,543.977,0.0,0.0,0.483,0.279081,0.0,"W,Cu",Yes,Cu,clean,Y,Y,Y,,N,,,,,,,,,,,,,,,,,,,,,,QEZZOL_clean,221.4
QIGBIR_clean,5.14127,4.23557,5.11201,2.30609,2556.32,1108.51,0.0,0.0,0.6426,0.278653,0.0,"Mn,Re",Yes,"Mn,Re",clean,N,Y,Y,,N,,,,,,,,,,,,,,,,,,,,,,QIGBIR_clean,94.0
QIHXIQ_clean,9.72743,8.74819,9.72743,0.867164,1773.91,2045.64,0.0,0.0,0.6572,0.757873,0.0,Zn,Yes,Zn,clean,Y,Y,Y,,N,,,,,,,,,,,,,,,,,,,,,,QIHXIQ_clean,179.2
QIJLAW_clean,8.05446,5.26641,8.05325,0.671267,2454.25,3656.15,0.0,0.0,0.7174,1.06873,0.0,Mn,No, ,clean,Y,Y,Y,,N,,,,,,,,,,,,,,,,,,,,,,QIJLAW_clean,122.5
QIPROY_clean,5.10002,3.64368,4.72082,0.794412,2326.28,2928.3,0.0,0.0,0.6568,0.826775,0.0,Cu,Yes,Cu,clean,Y,Y,Y,,N,,,,,,,,,,,,,,,,,,,,,,QIPROY_clean,147.0
QIQTAN_clean,5.97055,4.70307,5.97055,1.22492,943.091,769.92,0.0,0.0,0.5008,0.408843,0.0,Ni,Yes,Ni,clean,Y,Y,Y,,N,,,,,,,,,,,,,,,,,,,,,,QIQTAN_clean,318.3
QIQZIB_clean,8.62906,4.33786,8.62906,1.28033,1914.7,1495.48,0.0,0.0,0.6336,0.494873,0.0,Cu,Yes,Cu,clean,Y,Y,Y,,N,,,,,,,,,,,,,,,,,,,,,,QIQZIB_clean,249.9
QIRWAR_clean,5.03603,3.89356,5.03603,1.34872,1809.31,1341.5,0.0,0.0,0.6038,0.447684,0.0,Cu,Yes,Cu,clean,Y,Y,Y,,N,,,,,,,,,,,,,,,,,,,,,,QIRWAR_clean,182.7
QIRYAS_clean,6.80431,4.28089,6.76896,1.43909,1279.9,889.381,0.0,0.0,0.5066,0.352029,0.0,Co,Yes,Co,clean,Y,Y,Y,,N,,,,,,,,,,,,,,,,,,,,,,QIRYAS_clean,186.6
QISNAJ_clean,6.86275,5.39635,6.82883,1.05954,2863.52,2702.61,0.0,0.0,0.7298,0.688789,0.0,Cd,Yes,Cd,clean,N,Y,Y,,N,,,,,,,,,,,,,,,,,,,,,,QISNAJ_clean,88.3
QISNEN_clean,6.73584,5.39558,6.7159,1.14249,2865.04,2507.71,0.0,0.0,0.739,0.646833,0.0,Cd,Yes,Cd,clean,N,Y,Y,,N,,,,,,,,,,,,,,,,,,,,,,QISNEN_clean,88.8
QISNIR_clean,6.57248,5.45743,6.53468,1.21872,2929.79,2404.0,0.0,0.0,0.7294,0.598499,0.0,Cd,Yes,Cd,clean,N,Y,Y,,N,,,,,,,,,,,,,,,,,,,,,,QISNIR_clean,91.5
QITDOO_clean,4.51149,3.70593,4.5073,1.60486,623.741,388.657,0.0,0.0,0.4184,0.260708,0.0,La,Yes,La,clean,Y,Y,Y,,N,,,,,,,,,,,,,,,,,,,,,,QITDOO_clean,466.4
QITXAU_clean,5.33833,4.09777,5.32992,1.02323,1464.2,1430.95,0.0,0.0,0.5698,0.556862,0.0,Zn,No, ,clean,Y,Y,Y,,N,,,,,,,,,,,,,,,,,,,,,,QITXAU_clean,219.0
QITYOI_clean,5.05446,3.86932,5.05446,1.38238,1280.1,926.009,0.0,0.0,0.5378,0.389038,0.0,Pr,Yes,Pr,clean,Y,Y,Y,,N,,,,,,,,,,,,,,,,,,,,,,QITYOI_clean,200.6
QIVJAG_clean,6.03486,4.47657,5.9683,0.924756,2925.59,3163.63,0.0,0.0,0.7036,0.760849,0.0,"Cr,Mn",Yes,Mn,clean,Y,Y,Y,,N,,,,,,,,,,,,,,,,,,,,,,QIVJAG_clean,101.0
QIVQAP_clean,5.96532,3.96258,5.96532,1.08722,942.027,866.452,0.0,0.0,0.4728,0.434869,0.00073582,"K,Co",Yes,"K,Co",clean,N,Y,Y,,N,,,,,,,,,,,,,,,,,,,,,,QIVQAP_clean,1676.8
QIVYUR_clean,4.21696,3.7868,4.20902,1.26329,745.535,590.155,0.0,0.0,0.457,0.361755,0.0,Zn,No, ,clean,Y,Y,Y,,N,,,,,,,,,,,,,,,,,,,,,,QIVYUR_clean,336.6
QIWCOQ_clean,7.90536,6.37424,7.89587,0.88756,1705.8,1921.9,0.0,0.0,0.6366,0.717248,0.0,Cu,Yes,Cu,clean,Y,Y,Y,,N,,,,,,,,,,,,,,,,,,,,,,QIWCOQ_clean,256.4
QIWDOR_clean,4.59203,4.06699,4.58575,1.55074,682.335,440.007,0.0,0.0,0.3988,0.257168,0.0,Cu,Yes,Cu,clean,Y,Y,Y,,N,,,,,,,,,,,,,,,,,,,,,,QIWDOR_clean,295.8
QIWGOU_clean,4.95412,3.59777,4.40809,1.51133,204.724,135.46,222.59,147.281,0.4446,0.294179,0.0,"Ru,Sr",Yes,Sr,clean,N,Y,Y,,N,,,,,,,,,,,,,,,,,,,,,,QIWGOU_clean,604.1
QIWPET_clean,6.87756,5.53647,6.83784,1.18214,1480.3,1252.22,0.0,0.0,0.543,0.459336,0.0,Mg,Yes,Mg,clean,Y,Y,Y,,N,,,,,,,,,,,,,,,,,,,,,,QIWPET_clean,166.0
QIXNES_clean,5.40564,4.53621,5.32703,1.33406,1524.22,1142.54,0.0,0.0,0.5456,0.408976,0.0,Y,Yes,Y,clean,Y,Y,Y,,N,,,,,,,,,,,,,,,,,,,,,,QIXNES_clean,151.0
QIXNIW_clean,5.3327,4.51343,5.26398,1.68575,1489.56,883.622,0.0,0.0,0.5396,0.320096,0.0,Er,Yes,Er,clean,Y,Y,Y,,N,,,,,,,,,,,,,,,,,,,,,,QIXNIW_clean,151.7
QIXSOG01_clean,7.54214,5.04155,7.54214,0.607311,2915.58,4800.8,0.0,0.0,0.7764,1.27842,0.0,"Cu,Mn",Yes,Cu,clean,Y,Y,Y,,N,,,,,,,,,,,,,,,,,,,,,,QIXSOG01_clean,90.6
QIXSOG_clean,7.51562,5.04263,7.51562,0.608086,2919.24,4800.71,0.0,0.0,0.776,1.27614,0.0,"Cu,Mn",Yes,Cu,clean,Y,Y,Y,,N,,,,,,,,,,,,,,,,,,,,,,QIXSOG_clean,124.6
QIYDAF_clean,22.97967,8.76388,22.97967,0.403152,1832.34,4545.03,0.0,0.0,0.8334,2.06721,0.0,Cu,Yes,Cu,clean,Y,Y,Y,,N,,,,,,,,,,,,,,,,,,,,,,QIYDAF_clean,270.1
QIYDEJ_clean,22.48969,11.55679,22.48969,0.431427,1897.73,4398.73,0.0,0.0,0.814,1.88676,0.0,Cu,Yes,Cu,clean,Y,Y,Y,,N,,,,,,,,,,,,,,,,,,,,,,QIYDEJ_clean,299.5
QIYDIN01_clean,21.60142,10.45655,21.53105,0.395741,1819.65,4598.09,0.0,0.0,0.8328,2.10441,0.0,Cu,Yes,Cu,clean,Y,Y,Y,,N,,,,,,,,,,,,,,,,,,,,,,QIYDIN01_clean,1137.8
QIYDIN_clean,29.975,15.02249,29.83505,0.197643,1310.13,6628.79,0.0,0.0,0.9182,4.64576,0.0,Cu,Yes,Cu,clean,Y,Y,Y,,N,,,,,,,,,,,,,,,,,,,,,,QIYDIN_clean,125.1
QIYDOT_clean,19.81856,17.06364,19.63981,0.211978,1346.05,6349.95,0.0,0.0,0.9118,4.30139,0.0,Cu,Yes,Cu,clean,Y,Y,Y,,N,,,,,,,,,,,,,,,,,,,,,,QIYDOT_clean,144.5
QIZLIW_clean,6.45845,5.65073,6.45505,1.52092,1546.0,1016.49,0.0,0.0,0.5696,0.374511,0.0,Cu,Yes,Cu,clean,Y,Y,Y,,N,,,,,,,,,,,,,,,,,,,,,,QIZLIW_clean,312.7
QOBGEV_clean,7.79609,3.48851,7.69085,1.10244,1557.79,1413.04,0.0,0.0,0.6186,0.56112,0.0,Zn,No, ,clean,Y,Y,Y,,N,,,,,,,,,,,,,,,,,,,,,,QOBGEV_clean,221.3
QOBPEE_clean,5.93943,5.1846,5.93943,1.67865,1062.24,632.793,0.0,0.0,0.4286,0.255324,0.0,Be,No, ,clean,Y,Y,Y,,N,,,,,,,,,,,,,,,,,,,,,,QOBPEE_clean,343.3
QOCBUH_clean,5.62714,5.2779,5.62443,1.65942,1085.12,653.917,0.0,0.0,0.4334,0.261175,0.0,Be,No, ,clean,Y,Y,Y,,N,,,,,,,,,,,,,,,,,,,,,,QOCBUH_clean,342.5
QOCRUW_clean,5.79604,4.18591,5.79604,1.38102,1479.67,1071.43,0.0,0.0,0.5506,0.398692,0.0,La,Yes,La,clean,N,Y,Y,,N,,,,,,,,,,,,,,,,,,,,,,QOCRUW_clean,129.3
QOCSAD_clean,5.79442,4.21505,5.67699,1.39648,1468.21,1051.36,0.0,0.0,0.5488,0.392987,0.0,Ce,Yes,Ce,clean,N,Y,Y,,N,,,,,,,,,,,,,,,,,,,,,,QOCSAD_clean,144.3
QOCSEH_clean,5.70812,4.12503,5.70669,1.44217,1397.59,969.093,0.0,0.0,0.5398,0.374298,0.0,Nd,Yes,Nd,clean,N,Y,Y,,N,,,,,,,,,,,,,,,,,,,,,,QOCSEH_clean,132.9
QODHUO01_clean,7.02176,3.66753,6.99115,1.3176,1021.05,774.937,0.0,0.0,0.496,0.376443,0.0,Ag,Yes,Ag,clean,Y,Y,Y,,N,,,,,,,,,,,,,,,,,,,,,,QODHUO01_clean,543.7
QODHUO02_clean,7.03734,3.63732,6.65847,1.31371,1014.75,772.431,0.0,0.0,0.5018,0.381972,0.0,Ag,Yes,Ag,clean,Y,Y,Y,,N,,,,,,,,,,,,,,,,,,,,,,QODHUO02_clean,570.8
QODHUO03_clean,7.01529,3.79079,6.96918,1.33247,1014.37,761.274,0.0,0.0,0.4906,0.368189,0.0,Ag,Yes,Ag,clean,Y,Y,Y,,N,,,,,,,,,,,,,,,,,,,,,,QODHUO03_clean,569.2
QODHUO04_clean,7.0665,3.70053,7.05456,1.31094,1039.62,793.032,0.0,0.0,0.501,0.382168,0.0,Ag,Yes,Ag,clean,Y,Y,Y,,N,,,,,,,,,,,,,,,,,,,,,,QODHUO04_clean,574.3
QODHUO05_clean,7.05009,3.74248,7.03715,1.31954,1023.92,775.964,0.0,0.0,0.4934,0.373918,0.0,Ag,Yes,Ag,clean,Y,Y,Y,,N,,,,,,,,,,,,,,,,,,,,,,QODHUO05_clean,562.5
QODHUO06_clean,7.04216,3.76029,6.51395,1.3253,1016.32,766.86,0.0,0.0,0.4928,0.37184,0.0,Ag,Yes,Ag,clean,Y,Y,Y,,N,,,,,,,,,,,,,,,,,,,,,,QODHUO06_clean,578.2
QODHUO07_clean,7.03774,3.77448,6.9742,1.32931,1016.48,764.667,0.0,0.0,0.4848,0.364699,0.0,Ag,Yes,Ag,clean,Y,Y,Y,,N,,,,,,,,,,,,,,,,,,,,,,QODHUO07_clean,553.7
QODHUO08_clean,7.07082,3.72352,7.02334,1.31235,1023.45,779.863,0.0,0.0,0.497,0.378709,0.0,Ag,Yes,Ag,clean,Y,Y,Y,,N,,,,,,,,,,,,,,,,,,,,,,QODHUO08_clean,562.5
QODHUO09_clean,7.01869,3.81528,6.63722,1.33794,1007.41,752.957,0.0,0.0,0.4858,0.363096,0.0,Ag,Yes,Ag,clean,Y,Y,Y,,N,,,,,,,,,,,,,,,,,,,,,,QODHUO09_clean,560.4
QODHUO10_clean,7.01033,3.79821,6.75812,1.33845,1014.35,757.851,0.0,0.0,0.488,0.364601,0.0,Ag,Yes,Ag,clean,Y,Y,Y,,N,,,,,,,,,,,,,,,,,,,,,,QODHUO10_clean,587.7
QODHUO11_clean,7.01042,3.80896,6.9255,1.3366,1007.71,753.939,0.0,0.0,0.4868,0.364209,0.0,Ag,Yes,Ag,clean,Y,Y,Y,,N,,,,,,,,,,,,,,,,,,,,,,QODHUO11_clean,560.8
QODHUO12_clean,7.0091,3.78553,6.9949,1.33735,1014.06,758.26,0.0,0.0,0.4828,0.361012,0.0,Ag,Yes,Ag,clean,Y,Y,Y,,N,,,,,,,,,,,,,,,,,,,,,,QODHUO12_clean,548.0
QODHUO13_clean,7.01938,3.75717,6.78624,1.32807,1011.93,761.958,0.0,0.0,0.4912,0.36986,0.0,Ag,Yes,Ag,clean,Y,Y,Y,,N,,,,,,,,,,,,,,,,,,,,,,QODHUO13_clean,580.0
QODHUO_clean,7.01702,3.80696,7.00767,1.33459,1022.86,766.423,0.0,0.0,0.4802,0.35981,0.0,Ag,Yes,Ag,clean,Y,Y,Y,,N,,,,,,,,,,,,,,,,,,,,,,QODHUO_clean,544.3
QODPOQ_clean,7.05519,3.79599,6.7273,1.31521,1027.79,781.463,0.0,0.0,0.4944,0.37591,0.0,Ag,Yes,Ag,clean,Y,Y,Y,,N,,,,,,,,,,,,,,,,,,,,,,QODPOQ_clean,558.1
QODQEH_clean,7.07208,3.67099,6.65977,1.31088,1023.42,780.716,0.0,0.0,0.4996,0.381118,0.0,Ag,Yes,Ag,clean,Y,Y,Y,,N,,,,,,,,,,,,,,,,,,,,,,QODQEH_clean,548.9
QODSUZ_clean,7.02333,3.67551,6.68721,1.32015,1014.75,768.665,0.0,0.0,0.4954,0.375261,0.0,Ag,Yes,Ag,clean,Y,Y,Y,,N,,,,,,,,,,,,,,,,,,,,,,QODSUZ_clean,552.4
QOFBIY01_clean,7.02313,3.82948,7.02313,1.33462,1010.65,757.254,0.0,0.0,0.4866,0.364598,0.0,Ag,Yes,Ag,clean,Y,Y,Y,,N,,,,,,,,,,,,,,,,,,,,,,QOFBIY01_clean,541.8
QOFBIY02_clean,7.03275,3.83288,6.70379,1.33192,1017.39,763.856,0.0,0.0,0.4894,0.36744,0.0,Ag,Yes,Ag,clean,Y,Y,Y,,N,,,,,,,,,,,,,,,,,,,,,,QOFBIY02_clean,573.8
QOFBIY_clean,7.01606,3.82362,7.01606,1.3363,1014.56,759.23,0.0,0.0,0.4868,0.364289,0.0,Ag,Yes,Ag,clean,Y,Y,Y,,N,,,,,,,,,,,,,,,,,,,,,,QOFBIY_clean,547.5
QOFCAR_clean,7.04297,3.82338,7.04297,1.33044,1025.08,770.483,0.0,0.0,0.4874,0.366345,0.0,Ag,Yes,Ag,clean,Y,Y,Y,,N,,,,,,,,,,,,,,,,,,,,,,QOFCAR_clean,577.7
QOFCIZ_clean,7.04341,3.83129,7.04341,1.32486,1021.89,771.322,0.0,0.0,0.4928,0.371964,0.0,Ag,Yes,Ag,clean,Y,Y,Y,,N,,,,,,,,,,,,,,,,,,,,,,QOFCIZ_clean,580.2
QOFCOF_clean,7.02932,3.80353,7.02932,1.32333,1025.15,774.676,0.0,0.0,0.4948,0.373906,0.0,Ag,Yes,Ag,clean,Y,Y,Y,,N,,,,,,,,,,,,,,,,,,,,,,QOFCOF_clean,562.3
QOFDAS_clean,7.03553,3.81631,6.66267,1.32324,1033.46,781.008,0.0,0.0,0.4904,0.370605,0.0,Ag,Yes,Ag,clean,Y,Y,Y,,N,,,,,,,,,,,,,,,,,,,,,,QOFDAS_clean,573.7
QOFDEW_clean,7.03046,3.79465,6.68948,1.32008,1029.49,779.869,0.0,0.0,0.4982,0.377401,0.0,Ag,Yes,Ag,clean,Y,Y,Y,,N,,,,,,,,,,,,,,,,,,,,,,QOFDEW_clean,568.3
QOFDIA01_clean,7.07034,3.75403,6.76838,1.31589,1019.32,774.626,0.0,0.0,0.4958,0.37678,0.0,Ag,Yes,Ag,clean,Y,Y,Y,,N,,,,,,,,,,,,,,,,,,,,,,QOFDIA01_clean,545.1
QOFDIA02_clean,7.01083,3.77871,6.95045,1.33425,1016.66,761.974,0.0,0.0,0.4834,0.362301,0.0,Ag,Yes,Ag,clean,Y,Y,Y,,N,,,,,,,,,,,,,,,,,,,,,,QOFDIA02_clean,556.1
QOFDIA05_clean,7.02958,3.74465,6.95589,1.32702,1017.45,766.718,0.0,0.0,0.49,0.36925,0.0,Ag,Yes,Ag,clean,Y,Y,Y,,N,,,,,,,,,,,,,,,,,,,,,,QOFDIA05_clean,566.2
QOFDIA06_clean,7.01624,3.71089,6.8329,1.32411,1025.99,774.855,0.0,0.0,0.4912,0.370967,0.0,Ag,Yes,Ag,clean,Y,Y,Y,,N,,,,,,,,,,,,,,,,,,,,,,QOFDIA06_clean,553.1
QOFDIA07_clean,7.02954,3.71586,6.33543,1.32374,1036.28,782.845,0.0,0.0,0.4912,0.371071,0.0,Ag,Yes,Ag,clean,Y,Y,Y,,N,,,,,,,,,,,,,,,,,,,,,,QOFDIA07_clean,570.2
QOFDIA08_clean,7.02793,3.71306,6.40493,1.32259,1024.02,774.255,0.0,0.0,0.4926,0.372451,0.0,Ag,Yes,Ag,clean,Y,Y,Y,,N,,,,,,,,,,,,,,,,,,,,,,QOFDIA08_clean,563.9
QOFDIA_clean,7.0591,3.80398,6.95726,1.31482,1028.35,782.123,0.0,0.0,0.4968,0.377845,0.0,Ag,Yes,Ag,clean,Y,Y,Y,,N,,,,,,,,,,,,,,,,,,,,,,QOFDIA_clean,558.8
QOFDOG_clean,7.06378,3.79902,6.95616,1.31604,1025.34,779.109,0.0,0.0,0.4946,0.375823,0.0,Ag,Yes,Ag,clean,Y,Y,Y,,N,,,,,,,,,,,,,,,,,,,,,,QOFDOG_clean,563.1
QOFKUT_clean,5.30234,4.62006,5.27677,1.31152,1132.35,863.381,0.0,0.0,0.538,0.410209,0.0,Cu,Yes,Cu,clean,N,Y,Y,,N,,,,,,,,,,,,,,,,,,,,,,QOFKUT_clean,261.3
QOFLAA_clean,9.67197,6.44372,9.67197,0.77122,2332.16,3023.99,0.0,0.0,0.771,0.999714,0.0,Cu,Yes,Cu,clean,Y,Y,Y,,N,,,,,,,,,,,,,,,,,,,,,,QOFLAA_clean,132.6
QOFPAE_clean,5.80282,4.70685,5.79577,3.42955,1940.39,565.785,0.0,0.0,0.5998,0.174892,0.0,U,Yes,U,clean,Y,Y,Y,,N,,,,,,,,,,,,,,,,,,,,,,QOFPAE_clean,104.0
QOHTUD_clean,6.67584,5.81143,6.66422,1.12235,912.162,812.727,0.0,0.0,0.4922,0.438545,0.0,Co,Yes,Co,clean,Y,Y,Y,,N,,,,,,,,,,,,,,,,,,,,,,QOHTUD_clean,269.8
QOHYET_clean,5.66796,4.25652,5.66268,1.43346,1155.57,806.137,0.0,0.0,0.5024,0.350479,0.0,Ce,No, ,clean,N,Y,Y,,N,,,,,,,,,,,,,,,,,,,,,,QOHYET_clean,312.4
QOJTUE_clean,4.99075,4.07072,4.98875,1.39072,1473.66,1059.64,0.0,0.0,0.5964,0.428841,0.0,Cu,Yes,Cu,clean,Y,Y,Y,,N,,,,,,,,,,,,,,,,,,,,,,QOJTUE_clean,129.7
QOJVAM_clean,5.27687,4.07489,5.26218,1.3881,1464.38,1054.95,0.0,0.0,0.585,0.421438,0.0,Cu,Yes,Cu,clean,Y,Y,Y,,N,,,,,,,,,,,,,,,,,,,,,,QOJVAM_clean,156.0
QOKCID_clean,4.30865,3.85554,4.26496,1.71497,435.499,253.939,0.0,0.0,0.3688,0.215047,0.0,Zn,Yes,Zn,clean,Y,Y,Y,,N,,,,,,,,,,,,,,,,,,,,,,QOKCID_clean,323.4
QOKKAE_clean,4.41255,3.41758,4.32307,1.9759,693.219,350.838,235.178,119.024,0.5434,0.275014,0.0,Yb,Yes,Yb,clean,Y,Y,Y,,N,,,,,,,,,,,,,,,,,,,,,,QOKKAE_clean,180.8
QOLVET_clean,4.18106,3.97053,4.18106,1.83396,707.407,385.727,0.0,0.0,0.4316,0.235338,0.0,Al,No, ,clean,Y,Y,Y,,N,,,,,,,,,,,,,,,,,,,,,,QOLVET_clean,176.9
QOMDUS_clean,5.73732,4.27265,5.65548,1.56934,1252.52,798.122,0.0,0.0,0.5388,0.343329,0.0,Zn,Yes,Zn,clean,N,Y,Y,,N,,,,,,,,,,,,,,,,,,,,,,QOMDUS_clean,177.0
QOMFEE_clean,6.23329,4.79223,6.23329,0.956504,2173.22,2272.05,0.0,0.0,0.6332,0.661994,0.0,Zn,Yes,Zn,clean,Y,Y,Y,,N,,,,,,,,,,,,,,,,,,,,,,QOMFEE_clean,319.0
QOMRUH_clean,5.91598,4.8393,5.90444,0.946458,2296.32,2426.22,0.0,0.0,0.6568,0.693956,0.0,Cu,Yes,Cu,clean,Y,Y,Y,,N,,,,,,,,,,,,,,,,,,,,,,QOMRUH_clean,157.1
QOMSAO_clean,6.28295,5.19194,6.16876,0.913349,2335.71,2557.31,0.0,0.0,0.6626,0.725462,0.0,Cu,Yes,Cu,clean,Y,Y,Y,,N,,,,,,,,,,,,,,,,,,,,,,QOMSAO_clean,163.2
QOMSES_clean,5.8822,4.848,5.86939,0.949674,2240.73,2359.47,0.0,0.0,0.658,0.692869,0.0,Cu,Yes,Cu,clean,Y,Y,Y,,N,,,,,,,,,,,,,,,,,,,,,,QOMSES_clean,153.8
QOMTET_clean,4.76534,3.95054,4.76534,1.34356,1133.18,843.42,0.0,0.0,0.5016,0.373337,0.0,Zn,Yes,Zn,clean,N,Y,Y,,N,,,,,,,,,,,,,,,,,,,,,,QOMTET_clean,295.0
QONKUB_clean,6.24349,5.12734,6.13649,0.9162,2335.91,2549.56,0.0,0.0,0.6696,0.730845,0.0,Cu,Yes,Cu,clean,Y,Y,Y,,N,,,,,,,,,,,,,,,,,,,,,,QONKUB_clean,157.7
QONLAI_clean,6.10211,4.91381,6.0286,0.939951,2318.74,2466.88,0.0,0.0,0.6558,0.697696,0.0,Cu,Yes,Cu,clean,Y,Y,Y,,N,,,,,,,,,,,,,,,,,,,,,,QONLAI_clean,157.1
QONLEM_clean,5.90984,4.72024,5.82362,0.936419,2363.81,2524.31,0.0,0.0,0.6642,0.709298,0.0,Cu,Yes,Cu,clean,Y,Y,Y,,N,,,,,,,,,,,,,,,,,,,,,,QONLEM_clean,155.2
QONLIQ_clean,6.00653,4.86996,6.00653,0.931336,2311.78,2482.22,0.0,0.0,0.6534,0.701573,0.0,Cu,Yes,Cu,clean,Y,Y,Y,,N,,,,,,,,,,,,,,,,,,,,,,QONLIQ_clean,167.0
QONQAM_clean,6.95521,6.65822,6.95521,0.957388,1627.93,1700.38,0.0,0.0,0.609,0.636106,0.0,Al,No, ,clean,Y,Y,Y,,N,,,,,,,,,,,,,,,,,,,,,,QONQAM_clean,130.5
QONQEQ_manual,7.41052,7.00984,7.40327,0.944282,1611.38,1706.46,0.0,0.0,0.6124,0.648535,0.0,Al,No, ,manual,Y,Y,Y,,N,,,,,,,,,,,,,,,,,,,,,,QONQEQ_manual,167.6
QOPCEE_clean,5.00224,4.42588,5.00224,2.00794,611.459,304.521,0.0,0.0,0.4062,0.202297,0.0,Mn,Yes,Mn,clean,Y,Y,Y,,N,,,,,,,,,,,,,,,,,,,,,,QOPCEE_clean,198.9
QOPDEE_clean,5.73867,3.59336,5.72178,2.09497,1040.44,496.637,0.0,0.0,0.5118,0.244299,0.0,"Zn,Ga",No, ,clean,Y,Y,Y,,N,,,,,,,,,,,,,,,,,,,,,,QOPDEE_clean,154.5
QOPPES_clean,7.05411,5.65156,7.03914,0.967554,1983.39,2049.91,0.0,0.0,0.6408,0.662289,0.0,Co,Yes,Co,clean,Y,Y,Y,,N,,,,,,,,,,,,,,,,,,,,,,QOPPES_clean,181.5
QOPPOC_clean,4.21204,3.56876,4.20993,1.51146,562.274,372.007,0.0,0.0,0.4702,0.31109,0.0,Cu,Yes,Cu,clean,Y,Y,Y,,N,,,,,,,,,,,,,,,,,,,,,,QOPPOC_clean,217.5
QOPZIF_clean,6.77563,4.15655,6.73512,1.06978,1861.11,1739.71,0.0,0.0,0.6378,0.596196,0.0,Zn,Yes,Zn,clean,Y,Y,Y,,N,,,,,,,,,,,,,,,,,,,,,,QOPZIF_clean,172.6
QOQWOK01_clean,8.63633,6.73186,8.63063,0.935461,1473.57,1575.23,0.0,0.0,0.5784,0.618305,0.0,Mn,No, ,clean,Y,Y,Y,,N,,,,,,,,,,,,,,,,,,,,,,QOQWOK01_clean,208.2
QOQWOK_clean,8.39175,6.59132,8.39175,0.957359,1460.22,1525.26,0.0,0.0,0.566,0.59121,0.0,Mn,No, ,clean,Y,Y,Y,,N,,,,,,,,,,,,,,,,,,,,,,QOQWOK_clean,206.3
QOSJEP_clean,5.95986,5.08733,5.90424,1.45523,1476.39,1014.54,0.0,0.0,0.5466,0.37561,0.0,"Cu,Er",Yes,"Cu,Er",clean,Y,Y,Y,,N,,,,,,,,,,,,,,,,,,,,,,QOSJEP_clean,247.1
QOSJIT_clean,8.05472,3.98,7.82448,1.13518,1829.79,1611.9,0.0,0.0,0.6248,0.550399,0.0,"Cu,Eu",Yes,"Cu,Eu",clean,Y,Y,Y,,N,,,,,,,,,,,,,,,,,,,,,,QOSJIT_clean,298.2
QOSJOZ_clean,8.08316,3.97327,8.04054,1.14357,1840.46,1609.4,0.0,0.0,0.6224,0.54426,0.0,"Cu,Gd",Yes,"Cu,Gd",clean,Y,Y,Y,,N,,,,,,,,,,,,,,,,,,,,,,QOSJOZ_clean,302.2
QOSJUF_clean,6.12081,5.11749,6.09552,1.41231,1533.09,1085.52,0.0,0.0,0.5616,0.397647,0.0,"Ho,Cu",Yes,"Ho,Cu",clean,Y,Y,Y,,N,,,,,,,,,,,,,,,,,,,,,,QOSJUF_clean,287.8
QOSKAM_clean,8.09283,3.98695,8.04748,1.17505,1628.38,1385.79,0.0,0.0,0.6158,0.524061,0.0,"Cu,Tb",Yes,"Cu,Tb",clean,Y,Y,Y,,N,,,,,,,,,,,,,,,,,,,,,,QOSKAM_clean,315.5
QOSXOM_clean,11.03802,8.53557,11.03802,1.03996,1270.59,1221.78,36.3048,34.91,0.5972,0.574255,0.0,Zn,Yes,Zn,clean,Y,Y,Y,,N,,,,,,,,,,,,,,,,,,,,,,QOSXOM_clean,444.8
QOTZEG_clean,6.98929,6.77562,6.98929,1.52277,1495.88,982.34,0.0,0.0,0.5546,0.364204,0.0,La,Yes,La,clean,Y,Y,Y,,N,,,,,,,,,,,,,,,,,,,,,,QOTZEG_clean,164.1
QOVDAH_clean,9.81819,9.19443,9.81819,1.3396,1377.74,1028.47,0.0,0.0,0.5818,0.434308,0.0,Ni,Yes,Ni,clean,Y,Y,Y,,N,,,,,,,,,,,,,,,,,,,,,,QOVDAH_clean,285.1
QOVDEL_clean,9.82811,9.16141,9.82811,1.34846,1344.96,997.404,0.0,0.0,0.5734,0.425224,0.0,Ni,Yes,Ni,clean,Y,Y,Y,,N,,,,,,,,,,,,,,,,,,,,,,QOVDEL_clean,296.4
QOVSOL_clean,6.4221,3.84022,6.40906,1.13898,1211.49,1063.66,0.0,0.0,0.5446,0.478145,0.0,Cd,No, ,clean,Y,Y,Y,,N,,,,,,,,,,,,,,,,,,,,,,QOVSOL_clean,417.6
QOWLEU_clean_h,7.55178,5.63017,7.55178,1.41332,1270.28,898.791,0.0,0.0,0.5304,0.375286,0.0,Co,No, ,clean_h,N,Y,Y,,N,,,,,,,,,,,,,,,,,,,,,,QOWLEU_clean_h,186.2
QOWQUO_manual,16.36508,5.22924,16.36508,0.720668,2111.4,2929.78,0.0,0.0,0.7092,0.984087,0.0,Cu,Yes,Cu,manual,Y,Y,Y,,N,,,,,,,,,,,,,,,,,,,,,,QOWQUO_manual,339.0
QOWRAV02_clean,16.40599,5.24588,16.39933,0.71711,2129.23,2969.18,0.0,0.0,0.7138,0.995384,0.0,Cu,Yes,Cu,clean,Y,Y,Y,,N,,,,,,,,,,,,,,,,,,,,,,QOWRAV02_clean,775.0
QOWRAV04_clean,16.39644,5.24663,16.39644,0.717349,2130.73,2970.28,0.0,0.0,0.7132,0.994216,0.0,Cu,Yes,Cu,clean,Y,Y,Y,,N,,,,,,,,,,,,,,,,,,,,,,QOWRAV04_clean,747.6
QOWRAV05_clean,16.38928,5.24682,16.38928,0.717588,2130.87,2969.49,0.0,0.0,0.7132,0.993885,0.0,Cu,Yes,Cu,clean,Y,Y,Y,,N,,,,,,,,,,,,,,,,,,,,,,QOWRAV05_clean,748.0
QOWRAV06_clean,16.3778,5.24265,16.37247,0.717908,2134.21,2972.83,0.0,0.0,0.7136,0.994,0.0,Cu,Yes,Cu,clean,Y,Y,Y,,N,,,,,,,,,,,,,,,,,,,,,,QOWRAV06_clean,760.4
QOWRAV07_clean,16.36646,5.23896,16.35136,0.718227,2134.13,2971.38,0.0,0.0,0.7136,0.993558,0.0,Cu,Yes,Cu,clean,Y,Y,Y,,N,,,,,,,,,,,,,,,,,,,,,,QOWRAV07_clean,746.0
QOWRAV08_clean,16.35712,5.2326,16.35248,0.718547,2136.57,2973.47,0.0,0.0,0.7128,0.992003,0.0,Cu,Yes,Cu,clean,Y,Y,Y,,N,,,,,,,,,,,,,,,,,,,,,,QOWRAV08_clean,775.2
QOWRAV09_clean,16.34087,5.22933,16.33846,0.718946,2138.82,2974.94,0.0,0.0,0.7138,0.992842,0.0,Cu,Yes,Cu,clean,Y,Y,Y,,N,,,,,,,,,,,,,,,,,,,,,,QOWRAV09_clean,743.0
QOWRAV10_clean,16.32287,5.22574,16.32052,0.719907,2137.74,2969.47,0.0,0.0,0.7132,0.990684,0.0,Cu,Yes,Cu,clean,Y,Y,Y,,N,,,,,,,,,,,,,,,,,,,,,,QOWRAV10_clean,709.6
QOWRAV11_clean,16.31009,5.22559,16.30705,0.720949,2138.54,2966.28,0.0,0.0,0.7124,0.988141,0.0,Cu,Yes,Cu,clean,Y,Y,Y,,N,,,,,,,,,,,,,,,,,,,,,,QOWRAV11_clean,757.4
QOWRAV12_clean,16.28739,5.21999,16.28739,0.722396,2138.93,2960.89,0.0,0.0,0.713,0.986993,0.0,Cu,Yes,Cu,clean,Y,Y,Y,,N,,,,,,,,,,,,,,,,,,,,,,QOWRAV12_clean,766.5
QOXFIU_clean,5.39147,3.92821,5.39147,2.22853,612.028,274.634,150.125,67.3652,0.4354,0.195376,0.0,"K,U",Yes,"K,U",clean,Y,Y,Y,,N,,,,,,,,,,,,,,,,,,,,,,QOXFIU_clean,313.9
QOXNIB_clean,4.25979,3.61253,4.24685,2.02207,509.832,252.133,0.0,0.0,0.4388,0.217005,0.0,Cu,Yes,Cu,clean,Y,Y,Y,,N,,,,,,,,,,,,,,,,,,,,,,QOXNIB_clean,271.1
QOYLOG_clean,5.80261,4.54109,5.79964,1.48289,1070.97,722.217,0.0,0.0,0.498,0.335831,0.0,Ni,Yes,Ni,clean,N,Y,Y,,N,,,,,,,,,,,,,,,,,,,,,,QOYLOG_clean,210.1
QOZDOY_clean,5.27343,4.6547,5.27343,1.1624,1108.39,953.534,0.0,0.0,0.534,0.459394,0.0,Zn,Yes,Zn,clean,Y,Y,Y,,N,,,,,,,,,,,,,,,,,,,,,,QOZDOY_clean,264.1
QOZGAP_clean,4.8362,3.81563,4.76917,1.19541,1260.2,1054.2,0.0,0.0,0.5442,0.455241,0.0,Cu,Yes,Cu,clean,Y,Y,Y,,N,,,,,,,,,,,,,,,,,,,,,,QOZGAP_clean,167.3
QOZPIG_clean,4.54942,3.60193,4.54942,1.23234,1331.25,1080.26,0.0,0.0,0.5634,0.457179,0.0,Cd,No, ,clean,Y,Y,Y,,N,,,,,,,,,,,,,,,,,,,,,,QOZPIG_clean,175.3
QOZPOM_clean,4.94177,4.05577,4.93292,1.11879,802.645,717.419,483.544,432.201,0.5788,0.517342,0.0,Zn,No, ,clean,Y,Y,Y,,N,,,,,,,,,,,,,,,,,,,,,,QOZPOM_clean,206.1
QOZWAF_clean,8.11802,4.72444,8.10878,2.64249,1840.83,696.627,0.0,0.0,0.5864,0.221912,0.0,"W,Ni",Yes,W,clean,Y,Y,Y,,N,,,,,,,,,,,,,,,,,,,,,,QOZWAF_clean,790.0
QUBWIU_clean,10.48256,4.17052,10.46235,1.23045,1614.41,1312.05,0.0,0.0,0.6222,0.505669,0.0,"Cu,Na,Sm",Yes,"Cu,Na,Sm",clean,Y,Y,Y,,N,,,,,,,,,,,,,,,,,,,,,,QUBWIU_clean,234.2
QUBZAP_clean,7.14967,3.85025,7.14967,1.8852,994.903,527.743,2.6105,1.38473,0.4918,0.260874,0.0,Ag,Yes,Ag,clean,Y,Y,Y,,N,,,,,,,,,,,,,,,,,,,,,,QUBZAP_clean,377.8
QUDGED_clean,9.12367,7.3846,9.12367,0.60089,2399.82,3993.78,0.0,0.0,0.7754,1.29042,0.0,Zn,Yes,Zn,clean,Y,Y,Y,,N,,,,,,,,,,,,,,,,,,,,,,QUDGED_clean,332.5
QUDJIJ_clean,5.71523,4.47901,5.71444,1.04798,1842.24,1757.9,0.0,0.0,0.5918,0.564707,0.0,Zn,Yes,Zn,clean,N,Y,Y,,N,,,,,,,,,,,,,,,,,,,,,,QUDJIJ_clean,190.1
QUDJOP_clean,6.19638,4.53832,6.17045,1.05792,1773.86,1676.75,0.0,0.0,0.5902,0.557888,0.0,Zn,Yes,Zn,clean,N,Y,Y,,N,,,,,,,,,,,,,,,,,,,,,,QUDJOP_clean,209.6
QUFTAM_clean,4.97686,4.54571,4.97686,1.56592,814.078,519.872,0.0,0.0,0.4264,0.2723,0.0,"Cu,Na",Yes,"Cu,Na",clean,Y,Y,Y,,N,,,,,,,,,,,,,,,,,,,,,,QUFTAM_clean,236.2
QUJJUC_clean,6.37183,4.25289,6.36461,1.09976,2598.54,2362.82,0.0821372,0.0746863,0.689,0.626499,0.0,Na,No, ,clean,Y,Y,Y,,N,,,,,,,,,,,,,,,,,,,,,,QUJJUC_clean,246.3
QULLEP_clean,4.84676,3.51441,4.84676,1.2958,520.065,401.348,0.0,0.0,0.4678,0.361013,0.0,Cd,Yes,Cd,clean,Y,Y,Y,,N,,,,,,,,,,,,,,,,,,,,,,QULLEP_clean,203.0
QULMIU_clean,10.29771,9.60437,10.29648,1.52872,1059.92,693.336,0.0,0.0,0.525,0.343424,0.0,In,No, ,clean,Y,Y,Y,,N,,,,,,,,,,,,,,,,,,,,,,QULMIU_clean,204.5
QUMFUB_clean,6.17873,3.70632,6.16879,1.24989,1414.19,1131.45,0.0,0.0,0.5442,0.435399,0.0,Mn,No, ,clean,Y,Y,Y,,N,,,,,,,,,,,,,,,,,,,,,,QUMFUB_clean,146.2
QUNVIG_clean,7.99116,6.98056,7.99116,0.854766,1939.43,2268.96,0.0,0.0,0.6666,0.779862,0.0,Co,No, ,clean,Y,Y,Y,,N,,,,,,,,,,,,,,,,,,,,,,QUNVIG_clean,665.8
QUNWAZ_clean,6.68191,4.62372,6.68191,0.987311,1445.66,1464.24,0.0,0.0,0.5434,0.550384,0.0,Zn,Yes,Zn,clean,Y,Y,Y,,N,,,,,,,,,,,,,,,,,,,,,,QUNWAZ_clean,342.3
QUPDEL01_clean,4.31787,3.88877,4.31787,2.05035,791.695,386.128,0.0,0.0,0.4768,0.232546,0.0,Gd,Yes,Gd,clean,N,Y,Y,,N,,,,,,,,,,,,,,,,,,,,,,QUPDEL01_clean,209.6
QUPDEL_clean,4.30346,3.89395,4.29928,2.06117,790.339,383.442,0.0,0.0,0.481,0.233363,0.0,Gd,Yes,Gd,clean,N,Y,Y,,N,,,,,,,,,,,,,,,,,,,,,,QUPDEL_clean,238.4
QUPHUF_clean,5.02709,3.72665,4.99488,1.27657,629.658,493.241,0.0,0.0,0.4654,0.36457,0.0,Zn,Yes,Zn,clean,Y,Y,Y,,N,,,,,,,,,,,,,,,,,,,,,,QUPHUF_clean,402.3
QUPJAN_clean,5.93426,3.61461,5.81162,1.33898,708.592,529.204,195.452,145.971,0.4828,0.360574,0.0,Cd,No, ,clean,Y,Y,Y,,N,,,,,,,,,,,,,,,,,,,,,,QUPJAN_clean,344.0
QUQBAH_clean,9.66456,8.22981,9.66456,0.719522,1817.4,2525.84,0.0,0.0,0.7038,0.978149,0.0,Fe,No, ,clean,Y,Y,Y,,N,,,,,,,,,,,,,,,,,,,,,,QUQBAH_clean,311.8
QUQFIS_clean,7.94677,5.42884,7.94677,0.862455,2489.26,2886.25,0.0,0.0,0.7028,0.814884,0.0,Zn,Yes,Zn,clean,Y,Y,Y,,N,,,,,,,,,,,,,,,,,,,,,,QUQFIS_clean,192.3
QUQFOY_clean,8.20803,5.81249,8.20591,0.948677,2479.72,2613.87,0.0,0.0,0.7154,0.754103,0.0,Cd,Yes,Cd,clean,Y,Y,Y,,N,,,,,,,,,,,,,,,,,,,,,,QUQFOY_clean,200.9
QUQGAL_clean,5.24917,3.7405,5.24587,0.948381,1199.28,1264.55,0.0,0.0,0.5468,0.576561,0.0,Li,Yes,Li,clean,N,Y,Y,,N,,,,,,,,,,,,,,,,,,,,,,QUQGAL_clean,175.0
QUQHAM_clean,4.11745,3.56035,4.11745,2.20732,218.405,98.9459,0.0,0.0,0.3616,0.163818,0.0,Cu,Yes,Cu,clean,Y,Y,Y,,N,,,,,,,,,,,,,,,,,,,,,,QUQHAM_clean,250.9
QUQPOI_SL,6.67917,4.16594,6.67917,0.777338,2276.92,2929.12,0.0,0.0,0.6518,0.838503,0.0,Zn,No, ,SL,Y,Y,Y,,N,,,,,,,,,,,,,,,,,,,,,,QUQPOI_SL,147.7
QUQWOQ_clean,10.06165,6.49649,10.06165,0.726621,2197.25,3023.92,0.0,0.0,0.7314,1.00658,0.0,Zn,Yes,Zn,clean,Y,Y,Y,,N,,,,,,,,,,,,,,,,,,,,,,QUQWOQ_clean,157.4
QUQWUW_clean,9.102,7.19033,9.102,0.965103,1741.04,1804.0,0.0,0.0,0.668,0.692154,0.0,Zn,Yes,Zn,clean,Y,Y,Y,,N,,,,,,,,,,,,,,,,,,,,,,QUQWUW_clean,195.6
QUQYUY_clean,5.26261,4.12424,5.26261,2.16673,1285.57,593.325,0.0,0.0,0.5212,0.240547,0.0,"Cu,Re",Yes,"Cu,Re",clean,Y,Y,Y,,N,,,,,,,,,,,,,,,,,,,,,,QUQYUY_clean,313.8
QURSEC_clean,6.73488,4.98598,6.69979,1.11309,1471.92,1322.37,0.0,0.0,0.585,0.525564,0.0,"Zn,Pd",Yes,Pd,clean,Y,Y,Y,,N,,,,,,,,,,,,,,,,,,,,,,QURSEC_clean,360.1
QUSBIP_clean,10.66909,7.4091,8.27581,0.565023,2406.95,4259.92,0.0,0.0,0.764,1.35216,0.0,Zn,Yes,Zn,clean,Y,Y,Y,,N,,,,,,,,,,,,,,,,,,,,,,QUSBIP_clean,207.8
QUSCAJ_clean,5.41421,3.75067,5.4093,1.171,1325.63,1132.04,0.0,0.0,0.5476,0.467633,0.0,"Cd,Li",Yes,Li,clean,N,Y,Y,,N,,,,,,,,,,,,,,,,,,,,,,QUSCAJ_clean,273.5
QUSCEN_clean,5.44405,4.31312,5.4378,1.17461,1160.52,988.008,0.0,0.0,0.5346,0.455132,0.0,"Cd,Li",No, ,clean,Y,Y,Y,,N,,,,,,,,,,,,,,,,,,,,,,QUSCEN_clean,292.6
QUSHUJ_clean,7.15336,4.82289,7.11748,0.903996,1600.62,1770.61,0.0,0.0,0.599,0.662614,0.0,"Cu,Mn",Yes,Cu,clean,Y,Y,Y,,N,,,,,,,,,,,,,,,,,,,,,,QUSHUJ_clean,884.3
QUSQIG_clean,4.53831,3.95004,4.53831,1.42878,1037.77,726.335,0.0,0.0,0.4826,0.337771,0.0,"Zn,Ir",No, ,clean,Y,Y,Y,,N,,,,,,,,,,,,,,,,,,,,,,QUSQIG_clean,634.9
QUSRIH_clean,4.38791,3.69157,4.27847,1.86379,1077.12,577.916,0.0,0.0,0.549,0.294561,0.0,U,Yes,U,clean,Y,Y,Y,,N,,,,,,,,,,,,,,,,,,,,,,QUSRIH_clean,229.4
QUSRUT_clean,5.91349,3.768,5.90805,2.1648,1012.46,467.691,0.0,0.0,0.5258,0.242886,0.0,U,Yes,U,clean,Y,Y,Y,,N,,,,,,,,,,,,,,,,,,,,,,QUSRUT_clean,160.8
QUSSII_clean,5.07067,4.28847,5.07067,1.30387,1013.74,777.485,0.0,0.0,0.5214,0.399886,0.0,Zn,Yes,Zn,clean,Y,Y,Y,,N,,,,,,,,,,,,,,,,,,,,,,QUSSII_clean,245.7
QUTTII01_clean,5.86223,4.35313,5.84737,1.55825,1478.82,949.028,0.0,0.0,0.4966,0.31869,0.0,Co,Yes,Co,clean,Y,Y,Y,,N,,,,,,,,,,,,,,,,,,,,,,QUTTII01_clean,144.6
QUTTII_clean,5.89004,4.39215,5.87319,1.54457,1464.98,948.466,0.0,0.0,0.5138,0.332648,0.0,Co,Yes,Co,clean,Y,Y,Y,,N,,,,,,,,,,,,,,,,,,,,,,QUTTII_clean,157.6
QUWYEO_clean,4.99055,3.64708,4.98531,1.56862,445.43,283.963,0.0,0.0,0.3404,0.217006,0.0,Ca,No, ,clean,Y,Y,Y,,N,,,,,,,,,,,,,,,,,,,,,,QUWYEO_clean,377.5
QUXQUX_clean,5.17149,3.8322,5.17149,1.55185,476.457,307.026,0.0,0.0,0.3482,0.224378,0.0,Ca,No, ,clean,Y,Y,Y,,N,,,,,,,,,,,,,,,,,,,,,,QUXQUX_clean,368.5
QUXRAE_clean,5.03286,3.68439,5.03149,1.56261,456.108,291.888,0.0,0.0,0.3404,0.21784,0.0,Ca,No, ,clean,Y,Y,Y,,N,,,,,,,,,,,,,,,,,,,,,,QUXRAE_clean,362.4
QUXREI_clean,5.01673,3.67388,5.01071,1.5629,457.79,292.911,0.0,0.0,0.336,0.214985,0.0,Ca,No, ,clean,Y,Y,Y,,N,,,,,,,,,,,,,,,,,,,,,,QUXREI_clean,362.7
QUXRIM_clean,4.75182,4.31251,4.74788,1.55891,477.005,305.985,0.0,0.0,0.3332,0.213739,0.0,Ca,No, ,clean,Y,Y,Y,,N,,,,,,,,,,,,,,,,,,,,,,QUXRIM_clean,348.9
QUXROS_clean,5.0019,3.66108,4.98081,1.56447,446.305,285.275,0.0,0.0,0.341,0.217965,0.0,Ca,No, ,clean,Y,Y,Y,,N,,,,,,,,,,,,,,,,,,,,,,QUXROS_clean,364.6
QUXRUY_clean,4.90652,3.5734,4.90652,1.57471,420.432,266.99,0.0,0.0,0.3326,0.211213,0.0,Ca,No, ,clean,Y,Y,Y,,N,,,,,,,,,,,,,,,,,,,,,,QUXRUY_clean,358.0
QUZVEO_clean,9.48553,8.8403,9.48103,1.4036,1600.03,1139.94,0.0,0.0,0.619,0.441008,0.0,Dy,Yes,Dy,clean,Y,Y,Y,,N,,,,,,,,,,,,,,,,,,,,,,QUZVEO_clean,123.8
QUZZES_clean,5.06119,3.42679,5.05316,1.0324,1234.19,1195.46,0.0,0.0,0.5416,0.524604,0.0,Mg,No, ,clean,Y,Y,Y,,N,,,,,,,,,,,,,,,,,,,,,,QUZZES_clean,243.8
RABHAZ_clean,6.83344,4.71663,6.83296,1.06807,1813.41,1697.83,0.0,0.0,0.6246,0.584793,0.0,"Cd,Ni",Yes,Ni,clean,Y,Y,Y,,N,,,,,,,,,,,,,,,,,,,,,,RABHAZ_clean,275.4
RABHIH_clean,6.97329,4.88825,6.97329,0.93136,2191.25,2352.75,0.0,0.0,0.6512,0.699193,0.0,"Cd,Ni",Yes,Ni,clean,Y,Y,Y,,N,,,,,,,,,,,,,,,,,,,,,,RABHIH_clean,253.5
RACHUA_clean,10.9643,9.26908,10.9643,0.761133,2031.27,2668.75,0.0,0.0,0.7024,0.922834,0.0,Zn,Yes,Zn,clean,Y,Y,Y,,N,,,,,,,,,,,,,,,,,,,,,,RACHUA_clean,1171.7
RACZEC_clean,5.79552,5.04854,5.77825,1.51587,900.967,594.354,0.0,0.0,0.4678,0.308601,0.0,Co,No, ,clean,Y,Y,Y,,N,,,,,,,,,,,,,,,,,,,,,,RACZEC_clean,271.6
RAFNIV_clean,5.08011,4.95466,5.07716,1.28742,668.968,519.62,0.0,0.0,0.4346,0.337575,0.0,Ag,No, ,clean,Y,Y,Y,,N,,,,,,,,,,,,,,,,,,,,,,RAFNIV_clean,356.0
RAFNUH01_clean,5.42763,5.00502,5.42763,1.15566,1031.44,892.51,0.0,0.0,0.5104,0.441654,0.0,Ag,No, ,clean,Y,Y,Y,,N,,,,,,,,,,,,,,,,,,,,,,RAFNUH01_clean,321.8
RAFNUH_clean,4.89776,4.80325,4.89776,1.32249,640.157,484.055,0.0,0.0,0.4324,0.326959,0.0,Ag,No, ,clean,Y,Y,Y,,N,,,,,,,,,,,,,,,,,,,,,,RAFNUH_clean,180.6
RAGMOE_clean,5.90739,4.56726,5.89705,1.28251,410.79,320.302,304.548,237.463,0.4784,0.373019,0.0,La,No, ,clean,Y,Y,Y,,N,,,,,,,,,,,,,,,,,,,,,,RAGMOE_clean,267.0
RAHBUZ_clean,6.80616,5.48586,6.79539,1.14478,1985.3,1734.22,0.0,0.0,0.6386,0.557835,0.0,Zn,Yes,Zn,clean,N,Y,Y,,N,,,,,,,,,,,,,,,,,,,,,,RAHBUZ_clean,189.5
RAHMAP_clean,5.60258,3.44233,5.60258,1.27525,1106.44,867.624,0.0,0.0,0.5354,0.419839,0.0,Cu,Yes,Cu,clean,Y,Y,Y,,N,,,,,,,,,,,,,,,,,,,,,,RAHMAP_clean,155.0
RAHNOF_clean,19.03849,6.57368,19.03849,0.594852,2177.49,3660.55,0.0,0.0,0.7766,1.30553,0.0,Cu,Yes,Cu,clean,Y,Y,Y,,N,,,,,,,,,,,,,,,,,,,,,,RAHNOF_clean,326.2
RAJFAM_clean,5.76966,4.83521,5.76966,1.51984,1227.59,807.709,0.0,0.0,0.4906,0.322798,0.0,Co,Yes,Co,clean,Y,Y,Y,,N,,,,,,,,,,,,,,,,,,,,,,RAJFAM_clean,226.4
RAJFEQ_clean,6.16839,5.15091,6.14553,1.469,1288.74,877.291,0.0,0.0,0.5068,0.344997,0.0,Co,Yes,Co,clean,Y,Y,Y,,N,,,,,,,,,,,,,,,,,,,,,,RAJFEQ_clean,232.8
RAKCUC_clean,8.57661,7.89234,8.55843,1.19439,2063.73,1727.86,0.0,0.0,0.673,0.563469,0.0,Zn,No, ,clean,Y,Y,Y,,N,,,,,,,,,,,,,,,,,,,,,,RAKCUC_clean,258.3
RAKDAJ_clean,8.45824,7.8928,8.45069,1.20511,2057.23,1707.09,0.0,0.0,0.6724,0.557956,0.0,Zn,Yes,Zn,clean,Y,Y,Y,,N,,,,,,,,,,,,,,,,,,,,,,RAKDAJ_clean,390.1
RAKDEN_clean,8.39033,7.40998,8.36675,1.20923,2036.82,1684.4,0.0,0.0,0.668,0.55242,0.0,Zn,No, ,clean,Y,Y,Y,,N,,,,,,,,,,,,,,,,,,,,,,RAKDEN_clean,261.1
RAKMOF_clean,6.63021,4.74893,6.28969,1.14411,2264.35,1979.14,0.0,0.0,0.7132,0.623366,0.0,Cd,Yes,Cd,clean,Y,Y,Y,,N,,,,,,,,,,,,,,,,,,,,,,RAKMOF_clean,98.3
RANNOM_clean,5.69914,3.57907,5.69914,1.37889,1612.66,1169.53,0.0,0.0,0.555,0.402497,0.0,Eu,Yes,Eu,clean,Y,Y,Y,,N,,,,,,,,,,,,,,,,,,,,,,RANNOM_clean,211.4
RANNUS_clean,5.60983,3.56003,5.60983,1.35998,1546.68,1137.28,0.0,0.0,0.565,0.415449,0.0,Nd,Yes,Nd,clean,Y,Y,Y,,N,,,,,,,,,,,,,,,,,,,,,,RANNUS_clean,213.1
RANPAA_clean,6.05316,4.94809,6.0477,1.2743,1610.55,1263.87,0.0,0.0,0.5832,0.457663,0.0,La,Yes,La,clean,Y,Y,Y,,N,,,,,,,,,,,,,,,,,,,,,,RANPAA_clean,208.9
RANWAH_clean,16.74527,9.32901,16.72649,0.807635,1226.12,1518.16,378.27,468.367,0.6974,0.863509,0.0,Mn,Yes,Mn,clean,Y,Y,Y,,N,,,,,,,,,,,,,,,,,,,,,,RANWAH_clean,1111.1
RAPBOZ_clean,6.26431,4.41375,6.26263,1.54927,1120.19,723.042,0.0,0.0,0.4916,0.31731,0.0,Al,Yes,Al,clean,Y,Y,Y,,N,,,,,,,,,,,,,,,,,,,,,,RAPBOZ_clean,145.2
RAPYUE_clean,8.10283,5.74584,7.78942,0.857006,2630.83,3069.79,0.0,0.0,0.7212,0.841534,0.0,Zn,Yes,Zn,clean,Y,Y,Y,,N,,,,,,,,,,,,,,,,,,,,,,RAPYUE_clean,124.7
RASGAT_clean,7.32111,5.46808,7.222,1.5718,2726.03,1734.34,0.0,0.0,0.7354,0.467871,0.0,Cu,Yes,Cu,clean,Y,Y,Y,,N,,,,,,,,,,,,,,,,,,,,,,RASGAT_clean,109.7
RASKIH_clean,5.34593,4.56791,5.34593,1.18507,1106.86,934.001,0.0,0.0,0.485,0.409257,0.0,Mg,Yes,Mg,clean,N,Y,Y,,N,,,,,,,,,,,,,,,,,,,,,,RASKIH_clean,280.9
RASKON_clean,4.83097,3.827,4.78914,1.13652,871.617,766.914,0.0,0.0,0.4996,0.439586,0.0,Mg,Yes,Mg,clean,N,Y,Y,,N,,,,,,,,,,,,,,,,,,,,,,RASKON_clean,195.0
RASXEP01_clean,5.09989,3.45083,5.0749,2.38949,628.019,262.825,0.0,0.0,0.4048,0.169408,0.0,Sm,Yes,Sm,clean,N,Y,Y,,N,,,,,,,,,,,,,,,,,,,,,,RASXEP01_clean,178.8
RASXIT_clean,5.08501,3.51139,5.08501,2.43093,644.893,265.287,0.0,0.0,0.4018,0.165287,0.0,Eu,Yes,Eu,clean,N,Y,Y,,N,,,,,,,,,,,,,,,,,,,,,,RASXIT_clean,187.5
RATRUB_clean,5.58846,4.62948,5.58392,1.75407,1139.55,649.659,0.0,0.0,0.5118,0.291778,0.0,Tb,Yes,Tb,clean,N,Y,Y,,N,,,,,,,,,,,,,,,,,,,,,,RATRUB_clean,170.3
RATSAI_clean,5.60614,4.62847,5.47098,1.77494,1148.07,646.824,0.0,0.0,0.5046,0.284292,0.0,Dy,Yes,Dy,clean,N,Y,Y,,N,,,,,,,,,,,,,,,,,,,,,,RATSAI_clean,185.1
RAVJOP_clean,6.06205,4.36461,6.04226,1.22934,1821.97,1482.08,0.0,0.0,0.617,0.501897,0.0,Cd,Yes,Cd,clean,N,Y,Y,,N,,,,,,,,,,,,,,,,,,,,,,RAVJOP_clean,455.8
RAVVIU01_clean,4.59869,3.5679,4.59657,1.86048,691.944,371.917,0.0,0.0,0.4344,0.233488,0.0,Co,No, ,clean,Y,Y,Y,,N,,,,,,,,,,,,,,,,,,,,,,RAVVIU01_clean,205.6
RAVVIU_clean,4.57827,3.5768,4.571,1.86654,688.219,368.714,0.0,0.0,0.4312,0.231016,0.0,Co,No, ,clean,Y,Y,Y,,N,,,,,,,,,,,,,,,,,,,,,,RAVVIU_clean,203.1
RAVVUH_clean,17.18258,16.37707,17.18252,0.61117,1430.17,2340.05,0.0,0.0,0.7478,1.22355,0.0,Mg,Yes,Mg,clean,Y,Y,Y,,N,,,,,,,,,,,,,,,,,,,,,,RAVVUH_clean,156.9
RAVWAO_clean,17.92516,17.51395,17.92516,0.536552,1469.43,2738.65,0.0,0.0,0.7562,1.40937,0.0,Mg,Yes,Mg,clean,Y,Y,Y,,N,,,,,,,,,,,,,,,,,,,,,,RAVWAO_clean,237.2
RAVWES_clean,24.44059,23.62721,24.44059,0.439059,1246.56,2839.17,0.0,0.0,0.7912,1.80203,0.0,Mg,Yes,Mg,clean,Y,Y,Y,,N,,,,,,,,,,,,,,,,,,,,,,RAVWES_clean,188.4
RAVWIW_clean,30.70055,30.14408,30.70055,0.362219,1156.23,3192.07,0.0,0.0,0.82,2.26383,0.0,Mg,Yes,Mg,clean,Y,Y,Y,,N,,,,,,,,,,,,,,,,,,,,,,RAVWIW_clean,139.6
RAVWOC_clean,28.21772,27.5597,28.21772,0.383766,1182.94,3082.47,0.0,0.0,0.7968,2.07627,0.0,Mg,Yes,Mg,clean,Y,Y,Y,,N,,,,,,,,,,,,,,,,,,,,,,RAVWOC_clean,141.1
RAVWUI_clean,36.78756,36.43313,36.78756,0.334728,1010.86,3019.95,0.0,0.0,0.8506,2.54117,0.0,Zn,Yes,Zn,clean,Y,Y,Y,,N,,,,,,,,,,,,,,,,,,,,,,RAVWUI_clean,168.6
RAVXAP_clean,34.85961,34.35542,34.85961,0.286106,1008.2,3523.86,0.0,0.0,0.8406,2.93808,0.0,Mg,Yes,Mg,clean,Y,Y,Y,,N,,,,,,,,,,,,,,,,,,,,,,RAVXAP_clean,250.1
RAVXET_clean,38.22812,38.06649,38.22812,0.326773,945.437,2893.25,0.0,0.0,0.8304,2.54121,0.0,Mg,Yes,Mg,clean,Y,Y,Y,,N,,,,,,,,,,,,,,,,,,,,,,RAVXET_clean,271.9
RAVXIX_clean,53.57674,53.26429,53.57674,0.23463,734.576,3130.78,0.0,0.0,0.8668,3.69432,0.0,Mg,No, ,clean,Y,Y,Y,,N,,,,,,,,,,,,,,,,,,,,,,RAVXIX_clean,329.1
RAVXOD_clean,71.64119,71.50197,71.64119,0.179103,619.991,3461.66,0.0,0.0,0.8986,5.01724,0.0,Mg,Yes,Mg,clean,Y,Y,Y,,N,,,,,,,,,,,,,,,,,,,,,,RAVXOD_clean,431.9
RAWZIA_clean,5.39589,4.8012,5.39589,1.33412,1219.23,913.881,0.0,0.0,0.473,0.35454,0.0,Al,No, ,clean,Y,Y,Y,,N,,,,,,,,,,,,,,,,,,,,,,RAWZIA_clean,225.1
RAXQEO_clean,8.85312,4.24768,8.85312,0.848051,1428.37,1684.3,0.0,0.0,0.631,0.744059,0.0,Cu,Yes,Cu,clean,Y,Y,Y,,N,,,,,,,,,,,,,,,,,,,,,,RAXQEO_clean,284.5
RAYFAA_clean,15.81778,9.45289,13.62877,0.959285,1554.88,1620.88,0.0,0.0,0.6988,0.728459,0.0,Cu,Yes,Cu,clean,Y,Y,Y,,N,,,,,,,,,,,,,,,,,,,,,,RAYFAA_clean,285.8
RAYFEE_clean,13.87561,10.03609,13.87561,0.965847,1665.9,1724.8,0.0,0.0,0.7062,0.731172,0.0,Cu,Yes,Cu,clean,Y,Y,Y,,N,,,,,,,,,,,,,,,,,,,,,,RAYFEE_clean,195.5
RAYKIN_clean,9.49471,7.12348,9.49471,1.03474,1089.85,1053.26,0.0,0.0,0.5584,0.539655,0.0,Zn,Yes,Zn,clean,Y,Y,Y,,N,,,,,,,,,,,,,,,,,,,,,,RAYKIN_clean,365.4
RAYLAG_clean,8.06325,5.70271,8.06325,1.05948,1118.14,1055.37,0.0,0.0,0.5424,0.511951,0.0,Zn,Yes,Zn,clean,Y,Y,Y,,N,,,,,,,,,,,,,,,,,,,,,,RAYLAG_clean,360.3
RAYLOU_clean,6.83933,5.19617,6.83933,1.09861,1246.82,1134.91,0.0,0.0,0.5274,0.480063,0.0,Zn,Yes,Zn,clean,Y,Y,Y,,N,,,,,,,,,,,,,,,,,,,,,,RAYLOU_clean,363.5
RAYMAG_clean,6.11234,4.00379,6.11037,0.853384,2274.69,2665.5,0.0,0.0,0.6316,0.740112,0.0,Co,Yes,Co,clean,Y,Y,Y,,N,,,,,,,,,,,,,,,,,,,,,,RAYMAG_clean,201.8
RAYMIP_clean,13.47425,9.8037,13.46784,0.502799,2109.81,4196.14,0.0,0.0,0.8088,1.6086,0.0,In,Yes,In,clean,Y,Y,Y,,N,,,,,,,,,,,,,,,,,,,,,,RAYMIP_clean,201.1
RAYMOV_clean,13.90455,9.65699,13.67506,0.424006,2112.55,4982.37,0.0,0.0,0.8122,1.91554,0.0,Mn,Yes,Mn,clean,Y,Y,Y,,N,,,,,,,,,,,,,,,,,,,,,,RAYMOV_clean,203.1
RAZGOQ_clean,5.22922,5.1443,5.20974,1.6171,770.443,476.435,163.357,101.019,0.5102,0.315503,0.0,Cu,Yes,Cu,clean,Y,Y,Y,,N,,,,,,,,,,,,,,,,,,,,,,RAZGOQ_clean,225.7
RAZXIA02_clean,7.82014,4.3293,7.82014,1.54095,1272.68,825.908,0.0,0.0,0.459,0.297868,0.0,"K,Co",Yes,K,clean,Y,Y,Y,,N,,,,,,,,,,,,,,,,,,,,,,RAZXIA02_clean,231.1
RAZXIA_clean,7.67887,4.23308,7.64737,1.56136,1212.02,776.259,0.0,0.0,0.456,0.292053,0.0,"K,Co",Yes,K,clean,Y,Y,Y,,N,,,,,,,,,,,,,,,,,,,,,,RAZXIA_clean,270.7
RAZYIC_clean,7.88308,6.20532,7.88308,1.40501,1615.19,1149.59,0.0,0.0,0.5966,0.424622,0.0,Cu,No, ,clean,Y,Y,Y,,N,,,,,,,,,,,,,,,,,,,,,,RAZYIC_clean,221.3
RAZYOI_clean,7.72531,5.99694,7.71841,1.07668,1740.27,1616.34,0.0,0.0,0.608,0.564701,0.0,Cu,No, ,clean,Y,Y,Y,,N,,,,,,,,,,,,,,,,,,,,,,RAZYOI_clean,174.9
REDROI_clean,5.11492,3.52421,4.97096,1.62315,751.494,462.985,0.0,0.0,0.4856,0.299172,0.0,Zn,No, ,clean,Y,Y,Y,,N,,,,,,,,,,,,,,,,,,,,,,REDROI_clean,233.5
REDYEG_clean,6.00247,5.30071,6.00247,1.71779,1047.72,609.926,0.0,0.0,0.4804,0.279662,0.0,Zn,No, ,clean,Y,Y,Y,,N,,,,,,,,,,,,,,,,,,,,,,REDYEG_clean,227.0
REFJET_clean,6.27741,5.87074,6.27741,1.48318,1233.99,831.987,0.0,0.0,0.4452,0.300165,0.000134845,"In,K",Yes,"In,K",clean,Y,Y,Y,,N,,,,,,,,,,,,,,,,,,,,,,REFJET_clean,205.9
REFTON_SL,6.52014,5.78584,6.51985,1.60919,731.041,454.292,0.0,0.0,0.4398,0.273306,0.0,"Cd,Zn",Yes,Zn,SL,Y,Y,Y,,N,,,,,,,,,,,,,,,,,,,,,,REFTON_SL,292.1
REFTUT_clean,6.62287,5.81813,6.60232,1.44048,711.488,493.924,0.0,0.0,0.4434,0.307814,0.0,"Ca,Zn",Yes,Zn,clean,Y,Y,Y,,N,,,,,,,,,,,,,,,,,,,,,,REFTUT_clean,289.7
REGJIW01_clean,4.19061,3.96956,4.19061,2.19605,565.019,257.289,0.0,0.0,0.3638,0.165661,0.0,Co,No, ,clean,Y,Y,Y,,N,,,,,,,,,,,,,,,,,,,,,,REGJIW01_clean,202.6
REGJIW02_clean,4.15601,3.75321,4.15601,2.20306,528.853,240.053,0.0,0.0,0.3622,0.164407,0.0,Co,No, ,clean,Y,Y,Y,,N,,,,,,,,,,,,,,,,,,,,,,REGJIW02_clean,200.9
REGJIW_clean,4.22072,4.03217,4.22072,2.18549,633.476,289.856,0.0,0.0,0.367,0.167926,0.0,Co,No, ,clean,Y,Y,Y,,N,,,,,,,,,,,,,,,,,,,,,,REGJIW_clean,202.0
REGMOH_clean,5.75637,3.63199,5.752,1.21306,695.864,573.642,0.0,0.0,0.461,0.380029,0.0,Ni,No, ,clean,Y,Y,Y,,N,,,,,,,,,,,,,,,,,,,,,,REGMOH_clean,486.4
REGMUN_clean,5.53731,3.62481,5.51122,1.21407,657.252,541.362,0.0,0.0,0.452,0.372301,0.0,Co,No, ,clean,Y,Y,Y,,N,,,,,,,,,,,,,,,,,,,,,,REGMUN_clean,476.1
REGQUR_clean,6.37556,5.47534,6.06532,1.03259,2464.11,2386.34,0.0,0.0,0.6836,0.662025,0.0,Zn,Yes,Zn,clean,Y,Y,Y,,N,,,,,,,,,,,,,,,,,,,,,,REGQUR_clean,179.1
REGRAY_clean,9.45537,5.54963,9.26082,0.925798,2318.33,2504.14,0.0,0.0,0.7126,0.769715,0.0,Zn,Yes,Zn,clean,Y,Y,Y,,N,,,,,,,,,,,,,,,,,,,,,,REGRAY_clean,163.3
REGREC_clean,7.78665,6.48187,7.78665,0.899667,2411.03,2679.92,0.0,0.0,0.7204,0.800741,0.0,Zn,Yes,Zn,clean,Y,Y,Y,,N,,,,,,,,,,,,,,,,,,,,,,REGREC_clean,275.8
REGRIG_clean,9.2158,6.6287,9.19553,0.813635,2298.6,2825.1,0.0,0.0,0.7402,0.909744,0.0,Zn,Yes,Zn,clean,Y,Y,Y,,N,,,,,,,,,,,,,,,,,,,,,,REGRIG_clean,190.3
REHHOD_clean,9.5023,7.30426,9.5023,0.978772,2065.68,2110.48,0.0,0.0,0.6764,0.69107,0.0,Cd,Yes,Cd,clean,Y,Y,Y,,N,,,,,,,,,,,,,,,,,,,,,,REHHOD_clean,228.8
REHVAD_clean,5.39014,4.09776,5.39014,1.21945,848.775,696.033,0.0,0.0,0.4626,0.379352,0.0,Co,No, ,clean,Y,Y,Y,,N,,,,,,,,,,,,,,,,,,,,,,REHVAD_clean,457.6
REHVEH_clean,5.09966,4.72276,5.09966,1.21463,819.918,675.033,0.0,0.0,0.4664,0.383984,0.0,Co,No, ,clean,Y,Y,Y,,N,,,,,,,,,,,,,,,,,,,,,,REHVEH_clean,526.2
REJLAU_clean,4.47497,3.84758,4.42236,1.74913,1220.58,697.821,0.0,0.0,0.5078,0.290316,0.0,Cu,Yes,Cu,clean,Y,Y,Y,,N,,,,,,,,,,,,,,,,,,,,,,REJLAU_clean,330.7
REJLEY_clean,5.1864,4.84916,5.1864,1.17199,1483.96,1266.19,0.0,0.0,0.5272,0.449833,0.0,Co,No, ,clean,Y,Y,Y,,N,,,,,,,,,,,,,,,,,,,,,,REJLEY_clean,217.2
REJLIC_clean,7.01256,4.27999,7.01256,1.09096,1719.24,1575.89,0.0,0.0,0.5716,0.523941,0.0,Co,No, ,clean,Y,Y,Y,,N,,,,,,,,,,,,,,,,,,,,,,REJLIC_clean,249.7
REJVOS_clean,4.89378,3.67275,4.89056,1.38833,813.018,585.609,0.0,0.0,0.4646,0.334647,0.0,Mg,No, ,clean,Y,Y,Y,,N,,,,,,,,,,,,,,,,,,,,,,REJVOS_clean,197.9
RESQAJ_clean,5.3045,3.72656,5.30006,1.51504,527.124,347.927,0.0,0.0,0.4244,0.280124,0.0,Cd,Yes,Cd,clean,Y,Y,Y,,N,,,,,,,,,,,,,,,,,,,,,,RESQAJ_clean,308.1
RESSAK_clean,5.33635,3.74229,5.33635,1.17983,1069.98,906.899,0.0,0.0,0.5116,0.433623,0.0,Ni,Yes,Ni,clean,Y,Y,Y,,N,,,,,,,,,,,,,,,,,,,,,,RESSAK_clean,230.0
RETBEZ_clean,5.70035,3.74465,5.68395,1.36188,872.92,640.965,0.0,0.0,0.4694,0.344669,0.0,Zn,Yes,Zn,clean,Y,Y,Y,,N,,,,,,,,,,,,,,,,,,,,,,RETBEZ_clean,383.8
REVYUO_clean,4.59119,3.58129,4.35696,1.13884,1005.06,882.529,15.2393,13.3814,0.5666,0.497524,0.0,Cd,No, ,clean,Y,Y,Y,,N,,,,,,,,,,,,,,,,,,,,,,REVYUO_clean,337.8
REWLEM_clean_h,12.46985,5.92009,12.2403,0.703058,2170.85,3087.73,0.0,0.0,0.7184,1.02182,0.0,"Cu,Zn",Yes,"Cu,Zn",clean_h,N,Y,Y,,N,,,,,,,,,,,,,,,,,,,,,,REWLEM_clean_h,302.1
REWNEO01_clean,18.51106,6.94262,11.7916,0.597667,2260.57,3782.32,0.0,0.0,0.7806,1.30608,0.0,Cu,Yes,Cu,clean,Y,Y,Y,,N,,,,,,,,,,,,,,,,,,,,,,REWNEO01_clean,234.3
REWNEO_clean,19.37323,6.76945,10.17378,0.57834,2196.18,3797.39,0.0,0.0,0.79,1.36598,0.0,Cu,Yes,Cu,clean,Y,Y,Y,,N,,,,,,,,,,,,,,,,,,,,,,REWNEO_clean,237.5
REWSUJ_clean,7.20015,5.05884,7.19749,1.17107,1370.13,1169.98,0.0,0.0,0.5526,0.471877,0.0,Dy,Yes,Dy,clean,Y,Y,Y,,N,,,,,,,,,,,,,,,,,,,,,,REWSUJ_clean,265.0
REXCII_clean,8.08493,5.70512,8.08493,1.37969,1708.34,1238.2,0.0,0.0,0.6152,0.445897,0.0,Zn,No, ,clean,Y,Y,Y,,N,,,,,,,,,,,,,,,,,,,,,,REXCII_clean,167.9
REXCOO_clean,8.77219,5.8473,8.77219,1.32352,1734.33,1310.39,0.0,0.0,0.6516,0.492323,0.0,Zn,No, ,clean,Y,Y,Y,,N,,,,,,,,,,,,,,,,,,,,,,REXCOO_clean,169.5
REXCUU_clean,8.63785,5.56771,8.63785,1.36162,1719.14,1262.57,0.0,0.0,0.6254,0.459305,0.0,Zn,No, ,clean,Y,Y,Y,,N,,,,,,,,,,,,,,,,,,,,,,REXCUU_clean,167.4
REXDEF_clean,8.48446,5.31586,8.48446,1.36884,1680.23,1227.48,0.0,0.0,0.6354,0.464188,0.0,Zn,No, ,clean,Y,Y,Y,,N,,,,,,,,,,,,,,,,,,,,,,REXDEF_clean,168.9
REXDIJ_clean,8.90631,7.09895,8.90631,1.2857,1723.1,1340.2,0.0,0.0,0.6524,0.507429,0.0,Zn,No, ,clean,Y,Y,Y,,N,,,,,,,,,,,,,,,,,,,,,,REXDIJ_clean,170.6
REXDOP_clean,10.39698,6.23971,7.4603,1.26275,1736.17,1374.91,0.0,0.0,0.6598,0.522512,0.0,Zn,No, ,clean,Y,Y,Y,,N,,,,,,,,,,,,,,,,,,,,,,REXDOP_clean,167.5
REXDUV_clean,8.6384,5.67843,8.6331,1.35953,1719.61,1264.86,0.0,0.0,0.6318,0.464721,0.0,Zn,No, ,clean,Y,Y,Y,,N,,,,,,,,,,,,,,,,,,,,,,REXDUV_clean,173.5
REXFAD_clean,8.37909,6.69323,8.37909,1.32806,1739.82,1310.04,0.0,0.0,0.6402,0.482057,0.0,Zn,Yes,Zn,clean,Y,Y,Y,,N,,,,,,,,,,,,,,,,,,,,,,REXFAD_clean,166.1
REXFEH_clean,9.20954,5.96123,9.20203,1.33437,1715.88,1285.91,0.0,0.0,0.627,0.469885,0.0,Zn,No, ,clean,Y,Y,Y,,N,,,,,,,,,,,,,,,,,,,,,,REXFEH_clean,169.5
REXFIL_clean,8.77344,5.77864,8.77344,1.35848,1719.23,1265.56,0.0,0.0,0.6372,0.469054,0.0,Zn,Yes,Zn,clean,Y,Y,Y,,N,,,,,,,,,,,,,,,,,,,,,,REXFIL_clean,169.9
REXFOR_clean,8.55578,6.22037,8.55578,1.35087,1711.36,1266.85,0.0,0.0,0.6414,0.474804,0.0,Zn,No, ,clean,Y,Y,Y,,N,,,,,,,,,,,,,,,,,,,,,,REXFOR_clean,169.5
REYBAA_clean,4.19945,3.50951,4.19839,1.29344,533.841,412.731,0.0,0.0,0.4586,0.35456,0.0,Zn,No, ,clean,Y,Y,Y,,N,,,,,,,,,,,,,,,,,,,,,,REYBAA_clean,281.2
REYJEM_clean,10.02209,6.26863,9.82831,0.811705,2149.78,2648.47,0.0,0.0,0.7198,0.886775,0.0,In,No, ,clean,Y,Y,Y,,N,,,,,,,,,,,,,,,,,,,,,,REYJEM_clean,206.8
REYMOZ_clean,13.17296,6.59717,13.17189,0.883255,2124.84,2405.69,0.0,0.0,0.7188,0.813808,0.0,Cu,Yes,Cu,clean,Y,Y,Y,,N,,,,,,,,,,,,,,,,,,,,,,REYMOZ_clean,570.2
REYPES_clean,6.75417,5.73604,6.69554,1.53002,424.431,277.402,27.8439,18.1983,0.422,0.275813,0.0,Zn,Yes,Zn,clean,Y,Y,Y,,N,,,,,,,,,,,,,,,,,,,,,,REYPES_clean,475.8
REYPIW_clean,5.40721,5.27542,5.40721,1.18423,1439.71,1215.73,0.0,0.0,0.5374,0.453797,0.0,Zn,No, ,clean,Y,Y,Y,,N,,,,,,,,,,,,,,,,,,,,,,REYPIW_clean,220.7
REZVAU_clean,5.17319,4.55903,5.17319,1.10092,1367.69,1242.32,0.0,0.0,0.552,0.5014,0.0,Co,Yes,Co,clean,Y,Y,Y,,N,,,,,,,,,,,,,,,,,,,,,,REZVAU_clean,250.0
REZXEA_clean,10.58306,9.90235,10.58306,0.641816,2266.19,3530.9,0.0,0.0,0.7602,1.18445,0.0,Cr,Yes,Cr,clean,Y,Y,Y,,N,,,,,,,,,,,,,,,,,,,,,,REZXEA_clean,109.0
REZXIE01_clean,8.61957,8.10066,8.61957,0.817919,2366.84,2893.73,0.0,0.0,0.7116,0.870012,0.0,Fe,Yes,Fe,clean,Y,Y,Y,,N,,,,,,,,,,,,,,,,,,,,,,REZXIE01_clean,135.7
REZXIE_clean,8.61965,8.10074,8.61965,0.817908,2366.92,2893.87,0.0,0.0,0.7116,0.870025,0.0,Fe,Yes,Fe,clean,Y,Y,Y,,N,,,,,,,,,,,,,,,,,,,,,,REZXIE_clean,130.1
REZXOK_clean,14.21059,13.62195,14.20905,0.470058,1999.64,4254.04,0.0,0.0,0.8176,1.73936,0.0,Fe,Yes,Fe,clean,Y,Y,Y,,N,,,,,,,,,,,,,,,,,,,,,,REZXOK_clean,85.3
REZXUQ_clean,15.26291,13.95995,15.26291,0.361934,1754.08,4846.42,0.0,0.0,0.8582,2.37115,0.0,Cr,Yes,Cr,clean,Y,Y,Y,,N,,,,,,,,,,,,,,,,,,,,,,REZXUQ_clean,100.2
RIBDAJ_clean,5.97505,5.0342,5.95251,0.92739,2392.13,2579.42,0.0,0.0,0.666,0.718144,0.0,Ni,No, ,clean,N,Y,Y,,N,,,,,,,,,,,,,,,,,,,,,,RIBDAJ_clean,145.9
RIBDEN_clean,6.08901,5.09508,6.08573,0.93229,2330.9,2500.19,0.0,0.0,0.6512,0.698495,0.0,Co,No, ,clean,N,Y,Y,,N,,,,,,,,,,,,,,,,,,,,,,RIBDEN_clean,147.2
RIBTAZ_clean,7.94342,5.01622,7.94342,0.877067,2617.13,2983.95,0.0,0.0,0.7178,0.818409,0.0,Cu,Yes,Cu,clean,Y,Y,Y,,N,,,,,,,,,,,,,,,,,,,,,,RIBTAZ_clean,211.2
RICBEM_clean,11.37522,8.59238,11.37522,0.399184,2277.32,5704.93,0.0,0.0,0.821,2.0567,0.0,Cu,Yes,Cu,clean,Y,Y,Y,,N,,,,,,,,,,,,,,,,,,,,,,RICBEM_clean,233.2
RICHIV_clean,4.32733,3.40584,4.32733,1.68108,513.916,305.705,0.0,0.0,0.4398,0.261617,0.0,La,No, ,clean,Y,Y,Y,,N,,,,,,,,,,,,,,,,,,,,,,RICHIV_clean,229.6
RIFDUG01_clean,13.00544,6.82625,13.00544,0.86753,2060.89,2375.58,0.0,0.0,0.7198,0.829712,0.0,Zn,Yes,Zn,clean,Y,Y,Y,,N,,,,,,,,,,,,,,,,,,,,,,RIFDUG01_clean,146.8
RIFGAQ_clean,13.18615,6.52783,13.17424,0.879718,2150.81,2444.89,0.0,0.0,0.7148,0.812533,0.0,Cu,Yes,Cu,clean,Y,Y,Y,,N,,,,,,,,,,,,,,,,,,,,,,RIFGAQ_clean,594.1
RIFMIE_clean,5.81313,3.54807,5.80072,1.27517,844.386,662.176,100.563,78.8628,0.5018,0.393516,0.0,"La,Ni",Yes,La,clean,Y,Y,Y,,N,,,,,,,,,,,,,,,,,,,,,,RIFMIE_clean,267.8
RIFQUT_clean,5.6172,4.23676,5.6163,1.93171,1255.63,650.01,0.0,0.0,0.475,0.245896,0.0,Co,Yes,Co,clean,Y,Y,Y,,N,,,,,,,,,,,,,,,,,,,,,,RIFQUT_clean,222.8
RIFSOQ_clean,12.93918,4.8446,12.92898,0.716983,1922.33,2681.14,0.0,0.0,0.6812,0.950093,0.0,Co,No, ,clean,Y,Y,Y,,N,,,,,,,,,,,,,,,,,,,,,,RIFSOQ_clean,2182.5
RIGPEE01_clean,4.32886,3.44721,4.31075,1.25081,566.106,452.592,0.0,0.0,0.462,0.369361,0.0,Cu,Yes,Cu,clean,Y,Y,Y,,N,,,,,,,,,,,,,,,,,,,,,,RIGPEE01_clean,319.3
RIGPEE_clean,4.3699,3.50423,4.34774,1.23163,597.681,485.277,0.0,0.0,0.468,0.379984,0.0,Cu,Yes,Cu,clean,Y,Y,Y,,N,,,,,,,,,,,,,,,,,,,,,,RIGPEE_clean,261.8
RIGTIL_clean,6.02864,4.29629,6.02864,1.13222,1723.76,1522.46,0.0,0.0,0.6098,0.538588,0.0,Zn,No, ,clean,Y,Y,Y,,N,,,,,,,,,,,,,,,,,,,,,,RIGTIL_clean,157.5
RIGVOU_clean,4.93156,4.16902,4.92505,2.31703,753.709,325.291,0.0,0.0,0.3776,0.162967,0.0,Eu,No, ,clean,Y,Y,Y,,N,,,,,,,,,,,,,,,,,,,,,,RIGVOU_clean,210.7
RIGWIP_clean,5.39694,5.17369,5.38654,2.25257,825.556,366.496,0.0,0.0,0.3946,0.175178,0.0,Eu,No, ,clean,Y,Y,Y,,N,,,,,,,,,,,,,,,,,,,,,,RIGWIP_clean,205.9
RINSEM_clean,5.77452,4.19628,5.77452,1.18323,2019.49,1706.76,0.0,0.0,0.6626,0.559992,0.0,Zn,No, ,clean,Y,Y,Y,,N,,,,,,,,,,,,,,,,,,,,,,RINSEM_clean,88.9
RIPKIM01_clean,7.23442,6.64943,7.23442,1.25736,958.585,762.382,0.0,0.0,0.4932,0.392252,0.0,Cu,No, ,clean,Y,Y,Y,,N,,,,,,,,,,,,,,,,,,,,,,RIPKIM01_clean,280.0
RIPKIM_clean,7.16555,6.65101,7.16555,1.28891,929.295,720.995,0.0,0.0,0.4824,0.374271,0.0,Cu,No, ,clean,Y,Y,Y,,N,,,,,,,,,,,,,,,,,,,,,,RIPKIM_clean,305.4
RIPNIP_clean,5.40468,4.16071,5.24069,1.54847,1362.91,880.165,0.0,0.0,0.5192,0.335298,0.0,Zn,Yes,Zn,clean,N,Y,Y,,N,,,,,,,,,,,,,,,,,,,,,,RIPNIP_clean,234.9
RIPTEQ_clean,5.96,4.10144,5.96,2.02284,1713.13,846.891,0.0,0.0,0.5442,0.269027,0.0,"Mo,Na,Zn",Yes,"Mo,Na",clean,Y,Y,Y,,N,,,,,,,,,,,,,,,,,,,,,,RIPTEQ_clean,184.0
RIRDED_clean,8.69638,4.93276,7.75095,1.22642,1303.46,1062.82,0.0,0.0,0.5456,0.444872,0.0,Co,Yes,Co,clean,Y,Y,Y,,N,,,,,,,,,,,,,,,,,,,,,,RIRDED_clean,524.1
RITGIM_clean,5.22026,3.78444,5.12438,2.19337,1554.84,708.882,0.0,0.0,0.5434,0.247747,0.0,Ag,Yes,Ag,clean,N,Y,Y,,N,,,,,,,,,,,,,,,,,,,,,,RITGIM_clean,242.1
RIVDEF_clean,4.74355,4.40879,4.74355,1.30487,1087.67,833.549,0.0,0.0,0.5116,0.392069,0.0,Cd,No, ,clean,Y,Y,Y,,N,,,,,,,,,,,,,,,,,,,,,,RIVDEF_clean,307.3
RIWMUH_clean,10.50032,10.04767,10.50032,0.982459,1440.31,1466.03,0.0,0.0,0.6132,0.624148,0.0,Cu,Yes,Cu,clean,Y,Y,Y,,N,,,,,,,,,,,,,,,,,,,,,,RIWMUH_clean,420.1
RIWSUM_clean,5.96762,4.61739,5.59799,1.1098,1315.0,1184.9,1.14823,1.03463,0.578,0.520815,0.0,Cd,Yes,Cd,clean,N,Y,Y,,N,,,,,,,,,,,,,,,,,,,,,,RIWSUM_clean,319.4
RIXBEG_clean,6.00946,4.04752,5.99904,1.21211,664.521,548.234,0.0,0.0,0.4704,0.388083,0.0,Mn,Yes,Mn,clean,Y,Y,Y,,N,,,,,,,,,,,,,,,,,,,,,,RIXBEG_clean,482.5
RIXBIK_clean,6.35159,4.65776,6.34133,1.14836,1013.62,882.673,0.0,0.0,0.5162,0.449512,0.0,Mn,Yes,Mn,clean,Y,Y,Y,,N,,,,,,,,,,,,,,,,,,,,,,RIXBIK_clean,398.4
RIXPIZ_clean,9.94535,8.42715,9.94535,0.56995,2088.86,3665.0,0.0,0.0,0.7428,1.30327,0.0,Al,No, ,clean,Y,Y,Y,,N,,,,,,,,,,,,,,,,,,,,,,RIXPIZ_clean,198.6
RIYBAE_clean,8.18384,7.49831,8.16337,1.22176,2051.61,1679.23,0.0,0.0,0.667,0.545934,0.0,Zn,No, ,clean,Y,Y,Y,,N,,,,,,,,,,,,,,,,,,,,,,RIYBAE_clean,383.6
RIYBEI_clean,8.30815,7.80553,8.30815,1.20426,2064.05,1713.96,0.0,0.0,0.6688,0.555362,0.0,Zn,No, ,clean,Y,Y,Y,,N,,,,,,,,,,,,,,,,,,,,,,RIYBEI_clean,468.9
RIYBIM_clean,8.35741,7.50788,8.28491,1.24126,2090.26,1683.99,0.0,0.0,0.6636,0.534619,0.0,Zn,No, ,clean,Y,Y,Y,,N,,,,,,,,,,,,,,,,,,,,,,RIYBIM_clean,478.9
RIYBOS_clean,8.27117,7.50835,8.18647,1.23809,2073.81,1675.0,0.0,0.0,0.6628,0.535339,0.0,Zn,Yes,Zn,clean,Y,Y,Y,,N,,,,,,,,,,,,,,,,,,,,,,RIYBOS_clean,488.8
RIYWED_clean,4.63321,3.54746,4.62492,1.48698,355.273,238.923,0.0,0.0,0.3958,0.266178,0.0,Ca,Yes,Ca,clean,Y,Y,Y,,N,,,,,,,,,,,,,,,,,,,,,,RIYWED_clean,371.3
RIYWIH_clean,4.61736,3.75355,4.61736,1.46943,261.851,178.199,75.8401,51.612,0.4096,0.278748,0.0,Ca,Yes,Ca,clean,Y,Y,Y,,N,,,,,,,,,,,,,,,,,,,,,,RIYWIH_clean,334.7
RIYXIG_clean,5.32542,4.68558,5.29552,1.52248,1574.19,1033.97,0.0,0.0,0.575,0.377674,0.0,Ag,Yes,Ag,clean,Y,Y,Y,,N,,,,,,,,,,,,,,,,,,,,,,RIYXIG_clean,208.3
ROBWAH_clean,5.06604,4.01581,5.06032,1.4577,413.629,283.754,105.001,72.0315,0.443,0.303902,0.0,Ag,Yes,Ag,clean,Y,Y,Y,,N,,,,,,,,,,,,,,,,,,,,,,ROBWAH_clean,247.8
ROCZAM_clean,5.6803,4.28854,5.40999,1.1313,2335.01,2064.0,0.0,0.0,0.6432,0.568548,0.0,Cd,Yes,Cd,clean,Y,Y,Y,,N,,,,,,,,,,,,,,,,,,,,,,ROCZAM_clean,198.9
ROCZEQ_clean,5.8918,4.42295,5.82087,1.11408,2330.31,2091.69,0.0,0.0,0.6462,0.580029,0.0,Cd,Yes,Cd,clean,Y,Y,Y,,N,,,,,,,,,,,,,,,,,,,,,,ROCZEQ_clean,199.7
ROCZIU_clean,6.78863,5.28492,6.57422,1.08447,2132.05,1965.99,0.0,0.0,0.649,0.598451,0.0,Cd,Yes,Cd,clean,Y,Y,Y,,N,,,,,,,,,,,,,,,,,,,,,,ROCZIU_clean,118.1
ROCZOA_clean,6.50104,5.23642,6.50104,0.958325,2491.0,2599.32,0.0,0.0,0.685,0.714789,0.0,Cd,Yes,Cd,clean,Y,Y,Y,,N,,,,,,,,,,,,,,,,,,,,,,ROCZOA_clean,155.0
ROCZUG_clean,6.74711,5.16908,6.7416,0.926118,2487.32,2685.75,0.0,0.0,0.688,0.742886,0.0,Cd,Yes,Cd,clean,Y,Y,Y,,N,,,,,,,,,,,,,,,,,,,,,,ROCZUG_clean,158.2
RODBAP_clean,7.01898,5.1049,7.00748,0.913193,2450.75,2683.71,0.0,0.0,0.7006,0.767198,0.0,Cd,Yes,Cd,clean,Y,Y,Y,,N,,,,,,,,,,,,,,,,,,,,,,RODBAP_clean,155.7
ROGLOP_clean,5.33017,3.84032,5.33017,1.2463,995.82,799.02,0.0,0.0,0.527,0.422851,0.0,Ni,Yes,Ni,clean,Y,Y,Y,,N,,,,,,,,,,,,,,,,,,,,,,ROGLOP_clean,277.8
ROGSAI_clean,7.26111,4.49108,7.2508,1.17019,1831.91,1565.48,0.0,0.0,0.6072,0.51889,0.0,Ni,Yes,Ni,clean,Y,Y,Y,,N,,,,,,,,,,,,,,,,,,,,,,ROGSAI_clean,214.1
ROLZEZ_clean,6.54271,5.20454,6.54271,1.10411,1262.09,1143.08,86.4297,78.2797,0.5632,0.510092,0.0,Eu,No, ,clean,Y,Y,Y,,N,,,,,,,,,,,,,,,,,,,,,,ROLZEZ_clean,234.4
ROMQAN_clean,4.67601,3.58614,4.53668,1.50157,646.168,430.33,0.0,0.0,0.452,0.301019,0.0,Zn,Yes,Zn,clean,Y,Y,Y,,N,,,,,,,,,,,,,,,,,,,,,,ROMQAN_clean,332.5
RONCIG_clean,9.09448,7.62606,9.09448,1.45289,1203.19,828.136,0.0,0.0,0.5812,0.400029,0.0,"Cu,Gd",Yes,Cu,clean,Y,Y,Y,,N,,,,,,,,,,,,,,,,,,,,,,RONCIG_clean,141.4
RONSIY_clean,5.08447,4.36113,5.07274,1.22435,722.372,590.005,0.0,0.0,0.469,0.38306,0.0,Cu,Yes,Cu,clean,Y,Y,Y,,N,,,,,,,,,,,,,,,,,,,,,,RONSIY_clean,380.3
RONSOC_clean,9.61015,5.51941,9.61015,1.44392,1795.25,1243.32,0.0,0.0,0.604,0.418306,0.0,Fe,No, ,clean,Y,Y,Y,,N,,,,,,,,,,,,,,,,,,,,,,RONSOC_clean,115.9
RONWIA_clean,5.83208,4.50922,5.82484,1.11758,1988.36,1779.17,0.0,0.0,0.6574,0.588235,0.0,Cu,Yes,Cu,clean,Y,Y,Y,,N,,,,,,,,,,,,,,,,,,,,,,RONWIA_clean,122.0
RONZID_clean,6.44623,4.93162,6.4436,1.11083,2786.39,2508.38,0.0,0.0,0.7422,0.668147,0.0,Cd,Yes,Cd,clean,Y,Y,Y,,N,,,,,,,,,,,,,,,,,,,,,,RONZID_clean,79.6
ROQVIE_clean,8.20229,7.33404,8.17219,0.896085,1741.45,1943.4,0.0,0.0,0.6732,0.751268,0.0,Zn,No, ,clean,Y,Y,Y,,N,,,,,,,,,,,,,,,,,,,,,,ROQVIE_clean,164.9
RORLIV_clean,5.0614,3.45442,5.0614,1.30915,1167.77,892.008,0.0,0.0,0.6106,0.466408,0.0,Cd,No, ,clean,Y,Y,Y,,N,,,,,,,,,,,,,,,,,,,,,,RORLIV_clean,145.4
RORRIB_clean,5.56844,4.5608,5.56844,2.09957,1607.82,765.783,0.0,0.0,0.5896,0.280819,0.0,U,Yes,U,clean,N,Y,Y,,N,,,,,,,,,,,,,,,,,,,,,,RORRIB_clean,229.3
RORTAV_clean,9.60382,5.42977,9.56238,0.669195,1791.93,2677.74,407.039,608.252,0.711,1.06247,0.0,Cu,No, ,clean,Y,Y,Y,,N,,,,,,,,,,,,,,,,,,,,,,RORTAV_clean,423.9
RORVAX_clean,6.42929,6.08998,6.42929,0.7293,3122.65,4281.71,0.0,0.0,0.7,0.959824,0.0,Co,Yes,Co,clean,Y,Y,Y,,N,,,,,,,,,,,,,,,,,,,,,,RORVAX_clean,152.9
ROTQIC_clean,4.94875,3.6681,4.74718,1.32167,723.976,547.773,0.0,0.0,0.481,0.363934,0.0,Zn,Yes,Zn,clean,N,Y,Y,,N,,,,,,,,,,,,,,,,,,,,,,ROTQIC_clean,326.8
ROTTOL_clean,6.50353,4.02235,6.48646,1.01612,1524.25,1500.07,0.0,0.0,0.5582,0.549344,0.0,Zn,No, ,clean,Y,Y,Y,,N,,,,,,,,,,,,,,,,,,,,,,ROTTOL_clean,227.5
ROYJUM_clean,8.75922,3.76722,8.42147,1.05929,1657.4,1564.64,0.0,0.0,0.5928,0.559622,0.0,Ni,No, ,clean,Y,Y,Y,,N,,,,,,,,,,,,,,,,,,,,,,ROYJUM_clean,182.6
ROYREE_clean,6.65259,5.04516,6.56274,1.17392,1308.03,1114.24,0.0,0.0,0.5524,0.47056,0.0,Ho,Yes,Ho,clean,Y,Y,Y,,N,,,,,,,,,,,,,,,,,,,,,,ROYREE_clean,227.6
ROYRII_clean,6.60108,5.14039,6.60108,1.17875,1322.43,1121.89,0.0,0.0,0.5472,0.464219,0.0,Er,Yes,Er,clean,Y,Y,Y,,N,,,,,,,,,,,,,,,,,,,,,,ROYRII_clean,254.1
ROYROO_clean,6.57261,5.08535,6.54322,1.19171,1317.71,1105.73,1.69583,1.42302,0.5486,0.460348,0.0,Yb,Yes,Yb,clean,Y,Y,Y,,N,,,,,,,,,,,,,,,,,,,,,,ROYROO_clean,258.7
RUBDUP_clean,21.09518,19.24681,20.98484,0.298857,1270.61,4251.56,0.0,0.0,0.868,2.9044,0.0,Zn,Yes,Zn,clean,Y,Y,Y,,N,,,,,,,,,,,,,,,,,,,,,,RUBDUP_clean,177.7
RUBGUS_clean,4.4617,3.54667,4.45263,1.35931,320.757,235.971,161.359,118.706,0.4638,0.341202,0.0,Mn,Yes,Mn,clean,Y,Y,Y,,N,,,,,,,,,,,,,,,,,,,,,,RUBGUS_clean,264.4
RUBTAK01_SL,8.70379,4.00842,8.70379,1.20121,1712.27,1425.46,0.0,0.0,0.5914,0.492338,0.000832496,Zr,No, ,SL,Y,Y,Y,,N,,,,,,,,,,,,,,,,,,,,,,RUBTAK01_SL,220.1
RUBTAK02_SL,8.49537,3.88559,8.49537,1.23841,1654.63,1336.08,0.0,0.0,0.5866,0.47367,0.000322994,Zr,No, ,SL,Y,Y,Y,,N,,,,,,,,,,,,,,,,,,,,,,RUBTAK02_SL,206.8
RUBTAK03_auto,8.46299,3.95011,8.46299,1.23778,1637.26,1322.74,0.0,0.0,0.6028,0.487,0.000161579,Zr,No, ,auto,Y,Y,Y,,N,,,,,,,,,,,,,,,,,,,,,,RUBTAK03_auto,387.9
RUCGOM_clean,4.40498,3.818,4.39366,2.16054,906.666,419.648,0.0,0.0,0.5218,0.241514,0.0,"Au,Pt,Zn",Yes,"Au,Pt",clean,Y,Y,Y,,N,,,,,,,,,,,,,,,,,,,,,,RUCGOM_clean,383.8
RUFDUT_clean,4.69173,3.85639,4.65615,1.66558,994.805,597.274,0.0,0.0,0.4696,0.281944,0.0,Ni,Yes,Ni,clean,Y,Y,Y,,N,,,,,,,,,,,,,,,,,,,,,,RUFDUT_clean,226.4
RUFRIV_clean,7.49731,4.21343,7.49731,1.44845,1008.29,696.116,0.0,0.0,0.4786,0.330421,0.0,Zn,Yes,Zn,clean,Y,Y,Y,,N,,,,,,,,,,,,,,,,,,,,,,RUFRIV_clean,350.4
RUFTET_clean,5.41592,3.76809,5.41592,1.32563,1019.52,769.082,0.0,0.0,0.4806,0.362546,0.0,Co,No, ,clean,Y,Y,Y,,N,,,,,,,,,,,,,,,,,,,,,,RUFTET_clean,259.0
RUFZID_clean,10.67067,8.77989,10.67019,0.799166,1949.96,2439.99,0.0,0.0,0.71,0.888426,0.0,Cu,Yes,Cu,clean,Y,Y,Y,,N,,,,,,,,,,,,,,,,,,,,,,RUFZID_clean,300.6
RUGKOV_clean,6.88401,5.43231,6.88401,0.929347,2753.28,2962.6,0.0,0.0,0.6968,0.749773,0.0,Zn,Yes,Zn,clean,Y,Y,Y,,N,,,,,,,,,,,,,,,,,,,,,,RUGKOV_clean,153.1
RUGXOI01_clean,6.51947,4.18889,6.51947,1.08279,1782.29,1646.02,0.0,0.0,0.638,0.589221,0.0,Zn,No, ,clean,Y,Y,Y,,N,,,,,,,,,,,,,,,,,,,,,,RUGXOI01_clean,236.4
RUGXOI_clean,5.21341,3.72816,5.20196,1.19066,1517.77,1274.73,0.0,0.0,0.586,0.492165,0.0,Zn,No, ,clean,Y,Y,Y,,N,,,,,,,,,,,,,,,,,,,,,,RUGXOI_clean,177.3
RUGYOJ_clean,5.31747,4.41438,5.22074,1.35237,1132.24,837.223,13.731,10.1533,0.5218,0.385841,0.0,Cd,Yes,Cd,clean,Y,Y,Y,,N,,,,,,,,,,,,,,,,,,,,,,RUGYOJ_clean,285.4
RUGZAW_clean,9.17489,7.98957,9.06653,0.92991,1617.71,1739.64,0.0,0.0,0.6164,0.66286,0.0,Zn,Yes,Zn,clean,Y,Y,Y,,N,,,,,,,,,,,,,,,,,,,,,,RUGZAW_clean,296.6
RUHCED_SL,6.00951,5.54585,6.00744,1.22913,1471.94,1197.55,0.0,0.0,0.5726,0.465859,0.0,Ga,No, ,SL,Y,Y,Y,,N,,,,,,,,,,,,,,,,,,,,,,RUHCED_SL,198.9
RUHFEH_clean,9.84183,8.46338,9.78525,0.895692,2177.87,2431.49,0.0,0.0,0.7858,0.87731,0.0,"Cu,La",Yes,Cu,clean,Y,Y,Y,,N,,,,,,,,,,,,,,,,,,,,,,RUHFEH_clean,110.6
RUHFIL_clean,10.02499,8.76011,10.02499,0.882826,2167.55,2455.24,0.0,0.0,0.7844,0.88851,0.0,"Cu,Ce",Yes,Cu,clean,Y,Y,Y,,N,,,,,,,,,,,,,,,,,,,,,,RUHFIL_clean,106.8
RUHFOR_clean,10.01133,8.72369,10.0082,0.889531,2175.51,2445.69,0.0,0.0,0.787,0.884736,0.0,"Pr,Cu",Yes,Cu,clean,Y,Y,Y,,N,,,,,,,,,,,,,,,,,,,,,,RUHFOR_clean,110.1
RUHFUX_clean,9.94292,8.65457,9.91903,0.903529,2165.07,2396.24,0.0,0.0,0.7826,0.86616,0.0,"Cu,Nd",Yes,Cu,clean,Y,Y,Y,,N,,,,,,,,,,,,,,,,,,,,,,RUHFUX_clean,104.5
RULBOQ_clean,7.47442,6.27169,7.47442,1.39226,1576.48,1132.32,0.0,0.0,0.6106,0.438569,0.0,Ag,Yes,Ag,clean,Y,Y,Y,,N,,,,,,,,,,,,,,,,,,,,,,RULBOQ_clean,238.9
RULQIY_clean,8.44935,6.89767,8.44935,1.57222,1115.58,709.56,0.0,0.0,0.577,0.366998,0.0,"Yb,Cu",Yes,Cu,clean,Y,Y,Y,,N,,,,,,,,,,,,,,,,,,,,,,RULQIY_clean,144.0
RULVUP_clean,5.01128,4.18788,4.96894,1.11888,878.165,784.859,0.0,0.0,0.5036,0.450092,0.0,Cu,Yes,Cu,clean,Y,Y,Y,,N,,,,,,,,,,,,,,,,,,,,,,RULVUP_clean,307.6
RULXOM_clean,15.36971,3.55595,15.36971,0.839199,1628.5,1940.54,0.0,0.0,0.652,0.776931,0.0,Fe,No, ,clean,Y,Y,Y,,N,,,,,,,,,,,,,,,,,,,,,,RULXOM_clean,328.7
RUMRUO_clean,3.89523,3.56149,3.89523,2.03382,242.444,119.206,0.0,0.0,0.4326,0.212703,0.0,Zn,Yes,Zn,clean,Y,Y,Y,,N,,,,,,,,,,,,,,,,,,,,,,RUMRUO_clean,197.9
RUNXUV_clean,5.8356,4.62926,5.8296,1.09463,1307.34,1194.33,0.0,0.0,0.5502,0.502636,0.0,Zn,No, ,clean,Y,Y,Y,,N,,,,,,,,,,,,,,,,,,,,,,RUNXUV_clean,270.7
RUPTED_clean,4.59148,3.67658,4.57699,2.43056,359.515,147.915,0.0,0.0,0.433,0.178148,0.0,Cu,Yes,Cu,clean,Y,Y,Y,,N,,,,,,,,,,,,,,,,,,,,,,RUPTED_clean,152.4
RUPVAB_clean,13.61739,4.61754,13.61739,0.953237,2216.88,2325.64,0.0,0.0,0.6886,0.722381,0.0,Zn,Yes,Zn,clean,Y,Y,Y,,N,,,,,,,,,,,,,,,,,,,,,,RUPVAB_clean,402.9
RURPAW_clean,4.26453,3.57847,4.26352,2.09861,723.866,344.926,0.0,0.0,0.4906,0.233773,0.0,"Fe,Pt",Yes,Pt,clean,Y,Y,Y,,N,,,,,,,,,,,,,,,,,,,,,,RURPAW_clean,108.8
RURPEA_clean,4.37304,3.99561,4.36427,1.79681,1037.11,577.197,0.0,0.0,0.5372,0.298975,0.0,"Fe,Pt",Yes,Pt,clean,Y,Y,Y,,N,,,,,,,,,,,,,,,,,,,,,,RURPEA_clean,122.7
RUSHIY_clean,9.32937,5.73491,9.31763,2.81322,981.321,348.825,12.3418,4.38706,0.4998,0.177661,0.0,"W,K,Co",Yes,"W,K,Co",clean,Y,Y,Y,,N,,,,,,,,,,,,,,,,,,,,,,RUSHIY_clean,1925.4
RUSWIN_clean,6.48006,3.76789,6.3774,1.27344,1499.33,1177.39,0.0,0.0,0.5498,0.431746,0.0,Dy,Yes,Dy,clean,N,Y,Y,,N,,,,,,,,,,,,,,,,,,,,,,RUSWIN_clean,213.6
RUSWOT_clean,6.47922,3.93218,6.4245,1.19886,1481.92,1236.11,0.0,0.0,0.5554,0.463273,0.0,Pr,Yes,Pr,clean,N,Y,Y,,N,,,,,,,,,,,,,,,,,,,,,,RUSWOT_clean,215.0
RUSWUZ_clean,6.54942,3.9072,6.54694,1.21025,1492.0,1232.81,0.0,0.0,0.5598,0.46255,0.0,Nd,Yes,Nd,clean,N,Y,Y,,N,,,,,,,,,,,,,,,,,,,,,,RUSWUZ_clean,218.2
RUSXAG_clean,6.44133,3.78742,6.3358,1.2672,1503.0,1186.08,0.0,0.0,0.5486,0.432924,0.0,Gd,Yes,Gd,clean,N,Y,Y,,N,,,,,,,,,,,,,,,,,,,,,,RUSXAG_clean,217.5
RUSXEK_clean,6.54291,3.90146,6.54291,1.24418,1488.27,1196.19,0.0,0.0,0.5602,0.450258,0.0,Tb,Yes,Tb,clean,N,Y,Y,,N,,,,,,,,,,,,,,,,,,,,,,RUSXEK_clean,213.8
RUTNOK_manual,24.61263,14.64846,24.61263,0.240823,1468.58,6098.18,0.0,0.0,0.9018,3.74465,0.0,Zn,No, ,manual,Y,Y,Y,,N,,,,,,,,,,,,,,,,,,,,,,RUTNOK_manual,167.9
RUVBOB_clean,6.09913,3.98908,5.99424,1.3777,1258.08,913.177,14.3931,10.4472,0.545,0.395586,0.0,Cd,No, ,clean,Y,Y,Y,,N,,,,,,,,,,,,,,,,,,,,,,RUVBOB_clean,294.5
RUVCES_clean,5.62432,4.09519,5.62432,1.21847,2083.62,1710.03,0.0,0.0,0.6886,0.565136,0.0,Zn,No, ,clean,Y,Y,Y,,N,,,,,,,,,,,,,,,,,,,,,,RUVCES_clean,75.1
RUVKAV_clean,11.95152,7.15447,11.95152,0.601684,2230.0,3706.27,0.0,0.0,0.7794,1.29537,0.0,Cu,Yes,Cu,clean,Y,Y,Y,,N,,,,,,,,,,,,,,,,,,,,,,RUVKAV_clean,108.4
RUVMAX_clean,5.22433,4.41387,5.22043,1.2008,1767.14,1471.63,0.0,0.0,0.5696,0.474351,0.0,Zn,Yes,Zn,clean,Y,Y,Y,,N,,,,,,,,,,,,,,,,,,,,,,RUVMAX_clean,238.3
RUVMUR_clean,3.8115,3.49015,3.80241,1.48235,185.395,125.068,39.5872,26.7057,0.4088,0.275779,0.0,"Zn,Co",Yes,"Zn,Co",clean,Y,Y,Y,,N,,,,,,,,,,,,,,,,,,,,,,RUVMUR_clean,185.2
RUWWOW01_clean,5.03981,3.90859,5.01601,1.48698,1131.86,761.178,0.0,0.0,0.4928,0.331409,0.0,La,Yes,La,clean,Y,Y,Y,,N,,,,,,,,,,,,,,,,,,,,,,RUWWOW01_clean,199.3
RUWWUC_clean,5.12851,4.00559,5.12851,1.54997,877.489,566.133,0.0,0.0,0.4642,0.29949,0.0,La,Yes,La,clean,Y,Y,Y,,N,,,,,,,,,,,,,,,,,,,,,,RUWWUC_clean,218.3
RUWXAJ_clean,5.17293,4.0299,5.17293,1.53238,836.842,546.106,0.0,0.0,0.4794,0.312847,0.0,La,Yes,La,clean,Y,Y,Y,,N,,,,,,,,,,,,,,,,,,,,,,RUWXAJ_clean,174.5
RUWXEN_clean,5.03811,3.94141,5.03811,1.46802,1178.02,802.454,0.0,0.0,0.5092,0.346863,0.0,La,Yes,La,clean,Y,Y,Y,,N,,,,,,,,,,,,,,,,,,,,,,RUWXEN_clean,161.2
RUWZIU_clean,6.72021,5.65873,6.72021,1.01181,1054.68,1042.37,0.0,0.0,0.5302,0.52401,0.0,Ni,No, ,clean,Y,Y,Y,,N,,,,,,,,,,,,,,,,,,,,,,RUWZIU_clean,568.3
RUWZOA_clean,6.55761,6.38772,6.55761,1.0684,1052.58,985.194,0.0,0.0,0.5174,0.484275,0.0,Ni,No, ,clean,Y,Y,Y,,N,,,,,,,,,,,,,,,,,,,,,,RUWZOA_clean,573.4
RUWZUG_clean,6.65442,5.67424,6.65442,1.10163,1013.24,919.768,0.0,0.0,0.4878,0.442798,0.0,Ni,No, ,clean,Y,Y,Y,,N,,,,,,,,,,,,,,,,,,,,,,RUWZUG_clean,633.9
RUYNIK_clean,5.71975,3.68772,5.7164,1.35451,1400.63,1034.05,0.0,0.0,0.5398,0.398522,0.0,Cd,Yes,Cd,clean,Y,Y,Y,,N,,,,,,,,,,,,,,,,,,,,,,RUYNIK_clean,219.3
RUYQIN01_clean,9.71547,7.35837,9.71529,1.15099,1450.59,1260.3,0.0,0.0,0.5838,0.507215,0.0,La,Yes,La,clean,Y,Y,Y,,N,,,,,,,,,,,,,,,,,,,,,,RUYQIN01_clean,430.3
RUYQIN02_clean,9.7478,7.37011,9.74761,1.14404,1452.85,1269.93,0.0,0.0,0.5842,0.510647,0.0,La,Yes,La,clean,Y,Y,Y,,N,,,,,,,,,,,,,,,,,,,,,,RUYQIN02_clean,433.0
RUYQIN03_clean,9.69288,7.37414,9.69288,1.14102,1457.05,1276.97,0.0,0.0,0.586,0.513575,0.0,La,No, ,clean,Y,Y,Y,,N,,,,,,,,,,,,,,,,,,,,,,RUYQIN03_clean,427.1
RUYQIN_clean,9.76179,7.44687,9.76179,1.1629,1436.26,1235.07,0.0,0.0,0.573,0.492735,0.0,La,Yes,La,clean,Y,Y,Y,,N,,,,,,,,,,,,,,,,,,,,,,RUYQIN_clean,435.1
RUYQOT_clean,9.68542,7.26317,9.68542,1.1664,1438.72,1233.47,0.0,0.0,0.575,0.49297,0.0,La,Yes,La,clean,Y,Y,Y,,N,,,,,,,,,,,,,,,,,,,,,,RUYQOT_clean,428.5
RUYTIQ_clean,9.62315,7.47258,9.62297,1.13645,1456.84,1281.92,0.0,0.0,0.5872,0.516695,0.0,La,No, ,clean,Y,Y,Y,,N,,,,,,,,,,,,,,,,,,,,,,RUYTIQ_clean,428.1
RUYTUC_clean,9.67783,7.26872,9.67783,1.16505,1440.32,1236.27,0.0,0.0,0.5776,0.495773,0.0,La,Yes,La,clean,Y,Y,Y,,N,,,,,,,,,,,,,,,,,,,,,,RUYTUC_clean,424.7
RUYVAK_clean,9.67948,7.48497,9.67948,1.15401,1452.68,1258.81,0.0,0.0,0.5806,0.503115,0.0,Ce,Yes,Ce,clean,Y,Y,Y,,N,,,,,,,,,,,,,,,,,,,,,,RUYVAK_clean,413.6
RUYVEO_clean,12.21297,10.12216,12.21297,0.962787,1461.82,1518.32,0.0,0.0,0.6354,0.659959,0.0,La,Yes,La,clean,Y,Y,Y,,N,,,,,,,,,,,,,,,,,,,,,,RUYVEO_clean,304.5
RUYVIS_clean,15.8929,13.20205,15.79897,0.679059,1536.4,2262.54,0.0,0.0,0.7374,1.08592,0.0,Eu,No, ,clean,Y,Y,Y,,N,,,,,,,,,,,,,,,,,,,,,,RUYVIS_clean,219.4
RUYZUH_clean,5.57075,3.47029,5.07859,2.36782,1042.81,440.408,0.0,0.0,0.4718,0.199255,0.0,"Mo,Mn",Yes,Mo,clean,N,Y,Y,,N,,,,,,,,,,,,,,,,,,,,,,RUYZUH_clean,194.5
RUZCOF_clean,5.55577,4.78031,5.52738,1.59859,1464.21,915.939,0.0,0.0,0.603,0.377208,0.0,Zn,No, ,clean,Y,Y,Y,,N,,,,,,,,,,,,,,,,,,,,,,RUZCOF_clean,130.2
RUZDAS_clean,5.2699,4.49334,5.2699,1.45263,1149.42,791.271,0.0,0.0,0.5294,0.364442,0.0,Mn,Yes,Mn,clean,Y,Y,Y,,N,,,,,,,,,,,,,,,,,,,,,,RUZDAS_clean,108.2
S2052520616005515_bm5080sup1_clean,4.47894,3.61798,4.46305,1.15409,1529.36,1325.16,0.0,0.0,0.5662,0.490602,0.0,Mn,No, ,clean,Y,N,Y,,Y,WEYQAU11,Y,02/04/2016,10.1107/S2052520616005515,"1 SI, 6 Structure",WEYQAU11,WEYQAU11,WEYQAU12,WEYQAU13,WEYQAU14,WEYQAU15,WEYQAU16,,,,,,,,,,S2052520616005515_bm5080sup1_clean,160.1
S2056989016007027_zl2661sup1_clean,6.51796,4.57602,6.50954,1.14323,1545.49,1351.86,0.0,0.0,0.5984,0.523428,0.0,Zn,No, ,clean,Y,N,Y,,Y,ULISOZ,Y,25/04/2016,10.1107/S2056989016007027,"1 SI, 1 Structure",ULISOZ,,,,,,,,,,,,,,,,S2056989016007027_zl2661sup1_clean,185.8
SABKIS_clean,6.81493,5.97974,6.81375,1.3839,1674.07,1209.68,0.0,0.0,0.6086,0.439772,0.0,"Cd,Ba",Yes,Ba,clean,N,Y,Y,,N,,,,,,,,,,,,,,,,,,,,,,SABKIS_clean,154.7
SABVOH01_clean,6.48998,6.20475,6.48998,1.00596,1532.58,1523.5,0.0,0.0,0.5966,0.593066,0.0,Al,No, ,clean,Y,Y,Y,,N,,,,,,,,,,,,,,,,,,,,,,SABVOH01_clean,159.2
SABVOH_manual,6.26548,5.9824,6.25328,0.999416,1586.53,1587.46,0.0,0.0,0.5914,0.591745,0.0,Al,No, ,manual,Y,Y,Y,,N,,,,,,,,,,,,,,,,,,,,,,SABVOH_manual,160.0
SABVUN_clean_h_min,7.01984,6.76477,7.01984,0.978971,1612.66,1647.3,0.0,0.0,0.5868,0.599405,0.0,Al,No, ,clean_h_min,N,Y,Y,,N,,,,,,,,,,,,,,,,,,,,,,SABVUN_clean_h_min,334.8
SACDOR_clean,8.1061,7.63768,8.07477,1.2392,2030.48,1638.54,0.0,0.0,0.6692,0.540025,0.0,Zn,Yes,Zn,clean,Y,Y,Y,,N,,,,,,,,,,,,,,,,,,,,,,SACDOR_clean,398.1
SADLEQ_clean,7.11187,6.8054,7.11187,1.50504,1508.7,1002.44,0.0,0.0,0.5702,0.378862,0.0,Nd,Yes,Nd,clean,Y,Y,Y,,N,,,,,,,,,,,,,,,,,,,,,,SADLEQ_clean,124.7
SADLIU_clean,6.85652,6.48147,6.85652,1.67165,1571.6,940.146,0.0,0.0,0.549,0.328417,0.0,Yb,No, ,clean,Y,Y,Y,,N,,,,,,,,,,,,,,,,,,,,,,SADLIU_clean,121.8
SADMUH_SL,7.87003,7.35,7.87003,0.987944,1759.25,1780.72,0.0,0.0,0.6412,0.649025,0.0,Fe,No, ,SL,Y,Y,Y,,N,,,,,,,,,,,,,,,,,,,,,,SADMUH_SL,133.4
SADVEB_clean,5.28527,4.25585,5.28527,2.60318,983.265,377.718,0.0,0.0,0.4638,0.178167,0.0,U,Yes,U,clean,N,Y,Y,,N,,,,,,,,,,,,,,,,,,,,,,SADVEB_clean,328.8
SAHXAD_clean,7.24131,5.09073,7.23502,0.88875,2564.25,2885.23,0.0,0.0,0.6954,0.782447,0.0,Zn,Yes,Zn,clean,N,Y,Y,,N,,,,,,,,,,,,,,,,,,,,,,SAHXAD_clean,122.9
SAJDIT_clean,7.44507,6.67773,7.44507,1.18884,1185.58,997.26,0.0,0.0,0.5216,0.438748,0.0,Tb,Yes,Tb,clean,N,Y,Y,,N,,,,,,,,,,,,,,,,,,,,,,SAJDIT_clean,296.0
SAJRAW10_clean,6.98873,5.65739,6.98873,1.03716,2658.72,2563.46,0.0,0.0,0.7434,0.716765,0.0,Cd,No, ,clean,N,Y,Y,,N,,,,,,,,,,,,,,,,,,,,,,SAJRAW10_clean,111.0
SAJRAW_clean,6.95776,5.62966,6.95776,1.0485,2631.43,2509.71,0.0,0.0,0.7242,0.690701,0.0,Cd,No, ,clean,N,Y,Y,,N,,,,,,,,,,,,,,,,,,,,,,SAJRAW_clean,109.8
SAJRUT_clean,6.75939,5.98836,6.75562,0.832145,2447.69,2941.42,0.0,0.0,0.6812,0.818608,0.0,Fe,Yes,Fe,clean,N,Y,Y,,N,,,,,,,,,,,,,,,,,,,,,,SAJRUT_clean,225.2
SAJSAA_clean,6.806,6.26285,6.79743,1.09035,1505.97,1381.18,0.0,0.0,0.546,0.500758,0.0,"Na,Fe",Yes,Na,clean,N,Y,Y,,N,,,,,,,,,,,,,,,,,,,,,,SAJSAA_clean,315.7
SAKRAZ_clean,5.58245,5.12904,5.58245,1.03675,2394.2,2309.33,0.0,0.0,0.6546,0.631396,0.0,Zn,Yes,Zn,clean,Y,Y,Y,,N,,,,,,,,,,,,,,,,,,,,,,SAKRAZ_clean,157.3
SAKRED_clean,5.5169,5.02553,5.5169,1.03225,2416.65,2341.14,0.0,0.0,0.6696,0.648678,0.0,Zn,Yes,Zn,clean,Y,Y,Y,,N,,,,,,,,,,,,,,,,,,,,,,SAKRED_clean,155.2
SALXEL_clean,17.7233,14.92578,17.7233,0.954529,1589.06,1664.76,49.7541,52.1243,0.7288,0.763518,0.000419055,Zr,Yes,Zr,clean,N,Y,Y,,N,,,,,,,,,,,,,,,,,,,,,,SALXEL_clean,281.8
SALXIP_clean,18.35498,16.34268,18.35498,1.06535,1653.8,1552.35,0.0,0.0,0.7432,0.697612,0.00112639,Ce,Yes,Ce,clean,N,Y,Y,,N,,,,,,,,,,,,,,,,,,,,,,SALXIP_clean,291.8
SALZAH_clean,5.2131,3.75496,5.20977,1.33753,1363.66,1019.54,0.0,0.0,0.5834,0.436178,0.0,Cd,Yes,Cd,clean,N,Y,Y,,N,,,,,,,,,,,,,,,,,,,,,,SALZAH_clean,293.6
SAMLAV_manual,5.80959,3.99095,5.75161,1.19097,1685.7,1415.4,0.0,0.0,0.5904,0.495731,0.0,Cd,No, ,manual,Y,Y,Y,,N,,,,,,,,,,,,,,,,,,,,,,SAMLAV_manual,165.2
SAMVEK_clean,7.83578,6.98017,7.83578,0.980713,1609.04,1640.69,0.0,0.0,0.611,0.623016,0.0,Mn,No, ,clean,N,Y,Y,,N,,,,,,,,,,,,,,,,,,,,,,SAMVEK_clean,157.3
SANGEW_clean,6.64431,4.85626,6.63808,1.45126,1299.25,895.255,0.0,0.0,0.529,0.36451,0.0,Ce,Yes,Ce,clean,N,Y,Y,,N,,,,,,,,,,,,,,,,,,,,,,SANGEW_clean,275.8
SANGUM_clean,6.61883,4.82903,6.58035,1.50455,1309.82,870.575,0.0,0.0,0.5346,0.355323,0.0,Sm,Yes,Sm,clean,N,Y,Y,,N,,,,,,,,,,,,,,,,,,,,,,SANGUM_clean,230.0
SANHIB_clean,6.11189,4.81167,6.1084,1.59136,1228.71,772.117,0.0,0.0,0.5088,0.319727,0.0,Tb,Yes,Tb,clean,N,Y,Y,,N,,,,,,,,,,,,,,,,,,,,,,SANHIB_clean,266.7
SANHOH_clean,6.60456,4.91636,6.49799,1.53725,1315.89,856.008,0.0,0.0,0.5322,0.346204,0.0,Dy,Yes,Dy,clean,N,Y,Y,,N,,,,,,,,,,,,,,,,,,,,,,SANHOH_clean,222.3
SANHUN_clean,6.50583,4.8025,6.36295,1.599,1277.92,799.196,0.0,0.0,0.517,0.323327,0.0,Ho,Yes,Ho,clean,N,Y,Y,,N,,,,,,,,,,,,,,,,,,,,,,SANHUN_clean,253.0
SANJAV_clean,6.50945,4.91174,6.48422,1.32827,1290.56,971.607,0.0,0.0,0.515,0.387722,0.0,Y,Yes,Y,clean,N,Y,Y,,N,,,,,,,,,,,,,,,,,,,,,,SANJAV_clean,270.3
SAQQAD_clean,10.6229,9.13911,10.59086,0.899459,1701.71,1891.92,0.0,0.0,0.6748,0.750228,0.0,Tb,Yes,Tb,clean,Y,Y,Y,,N,,,,,,,,,,,,,,,,,,,,,,SAQQAD_clean,140.0
SAQQEH_clean,10.62623,9.13273,10.62623,0.914395,1723.95,1885.35,0.0,0.0,0.6746,0.737756,0.0,Ho,Yes,Ho,clean,Y,Y,Y,,N,,,,,,,,,,,,,,,,,,,,,,SAQQEH_clean,141.3
SAQQIL_clean,10.65559,9.10715,10.62918,0.918282,1715.69,1868.37,0.0,0.0,0.6836,0.744434,0.0,Er,Yes,Er,clean,Y,Y,Y,,N,,,,,,,,,,,,,,,,,,,,,,SAQQIL_clean,141.5
SAQQOR_clean_h,10.68647,9.07282,10.64358,0.778283,1708.0,2194.57,0.0,0.0,0.6882,0.884254,0.0,Y,Yes,Y,clean_h,N,Y,Y,,N,,,,,,,,,,,,,,,,,,,,,,SAQQOR_clean_h,140.6
SAQSOU_clean,6.47651,3.98462,6.43461,1.44924,1500.2,1035.16,0.0,0.0,0.568,0.391929,0.0,"W,Cu",Yes,Cu,clean,N,Y,Y,,N,,,,,,,,,,,,,,,,,,,,,,SAQSOU_clean,435.4
SARGID_clean,11.28011,10.79695,11.27845,1.13003,1551.23,1372.74,0.0,0.0,0.643,0.569013,0.0,Fe,Yes,Fe,clean,N,Y,Y,,N,,,,,,,,,,,,,,,,,,,,,,SARGID_clean,298.2
SARGOJ_clean,11.21149,10.84114,11.20988,1.13101,1553.18,1373.27,0.0,0.0,0.6422,0.56781,0.0,Fe,Yes,Fe,clean,N,Y,Y,,N,,,,,,,,,,,,,,,,,,,,,,SARGOJ_clean,299.7
SARGUP_clean,11.61678,10.99568,11.61678,1.13145,1593.32,1408.21,0.0,0.0,0.6444,0.569535,0.0,Fe,Yes,Fe,clean,Y,Y,Y,,N,,,,,,,,,,,,,,,,,,,,,,SARGUP_clean,155.3
SARHAW_clean,11.26396,10.8267,11.26396,1.13289,1578.11,1393.0,0.0,0.0,0.6352,0.560691,0.0,Fe,Yes,Fe,clean,Y,Y,Y,,N,,,,,,,,,,,,,,,,,,,,,,SARHAW_clean,154.3
SARHEA_clean,11.57288,10.94497,11.57288,1.13911,1582.39,1389.14,0.0,0.0,0.6384,0.560437,0.0,Fe,Yes,Fe,clean,Y,Y,Y,,N,,,,,,,,,,,,,,,,,,,,,,SARHEA_clean,156.2
SARMEE_clean,4.34974,3.44315,4.3363,1.72993,254.091,146.879,149.818,86.6033,0.429,0.247987,0.0,Eu,Yes,Eu,clean,Y,Y,Y,,N,,,,,,,,,,,,,,,,,,,,,,SARMEE_clean,463.8
SARNOQ_clean,9.2766,6.16862,9.2766,1.10826,1838.17,1658.6,0.0,0.0,0.6536,0.589751,0.0,Zn,No, ,clean,Y,Y,Y,,N,,,,,,,,,,,,,,,,,,,,,,SARNOQ_clean,176.9
SARTIR_clean,8.84902,7.39282,8.55302,0.84182,1819.29,2161.13,0.0,0.0,0.6546,0.7776,0.0,Ni,No, ,clean,N,Y,Y,,N,,,,,,,,,,,,,,,,,,,,,,SARTIR_clean,167.6
SATRIP_clean,5.64735,4.63209,5.64735,1.5207,2001.22,1315.99,0.0,0.0,0.609,0.400475,0.0,Nd,Yes,Nd,clean,N,Y,Y,,N,,,,,,,,,,,,,,,,,,,,,,SATRIP_clean,124.0
SATROV_clean,5.68214,4.67755,5.6433,1.62598,1989.31,1223.46,0.0,0.0,0.6086,0.374297,0.0,Gd,Yes,Gd,clean,N,Y,Y,,N,,,,,,,,,,,,,,,,,,,,,,SATROV_clean,157.0
SAXLEK_clean,9.25038,8.58806,9.25038,1.08002,1714.03,1587.03,0.0,0.0,0.6988,0.647023,0.0,Ag,Yes,Ag,clean,N,Y,Y,,N,,,,,,,,,,,,,,,,,,,,,,SAXLEK_clean,82.7
SAXRIS_clean,6.95604,5.1283,5.82931,1.88243,2109.8,1120.78,0.0,0.0,0.5242,0.27847,0.000106246,"Mo,Na",Yes,"Mo,Na",clean,N,Y,Y,,N,,,,,,,,,,,,,,,,,,,,,,SAXRIS_clean,260.4
SAYTOD_clean,6.38142,4.3971,6.36474,1.32305,2428.66,1835.65,0.0,0.0,0.7024,0.530895,0.0,Cu,Yes,Cu,clean,N,Y,Y,,N,,,,,,,,,,,,,,,,,,,,,,SAYTOD_clean,97.2
SAYTUJ_clean,5.53716,4.24775,5.50087,1.26647,2678.26,2114.75,0.0,0.0,0.7138,0.563615,0.0,Cu,Yes,Cu,clean,N,Y,Y,,N,,,,,,,,,,,,,,,,,,,,,,SAYTUJ_clean,91.8
science.1056698_manual,16.36523,5.22927,16.36523,0.720658,2117.08,2937.7,0.0,0.0,0.7092,0.9841,0.0,Cu,Yes,Cu,manual,Y,N,Y,,Y,QOWRAV,Y,08/12/2000,10.1126/science.1056598,"1 SI, 2 Structure",QOWRAV,QOWQUO,QOWRAV,,,,,,,,,,,,,,science.1056698_manual,379.6
SEFSOM_clean,7.74471,4.63206,7.74435,1.3092,888.245,678.465,0.0,0.0,0.4856,0.370914,0.0,Cd,No, ,clean,Y,Y,Y,,N,,,,,,,,,,,,,,,,,,,,,,SEFSOM_clean,291.8
SEFVAC_clean,11.52297,3.67055,11.52297,0.903784,1536.01,1699.54,0.0,0.0,0.6434,0.711896,0.0,Zn,No, ,clean,N,Y,Y,,N,,,,,,,,,,,,,,,,,,,,,,SEFVAC_clean,228.4
SEFVEG02_clean,11.61381,3.82654,11.61381,0.901728,1567.52,1738.35,0.0,0.0,0.642,0.711966,0.0,Zn,No, ,clean,N,Y,Y,,N,,,,,,,,,,,,,,,,,,,,,,SEFVEG02_clean,226.6
SEFVEG_clean,11.61384,3.82499,11.61384,0.903214,1567.68,1735.67,0.0,0.0,0.6424,0.711238,0.0,Zn,No, ,clean,N,Y,Y,,N,,,,,,,,,,,,,,,,,,,,,,SEFVEG_clean,227.1
SEFVUW_clean,11.26795,3.60856,11.26795,0.928704,1552.88,1672.09,0.0,0.0,0.6514,0.701407,0.0,Zn,No, ,clean,N,Y,Y,,N,,,,,,,,,,,,,,,,,,,,,,SEFVUW_clean,235.1
SEFWEH_clean,11.26494,3.61002,11.26494,0.914157,1525.26,1668.49,0.0,0.0,0.6436,0.704037,0.0,Zn,No, ,clean,N,Y,Y,,N,,,,,,,,,,,,,,,,,,,,,,SEFWEH_clean,246.0
SEFWIL_clean,11.33313,3.69478,11.33313,0.92841,1562.33,1682.8,0.0,0.0,0.6504,0.700552,0.0,Zn,No, ,clean,N,Y,Y,,N,,,,,,,,,,,,,,,,,,,,,,SEFWIL_clean,235.0
SEFWOR_clean,11.5954,3.6311,11.5954,0.926162,1578.03,1703.84,0.0,0.0,0.6492,0.700957,0.0,Zn,No, ,clean,N,Y,Y,,N,,,,,,,,,,,,,,,,,,,,,,SEFWOR_clean,232.9
SEGBIR_clean,10.04679,9.57778,10.04679,1.2245,885.139,722.858,0.0,0.0,0.519,0.423847,0.0,Cu,Yes,Cu,clean,Y,Y,Y,,N,,,,,,,,,,,,,,,,,,,,,,SEGBIR_clean,238.6
SEGMEW_clean,4.54304,3.58735,4.3932,1.55869,710.369,455.747,0.0,0.0,0.505,0.32399,0.0,"Cd,Ni",Yes,Ni,clean,N,Y,Y,,N,,,,,,,,,,,,,,,,,,,,,,SEGMEW_clean,211.2
SEHNID_clean,5.75155,4.35756,5.66689,1.44623,1469.69,1016.22,4.17576,2.88733,0.5848,0.404361,0.0,"Ru,Eu",Yes,Eu,clean,N,Y,Y,,N,,,,,,,,,,,,,,,,,,,,,,SEHNID_clean,294.6
SEHSII_clean,5.51627,4.61799,5.4977,1.32529,2244.33,1693.46,0.0,0.0,0.6396,0.482611,0.0,Tb,Yes,Tb,clean,N,Y,Y,,N,,,,,,,,,,,,,,,,,,,,,,SEHSII_clean,127.9
SEHSUU_clean,5.44704,4.60331,5.44667,1.3755,2258.75,1642.13,0.0,0.0,0.6246,0.454089,0.0,Er,Yes,Er,clean,N,Y,Y,,N,,,,,,,,,,,,,,,,,,,,,,SEHSUU_clean,130.7
SEHTAB_clean,5.41612,4.59352,5.36104,1.41024,2230.71,1581.8,0.0,0.0,0.6402,0.453966,0.0,Yb,Yes,Yb,clean,N,Y,Y,,N,,,,,,,,,,,,,,,,,,,,,,SEHTAB_clean,133.8
SEHTEF_clean,5.47631,4.61623,5.47631,1.08146,2270.04,2099.06,0.0,0.0,0.6446,0.596049,0.0,Y,Yes,Y,clean,N,Y,Y,,N,,,,,,,,,,,,,,,,,,,,,,SEHTEF_clean,131.2
SEHVOQ_clean,4.8676,3.87877,4.8676,1.74504,1289.65,739.04,0.0,0.0,0.497,0.284807,0.0,V,Yes,V,clean,N,Y,Y,,N,,,,,,,,,,,,,,,,,,,,,,SEHVOQ_clean,144.9
SEHXIN_clean,7.02055,6.72566,7.02055,1.5497,1564.27,1009.4,0.0,0.0,0.5642,0.364069,0.0,Eu,No, ,clean,Y,Y,Y,,N,,,,,,,,,,,,,,,,,,,,,,SEHXIN_clean,120.6
SEHZUB_clean,5.72411,4.04304,5.72411,1.14687,1108.91,966.904,0.0,0.0,0.5276,0.460036,0.0,Co,Yes,Co,clean,Y,Y,Y,,N,,,,,,,,,,,,,,,,,,,,,,SEHZUB_clean,227.4
SEJBAL_clean,5.28042,3.84303,5.01194,1.17037,1017.74,869.583,0.0,0.0,0.5124,0.437809,0.0,Ni,Yes,Ni,clean,Y,Y,Y,,N,,,,,,,,,,,,,,,,,,,,,,SEJBAL_clean,228.4
SENVIR_clean,15.37344,3.88956,15.37344,0.850165,1726.79,2031.12,0.0,0.0,0.6596,0.77585,0.0,Co,Yes,Co,clean,Y,Y,Y,,N,,,,,,,,,,,,,,,,,,,,,,SENVIR_clean,344.8
SEQSIS_clean,5.53296,4.93164,5.53296,1.1424,1232.92,1079.24,0.0,0.0,0.546,0.477942,0.0,Ni,Yes,Ni,clean,Y,Y,Y,,N,,,,,,,,,,,,,,,,,,,,,,SEQSIS_clean,347.4
SEQSOY_clean,6.18995,5.53555,6.17075,1.00925,1555.89,1541.63,0.0,0.0,0.5934,0.587963,0.0,Co,Yes,Co,clean,Y,Y,Y,,N,,,,,,,,,,,,,,,,,,,,,,SEQSOY_clean,259.0
SEQTEP_clean,7.6925,5.22397,7.6925,0.967552,1457.91,1506.8,0.0,0.0,0.5822,0.601725,0.0,Mn,Yes,Mn,clean,Y,Y,Y,,N,,,,,,,,,,,,,,,,,,,,,,SEQTEP_clean,283.0
SERCEZ_clean,10.07441,8.56931,10.07441,0.708098,2363.51,3337.82,0.0,0.0,0.7424,1.04844,0.0,Zn,Yes,Zn,clean,Y,Y,Y,,N,,,,,,,,,,,,,,,,,,,,,,SERCEZ_clean,227.5
SERJOP_clean,8.8151,8.02852,8.80673,1.47492,1445.52,980.069,0.0,0.0,0.5668,0.384292,0.0,Er,Yes,Er,clean,Y,Y,Y,,N,,,,,,,,,,,,,,,,,,,,,,SERJOP_clean,247.3
SERJUV_clean,8.81658,8.12377,8.8037,1.17608,1441.79,1225.93,0.0,0.0,0.577,0.490611,0.0,Y,Yes,Y,clean,Y,Y,Y,,N,,,,,,,,,,,,,,,,,,,,,,SERJUV_clean,153.8
SERLEI_clean,11.28347,6.23061,11.2833,0.73908,2383.12,3224.44,0.0,0.0,0.7306,0.988527,0.0,Cu,Yes,Cu,clean,N,Y,Y,,N,,,,,,,,,,,,,,,,,,,,,,SERLEI_clean,187.7
SERWAP_clean,5.42763,4.05857,5.33801,0.873598,1883.71,2156.27,0.0,0.0,0.6098,0.698033,0.0,"Zn,Si",No, ,clean,Y,Y,Y,,N,,,,,,,,,,,,,,,,,,,,,,SERWAP_clean,319.3
SETDUS_clean,4.71148,4.0993,4.71148,1.05303,1402.23,1331.61,0.0,0.0,0.6032,0.572822,0.0,Cu,Yes,Cu,clean,N,Y,Y,,N,,,,,,,,,,,,,,,,,,,,,,SETDUS_clean,243.1
SETPEO_clean,14.47047,3.66339,14.46844,0.794221,1742.27,2193.69,0.0,0.0,0.7298,0.918888,0.0,In,Yes,In,clean,Y,Y,Y,,N,,,,,,,,,,,,,,,,,,,,,,SETPEO_clean,149.9
SETQAL_clean,4.42679,4.26632,4.42679,1.31307,1092.38,831.931,0.0,0.0,0.5278,0.40196,0.0,Fe,No, ,clean,N,Y,Y,,N,,,,,,,,,,,,,,,,,,,,,,SETQAL_clean,244.3
SETQEP_clean,4.49444,4.34625,4.49444,1.29869,1133.37,872.699,0.0,0.0,0.5334,0.410721,0.0,Fe,No, ,clean,N,Y,Y,,N,,,,,,,,,,,,,,,,,,,,,,SETQEP_clean,243.7
SETQIT_clean,4.41727,4.22902,4.41727,1.31505,1081.66,822.523,0.0,0.0,0.5234,0.398009,0.0,Fe,No, ,clean,N,Y,Y,,N,,,,,,,,,,,,,,,,,,,,,,SETQIT_clean,240.6
SETQOZ_SL,7.85539,7.34267,7.85421,0.993925,1777.54,1788.41,0.0,0.0,0.6354,0.639284,0.0,Fe,No, ,SL,Y,Y,Y,,N,,,,,,,,,,,,,,,,,,,,,,SETQOZ_SL,122.7
SETQUF_SL,7.76352,7.22608,7.76352,0.996606,1737.41,1743.32,0.0,0.0,0.6204,0.622513,0.0,Fe,No, ,SL,Y,Y,Y,,N,,,,,,,,,,,,,,,,,,,,,,SETQUF_SL,194.2
SETRAM_clean,8.05582,7.60574,8.05085,0.990751,1790.54,1807.25,0.0,0.0,0.6356,0.641533,0.0,Fe,No, ,clean,N,Y,Y,,N,,,,,,,,,,,,,,,,,,,,,,SETRAM_clean,146.8
SETSIV_clean,10.19056,8.58608,10.19056,0.702208,2298.35,3273.03,0.0,0.0,0.7264,1.03445,0.0,"Zn,Cr",Yes,Cr,clean,Y,Y,Y,,N,,,,,,,,,,,,,,,,,,,,,,SETSIV_clean,109.7
SETSOB_clean,6.38657,4.98443,6.37723,0.814512,2668.09,3275.69,0.0,0.0,0.6874,0.843941,0.0,"Zn,Cr",No, ,clean,Y,Y,Y,,N,,,,,,,,,,,,,,,,,,,,,,SETSOB_clean,138.2
SETXEW_clean,4.58511,3.92335,4.57028,2.3001,529.435,230.179,0.0,0.0,0.417,0.181296,0.0,"Mo,Zn",Yes,"Mo,Zn",clean,N,Y,Y,,N,,,,,,,,,,,,,,,,,,,,,,SETXEW_clean,465.7
SEVLEM_clean,9.1752,7.37433,9.1752,0.963135,2062.24,2141.17,0.0,0.0,0.6686,0.694191,0.0,Cd,Yes,Cd,clean,Y,Y,Y,,N,,,,,,,,,,,,,,,,,,,,,,SEVLEM_clean,744.0
SEWCED_clean,12.17369,9.5104,12.17369,0.810307,1760.05,2172.08,0.0,0.0,0.6728,0.830303,0.0,Cd,Yes,Cd,clean,Y,Y,Y,,N,,,,,,,,,,,,,,,,,,,,,,SEWCED_clean,525.7
SEYQIW_clean,5.89707,5.20358,5.89707,1.03265,2825.78,2736.42,0.0,0.0,0.6948,0.672829,0.0,Zn,No, ,clean,N,Y,Y,,N,,,,,,,,,,,,,,,,,,,,,,SEYQIW_clean,102.3
SEZPOE_clean,4.80607,4.08896,4.78655,1.66902,1314.15,787.374,0.0,0.0,0.5938,0.355777,0.0,Zn,No, ,clean,N,Y,Y,,N,,,,,,,,,,,,,,,,,,,,,,SEZPOE_clean,166.9
SICZOV_clean,18.76086,11.86635,18.76086,0.419881,1773.06,4222.76,0.0,0.0,0.8408,2.00247,0.0,In,Yes,In,clean,Y,Y,Y,,N,,,,,,,,,,,,,,,,,,,,,,SICZOV_clean,217.5
SIDCAL_clean,9.18075,7.95829,9.18075,1.0779,1545.97,1434.24,0.0,0.0,0.5948,0.551815,0.0,Cd,No, ,clean,N,Y,Y,,N,,,,,,,,,,,,,,,,,,,,,,SIDCAL_clean,256.8
SIFVAG_clean,5.52904,3.49181,5.49354,1.16245,673.998,579.808,0.0,0.0,0.4796,0.412577,0.0,"Na,Ag",Yes,"Na,Ag",clean,N,Y,Y,,N,,,,,,,,,,,,,,,,,,,,,,SIFVAG_clean,222.2
SIKGAW_clean,4.92676,4.21433,4.92676,0.888887,2386.29,2684.58,0.0,0.0,0.6492,0.730352,0.0,Cu,No, ,clean,N,Y,Y,,N,,,,,,,,,,,,,,,,,,,,,,SIKGAW_clean,185.3
SIKYER_clean,6.53029,4.26393,6.50771,1.2109,2088.91,1725.09,0.0,0.0,0.6104,0.504089,0.0,Eu,Yes,Eu,clean,Y,Y,Y,,N,,,,,,,,,,,,,,,,,,,,,,SIKYER_clean,238.7
SINQEL_clean,5.80887,4.60559,5.80549,1.29073,2087.2,1617.07,0.0,0.0,0.6484,0.502351,0.0,Zn,No, ,clean,N,Y,Y,,N,,,,,,,,,,,,,,,,,,,,,,SINQEL_clean,104.4
SIPCID_clean,5.31594,4.0774,5.2787,1.47588,738.038,500.065,0.0,0.0,0.506,0.342845,0.0,Na,No, ,clean,N,Y,Y,,N,,,,,,,,,,,,,,,,,,,,,,SIPCID_clean,185.1
SIQCOM_clean,4.78607,3.41332,4.77151,1.37032,965.525,704.599,0.103074,0.0752192,0.535,0.39042,0.0,"Cd,Cs",Yes,Cs,clean,N,Y,Y,,N,,,,,,,,,,,,,,,,,,,,,,SIQCOM_clean,307.8
SIQQEO_clean,5.38066,4.73377,5.38066,1.02212,1743.14,1705.42,0.0,0.0,0.596,0.583103,0.0,Sr,Yes,Sr,clean,N,Y,Y,,N,,,,,,,,,,,,,,,,,,,,,,SIQQEO_clean,203.8
SISFEH_clean,4.41588,3.6646,4.35167,1.61069,592.834,368.062,0.0,0.0,0.4254,0.26411,0.0,"Sr,Ni",Yes,Ni,clean,Y,Y,Y,,N,,,,,,,,,,,,,,,,,,,,,,SISFEH_clean,247.7
SISPUH_clean,5.99511,5.1936,5.99511,1.69632,1257.02,741.025,0.0,0.0,0.5152,0.303716,0.0,Gd,Yes,Gd,clean,N,Y,Y,,N,,,,,,,,,,,,,,,,,,,,,,SISPUH_clean,227.5
SISQAO_clean,5.99338,5.23289,5.99338,1.66873,1254.35,751.683,0.0,0.0,0.5178,0.310297,0.0,Eu,Yes,Eu,clean,N,Y,Y,,N,,,,,,,,,,,,,,,,,,,,,,SISQAO_clean,229.8
SISQES_clean,5.97003,5.21528,5.97003,1.65966,1234.67,743.931,0.0,0.0,0.5184,0.312353,0.0,Sm,Yes,Sm,clean,N,Y,Y,,N,,,,,,,,,,,,,,,,,,,,,,SISQES_clean,225.2
SISQIW_clean,6.00511,5.20372,6.00511,1.61583,1236.89,765.482,0.0,0.0,0.521,0.322434,0.0,Nd,Yes,Nd,clean,N,Y,Y,,N,,,,,,,,,,,,,,,,,,,,,,SISQIW_clean,227.9
SITTUM_clean,6.67296,3.57209,6.58264,1.4371,626.277,435.791,0.0,0.0,0.4524,0.3148,0.0,Zn,Yes,Zn,clean,Y,Y,Y,,N,,,,,,,,,,,,,,,,,,,,,,SITTUM_clean,574.4
SIVGIP_clean,5.24448,3.98805,5.17797,1.10666,1685.18,1522.76,0.0,0.0,0.6024,0.544339,0.0,Zn,Yes,Zn,clean,N,Y,Y,,N,,,,,,,,,,,,,,,,,,,,,,SIVGIP_clean,239.8
SIVGOV_clean,5.24396,4.0676,5.24396,1.11955,1644.75,1469.11,0.0,0.0,0.6106,0.545397,0.0,Zn,Yes,Zn,clean,N,Y,Y,,N,,,,,,,,,,,,,,,,,,,,,,SIVGOV_clean,237.1
SIVGUB_clean,8.31266,6.47199,8.20556,0.679186,2443.34,3597.46,0.0,0.0,0.7546,1.11104,0.0,Zn,Yes,Zn,clean,N,Y,Y,,N,,,,,,,,,,,,,,,,,,,,,,SIVGUB_clean,169.7
SIVJIS_clean,6.47513,4.62269,6.40533,1.38853,1236.89,890.797,0.0,0.0,0.5274,0.379827,0.0,Cd,No, ,clean,N,Y,Y,,N,,,,,,,,,,,,,,,,,,,,,,SIVJIS_clean,247.5
SIVKAK_clean,4.30972,3.83052,4.30972,1.95562,167.191,85.4925,0.0,0.0,0.4122,0.210777,0.0,"Ag,Mn",Yes,"Ag,Mn",clean,Y,Y,Y,,N,,,,,,,,,,,,,,,,,,,,,,SIVKAK_clean,184.0
SIVQAR_clean,8.43693,5.95196,8.03277,1.35381,1577.05,1164.9,0.0,0.0,0.616,0.455013,0.0,Cd,Yes,Cd,clean,N,Y,Y,,N,,,,,,,,,,,,,,,,,,,,,,SIVQAR_clean,161.6
SIVWUR_clean,4.87776,4.03318,4.87776,1.72206,462.742,268.715,0.0,0.0,0.3598,0.208936,0.0,Cd,No, ,clean,Y,Y,Y,,N,,,,,,,,,,,,,,,,,,,,,,SIVWUR_clean,377.1
SIWSUO_clean,4.95346,3.52092,4.93971,1.30798,969.125,740.933,0.0,0.0,0.499,0.381505,0.0,Co,Yes,Co,clean,N,Y,Y,,N,,,,,,,,,,,,,,,,,,,,,,SIWSUO_clean,187.4
SIWTEZ_clean,6.78942,4.98966,6.77665,1.39975,1050.66,750.605,0.0,0.0,0.4732,0.33806,0.0,Co,Yes,Co,clean,N,Y,Y,,N,,,,,,,,,,,,,,,,,,,,,,SIWTEZ_clean,265.8
SIWTOJ_clean,4.72876,3.487,4.72876,1.43464,1201.3,837.352,0.0,0.0,0.525,0.365944,0.0,Cd,Yes,Cd,clean,N,Y,Y,,N,,,,,,,,,,,,,,,,,,,,,,SIWTOJ_clean,235.5
SIZJUH_clean,6.46611,5.64692,6.46611,1.69172,651.341,385.016,66.1469,39.1003,0.474,0.280188,0.0,"Mo,Na",Yes,"Mo,Na",clean,N,Y,Y,,N,,,,,,,,,,,,,,,,,,,,,,SIZJUH_clean,240.1
SIZPUN_clean,19.22538,6.71018,19.22499,0.693763,2153.01,3103.37,0.0,0.0,0.757,1.09115,0.0,Zn,Yes,Zn,clean,Y,Y,Y,,N,,,,,,,,,,,,,,,,,,,,,,SIZPUN_clean,321.5
SOBTUY_clean,5.30158,4.93345,5.25562,1.24028,1722.57,1388.85,0.0,0.0,0.5708,0.460217,0.0,"Cd,Pd",Yes,"Cd,Pd",clean,N,Y,Y,,N,,,,,,,,,,,,,,,,,,,,,,SOBTUY_clean,165.2
SOBZEQ_clean,7.06044,5.44324,7.04565,0.861876,2509.51,2911.69,0.0,0.0,0.7062,0.819376,0.0,"Ca,Cd",Yes,Ca,clean,Y,Y,Y,,N,,,,,,,,,,,,,,,,,,,,,,SOBZEQ_clean,170.3
SOCLAZ_clean,3.66826,3.40979,3.66826,1.5968,132.944,83.257,0.0,0.0,0.3902,0.244364,0.0,Cd,No, ,clean,Y,Y,Y,,N,,,,,,,,,,,,,,,,,,,,,,SOCLAZ_clean,271.0
SODNAA_clean,4.92821,3.76656,4.9265,1.39799,1007.61,720.756,0.0,0.0,0.501,0.358372,0.0,Ag,Yes,Ag,clean,N,Y,Y,,N,,,,,,,,,,,,,,,,,,,,,,SODNAA_clean,168.8
SODQOT_clean,6.38354,5.71555,6.35379,1.16333,2168.31,1863.88,0.0,0.0,0.653,0.561321,0.0,Cu,Yes,Cu,clean,N,Y,Y,,N,,,,,,,,,,,,,,,,,,,,,,SODQOT_clean,170.5
SODXUG_clean,4.72864,4.01613,4.71178,1.34536,905.757,673.244,0.0,0.0,0.4682,0.34801,0.0,Co,Yes,Co,clean,N,Y,Y,,N,,,,,,,,,,,,,,,,,,,,,,SODXUG_clean,412.8
SODZIV_clean,6.23207,5.25681,6.23207,1.2688,1153.66,909.256,0.0,0.0,0.5338,0.420714,0.0,Cd,Yes,Cd,clean,Y,Y,Y,,N,,,,,,,,,,,,,,,,,,,,,,SODZIV_clean,187.2
SOHBUO_clean,4.82292,4.04207,4.82292,1.2506,823.12,658.177,0.0,0.0,0.481,0.384614,0.0,Ag,Yes,Ag,clean,N,Y,Y,,N,,,,,,,,,,,,,,,,,,,,,,SOHBUO_clean,309.8
SOHGUS_clean,9.69532,8.17838,9.6883,0.723839,1841.74,2544.41,0.0,0.0,0.707,0.976737,0.0,Co,No, ,clean,Y,Y,Y,,N,,,,,,,,,,,,,,,,,,,,,,SOHGUS_clean,245.1
SOHMEI_clean,8.65383,8.02301,8.62464,1.19399,2084.79,1746.06,0.0,0.0,0.6688,0.560138,0.0,Zn,No, ,clean,Y,Y,Y,,N,,,,,,,,,,,,,,,,,,,,,,SOHMEI_clean,271.3
SOHMIM_clean,8.13654,7.41946,8.10265,1.23579,2022.73,1636.78,0.0,0.0,0.6656,0.538601,0.0,Zn,No, ,clean,N,Y,Y,,N,,,,,,,,,,,,,,,,,,,,,,SOHMIM_clean,388.7
SOHMUY_clean,8.20693,7.56134,7.97833,1.2172,2055.43,1688.66,0.0,0.0,0.6606,0.542722,0.0,Zn,No, ,clean,Y,Y,Y,,N,,,,,,,,,,,,,,,,,,,,,,SOHMUY_clean,269.4
SOHNAF_clean,8.77466,8.24178,8.76382,1.17605,2072.16,1761.97,0.0,0.0,0.686,0.583311,0.0,Zn,No, ,clean,N,Y,Y,,N,,,,,,,,,,,,,,,,,,,,,,SOHNAF_clean,258.7
SOHNEJ_clean,8.72478,7.97366,8.7184,1.18471,2089.45,1763.69,0.0,0.0,0.6672,0.563178,0.0,Zn,No, ,clean,N,Y,Y,,N,,,,,,,,,,,,,,,,,,,,,,SOHNEJ_clean,262.4
SOHNIN_clean,8.46136,7.91648,8.46136,1.21276,2069.15,1706.15,0.0,0.0,0.6704,0.552789,0.0,Zn,No, ,clean,N,Y,Y,,N,,,,,,,,,,,,,,,,,,,,,,SOHNIN_clean,389.6
SOJGOO_clean,6.25393,4.92061,6.24311,1.24524,1162.74,933.744,0.0,0.0,0.513,0.411967,0.0,Ce,Yes,Ce,clean,Y,Y,Y,,N,,,,,,,,,,,,,,,,,,,,,,SOJGOO_clean,332.2
SOJSUH_clean,8.78676,6.77563,8.78676,0.847279,2062.57,2434.34,0.0,0.0,0.6744,0.79596,0.0,Gd,Yes,Gd,clean,N,Y,Y,,N,,,,,,,,,,,,,,,,,,,,,,SOJSUH_clean,276.7
SOKKOT_ion_b,6.1792,5.66918,6.17838,1.21138,852.75,703.947,80.7869,66.6897,0.5432,0.448412,0.0,In,No, ,ion_b,N,Y,Y,,N,,,,,,,,,,,,,,,,,,,,,,SOKKOT_ion_b,224.8
SOKKUZ_clean,6.70484,6.32665,6.70484,1.05966,2286.47,2157.74,0.0,0.0,0.6502,0.613593,0.0,In,No, ,clean,N,Y,Y,,N,,,,,,,,,,,,,,,,,,,,,,SOKKUZ_clean,146.3
SOKWAS01_clean,5.31439,4.17423,5.31439,1.94035,1774.06,914.299,0.0,0.0,0.5988,0.308604,0.0,U,Yes,U,clean,N,Y,Y,,N,,,,,,,,,,,,,,,,,,,,,,SOKWAS01_clean,112.6
SOKWAS_clean,6.00629,4.14523,5.99555,1.89659,1733.95,914.246,0.0,0.0,0.6016,0.317201,0.0,U,Yes,U,clean,N,Y,Y,,N,,,,,,,,,,,,,,,,,,,,,,SOKWAS_clean,147.7
SOKWUM_clean,5.85854,4.29712,5.84922,1.62759,2447.15,1503.54,0.0,0.0,0.6492,0.398872,0.0,"Ni,U",Yes,U,clean,N,Y,Y,,N,,,,,,,,,,,,,,,,,,,,,,SOKWUM_clean,144.3
SOMCON_clean,8.11347,7.39172,8.11088,1.23046,2025.07,1645.79,0.0,0.0,0.6712,0.545487,0.0,Zn,No, ,clean,Y,Y,Y,,N,,,,,,,,,,,,,,,,,,,,,,SOMCON_clean,412.6
SOMFAC_clean,6.70637,6.34214,6.70637,1.04875,2285.42,2179.2,0.0,0.0,0.6702,0.639049,0.0,In,No, ,clean,N,Y,Y,,N,,,,,,,,,,,,,,,,,,,,,,SOMFAC_clean,141.6
SOMFEG_clean,6.71551,6.34258,6.71551,1.05531,2284.15,2164.44,0.0,0.0,0.6512,0.61707,0.0,In,No, ,clean,N,Y,Y,,N,,,,,,,,,,,,,,,,,,,,,,SOMFEG_clean,141.9
SOMFIK_clean,6.73279,6.35537,6.73279,1.03071,2266.62,2199.08,0.0,0.0,0.6584,0.63878,0.0,In,No, ,clean,N,Y,Y,,N,,,,,,,,,,,,,,,,,,,,,,SOMFIK_clean,139.2
SOMSIY_clean,6.00203,5.70916,6.00203,1.30077,1538.34,1182.64,0.0,0.0,0.5758,0.442662,0.0,Ga,No, ,clean,N,Y,Y,,N,,,,,,,,,,,,,,,,,,,,,,SOMSIY_clean,115.5
SONTAR_manual,6.97799,5.28288,6.97799,1.00094,2334.34,2332.14,0.0,0.0,0.674,0.673365,0.0,Pr,Yes,Pr,manual,N,Y,Y,,N,,,,,,,,,,,,,,,,,,,,,,SONTAR_manual,148.8
SONTIZ_clean,6.62072,5.41763,6.62072,1.09079,2319.93,2126.83,0.0,0.0,0.6638,0.608548,0.0,Tb,Yes,Tb,clean,N,Y,Y,,N,,,,,,,,,,,,,,,,,,,,,,SONTIZ_clean,129.8
SONTOF_clean,6.50923,5.39354,6.50923,1.11456,2282.12,2047.56,0.0,0.0,0.6604,0.592523,0.0,Dy,Yes,Dy,clean,N,Y,Y,,N,,,,,,,,,,,,,,,,,,,,,,SONTOF_clean,129.5
SONTUL_neutral_b,11.07564,6.55104,11.07564,0.882976,2163.69,2450.45,0.0,0.0,0.717,0.812027,0.0,Cu,Yes,Cu,neutral_b,N,Y,Y,,N,,,,,,,,,,,,,,,,,,,,,,SONTUL_neutral_b,151.0
SONVAT_neutral_b,13.18133,6.56576,13.18133,0.88151,2137.18,2424.45,0.0,0.0,0.7168,0.81315,0.0,Cu,Yes,Cu,neutral_b,N,Y,Y,,N,,,,,,,,,,,,,,,,,,,,,,SONVAT_neutral_b,147.9
SONVEX_neutral_b,13.20026,6.62162,13.20026,0.879921,2126.12,2416.26,0.0,0.0,0.7172,0.815073,0.0,Cu,Yes,Cu,neutral_b,N,Y,Y,,N,,,,,,,,,,,,,,,,,,,,,,SONVEX_neutral_b,148.5
SONVIB_neutral_b,13.19327,6.63983,13.19327,0.881013,2113.29,2398.7,0.0,0.0,0.7204,0.817695,0.0,Cu,Yes,Cu,neutral_b,N,Y,Y,,N,,,,,,,,,,,,,,,,,,,,,,SONVIB_neutral_b,152.6
SOPLAM_clean,7.99336,6.43639,7.96868,0.786263,2208.41,2808.75,0.0,0.0,0.6702,0.852386,0.0,Zn,Yes,Zn,clean,N,Y,Y,,N,,,,,,,,,,,,,,,,,,,,,,SOPLAM_clean,123.5
SOPLEQ_clean,8.78838,7.50509,8.78838,0.73171,2217.3,3030.3,0.0,0.0,0.6802,0.929603,0.0,Zn,No, ,clean,Y,Y,Y,,N,,,,,,,,,,,,,,,,,,,,,,SOPLEQ_clean,440.9
SOPLOA_clean,8.29809,6.85068,8.29809,0.790491,2059.77,2605.68,0.0,0.0,0.6598,0.834671,0.0,Zn,Yes,Zn,clean,Y,Y,Y,,N,,,,,,,,,,,,,,,,,,,,,,SOPLOA_clean,218.4
SOSSEA_clean,4.66034,3.46037,4.63504,1.16769,974.945,834.933,0.0,0.0,0.5088,0.435731,0.0,Cd,No, ,clean,Y,Y,Y,,N,,,,,,,,,,,,,,,,,,,,,,SOSSEA_clean,310.5
SOTWOP_clean,6.21348,5.18247,6.21348,1.16378,2263.81,1945.21,0.0,0.0,0.6514,0.559726,0.0,Eu,Yes,Eu,clean,N,Y,Y,,N,,,,,,,,,,,,,,,,,,,,,,SOTWOP_clean,159.9
SOTWUV_clean,6.18672,5.12197,6.18672,1.20466,2258.56,1874.85,0.0,0.0,0.6516,0.540898,0.0,Tb,Yes,Tb,clean,N,Y,Y,,N,,,,,,,,,,,,,,,,,,,,,,SOTWUV_clean,160.0
SOTXAC_clean,6.12649,5.14189,6.12133,1.25484,2251.96,1794.63,0.0,0.0,0.645,0.514011,0.0,Er,Yes,Er,clean,N,Y,Y,,N,,,,,,,,,,,,,,,,,,,,,,SOTXAC_clean,160.8
SOTXEG_neutral,5.04075,3.40746,5.04075,1.50786,630.779,418.326,0.0,0.0,0.472,0.313026,0.0,Yb,No, ,neutral,Y,Y,Y,,N,,,,,,,,,,,,,,,,,,,,,,SOTXEG_neutral,393.5
SOVHAM_clean,4.88485,4.19849,4.88485,1.17469,1409.46,1199.86,0.0,0.0,0.5526,0.470422,0.0,"Cd,Ni",Yes,Ni,clean,Y,Y,Y,,N,,,,,,,,,,,,,,,,,,,,,,SOVHAM_clean,158.0
SOVHOA_clean,4.19176,3.82361,4.19176,1.2075,1328.47,1100.17,0.0,0.0,0.5406,0.4477,0.0,"Cd,Ni",Yes,Ni,clean,N,Y,Y,,N,,,,,,,,,,,,,,,,,,,,,,SOVHOA_clean,225.1
SOVLEW_clean,16.78989,6.64048,16.78989,0.755158,2186.99,2896.07,0.0,0.0,0.742,0.982576,0.0,Cu,Yes,Cu,clean,Y,Y,Y,,N,,,,,,,,,,,,,,,,,,,,,,SOVLEW_clean,566.7
SOXDAM_clean,7.87287,4.28499,7.87287,1.75813,1069.27,608.188,0.0,0.0,0.4738,0.26949,0.0,"Tb,Zn",Yes,Zn,clean,Y,Y,Y,,N,,,,,,,,,,,,,,,,,,,,,,SOXDAM_clean,274.9
SOXDEQ_clean,7.82825,4.19616,7.82511,1.75226,1007.81,575.152,0.0,0.0,0.4478,0.255556,0.0,"Tb,Co",Yes,Co,clean,Y,Y,Y,,N,,,,,,,,,,,,,,,,,,,,,,SOXDEQ_clean,261.0
SOYFUJ_clean,4.60508,3.53241,4.56134,1.47456,918.914,623.177,0.0,0.0,0.5152,0.349392,0.0,Ag,Yes,Ag,clean,N,Y,Y,,N,,,,,,,,,,,,,,,,,,,,,,SOYFUJ_clean,292.7
SOYWOT_neutral_b,13.17245,6.57882,13.17245,0.881994,2147.64,2434.99,0.0,0.0,0.7166,0.812478,0.0,Cu,Yes,Cu,neutral_b,N,Y,Y,,N,,,,,,,,,,,,,,,,,,,,,,SOYWOT_neutral_b,147.7
SOYWUZ_clean,13.18202,6.56101,13.18202,0.874244,2168.24,2480.14,0.0,0.0,0.7172,0.820366,0.0,Cu,Yes,Cu,clean,N,Y,Y,,N,,,,,,,,,,,,,,,,,,,,,,SOYWUZ_clean,477.4
SOZBIS_clean,7.02326,5.68654,7.02326,1.02671,2667.76,2598.37,0.0,0.0,0.7458,0.7264,0.0,Cd,No, ,clean,N,Y,Y,,N,,,,,,,,,,,,,,,,,,,,,,SOZBIS_clean,110.9
SOZGIZ_clean,8.59808,3.83664,8.57584,1.027,1782.17,1735.31,0.0,0.0,0.6252,0.608761,0.0,Tm,Yes,Tm,clean,N,Y,Y,,N,,,,,,,,,,,,,,,,,,,,,,SOZGIZ_clean,358.3
SOZGOF_clean,8.62412,3.75854,8.61676,1.03974,1771.69,1703.98,0.0,0.0,0.6218,0.598036,0.0,Yb,Yes,Yb,clean,N,Y,Y,,N,,,,,,,,,,,,,,,,,,,,,,SOZGOF_clean,345.1
SOZRUW_clean,8.81736,4.01112,8.59398,0.978332,1794.66,1834.4,0.0,0.0,0.6308,0.644771,0.0,Sm,Yes,Sm,clean,N,Y,Y,,N,,,,,,,,,,,,,,,,,,,,,,SOZRUW_clean,352.2
SOZSAD_clean,8.8027,3.99777,8.80075,0.979603,1802.77,1840.31,0.0,0.0,0.6322,0.645363,0.0,Eu,Yes,Eu,clean,N,Y,Y,,N,,,,,,,,,,,,,,,,,,,,,,SOZSAD_clean,341.9
SOZSEH_clean,8.87095,4.01926,8.85196,0.99882,1779.57,1781.67,0.0,0.0,0.63,0.630744,0.0,Gd,Yes,Gd,clean,N,Y,Y,,N,,,,,,,,,,,,,,,,,,,,,,SOZSEH_clean,346.7
SOZSIL_clean,8.7376,3.97317,8.68094,0.99936,1793.88,1795.03,0.0,0.0,0.631,0.631404,0.0,Tb,Yes,Tb,clean,N,Y,Y,,N,,,,,,,,,,,,,,,,,,,,,,SOZSIL_clean,344.5
SOZSOR_clean,8.74499,3.992,8.31175,1.01024,1785.62,1767.53,0.0,0.0,0.6274,0.621043,0.0,Dy,Yes,Dy,clean,N,Y,Y,,N,,,,,,,,,,,,,,,,,,,,,,SOZSOR_clean,342.2
SOZSUX_clean,8.70746,3.96873,8.68609,1.0202,1783.95,1748.63,0.0,0.0,0.6284,0.615958,0.0,Er,Yes,Er,clean,N,Y,Y,,N,,,,,,,,,,,,,,,,,,,,,,SOZSUX_clean,347.2
SUBMIN_clean,9.97573,6.14945,9.9755,0.833875,1650.14,1978.89,0.0,0.0,0.635,0.761505,0.0,Cd,No, ,clean,N,Y,Y,,N,,,,,,,,,,,,,,,,,,,,,,SUBMIN_clean,919.1
SUCLOT_clean,5.75412,5.30597,5.75185,0.900285,1657.72,1841.33,0.0,0.0,0.6148,0.682895,0.0,Ca,Yes,Ca,clean,N,Y,Y,,N,,,,,,,,,,,,,,,,,,,,,,SUCLOT_clean,111.6
SUFBAY_clean,6.49481,4.4278,6.49481,0.863231,1967.74,2279.51,0.0,0.0,0.608,0.704331,0.0,Cd,No, ,clean,N,Y,Y,,N,,,,,,,,,,,,,,,,,,,,,,SUFBAY_clean,234.1
SUFHIM_clean,10.78647,9.46825,10.78641,1.0639,1328.84,1249.03,0.0,0.0,0.569,0.534826,0.0,"Na,Zn",Yes,"Na,Zn",clean,N,Y,Y,,N,,,,,,,,,,,,,,,,,,,,,,SUFHIM_clean,283.5
SUFJOU_clean,6.30332,3.54841,6.29414,1.24899,1424.61,1140.61,0.0,0.0,0.571,0.457169,0.0,Zn,Yes,Zn,clean,N,Y,Y,,N,,,,,,,,,,,,,,,,,,,,,,SUFJOU_clean,408.8
SUFROA_clean,5.45181,5.00801,5.45026,0.91452,1466.61,1603.69,0.0,0.0,0.6234,0.681669,0.0,Cu,No, ,clean,N,Y,Y,,N,,,,,,,,,,,,,,,,,,,,,,SUFROA_clean,102.6
SUGDIJ_auto,12.99556,11.59411,12.53696,0.409914,1974.15,4816.02,0.0,0.0,0.8394,2.04775,0.0,Zn,No, ,auto,N,Y,Y,,N,,,,,,,,,,,,,,,,,,,,,,SUGDIJ_auto,151.6
SUGVUM_clean,5.79435,4.06776,5.78784,1.1064,1279.06,1156.05,0.0,0.0,0.5442,0.491863,0.0,Cu,Yes,Cu,clean,Y,Y,Y,,N,,,,,,,,,,,,,,,,,,,,,,SUGVUM_clean,205.8
SUHBAA_clean,11.92534,10.15941,10.7957,0.715863,1973.75,2757.16,0.0,0.0,0.807,1.12731,0.000279383,Zn,Yes,Zn,clean,N,Y,Y,,N,,,,,,,,,,,,,,,,,,,,,,SUHBAA_clean,427.0
SUHMEP_clean,8.35438,6.74513,8.35438,1.25512,1629.48,1298.27,0.0,0.0,0.6082,0.484574,0.0,Co,No, ,clean,N,Y,Y,,N,,,,,,,,,,,,,,,,,,,,,,SUHMEP_clean,195.7
SUJNUH_clean,7.55155,6.59808,7.55155,1.24948,986.433,789.474,0.0,0.0,0.5334,0.426897,0.0,Cu,Yes,Cu,clean,Y,Y,Y,,N,,,,,,,,,,,,,,,,,,,,,,SUJNUH_clean,282.8
SUKKUF_clean,5.04,3.85862,5.04,2.47267,613.367,248.059,0.0,0.0,0.3764,0.152224,0.0,"Pt,K",Yes,K,clean,N,Y,Y,,N,,,,,,,,,,,,,,,,,,,,,,SUKKUF_clean,171.5
SUKREX_clean,5.76528,3.44001,5.76528,2.05587,771.787,375.407,0.0,0.0,0.4332,0.210714,0.0,La,Yes,La,clean,N,Y,Y,,N,,,,,,,,,,,,,,,,,,,,,,SUKREX_clean,203.1
SUKRIB_clean,5.67492,3.40868,5.64201,2.09272,780.987,373.192,0.0,0.0,0.4274,0.204232,0.0,Ce,Yes,Ce,clean,N,Y,Y,,N,,,,,,,,,,,,,,,,,,,,,,SUKRIB_clean,202.2
SUKYIH_clean,9.64677,7.09331,9.64677,0.59954,2372.38,3957.0,0.0,0.0,0.7742,1.29132,0.0,Cu,Yes,Cu,clean,Y,Y,Y,,N,,,,,,,,,,,,,,,,,,,,,,SUKYIH_clean,152.7
SUKYON_clean,10.7978,7.28862,10.07334,0.52652,2852.06,5416.81,0.601169,1.14178,0.7786,1.47877,0.0,Cu,Yes,Cu,clean,Y,Y,Y,,N,,,,,,,,,,,,,,,,,,,,,,SUKYON_clean,170.1
SUNHUF_clean,6.56646,4.08998,6.54784,1.26553,1485.95,1174.18,0.0,0.0,0.5694,0.449931,0.0,Nd,No, ,clean,N,Y,Y,,N,,,,,,,,,,,,,,,,,,,,,,SUNHUF_clean,169.7
SUNJER_clean,4.80272,3.79637,4.63139,1.43298,1698.73,1185.45,0.0,0.0,0.5816,0.405867,0.0,Yb,Yes,Yb,clean,N,Y,Y,,N,,,,,,,,,,,,,,,,,,,,,,SUNJER_clean,142.6
SUNJIV_clean,4.89155,3.90131,4.73471,1.36084,1754.51,1289.29,0.0,0.0,0.5968,0.438553,0.0,Dy,Yes,Dy,clean,N,Y,Y,,N,,,,,,,,,,,,,,,,,,,,,,SUNJIV_clean,136.9
SUNJOB01_clean,4.89634,3.8976,4.73512,1.37366,1723.73,1254.84,0.0,0.0,0.596,0.433877,0.0,Ho,Yes,Ho,clean,N,Y,Y,,N,,,,,,,,,,,,,,,,,,,,,,SUNJOB01_clean,141.6
SUNJOB_clean,4.89048,3.89627,4.72752,1.37509,1744.51,1268.65,0.0,0.0,0.5894,0.428626,0.0,Ho,Yes,Ho,clean,N,Y,Y,,N,,,,,,,,,,,,,,,,,,,,,,SUNJOB_clean,142.8
SUPLOF_clean,9.82615,5.81764,9.823,0.800346,2153.22,2690.36,0.0,0.0,0.6784,0.847633,0.0,Zn,No, ,clean,Y,Y,Y,,N,,,,,,,,,,,,,,,,,,,,,,SUPLOF_clean,236.4
SUQHUJ_clean,7.25953,5.23411,7.25953,1.08539,2701.3,2488.77,0.0,0.0,0.709,0.653219,0.0,In,Yes,In,clean,N,Y,Y,,N,,,,,,,,,,,,,,,,,,,,,,SUQHUJ_clean,213.0
SUQJEV_clean,6.37976,3.41068,6.37976,1.61288,1257.56,779.698,0.0,0.0,0.5318,0.329721,0.0,In,Yes,In,clean,N,Y,Y,,N,,,,,,,,,,,,,,,,,,,,,,SUQJEV_clean,212.3
SURDOA_clean,4.38797,3.72635,4.38797,1.29817,708.567,545.82,0.0,0.0,0.448,0.345101,0.0,Co,No, ,clean,N,Y,Y,,N,,,,,,,,,,,,,,,,,,,,,,SURDOA_clean,368.3
SUSZIQ_clean,6.2853,5.33445,6.2853,1.91818,700.301,365.087,0.0,0.0,0.4294,0.223858,0.0,Al,No, ,clean,N,Y,Y,,N,,,,,,,,,,,,,,,,,,,,,,SUSZIQ_clean,226.5
SUSZOW_clean,6.37118,5.41681,6.36973,1.91863,721.465,376.031,0.0,0.0,0.4268,0.22245,0.0,Al,No, ,clean,N,Y,Y,,N,,,,,,,,,,,,,,,,,,,,,,SUSZOW_clean,228.4
SUVNEE_clean,15.6562,6.95834,15.6562,0.815704,1584.31,1942.26,314.611,385.692,0.6944,0.851289,0.0,Ni,Yes,Ni,clean,N,Y,Y,,N,,,,,,,,,,,,,,,,,,,,,,SUVNEE_clean,2731.7
SUWBET_clean,4.90044,3.63709,4.9004,1.39724,1278.69,915.152,0.0,0.0,0.5378,0.384902,0.0,Ag,Yes,Ag,clean,N,Y,Y,,N,,,,,,,,,,,,,,,,,,,,,,SUWBET_clean,496.3
SUWQEI_clean,9.47366,7.57886,8.89706,0.818244,1562.75,1909.88,0.0,0.0,0.6376,0.779229,0.0,Cu,Yes,Cu,clean,N,Y,Y,,N,,,,,,,,,,,,,,,,,,,,,,SUWQEI_clean,396.0
TACFIN_clean,4.11781,3.54093,4.10826,2.15064,560.827,260.772,0.0,0.0,0.499,0.232024,0.0,"Zn,Co",No, ,clean,N,Y,Y,,N,,,,,,,,,,,,,,,,,,,,,,TACFIN_clean,135.1
TACPAP_clean,6.18933,6.06319,6.18525,1.70548,627.561,367.968,0.0,0.0,0.428,0.250956,0.0,Zn,No, ,clean,Y,Y,Y,,N,,,,,,,,,,,,,,,,,,,,,,TACPAP_clean,253.5
TACPET_clean,6.03338,5.92233,6.03037,1.73347,616.775,355.803,0.0,0.0,0.4186,0.241481,0.0,Zn,No, ,clean,N,Y,Y,,N,,,,,,,,,,,,,,,,,,,,,,TACPET_clean,234.3
TACPIX_clean,6.11363,6.00668,6.11363,1.71163,630.3,368.246,0.0,0.0,0.4286,0.250405,0.0,Zn,No, ,clean,N,Y,Y,,N,,,,,,,,,,,,,,,,,,,,,,TACPIX_clean,242.1
TACWOM_clean,6.848,5.25293,6.59533,0.694132,2524.62,3637.09,0.0,0.0,0.711,1.0243,0.0,Ni,Yes,Ni,clean,N,Y,Y,,N,,,,,,,,,,,,,,,,,,,,,,TACWOM_clean,223.1
TACWUS_clean,6.83932,5.17767,6.83932,0.667047,2492.87,3737.18,0.0,0.0,0.6944,1.04101,0.0,Mn,Yes,Mn,clean,N,Y,Y,,N,,,,,,,,,,,,,,,,,,,,,,TACWUS_clean,222.5
TADCOS_clean,5.56445,4.67968,5.55486,1.27739,2127.97,1665.87,0.0,0.0,0.6456,0.505404,0.0,Zn,No, ,clean,N,Y,Y,,N,,,,,,,,,,,,,,,,,,,,,,TADCOS_clean,118.2
TADWEC_manual,12.9835,12.22348,12.9835,0.782876,1609.55,2055.94,0.0,0.0,0.6462,0.825418,0.0,Zn,Yes,Zn,manual,Y,Y,Y,,N,,,,,,,,,,,,,,,,,,,,,,TADWEC_manual,475.4
TADWIG_manual,12.20204,12.01283,12.20204,0.782648,1673.73,2138.55,0.0,0.0,0.6702,0.856323,0.0,Zn,Yes,Zn,manual,Y,Y,Y,,N,,,,,,,,,,,,,,,,,,,,,,TADWIG_manual,413.0
TADYEE_clean,6.41454,5.84385,6.41454,1.06115,1369.43,1290.51,0.0,0.0,0.545,0.513592,0.0,"Mo,Ni",No, ,clean,Y,Y,Y,,N,,,,,,,,,,,,,,,,,,,,,,TADYEE_clean,228.3
TADYII_clean,4.96323,4.04573,4.95818,1.11527,1604.24,1438.44,0.0,0.0,0.5578,0.500149,0.0,"W,Ni",No, ,clean,Y,Y,Y,,N,,,,,,,,,,,,,,,,,,,,,,TADYII_clean,294.8
TAGBUZ_clean,4.64533,3.41141,4.64533,1.22769,600.487,489.118,0.0,0.0,0.4834,0.393746,0.0,Ag,Yes,Ag,clean,Y,Y,Y,,N,,,,,,,,,,,,,,,,,,,,,,TAGBUZ_clean,187.4
TAGSEB_clean,5.65756,4.12237,5.64659,1.3278,950.233,715.647,0.0,0.0,0.4958,0.373401,0.0,"Cu,V",Yes,"Cu,V",clean,N,Y,Y,,N,,,,,,,,,,,,,,,,,,,,,,TAGSEB_clean,417.7
TAGTED_clean,7.12719,5.34262,7.10815,0.804618,2476.05,3077.29,0.0,0.0,0.6892,0.856555,0.0,Mg,Yes,Mg,clean,N,Y,Y,,N,,,,,,,,,,,,,,,,,,,,,,TAGTED_clean,183.0
TAGTIH_clean,7.18408,5.4183,7.18408,0.735724,2753.27,3742.25,0.0,0.0,0.7098,0.964764,0.0,Mg,Yes,Mg,clean,N,Y,Y,,N,,,,,,,,,,,,,,,,,,,,,,TAGTIH_clean,161.7
TAGTUT_clean,8.9985,5.11189,8.9985,0.769828,1964.88,2552.36,0.0,0.0,0.6538,0.849281,0.0,Mg,Yes,Mg,clean,N,Y,Y,,N,,,,,,,,,,,,,,,,,,,,,,TAGTUT_clean,469.6
TAGVAB_clean,7.19373,5.47476,7.19162,0.743514,2474.93,3328.7,0.0,0.0,0.678,0.911886,0.0,Mg,Yes,Mg,clean,N,Y,Y,,N,,,,,,,,,,,,,,,,,,,,,,TAGVAB_clean,260.3
TAHNEY_clean,10.9331,7.2387,10.84031,1.02563,2322.37,2264.33,0.0472135,0.0460334,0.7992,0.779225,0.0,"W,Cu",Yes,Cu,clean,N,Y,Y,,N,,,,,,,,,,,,,,,,,,,,,,TAHNEY_clean,138.1
TAJXIO01_clean,3.69381,3.48019,3.69381,2.30789,102.259,44.3085,0.0,0.0,0.3224,0.139695,0.0,Ag,Yes,Ag,clean,N,Y,Y,,N,,,,,,,,,,,,,,,,,,,,,,TAJXIO01_clean,271.6
TAJXIO02_clean,3.66669,3.45698,3.66669,2.31975,96.8188,41.7367,0.0,0.0,0.3178,0.136997,0.0,Ag,Yes,Ag,clean,N,Y,Y,,N,,,,,,,,,,,,,,,,,,,,,,TAJXIO02_clean,271.9
TAJXIO03_clean,3.62936,3.42106,3.62936,2.33614,88.0182,37.6767,0.0,0.0,0.3106,0.132954,0.0,Ag,Yes,Ag,clean,N,Y,Y,,N,,,,,,,,,,,,,,,,,,,,,,TAJXIO03_clean,266.7
TAJXIO04_clean,3.63081,3.41863,3.61802,2.33825,87.153,37.2728,0.0,0.0,0.3114,0.133177,0.0,Ag,Yes,Ag,clean,N,Y,Y,,N,,,,,,,,,,,,,,,,,,,,,,TAJXIO04_clean,295.4
TAJXIO_clean,3.69262,3.45097,3.69262,2.33323,96.1718,41.2184,0.0,0.0,0.319,0.136721,0.0,Ag,Yes,Ag,clean,N,Y,Y,,N,,,,,,,,,,,,,,,,,,,,,,TAJXIO_clean,268.4
TAKGOE_clean,10.5248,9.55919,10.5248,1.53175,1232.21,804.446,0.0,0.0,0.5862,0.3827,0.0,"Cu,La",Yes,Cu,clean,N,Y,Y,,N,,,,,,,,,,,,,,,,,,,,,,TAKGOE_clean,177.5
TAKGUK_clean,10.52986,9.57688,10.52986,1.52454,1236.56,811.103,0.0,0.0,0.5926,0.388707,0.0,"Cu,Ce",Yes,Cu,clean,N,Y,Y,,N,,,,,,,,,,,,,,,,,,,,,,TAKGUK_clean,177.5
TAKHAR_clean,10.31674,9.51664,10.31674,1.55109,1234.33,795.781,0.0,0.0,0.5892,0.379861,0.0,"Cu,Eu",Yes,"Cu,Eu",clean,N,Y,Y,,N,,,,,,,,,,,,,,,,,,,,,,TAKHAR_clean,178.0
TAKHEV_clean,10.20812,9.46941,10.20812,1.57295,1231.54,782.951,0.0,0.0,0.5872,0.373312,0.0,"Cu,Tb",Yes,"Cu,Tb",clean,N,Y,Y,,N,,,,,,,,,,,,,,,,,,,,,,TAKHEV_clean,177.6
TAKTIL_clean,7.09237,6.9712,7.09237,1.23349,1578.28,1279.52,0.0,0.0,0.5866,0.47556,0.0,Ga,No, ,clean,N,Y,Y,,N,,,,,,,,,,,,,,,,,,,,,,TAKTIL_clean,136.3
TAKTOR_clean,7.05969,6.99995,7.05969,1.17586,1580.48,1344.1,0.0,0.0,0.5726,0.486963,0.0,Fe,No, ,clean,N,Y,Y,,N,,,,,,,,,,,,,,,,,,,,,,TAKTOR_clean,139.4
TAKVAF_clean,7.05263,6.93916,7.05263,1.17979,1573.47,1333.69,0.0,0.0,0.5826,0.493819,0.0,Fe,No, ,clean,N,Y,Y,,N,,,,,,,,,,,,,,,,,,,,,,TAKVAF_clean,135.9
TAMHUM_clean,11.15594,7.259,10.84071,0.82433,2033.72,2467.12,0.0,0.0,0.7282,0.883384,0.0,Ag,Yes,Ag,clean,N,Y,Y,,N,,,,,,,,,,,,,,,,,,,,,,TAMHUM_clean,326.1
TANBOZ_clean,6.76714,4.26504,6.76714,1.06143,2653.84,2500.25,0.0,0.0,0.7164,0.674939,0.0,Cu,Yes,Cu,clean,Y,Y,Y,,N,,,,,,,,,,,,,,,,,,,,,,TANBOZ_clean,116.0
TAPXIT01_clean,5.69893,5.36843,5.69893,1.57809,498.722,316.029,0.0,0.0,0.4096,0.259554,0.0,"Yb,Na",Yes,Na,clean,Y,Y,Y,,N,,,,,,,,,,,,,,,,,,,,,,TAPXIT01_clean,249.4
TAQGEZ_clean,8.38886,8.25863,8.38886,0.927218,1939.79,2092.05,0.0,0.0,0.7086,0.764222,0.0,Cd,No, ,clean,Y,Y,Y,,N,,,,,,,,,,,,,,,,,,,,,,TAQGEZ_clean,164.7
TAQGOK_clean,4.98254,4.66211,4.92513,1.2855,367.973,286.249,0.0,0.0,0.4142,0.32221,0.0,"Cr,Co",Yes,Cr,clean,N,Y,Y,,N,,,,,,,,,,,,,,,,,,,,,,TAQGOK_clean,449.8
TARVOX_clean,4.82249,4.38256,4.82249,1.56156,717.335,459.371,0.0,0.0,0.4084,0.261533,0.0,Co,Yes,Co,clean,N,Y,Y,,N,,,,,,,,,,,,,,,,,,,,,,TARVOX_clean,260.7
TARVUD_clean,5.52201,5.05683,5.52201,1.5754,822.863,522.32,0.0,0.0,0.431,0.273582,0.0,Ni,Yes,Ni,clean,N,Y,Y,,N,,,,,,,,,,,,,,,,,,,,,,TARVUD_clean,258.9
TARWAK_clean,5.7222,5.11854,5.62643,1.61442,844.237,522.933,0.0,0.0,0.433,0.268207,0.0,Cu,Yes,Cu,clean,Y,Y,Y,,N,,,,,,,,,,,,,,,,,,,,,,TARWAK_clean,259.6
TARWEO_clean,5.90162,5.41792,5.90162,1.76228,855.544,485.476,0.0,0.0,0.4612,0.261707,0.0,Cd,Yes,Cd,clean,N,Y,Y,,N,,,,,,,,,,,,,,,,,,,,,,TARWEO_clean,217.7
TASFAU_clean,11.93851,7.45098,11.93851,0.561345,2465.98,4393.0,0.0,0.0,0.7892,1.40591,0.0,Zn,Yes,Zn,clean,N,Y,Y,,N,,,,,,,,,,,,,,,,,,,,,,TASFAU_clean,1901.1
TASVUG_clean,7.60995,6.84404,7.60152,1.19319,1872.8,1569.57,0.0,0.0,0.6146,0.515088,0.0,Tb,Yes,Tb,clean,Y,Y,Y,,N,,,,,,,,,,,,,,,,,,,,,,TASVUG_clean,238.7
TASWAN_clean,7.61281,6.7795,7.61281,1.23616,1858.69,1503.6,0.0,0.0,0.6202,0.501716,0.0,Tb,Yes,Tb,clean,N,Y,Y,,N,,,,,,,,,,,,,,,,,,,,,,TASWAN_clean,228.9
TASWER_clean,7.18775,6.56186,7.17833,1.27687,1841.49,1442.19,0.0,0.0,0.6088,0.47679,0.0,Gd,Yes,Gd,clean,N,Y,Y,,N,,,,,,,,,,,,,,,,,,,,,,TASWER_clean,230.1
TASWIV_clean,7.31506,6.71653,7.31506,1.25001,1853.82,1483.05,0.0,0.0,0.6122,0.489757,0.0,Eu,Yes,Eu,clean,N,Y,Y,,N,,,,,,,,,,,,,,,,,,,,,,TASWIV_clean,230.7
TASWOB_clean,7.28953,6.56977,7.27292,1.26788,1836.09,1448.15,0.0,0.0,0.6064,0.478278,0.0,Tb,Yes,Tb,clean,Y,Y,Y,,N,,,,,,,,,,,,,,,,,,,,,,TASWOB_clean,235.5
TASXIW_clean,7.39302,4.84143,7.39302,1.10616,2095.82,1894.67,0.0,0.0,0.6304,0.569897,0.0,Zn,Yes,Zn,clean,Y,Y,Y,,N,,,,,,,,,,,,,,,,,,,,,,TASXIW_clean,202.9
TATPOV_clean,8.94506,6.39643,8.9366,0.932619,2044.77,2192.51,0.0,0.0,0.6812,0.730416,0.0,Zn,Yes,Zn,clean,Y,Y,Y,,N,,,,,,,,,,,,,,,,,,,,,,TATPOV_clean,267.8
TAWHOO_clean,4.38999,3.64477,4.35876,1.86492,695.401,372.886,0.0,0.0,0.4262,0.228535,0.0,Al,No, ,clean,N,Y,Y,,N,,,,,,,,,,,,,,,,,,,,,,TAWHOO_clean,173.4
TAWTAP_clean,4.72389,3.94843,4.7043,1.63068,1518.12,930.97,0.0,0.0,0.6006,0.368312,0.0,Zn,No, ,clean,N,Y,Y,,N,,,,,,,,,,,,,,,,,,,,,,TAWTAP_clean,151.3
TAWYUO_clean,7.27421,6.44823,7.26586,0.918654,1410.21,1535.08,0.0,0.0,0.5716,0.622215,0.0,Zn,Yes,Zn,clean,N,Y,Y,,N,,,,,,,,,,,,,,,,,,,,,,TAWYUO_clean,257.9
TAYNEN_clean,5.31191,3.45332,5.31191,1.3024,757.68,581.756,0.0,0.0,0.4834,0.371161,0.0,Cd,No, ,clean,Y,Y,Y,,N,,,,,,,,,,,,,,,,,,,,,,TAYNEN_clean,325.2
TAZLIR_clean,11.03662,6.77118,11.03522,0.972357,2245.68,2309.52,0.0,0.0,0.737,0.757952,0.0,"Cd,Sm",Yes,"Cd,Sm",clean,Y,Y,Y,,N,,,,,,,,,,,,,,,,,,,,,,TAZLIR_clean,217.9
TAZLOX_clean,11.11165,6.76913,11.10718,0.977004,2218.73,2270.96,0.0,0.0,0.7358,0.753118,0.0,"Cd,Eu",Yes,"Cd,Eu",clean,Y,Y,Y,,N,,,,,,,,,,,,,,,,,,,,,,TAZLOX_clean,223.3
TAZLUD_clean,11.12433,6.7889,11.12433,0.98349,2237.28,2274.84,0.0,0.0,0.7358,0.748152,0.0,"Cd,Gd",Yes,"Cd,Gd",clean,Y,Y,Y,,N,,,,,,,,,,,,,,,,,,,,,,TAZLUD_clean,217.7
TAZSAP02_clean,4.8997,3.82043,4.80699,1.96517,851.036,433.06,0.0,0.0,0.4368,0.222271,0.0,Pr,Yes,Pr,clean,N,Y,Y,,N,,,,,,,,,,,,,,,,,,,,,,TAZSAP02_clean,231.9
TAZYAV_clean,6.36917,5.18527,6.3624,0.882052,2917.95,3308.15,0.0,0.0,0.7278,0.825122,0.0,"Ag,Fe",No, ,clean,N,Y,Y,,N,,,,,,,,,,,,,,,,,,,,,,TAZYAV_clean,118.6
TEBSAW_clean,5.155,3.94411,5.14164,1.22508,1226.81,1001.4,0.0,0.0,0.5714,0.466417,0.0,Zn,Yes,Zn,clean,Y,Y,Y,,N,,,,,,,,,,,,,,,,,,,,,,TEBSAW_clean,262.5
TECTUS_clean,5.16992,3.60905,5.14467,1.12529,1198.87,1065.39,0.0,0.0,0.54,0.479875,0.0,Ca,Yes,Ca,clean,N,Y,Y,,N,,,,,,,,,,,,,,,,,,,,,,TECTUS_clean,176.0
TECVEE_clean,6.29319,4.18887,6.28108,1.16711,1136.4,973.681,0.0,0.0,0.5084,0.435605,0.0,Ca,Yes,Ca,clean,Y,Y,Y,,N,,,,,,,,,,,,,,,,,,,,,,TECVEE_clean,210.5
TEDXOR_clean,4.80997,3.90285,4.79195,1.24859,706.426,565.776,0.0,0.0,0.4748,0.380268,0.0,Co,Yes,Co,clean,N,Y,Y,,N,,,,,,,,,,,,,,,,,,,,,,TEDXOR_clean,295.2
TEFWIL_clean,18.12979,5.71178,18.12979,1.1222,1588.21,1415.26,0.0,0.0,0.6436,0.573515,0.0,In,No, ,clean,Y,Y,Y,,N,,,,,,,,,,,,,,,,,,,,,,TEFWIL_clean,600.6
TEFWOR_clean,8.09113,4.61719,8.09113,1.43313,1313.7,916.666,0.0,0.0,0.5436,0.379311,0.0,In,No, ,clean,Y,Y,Y,,N,,,,,,,,,,,,,,,,,,,,,,TEFWOR_clean,602.1
TEHRUU_clean,4.78045,3.65221,4.45538,1.55312,875.885,563.951,207.395,133.534,0.5568,0.358503,0.0,"Ru,Nd",Yes,Nd,clean,N,Y,Y,,N,,,,,,,,,,,,,,,,,,,,,,TEHRUU_clean,239.8
TEHWEK_clean,5.04484,3.57491,5.04484,1.22875,1458.35,1186.85,0.0,0.0,0.6306,0.513203,0.0,Cd,No, ,clean,N,Y,Y,,N,,,,,,,,,,,,,,,,,,,,,,TEHWEK_clean,122.6
TEJBAN_clean,4.03108,3.48324,4.03108,1.38569,387.305,279.502,0.0,0.0,0.442,0.318974,0.0,Eu,No, ,clean,N,Y,Y,,N,,,,,,,,,,,,,,,,,,,,,,TEJBAN_clean,671.6
TEJBOB_clean,7.12468,6.03948,7.12468,1.31037,1062.37,810.735,0.0,0.0,0.4896,0.373634,0.0,Ag,Yes,Ag,clean,N,Y,Y,,N,,,,,,,,,,,,,,,,,,,,,,TEJBOB_clean,538.2
TEJGAS_clean,4.74057,3.77757,4.73232,1.91081,991.998,519.151,0.0,0.0,0.479,0.250679,0.0,Eu,Yes,Eu,clean,Y,Y,Y,,N,,,,,,,,,,,,,,,,,,,,,,TEJGAS_clean,262.3
TEJGEW_clean,4.65952,3.80073,4.61652,1.92155,1014.2,527.802,0.0,0.0,0.4756,0.247508,0.0,Gd,Yes,Gd,clean,Y,Y,Y,,N,,,,,,,,,,,,,,,,,,,,,,TEJGEW_clean,269.7
TEJGIA01_clean,4.64544,3.84764,4.60599,1.88324,1040.62,552.567,0.0,0.0,0.4686,0.248826,0.0,Sm,Yes,Sm,clean,Y,Y,Y,,N,,,,,,,,,,,,,,,,,,,,,,TEJGIA01_clean,266.0
TEJGIA_clean,4.64155,3.86357,4.62359,1.88003,1035.3,550.681,0.0,0.0,0.4662,0.247975,0.0,Sm,Yes,Sm,clean,Y,Y,Y,,N,,,,,,,,,,,,,,,,,,,,,,TEJGIA_clean,267.7
TEJLOL_clean,6.35231,4.97084,6.35231,1.25899,1757.24,1395.75,0.0,0.0,0.6298,0.500244,0.0,Cd,Yes,Cd,clean,N,Y,Y,,N,,,,,,,,,,,,,,,,,,,,,,TEJLOL_clean,218.8
TEMPAE_clean,9.74723,4.32378,9.74723,0.807529,2116.71,2621.22,0.0,0.0,0.6822,0.844799,0.0,Zn,No, ,clean,Y,Y,Y,,N,,,,,,,,,,,,,,,,,,,,,,TEMPAE_clean,408.9
TEMPEI_clean,15.71457,10.86579,15.71457,0.592467,1916.3,3234.44,0.0,0.0,0.745,1.25745,0.0,Cu,Yes,Cu,clean,Y,Y,Y,,N,,,,,,,,,,,,,,,,,,,,,,TEMPEI_clean,241.7
TENLIJ_clean,5.37557,4.41973,5.36241,1.14422,1308.35,1143.45,0.0,0.0,0.5684,0.496758,0.0,Zn,No, ,clean,Y,Y,Y,,N,,,,,,,,,,,,,,,,,,,,,,TENLIJ_clean,208.0
TENQOS_clean,6.34819,4.3477,6.32525,1.05624,2172.8,2057.11,0.0,0.0,0.6388,0.604787,0.0,Cu,Yes,Cu,clean,N,Y,Y,,N,,,,,,,,,,,,,,,,,,,,,,TENQOS_clean,301.1
TEQPAI_clean,6.00734,3.70386,5.68806,1.19067,1432.59,1203.18,0.0,0.0,0.596,0.500558,0.0,Zn,Yes,Zn,clean,Y,Y,Y,,N,,,,,,,,,,,,,,,,,,,,,,TEQPAI_clean,207.8
TEQVAO_manual,4.70544,3.52951,4.70544,1.19795,706.636,589.87,0.0,0.0,0.5124,0.42773,0.0,"Mg,Zn",Yes,Mg,manual,N,Y,Y,,N,,,,,,,,,,,,,,,,,,,,,,TEQVAO_manual,308.4
TEQWER01_clean,4.21874,3.59841,4.17878,1.6409,883.632,538.504,0.0,0.0,0.5372,0.327381,0.0,Cu,Yes,Cu,clean,N,Y,Y,,N,,,,,,,,,,,,,,,,,,,,,,TEQWER01_clean,112.2
TEQWER_clean,4.21138,3.62218,4.19081,1.63762,863.669,527.392,0.0,0.0,0.5414,0.330601,0.0,Cu,Yes,Cu,clean,N,Y,Y,,N,,,,,,,,,,,,,,,,,,,,,,TEQWER_clean,116.5
TERFUT_clean,8.54041,6.58905,8.49644,0.900361,2024.24,2248.26,0.0,0.0,0.6654,0.739037,0.0,"Rh,Zn",Yes,"Zn,Rh",clean,Y,Y,Y,,N,,,,,,,,,,,,,,,,,,,,,,TERFUT_clean,126.1
TERNUA_clean,7.01847,4.73004,6.9462,1.44294,1426.15,988.361,0.0,0.0,0.5566,0.385739,0.0,Eu,Yes,Eu,clean,N,Y,Y,,N,,,,,,,,,,,,,,,,,,,,,,TERNUA_clean,180.9
TESGOO_clean,4.76391,3.62987,4.72184,1.92126,733.455,381.758,0.0,0.0,0.4574,0.238073,0.0,Zn,No, ,clean,Y,Y,Y,,N,,,,,,,,,,,,,,,,,,,,,,TESGOO_clean,204.8
TESGUU_clean,4.82436,3.58268,4.81961,1.92111,719.303,374.421,0.0,0.0,0.4562,0.237467,0.0,Zn,No, ,clean,Y,Y,Y,,N,,,,,,,,,,,,,,,,,,,,,,TESGUU_clean,199.0
TESHAB_clean,5.24315,3.84947,5.24293,1.8144,918.907,506.452,0.0,0.0,0.4908,0.270503,0.0,Zn,No, ,clean,Y,Y,Y,,N,,,,,,,,,,,,,,,,,,,,,,TESHAB_clean,198.3
TETVIZ_clean,5.51517,3.41736,5.00993,2.38206,1155.9,485.251,0.0,0.0,0.4816,0.202178,0.0,"Mo,Co",Yes,"Mo,Co",clean,N,Y,Y,,N,,,,,,,,,,,,,,,,,,,,,,TETVIZ_clean,185.4
TETWEW_clean,6.01008,3.97081,5.72262,2.0273,1705.36,841.198,0.0,0.0,0.5372,0.264983,0.0,"Mo,Na,Zn",Yes,"Mo,Na",clean,N,Y,Y,,N,,,,,,,,,,,,,,,,,,,,,,TETWEW_clean,189.5
TETZEX_clean,9.38994,9.11674,9.38994,1.90854,1244.92,652.292,0.0,0.0,0.5738,0.300649,0.0,Ga,No, ,clean,N,Y,Y,,N,,,,,,,,,,,,,,,,,,,,,,TETZEX_clean,202.4
TETZEZ_clean,10.62365,6.73057,10.03707,0.736025,1901.4,2583.34,0.0,0.0,0.6844,0.92986,0.0,Zn,Yes,Zn,clean,Y,Y,Y,,N,,,,,,,,,,,,,,,,,,,,,,TETZEZ_clean,485.7
TETZID_clean,5.13889,3.8044,5.11428,1.3464,751.257,557.976,64.4982,47.9043,0.4882,0.362598,0.0,Cd,No, ,clean,Y,Y,Y,,N,,,,,,,,,,,,,,,,,,,,,,TETZID_clean,354.6
TEVZEA_clean,4.59329,3.52297,4.53885,1.97043,629.425,319.434,0.0,0.0,0.444,0.225331,0.0,Zn,No, ,clean,Y,Y,Y,,N,,,,,,,,,,,,,,,,,,,,,,TEVZEA_clean,202.6
TEVZIE_clean,4.89772,3.64059,4.89772,1.88802,794.062,420.579,0.0,0.0,0.468,0.247879,0.0,Zn,No, ,clean,Y,Y,Y,,N,,,,,,,,,,,,,,,,,,,,,,TEVZIE_clean,200.5
TEVZOK_clean,4.56897,3.54471,4.54551,1.97903,632.114,319.407,0.0,0.0,0.4392,0.221927,0.0,Zn,No, ,clean,Y,Y,Y,,N,,,,,,,,,,,,,,,,,,,,,,TEVZOK_clean,200.9
TEVZUQ_clean,4.84681,3.6521,4.84681,1.89478,778.542,410.888,0.0,0.0,0.4634,0.244567,0.0,Zn,No, ,clean,Y,Y,Y,,N,,,,,,,,,,,,,,,,,,,,,,TEVZUQ_clean,201.2
TEWFOS_clean,5.12439,3.80032,5.11789,1.20574,872.156,723.339,0.0,0.0,0.4772,0.395775,0.0,Cu,Yes,Cu,clean,N,Y,Y,,N,,,,,,,,,,,,,,,,,,,,,,TEWFOS_clean,341.5
TEWFUY_clean,5.12402,3.76853,5.12402,1.20256,906.265,753.612,0.0,0.0,0.4818,0.400645,0.0,Cu,Yes,Cu,clean,Y,Y,Y,,N,,,,,,,,,,,,,,,,,,,,,,TEWFUY_clean,297.5
TEWGEJ_clean,5.1192,3.89364,5.10203,1.1805,1020.25,864.259,0.0,0.0,0.4966,0.420671,0.0,Cu,Yes,Cu,clean,Y,Y,Y,,N,,,,,,,,,,,,,,,,,,,,,,TEWGEJ_clean,296.4
TEXTOH_clean,7.36714,6.73872,7.36371,1.14671,1020.81,890.209,164.756,143.677,0.5422,0.472831,0.0,Eu,No, ,clean,Y,Y,Y,,N,,,,,,,,,,,,,,,,,,,,,,TEXTOH_clean,259.6
TEZKAM_clean,6.18548,4.52304,6.11894,1.1169,1248.24,1117.59,0.0,0.0,0.5306,0.475064,0.0,Zn,Yes,Zn,clean,N,Y,Y,,N,,,,,,,,,,,,,,,,,,,,,,TEZKAM_clean,282.8
TIDKAS_clean,5.39311,4.19786,5.39311,1.06903,921.952,862.419,0.0,0.0,0.508,0.475197,0.0,Ag,Yes,Ag,clean,N,Y,Y,,N,,,,,,,,,,,,,,,,,,,,,,TIDKAS_clean,758.4
TIDLEZ_clean,7.0595,6.90616,7.0592,1.03857,2192.07,2110.66,0.0,0.0,0.6778,0.652626,0.0,Cd,No, ,clean,N,Y,Y,,N,,,,,,,,,,,,,,,,,,,,,,TIDLEZ_clean,148.9
TIDLID_clean,4.2096,4.02928,4.2096,1.31378,1082.38,823.864,182.179,138.667,0.5798,0.44132,0.0,Cd,No, ,clean,N,Y,Y,,N,,,,,,,,,,,,,,,,,,,,,,TIDLID_clean,163.2
TIDMEA_clean,6.05011,4.95275,5.94474,1.747,1488.92,852.276,0.0,0.0,0.5394,0.308759,0.0,Pr,Yes,Pr,clean,Y,Y,Y,,N,,,,,,,,,,,,,,,,,,,,,,TIDMEA_clean,199.8
TIFBOA_clean,4.67398,3.53239,4.41116,1.37462,661.997,481.587,0.0,0.0,0.4932,0.358791,0.0,"Mo,Mn",Yes,Mn,clean,N,Y,Y,,N,,,,,,,,,,,,,,,,,,,,,,TIFBOA_clean,139.8
TIFZIR_clean,5.07264,3.5666,4.83614,1.48604,1551.78,1044.24,0.0,0.0,0.6264,0.421523,0.0,Zn,No, ,clean,N,Y,Y,,N,,,,,,,,,,,,,,,,,,,,,,TIFZIR_clean,148.8
TIGSOT_clean,4.31733,3.92478,4.29293,1.79014,708.62,395.847,0.0,0.0,0.4326,0.241658,0.0,Zn,Yes,Zn,clean,N,Y,Y,,N,,,,,,,,,,,,,,,,,,,,,,TIGSOT_clean,198.9
TIGVUC_clean,4.87344,3.46442,4.87344,1.07454,850.662,791.651,5.08913,4.73609,0.5344,0.497328,0.0,Zn,Yes,Zn,clean,N,Y,Y,,N,,,,,,,,,,,,,,,,,,,,,,TIGVUC_clean,310.8
TIJPOT_clean,4.06689,3.45193,4.06689,1.44348,706.681,489.567,0.0,0.0,0.526,0.364397,0.0,Cu,Yes,Cu,clean,N,Y,Y,,N,,,,,,,,,,,,,,,,,,,,,,TIJPOT_clean,314.3
TIKMEH_clean,5.55473,4.01932,4.70025,1.57489,444.086,281.979,505.527,320.992,0.4674,0.296782,0.0,Cd,Yes,Cd,clean,Y,Y,Y,,N,,,,,,,,,,,,,,,,,,,,,,TIKMEH_clean,442.0
TILHAZ_clean,7.88517,4.63235,7.88517,1.00373,1853.27,1846.38,0.563729,0.561634,0.6258,0.623475,0.0,Co,Yes,Co,clean,N,Y,Y,,N,,,,,,,,,,,,,,,,,,,,,,TILHAZ_clean,237.9
TILVOZ_clean,6.92662,5.60326,6.92662,1.05598,2650.36,2509.85,0.0,0.0,0.7402,0.700958,0.0,Cd,No, ,clean,N,Y,Y,,N,,,,,,,,,,,,,,,,,,,,,,TILVOZ_clean,108.2
TILVUF_clean,5.76983,4.47642,5.76568,1.10794,2807.97,2534.4,0.0,0.0,0.7218,0.651478,0.0,Cd,No, ,clean,N,Y,Y,,N,,,,,,,,,,,,,,,,,,,,,,TILVUF_clean,78.9
TILWAM_clean,5.60602,4.41216,5.60244,1.12946,2808.42,2486.52,0.0,0.0,0.7174,0.635172,0.0,Cd,Yes,Cd,clean,N,Y,Y,,N,,,,,,,,,,,,,,,,,,,,,,TILWAM_clean,80.3
TIQGOQ_clean,4.96613,3.45527,4.96613,1.61722,430.124,265.965,0.0,0.0,0.3844,0.237692,0.0,"Na,Sm",No, ,clean,N,Y,Y,,N,,,,,,,,,,,,,,,,,,,,,,TIQGOQ_clean,227.1
TIQGUW_clean,4.96978,3.43779,4.70211,1.57704,459.833,291.579,0.0,0.0,0.3926,0.248947,0.0,"Na,Eu",Yes,Na,clean,Y,Y,Y,,N,,,,,,,,,,,,,,,,,,,,,,TIQGUW_clean,229.1
TIQHAD_clean,4.94141,3.41905,4.94141,1.59594,416.437,260.936,0.0,0.0,0.3934,0.246501,0.0,"Gd,Na",No, ,clean,Y,Y,Y,,N,,,,,,,,,,,,,,,,,,,,,,TIQHAD_clean,231.8
TIQHEH_clean,4.93102,3.44222,4.63541,1.5902,461.876,290.452,0.0,0.0,0.3816,0.23997,0.0,"Tb,Na",No, ,clean,Y,Y,Y,,N,,,,,,,,,,,,,,,,,,,,,,TIQHEH_clean,240.7
TIQHIL_clean,4.95366,3.41712,4.75042,1.6098,421.45,261.803,0.0,0.0,0.389,0.241646,0.0,"Dy,Na",No, ,clean,Y,Y,Y,,N,,,,,,,,,,,,,,,,,,,,,,TIQHIL_clean,233.7
TIRHIL_clean,9.31104,7.31301,9.26469,0.758181,2378.0,3136.45,0.0,0.0,0.7986,1.05331,0.0,"Ag,Cr",No, ,clean,N,Y,Y,,N,,,,,,,,,,,,,,,,,,,,,,TIRHIL_clean,73.7
TIRLIQ_clean,5.16708,4.02438,5.14791,1.34501,828.176,615.737,0.0,0.0,0.4914,0.365349,0.0,Zn,Yes,Zn,clean,Y,Y,Y,,N,,,,,,,,,,,,,,,,,,,,,,TIRLIQ_clean,351.3
TIRQOB_clean,6.9378,5.1125,6.91934,1.1916,1497.46,1256.68,0.0,0.0,0.5672,0.475998,0.0,Zn,Yes,Zn,clean,Y,Y,Y,,N,,,,,,,,,,,,,,,,,,,,,,TIRQOB_clean,699.9
TIRRIW_clean,6.09614,5.02444,6.09614,1.07096,1529.04,1427.73,0.0,0.0,0.5558,0.518974,0.0,Co,No, ,clean,Y,Y,Y,,N,,,,,,,,,,,,,,,,,,,,,,TIRRIW_clean,294.1
TISGUY_clean,5.93335,3.50712,5.93065,1.25359,678.031,540.871,0.0,0.0,0.466,0.371732,0.0,Ni,Yes,Ni,clean,Y,Y,Y,,N,,,,,,,,,,,,,,,,,,,,,,TISGUY_clean,205.7
TISHAF_clean,10.6324,4.41521,10.62231,0.802555,2137.19,2662.99,0.0,0.0,0.6594,0.821626,0.0,Fe,Yes,Fe,clean,Y,Y,Y,,N,,,,,,,,,,,,,,,,,,,,,,TISHAF_clean,344.3
TISPAO_clean,11.19601,4.56022,11.19601,1.01627,1481.21,1457.5,344.513,338.997,0.6604,0.649826,0.0,Cu,No, ,clean,Y,Y,Y,,N,,,,,,,,,,,,,,,,,,,,,,TISPAO_clean,164.7
TIVYAZ01_clean,8.9528,6.92043,8.9528,0.77854,2139.65,2748.28,0.0,0.0,0.7276,0.934569,0.0,Co,Yes,Co,clean,Y,Y,Y,,N,,,,,,,,,,,,,,,,,,,,,,TIVYAZ01_clean,139.5
TIXCIO_clean,8.51649,4.04507,8.50623,0.818285,2218.52,2711.18,0.0,0.0,0.665,0.812676,0.0,Cd,No, ,clean,N,Y,Y,,N,,,,,,,,,,,,,,,,,,,,,,TIXCIO_clean,207.5
TIXMET_clean,7.38507,6.83905,7.38507,1.43185,1792.23,1251.69,0.0,0.0,0.6648,0.464295,0.0,Zn,No, ,clean,N,Y,Y,,N,,,,,,,,,,,,,,,,,,,,,,TIXMET_clean,168.8
TIXMIX_clean,5.48641,4.37851,5.43408,1.55041,1423.25,917.982,0.0,0.0,0.5816,0.375127,0.0,"Zn,Co",No, ,clean,N,Y,Y,,N,,,,,,,,,,,,,,,,,,,,,,TIXMIX_clean,96.1
TIXVON_clean,5.07339,3.91911,5.00348,0.938456,1558.9,1661.14,0.0,0.0,0.5776,0.615479,0.0,Mg,Yes,Mg,clean,Y,Y,Y,,N,,,,,,,,,,,,,,,,,,,,,,TIXVON_clean,371.1
TOBJUR_clean,10.64745,9.47902,10.64745,1.06964,1632.11,1525.85,0.0,0.0,0.6686,0.625069,0.0,Eu,Yes,Eu,clean,N,Y,Y,,N,,,,,,,,,,,,,,,,,,,,,,TOBJUR_clean,194.9
TOBKAY_clean,10.72174,9.5428,10.71607,1.08933,1630.18,1496.5,0.0,0.0,0.666,0.611383,0.0,Gd,Yes,Gd,clean,N,Y,Y,,N,,,,,,,,,,,,,,,,,,,,,,TOBKAY_clean,199.0
TOBKEC_clean,10.11718,8.98959,10.11479,1.13998,1639.27,1437.98,0.0,0.0,0.6544,0.574044,0.0,Dy,Yes,Dy,clean,N,Y,Y,,N,,,,,,,,,,,,,,,,,,,,,,TOBKEC_clean,197.7
TOFQEM_clean,4.70069,3.85298,4.60227,1.25512,1271.42,1012.99,0.0,0.0,0.5644,0.449677,0.0,Cd,Yes,Cd,clean,N,Y,Y,,N,,,,,,,,,,,,,,,,,,,,,,TOFQEM_clean,220.7
TOFTIT_clean,20.17115,6.28286,20.17115,0.598403,2258.24,3773.78,0.0,0.0,0.7822,1.30715,0.0,Cu,Yes,Cu,clean,Y,Y,Y,,N,,,,,,,,,,,,,,,,,,,,,,TOFTIT_clean,286.4
TOHJIL_clean,5.54681,3.74513,5.54681,2.48482,1379.64,555.227,0.0,0.0,0.5704,0.229553,0.0,U,Yes,U,clean,N,Y,Y,,N,,,,,,,,,,,,,,,,,,,,,,TOHJIL_clean,166.9
TOHQEO_clean,5.89344,4.18847,5.89146,0.984353,1685.69,1712.48,0.0,0.0,0.5842,0.593486,0.0,Co,No, ,clean,N,Y,Y,,N,,,,,,,,,,,,,,,,,,,,,,TOHQEO_clean,314.4
TOHSAL_clean,9.79069,6.17903,9.78331,0.576207,2737.54,4750.96,0.0,0.0,0.7668,1.33077,0.0,Cu,Yes,Cu,clean,Y,Y,Y,,N,,,,,,,,,,,,,,,,,,,,,,TOHSAL_clean,472.8
TOHYUL_clean,7.14824,6.33455,7.14824,1.33984,1522.29,1136.17,0.0,0.0,0.5742,0.428558,0.0,Cd,Yes,Cd,clean,N,Y,Y,,N,,,,,,,,,,,,,,,,,,,,,,TOHYUL_clean,283.7
TOHYUM_clean,6.18172,4.54627,6.18172,1.23378,1539.69,1247.95,0.0,0.0,0.5958,0.482905,0.0,Zn,Yes,Zn,clean,N,Y,Y,,N,,,,,,,,,,,,,,,,,,,,,,TOHYUM_clean,239.9
TOJLOT_clean,9.35136,7.4656,9.35136,0.787935,1703.38,2161.83,0.0,0.0,0.6612,0.839156,0.0,Cu,No, ,clean,N,Y,Y,,N,,,,,,,,,,,,,,,,,,,,,,TOJLOT_clean,231.3
TOKDON_clean,5.68269,4.05076,5.58356,1.1925,2235.99,1875.04,0.0,0.0,0.6214,0.52109,0.0,Cd,Yes,Cd,clean,Y,Y,Y,,N,,,,,,,,,,,,,,,,,,,,,,TOKDON_clean,138.6
TOLGOR_clean,5.98694,4.00719,5.95033,1.17836,1406.99,1194.02,0.0,0.0,0.5528,0.469125,0.0,Cd,Yes,Cd,clean,Y,Y,Y,,N,,,,,,,,,,,,,,,,,,,,,,TOLGOR_clean,292.0
TOLYOJ_clean,5.56011,4.7997,5.54043,0.908517,1594.37,1754.91,0.0,0.0,0.5744,0.632239,0.0,Na,Yes,Na,clean,N,Y,Y,,N,,,,,,,,,,,,,,,,,,,,,,TOLYOJ_clean,157.0
TONBOO_clean,4.69422,3.90104,4.69422,1.33698,611.28,457.21,0.0,0.0,0.4482,0.335234,0.0,Co,Yes,Co,clean,N,Y,Y,,N,,,,,,,,,,,,,,,,,,,,,,TONBOO_clean,299.1
TONLOY_clean,7.42094,6.92579,7.42094,1.50963,792.043,524.661,0.0,0.0,0.4632,0.30683,0.0,Cd,Yes,Cd,clean,Y,Y,Y,,N,,,,,,,,,,,,,,,,,,,,,,TONLOY_clean,332.6
TONLOZ_clean,5.96623,4.0883,5.95565,1.23552,1555.44,1258.93,0.0,0.0,0.5706,0.461828,0.0,"Ca,Cd",Yes,Ca,clean,N,Y,Y,,N,,,,,,,,,,,,,,,,,,,,,,TONLOZ_clean,214.8
TONTIB_clean,8.17686,3.88128,8.17686,0.785515,2106.51,2681.7,0.0,0.0,0.6434,0.819081,0.0,Fe,No, ,clean,N,Y,Y,,N,,,,,,,,,,,,,,,,,,,,,,TONTIB_clean,364.6
TONTOH_clean,8.07783,3.80615,8.07783,0.808912,2062.02,2549.12,0.0,0.0,0.628,0.776351,0.0,Co,No, ,clean,N,Y,Y,,N,,,,,,,,,,,,,,,,,,,,,,TONTOH_clean,336.4
TONTUN_clean,8.01411,3.79872,8.01411,0.818446,2057.67,2514.12,0.0,0.0,0.6292,0.768774,0.0,Ni,No, ,clean,N,Y,Y,,N,,,,,,,,,,,,,,,,,,,,,,TONTUN_clean,338.1
TONVAV_clean,8.13737,3.84778,8.13737,0.811081,2093.45,2581.06,0.0,0.0,0.6356,0.783646,0.0,Zn,No, ,clean,N,Y,Y,,N,,,,,,,,,,,,,,,,,,,,,,TONVAV_clean,337.8
TONWUO01_clean,5.10073,4.40085,5.10073,1.20939,753.801,623.288,0.0,0.0,0.4534,0.374898,0.0,Zn,No, ,clean,N,Y,Y,,N,,,,,,,,,,,,,,,,,,,,,,TONWUO01_clean,215.3
TONWUO_clean,4.69191,4.1146,4.69191,1.30005,589.458,453.412,0.0,0.0,0.4408,0.339064,0.0,Zn,No, ,clean,N,Y,Y,,N,,,,,,,,,,,,,,,,,,,,,,TONWUO_clean,785.3
TOPKIT_clean,8.32819,5.0756,8.31268,0.957644,2418.19,2525.15,0.0,0.0,0.6634,0.692742,0.0,Cu,Yes,Cu,clean,N,Y,Y,,N,,,,,,,,,,,,,,,,,,,,,,TOPKIT_clean,137.3
TORJAN_clean,5.41891,3.81819,5.4137,1.12525,1554.01,1381.04,0.0,0.0,0.5844,0.519353,0.0,Tb,Yes,Tb,clean,Y,Y,Y,,N,,,,,,,,,,,,,,,,,,,,,,TORJAN_clean,224.9
TORJER_clean,5.04936,3.67231,5.03861,1.16476,1436.77,1233.53,0.0,0.0,0.5708,0.490058,0.0,Tb,Yes,Tb,clean,Y,Y,Y,,N,,,,,,,,,,,,,,,,,,,,,,TORJER_clean,220.9
TORJIV_clean,5.15558,3.73306,5.14713,1.14909,1453.8,1265.17,0.0,0.0,0.5738,0.499351,0.0,Tb,Yes,Tb,clean,N,Y,Y,,N,,,,,,,,,,,,,,,,,,,,,,TORJIV_clean,188.3
TORJOB_clean,5.4126,3.81862,5.4126,1.10851,1564.49,1411.34,0.0,0.0,0.5858,0.528458,0.0,Eu,Yes,Eu,clean,Y,Y,Y,,N,,,,,,,,,,,,,,,,,,,,,,TORJOB_clean,223.2
TORJUH_clean,5.30819,3.79107,5.29306,1.12185,1513.8,1349.38,0.0,0.0,0.5828,0.519498,0.0,Eu,Yes,Eu,clean,N,Y,Y,,N,,,,,,,,,,,,,,,,,,,,,,TORJUH_clean,192.6
TORKAO_clean,5.01927,3.67935,4.85274,1.1494,1435.4,1248.83,0.0,0.0,0.5704,0.496261,0.0,Eu,Yes,Eu,clean,Y,Y,Y,,N,,,,,,,,,,,,,,,,,,,,,,TORKAO_clean,224.3
TORKES_clean,5.31982,3.78089,5.2376,1.14355,1498.22,1310.14,0.0,0.0,0.5788,0.506141,0.0,Tb,Yes,Tb,clean,N,Y,Y,,N,,,,,,,,,,,,,,,,,,,,,,TORKES_clean,187.0
TORPUN_clean,8.7872,8.28484,8.78484,1.1627,1327.18,1141.46,0.0,0.0,0.5712,0.49127,0.0,Tb,No, ,clean,Y,Y,Y,,N,,,,,,,,,,,,,,,,,,,,,,TORPUN_clean,371.3
TORXAB_clean,5.19491,4.25541,5.19491,1.88967,495.266,262.092,0.0,0.0,0.436,0.230728,0.0,Cu,No, ,clean,N,Y,Y,,N,,,,,,,,,,,,,,,,,,,,,,TORXAB_clean,268.6
TOVHUJ_clean,8.92456,5.42795,8.42869,0.747114,2560.53,3427.22,0.0,0.0,0.6974,0.933458,0.0,Fe,Yes,Fe,clean,Y,Y,Y,,N,,,,,,,,,,,,,,,,,,,,,,TOVHUJ_clean,152.9
TOVJAR_clean,12.4053,8.52361,12.28582,0.516295,2067.95,4005.36,0.0,0.0,0.809,1.56693,0.0,"Fe,Co",Yes,"Fe,Co",clean,N,Y,Y,,N,,,,,,,,,,,,,,,,,,,,,,TOVJAR_clean,346.2
TOVJEV_clean,13.68087,10.37066,13.68087,0.399582,1892.74,4736.79,0.0,0.0,0.837,2.09469,0.0,Fe,Yes,Fe,clean,N,Y,Y,,N,,,,,,,,,,,,,,,,,,,,,,TOVJEV_clean,209.0
TOVJIZ_clean,12.65101,8.2906,12.63941,0.451159,2031.86,4503.64,0.0,0.0,0.8026,1.77897,0.0,Fe,Yes,Fe,clean,Y,Y,Y,,N,,,,,,,,,,,,,,,,,,,,,,TOVJIZ_clean,244.7
TOVJOF_clean,12.42499,8.36781,12.422,0.470537,2039.96,4335.39,0.0,0.0,0.8052,1.71124,0.0,Fe,Yes,Fe,clean,Y,Y,Y,,N,,,,,,,,,,,,,,,,,,,,,,TOVJOF_clean,288.1
TOVJUL_clean,7.14215,5.30329,7.13909,0.862488,2071.68,2401.98,0.0,0.0,0.6594,0.764532,0.0,"Si,Fe",Yes,Fe,clean,Y,Y,Y,,N,,,,,,,,,,,,,,,,,,,,,,TOVJUL_clean,594.6
TOVKEW_clean,13.15242,8.94797,13.15242,0.566631,2049.64,3617.24,0.0,0.0,0.7342,1.29573,0.0,Fe,Yes,Fe,clean,Y,Y,Y,,N,,,,,,,,,,,,,,,,,,,,,,TOVKEW_clean,448.7
TOVKIA_clean,11.37766,5.00759,10.17753,0.697273,2365.25,3392.15,0.0,0.0,0.715,1.02542,0.0,Fe,Yes,Fe,clean,Y,Y,Y,,N,,,,,,,,,,,,,,,,,,,,,,TOVKIA_clean,270.4
TOVKOG_clean,22.84213,13.1462,21.49189,0.3316,1563.99,4716.49,0.0,0.0,0.8634,2.60374,0.0,Fe,Yes,Fe,clean,Y,Y,Y,,N,,,,,,,,,,,,,,,,,,,,,,TOVKOG_clean,268.8
TOWLIC_clean,6.99656,4.17509,6.73263,1.1525,2487.14,2158.04,0.0,0.0,0.672,0.58308,0.0,"Fe,Co",Yes,"Fe,Co",clean,N,Y,Y,,N,,,,,,,,,,,,,,,,,,,,,,TOWLIC_clean,161.6
TOWNEA_clean,8.82467,7.77952,8.82467,0.718839,2198.94,3059.02,0.0,0.0,0.7032,0.978244,0.0,Fe,Yes,Fe,clean,Y,Y,Y,,N,,,,,,,,,,,,,,,,,,,,,,TOWNEA_clean,380.8
TOWNOK_clean,6.93499,4.73179,6.92745,1.00825,1925.88,1910.13,0.0,0.0,0.619,0.613938,0.0,Fe,Yes,Fe,clean,Y,Y,Y,,N,,,,,,,,,,,,,,,,,,,,,,TOWNOK_clean,314.4
TOWNUQ_clean,8.86609,7.97255,8.86609,0.87729,1618.53,1844.92,0.0,0.0,0.6006,0.684609,0.0,Fe,Yes,Fe,clean,N,Y,Y,,N,,,,,,,,,,,,,,,,,,,,,,TOWNUQ_clean,302.0
TOWPEC_clean,10.15584,5.70866,7.95557,0.889254,1486.62,1671.76,593.787,667.736,0.6774,0.761762,0.0,Fe,Yes,Fe,clean,Y,Y,Y,,N,,,,,,,,,,,,,,,,,,,,,,TOWPEC_clean,1078.5
TOWXEK_clean,6.06928,5.16457,6.05534,0.997154,1436.69,1440.79,3.8223,3.83321,0.5782,0.57985,0.0,Zn,Yes,Zn,clean,Y,Y,Y,,N,,,,,,,,,,,,,,,,,,,,,,TOWXEK_clean,483.1
TOXHAR_clean,4.88487,4.27765,4.88487,1.14926,1012.18,880.723,0.0,0.0,0.4974,0.4328,0.0,Zn,Yes,Zn,clean,Y,Y,Y,,N,,,,,,,,,,,,,,,,,,,,,,TOXHAR_clean,252.9
TOXMUQ_clean,6.89787,6.74832,6.89787,1.06186,1595.8,1502.83,0.0,0.0,0.5884,0.55412,0.0,Al,No, ,clean,N,Y,Y,,N,,,,,,,,,,,,,,,,,,,,,,TOXMUQ_clean,137.6
TOXNEB_clean,7.00092,6.86576,7.00092,1.06886,1568.91,1467.83,0.0,0.0,0.5846,0.546936,0.0,Al,No, ,clean,N,Y,Y,,N,,,,,,,,,,,,,,,,,,,,,,TOXNEB_clean,144.9
TOXNIF_clean,6.95996,6.82273,6.95996,1.06718,1555.99,1458.03,0.0,0.0,0.5754,0.539176,0.0,Al,No, ,clean,Y,Y,Y,,N,,,,,,,,,,,,,,,,,,,,,,TOXNIF_clean,200.9
TOZFOF_clean,13.77283,9.32974,13.77283,0.843356,2144.73,2543.09,0.0,0.0,0.7158,0.848752,0.0,"Ru,Co",Yes,"Ru,Co",clean,N,Y,Y,,N,,,,,,,,,,,,,,,,,,,,,,TOZFOF_clean,539.3
TOZHAR_clean,4.71595,3.81365,4.64425,1.35498,1755.8,1295.81,0.0,0.0,0.6366,0.469823,0.0,Ag,Yes,Ag,clean,Y,Y,Y,,N,,,,,,,,,,,,,,,,,,,,,,TOZHAR_clean,118.8
TUBCEA_clean,5.6085,3.84866,5.6085,1.73795,888.172,511.045,0.0,0.0,0.4598,0.264564,0.0,Cd,Yes,Cd,clean,Y,Y,Y,,N,,,,,,,,,,,,,,,,,,,,,,TUBCEA_clean,200.1
TUBJAD_clean,4.85188,4.35004,4.85188,1.22218,733.491,600.149,0.0,0.0,0.4892,0.400268,0.0,Cu,Yes,Cu,clean,Y,Y,Y,,N,,,,,,,,,,,,,,,,,,,,,,TUBJAD_clean,244.9
TUBLIN_clean,5.27232,3.84215,5.27232,1.23985,960.484,774.675,0.0,0.0,0.4788,0.386175,0.0,Cd,No, ,clean,Y,Y,Y,,N,,,,,,,,,,,,,,,,,,,,,,TUBLIN_clean,346.7
TUCJAD_clean,5.76369,4.27387,5.76369,1.22067,1421.06,1164.17,0.0,0.0,0.5556,0.455161,0.0,Mn,Yes,Mn,clean,N,Y,Y,,N,,,,,,,,,,,,,,,,,,,,,,TUCJAD_clean,208.5
TUDQOZ_clean,4.7672,3.81876,4.49087,1.57647,290.479,184.259,229.56,145.616,0.4148,0.263119,0.0,Cd,No, ,clean,Y,Y,Y,,N,,,,,,,,,,,,,,,,,,,,,,TUDQOZ_clean,633.9
TUGTAR_clean,4.77865,3.86046,4.77243,1.14723,1098.41,957.446,0.0,0.0,0.5416,0.472093,0.0,Cu,Yes,Cu,clean,N,Y,Y,,N,,,,,,,,,,,,,,,,,,,,,,TUGTAR_clean,356.2
TUJGIQ_clean,5.65806,4.28444,5.64037,1.20241,974.646,810.578,0.0,0.0,0.5012,0.41683,0.0,Cu,Yes,Cu,clean,N,Y,Y,,N,,,,,,,,,,,,,,,,,,,,,,TUJGIQ_clean,382.3
TUKCOT_clean,5.03348,3.75359,4.98119,1.1597,1353.77,1167.35,0.0,0.0,0.5642,0.486504,0.0,Cd,Yes,Cd,clean,N,Y,Y,,N,,,,,,,,,,,,,,,,,,,,,,TUKCOT_clean,314.5
TUMDAI_clean,4.50033,3.69451,4.50033,1.24564,1071.02,859.815,0.0,0.0,0.5156,0.413924,0.0,Zn,No, ,clean,N,Y,Y,,N,,,,,,,,,,,,,,,,,,,,,,TUMDAI_clean,218.5
TUMQID_clean,4.78803,3.71858,4.78803,1.19719,1092.19,912.297,0.0,0.0,0.5342,0.446213,0.0,Cu,Yes,Cu,clean,N,Y,Y,,N,,,,,,,,,,,,,,,,,,,,,,TUMQID_clean,208.5
TUMRIE_clean,4.83008,3.62775,4.83008,1.3408,1128.82,841.902,0.0,0.0,0.5312,0.396182,0.0,Cd,Yes,Cd,clean,N,Y,Y,,N,,,,,,,,,,,,,,,,,,,,,,TUMRIE_clean,221.8
TUMROK_clean,4.44242,3.69598,4.44242,1.23691,1067.61,863.126,0.0,0.0,0.5056,0.40876,0.0,Co,No, ,clean,N,Y,Y,,N,,,,,,,,,,,,,,,,,,,,,,TUMROK_clean,220.8
TUNJET_clean,6.14578,4.61369,6.05606,1.50948,1150.01,761.861,0.0,0.0,0.5096,0.3376,0.0,Co,Yes,Co,clean,N,Y,Y,,N,,,,,,,,,,,,,,,,,,,,,,TUNJET_clean,507.9
TUPDOZ_clean,4.88368,4.4419,4.87874,1.30126,809.227,621.881,0.0,0.0,0.487,0.374254,0.0,Cu,Yes,Cu,clean,N,Y,Y,,N,,,,,,,,,,,,,,,,,,,,,,TUPDOZ_clean,240.0
TUPGIU_clean,4.86654,3.68424,4.60956,0.816785,1409.59,1725.78,0.0,0.0,0.5472,0.669943,0.0,Na,Yes,Na,clean,N,Y,Y,,N,,,,,,,,,,,,,,,,,,,,,,TUPGIU_clean,146.2
TUQWIL01_clean,5.38124,3.40475,5.38124,1.42901,1463.26,1023.97,0.0,0.0,0.6194,0.433446,0.0,Zn,No, ,clean,N,Y,Y,,N,,,,,,,,,,,,,,,,,,,,,,TUQWIL01_clean,105.2
TURDIV_clean,6.92653,4.99633,6.92653,1.00914,1370.8,1358.39,0.0,0.0,0.5476,0.542641,0.0,Co,No, ,clean,N,Y,Y,,N,,,,,,,,,,,,,,,,,,,,,,TURDIV_clean,326.4
TURDOB_clean,6.98892,4.35902,6.87374,1.03033,1344.35,1304.78,0.0,0.0,0.5432,0.52721,0.0,Co,No, ,clean,N,Y,Y,,N,,,,,,,,,,,,,,,,,,,,,,TURDOB_clean,474.3
TURDUH_clean,6.62446,4.36886,6.61015,1.02982,1359.58,1320.21,0.0,0.0,0.5506,0.534658,0.0,Co,No, ,clean,N,Y,Y,,N,,,,,,,,,,,,,,,,,,,,,,TURDUH_clean,481.3
TURFAP_clean,6.01435,4.39558,5.97493,1.05478,1276.17,1209.89,0.0,0.0,0.5208,0.493754,0.0,Co,No, ,clean,N,Y,Y,,N,,,,,,,,,,,,,,,,,,,,,,TURFAP_clean,322.6
TURFET_clean,6.77386,4.80527,6.75967,1.02251,1388.25,1357.69,0.0,0.0,0.5348,0.523025,0.0,Co,No, ,clean,N,Y,Y,,N,,,,,,,,,,,,,,,,,,,,,,TURFET_clean,327.2
TUTHIA_clean,7.74765,6.0396,7.74488,1.02371,1471.87,1437.78,0.0,0.0,0.5658,0.552697,0.0,Mn,Yes,Mn,clean,N,Y,Y,,N,,,,,,,,,,,,,,,,,,,,,,TUTHIA_clean,195.3
TUTHOG_clean,7.58539,5.94334,7.58539,1.03555,1488.56,1437.45,0.0,0.0,0.5586,0.539422,0.0,Mn,Yes,Mn,clean,N,Y,Y,,N,,,,,,,,,,,,,,,,,,,,,,TUTHOG_clean,216.5
TUTJAU_clean,6.55313,5.09154,6.45158,1.05742,1473.03,1393.05,0.0,0.0,0.5626,0.532052,0.0,Mn,Yes,Mn,clean,Y,Y,Y,,N,,,,,,,,,,,,,,,,,,,,,,TUTJAU_clean,222.1
TUYFIE_clean,5.48587,4.03732,5.48587,1.18223,1310.67,1108.64,0.0,0.0,0.5692,0.481463,0.0,Zn,Yes,Zn,clean,N,Y,Y,,N,,,,,,,,,,,,,,,,,,,,,,TUYFIE_clean,152.7
TUYHOL_clean,5.84321,4.88702,5.4789,3.20354,994.943,310.576,0.0,0.0,0.468,0.146088,0.0,"W,Si,Ce",Yes,"W,Si,Ce",clean,N,Y,Y,,N,,,,,,,,,,,,,,,,,,,,,,TUYHOL_clean,204.1
TUYHUR_clean,9.01467,4.33972,9.01467,1.00323,2258.33,2251.06,0.0,0.0,0.7092,0.706918,0.0,Ce,Yes,Ce,clean,N,Y,Y,,N,,,,,,,,,,,,,,,,,,,,,,TUYHUR_clean,165.1
TUYJAZ_clean,9.06373,3.5335,9.05923,1.06444,1888.19,1773.89,0.0,0.0,0.6828,0.641464,0.0,La,Yes,La,clean,N,Y,Y,,N,,,,,,,,,,,,,,,,,,,,,,TUYJAZ_clean,202.6
TUYJED_clean,8.921,4.25748,8.91848,1.03154,2274.68,2205.14,0.0,0.0,0.7106,0.688873,0.0,Nd,Yes,Nd,clean,N,Y,Y,,N,,,,,,,,,,,,,,,,,,,,,,TUYJED_clean,166.2
TUYLIJ_clean,4.51754,3.71437,4.51754,1.86429,822.472,441.171,0.0,0.0,0.4454,0.238911,0.0,Al,No, ,clean,N,Y,Y,,N,,,,,,,,,,,,,,,,,,,,,,TUYLIJ_clean,169.7
TUYNEI_clean,4.98882,3.8643,4.98882,1.23289,1157.26,938.66,0.0,0.0,0.5728,0.4646,0.0,Cu,Yes,Cu,clean,N,Y,Y,,N,,,,,,,,,,,,,,,,,,,,,,TUYNEI_clean,178.5
TUZVUH_clean,8.88409,8.01315,8.88409,1.36955,1074.66,784.684,0.0,0.0,0.5192,0.379103,0.0,"Cu,Eu",Yes,Eu,clean,N,Y,Y,,N,,,,,,,,,,,,,,,,,,,,,,TUZVUH_clean,198.7
UBECEM_clean,4.8768,4.71272,4.8768,2.40571,1479.77,615.106,0.0,0.0,0.5964,0.24791,0.0,U,Yes,U,clean,N,Y,Y,,N,,,,,,,,,,,,,,,,,,,,,,UBECEM_clean,221.6
UBIBUF_clean,11.65323,7.63405,11.12586,0.757644,2339.26,3087.55,0.0,0.0,0.745,0.983311,0.0,Zn,Yes,Zn,clean,N,Y,Y,,N,,,,,,,,,,,,,,,,,,,,,,UBIBUF_clean,264.8
UBIPAY_clean,4.38835,3.9606,4.38835,1.21218,1031.09,850.605,0.0,0.0,0.4942,0.407694,0.0,Mn,Yes,Mn,clean,Y,Y,Y,,N,,,,,,,,,,,,,,,,,,,,,,UBIPAY_clean,253.2
UBULIO_SL,24.23226,22.89921,24.21499,0.438068,1818.16,4150.4,0.0,0.0,0.8258,1.8851,0.0,Zn,Yes,Zn,SL,Y,Y,Y,,N,,,,,,,,,,,,,,,,,,,,,,UBULIO_SL,230.3
UBULUA_clean,8.25861,7.55924,8.25861,1.22262,2063.77,1688.0,0.0,0.0,0.67,0.548005,0.0,Zn,Yes,Zn,clean,Y,Y,Y,,N,,,,,,,,,,,,,,,,,,,,,,UBULUA_clean,397.8
UBUMAH_clean,7.09336,6.41082,6.96082,0.845931,2610.44,3085.88,0.0,0.0,0.7132,0.843094,0.0,Zn,Yes,Zn,clean,Y,Y,Y,,N,,,,,,,,,,,,,,,,,,,,,,UBUMAH_clean,147.3
UBUROY_clean,6.6651,5.3887,6.6651,1.08106,2567.3,2374.8,0.0,0.0,0.7436,0.687844,0.0,"Cu,Zn",Yes,"Cu,Zn",clean,Y,Y,Y,,N,,,,,,,,,,,,,,,,,,,,,,UBUROY_clean,72.1
UCABAE_clean,5.42772,4.56824,5.1729,1.09568,662.018,604.208,511.165,466.528,0.544,0.496495,0.0,Cd,No, ,clean,N,Y,Y,,N,,,,,,,,,,,,,,,,,,,,,,UCABAE_clean,263.0
UCAXEC_clean,4.65972,3.79898,4.65972,1.24715,773.765,620.428,0.335064,0.268664,0.4924,0.394821,0.0,Mn,Yes,Mn,clean,N,Y,Y,,N,,,,,,,,,,,,,,,,,,,,,,UCAXEC_clean,253.4
UCEGAM_clean,4.6913,3.56585,4.6913,1.64579,1244.17,755.971,0.0,0.0,0.5386,0.32726,0.0,"Mo,Cs,Eu",Yes,"Cs,Eu",clean,N,Y,Y,,N,,,,,,,,,,,,,,,,,,,,,,UCEGAM_clean,129.9
UCEGEQ_clean,4.6624,3.53865,4.56509,1.68077,1210.21,720.033,0.0,0.0,0.5348,0.318188,0.0,"Mo,Tb,Cs",Yes,"Tb,Cs",clean,N,Y,Y,,N,,,,,,,,,,,,,,,,,,,,,,UCEGEQ_clean,131.2
UCEXAC_clean,6.32023,4.85158,6.32023,1.4352,1385.63,965.467,0.0,0.0,0.5604,0.390469,0.0,Tb,Yes,Tb,clean,N,Y,Y,,N,,,,,,,,,,,,,,,,,,,,,,UCEXAC_clean,254.6
UCEXEG_clean,6.31608,4.83612,6.30774,1.45624,1389.21,953.967,0.0,0.0,0.5674,0.389633,0.0,Dy,Yes,Dy,clean,N,Y,Y,,N,,,,,,,,,,,,,,,,,,,,,,UCEXEG_clean,254.7
UCEXIK_clean,6.33067,4.85437,6.2578,1.46159,1391.18,951.831,0.0,0.0,0.5718,0.391219,0.0,Ho,Yes,Ho,clean,N,Y,Y,,N,,,,,,,,,,,,,,,,,,,,,,UCEXIK_clean,257.1
UCEXOQ_clean,6.32321,4.82644,6.31444,1.48289,1385.85,934.555,0.0,0.0,0.5694,0.383979,0.0,Er,Yes,Er,clean,N,Y,Y,,N,,,,,,,,,,,,,,,,,,,,,,UCEXOQ_clean,254.8
UCOCUM_neutral,13.17014,6.56871,13.16847,0.882705,2115.68,2396.81,0.0,0.0,0.7142,0.809104,0.0,Cu,Yes,Cu,neutral,N,Y,Y,,N,,,,,,,,,,,,,,,,,,,,,,UCOCUM_neutral,147.6
UCOHUR_clean,8.1734,7.22847,8.12249,1.21949,2095.07,1717.98,0.0,0.0,0.6692,0.548752,0.0,Zn,No, ,clean,N,Y,Y,,N,,,,,,,,,,,,,,,,,,,,,,UCOHUR_clean,386.8
UCOJAZ_clean,8.09472,7.35206,8.09472,1.24694,2013.79,1614.99,0.0,0.0,0.6576,0.527372,0.0,Zn,Yes,Zn,clean,Y,Y,Y,,N,,,,,,,,,,,,,,,,,,,,,,UCOJAZ_clean,418.8
UCOJED_clean,7.99802,7.49345,7.99418,1.22768,2022.24,1647.21,0.0,0.0,0.665,0.541674,0.0,Zn,No, ,clean,Y,Y,Y,,N,,,,,,,,,,,,,,,,,,,,,,UCOJED_clean,403.9
UCOJIH_clean,8.11816,7.11073,8.05724,1.22088,2052.56,1681.21,0.0,0.0,0.6616,0.541903,0.0,Zn,No, ,clean,N,Y,Y,,N,,,,,,,,,,,,,,,,,,,,,,UCOJIH_clean,260.0
UCOXOZ_clean,6.74707,6.10487,6.74209,1.02439,1598.25,1560.2,14.8613,14.5075,0.5836,0.569706,0.0,Cu,Yes,Cu,clean,Y,Y,Y,,N,,,,,,,,,,,,,,,,,,,,,,UCOXOZ_clean,362.3
UCUJOU_clean,7.86092,6.25774,7.86092,1.30122,2380.04,1829.08,0.0681927,0.0524066,0.6862,0.52735,0.0,"Mo,Zn",Yes,"Mo,Zn",clean,N,Y,Y,,N,,,,,,,,,,,,,,,,,,,,,,UCUJOU_clean,398.1
UCUTIW_clean,6.35635,5.83008,6.34586,1.00359,1563.59,1558.0,0.0,0.0,0.6334,0.631134,0.0,Zn,Yes,Zn,clean,N,Y,Y,,N,,,,,,,,,,,,,,,,,,,,,,UCUTIW_clean,194.4
UDANEV_clean,13.79937,11.17997,13.79937,0.783809,1782.29,2273.88,0.0,0.0,0.7968,1.01657,0.0,In,Yes,In,clean,N,Y,Y,,N,,,,,,,,,,,,,,,,,,,,,,UDANEV_clean,278.4
UDEMEW_manual,28.23748,11.69499,28.22828,0.681201,1337.39,1963.29,46.9906,68.9819,0.7606,1.11656,0.0,Cr,Yes,Cr,manual,Y,Y,Y,,N,,,,,,,,,,,,,,,,,,,,,,UDEMEW_manual,2239.5
UDICAN_clean,4.58421,3.93064,4.58097,3.59569,711.428,197.856,0.0,0.0,0.4032,0.112134,0.0,Bi,Yes,Bi,clean,N,Y,Y,,N,,,,,,,,,,,,,,,,,,,,,,UDICAN_clean,323.8
UDOVOA_clean,11.10402,3.55246,11.07204,1.28591,1551.09,1206.21,48.2971,37.5586,0.5878,0.457107,0.0,Zn,Yes,Zn,clean,N,Y,Y,,N,,,,,,,,,,,,,,,,,,,,,,UDOVOA_clean,1096.4
UDUMIP02_clean,7.11427,6.32764,7.10696,1.42622,1719.35,1205.53,0.0,0.0,0.5884,0.412559,0.0,Ag,Yes,Ag,clean,N,Y,Y,,N,,,,,,,,,,,,,,,,,,,,,,UDUMIP02_clean,329.6
UDUMIP03_clean,7.09807,6.30763,7.09096,1.42891,1721.24,1204.58,0.0,0.0,0.5872,0.410943,0.0,Ag,Yes,Ag,clean,N,Y,Y,,N,,,,,,,,,,,,,,,,,,,,,,UDUMIP03_clean,311.0
UDUMIP_clean,7.19202,6.41478,7.18204,1.40092,1718.44,1226.65,0.0,0.0,0.5958,0.425293,0.0,Ag,Yes,Ag,clean,N,Y,Y,,N,,,,,,,,,,,,,,,,,,,,,,UDUMIP_clean,310.3
UFASEA_ion_b,3.8787,3.48972,3.87221,1.84634,417.315,226.022,88.8958,48.1469,0.4466,0.241883,0.0,Cd,Yes,Cd,ion_b,N,Y,Y,,N,,,,,,,,,,,,,,,,,,,,,,UFASEA_ion_b,246.3
UFEMIC_clean,5.26486,4.19267,5.24985,1.20943,1737.26,1436.43,0.0,0.0,0.6508,0.538107,0.0,Cu,No, ,clean,N,Y,Y,,N,,,,,,,,,,,,,,,,,,,,,,UFEMIC_clean,98.7
UFENAW_clean,7.28617,5.35852,7.10503,0.754992,3088.35,4090.58,0.0,0.0,0.7422,0.983057,0.0,Zn,Yes,Zn,clean,N,Y,Y,,N,,,,,,,,,,,,,,,,,,,,,,UFENAW_clean,117.1
UFEVIL_clean,6.75773,4.04783,6.73846,1.05377,1465.81,1391.02,0.0,0.0,0.5784,0.548886,0.0,Cd,Yes,Cd,clean,N,Y,Y,,N,,,,,,,,,,,,,,,,,,,,,,UFEVIL_clean,301.1
UFEXEJ_clean,5.30731,5.14101,5.30608,2.3365,1189.34,509.026,0.0,0.0,0.4796,0.205264,0.0,"Dy,Cu",Yes,Cu,clean,Y,Y,Y,,N,,,,,,,,,,,,,,,,,,,,,,UFEXEJ_clean,222.5
UFEXIN_clean,5.2808,5.11213,5.27438,2.36936,1181.21,498.534,0.0,0.0,0.4788,0.20208,0.0,"Ho,Cu",Yes,Cu,clean,Y,Y,Y,,N,,,,,,,,,,,,,,,,,,,,,,UFEXIN_clean,269.1
UFOFIF_clean,4.79304,3.6453,4.79304,1.31843,760.934,577.154,0.0,0.0,0.5036,0.381971,0.0,"Nb,Mn",Yes,Mn,clean,N,Y,Y,,N,,,,,,,,,,,,,,,,,,,,,,UFOFIF_clean,139.1
UFUNIS_clean,4.49854,3.78199,4.40172,1.42532,684.322,480.117,0.0,0.0,0.4402,0.308843,0.0,Cu,Yes,Cu,clean,N,Y,Y,,N,,,,,,,,,,,,,,,,,,,,,,UFUNIS_clean,338.5
UFUQIV_clean,7.38156,5.81733,6.18024,0.675677,2389.77,3536.85,0.0,0.0,0.7014,1.03807,0.0,Cu,Yes,Cu,clean,Y,Y,Y,,N,,,,,,,,,,,,,,,,,,,,,,UFUQIV_clean,291.2
UGAQEY_clean,4.89575,4.03861,4.89307,1.29414,1150.64,889.116,1.22671,0.947894,0.5042,0.389602,0.0,"Mo,Ni",Yes,Mo,clean,Y,Y,Y,,N,,,,,,,,,,,,,,,,,,,,,,UGAQEY_clean,276.7
UGELIB_clean,9.36087,9.10832,9.36087,1.90193,1244.67,654.425,0.0,0.0,0.572,0.300747,0.0,Ga,No, ,clean,N,Y,Y,,N,,,,,,,,,,,,,,,,,,,,,,UGELIB_clean,201.7
UGOFED_clean,5.38504,4.20309,4.96349,1.22232,1169.34,956.656,0.0,0.0,0.5274,0.431476,0.0,"Cs,Fe",Yes,"Cs,Fe",clean,N,Y,Y,,N,,,,,,,,,,,,,,,,,,,,,,UGOFED_clean,284.0
UGUGUZ_clean,4.77323,4.07807,4.77323,1.79667,684.632,381.056,127.779,71.1197,0.5662,0.315138,0.0,Yb,Yes,Yb,clean,N,Y,Y,,N,,,,,,,,,,,,,,,,,,,,,,UGUGUZ_clean,250.9
UGUHAG_clean,4.84717,4.36591,4.84717,1.73201,1080.53,623.859,0.0,0.0,0.576,0.332562,0.0,Lu,Yes,Lu,clean,N,Y,Y,,N,,,,,,,,,,,,,,,,,,,,,,UGUHAG_clean,245.4
UGUHEK_clean,4.77594,4.10655,4.77594,1.75746,691.545,393.492,145.139,82.5845,0.5694,0.323991,0.0,Er,Yes,Er,clean,N,Y,Y,,N,,,,,,,,,,,,,,,,,,,,,,UGUHEK_clean,251.8
UHASED_clean,4.93212,3.89765,4.93212,1.32119,1664.14,1259.57,0.0,0.0,0.5574,0.421891,0.0,Cu,No, ,clean,N,Y,Y,,N,,,,,,,,,,,,,,,,,,,,,,UHASED_clean,201.2
UHAXUW_clean,5.09262,3.57011,5.0696,1.51761,748.067,492.925,0.0,0.0,0.446,0.293883,0.0,Cd,No, ,clean,Y,Y,Y,,N,,,,,,,,,,,,,,,,,,,,,,UHAXUW_clean,289.4
UHUPET_clean,13.55212,8.93511,12.0856,0.540431,2097.88,3881.87,0.0,0.0,0.7682,1.42146,0.0,Zn,Yes,Zn,clean,Y,Y,Y,,N,,,,,,,,,,,,,,,,,,,,,,UHUPET_clean,552.0
UHUPOD01_clean,33.07784,21.40391,33.07784,0.19136,873.381,4564.06,0.0,0.0,0.937,4.89652,0.0,Zn,No, ,clean,N,Y,Y,,N,,,,,,,,,,,,,,,,,,,,,,UHUPOD01_clean,914.5
UJAQEC_clean,4.46683,3.5414,4.46683,1.21484,1347.94,1109.56,67.5496,55.6038,0.5582,0.459485,0.0,Co,Yes,Co,clean,Y,Y,Y,,N,,,,,,,,,,,,,,,,,,,,,,UJAQEC_clean,191.1
UJAQUS_clean,7.15939,6.10118,7.07981,0.989707,2008.92,2029.81,0.0,0.0,0.6442,0.6509,0.0,Zn,Yes,Zn,clean,N,Y,Y,,N,,,,,,,,,,,,,,,,,,,,,,UJAQUS_clean,212.3
UJEDIX_clean,4.86939,3.4331,4.86939,1.44888,987.806,681.772,2.33073,1.60864,0.5456,0.376567,0.0,"Yb,Co",No, ,clean,Y,Y,Y,,N,,,,,,,,,,,,,,,,,,,,,,UJEDIX_clean,393.7
UJILAA_clean,19.23413,9.51535,19.23413,0.420332,1982.45,4716.4,0.0,0.0,0.8898,2.1169,0.0,Cu,Yes,Cu,clean,N,Y,Y,,N,,,,,,,,,,,,,,,,,,,,,,UJILAA_clean,127.2
UJIZET_clean,7.09242,5.53096,7.08797,1.15967,2195.41,1893.13,0.0,0.0,0.6436,0.554986,0.0,Nd,Yes,Nd,clean,Y,Y,Y,,N,,,,,,,,,,,,,,,,,,,,,,UJIZET_clean,220.7
UJOWEW_clean,5.75366,4.18708,5.75366,1.11983,1989.69,1776.77,0.0,0.0,0.6036,0.539008,0.0,"W,Cu",Yes,Cu,clean,Y,Y,Y,,N,,,,,,,,,,,,,,,,,,,,,,UJOWEW_clean,163.0
UJULIW_clean,7.01875,6.807,7.01875,2.47032,548.528,222.047,0.0,0.0,0.3284,0.132938,0.0,Cu,Yes,Cu,clean,N,Y,Y,,N,,,,,,,,,,,,,,,,,,,,,,UJULIW_clean,224.8
UJUPUM_clean,6.77742,5.67068,6.76869,0.861722,2505.7,2907.78,0.0,0.0,0.7082,0.821843,0.0,Zn,Yes,Zn,clean,N,Y,Y,,N,,,,,,,,,,,,,,,,,,,,,,UJUPUM_clean,385.6
UJUQIB_clean,10.2017,5.3119,10.02065,0.774012,2238.72,2892.35,0.0,0.0,0.6914,0.893268,0.0,Co,No, ,clean,N,Y,Y,,N,,,,,,,,,,,,,,,,,,,,,,UJUQIB_clean,175.7
UKAJOH_clean,5.01926,3.81172,4.98641,1.35653,485.975,358.247,0.0,0.0,0.4304,0.317279,0.0,Zn,Yes,Zn,clean,N,Y,Y,,N,,,,,,,,,,,,,,,,,,,,,,UKAJOH_clean,813.1
UKAPUS_clean,6.98994,4.84446,6.98994,1.13705,1711.16,1504.91,0.0,0.0,0.5842,0.513788,0.0,Nd,No, ,clean,Y,Y,Y,,N,,,,,,,,,,,,,,,,,,,,,,UKAPUS_clean,220.1
UKAQAZ_clean,7.03658,4.81444,7.03658,1.1542,1709.08,1480.75,0.0,0.0,0.5836,0.505632,0.0,Sm,No, ,clean,Y,Y,Y,,N,,,,,,,,,,,,,,,,,,,,,,UKAQAZ_clean,220.4
UKAQED_clean,6.96134,4.79708,6.96134,1.16653,1696.68,1454.47,0.0,0.0,0.581,0.49806,0.0,Eu,No, ,clean,Y,Y,Y,,N,,,,,,,,,,,,,,,,,,,,,,UKAQED_clean,228.7
UKAQIH_clean,7.0082,4.78738,7.0082,1.16844,1713.29,1466.3,0.0,0.0,0.5844,0.500152,0.000171168,Gd,No, ,clean,Y,Y,Y,,N,,,,,,,,,,,,,,,,,,,,,,UKAQIH_clean,220.8
UKAZEM_clean,10.77132,8.65206,10.76899,0.789293,2030.11,2572.07,0.0,0.0,0.7756,0.982652,0.0,"Cu,Mn",Yes,Cu,clean,N,Y,Y,,N,,,,,,,,,,,,,,,,,,,,,,UKAZEM_clean,88.1
UKEXEP_clean,4.56996,3.476,4.56996,1.58485,612.499,386.472,21.3828,13.492,0.4954,0.312585,0.0,Cd,Yes,Cd,clean,N,Y,Y,,N,,,,,,,,,,,,,,,,,,,,,,UKEXEP_clean,318.5
UKIQIP_clean,10.57455,7.52574,10.57455,0.823179,2075.57,2521.41,0.0,0.0,0.6786,0.824365,0.0,Mn,Yes,Mn,clean,Y,Y,Y,,N,,,,,,,,,,,,,,,,,,,,,,UKIQIP_clean,150.6
UKIQOV_clean,13.66711,9.63813,13.66009,0.628902,2104.6,3346.47,0.0,0.0,0.7776,1.23644,0.0,"Cu,Co",Yes,"Cu,Co",clean,Y,Y,Y,,N,,,,,,,,,,,,,,,,,,,,,,UKIQOV_clean,183.9
UKOZOK_clean,5.16699,3.99697,5.16538,2.08607,1456.61,698.257,0.0,0.0,0.5214,0.249944,0.0,Bi,Yes,Bi,clean,N,Y,Y,,N,,,,,,,,,,,,,,,,,,,,,,UKOZOK_clean,289.0
UKUBOS_clean,7.20509,4.51731,7.20509,1.01682,1332.64,1310.6,0.0,0.0,0.5496,0.540507,0.0,Mn,No, ,clean,Y,Y,Y,,N,,,,,,,,,,,,,,,,,,,,,,UKUBOS_clean,340.0
UKUBUY_clean,7.24877,4.48545,6.9378,1.0306,1336.85,1297.17,0.0,0.0,0.5312,0.51543,0.0,Fe,No, ,clean,Y,Y,Y,,N,,,,,,,,,,,,,,,,,,,,,,UKUBUY_clean,349.1
UKUCAF_clean,7.2141,4.4286,6.87747,1.05667,1313.72,1243.26,0.0,0.0,0.5246,0.496466,0.0,Co,No, ,clean,Y,Y,Y,,N,,,,,,,,,,,,,,,,,,,,,,UKUCAF_clean,337.2
UKUPIB_clean,7.9794,5.83185,7.9636,0.893496,2137.53,2392.33,0.0,0.0,0.6356,0.711363,0.0,Mn,Yes,Mn,clean,N,Y,Y,,N,,,,,,,,,,,,,,,,,,,,,,UKUPIB_clean,196.1
UKUPUL_clean,6.90717,5.2805,6.90717,1.43379,1465.65,1022.22,1.90531,1.32886,0.5222,0.364209,0.0138095,"V,Si",Yes,V,clean,Y,Y,Y,,N,,,,,,,,,,,,,,,,,,,,,,UKUPUL_clean,172.8
ULAQAB_clean,5.27643,3.51743,4.89733,1.04387,1032.19,988.815,0.0,0.0,0.5466,0.523628,0.0,Zn,No, ,clean,N,Y,Y,,N,,,,,,,,,,,,,,,,,,,,,,ULAQAB_clean,360.0
ULAQEF_clean,5.27064,3.49026,5.03731,1.02909,1016.13,987.412,0.0,0.0,0.5346,0.51949,0.0,Co,No, ,clean,N,Y,Y,,N,,,,,,,,,,,,,,,,,,,,,,ULAQEF_clean,343.3
ULASAD_clean,8.38485,6.51445,8.17533,0.647842,2428.58,3748.72,0.0,0.0,0.7298,1.12651,0.0,"Cr,Co",Yes,Co,clean,N,Y,Y,,N,,,,,,,,,,,,,,,,,,,,,,ULASAD_clean,131.1
ULEGOH_clean,6.13177,4.39371,6.11357,1.30509,966.034,740.207,0.0,0.0,0.4766,0.365187,0.0,Cu,Yes,Cu,clean,N,Y,Y,,N,,,,,,,,,,,,,,,,,,,,,,ULEGOH_clean,2961.7
ULIMIN_clean,5.00183,3.7748,4.85322,1.2693,515.601,406.208,162.351,127.906,0.476,0.375009,0.0,Co,No, ,clean,N,Y,Y,,N,,,,,,,,,,,,,,,,,,,,,,ULIMIN_clean,329.1
ULOGAE_clean,6.57121,5.40028,5.95167,1.35328,2211.75,1634.36,0.0,0.0,0.6272,0.463465,0.0,Cd,Yes,Cd,clean,N,Y,Y,,N,,,,,,,,,,,,,,,,,,,,,,ULOGAE_clean,202.0
ULOKAJ_clean,8.7673,6.34979,8.7673,1.30492,1735.79,1330.19,0.0,0.0,0.637,0.488152,0.0,Zn,No, ,clean,N,Y,Y,,N,,,,,,,,,,,,,,,,,,,,,,ULOKAJ_clean,267.7
ULOLEO_clean,8.29808,5.90829,8.29808,1.34322,1731.11,1288.78,0.0,0.0,0.6394,0.47602,0.0,Zn,No, ,clean,N,Y,Y,,N,,,,,,,,,,,,,,,,,,,,,,ULOLEO_clean,268.4
ULOLIS_clean,8.54677,6.10924,8.54677,1.32937,1733.05,1303.66,0.0,0.0,0.6388,0.480529,0.0,Zn,No, ,clean,N,Y,Y,,N,,,,,,,,,,,,,,,,,,,,,,ULOLIS_clean,260.8
ULOMAL_clean,8.86217,6.43433,8.86217,1.31015,1733.6,1323.21,0.0,0.0,0.6522,0.497807,0.0,Zn,No, ,clean,N,Y,Y,,N,,,,,,,,,,,,,,,,,,,,,,ULOMAL_clean,268.6
ULUVUT_clean,5.14269,4.75945,5.14269,1.14921,1898.67,1652.16,0.0,0.0,0.6398,0.556733,0.0,Zn,No, ,clean,Y,Y,Y,,N,,,,,,,,,,,,,,,,,,,,,,ULUVUT_clean,159.9
UMABIV_clean,5.68466,5.22417,5.68466,1.23934,1941.33,1566.43,0.0,0.0,0.6118,0.493651,0.0,Cd,Yes,Cd,clean,N,Y,Y,,N,,,,,,,,,,,,,,,,,,,,,,UMABIV_clean,199.5
UMABOB_clean,5.41853,4.65091,5.41146,1.04463,1738.12,1663.87,0.0,0.0,0.574,0.549478,0.0,Mn,Yes,Mn,clean,N,Y,Y,,N,,,,,,,,,,,,,,,,,,,,,,UMABOB_clean,236.4
UMALUQ_clean,8.90326,5.05379,8.67673,1.06985,1916.16,1791.07,0.0,0.0,0.5972,0.558212,0.0,"Sn,Ag",Yes,"Sn,Ag",clean,N,Y,Y,,N,,,,,,,,,,,,,,,,,,,,,,UMALUQ_clean,301.0
UMEDEX_clean,8.31991,5.90244,8.31991,1.33036,1734.05,1303.45,0.0,0.0,0.6334,0.476113,0.0,Zn,No, ,clean,N,Y,Y,,N,,,,,,,,,,,,,,,,,,,,,,UMEDEX_clean,275.2
UMEDIB_clean,8.20629,5.26943,8.19367,1.3504,1744.84,1292.1,0.0,0.0,0.632,0.46801,0.0,Zn,No, ,clean,N,Y,Y,,N,,,,,,,,,,,,,,,,,,,,,,UMEDIB_clean,252.8
UMEDOH_clean,8.3593,5.89473,8.3593,1.33036,1732.85,1302.55,0.0,0.0,0.6328,0.475662,0.0,Zn,No, ,clean,N,Y,Y,,N,,,,,,,,,,,,,,,,,,,,,,UMEDOH_clean,275.6
UMEHOL_clean,7.1388,4.96773,6.18362,1.60251,1384.6,864.024,0.0,0.0,0.5636,0.351699,0.0,Dy,Yes,Dy,clean,N,Y,Y,,N,,,,,,,,,,,,,,,,,,,,,,UMEHOL_clean,200.7
UMEKEE_clean,8.30632,6.09762,8.27233,0.751545,2616.23,3481.13,0.0,0.0,0.734,0.976654,0.0,Zn,No, ,clean,N,Y,Y,,N,,,,,,,,,,,,,,,,,,,,,,UMEKEE_clean,108.6
UMEKII_clean,6.2978,4.37155,6.14715,1.16372,1476.0,1268.34,0.0,0.0,0.5854,0.50304,0.0,Zn,No, ,clean,N,Y,Y,,N,,,,,,,,,,,,,,,,,,,,,,UMEKII_clean,185.7
UMELAB_clean,6.29398,5.39006,6.2901,1.61584,1305.01,807.638,0.0,0.0,0.54,0.334192,0.0,Sm,Yes,Sm,clean,N,Y,Y,,N,,,,,,,,,,,,,,,,,,,,,,UMELAB_clean,287.4
UMELEF_clean,6.19405,5.34016,6.17707,1.64272,1285.83,782.746,0.0,0.0,0.5076,0.309,0.0,Eu,Yes,Eu,clean,N,Y,Y,,N,,,,,,,,,,,,,,,,,,,,,,UMELEF_clean,195.9
UMEPOT_clean,6.2957,5.33563,6.29133,1.57681,1311.07,831.473,0.0,0.0,0.541,0.343098,0.0,Nd,Yes,Nd,clean,N,Y,Y,,N,,,,,,,,,,,,,,,,,,,,,,UMEPOT_clean,288.4
UMEQAG_clean,7.17863,4.94429,6.16873,1.58166,1384.15,875.123,0.0,0.0,0.5566,0.351908,0.0,Tb,Yes,Tb,clean,N,Y,Y,,N,,,,,,,,,,,,,,,,,,,,,,UMEQAG_clean,202.3
UMESIQ_clean,7.11235,5.04643,6.16421,1.65932,1412.73,851.388,0.0,0.0,0.558,0.336282,0.0,Yb,Yes,Yb,clean,N,Y,Y,,N,,,,,,,,,,,,,,,,,,,,,,UMESIQ_clean,208.7
UMESOW_clean,7.17498,4.93769,6.17391,1.56952,1391.65,886.672,0.0,0.0,0.5498,0.350298,0.0,Gd,Yes,Gd,clean,N,Y,Y,,N,,,,,,,,,,,,,,,,,,,,,,UMESOW_clean,202.1
UMEXUF01_clean,5.93545,4.3172,5.83035,1.61863,1574.22,972.568,0.0,0.0,0.547,0.337941,0.0,Zn,Yes,Zn,clean,N,Y,Y,,N,,,,,,,,,,,,,,,,,,,,,,UMEXUF01_clean,149.5
UMEXUF_clean,5.96732,4.46538,5.94889,1.62337,1487.02,916.008,0.0,0.0,0.5378,0.331286,0.0,Zn,Yes,Zn,clean,Y,Y,Y,,N,,,,,,,,,,,,,,,,,,,,,,UMEXUF_clean,156.9
UMIGAA_clean,8.23557,7.15317,8.23557,1.10058,2014.92,1830.78,0.0,0.0,0.622,0.565157,0.0,"Zn,Co",Yes,"Zn,Co",clean,N,Y,Y,,N,,,,,,,,,,,,,,,,,,,,,,UMIGAA_clean,213.3
UMIZEX_clean,6.27903,5.11829,6.27347,1.43647,1654.12,1151.52,0.0,0.0,0.554,0.385668,0.0,Gd,Yes,Gd,clean,N,Y,Y,,N,,,,,,,,,,,,,,,,,,,,,,UMIZEX_clean,707.8
UMOBEF01_clean,11.72616,5.98085,11.72563,0.505624,2624.2,5190.03,0.0,0.0,0.792,1.56638,0.0,Cu,Yes,Cu,clean,N,Y,Y,,N,,,,,,,,,,,,,,,,,,,,,,UMOBEF01_clean,285.9
UMOBEF02_clean,11.74556,6.09657,11.74553,0.512375,2648.86,5169.77,0.0,0.0,0.7876,1.53716,0.0,Cu,Yes,Cu,clean,N,Y,Y,,N,,,,,,,,,,,,,,,,,,,,,,UMOBEF02_clean,286.1
UMOBEF03_clean,11.19548,6.07261,11.19529,0.54262,2779.47,5122.32,0.0,0.0,0.775,1.42826,0.0,Cu,Yes,Cu,clean,N,Y,Y,,N,,,,,,,,,,,,,,,,,,,,,,UMOBEF03_clean,285.1
UMOBEF04_clean,9.82687,5.92931,9.82687,0.641251,2696.95,4205.76,1.10178,1.71818,0.73,1.1384,0.0,Cu,Yes,Cu,clean,N,Y,Y,,N,,,,,,,,,,,,,,,,,,,,,,UMOBEF04_clean,280.5
UMOBEF05_clean,9.81532,6.14212,9.81476,0.699468,2487.48,3556.24,0.0,0.0,0.705,1.00791,0.0,Cu,Yes,Cu,clean,N,Y,Y,,N,,,,,,,,,,,,,,,,,,,,,,UMOBEF05_clean,282.5
UMOBEF06_clean,9.73892,6.12776,9.73892,0.704912,2451.84,3478.22,0.0,0.0,0.7064,1.00211,0.0,Cu,Yes,Cu,clean,N,Y,Y,,N,,,,,,,,,,,,,,,,,,,,,,UMOBEF06_clean,292.8
UMOBEF07_clean,9.64899,6.11183,9.64836,0.717947,2412.56,3360.35,0.0,0.0,0.7028,0.978902,0.0,Cu,Yes,Cu,clean,N,Y,Y,,N,,,,,,,,,,,,,,,,,,,,,,UMOBEF07_clean,283.7
UMOBEF08_clean,9.5277,6.07844,9.52714,0.722374,2381.06,3296.16,0.0,0.0,0.701,0.970411,0.0,Cu,Yes,Cu,clean,N,Y,Y,,N,,,,,,,,,,,,,,,,,,,,,,UMOBEF08_clean,281.6
UMOBEF09_clean,9.30813,6.0393,8.12664,0.731985,2350.62,3211.3,0.0,0.0,0.696,0.95084,0.0,Cu,Yes,Cu,clean,N,Y,Y,,N,,,,,,,,,,,,,,,,,,,,,,UMOBEF09_clean,286.0
UMOBEF_clean,12.498,6.04018,12.42609,0.48038,2503.44,5211.38,0.0,0.0,0.7972,1.65952,0.0,Cu,Yes,Cu,clean,N,Y,Y,,N,,,,,,,,,,,,,,,,,,,,,,UMOBEF_clean,288.8
UMODEH01_clean,11.30468,5.41503,11.30468,0.512269,2642.07,5157.57,0.0,0.0,0.7812,1.52498,0.0,Cu,Yes,Cu,clean,N,Y,Y,,N,,,,,,,,,,,,,,,,,,,,,,UMODEH01_clean,321.9
UMODEH03_clean,11.61852,5.42066,11.35102,0.51003,2634.97,5166.3,0.0,0.0,0.785,1.53913,0.0,Cu,Yes,Cu,clean,N,Y,Y,,N,,,,,,,,,,,,,,,,,,,,,,UMODEH03_clean,322.6
UMODEH04_clean,11.36787,5.34922,11.36787,0.533932,2752.39,5154.94,0.0,0.0,0.771,1.444,0.0,Cu,Yes,Cu,clean,N,Y,Y,,N,,,,,,,,,,,,,,,,,,,,,,UMODEH04_clean,312.3
UMODEH06_clean,11.16649,5.2519,11.16649,0.555198,2855.76,5143.68,0.0,0.0,0.7652,1.37825,0.0,Cu,Yes,Cu,clean,N,Y,Y,,N,,,,,,,,,,,,,,,,,,,,,,UMODEH06_clean,324.7
UMODEH07_clean,11.33302,5.24933,11.33302,0.558087,2863.98,5131.77,0.0,0.0,0.7612,1.36394,0.0,Cu,Yes,Cu,clean,N,Y,Y,,N,,,,,,,,,,,,,,,,,,,,,,UMODEH07_clean,312.3
UMODEH08_clean,7.50813,5.20054,6.29758,0.647965,2827.66,4363.91,0.0,0.0,0.7222,1.11457,0.0,Cu,Yes,Cu,clean,N,Y,Y,,N,,,,,,,,,,,,,,,,,,,,,,UMODEH08_clean,309.1
UMODEH09_clean,7.58377,5.1021,6.14779,0.720299,2563.17,3558.48,0.0,0.0,0.6962,0.966543,0.0,Cu,Yes,Cu,clean,N,Y,Y,,N,,,,,,,,,,,,,,,,,,,,,,UMODEH09_clean,309.2
UMODEH10_clean,8.26869,5.10695,6.12476,0.739009,2428.99,3286.83,0.0,0.0,0.6872,0.929894,0.0,Cu,Yes,Cu,clean,N,Y,Y,,N,,,,,,,,,,,,,,,,,,,,,,UMODEH10_clean,308.8
UMODEH11_clean,7.88398,5.10678,6.00855,0.750929,2393.61,3187.54,0.0,0.0,0.6846,0.911671,0.0,Cu,Yes,Cu,clean,N,Y,Y,,N,,,,,,,,,,,,,,,,,,,,,,UMODEH11_clean,316.1
UMODEH12_clean,7.73054,5.09547,6.08288,0.751192,2382.98,3172.27,0.0,0.0,0.6794,0.90443,0.0,Cu,Yes,Cu,clean,N,Y,Y,,N,,,,,,,,,,,,,,,,,,,,,,UMODEH12_clean,317.9
UMODEH13_clean,8.08,5.10727,6.08981,0.75692,2343.08,3095.55,0.0,0.0,0.6792,0.89732,0.0,Cu,Yes,Cu,clean,N,Y,Y,,N,,,,,,,,,,,,,,,,,,,,,,UMODEH13_clean,318.5
UMODEH14_clean,11.13019,5.34376,11.13003,0.540267,2804.02,5190.06,0.0,0.0,0.7704,1.42596,0.0,Cu,Yes,Cu,clean,N,Y,Y,,N,,,,,,,,,,,,,,,,,,,,,,UMODEH14_clean,317.4
UMODEH15_clean,11.39121,5.37416,11.39121,0.528259,2720.83,5150.56,0.0,0.0,0.7764,1.46973,0.0,Cu,Yes,Cu,clean,N,Y,Y,,N,,,,,,,,,,,,,,,,,,,,,,UMODEH15_clean,316.1
UMODEH16_clean,13.02556,5.98917,13.02556,0.473838,2451.04,5172.75,0.0,0.0,0.8008,1.69003,0.0,Cu,Yes,Cu,clean,N,Y,Y,,N,,,,,,,,,,,,,,,,,,,,,,UMODEH16_clean,323.5
UMODEH17_clean,11.09362,5.25928,11.09362,0.56801,2915.72,5133.22,0.0,0.0,0.7592,1.3366,0.0,Cu,Yes,Cu,clean,N,Y,Y,,N,,,,,,,,,,,,,,,,,,,,,,UMODEH17_clean,314.5
UMODEH18_clean,12.07339,5.35338,12.07339,0.527677,2756.54,5223.93,0.0,0.0,0.7746,1.46794,0.0,Cu,Yes,Cu,clean,N,Y,Y,,N,,,,,,,,,,,,,,,,,,,,,,UMODEH18_clean,314.7
UMODEH19_clean,9.53314,6.14559,9.53308,0.644874,2729.74,4232.98,0.0,0.0,0.7296,1.13138,0.0,Cu,Yes,Cu,clean,N,Y,Y,,N,,,,,,,,,,,,,,,,,,,,,,UMODEH19_clean,275.0
UMODEH20_clean,9.81757,5.20485,6.37863,0.582326,2920.59,5015.39,0.0,0.0,0.7482,1.28485,0.0,Cu,Yes,Cu,clean,N,Y,Y,,N,,,,,,,,,,,,,,,,,,,,,,UMODEH20_clean,318.8
UMODEH21_clean,9.91334,5.23079,9.91334,0.575954,2919.56,5069.08,0.0,0.0,0.75,1.30219,0.0,Cu,Yes,Cu,clean,N,Y,Y,,N,,,,,,,,,,,,,,,,,,,,,,UMODEH21_clean,311.8
UMODEH22_clean,10.42971,5.27481,10.42971,0.557764,2866.15,5138.64,0.0,0.0,0.7608,1.36402,0.0,Cu,Yes,Cu,clean,N,Y,Y,,N,,,,,,,,,,,,,,,,,,,,,,UMODEH22_clean,314.0
UMODEH23_clean,11.15907,5.34276,11.15907,0.535598,2770.05,5171.89,0.0,0.0,0.7696,1.4369,0.0,Cu,Yes,Cu,clean,N,Y,Y,,N,,,,,,,,,,,,,,,,,,,,,,UMODEH23_clean,316.1
UMODEH24_clean,11.42851,5.36939,11.42851,0.532371,2746.88,5159.71,0.0,0.0,0.7732,1.45237,0.0,Cu,Yes,Cu,clean,N,Y,Y,,N,,,,,,,,,,,,,,,,,,,,,,UMODEH24_clean,316.8
UMODEH25_clean,9.75422,5.20239,6.39739,0.581306,2933.81,5046.92,0.0,0.0,0.7442,1.28022,0.0,Cu,Yes,Cu,clean,N,Y,Y,,N,,,,,,,,,,,,,,,,,,,,,,UMODEH25_clean,319.9
UMODEH_clean,10.95537,5.36113,10.95537,0.533113,2747.45,5153.6,0.0,0.0,0.7742,1.45222,0.0,Cu,Yes,Cu,clean,N,Y,Y,,N,,,,,,,,,,,,,,,,,,,,,,UMODEH_clean,314.0
UMOKIS_clean,10.47066,8.24292,10.42077,0.843112,1761.07,2088.78,0.0,0.0,0.6618,0.784949,0.0,Zn,Yes,Zn,clean,N,Y,Y,,N,,,,,,,,,,,,,,,,,,,,,,UMOKIS_clean,357.5
UMOVEZ01_clean,10.36799,5.68179,9.99869,0.557538,2889.19,5182.06,0.0,0.0,0.7634,1.36923,0.0,Cu,Yes,Cu,clean,N,Y,Y,,N,,,,,,,,,,,,,,,,,,,,,,UMOVEZ01_clean,281.8
UMOVEZ02_clean,10.40783,5.7016,10.40783,0.554264,2884.62,5204.42,0.0,0.0,0.768,1.38562,0.0,Cu,Yes,Cu,clean,N,Y,Y,,N,,,,,,,,,,,,,,,,,,,,,,UMOVEZ02_clean,280.3
UMOVEZ03_clean,10.92239,5.82104,10.1736,0.537309,2802.84,5216.45,0.0,0.0,0.7724,1.43754,0.0,Cu,Yes,Cu,clean,N,Y,Y,,N,,,,,,,,,,,,,,,,,,,,,,UMOVEZ03_clean,282.6
UMOVEZ04_clean,11.43321,6.00494,11.43286,0.521066,2715.35,5211.14,0.0,0.0,0.7844,1.50538,0.0,Cu,Yes,Cu,clean,N,Y,Y,,N,,,,,,,,,,,,,,,,,,,,,,UMOVEZ04_clean,285.4
UMOVEZ05_clean,10.32083,5.66439,10.32083,0.556946,2888.61,5186.51,0.0,0.0,0.7674,1.37787,0.0,Cu,Yes,Cu,clean,N,Y,Y,,N,,,,,,,,,,,,,,,,,,,,,,UMOVEZ05_clean,284.5
UMOVEZ_clean,11.7936,5.96806,11.76218,0.502437,2621.26,5217.08,0.0,0.0,0.7922,1.57671,0.0,Cu,Yes,Cu,clean,N,Y,Y,,N,,,,,,,,,,,,,,,,,,,,,,UMOVEZ_clean,291.5
UMOVID_clean,12.08323,6.02223,11.77524,0.495095,2551.4,5153.36,0.0,0.0,0.7958,1.60737,0.0,Cu,Yes,Cu,clean,N,Y,Y,,N,,,,,,,,,,,,,,,,,,,,,,UMOVID_clean,291.3
UMOVOJ_clean,12.44931,6.04966,11.64464,0.481059,2488.51,5172.97,0.0,0.0,0.8008,1.66466,0.0,Cu,Yes,Cu,clean,N,Y,Y,,N,,,,,,,,,,,,,,,,,,,,,,UMOVOJ_clean,286.9
UMOYOM03_clean,9.53653,5.34452,9.53653,0.572297,2816.69,4921.73,0.0,0.0,0.7558,1.32064,0.0,Cu,Yes,Cu,clean,N,Y,Y,,N,,,,,,,,,,,,,,,,,,,,,,UMOYOM03_clean,295.0
UMOYOM06_clean,9.27242,5.3599,9.27242,0.544667,2828.76,5193.56,0.0,0.0,0.7628,1.40049,0.0,Cu,Yes,Cu,clean,N,Y,Y,,N,,,,,,,,,,,,,,,,,,,,,,UMOYOM06_clean,329.5
UMOYOM07_clean,9.75529,5.37054,9.54348,0.541661,2791.87,5154.28,0.0,0.0,0.7712,1.42377,0.0,Cu,Yes,Cu,clean,N,Y,Y,,N,,,,,,,,,,,,,,,,,,,,,,UMOYOM07_clean,343.6
UMOYOM08_clean,9.66223,5.42293,9.66221,0.547658,2688.94,4909.89,0.0,0.0,0.7644,1.39576,0.0,Cu,Yes,Cu,clean,N,Y,Y,,N,,,,,,,,,,,,,,,,,,,,,,UMOYOM08_clean,300.2
UMOYOM10_clean,9.29709,5.30741,9.29709,0.582563,2853.3,4897.84,0.0,0.0,0.748,1.28398,0.0,Cu,Yes,Cu,clean,N,Y,Y,,N,,,,,,,,,,,,,,,,,,,,,,UMOYOM10_clean,305.1
UMOYOM11_clean,8.68074,5.21106,8.68074,0.619321,2929.2,4729.69,0.0,0.0,0.724,1.16902,0.0,Cu,Yes,Cu,clean,N,Y,Y,,N,,,,,,,,,,,,,,,,,,,,,,UMOYOM11_clean,293.0
UMOYOM13_clean,8.08915,5.1527,6.21939,0.677127,2892.06,4271.07,0.0,0.0,0.7078,1.0453,0.0,Cu,Yes,Cu,clean,N,Y,Y,,N,,,,,,,,,,,,,,,,,,,,,,UMOYOM13_clean,291.1
UMOYOM16_clean,7.63035,5.01799,6.05656,0.779987,2424.82,3108.79,0.0,0.0,0.664,0.851297,0.0,Cu,Yes,Cu,clean,N,Y,Y,,N,,,,,,,,,,,,,,,,,,,,,,UMOYOM16_clean,294.0
UMOYOM17_clean,7.20985,4.99864,5.97659,0.754372,2435.06,3227.93,0.0,0.0,0.675,0.894784,0.0,Cu,Yes,Cu,clean,N,Y,Y,,N,,,,,,,,,,,,,,,,,,,,,,UMOYOM17_clean,272.0
UMOZUT_clean,10.2026,5.23269,10.2026,0.576016,2921.2,5071.38,0.0,0.0,0.7524,1.30621,0.0,Cu,Yes,Cu,clean,N,Y,Y,,N,,,,,,,,,,,,,,,,,,,,,,UMOZUT_clean,316.1
UMUBAH_clean,10.24236,5.23581,10.24236,0.576725,2914.77,5054.0,0.0,0.0,0.7536,1.30669,0.0,Cu,Yes,Cu,clean,N,Y,Y,,N,,,,,,,,,,,,,,,,,,,,,,UMUBAH_clean,315.9
UMUBEL_clean,10.43104,5.29557,10.43104,0.565681,2914.18,5151.62,0.0,0.0,0.7596,1.34281,0.0,Cu,Yes,Cu,clean,N,Y,Y,,N,,,,,,,,,,,,,,,,,,,,,,UMUBEL_clean,318.9
UMUBIP_clean,11.2434,5.32116,11.2434,0.544527,2831.33,5199.61,0.0,0.0,0.7672,1.40893,0.0,Cu,Yes,Cu,clean,N,Y,Y,,N,,,,,,,,,,,,,,,,,,,,,,UMUBIP_clean,314.8
UMUBOV_clean,10.36323,5.21129,10.36305,0.581505,2938.31,5052.94,0.0,0.0,0.7516,1.29251,0.0,Cu,Yes,Cu,clean,N,Y,Y,,N,,,,,,,,,,,,,,,,,,,,,,UMUBOV_clean,315.1
UMUXEG_clean,9.49806,8.4757,9.49806,2.20878,1092.16,494.464,0.0,0.0,0.5272,0.238684,0.0,Cu,Yes,Cu,clean,N,Y,Y,,N,,,,,,,,,,,,,,,,,,,,,,UMUXEG_clean,175.8
UNADIX_clean,6.75931,3.87519,6.75562,1.24165,1862.26,1499.83,0.0,0.0,0.6188,0.498371,0.0,Zn,No, ,clean,N,Y,Y,,N,,,,,,,,,,,,,,,,,,,,,,UNADIX_clean,346.0
UNAGOH_clean,6.96079,6.02919,6.95596,0.981792,1984.33,2021.13,0.0,0.0,0.6686,0.681,0.0,Zn,Yes,Zn,clean,N,Y,Y,,N,,,,,,,,,,,,,,,,,,,,,,UNAGOH_clean,165.1
UNAGUN_clean,6.99295,6.04603,6.99295,0.980411,1997.43,2037.34,0.0,0.0,0.6572,0.670331,0.0,Zn,Yes,Zn,clean,N,Y,Y,,N,,,,,,,,,,,,,,,,,,,,,,UNAGUN_clean,165.5
UNECOH_clean,8.18788,6.9765,8.18788,1.09192,2032.27,1861.19,0.0,0.0,0.6216,0.569271,0.0,"Zn,Co",Yes,"Zn,Co",clean,N,Y,Y,,N,,,,,,,,,,,,,,,,,,,,,,UNECOH_clean,208.1
UNECUN_clean,8.22196,7.00638,8.21981,1.18297,2033.93,1719.35,0.0,0.0,0.6502,0.549636,0.0,"Cd,Zn",Yes,"Cd,Zn",clean,N,Y,Y,,N,,,,,,,,,,,,,,,,,,,,,,UNECUN_clean,201.7
UNIMAG_clean,7.62122,4.89032,7.61772,1.27361,1516.85,1190.98,7.98461,6.26926,0.5702,0.447703,0.0,"W,Mn",Yes,Mn,clean,N,Y,Y,,N,,,,,,,,,,,,,,,,,,,,,,UNIMAG_clean,642.7
UNUNEY_clean,34.00674,17.63763,34.00674,0.237838,1109.56,4665.2,0.0,0.0,0.9182,3.86062,0.0,U,Yes,U,clean,N,Y,Y,,N,,,,,,,,,,,,,,,,,,,,,,UNUNEY_clean,1193.0
UPIBOM_clean,6.9638,6.58355,6.9638,1.56774,1538.59,981.409,0.0,0.0,0.5776,0.368429,0.0,Tb,No, ,clean,N,Y,Y,,N,,,,,,,,,,,,,,,,,,,,,,UPIBOM_clean,113.8
UQEGII_clean,7.86584,3.91024,7.82641,1.73651,1232.93,710.003,0.0,0.0,0.5438,0.313156,0.0,"Mo,Ni,V",Yes,"Mo,Ni,V",clean,N,Y,Y,,N,,,,,,,,,,,,,,,,,,,,,,UQEGII_clean,226.6
UQERIT_clean,4.88677,3.80399,4.88677,1.1967,1362.48,1138.53,0.0,0.0,0.5566,0.465112,0.0,In,No, ,clean,N,Y,Y,,N,,,,,,,,,,,,,,,,,,,,,,UQERIT_clean,215.6
UQOWUU_clean,5.90125,3.62484,5.90125,1.49858,1462.39,975.848,0.0,0.0,0.5542,0.369817,0.0,Cu,Yes,Cu,clean,N,Y,Y,,N,,,,,,,,,,,,,,,,,,,,,,UQOWUU_clean,256.6
UQOYOP_clean,5.62402,4.63088,5.62402,1.0296,1173.78,1140.03,0.0,0.0,0.5218,0.506796,0.0,Zn,No, ,clean,N,Y,Y,,N,,,,,,,,,,,,,,,,,,,,,,UQOYOP_clean,323.1
UQULAU_clean,7.2826,3.59407,7.2826,0.863333,1569.2,1817.6,0.0,0.0,0.6162,0.713745,0.0,Co,Yes,Co,clean,N,Y,Y,,N,,,,,,,,,,,,,,,,,,,,,,UQULAU_clean,335.2
URENEM_clean,8.53899,7.85329,8.41522,0.74811,2058.38,2751.44,0.0,0.0,0.7178,0.959485,0.0,Zn,Yes,Zn,clean,N,Y,Y,,N,,,,,,,,,,,,,,,,,,,,,,URENEM_clean,167.3
UREVIY_clean,4.97933,3.80174,4.64142,1.58439,1154.53,728.69,0.0,0.0,0.5098,0.321764,0.0,Pr,Yes,Pr,clean,N,Y,Y,,N,,,,,,,,,,,,,,,,,,,,,,UREVIY_clean,210.1
UREVOE_clean,4.98141,3.80725,4.69195,1.62966,1156.15,709.443,0.0,0.0,0.5054,0.310125,0.0,Sm,Yes,Sm,clean,N,Y,Y,,N,,,,,,,,,,,,,,,,,,,,,,UREVOE_clean,205.9
URUVUA_clean,9.76128,4.51984,9.76128,1.07567,2198.26,2043.62,0.0,0.0,0.6792,0.631422,0.0,"Cu,Pd",Yes,"Cu,Pd",clean,N,Y,Y,,N,,,,,,,,,,,,,,,,,,,,,,URUVUA_clean,170.5
URUWEL_clean,9.27008,8.60913,9.21935,1.12073,1091.29,973.727,41.1176,36.688,0.5796,0.517161,0.0,Cu,Yes,Cu,clean,N,Y,Y,,N,,,,,,,,,,,,,,,,,,,,,,URUWEL_clean,236.2
URUWIP_clean,8.03408,7.13721,8.03408,1.22198,1033.12,845.441,0.0,0.0,0.5468,0.447469,0.0,Cu,Yes,Cu,clean,N,Y,Y,,N,,,,,,,,,,,,,,,,,,,,,,URUWIP_clean,234.2
USAWIW_clean,8.66526,5.94328,8.64173,1.00954,1665.76,1650.02,0.0,0.0,0.6018,0.596112,0.0,Cd,No, ,clean,N,Y,Y,,N,,,,,,,,,,,,,,,,,,,,,,USAWIW_clean,227.1
USEVOF_clean,9.78266,6.59544,9.77545,1.19807,1982.01,1654.33,0.0,0.0,0.6746,0.563072,0.0,Cu,Yes,Cu,clean,N,Y,Y,,N,,,,,,,,,,,,,,,,,,,,,,USEVOF_clean,198.0
USIRUL_clean,4.36706,3.58238,4.17257,1.44082,204.986,142.27,0.0,0.0,0.3816,0.264849,0.0,Cu,No, ,clean,N,Y,Y,,N,,,,,,,,,,,,,,,,,,,,,,USIRUL_clean,342.6
USISEW_clean,4.41857,3.83614,4.34351,1.41445,243.314,172.02,0.0,0.0,0.4008,0.28336,0.0,Cu,Yes,Cu,clean,N,Y,Y,,N,,,,,,,,,,,,,,,,,,,,,,USISEW_clean,345.8
USORUR_clean,6.75938,5.44409,6.68952,0.77718,2490.53,3204.57,0.0,0.0,0.705,0.907126,0.0,Zn,Yes,Zn,clean,N,Y,Y,,N,,,,,,,,,,,,,,,,,,,,,,USORUR_clean,245.7
USOXEH_clean,5.26933,4.60511,5.26933,1.1789,1588.69,1347.6,0.0,0.0,0.5772,0.489609,0.0,"Cu,Zn",Yes,Cu,clean,N,Y,Y,,N,,,,,,,,,,,,,,,,,,,,,,USOXEH_clean,272.0
USUBUG_clean,5.38089,5.04943,5.38089,1.1373,1931.44,1698.26,0.0,0.0,0.635,0.558338,0.0,Zn,No, ,clean,Y,Y,Y,,N,,,,,,,,,,,,,,,,,,,,,,USUBUG_clean,155.4
USUPUV_clean,5.56088,3.62011,5.55354,1.39664,1062.12,760.484,0.0,0.0,0.503,0.36015,0.0,"Rb,Y,Fe",Yes,"Rb,Y",clean,N,Y,Y,,N,,,,,,,,,,,,,,,,,,,,,,USUPUV_clean,194.3
USUVIP_clean,7.94489,4.42991,7.94489,1.30315,1252.83,961.391,0.0,0.0,0.5286,0.405634,0.0,Cd,Yes,Cd,clean,N,Y,Y,,N,,,,,,,,,,,,,,,,,,,,,,USUVIP_clean,172.7
USUWUC_clean,6.42663,5.71174,6.42663,1.58208,1915.35,1210.65,0.0,0.0,0.6074,0.383924,0.0,In,No, ,clean,N,Y,Y,,N,,,,,,,,,,,,,,,,,,,,,,USUWUC_clean,148.5
UTACOJ_clean,10.00482,8.08324,10.00482,1.1027,1897.31,1720.61,0.0,0.0,0.673,0.610321,0.0,"Cu,Ba",Yes,Cu,clean,N,Y,Y,,N,,,,,,,,,,,,,,,,,,,,,,UTACOJ_clean,191.2
UTACUP_clean,7.57859,3.49654,7.57859,1.1652,1628.8,1397.88,0.0,0.0,0.6024,0.516994,0.0,"Cu,Ba",Yes,Cu,clean,N,Y,Y,,N,,,,,,,,,,,,,,,,,,,,,,UTACUP_clean,226.0
UTADIE_clean,5.9737,4.97659,5.79418,1.5664,1976.27,1261.66,0.0,0.0,0.6122,0.390833,0.000127682,Eu,Yes,Eu,clean,N,Y,Y,,N,,,,,,,,,,,,,,,,,,,,,,UTADIE_clean,132.4
UTELIQ_clean,6.45449,5.48487,6.42215,0.86074,1771.9,2058.57,0.0,0.0,0.608,0.706369,0.0,Mg,Yes,Mg,clean,N,Y,Y,,N,,,,,,,,,,,,,,,,,,,,,,UTELIQ_clean,296.4
UTEMAJ_clean,8.09581,6.09927,8.09581,0.734825,2275.05,3096.04,0.0,0.0,0.6682,0.909332,0.0,Mg,Yes,Mg,clean,N,Y,Y,,N,,,,,,,,,,,,,,,,,,,,,,UTEMAJ_clean,311.2
UTEWOG_clean,14.59149,9.55269,14.59149,0.752086,1312.92,1745.71,424.373,564.261,0.7204,0.957869,0.0,Ni,Yes,Ni,clean,Y,Y,Y,,N,,,,,,,,,,,,,,,,,,,,,,UTEWOG_clean,216.4
UTEXIB_clean,6.29693,3.9636,6.29186,1.00241,1350.02,1346.77,59.1211,58.9791,0.5926,0.591177,0.0,Co,No, ,clean,Y,Y,Y,,N,,,,,,,,,,,,,,,,,,,,,,UTEXIB_clean,193.5
UTOCAJ_clean,6.32412,4.71832,6.32412,1.02969,1479.29,1436.63,0.0,0.0,0.5216,0.506558,0.0,Li,Yes,Li,clean,N,Y,Y,,N,,,,,,,,,,,,,,,,,,,,,,UTOCAJ_clean,340.1
UTOCEN_clean,6.30527,4.82361,6.30527,1.02298,1494.45,1460.88,0.0,0.0,0.5268,0.514966,0.0,Li,Yes,Li,clean,N,Y,Y,,N,,,,,,,,,,,,,,,,,,,,,,UTOCEN_clean,338.1
UTULIF_clean,4.41246,3.54295,4.40979,1.75943,1064.28,604.898,0.0,0.0,0.5628,0.319876,0.0,Zn,No, ,clean,N,Y,Y,,N,,,,,,,,,,,,,,,,,,,,,,UTULIF_clean,173.3
UTULUR_SL_part,7.64843,6.25721,7.64843,1.71749,808.319,470.64,196.079,114.166,0.5024,0.29252,0.0,In,No, ,SL_part,N,Y,Y,,N,,,,,,,,,,,,,,,,,,,,,,UTULUR_SL_part,272.9
UVANOW_clean,7.79568,5.2994,7.79517,0.823227,2568.33,3119.83,0.0,0.0,0.6984,0.848369,0.0,Ag,Yes,Ag,clean,N,Y,Y,,N,,,,,,,,,,,,,,,,,,,,,,UVANOW_clean,230.8
UVANUC_clean,4.85728,3.61043,4.47871,1.46742,436.6,297.529,393.627,268.244,0.5082,0.346323,0.0,Cd,Yes,Cd,clean,N,Y,Y,,N,,,,,,,,,,,,,,,,,,,,,,UVANUC_clean,186.6
UVEVAT_clean,5.06012,3.86427,5.04389,0.990442,2050.94,2070.73,0.0,0.0,0.6266,0.632647,0.0,Mn,No, ,clean,Y,Y,Y,,N,,,,,,,,,,,,,,,,,,,,,,UVEVAT_clean,171.3
UVEVUN_clean,13.08634,6.53433,13.08634,0.765991,2243.91,2929.42,0.0,0.0,0.7048,0.920115,0.0,Cu,Yes,Cu,clean,Y,Y,Y,,N,,,,,,,,,,,,,,,,,,,,,,UVEVUN_clean,511.2
UVINAP_clean,4.33279,3.86236,4.33279,1.23597,436.504,353.166,0.0,0.0,0.445,0.36004,0.0,Co,No, ,clean,Y,Y,Y,,N,,,,,,,,,,,,,,,,,,,,,,UVINAP_clean,181.9
UVIPIZ_clean,13.16154,6.50431,13.16154,0.868575,2146.52,2471.31,0.0,0.0,0.7192,0.828023,0.0,Cu,Yes,Cu,clean,N,Y,Y,,N,,,,,,,,,,,,,,,,,,,,,,UVIPIZ_clean,495.2
UVIPOF_clean,13.17946,6.58449,13.17946,0.87003,2145.41,2465.9,0.0,0.0,0.7218,0.829627,0.0,Cu,Yes,Cu,clean,N,Y,Y,,N,,,,,,,,,,,,,,,,,,,,,,UVIPOF_clean,494.9
UVOBUE_clean,6.22291,4.39102,6.19993,2.12393,1051.93,495.275,0.0,0.0,0.5032,0.236919,0.0,"Mo,Ce",Yes,"Mo,Ce",clean,N,Y,Y,,N,,,,,,,,,,,,,,,,,,,,,,UVOBUE_clean,216.0
UVOTOQ_clean,11.52321,9.17095,11.02494,1.0394,1689.27,1625.24,0.0,0.0,0.6776,0.651916,0.0,Tb,Yes,Tb,clean,N,Y,Y,,N,,,,,,,,,,,,,,,,,,,,,,UVOTOQ_clean,181.3
UVUDUM_clean,7.11279,4.8596,7.11279,1.37449,836.385,608.506,0.0,0.0,0.489,0.355769,0.0,Zn,Yes,Zn,clean,N,Y,Y,,N,,,,,,,,,,,,,,,,,,,,,,UVUDUM_clean,854.0
UVUFUN_clean,5.451,3.54467,5.41568,1.01248,1767.35,1745.57,0.0,0.0,0.5884,0.581148,0.0,Zn,Yes,Zn,clean,Y,Y,Y,,N,,,,,,,,,,,,,,,,,,,,,,UVUFUN_clean,520.3
UVUQAE_clean,5.89761,4.70396,5.31275,1.14377,1514.01,1323.7,0.0,0.0,0.5466,0.477894,0.0,Zn,Yes,Zn,clean,Y,Y,Y,,N,,,,,,,,,,,,,,,,,,,,,,UVUQAE_clean,315.0
UVUWAL_clean,5.70984,4.07494,5.63813,1.12706,1693.32,1502.42,0.0,0.0,0.5456,0.484089,0.0,Zn,No, ,clean,N,Y,Y,,N,,,,,,,,,,,,,,,,,,,,,,UVUWAL_clean,235.1
UWALEL_clean,8.57419,8.06777,8.57419,0.978062,1809.81,1850.4,0.0,0.0,0.611,0.624705,0.0,Cu,Yes,Cu,clean,N,Y,Y,,N,,,,,,,,,,,,,,,,,,,,,,UWALEL_clean,257.2
UWELIS_clean,5.99371,4.57547,5.83222,0.952092,2140.18,2247.87,0.0,0.0,0.6406,0.672834,0.0,Zn,Yes,Zn,clean,Y,Y,Y,,N,,,,,,,,,,,,,,,,,,,,,,UWELIS_clean,281.6
UWODAN_clean,6.59983,5.06853,6.59196,1.38828,1109.99,799.546,13.7879,9.93166,0.5174,0.372693,0.0,"Mg,Ni",Yes,"Mg,Ni",clean,N,Y,Y,,N,,,,,,,,,,,,,,,,,,,,,,UWODAN_clean,226.8
UWOWAF_clean,5.4452,4.14635,5.44512,1.16308,1303.91,1121.08,0.0,0.0,0.5534,0.475804,0.0,Mn,Yes,Mn,clean,N,Y,Y,,N,,,,,,,,,,,,,,,,,,,,,,UWOWAF_clean,210.0
UWUKII_clean,9.32796,8.05126,9.01112,0.931594,1638.77,1759.1,0.0,0.0,0.6392,0.686136,0.0,Co,Yes,Co,clean,N,Y,Y,,N,,,,,,,,,,,,,,,,,,,,,,UWUKII_clean,184.6
UWUTIQ_clean,6.1259,4.66623,6.123,1.0094,1933.04,1915.04,0.0,0.0,0.5992,0.59362,0.0,Zn,No, ,clean,Y,Y,Y,,N,,,,,,,,,,,,,,,,,,,,,,UWUTIQ_clean,319.6
UXABOL_clean,5.3893,5.04349,5.3893,1.74291,842.153,483.187,0.0,0.0,0.4972,0.28527,0.0,Er,Yes,Er,clean,Y,Y,Y,,N,,,,,,,,,,,,,,,,,,,,,,UXABOL_clean,239.0
UXABUR_clean,5.25063,5.01707,5.2326,1.46007,406.574,278.462,0.0,0.0,0.4604,0.315327,0.0,Y,Yes,Y,clean,Y,Y,Y,,N,,,,,,,,,,,,,,,,,,,,,,UXABUR_clean,261.1
UXAXEY_clean,6.18002,3.46612,6.18002,1.398,1132.15,809.836,0.0,0.0,0.5144,0.367953,0.0,Er,Yes,Er,clean,N,Y,Y,,N,,,,,,,,,,,,,,,,,,,,,,UXAXEY_clean,311.8
UXINAR_clean,5.3735,3.82354,5.35038,1.67875,1280.4,762.706,0.0,0.0,0.585,0.348473,0.0,Zn,Yes,Zn,clean,N,Y,Y,,N,,,,,,,,,,,,,,,,,,,,,,UXINAR_clean,285.2
UXIQOJ_clean,7.1779,7.04787,7.1779,1.13503,1629.42,1435.57,0.0,0.0,0.592,0.521571,0.0,Ni,No, ,clean,N,Y,Y,,N,,,,,,,,,,,,,,,,,,,,,,UXIQOJ_clean,130.5
UXISUR_clean,13.20708,6.69761,13.19407,0.878357,2102.35,2393.51,0.0,0.0,0.7182,0.817663,0.0,Cu,Yes,Cu,clean,N,Y,Y,,N,,,,,,,,,,,,,,,,,,,,,,UXISUR_clean,584.0
UXUNUX_clean,7.36512,5.79316,6.13107,0.678518,2356.29,3472.7,0.0,0.0,0.6988,1.02989,0.0,Cu,Yes,Cu,clean,Y,Y,Y,,N,,,,,,,,,,,,,,,,,,,,,,UXUNUX_clean,278.6
UXUPEJ_clean,7.33818,5.78241,6.14442,0.675641,2374.29,3514.13,0.0,0.0,0.7026,1.0399,0.0,Cu,Yes,Cu,clean,Y,Y,Y,,N,,,,,,,,,,,,,,,,,,,,,,UXUPEJ_clean,280.9
UXUPIN_clean,7.3374,5.72246,6.07377,0.669934,2447.15,3652.82,0.0,0.0,0.7066,1.05473,0.0,Cu,Yes,Cu,clean,Y,Y,Y,,N,,,,,,,,,,,,,,,,,,,,,,UXUPIN_clean,277.7
UXUZAP_clean,4.84101,3.60752,4.82729,1.24118,1063.95,857.212,0.0,0.0,0.542,0.436681,0.0,Zn,No, ,clean,Y,Y,Y,,N,,,,,,,,,,,,,,,,,,,,,,UXUZAP_clean,197.0
UYAQAN_clean,7.19018,5.3716,7.19018,1.13147,742.019,655.8,0.0,0.0,0.4556,0.402661,0.0,Mg,No, ,clean,Y,Y,Y,,N,,,,,,,,,,,,,,,,,,,,,,UYAQAN_clean,289.1
UYOFIY_clean,4.54158,3.74063,4.4159,1.84541,1216.19,659.037,0.0,0.0,0.4962,0.268884,0.0,Tb,Yes,Tb,clean,Y,Y,Y,,N,,,,,,,,,,,,,,,,,,,,,,UYOFIY_clean,277.2
UZANOZ_clean,5.69712,4.77135,5.69535,1.53417,1383.93,902.072,0.0,0.0,0.5298,0.345334,0.0,Zn,Yes,Zn,clean,N,Y,Y,,N,,,,,,,,,,,,,,,,,,,,,,UZANOZ_clean,226.5
UZATAR_clean,4.70366,3.77441,4.70214,2.20784,876.761,397.113,0.0,0.0,0.4486,0.203185,0.0,Er,Yes,Er,clean,N,Y,Y,,N,,,,,,,,,,,,,,,,,,,,,,UZATAR_clean,177.5
UZEKEQ_clean,4.76828,3.67807,4.76182,1.66742,847.636,508.351,0.0,0.0,0.4118,0.246968,0.0,Cu,Yes,Cu,clean,N,Y,Y,,N,,,,,,,,,,,,,,,,,,,,,,UZEKEQ_clean,296.7
UZIJUJ_clean,6.64538,5.8584,6.63953,1.01975,1889.57,1852.97,0.0,0.0,0.5996,0.587987,0.0,Ce,No, ,clean,Y,Y,Y,,N,,,,,,,,,,,,,,,,,,,,,,UZIJUJ_clean,231.2
UZOBAN_clean,6.16935,4.44214,6.16935,0.864572,2160.34,2498.74,0.0,0.0,0.6496,0.751355,0.0,Cd,Yes,Cd,clean,N,Y,Y,,N,,,,,,,,,,,,,,,,,,,,,,UZOBAN_clean,251.6
UZOBER_clean,4.15957,3.7187,4.14785,1.30213,762.369,585.479,74.3878,57.1279,0.576,0.442353,0.0,Ag,No, ,clean,N,Y,Y,,N,,,,,,,,,,,,,,,,,,,,,,UZOBER_clean,181.8
UZUNAF01_clean,7.28303,6.53777,7.28303,1.26957,1027.84,809.6,0.0,0.0,0.5124,0.403601,0.0,Cu,No, ,clean,Y,Y,Y,,N,,,,,,,,,,,,,,,,,,,,,,UZUNAF01_clean,375.8
UZUNAF_clean,7.30425,6.5808,7.30425,1.26614,1045.59,825.812,0.0,0.0,0.4964,0.392058,0.0,Cu,No, ,clean,Y,Y,Y,,N,,,,,,,,,,,,,,,,,,,,,,UZUNAF_clean,358.2
UZUZUL_clean,4.89079,3.61553,4.62488,1.24739,1059.33,849.24,0.0,0.0,0.5482,0.439477,0.0,Zn,Yes,Zn,clean,N,Y,Y,,N,,,,,,,,,,,,,,,,,,,,,,UZUZUL_clean,145.6
VABJIS_clean,4.14214,4.05323,4.14214,1.37391,738.742,537.692,0.0,0.0,0.5042,0.366981,0.0,Ag,No, ,clean,N,Y,Y,,N,,,,,,,,,,,,,,,,,,,,,,VABJIS_clean,155.5
VACFOV_clean_h,7.04016,6.80377,7.04016,0.930569,2533.92,2722.98,0.0,0.0,0.6628,0.712252,0.0,In,No, ,clean_h,N,Y,Y,,N,,,,,,,,,,,,,,,,,,,,,,VACFOV_clean_h,168.9
VACFUB01_clean,8.53124,8.3704,8.53124,1.18192,1047.12,885.95,0.0,0.0,0.5384,0.455532,0.0,Zn,No, ,clean,Y,Y,Y,,N,,,,,,,,,,,,,,,,,,,,,,VACFUB01_clean,219.3
VACFUB_clean_h,8.50715,8.34107,8.50715,1.18054,1091.35,924.448,0.0,0.0,0.5186,0.439291,0.0,Zn,No, ,clean_h,N,Y,Y,,N,,,,,,,,,,,,,,,,,,,,,,VACFUB_clean_h,236.2
VACLIX_clean,25.84424,11.11801,22.64252,0.527457,1593.04,3020.23,0.0,0.0,0.8434,1.59899,0.000379178,"Zr,Ir",Yes,Zr,clean,N,Y,Y,,N,,,,,,,,,,,,,,,,,,,,,,VACLIX_clean,545.6
VADWON_clean,4.24405,3.53009,4.22084,1.10757,515.209,465.173,34.0376,30.7319,0.4648,0.419659,0.0,Co,No, ,clean,N,Y,Y,,N,,,,,,,,,,,,,,,,,,,,,,VADWON_clean,445.2
VAFWAB_clean,5.22912,3.96499,5.18849,1.68714,1215.2,720.275,0.0,0.0,0.594,0.352075,0.0,Zn,Yes,Zn,clean,N,Y,Y,,N,,,,,,,,,,,,,,,,,,,,,,VAFWAB_clean,167.0
VAGBEN_clean,6.05449,4.8127,6.05449,1.78797,959.833,536.829,0.0,0.0,0.4822,0.269692,0.0,"Cu,Gd",Yes,Gd,clean,N,Y,Y,,N,,,,,,,,,,,,,,,,,,,,,,VAGBEN_clean,354.1
VAGBOX_clean,5.4847,3.8221,5.12718,1.96889,508.317,258.175,0.0,0.0,0.435,0.220937,0.0,"Cu,Gd",Yes,"Cu,Gd",clean,N,Y,Y,,N,,,,,,,,,,,,,,,,,,,,,,VAGBOX_clean,415.4
VAGBUD_clean,10.23495,9.48231,10.23335,1.57268,1211.54,770.363,0.0,0.0,0.5868,0.37312,0.0,"Cu,Gd",Yes,"Cu,Gd",clean,N,Y,Y,,N,,,,,,,,,,,,,,,,,,,,,,VAGBUD_clean,179.7
VAGJET_clean,4.15802,3.46053,4.1496,2.48318,463.195,186.533,0.0,0.0,0.361,0.145378,0.0,Zn,Yes,Zn,clean,N,Y,Y,,N,,,,,,,,,,,,,,,,,,,,,,VAGJET_clean,323.0
VAGMAT_clean,14.92091,13.26042,14.92091,0.364732,1875.05,5140.9,0.0,0.0,0.86,2.3579,0.0,Zn,Yes,Zn,clean,Y,Y,Y,,N,,,,,,,,,,,,,,,,,,,,,,VAGMAT_clean,136.4
VAGMEX_clean,15.28058,14.48863,15.28058,0.352218,1827.73,5189.2,0.0,0.0,0.863,2.45019,0.0,Zn,Yes,Zn,clean,Y,Y,Y,,N,,,,,,,,,,,,,,,,,,,,,,VAGMEX_clean,141.2
VAGTAA01_clean,5.66319,4.40941,5.66319,0.999593,1775.32,1776.04,0.0,0.0,0.611,0.611249,0.0,Mg,Yes,Mg,clean,N,Y,Y,,N,,,,,,,,,,,,,,,,,,,,,,VAGTAA01_clean,179.4
VAGTAA_clean,5.69119,4.40372,5.677,0.872253,1821.29,2088.03,0.0,0.0,0.638,0.731439,0.0,Mg,Yes,Mg,clean,N,Y,Y,,N,,,,,,,,,,,,,,,,,,,,,,VAGTAA_clean,145.2
VAGTUU_clean,6.4105,3.89316,6.4105,1.19065,828.698,696.007,460.809,387.025,0.5728,0.481084,0.0,Zn,Yes,Zn,clean,N,Y,Y,,N,,,,,,,,,,,,,,,,,,,,,,VAGTUU_clean,238.6
VAHJEW_clean,5.94599,4.30466,5.94599,1.08689,1479.94,1361.63,0.0,0.0,0.5432,0.499775,0.0,Co,No, ,clean,N,Y,Y,,N,,,,,,,,,,,,,,,,,,,,,,VAHJEW_clean,253.5
VAHJIA_clean,4.59496,3.72145,4.53376,1.21451,948.028,780.582,0.0,0.0,0.4972,0.409382,0.0,Co,No, ,clean,N,Y,Y,,N,,,,,,,,,,,,,,,,,,,,,,VAHJIA_clean,233.3
VAHPUR_clean,5.81668,4.4159,5.81214,1.29937,901.437,693.751,0.0,0.0,0.489,0.376337,0.0,"Dy,Cu",Yes,Cu,clean,Y,Y,Y,,N,,,,,,,,,,,,,,,,,,,,,,VAHPUR_clean,319.7
VAHQAY_clean,5.75711,4.40654,5.75688,1.31802,917.051,695.781,0.0,0.0,0.4754,0.360693,0.0,"Cu,Er",Yes,Cu,clean,Y,Y,Y,,N,,,,,,,,,,,,,,,,,,,,,,VAHQAY_clean,323.3
VAHSON_clean,5.15227,4.26145,5.12644,2.34175,976.447,416.973,0.0,0.0,0.4326,0.184733,0.0,Ga,No, ,clean,N,Y,Y,,N,,,,,,,,,,,,,,,,,,,,,,VAHSON_clean,161.1
VAHTOQ_clean,6.66297,4.23051,6.65497,1.06844,1185.87,1109.9,0.0,0.0,0.5198,0.486502,0.0,Sr,Yes,Sr,clean,N,Y,Y,,N,,,,,,,,,,,,,,,,,,,,,,VAHTOQ_clean,381.3
VAHTUW_clean,9.85702,7.76622,8.65886,1.09206,1071.39,981.073,0.0,0.0,0.5342,0.489167,0.0,Tb,Yes,Tb,clean,N,Y,Y,,N,,,,,,,,,,,,,,,,,,,,,,VAHTUW_clean,2540.4
VAHVOR_clean,6.3986,4.82003,6.3986,1.14511,2295.95,2005.01,0.0,0.0,0.6334,0.553137,0.0,Dy,Yes,Dy,clean,Y,Y,Y,,N,,,,,,,,,,,,,,,,,,,,,,VAHVOR_clean,158.6
VALVAI_clean,6.23826,4.86854,6.23826,1.64521,1240.0,753.701,0.0,0.0,0.5196,0.315826,0.0,Yb,Yes,Yb,clean,N,Y,Y,,N,,,,,,,,,,,,,,,,,,,,,,VALVAI_clean,231.9
VALVIQ_clean,5.21348,4.28071,5.21348,1.82071,1261.82,693.039,0.0,0.0,0.5078,0.278902,0.0,"Gd,Co",Yes,Gd,clean,N,Y,Y,,N,,,,,,,,,,,,,,,,,,,,,,VALVIQ_clean,226.9
VALWUD_clean,10.17237,6.1037,8.0425,0.867774,1499.07,1727.49,576.042,663.816,0.6792,0.782692,0.0,Co,Yes,Co,clean,N,Y,Y,,N,,,,,,,,,,,,,,,,,,,,,,VALWUD_clean,327.9
VALXAK_clean,9.98876,6.23965,8.39165,0.742505,1487.88,2003.86,574.813,774.154,0.69,0.929286,0.0,Mg,Yes,Mg,clean,N,Y,Y,,N,,,,,,,,,,,,,,,,,,,,,,VALXAK_clean,336.7
VALXEO_clean,9.6783,6.73158,8.21464,0.83384,1503.01,1802.51,543.478,651.776,0.6804,0.815983,0.0,Mn,Yes,Mn,clean,N,Y,Y,,N,,,,,,,,,,,,,,,,,,,,,,VALXEO_clean,337.0
VALXIS_clean,10.17011,5.92824,8.44426,0.888503,1485.32,1671.71,572.74,644.613,0.6916,0.778388,0.0,Ni,Yes,Ni,clean,N,Y,Y,,N,,,,,,,,,,,,,,,,,,,,,,VALXIS_clean,333.4
VALXOY_clean,10.47061,5.58858,8.23634,0.777087,1484.63,1910.51,601.467,774.002,0.6808,0.876093,0.0,Mg,Yes,Mg,clean,N,Y,Y,,N,,,,,,,,,,,,,,,,,,,,,,VALXOY_clean,335.8
VAMPUX_clean,11.37157,10.81985,11.3699,1.17979,1541.06,1306.22,0.0,0.0,0.6462,0.547726,0.0,Co,Yes,Co,clean,N,Y,Y,,N,,,,,,,,,,,,,,,,,,,,,,VAMPUX_clean,285.9
VAMQAE_clean,7.70786,5.78406,7.70755,1.38137,1401.32,1014.44,0.0,0.0,0.5594,0.404959,0.0,Co,No, ,clean,N,Y,Y,,N,,,,,,,,,,,,,,,,,,,,,,VAMQAE_clean,351.7
VAMQIM_clean,11.48256,10.83475,11.48089,1.17217,1544.63,1317.75,0.0,0.0,0.6478,0.55265,0.0,Co,Yes,Co,clean,N,Y,Y,,N,,,,,,,,,,,,,,,,,,,,,,VAMQIM_clean,283.0
VAMQOS_clean,11.49062,10.84702,11.48896,1.17541,1553.24,1321.44,0.0,0.0,0.6476,0.550957,0.0,Co,Yes,Co,clean,N,Y,Y,,N,,,,,,,,,,,,,,,,,,,,,,VAMQOS_clean,286.2
VANHEA_clean,8.56369,6.00066,8.56369,0.853114,2214.19,2595.42,0.0,0.0,0.6496,0.761445,0.0,Zn,Yes,Zn,clean,N,Y,Y,,N,,,,,,,,,,,,,,,,,,,,,,VANHEA_clean,243.6
VANNEG_clean,11.28278,7.20114,10.99968,0.910221,2188.91,2404.81,0.0,0.0,0.7194,0.790358,0.0,U,Yes,U,clean,N,Y,Y,,N,,,,,,,,,,,,,,,,,,,,,,VANNEG_clean,521.6
VANNIK_clean,12.11733,10.70076,12.11733,0.488133,1807.7,3703.29,0.0,0.0,0.8496,1.74051,0.0,U,Yes,U,clean,N,Y,Y,,N,,,,,,,,,,,,,,,,,,,,,,VANNIK_clean,190.7
VAPBEV_clean,6.2413,3.63671,6.2413,1.10537,871.132,788.092,165.749,149.949,0.5168,0.467536,0.0,Eu,No, ,clean,N,Y,Y,,N,,,,,,,,,,,,,,,,,,,,,,VAPBEV_clean,429.0
VAPBIZ_clean,6.25794,3.6162,5.25123,1.10539,876.554,792.979,162.666,147.157,0.5196,0.470059,0.0,Eu,No, ,clean,N,Y,Y,,N,,,,,,,,,,,,,,,,,,,,,,VAPBIZ_clean,466.9
VAPFUP_clean,5.15651,3.56832,5.15424,2.0755,483.988,233.191,0.0,0.0,0.4372,0.210648,0.0,"Sr,Pt",Yes,"Sr,Pt",clean,Y,Y,Y,,N,,,,,,,,,,,,,,,,,,,,,,VAPFUP_clean,203.1
VAPHOM_clean,4.23153,3.44235,4.23153,1.69156,935.756,553.19,0.0,0.0,0.5808,0.343351,0.0,Zn,No, ,clean,N,Y,Y,,N,,,,,,,,,,,,,,,,,,,,,,VAPHOM_clean,145.4
VAQTUF_clean,10.13522,6.68232,9.92269,0.858555,1863.51,2170.52,0.0,0.0,0.6104,0.710962,0.0,Al,No, ,clean,N,Y,Y,,N,,,,,,,,,,,,,,,,,,,,,,VAQTUF_clean,226.6
VARHIH_clean,6.67359,4.11194,6.66829,0.964951,2096.06,2172.19,0.0,0.0,0.6192,0.641691,0.0,Cd,No, ,clean,N,Y,Y,,N,,,,,,,,,,,,,,,,,,,,,,VARHIH_clean,298.8
VARJEF_clean,7.50874,4.26843,7.47113,0.807576,2145.36,2656.54,0.0,0.0,0.6264,0.775655,0.0,Fe,No, ,clean,Y,Y,Y,,N,,,,,,,,,,,,,,,,,,,,,,VARJEF_clean,230.3
VARWOC_clean,8.41083,6.51113,8.31612,1.24989,2285.05,1828.2,0.0,0.0,0.6966,0.55733,0.0,Eu,Yes,Eu,clean,N,Y,Y,,N,,,,,,,,,,,,,,,,,,,,,,VARWOC_clean,215.9
VARWUI_clean,8.3742,6.48381,8.29614,1.28778,2247.33,1745.13,0.0,0.0,0.6946,0.53938,0.0,Gd,Yes,Gd,clean,N,Y,Y,,N,,,,,,,,,,,,,,,,,,,,,,VARWUI_clean,208.0
VASFAZ_clean,5.87532,4.55866,5.87532,1.54574,1464.11,947.192,0.0,0.0,0.5206,0.336796,0.0,Ce,Yes,Ce,clean,N,Y,Y,,N,,,,,,,,,,,,,,,,,,,,,,VASFAZ_clean,172.7
VASFED_clean,5.86586,4.56127,5.86586,1.56054,1486.93,952.828,0.0,0.0,0.5192,0.332705,0.0,Pr,No, ,clean,N,Y,Y,,N,,,,,,,,,,,,,,,,,,,,,,VASFED_clean,184.6
VASFIH_clean,5.55628,5.01575,5.54452,1.55799,1392.72,893.922,0.0,0.0,0.5596,0.359181,0.0,Er,No, ,clean,N,Y,Y,,N,,,,,,,,,,,,,,,,,,,,,,VASFIH_clean,180.6
VASFON_clean,5.84482,4.53722,5.84482,1.58678,1481.54,933.678,0.0,0.0,0.517,0.325818,0.0,Nd,No, ,clean,N,Y,Y,,N,,,,,,,,,,,,,,,,,,,,,,VASFON_clean,181.6
VASFUT_clean,5.82317,4.52383,5.82317,1.64203,1481.82,902.431,0.0,0.0,0.511,0.311201,0.0,Eu,No, ,clean,N,Y,Y,,N,,,,,,,,,,,,,,,,,,,,,,VASFUT_clean,179.2
VASGUU_clean,6.24288,4.56068,6.2408,1.07396,2025.67,1886.18,0.0,0.0,0.6304,0.586989,0.0,In,Yes,In,clean,N,Y,Y,,N,,,,,,,,,,,,,,,,,,,,,,VASGUU_clean,283.3
VASKOR_clean,4.41725,4.15949,4.41175,1.15817,1130.8,976.371,0.0,0.0,0.53,0.45762,0.0,Sc,No, ,clean,Y,Y,Y,,N,,,,,,,,,,,,,,,,,,,,,,VASKOR_clean,170.5
VATVIY_clean,6.85041,4.79302,6.73681,1.28666,1128.63,877.177,0.0,0.0,0.517,0.401816,0.0,Cd,Yes,Cd,clean,N,Y,Y,,N,,,,,,,,,,,,,,,,,,,,,,VATVIY_clean,391.2
VATVOE_clean,6.86024,4.81417,6.53187,1.27918,1131.8,884.793,0.0,0.0,0.5156,0.403072,0.0,Cd,Yes,Cd,clean,N,Y,Y,,N,,,,,,,,,,,,,,,,,,,,,,VATVOE_clean,386.2
VATVUK_clean,4.75369,3.54535,4.74028,1.35574,615.159,453.744,0.0,0.0,0.4098,0.30227,0.0,Mn,No, ,clean,N,Y,Y,,N,,,,,,,,,,,,,,,,,,,,,,VATVUK_clean,267.2
VATXEU_clean,7.38612,5.95802,7.38612,2.25172,1314.88,583.946,0.0,0.0,0.537,0.238485,0.0,U,No, ,clean,Y,Y,Y,,N,,,,,,,,,,,,,,,,,,,,,,VATXEU_clean,242.4
VATYAR_clean,5.8425,4.85588,5.8425,1.4789,2001.31,1353.25,0.0,0.0,0.6196,0.418961,0.0,Nd,Yes,Nd,clean,Y,Y,Y,,N,,,,,,,,,,,,,,,,,,,,,,VATYAR_clean,127.1
VATYEV_clean,5.69723,4.67285,5.69723,1.60096,1965.06,1227.43,0.0,0.0,0.61,0.381022,0.0,Gd,Yes,Gd,clean,Y,Y,Y,,N,,,,,,,,,,,,,,,,,,,,,,VATYEV_clean,154.5
VATYIZ_clean,5.77973,4.6993,5.77973,1.51124,2028.88,1342.53,0.0,0.0,0.6162,0.407745,0.0,Nd,Yes,Nd,clean,N,Y,Y,,N,,,,,,,,,,,,,,,,,,,,,,VATYIZ_clean,156.5
VATYOF_clean,5.86599,4.67382,5.86599,1.53817,2040.49,1326.58,0.0,0.0,0.622,0.404378,0.0,Gd,Yes,Gd,clean,N,Y,Y,,N,,,,,,,,,,,,,,,,,,,,,,VATYOF_clean,152.7
VAXMUF_clean,6.97885,4.73882,6.97885,0.91747,1247.84,1360.09,0.0,0.0,0.5948,0.648304,0.0,Cu,Yes,Cu,clean,N,Y,Y,,N,,,,,,,,,,,,,,,,,,,,,,VAXMUF_clean,315.2
VAXTEV_clean,6.86582,3.53622,6.72322,1.11335,919.514,825.896,6.20036,5.56908,0.527,0.473345,0.0,Cd,Yes,Cd,clean,N,Y,Y,,N,,,,,,,,,,,,,,,,,,,,,,VAXTEV_clean,382.4
VAZROF_clean,5.03461,4.5915,5.03461,1.23766,828.566,669.464,0.0,0.0,0.453,0.366014,0.0,Fe,No, ,clean,Y,Y,Y,,N,,,,,,,,,,,,,,,,,,,,,,VAZROF_clean,328.9
VAZTOG_clean,15.08014,7.93969,15.07583,0.589901,2233.7,3786.57,0.0,0.0,0.8002,1.3565,0.0,Zn,No, ,clean,Y,Y,Y,,N,,,,,,,,,,,,,,,,,,,,,,VAZTOG_clean,101.1
VAZTUM_clean,15.07409,7.93508,15.07409,0.591689,2246.58,3796.89,0.0,0.0,0.8116,1.37167,0.0,Zn,No, ,clean,N,Y,Y,,N,,,,,,,,,,,,,,,,,,,,,,VAZTUM_clean,351.0
VEBHUG_SL,17.30249,9.82354,17.30249,0.511068,1917.15,3751.27,0.0,0.0,0.8468,1.65692,0.0,Zn,No, ,SL,Y,Y,Y,,N,,,,,,,,,,,,,,,,,,,,,,VEBHUG_SL,99.2
VECWUX_clean,5.40728,3.62986,4.72861,1.2151,591.936,487.152,249.544,205.37,0.5232,0.430584,0.0,Ni,Yes,Ni,clean,Y,Y,Y,,N,,,,,,,,,,,,,,,,,,,,,,VECWUX_clean,207.8
VECZAG_clean,9.10711,7.36025,9.10711,1.61302,1710.75,1060.59,0.0,0.0,0.6522,0.404334,0.0,Ag,Yes,Ag,clean,N,Y,Y,,N,,,,,,,,,,,,,,,,,,,,,,VECZAG_clean,158.0
VECZEI_clean,5.84999,3.52276,5.84999,0.90542,1514.07,1672.22,0.0,0.0,0.6422,0.709284,0.0,Ca,No, ,clean,N,Y,Y,,N,,,,,,,,,,,,,,,,,,,,,,VECZEI_clean,73.7
VECZEK_clean,9.28653,7.43469,9.28653,1.34679,1798.64,1335.5,0.0,0.0,0.6836,0.507577,0.0,Ag,Yes,Ag,clean,N,Y,Y,,N,,,,,,,,,,,,,,,,,,,,,,VECZEK_clean,109.1
VEDFAN_clean,6.01158,4.07874,6.00756,1.03866,1741.67,1676.84,0.0,0.0,0.5802,0.558605,0.0,Co,No, ,clean,Y,Y,Y,,N,,,,,,,,,,,,,,,,,,,,,,VEDFAN_clean,304.8
VEDFIV_clean,5.7298,3.89416,5.70244,1.06894,1581.69,1479.68,0.0,0.0,0.5684,0.531742,0.0,Co,No, ,clean,Y,Y,Y,,N,,,,,,,,,,,,,,,,,,,,,,VEDFIV_clean,331.9
VEDFOB_clean,5.93857,4.06358,5.90891,1.05075,1647.57,1567.99,0.0,0.0,0.5592,0.532191,0.0,Co,No, ,clean,Y,Y,Y,,N,,,,,,,,,,,,,,,,,,,,,,VEDFOB_clean,328.3
VEDFUH_clean,5.95596,4.00314,5.95596,1.05093,1663.77,1583.13,0.0,0.0,0.5708,0.543136,0.0,Co,No, ,clean,N,Y,Y,,N,,,,,,,,,,,,,,,,,,,,,,VEDFUH_clean,319.6
VEDGAO_clean,5.63762,3.83278,5.54473,1.07445,1555.4,1447.63,0.0,0.0,0.5576,0.518962,0.0,Co,No, ,clean,Y,Y,Y,,N,,,,,,,,,,,,,,,,,,,,,,VEDGAO_clean,333.1
VEDGES_clean,5.91912,4.12997,5.83809,1.04225,1662.62,1595.23,0.0,0.0,0.5592,0.536534,0.0,Co,No, ,clean,Y,Y,Y,,N,,,,,,,,,,,,,,,,,,,,,,VEDGES_clean,335.6
VEDGIW_clean,5.91757,4.12403,5.88473,1.04313,1656.13,1587.65,0.0,0.0,0.5804,0.556402,0.0,Co,No, ,clean,Y,Y,Y,,N,,,,,,,,,,,,,,,,,,,,,,VEDGIW_clean,350.0
VEGBUG_clean,26.2956,9.06734,26.2956,0.576598,1786.71,3098.71,0.0,0.0,0.8298,1.43913,0.000346862,Zr,Yes,Zr,clean,Y,Y,Y,,N,,,,,,,,,,,,,,,,,,,,,,VEGBUG_clean,158.2
VEGCAN_clean,26.23164,8.97115,26.23164,0.749461,1794.02,2393.75,0.0,0.0,0.8278,1.10453,0.000266859,Hf,Yes,Hf,clean,Y,Y,Y,,N,,,,,,,,,,,,,,,,,,,,,,VEGCAN_clean,158.3
VEHJID01_clean,8.78437,6.6937,8.25223,0.765372,2471.66,3229.36,0.0,0.0,0.7812,1.02068,0.0,Zn,Yes,Zn,clean,N,Y,Y,,N,,,,,,,,,,,,,,,,,,,,,,VEHJID01_clean,98.2
VEHJOJ_clean,14.09924,6.85678,11.19448,0.748313,2267.56,3030.24,0.0,0.0,0.7708,1.03005,0.0,Zn,Yes,Zn,clean,Y,Y,Y,,N,,,,,,,,,,,,,,,,,,,,,,VEHJOJ_clean,201.1
VEHJUP_clean,14.28068,6.83408,11.22906,0.743695,2268.42,3050.2,0.0,0.0,0.7746,1.04156,0.0,Zn,Yes,Zn,clean,Y,Y,Y,,N,,,,,,,,,,,,,,,,,,,,,,VEHJUP_clean,201.1
VEHKIE_SL,13.77124,4.50888,13.77124,0.959384,2184.49,2276.97,0.0,0.0,0.6924,0.721713,0.0,Zn,Yes,Zn,SL,Y,Y,Y,,N,,,,,,,,,,,,,,,,,,,,,,VEHKIE_SL,196.6
VEHLAW_clean,4.71553,3.44976,4.62826,1.6429,1000.4,608.925,0.0,0.0,0.6102,0.371417,0.0,Zn,No, ,clean,N,Y,Y,,N,,,,,,,,,,,,,,,,,,,,,,VEHLAW_clean,149.3
VEHLIE_clean,5.23023,3.70327,5.22427,1.49837,1455.04,971.08,0.0,0.0,0.63,0.420457,0.0,Zn,No, ,clean,N,Y,Y,,N,,,,,,,,,,,,,,,,,,,,,,VEHLIE_clean,130.2
VEHPUU_clean,6.28215,5.72913,6.26507,1.2974,1101.09,848.689,0.0,0.0,0.5058,0.389856,0.0,Cu,Yes,Cu,clean,Y,Y,Y,,N,,,,,,,,,,,,,,,,,,,,,,VEHPUU_clean,192.9
VEHRIL_clean,8.79809,4.02227,8.77595,1.10229,2192.07,1988.65,0.0,0.0,0.6908,0.626694,0.0,Sm,Yes,Sm,clean,Y,Y,Y,,N,,,,,,,,,,,,,,,,,,,,,,VEHRIL_clean,131.5
VEHXEN_clean,9.30754,7.04491,9.30754,1.35949,2124.85,1562.97,0.0,0.0,0.7316,0.538142,0.0,"Sb,Pr",Yes,Sb,clean,Y,Y,Y,,N,,,,,,,,,,,,,,,,,,,,,,VEHXEN_clean,273.9
VEHYUE_clean,6.12673,3.44814,6.105,1.87284,355.438,189.786,95.0653,50.7601,0.4804,0.256509,0.0,"Mo,Rb",Yes,Rb,clean,N,Y,Y,,N,,,,,,,,,,,,,,,,,,,,,,VEHYUE_clean,238.2
VEJHEZ_clean,15.05768,6.22214,9.48846,0.685711,2179.67,3178.7,0.0,0.0,0.7706,1.1238,0.0,Zn,Yes,Zn,clean,Y,Y,Y,,N,,,,,,,,,,,,,,,,,,,,,,VEJHEZ_clean,585.2
VEJHID_clean,17.65342,7.8833,11.58918,0.646039,2104.35,3257.31,0.0,0.0,0.7972,1.23398,0.0,Cd,Yes,Cd,clean,N,Y,Y,,N,,,,,,,,,,,,,,,,,,,,,,VEJHID_clean,229.6
VEJYIT01_clean,6.55973,5.0687,6.54696,0.921332,2008.21,2179.68,0.0,0.0,0.6708,0.728076,0.0,Zn,No, ,clean,Y,Y,Y,,N,,,,,,,,,,,,,,,,,,,,,,VEJYIT01_clean,265.5
VEJYIT_clean,6.4229,5.28654,6.4229,0.928973,1988.07,2140.07,0.0,0.0,0.6702,0.721442,0.0,Zn,No, ,clean,Y,Y,Y,,N,,,,,,,,,,,,,,,,,,,,,,VEJYIT_clean,290.5
VEJYOZ_clean,8.47376,5.69683,8.47376,0.880009,2096.08,2381.88,0.0,0.0,0.6858,0.779311,0.0,Zn,No, ,clean,N,Y,Y,,N,,,,,,,,,,,,,,,,,,,,,,VEJYOZ_clean,170.5
VELVEO_clean,3.68255,3.48411,3.67149,1.93689,201.323,103.941,0.0,0.0,0.4778,0.246685,0.0,In,No, ,clean,N,Y,Y,,N,,,,,,,,,,,,,,,,,,,,,,VELVEO_clean,155.8
VEMDAT_clean,5.87539,4.41454,5.87539,1.26001,982.755,779.959,0.0,0.0,0.5246,0.416346,0.0,Zn,Yes,Zn,clean,N,Y,Y,,N,,,,,,,,,,,,,,,,,,,,,,VEMDAT_clean,263.5
VEMMAC_clean,7.0981,6.10195,7.04022,0.882251,2276.97,2580.86,0.0,0.0,0.6758,0.765995,0.0,Zn,Yes,Zn,clean,Y,Y,Y,,N,,,,,,,,,,,,,,,,,,,,,,VEMMAC_clean,172.2
VEMMEG_clean,7.14137,6.23055,7.14137,0.816125,2268.41,2779.48,0.0,0.0,0.6764,0.828795,0.0,Mn,Yes,Mn,clean,Y,Y,Y,,N,,,,,,,,,,,,,,,,,,,,,,VEMMEG_clean,173.7
VEMMIK_clean,14.01468,13.16757,14.01422,0.723032,1733.84,2398.01,0.0,0.0,0.741,1.02485,0.0,Mn,Yes,Mn,clean,Y,Y,Y,,N,,,,,,,,,,,,,,,,,,,,,,VEMMIK_clean,115.4
VEMMOQ_clean,8.8382,8.57859,8.83401,0.859762,1844.22,2145.04,0.0,0.0,0.7008,0.815109,0.0,Cu,Yes,Cu,clean,N,Y,Y,,N,,,,,,,,,,,,,,,,,,,,,,VEMMOQ_clean,147.6
VEMSUC01_clean,5.11588,3.68593,5.09821,1.26749,1347.57,1063.18,0.0,0.0,0.5488,0.432983,0.0,Ni,No, ,clean,N,Y,Y,,N,,,,,,,,,,,,,,,,,,,,,,VEMSUC01_clean,145.6
VEMSUC_clean,5.13248,3.64573,5.11696,1.27033,1309.23,1030.62,0.0,0.0,0.551,0.433745,0.0,Ni,No, ,clean,N,Y,Y,,N,,,,,,,,,,,,,,,,,,,,,,VEMSUC_clean,199.5
VEQBID_clean,6.52238,4.921,6.52175,1.46143,1501.88,1027.68,0.0,0.0,0.5412,0.370323,0.0,Ni,No, ,clean,Y,Y,Y,,N,,,,,,,,,,,,,,,,,,,,,,VEQBID_clean,251.2
VERPOZ_clean,5.42382,3.86113,5.42382,1.28962,856.154,663.88,0.0,0.0,0.4412,0.342116,0.0,Mn,No, ,clean,N,Y,Y,,N,,,,,,,,,,,,,,,,,,,,,,VERPOZ_clean,999.8
VETMIS_clean,17.23979,11.94779,17.22882,0.311959,1757.5,5633.74,0.0,0.0,0.8662,2.77664,0.0,Cu,Yes,Cu,clean,Y,Y,Y,,N,,,,,,,,,,,,,,,,,,,,,,VETMIS_clean,248.7
VETTOE_clean,6.62806,4.69762,5.65255,0.902784,2439.76,2702.49,0.0,0.0,0.6684,0.740376,0.0,Pr,Yes,Pr,clean,Y,Y,Y,,N,,,,,,,,,,,,,,,,,,,,,,VETTOE_clean,165.6
VEWKUF_clean,11.97194,10.54967,11.9427,0.470726,2101.15,4463.64,0.0,0.0,0.7866,1.67104,0.0,Zn,No, ,clean,Y,Y,Y,,N,,,,,,,,,,,,,,,,,,,,,,VEWKUF_clean,191.4
VEWLAM_clean,10.25798,6.23412,9.8049,0.70339,1968.06,2797.96,0.0,0.0,0.6656,0.946275,0.0,Co,Yes,Co,clean,Y,Y,Y,,N,,,,,,,,,,,,,,,,,,,,,,VEWLAM_clean,244.7
VEWXAY_clean,5.90319,4.58543,5.60032,0.850194,2471.89,2907.44,0.0,0.0,0.6584,0.774411,0.0,Cd,Yes,Cd,clean,Y,Y,Y,,N,,,,,,,,,,,,,,,,,,,,,,VEWXAY_clean,385.0
VEXTUO_manual,8.87752,5.53782,8.86061,0.793323,2105.74,2654.33,0.0,0.0,0.6702,0.844801,0.0,Ni,No, ,manual,Y,Y,Y,,N,,,,,,,,,,,,,,,,,,,,,,VEXTUO_manual,199.3
VEXVAW_clean,9.7712,5.86323,9.7712,0.773292,2071.81,2679.21,0.0,0.0,0.6628,0.857115,0.0,Fe,No, ,clean,Y,Y,Y,,N,,,,,,,,,,,,,,,,,,,,,,VEXVAW_clean,192.8
VEYVEC_clean,3.81592,3.45137,3.81592,1.45798,155.953,106.965,20.8457,14.2976,0.425,0.291499,0.0,Co,Yes,Co,clean,Y,Y,Y,,N,,,,,,,,,,,,,,,,,,,,,,VEYVEC_clean,229.7
VICDOC_clean,4.65057,4.08181,4.52458,1.14596,958.267,836.212,0.0,0.0,0.5148,0.44923,0.0,Fe,No, ,clean,Y,Y,Y,,N,,,,,,,,,,,,,,,,,,,,,,VICDOC_clean,332.4
VICLAW_clean,7.38415,6.2427,7.38415,1.11891,1046.87,935.619,0.0,0.0,0.5352,0.478323,0.0,"Cd,Ni",Yes,"Cd,Ni",clean,Y,Y,Y,,N,,,,,,,,,,,,,,,,,,,,,,VICLAW_clean,650.3
VICSIL_clean,5.30875,4.09789,5.30496,1.03603,1478.6,1427.18,0.0,0.0,0.565,0.545353,0.0,Cu,No, ,clean,N,Y,Y,,N,,,,,,,,,,,,,,,,,,,,,,VICSIL_clean,225.4
VIDXOX_clean,6.16109,5.04479,6.14883,1.68509,1433.05,850.43,0.0,0.0,0.5712,0.338974,0.0,Er,Yes,Er,clean,Y,Y,Y,,N,,,,,,,,,,,,,,,,,,,,,,VIDXOX_clean,174.5
VIFBOD_clean,5.74056,4.35551,5.71651,1.76429,1367.25,774.956,0.0,0.0,0.5562,0.315255,0.0,Tm,Yes,Tm,clean,Y,Y,Y,,N,,,,,,,,,,,,,,,,,,,,,,VIFBOD_clean,174.4
VILXOE_clean,5.3607,4.59016,5.36062,1.2053,1282.83,1064.32,0.0,0.0,0.529,0.438894,0.0,Mn,Yes,Mn,clean,N,Y,Y,,N,,,,,,,,,,,,,,,,,,,,,,VILXOE_clean,149.8
VIMRAM_clean,9.39066,7.30655,9.39066,1.12702,1893.97,1680.51,0.0,0.0,0.6384,0.56645,0.0,Cu,Yes,Cu,clean,N,Y,Y,,N,,,,,,,,,,,,,,,,,,,,,,VIMRAM_clean,277.4
VINHOR_clean,9.98256,7.27933,9.98256,0.808976,2165.4,2676.71,0.0,0.0,0.7268,0.898419,0.0,"Cr,Mn",Yes,Mn,clean,N,Y,Y,,N,,,,,,,,,,,,,,,,,,,,,,VINHOR_clean,232.6
VIPYOK_clean,4.56016,3.89151,4.55758,1.54463,762.225,493.466,0.0,0.0,0.455,0.294568,0.0,Mn,Yes,Mn,clean,N,Y,Y,,N,,,,,,,,,,,,,,,,,,,,,,VIPYOK_clean,235.4
VIQFIL_clean,7.52933,6.88879,7.52933,2.72981,1439.26,527.24,0.0,0.0,0.5772,0.211443,0.0,"Np,Cs",Yes,Np,clean,N,Y,Y,,N,,,,,,,,,,,,,,,,,,,,,,VIQFIL_clean,124.3
VIQQUJ_clean,4.62845,3.89522,4.6169,1.17508,1256.18,1069.02,0.0,0.0,0.532,0.452736,0.0,Ni,Yes,Ni,clean,N,Y,Y,,N,,,,,,,,,,,,,,,,,,,,,,VIQQUJ_clean,212.1
VIRKIQ_clean,4.98641,4.39323,4.97616,1.53429,1079.28,703.439,0.0,0.0,0.512,0.333704,0.0,Mn,Yes,Mn,clean,N,Y,Y,,N,,,,,,,,,,,,,,,,,,,,,,VIRKIQ_clean,154.3
VIRPOC_clean,7.89373,4.43058,7.89373,1.31415,1678.47,1277.23,0.0,0.0,0.6094,0.463722,0.0,Ni,Yes,Ni,clean,Y,Y,Y,,N,,,,,,,,,,,,,,,,,,,,,,VIRPOC_clean,193.7
VIRQES_clean,3.96779,3.62056,3.96779,1.9401,482.244,248.567,0.0,0.0,0.419,0.215969,0.0,Mn,Yes,Mn,clean,N,Y,Y,,N,,,,,,,,,,,,,,,,,,,,,,VIRQES_clean,198.9
VIRVEY_clean,7.24501,5.7858,6.68018,1.08742,2630.21,2418.77,0.0,0.0,0.715,0.65752,0.0,"Zn,Pt",Yes,"Zn,Pt",clean,Y,Y,Y,,N,,,,,,,,,,,,,,,,,,,,,,VIRVEY_clean,146.4
VIRXIF_clean,6.07104,5.56303,6.07104,1.4189,1653.8,1165.55,0.0,0.0,0.5644,0.397774,0.0,Zn,No, ,clean,N,Y,Y,,N,,,,,,,,,,,,,,,,,,,,,,VIRXIF_clean,167.8
VITYOO_clean,8.76574,6.10267,8.74057,1.07917,1888.77,1750.21,0.0,0.0,0.6338,0.587305,0.0,Nd,Yes,Nd,clean,N,Y,Y,,N,,,,,,,,,,,,,,,,,,,,,,VITYOO_clean,304.0
VITYUU_clean,6.93618,5.76476,6.92128,1.4786,1370.63,926.978,0.0,0.0,0.519,0.351007,0.0,Eu,Yes,Eu,clean,N,Y,Y,,N,,,,,,,,,,,,,,,,,,,,,,VITYUU_clean,230.1
VITZAB_clean,6.94119,5.72919,6.85845,1.49624,1369.03,914.98,0.0,0.0,0.526,0.351548,0.0,Tb,Yes,Tb,clean,N,Y,Y,,N,,,,,,,,,,,,,,,,,,,,,,VITZAB_clean,223.1
VITZEF_clean,6.97691,5.80939,6.97691,1.4748,1347.25,913.518,0.0,0.0,0.5226,0.354354,0.0,Sm,Yes,Sm,clean,N,Y,Y,,N,,,,,,,,,,,,,,,,,,,,,,VITZEF_clean,231.6
VITZIJ_clean,6.87611,5.69177,6.87611,1.52398,1353.45,888.103,0.0,0.0,0.5184,0.340161,0.0,Dy,Yes,Dy,clean,N,Y,Y,,N,,,,,,,,,,,,,,,,,,,,,,VITZIJ_clean,235.1
VIVXOP_clean,6.49065,4.97595,6.49065,1.07139,1218.54,1137.35,2.44835,2.28522,0.5566,0.519514,0.0,Zn,Yes,Zn,clean,Y,Y,Y,,N,,,,,,,,,,,,,,,,,,,,,,VIVXOP_clean,307.4
VIWHUG_clean,4.81929,3.4802,4.68813,1.37889,639.979,464.125,0.0,0.0,0.4514,0.327364,0.0,Zn,Yes,Zn,clean,N,Y,Y,,N,,,,,,,,,,,,,,,,,,,,,,VIWHUG_clean,342.6
VIWKIX_clean,6.70111,4.65532,6.60342,1.36906,1688.36,1233.22,0.0,0.0,0.5926,0.432851,0.0,"Cu,La",Yes,"Cu,La",clean,Y,Y,Y,,N,,,,,,,,,,,,,,,,,,,,,,VIWKIX_clean,291.9
VIWKOD_clean,6.65159,4.57304,6.53476,1.38205,1680.39,1215.87,0.0,0.0,0.5904,0.427192,0.0,"Cu,Ce",Yes,"Cu,Ce",clean,Y,Y,Y,,N,,,,,,,,,,,,,,,,,,,,,,VIWKOD_clean,286.6
VIWLAQ_clean,6.55466,4.31565,6.43849,1.43716,1676.29,1166.39,0.0,0.0,0.5778,0.402043,0.0,"Cu,Nd",Yes,"Cu,Nd",clean,Y,Y,Y,,N,,,,,,,,,,,,,,,,,,,,,,VIWLAQ_clean,289.1
VIWLEU_clean,6.5503,4.41913,6.52435,1.44375,1672.31,1158.32,0.0,0.0,0.5838,0.404365,0.0,"Cu,Sm",Yes,"Cu,Sm",clean,Y,Y,Y,,N,,,,,,,,,,,,,,,,,,,,,,VIWLEU_clean,288.3
VIWLIY_clean,5.6026,3.42365,5.59275,1.55646,1236.19,794.232,0.0,0.0,0.54,0.346941,0.0,"Cu,La",Yes,"Cu,La",clean,N,Y,Y,,N,,,,,,,,,,,,,,,,,,,,,,VIWLIY_clean,280.2
VIWMAR_clean,5.55555,3.41902,5.54549,1.58885,1213.98,764.058,0.0,0.0,0.5354,0.336973,0.0,"Cu,Nd",Yes,"Cu,Nd",clean,N,Y,Y,,N,,,,,,,,,,,,,,,,,,,,,,VIWMAR_clean,281.6
VIWMEV_clean,5.54122,3.41506,5.5298,1.61736,1205.53,745.366,0.0,0.0,0.5346,0.330538,0.0,"Cu,Sm",Yes,"Cu,Sm",clean,N,Y,Y,,N,,,,,,,,,,,,,,,,,,,,,,VIWMEV_clean,284.0
VIWMIZ_clean,9.56168,4.85659,9.53534,0.901746,1718.7,1905.97,37.8251,41.9466,0.6334,0.702415,0.0,Cd,Yes,Cd,clean,N,Y,Y,,N,,,,,,,,,,,,,,,,,,,,,,VIWMIZ_clean,909.9
VIWMOF_clean,9.80611,5.23388,9.77319,0.869727,1722.79,1980.84,39.7443,45.6975,0.6458,0.742532,0.0,Cd,Yes,Cd,clean,N,Y,Y,,N,,,,,,,,,,,,,,,,,,,,,,VIWMOF_clean,902.3
VIWZOR_clean,6.64322,4.15157,6.64322,1.41271,1889.38,1337.41,0.0,0.0,0.6434,0.455437,0.0,Zn,No, ,clean,N,Y,Y,,N,,,,,,,,,,,,,,,,,,,,,,VIWZOR_clean,147.5
VIXCUB_clean,5.48718,4.89154,5.42033,1.09462,2414.99,2206.24,0.0,0.0,0.6474,0.59144,0.0,Cu,Yes,Cu,clean,Y,Y,Y,,N,,,,,,,,,,,,,,,,,,,,,,VIXCUB_clean,178.7
VIXGAM01_clean,5.20749,3.40288,5.20749,1.93235,393.451,203.613,0.0,0.0,0.4654,0.240847,0.0,Zr,Yes,Zr,clean,N,Y,Y,,N,,,,,,,,,,,,,,,,,,,,,,VIXGAM01_clean,170.1
VIXPUP01_clean,10.93877,6.90793,10.8516,0.690693,2354.05,3408.24,0.0,0.0,0.7722,1.11801,0.0,Cu,Yes,Cu,clean,Y,Y,Y,,N,,,,,,,,,,,,,,,,,,,,,,VIXPUP01_clean,295.8
VIXWEF_clean,12.63096,6.04016,12.48762,0.859273,2339.33,2722.46,0.0,0.0,0.7402,0.861426,0.0,Ni,Yes,Ni,clean,N,Y,Y,,N,,,,,,,,,,,,,,,,,,,,,,VIXWEF_clean,330.0
VIYMAT_clean,5.60515,5.02913,5.58159,1.46758,1606.87,1094.91,0.0,0.0,0.544,0.37068,0.0,Nd,No, ,clean,N,Y,Y,,N,,,,,,,,,,,,,,,,,,,,,,VIYMAT_clean,157.9
VIYSON_clean,5.10341,3.76231,5.02058,1.31458,1263.39,961.063,0.0,0.0,0.5412,0.411691,0.0,Zn,Yes,Zn,clean,N,Y,Y,,N,,,,,,,,,,,,,,,,,,,,,,VIYSON_clean,213.5
VIYTAA_clean,5.13433,3.87051,5.09927,1.31108,1290.46,984.278,0.0,0.0,0.541,0.412638,0.0,Zn,Yes,Zn,clean,N,Y,Y,,N,,,,,,,,,,,,,,,,,,,,,,VIYTAA_clean,213.2
VIYVIK_clean,5.08356,3.73927,5.05208,1.32275,1249.3,944.47,0.0,0.0,0.538,0.406727,0.0,Zn,Yes,Zn,clean,N,Y,Y,,N,,,,,,,,,,,,,,,,,,,,,,VIYVIK_clean,215.3
VIZSOO_clean,10.55409,4.56253,10.55409,0.761137,2666.36,3503.12,0.0,0.0,0.738,0.969602,0.0,Zn,No, ,clean,N,Y,Y,,N,,,,,,,,,,,,,,,,,,,,,,VIZSOO_clean,227.5
VIZSUU_clean,10.03238,7.42233,9.74376,0.749914,2221.9,2962.88,0.0,0.0,0.7282,0.971044,0.0,Zn,No, ,clean,N,Y,Y,,N,,,,,,,,,,,,,,,,,,,,,,VIZSUU_clean,944.3
VIZTIJ_clean,8.73473,6.34609,8.6886,1.3133,1742.87,1327.09,0.0,0.0,0.6462,0.492044,0.0,Zn,No, ,clean,N,Y,Y,,N,,,,,,,,,,,,,,,,,,,,,,VIZTIJ_clean,245.9
VOBGAW_clean,4.66285,3.61303,4.65217,1.94112,362.013,186.497,1.69535,0.873387,0.4252,0.219049,0.0,"Gd,Zn",Yes,Zn,clean,N,Y,Y,,N,,,,,,,,,,,,,,,,,,,,,,VOBGAW_clean,400.3
VOBGEA_clean,4.64455,3.59836,4.63854,1.95569,361.005,184.592,0.902313,0.461378,0.4234,0.216497,0.0,"Tb,Zn",Yes,Zn,clean,N,Y,Y,,N,,,,,,,,,,,,,,,,,,,,,,VOBGEA_clean,404.6
VOBKAA_clean,5.5254,4.43575,5.51234,1.26722,1839.76,1451.8,0.0,0.0,0.5992,0.472845,0.0,Cd,Yes,Cd,clean,N,Y,Y,,N,,,,,,,,,,,,,,,,,,,,,,VOBKAA_clean,235.3
VOBRUB_clean,4.37729,3.47803,4.37729,1.252,989.147,790.053,0.0,0.0,0.4922,0.393131,0.0,"Cu,Na",Yes,Cu,clean,N,Y,Y,,N,,,,,,,,,,,,,,,,,,,,,,VOBRUB_clean,220.2
VOCPEK_clean,4.62063,3.5641,4.61051,1.96241,341.977,174.264,0.360619,0.183763,0.4222,0.215144,0.0,"Zn,Eu",Yes,Zn,clean,Y,Y,Y,,N,,,,,,,,,,,,,,,,,,,,,,VOCPEK_clean,468.2
VOCQAF_clean,4.95925,3.73408,4.95925,1.25635,976.237,777.039,0.0,0.0,0.4616,0.367412,0.0,Co,No, ,clean,N,Y,Y,,N,,,,,,,,,,,,,,,,,,,,,,VOCQAF_clean,236.4
VODQIP_clean,7.28777,5.97881,7.28116,1.0447,1818.88,1741.05,0.0,0.0,0.6212,0.594621,0.0,Nd,Yes,Nd,clean,N,Y,Y,,N,,,,,,,,,,,,,,,,,,,,,,VODQIP_clean,151.1
VODSEM_clean,5.2679,4.81357,5.26778,1.72365,582.024,337.669,47.1721,27.3675,0.5448,0.316073,0.0,La,No, ,clean,Y,Y,Y,,N,,,,,,,,,,,,,,,,,,,,,,VODSEM_clean,158.4
VOFFED_clean,6.3407,5.90199,6.31652,1.20352,848.809,705.272,0.0,0.0,0.4862,0.403982,0.0,Cu,Yes,Cu,clean,N,Y,Y,,N,,,,,,,,,,,,,,,,,,,,,,VOFFED_clean,271.7
VOGPEO_clean,11.06118,7.00733,10.18392,0.767126,2192.56,2858.15,0.0,0.0,0.7242,0.944043,0.0,Cu,Yes,Cu,clean,N,Y,Y,,N,,,,,,,,,,,,,,,,,,,,,,VOGPEO_clean,252.0
VOGTIV_clean_h,11.63962,10.76348,11.63962,0.91487,1549.21,1693.37,0.0,0.0,0.6396,0.699116,0.0,Mg,Yes,Mg,clean_h,N,Y,Y,,N,,,,,,,,,,,,,,,,,,,,,,VOGTIV_clean_h,161.8
VOHQIS_clean,5.34997,3.62026,5.34997,2.10583,1170.0,555.601,0.0,0.0,0.5162,0.245129,0.0,Ga,No, ,clean,N,Y,Y,,N,,,,,,,,,,,,,,,,,,,,,,VOHQIS_clean,207.8
VOJGOS_clean,6.19077,5.31352,6.18884,0.976178,2056.2,2106.38,0.0,0.0,0.6384,0.653979,0.0,Zn,Yes,Zn,clean,N,Y,Y,,N,,,,,,,,,,,,,,,,,,,,,,VOJGOS_clean,233.0
VOLPET_clean,9.30216,6.24705,9.30149,0.741977,2463.48,3320.15,0.0,0.0,0.7498,1.01054,0.0,Zn,Yes,Zn,clean,N,Y,Y,,N,,,,,,,,,,,,,,,,,,,,,,VOLPET_clean,102.8
VOLQOD_clean,11.11495,8.75374,11.11495,0.70291,1891.75,2691.32,0.0,0.0,0.7388,1.05106,0.0,Zn,Yes,Zn,clean,Y,Y,Y,,N,,,,,,,,,,,,,,,,,,,,,,VOLQOD_clean,203.2
VONCOS_clean,10.3381,9.26479,10.3381,1.24231,1086.56,874.625,129.189,103.991,0.6084,0.489732,0.0,Zn,Yes,Zn,clean,N,Y,Y,,N,,,,,,,,,,,,,,,,,,,,,,VONCOS_clean,341.7
VONDEJ_clean,5.31005,4.78872,5.30922,1.60595,966.902,602.074,0.0,0.0,0.507,0.315701,0.0,Zn,No, ,clean,N,Y,Y,,N,,,,,,,,,,,,,,,,,,,,,,VONDEJ_clean,216.9
VOPCEK_clean,5.95724,5.2412,5.95724,1.32376,1286.35,971.741,0.0,0.0,0.5334,0.402943,0.0,Ce,Yes,Ce,clean,N,Y,Y,,N,,,,,,,,,,,,,,,,,,,,,,VOPCEK_clean,350.5
VOPCIO_clean,8.96483,7.98484,8.95338,1.07697,1629.75,1513.27,0.0,0.0,0.6138,0.569932,0.0,Ce,Yes,Ce,clean,Y,Y,Y,,N,,,,,,,,,,,,,,,,,,,,,,VOPCIO_clean,404.0
VOSTUU_clean,8.30737,6.78194,8.30193,0.816834,1552.78,1900.97,4.35487,5.33141,0.5892,0.721322,0.0,Co,Yes,Co,clean,N,Y,Y,,N,,,,,,,,,,,,,,,,,,,,,,VOSTUU_clean,224.4
VOTKEW_clean,5.14274,3.67598,5.1312,1.34119,1161.62,866.113,0.0,0.0,0.5308,0.395769,0.0,Cd,Yes,Cd,clean,N,Y,Y,,N,,,,,,,,,,,,,,,,,,,,,,VOTKEW_clean,288.4
VOVKUO_clean,8.79938,7.37416,8.78205,2.86501,1668.56,582.391,0.0,0.0,0.6376,0.222547,0.0,U,Yes,U,clean,N,Y,Y,,N,,,,,,,,,,,,,,,,,,,,,,VOVKUO_clean,183.5
VOXKIE_clean,6.80539,3.65176,6.80539,1.34151,1369.86,1021.14,0.0,0.0,0.6092,0.454115,0.0,Tb,Yes,Tb,clean,N,Y,Y,,N,,,,,,,,,,,,,,,,,,,,,,VOXKIE_clean,245.4
VOXQOQ_clean,5.75088,3.78769,5.73674,1.21298,1196.61,986.497,0.0,0.0,0.5614,0.462825,0.0,Zn,Yes,Zn,clean,N,Y,Y,,N,,,,,,,,,,,,,,,,,,,,,,VOXQOQ_clean,263.5
VOXVEL_clean,6.58217,4.28987,6.50926,1.3543,1358.41,1003.03,0.0,0.0,0.5474,0.404194,0.0,Be,No, ,clean,N,Y,Y,,N,,,,,,,,,,,,,,,,,,,,,,VOXVEL_clean,222.0
VOXYUE_clean,4.28545,3.52898,4.277,1.97331,1033.2,523.587,0.0,0.0,0.5514,0.279428,0.0,Cd,No, ,clean,N,Y,Y,,N,,,,,,,,,,,,,,,,,,,,,,VOXYUE_clean,108.1
VOYGOH_clean,8.28524,6.29263,8.24088,1.28416,2599.39,2024.19,0.195596,0.152314,0.7268,0.565973,0.0,"Mo,Zn",Yes,"Mo,Zn",clean,N,Y,Y,,N,,,,,,,,,,,,,,,,,,,,,,VOYGOH_clean,243.2
VOZVAJ01_clean,7.75927,5.99619,7.75927,1.41123,1642.21,1163.68,0.0,0.0,0.619,0.438625,0.0,Zn,No, ,clean,N,Y,Y,,N,,,,,,,,,,,,,,,,,,,,,,VOZVAJ01_clean,233.8
VOZVIR01_clean,8.9147,5.57973,8.87661,1.34608,1682.46,1249.9,0.0,0.0,0.6346,0.471444,0.0,Zn,Yes,Zn,clean,N,Y,Y,,N,,,,,,,,,,,,,,,,,,,,,,VOZVIR01_clean,232.9
VUCTUK_clean,4.04395,3.64101,4.04395,1.92522,503.149,261.347,0.0,0.0,0.4222,0.2193,0.0,Mn,Yes,Mn,clean,N,Y,Y,,N,,,,,,,,,,,,,,,,,,,,,,VUCTUK_clean,186.4
VUDQOB_clean,6.32363,4.82237,6.31689,1.49229,1377.55,923.11,0.0,0.0,0.5686,0.381025,0.0,Yb,Yes,Yb,clean,N,Y,Y,,N,,,,,,,,,,,,,,,,,,,,,,VUDQOB_clean,260.5
VUDXID_clean,10.29567,8.38587,10.08643,0.842606,2083.44,2472.62,14.2598,16.9234,0.7296,0.865885,0.0,"Dy,Cu",Yes,"Dy,Cu",clean,N,Y,Y,,N,,,,,,,,,,,,,,,,,,,,,,VUDXID_clean,160.6
VUFBEE_clean,4.39803,3.46666,4.37592,1.64467,1017.25,618.512,0.0,0.0,0.5534,0.33648,0.0,"V,Mn",Yes,"V,Mn",clean,N,Y,Y,,N,,,,,,,,,,,,,,,,,,,,,,VUFBEE_clean,139.1
VUGWUR_clean,7.83796,6.35433,7.79579,1.04646,1263.29,1207.21,74.2007,70.9066,0.5712,0.545842,0.0,La,No, ,clean,N,Y,Y,,N,,,,,,,,,,,,,,,,,,,,,,VUGWUR_clean,226.2
VUGXAY_clean,7.74052,6.24667,7.74052,1.0594,1255.22,1184.84,68.8954,65.0324,0.5682,0.536341,0.0,Ce,No, ,clean,N,Y,Y,,N,,,,,,,,,,,,,,,,,,,,,,VUGXAY_clean,224.0
VUGXEC_clean,7.75346,6.26253,7.72478,1.06296,1251.42,1177.3,67.8457,63.8273,0.5624,0.529091,0.0,Pr,No, ,clean,N,Y,Y,,N,,,,,,,,,,,,,,,,,,,,,,VUGXEC_clean,238.3
VUGXIG_clean,7.98476,6.4639,7.95078,1.05743,1260.94,1192.45,76.2558,72.1141,0.574,0.542824,0.0,Nd,No, ,clean,N,Y,Y,,N,,,,,,,,,,,,,,,,,,,,,,VUGXIG_clean,231.3
VUGXOM_clean,7.85489,6.36686,7.85489,1.08455,1259.8,1161.59,65.0961,60.0213,0.5694,0.525011,0.0,Eu,No, ,clean,N,Y,Y,,N,,,,,,,,,,,,,,,,,,,,,,VUGXOM_clean,243.1
VUGXUS_clean,7.98273,6.46173,7.98207,1.08037,1258.25,1164.65,72.9124,67.4885,0.5732,0.53056,0.0,Tb,No, ,clean,N,Y,Y,,N,,,,,,,,,,,,,,,,,,,,,,VUGXUS_clean,238.4
VUGYAZ_clean,7.90027,6.40337,7.90027,1.10679,1245.86,1125.65,61.7559,55.7974,0.5642,0.509764,0.0,Dy,No, ,clean,N,Y,Y,,N,,,,,,,,,,,,,,,,,,,,,,VUGYAZ_clean,239.7
VUGYED_clean,7.99474,6.54413,7.99474,1.10841,1223.87,1104.17,67.208,60.6345,0.5792,0.522549,0.0,Ho,No, ,clean,N,Y,Y,,N,,,,,,,,,,,,,,,,,,,,,,VUGYED_clean,231.6
VUGYIH_clean,7.72851,6.23818,7.68217,1.11585,1251.2,1121.3,68.7821,61.641,0.5678,0.508849,0.0,Yb,No, ,clean,N,Y,Y,,N,,,,,,,,,,,,,,,,,,,,,,VUGYIH_clean,224.4
VUHJAK_clean,4.48985,4.30755,4.48985,1.91615,471.61,246.123,0.0,0.0,0.4148,0.216475,0.0,Cu,Yes,Cu,clean,Y,Y,Y,,N,,,,,,,,,,,,,,,,,,,,,,VUHJAK_clean,285.3
VUHNET_clean,10.15164,5.15951,10.13819,1.26924,1812.62,1428.11,0.0,0.0,0.6596,0.519681,0.0,Zn,No, ,clean,N,Y,Y,,N,,,,,,,,,,,,,,,,,,,,,,VUHNET_clean,242.5
VUJBEI_clean,18.44776,6.57566,18.44776,0.562611,2173.89,3863.94,0.0,0.0,0.7874,1.39955,0.0,Zn,Yes,Zn,clean,Y,Y,Y,,N,,,,,,,,,,,,,,,,,,,,,,VUJBEI_clean,302.3
VUKHOZ_clean,14.72034,13.81107,14.72034,1.23894,1154.41,931.773,0.0,0.0,0.6248,0.504303,0.0,Ag,Yes,Ag,clean,Y,Y,Y,,N,,,,,,,,,,,,,,,,,,,,,,VUKHOZ_clean,142.1
VUKJOC_clean,4.9896,3.40405,4.97821,1.45464,736.58,506.365,85.4496,58.7426,0.4856,0.333827,0.0,Tb,No, ,clean,N,Y,Y,,N,,,,,,,,,,,,,,,,,,,,,,VUKJOC_clean,399.1
VUKJUI_clean,5.49725,3.44726,5.49566,1.4408,839.787,582.86,90.2917,62.6676,0.4968,0.344808,0.0,Dy,No, ,clean,N,Y,Y,,N,,,,,,,,,,,,,,,,,,,,,,VUKJUI_clean,366.1
VUKRUQ_clean,8.26088,7.40668,8.26088,0.854534,1806.41,2113.91,0.0,0.0,0.6414,0.750584,0.0,Ni,No, ,clean,N,Y,Y,,N,,,,,,,,,,,,,,,,,,,,,,VUKRUQ_clean,169.4
VUKSAX_clean,10.78925,9.42624,10.78325,0.664624,1937.19,2914.72,0.0,0.0,0.7148,1.0755,0.0,Ni,No, ,clean,N,Y,Y,,N,,,,,,,,,,,,,,,,,,,,,,VUKSAX_clean,150.9
VUKSOL_clean,5.74617,4.59937,5.73998,1.07923,2058.01,1906.93,0.0,0.0,0.6268,0.580787,0.0,Zn,Yes,Zn,clean,N,Y,Y,,N,,,,,,,,,,,,,,,,,,,,,,VUKSOL_clean,132.9
VUKTAY_clean,5.60355,4.27431,5.58989,1.40562,1023.78,728.344,0.0374766,0.026662,0.486,0.345754,0.0,Sm,Yes,Sm,clean,N,Y,Y,,N,,,,,,,,,,,,,,,,,,,,,,VUKTAY_clean,307.0
VUKTEC_clean,5.61851,4.19073,5.60379,1.41892,799.153,563.212,172.003,121.221,0.487,0.343219,0.0,Eu,Yes,Eu,clean,N,Y,Y,,N,,,,,,,,,,,,,,,,,,,,,,VUKTEC_clean,300.7
VUKTIG_clean,5.58633,4.32231,5.37322,1.41396,1054.33,745.662,0.0,0.0,0.4904,0.346829,0.0,Gd,Yes,Gd,clean,N,Y,Y,,N,,,,,,,,,,,,,,,,,,,,,,VUKTIG_clean,272.1
VUKTOM_clean,6.2708,4.86549,6.2708,1.34321,1213.42,903.374,0.0,0.0,0.5134,0.38222,0.0,Tb,Yes,Tb,clean,N,Y,Y,,N,,,,,,,,,,,,,,,,,,,,,,VUKTOM_clean,285.3
VUKTUS_clean,6.57621,5.30461,6.57621,1.34132,1253.69,934.67,0.0,0.0,0.5342,0.398265,0.0,Dy,Yes,Dy,clean,N,Y,Y,,N,,,,,,,,,,,,,,,,,,,,,,VUKTUS_clean,276.9
VULFIT_clean,4.52056,3.43974,4.50577,1.5127,759.724,502.229,0.0,0.0,0.4534,0.299728,0.0,Co,Yes,Co,clean,N,Y,Y,,N,,,,,,,,,,,,,,,,,,,,,,VULFIT_clean,316.9
VULKIX_clean,5.85201,4.46067,5.83515,1.35895,1067.23,785.338,21.156,15.5679,0.497,0.365724,0.0,Mn,Yes,Mn,clean,N,Y,Y,,N,,,,,,,,,,,,,,,,,,,,,,VULKIX_clean,202.2
VULKOD_clean,5.01507,3.95686,5.01507,1.39517,753.359,539.978,0.0,0.0,0.4446,0.318672,0.0,Mn,Yes,Mn,clean,N,Y,Y,,N,,,,,,,,,,,,,,,,,,,,,,VULKOD_clean,290.5
VUMBIQ_clean,4.87594,3.54867,4.87222,1.55224,358.688,231.077,25.2971,16.2971,0.4518,0.291063,0.0,Cu,Yes,Cu,clean,N,Y,Y,,N,,,,,,,,,,,,,,,,,,,,,,VUMBIQ_clean,197.9
VUMCEM_clean,5.05124,3.61434,5.04105,1.01673,972.711,956.701,0.0,0.0,0.5318,0.523047,0.0,Co,No, ,clean,N,Y,Y,,N,,,,,,,,,,,,,,,,,,,,,,VUMCEM_clean,326.1
VUMYUZ_clean,8.61002,3.76636,8.58351,1.65942,1147.35,691.414,0.0,0.0,0.5252,0.316496,0.0,Ag,Yes,Ag,clean,N,Y,Y,,N,,,,,,,,,,,,,,,,,,,,,,VUMYUZ_clean,594.0
VUNHAO_clean,8.87764,7.99015,8.87736,0.6011,2717.65,4521.13,0.0,0.0,0.7556,1.25703,0.0,Fe,Yes,Fe,clean,N,Y,Y,,N,,,,,,,,,,,,,,,,,,,,,,VUNHAO_clean,99.2
VUNNEZ_clean,5.49362,5.42758,5.49362,1.41847,1291.95,910.806,0.0,0.0,0.5748,0.405224,0.0,Cu,Yes,Cu,clean,N,Y,Y,,N,,,,,,,,,,,,,,,,,,,,,,VUNNEZ_clean,152.6
VUQJUN01_clean,11.32844,10.26466,11.32844,0.790589,1731.69,2190.38,0.0,0.0,0.6654,0.841651,0.0,Mn,Yes,Mn,clean,Y,Y,Y,,N,,,,,,,,,,,,,,,,,,,,,,VUQJUN01_clean,245.2
VUQKAU01_clean,4.81422,4.24964,4.81422,1.04625,1425.24,1362.23,0.0,0.0,0.5584,0.533714,0.0,Mn,Yes,Mn,clean,N,Y,Y,,N,,,,,,,,,,,,,,,,,,,,,,VUQKAU01_clean,249.2
VUQKAU02_clean,4.89363,4.31451,4.87033,1.033,1471.86,1424.84,0.0,0.0,0.5576,0.539787,0.0,Mn,Yes,Mn,clean,N,Y,Y,,N,,,,,,,,,,,,,,,,,,,,,,VUQKAU02_clean,267.9
VUQKAU_clean,5.04139,4.46098,5.03992,1.00728,1566.78,1555.46,0.0,0.0,0.5754,0.571243,0.0,Mn,Yes,Mn,clean,N,Y,Y,,N,,,,,,,,,,,,,,,,,,,,,,VUQKAU_clean,269.6
VUQKOI_clean,6.97233,5.60829,6.97233,1.35846,1074.25,790.79,0.0,0.0,0.5344,0.393388,0.0,Cd,Yes,Cd,clean,Y,Y,Y,,N,,,,,,,,,,,,,,,,,,,,,,VUQKOI_clean,253.2
VURLIF_clean,5.59171,4.33137,5.56182,0.953551,2657.55,2787.0,0.0,0.0,0.6734,0.706202,0.0,Zn,No, ,clean,N,Y,Y,,N,,,,,,,,,,,,,,,,,,,,,,VURLIF_clean,230.8
VURYIR_clean,4.29138,3.47068,4.23523,1.58197,597.238,377.529,0.0,0.0,0.4322,0.273204,0.0,Cu,Yes,Cu,clean,Y,Y,Y,,N,,,,,,,,,,,,,,,,,,,,,,VURYIR_clean,338.1
VURYOX_clean,6.57096,5.95893,6.55565,1.3407,1084.43,808.849,0.0,0.0,0.5052,0.376817,0.0,Cu,Yes,Cu,clean,Y,Y,Y,,N,,,,,,,,,,,,,,,,,,,,,,VURYOX_clean,185.8
VUSKAW_clean,14.98828,7.97019,14.98828,0.594675,2204.82,3707.61,0.0,0.0,0.8008,1.34662,0.0,Zn,No, ,clean,Y,Y,Y,,N,,,,,,,,,,,,,,,,,,,,,,VUSKAW_clean,100.5
VUVZAP_clean,4.71954,3.57694,4.71245,1.57661,1081.4,685.901,0.0,0.0,0.5506,0.349231,0.0,"In,Co",No, ,clean,N,Y,Y,,N,,,,,,,,,,,,,,,,,,,,,,VUVZAP_clean,148.7
VUWRUC_clean,8.86215,6.25992,8.83975,1.16678,1520.16,1302.87,0.0,0.0,0.593,0.508237,0.0,Nd,No, ,clean,N,Y,Y,,N,,,,,,,,,,,,,,,,,,,,,,VUWRUC_clean,244.7
VUWSAJ_clean,5.66843,4.07448,5.66811,1.11008,1893.61,1705.84,0.0,0.0,0.6012,0.541584,0.0,Nd,Yes,Nd,clean,N,Y,Y,,N,,,,,,,,,,,,,,,,,,,,,,VUWSAJ_clean,222.3
VUZNOV_clean,7.56763,5.28078,7.56763,0.714751,2308.57,3229.9,0.0,0.0,0.6884,0.963133,0.0,Co,No, ,clean,N,Y,Y,,N,,,,,,,,,,,,,,,,,,,,,,VUZNOV_clean,395.8
WABTOK_clean,4.92775,3.91462,4.90973,1.78273,1357.93,761.713,0.0,0.0,0.5942,0.333308,0.0,Cd,Yes,Cd,clean,N,Y,Y,,N,,,,,,,,,,,,,,,,,,,,,,WABTOK_clean,121.1
WABVIF02_clean,5.85197,4.01773,5.50246,1.2803,1937.61,1513.4,0.0,0.0,0.6248,0.488009,0.0,Cu,Yes,Cu,clean,N,Y,Y,,N,,,,,,,,,,,,,,,,,,,,,,WABVIF02_clean,120.2
WABVIF03_clean,5.80274,3.92866,4.7438,1.30723,1855.76,1419.61,0.0,0.0,0.6136,0.46939,0.0,Cu,Yes,Cu,clean,N,Y,Y,,N,,,,,,,,,,,,,,,,,,,,,,WABVIF03_clean,120.3
WABVIF04_clean,5.9528,4.29679,5.9528,1.18253,2130.19,1801.39,0.0,0.0,0.6496,0.549332,0.0,Cu,Yes,Cu,clean,N,Y,Y,,N,,,,,,,,,,,,,,,,,,,,,,WABVIF04_clean,118.7
WABVIF_clean,5.93486,4.28251,5.93486,1.19094,2095.13,1759.22,0.0,0.0,0.6604,0.55452,0.0,Cu,Yes,Cu,clean,N,Y,Y,,N,,,,,,,,,,,,,,,,,,,,,,WABVIF_clean,120.5
WABVOL_clean,5.64639,3.6405,5.64639,1.49122,938.691,629.478,0.0,0.0,0.4216,0.282721,0.0,"Cu,K",Yes,"Cu,K",clean,N,Y,Y,,N,,,,,,,,,,,,,,,,,,,,,,WABVOL_clean,117.6
WABVUR_clean,9.47863,4.42976,9.47863,1.26842,1786.23,1408.23,0.0,0.0,0.615,0.484855,0.0,"Cu,Li",Yes,"Cu,Li",clean,N,Y,Y,,N,,,,,,,,,,,,,,,,,,,,,,WABVUR_clean,117.4
WABWAY_clean,9.49902,4.44037,9.49902,1.29862,1698.78,1308.14,0.0,0.0,0.5936,0.457099,0.0,"Cu,Na",Yes,"Cu,Na",clean,N,Y,Y,,N,,,,,,,,,,,,,,,,,,,,,,WABWAY_clean,113.3
WABWEC_clean,9.48082,4.42797,9.48082,1.193,1861.05,1559.97,0.0,0.0,0.6462,0.54166,0.0,Cu,Yes,Cu,clean,N,Y,Y,,N,,,,,,,,,,,,,,,,,,,,,,WABWEC_clean,105.2
WACLEU_clean,6.11102,5.03298,6.08461,1.15501,1387.0,1200.86,0.0,0.0,0.5472,0.473763,0.0,Mn,Yes,Mn,clean,N,Y,Y,,N,,,,,,,,,,,,,,,,,,,,,,WACLEU_clean,161.0
WAFKAQ_clean,8.03491,5.51639,8.03491,0.911443,2137.62,2345.31,0.0,0.0,0.6604,0.724566,0.0,Zn,Yes,Zn,clean,Y,Y,Y,,N,,,,,,,,,,,,,,,,,,,,,,WAFKAQ_clean,230.6
WAGDAL_clean,4.64816,3.73698,4.61775,2.65265,613.804,231.393,27.6543,10.4252,0.4246,0.160066,0.0,"Cs,U",Yes,"Cs,U",clean,N,Y,Y,,N,,,,,,,,,,,,,,,,,,,,,,WAGDAL_clean,363.3
WAHFUJ01_clean,4.91116,3.78472,4.77837,1.29423,994.219,768.194,0.0,0.0,0.4692,0.362532,0.0,Cu,Yes,Cu,clean,N,Y,Y,,N,,,,,,,,,,,,,,,,,,,,,,WAHFUJ01_clean,361.8
WAHGIY_clean,5.33673,4.40357,5.33673,1.28737,815.264,633.278,0.0,0.0,0.4692,0.364464,0.0,Cu,Yes,Cu,clean,N,Y,Y,,N,,,,,,,,,,,,,,,,,,,,,,WAHGIY_clean,300.6
WAHKUO_clean,16.20891,7.16155,16.20891,0.580972,2068.66,3560.7,0.0,0.0,0.759,1.30643,0.0,"Cu,Ti",Yes,Cu,clean,N,Y,Y,,N,,,,,,,,,,,,,,,,,,,,,,WAHKUO_clean,259.0
WAHNEB_clean,15.95836,6.79866,15.95836,0.49512,2275.95,4596.76,0.0,0.0,0.781,1.57739,0.0,Cu,Yes,Cu,clean,N,Y,Y,,N,,,,,,,,,,,,,,,,,,,,,,WAHNEB_clean,238.0
WAHNIF_clean,16.02728,6.94786,16.02728,0.608079,2054.1,3378.01,0.0,0.0,0.7564,1.24392,0.0,"Cu,Zr",Yes,Cu,clean,N,Y,Y,,N,,,,,,,,,,,,,,,,,,,,,,WAHNIF_clean,256.3
WAHNOL_clean,16.15521,7.17077,16.15521,0.498613,2156.59,4325.17,0.0,0.0,0.7774,1.55913,0.0,Cu,Yes,Cu,clean,N,Y,Y,,N,,,,,,,,,,,,,,,,,,,,,,WAHNOL_clean,236.8
WAJHOG_clean,6.41579,6.06601,6.40923,1.24433,1319.37,1060.3,0.0,0.0,0.541,0.434771,0.0,"Zn,Li",Yes,"Zn,Li",clean,Y,Y,Y,,N,,,,,,,,,,,,,,,,,,,,,,WAJHOG_clean,161.3
WALKAY_clean,4.73309,3.92758,4.72517,1.16625,391.638,335.809,365.08,313.037,0.5,0.428724,0.0,Ni,Yes,Ni,clean,N,Y,Y,,N,,,,,,,,,,,,,,,,,,,,,,WALKAY_clean,244.7
WAMREJ_clean,15.93828,10.49353,15.93828,0.575196,2135.23,3712.18,0.0,0.0,0.7842,1.36336,0.0,Cu,Yes,Cu,clean,Y,Y,Y,,N,,,,,,,,,,,,,,,,,,,,,,WAMREJ_clean,207.0
WAMRIN01_clean,7.20791,6.51318,7.17561,0.94264,1559.88,1654.8,0.0,0.0,0.5968,0.633115,0.0,Mg,Yes,Mg,clean,Y,Y,Y,,N,,,,,,,,,,,,,,,,,,,,,,WAMRIN01_clean,251.2
WAMRIN_clean,7.37329,5.74338,7.35934,0.949012,1570.93,1655.33,0.0,0.0,0.5942,0.626125,0.0,Mg,Yes,Mg,clean,Y,Y,Y,,N,,,,,,,,,,,,,,,,,,,,,,WAMRIN_clean,164.5
WANBOE_clean,8.09931,5.5083,8.077,3.37544,1357.32,402.116,0.0,0.0,0.5218,0.154587,0.0,"W,Na,Pr",Yes,"Pr,Na,W",clean,N,Y,Y,,N,,,,,,,,,,,,,,,,,,,,,,WANBOE_clean,304.4
WANHIF_clean,11.32631,6.15412,11.32631,0.742906,2435.38,3278.19,0.0,0.0,0.7266,0.978051,0.0,Cu,Yes,Cu,clean,N,Y,Y,,N,,,,,,,,,,,,,,,,,,,,,,WANHIF_clean,191.0
WANJIF_clean,4.50079,3.43707,4.48085,1.30508,566.366,433.969,0.0,0.0,0.4924,0.377294,0.0,Cu,Yes,Cu,clean,Y,Y,Y,,N,,,,,,,,,,,,,,,,,,,,,,WANJIF_clean,206.3
WAPSUE_clean,6.68993,4.69904,6.68534,3.09743,1954.36,630.96,0.0,0.0,0.5988,0.193321,0.0,"As,W,Ce",Yes,"As,W,Ce",clean,N,Y,Y,,N,,,,,,,,,,,,,,,,,,,,,,WAPSUE_clean,205.0
WAQFAX_clean,9.30669,8.11233,9.29943,0.819886,2162.64,2637.74,0.0,0.0,0.722,0.880611,0.0,In,Yes,In,clean,Y,Y,Y,,N,,,,,,,,,,,,,,,,,,,,,,WAQFAX_clean,318.6
WAQFIG_clean,8.54706,6.43178,8.54706,0.665022,2729.5,4104.38,0.0,0.0,0.7646,1.14974,0.0,Zn,Yes,Zn,clean,N,Y,Y,,N,,,,,,,,,,,,,,,,,,,,,,WAQFIG_clean,112.9
WAQKUX_clean,11.77413,6.99458,11.77413,0.695804,2361.16,3393.43,0.0,0.0,0.7362,1.05806,0.0,Cu,Yes,Cu,clean,N,Y,Y,,N,,,,,,,,,,,,,,,,,,,,,,WAQKUX_clean,230.9
WAQTEQ_clean,11.92108,6.99954,11.92108,0.79488,2039.53,2565.84,0.0,0.0,0.7422,0.933726,0.0,Zn,Yes,Zn,clean,N,Y,Y,,N,,,,,,,,,,,,,,,,,,,,,,WAQTEQ_clean,268.9
WARFAZ_clean,6.17335,5.62341,6.16091,1.2809,1123.23,876.911,0.0,0.0,0.4772,0.372552,0.0,Cd,Yes,Cd,clean,N,Y,Y,,N,,,,,,,,,,,,,,,,,,,,,,WARFAZ_clean,342.5
WARJAC_clean,6.27516,5.38886,5.82916,1.20156,1848.31,1538.27,0.0,0.0,0.6418,0.534141,0.0,Ni,Yes,Ni,clean,Y,Y,Y,,N,,,,,,,,,,,,,,,,,,,,,,WARJAC_clean,138.7
WASMUB_clean,8.9,7.73975,8.81765,1.24649,1402.71,1125.33,0.0,0.0,0.5316,0.426479,0.0,Fe,No, ,clean,N,Y,Y,,N,,,,,,,,,,,,,,,,,,,,,,WASMUB_clean,189.4
WASPAK_clean,8.92408,8.10678,8.90273,0.931064,1602.41,1721.06,0.0,0.0,0.6094,0.65452,0.0,Fe,No, ,clean,N,Y,Y,,N,,,,,,,,,,,,,,,,,,,,,,WASPAK_clean,119.1
WASQEP_clean,10.60263,4.61939,9.00037,0.666978,2426.86,3638.59,0.0,0.0,0.7138,1.0702,0.0,In,No, ,clean,N,Y,Y,,N,,,,,,,,,,,,,,,,,,,,,,WASQEP_clean,298.6
WASQIT_clean,10.8507,4.21913,8.79858,0.655054,2519.15,3845.71,0.0,0.0,0.7108,1.0851,0.0,In,No, ,clean,N,Y,Y,,N,,,,,,,,,,,,,,,,,,,,,,WASQIT_clean,303.2
WASTUG_clean,10.4656,7.25807,10.12341,1.59439,2004.76,1257.39,0.0,0.0,0.6606,0.414328,0.0,"Mo,La",Yes,"Mo,La",clean,Y,Y,Y,,N,,,,,,,,,,,,,,,,,,,,,,WASTUG_clean,158.6
WASVES_clean,7.24568,4.22882,6.95314,2.14337,1730.17,807.218,0.0,0.0,0.582,0.271535,0.0,"Mo,La",Yes,"Mo,La",clean,Y,Y,Y,,N,,,,,,,,,,,,,,,,,,,,,,WASVES_clean,225.6
WAVQAN_clean,4.79566,3.75004,4.7947,1.6227,1326.67,817.573,0.0,0.0,0.5394,0.332409,0.0,"In,Nd",Yes,Nd,clean,N,Y,Y,,N,,,,,,,,,,,,,,,,,,,,,,WAVQAN_clean,217.3
WAVQER_clean,4.81498,3.73544,4.8133,1.62849,1353.34,831.04,0.0,0.0,0.533,0.327297,0.000122813,"In,Sm",Yes,Sm,clean,N,Y,Y,,N,,,,,,,,,,,,,,,,,,,,,,WAVQER_clean,215.5
WAVQOB_clean,10.26547,8.18203,10.23692,0.66377,1981.42,2985.1,0.0,0.0,0.7732,1.16486,0.0,"Pr,In",Yes,Pr,clean,N,Y,Y,,N,,,,,,,,,,,,,,,,,,,,,,WAVQOB_clean,546.6
WAVQUH_clean,7.91312,4.47781,7.90396,1.01651,1145.58,1126.98,498.965,490.863,0.6102,0.600292,0.0,Co,No, ,clean,Y,Y,Y,,N,,,,,,,,,,,,,,,,,,,,,,WAVQUH_clean,259.1
WAVRAO_clean,15.02274,4.23694,15.02053,0.819731,1973.4,2407.37,0.0,0.0,0.6752,0.823685,0.0,"In,Mn",Yes,Mn,clean,Y,Y,Y,,N,,,,,,,,,,,,,,,,,,,,,,WAVRAO_clean,361.6
WAVROC_clean,18.88525,7.91531,18.88525,0.52911,1993.81,3768.23,0.0,0.0,0.7926,1.49799,0.0,"Mg,In",Yes,Mg,clean,Y,Y,Y,,N,,,,,,,,,,,,,,,,,,,,,,WAVROC_clean,374.7
WAWGOQ_clean,10.46531,7.24737,10.06993,0.692819,2068.45,2985.55,0.0,0.0,0.7192,1.03808,0.0,Zn,Yes,Zn,clean,Y,Y,Y,,N,,,,,,,,,,,,,,,,,,,,,,WAWGOQ_clean,174.1
WAYKAK_clean,8.40665,6.61758,8.40665,1.07627,1621.77,1506.84,0.0,0.0,0.6056,0.562685,0.0,Nd,No, ,clean,Y,Y,Y,,N,,,,,,,,,,,,,,,,,,,,,,WAYKAK_clean,175.4
WAYMAM_clean,7.05522,6.73992,7.05522,1.02658,1675.75,1632.35,0.0,0.0,0.6178,0.601802,0.0,V,No, ,clean,N,Y,Y,,N,,,,,,,,,,,,,,,,,,,,,,WAYMAM_clean,131.4
WAYMEQ_SL,6.99879,6.49457,6.99879,0.979768,1578.78,1611.38,0.0,0.0,0.5878,0.599938,0.0,Al,No, ,SL,N,Y,Y,,N,,,,,,,,,,,,,,,,,,,,,,WAYMEQ_SL,178.7
WAYMIU_manual,7.34688,6.90533,7.3455,0.98047,1670.06,1703.32,0.0,0.0,0.606,0.618071,0.0,Al,No, ,manual,Y,Y,Y,,N,,,,,,,,,,,,,,,,,,,,,,WAYMIU_manual,166.8
WAYMOA_manual,7.07433,6.89369,7.07243,0.955162,1592.82,1667.59,0.0,0.0,0.6076,0.636122,0.0,Al,No, ,manual,Y,Y,Y,,N,,,,,,,,,,,,,,,,,,,,,,WAYMOA_manual,168.8
WAZCUX_clean,5.1953,4.60615,5.12813,1.85198,863.616,466.321,0.0,0.0,0.4452,0.240392,0.0,"Sb,Sm",Yes,"Sb,Sm",clean,N,Y,Y,,N,,,,,,,,,,,,,,,,,,,,,,WAZCUX_clean,292.3
WEBJOE_clean,19.11149,16.87545,19.11149,0.689845,2240.23,3247.44,0.0,0.0,0.788,1.14229,0.0,"In,Ni",Yes,"In,Ni",clean,N,Y,Y,,N,,,,,,,,,,,,,,,,,,,,,,WEBJOE_clean,216.7
WEBKOD_clean,6.32569,5.26533,6.09075,1.27587,1622.74,1271.87,0.0,0.0,0.5952,0.466504,0.0,Cd,Yes,Cd,clean,Y,Y,Y,,N,,,,,,,,,,,,,,,,,,,,,,WEBKOD_clean,242.0
WEBREC_clean,5.39661,3.78553,5.39661,1.22212,951.616,778.662,0.0,0.0,0.476,0.389488,0.0,Zn,Yes,Zn,clean,Y,Y,Y,,N,,,,,,,,,,,,,,,,,,,,,,WEBREC_clean,314.5
WECBEN_clean,6.503,4.33861,6.44488,0.992115,3119.1,3143.89,0.0,0.0,0.6996,0.70516,0.0,Zn,No, ,clean,N,Y,Y,,N,,,,,,,,,,,,,,,,,,,,,,WECBEN_clean,108.1
WECBOX_clean,4.70975,3.71197,4.69989,1.52733,833.701,545.856,0.0,0.0,0.5236,0.342821,0.0,Mn,No, ,clean,N,Y,Y,,N,,,,,,,,,,,,,,,,,,,,,,WECBOX_clean,133.0
WECFAN01_clean,4.19243,3.69787,4.18729,1.32337,513.248,387.834,0.0,0.0,0.4454,0.336565,0.0,Co,Yes,Co,clean,Y,Y,Y,,N,,,,,,,,,,,,,,,,,,,,,,WECFAN01_clean,222.4
WECFAN_clean,5.13884,4.48422,5.13105,1.20369,945.898,785.834,0.0,0.0,0.4976,0.413397,0.0,Co,Yes,Co,clean,Y,Y,Y,,N,,,,,,,,,,,,,,,,,,,,,,WECFAN_clean,209.5
WECJIZ_clean,5.92737,4.9743,5.92737,1.01088,914.95,905.103,64.8197,64.122,0.5454,0.53953,0.0,Zn,Yes,Zn,clean,Y,Y,Y,,N,,,,,,,,,,,,,,,,,,,,,,WECJIZ_clean,900.3
WEDQED_clean,5.20127,4.18257,5.20127,1.3,804.684,618.987,0.0,0.0,0.4758,0.365999,0.0,Co,Yes,Co,clean,Y,Y,Y,,N,,,,,,,,,,,,,,,,,,,,,,WEDQED_clean,330.3
WEFCAN_clean,5.5219,5.04903,5.5219,0.826455,2177.69,2634.97,0.0,0.0,0.6214,0.751886,0.0,Fe,No, ,clean,Y,Y,Y,,N,,,,,,,,,,,,,,,,,,,,,,WEFCAN_clean,277.5
WEFXEM_clean,6.73931,4.78997,6.67269,1.07497,1461.44,1359.51,0.0,0.0,0.5704,0.530617,0.0,Ni,No, ,clean,Y,Y,Y,,N,,,,,,,,,,,,,,,,,,,,,,WEFXEM_clean,186.2
WEFZIS_clean,4.30666,3.54798,4.30607,2.06143,662.208,321.237,0.0,0.0,0.4722,0.229064,0.0,Gd,Yes,Gd,clean,N,Y,Y,,N,,,,,,,,,,,,,,,,,,,,,,WEFZIS_clean,271.6
WEGFUL_clean,4.85962,3.90561,4.85655,1.68872,896.439,530.839,0.0,0.0,0.4452,0.263631,0.0,Eu,No, ,clean,Y,Y,Y,,N,,,,,,,,,,,,,,,,,,,,,,WEGFUL_clean,239.6
WEGGAS_clean,4.84334,3.88578,4.83342,1.72479,895.132,518.979,0.0,0.0,0.4484,0.259973,0.0,Tb,No, ,clean,Y,Y,Y,,N,,,,,,,,,,,,,,,,,,,,,,WEGGAS_clean,248.3
WEGKIE_clean,11.12087,6.65331,11.08978,1.1494,1264.36,1100.02,490.634,426.862,0.6338,0.551419,0.0,Cu,Yes,Cu,clean,N,Y,Y,,N,,,,,,,,,,,,,,,,,,,,,,WEGKIE_clean,655.9
WEHHEY_clean,10.71326,6.70339,10.52268,0.819904,2131.67,2599.9,0.0,0.0,0.7068,0.862052,0.0,Zn,Yes,Zn,clean,Y,Y,Y,,N,,,,,,,,,,,,,,,,,,,,,,WEHHEY_clean,306.4
WEHHIC_clean,10.89625,6.78698,10.2645,0.812812,2126.87,2616.68,0.0,0.0,0.7052,0.867605,0.0,Zn,Yes,Zn,clean,Y,Y,Y,,N,,,,,,,,,,,,,,,,,,,,,,WEHHIC_clean,300.7
WEHHOI_clean,10.711,6.72932,10.68633,0.81633,2148.04,2631.34,0.0,0.0,0.7146,0.875382,0.0,Zn,Yes,Zn,clean,Y,Y,Y,,N,,,,,,,,,,,,,,,,,,,,,,WEHHOI_clean,302.5
WEHHUO_clean,10.86494,6.69089,10.846,0.80874,2143.96,2650.98,0.0,0.0,0.7268,0.898682,0.0,Zn,Yes,Zn,clean,Y,Y,Y,,N,,,,,,,,,,,,,,,,,,,,,,WEHHUO_clean,295.8
WEHJAW_clean,11.37189,6.87066,11.36953,0.813465,2137.05,2627.1,0.0,0.0,0.727,0.893708,0.0,Zn,Yes,Zn,clean,Y,Y,Y,,N,,,,,,,,,,,,,,,,,,,,,,WEHJAW_clean,222.0
WEHJEA_clean,11.11094,5.77138,11.07598,0.73357,2315.41,3156.35,0.0,0.0,0.7568,1.03167,0.0,Zn,Yes,Zn,clean,Y,Y,Y,,N,,,,,,,,,,,,,,,,,,,,,,WEHJEA_clean,311.4
WEHJIE_clean,11.03891,6.32706,11.01433,0.80868,2264.04,2799.67,0.0,0.0,0.7142,0.883167,0.0,Zn,Yes,Zn,clean,Y,Y,Y,,N,,,,,,,,,,,,,,,,,,,,,,WEHJIE_clean,236.0
WEHJOK_clean,11.74533,5.64839,11.7384,0.778372,2312.59,2971.06,0.0,0.0,0.736,0.945563,0.0,Zn,Yes,Zn,clean,Y,Y,Y,,N,,,,,,,,,,,,,,,,,,,,,,WEHJOK_clean,323.9
WEHJUQ_clean,11.40663,8.63285,11.3324,0.700785,2325.03,3317.76,0.0,0.0,0.7666,1.09392,0.0,Zn,Yes,Zn,clean,Y,Y,Y,,N,,,,,,,,,,,,,,,,,,,,,,WEHJUQ_clean,688.3
WEMBUN_clean,4.83761,4.30379,4.83761,1.70777,2244.04,1314.02,0.0,0.0,0.608,0.356019,0.0,Er,Yes,Er,clean,Y,Y,Y,,N,,,,,,,,,,,,,,,,,,,,,,WEMBUN_clean,140.7
WEMCAU_clean,4.83981,4.27369,4.83981,1.75476,2235.14,1273.76,0.0,0.0,0.5942,0.338622,0.0,Yb,Yes,Yb,clean,Y,Y,Y,,N,,,,,,,,,,,,,,,,,,,,,,WEMCAU_clean,144.0
WEMCEY_clean,5.09454,3.5623,5.09454,2.38239,649.886,272.788,0.0,0.0,0.4074,0.171005,0.0,Sm,Yes,Sm,clean,N,Y,Y,,N,,,,,,,,,,,,,,,,,,,,,,WEMCEY_clean,179.3
WEMCIC_clean,5.03643,3.47331,4.82197,2.42633,623.511,256.977,0.0,0.0,0.4032,0.166177,0.0,Eu,Yes,Eu,clean,N,Y,Y,,N,,,,,,,,,,,,,,,,,,,,,,WEMCIC_clean,185.0
WEMCOI_clean,5.04735,3.46352,5.0193,2.47686,626.37,252.888,0.0,0.0,0.3988,0.16101,0.0,Gd,Yes,Gd,clean,N,Y,Y,,N,,,,,,,,,,,,,,,,,,,,,,WEMCOI_clean,184.4
WEMCUO_clean,4.97873,3.46394,4.79411,2.52518,613.235,242.848,0.0,0.0,0.3982,0.157692,0.0,Tb,Yes,Tb,clean,N,Y,Y,,N,,,,,,,,,,,,,,,,,,,,,,WEMCUO_clean,185.0
WEMDAV_clean,5.02432,3.48688,5.02432,2.56501,609.55,237.64,0.0,0.0,0.3952,0.154074,0.0,Dy,Yes,Dy,clean,N,Y,Y,,N,,,,,,,,,,,,,,,,,,,,,,WEMDAV_clean,184.0
WEMDID_clean,5.01302,4.40435,5.01302,1.50314,2329.65,1549.85,0.0,0.0,0.6306,0.419521,0.0,Nd,No, ,clean,Y,Y,Y,,N,,,,,,,,,,,,,,,,,,,,,,WEMDID_clean,140.1
WEMDOJ_clean,4.95352,4.39275,4.95352,1.55656,2295.37,1474.65,0.0,0.0,0.629,0.404097,0.0,Sm,No, ,clean,Y,Y,Y,,N,,,,,,,,,,,,,,,,,,,,,,WEMDOJ_clean,140.8
WEMDUP_clean,4.9238,4.37132,4.9238,1.57984,2315.52,1465.67,0.0,0.0,0.6202,0.392572,0.0,Eu,No, ,clean,Y,Y,Y,,N,,,,,,,,,,,,,,,,,,,,,,WEMDUP_clean,137.8
WEMFAX_clean,4.90097,4.37647,4.90097,1.61335,2291.08,1420.07,0.0,0.0,0.6242,0.386896,0.0,Gd,Yes,Gd,clean,Y,Y,Y,,N,,,,,,,,,,,,,,,,,,,,,,WEMFAX_clean,137.3
WEMFEB_clean,4.87971,4.37038,4.87971,1.63348,2285.5,1399.16,0.0,0.0,0.604,0.369763,0.0,Tb,Yes,Tb,clean,Y,Y,Y,,N,,,,,,,,,,,,,,,,,,,,,,WEMFEB_clean,141.1
WEMFIF_clean,4.85948,4.34946,4.85948,1.66666,2253.59,1352.15,0.0,0.0,0.5992,0.35952,0.0,Dy,Yes,Dy,clean,Y,Y,Y,,N,,,,,,,,,,,,,,,,,,,,,,WEMFIF_clean,148.4
WEMFOL_clean,4.8612,4.33226,4.8612,1.68559,2254.63,1337.59,0.0,0.0,0.5966,0.353942,0.0,Ho,Yes,Ho,clean,Y,Y,Y,,N,,,,,,,,,,,,,,,,,,,,,,WEMFOL_clean,143.8
WEMNAF_clean,4.6267,3.86158,4.59914,1.41831,894.104,630.401,0.0,0.0,0.4764,0.335893,0.0,Zn,No, ,clean,Y,Y,Y,,N,,,,,,,,,,,,,,,,,,,,,,WEMNAF_clean,293.5
WENDIE_clean,4.91533,3.83478,4.91533,1.40969,980.417,695.487,0.0,0.0,0.4986,0.353696,0.0,Zn,Yes,Zn,clean,Y,Y,Y,,N,,,,,,,,,,,,,,,,,,,,,,WENDIE_clean,216.4
WENKEH_clean,7.34891,5.7859,7.21721,1.50223,520.443,346.446,27.0727,18.0216,0.4484,0.298489,0.0,Pr,Yes,Pr,clean,Y,Y,Y,,N,,,,,,,,,,,,,,,,,,,,,,WENKEH_clean,256.5
WENKOR_clean,7.34523,5.77431,7.33779,1.55847,525.754,337.351,34.2975,22.0071,0.4426,0.283996,0.0,Gd,Yes,Gd,clean,Y,Y,Y,,N,,,,,,,,,,,,,,,,,,,,,,WENKOR_clean,324.4
WENKUX_manual,7.45595,5.7787,7.37267,1.54828,597.632,385.997,35.4694,22.9089,0.4528,0.292453,0.0,Tb,Yes,Tb,manual,Y,Y,Y,,N,,,,,,,,,,,,,,,,,,,,,,WENKUX_manual,317.2
WENLAE_manual,7.43383,5.78969,7.30816,1.58521,593.074,374.131,15.956,10.0656,0.4384,0.276557,0.0,Dy,Yes,Dy,manual,Y,Y,Y,,N,,,,,,,,,,,,,,,,,,,,,,WENLAE_manual,310.0
WENLEI_clean,7.45284,5.80961,7.45284,1.59702,595.668,372.986,17.5491,10.9886,0.4418,0.276639,0.0,Ho,Yes,Ho,clean,N,Y,Y,,N,,,,,,,,,,,,,,,,,,,,,,WENLEI_clean,306.8
WERHIK_clean,5.75389,3.54583,5.75389,1.67143,1139.75,681.902,0.0,0.0,0.4974,0.297589,0.0,Al,No, ,clean,N,Y,Y,,N,,,,,,,,,,,,,,,,,,,,,,WERHIK_clean,208.7
WESYAV_clean,4.87361,4.61034,4.87361,1.39877,1201.03,858.632,0.0,0.0,0.5228,0.373756,0.0,Cu,No, ,clean,N,Y,Y,,N,,,,,,,,,,,,,,,,,,,,,,WESYAV_clean,175.7
WEVQIX_clean,8.30134,7.08669,8.30134,1.3689,1061.52,775.455,0.0,0.0,0.5704,0.416684,0.0,"Cu,Y",Yes,Cu,clean,Y,Y,Y,,N,,,,,,,,,,,,,,,,,,,,,,WEVQIX_clean,206.7
WEVQOD01_clean,8.03523,6.79991,8.03523,1.55221,1025.68,660.788,0.0,0.0,0.5644,0.363612,0.0,"Cu,Gd",Yes,Cu,clean,N,Y,Y,,N,,,,,,,,,,,,,,,,,,,,,,WEVQOD01_clean,183.0
WEVQOD_clean,8.33119,7.13692,8.33119,1.51454,1062.97,701.84,0.0665577,0.0439457,0.5726,0.378068,0.0,"Cu,Gd",Yes,Cu,clean,Y,Y,Y,,N,,,,,,,,,,,,,,,,,,,,,,WEVQOD_clean,204.9
WEVQUJ_clean,8.44067,7.27418,8.44067,1.48575,1083.43,729.214,0.77233,0.519826,0.5778,0.388896,0.0,"Cu,Eu",Yes,Cu,clean,Y,Y,Y,,N,,,,,,,,,,,,,,,,,,,,,,WEVQUJ_clean,203.3
WEVRUK_clean,8.57681,7.4662,8.57681,1.43976,1130.1,784.921,4.16739,2.8945,0.5708,0.396454,0.0,"Pr,Cu",Yes,Cu,clean,Y,Y,Y,,N,,,,,,,,,,,,,,,,,,,,,,WEVRUK_clean,209.3
WEVZUT_clean,5.27812,3.52606,5.27812,1.59275,798.942,501.612,5.51079,3.45992,0.4646,0.291697,0.0,La,No, ,clean,Y,Y,Y,,N,,,,,,,,,,,,,,,,,,,,,,WEVZUT_clean,359.5
WEXTAV_clean,4.98825,4.19272,4.98346,1.40649,999.163,710.396,0.0,0.0,0.5104,0.36289,0.0,Co,Yes,Co,clean,N,Y,Y,,N,,,,,,,,,,,,,,,,,,,,,,WEXTAV_clean,167.8
WEYQAU01_clean,4.51961,3.60555,4.51961,1.13786,1565.68,1375.99,0.0,0.0,0.5718,0.502522,0.0,Mn,No, ,clean,N,Y,Y,,N,,,,,,,,,,,,,,,,,,,,,,WEYQAU01_clean,122.9
WEYQAU02_clean,4.51815,3.68584,4.44811,1.14062,1514.82,1328.07,0.0,0.0,0.5714,0.500956,0.0,Mn,No, ,clean,N,Y,Y,,N,,,,,,,,,,,,,,,,,,,,,,WEYQAU02_clean,139.5
WEYQAU03_clean,4.54995,3.78626,4.54995,1.12516,1590.17,1413.29,0.0,0.0,0.5782,0.513884,0.0,Mn,No, ,clean,N,Y,Y,,N,,,,,,,,,,,,,,,,,,,,,,WEYQAU03_clean,142.5
WEYQAU04_clean,4.4842,3.61074,4.45602,1.15336,1507.95,1307.45,0.0,0.0,0.565,0.489873,0.0,Mn,No, ,clean,N,Y,Y,,N,,,,,,,,,,,,,,,,,,,,,,WEYQAU04_clean,150.3
WEYQAU05_clean,4.49445,3.64175,4.49445,1.14735,1525.05,1329.2,0.0,0.0,0.568,0.495054,0.0,Mn,No, ,clean,N,Y,Y,,N,,,,,,,,,,,,,,,,,,,,,,WEYQAU05_clean,143.1
WEYQAU06_clean,4.52093,3.69835,4.50827,1.13868,1559.53,1369.6,0.0,0.0,0.5718,0.502162,0.0,Mn,No, ,clean,N,Y,Y,,N,,,,,,,,,,,,,,,,,,,,,,WEYQAU06_clean,149.8
WEYQAU07_clean,4.54619,3.75106,4.54619,1.13112,1575.56,1392.92,0.0,0.0,0.576,0.509231,0.0,Mn,No, ,clean,N,Y,Y,,N,,,,,,,,,,,,,,,,,,,,,,WEYQAU07_clean,141.4
WEYQAU08_clean,4.54883,3.77222,4.52816,1.12759,1562.09,1385.34,0.0,0.0,0.5786,0.51313,0.0,Mn,No, ,clean,N,Y,Y,,N,,,,,,,,,,,,,,,,,,,,,,WEYQAU08_clean,139.8
WEYQAU09_clean,4.54974,3.80687,4.54906,1.12252,1599.36,1424.8,0.0,0.0,0.5812,0.517765,0.0,Mn,No, ,clean,N,Y,Y,,N,,,,,,,,,,,,,,,,,,,,,,WEYQAU09_clean,141.0
WEYQAU10_clean,4.56818,3.83214,4.56487,1.10391,1656.82,1500.86,0.0,0.0,0.5884,0.533013,0.0,Mn,No, ,clean,N,Y,Y,,N,,,,,,,,,,,,,,,,,,,,,,WEYQAU10_clean,119.7
WEYQAU12_clean,4.40257,3.44728,4.36821,1.18614,1438.51,1212.76,0.0,0.0,0.5546,0.467566,0.0,Mn,Yes,Mn,clean,N,Y,Y,,N,,,,,,,,,,,,,,,,,,,,,,WEYQAU12_clean,158.0
WEZCIO_clean,8.732,7.51715,8.732,1.34422,1127.95,839.11,0.0,0.0,0.5656,0.420764,0.0,"La,Co",Yes,Co,clean,Y,Y,Y,,N,,,,,,,,,,,,,,,,,,,,,,WEZCIO_clean,193.5
WIBSAD_clean,9.62612,6.21746,9.61657,0.927119,1704.27,1838.25,6.32101,6.81791,0.6464,0.697214,0.0,"Zn,Fe",Yes,Zn,clean,Y,Y,Y,,N,,,,,,,,,,,,,,,,,,,,,,WIBSAD_clean,943.2
WICGEV_clean,4.986,4.06891,4.90495,1.61194,943.479,585.307,0.0,0.0,0.463,0.287232,0.0,Mn,No, ,clean,Y,Y,Y,,N,,,,,,,,,,,,,,,,,,,,,,WICGEV_clean,202.3
WIDQEG_clean,7.60111,7.11755,7.60111,1.01218,1727.14,1706.35,0.0,0.0,0.63,0.622417,0.0,V,No, ,clean,N,Y,Y,,N,,,,,,,,,,,,,,,,,,,,,,WIDQEG_clean,142.7
WIDWOX_clean,6.98663,4.18313,6.97418,1.49157,1020.42,684.125,118.512,79.4544,0.5482,0.367533,0.0,"Ag,Ni,La",Yes,"La,Ni,Ag",clean,N,Y,Y,,N,,,,,,,,,,,,,,,,,,,,,,WIDWOX_clean,1399.8
WIDZUG_clean,5.41352,3.48109,5.41227,1.38051,840.521,608.85,0.0,0.0,0.4942,0.357985,0.0,Cd,No, ,clean,Y,Y,Y,,N,,,,,,,,,,,,,,,,,,,,,,WIDZUG_clean,324.5
WIFBAQ_clean,6.13409,5.44238,6.13409,1.2726,1015.51,797.983,0.0,0.0,0.5042,0.396197,0.0,Cd,No, ,clean,Y,Y,Y,,N,,,,,,,,,,,,,,,,,,,,,,WIFBAQ_clean,206.3
WIHDUN_clean,4.94352,3.57815,4.9376,1.23221,1172.12,951.24,0.0,0.0,0.5416,0.439537,0.0,Ni,Yes,Ni,clean,N,Y,Y,,N,,,,,,,,,,,,,,,,,,,,,,WIHDUN_clean,106.5
WIHVAL_clean,4.98172,4.06866,4.90588,1.61186,947.448,587.799,0.0,0.0,0.4852,0.301019,0.0,Mn,No, ,clean,Y,Y,Y,,N,,,,,,,,,,,,,,,,,,,,,,WIHVAL_clean,203.3
WIHVEP_clean,4.98664,4.03769,4.97035,1.60991,948.127,588.931,0.0,0.0,0.473,0.293805,0.0,Mn,No, ,clean,Y,Y,Y,,N,,,,,,,,,,,,,,,,,,,,,,WIHVEP_clean,198.8
WIHWAN_clean,9.73279,7.22908,9.72646,0.781161,2141.5,2741.43,0.0,0.0,0.7076,0.905831,0.0,Zn,No, ,clean,Y,Y,Y,,N,,,,,,,,,,,,,,,,,,,,,,WIHWAN_clean,355.6
WIJDAV_clean,6.7427,5.50308,6.71088,1.44712,1338.51,924.951,0.0,0.0,0.528,0.364864,0.0,Zn,No, ,clean,Y,Y,Y,,N,,,,,,,,,,,,,,,,,,,,,,WIJDAV_clean,322.5
WIJXEU_clean,10.21317,6.80397,9.6529,0.728441,2006.16,2754.05,0.0,0.0,0.7122,0.977705,0.0,Zn,Yes,Zn,clean,N,Y,Y,,N,,,,,,,,,,,,,,,,,,,,,,WIJXEU_clean,345.7
WIJXIY_clean,14.24395,11.55698,14.23198,0.475086,1730.44,3642.38,0.0,0.0,0.8226,1.73148,0.0,Zn,Yes,Zn,clean,N,Y,Y,,N,,,,,,,,,,,,,,,,,,,,,,WIJXIY_clean,198.3
WIKXAQ_clean,7.61954,3.92787,7.61954,0.877202,2692.33,3069.22,0.0,0.0,0.7338,0.836523,0.0,Cu,No, ,clean,N,Y,Y,,N,,,,,,,,,,,,,,,,,,,,,,WIKXAQ_clean,115.3
WIKYAQ_clean,5.56765,4.22978,5.55876,1.17628,572.115,486.376,3.29466,2.80092,0.4396,0.373721,0.0,"K,Co",Yes,K,clean,Y,Y,Y,,N,,,,,,,,,,,,,,,,,,,,,,WIKYAQ_clean,616.6
WILDUR_clean,4.40563,4.06842,4.39346,1.59545,414.383,259.728,154.011,96.5316,0.4902,0.307249,0.0,Ag,Yes,Ag,clean,N,Y,Y,,N,,,,,,,,,,,,,,,,,,,,,,WILDUR_clean,171.4
WILFAZ_clean,4.61767,3.60434,4.60806,1.63777,404.45,246.951,107.478,65.6246,0.4794,0.292715,0.0,Ag,Yes,Ag,clean,N,Y,Y,,N,,,,,,,,,,,,,,,,,,,,,,WILFAZ_clean,173.6
WILGII_clean,5.04706,4.025,5.04249,1.31109,1273.98,971.693,0.0,0.0,0.578,0.440854,0.0,Ag,Yes,Ag,clean,N,Y,Y,,N,,,,,,,,,,,,,,,,,,,,,,WILGII_clean,237.4
WILHIK_clean,4.65234,4.0796,4.6262,1.34338,777.291,578.609,0.382682,0.284865,0.4858,0.361625,0.0,Zn,No, ,clean,N,Y,Y,,N,,,,,,,,,,,,,,,,,,,,,,WILHIK_clean,227.6
WILNEL01_clean,4.81584,3.50149,4.81584,1.10493,799.46,723.542,0.0,0.0,0.5386,0.487453,0.0,Fe,No, ,clean,N,Y,Y,,N,,,,,,,,,,,,,,,,,,,,,,WILNEL01_clean,304.5
WILRAK_clean,6.14662,4.92634,6.07221,1.13056,2856.19,2526.36,0.0,0.0,0.7378,0.652598,0.0,Cd,Yes,Cd,clean,N,Y,Y,,N,,,,,,,,,,,,,,,,,,,,,,WILRAK_clean,75.2
WILREO_clean,6.22413,4.97143,6.22113,1.10896,2859.64,2578.66,0.0,0.0,0.7412,0.668372,0.0,Cd,Yes,Cd,clean,N,Y,Y,,N,,,,,,,,,,,,,,,,,,,,,,WILREO_clean,73.7
WILRIS_clean,6.18287,5.26913,6.08331,1.06646,2702.71,2534.28,0.0,0.0,0.743,0.696696,0.0,Cd,Yes,Cd,clean,N,Y,Y,,N,,,,,,,,,,,,,,,,,,,,,,WILRIS_clean,80.9
WIMWEW_clean,4.85065,3.63556,4.83812,1.14632,1509.08,1316.45,0.0,0.0,0.552,0.481541,0.0,Co,Yes,Co,clean,N,Y,Y,,N,,,,,,,,,,,,,,,,,,,,,,WIMWEW_clean,245.4
WIMWIA_clean,4.81894,3.74279,4.79734,1.18861,1454.84,1223.98,0.0,0.0,0.5584,0.469791,0.0,Zn,No, ,clean,N,Y,Y,,N,,,,,,,,,,,,,,,,,,,,,,WIMWIA_clean,181.6
WINCEC_clean,4.94527,3.59812,4.94527,1.22278,1150.61,940.978,0.0,0.0,0.5326,0.435564,0.0,Co,Yes,Co,clean,N,Y,Y,,N,,,,,,,,,,,,,,,,,,,,,,WINCEC_clean,107.2
WIPLOY_clean,6.48105,4.74292,6.45525,1.18111,1714.15,1451.31,0.0,0.0,0.5818,0.492588,0.0,Eu,Yes,Eu,clean,N,Y,Y,,N,,,,,,,,,,,,,,,,,,,,,,WIPLOY_clean,188.0
WIPPIW_clean,6.83572,4.03275,6.83132,1.10561,1802.61,1630.43,0.0,0.0,0.614,0.55535,0.0,Cd,No, ,clean,N,Y,Y,,N,,,,,,,,,,,,,,,,,,,,,,WIPPIW_clean,912.8
WIPZEC_clean,5.45688,4.84274,5.44436,1.09301,1433.3,1311.34,0.0,0.0,0.552,0.50503,0.0,Cd,No, ,clean,N,Y,Y,,N,,,,,,,,,,,,,,,,,,,,,,WIPZEC_clean,233.2
WIRKOZ_clean,17.38546,6.83963,17.38546,0.742862,1607.16,2163.48,0.0,0.0,0.6666,0.897341,0.0,Zn,Yes,Zn,clean,N,Y,Y,,N,,,,,,,,,,,,,,,,,,,,,,WIRKOZ_clean,7036.3
WIRMOB_clean,8.09669,7.0815,8.09669,0.92351,1288.54,1395.26,130.958,141.805,0.578,0.625873,0.0,Zn,Yes,Zn,clean,N,Y,Y,,N,,,,,,,,,,,,,,,,,,,,,,WIRMOB_clean,460.3
WISTID_clean,5.3857,3.74409,5.37745,1.51731,1051.5,692.999,0.0,0.0,0.4932,0.325048,0.0,Zn,Yes,Zn,clean,Y,Y,Y,,N,,,,,,,,,,,,,,,,,,,,,,WISTID_clean,227.2
WISVEB_clean,8.95121,6.85436,8.94162,0.828799,2404.18,2900.8,0.0,0.0,0.747,0.901304,0.0,Cd,Yes,Cd,clean,Y,Y,Y,,N,,,,,,,,,,,,,,,,,,,,,,WISVEB_clean,136.2
WITJOA_clean,6.21484,4.39834,6.20863,1.03298,1693.59,1639.51,90.392,87.5058,0.5878,0.569032,0.0,Mn,Yes,Mn,clean,N,Y,Y,,N,,,,,,,,,,,,,,,,,,,,,,WITJOA_clean,308.0
WITJUG_clean,5.88607,4.95547,5.85988,1.02366,1929.46,1884.87,0.0,0.0,0.5976,0.583788,0.0,Mn,Yes,Mn,clean,N,Y,Y,,N,,,,,,,,,,,,,,,,,,,,,,WITJUG_clean,318.6
WITKIV_clean,20.46084,11.48372,20.46084,0.586943,1702.14,2900.02,0.0,0.0,0.7774,1.32449,0.0,Zn,Yes,Zn,clean,Y,Y,Y,,N,,,,,,,,,,,,,,,,,,,,,,WITKIV_clean,859.7
WIVKOD_clean,5.94278,4.37421,5.9419,2.24053,1604.96,716.33,0.0,0.0,0.585,0.261099,0.0,U,Yes,U,clean,N,Y,Y,,N,,,,,,,,,,,,,,,,,,,,,,WIVKOD_clean,195.0
WIVRIE_clean,7.1828,5.28792,5.5333,1.16005,1460.05,1258.61,0.0,0.0,0.5844,0.50377,0.0,Cd,Yes,Cd,clean,N,Y,Y,,N,,,,,,,,,,,,,,,,,,,,,,WIVRIE_clean,718.2
WIWQOI_clean,5.87719,4.74286,5.84645,1.30118,2520.95,1937.44,0.0,0.0,0.693,0.532594,0.0,"Mo,Cu",No, ,clean,N,Y,Y,,N,,,,,,,,,,,,,,,,,,,,,,WIWQOI_clean,145.7
WIWQUO_clean,5.86317,4.77379,5.86317,1.51311,2502.33,1653.77,0.0,0.0,0.691,0.456676,0.0,"W,Cu",No, ,clean,N,Y,Y,,N,,,,,,,,,,,,,,,,,,,,,,WIWQUO_clean,147.0
WIYFAM_clean,9.09166,6.13483,9.09166,0.794129,2337.82,2943.87,0.0,0.0,0.7296,0.918742,0.0,Zn,Yes,Zn,clean,Y,Y,Y,,N,,,,,,,,,,,,,,,,,,,,,,WIYFAM_clean,200.6
WIYWAE_clean,5.55509,4.14993,5.55509,1.52455,953.655,625.532,0.0,0.0,0.496,0.325342,0.0,Tb,Yes,Tb,clean,N,Y,Y,,N,,,,,,,,,,,,,,,,,,,,,,WIYWAE_clean,492.7
WIYWEI_clean,5.60421,3.86066,5.60127,1.48994,937.281,629.074,0.0,0.0,0.4916,0.329946,0.0,Sm,Yes,Sm,clean,N,Y,Y,,N,,,,,,,,,,,,,,,,,,,,,,WIYWEI_clean,495.2
WIYWOS_clean,5.5468,4.15747,5.5468,1.51166,957.433,633.365,0.0,0.0,0.499,0.330101,0.0,Gd,Yes,Gd,clean,N,Y,Y,,N,,,,,,,,,,,,,,,,,,,,,,WIYWOS_clean,495.2
WIYWUY_clean,5.49903,4.14636,5.49903,1.53964,937.998,609.231,0.0,0.0,0.4952,0.321633,0.0,Dy,Yes,Dy,clean,N,Y,Y,,N,,,,,,,,,,,,,,,,,,,,,,WIYWUY_clean,509.7
WIYZOU_clean,6.69801,4.2951,6.69801,1.32919,1592.17,1197.85,0.0,0.0,0.5518,0.41514,0.0,Co,Yes,Co,clean,Y,Y,Y,,N,,,,,,,,,,,,,,,,,,,,,,WIYZOU_clean,162.9
WIZDEP_clean,11.388,10.51295,11.388,1.29023,1549.54,1200.97,0.0,0.0,0.6408,0.496654,0.0,Zn,Yes,Zn,clean,Y,Y,Y,,N,,,,,,,,,,,,,,,,,,,,,,WIZDEP_clean,166.4
WIZKOH_clean,6.09672,4.22892,6.07575,0.908366,2253.73,2481.08,0.0,0.0,0.6284,0.691792,0.0,Cu,No, ,clean,N,Y,Y,,N,,,,,,,,,,,,,,,,,,,,,,WIZKOH_clean,226.8
WIZMAV02_auto,12.74499,5.77928,12.74499,0.733163,2254.93,3075.61,0.0,0.0,0.725,0.988866,0.00027279,Zr,No, ,auto,N,Y,Y,,N,,,,,,,,,,,,,,,,,,,,,,WIZMAV02_auto,679.4
WOBHEB_clean,11.82299,11.04159,11.82299,1.21909,1551.12,1272.35,0.0,0.0,0.6516,0.534496,0.0,Zn,Yes,Zn,clean,Y,Y,Y,,N,,,,,,,,,,,,,,,,,,,,,,WOBHEB_clean,156.6
WOBHOL_clean,11.68121,10.84815,11.68121,1.21577,1583.43,1302.41,0.0,0.0,0.6636,0.545826,0.0,Zn,Yes,Zn,clean,Y,Y,Y,,N,,,,,,,,,,,,,,,,,,,,,,WOBHOL_clean,153.0
WOBHOM_clean,5.74395,5.29156,5.74395,1.06237,2263.33,2130.44,0.0,0.0,0.6418,0.604119,0.0,Zn,Yes,Zn,clean,N,Y,Y,,N,,,,,,,,,,,,,,,,,,,,,,WOBHOM_clean,166.7
WOBQEL_clean,6.08333,5.37096,6.07626,1.04043,1389.12,1335.14,0.0,0.0,0.5492,0.52786,0.0,Mn,Yes,Mn,clean,N,Y,Y,,N,,,,,,,,,,,,,,,,,,,,,,WOBQEL_clean,317.2
WOCWAN_clean,5.80963,5.50482,5.80963,1.36819,906.494,662.552,0.0,0.0,0.4696,0.343228,0.0,Cu,No, ,clean,Y,Y,Y,,N,,,,,,,,,,,,,,,,,,,,,,WOCWAN_clean,350.2
WODFOL_clean,4.42221,3.69918,4.41972,1.50844,549.218,364.098,0.0,0.0,0.4148,0.274987,0.0,Co,No, ,clean,Y,Y,Y,,N,,,,,,,,,,,,,,,,,,,,,,WODFOL_clean,283.3
WODVOB_clean,6.26224,4.9385,6.26224,0.976988,2134.32,2184.59,0.0,0.0,0.6306,0.645453,0.0,Cd,Yes,Cd,clean,N,Y,Y,,N,,,,,,,,,,,,,,,,,,,,,,WODVOB_clean,209.2
WODXEU_clean,5.99818,3.55745,5.99789,1.43122,1129.23,788.996,0.0,0.0,0.5054,0.353125,0.0,"La,Zn",Yes,La,clean,N,Y,Y,,N,,,,,,,,,,,,,,,,,,,,,,WODXEU_clean,221.7
WOFWET_clean,5.7179,4.33245,5.7179,1.22921,2521.0,2050.91,0.0,0.0,0.7142,0.581024,0.0,Cd,Yes,Cd,clean,N,Y,Y,,N,,,,,,,,,,,,,,,,,,,,,,WOFWET_clean,68.7
WOHBIF_clean,4.33773,3.41599,4.33773,1.49576,352.527,235.684,0.0,0.0,0.417,0.278788,0.0,Cu,No, ,clean,Y,Y,Y,,N,,,,,,,,,,,,,,,,,,,,,,WOHBIF_clean,364.0
WOHDON_clean,5.72419,4.44331,5.72419,1.42898,2534.05,1773.33,0.0,0.0,0.696,0.487062,0.0,Cd,Yes,Cd,clean,Y,Y,Y,,N,,,,,,,,,,,,,,,,,,,,,,WOHDON_clean,127.0
WOHQAN_clean,6.17426,4.1636,6.17426,1.52633,1173.96,769.14,0.0,0.0,0.515,0.337411,0.0,"Cu,Mn",Yes,"Cu,Mn",clean,N,Y,Y,,N,,,,,,,,,,,,,,,,,,,,,,WOHQAN_clean,227.2
WOHSIV_clean,4.85776,4.01614,4.85252,1.45202,314.846,216.834,0.0,0.0,0.3664,0.252339,0.0,"Cu,Na",Yes,"Cu,Na",clean,Y,Y,Y,,N,,,,,,,,,,,,,,,,,,,,,,WOHSIV_clean,381.2
WOHSOB_clean,4.76467,4.03549,4.66336,1.44804,377.496,260.695,0.0,0.0,0.3538,0.244331,0.0,"Cu,K",Yes,"Cu,K",clean,Y,Y,Y,,N,,,,,,,,,,,,,,,,,,,,,,WOHSOB_clean,402.4
WOJJOV_SL,7.82098,6.43142,7.82098,1.16534,871.633,747.963,192.071,164.819,0.4948,0.424596,0.0,Al,No, ,SL,Y,Y,Y,,N,,,,,,,,,,,,,,,,,,,,,,WOJJOV_SL,271.2
WOJZAY_clean,6.27243,4.13122,6.27243,1.17515,1915.59,1630.08,0.0,0.0,0.5984,0.509212,0.0,Ce,Yes,Ce,clean,N,Y,Y,,N,,,,,,,,,,,,,,,,,,,,,,WOJZAY_clean,257.5
WOJZEC_clean,6.29331,4.20233,6.29331,1.17761,1945.22,1651.83,0.0,0.0,0.5978,0.507636,0.0,Pr,Yes,Pr,clean,N,Y,Y,,N,,,,,,,,,,,,,,,,,,,,,,WOJZEC_clean,267.3
WOJZIG_clean,6.32968,4.348,6.32927,1.20953,2082.36,1721.62,0.0,0.0,0.5984,0.494736,0.0,Eu,Yes,Eu,clean,N,Y,Y,,N,,,,,,,,,,,,,,,,,,,,,,WOJZIG_clean,254.9
WOJZOM_clean,5.77002,3.85246,5.77002,1.252,1972.92,1575.81,0.0,0.0,0.591,0.472044,0.0,Sm,Yes,Sm,clean,N,Y,Y,,N,,,,,,,,,,,,,,,,,,,,,,WOJZOM_clean,366.3
WOLMUG_clean,5.45253,3.7803,5.34777,1.25131,1519.07,1213.99,0.0,0.0,0.5746,0.459198,0.0,Ag,Yes,Ag,clean,Y,Y,Y,,N,,,,,,,,,,,,,,,,,,,,,,WOLMUG_clean,305.9
WOLREV_clean,9.92256,5.8874,9.91786,0.624717,2477.67,3966.07,0.0,0.0,0.7426,1.1887,0.0,Mn,Yes,Mn,clean,Y,Y,Y,,N,,,,,,,,,,,,,,,,,,,,,,WOLREV_clean,319.0
WOLRIZ_clean,11.03643,6.52149,11.03643,0.928573,2127.88,2291.56,0.0,0.0,0.7184,0.77366,0.0,Cu,Yes,Cu,clean,Y,Y,Y,,N,,,,,,,,,,,,,,,,,,,,,,WOLRIZ_clean,124.5
WOLYON_clean,13.08079,12.38023,13.06205,0.690785,1403.08,2031.14,0.0,0.0,0.695,1.0061,0.0,Mn,Yes,Mn,clean,N,Y,Y,,N,,,,,,,,,,,,,,,,,,,,,,WOLYON_clean,260.7
WOPSAX02_clean,11.61446,10.87886,11.61282,1.12308,1562.97,1391.69,0.0,0.0,0.6468,0.575919,0.0,Fe,Yes,Fe,clean,N,Y,Y,,N,,,,,,,,,,,,,,,,,,,,,,WOPSAX02_clean,288.2
WOPSAX_clean,11.66235,10.95208,11.66071,1.12361,1554.7,1383.67,0.0,0.0,0.6474,0.57618,0.0,Fe,Yes,Fe,clean,N,Y,Y,,N,,,,,,,,,,,,,,,,,,,,,,WOPSAX_clean,290.3
WOPSOL01_clean,10.90023,10.70959,10.90023,1.18162,1552.96,1314.27,0.0,0.0,0.6334,0.536045,0.0,Fe,Yes,Fe,clean,N,Y,Y,,N,,,,,,,,,,,,,,,,,,,,,,WOPSOL01_clean,311.4
WOPSOL_clean,10.90058,10.69127,10.90058,1.17453,1540.78,1311.82,0.0,0.0,0.6378,0.543023,0.0,Fe,Yes,Fe,clean,N,Y,Y,,N,,,,,,,,,,,,,,,,,,,,,,WOPSOL_clean,260.4
WOPWOO_clean,5.25085,4.08598,5.25085,2.1223,863.13,406.696,0.0,0.0,0.445,0.209679,0.0,"Ag,Cr",Yes,Ag,clean,Y,Y,Y,,N,,,,,,,,,,,,,,,,,,,,,,WOPWOO_clean,280.8
WOQTUT_clean,7.74164,5.799,7.74164,1.37569,1208.67,878.591,0.0,0.0,0.519,0.377266,0.0,Fe,No, ,clean,N,Y,Y,,N,,,,,,,,,,,,,,,,,,,,,,WOQTUT_clean,483.8
WORKOF_clean,9.81174,6.0117,9.81174,0.930964,2043.98,2195.55,1.24552,1.33788,0.6752,0.725269,0.0,Zn,Yes,Zn,clean,Y,Y,Y,,N,,,,,,,,,,,,,,,,,,,,,,WORKOF_clean,365.6
WORKUL_clean,8.46756,5.64741,8.46756,0.942685,2103.28,2231.16,0.0,0.0,0.6726,0.713494,0.0,Zn,Yes,Zn,clean,Y,Y,Y,,N,,,,,,,,,,,,,,,,,,,,,,WORKUL_clean,268.4
WORLAS_clean,9.28052,5.47786,6.88618,0.953453,2042.04,2141.73,5.77107,6.05281,0.6674,0.699982,0.0,Zn,Yes,Zn,clean,Y,Y,Y,,N,,,,,,,,,,,,,,,,,,,,,,WORLAS_clean,268.3
WORREC_clean,7.54466,5.76979,7.52984,0.764767,2839.31,3712.64,0.0,0.0,0.7218,0.943817,0.0,Cu,Yes,Cu,clean,Y,Y,Y,,N,,,,,,,,,,,,,,,,,,,,,,WORREC_clean,115.3
WORSUT_clean,6.27181,5.14016,6.27181,1.1,1232.84,1120.77,0.0,0.0,0.519,0.471819,0.0,Zn,No, ,clean,Y,Y,Y,,N,,,,,,,,,,,,,,,,,,,,,,WORSUT_clean,242.8
WOSHET_clean,5.11803,3.57569,5.1143,1.5953,423.001,265.155,0.0,0.0,0.4296,0.269291,0.0,Cu,Yes,Cu,clean,N,Y,Y,,N,,,,,,,,,,,,,,,,,,,,,,WOSHET_clean,279.8
WOTLOI_clean,8.00513,4.84682,8.00513,0.97425,1418.35,1455.84,0.0,0.0,0.579,0.594304,0.0,Cu,Yes,Cu,clean,N,Y,Y,,N,,,,,,,,,,,,,,,,,,,,,,WOTLOI_clean,174.4
WOTSEF_clean,5.63894,4.87372,5.6352,0.95923,2385.0,2486.37,0.0,0.0,0.6578,0.685758,0.0,Cd,Yes,Cd,clean,Y,Y,Y,,N,,,,,,,,,,,,,,,,,,,,,,WOTSEF_clean,177.3
WOVDES_clean,5.23028,4.01485,5.22391,1.22139,660.545,540.814,0.0,0.0,0.4386,0.359099,0.0,Ni,No, ,clean,Y,Y,Y,,N,,,,,,,,,,,,,,,,,,,,,,WOVDES_clean,391.5
WOYHUP_clean,12.04583,5.92239,11.92324,0.785656,2290.99,2916.02,0.0,0.0,0.7288,0.927633,0.0,Zn,Yes,Zn,clean,N,Y,Y,,N,,,,,,,,,,,,,,,,,,,,,,WOYHUP_clean,133.4
WOYJAX_clean,12.27463,5.80964,12.27345,0.829543,2229.7,2687.86,0.0,0.0,0.7142,0.860956,0.0,Zn,Yes,Zn,clean,N,Y,Y,,N,,,,,,,,,,,,,,,,,,,,,,WOYJAX_clean,987.1
WOYJEB_clean,12.32799,5.95231,12.30286,0.80227,2262.64,2820.29,0.0,0.0,0.7248,0.903436,0.0,Zn,Yes,Zn,clean,N,Y,Y,,N,,,,,,,,,,,,,,,,,,,,,,WOYJEB_clean,978.1
WOYJIF_clean,12.3325,5.92345,11.43456,0.799114,2266.72,2836.54,0.0,0.0,0.716,0.895992,0.0,Cu,Yes,Cu,clean,N,Y,Y,,N,,,,,,,,,,,,,,,,,,,,,,WOYJIF_clean,213.7
WOYJOL_clean,12.52097,5.76234,12.52097,0.820913,2240.31,2729.05,0.0,0.0,0.7178,0.874392,0.0,Cu,Yes,Cu,clean,N,Y,Y,,N,,,,,,,,,,,,,,,,,,,,,,WOYJOL_clean,851.8
WOZGUP_clean,8.72596,4.78582,5.19905,0.69846,2019.57,2891.46,0.0,0.0,0.6706,0.960112,0.0,Co,No, ,clean,N,Y,Y,,N,,,,,,,,,,,,,,,,,,,,,,WOZGUP_clean,387.6
WOZWEP_clean,9.13832,7.15944,9.13721,1.55974,883.314,566.32,0.0,0.0,0.468,0.30005,0.0,In,No, ,clean,N,Y,Y,,N,,,,,,,,,,,,,,,,,,,,,,WOZWEP_clean,326.7
WUCRUH_clean,4.31723,3.81301,4.31723,1.71018,546.548,319.586,0.0,0.0,0.3908,0.228514,0.0,Fe,Yes,Fe,clean,N,Y,Y,,N,,,,,,,,,,,,,,,,,,,,,,WUCRUH_clean,182.3
WUDVEY_clean,7.50178,6.81683,7.48998,1.3921,605.922,435.258,0.0,0.0,0.4572,0.328425,0.0,Yb,Yes,Yb,clean,N,Y,Y,,N,,,,,,,,,,,,,,,,,,,,,,WUDVEY_clean,270.6
WUGQAS_clean,11.44556,6.40417,11.33705,0.730607,2384.2,3263.31,0.0,0.0,0.7356,1.00683,0.0,Zn,Yes,Zn,clean,N,Y,Y,,N,,,,,,,,,,,,,,,,,,,,,,WUGQAS_clean,190.2
WUHJIT_clean,10.93441,7.53577,10.93441,0.740914,2058.85,2778.79,0.0,0.0,0.6834,0.922374,0.0,Mg,Yes,Mg,clean,Y,Y,Y,,N,,,,,,,,,,,,,,,,,,,,,,WUHJIT_clean,145.3
WUKXEH_clean,20.08743,6.60038,20.08743,0.594513,2262.76,3806.08,0.0,0.0,0.7896,1.32814,0.0,Cu,Yes,Cu,clean,N,Y,Y,,N,,,,,,,,,,,,,,,,,,,,,,WUKXEH_clean,662.9
WULJUJ_clean,13.2515,6.69559,13.2515,0.880841,2071.01,2351.17,0.0,0.0,0.7102,0.806275,0.0,Cu,Yes,Cu,clean,N,Y,Y,,N,,,,,,,,,,,,,,,,,,,,,,WULJUJ_clean,591.5
WULKAQ_clean,13.2528,6.68289,13.24082,0.879538,2081.51,2366.6,0.0,0.0,0.7114,0.808834,0.0,Cu,Yes,Cu,clean,N,Y,Y,,N,,,,,,,,,,,,,,,,,,,,,,WULKAQ_clean,568.6
WULQUR_clean,7.08547,5.79444,7.06039,0.976074,2045.35,2095.49,0.0,0.0,0.6658,0.682121,0.0,Zn,Yes,Zn,clean,N,Y,Y,,N,,,,,,,,,,,,,,,,,,,,,,WULQUR_clean,128.7
WUNTEF_clean,5.11473,4.16376,5.10357,1.08866,1006.1,924.169,87.4124,80.2937,0.5292,0.486103,0.0,Cd,No, ,clean,N,Y,Y,,N,,,,,,,,,,,,,,,,,,,,,,WUNTEF_clean,254.1
WUNTIJ_clean,5.10474,4.13393,5.10321,1.0969,978.875,892.401,83.5224,76.1441,0.514,0.468593,0.0,Cd,No, ,clean,N,Y,Y,,N,,,,,,,,,,,,,,,,,,,,,,WUNTIJ_clean,247.1
WUNTOP_clean,5.08733,4.17716,5.07679,1.08852,1089.8,1001.18,0.0,0.0,0.5174,0.475323,0.0,Cd,No, ,clean,N,Y,Y,,N,,,,,,,,,,,,,,,,,,,,,,WUNTOP_clean,254.5
WUNTUV_clean,5.04996,4.14711,5.04511,1.09607,962.033,877.707,77.5987,70.7969,0.5244,0.478435,0.0,Cd,No, ,clean,N,Y,Y,,N,,,,,,,,,,,,,,,,,,,,,,WUNTUV_clean,252.3
WUNVAD_clean,5.07875,4.17789,5.06297,1.09375,995.244,909.941,78.4709,71.7451,0.516,0.471773,0.0,Cd,No, ,clean,N,Y,Y,,N,,,,,,,,,,,,,,,,,,,,,,WUNVAD_clean,260.7
WUNVOR_clean,5.13748,4.1998,5.12786,1.08542,1130.58,1041.61,0.0,0.0,0.5222,0.481103,0.0,Cd,No, ,clean,N,Y,Y,,N,,,,,,,,,,,,,,,,,,,,,,WUNVOR_clean,260.2
WUNVUX_clean,5.06256,4.10802,5.0479,1.09653,996.696,908.953,84.6011,77.1534,0.5168,0.471304,0.0,Cd,No, ,clean,N,Y,Y,,N,,,,,,,,,,,,,,,,,,,,,,WUNVUX_clean,255.5
WUPZUE_clean,5.06349,3.71152,5.06349,1.47923,1116.55,754.816,0.0,0.0,0.5356,0.362081,0.0,Zn,Yes,Zn,clean,N,Y,Y,,N,,,,,,,,,,,,,,,,,,,,,,WUPZUE_clean,165.3
WURKEB_clean,6.32965,4.86396,6.30162,0.999228,1791.69,1793.08,0.0,0.0,0.6306,0.631087,0.0,Mn,Yes,Mn,clean,N,Y,Y,,N,,,,,,,,,,,,,,,,,,,,,,WURKEB_clean,189.7
WURNOO_clean,6.92026,6.59227,6.92026,1.32896,1046.66,787.578,0.0,0.0,0.471,0.354412,0.0,Cu,No, ,clean,N,Y,Y,,N,,,,,,,,,,,,,,,,,,,,,,WURNOO_clean,419.5
WUSCUJ_clean,5.70656,4.20407,5.70656,1.37248,1878.22,1368.48,0.0,0.0,0.6602,0.481026,0.0,"Cd,Cu",Yes,"Cd,Cu",clean,N,Y,Y,,N,,,,,,,,,,,,,,,,,,,,,,WUSCUJ_clean,106.8
WUSGIC_clean,4.47666,3.4574,4.38159,1.49843,1071.95,715.381,0.0,0.0,0.5224,0.348632,0.0,Mn,No, ,clean,N,Y,Y,,N,,,,,,,,,,,,,,,,,,,,,,WUSGIC_clean,225.4
WUSLED_clean,10.30385,9.54542,10.30385,0.791501,1993.93,2519.18,0.0,0.0,0.7574,0.956916,0.0,U,Yes,U,clean,N,Y,Y,,N,,,,,,,,,,,,,,,,,,,,,,WUSLED_clean,229.1
WUSSEK_clean,8.48774,6.12459,8.47169,0.953346,1562.83,1639.31,0.0,0.0,0.592,0.62097,0.0,Cu,Yes,Cu,clean,N,Y,Y,,N,,,,,,,,,,,,,,,,,,,,,,WUSSEK_clean,325.1
WUSXEP_clean,10.27954,6.68603,10.27954,0.811613,2141.53,2638.61,0.0,0.0,0.7038,0.867162,0.0,Co,Yes,Co,clean,N,Y,Y,,N,,,,,,,,,,,,,,,,,,,,,,WUSXEP_clean,284.7
WUTBES_clean,7.39924,5.0967,7.39924,1.7772,885.87,498.464,0.0,0.0,0.459,0.258271,0.0,"Cu,La",No, ,clean,Y,Y,Y,,N,,,,,,,,,,,,,,,,,,,,,,WUTBES_clean,300.3
WUTBEU_clean,12.65678,12.45148,12.65678,0.754809,1718.63,2276.91,0.0,0.0,0.7462,0.988595,0.0,Zr,No, ,clean,N,Y,Y,,N,,,,,,,,,,,,,,,,,,,,,,WUTBEU_clean,71.4
WUTBIW_clean,7.26683,5.05082,7.26683,1.84193,854.902,464.133,0.0,0.0,0.4484,0.24344,0.0,"Cu,Nd",No, ,clean,Y,Y,Y,,N,,,,,,,,,,,,,,,,,,,,,,WUTBIW_clean,295.9
WUTBOC_clean,7.17175,4.98444,7.17175,1.90997,842.378,441.043,0.0,0.0,0.429,0.224611,0.0,"Cu,Eu",No, ,clean,Y,Y,Y,,N,,,,,,,,,,,,,,,,,,,,,,WUTBOC_clean,304.9
WUTBUI_clean,7.46533,5.15143,7.46533,1.74528,880.071,504.258,0.0,0.0,0.4664,0.267235,0.0,"Cu,La",No, ,clean,Y,Y,Y,,N,,,,,,,,,,,,,,,,,,,,,,WUTBUI_clean,298.5
WUTCAP_clean,7.16776,4.98308,7.16776,1.90582,867.573,455.224,0.0,0.0,0.4432,0.232551,0.0,"Cu,Eu",No, ,clean,Y,Y,Y,,N,,,,,,,,,,,,,,,,,,,,,,WUTCAP_clean,302.2
WUTKIG_clean,4.92252,4.16141,4.92016,1.02848,1305.43,1269.29,149.801,145.653,0.5256,0.511047,0.0,Co,Yes,Co,clean,N,Y,Y,,N,,,,,,,,,,,,,,,,,,,,,,WUTKIG_clean,220.0
WUWQEL_clean,6.86556,5.42795,6.77124,1.72448,1373.37,796.394,0.0,0.0,0.5618,0.325779,0.0,Cd,No, ,clean,N,Y,Y,,N,,,,,,,,,,,,,,,,,,,,,,WUWQEL_clean,201.1
WUYWIY_clean,9.10759,5.82003,9.09622,0.79426,2035.41,2562.65,0.0,0.0,0.6788,0.854632,0.0,Cd,No, ,clean,N,Y,Y,,N,,,,,,,,,,,,,,,,,,,,,,WUYWIY_clean,143.1
WUYWOE_clean,9.31132,6.13762,9.25337,0.805528,2027.45,2516.92,0.0,0.0,0.6802,0.844415,0.0,Cd,No, ,clean,N,Y,Y,,N,,,,,,,,,,,,,,,,,,,,,,WUYWOE_clean,287.2
WUYWUK_clean,8.78773,6.19333,8.65663,0.743413,2043.29,2748.52,0.0,0.0,0.6694,0.900442,0.0,Co,No, ,clean,N,Y,Y,,N,,,,,,,,,,,,,,,,,,,,,,WUYWUK_clean,140.4
WUYXAR_clean,9.35403,6.16685,9.35403,0.696817,2021.29,2900.75,0.0,0.0,0.689,0.988782,0.0,Cu,No, ,clean,N,Y,Y,,N,,,,,,,,,,,,,,,,,,,,,,WUYXAR_clean,141.1
WUYXEV_clean,9.37986,6.91474,9.3766,0.799877,2024.21,2530.65,0.0,0.0,0.6774,0.84688,0.0,"Cd,Eu",No, ,clean,N,Y,Y,,N,,,,,,,,,,,,,,,,,,,,,,WUYXEV_clean,311.7
WUYXIZ_clean,9.29397,7.061,9.29397,0.804304,2026.73,2519.86,0.0,0.0,0.6664,0.828542,0.0,"Cd,La",Yes,La,clean,N,Y,Y,,N,,,,,,,,,,,,,,,,,,,,,,WUYXIZ_clean,280.2
WUYXOF_clean,9.05505,5.17643,9.05505,0.759045,1983.21,2612.77,0.0,0.0,0.6628,0.873203,0.0,"Cd,Mn",No, ,clean,N,Y,Y,,N,,,,,,,,,,,,,,,,,,,,,,WUYXOF_clean,140.4
WUYXUL_clean,9.2643,7.0803,9.2643,0.838826,2017.64,2405.31,0.0,0.0,0.6628,0.790152,0.0,"Cd,Nd",Yes,Nd,clean,N,Y,Y,,N,,,,,,,,,,,,,,,,,,,,,,WUYXUL_clean,295.9
WUYYAS_clean,9.33636,7.09924,9.33362,0.775219,2017.38,2602.33,0.0,0.0,0.6762,0.87227,0.0,"Pr,Cd",Yes,Pr,clean,N,Y,Y,,N,,,,,,,,,,,,,,,,,,,,,,WUYYAS_clean,286.0
WUYYEW_clean,9.26232,6.95652,9.26232,0.838222,1987.56,2371.16,0.0,0.0,0.6778,0.808616,0.0,"Cd,Sm",Yes,"Cd,Sm",clean,N,Y,Y,,N,,,,,,,,,,,,,,,,,,,,,,WUYYEW_clean,282.8
WUYYOG_clean,8.73316,6.23369,8.71341,0.740492,2050.34,2768.88,0.0,0.0,0.675,0.911557,0.0,Zn,Yes,Zn,clean,N,Y,Y,,N,,,,,,,,,,,,,,,,,,,,,,WUYYOG_clean,157.5
WUZDOL_clean,5.93429,4.20385,5.53783,1.95218,1731.21,886.811,0.0,0.0,0.5688,0.291367,0.0,Cu,Yes,Cu,clean,N,Y,Y,,N,,,,,,,,,,,,,,,,,,,,,,WUZDOL_clean,261.1
WUZGAB_clean,9.3852,6.06112,9.3852,0.741116,2013.56,2716.93,0.0,0.0,0.6778,0.914567,0.0,"Ca,Cd",No, ,clean,N,Y,Y,,N,,,,,,,,,,,,,,,,,,,,,,WUZGAB_clean,288.6
WUZQOZ_clean,6.97207,5.82661,6.96816,0.933596,1700.54,1821.49,0.0,0.0,0.6474,0.693448,0.0,Cu,Yes,Cu,clean,N,Y,Y,,N,,,,,,,,,,,,,,,,,,,,,,WUZQOZ_clean,178.5
XACQAT_clean,5.05389,3.89577,5.05389,2.41939,826.15,341.47,0.0,0.0,0.42,0.173597,0.0,Ga,No, ,clean,N,Y,Y,,N,,,,,,,,,,,,,,,,,,,,,,XACQAT_clean,250.3
XACSIG_clean,5.90641,4.49569,5.71401,1.1598,896.995,773.404,0.0,0.0,0.4966,0.428177,0.0,Mn,No, ,clean,N,Y,Y,,N,,,,,,,,,,,,,,,,,,,,,,XACSIG_clean,310.0
XACZEH_clean,10.60893,7.2431,10.60893,1.18823,994.3,836.792,67.7434,57.0121,0.5998,0.504785,0.0,Cu,Yes,Cu,clean,Y,Y,Y,,N,,,,,,,,,,,,,,,,,,,,,,XACZEH_clean,185.7
XADCEM_clean,8.43446,8.11603,8.43446,1.03711,1659.86,1600.46,0.0,0.0,0.6244,0.602057,0.0,Cu,Yes,Cu,clean,N,Y,Y,,N,,,,,,,,,,,,,,,,,,,,,,XADCEM_clean,174.2
XADDAJ01_clean,6.46856,4.61872,6.46856,1.24305,1893.89,1523.58,0.0,0.0,0.5932,0.477214,0.0,Tb,Yes,Tb,clean,N,Y,Y,,N,,,,,,,,,,,,,,,,,,,,,,XADDAJ01_clean,381.5
XADDAJ_clean,6.3423,4.46517,6.3423,1.25711,1867.55,1485.59,0.0,0.0,0.5936,0.472195,0.0,Tb,Yes,Tb,clean,Y,Y,Y,,N,,,,,,,,,,,,,,,,,,,,,,XADDAJ_clean,407.8
XADDEN_manual,13.23644,6.65907,13.23644,0.875752,2128.62,2430.62,0.0,0.0,0.7182,0.820095,0.0,Cu,Yes,Cu,manual,N,Y,Y,,N,,,,,,,,,,,,,,,,,,,,,,XADDEN_manual,147.6
XADDIR_manual,13.24642,6.64739,13.24642,0.87412,2116.36,2421.13,0.0,0.0,0.718,0.821397,0.0,Cu,Yes,Cu,manual,N,Y,Y,,N,,,,,,,,,,,,,,,,,,,,,,XADDIR_manual,147.4
XADDOX_clean,5.56472,4.25664,5.46687,1.21878,1831.56,1502.78,0.0,0.0,0.5704,0.46801,0.0,Co,Yes,Co,clean,Y,Y,Y,,N,,,,,,,,,,,,,,,,,,,,,,XADDOX_clean,212.3
XADDUD_clean,6.46377,5.36376,6.20996,1.13461,1899.46,1674.11,0.0,0.0,0.5878,0.518062,0.0,Co,Yes,Co,clean,Y,Y,Y,,N,,,,,,,,,,,,,,,,,,,,,,XADDUD_clean,312.7
XADGAM_clean,5.02813,3.93675,5.02538,1.19627,575.885,481.401,200.588,167.678,0.4922,0.411446,0.0,Zn,Yes,Zn,clean,Y,Y,Y,,N,,,,,,,,,,,,,,,,,,,,,,XADGAM_clean,212.2
XADGOA_clean,4.96518,4.05764,4.96518,2.7729,1349.87,486.806,0.0,0.0,0.5428,0.195751,0.0,U,Yes,U,clean,N,Y,Y,,N,,,,,,,,,,,,,,,,,,,,,,XADGOA_clean,146.6
XAFBEN_clean,4.46675,3.68033,4.46518,1.46572,1326.74,905.182,0.0,0.0,0.5588,0.381246,0.0,Bi,Yes,Bi,clean,N,Y,Y,,N,,,,,,,,,,,,,,,,,,,,,,XAFBEN_clean,210.9
XAFFAN_clean,14.91316,13.24304,14.91316,0.365184,1896.05,5192.05,0.0,0.0,0.8544,2.33964,0.0,Zn,Yes,Zn,clean,Y,Y,Y,,N,,,,,,,,,,,,,,,,,,,,,,XAFFAN_clean,135.8
XAFFER_clean,14.21921,13.28886,14.21921,0.359874,1854.43,5152.99,0.0,0.0,0.8504,2.36305,0.0,Zn,Yes,Zn,clean,Y,Y,Y,,N,,,,,,,,,,,,,,,,,,,,,,XAFFER_clean,132.2
XAFFIV_clean,14.22916,13.19368,14.22916,0.358398,1899.33,5299.5,0.0,0.0,0.8506,2.37334,0.0,Co,Yes,Co,clean,Y,Y,Y,,N,,,,,,,,,,,,,,,,,,,,,,XAFFIV_clean,134.1
XAFFOB_clean,14.83912,13.174,14.83912,0.366991,1878.61,5118.95,0.0,0.0,0.845,2.30251,0.0,Cu,Yes,Cu,clean,Y,Y,Y,,N,,,,,,,,,,,,,,,,,,,,,,XAFFOB_clean,138.0
XAFFUH_clean,23.72832,19.63801,23.72795,0.329166,1685.62,5120.87,0.0,0.0,0.8726,2.65094,0.0,Cu,Yes,Cu,clean,Y,Y,Y,,N,,,,,,,,,,,,,,,,,,,,,,XAFFUH_clean,219.3
XAFXOT_clean,5.91185,4.82034,5.90988,1.88819,647.785,343.072,0.0,0.0,0.3646,0.193095,0.0,La,Yes,La,clean,Y,Y,Y,,N,,,,,,,,,,,,,,,,,,,,,,XAFXOT_clean,282.1
XAGPUT_clean,5.48557,4.55432,5.48557,1.58071,2319.33,1467.27,0.0,0.0,0.6272,0.396784,0.0,U,Yes,U,clean,N,Y,Y,,N,,,,,,,,,,,,,,,,,,,,,,XAGPUT_clean,138.8
XAHPAZ_clean,8.5954,7.40656,8.5954,0.71813,2299.0,3201.36,0.0,0.0,0.725,1.00957,0.0,Cu,Yes,Cu,clean,Y,Y,Y,,N,,,,,,,,,,,,,,,,,,,,,,XAHPAZ_clean,172.4
XAHPED_clean,12.36916,10.86748,12.33885,0.374438,1946.72,5199.04,0.0,0.0,0.8398,2.24283,0.0,Cu,Yes,Cu,clean,Y,Y,Y,,N,,,,,,,,,,,,,,,,,,,,,,XAHPED_clean,147.8
XAHPIH_clean,14.31673,13.37952,14.23422,0.356183,1691.25,4748.26,0.0,0.0,0.8698,2.442,0.0,Cu,Yes,Cu,clean,Y,Y,Y,,N,,,,,,,,,,,,,,,,,,,,,,XAHPIH_clean,123.3
XAHPON_clean,17.29514,15.33221,17.29514,0.284265,1476.32,5193.45,0.0,0.0,0.8856,3.1154,0.0,Cu,Yes,Cu,clean,Y,Y,Y,,N,,,,,,,,,,,,,,,,,,,,,,XAHPON_clean,179.8
XAHPUT_clean,21.82812,20.58591,21.82812,0.178675,1104.09,6179.32,0.0,0.0,0.9154,5.12326,0.0,Cu,Yes,Cu,clean,Y,Y,Y,,N,,,,,,,,,,,,,,,,,,,,,,XAHPUT_clean,112.1
XAHQAA_clean,23.03533,21.60719,23.02579,0.170429,1040.62,6105.88,0.0,0.0,0.9292,5.45213,0.0,Cu,Yes,Cu,clean,Y,Y,Y,,N,,,,,,,,,,,,,,,,,,,,,,XAHQAA_clean,105.3
XAHWAG_clean,5.39358,4.37499,5.38893,1.33376,2734.04,2049.88,0.0,0.0,0.6868,0.514937,0.0,Zn,No, ,clean,N,Y,Y,,N,,,,,,,,,,,,,,,,,,,,,,XAHWAG_clean,100.3
XAJQAC_SL,8.58247,7.41664,8.57789,0.88698,2088.4,2354.51,0.0,0.0,0.6722,0.757852,0.0,In,No, ,SL,Y,Y,Y,,N,,,,,,,,,,,,,,,,,,,,,,XAJQAC_SL,183.8
XAJSEJ_clean,7.98338,7.19596,7.98212,0.722195,2566.22,3553.36,0.0,0.0,0.733,1.01496,0.0,In,No, ,clean,N,Y,Y,,N,,,,,,,,,,,,,,,,,,,,,,XAJSEJ_clean,147.8
XAKQOR_clean,6.07415,4.27878,5.44099,0.965162,1660.14,1720.06,0.0,0.0,0.5906,0.611918,0.0,Cu,No, ,clean,Y,Y,Y,,N,,,,,,,,,,,,,,,,,,,,,,XAKQOR_clean,302.6
XAKVUB_clean,4.10491,3.45919,4.10491,2.87963,383.784,133.276,0.0,0.0,0.3656,0.126961,0.0,Ga,Yes,Ga,clean,N,Y,Y,,N,,,,,,,,,,,,,,,,,,,,,,XAKVUB_clean,182.7
XAKYUE_clean,12.06174,7.75873,12.06174,0.881143,1544.96,1753.36,0.0,0.0,0.6152,0.698184,0.0,Mn,Yes,Mn,clean,Y,Y,Y,,N,,,,,,,,,,,,,,,,,,,,,,XAKYUE_clean,351.9
XAKZAL_clean,8.8329,3.77071,4.46909,1.00158,193.263,192.958,1002.0,1000.42,0.5486,0.547735,0.0,Mn,Yes,Mn,clean,Y,Y,Y,,N,,,,,,,,,,,,,,,,,,,,,,XAKZAL_clean,522.0
XAKZIT_clean,12.23219,8.02038,12.23219,0.853098,1638.56,1920.72,0.0,0.0,0.6458,0.757006,0.0,Mn,Yes,Mn,clean,N,Y,Y,,N,,,,,,,,,,,,,,,,,,,,,,XAKZIT_clean,916.7
XAKZOZ_clean,12.1779,8.09448,10.99703,0.853016,1612.06,1889.83,0.0,0.0,0.6372,0.746997,0.0,Mn,Yes,Mn,clean,Y,Y,Y,,N,,,,,,,,,,,,,,,,,,,,,,XAKZOZ_clean,309.0
XAKZUF_clean,12.14685,7.7394,12.14685,0.885336,1547.82,1748.28,0.0,0.0,0.616,0.695781,0.0,Mn,Yes,Mn,clean,N,Y,Y,,N,,,,,,,,,,,,,,,,,,,,,,XAKZUF_clean,1026.7
XALBAO_clean,12.08969,7.27048,11.78932,0.880979,1591.93,1807.0,0.0,0.0,0.6308,0.716022,0.0,Mn,Yes,Mn,clean,N,Y,Y,,N,,,,,,,,,,,,,,,,,,,,,,XALBAO_clean,955.8
XALBES_clean,12.09861,7.46549,12.09861,0.882372,1572.28,1781.87,0.0,0.0,0.6194,0.701971,0.0,Mn,Yes,Mn,clean,Y,Y,Y,,N,,,,,,,,,,,,,,,,,,,,,,XALBES_clean,337.2
XALBIW_clean,12.14217,7.80534,11.99319,0.869373,1588.95,1827.7,0.0,0.0,0.6226,0.716148,0.0,Mn,Yes,Mn,clean,Y,Y,Y,,N,,,,,,,,,,,,,,,,,,,,,,XALBIW_clean,331.0
XALBUI_clean,12.38727,7.83288,12.25594,0.880388,1559.27,1771.12,0.0,0.0,0.6108,0.693785,0.0,Mn,Yes,Mn,clean,N,Y,Y,,N,,,,,,,,,,,,,,,,,,,,,,XALBUI_clean,977.5
XALCAP_clean,12.14021,7.5095,12.14021,0.892504,1531.39,1715.83,0.0,0.0,0.6302,0.706103,0.0,Mn,Yes,Mn,clean,Y,Y,Y,,N,,,,,,,,,,,,,,,,,,,,,,XALCAP_clean,349.6
XALCET_clean,12.0955,7.67742,12.0955,0.88783,1530.66,1724.05,0.0,0.0,0.6136,0.691123,0.0,Mn,Yes,Mn,clean,Y,Y,Y,,N,,,,,,,,,,,,,,,,,,,,,,XALCET_clean,355.6
XALCIX_clean,8.90504,3.86123,4.56441,1.0015,203.674,203.369,1009.04,1007.53,0.5542,0.55337,0.0,Mn,Yes,Mn,clean,N,Y,Y,,N,,,,,,,,,,,,,,,,,,,,,,XALCIX_clean,1468.2
XALCOD_clean,8.97205,3.95645,4.60423,0.992163,207.149,208.786,995.754,1003.62,0.5564,0.560795,0.0,Mn,Yes,Mn,clean,N,Y,Y,,N,,,,,,,,,,,,,,,,,,,,,,XALCOD_clean,1501.3
XALCUJ_clean,8.77917,3.81164,4.50991,0.995838,192.509,193.314,1019.4,1023.66,0.5598,0.562139,0.0,Mn,Yes,Mn,clean,Y,Y,Y,,N,,,,,,,,,,,,,,,,,,,,,,XALCUJ_clean,500.8
XALDAQ_clean,8.8251,3.77258,4.48452,0.998614,192.623,192.891,1030.53,1031.96,0.5614,0.562179,0.0,Mn,Yes,Mn,clean,Y,Y,Y,,N,,,,,,,,,,,,,,,,,,,,,,XALDAQ_clean,518.7
XALDAS_clean,11.1437,9.04409,11.1437,0.650684,2284.21,3510.47,0.0,0.0,0.7594,1.16708,0.0,Zn,Yes,Zn,clean,N,Y,Y,,N,,,,,,,,,,,,,,,,,,,,,,XALDAS_clean,262.3
XALDEU_clean,8.28708,3.55494,4.42564,1.01761,177.365,174.295,1049.0,1030.85,0.5566,0.546967,0.0,Mn,Yes,Mn,clean,Y,Y,Y,,N,,,,,,,,,,,,,,,,,,,,,,XALDEU_clean,524.8
XALDIY_clean,8.51371,3.60578,4.41534,1.00994,178.965,177.204,1041.51,1031.26,0.5412,0.535874,0.0,Mn,Yes,Mn,clean,Y,Y,Y,,N,,,,,,,,,,,,,,,,,,,,,,XALDIY_clean,497.3
XALDOE_clean,8.72809,3.86749,4.52721,0.991405,208.075,209.879,1052.86,1061.99,0.545,0.549725,0.0,Mn,Yes,Mn,clean,Y,Y,Y,,N,,,,,,,,,,,,,,,,,,,,,,XALDOE_clean,533.2
XALMII_clean,10.30936,8.99249,10.23213,0.734436,2165.04,2947.89,0.0,0.0,0.7052,0.960192,0.0,Co,Yes,Co,clean,Y,Y,Y,,N,,,,,,,,,,,,,,,,,,,,,,XALMII_clean,360.1
XALTIP_clean,18.68299,9.17237,18.68299,0.551216,1809.24,3282.27,0.0,0.0,0.7988,1.44916,0.0,"Zn,Co",Yes,Co,clean,Y,Y,Y,,N,,,,,,,,,,,,,,,,,,,,,,XALTIP_clean,143.2
XALXUF01_clean,16.53276,6.69779,16.53276,0.78335,1957.27,2498.59,0.0,0.0,0.7286,0.930107,0.0,Cu,Yes,Cu,clean,Y,Y,Y,,N,,,,,,,,,,,,,,,,,,,,,,XALXUF01_clean,419.9
XALXUF_clean,16.29659,6.6292,16.03149,0.78852,1944.95,2466.59,0.0,0.0,0.7412,0.939989,0.0,Cu,Yes,Cu,clean,Y,Y,Y,,N,,,,,,,,,,,,,,,,,,,,,,XALXUF_clean,425.2
XAMDUM01_clean,13.18662,6.72456,13.18662,0.882605,2071.54,2347.07,0.0,0.0,0.7186,0.81418,0.0,Cu,Yes,Cu,clean,Y,Y,Y,,N,,,,,,,,,,,,,,,,,,,,,,XAMDUM01_clean,151.2
XAMDUM02_clean,13.17767,6.71826,13.17767,0.884458,2085.56,2358.0,0.0,0.0,0.7192,0.813153,0.0,Cu,Yes,Cu,clean,Y,Y,Y,,N,,,,,,,,,,,,,,,,,,,,,,XAMDUM02_clean,150.2
XAMDUM03_clean,13.16192,6.69067,13.16192,0.887821,2084.01,2347.33,0.0,0.0,0.7178,0.808496,0.0,Cu,Yes,Cu,clean,Y,Y,Y,,N,,,,,,,,,,,,,,,,,,,,,,XAMDUM03_clean,150.7
XAMDUM04_clean,12.94074,6.40333,12.94074,0.919994,2127.62,2312.64,0.0,0.0,0.711,0.772831,0.0,Cu,Yes,Cu,clean,Y,Y,Y,,N,,,,,,,,,,,,,,,,,,,,,,XAMDUM04_clean,155.2
XAMDUM05_clean,13.11018,6.61787,13.11018,0.895381,2105.3,2351.29,0.0,0.0,0.717,0.800776,0.0,Cu,Yes,Cu,clean,Y,Y,Y,,N,,,,,,,,,,,,,,,,,,,,,,XAMDUM05_clean,150.3
XAMDUM06_clean,13.1663,6.64621,13.1663,0.88326,2088.66,2364.72,0.0,0.0,0.7192,0.814256,0.0,Cu,Yes,Cu,clean,Y,Y,Y,,N,,,,,,,,,,,,,,,,,,,,,,XAMDUM06_clean,151.9
XAMDUM_clean,13.20706,6.72961,13.20706,0.879722,2074.04,2357.61,0.0,0.0,0.7196,0.817985,0.0,Cu,Yes,Cu,clean,Y,Y,Y,,N,,,,,,,,,,,,,,,,,,,,,,XAMDUM_clean,153.1
XAMGUQ_clean,8.47788,6.65907,8.47788,0.938367,1761.37,1877.06,0.0,0.0,0.63,0.671379,0.0,Co,Yes,Co,clean,N,Y,Y,,N,,,,,,,,,,,,,,,,,,,,,,XAMGUQ_clean,529.8
XAMHEA_manual,9.05929,7.3957,8.92663,0.731602,2360.06,3225.88,0.0,0.0,0.7172,0.980315,0.0,Zn,No, ,manual,Y,Y,Y,,N,,,,,,,,,,,,,,,,,,,,,,XAMHEA_manual,140.1
XANKOO_clean,10.98297,5.31916,10.97484,0.745521,2263.49,3036.11,6.87382,9.22015,0.704,0.944306,0.0,"Zn,Mn",Yes,"Zn,Mn",clean,N,Y,Y,,N,,,,,,,,,,,,,,,,,,,,,,XANKOO_clean,1140.9
XANLAA_clean,6.14583,4.4748,6.13418,0.794677,2426.04,3052.86,0.0,0.0,0.655,0.824234,0.0,Co,Yes,Co,clean,N,Y,Y,,N,,,,,,,,,,,,,,,,,,,,,,XANLAA_clean,290.0
XANLEE_clean,6.11311,4.49275,6.10612,0.785206,2427.23,3091.21,0.0,0.0,0.6562,0.835705,0.0,Fe,Yes,Fe,clean,N,Y,Y,,N,,,,,,,,,,,,,,,,,,,,,,XANLEE_clean,286.6
XANMIJ_clean,6.91782,5.66055,6.91782,1.1601,1892.28,1631.14,0.0,0.0,0.5818,0.50151,0.0,Co,No, ,clean,Y,Y,Y,,N,,,,,,,,,,,,,,,,,,,,,,XANMIJ_clean,192.5
XAPCOH_clean,8.13608,7.45425,8.13237,1.22623,2069.1,1687.37,0.0,0.0,0.6692,0.545739,0.0,Zn,No, ,clean,N,Y,Y,,N,,,,,,,,,,,,,,,,,,,,,,XAPCOH_clean,390.2
XAPCOJ01_clean,7.3057,7.1276,7.3057,1.11442,1602.91,1438.33,0.0,0.0,0.599,0.537499,0.0,V,No, ,clean,N,Y,Y,,N,,,,,,,,,,,,,,,,,,,,,,XAPCOJ01_clean,136.8
XAPCOJ02_clean,7.30662,7.12733,7.30662,1.1168,1599.91,1432.58,0.0,0.0,0.598,0.535457,0.0,V,No, ,clean,N,Y,Y,,N,,,,,,,,,,,,,,,,,,,,,,XAPCOJ02_clean,137.4
XAPCOJ03_clean,7.31075,7.15837,7.31075,1.119,1594.88,1425.28,0.0,0.0,0.597,0.533514,0.0,V,No, ,clean,N,Y,Y,,N,,,,,,,,,,,,,,,,,,,,,,XAPCOJ03_clean,137.0
XAPCOJ04_clean,7.30941,7.11813,7.30941,1.12085,1593.11,1421.33,0.0,0.0,0.597,0.53263,0.0,V,No, ,clean,N,Y,Y,,N,,,,,,,,,,,,,,,,,,,,,,XAPCOJ04_clean,137.0
XAPCOJ05_clean,7.33092,7.2403,7.33092,1.11449,1591.26,1427.79,0.0,0.0,0.599,0.537465,0.0,V,No, ,clean,N,Y,Y,,N,,,,,,,,,,,,,,,,,,,,,,XAPCOJ05_clean,141.7
XAPCOJ06_clean,7.33103,7.26133,7.33103,1.11607,1588.71,1423.49,0.0,0.0,0.5978,0.535629,0.0,V,No, ,clean,N,Y,Y,,N,,,,,,,,,,,,,,,,,,,,,,XAPCOJ06_clean,142.7
XAPCOJ07_clean,7.31581,7.08591,7.31581,1.1114,1611.64,1450.1,0.0,0.0,0.6012,0.540938,0.0,V,No, ,clean,N,Y,Y,,N,,,,,,,,,,,,,,,,,,,,,,XAPCOJ07_clean,138.2
XAPCOJ_clean,7.18852,7.02354,7.18852,1.11226,1622.09,1458.37,0.0,0.0,0.6008,0.540161,0.0,V,No, ,clean,N,Y,Y,,N,,,,,,,,,,,,,,,,,,,,,,XAPCOJ_clean,137.5
XAPCUN_clean,8.23812,7.71066,8.23292,1.2095,2057.71,1701.29,0.0,0.0,0.6722,0.555769,0.0,Zn,No, ,clean,N,Y,Y,,N,,,,,,,,,,,,,,,,,,,,,,XAPCUN_clean,386.4
XAPDAU_clean,8.2002,7.60089,8.18046,1.21167,2074.4,1712.02,0.0,0.0,0.6722,0.554773,0.0,Zn,No, ,clean,N,Y,Y,,N,,,,,,,,,,,,,,,,,,,,,,XAPDAU_clean,388.6
XAPDEY_clean,8.43698,7.85452,8.43698,1.19984,2075.29,1729.64,0.0,0.0,0.6726,0.560573,0.0,Zn,No, ,clean,Y,Y,Y,,N,,,,,,,,,,,,,,,,,,,,,,XAPDEY_clean,415.6
XAPGAZ_clean,10.38016,8.73539,10.36807,1.35659,2005.54,1478.37,0.0,0.0,0.7244,0.533985,0.0,"Mo,Zn",Yes,"Mo,Zn",clean,N,Y,Y,,N,,,,,,,,,,,,,,,,,,,,,,XAPGAZ_clean,362.1
XAPGED_clean,10.47318,8.63887,10.47223,1.31181,2059.34,1569.85,0.148904,0.11351,0.7314,0.557551,0.0,"Mo,Zn",Yes,"Mo,Zn",clean,N,Y,Y,,N,,,,,,,,,,,,,,,,,,,,,,XAPGED_clean,327.0
XAPGOK_clean,4.30393,3.46273,4.2974,1.65851,453.916,273.69,0.0,0.0,0.4906,0.295808,0.0,Ag,Yes,Ag,clean,N,Y,Y,,N,,,,,,,,,,,,,,,,,,,,,,XAPGOK_clean,154.5
XAPGUQ_clean,5.69788,4.67127,5.65245,1.33358,1307.89,980.739,0.0,0.0,0.5882,0.44107,0.0,Ag,Yes,Ag,clean,N,Y,Y,,N,,,,,,,,,,,,,,,,,,,,,,XAPGUQ_clean,119.1
XAPNIN_clean,6.36937,5.09614,6.24616,0.987749,1999.77,2024.57,0.0,0.0,0.6554,0.663529,0.0,Zn,No, ,clean,N,Y,Y,,N,,,,,,,,,,,,,,,,,,,,,,XAPNIN_clean,129.5
XAPSIS_clean,5.46139,4.76389,5.45821,0.955004,2054.51,2151.31,0.0,0.0,0.644,0.674342,0.0,Co,Yes,Co,clean,N,Y,Y,,N,,,,,,,,,,,,,,,,,,,,,,XAPSIS_clean,125.9
XAPTEQ_clean,5.59461,4.17124,5.5868,1.43565,1333.03,928.52,0.0,0.0,0.5274,0.36736,0.0,Eu,Yes,Eu,clean,N,Y,Y,,N,,,,,,,,,,,,,,,,,,,,,,XAPTEQ_clean,234.1
XAPTUE_clean,7.01351,4.77674,6.96552,1.46731,1437.82,979.906,0.0,0.0,0.555,0.378244,0.0,Gd,Yes,Gd,clean,N,Y,Y,,N,,,,,,,,,,,,,,,,,,,,,,XAPTUE_clean,186.6
XARPAK_clean,5.96341,5.54999,5.95022,1.02109,1555.57,1523.45,0.0,0.0,0.5744,0.562538,0.0,Cu,Yes,Cu,clean,N,Y,Y,,N,,,,,,,,,,,,,,,,,,,,,,XARPAK_clean,191.9
XASFAY_clean,4.84062,3.90347,4.82463,0.992255,1242.53,1252.23,0.0,0.0,0.541,0.545223,0.0,Cu,Yes,Cu,clean,Y,Y,Y,,N,,,,,,,,,,,,,,,,,,,,,,XASFAY_clean,352.9
XASJUZ_clean,5.3717,3.49252,5.3717,1.8286,687.912,376.196,166.963,91.3066,0.5254,0.287324,0.0,Er,Yes,Er,clean,N,Y,Y,,N,,,,,,,,,,,,,,,,,,,,,,XASJUZ_clean,213.0
XASNUD_clean,13.51875,4.58024,13.51875,0.967914,2185.15,2257.59,0.0,0.0,0.6906,0.713493,0.0,Zn,Yes,Zn,clean,N,Y,Y,,N,,,,,,,,,,,,,,,,,,,,,,XASNUD_clean,403.5
XASPEP_clean,8.21663,6.97386,8.21491,1.11162,2036.98,1832.45,0.0,0.0,0.6426,0.578078,0.0,Zn,Yes,Zn,clean,N,Y,Y,,N,,,,,,,,,,,,,,,,,,,,,,XASPEP_clean,216.1
XATLIQ_clean,6.68504,4.40867,6.68504,1.13487,1861.75,1640.49,0.0,0.0,0.6014,0.529928,0.0,"Cd,Si",Yes,Cd,clean,N,Y,Y,,N,,,,,,,,,,,,,,,,,,,,,,XATLIQ_clean,259.8
XATZOK_clean,8.52599,5.82023,8.33095,0.788781,2129.05,2699.16,0.0,0.0,0.69,0.874767,0.0,Zn,Yes,Zn,clean,N,Y,Y,,N,,,,,,,,,,,,,,,,,,,,,,XATZOK_clean,176.9
XATZUQ_clean,7.56959,6.44554,7.50387,0.891969,1666.54,1868.38,0.0,0.0,0.6382,0.715495,0.0,Zn,Yes,Zn,clean,N,Y,Y,,N,,,,,,,,,,,,,,,,,,,,,,XATZUQ_clean,248.6
XAVDEF_clean_h,7.82348,7.29552,7.82348,0.99494,1791.82,1800.93,0.0,0.0,0.636,0.639234,0.0,V,Yes,V,clean_h,N,Y,Y,,N,,,,,,,,,,,,,,,,,,,,,,XAVDEF_clean_h,160.1
XAVKIR_clean,15.62831,12.51365,15.62831,0.534545,1877.9,3513.08,0.0,0.0,0.7824,1.46367,0.0,Cu,Yes,Cu,clean,N,Y,Y,,N,,,,,,,,,,,,,,,,,,,,,,XAVKIR_clean,1556.9
XAVQIU01_clean,4.21946,3.54584,4.20969,1.16836,1052.94,901.216,0.0,0.0,0.57,0.487865,0.0,Co,Yes,Co,clean,N,Y,Y,,N,,,,,,,,,,,,,,,,,,,,,,XAVQIU01_clean,144.7
XAVQIU_clean,4.2412,3.56279,4.22796,1.15986,1110.01,957.016,0.0,0.0,0.5978,0.515406,0.0,Co,Yes,Co,clean,N,Y,Y,,N,,,,,,,,,,,,,,,,,,,,,,XAVQIU_clean,140.9
XAWVUN_clean,10.78711,9.22291,10.78432,0.464213,2191.63,4721.18,0.0,0.0,0.8104,1.74575,0.0,Cu,Yes,Cu,clean,Y,Y,Y,,N,,,,,,,,,,,,,,,,,,,,,,XAWVUN_clean,117.6
XAZFEJ_clean,4.73064,4.15643,4.70239,1.61284,1526.71,946.596,0.0,0.0,0.5556,0.344486,0.0,Ag,Yes,Ag,clean,N,Y,Y,,N,,,,,,,,,,,,,,,,,,,,,,XAZFEJ_clean,192.4
XAZGEK_clean,4.67162,3.9585,4.53755,1.49862,1406.73,938.683,116.154,77.5075,0.6196,0.413447,0.0,Ag,Yes,Ag,clean,Y,Y,Y,,N,,,,,,,,,,,,,,,,,,,,,,XAZGEK_clean,352.3
XEBHOC_clean,12.08201,9.91355,12.06465,0.465059,2182.46,4692.86,0.0,0.0,0.813,1.74817,0.0,Cu,Yes,Cu,clean,Y,Y,Y,,N,,,,,,,,,,,,,,,,,,,,,,XEBHOC_clean,121.0
XEDGIY_clean,7.07898,5.31452,7.01634,0.998068,1852.97,1856.56,0.0,0.0,0.6184,0.619597,0.0,Cd,Yes,Cd,clean,Y,Y,Y,,N,,,,,,,,,,,,,,,,,,,,,,XEDGIY_clean,288.4
XEDLUN01_clean,4.9958,3.46915,4.97725,0.885985,1404.66,1585.43,0.0,0.0,0.6048,0.68263,0.0,Ti,Yes,Ti,clean,N,Y,Y,,N,,,,,,,,,,,,,,,,,,,,,,XEDLUN01_clean,159.5
XEDLUN_clean,5.03615,3.51292,5.0361,0.885985,1404.83,1585.62,0.0,0.0,0.61,0.688499,0.0,Ti,Yes,Ti,clean,N,Y,Y,,N,,,,,,,,,,,,,,,,,,,,,,XEDLUN_clean,166.8
XEDPED_clean,10.92065,8.43628,10.92065,1.03509,1442.59,1393.7,0.0,0.0,0.609,0.588357,0.0,Zn,No, ,clean,Y,Y,Y,,N,,,,,,,,,,,,,,,,,,,,,,XEDPED_clean,559.9
XEDPIH_clean,4.84924,3.94171,4.80226,1.78705,773.954,433.09,0.0,0.0,0.5042,0.282141,0.0,Zn,No, ,clean,Y,Y,Y,,N,,,,,,,,,,,,,,,,,,,,,,XEDPIH_clean,200.6
XEDPON_clean,7.48304,4.32366,7.48304,1.13521,1918.18,1689.72,0.0,0.0,0.6406,0.564302,0.0,Zn,Yes,Zn,clean,Y,Y,Y,,N,,,,,,,,,,,,,,,,,,,,,,XEDPON_clean,146.6
XEDPUT_clean,12.14022,5.32775,12.13484,1.5096,998.115,661.177,50.3608,33.3603,0.5416,0.35877,0.0,Zn,Yes,Zn,clean,N,Y,Y,,N,,,,,,,,,,,,,,,,,,,,,,XEDPUT_clean,904.8
XEFGAQ_clean,4.04864,3.84801,4.03945,1.23647,540.504,437.135,0.0,0.0,0.4578,0.370247,0.0,Cu,No, ,clean,N,Y,Y,,N,,,,,,,,,,,,,,,,,,,,,,XEFGAQ_clean,203.7
XEFKOI_clean,4.24138,4.03203,4.24093,1.2014,660.067,549.414,0.0,0.0,0.487,0.40536,0.0,Cu,No, ,clean,N,Y,Y,,N,,,,,,,,,,,,,,,,,,,,,,XEFKOI_clean,197.9
XEGJIE02_clean,6.83643,4.32814,6.8224,1.14242,1819.25,1592.45,0.0,0.0,0.6186,0.541481,0.0,Gd,Yes,Gd,clean,N,Y,Y,,N,,,,,,,,,,,,,,,,,,,,,,XEGJIE02_clean,281.1
XEGJIE_clean,6.8392,4.32331,6.8392,1.14242,1823.4,1596.08,0.0,0.0,0.6078,0.532027,0.0,Gd,Yes,Gd,clean,Y,Y,Y,,N,,,,,,,,,,,,,,,,,,,,,,XEGJIE_clean,288.2
XEGJOK_clean,8.03848,5.65574,8.03848,1.06612,2083.29,1954.09,0.0,0.0,0.6316,0.59243,0.0,Gd,Yes,Gd,clean,Y,Y,Y,,N,,,,,,,,,,,,,,,,,,,,,,XEGJOK_clean,237.3
XEGJUQ_clean,7.4125,4.89988,7.38387,1.09762,2034.16,1853.25,0.0,0.0,0.6302,0.574154,0.0,Gd,Yes,Gd,clean,Y,Y,Y,,N,,,,,,,,,,,,,,,,,,,,,,XEGJUQ_clean,289.3
XEGKAX_clean,7.81736,4.94122,7.81736,1.03321,2328.38,2253.55,0.0,0.0,0.6462,0.625431,0.0,Gd,Yes,Gd,clean,Y,Y,Y,,N,,,,,,,,,,,,,,,,,,,,,,XEGKAX_clean,292.9
XEGKEB_clean,8.23995,5.69274,8.22914,1.05735,2095.89,1982.22,0.0,0.0,0.65,0.614747,0.0,Gd,Yes,Gd,clean,Y,Y,Y,,N,,,,,,,,,,,,,,,,,,,,,,XEGKEB_clean,236.1
XEGKIF_clean,5.20553,3.75045,5.02164,1.3269,1101.02,829.769,0.0,0.0,0.5188,0.390988,0.0,Gd,Yes,Gd,clean,Y,Y,Y,,N,,,,,,,,,,,,,,,,,,,,,,XEGKIF_clean,218.9
XEGKOL_clean,8.255,5.9525,8.24564,1.11832,1646.01,1471.86,0.0,0.0,0.6014,0.537769,0.0,Gd,No, ,clean,Y,Y,Y,,N,,,,,,,,,,,,,,,,,,,,,,XEGKOL_clean,222.5
XEGKUR_clean,6.60096,5.85838,6.60096,1.03463,2226.74,2152.21,0.0,0.0,0.653,0.631143,0.0,Gd,Yes,Gd,clean,Y,Y,Y,,N,,,,,,,,,,,,,,,,,,,,,,XEGKUR_clean,171.1
XEHDEV_clean,10.95452,9.96703,10.95452,0.958795,1688.15,1760.7,0.0,0.0,0.6704,0.699211,0.0,Be,No, ,clean,N,Y,Y,,N,,,,,,,,,,,,,,,,,,,,,,XEHDEV_clean,291.6
XEHRUY_clean,4.75094,3.73804,4.73309,1.40294,806.249,574.687,0.0,0.0,0.4558,0.32489,0.0,Mg,No, ,clean,N,Y,Y,,N,,,,,,,,,,,,,,,,,,,,,,XEHRUY_clean,186.2
XEHSAF_clean,4.88109,3.65952,4.87411,1.39164,808.303,580.827,0.0,0.0,0.4608,0.33112,0.0,Mg,No, ,clean,Y,Y,Y,,N,,,,,,,,,,,,,,,,,,,,,,XEHSAF_clean,197.4
XEHSEJ_clean,5.24127,3.85188,5.21916,1.33454,931.861,698.265,0.0,0.0,0.4838,0.362522,0.0,Mg,No, ,clean,Y,Y,Y,,N,,,,,,,,,,,,,,,,,,,,,,XEHSEJ_clean,197.0
XEHSIN_clean,4.81303,3.64676,4.81303,1.40908,773.939,549.25,0.0,0.0,0.452,0.320776,0.0,Mg,No, ,clean,Y,Y,Y,,N,,,,,,,,,,,,,,,,,,,,,,XEHSIN_clean,197.0
XEHSOT_clean,4.76348,3.63666,4.76348,1.41375,744.384,526.53,0.0,0.0,0.4508,0.318867,0.0,Mg,No, ,clean,Y,Y,Y,,N,,,,,,,,,,,,,,,,,,,,,,XEHSOT_clean,197.2
XEHSUZ_clean,4.73753,3.78928,4.73753,1.38845,832.486,599.579,0.0,0.0,0.4634,0.333753,0.0,Mg,No, ,clean,Y,Y,Y,,N,,,,,,,,,,,,,,,,,,,,,,XEHSUZ_clean,197.8
XEJWUG_clean,4.34072,3.48491,4.33485,1.56158,471.476,301.922,0.0,0.0,0.4076,0.261018,0.0,Co,No, ,clean,Y,Y,Y,,N,,,,,,,,,,,,,,,,,,,,,,XEJWUG_clean,261.5
XEJXAN_clean,4.27901,3.60567,4.27901,1.57867,491.894,311.588,0.0,0.0,0.4078,0.258319,0.0,Ni,No, ,clean,Y,Y,Y,,N,,,,,,,,,,,,,,,,,,,,,,XEJXAN_clean,263.8
XEJXER_clean,4.12173,3.57853,4.12173,1.5597,414.634,265.842,0.0,0.0,0.4006,0.256844,0.0,Ni,No, ,clean,Y,Y,Y,,N,,,,,,,,,,,,,,,,,,,,,,XEJXER_clean,273.1
XEKCAT01_clean,5.91545,4.93297,5.80854,0.930696,2244.72,2411.88,0.0,0.0,0.61,0.655424,0.0,Mg,Yes,Mg,clean,N,Y,Y,,N,,,,,,,,,,,,,,,,,,,,,,XEKCAT01_clean,201.3
XEKCAT_clean,5.88115,4.91006,5.87893,0.940943,2247.61,2388.68,0.0,0.0,0.6062,0.644247,0.0,Mg,Yes,Mg,clean,N,Y,Y,,N,,,,,,,,,,,,,,,,,,,,,,XEKCAT_clean,196.7
XEKDOI_clean,4.10568,3.45704,3.93638,1.4574,748.354,513.486,0.0,0.0,0.4558,0.312749,0.0,Cu,Yes,Cu,clean,N,Y,Y,,N,,,,,,,,,,,,,,,,,,,,,,XEKDOI_clean,170.1
XEKMIL_clean,4.64233,3.82793,4.64153,1.9066,1018.44,534.165,0.0,0.0,0.4706,0.246827,0.0,Eu,Yes,Eu,clean,Y,Y,Y,,N,,,,,,,,,,,,,,,,,,,,,,XEKMIL_clean,268.6
XENCAU_clean,8.29403,6.89914,8.29403,0.556974,2324.09,4172.71,0.0,0.0,0.7312,1.31281,0.0,Co,Yes,Co,clean,N,Y,Y,,N,,,,,,,,,,,,,,,,,,,,,,XENCAU_clean,303.3
XENKIM_clean,7.32998,6.03401,7.3267,0.822036,2196.41,2671.92,0.0,0.0,0.6598,0.802641,0.0,Ca,Yes,Ca,clean,N,Y,Y,,N,,,,,,,,,,,,,,,,,,,,,,XENKIM_clean,264.2
XENMIO_SL,4.2763,3.43605,4.2763,1.62008,351.871,217.194,309.344,190.944,0.4486,0.2769,0.0,Zn,Yes,Zn,SL,Y,Y,Y,,N,,,,,,,,,,,,,,,,,,,,,,XENMIO_SL,243.8
XENMOU_SL,4.28444,3.44611,4.27407,1.60371,375.808,234.337,301.542,188.028,0.4528,0.282345,0.0,Zn,Yes,Zn,SL,Y,Y,Y,,N,,,,,,,,,,,,,,,,,,,,,,XENMOU_SL,245.9
XEPBAX_clean,5.14969,3.64809,5.0808,0.940411,1672.05,1778.0,0.0,0.0,0.6138,0.652693,0.0,"V,Li",Yes,Li,clean,N,Y,Y,,N,,,,,,,,,,,,,,,,,,,,,,XEPBAX_clean,154.2
XEQGAC_clean,5.58663,3.48947,5.56914,1.35723,1328.82,979.066,0.0,0.0,0.5714,0.421003,0.0,V,Yes,V,clean,N,Y,Y,,N,,,,,,,,,,,,,,,,,,,,,,XEQGAC_clean,109.1
XEQRAO_clean,5.51146,4.60933,5.51146,1.37083,876.068,639.08,0.0,0.0,0.4564,0.332938,0.0,Cd,Yes,Cd,clean,Y,Y,Y,,N,,,,,,,,,,,,,,,,,,,,,,XEQRAO_clean,226.8
XESKAJ_clean,9.85685,9.29464,9.85685,1.10591,1360.23,1229.96,0.0,0.0,0.5664,0.512158,0.0,Mg,Yes,Mg,clean,Y,Y,Y,,N,,,,,,,,,,,,,,,,,,,,,,XESKAJ_clean,179.7
XESKEN_SL,9.9038,9.36477,9.9038,1.10837,1274.59,1149.97,0.0,0.0,0.5552,0.500916,0.0,Mg,Yes,Mg,SL,N,Y,Y,,N,,,,,,,,,,,,,,,,,,,,,,XESKEN_SL,271.9
XESKIR_clean_h,10.14317,9.85365,10.14317,1.23585,1309.87,1059.89,0.0,0.0,0.5666,0.45847,0.0,Mn,Yes,Mn,clean_h,N,Y,Y,,N,,,,,,,,,,,,,,,,,,,,,,XESKIR_clean_h,155.2
XESKUD_clean,9.9638,9.32015,9.9638,1.26973,1375.76,1083.51,0.0,0.0,0.5732,0.451435,0.0,Fe,Yes,Fe,clean,N,Y,Y,,N,,,,,,,,,,,,,,,,,,,,,,XESKUD_clean,167.0
XESLAK_clean,10.31182,9.72546,10.31182,1.3077,1323.78,1012.29,0.0,0.0,0.5742,0.439091,0.0,Co,Yes,Co,clean,N,Y,Y,,N,,,,,,,,,,,,,,,,,,,,,,XESLAK_clean,167.1
XEWDUA_clean,8.87023,8.12641,8.87023,1.28139,1148.81,896.537,0.0,0.0,0.5282,0.41221,0.0,"Cu,Gd",Yes,Gd,clean,Y,Y,Y,,N,,,,,,,,,,,,,,,,,,,,,,XEWDUA_clean,286.7
XEWFAI_clean,8.58001,7.48221,8.58001,1.10647,1594.92,1441.46,0.0,0.0,0.5888,0.532145,0.0,"Zn,Eu",Yes,Eu,clean,Y,Y,Y,,N,,,,,,,,,,,,,,,,,,,,,,XEWFAI_clean,278.1
XEXLAP_clean,8.64993,8.01633,8.63141,1.0685,1374.86,1286.72,0.0,0.0,0.5518,0.516424,0.0,Mn,No, ,clean,Y,Y,Y,,N,,,,,,,,,,,,,,,,,,,,,,XEXLAP_clean,299.3
XEXLET_clean,8.01945,7.40132,8.00563,1.23661,1375.89,1112.63,0.0,0.0,0.5666,0.458188,0.0,Cd,No, ,clean,N,Y,Y,,N,,,,,,,,,,,,,,,,,,,,,,XEXLET_clean,285.3
XEXLIX_clean,7.04809,6.65056,7.03557,1.241,1207.66,973.134,0.0,0.0,0.527,0.424658,0.0,Zn,Yes,Zn,clean,Y,Y,Y,,N,,,,,,,,,,,,,,,,,,,,,,XEXLIX_clean,261.8
XEXLOD_clean,7.18877,6.831,7.15894,1.17716,1370.68,1164.39,0.0,0.0,0.5458,0.463657,0.0,Zn,Yes,Zn,clean,Y,Y,Y,,N,,,,,,,,,,,,,,,,,,,,,,XEXLOD_clean,302.4
XEXLUJ_clean,8.72919,8.14175,8.68787,1.12133,1390.1,1239.69,0.0,0.0,0.5646,0.50351,0.0,Zn,Yes,Zn,clean,Y,Y,Y,,N,,,,,,,,,,,,,,,,,,,,,,XEXLUJ_clean,255.9
XEXMAQ_clean,8.3881,8.06353,8.36842,1.12082,1406.28,1254.68,0.0,0.0,0.5662,0.505164,0.0,Zn,Yes,Zn,clean,N,Y,Y,,N,,,,,,,,,,,,,,,,,,,,,,XEXMAQ_clean,294.6
XEXMEU_clean,9.62722,8.85338,9.62722,1.05458,1424.32,1350.6,0.0,0.0,0.595,0.564206,0.0,Zn,Yes,Zn,clean,Y,Y,Y,,N,,,,,,,,,,,,,,,,,,,,,,XEXMEU_clean,257.1
XEYMAR_clean,6.22077,4.79076,5.73209,1.34353,2239.47,1666.86,0.0,0.0,0.6636,0.493924,0.0,"Cu,Mn",Yes,"Cu,Mn",clean,Y,Y,Y,,N,,,,,,,,,,,,,,,,,,,,,,XEYMAR_clean,243.6
XIBZUF_clean,6.9167,4.63591,6.73101,0.936691,2313.06,2469.39,0.0,0.0,0.6504,0.694359,0.0,Y,Yes,Y,clean,Y,Y,Y,,N,,,,,,,,,,,,,,,,,,,,,,XIBZUF_clean,196.5
XICNOO01_clean,19.50435,6.85327,19.46967,0.908856,1908.32,2099.7,0.0,0.0,0.7472,0.822132,0.000220057,Zr,Yes,Zr,clean,Y,Y,Y,,N,,,,,,,,,,,,,,,,,,,,,,XICNOO01_clean,376.2
XICNOO02_clean,19.59015,6.72401,19.59015,0.902602,1911.89,2118.2,0.0,0.0,0.7472,0.827829,0.000221582,Zr,Yes,Zr,clean,Y,Y,Y,,N,,,,,,,,,,,,,,,,,,,,,,XICNOO02_clean,397.8
XICNOO_clean,19.61611,6.71064,19.54957,0.903297,1911.76,2116.42,0.0,0.0,0.747,0.826971,0.000221411,Zr,Yes,Zr,clean,Y,Y,Y,,N,,,,,,,,,,,,,,,,,,,,,,XICNOO_clean,368.1
XICYAL_clean,7.12423,4.20147,7.12423,1.10581,1383.62,1251.23,0.0,0.0,0.5472,0.49484,0.0,Zn,Yes,Zn,clean,Y,Y,Y,,N,,,,,,,,,,,,,,,,,,,,,,XICYAL_clean,536.4
XICYEP_SL,6.23549,4.07005,5.99515,1.80747,1927.34,1066.32,0.0,0.0,0.6084,0.336603,0.000442607,Hf,Yes,Hf,SL,Y,Y,Y,,N,,,,,,,,,,,,,,,,,,,,,,XICYEP_SL,188.7
XICYIT_SL,6.2924,4.02189,6.26235,1.33234,1949.8,1463.44,0.0,0.0,0.6146,0.461294,0.000450336,Zr,Yes,Zr,SL,Y,Y,Y,,N,,,,,,,,,,,,,,,,,,,,,,XICYIT_SL,188.4
XICZAM_clean,19.52135,6.64584,19.52135,1.26176,1911.12,1514.64,0.0,0.0,0.7502,0.594564,0.000158508,Hf,Yes,Hf,clean,Y,Y,Y,,N,,,,,,,,,,,,,,,,,,,,,,XICZAM_clean,369.3
XIDBUJ_clean,7.40475,6.25511,7.40475,1.09542,1351.03,1233.34,0.0,0.0,0.5684,0.518888,0.0,Zn,No, ,clean,Y,Y,Y,,N,,,,,,,,,,,,,,,,,,,,,,XIDBUJ_clean,235.4
XIDSUZ_clean,16.05314,15.78983,16.05314,0.493271,1893.57,3838.8,0.0,0.0,0.781,1.58331,0.0,Cu,Yes,Cu,clean,N,Y,Y,,N,,,,,,,,,,,,,,,,,,,,,,XIDSUZ_clean,331.8
XIFHIF_clean,9.50274,8.84024,9.48896,1.39627,1580.72,1132.1,0.0,0.0,0.6078,0.435304,0.0,Tb,Yes,Tb,clean,Y,Y,Y,,N,,,,,,,,,,,,,,,,,,,,,,XIFHIF_clean,129.4
XIGFOJ_manual,18.90864,18.72951,18.90864,0.692037,1357.79,1962.03,0.0,0.0,0.7528,1.0878,0.0,Cd,Yes,Cd,manual,Y,Y,Y,,N,,,,,,,,,,,,,,,,,,,,,,XIGFOJ_manual,222.6
XIGHAX_clean,9.42856,6.02587,9.42856,1.28204,1741.22,1358.17,0.0,0.0,0.657,0.512466,0.0,Zn,No, ,clean,Y,Y,Y,,N,,,,,,,,,,,,,,,,,,,,,,XIGHAX_clean,180.5
XIGHEB_clean,9.46287,6.0394,9.46287,1.26391,1742.96,1379.02,0.0,0.0,0.6604,0.522504,0.0,Zn,No, ,clean,N,Y,Y,,N,,,,,,,,,,,,,,,,,,,,,,XIGHEB_clean,251.9
XIGHIF_clean,9.11851,6.40194,9.11851,1.31172,1721.81,1312.64,0.0,0.0,0.6494,0.495075,0.0,Zn,No, ,clean,Y,Y,Y,,N,,,,,,,,,,,,,,,,,,,,,,XIGHIF_clean,169.5
XIGWUF_clean,7.07949,4.99162,7.07464,0.478412,3315.96,6931.17,0.0,0.0,0.7822,1.63499,0.0,"Mo,Li",Yes,Li,clean,N,Y,Y,,N,,,,,,,,,,,,,,,,,,,,,,XIGWUF_clean,100.5
XIHRIQ_clean,4.88127,3.7293,4.77721,1.106,908.9,821.794,0.0,0.0,0.4886,0.441774,0.0,Co,No, ,clean,Y,Y,Y,,N,,,,,,,,,,,,,,,,,,,,,,XIHRIQ_clean,329.7
XIHSAJ01_clean,5.98845,3.99073,5.69816,1.03053,1765.29,1712.99,0.0,0.0,0.576,0.558935,0.0,Co,Yes,Co,clean,N,Y,Y,,N,,,,,,,,,,,,,,,,,,,,,,XIHSAJ01_clean,222.2
XIHSAJ_clean,6.08478,4.0122,6.08478,1.01421,1817.12,1791.66,0.0,0.0,0.6044,0.595933,0.0,Co,Yes,Co,clean,N,Y,Y,,N,,,,,,,,,,,,,,,,,,,,,,XIHSAJ_clean,249.6
XIHSEN01_clean,5.64298,3.8792,5.64298,1.08478,1405.71,1295.85,0.0,0.0,0.5704,0.525822,0.0,Co,Yes,Co,clean,Y,Y,Y,,N,,,,,,,,,,,,,,,,,,,,,,XIHSEN01_clean,247.7
XIHSEN_clean,5.63541,3.87826,5.63541,1.09092,1426.31,1307.44,0.0,0.0,0.5682,0.520843,0.0,Co,Yes,Co,clean,N,Y,Y,,N,,,,,,,,,,,,,,,,,,,,,,XIHSEN_clean,249.5
XILLEL_clean,7.63373,5.31385,7.61296,0.988669,1586.87,1605.06,0.0,0.0,0.5862,0.592918,0.0,Zn,No, ,clean,N,Y,Y,,N,,,,,,,,,,,,,,,,,,,,,,XILLEL_clean,1550.0
XILLIP_clean,8.02024,6.48918,8.00532,0.699116,2353.41,3366.26,0.0,0.0,0.7058,1.00956,0.0,Zn,No, ,clean,N,Y,Y,,N,,,,,,,,,,,,,,,,,,,,,,XILLIP_clean,339.4
XILSUI_clean,8.05462,5.1792,8.05462,0.833153,2078.06,2494.21,0.0,0.0,0.6418,0.770326,0.0,"Zn,Mn",Yes,"Zn,Mn",clean,N,Y,Y,,N,,,,,,,,,,,,,,,,,,,,,,XILSUI_clean,206.3
XILTAP_clean,7.46835,4.491,7.46835,0.893159,2015.14,2256.2,0.0,0.0,0.622,0.696404,0.0,"Zn,Mn",Yes,"Zn,Mn",clean,N,Y,Y,,N,,,,,,,,,,,,,,,,,,,,,,XILTAP_clean,288.2
XILVIZ_clean,7.75339,4.84522,7.60552,0.848736,2042.74,2406.8,0.0,0.0,0.6436,0.758304,0.0,"Zn,Mn",Yes,"Zn,Mn",clean,Y,Y,Y,,N,,,,,,,,,,,,,,,,,,,,,,XILVIZ_clean,219.3
XINHOT_clean,5.41924,4.10207,5.41262,1.543,726.815,471.04,0.0,0.0,0.4344,0.281529,0.0,La,No, ,clean,N,Y,Y,,N,,,,,,,,,,,,,,,,,,,,,,XINHOT_clean,290.9
XINRAP_clean,7.72889,5.88361,7.72889,0.997869,1989.71,1993.96,0.0,0.0,0.6604,0.66181,0.0,Co,Yes,Co,clean,Y,Y,Y,,N,,,,,,,,,,,,,,,,,,,,,,XINRAP_clean,210.6
XINWUO_clean,6.28616,4.28799,6.28616,1.09832,2350.01,2139.64,0.0,0.0,0.6626,0.603282,0.0,Zn,Yes,Zn,clean,Y,Y,Y,,N,,,,,,,,,,,,,,,,,,,,,,XINWUO_clean,222.5
XINZEB_clean,5.58391,4.38224,5.56908,1.48991,1505.54,1010.49,0.0,0.0,0.5618,0.377069,0.0,Cd,Yes,Cd,clean,N,Y,Y,,N,,,,,,,,,,,,,,,,,,,,,,XINZEB_clean,209.5
XIPGUA_clean,6.999,4.80417,6.51629,2.95533,1333.32,451.159,0.0,0.0,0.4992,0.168915,0.0,"W,Cu,Ge,K",Yes,"W,Cu,K",clean,N,Y,Y,,N,,,,,,,,,,,,,,,,,,,,,,XIPGUA_clean,148.4
XISLAM_clean,4.34393,3.64065,4.34393,1.93617,692.959,357.901,0.0,0.0,0.4122,0.212894,0.0,Al,No, ,clean,N,Y,Y,,N,,,,,,,,,,,,,,,,,,,,,,XISLAM_clean,227.0
XISPEW01_clean,7.58694,5.52656,7.5744,1.14161,1954.46,1712.03,0.0,0.0,0.624,0.546598,0.0,"Fe,Pt",Yes,Pt,clean,N,Y,Y,,N,,,,,,,,,,,,,,,,,,,,,,XISPEW01_clean,111.3
XISPEW02_clean,7.73943,5.5228,7.73943,1.0858,1985.75,1828.83,0.0,0.0,0.6324,0.582427,0.0,"Fe,Pt",Yes,Pt,clean,N,Y,Y,,N,,,,,,,,,,,,,,,,,,,,,,XISPEW02_clean,110.4
XISPEW_clean,7.45128,5.46523,7.15276,1.17603,1960.28,1666.86,0.0,0.0,0.6188,0.526177,0.0,"Fe,Pt",Yes,Pt,clean,N,Y,Y,,N,,,,,,,,,,,,,,,,,,,,,,XISPEW_clean,154.9
XISPUM01_clean,6.90955,4.49306,6.89631,1.14557,2040.23,1780.98,0.0,0.0,0.6396,0.558325,0.0,"Fe,Pt",Yes,Pt,clean,N,Y,Y,,N,,,,,,,,,,,,,,,,,,,,,,XISPUM01_clean,86.0
XISPUM_clean,7.32941,4.58436,7.32711,1.21765,2007.19,1648.41,0.0,0.0,0.6216,0.510492,0.0,"Fe,Pt",Yes,Pt,clean,N,Y,Y,,N,,,,,,,,,,,,,,,,,,,,,,XISPUM_clean,152.0
XISVUR_clean,5.04407,3.94718,5.0182,1.1747,1719.75,1463.99,0.0,0.0,0.6072,0.516898,0.0,Zn,Yes,Zn,clean,N,Y,Y,,N,,,,,,,,,,,,,,,,,,,,,,XISVUR_clean,160.3
XISXEE_clean,10.02626,5.46429,10.02412,0.66541,2246.71,3376.43,0.0,0.0,0.7296,1.09647,0.0,Ni,Yes,Ni,clean,N,Y,Y,,N,,,,,,,,,,,,,,,,,,,,,,XISXEE_clean,158.1
XITYOP_clean,11.26084,5.01855,11.26084,0.828925,2008.18,2422.64,0.0,0.0,0.6806,0.821064,0.0,Cu,Yes,Cu,clean,Y,Y,Y,,N,,,,,,,,,,,,,,,,,,,,,,XITYOP_clean,310.9
XIVMEW01_clean,5.52138,3.68821,5.51435,1.34752,969.124,719.188,2.26658,1.68203,0.5016,0.372238,0.0,Fe,Yes,Fe,clean,N,Y,Y,,N,,,,,,,,,,,,,,,,,,,,,,XIVMEW01_clean,185.8
XIWLAQ_clean,6.60663,5.9994,6.60453,2.29175,1025.32,447.396,0.0,0.0,0.5236,0.228472,0.0,Zn,Yes,Zn,clean,N,Y,Y,,N,,,,,,,,,,,,,,,,,,,,,,XIWLAQ_clean,184.0
XIWYEH_clean,4.26164,3.52891,4.24796,2.34877,351.985,149.859,0.0,0.0,0.3304,0.140669,0.0,Ti,No, ,clean,N,Y,Y,,N,,,,,,,,,,,,,,,,,,,,,,XIWYEH_clean,267.3
XIYYEL_clean,8.54513,8.23246,8.54513,0.722133,2313.21,3203.31,0.0,0.0,0.7918,1.09647,0.0,Zn,No, ,clean,N,Y,Y,,N,,,,,,,,,,,,,,,,,,,,,,XIYYEL_clean,84.3
XOCWET_clean,5.57167,3.60863,5.43096,2.052,1278.23,622.917,0.0,0.0,0.549,0.267544,0.0,"La,U",Yes,"La,U",clean,N,Y,Y,,N,,,,,,,,,,,,,,,,,,,,,,XOCWET_clean,164.9
XOCWIX_clean,5.47886,3.44903,5.47476,2.18371,1125.64,515.471,0.227584,0.104219,0.5372,0.246003,0.0,"Ho,U",Yes,"Ho,U",clean,N,Y,Y,,N,,,,,,,,,,,,,,,,,,,,,,XOCWIX_clean,164.9
XOCWOD_clean,5.38208,3.4319,5.38208,2.211,1054.39,476.883,0.0,0.0,0.5314,0.240344,0.0,"U,Er",Yes,"U,Er",clean,N,Y,Y,,N,,,,,,,,,,,,,,,,,,,,,,XOCWOD_clean,166.1
XOCWUJ_clean,5.43529,3.40185,5.40249,2.21366,1083.86,489.625,0.0,0.0,0.5328,0.240687,0.0,"Tm,U",Yes,"Tm,U",clean,N,Y,Y,,N,,,,,,,,,,,,,,,,,,,,,,XOCWUJ_clean,164.3
XODPUD_clean,15.85383,13.08935,15.85383,0.622253,2051.21,3296.43,0.0,0.0,0.7882,1.26669,0.0,"Zn,Cr",Yes,"Zn,Cr",clean,N,Y,Y,,N,,,,,,,,,,,,,,,,,,,,,,XODPUD_clean,237.1
XOFGAC_clean,20.28488,4.16314,9.48492,0.98367,1835.3,1865.77,0.0,0.0,0.6704,0.681529,0.0,Eu,Yes,Eu,clean,N,Y,Y,,N,,,,,,,,,,,,,,,,,,,,,,XOFGAC_clean,656.5
XOFPEP01_clean,5.97449,3.48385,5.9665,2.03706,967.647,475.021,0.0,0.0,0.5188,0.25468,0.0,U,Yes,U,clean,N,Y,Y,,N,,,,,,,,,,,,,,,,,,,,,,XOFPEP01_clean,192.0
XOFPEP_clean,5.97089,3.4618,5.97089,2.03022,1036.5,510.537,0.0,0.0,0.5304,0.261252,0.0,U,Yes,U,clean,N,Y,Y,,N,,,,,,,,,,,,,,,,,,,,,,XOFPEP_clean,195.9
XOGXAU_clean,5.74983,3.78405,5.68214,1.22917,1255.73,1021.6,0.0,0.0,0.5252,0.427279,0.0,Cd,Yes,Cd,clean,Y,Y,Y,,N,,,,,,,,,,,,,,,,,,,,,,XOGXAU_clean,497.3
XOHLEM_clean,5.52611,4.54089,5.51535,1.339,1839.55,1373.82,0.0,0.0,0.5986,0.44705,0.0,Zn,Yes,Zn,clean,Y,Y,Y,,N,,,,,,,,,,,,,,,,,,,,,,XOHLEM_clean,154.4
XOHTUJ_clean,6.47036,4.69494,6.47036,1.17962,2196.81,1862.3,0.0,0.0,0.6472,0.548652,0.0,"Ru,Ag",Yes,Ag,clean,N,Y,Y,,N,,,,,,,,,,,,,,,,,,,,,,XOHTUJ_clean,152.3
XOJWEZ_clean,5.26222,4.56445,5.26222,1.41259,749.294,530.438,0.0,0.0,0.5012,0.354809,0.0,Cu,Yes,Cu,clean,Y,Y,Y,,N,,,,,,,,,,,,,,,,,,,,,,XOJWEZ_clean,209.2
XOJWOJ_clean,7.01927,4.56509,7.01927,1.20631,1535.66,1273.03,0.0,0.0,0.6016,0.498713,0.0,Zn,Yes,Zn,clean,N,Y,Y,,N,,,,,,,,,,,,,,,,,,,,,,XOJWOJ_clean,166.4
XOKHIP_clean,4.7478,3.45863,4.7478,2.16707,449.011,207.197,0.0,0.0,0.3986,0.183935,0.0,"Zn,Sm",Yes,Zn,clean,Y,Y,Y,,N,,,,,,,,,,,,,,,,,,,,,,XOKHIP_clean,190.1
XOMCIN_clean,5.94246,4.25779,5.52872,0.995112,2064.21,2074.35,0.0,0.0,0.6074,0.610384,0.0,Ni,Yes,Ni,clean,N,Y,Y,,N,,,,,,,,,,,,,,,,,,,,,,XOMCIN_clean,401.8
XOMCOT_clean,4.8748,3.64387,4.86282,1.12809,975.65,864.872,0.0,0.0,0.4934,0.437378,0.0,Co,No, ,clean,N,Y,Y,,N,,,,,,,,,,,,,,,,,,,,,,XOMCOT_clean,400.9
XOMDOU_clean,6.08861,4.66373,6.08699,1.18202,859.304,726.977,313.731,265.419,0.5438,0.460059,0.0,Ag,Yes,Ag,clean,N,Y,Y,,N,,,,,,,,,,,,,,,,,,,,,,XOMDOU_clean,422.0
XOMGIQ_clean,5.5226,3.96675,5.5226,1.11957,1446.11,1291.67,0.0,0.0,0.5666,0.506089,0.0,"Ag,Cr",Yes,Ag,clean,N,Y,Y,,N,,,,,,,,,,,,,,,,,,,,,,XOMGIQ_clean,421.7
XOMJOY_clean,6.10947,3.84777,5.97895,1.18998,613.441,515.507,422.204,354.8,0.5142,0.43211,0.0,Gd,No, ,clean,Y,Y,Y,,N,,,,,,,,,,,,,,,,,,,,,,XOMJOY_clean,442.1
XOMJUE_clean,6.09418,3.77279,6.07728,1.21681,603.908,496.303,411.544,338.214,0.507,0.416662,0.0,Er,No, ,clean,Y,Y,Y,,N,,,,,,,,,,,,,,,,,,,,,,XOMJUE_clean,443.5
XONGUD_clean,8.38841,6.91725,8.38841,2.68456,1261.77,470.01,0.0,0.0,0.5318,0.198096,0.0,"W,Cr,K,Co",Yes,"W,Cr,K",clean,Y,Y,Y,,N,,,,,,,,,,,,,,,,,,,,,,XONGUD_clean,343.7
XONLES01_clean,15.55222,13.97126,15.55222,0.303181,1639.83,5408.75,0.0,0.0,0.871,2.87288,0.0,Cu,Yes,Cu,clean,N,Y,Y,,N,,,,,,,,,,,,,,,,,,,,,,XONLES01_clean,376.4
XOPLOE_clean,7.50726,5.3332,7.50699,0.991241,2013.82,2031.62,0.0,0.0,0.621,0.626488,0.0,Cu,Yes,Cu,clean,Y,Y,Y,,N,,,,,,,,,,,,,,,,,,,,,,XOPLOE_clean,192.2
XOPMIA_clean,5.53948,4.71058,5.5345,1.05182,1628.72,1548.47,0.0,0.0,0.5582,0.5307,0.0,Cd,No, ,clean,Y,Y,Y,,N,,,,,,,,,,,,,,,,,,,,,,XOPMIA_clean,288.5
XOQXIL_clean,5.56779,4.25341,5.54313,1.05181,1608.8,1529.56,0.0,0.0,0.552,0.524811,0.0,"Zn,Si",Yes,Zn,clean,Y,Y,Y,,N,,,,,,,,,,,,,,,,,,,,,,XOQXIL_clean,207.7
XORHET_clean,4.71137,3.51837,4.71137,1.22336,1024.9,837.774,81.2251,66.395,0.5446,0.445167,0.0,Co,Yes,Co,clean,Y,Y,Y,,N,,,,,,,,,,,,,,,,,,,,,,XORHET_clean,273.9
XOSPOK_clean,6.02139,4.57668,6.02139,1.94823,1837.76,943.297,0.0,0.0,0.586,0.300786,0.0,Zn,Yes,Zn,clean,N,Y,Y,,N,,,,,,,,,,,,,,,,,,,,,,XOSPOK_clean,157.8
XOTGUI_clean,5.14072,4.00351,5.14055,1.55556,2014.34,1294.93,0.0,0.0,0.6006,0.386099,0.0,Nd,Yes,Nd,clean,N,Y,Y,,N,,,,,,,,,,,,,,,,,,,,,,XOTGUI_clean,155.8
XOTHAP_clean,5.67034,4.65738,5.67034,1.50505,1984.46,1318.53,0.0,0.0,0.6152,0.408756,0.0,Nd,Yes,Nd,clean,N,Y,Y,,N,,,,,,,,,,,,,,,,,,,,,,XOTHAP_clean,122.8
XOTSEG_clean,8.78779,6.45971,8.7759,0.828086,1735.59,2095.91,0.0,0.0,0.6318,0.762964,0.0,Mn,Yes,Mn,clean,Y,Y,Y,,N,,,,,,,,,,,,,,,,,,,,,,XOTSEG_clean,340.2
XOTSIK_clean,8.84143,7.37067,8.64635,0.961303,1776.26,1847.76,0.0,0.0,0.6086,0.633099,0.0,Cd,Yes,Cd,clean,Y,Y,Y,,N,,,,,,,,,,,,,,,,,,,,,,XOTSIK_clean,628.8
XOTXAG_clean,4.5925,3.72441,4.55253,1.45522,1114.56,765.906,0.0,0.0,0.459,0.315416,0.0,"Na,La",Yes,"Na,La",clean,Y,Y,Y,,N,,,,,,,,,,,,,,,,,,,,,,XOTXAG_clean,232.5
XOTXUB_clean,4.27674,3.47607,4.14843,1.21704,316.782,260.289,0.0,0.0,0.4284,0.352001,0.0,Mn,Yes,Mn,clean,Y,Y,Y,,N,,,,,,,,,,,,,,,,,,,,,,XOTXUB_clean,519.1
XOTZIR_clean,6.298,3.81619,6.27425,1.33376,798.487,598.675,0.0,0.0,0.4626,0.34684,0.0,Yb,Yes,Yb,clean,Y,Y,Y,,N,,,,,,,,,,,,,,,,,,,,,,XOTZIR_clean,362.4
XOVPIH_clean,4.3234,3.46915,4.32329,1.51036,756.835,501.096,0.0,0.0,0.4966,0.328796,0.0,Ce,Yes,Ce,clean,Y,Y,Y,,N,,,,,,,,,,,,,,,,,,,,,,XOVPIH_clean,247.3
XOVPON_clean,5.74841,4.13919,5.74724,1.29056,1444.67,1119.41,0.0,0.0,0.5696,0.44136,0.0,Ce,Yes,Ce,clean,Y,Y,Y,,N,,,,,,,,,,,,,,,,,,,,,,XOVPON_clean,189.8
XOVPUU_clean,11.45503,9.77333,11.45503,0.404958,2012.2,4968.9,0.0,0.0,0.8444,2.08515,0.0,Cu,Yes,Cu,clean,N,Y,Y,,N,,,,,,,,,,,,,,,,,,,,,,XOVPUU_clean,76.4
XOVQAB_clean,9.04253,7.30249,9.03111,0.610216,2352.44,3855.09,0.0,0.0,0.7448,1.22055,0.0,Cu,Yes,Cu,clean,N,Y,Y,,N,,,,,,,,,,,,,,,,,,,,,,XOVQAB_clean,942.3
XOVQEF_SL,13.73802,11.42638,13.39901,0.433642,2002.7,4618.32,0.0,0.0,0.8224,1.89649,0.0,Zn,Yes,Zn,SL,Y,Y,Y,,N,,,,,,,,,,,,,,,,,,,,,,XOVQEF_SL,315.9
XOVQIJ_clean,7.41561,4.13146,7.41561,0.925084,1684.83,1821.27,0.0,0.0,0.5816,0.6287,0.0,"Na,Zn",Yes,"Na,Zn",clean,Y,Y,Y,,N,,,,,,,,,,,,,,,,,,,,,,XOVQIJ_clean,358.6
XOVVOU_clean,6.57595,5.59779,6.5535,1.07267,2264.54,2111.12,0.0,0.0,0.6676,0.622371,0.0,Zn,Yes,Zn,clean,Y,Y,Y,,N,,,,,,,,,,,,,,,,,,,,,,XOVVOU_clean,185.6
XOXMED_clean,15.20268,12.48764,14.68508,0.499,1903.11,3813.84,0.0,0.0,0.7876,1.57836,0.0,Zn,Yes,Zn,clean,Y,Y,Y,,N,,,,,,,,,,,,,,,,,,,,,,XOXMED_clean,437.8
XUBGUY_clean,11.92741,6.17876,10.43844,0.841842,2109.15,2505.4,0.0,0.0,0.7154,0.849804,0.0,"Zr,Si",Yes,Zr,clean,N,Y,Y,,N,,,,,,,,,,,,,,,,,,,,,,XUBGUY_clean,99.5
XUCSOF_clean,5.25566,4.59264,5.25566,1.60312,661.505,412.637,358.397,223.562,0.482,0.300664,0.0,Y,Yes,Y,clean,N,Y,Y,,N,,,,,,,,,,,,,,,,,,,,,,XUCSOF_clean,207.8
XUDNAN_clean,8.67531,5.1775,8.35832,0.937633,1918.83,2046.46,0.0,0.0,0.6496,0.692809,0.0,Tb,Yes,Tb,clean,N,Y,Y,,N,,,,,,,,,,,,,,,,,,,,,,XUDNAN_clean,312.5
XUDNUH_clean,12.36127,6.84234,12.36127,0.492653,2292.38,4653.12,0.0,0.0,0.8076,1.63929,0.0,Cu,Yes,Cu,clean,N,Y,Y,,N,,,,,,,,,,,,,,,,,,,,,,XUDNUH_clean,362.4
XUDPIX_clean,11.39057,6.9563,11.17218,0.55889,2521.72,4512.0,0.0,0.0,0.7746,1.38596,0.0,Cu,Yes,Cu,clean,N,Y,Y,,N,,,,,,,,,,,,,,,,,,,,,,XUDPIX_clean,676.6
XUDYEC_clean,6.34584,5.04991,6.34584,1.10902,1973.56,1779.55,0.0,0.0,0.6464,0.582857,0.0,Cd,Yes,Cd,clean,N,Y,Y,,N,,,,,,,,,,,,,,,,,,,,,,XUDYEC_clean,166.9
XUDYOM_clean,5.92099,5.48654,5.7966,1.63199,1266.45,776.015,0.0,0.0,0.5438,0.333212,0.0,In,No, ,clean,N,Y,Y,,N,,,,,,,,,,,,,,,,,,,,,,XUDYOM_clean,229.8
XUFPIZ_clean,4.43917,3.40706,4.39655,1.31985,159.122,120.561,0.0,0.0,0.4154,0.314732,0.0,Co,No, ,clean,N,Y,Y,,N,,,,,,,,,,,,,,,,,,,,,,XUFPIZ_clean,435.3
XUFWOM_clean,9.12848,8.18722,9.12848,0.813283,1954.3,2402.97,0.0,0.0,0.7082,0.870792,0.0,Zn,Yes,Zn,clean,N,Y,Y,,N,,,,,,,,,,,,,,,,,,,,,,XUFWOM_clean,261.7
XUFYAA_clean,16.80237,4.60613,16.77492,0.589197,2123.72,3604.43,0.0,0.0,0.7212,1.22404,0.0,Mg,Yes,Mg,clean,N,Y,Y,,N,,,,,,,,,,,,,,,,,,,,,,XUFYAA_clean,726.3
XUGROI_clean,6.64754,5.07389,6.16433,0.794522,2382.26,2998.35,0.0,0.0,0.6836,0.860391,0.0,Cu,Yes,Cu,clean,N,Y,Y,,N,,,,,,,,,,,,,,,,,,,,,,XUGROI_clean,268.5
XUGSEY_clean,7.45351,5.81909,7.11831,0.709523,2586.66,3645.63,0.0,0.0,0.7068,0.996162,0.0,Zn,Yes,Zn,clean,Y,Y,Y,,N,,,,,,,,,,,,,,,,,,,,,,XUGSEY_clean,164.7
XUGWUS_clean,5.27863,4.66019,5.2635,1.38078,911.096,659.843,0.0,0.0,0.496,0.359218,0.0,Cd,Yes,Cd,clean,Y,Y,Y,,N,,,,,,,,,,,,,,,,,,,,,,XUGWUS_clean,492.5
XUJPEY_clean,5.84221,4.51142,5.77769,1.25506,1324.62,1055.42,0.0,0.0,0.5206,0.4148,0.0,Ni,No, ,clean,N,Y,Y,,N,,,,,,,,,,,,,,,,,,,,,,XUJPEY_clean,256.0
XUJPIC_clean,5.88914,4.75213,5.84985,1.23811,1386.84,1120.12,0.0,0.0,0.5304,0.428394,0.0,Ni,No, ,clean,N,Y,Y,,N,,,,,,,,,,,,,,,,,,,,,,XUJPIC_clean,249.3
XUJPOI_clean,5.22333,3.76094,5.20942,1.23729,1450.85,1172.61,0.0,0.0,0.566,0.457452,0.0,Ni,No, ,clean,N,Y,Y,,N,,,,,,,,,,,,,,,,,,,,,,XUJPOI_clean,151.3
XUJQAV_clean,5.23926,3.75063,5.23926,1.23622,1470.1,1189.19,0.0,0.0,0.5596,0.452669,0.0,Ni,No, ,clean,N,Y,Y,,N,,,,,,,,,,,,,,,,,,,,,,XUJQAV_clean,143.1
XUJSAY_clean,5.36362,3.81487,5.35817,1.44593,257.114,177.818,33.7457,23.3384,0.4668,0.322836,0.0,Tb,Yes,Tb,clean,N,Y,Y,,N,,,,,,,,,,,,,,,,,,,,,,XUJSAY_clean,319.4
XUKHUI_clean,5.94415,4.22176,5.9168,1.20125,1179.74,982.099,0.0,0.0,0.5426,0.451698,0.0,Zn,Yes,Zn,clean,N,Y,Y,,N,,,,,,,,,,,,,,,,,,,,,,XUKHUI_clean,234.7
XUKLAS_clean,5.87516,3.79987,5.86816,1.26294,911.252,721.53,0.0,0.0,0.4946,0.391624,0.0,Zn,Yes,Zn,clean,N,Y,Y,,N,,,,,,,,,,,,,,,,,,,,,,XUKLAS_clean,193.7
XUKNIC_clean,6.71193,5.19255,6.7113,1.00366,2512.55,2503.38,0.0,0.0,0.6472,0.644838,0.0,Zn,Yes,Zn,clean,N,Y,Y,,N,,,,,,,,,,,,,,,,,,,,,,XUKNIC_clean,223.1
XUKYEI_neutral,13.17229,10.75846,13.16843,0.287208,1805.38,6285.97,0.0,0.0,0.8682,3.02289,0.0,Cu,No, ,neutral,N,Y,Y,,N,,,,,,,,,,,,,,,,,,,,,,XUKYEI_neutral,111.5
XUMMOJ_clean,8.37622,7.86065,8.37622,1.08186,1183.03,1093.52,0.0,0.0,0.5464,0.505057,0.0,Cu,Yes,Cu,clean,N,Y,Y,,N,,,,,,,,,,,,,,,,,,,,,,XUMMOJ_clean,212.0
XUMMUP_clean,8.4295,7.42103,8.42696,1.01197,1167.11,1153.31,0.0,0.0,0.545,0.538555,0.0,Cu,Yes,Cu,clean,N,Y,Y,,N,,,,,,,,,,,,,,,,,,,,,,XUMMUP_clean,263.6
XUMNEA_clean,5.24244,3.69297,5.22761,1.21845,601.492,493.654,0.0,0.0,0.4622,0.379335,0.0,Cd,No, ,clean,N,Y,Y,,N,,,,,,,,,,,,,,,,,,,,,,XUMNEA_clean,522.0
XUMNIE_clean,7.92656,5.00523,7.92544,0.836736,1842.18,2201.63,0.0,0.0,0.617,0.737389,0.0,Zn,No, ,clean,N,Y,Y,,N,,,,,,,,,,,,,,,,,,,,,,XUMNIE_clean,380.3
XUMTUV_clean,5.4813,5.1227,5.47077,1.25424,1931.27,1539.79,0.0,0.0,0.6264,0.499425,0.0,Ho,Yes,Ho,clean,N,Y,Y,,N,,,,,,,,,,,,,,,,,,,,,,XUMTUV_clean,189.3
XUMVAD_clean,5.48445,5.10748,5.47384,1.24179,1950.9,1571.03,0.0,0.0,0.619,0.498472,0.0,Dy,Yes,Dy,clean,N,Y,Y,,N,,,,,,,,,,,,,,,,,,,,,,XUMVAD_clean,205.9
XUMVEH_clean,5.51001,5.03328,5.49298,1.14233,1980.67,1733.88,0.0,0.0,0.6382,0.55868,0.0,Nd,Yes,Nd,clean,N,Y,Y,,N,,,,,,,,,,,,,,,,,,,,,,XUMVEH_clean,187.4
XUNGOD_clean,5.27654,3.81371,5.27654,1.03399,1095.75,1059.73,0.0,0.0,0.4858,0.469831,0.0,Li,No, ,clean,Y,Y,Y,,N,,,,,,,,,,,,,,,,,,,,,,XUNGOD_clean,257.2
XUNGUJ_clean,4.49594,4.05224,4.48031,1.03604,1057.86,1021.06,0.0,0.0,0.4874,0.470444,0.0,Li,No, ,clean,Y,Y,Y,,N,,,,,,,,,,,,,,,,,,,,,,XUNGUJ_clean,270.8
XUNHAQ_clean,4.43369,3.93895,4.41861,1.01112,1121.76,1109.42,0.0,0.0,0.495,0.489555,0.0,Li,Yes,Li,clean,Y,Y,Y,,N,,,,,,,,,,,,,,,,,,,,,,XUNHAQ_clean,259.7
XUNSAC_clean,4.78336,3.78154,4.77852,1.05045,959.001,912.941,0.0,0.0,0.4742,0.451425,0.0,Li,Yes,Li,clean,N,Y,Y,,N,,,,,,,,,,,,,,,,,,,,,,XUNSAC_clean,207.9
XUNSEG_clean,5.12519,4.59555,5.12519,1.00672,1017.4,1010.61,0.0,0.0,0.4976,0.494281,0.0,Li,Yes,Li,clean,N,Y,Y,,N,,,,,,,,,,,,,,,,,,,,,,XUNSEG_clean,190.6
XUNSIK_clean,4.24603,3.78968,4.24603,1.0539,1014.98,963.071,0.0,0.0,0.475,0.450706,0.0,Li,No, ,clean,N,Y,Y,,N,,,,,,,,,,,,,,,,,,,,,,XUNSIK_clean,245.0
XUNSOQ_clean,5.47061,4.41529,5.45212,1.01415,1093.33,1078.08,0.0,0.0,0.49,0.483165,0.0,Li,No, ,clean,N,Y,Y,,N,,,,,,,,,,,,,,,,,,,,,,XUNSOQ_clean,267.0
XUNTIL_clean,4.3912,3.544,4.3912,1.10854,669.818,604.235,0.0,0.0,0.4582,0.413336,0.0,Li,Yes,Li,clean,N,Y,Y,,N,,,,,,,,,,,,,,,,,,,,,,XUNTIL_clean,170.6
XUPSAE_clean,6.99773,6.86151,6.99773,1.067,1576.28,1477.3,0.0,0.0,0.5844,0.547705,0.0,Al,No, ,clean,N,Y,Y,,N,,,,,,,,,,,,,,,,,,,,,,XUPSAE_clean,142.1
XUTQEI_clean,15.07113,13.13968,15.07113,0.479637,2165.37,4514.6,0.0,0.0,0.7968,1.66126,0.0,Ni,Yes,Ni,clean,Y,Y,Y,,N,,,,,,,,,,,,,,,,,,,,,,XUTQEI_clean,120.2
XUVHEB_clean,6.21978,5.41115,6.21978,1.07724,1379.45,1280.54,0.0,0.0,0.5818,0.540085,0.0,Zn,Yes,Zn,clean,Y,Y,Y,,N,,,,,,,,,,,,,,,,,,,,,,XUVHEB_clean,292.3
XUVQOW_clean,7.02178,4.13589,6.48548,1.19698,1845.1,1541.47,0.0,0.0,0.6186,0.516801,0.0,Cd,Yes,Cd,clean,N,Y,Y,,N,,,,,,,,,,,,,,,,,,,,,,XUVQOW_clean,253.4
XUWFUR_clean,8.57387,5.22151,8.55217,0.997477,1382.53,1386.02,0.0,0.0,0.5736,0.575051,0.0,Cu,Yes,Cu,clean,N,Y,Y,,N,,,,,,,,,,,,,,,,,,,,,,XUWFUR_clean,312.5
XUWKEH_clean,5.79973,4.2003,5.79973,1.47767,748.2,506.339,0.0,0.0,0.4194,0.283826,0.0,"Mo,Mn,K",Yes,"Mn,K",clean,N,Y,Y,,N,,,,,,,,,,,,,,,,,,,,,,XUWKEH_clean,112.7
XUWSUD_clean,4.4926,3.78091,4.4926,2.14584,718.007,334.605,0.0,0.0,0.4438,0.206819,0.0,"Ga,Mn",Yes,Mn,clean,N,Y,Y,,N,,,,,,,,,,,,,,,,,,,,,,XUWSUD_clean,140.9
XUWTAK_clean,4.40667,3.75356,4.40321,2.17452,723.721,332.819,0.0,0.0,0.4382,0.201516,0.0,"Ga,Mn",Yes,Mn,clean,N,Y,Y,,N,,,,,,,,,,,,,,,,,,,,,,XUWTAK_clean,141.2
XUWVUG_clean_h,3.95338,3.75922,3.95195,3.19434,197.336,61.7769,0.0,0.0,0.287,0.0898463,0.0,Eu,Yes,Eu,clean_h,N,Y,Y,,N,,,,,,,,,,,,,,,,,,,,,,XUWVUG_clean_h,243.5
XUYXAR_clean,4.42154,3.80283,4.41884,1.51094,575.938,381.179,0.0,0.0,0.432,0.285915,0.0,Zn,Yes,Zn,clean,Y,Y,Y,,N,,,,,,,,,,,,,,,,,,,,,,XUYXAR_clean,314.1
YABHER_clean,14.37293,4.52414,14.37293,0.692157,1907.84,2756.36,0.0,0.0,0.7082,1.02318,0.0,Cu,Yes,Cu,clean,N,Y,Y,,N,,,,,,,,,,,,,,,,,,,,,,YABHER_clean,214.9
YABPAU_clean,5.82793,4.33044,5.82793,1.0705,1501.93,1403.02,0.0,0.0,0.5582,0.521438,0.0,Mg,Yes,Mg,clean,N,Y,Y,,N,,,,,,,,,,,,,,,,,,,,,,YABPAU_clean,215.3
YAGJOI_clean,5.63288,5.50957,5.62983,1.07586,1552.96,1443.46,0.0,0.0,0.5528,0.513822,0.0,Mn,No, ,clean,N,Y,Y,,N,,,,,,,,,,,,,,,,,,,,,,YAGJOI_clean,204.1
YAHPED_clean,6.77398,3.93575,6.76774,1.0241,1743.19,1702.16,0.0,0.0,0.5738,0.560295,0.0,Ni,No, ,clean,Y,Y,Y,,N,,,,,,,,,,,,,,,,,,,,,,YAHPED_clean,195.0
YAJXIT_clean,5.12079,3.85633,4.1425,1.60147,940.147,587.051,0.0,0.0,0.5148,0.321454,0.0,"Cu,U",Yes,U,clean,N,Y,Y,,N,,,,,,,,,,,,,,,,,,,,,,YAJXIT_clean,355.5
YAJXUF_clean,4.78048,4.01708,4.28221,1.6121,814.456,505.215,0.0,0.0,0.519,0.32194,0.0,"Zn,U",Yes,"Zn,U",clean,N,Y,Y,,N,,,,,,,,,,,,,,,,,,,,,,YAJXUF_clean,362.2
YANBAR01_clean,4.64582,3.70971,4.64582,1.82012,796.602,437.666,0.0,0.0,0.4462,0.245149,0.0,Co,No, ,clean,Y,Y,Y,,N,,,,,,,,,,,,,,,,,,,,,,YANBAR01_clean,208.9
YANBAR02_clean,4.9953,3.83765,4.98464,1.73124,921.603,532.338,0.0,0.0,0.4702,0.271598,0.0,Co,No, ,clean,Y,Y,Y,,N,,,,,,,,,,,,,,,,,,,,,,YANBAR02_clean,192.5
YANBAR03_clean,4.71059,3.74,4.66327,1.80873,823.157,455.102,0.0,0.0,0.451,0.249346,0.0,Co,No, ,clean,N,Y,Y,,N,,,,,,,,,,,,,,,,,,,,,,YANBAR03_clean,181.6
YANBAR_clean,4.9541,3.79831,4.9225,1.76383,896.703,508.383,0.0,0.0,0.4572,0.259208,0.0,Co,No, ,clean,Y,Y,Y,,N,,,,,,,,,,,,,,,,,,,,,,YANBAR_clean,199.6
YAPLIM_clean,8.749,6.77808,8.749,0.964207,1741.38,1806.02,6.02633,6.25004,0.65,0.674129,0.0,Zn,Yes,Zn,clean,Y,Y,Y,,N,,,,,,,,,,,,,,,,,,,,,,YAPLIM_clean,516.9
YAPLOS_clean,9.23645,7.54223,9.20879,0.838059,1650.76,1969.74,3.89826,4.65153,0.6584,0.785625,0.0,Mn,Yes,Mn,clean,Y,Y,Y,,N,,,,,,,,,,,,,,,,,,,,,,YAPLOS_clean,547.6
YAPLUY_clean,7.79113,6.77532,7.7776,0.987389,1670.12,1691.45,5.68352,5.75611,0.6296,0.637641,0.0,Cu,Yes,Cu,clean,Y,Y,Y,,N,,,,,,,,,,,,,,,,,,,,,,YAPLUY_clean,711.4
YAPMAF_clean,8.17522,6.25474,8.17454,1.00629,1672.2,1661.75,6.89892,6.8558,0.6166,0.612746,0.0,Ni,Yes,Ni,clean,Y,Y,Y,,N,,,,,,,,,,,,,,,,,,,,,,YAPMAF_clean,740.5
YAPXIX_clean,5.17779,4.8964,5.17779,1.52841,213.864,139.925,323.996,211.982,0.4448,0.291021,0.0,Zn,Yes,Zn,clean,N,Y,Y,,N,,,,,,,,,,,,,,,,,,,,,,YAPXIX_clean,305.0
YAQCEY_clean,6.56305,4.53526,6.55951,1.09172,1547.89,1417.84,0.0,0.0,0.554,0.507454,0.0,Mn,Yes,Mn,clean,N,Y,Y,,N,,,,,,,,,,,,,,,,,,,,,,YAQCEY_clean,322.1
YAQKEI_clean,4.87973,4.18958,4.87973,1.91746,825.152,430.337,0.0,0.0,0.4374,0.228115,0.0,"Sb,Ho",Yes,"Ho,Sb",clean,N,Y,Y,,N,,,,,,,,,,,,,,,,,,,,,,YAQKEI_clean,310.4
YARBAW_clean,4.44594,3.74599,4.44594,1.19018,680.577,571.825,0.0,0.0,0.4774,0.401114,0.0,Ni,Yes,Ni,clean,N,Y,Y,,N,,,,,,,,,,,,,,,,,,,,,,YARBAW_clean,334.5
YARBUQ_clean,4.67624,4.03616,4.54961,1.19852,280.172,233.766,258.386,215.589,0.447,0.372961,0.0,Ni,Yes,Ni,clean,N,Y,Y,,N,,,,,,,,,,,,,,,,,,,,,,YARBUQ_clean,762.2
YARDEC_clean,4.66636,3.48033,4.66636,1.03943,1194.85,1149.52,0.0,0.0,0.547,0.52625,0.0,Zn,No, ,clean,Y,Y,Y,,N,,,,,,,,,,,,,,,,,,,,,,YARDEC_clean,262.8
YARDIG_clean,4.62568,3.53484,4.62568,1.03032,1206.44,1170.94,0.0,0.0,0.5394,0.523527,0.0,Co,No, ,clean,Y,Y,Y,,N,,,,,,,,,,,,,,,,,,,,,,YARDIG_clean,255.6
YARGAB_clean,10.70302,9.67182,10.70302,0.961173,1387.15,1443.19,0.0,0.0,0.6238,0.648999,0.0,Zn,Yes,Zn,clean,Y,Y,Y,,N,,,,,,,,,,,,,,,,,,,,,,YARGAB_clean,201.4
YARKEJ_clean,5.07878,4.0341,5.03574,1.22095,872.445,714.565,0.0,0.0,0.486,0.398052,0.0,Zn,No, ,clean,Y,Y,Y,,N,,,,,,,,,,,,,,,,,,,,,,YARKEJ_clean,397.1
YARKOT_clean,5.25265,3.98181,5.2356,0.962764,1924.08,1998.5,0.0,0.0,0.6296,0.653951,0.0,Zn,Yes,Zn,clean,N,Y,Y,,N,,,,,,,,,,,,,,,,,,,,,,YARKOT_clean,164.8
YARSAN_clean,5.04398,3.94642,5.02513,1.29452,830.585,641.616,0.0,0.0,0.4644,0.358743,0.0,Zn,Yes,Zn,clean,Y,Y,Y,,N,,,,,,,,,,,,,,,,,,,,,,YARSAN_clean,219.5
YARYEV_clean,5.64641,4.02417,5.64641,1.12294,2187.12,1947.67,0.0,0.0,0.6948,0.618733,0.0,Cd,No, ,clean,Y,Y,Y,,N,,,,,,,,,,,,,,,,,,,,,,YARYEV_clean,115.9
YARYIZ_clean,5.51251,4.14788,5.51251,1.11604,2131.77,1910.12,0.0,0.0,0.6948,0.622558,0.0,Cd,No, ,clean,N,Y,Y,,N,,,,,,,,,,,,,,,,,,,,,,YARYIZ_clean,129.9
YARYOF_clean,4.91899,3.58217,4.91899,1.2259,1844.97,1504.99,0.0,0.0,0.6484,0.528917,0.0,Cd,No, ,clean,Y,Y,Y,,N,,,,,,,,,,,,,,,,,,,,,,YARYOF_clean,146.8
YARYUL_clean,6.79463,6.1943,6.7496,1.01911,2644.72,2595.13,0.0,0.0,0.7536,0.73947,0.0,Cd,Yes,Cd,clean,N,Y,Y,,N,,,,,,,,,,,,,,,,,,,,,,YARYUL_clean,71.5
YARZEZ02_clean,7.33631,5.31685,7.33003,0.762014,2989.95,3923.75,0.0,0.0,0.7604,0.997882,0.0,Cd,No, ,clean,N,Y,Y,,N,,,,,,,,,,,,,,,,,,,,,,YARZEZ02_clean,77.9
YARZEZ03_clean,7.77175,4.5942,7.75648,0.810672,2535.58,3127.75,0.0,0.0,0.7232,0.8921,0.0,Cd,No, ,clean,N,Y,Y,,N,,,,,,,,,,,,,,,,,,,,,,YARZEZ03_clean,87.4
YARZEZ_clean,5.63038,4.40455,5.63038,0.959184,2069.23,2157.28,0.0,0.0,0.682,0.711021,0.0,Cd,No, ,clean,N,Y,Y,,N,,,,,,,,,,,,,,,,,,,,,,YARZEZ_clean,116.4
YASLOW_clean,11.27088,6.03691,11.27088,0.827082,2236.87,2704.53,0.0,0.0,0.7068,0.85457,0.0,Zn,No, ,clean,N,Y,Y,,N,,,,,,,,,,,,,,,,,,,,,,YASLOW_clean,847.3
YASLUA_clean,4.94209,4.00194,4.9385,1.70772,1160.33,679.462,0.0,0.0,0.57,0.333779,0.0,"Mn,Hg",Yes,Mn,clean,N,Y,Y,,N,,,,,,,,,,,,,,,,,,,,,,YASLUA_clean,82.2
YATDUV_clean,9.16363,5.74685,9.12289,0.890102,2297.06,2580.67,0.0,0.0,0.7262,0.815861,0.0,Zn,Yes,Zn,clean,N,Y,Y,,N,,,,,,,,,,,,,,,,,,,,,,YATDUV_clean,210.0
YATTUK_clean,5.98818,5.09996,5.98666,1.2421,2236.34,1800.46,0.0,0.0,0.6648,0.535224,0.0,Tb,Yes,Tb,clean,N,Y,Y,,N,,,,,,,,,,,,,,,,,,,,,,YATTUK_clean,138.9
YAVSOG_clean,5.27147,3.77137,4.73746,1.58778,810.938,510.737,0.0,0.0,0.471,0.296641,0.0,Ce,No, ,clean,N,Y,Y,,N,,,,,,,,,,,,,,,,,,,,,,YAVSOG_clean,347.5
YAVTUN_clean,9.91839,8.86286,9.91839,0.965245,1733.93,1796.36,0.0,0.0,0.6864,0.711115,0.0,Nd,Yes,Nd,clean,N,Y,Y,,N,,,,,,,,,,,,,,,,,,,,,,YAVTUN_clean,146.1
YAVVAV_clean,9.88958,8.7039,9.88958,1.06981,1632.82,1526.27,0.0,0.0,0.6406,0.598799,0.0,Eu,Yes,Eu,clean,N,Y,Y,,N,,,,,,,,,,,,,,,,,,,,,,YAVVAV_clean,170.7
YAVVEZ_clean,9.82749,8.59259,9.81107,1.05385,1634.41,1550.89,0.0,0.0,0.6474,0.614319,0.0,Sm,Yes,Sm,clean,N,Y,Y,,N,,,,,,,,,,,,,,,,,,,,,,YAVVEZ_clean,152.7
YAVVID_clean,4.84619,4.06844,4.72468,1.45348,1121.07,771.298,0.0,0.0,0.5442,0.374412,0.0,Gd,Yes,Gd,clean,N,Y,Y,,N,,,,,,,,,,,,,,,,,,,,,,YAVVID_clean,326.0
YAVVOJ_clean,4.78155,4.02282,4.65286,1.48818,1095.49,736.125,0.0,0.0,0.5464,0.36716,0.0,Tb,Yes,Tb,clean,N,Y,Y,,N,,,,,,,,,,,,,,,,,,,,,,YAVVOJ_clean,324.1
YAVVUP_clean,4.79083,4.0345,4.51089,1.48936,1096.45,736.189,0.0,0.0,0.5422,0.364049,0.0,Dy,Yes,Dy,clean,N,Y,Y,,N,,,,,,,,,,,,,,,,,,,,,,YAVVUP_clean,333.9
YAVWAW_clean,4.87227,4.07548,4.69675,1.46373,1145.93,782.881,0.0,0.0,0.5582,0.381355,0.0,Ho,Yes,Ho,clean,N,Y,Y,,N,,,,,,,,,,,,,,,,,,,,,,YAVWAW_clean,325.3
YAVWUQ_clean,15.48597,6.62234,15.4779,0.747785,2189.36,2927.8,0.0,0.0,0.7402,0.989857,0.0,Cu,Yes,Cu,clean,N,Y,Y,,N,,,,,,,,,,,,,,,,,,,,,,YAVWUQ_clean,547.2
YAVZAX_clean,5.41112,4.55984,5.40803,1.50963,1275.98,845.227,0.0,0.0,0.5678,0.376117,0.0,Cu,No, ,clean,N,Y,Y,,N,,,,,,,,,,,,,,,,,,,,,,YAVZAX_clean,91.0
YAVZUT_clean,9.86186,4.91496,9.72199,0.854434,1940.85,2271.51,0.0,0.0,0.6662,0.779698,0.0,Zn,Yes,Zn,clean,N,Y,Y,,N,,,,,,,,,,,,,,,,,,,,,,YAVZUT_clean,308.8
YAWBAC_clean,10.4496,5.49019,10.26922,0.855998,1928.74,2253.21,0.0,0.0,0.6638,0.775469,0.0,Zn,Yes,Zn,clean,N,Y,Y,,N,,,,,,,,,,,,,,,,,,,,,,YAWBAC_clean,250.5
YAWFOS_clean,6.58573,4.52277,6.51086,1.38834,1531.01,1102.76,0.0,0.0,0.6034,0.434618,0.0,Cd,Yes,Cd,clean,N,Y,Y,,N,,,,,,,,,,,,,,,,,,,,,,YAWFOS_clean,215.8
YAWKOX_clean,7.42586,6.54227,7.42586,1.26071,1716.68,1361.67,0.0,0.0,0.6098,0.483696,0.0,Pr,Yes,Pr,clean,N,Y,Y,,N,,,,,,,,,,,,,,,,,,,,,,YAWKOX_clean,186.3
YAXBOP_SL,5.80792,5.38349,5.80792,1.12998,1474.82,1305.18,0.0,0.0,0.591,0.52302,0.0,Fe,No, ,SL,Y,Y,Y,,N,,,,,,,,,,,,,,,,,,,,,,YAXBOP_SL,207.2
YAYLER_clean,4.97966,4.34921,4.97473,3.91304,903.181,230.813,0.0,0.0,0.4372,0.111729,0.0,"Ba,U",Yes,"Ba,U",clean,N,Y,Y,,N,,,,,,,,,,,,,,,,,,,,,,YAYLER_clean,192.8
YAYPOF_clean,6.50595,4.6947,6.4958,2.40269,1158.01,481.966,0.0,0.0,0.5536,0.230409,0.0,U,Yes,U,clean,N,Y,Y,,N,,,,,,,,,,,,,,,,,,,,,,YAYPOF_clean,188.9
YAYRAT_clean,6.10819,5.25433,6.10592,0.863424,2602.75,3014.46,0.0,0.0,0.6904,0.799607,0.0,Ga,No, ,clean,N,Y,Y,,N,,,,,,,,,,,,,,,,,,,,,,YAYRAT_clean,375.6
YAZWOM_clean,4.58853,4.19832,4.58853,1.42471,389.253,273.216,49.369,34.652,0.47,0.329892,0.0,Cu,Yes,Cu,clean,Y,Y,Y,,N,,,,,,,,,,,,,,,,,,,,,,YAZWOM_clean,363.8
YEBLAT_clean,6.81519,6.14414,6.81519,1.60609,1346.83,838.578,0.0,0.0,0.5478,0.341077,0.0,La,No, ,clean,N,Y,Y,,N,,,,,,,,,,,,,,,,,,,,,,YEBLAT_clean,172.2
YEDKOI_clean,5.69122,4.8418,5.69122,1.08403,1663.7,1534.74,7.50334,6.92174,0.592,0.546112,0.0,Cr,Yes,Cr,clean,N,Y,Y,,N,,,,,,,,,,,,,,,,,,,,,,YEDKOI_clean,128.6
YEDKUO_clean,6.88443,4.8384,6.1725,0.827487,2774.06,3352.39,0.0,0.0,0.6498,0.785269,0.0,Cr,Yes,Cr,clean,N,Y,Y,,N,,,,,,,,,,,,,,,,,,,,,,YEDKUO_clean,189.4
YEDLAV_clean,5.4499,3.81156,5.4499,1.25884,985.671,783.002,173.283,137.653,0.514,0.408314,0.0,Fe,Yes,Fe,clean,N,Y,Y,,N,,,,,,,,,,,,,,,,,,,,,,YEDLAV_clean,214.3
YEFNEC_clean,7.0118,5.67657,7.0118,1.03009,2663.85,2586.03,0.0,0.0,0.7454,0.723623,0.0,Cd,No, ,clean,N,Y,Y,,N,,,,,,,,,,,,,,,,,,,,,,YEFNEC_clean,116.6
YEFNOM_clean,6.99053,5.65806,6.99053,1.03643,2661.11,2567.58,0.0,0.0,0.7442,0.718045,0.0,Cd,No, ,clean,N,Y,Y,,N,,,,,,,,,,,,,,,,,,,,,,YEFNOM_clean,111.0
YEFPEE_clean,6.60032,5.32777,6.60032,1.16153,2587.98,2228.08,0.0,0.0,0.7204,0.620219,0.0,Cd,No, ,clean,N,Y,Y,,N,,,,,,,,,,,,,,,,,,,,,,YEFPEE_clean,108.5
YEGCUJ_clean,7.31661,4.83808,7.31661,1.36986,1339.97,978.182,0.0,0.0,0.5642,0.411867,0.0,Pd,Yes,Pd,clean,Y,Y,Y,,N,,,,,,,,,,,,,,,,,,,,,,YEGCUJ_clean,215.3
YEGHIC_clean,7.13593,3.78757,7.13593,1.08644,2189.73,2015.5,27.1266,24.9682,0.6726,0.619084,0.0,"Mo,Nd",No, ,clean,N,Y,Y,,N,,,,,,,,,,,,,,,,,,,,,,YEGHIC_clean,170.1
YEGKOM_clean,5.20851,4.05507,5.20188,1.12752,1913.28,1696.88,0.0,0.0,0.6196,0.549523,0.0,Zn,No, ,clean,Y,Y,Y,,N,,,,,,,,,,,,,,,,,,,,,,YEGKOM_clean,162.7
YEHGID_clean,6.88886,4.03008,6.66292,1.04955,1124.4,1071.32,29.6858,28.2844,0.5406,0.51508,0.0,Fe,No, ,clean,Y,Y,Y,,N,,,,,,,,,,,,,,,,,,,,,,YEHGID_clean,1442.1
YEKQOW_clean,13.71017,3.97085,13.71017,1.23134,1607.97,1305.87,0.0,0.0,0.6056,0.491823,0.0,Zn,Yes,Zn,clean,Y,Y,Y,,N,,,,,,,,,,,,,,,,,,,,,,YEKQOW_clean,746.4
YEKXET_clean,6.4533,5.02363,5.80415,0.985188,2310.11,2344.84,0.0,0.0,0.6394,0.649013,0.0,Zn,Yes,Zn,clean,Y,Y,Y,,N,,,,,,,,,,,,,,,,,,,,,,YEKXET_clean,169.7
YEKXOD_clean,7.62702,5.92083,7.58526,0.977291,1976.53,2022.46,0.0,0.0,0.6138,0.628063,0.0,Cu,Yes,Cu,clean,Y,Y,Y,,N,,,,,,,,,,,,,,,,,,,,,,YEKXOD_clean,197.0
YEKXUJ_clean,7.55002,6.86281,7.5454,0.941882,1957.97,2078.79,0.0,0.0,0.639,0.678429,0.0,Cu,Yes,Cu,clean,N,Y,Y,,N,,,,,,,,,,,,,,,,,,,,,,YEKXUJ_clean,154.9
YELYOE_clean,5.04252,3.59258,5.00865,2.17111,739.471,340.597,0.0,0.0,0.4584,0.211137,0.0,Cd,Yes,Cd,clean,Y,Y,Y,,N,,,,,,,,,,,,,,,,,,,,,,YELYOE_clean,162.8
YEMFOM_clean,4.97553,4.09686,4.67636,1.71885,1447.62,842.207,0.0,0.0,0.5806,0.337785,0.0,Zn,Yes,Zn,clean,N,Y,Y,,N,,,,,,,,,,,,,,,,,,,,,,YEMFOM_clean,241.8
YEMJAC_clean,6.87778,6.50668,6.87778,1.59244,1555.51,976.807,0.0,0.0,0.5806,0.364597,0.0,Dy,No, ,clean,Y,Y,Y,,N,,,,,,,,,,,,,,,,,,,,,,YEMJAC_clean,115.2
YEMMAF_clean,9.71746,9.09929,9.71746,1.3312,1383.23,1039.09,0.0,0.0,0.5818,0.43705,0.0,Ni,Yes,Ni,clean,N,Y,Y,,N,,,,,,,,,,,,,,,,,,,,,,YEMMAF_clean,283.9
YENLUA_ion_b,21.49217,18.9061,21.49217,0.794834,1364.82,1717.11,0.605784,0.762152,0.7146,0.899055,0.0,"Cu,Na,Mn",Yes,"Cu,Na",ion_b,N,Y,Y,,N,,,,,,,,,,,,,,,,,,,,,,YENLUA_ion_b,258.1
YEQRER_clean,5.87384,4.7032,5.72081,1.15967,3090.85,2665.28,0.0,0.0,0.7338,0.632764,0.0,"Yb,Pt,K",Yes,"Yb,Pt,K",clean,N,Y,Y,,N,,,,,,,,,,,,,,,,,,,,,,YEQRER_clean,75.6
YEQRIV_clean,5.99633,4.79932,5.81502,0.74227,3172.25,4273.71,0.0,0.0,0.734,0.988859,0.0,"Ni,Eu,K",Yes,"Ni,Eu,K",clean,N,Y,Y,,N,,,,,,,,,,,,,,,,,,,,,,YEQRIV_clean,75.0
YEVQOG_clean,6.25531,4.55241,6.24369,1.60942,1024.12,636.328,2.59362,1.61152,0.5428,0.337264,0.0,Ag,Yes,Ag,clean,Y,Y,Y,,N,,,,,,,,,,,,,,,,,,,,,,YEVQOG_clean,626.2
YEVQUM_manual,7.24971,4.97645,7.24971,1.58621,997.869,629.089,110.417,69.6106,0.5532,0.348755,0.0,Ag,Yes,Ag,manual,Y,Y,Y,,N,,,,,,,,,,,,,,,,,,,,,,YEVQUM_manual,3888.1
YEYCUC_SL,17.82348,5.70059,17.82348,0.555715,2326.25,4186.05,0.0,0.0,0.7742,1.39316,0.000719793,Zr,No, ,SL,Y,Y,Y,,N,,,,,,,,,,,,,,,,,,,,,,YEYCUC_SL,266.0
YEYFEP_clean,6.98334,4.14157,6.98202,1.19557,2249.87,1881.83,0.0,0.0,0.6508,0.544341,0.0,Ho,Yes,Ho,clean,N,Y,Y,,N,,,,,,,,,,,,,,,,,,,,,,YEYFEP_clean,252.9
YEZFIU_clean,7.76134,3.87237,7.76134,1.15876,1542.78,1331.4,0.0,0.0,0.5858,0.505539,0.0,Zn,Yes,Zn,clean,N,Y,Y,,N,,,,,,,,,,,,,,,,,,,,,,YEZFIU_clean,248.2
YEZKEV_clean,5.97739,3.43415,5.31131,1.09565,745.656,680.561,250.74,228.851,0.5084,0.464017,0.0,"Cr,Co",Yes,Cr,clean,Y,Y,Y,,N,,,,,,,,,,,,,,,,,,,,,,YEZKEV_clean,385.5
YIBMUT_clean,4.66852,3.42869,4.24306,1.43993,703.496,488.563,0.0,0.0,0.4898,0.340155,0.0,Cd,Yes,Cd,clean,N,Y,Y,,N,,,,,,,,,,,,,,,,,,,,,,YIBMUT_clean,238.6
YICDAR_clean,5.59824,4.74384,5.59824,0.895752,2281.69,2547.24,0.0,0.0,0.6272,0.700194,0.0,Mg,Yes,Mg,clean,N,Y,Y,,N,,,,,,,,,,,,,,,,,,,,,,YICDAR_clean,332.4
YICREI_clean,5.84848,5.57464,5.83375,1.84239,1401.27,760.57,0.0,0.0,0.5592,0.303518,0.0,Pb,Yes,Pb,clean,N,Y,Y,,N,,,,,,,,,,,,,,,,,,,,,,YICREI_clean,185.2
YIKJOT_clean,9.06042,4.04226,9.06042,1.25445,1709.74,1362.94,22.3665,17.8297,0.6492,0.517517,0.0,Ag,Yes,Ag,clean,Y,Y,Y,,N,,,,,,,,,,,,,,,,,,,,,,YIKJOT_clean,849.4
YIKJUZ_clean,8.98552,4.23883,8.98552,1.25419,1702.48,1357.43,21.0421,16.7774,0.6478,0.516507,0.0,Ag,Yes,Ag,clean,Y,Y,Y,,N,,,,,,,,,,,,,,,,,,,,,,YIKJUZ_clean,776.2
YILJAG_clean,9.10869,5.99614,8.54669,0.787709,2364.52,3001.77,0.0,0.0,0.7242,0.919375,0.0,Zn,Yes,Zn,clean,Y,Y,Y,,N,,,,,,,,,,,,,,,,,,,,,,YILJAG_clean,207.3
YILJUA_clean,6.47025,4.23928,6.47025,1.06649,1898.08,1779.75,0.0,0.0,0.616,0.577597,0.0,Cd,No, ,clean,N,Y,Y,,N,,,,,,,,,,,,,,,,,,,,,,YILJUA_clean,265.3
YILKAH_clean,5.89247,4.24175,5.78451,1.04927,1964.15,1871.92,0.0,0.0,0.628,0.598513,0.0,Cd,No, ,clean,N,Y,Y,,N,,,,,,,,,,,,,,,,,,,,,,YILKAH_clean,202.4
YINCEF_clean,5.29805,4.38969,5.29805,1.14172,1383.89,1212.11,0.0,0.0,0.5194,0.454928,0.0,Mn,Yes,Mn,clean,Y,Y,Y,,N,,,,,,,,,,,,,,,,,,,,,,YINCEF_clean,222.1
YINCIJ_clean,5.57662,4.55736,5.57662,1.15159,1292.51,1122.37,0.0,0.0,0.5342,0.463881,0.0,Mn,Yes,Mn,clean,Y,Y,Y,,N,,,,,,,,,,,,,,,,,,,,,,YINCIJ_clean,237.2
YINCOP_clean,5.26078,4.28352,5.26078,1.18451,1235.25,1042.84,0.0,0.0,0.5154,0.435117,0.0,Mn,Yes,Mn,clean,Y,Y,Y,,N,,,,,,,,,,,,,,,,,,,,,,YINCOP_clean,224.1
YINCUV_clean,4.80903,3.55203,4.73589,1.40486,557.682,396.966,0.0,0.0,0.407,0.289708,0.0,Mn,Yes,Mn,clean,N,Y,Y,,N,,,,,,,,,,,,,,,,,,,,,,YINCUV_clean,631.4
YINDOQ_clean,4.43071,3.40597,4.26593,1.3553,678.182,500.394,0.0,0.0,0.4342,0.320372,0.0,Mn,Yes,Mn,clean,N,Y,Y,,N,,,,,,,,,,,,,,,,,,,,,,YINDOQ_clean,454.0
YINPEQ_clean,9.47139,8.23796,9.47139,0.666821,2383.65,3574.65,0.0,0.0,0.7906,1.18563,0.0,Cd,No, ,clean,N,Y,Y,,N,,,,,,,,,,,,,,,,,,,,,,YINPEQ_clean,90.1
YINXIE_clean,6.16574,4.96395,6.1491,1.27739,1014.53,794.22,0.0,0.0,0.5052,0.395493,0.0,Cu,Yes,Cu,clean,N,Y,Y,,N,,,,,,,,,,,,,,,,,,,,,,YINXIE_clean,251.2
YIRHOY_clean,4.32621,3.78826,4.32621,3.27612,950.357,290.086,0.0,0.0,0.4232,0.129177,0.0,Er,Yes,Er,clean,N,Y,Y,,N,,,,,,,,,,,,,,,,,,,,,,YIRHOY_clean,297.5
YISFEL_clean,5.46375,4.23769,5.46375,1.76848,680.689,384.9,0.0,0.0,0.5068,0.286574,0.0,"Sr,Cu",Yes,"Sr,Cu",clean,N,Y,Y,,N,,,,,,,,,,,,,,,,,,,,,,YISFEL_clean,128.7
YIVNIC_clean,4.61348,3.86544,4.61348,1.60999,548.992,340.991,0.0,0.0,0.3982,0.24733,0.0,"Cu,V",Yes,"Cu,V",clean,Y,Y,Y,,N,,,,,,,,,,,,,,,,,,,,,,YIVNIC_clean,274.8
YIVZIO_clean,7.47444,4.87179,7.47444,1.1331,1630.87,1439.3,0.0,0.0,0.577,0.509222,0.0,"Pr,Si",Yes,Pr,clean,Y,Y,Y,,N,,,,,,,,,,,,,,,,,,,,,,YIVZIO_clean,222.3
YIVZOU_clean,7.22451,3.90462,7.20186,1.01646,1810.83,1781.5,0.0,0.0,0.6044,0.594611,0.0,"Pr,Si",Yes,Pr,clean,N,Y,Y,,N,,,,,,,,,,,,,,,,,,,,,,YIVZOU_clean,346.5
YIWBEN_clean,5.41707,3.94622,5.41707,1.08258,1617.69,1494.29,0.0,0.0,0.5648,0.521716,0.0,Cd,No, ,clean,Y,Y,Y,,N,,,,,,,,,,,,,,,,,,,,,,YIWBEN_clean,202.1
YIWLEV_clean,6.84017,5.52979,6.84017,1.2226,2050.0,1676.76,0.0,0.0,0.7014,0.573697,0.0,Cd,No, ,clean,Y,Y,Y,,N,,,,,,,,,,,,,,,,,,,,,,YIWLEV_clean,84.4
YIWLIZ_clean,6.76345,5.40521,6.76332,1.26054,2049.12,1625.6,0.0,0.0,0.6972,0.553098,0.0,Cd,No, ,clean,N,Y,Y,,N,,,,,,,,,,,,,,,,,,,,,,YIWLIZ_clean,87.7
YIWMEW_clean,5.71951,3.80264,5.71876,1.30733,2035.3,1556.84,0.0,0.0,0.6656,0.509129,0.0,Cd,Yes,Cd,clean,Y,Y,Y,,N,,,,,,,,,,,,,,,,,,,,,,YIWMEW_clean,101.0
YIWMOG_clean,6.74773,5.04258,6.74039,1.26894,2076.98,1636.78,0.0,0.0,0.6788,0.534934,0.0,Cd,Yes,Cd,clean,N,Y,Y,,N,,,,,,,,,,,,,,,,,,,,,,YIWMOG_clean,125.0
YIWMUM_clean,6.07798,4.22779,6.07163,1.30832,2060.98,1575.28,0.0,0.0,0.6732,0.514552,0.0,Cd,No, ,clean,N,Y,Y,,N,,,,,,,,,,,,,,,,,,,,,,YIWMUM_clean,124.0
YIWNAT_clean,6.30784,4.54282,6.29619,1.29078,2076.15,1608.45,0.0,0.0,0.675,0.52294,0.0,Cd,No, ,clean,N,Y,Y,,N,,,,,,,,,,,,,,,,,,,,,,YIWNAT_clean,125.9
YIWNIB_clean,6.81948,5.37501,6.81948,1.22536,2128.85,1737.32,0.0,0.0,0.696,0.567996,0.0,Cd,No, ,clean,N,Y,Y,,N,,,,,,,,,,,,,,,,,,,,,,YIWNIB_clean,107.5
YIWPAV_clean,6.84936,5.28466,6.84936,1.24173,2101.82,1692.65,0.0,0.0,0.6932,0.558254,0.0,Cd,No, ,clean,N,Y,Y,,N,,,,,,,,,,,,,,,,,,,,,,YIWPAV_clean,109.4
YIWPEZ_SL_part,7.01269,5.15498,7.0057,1.25891,2052.76,1630.59,0.0,0.0,0.6916,0.549364,0.0,Cd,No, ,SL_part,N,Y,Y,,N,,,,,,,,,,,,,,,,,,,,,,YIWPEZ_SL_part,111.7
YIWPID_clean,5.93872,4.77854,5.93164,1.27431,2083.27,1634.82,0.0,0.0,0.6888,0.540527,0.0,Cd,Yes,Cd,clean,N,Y,Y,,N,,,,,,,,,,,,,,,,,,,,,,YIWPID_clean,133.1
YIXFIW_clean,4.72359,3.58415,4.71426,1.46617,963.816,657.369,0.0,0.0,0.4922,0.335704,0.0,Sm,No, ,clean,N,Y,Y,,N,,,,,,,,,,,,,,,,,,,,,,YIXFIW_clean,340.2
YIXYUB_clean,7.99703,7.36677,7.98615,1.64643,944.835,573.867,0.0,0.0,0.4756,0.288867,0.0,Cd,No, ,clean,Y,Y,Y,,N,,,,,,,,,,,,,,,,,,,,,,YIXYUB_clean,306.3
YIXZEM_clean,8.10881,7.62421,8.10881,1.55257,958.181,617.157,0.0,0.0,0.488,0.314317,0.0,Cd,No, ,clean,N,Y,Y,,N,,,,,,,,,,,,,,,,,,,,,,YIXZEM_clean,260.9
YIYHAQ_clean,5.13693,3.97105,5.11342,0.982113,1295.69,1319.28,0.0,0.0,0.5422,0.552075,0.0,Zn,Yes,Zn,clean,N,Y,Y,,N,,,,,,,,,,,,,,,,,,,,,,YIYHAQ_clean,380.9
YIZGEV_clean,8.18498,3.62665,8.04776,1.4535,879.019,604.759,443.479,305.11,0.5378,0.370003,0.0,"Si,Al",No, ,clean,N,Y,Y,,N,,,,,,,,,,,,,,,,,,,,,,YIZGEV_clean,147.7
YIZGIZ_clean,8.32701,3.59268,8.32701,1.46991,1382.6,940.602,0.383122,0.260644,0.553,0.376215,0.0,Al,No, ,clean,N,Y,Y,,N,,,,,,,,,,,,,,,,,,,,,,YIZGIZ_clean,149.8
YIZGOF_clean,8.30449,3.57994,8.30449,1.47966,1364.44,922.132,0.0,0.0,0.552,0.373059,0.0,Al,No, ,clean,N,Y,Y,,N,,,,,,,,,,,,,,,,,,,,,,YIZGOF_clean,145.2
YIZWIN_clean,4.63572,3.59591,4.50441,1.58532,638.298,402.631,0.0,0.0,0.4932,0.311105,0.0,"Cd,Ni",Yes,Ni,clean,N,Y,Y,,N,,,,,,,,,,,,,,,,,,,,,,YIZWIN_clean,219.3
YOBYAR_clean,9.69314,7.13433,9.69314,0.65232,2302.34,3529.46,0.0,0.0,0.7484,1.14729,0.0,"Zn,Ni",Yes,"Zn,Ni",clean,Y,Y,Y,,N,,,,,,,,,,,,,,,,,,,,,,YOBYAR_clean,316.8
YOBYEV_clean,9.64125,7.09583,9.64125,0.653616,2314.51,3541.09,0.0,0.0,0.7532,1.15236,0.0,"Zn,Co",Yes,"Zn,Co",clean,N,Y,Y,,N,,,,,,,,,,,,,,,,,,,,,,YOBYEV_clean,313.0
YOCCIE_clean,6.8059,5.18062,6.8059,1.41637,1048.63,740.368,38.6647,27.2985,0.5234,0.369537,0.0,Zn,Yes,Zn,clean,Y,Y,Y,,N,,,,,,,,,,,,,,,,,,,,,,YOCCIE_clean,280.7
YOCDUR_clean,9.69113,7.20147,9.69113,0.660405,2307.63,3494.27,0.0,0.0,0.7614,1.15293,0.0,Zn,Yes,Zn,clean,Y,Y,Y,,N,,,,,,,,,,,,,,,,,,,,,,YOCDUR_clean,317.9
YOCLEJ_clean,13.16813,6.65727,13.16813,0.881908,2114.87,2398.07,0.0,0.0,0.7196,0.815958,0.0,Cu,Yes,Cu,clean,Y,Y,Y,,N,,,,,,,,,,,,,,,,,,,,,,YOCLEJ_clean,154.0
YOCLIN_clean,13.22354,6.67449,13.22354,0.8764,2113.41,2411.46,0.0,0.0,0.7206,0.822227,0.0,Cu,Yes,Cu,clean,Y,Y,Y,,N,,,,,,,,,,,,,,,,,,,,,,YOCLIN_clean,155.4
YOCNAH_clean,6.22868,3.97762,6.13994,1.44635,836.354,578.253,0.0,0.0,0.4804,0.332147,0.0,Cu,Yes,Cu,clean,N,Y,Y,,N,,,,,,,,,,,,,,,,,,,,,,YOCNAH_clean,302.9
YOCSEQ_clean,5.29821,4.82783,5.29821,2.09158,1030.37,492.631,0.0,0.0,0.4588,0.219356,0.0,Gd,Yes,Gd,clean,Y,Y,Y,,N,,,,,,,,,,,,,,,,,,,,,,YOCSEQ_clean,190.3
YODRAM_clean,7.27536,4.86667,7.27536,0.966335,1538.49,1592.09,200.889,207.888,0.6076,0.628767,0.0,Co,Yes,Co,clean,Y,Y,Y,,N,,,,,,,,,,,,,,,,,,,,,,YODRAM_clean,317.9
YODWOF_clean,21.60336,14.63737,21.60336,0.354351,1695.85,4785.8,0.0,0.0,0.8718,2.46027,0.0,Zn,Yes,Zn,clean,N,Y,Y,,N,,,,,,,,,,,,,,,,,,,,,,YODWOF_clean,146.1
YODWUL_clean,23.49364,11.53361,23.48524,0.424505,1906.84,4491.91,0.0,0.0,0.849,1.99997,0.0,Zn,Yes,Zn,clean,N,Y,Y,,N,,,,,,,,,,,,,,,,,,,,,,YODWUL_clean,166.7
YOFGOR_clean,5.41632,4.78135,5.41632,1.32576,1175.0,886.282,0.0,0.0,0.499,0.376388,0.0,Mn,Yes,Mn,clean,N,Y,Y,,N,,,,,,,,,,,,,,,,,,,,,,YOFGOR_clean,289.5
YOFXEY_clean,5.28351,3.76449,3.92047,1.16809,406.535,348.035,406.008,347.584,0.5144,0.440378,0.0,"Cu,Mn",No, ,clean,N,Y,Y,,N,,,,,,,,,,,,,,,,,,,,,,YOFXEY_clean,429.1
YOFXIC_clean,4.88114,3.85589,4.00843,1.17746,202.132,171.668,464.324,394.346,0.5094,0.432628,0.0,"Cu,Mn",No, ,clean,N,Y,Y,,N,,,,,,,,,,,,,,,,,,,,,,YOFXIC_clean,439.8
YOGKOW_clean,10.82894,9.41793,10.82894,0.926286,1458.82,1574.92,0.0,0.0,0.651,0.702807,0.0,Zn,Yes,Zn,clean,N,Y,Y,,N,,,,,,,,,,,,,,,,,,,,,,YOGKOW_clean,410.7
YOGVEX_clean,4.10269,3.52572,4.10269,1.25337,612.446,488.638,0.0,0.0,0.5006,0.399402,0.0,Zn,No, ,clean,N,Y,Y,,N,,,,,,,,,,,,,,,,,,,,,,YOGVEX_clean,272.3
YOKKIU_clean,4.47915,3.70978,4.27429,1.38219,507.522,367.187,328.529,237.688,0.4744,0.343224,0.0,Co,Yes,Co,clean,N,Y,Y,,N,,,,,,,,,,,,,,,,,,,,,,YOKKIU_clean,353.3
YOLGUB_clean,7.59854,5.9029,7.59287,0.74526,2992.97,4016.0,0.0,0.0,0.791,1.06137,0.0,Cu,Yes,Cu,clean,N,Y,Y,,N,,,,,,,,,,,,,,,,,,,,,,YOLGUB_clean,103.4
YOMZIL_clean,6.06999,4.11356,6.06999,1.23293,641.787,520.537,0.0,0.0,0.4508,0.365632,0.0,Ag,Yes,Ag,clean,N,Y,Y,,N,,,,,,,,,,,,,,,,,,,,,,YOMZIL_clean,292.7
YONNAR_clean,11.86103,5.70578,11.72639,0.691421,2206.3,3190.97,0.0,0.0,0.7668,1.10902,0.0,Zn,Yes,Zn,clean,Y,Y,Y,,N,,,,,,,,,,,,,,,,,,,,,,YONNAR_clean,372.2
YONNUL_clean,7.44579,3.94305,6.4772,1.00681,1672.8,1661.47,0.0,0.0,0.5814,0.577465,0.0,Zn,No, ,clean,Y,Y,Y,,N,,,,,,,,,,,,,,,,,,,,,,YONNUL_clean,334.5
YOPPAW_clean,4.43567,3.44353,4.43166,1.44767,531.139,366.891,0.0,0.0,0.4788,0.330738,0.0,Cd,Yes,Cd,clean,N,Y,Y,,N,,,,,,,,,,,,,,,,,,,,,,YOPPAW_clean,300.2
YOQLAT_clean,5.09073,4.28382,5.09073,2.03523,909.798,447.024,0.0,0.0,0.4642,0.228082,0.0,"Ba,Fe",Yes,Ba,clean,N,Y,Y,,N,,,,,,,,,,,,,,,,,,,,,,YOQLAT_clean,200.3
YORGOD_clean,8.38023,4.12707,8.38023,0.867162,1938.3,2235.22,0.0,0.0,0.6224,0.717744,0.0,Zn,No, ,clean,N,Y,Y,,N,,,,,,,,,,,,,,,,,,,,,,YORGOD_clean,188.1
YORLEY_clean,14.11404,9.82464,14.11404,1.50654,1067.45,708.545,0.0,0.0,0.6006,0.398661,0.0,"Ag,Au",Yes,"Ag,Au",clean,N,Y,Y,,N,,,,,,,,,,,,,,,,,,,,,,YORLEY_clean,1505.5
YORNIE_clean,6.06957,5.53792,6.06957,0.892995,1622.17,1816.55,0.0,0.0,0.629,0.704371,0.0,Co,Yes,Co,clean,N,Y,Y,,N,,,,,,,,,,,,,,,,,,,,,,YORNIE_clean,253.4
YOTXOW_clean,6.29142,5.79696,6.29077,1.36514,595.047,435.886,0.0,0.0,0.467,0.342088,0.0,Al,Yes,Al,clean,N,Y,Y,,N,,,,,,,,,,,,,,,,,,,,,,YOTXOW_clean,197.6
YOYBUL_clean,7.16525,4.74264,7.03966,0.861413,1929.99,2240.49,0.0,0.0,0.6146,0.713479,0.0,Zn,No, ,clean,N,Y,Y,,N,,,,,,,,,,,,,,,,,,,,,,YOYBUL_clean,226.0
YOYNUX_clean,6.53052,5.58315,6.53052,1.14575,936.289,817.183,0.0,0.0,0.503,0.439013,0.0,Ni,No, ,clean,N,Y,Y,,N,,,,,,,,,,,,,,,,,,,,,,YOYNUX_clean,285.0
YOYPAF_clean,6.55588,5.45199,6.55588,1.14259,922.719,807.568,0.0,0.0,0.4978,0.435677,0.0,Ni,No, ,clean,N,Y,Y,,N,,,,,,,,,,,,,,,,,,,,,,YOYPAF_clean,283.5
YOYPEJ_clean,6.69444,5.84937,6.69444,1.13629,975.718,858.686,0.0,0.0,0.5104,0.44918,0.0,Ni,No, ,clean,N,Y,Y,,N,,,,,,,,,,,,,,,,,,,,,,YOYPEJ_clean,283.5
YOYPIN_clean,6.69706,5.82012,6.69706,1.12302,945.662,842.074,0.0,0.0,0.503,0.447901,0.0,Co,No, ,clean,N,Y,Y,,N,,,,,,,,,,,,,,,,,,,,,,YOYPIN_clean,207.7
YOYPOT_clean,6.7589,5.79486,6.7589,1.1199,967.709,864.099,0.0,0.0,0.5112,0.456468,0.0,Co,No, ,clean,N,Y,Y,,N,,,,,,,,,,,,,,,,,,,,,,YOYPOT_clean,287.3
YOYPUZ_clean,6.823,5.88003,6.823,1.1136,990.517,889.476,0.0,0.0,0.5056,0.454025,0.0,Co,No, ,clean,N,Y,Y,,N,,,,,,,,,,,,,,,,,,,,,,YOYPUZ_clean,282.1
YOYQAG_clean,6.86662,5.74381,6.86662,1.1179,982.695,879.053,0.0,0.0,0.5126,0.458537,0.0,Co,No, ,clean,N,Y,Y,,N,,,,,,,,,,,,,,,,,,,,,,YOYQAG_clean,290.7
YOYQEK_clean,6.62212,5.08469,6.62212,1.12644,928.228,824.034,0.0,0.0,0.5154,0.457546,0.0,Co,No, ,clean,N,Y,Y,,N,,,,,,,,,,,,,,,,,,,,,,YOYQEK_clean,285.8
YOYQIO_clean,6.67565,4.79784,6.64558,1.08038,1016.53,940.902,0.0,0.0,0.5102,0.47224,0.0,Mn,No, ,clean,N,Y,Y,,N,,,,,,,,,,,,,,,,,,,,,,YOYQIO_clean,275.2
YOYQOU_clean,6.44081,4.04722,6.44081,1.09379,982.779,898.504,0.0,0.0,0.5092,0.465535,0.0,Mn,No, ,clean,N,Y,Y,,N,,,,,,,,,,,,,,,,,,,,,,YOYQOU_clean,453.3
YOYQUA_clean,6.73531,5.14118,6.73531,1.08477,941.654,868.069,0.0,0.0,0.5218,0.481024,0.0,Mn,No, ,clean,N,Y,Y,,N,,,,,,,,,,,,,,,,,,,,,,YOYQUA_clean,201.3
YOYRAH_clean,7.09133,6.25516,7.09133,1.0672,1026.65,962.001,0.0,0.0,0.525,0.491941,0.0,Mn,No, ,clean,N,Y,Y,,N,,,,,,,,,,,,,,,,,,,,,,YOYRAH_clean,208.1
YOYREL_clean,7.29129,6.3252,7.29129,1.04682,1086.92,1038.31,0.0,0.0,0.5424,0.518142,0.0,Mn,No, ,clean,N,Y,Y,,N,,,,,,,,,,,,,,,,,,,,,,YOYREL_clean,209.1
YOYRIP_clean,6.79198,5.2818,6.79198,1.07942,946.208,876.593,0.0,0.0,0.5242,0.485633,0.0,Mn,No, ,clean,N,Y,Y,,N,,,,,,,,,,,,,,,,,,,,,,YOYRIP_clean,204.3
YOYTOX_clean,5.00131,3.86562,5.00092,1.39238,1497.55,1075.53,0.0,0.0,0.5584,0.401039,0.0,"Ag,Fe",Yes,Ag,clean,N,Y,Y,,N,,,,,,,,,,,,,,,,,,,,,,YOYTOX_clean,388.1
YOYTUD_clean,4.80402,3.83038,4.80248,1.49755,1398.05,933.559,0.0,0.0,0.5346,0.356983,0.0,"Ag,Fe",Yes,Ag,clean,N,Y,Y,,N,,,,,,,,,,,,,,,,,,,,,,YOYTUD_clean,379.4
YOYVAL_clean,5.10696,4.09246,5.10696,1.36597,1540.95,1128.11,0.0,0.0,0.565,0.413627,0.0,"Ag,Fe",Yes,Ag,clean,N,Y,Y,,N,,,,,,,,,,,,,,,,,,,,,,YOYVAL_clean,381.6
YOYVEP01_clean,4.85942,3.67908,4.85942,1.85926,1388.03,746.548,0.0,0.0,0.5542,0.298075,0.0,"Au,Fe",Yes,Au,clean,N,Y,Y,,N,,,,,,,,,,,,,,,,,,,,,,YOYVEP01_clean,379.7
YOYVOZ01_clean,4.93942,3.90462,4.93942,1.84087,1437.78,781.033,0.0,0.0,0.5596,0.303986,0.0,"Au,Fe",Yes,Au,clean,N,Y,Y,,N,,,,,,,,,,,,,,,,,,,,,,YOYVOZ01_clean,381.7
YOYVOZ_clean,4.67642,3.71608,4.67441,1.95188,1324.79,678.726,0.0,0.0,0.5406,0.276964,0.0,"Au,Fe",Yes,Au,clean,N,Y,Y,,N,,,,,,,,,,,,,,,,,,,,,,YOYVOZ_clean,370.3
YOYWEQ01_clean,4.53154,3.47646,4.53046,2.03962,960.704,471.022,1.31722,0.645816,0.5242,0.257009,0.0,"Au,Fe",Yes,Au,clean,N,Y,Y,,N,,,,,,,,,,,,,,,,,,,,,,YOYWEQ01_clean,375.4
YOYWEQ_clean,4.77875,3.62914,4.77812,1.88548,1186.63,629.349,4.49602,2.38455,0.5478,0.290536,0.0,"Au,Fe",Yes,Au,clean,N,Y,Y,,N,,,,,,,,,,,,,,,,,,,,,,YOYWEQ_clean,383.7
YOYZET_clean,6.17589,4.55995,6.17589,1.24493,1035.54,831.808,0.0,0.0,0.5128,0.411912,0.0,"Cu,Co",No, ,clean,N,Y,Y,,N,,,,,,,,,,,,,,,,,,,,,,YOYZET_clean,467.5
YOZBOF_SL,7.83476,4.57838,7.67886,1.07865,1348.62,1250.29,0.0,0.0,0.5716,0.529923,0.0,Zn,No, ,SL,Y,Y,Y,,N,,,,,,,,,,,,,,,,,,,,,,YOZBOF_SL,631.7
YOZCAS_manual,8.46123,4.31249,7.59373,1.29132,1274.82,987.221,0.0,0.0,0.5562,0.430722,0.0,Zn,No, ,manual,Y,Y,Y,,N,,,,,,,,,,,,,,,,,,,,,,YOZCAS_manual,553.8
YOZJEE01_clean,4.99022,3.91645,4.98963,1.38859,1498.87,1079.42,0.0,0.0,0.5588,0.402423,0.0,"Ag,Fe",Yes,Ag,clean,N,Y,Y,,N,,,,,,,,,,,,,,,,,,,,,,YOZJEE01_clean,385.8
YOZJEE_clean,4.63204,3.60208,4.62987,1.53122,1162.82,759.411,4.86491,3.17715,0.5256,0.343256,0.0,"Ag,Fe",Yes,Ag,clean,N,Y,Y,,N,,,,,,,,,,,,,,,,,,,,,,YOZJEE_clean,386.7
YOZKOP_clean,5.21744,4.85597,5.21744,1.23316,795.516,645.106,0.0,0.0,0.5018,0.406924,0.0,Cu,Yes,Cu,clean,N,Y,Y,,N,,,,,,,,,,,,,,,,,,,,,,YOZKOP_clean,241.7
YOZNAE_clean,13.27907,6.70029,13.26706,0.882932,2074.79,2349.88,0.0,0.0,0.7122,0.80663,0.0,Cu,Yes,Cu,clean,N,Y,Y,,N,,,,,,,,,,,,,,,,,,,,,,YOZNAE_clean,585.9
YOZQEK_clean,13.97996,12.00951,13.48133,0.61183,1737.5,2839.84,0.0,0.0,0.7918,1.29415,0.0,Zn,Yes,Zn,clean,N,Y,Y,,N,,,,,,,,,,,,,,,,,,,,,,YOZQEK_clean,243.7
YOZYOD_clean,6.08705,4.94831,6.08705,1.19906,1535.33,1280.44,0.0,0.0,0.57,0.475373,0.0,Zn,Yes,Zn,clean,N,Y,Y,,N,,,,,,,,,,,,,,,,,,,,,,YOZYOD_clean,214.1
YOZYUJ_clean,8.32775,7.35004,8.32775,1.04928,1799.21,1714.71,0.0,0.0,0.648,0.617564,0.0,Zn,Yes,Zn,clean,N,Y,Y,,N,,,,,,,,,,,,,,,,,,,,,,YOZYUJ_clean,256.7
YUBFOR_clean,8.69265,4.94745,8.69265,1.19814,1446.3,1207.12,0.0,0.0,0.612,0.510792,0.0,Zn,Yes,Zn,clean,Y,Y,Y,,N,,,,,,,,,,,,,,,,,,,,,,YUBFOR_clean,201.4
YUBGIN_clean,5.8422,3.48658,5.82075,1.92767,1406.23,729.498,0.0,0.0,0.58,0.300882,0.0,U,Yes,U,clean,N,Y,Y,,N,,,,,,,,,,,,,,,,,,,,,,YUBGIN_clean,125.5
YUBQET_clean,5.81942,4.13008,5.81921,1.08758,1193.63,1097.51,0.0,0.0,0.5256,0.483275,0.0,Co,No, ,clean,N,Y,Y,,N,,,,,,,,,,,,,,,,,,,,,,YUBQET_clean,329.1
YUBTUM_clean,7.3117,5.64903,7.31034,1.22617,1319.07,1075.76,0.0,0.0,0.5428,0.442678,0.0,Fe,No, ,clean,N,Y,Y,,N,,,,,,,,,,,,,,,,,,,,,,YUBTUM_clean,464.9
YUCZOM_clean,4.78325,3.91982,4.78325,1.01421,1563.82,1541.91,0.0,0.0,0.5504,0.54269,0.0,Fe,Yes,Fe,clean,Y,Y,Y,,N,,,,,,,,,,,,,,,,,,,,,,YUCZOM_clean,167.0
YUDFEK_clean,6.78829,4.53676,6.76727,1.15506,1800.97,1559.2,0.0,0.0,0.6172,0.534345,0.0,Gd,Yes,Gd,clean,N,Y,Y,,N,,,,,,,,,,,,,,,,,,,,,,YUDFEK_clean,288.3
YUDFIO_clean,7.42167,6.24399,7.42167,1.08555,1886.91,1738.2,0.0,0.0,0.6204,0.571506,0.0,Gd,Yes,Gd,clean,N,Y,Y,,N,,,,,,,,,,,,,,,,,,,,,,YUDFIO_clean,344.6
YUDFOU_clean,7.64047,6.34458,7.63187,1.05425,1899.74,1801.98,0.0,0.0,0.6516,0.618068,0.0,Gd,Yes,Gd,clean,N,Y,Y,,N,,,,,,,,,,,,,,,,,,,,,,YUDFOU_clean,342.2
YUFLIW_clean,6.09359,4.9062,6.08114,0.831336,2354.2,2831.83,0.0,0.0,0.6718,0.808097,0.0,Mg,Yes,Mg,clean,N,Y,Y,,N,,,,,,,,,,,,,,,,,,,,,,YUFLIW_clean,195.3
YUFLOC_clean,6.07463,4.45798,5.9729,0.984585,2401.71,2439.31,0.0,0.0,0.6528,0.663021,0.0,Sr,Yes,Sr,clean,N,Y,Y,,N,,,,,,,,,,,,,,,,,,,,,,YUFLOC_clean,149.7
YUGLES_clean,10.89993,6.77637,10.89993,0.718001,2324.4,3237.32,0.0,0.0,0.7434,1.03537,0.0,Cu,Yes,Cu,clean,Y,Y,Y,,N,,,,,,,,,,,,,,,,,,,,,,YUGLES_clean,102.4
YUGZIK_clean,11.91055,8.94015,11.87908,0.448758,2210.67,4926.21,0.0,0.0,0.8084,1.80142,0.0,Zn,Yes,Zn,clean,Y,Y,Y,,N,,,,,,,,,,,,,,,,,,,,,,YUGZIK_clean,380.7
YUHHIU_clean,6.82796,5.69487,6.82796,0.81756,1884.13,2304.57,0.0,0.0,0.672,0.821958,0.0,Ca,Yes,Ca,clean,N,Y,Y,,N,,,,,,,,,,,,,,,,,,,,,,YUHHIU_clean,159.4
YUJCOX_clean,5.98412,4.49111,5.97667,1.61045,1537.35,954.605,0.0,0.0,0.5426,0.336924,0.0,Zn,Yes,Zn,clean,N,Y,Y,,N,,,,,,,,,,,,,,,,,,,,,,YUJCOX_clean,143.8
YUJNOH_clean,5.27714,3.46452,5.27652,1.77541,392.456,221.051,0.0,0.0,0.4746,0.267319,0.0,Sr,Yes,Sr,clean,N,Y,Y,,N,,,,,,,,,,,,,,,,,,,,,,YUJNOH_clean,174.4
YUKCAJ_clean,4.62174,3.64026,4.62174,1.16054,790.171,680.867,0.0,0.0,0.4744,0.408776,0.0,Cu,No, ,clean,N,Y,Y,,N,,,,,,,,,,,,,,,,,,,,,,YUKCAJ_clean,242.8
YUKKAR_clean,5.85992,4.34741,5.85992,1.1473,1614.58,1407.28,0.0,0.0,0.5232,0.456026,0.0,Mn,No, ,clean,Y,Y,Y,,N,,,,,,,,,,,,,,,,,,,,,,YUKKAR_clean,225.6
YULNOK_clean,4.29835,3.4152,4.29262,1.35163,393.739,291.306,2.25484,1.66823,0.4592,0.339737,0.0,"Cu,Na",Yes,"Cu,Na",clean,N,Y,Y,,N,,,,,,,,,,,,,,,,,,,,,,YULNOK_clean,308.0
YUMFUJ_clean,5.62483,3.84836,5.59785,1.06417,2334.41,2193.65,0.0,0.0,0.607,0.5704,0.0,La,Yes,La,clean,N,Y,Y,,N,,,,,,,,,,,,,,,,,,,,,,YUMFUJ_clean,189.5
YUMJAS_clean,6.24531,4.99676,6.24531,2.01823,1798.6,891.176,0.0,0.0,0.5646,0.27975,0.0,"Mo,Ba,Ca",Yes,"Mo,Ba",clean,N,Y,Y,,N,,,,,,,,,,,,,,,,,,,,,,YUMJAS_clean,209.7
YUMKAU_clean,9.79433,6.58571,9.76919,1.05716,1773.48,1677.58,0.0,0.0,0.674,0.637556,0.0,Cd,Yes,Cd,clean,N,Y,Y,,N,,,,,,,,,,,,,,,,,,,,,,YUMKAU_clean,216.4
YUMYUC_clean,6.81125,6.65142,6.81125,1.26369,1689.58,1337.02,0.0,0.0,0.6178,0.488886,0.0,Cu,Yes,Cu,clean,N,Y,Y,,N,,,,,,,,,,,,,,,,,,,,,,YUMYUC_clean,168.5
YUNJUO_clean,4.39479,3.63152,4.30622,1.20023,327.056,272.493,228.818,190.645,0.4452,0.370927,0.0,Ca,No, ,clean,N,Y,Y,,N,,,,,,,,,,,,,,,,,,,,,,YUNJUO_clean,192.1
YUNKAV_clean,4.51501,3.79299,4.16091,1.19194,612.464,513.84,0.0,0.0,0.4502,0.377705,0.0,Ca,No, ,clean,N,Y,Y,,N,,,,,,,,,,,,,,,,,,,,,,YUNKAV_clean,194.7
YUNXAI_clean,9.13708,7.11095,9.13708,0.82221,2053.25,2497.23,0.0,0.0,0.684,0.831905,0.0,Yb,No, ,clean,N,Y,Y,,N,,,,,,,,,,,,,,,,,,,,,,YUNXAI_clean,491.2
YUPSIM_clean,5.52019,4.61021,5.51376,1.65801,687.926,414.911,0.0,0.0,0.4506,0.271772,0.0,Pr,No, ,clean,Y,Y,Y,,N,,,,,,,,,,,,,,,,,,,,,,YUPSIM_clean,262.7
YURJUR_clean,13.69253,8.47609,13.69253,0.683521,2000.04,2926.08,0.0,0.0,0.7552,1.10487,0.0,Ce,No, ,clean,Y,Y,Y,,N,,,,,,,,,,,,,,,,,,,,,,YURJUR_clean,133.6
YURKAY_clean,8.234,7.52617,8.234,0.858047,2501.02,2914.78,0.0,0.0,0.7128,0.830724,0.0,Dy,Yes,Dy,clean,Y,Y,Y,,N,,,,,,,,,,,,,,,,,,,,,,YURKAY_clean,188.5
YURKEC_clean,7.90101,7.08763,7.8976,1.07399,1764.62,1643.06,0.0,0.0,0.6344,0.590696,0.0,La,Yes,La,clean,Y,Y,Y,,N,,,,,,,,,,,,,,,,,,,,,,YURKEC_clean,311.0
YURKIG_clean,6.91612,5.83867,6.83043,1.00356,2150.65,2143.01,0.0,0.0,0.6578,0.655465,0.0,Pr,Yes,Pr,clean,Y,Y,Y,,N,,,,,,,,,,,,,,,,,,,,,,YURKIG_clean,186.3
YUSGID_clean,4.4966,3.71515,4.45873,1.44519,752.59,520.755,0.0,0.0,0.4252,0.294217,0.0,Zn,No, ,clean,Y,Y,Y,,N,,,,,,,,,,,,,,,,,,,,,,YUSGID_clean,280.9
YUSGOJ_SL,4.42187,3.56624,4.4192,1.435,723.425,504.128,0.0,0.0,0.4304,0.29993,0.0,Zn,Yes,Zn,SL,Y,Y,Y,,N,,,,,,,,,,,,,,,,,,,,,,YUSGOJ_SL,288.3
YUSWEP_manual,37.3405,13.00592,37.31547,0.403891,1712.88,4240.94,0.0,0.0,0.8324,2.06095,0.0,Cu,Yes,Cu,manual,Y,Y,Y,,N,,,,,,,,,,,,,,,,,,,,,,YUSWEP_manual,3882.7
YUSWEQ_clean,5.40391,4.45966,5.39413,1.61347,1720.16,1066.13,0.0,0.0,0.5494,0.340509,0.0,Dy,Yes,Dy,clean,N,Y,Y,,N,,,,,,,,,,,,,,,,,,,,,,YUSWEQ_clean,254.4
YUSWIU_clean,5.63795,4.77812,5.63069,1.59088,1761.52,1107.26,0.0,0.0,0.5624,0.353516,0.0,Dy,No, ,clean,N,Y,Y,,N,,,,,,,,,,,,,,,,,,,,,,YUSWIU_clean,243.6
YUTDUO_clean,7.90649,6.23902,7.90649,1.39467,1474.83,1057.48,0.0,0.0,0.5612,0.40239,0.0,"Si,Al",Yes,Al,clean,N,Y,Y,,N,,,,,,,,,,,,,,,,,,,,,,YUTDUO_clean,173.2
YUTGEZ_clean,5.82433,3.93601,5.82433,1.29826,1025.59,789.97,0.0,0.0,0.5686,0.437971,0.0,"Sn,Fe",No, ,clean,N,Y,Y,,N,,,,,,,,,,,,,,,,,,,,,,YUTGEZ_clean,119.1
YUXLEJ_clean,10.83121,6.54663,10.83121,0.97354,1928.71,1981.13,0.0,0.0,0.6686,0.686772,0.0,"Ag,Al",Yes,Ag,clean,N,Y,Y,,N,,,,,,,,,,,,,,,,,,,,,,YUXLEJ_clean,1338.7
YUXLIN_clean,11.21237,6.77529,11.21199,0.978835,1903.75,1944.91,0.0,0.0,0.6474,0.661399,0.0,"Ag,Ga",Yes,Ag,clean,N,Y,Y,,N,,,,,,,,,,,,,,,,,,,,,,YUXLIN_clean,1153.0
YUXQIS_clean,17.65359,14.41981,17.65359,0.688928,1805.53,2620.78,0.0,0.0,0.7418,1.07675,0.0,Cd,No, ,clean,Y,Y,Y,,N,,,,,,,,,,,,,,,,,,,,,,YUXQIS_clean,261.2
YUXQOY_clean,7.81236,5.76726,7.81236,0.879883,2108.57,2396.42,0.0,0.0,0.6624,0.752827,0.0,Cd,No, ,clean,Y,Y,Y,,N,,,,,,,,,,,,,,,,,,,,,,YUXQOY_clean,198.7
YUYBIF_clean,5.00131,4.56878,4.98439,1.44177,873.775,606.043,0.0,0.0,0.501,0.347489,0.0,Cd,No, ,clean,N,Y,Y,,N,,,,,,,,,,,,,,,,,,,,,,YUYBIF_clean,234.2
YUYGOQ_clean,5.37118,4.47094,5.33272,1.34967,1149.04,851.347,10.6722,7.90727,0.5126,0.379797,0.0,Cd,Yes,Cd,clean,N,Y,Y,,N,,,,,,,,,,,,,,,,,,,,,,YUYGOQ_clean,273.7
YUYLIP_clean,5.22265,4.3746,5.21018,1.35436,1100.13,812.287,11.7356,8.66502,0.5156,0.380696,0.0,Cd,Yes,Cd,clean,N,Y,Y,,N,,,,,,,,,,,,,,,,,,,,,,YUYLIP_clean,303.3
YUYLOV_clean,5.28891,4.25116,5.28891,1.21408,1053.59,867.808,5.10787,4.20721,0.5256,0.432922,0.0,Cd,Yes,Cd,clean,N,Y,Y,,N,,,,,,,,,,,,,,,,,,,,,,YUYLOV_clean,272.0
YUZCON_clean,12.85482,8.91717,12.83553,1.23622,1841.47,1489.6,0.0,0.0,0.7372,0.596334,0.0,"Mo,Zn",Yes,Mo,clean,N,Y,Y,,N,,,,,,,,,,,,,,,,,,,,,,YUZCON_clean,600.9
YUZPEQ_clean,21.49816,9.22584,18.34054,0.4666,2093.84,4487.44,0.0,0.0,0.8266,1.77154,0.0,Zn,Yes,Zn,clean,N,Y,Y,,N,,,,,,,,,,,,,,,,,,,,,,YUZPEQ_clean,936.7
YUZPIU_clean,24.28264,10.2733,24.27637,0.405541,1930.72,4760.85,0.0,0.0,0.8426,2.07772,0.0,Zn,Yes,Zn,clean,N,Y,Y,,N,,,,,,,,,,,,,,,,,,,,,,YUZPIU_clean,1113.9
YUZPOA_clean,20.08724,6.66271,20.08724,0.597835,2261.64,3783.05,0.0,0.0,0.7894,1.32043,0.0,Zn,Yes,Zn,clean,N,Y,Y,,N,,,,,,,,,,,,,,,,,,,,,,YUZPOA_clean,639.5
YUZRAO_clean,7.04018,5.00118,6.73681,1.11887,1297.93,1160.04,0.0,0.0,0.528,0.471906,0.0,Co,Yes,Co,clean,N,Y,Y,,N,,,,,,,,,,,,,,,,,,,,,,YUZRAO_clean,230.5
YUZRES_clean,7.11877,4.99085,7.01426,1.11442,1299.63,1166.19,0.0,0.0,0.527,0.472891,0.0,Co,Yes,Co,clean,N,Y,Y,,N,,,,,,,,,,,,,,,,,,,,,,YUZRES_clean,233.1
YUZXAT_clean,5.15837,3.71285,5.1262,1.26263,639.82,506.735,0.0,0.0,0.4692,0.371605,0.0,Zn,Yes,Zn,clean,Y,Y,Y,,N,,,,,,,,,,,,,,,,,,,,,,YUZXAT_clean,313.5
ZABQIC_ion_b,12.00373,11.11993,12.00373,0.767386,1559.55,2032.28,0.0,0.0,0.672,0.8757,0.0,Ag,Yes,Ag,ion_b,N,Y,Y,,N,,,,,,,,,,,,,,,,,,,,,,ZABQIC_ion_b,189.2
ZACHIX_clean,13.14331,6.50331,13.13039,0.890304,2133.37,2396.22,0.0,0.0,0.7114,0.799053,0.0,Cu,Yes,Cu,clean,N,Y,Y,,N,,,,,,,,,,,,,,,,,,,,,,ZACHIX_clean,568.6
ZAFXAI_clean,8.16636,3.63608,8.16636,1.40372,1642.88,1170.38,0.0,0.0,0.568,0.40464,0.00156727,Y,No, ,clean,N,Y,Y,,N,,,,,,,,,,,,,,,,,,,,,,ZAFXAI_clean,245.2
ZAGHAT_clean,4.51112,4.19176,4.51112,1.1607,908.617,782.819,0.0,0.0,0.5106,0.439908,0.0,Sc,Yes,Sc,clean,N,Y,Y,,N,,,,,,,,,,,,,,,,,,,,,,ZAGHAT_clean,184.0
ZAHLEC_clean,10.74057,8.40432,8.92854,0.504189,2700.75,5356.61,0.0,0.0,0.8076,1.60178,0.0,Cu,Yes,Cu,clean,N,Y,Y,,N,,,,,,,,,,,,,,,,,,,,,,ZAHLEC_clean,124.3
ZALDUO_clean,4.61661,3.56851,4.61661,1.92477,1210.48,628.894,0.0,0.0,0.514,0.267045,0.0,"W,Ni",Yes,Ni,clean,N,Y,Y,,N,,,,,,,,,,,,,,,,,,,,,,ZALDUO_clean,153.8
ZALGEB_clean,6.62075,4.56528,6.62075,1.81667,1374.98,756.865,0.0,0.0,0.5514,0.303522,0.0,"Mo,Na,Eu,Al",Yes,"Mo,Na,Eu",clean,N,Y,Y,,N,,,,,,,,,,,,,,,,,,,,,,ZALGEB_clean,226.9
ZALREM_clean,5.87604,3.78386,5.86921,1.04183,1802.16,1729.8,0.0,0.0,0.622,0.597029,0.0,Cd,No, ,clean,N,Y,Y,,N,,,,,,,,,,,,,,,,,,,,,,ZALREM_clean,198.6
ZAQWEW_clean,6.95842,6.13717,6.94512,1.39957,1222.41,873.413,0.0,0.0,0.5188,0.370684,0.0,"Cd,K",Yes,"Cd,K",clean,N,Y,Y,,N,,,,,,,,,,,,,,,,,,,,,,ZAQWEW_clean,293.5
ZAQZOG_clean,5.77457,3.67413,5.75944,1.64692,1133.89,688.489,59.8527,36.3421,0.521,0.316347,0.0,V,Yes,V,clean,N,Y,Y,,N,,,,,,,,,,,,,,,,,,,,,,ZAQZOG_clean,269.6
ZARLEL_clean,14.43115,13.28451,14.43115,0.493906,1518.29,3074.04,0.0,0.0,0.7906,1.60071,0.0,Zn,Yes,Zn,clean,Y,Y,Y,,N,,,,,,,,,,,,,,,,,,,,,,ZARLEL_clean,194.9
ZARLIP_clean,9.09773,7.66595,9.09773,0.805646,1902.98,2362.06,0.0,0.0,0.6786,0.842305,0.0,Zn,Yes,Zn,clean,Y,Y,Y,,N,,,,,,,,,,,,,,,,,,,,,,ZARLIP_clean,307.7
ZARPUF_clean,7.04716,6.45776,7.04716,1.849,1998.18,1080.68,0.0,0.0,0.6766,0.365927,0.0,U,Yes,U,clean,Y,Y,Y,,N,,,,,,,,,,,,,,,,,,,,,,ZARPUF_clean,129.6
ZARQAM_clean,7.63314,6.94265,7.63314,2.76479,1309.37,473.587,0.0,0.0,0.5168,0.186922,0.0,"K,U",Yes,"K,U",clean,Y,Y,Y,,N,,,,,,,,,,,,,,,,,,,,,,ZARQAM_clean,214.6
ZARTAP03_clean,4.16883,3.64959,4.16883,1.16973,666.603,569.875,0.0,0.0,0.5526,0.472415,0.0,Fe,No, ,clean,Y,Y,Y,,N,,,,,,,,,,,,,,,,,,,,,,ZARTAP03_clean,234.2
ZARVIZ_clean,8.08211,6.49977,8.07086,1.60695,1752.25,1090.42,2.37844,1.4801,0.6066,0.377486,0.0,"Sb,Mn,Fe",Yes,"Sb,Mn",clean,N,Y,Y,,N,,,,,,,,,,,,,,,,,,,,,,ZARVIZ_clean,245.8
ZARZAV_clean,5.22384,3.95101,5.21614,1.32405,863.286,652.003,0.0,0.0,0.4802,0.362674,0.0,Zn,Yes,Zn,clean,Y,Y,Y,,N,,,,,,,,,,,,,,,,,,,,,,ZARZAV_clean,288.8
ZASJAG_clean,8.3258,8.06587,8.3258,1.20593,1261.26,1045.89,0.0,0.0,0.5316,0.440823,0.0,Cd,No, ,clean,Y,Y,Y,,N,,,,,,,,,,,,,,,,,,,,,,ZASJAG_clean,221.2
ZAVPET_clean,5.39742,4.45708,5.33979,1.26627,1762.86,1392.17,0.0,0.0,0.5648,0.446036,0.0,La,Yes,La,clean,N,Y,Y,,N,,,,,,,,,,,,,,,,,,,,,,ZAVPET_clean,301.6
ZAVPIX_clean,5.34624,4.4404,5.30939,1.2826,1715.57,1337.57,0.0,0.0,0.5728,0.446594,0.0,Ce,Yes,Ce,clean,N,Y,Y,,N,,,,,,,,,,,,,,,,,,,,,,ZAVPIX_clean,223.1
ZAVPOD_clean,5.37051,4.47073,5.34338,1.28123,1720.75,1343.05,0.0,0.0,0.573,0.447228,0.0,Pr,Yes,Pr,clean,N,Y,Y,,N,,,,,,,,,,,,,,,,,,,,,,ZAVPOD_clean,298.5
ZAVPUJ_clean,5.35189,4.46399,5.34326,1.29856,1713.78,1319.75,0.0,0.0,0.5712,0.439871,0.0,Nd,Yes,Nd,clean,N,Y,Y,,N,,,,,,,,,,,,,,,,,,,,,,ZAVPUJ_clean,297.2
ZAVQAQ_clean,5.33865,4.48097,5.3256,1.32498,1680.96,1268.67,0.0,0.0,0.569,0.42944,0.0,Sm,Yes,Sm,clean,N,Y,Y,,N,,,,,,,,,,,,,,,,,,,,,,ZAVQAQ_clean,300.0
ZAVQEU_clean,5.32077,4.48233,5.32077,1.33464,1678.44,1257.6,0.0,0.0,0.5746,0.430529,0.0,Eu,Yes,Eu,clean,N,Y,Y,,N,,,,,,,,,,,,,,,,,,,,,,ZAVQEU_clean,303.9
ZAVQIY_clean,5.30607,4.48289,5.30386,1.35411,1643.73,1213.88,0.0,0.0,0.5664,0.418282,0.0,Gd,Yes,Gd,clean,N,Y,Y,,N,,,,,,,,,,,,,,,,,,,,,,ZAVQIY_clean,299.0
ZAVQOE_clean,5.3264,4.54894,5.3264,1.35472,1669.82,1232.6,0.0,0.0,0.5738,0.423556,0.0,Tb,Yes,Tb,clean,N,Y,Y,,N,,,,,,,,,,,,,,,,,,,,,,ZAVQOE_clean,299.5
ZAVQUK_clean,5.30653,4.52403,5.29517,1.36913,1649.04,1204.45,0.0,0.0,0.5562,0.406243,0.0,Dy,Yes,Dy,clean,N,Y,Y,,N,,,,,,,,,,,,,,,,,,,,,,ZAVQUK_clean,301.3
ZAVRAR_clean,5.32227,4.57646,5.32227,1.37671,1661.66,1206.98,0.0,0.0,0.5744,0.417225,0.0,Ho,Yes,Ho,clean,N,Y,Y,,N,,,,,,,,,,,,,,,,,,,,,,ZAVRAR_clean,300.9
ZAVREV_clean,5.30179,4.55872,5.30179,1.39948,1649.43,1178.6,0.0,0.0,0.5718,0.40858,0.0,Er,Yes,Er,clean,N,Y,Y,,N,,,,,,,,,,,,,,,,,,,,,,ZAVREV_clean,303.0
ZAVRIZ_clean,5.32783,4.62627,5.32783,1.39297,1655.8,1188.68,0.0,0.0,0.5686,0.408192,0.0,Tm,Yes,Tm,clean,N,Y,Y,,N,,,,,,,,,,,,,,,,,,,,,,ZAVRIZ_clean,300.8
ZAXQOG_clean,5.67387,3.7719,5.66477,1.01421,1385.47,1366.06,80.4067,79.2805,0.6032,0.594751,0.0,Cu,Yes,Cu,clean,N,Y,Y,,N,,,,,,,,,,,,,,,,,,,,,,ZAXQOG_clean,160.6
ZAZBUZ_clean,6.78822,5.70042,6.78792,1.17074,1452.69,1240.82,0.0,0.0,0.588,0.502245,0.0,Cu,Yes,Cu,clean,Y,Y,Y,,N,,,,,,,,,,,,,,,,,,,,,,ZAZBUZ_clean,153.0
ZEBMAW_clean,7.10606,3.80774,7.0844,1.02768,1719.77,1673.45,0.0,0.0,0.5972,0.581114,0.0,"Si,Ce",Yes,Ce,clean,Y,Y,Y,,N,,,,,,,,,,,,,,,,,,,,,,ZEBMAW_clean,265.0
ZECKID_clean,10.33934,8.28295,10.32915,0.62663,2205.37,3519.42,0.0,0.0,0.7756,1.23773,0.0,Cu,Yes,Cu,clean,Y,Y,Y,,N,,,,,,,,,,,,,,,,,,,,,,ZECKID_clean,132.7
ZECKOJ_clean,10.01013,7.75871,10.01013,0.671545,2228.83,3318.96,0.0,0.0,0.7738,1.15227,0.0,Cu,Yes,Cu,clean,Y,Y,Y,,N,,,,,,,,,,,,,,,,,,,,,,ZECKOJ_clean,171.9
ZEDLOL_clean,4.6264,3.66432,4.6264,1.37262,652.64,475.472,0.0,0.0,0.459,0.334398,0.0,Cd,No, ,clean,N,Y,Y,,N,,,,,,,,,,,,,,,,,,,,,,ZEDLOL_clean,259.6
ZEDQEG_clean,5.11458,4.23281,5.10868,1.21651,1349.89,1109.64,0.0,0.0,0.5426,0.446031,0.0,Ca,Yes,Ca,clean,N,Y,Y,,N,,,,,,,,,,,,,,,,,,,,,,ZEDQEG_clean,161.4
ZEDROR_clean,5.08255,3.56751,5.06998,1.24486,1045.2,839.611,0.0,0.0,0.4974,0.399562,0.0,Zn,Yes,Zn,clean,Y,Y,Y,,N,,,,,,,,,,,,,,,,,,,,,,ZEDROR_clean,313.9
ZEDZAL01_clean,5.65082,4.55391,5.6492,1.03183,1744.09,1690.29,0.0,0.0,0.599,0.580521,0.0,Pr,No, ,clean,N,Y,Y,,N,,,,,,,,,,,,,,,,,,,,,,ZEDZAL01_clean,237.5
ZEDZAL_clean,5.65964,4.57272,5.65578,1.03183,1734.09,1680.59,0.0,0.0,0.6058,0.587111,0.0,Pr,No, ,clean,Y,Y,Y,,N,,,,,,,,,,,,,,,,,,,,,,ZEDZAL_clean,253.8
ZEKRIS_clean,5.6482,4.818,5.6482,1.03468,1377.31,1331.15,0.0,0.0,0.5112,0.494067,0.0,Li,Yes,Li,clean,N,Y,Y,,N,,,,,,,,,,,,,,,,,,,,,,ZEKRIS_clean,183.2
ZELQAK_clean,8.24038,5.23853,8.14946,0.765451,2630.89,3437.05,0.0,0.0,0.7374,0.963354,0.0,Zn,Yes,Zn,clean,Y,Y,Y,,N,,,,,,,,,,,,,,,,,,,,,,ZELQAK_clean,447.2
ZELROZ_manual,16.90888,11.06843,16.90888,0.361932,1789.5,4944.29,0.0,0.0,0.8714,2.40763,0.0,Zn,No, ,manual,Y,Y,Y,,N,,,,,,,,,,,,,,,,,,,,,,ZELROZ_manual,76.6
ZERQOE_clean,4.4965,4.02903,4.49472,1.56535,409.981,261.909,0.0,0.0,0.3512,0.224358,0.0,Ca,No, ,clean,Y,Y,Y,,N,,,,,,,,,,,,,,,,,,,,,,ZERQOE_clean,394.1
ZETLER_clean,7.4185,6.73421,7.4185,1.13583,1090.42,960.022,0.0,0.0,0.5128,0.451477,0.0,Zn,Yes,Zn,clean,N,Y,Y,,N,,,,,,,,,,,,,,,,,,,,,,ZETLER_clean,307.2
ZEVXAB_clean,8.31732,6.45797,8.30908,0.729711,1924.84,2637.82,0.0,0.0,0.6412,0.878704,0.0,Cu,No, ,clean,N,Y,Y,,N,,,,,,,,,,,,,,,,,,,,,,ZEVXAB_clean,898.0
ZEXKUK_clean,5.43641,4.11889,5.43641,1.10203,1510.94,1371.05,0.0,0.0,0.521,0.472764,0.0,Co,No, ,clean,Y,Y,Y,,N,,,,,,,,,,,,,,,,,,,,,,ZEXKUK_clean,286.5
ZEZFIV_clean,10.69025,9.42287,10.68854,0.594994,2005.75,3371.05,0.0,0.0,0.743,1.24875,0.0,"Na,Zn",Yes,"Na,Zn",clean,N,Y,Y,,N,,,,,,,,,,,,,,,,,,,,,,ZEZFIV_clean,228.0
ZEZPAX_clean,4.88259,3.42627,4.87229,1.37031,946.317,690.584,0.0,0.0,0.58,0.423261,0.0,Dy,Yes,Dy,clean,N,Y,Y,,N,,,,,,,,,,,,,,,,,,,,,,ZEZPAX_clean,198.5
ZEZPUR_clean,6.86808,4.73515,6.86808,1.25879,1604.0,1274.24,0.0,0.0,0.5842,0.464096,0.0,Dy,Yes,Dy,clean,N,Y,Y,,N,,,,,,,,,,,,,,,,,,,,,,ZEZPUR_clean,193.4
ZEZQAY_clean,6.85728,4.76238,6.85728,1.25559,1624.77,1294.03,0.0,0.0,0.5694,0.453492,0.0,Tb,Yes,Tb,clean,N,Y,Y,,N,,,,,,,,,,,,,,,,,,,,,,ZEZQAY_clean,188.4
ZEZQEC_clean,6.82109,4.77027,6.82109,1.2492,1610.37,1289.12,0.0,0.0,0.5834,0.467017,0.0,Gd,Yes,Gd,clean,N,Y,Y,,N,,,,,,,,,,,,,,,,,,,,,,ZEZQEC_clean,188.7
ZEZQIG_clean,6.88408,4.79829,6.69844,1.21505,1604.06,1320.16,0.0,0.0,0.5894,0.485082,0.0,Eu,Yes,Eu,clean,N,Y,Y,,N,,,,,,,,,,,,,,,,,,,,,,ZEZQIG_clean,198.8
ZICCIZ_clean,17.08225,7.88152,11.63664,0.729494,2109.82,2892.17,0.0,0.0,0.7876,1.07965,0.0,"Cd,Co",Yes,"Cd,Co",clean,N,Y,Y,,N,,,,,,,,,,,,,,,,,,,,,,ZICCIZ_clean,229.5
ZIDBEV_clean,9.63216,5.48309,9.63216,0.807059,2178.07,2698.78,0.0,0.0,0.7352,0.910962,0.0,Cu,Yes,Cu,clean,N,Y,Y,,N,,,,,,,,,,,,,,,,,,,,,,ZIDBEV_clean,177.5
ZIDNEH_clean,8.84838,5.55883,8.83355,0.885692,1904.92,2150.77,0.0,0.0,0.6292,0.710405,0.0,In,Yes,In,clean,Y,Y,Y,,N,,,,,,,,,,,,,,,,,,,,,,ZIDNEH_clean,720.2
ZIDVAL_clean,5.32891,3.57912,5.32891,1.33917,571.442,426.715,0.0,0.0,0.4296,0.320796,0.0,Mn,Yes,Mn,clean,N,Y,Y,,N,,,,,,,,,,,,,,,,,,,,,,ZIDVAL_clean,466.6
ZIGFIG_clean,11.59694,6.57481,10.91215,0.866393,2057.4,2374.67,0.0,0.0,0.6856,0.791327,0.0,Cr,Yes,Cr,clean,N,Y,Y,,N,,,,,,,,,,,,,,,,,,,,,,ZIGFIG_clean,616.5
ZIHFUR01_clean,5.31623,4.89277,5.31045,1.17914,978.608,829.937,0.0,0.0,0.4918,0.417085,0.0,Ag,No, ,clean,N,Y,Y,,N,,,,,,,,,,,,,,,,,,,,,,ZIHFUR01_clean,324.4
ZIHFUR_clean,5.26061,4.96221,5.22095,1.17428,998.963,850.705,0.0,0.0,0.5002,0.425964,0.0,Ag,No, ,clean,N,Y,Y,,N,,,,,,,,,,,,,,,,,,,,,,ZIHFUR_clean,319.4
ZIHTEP_clean,4.34589,3.49261,4.31959,1.10997,397.98,358.549,0.0,0.0,0.4276,0.385235,0.0,"Li,Co",Yes,"Li,Co",clean,N,Y,Y,,N,,,,,,,,,,,,,,,,,,,,,,ZIHTEP_clean,225.7
ZIJSAO_clean,20.32962,7.50871,20.32962,0.465536,2204.15,4734.65,0.0,0.0,0.8128,1.74594,0.0,Tb,Yes,Tb,clean,N,Y,Y,,N,,,,,,,,,,,,,,,,,,,,,,ZIJSAO_clean,322.1
ZIJVOF01_clean,5.27877,3.42429,5.23095,1.22527,1101.04,898.609,0.0,0.0,0.5618,0.458512,0.0,Cu,Yes,Cu,clean,N,Y,Y,,N,,,,,,,,,,,,,,,,,,,,,,ZIJVOF01_clean,185.5
ZIKJIO_clean,7.07783,5.58584,7.07783,0.782965,2562.61,3272.96,0.0,0.0,0.6992,0.893015,0.0,Cu,Yes,Cu,clean,Y,Y,Y,,N,,,,,,,,,,,,,,,,,,,,,,ZIKJIO_clean,169.7
ZIKJOU_clean,5.81598,3.9573,5.81598,0.969805,2178.44,2246.27,0.0,0.0,0.6456,0.665701,0.0,Cu,Yes,Cu,clean,Y,Y,Y,,N,,,,,,,,,,,,,,,,,,,,,,ZIKJOU_clean,180.0
ZILBAZ_clean,4.9863,4.28704,4.9863,0.999721,1029.25,1029.53,0.0,0.0,0.551,0.551154,0.0,Co,Yes,Co,clean,Y,Y,Y,,N,,,,,,,,,,,,,,,,,,,,,,ZILBAZ_clean,314.8
ZILBED_clean,4.97187,3.8062,4.93999,0.952981,1353.58,1420.37,0.0,0.0,0.5664,0.594346,0.0,Co,Yes,Co,clean,Y,Y,Y,,N,,,,,,,,,,,,,,,,,,,,,,ZILBED_clean,246.7
ZILBIH_clean,9.14666,5.88445,8.01264,0.927388,1498.69,1616.04,0.0,0.0,0.5906,0.636843,0.0,Co,No, ,clean,Y,Y,Y,,N,,,,,,,,,,,,,,,,,,,,,,ZILBIH_clean,403.8
ZILFOR_manual,9.30653,7.96955,8.40209,0.639421,2480.2,3878.82,0.0,0.0,0.7576,1.18482,0.0,Cu,Yes,Cu,manual,Y,Y,Y,,N,,,,,,,,,,,,,,,,,,,,,,ZILFOR_manual,287.7
ZIMLAK_clean,8.81434,4.17837,8.81158,1.15604,2223.72,1923.56,0.0,0.0,0.7056,0.610357,0.0,Er,Yes,Er,clean,N,Y,Y,,N,,,,,,,,,,,,,,,,,,,,,,ZIMLAK_clean,164.3
ZIMLEO_clean,8.8325,4.17886,8.8325,1.13678,2223.09,1955.6,0.0,0.0,0.7064,0.621405,0.0,Dy,Yes,Dy,clean,N,Y,Y,,N,,,,,,,,,,,,,,,,,,,,,,ZIMLEO_clean,165.2
ZIMLIS_clean,8.92267,4.20987,8.92267,1.114,2237.68,2008.69,0.0,0.0,0.7006,0.628903,0.0,Tb,Yes,Tb,clean,N,Y,Y,,N,,,,,,,,,,,,,,,,,,,,,,ZIMLIS_clean,176.1
ZIMTAS_clean,15.44798,6.02893,15.44798,0.579498,2082.03,3592.82,0.0,0.0,0.7752,1.33771,0.0,"Cu,Si",Yes,Cu,clean,Y,Y,Y,,N,,,,,,,,,,,,,,,,,,,,,,ZIMTAS_clean,185.8
ZINDAD_clean,16.39277,6.7436,16.39277,0.781296,1939.71,2482.68,0.0538053,0.0688667,0.7302,0.934601,0.0,Zn,Yes,Zn,clean,Y,Y,Y,,N,,,,,,,,,,,,,,,,,,,,,,ZINDAD_clean,420.8
ZIQJEQ_clean,9.10665,6.72913,9.10665,0.629598,2298.43,3650.63,0.0,0.0,0.736,1.169,0.0,Cu,Yes,Cu,clean,N,Y,Y,,N,,,,,,,,,,,,,,,,,,,,,,ZIQJEQ_clean,244.1
ZISFEO01_clean,4.76853,3.96927,4.66022,1.28743,834.269,648.011,0.0,0.0,0.4838,0.375787,0.0,Mn,Yes,Mn,clean,N,Y,Y,,N,,,,,,,,,,,,,,,,,,,,,,ZISFEO01_clean,168.7
ZISFEO_clean,4.87799,4.0904,4.87799,1.19653,987.013,824.893,0.0,0.0,0.5152,0.430577,0.0,Mn,Yes,Mn,clean,N,Y,Y,,N,,,,,,,,,,,,,,,,,,,,,,ZISFEO_clean,140.7
ZISYAD_clean,5.9099,4.91539,5.73695,1.28892,1160.38,900.27,0.0,0.0,0.5204,0.403748,0.0,Cu,No, ,clean,Y,Y,Y,,N,,,,,,,,,,,,,,,,,,,,,,ZISYAD_clean,260.2
ZITRUP_clean,6.53672,5.01398,6.53672,0.717884,2623.55,3654.57,0.0,0.0,0.7268,1.01242,0.0,"Zn,Li",No, ,clean,N,Y,Y,,N,,,,,,,,,,,,,,,,,,,,,,ZITRUP_clean,102.8
ZIWLUO_clean,7.47107,4.53903,7.43631,1.09467,1585.65,1448.51,0.0,0.0,0.5836,0.533128,0.0,Zn,Yes,Zn,clean,N,Y,Y,,N,,,,,,,,,,,,,,,,,,,,,,ZIWLUO_clean,519.5
ZOFZIF_clean,8.07986,5.82761,8.06722,0.702361,2633.85,3750.0,0.0,0.0,0.7174,1.02141,0.0,Mn,Yes,Mn,clean,N,Y,Y,,N,,,,,,,,,,,,,,,,,,,,,,ZOFZIF_clean,206.2
ZOFZOL_clean,9.41161,6.60227,9.39434,0.678974,2530.56,3727.03,0.0,0.0,0.7552,1.11227,0.0,Co,Yes,Co,clean,N,Y,Y,,N,,,,,,,,,,,,,,,,,,,,,,ZOFZOL_clean,176.0
ZOFZUR_clean,12.72726,10.75924,12.72726,0.565447,2337.99,4134.76,0.0,0.0,0.7702,1.36211,0.0,Mn,Yes,Mn,clean,N,Y,Y,,N,,,,,,,,,,,,,,,,,,,,,,ZOFZUR_clean,423.5
ZOHFUZ_clean,11.92122,6.68196,11.92122,0.814891,2190.64,2688.27,0.0,0.0,0.7046,0.864656,0.0,Fe,Yes,Fe,clean,N,Y,Y,,N,,,,,,,,,,,,,,,,,,,,,,ZOHFUZ_clean,610.5
ZOMNEW_clean,6.0596,4.54083,6.0596,1.15823,1419.36,1225.46,0.0,0.0,0.5808,0.501457,0.0,"Mo,Zn",Yes,Mo,clean,N,Y,Y,,N,,,,,,,,,,,,,,,,,,,,,,ZOMNEW_clean,239.2
ZOMNIA_clean,6.19749,4.62522,6.12809,1.13009,1429.96,1265.35,0.0,0.0,0.5774,0.510931,0.0,"Mo,Zn",Yes,Mo,clean,N,Y,Y,,N,,,,,,,,,,,,,,,,,,,,,,ZOMNIA_clean,243.7
ZOMNUM_clean,6.06034,4.51773,6.06034,1.06034,1392.7,1313.45,0.0,0.0,0.5604,0.52851,0.0,"Zn,Cr",Yes,Cr,clean,N,Y,Y,,N,,,,,,,,,,,,,,,,,,,,,,ZOMNUM_clean,279.2
ZOTKAW_clean,4.77881,3.75238,4.76637,1.43383,643.033,448.471,0.0,0.0,0.4312,0.300732,0.0,Er,Yes,Er,clean,Y,Y,Y,,N,,,,,,,,,,,,,,,,,,,,,,ZOTKAW_clean,323.8
ZOXFEZ_clean,6.93984,4.03954,6.93984,0.864343,2031.03,2349.79,0.0,0.0,0.6366,0.736513,0.0,Cd,No, ,clean,N,Y,Y,,N,,,,,,,,,,,,,,,,,,,,,,ZOXFEZ_clean,172.2
ZOXGOK_clean,6.81689,4.16129,6.80143,1.34232,1279.03,952.844,0.0,0.0,0.53,0.394837,0.0,Cu,Yes,Cu,clean,N,Y,Y,,N,,,,,,,,,,,,,,,,,,,,,,ZOXGOK_clean,265.4
ZOXNEH_clean,5.49902,3.71803,5.37867,1.30831,1870.03,1429.35,0.0,0.0,0.6444,0.492544,0.0,Cd,Yes,Cd,clean,N,Y,Y,,N,,,,,,,,,,,,,,,,,,,,,,ZOXNEH_clean,143.9
ZOZCIC_clean,4.77783,3.48746,4.76506,1.70684,334.136,195.762,173.298,101.532,0.4902,0.287197,0.0,U,Yes,U,clean,N,Y,Y,,N,,,,,,,,,,,,,,,,,,,,,,ZOZCIC_clean,299.1
ZOZHON_clean,7.30118,5.11086,5.92942,1.04457,1885.43,1804.99,0.0160738,0.015388,0.6212,0.594697,0.0,"Pr,Co",No, ,clean,N,Y,Y,,N,,,,,,,,,,,,,,,,,,,,,,ZOZHON_clean,640.5
ZOZKAC_clean,4.08199,3.46421,4.07007,1.50938,399.978,264.995,0.0,0.0,0.4188,0.277465,0.0,Mn,Yes,Mn,clean,N,Y,Y,,N,,,,,,,,,,,,,,,,,,,,,,ZOZKAC_clean,255.6
ZOZKEG_clean,7.97254,6.83417,7.97254,1.12239,1128.68,1005.6,75.4829,67.2521,0.5514,0.491274,0.0,Mn,Yes,Mn,clean,N,Y,Y,,N,,,,,,,,,,,,,,,,,,,,,,ZOZKEG_clean,437.0
ZOZPUB_clean,7.7256,6.01065,7.70911,1.03826,1572.11,1514.17,0.0,0.0,0.597,0.574999,0.0,Co,Yes,Co,clean,N,Y,Y,,N,,,,,,,,,,,,,,,,,,,,,,ZOZPUB_clean,275.2
ZUBFIN_clean,7.69352,3.71325,7.67785,1.11238,1215.17,1092.41,0.0,0.0,0.5518,0.496052,0.0,Zn,Yes,Zn,clean,N,Y,Y,,N,,,,,,,,,,,,,,,,,,,,,,ZUBFIN_clean,1437.4
ZUDQUM_clean,5.81277,5.4291,5.81277,1.09047,1603.64,1470.59,0.0,0.0,0.5888,0.539951,0.0,Mn,No, ,clean,N,Y,Y,,N,,,,,,,,,,,,,,,,,,,,,,ZUDQUM_clean,201.8
ZUDRAT_clean,6.48565,4.23405,6.48051,1.20859,1651.45,1366.43,0.0,0.0,0.5628,0.465668,0.0,Mn,Yes,Mn,clean,N,Y,Y,,N,,,,,,,,,,,,,,,,,,,,,,ZUDRAT_clean,284.3
ZUDXAZ_clean,4.0542,3.70372,4.05121,1.83709,560.464,305.082,53.3835,29.0587,0.4362,0.237441,0.0,Fe,Yes,Fe,clean,N,Y,Y,,N,,,,,,,,,,,,,,,,,,,,,,ZUDXAZ_clean,234.9
ZUGDEM_clean,9.67095,5.98717,9.67095,0.85339,2198.39,2576.07,0.0,0.0,0.6996,0.819789,0.0,Zn,Yes,Zn,clean,N,Y,Y,,N,,,,,,,,,,,,,,,,,,,,,,ZUGDEM_clean,177.0
ZUKNAW_clean,11.21967,10.68501,10.9966,0.962771,2472.04,2567.63,0.0,0.0,0.7894,0.819925,0.0,"Mo,Cu,Mn",Yes,"Mo,Cu",clean,N,Y,Y,,N,,,,,,,,,,,,,,,,,,,,,,ZUKNAW_clean,158.1
ZUNZIT_clean,5.02966,4.18682,5.02966,1.54704,1064.88,688.333,0.0,0.0,0.4702,0.303935,0.0,Tb,Yes,Tb,clean,N,Y,Y,,N,,,,,,,,,,,,,,,,,,,,,,ZUNZIT_clean,195.6
ZUPBET_clean,5.03517,4.18078,5.03517,1.52077,1109.78,729.746,0.0,0.0,0.4686,0.308133,0.0,Eu,Yes,Eu,clean,N,Y,Y,,N,,,,,,,,,,,,,,,,,,,,,,ZUPBET_clean,186.6
ZUQMAB_clean,6.12654,3.97231,6.12654,1.08189,1594.49,1473.8,0.0,0.0,0.5652,0.522421,0.0,Co,No, ,clean,N,Y,Y,,N,,,,,,,,,,,,,,,,,,,,,,ZUQMAB_clean,310.9
ZURQOS_clean,4.62363,3.68876,4.61478,1.30618,1284.42,983.341,0.0,0.0,0.526,0.402701,0.0,"Cd,Ni",Yes,Ni,clean,Y,Y,Y,,N,,,,,,,,,,,,,,,,,,,,,,ZURQOS_clean,169.3
ZURROT_clean,4.90807,3.92111,4.90807,1.07774,1554.64,1442.5,0.0,0.0,0.611,0.566926,0.0,"Cd,Ni",Yes,"Cd,Ni",clean,Y,Y,Y,,N,,,,,,,,,,,,,,,,,,,,,,ZURROT_clean,216.9
ZUSBIA_clean,4.68848,3.56399,4.68848,1.21981,1104.24,905.252,0.0,0.0,0.5638,0.462202,0.0,Zn,Yes,Zn,clean,N,Y,Y,,N,,,,,,,,,,,,,,,,,,,,,,ZUSBIA_clean,198.9
ZUSBOG_clean,4.86162,3.45547,4.8534,1.16782,1166.3,998.701,0.0,0.0,0.5894,0.504701,0.0,Zn,Yes,Zn,clean,N,Y,Y,,N,,,,,,,,,,,,,,,,,,,,,,ZUSBOG_clean,136.2
ZUTBIB_clean,5.89251,3.41929,5.89251,2.16043,1096.32,507.456,0.0,0.0,0.5212,0.241248,0.0,Ga,No, ,clean,N,Y,Y,,N,,,,,,,,,,,,,,,,,,,,,,ZUTBIB_clean,199.4
ZUTBUN_clean,4.42995,3.86732,4.42995,2.2828,1037.92,454.67,0.0,0.0,0.4626,0.202646,0.0,Ga,No, ,clean,N,Y,Y,,N,,,,,,,,,,,,,,,,,,,,,,ZUTBUN_clean,354.9
ZUWXUM_clean,6.25511,5.54572,6.22585,0.917254,2526.11,2753.99,0.0,0.0,0.7012,0.764456,0.0,In,No, ,clean,N,Y,Y,,N,,,,,,,,,,,,,,,,,,,,,,ZUWXUM_clean,240.7
ZUXPOZ_clean,4.9428,4.31959,4.93372,2.00162,1314.33,656.635,0.0,0.0,0.579,0.289266,0.0,U,Yes,U,clean,N,Y,Y,,N,,,,,,,,,,,,,,,,,,,,,,ZUXPOZ_clean,149.0
ZUZZEB_clean,12.38418,6.8566,12.3754,0.903178,2016.22,2232.36,0.0,0.0,0.7248,0.8025,0.0,Yb,No, ,clean,N,Y,Y,,N,,,,,,,,,,,,,,,,,,,,,,ZUZZEB_clean,353.4
