filename,LCD,PLD,LFPD,cm3_g,ASA_m2_cm3,ASA_m2_g,NASA_m2_cm3,NASA_m2_g,AV_VF,AV_cm3_g,NAV_cm3_g,All_Metals,Has_OMS,Open_Metal_Sites,Extension,FSR_overlap,from_CSD,public,DISORDER,CSD_overlap_inCoRE,CSD_of_WoS_inCoRE,CSD_overlap_inCCDC,date_CSD,DOI_public,Note,Matched_CSD_of_CoRE,Possible_List_CSD_of_CoRE,Unnamed: 28,Unnamed: 29,Unnamed: 30,Unnamed: 31,Unnamed: 32,Unnamed: 33,Unnamed: 34,Unnamed: 35,Unnamed: 36,Unnamed: 37,Unnamed: 38,Unnamed: 39,Unnamed: 40,Unnamed: 41,MOF,chunk_5 time (s)
GUMDEZ_clean,5.27869,4.82624,5.26972,1.35338,1171.24,865.416,0.0,0.0,0.5066,0.374323,0.0,Zn,No, ,clean,Y,Y,Y,,N,,,,,,,,,,,,,,,,,,,,,,GUMDEZ_clean,1978.2
GUNFAW01_neutral,9.61074,7.33598,9.61074,0.662989,2371.82,3577.46,0.0,0.0,0.7958,1.20032,0.0,"Cr,Mn",No, ,neutral,N,Y,Y,,N,,,,,,,,,,,,,,,,,,,,,,GUNFAW01_neutral,120.2
GUNZIA_clean,5.83475,4.30482,5.82509,1.2153,836.856,688.601,251.586,207.016,0.5296,0.435778,0.0,Cd,No, ,clean,Y,Y,Y,,N,,,,,,,,,,,,,,,,,,,,,,GUNZIA_clean,4425.9
GUPBEZ02_clean,23.87093,10.84779,23.87093,0.911245,1630.75,1789.58,0.0,0.0,0.8024,0.880553,0.0,Cu,Yes,Cu,clean,Y,Y,Y,,N,,,,,,,,,,,,,,,,,,,,,,GUPBEZ02_clean,1214.6
GUPBUP_SL,12.69031,3.67391,12.69031,0.919646,1552.86,1688.54,0.0,0.0,0.6966,0.757465,0.0,Cd,No, ,SL,Y,Y,Y,,N,,,,,,,,,,,,,,,,,,,,,,GUPBUP_SL,310.3
GUPCAW_clean,13.64672,8.62891,13.57643,0.814725,1868.84,2293.83,0.829839,1.01855,0.7426,0.911474,0.0,Cd,No, ,clean,Y,Y,Y,,N,,,,,,,,,,,,,,,,,,,,,,GUPCAW_clean,903.7
GUPDEB_clean,20.68684,7.65386,20.68684,0.945467,1548.81,1638.15,1.11326,1.17747,0.7196,0.761105,0.0,Cd,No, ,clean,Y,Y,Y,,N,,,,,,,,,,,,,,,,,,,,,,GUPDEB_clean,2462.7
GUPREQ_clean,6.00262,3.86824,5.65571,1.31,1012.28,772.734,0.0,0.0,0.4954,0.378168,0.0,Cu,Yes,Cu,clean,N,Y,Y,,N,,,,,,,,,,,,,,,,,,,,,,GUPREQ_clean,2244.1
GUQWOG_clean,7.33297,4.64507,7.06229,0.957966,1896.24,1979.44,0.0,0.0,0.6126,0.63948,0.0,Cd,No, ,clean,Y,Y,Y,,N,,,,,,,,,,,,,,,,,,,,,,GUQWOG_clean,636.1
GURPIT_clean,9.17432,7.72525,9.0966,0.709696,2365.23,3332.74,0.0,0.0,0.7732,1.08948,0.0,"Cr,Mn",No, ,clean,Y,Y,Y,,N,,,,,,,,,,,,,,,,,,,,,,GURPIT_clean,383.5
GURPUF_clean,9.46604,8.41122,9.46604,0.69659,2357.29,3384.04,0.0,0.0,0.789,1.13266,0.0,"Cr,Mn",No, ,clean,Y,Y,Y,,N,,,,,,,,,,,,,,,,,,,,,,GURPUF_clean,341.3
GUSJOU_clean,6.46175,4.9377,6.46175,1.4824,1450.9,978.754,0.0,0.0,0.5424,0.365894,0.0,"Mn,Ge",Yes,Mn,clean,N,Y,Y,,N,,,,,,,,,,,,,,,,,,,,,,GUSJOU_clean,759.5
GUSMAJ_clean,4.67375,3.80751,4.66389,1.32281,575.521,435.074,0.0,0.0,0.4708,0.355908,0.0,Eu,No, ,clean,Y,Y,Y,,N,,,,,,,,,,,,,,,,,,,,,,GUSMAJ_clean,5452.6
GUTYIE_clean,5.62453,4.16158,5.60554,1.07616,1629.52,1514.21,0.0,0.0,0.6326,0.587833,0.0,Zn,No, ,clean,Y,Y,Y,,N,,,,,,,,,,,,,,,,,,,,,,GUTYIE_clean,759.9
GUVBOQ_clean,8.83128,4.93156,8.81323,1.43518,1000.0,696.779,0.0,0.0,0.4548,0.316894,0.0,Zn,Yes,Zn,clean,Y,Y,Y,,N,,,,,,,,,,,,,,,,,,,,,,GUVBOQ_clean,13208.6
GUVCOP_clean,5.74545,3.94509,5.74323,1.37815,1848.48,1341.28,0.0,0.0,0.614,0.445526,0.0,"Cu,Pt",Yes,"Cu,Pt",clean,Y,Y,Y,,N,,,,,,,,,,,,,,,,,,,,,,GUVCOP_clean,1415.1
GUVKUE_clean,8.21847,7.49363,8.20971,1.22679,2052.71,1673.24,0.0,0.0,0.664,0.54125,0.0,Zn,No, ,clean,Y,Y,Y,,N,,,,,,,,,,,,,,,,,,,,,,GUVKUE_clean,3703.4
GUVLAL_clean,8.46005,7.97124,8.46005,1.21092,2060.95,1701.98,0.0,0.0,0.6704,0.55363,0.0,Zn,Yes,Zn,clean,Y,Y,Y,,N,,,,,,,,,,,,,,,,,,,,,,GUVLAL_clean,3878.9
GUVZII_clean,11.49557,10.72535,11.49539,1.14498,1547.17,1351.26,0.0,0.0,0.6402,0.559135,0.0,Fe,Yes,Fe,clean,Y,Y,Y,,N,,,,,,,,,,,,,,,,,,,,,,GUVZII_clean,2778.6
GUWDUY_clean,6.18049,4.11372,6.17321,0.97822,1677.34,1714.69,0.0,0.0,0.6008,0.614177,0.0,La,No, ,clean,Y,Y,Y,,N,,,,,,,,,,,,,,,,,,,,,,GUWDUY_clean,1803.4
GUXJUF_clean,4.84037,3.9654,4.82716,1.41449,886.753,626.908,0.0,0.0,0.4542,0.321106,0.0,Cu,Yes,Cu,clean,Y,Y,Y,,N,,,,,,,,,,,,,,,,,,,,,,GUXJUF_clean,989.8
GUXPOF_clean,5.62972,5.12114,5.55282,1.20445,928.209,770.649,0.0,0.0,0.499,0.414297,0.0,Co,Yes,Co,clean,Y,Y,Y,,N,,,,,,,,,,,,,,,,,,,,,,GUXPOF_clean,581.5
GUXSEY_clean,6.24254,3.72061,6.24254,1.49869,1194.16,796.807,0.0,0.0,0.5316,0.354711,0.0,Eu,No, ,clean,Y,Y,Y,,N,,,,,,,,,,,,,,,,,,,,,,GUXSEY_clean,4305.9
GUXSIC_clean,6.13867,3.70141,6.13867,1.60239,1120.27,699.126,0.0,0.0,0.517,0.322643,0.0,Er,No, ,clean,Y,Y,Y,,N,,,,,,,,,,,,,,,,,,,,,,GUXSIC_clean,4179.3
GUXZIJ_clean,5.81008,4.95296,5.55484,2.37336,1506.6,634.795,0.0,0.0,0.5624,0.236964,0.0,U,Yes,U,clean,Y,Y,Y,,N,,,,,,,,,,,,,,,,,,,,,,GUXZIJ_clean,651.9
GUXZUV_clean,6.58785,4.88173,6.58785,1.68165,1430.07,850.397,0.0,0.0,0.5722,0.340261,0.0,U,Yes,U,clean,Y,Y,Y,,N,,,,,,,,,,,,,,,,,,,,,,GUXZUV_clean,1317.6
GUYBAE_clean,5.86532,5.19351,5.73822,2.36156,1533.32,649.284,0.0,0.0,0.5552,0.235099,0.0,U,Yes,U,clean,Y,Y,Y,,N,,,,,,,,,,,,,,,,,,,,,,GUYBAE_clean,1061.1
HABQUY_clean,25.71531,12.0883,18.82078,0.289452,1646.58,5688.62,0.0,0.0,0.8738,3.01881,0.0,Cu,Yes,Cu,clean,Y,Y,Y,,N,,,,,,,,,,,,,,,,,,,,,,HABQUY_clean,457.0
HABRAF_manual,24.30948,9.03515,24.30948,0.38234,1867.98,4885.64,0.0,0.0,0.8462,2.21321,0.0,Cu,Yes,Cu,manual,Y,Y,Y,,N,,,,,,,,,,,,,,,,,,,,,,HABRAF_manual,350.4
HABREJ_clean,7.22153,5.5004,7.20678,0.929467,1805.81,1942.84,0.0,0.0,0.6346,0.682757,0.0,Zn,Yes,Zn,clean,Y,Y,Y,,N,,,,,,,,,,,,,,,,,,,,,,HABREJ_clean,3952.9
HADLOQ01_clean,10.03253,9.59417,10.02623,0.699735,1785.38,2551.51,0.0,0.0,0.7038,1.00581,0.0,Co,No, ,clean,Y,Y,Y,,N,,,,,,,,,,,,,,,,,,,,,,HADLOQ01_clean,597.9
HADPOU_clean,4.62887,4.08311,4.62887,1.93861,903.412,466.011,0.0,0.0,0.5016,0.258742,0.0,"Fe,Pt",Yes,Pt,clean,Y,Y,Y,,N,,,,,,,,,,,,,,,,,,,,,,HADPOU_clean,470.0
HADQUA_clean,4.81461,3.51016,4.81159,1.02272,1546.56,1512.21,0.0,0.0,0.5746,0.561836,0.0,Zn,No, ,clean,Y,Y,Y,,N,,,,,,,,,,,,,,,,,,,,,,HADQUA_clean,7452.9
HADXIW_clean,4.67426,4.35266,4.67426,2.30119,853.786,371.02,0.0,0.0,0.5434,0.236139,0.0,"U,Co",Yes,"U,Co",clean,N,Y,Y,,N,,,,,,,,,,,,,,,,,,,,,,HADXIW_clean,366.1
HAFGUQ_clean,5.00398,3.75819,5.00288,1.4388,1552.49,1079.02,0.0,0.0,0.603,0.4191,0.0,Ga,No, ,clean,Y,Y,Y,,N,,,,,,,,,,,,,,,,,,,,,,HAFGUQ_clean,1245.3
HAFTOZ_clean,15.37241,7.5238,15.37241,0.554007,2040.18,3682.59,0.0,0.0,0.7832,1.4137,0.0,Ni,No, ,clean,Y,Y,Y,,N,,,,,,,,,,,,,,,,,,,,,,HAFTOZ_clean,256.7
HAFVOB_clean,5.59823,4.10574,5.59823,0.989877,1624.62,1641.23,0.0,0.0,0.559,0.564717,0.0,Ca,Yes,Ca,clean,Y,Y,Y,,N,,,,,,,,,,,,,,,,,,,,,,HAFVOB_clean,3114.5
HAFVUH_SL,7.26111,7.14037,7.26111,0.948615,1661.34,1751.34,0.0,0.0,0.5896,0.621538,0.0,Mg,No, ,SL,Y,Y,Y,,N,,,,,,,,,,,,,,,,,,,,,,HAFVUH_SL,871.7
HAFWIW_clean,5.35067,4.98225,5.35067,1.31519,1804.28,1371.88,0.0,0.0,0.6304,0.479324,0.0,Cu,Yes,Cu,clean,N,Y,Y,,N,,,,,,,,,,,,,,,,,,,,,,HAFWIW_clean,541.3
HAHCUR_clean,7.19827,5.98763,7.19827,1.10603,1324.83,1197.82,0.0,0.0,0.546,0.493657,0.0,Ni,No, ,clean,Y,Y,Y,,N,,,,,,,,,,,,,,,,,,,,,,HAHCUR_clean,1954.7
HAHPOW_clean,9.6196,8.46967,9.6196,1.47235,624.294,424.013,93.3885,63.4283,0.498,0.338235,0.0,Ag,Yes,Ag,clean,Y,Y,Y,,N,,,,,,,,,,,,,,,,,,,,,,HAHPOW_clean,815.4
HAJDII_clean,7.11031,6.37447,7.11031,1.26291,989.015,783.122,12.4903,9.89007,0.5394,0.427108,0.0,Tb,No, ,clean,Y,Y,Y,,N,,,,,,,,,,,,,,,,,,,,,,HAJDII_clean,1540.5
HAJLEK_clean,5.87742,3.45437,5.87742,1.36069,369.973,271.901,0.0,0.0,0.367,0.269716,0.0,Fe,No, ,clean,Y,Y,Y,,N,,,,,,,,,,,,,,,,,,,,,,HAJLEK_clean,471.8
HAJLIO_clean,5.88281,3.51824,5.88281,1.36262,373.489,274.096,0.0,0.0,0.3676,0.269774,0.0,Fe,No, ,clean,Y,Y,Y,,N,,,,,,,,,,,,,,,,,,,,,,HAJLIO_clean,472.0
HAJLOU_clean,5.886,3.5289,5.886,1.35798,373.139,274.776,0.0,0.0,0.3686,0.271433,0.0,Fe,No, ,clean,Y,Y,Y,,N,,,,,,,,,,,,,,,,,,,,,,HAJLOU_clean,481.0
HAJLUA_clean,5.93833,3.59787,5.73261,1.34629,399.566,296.791,0.0,0.0,0.3782,0.28092,0.0,Fe,No, ,clean,Y,Y,Y,,N,,,,,,,,,,,,,,,,,,,,,,HAJLUA_clean,480.7
HAJMEL_clean,5.95786,3.62462,5.74689,1.33025,394.105,296.264,0.0,0.0,0.3816,0.286863,0.0,Fe,No, ,clean,Y,Y,Y,,N,,,,,,,,,,,,,,,,,,,,,,HAJMEL_clean,455.1
HAJMIQ_clean,13.26244,6.64572,13.26244,0.873197,2121.07,2429.08,0.0,0.0,0.7212,0.825931,0.0,Cu,Yes,Cu,clean,Y,Y,Y,,N,,,,,,,,,,,,,,,,,,,,,,HAJMIQ_clean,8148.6
HAJPEQ_clean,6.11767,3.57208,6.10936,1.00677,852.908,847.173,0.0,0.0,0.5204,0.516901,0.0,Cu,Yes,Cu,clean,Y,Y,Y,,N,,,,,,,,,,,,,,,,,,,,,,HAJPEQ_clean,1346.2
HAJRES_clean,5.28648,3.63417,5.2773,0.904106,536.331,593.217,509.7,563.762,0.5196,0.574711,0.0,Cu,No, ,clean,Y,Y,Y,,N,,,,,,,,,,,,,,,,,,,,,,HAJRES_clean,6047.3
HAJYEZ_clean,5.05238,3.74879,4.99149,1.49581,731.65,489.133,0.0,0.0,0.4222,0.282255,0.0,Ni,Yes,Ni,clean,Y,Y,Y,,N,,,,,,,,,,,,,,,,,,,,,,HAJYEZ_clean,889.0
HAKCAZ_clean,7.25791,5.03113,6.91895,1.17911,1594.01,1351.88,0.0,0.0,0.5908,0.501055,0.0,"Dy,Zn",Yes,"Dy,Zn",clean,Y,Y,Y,,N,,,,,,,,,,,,,,,,,,,,,,HAKCAZ_clean,1270.0
HAKSAQ_clean,8.06664,3.9387,8.06075,1.15948,1831.32,1579.42,0.0,0.0,0.63,0.543345,0.0,In,No, ,clean,Y,Y,Y,,N,,,,,,,,,,,,,,,,,,,,,,HAKSAQ_clean,2521.9
HAKSEU_clean,8.08706,3.61748,7.36025,1.26635,1637.77,1293.3,0.0,0.0,0.6148,0.485489,0.0,"In,Ni",Yes,Ni,clean,Y,Y,Y,,N,,,,,,,,,,,,,,,,,,,,,,HAKSEU_clean,2488.2
HAKSIY_clean,8.0725,3.53077,8.06497,1.03469,1587.07,1533.85,0.0,0.0,0.6072,0.58684,0.0,"Mg,Fe",Yes,Mg,clean,N,Y,Y,,N,,,,,,,,,,,,,,,,,,,,,,HAKSIY_clean,2151.2
HAKVOH_clean,9.12551,3.7795,9.11836,1.17123,1785.15,1524.17,0.0,0.0,0.6208,0.530041,0.0,"Cu,Fe",Yes,Cu,clean,Y,Y,Y,,N,,,,,,,,,,,,,,,,,,,,,,HAKVOH_clean,1053.6
HAKVUN_clean,8.02196,4.1722,8.01469,1.33184,2031.27,1525.15,0.0,0.0,0.6558,0.4924,0.0,"In,Ag",Yes,"In,Ag",clean,Y,Y,Y,,N,,,,,,,,,,,,,,,,,,,,,,HAKVUN_clean,1603.9
HAKWAU_clean,7.77196,4.02298,7.7515,0.967928,1840.06,1901.03,0.0,0.0,0.6374,0.65852,0.0,"Mg,Cu",Yes,"Mg,Cu",clean,Y,Y,Y,,N,,,,,,,,,,,,,,,,,,,,,,HAKWAU_clean,967.9
HALQUJ_clean,5.83271,4.11171,5.82021,0.775057,2252.16,2905.8,0.0,0.0,0.6658,0.859034,0.0,Cu,No, ,clean,Y,Y,Y,,N,,,,,,,,,,,,,,,,,,,,,,HALQUJ_clean,1470.1
HALVAU_clean,7.2529,4.09487,7.24788,1.02599,1723.2,1679.54,0.0,0.0,0.6096,0.594156,0.0,Ni,Yes,Ni,clean,Y,Y,Y,,N,,,,,,,,,,,,,,,,,,,,,,HALVAU_clean,595.3
HAMJOW_clean,5.97637,5.66826,5.96867,0.916107,2203.56,2405.35,0.0,0.0,0.6442,0.703193,0.0,Zn,Yes,Zn,clean,Y,Y,Y,,N,,,,,,,,,,,,,,,,,,,,,,HAMJOW_clean,3401.6
HAMLIT_clean,7.60143,4.74827,7.04866,1.03116,1778.09,1724.35,0.0,0.0,0.6042,0.58594,0.0,Zn,Yes,Zn,clean,Y,Y,Y,,N,,,,,,,,,,,,,,,,,,,,,,HAMLIT_clean,2617.3
HAMREU_clean,7.3712,5.08597,7.3712,1.79786,881.924,490.542,0.0,0.0,0.4552,0.25319,0.0,"Cu,Ce",No, ,clean,Y,Y,Y,,N,,,,,,,,,,,,,,,,,,,,,,HAMREU_clean,949.1
HAMRIY_clean,7.12952,5.0191,7.12952,1.96935,853.811,433.551,0.0,0.0,0.434,0.220378,0.0,"Ho,Cu",No, ,clean,Y,Y,Y,,N,,,,,,,,,,,,,,,,,,,,,,HAMRIY_clean,905.9
HANKUE_clean,11.04769,6.93986,11.04769,1.01875,2416.33,2371.86,7.87226,7.72737,0.7184,0.705177,0.0,"Cd,In",Yes,Cd,clean,Y,Y,Y,,N,,,,,,,,,,,,,,,,,,,,,,HANKUE_clean,35831.3
HANWAW_clean,11.32674,4.96034,11.30095,0.840493,2065.42,2457.39,0.0,0.0,0.7018,0.834987,0.0,Cu,Yes,Cu,clean,Y,Y,Y,,N,,,,,,,,,,,,,,,,,,,,,,HANWAW_clean,5789.6
HAPBAE_clean,7.19899,4.51752,7.19899,1.177,1685.21,1431.79,101.434,86.1807,0.6014,0.510961,0.0,"Cu,Ti",Yes,"Cu,Ti",clean,N,Y,Y,,N,,,,,,,,,,,,,,,,,,,,,,HAPBAE_clean,4246.2
HAPBEI_clean,7.40345,4.51665,7.18933,1.1831,1645.32,1390.68,107.302,90.6958,0.5974,0.504945,0.0,"Cu,Ti",Yes,"Cu,Ti",clean,Y,Y,Y,,N,,,,,,,,,,,,,,,,,,,,,,HAPBEI_clean,4118.2
HAPBIM_clean,7.3635,4.07388,7.35928,1.22764,1566.0,1275.62,0.0,0.0,0.6092,0.496238,0.0,"Cu,Ti",Yes,"Cu,Ti",clean,Y,Y,Y,,N,,,,,,,,,,,,,,,,,,,,,,HAPBIM_clean,11402.3
HAPGIR_clean,6.12679,5.53694,6.11946,1.24903,1460.77,1169.52,0.0,0.0,0.5518,0.441784,0.0,Mn,Yes,Mn,clean,Y,Y,Y,,N,,,,,,,,,,,,,,,,,,,,,,HAPGIR_clean,354.4
HAPHUD_clean,8.47502,6.8337,8.46296,0.827108,1882.02,2275.42,0.0,0.0,0.6618,0.800137,0.0,Zn,Yes,Zn,clean,Y,Y,Y,,N,,,,,,,,,,,,,,,,,,,,,,HAPHUD_clean,784.6
HAPNEU_clean,7.1275,4.47989,7.11656,1.12613,1773.48,1574.85,0.0,0.0,0.6,0.5328,0.0,"Cu,Ti",Yes,"Cu,Ti",clean,N,Y,Y,,N,,,,,,,,,,,,,,,,,,,,,,HAPNEU_clean,4322.8
HAPNOE_clean,5.80604,3.7042,5.80604,1.49141,1358.54,910.909,0.0,0.0,0.535,0.358721,0.0,Er,Yes,Er,clean,Y,Y,Y,,N,,,,,,,,,,,,,,,,,,,,,,HAPNOE_clean,1993.2
HAPNUK_clean,5.80307,3.70444,5.7954,1.49676,1370.95,915.947,0.0,0.0,0.5352,0.357572,0.0,Tm,Yes,Tm,clean,Y,Y,Y,,N,,,,,,,,,,,,,,,,,,,,,,HAPNUK_clean,2007.0
HAPPAS_clean,5.66478,3.61524,5.6614,1.54511,1255.98,812.875,0.0,0.0,0.5282,0.341853,0.0,Lu,Yes,Lu,clean,Y,Y,Y,,N,,,,,,,,,,,,,,,,,,,,,,HAPPAS_clean,2038.1
HAPVEB_clean,4.76596,4.34263,4.75951,2.7741,1216.03,438.349,0.0,0.0,0.4794,0.172813,0.0,"Nd,U",Yes,"Nd,U",clean,Y,Y,Y,,N,,,,,,,,,,,,,,,,,,,,,,HAPVEB_clean,721.6
HAQJIV_clean,10.92187,6.16089,10.13253,0.730979,2352.02,3217.63,0.0,0.0,0.744,1.01781,0.0,Cu,Yes,Cu,clean,Y,Y,Y,,N,,,,,,,,,,,,,,,,,,,,,,HAQJIV_clean,959.2
HAQKES_clean,7.18365,5.84135,6.93817,1.26274,1917.74,1518.71,0.0,0.0,0.6256,0.495429,0.00158385,"Cd,Cu",Yes,"Cd,Cu",clean,Y,Y,Y,,N,,,,,,,,,,,,,,,,,,,,,,HAQKES_clean,8784.8
HAQRID_clean,8.35999,7.36684,8.31122,1.01133,1835.07,1814.52,0.0,0.0,0.6542,0.646874,0.0,Zn,Yes,Zn,clean,Y,Y,Y,,N,,,,,,,,,,,,,,,,,,,,,,HAQRID_clean,1711.7
HASMIZ_clean,9.9371,5.9051,9.93469,0.740129,2096.9,2833.15,0.0,0.0,0.687,0.928217,0.0,Co,No, ,clean,Y,Y,Y,,N,,,,,,,,,,,,,,,,,,,,,,HASMIZ_clean,665.1
HASNIB_clean,5.40755,4.36097,5.2762,1.74872,1493.17,853.86,0.0,0.0,0.5666,0.324008,0.0,Eu,Yes,Eu,clean,Y,Y,Y,,N,,,,,,,,,,,,,,,,,,,,,,HASNIB_clean,367.7
HASNOH_clean,5.38898,4.39397,5.38845,1.86317,1402.69,752.852,0.0,0.0,0.5556,0.298201,0.0,Tb,Yes,Tb,clean,Y,Y,Y,,N,,,,,,,,,,,,,,,,,,,,,,HASNOH_clean,453.2
HASNUN_clean,5.53374,4.52225,5.53374,1.71424,1549.27,903.767,0.0,0.0,0.5698,0.332393,0.0,Eu,Yes,Eu,clean,Y,Y,Y,,N,,,,,,,,,,,,,,,,,,,,,,HASNUN_clean,354.2
HASTAY_clean,6.39369,3.9398,5.95965,1.27695,1466.95,1148.79,0.116669,0.0913651,0.5758,0.450916,0.0,"Ru,Zn",Yes,Zn,clean,Y,Y,Y,,N,,,,,,,,,,,,,,,,,,,,,,HASTAY_clean,3911.0
HATZOS02_clean,4.8576,4.0805,4.8576,1.31729,1109.65,842.374,1.31609,0.999089,0.544,0.41297,0.0,Ag,Yes,Ag,clean,Y,Y,Y,,N,,,,,,,,,,,,,,,,,,,,,,HATZOS02_clean,251.5
HATZOS_clean,4.85832,4.07746,4.85832,1.31771,1115.31,846.4,1.47769,1.12141,0.531,0.402973,0.0,Ag,Yes,Ag,clean,Y,Y,Y,,N,,,,,,,,,,,,,,,,,,,,,,HATZOS_clean,248.8
HAVVUX_clean,8.34589,6.74867,8.34589,2.21863,955.771,430.794,0.0,0.0,0.5032,0.226807,0.0,Cu,Yes,Cu,clean,Y,Y,Y,,N,,,,,,,,,,,,,,,,,,,,,,HAVVUX_clean,916.3
HAVZIP_clean,12.95456,9.6087,12.76631,0.416845,1954.8,4689.52,0.0,0.0,0.815,1.95516,0.0,Co,Yes,Co,clean,Y,Y,Y,,N,,,,,,,,,,,,,,,,,,,,,,HAVZIP_clean,316.4
HAWREE_clean,5.95677,4.26157,5.93982,1.29463,1394.9,1077.46,0.0,0.0,0.5154,0.398107,0.0,Mn,No, ,clean,Y,Y,Y,,N,,,,,,,,,,,,,,,,,,,,,,HAWREE_clean,1566.4
HAWVAE_clean,5.43472,3.75459,5.43472,1.57273,1218.49,774.765,0.0,0.0,0.5248,0.333688,0.0,Gd,No, ,clean,Y,Y,Y,,N,,,,,,,,,,,,,,,,,,,,,,HAWVAE_clean,1073.3
HAWVEI_clean,5.44774,3.7649,5.44192,1.50867,1222.23,810.136,0.0,0.0,0.526,0.348652,0.0,Nd,No, ,clean,Y,Y,Y,,N,,,,,,,,,,,,,,,,,,,,,,HAWVEI_clean,1063.2
HAWVIM_clean,5.41474,3.72498,5.39995,1.55868,1201.98,771.152,0.0,0.0,0.522,0.334898,0.0,Eu,No, ,clean,Y,Y,Y,,N,,,,,,,,,,,,,,,,,,,,,,HAWVIM_clean,1080.5
HAWVOS_clean,5.41179,3.71334,5.38603,1.62695,1198.02,736.358,0.0,0.0,0.519,0.319002,0.0,Er,No, ,clean,Y,Y,Y,,N,,,,,,,,,,,,,,,,,,,,,,HAWVOS_clean,1091.9
HAWVUY_clean,5.4288,3.7248,5.42521,1.58725,1209.7,762.135,0.0,0.0,0.523,0.3295,0.0,Tb,No, ,clean,Y,Y,Y,,N,,,,,,,,,,,,,,,,,,,,,,HAWVUY_clean,1077.5
HAWWAF_clean,5.36818,3.69998,5.3038,1.61776,1179.03,728.804,0.0,0.0,0.5186,0.320567,0.0,Dy,No, ,clean,Y,Y,Y,,N,,,,,,,,,,,,,,,,,,,,,,HAWWAF_clean,1086.1
HAWWEK_clean,6.09263,4.09444,6.07646,0.818977,2614.48,3192.37,0.0,0.0,0.6796,0.829816,0.0,Cu,No, ,clean,Y,Y,Y,,N,,,,,,,,,,,,,,,,,,,,,,HAWWEK_clean,677.8
HAWWIN_clean,6.94632,6.00048,6.94632,1.03663,2578.05,2486.94,0.0,0.0,0.6936,0.669088,0.0,Nd,Yes,Nd,clean,Y,Y,Y,,N,,,,,,,,,,,,,,,,,,,,,,HAWWIN_clean,1327.3
HAWWOT_clean,7.05521,6.39517,7.05449,1.0177,2567.24,2522.59,0.0,0.0,0.6952,0.683108,0.0,Nd,Yes,Nd,clean,Y,Y,Y,,N,,,,,,,,,,,,,,,,,,,,,,HAWWOT_clean,1256.4
HAWWUZ_clean,6.85987,6.20916,6.70163,1.02767,2542.94,2474.47,0.0,0.0,0.6868,0.668309,0.0,Nd,Yes,Nd,clean,Y,Y,Y,,N,,,,,,,,,,,,,,,,,,,,,,HAWWUZ_clean,1269.7
HAWZEM_clean,4.83947,3.74089,4.83947,1.28408,1060.99,826.263,0.0,0.0,0.5012,0.390319,0.0,Cu,Yes,Cu,clean,Y,Y,Y,,N,,,,,,,,,,,,,,,,,,,,,,HAWZEM_clean,1796.9
HAXMUP_clean,8.05193,5.7692,8.05193,1.0871,1247.11,1147.19,0.0,0.0,0.6042,0.555788,0.0,Cu,Yes,Cu,clean,Y,Y,Y,,N,,,,,,,,,,,,,,,,,,,,,,HAXMUP_clean,252.4
HAYLIE_clean,7.09546,5.16312,7.09546,0.822497,1782.71,2167.43,0.0,0.0,0.6384,0.776173,0.0,Zn,Yes,Zn,clean,Y,Y,Y,,N,,,,,,,,,,,,,,,,,,,,,,HAYLIE_clean,1292.6
HAZSIL_clean,7.68408,4.67009,7.68408,1.19851,1999.16,1668.03,0.0,0.0,0.6332,0.528321,0.0,Cu,Yes,Cu,clean,Y,Y,Y,,N,,,,,,,,,,,,,,,,,,,,,,HAZSIL_clean,1497.2
HAZWIP_clean,6.08536,5.42004,6.08536,0.76282,3171.25,4157.27,0.0,0.0,0.7336,0.961695,0.0,"Cu,Ni",Yes,"Cu,Ni",clean,Y,Y,Y,,N,,,,,,,,,,,,,,,,,,,,,,HAZWIP_clean,959.8
HEBJAB_clean,4.69189,4.1551,4.68505,1.19151,652.957,548.006,0.0,0.0,0.4618,0.387574,0.0,Co,Yes,Co,clean,Y,Y,Y,,N,,,,,,,,,,,,,,,,,,,,,,HEBJAB_clean,398.0
HEBKEG_clean,5.17721,3.88044,5.16559,1.56809,1108.64,706.999,0.0,0.0,0.4678,0.298324,0.0,Cd,No, ,clean,Y,Y,Y,,N,,,,,,,,,,,,,,,,,,,,,,HEBKEG_clean,581.0
HEBNIN_clean,5.00989,4.14842,5.00989,2.07402,1561.26,752.77,0.0,0.0,0.5908,0.284857,0.0,"Zn,U",Yes,"Zn,U",clean,Y,Y,Y,,N,,,,,,,,,,,,,,,,,,,,,,HEBNIN_clean,532.7
HEBNOT_clean,6.16705,5.25559,6.16705,2.0588,1791.16,870.001,0.0,0.0,0.601,0.291917,0.0,"Zn,U",Yes,"Zn,U",clean,Y,Y,Y,,N,,,,,,,,,,,,,,,,,,,,,,HEBNOT_clean,510.0
HEDBEZ_clean,5.55376,3.62598,5.46848,2.06178,1285.48,623.479,0.0,0.0,0.5464,0.265014,0.0,"Ce,U",Yes,"Ce,U",clean,Y,Y,Y,,N,,,,,,,,,,,,,,,,,,,,,,HEDBEZ_clean,725.0
HEDBID_clean,5.55564,3.58661,5.41937,2.08307,1276.82,612.952,0.0,0.0,0.5458,0.262017,0.0,"Nd,U",Yes,"Nd,U",clean,Y,Y,Y,,N,,,,,,,,,,,,,,,,,,,,,,HEDBID_clean,710.8
HEDBOJ_clean,6.12669,4.55303,6.11551,2.25914,1566.11,693.232,0.0,0.0,0.5588,0.247351,0.0,"Ce,U",Yes,"Ce,U",clean,N,Y,Y,,N,,,,,,,,,,,,,,,,,,,,,,HEDBOJ_clean,532.1
HEDBUP_clean,6.082,4.53553,6.07141,2.27942,1559.62,684.218,0.0,0.0,0.5574,0.244536,0.0,"Nd,U",Yes,"Nd,U",clean,N,Y,Y,,N,,,,,,,,,,,,,,,,,,,,,,HEDBUP_clean,532.9
HEDCAW_clean,8.17736,6.62352,8.16605,0.938004,1961.34,2090.97,0.0,0.0,0.6256,0.666948,0.0,Zn,Yes,Zn,clean,Y,Y,Y,,N,,,,,,,,,,,,,,,,,,,,,,HEDCAW_clean,1588.7
HEDCIE_clean,6.94357,6.25435,6.88861,1.02856,1661.58,1615.44,0.0,0.0,0.5918,0.575367,0.0,Cu,Yes,Cu,clean,Y,Y,Y,,N,,,,,,,,,,,,,,,,,,,,,,HEDCIE_clean,896.9
HEFDED_clean,6.92505,4.2277,6.91906,1.17857,874.958,742.388,0.0119262,0.0101192,0.491,0.416606,0.0,"Mo,Mn",No, ,clean,Y,Y,Y,,N,,,,,,,,,,,,,,,,,,,,,,HEFDED_clean,4096.3
HEFDON_clean,9.34267,6.30544,9.30322,1.26616,1290.92,1019.56,0.0,0.0,0.564,0.445443,0.0,"Cd,Ba",Yes,"Cd,Ba",clean,Y,Y,Y,,N,,,,,,,,,,,,,,,,,,,,,,HEFDON_clean,1105.7
HEFFEF_clean,9.54316,8.35297,9.54316,1.17123,1191.49,1017.3,0.0,0.0,0.5608,0.478813,0.0,"Cd,Na",Yes,"Cd,Na",clean,Y,Y,Y,,N,,,,,,,,,,,,,,,,,,,,,,HEFFEF_clean,893.3
HEFVAR_clean,4.22955,3.7824,4.22684,1.70241,256.239,150.515,0.0,0.0,0.3872,0.227442,0.0,"Cu,Rh",Yes,Cu,clean,Y,Y,Y,,N,,,,,,,,,,,,,,,,,,,,,,HEFVAR_clean,299.7
HEGCEB_clean,5.1693,4.46656,5.1693,1.06371,1875.59,1763.26,0.0,0.0,0.6372,0.599038,0.0,"Cd,Ni",Yes,Ni,clean,Y,Y,Y,,N,,,,,,,,,,,,,,,,,,,,,,HEGCEB_clean,380.9
HEGJUZ_clean,6.22529,4.73915,6.22421,1.09032,1314.16,1205.3,0.0,0.0,0.551,0.505357,0.0,Zn,Yes,Zn,clean,Y,Y,Y,,N,,,,,,,,,,,,,,,,,,,,,,HEGJUZ_clean,1911.4
HEGNAJ_clean,6.01939,4.81592,6.01939,1.89872,712.25,375.122,0.0,0.0,0.4102,0.216041,0.0,"Ga,Cr,Co",No, ,clean,Y,Y,Y,,N,,,,,,,,,,,,,,,,,,,,,,HEGNAJ_clean,2964.6
HEGNEN_clean,5.92457,4.79042,5.92457,1.92239,717.079,373.015,0.0,0.0,0.4062,0.2113,0.0,"Ga,Fe",No, ,clean,Y,Y,Y,,N,,,,,,,,,,,,,,,,,,,,,,HEGNEN_clean,3244.8
HEGNIR_clean,6.01675,4.74609,6.01675,1.93131,685.918,355.156,0.0,0.0,0.4034,0.208873,0.0,"Ga,Mn",No, ,clean,Y,Y,Y,,N,,,,,,,,,,,,,,,,,,,,,,HEGNIR_clean,3011.1
HEGNOX_clean,6.0763,4.7602,6.0763,1.95362,711.305,364.096,0.0,0.0,0.416,0.212938,0.0,"Zn,Ga",No, ,clean,Y,Y,Y,,N,,,,,,,,,,,,,,,,,,,,,,HEGNOX_clean,3368.4
HEGNUD_clean,5.94961,4.80382,5.94961,1.93345,716.335,370.496,0.0,0.0,0.4134,0.213815,0.0,"Ga,Cr",No, ,clean,Y,Y,Y,,N,,,,,,,,,,,,,,,,,,,,,,HEGNUD_clean,3474.5
HEGPAL_clean,5.89979,4.82106,5.89979,1.93984,705.302,363.588,0.0,0.0,0.4094,0.211048,0.0,"Ga,Co",No, ,clean,Y,Y,Y,,N,,,,,,,,,,,,,,,,,,,,,,HEGPAL_clean,3187.8
HEKTAU_clean,4.87289,4.04271,4.86475,1.11842,1707.65,1526.84,0.0,0.0,0.5666,0.506605,0.0,Cd,Yes,Cd,clean,Y,Y,Y,,N,,,,,,,,,,,,,,,,,,,,,,HEKTAU_clean,1030.3
HELDEJ_SL,5.22361,3.40377,5.22361,1.39671,578.501,414.189,0.0,0.0,0.4356,0.311876,0.0,Zn,Yes,Zn,SL,Y,Y,Y,,N,,,,,,,,,,,,,,,,,,,,,,HELDEJ_SL,1016.2
HELDOT_clean,9.05788,8.40599,9.04804,0.706681,2105.01,2978.73,0.0,0.0,0.7028,0.994508,0.0,Co,Yes,Co,clean,Y,Y,Y,,N,,,,,,,,,,,,,,,,,,,,,,HELDOT_clean,2543.5
HEMTEZ_clean,6.9282,3.87493,6.90819,1.74491,1526.38,874.763,0.0,0.0,0.561,0.321507,0.0,"Mo,Ni",Yes,"Mo,Ni",clean,Y,Y,Y,,N,,,,,,,,,,,,,,,,,,,,,,HEMTEZ_clean,2367.6
HETZOW_clean,5.51262,3.86354,5.23725,1.5527,956.041,615.728,190.025,122.384,0.5024,0.323565,0.0,"Zn,V",Yes,V,clean,Y,Y,Y,,N,,,,,,,,,,,,,,,,,,,,,,HETZOW_clean,594.8
HEWFUL_ion_b,5.58258,4.94247,5.58258,1.66592,467.165,280.425,0.0,0.0,0.3124,0.187524,0.0,"Cu,K",Yes,"Cu,K",ion_b,Y,Y,Y,,N,,,,,,,,,,,,,,,,,,,,,,HEWFUL_ion_b,329.2
HEXVEM_clean,28.43131,15.91754,28.43131,0.251734,1350.35,5364.2,0.0,0.0,0.895,3.55533,0.0,Cu,Yes,Cu,clean,Y,Y,Y,,N,,,,,,,,,,,,,,,,,,,,,,HEXVEM_clean,122.7
HEZPIL01_clean,4.55228,3.8726,4.49338,1.6515,1184.67,717.327,0.0,0.0,0.5308,0.321405,0.0,V,Yes,V,clean,Y,Y,Y,,N,,,,,,,,,,,,,,,,,,,,,,HEZPIL01_clean,724.3
HGCNCO_clean,5.31956,3.48582,5.3054,1.56034,1406.04,901.106,0.0,0.0,0.6028,0.386325,0.0,"Hg,Co",Yes,Co,clean,N,Y,Y,,N,,,,,,,,,,,,,,,,,,,,,,HGCNCO_clean,261.1
HIBGEF_clean,4.68206,3.60956,4.68206,1.41956,703.501,495.576,0.0,0.0,0.4404,0.310237,0.0,Mg,No, ,clean,Y,Y,Y,,N,,,,,,,,,,,,,,,,,,,,,,HIBGEF_clean,511.4
HIBGIJ_clean,4.81263,3.80435,4.77754,1.65937,798.009,480.911,0.0,0.0,0.4498,0.271067,0.0,Mn,No, ,clean,Y,Y,Y,,N,,,,,,,,,,,,,,,,,,,,,,HIBGIJ_clean,388.5
HICVOG_clean,4.78823,4.34338,4.74662,1.25646,1202.69,957.206,0.0,0.0,0.553,0.440126,0.0,Zn,Yes,Zn,clean,Y,Y,Y,,N,,,,,,,,,,,,,,,,,,,,,,HICVOG_clean,2595.4
HICVUM_clean,5.70734,4.18424,5.69729,1.38731,1533.97,1105.72,0.0,0.0,0.5594,0.403228,0.0,Cd,Yes,Cd,clean,Y,Y,Y,,N,,,,,,,,,,,,,,,,,,,,,,HICVUM_clean,2547.9
HICZAW_clean,4.79099,4.0094,4.67667,1.66988,586.788,351.395,42.4437,25.4172,0.4496,0.26924,0.0,Sm,No, ,clean,Y,Y,Y,,N,,,,,,,,,,,,,,,,,,,,,,HICZAW_clean,725.5
HICZEA_clean,4.83695,4.09471,4.83695,1.59649,796.791,499.09,0.0,0.0,0.4516,0.282871,0.0,Pr,No, ,clean,Y,Y,Y,,N,,,,,,,,,,,,,,,,,,,,,,HICZEA_clean,832.8
HIDCUU_clean,4.77714,4.04915,4.77714,1.67198,561.972,336.111,24.6403,14.7372,0.4404,0.2634,0.0,Eu,No, ,clean,Y,Y,Y,,N,,,,,,,,,,,,,,,,,,,,,,HIDCUU_clean,678.0
HIFGEK_clean,6.30554,5.14447,6.30011,1.31758,1695.15,1286.57,0.0,0.0,0.5682,0.431246,0.0,"W,Cu",Yes,Cu,clean,Y,Y,Y,,N,,,,,,,,,,,,,,,,,,,,,,HIFGEK_clean,788.0
HIFGIO_SL,12.5848,12.05657,12.5848,0.73279,1666.47,2274.15,0.0,0.0,0.7016,0.957436,0.0,Zn,No, ,SL,Y,Y,Y,,N,,,,,,,,,,,,,,,,,,,,,,HIFGIO_SL,674.4
HIFTOG01_clean,15.08334,7.94194,15.08334,0.584242,2219.37,3798.71,0.0,0.0,0.8024,1.3734,0.0,Zn,No, ,clean,Y,Y,Y,,N,,,,,,,,,,,,,,,,,,,,,,HIFTOG01_clean,224.2
HIFTOG02_clean,7.88297,4.15104,7.88297,1.15793,1890.02,1632.24,0.0,0.0,0.6168,0.532675,0.0,Zn,No, ,clean,Y,Y,Y,,N,,,,,,,,,,,,,,,,,,,,,,HIFTOG02_clean,967.4
HIFTOG_clean,7.95891,4.14066,7.95891,1.16582,1897.92,1627.97,0.0,0.0,0.6126,0.525468,0.0,Zn,No, ,clean,Y,Y,Y,,N,,,,,,,,,,,,,,,,,,,,,,HIFTOG_clean,997.4
HIFTUM_clean,6.30533,4.49793,6.29978,1.16773,1014.53,868.802,0.0,0.0,0.5164,0.442225,0.0,"Ni,Fe",Yes,Ni,clean,Y,Y,Y,,N,,,,,,,,,,,,,,,,,,,,,,HIFTUM_clean,787.2
HIFVOI_clean,9.00136,6.57223,9.00136,0.85431,2140.93,2506.03,0.0,0.0,0.7094,0.830378,0.0,Zn,No, ,clean,Y,Y,Y,,N,,,,,,,,,,,,,,,,,,,,,,HIFVOI_clean,826.7
HIFWAV_clean,6.82644,4.81311,6.7091,1.14185,1358.99,1190.16,0.0,0.0,0.5914,0.517932,0.0,Zn,No, ,clean,Y,Y,Y,,N,,,,,,,,,,,,,,,,,,,,,,HIFWAV_clean,2481.1
HIGRIA_clean,11.33189,6.86002,11.33189,0.649596,2356.83,3628.15,0.0,0.0,0.774,1.19151,0.0,"Zn,Co",Yes,"Zn,Co",clean,Y,Y,Y,,N,,,,,,,,,,,,,,,,,,,,,,HIGRIA_clean,446.2
HIHFOV_clean,4.86314,3.46095,4.86114,1.09882,730.753,665.036,0.0,0.0,0.4806,0.437379,0.0,Ni,No, ,clean,Y,Y,Y,,N,,,,,,,,,,,,,,,,,,,,,,HIHFOV_clean,950.7
HIHFUB_clean,7.23376,3.90094,7.22167,1.02876,1762.4,1713.12,0.0,0.0,0.6028,0.585946,0.0,"Si,Nd",Yes,Nd,clean,Y,Y,Y,,N,,,,,,,,,,,,,,,,,,,,,,HIHFUB_clean,2776.3
HIHGAI_clean,10.55614,5.67197,10.5437,1.00791,1714.99,1701.54,0.0538795,0.0534569,0.6458,0.640735,0.0,"Eu,Si",Yes,Eu,clean,Y,Y,Y,,N,,,,,,,,,,,,,,,,,,,,,,HIHGAI_clean,1653.3
HIHGEM_manual,9.93245,5.52954,9.93245,1.05018,1644.99,1566.39,0.0,0.0,0.6486,0.617608,0.0,"Si,Er",Yes,Er,manual,Y,Y,Y,,N,,,,,,,,,,,,,,,,,,,,,,HIHGEM_manual,1164.9
HIHGIQ_clean,7.45404,4.653,7.45404,0.903111,1947.01,2155.89,0.0,0.0,0.6178,0.68408,0.0,Co,No, ,clean,Y,Y,Y,,N,,,,,,,,,,,,,,,,,,,,,,HIHGIQ_clean,2272.3
HIHGUC_clean,8.04408,6.54623,8.01999,0.696864,2211.4,3173.36,0.0,0.0,0.7326,1.05128,0.0,Cd,No, ,clean,Y,Y,Y,,N,,,,,,,,,,,,,,,,,,,,,,HIHGUC_clean,1177.6
HIJSOK_clean,4.65728,3.47175,4.65433,1.22153,961.191,786.878,69.3358,56.7617,0.5406,0.442561,0.0,Co,Yes,Co,clean,Y,Y,Y,,N,,,,,,,,,,,,,,,,,,,,,,HIJSOK_clean,1181.2
HILJUJ_clean,4.42922,3.63352,4.42922,1.96256,310.567,158.245,0.0,0.0,0.4212,0.214617,0.0,Ce,Yes,Ce,clean,Y,Y,Y,,N,,,,,,,,,,,,,,,,,,,,,,HILJUJ_clean,675.8
HIMSAY_clean,5.16871,3.64786,5.16485,0.985668,753.397,764.352,500.835,508.117,0.5382,0.546026,0.0,Zn,No, ,clean,Y,Y,Y,,N,,,,,,,,,,,,,,,,,,,,,,HIMSAY_clean,1061.1
HIQNAY_clean,6.18436,4.94333,5.98081,1.31558,928.05,705.433,194.939,148.177,0.529,0.402105,0.0,Zn,Yes,Zn,clean,Y,Y,Y,,N,,,,,,,,,,,,,,,,,,,,,,HIQNAY_clean,1501.2
HIQWOV_clean,6.76103,5.10334,6.76103,1.07696,1941.39,1802.66,0.0,0.0,0.6212,0.57681,0.0,"Cd,Na",No, ,clean,Y,Y,Y,,N,,,,,,,,,,,,,,,,,,,,,,HIQWOV_clean,2795.9
HISGAT_clean,5.66636,4.82954,5.66636,1.37462,738.511,537.249,0.0,0.0,0.318,0.231337,0.0,K,Yes,K,clean,N,Y,Y,,N,,,,,,,,,,,,,,,,,,,,,,HISGAT_clean,2713.0
HISGIB_clean,6.02888,4.81928,6.02888,1.46684,832.757,567.721,0.0,0.0,0.4806,0.327643,0.0,Cs,Yes,Cs,clean,Y,Y,Y,,N,,,,,,,,,,,,,,,,,,,,,,HISGIB_clean,827.4
HISJIE_clean,6.27871,5.58535,6.27871,1.41351,623.69,441.235,0.0,0.0,0.4354,0.308027,0.0,Co,Yes,Co,clean,Y,Y,Y,,N,,,,,,,,,,,,,,,,,,,,,,HISJIE_clean,954.8
HISSIN_clean,6.52902,4.63625,6.52902,1.20846,1900.2,1572.41,0.0,0.0,0.613,0.507257,0.0,Eu,Yes,Eu,clean,Y,Y,Y,,N,,,,,,,,,,,,,,,,,,,,,,HISSIN_clean,4752.1
HIWKEE_clean,5.33619,3.90302,5.22967,1.1804,712.798,603.863,412.05,349.077,0.5362,0.454254,0.0,"Nb,Mn",Yes,Mn,clean,N,Y,Y,,N,,,,,,,,,,,,,,,,,,,,,,HIWKEE_clean,470.1
HIWKII_clean,4.49598,3.52102,4.49598,1.26918,746.378,588.079,0.0,0.0,0.5282,0.416174,0.0,"Nb,Mn",Yes,Mn,clean,Y,Y,Y,,N,,,,,,,,,,,,,,,,,,,,,,HIWKII_clean,264.7
HIWLIK_clean,4.58174,3.69427,4.58174,1.68973,1137.53,673.202,0.0,0.0,0.5902,0.349287,0.0,Zn,Yes,Zn,clean,Y,Y,Y,,N,,,,,,,,,,,,,,,,,,,,,,HIWLIK_clean,791.4
HIWLOQ_clean,5.62306,3.85048,5.61686,1.5787,1548.3,980.742,0.0,0.0,0.6176,0.391207,0.0,Zn,Yes,Zn,clean,Y,Y,Y,,N,,,,,,,,,,,,,,,,,,,,,,HIWLOQ_clean,1010.3
HIWLUW_clean,5.19394,3.96476,5.19394,1.59085,1442.83,906.957,0.0,0.0,0.6148,0.386461,0.0,Zn,No, ,clean,Y,Y,Y,,N,,,,,,,,,,,,,,,,,,,,,,HIWLUW_clean,1801.5
HIYBUN_clean,10.15365,9.81645,10.15365,1.11827,1552.73,1388.51,0.0,0.0,0.6486,0.580004,0.0,Zn,No, ,clean,Y,Y,Y,,N,,,,,,,,,,,,,,,,,,,,,,HIYBUN_clean,1326.7
HIYGIH_clean,17.06952,6.66429,17.06948,0.730619,2158.98,2955.01,0.0,0.0,0.7424,1.01613,0.0,Cu,Yes,Cu,clean,Y,Y,Y,,N,,,,,,,,,,,,,,,,,,,,,,HIYGIH_clean,682.8
HIYYEU_clean,4.58192,3.82938,4.58192,1.15929,890.249,767.928,0.0,0.0,0.475,0.409735,0.0,"Mo,Ni",No, ,clean,Y,Y,Y,,N,,,,,,,,,,,,,,,,,,,,,,HIYYEU_clean,435.0
HIZQEN01_clean,5.09985,3.87591,5.09025,1.50728,1179.77,782.72,0.0,0.0,0.547,0.362907,0.0,Cd,Yes,Cd,clean,N,Y,Y,,N,,,,,,,,,,,,,,,,,,,,,,HIZQEN01_clean,593.9
HIZQEN_clean,5.11247,3.90242,5.06469,1.50181,1156.11,769.817,0.0,0.0,0.5508,0.366759,0.0,Cd,Yes,Cd,clean,N,Y,Y,,N,,,,,,,,,,,,,,,,,,,,,,HIZQEN_clean,659.0
HIZQUD_clean,6.30539,5.26051,6.30539,1.49546,1378.73,921.943,0.0,0.0,0.5664,0.378747,0.0,Cd,Yes,Cd,clean,N,Y,Y,,N,,,,,,,,,,,,,,,,,,,,,,HIZQUD_clean,1661.8
HOBGAH_clean,4.98965,4.17051,4.98965,1.41285,672.875,476.256,0.0,0.0,0.4416,0.312561,0.0,Ni,No, ,clean,Y,Y,Y,,N,,,,,,,,,,,,,,,,,,,,,,HOBGAH_clean,802.0
HOBGEL_clean,4.92633,4.45881,4.92633,1.33002,1110.7,835.1,0.0,0.0,0.469,0.352627,0.0,Ni,No, ,clean,Y,Y,Y,,N,,,,,,,,,,,,,,,,,,,,,,HOBGEL_clean,920.2
HOBGIP_clean,4.56618,4.05009,4.56618,1.4926,751.203,503.284,0.0,0.0,0.4242,0.284201,0.0,Ni,No, ,clean,Y,Y,Y,,N,,,,,,,,,,,,,,,,,,,,,,HOBGIP_clean,1730.3
HOBGOV_clean,4.53296,4.00605,4.52467,1.46371,719.363,491.465,0.0,0.0,0.4314,0.29473,0.0,Ni,No, ,clean,Y,Y,Y,,N,,,,,,,,,,,,,,,,,,,,,,HOBGOV_clean,1870.6
HOCDOU_clean,5.08767,3.82439,5.07588,1.48605,1252.4,842.773,0.0,0.0,0.5402,0.363514,0.0,Mn,Yes,Mn,clean,Y,Y,Y,,N,,,,,,,,,,,,,,,,,,,,,,HOCDOU_clean,289.6
HOFJIX_clean,9.75671,8.56589,9.45457,1.06294,1335.32,1256.25,0.0,0.0,0.5826,0.548103,0.0,"Cu,La",Yes,Cu,clean,Y,Y,Y,,N,,,,,,,,,,,,,,,,,,,,,,HOFJIX_clean,2602.5
HOFSOL_clean,6.47441,4.48765,6.46774,0.782233,2543.82,3252.0,0.0,0.0,0.7104,0.90817,0.0,Cu,No, ,clean,Y,Y,Y,,N,,,,,,,,,,,,,,,,,,,,,,HOFSOL_clean,492.1
HOFSUS_clean,4.7504,3.70252,4.74887,1.26142,1014.67,804.388,0.0,0.0,0.555,0.439981,0.0,Zn,Yes,Zn,clean,N,Y,Y,,N,,,,,,,,,,,,,,,,,,,,,,HOFSUS_clean,859.1
HOGJIX_clean,10.87652,5.94063,10.87549,0.784217,2419.27,3084.95,0.0,0.0,0.7452,0.950247,0.0,Zn,Yes,Zn,clean,Y,Y,Y,,N,,,,,,,,,,,,,,,,,,,,,,HOGJIX_clean,1014.1
HOGJOD_clean,4.75742,3.71555,4.75742,1.43501,995.445,693.686,0.0,0.0,0.5006,0.348848,0.0,Ru,No, ,clean,Y,Y,Y,,N,,,,,,,,,,,,,,,,,,,,,,HOGJOD_clean,3807.6
HOGJUK_clean,4.62158,3.54405,4.62158,1.37822,778.037,564.523,55.153,40.0175,0.5524,0.400807,0.0,"Cr,Mn",No, ,clean,Y,Y,Y,,N,,,,,,,,,,,,,,,,,,,,,,HOGJUK_clean,427.2
HOGLEV01_clean,9.50106,5.60478,9.50106,0.851383,2390.76,2808.08,0.0,0.0,0.7012,0.823601,0.0,Cu,Yes,Cu,clean,Y,Y,Y,,N,,,,,,,,,,,,,,,,,,,,,,HOGLEV01_clean,1015.9
HOGLEV_clean,14.03402,9.0463,14.02308,0.76193,2112.49,2772.55,0.0,0.0,0.7494,0.983555,0.0,Cu,Yes,Cu,clean,Y,Y,Y,,N,,,,,,,,,,,,,,,,,,,,,,HOGLEV_clean,1245.6
HOGSIG_clean,5.41082,3.95109,5.41082,1.19816,1084.16,904.86,0.0,0.0,0.5322,0.444182,0.0,Ni,Yes,Ni,clean,Y,Y,Y,,N,,,,,,,,,,,,,,,,,,,,,,HOGSIG_clean,1122.6
HOGTOM_clean,7.72626,5.11822,7.71236,1.77252,921.698,519.992,0.0,0.0,0.4714,0.265948,0.0,"Pr,Cu",No, ,clean,Y,Y,Y,,N,,,,,,,,,,,,,,,,,,,,,,HOGTOM_clean,431.6
HOHMEX_manual,18.78417,14.89456,18.78417,0.315898,1578.36,4996.42,0.0,0.0,0.8756,2.77178,0.0,Cu,No, ,manual,Y,Y,Y,,N,,,,,,,,,,,,,,,,,,,,,,HOHMEX_manual,1770.9
HOJLID_clean,8.3495,5.13588,8.1646,0.608298,3093.18,5084.98,0.0,0.0,0.7326,1.20434,0.0,Zn,No, ,clean,Y,Y,Y,,N,,,,,,,,,,,,,,,,,,,,,,HOJLID_clean,1242.6
HOJLUP_clean,6.04405,4.68216,6.04405,0.897215,1739.4,1938.66,0.0,0.0,0.5916,0.659373,0.0,Zn,Yes,Zn,clean,Y,Y,Y,,N,,,,,,,,,,,,,,,,,,,,,,HOJLUP_clean,2536.5
HOKGUJ_clean,9.34177,3.71993,9.34177,1.22332,1337.41,1093.26,0.0,0.0,0.5774,0.471995,0.0,Co,Yes,Co,clean,Y,Y,Y,,N,,,,,,,,,,,,,,,,,,,,,,HOKGUJ_clean,399.3
HOKLIE_clean,5.61648,4.05301,5.61199,1.31362,1114.73,848.591,0.0,0.0,0.4902,0.373167,0.0,Zn,Yes,Zn,clean,Y,Y,Y,,N,,,,,,,,,,,,,,,,,,,,,,HOKLIE_clean,5731.3
HOLQIK_clean,12.10808,3.4458,10.16044,0.913109,1657.88,1815.64,0.0,0.0,0.663,0.726091,0.0,Zn,Yes,Zn,clean,Y,Y,Y,,N,,,,,,,,,,,,,,,,,,,,,,HOLQIK_clean,9125.7
HOMRIL_clean,8.32537,4.10495,8.32349,0.82756,1557.76,1882.35,17.9805,21.7271,0.651,0.78665,0.0,Cu,Yes,Cu,clean,Y,Y,Y,,N,,,,,,,,,,,,,,,,,,,,,,HOMRIL_clean,748.4
HOMXIR_manual,23.70226,22.8547,23.70226,0.394433,1769.36,4485.82,0.0,0.0,0.844,2.13978,0.0,Zn,No, ,manual,Y,Y,Y,,N,,,,,,,,,,,,,,,,,,,,,,HOMXIR_manual,411.1
HOMZEP_clean,8.52957,6.78202,7.76045,1.30479,1180.46,904.71,435.839,334.03,0.602,0.461377,0.0,Ga,Yes,Ga,clean,Y,Y,Y,,N,,,,,,,,,,,,,,,,,,,,,,HOMZEP_clean,1662.0
HOQMIL01_clean,5.56977,4.83187,5.56337,1.16042,1122.88,967.652,0.0,0.0,0.4848,0.417781,0.0,Mg,No, ,clean,Y,Y,Y,,N,,,,,,,,,,,,,,,,,,,,,,HOQMIL01_clean,1177.4
HOQMIL02_clean,5.63983,4.88733,5.62365,1.14617,1146.47,1000.26,0.0,0.0,0.486,0.424021,0.0,Mg,No, ,clean,Y,Y,Y,,N,,,,,,,,,,,,,,,,,,,,,,HOQMIL02_clean,1197.0
HOQMIL03_clean,5.60791,4.87769,5.56878,1.15397,1143.32,990.77,0.0,0.0,0.4896,0.424274,0.0,Mg,No, ,clean,Y,Y,Y,,N,,,,,,,,,,,,,,,,,,,,,,HOQMIL03_clean,1204.5
HOQMIL04_clean,5.70711,4.91694,5.69105,1.1407,1134.98,994.985,0.0,0.0,0.4988,0.437277,0.0,Mg,No, ,clean,Y,Y,Y,,N,,,,,,,,,,,,,,,,,,,,,,HOQMIL04_clean,1459.6
HOQMIL_clean,5.74994,5.00317,5.74994,1.13423,1163.97,1026.22,0.0,0.0,0.491,0.432891,0.0,Mg,No, ,clean,Y,Y,Y,,N,,,,,,,,,,,,,,,,,,,,,,HOQMIL_clean,1237.0
HOQMUX_clean,4.86191,4.39042,4.86191,1.23808,888.924,717.986,0.0,0.0,0.4546,0.367182,0.0,Mg,No, ,clean,Y,Y,Y,,N,,,,,,,,,,,,,,,,,,,,,,HOQMUX_clean,962.9
HOQNEI_clean,5.27742,4.83558,5.27742,1.18109,1071.17,906.928,0.0,0.0,0.4762,0.403186,0.0,Mg,No, ,clean,Y,Y,Y,,N,,,,,,,,,,,,,,,,,,,,,,HOQNEI_clean,1126.1
HOVGIK_clean,5.93161,4.23353,5.92922,1.12874,1308.17,1158.97,0.0,0.0,0.541,0.479296,0.0,Cd,No, ,clean,Y,Y,Y,,N,,,,,,,,,,,,,,,,,,,,,,HOVGIK_clean,2160.0
HOVQAM_clean,8.83543,4.89469,8.82746,0.624336,3070.63,4918.23,0.0,0.0,0.7,1.12119,0.0,Co,No, ,clean,Y,Y,Y,,N,,,,,,,,,,,,,,,,,,,,,,HOVQAM_clean,1791.6
HOWJEK_clean,3.99229,3.40619,3.99097,1.96697,432.183,219.72,0.0,0.0,0.4482,0.227863,0.0,Mn,Yes,Mn,clean,Y,Y,Y,,N,,,,,,,,,,,,,,,,,,,,,,HOWJEK_clean,522.9
HOWPEQ_clean,5.50159,4.45937,5.49668,1.2167,2188.23,1798.5,0.0,0.0,0.652,0.535877,0.0,Ag,Yes,Ag,clean,Y,Y,Y,,N,,,,,,,,,,,,,,,,,,,,,,HOWPEQ_clean,801.6
HOWPOZ_clean,7.21513,5.98736,7.21361,1.27988,1504.5,1175.5,0.0,0.0,0.585,0.457073,0.0,Cd,Yes,Cd,clean,Y,Y,Y,,N,,,,,,,,,,,,,,,,,,,,,,HOWPOZ_clean,2197.2
HOWPUF_clean,7.93406,5.48339,7.91016,0.971712,2041.64,2101.08,0.0,0.0,0.6486,0.667482,0.0,Zn,Yes,Zn,clean,Y,Y,Y,,N,,,,,,,,,,,,,,,,,,,,,,HOWPUF_clean,1741.7
HOWQAM_clean,6.8261,5.31039,6.2759,1.01498,2208.17,2175.58,0.0,0.0,0.6538,0.644149,0.0,Cd,Yes,Cd,clean,Y,Y,Y,,N,,,,,,,,,,,,,,,,,,,,,,HOWQAM_clean,3347.4
HOWQEQ_clean,5.03956,3.43426,5.01641,1.51423,609.631,402.601,6.8807,4.54403,0.48,0.316993,0.0,Cd,Yes,Cd,clean,N,Y,Y,,N,,,,,,,,,,,,,,,,,,,,,,HOWQEQ_clean,1332.1
HOWSAP_clean,6.71751,4.61596,6.71751,1.15559,1670.87,1445.9,0.0,0.0,0.5844,0.505717,0.0,Cu,Yes,Cu,clean,Y,Y,Y,,N,,,,,,,,,,,,,,,,,,,,,,HOWSAP_clean,1962.7
HOWSET_clean,7.27272,4.03268,6.91947,1.23503,1647.39,1333.89,0.0,0.0,0.572,0.463147,0.0,Cu,Yes,Cu,clean,Y,Y,Y,,N,,,,,,,,,,,,,,,,,,,,,,HOWSET_clean,7385.5
HOWSIX_clean,7.29706,4.00765,6.07294,1.2292,1638.5,1332.99,0.0,0.0,0.575,0.467785,0.0,Cu,Yes,Cu,clean,Y,Y,Y,,N,,,,,,,,,,,,,,,,,,,,,,HOWSIX_clean,6729.0
HOXGEH_clean,7.22422,5.56347,7.22422,1.76045,532.184,302.3,0.0,0.0,0.428,0.24312,0.0,Sn,Yes,Sn,clean,Y,Y,Y,,N,,,,,,,,,,,,,,,,,,,,,,HOXGEH_clean,490.2
HOXKIP_clean,5.63987,3.43131,5.63987,1.70238,1080.26,634.558,0.0,0.0,0.5028,0.295352,0.0,Eu,Yes,Eu,clean,N,Y,Y,,N,,,,,,,,,,,,,,,,,,,,,,HOXKIP_clean,962.4
HOXKUB_clean,6.32021,4.20706,6.31633,1.716,1292.29,753.082,0.0,0.0,0.5408,0.315151,0.0,Yb,Yes,Yb,clean,N,Y,Y,,N,,,,,,,,,,,,,,,,,,,,,,HOXKUB_clean,1201.9
HOXSUK_clean,6.8634,6.5073,6.8549,1.07828,1271.94,1179.6,0.0,0.0,0.553,0.512854,0.0,Ni,Yes,Ni,clean,Y,Y,Y,,N,,,,,,,,,,,,,,,,,,,,,,HOXSUK_clean,2004.1
HOYREU_clean,6.42466,5.8923,6.42466,1.33156,1407.54,1057.05,0.0,0.0,0.5312,0.398929,0.0,"Ba,Li",Yes,Li,clean,N,Y,Y,,N,,,,,,,,,,,,,,,,,,,,,,HOYREU_clean,410.2
HOYRIY_clean,6.33252,5.73011,6.33252,1.22757,1418.96,1155.91,0.0,0.0,0.5282,0.430281,0.0,"Sr,Li",Yes,Li,clean,N,Y,Y,,N,,,,,,,,,,,,,,,,,,,,,,HOYRIY_clean,448.8
HOYROE_clean,6.155,5.22739,6.12328,1.60811,1166.91,725.638,0.0,0.0,0.4436,0.275852,0.0,"Ba,Li",Yes,"Ba,Li",clean,Y,Y,Y,,N,,,,,,,,,,,,,,,,,,,,,,HOYROE_clean,671.2
HOYTUL_clean,5.4823,3.49814,5.47353,1.38751,591.329,426.179,114.439,82.4776,0.4482,0.323024,0.0,"Yb,Na",Yes,Na,clean,N,Y,Y,,N,,,,,,,,,,,,,,,,,,,,,,HOYTUL_clean,806.7
HOZBUV_clean,7.91812,7.59324,7.91812,1.47122,1126.87,765.945,0.0,0.0,0.5294,0.359837,0.0,Cd,Yes,Cd,clean,Y,Y,Y,,N,,,,,,,,,,,,,,,,,,,,,,HOZBUV_clean,437.9
HOZFEJ_clean,8.96888,8.2985,8.96888,1.10337,952.541,863.301,0.0,0.0,0.4856,0.440106,0.0,Li,No, ,clean,Y,Y,Y,,N,,,,,,,,,,,,,,,,,,,,,,HOZFEJ_clean,389.1
HOZTOG_clean,8.69843,6.41352,8.68476,1.38534,1756.27,1267.75,0.0,0.0,0.642,0.463424,0.0,"W,Cu",No, ,clean,Y,Y,Y,,N,,,,,,,,,,,,,,,,,,,,,,HOZTOG_clean,3777.1
HOZXEB_clean,5.47734,4.35167,5.29891,2.01178,1095.39,544.49,0.870043,0.432475,0.5328,0.264841,0.0,Cd,Yes,Cd,clean,Y,Y,Y,,N,,,,,,,,,,,,,,,,,,,,,,HOZXEB_clean,1553.2
HUCBEN_manual,5.37435,4.22886,5.37435,1.12816,1186.89,1052.06,0.0,0.0,0.5522,0.48947,0.0,In,No, ,manual,Y,Y,Y,,N,,,,,,,,,,,,,,,,,,,,,,HUCBEN_manual,910.8
HUCWOT_clean,6.74016,3.64875,6.72751,1.24419,1425.52,1145.74,0.0,0.0,0.5586,0.448968,0.0,Sm,No, ,clean,N,Y,Y,,N,,,,,,,,,,,,,,,,,,,,,,HUCWOT_clean,1271.2
HUCWUZ_clean,6.73347,3.6531,6.72302,1.2549,1424.07,1134.81,0.0,0.0,0.5568,0.443702,0.0,Eu,No, ,clean,N,Y,Y,,N,,,,,,,,,,,,,,,,,,,,,,HUCWUZ_clean,1313.7
HUCXAG_clean,6.73203,3.67524,6.71149,1.26793,1413.13,1114.52,0.0,0.0,0.5564,0.438826,0.0,Gd,No, ,clean,N,Y,Y,,N,,,,,,,,,,,,,,,,,,,,,,HUCXAG_clean,1335.1
HUCXEK_clean,6.73085,3.71981,6.7271,1.26713,1437.51,1134.46,0.0,0.0,0.5568,0.439419,0.0,Tb,No, ,clean,N,Y,Y,,N,,,,,,,,,,,,,,,,,,,,,,HUCXEK_clean,1311.2
HUCXIO_clean,6.71014,3.72796,6.70426,1.27761,1431.04,1120.09,0.0,0.0,0.554,0.433623,0.0,Dy,No, ,clean,N,Y,Y,,N,,,,,,,,,,,,,,,,,,,,,,HUCXIO_clean,1295.8
HUCXOU_clean,6.73345,3.74488,6.72117,1.28647,1439.37,1118.85,0.0,0.0,0.5556,0.43188,0.0,Ho,No, ,clean,N,Y,Y,,N,,,,,,,,,,,,,,,,,,,,,,HUCXOU_clean,1336.9
HUCXUA_clean,6.72319,3.76747,6.7027,1.29306,1441.14,1114.52,0.0,0.0,0.5554,0.429523,0.0,Er,No, ,clean,N,Y,Y,,N,,,,,,,,,,,,,,,,,,,,,,HUCXUA_clean,1335.5
HUDMAW_clean,5.85435,3.49017,5.85435,1.41425,459.28,324.752,4.50371,3.18452,0.4168,0.294714,0.0,"Na,Co",No, ,clean,Y,Y,Y,,N,,,,,,,,,,,,,,,,,,,,,,HUDMAW_clean,703.5
HUDWUA_clean,5.86312,3.92573,5.85006,1.18848,1521.84,1280.49,0.0,0.0,0.5574,0.469003,0.0,Cu,Yes,Cu,clean,Y,Y,Y,,N,,,,,,,,,,,,,,,,,,,,,,HUDWUA_clean,1700.1
HUFHEX_clean,11.02675,7.87011,11.02675,0.803859,2205.78,2743.99,0.0,0.0,0.7232,0.89966,0.0,Ag,Yes,Ag,clean,Y,Y,Y,,N,,,,,,,,,,,,,,,,,,,,,,HUFHEX_clean,493.9
HUFHIB_clean,9.90019,7.46213,9.90004,0.9042,1987.19,2197.73,0.0,0.0,0.6998,0.773944,0.0,Ag,Yes,Ag,clean,Y,Y,Y,,N,,,,,,,,,,,,,,,,,,,,,,HUFHIB_clean,1031.3
HUFHOH_clean,11.37997,7.84586,11.37913,0.791329,2050.25,2590.9,0.0,0.0,0.7294,0.921741,0.0,Ag,Yes,Ag,clean,Y,Y,Y,,N,,,,,,,,,,,,,,,,,,,,,,HUFHOH_clean,470.0
HUFHUN_clean,11.46361,8.17134,11.46361,0.780594,2181.16,2794.23,0.0,0.0,0.7478,0.957988,0.0,Ag,Yes,Ag,clean,Y,Y,Y,,N,,,,,,,,,,,,,,,,,,,,,,HUFHUN_clean,478.2
HUFJAV_clean,10.82518,7.21362,10.82516,0.846584,2017.74,2383.39,0.0,0.0,0.7126,0.841735,0.0,Ag,Yes,Ag,clean,Y,Y,Y,,N,,,,,,,,,,,,,,,,,,,,,,HUFJAV_clean,458.7
HUFJEZ_clean,8.97021,6.86873,8.96999,1.02124,1801.67,1764.2,0.0,0.0,0.6662,0.652342,0.0,Ag,Yes,Ag,clean,Y,Y,Y,,N,,,,,,,,,,,,,,,,,,,,,,HUFJEZ_clean,1000.2
HUFKUQ_clean,12.94916,9.87431,12.94916,0.591794,2246.92,3796.8,0.0,0.0,0.7696,1.30045,0.0,Cd,Yes,Cd,clean,Y,Y,Y,,N,,,,,,,,,,,,,,,,,,,,,,HUFKUQ_clean,1301.3
HUFLUR_clean,4.58854,4.14721,4.58854,1.14854,1287.04,1120.59,0.0,0.0,0.5678,0.494365,0.0,Ca,Yes,Ca,clean,Y,Y,Y,,N,,,,,,,,,,,,,,,,,,,,,,HUFLUR_clean,220.7
HUFMUS_clean,4.79853,3.61328,4.79853,1.52895,747.86,489.132,0.0,0.0,0.4994,0.326629,0.0,Sr,Yes,Sr,clean,Y,Y,Y,,N,,,,,,,,,,,,,,,,,,,,,,HUFMUS_clean,155.9
HUFYIS_clean,4.3139,3.55368,4.30056,2.21162,511.056,231.077,0.0,0.0,0.5152,0.232951,0.0,U,Yes,U,clean,Y,Y,Y,,N,,,,,,,,,,,,,,,,,,,,,,HUFYIS_clean,967.0
HUHBET_clean,5.15548,4.03539,5.14476,1.3667,952.931,697.251,1.82887,1.33817,0.456,0.333651,0.0,"Na,Mn",Yes,Na,clean,Y,Y,Y,,N,,,,,,,,,,,,,,,,,,,,,,HUHBET_clean,2681.8
HUHNIJ_clean,6.23729,5.3405,6.23046,1.03071,1170.03,1135.17,0.0,0.0,0.5464,0.530122,0.0,"Cd,Ti",Yes,"Cd,Ti",clean,Y,Y,Y,,N,,,,,,,,,,,,,,,,,,,,,,HUHNIJ_clean,5787.7
HUJGEA_clean,12.53944,4.7914,12.4029,0.822662,2143.27,2605.28,0.0,0.0,0.7056,0.857703,0.0,Cu,Yes,Cu,clean,Y,Y,Y,,N,,,,,,,,,,,,,,,,,,,,,,HUJGEA_clean,676.6
HUJVOX_clean,5.27825,3.53087,5.19969,0.862596,1941.73,2251.03,0.0,0.0,0.6554,0.7598,0.0,Cu,Yes,Cu,clean,Y,Y,Y,,N,,,,,,,,,,,,,,,,,,,,,,HUJVOX_clean,736.3
HULCOI_clean,19.48655,7.36184,19.24065,0.593799,2227.14,3750.66,0.0,0.0,0.7806,1.31459,0.0,Cu,Yes,Cu,clean,Y,Y,Y,,N,,,,,,,,,,,,,,,,,,,,,,HULCOI_clean,1247.3
HULRIR_clean,9.43814,4.59805,9.43814,1.24517,1642.64,1319.2,2.40063,1.92795,0.6318,0.5074,0.0,Cd,Yes,Cd,clean,Y,Y,Y,,N,,,,,,,,,,,,,,,,,,,,,,HULRIR_clean,3202.9
HULTEN_clean,5.18269,3.6406,5.1729,1.69201,1269.56,750.33,0.0,0.0,0.571,0.337469,0.0,Zn,No, ,clean,Y,Y,Y,,N,,,,,,,,,,,,,,,,,,,,,,HULTEN_clean,1462.3
HULTEP_clean,7.49376,5.16023,7.49376,0.72122,2310.7,3203.88,0.0,0.0,0.6912,0.958376,0.0,Co,No, ,clean,Y,Y,Y,,N,,,,,,,,,,,,,,,,,,,,,,HULTEP_clean,4069.6
HUMWIX_clean,14.98566,9.18322,14.98566,0.727734,1500.13,2061.37,168.676,231.782,0.6626,0.910497,0.0,"Cu,Mn",Yes,"Cu,Mn",clean,Y,Y,Y,,N,,,,,,,,,,,,,,,,,,,,,,HUMWIX_clean,3591.0
HUPQIU_clean,11.12952,5.24741,11.12952,1.02735,1615.52,1572.51,0.0,0.0,0.5816,0.566115,0.0,Zn,Yes,Zn,clean,Y,Y,Y,,N,,,,,,,,,,,,,,,,,,,,,,HUPQIU_clean,3345.2
HUQGOR_clean,10.27351,7.23414,10.27351,0.702938,1802.86,2564.75,0.0,0.0,0.6908,0.982733,0.0,Zn,Yes,Zn,clean,Y,Y,Y,,N,,,,,,,,,,,,,,,,,,,,,,HUQGOR_clean,1459.1
HUQGUX_clean,10.2361,7.27261,10.14502,0.69251,1823.51,2633.19,0.0,0.0,0.6952,1.00388,0.0,Cu,Yes,Cu,clean,Y,Y,Y,,N,,,,,,,,,,,,,,,,,,,,,,HUQGUX_clean,1349.4
HUQHAE_clean,10.11008,7.63969,10.07674,0.70182,1853.59,2641.12,0.0,0.0,0.6866,0.978314,0.0,Zn,Yes,Zn,clean,Y,Y,Y,,N,,,,,,,,,,,,,,,,,,,,,,HUQHAE_clean,1502.0
HUQHEI_clean,10.39855,7.33583,10.39855,0.70723,1815.66,2567.28,0.0,0.0,0.6916,0.9779,0.0,Zn,Yes,Zn,clean,Y,Y,Y,,N,,,,,,,,,,,,,,,,,,,,,,HUQHEI_clean,1388.3
HUQHIM_clean,10.2269,8.71112,10.19864,0.711062,1763.31,2479.82,0.0,0.0,0.6842,0.962223,0.0,Zn,Yes,Zn,clean,Y,Y,Y,,N,,,,,,,,,,,,,,,,,,,,,,HUQHIM_clean,1816.4
HUQHOS_clean,9.73841,7.14116,9.73841,0.752041,1815.26,2413.78,0.0,0.0,0.677,0.900216,0.0,Zn,Yes,Zn,clean,Y,Y,Y,,N,,,,,,,,,,,,,,,,,,,,,,HUQHOS_clean,1386.0
HUQHUY_clean,12.11698,9.08074,12.11414,0.619951,1818.86,2933.88,0.0,0.0,0.7208,1.16267,0.0,Zn,Yes,Zn,clean,Y,Y,Y,,N,,,,,,,,,,,,,,,,,,,,,,HUQHUY_clean,3001.2
HURFEH_clean,7.40163,5.27423,7.39913,1.02718,1852.44,1803.42,0.0,0.0,0.6308,0.61411,0.0,Zn,Yes,Zn,clean,Y,Y,Y,,N,,,,,,,,,,,,,,,,,,,,,,HURFEH_clean,2033.0
HURFUX_clean,6.75247,5.05596,6.75247,1.0343,1910.3,1846.94,0.0,0.0,0.6324,0.611426,0.0,Zn,Yes,Zn,clean,Y,Y,Y,,N,,,,,,,,,,,,,,,,,,,,,,HURFUX_clean,2337.4
HURGAE_clean,5.60961,3.61361,5.60331,1.138,1484.11,1304.14,0.0,0.0,0.5708,0.501583,0.0,Zn,Yes,Zn,clean,Y,Y,Y,,N,,,,,,,,,,,,,,,,,,,,,,HURGAE_clean,3003.0
HURGEH_clean,7.76009,5.17265,7.74555,1.0195,2020.5,1981.85,0.0,0.0,0.6252,0.613242,0.0,Co,Yes,Co,clean,Y,Y,Y,,N,,,,,,,,,,,,,,,,,,,,,,HURGEH_clean,830.4
HURGUX01_clean,4.95927,3.84058,4.95343,1.32588,650.018,490.253,0.0,0.0,0.4448,0.335474,0.0,Ni,Yes,Ni,clean,N,Y,Y,,N,,,,,,,,,,,,,,,,,,,,,,HURGUX01_clean,1164.4
HURGUX_clean,4.97475,3.84254,4.97057,1.32525,657.853,496.398,0.0,0.0,0.4546,0.343029,0.0,Ni,Yes,Ni,clean,N,Y,Y,,N,,,,,,,,,,,,,,,,,,,,,,HURGUX_clean,1165.8
HUVHOX_clean,5.48842,3.66587,5.4468,1.48531,1066.45,718.001,0.0,0.0,0.5288,0.356021,0.0,Zn,Yes,Zn,clean,Y,Y,Y,,N,,,,,,,,,,,,,,,,,,,,,,HUVHOX_clean,1299.9
HUWDEJ_clean,4.9355,3.41269,4.9355,1.26902,576.242,454.085,0.0,0.0,0.4542,0.357915,0.0,Ag,No, ,clean,Y,Y,Y,,N,,,,,,,,,,,,,,,,,,,,,,HUWDEJ_clean,617.8
HUWHOY_clean,6.08119,4.05672,5.74775,0.950744,2154.5,2266.13,0.0,0.0,0.64,0.673157,0.0,Cd,Yes,Cd,clean,Y,Y,Y,,N,,,,,,,,,,,,,,,,,,,,,,HUWHOY_clean,863.8
HUWLUI_clean,8.75473,4.69687,8.74085,1.19037,1892.69,1590.0,0.0,0.0,0.6324,0.531265,0.0,Th,No, ,clean,Y,Y,Y,,N,,,,,,,,,,,,,,,,,,,,,,HUWLUI_clean,1086.2
HUWPIA_clean,6.29862,4.63989,6.29862,1.01225,1229.62,1214.75,0.0,0.0,0.5338,0.527343,0.0,Al,No, ,clean,Y,Y,Y,,N,,,,,,,,,,,,,,,,,,,,,,HUWPIA_clean,1330.6
HUWSUN_clean,6.32885,4.07784,6.32149,0.837909,1976.96,2359.4,0.0,0.0,0.6126,0.731105,0.0,Co,No, ,clean,Y,Y,Y,,N,,,,,,,,,,,,,,,,,,,,,,HUWSUN_clean,1993.5
HUXWAY_clean,8.32795,7.15006,8.32795,1.52785,1060.51,694.117,0.0,0.0,0.5724,0.374644,0.0,"Cu,Tb",Yes,Cu,clean,Y,Y,Y,,N,,,,,,,,,,,,,,,,,,,,,,HUXWAY_clean,256.6
HUYJOA_clean,6.60468,3.67142,6.60468,0.952542,1431.54,1502.86,0.0,0.0,0.5926,0.622125,0.0,Ni,Yes,Ni,clean,N,Y,Y,,N,,,,,,,,,,,,,,,,,,,,,,HUYJOA_clean,614.8
HUYJUG_clean,9.25957,5.86045,9.25957,0.936428,1023.97,1093.48,181.933,194.284,0.5896,0.629627,0.0,Ni,Yes,Ni,clean,N,Y,Y,,N,,,,,,,,,,,,,,,,,,,,,,HUYJUG_clean,2026.1
HUYKAN_clean,9.77773,6.64666,9.77773,0.912205,1093.16,1198.37,132.875,145.663,0.5876,0.644153,0.0,Ni,Yes,Ni,clean,N,Y,Y,,N,,,,,,,,,,,,,,,,,,,,,,HUYKAN_clean,1954.7
HUYKER_clean,10.78123,7.93542,10.78123,0.823199,1422.11,1727.54,11.597,14.0878,0.6292,0.764335,0.0,Ni,No, ,clean,Y,Y,Y,,N,,,,,,,,,,,,,,,,,,,,,,HUYKER_clean,570.3
HUYKIV_clean,13.89985,13.68041,13.89985,0.580343,1228.9,2117.55,17.6299,30.3783,0.7586,1.30716,0.0,Ni,Yes,Ni,clean,Y,Y,Y,,N,,,,,,,,,,,,,,,,,,,,,,HUYKIV_clean,151.4
HUYKOB_clean,12.11737,9.13356,12.10852,0.81232,1278.02,1573.3,19.6901,24.2393,0.6314,0.77728,0.0,Ni,No, ,clean,Y,Y,Y,,N,,,,,,,,,,,,,,,,,,,,,,HUYKOB_clean,456.6
HUYKUH_clean,11.74767,8.70516,11.74078,0.798853,1389.42,1739.27,15.3936,19.2696,0.6548,0.819675,0.0,Ni,No, ,clean,Y,Y,Y,,N,,,,,,,,,,,,,,,,,,,,,,HUYKUH_clean,2172.0
HUZFEO_clean,5.36799,3.75589,5.36799,1.02114,1113.68,1090.63,0.0,0.0,0.58,0.567992,0.0,Cd,No, ,clean,Y,Y,Y,,N,,,,,,,,,,,,,,,,,,,,,,HUZFEO_clean,2639.0
HUZSOL_clean,9.96894,8.00393,9.95333,0.905605,1288.39,1422.68,0.0,0.0,0.602,0.664749,0.0,"Na,Zn",Yes,"Na,Zn",clean,Y,Y,Y,,N,,,,,,,,,,,,,,,,,,,,,,HUZSOL_clean,2131.4
HUZSUR_clean,9.15011,7.4108,9.12328,0.889985,1539.75,1730.09,0.0,0.0,0.5804,0.652146,0.0,"Zn,K",Yes,"Zn,K",clean,Y,Y,Y,,N,,,,,,,,,,,,,,,,,,,,,,HUZSUR_clean,611.0
HUZXAD_clean,11.46912,7.77199,11.4651,0.64457,2049.85,3180.18,0.0,0.0,0.7146,1.10865,0.0,Zn,Yes,Zn,clean,Y,Y,Y,,N,,,,,,,,,,,,,,,,,,,,,,HUZXAD_clean,2752.8
HUZXEH_clean,10.51647,6.32242,10.51647,0.652816,2155.36,3301.64,0.0,0.0,0.7166,1.09771,0.0,Zn,No, ,clean,Y,Y,Y,,N,,,,,,,,,,,,,,,,,,,,,,HUZXEH_clean,3193.6
HUZXIL_clean,10.514,7.06946,10.514,0.669354,2073.02,3097.05,0.0,0.0,0.7026,1.04967,0.0,Zn,Yes,Zn,clean,Y,Y,Y,,N,,,,,,,,,,,,,,,,,,,,,,HUZXIL_clean,3494.8
HUZXOR_clean,11.426,7.94889,11.41586,0.669497,1905.96,2846.85,0.0,0.0,0.7086,1.05841,0.0,Zn,Yes,Zn,clean,Y,Y,Y,,N,,,,,,,,,,,,,,,,,,,,,,HUZXOR_clean,3490.3
HUZXUX_clean,9.29118,6.23555,9.29118,0.722566,1940.52,2685.59,0.0,0.0,0.6812,0.942751,0.0,Zn,Yes,Zn,clean,Y,Y,Y,,N,,,,,,,,,,,,,,,,,,,,,,HUZXUX_clean,4052.4
HUZYAE_clean,9.33073,8.38879,9.32654,0.70416,2028.32,2880.48,0.0,0.0,0.6852,0.973074,0.0,Zn,No, ,clean,Y,Y,Y,,N,,,,,,,,,,,,,,,,,,,,,,HUZYAE_clean,4280.4
IBABOF01_clean,5.88201,4.55805,5.8327,1.10239,1625.66,1474.66,0.0,0.0,0.5558,0.504176,0.0,Co,No, ,clean,Y,Y,Y,,N,,,,,,,,,,,,,,,,,,,,,,IBABOF01_clean,1917.0
IBABOF_clean,5.93645,4.5492,5.93645,1.10165,1649.71,1497.5,0.0,0.0,0.558,0.506515,0.0,Co,No, ,clean,Y,Y,Y,,N,,,,,,,,,,,,,,,,,,,,,,IBABOF_clean,1889.6
IBABUL_clean,6.15206,4.47904,5.79334,1.09763,1721.78,1568.64,0.0,0.0,0.559,0.50928,0.0,Co,No, ,clean,Y,Y,Y,,N,,,,,,,,,,,,,,,,,,,,,,IBABUL_clean,1970.7
IBACAS_clean,6.00206,4.65234,5.82846,1.09941,1650.0,1500.81,0.0,0.0,0.5576,0.507182,0.0,Co,No, ,clean,Y,Y,Y,,N,,,,,,,,,,,,,,,,,,,,,,IBACAS_clean,2031.9
IBARUA_clean,7.1268,5.0269,7.1268,1.98004,834.649,421.532,0.0,0.0,0.4306,0.217471,0.0,"Cu,Er",No, ,clean,Y,Y,Y,,N,,,,,,,,,,,,,,,,,,,,,,IBARUA_clean,906.1
IBASAH_clean,7.16916,5.08713,7.16916,1.9547,862.063,441.02,0.0,0.0,0.4422,0.226224,0.0,"Ho,Cu",No, ,clean,Y,Y,Y,,N,,,,,,,,,,,,,,,,,,,,,,IBASAH_clean,896.3
IBASEL_clean,7.42906,5.13218,7.42906,1.77226,891.565,503.068,0.0,0.0,0.4602,0.259669,0.0,"Cu,La",No, ,clean,Y,Y,Y,,N,,,,,,,,,,,,,,,,,,,,,,IBASEL_clean,947.6
IBASOV_clean,7.32486,5.10994,7.32486,1.82355,868.952,476.517,0.0,0.0,0.451,0.24732,0.0,"Cu,Nd",No, ,clean,Y,Y,Y,,N,,,,,,,,,,,,,,,,,,,,,,IBASOV_clean,938.2
IBASUB_clean,7.25865,5.07987,7.25865,1.86882,874.187,467.775,0.0,0.0,0.4444,0.237797,0.0,"Cu,Sm",No, ,clean,Y,Y,Y,,N,,,,,,,,,,,,,,,,,,,,,,IBASUB_clean,919.3
IBATEM_clean,7.23101,5.08834,7.23101,1.90327,884.824,464.897,0.0,0.0,0.4492,0.236015,0.0,"Cu,Gd",No, ,clean,Y,Y,Y,,N,,,,,,,,,,,,,,,,,,,,,,IBATEM_clean,914.0
IBEYOE_clean,6.06432,4.11134,6.06432,2.34842,1354.27,576.674,0.0,0.0,0.5366,0.228494,0.0,"Mo,Cd",Yes,"Mo,Cd",clean,N,Y,Y,,N,,,,,,,,,,,,,,,,,,,,,,IBEYOE_clean,737.9
IBICAZ_clean,9.97802,9.8426,9.97802,1.0723,1065.95,994.074,0.0,0.0,0.5548,0.517392,0.0,Zn,No, ,clean,Y,Y,Y,,N,,,,,,,,,,,,,,,,,,,,,,IBICAZ_clean,391.4
IBICED_clean,10.07018,9.94208,10.07018,1.22593,1035.72,844.843,0.0,0.0,0.5562,0.453697,0.0,Zn,No, ,clean,Y,Y,Y,,N,,,,,,,,,,,,,,,,,,,,,,IBICED_clean,402.6
IBICIH_clean,9.99905,9.84285,9.99905,1.06849,1087.54,1017.83,0.0,0.0,0.5632,0.527098,0.0,Zn,No, ,clean,Y,Y,Y,,N,,,,,,,,,,,,,,,,,,,,,,IBICIH_clean,396.5
IBICON_clean,10.09823,9.93982,10.09823,1.22363,1026.52,838.914,0.0,0.0,0.5488,0.448503,0.0,Zn,No, ,clean,Y,Y,Y,,N,,,,,,,,,,,,,,,,,,,,,,IBICON_clean,401.3
IBIRES_clean,6.08051,3.77232,6.05891,1.56855,1166.99,743.994,0.0,0.0,0.5416,0.345287,0.0,"W,Cu",Yes,"W,Cu",clean,Y,Y,Y,,N,,,,,,,,,,,,,,,,,,,,,,IBIRES_clean,2051.9
IBITUK_clean,5.114,4.10664,5.114,1.17728,905.001,768.724,0.0,0.0,0.527,0.447643,0.0,Cu,Yes,Cu,clean,Y,Y,Y,,N,,,,,,,,,,,,,,,,,,,,,,IBITUK_clean,1394.8
IBIYOI_ion_b,5.57969,4.82285,5.52558,1.97565,709.524,359.134,0.0,0.0,0.437,0.221193,0.0,"W,Cu",Yes,W,ion_b,Y,Y,Y,,N,,,,,,,,,,,,,,,,,,,,,,IBIYOI_ion_b,2196.1
IBOTEY_clean,8.07557,7.19713,7.70521,0.981503,1333.18,1358.3,51.1851,52.1497,0.584,0.595006,0.0,La,No, ,clean,Y,Y,Y,,N,,,,,,,,,,,,,,,,,,,,,,IBOTEY_clean,10796.4
IBOTIC_clean,6.31717,4.2524,6.31717,0.893807,2347.07,2625.93,0.0,0.0,0.6358,0.711339,0.0,La,No, ,clean,Y,Y,Y,,N,,,,,,,,,,,,,,,,,,,,,,IBOTIC_clean,2446.5
IBOTOI_clean,9.5634,6.50142,9.5634,0.680526,2284.07,3356.33,0.0,0.0,0.7158,1.05183,0.0,La,No, ,clean,Y,Y,Y,,N,,,,,,,,,,,,,,,,,,,,,,IBOTOI_clean,658.2
IBOZIK_clean,6.1387,4.49344,6.1387,0.940059,2165.41,2303.48,0.0,0.0,0.6574,0.699317,0.0,Cu,Yes,Cu,clean,Y,Y,Y,,N,,,,,,,,,,,,,,,,,,,,,,IBOZIK_clean,723.2
IBUBAL_clean,8.56175,6.50064,8.56175,1.3766,1598.36,1161.09,0.0,0.0,0.5934,0.431061,0.0,Cd,Yes,Cd,clean,Y,Y,Y,,N,,,,,,,,,,,,,,,,,,,,,,IBUBAL_clean,856.3
IBUBIT_clean,11.26336,10.79912,11.26336,0.878987,1904.31,2166.48,0.0,0.0,0.7036,0.800467,0.0,Zn,Yes,Zn,clean,Y,Y,Y,,N,,,,,,,,,,,,,,,,,,,,,,IBUBIT_clean,575.9
IBUDOZ_clean,5.08668,4.25333,5.08214,1.48919,879.713,590.733,0.0,0.0,0.5098,0.342334,0.0,Cu,Yes,Cu,clean,Y,Y,Y,,N,,,,,,,,,,,,,,,,,,,,,,IBUDOZ_clean,485.2
IBUYAH_clean,4.28353,4.03476,4.28353,1.49492,252.024,168.587,0.0,0.0,0.3994,0.267172,0.0,Zn,Yes,Zn,clean,Y,Y,Y,,N,,,,,,,,,,,,,,,,,,,,,,IBUYAH_clean,862.8
ic025743v_s1_clean,5.43084,3.59671,5.41371,0.985749,2031.66,2061.03,0.0,0.0,0.67,0.679686,0.0,Cu,Yes,Cu,clean,Y,N,Y,,N,,Y,28/10/2002,10.1021/ic025743v,"1 SI, 4 Structure",UGUTOF,UGUTOF,UGUTUL,UGUVAT,UGUVEX,,,,,,,,,,,,ic025743v_s1_clean,353.7
ic034943jsi20030807_040506_clean,5.2265,4.77382,5.2265,1.35803,835.979,615.584,0.0,0.0,0.4602,0.338874,0.0,Cu,Yes,Cu,clean,Y,N,Y,,Y,IVEGEV,Y,20/08/2001,10.1021/ic034943j,"1 SI, 1 Structure",IVEGEV,,,,,,,,,,,,,,,,ic034943jsi20030807_040506_clean,2868.0
ic050064gsi20050115_040515_clean,7.09944,5.34059,6.92965,0.893388,2231.12,2497.37,0.0,0.0,0.6764,0.757118,0.0,Fe,Yes,Fe,clean,Y,N,Y,,Y,DANWOF,Y,08/11/2004,10.1021/ic050064g,"1 SI, 2 Structure",DANWOF,DANWOF,DANWUL,,,,,,,,,,,,,,ic050064gsi20050115_040515_clean,1057.2
ic051810ksi20060220_094504_clean,6.9462,5.87305,6.9462,1.26346,2180.21,1725.6,0.0,0.0,0.6444,0.51003,0.0,Cd,Yes,Cd,clean,Y,N,Y,,Y,CEHKUW,Y,18/10/2004,10.1021/ic051810k,"1 SI, 1 Structure",CEHKUW,,,,,,,,,,,,,,,,ic051810ksi20060220_094504_clean,1467.9
ic0520162si20051122_054836_clean,6.8306,5.22442,6.80585,1.96079,794.081,404.98,10.1093,5.15573,0.4932,0.251531,0.0,Cd,Yes,Cd,clean,Y,N,Y,,Y,VEMHIF,Y,19/08/2005,10.1021/ic0520162,"1 SI, 1 Structure",VEMHIF,,,,,,,,,,,,,,,,ic0520162si20051122_054836_clean,3136.8
ic060030osi20060309_091447_clean,7.66338,4.13517,7.08387,1.45852,1622.05,1112.12,0.0,0.0,0.6038,0.41398,0.0,Cu,Yes,Cu,clean,Y,N,Y,,Y,YEMGED,Y,31/08/2005,10.1021/ic060030o,"1 SI, 1 Structure",YEMGED,,,,,,,,,,,,,,,,ic060030osi20060309_091447_clean,648.2
ic060608urom20060410_101638_clean,4.58785,3.57723,4.32835,1.52818,688.664,450.644,0.0,0.0,0.5224,0.341845,0.0,Zn,No, ,clean,Y,N,Y,,Y,NELTUU,Y,28/02/2006,10.1021/ic060608u,"1 SI, 3 Structure",NELTUU,NELTUU,NELVAC,NELVEG,,,,,,,,,,,,,ic060608urom20060410_101638_clean,1654.6
ic060771psi20060614_113937_clean,5.26056,3.44551,5.26056,1.3794,1193.29,865.074,0.0,0.0,0.5622,0.407567,0.0,V,Yes,V,clean,Y,N,Y,,Y,XEQFUV,Y,13/11/2006,10.1021/ic060771p,"1 SI, 2 Structure",XEQFUV,XEQFUV,XEQGAC,,,,,,,,,,,,,,ic060771psi20060614_113937_clean,439.4
ic070274o-file006_clean,9.5696,5.43482,9.51118,0.6688,2216.08,3313.52,0.0,0.0,0.6986,1.04456,0.0,Ni,No, ,clean,Y,N,Y,,Y,GIHZAZ,Y,04/09/2007,10.1021/ic070274o,"1 SI, 1 Structure",GIHZAZ,,,,,,,,,,,,,,,,ic070274o-file006_clean,1157.9
ic100188w_si_002_clean,7.49679,5.33186,7.49523,1.88994,791.307,418.693,0.0,0.0,0.3762,0.199054,0.0,Ni,No, ,clean,Y,N,Y,,Y,NUZCER,Y,02/11/2009,10.1021/ic100188w,"1 SI, 2 Structure",NUZCER,NUZCER,NUZCIV,,,,,,,,,,,,,,ic100188w_si_002_clean,984.9
ic101789u_si_002_clean,5.93071,5.35547,5.91488,0.866561,2600.04,3000.42,0.0,0.0,0.6794,0.784019,0.0,Ga,No, ,clean,Y,N,Y,,Y,ENATUJ,Y,25/03/2011,10.1021/ic101789u,"1 SI, 1 Structure",ENATUJ,,,,,,,,,,,,,,,,ic101789u_si_002_clean,839.0
ic101935f_si_002_auto,13.52781,8.78691,13.51433,0.408029,2079.05,5095.35,0.0,0.0,0.8498,2.08269,0.0,Zn,No, ,auto,Y,N,Y,,Y,EWUHIO,Y,18/08/2011,10.1021/ic101935f,"1 SI, 2 Structure",EWUHIO,EWUHIO,EWUHOU,,,,,,,,,,,,,,ic101935f_si_002_auto,2943.7
ic102347b_si_001_clean,7.286,6.24859,7.286,0.867522,2138.17,2464.68,0.0,0.0,0.647,0.745803,0.0,Cu,Yes,Cu,clean,Y,N,Y,,Y,UWUQEJ,Y,22/06/2010,10.1021/ic102347b,"1 SI, 1 Structure",UWUQEJ,,,,,,,,,,,,,,,,ic102347b_si_001_clean,1456.4
ic2017598_si_001_clean_h,14.86745,7.89388,14.86745,0.609156,2262.99,3714.96,0.0,0.0,0.7982,1.31034,0.0,Zn,No, ,clean_h,Y,N,Y,,Y,XUPGOG,Y,10/09/2015,10.1021/ic1010083,"1 SI, 1 Structure",XUPGOG,,,,,,,,,,,,,,,,ic2017598_si_001_clean_h,244.5
ic202626c_si_002_clean,4.17676,3.4851,4.17082,1.22883,636.577,518.037,0.0,0.0,0.5146,0.418774,0.0,Fe,No, ,clean,Y,N,Y,,Y,BAXFIR,Y,28/11/2011,10.1021/ic202626c,"1 SI, 8 Structure",BAXFIR,BAXFIR,BAXFIR01,BAXFIR02,BAXFUD,BAXGAK,BAXGEO,BAXGEO01,BAXGUE,,,,,,,,ic202626c_si_002_clean,1562.2
ic202769e_si_002_clean,5.53082,4.05182,5.47464,1.47192,707.209,480.467,0.0,0.0,0.4518,0.306946,0.0,Co,No, ,clean,Y,N,Y,,Y,GAWTOP,Y,25/08/2011,10.1021/ic202769e,"1 SI, 1 Structure",GAWTOP,,,,,,,,,,,,,,,,ic202769e_si_002_clean,878.8
ic300665a_si_002_clean,6.76851,6.40962,6.75925,1.06856,1310.99,1226.88,0.0,0.0,0.5662,0.529874,0.0,Cd,Yes,Cd,clean,Y,N,Y,,Y,YEGFIB,Y,08/12/2011,10.1021/ic300665a,"1 SI, 1 Structure",YEGFIB,,,,,,,,,,,,,,,,ic300665a_si_002_clean,3291.1
ic3019502_si_002_clean,8.03478,4.99407,8.03478,0.817121,2079.34,2544.72,0.0,0.0,0.6862,0.839778,0.0,"Zn,Mn",Yes,Zn,clean,Y,N,Y,,Y,PIBXOP,Y,20/08/2010,10.1021/ic3019502,"1 SI, 5 Structure",PIBXOP,DAXNIA03,PIBXOP,PIBXUV,PICYUX,PICZAE,,,,,,,,,,,ic3019502_si_002_clean,966.1
ic400607w_si_001_clean,8.03748,6.22623,7.97705,1.08776,1912.85,1758.52,0.0,0.0,0.6308,0.579905,0.0,"Zn,Si",No, ,clean,Y,N,Y,,Y,LIJFUH,Y,11/10/2013,10.1021/ic400607w,"1 SI, 1 Structure",LIJFUH,,,,,,,,,,,,,,,,ic400607w_si_001_clean,994.9
ic400777c_si_002_clean,6.92734,4.01933,6.90734,1.34581,1520.73,1129.98,0.0,0.0,0.5638,0.418931,0.0,Eu,Yes,Eu,clean,Y,N,Y,,Y,WIPMAL,Y,01/09/2012,10.1021/ic400777c,"1 SI, 3 Structure",WIPMAL,WIPLOY,WIPLUE,WIPMAL,,,,,,,,,,,,,ic400777c_si_002_clean,1586.1
ic401157n_si_002_clean,8.07184,5.576,8.06069,0.920261,2034.27,2210.53,0.0,0.0,0.6426,0.69828,0.0,La,No, ,clean,Y,N,Y,,Y,WIQTUN,Y,29/04/2013,10.1021/ic401157n,"1 SI, 1 Structure",WIQTUN,,,,,,,,,,,,,,,,ic401157n_si_002_clean,1190.5
ic401157n_si_003_clean,8.36266,5.62116,8.35172,0.801466,2331.72,2909.32,0.0,0.0,0.6656,0.830478,0.0,Y,Yes,Y,clean,Y,N,Y,,Y,WIQVAV,Y,29/04/2013,10.1021/ic401157n,"1 SI, 1 Structure",WIQVAV,,,,,,,,,,,,,,,,ic401157n_si_003_clean,1442.6
ic402058f_si_002_clean,5.68988,4.36716,5.68491,1.37492,565.476,411.28,350.976,255.27,0.5054,0.367586,0.0,Cd,Yes,Cd,clean,Y,N,Y,,Y,PIQPUC,Y,10/12/2013,10.1021/ic402058f,"1 SI, 1 Structure",PIQPUC,,,,,,,,,,,,,,,,ic402058f_si_002_clean,1150.9
ic402058f_si_003_clean,5.34889,4.37091,5.2699,1.32744,1070.91,806.748,0.0,0.0,0.5284,0.398059,0.0,Cd,Yes,Cd,clean,Y,N,Y,,Y,PIQQAJ,Y,10/12/2013,10.1021/ic402058f,"1 SI, 1 Structure",PIQQAJ,,,,,,,,,,,,,,,,ic402058f_si_003_clean,1564.3
ic402058f_si_004_clean,5.82311,4.37702,5.76138,1.28628,1179.38,916.891,0.0,0.0,0.5444,0.423237,0.0,Cd,Yes,Cd,clean,Y,N,Y,,Y,PIQQEN,Y,10/12/2013,10.1021/ic402058f,"1 SI, 1 Structure",PIQQEN,,,,,,,,,,,,,,,,ic402058f_si_004_clean,1494.3
ic402058f_si_005_clean,5.71457,4.11763,5.69455,1.40487,535.949,381.495,295.743,210.514,0.4902,0.34893,0.0,Cd,Yes,Cd,clean,Y,N,Y,,Y,PIQQIR,Y,10/12/2013,10.1021/ic402058f,"1 SI, 1 Structure",PIQQIR,,,,,,,,,,,,,,,,ic402058f_si_005_clean,1986.8
ic402692p_si_002_clean,7.57252,6.20483,7.53216,1.12902,2001.22,1772.53,0.0,0.0,0.6518,0.577314,0.0,Zn,No, ,clean,Y,N,Y,,Y,NIWYOJ,Y,07/02/2014,10.1021/ic402692p,"1 SI, 1 Structure",NIWYOJ,,,,,,,,,,,,,,,,ic402692p_si_002_clean,1584.3
ic402692p_si_003_clean,5.22305,3.60975,4.94835,1.24721,1324.38,1061.87,0.0,0.0,0.5356,0.429439,0.0,Zn,Yes,Zn,clean,Y,N,Y,,Y,NIWYID,Y,07/02/2014,10.1021/ic402692p,"1 SI, 1 Structure",NIWYID,,,,,,,,,,,,,,,,ic402692p_si_003_clean,2417.4
ic402692p_si_004_clean,14.06271,4.49755,14.06271,0.931261,2158.03,2317.32,0.0,0.0,0.6974,0.748877,0.0,Zn,Yes,Zn,clean,Y,N,Y,,Y,NIWYEZ,Y,07/02/2014,10.1021/ic402692p,"1 SI, 1 Structure",NIWYEZ,,,,,,,,,,,,,,,,ic402692p_si_004_clean,1308.8
ic402692p_si_005_clean,8.36657,7.12488,8.36657,1.09017,2068.01,1896.96,0.0,0.0,0.651,0.597155,0.0,Zn,Yes,Zn,clean,Y,N,Y,,Y,NIWYAV,Y,07/02/2014,10.1021/ic402692p,"1 SI, 1 Structure",NIWYAV,,,,,,,,,,,,,,,,ic402692p_si_005_clean,1447.9
ic403134c_si_002_clean,5.082,3.77684,5.05347,1.04512,1065.89,1019.88,0.0,0.0,0.4842,0.463297,0.0,Li,No, ,clean,Y,N,Y,,Y,XUNROP,Y,15/09/2015,10.1021/ic403134c,"1 SI, 12 Structure",XUNROP,XUNROP,XUNRUV,XUNSAC,XUNSEG,XUNSIK,XUNSOQ,XUNSUW,XUNTAD,XUNTEH,XUNTEH01,XUNTIL,XUNTUX,,,,ic403134c_si_002_clean,1816.3
ic500323r_si_001_clean,5.40217,4.39968,5.38357,1.7244,1051.83,609.969,0.0,0.0,0.4942,0.286592,0.0,"Fe,Pt",Yes,"Pt,Fe",clean,Y,N,Y,,Y,VOKLIS,Y,19/06/2014,10.1021/ic500323r,"1 SI, 1 Structure",VOKLIS,,,,,,,,,,,,,,,,ic500323r_si_001_clean,589.2
ic500323r_si_002_clean,5.13222,4.08543,5.13222,1.68431,1029.92,611.476,0.0,0.0,0.4906,0.291276,0.0,"Fe,Pt",Yes,"Pt,Fe",clean,Y,N,Y,,Y,VOKLIS01,Y,19/06/2014,10.1021/ic500323r,"1 SI, 1 Structure",VOKLIS01,,,,,,,,,,,,,,,,ic500323r_si_002_clean,692.0
ic5008457_si_002_clean,5.97545,4.80817,5.79843,0.950435,2209.73,2324.97,0.0,0.0,0.6536,0.687685,0.0,Cu,Yes,Cu,clean,Y,N,Y,,Y,QONKOV,Y,02/12/2013,10.1021/ic5008457,"1 SI, 9 Structure",QONKOV,QOMRUH,QOMSAO,QOMSES,QONKOV,QONKUB,QONLAI,QONLEM,QONLIQ,VIFBOC01,,,,,,,ic5008457_si_002_clean,759.9
ic5011133_si_002_clean,5.81331,3.76182,5.80948,1.18896,1513.31,1272.8,0.0419839,0.0353114,0.5602,0.471167,0.0,Co,Yes,Co,clean,Y,N,Y,,Y,JOPGOM,Y,20/10/2014,10.1021/ic5011133,"1 SI, 1 Structure",JOPGOM,,,,,,,,,,,,,,,,ic5011133_si_002_clean,1191.7
ic5011133_si_003_clean,6.22091,5.02145,6.15779,1.0165,1852.81,1822.74,0.0,0.0,0.6262,0.616036,0.0,Co,No, ,clean,Y,N,Y,,Y,JOPGUS,Y,20/10/2014,10.1021/ic5011133,"1 SI, 1 Structure",JOPGUS,,,,,,,,,,,,,,,,ic5011133_si_003_clean,624.2
ic5011133_si_004_clean,5.76939,3.85425,5.57935,1.03783,2096.3,2019.88,0.0,0.0,0.6036,0.581597,0.0,Co,Yes,Co,clean,Y,N,Y,,Y,JOPGIG,Y,20/10/2014,10.1021/ic5011133,"1 SI, 1 Structure",JOPGIG,,,,,,,,,,,,,,,,ic5011133_si_004_clean,927.6
ic501477u_si_002_clean,8.32761,5.8376,8.32761,0.662866,2535.19,3824.58,0.0,0.0,0.725,1.09373,0.0,Zn,No, ,clean,Y,N,Y,,Y,CUCFOX,Y,06/05/2014,10.1021/ic501477u,"1 SI, 1 Structure",CUCFOX,,,,,,,,,,,,,,,,ic501477u_si_002_clean,589.8
ic501801f_si_002_clean,7.62911,3.95603,7.62911,0.921866,1772.69,1922.93,0.0,0.0,0.5984,0.649118,0.0,Cd,Yes,Cd,clean,Y,N,Y,,Y,XUNVEJ,Y,15/09/2015,10.1021/ic501801f,"1 SI, 1 Structure",XUNVEJ,,,,,,,,,,,,,,,,ic501801f_si_002_clean,1255.1
ic501801f_si_003_clean,7.15079,6.5153,7.14534,0.88298,1302.1,1474.67,43.0565,48.7627,0.5668,0.641917,0.0,Zn,Yes,Zn,clean,Y,N,Y,,Y,XUNVAF,Y,15/09/2015,10.1021/ic501801f,"1 SI, 1 Structure",XUNVAF,,,,,,,,,,,,,,,,ic501801f_si_003_clean,2791.9
ic501849g_si_002_clean,6.90703,4.72819,6.90703,1.13022,1690.08,1495.36,0.0,0.0,0.5888,0.520963,0.0,Cu,Yes,Cu,clean,Y,N,Y,,Y,HOWRUI,Y,01/07/2014,10.1021/ic501849g,"1 SI, 8 Structure",HOWRUI,HOWRUI,HOWSAP,HOWSET,HOWSIX,HOWSOD,HOWSUJ,HOWTAQ,HOWTEU,,,,,,,,ic501849g_si_002_clean,1135.6
ic5021302_si_002_clean,7.40462,5.14931,5.97305,1.03321,929.837,899.95,920.441,890.857,0.6068,0.587296,0.0,"Ce,Co",No, ,clean,Y,N,Y,,Y,ZOZHIH,Y,29/08/2014,10.1021/ic5021302,"1 SI, 7 Structure",ZOZHIH,ZOZHIH,ZOZHON,ZOZHUT,ZOZJAB,ZOZJEF,ZOZJIJ,ZOZJOP,,,,,,,,,ic5021302_si_002_clean,1684.9
ic502254c_si_002_clean,12.68207,7.60887,12.68207,0.711281,1866.25,2623.79,0.0,0.0,0.7144,1.00439,0.0,Zn,Yes,Zn,clean,Y,N,Y,,Y,YOTHEW,Y,05/02/2015,10.1021/ic502254c,"1 SI, 1 Structure",YOTHEW,,,,,,,,,,,,,,,,ic502254c_si_002_clean,1423.5
ic502643m_si_003_clean,9.70753,8.64872,9.70205,0.819549,2343.2,2859.13,0.0,0.0,0.7048,0.859985,0.0,Zn,Yes,Zn,clean,Y,N,Y,,Y,PUGSIV,Y,25/07/2014,10.1021/ic502643m,"1 SI, 1 Structure",PUGSIV,,,,,,,,,,,,,,,,ic502643m_si_003_clean,3937.0
ic502643m_si_006_clean,9.0043,8.36575,9.0043,0.810849,2358.37,2908.52,0.0,0.0,0.7174,0.884751,0.0,Zn,Yes,Zn,clean,Y,N,Y,,Y,PUGTAO,Y,25/07/2014,10.1021/ic502643m,"1 SI, 1 Structure",PUGTAO,,,,,,,,,,,,,,,,ic502643m_si_006_clean,3401.8
ic502643m_si_007_clean,13.1918,11.62964,13.1918,0.690929,2270.17,3285.68,0.0,0.0,0.7542,1.09157,0.0,Zn,Yes,Zn,clean,Y,N,Y,,Y,PUFQUE,Y,25/07/2014,10.1021/ic502643m,"1 SI, 1 Structure",PUFQUE,,,,,,,,,,,,,,,,ic502643m_si_007_clean,368.5
ic502643m_si_008_clean,9.64298,8.71131,9.6207,0.809539,2189.42,2704.52,0.0,0.0,0.7184,0.887419,0.0,Zn,Yes,Zn,clean,Y,N,Y,,Y,PUFQIS,Y,25/07/2014,10.1021/ic502643m,"1 SI, 1 Structure",PUFQIS,,,,,,,,,,,,,,,,ic502643m_si_008_clean,1279.9
ic502643m_si_009_clean,12.65736,11.14997,12.63796,0.678305,2348.61,3462.47,0.0,0.0,0.757,1.11602,0.0,Zn,Yes,Zn,clean,Y,N,Y,,Y,PUFQOY,Y,25/07/2014,10.1021/ic502643m,"1 SI, 1 Structure",PUFQOY,,,,,,,,,,,,,,,,ic502643m_si_009_clean,407.5
ic502643m_si_010_clean,12.46942,12.09962,12.4634,0.660845,2360.76,3572.33,0.0,0.0,0.7614,1.15216,0.0,Zn,Yes,Zn,clean,Y,N,Y,,Y,PUFRIT,Y,25/07/2014,10.1021/ic502643m,"1 SI, 1 Structure",PUFRIT,,,,,,,,,,,,,,,,ic502643m_si_010_clean,415.6
ic502725y_si_004_clean,9.62394,4.35849,9.62394,1.57097,2049.09,1304.34,0.0,0.0,0.6364,0.405099,0.000509239,Th,No, ,clean,Y,N,Y,,Y,POXLIZ,Y,18/03/2015,10.1021/ic502725y,"1 SI, 1 Structure",POXLIZ,,,,,,,,,,,,,,,,ic502725y_si_004_clean,1053.0
ic502730y_si_002_clean,6.89356,6.68644,6.89356,1.03024,1630.4,1582.54,0.0,0.0,0.626,0.607627,0.0,V,No, ,clean,Y,N,Y,,Y,POWYEH,Y,19/03/2015,10.1021/ic502730y,"1 SI, 1 Structure",POWYEH,,,,,,,,,,,,,,,,ic502730y_si_002_clean,1360.5
ic502921j_si_002_clean,10.79969,7.20507,10.77322,1.03513,1844.88,1782.26,0.0,0.0,0.6792,0.656147,0.0,Cu,Yes,Cu,clean,Y,N,Y,,Y,JUHNIL,Y,19/10/2014,10.1021/ic502921j,"1 SI, 1 Structure",JUHNIL,,,,,,,,,,,,,,,,ic502921j_si_002_clean,1573.7
ic502921j_si_003_clean,7.7085,4.09601,7.43001,1.34893,1247.81,925.035,50.2931,37.2837,0.56,0.415144,0.0,Cu,Yes,Cu,clean,Y,N,Y,,Y,JUHNOR,Y,19/10/2014,10.1021/ic502921j,"1 SI, 1 Structure",JUHNOR,,,,,,,,,,,,,,,,ic502921j_si_003_clean,1493.4
ic5029383_si_002_clean,13.89608,6.70448,13.87452,0.615292,2325.45,3779.43,0.0,0.0,0.7826,1.27192,0.0,Zn,Yes,Zn,clean,Y,N,Y,,Y,GUGJEZ,Y,23/09/2014,10.1021/ic5029383,"1 SI, 1 Structure",GUGJEZ,,,,,,,,,,,,,,,,ic5029383_si_002_clean,916.9
ic5b00096_auto,12.59507,5.60823,12.59507,0.755193,2269.89,3005.71,0.0,0.0,0.7192,0.952339,0.000264833,Zr,No, ,auto,Y,N,Y,,Y,QURNEY,Y,30/10/2015,10.1021/acs.inorgchem.5b00096,"1 SI, 1 Structure",QURNEY,,,,,,,,,,,,,,,,ic5b00096_auto,4691.7
ic5b00130_si_002_clean,5.93683,5.18128,5.93683,1.3408,561.854,419.044,0.0,0.0,0.4314,0.321748,0.0,Zn,No, ,clean,Y,N,Y,,Y,UHOMEL,Y,23/04/2015,10.1021/acs.inorgchem.5b00130,"1 SI, 3 Structure",UHOMEL,UHOMEL,UHOMIP,UHOMOV,,,,,,,,,,,,,ic5b00130_si_002_clean,715.0
ic5b00194_si_002_clean,8.53834,6.535,8.52358,0.823713,2522.95,3062.9,0.0,0.0,0.705,0.85588,0.0,Cu,Yes,Cu,clean,Y,N,Y,,Y,DORNAB,Y,29/09/2014,10.1021/acs.inorgchem.5b00194,"1 SI, 1 Structure",DORNAB,,,,,,,,,,,,,,,,ic5b00194_si_002_clean,766.6
ic5b00535_si_002_clean,17.88281,5.61829,17.88281,0.59819,1804.02,3015.8,0.0,0.0,0.749,1.25211,0.000668684,Zr,No, ,clean,Y,N,Y,,Y,QUHVEW,Y,09/01/2015,10.1021/acs.inorgchem.5b00535,"1 SI, 1 Structure",QUHVEW,,,,,,,,,,,,,,,,ic5b00535_si_002_clean,1151.0
ic5b01023_si_002_clean,12.81278,3.94057,12.81278,0.929822,1555.72,1673.14,0.0,0.0,0.6134,0.659696,0.0,Zn,Yes,Zn,clean,Y,N,Y,,Y,IGUFOH,Y,06/05/2015,10.1021/acs.inorgchem.5b01023,"1 SI, 1 Structure",IGUFOH,,,,,,,,,,,,,,,,ic5b01023_si_002_clean,6053.9
ic700893w-file001_clean,4.64861,4.20723,4.64861,1.96566,477.402,242.871,0.0,0.0,0.3902,0.198508,0.0,"Cu,Eu",Yes,Cu,clean,Y,N,Y,,Y,JIVSAJ,Y,17/10/2004,10.1021/ic700893w,"1 SI, 1 Structure",JIVSAJ,,,,,,,,,,,,,,,,ic700893w-file001_clean,595.7
ic7014034-file001_clean,6.72718,4.71693,5.67099,0.945137,1965.67,2079.78,0.0,0.0,0.6212,0.657259,0.0,Zn,Yes,Zn,clean,Y,N,Y,,Y,GIQWEJ,Y,01/06/2007,10.1021/ic7014034,"1 SI, 1 Structure",GIQWEJ,,,,,,,,,,,,,,,,ic7014034-file001_clean,1244.8
ic7025158-file001_clean,6.29254,4.20047,6.29254,1.82522,2184.33,1196.75,0.0,0.0,0.6642,0.363901,0.0,Si,Yes,Si,clean,Y,N,Y,,N,,Y,03/10/2007,10.1021/ic7025158,"1 SI, 1 Structure",EFATIP,,,,,,,,,,,,,,,,ic7025158-file001_clean,156.2
ic800131r-file003_clean,12.9498,9.58722,12.94902,0.417413,1982.69,4749.95,0.0,0.0,0.8202,1.96496,0.0,Co,Yes,Co,clean,Y,N,Y,,Y,JOGRUT,Y,04/05/2007,10.1021/ic800131r,"1 SI, 2 Structure",JOGRUT,JOGRUT,JOGSAA,,,,,,,,,,,,,,ic800131r-file003_clean,327.7
ic8004536-file004_clean,6.6968,4.95321,6.255,1.67243,1875.63,1121.5,0.0,0.0,0.609,0.364141,0.000119587,"Mo,Cu,V",Yes,Mo,clean,Y,N,Y,,N,,Y,10/11/2006,10.1021/ic8004536,"1 SI, 1 Structure",LODTOO,,,,,,,,,,,,,,,,ic8004536-file004_clean,1069.2
ic9002115_si_001_clean,5.30738,5.07102,5.30738,1.24196,982.107,790.77,0.0,0.0,0.4718,0.379883,0.0,Zn,No, ,clean,Y,N,Y,,Y,COWPOU,Y,03/10/2008,10.1021/ic9002115,"1 SI, 1 Structure",COWPOU,,,,,,,,,,,,,,,,ic9002115_si_001_clean,5138.9
ICAGOK_clean,8.74413,5.00268,8.74413,0.838204,1937.33,2311.28,0.0,0.0,0.645,0.769503,0.0,Cu,Yes,Cu,clean,Y,Y,Y,,N,,,,,,,,,,,,,,,,,,,,,,ICAGOK_clean,1167.9
ICAQIO_clean,20.39112,7.95732,20.39112,0.40349,1914.78,4745.53,0.0,0.0,0.8268,2.04912,0.0,Co,No, ,clean,Y,Y,Y,,N,,,,,,,,,,,,,,,,,,,,,,ICAQIO_clean,4403.9
ICAQOU_clean,20.29966,7.90669,20.29476,0.413296,1915.83,4635.5,0.0,0.0,0.824,1.99373,0.0,Cu,No, ,clean,Y,Y,Y,,N,,,,,,,,,,,,,,,,,,,,,,ICAQOU_clean,4545.4
ICAROV_clean,20.33339,7.92146,20.31568,0.406521,1928.4,4743.67,0.0,0.0,0.8236,2.02597,0.0,Ni,No, ,clean,Y,Y,Y,,N,,,,,,,,,,,,,,,,,,,,,,ICAROV_clean,4512.8
ICAWUF_clean,8.09105,7.71087,8.06629,1.03438,1360.39,1315.18,0.0,0.0,0.5716,0.552602,0.0,Cd,Yes,Cd,clean,Y,Y,Y,,N,,,,,,,,,,,,,,,,,,,,,,ICAWUF_clean,3123.6
ICEGED_clean,7.44329,6.41787,7.44329,0.943252,2339.38,2480.12,0.0,0.0,0.7078,0.750383,0.0,Cd,Yes,Cd,clean,Y,Y,Y,,N,,,,,,,,,,,,,,,,,,,,,,ICEGED_clean,754.2
ICISAP_clean,8.79152,6.71431,8.77922,0.851648,2192.52,2574.44,0.0,0.0,0.6926,0.813247,0.0,Sc,Yes,Sc,clean,Y,Y,Y,,N,,,,,,,,,,,,,,,,,,,,,,ICISAP_clean,699.2
ICIVAS_clean,5.79063,4.60472,5.70801,1.33492,507.517,380.187,462.251,346.277,0.4564,0.341894,0.0,"Na,Ni",Yes,Na,clean,N,Y,Y,,N,,,,,,,,,,,,,,,,,,,,,,ICIVAS_clean,918.1
ICODIP01_clean,12.6239,9.97272,12.61095,0.806244,1575.25,1953.81,0.0,0.0,0.686,0.850859,0.0,Zn,No, ,clean,Y,Y,Y,,N,,,,,,,,,,,,,,,,,,,,,,ICODIP01_clean,1428.4
ICODIP_clean,12.5506,9.93166,12.1307,0.813948,1593.28,1957.47,0.0,0.0,0.685,0.841577,0.0,Zn,No, ,clean,Y,Y,Y,,N,,,,,,,,,,,,,,,,,,,,,,ICODIP_clean,1380.5
ICORAV_ion_b,4.97918,4.38997,4.82512,1.76091,1048.99,595.709,0.0,0.0,0.479,0.272019,0.0,La,Yes,La,ion_b,Y,Y,Y,,N,,,,,,,,,,,,,,,,,,,,,,ICORAV_ion_b,409.7
ICOWON_clean,5.79599,4.2449,5.79493,1.26187,1474.68,1168.65,0.0,0.0,0.5752,0.45583,0.0,La,Yes,La,clean,Y,Y,Y,,N,,,,,,,,,,,,,,,,,,,,,,ICOWON_clean,566.1
IDEYOF_clean,10.03153,6.17304,10.03153,0.42881,2478.11,5779.04,0.0,0.0,0.8074,1.88288,0.0,Ni,Yes,Ni,clean,Y,Y,Y,,N,,,,,,,,,,,,,,,,,,,,,,IDEYOF_clean,375.0
IDIWIB_clean,6.62997,6.29787,6.59524,1.04722,1606.71,1534.25,0.0,0.0,0.612,0.584403,0.0,V,No, ,clean,Y,Y,Y,,N,,,,,,,,,,,,,,,,,,,,,,IDIWIB_clean,824.2
IDIWUN_clean,10.73827,9.8398,10.73827,0.874765,1685.19,1926.45,0.0,0.0,0.684,0.781924,0.0,Zn,No, ,clean,Y,Y,Y,,N,,,,,,,,,,,,,,,,,,,,,,IDIWUN_clean,1591.9
IDIXAU_clean,9.41711,9.09464,9.41711,0.965845,1677.36,1736.68,0.0,0.0,0.6676,0.691208,0.0,Zn,No, ,clean,Y,Y,Y,,N,,,,,,,,,,,,,,,,,,,,,,IDIXAU_clean,1395.2
IDORAW_clean,10.66058,7.94571,10.64148,0.758358,1989.66,2623.65,0.0,0.0,0.7566,0.997682,0.0,"Cu,Mn",Yes,Cu,clean,Y,Y,Y,,N,,,,,,,,,,,,,,,,,,,,,,IDORAW_clean,615.9
IDUDIW_clean,4.41225,3.49442,4.39662,1.09369,1435.22,1312.27,0.0,0.0,0.577,0.527571,0.0,Cu,No, ,clean,Y,Y,Y,,N,,,,,,,,,,,,,,,,,,,,,,IDUDIW_clean,1839.5
IDUTUW_clean,4.95983,4.34552,4.92681,3.2621,618.922,189.731,0.0,0.0,0.4194,0.128567,0.0,"Cd,Cs",Yes,Cs,clean,Y,Y,Y,,N,,,,,,,,,,,,,,,,,,,,,,IDUTUW_clean,247.1
IFAGON_clean,7.26408,5.9349,7.24141,0.928559,1699.23,1829.96,0.0,0.0,0.6226,0.670501,0.0,Zn,Yes,Zn,clean,Y,Y,Y,,N,,,,,,,,,,,,,,,,,,,,,,IFAGON_clean,3653.8
IFAHEC_clean,8.64157,7.39543,8.63925,1.95986,1143.21,583.31,50.6979,25.8681,0.5464,0.278795,0.0,"Zn,Ga",Yes,"Zn,Ga",clean,Y,Y,Y,,N,,,,,,,,,,,,,,,,,,,,,,IFAHEC_clean,3555.7
IFASOZ_clean,9.64796,7.3234,9.64796,0.745691,1847.95,2478.17,0.0,0.0,0.6678,0.895545,0.0,Mg,Yes,Mg,clean,Y,Y,Y,,N,,,,,,,,,,,,,,,,,,,,,,IFASOZ_clean,1541.2
IFEHUY_clean,11.31643,10.12794,11.31643,1.037,1594.72,1537.82,0.0,0.0,0.6458,0.622755,0.0,Mn,Yes,Mn,clean,Y,Y,Y,,N,,,,,,,,,,,,,,,,,,,,,,IFEHUY_clean,505.4
IFENOY01_SL,7.2447,5.77835,7.2447,1.33475,547.742,410.371,0.0,0.0,0.456,0.341638,0.0,Zn,No, ,SL,Y,Y,Y,,N,,,,,,,,,,,,,,,,,,,,,,IFENOY01_SL,397.4
IFENOY02_SL,7.2725,5.76,7.2725,1.32744,548.221,412.992,0.0,0.0,0.4566,0.343971,0.0,Zn,No, ,SL,Y,Y,Y,,N,,,,,,,,,,,,,,,,,,,,,,IFENOY02_SL,1321.3
IFENOY03_SL,7.28997,5.75367,7.27102,1.31871,593.793,450.282,0.0,0.0,0.4674,0.354437,0.0,Zn,No, ,SL,Y,Y,Y,,N,,,,,,,,,,,,,,,,,,,,,,IFENOY03_SL,1434.6
IFENOY_clean,7.29661,5.78947,7.29661,1.34939,546.821,405.234,0.0,0.0,0.4514,0.33452,0.0,Zn,No, ,clean,Y,Y,Y,,N,,,,,,,,,,,,,,,,,,,,,,IFENOY_clean,399.1
IFEPUG_SL,8.50919,8.20364,8.50919,1.3525,636.298,470.459,0.0,0.0,0.441,0.326062,0.0,Zn,No, ,SL,Y,Y,Y,,N,,,,,,,,,,,,,,,,,,,,,,IFEPUG_SL,2815.0
IFEQIV_SL,8.23002,7.90173,8.23002,1.32672,694.39,523.389,0.0,0.0,0.4528,0.341293,0.0,Zn,No, ,SL,Y,Y,Y,,N,,,,,,,,,,,,,,,,,,,,,,IFEQIV_SL,710.9
IFEYIB_clean,5.67304,3.77404,5.54772,1.56953,1870.34,1191.66,0.0,0.0,0.6516,0.415157,0.0,"Cd,Hg",Yes,Cd,clean,N,Y,Y,,N,,,,,,,,,,,,,,,,,,,,,,IFEYIB_clean,349.4
IFOSIG_clean,4.26001,3.61738,4.26001,1.58988,662.885,416.939,121.875,76.6569,0.5738,0.360907,0.0,"Zr,Ce",No, ,clean,Y,Y,Y,,N,,,,,,,,,,,,,,,,,,,,,,IFOSIG_clean,767.7
IFUNUU_clean,5.50748,4.0974,5.50748,1.36844,1548.79,1131.79,0.0,0.0,0.5726,0.418432,0.0,Tb,Yes,Tb,clean,Y,Y,Y,,N,,,,,,,,,,,,,,,,,,,,,,IFUNUU_clean,1372.0
IGAGAA_clean,6.32999,3.64698,6.28248,1.49391,1433.42,959.509,0.0,0.0,0.5336,0.357182,0.0,Co,Yes,Co,clean,Y,Y,Y,,N,,,,,,,,,,,,,,,,,,,,,,IGAGAA_clean,1140.2
IGAGUU_clean,16.24786,12.96845,16.24786,0.632439,2294.44,3627.92,0.0,0.0,0.7656,1.21055,0.0,"Cu,Cr",Yes,Cr,clean,Y,Y,Y,,N,,,,,,,,,,,,,,,,,,,,,,IGAGUU_clean,1831.9
IGAHAB_clean,8.07676,5.90613,8.07676,1.09695,1250.92,1140.36,257.39,234.642,0.6018,0.548613,0.0,"Cu,Cr",Yes,"Cu,Cr",clean,Y,Y,Y,,N,,,,,,,,,,,,,,,,,,,,,,IGAHAB_clean,3036.4
IGETUL_clean,7.73199,5.01492,7.73199,1.17458,1427.74,1215.53,0.0,0.0,0.5802,0.493962,0.0,Eu,Yes,Eu,clean,Y,Y,Y,,N,,,,,,,,,,,,,,,,,,,,,,IGETUL_clean,898.8
IGEXOH_clean,5.20725,4.43194,5.19154,1.26433,2211.95,1749.5,0.0,0.0,0.6598,0.521856,0.0,Zn,No, ,clean,Y,Y,Y,,N,,,,,,,,,,,,,,,,,,,,,,IGEXOH_clean,638.8
IGINIX01_clean,5.76124,3.82869,5.74335,1.27239,1739.17,1366.85,0.0,0.0,0.5698,0.447817,0.0,Zn,Yes,Zn,clean,Y,Y,Y,,N,,,,,,,,,,,,,,,,,,,,,,IGINIX01_clean,770.0
IGINIX_clean,5.75448,3.84672,5.66179,1.27352,1748.75,1373.16,0.0,0.0,0.5668,0.445064,0.0,Zn,Yes,Zn,clean,Y,Y,Y,,N,,,,,,,,,,,,,,,,,,,,,,IGINIX_clean,768.0
IGITOJ_clean,9.86619,7.72074,9.86533,2.03715,1524.44,748.321,0.0,0.0,0.6278,0.308175,0.0,Cu,No, ,clean,Y,Y,Y,,N,,,,,,,,,,,,,,,,,,,,,,IGITOJ_clean,1539.0
IGIZAA_clean,4.5862,3.48961,4.56741,3.31108,485.403,146.6,0.0,0.0,0.374,0.112954,0.0,"Ru,Na,W",Yes,"W,Na",clean,N,Y,Y,,N,,,,,,,,,,,,,,,,,,,,,,IGIZAA_clean,264.4
IGIZEF_clean,4.69926,3.5008,4.58086,1.87274,282.887,151.055,108.889,58.1444,0.4116,0.219785,0.0,Sr,Yes,Sr,clean,Y,Y,Y,,N,,,,,,,,,,,,,,,,,,,,,,IGIZEF_clean,1312.0
IGOJEV_clean,6.84915,5.33678,6.8307,1.1268,1367.78,1213.86,0.0,0.0,0.5334,0.473376,0.0,Cd,No, ,clean,Y,Y,Y,,N,,,,,,,,,,,,,,,,,,,,,,IGOJEV_clean,1016.6
IGUCIY_clean,4.91096,3.9591,4.91096,1.65468,587.51,355.059,0.0,0.0,0.4326,0.26144,0.0,Sm,No, ,clean,Y,Y,Y,,N,,,,,,,,,,,,,,,,,,,,,,IGUCIY_clean,1333.6
IGUVIR01_clean,6.10337,3.92459,6.10337,1.30886,926.034,707.513,0.0,0.0,0.4778,0.365051,0.0,Cd,No, ,clean,Y,Y,Y,,N,,,,,,,,,,,,,,,,,,,,,,IGUVIR01_clean,671.1
IGUVIR_clean,5.80337,3.48765,5.78397,1.34417,868.475,646.107,0.0,0.0,0.4594,0.341773,0.0,Cd,No, ,clean,Y,Y,Y,,N,,,,,,,,,,,,,,,,,,,,,,IGUVIR_clean,598.2
IHAJEH_clean,6.78044,6.29448,6.78044,1.39086,1751.0,1258.94,0.0,0.0,0.6318,0.454253,0.0,"Zn,Mn",No, ,clean,Y,Y,Y,,N,,,,,,,,,,,,,,,,,,,,,,IHAJEH_clean,628.2
IHAJIL_clean,5.45406,4.34442,5.40178,1.56119,1403.37,898.914,0.0,0.0,0.5862,0.375483,0.0,"Zn,Fe",No, ,clean,Y,Y,Y,,N,,,,,,,,,,,,,,,,,,,,,,IHAJIL_clean,405.3
IHILUI_clean,4.87031,3.7868,4.87031,2.14625,806.195,375.629,0.0,0.0,0.4228,0.196995,0.0,Gd,Yes,Gd,clean,Y,Y,Y,,N,,,,,,,,,,,,,,,,,,,,,,IHILUI_clean,519.0
IHIMAP01_clean,5.07944,3.8505,5.07201,1.90767,927.816,486.36,0.0,0.0,0.4506,0.236204,0.0,La,Yes,La,clean,Y,Y,Y,,N,,,,,,,,,,,,,,,,,,,,,,IHIMAP01_clean,494.5
IHIMAP_clean,4.88033,3.6251,4.88017,1.94507,780.03,401.03,0.0,0.0,0.4326,0.222409,0.0,La,Yes,La,clean,Y,Y,Y,,N,,,,,,,,,,,,,,,,,,,,,,IHIMAP_clean,507.3
IHUTIQ_clean,4.64256,3.74008,4.5445,1.27422,518.012,406.533,0.0,0.0,0.439,0.344525,0.0,Co,No, ,clean,Y,Y,Y,,N,,,,,,,,,,,,,,,,,,,,,,IHUTIQ_clean,1042.0
IJASOC_clean,6.30976,5.8805,6.27431,1.0194,1983.73,1945.99,0.0,0.0,0.653,0.640576,0.0,Tm,Yes,Tm,clean,Y,Y,Y,,N,,,,,,,,,,,,,,,,,,,,,,IJASOC_clean,946.4
IJEVEA_clean,6.16235,3.65442,6.15987,1.71122,898.254,524.922,0.0,0.0,0.4748,0.277464,0.0,Cd,Yes,Cd,clean,N,Y,Y,,N,,,,,,,,,,,,,,,,,,,,,,IJEVEA_clean,1084.3
IJEVIE_clean,6.39858,3.56516,6.38456,1.47483,1314.49,891.28,0.423263,0.286991,0.5748,0.389739,0.0,Cd,Yes,Cd,clean,Y,Y,Y,,N,,,,,,,,,,,,,,,,,,,,,,IJEVIE_clean,1481.2
IJEXIF01_clean,6.79743,4.32524,6.79743,1.08441,2203.63,2032.1,0.0,0.0,0.6682,0.616187,0.0,Zn,Yes,Zn,clean,Y,Y,Y,,N,,,,,,,,,,,,,,,,,,,,,,IJEXIF01_clean,737.8
IJEXIF_clean,6.7342,4.37179,6.7342,1.07253,2222.65,2072.34,0.0,0.0,0.6664,0.621333,0.0,Zn,Yes,Zn,clean,Y,Y,Y,,N,,,,,,,,,,,,,,,,,,,,,,IJEXIF_clean,719.5
IJIGOX_clean,6.16574,5.62335,6.16574,2.01565,1416.67,702.835,0.0,0.0,0.5266,0.261256,0.0,"Ga,Co",No, ,clean,Y,Y,Y,,N,,,,,,,,,,,,,,,,,,,,,,IJIGOX_clean,1333.5
IJUTEM_clean,7.42822,3.46008,7.42822,1.4496,1196.69,825.529,190.636,131.509,0.5614,0.38728,0.0,Al,No, ,clean,Y,Y,Y,,N,,,,,,,,,,,,,,,,,,,,,,IJUTEM_clean,5110.6
IKAYAU_clean,4.59122,3.56678,4.59122,1.61867,325.484,201.081,0.0,0.0,0.3984,0.246128,0.0,Eu,Yes,Eu,clean,Y,Y,Y,,N,,,,,,,,,,,,,,,,,,,,,,IKAYAU_clean,705.8
IKEBUV01_clean,4.90885,3.89845,4.88149,1.28693,1923.5,1494.65,0.0,0.0,0.6236,0.484565,0.0,Cu,Yes,Cu,clean,N,Y,Y,,N,,,,,,,,,,,,,,,,,,,,,,IKEBUV01_clean,781.4
IKEBUV_clean,4.87862,3.88747,4.8574,1.29691,1916.47,1477.73,0.0,0.0,0.6176,0.47621,0.0,Cu,Yes,Cu,clean,N,Y,Y,,N,,,,,,,,,,,,,,,,,,,,,,IKEBUV_clean,804.4
IKETAU_clean,5.60593,4.335,5.59414,1.55077,1730.4,1115.83,0.0,0.0,0.5626,0.362788,0.0,Nd,Yes,Nd,clean,Y,Y,Y,,N,,,,,,,,,,,,,,,,,,,,,,IKETAU_clean,643.5
IKETEY_clean,5.5138,4.26379,5.5027,1.61573,1676.6,1037.67,0.0,0.0,0.5562,0.34424,0.0,Sm,Yes,Sm,clean,Y,Y,Y,,N,,,,,,,,,,,,,,,,,,,,,,IKETEY_clean,650.9
IKETIB_clean,13.18345,6.57771,10.98623,0.873765,2179.56,2494.44,0.0,0.0,0.722,0.826309,0.0,Cu,Yes,Cu,clean,Y,Y,Y,,N,,,,,,,,,,,,,,,,,,,,,,IKETIB_clean,6515.2
IKETIC_clean,5.48661,4.24072,5.47557,1.63135,1674.67,1026.56,0.0,0.0,0.5538,0.339473,0.0,Eu,Yes,Eu,clean,Y,Y,Y,,N,,,,,,,,,,,,,,,,,,,,,,IKETIC_clean,651.3
IKETOH_manual,13.20001,6.4144,13.20001,0.879595,2120.61,2410.89,0.0,0.0,0.713,0.810601,0.0,Cu,Yes,Cu,manual,Y,Y,Y,,N,,,,,,,,,,,,,,,,,,,,,,IKETOH_manual,562.4
IKETOI_clean,5.47175,4.23311,5.43757,1.66186,1666.92,1003.04,0.0,0.0,0.5532,0.33288,0.0,Gd,Yes,Gd,clean,Y,Y,Y,,N,,,,,,,,,,,,,,,,,,,,,,IKETOI_clean,650.9
IKETUN_clean,13.22557,6.52759,13.22557,0.869317,2182.06,2510.09,0.0,0.0,0.7238,0.832608,0.0,Cu,Yes,Cu,clean,Y,Y,Y,,N,,,,,,,,,,,,,,,,,,,,,,IKETUN_clean,6586.5
IKETUO_clean,5.44662,4.20794,5.39592,1.67888,1662.67,990.343,0.0,0.0,0.552,0.328791,0.0,Tb,Yes,Tb,clean,Y,Y,Y,,N,,,,,,,,,,,,,,,,,,,,,,IKETUO_clean,656.3
IKEVAW_clean,5.40684,4.19271,5.39701,1.71304,1637.64,955.985,0.0,0.0,0.5474,0.319548,0.0,Dy,Yes,Dy,clean,Y,Y,Y,,N,,,,,,,,,,,,,,,,,,,,,,IKEVAW_clean,654.0
IKOPEF_clean,7.2534,4.34633,7.2534,1.24385,1606.2,1291.31,0.0,0.0,0.5726,0.460344,0.0,Cu,Yes,Cu,clean,Y,Y,Y,,N,,,,,,,,,,,,,,,,,,,,,,IKOPEF_clean,1176.0
IKOPIJ_clean,5.93474,4.94123,5.93474,1.12209,2241.63,1997.73,0.0,0.0,0.5918,0.527408,0.0,Cu,Yes,Cu,clean,Y,Y,Y,,N,,,,,,,,,,,,,,,,,,,,,,IKOPIJ_clean,4080.7
IKOSOQ_clean,5.18747,4.15785,5.187,1.04558,711.454,680.438,252.551,241.541,0.5228,0.500009,0.0,Cu,Yes,Cu,clean,Y,Y,Y,,N,,,,,,,,,,,,,,,,,,,,,,IKOSOQ_clean,2218.2
IKOTUZ_clean,16.05073,15.64664,16.05073,1.00283,1515.79,1511.5,0.0,0.0,0.658,0.656142,0.0,"Sm,K",Yes,"Sm,K",clean,Y,Y,Y,,N,,,,,,,,,,,,,,,,,,,,,,IKOTUZ_clean,2402.5
IKOVAH_clean,16.06628,15.68836,16.05839,1.01053,1521.53,1505.68,0.0,0.0,0.6416,0.634917,0.0,"Eu,K",Yes,"Eu,K",clean,Y,Y,Y,,N,,,,,,,,,,,,,,,,,,,,,,IKOVAH_clean,1861.3
IKOVEL_clean,15.9244,15.48384,15.9244,0.975432,1532.92,1571.53,0.0,0.0,0.643,0.659195,0.0,"Pr,K",Yes,"Pr,K",clean,Y,Y,Y,,N,,,,,,,,,,,,,,,,,,,,,,IKOVEL_clean,1854.6
IKUBUL01_clean,4.97225,4.13588,4.96966,1.70618,1252.65,734.185,0.0,0.0,0.581,0.340527,0.0,Zn,No, ,clean,Y,Y,Y,,N,,,,,,,,,,,,,,,,,,,,,,IKUBUL01_clean,1881.7
IKUBUL_clean,5.00176,4.50394,4.98274,1.67146,1332.86,797.421,0.0,0.0,0.5778,0.345685,0.0,Zn,No, ,clean,Y,Y,Y,,N,,,,,,,,,,,,,,,,,,,,,,IKUBUL_clean,1541.5
IKUTIT_clean,6.70756,4.84545,6.68635,1.15517,2264.75,1960.54,0.0,0.0,0.6434,0.556977,0.0,Dy,Yes,Dy,clean,N,Y,Y,,N,,,,,,,,,,,,,,,,,,,,,,IKUTIT_clean,836.5
IKUTOZ_clean,6.60931,5.74465,6.60446,1.16881,1703.33,1457.32,0.0,0.0,0.5968,0.510603,0.0,Dy,Yes,Dy,clean,N,Y,Y,,N,,,,,,,,,,,,,,,,,,,,,,IKUTOZ_clean,897.2
ILEHUD_clean,5.02137,3.75623,4.99615,1.79998,1015.1,563.953,0.0,0.0,0.5264,0.292448,0.0,Zn,Yes,Zn,clean,Y,Y,Y,,N,,,,,,,,,,,,,,,,,,,,,,ILEHUD_clean,2556.2
ILENOC_clean,4.95574,3.57203,4.9334,2.30558,814.836,353.419,0.0,0.0,0.4958,0.215043,0.0,In,Yes,In,clean,Y,Y,Y,,N,,,,,,,,,,,,,,,,,,,,,,ILENOC_clean,2484.4
ILIFOY_clean,5.51379,4.36093,5.51127,1.7785,832.969,468.356,0.0,0.0,0.4352,0.244701,0.0,La,No, ,clean,Y,Y,Y,,N,,,,,,,,,,,,,,,,,,,,,,ILIFOY_clean,941.2
ILIFUE_clean,5.46839,4.30835,5.46382,1.80799,845.912,467.873,0.0,0.0,0.4296,0.237611,0.0,Ce,No, ,clean,Y,Y,Y,,N,,,,,,,,,,,,,,,,,,,,,,ILIFUE_clean,952.2
ILIGAL_clean,5.39984,4.21783,5.39803,1.8431,801.718,434.983,0.0,0.0,0.424,0.230047,0.0,Pr,No, ,clean,Y,Y,Y,,N,,,,,,,,,,,,,,,,,,,,,,ILIGAL_clean,973.2
ILIGEP_clean,5.40466,4.22337,5.40056,1.85928,816.766,439.291,0.0,0.0,0.4238,0.227938,0.0,Nd,No, ,clean,Y,Y,Y,,N,,,,,,,,,,,,,,,,,,,,,,ILIGEP_clean,978.2
ILIMOH_clean,7.40414,5.70962,7.40414,1.17288,870.384,742.093,0.0,0.0,0.5052,0.430735,0.0,Ni,No, ,clean,Y,Y,Y,,N,,,,,,,,,,,,,,,,,,,,,,ILIMOH_clean,2110.8
ILIMUN_clean,6.19427,4.05594,6.18143,1.18958,950.094,798.68,0.0,0.0,0.473,0.397619,0.0,Ni,No, ,clean,Y,Y,Y,,N,,,,,,,,,,,,,,,,,,,,,,ILIMUN_clean,623.9
ILINIC_clean,4.81641,3.7003,4.81641,3.15291,1757.15,557.309,0.0,0.0,0.577,0.183005,0.0,"Cd,Re",Yes,"Cd,Re",clean,N,Y,Y,,N,,,,,,,,,,,,,,,,,,,,,,ILINIC_clean,137.0
ILITUT_manual,12.63372,9.84913,12.63125,0.49196,2089.33,4246.95,0.0,0.0,0.786,1.59769,0.0,Co,Yes,Co,manual,Y,Y,Y,,N,,,,,,,,,,,,,,,,,,,,,,ILITUT_manual,1295.0
ILOJOJ_clean,6.13171,4.84213,6.13171,1.27844,834.445,652.704,0.0,0.0,0.4692,0.367009,0.0,Cu,Yes,Cu,clean,Y,Y,Y,,N,,,,,,,,,,,,,,,,,,,,,,ILOJOJ_clean,573.3
IMACND_clean,4.34425,3.82182,4.33967,1.80066,838.501,465.663,0.0,0.0,0.5398,0.299779,0.0,Nd,Yes,Nd,clean,N,Y,Y,,N,,,,,,,,,,,,,,,,,,,,,,IMACND_clean,176.9
IMAGAG_clean,5.63215,4.41962,5.58123,0.709614,2844.3,4008.23,0.0,0.0,0.7052,0.99378,0.0,Zn,Yes,Zn,clean,Y,Y,Y,,N,,,,,,,,,,,,,,,,,,,,,,IMAGAG_clean,639.3
IMAXUR_clean,9.35814,4.03338,9.35814,0.94009,1810.27,1925.64,0.0,0.0,0.6284,0.668447,0.0,Cu,Yes,Cu,clean,Y,Y,Y,,N,,,,,,,,,,,,,,,,,,,,,,IMAXUR_clean,1737.9
IMEDOV_clean,8.12382,4.26401,8.12382,1.06775,893.804,837.087,12.2034,11.4291,0.5044,0.472393,0.0,Ni,Yes,Ni,clean,Y,Y,Y,,N,,,,,,,,,,,,,,,,,,,,,,IMEDOV_clean,3384.3
IMISIH_clean,5.27982,3.88793,5.27982,1.92173,1036.22,539.212,0.0,0.0,0.5212,0.271214,0.0,Cu,Yes,Cu,clean,Y,Y,Y,,N,,,,,,,,,,,,,,,,,,,,,,IMISIH_clean,1652.8
IMUTUG_ion_b,8.41076,5.98943,8.40503,1.06348,2136.59,2009.05,13.7433,12.9229,0.6802,0.639596,0.0,In,Yes,In,ion_b,Y,Y,Y,,N,,,,,,,,,,,,,,,,,,,,,,IMUTUG_ion_b,2962.2
INAMUG_clean,5.65697,3.6533,5.65697,1.24473,444.163,356.836,0.0,0.0,0.424,0.340637,0.0,Co,Yes,Co,clean,Y,Y,Y,,N,,,,,,,,,,,,,,,,,,,,,,INAMUG_clean,517.6
INARUM_clean,4.27147,3.60968,4.26595,1.49233,736.38,493.444,0.0,0.0,0.5148,0.344964,0.0,Zn,Yes,Zn,clean,Y,Y,Y,,N,,,,,,,,,,,,,,,,,,,,,,INARUM_clean,1115.8
INIDAL_clean,4.50397,3.74534,4.50292,2.3554,849.004,360.45,0.0,0.0,0.4596,0.195126,0.0,Ga,No, ,clean,N,Y,Y,,N,,,,,,,,,,,,,,,,,,,,,,INIDAL_clean,2239.7
INIGET_clean,5.272,3.4615,5.24671,1.60135,599.11,374.128,0.0,0.0,0.458,0.286009,0.0,"Mo,Ni",Yes,Mo,clean,Y,Y,Y,,N,,,,,,,,,,,,,,,,,,,,,,INIGET_clean,1739.0
INIQUR_clean,6.2915,4.5306,6.2915,1.16326,1032.52,887.604,0.0,0.0,0.5158,0.443408,0.0,"Ni,Fe",Yes,Ni,clean,Y,Y,Y,,N,,,,,,,,,,,,,,,,,,,,,,INIQUR_clean,376.9
INIRAA_clean,5.29891,3.4654,5.27682,1.58723,589.473,371.386,0.0,0.0,0.45,0.283514,0.0,"Mo,Co",Yes,Mo,clean,Y,Y,Y,,N,,,,,,,,,,,,,,,,,,,,,,INIRAA_clean,1739.1
INIRAY01_clean,6.20577,4.3891,6.20321,1.19479,1004.19,840.475,0.0,0.0,0.5078,0.42501,0.0,"Ni,Co",Yes,Ni,clean,Y,Y,Y,,N,,,,,,,,,,,,,,,,,,,,,,INIRAY01_clean,703.3
INIRAY_clean,6.42335,4.78031,6.35158,1.15007,1090.31,948.038,0.0,0.0,0.529,0.459971,0.0,"Ni,Co",Yes,Ni,clean,Y,Y,Y,,N,,,,,,,,,,,,,,,,,,,,,,INIRAY_clean,382.0
INIRII_clean,7.50885,6.39264,7.49963,2.36792,800.533,338.074,0.947654,0.400205,0.4536,0.19156,0.0,"Tb,Ge",Yes,"Tb,Ge",clean,Y,Y,Y,,N,,,,,,,,,,,,,,,,,,,,,,INIRII_clean,1433.0
INOMIJ_clean,7.95221,7.58337,7.95221,0.978026,1630.8,1667.44,0.0,0.0,0.607,0.620638,0.0,Ca,Yes,Ca,clean,Y,Y,Y,,N,,,,,,,,,,,,,,,,,,,,,,INOMIJ_clean,1440.2
INOMOP01_clean,5.44312,5.07173,5.44201,1.06786,1357.09,1270.86,0.0,0.0,0.5604,0.52479,0.0,Ca,Yes,Ca,clean,N,Y,Y,,N,,,,,,,,,,,,,,,,,,,,,,INOMOP01_clean,669.0
INOMOP_clean,5.26106,4.80157,5.24412,1.1048,1287.23,1165.13,0.0,0.0,0.553,0.500544,0.0,Ca,Yes,Ca,clean,N,Y,Y,,N,,,,,,,,,,,,,,,,,,,,,,INOMOP_clean,647.7
INOVEN_clean,6.5916,4.86656,6.58623,1.1112,2296.52,2066.7,0.0,0.0,0.6394,0.575413,0.0,Gd,Yes,Gd,clean,Y,Y,Y,,N,,,,,,,,,,,,,,,,,,,,,,INOVEN_clean,729.5
IPICOA_clean,5.44441,4.81551,5.37454,1.57966,1489.86,943.154,0.0,0.0,0.6242,0.395149,0.0,Zn,No, ,clean,Y,Y,Y,,N,,,,,,,,,,,,,,,,,,,,,,IPICOA_clean,432.0
IPIDUH_clean,5.17469,3.85894,5.16774,1.5676,1161.37,740.859,0.0,0.0,0.5352,0.341413,0.0,Ag,Yes,Ag,clean,Y,Y,Y,,N,,,,,,,,,,,,,,,,,,,,,,IPIDUH_clean,872.4
IPIFAP_clean,7.07203,5.90208,7.07203,1.44306,1593.23,1104.06,0.0,0.0,0.6048,0.419109,0.0,Ag,Yes,Ag,clean,Y,Y,Y,,N,,,,,,,,,,,,,,,,,,,,,,IPIFAP_clean,578.3
IPIHIA_clean,4.19682,3.6848,4.18995,1.35995,968.941,712.483,0.0,0.0,0.4832,0.355307,0.0,Cd,Yes,Cd,clean,Y,Y,Y,,N,,,,,,,,,,,,,,,,,,,,,,IPIHIA_clean,1783.0
IPIJEY_clean,5.9118,5.17695,5.9118,1.3358,1030.18,771.213,0.0,0.0,0.4974,0.372363,0.0,Zn,Yes,Zn,clean,Y,Y,Y,,N,,,,,,,,,,,,,,,,,,,,,,IPIJEY_clean,732.4
IPIJUM_clean,5.58529,4.21049,5.58529,1.73559,1483.34,854.658,0.0,0.0,0.546,0.314591,0.0,Er,Yes,Er,clean,Y,Y,Y,,N,,,,,,,,,,,,,,,,,,,,,,IPIJUM_clean,578.5
IQABEJ_clean,5.1026,4.0827,5.09122,1.64165,725.772,442.098,0.0,0.0,0.4456,0.271434,0.0,Co,Yes,Co,clean,Y,Y,Y,,N,,,,,,,,,,,,,,,,,,,,,,IQABEJ_clean,528.2
IQECIS_clean,8.1309,7.21043,8.08032,0.715898,2174.72,3037.76,0.0,0.0,0.7158,0.999863,0.0,Co,No, ,clean,Y,Y,Y,,N,,,,,,,,,,,,,,,,,,,,,,IQECIS_clean,3707.6
IQEKOG_clean,6.56789,4.70003,6.53165,0.994726,2095.71,2106.82,0.0,0.0,0.6568,0.660283,0.0,Zn,Yes,Zn,clean,Y,Y,Y,,N,,,,,,,,,,,,,,,,,,,,,,IQEKOG_clean,2315.2
IQEKUM_clean,5.23045,4.40009,5.21843,1.19945,1749.75,1458.79,0.0,0.0,0.58,0.483556,0.0,Zn,Yes,Zn,clean,Y,Y,Y,,N,,,,,,,,,,,,,,,,,,,,,,IQEKUM_clean,1443.2
IQEWOQ_clean,5.16976,4.01341,5.16976,1.5881,979.709,616.905,0.0,0.0,0.4814,0.303129,0.0,Mn,No, ,clean,Y,Y,Y,,N,,,,,,,,,,,,,,,,,,,,,,IQEWOQ_clean,420.5
IQILIF_clean,7.54585,4.55729,7.31598,0.9871,1707.16,1729.47,0.0,0.0,0.5864,0.594063,0.0,"Bi,K",Yes,"Bi,K",clean,Y,Y,Y,,N,,,,,,,,,,,,,,,,,,,,,,IQILIF_clean,1829.6
IQOHUT_clean,6.95469,5.55862,6.9488,0.866054,1696.91,1959.36,0.0,0.0,0.6176,0.71312,0.0,Co,Yes,Co,clean,Y,Y,Y,,N,,,,,,,,,,,,,,,,,,,,,,IQOHUT_clean,1452.1
IQOJAB_clean,5.87643,3.82611,5.87109,1.02895,1467.53,1426.23,25.3077,24.5957,0.5682,0.552213,0.0,Zn,Yes,Zn,clean,Y,Y,Y,,N,,,,,,,,,,,,,,,,,,,,,,IQOJAB_clean,2159.1
IQOJEF_clean,6.3031,3.72946,5.90938,1.09859,1022.71,930.932,0.0,0.0,0.506,0.460592,0.0,Zn,Yes,Zn,clean,Y,Y,Y,,N,,,,,,,,,,,,,,,,,,,,,,IQOJEF_clean,2460.0
IQOKEG_clean,7.17756,4.14343,7.15508,0.93657,1757.51,1876.54,0.0,0.0,0.5934,0.633589,0.0,"Mn,Si",No, ,clean,N,Y,Y,,N,,,,,,,,,,,,,,,,,,,,,,IQOKEG_clean,1509.1
IQOKIK_clean,6.46497,4.73774,6.45982,0.941841,1852.78,1967.19,0.0,0.0,0.5902,0.626645,0.0,"Mn,Si",Yes,Mn,clean,Y,Y,Y,,N,,,,,,,,,,,,,,,,,,,,,,IQOKIK_clean,3525.8
IQUCOO_clean,6.46968,5.45118,6.44712,1.037,1366.21,1317.47,0.0,0.0,0.5412,0.521892,0.0,Mg,Yes,Mg,clean,N,Y,Y,,N,,,,,,,,,,,,,,,,,,,,,,IQUCOO_clean,1189.1
IRAHUF_clean,4.40761,3.65968,4.40667,2.37748,766.685,322.478,0.0,0.0,0.4662,0.19609,0.0,Ga,No, ,clean,Y,Y,Y,,N,,,,,,,,,,,,,,,,,,,,,,IRAHUF_clean,2110.4
IRAJER_clean,5.44662,5.0231,5.44662,2.01995,992.271,491.236,0.0,0.0,0.4872,0.241195,0.0,Ga,No, ,clean,Y,Y,Y,,N,,,,,,,,,,,,,,,,,,,,,,IRAJER_clean,2609.3
IRAYOQ_clean,5.78238,3.66955,5.46102,1.63677,1152.51,704.133,59.8933,36.5923,0.516,0.315255,0.0,V,Yes,V,clean,Y,Y,Y,,N,,,,,,,,,,,,,,,,,,,,,,IRAYOQ_clean,2007.5
IRELAU_clean,6.04901,3.48029,6.04818,1.13995,1676.5,1470.68,0.0,0.0,0.5904,0.517916,0.0,Zn,Yes,Zn,clean,Y,Y,Y,,N,,,,,,,,,,,,,,,,,,,,,,IRELAU_clean,1331.5
IROVAO_clean,6.12408,5.59581,6.1197,2.89163,1515.71,524.173,0.0,0.0,0.544,0.188129,0.0,U,Yes,U,clean,Y,Y,Y,,N,,,,,,,,,,,,,,,,,,,,,,IROVAO_clean,500.4
IROVES_clean,4.99754,4.47196,4.99754,2.88324,1161.14,402.721,0.0,0.0,0.4772,0.165508,0.0,"Zn,U",Yes,"Zn,U",clean,Y,Y,Y,,N,,,,,,,,,,,,,,,,,,,,,,IROVES_clean,857.6
ISUCUV_clean,5.63872,3.87203,5.63872,1.06793,1382.56,1294.62,0.0,0.0,0.5686,0.532434,0.0,Fe,Yes,Fe,clean,N,Y,Y,,N,,,,,,,,,,,,,,,,,,,,,,ISUCUV_clean,1497.1
ITAPAU_clean,4.795,4.07473,4.77797,1.13588,2690.44,2368.6,0.0,0.0,0.6968,0.613446,0.0,Cu,Yes,Cu,clean,Y,Y,Y,,N,,,,,,,,,,,,,,,,,,,,,,ITAPAU_clean,337.7
ITAPIC_clean,5.53493,4.56275,5.50447,0.932577,3320.52,3560.59,0.0,0.0,0.7606,0.815589,0.0,Cu,Yes,Cu,clean,Y,Y,Y,,N,,,,,,,,,,,,,,,,,,,,,,ITAPIC_clean,259.2
ITIBOD_clean,4.51038,3.48306,4.50833,2.426,458.262,188.896,79.7243,32.8625,0.4254,0.17535,0.0,Cd,Yes,Cd,clean,N,Y,Y,,N,,,,,,,,,,,,,,,,,,,,,,ITIBOD_clean,1076.1
ITIPAE_clean,5.03819,3.84363,5.03819,1.81693,898.58,494.56,0.0,0.0,0.4852,0.267044,0.0,Zn,No, ,clean,Y,Y,Y,,N,,,,,,,,,,,,,,,,,,,,,,ITIPAE_clean,621.4
ITIPOS_clean,9.85225,8.07125,9.85225,1.06602,1798.13,1686.76,17.9557,16.8436,0.664,0.622875,0.0,"Ca,Cu",Yes,Cu,clean,Y,Y,Y,,N,,,,,,,,,,,,,,,,,,,,,,ITIPOS_clean,540.5
ITIWAK_clean,5.0332,4.12661,5.01239,1.10257,950.216,861.818,65.1005,59.0442,0.5042,0.457294,0.0,Cd,No, ,clean,Y,Y,Y,,N,,,,,,,,,,,,,,,,,,,,,,ITIWAK_clean,1359.9
ITIWEO_clean,5.00227,4.2399,4.99534,1.10398,955.442,865.452,106.221,96.2163,0.515,0.466494,0.0,Cd,No, ,clean,Y,Y,Y,,N,,,,,,,,,,,,,,,,,,,,,,ITIWEO_clean,1499.4
ITOSEQ_clean,5.53585,3.92423,5.52778,1.23909,1879.29,1516.67,0.0,0.0,0.6304,0.508762,0.0,Zn,No, ,clean,Y,Y,Y,,N,,,,,,,,,,,,,,,,,,,,,,ITOSEQ_clean,3041.0
IVEHEW_manual,8.08882,6.64746,8.02924,0.857961,1988.29,2317.45,0.0,0.0,0.6604,0.769732,0.0,Cu,No, ,manual,Y,Y,Y,,N,,,,,,,,,,,,,,,,,,,,,,IVEHEW_manual,601.2
IVEQAC_clean,4.74809,3.58509,4.40546,1.51827,638.51,420.551,0.0,0.0,0.4406,0.290199,0.0,Ti,No, ,clean,Y,Y,Y,,N,,,,,,,,,,,,,,,,,,,,,,IVEQAC_clean,716.2
IVETOT_clean,10.10291,7.15637,9.84044,0.681717,1733.15,2542.34,0.0,0.0,0.6842,1.00364,0.0,Cu,Yes,Cu,clean,Y,Y,Y,,N,,,,,,,,,,,,,,,,,,,,,,IVETOT_clean,252.5
IVILEG_clean,14.1452,13.26623,14.13413,0.718024,1541.13,2146.34,0.0,0.0,0.7232,1.00721,0.0,Zn,Yes,Zn,clean,Y,Y,Y,,N,,,,,,,,,,,,,,,,,,,,,,IVILEG_clean,337.0
IVOCON_clean,5.24294,3.86797,5.24294,1.46762,1975.27,1345.9,0.0,0.0,0.64,0.436082,0.0,Zn,No, ,clean,Y,Y,Y,,N,,,,,,,,,,,,,,,,,,,,,,IVOCON_clean,1190.7
IVOGUX_clean,5.27459,4.52668,5.27459,1.48634,1223.66,823.275,0.0,0.0,0.5418,0.36452,0.0,Zn,Yes,Zn,clean,Y,Y,Y,,N,,,,,,,,,,,,,,,,,,,,,,IVOGUX_clean,1367.1
IVUVIG_clean,6.23822,4.28609,6.22408,1.47829,1492.88,1009.86,0.0,0.0,0.5414,0.366233,0.0,Sm,Yes,Sm,clean,Y,Y,Y,,N,,,,,,,,,,,,,,,,,,,,,,IVUVIG_clean,823.0
IWAXUZ_clean,9.16743,4.27442,9.16743,1.02656,1732.45,1687.62,0.0,0.0,0.6018,0.586228,0.0,"Mg,Na",Yes,Na,clean,Y,Y,Y,,N,,,,,,,,,,,,,,,,,,,,,,IWAXUZ_clean,434.4
IWAYAG_clean,7.52525,4.29732,7.52525,1.3181,1385.19,1050.9,0.0,0.0,0.4828,0.366286,0.0,"Ca,K",Yes,K,clean,Y,Y,Y,,N,,,,,,,,,,,,,,,,,,,,,,IWAYAG_clean,212.7
IWAYEK_clean,9.36738,4.35185,9.36738,1.20213,1638.24,1362.78,0.0,0.0,0.576,0.479148,0.0,"Na,Mn",Yes,Na,clean,Y,Y,Y,,N,,,,,,,,,,,,,,,,,,,,,,IWAYEK_clean,178.1
IWAYIO_clean,9.10068,4.24338,9.10068,1.22219,1678.76,1373.57,0.0,0.0,0.5934,0.485524,0.0,"Na,Fe",Yes,Na,clean,Y,Y,Y,,N,,,,,,,,,,,,,,,,,,,,,,IWAYIO_clean,501.0
IWAYOU_clean,9.03723,4.17928,9.03723,1.25701,1700.75,1353.01,0.0,0.0,0.594,0.47255,0.0,"Na,Co",Yes,Na,clean,Y,Y,Y,,N,,,,,,,,,,,,,,,,,,,,,,IWAYOU_clean,364.4
IWAYUA_clean,9.10772,4.29795,9.10772,1.27221,1742.4,1369.58,0.0,0.0,0.6022,0.473349,0.0,"Na,Ni",Yes,Na,clean,Y,Y,Y,,N,,,,,,,,,,,,,,,,,,,,,,IWAYUA_clean,387.3
IWAZEL_clean,9.02688,4.19715,9.02563,1.29051,1705.91,1321.89,0.0,0.0,0.6062,0.469736,0.0,"Na,Zn",Yes,Na,clean,Y,Y,Y,,N,,,,,,,,,,,,,,,,,,,,,,IWAZEL_clean,515.9
IWAZIP_clean,9.36232,4.34831,9.36232,1.51484,1601.89,1057.47,0.0,0.0,0.5888,0.388687,0.0,"Cd,Na",Yes,"Cd,Na",clean,Y,Y,Y,,N,,,,,,,,,,,,,,,,,,,,,,IWAZIP_clean,191.0
IWELIG01_clean,4.6866,4.49829,4.6866,1.86798,511.71,273.938,140.313,75.1146,0.3994,0.213814,0.0,Co,No, ,clean,Y,Y,Y,,N,,,,,,,,,,,,,,,,,,,,,,IWELIG01_clean,1119.1
IWELIG_clean,4.69268,4.51959,4.68546,1.86097,534.218,287.064,156.241,83.9569,0.4064,0.218381,0.0,Co,No, ,clean,Y,Y,Y,,N,,,,,,,,,,,,,,,,,,,,,,IWELIG_clean,1156.1
IWEVAJ_clean,13.76426,6.67603,13.76426,0.642349,2372.68,3693.76,0.0,0.0,0.7784,1.2118,0.0,Cu,Yes,Cu,clean,Y,Y,Y,,N,,,,,,,,,,,,,,,,,,,,,,IWEVAJ_clean,2233.4
IWIPIO_clean,5.10392,4.12276,5.06017,1.12645,2627.06,2332.16,0.0,0.0,0.6972,0.618936,0.0,Cu,Yes,Cu,clean,Y,Y,Y,,N,,,,,,,,,,,,,,,,,,,,,,IWIPIO_clean,168.5
IWOKUC_clean,6.55692,5.28768,6.53155,0.964561,1220.6,1265.44,0.0,0.0,0.5288,0.548229,0.0,Fe,No, ,clean,Y,Y,Y,,N,,,,,,,,,,,,,,,,,,,,,,IWOKUC_clean,2481.8
IWOSAP_clean,4.764,3.76645,4.764,2.24785,751.282,334.223,0.0,0.0,0.4204,0.187023,0.0,Ho,Yes,Ho,clean,Y,Y,Y,,N,,,,,,,,,,,,,,,,,,,,,,IWOSAP_clean,483.9
IXAKAU_clean,6.35523,5.9549,6.33797,0.780645,2644.49,3387.58,0.0,0.0,0.7136,0.914116,0.0,Cu,Yes,Cu,clean,Y,Y,Y,,N,,,,,,,,,,,,,,,,,,,,,,IXAKAU_clean,1673.4
IXAZEO_clean,4.95392,4.38313,4.95392,1.49539,968.887,647.917,0.0,0.0,0.4732,0.31644,0.0,"La,K",Yes,"La,K",clean,Y,Y,Y,,N,,,,,,,,,,,,,,,,,,,,,,IXAZEO_clean,341.0
IXEBEU_clean,4.63531,3.53624,4.63082,1.05655,1090.22,1031.87,0.0,0.0,0.503,0.476077,0.0,Co,Yes,Co,clean,Y,Y,Y,,N,,,,,,,,,,,,,,,,,,,,,,IXEBEU_clean,3035.2
IXECET_clean,8.30942,3.60945,8.30942,1.54442,1337.53,866.043,0.0,0.0,0.5456,0.353273,0.0,"Al,Co",No, ,clean,Y,Y,Y,,N,,,,,,,,,,,,,,,,,,,,,,IXECET_clean,1923.8
IXEJIG_clean,11.25458,10.39011,10.80502,0.837465,1965.46,2346.92,0.0,0.0,0.6976,0.83299,0.000955264,Zr,Yes,Zr,clean,Y,Y,Y,,N,,,,,,,,,,,,,,,,,,,,,,IXEJIG_clean,624.9
IXEJOL_clean,5.47758,4.11939,5.46905,1.8094,1349.53,745.844,0.0,0.0,0.534,0.295125,0.000331601,"Mo,Co",Yes,"Mo,Co",clean,Y,Y,Y,,N,,,,,,,,,,,,,,,,,,,,,,IXEJOL_clean,1537.6
IXEJOM_clean,15.02825,14.15107,15.02825,0.818993,2120.95,2589.7,0.0,0.0,0.749,0.914537,0.000244202,Zr,Yes,Zr,clean,Y,Y,Y,,N,,,,,,,,,,,,,,,,,,,,,,IXEJOM_clean,1021.1
IXIPAG_clean,7.26036,3.75863,5.90499,3.37203,985.803,292.347,369.675,109.63,0.5588,0.165716,0.0,"Mn,Re",Yes,"Mn,Re",clean,Y,Y,Y,,N,,,,,,,,,,,,,,,,,,,,,,IXIPAG_clean,611.1
IXIPEK_clean,7.04096,3.63154,5.75307,3.49876,924.617,264.27,341.824,97.6986,0.5428,0.155141,0.0,"Re,Co",Yes,"Re,Co",clean,Y,Y,Y,,N,,,,,,,,,,,,,,,,,,,,,,IXIPEK_clean,620.7
IXIPIO_clean,7.45471,4.20487,6.02758,3.27069,1181.85,361.346,334.28,102.205,0.5696,0.174153,0.0,"Mn,Re",Yes,"Mn,Re",clean,Y,Y,Y,,N,,,,,,,,,,,,,,,,,,,,,,IXIPIO_clean,607.3
IXISAJ_clean,5.70852,4.41794,5.70852,1.67395,1266.62,756.664,0.0,0.0,0.5296,0.316377,0.0,Cu,No, ,clean,Y,Y,Y,,N,,,,,,,,,,,,,,,,,,,,,,IXISAJ_clean,2335.2
IXISOX_clean,5.5699,4.33438,5.5699,1.93342,1150.89,595.258,0.0,0.0,0.516,0.266884,0.0,Cu,No, ,clean,Y,Y,Y,,N,,,,,,,,,,,,,,,,,,,,,,IXISOX_clean,2321.1
IXISOZ02_clean,4.74076,3.59919,4.72141,1.46415,983.567,671.767,0.0,0.0,0.4992,0.340949,0.0,Eu,No, ,clean,Y,Y,Y,,N,,,,,,,,,,,,,,,,,,,,,,IXISOZ02_clean,2575.5
IXISUD_clean,7.1533,3.82815,7.1533,2.06709,831.561,402.286,84.7168,40.9836,0.496,0.239951,0.0,Cu,No, ,clean,Y,Y,Y,,N,,,,,,,,,,,,,,,,,,,,,,IXISUD_clean,1552.6
IXODUV_clean,6.94577,6.48704,6.94195,1.01181,1784.75,1763.93,0.0,0.0,0.629,0.621659,0.0,V,No, ,clean,Y,Y,Y,,N,,,,,,,,,,,,,,,,,,,,,,IXODUV_clean,984.8
IXOFAD_clean,7.25204,6.74283,7.23817,1.01031,1741.08,1723.31,0.0,0.0,0.638,0.631491,0.0,V,No, ,clean,Y,Y,Y,,N,,,,,,,,,,,,,,,,,,,,,,IXOFAD_clean,996.7
IXOFEH_clean,7.08623,6.6722,7.07786,1.02717,1639.04,1595.68,0.0,0.0,0.6198,0.603404,0.0,V,No, ,clean,Y,Y,Y,,N,,,,,,,,,,,,,,,,,,,,,,IXOFEH_clean,918.4
IXOFIL_clean,7.14051,6.67398,7.10365,1.01557,1692.36,1666.42,0.0,0.0,0.624,0.614435,0.0,V,No, ,clean,Y,Y,Y,,N,,,,,,,,,,,,,,,,,,,,,,IXOFIL_clean,961.0
IXOFOR_clean,6.58573,6.10481,6.58573,1.02216,1741.26,1703.51,0.0,0.0,0.611,0.597752,0.0,V,No, ,clean,Y,Y,Y,,N,,,,,,,,,,,,,,,,,,,,,,IXOFOR_clean,920.4
IXOFUX01_clean,6.87071,6.41176,6.84188,1.00146,1800.87,1798.25,0.0,0.0,0.6308,0.629881,0.0,V,No, ,clean,Y,Y,Y,,N,,,,,,,,,,,,,,,,,,,,,,IXOFUX01_clean,994.0
IXOFUX_clean,7.08508,6.6128,7.06755,1.00152,1792.17,1789.44,0.0,0.0,0.6318,0.63084,0.0,V,No, ,clean,Y,Y,Y,,N,,,,,,,,,,,,,,,,,,,,,,IXOFUX_clean,986.0
IXUQOJ_clean,5.21271,3.78909,5.02943,1.47771,847.063,573.227,0.228953,0.154938,0.4794,0.324421,0.0,Zn,Yes,Zn,clean,N,Y,Y,,N,,,,,,,,,,,,,,,,,,,,,,IXUQOJ_clean,2620.6
IXUQUO_clean,6.17038,3.88626,6.17038,1.0897,1053.12,966.424,109.804,100.765,0.5652,0.518674,0.0,Zn,Yes,Zn,clean,Y,Y,Y,,N,,,,,,,,,,,,,,,,,,,,,,IXUQUO_clean,1169.2
IXURID_clean,5.42414,4.17526,5.42124,1.15055,1597.74,1388.68,0.0,0.0,0.5668,0.492633,0.0,Zn,Yes,Zn,clean,Y,Y,Y,,N,,,,,,,,,,,,,,,,,,,,,,IXURID_clean,1082.8
IXUWII_clean,7.47721,5.13969,7.4691,0.925259,1534.87,1658.86,0.0,0.0,0.5898,0.637443,0.0,Co,No, ,clean,Y,Y,Y,,N,,,,,,,,,,,,,,,,,,,,,,IXUWII_clean,1052.8
IYAJID_clean,7.03999,4.83767,7.03999,1.19258,1520.7,1275.13,0.0,0.0,0.565,0.473761,0.0,"Cd,Na",No, ,clean,Y,Y,Y,,N,,,,,,,,,,,,,,,,,,,,,,IYAJID_clean,944.2
IYAJOJ_clean,6.96485,4.61788,6.92434,1.17533,1527.18,1299.36,0.0,0.0,0.552,0.469655,0.0,"Cd,Na,K",Yes,Na,clean,Y,Y,Y,,N,,,,,,,,,,,,,,,,,,,,,,IYAJOJ_clean,922.0
IYAJUP_clean,6.42992,4.57524,6.40815,1.20914,1470.44,1216.1,0.0,0.0,0.515,0.425922,0.0,"Cd,K",Yes,K,clean,Y,Y,Y,,N,,,,,,,,,,,,,,,,,,,,,,IYAJUP_clean,3149.7
IYAKAW_clean,7.04175,4.93619,7.01576,1.16871,1555.91,1331.31,0.0,0.0,0.5758,0.492679,0.0,"Cd,Mg",No, ,clean,Y,Y,Y,,N,,,,,,,,,,,,,,,,,,,,,,IYAKAW_clean,914.4
IYAKIE_clean,7.40162,5.12822,7.38112,0.935395,2309.49,2469.0,0.0,0.0,0.6746,0.721193,0.0,"Ca,Cd",Yes,Cd,clean,Y,Y,Y,,N,,,,,,,,,,,,,,,,,,,,,,IYAKIE_clean,1088.4
IYASOS_clean,5.79357,5.23786,5.68144,1.42202,1531.27,1076.83,0.0,0.0,0.5756,0.404777,0.0,Cd,Yes,Cd,clean,N,Y,Y,,N,,,,,,,,,,,,,,,,,,,,,,IYASOS_clean,1243.2
IYAYUE_clean,6.14666,4.14311,6.14666,1.13268,1552.87,1370.97,0.0,0.0,0.598,0.527951,0.0,"Ca,Cu",Yes,"Ca,Cu",clean,N,Y,Y,,N,,,,,,,,,,,,,,,,,,,,,,IYAYUE_clean,725.3
IYEHAX_clean,8.64445,5.92674,8.64445,0.762449,2402.32,3150.79,0.0,0.0,0.7046,0.924127,0.0,Cu,Yes,Cu,clean,Y,Y,Y,,N,,,,,,,,,,,,,,,,,,,,,,IYEHAX_clean,941.6
IYEPUZ_clean,9.24057,8.58239,9.23056,0.696077,2043.12,2935.2,0.0,0.0,0.7082,1.01742,0.0,Mn,Yes,Mn,clean,Y,Y,Y,,N,,,,,,,,,,,,,,,,,,,,,,IYEPUZ_clean,682.5
IYESUC_clean,9.19521,5.52341,9.19263,0.879294,1974.29,2245.31,0.0,0.0,0.637,0.724444,0.0,"In,Co",Yes,Co,clean,Y,Y,Y,,N,,,,,,,,,,,,,,,,,,,,,,IYESUC_clean,702.3
IYEXOZ_clean,5.1071,3.62688,5.0939,2.43583,1067.8,438.373,0.0,0.0,0.4574,0.18778,0.0,"Mo,Na,Co",Yes,"Mo,Na,Co",clean,N,Y,Y,,N,,,,,,,,,,,,,,,,,,,,,,IYEXOZ_clean,2081.9
IYICUP_clean,7.48898,5.2438,6.05899,1.02061,1910.86,1872.27,0.0,0.0,0.6306,0.617866,0.0,"La,Co",No, ,clean,Y,Y,Y,,N,,,,,,,,,,,,,,,,,,,,,,IYICUP_clean,1500.6
IYOBAA_clean,7.42959,4.86526,7.42403,1.59483,1008.69,632.478,0.0,0.0,0.5194,0.325678,0.0,"W,Cu",Yes,"W,Cu",clean,Y,Y,Y,,N,,,,,,,,,,,,,,,,,,,,,,IYOBAA_clean,1405.8
IYOCIK_clean,8.71773,6.01818,8.7094,1.33605,1729.76,1294.69,0.0,0.0,0.6404,0.479325,0.0,Zn,No, ,clean,Y,Y,Y,,N,,,,,,,,,,,,,,,,,,,,,,IYOCIK_clean,466.3
IYOCOQ_clean,8.6676,5.83377,8.6676,1.34426,1726.36,1284.24,0.0,0.0,0.6354,0.472675,0.0,Zn,No, ,clean,Y,Y,Y,,N,,,,,,,,,,,,,,,,,,,,,,IYOCOQ_clean,492.7
IYODAD_clean,9.11936,6.31963,9.11936,1.11347,1733.11,1556.5,0.0,0.0,0.6578,0.590765,0.0,Zn,No, ,clean,Y,Y,Y,,N,,,,,,,,,,,,,,,,,,,,,,IYODAD_clean,478.3
IYOQAQ_clean,5.30249,4.25008,5.30179,1.48751,1231.76,828.073,0.0,0.0,0.5432,0.365175,0.0,Zn,Yes,Zn,clean,Y,Y,Y,,N,,,,,,,,,,,,,,,,,,,,,,IYOQAQ_clean,1480.2
IYOSUM_clean,6.18145,3.97754,6.17448,0.943184,2480.99,2630.44,0.0,0.0,0.6618,0.701666,0.0,Dy,Yes,Dy,clean,Y,Y,Y,,N,,,,,,,,,,,,,,,,,,,,,,IYOSUM_clean,1947.1
IYOTAT_clean,6.12724,4.05651,6.12724,0.946965,2470.71,2609.08,0.0,0.0,0.6612,0.698231,0.000211201,Tb,Yes,Tb,clean,Y,Y,Y,,N,,,,,,,,,,,,,,,,,,,,,,IYOTAT_clean,1942.3
IYOVIC_clean,5.24908,4.57848,5.22659,1.96351,1130.31,575.658,0.0,0.0,0.4956,0.252406,0.0,Eu,No, ,clean,Y,Y,Y,,N,,,,,,,,,,,,,,,,,,,,,,IYOVIC_clean,1026.5
IYOWID_manual,20.51668,7.7477,20.51668,0.405068,1929.7,4763.89,0.0,0.0,0.822,2.02929,0.0,Zn,No, ,manual,Y,Y,Y,,N,,,,,,,,,,,,,,,,,,,,,,IYOWID_manual,4515.6
IYUCEM_clean,9.38043,8.88789,9.38043,1.09901,1267.7,1153.49,0.0,0.0,0.5774,0.525384,0.0,Eu,Yes,Eu,clean,Y,Y,Y,,N,,,,,,,,,,,,,,,,,,,,,,IYUCEM_clean,529.2
IYUCIQ_clean,9.96651,8.62113,9.96126,0.918137,1921.78,2093.13,0.0,0.0,0.6824,0.743244,0.0,Dy,No, ,clean,Y,Y,Y,,N,,,,,,,,,,,,,,,,,,,,,,IYUCIQ_clean,513.9
IYUHOA_clean,7.25841,4.65632,7.2501,1.15015,1882.43,1636.69,0.0,0.0,0.5978,0.519759,0.0,In,No, ,clean,Y,Y,Y,,N,,,,,,,,,,,,,,,,,,,,,,IYUHOA_clean,3631.3
IYUHUG_ion_b,9.1569,7.01562,9.1569,0.894019,1922.0,2149.85,0.0,0.0,0.6824,0.763294,0.0,In,No, ,ion_b,Y,Y,Y,,N,,,,,,,,,,,,,,,,,,,,,,IYUHUG_ion_b,1638.1
IYUJAO_clean,6.23359,4.26512,6.23359,1.39701,1111.0,795.271,29.8587,21.3733,0.5102,0.365209,0.0,In,Yes,In,clean,Y,Y,Y,,N,,,,,,,,,,,,,,,,,,,,,,IYUJAO_clean,752.8
IYUQEZ_clean,14.23268,4.75487,14.22709,0.637403,1240.77,1946.61,289.582,454.315,0.6812,1.06871,0.0,Na,Yes,Na,clean,Y,Y,Y,,N,,,,,,,,,,,,,,,,,,,,,,IYUQEZ_clean,435.6
IYUQID_clean,15.09176,9.842,15.04915,0.561619,1319.58,2349.59,286.013,509.264,0.7206,1.28308,0.0,Na,Yes,Na,clean,Y,Y,Y,,N,,,,,,,,,,,,,,,,,,,,,,IYUQID_clean,319.2
IZEBAR_clean,6.51824,4.42782,6.29573,1.10634,2352.12,2126.04,0.0,0.0,0.625,0.564928,0.0,Tb,Yes,Tb,clean,Y,Y,Y,,N,,,,,,,,,,,,,,,,,,,,,,IZEBAR_clean,801.7
IZEBEV_clean,3.9737,3.59297,3.9737,1.83936,288.006,156.579,0.0,0.0,0.4124,0.224208,0.0,Cd,Yes,Cd,clean,Y,Y,Y,,N,,,,,,,,,,,,,,,,,,,,,,IZEBEV_clean,380.1
IZENEI_clean,10.5915,5.77104,6.52601,1.2271,1126.31,917.867,613.387,499.868,0.6526,0.531824,0.0,In,No, ,clean,Y,Y,Y,,N,,,,,,,,,,,,,,,,,,,,,,IZENEI_clean,5689.7
IZENIM_clean,10.57534,5.75707,6.51584,1.38426,1059.32,765.262,606.777,438.341,0.6424,0.464076,0.0,In,No, ,clean,Y,Y,Y,,N,,,,,,,,,,,,,,,,,,,,,,IZENIM_clean,5757.5
IZENUY_clean,10.28405,5.66029,7.85884,0.907624,1488.62,1640.12,573.454,631.819,0.6758,0.744581,0.0,Fe,Yes,Fe,clean,Y,Y,Y,,N,,,,,,,,,,,,,,,,,,,,,,IZENUY_clean,3745.9
IZEPAF_clean,24.1004,7.53546,24.1004,0.570649,1958.05,3431.26,0.0,0.0,0.7816,1.36967,0.0,Cr,Yes,Cr,clean,Y,Y,Y,,N,,,,,,,,,,,,,,,,,,,,,,IZEPAF_clean,206.6
IZEPEJ_clean,23.87439,6.75259,21.66541,0.54542,1808.89,3316.52,0.0,0.0,0.7792,1.42862,0.0,Cr,Yes,Cr,clean,Y,Y,Y,,N,,,,,,,,,,,,,,,,,,,,,,IZEPEJ_clean,904.1
IZEQUB_clean,6.84955,5.26119,6.84595,0.91964,1931.75,2100.55,0.9049,0.983971,0.6246,0.679179,0.0,Ni,Yes,Ni,clean,Y,Y,Y,,N,,,,,,,,,,,,,,,,,,,,,,IZEQUB_clean,3077.4
IZERAI_clean,21.81992,21.11699,21.81992,0.624269,1355.09,2170.68,0.0,0.0,0.7802,1.24978,0.0,Ni,Yes,Ni,clean,Y,Y,Y,,N,,,,,,,,,,,,,,,,,,,,,,IZERAI_clean,2475.7
IZEWAN_clean,9.04728,8.48639,9.03641,0.87931,1735.67,1973.9,0.0,0.0,0.6642,0.755365,0.0,Zn,Yes,Zn,clean,Y,Y,Y,,N,,,,,,,,,,,,,,,,,,,,,,IZEWAN_clean,830.1
IZIGUV_clean,8.5642,7.08912,8.42042,0.715311,2209.59,3088.99,0.0,0.0,0.7258,1.01466,0.0,In,Yes,In,clean,Y,Y,Y,,N,,,,,,,,,,,,,,,,,,,,,,IZIGUV_clean,3822.5
IZIHAC_clean,7.3243,5.53893,7.31909,1.3207,1515.57,1147.55,0.0,0.0,0.5694,0.431134,0.0,Sm,Yes,Sm,clean,Y,Y,Y,,N,,,,,,,,,,,,,,,,,,,,,,IZIHAC_clean,1419.7
IZIHEG_clean,7.25076,5.4614,7.24597,1.35223,1495.67,1106.08,0.0,0.0,0.5682,0.420196,0.0,Eu,Yes,Eu,clean,Y,Y,Y,,N,,,,,,,,,,,,,,,,,,,,,,IZIHEG_clean,1434.6
IZIHOQ_clean,7.0561,5.32108,7.05322,1.40869,1409.46,1000.55,0.0,0.0,0.555,0.393983,0.0,Dy,Yes,Dy,clean,Y,Y,Y,,N,,,,,,,,,,,,,,,,,,,,,,IZIHOQ_clean,1333.8
IZISEQ_clean,4.08842,3.70736,4.08842,1.02254,520.647,509.17,0.0,0.0,0.4678,0.457489,0.0,"Ni,Si",Yes,Ni,clean,N,Y,Y,,N,,,,,,,,,,,,,,,,,,,,,,IZISEQ_clean,3397.3
IZOWAW_clean,18.94727,10.51321,18.93676,1.00603,1791.25,1780.51,0.0981256,0.0975376,0.7888,0.784073,0.0,"Mo,Zn",Yes,"Mo,Zn",clean,Y,Y,Y,,N,,,,,,,,,,,,,,,,,,,,,,IZOWAW_clean,567.9
IZOWEA_clean,9.72623,7.72143,9.71631,1.42425,2106.67,1479.15,0.0,0.0,0.696,0.488679,0.0,"Mo,Zn",Yes,Mo,clean,Y,Y,Y,,N,,,,,,,,,,,,,,,,,,,,,,IZOWEA_clean,658.1
IZUMUM_clean,5.57902,4.64149,5.57902,1.29431,1246.48,963.048,0.0,0.0,0.5324,0.411338,0.0,Cu,No, ,clean,Y,Y,Y,,N,,,,,,,,,,,,,,,,,,,,,,IZUMUM_clean,506.5
IZUVUV_clean,10.56188,10.34053,10.56188,0.902736,1518.51,1682.12,0.0,0.0,0.6572,0.728009,0.0,Zn,Yes,Zn,clean,Y,Y,Y,,N,,,,,,,,,,,,,,,,,,,,,,IZUVUV_clean,1184.7
ja039022msi20031007_110612_clean,4.94587,4.56356,4.94587,1.87531,744.519,397.011,0.0,0.0,0.4438,0.236654,0.0,Zn,No, ,clean,Y,N,Y,,Y,AWAROF,Y,02/04/2004,10.1021/ja039022m,"1 SI, 1 Structure",AWAROF,,,,,,,,,,,,,,,,ja039022msi20031007_110612_clean,901.9
ja074366osi20070816_031204_clean,15.02646,7.9821,15.02646,0.595037,2203.3,3702.8,0.0,0.0,0.8104,1.36193,0.0,Zn,No, ,clean,Y,N,Y,,Y,NIRZAQ,Y,09/01/2008,10.1021/ja074366o,"1 SI, 1 Structure",NIRZAQ,,,,,,,,,,,,,,,,ja074366osi20070816_031204_clean,258.1
ja0752540-file002_clean,8.14433,7.67619,8.14433,1.22499,2017.42,1646.89,0.0,0.0,0.654,0.533883,0.0,Zn,No, ,clean,Y,N,Y,,Y,CIWRAC,Y,17/05/2007,10.1021/ja0752540,"1 SI, 8 Structure",CIWRAC,CIWRAC,CIWREG,CIWRIK,CIWROQ,CIWRUW,CIWSAD,CIXBUH,CIXCAO,,,,,,,,ja0752540-file002_clean,4174.2
ja076167asi20070815_063752_clean,6.41846,5.04294,5.80487,0.848014,2489.2,2935.33,0.0,0.0,0.6344,0.748101,0.0,Zn,Yes,Zn,clean,Y,N,Y,,Y,VISGOU,Y,09/01/2008,10.1021/ja076167a,"1 SI, 1 Structure",VISGOU,,,,,,,,,,,,,,,,ja076167asi20070815_063752_clean,1426.4
ja109659k_si_002_clean,11.09415,6.65734,11.09415,1.14966,1274.48,1108.58,493.769,429.493,0.6432,0.559472,0.0,Cu,Yes,Cu,clean,Y,N,Y,,Y,EWESEF,Y,11/01/2009,10.1021/ja109659k,"1 SI, 1 Structure",EWESEF,,,,,,,,,,,,,,,,ja109659k_si_002_clean,627.4
ja110042b_si_003_clean,18.775,6.41603,18.72266,0.610707,2220.68,3636.25,0.0,0.0,0.7614,1.24675,0.0,Co,Yes,Co,clean,Y,N,Y,,N,,Y,04/08/2010,10.1021/ja110042b,"1 SI, 1 Structure",UXIRUP,,,,,,,,,,,,,,,,ja110042b_si_003_clean,2128.8
ja203898s_si_004_clean,9.14668,4.74188,9.0851,0.980647,1250.92,1275.61,461.53,470.638,0.6076,0.619591,0.0,Cu,No, ,clean,Y,N,Y,,Y,OHAGEL,Y,22/06/2015,10.1021/ja203898s,"1 SI, 1 Structure",OHAGEL,,,,,,,,,,,,,,,,ja203898s_si_004_clean,726.4
ja205976v_si_004_clean,8.87098,7.69354,8.87098,1.40672,1456.52,1035.4,0.0,0.0,0.5566,0.395672,0.0,Fe,No, ,clean,Y,N,Y,,Y,GUVZEE,Y,23/09/2015,10.1021/ja205976v,"1 SI, 1 Structure",GUVZEE,,,,,,,,,,,,,,,,ja205976v_si_004_clean,690.6
ja205976v_si_006_clean,11.60788,10.85998,11.60788,1.12671,1551.48,1377.0,0.0,0.0,0.6348,0.563411,0.0,Fe,Yes,Fe,clean,Y,N,Y,,Y,COKNOH01,Y,23/09/2015,10.1021/ja205976v,"1 SI, 1 Structure",COKNOH01,,,,,,,,,,,,,,,,ja205976v_si_006_clean,826.4
ja206917z_si_001_clean,5.82674,4.72231,5.76849,1.30832,751.163,574.141,0.193696,0.148049,0.5654,0.432156,0.0,"Cr,Mn",No, ,clean,Y,N,Y,,Y,KALQEV,Y,16/05/2011,10.1021/ja206917z,"1 SI, 1 Structure",KALQEV,,,,,,,,,,,,,,,,ja206917z_si_001_clean,373.5
ja300034j_si_002_clean,16.78888,16.71746,16.78888,0.713223,1373.37,1925.59,0.0,0.0,0.772,1.08241,0.0,Zn,Yes,Zn,clean,Y,N,Y,,Y,XUXPUD,Y,17/09/2015,10.1021/ja300034j,"1 SI, 1 Structure",XUXPUD,,,,,,,,,,,,,,,,ja300034j_si_002_clean,821.8
ja302110d_si_001_clean,8.24333,6.47099,8.10297,0.864634,1943.01,2247.2,0.0,0.0,0.666,0.770268,0.0,Cd,Yes,Cd,clean,Y,N,Y,,Y,KUYGOC,Y,23/09/2015,10.1021/ja302110d,"1 SI, 1 Structure",KUYGOC,,,,,,,,,,,,,,,,ja302110d_si_001_clean,1939.4
ja302340b_si_002_clean,8.31134,7.66102,8.31134,1.03479,1409.77,1362.37,116.194,112.287,0.5924,0.572482,0.0,"Cd,Ni",Yes,"Cd,Ni",clean,Y,N,Y,,Y,KUTCUZ,Y,22/09/2015,10.1021/ja302340b,"1 SI, 2 Structure",KUTCUZ,KUTCUZ,KUTDAG,,,,,,,,,,,,,,ja302340b_si_002_clean,1147.2
ja302380x_si_003_clean,6.15862,4.38483,5.85392,1.07794,1748.54,1622.12,0.0,0.0,0.6004,0.556988,0.0,"Cd,Cu",Yes,"Cd,Cu",clean,Y,N,Y,,Y,KUSRUN,Y,22/09/2015,10.1021/ja302380x,"1 SI, 1 Structure",KUSRUN,,,,,,,,,,,,,,,,ja302380x_si_003_clean,1571.4
ja3082523_si_004_clean,15.27185,8.36501,15.01039,0.495502,2200.94,4441.83,0.0,0.0,0.774,1.56205,0.0,Zn,No, ,clean,Y,N,Y,,N,,N,,,,,,,,,,,,,,,,,,,,ja3082523_si_004_clean,4477.6
ja308995t_si_002_clean,6.91507,6.43648,6.89159,1.15816,1047.86,904.763,0.0,0.0,0.5248,0.453131,0.0,Zn,No, ,clean,Y,N,Y,,N,,Y,11/07/2012,10.1021/ja308995t,"1 SI, 1 Structure",KEQJEX,,,,,,,,,,,,,,,,ja308995t_si_002_clean,588.1
ja4012707_si_003_clean,5.77734,4.61223,5.7686,1.06481,2227.7,2092.11,0.0,0.0,0.671,0.630159,0.0,Zn,No, ,clean,Y,N,Y,,N,,N,,,,,,,,,,,,,,,,,,,,ja4012707_si_003_clean,640.5
ja4012707_si_004_clean,6.17779,4.90836,6.17779,0.978371,2446.9,2500.99,0.0,0.0,0.6772,0.692171,0.0,Zn,No, ,clean,Y,N,Y,,N,,N,,,,,,,,,,,,,,,,,,,,ja4012707_si_004_clean,487.2
ja403810k_si_002_clean,24.11444,19.56277,24.11444,0.396669,1099.67,2772.25,0.0,0.0,0.86,2.16806,0.0,Zn,Yes,Zn,clean,Y,N,Y,,Y,TOCJAY,Y,20/02/2014,10.1021/ja403810k,"1 SI, 1 Structure",TOCJAY,,,,,,,,,,,,,,,,ja403810k_si_002_clean,5750.4
ja4050828_auto,29.28345,28.74884,29.27587,0.488759,1535.79,3142.23,0.0,0.0,0.8256,1.68918,0.0,Zr,No, ,auto,Y,N,Y,,Y,FIFFUX,Y,08/08/2013,10.1021/ja4050828,"1 SI, 1 Structure",FIFFUX,,,,,,,,,,,,,,,,ja4050828_auto,345.0
ja406030p_si_002_manual,11.77864,6.5918,11.60527,0.794772,2268.81,2854.67,0.0,0.0,0.7438,0.935866,0.0,"Zn,Cr",Yes,Cr,manual,Y,N,Y,,Y,YILBAY,Y,31/10/2013,10.1021/ja406030p,"1 SI, 1 Structure",YILBAY,,,,,,,,,,,,,,,,ja406030p_si_002_manual,747.2
ja406030p_si_003_clean,14.29207,10.12824,14.29207,0.648977,1825.21,2812.44,0.0,0.0,0.775,1.19419,0.0,"Zn,Cr",Yes,"Zn,Cr",clean,Y,N,Y,,Y,YILBEC,Y,31/10/2013,10.1021/ja406030p,"1 SI, 1 Structure",YILBEC,,,,,,,,,,,,,,,,ja406030p_si_003_clean,612.2
ja406030p_si_004_clean,12.47571,8.72571,12.47571,0.678618,1920.17,2829.53,0.0,0.0,0.7566,1.11491,0.0,"Zn,Cr",Yes,Cr,clean,Y,N,Y,,Y,YILBIG,Y,31/10/2013,10.1021/ja406030p,"1 SI, 1 Structure",YILBIG,,,,,,,,,,,,,,,,ja406030p_si_004_clean,740.1
ja406030p_si_005_manual,11.30323,7.62193,11.30323,0.677748,2157.76,3183.72,0.0,0.0,0.75,1.10661,0.0,"Zn,Cr",Yes,Cr,manual,Y,N,Y,,Y,YILBOM,Y,31/10/2013,10.1021/ja406030p,"1 SI, 1 Structure",YILBOM,,,,,,,,,,,,,,,,ja406030p_si_005_manual,850.7
ja406030p_si_006_manual,12.36076,7.19983,11.84038,0.687816,2106.83,3063.07,0.0,0.0,0.751,1.09186,0.0,"Zn,Cr",Yes,Cr,manual,Y,N,Y,,Y,YILBUS,Y,31/10/2013,10.1021/ja406030p,"1 SI, 1 Structure",YILBUS,,,,,,,,,,,,,,,,ja406030p_si_006_manual,855.4
ja406030p_si_007_manual,11.02963,8.4918,11.02963,0.735801,2134.61,2901.07,0.0,0.0,0.738,1.00299,0.0,"Zn,Cr",Yes,"Zn,Cr",manual,Y,N,Y,,Y,YILCAZ,Y,31/10/2013,10.1021/ja406030p,"1 SI, 1 Structure",YILCAZ,,,,,,,,,,,,,,,,ja406030p_si_007_manual,781.6
ja406030p_si_008_manual,11.82924,9.14708,11.82924,0.688549,2055.52,2985.28,0.0,0.0,0.7528,1.09331,0.0,"Zn,Cr",Yes,Cr,manual,Y,N,Y,,Y,YILCED,Y,31/10/2013,10.1021/ja406030p,"1 SI, 1 Structure",YILCED,,,,,,,,,,,,,,,,ja406030p_si_008_manual,839.5
ja406030p_si_009_manual,11.54376,6.59467,10.51794,0.708658,2222.43,3136.11,0.0,0.0,0.7352,1.03745,0.0,"Zn,Cr",Yes,Cr,manual,Y,N,Y,,Y,YILCIH,Y,31/10/2013,10.1021/ja406030p,"1 SI, 1 Structure",YILCIH,,,,,,,,,,,,,,,,ja406030p_si_009_manual,973.0
ja406844r_si_002_clean,11.4181,8.43938,10.92264,0.695103,2221.97,3196.61,0.0,0.0,0.7474,1.07524,0.0,Zr,No, ,clean,Y,N,Y,,Y,DODBUV,Y,05/05/2014,10.1021/ja406844r,"1 SI, 1 Structure",DODBUV,,,,,,,,,,,,,,,,ja406844r_si_002_clean,878.4
ja407778a_si_003_clean,5.65215,4.4572,5.65215,0.864214,1953.72,2260.69,0.0,0.0,0.6454,0.746806,0.0,Mg,Yes,Mg,clean,Y,N,Y,,Y,VAGTAA02,Y,24/09/2015,10.1021/ja407778a,"1 SI, 1 Structure",VAGTAA02,,,,,,,,,,,,,,,,ja407778a_si_003_clean,567.1
ja408959g_si_002_clean,31.07244,30.38497,31.07244,0.440944,1502.5,3407.47,0.0,0.0,0.8264,1.87416,0.000453572,Zr,No, ,clean,Y,N,Y,,N,,N,,,,,,,,,,,,,,,,,,,,ja408959g_si_002_clean,470.7
ja408959g_si_003_clean,17.33749,14.32817,17.33749,0.750299,1914.17,2551.21,1.3371,1.78209,0.7272,0.969213,0.00026656,Zr,No, ,clean,Y,N,Y,,N,,N,,,,,,,,,,,,,,,,,,,,ja408959g_si_003_clean,951.2
ja411887c_si_002_clean,11.91912,9.14993,11.89973,0.619221,2306.85,3725.41,0.0,0.0,0.7606,1.22832,0.0,Zn,Yes,Zn,clean,Y,N,Y,,Y,ONUCIL,Y,14/06/2016,10.1021/ja411887c,"1 SI, 1 Structure",ONUCIL,,,,,,,,,,,,,,,,ja411887c_si_002_clean,2936.9
ja500330a_si_005_clean,6.34772,3.79741,5.91821,1.34881,2067.47,1532.8,0.0,0.0,0.5966,0.442315,0.000444835,Zr,Yes,Zr,clean,Y,N,Y,,Y,BOHXED,Y,13/05/2014,10.1021/ja500330a,"1 SI, 1 Structure",BOHXED,,,,,,,,,,,,,,,,ja500330a_si_005_clean,1708.6
ja500330a_si_006_auto,12.20585,6.15217,12.20585,0.793444,2143.73,2701.8,0.0,0.0,0.7068,0.8908,0.000252066,Zr,No, ,auto,Y,N,Y,,Y,BOHXAZ,Y,13/05/2014,10.1021/ja500330a,"1 SI, 1 Structure",BOHXAZ,,,,,,,,,,,,,,,,ja500330a_si_006_auto,5480.9
ja500330a_si_007_auto,19.46238,14.48757,19.44715,0.798895,1320.38,1652.76,18.6426,23.3354,0.7758,0.971091,0.000500691,Zr,No, ,auto,Y,N,Y,,Y,BOHWUS,Y,13/05/2014,10.1021/ja500330a,"1 SI, 1 Structure",BOHWUS,,,,,,,,,,,,,,,,ja500330a_si_007_auto,470.5
ja500330a_si_009_auto,10.23354,4.21372,10.21937,1.02655,1874.68,1826.19,0.0,0.0,0.6604,0.643319,0.0,Zr,No, ,auto,Y,N,Y,,Y,BOHWIG,Y,13/05/2014,10.1021/ja500330a,"1 SI, 1 Structure",BOHWIG,,,,,,,,,,,,,,,,ja500330a_si_009_auto,1888.3
ja5063423_si_002_clean,10.81396,5.19047,10.74347,0.995074,2374.31,2386.06,0.0,0.0,0.7264,0.729996,0.0,Zn,Yes,Zn,clean,Y,N,Y,,Y,BUKRUW,Y,24/07/2015,10.1021/ja5063423,"1 SI, 10 Structure",BUKRUW,BUKRUW,BUKRUW01,BUKRUW02,BUKRUW03,BUKSAD,BUKSIL,BUKTAE,BUKTEI,BUKTIM,BUKTOS,,,,,,ja5063423_si_002_clean,560.2
ja506357n_si_002_clean,4.6846,4.2919,4.67468,1.31892,765.522,580.418,0.0,0.0,0.4712,0.357263,0.0,Cu,Yes,Cu,clean,Y,N,Y,,Y,TUPDEP,Y,18/02/2014,10.1021/ja506357n,"1 SI, 7 Structure",TUPDEP,ENANIS,TUPDEP,TUPDIT,TUPDIT01,TUPDIT04,TUPDOZ,YUWDEB01,,,,,,,,,ja506357n_si_002_clean,1227.7
ja507269n_si_002_clean,27.33946,23.18439,27.33946,0.358752,1494.97,4167.13,0.0,0.0,0.865,2.41113,0.0,Fe,Yes,Fe,clean,Y,N,Y,,N,,Y,17/11/2017,10.1021/ja507269n,"1 SI, 1 Structure",MERLAZ,,,,,,,,,,,,,,,,ja507269n_si_002_clean,373.1
ja507269n_si_003_clean,27.20941,25.54914,27.20941,0.339031,1450.85,4279.41,0.0,0.0,0.869,2.56319,0.0,"Fe,Co",Yes,"Fe,Co",clean,Y,N,Y,,N,,Y,17/11/2017,10.1021/ja507269n,"1 SI, 1 Structure",MERLED,,,,,,,,,,,,,,,,ja507269n_si_003_clean,384.7
ja507947d_si_001_auto,17.5271,9.15991,17.51275,0.493165,2044.36,4145.4,0.0,0.0,0.8062,1.63475,0.000405544,Zr,No, ,auto,Y,N,Y,,Y,DORLAZ,Y,29/09/2014,10.1021/ja507947d,"1 SI, 1 Structure",DORLAZ,,,,,,,,,,,,,,,,ja507947d_si_001_auto,350.3
ja5103103_si_002_auto,16.95031,14.45168,16.94349,0.50204,1609.85,3206.61,0.0,0.0,0.8216,1.63652,0.0,"Zr,Fe",Yes,Fe,auto,Y,N,Y,,Y,NUSXAC,Y,24/09/2015,10.1021/ja5103103,"1 SI, 2 Structure",NUSXAC,NUSXAC,NUSXEG,,,,,,,,,,,,,,ja5103103_si_002_auto,1144.5
ja510525s_si_002_clean,11.55111,8.31224,11.55111,1.02928,1660.34,1613.11,402.375,390.929,0.6934,0.673676,0.000194311,"Zr,Fe",Yes,"Zr,Fe",clean,Y,N,Y,,N,,Y,24/09/2015,10.1021/ja510525s,"1 SI, 1 Structure",TUTWUC,,,,,,,,,,,,,,,,ja510525s_si_002_clean,1577.0
ja510525s_si_003-1_clean,10.94267,8.40951,10.74622,0.792307,2099.13,2649.38,0.0,0.0,0.6954,0.87769,0.000252427,"Zr,Fe",Yes,Fe,clean,Y,N,Y,,N,,Y,24/09/2015,10.1021/ja510525s,"1 SI, 1 Structure",TUTWUC,,,,,,,,,,,,,,,,ja510525s_si_003-1_clean,1362.7
ja5111317_ja5111317_si_002_auto,21.37941,8.74134,21.37941,0.420413,1892.53,4501.6,0.0,0.0,0.8218,1.95474,0.000475722,"Ni,Zr",Yes,Ni,auto,Y,N,Y,,Y,TOVGAO,Y,08/12/2014,10.1021/ja5111317,"1 SI, 1 Structure",TOVGAO,,,,,,,,,,,,,,,,ja5111317_ja5111317_si_002_auto,2356.3
ja512137t_si_002_clean,8.83209,4.60356,8.83209,0.894333,2156.88,2411.72,0.0,0.0,0.6544,0.731719,0.0,Ni,No, ,clean,Y,N,Y,,Y,ROYJIA,Y,11/03/2015,10.1021/ja512137t,"1 SI, 7 Structure",ROYJIA,ROYJIA,ROYJOG,ROYJUM,ROYKEX,ROYKOH,ROYLAU,ROYLIC,,,,,,,,,ja512137t_si_002_clean,784.9
ja512311a_si_003_auto,11.88887,9.00529,11.09267,0.491487,2207.95,4492.38,0.0,0.0,0.8056,1.63911,0.0,Zn,No, ,auto,Y,N,Y,,Y,SUGDUV,Y,12/03/2015,10.1021/ja512311a,"1 SI, 1 Structure",SUGDUV,,,,,,,,,,,,,,,,ja512311a_si_003_auto,333.9
ja512311a_si_007_auto,11.3746,9.04299,10.93292,0.509598,2105.05,4130.81,0.0,0.0,0.8058,1.58125,0.0,Zn,No, ,auto,Y,N,Y,,Y,SUGSAQ,Y,12/03/2015,10.1021/ja512311a,"1 SI, 1 Structure",SUGSAQ,,,,,,,,,,,,,,,,ja512311a_si_007_auto,265.2
ja512437u_si_002_clean,5.46454,4.64589,5.42464,1.16038,1353.66,1166.57,0.0,0.0,0.522,0.449854,0.0,Mn,Yes,Mn,clean,Y,N,Y,,Y,ROYMEZ,Y,11/03/2015,10.1021/ja512437u,"1 SI, 1 Structure",ROYMEZ,,,,,,,,,,,,,,,,ja512437u_si_002_clean,2368.2
ja512437u_si_003_clean,5.66684,4.62581,5.62433,1.17377,1371.36,1168.34,0.0,0.0,0.5236,0.446085,0.0,Co,Yes,Co,clean,Y,N,Y,,Y,ROYMID,Y,11/03/2015,10.1021/ja512437u,"1 SI, 1 Structure",ROYMID,,,,,,,,,,,,,,,,ja512437u_si_003_clean,2351.2
ja512437u_si_004_clean,5.66299,4.65074,5.65798,1.30634,1428.94,1093.85,0.0,0.0,0.5386,0.412296,0.0,Cd,Yes,Cd,clean,Y,N,Y,,Y,ROYMOJ,Y,11/03/2015,10.1021/ja512437u,"1 SI, 1 Structure",ROYMOJ,,,,,,,,,,,,,,,,ja512437u_si_004_clean,2537.5
ja512762r_si_002_auto,13.2428,11.09142,13.2428,0.709182,2154.21,3037.6,0.0,0.0,0.7414,1.04543,0.0,Zr,No, ,auto,Y,N,Y,,Y,RUBLAD,Y,30/11/2014,10.1021/ja512762r,"1 SI, 1 Structure",RUBLAD,,,,,,,,,,,,,,,,ja512762r_si_002_auto,606.6
ja512973b_si_002_auto,17.75046,8.47189,17.75013,0.458587,2258.74,4925.43,0.0,0.0,0.7852,1.71222,0.000436122,Zr,No, ,auto,Y,N,Y,,N,,Y,20/05/2015,10.1021/ja512973b,"1 SI, 1 Structure",WUHCIN,,,,,,,,,,,,,,,,ja512973b_si_002_auto,1785.9
ja512973b_si_003_auto,21.33814,8.58252,20.92518,0.403686,1883.32,4665.31,0.0,0.0,0.8204,2.03227,0.000495434,Zr,No, ,auto,Y,N,Y,,Y,JOZWIG02,Y,20/05/2015,10.1021/ja512973b,"1 SI, 1 Structure",JOZWIG02,,,,,,,,,,,,,,,,ja512973b_si_003_auto,1793.2
ja512973b_si_004_auto,23.13451,12.211,23.13368,0.298536,1643.34,5504.68,0.0,0.0,0.864,2.89413,0.0,Zr,No, ,auto,Y,N,Y,,N,,Y,20/05/2015,10.1021/ja512973b,"1 SI, 1 Structure",WUHCUZ,,,,,,,,,,,,,,,,ja512973b_si_004_auto,1901.9
ja512973b_si_005_auto,25.24149,10.49588,25.24149,0.291153,1600.36,5496.62,0.0,0.0,0.8684,2.98262,0.000686924,Zr,No, ,auto,Y,N,Y,,Y,WUHDAG,Y,20/05/2015,10.1021/ja512973b,"1 SI, 1 Structure",WUHDAG,,,,,,,,,,,,,,,,ja512973b_si_005_auto,99.6
ja5131269_si_002_clean,10.86981,8.81904,10.86239,0.665683,2359.22,3544.05,0.0,0.0,0.7502,1.12696,0.0,Zn,No, ,clean,Y,N,Y,,Y,RUBBOH,Y,12/03/2015,10.1021/ja5131269,"1 SI, 1 Structure",RUBBOH,,,,,,,,,,,,,,,,ja5131269_si_002_clean,521.7
ja5131269_si_003_clean,10.97224,8.95533,10.97224,0.663582,2332.5,3515.02,0.0,0.0,0.7592,1.14409,0.0,Zn,No, ,clean,Y,N,Y,,Y,ROZXEL,Y,12/03/2015,10.1021/ja5131269,"1 SI, 1 Structure",ROZXEL,,,,,,,,,,,,,,,,ja5131269_si_003_clean,535.5
ja5b00365_si_002_clean,21.77625,7.63115,21.77625,0.452533,2037.74,4502.96,0.0,0.0,0.826,1.82528,0.0,Zn,No, ,clean,Y,N,Y,,N,,Y,20/05/2015,10.1021/jacs.5b00365,"1 SI, 6 Structure",YUKMOI,YUKMOI,YUKMUO,YUKBIR,YUKBOX,YUKBUD,YUKCAK,,,,,,,,,,ja5b00365_si_002_clean,300.8
ja5b02556_si_002_clean,4.73869,3.95041,4.3237,1.15657,768.798,664.724,0.0,0.0,0.4702,0.406548,0.0,Ca,No, ,clean,Y,N,Y,,Y,YUNJIC,Y,25/06/2015,10.1021/jacs.5b02556,"1 SI, 4 Structure",YUNJIC,YUNJIC,YUNJOI,YUNJUO,YUNKAV,,,,,,,,,,,,ja5b02556_si_002_clean,675.7
ja5b02897_si_003_clean,11.87679,10.79351,11.87679,1.06888,1595.23,1492.43,0.0,0.0,0.6484,0.606614,0.0,Fe,Yes,Fe,clean,Y,N,Y,,Y,WUFXAY,Y,26/05/2015,10.1021/jacs.5b02897,"1 SI, 1 Structure",WUFXAY,,,,,,,,,,,,,,,,ja5b02897_si_003_clean,647.9
ja5b02999_si_002_clean,17.68621,16.73879,17.68621,0.597274,1774.03,2970.22,0.0,0.0,0.8228,1.37759,0.0,Cd,Yes,Cd,clean,Y,N,Y,,N,,Y,03/05/2015,10.1021/jacs.5b02999,"1 SI, 1 Structure",UQOFEN,,,,,,,,,,,,,,,,ja5b02999_si_002_clean,680.8
ja5b02999_si_003_clean,14.70244,11.79351,14.69456,0.775127,1933.94,2495.0,0.0,0.0,0.7872,1.01557,0.0,Cd,Yes,Cd,clean,Y,N,Y,,N,,Y,03/05/2015,10.1021/jacs.5b02999,"1 SI, 1 Structure",UQOFEN01,,,,,,,,,,,,,,,,ja5b02999_si_003_clean,2693.6
ja5b02999_si_004_clean,14.69185,13.06998,14.68941,0.678878,1913.08,2818.01,0.0,0.0,0.7962,1.17282,0.0,Cd,Yes,Cd,clean,Y,N,Y,,N,,Y,03/05/2015,10.1021/jacs.5b02999,"1 SI, 1 Structure",UQOFIR,,,,,,,,,,,,,,,,ja5b02999_si_004_clean,2660.6
ja5b02999_si_006_clean,15.81495,13.61984,15.81495,0.591093,1861.23,3148.79,0.0,0.0,0.7794,1.31858,0.0,"Cd,Na",Yes,"Cd,Na",clean,Y,N,Y,,N,,Y,03/05/2015,10.1021/jacs.5b02999,"1 SI, 1 Structure",UQOFAJ,,,,,,,,,,,,,,,,ja5b02999_si_006_clean,647.6
ja5b02999_si_007_clean,19.24151,15.81933,18.17294,0.414726,1795.61,4329.62,0.0,0.0,0.8236,1.98589,0.0,Mn,Yes,Mn,clean,Y,N,Y,,N,,Y,03/05/2015,10.1021/jacs.5b02999,"1 SI, 1 Structure",UQOFOX,,,,,,,,,,,,,,,,ja5b02999_si_007_clean,613.7
ja808995d_si_002_clean,17.63143,10.03888,17.62334,0.751788,1337.16,1778.64,192.928,256.625,0.6832,0.908766,0.0,Cd,Yes,Cd,clean,Y,N,Y,,Y,BOXFAW,Y,21/05/2009,10.1021/ja808995d,"1 SI, 12 Structure",BOXFAW,BOXFAW,BOXFEA,BOXFIE,BOXFOK,BUFNEW,BUFNIA,BUFNOG,BUFNUM,BUFNUM01,BUFNUM02,BUFPAU,BUFAU01,,,,ja808995d_si_002_clean,1080.5
ja809985t_si_002_clean,22.77836,8.92569,22.41884,0.406231,1793.65,4415.34,0.0,0.0,0.8602,2.11751,0.0,Zn,No, ,clean,Y,N,Y,,Y,XUGSUO,Y,	23/03/2009,10.1021/ja809985t,"1 SI, 1 Structure",XUGSUO,,,,,,,,,,,,,,,,ja809985t_si_002_clean,2595.3
ja903726m_si_002_clean,12.24865,4.72993,12.24865,0.820334,2060.46,2511.73,0.0,0.0,0.6832,0.832831,0.0,Ti,No, ,clean,Y,N,Y,,Y,RUPRUQ,Y,14/10/2009,10.1021/ja903726m,"1 SI, 1 Structure",RUPRUQ,,,,,,,,,,,,,,,,ja903726m_si_002_clean,441.4
ja905009e_si_002_clean,7.4254,5.9743,7.38064,1.40157,2795.33,1994.43,0.066678,0.0475737,0.7066,0.504148,0.0,"Mo,Zn",Yes,"Mo,Zn",clean,Y,N,Y,,Y,CUHNID,Y,11/12/2009,10.1021/ja905009e,"1 SI, 1 Structure",CUHNID,,,,,,,,,,,,,,,,ja905009e_si_002_clean,725.9
ja907023c_si_001_clean,9.61179,5.4202,9.50068,0.666698,1801.22,2701.7,393.55,590.296,0.69,1.03495,0.0,Co,No, ,clean,Y,N,Y,,Y,LUXLUM,Y,15/06/2006,10.1021/ja907023c,"1 SI, 1 Structure",LUXLUM,,,,,,,,,,,,,,,,ja907023c_si_001_clean,1175.0
ja907023c_si_002_clean,9.7447,5.39631,9.52834,0.66078,1783.63,2699.29,403.357,610.425,0.6912,1.04604,0.0,Co,No, ,clean,Y,N,Y,,Y,LUXMAT,Y,15/06/2006,10.1021/ja907023c,"1 SI, 1 Structure",LUXMAT,,,,,,,,,,,,,,,,ja907023c_si_002_clean,1176.2
ja907023c_si_003_clean,9.71412,5.38216,9.47423,0.667627,1783.85,2671.92,384.965,576.618,0.6968,1.0437,0.0,Co,No, ,clean,Y,N,Y,,Y,LUXLOG,Y,15/06/2006,10.1021/ja907023c,"1 SI, 1 Structure",LUXLOG,,,,,,,,,,,,,,,,ja907023c_si_003_clean,1185.3
ja907023c_si_004_clean,9.71962,5.45923,9.49261,0.665822,1776.52,2668.16,388.062,582.832,0.695,1.04382,0.0,Co,No, ,clean,Y,N,Y,,Y,LUXLIA,Y,15/06/2006,10.1021/ja907023c,"1 SI, 1 Structure",LUXLIA,,,,,,,,,,,,,,,,ja907023c_si_004_clean,1155.7
JABMEF_clean,4.29453,3.62408,4.28019,1.76637,1054.03,596.719,0.0,0.0,0.558,0.315902,0.0,Zn,No, ,clean,Y,Y,Y,,N,,,,,,,,,,,,,,,,,,,,,,JABMEF_clean,884.0
jacs.5b12516_ja5b12516_si_002_clean,8.05832,6.63779,8.05832,1.47307,1756.87,1192.66,0.0,0.0,0.6028,0.409213,0.000135771,Cu,Yes,Cu,clean,Y,N,Y,,Y,TAFTOM,Y,03/07/2015,10.1021/jacs.5b12516,"1 SI, 1 Structure",TAFTOM,,,,,,,,,,,,,,,,jacs.5b12516_ja5b12516_si_002_clean,1803.5
jacs.5b12516_ja5b12516_si_003_clean,8.53606,6.74383,8.51304,1.39796,1816.6,1299.47,0.0,0.0,0.6282,0.44937,0.0,Cu,Yes,Cu,clean,Y,N,Y,,Y,TAFVAA,Y,03/07/2015,10.1021/jacs.5b12516,"1 SI, 1 Structure",TAFVAA,,,,,,,,,,,,,,,,jacs.5b12516_ja5b12516_si_003_clean,1871.2
jacs.5b12516_ja5b12516_si_004_clean,8.49651,6.78307,8.47146,1.40015,1810.97,1293.41,0.0,0.0,0.6308,0.450522,0.0,Cu,Yes,Cu,clean,Y,N,Y,,Y,TAFTUS,Y,03/07/2015,10.1021/jacs.5b12516,"1 SI, 1 Structure",TAFTUS,,,,,,,,,,,,,,,,jacs.5b12516_ja5b12516_si_004_clean,1899.6
jacs.5b13491_ja5b13491_si_002_clean,10.00499,6.00632,8.35178,0.770104,1492.72,1938.34,566.054,735.036,0.688,0.893386,0.0,Mg,Yes,Mg,clean,Y,N,Y,,Y,VALWOX,Y,25/12/2015,10.1021/jacs.5b13491,"1 SI, 6 Structure",VALWOX,VALWOX,VALWUD,VALXAK,VALXEO,VALXIS,VALXOY,,,,,,,,,,jacs.5b13491_ja5b13491_si_002_clean,3427.2
jacs.6b01345_ja6b01345_si_001_clean,20.28746,11.03087,20.28746,0.706861,1313.51,1858.23,15.0052,21.228,0.6976,0.986898,0.0,Zn,Yes,Zn,clean,Y,N,Y,,N,,Y,11/05/2016,10.1021/jacs.6b01345,"1 SI, 1 Structure",OMURUL,,,,,,,,,,,,,,,,jacs.6b01345_ja6b01345_si_001_clean,2393.9
jacs.6b01663_ja6b01663_si_003_clean,27.62636,19.6462,27.62636,0.319125,1432.79,4489.74,0.0,0.0,0.874,2.73874,0.0,Zr,Yes,Zr,clean,Y,N,Y,,N,,N,,,,,,,,,,,,,,,,,,,,jacs.6b01663_ja6b01663_si_003_clean,194.7
jacs.6b02030_ja6b02030_si_002_clean,9.27827,8.57062,9.27827,1.61278,1536.21,952.52,0.0,0.0,0.6184,0.383437,0.0,Zn,Yes,Zn,clean,Y,N,Y,,Y,OLOPUC,Y,22/02/2016,10.1021/jacs.6b02030,"1 SI, 1 Structure",OLOPUC,,,,,,,,,,,,,,,,jacs.6b02030_ja6b02030_si_002_clean,2110.6
jacs.6b02030_ja6b02030_si_003_clean,9.33807,8.65245,9.33807,1.33968,1588.12,1185.45,0.0,0.0,0.6278,0.468619,0.0,Zn,Yes,Zn,clean,Y,N,Y,,Y,OLEYAH,Y,22/02/2016,10.1021/jacs.6b02030,"1 SI, 1 Structure",OLEYAH,,,,,,,,,,,,,,,,jacs.6b02030_ja6b02030_si_003_clean,2282.9
jacs.6b04608_ja6b04608_si_003_clean,17.74549,10.18366,17.61731,0.472151,1971.53,4175.64,0.0,0.0,0.8228,1.74266,0.000423593,Zr,No, ,clean,Y,N,Y,,N,,Y,21/06/2016,10.1021/jacs.6b04608,"1 SI, 1 Structure",ARUJAA,,,,,,,,,,,,,,,,jacs.6b04608_ja6b04608_si_003_clean,7389.3
jacs.6b06759_ja6b06759_si_002_clean,14.81093,8.19624,14.81093,0.576281,2199.59,3816.87,0.0,0.0,0.7704,1.33685,0.000347053,Zr,No, ,clean,Y,N,Y,,N,,Y,29/09/2016,10.1021/jacs.6b06759,"1 SI, 1 Structure",EWEDOB,,,,,,,,,,,,,,,,jacs.6b06759_ja6b06759_si_002_clean,4611.8
jacs.6b06759_ja6b06759_si_003_clean,15.38405,7.99425,15.37857,0.667947,2168.98,3247.23,0.0,0.0,0.7722,1.15608,0.000299425,Hf,No, ,clean,Y,N,Y,,N,,Y,29/09/2016,10.1021/jacs.6b06759,"1 SI, 1 Structure",EWEDIV,,,,,,,,,,,,,,,,jacs.6b06759_ja6b06759_si_003_clean,2470.6
jacs.6b06759_ja6b06759_si_004_clean,15.4905,7.85668,15.48477,0.558595,2165.23,3876.2,0.0,0.0,0.7746,1.38669,0.000358041,Zr,No, ,clean,Y,N,Y,,N,,Y,29/09/2016,10.1021/jacs.6b06759,"1 SI, 1 Structure",EWEDUH,,,,,,,,,,,,,,,,jacs.6b06759_ja6b06759_si_004_clean,2493.9
jacs.6b08724_ja6b08724_si_009_clean,28.38912,26.8915,28.38912,0.324235,1424.57,4393.62,0.0,0.0,0.8668,2.67337,0.0,Co,Yes,Co,clean,Y,N,Y,,Y,DAJVES,Y,07/08/2016,10.1021/jacs.6b08724,"1 SI, 1 Structure",DAJVES,,,,,,,,,,,,,,,,jacs.6b08724_ja6b08724_si_009_clean,398.6
jacs.6b08724_ja6b08724_si_014_clean,28.056,26.5894,28.056,0.284192,1417.0,4986.05,0.0,0.0,0.8798,3.09579,0.0,Mg,Yes,Mg,clean,Y,N,Y,,Y,DAJWET,Y,07/08/2016,10.1021/jacs.6b08724,"1 SI, 1 Structure",DAJWET,,,,,,,,,,,,,,,,jacs.6b08724_ja6b08724_si_014_clean,415.1
jacs.6b08724_ja6b08724_si_016_clean,28.19813,26.70296,28.19813,0.327356,1415.91,4325.28,0.0,0.0,0.8786,2.68393,0.0,"Ni,Co",Yes,"Ni,Co",clean,Y,N,Y,,Y,DAJXIY,Y,07/08/2016,10.1021/jacs.6b08724,"1 SI, 1 Structure",DAJXIY,,,,,,,,,,,,,,,,jacs.6b08724_ja6b08724_si_016_clean,391.2
jacs.6b09113_ja6b09113_si_002_clean,13.34579,11.70118,13.34579,0.574767,1929.82,3357.56,0.0,0.0,0.7742,1.34698,0.000347967,Zr,Yes,Zr,clean,Y,N,Y,,N,,N,,,,,,,,,,,,,,,,,,,,jacs.6b09113_ja6b09113_si_002_clean,542.5
jacs.6b09155_ja6b09155_si_009_clean,8.83227,8.6768,8.83227,0.846692,1685.24,1990.38,0.0,0.0,0.6728,0.794622,0.0,Co,No, ,clean,Y,N,Y,,Y,HADMAD,Y,08/12/2016,10.1021/jacs.6b09155,"1 SI, 1 Structure",HADMAD,,,,,,,,,,,,,,,,jacs.6b09155_ja6b09155_si_009_clean,810.3
JADBIC_clean,6.8732,4.88929,6.87248,1.16013,1658.2,1429.33,0.0,0.0,0.5776,0.497877,0.0,Ce,Yes,Ce,clean,Y,Y,Y,,N,,,,,,,,,,,,,,,,,,,,,,JADBIC_clean,809.4
JADJOQ_clean,5.63389,5.12978,5.62594,1.03186,2420.1,2345.38,0.0,0.0,0.6734,0.65261,0.0,Zn,Yes,Zn,clean,Y,Y,Y,,N,,,,,,,,,,,,,,,,,,,,,,JADJOQ_clean,830.8
JADMAF_clean,5.40649,3.68585,5.39971,1.18993,400.217,336.338,47.5494,39.9599,0.4748,0.399016,0.0,Co,Yes,Co,clean,Y,Y,Y,,N,,,,,,,,,,,,,,,,,,,,,,JADMAF_clean,2372.0
JAFPIQ_clean,7.18163,6.66781,7.16788,1.29779,1736.11,1337.74,0.0,0.0,0.6626,0.51056,0.0,Ag,Yes,Ag,clean,Y,Y,Y,,N,,,,,,,,,,,,,,,,,,,,,,JAFPIQ_clean,300.1
JAKBIJ_clean,5.97609,4.07891,5.95911,0.794839,2068.46,2602.36,0.0,0.0,0.6772,0.851997,0.0,Mn,No, ,clean,Y,Y,Y,,N,,,,,,,,,,,,,,,,,,,,,,JAKBIJ_clean,249.7
JAKBOP01_clean,5.57699,4.27379,5.57277,0.833702,1977.55,2372.01,0.0,0.0,0.6608,0.792609,0.0,Mn,No, ,clean,Y,Y,Y,,N,,,,,,,,,,,,,,,,,,,,,,JAKBOP01_clean,305.8
JAKBOP_clean,5.76914,4.18918,5.68942,0.806983,2029.2,2514.56,0.0,0.0,0.6692,0.829261,0.0,Mn,No, ,clean,Y,Y,Y,,N,,,,,,,,,,,,,,,,,,,,,,JAKBOP_clean,251.0
JAKBUV_clean,5.57167,3.71325,5.56165,0.804799,1950.58,2423.69,0.0,0.0,0.669,0.831263,0.0,Mn,No, ,clean,Y,Y,Y,,N,,,,,,,,,,,,,,,,,,,,,,JAKBUV_clean,258.0
JALCAD_clean,10.23917,5.38907,7.72274,0.840589,1476.7,1756.74,567.482,675.1,0.661,0.786353,0.0,Al,Yes,Al,clean,Y,Y,Y,,N,,,,,,,,,,,,,,,,,,,,,,JALCAD_clean,4869.8
JALLEQ_clean,20.72686,7.8738,20.45456,0.987929,1836.17,1858.6,0.0,0.0,0.7646,0.773942,0.000202444,Ce,Yes,Ce,clean,Y,Y,Y,,N,,,,,,,,,,,,,,,,,,,,,,JALLEQ_clean,1323.1
JALLOA_clean,21.13684,18.33831,21.13684,0.755302,1118.2,1480.46,7.09089,9.38816,0.8308,1.09996,0.00158877,Ce,Yes,Ce,clean,Y,Y,Y,,N,,,,,,,,,,,,,,,,,,,,,,JALLOA_clean,267.7
JALTUL_clean,4.54107,3.68666,4.49534,0.520686,2635.05,5060.73,0.0,0.0,0.6792,1.30443,0.0,Li,No, ,clean,Y,Y,Y,,N,,,,,,,,,,,,,,,,,,,,,,JALTUL_clean,381.4
JASNAT_clean,4.78374,3.98828,4.76573,1.2488,1042.64,834.91,0.0,0.0,0.5318,0.425847,0.0,Zn,No, ,clean,Y,Y,Y,,N,,,,,,,,,,,,,,,,,,,,,,JASNAT_clean,793.0
JAVNIE_clean,7.27986,4.97275,7.26799,0.939534,2385.4,2538.91,0.0,0.0,0.669,0.712055,0.0,Cu,Yes,Cu,clean,Y,Y,Y,,N,,,,,,,,,,,,,,,,,,,,,,JAVNIE_clean,502.9
JAVSUV_clean,5.63959,3.43313,5.63872,1.69188,1126.3,665.708,0.0,0.0,0.4934,0.291628,0.0,Al,No, ,clean,Y,Y,Y,,N,,,,,,,,,,,,,,,,,,,,,,JAVSUV_clean,3503.8
JAVTEG_clean,6.01685,3.69212,6.01685,1.47606,1556.57,1054.55,0.0,0.0,0.549,0.371936,0.0,Al,No, ,clean,Y,Y,Y,,N,,,,,,,,,,,,,,,,,,,,,,JAVTEG_clean,2248.2
JAVWUY_clean,5.48014,3.89264,5.47915,1.114,1459.0,1309.69,0.0,0.0,0.5932,0.532494,0.0,Ag,Yes,Ag,clean,Y,Y,Y,,N,,,,,,,,,,,,,,,,,,,,,,JAVWUY_clean,610.6
JEBCOJ_clean,7.20433,5.04936,7.20433,1.89362,858.504,453.367,0.0,0.0,0.4412,0.232993,0.0,"Cu,Sm",No, ,clean,Y,Y,Y,,N,,,,,,,,,,,,,,,,,,,,,,JEBCOJ_clean,927.9
JEDJUY_clean,5.0551,4.14906,5.0551,1.66961,1339.59,802.333,0.0,0.0,0.4474,0.267966,0.0,"Gd,K",Yes,"Gd,K",clean,Y,Y,Y,,N,,,,,,,,,,,,,,,,,,,,,,JEDJUY_clean,652.1
JEDKEJ_clean,11.82785,6.92938,11.82019,0.805938,1577.17,1956.93,0.028495,0.0353563,0.6606,0.819666,0.0,"Cu,Cr",No, ,clean,Y,Y,Y,,N,,,,,,,,,,,,,,,,,,,,,,JEDKEJ_clean,1276.5
JEJWOL_clean,9.81493,7.51137,9.63023,0.647443,2248.07,3472.22,0.0,0.0,0.754,1.16458,0.0,Nd,Yes,Nd,clean,Y,Y,Y,,N,,,,,,,,,,,,,,,,,,,,,,JEJWOL_clean,658.1
JELPAS_clean,6.6136,5.51475,6.6136,2.20984,1180.92,534.391,0.0,0.0,0.4712,0.213228,0.0,"As,Fe",Yes,As,clean,Y,Y,Y,,N,,,,,,,,,,,,,,,,,,,,,,JELPAS_clean,1495.2
JENKET_SL,12.8466,11.09496,12.83423,0.704786,1452.89,2061.46,0.0,0.0,0.6858,0.973062,0.0,Zn,Yes,Zn,SL,Y,Y,Y,,N,,,,,,,,,,,,,,,,,,,,,,JENKET_SL,887.7
JENKIX_SL,9.92059,7.48583,9.85803,1.01231,1221.66,1206.81,0.0,0.0,0.5698,0.56287,0.0,Zn,Yes,Zn,SL,Y,Y,Y,,N,,,,,,,,,,,,,,,,,,,,,,JENKIX_SL,1683.2
JETZAK_clean,6.92889,6.03574,6.92889,0.751805,1979.79,2633.39,0.0,0.0,0.6492,0.863522,0.0,Mg,Yes,Mg,clean,Y,Y,Y,,N,,,,,,,,,,,,,,,,,,,,,,JETZAK_clean,1936.8
j.ica.2016.05.002_2_clean,7.92311,7.02117,7.40406,1.04215,1506.32,1445.4,0.0,0.0,0.5762,0.552895,0.0,Zn,Yes,Zn,clean,Y,N,Y,,Y,AMUPIJ,Y,22/08/2015,10.1016/j.ica.2016.05.002,"1 SI, 6 Structure",AMUPIJ,AMUPIJ,AMUPOP,AMUPUV,AMUQAC,AMUQEG,AMUQIK,,,,,,,,,,j.ica.2016.05.002_2_clean,1621.7
j.ica.2016.08.030_3_clean,5.42105,4.17711,5.42004,0.867442,2120.17,2444.17,0.0,0.0,0.6348,0.731807,0.0,Co,Yes,Co,clean,Y,N,Y,,Y,IKULUX,Y,28/03/2016,10.1016/j.ica.2016.08.030,"1 SI, 3 Structure",IKULUX,IKULOR,IKULUX,IKUMAE,,,,,,,,,,,,,j.ica.2016.08.030_3_clean,913.5
JILWIL_clean,8.24655,3.54646,8.24655,1.48902,1339.88,899.835,0.0,0.0,0.545,0.366011,0.0,Al,No, ,clean,Y,Y,Y,,N,,,,,,,,,,,,,,,,,,,,,,JILWIL_clean,2095.9
JILWOR_clean,10.37997,3.63188,10.37997,1.43849,1318.22,916.388,0.0,0.0,0.5592,0.38874,0.0,Al,No, ,clean,Y,Y,Y,,N,,,,,,,,,,,,,,,,,,,,,,JILWOR_clean,4652.5
JILXOS_clean,4.50507,4.05314,4.50324,1.57483,481.643,305.838,0.0,0.0,0.4424,0.280919,0.0,Cu,Yes,Cu,clean,Y,Y,Y,,N,,,,,,,,,,,,,,,,,,,,,,JILXOS_clean,1098.6
j.inoche.2015.01.025_INC05862-mmc2_clean,4.92906,3.897,4.88525,1.27844,1610.15,1259.46,0.0,0.0,0.5778,0.451957,0.0,Zn,No, ,clean,Y,N,Y,,N,,N,,,,,,,,,,,,,,,,,,,,j.inoche.2015.01.025_INC05862-mmc2_clean,2453.9
j.inoche.2015.03.028_inc05925-mmc2_clean,5.98483,4.5721,5.97294,0.945356,2162.97,2287.99,0.0,0.0,0.6338,0.670435,0.0,Cu,No, ,clean,Y,N,Y,,Y,SOZHOG,Y,	12/10/2013,10.1016/j.inoche.2015.03.028,"1 SI, 1 Structure",SOZHOG,,,,,,,,,,,,,,,,j.inoche.2015.03.028_inc05925-mmc2_clean,3209.4
j.inoche.2015.03.054_CIFs_clean,12.69533,7.85866,12.69533,0.704617,2272.11,3224.61,0.0,0.0,0.79,1.12118,0.0,Cd,Yes,Cd,clean,Y,N,Y,,N,,N,,,,,,,,,,,,,,,,,,,,j.inoche.2015.03.054_CIFs_clean,417.3
j.inoche.2015.12.019_1_clean,6.46265,4.53541,6.46076,1.0284,1784.75,1735.46,0.0,0.0,0.5772,0.561258,0.0,Zn,No, ,clean,Y,N,Y,,Y,MUYDUH,Y,23/10/2015,10.1016/j.inoche.2015.12.019,"1 SI, 1 Structure",MUYDUH,,,,,,,,,,,,,,,,j.inoche.2015.12.019_1_clean,1793.1
JISVAJ_clean,8.23303,6.49522,8.23303,0.862534,2413.26,2797.87,0.0,0.0,0.71,0.823156,0.0,Eu,Yes,Eu,clean,Y,Y,Y,,N,,,,,,,,,,,,,,,,,,,,,,JISVAJ_clean,929.0
JITPOS_SL,5.87095,4.85353,5.87048,1.43918,1047.46,727.817,0.0,0.0,0.485,0.336998,0.0,Zn,Yes,Zn,SL,Y,Y,Y,,N,,,,,,,,,,,,,,,,,,,,,,JITPOS_SL,2853.7
JITQEI_clean,4.74821,3.43684,4.74019,0.96574,1149.8,1190.59,1.38371,1.4328,0.5672,0.587322,0.0,Cu,Yes,Cu,clean,Y,Y,Y,,N,,,,,,,,,,,,,,,,,,,,,,JITQEI_clean,1632.6
JIVFUQ_clean,6.2294,5.27198,6.22457,1.14554,1736.51,1515.89,0.0,0.0,0.6318,0.55153,0.0,Zn,No, ,clean,Y,Y,Y,,N,,,,,,,,,,,,,,,,,,,,,,JIVFUQ_clean,860.5
JIVHIG_clean,5.86134,3.79303,5.86134,0.999234,920.272,920.978,0.0,0.0,0.4348,0.435133,0.0,K,Yes,K,clean,Y,Y,Y,,N,,,,,,,,,,,,,,,,,,,,,,JIVHIG_clean,1498.9
JIVSEN_clean,4.65844,4.22522,4.64209,1.94999,466.538,239.251,0.0,0.0,0.392,0.201026,0.0,"Cu,Sm",Yes,Cu,clean,Y,Y,Y,,N,,,,,,,,,,,,,,,,,,,,,,JIVSEN_clean,361.2
JIXWUJ01_clean,4.91458,3.91959,4.91458,1.63925,888.533,542.037,0.0,0.0,0.4672,0.285009,0.0,Mn,No, ,clean,Y,Y,Y,,N,,,,,,,,,,,,,,,,,,,,,,JIXWUJ01_clean,449.4
JIXWUJ02_clean,4.89442,3.8959,4.88243,1.64878,881.814,534.829,0.0,0.0,0.4588,0.278267,0.0,Mn,No, ,clean,Y,Y,Y,,N,,,,,,,,,,,,,,,,,,,,,,JIXWUJ02_clean,416.1
JIXWUJ_clean,4.9428,3.96901,4.93448,1.63196,890.669,545.765,0.0,0.0,0.469,0.287384,0.0,Mn,No, ,clean,Y,Y,Y,,N,,,,,,,,,,,,,,,,,,,,,,JIXWUJ_clean,429.4
JIYXUL_clean,6.59669,5.39005,6.562,2.75496,1188.02,431.228,0.0,0.0,0.4754,0.172562,0.0,"Sb,Na,W,Fe",Yes,"Sb,Na,W",clean,Y,Y,Y,,N,,,,,,,,,,,,,,,,,,,,,,JIYXUL_clean,202.2
JIZJAF_clean,10.25461,9.82723,10.24056,1.07189,1137.99,1061.67,0.0,0.0,0.5772,0.538489,0.0,Co,No, ,clean,Y,Y,Y,,N,,,,,,,,,,,,,,,,,,,,,,JIZJAF_clean,389.4
JIZJEJ_clean,10.34811,9.92334,10.34811,1.06947,1137.02,1063.16,0.0,0.0,0.5768,0.53933,0.0,Co,No, ,clean,Y,Y,Y,,N,,,,,,,,,,,,,,,,,,,,,,JIZJEJ_clean,374.4
JIZJOT_clean,10.25508,9.65715,10.24861,1.06872,1112.51,1040.98,4.63217,4.33432,0.5712,0.534472,0.0,Co,No, ,clean,Y,Y,Y,,N,,,,,,,,,,,,,,,,,,,,,,JIZJOT_clean,473.5
JIZJUZ_clean,10.30863,9.86894,10.26273,1.07331,1114.06,1037.97,0.0,0.0,0.5706,0.531626,0.0,Co,No, ,clean,Y,Y,Y,,N,,,,,,,,,,,,,,,,,,,,,,JIZJUZ_clean,450.1
JIZWEW_clean,6.00475,5.39741,6.00471,1.02738,1409.26,1371.7,0.0,0.0,0.5578,0.542934,0.0,Al,No, ,clean,Y,Y,Y,,N,,,,,,,,,,,,,,,,,,,,,,JIZWEW_clean,869.5
JIZWIA_clean,5.73459,5.3907,5.73388,1.0417,1399.8,1343.76,0.0,0.0,0.5588,0.536429,0.0,Al,No, ,clean,Y,Y,Y,,N,,,,,,,,,,,,,,,,,,,,,,JIZWIA_clean,882.2
JIZWOG_clean,5.77811,5.24857,5.77811,1.0286,1416.31,1376.93,0.0,0.0,0.5656,0.549873,0.0,Al,No, ,clean,Y,Y,Y,,N,,,,,,,,,,,,,,,,,,,,,,JIZWOG_clean,1326.1
j.jssc.2014.11.015_mmc2_clean,5.22329,3.73672,5.11659,0.962226,1097.58,1140.67,0.0,0.0,0.5588,0.580737,0.0,Mn,No, ,clean,Y,N,Y,,Y,YAMKOP,Y,02/06/2014,10.1016/j.jssc.2014.11.015,"1 SI, 6 Structure",YAMKOP,ATILOG01,YAMKOP,YAMKUV,YAMLAC,YAMLIK,YAMLOQ,,,,,,,,,,j.jssc.2014.11.015_mmc2_clean,2666.5
j.jssc.2015.05.012_mmc6_clean,5.19284,3.47327,4.97212,1.17487,1114.95,948.996,0.0,0.0,0.5544,0.471883,0.0,Cd,Yes,Cd,clean,Y,N,Y,,Y,WUJRUQ,Y,30/04/2015,10.1016/j.jssc.2015.05.012,"1 SI, 1 Structure",WUJRUQ,,,,,,,,,,,,,,,,j.jssc.2015.05.012_mmc6_clean,1491.5
j.jssc.2016.09.008_mmc8_clean,4.48976,3.77657,4.48976,1.63203,829.111,508.026,0.0,0.0,0.4792,0.293623,0.0,Cd,Yes,Cd,clean,Y,N,Y,,Y,UVUQIN,Y,09/07/2015,10.1016/j.jssc.2016.09.008,"1 SI, 1 Structure",UVUQIN,,,,,,,,,,,,,,,,j.jssc.2016.09.008_mmc8_clean,524.9
JOCWIJ_clean,13.89765,5.51402,13.89722,0.824207,1875.6,2275.65,13.4154,16.2767,0.735,0.891766,0.0,Cu,Yes,Cu,clean,Y,Y,Y,,N,,,,,,,,,,,,,,,,,,,,,,JOCWIJ_clean,1246.9
JOFGOC_clean,5.75292,4.66172,5.55476,1.28873,519.931,403.445,222.923,172.979,0.4708,0.365321,0.0,Cd,Yes,Cd,clean,N,Y,Y,,N,,,,,,,,,,,,,,,,,,,,,,JOFGOC_clean,538.7
JOFKIA01_clean,6.88318,5.09054,6.88318,1.58969,1147.61,721.91,0.0,0.0,0.53,0.333399,0.0,Cu,Yes,Cu,clean,Y,Y,Y,,N,,,,,,,,,,,,,,,,,,,,,,JOFKIA01_clean,1356.5
JOFKIA_clean,6.957,5.13094,6.957,1.57886,1125.97,713.155,0.0,0.0,0.5264,0.333406,0.0,Cu,Yes,Cu,clean,Y,Y,Y,,N,,,,,,,,,,,,,,,,,,,,,,JOFKIA_clean,789.0
JOGHEU_clean,4.6871,3.79057,4.64785,1.04241,1656.32,1588.93,0.0,0.0,0.5686,0.545465,0.0,Ni,Yes,Ni,clean,Y,Y,Y,,N,,,,,,,,,,,,,,,,,,,,,,JOGHEU_clean,751.2
