filename,LCD,PLD,LFPD,cm3_g,ASA_m2_cm3,ASA_m2_g,NASA_m2_cm3,NASA_m2_g,AV_VF,AV_cm3_g,NAV_cm3_g,All_Metals,Has_OMS,Open_Metal_Sites,Extension,FSR_overlap,from_CSD,public,DISORDER,CSD_overlap_inCoRE,CSD_of_WoS_inCoRE,CSD_overlap_inCCDC,date_CSD,DOI_public,Note,Matched_CSD_of_CoRE,Possible_List_CSD_of_CoRE,Unnamed: 28,Unnamed: 29,Unnamed: 30,Unnamed: 31,Unnamed: 32,Unnamed: 33,Unnamed: 34,Unnamed: 35,Unnamed: 36,Unnamed: 37,Unnamed: 38,Unnamed: 39,Unnamed: 40,Unnamed: 41,MOF,chunk_1 time (s)
1499489-acs.cgd.6b01265_1499490_clean,10.85017,3.77263,10.26663,0.884188,1701.53,1924.4,0.0,0.0,0.6458,0.730388,0.0,Cu,No, ,clean,Y,N,Y,DISORDER,Y,UYICIQ,Y,	01/10/2016,10.1021/acs.cgd.6b01265,"1 SI, 1 Structure",UYICIQ,,,,,,,,,,,,,,,,1499489-acs.cgd.6b01265_1499490_clean,3207.4
ACOCOM_clean,24.60642,13.0343,24.60642,0.349927,1537.41,4393.52,0.0,0.0,0.863,2.46623,0.0,Cu,Yes,Cu,clean,Y,Y,Y,DISORDER,N,,,,,,,,,,,,,,,,,,,,,,ACOCOM_clean,5317.3
ACOCUS_clean,24.38417,13.22222,24.38417,0.346494,1518.48,4382.42,0.0,0.0,0.8644,2.49471,0.0,Zn,Yes,Zn,clean,Y,Y,Y,DISORDER,N,,,,,,,,,,,,,,,,,,,,,,ACOCUS_clean,5482.4
ACODAZ_clean,23.29182,13.11646,23.29182,0.343144,1530.83,4461.21,0.0,0.0,0.8618,2.51148,0.0,Co,Yes,Co,clean,Y,Y,Y,DISORDER,N,,,,,,,,,,,,,,,,,,,,,,ACODAZ_clean,5289.4
acs.cgd.5b01554_VAGNUP1452791_clean,6.16218,5.1323,5.87594,1.47047,1873.32,1273.96,0.0,0.0,0.572,0.388992,0.0,"Cu,Cs,Si",Yes,"Cu,Cs",clean,Y,N,Y,DISORDER,N,,Y,10/02/2016,10.1021/acs.cgd.5b01554,"1 SI, 1 Structure",VAGNUP,,,,,,,,,,,,,,,,acs.cgd.5b01554_VAGNUP1452791_clean,1044.5
acs.chemmater.5b03723_cm5b03723_si_004_clean,13.11818,7.33973,12.8246,0.772596,1915.1,2478.78,10.4758,13.5592,0.6956,0.900342,0.0,Cu,Yes,Cu,clean,Y,N,Y,DISORDER,N,,Y,28/07/2015,10.1021/acs.chemmater.5b03723,"1 SI, 1 Structure",TAKKEY,,,,,,,,,,,,,,,,acs.chemmater.5b03723_cm5b03723_si_004_clean,1213.9
acs.chemmater.5b03723_cm5b03723_si_005_clean,14.22819,7.4356,14.22819,0.645145,2122.45,3289.88,0.0,0.0,0.7418,1.14982,0.0,Cu,Yes,Cu,clean,Y,N,Y,DISORDER,Y,TAKKIC,Y,28/07/2015,10.1021/acs.chemmater.5b03723,"1 SI, 1 Structure",TAKKIC,,,,,,,,,,,,,,,,acs.chemmater.5b03723_cm5b03723_si_005_clean,660.5
acscombsci.5b00188_34903_clean,6.15808,5.85025,6.15808,2.16583,1748.44,807.285,0.0,0.0,0.542,0.25025,0.0,Cu,No, ,clean,Y,N,Y,DISORDER,N,,N,,,,,,,,,,,,,,,,,,,,acscombsci.5b00188_34903_clean,2305.3
acscombsci.5b00188_5013797_clean,9.69678,6.71185,9.61668,0.664961,2272.9,3418.09,0.0,0.0,0.7302,1.09811,0.0,Zn,No, ,clean,Y,N,Y,DISORDER,N,,N,,,,,,,,,,,,,,,,,,,,acscombsci.5b00188_5013797_clean,710.5
acs.inorgchem.5b02316_ic5b02316_si_002_clean,10.12066,5.58472,9.70957,1.34196,2005.01,1494.09,0.0,0.0,0.658,0.490328,0.0,Cu,Yes,Cu,clean,Y,N,Y,DISORDER,Y,ZADRII,Y,	21/09/2015,10.1021/acs.inorgchem.5b02316,"1 SI, 5 Structure",ZADRII,ZADQUT,ZADRAA,ZADREE,ZADRII,ZADROO,,,,,,,,,,,acs.inorgchem.5b02316_ic5b02316_si_002_clean,12509.7
acs.inorgchem.5b02378_ic5b02378_si_002_clean,3.84352,3.57212,3.8244,2.34418,318.947,136.059,0.0,0.0,0.356,0.151866,0.0,"Dy,Ni",No, ,clean,Y,N,Y,DISORDER,Y,TAKMOK,Y,15/01/2015,10.1021/acs.inorgchem.5b02378,"1 SI, 1 Structure",TAKMOK,,,,,,,,,,,,,,,,acs.inorgchem.5b02378_ic5b02378_si_002_clean,7604.4
acs.inorgchem.6b00136_ic6b00136_si_002_clean,7.2744,7.0365,7.27294,1.17665,1340.62,1139.36,0.0,0.0,0.582,0.494624,0.0,Zn,Yes,Zn,clean,Y,N,Y,DISORDER,Y,EKEXUP,Y,06/12/2015,10.1021/acs.inorgchem.6b00136,"1 SI, 4 Structure",EKEXUP,EKEXUP,EKEYAW,EKEKIQ,EKEKOW,,,,,,,,,,,,acs.inorgchem.6b00136_ic6b00136_si_002_clean,4386.8
acs.inorgchem.6b00276_ic6b00276_si_006_clean,14.12459,8.71298,14.12459,0.76132,1982.07,2603.46,21.492,28.2299,0.7202,0.945989,0.0,"Zn,Co",Yes,Zn,clean,Y,N,Y,DISORDER,N,,Y,02/02/2016,10.1021/acs.inorgchem.6b00276,"1 SI, 1 Structure",BENNEQ,,,,,,,,,,,,,,,,acs.inorgchem.6b00276_ic6b00276_si_006_clean,30356.3
acs.inorgchem.6b01211_ic6b01211_si_002_clean,11.28381,4.52903,11.28381,0.822811,2257.22,2743.3,0.0,0.0,0.6948,0.844422,0.0,Cu,Yes,Cu,clean,Y,N,Y,DISORDER,Y,OTIHOQ,Y,16/05/2016,10.1021/acs.inorgchem.6b01211,"1 SI, 1 Structure",OTIHOQ,,,,,,,,,,,,,,,,acs.inorgchem.6b01211_ic6b01211_si_002_clean,1091.5
acs.inorgchem.6b01416_ic6b01416_si_004_clean,6.69143,3.5273,6.69143,1.34288,1327.26,988.368,0.0,0.0,0.5278,0.393035,0.0,Cd,Yes,Cd,clean,Y,N,Y,DISORDER,N,,Y,27/05/2016,10.1021/acs.inorgchem.6b01416,"1 SI, 1 Structure",EXAHOC,,,,,,,,,,,,,,,,acs.inorgchem.6b01416_ic6b01416_si_004_clean,1072.1
acs.inorgchem.6b01762_ic6b01762_si_002_clean,11.40609,8.52606,11.40609,2.31198,1582.43,684.446,0.0,0.0,0.647,0.279846,8.65e-05,Th,Yes,Th,clean,Y,N,Y,DISORDER,N,,N,,,,,,,,,,,,,,,,,,,,acs.inorgchem.6b01762_ic6b01762_si_002_clean,507.0
ADOBIF_clean,5.54781,3.82743,5.54167,1.58873,944.037,594.207,131.28,82.6315,0.4886,0.30754,0.0,"V,Co",Yes,V,clean,Y,Y,Y,DISORDER,N,,,,,,,,,,,,,,,,,,,,,,ADOBIF_clean,589.3
AGUBUA_clean,5.46218,4.59563,5.46034,1.83317,1345.91,734.196,0.0,0.0,0.576,0.31421,0.0,Zn,No, ,clean,Y,Y,Y,DISORDER,N,,,,,,,,,,,,,,,,,,,,,,AGUBUA_clean,1358.4
AHIYOH_clean,5.55847,4.74922,5.55001,1.42546,843.163,591.503,0.0,0.0,0.4554,0.319476,0.0,Co,Yes,Co,clean,Y,Y,Y,DISORDER,N,,,,,,,,,,,,,,,,,,,,,,AHIYOH_clean,2783.8
AHUFIU_clean,8.82374,6.2087,8.82374,0.961965,2042.39,2123.15,0.0,0.0,0.6792,0.706055,0.0,"Mo,Ag",Yes,Ag,clean,Y,Y,Y,DISORDER,N,,,,,,,,,,,,,,,,,,,,,,AHUFIU_clean,719.9
AKOXIJ_clean,7.01714,4.33707,6.94236,1.42761,1022.79,716.43,287.21,201.182,0.528,0.369848,0.0,Ni,Yes,Ni,clean,Y,Y,Y,DISORDER,N,,,,,,,,,,,,,,,,,,,,,,AKOXIJ_clean,5071.1
am301365h_si_002_clean,11.58637,3.48934,11.58637,0.907013,1494.34,1647.54,0.0,0.0,0.6382,0.703628,0.0,Zn,No, ,clean,Y,N,Y,DISORDER,Y,LENVOR,Y,14/02/2013,10.1021/am301365h,"1 SI, 1 Structure",LENVOR,,,,,,,,,,,,,,,,am301365h_si_002_clean,763.3
AMIZIG_clean,6.42874,5.80877,6.41409,1.40393,699.498,498.243,0.0,0.0,0.4248,0.302579,0.0,"Na,Zn",Yes,Zn,clean,Y,Y,Y,DISORDER,N,,,,,,,,,,,,,,,,,,,,,,AMIZIG_clean,789.0
ANOMOG_clean,12.8003,5.50166,12.79961,0.784559,2116.78,2698.05,0.0,0.0,0.7198,0.917458,0.0,Cu,Yes,Cu,clean,Y,Y,Y,DISORDER,N,,,,,,,,,,,,,,,,,,,,,,ANOMOG_clean,915.1
APEBII_clean,10.32114,3.69719,10.3209,1.22342,1765.75,1443.28,0.0,0.0,0.6248,0.510698,0.0,Cu,Yes,Cu,clean,Y,Y,Y,DISORDER,N,,,,,,,,,,,,,,,,,,,,,,APEBII_clean,3574.3
APEBOO_clean,10.56651,4.16012,10.56651,1.24771,1971.26,1579.91,0.0,0.0,0.6524,0.52288,0.0,Zn,Yes,Zn,clean,Y,Y,Y,DISORDER,N,,,,,,,,,,,,,,,,,,,,,,APEBOO_clean,7106.7
AQEGUY_clean,5.54395,4.66139,5.49926,1.46355,1275.66,871.62,0.0,0.0,0.5148,0.351747,0.0,Ba,Yes,Ba,clean,Y,Y,Y,DISORDER,N,,,,,,,,,,,,,,,,,,,,,,AQEGUY_clean,1475.6
AQERUL_clean,5.19905,3.7128,5.19898,1.6479,850.334,516.012,0.0,0.0,0.4402,0.267129,0.0,Co,No, ,clean,Y,Y,Y,DISORDER,N,,,,,,,,,,,,,,,,,,,,,,AQERUL_clean,14935.0
AQIXUU_clean,5.00071,3.74213,5.00071,2.31618,778.297,336.026,0.0,0.0,0.406,0.175289,0.0,Co,Yes,Co,clean,Y,Y,Y,DISORDER,N,,,,,,,,,,,,,,,,,,,,,,AQIXUU_clean,1132.7
AQOLOJ_clean,15.82324,9.85536,15.82324,0.918562,1262.34,1374.26,403.393,439.157,0.709,0.771858,0.0,Co,Yes,Co,clean,Y,Y,Y,DISORDER,N,,,,,,,,,,,,,,,,,,,,,,AQOLOJ_clean,2353.7
AQOTIK_clean,6.7817,3.86887,6.78051,1.47348,1288.35,874.359,0.0,0.0,0.5612,0.380867,0.0,"Fe,Pt",Yes,Pt,clean,Y,Y,Y,DISORDER,N,,,,,,,,,,,,,,,,,,,,,,AQOTIK_clean,726.8
ASANAL_clean,5.37126,3.88285,5.37126,1.20144,1052.9,876.362,0.0,0.0,0.5218,0.434312,0.0,Cd,Yes,Cd,clean,Y,Y,Y,DISORDER,N,,,,,,,,,,,,,,,,,,,,,,ASANAL_clean,1012.1
ASEKAM_clean,5.99031,5.00967,5.99031,1.72662,1403.65,812.946,0.0,0.0,0.5696,0.329892,0.0,Cd,Yes,Cd,clean,Y,Y,Y,DISORDER,N,,,,,,,,,,,,,,,,,,,,,,ASEKAM_clean,1543.9
ASIVEF_clean,11.85007,7.21214,11.45277,0.623261,2219.01,3560.32,0.0,0.0,0.7618,1.22228,0.0,Cu,Yes,Cu,clean,Y,Y,Y,DISORDER,N,,,,,,,,,,,,,,,,,,,,,,ASIVEF_clean,945.1
ATEJOA_clean,4.70745,4.24568,4.70745,1.89843,608.117,320.327,105.12,55.3722,0.4134,0.217759,0.0,Gd,No, ,clean,Y,Y,Y,DISORDER,N,,,,,,,,,,,,,,,,,,,,,,ATEJOA_clean,2749.2
ATEZEG_clean,10.12518,7.5272,10.12318,0.775574,2361.78,3045.2,0.0,0.0,0.7158,0.922929,0.0,Yb,Yes,Yb,clean,Y,Y,Y,DISORDER,N,,,,,,,,,,,,,,,,,,,,,,ATEZEG_clean,737.8
ATEZIK_clean,10.39835,7.60488,10.39835,0.744295,2329.14,3129.33,0.0,0.0,0.7298,0.980525,0.0,Lu,Yes,Lu,clean,Y,Y,Y,DISORDER,N,,,,,,,,,,,,,,,,,,,,,,ATEZIK_clean,734.3
ATUZEW_clean,10.5847,3.84767,10.5847,0.968927,2122.87,2190.95,0.0,0.0,0.6504,0.671258,0.0,Cu,Yes,Cu,clean,Y,Y,Y,DISORDER,N,,,,,,,,,,,,,,,,,,,,,,ATUZEW_clean,1725.0
AVETAY_clean,5.64584,4.05596,5.63489,1.01371,1738.43,1714.92,0.32856,0.324118,0.6096,0.601358,0.0,Zn,Yes,Zn,clean,Y,Y,Y,DISORDER,N,,,,,,,,,,,,,,,,,,,,,,AVETAY_clean,647.9
AWEWOP_clean,9.66818,6.8565,9.66161,1.11027,1532.43,1380.24,0.0,0.0,0.5908,0.532125,0.0,Cu,Yes,Cu,clean,Y,Y,Y,DISORDER,N,,,,,,,,,,,,,,,,,,,,,,AWEWOP_clean,2686.5
AWUPOZ_clean,18.42385,9.2554,18.42385,0.353418,1737.36,4915.87,0.0,0.0,0.8534,2.41471,0.0,"In,Mn",Yes,Mn,clean,Y,Y,Y,DISORDER,N,,,,,,,,,,,,,,,,,,,,,,AWUPOZ_clean,584.5
AXIGAR_clean,6.07916,3.82644,6.07805,0.772367,2511.2,3251.3,0.0,0.0,0.6878,0.890509,0.0,Co,Yes,Co,clean,Y,Y,Y,DISORDER,N,,,,,,,,,,,,,,,,,,,,,,AXIGAR_clean,718.8
AXINAX_clean,19.26045,15.71248,19.26045,0.424639,1405.73,3310.41,0.0,0.0,0.8372,1.97156,0.0,Co,Yes,Co,clean,Y,Y,Y,DISORDER,N,,,,,,,,,,,,,,,,,,,,,,AXINAX_clean,927.4
BABREE_clean,12.92538,6.29785,12.92538,0.898119,2356.63,2623.96,0.0,0.0,0.6828,0.760255,0.0,Cu,Yes,Cu,clean,Y,Y,Y,DISORDER,N,,,,,,,,,,,,,,,,,,,,,,BABREE_clean,3956.8
BADXAI_clean,6.25366,4.40633,6.25366,1.71483,758.25,442.172,0.0,0.0,0.4118,0.240141,0.0,Tb,Yes,Tb,clean,Y,Y,Y,DISORDER,N,,,,,,,,,,,,,,,,,,,,,,BADXAI_clean,1988.0
BAKYIY_clean,7.70743,7.14284,7.70743,1.03845,1603.46,1544.09,0.0,0.0,0.586,0.564303,0.0,Mg,No, ,clean,Y,Y,Y,DISORDER,N,,,,,,,,,,,,,,,,,,,,,,BAKYIY_clean,1413.5
BEGDEY_clean,12.85123,4.25072,12.8502,1.1719,1647.66,1405.97,0.0,0.0,0.6212,0.530078,0.000170662,"Cu,Zn",Yes,"Cu,Zn",clean,Y,Y,Y,DISORDER,N,,,,,,,,,,,,,,,,,,,,,,BEGDEY_clean,3171.5
BERQIA_clean,6.73458,3.84255,6.69761,1.14732,1673.47,1458.59,0.0,0.0,0.5966,0.519995,0.0,Cd,Yes,Cd,clean,Y,Y,Y,DISORDER,N,,,,,,,,,,,,,,,,,,,,,,BERQIA_clean,5586.7
BETDOV_clean,6.15975,4.21588,6.15598,1.35335,1572.21,1161.72,0.0,0.0,0.5314,0.392656,0.0,Gd,Yes,Gd,clean,Y,Y,Y,DISORDER,N,,,,,,,,,,,,,,,,,,,,,,BETDOV_clean,868.9
BETFOX_clean,5.13144,3.67825,5.11456,1.3623,1196.21,878.085,0.0,0.0,0.5018,0.368349,0.0,Ce,No, ,clean,Y,Y,Y,DISORDER,N,,,,,,,,,,,,,,,,,,,,,,BETFOX_clean,849.6
BEWCUD_clean,11.43013,9.61646,11.40927,0.476468,2123.61,4456.97,0.0,0.0,0.8196,1.72016,0.0,Zn,Yes,Zn,clean,Y,Y,Y,DISORDER,N,,,,,,,,,,,,,,,,,,,,,,BEWCUD_clean,260.9
BEWVEG_clean,6.48201,4.71475,6.48201,1.10737,1863.88,1683.16,0.0,0.0,0.6042,0.545619,0.0,"Cr,Mn",Yes,Mn,clean,N,Y,Y,DISORDER,N,,,,,,,,,,,,,,,,,,,,,,BEWVEG_clean,953.7
BEXTUV_clean,4.28323,3.79801,4.26635,1.30528,1237.19,947.835,0.0,0.0,0.5092,0.390108,0.0,Mn,Yes,Mn,clean,Y,Y,Y,DISORDER,N,,,,,,,,,,,,,,,,,,,,,,BEXTUV_clean,1481.2
BEXVAD01_clean,3.87179,3.50198,3.85722,1.36931,1031.87,753.568,0.0,0.0,0.5022,0.366754,0.0,Co,Yes,Co,clean,Y,Y,Y,DISORDER,N,,,,,,,,,,,,,,,,,,,,,,BEXVAD01_clean,1055.6
BEXVAD_clean,4.05512,3.67488,4.05512,1.37514,1152.1,837.807,0.0,0.0,0.4946,0.359673,0.0,Co,Yes,Co,clean,Y,Y,Y,DISORDER,N,,,,,,,,,,,,,,,,,,,,,,BEXVAD_clean,1163.9
BEXVIL_clean,8.76522,6.70231,8.74887,0.885188,2434.41,2750.17,0.0,0.0,0.7548,0.8527,0.0,Cd,Yes,Cd,clean,Y,Y,Y,DISORDER,N,,,,,,,,,,,,,,,,,,,,,,BEXVIL_clean,556.9
BIHBEB_clean,18.34605,17.1599,18.34605,0.724278,1666.73,2301.23,0.0,0.0,0.776,1.07141,0.0,"Cd,Cr",Yes,"Cd,Cr",clean,Y,Y,Y,DISORDER,N,,,,,,,,,,,,,,,,,,,,,,BIHBEB_clean,1315.6
BIJFAD_clean,8.3585,6.26342,8.18439,0.855984,1774.61,2073.18,0.0,0.0,0.6172,0.721042,0.0,"Zn,Ti",Yes,"Zn,Ti",clean,Y,Y,Y,DISORDER,N,,,,,,,,,,,,,,,,,,,,,,BIJFAD_clean,1024.3
BINMIW_clean,11.24986,10.49756,11.228,1.06367,1248.28,1173.56,0.0,0.0,0.5962,0.560513,0.0,Zn,Yes,Zn,clean,Y,Y,Y,DISORDER,N,,,,,,,,,,,,,,,,,,,,,,BINMIW_clean,2178.1
BIPBAF_clean,10.29487,6.42172,10.29451,0.781793,2351.03,3007.23,0.0,0.0,0.7276,0.930682,0.0,Cu,Yes,Cu,clean,Y,Y,Y,DISORDER,N,,,,,,,,,,,,,,,,,,,,,,BIPBAF_clean,1200.2
BIRGIU_clean,6.67557,4.28336,6.67557,1.36929,1467.6,1071.8,0.0,0.0,0.553,0.403858,0.0,Mn,Yes,Mn,clean,Y,Y,Y,DISORDER,N,,,,,,,,,,,,,,,,,,,,,,BIRGIU_clean,1032.9
BIWSOQ_clean,15.33666,5.40917,6.36274,0.990293,1940.65,1959.67,0.0,0.0,0.6518,0.658189,0.0,Cu,Yes,Cu,clean,Y,Y,Y,DISORDER,N,,,,,,,,,,,,,,,,,,,,,,BIWSOQ_clean,1101.1
BOHWOM_clean,6.30501,5.11273,6.30431,1.22479,1646.22,1344.09,0.0,0.0,0.5794,0.473062,0.0,Zr,Yes,Zr,clean,Y,Y,Y,DISORDER,N,,,,,,,,,,,,,,,,,,,,,,BOHWOM_clean,1948.4
BORBEQ_clean,6.03525,3.97595,5.98504,1.10262,1309.44,1187.57,0.0,0.0,0.545,0.494276,0.0,"Na,Ni",No, ,clean,Y,Y,Y,DISORDER,N,,,,,,,,,,,,,,,,,,,,,,BORBEQ_clean,802.3
BOSHIC_clean,11.35851,4.44127,11.35851,0.998372,1829.81,1832.79,0.0,0.0,0.6236,0.624617,0.0,Cu,Yes,Cu,clean,Y,Y,Y,DISORDER,N,,,,,,,,,,,,,,,,,,,,,,BOSHIC_clean,3104.5
BOWSOW_clean,5.38919,4.13551,5.38919,1.62989,1386.73,850.81,0.0,0.0,0.5466,0.33536,0.0,V,Yes,V,clean,Y,Y,Y,DISORDER,N,,,,,,,,,,,,,,,,,,,,,,BOWSOW_clean,859.8
BUCSAU_clean,4.50267,3.4845,4.50267,1.50793,539.251,357.61,100.546,66.6783,0.4734,0.31394,0.0,"Fe,Co",Yes,Co,clean,Y,Y,Y,DISORDER,N,,,,,,,,,,,,,,,,,,,,,,BUCSAU_clean,1849.3
BUCSIC01_clean,4.44124,3.57533,4.41189,1.50616,553.814,367.699,138.791,92.149,0.4836,0.321081,0.0,"Fe,Co",Yes,Co,clean,Y,Y,Y,DISORDER,N,,,,,,,,,,,,,,,,,,,,,,BUCSIC01_clean,1790.4
BUPDOH_clean,11.18608,5.4183,11.18608,0.930795,2344.47,2518.79,0.0,0.0,0.7156,0.768805,0.0,Cu,Yes,Cu,clean,Y,Y,Y,DISORDER,N,,,,,,,,,,,,,,,,,,,,,,BUPDOH_clean,2479.7
BUVVIZ_clean,5.00001,3.6207,4.99072,1.72941,572.133,330.826,0.0,0.0,0.4138,0.239272,0.0,Tb,No, ,clean,Y,Y,Y,DISORDER,N,,,,,,,,,,,,,,,,,,,,,,BUVVIZ_clean,777.0
BUVVOF_clean,4.68198,3.57584,4.68198,1.98004,493.025,248.998,0.0,0.0,0.4188,0.211511,0.0,Dy,Yes,Dy,clean,Y,Y,Y,DISORDER,N,,,,,,,,,,,,,,,,,,,,,,BUVVOF_clean,716.2
BUXTUL_clean,5.73333,4.06625,5.52883,1.24116,1652.17,1331.15,26.661,21.4807,0.5852,0.471494,0.0,Ag,Yes,Ag,clean,Y,Y,Y,DISORDER,N,,,,,,,,,,,,,,,,,,,,,,BUXTUL_clean,5321.1
c4dt02048k_c4dt02048k2_clean,4.85859,3.78197,4.84347,1.4363,661.212,460.357,0.0,0.0,0.4384,0.305229,0.0,Eu,Yes,Eu,clean,Y,N,Y,DISORDER,Y,ZOTKEA,Y,19/09/2014,10.1039/c4dt02048k,"1 SI, 3 Structure",ZOTKEA,NORXEZ,ZOTKAW,ZOTKEA,,,,,,,,,,,,,c4dt02048k_c4dt02048k2_clean,672.5
c5cc09935h_c5cc09935h2_clean,12.43011,5.54656,12.43011,1.34061,1862.24,1389.1,0.0,0.0,0.6814,0.508277,0.000596744,Zn,No, ,clean,Y,N,Y,DISORDER,Y,WUYNOV,Y,	02/12/2015,10.1039/c5cc09935h,"1 SI, 1 Structure",WUYNOV,,,,,,,,,,,,,,,,c5cc09935h_c5cc09935h2_clean,1782.3
c5ce00931f_c5ce00931f2_clean,5.29408,4.17227,5.29408,1.81161,1362.6,752.15,0.0,0.0,0.5006,0.276328,0.0,Zn,Yes,Zn,clean,Y,N,Y,DISORDER,Y,VUKSEB,Y,17/06/2015,10.1039/c5ce00931f,"1 SI, 3 Structure",VUKSEB,VUKSEB,VUKSIF,VUKSOL,,,,,,,,,,,,,c5ce00931f_c5ce00931f2_clean,1537.7
c5ce01790d_c5ce01790d1_clean,9.18977,4.55461,8.97719,2.09193,660.443,315.71,0.0,0.0,0.4192,0.20039,0.0,Eu,No, ,clean,Y,N,Y,DISORDER,N,,Y,08/09/2015,10.1039/c5ce01790d,"1 SI, 1 Structure",MUPLOA,,,,,,,,,,,,,,,,c5ce01790d_c5ce01790d1_clean,1752.4
c5ce02503f_c5ce02503f2_clean,13.50319,5.63614,13.50319,1.78413,1087.4,609.485,289.45,162.236,0.5546,0.310852,0.0,"La,Ni",Yes,"La,Ni",clean,Y,N,Y,DISORDER,Y,TURBOY,Y,14/12/2015,10.1039/c5ce02503f,"1 SI, 7 Structure",TURBOY,LADDAY,LADDEC,LADDIG,LADRUG,LADSAN,TURBOY,TURBUE,,,,,,,,,c5ce02503f_c5ce02503f2_clean,15746.8
c5dt01100k_c5dt01100k2_clean,10.14478,9.16125,10.14478,1.64843,1361.9,826.183,0.0,0.0,0.588,0.356703,0.0,Cd,Yes,Cd,clean,Y,N,Y,DISORDER,N,,Y,02/03/2015,10.1039/c5dt01100k,"1 SI, 1 Structure",WUHMAP,,,,,,,,,,,,,,,,c5dt01100k_c5dt01100k2_clean,1866.1
c5dt02651b_c5dt02651b2_clean,11.24702,10.84395,11.24702,1.63261,1033.92,633.289,0.0,0.0,0.5074,0.31079,0.0,Co,No, ,clean,Y,N,Y,DISORDER,N,,Y,07/07/2015,10.1039/c5dt02651b,"1 SI, 1 Structure",WUZBUQ,,,,,,,,,,,,,,,,c5dt02651b_c5dt02651b2_clean,808.1
c5dt03038b_c5dt03038b2_clean,6.32747,4.74814,6.26915,1.49819,1746.54,1165.77,0.0,0.0,0.584,0.389803,0.0,Cd,Yes,Cd,clean,Y,N,Y,DISORDER,Y,XUVQIQ,Y,21/10/2014,10.1039/c5dt03038b,"1 SI, 2 Structure",XUVQIQ,XUVQIQ,XUVQOW,,,,,,,,,,,,,,c5dt03038b_c5dt03038b2_clean,1259.8
c5dt04943a_c5dt04943a2_clean,11.21193,6.39957,11.21193,0.759207,2393.65,3152.83,0.0,0.0,0.7392,0.973647,0.0,Cu,Yes,Cu,clean,Y,N,Y,DISORDER,Y,NAHHIQ,Y,15/01/2016,10.1039/c5dt04943a,"1 SI, 2 Structure",NAHHIQ,NAHHIQ,NAHHOW,,,,,,,,,,,,,,c5dt04943a_c5dt04943a2_clean,1087.9
c5dt05023e_c5dt05023e2_clean,6.45831,4.45817,6.45831,1.05764,1467.29,1387.32,0.0,0.0,0.552,0.521916,0.0,Fe,Yes,Fe,clean,Y,N,Y,DISORDER,Y,WAHRIJ,Y,17/02/2016,10.1039/c5dt05023e,"1 SI, 2 Structure",WAHRIJ,WAHRIJ,WAHROP,,,,,,,,,,,,,,c5dt05023e_c5dt05023e2_clean,1827.2
c5nj02236c_c5nj02236c2_clean,6.30027,4.16214,6.2999,1.32173,1286.33,973.214,0.0,0.0,0.5228,0.395541,0.0,Cd,No, ,clean,Y,N,Y,DISORDER,Y,SUZMEH,Y,24/11/2015,10.1039/c5nj02236c,"1 SI, 3 Structure",SUZMEH,SUZMEH,SUZMIL,,,,,,,,,,,,,,c5nj02236c_c5nj02236c2_clean,2297.8
c5nj03044g_c5nj03044g2_clean,5.37347,3.59404,5.37347,1.19457,1376.65,1152.42,0.0,0.0,0.5502,0.460583,0.0,Cd,No, ,clean,Y,N,Y,DISORDER,Y,XAKJEB,Y,21/12/2015,10.1039/c5nj03044g,"1 SI, 1 Structure",XAKJEB,,,,,,,,,,,,,,,,c5nj03044g_c5nj03044g2_clean,4115.9
c5qi00128e_c5qi00128e2_clean,6.58115,3.73125,6.58115,0.993282,1853.01,1865.55,0.0,0.0,0.582,0.585936,0.0,Fe,No, ,clean,Y,N,Y,DISORDER,Y,ZUQBOE,Y,22/07/2015,10.1039/c5qi00128e,"1 SI, 4 Structure",ZUQBOE,ZUQBOE,ZUQBUK,ZUQCAR,ZUQCEV,,,,,,,,,,,,c5qi00128e_c5qi00128e2_clean,4292.3
c5sc00614g_c5sc00614g2_clean,12.67478,4.17297,12.67478,1.23591,1899.73,1537.11,0.0,0.0,0.6104,0.493887,0.000647296,Y,No, ,clean,Y,N,Y,DISORDER,Y,LUHVUH,Y,17/02/2015,10.1039/c5sc00614g,"1 SI, 3 Structure",LUHVUH,LUHVUH,LUHWAO,LUHWES,,,,,,,,,,,,,c5sc00614g_c5sc00614g2_clean,8283.6
c5ta03835a_c5ta03835a2_clean,12.36152,9.64623,12.36152,0.670312,1969.74,2938.54,0.0,0.0,0.7304,1.08964,0.0,Zn,No, ,clean,Y,N,Y,DISORDER,Y,XUVREN,Y,	04/01/2015,10.1039/c5ta03835a,"1 SI, 2 Structure",XUVREN,XUVREN,XUVRIR,,,,,,,,,,,,,,c5ta03835a_c5ta03835a2_clean,1894.3
c5ta05481h_c5ta05481h2_clean,11.36075,4.16216,11.273,1.17825,1834.82,1557.24,0.0,0.0,0.6228,0.528581,0.0,Cu,Yes,Cu,clean,Y,N,Y,DISORDER,Y,SUKKOA,Y,08/03/2015,10.1039/c5ta05481h,"1 SI, 3 Structure",SUKKOA,SUKKOA,SUKKUG,SUKMAO,,,,,,,,,,,,,c5ta05481h_c5ta05481h2_clean,5755.7
c5ta09507g_c5ta09507g2_clean,8.62119,5.11428,8.62119,1.19769,1550.85,1294.87,0.0,0.0,0.569,0.475082,0.0,Zn,No, ,clean,Y,N,Y,DISORDER,Y,WAFPOL,Y,09/10/2015,10.1039/c5ta09507g,"1 SI, 2 Structure",WAFPOL,WAFPOL,WAFPUR,,,,,,,,,,,,,,c5ta09507g_c5ta09507g2_clean,10886.9
c6cc00589f_c6cc00589f2_clean,11.05462,4.21804,11.05462,0.944025,1733.14,1835.91,0.0,0.0,0.6684,0.708032,0.0,Zn,Yes,Zn,clean,Y,N,Y,DISORDER,Y,UKACIU,Y,	15/03/2016,10.1039/c6cc00589f,"1 SI, 2 Structure",UKACIU,UKACIU,UKACOA,,,,,,,,,,,,,,c6cc00589f_c6cc00589f2_clean,823.4
c6cc00589f_c6cc00589f3_clean,8.87015,7.61141,8.84647,0.61411,2422.25,3944.33,0.0,0.0,0.804,1.30921,0.0,Zn,No, ,clean,Y,N,Y,DISORDER,Y,UJUPOG,Y,	15/03/2016,10.1039/c6cc00589f,"1 SI, 2 Structure",UJUPOG,UJUPOG,UJUPUM,,,,,,,,,,,,,,c6cc00589f_c6cc00589f3_clean,146.3
c6cc01597b_c6cc01597b2_clean,5.3252,4.32379,5.3252,1.51358,1134.66,749.654,0.0,0.0,0.4966,0.328096,0.0,Cu,Yes,Cu,clean,Y,N,Y,DISORDER,Y,WAFLIB,Y,22/02/2016,10.1039/c6cc01597b,"1 SI, 1 Structure",WAFLIB,,,,,,,,,,,,,,,,c6cc01597b_c6cc01597b2_clean,1655.4
c6cc03787a_c6cc03787a2_clean,13.49945,6.3228,13.49945,0.687385,2187.23,3181.96,0.0,0.0,0.746,1.08527,0.000290958,Zr,No, ,clean,Y,N,Y,DISORDER,Y,UMUMOG,Y,04/12/2015,10.1039/c6cc03787a,"1 SI, 2 Structure",UMUMOG,ENOWUB,UMUMOG,,,,,,,,,,,,,,c6cc03787a_c6cc03787a2_clean,802.6
c6ce00465b_c6ce00465b2_clean,7.48534,6.6993,7.48534,0.744889,2472.69,3319.54,0.0,0.0,0.7082,0.950746,0.0,In,No, ,clean,Y,N,Y,DISORDER,Y,ULUNIA,Y,06/08/2015,10.1039/c6ce00465b,"1 SI, 1 Structure",ULUNIA,,,,,,,,,,,,,,,,c6ce00465b_c6ce00465b2_clean,711.5
c6ta07145g_c6ta07145g2_clean,6.02059,3.60964,6.01517,1.26554,923.516,729.74,0.0,0.0,0.497,0.392717,0.0,Co,No, ,clean,Y,N,Y,DISORDER,Y,UYEBIL,Y,	16/08/2016,10.1039/c6ta07145g,"1 SI, 6 Structure",UYEBIL,UYEBIL,UYEBOR,UYEBUX,UYECAE,UYECEI,UYECIM,,,,,,,,,,c6ta07145g_c6ta07145g2_clean,8027.1
CACNOM_clean,5.51942,4.46179,5.51261,1.46727,1607.54,1095.6,0.0,0.0,0.5204,0.354673,0.0,"In,Co",No, ,clean,Y,Y,Y,DISORDER,N,,,,,,,,,,,,,,,,,,,,,,CACNOM_clean,2024.0
CASWIE_clean,9.90767,8.8856,9.90767,1.25703,2053.39,1633.52,0.0,0.0,0.7078,0.563072,0.0,"Zn,Al",No, ,clean,Y,Y,Y,DISORDER,N,,,,,,,,,,,,,,,,,,,,,,CASWIE_clean,990.6
CAVMIX_clean,8.93942,5.67971,8.86574,0.942961,1589.69,1685.85,0.0,0.0,0.62,0.657503,0.0,Zn,Yes,Zn,clean,Y,Y,Y,DISORDER,N,,,,,,,,,,,,,,,,,,,,,,CAVMIX_clean,3406.3
CAXSUR_SL,13.20977,6.6958,13.20977,0.618713,2108.92,3408.56,2.69185,4.35072,0.73,1.17987,0.0,Al,No, ,SL,Y,Y,Y,DISORDER,N,,,,,,,,,,,,,,,,,,,,,,CAXSUR_SL,887.0
CAYQIE_clean,11.36799,6.51795,9.97187,0.696086,2497.61,3588.07,0.0,0.0,0.7382,1.0605,0.0,Cu,Yes,Cu,clean,Y,Y,Y,DISORDER,N,,,,,,,,,,,,,,,,,,,,,,CAYQIE_clean,1183.6
CAYQOK_clean,11.83799,7.63891,11.7221,0.673503,2318.04,3441.77,0.0,0.0,0.7596,1.12783,0.0,Cu,Yes,Cu,clean,Y,Y,Y,DISORDER,N,,,,,,,,,,,,,,,,,,,,,,CAYQOK_clean,4146.1
CAYQUQ_clean,11.37885,6.17998,10.24831,0.783377,2242.23,2862.26,0.0,0.0,0.6804,0.868548,0.0,Cu,Yes,Cu,clean,Y,Y,Y,DISORDER,N,,,,,,,,,,,,,,,,,,,,,,CAYQUQ_clean,1682.3
CEDFOI_clean,8.34336,3.84131,8.32866,1.23395,1912.36,1549.78,0.0,0.0,0.6248,0.506341,0.0,Gd,Yes,Gd,clean,N,Y,Y,DISORDER,N,,,,,,,,,,,,,,,,,,,,,,CEDFOI_clean,5165.4
CEDFUO_clean,6.32807,4.51999,5.33405,1.32113,1794.57,1358.35,0.0,0.0,0.6002,0.454307,0.0,Gd,Yes,Gd,clean,N,Y,Y,DISORDER,N,,,,,,,,,,,,,,,,,,,,,,CEDFUO_clean,2842.9
CEKNIQ_clean,19.34511,12.33787,19.24026,0.450433,1674.23,3716.94,0.0,0.0,0.8472,1.88086,0.0,Zn,Yes,Zn,clean,Y,Y,Y,DISORDER,N,,,,,,,,,,,,,,,,,,,,,,CEKNIQ_clean,1040.3
CEMKOV_clean,6.14232,4.76606,5.27946,0.925155,1938.38,2095.19,0.0,0.0,0.617,0.666916,0.0,Cu,Yes,Cu,clean,Y,Y,Y,DISORDER,N,,,,,,,,,,,,,,,,,,,,,,CEMKOV_clean,1159.4
CESFIQ_clean,12.64207,6.13059,12.56929,0.688272,2372.6,3447.18,0.0,0.0,0.7544,1.09608,0.0,Cu,Yes,Cu,clean,Y,Y,Y,DISORDER,N,,,,,,,,,,,,,,,,,,,,,,CESFIQ_clean,2555.3
CESFOW_clean,11.30689,5.72282,11.30689,0.75113,2376.62,3164.06,0.0,0.0,0.7236,0.963349,0.0,Cu,Yes,Cu,clean,Y,Y,Y,DISORDER,N,,,,,,,,,,,,,,,,,,,,,,CESFOW_clean,1247.0
CEYYIQ_clean,8.37126,7.81796,8.37126,2.71612,1505.4,554.246,0.0,0.0,0.6104,0.224732,0.0,U,Yes,U,clean,Y,Y,Y,DISORDER,N,,,,,,,,,,,,,,,,,,,,,,CEYYIQ_clean,795.2
cg050585esi20051105_115011_clean,5.11718,3.57473,5.07564,1.4789,549.331,371.446,14.5687,9.85107,0.4246,0.287106,0.0,Cu,No, ,clean,Y,N,Y,DISORDER,Y,CEHPIP,Y,17/05/2006,10.1021/cg050585e,"1 SI, 1 Structure",CEHPIP,,,,,,,,,,,,,,,,cg050585esi20051105_115011_clean,855.2
cg100357q_si_002_clean,5.69388,4.40862,5.69388,1.25786,1032.04,820.478,0.0,0.0,0.4934,0.392254,0.0,Zn,Yes,Zn,clean,Y,N,Y,DISORDER,Y,QUTHAP,Y,15/05/2009,10.1021/cg100357q,"1 SI, 1 Structure",QUTHAP,,,,,,,,,,,,,,,,cg100357q_si_002_clean,1755.0
cg2007167_si_002_clean,6.66423,5.56859,6.66139,0.818121,2162.43,2643.17,0.0,0.0,0.663,0.810394,0.0,Cu,Yes,Cu,clean,Y,N,Y,DISORDER,Y,DALRUF,Y,23/11/2011,10.1021/cg2007167,"1 SI, 2 Structure",DALRUF,DALRUF,DALSAM,,,,,,,,,,,,,,cg2007167_si_002_clean,1437.8
cg3002866_si_001_clean,14.19695,6.32486,14.19695,0.780735,2310.25,2959.08,0.0,0.0,0.7264,0.930405,0.0,Zn,Yes,Zn,clean,Y,N,Y,DISORDER,Y,KAZXEQ,Y,12/07/2012,10.1021/cg3002866,"1 SI, 1 Structure",KAZXEQ,,,,,,,,,,,,,,,,cg3002866_si_001_clean,8855.2
cg300979c_si_002_clean,8.05407,6.75932,7.96872,0.960767,1454.92,1514.34,0.0,0.0,0.5674,0.59057,0.0,Ni,No, ,clean,Y,N,Y,DISORDER,Y,MILSIL,Y,13/06/2012,10.1021/cg300979c,"1 SI, 1 Structure",MILSIL,,,,,,,,,,,,,,,,cg300979c_si_002_clean,1005.7
cg3015354_si_002_clean,7.32162,4.55611,5.93566,1.50685,1363.44,904.833,0.0,0.0,0.5076,0.336863,0.0,Mn,Yes,Mn,clean,Y,N,Y,DISORDER,Y,VIDPIJ,Y,16/01/2012,10.1021/cg3015354,"1 SI, 1 Structure",VIDPIJ,,,,,,,,,,,,,,,,cg3015354_si_002_clean,1204.4
cg500192d_si_002_clean,9.72623,8.82974,9.6524,1.57345,1897.89,1206.2,0.0,0.0,0.6888,0.437764,0.0,Cd,Yes,Cd,clean,Y,N,Y,DISORDER,Y,SOLMOX,Y,04/06/2014,10.1021/cg500192d,"1 SI, 1 Structure",SOLMOX,,,,,,,,,,,,,,,,cg500192d_si_002_clean,3063.8
cg501141m_si_003_clean,6.52889,4.75513,5.51076,1.08983,1352.45,1240.98,192.247,176.402,0.5792,0.531461,0.0,Co,Yes,Co,clean,Y,N,Y,DISORDER,Y,BOWDUO,Y,23/07/2014,10.1021/cg501141m,"1 SI, 1 Structure",BOWDUO,,,,,,,,,,,,,,,,cg501141m_si_003_clean,2973.9
CIPLIX_clean,4.16596,3.6754,4.15153,1.12701,1392.79,1235.82,0.0,0.0,0.5518,0.489614,0.0,"Li,Co",Yes,"Li,Co",clean,Y,Y,Y,DISORDER,N,,,,,,,,,,,,,,,,,,,,,,CIPLIX_clean,977.3
CIQQIE_clean,6.69548,4.06015,6.67985,1.03219,1589.58,1540.01,0.0,0.0,0.5732,0.555324,0.0,La,Yes,La,clean,Y,Y,Y,DISORDER,N,,,,,,,,,,,,,,,,,,,,,,CIQQIE_clean,4136.8
cm071462f-file004_clean,6.42322,5.39187,6.42322,1.55223,1810.57,1166.43,0.0,0.0,0.6266,0.403676,0.0,Zn,No, ,clean,Y,N,Y,DISORDER,Y,DISTAB,Y,29/01/2008,10.1021/cm071462f,"1 SI, 1 Structure",DISTAB,,,,,,,,,,,,,,,,cm071462f-file004_clean,878.0
CODVAU_clean,5.70592,4.39685,5.70265,1.86805,957.055,512.328,0.0,0.0,0.4588,0.245604,0.0,Cd,Yes,Cd,clean,Y,Y,Y,DISORDER,N,,,,,,,,,,,,,,,,,,,,,,CODVAU_clean,5227.1
COJMIZ_clean,8.76253,5.35896,8.72035,1.01046,1718.52,1700.73,0.0,0.0,0.6106,0.604279,0.0,Zn,No, ,clean,Y,Y,Y,DISORDER,N,,,,,,,,,,,,,,,,,,,,,,COJMIZ_clean,3453.4
COJMOF02_clean,7.77133,6.76319,7.77133,0.912847,1827.53,2002.01,0.0,0.0,0.6452,0.7068,0.0,Zn,No, ,clean,Y,Y,Y,DISORDER,N,,,,,,,,,,,,,,,,,,,,,,COJMOF02_clean,1997.3
comp2_clean,6.3721,5.81224,6.36767,1.69788,895.639,527.505,0.0,0.0,0.47,0.276816,0.0,"Ba,Eu",Yes,"Ba,Eu",clean,Y,Y,Y,DISORDER,N,,,,,,,,,,,,,,,,,,,,,,comp2_clean,2371.6
COQJID_clean,5.67335,4.4679,5.67044,1.27511,1146.44,899.089,0.0,0.0,0.4982,0.390711,0.0,"Rh,Mn",No, ,clean,Y,Y,Y,DISORDER,N,,,,,,,,,,,,,,,,,,,,,,COQJID_clean,2224.4
COQJOJ_clean,7.38214,4.96534,7.38214,1.07307,1447.07,1348.53,0.0720169,0.0671129,0.5318,0.495588,0.0,"Rh,Mn",Yes,Rh,clean,Y,Y,Y,DISORDER,N,,,,,,,,,,,,,,,,,,,,,,COQJOJ_clean,1897.9
COQJUP_clean,7.38322,4.6606,7.38042,1.11082,1342.22,1208.32,0.0,0.0,0.5588,0.503054,0.0,"Rh,Mn",Yes,Rh,clean,Y,Y,Y,DISORDER,N,,,,,,,,,,,,,,,,,,,,,,COQJUP_clean,2072.3
COWDEZ_clean,8.91053,4.46746,8.91053,4.13717,1136.38,274.675,0.0,0.0,0.4164,0.100649,0.000386738,"W,K,Co",Yes,"W,K",clean,Y,Y,Y,DISORDER,N,,,,,,,,,,,,,,,,,,,,,,COWDEZ_clean,5447.4
COXDIE_clean,5.62039,5.35711,5.62039,1.66496,1129.92,678.647,0.152502,0.091595,0.484,0.290697,0.0,Cu,Yes,Cu,clean,Y,Y,Y,DISORDER,N,,,,,,,,,,,,,,,,,,,,,,COXDIE_clean,2249.7
CUFQUR_clean,6.03864,3.8691,6.03864,2.05539,1028.56,500.422,0.0,0.0,0.503,0.244722,0.0,"Dy,U",Yes,"Dy,U",clean,Y,Y,Y,DISORDER,N,,,,,,,,,,,,,,,,,,,,,,CUFQUR_clean,396.6
CUGLIB_clean,5.58062,5.51252,5.58062,2.40243,819.805,341.239,0.0,0.0,0.416,0.173158,0.0,Ag,Yes,Ag,clean,Y,Y,Y,DISORDER,N,,,,,,,,,,,,,,,,,,,,,,CUGLIB_clean,218.2
CUGYIO_clean,5.85592,5.75004,5.85592,2.37725,832.973,350.394,0.0,0.0,0.4316,0.181554,0.0,Ag,Yes,Ag,clean,Y,Y,Y,DISORDER,N,,,,,,,,,,,,,,,,,,,,,,CUGYIO_clean,266.3
CUGZAH_clean,7.43946,7.40575,7.42884,2.24368,763.393,340.242,0.0,0.0,0.4524,0.201633,0.0,Ag,Yes,Ag,clean,Y,Y,Y,DISORDER,N,,,,,,,,,,,,,,,,,,,,,,CUGZAH_clean,271.6
CUHLUO_clean,5.42523,4.19371,5.42499,1.12223,1191.58,1061.8,0.0,0.0,0.5356,0.477262,0.0,Co,No, ,clean,Y,Y,Y,DISORDER,N,,,,,,,,,,,,,,,,,,,,,,CUHLUO_clean,11758.7
CUPHIG_clean,11.10015,5.6209,11.10015,0.767516,2426.29,3161.23,0.0,0.0,0.7292,0.950078,0.0,Cu,Yes,Cu,clean,Y,Y,Y,DISORDER,N,,,,,,,,,,,,,,,,,,,,,,CUPHIG_clean,1196.0
CUQRUD_clean,5.86918,4.59668,5.81577,0.986332,2188.93,2219.27,0.0,0.0,0.6352,0.644002,0.0,Zn,Yes,Zn,clean,Y,Y,Y,DISORDER,N,,,,,,,,,,,,,,,,,,,,,,CUQRUD_clean,903.2
CURZAR_clean,6.11737,4.85497,6.11737,1.33305,994.338,745.91,0.926549,0.695058,0.5124,0.38438,0.0,Cd,Yes,Cd,clean,Y,Y,Y,DISORDER,N,,,,,,,,,,,,,,,,,,,,,,CURZAR_clean,1899.0
CUSXIY_clean,15.40731,13.34223,14.58073,0.291845,1568.49,5374.4,0.0,0.0,0.8896,3.04819,0.0,Zn,No, ,clean,Y,Y,Y,DISORDER,N,,,,,,,,,,,,,,,,,,,,,,CUSXIY_clean,965.9
CUSXOE_clean,17.97302,15.80148,17.15199,0.243844,1288.51,5284.15,0.0,0.0,0.909,3.72779,0.0,Zn,Yes,Zn,clean,Y,Y,Y,DISORDER,N,,,,,,,,,,,,,,,,,,,,,,CUSXOE_clean,2313.7
CUTCAX_clean,4.30234,3.58939,4.26585,1.09614,1081.03,986.218,1.04385,0.952301,0.522,0.476217,0.0,Mn,Yes,Mn,clean,Y,Y,Y,DISORDER,N,,,,,,,,,,,,,,,,,,,,,,CUTCAX_clean,1383.2
CUTFII_clean,4.31265,3.62169,4.29278,1.16218,1244.54,1070.86,0.0,0.0,0.5288,0.455007,0.0,Zn,Yes,Zn,clean,N,Y,Y,DISORDER,N,,,,,,,,,,,,,,,,,,,,,,CUTFII_clean,1374.7
CUVVOG_clean,8.37247,7.3895,8.37077,1.20081,1241.45,1033.84,0.0,0.0,0.5362,0.446532,0.0,Zn,No, ,clean,Y,Y,Y,DISORDER,N,,,,,,,,,,,,,,,,,,,,,,CUVVOG_clean,2317.8
CUWHUZ_clean,16.54325,4.10215,14.7488,0.938804,1933.37,2059.39,0.0,0.0,0.6922,0.737321,0.0,Tb,No, ,clean,Y,Y,Y,DISORDER,N,,,,,,,,,,,,,,,,,,,,,,CUWHUZ_clean,17475.4
CUWXAV_clean,6.49506,4.27985,6.49506,1.3087,1636.9,1250.78,0.0,0.0,0.5526,0.42225,0.0,Eu,No, ,clean,Y,Y,Y,DISORDER,N,,,,,,,,,,,,,,,,,,,,,,CUWXAV_clean,1032.2
CUXFUX_clean,5.75656,5.11113,5.75656,1.3231,1207.8,912.854,37.5492,28.3797,0.5462,0.412818,0.0,Co,No, ,clean,Y,Y,Y,DISORDER,N,,,,,,,,,,,,,,,,,,,,,,CUXFUX_clean,5319.3
DACSEI_clean,11.09615,4.22518,11.09615,1.45844,1887.17,1293.96,0.0,0.0,0.625,0.428539,0.0,Cu,Yes,Cu,clean,Y,Y,Y,DISORDER,N,,,,,,,,,,,,,,,,,,,,,,DACSEI_clean,4197.7
DADXUE_clean,5.25371,3.53655,5.25051,1.61178,698.642,433.459,0.0,0.0,0.4448,0.275968,0.0,Cd,Yes,Cd,clean,N,Y,Y,DISORDER,N,,,,,,,,,,,,,,,,,,,,,,DADXUE_clean,2315.7
DALVEU_clean,5.33631,4.08532,4.88589,1.30265,1571.53,1206.41,0.0,0.0,0.5888,0.452001,0.0,Dy,Yes,Dy,clean,N,Y,Y,DISORDER,N,,,,,,,,,,,,,,,,,,,,,,DALVEU_clean,4807.6
DANZOJ_neutral,11.30814,4.84088,11.28951,0.953196,1460.99,1532.73,328.938,345.089,0.656,0.688211,0.0,Mn,No, ,neutral,Y,Y,Y,DISORDER,N,,,,,,,,,,,,,,,,,,,,,,DANZOJ_neutral,677.3
DAZCAK_clean,13.11846,6.60097,13.10556,1.02457,1662.31,1622.44,0.0,0.0,0.6408,0.625431,0.0,Cu,Yes,Cu,clean,Y,Y,Y,DISORDER,N,,,,,,,,,,,,,,,,,,,,,,DAZCAK_clean,2171.6
DEKPUF_clean,6.975,5.81852,6.975,1.54937,1782.47,1150.45,0.0,0.0,0.6318,0.407778,0.0,Zn,No, ,clean,Y,Y,Y,DISORDER,N,,,,,,,,,,,,,,,,,,,,,,DEKPUF_clean,1727.4
DEYLOJ_clean,7.45013,4.00626,7.41356,3.76527,1192.03,316.587,7.20509,1.91357,0.4952,0.131518,0.0,"W,Na,Eu,K",Yes,"W,Na,Eu,K",clean,Y,Y,Y,DISORDER,N,,,,,,,,,,,,,,,,,,,,,,DEYLOJ_clean,627.4
DIMQIB_clean,6.20574,4.20467,6.19483,1.06672,2087.42,1956.87,0.0,0.0,0.598,0.560599,0.0,Co,Yes,Co,clean,Y,Y,Y,DISORDER,N,,,,,,,,,,,,,,,,,,,,,,DIMQIB_clean,2867.1
DITPED_clean,7.50583,5.90159,7.4889,1.29378,1287.83,995.397,0.0,0.0,0.555,0.428975,0.0,Cd,Yes,Cd,clean,N,Y,Y,DISORDER,N,,,,,,,,,,,,,,,,,,,,,,DITPED_clean,5845.3
DIWMUT_clean,7.56491,5.96452,7.55979,0.838759,2075.47,2474.46,0.0,0.0,0.641,0.764225,0.0,Ca,Yes,Ca,clean,Y,Y,Y,DISORDER,N,,,,,,,,,,,,,,,,,,,,,,DIWMUT_clean,3646.0
DIZVAK_clean,8.12516,5.69593,7.90061,1.15636,2071.75,1791.62,0.0,0.0,0.639,0.552597,0.0,Co,No, ,clean,Y,Y,Y,DISORDER,N,,,,,,,,,,,,,,,,,,,,,,DIZVAK_clean,1672.8
DOFTID_clean,8.70669,6.70952,8.70669,0.91345,2575.78,2819.83,0.0,0.0,0.7676,0.84033,0.0,"Zn,Pt",Yes,"Zn,Pt",clean,Y,Y,Y,DISORDER,N,,,,,,,,,,,,,,,,,,,,,,DOFTID_clean,1958.0
DOFTOJ_clean,8.39259,6.42224,8.39259,0.858615,2621.58,3053.27,0.0,0.0,0.7534,0.87746,0.0,"Zn,Pd",Yes,"Zn,Pd",clean,Y,Y,Y,DISORDER,N,,,,,,,,,,,,,,,,,,,,,,DOFTOJ_clean,2077.6
DOGBAE_clean,25.81792,14.43274,25.36207,0.55407,1540.39,2780.13,0.0,0.0,0.8362,1.5092,0.0,Zr,Yes,Zr,clean,Y,Y,Y,DISORDER,N,,,,,,,,,,,,,,,,,,,,,,DOGBAE_clean,2575.0
DOJXOR_clean,7.78532,7.29613,7.78532,1.02283,1574.02,1538.88,0.0,0.0,0.5858,0.572722,0.0,Cu,Yes,Cu,clean,Y,Y,Y,DISORDER,N,,,,,,,,,,,,,,,,,,,,,,DOJXOR_clean,3030.5
DOLWEI_clean,10.11442,4.05745,10.10256,0.875132,2134.94,2439.57,3.14287,3.59131,0.6764,0.772912,0.0,Co,Yes,Co,clean,Y,Y,Y,DISORDER,N,,,,,,,,,,,,,,,,,,,,,,DOLWEI_clean,7841.3
DOMGAP_clean,8.27667,5.74162,8.27274,1.20417,741.315,615.623,530.043,440.172,0.5268,0.437479,0.0,"Gd,Na,Zn",Yes,"Na,Zn",clean,Y,Y,Y,DISORDER,N,,,,,,,,,,,,,,,,,,,,,,DOMGAP_clean,1744.6
DOTFOJ_clean,9.02668,4.87755,9.02668,0.958168,1617.77,1688.4,0.0,0.0,0.6126,0.639345,0.0,Cu,Yes,Cu,clean,Y,Y,Y,DISORDER,N,,,,,,,,,,,,,,,,,,,,,,DOTFOJ_clean,6782.2
DUDKIY_clean,7.07907,5.66309,7.05735,0.974059,1868.46,1918.22,0.0,0.0,0.6506,0.667927,0.0,Zn,Yes,Zn,clean,Y,Y,Y,DISORDER,N,,,,,,,,,,,,,,,,,,,,,,DUDKIY_clean,1559.5
DUKNEE_clean,4.73188,3.71957,4.56441,1.30231,281.161,215.894,153.376,117.772,0.4962,0.381015,0.0,Cd,Yes,Cd,clean,Y,Y,Y,DISORDER,N,,,,,,,,,,,,,,,,,,,,,,DUKNEE_clean,3594.3
DUNYOC_clean,9.99521,7.8188,9.31419,0.670932,2064.07,3076.42,0.0,0.0,0.7104,1.05883,0.0,Zn,Yes,Zn,clean,Y,Y,Y,DISORDER,N,,,,,,,,,,,,,,,,,,,,,,DUNYOC_clean,1906.6
DUQRUD_clean,5.84696,3.93964,5.84696,1.3492,787.842,583.933,0.0,0.0,0.45,0.333531,0.0,Cd,No, ,clean,Y,Y,Y,DISORDER,N,,,,,,,,,,,,,,,,,,,,,,DUQRUD_clean,1199.3
DUSHEG_clean,14.57041,6.75099,14.55704,1.00559,1547.32,1538.72,307.327,305.619,0.6666,0.662896,0.0,Ni,Yes,Ni,clean,Y,Y,Y,DISORDER,N,,,,,,,,,,,,,,,,,,,,,,DUSHEG_clean,20335.2
DUSHIK_clean,14.6863,6.85074,14.6863,0.965487,1544.65,1599.87,302.186,312.988,0.665,0.688771,0.0,Fe,Yes,Fe,clean,Y,Y,Y,DISORDER,N,,,,,,,,,,,,,,,,,,,,,,DUSHIK_clean,20134.2
DUZKAM_clean,21.49045,20.91759,21.49045,0.763691,1446.12,1893.59,0.0,0.0,0.7166,0.938337,0.0,"Cu,Mn,Li",Yes,"Cu,Li",clean,Y,Y,Y,DISORDER,N,,,,,,,,,,,,,,,,,,,,,,DUZKAM_clean,658.8
DUZKEQ_clean,20.34484,16.57615,20.32874,0.744987,1552.98,2084.58,0.0389169,0.0522383,0.7072,0.949278,0.0,"Cu,Mn,K",Yes,"Cu,K",clean,Y,Y,Y,DISORDER,N,,,,,,,,,,,,,,,,,,,,,,DUZKEQ_clean,404.5
EBEXIU02_clean,4.00389,3.67365,4.00389,1.98749,501.521,252.339,0.0,0.0,0.386,0.194214,0.0,Gd,No, ,clean,N,Y,Y,DISORDER,N,,,,,,,,,,,,,,,,,,,,,,EBEXIU02_clean,974.3
EBOXEA_clean,5.66693,4.72038,5.66453,1.32843,1075.3,809.448,0.0,0.0,0.5358,0.403332,0.0,Mn,Yes,Mn,clean,Y,Y,Y,DISORDER,N,,,,,,,,,,,,,,,,,,,,,,EBOXEA_clean,823.0
ECEZAO_clean,4.94749,4.06581,4.8956,1.42755,1119.79,784.412,0.0,0.0,0.5024,0.351932,0.0,Ni,Yes,Ni,clean,Y,Y,Y,DISORDER,N,,,,,,,,,,,,,,,,,,,,,,ECEZAO_clean,820.1
EDUSOL_clean,12.82141,3.84026,12.82141,2.18826,1494.62,683.017,0.0,0.0,0.5914,0.270261,0.0,Zn,No, ,clean,Y,Y,Y,DISORDER,N,,,,,,,,,,,,,,,,,,,,,,EDUSOL_clean,19548.9
EDUVAA_clean,11.12176,8.60837,11.10384,0.690728,2384.44,3452.06,0.0,0.0,0.7446,1.07799,0.0,Zn,No, ,clean,Y,Y,Y,DISORDER,N,,,,,,,,,,,,,,,,,,,,,,EDUVAA_clean,1987.5
EDUVEE_clean,12.39923,7.07299,12.39923,0.815139,2115.12,2594.8,0.0,0.0,0.691,0.847708,0.0,Zn,Yes,Zn,clean,Y,Y,Y,DISORDER,N,,,,,,,,,,,,,,,,,,,,,,EDUVEE_clean,9984.7
EDUVII_clean,20.32202,9.77849,20.31158,0.420228,1870.75,4451.74,0.0,0.0,0.8576,2.0408,0.0,Zn,No, ,clean,Y,Y,Y,DISORDER,N,,,,,,,,,,,,,,,,,,,,,,EDUVII_clean,522.6
EDUWAB_clean,25.32442,15.73034,25.32073,0.347361,1224.7,3525.73,0.0,0.0,0.9,2.59097,0.0,Zn,No, ,clean,Y,Y,Y,DISORDER,N,,,,,,,,,,,,,,,,,,,,,,EDUWAB_clean,489.1
EGABAR_clean,5.34669,4.59707,5.34669,2.32794,964.221,414.195,0.0,0.0,0.453,0.194593,0.0,Cd,No, ,clean,Y,Y,Y,DISORDER,N,,,,,,,,,,,,,,,,,,,,,,EGABAR_clean,1156.7
EGEJOQ_clean,7.45353,3.87905,7.45353,1.25003,1261.63,1009.28,2.23392,1.78709,0.531,0.424788,0.0,Zn,No, ,clean,Y,Y,Y,DISORDER,N,,,,,,,,,,,,,,,,,,,,,,EGEJOQ_clean,5066.4
EGEJUW_clean,9.46971,6.7544,9.46722,1.01741,1558.89,1532.22,0.0,0.0,0.6188,0.608213,0.0,Zn,Yes,Zn,clean,Y,Y,Y,DISORDER,N,,,,,,,,,,,,,,,,,,,,,,EGEJUW_clean,2613.1
EHUSUX_clean,11.68128,4.3201,11.68059,0.797571,1974.27,2475.35,0.0,0.0,0.6798,0.852338,0.0,Cu,Yes,Cu,clean,Y,Y,Y,DISORDER,N,,,,,,,,,,,,,,,,,,,,,,EHUSUX_clean,3431.0
EHUTAE_clean,11.6271,4.37686,9.57037,0.725635,2073.78,2857.89,0.0,0.0,0.7062,0.973216,0.0,Cu,Yes,Cu,clean,Y,Y,Y,DISORDER,N,,,,,,,,,,,,,,,,,,,,,,EHUTAE_clean,4751.8
EJATIS_clean,4.15596,3.67859,4.15596,2.74932,303.078,110.238,193.382,70.3383,0.3638,0.132324,0.0,Fe,Yes,Fe,clean,Y,Y,Y,DISORDER,N,,,,,,,,,,,,,,,,,,,,,,EJATIS_clean,2030.3
EJESUJ_clean,12.74502,12.12417,12.74502,0.622379,1959.14,3147.82,0.0,0.0,0.784,1.25968,0.0,"Na,Eu",Yes,"Na,Eu",clean,Y,Y,Y,DISORDER,N,,,,,,,,,,,,,,,,,,,,,,EJESUJ_clean,946.1
EKADIF_clean,7.65126,6.54995,7.64495,1.18404,1687.65,1425.33,3.75836,3.17418,0.6332,0.534779,0.0,"Cu,Zn",Yes,"Cu,Zn",clean,Y,Y,Y,DISORDER,N,,,,,,,,,,,,,,,,,,,,,,EKADIF_clean,9379.7
EKEKIQ_clean,7.79579,7.10452,7.79579,1.16703,1042.73,893.491,0.0,0.0,0.5546,0.475225,0.0,Zn,No, ,clean,Y,Y,Y,DISORDER,N,,,,,,,,,,,,,,,,,,,,,,EKEKIQ_clean,548.2
EKEKOW_clean,7.39946,6.7038,7.38889,1.19584,1297.81,1085.27,0.0,0.0,0.5626,0.470465,0.0,Zn,Yes,Zn,clean,Y,Y,Y,DISORDER,N,,,,,,,,,,,,,,,,,,,,,,EKEKOW_clean,5266.5
EKEMEO_clean,10.7868,4.76044,10.7868,1.09604,1984.97,1811.03,0.0,0.0,0.6446,0.588115,0.0,Cu,Yes,Cu,clean,Y,Y,Y,DISORDER,N,,,,,,,,,,,,,,,,,,,,,,EKEMEO_clean,4406.6
ELECIJ_clean,5.29894,3.51797,5.23731,1.40049,1472.06,1051.1,0.0,0.0,0.5722,0.40857,0.000142807,Eu,No, ,clean,Y,Y,Y,DISORDER,N,,,,,,,,,,,,,,,,,,,,,,ELECIJ_clean,4782.1
ELEROE_clean,12.99873,6.57068,12.98598,1.00519,1733.85,1724.91,0.0,0.0,0.6496,0.646248,0.0,Cu,Yes,Cu,clean,Y,Y,Y,DISORDER,N,,,,,,,,,,,,,,,,,,,,,,ELEROE_clean,2090.4
ENCDBZ01_clean,4.96088,3.91158,4.96088,1.33226,1771.15,1329.44,0.0,0.0,0.6226,0.467327,0.0,Cd,No, ,clean,Y,Y,Y,DISORDER,N,,,,,,,,,,,,,,,,,,,,,,ENCDBZ01_clean,597.2
ENCDBZ_clean,5.17995,4.0381,5.17546,1.35947,2064.83,1518.84,0.0,0.0,0.6576,0.483717,0.0,Cd,No, ,clean,Y,Y,Y,DISORDER,N,,,,,,,,,,,,,,,,,,,,,,ENCDBZ_clean,482.0
ENCNBZ01_clean,5.19153,4.38458,5.1913,1.43907,1901.77,1321.52,0.0,0.0,0.6098,0.423745,0.0,"Cd,Ni",Yes,Ni,clean,Y,Y,Y,DISORDER,N,,,,,,,,,,,,,,,,,,,,,,ENCNBZ01_clean,592.1
ENEQUL_clean,7.56046,6.76685,7.56046,0.96801,1567.25,1619.05,0.0,0.0,0.6008,0.620655,0.0,Cu,Yes,Cu,clean,Y,Y,Y,DISORDER,N,,,,,,,,,,,,,,,,,,,,,,ENEQUL_clean,2937.4
EPECOT_clean,6.95752,4.232,6.83185,1.2697,722.822,569.283,120.243,94.7014,0.4962,0.390799,0.0,Zn,Yes,Zn,clean,Y,Y,Y,DISORDER,N,,,,,,,,,,,,,,,,,,,,,,EPECOT_clean,2979.6
EPUSUE_clean,8.46903,3.66579,7.7021,2.09876,1520.93,724.68,0.0,0.0,0.5964,0.284168,0.0,Ag,Yes,Ag,clean,Y,Y,Y,DISORDER,N,,,,,,,,,,,,,,,,,,,,,,EPUSUE_clean,880.7
EQOCOC01_clean,9.01895,5.30438,9.01895,0.963226,2097.19,2177.26,0.0,0.0,0.6844,0.710529,0.0,Zn,No, ,clean,Y,Y,Y,DISORDER,N,,,,,,,,,,,,,,,,,,,,,,EQOCOC01_clean,2419.2
ERALEQ_clean,9.66443,9.12313,9.66443,0.97783,2135.45,2183.86,1.95926,2.00368,0.6884,0.704008,0.000409069,Zr,Yes,Zr,clean,Y,Y,Y,DISORDER,N,,,,,,,,,,,,,,,,,,,,,,ERALEQ_clean,4537.0
ERALIU_clean,14.86335,13.54057,14.86335,1.02804,1927.12,1874.56,4.88892,4.75558,0.7196,0.699973,0.000194545,Zr,Yes,Zr,clean,Y,Y,Y,DISORDER,N,,,,,,,,,,,,,,,,,,,,,,ERALIU_clean,4072.6
ERAMUH_clean,15.0811,13.76464,15.0811,0.907724,2091.4,2304.0,0.0,0.0,0.7424,0.81787,0.000220331,Zr,Yes,Zr,clean,Y,Y,Y,DISORDER,N,,,,,,,,,,,,,,,,,,,,,,ERAMUH_clean,4169.5
ERANES_clean,8.79503,8.24088,8.79503,0.804109,2252.06,2800.69,5.76922,7.17468,0.711,0.884209,0.000248723,Zr,Yes,Zr,clean,Y,Y,Y,DISORDER,N,,,,,,,,,,,,,,,,,,,,,,ERANES_clean,1655.5
ERAQAR_clean,7.38576,7.26835,7.38576,1.40447,1641.95,1169.09,0.0,0.0,0.6066,0.431907,0.0,In,No, ,clean,Y,Y,Y,DISORDER,N,,,,,,,,,,,,,,,,,,,,,,ERAQAR_clean,1492.4
ERUNUC_clean,14.74144,10.998,14.73673,0.612946,1667.89,2721.11,0.0,0.0,0.75,1.2236,0.0,Co,Yes,Co,clean,Y,Y,Y,DISORDER,N,,,,,,,,,,,,,,,,,,,,,,ERUNUC_clean,9248.3
ESARIB_clean,4.9043,3.62901,4.9043,1.8746,341.914,182.392,0.0,0.0,0.3502,0.186813,0.0,Zn,Yes,Zn,clean,Y,Y,Y,DISORDER,N,,,,,,,,,,,,,,,,,,,,,,ESARIB_clean,3436.2
ESEBOV_clean,25.10343,17.21264,25.10343,0.432192,1480.29,3425.07,0.0,0.0,0.8414,1.94682,0.0,Zr,Yes,Zr,clean,Y,Y,Y,DISORDER,N,,,,,,,,,,,,,,,,,,,,,,ESEBOV_clean,154.5
ETIPII_clean,4.4114,3.63269,4.34894,1.3361,794.526,594.661,72.734,54.4377,0.5232,0.391588,0.0,Zn,Yes,Zn,clean,Y,Y,Y,DISORDER,N,,,,,,,,,,,,,,,,,,,,,,ETIPII_clean,2534.8
ETIXAI_clean,5.65647,4.17101,5.65647,1.21689,891.966,732.986,0.0,0.0,0.4942,0.406116,0.0,Zn,Yes,Zn,clean,Y,Y,Y,DISORDER,N,,,,,,,,,,,,,,,,,,,,,,ETIXAI_clean,2608.2
ETIYEN_clean,5.93251,5.0142,5.93198,1.46361,1238.74,846.356,0.0,0.0,0.4926,0.336565,0.0,Mn,Yes,Mn,clean,Y,Y,Y,DISORDER,N,,,,,,,,,,,,,,,,,,,,,,ETIYEN_clean,3200.0
EVADEK_clean,5.2436,3.53683,5.24252,2.08094,869.818,417.992,0.0,0.0,0.4392,0.211058,0.0,Ho,Yes,Ho,clean,N,Y,Y,DISORDER,N,,,,,,,,,,,,,,,,,,,,,,EVADEK_clean,5938.6
EVADIO_clean,5.0224,3.42293,5.0224,2.1799,765.078,350.969,0.0,0.0,0.4278,0.196248,0.0,Yb,Yes,Yb,clean,N,Y,Y,DISORDER,N,,,,,,,,,,,,,,,,,,,,,,EVADIO_clean,6762.0
EVOTIT_SL,8.2912,6.01432,8.2912,1.23039,1203.44,978.095,0.0,0.0,0.5204,0.422954,0.0,Zn,Yes,Zn,SL,Y,Y,Y,DISORDER,N,,,,,,,,,,,,,,,,,,,,,,EVOTIT_SL,4343.5
EZIMEG_clean,9.90798,4.0416,9.90798,1.07192,1279.0,1193.19,493.885,460.749,0.5998,0.559557,0.0,Zn,Yes,Zn,clean,Y,Y,Y,DISORDER,N,,,,,,,,,,,,,,,,,,,,,,EZIMEG_clean,2938.4
EZIMIK_clean,9.82604,3.91626,9.82604,1.06853,1265.94,1184.75,505.148,472.75,0.5976,0.559273,0.0,Zn,No, ,clean,Y,Y,Y,DISORDER,N,,,,,,,,,,,,,,,,,,,,,,EZIMIK_clean,2736.6
EZOBUR01_clean,5.21262,4.53347,5.20127,2.04729,840.942,410.758,0.0,0.0,0.4516,0.220584,0.0,Cu,Yes,Cu,clean,Y,Y,Y,DISORDER,N,,,,,,,,,,,,,,,,,,,,,,EZOBUR01_clean,9620.4
EZOFUV_clean,8.33031,6.08017,8.32272,1.02014,2081.17,2040.08,0.0,0.0,0.6416,0.628934,0.0,Ni,No, ,clean,Y,Y,Y,DISORDER,N,,,,,,,,,,,,,,,,,,,,,,EZOFUV_clean,735.3
FAKHIK_clean,6.91166,3.5646,6.91166,1.35887,1058.17,778.71,0.0,0.0,0.4948,0.364126,0.0,Ni,Yes,Ni,clean,N,Y,Y,DISORDER,N,,,,,,,,,,,,,,,,,,,,,,FAKHIK_clean,4178.6
FALRIV01_clean,5.68899,4.70468,5.67497,1.06479,1159.51,1088.96,0.0,0.0,0.5166,0.485167,0.0,Zn,No, ,clean,Y,Y,Y,DISORDER,N,,,,,,,,,,,,,,,,,,,,,,FALRIV01_clean,2255.4
FALRIV_clean,5.65646,4.67756,5.65646,1.06232,1172.37,1103.6,0.0,0.0,0.5212,0.490626,0.0,Zn,No, ,clean,Y,Y,Y,DISORDER,N,,,,,,,,,,,,,,,,,,,,,,FALRIV_clean,2388.5
FALROB_clean,5.75308,4.76749,5.73877,1.05859,1169.51,1104.78,0.0,0.0,0.5176,0.488953,0.0,Zn,No, ,clean,Y,Y,Y,DISORDER,N,,,,,,,,,,,,,,,,,,,,,,FALROB_clean,2285.4
FALSAO_clean,5.59493,4.61612,5.59493,1.06274,1144.25,1076.7,0.0,0.0,0.509,0.478952,0.0,Co,No, ,clean,Y,Y,Y,DISORDER,N,,,,,,,,,,,,,,,,,,,,,,FALSAO_clean,2405.0
FASGIS_clean,5.11529,3.78202,5.11153,1.92528,377.737,196.198,183.317,95.2157,0.4584,0.238095,0.0,"Tb,Co",Yes,"Tb,Co",clean,Y,Y,Y,DISORDER,N,,,,,,,,,,,,,,,,,,,,,,FASGIS_clean,1345.4
FAVDAK_clean,6.67812,5.88583,6.64405,2.22356,1150.29,517.317,190.493,85.6703,0.5552,0.249689,0.0,Zn,Yes,Zn,clean,Y,Y,Y,DISORDER,N,,,,,,,,,,,,,,,,,,,,,,FAVDAK_clean,1295.0
FAVDEO_clean,8.86805,5.77505,6.60713,2.38182,1421.2,596.685,0.0,0.0,0.566,0.237633,0.0,Zn,Yes,Zn,clean,Y,Y,Y,DISORDER,N,,,,,,,,,,,,,,,,,,,,,,FAVDEO_clean,886.6
FAVDIS_clean,7.08952,4.40423,6.6109,3.30476,694.499,210.151,254.861,77.1193,0.4708,0.142461,0.0,Zn,Yes,Zn,clean,Y,Y,Y,DISORDER,N,,,,,,,,,,,,,,,,,,,,,,FAVDIS_clean,806.1
FAYLIC_clean,6.73446,3.80347,6.73446,1.51633,1348.21,889.13,0.0,0.0,0.5788,0.381711,0.0,"Fe,Pt",Yes,Pt,clean,Y,Y,Y,DISORDER,N,,,,,,,,,,,,,,,,,,,,,,FAYLIC_clean,784.9
FECFAV_clean,5.25994,4.33258,5.25994,2.87728,502.041,174.484,0.0,0.0,0.3954,0.137421,0.0,Ag,Yes,Ag,clean,N,Y,Y,DISORDER,N,,,,,,,,,,,,,,,,,,,,,,FECFAV_clean,540.8
FECJUT_clean,8.20883,4.88885,8.12686,0.902793,1817.93,2013.68,0.0,0.0,0.618,0.684542,0.0,Zn,Yes,Zn,clean,Y,Y,Y,DISORDER,N,,,,,,,,,,,,,,,,,,,,,,FECJUT_clean,3176.3
FEVNOL_clean,4.38957,3.82643,4.38957,2.76914,995.906,359.645,0.0,0.0,0.4604,0.166261,0.0,Cu,No, ,clean,Y,Y,Y,DISORDER,N,,,,,,,,,,,,,,,,,,,,,,FEVNOL_clean,12755.6
FEWWEL_clean,8.20772,5.69754,8.195,0.926492,2241.48,2419.32,0.0,0.0,0.6766,0.730281,0.0,Co,No, ,clean,Y,Y,Y,DISORDER,N,,,,,,,,,,,,,,,,,,,,,,FEWWEL_clean,7543.6
FEWWIP_clean,7.82961,5.33402,7.82275,0.99306,2309.46,2325.6,0.0,0.0,0.6608,0.665418,0.0,Fe,No, ,clean,Y,Y,Y,DISORDER,N,,,,,,,,,,,,,,,,,,,,,,FEWWIP_clean,9009.2
FEWXEM_clean,17.92481,8.14411,17.86267,0.48374,2192.72,4532.85,0.0,0.0,0.805,1.66412,0.0,Fe,No, ,clean,Y,Y,Y,DISORDER,N,,,,,,,,,,,,,,,,,,,,,,FEWXEM_clean,2335.8
FEWXIQ_clean,17.35042,7.46306,17.20636,0.482905,2259.15,4678.25,0.0,0.0,0.7942,1.64463,0.0,Fe,No, ,clean,Y,Y,Y,DISORDER,N,,,,,,,,,,,,,,,,,,,,,,FEWXIQ_clean,2086.1
FEYJID_clean,11.05011,4.28201,11.03981,1.28763,1684.31,1308.07,60.6702,47.1178,0.6268,0.486786,0.0,Co,Yes,Co,clean,Y,Y,Y,DISORDER,N,,,,,,,,,,,,,,,,,,,,,,FEYJID_clean,954.4
FEYQUW_clean,5.43401,3.9261,5.4268,1.48279,1376.93,928.609,0.0,0.0,0.5268,0.355276,0.0,Pr,Yes,Pr,clean,Y,Y,Y,DISORDER,N,,,,,,,,,,,,,,,,,,,,,,FEYQUW_clean,1396.6
FEYZUF_clean,5.22495,3.78183,5.22495,1.61085,1174.9,729.37,0.0,0.0,0.5098,0.31648,0.0,Eu,Yes,Eu,clean,Y,Y,Y,DISORDER,N,,,,,,,,,,,,,,,,,,,,,,FEYZUF_clean,2365.5
FEZCIX_clean,9.87905,6.13901,9.87905,1.05939,3096.5,2922.91,0.0,0.0,0.8222,0.776107,0.0,Cu,Yes,Cu,clean,Y,Y,Y,DISORDER,N,,,,,,,,,,,,,,,,,,,,,,FEZCIX_clean,730.0
FIDMIP_clean,5.76709,4.43786,5.76709,2.12603,1177.09,553.657,0.0,0.0,0.5436,0.255688,0.0,Zn,Yes,Zn,clean,Y,Y,Y,DISORDER,N,,,,,,,,,,,,,,,,,,,,,,FIDMIP_clean,1982.7
FIHHOV_clean,6.48503,4.23046,4.73284,1.35341,178.981,132.245,677.871,500.863,0.475,0.350966,0.0,Zn,Yes,Zn,clean,Y,Y,Y,DISORDER,N,,,,,,,,,,,,,,,,,,,,,,FIHHOV_clean,360.1
FIHHUB_SL,15.61182,13.11587,15.60898,0.621293,2170.48,3493.49,0.0,0.0,0.7232,1.16402,0.0,Cd,No, ,SL,Y,Y,Y,DISORDER,N,,,,,,,,,,,,,,,,,,,,,,FIHHUB_SL,2266.7
FIJFIO_clean,5.20664,4.6235,5.20664,1.24991,1287.13,1029.78,0.0,0.0,0.5168,0.413471,0.0,Co,Yes,Co,clean,N,Y,Y,DISORDER,N,,,,,,,,,,,,,,,,,,,,,,FIJFIO_clean,1032.4
FIJFOU_clean,6.85299,4.5996,6.84418,1.41253,1137.63,805.384,0.0,0.0,0.4974,0.352134,0.0,Cd,Yes,Cd,clean,N,Y,Y,DISORDER,N,,,,,,,,,,,,,,,,,,,,,,FIJFOU_clean,1009.7
FIPJEV_clean,5.48611,3.75413,5.4744,1.70121,1138.25,669.081,0.0,0.0,0.4918,0.289089,0.0,Cd,Yes,Cd,clean,N,Y,Y,DISORDER,N,,,,,,,,,,,,,,,,,,,,,,FIPJEV_clean,2164.8
FIQKIB_clean,6.36198,4.04904,6.29401,2.05984,1001.37,486.138,2.57664,1.25089,0.4784,0.232251,0.0,"Rh,Ag",Yes,Ag,clean,Y,Y,Y,DISORDER,N,,,,,,,,,,,,,,,,,,,,,,FIQKIB_clean,2309.7
FISGOF_clean,15.80637,8.55438,15.80637,0.434111,2007.26,4623.85,0.0,0.0,0.8372,1.92854,0.0,Cu,Yes,Cu,clean,Y,Y,Y,DISORDER,N,,,,,,,,,,,,,,,,,,,,,,FISGOF_clean,561.5
FISXEM_clean,15.69953,15.64725,15.69953,0.982352,1496.09,1522.96,0.0,0.0,0.7144,0.727234,0.0,Cd,No, ,clean,Y,Y,Y,DISORDER,N,,,,,,,,,,,,,,,,,,,,,,FISXEM_clean,2936.4
FIWKUT_clean,10.75705,6.21115,10.75089,1.13958,2252.0,1976.17,0.0,0.0,0.6778,0.594779,0.0,Zn,Yes,Zn,clean,Y,Y,Y,DISORDER,N,,,,,,,,,,,,,,,,,,,,,,FIWKUT_clean,2923.9
FOCZEE_clean,4.4728,3.82667,4.43202,1.76964,355.495,200.886,0.0,0.0,0.3688,0.208404,0.0,Nd,No, ,clean,Y,Y,Y,DISORDER,N,,,,,,,,,,,,,,,,,,,,,,FOCZEE_clean,695.1
FOFCIO_clean,4.5361,3.88522,4.5076,1.74401,367.243,210.574,0.0,0.0,0.3598,0.206306,0.0,Ce,No, ,clean,Y,Y,Y,DISORDER,N,,,,,,,,,,,,,,,,,,,,,,FOFCIO_clean,610.8
FOFHEO_clean,6.41067,5.52308,6.4074,2.22496,990.681,445.257,0.0,0.0,0.446,0.200453,0.0,"Ga,Mn",No, ,clean,Y,Y,Y,DISORDER,N,,,,,,,,,,,,,,,,,,,,,,FOFHEO_clean,1923.5
FOFTOL_clean,6.86591,4.62367,6.86591,1.13764,1540.19,1353.85,0.0,0.0,0.5824,0.511939,0.0,Cd,Yes,Cd,clean,Y,Y,Y,DISORDER,N,,,,,,,,,,,,,,,,,,,,,,FOFTOL_clean,1007.7
FOPFAS_clean,20.99168,6.62083,20.99168,0.583055,2159.7,3704.11,0.0,0.0,0.7806,1.33881,0.0,Cu,Yes,Cu,clean,Y,Y,Y,DISORDER,N,,,,,,,,,,,,,,,,,,,,,,FOPFAS_clean,23072.8
FOPTOU_clean,5.99188,4.04402,5.19077,1.42676,820.695,575.214,0.0,0.0,0.3986,0.279373,0.0,"Li,Fe,K",Yes,"Li,K",clean,Y,Y,Y,DISORDER,N,,,,,,,,,,,,,,,,,,,,,,FOPTOU_clean,1807.5
FOQNIK_clean,5.46061,4.28764,5.45105,1.39446,1294.07,928.009,0.0,0.0,0.546,0.391549,0.0,Cu,Yes,Cu,clean,Y,Y,Y,DISORDER,N,,,,,,,,,,,,,,,,,,,,,,FOQNIK_clean,811.8
FOQNOQ01_clean,5.8632,5.042,5.82773,1.375,1086.49,790.181,181.915,132.302,0.54,0.392729,0.0,Cu,Yes,Cu,clean,Y,Y,Y,DISORDER,N,,,,,,,,,,,,,,,,,,,,,,FOQNOQ01_clean,638.2
FOQNOQ02_clean,5.77332,4.6821,5.75387,1.37197,1078.45,786.062,190.643,138.956,0.5392,0.393013,0.0,Cu,Yes,Cu,clean,Y,Y,Y,DISORDER,N,,,,,,,,,,,,,,,,,,,,,,FOQNOQ02_clean,625.8
FOQNOQ_clean,5.74039,4.59611,5.66519,1.31962,1294.45,980.929,0.224512,0.170134,0.5432,0.411634,0.0,Cu,Yes,Cu,clean,Y,Y,Y,DISORDER,N,,,,,,,,,,,,,,,,,,,,,,FOQNOQ_clean,528.3
FOQNUW01_clean,6.20702,4.77029,6.1269,1.35255,1350.08,998.172,0.0,0.0,0.5374,0.397323,0.0,Cu,Yes,Cu,clean,Y,Y,Y,DISORDER,N,,,,,,,,,,,,,,,,,,,,,,FOQNUW01_clean,659.2
FOQNUW02_clean,6.26085,4.86283,6.24492,1.35147,1329.33,983.622,0.0525445,0.0388796,0.5542,0.410073,0.0,Cu,Yes,Cu,clean,Y,Y,Y,DISORDER,N,,,,,,,,,,,,,,,,,,,,,,FOQNUW02_clean,602.0
FOQNUW_clean,6.24181,4.91804,6.10517,1.36057,1316.22,967.403,0.0,0.0,0.552,0.405711,0.0,Cu,Yes,Cu,clean,Y,Y,Y,DISORDER,N,,,,,,,,,,,,,,,,,,,,,,FOQNUW_clean,614.7
FOQPAE01_clean,6.12529,4.88917,6.10135,1.39855,1351.73,966.526,0.0,0.0,0.5504,0.393551,0.0,Cu,Yes,Cu,clean,Y,Y,Y,DISORDER,N,,,,,,,,,,,,,,,,,,,,,,FOQPAE01_clean,734.5
FOQPAE02_clean,6.1209,4.89143,6.11396,1.39791,1360.89,973.519,0.0,0.0,0.5506,0.393874,0.0,Cu,Yes,Cu,clean,Y,Y,Y,DISORDER,N,,,,,,,,,,,,,,,,,,,,,,FOQPAE02_clean,811.6
FORWAL_clean,6.09772,3.45398,5.95541,1.14086,1067.63,935.814,0.0,0.0,0.5034,0.441246,0.0,"Na,Fe",Yes,Na,clean,Y,Y,Y,DISORDER,N,,,,,,,,,,,,,,,,,,,,,,FORWAL_clean,840.6
FORXAM_clean,18.92754,6.8057,18.91027,0.795308,2161.02,2717.21,0.0,0.0,0.7312,0.919393,0.0,Zn,Yes,Zn,clean,Y,Y,Y,DISORDER,N,,,,,,,,,,,,,,,,,,,,,,FORXAM_clean,17192.7
FOSTOY_clean,11.96802,7.0236,11.96802,0.654669,2141.84,3271.64,0.0,0.0,0.7566,1.1557,0.0,In,No, ,clean,Y,Y,Y,DISORDER,N,,,,,,,,,,,,,,,,,,,,,,FOSTOY_clean,10203.5
FUHJOJ_clean,6.00539,3.60827,6.00353,1.22184,1103.63,903.253,0.0,0.0,0.4852,0.397107,0.0,Co,No, ,clean,Y,Y,Y,DISORDER,N,,,,,,,,,,,,,,,,,,,,,,FUHJOJ_clean,2122.5
FUTZIF_clean,5.6655,4.98419,5.65746,1.25322,1742.86,1390.71,0.0,0.0,0.5754,0.459137,0.0,Zn,Yes,Zn,clean,Y,Y,Y,DISORDER,N,,,,,,,,,,,,,,,,,,,,,,FUTZIF_clean,1763.9
FUVBOP_clean,10.72258,6.59075,10.71272,0.950401,1920.81,2021.05,0.114282,0.120246,0.6984,0.734848,0.0,Cu,Yes,Cu,clean,Y,Y,Y,DISORDER,N,,,,,,,,,,,,,,,,,,,,,,FUVBOP_clean,1722.0
FUVDEH01_clean,7.23867,5.86079,7.23867,1.59448,533.217,334.414,0.0,0.0,0.397,0.248984,0.0,Zn,No, ,clean,Y,Y,Y,DISORDER,N,,,,,,,,,,,,,,,,,,,,,,FUVDEH01_clean,4380.8
FUVDEH02_clean,7.02003,5.91062,7.02003,1.6404,493.979,301.134,0.0,0.0,0.3806,0.232017,0.0,Zn,No, ,clean,Y,Y,Y,DISORDER,N,,,,,,,,,,,,,,,,,,,,,,FUVDEH02_clean,4070.1
FUVDEH03_clean,6.89105,5.80728,6.89105,1.67548,498.219,297.36,0.0,0.0,0.3654,0.218087,0.0,Zn,No, ,clean,Y,Y,Y,DISORDER,N,,,,,,,,,,,,,,,,,,,,,,FUVDEH03_clean,4126.0
FUVDEH04_clean,6.74437,6.14599,6.74437,1.73737,495.479,285.189,0.0,0.0,0.3518,0.20249,0.0,Zn,No, ,clean,Y,Y,Y,DISORDER,N,,,,,,,,,,,,,,,,,,,,,,FUVDEH04_clean,4216.9
FUVDEH05_clean,7.30465,6.40041,7.2683,1.88786,438.985,232.53,0.0,0.0,0.3024,0.160181,0.0,Zn,Yes,Zn,clean,Y,Y,Y,DISORDER,N,,,,,,,,,,,,,,,,,,,,,,FUVDEH05_clean,4587.7
FUVDEH09_clean,7.0294,5.84289,7.0294,1.58635,523.994,330.314,0.0,0.0,0.397,0.25026,0.0,Zn,No, ,clean,Y,Y,Y,DISORDER,N,,,,,,,,,,,,,,,,,,,,,,FUVDEH09_clean,4329.7
FUVDEH10_clean,7.04062,5.87984,7.04062,1.60692,511.167,318.104,0.0,0.0,0.3892,0.242203,0.0,Zn,No, ,clean,Y,Y,Y,DISORDER,N,,,,,,,,,,,,,,,,,,,,,,FUVDEH10_clean,3981.0
FUVDEH11_clean,6.87873,5.8578,6.87873,1.63822,509.358,310.921,0.0,0.0,0.3836,0.234156,0.0,Zn,No, ,clean,Y,Y,Y,DISORDER,N,,,,,,,,,,,,,,,,,,,,,,FUVDEH11_clean,3995.8
FUVDEH13_clean,6.5322,6.05224,6.5322,1.69182,540.534,319.498,0.0,0.0,0.3658,0.216217,0.0,Zn,No, ,clean,Y,Y,Y,DISORDER,N,,,,,,,,,,,,,,,,,,,,,,FUVDEH13_clean,4234.4
FUVDEH_clean,6.96664,5.8084,6.96664,1.59803,514.864,322.187,0.0,0.0,0.3906,0.244426,0.0,Zn,No, ,clean,Y,Y,Y,DISORDER,N,,,,,,,,,,,,,,,,,,,,,,FUVDEH_clean,4752.1
FUVGAG02_clean,6.44753,5.88333,6.44753,1.88939,387.159,204.912,0.0,0.0,0.2574,0.136235,0.0,Zn,Yes,Zn,clean,Y,Y,Y,DISORDER,N,,,,,,,,,,,,,,,,,,,,,,FUVGAG02_clean,1581.9
FUWFUA_clean,7.25313,6.2676,7.10214,1.05922,1980.57,1869.84,0.0,0.0,0.6472,0.611017,0.0,Cd,Yes,Cd,clean,Y,Y,Y,DISORDER,N,,,,,,,,,,,,,,,,,,,,,,FUWFUA_clean,2168.2
FUWQIZ_clean,11.3491,4.56532,11.34892,0.820083,2318.22,2826.81,0.0,0.0,0.6918,0.843573,0.0,Cu,Yes,Cu,clean,Y,Y,Y,DISORDER,N,,,,,,,,,,,,,,,,,,,,,,FUWQIZ_clean,1541.9
FUYCAE_clean,12.12006,7.41697,11.45114,0.805353,2038.6,2531.31,0.0,0.0,0.6952,0.863224,0.0,Co,Yes,Co,clean,Y,Y,Y,DISORDER,N,,,,,,,,,,,,,,,,,,,,,,FUYCAE_clean,897.3
GABYUG_clean,8.28187,3.85233,8.28187,1.39429,1719.71,1233.39,0.0,0.0,0.5774,0.414117,0.0,Cd,No, ,clean,Y,Y,Y,DISORDER,N,,,,,,,,,,,,,,,,,,,,,,GABYUG_clean,4583.8
GACBIY_clean,10.24471,5.50706,10.24368,0.92198,1952.79,2118.04,0.041585,0.045104,0.6674,0.723877,0.0,Cu,Yes,Cu,clean,Y,Y,Y,DISORDER,N,,,,,,,,,,,,,,,,,,,,,,GACBIY_clean,2866.0
GACYER_clean,11.44273,8.46463,11.4041,0.752428,2161.9,2873.23,9.41673,12.5151,0.746,0.991457,0.0,Zn,Yes,Zn,clean,Y,Y,Y,DISORDER,N,,,,,,,,,,,,,,,,,,,,,,GACYER_clean,3092.1
GAFGEC_clean,6.70517,3.42904,6.68311,1.37564,1797.55,1306.7,0.0,0.0,0.5494,0.399377,0.0,Fe,No, ,clean,Y,Y,Y,DISORDER,N,,,,,,,,,,,,,,,,,,,,,,GAFGEC_clean,2136.6
GAHSEQ_clean,9.12806,8.89551,9.12806,1.04861,1169.01,1114.83,0.0,0.0,0.5662,0.539955,0.0,Pr,Yes,Pr,clean,Y,Y,Y,DISORDER,N,,,,,,,,,,,,,,,,,,,,,,GAHSEQ_clean,1017.2
GALFAB_clean,5.55868,3.43749,5.55868,1.2617,790.625,626.635,0.0,0.0,0.4566,0.361893,0.0,Co,No, ,clean,Y,Y,Y,DISORDER,N,,,,,,,,,,,,,,,,,,,,,,GALFAB_clean,1825.0
GANBAZ01_clean,5.75558,4.5162,5.6542,1.29703,1401.71,1080.7,398.599,307.315,0.6488,0.500218,0.0,Mn,No, ,clean,Y,Y,Y,DISORDER,N,,,,,,,,,,,,,,,,,,,,,,GANBAZ01_clean,2819.7
GANBAZ02_clean,5.94516,4.40671,5.62899,1.06833,1884.21,1763.7,0.0,0.0,0.666,0.623402,0.0,Mn,No, ,clean,Y,Y,Y,DISORDER,N,,,,,,,,,,,,,,,,,,,,,,GANBAZ02_clean,1252.8
GANBAZ_clean,5.94353,4.52828,5.85748,1.27209,1425.13,1120.3,410.616,322.787,0.6514,0.51207,0.0,Mn,No, ,clean,Y,Y,Y,DISORDER,N,,,,,,,,,,,,,,,,,,,,,,GANBAZ_clean,2819.5
GANBED02_clean,5.89181,5.00048,5.83979,0.915211,2178.2,2379.99,0.0,0.0,0.6786,0.741468,0.0,Ni,No, ,clean,Y,Y,Y,DISORDER,N,,,,,,,,,,,,,,,,,,,,,,GANBED02_clean,2701.9
GANBED_clean,6.15693,4.36932,6.15693,0.928453,2162.5,2329.14,0.0,0.0,0.6738,0.725723,0.0,Ni,No, ,clean,Y,Y,Y,DISORDER,N,,,,,,,,,,,,,,,,,,,,,,GANBED_clean,2746.0
GANBIH_clean,7.19995,5.0012,7.19632,1.06228,1292.17,1216.41,0.0,0.0,0.5366,0.505138,0.0,Mn,No, ,clean,Y,Y,Y,DISORDER,N,,,,,,,,,,,,,,,,,,,,,,GANBIH_clean,1504.4
GASTIG_clean,5.0819,3.79248,5.0819,1.32659,966.447,728.518,0.0,0.0,0.4748,0.357909,0.0,Mn,Yes,Mn,clean,N,Y,Y,DISORDER,N,,,,,,,,,,,,,,,,,,,,,,GASTIG_clean,1154.5
GATQIE_clean,8.12277,6.57853,7.8081,0.814422,2692.15,3305.6,0.0,0.0,0.7176,0.881116,0.000491146,Zr,Yes,Zr,clean,Y,Y,Y,DISORDER,N,,,,,,,,,,,,,,,,,,,,,,GATQIE_clean,2120.2
GATQOK_clean,8.0398,4.43833,8.0398,1.04873,1982.28,1890.18,0.0,0.0,0.641,0.611218,0.000572123,Zr,Yes,Zr,clean,Y,Y,Y,DISORDER,N,,,,,,,,,,,,,,,,,,,,,,GATQOK_clean,4926.3
GEBPEK_clean,17.98452,9.34908,17.98452,0.462491,1934.3,4182.35,0.0,0.0,0.837,1.80977,0.0,Zn,No, ,clean,Y,Y,Y,DISORDER,N,,,,,,,,,,,,,,,,,,,,,,GEBPEK_clean,250.2
GEBSAJ_clean,5.78022,5.25567,5.78022,2.94845,1017.65,345.147,0.0,0.0,0.414,0.140413,0.0,In,No, ,clean,Y,Y,Y,DISORDER,N,,,,,,,,,,,,,,,,,,,,,,GEBSAJ_clean,5755.5
GEDPAH_clean,6.03167,4.27212,6.03167,1.25052,927.95,742.052,0.0,0.0,0.4286,0.342738,0.0,Na,Yes,Na,clean,Y,Y,Y,DISORDER,N,,,,,,,,,,,,,,,,,,,,,,GEDPAH_clean,344.8
GESNIC_clean,6.37295,3.61972,6.37295,1.65786,713.721,430.507,0.0971657,0.058609,0.4796,0.289288,0.0,La,Yes,La,clean,Y,Y,Y,DISORDER,N,,,,,,,,,,,,,,,,,,,,,,GESNIC_clean,963.5
GEZYUH_clean,5.69188,4.56898,5.68303,1.43146,1889.0,1319.63,0.0,0.0,0.5604,0.39149,0.0,V,Yes,V,clean,Y,Y,Y,DISORDER,N,,,,,,,,,,,,,,,,,,,,,,GEZYUH_clean,2810.5
GIJXAA_clean,10.59462,7.92596,10.59462,0.990408,1761.1,1778.16,0.0,0.0,0.6526,0.658921,0.0,Zn,No, ,clean,Y,Y,Y,DISORDER,N,,,,,,,,,,,,,,,,,,,,,,GIJXAA_clean,2410.9
GINNUO_clean,6.795,5.60459,6.7852,1.38088,911.225,659.887,0.0,0.0,0.4604,0.33341,0.0,Co,Yes,Co,clean,Y,Y,Y,DISORDER,N,,,,,,,,,,,,,,,,,,,,,,GINNUO_clean,1097.7
GITSUY_clean,12.38253,7.614,12.38253,0.866035,1866.54,2155.27,0.0,0.0,0.694,0.801354,0.0,Zn,No, ,clean,Y,Y,Y,DISORDER,N,,,,,,,,,,,,,,,,,,,,,,GITSUY_clean,5698.8
GITVAH01_clean,9.03293,4.92005,8.03384,1.44808,1218.66,841.568,0.0,0.0,0.5302,0.366141,0.0,Zn,No, ,clean,Y,Y,Y,DISORDER,N,,,,,,,,,,,,,,,,,,,,,,GITVAH01_clean,10266.6
GITVAH_clean,8.75698,4.92208,6.66017,1.57163,868.704,552.741,0.298339,0.189828,0.4918,0.312924,0.0,Zn,No, ,clean,Y,Y,Y,DISORDER,N,,,,,,,,,,,,,,,,,,,,,,GITVAH_clean,8855.4
GOBTAT_clean,7.10593,5.74189,7.09799,0.916339,2102.05,2293.96,0.0,0.0,0.6472,0.706289,0.0,Co,No, ,clean,Y,Y,Y,DISORDER,N,,,,,,,,,,,,,,,,,,,,,,GOBTAT_clean,2978.8
GONMUT_clean,4.84898,3.45303,4.8484,1.575,1208.01,766.989,0.0,0.0,0.5358,0.340189,0.0,Cd,Yes,Cd,clean,N,Y,Y,DISORDER,N,,,,,,,,,,,,,,,,,,,,,,GONMUT_clean,14710.7
GONSUZ_clean,4.31262,4.05462,4.31117,1.54869,644.734,416.31,25.0293,16.1616,0.4898,0.316268,0.0,Ca,No, ,clean,Y,Y,Y,DISORDER,N,,,,,,,,,,,,,,,,,,,,,,GONSUZ_clean,687.6
GOPLUS_clean,4.69015,3.69955,4.69015,1.12654,1103.97,979.963,0.0,0.0,0.5668,0.503132,0.0,Pr,No, ,clean,Y,Y,Y,DISORDER,N,,,,,,,,,,,,,,,,,,,,,,GOPLUS_clean,658.6
GOQWOY_clean,8.51298,6.88549,8.50318,0.782047,2084.03,2664.84,0.0,0.0,0.7176,0.917592,0.0,Ni,No, ,clean,Y,Y,Y,DISORDER,N,,,,,,,,,,,,,,,,,,,,,,GOQWOY_clean,848.5
GORJEE_clean,6.22352,3.46281,6.21155,1.2742,1383.19,1085.53,43.8432,34.4085,0.5994,0.470413,0.0,Zn,Yes,Zn,clean,Y,Y,Y,DISORDER,N,,,,,,,,,,,,,,,,,,,,,,GORJEE_clean,7286.6
GUKCIA_clean,12.90912,5.8992,12.00342,0.805597,2331.25,2893.82,0.0,0.0,0.7378,0.915843,0.0,Cu,Yes,Cu,clean,Y,Y,Y,DISORDER,N,,,,,,,,,,,,,,,,,,,,,,GUKCIA_clean,3594.9
GUPBOJ03_clean,20.79847,8.00163,20.79847,0.806562,1676.14,2078.13,0.0,0.0,0.7324,0.908052,0.0,Cd,No, ,clean,Y,Y,Y,DISORDER,N,,,,,,,,,,,,,,,,,,,,,,GUPBOJ03_clean,762.8
GUPCEA_clean,20.25729,7.86931,20.25729,1.05452,1329.67,1260.93,0.0,0.0,0.6494,0.615828,0.0,Cd,No, ,clean,Y,Y,Y,DISORDER,N,,,,,,,,,,,,,,,,,,,,,,GUPCEA_clean,3453.8
GURPOZ_clean,7.44587,3.76611,7.44587,1.50447,1310.58,871.124,0.0,0.0,0.5666,0.37661,0.0,"Cr,In,Mn",No, ,clean,Y,Y,Y,DISORDER,N,,,,,,,,,,,,,,,,,,,,,,GURPOZ_clean,6174.7
GUZVOO_clean,7.90362,5.63787,7.44008,1.61009,1067.96,663.297,284.683,176.812,0.5464,0.339361,0.0,Co,Yes,Co,clean,Y,Y,Y,DISORDER,N,,,,,,,,,,,,,,,,,,,,,,GUZVOO_clean,1200.9
HABCEV_clean,9.92705,7.22424,9.91479,0.991769,2097.63,2115.04,0.0,0.0,0.6876,0.693307,0.0,"Gd,Na,Zn",Yes,"Gd,Zn",clean,Y,Y,Y,DISORDER,N,,,,,,,,,,,,,,,,,,,,,,HABCEV_clean,1809.3
HABCIZ_clean,9.83189,7.12324,9.82847,0.920871,2079.45,2258.13,0.0,0.0,0.6902,0.749507,0.0,"Na,Sm,Zn",Yes,"Zn,Sm",clean,Y,Y,Y,DISORDER,N,,,,,,,,,,,,,,,,,,,,,,HABCIZ_clean,1349.9
HABCOF_clean,9.97681,7.2596,9.97191,0.933756,2065.72,2212.27,0.0,0.0,0.6892,0.738095,0.0,"Dy,Na,Zn",Yes,"Dy,Zn",clean,Y,Y,Y,DISORDER,N,,,,,,,,,,,,,,,,,,,,,,HABCOF_clean,1350.8
HABDAS_clean,9.98388,7.09034,9.97982,0.917953,2085.87,2272.31,0.0,0.0,0.69,0.751673,0.0,"Na,Eu,Zn",Yes,"Zn,Eu",clean,Y,Y,Y,DISORDER,N,,,,,,,,,,,,,,,,,,,,,,HABDAS_clean,1395.3
HABRUZ_clean,5.62999,4.2146,5.61662,1.21831,1657.43,1360.44,0.0,0.0,0.5722,0.469669,0.0,Cd,Yes,Cd,clean,Y,Y,Y,DISORDER,N,,,,,,,,,,,,,,,,,,,,,,HABRUZ_clean,1177.1
HACDOH_clean,11.09643,3.77101,11.09643,1.1212,1595.24,1422.79,0.0,0.0,0.6134,0.547091,0.0,Co,No, ,clean,Y,Y,Y,DISORDER,N,,,,,,,,,,,,,,,,,,,,,,HACDOH_clean,4715.3
HACDUN_clean,11.06812,3.7276,11.06812,1.21046,1575.96,1301.95,0.0,0.0,0.6108,0.504603,0.0,Zn,Yes,Zn,clean,Y,Y,Y,DISORDER,N,,,,,,,,,,,,,,,,,,,,,,HACDUN_clean,5595.1
HACRAH_clean,10.70695,3.98119,10.7068,1.08072,1943.74,1798.55,0.0,0.0,0.6278,0.580906,0.0,Co,No, ,clean,Y,Y,Y,DISORDER,N,,,,,,,,,,,,,,,,,,,,,,HACRAH_clean,4591.9
HACREL_clean,10.63772,3.92828,9.71842,1.11327,1802.59,1619.18,0.0,0.0,0.628,0.564102,0.0,Zn,Yes,Zn,clean,Y,Y,Y,DISORDER,N,,,,,,,,,,,,,,,,,,,,,,HACREL_clean,5187.0
HAMJUC_clean,10.68848,3.93393,10.67739,1.13553,1897.49,1671.02,0.0,0.0,0.6192,0.545297,0.0,Zn,Yes,Zn,clean,Y,Y,Y,DISORDER,N,,,,,,,,,,,,,,,,,,,,,,HAMJUC_clean,5937.1
HANKIS_clean,10.84256,6.81027,10.84256,0.962348,2445.81,2541.5,9.90677,10.2944,0.7018,0.729258,0.0,"In,Co",Yes,Co,clean,Y,Y,Y,DISORDER,N,,,,,,,,,,,,,,,,,,,,,,HANKIS_clean,38534.4
HANKOY_clean,11.28133,6.992,11.28091,0.975181,2332.28,2391.64,21.129,21.6668,0.7112,0.7293,0.0,"In,Ni",Yes,Ni,clean,Y,Y,Y,DISORDER,N,,,,,,,,,,,,,,,,,,,,,,HANKOY_clean,40062.4
HAWGIY_clean,4.9936,3.76376,4.99295,1.55118,587.725,378.89,0.0,0.0,0.3948,0.254516,0.0,Ce,No, ,clean,Y,Y,Y,DISORDER,N,,,,,,,,,,,,,,,,,,,,,,HAWGIY_clean,1224.1
HAXNOJ_clean,6.09414,4.53148,6.04647,1.2268,2259.24,1841.57,0.0,0.0,0.705,0.574664,0.0,Cd,No, ,clean,N,Y,Y,DISORDER,N,,,,,,,,,,,,,,,,,,,,,,HAXNOJ_clean,401.2
HICGEG_clean,7.22417,4.98345,7.22345,1.05866,1756.83,1659.47,0.0,0.0,0.6354,0.60019,0.0,Zn,No, ,clean,Y,Y,Y,DISORDER,N,,,,,,,,,,,,,,,,,,,,,,HICGEG_clean,2580.7
HICZIE_clean,4.75635,3.88223,4.75635,1.70104,552.032,324.527,36.9511,21.7227,0.4418,0.259724,0.0,Gd,No, ,clean,Y,Y,Y,DISORDER,N,,,,,,,,,,,,,,,,,,,,,,HICZIE_clean,747.9
HIDDAB_clean,4.73402,3.99038,4.58029,1.71288,716.864,418.513,0.0,0.0,0.4374,0.255359,0.0,Tb,No, ,clean,Y,Y,Y,DISORDER,N,,,,,,,,,,,,,,,,,,,,,,HIDDAB_clean,1058.0
HIQKID_clean,6.24462,3.8099,6.24462,2.75365,1288.14,467.793,0.0,0.0,0.511,0.185572,7.26e-05,U,No, ,clean,Y,Y,Y,DISORDER,N,,,,,,,,,,,,,,,,,,,,,,HIQKID_clean,1185.5
HIWMAD_clean,7.70996,7.42674,7.70996,1.56246,1499.4,959.639,0.0,0.0,0.6218,0.397961,0.0,Zn,No, ,clean,Y,Y,Y,DISORDER,N,,,,,,,,,,,,,,,,,,,,,,HIWMAD_clean,1866.9
HIZSEQ_clean,8.45379,5.93435,8.42674,0.797325,2202.23,2762.03,0.0,0.0,0.7088,0.888973,0.0,Zn,Yes,Zn,clean,Y,Y,Y,DISORDER,N,,,,,,,,,,,,,,,,,,,,,,HIZSEQ_clean,866.0
HIZTUG_clean,14.58128,7.2695,14.58128,0.949199,1744.45,1837.81,0.0,0.0,0.6154,0.648336,0.0,Zn,Yes,Zn,clean,Y,Y,Y,DISORDER,N,,,,,,,,,,,,,,,,,,,,,,HIZTUG_clean,1196.2
HOGJET_clean,10.64607,6.59696,10.64607,0.792851,2302.52,2904.1,0.0,0.0,0.722,0.910637,0.0,Cu,Yes,Cu,clean,Y,Y,Y,DISORDER,N,,,,,,,,,,,,,,,,,,,,,,HOGJET_clean,1100.3
HOJJUN_clean,10.20501,4.32102,10.20501,1.07008,1864.88,1742.75,0.0,0.0,0.6276,0.586499,0.0,Cu,No, ,clean,Y,Y,Y,DISORDER,N,,,,,,,,,,,,,,,,,,,,,,HOJJUN_clean,1789.6
HONXAL_clean,5.93962,3.6638,5.93962,1.42871,1198.14,838.618,0.0,0.0,0.5172,0.362006,0.0,Zn,No, ,clean,N,Y,Y,DISORDER,N,,,,,,,,,,,,,,,,,,,,,,HONXAL_clean,3978.8
HOQNOS_clean,5.68928,5.15984,5.68602,1.20112,1133.38,943.601,0.0,0.0,0.508,0.422938,0.0,Mg,No, ,clean,Y,Y,Y,DISORDER,N,,,,,,,,,,,,,,,,,,,,,,HOQNOS_clean,1279.1
HOVGEG_clean,5.72288,5.00575,5.71258,1.7362,623.828,359.307,0.0,0.0,0.4442,0.255846,0.0,Zn,Yes,Zn,clean,Y,Y,Y,DISORDER,N,,,,,,,,,,,,,,,,,,,,,,HOVGEG_clean,1331.7
HOZFIN_clean,11.69529,10.43289,11.69529,0.774366,1771.67,2287.9,0.0,0.0,0.6506,0.840172,0.0,Li,Yes,Li,clean,Y,Y,Y,DISORDER,N,,,,,,,,,,,,,,,,,,,,,,HOZFIN_clean,742.0
HUBQEC_clean,8.86857,5.43796,8.86857,1.74467,1156.2,662.705,0.0,0.0,0.545,0.31238,0.0,"Mo,Cu",Yes,"Mo,Cu",clean,Y,Y,Y,DISORDER,N,,,,,,,,,,,,,,,,,,,,,,HUBQEC_clean,1177.2
HUCSEF_clean,13.78845,4.39887,13.78845,0.867071,1791.92,2066.64,0.0,0.0,0.6752,0.778714,0.0,Cu,Yes,Cu,clean,Y,Y,Y,DISORDER,N,,,,,,,,,,,,,,,,,,,,,,HUCSEF_clean,4100.4
HUGTOT_clean,8.81626,5.50482,8.81626,1.26191,1165.98,923.983,0.0,0.0,0.5748,0.455501,0.0,Cs,Yes,Cs,clean,N,Y,Y,DISORDER,N,,,,,,,,,,,,,,,,,,,,,,HUGTOT_clean,3986.5
HUHBUJ_clean,5.60126,5.18977,5.60126,1.80903,559.324,309.185,0.365081,0.201811,0.4444,0.245657,0.0,"Cd,Ti",Yes,"Cd,Ti",clean,Y,Y,Y,DISORDER,N,,,,,,,,,,,,,,,,,,,,,,HUHBUJ_clean,7542.6
HUNCIE_clean,23.8524,20.39274,23.77655,0.290995,1592.86,5473.82,0.0,0.0,0.8752,3.00761,0.0,Cu,Yes,Cu,clean,Y,Y,Y,DISORDER,N,,,,,,,,,,,,,,,,,,,,,,HUNCIE_clean,814.4
HURFIL_clean,5.53219,3.67395,5.49739,1.12953,1491.57,1320.52,0.0,0.0,0.5764,0.5103,0.0,Zn,Yes,Zn,clean,Y,Y,Y,DISORDER,N,,,,,,,,,,,,,,,,,,,,,,HURFIL_clean,2830.1
HURFOR_clean,7.08248,5.24445,7.08248,1.04737,1938.44,1850.78,0.0,0.0,0.6226,0.594444,0.0,Zn,Yes,Zn,clean,Y,Y,Y,DISORDER,N,,,,,,,,,,,,,,,,,,,,,,HURFOR_clean,2524.2
HUVNAP_clean,8.75886,7.98277,8.75886,1.18409,1179.49,996.114,8.956,7.56363,0.5472,0.462128,0.0,"Ba,Fe",Yes,"Ba,Fe",clean,Y,Y,Y,DISORDER,N,,,,,,,,,,,,,,,,,,,,,,HUVNAP_clean,5475.4
HUXHUF_clean,6.21028,4.81184,6.21028,1.07666,1642.42,1525.48,0.0,0.0,0.5898,0.547807,0.0,Cd,No, ,clean,Y,Y,Y,DISORDER,N,,,,,,,,,,,,,,,,,,,,,,HUXHUF_clean,1838.2
HUYFAJ_clean,13.01175,6.7865,13.01175,0.928859,1613.49,1737.07,0.0,0.0,0.649,0.698706,0.0,Cu,Yes,Cu,clean,Y,Y,Y,DISORDER,N,,,,,,,,,,,,,,,,,,,,,,HUYFAJ_clean,2201.7
HUZYEI_clean,8.53699,6.27993,8.53699,0.711095,2228.2,3133.48,0.0,0.0,0.6894,0.969491,0.0,Zn,No, ,clean,Y,Y,Y,DISORDER,N,,,,,,,,,,,,,,,,,,,,,,HUZYEI_clean,4102.3
HUZYIM_clean,8.39885,4.78933,7.86209,0.797668,1803.87,2261.43,0.0,0.0,0.6378,0.79958,0.0,Zn,No, ,clean,Y,Y,Y,DISORDER,N,,,,,,,,,,,,,,,,,,,,,,HUZYIM_clean,5988.5
IBAPOS_clean,10.42394,6.6282,10.40124,0.688725,2224.76,3230.26,0.0,0.0,0.7214,1.04744,0.0,"Zn,Fe",Yes,Zn,clean,Y,Y,Y,DISORDER,N,,,,,,,,,,,,,,,,,,,,,,IBAPOS_clean,648.4
IBAQAF_clean,10.29518,8.20784,10.21825,0.691719,2146.79,3103.55,0.0,0.0,0.7272,1.05129,0.0,"Zn,Mn",Yes,Zn,clean,Y,Y,Y,DISORDER,N,,,,,,,,,,,,,,,,,,,,,,IBAQAF_clean,695.6
IBAQEJ_clean,10.47263,8.40011,10.41547,0.683981,2144.01,3134.6,0.0,0.0,0.734,1.07313,0.0,Zn,Yes,Zn,clean,Y,Y,Y,DISORDER,N,,,,,,,,,,,,,,,,,,,,,,IBAQEJ_clean,796.6
IBIYUO_clean,5.20433,4.31707,5.18919,2.0196,573.799,284.115,0.0,0.0,0.4548,0.225193,0.0,"W,Cu",No, ,clean,Y,Y,Y,DISORDER,N,,,,,,,,,,,,,,,,,,,,,,IBIYUO_clean,2174.8
IBURAZ_clean,4.88805,3.48372,4.75798,1.89312,918.977,485.428,0.0,0.0,0.536,0.28313,0.0,Zn,No, ,clean,Y,Y,Y,DISORDER,N,,,,,,,,,,,,,,,,,,,,,,IBURAZ_clean,1811.6
ic062019u-file003_clean,5.13093,3.75996,5.13093,1.59557,1238.43,776.17,0.0,0.0,0.515,0.322769,0.0,Eu,Yes,Eu,clean,Y,N,Y,DISORDER,Y,FEYZUF01,Y,15/06/2007,10.1021/ic062019u,"1 SI, 2 Structure",FEYZUF01,FEYZUF01,UDIQII,,,,,,,,,,,,,,ic062019u-file003_clean,2091.6
ic1010083_si_002_clean,8.73889,4.47796,8.73889,1.29976,1302.13,1001.82,0.0,0.0,0.5268,0.405305,0.0,Zn,Yes,Zn,clean,Y,N,Y,DISORDER,Y,FUSTUK,Y,10/09/2015,10.1021/ic1010083,"1 SI, 1 Structure",FUSTUK,,,,,,,,,,,,,,,,ic1010083_si_002_clean,12926.4
ic200054b_si_002_clean,7.46774,3.60854,7.46774,1.4629,1076.81,736.077,203.521,139.122,0.5642,0.385672,0.0,Zn,No, ,clean,Y,N,Y,DISORDER,Y,UXELIT,Y,23/08/2011,10.1021/ic200054b,"1 SI, 1 Structure",UXELIT,,,,,,,,,,,,,,,,ic200054b_si_002_clean,2426.1
ic302758g_si_002_clean,5.94758,3.52279,5.92412,1.3042,626.355,480.261,150.217,115.179,0.4578,0.351021,0.0,Zn,No, ,clean,Y,N,Y,DISORDER,Y,PIBLUJ,Y,11/05/2012,10.1021/ic302758g,"1 SI, 1 Structure",PIBLUJ,,,,,,,,,,,,,,,,ic302758g_si_002_clean,3529.7
ic403175w_si_002_clean,5.88584,3.69969,5.83238,2.5678,470.928,183.398,0.0,0.0,0.2652,0.103279,0.0,Ga,Yes,Ga,clean,Y,N,Y,DISORDER,N,,Y,01/12/2013,10.1021/ic403175w,"1 SI, 1 Structure",WIVQOJ,,,,,,,,,,,,,,,,ic403175w_si_002_clean,860.1
ic5005374_si_003_clean,21.713,8.12819,21.713,0.624448,1871.88,2997.65,0.0,0.0,0.8216,1.31572,0.0,Dy,Yes,Dy,clean,Y,N,Y,DISORDER,N,,Y,15/12/2013,10.1021/ic5005374,"1 SI, 1 Structure",QOKTUH,,,,,,,,,,,,,,,,ic5005374_si_003_clean,3035.2
ic502478u_si_003_clean,6.55769,3.80885,6.25374,1.35422,531.365,392.376,0.404029,0.298347,0.4662,0.344256,0.0,Cu,Yes,Cu,clean,Y,N,Y,DISORDER,N,,Y,18/03/2015,10.1021/ic502478u,"1 SI, 1 Structure",FUFBEP,,,,,,,,,,,,,,,,ic502478u_si_003_clean,1363.6
ic502488c_si_002_clean,8.06561,4.40981,8.06561,1.22976,1402.42,1140.4,0.0,0.0,0.563,0.457812,0.0,Mn,Yes,Mn,clean,Y,N,Y,DISORDER,Y,DUDKAQ,Y,12/07/2014,10.1021/ic502488c,"1 SI, 5 Structure",DUDKAQ,DUDKAQ,DUDKEU,DUDKIY,DUDKOE,DUDKUK,,,,,,,,,,,ic502488c_si_002_clean,2232.3
ic502643m_si_011_clean,13.64098,13.34789,13.63908,0.604316,2269.16,3754.93,0.0,0.0,0.793,1.31223,0.0,Zn,Yes,Zn,clean,Y,N,Y,DISORDER,Y,PUFRUF,Y,25/07/2014,10.1021/ic502643m,"1 SI, 1 Structure",PUFRUF,,,,,,,,,,,,,,,,ic502643m_si_011_clean,612.8
ic502643m_si_012_clean,13.38503,12.66061,13.38102,0.629028,2341.28,3722.06,0.0,0.0,0.78,1.24001,0.0,Zn,Yes,Zn,clean,Y,N,Y,DISORDER,Y,PUFSEQ,Y,25/07/2014,10.1021/ic502643m,"1 SI, 1 Structure",PUFSEQ,,,,,,,,,,,,,,,,ic502643m_si_012_clean,849.5
ic5b00096_si_002_clean,9.37546,3.5659,9.35215,1.28947,1921.15,1489.87,0.0,0.0,0.6402,0.496481,0.000155102,"Cu,Zr",Yes,Cu,clean,Y,N,Y,DISORDER,Y,QURNIC,Y,30/10/2015,10.1021/acs.inorgchem.5b00096,"1 SI, 1 Structure",QURNIC,,,,,,,,,,,,,,,,ic5b00096_si_002_clean,17423.4
ic5b00561_si_002_clean,5.89498,4.61733,5.89498,1.41475,549.49,388.401,68.7517,48.5964,0.4818,0.340555,0.0,Cu,Yes,Cu,clean,Y,N,Y,DISORDER,Y,QUJKUD,Y,14/11/2014,10.1021/acs.inorgchem.5b00561,"1 SI, 4 Structure",QUJKUD,QUJKUD,QUJLAK,QUJLAK01,QUJLAK02,,,,,,,,,,,,ic5b00561_si_002_clean,2846.5
ic8008859_si_001_clean,6.51934,4.39103,6.27132,0.92999,1351.28,1453.01,0.0,0.0,0.5454,0.586458,0.0,"K,Co",Yes,"K,Co",clean,Y,N,Y,DISORDER,Y,LOPZEW,Y,22/05/2006,10.1021/ic8008859,"1 SI, 2 Structure",LOPZEW,LOPZAS,LOPZEW,,,,,,,,,,,,,,ic8008859_si_001_clean,4232.2
ICAREL_clean,16.21859,9.18486,11.94903,0.616739,2046.86,3318.84,0.0,0.0,0.7336,1.18948,0.0,Cu,Yes,Cu,clean,Y,Y,Y,DISORDER,N,,,,,,,,,,,,,,,,,,,,,,ICAREL_clean,1795.4
ICIKAH_clean,8.01757,3.70704,7.93302,1.68308,428.741,254.736,345.699,205.397,0.4804,0.285429,0.0,Cd,Yes,Cd,clean,Y,Y,Y,DISORDER,N,,,,,,,,,,,,,,,,,,,,,,ICIKAH_clean,6641.8
ICITIY_clean,6.58704,5.40423,6.22319,1.47585,2062.64,1397.59,0.0,0.0,0.6524,0.44205,0.0,Zn,Yes,Zn,clean,N,Y,Y,DISORDER,N,,,,,,,,,,,,,,,,,,,,,,ICITIY_clean,2413.0
ICIVEW_clean,9.81405,8.96526,9.81405,1.68894,1459.56,864.19,0.0,0.0,0.6214,0.367924,0.0,Zn,Yes,Zn,clean,Y,Y,Y,DISORDER,N,,,,,,,,,,,,,,,,,,,,,,ICIVEW_clean,986.6
IDUYOX_clean,9.73996,8.61519,9.73996,0.935578,2195.16,2346.31,0.0,0.0,0.7078,0.756538,0.0,Cu,Yes,Cu,clean,Y,Y,Y,DISORDER,N,,,,,,,,,,,,,,,,,,,,,,IDUYOX_clean,1295.8
IFEPUG01_clean,6.97552,6.67002,6.97552,1.81968,554.5,304.724,0.0,0.0,0.3222,0.177064,0.0,Zn,Yes,Zn,clean,Y,Y,Y,DISORDER,N,,,,,,,,,,,,,,,,,,,,,,IFEPUG01_clean,5253.1
IFEPUG02_clean,7.03312,5.99915,7.03312,1.58114,529.815,335.085,0.0,0.0,0.3982,0.251844,0.0,Zn,No, ,clean,Y,Y,Y,DISORDER,N,,,,,,,,,,,,,,,,,,,,,,IFEPUG02_clean,4001.8
IFEPUG03_clean,6.99241,5.91522,6.99241,1.59971,524.86,328.098,0.0,0.0,0.393,0.24567,0.0,Zn,No, ,clean,Y,Y,Y,DISORDER,N,,,,,,,,,,,,,,,,,,,,,,IFEPUG03_clean,4144.2
IFEPUG04_clean,6.86283,5.99318,6.86283,1.62602,537.112,330.322,0.0,0.0,0.3814,0.23456,0.0,Zn,No, ,clean,Y,Y,Y,DISORDER,N,,,,,,,,,,,,,,,,,,,,,,IFEPUG04_clean,4179.0
IFEPUG05_clean,6.85642,6.11281,6.85642,1.65571,533.488,322.211,0.0,0.0,0.3698,0.223348,0.0,Zn,No, ,clean,Y,Y,Y,DISORDER,N,,,,,,,,,,,,,,,,,,,,,,IFEPUG05_clean,3664.6
IFEPUG06_clean,6.7419,6.18576,6.7419,1.68982,538.529,318.691,0.0,0.0,0.3576,0.21162,0.0,Zn,No, ,clean,Y,Y,Y,DISORDER,N,,,,,,,,,,,,,,,,,,,,,,IFEPUG06_clean,4156.6
IFEPUG07_clean,6.70506,6.18332,6.70506,1.72629,549.827,318.502,0.0,0.0,0.3412,0.197649,0.0,Zn,No, ,clean,Y,Y,Y,DISORDER,N,,,,,,,,,,,,,,,,,,,,,,IFEPUG07_clean,4301.4
IFEPUG08_clean,6.7666,6.32311,6.7666,1.76811,569.763,322.245,0.0,0.0,0.3312,0.187319,0.0,Zn,Yes,Zn,clean,Y,Y,Y,DISORDER,N,,,,,,,,,,,,,,,,,,,,,,IFEPUG08_clean,4818.5
IFEPUG09_clean,6.88857,6.56673,6.88857,1.78418,556.743,312.044,0.0,0.0,0.331,0.185519,0.0,Zn,Yes,Zn,clean,Y,Y,Y,DISORDER,N,,,,,,,,,,,,,,,,,,,,,,IFEPUG09_clean,5606.3
IFEPUG10_clean,6.80475,6.55642,6.80475,1.8372,603.527,328.504,0.0,0.0,0.3222,0.175376,0.0,Zn,Yes,Zn,clean,Y,Y,Y,DISORDER,N,,,,,,,,,,,,,,,,,,,,,,IFEPUG10_clean,6691.5
IFEQER_clean,7.19047,6.08402,7.19047,1.57527,553.109,351.12,0.0,0.0,0.394,0.250116,0.0,Zn,No, ,clean,Y,Y,Y,DISORDER,N,,,,,,,,,,,,,,,,,,,,,,IFEQER_clean,4011.9
IFUPAC_clean,5.45872,4.0869,5.45872,1.34142,1585.35,1181.84,0.0,0.0,0.5752,0.4288,0.0,Eu,Yes,Eu,clean,Y,Y,Y,DISORDER,N,,,,,,,,,,,,,,,,,,,,,,IFUPAC_clean,1492.5
IGORUS_clean,10.22764,5.8145,10.22764,0.798105,2273.51,2848.64,0.0,0.0,0.7076,0.8866,0.0,Zn,Yes,Zn,clean,Y,Y,Y,DISORDER,N,,,,,,,,,,,,,,,,,,,,,,IGORUS_clean,1003.5
IGUCEU_clean,4.52933,3.82475,4.49997,1.71915,529.35,307.913,0.0,0.0,0.4484,0.260826,0.0,Gd,No, ,clean,Y,Y,Y,DISORDER,N,,,,,,,,,,,,,,,,,,,,,,IGUCEU_clean,2532.6
IJAPIU_clean,10.97896,4.58149,10.97895,0.821497,2292.36,2790.46,0.0,0.0,0.6958,0.84699,0.0,Zn,Yes,Zn,clean,Y,Y,Y,DISORDER,N,,,,,,,,,,,,,,,,,,,,,,IJAPIU_clean,1633.5
IJAPOA_clean,11.3719,4.56274,10.28688,0.827364,2231.15,2696.69,0.0,0.0,0.6978,0.843401,0.0,Cu,Yes,Cu,clean,Y,Y,Y,DISORDER,N,,,,,,,,,,,,,,,,,,,,,,IJAPOA_clean,1455.5
IJENIV_clean,10.00359,4.25651,10.00359,1.99634,628.149,314.65,0.0,0.0,0.4272,0.213991,0.0,"Ag,Eu",Yes,Ag,clean,Y,Y,Y,DISORDER,N,,,,,,,,,,,,,,,,,,,,,,IJENIV_clean,1061.6
IJENOB_clean,8.38232,4.34669,8.38232,2.02817,669.551,330.125,42.8029,21.1042,0.431,0.212506,0.0,Eu,No, ,clean,Y,Y,Y,DISORDER,N,,,,,,,,,,,,,,,,,,,,,,IJENOB_clean,1819.5
IJEXUS_clean,21.63198,16.25392,21.63198,0.800283,1414.75,1767.81,0.0,0.0,0.7074,0.883938,0.0,"Cu,Na,Mn",Yes,"Cu,Na",clean,Y,Y,Y,DISORDER,N,,,,,,,,,,,,,,,,,,,,,,IJEXUS_clean,486.0
IKOTEH_clean,5.65107,4.60462,5.64755,1.07269,1502.82,1400.99,0.0,0.0,0.5482,0.511053,0.0,Co,No, ,clean,Y,Y,Y,DISORDER,N,,,,,,,,,,,,,,,,,,,,,,IKOTEH_clean,4602.5
ILITON_clean,10.85959,9.44525,10.85959,0.579291,2065.83,3566.14,0.0,0.0,0.7778,1.34268,0.0,Zn,Yes,Zn,clean,Y,Y,Y,DISORDER,N,,,,,,,,,,,,,,,,,,,,,,ILITON_clean,1095.7
ILOWAI_clean,5.40585,4.42661,5.40585,1.07764,1110.36,1030.36,0.0,0.0,0.5072,0.470657,0.0,Ni,No, ,clean,Y,Y,Y,DISORDER,N,,,,,,,,,,,,,,,,,,,,,,ILOWAI_clean,2512.3
IMAXOL_clean,9.24397,3.95127,9.24397,0.978932,1776.35,1814.58,0.0,0.0,0.621,0.634365,0.0,Cu,Yes,Cu,clean,Y,Y,Y,DISORDER,N,,,,,,,,,,,,,,,,,,,,,,IMAXOL_clean,2342.8
IMULEH_clean,8.24491,4.53271,8.24491,0.809297,1780.75,2200.36,0.0,0.0,0.6282,0.776229,0.0,Co,No, ,clean,Y,Y,Y,DISORDER,N,,,,,,,,,,,,,,,,,,,,,,IMULEH_clean,2893.5
IMUVES_clean,8.07179,5.61744,8.07179,1.74544,2211.17,1266.82,14.5672,8.34584,0.666,0.381565,0.0,In,Yes,In,clean,Y,Y,Y,DISORDER,N,,,,,,,,,,,,,,,,,,,,,,IMUVES_clean,29075.4
INASAT_clean,7.1488,3.62291,7.09324,1.42758,1215.89,851.717,0.0,0.0,0.5508,0.385827,0.0,Zn,Yes,Zn,clean,Y,Y,Y,DISORDER,N,,,,,,,,,,,,,,,,,,,,,,INASAT_clean,2993.5
INECIP_clean,9.29924,6.52394,9.29924,0.881325,1561.41,1771.66,0.320426,0.363573,0.6242,0.708252,0.0,Pr,No, ,clean,Y,Y,Y,DISORDER,N,,,,,,,,,,,,,,,,,,,,,,INECIP_clean,2364.4
INEPEY_clean,6.95447,5.78801,6.95447,1.44957,1129.68,779.321,87.9996,60.7072,0.5158,0.355829,0.0,Zn,Yes,Zn,clean,Y,Y,Y,DISORDER,N,,,,,,,,,,,,,,,,,,,,,,INEPEY_clean,1026.1
INEXEG_clean,5.75488,3.93289,5.74773,1.23407,1432.27,1160.6,0.0,0.0,0.543,0.440007,0.0,Co,No, ,clean,Y,Y,Y,DISORDER,N,,,,,,,,,,,,,,,,,,,,,,INEXEG_clean,2832.0
INIROO_clean,8.17605,4.71571,8.17605,2.17241,1103.1,507.776,0.0,0.0,0.5056,0.232737,0.0,"Dy,Ge",Yes,"Dy,Ge",clean,Y,Y,Y,DISORDER,N,,,,,,,,,,,,,,,,,,,,,,INIROO_clean,1041.5
IPEBEM_clean,5.59642,3.8769,5.43503,1.50798,880.961,584.199,0.0,0.0,0.4824,0.319898,0.0,Cu,No, ,clean,Y,Y,Y,DISORDER,N,,,,,,,,,,,,,,,,,,,,,,IPEBEM_clean,6856.7
IPIVOT_clean,6.19757,4.01106,6.19757,1.45575,826.006,567.408,0.0,0.0,0.474,0.325604,0.0,Cu,Yes,Cu,clean,Y,Y,Y,DISORDER,N,,,,,,,,,,,,,,,,,,,,,,IPIVOT_clean,1432.8
IREGOD_clean,5.40281,4.28093,5.40281,1.18436,1608.89,1358.45,0.0,0.0,0.5606,0.473337,0.0,Mn,Yes,Mn,clean,Y,Y,Y,DISORDER,N,,,,,,,,,,,,,,,,,,,,,,IREGOD_clean,2263.7
IVEKEA_clean,22.61279,7.45433,22.60405,0.58506,2033.02,3474.88,0.0,0.0,0.8178,1.3978,0.0,Cu,Yes,Cu,clean,Y,Y,Y,DISORDER,N,,,,,,,,,,,,,,,,,,,,,,IVEKEA_clean,9775.5
IVIPEK_clean,4.80997,3.59117,4.76583,1.67501,953.977,569.536,0.0,0.0,0.5042,0.301014,0.0,Ba,Yes,Ba,clean,N,Y,Y,DISORDER,N,,,,,,,,,,,,,,,,,,,,,,IVIPEK_clean,2426.1
IWEVUD_clean,8.76153,5.94273,8.76153,2.07228,1706.46,823.467,0.0,0.0,0.6254,0.301793,0.0,Zn,Yes,Zn,clean,Y,Y,Y,DISORDER,N,,,,,,,,,,,,,,,,,,,,,,IWEVUD_clean,1031.6
IWEWAK_clean,8.91997,5.7935,8.91997,2.21714,1660.09,748.751,0.0,0.0,0.615,0.277384,0.0,Zn,Yes,Zn,clean,Y,Y,Y,DISORDER,N,,,,,,,,,,,,,,,,,,,,,,IWEWAK_clean,1118.5
IWEWEO_clean,8.41618,6.10368,8.41618,1.98293,1680.19,847.329,0.0,0.0,0.6294,0.317409,0.0,Zn,Yes,Zn,clean,Y,Y,Y,DISORDER,N,,,,,,,,,,,,,,,,,,,,,,IWEWEO_clean,889.1
IWEWIS_clean,8.35434,5.33584,8.35252,2.50251,1589.74,635.259,0.0,0.0,0.5862,0.234245,0.0,Zn,Yes,Zn,clean,Y,Y,Y,DISORDER,N,,,,,,,,,,,,,,,,,,,,,,IWEWIS_clean,1170.8
IWEWOY_clean,20.27537,19.97281,20.27537,0.872765,1162.79,1332.3,0.0,0.0,0.6926,0.79357,0.0,In,Yes,In,clean,Y,Y,Y,DISORDER,N,,,,,,,,,,,,,,,,,,,,,,IWEWOY_clean,1851.6
IXIKOR01_clean,5.26705,3.69374,5.26705,1.61953,806.553,498.016,0.0,0.0,0.4486,0.276994,0.0,Zn,Yes,Zn,clean,Y,Y,Y,DISORDER,N,,,,,,,,,,,,,,,,,,,,,,IXIKOR01_clean,6801.9
IYIHUU_manual,11.83739,10.43961,11.83739,0.634446,2047.9,3227.86,0.0,0.0,0.7402,1.16669,0.0,Zn,Yes,Zn,manual,Y,Y,Y,DISORDER,N,,,,,,,,,,,,,,,,,,,,,,IYIHUU_manual,890.1
IYITOB_clean,9.11454,7.50033,9.11454,1.16801,1732.8,1483.56,0.0,0.0,0.654,0.559929,0.0,Zn,No, ,clean,Y,Y,Y,DISORDER,N,,,,,,,,,,,,,,,,,,,,,,IYITOB_clean,562.2
IYOCUW_clean,8.90958,6.18498,8.8933,1.17412,1758.62,1497.81,0.0,0.0,0.6506,0.554116,0.0,Zn,No, ,clean,Y,Y,Y,DISORDER,N,,,,,,,,,,,,,,,,,,,,,,IYOCUW_clean,549.8
IYUHOB_clean,9.27375,6.04055,9.27375,0.954465,2228.79,2335.12,0.0,0.0,0.6788,0.711184,0.0,Mn,No, ,clean,Y,Y,Y,DISORDER,N,,,,,,,,,,,,,,,,,,,,,,IYUHOB_clean,2236.0
IZIHIK_clean,7.14331,5.40483,7.14331,1.44939,1285.98,887.257,42.2152,29.1262,0.5348,0.368983,0.0,Tb,Yes,Tb,clean,Y,Y,Y,DISORDER,N,,,,,,,,,,,,,,,,,,,,,,IZIHIK_clean,2014.7
IZUSEC_clean,10.20962,3.68293,10.20962,1.00333,666.649,664.439,253.612,252.771,0.5956,0.593625,0.0,Zn,No, ,clean,Y,Y,Y,DISORDER,N,,,,,,,,,,,,,,,,,,,,,,IZUSEC_clean,2458.4
ja0660047si20060818_060256_clean,6.3909,4.01484,6.38663,0.926803,2000.77,2158.79,0.0,0.0,0.5998,0.647171,0.0,Zn,No, ,clean,Y,N,Y,DISORDER,Y,SEVTOD,Y,05/03/2007,10.1021/ja0660047,"1 SI, 1 Structure",SEVTOD,,,,,,,,,,,,,,,,ja0660047si20060818_060256_clean,3238.4
ja0660047si20060818_060458_clean,6.58402,3.94503,6.58402,1.00815,1971.57,1955.64,0.0,0.0,0.578,0.57333,0.0,Zn,No, ,clean,Y,N,Y,DISORDER,Y,SEVTUJ,Y,05/03/2007,10.1021/ja0660047,"1 SI, 1 Structure",SEVTUJ,,,,,,,,,,,,,,,,ja0660047si20060818_060458_clean,3508.6
ja0734952si20070516_030528_clean,12.93372,6.65576,12.93372,1.08034,1587.08,1469.06,0.0,0.0,0.6156,0.569821,0.0,Cu,Yes,Cu,clean,Y,N,Y,DISORDER,Y,CILLAL,Y,02/10/2007,10.1021/ja0734952,"1 SI, 1 Structure",CILLAL,,,,,,,,,,,,,,,,ja0734952si20070516_030528_clean,8477.1
ja078060t-file002_clean,16.93112,9.01585,16.93112,0.615402,2165.98,3519.61,0.0,0.0,0.7858,1.27689,0.0,Co,Yes,Co,clean,Y,N,Y,DISORDER,Y,VIXWIJ,Y,15/04/2008,10.1021/ja078060t,"1 SI, 1 Structure",VIXWIJ,,,,,,,,,,,,,,,,ja078060t-file002_clean,5575.4
ja101440z_si_001_clean,5.9006,5.23774,5.9006,1.30709,1576.97,1206.47,0.0,0.0,0.571,0.436847,0.0,"Ca,Zn",Yes,Zn,clean,Y,N,Y,DISORDER,Y,OSOYUR,Y,13/07/2011,10.1021/ja101440z,"1 SI, 1 Structure",OSOYUR,,,,,,,,,,,,,,,,ja101440z_si_001_clean,1475.8
ja102862j_si_005_clean,16.33925,5.69725,16.33925,0.874313,1862.92,2130.72,0.0,0.0,0.7038,0.804975,0.000228751,Ni,No, ,clean,Y,N,Y,DISORDER,Y,OKEREC,Y,30/03/2010,10.1021/ja102862j,"1 SI, 1 Structure",OKEREC,,,,,,,,,,,,,,,,ja102862j_si_005_clean,2255.2
ja111042f_si_002_clean,13.98436,10.86418,13.89482,0.502876,1948.39,3874.49,0.0,0.0,0.797,1.58488,0.0,"Zn,Al",Yes,Al,clean,Y,N,Y,DISORDER,Y,IBAPIM,Y,28/05/2010,10.1021/ja111042f,"1 SI, 1 Structure",IBAPIM,,,,,,,,,,,,,,,,ja111042f_si_002_clean,583.1
ja202154j_si_003_clean,11.58737,3.83412,11.58737,0.92986,1525.64,1640.72,0.0,0.0,0.645,0.693653,0.0,Zn,No, ,clean,Y,N,Y,DISORDER,Y,KAMZUV,Y,10/02/2012,10.1021/ja202154j,"1 SI, 1 Structure",KAMZUV,,,,,,,,,,,,,,,,ja202154j_si_003_clean,1188.9
ja4015666_si_002_clean,10.09928,9.13648,10.09928,0.711506,2224.92,3127.06,0.0,0.0,0.7638,1.0735,0.0,Cd,No, ,clean,Y,N,Y,DISORDER,Y,IDUYUD,Y,05/08/2013,10.1021/ja4015666,"1 SI, 1 Structure",IDUYUD,,,,,,,,,,,,,,,,ja4015666_si_002_clean,659.2
ja4015666_si_003_clean,10.07647,9.04237,10.07647,0.718146,2256.82,3142.56,0.0,0.0,0.7528,1.04825,0.0,Cd,No, ,clean,Y,N,Y,DISORDER,Y,IDUZAK,Y,05/08/2013,10.1021/ja4015666,"1 SI, 1 Structure",IDUZAK,,,,,,,,,,,,,,,,ja4015666_si_003_clean,663.8
ja4015666_si_005_clean,10.07782,8.97289,10.07782,0.723441,2224.38,3074.72,0.0,0.0,0.7496,1.03616,0.0,Cd,No, ,clean,Y,N,Y,DISORDER,Y,HEJHAH,Y,24/04/2012,10.1021/ja4015666,"1 SI, 1 Structure",HEJHAH,,,,,,,,,,,,,,,,ja4015666_si_005_clean,692.8
ja403810k_si_003_clean,31.39938,26.2789,31.39936,0.252736,790.748,3128.75,0.0,0.0,0.9088,3.59585,0.0,Zn,Yes,Zn,clean,Y,N,Y,DISORDER,Y,TOCJEC,Y,20/02/2014,10.1021/ja403810k,"1 SI, 1 Structure",TOCJEC,,,,,,,,,,,,,,,,ja403810k_si_003_clean,11620.1
ja410368j_si_002_clean,11.55893,3.45239,11.55893,0.94881,1479.04,1558.83,0.0,0.0,0.6372,0.671578,0.0,Zn,No, ,clean,Y,N,Y,DISORDER,N,,N,,,,,,,,,,,,,,,,,,,,ja410368j_si_002_clean,1368.3
ja501810r_si_002_clean,11.13191,5.72159,11.13191,0.767426,2419.7,3153.01,0.0,0.0,0.7292,0.950189,0.0,Cu,Yes,Cu,clean,Y,N,Y,DISORDER,Y,RIYPAS,Y,14/05/2014,10.1021/ja501810r,"1 SI, 1 Structure",RIYPAS,,,,,,,,,,,,,,,,ja501810r_si_002_clean,572.4
ja507119n_si_002_clean,15.60995,11.91932,15.59956,1.42878,1384.15,968.765,14.3512,10.0444,0.6548,0.458293,0.000139979,Zr,No, ,clean,Y,N,Y,DISORDER,N,,Y,03/10/2014,10.1021/ja507119n,"1 SI, 1 Structure",BOMMOH,,,,,,,,,,,,,,,,ja507119n_si_002_clean,4001.5
ja507971r_si_004_clean,4.53044,3.58227,4.53044,1.46814,606.341,412.999,3.33265,2.26998,0.4518,0.307736,0.0,Zn,Yes,Zn,clean,Y,N,Y,DISORDER,Y,GUVYUT,Y,	24/09/2015,10.1021/ja507971r,"1 SI, 1 Structure",GUVYUT,,,,,,,,,,,,,,,,ja507971r_si_004_clean,791.0
ja508679h_si_001_clean,23.57179,3.8196,23.57179,0.804199,1699.2,2112.9,0.0,0.0,0.761,0.946283,0.000497389,"Zn,Zr",Yes,Zn,clean,Y,N,Y,DISORDER,Y,NUSVEE,Y,24/09/2015,10.1021/ja508679h,"1 SI, 1 Structure",NUSVEE,,,,,,,,,,,,,,,,ja508679h_si_001_clean,13638.9
ja5109535_si_002_clean,17.4505,7.65306,17.4505,0.65071,2199.17,3379.65,0.0,0.0,0.7686,1.18117,0.0,Co,No, ,clean,Y,N,Y,DISORDER,N,,N,,,,,,,,,,,,,,,,,,,,ja5109535_si_002_clean,7895.4
ja5111317_ja5111317_si_003_clean,31.61006,11.66371,31.57217,0.400393,1352.25,3377.31,0.0,0.0,0.8428,2.10493,0.0,Zr,No, ,clean,Y,N,Y,DISORDER,N,,Y,08/12/2014,10.1021/ja5111317,"1 SI, 1 Structure",TOVGES,,,,,,,,,,,,,,,,ja5111317_ja5111317_si_003_clean,2871.0
ja5b00450_si_003_clean,12.42484,5.66724,12.42477,1.53119,1012.59,661.307,307.834,201.043,0.5432,0.354757,0.000391852,Y,Yes,Y,clean,Y,N,Y,DISORDER,N,,Y,26/05/2015,10.1021/jacs.5b00450,"1 SI, 1 Structure",HUHWEO,,,,,,,,,,,,,,,,ja5b00450_si_003_clean,19567.5
jacs.5b11034_ja5b11034_si_002_clean,10.09486,5.31829,9.68701,0.952575,2265.34,2378.12,0.0,0.0,0.7158,0.751437,0.0,Zn,Yes,Zn,clean,Y,N,Y,DISORDER,Y,XAJMON,Y,29/09/2015,10.1021/jacs.5b11034,"1 SI, 1 Structure",XAJMON,,,,,,,,,,,,,,,,jacs.5b11034_ja5b11034_si_002_clean,3837.7
jacs.5b11079_ja5b11079_si_002_clean,14.16979,6.91811,12.94276,0.599196,2206.88,3683.06,0.0,0.0,0.7614,1.2707,0.0,Cu,Yes,Cu,clean,Y,N,Y,DISORDER,Y,RUJMEQ,Y,24/02/2016,10.1021/jacs.5b11079,"1 SI, 1 Structure",RUJMEQ,,,,,,,,,,,,,,,,jacs.5b11079_ja5b11079_si_002_clean,1850.7
jacs.6b01663_ja6b01663_si_002_clean,24.65699,17.09587,24.65699,0.438285,1508.06,3440.83,0.0,0.0,0.8424,1.92204,0.000456324,Zr,Yes,Zr,clean,Y,N,Y,DISORDER,Y,UNEJEE,Y,24/05/2016,10.1021/jacs.6b01663,"1 SI, 1 Structure",UNEJEE,,,,,,,,,,,,,,,,jacs.6b01663_ja6b01663_si_002_clean,157.7
jacs.6b02030_ja6b02030_si_004_clean,6.78187,4.96364,6.78187,1.83949,1314.77,714.746,0.0,0.0,0.5076,0.275946,0.0,Zn,Yes,Zn,clean,Y,N,Y,DISORDER,Y,OLEYEL,Y,22/02/2016,10.1021/jacs.6b02030,"1 SI, 1 Structure",OLEYEL,,,,,,,,,,,,,,,,jacs.6b02030_ja6b02030_si_004_clean,2532.9
jacs.6b03263_ja6b03263_si_002_clean,8.39984,6.11891,8.39804,1.5895,1924.37,1210.68,33.892,21.3224,0.5636,0.354576,0.0164832,Zr,No, ,clean,Y,N,Y,DISORDER,N,,Y,25/03/2016,10.1021/jacs.6b03263,"1 SI, 2 structure",OQIKOQ,OQIKOQ,OQIKUW,,,,,,,,,,,,,,jacs.6b03263_ja6b03263_si_002_clean,4897.6
jacs.6b04608_ja6b04608_si_002_clean,18.84439,11.02909,18.84439,0.389439,1879.81,4826.98,0.0,0.0,0.8376,2.15079,0.00051356,Zr,No, ,clean,Y,N,Y,DISORDER,N,,Y,21/06/2016,10.1021/jacs.6b04608,"1 SI, 1 Structure",ARUHUS,,,,,,,,,,,,,,,,jacs.6b04608_ja6b04608_si_002_clean,7708.7
jacs.6b06375_ja6b06375_si_001_clean,11.94073,6.91484,11.94073,1.08144,1866.76,1726.19,0.0,0.0,0.696,0.643589,0.0,Zn,Yes,Zn,clean,Y,N,Y,DISORDER,N,,Y,29/09/2016,10.1021/jacs.6b06375,"1 SI, 1 Structure",EWENUR,,,,,,,,,,,,,,,,jacs.6b06375_ja6b06375_si_001_clean,14213.8
jacs.6b08724_ja6b08724_si_010_clean,27.737,26.1509,27.737,0.354749,1434.45,4043.56,0.0,0.0,0.8742,2.46428,0.0,"Fe,Co",Yes,"Fe,Co",clean,Y,N,Y,DISORDER,Y,DAJVIW,Y,07/08/2016,10.1021/jacs.6b08724,"1 SI, 1 Structure",DAJVIW,,,,,,,,,,,,,,,,jacs.6b08724_ja6b08724_si_010_clean,429.0
jacs.6b08724_ja6b08724_si_011_clean,28.29641,26.81159,28.29641,0.32286,1413.52,4378.13,0.0,0.0,0.8676,2.68723,0.0,"Mg,Co",Yes,"Mg,Co",clean,Y,N,Y,DISORDER,Y,DAJVOC,Y,07/08/2016,10.1021/jacs.6b08724,"1 SI, 1 Structure",DAJVOC,,,,,,,,,,,,,,,,jacs.6b08724_ja6b08724_si_011_clean,436.1
jacs.6b08724_ja6b08724_si_012_clean,28.6797,24.93616,28.6797,0.353838,1453.6,4108.09,0.0,0.0,0.8748,2.47232,0.0,"Mn,Co",Yes,"Mn,Co",clean,Y,N,Y,DISORDER,Y,DAJVUI,Y,07/08/2016,10.1021/jacs.6b08724,"1 SI, 1 Structure",DAJVUI,,,,,,,,,,,,,,,,jacs.6b08724_ja6b08724_si_012_clean,113.3
jacs.6b08724_ja6b08724_si_013_clean,28.04628,26.50518,28.04628,0.350938,1434.54,4087.73,0.0,0.0,0.8658,2.4671,0.0,"Ni,Co",Yes,"Ni,Co",clean,Y,N,Y,DISORDER,Y,DAJWAP,Y,07/08/2016,10.1021/jacs.6b08724,"1 SI, 1 Structure",DAJWAP,,,,,,,,,,,,,,,,jacs.6b08724_ja6b08724_si_013_clean,418.4
jacs.6b08724_ja6b08724_si_015_clean,27.74932,26.1862,27.74932,0.352885,1423.48,4033.82,0.0,0.0,0.8634,2.44669,0.0,"Fe,Co",Yes,"Fe,Co",clean,Y,N,Y,DISORDER,Y,DAJXEU,Y,07/08/2016,10.1021/jacs.6b08724,"1 SI, 1 Structure",DAJXEU,,,,,,,,,,,,,,,,jacs.6b08724_ja6b08724_si_015_clean,430.1
JADBEY_clean,5.1025,4.19518,4.95899,1.35732,1188.64,875.723,0.0,0.0,0.488,0.359531,0.0,Ce,No, ,clean,N,Y,Y,DISORDER,N,,,,,,,,,,,,,,,,,,,,,,JADBEY_clean,2157.9
JADMIN_clean,4.66472,3.54882,4.41049,1.45894,240.443,164.807,147.508,101.107,0.4662,0.319547,0.0,Cd,Yes,Cd,clean,Y,Y,Y,DISORDER,N,,,,,,,,,,,,,,,,,,,,,,JADMIN_clean,5146.2
JAJZAY_clean,11.43481,6.24659,11.43433,0.715716,2413.07,3371.55,0.0,0.0,0.7402,1.03421,0.0,Zn,Yes,Zn,clean,Y,Y,Y,DISORDER,N,,,,,,,,,,,,,,,,,,,,,,JAJZAY_clean,1110.2
JALLIU_clean,13.72158,6.77108,13.72158,0.777101,2196.2,2826.14,0.0,0.0,0.7498,0.964868,0.000514734,Ce,No, ,clean,Y,Y,Y,DISORDER,N,,,,,,,,,,,,,,,,,,,,,,JALLIU_clean,4362.8
j.inoche.2015.02.023_INC05895-mmc1_clean,5.70413,3.46915,5.53584,1.31977,1259.88,954.616,0.0,0.0,0.503,0.381126,0.0,Zn,Yes,Zn,clean,Y,N,Y,DISORDER,Y,ZUJVAD,Y,09/01/2015,10.1016/j.inoche.2015.02.023,"1 SI, 1 Structure",ZUJVAD,,,,,,,,,,,,,,,,j.inoche.2015.02.023_INC05895-mmc1_clean,1400.4
JIVQOU_clean,5.16037,3.63851,4.20766,2.2732,284.489,125.149,281.748,123.944,0.4162,0.18309,0.0,Fe,Yes,Fe,clean,Y,Y,Y,DISORDER,N,,,,,,,,,,,,,,,,,,,,,,JIVQOU_clean,1901.8
JIVSAJ01_clean,4.3833,3.67284,4.3833,2.70687,329.356,121.674,0.0,0.0,0.271,0.100116,0.0,"Cu,Eu",Yes,Cu,clean,Y,Y,Y,DISORDER,N,,,,,,,,,,,,,,,,,,,,,,JIVSAJ01_clean,2363.1
JIVSEN01_clean,4.34146,3.54842,4.34146,2.62724,302.71,115.22,0.0,0.0,0.276,0.105053,0.0,"Cu,Sm",Yes,Cu,clean,Y,Y,Y,DISORDER,N,,,,,,,,,,,,,,,,,,,,,,JIVSEN01_clean,1393.8
JIVSIR01_clean,4.47156,3.773,4.47156,2.62598,349.939,133.261,0.0,0.0,0.2762,0.10518,0.0,"Cu,Nd",Yes,Cu,clean,Y,Y,Y,DISORDER,N,,,,,,,,,,,,,,,,,,,,,,JIVSIR01_clean,1613.1
j.jssc.2015.08.048_mmc2_clean,5.63684,4.28173,5.63468,1.56134,1712.37,1096.73,0.0,0.0,0.5572,0.356872,0.0,Co,No, ,clean,Y,N,Y,DISORDER,N,,N,,,,,,,,,,,,,,,,,,,,j.jssc.2015.08.048_mmc2_clean,4816.3
j.jssc.2016.06.015_ZJU-10_clean,11.36875,4.57229,11.36875,0.827579,2351.53,2841.46,0.0,0.0,0.6996,0.845357,0.0,Cu,Yes,Cu,clean,Y,N,Y,DISORDER,N,,N,,,,,,,,,,,,,,,,,,,,j.jssc.2016.06.015_ZJU-10_clean,1252.3
JOBFEM_clean,5.21969,4.11862,5.19916,1.69686,1191.56,702.213,0.0,0.0,0.5022,0.295958,0.0,"W,Cu",Yes,"W,Cu",clean,Y,Y,Y,DISORDER,N,,,,,,,,,,,,,,,,,,,,,,JOBFEM_clean,3313.1
JOBFIQ_clean,5.07849,4.37964,5.07849,1.64132,1199.79,730.99,0.0,0.0,0.503,0.30646,0.0,"W,Cu",Yes,"W,Cu",clean,Y,Y,Y,DISORDER,N,,,,,,,,,,,,,,,,,,,,,,JOBFIQ_clean,4855.0
JOHQUT_clean,5.10814,3.94987,5.09674,1.90453,697.67,366.322,0.0,0.0,0.4102,0.215382,0.0,"Sb,Pr",Yes,Sb,clean,Y,Y,Y,DISORDER,N,,,,,,,,,,,,,,,,,,,,,,JOHQUT_clean,1008.3
JOQSIT_clean,5.78583,3.79733,5.78464,1.35269,1551.12,1146.69,0.0,0.0,0.5566,0.411475,0.0,Cu,Yes,Cu,clean,Y,Y,Y,DISORDER,N,,,,,,,,,,,,,,,,,,,,,,JOQSIT_clean,738.1
JOZWOM_clean,22.16597,8.69473,22.16597,0.48225,1899.59,3939.01,0.0,0.0,0.8054,1.67009,0.000414723,"Zn,Zr",Yes,Zn,clean,Y,Y,Y,DISORDER,N,,,,,,,,,,,,,,,,,,,,,,JOZWOM_clean,3827.8
JOZWUS_clean,21.40599,8.60608,20.3343,0.48265,1906.91,3950.91,0.0,0.0,0.8026,1.6629,0.000414379,"Zr,Co",Yes,Co,clean,Y,Y,Y,DISORDER,N,,,,,,,,,,,,,,,,,,,,,,JOZWUS_clean,3871.9
jp302979a_si_002_clean,10.98282,6.54194,10.97083,0.963718,2282.53,2368.46,0.0,0.0,0.7164,0.743371,0.0,Zn,Yes,Zn,clean,Y,N,Y,DISORDER,Y,TUWFIC,Y,30/09/2015,10.1021/jp302979a,"1 SI, 1 Structure",TUWFIC,,,,,,,,,,,,,,,,jp302979a_si_002_clean,2013.6
JUKPAI_clean,7.08241,5.52674,6.9259,3.59589,1474.22,409.973,0.0,0.0,0.4916,0.136711,0.0,"W,Cu,K",Yes,"W,Cu,K",clean,Y,Y,Y,DISORDER,N,,,,,,,,,,,,,,,,,,,,,,JUKPAI_clean,2997.2
JUSGUB_clean,10.14001,9.53522,10.14001,1.35238,706.669,522.536,374.012,276.558,0.5274,0.389979,0.0,Co,No, ,clean,Y,Y,Y,DISORDER,N,,,,,,,,,,,,,,,,,,,,,,JUSGUB_clean,4679.7
JUTCOS_clean,7.04726,4.27705,7.02404,1.31095,1329.11,1013.85,0.0,0.0,0.5362,0.409016,0.0,Cu,Yes,Cu,clean,Y,Y,Y,DISORDER,N,,,,,,,,,,,,,,,,,,,,,,JUTCOS_clean,2314.1
JUYBEM_clean,5.13731,3.85682,5.13731,1.48243,1119.92,755.465,0.0,0.0,0.4988,0.336475,0.0,Cd,No, ,clean,Y,Y,Y,DISORDER,N,,,,,,,,,,,,,,,,,,,,,,JUYBEM_clean,756.8
KACGAZ_clean,9.02802,5.849,9.02802,1.98651,1697.99,854.763,0.0,0.0,0.6242,0.31422,0.0,Zn,Yes,Zn,clean,Y,Y,Y,DISORDER,N,,,,,,,,,,,,,,,,,,,,,,KACGAZ_clean,945.6
KACKIL_clean,8.90649,6.59853,8.90649,1.06181,2105.95,1983.36,0.0,0.0,0.6938,0.653414,0.0,"In,Eu",Yes,Eu,clean,Y,Y,Y,DISORDER,N,,,,,,,,,,,,,,,,,,,,,,KACKIL_clean,780.8
KAHZAW_clean,8.94072,4.22762,8.82545,1.16306,2118.43,1821.42,0.0,0.0,0.6882,0.591713,0.0,Eu,Yes,Eu,clean,Y,Y,Y,DISORDER,N,,,,,,,,,,,,,,,,,,,,,,KAHZAW_clean,326.5
KALFUA_clean,5.64692,4.66493,5.64692,1.02252,1561.82,1527.42,0.0,0.0,0.5924,0.579351,0.0,Ni,No, ,clean,Y,Y,Y,DISORDER,N,,,,,,,,,,,,,,,,,,,,,,KALFUA_clean,2951.3
KAVXAI_clean,9.40882,5.41413,9.40882,1.00634,2107.27,2094.0,0.0,0.0,0.6462,0.642132,0.0,Co,No, ,clean,Y,Y,Y,DISORDER,N,,,,,,,,,,,,,,,,,,,,,,KAVXAI_clean,3265.4
KELJAN_clean,6.72992,4.20356,6.59748,1.50078,1661.97,1107.4,0.0,0.0,0.603,0.401791,0.0,Cu,Yes,Cu,clean,Y,Y,Y,DISORDER,N,,,,,,,,,,,,,,,,,,,,,,KELJAN_clean,11681.2
KEVBIY_clean,5.74361,3.76343,5.74351,1.17993,1562.06,1323.86,6.09913,5.16906,0.5462,0.462908,0.0,Ni,No, ,clean,Y,Y,Y,DISORDER,N,,,,,,,,,,,,,,,,,,,,,,KEVBIY_clean,15752.3
KEVBOE_clean,5.94177,3.85345,5.94177,1.15836,1692.78,1461.35,3.23237,2.79047,0.5546,0.478779,0.0,Ni,No, ,clean,Y,Y,Y,DISORDER,N,,,,,,,,,,,,,,,,,,,,,,KEVBOE_clean,16244.1
KEWJIG_clean,7.66764,4.96521,7.66764,1.12411,2024.36,1800.85,0.0,0.0,0.6074,0.540337,0.0,Cu,Yes,Cu,clean,Y,Y,Y,DISORDER,N,,,,,,,,,,,,,,,,,,,,,,KEWJIG_clean,3116.8
KIFDIM_clean,6.65854,3.7171,6.64815,1.05848,1659.61,1567.91,0.0,0.0,0.5926,0.559858,0.0,Fe,Yes,Fe,clean,Y,Y,Y,DISORDER,N,,,,,,,,,,,,,,,,,,,,,,KIFDIM_clean,898.8
KINMUR_clean,5.20086,4.2137,5.19994,1.27394,2724.76,2138.85,0.0,0.0,0.6356,0.498926,0.0,Cu,No, ,clean,Y,Y,Y,DISORDER,N,,,,,,,,,,,,,,,,,,,,,,KINMUR_clean,2206.1
KINSEH_clean,12.82711,11.45491,12.82711,0.634546,1877.87,2959.39,0.0,0.0,0.7536,1.18762,0.0,Zn,No, ,clean,Y,Y,Y,DISORDER,N,,,,,,,,,,,,,,,,,,,,,,KINSEH_clean,1117.0
KODPUP_clean,5.81016,4.22982,5.78263,1.55928,1439.88,923.424,0.0,0.0,0.5406,0.346698,0.0,Nd,Yes,Nd,clean,Y,Y,Y,DISORDER,N,,,,,,,,,,,,,,,,,,,,,,KODPUP_clean,1305.7
KOGSOQ_clean,6.70555,5.36137,6.69224,1.02667,1476.42,1438.07,0.0,0.0,0.596,0.580519,0.0,Zn,No, ,clean,Y,Y,Y,DISORDER,N,,,,,,,,,,,,,,,,,,,,,,KOGSOQ_clean,2501.6
KOJZOZ_clean,9.94395,7.51619,9.94395,1.17869,2115.26,1794.59,0.0,0.0,0.694,0.58879,0.0,Cu,Yes,Cu,clean,Y,Y,Y,DISORDER,N,,,,,,,,,,,,,,,,,,,,,,KOJZOZ_clean,1127.6
KOMHEB_clean,6.83617,4.31178,6.83617,2.04431,589.974,288.593,3.15896,1.54524,0.4406,0.215525,0.0,"Pr,Cd",Yes,Cd,clean,Y,Y,Y,DISORDER,N,,,,,,,,,,,,,,,,,,,,,,KOMHEB_clean,2254.2
KOMHIF_clean,6.96433,4.30157,6.96433,2.10755,601.281,285.298,0.506718,0.24043,0.4434,0.210386,0.0,"Cd,Nd",Yes,Cd,clean,Y,Y,Y,DISORDER,N,,,,,,,,,,,,,,,,,,,,,,KOMHIF_clean,2367.7
KOMHOL_clean,7.12004,4.41244,7.12004,2.09673,622.975,297.118,3.20164,1.52697,0.448,0.213666,0.0,"Cd,Sm",Yes,Cd,clean,Y,Y,Y,DISORDER,N,,,,,,,,,,,,,,,,,,,,,,KOMHOL_clean,2715.5
KOMHUR_clean,7.07003,4.40954,7.07003,2.12522,623.999,293.616,2.22657,1.04769,0.4448,0.209296,0.0,"Cd,Eu",Yes,Cd,clean,Y,Y,Y,DISORDER,N,,,,,,,,,,,,,,,,,,,,,,KOMHUR_clean,2469.0
KOMJAZ_clean,7.10673,4.38637,7.09455,2.18628,640.766,293.085,6.57689,3.00825,0.4462,0.204091,0.0,"Dy,Cd",Yes,Cd,clean,Y,Y,Y,DISORDER,N,,,,,,,,,,,,,,,,,,,,,,KOMJAZ_clean,2811.1
KOVGOT01_clean,9.14865,6.57962,8.64921,1.30232,2344.83,1800.5,0.233416,0.179231,0.6924,0.531667,0.0,"Mo,Zn",Yes,"Mo,Zn",clean,Y,Y,Y,DISORDER,N,,,,,,,,,,,,,,,,,,,,,,KOVGOT01_clean,1665.6
KOVGOT_clean,9.14342,6.58506,9.14342,1.30232,2351.43,1805.57,0.204239,0.156827,0.6926,0.53182,0.0,"Mo,Zn",Yes,"Mo,Zn",clean,Y,Y,Y,DISORDER,N,,,,,,,,,,,,,,,,,,,,,,KOVGOT_clean,1724.0
KOZNEU_clean,6.23615,4.7768,6.23615,1.17797,1865.2,1583.39,0.0,0.0,0.6078,0.51597,0.0,Zn,Yes,Zn,clean,Y,Y,Y,DISORDER,N,,,,,,,,,,,,,,,,,,,,,,KOZNEU_clean,3222.5
KOZQIB_clean,28.54072,12.23604,28.54072,0.302864,1428.61,4716.99,0.0,0.0,0.8826,2.91418,0.0,Cu,Yes,Cu,clean,Y,Y,Y,DISORDER,N,,,,,,,,,,,,,,,,,,,,,,KOZQIB_clean,329.1
KUGFAU_clean,6.1404,4.28752,6.13565,2.43257,1183.17,486.384,94.0478,38.6618,0.538,0.221165,0.0,"Mo,Mn",Yes,"Mo,Mn",clean,N,Y,Y,DISORDER,N,,,,,,,,,,,,,,,,,,,,,,KUGFAU_clean,731.4
KUHZET_clean,6.3774,3.72092,5.86523,1.59698,666.655,417.448,0.0,0.0,0.4054,0.253854,0.0,Mn,Yes,Mn,clean,Y,Y,Y,DISORDER,N,,,,,,,,,,,,,,,,,,,,,,KUHZET_clean,4595.2
KUKPUD_clean,9.04322,8.10629,9.04322,1.11678,1615.16,1446.26,0.0,0.0,0.65,0.582028,0.0,Cu,Yes,Cu,clean,Y,Y,Y,DISORDER,N,,,,,,,,,,,,,,,,,,,,,,KUKPUD_clean,782.7
KUKQAK_clean,4.64716,3.48929,4.64716,1.79907,353.643,196.57,0.0,0.0,0.3996,0.222114,0.0,Cu,Yes,Cu,clean,Y,Y,Y,DISORDER,N,,,,,,,,,,,,,,,,,,,,,,KUKQAK_clean,2408.9
KULMAG_clean,10.24525,8.92291,10.23663,0.907947,1704.68,1877.51,60.6525,66.8018,0.6662,0.733743,0.0,Zn,Yes,Zn,clean,Y,Y,Y,DISORDER,N,,,,,,,,,,,,,,,,,,,,,,KULMAG_clean,3843.1
KULMIO_clean,10.57198,7.14585,10.53592,0.841409,2400.42,2852.86,0.0,0.0,0.7074,0.840732,0.0,Zn,Yes,Zn,clean,Y,Y,Y,DISORDER,N,,,,,,,,,,,,,,,,,,,,,,KULMIO_clean,3431.2
KUNLAH_clean,8.03251,7.13219,8.01517,1.36208,1523.74,1118.69,0.0,0.0,0.5688,0.417596,0.0,Zn,Yes,Zn,clean,Y,Y,Y,DISORDER,N,,,,,,,,,,,,,,,,,,,,,,KUNLAH_clean,1469.7
KUXSAZ_clean,8.81598,3.44204,8.80847,1.03643,1657.94,1599.66,0.0,0.0,0.6052,0.583926,0.0,Fe,No, ,clean,Y,Y,Y,DISORDER,N,,,,,,,,,,,,,,,,,,,,,,KUXSAZ_clean,1348.2
KUZYUB_clean,17.79121,17.46158,17.79121,1.09527,1160.5,1059.55,0.0,0.0,0.6994,0.638563,0.0,Sm,Yes,Sm,clean,Y,Y,Y,DISORDER,N,,,,,,,,,,,,,,,,,,,,,,KUZYUB_clean,1980.3
LABMOT_clean,9.27177,5.60554,9.27177,1.89573,1610.12,849.338,0.0,0.0,0.6208,0.327473,0.0,Zn,Yes,Zn,clean,Y,Y,Y,DISORDER,N,,,,,,,,,,,,,,,,,,,,,,LABMOT_clean,789.8
LABNEK_clean,8.49814,5.18163,8.49814,2.2975,1653.13,719.534,0.0,0.0,0.6028,0.262372,0.0,Zn,Yes,Zn,clean,Y,Y,Y,DISORDER,N,,,,,,,,,,,,,,,,,,,,,,LABNEK_clean,1257.6
LABNOU_clean,5.45266,4.01713,5.34135,2.76868,411.295,148.553,0.0,0.0,0.398,0.143751,0.0,Zn,No, ,clean,Y,Y,Y,DISORDER,N,,,,,,,,,,,,,,,,,,,,,,LABNOU_clean,1281.4
LABNUA_clean,8.4808,6.77897,8.4808,1.71596,1723.81,1004.58,0.0,0.0,0.6358,0.370522,0.0,Zn,No, ,clean,Y,Y,Y,DISORDER,N,,,,,,,,,,,,,,,,,,,,,,LABNUA_clean,763.3
LABPEM_clean,6.18341,5.05232,6.14574,2.50734,600.583,239.53,0.0,0.0,0.4104,0.163679,0.0,Zn,Yes,Zn,clean,N,Y,Y,DISORDER,N,,,,,,,,,,,,,,,,,,,,,,LABPEM_clean,1434.8
LABQAJ_clean,8.83584,6.63857,8.83584,2.01738,1709.46,847.365,0.0,0.0,0.6386,0.316549,0.0,Zn,Yes,Zn,clean,Y,Y,Y,DISORDER,N,,,,,,,,,,,,,,,,,,,,,,LABQAJ_clean,1053.7
LABQEN_clean,8.21095,6.13308,8.21095,2.19099,1641.41,749.165,0.0,0.0,0.6118,0.279235,0.0,Zn,Yes,Zn,clean,Y,Y,Y,DISORDER,N,,,,,,,,,,,,,,,,,,,,,,LABQEN_clean,1053.2
LACYEW_clean,9.98958,7.17562,9.98958,0.965678,2132.17,2207.96,0.0,0.0,0.6886,0.713074,0.0,"Pr,Na,Zn",Yes,"Pr,Zn",clean,Y,Y,Y,DISORDER,N,,,,,,,,,,,,,,,,,,,,,,LACYEW_clean,1777.1
LACYIA_clean,13.94656,10.8971,13.94656,0.785099,1996.38,2542.84,0.0,0.0,0.6776,0.863076,0.0,"Pr,Na,Zn",Yes,"Na,Zn",clean,Y,Y,Y,DISORDER,N,,,,,,,,,,,,,,,,,,,,,,LACYIA_clean,2289.1
LACYOG_clean,9.45292,5.8367,9.45292,1.00526,2164.69,2153.37,0.0,0.0,0.6652,0.661721,0.0,"In,Na,Zn",Yes,"Na,Zn",clean,Y,Y,Y,DISORDER,N,,,,,,,,,,,,,,,,,,,,,,LACYOG_clean,867.0
LACYUM_clean,8.19722,5.57863,8.19722,1.03476,2021.86,1953.94,156.073,150.83,0.648,0.626232,0.0,"Zn,Fe",Yes,"Zn,Fe",clean,Y,Y,Y,DISORDER,N,,,,,,,,,,,,,,,,,,,,,,LACYUM_clean,3004.2
LACZAT_clean,8.2988,5.7298,8.2988,0.945764,1995.72,2110.17,179.673,189.977,0.662,0.699963,0.0,"Zn,Mn",Yes,Zn,clean,Y,Y,Y,DISORDER,N,,,,,,,,,,,,,,,,,,,,,,LACZAT_clean,2476.9
LACZIB_clean,9.35168,6.74694,9.35021,0.752382,2169.18,2883.09,0.0,0.0,0.6922,0.920012,0.0,"Na,Zn",Yes,Zn,clean,Y,Y,Y,DISORDER,N,,,,,,,,,,,,,,,,,,,,,,LACZIB_clean,409.7
LAGVEX_clean,6.7023,3.90662,6.7023,1.13087,1228.85,1086.65,0.0,0.0,0.5372,0.475032,0.0,Zn,Yes,Zn,clean,Y,Y,Y,DISORDER,N,,,,,,,,,,,,,,,,,,,,,,LAGVEX_clean,599.1
LAGWIB_clean,7.33121,5.00581,7.33121,0.986502,2231.65,2262.19,0.0,0.0,0.6406,0.649365,0.0,Co,Yes,Co,clean,Y,Y,Y,DISORDER,N,,,,,,,,,,,,,,,,,,,,,,LAGWIB_clean,434.8
LAJFAG_clean,5.72543,4.57825,5.71752,1.1981,1513.97,1263.65,0.0,0.0,0.532,0.444037,0.0,Ni,No, ,clean,Y,Y,Y,DISORDER,N,,,,,,,,,,,,,,,,,,,,,,LAJFAG_clean,5024.0
LAPLEW_clean,7.32906,3.64674,6.87705,1.26074,1983.78,1573.5,0.0,0.0,0.6366,0.50494,0.0,In,No, ,clean,Y,Y,Y,DISORDER,N,,,,,,,,,,,,,,,,,,,,,,LAPLEW_clean,7637.9
LAPLOG01_clean,7.44943,3.74948,7.03981,1.25035,2000.55,1600.0,0.0,0.0,0.6388,0.510899,0.0,In,No, ,clean,Y,Y,Y,DISORDER,N,,,,,,,,,,,,,,,,,,,,,,LAPLOG01_clean,7975.4
LAPLOG_clean,6.95574,3.75254,6.53912,1.41299,1633.85,1156.3,0.0,0.0,0.601,0.425338,0.0,In,No, ,clean,Y,Y,Y,DISORDER,N,,,,,,,,,,,,,,,,,,,,,,LAPLOG_clean,8211.2
LAPLUM_clean,6.92248,3.65357,6.92248,1.44322,1503.9,1042.05,0.0,0.0,0.5774,0.400079,0.0,In,No, ,clean,Y,Y,Y,DISORDER,N,,,,,,,,,,,,,,,,,,,,,,LAPLUM_clean,9896.6
LAPMAT_clean,7.1242,3.80638,6.31233,1.40893,1522.33,1080.48,0.0,0.0,0.5876,0.417054,0.0,In,No, ,clean,Y,Y,Y,DISORDER,N,,,,,,,,,,,,,,,,,,,,,,LAPMAT_clean,8304.5
LAPMIB_clean,7.00601,3.67488,7.00601,1.42644,1562.69,1095.51,0.0,0.0,0.5924,0.415299,0.0,In,No, ,clean,Y,Y,Y,DISORDER,N,,,,,,,,,,,,,,,,,,,,,,LAPMIB_clean,6743.8
LAPMUN_clean,7.12401,3.80792,7.04881,1.44498,1729.19,1196.69,0.0,0.0,0.5812,0.402221,0.0,In,No, ,clean,Y,Y,Y,DISORDER,N,,,,,,,,,,,,,,,,,,,,,,LAPMUN_clean,9418.0
LAPNAU_clean,7.18872,3.80895,6.97376,1.3878,1614.28,1163.19,0.0,0.0,0.602,0.433779,0.0,In,No, ,clean,Y,Y,Y,DISORDER,N,,,,,,,,,,,,,,,,,,,,,,LAPNAU_clean,6824.6
LAPNEY_clean,7.2741,3.8731,7.2741,1.37079,1625.75,1186.0,0.0,0.0,0.5792,0.42253,0.0,In,No, ,clean,Y,Y,Y,DISORDER,N,,,,,,,,,,,,,,,,,,,,,,LAPNEY_clean,6535.8
LAPNIC_clean,8.19793,4.3252,8.19793,1.23419,1927.14,1561.46,0.0,0.0,0.617,0.499922,0.0,In,No, ,clean,Y,Y,Y,DISORDER,N,,,,,,,,,,,,,,,,,,,,,,LAPNIC_clean,7766.4
LAPNOI_clean,7.4836,3.84372,6.34071,1.27296,1775.14,1394.5,0.0,0.0,0.6208,0.487683,0.0,In,No, ,clean,Y,Y,Y,DISORDER,N,,,,,,,,,,,,,,,,,,,,,,LAPNOI_clean,6987.5
LAPNUO_clean,7.53441,3.97302,7.25213,1.27166,1671.62,1314.52,0.0,0.0,0.5848,0.459871,0.0,In,No, ,clean,Y,Y,Y,DISORDER,N,,,,,,,,,,,,,,,,,,,,,,LAPNUO_clean,7691.9
LAPZEK_clean,15.51079,7.93845,15.33563,0.599908,2098.95,3498.78,0.0,0.0,0.7678,1.27986,0.0,Cu,Yes,Cu,clean,Y,Y,Y,DISORDER,N,,,,,,,,,,,,,,,,,,,,,,LAPZEK_clean,1935.0
LAQNOJ_clean,14.29494,6.44811,14.29494,0.699724,2201.6,3146.38,0.0,0.0,0.7396,1.05699,0.0,Cu,Yes,Cu,clean,Y,Y,Y,DISORDER,N,,,,,,,,,,,,,,,,,,,,,,LAQNOJ_clean,1847.9
LAQNUP_clean,15.26013,7.80017,15.22984,0.646935,2142.31,3311.48,0.0,0.0,0.755,1.16704,0.0,Cu,Yes,Cu,clean,Y,Y,Y,DISORDER,N,,,,,,,,,,,,,,,,,,,,,,LAQNUP_clean,1946.6
LATBUG_clean,17.59724,12.77954,17.59724,0.373345,1754.11,4698.37,0.0,0.0,0.8458,2.26547,0.0,Fe,Yes,Fe,clean,Y,Y,Y,DISORDER,N,,,,,,,,,,,,,,,,,,,,,,LATBUG_clean,864.4
LATCAN_clean,17.46459,13.36465,17.46459,0.380351,1759.4,4625.73,0.0,0.0,0.8424,2.21479,0.0,Cr,Yes,Cr,clean,Y,Y,Y,DISORDER,N,,,,,,,,,,,,,,,,,,,,,,LATCAN_clean,832.5
LATCIS_clean,6.18491,5.22174,6.13,1.03702,2650.66,2556.04,0.0,0.0,0.747,0.720336,0.0,Cd,Yes,Cd,clean,Y,Y,Y,DISORDER,N,,,,,,,,,,,,,,,,,,,,,,LATCIS_clean,165.6
LAVMAY_clean,4.2695,3.50942,4.2695,1.8291,885.681,484.216,0.0,0.0,0.4954,0.270843,0.0,Zn,Yes,Zn,clean,Y,Y,Y,DISORDER,N,,,,,,,,,,,,,,,,,,,,,,LAVMAY_clean,1022.1
LAWGOI_clean,6.79778,4.16971,6.53453,1.58223,946.888,598.451,0.0,0.0,0.4988,0.315251,0.0,"Zn,Er",Yes,"Zn,Er",clean,N,Y,Y,DISORDER,N,,,,,,,,,,,,,,,,,,,,,,LAWGOI_clean,597.7
LAWGUO_clean,7.18198,3.98931,7.17216,1.75912,848.078,482.104,0.0,0.0,0.4794,0.272523,0.0,"Zn,Tm",Yes,"Zn,Tm",clean,N,Y,Y,DISORDER,N,,,,,,,,,,,,,,,,,,,,,,LAWGUO_clean,771.7
LAWHEZ01_clean,7.31724,4.08974,7.31724,1.65797,902.036,544.061,0.0,0.0,0.4878,0.294215,0.0,"Zn,Eu",Yes,"Zn,Eu",clean,Y,Y,Y,DISORDER,N,,,,,,,,,,,,,,,,,,,,,,LAWHEZ01_clean,663.9
LAWHEZ_clean,7.31422,4.06957,7.31422,1.65797,900.714,543.263,0.0,0.0,0.4874,0.293974,0.0,"Zn,Eu",Yes,"Zn,Eu",clean,Y,Y,Y,DISORDER,N,,,,,,,,,,,,,,,,,,,,,,LAWHEZ_clean,675.1
LAWHID_clean,7.12473,3.80895,6.25716,1.71371,841.749,491.186,0.0,0.0,0.4802,0.280211,0.0,"Tb,Zn",Yes,"Tb,Zn",clean,N,Y,Y,DISORDER,N,,,,,,,,,,,,,,,,,,,,,,LAWHID_clean,624.6
LAXCUK_clean,8.14792,4.96145,8.14665,0.864341,1801.28,2083.99,0.0118168,0.0136714,0.6332,0.732581,0.0,"Cu,Zn",Yes,Cu,clean,Y,Y,Y,DISORDER,N,,,,,,,,,,,,,,,,,,,,,,LAXCUK_clean,861.7
LEJCEK_clean,17.20124,11.68232,17.20124,0.334035,1916.36,5737.0,0.0,0.0,0.8616,2.57937,0.0,Zn,No, ,clean,Y,Y,Y,DISORDER,N,,,,,,,,,,,,,,,,,,,,,,LEJCEK_clean,224.2
LEJZOQ_clean,5.95247,4.56093,5.95247,1.11072,926.808,834.423,0.0,0.0,0.484,0.435754,0.0,Co,Yes,Co,clean,Y,Y,Y,DISORDER,N,,,,,,,,,,,,,,,,,,,,,,LEJZOQ_clean,2232.7
LELDOX_clean,18.13342,6.69424,12.87691,0.621417,2220.07,3572.59,0.0,0.0,0.7588,1.22108,0.0,Cu,Yes,Cu,clean,Y,Y,Y,DISORDER,N,,,,,,,,,,,,,,,,,,,,,,LELDOX_clean,6754.6
LENGES_clean,4.73185,4.27793,4.71422,2.22846,630.792,283.061,0.0,0.0,0.3702,0.166123,0.0,Cd,Yes,Cd,clean,Y,Y,Y,DISORDER,N,,,,,,,,,,,,,,,,,,,,,,LENGES_clean,2970.7
LEQBUG_clean,14.22812,6.68064,13.72074,0.73218,2183.07,2981.61,0.0,0.0,0.7302,0.997295,0.0,Zn,Yes,Zn,clean,Y,Y,Y,DISORDER,N,,,,,,,,,,,,,,,,,,,,,,LEQBUG_clean,1872.5
LEQCAN_clean,13.67194,6.45338,13.67194,0.778071,2218.0,2850.64,0.0,0.0,0.719,0.92408,0.0,Cu,Yes,Cu,clean,Y,Y,Y,DISORDER,N,,,,,,,,,,,,,,,,,,,,,,LEQCAN_clean,1676.5
LETREJ_clean,35.31492,34.29677,35.31423,0.67811,1025.72,1512.62,0.0,0.0,0.85,1.25348,0.0,"Zn,Ga",Yes,"Zn,Ga",clean,Y,Y,Y,DISORDER,N,,,,,,,,,,,,,,,,,,,,,,LETREJ_clean,6331.9
LEWZET_clean,5.98081,4.39548,5.97981,1.17803,1312.3,1113.97,0.0,0.0,0.5222,0.443281,0.0,Fe,No, ,clean,Y,Y,Y,DISORDER,N,,,,,,,,,,,,,,,,,,,,,,LEWZET_clean,631.7
LEZJOQ_clean,6.98318,4.55304,6.95995,1.61528,389.786,241.312,156.551,96.9186,0.4644,0.287504,0.0,Cu,No, ,clean,Y,Y,Y,DISORDER,N,,,,,,,,,,,,,,,,,,,,,,LEZJOQ_clean,696.9
LIDSAU_clean,5.52729,4.59222,5.52557,1.12251,2012.74,1793.07,0.0,0.0,0.5812,0.517767,0.0,"Ni,Co",Yes,"Ni,Co",clean,Y,Y,Y,DISORDER,N,,,,,,,,,,,,,,,,,,,,,,LIDSAU_clean,1772.5
LIDSEY01_clean,5.12889,4.12015,5.11957,1.23861,1870.37,1510.06,0.0,0.0,0.573,0.462617,0.0,Ni,Yes,Ni,clean,Y,Y,Y,DISORDER,N,,,,,,,,,,,,,,,,,,,,,,LIDSEY01_clean,4842.9
LIDSEY_clean,5.38035,4.73063,5.37764,1.08774,2028.26,1864.66,0.0,0.0,0.5984,0.550133,0.0,Ni,Yes,Ni,clean,Y,Y,Y,DISORDER,N,,,,,,,,,,,,,,,,,,,,,,LIDSEY_clean,1753.7
LIDSIC_clean,5.88988,4.79787,5.74819,0.995436,2128.35,2138.11,0.0,0.0,0.6234,0.626258,0.0,Co,Yes,Co,clean,Y,Y,Y,DISORDER,N,,,,,,,,,,,,,,,,,,,,,,LIDSIC_clean,2879.7
LIHKAQ_clean,4.20661,3.40597,4.15918,2.43906,861.502,353.21,0.0,0.0,0.4506,0.184743,0.0,In,No, ,clean,Y,Y,Y,DISORDER,N,,,,,,,,,,,,,,,,,,,,,,LIHKAQ_clean,3444.0
LIQTUC_clean,7.1903,6.51436,7.1903,1.03237,1471.99,1425.83,0.0808771,0.0783409,0.5754,0.557356,0.0,Ag,Yes,Ag,clean,Y,Y,Y,DISORDER,N,,,,,,,,,,,,,,,,,,,,,,LIQTUC_clean,2512.6
LIRTUC_clean,5.83831,3.6143,5.8313,1.27726,1032.08,808.039,0.0,0.0,0.5346,0.418551,0.0,Cd,No, ,clean,Y,Y,Y,DISORDER,N,,,,,,,,,,,,,,,,,,,,,,LIRTUC_clean,2145.9
LIXXEW_clean,5.51875,3.92568,5.51875,1.59427,997.327,625.569,0.0,0.0,0.497,0.311741,0.0,Gd,No, ,clean,N,Y,Y,DISORDER,N,,,,,,,,,,,,,,,,,,,,,,LIXXEW_clean,1580.7
LOCRUR_clean,5.043,4.16027,5.043,1.07174,1871.72,1746.44,0.0,0.0,0.587,0.547708,0.0,In,No, ,clean,Y,Y,Y,DISORDER,N,,,,,,,,,,,,,,,,,,,,,,LOCRUR_clean,703.1
LODCUC_clean,6.14463,4.24576,6.14463,1.44314,692.68,479.982,0.0,0.0,0.4588,0.317919,0.0,Fe,Yes,Fe,clean,Y,Y,Y,DISORDER,N,,,,,,,,,,,,,,,,,,,,,,LODCUC_clean,816.7
LODTAB_clean,4.98387,4.62619,4.98387,1.23288,2036.05,1651.46,0.0,0.0,0.5874,0.476445,0.0,Cd,No, ,clean,Y,Y,Y,DISORDER,N,,,,,,,,,,,,,,,,,,,,,,LODTAB_clean,992.1
LOFJAT_clean,11.75384,5.77917,10.9055,0.7403,2339.25,3159.86,0.0,0.0,0.728,0.983385,0.0,Cu,Yes,Cu,clean,Y,Y,Y,DISORDER,N,,,,,,,,,,,,,,,,,,,,,,LOFJAT_clean,978.7
LORNEL_clean,6.96325,5.60613,6.9631,1.05672,2615.87,2475.46,0.0,0.0,0.7412,0.701416,0.0,Cd,No, ,clean,Y,Y,Y,DISORDER,N,,,,,,,,,,,,,,,,,,,,,,LORNEL_clean,302.3
LOSYAV_clean,4.55984,3.67657,4.54982,1.22852,1180.85,961.195,0.0,0.0,0.5162,0.42018,0.0,Mg,Yes,Mg,clean,N,Y,Y,DISORDER,N,,,,,,,,,,,,,,,,,,,,,,LOSYAV_clean,1120.9
LOXVUR_clean,4.57014,3.4563,4.57014,1.84158,481.399,261.405,0.0,0.0,0.3796,0.206127,0.0,Cu,No, ,clean,Y,Y,Y,DISORDER,N,,,,,,,,,,,,,,,,,,,,,,LOXVUR_clean,2615.5
LOZSOK_clean,4.88564,3.63855,4.86025,1.66521,574.268,344.863,0.0,0.0,0.4628,0.277923,0.0,Eu,Yes,Eu,clean,N,Y,Y,DISORDER,N,,,,,,,,,,,,,,,,,,,,,,LOZSOK_clean,2058.8
LOZSUQ_clean,4.85969,3.60906,4.8342,1.70782,552.609,323.577,0.0,0.0,0.459,0.268764,0.0,Tb,Yes,Tb,clean,N,Y,Y,DISORDER,N,,,,,,,,,,,,,,,,,,,,,,LOZSUQ_clean,1954.8
LUDKIG_clean,6.18711,4.06983,6.18711,1.75823,292.603,166.419,0.0,0.0,0.3538,0.201225,0.0,Cu,No, ,clean,Y,Y,Y,DISORDER,N,,,,,,,,,,,,,,,,,,,,,,LUDKIG_clean,718.6
LUDTUZ_clean,9.25303,6.21337,9.25303,1.86951,1728.91,924.79,0.0,0.0,0.6404,0.342549,0.0,Zn,Yes,Zn,clean,Y,Y,Y,DISORDER,N,,,,,,,,,,,,,,,,,,,,,,LUDTUZ_clean,931.4
LUDVAH_clean,5.76222,3.92954,5.75675,1.87163,1115.45,595.979,0.0,0.0,0.5392,0.288092,0.0,Zn,Yes,Zn,clean,Y,Y,Y,DISORDER,N,,,,,,,,,,,,,,,,,,,,,,LUDVAH_clean,1378.7
LUDVEL_clean,9.0257,6.44197,9.0257,1.37573,1743.29,1267.17,0.0,0.0,0.6582,0.478437,0.0,Zn,No, ,clean,Y,Y,Y,DISORDER,N,,,,,,,,,,,,,,,,,,,,,,LUDVEL_clean,573.8
LUDVOV_clean,8.59426,6.17353,8.59426,1.40472,1743.92,1241.48,0.0,0.0,0.6538,0.465432,0.0,Zn,No, ,clean,Y,Y,Y,DISORDER,N,,,,,,,,,,,,,,,,,,,,,,LUDVOV_clean,574.5
LUKLIN_clean,20.05813,9.81608,20.05813,0.466068,1922.41,4124.74,0.0,0.0,0.817,1.75296,0.0,Cu,Yes,Cu,clean,Y,Y,Y,DISORDER,N,,,,,,,,,,,,,,,,,,,,,,LUKLIN_clean,2043.2
LURRIA_clean,22.37295,9.74126,15.85817,0.406542,1874.4,4610.6,0.0,0.0,0.8348,2.05341,0.0,Cu,Yes,Cu,clean,Y,Y,Y,DISORDER,N,,,,,,,,,,,,,,,,,,,,,,LURRIA_clean,408.8
LURRUM_clean,8.4742,7.38349,8.24096,1.53799,1630.49,1060.14,0.0,0.0,0.5978,0.388689,0.0,In,No, ,clean,Y,Y,Y,DISORDER,N,,,,,,,,,,,,,,,,,,,,,,LURRUM_clean,3349.1
LUSQOH_clean,6.74081,4.49063,6.72805,0.825462,1826.57,2212.78,1.64716,1.99544,0.6168,0.747218,0.0,Cu,Yes,Cu,clean,Y,Y,Y,DISORDER,N,,,,,,,,,,,,,,,,,,,,,,LUSQOH_clean,10224.8
LUTZEH_clean,27.97153,12.56634,27.97011,0.560816,1424.55,2540.14,0.0,0.0,0.8216,1.46501,0.0,Cu,Yes,Cu,clean,Y,Y,Y,DISORDER,N,,,,,,,,,,,,,,,,,,,,,,LUTZEH_clean,5814.5
LUWMUN_clean,10.57457,7.88389,10.57457,0.724012,2075.47,2866.63,0.0,0.0,0.7454,1.02954,0.0,Sm,Yes,Sm,clean,Y,Y,Y,DISORDER,N,,,,,,,,,,,,,,,,,,,,,,LUWMUN_clean,665.3
LUWNAU_clean,10.46973,7.87545,10.46973,0.738468,2086.61,2825.59,0.0,0.0,0.7458,1.00993,0.0,Gd,Yes,Gd,clean,Y,Y,Y,DISORDER,N,,,,,,,,,,,,,,,,,,,,,,LUWNAU_clean,659.1
LUYBIS_clean,8.64392,7.56813,8.64392,1.32804,1594.81,1200.87,0.0,0.0,0.5826,0.438691,0.0,Eu,Yes,Eu,clean,Y,Y,Y,DISORDER,N,,,,,,,,,,,,,,,,,,,,,,LUYBIS_clean,2506.3
MAFFUW_clean,12.43799,9.17375,12.24576,0.861708,2209.58,2564.19,0.0,0.0,0.7434,0.862706,0.0,Cu,Yes,Cu,clean,Y,Y,Y,DISORDER,N,,,,,,,,,,,,,,,,,,,,,,MAFFUW_clean,5023.9
MAJJUF_clean,9.38886,6.3118,6.70875,0.66218,2520.92,3807.0,0.0,0.0,0.7062,1.06648,0.0,Cu,Yes,Cu,clean,Y,Y,Y,DISORDER,N,,,,,,,,,,,,,,,,,,,,,,MAJJUF_clean,319.5
MAJKAM_clean,6.55321,5.18508,6.53172,1.09153,1978.37,1812.47,0.0,0.0,0.6024,0.551884,0.0,Zn,Yes,Zn,clean,N,Y,Y,DISORDER,N,,,,,,,,,,,,,,,,,,,,,,MAJKAM_clean,5485.8
MAQMEZ_clean,6.07852,4.93483,6.07852,1.10025,1440.15,1308.92,0.0,0.0,0.5372,0.488252,0.0,Zn,Yes,Zn,clean,Y,Y,Y,DISORDER,N,,,,,,,,,,,,,,,,,,,,,,MAQMEZ_clean,2072.9
MAVRAE_clean,14.86498,11.27751,14.86293,0.610418,2066.56,3385.48,11.8472,19.4083,0.781,1.27945,0.0,Cu,Yes,Cu,clean,Y,Y,Y,DISORDER,N,,,,,,,,,,,,,,,,,,,,,,MAVRAE_clean,1270.3
MAXHUP_clean,5.13022,4.79202,5.13022,2.58707,825.121,318.94,0.0,0.0,0.427,0.165051,0.0,Ag,Yes,Ag,clean,Y,Y,Y,DISORDER,N,,,,,,,,,,,,,,,,,,,,,,MAXHUP_clean,309.9
MAZSOX_clean,5.55494,4.03435,5.33658,1.3131,1791.89,1364.62,0.0,0.0,0.6002,0.457085,0.0,Zn,Yes,Zn,clean,Y,Y,Y,DISORDER,N,,,,,,,,,,,,,,,,,,,,,,MAZSOX_clean,1055.3
MIMSIM_clean,10.75813,9.26028,10.75813,1.01792,1232.26,1210.56,0.0,0.0,0.595,0.584524,0.0,Zn,Yes,Zn,clean,Y,Y,Y,DISORDER,N,,,,,,,,,,,,,,,,,,,,,,MIMSIM_clean,1746.9
MINCET_clean,9.524,7.71671,9.524,0.905671,2095.17,2313.39,0.0,0.0,0.6848,0.756124,0.0,Tb,Yes,Tb,clean,Y,Y,Y,DISORDER,N,,,,,,,,,,,,,,,,,,,,,,MINCET_clean,3874.7
MIPHEA_clean,12.05615,8.64769,12.04135,0.749529,1624.67,2167.58,0.0,0.0,0.6532,0.871481,0.0,Mn,Yes,Mn,clean,Y,Y,Y,DISORDER,N,,,,,,,,,,,,,,,,,,,,,,MIPHEA_clean,10287.1
MIXYOJ_clean,5.78476,3.86695,5.76242,1.14948,1864.26,1621.82,0.0,0.0,0.5666,0.492918,0.0,Ni,No, ,clean,Y,Y,Y,DISORDER,N,,,,,,,,,,,,,,,,,,,,,,MIXYOJ_clean,2755.3
MIZKAI_clean,5.91069,4.25348,5.90509,1.31925,1786.7,1354.33,0.0,0.0,0.5938,0.450103,0.0,Cd,No, ,clean,Y,Y,Y,DISORDER,N,,,,,,,,,,,,,,,,,,,,,,MIZKAI_clean,2423.0
MIZPUI_clean,11.48015,5.54799,11.48015,0.751265,2238.05,2979.04,0.0,0.0,0.6966,0.927235,0.0,Cu,Yes,Cu,clean,Y,Y,Y,DISORDER,N,,,,,,,,,,,,,,,,,,,,,,MIZPUI_clean,568.3
MOKVOZ_clean,13.24903,6.01162,13.24903,0.724616,2572.52,3550.19,0.0,0.0,0.738,1.01847,0.0,Cu,Yes,Cu,clean,Y,Y,Y,DISORDER,N,,,,,,,,,,,,,,,,,,,,,,MOKVOZ_clean,2333.1
MOXBOS_clean,8.77455,8.32709,8.77455,1.39055,1211.67,871.361,0.0,0.0,0.542,0.389775,0.0,Cu,Yes,Cu,clean,Y,Y,Y,DISORDER,N,,,,,,,,,,,,,,,,,,,,,,MOXBOS_clean,898.6
MOXPAR_clean,4.2596,3.69956,3.91407,1.28668,325.715,253.143,152.721,118.694,0.493,0.383155,0.0,Cu,Yes,Cu,clean,Y,Y,Y,DISORDER,N,,,,,,,,,,,,,,,,,,,,,,MOXPAR_clean,7082.5
MOYMUJ_clean,7.15328,5.11485,7.15328,1.11361,1124.53,1009.81,0.0,0.0,0.5304,0.476289,0.0,Co,Yes,Co,clean,Y,Y,Y,DISORDER,N,,,,,,,,,,,,,,,,,,,,,,MOYMUJ_clean,3394.7
MOYTUR_clean,9.16292,7.2723,9.16292,1.43509,1044.0,727.482,0.0,0.0,0.5076,0.353707,0.0,Zn,Yes,Zn,clean,Y,Y,Y,DISORDER,N,,,,,,,,,,,,,,,,,,,,,,MOYTUR_clean,4030.4
MOYZIK_clean,11.27166,9.72629,11.27166,0.630203,2036.29,3231.16,0.0,0.0,0.7776,1.23389,0.0,"Zn,V",Yes,V,clean,Y,Y,Y,DISORDER,N,,,,,,,,,,,,,,,,,,,,,,MOYZIK_clean,483.8
MUFZIY_clean,5.11633,4.22096,4.9793,1.2975,1374.55,1059.38,0.0,0.0,0.5374,0.414181,0.0,Cd,Yes,Cd,clean,N,Y,Y,DISORDER,N,,,,,,,,,,,,,,,,,,,,,,MUFZIY_clean,2218.4
MUGXIX_clean,6.18311,3.84627,6.03204,1.11722,1799.74,1610.9,0.0,0.0,0.5848,0.523441,0.0,Tb,Yes,Tb,clean,Y,Y,Y,DISORDER,N,,,,,,,,,,,,,,,,,,,,,,MUGXIX_clean,3216.3
MUKQUG_clean,11.37507,4.46993,11.2947,0.820023,2214.4,2700.41,0.0,0.0,0.683,0.832903,0.0,Cu,Yes,Cu,clean,Y,Y,Y,DISORDER,N,,,,,,,,,,,,,,,,,,,,,,MUKQUG_clean,1821.9
MUKRAN_clean,10.80355,3.74031,10.80323,0.902018,2107.1,2335.99,0.0,0.0,0.6572,0.728588,0.0,Cu,Yes,Cu,clean,Y,Y,Y,DISORDER,N,,,,,,,,,,,,,,,,,,,,,,MUKRAN_clean,1887.1
MULXUO_clean,5.63973,4.20214,5.63973,1.33333,1496.0,1122.0,0.0,0.0,0.5418,0.40635,0.0,Cd,Yes,Cd,clean,Y,Y,Y,DISORDER,N,,,,,,,,,,,,,,,,,,,,,,MULXUO_clean,1685.8
MUTCEL_clean,5.85951,3.93163,5.85747,0.998165,1648.55,1651.58,0.0,0.0,0.5924,0.593489,0.0,Co,Yes,Co,clean,Y,Y,Y,DISORDER,N,,,,,,,,,,,,,,,,,,,,,,MUTCEL_clean,1512.3
MUVJAP_clean,5.84101,5.24434,5.82161,1.88151,1162.86,618.045,0.0,0.0,0.4892,0.260004,0.0,"Mn,Re",Yes,Mn,clean,N,Y,Y,DISORDER,N,,,,,,,,,,,,,,,,,,,,,,MUVJAP_clean,1607.9
MUWRON_clean,11.14697,5.73571,11.14697,0.774274,2356.29,3043.22,0.0,0.0,0.7288,0.941268,0.0,Cu,Yes,Cu,clean,Y,Y,Y,DISORDER,N,,,,,,,,,,,,,,,,,,,,,,MUWRON_clean,1295.0
MUZKEZ_clean,17.52243,13.2696,17.52243,0.353615,1734.78,4905.83,0.0,0.0,0.8448,2.38904,0.0,Al,Yes,Al,clean,Y,Y,Y,DISORDER,N,,,,,,,,,,,,,,,,,,,,,,MUZKEZ_clean,949.0
NAHHOW_clean,11.20913,5.76802,11.20913,0.762768,2433.01,3189.71,0.0,0.0,0.7328,0.960711,0.0,Cu,Yes,Cu,clean,Y,Y,Y,DISORDER,N,,,,,,,,,,,,,,,,,,,,,,NAHHOW_clean,1333.0
NANPUN_clean,6.54289,4.24913,6.41069,1.18041,2725.22,2308.7,0.0,0.0,0.7086,0.600298,0.0,Cd,Yes,Cd,clean,Y,Y,Y,DISORDER,N,,,,,,,,,,,,,,,,,,,,,,NANPUN_clean,156.0
NATXOW_clean,6.27753,3.98136,5.70385,2.37062,1034.62,436.436,0.0,0.0,0.5084,0.214459,0.0,Ag,Yes,Ag,clean,N,Y,Y,DISORDER,N,,,,,,,,,,,,,,,,,,,,,,NATXOW_clean,743.5
NAYHAY_clean,9.43032,7.54222,9.43032,1.04574,1938.97,1854.15,0.0,0.0,0.6636,0.634572,0.0,Cu,Yes,Cu,clean,Y,Y,Y,DISORDER,N,,,,,,,,,,,,,,,,,,,,,,NAYHAY_clean,1367.8
NEBYOK_clean,5.47437,4.15922,5.45635,1.58777,611.158,384.916,0.0,0.0,0.467,0.294124,0.0,Tb,Yes,Tb,clean,N,Y,Y,DISORDER,N,,,,,,,,,,,,,,,,,,,,,,NEBYOK_clean,1259.0
NEDLOZ_clean,5.19157,3.5955,4.37454,1.44817,1020.62,704.764,0.0,0.0,0.4738,0.327171,0.0,In,No, ,clean,Y,Y,Y,DISORDER,N,,,,,,,,,,,,,,,,,,,,,,NEDLOZ_clean,1835.2
NENHEU_clean,9.96925,9.18698,9.96925,1.10683,1750.22,1581.3,0.0,0.0,0.6956,0.628464,0.0,Zn,Yes,Zn,clean,Y,Y,Y,DISORDER,N,,,,,,,,,,,,,,,,,,,,,,NENHEU_clean,7444.4
NIKHAS_clean,5.15286,4.051,5.1389,1.29378,835.081,645.456,0.0,0.0,0.4744,0.366676,0.0,Zn,No, ,clean,Y,Y,Y,DISORDER,N,,,,,,,,,,,,,,,,,,,,,,NIKHAS_clean,1098.4
NIMQAC_clean,4.88726,4.1244,4.87966,1.793,775.011,432.243,0.0,0.0,0.4462,0.248857,0.0,Cu,Yes,Cu,clean,Y,Y,Y,DISORDER,N,,,,,,,,,,,,,,,,,,,,,,NIMQAC_clean,2012.5
NIRFIE_clean,4.91681,4.19541,4.74683,1.50398,326.541,217.118,372.303,247.545,0.4758,0.316361,0.0,"Zn,Co",Yes,Zn,clean,Y,Y,Y,DISORDER,N,,,,,,,,,,,,,,,,,,,,,,NIRFIE_clean,1254.4
NIXFUX_clean,5.80422,4.41238,5.80422,1.31112,1183.0,902.282,0.0,0.0,0.4944,0.377082,0.0,Cd,No, ,clean,Y,Y,Y,DISORDER,N,,,,,,,,,,,,,,,,,,,,,,NIXFUX_clean,3456.8
NIXGIM_clean,5.89002,4.11735,5.89002,1.13414,748.182,659.694,115.507,101.845,0.4764,0.420056,0.0,Cd,No, ,clean,Y,Y,Y,DISORDER,N,,,,,,,,,,,,,,,,,,,,,,NIXGIM_clean,2199.9
NIXKIQ_clean,10.7322,9.85354,10.72549,0.912018,1850.3,2028.8,0.0,0.0,0.6804,0.746038,0.0,Zn,Yes,Zn,clean,Y,Y,Y,DISORDER,N,,,,,,,,,,,,,,,,,,,,,,NIXKIQ_clean,6159.3
NODKEX_clean,5.07245,4.30959,5.07245,1.09741,1894.95,1726.75,0.0,0.0,0.5778,0.526513,0.0,In,No, ,clean,Y,Y,Y,DISORDER,N,,,,,,,,,,,,,,,,,,,,,,NODKEX_clean,880.9
NODKIB_clean,5.63153,3.9554,5.61978,1.17451,1015.77,864.844,0.0,0.0,0.5246,0.446654,0.0,In,No, ,clean,Y,Y,Y,DISORDER,N,,,,,,,,,,,,,,,,,,,,,,NODKIB_clean,2556.8
NOFRIK_clean,4.43188,3.71354,4.43188,2.7873,333.157,119.527,0.0,0.0,0.2724,0.0977288,0.0,"Cu,Tb",Yes,Cu,clean,Y,Y,Y,DISORDER,N,,,,,,,,,,,,,,,,,,,,,,NOFRIK_clean,2354.0
NOHQEI_clean,10.43188,7.39379,10.43163,0.730087,2047.09,2803.9,0.0,0.0,0.7394,1.01276,0.0,In,No, ,clean,Y,Y,Y,DISORDER,N,,,,,,,,,,,,,,,,,,,,,,NOHQEI_clean,9166.0
NOMPOW_clean,10.08543,5.68643,10.01287,0.89499,1881.89,2102.69,0.0,0.0,0.632,0.706153,0.0,Co,Yes,Co,clean,Y,Y,Y,DISORDER,N,,,,,,,,,,,,,,,,,,,,,,NOMPOW_clean,1600.6
NORPIV_clean,6.29764,3.5453,6.29184,1.24357,1408.14,1132.34,0.0,0.0,0.575,0.46238,0.0,Zn,Yes,Zn,clean,Y,Y,Y,DISORDER,N,,,,,,,,,,,,,,,,,,,,,,NORPIV_clean,8182.6
NUCPIM_clean,6.80799,4.4618,6.75728,1.08855,2111.95,1940.16,0.0,0.0,0.652,0.598964,0.0,Zn,Yes,Zn,clean,Y,Y,Y,DISORDER,N,,,,,,,,,,,,,,,,,,,,,,NUCPIM_clean,1159.8
NUDLAB_clean,6.59183,6.26977,6.57302,1.22444,1079.67,881.768,0.0,0.0,0.531,0.433667,0.0,"Zn,Fe",Yes,Zn,clean,Y,Y,Y,DISORDER,N,,,,,,,,,,,,,,,,,,,,,,NUDLAB_clean,826.2
NUDLEF_clean,8.75721,7.78778,8.74627,1.19678,1224.87,1023.47,99.9871,83.5467,0.567,0.473771,0.0,"Cd,Fe",Yes,"Cd,Fe",clean,Y,Y,Y,DISORDER,N,,,,,,,,,,,,,,,,,,,,,,NUDLEF_clean,1528.3
NUMPAO_clean,7.21762,6.75917,7.21266,0.764555,2351.84,3076.09,0.0,0.0,0.7014,0.917396,0.0,Zn,Yes,Zn,clean,Y,Y,Y,DISORDER,N,,,,,,,,,,,,,,,,,,,,,,NUMPAO_clean,481.4
NUNZUT_clean,6.7597,5.63419,6.7597,1.12121,1275.46,1137.57,0.0,0.0,0.5448,0.485904,0.0,Cu,No, ,clean,Y,Y,Y,DISORDER,N,,,,,,,,,,,,,,,,,,,,,,NUNZUT_clean,1466.1
NUSXEG_clean,23.63664,14.31993,19.5758,0.701228,1663.19,2371.82,0.0,0.0,0.827,1.17936,0.0,"Zr,Fe",Yes,"Zr,Fe",clean,Y,Y,Y,DISORDER,N,,,,,,,,,,,,,,,,,,,,,,NUSXEG_clean,1798.7
NUVXUZ_clean,23.89274,9.6738,23.89274,0.500285,1776.43,3550.84,0.0,0.0,0.8514,1.70183,0.0,Cu,Yes,Cu,clean,Y,Y,Y,DISORDER,N,,,,,,,,,,,,,,,,,,,,,,NUVXUZ_clean,1545.6
NUZCIV_clean,7.57732,5.39606,7.57711,1.85198,785.332,424.05,0.0,0.0,0.38,0.205186,0.0,Co,No, ,clean,Y,Y,Y,DISORDER,N,,,,,,,,,,,,,,,,,,,,,,NUZCIV_clean,3976.0
OBUBIW_clean,8.40991,7.43675,8.40991,1.51932,1162.57,765.188,0.0,0.0,0.5544,0.3649,0.0,"Cu,La",Yes,Cu,clean,Y,Y,Y,DISORDER,N,,,,,,,,,,,,,,,,,,,,,,OBUBIW_clean,624.0
OCILEU_clean,4.58414,3.42916,4.57221,1.15745,652.399,563.652,0.0,0.0,0.5004,0.43233,0.0,Co,Yes,Co,clean,N,Y,Y,DISORDER,N,,,,,,,,,,,,,,,,,,,,,,OCILEU_clean,1036.9
OCILIY_clean,8.53165,6.26258,8.17508,1.12456,1134.41,1008.76,0.0,0.0,0.5168,0.459558,0.0,Zn,Yes,Zn,clean,Y,Y,Y,DISORDER,N,,,,,,,,,,,,,,,,,,,,,,OCILIY_clean,594.0
OCIMAR_clean,6.5145,4.27754,6.51296,1.03951,1260.58,1212.67,0.0,0.0,0.5148,0.495235,0.0,Co,No, ,clean,Y,Y,Y,DISORDER,N,,,,,,,,,,,,,,,,,,,,,,OCIMAR_clean,1011.2
OCIMEV_clean,6.59899,4.30563,6.58855,1.02176,1307.66,1279.81,0.0,0.0,0.5182,0.507164,0.0,Co,No, ,clean,Y,Y,Y,DISORDER,N,,,,,,,,,,,,,,,,,,,,,,OCIMEV_clean,948.3
OCIMIZ_clean,6.97793,4.97983,6.96924,0.99263,1294.22,1303.83,0.0,0.0,0.5312,0.535144,0.0,Co,No, ,clean,Y,Y,Y,DISORDER,N,,,,,,,,,,,,,,,,,,,,,,OCIMIZ_clean,392.9
OCIMOF_clean,6.71274,4.68971,6.50439,1.02328,1271.58,1242.65,0.0,0.0,0.5194,0.507583,0.0,Co,No, ,clean,Y,Y,Y,DISORDER,N,,,,,,,,,,,,,,,,,,,,,,OCIMOF_clean,914.4
OCIMUL_clean,6.68572,4.74391,6.68572,1.01595,1259.83,1240.05,0.0,0.0,0.5212,0.513019,0.0,Co,No, ,clean,Y,Y,Y,DISORDER,N,,,,,,,,,,,,,,,,,,,,,,OCIMUL_clean,955.0
OCINAS_clean,7.37544,5.53142,7.37544,1.04306,1267.84,1215.49,0.0,0.0,0.5388,0.516555,0.0,Zn,No, ,clean,Y,Y,Y,DISORDER,N,,,,,,,,,,,,,,,,,,,,,,OCINAS_clean,1095.0
OCIZAD_clean,5.25446,4.2672,5.25048,1.11639,1457.42,1305.47,0.0,0.0,0.522,0.467577,0.0,Cu,Yes,Cu,clean,Y,Y,Y,DISORDER,N,,,,,,,,,,,,,,,,,,,,,,OCIZAD_clean,1652.0
OCUMUX_clean,5.1192,3.7079,5.1192,1.29581,1317.84,1017.0,0.689155,0.531833,0.5164,0.398515,0.0,Mn,Yes,Mn,clean,Y,Y,Y,DISORDER,N,,,,,,,,,,,,,,,,,,,,,,OCUMUX_clean,2337.8
OCUPOS_clean,4.38921,3.97026,4.38921,1.66698,711.745,426.966,0.0,0.0,0.445,0.266949,0.0,V,Yes,V,clean,Y,Y,Y,DISORDER,N,,,,,,,,,,,,,,,,,,,,,,OCUPOS_clean,738.4
OCUTAI_clean,4.9495,3.52882,4.91814,1.71859,1100.33,640.251,0.0,0.0,0.4958,0.288493,0.0,V,Yes,V,clean,Y,Y,Y,DISORDER,N,,,,,,,,,,,,,,,,,,,,,,OCUTAI_clean,980.2
ODIXIK_clean,6.81688,4.29892,6.81439,1.49389,849.77,568.828,302.861,202.732,0.5408,0.362007,0.0,"Cd,Si",Yes,Cd,clean,Y,Y,Y,DISORDER,N,,,,,,,,,,,,,,,,,,,,,,ODIXIK_clean,4939.8
OFAMUF_clean,5.59939,4.02992,5.59939,1.54548,471.321,304.968,0.0,0.0,0.3828,0.247691,0.0,Co,Yes,Co,clean,Y,Y,Y,DISORDER,N,,,,,,,,,,,,,,,,,,,,,,OFAMUF_clean,291.9
OGIJIY_clean,4.40711,3.40103,4.40711,1.69185,860.244,508.464,0.0,0.0,0.4674,0.276266,0.0,Sm,Yes,Sm,clean,Y,Y,Y,DISORDER,N,,,,,,,,,,,,,,,,,,,,,,OGIJIY_clean,1676.3
OGOJAX_clean,15.34906,9.73806,15.34906,0.707076,1965.3,2779.47,0.0,0.0,0.723,1.02252,0.0,Cu,Yes,Cu,clean,Y,Y,Y,DISORDER,N,,,,,,,,,,,,,,,,,,,,,,OGOJAX_clean,686.9
OHAQAR_clean,11.81735,7.47362,11.8167,0.883951,1847.52,2090.07,63.5005,71.8371,0.6804,0.769726,0.000226257,Zn,Yes,Zn,clean,Y,Y,Y,DISORDER,N,,,,,,,,,,,,,,,,,,,,,,OHAQAR_clean,19656.0
OJIFAP_clean,4.67693,3.73833,4.67693,1.13515,759.831,669.365,0.0,0.0,0.4686,0.412808,0.0,Na,Yes,Na,clean,N,Y,Y,DISORDER,N,,,,,,,,,,,,,,,,,,,,,,OJIFAP_clean,1918.5
OJIWEK_clean,5.59427,3.7203,5.58851,1.22195,1633.54,1336.83,0.0,0.0,0.5402,0.442081,0.0,Zn,No, ,clean,N,Y,Y,DISORDER,N,,,,,,,,,,,,,,,,,,,,,,OJIWEK_clean,2488.6
OJOSEN_clean,11.61043,10.79035,11.61043,0.843395,2130.49,2526.09,0.0,0.0,0.7798,0.924597,0.0,Co,Yes,Co,clean,Y,Y,Y,DISORDER,N,,,,,,,,,,,,,,,,,,,,,,OJOSEN_clean,1406.5
OJOSIR_clean,9.97318,4.04646,9.96574,1.17933,2193.71,1860.13,0.0,0.0,0.651,0.552007,0.0,Co,Yes,Co,clean,Y,Y,Y,DISORDER,N,,,,,,,,,,,,,,,,,,,,,,OJOSIR_clean,3330.2
OJUPEQ_clean,7.65722,5.34894,7.64941,1.35901,1262.34,928.863,1.71614,1.26278,0.5006,0.368355,0.00500363,Zn,Yes,Zn,clean,Y,Y,Y,DISORDER,N,,,,,,,,,,,,,,,,,,,,,,OJUPEQ_clean,3223.0
OKUJUB_clean,12.36826,9.63043,12.13477,0.706548,1840.0,2604.21,0.0,0.0,0.7328,1.03716,0.0,Zn,Yes,Zn,clean,Y,Y,Y,DISORDER,N,,,,,,,,,,,,,,,,,,,,,,OKUJUB_clean,19701.3
OKUKEM_clean,14.01253,8.4589,14.01253,0.722439,1971.91,2729.52,24.4649,33.8644,0.7252,1.00382,0.0,"Zn,Co",Yes,Zn,clean,Y,Y,Y,DISORDER,N,,,,,,,,,,,,,,,,,,,,,,OKUKEM_clean,15286.3
OLODEA_clean,10.40329,4.10605,10.37784,1.07199,1355.57,1264.53,0.0,0.0,0.5958,0.555788,0.0,Zn,No, ,clean,Y,Y,Y,DISORDER,N,,,,,,,,,,,,,,,,,,,,,,OLODEA_clean,4701.2
OLOPOW_clean,4.49896,3.74228,4.49204,1.62805,549.028,337.23,0.0,0.0,0.4218,0.259083,0.0,Cd,No, ,clean,Y,Y,Y,DISORDER,N,,,,,,,,,,,,,,,,,,,,,,OLOPOW_clean,3592.8
OMUMEQ_clean,6.91715,4.85787,6.80515,1.20639,1419.32,1176.5,0.0,0.0,0.5452,0.451927,0.0,Eu,Yes,Eu,clean,Y,Y,Y,DISORDER,N,,,,,,,,,,,,,,,,,,,,,,OMUMEQ_clean,7211.5
OMUMIU_clean,6.8237,5.05077,6.8237,1.16475,1401.88,1203.6,0.0,0.0,0.5646,0.484741,0.0,Dy,Yes,Dy,clean,Y,Y,Y,DISORDER,N,,,,,,,,,,,,,,,,,,,,,,OMUMIU_clean,6706.1
ONEYIQ_clean,21.6608,8.8003,21.6608,0.662891,1404.88,2119.33,139.38,210.261,0.7188,1.08434,0.0,Zn,Yes,Zn,clean,Y,Y,Y,DISORDER,N,,,,,,,,,,,,,,,,,,,,,,ONEYIQ_clean,21327.6
ONUJUE_clean,9.03257,8.2459,9.03257,1.20375,1198.02,995.242,19.6744,16.3443,0.5232,0.434643,0.0,Fe,Yes,Fe,clean,Y,Y,Y,DISORDER,N,,,,,,,,,,,,,,,,,,,,,,ONUJUE_clean,2032.5
OPAHIY_clean,10.04486,7.28733,8.32739,1.10725,1597.55,1442.8,0.0,0.0,0.6074,0.548566,0.0,Cd,Yes,Cd,clean,Y,Y,Y,DISORDER,N,,,,,,,,,,,,,,,,,,,,,,OPAHIY_clean,3169.2
OQUFAJ01_clean,11.08356,10.07272,11.08356,1.04241,2157.14,2069.38,0.0,0.0,0.6704,0.643125,0.000575589,Zr,Yes,Zr,clean,Y,Y,Y,DISORDER,N,,,,,,,,,,,,,,,,,,,,,,OQUFAJ01_clean,1712.7
OQUFAJ03_clean,11.0199,9.96279,11.0199,1.02397,2131.01,2081.12,2.80083,2.73525,0.6704,0.654704,0.000390635,Zr,Yes,Zr,clean,Y,Y,Y,DISORDER,N,,,,,,,,,,,,,,,,,,,,,,OQUFAJ03_clean,1569.1
OQUFIR_clean,11.25706,10.64391,11.25706,1.25158,1683.65,1345.22,0.0,0.0,0.6192,0.494733,0.000319595,Zr,Yes,Zr,clean,Y,Y,Y,DISORDER,N,,,,,,,,,,,,,,,,,,,,,,OQUFIR_clean,2520.1
OQUFUD_clean,11.44598,10.16481,11.44598,1.06553,1959.11,1838.62,0.0,0.0,0.6648,0.623915,0.0001877,Zr,Yes,Zr,clean,Y,Y,Y,DISORDER,N,,,,,,,,,,,,,,,,,,,,,,OQUFUD_clean,2777.8
OQUGAK_clean,10.35091,9.30468,10.35091,1.4862,1312.48,883.115,0.0,0.0,0.5682,0.382318,0.000403715,Zr,Yes,Zr,clean,Y,Y,Y,DISORDER,N,,,,,,,,,,,,,,,,,,,,,,OQUGAK_clean,6313.4
ORAWAH_clean,14.82674,6.56061,14.82548,0.863117,1932.93,2239.48,0.0,0.0,0.7068,0.818892,0.0,Cu,Yes,Cu,clean,Y,Y,Y,DISORDER,N,,,,,,,,,,,,,,,,,,,,,,ORAWAH_clean,5895.0
OREZUI_clean,5.60376,4.80967,5.56456,1.82154,790.385,433.91,0.0,0.0,0.427,0.234417,0.0,Zn,Yes,Zn,clean,Y,Y,Y,DISORDER,N,,,,,,,,,,,,,,,,,,,,,,OREZUI_clean,5339.3
OSOTIB_clean,11.1654,5.76413,11.16529,0.768695,2412.13,3137.96,0.0,0.0,0.7286,0.947841,0.0,Cu,Yes,Cu,clean,Y,Y,Y,DISORDER,N,,,,,,,,,,,,,,,,,,,,,,OSOTIB_clean,1225.0
OTOZAA_clean,6.85219,5.8161,6.82993,0.945875,2241.09,2369.33,0.0,0.0,0.6656,0.703687,0.0,Cu,No, ,clean,Y,Y,Y,DISORDER,N,,,,,,,,,,,,,,,,,,,,,,OTOZAA_clean,1425.4
OVADAR_clean,5.1368,3.79878,5.1368,1.2109,986.179,814.421,0.0,0.0,0.4988,0.411926,0.0,"Mg,Li",Yes,Mg,clean,N,Y,Y,DISORDER,N,,,,,,,,,,,,,,,,,,,,,,OVADAR_clean,1571.5
OVEDAW_clean,14.39297,11.63509,13.75062,0.650011,1976.09,3040.09,0.0,0.0,0.8048,1.23813,0.0,Cu,Yes,Cu,clean,Y,Y,Y,DISORDER,N,,,,,,,,,,,,,,,,,,,,,,OVEDAW_clean,810.4
OVIWOG_clean,6.17675,3.66385,6.16217,3.86628,1048.57,271.209,3.67271,0.949935,0.4996,0.12922,0.0,"U,Co",Yes,"U,Co",clean,N,Y,Y,DISORDER,N,,,,,,,,,,,,,,,,,,,,,,OVIWOG_clean,489.1
OVUNIE_clean,17.87028,17.2642,17.87028,0.918444,1449.03,1577.71,0.0,0.0,0.7722,0.84077,0.0,Mn,Yes,Mn,clean,Y,Y,Y,DISORDER,N,,,,,,,,,,,,,,,,,,,,,,OVUNIE_clean,2617.3
OVUVIL_clean,7.08548,5.40816,7.07157,1.2293,1842.78,1499.05,0.0,0.0,0.602,0.48971,0.0,Zn,Yes,Zn,clean,Y,Y,Y,DISORDER,N,,,,,,,,,,,,,,,,,,,,,,OVUVIL_clean,1468.5
OXAMEG_clean,5.69878,4.15176,5.69426,1.30487,1528.5,1171.39,0.0,0.0,0.5762,0.441578,0.0,Dy,Yes,Dy,clean,Y,Y,Y,DISORDER,N,,,,,,,,,,,,,,,,,,,,,,OXAMEG_clean,817.3
OXANOR_clean,6.07888,4.64465,6.07888,1.08032,1892.14,1751.47,0.0,0.0,0.5974,0.552986,0.0,Co,Yes,Co,clean,Y,Y,Y,DISORDER,N,,,,,,,,,,,,,,,,,,,,,,OXANOR_clean,2135.8
OXANUX_clean,5.94515,4.53193,5.92516,1.09636,1861.76,1698.12,0.0,0.0,0.586,0.534494,0.0,Co,Yes,Co,clean,Y,Y,Y,DISORDER,N,,,,,,,,,,,,,,,,,,,,,,OXANUX_clean,2106.7
OXAPAF_clean,5.78823,4.71087,5.78381,1.11325,1842.99,1655.5,0.0,0.0,0.5886,0.52872,0.0,Co,Yes,Co,clean,Y,Y,Y,DISORDER,N,,,,,,,,,,,,,,,,,,,,,,OXAPAF_clean,2093.5
OYAJIJ02_clean,10.70872,8.94342,10.70872,1.40706,1892.43,1344.95,0.0,0.0,0.6626,0.47091,0.00014214,Gd,No, ,clean,Y,Y,Y,DISORDER,N,,,,,,,,,,,,,,,,,,,,,,OYAJIJ02_clean,4201.6
OYAKAC02_clean,10.84931,8.93162,10.8375,1.42421,1898.38,1332.94,0.0,0.0,0.6618,0.464679,0.000140429,Dy,Yes,Dy,clean,Y,Y,Y,DISORDER,N,,,,,,,,,,,,,,,,,,,,,,OYAKAC02_clean,4005.4
OYOVOP_clean,6.07579,5.04225,6.06489,1.15877,1135.77,980.15,0.0,0.0,0.503,0.43408,0.0,Zn,Yes,Zn,clean,Y,Y,Y,DISORDER,N,,,,,,,,,,,,,,,,,,,,,,OYOVOP_clean,1075.9
OZASOZ_clean,12.0686,4.7874,12.0686,0.713789,1872.2,2622.9,0.0,0.0,0.6712,0.940333,0.0,Zn,Yes,Zn,clean,Y,Y,Y,DISORDER,N,,,,,,,,,,,,,,,,,,,,,,OZASOZ_clean,4793.0
PACHUZ_clean,6.79007,4.6859,6.79007,1.67751,614.316,366.207,0.0,0.0,0.439,0.261697,0.0,Zn,Yes,Zn,clean,Y,Y,Y,DISORDER,N,,,,,,,,,,,,,,,,,,,,,,PACHUZ_clean,715.4
PALTIH_clean,11.04439,8.71548,11.04439,0.72332,1810.35,2502.84,0.0,0.0,0.6956,0.961677,0.0,Cu,Yes,Cu,clean,Y,Y,Y,DISORDER,N,,,,,,,,,,,,,,,,,,,,,,PALTIH_clean,1227.6
PAQMAY_clean,16.51036,13.08019,16.51036,0.865049,1760.16,2034.75,0.0,0.0,0.7388,0.854055,0.0,Tb,Yes,Tb,clean,Y,Y,Y,DISORDER,N,,,,,,,,,,,,,,,,,,,,,,PAQMAY_clean,1411.9
PAQTIM_clean,5.2151,3.68936,5.21444,1.57762,664.94,421.484,0.0,0.0,0.4366,0.276747,0.0,"Cs,Ni,Fe",Yes,"Cs,Ni",clean,N,Y,Y,DISORDER,N,,,,,,,,,,,,,,,,,,,,,,PAQTIM_clean,1025.7
PAQTOS_clean,5.12845,3.67184,5.12666,1.49187,656.885,440.311,0.0,0.0,0.4242,0.284342,0.0,"Rb,Ni,Fe",Yes,"Rb,Ni",clean,Y,Y,Y,DISORDER,N,,,,,,,,,,,,,,,,,,,,,,PAQTOS_clean,1040.8
PARSAF_clean,6.81897,3.63122,6.59432,1.17917,1741.83,1477.16,0.0,0.0,0.6012,0.509849,0.0,"Ca,In",Yes,"Ca,In",clean,Y,Y,Y,DISORDER,N,,,,,,,,,,,,,,,,,,,,,,PARSAF_clean,6006.0
PARSEJ_clean,7.10918,3.63338,7.10142,1.23949,1731.43,1396.89,0.0,0.0,0.5994,0.483586,0.0,"Sr,In",Yes,"Sr,In",clean,Y,Y,Y,DISORDER,N,,,,,,,,,,,,,,,,,,,,,,PARSEJ_clean,5402.4
PEJMUO_clean,13.35641,7.95242,13.35641,1.19591,2105.7,1760.75,0.0,0.0,0.7508,0.627806,0.0,Cu,Yes,Cu,clean,Y,Y,Y,DISORDER,N,,,,,,,,,,,,,,,,,,,,,,PEJMUO_clean,2927.9
PEKDEQ_clean,6.37859,4.93188,6.37859,0.860942,2189.0,2542.56,0.0,0.0,0.6426,0.746392,0.0,Mn,Yes,Mn,clean,Y,Y,Y,DISORDER,N,,,,,,,,,,,,,,,,,,,,,,PEKDEQ_clean,2104.4
PEKVUY_clean,5.42809,3.78005,5.42809,2.82711,1122.0,396.872,0.0,0.0,0.4876,0.172473,0.0,"Ba,U",Yes,"Ba,U",clean,Y,Y,Y,DISORDER,N,,,,,,,,,,,,,,,,,,,,,,PEKVUY_clean,997.7
PEMGEV_clean,5.81147,5.44043,5.81147,1.41497,1048.95,741.327,0.0,0.0,0.4866,0.343895,0.0,Ag,Yes,Ag,clean,Y,Y,Y,DISORDER,N,,,,,,,,,,,,,,,,,,,,,,PEMGEV_clean,5170.2
PENNIH_clean,6.3502,4.1996,4.94284,1.08381,1502.1,1385.95,0.0,0.0,0.547,0.504702,0.0,Co,No, ,clean,Y,Y,Y,DISORDER,N,,,,,,,,,,,,,,,,,,,,,,PENNIH_clean,3298.1
PEQFAT_clean,12.28103,8.80657,12.27438,1.02563,1866.98,1820.32,0.0,0.0,0.7048,0.687184,0.0,"Cu,La",Yes,"Cu,La",clean,Y,Y,Y,DISORDER,N,,,,,,,,,,,,,,,,,,,,,,PEQFAT_clean,1506.9
PETWUI_clean,10.45034,5.06084,10.45034,1.57916,2084.61,1320.07,0.0,0.0,0.6474,0.409964,0.000253299,U,No, ,clean,Y,Y,Y,DISORDER,N,,,,,,,,,,,,,,,,,,,,,,PETWUI_clean,22307.3
PETXAP_clean,13.99523,6.27881,13.98885,1.13186,2079.02,1836.82,0.0,0.0,0.712,0.629056,0.00123691,U,No, ,clean,Y,Y,Y,DISORDER,N,,,,,,,,,,,,,,,,,,,,,,PETXAP_clean,15214.8
PIBPAS_clean,10.02705,9.63343,10.02705,0.905218,1687.34,1864.01,0.0,0.0,0.6458,0.71342,0.0,Zn,Yes,Zn,clean,Y,Y,Y,DISORDER,N,,,,,,,,,,,,,,,,,,,,,,PIBPAS_clean,1380.9
PIDNEX_clean,15.32333,11.13291,15.32333,0.488773,1874.4,3834.91,0.0,0.0,0.8254,1.68872,0.0,Zn,No, ,clean,Y,Y,Y,DISORDER,N,,,,,,,,,,,,,,,,,,,,,,PIDNEX_clean,1577.2
PIDNOH_clean,4.82649,4.03563,4.70621,1.58707,809.533,510.082,0.0,0.0,0.4494,0.283164,0.0,Zn,Yes,Zn,clean,N,Y,Y,DISORDER,N,,,,,,,,,,,,,,,,,,,,,,PIDNOH_clean,10907.2
PILJAX_clean,6.83681,4.60726,6.73853,1.38338,998.206,721.569,0.0,0.0,0.4758,0.34394,0.0,"Cd,K",Yes,K,clean,Y,Y,Y,DISORDER,N,,,,,,,,,,,,,,,,,,,,,,PILJAX_clean,855.1
PITRIU_clean,5.1118,3.9203,5.10388,1.181,1357.88,1149.77,0.0,0.0,0.5244,0.44403,0.0,Zn,Yes,Zn,clean,Y,Y,Y,DISORDER,N,,,,,,,,,,,,,,,,,,,,,,PITRIU_clean,2568.3
PIVBEC_clean,13.77076,8.56536,13.77076,0.777047,2136.37,2749.35,0.0,0.0,0.75,0.965193,0.0,Cu,Yes,Cu,clean,Y,Y,Y,DISORDER,N,,,,,,,,,,,,,,,,,,,,,,PIVBEC_clean,1502.0
POBGAQ01_clean,13.29282,10.46232,13.28611,0.466279,1667.35,3575.87,0.0,0.0,0.769,1.64923,0.0,Fe,No, ,clean,Y,Y,Y,DISORDER,N,,,,,,,,,,,,,,,,,,,,,,POBGAQ01_clean,835.8
POBGAQ_clean,12.10195,9.86984,11.94213,0.53152,1907.5,3588.78,0.0,0.0,0.7308,1.37493,0.0,Fe,No, ,clean,Y,Y,Y,DISORDER,N,,,,,,,,,,,,,,,,,,,,,,POBGAQ_clean,555.5
POBJIB_clean,4.44888,3.51511,4.44772,1.47992,991.094,669.692,0.0,0.0,0.5136,0.347045,0.0,Be,Yes,Be,clean,Y,Y,Y,DISORDER,N,,,,,,,,,,,,,,,,,,,,,,POBJIB_clean,2380.5
POCRAB_clean,5.23607,3.48613,5.20368,1.30167,934.815,718.167,0.0,0.0,0.481,0.369526,0.0,Zn,Yes,Zn,clean,Y,Y,Y,DISORDER,N,,,,,,,,,,,,,,,,,,,,,,POCRAB_clean,785.2
PUBROU_clean,10.98616,5.10232,10.98616,0.916508,2445.22,2667.98,0.0,0.0,0.701,0.76486,0.0,Cu,No, ,clean,Y,Y,Y,DISORDER,N,,,,,,,,,,,,,,,,,,,,,,PUBROU_clean,3049.6
PUBRUA_clean,9.78996,3.96193,6.35977,1.16795,1064.75,911.641,212.761,182.165,0.5574,0.477245,0.0,Cu,Yes,Cu,clean,Y,Y,Y,DISORDER,N,,,,,,,,,,,,,,,,,,,,,,PUBRUA_clean,7015.8
PUBSAH_clean,11.33641,4.82375,11.33641,0.84337,2328.1,2760.47,0.0,0.0,0.7052,0.836169,0.0,Cu,Yes,Cu,clean,Y,Y,Y,DISORDER,N,,,,,,,,,,,,,,,,,,,,,,PUBSAH_clean,1187.4
PUBSEL_clean,11.39413,4.45603,11.39395,0.823222,2176.06,2643.34,0.0,0.0,0.6782,0.823836,0.0,Cu,Yes,Cu,clean,Y,Y,Y,DISORDER,N,,,,,,,,,,,,,,,,,,,,,,PUBSEL_clean,1727.0
PUBSIP_clean,11.35974,4.90438,11.35974,0.939411,2072.64,2206.31,0.0,0.0,0.6858,0.730032,0.0,Cu,Yes,Cu,clean,Y,Y,Y,DISORDER,N,,,,,,,,,,,,,,,,,,,,,,PUBSIP_clean,1283.2
PUBSOV_clean,12.29772,4.40701,12.29772,1.06558,1807.75,1696.49,0.0,0.0,0.6366,0.597423,0.0,Cu,Yes,Cu,clean,Y,Y,Y,DISORDER,N,,,,,,,,,,,,,,,,,,,,,,PUBSOV_clean,4959.8
PUCKUV_clean,5.10039,3.48814,5.04421,1.9845,773.41,389.725,0.0,0.0,0.4536,0.228571,0.0,Dy,No, ,clean,Y,Y,Y,DISORDER,N,,,,,,,,,,,,,,,,,,,,,,PUCKUV_clean,1973.6
PUMGIP_clean,5.7453,3.83462,5.73601,1.16695,456.507,391.195,576.227,493.787,0.5048,0.432579,0.0,"Cd,V",Yes,V,clean,Y,Y,Y,DISORDER,N,,,,,,,,,,,,,,,,,,,,,,PUMGIP_clean,2431.2
PUPJER_clean,11.34986,4.2884,11.34946,1.04067,2155.08,2070.86,0.0,0.0,0.678,0.651506,0.0,Cu,Yes,Cu,clean,Y,Y,Y,DISORDER,N,,,,,,,,,,,,,,,,,,,,,,PUPJER_clean,2140.3
PUSSEC_clean,6.42822,3.88531,6.41292,2.06161,780.57,378.621,69.1973,33.5646,0.4744,0.230111,0.0,Ag,Yes,Ag,clean,N,Y,Y,DISORDER,N,,,,,,,,,,,,,,,,,,,,,,PUSSEC_clean,808.6
PUWCIT_clean,9.4503,8.03208,9.44131,0.783125,2001.73,2556.08,0.0,0.0,0.6954,0.88798,0.0,Zn,Yes,Zn,clean,Y,Y,Y,DISORDER,N,,,,,,,,,,,,,,,,,,,,,,PUWCIT_clean,1328.5
PUWZOX_clean,5.63365,4.16849,5.62629,1.59077,1356.24,852.569,0.0,0.0,0.5186,0.326006,0.0,"Cr,Mn,Fe",Yes,Fe,clean,Y,Y,Y,DISORDER,N,,,,,,,,,,,,,,,,,,,,,,PUWZOX_clean,6561.3
QAHDUA_clean,23.63634,22.83001,23.63634,0.425592,1765.68,4148.76,0.0,0.0,0.8564,2.01226,0.0,Zn,No, ,clean,Y,Y,Y,DISORDER,N,,,,,,,,,,,,,,,,,,,,,,QAHDUA_clean,384.8
QAMHAQ_clean,7.11373,6.811,7.11373,1.26887,1254.11,988.366,0.0,0.0,0.5466,0.430777,0.0,Zn,No, ,clean,Y,Y,Y,DISORDER,N,,,,,,,,,,,,,,,,,,,,,,QAMHAQ_clean,882.7
QAMLEY_clean,11.14892,6.14756,10.82233,0.696915,2278.27,3269.08,0.0,0.0,0.7598,1.09023,0.0,In,No, ,clean,Y,Y,Y,DISORDER,N,,,,,,,,,,,,,,,,,,,,,,QAMLEY_clean,373.2
QAPPON_clean,4.75518,3.45443,4.66797,1.42132,625.227,439.891,255.697,179.901,0.5156,0.362761,0.0,Ag,Yes,Ag,clean,Y,Y,Y,DISORDER,N,,,,,,,,,,,,,,,,,,,,,,QAPPON_clean,862.1
QARLON_clean,10.72668,6.5176,10.72668,1.5744,1777.58,1129.05,0.0,0.0,0.671,0.426194,0.0,Zn,No, ,clean,Y,Y,Y,DISORDER,N,,,,,,,,,,,,,,,,,,,,,,QARLON_clean,816.7
QARLUT_clean,9.16779,5.97884,9.11657,1.43869,1699.45,1181.25,0.0,0.0,0.6184,0.429835,0.0,Zn,Yes,Zn,clean,Y,Y,Y,DISORDER,N,,,,,,,,,,,,,,,,,,,,,,QARLUT_clean,711.9
QARMAA_clean,9.15444,5.92309,9.15444,1.72576,1678.31,972.505,0.0,0.0,0.6136,0.355553,0.0,Zn,Yes,Zn,clean,Y,Y,Y,DISORDER,N,,,,,,,,,,,,,,,,,,,,,,QARMAA_clean,652.4
QAVPOU_clean,8.34511,7.17292,8.34511,2.09717,1140.47,543.814,47.5156,22.657,0.5374,0.25625,0.0,Ga,Yes,Ga,clean,Y,Y,Y,DISORDER,N,,,,,,,,,,,,,,,,,,,,,,QAVPOU_clean,4153.8
QETQIP_clean,10.92795,8.79806,10.92452,1.06487,1392.02,1307.22,0.0,0.0,0.584,0.548421,0.0,Rh,No, ,clean,Y,Y,Y,DISORDER,N,,,,,,,,,,,,,,,,,,,,,,QETQIP_clean,2389.3
QIKYOA_clean,6.61593,4.14269,6.59132,1.04069,1590.42,1528.23,5.00662,4.81084,0.6008,0.577307,0.0,Co,Yes,Co,clean,Y,Y,Y,DISORDER,N,,,,,,,,,,,,,,,,,,,,,,QIKYOA_clean,1314.7
QILBUK_clean,12.94588,7.66866,12.94473,0.72242,1683.33,2330.13,0.0,0.0,0.6926,0.958722,0.0,Zn,Yes,Zn,clean,Y,Y,Y,DISORDER,N,,,,,,,,,,,,,,,,,,,,,,QILBUK_clean,3331.5
QITHAC_clean,10.61703,8.29235,10.61607,1.30575,1337.07,1023.99,0.278994,0.213666,0.6224,0.476662,0.0,Ni,Yes,Ni,clean,Y,Y,Y,DISORDER,N,,,,,,,,,,,,,,,,,,,,,,QITHAC_clean,3744.3
QITHEG_clean,10.46553,8.48033,10.45832,2.62244,1360.27,518.702,0.830001,0.316499,0.623,0.237565,0.0,Ni,Yes,Ni,clean,Y,Y,Y,DISORDER,N,,,,,,,,,,,,,,,,,,,,,,QITHEG_clean,4871.4
QIWHEL_clean,6.23289,3.57497,6.23289,1.40383,1318.74,939.391,0.0,0.0,0.5748,0.409452,0.0,"Ru,Cd",Yes,Cd,clean,Y,Y,Y,DISORDER,N,,,,,,,,,,,,,,,,,,,,,,QIWHEL_clean,3125.8
QIWQES_clean,6.44452,4.39633,6.26218,0.848839,2656.63,3129.72,0.0,0.0,0.6752,0.795439,0.0,Cu,Yes,Cu,clean,Y,Y,Y,DISORDER,N,,,,,,,,,,,,,,,,,,,,,,QIWQES_clean,2120.1
QIYDAF01_clean,22.00141,13.57926,22.00141,0.303251,1702.79,5615.12,0.0,0.0,0.8664,2.85704,0.0,Cu,Yes,Cu,clean,Y,Y,Y,DISORDER,N,,,,,,,,,,,,,,,,,,,,,,QIYDAF01_clean,635.2
QOGGID_clean,4.77502,3.54489,4.71306,2.32432,1003.26,431.637,0.0,0.0,0.4844,0.208405,0.0,Cu,Yes,Cu,clean,N,Y,Y,DISORDER,N,,,,,,,,,,,,,,,,,,,,,,QOGGID_clean,1230.6
QOGPIM_clean,12.64784,4.86083,12.64784,0.990851,1164.4,1175.15,1.09776,1.1079,0.5774,0.582731,0.0,Zn,No, ,clean,Y,Y,Y,DISORDER,N,,,,,,,,,,,,,,,,,,,,,,QOGPIM_clean,849.3
QOPDAA_clean,6.0704,5.11699,6.02102,2.06645,1282.32,620.541,0.0,0.0,0.5444,0.263447,0.0,"Zn,Ga",No, ,clean,Y,Y,Y,DISORDER,N,,,,,,,,,,,,,,,,,,,,,,QOPDAA_clean,2397.6
QOTHOY_clean,6.37058,3.75017,6.31599,1.47166,1046.29,710.962,0.0,0.0,0.4758,0.323309,0.0,Co,Yes,Co,clean,N,Y,Y,DISORDER,N,,,,,,,,,,,,,,,,,,,,,,QOTHOY_clean,877.8
QOZPEC_clean,8.63857,6.23662,8.63857,1.28191,1608.67,1254.89,0.0,0.0,0.6008,0.468674,0.0,Cd,Yes,Cd,clean,Y,Y,Y,DISORDER,N,,,,,,,,,,,,,,,,,,,,,,QOZPEC_clean,1337.7
QUJWEZ_clean,5.27878,4.2771,5.21408,1.80309,2172.0,1204.59,0.0,0.0,0.6078,0.337087,0.0,U,Yes,U,clean,Y,Y,Y,DISORDER,N,,,,,,,,,,,,,,,,,,,,,,QUJWEZ_clean,2215.5
QUQGEP_neutral,5.04832,3.46231,5.04832,1.78813,230.047,128.652,0.0,0.0,0.3434,0.192044,0.0,Ni,No, ,neutral,Y,Y,Y,DISORDER,N,,,,,,,,,,,,,,,,,,,,,,QUQGEP_neutral,475.1
QUQMOG_clean,7.40115,5.90293,7.389,1.2714,1211.2,952.657,0.0,0.0,0.5432,0.427247,0.0,Cd,Yes,Cd,clean,Y,Y,Y,DISORDER,N,,,,,,,,,,,,,,,,,,,,,,QUQMOG_clean,4259.6
QUQQOJ_clean,4.48385,3.90246,4.48385,1.73709,680.126,391.531,0.0,0.0,0.355,0.204365,0.0,Zn,No, ,clean,Y,Y,Y,DISORDER,N,,,,,,,,,,,,,,,,,,,,,,QUQQOJ_clean,2745.0
QUQZOS_clean,6.02265,4.01043,6.02265,1.66025,709.739,427.49,0.0,0.0,0.3766,0.226834,0.0,Na,No, ,clean,Y,Y,Y,DISORDER,N,,,,,,,,,,,,,,,,,,,,,,QUQZOS_clean,2082.6
QURPIE_clean,9.68581,3.59523,9.58953,1.29548,1821.83,1406.29,0.0,0.0,0.6368,0.491554,0.0,"Cu,Zr",Yes,Cu,clean,Y,Y,Y,DISORDER,N,,,,,,,,,,,,,,,,,,,,,,QURPIE_clean,14966.3
QUSSAA_clean,4.78,3.54213,4.78,1.57799,239.569,151.819,1.50875,0.956125,0.405,0.256656,0.0,Zn,Yes,Zn,clean,Y,Y,Y,DISORDER,N,,,,,,,,,,,,,,,,,,,,,,QUSSAA_clean,1213.0
QUSSOO_clean,4.55358,3.93395,4.55358,1.57579,234.822,149.019,76.9833,48.8538,0.4096,0.259933,0.0,Zn,Yes,Zn,clean,Y,Y,Y,DISORDER,N,,,,,,,,,,,,,,,,,,,,,,QUSSOO_clean,593.2
QUTDAM_clean,11.27758,5.77514,11.27758,0.754326,2377.38,3151.67,0.0,0.0,0.7286,0.965895,0.0,Cu,Yes,Cu,clean,Y,Y,Y,DISORDER,N,,,,,,,,,,,,,,,,,,,,,,QUTDAM_clean,1178.9
RAHPAT_clean,17.3936,6.5256,17.3936,0.714443,2314.93,3240.19,0.0,0.0,0.7448,1.04249,0.0,Cu,Yes,Cu,clean,Y,Y,Y,DISORDER,N,,,,,,,,,,,,,,,,,,,,,,RAHPAT_clean,19430.1
RANCEQ_clean,14.1625,12.23837,14.01017,0.445038,1622.66,3646.11,0.0,0.0,0.8192,1.84074,0.0,Zn,No, ,clean,Y,Y,Y,DISORDER,N,,,,,,,,,,,,,,,,,,,,,,RANCEQ_clean,703.9
RANVUA_clean,17.88039,10.83041,17.84164,0.851424,1196.99,1405.86,445.528,523.274,0.7398,0.868897,0.0,Mn,Yes,Mn,clean,Y,Y,Y,DISORDER,N,,,,,,,,,,,,,,,,,,,,,,RANVUA_clean,3906.3
RAXBOJ_clean,5.29579,3.70027,5.04153,2.43966,1096.49,449.444,0.0,0.0,0.4662,0.191092,0.0,"Mo,Sr,Mn",Yes,"Mo,Sr",clean,Y,Y,Y,DISORDER,N,,,,,,,,,,,,,,,,,,,,,,RAXBOJ_clean,720.3
RAZXIA01_clean,4.8504,3.67082,4.8504,1.69205,830.274,490.692,0.0,0.0,0.422,0.249402,0.0,"K,Co",Yes,K,clean,Y,Y,Y,DISORDER,N,,,,,,,,,,,,,,,,,,,,,,RAZXIA01_clean,408.6
REHHET_clean,8.42834,7.30081,8.42834,1.12746,2081.49,1846.18,0.0,0.0,0.6604,0.585741,0.0,Cd,Yes,Cd,clean,Y,Y,Y,DISORDER,N,,,,,,,,,,,,,,,,,,,,,,REHHET_clean,2471.0
