filename,LCD,PLD,LFPD,cm3_g,ASA_m2_cm3,ASA_m2_g,NASA_m2_cm3,NASA_m2_g,AV_VF,AV_cm3_g,NAV_cm3_g,All_Metals,Has_OMS,Open_Metal_Sites,Extension,FSR_overlap,from_CSD,public,DISORDER,CSD_overlap_inCoRE,CSD_of_WoS_inCoRE,CSD_overlap_inCCDC,date_CSD,DOI_public,Note,Matched_CSD_of_CoRE,Possible_List_CSD_of_CoRE,Unnamed: 28,Unnamed: 29,Unnamed: 30,Unnamed: 31,Unnamed: 32,Unnamed: 33,Unnamed: 34,Unnamed: 35,Unnamed: 36,Unnamed: 37,Unnamed: 38,Unnamed: 39,Unnamed: 40,Unnamed: 41,MOF,chunk_2 time (s)
BASJUB_clean,5.47244,4.59142,5.38091,1.03022,1558.36,1512.66,0.0,0.0,0.5602,0.54377,0.0,Co,No, ,clean,Y,Y,Y,,N,,,,,,,,,,,,,,,,,,,,,,BASJUB_clean,1649.9
BAWROI_clean,13.54985,9.13066,13.54893,0.629882,1979.75,3143.05,0.0,0.0,0.7794,1.23737,0.0,Zn,Yes,Zn,clean,Y,Y,Y,,N,,,,,,,,,,,,,,,,,,,,,,BAWROI_clean,218.0
BAWRUO_clean,7.29901,5.68693,7.29887,2.71918,1447.8,532.44,20.7388,7.62687,0.5782,0.212638,0.0,U,Yes,U,clean,Y,Y,Y,,N,,,,,,,,,,,,,,,,,,,,,,BAWRUO_clean,191.3
BAXFIR01_clean,4.08461,3.48945,4.06863,1.30493,544.936,417.597,0.0,0.0,0.4766,0.36523,0.0,Fe,No, ,clean,Y,Y,Y,,N,,,,,,,,,,,,,,,,,,,,,,BAXFIR01_clean,613.1
BAXFIR02_clean,4.03285,3.42273,4.0125,1.31623,519.268,394.513,0.0,0.0,0.474,0.360121,0.0,Fe,No, ,clean,Y,Y,Y,,N,,,,,,,,,,,,,,,,,,,,,,BAXFIR02_clean,635.4
BAXSIE_clean,5.31376,5.06628,5.30265,1.49933,912.911,608.879,0.0,0.0,0.437,0.291463,0.0,Mg,Yes,Mg,clean,Y,Y,Y,,N,,,,,,,,,,,,,,,,,,,,,,BAXSIE_clean,300.5
BAZFUF01_clean,20.14565,8.54605,20.14565,0.342062,1831.33,5353.8,0.0,0.0,0.863,2.52293,0.0,Cu,Yes,Cu,clean,Y,Y,Y,,N,,,,,,,,,,,,,,,,,,,,,,BAZFUF01_clean,857.1
BAZFUF_clean,20.24597,8.58384,20.24597,0.340053,1825.41,5368.02,0.0,0.0,0.8648,2.54313,0.0,Cu,Yes,Cu,clean,Y,Y,Y,,N,,,,,,,,,,,,,,,,,,,,,,BAZFUF_clean,913.5
BAZGAM_clean,42.79818,24.24061,42.79818,0.126526,810.47,6405.57,0.0,0.0,0.9392,7.42299,0.0,Cu,Yes,Cu,clean,Y,Y,Y,,N,,,,,,,,,,,,,,,,,,,,,,BAZGAM_clean,188.5
BAZGEQ_clean,27.24034,13.9632,26.75245,0.334895,1602.49,4785.05,0.0,0.0,0.8624,2.57514,0.0,Cu,Yes,Cu,clean,Y,Y,Y,,N,,,,,,,,,,,,,,,,,,,,,,BAZGEQ_clean,402.7
BAZJET_clean,13.37019,12.10117,13.37019,0.621294,2143.77,3450.5,0.0,0.0,0.742,1.19428,0.0,Mn,Yes,Mn,clean,Y,Y,Y,,N,,,,,,,,,,,,,,,,,,,,,,BAZJET_clean,357.1
BAZJIX_clean,8.75902,7.46421,8.75317,0.770453,2094.53,2718.57,0.0,0.0,0.676,0.877405,0.0,Mn,Yes,Mn,clean,Y,Y,Y,,N,,,,,,,,,,,,,,,,,,,,,,BAZJIX_clean,342.9
BEDYEQ_clean,33.05863,31.49051,33.05863,0.462445,1416.09,3062.18,0.0,0.0,0.8292,1.79308,0.000432484,"Zr,Fe",Yes,"Zr,Fe",clean,Y,Y,Y,,N,,,,,,,,,,,,,,,,,,,,,,BEDYEQ_clean,213.9
BEFGEA_manual,9.2615,6.75088,8.75247,0.652591,2421.36,3710.38,0.0,0.0,0.722,1.10636,0.0,In,No, ,manual,Y,Y,Y,,N,,,,,,,,,,,,,,,,,,,,,,BEFGEA_manual,1021.1
BEFLUV_clean,5.75316,3.83896,5.75316,1.56773,551.699,351.91,132.515,84.5269,0.4868,0.310514,0.0,Al,Yes,Al,clean,Y,Y,Y,,N,,,,,,,,,,,,,,,,,,,,,,BEFLUV_clean,597.6
BEFMAC_clean,5.39704,3.47321,5.39704,1.51705,1003.1,661.215,0.0,0.0,0.5144,0.339079,0.0,Al,No, ,clean,Y,Y,Y,,N,,,,,,,,,,,,,,,,,,,,,,BEFMAC_clean,917.4
BEJZAS_clean,4.75514,3.65279,4.718,1.35569,1756.76,1295.84,0.0,0.0,0.628,0.463233,0.0,Zn,No, ,clean,Y,Y,Y,,N,,,,,,,,,,,,,,,,,,,,,,BEJZAS_clean,283.3
BELJIL_clean,7.21036,5.21436,7.21036,1.28754,867.89,674.07,0.0,0.0,0.459,0.356494,0.0,Cu,Yes,Cu,clean,Y,Y,Y,,N,,,,,,,,,,,,,,,,,,,,,,BELJIL_clean,447.7
BELTOD_clean,5.92256,4.27878,5.89247,1.03427,1509.77,1459.74,0.0802539,0.0775946,0.5748,0.555753,0.0,Mn,Yes,Mn,clean,Y,Y,Y,,N,,,,,,,,,,,,,,,,,,,,,,BELTOD_clean,2348.5
BELTUJ_clean,5.64744,4.1969,5.5822,1.08566,1393.43,1283.49,0.0,0.0,0.5582,0.51416,0.0,Co,Yes,Co,clean,Y,Y,Y,,N,,,,,,,,,,,,,,,,,,,,,,BELTUJ_clean,2495.1
BENXUP_clean,4.10218,3.42336,4.09595,1.4733,653.043,443.252,0.0,0.0,0.4814,0.32675,0.0,Zn,Yes,Zn,clean,Y,Y,Y,,N,,,,,,,,,,,,,,,,,,,,,,BENXUP_clean,489.8
BENZOL_clean,5.62502,3.68781,5.62502,1.15041,1146.89,996.943,0.0,0.0,0.4858,0.422284,0.0,Sr,Yes,Sr,clean,Y,Y,Y,,N,,,,,,,,,,,,,,,,,,,,,,BENZOL_clean,297.4
BENZUR_clean,5.75474,3.70828,5.75474,1.24694,1151.54,923.496,0.0,0.0,0.5016,0.402265,0.0,Ba,Yes,Ba,clean,Y,Y,Y,,N,,,,,,,,,,,,,,,,,,,,,,BENZUR_clean,282.3
BEPBAB_clean,5.3188,3.97632,5.3188,1.04154,1135.05,1089.78,0.0,0.0,0.473,0.454133,0.0,Ca,Yes,Ca,clean,Y,Y,Y,,N,,,,,,,,,,,,,,,,,,,,,,BEPBAB_clean,274.7
BEPLUF_clean,10.54661,10.45745,10.54661,0.882268,1351.9,1532.3,0.0,0.0,0.655,0.742405,0.0,Zn,Yes,Zn,clean,Y,Y,Y,,N,,,,,,,,,,,,,,,,,,,,,,BEPLUF_clean,217.5
BEPMAM_clean,10.35764,10.23297,10.35764,0.893987,1370.16,1532.64,0.0,0.0,0.63,0.704708,0.0,Zn,Yes,Zn,clean,Y,Y,Y,,N,,,,,,,,,,,,,,,,,,,,,,BEPMAM_clean,213.5
BEPMIU_clean,10.07029,9.95473,10.07029,1.02149,1143.41,1119.35,0.0,0.0,0.6036,0.590899,0.0,Zn,No, ,clean,Y,Y,Y,,N,,,,,,,,,,,,,,,,,,,,,,BEPMIU_clean,227.7
BEPNIV_clean,10.32219,10.19883,10.32219,0.893387,1335.35,1494.71,0.0,0.0,0.6494,0.726897,0.0,Zn,Yes,Zn,clean,Y,Y,Y,,N,,,,,,,,,,,,,,,,,,,,,,BEPNIV_clean,209.4
BEPNOB_clean,10.36311,10.23127,10.36311,0.890303,1334.01,1498.37,0.0,0.0,0.6478,0.727618,0.0,Zn,Yes,Zn,clean,Y,Y,Y,,N,,,,,,,,,,,,,,,,,,,,,,BEPNOB_clean,217.9
BEPNUH_clean,10.32563,10.2098,10.32563,1.16569,1103.61,946.742,0.0,0.0,0.6056,0.519521,0.0,Zn,No, ,clean,Y,Y,Y,,N,,,,,,,,,,,,,,,,,,,,,,BEPNUH_clean,235.6
BEPPAP_clean,9.9082,9.78954,9.90791,1.03173,1157.48,1121.89,0.0,0.0,0.5902,0.57205,0.0,Zn,No, ,clean,Y,Y,Y,,N,,,,,,,,,,,,,,,,,,,,,,BEPPAP_clean,232.9
BEPPIX_clean,9.77409,9.63706,9.77409,0.990438,1290.67,1303.13,0.0,0.0,0.592,0.597716,0.0,Zn,Yes,Zn,clean,Y,Y,Y,,N,,,,,,,,,,,,,,,,,,,,,,BEPPIX_clean,273.6
BEPPOD_clean,10.03622,9.89092,10.03622,0.960732,1283.35,1335.81,0.0,0.0,0.613,0.638055,0.0,Zn,Yes,Zn,clean,Y,Y,Y,,N,,,,,,,,,,,,,,,,,,,,,,BEPPOD_clean,262.1
BEPREV01_clean,6.64209,5.02845,6.632,0.808218,2539.09,3141.59,0.0,0.0,0.6368,0.787906,0.0,Ni,No, ,clean,Y,Y,Y,,N,,,,,,,,,,,,,,,,,,,,,,BEPREV01_clean,1942.3
BEPREV02_clean,7.19383,5.44633,7.19383,0.766283,2502.2,3265.37,0.0,0.0,0.6548,0.854514,0.0,Ni,No, ,clean,Y,Y,Y,,N,,,,,,,,,,,,,,,,,,,,,,BEPREV02_clean,1671.8
BEPREV03_clean,6.75186,5.16957,6.7451,0.798706,2519.19,3154.09,0.0,0.0,0.64,0.801296,0.0,Ni,No, ,clean,Y,Y,Y,,N,,,,,,,,,,,,,,,,,,,,,,BEPREV03_clean,1868.7
BEPREV_clean,6.75364,5.16047,6.74991,0.798706,2521.08,3156.46,0.0,0.0,0.6402,0.801547,0.0,Ni,No, ,clean,Y,Y,Y,,N,,,,,,,,,,,,,,,,,,,,,,BEPREV_clean,1897.2
BEPRIZ_clean,10.21454,6.03558,10.21454,0.764371,2087.31,2730.76,0.0,0.0,0.673,0.880463,0.0,Co,No, ,clean,Y,Y,Y,,N,,,,,,,,,,,,,,,,,,,,,,BEPRIZ_clean,294.7
BEPROF_clean,8.00306,5.96794,8.00133,0.730038,2383.55,3264.96,0.0,0.0,0.687,0.941046,0.0,Ni,No, ,clean,Y,Y,Y,,N,,,,,,,,,,,,,,,,,,,,,,BEPROF_clean,505.5
BEPVEZ_clean,5.76875,4.44638,5.76422,1.26954,947.431,746.277,0.0,0.0,0.5084,0.400459,0.0,Cu,Yes,Cu,clean,Y,Y,Y,,N,,,,,,,,,,,,,,,,,,,,,,BEPVEZ_clean,325.0
BEPVID_clean,5.29029,4.21546,5.29029,1.30564,829.286,635.159,0.0,0.0,0.5122,0.392299,0.0,Cu,Yes,Cu,clean,Y,Y,Y,,N,,,,,,,,,,,,,,,,,,,,,,BEPVID_clean,335.2
BEPVOJ01_clean,5.12362,3.97858,5.12362,1.3287,794.481,597.937,0.0,0.0,0.5126,0.38579,0.0,Cu,Yes,Cu,clean,Y,Y,Y,,N,,,,,,,,,,,,,,,,,,,,,,BEPVOJ01_clean,349.7
BEPVOJ_clean,4.87498,3.77095,4.87498,1.35072,712.934,527.818,0.0,0.0,0.5034,0.37269,0.0,Cu,Yes,Cu,clean,Y,Y,Y,,N,,,,,,,,,,,,,,,,,,,,,,BEPVOJ_clean,314.3
BEPWEA_clean,4.94352,3.50226,4.94123,1.37749,785.436,570.193,0.160637,0.116616,0.4914,0.356735,0.0,"Cu,Li",Yes,"Cu,Li",clean,N,Y,Y,,N,,,,,,,,,,,,,,,,,,,,,,BEPWEA_clean,290.2
BETDAH_clean,6.20265,4.35013,6.20265,1.16306,2339.54,2011.54,0.0,0.0,0.6178,0.531186,0.0,Ho,Yes,Ho,clean,N,Y,Y,,N,,,,,,,,,,,,,,,,,,,,,,BETDAH_clean,332.2
BETDEL_clean,6.19335,4.27368,6.19335,1.1646,2251.25,1933.07,0.0,0.0,0.6174,0.530141,0.0,Dy,Yes,Dy,clean,Y,Y,Y,,N,,,,,,,,,,,,,,,,,,,,,,BETDEL_clean,681.3
BETDIP_clean,6.11094,3.88458,6.10684,1.1806,2108.93,1786.32,0.0,0.0,0.6132,0.519398,0.0,Tb,Yes,Tb,clean,Y,Y,Y,,N,,,,,,,,,,,,,,,,,,,,,,BETDIP_clean,723.2
BETDUB_clean,6.03659,3.7841,6.03659,1.16905,1945.06,1663.8,0.0,0.0,0.6102,0.521964,0.0,Eu,Yes,Eu,clean,Y,Y,Y,,N,,,,,,,,,,,,,,,,,,,,,,BETDUB_clean,319.7
BETFAJ_clean,6.19267,4.31969,6.19,1.11108,2308.45,2077.66,0.0,0.0,0.6196,0.557654,0.0,Sm,Yes,Sm,clean,N,Y,Y,,N,,,,,,,,,,,,,,,,,,,,,,BETFAJ_clean,340.4
BETFEN_clean,6.20622,4.32109,6.20622,1.07862,2315.47,2146.71,0.0,0.0,0.6288,0.582969,0.0,Pr,Yes,Pr,clean,Y,Y,Y,,N,,,,,,,,,,,,,,,,,,,,,,BETFEN_clean,331.7
BETFUD_clean,6.14614,4.2626,6.11668,1.06295,2329.37,2191.42,0.0,0.0,0.6258,0.58874,0.0,Ce,Yes,Ce,clean,Y,Y,Y,,N,,,,,,,,,,,,,,,,,,,,,,BETFUD_clean,334.7
BETGAK_clean,6.1095,4.21478,5.89063,1.06153,2331.97,2196.8,0.0,0.0,0.6284,0.591977,0.0,La,Yes,La,clean,Y,Y,Y,,N,,,,,,,,,,,,,,,,,,,,,,BETGAK_clean,334.4
BETGEO_clean,15.21578,5.06222,15.21578,1.31768,1287.77,977.304,381.116,289.233,0.6412,0.486614,0.0,Ni,Yes,Ni,clean,Y,Y,Y,,N,,,,,,,,,,,,,,,,,,,,,,BETGEO_clean,444.0
BETGIS_clean,14.00278,4.06192,14.00278,1.35807,1041.82,767.136,450.295,331.571,0.6224,0.458298,0.0,Ni,Yes,Ni,clean,Y,Y,Y,,N,,,,,,,,,,,,,,,,,,,,,,BETGIS_clean,389.9
BETGOY_clean,15.16495,5.42937,15.16495,1.28137,1222.88,954.353,401.433,313.284,0.472,0.368356,0.11956,Co,Yes,Co,clean,Y,Y,Y,,N,,,,,,,,,,,,,,,,,,,,,,BETGOY_clean,388.5
BETGUE_clean,15.53135,9.65919,15.53135,0.735216,1298.07,1765.57,466.651,634.712,0.7352,0.999978,0.0,Co,Yes,Co,clean,Y,Y,Y,,N,,,,,,,,,,,,,,,,,,,,,,BETGUE_clean,251.0
BETHEP_clean,15.93969,5.38602,15.93969,1.55026,1210.88,781.08,479.733,309.453,0.6876,0.443538,0.0,Cd,Yes,Cd,clean,Y,Y,Y,,N,,,,,,,,,,,,,,,,,,,,,,BETHEP_clean,393.2
BETHIT_clean,16.17666,10.50859,16.17666,0.819587,1287.14,1570.48,480.797,586.633,0.7656,0.934129,0.0,Cd,Yes,Cd,clean,Y,Y,Y,,N,,,,,,,,,,,,,,,,,,,,,,BETHIT_clean,260.3
BETZOR_clean,7.75357,4.72091,7.64098,1.06732,1559.59,1461.22,0.0,0.0,0.5544,0.519432,0.0,Mn,Yes,Mn,clean,Y,Y,Y,,N,,,,,,,,,,,,,,,,,,,,,,BETZOR_clean,761.2
BEVWAB_clean,10.82145,10.4749,10.82145,1.13595,1606.82,1414.52,0.0,0.0,0.6172,0.543335,0.0,"Cu,Zn",Yes,Cu,clean,Y,Y,Y,,N,,,,,,,,,,,,,,,,,,,,,,BEVWAB_clean,2211.1
BEWVOQ_clean,10.23635,8.28637,9.99929,0.717556,2413.7,3363.78,0.0,0.0,0.7708,1.0742,0.0,"Cr,Mn",No, ,clean,N,Y,Y,,N,,,,,,,,,,,,,,,,,,,,,,BEWVOQ_clean,138.5
BEWWEH_clean,9.01955,7.89385,9.01955,0.713962,2373.05,3323.78,0.0,0.0,0.7674,1.07485,0.0,"Cr,Mn",No, ,clean,Y,Y,Y,,N,,,,,,,,,,,,,,,,,,,,,,BEWWEH_clean,145.5
BEXPAX_clean,6.17717,5.82599,6.17717,0.749009,3226.03,4307.06,0.0,0.0,0.7082,0.945516,0.0,Ni,Yes,Ni,clean,Y,Y,Y,,N,,,,,,,,,,,,,,,,,,,,,,BEXPAX_clean,292.1
BEXQIF_clean,8.04962,5.28644,8.01765,0.683962,2466.36,3605.99,0.0,0.0,0.7172,1.0486,0.0,Fe,No, ,clean,Y,Y,Y,,N,,,,,,,,,,,,,,,,,,,,,,BEXQIF_clean,162.3
BEXQOL_clean,8.04915,5.31359,8.00625,0.699237,2471.17,3534.09,0.0,0.0,0.7174,1.02598,0.0,Co,No, ,clean,Y,Y,Y,,N,,,,,,,,,,,,,,,,,,,,,,BEXQOL_clean,156.4
BEXQUR_clean,8.07729,5.36514,8.07375,0.705667,2478.07,3511.67,0.0,0.0,0.72,1.02031,0.0,Ni,No, ,clean,Y,Y,Y,,N,,,,,,,,,,,,,,,,,,,,,,BEXQUR_clean,152.8
BEXRAY_clean,8.11263,5.64009,8.11263,0.639388,2590.56,4051.63,0.0,0.0,0.7392,1.15611,0.0,Mn,No, ,clean,Y,Y,Y,,N,,,,,,,,,,,,,,,,,,,,,,BEXRAY_clean,111.6
BEXREC_clean,8.13134,5.54983,8.13134,0.665352,2617.27,3933.67,0.0,0.0,0.7388,1.11039,0.0,Co,No, ,clean,Y,Y,Y,,N,,,,,,,,,,,,,,,,,,,,,,BEXREC_clean,113.8
BEXRIG_clean,8.16514,5.60091,8.16514,0.67222,2617.75,3894.19,0.0,0.0,0.7394,1.09994,0.0,Ni,No, ,clean,Y,Y,Y,,N,,,,,,,,,,,,,,,,,,,,,,BEXRIG_clean,113.7
BEXRUT_clean,6.49399,4.71424,6.45917,1.07075,1422.45,1328.47,0.0,0.0,0.585,0.546348,0.0,Ni,Yes,Ni,clean,Y,Y,Y,,N,,,,,,,,,,,,,,,,,,,,,,BEXRUT_clean,349.7
BEXSAA_clean,6.21678,4.72062,6.15067,0.992771,1456.96,1467.57,0.0,0.0,0.5884,0.592684,0.0,Mn,Yes,Mn,clean,Y,Y,Y,,N,,,,,,,,,,,,,,,,,,,,,,BEXSAA_clean,352.8
BEXSEE_clean,6.49176,4.26641,6.49176,1.04973,1376.89,1311.66,0.0,0.0,0.5628,0.536136,0.0,Co,Yes,Co,clean,Y,Y,Y,,N,,,,,,,,,,,,,,,,,,,,,,BEXSEE_clean,335.9
BEXSII_clean,6.27069,4.79422,6.26455,0.943025,2150.91,2280.86,0.0,0.0,0.668,0.708359,0.0,Cu,Yes,Cu,clean,Y,Y,Y,,N,,,,,,,,,,,,,,,,,,,,,,BEXSII_clean,292.4
BEXVEH_clean,9.97626,6.15688,9.95158,0.782835,2372.61,3030.79,0.0,0.0,0.7306,0.933274,0.0,Cu,Yes,Cu,clean,Y,Y,Y,,N,,,,,,,,,,,,,,,,,,,,,,BEXVEH_clean,391.5
BEYKEX_clean,5.23694,3.82822,5.23519,1.91723,1689.31,881.121,0.0,0.0,0.5532,0.288542,0.0,U,Yes,U,clean,Y,Y,Y,,N,,,,,,,,,,,,,,,,,,,,,,BEYKEX_clean,547.3
BEYSEF_clean,5.61731,4.74798,5.61731,1.17978,1409.15,1194.41,0.0,0.0,0.5534,0.469069,0.0,Co,No, ,clean,Y,Y,Y,,N,,,,,,,,,,,,,,,,,,,,,,BEYSEF_clean,326.3
BIBXIV_clean,18.4936,4.06846,18.4936,0.9977,1657.17,1660.99,0.0,0.0,0.7322,0.733888,0.0,Ni,No, ,clean,Y,Y,Y,,N,,,,,,,,,,,,,,,,,,,,,,BIBXIV_clean,553.7
BIBXOB_clean,19.69299,7.98654,19.69299,0.409554,1997.19,4876.5,0.0,0.0,0.826,2.01683,0.000488336,Ni,No, ,clean,Y,Y,Y,,N,,,,,,,,,,,,,,,,,,,,,,BIBXOB_clean,229.8
BIBXUH_clean,14.73899,5.12647,14.73899,0.739806,2068.95,2796.6,0.0,0.0,0.7088,0.958089,0.00108136,Ni,No, ,clean,Y,Y,Y,,N,,,,,,,,,,,,,,,,,,,,,,BIBXUH_clean,188.8
BICPOT_clean,7.30922,6.53578,7.30892,1.59286,1232.22,773.59,12.3074,7.72661,0.5162,0.324071,0.0,Al,No, ,clean,Y,Y,Y,,N,,,,,,,,,,,,,,,,,,,,,,BICPOT_clean,2967.5
BICPUA_clean,13.79678,9.90606,13.29085,0.543859,2105.6,3871.6,0.0,0.0,0.815,1.49855,0.0,Yb,Yes,Yb,clean,Y,Y,Y,,N,,,,,,,,,,,,,,,,,,,,,,BICPUA_clean,334.4
BIDPOV_clean,11.29156,6.79888,11.29156,0.619303,2469.5,3987.54,0.0,0.0,0.7532,1.21621,0.0,Cu,Yes,Cu,clean,Y,Y,Y,,N,,,,,,,,,,,,,,,,,,,,,,BIDPOV_clean,699.2
BIFGOO_clean,10.87246,9.01928,10.87246,1.75205,1220.8,696.781,0.0,0.0,0.5534,0.315858,0.0,"Cu,K",Yes,Cu,clean,Y,Y,Y,,N,,,,,,,,,,,,,,,,,,,,,,BIFGOO_clean,310.3
BIFKEI_clean,5.92703,4.3432,5.92703,1.02128,2025.04,1982.84,0.0,0.0,0.6088,0.596113,0.0,Cu,Yes,Cu,clean,Y,Y,Y,,N,,,,,,,,,,,,,,,,,,,,,,BIFKEI_clean,622.8
BIGZUO_clean,21.72315,20.98793,21.52659,0.308304,1399.52,4539.4,0.0,0.0,0.9064,2.93995,0.0,"Ag,Cr",Yes,"Ag,Cr",clean,Y,Y,Y,,N,,,,,,,,,,,,,,,,,,,,,,BIGZUO_clean,188.7
BIHBAX_clean,18.57439,17.55669,18.57439,0.321672,1460.76,4541.16,0.0,0.0,0.8984,2.79291,0.0,"Ag,Cr",Yes,"Ag,Cr",clean,Y,Y,Y,,N,,,,,,,,,,,,,,,,,,,,,,BIHBAX_clean,791.9
BIJDUV_clean,8.61386,5.69718,8.42708,0.896671,1704.44,1900.85,0.0,0.0,0.6122,0.682747,0.0,"Cd,Ti",Yes,Ti,clean,Y,Y,Y,,N,,,,,,,,,,,,,,,,,,,,,,BIJDUV_clean,354.8
BIMDEF_clean,4.67684,3.43732,4.67684,1.38964,1289.29,927.79,0.0,0.0,0.5428,0.390606,0.0,Cu,Yes,Cu,clean,Y,Y,Y,,N,,,,,,,,,,,,,,,,,,,,,,BIMDEF_clean,483.1
BIMDIL_clean,5.20728,3.51213,5.20728,1.39622,1478.14,1058.67,0.0,0.0,0.539,0.386042,0.0,Cu,Yes,Cu,clean,Y,Y,Y,,N,,,,,,,,,,,,,,,,,,,,,,BIMDIL_clean,532.2
BINCUY_manual,13.3117,8.62623,13.3117,0.583969,2196.14,3760.71,0.0,0.0,0.7246,1.24082,0.0,Co,No, ,manual,Y,Y,Y,,N,,,,,,,,,,,,,,,,,,,,,,BINCUY_manual,818.1
BINDAF_manual,13.14316,8.49712,13.14316,0.600599,2185.42,3638.73,0.0,0.0,0.7212,1.2008,0.0,Ni,No, ,manual,Y,Y,Y,,N,,,,,,,,,,,,,,,,,,,,,,BINDAF_manual,819.5
BINROH_clean,21.31368,10.23686,21.31368,0.503862,1906.53,3783.82,0.0,0.0,0.7964,1.58059,0.0,Cu,Yes,Cu,clean,Y,Y,Y,,N,,,,,,,,,,,,,,,,,,,,,,BINROH_clean,341.4
BINRUN_clean,21.10286,10.09364,21.09225,0.511736,1907.73,3727.96,0.0,0.0,0.7778,1.51992,0.0,Zn,Yes,Zn,clean,Y,Y,Y,,N,,,,,,,,,,,,,,,,,,,,,,BINRUN_clean,367.0
BINSAU_clean,21.88013,9.52705,21.05522,0.471575,1883.78,3994.65,0.0,0.0,0.7874,1.66972,0.0,Mn,Yes,Mn,clean,Y,Y,Y,,N,,,,,,,,,,,,,,,,,,,,,,BINSAU_clean,400.9
BIPLIX_clean,7.36646,5.75458,7.16866,1.07595,1632.15,1516.94,0.0,0.0,0.6014,0.558949,0.0,"Zn,Co",Yes,Zn,clean,Y,Y,Y,,N,,,,,,,,,,,,,,,,,,,,,,BIPLIX_clean,480.3
BIPSUQ_clean,18.61448,16.92881,18.61448,0.43749,1960.32,4480.84,0.0,0.0,0.8374,1.9141,0.0,Cu,Yes,Cu,clean,Y,Y,Y,,N,,,,,,,,,,,,,,,,,,,,,,BIPSUQ_clean,272.9
BIQHEQ_clean,4.74191,3.53352,4.74191,1.13318,1109.52,979.12,0.0,0.0,0.542,0.478299,0.0,"Zn,Fe",Yes,Zn,clean,Y,Y,Y,,N,,,,,,,,,,,,,,,,,,,,,,BIQHEQ_clean,521.6
BIQVII_clean,5.22147,4.62031,5.22147,1.62242,863.635,532.315,0.0,0.0,0.4264,0.262818,0.0,Ce,Yes,Ce,clean,Y,Y,Y,,N,,,,,,,,,,,,,,,,,,,,,,BIQVII_clean,324.1
BIRMUM_clean,5.54904,4.6855,5.54904,1.2621,494.559,391.853,0.0,0.0,0.4238,0.335789,0.0,Mn,Yes,Mn,clean,Y,Y,Y,,N,,,,,,,,,,,,,,,,,,,,,,BIRMUM_clean,395.0
BIRSEC_clean,6.48832,4.86094,6.48832,1.33798,1247.05,932.038,0.0,0.0,0.5134,0.383713,0.0,Co,Yes,Co,clean,Y,Y,Y,,N,,,,,,,,,,,,,,,,,,,,,,BIRSEC_clean,932.1
BIRSIG_clean,6.37536,4.74657,6.37536,1.3786,1214.29,880.813,0.0,0.0,0.4994,0.362252,0.0,Ni,Yes,Ni,clean,Y,Y,Y,,N,,,,,,,,,,,,,,,,,,,,,,BIRSIG_clean,995.9
BIWSEG_ion_b,29.73511,11.96997,29.73511,0.466941,1434.98,3073.15,0.0,0.0,0.843,1.80537,0.0,Cu,Yes,Cu,ion_b,Y,Y,Y,,N,,,,,,,,,,,,,,,,,,,,,,BIWSEG_ion_b,66.0
BIWSIK_ion_b,18.63687,3.90699,18.63687,0.676975,1941.67,2868.16,0.0,0.0,0.7214,1.06562,0.0,Mn,No, ,ion_b,Y,Y,Y,,N,,,,,,,,,,,,,,,,,,,,,,BIWSIK_ion_b,1014.6
BIWYAH10_clean,7.2461,5.52874,7.11386,0.722295,2876.07,3981.85,0.0,0.0,0.7574,1.0486,0.0,Nd,Yes,Nd,clean,N,Y,Y,,N,,,,,,,,,,,,,,,,,,,,,,BIWYAH10_clean,113.4
BIXXIR_clean,6.61997,3.93876,6.61997,3.35504,1248.51,372.13,0.0,0.0,0.4698,0.140028,0.0,"W,La,Si",Yes,"W,La,Si",clean,N,Y,Y,,N,,,,,,,,,,,,,,,,,,,,,,BIXXIR_clean,721.6
BIXYEO_clean,6.67369,4.00375,6.66785,3.33858,1267.68,379.707,0.0,0.0,0.4688,0.140419,0.0,"W,Si,Ce",Yes,"W,Ce",clean,N,Y,Y,,N,,,,,,,,,,,,,,,,,,,,,,BIXYEO_clean,774.6
BIYSUZ_clean,8.31867,7.50799,8.23674,1.3283,1507.88,1135.19,0.0,0.0,0.5826,0.438604,0.0,La,Yes,La,clean,Y,Y,Y,,N,,,,,,,,,,,,,,,,,,,,,,BIYSUZ_clean,163.3
BIYTAG_clean,8.33704,7.53322,8.33704,1.33737,1512.13,1130.67,0.0,0.0,0.5802,0.433835,0.0,Ce,Yes,Ce,clean,Y,Y,Y,,N,,,,,,,,,,,,,,,,,,,,,,BIYTAG_clean,184.3
BIYTOU_clean,7.95789,5.70379,7.949,1.02105,1875.01,1836.36,0.0,0.0,0.6212,0.608393,0.0,Mn,Yes,Mn,clean,Y,Y,Y,,N,,,,,,,,,,,,,,,,,,,,,,BIYTOU_clean,299.6
BIYVEM_clean,7.9618,7.16704,7.94594,1.42154,1501.18,1056.02,0.0,0.0,0.5718,0.402241,0.0,Sm,Yes,Sm,clean,Y,Y,Y,,N,,,,,,,,,,,,,,,,,,,,,,BIYVEM_clean,179.3
BIYVIQ_clean,8.9412,8.20862,8.9412,1.41865,1440.37,1015.31,0.0,0.0,0.5976,0.421246,0.0,Tb,Yes,Tb,clean,Y,Y,Y,,N,,,,,,,,,,,,,,,,,,,,,,BIYVIQ_clean,432.4
BIZLUT_clean,8.11197,6.3971,8.1065,0.849879,2006.01,2360.34,0.0,0.0,0.6572,0.773287,0.0,Tb,No, ,clean,Y,Y,Y,,N,,,,,,,,,,,,,,,,,,,,,,BIZLUT_clean,1568.6
BIZMAA_clean,8.82584,6.80117,8.82584,0.838203,2031.61,2423.76,0.0,0.0,0.6668,0.795512,0.0,Dy,No, ,clean,Y,Y,Y,,N,,,,,,,,,,,,,,,,,,,,,,BIZMAA_clean,1618.3
BIZMEE_clean,8.33004,6.47185,8.30636,0.855248,2017.93,2359.47,0.0,0.0,0.661,0.772875,0.0,Ho,No, ,clean,Y,Y,Y,,N,,,,,,,,,,,,,,,,,,,,,,BIZMEE_clean,1626.2
BIZMII_clean,8.09188,6.36998,8.09188,0.865187,2004.99,2317.41,0.0,0.0,0.6566,0.758911,0.0,Er,No, ,clean,Y,Y,Y,,N,,,,,,,,,,,,,,,,,,,,,,BIZMII_clean,1633.0
BOCKOT_clean,4.81526,3.42101,4.526,1.37869,1402.34,1017.16,0.0,0.0,0.5962,0.43244,0.0,Tb,Yes,Tb,clean,N,Y,Y,,N,,,,,,,,,,,,,,,,,,,,,,BOCKOT_clean,313.0
BOHJOZ_auto,7.4485,3.57263,7.4485,1.57117,1415.9,901.179,0.0,0.0,0.557,0.354513,0.000254588,Zr,No, ,auto,Y,Y,Y,,N,,,,,,,,,,,,,,,,,,,,,,BOHJOZ_auto,327.8
BOJCIN_clean,5.54889,5.25047,5.54889,1.10605,695.341,628.668,98.2069,88.7903,0.5312,0.480266,0.0,Mo,No, ,clean,Y,Y,Y,,N,,,,,,,,,,,,,,,,,,,,,,BOJCIN_clean,466.6
BOKQEZ_clean,7.07757,4.49353,7.07641,1.32957,1554.46,1169.14,0.0,0.0,0.5416,0.407349,0.0,Mn,Yes,Mn,clean,Y,Y,Y,,N,,,,,,,,,,,,,,,,,,,,,,BOKQEZ_clean,365.6
BOLPAU_clean,7.91374,5.10301,7.55666,0.900168,2008.9,2231.69,0.0,0.0,0.6468,0.718533,0.0,"Zn,Si",Yes,Zn,clean,Y,Y,Y,,N,,,,,,,,,,,,,,,,,,,,,,BOLPAU_clean,525.2
BOLZIN_clean,18.71247,7.75585,17.49896,0.466942,1971.58,4222.32,0.0,0.0,0.8076,1.72955,0.0,Zr,No, ,clean,Y,Y,Y,,N,,,,,,,,,,,,,,,,,,,,,,BOLZIN_clean,408.0
BOMCOX_clean,5.96735,4.28567,5.96735,1.1236,1334.13,1187.38,0.0,0.0,0.5368,0.477752,0.0,Zn,Yes,Zn,clean,Y,Y,Y,,N,,,,,,,,,,,,,,,,,,,,,,BOMCOX_clean,1208.2
BOPHIZ_clean,6.90751,5.24121,6.77761,1.23618,1521.62,1230.9,0.0,0.0,0.572,0.462715,0.0,Cd,Yes,Cd,clean,Y,Y,Y,,N,,,,,,,,,,,,,,,,,,,,,,BOPHIZ_clean,448.4
BOVHEB_clean,5.76843,4.22597,5.76235,1.21128,1167.42,963.79,0.0,0.0,0.531,0.43838,0.0,Zn,Yes,Zn,clean,N,Y,Y,,N,,,,,,,,,,,,,,,,,,,,,,BOVHEB_clean,1978.7
BOWDIC_clean,7.01096,4.61744,6.88238,1.0069,1455.4,1445.42,181.324,180.081,0.5804,0.57642,0.0,Co,Yes,Co,clean,Y,Y,Y,,N,,,,,,,,,,,,,,,,,,,,,,BOWDIC_clean,936.5
BOWNUY_clean,15.52711,9.99848,15.50545,0.770284,1323.45,1718.13,449.917,584.092,0.7344,0.953414,0.0,Cu,Yes,Cu,clean,Y,Y,Y,,N,,,,,,,,,,,,,,,,,,,,,,BOWNUY_clean,273.2
BOWRAH_clean,4.51959,4.0875,4.51959,2.30989,576.12,249.414,0.0,0.0,0.3594,0.155592,0.0,Fe,Yes,Fe,clean,Y,Y,Y,,N,,,,,,,,,,,,,,,,,,,,,,BOWRAH_clean,1457.2
BOWZUK_clean,8.36121,7.81351,8.30025,0.894084,1398.32,1563.97,0.0,0.0,0.6136,0.686289,0.0,Zn,Yes,Zn,clean,Y,Y,Y,,N,,,,,,,,,,,,,,,,,,,,,,BOWZUK_clean,186.8
BOXFOK_clean,18.0621,10.42327,18.0621,0.790526,1355.07,1714.14,197.917,250.36,0.69,0.872836,0.0,Dy,Yes,Dy,clean,Y,Y,Y,,N,,,,,,,,,,,,,,,,,,,,,,BOXFOK_clean,557.1
BOXYIY_clean,4.39053,3.85775,4.38747,1.58321,405.121,255.886,388.713,245.521,0.5092,0.321625,0.0,Mn,No, ,clean,Y,Y,Y,,N,,,,,,,,,,,,,,,,,,,,,,BOXYIY_clean,229.0
BOYCEY_auto,12.37213,6.12785,11.76706,0.613909,2396.05,3902.93,0.0,0.0,0.7532,1.22689,0.0,Cu,Yes,Cu,auto,Y,Y,Y,,N,,,,,,,,,,,,,,,,,,,,,,BOYCEY_auto,474.9
BOYTEQ_clean,4.92609,4.59373,4.92609,1.2701,571.535,449.993,0.0,0.0,0.42,0.330683,0.0,Mn,No, ,clean,Y,Y,Y,,N,,,,,,,,,,,,,,,,,,,,,,BOYTEQ_clean,377.8
BOYYOF_clean,9.47252,6.48081,9.47252,1.142,1531.96,1341.47,0.0,0.0,0.5924,0.518737,0.0,Cd,Yes,Cd,clean,Y,Y,Y,,N,,,,,,,,,,,,,,,,,,,,,,BOYYOF_clean,554.3
BOZFIH_clean,5.87158,4.75385,5.8575,1.05542,1850.88,1753.69,0.0,0.0,0.6,0.568494,0.0,Zn,Yes,Zn,clean,Y,Y,Y,,N,,,,,,,,,,,,,,,,,,,,,,BOZFIH_clean,1920.2
BOZFON_clean,6.15469,4.01567,6.15002,1.24414,1139.51,915.903,0.0,0.0,0.502,0.403491,0.0,Cd,Yes,Cd,clean,Y,Y,Y,,N,,,,,,,,,,,,,,,,,,,,,,BOZFON_clean,851.2
BUBQOE_clean,4.52128,3.65213,4.52128,2.72539,937.142,343.857,0.0,0.0,0.5338,0.195862,0.0,U,Yes,U,clean,Y,Y,Y,,N,,,,,,,,,,,,,,,,,,,,,,BUBQOE_clean,464.1
BUBTUP_clean,7.20698,3.66387,7.20698,1.23952,885.576,714.451,0.0,0.0,0.5112,0.412418,0.0,Cd,Yes,Cd,clean,N,Y,Y,,N,,,,,,,,,,,,,,,,,,,,,,BUBTUP_clean,438.6
BUCSEY_clean,4.71556,3.52125,4.69979,1.38457,757.197,546.884,0.91517,0.66098,0.4988,0.360257,0.0,"Ni,Fe",Yes,Ni,clean,Y,Y,Y,,N,,,,,,,,,,,,,,,,,,,,,,BUCSEY_clean,504.1
BUCVAY_clean,5.36914,3.4206,5.36914,1.22099,548.684,449.375,0.0,0.0,0.4634,0.379527,0.0,"Zn,Co",Yes,"Zn,Co",clean,Y,Y,Y,,N,,,,,,,,,,,,,,,,,,,,,,BUCVAY_clean,714.0
BUCWAZ_clean,8.06989,6.31772,7.96603,0.986571,2261.23,2292.01,0.0,0.0,0.6822,0.691486,0.0,Cd,Yes,Cd,clean,Y,Y,Y,,N,,,,,,,,,,,,,,,,,,,,,,BUCWAZ_clean,293.8
BUGSAY_clean,4.67913,4.1432,4.67313,1.68326,1087.13,645.849,0.0,0.0,0.5314,0.315696,0.0,Dy,Yes,Dy,clean,Y,Y,Y,,N,,,,,,,,,,,,,,,,,,,,,,BUGSAY_clean,445.9
BUGSEC_clean,4.72085,4.19082,4.71595,1.60879,1101.18,684.479,0.0,0.0,0.538,0.334413,0.0,Eu,Yes,Eu,clean,Y,Y,Y,,N,,,,,,,,,,,,,,,,,,,,,,BUGSEC_clean,448.6
BUGSIG_clean,4.72751,4.18275,4.72118,1.638,1097.7,670.147,0.0,0.0,0.5356,0.326984,0.0,Gd,Yes,Gd,clean,Y,Y,Y,,N,,,,,,,,,,,,,,,,,,,,,,BUGSIG_clean,447.4
BUGSOM_clean,4.69508,4.16375,4.68969,1.65941,1093.22,658.798,0.0,0.0,0.5332,0.321319,0.0,Tb,Yes,Tb,clean,Y,Y,Y,,N,,,,,,,,,,,,,,,,,,,,,,BUGSOM_clean,450.1
BUKMUQ01_clean,5.90111,4.73838,5.90111,0.853512,2933.47,3436.94,0.0,0.0,0.7038,0.824593,0.0,Zn,Yes,Zn,clean,Y,Y,Y,,N,,,,,,,,,,,,,,,,,,,,,,BUKMUQ01_clean,148.2
BUKRUW01_clean,10.63994,5.17607,10.63994,0.946218,2406.2,2542.96,0.0,0.0,0.7374,0.779313,0.0,Zn,Yes,Zn,clean,Y,Y,Y,,N,,,,,,,,,,,,,,,,,,,,,,BUKRUW01_clean,417.8
BUKRUW02_clean,10.18784,5.8011,10.17435,0.90051,2432.65,2701.41,0.0,0.0,0.7394,0.821091,0.0,Zn,Yes,Zn,clean,Y,Y,Y,,N,,,,,,,,,,,,,,,,,,,,,,BUKRUW02_clean,350.4
BUKRUW03_clean,10.56885,5.12331,10.56885,0.827757,2720.18,3286.2,0.0,0.0,0.764,0.922976,0.0,Zn,Yes,Zn,clean,Y,Y,Y,,N,,,,,,,,,,,,,,,,,,,,,,BUKRUW03_clean,287.5
BUKYAJ_clean,5.10209,3.53964,5.09477,0.92244,1064.13,1153.61,0.0,0.0,0.5144,0.557651,0.0,Li,No, ,clean,Y,Y,Y,,N,,,,,,,,,,,,,,,,,,,,,,BUKYAJ_clean,555.2
BULBER_clean,7.8305,4.27284,7.79516,1.49467,1437.06,961.456,0.0,0.0,0.5544,0.370918,0.0,Tb,Yes,Tb,clean,Y,Y,Y,,N,,,,,,,,,,,,,,,,,,,,,,BULBER_clean,563.7
BUNKUS_clean,39.11063,37.47642,39.11063,0.375289,1307.21,3483.2,0.0,0.0,0.8658,2.30702,0.0,Zr,Yes,Zr,clean,Y,Y,Y,,N,,,,,,,,,,,,,,,,,,,,,,BUNKUS_clean,274.2
BUNLAZ_clean,38.39638,36.09316,38.39638,0.330751,1417.57,4285.91,0.0,0.0,0.8776,2.65335,0.0,Zr,Yes,Zr,clean,Y,Y,Y,,N,,,,,,,,,,,,,,,,,,,,,,BUNLAZ_clean,230.8
BUPVEP_clean,8.00881,3.79594,6.88527,1.70124,1586.52,932.564,97.3647,57.2315,0.582,0.342103,0.00105805,Ce,No, ,clean,Y,Y,Y,,N,,,,,,,,,,,,,,,,,,,,,,BUPVEP_clean,312.9
BUQWER_clean,5.03897,4.14527,5.03897,1.26322,872.21,690.465,0.0,0.0,0.5016,0.39708,0.0,Cu,Yes,Cu,clean,N,Y,Y,,N,,,,,,,,,,,,,,,,,,,,,,BUQWER_clean,912.6
BURJOO_clean,5.25312,4.62411,5.25312,1.36621,795.034,581.927,0.0,0.0,0.4348,0.318253,0.0,Co,No, ,clean,Y,Y,Y,,N,,,,,,,,,,,,,,,,,,,,,,BURJOO_clean,270.7
BURQIQ_clean,8.30102,5.43995,8.30102,0.998622,1908.3,1910.93,0.0,0.0,0.629,0.629868,0.0,"Cd,Na",Yes,"Cd,Na",clean,Y,Y,Y,,N,,,,,,,,,,,,,,,,,,,,,,BURQIQ_clean,1585.7
BUSNAF_clean,7.07895,5.43293,7.07895,1.23597,749.429,606.348,0.0,0.0,0.4656,0.376708,0.0,Co,No, ,clean,Y,Y,Y,,N,,,,,,,,,,,,,,,,,,,,,,BUSNAF_clean,351.9
BUSQEM_clean,5.28773,3.7404,5.27624,0.951333,772.872,812.409,527.0,553.959,0.565,0.593903,0.0,Mn,No, ,clean,Y,Y,Y,,N,,,,,,,,,,,,,,,,,,,,,,BUSQEM_clean,536.9
BUSQIQ_clean,4.44057,3.72721,4.4272,1.56982,999.031,636.398,0.0,0.0,0.4302,0.274044,0.0,Al,No, ,clean,Y,Y,Y,,N,,,,,,,,,,,,,,,,,,,,,,BUSQIQ_clean,1261.0
BUSRUE_clean,6.9387,5.51917,6.92321,1.06823,1491.74,1396.46,0.0,0.0,0.5618,0.525916,0.0,Cd,No, ,clean,Y,Y,Y,,N,,,,,,,,,,,,,,,,,,,,,,BUSRUE_clean,621.2
BUVHEH_clean,4.88072,3.66399,4.88072,1.23567,2100.31,1699.73,0.0,0.0,0.5996,0.485242,0.0,Ce,Yes,Ce,clean,N,Y,Y,,N,,,,,,,,,,,,,,,,,,,,,,BUVHEH_clean,325.3
BUVWOF02_clean,7.02744,5.38791,7.02744,1.22872,811.616,660.538,0.0,0.0,0.4574,0.372258,0.0,Fe,No, ,clean,Y,Y,Y,,N,,,,,,,,,,,,,,,,,,,,,,BUVWOF02_clean,418.2
BUVWOF03_clean,7.08217,5.70931,7.08217,1.19421,800.187,670.058,0.0,0.0,0.4798,0.401773,0.0,Fe,No, ,clean,Y,Y,Y,,N,,,,,,,,,,,,,,,,,,,,,,BUVWOF03_clean,328.7
BUVXOG_clean,6.82532,5.20998,6.82532,1.26745,776.672,612.785,0.0,0.0,0.469,0.370036,0.0,Fe,No, ,clean,Y,Y,Y,,N,,,,,,,,,,,,,,,,,,,,,,BUVXOG_clean,408.8
BUVYEX_clean,7.01349,5.55881,7.01349,1.21167,786.339,648.971,0.0,0.0,0.4712,0.388885,0.0,Fe,No, ,clean,Y,Y,Y,,N,,,,,,,,,,,,,,,,,,,,,,BUVYEX_clean,312.7
BUVYIB01_clean,10.81747,8.62628,10.81747,0.682989,2289.3,3351.88,0.0,0.0,0.7066,1.03457,0.0,Fe,No, ,clean,Y,Y,Y,,N,,,,,,,,,,,,,,,,,,,,,,BUVYIB01_clean,360.8
BUVYIB_clean,10.88811,8.55613,10.38381,0.702067,2220.12,3162.26,0.0,0.0,0.6958,0.991073,0.0,Fe,No, ,clean,Y,Y,Y,,N,,,,,,,,,,,,,,,,,,,,,,BUVYIB_clean,367.1
BUWLUC_clean,5.18793,3.64341,5.18793,1.32106,1477.38,1118.33,1.23611,0.935694,0.6038,0.457058,0.0,Pr,Yes,Pr,clean,Y,Y,Y,,N,,,,,,,,,,,,,,,,,,,,,,BUWLUC_clean,325.8
BUWMAJ_clean,5.16551,3.78381,5.16551,1.21126,1971.74,1627.85,16.6796,13.7705,0.662,0.54654,0.0,Nd,Yes,Nd,clean,Y,Y,Y,,N,,,,,,,,,,,,,,,,,,,,,,BUWMAJ_clean,269.4
BUWMEN_clean,5.23161,3.83405,5.2282,1.19035,2065.33,1735.06,0.0,0.0,0.6496,0.545721,0.0,La,Yes,La,clean,Y,Y,Y,,N,,,,,,,,,,,,,,,,,,,,,,BUWMEN_clean,222.5
BUWMIR_clean,5.20646,3.81875,5.20646,1.17377,2092.97,1783.12,2.40975,2.053,0.6684,0.569448,0.0,Ce,Yes,Ce,clean,Y,Y,Y,,N,,,,,,,,,,,,,,,,,,,,,,BUWMIR_clean,206.8
BUXNOZ_clean,11.48655,6.30332,11.4793,0.804674,2171.28,2698.33,0.0,0.0,0.7258,0.90198,0.0,Cu,Yes,Cu,clean,Y,Y,Y,,N,,,,,,,,,,,,,,,,,,,,,,BUXNOZ_clean,886.0
BUXTOF_clean,5.10112,3.76343,4.43149,1.37664,488.999,355.212,519.913,377.668,0.5386,0.391242,0.0,Ag,Yes,Ag,clean,Y,Y,Y,,N,,,,,,,,,,,,,,,,,,,,,,BUXTOF_clean,2485.7
BUXZAX_clean,33.37685,31.81617,33.36969,0.55548,1448.92,2608.41,0.0,0.0,0.8332,1.49996,0.000360049,"Fe,Hf",Yes,"Fe,Hf",clean,Y,Y,Y,,N,,,,,,,,,,,,,,,,,,,,,,BUXZAX_clean,213.8
c4ce00408f_c4ce00408f2_clean,12.62762,5.23882,12.62762,1.04827,1808.67,1725.39,210.803,201.096,0.6818,0.650406,0.0,Cu,Yes,Cu,clean,Y,N,Y,,Y,ZOFDUV,Y,22/04/2014,10.1039/c4ce00408f,"1 SI, 3 Structure",ZOFDUV,SODPIM,SODQOT,ZOFDUV,,,,,,,,,,,,,c4ce00408f_c4ce00408f2_clean,4326.8
c4dt03702b_c4dt03702b2_clean,8.83143,6.21194,8.83143,0.592358,2322.31,3920.45,0.0,0.0,0.7494,1.26511,0.0,Co,No, ,clean,Y,N,Y,,Y,YUBTIA,Y,19/02/2014,10.1039/c4dt03702b,"1 SI, 3 Structure",YUBTIA,HOVGIK,YUBQET,YUBTIA,,,,,,,,,,,,,c4dt03702b_c4dt03702b2_clean,205.0
c5cc04223b_c5cc04223b2_clean,12.29704,9.67035,12.2571,0.522428,2226.93,4262.65,0.0,0.0,0.794,1.51983,0.0,Zn,Yes,Zn,clean,Y,N,Y,,N,,N,,,,,,,,,,,,,,,,,,,,c5cc04223b_c5cc04223b2_clean,209.3
c5cc09432a_c5cc09432a2_clean,7.04652,4.99124,7.03394,1.10591,1252.19,1132.28,0.0,0.0,0.53,0.479244,0.0,Co,Yes,Co,clean,Y,N,Y,,Y,SUVPUW,Y,09/11/2015,10.1039/c5cc09432a,"1 SI, 2 Structure",SUVPUW,SUVPOQ,SUVPUW,,,,,,,,,,,,,,c5cc09432a_c5cc09432a2_clean,801.4
c5cc10203k_c5cc10203k2_clean,16.11055,7.03802,16.11055,0.497,2186.45,4399.29,0.0,0.0,0.7782,1.5658,0.0,Cu,Yes,Cu,clean,Y,N,Y,,Y,WAJDUJ,Y,10/12/2015,10.1039/c5cc10203k,"1 SI, 5 Structure",WAJDUJ,WAHKUO,WAHNEB,WAHNIF,WAHNOL,WAJDUJ,,,,,,,,,,,c5cc10203k_c5cc10203k2_clean,471.4
c5ce00862j_c5ce00862j2_clean,7.29772,5.9904,7.16104,1.02623,1329.56,1295.58,0.0,0.0,0.5566,0.542374,0.0,Zn,No, ,clean,Y,N,Y,,Y,DUJDAP,Y,30/03/2015,10.1039/c5ce00862j,"1 SI, 3 Structure",DUJDAP,DUHXIP,DUJDAP,DUJDET,,,,,,,,,,,,,c5ce00862j_c5ce00862j2_clean,665.1
c5ce01948f_c5ce01948f2_clean,5.17559,4.77124,5.17559,1.89554,519.58,274.107,0.0,0.0,0.3868,0.204058,0.0,Ag,No, ,clean,Y,N,Y,,Y,XUZVUL,Y,17/12/2015,10.1039/c5ce01948f,"1 SI, 2 Structure",XUZVUL,XUZVUL,XUZWAS,,,,,,,,,,,,,,c5ce01948f_c5ce01948f2_clean,338.0
c5ce02194d_c5ce02194d2_clean,6.92785,5.95944,6.79754,0.95198,1569.85,1649.04,0.0,0.0,0.5884,0.61808,0.0,Zn,Yes,Zn,clean,Y,N,Y,,Y,TABPEU,Y,03/12/2015,10.1039/c5ce02194d,"1 SI, 5 Structure",TABPEU,TABPEU,TABPIY,TABPOE,TABPUK,TABQAR,,,,,,,,,,,c5ce02194d_c5ce02194d2_clean,607.5
c5cp03920g_c5cp03920g2_clean,8.5781,4.08235,8.5781,1.22102,1656.3,1356.48,0.0,0.0,0.5914,0.484347,0.000163797,Zr,No, ,clean,Y,N,Y,,N,,N,,,,,,,,,,,,,,,,,,,,c5cp03920g_c5cp03920g2_clean,225.8
c5dt03091a_c5dt03091a2_clean,12.70758,7.22422,12.62907,0.840959,1997.99,2375.84,0.0,0.0,0.7324,0.87091,0.0,Er,No, ,clean,Y,N,Y,,Y,ZUZZAX,Y,	18/11/2015,10.1039/c5dt03091a,"1 SI, 3 Structure",ZUZZAX,ZUZZAX,ZUZZEB,ZUZZIF,,,,,,,,,,,,,c5dt03091a_c5dt03091a2_clean,258.3
c5gc02393a_c5gc02393a2_clean,5.4044,4.48945,5.38726,1.33709,1164.94,871.248,14.4818,10.8309,0.513,0.383669,0.0,Cd,Yes,Cd,clean,Y,N,Y,,Y,YUYLEL,Y,12/09/2015,10.1039/c5gc02393a,"1 SI, 4 Structure",YUYLEL,YUYGOQ,YUYLEL,YUYLIP,YUYLOV,,,,,,,,,,,,c5gc02393a_c5gc02393a2_clean,544.7
c5nj01930c_c5nj01930c2_clean,5.64911,4.27538,5.64911,1.35969,1108.37,815.17,0.0,0.0,0.4986,0.366702,0.0,Nd,Yes,Nd,clean,Y,N,Y,,Y,VUKSUR,Y,01/10/2015,10.1039/c5nj01930c,"1 SI, 8 Structure",VUKSUR,VUKJOC,VUKJUI,VUKSUR,VUKTAY,VUKTEC,VUKTIG,VUKTOM,VUKTUS,,,,,,,,c5nj01930c_c5nj01930c2_clean,627.7
c5nj02634b_c5nj02634b2_clean,6.56089,5.15548,6.36711,0.972386,1739.81,1789.21,0.0,0.0,0.6012,0.618273,0.0,Zn,Yes,Zn,clean,Y,N,Y,,Y,SUWROT,Y,21/07/2015,10.1039/c5nj02634b,"1 SI, 4 Structure",SUWROT,DUNYIW,DUNYOC,SUWROT,SUWRUZ,,,,,,,,,,,,c5nj02634b_c5nj02634b2_clean,2044.2
c5sc03494a_c5sc03494a2_clean,6.21978,5.55178,6.21978,0.911359,2530.42,2776.54,0.0,0.0,0.701,0.769181,0.0,In,No, ,clean,Y,N,Y,,Y,ZUWXOG,Y,05/08/2015,10.1039/c5sc03494a,"1 SI, 2 Structure",ZUWXOG,ZUWXOG,ZUWXUM,,,,,,,,,,,,,,c5sc03494a_c5sc03494a2_clean,1086.0
c5ta04989j_c5ta04989j2_clean,7.09855,5.91102,7.08643,1.4765,1374.61,930.993,0.0,0.0,0.5276,0.357332,0.0,Eu,Yes,Eu,clean,Y,N,Y,,Y,YABKEU,Y,05/11/2015,10.1039/c5ta04989j,"1 SI, 1 Structure",YABKEU,,,,,,,,,,,,,,,,c5ta04989j_c5ta04989j2_clean,571.4
c6cc00862c_c6cc00862c2_clean,8.00553,6.19741,8.00553,0.932782,1633.12,1750.81,0.0,0.0,0.6212,0.665964,0.0,Zn,Yes,Zn,clean,Y,N,Y,,Y,VAJFOE,Y,18/12/2015,10.1039/c6cc00862c,"1 SI, 2 Structure",VAJFOE,VAJFOE,VAJGAR,,,,,,,,,,,,,,c6cc00862c_c6cc00862c2_clean,806.8
c6cc02494g_c6cc02494g1_clean,11.72847,10.48758,11.72847,1.03086,1570.44,1523.42,0.0,0.0,0.6508,0.631316,0.0,Mn,Yes,Mn,clean,Y,N,Y,,N,,N,,,,,,,,,,,,,,,,,,,,c6cc02494g_c6cc02494g1_clean,611.6
c6cc02494g_c6cc02494g3_clean,11.9944,10.81728,11.9944,1.03032,1587.16,1540.45,0.0,0.0,0.6594,0.639995,0.0,Mn,Yes,Mn,clean,Y,N,Y,,N,,N,,,,,,,,,,,,,,,,,,,,c6cc02494g_c6cc02494g3_clean,677.2
c6cc02494g_c6cc02494g4_clean,11.99779,10.81941,11.9905,1.02929,1587.08,1541.92,0.0,0.0,0.6598,0.641025,0.0,Mn,Yes,Mn,clean,Y,N,Y,,N,,N,,,,,,,,,,,,,,,,,,,,c6cc02494g_c6cc02494g4_clean,666.5
c6cc02494g_c6cc02494g5_clean,11.54428,10.77033,11.54428,1.02257,1607.9,1572.4,0.0,0.0,0.664,0.649342,0.0,Mn,Yes,Mn,clean,Y,N,Y,,N,,N,,,,,,,,,,,,,,,,,,,,c6cc02494g_c6cc02494g5_clean,583.9
c6cc02494g_c6cc02494g6_clean,11.73822,10.49789,11.73822,1.02922,1570.21,1525.64,0.0,0.0,0.6512,0.632715,0.0,Mn,Yes,Mn,clean,Y,N,Y,,N,,N,,,,,,,,,,,,,,,,,,,,c6cc02494g_c6cc02494g6_clean,609.9
c6ce00126b_c6ce00126b2_clean,5.67441,4.44258,5.66536,1.13028,1138.37,1007.16,0.0,0.0,0.5446,0.481828,0.0,Zn,Yes,Zn,clean,Y,N,Y,,Y,SACBUW,Y,30/12/2015,10.1039/c6ce00126b,"1 SI, 2 Structure",SACBUW,SACBUW,SACCAD,,,,,,,,,,,,,,c6ce00126b_c6ce00126b2_clean,803.7
c6ce00141f_c6ce00141f2_clean,9.56221,8.33336,9.07575,0.705297,1946.55,2759.91,0.0,0.0,0.6886,0.976327,0.0,Co,No, ,clean,Y,N,Y,,Y,VACKUI,Y,05/11/2015,10.1039/c6ce00141f,"1 SI, 2 Structure",VACKUI,VACKUI,VACLAP,,,,,,,,,,,,,,c6ce00141f_c6ce00141f2_clean,1113.5
c6ce00407e_c6ce00407e1_clean,15.77585,8.21654,15.76128,0.595584,2156.28,3620.44,0.0,0.0,0.7746,1.30057,0.0,Cu,Yes,Cu,clean,Y,N,Y,,N,,N,,,,,,,,,,,,,,,,,,,,c6ce00407e_c6ce00407e1_clean,326.2
c6ce00407e_c6ce00407e2_clean,12.56279,7.41464,12.35901,0.699904,2125.04,3036.19,0.0,0.0,0.7334,1.04786,0.0,Cu,Yes,Cu,clean,Y,N,Y,,N,,N,,,,,,,,,,,,,,,,,,,,c6ce00407e_c6ce00407e2_clean,309.7
c6ce00407e_c6ce00407e3_clean,12.83222,6.18664,12.83222,0.918215,2210.46,2407.34,0.0,0.0,0.7204,0.784565,0.0,Cu,Yes,Cu,clean,Y,N,Y,,N,,N,,,,,,,,,,,,,,,,,,,,c6ce00407e_c6ce00407e3_clean,234.6
c6ce00407e_c6ce00407e4_clean,54.27623,28.17362,54.19829,0.0636525,512.685,8054.44,0.0,0.0,0.9694,15.2296,0.0,Zn,No, ,clean,Y,N,Y,,N,,N,,,,,,,,,,,,,,,,,,,,c6ce00407e_c6ce00407e4_clean,1340.7
c6ce00407e_c6ce00407e7_clean,33.68342,15.87888,33.68342,0.207465,1336.6,6442.53,0.0,0.0,0.9124,4.39786,0.0,Cu,Yes,Cu,clean,Y,N,Y,,N,,N,,,,,,,,,,,,,,,,,,,,c6ce00407e_c6ce00407e7_clean,367.1
c6ce00407e_c6ce00407e8_clean,6.42415,4.65473,6.4148,0.850252,2400.69,2823.5,0.0,0.0,0.6736,0.792235,0.0,Cu,Yes,Cu,clean,Y,N,Y,,N,,N,,,,,,,,,,,,,,,,,,,,c6ce00407e_c6ce00407e8_clean,275.8
c6ce00407e_c6ce00407e9_clean,13.32178,10.04301,13.32178,0.313342,1952.24,6230.37,0.0,0.0,0.8528,2.72162,0.0,Cu,Yes,Cu,clean,Y,N,Y,,N,,N,,,,,,,,,,,,,,,,,,,,c6ce00407e_c6ce00407e9_clean,106.6
c6dt03852b_c6dt03852b2_clean,13.14811,11.57992,13.14609,0.737977,1944.6,2635.04,0.0,0.0,0.7482,1.01385,0.000271011,Zr,Yes,Zr,clean,Y,N,Y,,Y,IZIBUQ,Y,05/07/2016,10.1039/c6dt03852b,"1 SI, 1 Structure",IZIBUQ,,,,,,,,,,,,,,,,c6dt03852b_c6dt03852b2_clean,152.1
c6dt04165e_c6dt04165e2_clean,11.42803,10.46351,11.42803,1.35886,1522.4,1120.35,0.0,0.0,0.6814,0.501451,0.0,Zn,No, ,clean,Y,N,Y,,Y,EBEXOB,Y,11/10/2011,10.1039/c6dt04165e,"1 SI, 5 Structure",EBEXOB,EBEWUG,EBEXAN,EBEXER,EBEXIV,EBEXOB,,,,,,,,,,,c6dt04165e_c6dt04165e2_clean,229.6
c6ta00429f_c6ta00429f2_clean,15.86893,5.53957,7.79231,0.722489,2062.25,2854.37,0.0,0.0,0.6916,0.957247,0.000276821,Zr,No, ,clean,Y,N,Y,,Y,NABVAQ,Y,14/07/2015,10.1039/c6ta00429f,"1 SI, 1 Structure",NABVAQ,,,,,,,,,,,,,,,,c6ta00429f_c6ta00429f2_clean,2432.0
CABJOH_clean,4.53725,3.92462,4.47478,1.06179,1786.16,1682.21,0.0,0.0,0.5552,0.522889,0.0,Ni,Yes,Ni,clean,Y,Y,Y,,N,,,,,,,,,,,,,,,,,,,,,,CABJOH_clean,433.4
CACBUG_clean,4.28617,3.67636,4.28617,1.29935,625.637,481.501,0.0,0.0,0.4628,0.356178,0.0,Zn,Yes,Zn,clean,Y,Y,Y,,N,,,,,,,,,,,,,,,,,,,,,,CACBUG_clean,273.4
CADPII_clean,5.83331,5.05627,5.83331,2.03698,286.725,140.76,0.0,0.0,0.351,0.172314,0.0,Zn,Yes,Zn,clean,Y,Y,Y,,N,,,,,,,,,,,,,,,,,,,,,,CADPII_clean,346.5
CADQAB_clean,6.63883,4.78268,6.63883,1.11548,2206.23,1977.84,0.0,0.0,0.6348,0.569083,0.0,Pr,Yes,Pr,clean,N,Y,Y,,N,,,,,,,,,,,,,,,,,,,,,,CADQAB_clean,274.4
CADQOP_clean,6.71582,4.81933,6.71582,1.09675,2218.01,2022.35,0.0,0.0,0.6388,0.58245,0.0,Ce,Yes,Ce,clean,N,Y,Y,,N,,,,,,,,,,,,,,,,,,,,,,CADQOP_clean,240.2
CADZIT_clean,4.17501,3.53659,4.16494,1.26214,543.593,430.693,0.0,0.0,0.4638,0.367472,0.0,Zn,No, ,clean,Y,Y,Y,,N,,,,,,,,,,,,,,,,,,,,,,CADZIT_clean,593.6
CAGSAG_clean,9.02799,5.29308,7.06322,0.961699,2031.62,2112.53,9.03866,9.39864,0.6624,0.688781,0.0,Zn,Yes,Zn,clean,Y,Y,Y,,N,,,,,,,,,,,,,,,,,,,,,,CAGSAG_clean,600.8
CAGXIU_clean,5.87273,4.76439,5.85793,1.68022,875.321,520.957,0.0,0.0,0.4288,0.255205,0.0,Ba,No, ,clean,N,Y,Y,,N,,,,,,,,,,,,,,,,,,,,,,CAGXIU_clean,518.9
CAJQEL_clean,13.93661,8.23046,13.93661,0.705662,2053.08,2909.44,0.0,0.0,0.7554,1.07048,0.0,Cu,Yes,Cu,clean,Y,Y,Y,,N,,,,,,,,,,,,,,,,,,,,,,CAJQEL_clean,247.9
CAJQIP_clean,13.27741,7.61293,13.27741,0.545408,2173.64,3985.35,0.0,0.0,0.787,1.44296,0.0,Cu,Yes,Cu,clean,Y,Y,Y,,N,,,,,,,,,,,,,,,,,,,,,,CAJQIP_clean,161.4
CAJWIV_ion_b,6.19996,3.79741,6.11559,1.07892,1261.13,1168.88,0.0,0.0,0.546,0.50606,0.0,"In,Li",Yes,Li,ion_b,Y,Y,Y,,N,,,,,,,,,,,,,,,,,,,,,,CAJWIV_ion_b,525.0
CANRIU_clean,6.98874,4.43531,6.97328,0.861557,1846.01,2142.64,0.0,0.0,0.6044,0.70152,0.0,"Mg,Si",Yes,Mg,clean,Y,Y,Y,,N,,,,,,,,,,,,,,,,,,,,,,CANRIU_clean,665.7
CANROA_clean,6.93935,4.21694,6.93935,0.944373,1810.25,1916.88,0.0,0.0,0.5966,0.631742,0.0,"Si,Co",Yes,Co,clean,Y,Y,Y,,N,,,,,,,,,,,,,,,,,,,,,,CANROA_clean,623.2
CANRUG_clean,6.57321,4.9271,6.57235,0.884567,1797.13,2031.65,0.0,0.0,0.588,0.664732,0.0,"Ca,Si",Yes,Ca,clean,Y,Y,Y,,N,,,,,,,,,,,,,,,,,,,,,,CANRUG_clean,1624.7
CANYIB_clean,8.93125,8.46949,8.93125,1.07172,1754.82,1637.38,0.0,0.0,0.614,0.572909,0.0,Co,Yes,Co,clean,Y,Y,Y,,N,,,,,,,,,,,,,,,,,,,,,,CANYIB_clean,774.8
CAPLOX_clean,6.59085,5.37966,6.59085,1.11008,2109.4,1900.22,0.0,0.0,0.6376,0.574371,0.0,Nd,Yes,Nd,clean,N,Y,Y,,N,,,,,,,,,,,,,,,,,,,,,,CAPLOX_clean,361.6
CAQCAZ_clean,6.29148,5.67839,6.29148,1.73371,1423.23,820.916,0.0,0.0,0.5114,0.294974,0.0,In,No, ,clean,Y,Y,Y,,N,,,,,,,,,,,,,,,,,,,,,,CAQCAZ_clean,1017.9
CARGEI_clean,4.10808,3.65886,4.09677,3.44333,235.863,68.4985,0.0,0.0,0.3342,0.0970573,0.0,"Ag,Cs",Yes,"Cs,Ag",clean,Y,Y,Y,,N,,,,,,,,,,,,,,,,,,,,,,CARGEI_clean,216.0
CASTEW_clean,6.08438,5.45003,6.05599,1.74666,1447.28,828.595,0.0,0.0,0.5044,0.288779,0.0,In,No, ,clean,Y,Y,Y,,N,,,,,,,,,,,,,,,,,,,,,,CASTEW_clean,1033.9
CAVMOD_clean,10.28847,9.36955,10.28847,0.959454,1312.84,1368.32,0.0,0.0,0.585,0.609722,0.0,Zn,Yes,Zn,clean,Y,Y,Y,,N,,,,,,,,,,,,,,,,,,,,,,CAVMOD_clean,433.3
CAVNOE_clean,5.24143,4.75286,5.24143,1.73091,867.69,501.29,0.0,0.0,0.4214,0.243455,0.0,Sc,No, ,clean,Y,Y,Y,,N,,,,,,,,,,,,,,,,,,,,,,CAVNOE_clean,433.7
CAVPEW_manual,20.25907,7.7782,20.25907,0.40269,1930.55,4794.14,0.0,0.0,0.8198,2.03581,0.0,Co,No, ,manual,Y,Y,Y,,N,,,,,,,,,,,,,,,,,,,,,,CAVPEW_manual,1346.7
CAVPIA_manual,19.92035,7.75151,19.86628,0.416148,1969.69,4733.15,0.0,0.0,0.8146,1.95748,0.0,Cu,No, ,manual,Y,Y,Y,,N,,,,,,,,,,,,,,,,,,,,,,CAVPIA_manual,1389.8
CAVPUM_manual,20.42812,7.78019,20.42812,0.407456,1942.56,4767.53,0.0,0.0,0.8202,2.01298,0.0,Zn,Yes,Zn,manual,Y,Y,Y,,N,,,,,,,,,,,,,,,,,,,,,,CAVPUM_manual,1456.7
CAVRAU_clean,8.06449,6.42877,8.06449,0.994088,1841.55,1852.5,0.0,0.0,0.6396,0.643404,0.0,Zn,Yes,Zn,clean,Y,Y,Y,,N,,,,,,,,,,,,,,,,,,,,,,CAVRAU_clean,904.1
CAVREY_clean,7.18071,5.30054,7.16429,1.02665,1966.55,1915.49,0.0,0.0,0.6398,0.62319,0.0,Zn,Yes,Zn,clean,Y,Y,Y,,N,,,,,,,,,,,,,,,,,,,,,,CAVREY_clean,996.3
CAVSUP_clean,6.03054,5.46806,6.0217,1.37834,1107.72,803.663,0.0,0.0,0.5324,0.386261,0.0,La,No, ,clean,Y,Y,Y,,N,,,,,,,,,,,,,,,,,,,,,,CAVSUP_clean,209.2
CAVVUS_clean,8.70352,6.17686,8.67533,1.10684,1589.76,1436.3,0.0,0.0,0.6378,0.576233,0.0,Zn,Yes,Zn,clean,Y,Y,Y,,N,,,,,,,,,,,,,,,,,,,,,,CAVVUS_clean,336.0
CAWDOU02_clean,6.97816,4.93144,6.97816,0.905214,1990.01,2198.39,0.0,0.0,0.6108,0.674758,0.0,Cu,Yes,Cu,clean,Y,Y,Y,,N,,,,,,,,,,,,,,,,,,,,,,CAWDOU02_clean,388.8
CAWVIH_SL,6.49654,4.73872,6.48371,1.24069,901.093,726.283,0.0,0.0,0.4956,0.399454,0.0,Zn,No, ,SL,Y,Y,Y,,N,,,,,,,,,,,,,,,,,,,,,,CAWVIH_SL,695.3
CAXTAY_clean,10.46003,5.71128,10.46003,0.724219,2006.33,2770.34,0.0,0.0,0.6846,0.945294,0.0,Al,No, ,clean,Y,Y,Y,,N,,,,,,,,,,,,,,,,,,,,,,CAXTAY_clean,252.0
CAXTEC_clean,10.87616,5.2726,10.87615,0.837152,1928.01,2303.05,0.0,0.0,0.6672,0.796988,0.0,Al,No, ,clean,Y,Y,Y,,N,,,,,,,,,,,,,,,,,,,,,,CAXTEC_clean,406.2
CAXVII_clean,11.59355,10.81405,11.59355,1.12398,1567.91,1394.96,0.0,0.0,0.6396,0.569048,0.0,Fe,Yes,Fe,clean,Y,Y,Y,,N,,,,,,,,,,,,,,,,,,,,,,CAXVII_clean,274.4
CAXVOO_clean,11.60689,10.81841,11.60689,1.12075,1577.05,1407.14,0.0,0.0,0.6396,0.57069,0.0,Fe,Yes,Fe,clean,Y,Y,Y,,N,,,,,,,,,,,,,,,,,,,,,,CAXVOO_clean,268.0
CAXVUU_clean,11.30625,10.52946,11.30625,1.14718,1579.61,1376.96,0.0,0.0,0.6282,0.547605,0.0,Fe,Yes,Fe,clean,Y,Y,Y,,N,,,,,,,,,,,,,,,,,,,,,,CAXVUU_clean,262.6
CAXWAB_clean,11.47981,10.7455,11.47981,1.14506,1582.63,1382.13,0.0,0.0,0.6306,0.550713,0.0,Fe,Yes,Fe,clean,Y,Y,Y,,N,,,,,,,,,,,,,,,,,,,,,,CAXWAB_clean,266.2
CAXWEF_clean,11.4766,10.80771,11.4766,1.14451,1589.9,1389.16,0.0,0.0,0.6324,0.552552,0.0,Fe,Yes,Fe,clean,Y,Y,Y,,N,,,,,,,,,,,,,,,,,,,,,,CAXWEF_clean,268.4
CAXWIJ_clean,11.51419,10.74209,11.51419,1.143,1585.27,1386.93,0.0,0.0,0.6362,0.556603,0.0,Fe,Yes,Fe,clean,Y,Y,Y,,N,,,,,,,,,,,,,,,,,,,,,,CAXWIJ_clean,272.4
CAXXEG_clean,6.07325,3.85926,6.03932,1.21319,1423.03,1172.97,0.0,0.0,0.5422,0.446922,0.0,Ni,No, ,clean,Y,Y,Y,,N,,,,,,,,,,,,,,,,,,,,,,CAXXEG_clean,978.9
CAXZOS_clean,9.21896,5.54947,8.26542,0.933786,1488.97,1594.55,0.0,0.0,0.591,0.632907,0.0,Co,No, ,clean,Y,Y,Y,,N,,,,,,,,,,,,,,,,,,,,,,CAXZOS_clean,4009.3
CAXZUY_clean,9.32301,5.43687,8.01925,0.950981,1467.16,1542.78,0.0,0.0,0.579,0.608845,0.0,Ni,No, ,clean,Y,Y,Y,,N,,,,,,,,,,,,,,,,,,,,,,CAXZUY_clean,1573.6
CAYCAI_clean,6.80768,3.74439,6.80768,1.98488,984.427,495.962,6.49147,3.27046,0.4704,0.236991,0.0,"Mo,Rb,Na",Yes,"Mo,Rb",clean,Y,Y,Y,,N,,,,,,,,,,,,,,,,,,,,,,CAYCAI_clean,306.1
CAYDEN_clean,5.0519,4.88565,5.0519,1.50882,682.819,452.551,0.0,0.0,0.463,0.306862,0.0,Cu,No, ,clean,Y,Y,Y,,N,,,,,,,,,,,,,,,,,,,,,,CAYDEN_clean,286.8
CAYDIR_clean,5.11017,4.94322,5.11017,1.49623,706.715,472.33,0.0,0.0,0.4642,0.310247,0.0,Cu,No, ,clean,Y,Y,Y,,N,,,,,,,,,,,,,,,,,,,,,,CAYDIR_clean,291.5
CAYDUD_clean,5.16273,4.98367,5.16273,1.48699,695.762,467.899,0.0,0.0,0.4646,0.312443,0.0,Cu,No, ,clean,Y,Y,Y,,N,,,,,,,,,,,,,,,,,,,,,,CAYDUD_clean,280.7
CAYKEU_clean,6.90917,5.51195,6.89676,1.65926,1248.25,752.294,0.0,0.0,0.5378,0.32412,0.0,Pr,Yes,Pr,clean,N,Y,Y,,N,,,,,,,,,,,,,,,,,,,,,,CAYKEU_clean,578.6
CAYMIZ_clean,5.09274,4.35949,5.06741,1.47774,1017.51,688.557,0.0,0.0,0.4866,0.329286,0.0,Gd,No, ,clean,N,Y,Y,,N,,,,,,,,,,,,,,,,,,,,,,CAYMIZ_clean,485.0
CAYQAV_clean,5.97925,4.27197,5.97925,1.3965,1570.86,1124.85,0.0,0.0,0.5832,0.417615,0.0,Ce,Yes,Ce,clean,N,Y,Y,,N,,,,,,,,,,,,,,,,,,,,,,CAYQAV_clean,555.2
CAYSIE_clean,7.01369,4.99057,7.01369,1.16777,715.513,612.717,0.0,0.0,0.471,0.403332,0.0,Co,No, ,clean,Y,Y,Y,,N,,,,,,,,,,,,,,,,,,,,,,CAYSIE_clean,402.3
CAYSOK_clean,7.10061,5.08651,7.10061,1.15597,734.4,635.313,0.0,0.0,0.476,0.411777,0.0,Mn,No, ,clean,Y,Y,Y,,N,,,,,,,,,,,,,,,,,,,,,,CAYSOK_clean,333.6
CAYYEG_clean,7.23384,5.22809,7.23384,1.1195,757.877,676.976,0.0,0.0,0.4822,0.430726,0.0,Mn,No, ,clean,Y,Y,Y,,N,,,,,,,,,,,,,,,,,,,,,,CAYYEG_clean,399.6
CAZGIT_clean,5.03658,3.98397,5.03257,1.74975,597.309,341.369,0.0,0.0,0.4322,0.247007,0.0,"Mo,Cu",Yes,"Mo,Cu",clean,Y,Y,Y,,N,,,,,,,,,,,,,,,,,,,,,,CAZGIT_clean,877.6
CAZNEY_clean,6.26427,5.09264,6.24536,0.832059,2251.27,2705.66,0.0,0.0,0.6506,0.781916,0.0,Co,Yes,Co,clean,Y,Y,Y,,N,,,,,,,,,,,,,,,,,,,,,,CAZNEY_clean,370.9
CEBDOD_clean,5.66465,5.15984,5.65666,2.39766,855.034,356.611,0.0,0.0,0.4118,0.171751,0.0,Ba,Yes,Ba,clean,Y,Y,Y,,N,,,,,,,,,,,,,,,,,,,,,,CEBDOD_clean,365.2
CECVAI_clean,8.49795,6.03194,7.93874,0.769652,2649.07,3441.9,0.0,0.0,0.7384,0.959394,0.0,Cu,Yes,Cu,clean,Y,Y,Y,,N,,,,,,,,,,,,,,,,,,,,,,CECVAI_clean,816.3
CEDFIC_clean,5.4924,4.94828,5.32905,1.21421,1932.36,1591.46,0.0,0.0,0.6236,0.513586,0.0,Gd,Yes,Gd,clean,N,Y,Y,,N,,,,,,,,,,,,,,,,,,,,,,CEDFIC_clean,543.2
CEGDUO_clean,4.82541,3.97638,4.82307,1.91831,724.949,377.909,0.0,0.0,0.4724,0.246258,0.0,Ag,Yes,Ag,clean,Y,Y,Y,,N,,,,,,,,,,,,,,,,,,,,,,CEGDUO_clean,350.1
CEGFAW_clean,4.76954,3.53933,4.76954,1.84478,851.951,461.818,0.0,0.0,0.4894,0.265289,0.0,Ag,Yes,Ag,clean,Y,Y,Y,,N,,,,,,,,,,,,,,,,,,,,,,CEGFAW_clean,418.2
CEGWER_clean,4.43901,3.87534,4.42525,1.46079,690.461,472.661,0.0,0.0,0.4246,0.290664,0.0,Ca,Yes,Ca,clean,N,Y,Y,,N,,,,,,,,,,,,,,,,,,,,,,CEGWER_clean,467.5
CEHLAD_clean,10.21413,5.8901,10.08749,0.853623,2217.93,2598.26,0.0,0.0,0.735,0.861036,0.0,Zn,Yes,Zn,clean,Y,Y,Y,,N,,,,,,,,,,,,,,,,,,,,,,CEHLAD_clean,736.7
CEJBEA_clean,7.33038,5.85474,7.33038,1.57516,776.239,492.799,0.0,0.0,0.4492,0.285177,0.0,Dy,No, ,clean,Y,Y,Y,,N,,,,,,,,,,,,,,,,,,,,,,CEJBEA_clean,381.2
CEJCAW_clean,5.5108,4.81672,5.5108,1.18356,1317.21,1112.92,29.3634,24.8094,0.5646,0.477037,0.0,Cu,Yes,Cu,clean,Y,Y,Y,,N,,,,,,,,,,,,,,,,,,,,,,CEJCAW_clean,253.4
CEJZAU_clean,7.19009,4.36372,6.93205,1.03983,1483.83,1427.0,0.0,0.0,0.5552,0.533934,0.0,Co,No, ,clean,Y,Y,Y,,N,,,,,,,,,,,,,,,,,,,,,,CEJZAU_clean,1040.5
CEKHIL_clean,8.90548,6.79186,8.80947,0.613586,2659.69,4334.67,0.0,0.0,0.7608,1.23992,0.0,Co,Yes,Co,clean,Y,Y,Y,,N,,,,,,,,,,,,,,,,,,,,,,CEKHIL_clean,169.9
CEKROB_clean,5.35179,3.54558,5.35179,1.20403,773.46,642.39,0.0,0.0,0.4936,0.409955,0.0,"Mn,Fe",No, ,clean,Y,Y,Y,,N,,,,,,,,,,,,,,,,,,,,,,CEKROB_clean,304.5
CELZEA_clean,5.3255,4.52273,5.32364,1.62985,1218.16,747.41,0.0,0.0,0.5184,0.318067,0.0,Mo,Yes,Mo,clean,Y,Y,Y,,N,,,,,,,,,,,,,,,,,,,,,,CELZEA_clean,286.5
CEMYUQ_clean,6.77494,3.84893,6.77491,1.21968,1760.79,1443.65,0.0,0.0,0.6118,0.501606,0.0,"Fe,Pt",Yes,Pt,clean,Y,Y,Y,,N,,,,,,,,,,,,,,,,,,,,,,CEMYUQ_clean,327.6
CENJIQ_clean,8.5056,4.03981,8.49212,1.2776,1268.59,992.946,62.8816,49.2184,0.584,0.457106,0.0,Cu,Yes,Cu,clean,Y,Y,Y,,N,,,,,,,,,,,,,,,,,,,,,,CENJIQ_clean,247.3
CENKAJ_clean,8.21931,4.12189,8.21931,1.27633,1215.32,952.199,71.8847,56.3212,0.5908,0.462888,0.0,Cu,Yes,Cu,clean,Y,Y,Y,,N,,,,,,,,,,,,,,,,,,,,,,CENKAJ_clean,246.8
CENPUI_clean,6.19698,4.05893,5.0808,0.999903,1127.63,1127.74,0.0,0.0,0.537,0.537052,0.0,Mg,Yes,Mg,clean,Y,Y,Y,,N,,,,,,,,,,,,,,,,,,,,,,CENPUI_clean,1319.3
CETFOX_clean,5.89862,5.05783,5.89274,1.36113,1575.61,1157.57,0.0,0.0,0.5628,0.413479,0.0,Nd,Yes,Nd,clean,Y,Y,Y,,N,,,,,,,,,,,,,,,,,,,,,,CETFOX_clean,241.8
CETFUD_clean,4.78644,4.1075,4.78644,1.42835,1079.17,755.535,0.0,0.0,0.4914,0.344034,0.0,Pr,Yes,Pr,clean,Y,Y,Y,,N,,,,,,,,,,,,,,,,,,,,,,CETFUD_clean,440.3
CETGOY_clean,10.22503,9.4107,10.22503,0.619603,1948.44,3144.66,0.0,0.0,0.6924,1.11749,0.0,Ni,Yes,Ni,clean,Y,Y,Y,,N,,,,,,,,,,,,,,,,,,,,,,CETGOY_clean,570.4
CETHEQ_clean,9.71439,7.35018,9.71439,1.06464,1786.46,1678.0,0.0,0.0,0.68,0.638714,0.0,Cu,Yes,Cu,clean,Y,Y,Y,,N,,,,,,,,,,,,,,,,,,,,,,CETHEQ_clean,206.3
CETJAN_clean_h,5.90298,3.79569,5.88477,1.04758,1099.93,1049.97,0.0,0.0,0.521,0.497338,0.0,Co,No, ,clean_h,N,Y,Y,,N,,,,,,,,,,,,,,,,,,,,,,CETJAN_clean_h,944.9
CETNUL_clean,4.58077,3.60286,4.56313,1.13657,1013.54,891.755,16.0108,14.0869,0.5734,0.504499,0.0,Cd,No, ,clean,Y,Y,Y,,N,,,,,,,,,,,,,,,,,,,,,,CETNUL_clean,953.3
CEXHET_clean,5.56032,3.64308,4.81937,1.07672,1426.07,1324.45,4.06218,3.77273,0.5636,0.523441,0.0,"Ag,Fe",Yes,Ag,clean,Y,Y,Y,,N,,,,,,,,,,,,,,,,,,,,,,CEXHET_clean,475.8
CEXHOD_clean,6.20263,3.99405,6.1987,0.988457,1905.85,1928.11,0.0,0.0,0.5896,0.596485,0.0,"Ag,Co",Yes,Ag,clean,Y,Y,Y,,N,,,,,,,,,,,,,,,,,,,,,,CEXHOD_clean,955.2
CEXJOF_clean,6.33683,4.40395,6.33247,1.02087,1398.78,1370.18,127.063,124.465,0.5504,0.539146,0.0,"Ag,Fe",Yes,Ag,clean,Y,Y,Y,,N,,,,,,,,,,,,,,,,,,,,,,CEXJOF_clean,5017.8
CEYPUT01_clean,5.3037,3.76464,5.15402,1.22825,976.383,794.936,0.0,0.0,0.5114,0.416364,0.0,Co,No, ,clean,Y,Y,Y,,N,,,,,,,,,,,,,,,,,,,,,,CEYPUT01_clean,781.9
CEYPUT_clean,5.36995,3.83237,5.24339,1.20669,1059.79,878.268,0.0,0.0,0.5054,0.418833,0.0,Co,No, ,clean,Y,Y,Y,,N,,,,,,,,,,,,,,,,,,,,,,CEYPUT_clean,768.8
CEZFIY_clean,5.34194,3.72114,5.30915,1.18992,1017.05,854.72,0.0,0.0,0.4786,0.40221,0.0,Zn,No, ,clean,Y,Y,Y,,N,,,,,,,,,,,,,,,,,,,,,,CEZFIY_clean,1017.7
cg034025wsi20030214_115651_clean,4.98405,3.48688,4.91647,1.80625,1199.75,664.222,0.0,0.0,0.5452,0.30184,0.0,Er,Yes,Er,clean,Y,N,Y,,Y,PIZPIX01,Y,19/07/2002,10.1021/cg034025w,"1 SI, 1 Structure",PIZPIX01,,,,,,,,,,,,,,,,cg034025wsi20030214_115651_clean,391.9
cg060732osi20070605_042406_clean,6.23351,5.51273,6.19042,0.921282,2509.58,2724.01,0.0,0.0,0.696,0.755469,0.0,In,No, ,clean,Y,N,Y,,Y,TIKXAN,Y,03/11/2004,10.1021/cg060732o,"1 SI, 1 Structure",TIKXAN,,,,,,,,,,,,,,,,cg060732osi20070605_042406_clean,350.1
cg200332y_si_002_clean,5.21581,3.97485,5.21581,1.32224,2143.79,1621.34,0.0,0.0,0.6406,0.484482,0.0,Ga,No, ,clean,Y,N,Y,,N,,Y,15/08/2011,10.1021/cg200332y,"1 SI, 4 Structure",AWEFAK,AWEFAK,AWEFAK01,AWEFIS,AWEFIS01,,,,,,,,,,,,cg200332y_si_002_clean,681.5
cg200606r_si_001_clean,4.89412,3.61697,4.88387,1.24739,1030.7,826.282,0.0,0.0,0.5586,0.447815,0.0,Zn,Yes,Zn,clean,Y,N,Y,,Y,UZUZOF,Y,	11/04/2011,10.1021/cg200606r,"1 SI, 2 Structure",UZUZOF,UZUZOF,UZUZUL,,,,,,,,,,,,,,cg200606r_si_001_clean,586.4
cg300302n_si_004_clean,4.26728,3.40774,4.26728,1.22723,425.532,346.741,0.0,0.0,0.4466,0.363908,0.0,Co,No, ,clean,Y,N,Y,,Y,KEFZOM,Y,13/07/2012,10.1021/cg300302n,"1 SI, 1 Structure",KEFZOM,,,,,,,,,,,,,,,,cg300302n_si_004_clean,235.8
cg300827e_si_003_clean,6.49481,4.26763,6.39496,1.12226,1820.26,1621.96,0.0,0.0,0.6138,0.546932,0.0,Cd,No, ,clean,Y,N,Y,,N,,N,,,,,,,,,,,,,,,,,,,,cg300827e_si_003_clean,4523.8
cg301577a_si_002_clean,13.79617,7.99146,13.47475,0.563648,2128.96,3777.11,0.0,0.0,0.7834,1.38987,0.0,Cu,Yes,Cu,clean,Y,N,Y,,Y,XICKOL,Y,	12/07/2012,10.1021/cg301577a,"1 SI, 1 Structure",XICKOL,,,,,,,,,,,,,,,,cg301577a_si_002_clean,258.6
cg301725z_si_004_clean,4.69664,4.11195,4.68637,1.09749,1702.36,1551.13,0.0,0.0,0.5844,0.532487,0.0,Mn,No, ,clean,Y,N,Y,,Y,WEYPUN,Y,01/12/2008,10.1021/cg301725z,"1 SI, 1 Structure",WEYPUN,,,,,,,,,,,,,,,,cg301725z_si_004_clean,533.2
cg400449c_si_001_clean,12.65792,7.41339,12.43712,0.667569,2346.54,3515.05,0.0,0.0,0.7554,1.13157,0.0,Cu,Yes,Cu,clean,Y,N,Y,,Y,KIRFOI,Y,20/02/2013,10.1021/cg400449c,"1 SI, 1 Structure",KIRFOI,,,,,,,,,,,,,,,,cg400449c_si_001_clean,416.6
cg401858s_si_002_clean,5.76822,4.62513,5.72988,1.11065,1442.06,1298.4,0.0,0.0,0.5672,0.510693,0.0,Ag,Yes,Ag,clean,Y,N,Y,,Y,WITKOB,Y,03/03/2014,10.1021/cg401858s,"1 SI, 3 Structure",WITKOB,WITKOB,WITKUH,WITLAO,,,,,,,,,,,,,cg401858s_si_002_clean,435.1
cg401887b_si_003_clean,8.26997,6.53639,8.26997,0.770939,2356.88,3057.16,0.0,0.0,0.7266,0.942487,0.0,Zn,Yes,Zn,clean,Y,N,Y,,Y,FIZPUB,Y,13/11/2013,10.1021/cg401887b,"1 SI, 1 Structure",FIZPUB,,,,,,,,,,,,,,,,cg401887b_si_003_clean,598.2
cg401887b_si_004_clean,8.20931,6.61957,8.1877,0.786825,2323.24,2952.68,0.0,0.0,0.7066,0.898039,0.0,Cu,Yes,Cu,clean,Y,N,Y,,Y,FIZQAI,Y,13/11/2013,10.1021/cg401887b,"1 SI, 1 Structure",FIZQAI,,,,,,,,,,,,,,,,cg401887b_si_004_clean,556.7
cg500033b_si_002_clean,6.04182,4.78062,6.04182,1.0885,1374.83,1263.05,0.0,0.0,0.5536,0.508589,0.0,Zn,Yes,Zn,clean,Y,N,Y,,Y,XOFYOI,Y,14/03/2014,10.1021/cg500033b,"1 SI, 1 Structure",XOFYOI,,,,,,,,,,,,,,,,cg500033b_si_002_clean,1344.0
cg500033b_si_003_clean,4.83661,3.74279,4.83563,1.15821,667.849,576.623,201.392,173.883,0.5058,0.436709,0.0,Zn,No, ,clean,Y,N,Y,,Y,XOFYUO,Y,14/03/2014,10.1021/cg500033b,"1 SI, 1 Structure",XOFYUO,,,,,,,,,,,,,,,,cg500033b_si_003_clean,1493.7
cg500091k_si_002_clean,7.03754,5.53828,7.03754,0.930114,2289.08,2461.07,0.0,0.0,0.6592,0.70873,0.0,Co,Yes,Co,clean,Y,N,Y,,Y,XOLSUO,Y,01/03/2013,10.1021/cg500091k,"1 SI, 2 Structure",XOLSUO,XOLSOI,XOLSUO,,,,,,,,,,,,,,cg500091k_si_002_clean,378.1
cg500121f_si_004_clean,4.92521,3.49647,4.87249,1.18083,1031.61,873.629,0.0,0.0,0.5556,0.470517,0.0,Co,No, ,clean,Y,N,Y,,Y,FODJAL,Y,30/09/2013,10.1021/cg500121f,"1 SI, 1 Structure",FODJAL,,,,,,,,,,,,,,,,cg500121f_si_004_clean,341.9
cg500149s_si_002_clean,5.58191,4.61814,5.576,1.28231,662.205,516.417,0.0,0.0,0.4432,0.345627,0.0,Cu,No, ,clean,Y,N,Y,,Y,FODCOS,Y,11/12/2013,10.1021/cg500149s,"1 SI, 1 Structure",FODCOS,,,,,,,,,,,,,,,,cg500149s_si_002_clean,439.8
cg500192d_si_003_clean,11.24994,9.49767,11.24883,0.554498,2069.35,3731.94,0.0,0.0,0.7928,1.42976,0.0,Cd,No, ,clean,Y,N,Y,,Y,SOLMUD,Y,04/06/2014,10.1021/cg500192d,"1 SI, 1 Structure",SOLMUD,,,,,,,,,,,,,,,,cg500192d_si_003_clean,192.6
cg501012e_si_002_clean,10.40468,5.07098,10.12255,0.834367,2007.02,2405.44,0.0,0.0,0.668,0.800607,0.0,Zn,Yes,Zn,clean,Y,N,Y,,Y,YOVCAP,Y,16/02/2015,10.1021/cg501012e,"1 SI, 1 Structure",YOVCAP,,,,,,,,,,,,,,,,cg501012e_si_002_clean,541.1
cg5010616_si_003_clean,4.68057,3.6532,4.67686,1.10074,1075.03,976.65,11.638,10.5729,0.4874,0.442795,0.0,"Si,Fe",Yes,Si,clean,Y,N,Y,,Y,YOYTOX01,Y,17/02/2015,10.1021/cg5010616,"1 SI, 1 Structure",YOYTOX01,,,,,,,,,,,,,,,,cg5010616_si_003_clean,613.3
cg5010616_si_007_clean,4.62764,3.59212,4.62764,1.09202,987.897,904.65,4.23835,3.8812,0.4894,0.44816,0.0,"Si,Fe",Yes,Si,clean,Y,N,Y,,Y,YOYVEP,Y,17/02/2015,10.1021/cg5010616,"1 SI, 1 Structure",YOYVEP,,,,,,,,,,,,,,,,cg5010616_si_007_clean,580.7
cg501141m_si_002_clean,7.16379,4.82619,7.11311,0.994067,1469.53,1478.3,195.255,196.42,0.5926,0.596137,0.0,Co,Yes,Co,clean,Y,N,Y,,Y,BOWDOI,Y,23/07/2014,10.1021/cg501141m,"1 SI, 1 Structure",BOWDOI,,,,,,,,,,,,,,,,cg501141m_si_002_clean,1902.7
cg501231v_si_001_clean,17.06774,7.18297,17.06774,0.779609,1749.67,2244.29,0.0,0.0,0.6902,0.885316,0.0,Ag,No, ,clean,Y,N,Y,,Y,YOYZUJ,Y,17/02/2015,10.1021/cg501231v,"1 SI, 1 Structure",YOYZUJ,,,,,,,,,,,,,,,,cg501231v_si_001_clean,971.8
cg5012617_si_002_clean,6.32079,5.69332,6.32079,1.49326,566.795,379.568,60.4946,40.5117,0.4478,0.29988,0.0,"Cu,Nd",Yes,Nd,clean,Y,N,Y,,Y,YOZHIG,Y,17/02/2015,10.1021/cg5012617,"1 SI, 4 Structure",YOZHIG,YOZHIG,YOZHOM,YOZHUS,YOZJAA,,,,,,,,,,,,cg5012617_si_002_clean,458.2
cg501279y_si_002_clean,6.41301,4.86183,6.41301,1.15346,875.131,758.698,0.0,0.0,0.4984,0.43209,0.0,Ni,No, ,clean,Y,N,Y,,Y,YOYNOR,Y,17/02/2015,10.1021/cg501279y,"1 SI, 10 Structure",YOYNOR,YOYNOR,YOYNUX,YOYPAF,YOYPEJ,YOYPIN,YOYPOT,YOYPUZ,YOYQAG,YOYQEK,YOYQIO,,,,,,cg501279y_si_002_clean,729.9
cg501332u_si_002_clean,6.1572,4.57393,6.1572,1.23684,1051.25,849.954,0.0,0.0,0.5146,0.416062,0.0,"Cu,Co",No, ,clean,Y,N,Y,,Y,YOYZAP,Y,17/02/2015,10.1021/cg501332u,"1 SI, 2 Structure",YOYZAP,YOYZAP,YOYZET,,,,,,,,,,,,,,cg501332u_si_002_clean,322.4
cg501560z_si_002_clean,9.02632,7.52711,9.02632,0.738263,2435.69,3299.23,0.0,0.0,0.7636,1.03432,0.0,"Cr,Mn",No, ,clean,Y,N,Y,,N,,Y,13/03/2015,10.1021/cg501560z,"1 SI, 1 Structure",RUGKEL,,,,,,,,,,,,,,,,cg501560z_si_002_clean,551.3
cg501560z_si_003_clean,10.58889,8.21137,10.57587,0.621509,2301.94,3703.79,0.0,0.0,0.8104,1.30392,0.0,"Cr,Mn",Yes,Mn,clean,Y,N,Y,,Y,RUGKEL,Y,13/03/2015,10.1021/cg501560z,"1 SI, 1 Structure",RUGKIP,,,,,,,,,,,,,,,,cg501560z_si_003_clean,110.9
cg501730q_si_002_clean,15.26084,10.84338,15.26084,0.834696,1931.13,2313.57,0.0,0.0,0.7224,0.865465,0.0,Cu,Yes,Cu,clean,Y,N,Y,,Y,RUGKIP,Y,18/09/2015,10.1021/cg501730q,"1 SI, 1 Structure",KUPTIA,,,,,,,,,,,,,,,,cg501730q_si_002_clean,621.1
cg800424t_si_002_clean,11.07723,9.2554,11.07723,0.942046,1274.04,1352.42,0.0,0.0,0.6274,0.665997,0.0,Cd,Yes,Cd,clean,Y,N,Y,,Y,COMFAM01,Y,19/04/2008,10.1021/cg800424t,"1 SI, 1 Structure",COMFAM01,,,,,,,,,,,,,,,,cg800424t_si_002_clean,424.4
cg8013317_si_003_clean,5.86482,4.33377,5.84465,0.919505,1402.89,1525.7,0.0,0.0,0.564,0.613373,0.0,Co,Yes,Co,clean,Y,N,Y,,Y,MOYQIB,Y,11/11/2004,10.1021/cg8013317,"1 SI, 1 Structure",MOYQIB,,,,,,,,,,,,,,,,cg8013317_si_003_clean,998.4
cg900153m_si_001_clean,16.94263,7.25585,10.11151,0.592421,2320.63,3917.2,0.0,0.0,0.7834,1.32237,0.0,Zn,Yes,Zn,clean,Y,N,Y,,N,,Y,04/02/2009,10.1021/cg900153m,"1 SI, 1 Structure",GUKQUZ,,,,,,,,,,,,,,,,cg900153m_si_001_clean,855.9
cg901114e_si_002_clean,4.97956,4.41476,4.97764,1.61977,1113.96,687.724,0.0,0.0,0.4738,0.29251,0.0,"Na,Ce",Yes,"Na,Ce",clean,Y,N,Y,,Y,PURQID,Y,11/08/2009,10.1021/cg901114e,"1 SI, 1 Structure",PURQID,,,,,,,,,,,,,,,,cg901114e_si_002_clean,277.2
cg901128k_si_004_clean,5.1054,4.19275,5.1054,1.86722,389.052,208.359,0.0,0.0,0.4158,0.222684,0.0,Cu,No, ,clean,Y,N,Y,,Y,PURTEC,Y,12/03/2010,10.1021/cg901128k,"1 SI, 1 Structure",PURTEC,,,,,,,,,,,,,,,,cg901128k_si_004_clean,394.1
cg901312t_si_002_clean,15.54833,7.92817,14.85181,0.630454,2258.1,3581.71,0.0,0.0,0.764,1.21183,0.0,Zn,Yes,Zn,clean,Y,N,Y,,N,,Y,22/07/2010,10.1021/cg901312t,"1 SI, 1 Structure",QUTYOU,,,,,,,,,,,,,,,,cg901312t_si_002_clean,1792.2
CIDKUX_clean,9.17673,8.30352,9.17673,1.04661,1668.34,1594.05,0.0,0.0,0.6532,0.624113,0.0,Cu,Yes,Cu,clean,Y,Y,Y,,N,,,,,,,,,,,,,,,,,,,,,,CIDKUX_clean,222.8
CIFDOM_clean,5.56405,4.03207,5.56103,0.979977,1797.6,1834.33,0.0,0.0,0.591,0.603075,0.0,Mn,Yes,Mn,clean,N,Y,Y,,N,,,,,,,,,,,,,,,,,,,,,,CIFDOM_clean,592.9
CIFDUS_clean,6.0819,4.13005,6.0819,0.982136,1846.77,1880.36,0.0,0.0,0.6008,0.611728,0.0,Mn,Yes,Mn,clean,N,Y,Y,,N,,,,,,,,,,,,,,,,,,,,,,CIFDUS_clean,589.4
CIFJAE_clean,5.80851,5.16856,5.80851,1.17303,1403.54,1196.51,0.0,0.0,0.544,0.463755,0.0,Mn,Yes,Mn,clean,N,Y,Y,,N,,,,,,,,,,,,,,,,,,,,,,CIFJAE_clean,388.1
CIFLUA_clean,9.37773,7.98095,9.37773,0.746179,1903.8,2551.39,0.0,0.0,0.6868,0.920422,0.0,Co,Yes,Co,clean,Y,Y,Y,,N,,,,,,,,,,,,,,,,,,,,,,CIFLUA_clean,952.9
CIFMAH_clean,10.24439,9.01949,10.24042,0.733938,2150.52,2930.12,0.0,0.0,0.6824,0.929779,0.0,Co,Yes,Co,clean,Y,Y,Y,,N,,,,,,,,,,,,,,,,,,,,,,CIFMAH_clean,835.9
CIFMEL_clean,8.24371,5.76486,8.24371,0.761139,2746.38,3608.25,0.0,0.0,0.7488,0.983788,0.0,Co,Yes,Co,clean,N,Y,Y,,N,,,,,,,,,,,,,,,,,,,,,,CIFMEL_clean,102.8
CIFMIP_clean,7.90061,6.44934,7.90061,1.08801,1993.5,1832.24,0.0,0.0,0.6246,0.574075,0.0,Co,Yes,Co,clean,Y,Y,Y,,N,,,,,,,,,,,,,,,,,,,,,,CIFMIP_clean,424.9
CIGDUT_clean,5.04549,3.73361,5.01118,1.73625,237.061,136.536,547.429,315.294,0.5092,0.293276,0.0,Dy,Yes,Dy,clean,N,Y,Y,,N,,,,,,,,,,,,,,,,,,,,,,CIGDUT_clean,551.6
CIGFAB_clean,5.06435,3.71465,5.06435,1.72692,240.436,139.228,509.807,295.211,0.5158,0.298682,0.0,Tb,Yes,Tb,clean,N,Y,Y,,N,,,,,,,,,,,,,,,,,,,,,,CIGFAB_clean,493.1
CIGFEF_clean,5.08065,3.70225,5.00391,1.56415,1026.35,656.171,0.0,0.0,0.547,0.349712,0.0,Nd,Yes,Nd,clean,N,Y,Y,,N,,,,,,,,,,,,,,,,,,,,,,CIGFEF_clean,328.9
CIGXIA_manual,28.48677,11.8329,28.48274,0.684425,1325.74,1937.02,47.85,69.9127,0.7628,1.11451,0.0,Fe,Yes,Fe,manual,Y,Y,Y,,N,,,,,,,,,,,,,,,,,,,,,,CIGXIA_manual,4091.5
CIJVOH01_clean,5.72943,4.43683,5.71847,1.42641,2600.15,1822.87,0.0,0.0,0.6914,0.484714,0.0,Cd,Yes,Cd,clean,Y,Y,Y,,N,,,,,,,,,,,,,,,,,,,,,,CIJVOH01_clean,195.5
CIJVOH_clean,5.67314,4.40026,5.67231,1.44318,2399.39,1662.57,0.0,0.0,0.687,0.476032,0.0,Cd,Yes,Cd,clean,Y,Y,Y,,N,,,,,,,,,,,,,,,,,,,,,,CIJVOH_clean,189.0
CIPCUB_clean,4.79005,3.99723,4.76699,1.72886,1140.31,659.571,0.0,0.0,0.5,0.289207,0.0,"Cd,Ag",Yes,Ag,clean,N,Y,Y,,N,,,,,,,,,,,,,,,,,,,,,,CIPCUB_clean,866.3
CIRTUU_clean,15.60203,7.15132,15.60203,0.583758,2414.48,4136.1,0.0,0.0,0.7788,1.33412,0.0,Cu,Yes,Cu,clean,Y,Y,Y,,N,,,,,,,,,,,,,,,,,,,,,,CIRTUU_clean,543.4
CISLUN_clean,5.76312,4.73452,5.67518,0.963118,2174.12,2257.37,0.0,0.0,0.655,0.680083,0.0,Cu,Yes,Cu,clean,Y,Y,Y,,N,,,,,,,,,,,,,,,,,,,,,,CISLUN_clean,268.6
CISXEJ_clean,8.40281,5.25443,8.32688,0.998279,1037.93,1039.71,82.5858,82.7282,0.5322,0.533117,0.0,"Na,Pb",Yes,"Na,Pb",clean,Y,Y,Y,,N,,,,,,,,,,,,,,,,,,,,,,CISXEJ_clean,997.0
CITZIP_manual,6.91567,6.30981,6.88477,1.43035,1426.63,997.402,0.0,0.0,0.5266,0.368162,0.0,Co,No, ,manual,Y,Y,Y,,N,,,,,,,,,,,,,,,,,,,,,,CITZIP_manual,309.3
CIVTEH_clean,5.3881,4.01709,5.3881,1.06088,1244.8,1173.37,0.0,0.0,0.5492,0.517684,0.0,Cu,Yes,Cu,clean,Y,Y,Y,,N,,,,,,,,,,,,,,,,,,,,,,CIVTEH_clean,644.4
CIWREG_clean,8.13471,7.32788,8.13207,1.23149,2046.97,1662.19,0.793114,0.644029,0.6562,0.532851,0.0,Zn,No, ,clean,Y,Y,Y,,N,,,,,,,,,,,,,,,,,,,,,,CIWREG_clean,1409.3
CIWRIK_clean,8.18288,7.41537,8.15939,1.23146,2070.3,1681.17,0.299565,0.243259,0.6662,0.540982,0.0,Zn,No, ,clean,Y,Y,Y,,N,,,,,,,,,,,,,,,,,,,,,,CIWRIK_clean,1357.6
CIWROQ_clean,8.21788,7.67164,8.21788,1.21042,2075.04,1714.31,0.0,0.0,0.6722,0.555343,0.0,Zn,No, ,clean,Y,Y,Y,,N,,,,,,,,,,,,,,,,,,,,,,CIWROQ_clean,1421.6
CIWRUW_clean,8.32352,7.79985,8.25756,1.23467,2023.32,1638.75,0.0,0.0,0.6682,0.541198,0.0,Zn,No, ,clean,Y,Y,Y,,N,,,,,,,,,,,,,,,,,,,,,,CIWRUW_clean,1350.1
CIWSAD_clean,8.30771,7.62763,8.30771,1.22175,2054.23,1681.39,0.0,0.0,0.6672,0.546104,0.0,Zn,No, ,clean,Y,Y,Y,,N,,,,,,,,,,,,,,,,,,,,,,CIWSAD_clean,1370.8
CIWYUD_clean,7.106,4.57125,7.10384,1.41213,1333.92,944.617,0.0,0.0,0.5334,0.377728,0.0,Co,Yes,Co,clean,Y,Y,Y,,N,,,,,,,,,,,,,,,,,,,,,,CIWYUD_clean,315.0
CIWZEP_clean,6.72158,5.37996,6.72158,1.16391,939.134,806.877,0.0,0.0,0.5184,0.445394,0.0,"Mo,Ni",No, ,clean,Y,Y,Y,,N,,,,,,,,,,,,,,,,,,,,,,CIWZEP_clean,828.5
CIWZIT_clean,6.79559,5.48299,6.79559,1.25271,971.679,775.661,0.13923,0.111143,0.5152,0.411268,0.0,"W,Ni",No, ,clean,Y,Y,Y,,N,,,,,,,,,,,,,,,,,,,,,,CIWZIT_clean,843.1
CIXBUH_clean,8.16009,7.52386,8.14429,1.22695,2058.62,1677.84,0.0,0.0,0.6684,0.544765,0.0,Zn,No, ,clean,Y,Y,Y,,N,,,,,,,,,,,,,,,,,,,,,,CIXBUH_clean,1352.4
CIXCAO_clean,8.41278,7.79803,8.41278,1.20596,2061.81,1709.68,0.0,0.0,0.6754,0.560051,0.0,Zn,No, ,clean,Y,Y,Y,,N,,,,,,,,,,,,,,,,,,,,,,CIXCAO_clean,1430.6
CIYZUG_clean,4.43409,3.66305,4.43409,1.41147,330.488,234.144,0.0,0.0,0.4122,0.292036,0.0,Cu,Yes,Cu,clean,Y,Y,Y,,N,,,,,,,,,,,,,,,,,,,,,,CIYZUG_clean,370.5
CIZMIJ_clean,6.80411,4.91458,6.62402,0.777083,2425.06,3120.72,0.0,0.0,0.6814,0.876869,0.0,Zn,Yes,Zn,clean,Y,Y,Y,,N,,,,,,,,,,,,,,,,,,,,,,CIZMIJ_clean,321.1
CIZPOS_clean,10.90949,3.96313,10.90949,0.997777,2106.31,2111.0,0.0,0.0,0.6492,0.650646,0.0,Cu,Yes,Cu,clean,Y,Y,Y,,N,,,,,,,,,,,,,,,,,,,,,,CIZPOS_clean,795.8
cm1008587_si_003_clean,6.03686,5.8505,6.03686,1.12119,1527.32,1362.24,0.0,0.0,0.5816,0.518737,0.0,Fe,No, ,clean,Y,N,Y,,Y,SADMOB,Y,19/08/2010,10.1021/cm1008587,"1 SI, 1 Structure",SADMOB,,,,,,,,,,,,,,,,cm1008587_si_003_clean,294.9
cm202876r_si_002_clean,4.47913,3.53194,4.47073,1.51151,750.121,496.273,0.0,0.0,0.4498,0.297584,0.0,Co,Yes,Co,clean,Y,N,Y,,Y,GEGGEG,Y,19/07/2012,10.1021/cm202876r,"1 SI, 5 Structure",GEGGEG,GEGGEG,GEGGIK,GEGGIK01,GEGGUW,GEGHAD,,,,,,,,,,,cm202876r_si_002_clean,1653.6
cm301726k_si_004_clean,7.25727,6.70407,7.25727,1.2275,1056.33,860.551,0.0,0.0,0.4792,0.390387,0.0,Mg,Yes,Mg,clean,Y,N,Y,,N,,N,,,,,,,,,,,,,,,,,,,,cm301726k_si_004_clean,412.7
cm303749m_si_001_clean,11.62501,8.78986,11.62501,0.556141,2268.15,4078.37,0.0,0.0,0.7584,1.36368,0.0,Zn,Yes,Zn,clean,Y,N,Y,,N,,N,,,,,,,,,,,,,,,,,,,,cm303749m_si_001_clean,149.9
cm303749m_si_002_clean,11.94079,10.66908,11.94079,0.51806,2178.92,4205.92,0.0,0.0,0.7776,1.50099,0.0,Zn,Yes,Zn,clean,Y,N,Y,,N,,N,,,,,,,,,,,,,,,,,,,,cm303749m_si_002_clean,140.6
cm500700z_si_002_clean,6.28804,4.63482,6.27649,0.925761,2471.95,2670.19,0.0,0.0,0.6686,0.722217,0.0,Eu,Yes,Eu,clean,Y,N,Y,,Y,KUNSET,Y,11/09/2015,10.1021/cm500700z,"1 SI, 1 Structure",KUNSET,,,,,,,,,,,,,,,,cm500700z_si_002_clean,881.8
cm500700z_si_003_clean,7.09965,5.06719,7.09965,1.05656,1959.47,1854.58,0.0,0.0,0.6212,0.587946,0.0,In,No, ,clean,Y,N,Y,,Y,KUNSAP,Y,11/09/2015,10.1021/cm500700z,"1 SI, 1 Structure",KUNSAP,,,,,,,,,,,,,,,,cm500700z_si_003_clean,2369.0
cm501138g_si_002_clean,13.2781,6.68961,13.2781,0.886331,2090.67,2358.79,0.0,0.0,0.7192,0.811435,0.0,Cu,Yes,Cu,clean,Y,N,Y,,Y,DOTSOV43,Y,13/02/2015,10.1021/cm501138g,"1 SI, 1 Structure",DOTSOV43,,,,,,,,,,,,,,,,cm501138g_si_002_clean,233.5
cm501138g_si_005_clean,13.193,6.5701,13.193,0.888496,2142.98,2411.92,0.0,0.0,0.7196,0.809908,0.0,Cu,Yes,Cu,clean,Y,N,Y,,Y,YOZMOR,Y,13/02/2015,10.1021/cm501138g,"1 SI, 1 Structure",YOZMOR,,,,,,,,,,,,,,,,cm501138g_si_005_clean,239.8
cm501138g_si_006_clean,13.20287,6.64275,13.20287,0.881027,2105.19,2389.47,0.0,0.0,0.7198,0.817001,0.0,Cu,Yes,Cu,clean,Y,N,Y,,Y,YOZMUX,Y,13/02/2015,10.1021/cm501138g,"1 SI, 1 Structure",YOZMUX,,,,,,,,,,,,,,,,cm501138g_si_006_clean,236.8
cm501138g_si_008_clean,13.18132,6.60546,13.18132,0.885001,2136.53,2414.16,0.0,0.0,0.72,0.813558,0.0,Cu,Yes,Cu,clean,Y,N,Y,,Y,YOZNEI,Y,13/02/2015,10.1021/cm501138g,"1 SI, 1 Structure",YOZNEI,,,,,,,,,,,,,,,,cm501138g_si_008_clean,236.9
cm501138g_si_009_clean,13.19195,6.68183,13.19195,0.878773,2116.69,2408.69,0.0,0.0,0.7208,0.820234,0.0,Cu,Yes,Cu,clean,Y,N,Y,,Y,YOZNIM,Y,13/02/2015,10.1021/cm501138g,"1 SI, 1 Structure",YOZNIM,,,,,,,,,,,,,,,,cm501138g_si_009_clean,231.4
cm501138g_si_010_clean,13.19966,6.69993,13.19966,0.880672,2105.24,2390.49,0.0,0.0,0.7198,0.81733,0.0,Cu,Yes,Cu,clean,Y,N,Y,,Y,YOZNOS,Y,13/02/2015,10.1021/cm501138g,"1 SI, 1 Structure",YOZNOS,,,,,,,,,,,,,,,,cm501138g_si_010_clean,231.8
cm501138g_si_011_clean,13.25601,6.66924,13.25601,0.875822,2120.67,2421.34,0.0,0.0,0.7216,0.823911,0.0,Cu,Yes,Cu,clean,Y,N,Y,,Y,YOZNUY,Y,13/02/2015,10.1021/cm501138g,"1 SI, 1 Structure",YOZNUY,,,,,,,,,,,,,,,,cm501138g_si_011_clean,234.1
cm501138g_si_012_clean,13.22876,6.69209,13.22876,0.883303,2102.85,2380.67,0.0,0.0,0.72,0.815122,0.0,Cu,Yes,Cu,clean,Y,N,Y,,Y,YOZPAG,Y,13/02/2015,10.1021/cm501138g,"1 SI, 1 Structure",YOZPAG,,,,,,,,,,,,,,,,cm501138g_si_012_clean,236.0
cm503311x_alf100K_clean,7.0434,6.64625,7.0434,0.965639,1593.91,1650.63,0.0,0.0,0.608,0.629635,0.0,Al,No, ,clean,Y,N,Y,,Y,KUNTAQ,Y,14/09/2015,10.1021/cm503311x,"1 SI, 1 Structure",KUNTAQ,,,,,,,,,,,,,,,,cm503311x_alf100K_clean,419.9
cm503311x_alf11K_clean,7.06313,6.65574,7.06313,0.967105,1569.67,1623.06,0.0,0.0,0.6028,0.623304,0.0,Al,No, ,clean,Y,N,Y,,N,,N,,,,,,,,,,,,,,,,,,,,cm503311x_alf11K_clean,405.0
cm503311x_alf125K_clean,7.14687,6.82418,7.14687,0.9646,1570.17,1627.8,0.0,0.0,0.6102,0.632594,0.0,Al,No, ,clean,Y,N,Y,,N,,N,,,,,,,,,,,,,,,,,,,,cm503311x_alf125K_clean,405.9
cm503311x_alf150K_clean,7.24848,7.00179,7.24848,0.962828,1577.69,1638.6,0.0,0.0,0.6114,0.635005,0.0,Al,No, ,clean,Y,N,Y,,Y,KUNTAQ01,Y,14/09/2015,10.1021/cm503311x,"1 SI, 1 Structure",KUNTAQ01,,,,,,,,,,,,,,,,cm503311x_alf150K_clean,410.6
cm503311x_alf175K_clean,7.34601,7.12573,7.34601,0.962415,1571.81,1633.19,0.0,0.0,0.6104,0.634238,0.0,Al,No, ,clean,Y,N,Y,,N,,N,,,,,,,,,,,,,,,,,,,,cm503311x_alf175K_clean,337.0
cm503311x_alf200K_clean,7.35028,7.12879,7.35028,0.963076,1569.66,1629.84,0.0,0.0,0.6114,0.634841,0.0,Al,No, ,clean,Y,N,Y,,Y,KUNTAQ02,Y,14/09/2015,10.1021/cm503311x,"1 SI, 1 Structure",KUNTAQ02,,,,,,,,,,,,,,,,cm503311x_alf200K_clean,342.8
cm503311x_alf225K_clean,7.37407,7.1534,7.3737,0.963767,1557.96,1616.53,0.0,0.0,0.6114,0.634385,0.0,Al,No, ,clean,Y,N,Y,,N,,N,,,,,,,,,,,,,,,,,,,,cm503311x_alf225K_clean,339.0
cm503311x_alf250K_clean,7.38381,7.16186,7.38381,0.96386,1556.21,1614.56,0.0,0.0,0.6126,0.635569,0.0,Al,No, ,clean,Y,N,Y,,Y,KUNTAQ03,Y,14/09/2015,10.1021/cm503311x,"1 SI, 1 Structure",KUNTAQ03,,,,,,,,,,,,,,,,cm503311x_alf250K_clean,337.0
cm503311x_alf275K_clean,7.36182,7.1382,7.36181,0.964358,1561.39,1619.1,0.0,0.0,0.612,0.634619,0.0,Al,No, ,clean,Y,N,Y,,N,,N,,,,,,,,,,,,,,,,,,,,cm503311x_alf275K_clean,338.3
cm503311x_alf290K_clean,7.33152,7.10769,7.33152,0.964679,1559.29,1616.38,0.0,0.0,0.6126,0.63503,0.0,Al,No, ,clean,Y,N,Y,,N,,N,,,,,,,,,,,,,,,,,,,,cm503311x_alf290K_clean,340.4
cm503311x_alf300K_clean,7.31824,7.09159,7.31824,0.964626,1573.17,1630.86,0.0,0.0,0.6112,0.633614,0.0,Al,No, ,clean,Y,N,Y,,N,,N,,,,,,,,,,,,,,,,,,,,cm503311x_alf300K_clean,341.5
cm503311x_alf325K_clean,7.35887,7.1334,7.35887,0.964937,1562.46,1619.23,0.0,0.0,0.6116,0.633824,0.0,Al,No, ,clean,Y,N,Y,,N,,N,,,,,,,,,,,,,,,,,,,,cm503311x_alf325K_clean,333.9
cm503311x_alf350K_clean,7.39937,7.12527,7.39534,0.965163,1550.6,1606.57,0.0,0.0,0.6104,0.632432,0.0,Al,No, ,clean,Y,N,Y,,N,,N,,,,,,,,,,,,,,,,,,,,cm503311x_alf350K_clean,326.2
cm503311x_alf375K_clean,7.39622,7.0927,7.39622,0.96527,1537.67,1593.0,0.0,0.0,0.6086,0.630497,0.0,Al,No, ,clean,Y,N,Y,,N,,N,,,,,,,,,,,,,,,,,,,,cm503311x_alf375K_clean,326.7
cm503311x_alf400K_clean,7.38658,7.1188,7.38658,0.965403,1554.96,1610.69,0.0,0.0,0.6116,0.633518,0.0,Al,No, ,clean,Y,N,Y,,N,,N,,,,,,,,,,,,,,,,,,,,cm503311x_alf400K_clean,332.6
cm503311x_alf40K_clean,7.05984,6.6215,7.05984,0.967154,1574.94,1628.43,0.0,0.0,0.6042,0.62472,0.0,Al,No, ,clean,Y,N,Y,,N,,N,,,,,,,,,,,,,,,,,,,,cm503311x_alf40K_clean,406.4
cm503311x_alf425K_clean,7.36621,7.1125,7.36621,0.965299,1563.1,1619.29,0.0,0.0,0.6096,0.631514,0.0,Al,No, ,clean,Y,N,Y,,N,,N,,,,,,,,,,,,,,,,,,,,cm503311x_alf425K_clean,330.4
cm503311x_alf475K_clean,7.39406,7.16617,7.39402,0.965634,1544.09,1599.05,0.0,0.0,0.61,0.63171,0.0,Al,No, ,clean,Y,N,Y,,N,,N,,,,,,,,,,,,,,,,,,,,cm503311x_alf475K_clean,342.9
cm503311x_alf500K_clean,7.43156,7.13669,7.43156,0.965551,1537.41,1592.26,0.0,0.0,0.6112,0.633006,0.0,Al,No, ,clean,Y,N,Y,,N,,N,,,,,,,,,,,,,,,,,,,,cm503311x_alf500K_clean,324.5
cm503311x_alf70K_clean,7.062,6.64337,7.062,0.967007,1580.84,1634.77,0.0,0.0,0.6034,0.623987,0.0,Al,No, ,clean,Y,N,Y,,N,,N,,,,,,,,,,,,,,,,,,,,cm503311x_alf70K_clean,404.8
cm503311x_aloh150K_clean,7.13232,6.79915,7.13232,0.950095,1594.31,1678.06,0.0,0.0,0.6096,0.64162,0.0,Al,No, ,clean,Y,N,Y,,N,,N,,,,,,,,,,,,,,,,,,,,cm503311x_aloh150K_clean,342.7
cm503311x_aloh175K_clean,7.12797,6.78403,7.12797,0.949982,1591.61,1675.41,0.0,0.0,0.6094,0.641486,0.0,Al,No, ,clean,Y,N,Y,,N,,N,,,,,,,,,,,,,,,,,,,,cm503311x_aloh175K_clean,342.1
cm503311x_aloh200K_clean,7.15467,6.82431,7.15467,0.949754,1589.94,1674.05,0.0,0.0,0.609,0.641219,0.0,Al,No, ,clean,Y,N,Y,,N,,N,,,,,,,,,,,,,,,,,,,,cm503311x_aloh200K_clean,348.6
cm503311x_aloh225K_clean,7.13993,6.81973,7.13993,0.949535,1597.17,1682.06,0.0,0.0,0.609,0.641367,0.0,Al,No, ,clean,Y,N,Y,,N,,N,,,,,,,,,,,,,,,,,,,,cm503311x_aloh225K_clean,344.4
cm503311x_aloh250K_clean,7.13817,6.81007,7.13817,0.949354,1600.74,1686.14,0.0,0.0,0.6102,0.642753,0.0,Al,No, ,clean,Y,N,Y,,N,,N,,,,,,,,,,,,,,,,,,,,cm503311x_aloh250K_clean,345.2
cm503311x_aloh275K_clean,7.13108,6.79826,7.13108,0.949161,1601.41,1687.19,0.0,0.0,0.6114,0.644148,0.0,Al,No, ,clean,Y,N,Y,,N,,N,,,,,,,,,,,,,,,,,,,,cm503311x_aloh275K_clean,351.7
cm503311x_aloh300K_clean,7.16075,6.82592,7.16075,0.948967,1591.48,1677.07,0.0,0.0,0.6092,0.641961,0.0,Al,No, ,clean,Y,N,Y,,N,,N,,,,,,,,,,,,,,,,,,,,cm503311x_aloh300K_clean,341.3
cm503311x_aloh325K_clean,7.17072,6.86808,7.17072,0.948742,1590.12,1676.03,0.0,0.0,0.6094,0.642324,0.0,Al,No, ,clean,Y,N,Y,,N,,N,,,,,,,,,,,,,,,,,,,,cm503311x_aloh325K_clean,343.5
cm503311x_aloh350K_clean,7.17066,6.85243,7.17066,0.948507,1596.68,1683.36,0.0,0.0,0.6094,0.642483,0.0,Al,No, ,clean,Y,N,Y,,N,,N,,,,,,,,,,,,,,,,,,,,cm503311x_aloh350K_clean,345.9
cm503311x_aloh375K_clean,7.15773,6.843,7.15773,0.948289,1598.4,1685.56,0.0,0.0,0.6106,0.643896,0.0,Al,No, ,clean,Y,N,Y,,N,,N,,,,,,,,,,,,,,,,,,,,cm503311x_aloh375K_clean,347.8
cm503311x_aloh400K_clean,7.13585,6.82109,7.13585,0.948063,1604.12,1692.0,0.0,0.0,0.6108,0.644261,0.0,Al,No, ,clean,Y,N,Y,,N,,N,,,,,,,,,,,,,,,,,,,,cm503311x_aloh400K_clean,347.4
cm503311x_aloh425K_clean,7.16028,6.84144,7.16028,0.947823,1600.53,1688.64,0.0,0.0,0.611,0.644635,0.0,Al,No, ,clean,Y,N,Y,,N,,N,,,,,,,,,,,,,,,,,,,,cm503311x_aloh425K_clean,349.7
cm503311x_aloh450K_clean,7.14422,6.83019,7.14422,0.947615,1603.14,1691.76,0.0,0.0,0.6106,0.644355,0.0,Al,No, ,clean,Y,N,Y,,N,,N,,,,,,,,,,,,,,,,,,,,cm503311x_aloh450K_clean,348.6
cm503311x_aloh475K_clean,7.15171,6.83611,7.15171,0.947452,1603.8,1692.75,0.0,0.0,0.6108,0.644676,0.0,Al,No, ,clean,Y,N,Y,,N,,N,,,,,,,,,,,,,,,,,,,,cm503311x_aloh475K_clean,346.0
cm503311x_aloh500K_clean,7.13372,6.81979,7.13372,0.947313,1605.9,1695.22,0.0,0.0,0.6114,0.645405,0.0,Al,No, ,clean,Y,N,Y,,N,,N,,,,,,,,,,,,,,,,,,,,cm503311x_aloh500K_clean,348.1
cm503311x_F-mil-53-Al-lp-mono_clean,7.00775,6.5216,7.00775,0.971998,1645.39,1692.79,0.0,0.0,0.6046,0.622018,0.0,Al,No, ,clean,Y,N,Y,,N,,N,,,,,,,,,,,,,,,,,,,,cm503311x_F-mil-53-Al-lp-mono_clean,921.2
cm503311x_F-mil-53-Al-lp-ortho_clean,7.02034,6.52714,7.01966,0.96948,1649.91,1701.85,0.0,0.0,0.609,0.628172,0.0,Al,No, ,clean,Y,N,Y,,N,,N,,,,,,,,,,,,,,,,,,,,cm503311x_F-mil-53-Al-lp-ortho_clean,772.7
cm503311x_OH-mil-53-Al-lp-ortho_clean,7.10725,6.52666,7.10725,0.948868,1614.15,1701.13,0.0,0.0,0.6014,0.633808,0.0,Al,No, ,clean,Y,N,Y,,N,,N,,,,,,,,,,,,,,,,,,,,cm503311x_OH-mil-53-Al-lp-ortho_clean,749.2
cm504350q_si_002_clean,5.76264,4.30885,5.7542,1.44577,991.836,686.024,142.148,98.3197,0.5294,0.366171,0.0,Tb,Yes,Tb,clean,Y,N,Y,,Y,GUCTAB,Y,18/11/2014,10.1021/cm504350q,"1 SI, 1 Structure",GUCTAB,,,,,,,,,,,,,,,,cm504350q_si_002_clean,5031.2
cm901983a_si_001_clean,27.79726,11.16103,27.79599,0.630774,1349.52,2139.47,28.0221,44.4249,0.749,1.18743,0.0,Si,Yes,Si,clean,Y,N,Y,,N,,Y,19/08/2010,10.1021/cm901983a,"1 SI, 1 Structure",BUSPIP,,,,,,,,,,,,,,,,cm901983a_si_001_clean,5397.3
COBWEV_clean,5.55668,4.21092,5.49797,1.63609,377.557,230.768,91.8579,56.1447,0.4574,0.279569,0.0,Cd,Yes,Cd,clean,Y,Y,Y,,N,,,,,,,,,,,,,,,,,,,,,,COBWEV_clean,246.6
COCMAJ_clean,8.89284,8.27815,8.8249,0.8398,2517.0,2997.14,0.0,0.0,0.7562,0.900452,0.0,"Zn,Pd",Yes,"Zn,Pd",clean,Y,Y,Y,,N,,,,,,,,,,,,,,,,,,,,,,COCMAJ_clean,1000.2
COCMOY_clean,15.71318,6.14739,15.71318,0.538882,2078.74,3857.5,0.0,0.0,0.7762,1.44039,0.0,"Mn,Si",Yes,Mn,clean,Y,Y,Y,,N,,,,,,,,,,,,,,,,,,,,,,COCMOY_clean,341.5
COCMUE_clean,10.55498,6.2941,10.55218,0.575823,2408.0,4181.84,0.0,0.0,0.7504,1.30318,0.0,"Mn,Si",Yes,Mn,clean,Y,Y,Y,,N,,,,,,,,,,,,,,,,,,,,,,COCMUE_clean,689.2
COCNAL_clean,10.84171,6.54754,10.84171,0.653951,2390.98,3656.2,0.0,0.0,0.7696,1.17685,0.0,"Cd,Si",Yes,Cd,clean,Y,Y,Y,,N,,,,,,,,,,,,,,,,,,,,,,COCNAL_clean,404.9
COCNEP_clean,10.13832,6.56369,10.13026,0.615207,2370.03,3852.42,0.0,0.0,0.7534,1.22463,0.0,"Cu,Si",Yes,Cu,clean,Y,Y,Y,,N,,,,,,,,,,,,,,,,,,,,,,COCNEP_clean,647.6
CODFEH_clean,3.78989,3.49285,3.78989,1.48867,302.667,203.313,0.0,0.0,0.4624,0.310612,0.0,Mn,Yes,Mn,clean,N,Y,Y,,N,,,,,,,,,,,,,,,,,,,,,,CODFEH_clean,232.6
CODMUF_clean,4.26772,3.45383,4.24866,1.74897,903.437,516.555,0.0,0.0,0.5768,0.329795,0.0,Zn,Yes,Zn,clean,Y,Y,Y,,N,,,,,,,,,,,,,,,,,,,,,,CODMUF_clean,585.3
CODNAM_clean,4.57469,3.97634,4.52445,1.63521,1494.85,914.162,0.0,0.0,0.5962,0.364602,0.0,Zn,No, ,clean,Y,Y,Y,,N,,,,,,,,,,,,,,,,,,,,,,CODNAM_clean,547.0
CODROD_clean,4.34102,3.83565,4.34102,1.88869,770.385,407.893,0.0,0.0,0.4956,0.262404,0.0,Pr,Yes,Pr,clean,Y,Y,Y,,N,,,,,,,,,,,,,,,,,,,,,,CODROD_clean,684.3
CODRUJ_clean,4.3292,3.79384,4.32865,1.92319,755.058,392.607,0.0,0.0,0.4878,0.253641,0.0,Nd,Yes,Nd,clean,Y,Y,Y,,N,,,,,,,,,,,,,,,,,,,,,,CODRUJ_clean,695.9
CODSUL_clean,6.55692,3.55923,6.55642,1.27214,782.617,615.2,0.966661,0.759873,0.4932,0.387695,0.0,Cd,Yes,Cd,clean,Y,Y,Y,,N,,,,,,,,,,,,,,,,,,,,,,CODSUL_clean,665.1
COGNAO_clean,5.98836,4.70156,5.95362,1.13574,1753.04,1543.53,0.0,0.0,0.578,0.508922,0.0,Zn,Yes,Zn,clean,Y,Y,Y,,N,,,,,,,,,,,,,,,,,,,,,,COGNAO_clean,3620.8
COJGEO_clean,6.41217,5.04769,5.92617,0.978354,2161.34,2209.16,0.0,0.0,0.6438,0.658044,0.0,"Cu,Zn",Yes,"Cu,Zn",clean,Y,Y,Y,,N,,,,,,,,,,,,,,,,,,,,,,COJGEO_clean,572.2
COJHIT_clean,10.09171,9.35609,10.09171,0.716453,1773.43,2475.29,0.0,0.0,0.707,0.986805,0.0,Co,No, ,clean,Y,Y,Y,,N,,,,,,,,,,,,,,,,,,,,,,COJHIT_clean,370.4
COKFAK_clean,5.25617,3.49649,5.25539,1.05876,800.714,756.272,0.071455,0.0674891,0.4738,0.447503,0.0,Co,Yes,Co,clean,Y,Y,Y,,N,,,,,,,,,,,,,,,,,,,,,,COKFAK_clean,508.3
COKMEW_clean,11.49614,10.90273,11.4945,1.13639,1559.35,1372.2,0.0,0.0,0.646,0.568466,0.0,Fe,Yes,Fe,clean,Y,Y,Y,,N,,,,,,,,,,,,,,,,,,,,,,COKMEW_clean,1055.4
COKMIA_clean,11.457,10.75448,11.457,1.17248,1560.69,1331.1,0.0,0.0,0.6422,0.547727,0.0,Co,Yes,Co,clean,Y,Y,Y,,N,,,,,,,,,,,,,,,,,,,,,,COKMIA_clean,872.7
COKMOG_clean,11.40307,10.64671,11.37943,1.32388,1550.85,1171.45,0.0,0.0,0.6382,0.482069,0.0,Cu,Yes,Cu,clean,Y,Y,Y,,N,,,,,,,,,,,,,,,,,,,,,,COKMOG_clean,831.0
COKMUM_clean,11.78987,10.95857,11.78969,1.07449,1572.51,1463.5,0.0,0.0,0.6544,0.609034,0.0,Mn,Yes,Mn,clean,Y,Y,Y,,N,,,,,,,,,,,,,,,,,,,,,,COKMUM_clean,539.8
COKNAT_clean,11.6018,10.75702,11.60156,1.22798,1610.43,1311.45,0.0,0.0,0.6686,0.544469,0.0,Zn,Yes,Zn,clean,Y,Y,Y,,N,,,,,,,,,,,,,,,,,,,,,,COKNAT_clean,1109.9
COKPEZ_clean,11.53314,10.69952,11.53296,0.910755,1588.72,1744.4,0.0,0.0,0.66,0.724674,0.0,Mg,Yes,Mg,clean,Y,Y,Y,,N,,,,,,,,,,,,,,,,,,,,,,COKPEZ_clean,1039.1
COKPID_clean,11.40668,10.82581,11.40502,1.13771,1560.01,1371.18,0.0,0.0,0.6426,0.564817,0.0,Fe,Yes,Fe,clean,Y,Y,Y,,N,,,,,,,,,,,,,,,,,,,,,,COKPID_clean,1038.9
COKPOJ_clean,11.55541,10.79186,11.54889,1.17423,1558.36,1327.14,0.0,0.0,0.6464,0.550488,0.0,Co,Yes,Co,clean,Y,Y,Y,,N,,,,,,,,,,,,,,,,,,,,,,COKPOJ_clean,907.5
COKPUP_clean,11.57951,10.81874,11.57907,1.23248,1594.31,1293.59,0.0,0.0,0.671,0.544433,0.0,Zn,Yes,Zn,clean,Y,Y,Y,,N,,,,,,,,,,,,,,,,,,,,,,COKPUP_clean,1128.2
COKQAW_clean,11.31709,10.61593,11.31663,1.308,1523.61,1164.84,0.0,0.0,0.6476,0.495108,0.0,Cu,Yes,Cu,clean,Y,Y,Y,,N,,,,,,,,,,,,,,,,,,,,,,COKQAW_clean,672.7
COKQEA_clean,11.43729,10.88858,11.43526,1.1695,1547.4,1323.13,0.0,0.0,0.6482,0.554254,0.0,Co,Yes,Co,clean,Y,Y,Y,,N,,,,,,,,,,,,,,,,,,,,,,COKQEA_clean,893.5
COKQIE_clean,11.52097,11.05538,11.51936,1.12778,1536.06,1362.02,0.0,0.0,0.646,0.572806,0.0,Fe,Yes,Fe,clean,Y,Y,Y,,N,,,,,,,,,,,,,,,,,,,,,,COKQIE_clean,1067.7
COKQOK_clean,11.69077,10.88298,11.69034,1.22651,1596.45,1301.62,0.0,0.0,0.6696,0.545941,0.0,Zn,Yes,Zn,clean,Y,Y,Y,,N,,,,,,,,,,,,,,,,,,,,,,COKQOK_clean,1083.2
COKROL_clean,5.12764,4.65835,5.12764,1.20027,1190.29,991.679,0.0,0.0,0.5368,0.447232,0.0,In,Yes,In,clean,Y,Y,Y,,N,,,,,,,,,,,,,,,,,,,,,,COKROL_clean,1210.5
COKRUR_clean,8.84098,5.5446,8.84098,0.885689,1897.06,2141.9,0.0,0.0,0.6258,0.706568,0.0,In,Yes,In,clean,Y,Y,Y,,N,,,,,,,,,,,,,,,,,,,,,,COKRUR_clean,4070.4
COMDOY_clean,6.1206,5.53928,6.10847,1.22694,1491.89,1215.95,0.0,0.0,0.5716,0.465876,0.0,Ga,No, ,clean,Y,Y,Y,,N,,,,,,,,,,,,,,,,,,,,,,COMDOY_clean,707.9
COPXOV_clean,5.47401,3.72166,5.47401,1.25742,393.122,312.642,0.0,0.0,0.4288,0.341015,0.0,Co,No, ,clean,Y,Y,Y,,N,,,,,,,,,,,,,,,,,,,,,,COPXOV_clean,1176.9
COQGAS_clean,7.55288,6.66056,7.53462,1.14065,1084.94,951.161,0.0,0.0,0.5048,0.442555,0.0,Zn,No, ,clean,Y,Y,Y,,N,,,,,,,,,,,,,,,,,,,,,,COQGAS_clean,493.1
COQHUN_clean,7.65838,4.8543,7.65838,0.97068,1543.72,1590.34,0.0,0.0,0.5742,0.591544,0.0,"Mn,Co",Yes,Co,clean,Y,Y,Y,,N,,,,,,,,,,,,,,,,,,,,,,COQHUN_clean,761.3
COQLAX_clean,6.51206,3.51527,6.51206,1.25751,617.251,490.851,2.6328,2.09366,0.4496,0.357531,0.0,Ag,Yes,Ag,clean,Y,Y,Y,,N,,,,,,,,,,,,,,,,,,,,,,COQLAX_clean,2146.4
COQNIF_clean,8.23055,5.78857,8.23055,1.332,1912.43,1435.75,0.0,0.0,0.608,0.456455,0.0,"Mn,Al",No, ,clean,Y,Y,Y,,N,,,,,,,,,,,,,,,,,,,,,,COQNIF_clean,1171.1
COQTEJ_clean,7.76168,6.6264,7.46116,0.69781,2656.93,3807.52,0.0,0.0,0.7034,1.00801,0.0,Mg,Yes,Mg,clean,Y,Y,Y,,N,,,,,,,,,,,,,,,,,,,,,,COQTEJ_clean,272.9
CORZIU_clean,12.15536,11.69752,12.13047,0.719622,2150.19,2987.95,0.0,0.0,0.7504,1.04277,0.0,In,Yes,In,clean,Y,Y,Y,,N,,,,,,,,,,,,,,,,,,,,,,CORZIU_clean,587.7
COSMII_clean,8.75515,7.45633,8.75515,0.883978,2550.25,2884.97,0.0,0.0,0.6928,0.78373,0.0,In,Yes,In,clean,Y,Y,Y,,N,,,,,,,,,,,,,,,,,,,,,,COSMII_clean,294.4
COTVOY_clean,5.88006,4.17812,5.70456,1.30534,1614.08,1236.52,0.0,0.0,0.5814,0.445402,0.0,Sm,Yes,Sm,clean,N,Y,Y,,N,,,,,,,,,,,,,,,,,,,,,,COTVOY_clean,360.8
COTVUE_clean,5.96406,4.24876,5.86955,1.32545,1637.27,1235.25,0.0,0.0,0.5874,0.443169,0.0,Dy,Yes,Dy,clean,Y,Y,Y,,N,,,,,,,,,,,,,,,,,,,,,,COTVUE_clean,348.5
COTXEQ_clean,5.14726,4.24065,5.13338,1.08125,1135.23,1049.92,0.0,0.0,0.5266,0.487029,0.0,Cd,No, ,clean,Y,Y,Y,,N,,,,,,,,,,,,,,,,,,,,,,COTXEQ_clean,641.7
COTXIU_clean,5.20924,4.31105,5.19843,1.08343,1119.32,1033.13,0.0,0.0,0.5218,0.481618,0.0,Cd,No, ,clean,Y,Y,Y,,N,,,,,,,,,,,,,,,,,,,,,,COTXIU_clean,658.0
COTXOA_clean,5.06649,4.15335,5.05658,1.08454,1114.76,1027.86,0.0,0.0,0.52,0.479465,0.0,Cd,No, ,clean,Y,Y,Y,,N,,,,,,,,,,,,,,,,,,,,,,COTXOA_clean,662.7
COTYIV_clean,9.63817,7.84231,9.63817,0.968257,1898.84,1961.09,0.0,0.0,0.697,0.71985,0.0,Cu,Yes,Cu,clean,Y,Y,Y,,N,,,,,,,,,,,,,,,,,,,,,,COTYIV_clean,751.5
COVPAG_clean,5.03463,4.22302,4.98223,1.34292,669.782,498.75,0.0,0.0,0.3872,0.288327,0.0,"Zn,K",Yes,K,clean,Y,Y,Y,,N,,,,,,,,,,,,,,,,,,,,,,COVPAG_clean,796.5
COWBEX_clean,5.58641,4.95411,5.5297,1.71799,525.99,306.165,0.0,0.0,0.4268,0.24843,0.0,Cd,Yes,Cd,clean,Y,Y,Y,,N,,,,,,,,,,,,,,,,,,,,,,COWBEX_clean,451.1
COWMAD_clean,6.73617,5.57745,6.73408,1.22293,2145.79,1754.63,0.0,0.0,0.651,0.532328,0.0,Dy,Yes,Dy,clean,Y,Y,Y,,N,,,,,,,,,,,,,,,,,,,,,,COWMAD_clean,240.2
COWMEH_clean,6.75649,5.53249,6.75411,1.20645,2145.39,1778.27,0.0,0.0,0.6618,0.548553,0.0,Tb,Yes,Tb,clean,Y,Y,Y,,N,,,,,,,,,,,,,,,,,,,,,,COWMEH_clean,239.7
COWMIL_clean,6.74228,5.52931,6.73491,1.23822,2114.95,1708.06,0.0,0.0,0.6464,0.522042,0.0,Ho,Yes,Ho,clean,Y,Y,Y,,N,,,,,,,,,,,,,,,,,,,,,,COWMIL_clean,243.0
COWMOR_clean,6.72492,5.5633,6.71793,1.24692,2127.23,1705.98,0.0,0.0,0.644,0.516471,0.0,Er,Yes,Er,clean,Y,Y,Y,,N,,,,,,,,,,,,,,,,,,,,,,COWMOR_clean,238.0
COWMUX_clean,6.71015,5.5309,6.7037,1.25989,2128.6,1689.51,0.0,0.0,0.6534,0.518616,0.0,Tm,Yes,Tm,clean,Y,Y,Y,,N,,,,,,,,,,,,,,,,,,,,,,COWMUX_clean,238.6
COXHED_clean,8.70899,8.38156,8.70899,0.6876,2308.5,3357.33,0.0,0.0,0.7964,1.15823,0.0,Co,No, ,clean,Y,Y,Y,,N,,,,,,,,,,,,,,,,,,,,,,COXHED_clean,104.3
COXHIH_clean,8.57279,8.24745,8.57279,0.705939,2310.51,3272.96,0.0,0.0,0.7916,1.12134,0.0,Ni,No, ,clean,Y,Y,Y,,N,,,,,,,,,,,,,,,,,,,,,,COXHIH_clean,101.9
COXHON_clean,8.79766,8.47314,8.79766,0.659131,2297.83,3486.15,0.0,0.0,0.8002,1.21402,0.0,Fe,No, ,clean,Y,Y,Y,,N,,,,,,,,,,,,,,,,,,,,,,COXHON_clean,104.5
COXXIX_clean,5.00194,3.89763,4.98595,1.444,837.163,579.754,22.0465,15.2677,0.5136,0.355679,0.0,"Mo,Mn",Yes,Mn,clean,N,Y,Y,,N,,,,,,,,,,,,,,,,,,,,,,COXXIX_clean,154.0
COYCEZ_clean,6.30223,4.25857,6.12676,1.16488,1753.9,1505.65,0.0,0.0,0.5836,0.500994,0.0,"Mo,Cu",Yes,Mo,clean,Y,Y,Y,,N,,,,,,,,,,,,,,,,,,,,,,COYCEZ_clean,668.3
COYCID_clean,9.57313,6.95581,9.57313,0.931123,1860.71,1998.35,0.0,0.0,0.6788,0.729012,0.0,"Mo,Cu",Yes,Mo,clean,Y,Y,Y,,N,,,,,,,,,,,,,,,,,,,,,,COYCID_clean,250.4
COZMUA_clean,10.13386,5.37207,10.11324,0.637133,2279.97,3578.48,0.0,0.0,0.7374,1.15737,0.0,Co,Yes,Co,clean,Y,Y,Y,,N,,,,,,,,,,,,,,,,,,,,,,COZMUA_clean,250.4
CUBHOY_clean,7.59167,4.35736,7.59084,1.4363,1409.0,980.994,0.0,0.0,0.55,0.382928,0.0,Cd,Yes,Cd,clean,Y,Y,Y,,N,,,,,,,,,,,,,,,,,,,,,,CUBHOY_clean,443.2
CUCSAU_clean,5.5757,4.21323,5.5757,0.840322,1200.85,1429.04,0.0,0.0,0.5078,0.604292,0.0,Li,Yes,Li,clean,Y,Y,Y,,N,,,,,,,,,,,,,,,,,,,,,,CUCSAU_clean,327.3
CUCTAX_clean,4.38086,4.0721,4.38086,1.35437,330.655,244.139,49.7338,36.721,0.4262,0.314685,0.0,Zn,No, ,clean,Y,Y,Y,,N,,,,,,,,,,,,,,,,,,,,,,CUCTAX_clean,281.9
CUFDUD_clean,6.88574,5.43307,6.8031,0.934938,2543.4,2720.39,0.0,0.0,0.6874,0.735236,0.0,In,No, ,clean,Y,Y,Y,,N,,,,,,,,,,,,,,,,,,,,,,CUFDUD_clean,818.8
CUFFAL_clean,6.84864,5.58095,6.83586,0.914088,2542.3,2781.24,0.0,0.0,0.6982,0.763822,0.0,In,No, ,clean,Y,Y,Y,,N,,,,,,,,,,,,,,,,,,,,,,CUFFAL_clean,745.1
CUFFEP_clean,6.24407,5.54414,6.24407,0.899727,2546.22,2829.99,0.0,0.0,0.6998,0.777791,0.0,In,No, ,clean,Y,Y,Y,,N,,,,,,,,,,,,,,,,,,,,,,CUFFEP_clean,844.5
CUFGIV_clean,7.21934,5.21879,7.21721,0.929294,2597.37,2794.99,0.0,0.0,0.6854,0.737549,0.0,Tb,Yes,Tb,clean,Y,Y,Y,,N,,,,,,,,,,,,,,,,,,,,,,CUFGIV_clean,630.5
CUFGOB_clean,4.05624,3.53975,4.04542,2.04456,175.907,86.0365,0.0,0.0,0.427,0.208847,0.0,"Cd,Tb",Yes,"Cd,Tb",clean,N,Y,Y,,N,,,,,,,,,,,,,,,,,,,,,,CUFGOB_clean,273.3
CUFGUH_clean,4.02229,3.4972,4.01473,2.06043,171.814,83.3874,0.0,0.0,0.4234,0.205491,0.0,"Dy,Cd",Yes,"Dy,Cd",clean,N,Y,Y,,N,,,,,,,,,,,,,,,,,,,,,,CUFGUH_clean,268.9
CUGVUW_clean,6.46234,4.56978,6.46234,1.32198,676.004,511.358,0.0,0.0,0.4376,0.331019,0.0,Cu,No, ,clean,Y,Y,Y,,N,,,,,,,,,,,,,,,,,,,,,,CUGVUW_clean,399.4
CUGXAF_clean,8.60996,4.08035,8.60996,0.892149,1793.87,2010.73,0.236744,0.265364,0.6424,0.720059,0.0,Co,Yes,Co,clean,Y,Y,Y,,N,,,,,,,,,,,,,,,,,,,,,,CUGXAF_clean,1399.3
CUGYOU_clean,7.99005,7.97638,7.99005,2.26964,839.546,369.902,0.0,0.0,0.496,0.218537,0.0,Ag,Yes,Ag,clean,Y,Y,Y,,N,,,,,,,,,,,,,,,,,,,,,,CUGYOU_clean,208.2
CUGYUA_clean,4.81001,4.60953,4.81001,2.60117,548.977,211.05,0.0,0.0,0.4254,0.163542,0.0,Ag,Yes,Ag,clean,Y,Y,Y,,N,,,,,,,,,,,,,,,,,,,,,,CUGYUA_clean,300.7
CUIMDZ01_clean_h,4.5789,3.79593,4.57845,1.66764,167.634,100.522,0.0,0.0,0.381,0.228466,0.0,Cu,Yes,Cu,clean_h,N,Y,Y,,N,,,,,,,,,,,,,,,,,,,,,,CUIMDZ01_clean_h,400.8
CUKXIR_clean,4.25316,3.64523,4.25225,1.37123,1248.02,910.151,0.0,0.0,0.5164,0.376597,0.0,Mn,Yes,Mn,clean,Y,Y,Y,,N,,,,,,,,,,,,,,,,,,,,,,CUKXIR_clean,394.7
CUKXOW_clean,4.70734,4.27142,4.70734,1.65503,1163.02,702.72,14.5035,8.7633,0.5338,0.322532,0.0,Tb,Yes,Tb,clean,Y,Y,Y,,N,,,,,,,,,,,,,,,,,,,,,,CUKXOW_clean,231.8
CUKXUC_clean,4.71812,4.30637,4.71207,1.61022,1190.26,739.19,16.3088,10.1283,0.5368,0.33337,0.0,Eu,Yes,Eu,clean,Y,Y,Y,,N,,,,,,,,,,,,,,,,,,,,,,CUKXUC_clean,228.1
CUKYAJ_clean,4.71891,4.29348,4.71891,1.65805,1181.97,712.869,13.2923,8.01679,0.5418,0.326769,0.0,Dy,Yes,Dy,clean,Y,Y,Y,,N,,,,,,,,,,,,,,,,,,,,,,CUKYAJ_clean,231.1
CUKZOY_clean,4.8322,4.10064,4.8322,1.27011,1172.94,923.5,0.0,0.0,0.5356,0.421697,0.0,Ag,Yes,Ag,clean,Y,Y,Y,,N,,,,,,,,,,,,,,,,,,,,,,CUKZOY_clean,1030.7
CUMDEU_clean,5.19472,4.72553,5.19472,1.64523,654.329,397.714,0.0,0.0,0.462,0.280812,0.0,Ce,No, ,clean,Y,Y,Y,,N,,,,,,,,,,,,,,,,,,,,,,CUMDEU_clean,220.2
CUMDIY_clean,5.05781,4.25829,5.05781,2.01174,699.865,347.89,0.0,0.0,0.3956,0.196645,0.0,La,No, ,clean,Y,Y,Y,,N,,,,,,,,,,,,,,,,,,,,,,CUMDIY_clean,404.1
CUMDOE_clean,5.65665,4.97039,5.61572,1.60054,1129.91,705.955,0.0,0.0,0.5292,0.330638,0.0,Nd,No, ,clean,Y,Y,Y,,N,,,,,,,,,,,,,,,,,,,,,,CUMDOE_clean,281.2
CUMDUK_clean,6.0834,3.52201,5.92291,1.54452,1012.49,655.538,0.0,0.0,0.489,0.316603,0.0,"Mo,Na",Yes,Mo,clean,Y,Y,Y,,N,,,,,,,,,,,,,,,,,,,,,,CUMDUK_clean,291.2
CUMJEB_clean,5.10711,4.11246,5.10711,2.00854,711.044,354.01,0.0,0.0,0.4216,0.209904,0.0,Cd,No, ,clean,Y,Y,Y,,N,,,,,,,,,,,,,,,,,,,,,,CUMJEB_clean,553.6
CUMLUT_clean,5.66406,3.97439,5.65405,1.2172,2284.73,1877.03,0.0,0.0,0.6392,0.525138,0.0,Cd,Yes,Cd,clean,Y,Y,Y,,N,,,,,,,,,,,,,,,,,,,,,,CUMLUT_clean,671.4
CUMQOQ_clean,7.03622,3.75437,6.89995,0.977205,1831.45,1874.17,0.0,0.0,0.6154,0.629756,0.0,Zn,Yes,Zn,clean,Y,Y,Y,,N,,,,,,,,,,,,,,,,,,,,,,CUMQOQ_clean,255.4
CUNFOH01_clean,8.64942,5.76711,8.00067,1.65261,1750.49,1059.23,0.0,0.0,0.639,0.38666,0.0,Cu,Yes,Cu,clean,Y,Y,Y,,N,,,,,,,,,,,,,,,,,,,,,,CUNFOH01_clean,219.4
CUNFOH_clean,9.05758,5.6508,9.05758,1.63668,1779.69,1087.38,0.0,0.0,0.6298,0.384804,0.0,Cu,Yes,Cu,clean,Y,Y,Y,,N,,,,,,,,,,,,,,,,,,,,,,CUNFOH_clean,204.9
CUNQOT_clean,4.94603,4.45617,4.94603,1.56048,1158.67,742.507,0.0,0.0,0.5224,0.334768,0.0,Mn,Yes,Mn,clean,Y,Y,Y,,N,,,,,,,,,,,,,,,,,,,,,,CUNQOT_clean,206.8
CUNQUZ_clean,5.05516,4.50865,5.05476,1.94091,1202.57,619.589,0.0,0.0,0.5384,0.277396,0.0,Cd,Yes,Cd,clean,Y,Y,Y,,N,,,,,,,,,,,,,,,,,,,,,,CUNQUZ_clean,172.0
CUNWEO_clean,7.09668,6.48549,7.07965,1.23144,1193.32,969.043,0.0,0.0,0.53,0.430389,0.0,Cd,No, ,clean,Y,Y,Y,,N,,,,,,,,,,,,,,,,,,,,,,CUNWEO_clean,748.4
CUPHUS_clean,7.45968,5.41366,5.85768,0.680928,2377.88,3492.12,0.0,0.0,0.7016,1.03036,0.0,Cu,Yes,Cu,clean,Y,Y,Y,,N,,,,,,,,,,,,,,,,,,,,,,CUPHUS_clean,241.4
CUQKOQ_clean,5.93389,5.13786,5.93375,1.75724,1823.79,1037.87,0.0,0.0,0.6128,0.348728,0.0,U,Yes,U,clean,Y,Y,Y,,N,,,,,,,,,,,,,,,,,,,,,,CUQKOQ_clean,382.5
CUQRIR_clean,5.69204,4.57463,5.69204,1.10643,1361.29,1230.35,0.0,0.0,0.5686,0.513906,0.0,Zn,No, ,clean,Y,Y,Y,,N,,,,,,,,,,,,,,,,,,,,,,CUQRIR_clean,583.0
CUQROX_clean,5.44132,4.56825,5.41816,1.11997,1366.06,1219.73,0.0,0.0,0.5636,0.503227,0.0,Zn,No, ,clean,Y,Y,Y,,N,,,,,,,,,,,,,,,,,,,,,,CUQROX_clean,332.7
CUQSAK_clean,18.30047,4.50008,17.86541,0.672661,1852.6,2754.14,0.138515,0.205922,0.7088,1.05373,0.0,Cu,Yes,Cu,clean,Y,Y,Y,,N,,,,,,,,,,,,,,,,,,,,,,CUQSAK_clean,1429.5
CUQTAL_clean,8.5131,5.3048,8.50413,0.597247,2569.07,4301.52,0.0,0.0,0.7222,1.20921,0.0,Cu,Yes,Cu,clean,Y,Y,Y,,N,,,,,,,,,,,,,,,,,,,,,,CUQTAL_clean,287.3
CUQXUI_clean,8.23055,4.00763,8.23055,0.791399,1552.16,1961.29,0.863838,1.09153,0.6424,0.811727,0.0,Cu,Yes,Cu,clean,Y,Y,Y,,N,,,,,,,,,,,,,,,,,,,,,,CUQXUI_clean,333.7
CURBOH_clean,9.52504,4.72038,9.52504,1.26402,1793.73,1419.06,0.0,0.0,0.654,0.517396,0.0,Zn,No, ,clean,Y,Y,Y,,N,,,,,,,,,,,,,,,,,,,,,,CURBOH_clean,190.0
CURQEN_clean,5.22355,3.40082,5.03486,1.27256,737.628,579.643,0.0,0.0,0.5026,0.394953,0.0,"Sn,Cu",Yes,"Sn,Cu",clean,Y,Y,Y,,N,,,,,,,,,,,,,,,,,,,,,,CURQEN_clean,847.3
CURYOE01_clean,11.02009,9.16908,10.48925,1.0226,1239.44,1212.05,0.0,0.0,0.5864,0.57344,0.0,Cd,No, ,clean,Y,Y,Y,,N,,,,,,,,,,,,,,,,,,,,,,CURYOE01_clean,1834.3
CURZEV_clean,5.59049,4.15781,5.59049,1.21714,1921.05,1578.33,0.0,0.0,0.5986,0.491808,0.0,Cu,Yes,Cu,clean,Y,Y,Y,,N,,,,,,,,,,,,,,,,,,,,,,CURZEV_clean,650.7
CUSYAR_clean,28.01343,12.17996,27.60124,0.247232,1408.41,5696.7,0.0,0.0,0.9076,3.67105,0.0,Zn,No, ,clean,Y,Y,Y,,N,,,,,,,,,,,,,,,,,,,,,,CUSYAR_clean,1436.8
CUSYIA_clean,5.815,4.76876,5.815,0.737304,2684.86,3641.46,0.0,0.0,0.6944,0.941809,0.0,Cu,No, ,clean,Y,Y,Y,,N,,,,,,,,,,,,,,,,,,,,,,CUSYIA_clean,547.5
CUSZEX_clean,4.67101,3.44264,4.47333,0.835534,2247.71,2690.15,0.0,0.0,0.666,0.797095,0.0,Cu,No, ,clean,Y,Y,Y,,N,,,,,,,,,,,,,,,,,,,,,,CUSZEX_clean,464.0
CUSZIB_clean,5.49146,4.83933,5.49049,0.750845,2776.04,3697.22,0.0,0.0,0.7042,0.937877,0.0,Cu,No, ,clean,Y,Y,Y,,N,,,,,,,,,,,,,,,,,,,,,,CUSZIB_clean,268.5
CUTBEA_clean,7.42434,5.85197,7.17817,1.04694,2086.66,1993.1,0.0,0.0,0.646,0.617036,0.0,Eu,Yes,Eu,clean,Y,Y,Y,,N,,,,,,,,,,,,,,,,,,,,,,CUTBEA_clean,201.1
CUTBIE_clean,7.59116,5.99994,7.59116,0.996691,2065.1,2071.96,0.0,0.0,0.6486,0.650753,0.0,La,Yes,La,clean,Y,Y,Y,,N,,,,,,,,,,,,,,,,,,,,,,CUTBIE_clean,193.3
CUTGEF_clean,4.94868,3.68158,4.94702,1.57089,1320.93,840.881,0.0,0.0,0.546,0.347574,0.0,Cd,Yes,Cd,clean,Y,Y,Y,,N,,,,,,,,,,,,,,,,,,,,,,CUTGEF_clean,772.8
CUVGIK_clean,6.25146,5.06086,6.0647,1.02515,1494.68,1458.01,0.0,0.0,0.5362,0.523046,0.0,Mn,No, ,clean,Y,Y,Y,,N,,,,,,,,,,,,,,,,,,,,,,CUVGIK_clean,762.5
CUVGOQ_clean,5.59653,4.5385,5.59247,1.00212,1543.11,1539.84,0.0,0.0,0.5404,0.539255,0.0,Mn,No, ,clean,Y,Y,Y,,N,,,,,,,,,,,,,,,,,,,,,,CUVGOQ_clean,653.1
CUVHEH_clean,12.77883,12.02741,12.74392,1.65471,1447.16,874.57,0.0,0.0,0.651,0.393423,0.0,Nd,Yes,Nd,clean,Y,Y,Y,,N,,,,,,,,,,,,,,,,,,,,,,CUVHEH_clean,180.8
CUVHIL01_clean,12.86501,12.02225,12.84969,1.66038,1437.07,865.505,0.0,0.0,0.642,0.386658,0.0,Nd,Yes,Nd,clean,Y,Y,Y,,N,,,,,,,,,,,,,,,,,,,,,,CUVHIL01_clean,267.8
CUVHIL02_clean_h,12.81562,12.03113,12.80804,1.65786,1432.65,864.159,0.0,0.0,0.6442,0.388573,0.0,Nd,Yes,Nd,clean_h,N,Y,Y,,N,,,,,,,,,,,,,,,,,,,,,,CUVHIL02_clean_h,277.6
CUVHIL_clean_h,12.87614,12.03249,12.87614,1.65921,1433.06,863.702,0.0,0.0,0.643,0.387534,0.0,Nd,Yes,Nd,clean_h,N,Y,Y,,N,,,,,,,,,,,,,,,,,,,,,,CUVHIL_clean_h,276.9
CUVTUJ_clean,11.49174,10.88335,11.49174,1.17569,1542.4,1311.91,0.0,0.0,0.635,0.540109,0.0,Co,Yes,Co,clean,Y,Y,Y,,N,,,,,,,,,,,,,,,,,,,,,,CUVTUJ_clean,239.8
CUVXAT_clean,6.50652,4.77619,6.38844,1.06179,1622.41,1527.99,0.0,0.0,0.5708,0.537581,0.0,Mn,No, ,clean,Y,Y,Y,,N,,,,,,,,,,,,,,,,,,,,,,CUVXAT_clean,1014.8
CUWNIT_clean,7.16308,4.76212,7.16308,1.01279,1797.12,1774.42,0.0,0.0,0.5942,0.586695,0.0,Co,Yes,Co,clean,Y,Y,Y,,N,,,,,,,,,,,,,,,,,,,,,,CUWNIT_clean,498.2
CUWNOZ_clean,5.62994,3.54616,5.59519,1.08751,1437.05,1321.41,0.0,0.0,0.5562,0.511443,0.0,Co,No, ,clean,Y,Y,Y,,N,,,,,,,,,,,,,,,,,,,,,,CUWNOZ_clean,899.3
CUWTUL_clean,6.09533,3.90326,6.09533,1.40599,1180.08,839.321,0.0,0.0,0.5142,0.365721,0.0,Eu,Yes,Eu,clean,N,Y,Y,,N,,,,,,,,,,,,,,,,,,,,,,CUWTUL_clean,464.1
CUWVAT_clean,6.58776,4.88581,6.58776,1.3301,1313.65,987.633,75.7547,56.9541,0.5658,0.425382,0.0,Eu,Yes,Eu,clean,Y,Y,Y,,N,,,,,,,,,,,,,,,,,,,,,,CUWVAT_clean,344.2
CUWVIB_clean,5.59458,3.68098,5.59458,1.45813,1146.31,786.151,0.0,0.0,0.4962,0.340299,0.0,Eu,Yes,Eu,clean,N,Y,Y,,N,,,,,,,,,,,,,,,,,,,,,,CUWVIB_clean,509.8
CUWWEY_clean,6.3126,4.22285,6.24291,1.35207,1327.35,981.718,0.0,0.0,0.5216,0.38578,0.0,Eu,No, ,clean,Y,Y,Y,,N,,,,,,,,,,,,,,,,,,,,,,CUWWEY_clean,408.1
CUWXID_clean,6.81153,5.91204,6.80774,1.05332,2229.66,2116.79,0.0,0.0,0.6498,0.616908,0.0,Eu,Yes,Eu,clean,Y,Y,Y,,N,,,,,,,,,,,,,,,,,,,,,,CUWXID_clean,150.2
CUWXOJ_clean,5.20089,3.52692,5.18895,1.36291,1137.88,834.888,0.0,0.0,0.5102,0.374345,0.0,Eu,Yes,Eu,clean,Y,Y,Y,,N,,,,,,,,,,,,,,,,,,,,,,CUWXOJ_clean,1185.0
CUWXUP_clean,5.81508,3.73125,5.78204,1.39886,1150.61,822.535,0.0,0.0,0.5122,0.366154,0.0,Eu,Yes,Eu,clean,Y,Y,Y,,N,,,,,,,,,,,,,,,,,,,,,,CUWXUP_clean,1135.2
CUWYAW_clean,6.66043,3.94178,6.66043,1.12925,2112.73,1870.91,0.0,0.0,0.6192,0.548327,0.0,Eu,Yes,Eu,clean,Y,Y,Y,,N,,,,,,,,,,,,,,,,,,,,,,CUWYAW_clean,300.6
CUWZAX_clean,6.33115,4.3932,6.33115,1.11728,2292.11,2051.51,0.0,0.0,0.638,0.571029,0.0,Eu,Yes,Eu,clean,Y,Y,Y,,N,,,,,,,,,,,,,,,,,,,,,,CUWZAX_clean,314.6
CUWZIF_clean,6.90107,4.04842,6.50474,1.24221,1455.33,1171.56,0.0,0.0,0.5514,0.443886,0.0,Eu,Yes,Eu,clean,Y,Y,Y,,N,,,,,,,,,,,,,,,,,,,,,,CUWZIF_clean,485.5
CUXFIL_clean,5.39541,4.09689,5.37407,1.23338,1385.07,1122.99,0.0,0.0,0.496,0.402148,0.0,Mn,Yes,Mn,clean,Y,Y,Y,,N,,,,,,,,,,,,,,,,,,,,,,CUXFIL_clean,1339.6
CUXJAI_clean,5.59834,5.04687,5.59211,1.08566,2410.48,2220.29,0.0,0.0,0.6696,0.616766,0.0,Eu,Yes,Eu,clean,N,Y,Y,,N,,,,,,,,,,,,,,,,,,,,,,CUXJAI_clean,193.4
CUXJEM_clean,5.2963,3.43417,5.2963,1.4085,970.687,689.164,0.0,0.0,0.509,0.361378,0.0,Eu,Yes,Eu,clean,N,Y,Y,,N,,,,,,,,,,,,,,,,,,,,,,CUXJEM_clean,421.9
CUXLEO_clean,4.56916,3.40748,4.56916,1.05387,1849.74,1755.19,0.0,0.0,0.6276,0.59552,0.0,Cu,No, ,clean,Y,Y,Y,,N,,,,,,,,,,,,,,,,,,,,,,CUXLEO_clean,480.2
CUYWUP_clean,7.47672,4.58604,7.47672,0.942864,1947.64,2065.66,0.0,0.0,0.6222,0.659904,0.0,Cu,Yes,Cu,clean,Y,Y,Y,,N,,,,,,,,,,,,,,,,,,,,,,CUYWUP_clean,1193.4
CUYYAX_clean,5.04944,3.83367,4.87007,1.16048,1383.0,1191.75,0.0,0.0,0.5718,0.492727,0.0,Cd,Yes,Cd,clean,N,Y,Y,,N,,,,,,,,,,,,,,,,,,,,,,CUYYAX_clean,1407.9
CUYYEB_clean,5.05464,3.82141,5.04976,1.16139,1360.51,1171.44,0.0,0.0,0.5758,0.495783,0.0,Cd,Yes,Cd,clean,N,Y,Y,,N,,,,,,,,,,,,,,,,,,,,,,CUYYEB_clean,1531.8
DABFIX_clean,5.93116,3.4012,5.93116,1.19033,685.642,576.011,28.078,23.5885,0.47,0.394849,0.0,"Ag,Co",Yes,Ag,clean,Y,Y,Y,,N,,,,,,,,,,,,,,,,,,,,,,DABFIX_clean,3800.2
DABMUR_clean,5.77537,4.11633,5.61896,0.856547,2860.27,3339.3,0.0,0.0,0.6996,0.816768,0.0,Cu,Yes,Cu,clean,Y,Y,Y,,N,,,,,,,,,,,,,,,,,,,,,,DABMUR_clean,299.0
DACFAR_clean,7.28891,6.40353,7.28891,0.848239,1646.33,1940.88,0.0,0.0,0.624,0.735642,0.0,Cu,Yes,Cu,clean,Y,Y,Y,,N,,,,,,,,,,,,,,,,,,,,,,DACFAR_clean,1516.0
DACYUE_clean,6.8959,6.15645,6.8959,0.724543,2828.29,3903.55,0.0,0.0,0.6932,0.956741,0.0,Mg,Yes,Mg,clean,Y,Y,Y,,N,,,,,,,,,,,,,,,,,,,,,,DACYUE_clean,337.5
DACZUF_clean,5.17797,3.83142,5.17477,1.30054,1151.53,885.425,0.0,0.0,0.514,0.395219,0.0,Co,Yes,Co,clean,Y,Y,Y,,N,,,,,,,,,,,,,,,,,,,,,,DACZUF_clean,632.0
DADLEC_clean,6.0526,4.95704,6.0412,1.09523,933.141,852.004,0.0,0.0,0.4902,0.447577,0.0,Mn,Yes,Mn,clean,Y,Y,Y,,N,,,,,,,,,,,,,,,,,,,,,,DADLEC_clean,449.9
DADLIG_clean,8.09916,4.69208,7.74628,1.04866,1110.94,1059.38,0.0,0.0,0.5094,0.485762,0.0,Mn,Yes,Mn,clean,Y,Y,Y,,N,,,,,,,,,,,,,,,,,,,,,,DADLIG_clean,594.9
DADLOM_clean,18.71129,17.36648,18.69765,0.589373,1296.58,2199.93,0.0,0.0,0.7274,1.23419,0.0,Mn,Yes,Mn,clean,Y,Y,Y,,N,,,,,,,,,,,,,,,,,,,,,,DADLOM_clean,300.7
DADNII_clean,4.74177,3.59689,4.70677,1.8394,1364.57,741.854,0.0,0.0,0.5562,0.302381,0.0,"Eu,Fe",No, ,clean,Y,Y,Y,,N,,,,,,,,,,,,,,,,,,,,,,DADNII_clean,250.0
DADNOO_clean,4.73082,3.55854,4.7198,1.89726,1369.77,721.97,0.0,0.0,0.558,0.294108,0.0,"Dy,Fe",No, ,clean,Y,Y,Y,,N,,,,,,,,,,,,,,,,,,,,,,DADNOO_clean,271.8
DADNUU_clean,4.77214,3.58642,4.71473,1.86251,1387.29,744.847,0.0,0.0,0.5582,0.299703,0.0,"Gd,Fe",No, ,clean,Y,Y,Y,,N,,,,,,,,,,,,,,,,,,,,,,DADNUU_clean,261.5
DADPAC_clean,4.72724,3.56217,4.71894,1.83384,1319.23,719.379,0.0,0.0,0.5554,0.302862,0.0,"Sm,Fe",No, ,clean,Y,Y,Y,,N,,,,,,,,,,,,,,,,,,,,,,DADPAC_clean,253.3
DADPEG_clean,4.6964,3.56133,4.68951,1.91805,1368.69,713.581,0.0,0.0,0.56,0.291963,0.0,"Fe,Er",No, ,clean,Y,Y,Y,,N,,,,,,,,,,,,,,,,,,,,,,DADPEG_clean,278.3
DAFJOM_clean,8.83929,3.81491,8.83929,0.983115,1714.88,1744.33,0.0,0.0,0.601,0.611322,0.0,Mg,No, ,clean,Y,Y,Y,,N,,,,,,,,,,,,,,,,,,,,,,DAFJOM_clean,419.1
DAFSOV_clean,3.83746,3.40945,3.83746,1.6077,380.608,236.741,0.0,0.0,0.4436,0.275923,0.0,Zn,Yes,Zn,clean,Y,Y,Y,,N,,,,,,,,,,,,,,,,,,,,,,DAFSOV_clean,350.7
DAFYAN_clean,9.66168,8.17907,9.66128,0.727331,2334.02,3209.02,0.0,0.0,0.7244,0.99597,0.0,Mg,Yes,Mg,clean,Y,Y,Y,,N,,,,,,,,,,,,,,,,,,,,,,DAFYAN_clean,249.5
DAFYOB_clean,10.04293,8.51588,10.03567,0.702304,2308.4,3286.89,0.0,0.0,0.7318,1.042,0.0,Mg,Yes,Mg,clean,Y,Y,Y,,N,,,,,,,,,,,,,,,,,,,,,,DAFYOB_clean,139.3
DAGDIZ_clean,6.53637,3.58733,6.4961,1.65009,1230.44,745.682,0.0,0.0,0.5248,0.318042,0.0,Cd,Yes,Cd,clean,N,Y,Y,,N,,,,,,,,,,,,,,,,,,,,,,DAGDIZ_clean,408.9
DAGDUL_clean,5.27377,3.53794,5.26479,1.49897,1060.75,707.651,0.047289,0.0315476,0.5304,0.353842,0.0,Cd,Yes,Cd,clean,N,Y,Y,,N,,,,,,,,,,,,,,,,,,,,,,DAGDUL_clean,1130.8
DAGJED_clean,5.20512,3.82408,5.11079,1.13589,1063.56,936.32,0.0,0.0,0.5332,0.469412,0.0,Cd,Yes,Cd,clean,Y,Y,Y,,N,,,,,,,,,,,,,,,,,,,,,,DAGJED_clean,462.8
DAHNOQ_clean,4.37827,3.40648,4.37827,1.74065,715.841,411.25,0.0,0.0,0.5478,0.314711,0.0,Nd,No, ,clean,Y,Y,Y,,N,,,,,,,,,,,,,,,,,,,,,,DAHNOQ_clean,163.6
DAHNUW_clean,5.84798,3.71152,5.7374,1.67689,1727.89,1030.41,0.0,0.0,0.5894,0.351484,0.0,Nd,Yes,Nd,clean,Y,Y,Y,,N,,,,,,,,,,,,,,,,,,,,,,DAHNUW_clean,251.6
DAHPAE_clean,5.00613,3.59286,5.00613,1.85953,1943.24,1045.01,0.0,0.0,0.5872,0.315779,0.0,Yb,No, ,clean,Y,Y,Y,,N,,,,,,,,,,,,,,,,,,,,,,DAHPAE_clean,250.6
DAKVIW_clean,10.56447,5.75649,10.52532,0.937929,2177.49,2321.59,0.0,0.0,0.7172,0.764663,0.0,Cd,Yes,Cd,clean,Y,Y,Y,,N,,,,,,,,,,,,,,,,,,,,,,DAKVIW_clean,325.1
DAKVOC_clean,10.83342,6.67267,9.96393,0.814427,2128.52,2613.52,0.0,0.0,0.7096,0.871288,0.0,Zn,Yes,Zn,clean,Y,Y,Y,,N,,,,,,,,,,,,,,,,,,,,,,DAKVOC_clean,1518.4
DAKVUI_clean,10.79495,6.61419,10.65384,0.825495,2120.6,2568.89,0.0,0.0,0.704,0.852822,0.0,Cu,Yes,Cu,clean,Y,Y,Y,,N,,,,,,,,,,,,,,,,,,,,,,DAKVUI_clean,1367.5
DAKZUN_clean,8.9514,8.55667,8.9514,1.07791,1424.0,1321.08,0.0,0.0,0.6034,0.559789,0.0,Tb,Yes,Tb,clean,Y,Y,Y,,N,,,,,,,,,,,,,,,,,,,,,,DAKZUN_clean,314.0
DALSUH_clean,5.91398,4.13588,5.88727,1.34754,1386.92,1029.23,0.0,0.0,0.5694,0.422549,0.0,Dy,Yes,Dy,clean,Y,Y,Y,,N,,,,,,,,,,,,,,,,,,,,,,DALSUH_clean,393.4
DALTAO_clean,5.94592,4.16513,5.91791,1.30338,1417.2,1087.33,0.0,0.0,0.5806,0.445458,0.0,Eu,Yes,Eu,clean,Y,Y,Y,,N,,,,,,,,,,,,,,,,,,,,,,DALTAO_clean,388.7
DALVAQ_clean,4.44925,3.63681,4.42486,1.58343,818.36,516.827,0.0,0.0,0.5166,0.326254,0.0,Cd,Yes,Cd,clean,N,Y,Y,,N,,,,,,,,,,,,,,,,,,,,,,DALVAQ_clean,218.7
DALVIY_clean,8.33476,5.09032,8.29465,1.08397,2205.78,2034.91,0.0,0.0,0.6634,0.612008,0.0,Gd,Yes,Gd,clean,Y,Y,Y,,N,,,,,,,,,,,,,,,,,,,,,,DALVIY_clean,896.2
DAMDUT_clean,8.31671,7.58192,8.27853,1.19599,2079.9,1739.06,0.0,0.0,0.676,0.565222,0.0,Zn,No, ,clean,Y,Y,Y,,N,,,,,,,,,,,,,,,,,,,,,,DAMDUT_clean,236.4
DAMYOI_clean,10.02859,8.74362,10.02158,0.833317,2083.55,2500.31,0.0,0.0,0.7206,0.864737,0.0,Tm,Yes,Tm,clean,Y,Y,Y,,N,,,,,,,,,,,,,,,,,,,,,,DAMYOI_clean,385.8
DAMYUO_clean,10.07569,8.829,10.07569,0.816116,2083.89,2553.43,0.0,0.0,0.7258,0.889335,0.0,Er,Yes,Er,clean,Y,Y,Y,,N,,,,,,,,,,,,,,,,,,,,,,DAMYUO_clean,357.3
DAMZEZ_clean,5.14628,4.13045,5.14063,1.48117,701.768,473.794,0.0,0.0,0.4344,0.293282,0.0,Cd,No, ,clean,Y,Y,Y,,N,,,,,,,,,,,,,,,,,,,,,,DAMZEZ_clean,568.8
DANFUW_clean,4.81728,3.69845,4.80154,1.21376,550.063,453.189,0.0,0.0,0.4588,0.377999,0.0,Ni,Yes,Ni,clean,Y,Y,Y,,N,,,,,,,,,,,,,,,,,,,,,,DANFUW_clean,1583.0
DAPBED_clean,11.8768,6.79638,11.8768,0.823875,2185.0,2652.11,0.0,0.0,0.7074,0.858625,0.0,Fe,Yes,Fe,clean,N,Y,Y,,N,,,,,,,,,,,,,,,,,,,,,,DAPBED_clean,3893.1
DAPBIH_neutral,11.12385,5.1267,11.12385,0.988754,1494.17,1511.16,320.813,324.462,0.6592,0.666697,0.0,Co,No, ,neutral,Y,Y,Y,,N,,,,,,,,,,,,,,,,,,,,,,DAPBIH_neutral,268.3
DAPHOU_clean,10.96282,6.06241,10.06318,0.785626,2401.47,3056.76,0.0,0.0,0.737,0.938106,0.0,Zn,Yes,Zn,clean,Y,Y,Y,,N,,,,,,,,,,,,,,,,,,,,,,DAPHOU_clean,530.0
DAPXID_ion_b,14.13138,12.09179,14.13138,0.764894,1790.29,2340.57,0.0191816,0.0250774,0.7044,0.920911,0.0,"Cu,Na,Mn",Yes,"Cu,Na",ion_b,Y,Y,Y,,N,,,,,,,,,,,,,,,,,,,,,,DAPXID_ion_b,181.2
DAPYAW_clean,10.03517,4.39114,9.81197,1.07113,1518.35,1417.52,0.0,0.0,0.6004,0.560529,0.0,Cd,Yes,Cd,clean,Y,Y,Y,,N,,,,,,,,,,,,,,,,,,,,,,DAPYAW_clean,673.9
DARBUU_clean,5.36181,3.52881,5.36181,1.3326,1639.41,1230.24,0.0,0.0,0.6492,0.487169,0.0,Cu,Yes,Cu,clean,Y,Y,Y,,N,,,,,,,,,,,,,,,,,,,,,,DARBUU_clean,141.5
DARSEV_SL,9.02256,7.15114,9.02256,0.917569,1768.62,1927.51,0.0,0.0,0.6346,0.69161,0.0,Cd,No, ,SL,Y,Y,Y,,N,,,,,,,,,,,,,,,,,,,,,,DARSEV_SL,334.4
DATHAJ_clean,5.55335,3.71297,5.5372,1.88262,726.028,385.647,0.0,0.0,0.4308,0.22883,0.0,Nd,Yes,Nd,clean,Y,Y,Y,,N,,,,,,,,,,,,,,,,,,,,,,DATHAJ_clean,530.2
DATPIY_clean,5.0065,3.44702,5.0065,2.43277,611.699,251.441,0.0,0.0,0.401,0.164832,0.0,Eu,Yes,Eu,clean,N,Y,Y,,N,,,,,,,,,,,,,,,,,,,,,,DATPIY_clean,221.0
DAWBIO_clean,5.36745,4.59869,5.35848,1.40464,933.9,664.867,0.0,0.0,0.4578,0.325919,0.0,Co,No, ,clean,Y,Y,Y,,N,,,,,,,,,,,,,,,,,,,,,,DAWBIO_clean,752.7
DAWBOU_clean,5.38914,4.65491,5.38091,1.40413,956.091,680.914,0.0,0.0,0.473,0.336864,0.0,Ni,No, ,clean,Y,Y,Y,,N,,,,,,,,,,,,,,,,,,,,,,DAWBOU_clean,790.2
DAWBUA_clean,5.52672,4.41246,5.51306,1.33702,1014.57,758.83,0.0,0.0,0.4726,0.353472,0.0,Co,No, ,clean,Y,Y,Y,,N,,,,,,,,,,,,,,,,,,,,,,DAWBUA_clean,874.9
DAWCAH_clean,5.49841,4.3714,5.48581,1.35332,991.393,732.566,0.0,0.0,0.483,0.356901,0.0,Ni,No, ,clean,Y,Y,Y,,N,,,,,,,,,,,,,,,,,,,,,,DAWCAH_clean,918.8
DAWCIP_clean,7.07962,5.54367,6.68431,0.995326,1963.72,1972.94,0.0,0.0,0.6428,0.645818,0.0,Zn,Yes,Zn,clean,Y,Y,Y,,N,,,,,,,,,,,,,,,,,,,,,,DAWCIP_clean,858.7
DAWCOV_clean,6.44243,4.38111,6.43204,0.976829,1852.41,1896.35,0.0,0.0,0.5892,0.603176,0.0,Mn,Yes,Mn,clean,Y,Y,Y,,N,,,,,,,,,,,,,,,,,,,,,,DAWCOV_clean,507.1
DAWDAI_clean,5.05189,3.47503,5.00056,1.41655,729.858,515.235,3.30907,2.336,0.487,0.343792,0.0,Cd,No, ,clean,Y,Y,Y,,N,,,,,,,,,,,,,,,,,,,,,,DAWDAI_clean,768.2
DAWWAB_clean,9.11595,5.71973,9.11595,1.61188,1283.24,796.112,0.0,0.0,0.5532,0.343202,0.0,Cu,Yes,Cu,clean,Y,Y,Y,,N,,,,,,,,,,,,,,,,,,,,,,DAWWAB_clean,519.0
DAWWEF_clean,7.03379,5.33899,6.88955,1.07778,2082.97,1932.65,0.0,0.0,0.6328,0.587134,0.0,Co,Yes,Co,clean,Y,Y,Y,,N,,,,,,,,,,,,,,,,,,,,,,DAWWEF_clean,595.2
DAXHIV01_clean,7.67683,6.96811,7.64287,0.883035,2122.43,2403.56,0.0,0.0,0.652,0.738362,0.0,Fe,Yes,Fe,clean,Y,Y,Y,,N,,,,,,,,,,,,,,,,,,,,,,DAXHIV01_clean,377.0
DAXHIV_clean,7.62222,6.92477,7.62222,0.882059,2131.41,2416.4,0.0,0.0,0.65,0.736913,0.0,Fe,Yes,Fe,clean,Y,Y,Y,,N,,,,,,,,,,,,,,,,,,,,,,DAXHIV_clean,360.6
DAXHUH01_clean,7.57949,6.81104,7.57786,0.890235,2156.64,2422.55,0.0,0.0,0.6646,0.746545,0.0,Fe,Yes,Fe,clean,Y,Y,Y,,N,,,,,,,,,,,,,,,,,,,,,,DAXHUH01_clean,372.7
DAXHUH_clean,7.50015,6.78537,7.50015,0.876532,2176.78,2483.4,0.0,0.0,0.6518,0.743612,0.0,Fe,Yes,Fe,clean,Y,Y,Y,,N,,,,,,,,,,,,,,,,,,,,,,DAXHUH_clean,361.4
DEBGIA_clean,4.22344,3.46939,4.21901,1.31115,709.801,541.36,0.0,0.0,0.5062,0.386075,0.0,Zn,Yes,Zn,clean,N,Y,Y,,N,,,,,,,,,,,,,,,,,,,,,,DEBGIA_clean,332.9
DEBWAK_clean,9.51714,7.06696,9.49794,1.05415,1137.31,1078.89,0.0,0.0,0.5474,0.519279,0.0,Zn,Yes,Zn,clean,Y,Y,Y,,N,,,,,,,,,,,,,,,,,,,,,,DEBWAK_clean,422.0
DEFKUU_clean,5.40643,4.54366,5.40121,1.71115,1533.38,896.109,0.0,0.0,0.5346,0.312421,0.0,Cu,Yes,Cu,clean,Y,Y,Y,,N,,,,,,,,,,,,,,,,,,,,,,DEFKUU_clean,370.2
DEFRIR_clean,4.8082,3.42715,4.52912,1.36761,1390.79,1016.96,0.0,0.0,0.6218,0.454663,0.0,Gd,Yes,Gd,clean,N,Y,Y,,N,,,,,,,,,,,,,,,,,,,,,,DEFRIR_clean,312.0
DEGJIK_clean,4.49857,3.8442,4.48892,1.5866,672.4,423.8,0.0,0.0,0.4622,0.291315,0.0,Cu,Yes,Cu,clean,Y,Y,Y,,N,,,,,,,,,,,,,,,,,,,,,,DEGJIK_clean,444.3
DEJCIF_clean,5.07924,4.58071,5.07255,1.37299,1275.41,928.928,0.0,0.0,0.5384,0.392137,0.0,Cu,Yes,Cu,clean,N,Y,Y,,N,,,,,,,,,,,,,,,,,,,,,,DEJCIF_clean,322.2
DEJJIN_clean,9.02838,5.92782,8.88373,1.15645,1730.76,1496.61,0.0,0.0,0.6316,0.546154,0.0,Zn,Yes,Zn,clean,Y,Y,Y,,N,,,,,,,,,,,,,,,,,,,,,,DEJJIN_clean,221.0
DEJRUH_clean,4.98345,3.78027,4.98096,1.03045,1372.42,1331.87,0.0,0.0,0.5442,0.52812,0.0,Co,Yes,Co,clean,N,Y,Y,,N,,,,,,,,,,,,,,,,,,,,,,DEJRUH_clean,351.1
DEKHEH_clean,5.43686,4.14383,5.43686,1.07065,1502.42,1403.28,0.0,0.0,0.5314,0.496335,0.0,Mn,No, ,clean,Y,Y,Y,,N,,,,,,,,,,,,,,,,,,,,,,DEKHEH_clean,805.9
DEKHUX_clean,6.73498,5.41814,6.73498,1.052,1333.52,1267.6,0.0,0.0,0.5288,0.50266,0.0,Mn,No, ,clean,Y,Y,Y,,N,,,,,,,,,,,,,,,,,,,,,,DEKHUX_clean,376.1
DELGEI_manual,11.23796,5.9406,11.23796,0.599562,2425.76,4045.89,0.0,0.0,0.7354,1.22656,0.0,Cd,Yes,Cd,manual,Y,Y,Y,,N,,,,,,,,,,,,,,,,,,,,,,DELGEI_manual,172.9
DEPSEW_clean,5.82661,3.6907,5.82661,2.13899,1066.33,498.522,0.0,0.0,0.4968,0.232259,0.0,Ga,No, ,clean,Y,Y,Y,,N,,,,,,,,,,,,,,,,,,,,,,DEPSEW_clean,1136.3
DEPTOH_clean,5.8241,3.64846,5.79204,2.13649,1058.19,495.294,0.0,0.0,0.4966,0.232438,0.0,Ga,No, ,clean,Y,Y,Y,,N,,,,,,,,,,,,,,,,,,,,,,DEPTOH_clean,946.5
DEPXAY_clean,5.29628,3.94728,5.28006,1.07008,2144.58,2004.14,0.0,0.0,0.6404,0.598462,0.0,Zn,Yes,Zn,clean,N,Y,Y,,N,,,,,,,,,,,,,,,,,,,,,,DEPXAY_clean,554.0
DEPXIG_clean,5.45833,4.42032,5.43874,1.21453,1418.68,1168.08,0.0,0.0,0.5298,0.436217,0.0,Mn,Yes,Mn,clean,N,Y,Y,,N,,,,,,,,,,,,,,,,,,,,,,DEPXIG_clean,654.4
DEPXOM_clean,5.87443,4.69467,5.85064,1.07984,2256.84,2089.97,0.0,0.0,0.6052,0.560452,0.0,Mn,Yes,Mn,clean,N,Y,Y,,N,,,,,,,,,,,,,,,,,,,,,,DEPXOM_clean,401.0
DEQFOU_clean,4.43033,3.99236,4.42996,1.33979,549.564,410.186,188.414,140.63,0.5546,0.413945,0.0,Cu,Yes,Cu,clean,Y,Y,Y,,N,,,,,,,,,,,,,,,,,,,,,,DEQFOU_clean,362.2
DEQVIF_clean,6.28134,5.12336,6.25197,1.10154,1366.18,1240.24,0.0,0.0,0.5242,0.475878,0.0,Mn,No, ,clean,Y,Y,Y,,N,,,,,,,,,,,,,,,,,,,,,,DEQVIF_clean,724.1
DEWQUS_clean,6.85928,3.77665,6.81852,1.76082,1527.11,867.274,0.0,0.0,0.5524,0.313718,0.0,"Mo,Co",Yes,"Mo,Co",clean,Y,Y,Y,,N,,,,,,,,,,,,,,,,,,,,,,DEWQUS_clean,904.6
DEWRIH_clean,5.32446,3.88819,5.25315,2.34041,1006.15,429.901,0.0,0.0,0.4786,0.204494,0.0,"Mo,Cd",Yes,"Mo,Cd",clean,Y,Y,Y,,N,,,,,,,,,,,,,,,,,,,,,,DEWRIH_clean,449.8
DEYJIC_clean,5.18714,3.79158,5.1767,1.26241,1435.68,1137.26,0.0,0.0,0.5344,0.423318,0.0,"Ni,V",Yes,"Ni,V",clean,Y,Y,Y,,N,,,,,,,,,,,,,,,,,,,,,,DEYJIC_clean,447.7
DEYJOI_clean,5.20142,3.64055,5.19254,1.24367,1493.92,1201.22,0.0,0.0,0.5352,0.430338,0.0,"V,Co",Yes,"V,Co",clean,Y,Y,Y,,N,,,,,,,,,,,,,,,,,,,,,,DEYJOI_clean,458.7
DEYLUQ_clean,7.28064,4.66536,7.28064,1.6199,977.704,603.558,0.0,0.0,0.4976,0.307179,0.0,Cd,Yes,Cd,clean,Y,Y,Y,,N,,,,,,,,,,,,,,,,,,,,,,DEYLUQ_clean,380.6
DEYNIG_clean,4.67091,3.76726,4.63755,2.4194,389.97,161.184,0.0,0.0,0.4246,0.175498,0.0,Cu,Yes,Cu,clean,Y,Y,Y,,N,,,,,,,,,,,,,,,,,,,,,,DEYNIG_clean,199.3
DEZKAW_clean,8.13146,3.74741,8.1255,0.911325,1740.68,1910.06,27.7822,30.4855,0.6372,0.699202,0.0,Mn,Yes,Mn,clean,Y,Y,Y,,N,,,,,,,,,,,,,,,,,,,,,,DEZKAW_clean,184.9
DIBJEF_clean,5.60649,4.70814,5.13464,1.76959,946.581,534.916,0.0,0.0,0.4236,0.239378,0.000565104,Eu,Yes,Eu,clean,Y,Y,Y,,N,,,,,,,,,,,,,,,,,,,,,,DIBJEF_clean,2439.3
DIBJIJ_clean,6.10817,4.16928,5.9554,1.53541,899.273,585.691,0.0598489,0.0389792,0.5054,0.329164,0.0,Eu,Yes,Eu,clean,Y,Y,Y,,N,,,,,,,,,,,,,,,,,,,,,,DIBJIJ_clean,1391.9
DIBPAH_clean,5.70136,3.62358,5.70136,1.16448,1493.52,1282.56,0.0,0.0,0.5674,0.487255,0.0,Ce,Yes,Ce,clean,Y,Y,Y,,N,,,,,,,,,,,,,,,,,,,,,,DIBPAH_clean,1232.4
DIBQEM_clean,16.82847,3.4822,16.82847,0.80886,1885.97,2331.64,0.0,0.0,0.6836,0.84514,0.0,Co,Yes,Co,clean,Y,Y,Y,,N,,,,,,,,,,,,,,,,,,,,,,DIBQEM_clean,1062.6
DIBQIQ_clean,8.63632,7.63034,8.63632,0.777557,2368.36,3045.9,0.0,0.0,0.6702,0.86193,0.0,Co,Yes,Co,clean,Y,Y,Y,,N,,,,,,,,,,,,,,,,,,,,,,DIBQIQ_clean,973.3
DIBQOW_clean,9.37426,8.42221,9.36118,0.760114,2220.47,2921.23,0.0,0.0,0.6854,0.901706,0.0,Co,Yes,Co,clean,Y,Y,Y,,N,,,,,,,,,,,,,,,,,,,,,,DIBQOW_clean,883.9
DIBQUC_clean,9.44546,8.47192,9.44155,0.754531,2221.93,2944.78,0.0,0.0,0.6746,0.894065,0.0,Co,Yes,Co,clean,Y,Y,Y,,N,,,,,,,,,,,,,,,,,,,,,,DIBQUC_clean,834.5
DICKEH_clean,12.83987,7.4101,12.68863,0.522471,2354.64,4506.73,0.0,0.0,0.796,1.52353,0.0,Cu,Yes,Cu,clean,Y,Y,Y,,N,,,,,,,,,,,,,,,,,,,,,,DICKEH_clean,173.1
DICVAO_clean,6.28011,3.53464,6.28011,1.12464,1454.75,1293.53,0.0,0.0,0.5698,0.506652,0.0,Nd,Yes,Nd,clean,Y,Y,Y,,N,,,,,,,,,,,,,,,,,,,,,,DICVAO_clean,1230.4
DICVES_clean,6.33441,3.59662,6.33441,1.11373,1441.4,1294.21,0.0,0.0,0.581,0.521669,0.0,Pr,Yes,Pr,clean,Y,Y,Y,,N,,,,,,,,,,,,,,,,,,,,,,DICVES_clean,1230.7
DICVIW_clean,6.26495,3.45129,6.22166,1.15151,1468.87,1275.6,0.0,0.0,0.5682,0.493438,0.0,Eu,Yes,Eu,clean,Y,Y,Y,,N,,,,,,,,,,,,,,,,,,,,,,DICVIW_clean,1257.5
DIDBAV_clean,9.28847,5.74363,7.91915,0.92545,1489.11,1609.07,0.0,0.0,0.5874,0.634718,0.0,Co,No, ,clean,Y,Y,Y,,N,,,,,,,,,,,,,,,,,,,,,,DIDBAV_clean,1473.9
DIDBEZ_clean,9.17575,5.94989,7.9915,0.929043,1495.06,1609.25,0.0,0.0,0.5892,0.634201,0.0,Co,No, ,clean,Y,Y,Y,,N,,,,,,,,,,,,,,,,,,,,,,DIDBEZ_clean,1459.1
DIDDOK_clean,9.60031,8.17399,9.60031,0.525842,2599.96,4944.37,0.0,0.0,0.7878,1.49817,0.0,Zn,Yes,Zn,clean,Y,Y,Y,,N,,,,,,,,,,,,,,,,,,,,,,DIDDOK_clean,183.7
DIHVIB01_clean,13.18363,6.64307,13.17065,0.881735,2096.71,2377.93,0.0,0.0,0.7124,0.807952,0.0,Cu,Yes,Cu,clean,Y,Y,Y,,N,,,,,,,,,,,,,,,,,,,,,,DIHVIB01_clean,3123.3
DIHVIB_clean,13.27896,6.89092,13.26587,0.883073,2036.2,2305.8,0.0,0.0,0.7186,0.813749,0.0,Cu,Yes,Cu,clean,Y,Y,Y,,N,,,,,,,,,,,,,,,,,,,,,,DIHVIB_clean,3000.0
DIKJUD_clean,5.51513,4.27188,5.50941,1.06812,1036.17,970.09,0.0,0.0,0.5198,0.486651,0.0,Cu,Yes,Cu,clean,Y,Y,Y,,N,,,,,,,,,,,,,,,,,,,,,,DIKJUD_clean,609.0
DINNIZ_clean,5.64071,4.66315,5.45064,1.16869,1439.96,1232.11,0.0,0.0,0.5486,0.469413,0.0,Mn,Yes,Mn,clean,N,Y,Y,,N,,,,,,,,,,,,,,,,,,,,,,DINNIZ_clean,699.6
DIPMAS_clean,5.87796,4.78268,5.87796,1.71391,1532.86,894.368,0.0,0.0,0.5492,0.320438,0.0,Ce,Yes,Ce,clean,Y,Y,Y,,N,,,,,,,,,,,,,,,,,,,,,,DIPMAS_clean,272.2
DIRPIF_clean,8.33531,6.07292,8.1953,0.867063,1783.84,2057.33,0.0,0.0,0.6398,0.737893,0.0,Zn,Yes,Zn,clean,Y,Y,Y,,N,,,,,,,,,,,,,,,,,,,,,,DIRPIF_clean,327.0
DITJIB_clean,20.3631,9.01147,20.3631,0.521418,1774.76,3403.71,0.0,0.0,0.8332,1.59795,0.0,Hf,Yes,Hf,clean,Y,Y,Y,,N,,,,,,,,,,,,,,,,,,,,,,DITJIB_clean,224.2
DITJOH_clean,19.43102,8.59079,19.40135,0.448746,1849.48,4121.45,0.0,0.0,0.824,1.83623,0.000445686,Zr,Yes,Zr,clean,Y,Y,Y,,N,,,,,,,,,,,,,,,,,,,,,,DITJOH_clean,221.5
DITTEH_clean,5.93254,5.15214,5.88831,1.0803,2344.41,2170.15,0.0,0.0,0.6392,0.59169,0.0,Zn,Yes,Zn,clean,Y,Y,Y,,N,,,,,,,,,,,,,,,,,,,,,,DITTEH_clean,752.9
DITXOU_clean,5.00365,3.53364,4.98221,1.08104,1844.81,1706.51,0.0,0.0,0.6206,0.574076,0.0,Zn,Yes,Zn,clean,Y,Y,Y,,N,,,,,,,,,,,,,,,,,,,,,,DITXOU_clean,316.8
DITYEM_clean,4.09318,3.46859,4.09318,1.84238,155.54,84.4234,0.0,0.0,0.347,0.188344,0.0,Cu,Yes,Cu,clean,Y,Y,Y,,N,,,,,,,,,,,,,,,,,,,,,,DITYEM_clean,285.8
DITYOW_clean,4.93354,4.81445,4.92328,1.42734,510.614,357.738,113.486,79.5089,0.4866,0.340914,0.0,Cu,Yes,Cu,clean,Y,Y,Y,,N,,,,,,,,,,,,,,,,,,,,,,DITYOW_clean,807.9
DIVGIA_clean,5.63742,3.98335,5.62763,1.20442,696.106,577.961,65.1595,54.1004,0.5032,0.417795,0.0,"Ag,Si",Yes,Ag,clean,N,Y,Y,,N,,,,,,,,,,,,,,,,,,,,,,DIVGIA_clean,1582.5
DIVPUU_clean,5.28515,5.1054,5.28515,1.34186,1223.75,911.977,0.0,0.0,0.5794,0.431788,0.0,Ag,Yes,Ag,clean,Y,Y,Y,,N,,,,,,,,,,,,,,,,,,,,,,DIVPUU_clean,240.3
DIVSUY_clean,6.25148,4.17859,6.25148,1.23081,1945.11,1580.35,0.0,0.0,0.5978,0.485697,0.0,Eu,Yes,Eu,clean,Y,Y,Y,,N,,,,,,,,,,,,,,,,,,,,,,DIVSUY_clean,983.7
DIWMON_clean,9.50738,3.99435,9.49132,0.925424,1888.23,2040.4,0.0,0.0,0.6264,0.676879,0.0,Sr,Yes,Sr,clean,Y,Y,Y,,N,,,,,,,,,,,,,,,,,,,,,,DIWMON_clean,870.7
DIWNAA_clean,6.5178,6.18035,6.5178,0.652513,3119.09,4780.12,0.0,0.0,0.7074,1.08412,0.0,Mg,Yes,Mg,clean,Y,Y,Y,,N,,,,,,,,,,,,,,,,,,,,,,DIWNAA_clean,384.0
DIXKOL_clean,7.1658,4.7152,7.1658,1.41392,1322.21,935.139,0.0,0.0,0.5174,0.365933,0.0,Co,Yes,Co,clean,Y,Y,Y,,N,,,,,,,,,,,,,,,,,,,,,,DIXKOL_clean,333.8
DIYKAZ_clean,4.37543,3.51099,4.3605,1.7281,376.515,217.879,0.0,0.0,0.374,0.216423,0.0,Cd,No, ,clean,Y,Y,Y,,N,,,,,,,,,,,,,,,,,,,,,,DIYKAZ_clean,530.6
DIYKED_clean,4.3222,3.9714,4.30868,1.64821,471.45,286.037,0.0806433,0.0489277,0.4054,0.245963,0.0,Cd,No, ,clean,Y,Y,Y,,N,,,,,,,,,,,,,,,,,,,,,,DIYKED_clean,322.5
DIYTEM_clean,5.54342,3.85621,5.5369,1.27196,1497.59,1177.39,0.0,0.0,0.5676,0.446239,0.0,Cd,Yes,Cd,clean,Y,Y,Y,,N,,,,,,,,,,,,,,,,,,,,,,DIYTEM_clean,946.1
DOCKOW_clean,6.92307,5.14701,6.92307,1.38513,740.657,534.72,0.0,0.0,0.4578,0.330511,0.0,"Zn,Mn",Yes,Zn,clean,Y,Y,Y,,N,,,,,,,,,,,,,,,,,,,,,,DOCKOW_clean,352.0
DODMIT_clean,7.01246,4.52059,7.01246,1.55856,1353.3,868.3,0.0,0.0,0.5366,0.344293,0.0,Er,Yes,Er,clean,N,Y,Y,,N,,,,,,,,,,,,,,,,,,,,,,DODMIT_clean,674.9
DOGMET_clean,4.99101,3.50509,4.98216,1.8068,621.631,344.051,0.0,0.0,0.4322,0.239208,0.0,"Cu,Gd",No, ,clean,Y,Y,Y,,N,,,,,,,,,,,,,,,,,,,,,,DOGMET_clean,746.1
DOHNUL_clean,5.10735,4.25399,5.10735,1.35619,773.026,569.999,0.0,0.0,0.4762,0.351131,0.0,Zn,Yes,Zn,clean,Y,Y,Y,,N,,,,,,,,,,,,,,,,,,,,,,DOHNUL_clean,318.9
DOKDEN_clean,15.14217,13.44364,15.14217,0.712137,1836.8,2579.28,0.0,0.0,0.7026,0.986608,0.0,Cu,No, ,clean,Y,Y,Y,,N,,,,,,,,,,,,,,,,,,,,,,DOKDEN_clean,499.4
DOKHIV_clean,4.6785,3.79643,4.6785,1.49483,851.868,569.877,0.0,0.0,0.5076,0.339571,0.0,Cu,Yes,Cu,clean,Y,Y,Y,,N,,,,,,,,,,,,,,,,,,,,,,DOKHIV_clean,418.9
DOLRAZ_clean,5.60421,4.00046,5.58702,1.12972,1092.67,967.204,0.0,0.0,0.499,0.441701,0.0,Mg,Yes,Mg,clean,Y,Y,Y,,N,,,,,,,,,,,,,,,,,,,,,,DOLRAZ_clean,1158.3
DOLXOR01_clean,6.62435,5.36027,6.62435,1.08308,2578.79,2380.98,0.0,0.0,0.7368,0.68028,0.0,Cu,Yes,Cu,clean,Y,Y,Y,,N,,,,,,,,,,,,,,,,,,,,,,DOLXOR01_clean,90.6
DOLXOR02_clean,6.63462,5.37244,6.6246,1.07895,2591.9,2402.25,0.0,0.0,0.7454,0.690858,0.0,Cu,Yes,Cu,clean,Y,Y,Y,,N,,,,,,,,,,,,,,,,,,,,,,DOLXOR02_clean,92.1
DOLXOR_clean,6.62226,5.36537,6.62226,1.08651,2583.31,2377.63,0.0,0.0,0.7438,0.684577,0.0,Cu,Yes,Cu,clean,Y,Y,Y,,N,,,,,,,,,,,,,,,,,,,,,,DOLXOR_clean,91.4
DOMCUE_clean,18.25013,13.54682,18.2492,0.68587,1384.82,2019.07,0.0,0.0,0.7758,1.13112,0.0,Tb,Yes,Tb,clean,Y,Y,Y,,N,,,,,,,,,,,,,,,,,,,,,,DOMCUE_clean,579.8
DOMDAL_clean,18.43381,14.45488,18.43381,0.66329,1341.32,2022.22,0.0,0.0,0.7914,1.19314,0.0,Tb,No, ,clean,Y,Y,Y,,N,,,,,,,,,,,,,,,,,,,,,,DOMDAL_clean,161.0
DOMFUI_clean,8.13637,5.96872,8.13476,1.18044,720.043,609.981,519.992,440.508,0.5282,0.447462,0.0,"Na,Sm,Zn",Yes,"Na,Zn",clean,Y,Y,Y,,N,,,,,,,,,,,,,,,,,,,,,,DOMFUI_clean,648.9
DOMKEX_clean,5.79906,5.20244,5.74892,1.1266,1080.97,959.499,0.0,0.0,0.4364,0.387361,0.0,Na,Yes,Na,clean,Y,Y,Y,,N,,,,,,,,,,,,,,,,,,,,,,DOMKEX_clean,319.9
DONKIC_clean,6.48379,4.41641,6.4829,1.03451,1661.2,1605.79,0.0954102,0.0922278,0.5846,0.565101,0.0,Co,Yes,Co,clean,Y,Y,Y,,N,,,,,,,,,,,,,,,,,,,,,,DONKIC_clean,544.4
DONKOI_clean,7.04655,4.39343,7.04655,1.0337,1721.47,1665.34,0.466736,0.451519,0.6006,0.581018,0.0,Ni,Yes,Ni,clean,Y,Y,Y,,N,,,,,,,,,,,,,,,,,,,,,,DONKOI_clean,544.5
DONKUO_clean,5.4573,3.6514,5.4573,1.13,941.26,832.97,0.0,0.0,0.5158,0.456458,0.0,Mn,Yes,Mn,clean,Y,Y,Y,,N,,,,,,,,,,,,,,,,,,,,,,DONKUO_clean,490.4
DONNAW01_SL,6.43543,6.35486,6.43543,1.16514,1539.67,1321.44,0.0,0.0,0.5912,0.507406,0.0,Ga,No, ,SL,Y,Y,Y,,N,,,,,,,,,,,,,,,,,,,,,,DONNAW01_SL,503.1
DONNAW_clean,6.49774,6.1972,6.46918,1.18453,1598.35,1349.36,0.0,0.0,0.5994,0.506024,0.0,Ga,No, ,clean,Y,Y,Y,,N,,,,,,,,,,,,,,,,,,,,,,DONNAW_clean,563.9
DONNEA_clean,5.83858,5.56044,5.83858,1.23493,1480.59,1198.93,0.0,0.0,0.573,0.463996,0.0,Ga,No, ,clean,Y,Y,Y,,N,,,,,,,,,,,,,,,,,,,,,,DONNEA_clean,428.5
DONNIE_clean,7.12052,6.90641,7.12052,1.14518,1600.5,1397.6,0.0,0.0,0.6142,0.536335,0.0,Ga,No, ,clean,Y,Y,Y,,N,,,,,,,,,,,,,,,,,,,,,,DONNIE_clean,569.7
DONXUB_clean,5.08195,4.10328,5.08195,1.44854,506.69,349.793,246.756,170.348,0.4778,0.329849,0.0,Co,Yes,Co,clean,Y,Y,Y,,N,,,,,,,,,,,,,,,,,,,,,,DONXUB_clean,1154.3
DOPHOH_clean,12.12577,5.64086,12.12577,0.985409,1409.44,1430.31,390.474,396.256,0.664,0.673832,0.0,Cu,Yes,Cu,clean,Y,Y,Y,,N,,,,,,,,,,,,,,,,,,,,,,DOPHOH_clean,891.3
DOPHUN_clean,12.13355,5.61514,12.13355,0.984545,1406.36,1428.44,392.743,398.909,0.6676,0.67808,0.0,Cu,Yes,Cu,clean,Y,Y,Y,,N,,,,,,,,,,,,,,,,,,,,,,DOPHUN_clean,929.6
DOPJAV_clean,7.55824,6.21149,7.55824,1.32954,1214.76,913.669,0.0,0.0,0.54,0.406156,0.0,Cu,Yes,Cu,clean,Y,Y,Y,,N,,,,,,,,,,,,,,,,,,,,,,DOPJAV_clean,499.4
DORFAS_clean,6.89012,5.94748,6.89012,1.02954,1487.46,1444.77,0.0,0.0,0.5948,0.577731,0.0,In,No, ,clean,Y,Y,Y,,N,,,,,,,,,,,,,,,,,,,,,,DORFAS_clean,613.4
DORFOG_clean,3.83387,3.5005,3.83387,1.28492,358.59,279.076,0.0,0.0,0.476,0.370451,0.0,Mg,Yes,Mg,clean,N,Y,Y,,N,,,,,,,,,,,,,,,,,,,,,,DORFOG_clean,289.5
DORFUM_clean,5.31241,3.65877,4.34235,1.179,656.388,556.733,287.867,244.163,0.4348,0.368788,0.0,"Fe,K",Yes,K,clean,Y,Y,Y,,N,,,,,,,,,,,,,,,,,,,,,,DORFUM_clean,864.3
DORYUG_clean,4.30528,3.70581,4.14603,1.35136,548.483,405.876,0.0,0.0,0.4236,0.313463,0.0,Cu,No, ,clean,Y,Y,Y,,N,,,,,,,,,,,,,,,,,,,,,,DORYUG_clean,1860.0
DOTTEM_clean,6.58677,6.27426,6.58677,1.16648,1563.6,1340.44,0.0,0.0,0.6108,0.523628,0.0,Ga,No, ,clean,Y,Y,Y,,N,,,,,,,,,,,,,,,,,,,,,,DOTTEM_clean,574.3
DOTYES_clean,5.96032,3.45239,5.95027,3.11213,1072.19,344.518,4.81821,1.5482,0.4928,0.158348,0.0,"W,Ni",Yes,"W,Ni",clean,N,Y,Y,,N,,,,,,,,,,,,,,,,,,,,,,DOTYES_clean,889.9
DOYBAV_clean,6.11281,4.48624,6.11281,1.17289,1293.73,1103.03,0.0,0.0,0.5656,0.482229,0.0,Cd,Yes,Cd,clean,N,Y,Y,,N,,,,,,,,,,,,,,,,,,,,,,DOYBAV_clean,821.6
DOYBEA_clean,5.83429,5.37899,5.82078,1.0599,1634.79,1542.4,0.0,0.0,0.5844,0.551373,0.0,Al,No, ,clean,Y,Y,Y,,N,,,,,,,,,,,,,,,,,,,,,,DOYBEA_clean,799.7
DOYBUQ01_clean,4.47276,3.50575,4.44835,1.90606,879.044,461.183,0.0,0.0,0.519,0.272289,0.0,"Fe,Pt",Yes,Pt,clean,Y,Y,Y,,N,,,,,,,,,,,,,,,,,,,,,,DOYBUQ01_clean,234.9
DOYBUQ_clean,4.65105,3.76809,4.64879,1.78136,1057.62,593.716,0.0,0.0,0.5468,0.306956,0.0,"Fe,Pt",Yes,Pt,clean,Y,Y,Y,,N,,,,,,,,,,,,,,,,,,,,,,DOYBUQ_clean,211.0
DOYHOQ_clean,6.82504,4.15814,6.82504,0.987346,2244.54,2273.31,0.0,0.0,0.6424,0.650633,0.0,Zn,Yes,Zn,clean,Y,Y,Y,,N,,,,,,,,,,,,,,,,,,,,,,DOYHOQ_clean,429.6
DOYHUW_clean,6.87938,5.20644,6.87938,0.976254,2294.91,2350.74,0.0,0.0,0.6516,0.667449,0.0,Zn,Yes,Zn,clean,Y,Y,Y,,N,,,,,,,,,,,,,,,,,,,,,,DOYHUW_clean,992.5
DOYLEI_clean,6.40369,4.15529,6.40369,1.15157,1694.44,1471.42,0.0,0.0,0.6046,0.525024,0.0,"Cd,Ni",Yes,Ni,clean,Y,Y,Y,,N,,,,,,,,,,,,,,,,,,,,,,DOYLEI_clean,219.7
DOZCEC_clean,19.11403,11.74027,19.11403,0.458248,1880.45,4103.57,0.0,0.0,0.8106,1.76891,0.0,Mn,Yes,Mn,clean,Y,Y,Y,,N,,,,,,,,,,,,,,,,,,,,,,DOZCEC_clean,169.3
DOZKIO_clean,6.44925,4.72277,6.43616,1.05766,2120.44,2004.84,0.0,0.0,0.6376,0.602839,0.0,Eu,Yes,Eu,clean,Y,Y,Y,,N,,,,,,,,,,,,,,,,,,,,,,DOZKIO_clean,376.2
DUBBEI_clean,4.93494,3.49142,4.86694,2.00135,1263.38,631.266,0.0,0.0,0.5166,0.258126,0.0,Er,No, ,clean,Y,Y,Y,,N,,,,,,,,,,,,,,,,,,,,,,DUBBEI_clean,322.9
DUBJUH_clean,7.25048,6.08004,7.24863,1.09392,1335.78,1221.09,0.0,0.0,0.5476,0.500583,0.0,Co,No, ,clean,Y,Y,Y,,N,,,,,,,,,,,,,,,,,,,,,,DUBJUH_clean,844.0
DUBKAO_clean,7.17371,5.8712,7.17371,1.10727,1329.12,1200.36,0.0,0.0,0.5452,0.492383,0.0,Ni,No, ,clean,Y,Y,Y,,N,,,,,,,,,,,,,,,,,,,,,,DUBKAO_clean,851.8
DUBWON_clean,5.41735,4.7264,5.40719,1.2729,1870.44,1469.44,0.0,0.0,0.6244,0.490534,0.0,Zn,Yes,Zn,clean,N,Y,Y,,N,,,,,,,,,,,,,,,,,,,,,,DUBWON_clean,782.6
DUDKEU_clean,5.16942,3.66649,5.16942,1.65561,855.86,516.946,0.0,0.0,0.4144,0.250301,0.0,Co,Yes,Co,clean,Y,Y,Y,,N,,,,,,,,,,,,,,,,,,,,,,DUDKEU_clean,502.7
DUDKOE_clean,10.92488,6.00637,10.24342,0.779781,2417.09,3099.71,0.0,0.0,0.7388,0.947446,0.0,Zn,Yes,Zn,clean,Y,Y,Y,,N,,,,,,,,,,,,,,,,,,,,,,DUDKOE_clean,358.4
DUDKUK_clean,8.84791,6.66406,8.84791,0.84398,2430.67,2880.0,0.0,0.0,0.75,0.888646,0.0,Cd,Yes,Cd,clean,Y,Y,Y,,N,,,,,,,,,,,,,,,,,,,,,,DUDKUK_clean,157.3
DUFGOB_clean,8.44616,7.81761,8.44616,1.12069,1457.55,1300.59,0.0,0.0,0.5722,0.51058,0.0,"K,U",Yes,K,clean,Y,Y,Y,,N,,,,,,,,,,,,,,,,,,,,,,DUFGOB_clean,267.2
DUFKAS_clean,18.33861,11.31425,18.33733,0.529585,1559.27,2944.33,0.0,0.0,0.811,1.53139,0.0,Ce,Yes,Ce,clean,Y,Y,Y,,N,,,,,,,,,,,,,,,,,,,,,,DUFKAS_clean,388.6
DUGMOJ_clean,13.15947,6.68014,13.15947,1.04413,1452.16,1390.78,0.0,0.0,0.5972,0.571957,0.0,Cu,Yes,Cu,clean,Y,Y,Y,,N,,,,,,,,,,,,,,,,,,,,,,DUGMOJ_clean,542.1
DUHXIP_clean,5.38027,3.4809,5.34205,1.27884,677.396,529.696,4.06005,3.17479,0.4624,0.361578,0.0,Zn,Yes,Zn,clean,Y,Y,Y,,N,,,,,,,,,,,,,,,,,,,,,,DUHXIP_clean,1818.7
DUJRAD_clean,6.16228,5.32315,6.13437,1.37535,1593.73,1158.79,0.0,0.0,0.5806,0.422148,0.0,"Cu,Ba",Yes,"Cu,Ba",clean,Y,Y,Y,,N,,,,,,,,,,,,,,,,,,,,,,DUJRAD_clean,451.3
DUKNII_clean,5.28968,3.60886,5.25875,1.23201,362.386,294.143,41.4473,33.6421,0.4702,0.381654,0.0,Ni,Yes,Ni,clean,Y,Y,Y,,N,,,,,,,,,,,,,,,,,,,,,,DUKNII_clean,1168.8
DUMXEQ01_clean,4.78039,3.84263,4.78039,1.76597,828.843,469.341,0.0,0.0,0.4496,0.254591,0.0,Dy,No, ,clean,Y,Y,Y,,N,,,,,,,,,,,,,,,,,,,,,,DUMXEQ01_clean,544.9
DUMXEQ_clean,4.75958,3.82785,4.75554,1.76954,805.711,455.323,0.0,0.0,0.4502,0.254417,0.0,Dy,No, ,clean,Y,Y,Y,,N,,,,,,,,,,,,,,,,,,,,,,DUMXEQ_clean,551.2
DUMXIU_clean,4.39406,3.66786,4.39093,1.82931,560.452,306.373,0.0,0.0,0.4366,0.238669,0.0,Dy,No, ,clean,Y,Y,Y,,N,,,,,,,,,,,,,,,,,,,,,,DUMXIU_clean,417.2
DUNJON_clean,5.13321,3.70024,5.11248,2.82249,688.218,243.833,0.0,0.0,0.4132,0.146395,0.0,"W,Co",Yes,"W,Co",clean,Y,Y,Y,,N,,,,,,,,,,,,,,,,,,,,,,DUNJON_clean,398.5
DUNXUH01_clean,5.08043,3.95835,5.08043,1.20337,1874.89,1558.04,0.0,0.0,0.6064,0.503919,0.0,Zn,Yes,Zn,clean,Y,Y,Y,,N,,,,,,,,,,,,,,,,,,,,,,DUNXUH01_clean,972.3
DUNXUH02_clean,5.05926,3.9622,4.49661,1.21011,1835.42,1516.73,0.0,0.0,0.6046,0.499624,0.0,Zn,Yes,Zn,clean,Y,Y,Y,,N,,,,,,,,,,,,,,,,,,,,,,DUNXUH02_clean,963.8
DUNXUH03_clean,4.97891,3.78832,4.59863,1.23681,1734.27,1402.21,0.0,0.0,0.5936,0.479945,0.0,Zn,Yes,Zn,clean,Y,Y,Y,,N,,,,,,,,,,,,,,,,,,,,,,DUNXUH03_clean,909.0
DUNXUH04_clean,4.99541,3.81551,4.9844,1.23241,1776.81,1441.74,0.0,0.0,0.5952,0.482957,0.0,Zn,Yes,Zn,clean,Y,Y,Y,,N,,,,,,,,,,,,,,,,,,,,,,DUNXUH04_clean,913.2
DUNXUH05_clean,5.01407,3.87283,4.97867,1.22609,1774.32,1447.13,0.0,0.0,0.5944,0.484792,0.0,Zn,Yes,Zn,clean,Y,Y,Y,,N,,,,,,,,,,,,,,,,,,,,,,DUNXUH05_clean,908.1
DUNXUH06_clean,5.04935,3.8892,5.03687,1.21647,1807.28,1485.67,0.0,0.0,0.6062,0.498328,0.0,Zn,Yes,Zn,clean,Y,Y,Y,,N,,,,,,,,,,,,,,,,,,,,,,DUNXUH06_clean,876.8
DUNXUH12_clean,4.98043,3.76476,4.96686,1.23681,1716.03,1387.47,0.0,0.0,0.593,0.47946,0.0,Zn,Yes,Zn,clean,Y,Y,Y,,N,,,,,,,,,,,,,,,,,,,,,,DUNXUH12_clean,905.6
DUNXUH13_clean,4.99037,3.79418,4.86577,1.23241,1722.87,1397.97,0.0,0.0,0.5938,0.481821,0.0,Zn,Yes,Zn,clean,Y,Y,Y,,N,,,,,,,,,,,,,,,,,,,,,,DUNXUH13_clean,913.8
DUNXUH14_clean,5.00423,3.8343,4.58368,1.22609,1739.06,1418.37,0.0,0.0,0.5986,0.488218,0.0,Zn,Yes,Zn,clean,Y,Y,Y,,N,,,,,,,,,,,,,,,,,,,,,,DUNXUH14_clean,933.7
DUNXUH15_clean,5.0496,3.92518,5.02742,1.21011,1811.64,1497.09,0.0,0.0,0.6042,0.499293,0.0,Zn,Yes,Zn,clean,Y,Y,Y,,N,,,,,,,,,,,,,,,,,,,,,,DUNXUH15_clean,962.0
DUNXUH21_clean,5.07683,3.95879,4.81355,1.20337,1860.11,1545.75,0.0,0.0,0.6076,0.504916,0.0,Zn,Yes,Zn,clean,Y,Y,Y,,N,,,,,,,,,,,,,,,,,,,,,,DUNXUH21_clean,963.4
DUNXUH_clean,5.0284,3.9124,4.82782,1.21944,1796.23,1472.99,0.0,0.0,0.602,0.493667,0.0,Zn,Yes,Zn,clean,Y,Y,Y,,N,,,,,,,,,,,,,,,,,,,,,,DUNXUH_clean,941.3
DUPJAB_clean,9.76192,5.55983,9.75209,1.11305,1740.01,1563.28,62.6529,56.2895,0.67,0.60195,0.0,Cd,Yes,Cd,clean,Y,Y,Y,,N,,,,,,,,,,,,,,,,,,,,,,DUPJAB_clean,1072.6
DUPKAC_clean,11.8886,6.57125,10.69212,0.647287,2123.23,3280.21,0.0,0.0,0.7376,1.13953,0.0,Zn,Yes,Zn,clean,Y,Y,Y,,N,,,,,,,,,,,,,,,,,,,,,,DUPKAC_clean,4207.6
DUPVER_clean,9.93002,6.46763,9.91751,0.795967,2168.14,2723.91,0.0,0.0,0.7348,0.923153,0.0,Zn,Yes,Zn,clean,Y,Y,Y,,N,,,,,,,,,,,,,,,,,,,,,,DUPVER_clean,328.9
DUQSEO_clean,3.77576,3.47286,3.77576,1.73065,285.313,164.859,0.0,0.0,0.4436,0.25632,0.0,La,Yes,La,clean,N,Y,Y,,N,,,,,,,,,,,,,,,,,,,,,,DUQSEO_clean,310.0
DUQYEU01_clean,4.86217,4.34562,4.86217,1.66926,2251.32,1348.69,0.0,0.0,0.6184,0.370463,0.0,Dy,Yes,Dy,clean,Y,Y,Y,,N,,,,,,,,,,,,,,,,,,,,,,DUQYEU01_clean,241.0
DUQYEU_clean,4.86021,4.34715,4.86021,1.66839,2272.53,1362.11,0.0,0.0,0.6004,0.359868,0.0,Dy,Yes,Dy,clean,Y,Y,Y,,N,,,,,,,,,,,,,,,,,,,,,,DUQYEU_clean,254.8
DURDAX_clean,8.5072,5.95019,7.5941,0.701061,2581.34,3682.05,0.0,0.0,0.7402,1.05583,0.0,Zn,Yes,Zn,clean,Y,Y,Y,,N,,,,,,,,,,,,,,,,,,,,,,DURDAX_clean,382.0
DURDIF_clean,6.93958,6.05366,6.90375,0.735097,2642.04,3594.14,0.0,0.0,0.7204,0.980006,0.0,Zn,Yes,Zn,clean,Y,Y,Y,,N,,,,,,,,,,,,,,,,,,,,,,DURDIF_clean,163.1
DUTKAG_clean,6.82996,5.62808,6.81318,0.906851,2249.11,2480.13,0.0,0.0,0.6722,0.741246,0.0,Zn,Yes,Zn,clean,Y,Y,Y,,N,,,,,,,,,,,,,,,,,,,,,,DUTKAG_clean,676.3
DUWBEE_clean,7.4726,6.03228,7.03921,0.972318,2397.88,2466.15,0.0,0.0,0.7166,0.737002,0.0,Cd,Yes,Cd,clean,Y,Y,Y,,N,,,,,,,,,,,,,,,,,,,,,,DUWBEE_clean,456.7
DUWFOS_clean,4.7722,3.99598,4.7722,1.5688,655.828,418.043,0.0,0.0,0.462,0.294492,0.0,Zn,No, ,clean,Y,Y,Y,,N,,,,,,,,,,,,,,,,,,,,,,DUWFOS_clean,308.6
DUWGEJ_clean,6.48283,5.44672,6.47851,1.23973,1910.17,1540.8,0.0,0.0,0.6142,0.495432,0.0,Cd,Yes,Cd,clean,Y,Y,Y,,N,,,,,,,,,,,,,,,,,,,,,,DUWGEJ_clean,336.9
DUWROE_clean,4.35263,3.47485,4.33203,1.3646,1032.9,756.92,0.0,0.0,0.5148,0.377252,0.0,Mg,No, ,clean,Y,Y,Y,,N,,,,,,,,,,,,,,,,,,,,,,DUWROE_clean,699.2
DUWRUK_clean,4.54182,3.68421,4.38679,1.45633,495.592,340.302,181.958,124.943,0.4774,0.32781,0.0,Mg,No, ,clean,Y,Y,Y,,N,,,,,,,,,,,,,,,,,,,,,,DUWRUK_clean,365.0
DUWSAR_clean,5.89224,4.25071,5.89224,0.915526,2178.46,2379.46,0.816322,0.891643,0.6566,0.717184,0.0,Mg,Yes,Mg,clean,Y,Y,Y,,N,,,,,,,,,,,,,,,,,,,,,,DUWSAR_clean,310.2
DUXKUD_clean,7.67361,6.90082,7.6375,1.23834,1391.29,1123.51,0.0,0.0,0.5864,0.473535,0.0,U,Yes,U,clean,Y,Y,Y,,N,,,,,,,,,,,,,,,,,,,,,,DUXKUD_clean,383.6
DUXMAL_clean,4.53313,3.88732,4.40894,1.15892,1217.93,1050.91,0.0,0.0,0.5062,0.436785,0.0,Mn,Yes,Mn,clean,N,Y,Y,,N,,,,,,,,,,,,,,,,,,,,,,DUXMAL_clean,990.2
DUYJIS_clean,6.08213,4.77192,5.96456,1.01187,1589.69,1571.04,0.0,0.0,0.5968,0.589801,0.0,Cu,No, ,clean,Y,Y,Y,,N,,,,,,,,,,,,,,,,,,,,,,DUYJIS_clean,1314.0
DUYRAR_clean,5.40502,3.6653,5.2509,3.43473,596.999,173.813,136.893,39.8556,0.4634,0.134916,0.0,"W,Nd",Yes,"W,Nd",clean,N,Y,Y,,N,,,,,,,,,,,,,,,,,,,,,,DUYRAR_clean,413.6
DUYREV_clean,5.41837,3.69977,5.33563,3.41098,611.073,179.149,152.278,44.6434,0.4568,0.133921,0.0,"Pr,W",Yes,"Pr,W",clean,N,Y,Y,,N,,,,,,,,,,,,,,,,,,,,,,DUYREV_clean,391.5
DUYRIZ_clean,5.27957,3.6902,5.27957,3.398,604.136,177.792,174.249,51.28,0.4708,0.138552,0.0,"W,Ce",Yes,"W,Ce",clean,N,Y,Y,,N,,,,,,,,,,,,,,,,,,,,,,DUYRIZ_clean,439.3
DUYROF_clean,5.30567,3.77956,5.29101,3.36341,632.283,187.989,184.756,54.9313,0.4688,0.139383,0.0,"W,La",Yes,"W,La",clean,N,Y,Y,,N,,,,,,,,,,,,,,,,,,,,,,DUYROF_clean,423.9
DUYVEA_clean,4.52649,3.62009,4.52649,1.39154,383.437,275.549,0.0,0.0,0.4574,0.328701,0.0,Cd,Yes,Cd,clean,Y,Y,Y,,N,,,,,,,,,,,,,,,,,,,,,,DUYVEA_clean,255.6
DUZPUL_clean,7.06957,4.91595,7.06648,0.920284,2531.68,2750.98,0.0,0.0,0.6946,0.754767,0.0,Zn,Yes,Zn,clean,N,Y,Y,,N,,,,,,,,,,,,,,,,,,,,,,DUZPUL_clean,332.8
DUZWOM_clean,5.41107,3.63654,5.41022,1.51085,1084.42,717.756,0.0,0.0,0.4906,0.324718,0.0,Mn,No, ,clean,Y,Y,Y,,N,,,,,,,,,,,,,,,,,,,,,,DUZWOM_clean,273.2
EBAMUS_clean,12.94449,5.39251,12.9279,1.04643,2056.89,1965.62,0.0,0.0,0.6866,0.656136,0.0,Cu,Yes,Cu,clean,Y,Y,Y,,N,,,,,,,,,,,,,,,,,,,,,,EBAMUS_clean,4505.5
EBATUY_clean,5.89375,3.67074,5.89375,1.25605,1195.64,951.909,0.0,0.0,0.5408,0.430557,0.0,Cd,No, ,clean,Y,Y,Y,,N,,,,,,,,,,,,,,,,,,,,,,EBATUY_clean,299.1
EBATUZ_clean,12.21806,7.03158,12.21806,0.59675,2360.49,3955.57,0.0,0.0,0.7812,1.30909,0.0,Cu,Yes,Cu,clean,Y,Y,Y,,N,,,,,,,,,,,,,,,,,,,,,,EBATUZ_clean,452.6
EBAVAH_auto,14.10999,7.45371,14.02692,0.571355,2267.46,3968.58,0.0,0.0,0.776,1.35818,0.0,Cu,Yes,Cu,auto,Y,Y,Y,,N,,,,,,,,,,,,,,,,,,,,,,EBAVAH_auto,364.9
EBAVIP_clean,4.98159,3.61041,4.97646,1.20745,1001.48,829.422,0.0,0.0,0.4772,0.395214,0.0,Co,Yes,Co,clean,N,Y,Y,,N,,,,,,,,,,,,,,,,,,,,,,EBAVIP_clean,3647.8
EBAVOV_clean,5.06494,3.47701,5.06494,1.20126,1010.26,841.002,0.0,0.0,0.4938,0.411069,0.0,Co,Yes,Co,clean,N,Y,Y,,N,,,,,,,,,,,,,,,,,,,,,,EBAVOV_clean,3493.4
EBAVUB_clean,5.15491,3.70129,5.14806,1.1957,1007.34,842.47,0.0,0.0,0.4888,0.408797,0.0,Ni,Yes,Ni,clean,N,Y,Y,,N,,,,,,,,,,,,,,,,,,,,,,EBAVUB_clean,3603.7
EBELUU_clean,5.06354,4.01259,5.06354,1.09045,1520.09,1394.01,0.0,0.0,0.5732,0.525654,0.0,"Zn,Ni",Yes,Ni,clean,Y,Y,Y,,N,,,,,,,,,,,,,,,,,,,,,,EBELUU_clean,680.5
EBEMEE_clean,4.82351,3.61774,4.82351,1.61026,574.177,356.574,0.0,0.0,0.414,0.257101,0.0,Cd,No, ,clean,Y,Y,Y,,N,,,,,,,,,,,,,,,,,,,,,,EBEMEE_clean,472.0
EBEMEF_clean,4.2795,3.43566,4.27665,1.23366,1261.3,1022.41,0.0,0.0,0.6368,0.516186,0.0,"Zn,Ni",Yes,"Zn,Ni",clean,Y,Y,Y,,N,,,,,,,,,,,,,,,,,,,,,,EBEMEF_clean,147.2
EBEMII_clean,4.74887,3.57779,4.74887,1.57979,558.843,353.745,0.0,0.0,0.4136,0.261807,0.0,Cd,No, ,clean,Y,Y,Y,,N,,,,,,,,,,,,,,,,,,,,,,EBEMII_clean,580.9
EBEWIT_clean,6.98757,6.64177,6.98757,1.55436,1566.68,1007.93,0.0,0.0,0.573,0.368642,0.0,Gd,No, ,clean,Y,Y,Y,,N,,,,,,,,,,,,,,,,,,,,,,EBEWIT_clean,207.8
EBEXAM_clean,7.13111,6.78821,7.13111,1.50724,1561.7,1036.13,0.0,0.0,0.5636,0.373929,0.0,Gd,No, ,clean,Y,Y,Y,,N,,,,,,,,,,,,,,,,,,,,,,EBEXAM_clean,198.1
EBEXEQ01_clean,7.07406,6.73356,7.07173,1.61064,1512.67,939.176,0.0,0.0,0.556,0.345204,0.0,Gd,Yes,Gd,clean,Y,Y,Y,,N,,,,,,,,,,,,,,,,,,,,,,EBEXEQ01_clean,218.3
EBEXEQ_clean,7.05454,6.70514,7.05454,1.61812,1500.38,927.234,0.0,0.0,0.5486,0.339035,0.0,Gd,Yes,Gd,clean,Y,Y,Y,,N,,,,,,,,,,,,,,,,,,,,,,EBEXEQ_clean,219.3
EBIDOK_ion_b,10.15108,7.28168,10.14731,0.88059,1949.39,2213.74,0.147124,0.167074,0.6452,0.732691,0.0,"Ag,Fe",Yes,Ag,ion_b,Y,Y,Y,,N,,,,,,,,,,,,,,,,,,,,,,EBIDOK_ion_b,1575.8
EBIHII_clean,6.77782,5.19916,6.76838,1.13174,1870.74,1652.98,0.0,0.0,0.589,0.520437,0.0,Fe,Yes,Fe,clean,N,Y,Y,,N,,,,,,,,,,,,,,,,,,,,,,EBIHII_clean,389.0
EBIJAC_clean,5.69411,4.34501,5.6755,1.35778,616.318,453.917,180.508,132.944,0.4634,0.341293,0.0,Cd,No, ,clean,Y,Y,Y,,N,,,,,,,,,,,,,,,,,,,,,,EBIJAC_clean,411.5
EBIMEJ_clean,4.76005,3.76742,4.75297,1.25917,1007.84,800.402,0.0,0.0,0.5458,0.433462,0.0,Co,Yes,Co,clean,Y,Y,Y,,N,,,,,,,,,,,,,,,,,,,,,,EBIMEJ_clean,682.8
EBIPOX_clean,5.78746,4.90776,5.77533,1.02316,2423.56,2368.7,0.0,0.0,0.6678,0.652682,0.0,Zn,Yes,Zn,clean,Y,Y,Y,,N,,,,,,,,,,,,,,,,,,,,,,EBIPOX_clean,246.7
EBIZUN_clean,10.22426,8.07829,10.22419,0.790487,2342.19,2962.97,0.0,0.0,0.7238,0.915638,0.0,Cu,Yes,Cu,clean,Y,Y,Y,,N,,,,,,,,,,,,,,,,,,,,,,EBIZUN_clean,737.4
EBOBIJ_clean,6.08923,4.67292,6.06736,0.939565,1692.1,1800.94,0.0,0.0,0.6024,0.641148,0.0,Zn,No, ,clean,Y,Y,Y,,N,,,,,,,,,,,,,,,,,,,,,,EBOBIJ_clean,1301.6
EBOCOQ_clean,5.90692,5.38954,5.89965,0.987787,1345.25,1361.88,0.0,0.0,0.583,0.590208,0.0,Zn,Yes,Zn,clean,Y,Y,Y,,N,,,,,,,,,,,,,,,,,,,,,,EBOCOQ_clean,519.4
EBOJOV_clean,5.22472,4.63991,5.22472,2.49061,907.874,364.519,0.0,0.0,0.4464,0.179234,0.0,Eu,Yes,Eu,clean,Y,Y,Y,,N,,,,,,,,,,,,,,,,,,,,,,EBOJOV_clean,322.1
EBUQIB_clean,6.03622,4.38011,5.42071,1.1026,1157.92,1050.17,0.0,0.0,0.4992,0.452746,0.0,"Na,Zn",Yes,Zn,clean,Y,Y,Y,,N,,,,,,,,,,,,,,,,,,,,,,EBUQIB_clean,1619.1
EBUREA_clean,5.12157,4.43835,5.12005,1.31199,1365.8,1041.01,0.0,0.0,0.4802,0.36601,0.0,Mn,Yes,Mn,clean,Y,Y,Y,,N,,,,,,,,,,,,,,,,,,,,,,EBUREA_clean,300.5
ECAFOG_clean,9.52896,9.26877,9.52862,1.12614,1174.7,1043.12,0.0,0.0,0.5574,0.494964,0.0,Cu,No, ,clean,Y,Y,Y,,N,,,,,,,,,,,,,,,,,,,,,,ECAFOG_clean,440.9
ECAHAT_clean,12.33039,11.4865,12.33039,0.854274,1047.61,1226.32,88.151,103.188,0.6086,0.712418,0.0,Zn,No, ,clean,Y,Y,Y,,N,,,,,,,,,,,,,,,,,,,,,,ECAHAT_clean,592.1
ECAHEX_clean,6.93055,5.1748,6.93055,1.20906,867.96,717.883,0.0,0.0,0.4824,0.398989,0.0,Cu,No, ,clean,Y,Y,Y,,N,,,,,,,,,,,,,,,,,,,,,,ECAHEX_clean,358.3
ECAHOH_clean,6.87089,4.98271,6.87089,1.21823,856.833,703.343,0.0,0.0,0.4828,0.396313,0.0,Cu,No, ,clean,Y,Y,Y,,N,,,,,,,,,,,,,,,,,,,,,,ECAHOH_clean,344.4
ECASAD_clean,4.09039,3.62411,4.09039,1.61904,470.381,290.531,0.0,0.0,0.4766,0.294372,0.0,Zn,No, ,clean,Y,Y,Y,,N,,,,,,,,,,,,,,,,,,,,,,ECASAD_clean,280.4
ECEDAU_clean,5.16051,3.4158,5.15302,1.53177,706.487,461.221,0.0,0.0,0.4352,0.284115,0.0,Sr,Yes,Sr,clean,N,Y,Y,,N,,,,,,,,,,,,,,,,,,,,,,ECEDAU_clean,332.3
ECEDEY_clean,6.39219,4.6444,6.38001,1.02837,1438.77,1399.08,0.0,0.0,0.541,0.526076,0.0,Ca,Yes,Ca,clean,N,Y,Y,,N,,,,,,,,,,,,,,,,,,,,,,ECEDEY_clean,457.8
ECEZAO01_clean,4.88805,4.01037,4.88805,1.43329,945.622,659.759,0.0,0.0,0.4914,0.342849,0.0,Ni,Yes,Ni,clean,Y,Y,Y,,N,,,,,,,,,,,,,,,,,,,,,,ECEZAO01_clean,305.1
ECIWIW_clean,5.91503,4.28149,5.90688,1.32412,773.007,583.789,0.0,0.0,0.4832,0.364921,0.0,Cd,Yes,Cd,clean,N,Y,Y,,N,,,,,,,,,,,,,,,,,,,,,,ECIWIW_clean,878.8
ECIWOC_clean,5.05411,4.785,5.05411,1.40153,572.024,408.141,0.0,0.0,0.4148,0.295961,0.0,Zn,Yes,Zn,clean,Y,Y,Y,,N,,,,,,,,,,,,,,,,,,,,,,ECIWOC_clean,2154.9
ECODEG_clean,5.33632,3.54871,5.31165,1.34842,1018.67,755.456,0.0,0.0,0.5336,0.395722,0.0,Cd,Yes,Cd,clean,N,Y,Y,,N,,,,,,,,,,,,,,,,,,,,,,ECODEG_clean,868.3
ECODIK_clean,4.79857,4.01377,4.75701,1.19981,1900.99,1584.41,0.0,0.0,0.5936,0.494745,0.0,Cu,Yes,Cu,clean,Y,Y,Y,,N,,,,,,,,,,,,,,,,,,,,,,ECODIK_clean,542.7
ECOGEI_clean,4.77299,3.85637,4.77299,0.998724,1292.16,1293.81,0.0,0.0,0.5602,0.560915,0.0,Zn,Yes,Zn,clean,Y,Y,Y,,N,,,,,,,,,,,,,,,,,,,,,,ECOGEI_clean,1180.5
ECOKAJ_clean,18.9972,17.57546,18.98876,0.325331,1156.9,3556.08,0.0,0.0,0.873,2.68342,0.0,Zn,Yes,Zn,clean,Y,Y,Y,,N,,,,,,,,,,,,,,,,,,,,,,ECOKAJ_clean,99.5
ECOLEP_clean,11.63969,10.91793,11.63255,0.407232,1818.5,4465.52,0.0,0.0,0.8666,2.12803,0.0,Co,Yes,Co,clean,Y,Y,Y,,N,,,,,,,,,,,,,,,,,,,,,,ECOLEP_clean,122.6
ECOLOX_clean,5.75377,5.01577,5.75377,3.73963,1778.59,475.605,0.0,0.0,0.5632,0.150603,0.0,U,Yes,U,clean,Y,Y,Y,,N,,,,,,,,,,,,,,,,,,,,,,ECOLOX_clean,139.3
ECUDOX_clean,6.82408,6.14054,6.82408,2.34011,1768.65,755.799,0.0,0.0,0.6164,0.263406,0.0,U,Yes,U,clean,Y,Y,Y,,N,,,,,,,,,,,,,,,,,,,,,,ECUDOX_clean,295.0
ECUGEQ_clean,6.02953,4.07384,5.91743,2.29908,1875.55,815.783,0.0,0.0,0.6102,0.26541,0.0,U,Yes,U,clean,Y,Y,Y,,N,,,,,,,,,,,,,,,,,,,,,,ECUGEQ_clean,212.9
EDADIX_clean,4.63332,3.88728,4.61559,1.24361,944.143,759.198,93.0933,74.8575,0.5198,0.417978,0.0,Zn,Yes,Zn,clean,Y,Y,Y,,N,,,,,,,,,,,,,,,,,,,,,,EDADIX_clean,413.6
EDAFUM_clean,4.92982,3.72004,4.92982,1.77302,851.953,480.51,0.0,0.0,0.4508,0.254256,0.0,Co,No, ,clean,Y,Y,Y,,N,,,,,,,,,,,,,,,,,,,,,,EDAFUM_clean,251.1
EDAGAT_clean,4.66461,3.62215,4.66149,1.84563,725.213,392.936,0.0,0.0,0.435,0.235692,0.0,Co,No, ,clean,Y,Y,Y,,N,,,,,,,,,,,,,,,,,,,,,,EDAGAT_clean,255.0
EDAGEX_clean,4.90414,3.69066,4.90414,1.79444,798.923,445.222,0.0,0.0,0.4496,0.250552,0.0,Co,No, ,clean,Y,Y,Y,,N,,,,,,,,,,,,,,,,,,,,,,EDAGEX_clean,249.2
EDAPIK_clean_h,7.09885,6.53196,7.09077,0.672755,2256.65,3354.34,0.591427,0.879112,0.6938,1.03128,0.0,Cu,Yes,Cu,clean_h,N,Y,Y,,N,,,,,,,,,,,,,,,,,,,,,,EDAPIK_clean_h,581.4
EDATOT_clean,9.62468,7.97439,9.62468,0.668028,2323.97,3478.84,0.0,0.0,0.7968,1.19276,0.0,"Cr,Mn",No, ,clean,Y,Y,Y,,N,,,,,,,,,,,,,,,,,,,,,,EDATOT_clean,169.6
EDAVOV_clean,5.43148,4.91725,5.43148,1.632,451.699,276.776,0.0,0.0,0.4036,0.247304,0.0,Cu,Yes,Cu,clean,Y,Y,Y,,N,,,,,,,,,,,,,,,,,,,,,,EDAVOV_clean,409.7
EDECOG_clean,6.30911,4.65211,6.30565,1.66761,3310.63,1985.26,0.0,0.0,0.756,0.453344,0.0,"Au,Ni",Yes,Au,clean,Y,Y,Y,,N,,,,,,,,,,,,,,,,,,,,,,EDECOG_clean,251.1
EDEPAG_clean,5.9343,4.39186,5.9343,1.47756,1345.05,910.315,0.0,0.0,0.5408,0.366009,0.0,Eu,Yes,Eu,clean,N,Y,Y,,N,,,,,,,,,,,,,,,,,,,,,,EDEPAG_clean,344.9
EDIKIL_clean,4.99635,3.98785,4.76329,1.3412,2179.84,1625.29,0.0,0.0,0.601,0.448105,0.0,Y,No, ,clean,Y,Y,Y,,N,,,,,,,,,,,,,,,,,,,,,,EDIKIL_clean,281.4
EDOMAM_clean,8.29315,6.04438,8.28681,0.809806,2146.39,2650.49,0.0,0.0,0.6716,0.829334,0.0,Cu,No, ,clean,Y,Y,Y,,N,,,,,,,,,,,,,,,,,,,,,,EDOMAM_clean,258.7
EDUSIF_clean,15.05124,7.91583,15.05124,0.593338,2225.74,3751.22,0.0,0.0,0.8098,1.36482,0.0,Zn,No, ,clean,Y,Y,Y,,N,,,,,,,,,,,,,,,,,,,,,,EDUSIF_clean,129.1
EDUSUR_clean,14.97276,6.60675,14.97057,0.720686,2039.23,2829.56,0.0,0.0,0.7584,1.05233,0.0,Zn,No, ,clean,Y,Y,Y,,N,,,,,,,,,,,,,,,,,,,,,,EDUSUR_clean,1126.8
EDUTIG_clean,15.04959,5.6073,15.03522,0.712902,1939.67,2720.81,0.0,0.0,0.7442,1.0439,0.0,Zn,No, ,clean,Y,Y,Y,,N,,,,,,,,,,,,,,,,,,,,,,EDUTIG_clean,2212.7
EDUVOO_clean,20.93415,10.62864,20.9324,0.373403,1788.47,4789.64,0.0,0.0,0.862,2.3085,0.0,Zn,No, ,clean,Y,Y,Y,,N,,,,,,,,,,,,,,,,,,,,,,EDUVOO_clean,251.4
EFAYEQ_clean_h,11.33412,8.20992,11.33412,0.445208,2301.41,5169.29,0.0,0.0,0.8028,1.8032,0.0,Cu,Yes,Cu,clean_h,N,Y,Y,,N,,,,,,,,,,,,,,,,,,,,,,EFAYEQ_clean_h,198.0
EFAYIU_clean,11.56522,8.64377,10.65601,0.433579,2251.34,5192.46,0.0,0.0,0.8194,1.88985,0.0,Zn,Yes,Zn,clean,Y,Y,Y,,N,,,,,,,,,,,,,,,,,,,,,,EFAYIU_clean,148.5
EFEGOM_clean,6.13983,5.63757,6.13983,1.11988,1513.16,1351.17,0.0,0.0,0.5868,0.523983,0.0,Fe,No, ,clean,Y,Y,Y,,N,,,,,,,,,,,,,,,,,,,,,,EFEGOM_clean,729.3
EFESEP_clean,10.28948,6.13196,9.71774,0.910166,1438.69,1580.69,202.393,222.369,0.6216,0.682952,0.0,Zn,Yes,Zn,clean,Y,Y,Y,,N,,,,,,,,,,,,,,,,,,,,,,EFESEP_clean,3414.0
EFESOZ_clean,10.40168,6.18945,10.40168,0.9137,1441.31,1577.44,199.174,217.986,0.6294,0.688847,0.0,Zn,Yes,Zn,clean,Y,Y,Y,,N,,,,,,,,,,,,,,,,,,,,,,EFESOZ_clean,3477.2
EFIMOV_clean,6.67559,6.34874,6.67559,1.77157,892.601,503.846,0.0,0.0,0.3714,0.209644,0.0,"Be,Na",No, ,clean,Y,Y,Y,,N,,,,,,,,,,,,,,,,,,,,,,EFIMOV_clean,624.3
EFOSUO_clean,5.23309,4.44144,5.224,2.23497,2650.04,1185.72,0.0,0.0,0.6472,0.289579,0.0,"Mn,Re",Yes,"Mn,Re",clean,N,Y,Y,,N,,,,,,,,,,,,,,,,,,,,,,EFOSUO_clean,131.8
EFOTAV_clean,5.43531,4.50362,5.41958,2.18747,2824.93,1291.41,0.0,0.0,0.6522,0.298153,0.0,"Mn,Re",Yes,"Mn,Re",clean,N,Y,Y,,N,,,,,,,,,,,,,,,,,,,,,,EFOTAV_clean,114.9
EFOTEZ_clean,5.06643,4.39448,5.0661,2.67676,2557.25,955.354,0.0,0.0,0.6308,0.235658,0.0,"Mn,Re",Yes,"Mn,Re",clean,N,Y,Y,,N,,,,,,,,,,,,,,,,,,,,,,EFOTEZ_clean,112.7
EFOTID_clean,5.17106,4.13348,5.16647,3.01069,2149.74,714.036,0.0,0.0,0.6124,0.203408,0.0,"Te,Mn,Re",Yes,"Te,Mn,Re",clean,N,Y,Y,,N,,,,,,,,,,,,,,,,,,,,,,EFOTID_clean,118.9
EGATAI_clean,7.25975,4.31318,7.25513,0.959509,2426.34,2528.73,0.0,0.0,0.7032,0.732875,0.0,"Zn,Co",Yes,"Zn,Co",clean,N,Y,Y,,N,,,,,,,,,,,,,,,,,,,,,,EGATAI_clean,115.6
EGATEM_clean,10.25144,8.68741,10.25144,0.847968,1429.66,1685.99,106.489,125.581,0.6438,0.759227,0.0,"Zn,Co",Yes,Zn,clean,Y,Y,Y,,N,,,,,,,,,,,,,,,,,,,,,,EGATEM_clean,999.5
EGATIQ_clean,10.61507,9.35673,10.60597,0.815931,1600.87,1962.02,0.0,0.0,0.6556,0.803499,0.0,"Zn,Ni",Yes,Zn,clean,Y,Y,Y,,N,,,,,,,,,,,,,,,,,,,,,,EGATIQ_clean,958.0
EGATOW_clean,5.96917,5.11285,5.74626,1.20816,2033.24,1682.93,0.0,0.0,0.6202,0.513343,0.0,"Zn,Co",Yes,Co,clean,Y,Y,Y,,N,,,,,,,,,,,,,,,,,,,,,,EGATOW_clean,493.5
EGEJIK_manual,10.26084,8.70015,10.25879,0.680562,2082.85,3060.48,75.8285,111.42,0.7408,1.08851,0.0,Zn,No, ,manual,Y,Y,Y,,N,,,,,,,,,,,,,,,,,,,,,,EGEJIK_manual,166.1
EGELUY01_manual,7.46224,7.0558,7.4593,0.947391,1658.83,1750.95,0.0,0.0,0.6114,0.645351,0.0,Al,No, ,manual,N,Y,Y,,N,,,,,,,,,,,,,,,,,,,,,,EGELUY01_manual,564.5
EGELUY_SL,7.32559,6.86607,7.31942,0.950432,1658.89,1745.4,0.0,0.0,0.6086,0.640341,0.0,Al,No, ,SL,Y,Y,Y,,N,,,,,,,,,,,,,,,,,,,,,,EGELUY_SL,555.2
EGIFUV_clean,9.74551,8.51622,9.74551,1.04544,1332.95,1275.02,6.1078,5.84232,0.6136,0.58693,0.0,Cd,Yes,Cd,clean,Y,Y,Y,,N,,,,,,,,,,,,,,,,,,,,,,EGIFUV_clean,1765.7
EGOXII_clean,5.25614,3.66279,5.25614,1.73248,965.076,557.05,0.0,0.0,0.56,0.323237,0.0,Zn,Yes,Zn,clean,Y,Y,Y,,N,,,,,,,,,,,,,,,,,,,,,,EGOXII_clean,809.6
EGOZAB_clean,7.0311,5.28936,7.0311,1.03834,1885.29,1815.68,0.0,0.0,0.6226,0.599612,0.0,Cu,Yes,Cu,clean,Y,Y,Y,,N,,,,,,,,,,,,,,,,,,,,,,EGOZAB_clean,861.1
EHAFEA_clean,5.41079,3.41231,5.40089,2.22058,1080.51,486.589,0.0,0.0,0.5328,0.239937,0.0,"Yb,U",Yes,"Yb,U",clean,Y,Y,Y,,N,,,,,,,,,,,,,,,,,,,,,,EHAFEA_clean,294.1
EHAFIE_clean,5.56485,3.57227,5.56485,2.06302,1265.0,613.179,0.0,0.0,0.5486,0.265921,0.0,"Ce,U",Yes,"Ce,U",clean,N,Y,Y,,N,,,,,,,,,,,,,,,,,,,,,,EHAFIE_clean,270.8
EHAFOK_clean,5.56183,3.59241,5.55524,2.07064,1253.24,605.245,0.0,0.0,0.547,0.26417,0.0,"Pr,U",Yes,"Pr,U",clean,N,Y,Y,,N,,,,,,,,,,,,,,,,,,,,,,EHAFOK_clean,269.7
EHAFUQ_clean,5.5462,3.57781,5.45874,2.0894,1245.04,595.885,0.0,0.0,0.5448,0.260744,0.0,"Nd,U",Yes,"Nd,U",clean,N,Y,Y,,N,,,,,,,,,,,,,,,,,,,,,,EHAFUQ_clean,272.1
EHAGAX_clean,5.47293,3.47311,5.47293,2.13433,1158.89,542.974,0.0,0.0,0.5398,0.252913,0.0,"Sm,U",Yes,"Sm,U",clean,Y,Y,Y,,N,,,,,,,,,,,,,,,,,,,,,,EHAGAX_clean,258.7
EHAGEB_clean,5.47507,3.4761,5.45313,2.1363,1116.62,522.688,1.415,0.662358,0.5378,0.251743,0.0,"Eu,U",Yes,"Eu,U",clean,Y,Y,Y,,N,,,,,,,,,,,,,,,,,,,,,,EHAGEB_clean,265.8
EHAGIF_clean,5.44616,3.48144,5.44616,2.1778,1155.98,530.802,0.0,0.0,0.5374,0.246762,0.0,"Gd,U",Yes,"Gd,U",clean,Y,Y,Y,,N,,,,,,,,,,,,,,,,,,,,,,EHAGIF_clean,273.6
EHAGOL_clean,5.39044,3.4677,5.39044,2.17273,1093.47,503.269,0.185996,0.0856051,0.5364,0.246879,0.0,"Tb,U",Yes,"Tb,U",clean,Y,Y,Y,,N,,,,,,,,,,,,,,,,,,,,,,EHAGOL_clean,263.7
EHAGUR_clean,5.37684,3.4053,5.1859,2.19821,1066.99,485.393,0.0,0.0,0.5324,0.242197,0.0,"Dy,U",Yes,"Dy,U",clean,Y,Y,Y,,N,,,,,,,,,,,,,,,,,,,,,,EHAGUR_clean,262.7
EHALOP_manual,7.57594,7.11735,7.57594,0.939011,1706.06,1816.86,0.0,0.0,0.618,0.658139,0.0,Al,No, ,manual,Y,Y,Y,,N,,,,,,,,,,,,,,,,,,,,,,EHALOP_manual,561.9
EHEKUY_clean,6.18029,3.5251,6.17561,1.28701,834.589,648.47,1.25956,0.978668,0.5024,0.390361,0.0,Ru,No, ,clean,Y,Y,Y,,N,,,,,,,,,,,,,,,,,,,,,,EHEKUY_clean,847.5
EHIPOC_clean,4.96443,3.71594,4.96443,1.51785,665.78,438.633,0.0,0.0,0.4902,0.322956,0.0,Cu,Yes,Cu,clean,Y,Y,Y,,N,,,,,,,,,,,,,,,,,,,,,,EHIPOC_clean,306.4
EHODOV_SL,6.30224,4.66761,6.30224,1.13784,1442.21,1267.5,266.504,234.219,0.5974,0.525029,0.0,In,No, ,SL,Y,Y,Y,,N,,,,,,,,,,,,,,,,,,,,,,EHODOV_SL,2459.1
EJAXIW_clean,6.39565,4.30182,6.34251,0.942507,1857.91,1971.24,0.0,0.0,0.5942,0.630446,0.0,Co,Yes,Co,clean,Y,Y,Y,,N,,,,,,,,,,,,,,,,,,,,,,EJAXIW_clean,408.7
EJETAQ_clean,12.53345,9.36877,12.53345,0.673241,1975.18,2933.84,0.0,0.0,0.7674,1.13986,0.0,"Na,Eu",Yes,"Na,Eu",clean,Y,Y,Y,,N,,,,,,,,,,,,,,,,,,,,,,EJETAQ_clean,268.9
EJIDUW02_clean,4.29785,3.46947,4.29785,1.53852,788.843,512.727,0.0,0.0,0.4966,0.322777,0.0,Nd,Yes,Nd,clean,Y,Y,Y,,N,,,,,,,,,,,,,,,,,,,,,,EJIDUW02_clean,326.2
EJONOH_clean,4.44167,3.60442,4.4347,1.47939,700.956,473.814,0.0,0.0,0.4646,0.314048,0.0,Co,Yes,Co,clean,Y,Y,Y,,N,,,,,,,,,,,,,,,,,,,,,,EJONOH_clean,319.3
EJOQOL_clean,7.54682,4.16239,7.5307,1.29085,1431.56,1109.01,0.0,0.0,0.5368,0.415851,0.0,"Cu,K",Yes,"Cu,K",clean,Y,Y,Y,,N,,,,,,,,,,,,,,,,,,,,,,EJOQOL_clean,1293.7
EJOQUR_clean,11.95194,5.10518,11.95194,0.926552,1894.67,2044.86,37.9561,40.9649,0.6978,0.753115,0.0,Cu,Yes,Cu,clean,Y,Y,Y,,N,,,,,,,,,,,,,,,,,,,,,,EJOQUR_clean,457.8
EJORAY_clean,4.91477,3.6019,4.91477,1.33891,1478.66,1104.38,0.0,0.0,0.5598,0.418102,0.0,Cu,Yes,Cu,clean,Y,Y,Y,,N,,,,,,,,,,,,,,,,,,,,,,EJORAY_clean,366.5
EJOZOU_clean,6.49751,6.10381,6.49751,1.26256,795.165,629.804,0.0342194,0.0271032,0.4812,0.38113,0.0,Cu,Yes,Cu,clean,Y,Y,Y,,N,,,,,,,,,,,,,,,,,,,,,,EJOZOU_clean,604.3
EKEQIV_clean,5.23981,3.45461,5.21199,2.0444,792.887,387.835,0.0,0.0,0.4572,0.223636,0.0,"Mo,Cu",Yes,"Mo,Cu",clean,Y,Y,Y,,N,,,,,,,,,,,,,,,,,,,,,,EKEQIV_clean,394.9
EKETOF_clean,4.41106,3.42867,4.41106,1.63804,321.449,196.241,0.0,0.0,0.4172,0.254695,0.0,Eu,No, ,clean,Y,Y,Y,,N,,,,,,,,,,,,,,,,,,,,,,EKETOF_clean,1033.0
EKETUL_clean,4.43428,3.43441,4.41751,1.64611,319.015,193.799,0.0,0.0,0.4126,0.250651,0.0,Tb,No, ,clean,Y,Y,Y,,N,,,,,,,,,,,,,,,,,,,,,,EKETUL_clean,989.4
EKEVAT_clean,4.38581,3.45093,4.3809,1.70718,319.337,187.056,0.0,0.0,0.4042,0.236765,0.0,Er,No, ,clean,Y,Y,Y,,N,,,,,,,,,,,,,,,,,,,,,,EKEVAT_clean,1014.4
EKIDEH_clean,5.83216,5.4959,5.8074,2.41757,833.936,344.948,0.748002,0.309402,0.4456,0.184317,0.0,"Rb,Ga",Yes,Rb,clean,Y,Y,Y,,N,,,,,,,,,,,,,,,,,,,,,,EKIDEH_clean,1126.4
EKIDIL_clean,5.81547,5.58073,5.8139,2.56508,834.555,325.352,0.0,0.0,0.4098,0.159761,0.0,"Cs,Ga",Yes,Cs,clean,Y,Y,Y,,N,,,,,,,,,,,,,,,,,,,,,,EKIDIL_clean,931.1
EKOKIA_clean,6.37814,3.95219,6.37814,1.40385,1452.65,1034.76,0.0,0.0,0.5578,0.397337,0.0,Cd,Yes,Cd,clean,Y,Y,Y,,N,,,,,,,,,,,,,,,,,,,,,,EKOKIA_clean,311.6
EKOPEA_clean,5.53957,5.19564,5.53023,1.2074,1563.35,1294.8,0.0,0.0,0.5696,0.471756,0.0,"Ca,Cd",Yes,Ca,clean,N,Y,Y,,N,,,,,,,,,,,,,,,,,,,,,,EKOPEA_clean,458.4
EKOPIE_clean,6.61542,5.14354,6.60525,1.21526,2002.74,1648.0,0.0,0.0,0.6146,0.505737,0.0,"Cd,Sr",Yes,Sr,clean,N,Y,Y,,N,,,,,,,,,,,,,,,,,,,,,,EKOPIE_clean,534.3
EKOPOK_clean,7.61675,7.30447,7.61675,1.24495,1308.01,1050.65,0.0,0.0,0.569,0.457046,0.0,"Ca,Cd",Yes,Ca,clean,Y,Y,Y,,N,,,,,,,,,,,,,,,,,,,,,,EKOPOK_clean,713.3
EKOPUQ_clean,11.06416,8.02745,11.06416,0.972371,1585.84,1630.9,0.0,0.0,0.6092,0.62651,0.0,"Ca,Cd",No, ,clean,Y,Y,Y,,N,,,,,,,,,,,,,,,,,,,,,,EKOPUQ_clean,317.6
EKUPEG_clean,12.15079,8.26476,12.15067,0.865202,1608.01,1858.54,0.0,0.0,0.685,0.791723,0.0,Cu,Yes,Cu,clean,Y,Y,Y,,N,,,,,,,,,,,,,,,,,,,,,,EKUPEG_clean,1181.2
ELELEN_clean,7.0748,4.1882,7.0748,0.915782,1244.35,1358.78,0.0,0.0,0.592,0.646442,0.0,Cu,Yes,Cu,clean,Y,Y,Y,,N,,,,,,,,,,,,,,,,,,,,,,ELELEN_clean,491.2
ELEREU_clean,15.53932,10.30838,15.53932,0.773652,1743.51,2253.61,0.0,0.0,0.7078,0.914882,0.0,Cu,Yes,Cu,clean,Y,Y,Y,,N,,,,,,,,,,,,,,,,,,,,,,ELEREU_clean,4217.0
ELERIY_clean,13.06874,6.51652,13.06768,0.765708,2243.35,2929.77,0.0,0.0,0.7112,0.928814,0.0,Cu,Yes,Cu,clean,Y,Y,Y,,N,,,,,,,,,,,,,,,,,,,,,,ELERIY_clean,362.9
ELIJOZ_clean,5.0309,3.85268,5.0309,1.48251,1155.21,779.228,0.0,0.0,0.5,0.337266,0.0,Ce,Yes,Ce,clean,Y,Y,Y,,N,,,,,,,,,,,,,,,,,,,,,,ELIJOZ_clean,483.6
ELIJUF_clean,4.98722,3.63869,4.98647,1.36019,1078.5,792.905,0.0,0.0,0.4826,0.354803,0.0,Y,Yes,Y,clean,Y,Y,Y,,N,,,,,,,,,,,,,,,,,,,,,,ELIJUF_clean,480.4
ELIKAM_clean,5.04335,3.82798,5.04275,1.49693,1142.39,763.156,0.0,0.0,0.4918,0.328538,0.0,Pr,Yes,Pr,clean,Y,Y,Y,,N,,,,,,,,,,,,,,,,,,,,,,ELIKAM_clean,486.8
ELIKEQ_clean,4.99766,3.80728,4.99701,1.51189,1166.85,771.784,0.0,0.0,0.4966,0.328463,0.0,Nd,Yes,Nd,clean,Y,Y,Y,,N,,,,,,,,,,,,,,,,,,,,,,ELIKEQ_clean,498.7
ELIKIU_clean,4.97124,3.7531,4.97064,1.54816,1122.94,725.337,0.0,0.0,0.505,0.326193,0.0,Sm,Yes,Sm,clean,Y,Y,Y,,N,,,,,,,,,,,,,,,,,,,,,,ELIKIU_clean,453.6
ELIKOA_clean,4.97213,3.73339,4.97213,1.55809,1148.96,737.416,0.0,0.0,0.4918,0.315643,0.0,Eu,Yes,Eu,clean,Y,Y,Y,,N,,,,,,,,,,,,,,,,,,,,,,ELIKOA_clean,456.6
ELIKUG_clean,4.95561,3.7268,4.95492,1.57969,1129.17,714.803,0.0,0.0,0.4908,0.310694,0.0,Gd,Yes,Gd,clean,Y,Y,Y,,N,,,,,,,,,,,,,,,,,,,,,,ELIKUG_clean,792.8
ELILAN_clean,4.95628,3.69174,4.9556,1.61177,1116.59,692.775,0.0,0.0,0.4992,0.309722,0.0,Dy,Yes,Dy,clean,Y,Y,Y,,N,,,,,,,,,,,,,,,,,,,,,,ELILAN_clean,439.1
ELILER_clean,4.98078,3.65658,4.98016,1.63697,1110.94,678.659,0.0,0.0,0.487,0.297501,0.0,Er,Yes,Er,clean,Y,Y,Y,,N,,,,,,,,,,,,,,,,,,,,,,ELILER_clean,459.0
ELILIV_clean,4.97952,3.62473,4.97952,1.64354,1091.64,664.203,0.0,0.0,0.4882,0.297042,0.0,Tm,Yes,Tm,clean,Y,Y,Y,,N,,,,,,,,,,,,,,,,,,,,,,ELILIV_clean,458.6
ELOGUJ_clean,5.2439,3.95274,4.46811,3.13806,963.536,307.048,0.0,0.0,0.4846,0.154427,6.37e-05,"W,V,Co",Yes,"W,Co",clean,Y,Y,Y,,N,,,,,,,,,,,,,,,,,,,,,,ELOGUJ_clean,1041.3
ELOHOE_clean,5.56549,4.27537,5.53003,1.15001,1036.4,901.217,0.0,0.0,0.5212,0.453215,0.0,Cd,Yes,Cd,clean,Y,Y,Y,,N,,,,,,,,,,,,,,,,,,,,,,ELOHOE_clean,1273.7
ELOZEK_clean,5.94525,5.24436,5.94525,2.80091,275.157,98.2384,0.0,0.0,0.3674,0.131171,0.0,Pb,Yes,Pb,clean,Y,Y,Y,,N,,,,,,,,,,,,,,,,,,,,,,ELOZEK_clean,351.3
ELUJAY_clean,4.49095,3.64747,4.47832,1.68009,831.421,494.867,0.0,0.0,0.4708,0.280223,0.0,"Zn,Sm",Yes,"Zn,Sm",clean,Y,Y,Y,,N,,,,,,,,,,,,,,,,,,,,,,ELUJAY_clean,1395.6
ELUJEC_clean,4.38047,3.64592,4.38047,1.73198,794.119,458.504,0.0,0.0,0.4624,0.266978,0.0,"Tb,Zn",Yes,"Tb,Zn",clean,Y,Y,Y,,N,,,,,,,,,,,,,,,,,,,,,,ELUJEC_clean,1229.7
ELUZES_clean,5.83115,4.20879,5.08027,1.7311,2004.82,1158.12,0.0,0.0,0.6554,0.378603,0.0,"Cd,Ag",Yes,Ag,clean,Y,Y,Y,,N,,,,,,,,,,,,,,,,,,,,,,ELUZES_clean,160.2
EMAGAB_clean,7.29475,4.84283,7.29475,1.35618,833.24,614.402,0.0,0.0,0.4816,0.355115,0.0,Zn,No, ,clean,Y,Y,Y,,N,,,,,,,,,,,,,,,,,,,,,,EMAGAB_clean,326.5
EMAMOW_clean,6.67757,5.81943,6.67757,1.11834,959.829,858.263,0.0,0.0,0.5032,0.449953,0.0,Ni,Yes,Ni,clean,Y,Y,Y,,N,,,,,,,,,,,,,,,,,,,,,,EMAMOW_clean,413.3
EMAMUC_clean,5.84513,5.03009,5.84513,1.22272,803.232,656.921,0.0,0.0,0.473,0.386841,0.0,Ni,Yes,Ni,clean,Y,Y,Y,,N,,,,,,,,,,,,,,,,,,,,,,EMAMUC_clean,397.5
EMAPAK_clean,11.21755,3.61918,11.21755,0.925375,1521.72,1644.44,0.0,0.0,0.637,0.688369,0.0,Zn,No, ,clean,Y,Y,Y,,N,,,,,,,,,,,,,,,,,,,,,,EMAPAK_clean,270.7
EMIFOW_clean,7.56186,4.84974,7.24948,1.40224,2851.33,2033.41,0.0,0.0,0.6898,0.491927,0.0,In,Yes,In,clean,Y,Y,Y,,N,,,,,,,,,,,,,,,,,,,,,,EMIFOW_clean,635.9
EMIGOX_clean,6.95421,5.10297,6.95421,1.53443,2307.47,1503.8,0.0,0.0,0.6448,0.420222,0.0,In,Yes,In,clean,Y,Y,Y,,N,,,,,,,,,,,,,,,,,,,,,,EMIGOX_clean,944.5
EMIYUW_clean,10.6209,7.98188,10.6209,0.698012,2320.47,3324.4,0.0,0.0,0.7472,1.07047,0.000573056,Zr,Yes,Zr,clean,Y,Y,Y,,N,,,,,,,,,,,,,,,,,,,,,,EMIYUW_clean,233.4
EMIZAD_clean,35.58882,34.51057,35.58779,0.382184,1428.23,3737.01,0.0,0.0,0.8516,2.22824,0.000523308,Zr,Yes,Zr,clean,Y,Y,Y,,N,,,,,,,,,,,,,,,,,,,,,,EMIZAD_clean,195.3
EMOHIZ_clean,4.57808,3.51835,4.56928,1.23803,572.381,462.333,0.0,0.0,0.4556,0.368005,0.0,Co,Yes,Co,clean,Y,Y,Y,,N,,,,,,,,,,,,,,,,,,,,,,EMOHIZ_clean,361.8
EMUBIZ_clean,10.77303,6.68088,10.77303,1.37229,1702.91,1240.92,117.774,85.8232,0.672,0.489692,0.000145742,Cu,Yes,Cu,clean,Y,Y,Y,,N,,,,,,,,,,,,,,,,,,,,,,EMUBIZ_clean,228.2
EMUBOF_clean,9.89745,6.63764,9.89048,1.19874,1975.94,1648.35,0.0,0.0,0.6738,0.562089,0.0,Cu,Yes,Cu,clean,Y,Y,Y,,N,,,,,,,,,,,,,,,,,,,,,,EMUBOF_clean,465.8
ENAFAB_clean,11.6148,4.31195,11.6148,2.54245,1508.6,593.364,0.0,0.0,0.575,0.22616,0.0,"W,Ni",Yes,"W,Ni",clean,Y,Y,Y,,N,,,,,,,,,,,,,,,,,,,,,,ENAFAB_clean,508.9
ENAFOP_ion_b,11.60166,8.24635,11.58519,1.18111,1100.84,932.042,0.0,0.0,0.5386,0.456012,0.0,"Gd,Na",Yes,Na,ion_b,Y,Y,Y,,N,,,,,,,,,,,,,,,,,,,,,,ENAFOP_ion_b,487.6
ENANIS_clean,4.58864,4.1598,4.58113,1.33735,718.625,537.349,0.0,0.0,0.4534,0.339028,0.0,Cu,Yes,Cu,clean,Y,Y,Y,,N,,,,,,,,,,,,,,,,,,,,,,ENANIS_clean,673.4
ENESOH_clean,8.38054,5.7847,8.27724,0.639206,2434.82,3809.13,4.9539,7.75009,0.7442,1.16426,0.0,Cu,Yes,Cu,clean,Y,Y,Y,,N,,,,,,,,,,,,,,,,,,,,,,ENESOH_clean,778.9
ENESUN_clean,8.35126,5.49783,8.35126,0.626692,2424.85,3869.29,2.07427,3.30987,0.7316,1.1674,0.0,Co,Yes,Co,clean,Y,Y,Y,,N,,,,,,,,,,,,,,,,,,,,,,ENESUN_clean,767.2
ENIHUG01_clean,13.78566,6.83219,13.78098,0.585033,2323.11,3970.91,0.0,0.0,0.7686,1.31377,0.0,Cu,Yes,Cu,clean,Y,Y,Y,,N,,,,,,,,,,,,,,,,,,,,,,ENIHUG01_clean,1218.1
ENIHUG_clean,13.82069,6.83124,13.8201,0.581484,2340.51,4025.06,0.0,0.0,0.7906,1.35962,0.0,Cu,Yes,Cu,clean,Y,Y,Y,,N,,,,,,,,,,,,,,,,,,,,,,ENIHUG_clean,1272.9
ENISOK_clean,6.962,4.5443,6.96157,1.14432,1841.89,1609.59,0.0,0.0,0.6018,0.525903,0.0,"Cd,Si",Yes,Cd,clean,Y,Y,Y,,N,,,,,,,,,,,,,,,,,,,,,,ENISOK_clean,313.9
ENISUQ_clean,6.6554,4.37963,6.6554,0.992256,1823.18,1837.41,0.0,0.0,0.5804,0.58493,0.0,"Mn,Si",Yes,Mn,clean,Y,Y,Y,,N,,,,,,,,,,,,,,,,,,,,,,ENISUQ_clean,609.8
ENITAX_clean,10.08149,7.22011,10.08149,0.573061,2335.96,4076.29,0.0,0.0,0.7798,1.36076,0.0,"Cu,Si",Yes,Cu,clean,Y,Y,Y,,N,,,,,,,,,,,,,,,,,,,,,,ENITAX_clean,294.5
ENITEB_clean,7.9765,5.25239,7.9026,0.909449,2139.04,2352.02,0.0,0.0,0.6632,0.729233,0.0,"Cd,Si",Yes,Cd,clean,Y,Y,Y,,N,,,,,,,,,,,,,,,,,,,,,,ENITEB_clean,643.6
ENITIF_clean,6.04006,4.14792,6.02363,0.993739,1774.39,1785.57,0.0,0.0,0.6108,0.614648,0.0,"Zn,Si",Yes,Zn,clean,Y,Y,Y,,N,,,,,,,,,,,,,,,,,,,,,,ENITIF_clean,1390.6
ENITOL_clean,9.0167,5.78838,9.01452,1.0207,1622.24,1589.34,0.0,0.0,0.589,0.577054,0.0,"Zn,Si",Yes,Zn,clean,Y,Y,Y,,N,,,,,,,,,,,,,,,,,,,,,,ENITOL_clean,864.9
ENIXUV_clean,6.81302,4.75487,6.75625,1.04896,1506.97,1436.63,0.0,0.0,0.539,0.513843,0.0,Mn,No, ,clean,Y,Y,Y,,N,,,,,,,,,,,,,,,,,,,,,,ENIXUV_clean,1071.2
ENOSAD_clean,5.57968,5.07062,5.57968,1.63787,1052.89,642.84,0.0,0.0,0.4624,0.282318,0.0,Tm,No, ,clean,N,Y,Y,,N,,,,,,,,,,,,,,,,,,,,,,ENOSAD_clean,661.8
ENOVAG_clean,10.23983,9.51593,10.22611,1.29505,1477.19,1140.64,0.0,0.0,0.5948,0.459286,0.0,Nd,Yes,Nd,clean,Y,Y,Y,,N,,,,,,,,,,,,,,,,,,,,,,ENOVAG_clean,223.8
EPAGEJ_clean,5.19961,3.47948,5.18752,1.66805,743.29,445.603,0.0,0.0,0.4886,0.292916,0.0,Gd,Yes,Gd,clean,Y,Y,Y,,N,,,,,,,,,,,,,,,,,,,,,,EPAGEJ_clean,490.7
EPECEJ_clean,7.92371,4.89913,7.91993,0.908491,1989.28,2189.65,0.0,0.0,0.6342,0.69808,0.0,Zn,Yes,Zn,clean,Y,Y,Y,,N,,,,,,,,,,,,,,,,,,,,,,EPECEJ_clean,1598.8
EPEWAY_clean,5.86305,5.34538,5.70782,1.27095,1126.31,886.195,0.0,0.0,0.506,0.398129,0.0,Co,No, ,clean,Y,Y,Y,,N,,,,,,,,,,,,,,,,,,,,,,EPEWAY_clean,1008.2
EPEWEC_clean,5.88152,5.35243,5.87056,1.27191,1143.58,899.1,0.0,0.0,0.5064,0.398141,0.0,Co,No, ,clean,Y,Y,Y,,N,,,,,,,,,,,,,,,,,,,,,,EPEWEC_clean,998.9
EPEXUU_clean,8.78791,3.92519,8.78786,1.21365,1182.3,974.168,0.0,0.0,0.5234,0.431261,0.0,Cu,Yes,Cu,clean,N,Y,Y,,N,,,,,,,,,,,,,,,,,,,,,,EPEXUU_clean,1451.7
EPEYAB_clean,8.46111,3.62498,8.46069,1.24571,1153.47,925.96,0.0,0.0,0.5226,0.419521,0.0,Cu,Yes,Cu,clean,N,Y,Y,,N,,,,,,,,,,,,,,,,,,,,,,EPEYAB_clean,1577.6
EPISOM_clean,12.63938,6.49016,12.62405,0.677616,2253.72,3325.96,0.0,0.0,0.7494,1.10594,0.0,Cu,Yes,Cu,clean,Y,Y,Y,,N,,,,,,,,,,,,,,,,,,,,,,EPISOM_clean,299.2
EPONAA_clean,9.18286,8.73453,9.17503,0.495184,2583.42,5217.09,0.0,0.0,0.8544,1.72542,0.0,"Zn,Nb",Yes,Zn,clean,N,Y,Y,,N,,,,,,,,,,,,,,,,,,,,,,EPONAA_clean,109.9
EPONEE_clean,9.19024,8.74095,9.18226,0.492814,2582.15,5239.6,0.0,0.0,0.8536,1.73209,0.0,"Zn,Nb",Yes,Zn,clean,N,Y,Y,,N,,,,,,,,,,,,,,,,,,,,,,EPONEE_clean,81.2
EPOPEG_clean,5.47224,4.77054,5.47224,0.955888,1699.64,1778.08,0.0,0.0,0.613,0.641289,0.0,Cu,No, ,clean,Y,Y,Y,,N,,,,,,,,,,,,,,,,,,,,,,EPOPEG_clean,708.4
EPOTAF_clean,7.63453,6.61136,7.601,0.575241,2982.7,5185.13,0.0,0.0,0.779,1.35421,0.0,Cu,Yes,Cu,clean,Y,Y,Y,,N,,,,,,,,,,,,,,,,,,,,,,EPOTAF_clean,123.8
EPOXAJ_clean,4.90808,3.54046,4.59353,3.60105,1300.0,361.007,0.0,0.0,0.5304,0.14729,0.0,U,Yes,U,clean,N,Y,Y,,N,,,,,,,,,,,,,,,,,,,,,,EPOXAJ_clean,204.3
EQAMUG_clean,4.23795,3.61938,4.23534,1.81883,688.208,378.378,0.0,0.0,0.424,0.233116,0.0,Nd,No, ,clean,Y,Y,Y,,N,,,,,,,,,,,,,,,,,,,,,,EQAMUG_clean,927.5
EQERAU_clean,8.66462,5.10134,8.65703,0.830188,1832.92,2207.84,0.0,0.0,0.646,0.778137,0.0,Mg,Yes,Mg,clean,Y,Y,Y,,N,,,,,,,,,,,,,,,,,,,,,,EQERAU_clean,957.6
EQEREY_clean,6.76077,5.17427,6.21591,1.08432,1568.49,1446.52,0.0,0.0,0.5588,0.515345,0.0,Co,No, ,clean,Y,Y,Y,,N,,,,,,,,,,,,,,,,,,,,,,EQEREY_clean,445.7
EQERIC_clean,5.65308,5.10575,5.50654,1.08357,1441.7,1330.51,0.0,0.0,0.5522,0.509612,0.0,Co,No, ,clean,Y,Y,Y,,N,,,,,,,,,,,,,,,,,,,,,,EQERIC_clean,667.5
EQETAX_clean,6.01885,5.05908,5.99018,0.890782,1989.22,2233.11,0.0,0.0,0.6458,0.724981,0.0,Cu,Yes,Cu,clean,Y,Y,Y,,N,,,,,,,,,,,,,,,,,,,,,,EQETAX_clean,503.6
EQOXIT_clean,7.68652,6.98261,7.68519,1.19569,1340.21,1120.87,0.0,0.0,0.551,0.460823,0.0,Zn,Yes,Zn,clean,Y,Y,Y,,N,,,,,,,,,,,,,,,,,,,,,,EQOXIT_clean,318.6
EQUBIC_clean,4.62524,4.02529,4.62419,2.01313,877.337,435.807,0.0,0.0,0.4672,0.232076,9.93e-05,Tb,No, ,clean,Y,Y,Y,,N,,,,,,,,,,,,,,,,,,,,,,EQUBIC_clean,401.7
EQUBOI_clean,4.70314,4.11847,4.7011,1.94101,957.405,493.252,0.0,0.0,0.4856,0.250179,0.000103039,Eu,No, ,clean,Y,Y,Y,,N,,,,,,,,,,,,,,,,,,,,,,EQUBOI_clean,405.5
EQUBUO_clean,4.678,4.09417,4.67712,1.98147,941.234,475.017,0.0,0.0,0.4712,0.237803,0.000100935,Gd,No, ,clean,Y,Y,Y,,N,,,,,,,,,,,,,,,,,,,,,,EQUBUO_clean,405.4
EQUNEL_clean,11.53586,5.50716,8.36401,1.01632,2227.68,2191.92,0.0,0.0,0.6942,0.683055,0.0,In,Yes,In,clean,Y,Y,Y,,N,,,,,,,,,,,,,,,,,,,,,,EQUNEL_clean,1968.7
EQUNIP_clean,12.19685,4.3543,12.19496,0.882362,2411.33,2732.81,0.0,0.0,0.7004,0.793779,0.0,In,Yes,In,clean,Y,Y,Y,,N,,,,,,,,,,,,,,,,,,,,,,EQUNIP_clean,1284.9
ERAHOV_clean,8.72809,7.46409,8.72809,0.942162,2285.98,2426.31,0.0,0.0,0.718,0.762077,0.0,"Au,Co",Yes,Au,clean,Y,Y,Y,,N,,,,,,,,,,,,,,,,,,,,,,ERAHOV_clean,180.3
ERALUG_clean,10.3431,8.94026,10.3375,1.11121,2058.72,1852.68,0.0,0.0,0.6522,0.586926,0.000719933,Zr,Yes,Zr,clean,Y,Y,Y,,N,,,,,,,,,,,,,,,,,,,,,,ERALUG_clean,337.1
ERAMAN_clean,12.01377,10.18099,12.01377,0.963545,2126.75,2207.22,0.0,0.0,0.6966,0.722955,0.0,Zr,Yes,Zr,clean,Y,Y,Y,,N,,,,,,,,,,,,,,,,,,,,,,ERAMAN_clean,659.0
ERAMER_clean,12.83976,11.91501,12.83976,0.685959,2103.01,3065.8,0.0,0.0,0.7502,1.09365,0.000291563,Zr,Yes,Zr,clean,Y,Y,Y,,N,,,,,,,,,,,,,,,,,,,,,,ERAMER_clean,370.3
EREFEN01_SL,5.00416,3.86566,5.00416,1.13683,1255.14,1104.07,0.0,0.0,0.5352,0.470783,0.0,Zn,No, ,SL,Y,Y,Y,,N,,,,,,,,,,,,,,,,,,,,,,EREFEN01_SL,1769.1
EREGOY_clean,7.33047,5.25494,7.19533,0.879553,2401.32,2730.16,0.0,0.0,0.685,0.778805,0.0,Cd,Yes,Cd,clean,Y,Y,Y,,N,,,,,,,,,,,,,,,,,,,,,,EREGOY_clean,440.6
ERELIX_clean,5.64254,3.51162,5.62378,1.23268,1079.22,875.507,0.0,0.0,0.5468,0.443586,0.0,"Au,Zn",Yes,Au,clean,Y,Y,Y,,N,,,,,,,,,,,,,,,,,,,,,,ERELIX_clean,616.3
ERIGER_clean,7.45113,4.52945,7.45095,1.32558,1000.06,754.431,0.0,0.0,0.5014,0.378249,0.0,Ag,Yes,Ag,clean,Y,Y,Y,,N,,,,,,,,,,,,,,,,,,,,,,ERIGER_clean,598.7
ERIRIG_auto,11.67849,9.57613,11.66558,0.426775,2035.73,4770.02,0.0,0.0,0.8318,1.94903,0.0,Zn,No, ,auto,Y,Y,Y,,N,,,,,,,,,,,,,,,,,,,,,,ERIRIG_auto,212.7
ERIWAF_clean,10.65116,5.48487,10.46238,0.840538,2241.03,2666.18,0.0,0.0,0.709,0.843508,0.0,Cu,Yes,Cu,clean,Y,Y,Y,,N,,,,,,,,,,,,,,,,,,,,,,ERIWAF_clean,631.6
EROCIZ_clean,5.34059,3.74867,5.34025,1.39658,907.085,649.503,0.0,0.0,0.4828,0.345701,0.0,U,Yes,U,clean,Y,Y,Y,,N,,,,,,,,,,,,,,,,,,,,,,EROCIZ_clean,1184.9
ERUFUS_clean,4.3604,3.42673,4.35329,1.50899,684.051,453.317,0.0,0.0,0.4548,0.301394,0.0,Cd,No, ,clean,Y,Y,Y,,N,,,,,,,,,,,,,,,,,,,,,,ERUFUS_clean,209.5
ERULEK_clean,8.92635,6.96534,8.92635,0.799593,1925.59,2408.22,0.0,0.0,0.6678,0.835175,0.0,Zn,Yes,Zn,clean,Y,Y,Y,,N,,,,,,,,,,,,,,,,,,,,,,ERULEK_clean,922.8
ERUNOW_clean,9.74436,7.85759,9.7385,0.884315,1769.89,2001.42,0.0,0.0,0.6546,0.740234,0.0,Co,Yes,Co,clean,Y,Y,Y,,N,,,,,,,,,,,,,,,,,,,,,,ERUNOW_clean,984.6
ESANET_clean,7.69209,6.08736,7.69209,1.80232,1148.27,637.106,0.0,0.0,0.5264,0.292069,0.0,Cd,Yes,Cd,clean,Y,Y,Y,,N,,,,,,,,,,,,,,,,,,,,,,ESANET_clean,761.7
ESAROH_clean,4.75347,3.71612,4.73943,1.3675,535.723,391.753,0.0,0.0,0.4534,0.331553,0.0,Zn,Yes,Zn,clean,Y,Y,Y,,N,,,,,,,,,,,,,,,,,,,,,,ESAROH_clean,623.9
ESARUN_clean,6.08793,3.97207,6.06402,1.14221,1213.02,1061.99,0.0,0.0,0.5254,0.459984,0.0,Zn,Yes,Zn,clean,Y,Y,Y,,N,,,,,,,,,,,,,,,,,,,,,,ESARUN_clean,774.7
ESASAU_clean,5.00328,3.89627,5.00219,1.37708,632.788,459.514,0.0,0.0,0.4448,0.323002,0.0,Zn,Yes,Zn,clean,Y,Y,Y,,N,,,,,,,,,,,,,,,,,,,,,,ESASAU_clean,1685.6
ESASEY_clean,5.5251,4.77538,5.51126,1.28472,744.013,579.127,0.0,0.0,0.486,0.378294,0.0,Zn,Yes,Zn,clean,Y,Y,Y,,N,,,,,,,,,,,,,,,,,,,,,,ESASEY_clean,1492.5
ESEDIQ_clean,5.39674,3.78301,5.31113,0.83454,2154.55,2581.72,0.0,0.0,0.6546,0.784384,0.0,Zn,No, ,clean,Y,Y,Y,,N,,,,,,,,,,,,,,,,,,,,,,ESEDIQ_clean,553.0
ESEHIV_clean,5.10587,3.69765,5.10587,1.24278,879.237,707.477,0.0,0.0,0.5044,0.405865,0.0,Cu,Yes,Cu,clean,Y,Y,Y,,N,,,,,,,,,,,,,,,,,,,,,,ESEHIV_clean,643.7
ESEQUO_clean,5.9241,3.78187,5.9241,1.17049,1289.9,1102.02,0.0,0.0,0.5438,0.464593,0.0,Co,Yes,Co,clean,N,Y,Y,,N,,,,,,,,,,,,,,,,,,,,,,ESEQUO_clean,244.0
ESEVIH_clean,6.88268,6.30555,6.87572,1.51625,1264.35,833.868,0.0,0.0,0.5472,0.36089,0.0,Zn,Yes,Zn,clean,Y,Y,Y,,N,,,,,,,,,,,,,,,,,,,,,,ESEVIH_clean,390.9
ESIDOB_clean,5.0954,4.12899,5.0954,1.32897,1274.07,958.69,0.0,0.0,0.5378,0.404673,0.0,In,No, ,clean,Y,Y,Y,,N,,,,,,,,,,,,,,,,,,,,,,ESIDOB_clean,856.2
ESIFET_clean,8.81259,5.05152,8.81259,1.42533,1454.27,1020.3,0.0,0.0,0.5856,0.410852,0.0,Cd,No, ,clean,Y,Y,Y,,N,,,,,,,,,,,,,,,,,,,,,,ESIFET_clean,630.4
ESIGES01_clean,5.30554,4.43053,5.27741,1.28243,1799.46,1403.16,0.0,0.0,0.6102,0.475814,0.0,Zn,No, ,clean,Y,Y,Y,,N,,,,,,,,,,,,,,,,,,,,,,ESIGES01_clean,1058.7
ESIGES02_clean,5.25592,4.31073,5.18518,1.28541,1797.52,1398.4,0.0,0.0,0.597,0.464442,0.0,Zn,No, ,clean,Y,Y,Y,,N,,,,,,,,,,,,,,,,,,,,,,ESIGES02_clean,1243.5
ESIGES_clean,5.24833,4.2623,5.18742,1.29046,1800.98,1395.62,0.0,0.0,0.6108,0.473321,0.0,Zn,No, ,clean,Y,Y,Y,,N,,,,,,,,,,,,,,,,,,,,,,ESIGES_clean,1283.3
ESURER01_clean,6.75428,5.6916,6.72807,1.40497,1349.29,960.372,0.0,0.0,0.5342,0.380221,0.0,Co,No, ,clean,Y,Y,Y,,N,,,,,,,,,,,,,,,,,,,,,,ESURER01_clean,586.8
ESURER02_clean,6.73405,5.67186,6.7278,1.40899,1346.64,955.749,0.0,0.0,0.5328,0.378145,0.0,Co,No, ,clean,Y,Y,Y,,N,,,,,,,,,,,,,,,,,,,,,,ESURER02_clean,596.2
ESURER03_clean,6.73192,5.66128,6.64205,1.40989,1345.84,954.57,0.0,0.0,0.5322,0.377477,0.0,Co,No, ,clean,Y,Y,Y,,N,,,,,,,,,,,,,,,,,,,,,,ESURER03_clean,605.7
ESURER04_clean,6.9676,6.06182,6.9676,1.36538,1434.64,1050.72,0.0,0.0,0.5472,0.400767,0.0,Co,No, ,clean,Y,Y,Y,,N,,,,,,,,,,,,,,,,,,,,,,ESURER04_clean,621.7
ESURER_clean,6.78739,5.78928,6.78739,1.3933,1363.04,978.277,0.0,0.0,0.5382,0.386276,0.0,Co,No, ,clean,Y,Y,Y,,N,,,,,,,,,,,,,,,,,,,,,,ESURER_clean,612.7
ESUSAO01_clean,6.3973,4.82556,6.3973,1.43147,1333.03,931.231,0.0,0.0,0.5244,0.366336,0.0,Co,Yes,Co,clean,N,Y,Y,,N,,,,,,,,,,,,,,,,,,,,,,ESUSAO01_clean,340.6
ESUSAO_clean,6.44994,4.84687,6.44994,1.43017,1343.92,939.69,0.0,0.0,0.5242,0.366529,0.0,Co,Yes,Co,clean,N,Y,Y,,N,,,,,,,,,,,,,,,,,,,,,,ESUSAO_clean,345.5
ESUSIW_clean,6.7467,5.80608,6.7467,1.39203,1364.88,980.494,0.0,0.0,0.5394,0.387491,0.0,Co,Yes,Co,clean,Y,Y,Y,,N,,,,,,,,,,,,,,,,,,,,,,ESUSIW_clean,590.4
ESUSOC01_clean,7.22634,6.19526,7.22634,1.36351,1450.27,1063.63,0.0,0.0,0.544,0.398969,0.0,Co,Yes,Co,clean,Y,Y,Y,,N,,,,,,,,,,,,,,,,,,,,,,ESUSOC01_clean,354.1
ESUSOC02_clean,7.24893,6.31165,7.23441,1.36801,1456.76,1064.88,0.0,0.0,0.538,0.393273,0.0,Co,No, ,clean,Y,Y,Y,,N,,,,,,,,,,,,,,,,,,,,,,ESUSOC02_clean,350.0
ESUSOC_clean,7.05543,5.76553,7.05417,1.36444,1437.77,1053.75,0.0,0.0,0.5426,0.397672,0.0,Co,Yes,Co,clean,Y,Y,Y,,N,,,,,,,,,,,,,,,,,,,,,,ESUSOC_clean,358.4
ESUTAP_clean,7.12445,6.33134,7.12445,1.37347,1444.41,1051.64,0.0,0.0,0.5478,0.398843,0.0,Co,Yes,Co,clean,Y,Y,Y,,N,,,,,,,,,,,,,,,,,,,,,,ESUTAP_clean,292.2
ESUTIX_clean,7.33038,6.15605,7.3245,1.35339,1467.91,1084.62,0.0,0.0,0.5522,0.408012,0.0,Co,Yes,Co,clean,Y,Y,Y,,N,,,,,,,,,,,,,,,,,,,,,,ESUTIX_clean,350.7
ESUVAR01_clean,5.82794,3.93449,5.82794,1.54928,1195.21,771.464,0.0,0.0,0.4896,0.316018,0.0,Co,Yes,Co,clean,Y,Y,Y,,N,,,,,,,,,,,,,,,,,,,,,,ESUVAR01_clean,356.6
ESUVAR_clean,6.28796,4.55194,6.20677,1.47064,1312.34,892.358,0.0,0.0,0.5172,0.351684,0.0,Co,Yes,Co,clean,Y,Y,Y,,N,,,,,,,,,,,,,,,,,,,,,,ESUVAR_clean,361.8
ESUVOF_clean,6.88083,5.87111,6.87535,1.38485,1391.22,1004.61,0.0,0.0,0.5404,0.390224,0.0,Co,No, ,clean,Y,Y,Y,,N,,,,,,,,,,,,,,,,,,,,,,ESUVOF_clean,615.4
ETAXUT_clean,12.89356,7.93773,12.89356,0.721487,1897.63,2630.17,77.994,108.102,0.7242,1.00376,0.0,Zn,Yes,Zn,clean,Y,Y,Y,,N,,,,,,,,,,,,,,,,,,,,,,ETAXUT_clean,954.8
ETECIR_clean,4.32284,3.50203,4.32284,1.44521,1297.96,898.111,0.0,0.0,0.6006,0.41558,0.0,In,No, ,clean,Y,Y,Y,,N,,,,,,,,,,,,,,,,,,,,,,ETECIR_clean,1199.5
ETECOX_clean,10.32812,8.91862,10.31469,1.07802,2014.96,1869.13,0.0,0.0,0.7346,0.681437,0.0,In,Yes,In,clean,Y,Y,Y,,N,,,,,,,,,,,,,,,,,,,,,,ETECOX_clean,687.6
ETEJIX01_clean,6.69684,4.77946,6.69684,1.08358,2483.86,2292.26,0.0,0.0,0.649,0.598939,0.0,La,Yes,La,clean,Y,Y,Y,,N,,,,,,,,,,,,,,,,,,,,,,ETEJIX01_clean,228.4
ETEJIX_clean,6.81796,5.05367,6.81796,1.05868,2313.65,2185.42,0.0,0.0,0.6546,0.61832,0.0,La,Yes,La,clean,N,Y,Y,,N,,,,,,,,,,,,,,,,,,,,,,ETEJIX_clean,239.5
ETEJOD01_clean,6.6678,4.96877,6.6678,1.10092,2405.28,2184.79,0.0,0.0,0.6552,0.595139,0.0,Nd,Yes,Nd,clean,Y,Y,Y,,N,,,,,,,,,,,,,,,,,,,,,,ETEJOD01_clean,246.6
ETEJOD_clean,6.80678,5.11467,6.80678,1.12771,2231.39,1978.7,0.0,0.0,0.6388,0.56646,0.0,Nd,Yes,Nd,clean,N,Y,Y,,N,,,,,,,,,,,,,,,,,,,,,,ETEJOD_clean,288.8
ETEJUJ_clean,6.80904,5.16362,6.80904,1.11208,2257.09,2029.61,0.0,0.0,0.6478,0.582511,0.0,Sm,Yes,Sm,clean,N,Y,Y,,N,,,,,,,,,,,,,,,,,,,,,,ETEJUJ_clean,262.8
ETEKAQ01_manual,5.81491,4.70834,5.54365,1.17141,2276.97,1943.78,0.0,0.0,0.6496,0.554545,0.0,Gd,Yes,Gd,manual,N,Y,Y,,N,,,,,,,,,,,,,,,,,,,,,,ETEKAQ01_manual,222.7
ETEKAQ_clean,6.79458,5.19238,6.79458,1.13284,2254.4,1990.05,0.0,0.0,0.6454,0.569721,0.0,Gd,Yes,Gd,clean,N,Y,Y,,N,,,,,,,,,,,,,,,,,,,,,,ETEKAQ_clean,260.8
ETEKEU_clean,6.74215,5.18388,6.74215,1.16256,2288.23,1968.27,0.0,0.0,0.6442,0.554124,0.0,Er,Yes,Er,clean,N,Y,Y,,N,,,,,,,,,,,,,,,,,,,,,,ETEKEU_clean,261.0
ETEPID_clean,6.17672,3.95395,5.87594,1.10537,1278.33,1156.47,289.636,262.025,0.5518,0.499197,0.0,Rb,Yes,Rb,clean,Y,Y,Y,,N,,,,,,,,,,,,,,,,,,,,,,ETEPID_clean,7810.8
ETEQUQ_clean,5.92538,4.00393,5.92538,2.21544,1336.48,603.256,0.0,0.0,0.5274,0.238056,0.0,"Mo,Mn",Yes,"Mo,Mn",clean,Y,Y,Y,,N,,,,,,,,,,,,,,,,,,,,,,ETEQUQ_clean,270.6
ETESIG_clean,5.84738,4.10522,5.84738,1.34804,1113.36,825.908,0.0,0.0,0.511,0.379069,0.0,Cd,Yes,Cd,clean,Y,Y,Y,,N,,,,,,,,,,,,,,,,,,,,,,ETESIG_clean,754.6
ETEXEI01_clean,5.81183,4.79897,5.70377,1.51395,1510.72,997.869,0.0,0.0,0.6306,0.416527,0.0,Zn,No, ,clean,Y,Y,Y,,N,,,,,,,,,,,,,,,,,,,,,,ETEXEI01_clean,394.9
ETEXEI_clean,5.78427,4.68209,5.77551,1.52654,1503.21,984.721,0.0,0.0,0.622,0.407458,0.0,Zn,No, ,clean,Y,Y,Y,,N,,,,,,,,,,,,,,,,,,,,,,ETEXEI_clean,395.3
ETIXIQ_clean,6.68041,4.65647,6.65888,0.848377,2297.1,2707.64,0.0,0.0,0.6174,0.727742,0.0,Zn,No, ,clean,Y,Y,Y,,N,,,,,,,,,,,,,,,,,,,,,,ETIXIQ_clean,509.8
ETUWEW_clean,4.93842,4.37104,4.93842,1.56386,2303.31,1472.84,0.0,0.0,0.6098,0.389934,0.0,Sm,No, ,clean,Y,Y,Y,,N,,,,,,,,,,,,,,,,,,,,,,ETUWEW_clean,228.5
ETUWIA_clean,4.84869,4.31374,4.84869,1.3172,2256.73,1713.27,0.0,0.0,0.6028,0.457637,0.0,Y,Yes,Y,clean,Y,Y,Y,,N,,,,,,,,,,,,,,,,,,,,,,ETUWIA_clean,275.0
ETUXEW_clean,4.30967,3.74181,4.30967,1.76757,1105.02,625.163,0.0,0.0,0.5662,0.320327,0.0,Zn,No, ,clean,Y,Y,Y,,N,,,,,,,,,,,,,,,,,,,,,,ETUXEW_clean,411.7
EVADIQ_clean,7.6272,6.3767,7.6272,1.10873,1926.39,1737.47,0.0,0.0,0.6356,0.573266,0.0,Dy,Yes,Dy,clean,Y,Y,Y,,N,,,,,,,,,,,,,,,,,,,,,,EVADIQ_clean,659.3
EVAKIV_clean,13.34989,4.00312,13.34989,0.730238,1776.02,2432.11,0.0,0.0,0.6852,0.938325,0.0,Cu,No, ,clean,Y,Y,Y,,N,,,,,,,,,,,,,,,,,,,,,,EVAKIV_clean,2198.5
EVEGIV_clean,6.17269,4.02251,6.17269,1.31229,854.868,651.434,42.1748,32.1384,0.5236,0.398999,0.0,Cu,Yes,Cu,clean,Y,Y,Y,,N,,,,,,,,,,,,,,,,,,,,,,EVEGIV_clean,1792.8
EVEGOB_clean,6.69286,4.9654,6.69286,1.28252,924.55,720.888,100.648,78.477,0.5186,0.404362,0.0,Cu,Yes,Cu,clean,Y,Y,Y,,N,,,,,,,,,,,,,,,,,,,,,,EVEGOB_clean,195.4
EVEGUH_clean,6.67679,5.04188,6.67679,1.28811,935.874,726.551,97.6899,75.84,0.5222,0.405402,0.0,Cu,Yes,Cu,clean,Y,Y,Y,,N,,,,,,,,,,,,,,,,,,,,,,EVEGUH_clean,192.2
EVIMUT_clean,5.27695,4.27032,5.27695,0.98944,1543.01,1559.48,0.0,0.0,0.5212,0.526762,0.0,Na,Yes,Na,clean,N,Y,Y,,N,,,,,,,,,,,,,,,,,,,,,,EVIMUT_clean,366.7
EVUDAA_clean,8.8715,5.37575,8.86492,1.06655,1848.87,1733.49,0.0,0.0,0.6318,0.592375,0.0,Cd,Yes,Cd,clean,N,Y,Y,,N,,,,,,,,,,,,,,,,,,,,,,EVUDAA_clean,1274.9
EVUPOC_clean,6.33794,4.33255,6.21155,1.43397,1521.86,1061.29,0.0,0.0,0.5584,0.389408,0.0,Nd,Yes,Nd,clean,Y,Y,Y,,N,,,,,,,,,,,,,,,,,,,,,,EVUPOC_clean,359.3
EVUQOC_clean,5.3745,3.92262,5.34265,1.5074,1102.05,731.093,0.0,0.0,0.4832,0.320551,0.0,La,Yes,La,clean,N,Y,Y,,N,,,,,,,,,,,,,,,,,,,,,,EVUQOC_clean,315.4
EVUQUI_clean,4.83999,3.93851,4.82956,1.53551,1049.12,683.243,0.0,0.0,0.4838,0.315075,0.0,Nd,Yes,Nd,clean,Y,Y,Y,,N,,,,,,,,,,,,,,,,,,,,,,EVUQUI_clean,508.2
EVURAP_clean,4.91998,4.00691,4.90722,1.50366,1094.53,727.909,0.0,0.0,0.4888,0.325073,0.0,Ce,Yes,Ce,clean,Y,Y,Y,,N,,,,,,,,,,,,,,,,,,,,,,EVURAP_clean,507.7
EWASIG01_clean,6.54739,5.55468,6.37809,0.995743,2287.2,2296.98,0.0,0.0,0.6682,0.671057,0.0,Eu,Yes,Eu,clean,N,Y,Y,,N,,,,,,,,,,,,,,,,,,,,,,EWASIG01_clean,331.8
EWASIG_clean,6.45735,5.55117,6.42218,0.997683,2278.25,2283.54,0.0,0.0,0.6672,0.66875,0.0,Eu,Yes,Eu,clean,N,Y,Y,,N,,,,,,,,,,,,,,,,,,,,,,EWASIG_clean,339.6
EWECOY_clean,6.36107,5.38638,6.36107,1.35369,1897.91,1402.03,0.0,0.0,0.613,0.452836,0.0,Cd,Yes,Cd,clean,Y,Y,Y,,N,,,,,,,,,,,,,,,,,,,,,,EWECOY_clean,216.9
EWESAC_clean,4.96455,3.52189,4.96455,1.2876,515.857,400.635,170.93,132.751,0.4632,0.35974,0.0,Zn,No, ,clean,Y,Y,Y,,N,,,,,,,,,,,,,,,,,,,,,,EWESAC_clean,569.1
EWETUW_clean,5.62021,4.24917,5.57976,1.31411,662.316,504.004,418.644,318.576,0.5412,0.411838,0.0,Tb,Yes,Tb,clean,Y,Y,Y,,N,,,,,,,,,,,,,,,,,,,,,,EWETUW_clean,1077.7
EWIPIL_clean,5.07501,3.95522,5.05284,1.20337,1849.05,1536.56,0.0,0.0,0.602,0.500263,0.0,Zn,Yes,Zn,clean,Y,Y,Y,,N,,,,,,,,,,,,,,,,,,,,,,EWIPIL_clean,936.3
EWUCOP_clean,4.517,3.6203,4.517,1.14036,1567.35,1374.43,0.0,0.0,0.607,0.532288,0.0,Cu,No, ,clean,Y,Y,Y,,N,,,,,,,,,,,,,,,,,,,,,,EWUCOP_clean,684.8
EWUGEK_clean,4.25922,3.99552,4.25922,1.59647,254.293,159.284,0.0,0.0,0.3716,0.232763,0.0,Cd,No, ,clean,Y,Y,Y,,N,,,,,,,,,,,,,,,,,,,,,,EWUGEK_clean,322.8
EWUKAK_clean,8.06678,6.82094,8.05126,1.11278,1981.43,1780.62,0.0,0.0,0.6252,0.561838,0.0,"Zn,Co",Yes,"Zn,Co",clean,Y,Y,Y,,N,,,,,,,,,,,,,,,,,,,,,,EWUKAK_clean,620.8
EWUKEO_clean,6.02152,4.9088,6.0177,1.04306,2495.54,2392.52,0.0,0.0,0.6576,0.630455,0.0,"Zn,Co",Yes,Co,clean,Y,Y,Y,,N,,,,,,,,,,,,,,,,,,,,,,EWUKEO_clean,394.9
EWUKIS_clean,6.09706,5.36823,6.07492,1.05799,2424.88,2291.97,0.0,0.0,0.6762,0.639136,0.0,Zn,Yes,Zn,clean,Y,Y,Y,,N,,,,,,,,,,,,,,,,,,,,,,EWUKIS_clean,413.6
EWUSOF_clean,11.18858,8.47337,10.82571,0.877,1675.84,1910.87,0.0,0.0,0.721,0.822121,0.0,"Mo,Cu",Yes,"Mo,Cu",clean,Y,Y,Y,,N,,,,,,,,,,,,,,,,,,,,,,EWUSOF_clean,239.9
EWUSUL_clean,11.25293,8.38573,11.25293,0.979503,1671.61,1706.59,0.0,0.0,0.7086,0.723428,0.0,"W,Cu",Yes,"W,Cu",clean,Y,Y,Y,,N,,,,,,,,,,,,,,,,,,,,,,EWUSUL_clean,229.9
EWUTEW_clean,7.55965,4.88065,7.45386,1.29422,1660.56,1283.06,0.0,0.0,0.5852,0.452164,0.0,"W,Cu",Yes,W,clean,Y,Y,Y,,N,,,,,,,,,,,,,,,,,,,,,,EWUTEW_clean,675.5
EXALAR_clean,8.27068,4.14256,8.27068,0.819136,1552.0,1894.68,19.4699,23.7688,0.6382,0.779114,0.0,Ni,Yes,Ni,clean,Y,Y,Y,,N,,,,,,,,,,,,,,,,,,,,,,EXALAR_clean,317.6
EXALIZ_clean,8.54083,3.87619,8.54083,1.52305,1283.51,842.727,0.0,0.0,0.5696,0.373988,0.0,"Mo,Ni",Yes,"Mo,Ni",clean,Y,Y,Y,,N,,,,,,,,,,,,,,,,,,,,,,EXALIZ_clean,399.4
EXAPEA_clean,5.23017,3.49325,5.23017,1.44837,343.252,236.992,0.0,0.0,0.4076,0.281419,0.0,Cu,No, ,clean,Y,Y,Y,,N,,,,,,,,,,,,,,,,,,,,,,EXAPEA_clean,202.1
EXAXAE01_clean,10.9668,6.77359,10.9668,1.34773,1718.01,1274.74,128.947,95.6773,0.6772,0.502475,0.0,Cu,Yes,Cu,clean,Y,Y,Y,,N,,,,,,,,,,,,,,,,,,,,,,EXAXAE01_clean,229.0
EXAXAE_clean,10.76753,6.65722,10.58024,1.36537,1690.78,1238.34,127.443,93.34,0.6754,0.494666,0.0,Cu,Yes,Cu,clean,Y,Y,Y,,N,,,,,,,,,,,,,,,,,,,,,,EXAXAE_clean,239.5
EXEMUR_clean,6.22751,4.77221,6.20611,1.4177,461.655,325.637,178.147,125.659,0.4768,0.33632,0.0,Cd,No, ,clean,Y,Y,Y,,N,,,,,,,,,,,,,,,,,,,,,,EXEMUR_clean,277.6
EXENAX_clean,4.98437,3.71955,4.67631,1.89432,1307.11,690.013,0.0,0.0,0.588,0.310402,0.0,Ag,Yes,Ag,clean,Y,Y,Y,,N,,,,,,,,,,,,,,,,,,,,,,EXENAX_clean,438.2
EXEQAA_clean,7.25351,7.13068,7.2425,1.02495,1673.9,1633.14,0.0,0.0,0.6088,0.593978,0.0,Sc,No, ,clean,Y,Y,Y,,N,,,,,,,,,,,,,,,,,,,,,,EXEQAA_clean,797.0
EXEQII_SL,7.24683,7.11371,7.24683,1.02502,1683.52,1642.43,0.0,0.0,0.597,0.58243,0.0,Sc,No, ,SL,Y,Y,Y,,N,,,,,,,,,,,,,,,,,,,,,,EXEQII_SL,433.6
EXEWIO_clean,7.06551,3.91163,7.06551,1.10612,1247.35,1127.68,0.0,0.0,0.5336,0.482408,0.0,Zn,Yes,Zn,clean,Y,Y,Y,,N,,,,,,,,,,,,,,,,,,,,,,EXEWIO_clean,2144.6
EXEXAH_clean,9.58473,9.08126,9.58473,0.865744,1381.13,1595.31,0.0,0.0,0.6118,0.706675,0.0,Co,No, ,clean,Y,Y,Y,,N,,,,,,,,,,,,,,,,,,,,,,EXEXAH_clean,228.4
EXIDOF_clean,5.61373,5.00672,5.60841,1.03591,1864.27,1799.64,0.0,0.0,0.6158,0.594451,0.0,Co,No, ,clean,Y,Y,Y,,N,,,,,,,,,,,,,,,,,,,,,,EXIDOF_clean,271.1
EXOFIH_clean,4.43208,4.25139,4.42906,1.35435,1660.17,1225.81,0.0,0.0,0.5858,0.432533,0.0,In,No, ,clean,Y,Y,Y,,N,,,,,,,,,,,,,,,,,,,,,,EXOFIH_clean,1264.7
EXOTOB_clean,13.28738,7.77882,13.22247,0.710367,1789.01,2518.43,0.0,0.0,0.7024,0.988785,0.0,Ni,Yes,Ni,clean,Y,Y,Y,,N,,,,,,,,,,,,,,,,,,,,,,EXOTOB_clean,640.5
EXOTUH_SL,6.05951,4.4083,6.05951,0.950557,1966.63,2068.92,0.0,0.0,0.6264,0.658982,0.0,Cd,No, ,SL,Y,Y,Y,,N,,,,,,,,,,,,,,,,,,,,,,EXOTUH_SL,617.2
EXOZIB_clean,8.81916,5.67239,8.81916,0.860889,2066.43,2400.34,0.0,0.0,0.7104,0.825193,0.0,Cu,Yes,Cu,clean,Y,Y,Y,,N,,,,,,,,,,,,,,,,,,,,,,EXOZIB_clean,278.2
EXUHEM_clean,5.5848,3.98697,5.5848,1.1948,1036.21,867.268,0.0,0.0,0.5148,0.430868,0.0,Cd,No, ,clean,Y,Y,Y,,N,,,,,,,,,,,,,,,,,,,,,,EXUHEM_clean,379.5
EXUHUC_clean,6.22107,4.0898,6.22107,1.22274,852.187,696.948,9.45855,7.73552,0.5232,0.427891,0.0,Mn,Yes,Mn,clean,Y,Y,Y,,N,,,,,,,,,,,,,,,,,,,,,,EXUHUC_clean,431.9
EYACOX_clean,8.14361,5.87215,7.68514,0.961963,2469.42,2567.06,0.0,0.0,0.6732,0.699819,0.0,Eu,Yes,Eu,clean,Y,Y,Y,,N,,,,,,,,,,,,,,,,,,,,,,EYACOX_clean,362.1
EYINOR_clean,8.12774,5.83469,8.12774,0.997324,2427.09,2433.6,0.0,0.0,0.6904,0.692252,0.0,Yb,Yes,Yb,clean,Y,Y,Y,,N,,,,,,,,,,,,,,,,,,,,,,EYINOR_clean,446.5
EYIYES_clean,8.23387,5.84668,8.15455,0.958955,2430.13,2534.15,0.0,0.0,0.6902,0.719741,0.0,Dy,Yes,Dy,clean,Y,Y,Y,,N,,,,,,,,,,,,,,,,,,,,,,EYIYES_clean,377.2
EYOCIG_clean,8.27418,5.89212,8.06359,0.922433,2431.08,2635.51,0.0,0.0,0.694,0.752358,0.0,Eu,Yes,Eu,clean,Y,Y,Y,,N,,,,,,,,,,,,,,,,,,,,,,EYOCIG_clean,378.8
EYOCOM_clean,8.18337,5.84697,8.18337,0.974997,2429.97,2492.29,0.0,0.0,0.6902,0.7079,0.0,Er,Yes,Er,clean,Y,Y,Y,,N,,,,,,,,,,,,,,,,,,,,,,EYOCOM_clean,388.3
EYULOA_clean,4.93073,3.99192,4.90572,1.26506,819.807,648.04,0.0,0.0,0.5008,0.395872,0.0,Co,No, ,clean,Y,Y,Y,,N,,,,,,,,,,,,,,,,,,,,,,EYULOA_clean,769.1
EYUWAW_clean_h,6.01873,4.52997,6.01625,1.02499,1441.95,1406.78,0.0,0.0,0.5778,0.563711,0.0,Mn,Yes,Mn,clean_h,N,Y,Y,,N,,,,,,,,,,,,,,,,,,,,,,EYUWAW_clean_h,647.5
EZABEN_clean,5.22809,3.75233,5.19001,1.80933,1456.46,804.973,0.0,0.0,0.5686,0.314261,0.0,Cd,Yes,Cd,clean,N,Y,Y,,N,,,,,,,,,,,,,,,,,,,,,,EZABEN_clean,355.4
EZEQEH_clean,4.87284,4.37059,4.87284,1.23337,902.039,731.365,0.0,0.0,0.4534,0.367612,0.0,Mg,No, ,clean,Y,Y,Y,,N,,,,,,,,,,,,,,,,,,,,,,EZEQEH_clean,596.0
EZEQIL_clean,5.30026,4.78345,5.30026,1.17129,1076.67,919.215,0.0,0.0,0.476,0.406389,0.0,Mg,No, ,clean,Y,Y,Y,,N,,,,,,,,,,,,,,,,,,,,,,EZEQIL_clean,646.8
EZEQOR_clean,5.6482,4.90134,5.6482,1.14412,1130.85,988.403,0.0,0.0,0.4858,0.424607,0.0,Mg,No, ,clean,Y,Y,Y,,N,,,,,,,,,,,,,,,,,,,,,,EZEQOR_clean,670.3
EZEQUX_clean,5.58794,4.86495,5.58794,1.14902,1119.33,974.163,0.0,0.0,0.4862,0.423145,0.0,Mg,No, ,clean,Y,Y,Y,,N,,,,,,,,,,,,,,,,,,,,,,EZEQUX_clean,706.9
EZESAF_clean,5.1372,4.14128,5.1327,1.2462,687.896,551.996,0.0,0.0,0.4534,0.363827,0.0,Cu,Yes,Cu,clean,Y,Y,Y,,N,,,,,,,,,,,,,,,,,,,,,,EZESAF_clean,473.2
EZIPEK_clean,8.58626,4.2007,8.58626,1.51602,1671.68,1102.68,0.0,0.0,0.5836,0.384955,0.000527697,Eu,No, ,clean,Y,Y,Y,,N,,,,,,,,,,,,,,,,,,,,,,EZIPEK_clean,1735.3
EZITUE_clean,5.18743,4.58908,5.18743,1.41786,514.897,363.149,0.0,0.0,0.4536,0.319918,0.0,Ba,Yes,Ba,clean,N,Y,Y,,N,,,,,,,,,,,,,,,,,,,,,,EZITUE_clean,1746.3
EZIVAM_clean,4.86841,4.201,4.86841,1.36805,410.17,299.821,0.0,0.0,0.4216,0.308176,0.0,Sr,Yes,Sr,clean,Y,Y,Y,,N,,,,,,,,,,,,,,,,,,,,,,EZIVAM_clean,632.8
EZOBUR02_clean,5.4535,4.4976,5.43411,1.36504,878.599,643.645,0.0,0.0,0.4944,0.362188,0.0,Cu,Yes,Cu,clean,Y,Y,Y,,N,,,,,,,,,,,,,,,,,,,,,,EZOBUR02_clean,364.1
EZOBUR_clean,6.22091,4.91314,6.06649,1.26527,1070.0,845.668,0.0,0.0,0.5366,0.4241,0.0,Cu,Yes,Cu,clean,Y,Y,Y,,N,,,,,,,,,,,,,,,,,,,,,,EZOBUR_clean,347.7
EZOFEF_clean,11.22482,4.58247,11.22482,1.02492,1340.94,1308.34,253.285,247.127,0.6156,0.600633,0.0,Ni,No, ,clean,Y,Y,Y,,N,,,,,,,,,,,,,,,,,,,,,,EZOFEF_clean,679.1
EZUCIM_clean,5.27092,4.42324,5.21472,1.00292,1781.29,1776.11,0.0,0.0,0.602,0.600249,0.0,Zn,No, ,clean,Y,Y,Y,,N,,,,,,,,,,,,,,,,,,,,,,EZUCIM_clean,557.9
EZULAO_clean,5.09593,4.42786,5.07986,1.44576,1054.74,729.539,0.0,0.0,0.5038,0.348468,0.0,Cd,Yes,Cd,clean,N,Y,Y,,N,,,,,,,,,,,,,,,,,,,,,,EZULAO_clean,240.1
FABCUI_clean,5.29132,3.67742,5.0134,1.09277,1448.77,1325.78,0.0139318,0.0127491,0.5368,0.49123,0.0,Cu,Yes,Cu,clean,N,Y,Y,,N,,,,,,,,,,,,,,,,,,,,,,FABCUI_clean,927.1
FABGUM_clean,4.49645,4.20268,4.49184,1.20151,964.988,803.144,198.183,164.944,0.618,0.514351,0.0,Ag,No, ,clean,Y,Y,Y,,N,,,,,,,,,,,,,,,,,,,,,,FABGUM_clean,270.0
FAFDEX_clean,4.84612,4.0465,4.84612,1.4121,763.799,540.896,0.0,0.0,0.426,0.301679,0.0,"Mn,K",Yes,K,clean,Y,Y,Y,,N,,,,,,,,,,,,,,,,,,,,,,FAFDEX_clean,445.2
FAFMAC_clean,6.81612,5.39086,6.79864,1.26269,1165.02,922.651,0.0,0.0,0.5508,0.436212,0.0,Ag,Yes,Ag,clean,Y,Y,Y,,N,,,,,,,,,,,,,,,,,,,,,,FAFMAC_clean,281.5
FAFQEJ01_clean,6.37389,4.22376,5.90055,1.46265,2225.33,1521.44,0.0,0.0,0.6474,0.442621,0.0,Er,Yes,Er,clean,Y,Y,Y,,N,,,,,,,,,,,,,,,,,,,,,,FAFQEJ01_clean,226.2
FAGMAE_clean,5.46748,4.37557,5.46748,1.06062,1170.19,1103.31,0.885384,0.834777,0.5442,0.513094,0.0,Ag,Yes,Ag,clean,Y,Y,Y,,N,,,,,,,,,,,,,,,,,,,,,,FAGMAE_clean,1851.7
FAGMEI_clean,4.74677,3.86448,4.45761,1.13696,582.955,512.733,152.586,134.206,0.5114,0.449797,0.0,Ag,Yes,Ag,clean,Y,Y,Y,,N,,,,,,,,,,,,,,,,,,,,,,FAGMEI_clean,2331.3
FAGMOS_clean,4.83565,3.90897,4.83387,1.11657,661.618,592.547,152.346,136.441,0.5228,0.468221,0.0,Ag,Yes,Ag,clean,Y,Y,Y,,N,,,,,,,,,,,,,,,,,,,,,,FAGMOS_clean,2531.3
FAGQAI_clean,13.61199,8.61498,13.60121,0.481098,2019.32,4197.32,0.0,0.0,0.7864,1.63459,0.0,Cu,Yes,Cu,clean,Y,Y,Y,,N,,,,,,,,,,,,,,,,,,,,,,FAGQAI_clean,279.2
FAGREM_clean,7.38233,6.89343,7.38233,1.46524,1454.62,992.751,0.0,0.0,0.557,0.380143,0.0,Zn,Yes,Zn,clean,Y,Y,Y,,N,,,,,,,,,,,,,,,,,,,,,,FAGREM_clean,312.3
FAGXIX_clean,5.2216,3.54475,5.2216,1.24357,1161.81,934.26,0.0,0.0,0.5266,0.42346,0.0,Zn,Yes,Zn,clean,N,Y,Y,,N,,,,,,,,,,,,,,,,,,,,,,FAGXIX_clean,2101.2
FAHGAY_clean,5.42928,5.0549,5.42928,0.789805,2259.65,2861.02,0.0,0.0,0.6494,0.822229,0.0,Be,No, ,clean,Y,Y,Y,,N,,,,,,,,,,,,,,,,,,,,,,FAHGAY_clean,476.3
FAHPOV_clean,15.83326,12.70856,15.77354,0.465056,1930.74,4151.64,0.0,0.0,0.8222,1.76796,0.0,Zn,Yes,Zn,clean,Y,Y,Y,,N,,,,,,,,,,,,,,,,,,,,,,FAHPOV_clean,601.3
FAHQIQ_clean,9.85392,4.35513,9.85392,0.853176,2077.29,2434.78,0.0,0.0,0.6662,0.780847,0.0,In,No, ,clean,Y,Y,Y,,N,,,,,,,,,,,,,,,,,,,,,,FAHQIQ_clean,3076.2
FAHQIR_clean,5.4668,3.66161,5.45525,1.24631,646.137,518.44,0.0,0.0,0.4704,0.377434,0.0,Co,Yes,Co,clean,Y,Y,Y,,N,,,,,,,,,,,,,,,,,,,,,,FAHQIR_clean,1678.2
FAJYAS_clean,8.56248,6.70705,8.55013,0.843378,1917.39,2273.46,0.0,0.0,0.6388,0.75743,0.0,Co,Yes,Co,clean,Y,Y,Y,,N,,,,,,,,,,,,,,,,,,,,,,FAJYAS_clean,663.3
FAJZOI_clean,5.7048,3.67896,5.62232,1.15456,806.025,698.125,0.0,0.0,0.4918,0.425964,0.0,Ag,No, ,clean,Y,Y,Y,,N,,,,,,,,,,,,,,,,,,,,,,FAJZOI_clean,1793.8
FAKLIO_clean,9.35143,8.40739,9.35026,0.753404,1654.42,2195.93,0.0,0.0,0.6524,0.865937,0.0,Mn,No, ,clean,Y,Y,Y,,N,,,,,,,,,,,,,,,,,,,,,,FAKLIO_clean,241.8
FAKLOU_clean,9.12795,8.03305,9.12795,0.879649,1631.51,1854.72,0.0,0.0,0.6538,0.743251,0.0,Cd,No, ,clean,Y,Y,Y,,N,,,,,,,,,,,,,,,,,,,,,,FAKLOU_clean,243.4
FAKLUA_clean,9.01677,8.0299,9.01677,0.819291,1611.05,1966.39,0.0,0.0,0.6454,0.787754,0.0,Zn,No, ,clean,Y,Y,Y,,N,,,,,,,,,,,,,,,,,,,,,,FAKLUA_clean,271.9
FAKMAH_clean,8.51474,7.6757,8.51474,0.756909,1726.74,2281.31,0.0,0.0,0.6586,0.870118,0.0,Mn,No, ,clean,Y,Y,Y,,N,,,,,,,,,,,,,,,,,,,,,,FAKMAH_clean,461.9
FAKNIR_clean,7.731,5.84497,7.731,0.960238,2118.84,2206.58,0.0,0.0,0.6484,0.675249,0.0,Cd,Yes,Cd,clean,Y,Y,Y,,N,,,,,,,,,,,,,,,,,,,,,,FAKNIR_clean,178.7
FALBAX_manual,16.15249,9.49143,16.1486,0.447193,2181.58,4878.38,0.0,0.0,0.8038,1.79743,0.0,Co,No, ,manual,Y,Y,Y,,N,,,,,,,,,,,,,,,,,,,,,,FALBAX_manual,2842.6
FALDAA_clean,6.52279,5.33991,6.32184,1.08899,1435.02,1317.76,0.0,0.0,0.579,0.531688,0.0,Cd,Yes,Cd,clean,N,Y,Y,,N,,,,,,,,,,,,,,,,,,,,,,FALDAA_clean,318.2
FALLOT_clean,5.47116,3.44168,5.42276,1.84097,1146.35,622.691,0.0,0.0,0.5828,0.316572,0.0,"W,Cu",Yes,Cu,clean,Y,Y,Y,,N,,,,,,,,,,,,,,,,,,,,,,FALLOT_clean,123.8
FALPOY_clean,5.64075,4.31698,5.64026,1.89914,1788.53,941.762,0.0,0.0,0.5702,0.300242,0.0,Ga,Yes,Ga,clean,Y,Y,Y,,N,,,,,,,,,,,,,,,,,,,,,,FALPOY_clean,1111.7
FALVOF_clean,6.65756,4.5203,6.48608,1.39374,1687.85,1211.03,0.0,0.0,0.5882,0.422031,0.0,"Pr,Cu",Yes,"Pr,Cu",clean,Y,Y,Y,,N,,,,,,,,,,,,,,,,,,,,,,FALVOF_clean,397.6
FAMPUH_clean,14.29727,6.50644,14.29727,0.67257,2359.31,3507.91,0.0,0.0,0.7568,1.12524,0.0,Cu,Yes,Cu,clean,Y,Y,Y,,N,,,,,,,,,,,,,,,,,,,,,,FAMPUH_clean,265.1
FAMQAO_clean,14.19972,6.54893,14.18609,0.666736,2302.24,3453.0,0.0,0.0,0.7576,1.13628,0.0,Cu,Yes,Cu,clean,Y,Y,Y,,N,,,,,,,,,,,,,,,,,,,,,,FAMQAO_clean,254.5
FAMQES_clean,13.92314,6.55268,13.92314,0.674226,2354.83,3492.63,0.0,0.0,0.7532,1.11713,0.0,Cu,Yes,Cu,clean,Y,Y,Y,,N,,,,,,,,,,,,,,,,,,,,,,FAMQES_clean,263.0
FANCIJ_clean,8.52966,7.16955,8.46063,1.09037,1242.28,1139.32,72.6595,66.6376,0.5784,0.530463,0.0,Yb,No, ,clean,Y,Y,Y,,N,,,,,,,,,,,,,,,,,,,,,,FANCIJ_clean,407.2
FANCOP_clean,8.31522,6.68432,8.30333,1.04032,1268.68,1219.51,89.2086,85.7514,0.5834,0.560791,0.0,Pr,No, ,clean,Y,Y,Y,,N,,,,,,,,,,,,,,,,,,,,,,FANCOP_clean,474.6
FANDEG_clean,8.58478,6.98003,8.57286,1.05217,1307.67,1242.83,85.7897,81.5358,0.5892,0.559985,0.0,Gd,No, ,clean,Y,Y,Y,,N,,,,,,,,,,,,,,,,,,,,,,FANDEG_clean,486.3
FANQER_clean,5.21362,4.0339,5.21362,1.50842,1029.25,682.337,0.211472,0.140194,0.5204,0.344996,0.0,"W,Mn",Yes,Mn,clean,Y,Y,Y,,N,,,,,,,,,,,,,,,,,,,,,,FANQER_clean,217.3
FAPXEC_clean,7.23633,7.07944,7.22228,1.10849,1601.62,1444.86,0.0,0.0,0.5964,0.538029,0.0,V,No, ,clean,Y,Y,Y,,N,,,,,,,,,,,,,,,,,,,,,,FAPXEC_clean,290.9
FAPXIG_clean,7.25163,7.0872,7.25163,1.12925,1578.62,1397.94,0.0,0.0,0.5966,0.528317,0.0,V,No, ,clean,Y,Y,Y,,N,,,,,,,,,,,,,,,,,,,,,,FAPXIG_clean,281.7
FAPXOM_clean,7.22558,7.07954,7.22145,1.12985,1598.05,1414.39,0.0,0.0,0.5978,0.529098,0.0,V,No, ,clean,Y,Y,Y,,N,,,,,,,,,,,,,,,,,,,,,,FAPXOM_clean,291.3
FAQGEL_clean,5.35554,3.64691,5.34801,1.44151,1313.99,911.54,0.0,0.0,0.536,0.371832,0.0,Cd,Yes,Cd,clean,N,Y,Y,,N,,,,,,,,,,,,,,,,,,,,,,FAQGEL_clean,581.9
FAQGIP_clean,5.30496,3.71196,5.30496,1.22203,1264.33,1034.61,0.0,0.0,0.5172,0.423229,0.0,Mn,Yes,Mn,clean,N,Y,Y,,N,,,,,,,,,,,,,,,,,,,,,,FAQGIP_clean,540.3
FAQLUH_clean,7.25665,7.09719,7.24714,1.10687,1602.27,1447.57,0.0,0.0,0.5958,0.538276,0.0,V,No, ,clean,Y,Y,Y,,N,,,,,,,,,,,,,,,,,,,,,,FAQLUH_clean,290.0
FARBIL_clean,6.5257,5.85477,6.5257,1.16183,1319.81,1135.97,0.0,0.0,0.544,0.468226,0.0,V,No, ,clean,Y,Y,Y,,N,,,,,,,,,,,,,,,,,,,,,,FARBIL_clean,462.1
FARFIO_clean,9.12316,6.55123,9.12316,1.31137,1730.77,1319.82,0.0,0.0,0.6458,0.492464,0.0,Zn,No, ,clean,Y,Y,Y,,N,,,,,,,,,,,,,,,,,,,,,,FARFIO_clean,192.6
FARFOU_clean,8.96134,6.03917,8.96134,1.3138,1736.65,1321.85,0.0,0.0,0.6496,0.494443,0.0,Zn,No, ,clean,Y,Y,Y,,N,,,,,,,,,,,,,,,,,,,,,,FARFOU_clean,193.4
FARFUA_clean,8.43305,5.99885,8.43305,1.37514,1658.2,1205.84,0.0,0.0,0.6292,0.457553,0.0,Zn,No, ,clean,Y,Y,Y,,N,,,,,,,,,,,,,,,,,,,,,,FARFUA_clean,199.1
FARHIR_ion_b,6.8791,5.35126,6.8791,1.62906,838.805,514.901,0.0,0.0,0.3778,0.231913,0.0,"Pb,K",Yes,Pb,ion_b,Y,Y,Y,,N,,,,,,,,,,,,,,,,,,,,,,FARHIR_ion_b,714.2
FARHOX_ion_b,6.26684,3.62781,6.26416,1.63231,1189.76,728.882,0.0,0.0,0.5338,0.327022,0.0,"Cs,Pb",Yes,"Cs,Pb",ion_b,Y,Y,Y,,N,,,,,,,,,,,,,,,,,,,,,,FARHOX_ion_b,1919.2
FASHAK_clean,5.67537,4.91896,5.66915,1.31877,1672.64,1268.34,0.0,0.0,0.5816,0.441018,0.0,Pr,Yes,Pr,clean,Y,Y,Y,,N,,,,,,,,,,,,,,,,,,,,,,FASHAK_clean,249.9
FASHOX_clean,5.79545,4.39914,5.79038,3.73156,1762.91,472.433,0.0,0.0,0.572,0.153287,0.0,U,Yes,U,clean,Y,Y,Y,,N,,,,,,,,,,,,,,,,,,,,,,FASHOX_clean,223.2
FASVIH_clean,7.36263,6.76595,7.35007,1.28937,1714.12,1329.42,0.0,0.0,0.6144,0.476511,0.0,Cu,Yes,Cu,clean,Y,Y,Y,,N,,,,,,,,,,,,,,,,,,,,,,FASVIH_clean,275.9
FATKAO_clean,4.65609,3.80909,4.65088,1.95034,1014.02,519.916,0.0,0.0,0.465,0.238419,0.0,Gd,Yes,Gd,clean,Y,Y,Y,,N,,,,,,,,,,,,,,,,,,,,,,FATKAO_clean,393.8
FATKES_clean,4.81739,3.70783,4.8165,1.82727,1025.9,561.439,0.0,0.0,0.4878,0.266955,0.0,Nd,Yes,Nd,clean,Y,Y,Y,,N,,,,,,,,,,,,,,,,,,,,,,FATKES_clean,390.4
FATKIV_clean,14.84172,10.48506,14.13115,0.799535,924.965,1156.88,197.216,246.664,0.6364,0.795963,0.0,Mn,Yes,Mn,clean,Y,Y,Y,,N,,,,,,,,,,,,,,,,,,,,,,FATKIV_clean,703.1
FATKIW_clean,4.92999,3.7145,4.92517,1.89194,1016.62,537.341,0.0,0.0,0.477,0.252122,0.0,Sm,Yes,Sm,clean,Y,Y,Y,,N,,,,,,,,,,,,,,,,,,,,,,FATKIW_clean,405.0
FATKOC_clean,4.67985,3.79401,4.65705,1.90793,1011.46,530.135,0.0,0.0,0.4774,0.250219,0.0,Eu,Yes,Eu,clean,Y,Y,Y,,N,,,,,,,,,,,,,,,,,,,,,,FATKOC_clean,393.6
FATKUI_clean,4.71614,3.90797,4.71614,1.76449,1087.25,616.182,0.0,0.0,0.4914,0.278494,0.0,Ce,Yes,Ce,clean,Y,Y,Y,,N,,,,,,,,,,,,,,,,,,,,,,FATKUI_clean,381.7
FATLUJ_clean,5.42171,4.28978,5.42171,1.20951,1168.02,965.69,4.12251,3.4084,0.5226,0.432074,0.0,Cu,Yes,Cu,clean,Y,Y,Y,,N,,,,,,,,,,,,,,,,,,,,,,FATLUJ_clean,537.8
FATQID_clean,11.53016,8.55287,11.53016,0.606791,2204.88,3633.67,0.0,0.0,0.8008,1.31973,0.0,Cu,Yes,Cu,clean,Y,Y,Y,,N,,,,,,,,,,,,,,,,,,,,,,FATQID_clean,171.5
FATVOM_clean,4.53669,4.03212,4.53669,1.59797,796.91,498.701,0.0,0.0,0.4212,0.263584,0.0,Cu,Yes,Cu,clean,N,Y,Y,,N,,,,,,,,,,,,,,,,,,,,,,FATVOM_clean,503.2
FAVFUG_clean,6.83841,4.77149,6.83841,1.02578,1903.53,1855.69,0.0,0.0,0.6082,0.592913,0.0,"Cd,K",No, ,clean,Y,Y,Y,,N,,,,,,,,,,,,,,,,,,,,,,FAVFUG_clean,1637.5
FAVGAN_clean,5.57142,4.50196,5.49969,1.52705,956.016,626.056,0.0,0.0,0.4838,0.316821,0.0,Nd,Yes,Nd,clean,Y,Y,Y,,N,,,,,,,,,,,,,,,,,,,,,,FAVGAN_clean,689.9
FAVGER_clean,5.35311,4.52327,5.34725,1.54964,901.531,581.768,0.0,0.0,0.481,0.310395,0.0,Nd,No, ,clean,Y,Y,Y,,N,,,,,,,,,,,,,,,,,,,,,,FAVGER_clean,647.4
FAVGIV_clean,4.89361,4.27611,4.89361,1.63035,784.518,481.195,0.0,0.0,0.4718,0.289385,0.0,Sm,Yes,Sm,clean,Y,Y,Y,,N,,,,,,,,,,,,,,,,,,,,,,FAVGIV_clean,459.5
FAVGOB_clean,4.8913,4.26213,4.88425,1.63875,774.721,472.75,0.0,0.0,0.4632,0.282654,0.0,Sm,Yes,Sm,clean,Y,Y,Y,,N,,,,,,,,,,,,,,,,,,,,,,FAVGOB_clean,451.6
FAVGUH_clean,4.86763,4.2119,4.84866,1.64912,773.676,469.146,0.0,0.0,0.4688,0.284274,0.0,Eu,Yes,Eu,clean,Y,Y,Y,,N,,,,,,,,,,,,,,,,,,,,,,FAVGUH_clean,441.4
FAVHAO_clean,4.95666,4.40143,4.92219,1.63957,784.566,478.52,0.0,0.0,0.4652,0.283733,0.0,Eu,Yes,Eu,clean,Y,Y,Y,,N,,,,,,,,,,,,,,,,,,,,,,FAVHAO_clean,463.5
FAVHES_clean,4.81694,4.18094,4.81252,1.69685,756.814,446.011,0.0,0.0,0.4616,0.272033,0.0,Tb,Yes,Tb,clean,Y,Y,Y,,N,,,,,,,,,,,,,,,,,,,,,,FAVHES_clean,443.2
FAVHIW_clean,4.93663,4.37848,4.91876,1.68898,774.259,458.419,0.0,0.0,0.459,0.271762,0.0,Tb,Yes,Tb,clean,Y,Y,Y,,N,,,,,,,,,,,,,,,,,,,,,,FAVHIW_clean,477.7
FAVKAP_clean,6.87609,5.10388,6.87609,1.0919,2445.17,2239.37,0.0,0.0,0.6468,0.592361,0.0,Fe,Yes,Fe,clean,Y,Y,Y,,N,,,,,,,,,,,,,,,,,,,,,,FAVKAP_clean,135.9
FAWCEN02_SL,11.41573,3.43573,11.41573,0.924186,1463.4,1583.45,0.0,0.0,0.6478,0.700941,0.0,Zn,No, ,SL,Y,Y,Y,,N,,,,,,,,,,,,,,,,,,,,,,FAWCEN02_SL,288.2
FAYPAY_clean,12.90794,5.24047,12.8925,0.673936,2011.51,2984.72,0.0,0.0,0.742,1.10099,0.0,Zn,Yes,Zn,clean,Y,Y,Y,,N,,,,,,,,,,,,,,,,,,,,,,FAYPAY_clean,576.9
FAYPEC_clean,11.32938,4.75784,11.28719,0.745804,1782.19,2389.63,0.0,0.0,0.6898,0.924908,0.0,Zn,Yes,Zn,clean,Y,Y,Y,,N,,,,,,,,,,,,,,,,,,,,,,FAYPEC_clean,743.2
FAYPIG_clean,11.51198,6.01308,11.45567,0.74228,1782.59,2401.5,0.0,0.0,0.7098,0.956244,0.0,Zn,Yes,Zn,clean,Y,Y,Y,,N,,,,,,,,,,,,,,,,,,,,,,FAYPIG_clean,471.6
FAYPOM_clean,8.33734,7.34032,8.33734,0.888945,1770.92,1992.16,0.0,0.0,0.637,0.71658,0.0,Zn,No, ,clean,Y,Y,Y,,N,,,,,,,,,,,,,,,,,,,,,,FAYPOM_clean,516.1
FAYQAZ_clean,13.25092,5.37829,12.95797,0.797039,1583.25,1986.41,0.0,0.0,0.6806,0.85391,0.0,Zn,Yes,Zn,clean,Y,Y,Y,,N,,,,,,,,,,,,,,,,,,,,,,FAYQAZ_clean,580.7
FAYQED_clean,12.559,10.1499,12.53561,0.533674,1990.43,3729.68,0.0,0.0,0.7818,1.46494,0.0,Zn,Yes,Zn,clean,Y,Y,Y,,N,,,,,,,,,,,,,,,,,,,,,,FAYQED_clean,981.9
FAYQUT_clean,11.36736,8.26719,11.16554,0.777904,1704.81,2191.54,0.0,0.0,0.681,0.875429,0.0,Zn,Yes,Zn,clean,Y,Y,Y,,N,,,,,,,,,,,,,,,,,,,,,,FAYQUT_clean,3048.9
FAZFET_clean,6.57316,4.4573,6.55727,1.65256,1476.29,893.337,1.47172,0.89057,0.5356,0.324103,0.0,"V,Ge,Co",Yes,"V,Ge,Co",clean,Y,Y,Y,,N,,,,,,,,,,,,,,,,,,,,,,FAZFET_clean,2554.8
FAZPED_clean,7.63868,5.99081,7.63868,1.64589,749.747,455.527,0.0,0.0,0.4048,0.245946,0.0,Co,Yes,Co,clean,Y,Y,Y,,N,,,,,,,,,,,,,,,,,,,,,,FAZPED_clean,497.5
FAZZEM_clean,5.74693,4.41081,5.68235,2.16525,873.054,403.211,0.0,0.0,0.4638,0.214201,0.0,"Mo,La",Yes,"Mo,La",clean,N,Y,Y,,N,,,,,,,,,,,,,,,,,,,,,,FAZZEM_clean,319.0
FEBPUY_clean,5.08924,4.38524,5.07804,1.23823,1158.3,935.44,0.0,0.0,0.5392,0.435459,0.0,Cu,Yes,Cu,clean,Y,Y,Y,,N,,,,,,,,,,,,,,,,,,,,,,FEBPUY_clean,685.6
FEBXIV_clean,17.28638,15.74639,17.27933,0.293688,1491.04,5076.95,0.0,0.0,0.8788,2.99229,0.0,Cu,Yes,Cu,clean,Y,Y,Y,,N,,,,,,,,,,,,,,,,,,,,,,FEBXIV_clean,239.2
FECCIZ_clean,4.99663,3.47947,4.98801,1.68897,855.07,506.267,0.0,0.0,0.478,0.283012,0.0,Al,No, ,clean,Y,Y,Y,,N,,,,,,,,,,,,,,,,,,,,,,FECCIZ_clean,869.0
FECKAA_clean,5.54178,3.96898,5.52138,0.97764,1036.11,1059.8,74.179,75.8756,0.5832,0.596539,0.0,Zn,Yes,Zn,clean,Y,Y,Y,,N,,,,,,,,,,,,,,,,,,,,,,FECKAA_clean,821.3
FECXAO_clean,5.79137,4.59346,5.79018,0.989543,1846.09,1865.6,0.0,0.0,0.6174,0.623924,0.0,La,No, ,clean,Y,Y,Y,,N,,,,,,,,,,,,,,,,,,,,,,FECXAO_clean,727.8
FECXES_clean,10.76463,6.58995,10.58338,0.833076,2133.05,2560.44,0.0,0.0,0.7044,0.845541,0.0,Cu,Yes,Cu,clean,Y,Y,Y,,N,,,,,,,,,,,,,,,,,,,,,,FECXES_clean,1398.0
FECXUI_clean,10.09798,5.67724,10.08611,0.924829,2051.69,2218.46,0.0,0.0,0.69,0.746084,0.0,Zn,Yes,Zn,clean,Y,Y,Y,,N,,,,,,,,,,,,,,,,,,,,,,FECXUI_clean,708.6
FECYUJ_clean,9.54146,5.39642,9.54146,0.925869,2090.23,2257.59,1.94532,2.10107,0.6792,0.733581,0.0,Zn,Yes,Zn,clean,Y,Y,Y,,N,,,,,,,,,,,,,,,,,,,,,,FECYUJ_clean,618.7
FECZAQ_manual,8.47974,5.36674,8.47974,0.984083,2012.57,2045.13,0.0,0.0,0.6646,0.67535,0.0,Zn,No, ,manual,Y,Y,Y,,N,,,,,,,,,,,,,,,,,,,,,,FECZAQ_manual,323.0
FEDBEX_clean,5.54956,5.03901,5.54956,1.56747,1415.29,902.91,0.0,0.0,0.5562,0.354839,0.0,Tm,No, ,clean,Y,Y,Y,,N,,,,,,,,,,,,,,,,,,,,,,FEDBEX_clean,249.8
FEFCUQ_clean,8.87571,6.35025,8.74283,0.77796,2120.63,2725.88,0.0,0.0,0.673,0.865083,0.0,Zn,No, ,clean,Y,Y,Y,,N,,,,,,,,,,,,,,,,,,,,,,FEFCUQ_clean,158.1
FEFDAX_clean,7.78612,6.37885,7.6796,0.828568,2134.58,2576.23,0.0,0.0,0.6746,0.814176,0.0,Zn,No, ,clean,Y,Y,Y,,N,,,,,,,,,,,,,,,,,,,,,,FEFDAX_clean,162.6
FEFDEB_manual,13.10906,11.59751,13.10906,0.53928,2135.2,3959.36,0.0,0.0,0.77,1.42783,0.0,Zn,No, ,manual,Y,Y,Y,,N,,,,,,,,,,,,,,,,,,,,,,FEFDEB_manual,136.3
FEFZOF_clean,4.86334,3.89341,4.85268,1.78217,1115.48,625.914,0.0,0.0,0.5442,0.305359,0.0,"Hg,Co",Yes,Co,clean,N,Y,Y,,N,,,,,,,,,,,,,,,,,,,,,,FEFZOF_clean,128.0
FEGNIQ_clean,7.13681,4.81158,7.13681,1.15152,1310.71,1138.24,0.0,0.0,0.528,0.458524,0.0,Zn,No, ,clean,Y,Y,Y,,N,,,,,,,,,,,,,,,,,,,,,,FEGNIQ_clean,950.4
FEHCIG_manual,7.75569,7.04294,7.74271,0.956692,1636.76,1710.86,0.0,0.0,0.6308,0.659355,0.0,Zn,No, ,manual,Y,Y,Y,,N,,,,,,,,,,,,,,,,,,,,,,FEHCIG_manual,503.2
FEJDII01_clean,5.11637,4.26776,5.11637,1.65956,1220.45,735.403,0.0,0.0,0.5874,0.353949,0.0,Zn,No, ,clean,Y,Y,Y,,N,,,,,,,,,,,,,,,,,,,,,,FEJDII01_clean,435.6
FEJDII_clean,5.18964,4.3206,5.16791,1.64976,1282.11,777.148,0.0,0.0,0.607,0.367932,0.0,Zn,No, ,clean,Y,Y,Y,,N,,,,,,,,,,,,,,,,,,,,,,FEJDII_clean,748.2
FENROG_clean,5.38209,4.56613,5.38209,1.67781,1972.59,1175.69,0.0,0.0,0.6206,0.369888,0.0,Er,Yes,Er,clean,Y,Y,Y,,N,,,,,,,,,,,,,,,,,,,,,,FENROG_clean,214.9
FEQSIF_clean,9.23636,5.60978,9.22645,0.773392,2340.66,3026.49,0.0,0.0,0.7012,0.906656,0.0,Co,Yes,Co,clean,Y,Y,Y,,N,,,,,,,,,,,,,,,,,,,,,,FEQSIF_clean,395.9
FERHAN_clean,10.23981,6.40536,10.23981,0.784123,1831.24,2335.4,115.057,146.734,0.6978,0.889911,0.0,Zn,Yes,Zn,clean,Y,Y,Y,,N,,,,,,,,,,,,,,,,,,,,,,FERHAN_clean,258.4
FERVEF_clean,4.50859,3.42442,4.50859,2.0439,895.257,438.014,0.0,0.0,0.5236,0.256177,0.0,"Au,Fe",Yes,Au,clean,Y,Y,Y,,N,,,,,,,,,,,,,,,,,,,,,,FERVEF_clean,1140.7
FERVIJ_clean,4.83126,3.6773,4.83126,1.86686,1302.53,697.711,13.494,7.22817,0.5356,0.286899,0.0,"Au,Fe",Yes,Au,clean,Y,Y,Y,,N,,,,,,,,,,,,,,,,,,,,,,FERVIJ_clean,326.0
FERVUV_clean,4.63344,3.59285,4.63329,1.52979,1125.91,735.991,2.57897,1.68584,0.5188,0.339132,0.0,"Ag,Fe",Yes,Ag,clean,Y,Y,Y,,N,,,,,,,,,,,,,,,,,,,,,,FERVUV_clean,1206.7
FERWAC_clean,4.92077,3.87767,4.92014,1.42345,1457.89,1024.2,0.0,0.0,0.5614,0.394393,0.0,"Ag,Fe",Yes,Ag,clean,Y,Y,Y,,N,,,,,,,,,,,,,,,,,,,,,,FERWAC_clean,371.5
FESTUT_clean,4.58957,3.56818,4.49102,1.91412,810.164,423.257,0.0,0.0,0.5446,0.284517,0.0,Zn,No, ,clean,Y,Y,Y,,N,,,,,,,,,,,,,,,,,,,,,,FESTUT_clean,826.2
FEVSAC_clean,4.70494,3.78141,4.69575,1.30344,385.722,295.926,85.5055,65.5998,0.4704,0.36089,0.0,Rb,Yes,Rb,clean,N,Y,Y,,N,,,,,,,,,,,,,,,,,,,,,,FEVSAC_clean,320.0
FEWGUL_clean,4.38967,3.93713,4.357,1.63655,694.151,424.154,0.0,0.0,0.3828,0.233906,0.0,La,No, ,clean,Y,Y,Y,,N,,,,,,,,,,,,,,,,,,,,,,FEWGUL_clean,1323.6
FEWQIJ_manual,5.32147,5.14959,5.31527,2.34625,1158.3,493.681,0.0,0.0,0.4776,0.203559,0.0,"Dy,Cu",Yes,Cu,manual,Y,Y,Y,,N,,,,,,,,,,,,,,,,,,,,,,FEWQIJ_manual,1746.6
FEWQOP_clean,5.35536,5.19712,5.35116,2.28568,1163.85,509.19,0.0,0.0,0.467,0.204315,0.0,"Cu,Gd",Yes,Cu,clean,Y,Y,Y,,N,,,,,,,,,,,,,,,,,,,,,,FEWQOP_clean,630.4
FEWWOV_clean,6.50134,3.77167,6.50134,0.923858,1579.47,1709.64,0.0,0.0,0.5876,0.636029,0.0,Co,No, ,clean,Y,Y,Y,,N,,,,,,,,,,,,,,,,,,,,,,FEWWOV_clean,927.1
FEWWUB_clean,13.46293,4.10343,6.99036,0.839472,1304.99,1554.54,374.213,445.771,0.6142,0.731651,0.0,Fe,No, ,clean,Y,Y,Y,,N,,,,,,,,,,,,,,,,,,,,,,FEWWUB_clean,4576.2
FEXCES_clean,6.14892,5.48137,6.14892,1.01825,1528.57,1501.17,0.0,0.0,0.5802,0.569801,0.0,Co,Yes,Co,clean,Y,Y,Y,,N,,,,,,,,,,,,,,,,,,,,,,FEXCES_clean,926.4
FEYDET_clean,5.39172,4.60807,5.33792,1.74589,895.254,512.778,0.0,0.0,0.456,0.261185,0.0,In,No, ,clean,Y,Y,Y,,N,,,,,,,,,,,,,,,,,,,,,,FEYDET_clean,511.0
FEYJOJ_clean,6.25646,4.72399,6.2395,0.913381,2517.97,2756.76,0.0586414,0.0642026,0.6538,0.715802,0.0,Co,Yes,Co,clean,Y,Y,Y,,N,,,,,,,,,,,,,,,,,,,,,,FEYJOJ_clean,318.4
FEYQIK_clean,5.731,4.17822,5.71686,1.30044,1433.54,1102.35,0.0,0.0,0.5822,0.447694,0.0,Pr,Yes,Pr,clean,Y,Y,Y,,N,,,,,,,,,,,,,,,,,,,,,,FEYQIK_clean,258.9
FEZQEI_clean,5.828,5.10591,5.828,1.19338,806.933,676.177,0.0,0.0,0.487,0.408086,0.0,Ce,No, ,clean,Y,Y,Y,,N,,,,,,,,,,,,,,,,,,,,,,FEZQEI_clean,483.2
FEZREJ_clean,6.80795,5.29768,6.78405,1.3201,2032.7,1539.8,0.0,0.0,0.6256,0.473902,0.0,"Cd,Ba",Yes,Ba,clean,N,Y,Y,,N,,,,,,,,,,,,,,,,,,,,,,FEZREJ_clean,505.9
FEZTIP_clean,5.60935,4.76331,5.55768,1.11089,1381.78,1243.85,0.0,0.0,0.563,0.5068,0.0,Ca,Yes,Ca,clean,N,Y,Y,,N,,,,,,,,,,,,,,,,,,,,,,FEZTIP_clean,230.5
FIBHIJ_clean,5.3367,3.42361,5.26159,1.29192,845.674,654.588,0.0,0.0,0.5226,0.404515,0.0,Cu,Yes,Cu,clean,Y,Y,Y,,N,,,,,,,,,,,,,,,,,,,,,,FIBHIJ_clean,336.8
FIBKEI_clean,12.33456,6.95883,12.32864,0.708252,2274.88,3211.97,0.0,0.0,0.7362,1.03946,0.0,Cu,Yes,Cu,clean,Y,Y,Y,,N,,,,,,,,,,,,,,,,,,,,,,FIBKEI_clean,443.9
FIDRIV_clean,15.99327,15.90265,15.99327,0.698397,1517.46,2172.77,0.0,0.0,0.7102,1.0169,0.0,"Dy,Na",Yes,"Dy,Na",clean,Y,Y,Y,,N,,,,,,,,,,,,,,,,,,,,,,FIDRIV_clean,282.7
FIFGAE_clean,7.43152,6.20566,7.41957,0.862729,2447.09,2836.45,0.0,0.0,0.7008,0.812306,0.0,"In,Co",Yes,Co,clean,Y,Y,Y,,N,,,,,,,,,,,,,,,,,,,,,,FIFGAE_clean,315.6
FIFGEI_clean,16.15291,14.69313,16.15291,0.412792,1738.34,4211.18,0.0,0.0,0.8636,2.09209,0.0,In,Yes,In,clean,Y,Y,Y,,N,,,,,,,,,,,,,,,,,,,,,,FIFGEI_clean,190.7
FIFGIM_clean,12.64493,7.03976,9.83966,0.68535,2218.22,3236.63,0.0,0.0,0.7642,1.11505,0.0,"In,Zn",Yes,Zn,clean,Y,Y,Y,,N,,,,,,,,,,,,,,,,,,,,,,FIFGIM_clean,405.9
FIFMIS01_clean,4.81383,4.49281,4.81367,1.28928,625.276,484.979,115.997,89.97,0.4752,0.368577,0.0,Co,Yes,Co,clean,Y,Y,Y,,N,,,,,,,,,,,,,,,,,,,,,,FIFMIS01_clean,1325.8
FIFMIS_clean,4.83064,4.51142,4.83037,1.28879,636.461,493.845,117.284,91.0034,0.48,0.372443,0.0,Co,Yes,Co,clean,Y,Y,Y,,N,,,,,,,,,,,,,,,,,,,,,,FIFMIS_clean,1305.2
FIFMOX_clean,6.04512,4.24356,6.04078,0.977861,1901.41,1944.46,0.0,0.0,0.5916,0.604994,0.0,"Ag,Co",Yes,Ag,clean,Y,Y,Y,,N,,,,,,,,,,,,,,,,,,,,,,FIFMOX_clean,921.6
FIFMOY_clean,4.8407,4.42587,4.8407,1.29544,593.069,457.813,123.778,95.5491,0.468,0.361267,0.0,Co,Yes,Co,clean,Y,Y,Y,,N,,,,,,,,,,,,,,,,,,,,,,FIFMOY_clean,1309.3
FIFMUD_clean,5.99897,3.96607,5.98731,0.985465,1849.24,1876.51,1.01814,1.03316,0.5914,0.600123,0.0,"Ag,Fe",Yes,Ag,clean,Y,Y,Y,,N,,,,,,,,,,,,,,,,,,,,,,FIFMUD_clean,914.5
FIFNUE01_clean,4.79076,3.93215,4.75885,1.01704,1531.07,1505.43,0.0,0.0,0.567,0.557502,0.0,Co,Yes,Co,clean,Y,Y,Y,,N,,,,,,,,,,,,,,,,,,,,,,FIFNUE01_clean,219.6
FIFNUE_clean,4.8017,3.95118,4.74576,1.02025,1565.01,1533.95,0.0,0.0,0.5802,0.568687,0.0,Co,Yes,Co,clean,Y,Y,Y,,N,,,,,,,,,,,,,,,,,,,,,,FIFNUE_clean,226.6
FIFPAM01_clean,4.73813,3.78761,4.73813,1.03017,1649.03,1600.74,0.0,0.0,0.5794,0.562433,0.0,Ni,Yes,Ni,clean,Y,Y,Y,,N,,,,,,,,,,,,,,,,,,,,,,FIFPAM01_clean,229.8
FIFPAM_clean,4.72449,3.84654,4.62424,1.03535,1611.82,1556.78,0.0,0.0,0.5846,0.564637,0.0,Ni,Yes,Ni,clean,Y,Y,Y,,N,,,,,,,,,,,,,,,,,,,,,,FIFPAM_clean,221.3
FIHFAF_clean,6.24558,4.36754,6.24558,1.21214,1512.33,1247.65,0.0,0.0,0.5622,0.463807,0.0,Co,Yes,Co,clean,Y,Y,Y,,N,,,,,,,,,,,,,,,,,,,,,,FIHFAF_clean,1006.4
FIHRIZ_clean,6.70189,5.92513,6.34809,1.0601,1583.25,1493.5,0.0,0.0,0.594,0.560326,0.0,Ni,No, ,clean,Y,Y,Y,,N,,,,,,,,,,,,,,,,,,,,,,FIHRIZ_clean,345.0
FIJCUX01_clean,7.34002,6.13056,7.33722,1.22326,1581.46,1292.83,0.0,0.0,0.608,0.497033,0.0,Zn,Yes,Zn,clean,Y,Y,Y,,N,,,,,,,,,,,,,,,,,,,,,,FIJCUX01_clean,377.2
FIJDIM01_clean,5.82926,5.08135,5.82926,1.24507,1266.69,1017.36,0.0,0.0,0.5318,0.427125,0.0,Mn,Yes,Mn,clean,N,Y,Y,,N,,,,,,,,,,,,,,,,,,,,,,FIJDIM01_clean,739.4
FIJDIM02_clean,5.85717,5.09946,5.85717,1.24136,1271.74,1024.47,0.0,0.0,0.5328,0.429205,0.0,Mn,Yes,Mn,clean,N,Y,Y,,N,,,,,,,,,,,,,,,,,,,,,,FIJDIM02_clean,744.5
FIJDIM03_clean,5.87678,5.11703,5.87678,1.23925,1279.62,1032.57,0.0,0.0,0.5332,0.430259,0.0,Mn,Yes,Mn,clean,N,Y,Y,,N,,,,,,,,,,,,,,,,,,,,,,FIJDIM03_clean,744.7
FIJDIM04_clean,5.91316,5.13983,5.91316,1.23456,1288.47,1043.66,0.0,0.0,0.5342,0.432705,0.0,Mn,Yes,Mn,clean,N,Y,Y,,N,,,,,,,,,,,,,,,,,,,,,,FIJDIM04_clean,740.5
FIJDIM05_clean,5.94737,5.16221,5.94737,1.2314,1299.48,1055.29,0.0,0.0,0.534,0.433654,0.0,Mn,Yes,Mn,clean,N,Y,Y,,N,,,,,,,,,,,,,,,,,,,,,,FIJDIM05_clean,732.6
FIJDIM06_clean,5.98426,5.17875,5.98426,1.22798,1308.75,1065.77,0.0,0.0,0.5354,0.436,0.0,Mn,Yes,Mn,clean,N,Y,Y,,N,,,,,,,,,,,,,,,,,,,,,,FIJDIM06_clean,741.7
FIJDIM07_clean,6.01552,5.19329,6.01552,1.22701,1316.88,1073.24,0.0,0.0,0.5354,0.436345,0.0,Mn,Yes,Mn,clean,N,Y,Y,,N,,,,,,,,,,,,,,,,,,,,,,FIJDIM07_clean,741.3
FIJDIM08_clean,6.03525,5.21694,6.03525,1.22274,1324.94,1083.58,0.0,0.0,0.5378,0.43983,0.0,Mn,Yes,Mn,clean,N,Y,Y,,N,,,,,,,,,,,,,,,,,,,,,,FIJDIM08_clean,742.8
FIJDIM09_clean,6.04424,5.23566,6.03957,1.22037,1336.43,1095.1,0.0,0.0,0.5392,0.441833,0.0,Mn,Yes,Mn,clean,N,Y,Y,,N,,,,,,,,,,,,,,,,,,,,,,FIJDIM09_clean,737.1
FIJDIM10_clean,5.79441,4.98095,5.78067,1.23638,1249.85,1010.9,0.0,0.0,0.5298,0.428511,0.0,Mn,Yes,Mn,clean,N,Y,Y,,N,,,,,,,,,,,,,,,,,,,,,,FIJDIM10_clean,684.6
FIJDIM11_clean,5.83014,5.0814,5.83014,1.23386,1262.75,1023.41,0.0,0.0,0.5344,0.433111,0.0,Mn,Yes,Mn,clean,N,Y,Y,,N,,,,,,,,,,,,,,,,,,,,,,FIJDIM11_clean,709.7
FIJDIM12_clean,5.8948,5.11958,5.8948,1.23559,1318.02,1066.71,0.0,0.0,0.5368,0.434449,0.0,Mn,Yes,Mn,clean,N,Y,Y,,N,,,,,,,,,,,,,,,,,,,,,,FIJDIM12_clean,743.7
FIJDIM_clean,5.85157,5.09863,5.85157,1.24567,1280.47,1027.93,0.0,0.0,0.5282,0.424028,0.0,Mn,Yes,Mn,clean,N,Y,Y,,N,,,,,,,,,,,,,,,,,,,,,,FIJDIM_clean,728.8
FIJDOS_clean,11.71715,10.90932,11.71715,1.21946,1612.88,1322.61,0.0,0.0,0.6614,0.54237,0.0,Zn,Yes,Zn,clean,Y,Y,Y,,N,,,,,,,,,,,,,,,,,,,,,,FIJDOS_clean,282.9
FIJDUY_clean,5.11347,3.64709,5.11347,1.4525,1805.45,1242.99,0.0,0.0,0.5992,0.412529,0.0,Tb,Yes,Tb,clean,N,Y,Y,,N,,,,,,,,,,,,,,,,,,,,,,FIJDUY_clean,185.8
FIJFEK_manual,6.92559,6.57184,6.92559,1.58281,1548.76,978.488,0.0,0.0,0.5618,0.354939,0.0,Tb,No, ,manual,Y,Y,Y,,N,,,,,,,,,,,,,,,,,,,,,,FIJFEK_manual,223.1
FIJFUA_clean,6.58892,4.46794,6.58892,1.28412,1352.77,1053.46,0.0,0.0,0.5288,0.4118,0.0,Tb,Yes,Tb,clean,N,Y,Y,,N,,,,,,,,,,,,,,,,,,,,,,FIJFUA_clean,462.9
FIJXUR_clean,7.39108,4.72102,7.39108,1.5002,1093.27,728.749,0.0,0.0,0.506,0.337289,0.0,Cu,Yes,Cu,clean,N,Y,Y,,N,,,,,,,,,,,,,,,,,,,,,,FIJXUR_clean,448.3
FIJYED_clean,4.73259,3.98746,4.61177,1.90177,745.293,391.895,0.0,0.0,0.4318,0.227052,0.0,Al,No, ,clean,Y,Y,Y,,N,,,,,,,,,,,,,,,,,,,,,,FIJYED_clean,2169.2
FIJZEE_clean,7.37726,6.47542,7.37726,1.82096,874.8,480.405,0.0,0.0,0.4718,0.259093,0.0,Al,No, ,clean,Y,Y,Y,,N,,,,,,,,,,,,,,,,,,,,,,FIJZEE_clean,1999.8
FILYEG_clean,7.61133,5.3287,7.60971,1.06942,1916.91,1792.48,0.0,0.0,0.6258,0.585176,0.0,Co,Yes,Co,clean,Y,Y,Y,,N,,,,,,,,,,,,,,,,,,,,,,FILYEG_clean,352.5
FIMNIA_clean,8.67616,3.56541,8.61027,1.50156,1522.94,1014.24,0.0,0.0,0.6126,0.407975,0.0,Ag,Yes,Ag,clean,Y,Y,Y,,N,,,,,,,,,,,,,,,,,,,,,,FIMNIA_clean,411.2
FIMXUW_clean,4.96245,3.57593,4.95367,2.04735,760.785,371.594,0.0,0.0,0.4152,0.202798,0.0,La,Yes,La,clean,Y,Y,Y,,N,,,,,,,,,,,,,,,,,,,,,,FIMXUW_clean,344.5
FIMZAE_clean,8.7496,5.24839,8.73677,1.17241,1659.79,1415.71,0.0,0.0,0.6,0.511765,0.0,Cu,Yes,Cu,clean,Y,Y,Y,,N,,,,,,,,,,,,,,,,,,,,,,FIMZAE_clean,2964.8
FINQOK_clean,8.7337,4.60012,8.08289,1.3997,1628.14,1163.2,0.0,0.0,0.614,0.438665,0.0,Ag,Yes,Ag,clean,Y,Y,Y,,N,,,,,,,,,,,,,,,,,,,,,,FINQOK_clean,411.3
FINQUQ_clean,8.681,4.51126,8.681,1.41696,1585.78,1119.14,0.0,0.0,0.6192,0.436992,0.0,Ag,Yes,Ag,clean,Y,Y,Y,,N,,,,,,,,,,,,,,,,,,,,,,FINQUQ_clean,405.2
FIPJAR_clean,5.38201,3.65359,5.35586,1.48851,1135.66,762.952,0.0,0.0,0.5586,0.375274,0.0,Cd,Yes,Cd,clean,N,Y,Y,,N,,,,,,,,,,,,,,,,,,,,,,FIPJAR_clean,275.1
FIPKOG01_clean,6.5379,4.8064,6.53406,1.09146,1614.42,1479.13,0.0,0.0,0.5916,0.542026,0.0,Cd,No, ,clean,Y,Y,Y,,N,,,,,,,,,,,,,,,,,,,,,,FIPKOG01_clean,306.1
FIPKOG_clean,6.55849,4.8515,6.50444,1.08595,1635.33,1505.9,0.0,0.0,0.5862,0.539805,0.0,Cd,No, ,clean,Y,Y,Y,,N,,,,,,,,,,,,,,,,,,,,,,FIPKOG_clean,297.8
FIPKUM_clean,6.35636,4.74684,6.35358,1.04617,1413.94,1351.54,0.0,0.0,0.5724,0.547139,0.0,Zn,No, ,clean,Y,Y,Y,,N,,,,,,,,,,,,,,,,,,,,,,FIPKUM_clean,290.8
FIPWOS_clean,5.20561,3.82141,5.20561,1.29023,881.425,683.154,0.0,0.0,0.5118,0.396674,0.0,Zn,No, ,clean,Y,Y,Y,,N,,,,,,,,,,,,,,,,,,,,,,FIPWOS_clean,718.8
FIPXAF_clean,4.65881,3.97386,4.65881,1.34738,766.026,568.53,0.0,0.0,0.4744,0.35209,0.0,Zn,No, ,clean,Y,Y,Y,,N,,,,,,,,,,,,,,,,,,,,,,FIPXAF_clean,1311.7
FIPXEJ_clean,4.43579,3.68809,4.4295,1.35731,462.184,340.514,181.053,133.391,0.4954,0.364986,0.0,Zn,No, ,clean,Y,Y,Y,,N,,,,,,,,,,,,,,,,,,,,,,FIPXEJ_clean,468.6
FIQYOU_clean,4.72303,3.65899,4.72303,1.75011,750.863,429.037,0.0,0.0,0.4464,0.255069,0.0,Fe,No, ,clean,Y,Y,Y,,N,,,,,,,,,,,,,,,,,,,,,,FIQYOU_clean,307.6
FIQYUA_clean,4.6258,3.62649,4.60025,1.85684,696.0,374.831,0.0,0.0,0.4364,0.235023,0.0,Co,No, ,clean,Y,Y,Y,,N,,,,,,,,,,,,,,,,,,,,,,FIQYUA_clean,252.8
FIQZAH_clean,4.65627,3.68934,4.65627,1.93416,700.399,362.121,0.0,0.0,0.45,0.23266,0.0,Zn,No, ,clean,Y,Y,Y,,N,,,,,,,,,,,,,,,,,,,,,,FIQZAH_clean,315.4
FIRMUQ_clean,6.37918,5.90394,6.37918,0.804259,2580.98,3209.14,0.0,0.0,0.675,0.839282,0.0,Ni,Yes,Ni,clean,Y,Y,Y,,N,,,,,,,,,,,,,,,,,,,,,,FIRMUQ_clean,434.7
FIRNAX01_clean,7.03668,6.10812,7.03668,0.718413,2358.57,3283.03,0.0,0.0,0.7048,0.981051,0.0,Ni,Yes,Ni,clean,Y,Y,Y,,N,,,,,,,,,,,,,,,,,,,,,,FIRNAX01_clean,394.4
FIRNAX_clean,6.70534,6.02432,6.70378,0.728308,2391.07,3283.04,0.0,0.0,0.6994,0.960308,0.0,Ni,Yes,Ni,clean,Y,Y,Y,,N,,,,,,,,,,,,,,,,,,,,,,FIRNAX_clean,390.6
FIRNIF_clean,6.7853,6.06191,6.78493,0.71467,2582.63,3613.74,0.0,0.0,0.693,0.969679,0.0,Ni,Yes,Ni,clean,Y,Y,Y,,N,,,,,,,,,,,,,,,,,,,,,,FIRNIF_clean,398.4
FIRNOL_clean,6.1215,5.54396,6.11958,0.794887,2656.05,3341.42,0.0,0.0,0.6666,0.838609,0.0,Ni,Yes,Ni,clean,Y,Y,Y,,N,,,,,,,,,,,,,,,,,,,,,,FIRNOL_clean,552.4
FIRNUR_clean,6.62054,6.03585,6.61701,0.714161,2609.57,3654.03,0.0,0.0,0.6944,0.97233,0.0,Ni,Yes,Ni,clean,Y,Y,Y,,N,,,,,,,,,,,,,,,,,,,,,,FIRNUR_clean,481.0
FIRPAZ_clean,7.15818,6.15135,7.14286,0.673811,2389.65,3546.47,0.0,0.0,0.7144,1.06024,0.0,Ni,Yes,Ni,clean,Y,Y,Y,,N,,,,,,,,,,,,,,,,,,,,,,FIRPAZ_clean,382.6
FIRZOX_clean,8.47321,7.4886,8.47321,1.47389,1193.71,809.905,0.0,0.0,0.5488,0.372348,0.0,"Cu,Ce",Yes,Cu,clean,Y,Y,Y,,N,,,,,,,,,,,,,,,,,,,,,,FIRZOX_clean,380.5
FITGEW_clean,9.86717,4.17287,8.68985,1.08823,1175.78,1080.45,0.0,0.0,0.5382,0.494564,0.0,Ni,Yes,Ni,clean,Y,Y,Y,,N,,,,,,,,,,,,,,,,,,,,,,FITGEW_clean,724.6
FITHIA_clean,4.35737,3.84524,4.35737,1.27732,941.275,736.915,0.0,0.0,0.4314,0.337739,0.0,Sc,Yes,Sc,clean,Y,Y,Y,,N,,,,,,,,,,,,,,,,,,,,,,FITHIA_clean,1011.6
FIVNAZ_clean,4.57167,3.52743,4.40749,2.12433,1354.32,637.526,0.0,0.0,0.5842,0.275004,0.0,Ho,Yes,Ho,clean,Y,Y,Y,,N,,,,,,,,,,,,,,,,,,,,,,FIVNAZ_clean,140.8
FIVQOR_clean,4.63823,4.0753,4.63823,2.18775,1209.41,552.809,0.0,0.0,0.4796,0.219221,0.0,Ga,Yes,Ga,clean,Y,Y,Y,,N,,,,,,,,,,,,,,,,,,,,,,FIVQOR_clean,1908.7
FIVYEP01_clean,5.69673,4.73568,5.69673,2.0333,1245.18,612.394,0.0,0.0,0.4572,0.224856,0.0,"K,U",Yes,K,clean,Y,Y,Y,,N,,,,,,,,,,,,,,,,,,,,,,FIVYEP01_clean,227.5
FIVYEP_clean,5.69894,4.7333,5.69894,2.0333,1248.63,614.092,0.0,0.0,0.458,0.22525,0.0,"K,U",Yes,K,clean,Y,Y,Y,,N,,,,,,,,,,,,,,,,,,,,,,FIVYEP_clean,229.3
FIVYUF_clean,4.68091,3.50866,4.67789,1.41648,465.948,328.948,0.0,0.0,0.4326,0.305405,0.0,Sn,No, ,clean,Y,Y,Y,,N,,,,,,,,,,,,,,,,,,,,,,FIVYUF_clean,817.5
FIXVUE_clean,10.80219,6.73703,10.80219,1.60539,1740.78,1084.34,0.0,0.0,0.6236,0.388442,0.0,"Cu,Ag,Au",Yes,"Cu,Ag,Au",clean,Y,Y,Y,,N,,,,,,,,,,,,,,,,,,,,,,FIXVUE_clean,334.4
FIYDOH_clean,4.62011,3.85906,4.62011,1.58881,555.753,349.792,0.0,0.0,0.3874,0.24383,0.0,"V,Co",Yes,"V,Co",clean,Y,Y,Y,,N,,,,,,,,,,,,,,,,,,,,,,FIYDOH_clean,304.0
FIZPOV_clean,6.69877,5.40684,6.69877,0.878608,2365.02,2691.78,0.0,0.0,0.6734,0.766439,0.0,Zn,Yes,Zn,clean,Y,Y,Y,,N,,,,,,,,,,,,,,,,,,,,,,FIZPOV_clean,682.8
FOBNAN_clean,8.70901,6.58612,8.70709,0.867344,2020.64,2329.69,0.0,0.0,0.6644,0.766017,0.0,Dy,Yes,Dy,clean,Y,Y,Y,,N,,,,,,,,,,,,,,,,,,,,,,FOBNAN_clean,413.8
FOCZAA_clean,4.86095,4.4492,4.8459,1.39709,775.702,555.227,0.0,0.0,0.452,0.32353,0.0,Nd,No, ,clean,Y,Y,Y,,N,,,,,,,,,,,,,,,,,,,,,,FOCZAA_clean,413.1
FOFCOU_clean,4.8597,4.4269,4.8597,1.38069,783.577,567.528,0.0,0.0,0.4546,0.329257,0.0,Ce,No, ,clean,Y,Y,Y,,N,,,,,,,,,,,,,,,,,,,,,,FOFCOU_clean,410.9
FOFHAK_clean,4.16875,3.58203,4.16875,2.15496,1011.75,469.5,0.0,0.0,0.4808,0.223114,0.0,"Ga,Mn",Yes,Mn,clean,Y,Y,Y,,N,,,,,,,,,,,,,,,,,,,,,,FOFHAK_clean,1460.0
FOFTIF_clean,6.9711,4.44534,6.9711,1.09535,1552.88,1417.7,0.0,0.0,0.5846,0.533709,0.0,Cd,Yes,Cd,clean,Y,Y,Y,,N,,,,,,,,,,,,,,,,,,,,,,FOFTIF_clean,381.5
FOFTUR_clean,6.77119,4.51348,6.77119,1.0583,1552.58,1467.05,0.0,0.0,0.588,0.555606,0.0,Cd,Yes,Cd,clean,Y,Y,Y,,N,,,,,,,,,,,,,,,,,,,,,,FOFTUR_clean,367.9
FOHCIP_clean,4.96285,4.14038,4.9303,1.87592,1245.59,663.988,0.0,0.0,0.5966,0.318031,0.0,"Cd,Hg",Yes,Cd,clean,N,Y,Y,,N,,,,,,,,,,,,,,,,,,,,,,FOHCIP_clean,130.0
FOHQUO_clean,4.34506,3.45753,4.34017,1.59314,531.012,333.311,0.0,0.0,0.4696,0.294764,0.0,"Sr,Co",Yes,"Sr,Co",clean,Y,Y,Y,,N,,,,,,,,,,,,,,,,,,,,,,FOHQUO_clean,203.7
FOJKIA_clean,5.14315,4.1527,5.13924,1.07093,1386.95,1295.08,0.0,0.0,0.5272,0.492281,0.0,Mg,No, ,clean,Y,Y,Y,,N,,,,,,,,,,,,,,,,,,,,,,FOJKIA_clean,679.4
FOJLOH_clean,7.23927,6.67302,7.23927,0.822249,1870.22,2274.52,0.0,0.0,0.6338,0.770813,0.0,Zn,Yes,Zn,clean,Y,Y,Y,,N,,,,,,,,,,,,,,,,,,,,,,FOJLOH_clean,442.2
FOKWIN_clean,4.14624,3.73304,4.14504,1.37748,413.35,300.078,0.0,0.0,0.4306,0.312601,0.0,Co,No, ,clean,Y,Y,Y,,N,,,,,,,,,,,,,,,,,,,,,,FOKWIN_clean,244.3
FOKYEL_clean,8.8968,8.56106,8.8968,1.19075,983.087,825.606,363.949,305.648,0.581,0.48793,0.0,Pr,Yes,Pr,clean,Y,Y,Y,,N,,,,,,,,,,,,,,,,,,,,,,FOKYEL_clean,1218.5
FOKYIP_clean,5.79638,3.84056,5.66635,1.22762,1981.83,1614.37,0.0,0.0,0.5912,0.481583,0.0,Nd,Yes,Nd,clean,Y,Y,Y,,N,,,,,,,,,,,,,,,,,,,,,,FOKYIP_clean,2101.4
FOLLEZ_clean,4.11323,3.75301,4.10779,1.67795,655.16,390.454,0.0,0.0,0.4424,0.263656,0.0,"Cd,Mg",Yes,Mg,clean,N,Y,Y,,N,,,,,,,,,,,,,,,,,,,,,,FOLLEZ_clean,849.7
FOMWOV_clean,7.41662,4.5384,7.41662,0.990309,1837.3,1855.28,0.0,0.0,0.6302,0.636367,0.0,Zn,No, ,clean,Y,Y,Y,,N,,,,,,,,,,,,,,,,,,,,,,FOMWOV_clean,873.4
FONKEA_clean,4.68396,3.93383,4.68242,1.69201,643.159,380.115,0.0,0.0,0.4636,0.273994,0.0,Cd,Yes,Cd,clean,Y,Y,Y,,N,,,,,,,,,,,,,,,,,,,,,,FONKEA_clean,331.7
FONPUV_clean,5.63348,5.082,5.6238,1.54253,959.017,621.718,0.0,0.0,0.4556,0.29536,0.0,Zn,Yes,Zn,clean,Y,Y,Y,,N,,,,,,,,,,,,,,,,,,,,,,FONPUV_clean,1340.6
FONQIJ_clean,4.70842,3.66843,4.69527,1.05376,821.167,779.27,0.0,0.0,0.51,0.483979,0.0,"Na,Mn",Yes,"Na,Mn",clean,N,Y,Y,,N,,,,,,,,,,,,,,,,,,,,,,FONQIJ_clean,381.4
FOPBAP_clean,5.87537,3.57797,5.87537,1.84319,650.747,353.054,0.0,0.0,0.4432,0.240452,0.0,Cd,Yes,Cd,clean,Y,Y,Y,,N,,,,,,,,,,,,,,,,,,,,,,FOPBAP_clean,340.9
FOQPAE_clean,6.29792,5.29972,6.23782,1.24637,1399.4,1122.77,0.0,0.0,0.5656,0.453796,0.0,Cu,Yes,Cu,clean,Y,Y,Y,,N,,,,,,,,,,,,,,,,,,,,,,FOQPAE_clean,231.7
FORKUU_clean,13.26482,11.33443,13.26482,0.597503,2329.13,3898.11,0.0,0.0,0.7474,1.25087,0.0,"Zn,Si",No, ,clean,Y,Y,Y,,N,,,,,,,,,,,,,,,,,,,,,,FORKUU_clean,234.9
FORPIM_clean,9.59156,4.26108,9.59156,1.02718,2184.13,2126.33,0.0,0.0,0.709,0.690238,0.0,La,Yes,La,clean,Y,Y,Y,,N,,,,,,,,,,,,,,,,,,,,,,FORPIM_clean,158.1
FORPOS_clean,9.45347,4.25355,9.45336,1.03837,2182.11,2101.49,0.0,0.0,0.7034,0.677411,0.0,Ce,Yes,Ce,clean,Y,Y,Y,,N,,,,,,,,,,,,,,,,,,,,,,FORPOS_clean,153.4
FORPUY_clean,9.42246,3.59342,9.42246,1.13071,1908.86,1688.19,0.0,0.0,0.6696,0.592195,0.0,Nd,Yes,Nd,clean,Y,Y,Y,,N,,,,,,,,,,,,,,,,,,,,,,FORPUY_clean,176.3
FORQAF_clean,9.35233,4.33657,9.35233,1.04043,2153.98,2070.28,0.0,0.0,0.6962,0.669144,0.0,La,Yes,La,clean,Y,Y,Y,,N,,,,,,,,,,,,,,,,,,,,,,FORQAF_clean,164.8
FORQEJ_clean,9.63063,4.26523,9.63063,1.03635,2192.11,2115.22,0.0,0.0,0.6976,0.67313,0.0,Ce,Yes,Ce,clean,Y,Y,Y,,N,,,,,,,,,,,,,,,,,,,,,,FORQEJ_clean,154.5
FORQIN_clean,9.58088,4.20865,9.58088,1.06074,2156.73,2033.24,0.0,0.0,0.7006,0.660485,0.0,Nd,Yes,Nd,clean,Y,Y,Y,,N,,,,,,,,,,,,,,,,,,,,,,FORQIN_clean,152.5
FORTIR_clean,7.46367,6.87207,7.46367,0.921652,1895.01,2056.1,0.0,0.0,0.6264,0.679649,0.0,"Cd,Zn",Yes,Cd,clean,Y,Y,Y,,N,,,,,,,,,,,,,,,,,,,,,,FORTIR_clean,1553.5
FORTUD_clean,17.46562,10.38181,17.46523,0.786041,1513.55,1925.54,116.509,148.223,0.691,0.879089,0.0,Zn,Yes,Zn,clean,Y,Y,Y,,N,,,,,,,,,,,,,,,,,,,,,,FORTUD_clean,771.2
FOSTUE_clean,13.09568,7.43748,13.09568,0.582855,2174.14,3730.15,0.0,0.0,0.7556,1.29638,0.0,In,No, ,clean,Y,Y,Y,,N,,,,,,,,,,,,,,,,,,,,,,FOSTUE_clean,2493.8
FOTNIN_clean,33.62157,29.92948,33.55545,0.240324,765.124,3183.71,0.0,0.0,0.9206,3.83066,0.0,Zr,Yes,Zr,clean,Y,Y,Y,,N,,,,,,,,,,,,,,,,,,,,,,FOTNIN_clean,121.9
FOVPEN_clean,6.90856,3.45436,6.49799,1.14952,1115.5,970.402,0.0,0.0,0.525,0.45671,0.0,Ag,Yes,Ag,clean,Y,Y,Y,,N,,,,,,,,,,,,,,,,,,,,,,FOVPEN_clean,496.2
FOVPOX_clean,5.86564,3.51663,5.02799,1.32713,811.807,611.702,0.0,0.0,0.504,0.379767,0.0,Cd,Yes,Cd,clean,Y,Y,Y,,N,,,,,,,,,,,,,,,,,,,,,,FOVPOX_clean,493.2
FOVPUD_clean,5.92888,3.43151,5.75387,1.33896,878.863,656.376,0.0,0.0,0.4994,0.372975,0.0,Cd,Yes,Cd,clean,Y,Y,Y,,N,,,,,,,,,,,,,,,,,,,,,,FOVPUD_clean,477.7
FOWTOC_clean,5.29743,3.61946,5.29013,1.16444,1132.68,972.722,0.0,0.0,0.4982,0.427845,0.0,Nd,No, ,clean,Y,Y,Y,,N,,,,,,,,,,,,,,,,,,,,,,FOWTOC_clean,563.5
FOXHUX_clean,5.2601,3.59083,5.25053,1.14964,1141.44,992.863,0.0,0.0,0.4984,0.433527,0.0,La,No, ,clean,Y,Y,Y,,N,,,,,,,,,,,,,,,,,,,,,,FOXHUX_clean,543.1
FOXNIQ_clean,5.68172,4.34787,5.68172,1.93205,592.227,306.527,51.4334,26.6211,0.4372,0.226288,0.0,"Gd,Co",Yes,Gd,clean,Y,Y,Y,,N,,,,,,,,,,,,,,,,,,,,,,FOXNIQ_clean,314.3
FUBDAI_clean,8.13737,7.41793,8.13713,1.22976,2049.34,1666.45,0.0,0.0,0.6726,0.546935,0.0,Zn,No, ,clean,Y,Y,Y,,N,,,,,,,,,,,,,,,,,,,,,,FUBDAI_clean,1373.3
FUBDEM_clean,8.59245,7.9025,8.57984,1.19129,2067.73,1735.7,0.0,0.0,0.6832,0.573495,0.0,Zn,No, ,clean,Y,Y,Y,,N,,,,,,,,,,,,,,,,,,,,,,FUBDEM_clean,429.3
FUBDIQ_clean,8.11684,7.23133,8.11684,1.24691,2021.29,1621.04,0.0,0.0,0.6644,0.532838,0.0,Zn,No, ,clean,Y,Y,Y,,N,,,,,,,,,,,,,,,,,,,,,,FUBDIQ_clean,1370.7
FUBNOH_clean,4.81179,3.53828,4.81179,1.32608,706.882,533.061,0.0,0.0,0.4668,0.352014,0.0,Zn,No, ,clean,Y,Y,Y,,N,,,,,,,,,,,,,,,,,,,,,,FUBNOH_clean,506.7
FUDGES_clean,7.76038,5.54861,7.76038,0.846504,2469.98,2917.86,0.0,0.0,0.7118,0.84087,0.0,Zn,Yes,Zn,clean,Y,Y,Y,,N,,,,,,,,,,,,,,,,,,,,,,FUDGES_clean,306.1
FUDHAP_clean,7.29309,6.51816,7.28407,0.803706,2501.45,3112.39,0.0,0.0,0.7112,0.8849,0.0,Co,Yes,Co,clean,Y,Y,Y,,N,,,,,,,,,,,,,,,,,,,,,,FUDHAP_clean,239.3
FUDHET_clean,7.05179,4.74765,7.05179,0.905742,2494.35,2753.93,0.0,0.0,0.6642,0.733321,0.0,Co,Yes,Co,clean,Y,Y,Y,,N,,,,,,,,,,,,,,,,,,,,,,FUDHET_clean,628.8
FUHMOM_clean,5.53443,4.01054,5.50524,1.19557,1378.79,1153.25,0.0,0.0,0.5554,0.464549,0.0,"Ca,Zn",Yes,Ca,clean,N,Y,Y,,N,,,,,,,,,,,,,,,,,,,,,,FUHMOM_clean,835.0
FUHNED_clean,6.48528,4.12203,6.4155,1.3617,1522.72,1118.25,0.0,0.0,0.5858,0.430197,0.0,"Ba,Zn",Yes,Ba,clean,N,Y,Y,,N,,,,,,,,,,,,,,,,,,,,,,FUHNED_clean,806.0
FUHNIH_clean,5.52821,3.42388,5.52134,1.16361,1148.32,986.858,0.0,0.0,0.5352,0.459948,0.0,"Na,Zn",Yes,"Na,Zn",clean,Y,Y,Y,,N,,,,,,,,,,,,,,,,,,,,,,FUHNIH_clean,599.7
FULQOT_clean,5.67142,3.50634,5.66877,1.72182,1110.34,644.862,0.0,0.0,0.4972,0.288764,0.0,Gd,Yes,Gd,clean,N,Y,Y,,N,,,,,,,,,,,,,,,,,,,,,,FULQOT_clean,533.2
FULQUZ_clean,5.87633,5.25314,5.79727,1.51981,1332.09,876.486,0.0,0.0,0.5216,0.3432,0.0,La,Yes,La,clean,N,Y,Y,,N,,,,,,,,,,,,,,,,,,,,,,FULQUZ_clean,442.5
FUMHOL_clean,4.68606,3.56586,4.60097,1.64124,1221.33,744.153,0.0,0.0,0.5528,0.336819,0.0,"Mo,Cs,Sm",Yes,"Cs,Sm",clean,N,Y,Y,,N,,,,,,,,,,,,,,,,,,,,,,FUMHOL_clean,172.7
FUMJAA_clean,6.69521,5.2041,6.68616,1.12957,2214.41,1960.41,0.0,0.0,0.6298,0.557558,0.0,Cd,Yes,Cd,clean,Y,Y,Y,,N,,,,,,,,,,,,,,,,,,,,,,FUMJAA_clean,516.5
FUNBAS_clean,6.30412,4.59254,6.30412,1.11042,1258.26,1133.14,0.0,0.0,0.5296,0.476938,0.0,Zn,No, ,clean,Y,Y,Y,,N,,,,,,,,,,,,,,,,,,,,,,FUNBAS_clean,326.8
FUNCAT_clean,9.48772,8.77545,9.48772,0.930198,1473.55,1584.13,0.0,0.0,0.6084,0.654055,0.0,Zn,No, ,clean,Y,Y,Y,,N,,,,,,,,,,,,,,,,,,,,,,FUNCAT_clean,282.5
FUNCEX_clean,13.21557,12.47689,13.21557,0.543761,1970.91,3624.58,0.0,0.0,0.7842,1.44218,0.0,Zn,Yes,Zn,clean,Y,Y,Y,,N,,,,,,,,,,,,,,,,,,,,,,FUNCEX_clean,146.1
FUNFOL_clean,9.5586,7.20173,9.50846,0.864162,1603.61,1855.68,0.0,0.0,0.6396,0.740139,0.0,Co,Yes,Co,clean,Y,Y,Y,,N,,,,,,,,,,,,,,,,,,,,,,FUNFOL_clean,214.7
FUNGAY_clean,5.61963,3.40645,5.61963,1.09956,890.548,809.916,0.30381,0.276303,0.5202,0.4731,0.0,Co,Yes,Co,clean,Y,Y,Y,,N,,,,,,,,,,,,,,,,,,,,,,FUNGAY_clean,516.0
FUNLAD_clean,6.24379,4.83507,6.24379,1.06947,1236.73,1156.4,0.0,0.0,0.53,0.495574,0.0,Zn,No, ,clean,Y,Y,Y,,N,,,,,,,,,,,,,,,,,,,,,,FUNLAD_clean,1190.3
FUQJUX_clean,12.69722,8.47633,12.65144,0.718278,2115.98,2945.9,0.0,0.0,0.7464,1.03915,0.0,Cu,Yes,Cu,clean,Y,Y,Y,,N,,,,,,,,,,,,,,,,,,,,,,FUQJUX_clean,711.4
FURFIJ01_clean,4.13712,3.42264,4.1139,1.63785,320.686,195.797,0.0,0.0,0.4366,0.266569,0.0,Cd,Yes,Cd,clean,N,Y,Y,,N,,,,,,,,,,,,,,,,,,,,,,FURFIJ01_clean,275.0
FURFIJ_clean,4.1371,3.42264,4.11394,1.63785,321.866,196.518,0.0,0.0,0.4366,0.266569,0.0,Cd,Yes,Cd,clean,N,Y,Y,,N,,,,,,,,,,,,,,,,,,,,,,FURFIJ_clean,271.3
FURFOP_clean,4.93892,3.56519,4.93892,1.22098,496.28,406.459,457.279,374.517,0.5202,0.42605,0.0,Zn,No, ,clean,Y,Y,Y,,N,,,,,,,,,,,,,,,,,,,,,,FURFOP_clean,580.8
FURQOZ01_ion_b,9.28425,8.43309,9.28425,1.37609,1096.56,796.865,0.0,0.0,0.5274,0.383259,0.0,Ag,Yes,Ag,ion_b,Y,Y,Y,,N,,,,,,,,,,,,,,,,,,,,,,FURQOZ01_ion_b,357.4
FURQUF_ion_b,8.81158,7.98715,8.81158,1.41389,1094.82,774.331,0.0,0.0,0.5082,0.359435,0.0,Ag,Yes,Ag,ion_b,Y,Y,Y,,N,,,,,,,,,,,,,,,,,,,,,,FURQUF_ion_b,350.5
FURRAM_clean,10.403,9.40744,10.403,1.04916,1635.25,1558.63,0.0,0.0,0.6366,0.606772,0.0,Ag,Yes,Ag,clean,Y,Y,Y,,N,,,,,,,,,,,,,,,,,,,,,,FURRAM_clean,221.7
FURREQ_clean,10.33776,9.35961,10.33776,1.05489,1621.43,1537.05,0.0,0.0,0.6312,0.598353,0.0,Ag,Yes,Ag,clean,Y,Y,Y,,N,,,,,,,,,,,,,,,,,,,,,,FURREQ_clean,222.8
FURRIU_clean,11.05152,9.97547,11.05152,0.995058,1664.82,1673.09,0.0,0.0,0.6552,0.658454,0.0,Ag,Yes,Ag,clean,Y,Y,Y,,N,,,,,,,,,,,,,,,,,,,,,,FURRIU_clean,224.3
FURROA_clean,11.58923,10.47029,11.58875,1.00075,1596.28,1595.09,0.0,0.0,0.6602,0.659706,0.0,Ag,Yes,Ag,clean,Y,Y,Y,,N,,,,,,,,,,,,,,,,,,,,,,FURROA_clean,227.3
FURRUG01_ion_b,7.84736,6.96591,7.84736,1.57752,739.057,468.494,0.0,0.0,0.4582,0.290456,0.0,Ag,Yes,Ag,ion_b,Y,Y,Y,,N,,,,,,,,,,,,,,,,,,,,,,FURRUG01_ion_b,369.9
FURRUG_ion_b,8.32809,6.43068,8.32781,1.55213,780.748,503.018,0.0,0.0,0.4718,0.30397,0.0,Ag,Yes,Ag,ion_b,Y,Y,Y,,N,,,,,,,,,,,,,,,,,,,,,,FURRUG_ion_b,385.4
FURSES_clean,5.13622,4.08548,4.9972,1.59979,1236.67,773.017,0.0,0.0,0.4932,0.30829,0.0,Cu,Yes,Cu,clean,Y,Y,Y,,N,,,,,,,,,,,,,,,,,,,,,,FURSES_clean,381.9
FUSGOR_clean,5.22313,4.14656,5.21824,1.4906,1212.59,813.493,0.0,0.0,0.5048,0.338655,0.0,Co,Yes,Co,clean,Y,Y,Y,,N,,,,,,,,,,,,,,,,,,,,,,FUSGOR_clean,374.9
FUSMEM_clean,10.20459,9.2057,10.20459,1.06882,1617.37,1513.23,0.0,0.0,0.6304,0.589811,0.0,Ag,Yes,Ag,clean,Y,Y,Y,,N,,,,,,,,,,,,,,,,,,,,,,FUSMEM_clean,223.4
FUSMIQ_clean,10.44819,9.48819,10.44819,1.0407,1643.53,1579.26,0.0,0.0,0.6404,0.615354,0.0,Ag,Yes,Ag,clean,Y,Y,Y,,N,,,,,,,,,,,,,,,,,,,,,,FUSMIQ_clean,224.5
FUSMOW_clean,10.54817,9.56428,10.54817,1.03431,1651.72,1596.94,0.0,0.0,0.643,0.621671,0.0,Ag,Yes,Ag,clean,Y,Y,Y,,N,,,,,,,,,,,,,,,,,,,,,,FUSMOW_clean,223.0
FUSMUC_clean,10.39839,9.40181,10.39839,1.04415,1643.14,1573.66,0.0,0.0,0.6396,0.612553,0.0,Ag,Yes,Ag,clean,Y,Y,Y,,N,,,,,,,,,,,,,,,,,,,,,,FUSMUC_clean,225.6
FUSNAJ_clean,10.8347,9.87565,10.8347,1.0024,1663.43,1659.45,0.0,0.0,0.6588,0.657225,0.0,Ag,Yes,Ag,clean,Y,Y,Y,,N,,,,,,,,,,,,,,,,,,,,,,FUSNAJ_clean,225.2
FUSNEN_clean,10.85037,9.87705,10.85037,0.997622,1665.26,1669.23,0.0,0.0,0.6604,0.661974,0.0,Ag,Yes,Ag,clean,Y,Y,Y,,N,,,,,,,,,,,,,,,,,,,,,,FUSNEN_clean,224.2
FUSNIR_clean,11.70294,10.66498,11.70294,1.01253,1536.34,1517.33,0.0,0.0,0.6416,0.633661,0.0,Ag,Yes,Ag,clean,Y,Y,Y,,N,,,,,,,,,,,,,,,,,,,,,,FUSNIR_clean,222.9
FUSQUH_clean,6.74859,4.59542,6.74676,1.05193,1186.33,1127.76,0.0,0.0,0.5202,0.49452,0.0,Co,No, ,clean,Y,Y,Y,,N,,,,,,,,,,,,,,,,,,,,,,FUSQUH_clean,1104.8
FUTCAZ_clean,6.78768,5.03504,6.78768,0.817663,2795.18,3418.5,0.0,0.0,0.708,0.865883,0.0,Mn,Yes,Mn,clean,N,Y,Y,,N,,,,,,,,,,,,,,,,,,,,,,FUTCAZ_clean,115.3
FUTDII_clean,10.10622,8.60837,10.10622,0.871632,1521.24,1745.28,0.0,0.0,0.6404,0.734713,0.0,Fe,Yes,Fe,clean,Y,Y,Y,,N,,,,,,,,,,,,,,,,,,,,,,FUTDII_clean,275.7
FUTKEL_manual,6.71846,5.39444,6.71589,0.983709,1614.06,1640.79,0.0,0.0,0.5708,0.580253,0.0,Zn,Yes,Zn,manual,Y,Y,Y,,N,,,,,,,,,,,,,,,,,,,,,,FUTKEL_manual,373.2
FUTTIZ_clean,12.85599,4.31062,12.85599,0.737111,2140.97,2904.54,0.0,0.0,0.7318,0.992795,0.0,Zn,Yes,Zn,clean,Y,Y,Y,,N,,,,,,,,,,,,,,,,,,,,,,FUTTIZ_clean,1645.7
FUTYEA_clean,5.60643,4.51803,5.59058,1.0369,2090.75,2016.34,0.0,0.0,0.6318,0.609316,0.0,Zn,Yes,Zn,clean,Y,Y,Y,,N,,,,,,,,,,,,,,,,,,,,,,FUTYEA_clean,311.0
FUTYOK_clean,6.0154,4.82285,5.99433,1.02626,1867.85,1820.05,0.0,0.0,0.6442,0.627713,0.0,Zn,No, ,clean,Y,Y,Y,,N,,,,,,,,,,,,,,,,,,,,,,FUTYOK_clean,254.4
FUTYUQ_clean,7.46662,4.79581,7.42523,1.0101,2335.64,2312.29,0.0,0.0,0.6514,0.644887,0.0,Zn,Yes,Zn,clean,N,Y,Y,,N,,,,,,,,,,,,,,,,,,,,,,FUTYUQ_clean,1695.2
FUTZAX_clean,6.70042,6.11185,6.67865,0.956816,2069.71,2163.12,0.0,0.0,0.6692,0.699403,0.0,Zn,Yes,Zn,clean,Y,Y,Y,,N,,,,,,,,,,,,,,,,,,,,,,FUTZAX_clean,221.8
FUTZEB_clean,5.24587,4.08263,5.23555,1.0782,1939.66,1798.98,0.0,0.0,0.611,0.566685,0.0,Zn,Yes,Zn,clean,Y,Y,Y,,N,,,,,,,,,,,,,,,,,,,,,,FUTZEB_clean,546.7
FUTZOK_clean,4.72075,4.28777,4.72075,1.63519,1202.62,735.465,19.983,12.2206,0.5424,0.331705,0.0,Gd,Yes,Gd,clean,Y,Y,Y,,N,,,,,,,,,,,,,,,,,,,,,,FUTZOK_clean,228.5
FUTZOL_clean,9.30232,6.36524,9.14367,0.891296,2041.5,2290.48,0.0,0.0,0.6794,0.762261,0.0,Zn,Yes,Zn,clean,Y,Y,Y,,N,,,,,,,,,,,,,,,,,,,,,,FUTZOL_clean,1457.2
FUVBAB_clean,5.41797,4.41204,5.39267,1.02127,2112.61,2068.61,0.0,0.0,0.6324,0.619229,0.0,Zn,Yes,Zn,clean,Y,Y,Y,,N,,,,,,,,,,,,,,,,,,,,,,FUVBAB_clean,303.1
FUVDEH06_clean,6.60161,5.99656,6.60161,1.76662,404.855,229.169,0.0,0.0,0.3004,0.170042,0.0,Zn,Yes,Zn,clean,Y,Y,Y,,N,,,,,,,,,,,,,,,,,,,,,,FUVDEH06_clean,837.1
FUVDEH07_clean,6.60769,6.00286,6.60769,1.79524,402.026,223.94,0.0,0.0,0.2898,0.161427,0.0,Zn,Yes,Zn,clean,Y,Y,Y,,N,,,,,,,,,,,,,,,,,,,,,,FUVDEH07_clean,859.0
FUVDEH08_clean,6.59075,5.99281,6.59075,1.83217,393.9,214.991,0.0,0.0,0.278,0.151733,0.0,Zn,Yes,Zn,clean,Y,Y,Y,,N,,,,,,,,,,,,,,,,,,,,,,FUVDEH08_clean,858.7
FUVFUZ_clean,6.56118,5.97328,6.56118,1.8467,394.83,213.803,0.0,0.0,0.2718,0.147181,0.0,Zn,Yes,Zn,clean,Y,Y,Y,,N,,,,,,,,,,,,,,,,,,,,,,FUVFUZ_clean,813.2
FUVGAG01_clean,6.51649,5.95918,6.51649,1.88251,388.784,206.525,0.0,0.0,0.2612,0.138751,0.0,Zn,Yes,Zn,clean,Y,Y,Y,,N,,,,,,,,,,,,,,,,,,,,,,FUVGAG01_clean,881.1
FUVGAG_clean,6.54806,5.98797,6.54806,1.86856,393.33,210.499,0.0,0.0,0.2642,0.141392,0.0,Zn,Yes,Zn,clean,Y,Y,Y,,N,,,,,,,,,,,,,,,,,,,,,,FUVGAG_clean,821.0
FUWFIO_clean,7.45171,4.92598,7.05573,1.06861,2012.96,1883.72,0.0,0.0,0.6538,0.611823,0.0,Cd,Yes,Cd,clean,Y,Y,Y,,N,,,,,,,,,,,,,,,,,,,,,,FUWFIO_clean,431.0
FUWXOL_SL,4.76594,4.4337,4.74254,1.49774,1245.43,831.539,0.0,0.0,0.5154,0.344119,0.0,Zn,No, ,SL,Y,Y,Y,,N,,,,,,,,,,,,,,,,,,,,,,FUWXOL_SL,861.9
FUWYAY_clean,4.00169,3.86741,4.00169,1.98354,581.815,293.322,0.0,0.0,0.4022,0.202769,0.0,Mn,Yes,Mn,clean,Y,Y,Y,,N,,,,,,,,,,,,,,,,,,,,,,FUWYAY_clean,324.6
FUXCOS_clean,4.8198,4.16045,4.8198,1.4521,612.494,421.799,0.0,0.0,0.4284,0.295021,0.0,Ag,No, ,clean,Y,Y,Y,,N,,,,,,,,,,,,,,,,,,,,,,FUXCOS_clean,391.5
FUXXIH_clean,10.16266,8.68185,10.16266,0.899748,1582.07,1758.35,0.0,0.0,0.6434,0.715089,0.0,Ni,Yes,Ni,clean,Y,Y,Y,,N,,,,,,,,,,,,,,,,,,,,,,FUXXIH_clean,678.3
FUYCEJ_clean,4.90132,3.779,4.87424,0.834486,2400.21,2876.28,0.217355,0.260466,0.6646,0.796418,0.0,Ti,No, ,clean,Y,Y,Y,,N,,,,,,,,,,,,,,,,,,,,,,FUYCEJ_clean,675.6
FUYCIN_clean,11.38543,11.12419,11.3774,0.437316,1877.39,4292.99,0.0,0.0,0.832,1.90251,0.0,V,No, ,clean,Y,Y,Y,,N,,,,,,,,,,,,,,,,,,,,,,FUYCIN_clean,141.0
FUYKER_clean,6.42799,4.66248,6.41167,1.2058,1179.26,977.987,0.0,0.0,0.5038,0.417814,0.0,Mn,Yes,Mn,clean,Y,Y,Y,,N,,,,,,,,,,,,,,,,,,,,,,FUYKER_clean,734.5
FUZPUN_clean,4.74703,3.54387,4.71052,1.02013,1169.51,1146.44,0.0,0.0,0.5838,0.572282,0.0,Ni,No, ,clean,Y,Y,Y,,N,,,,,,,,,,,,,,,,,,,,,,FUZPUN_clean,1264.5
GACBOE_clean,6.66763,4.36115,6.66763,1.04515,2329.85,2229.2,0.0,0.0,0.6722,0.64316,0.0,Cd,Yes,Cd,clean,Y,Y,Y,,N,,,,,,,,,,,,,,,,,,,,,,GACBOE_clean,712.0
GACPUX_clean,5.9525,3.77259,5.85811,1.02185,1638.86,1603.82,0.0,0.0,0.614,0.600871,0.0,Zn,Yes,Zn,clean,Y,Y,Y,,N,,,,,,,,,,,,,,,,,,,,,,GACPUX_clean,219.1
GACQAE_clean,8.56972,8.26373,8.56972,0.874357,2020.35,2310.67,0.0,0.0,0.694,0.793726,0.0,Zn,Yes,Zn,clean,Y,Y,Y,,N,,,,,,,,,,,,,,,,,,,,,,GACQAE_clean,300.0
GACVIS_clean,7.02111,6.32962,7.02111,1.11473,2097.73,1881.83,0.0,0.0,0.6286,0.563903,0.0,Ni,Yes,Ni,clean,Y,Y,Y,,N,,,,,,,,,,,,,,,,,,,,,,GACVIS_clean,205.6
GADDOH_clean,8.41895,4.83802,8.38301,1.2132,1718.46,1416.47,0.0,0.0,0.6166,0.508243,0.0,La,Yes,La,clean,N,Y,Y,,N,,,,,,,,,,,,,,,,,,,,,,GADDOH_clean,269.3
GADFAV_clean,5.86066,4.67676,5.86066,1.79494,889.419,495.515,0.0,0.0,0.4512,0.251373,0.0,La,Yes,La,clean,Y,Y,Y,,N,,,,,,,,,,,,,,,,,,,,,,GADFAV_clean,715.7
GADMAA01_clean,8.25017,6.95114,8.25017,1.49914,1053.4,702.671,0.37233,0.248363,0.576,0.38422,0.0,"Gd,Zn",Yes,Zn,clean,Y,Y,Y,,N,,,,,,,,,,,,,,,,,,,,,,GADMAA01_clean,224.7
GADMAA_clean,8.30223,7.00364,8.30223,1.50475,1042.04,692.502,0.0,0.0,0.5772,0.383584,0.0,"Gd,Zn",Yes,Zn,clean,Y,Y,Y,,N,,,,,,,,,,,,,,,,,,,,,,GADMAA_clean,236.9
GADNUX_clean,15.43787,6.70397,14.77017,0.729552,2339.56,3206.84,0.0,0.0,0.7494,1.02721,0.0,Cu,Yes,Cu,clean,Y,Y,Y,,N,,,,,,,,,,,,,,,,,,,,,,GADNUX_clean,1729.6
GADRAH_clean,6.6659,5.14076,6.6659,1.16041,1633.36,1407.57,0.0,0.0,0.5642,0.486207,0.0,"Na,Co",Yes,"Na,Co",clean,N,Y,Y,,N,,,,,,,,,,,,,,,,,,,,,,GADRAH_clean,447.8
GAFROX_clean,10.38317,5.82029,10.02176,0.765244,2450.36,3202.06,0.0,0.0,0.7244,0.946626,0.0,Zn,Yes,Zn,clean,Y,Y,Y,,N,,,,,,,,,,,,,,,,,,,,,,GAFROX_clean,560.2
GAFRUD_clean,10.59453,5.69918,10.59344,0.768776,2454.62,3192.89,0.0,0.0,0.7144,0.929269,0.0,Cu,Yes,Cu,clean,Y,Y,Y,,N,,,,,,,,,,,,,,,,,,,,,,GAFRUD_clean,503.9
GAGQAI_clean,15.6839,9.81587,15.64212,0.743275,1280.66,1723.0,458.409,616.743,0.721,0.970032,0.0,Fe,Yes,Fe,clean,Y,Y,Y,,N,,,,,,,,,,,,,,,,,,,,,,GAGQAI_clean,320.6
GAGSUF_clean,13.27563,13.09101,13.27563,1.53244,1385.3,903.983,0.0,0.0,0.652,0.425465,0.0,Th,Yes,Th,clean,Y,Y,Y,,N,,,,,,,,,,,,,,,,,,,,,,GAGSUF_clean,176.6
GAGZEV_clean,28.66522,11.53771,28.66522,0.279149,1594.77,5712.98,0.0,0.0,0.8816,3.15817,0.0,Cu,Yes,Cu,clean,Y,Y,Y,,N,,,,,,,,,,,,,,,,,,,,,,GAGZEV_clean,230.4
GAHWIX_clean,10.08038,7.17794,10.08038,0.589363,2617.83,4441.79,0.0,0.0,0.7728,1.31125,0.0,Zn,Yes,Zn,clean,Y,Y,Y,,N,,,,,,,,,,,,,,,,,,,,,,GAHWIX_clean,686.8
GAHXUL_clean,5.28974,3.50395,5.28106,1.05699,1056.2,999.25,0.0,0.0,0.5634,0.533021,0.0,Ag,Yes,Ag,clean,Y,Y,Y,,N,,,,,,,,,,,,,,,,,,,,,,GAHXUL_clean,283.2
GAJYUN_clean,4.85568,4.28663,4.65881,1.5312,1091.56,712.879,0.0,0.0,0.5342,0.348877,0.0,Ce,Yes,Ce,clean,Y,Y,Y,,N,,,,,,,,,,,,,,,,,,,,,,GAJYUN_clean,356.8
GAJZAU_clean,4.80108,4.30234,4.80108,1.51624,1143.74,754.324,0.0,0.0,0.5456,0.359838,0.0,Pr,Yes,Pr,clean,Y,Y,Y,,N,,,,,,,,,,,,,,,,,,,,,,GAJZAU_clean,365.6
GAJZEY_clean,4.80464,4.28777,4.80464,1.53408,1142.39,744.678,0.0,0.0,0.5448,0.355132,0.0,Nd,Yes,Nd,clean,Y,Y,Y,,N,,,,,,,,,,,,,,,,,,,,,,GAJZEY_clean,460.9
GAJZIC_clean,4.74189,4.18269,4.74189,1.58149,1144.61,723.756,0.0,0.0,0.5442,0.344106,0.0,Sm,Yes,Sm,clean,Y,Y,Y,,N,,,,,,,,,,,,,,,,,,,,,,GAJZIC_clean,469.4
GAJZOI_clean,4.76043,4.22431,4.76043,1.6231,1140.51,702.673,0.0,0.0,0.5414,0.333559,0.0,Gd,Yes,Gd,clean,Y,Y,Y,,N,,,,,,,,,,,,,,,,,,,,,,GAJZOI_clean,474.9
GAJZUO_clean,4.67022,4.137,4.66388,1.35819,1115.52,821.33,0.0,0.0,0.5302,0.390373,0.0,Y,Yes,Y,clean,Y,Y,Y,,N,,,,,,,,,,,,,,,,,,,,,,GAJZUO_clean,508.9
GAKBAX_clean,4.75047,4.21764,4.75047,1.60269,1138.62,710.445,0.0,0.0,0.5414,0.337808,0.0,Eu,Yes,Eu,clean,Y,Y,Y,,N,,,,,,,,,,,,,,,,,,,,,,GAKBAX_clean,477.9
GALCAZ_clean,7.51924,6.97754,7.50411,1.17363,1179.25,1004.78,0.0,0.0,0.5068,0.431822,0.0,Zn,Yes,Zn,clean,Y,Y,Y,,N,,,,,,,,,,,,,,,,,,,,,,GALCAZ_clean,515.2
GALHOS_ion_b,10.40242,4.28813,10.40242,0.962357,1197.69,1244.54,67.8044,70.4566,0.5764,0.598946,0.0,In,No, ,ion_b,Y,Y,Y,,N,,,,,,,,,,,,,,,,,,,,,,GALHOS_ion_b,391.2
GALJAG_clean,7.13587,6.98688,7.13339,0.8258,2198.4,2662.15,0.0,0.0,0.6726,0.814482,0.0,In,No, ,clean,Y,Y,Y,,N,,,,,,,,,,,,,,,,,,,,,,GALJAG_clean,523.1
GAMFEI_clean,7.53059,4.20216,7.34521,1.13363,1510.82,1332.73,0.0,0.0,0.5782,0.510042,0.0,Cu,Yes,Cu,clean,Y,Y,Y,,N,,,,,,,,,,,,,,,,,,,,,,GAMFEI_clean,397.8
GAMXAV_clean,12.82817,4.31562,12.82817,0.868866,1783.25,2052.39,0.0,0.0,0.6754,0.777335,0.0,Cu,Yes,Cu,clean,Y,Y,Y,,N,,,,,,,,,,,,,,,,,,,,,,GAMXAV_clean,475.1
GAPNOD_clean,6.6565,4.84778,6.65444,1.74449,1900.25,1089.29,0.0,0.0,0.644,0.369162,0.0,U,Yes,U,clean,N,Y,Y,,N,,,,,,,,,,,,,,,,,,,,,,GAPNOD_clean,209.0
GAQYIH_clean,20.25844,8.96976,15.7736,0.559917,2127.26,3799.24,0.0,0.0,0.8486,1.51558,0.0,Cd,Yes,Cd,clean,Y,Y,Y,,N,,,,,,,,,,,,,,,,,,,,,,GAQYIH_clean,226.4
GARLAP_clean,5.58892,4.38006,5.58663,1.1363,1527.33,1344.12,0.0,0.0,0.5756,0.506555,0.0,La,Yes,La,clean,Y,Y,Y,,N,,,,,,,,,,,,,,,,,,,,,,GARLAP_clean,602.6
GARLET_clean,5.53835,4.38226,5.51111,1.15379,1524.15,1321.0,0.0,0.0,0.573,0.496625,0.0,Pr,Yes,Pr,clean,Y,Y,Y,,N,,,,,,,,,,,,,,,,,,,,,,GARLET_clean,657.8
GARLIX_clean,5.51894,4.34952,5.51894,1.16479,1506.37,1293.26,0.0,0.0,0.5712,0.49039,0.0,Nd,Yes,Nd,clean,Y,Y,Y,,N,,,,,,,,,,,,,,,,,,,,,,GARLIX_clean,658.1
GARLOD_clean,5.48563,4.3317,5.48563,1.18591,1487.56,1254.36,0.0,0.0,0.5682,0.479126,0.0,Sm,Yes,Sm,clean,Y,Y,Y,,N,,,,,,,,,,,,,,,,,,,,,,GARLOD_clean,641.0
GARLUJ_clean,5.47258,4.30508,5.46713,1.19194,1490.51,1250.49,0.0,0.0,0.5688,0.477205,0.0,Eu,Yes,Eu,clean,Y,Y,Y,,N,,,,,,,,,,,,,,,,,,,,,,GARLUJ_clean,648.7
GARMAQ_clean,5.4678,4.29561,5.44556,1.2061,1479.57,1226.74,0.0,0.0,0.5666,0.469779,0.0,Gd,Yes,Gd,clean,Y,Y,Y,,N,,,,,,,,,,,,,,,,,,,,,,GARMAQ_clean,664.2
GARQAU_clean,7.22233,4.73121,7.22233,1.05141,1110.85,1056.54,0.0,0.0,0.5324,0.50637,0.0,Zn,No, ,clean,Y,Y,Y,,N,,,,,,,,,,,,,,,,,,,,,,GARQAU_clean,991.2
GARSUQ_clean,4.38052,3.88796,4.36788,1.61033,1121.78,696.613,0.0,0.0,0.4852,0.301304,0.0,Eu,Yes,Eu,clean,Y,Y,Y,,N,,,,,,,,,,,,,,,,,,,,,,GARSUQ_clean,706.5
GARTAX_clean,4.45838,3.94557,4.41836,1.61624,1125.98,696.667,0.0,0.0,0.4868,0.301193,0.0,Gd,Yes,Gd,clean,Y,Y,Y,,N,,,,,,,,,,,,,,,,,,,,,,GARTAX_clean,822.6
GARTEB_clean,4.30272,3.79858,4.29463,1.63832,1104.37,674.089,0.0,0.0,0.4846,0.295792,0.0,Tb,Yes,Tb,clean,Y,Y,Y,,N,,,,,,,,,,,,,,,,,,,,,,GARTEB_clean,654.4
GARTIF_clean,4.43647,3.87557,4.43647,1.65372,1132.95,685.091,0.0,0.0,0.471,0.284812,0.0,Dy,Yes,Dy,clean,Y,Y,Y,,N,,,,,,,,,,,,,,,,,,,,,,GARTIF_clean,767.0
GARTUR_clean,11.12255,10.84777,11.12255,1.34756,1641.0,1217.75,0.0,0.0,0.6774,0.502685,0.0,"Zn,Ga",Yes,Zn,clean,Y,Y,Y,,N,,,,,,,,,,,,,,,,,,,,,,GARTUR_clean,924.0
GASSEB_clean,5.64924,4.02494,5.64854,0.918331,1776.39,1934.36,0.0,0.0,0.633,0.689294,0.0,Zn,Yes,Zn,clean,N,Y,Y,,N,,,,,,,,,,,,,,,,,,,,,,GASSEB_clean,366.3
GASSUR_clean,7.13166,6.36797,7.11779,1.0643,1692.45,1590.2,0.0,0.0,0.616,0.578785,0.0,Zn,Yes,Zn,clean,Y,Y,Y,,N,,,,,,,,,,,,,,,,,,,,,,GASSUR_clean,289.3
GAVYAG_clean,5.30344,3.91416,5.17667,1.18769,1076.26,906.183,0.0,0.0,0.5266,0.443383,0.0,Zn,Yes,Zn,clean,Y,Y,Y,,N,,,,,,,,,,,,,,,,,,,,,,GAVYAG_clean,843.5
GAWCUF_clean,5.14591,3.62459,5.10569,1.20211,1101.2,916.058,0.0,0.0,0.5036,0.418931,0.0,Co,No, ,clean,Y,Y,Y,,N,,,,,,,,,,,,,,,,,,,,,,GAWCUF_clean,655.8
GAWLIB_clean,7.30469,6.9637,7.3003,1.77656,565.048,318.057,10.6196,5.97759,0.4542,0.255662,0.0,Tb,Yes,Tb,clean,Y,Y,Y,,N,,,,,,,,,,,,,,,,,,,,,,GAWLIB_clean,433.1
GAWMOJ_clean,9.85959,7.82076,9.85959,0.707147,2014.24,2848.41,0.0,0.0,0.7242,1.02411,0.0,Zn,Yes,Zn,clean,Y,Y,Y,,N,,,,,,,,,,,,,,,,,,,,,,GAWMOJ_clean,189.0
GAXDIS10_clean,5.63603,3.80534,5.63603,1.31969,1996.73,1513.03,0.0,0.0,0.6636,0.502846,0.0,Cd,Yes,Cd,clean,Y,Y,Y,,N,,,,,,,,,,,,,,,,,,,,,,GAXDIS10_clean,130.7
GAXKOH_clean,9.78617,8.86105,9.78617,0.959935,1692.37,1763.0,0.0,0.0,0.6186,0.644419,0.0,"Cd,K",Yes,Cd,clean,Y,Y,Y,,N,,,,,,,,,,,,,,,,,,,,,,GAXKOH_clean,347.7
GAXQIH_clean,5.17093,4.52481,5.06299,1.36553,783.142,573.505,0.0,0.0,0.4372,0.320168,0.0,Ni,No, ,clean,Y,Y,Y,,N,,,,,,,,,,,,,,,,,,,,,,GAXQIH_clean,268.3
GAYFUJ_clean,5.68191,5.17685,5.68191,1.29989,1899.11,1460.97,0.0,0.0,0.6252,0.480962,0.0,Cd,Yes,Cd,clean,Y,Y,Y,,N,,,,,,,,,,,,,,,,,,,,,,GAYFUJ_clean,569.9
GAYGAQ_clean_h,5.42545,4.61164,5.42545,1.32331,1222.55,923.858,0.0,0.0,0.5596,0.42288,0.0,Cu,Yes,Cu,clean_h,N,Y,Y,,N,,,,,,,,,,,,,,,,,,,,,,GAYGAQ_clean_h,446.4
GAYPED_clean,9.58074,6.82289,7.89267,0.900136,2106.29,2339.97,0.0,0.0,0.6514,0.723668,0.0,Co,Yes,Co,clean,Y,Y,Y,,N,,,,,,,,,,,,,,,,,,,,,,GAYPED_clean,230.5
GAYTEH_ion_b,7.25944,3.65684,7.23718,1.37181,1135.72,827.897,0.0,0.0,0.497,0.362294,0.0,"Cu,Na",Yes,Cu,ion_b,N,Y,Y,,N,,,,,,,,,,,,,,,,,,,,,,GAYTEH_ion_b,2120.9
GAZLAW_clean,5.89078,3.42545,5.89078,1.13599,1083.97,954.205,0.0,0.0,0.5156,0.453877,0.0,"Na,Co",No, ,clean,Y,Y,Y,,N,,,,,,,,,,,,,,,,,,,,,,GAZLAW_clean,312.5
GEBCAT_clean,7.82822,4.28279,7.82194,1.50818,1191.52,790.035,0.0,0.0,0.4616,0.306064,0.0,"K,Co",Yes,K,clean,Y,Y,Y,,N,,,,,,,,,,,,,,,,,,,,,,GEBCAT_clean,359.5
GEDDAW_clean,10.55388,8.11262,10.55388,0.996818,2113.88,2120.63,0.0,0.0,0.7028,0.705043,0.0,Co,Yes,Co,clean,Y,Y,Y,,N,,,,,,,,,,,,,,,,,,,,,,GEDDAW_clean,216.5
GEDDEA_clean,10.13591,3.81582,10.13591,1.29721,1601.1,1234.26,0.0,0.0,0.591,0.455593,0.0,Ni,Yes,Ni,clean,Y,Y,Y,,N,,,,,,,,,,,,,,,,,,,,,,GEDDEA_clean,475.0
GEDQIR_clean,6.54643,4.98654,6.54643,1.05474,2262.59,2145.17,0.0,0.0,0.6334,0.600529,0.0,Nd,Yes,Nd,clean,Y,Y,Y,,N,,,,,,,,,,,,,,,,,,,,,,GEDQIR_clean,604.1
GEDQOX_clean,6.45005,4.67913,6.43264,1.07947,2326.66,2155.37,0.0,0.0,0.632,0.585473,0.0,Nd,Yes,Nd,clean,Y,Y,Y,,N,,,,,,,,,,,,,,,,,,,,,,GEDQOX_clean,329.4
GEDRAK_clean,5.77362,3.92842,5.19693,1.15636,2398.21,2073.93,0.0,0.0,0.6018,0.520425,0.0,Nd,Yes,Nd,clean,Y,Y,Y,,N,,,,,,,,,,,,,,,,,,,,,,GEDRAK_clean,743.6
GEDROY_clean,5.0096,3.45081,4.98262,1.23925,1556.79,1256.24,20.5089,16.5495,0.5694,0.459473,0.0,Nd,Yes,Nd,clean,Y,Y,Y,,N,,,,,,,,,,,,,,,,,,,,,,GEDROY_clean,543.3
GEDRUE_clean,6.04452,4.23776,6.03554,1.11864,2304.55,2060.12,0.0,0.0,0.6118,0.546912,0.0,Nd,Yes,Nd,clean,Y,Y,Y,,N,,,,,,,,,,,,,,,,,,,,,,GEDRUE_clean,355.6
GEDSAL_clean,5.44628,3.82645,5.44628,1.17011,2237.72,1912.41,0.0,0.0,0.5966,0.509868,0.0,Nd,Yes,Nd,clean,Y,Y,Y,,N,,,,,,,,,,,,,,,,,,,,,,GEDSAL_clean,764.4
GEDSEP_clean,4.82283,3.73359,4.81042,1.38544,1023.08,738.448,0.0,0.0,0.5156,0.372155,0.0,Nd,Yes,Nd,clean,Y,Y,Y,,N,,,,,,,,,,,,,,,,,,,,,,GEDSEP_clean,1187.5
GEDSOZ_clean,6.10424,4.23086,6.10424,1.10708,2330.43,2105.02,0.0,0.0,0.618,0.558223,0.0,Nd,Yes,Nd,clean,Y,Y,Y,,N,,,,,,,,,,,,,,,,,,,,,,GEDSOZ_clean,354.6
GEDSUF_clean,6.8646,4.02613,6.8646,1.20789,1460.83,1209.4,0.0,0.0,0.5606,0.464115,0.0,Nd,Yes,Nd,clean,Y,Y,Y,,N,,,,,,,,,,,,,,,,,,,,,,GEDSUF_clean,486.9
GEDTAM_clean,6.16288,4.28316,6.16288,1.08963,2317.05,2126.45,0.0,0.0,0.629,0.577258,0.0,Nd,Yes,Nd,clean,Y,Y,Y,,N,,,,,,,,,,,,,,,,,,,,,,GEDTAM_clean,334.9
GEFYUN_clean,6.73786,6.27962,6.66229,1.04811,1399.46,1335.23,0.0,0.0,0.5478,0.522657,0.0,Cu,No, ,clean,Y,Y,Y,,N,,,,,,,,,,,,,,,,,,,,,,GEFYUN_clean,415.8
GEFZAU_clean,6.43441,5.83045,6.43102,0.991134,1373.29,1385.58,0.0,0.0,0.5466,0.55149,0.0,Cu,No, ,clean,Y,Y,Y,,N,,,,,,,,,,,,,,,,,,,,,,GEFZAU_clean,407.0
GEGDED_clean,10.73095,6.57358,10.72652,0.838883,2111.23,2516.71,0.0,0.0,0.6964,0.830152,0.0,Cu,Yes,Cu,clean,Y,Y,Y,,N,,,,,,,,,,,,,,,,,,,,,,GEGDED_clean,1407.8
GEGGEG01_clean,4.4734,3.53731,4.46972,1.51151,780.594,516.434,0.0,0.0,0.4522,0.299171,0.0,Co,Yes,Co,clean,N,Y,Y,,N,,,,,,,,,,,,,,,,,,,,,,GEGGEG01_clean,1466.9
GEGGIK01_clean,4.44976,3.51616,4.44506,1.53378,754.006,491.601,0.0,0.0,0.45,0.293393,0.0,Co,Yes,Co,clean,N,Y,Y,,N,,,,,,,,,,,,,,,,,,,,,,GEGGIK01_clean,1512.9
GEGGIK_clean,4.4635,3.52722,4.4561,1.51854,764.891,503.702,0.0,0.0,0.4512,0.297128,0.0,Co,Yes,Co,clean,N,Y,Y,,N,,,,,,,,,,,,,,,,,,,,,,GEGGIK_clean,1438.6
GEGGUW_clean,4.63719,3.51738,4.44195,1.53214,779.383,508.688,0.0,0.0,0.4588,0.29945,0.0,"Ni,Co",Yes,"Ni,Co",clean,N,Y,Y,,N,,,,,,,,,,,,,,,,,,,,,,GEGGUW_clean,1475.7
GEGHAD_clean,4.65392,3.51526,4.65392,1.53055,804.048,525.333,0.0,0.0,0.4664,0.304727,0.0,Ni,Yes,Ni,clean,N,Y,Y,,N,,,,,,,,,,,,,,,,,,,,,,GEGHAD_clean,1467.7
GEJJEL01_clean,4.95342,3.83497,4.95342,1.99384,910.263,456.538,0.0,0.0,0.4388,0.220078,0.0,Nd,Yes,Nd,clean,Y,Y,Y,,N,,,,,,,,,,,,,,,,,,,,,,GEJJEL01_clean,269.5
GEKVEZ_clean,4.60932,3.49419,4.2137,1.75988,1163.32,661.023,0.0,0.0,0.526,0.298883,0.0,"Mo,Yb,Cs",Yes,"Yb,Cs",clean,N,Y,Y,,N,,,,,,,,,,,,,,,,,,,,,,GEKVEZ_clean,201.6
GEPDEM_clean,4.09249,3.45067,4.09249,1.44433,525.305,363.701,0.0,0.0,0.487,0.33718,0.0,Zn,Yes,Zn,clean,Y,Y,Y,,N,,,,,,,,,,,,,,,,,,,,,,GEPDEM_clean,250.9
GERNOI_clean,6.93892,3.80818,6.45255,1.05982,1273.96,1202.05,0.0,0.0,0.5412,0.510651,0.0,Zn,No, ,clean,Y,Y,Y,,N,,,,,,,,,,,,,,,,,,,,,,GERNOI_clean,857.4
GERPUP_clean,8.51519,7.38328,8.51519,1.47529,1095.68,742.686,1.06498,0.721878,0.5678,0.384873,0.0,"Cu,Sm",Yes,Cu,clean,Y,Y,Y,,N,,,,,,,,,,,,,,,,,,,,,,GERPUP_clean,231.2
GERWEH_clean,9.16485,6.64251,9.16485,1.11428,1571.66,1410.47,39.9079,35.815,0.625,0.560902,0.0,"Cu,Si",Yes,Cu,clean,Y,Y,Y,,N,,,,,,,,,,,,,,,,,,,,,,GERWEH_clean,454.8
GESDUF_clean,7.63383,7.44692,7.63383,1.05439,936.707,888.384,0.0,0.0,0.5408,0.512901,0.0,Co,Yes,Co,clean,Y,Y,Y,,N,,,,,,,,,,,,,,,,,,,,,,GESDUF_clean,339.0
GESFAN_clean,7.57798,7.34904,7.57798,1.05603,938.983,889.166,0.0,0.0,0.5286,0.500556,0.0,Ni,Yes,Ni,clean,Y,Y,Y,,N,,,,,,,,,,,,,,,,,,,,,,GESFAN_clean,343.1
GESNOI_clean,6.41874,3.48818,6.41739,1.68473,668.393,396.736,0.0,0.0,0.4826,0.286455,0.0,Nd,Yes,Nd,clean,Y,Y,Y,,N,,,,,,,,,,,,,,,,,,,,,,GESNOI_clean,387.3
GEVXIQ_clean,5.46888,4.61181,5.39982,1.67855,1326.24,790.111,0.0,0.0,0.5498,0.327545,0.0,Gd,Yes,Gd,clean,Y,Y,Y,,N,,,,,,,,,,,,,,,,,,,,,,GEVXIQ_clean,209.2
GEWXAJ_clean,4.82967,4.48576,4.82967,1.6967,607.999,358.342,0.0,0.0,0.4016,0.236695,0.0,Cu,Yes,Cu,clean,Y,Y,Y,,N,,,,,,,,,,,,,,,,,,,,,,GEWXAJ_clean,319.7
GEZRAG_clean,7.97174,5.12774,7.97032,1.15353,2068.35,1793.06,0.0,0.0,0.6172,0.535054,0.0,Co,Yes,Co,clean,Y,Y,Y,,N,,,,,,,,,,,,,,,,,,,,,,GEZRAG_clean,4644.3
GEZYOB_clean,5.97203,4.53159,5.97203,1.47469,1908.41,1294.11,0.0,0.0,0.5414,0.367128,0.0,V,No, ,clean,Y,Y,Y,,N,,,,,,,,,,,,,,,,,,,,,,GEZYOB_clean,1090.7
GIDKOU_clean,4.78674,3.41448,4.67256,1.74547,701.395,401.837,0.0,0.0,0.4798,0.274883,0.0,Zn,Yes,Zn,clean,N,Y,Y,,N,,,,,,,,,,,,,,,,,,,,,,GIDKOU_clean,477.9
GIFKEL_clean,4.63167,4.31957,4.63167,1.28045,1230.74,961.183,0.0,0.0,0.5428,0.423914,0.0,"Cd,Ni",Yes,Ni,clean,Y,Y,Y,,N,,,,,,,,,,,,,,,,,,,,,,GIFKEL_clean,289.7
GIKQIC_clean,3.78387,3.47181,3.77533,1.63861,422.447,257.809,0.0,0.0,0.4372,0.266812,0.0,Cd,Yes,Cd,clean,Y,Y,Y,,N,,,,,,,,,,,,,,,,,,,,,,GIKQIC_clean,206.5
GIMSIG_clean,8.71143,5.70228,8.71143,1.44846,1502.61,1037.38,0.0,0.0,0.5786,0.399459,0.0,Cd,Yes,Cd,clean,N,Y,Y,,N,,,,,,,,,,,,,,,,,,,,,,GIMSIG_clean,343.0
GINLIA_clean,6.39385,4.60431,6.39349,0.877136,2189.88,2496.63,0.0,0.0,0.6554,0.747205,0.0,Zn,Yes,Zn,clean,Y,Y,Y,,N,,,,,,,,,,,,,,,,,,,,,,GINLIA_clean,460.6
GIQXEK_clean,5.02308,3.9389,5.02308,1.70666,1611.03,943.967,0.0,0.0,0.591,0.34629,0.0,"Ru,Ce",Yes,"Ru,Ce",clean,Y,Y,Y,,N,,,,,,,,,,,,,,,,,,,,,,GIQXEK_clean,170.7
GIQXIO_clean,4.89641,3.86855,4.89641,1.80531,1632.56,904.31,0.0,0.0,0.5842,0.323601,0.0,"Dy,Ru",Yes,"Dy,Ru",clean,Y,Y,Y,,N,,,,,,,,,,,,,,,,,,,,,,GIQXIO_clean,178.1
GIQXOU_clean,4.81089,3.81392,4.81089,1.85808,1583.35,852.141,0.0,0.0,0.5814,0.312903,0.0,"Ru,Er",Yes,"Ru,Er",clean,Y,Y,Y,,N,,,,,,,,,,,,,,,,,,,,,,GIQXOU_clean,186.0
GIQXUA_clean,4.89316,3.86869,4.89316,1.79298,1637.93,913.522,0.0,0.0,0.5838,0.325603,0.0,"Ru,Gd",Yes,"Ru,Gd",clean,Y,Y,Y,,N,,,,,,,,,,,,,,,,,,,,,,GIQXUA_clean,181.7
GIQYAH_clean,4.79715,3.78414,4.66858,1.84797,1560.79,844.598,0.0,0.0,0.5808,0.31429,0.0,"Ho,Ru",Yes,"Ho,Ru",clean,Y,Y,Y,,N,,,,,,,,,,,,,,,,,,,,,,GIQYAH_clean,186.7
GIQYEL_clean,5.04966,3.95603,5.04926,1.69109,1647.45,974.192,0.0,0.0,0.5932,0.35078,0.0,"Ru,La",Yes,"Ru,La",clean,Y,Y,Y,,N,,,,,,,,,,,,,,,,,,,,,,GIQYEL_clean,169.0
GIQYIP_clean,4.93593,3.90727,4.93593,1.7362,1686.39,971.31,0.0,0.0,0.5894,0.339477,0.0,"Ru,Nd",Yes,"Ru,Nd",clean,Y,Y,Y,,N,,,,,,,,,,,,,,,,,,,,,,GIQYIP_clean,181.4
GIQYOV_clean,4.65103,4.01588,4.65103,1.69435,1544.77,911.715,0.0,0.0,0.5744,0.339009,0.0,"Ru,Pr",Yes,Ru,clean,Y,Y,Y,,N,,,,,,,,,,,,,,,,,,,,,,GIQYOV_clean,190.4
GIQYUB_clean,4.85877,3.85756,4.85723,1.80735,1636.84,905.654,0.0,0.0,0.586,0.324231,0.0,"Ru,Tb",Yes,"Ru,Tb",clean,Y,Y,Y,,N,,,,,,,,,,,,,,,,,,,,,,GIQYUB_clean,181.3
GIRDUI_clean,4.42025,3.76528,4.4179,1.33231,513.764,385.618,0.0,0.0,0.4442,0.333405,0.0,Co,Yes,Co,clean,Y,Y,Y,,N,,,,,,,,,,,,,,,,,,,,,,GIRDUI_clean,265.0
GIRXUC_clean,9.02646,6.62876,9.00319,0.768463,2450.96,3189.43,0.0,0.0,0.7778,1.01215,0.0,Zn,Yes,Zn,clean,Y,Y,Y,,N,,,,,,,,,,,,,,,,,,,,,,GIRXUC_clean,87.6
GIRYAJ_clean,11.11776,6.67504,11.11673,0.856122,2399.62,2802.89,0.0,0.0,0.7336,0.856887,0.0,Zn,Yes,Zn,clean,Y,Y,Y,,N,,,,,,,,,,,,,,,,,,,,,,GIRYAJ_clean,484.8
GIRYEN_clean,4.46145,3.72288,4.46145,1.49644,287.06,191.829,0.0,0.0,0.4038,0.269841,0.0,Zn,Yes,Zn,clean,Y,Y,Y,,N,,,,,,,,,,,,,,,,,,,,,,GIRYEN_clean,771.4
GIRYUD_clean,4.50395,3.69554,4.50367,1.50379,303.721,201.971,0.0,0.0,0.4016,0.267059,0.0,Zn,Yes,Zn,clean,Y,Y,Y,,N,,,,,,,,,,,,,,,,,,,,,,GIRYUD_clean,769.9
GIRZAK_clean,4.21373,3.61145,4.21373,1.53199,237.412,154.969,0.0,0.0,0.4018,0.262273,0.0,Zn,Yes,Zn,clean,Y,Y,Y,,N,,,,,,,,,,,,,,,,,,,,,,GIRZAK_clean,847.7
GISMAY_clean,7.56113,5.5145,7.12706,1.15475,978.763,847.594,187.52,162.389,0.5516,0.477677,0.0,Zn,Yes,Zn,clean,Y,Y,Y,,N,,,,,,,,,,,,,,,,,,,,,,GISMAY_clean,3850.8
GISNED_clean,16.88394,10.60987,16.88394,0.446812,2036.44,4557.7,0.0,0.0,0.8226,1.84104,0.0,Zn,No, ,clean,Y,Y,Y,,N,,,,,,,,,,,,,,,,,,,,,,GISNED_clean,3258.8
GISZUD_clean,6.49431,5.39638,6.48428,1.08851,2690.71,2471.91,0.0,0.0,0.726,0.666964,0.0,Cd,Yes,Cd,clean,Y,Y,Y,,N,,,,,,,,,,,,,,,,,,,,,,GISZUD_clean,103.3
GISZUF_clean,5.98913,5.07662,5.983,1.31215,1025.01,781.164,0.0,0.0,0.5226,0.398277,0.0,Cd,Yes,Cd,clean,Y,Y,Y,,N,,,,,,,,,,,,,,,,,,,,,,GISZUF_clean,654.1
GITPIK_clean,6.71051,5.85889,6.69498,1.05932,1949.1,1839.96,0.0,0.0,0.6024,0.568668,0.0,Zn,Yes,Zn,clean,Y,Y,Y,,N,,,,,,,,,,,,,,,,,,,,,,GITPIK_clean,312.2
GITTUZ_clean,10.85901,8.03964,10.85901,1.03314,1392.4,1347.74,0.0,0.0,0.6084,0.588883,0.0,Zn,No, ,clean,Y,Y,Y,,N,,,,,,,,,,,,,,,,,,,,,,GITTUZ_clean,1604.1
GITVEL01_clean,15.27666,13.37931,15.27666,0.777112,1815.11,2335.71,0.0,0.0,0.723,0.930368,0.0,Zn,No, ,clean,Y,Y,Y,,N,,,,,,,,,,,,,,,,,,,,,,GITVEL01_clean,811.8
GITVEL_clean,15.24588,13.37948,15.24588,0.777112,1827.71,2351.93,0.0,0.0,0.724,0.931654,0.0,Zn,No, ,clean,Y,Y,Y,,N,,,,,,,,,,,,,,,,,,,,,,GITVEL_clean,806.8
GITWIQ_clean,5.04878,3.9878,4.84113,1.55276,984.517,634.043,0.0,0.0,0.443,0.285298,0.0,Zn,No, ,clean,Y,Y,Y,,N,,,,,,,,,,,,,,,,,,,,,,GITWIQ_clean,486.7
GIVHIC_clean,5.68256,4.14915,5.67478,1.01525,1315.17,1295.41,0.0,0.0,0.5352,0.527158,0.0,Ni,No, ,clean,Y,Y,Y,,N,,,,,,,,,,,,,,,,,,,,,,GIVHIC_clean,1279.5
GIVNIK_clean,7.21449,5.67473,7.21449,0.867445,2262.97,2608.78,0.0,0.0,0.6652,0.76685,0.0,"Ag,Zn",Yes,Ag,clean,Y,Y,Y,,N,,,,,,,,,,,,,,,,,,,,,,GIVNIK_clean,530.3
GIVNOQ_clean,7.18513,5.72761,7.17339,0.897407,2341.84,2609.57,0.0,0.0,0.648,0.72208,0.0,"Ag,Zn",Yes,Ag,clean,Y,Y,Y,,N,,,,,,,,,,,,,,,,,,,,,,GIVNOQ_clean,561.0
GIWCAR_ion_b,6.05356,4.17814,6.05356,1.07197,1658.11,1546.78,2.02848,1.89228,0.5834,0.544229,0.0,"Ag,Ga",Yes,Ag,ion_b,Y,Y,Y,,N,,,,,,,,,,,,,,,,,,,,,,GIWCAR_ion_b,349.7
GIWCIZ_ion_b,5.12494,3.68789,4.86231,1.25758,738.946,587.595,101.966,81.0816,0.492,0.391229,0.0,"Ag,Ga",Yes,Ag,ion_b,Y,Y,Y,,N,,,,,,,,,,,,,,,,,,,,,,GIWCIZ_ion_b,594.0
GIWCOF_ion_b,6.18603,4.18536,6.1755,1.09485,1872.24,1710.03,0.0,0.0,0.5864,0.535596,0.0,"In,Ag",Yes,Ag,ion_b,Y,Y,Y,,N,,,,,,,,,,,,,,,,,,,,,,GIWCOF_ion_b,409.0
GIXGOK_clean,17.36935,5.40179,17.36935,1.04037,1505.92,1447.48,0.0,0.0,0.6542,0.628815,0.0,Cd,No, ,clean,Y,Y,Y,,N,,,,,,,,,,,,,,,,,,,,,,GIXGOK_clean,1224.2
GIXNAE_clean,7.22845,6.88703,7.22003,0.852646,2024.04,2373.83,0.0,0.0,0.6572,0.770777,0.0,Ni,No, ,clean,Y,Y,Y,,N,,,,,,,,,,,,,,,,,,,,,,GIXNAE_clean,167.2
GIYSEN_clean,5.42608,5.04414,5.4195,1.45199,958.497,660.129,0.0,0.0,0.4968,0.342152,0.0,"Mo,Cu",No, ,clean,Y,Y,Y,,N,,,,,,,,,,,,,,,,,,,,,,GIYSEN_clean,387.6
GIYSIR_clean,5.35034,4.96809,5.33586,1.46578,931.664,635.609,0.0,0.0,0.4966,0.338795,0.0,"Mo,Cu",No, ,clean,Y,Y,Y,,N,,,,,,,,,,,,,,,,,,,,,,GIYSIR_clean,380.8
GIYSOX_clean,5.41931,4.91867,5.41931,1.46994,924.604,629.008,0.0,0.0,0.4898,0.333211,0.0,"Mo,Cu",No, ,clean,Y,Y,Y,,N,,,,,,,,,,,,,,,,,,,,,,GIYSOX_clean,382.2
GIYSUD_clean,5.72746,4.12193,5.64984,1.21514,2074.82,1707.48,0.0,0.0,0.605,0.497886,0.0,Cd,Yes,Cd,clean,Y,Y,Y,,N,,,,,,,,,,,,,,,,,,,,,,GIYSUD_clean,421.2
GIYTAK_clean,5.85565,4.3241,5.81433,1.11314,2290.27,2057.49,0.0,0.0,0.6456,0.579983,0.0,Cd,Yes,Cd,clean,Y,Y,Y,,N,,,,,,,,,,,,,,,,,,,,,,GIYTAK_clean,434.1
GIYTIS_SL,6.15959,5.08946,6.15959,0.966844,2140.02,2213.41,0.0,0.0,0.6424,0.66443,0.0,Zn,Yes,Zn,SL,Y,Y,Y,,N,,,,,,,,,,,,,,,,,,,,,,GIYTIS_SL,461.3
GIZXET_clean,4.75858,3.81827,4.66708,0.984908,1381.16,1402.32,0.0,0.0,0.5818,0.590715,0.0,Zn,No, ,clean,Y,Y,Y,,N,,,,,,,,,,,,,,,,,,,,,,GIZXET_clean,1548.0
GOBGAG_clean,17.26438,5.3381,17.26438,1.05121,1516.89,1443.0,0.0,0.0,0.6532,0.621382,0.0,Cd,No, ,clean,Y,Y,Y,,N,,,,,,,,,,,,,,,,,,,,,,GOBGAG_clean,1199.7
GOBSUM_clean,5.27749,3.98975,5.17779,1.10089,1767.3,1605.34,0.0,0.0,0.5602,0.508863,0.0,Co,Yes,Co,clean,Y,Y,Y,,N,,,,,,,,,,,,,,,,,,,,,,GOBSUM_clean,271.8
GOGSIF_clean,8.22407,5.82511,8.22407,0.843093,1913.32,2269.41,1.31012,1.55395,0.6484,0.769073,0.0,Co,Yes,Co,clean,Y,Y,Y,,N,,,,,,,,,,,,,,,,,,,,,,GOGSIF_clean,276.8
GOGWAB_clean,4.95936,4.07145,4.95936,1.0628,2097.01,1973.11,0.0,0.0,0.6348,0.597292,0.0,Zn,Yes,Zn,clean,Y,Y,Y,,N,,,,,,,,,,,,,,,,,,,,,,GOGWAB_clean,646.5
GOGWEF_clean,4.59875,4.17002,4.59043,0.999501,2126.38,2127.44,0.0,0.0,0.617,0.617308,0.0,Mn,Yes,Mn,clean,Y,Y,Y,,N,,,,,,,,,,,,,,,,,,,,,,GOGWEF_clean,528.9
GOJDOZ_clean,4.79892,4.35574,4.79892,2.78878,865.091,310.204,296.77,106.416,0.5306,0.190263,0.0,U,Yes,U,clean,Y,Y,Y,,N,,,,,,,,,,,,,,,,,,,,,,GOJDOZ_clean,279.8
GOKBUE_clean,6.09249,4.54759,6.09249,1.63047,1317.37,807.969,0.0,0.0,0.5592,0.342968,0.0,Cu,Yes,Cu,clean,Y,Y,Y,,N,,,,,,,,,,,,,,,,,,,,,,GOKBUE_clean,240.4
GOMFOF_clean,14.8276,14.77034,14.8276,0.887088,1281.1,1444.16,0.0,0.0,0.6208,0.699818,0.0,"Pd,K",Yes,"Pd,K",clean,Y,Y,Y,,N,,,,,,,,,,,,,,,,,,,,,,GOMFOF_clean,391.8
GOMREG_clean,5.38381,3.63961,5.38381,1.86675,886.646,474.968,0.0,0.0,0.4612,0.247061,0.0,"Mn,Al",No, ,clean,Y,Y,Y,,N,,,,,,,,,,,,,,,,,,,,,,GOMREG_clean,877.0
GONNAA_clean,7.09205,5.80307,7.09205,0.944258,2774.42,2938.2,0.0,0.0,0.7154,0.757632,0.0,Zn,Yes,Zn,clean,N,Y,Y,,N,,,,,,,,,,,,,,,,,,,,,,GONNAA_clean,239.3
GOPTIQ_clean,6.68622,4.50914,6.67956,0.770633,1838.89,2386.21,0.0,0.0,0.6402,0.830746,0.0,Ni,Yes,Ni,clean,N,Y,Y,,N,,,,,,,,,,,,,,,,,,,,,,GOPTIQ_clean,657.0
GOQSIQ_clean,8.1775,6.04263,8.04141,1.00533,1638.23,1629.55,0.0,0.0,0.6412,0.637802,0.0,Zn,No, ,clean,Y,Y,Y,,N,,,,,,,,,,,,,,,,,,,,,,GOQSIQ_clean,514.6
GOQXAN_clean,6.22843,5.8492,6.22773,1.32869,1398.1,1052.24,0.0,0.0,0.556,0.418457,0.0,Cd,Yes,Cd,clean,Y,Y,Y,,N,,,,,,,,,,,,,,,,,,,,,,GOQXAN_clean,317.0
GORQAF_clean,6.72825,5.09275,6.72825,1.1538,2875.75,2492.42,0.0,0.0,0.7648,0.662854,0.0,Cd,No, ,clean,Y,Y,Y,,N,,,,,,,,,,,,,,,,,,,,,,GORQAF_clean,78.4
GOSBOH_clean,10.37122,8.95436,10.37122,0.787001,1611.54,2047.69,0.0,0.0,0.6654,0.845489,0.0,Cu,Yes,Cu,clean,N,Y,Y,,N,,,,,,,,,,,,,,,,,,,,,,GOSBOH_clean,239.3
GOSDID_clean,7.82021,4.59261,7.82021,1.06883,1472.28,1377.47,0.0,0.0,0.5676,0.531048,0.0,Zn,Yes,Zn,clean,Y,Y,Y,,N,,,,,,,,,,,,,,,,,,,,,,GOSDID_clean,1012.3
GOSKEG_clean,7.10002,5.21425,6.59335,0.943193,1754.71,1860.4,1.38955,1.47324,0.6182,0.655433,0.0,Zn,Yes,Zn,clean,Y,Y,Y,,N,,,,,,,,,,,,,,,,,,,,,,GOSKEG_clean,355.0
GOTDIE_clean,4.73101,4.56435,4.72097,1.48128,186.327,125.788,8.43694,5.69572,0.3958,0.267202,0.0,"Cd,Co",No, ,clean,Y,Y,Y,,N,,,,,,,,,,,,,,,,,,,,,,GOTDIE_clean,1233.7
GOTNEK_clean,6.68492,5.17244,6.67225,1.16398,1342.18,1153.1,0.0,0.0,0.5428,0.466332,0.0,Dy,Yes,Dy,clean,Y,Y,Y,,N,,,,,,,,,,,,,,,,,,,,,,GOTNEK_clean,428.6
GOVHOQ_clean,5.0786,4.57892,5.0786,2.10255,403.599,191.957,0.0,0.0,0.3698,0.175882,0.0,Zn,No, ,clean,Y,Y,Y,,N,,,,,,,,,,,,,,,,,,,,,,GOVHOQ_clean,771.1
GOVWOF_clean,15.42527,11.20267,15.42527,0.794433,1878.77,2364.92,0.0,0.0,0.6966,0.876851,0.0,Mn,Yes,Mn,clean,Y,Y,Y,,N,,,,,,,,,,,,,,,,,,,,,,GOVWOF_clean,315.2
GOVXIA_clean,6.67259,5.28318,6.67068,1.1406,1107.96,971.384,0.0,0.0,0.4988,0.437316,0.0,Co,Yes,Co,clean,Y,Y,Y,,N,,,,,,,,,,,,,,,,,,,,,,GOVXIA_clean,1276.3
GOZNAM_clean,6.30239,4.60575,6.30081,0.99242,2117.8,2133.98,0.0,0.0,0.6346,0.639447,0.0,"W,Mn",Yes,Mn,clean,Y,Y,Y,,N,,,,,,,,,,,,,,,,,,,,,,GOZNAM_clean,314.5
GOZNEQ_clean,6.09971,4.27883,6.09943,0.947205,2272.9,2399.59,0.0,0.0,0.644,0.679895,0.0,"W,Mn",Yes,Mn,clean,Y,Y,Y,,N,,,,,,,,,,,,,,,,,,,,,,GOZNEQ_clean,184.9
GUANZS_clean,5.10287,4.04623,5.10287,1.31647,2066.97,1570.09,0.0,0.0,0.6518,0.495113,0.0,Zn,No, ,clean,Y,Y,Y,,N,,,,,,,,,,,,,,,,,,,,,,GUANZS_clean,105.7
GUBBAG_clean,6.17269,4.47662,6.08707,1.25773,1864.63,1482.53,0.0,0.0,0.6658,0.529365,0.0,Cd,Yes,Cd,clean,Y,Y,Y,,N,,,,,,,,,,,,,,,,,,,,,,GUBBAG_clean,177.5
GUBKUL_clean,8.78437,8.58193,8.78437,1.65394,1300.1,786.066,0.0,0.0,0.597,0.360957,0.0,Ba,Yes,Ba,clean,Y,Y,Y,,N,,,,,,,,,,,,,,,,,,,,,,GUBKUL_clean,636.5
GUBVUU_clean,6.86464,4.18996,6.61474,0.930991,1654.01,1776.62,0.0,0.0,0.6014,0.645979,0.0,Co,Yes,Co,clean,Y,Y,Y,,N,,,,,,,,,,,,,,,,,,,,,,GUBVUU_clean,284.5
GUBZAF_clean,8.48171,3.92126,8.48171,0.891092,1361.54,1527.95,0.0,0.0,0.6076,0.68186,0.0,Cu,Yes,Cu,clean,Y,Y,Y,,N,,,,,,,,,,,,,,,,,,,,,,GUBZAF_clean,338.1
GUCHUJ_clean,4.84299,3.46778,4.84299,1.43835,1253.58,871.544,0.0,0.0,0.5374,0.373624,0.0,Cu,Yes,Cu,clean,Y,Y,Y,,N,,,,,,,,,,,,,,,,,,,,,,GUCHUJ_clean,349.8
GUCJAQ_clean,5.76197,4.68972,5.75144,1.29019,1221.31,946.616,0.0,0.0,0.4888,0.37886,0.0,Zn,No, ,clean,Y,Y,Y,,N,,,,,,,,,,,,,,,,,,,,,,GUCJAQ_clean,764.8
GUDJOG_clean,7.68451,4.9879,7.6811,1.00363,1922.96,1916.01,0.0,0.0,0.6122,0.609987,0.0,Sm,Yes,Sm,clean,Y,Y,Y,,N,,,,,,,,,,,,,,,,,,,,,,GUDJOG_clean,397.1
GUFBOA_clean,5.81423,4.04124,5.79708,1.35939,665.654,489.672,0.0,0.0,0.4506,0.331473,0.0,Cd,Yes,Cd,clean,Y,Y,Y,,N,,,,,,,,,,,,,,,,,,,,,,GUFBOA_clean,761.4
GUFBUG_clean,6.13698,5.34529,5.96708,1.2615,1111.92,881.432,0.0,0.0,0.517,0.40983,0.0,Ba,No, ,clean,Y,Y,Y,,N,,,,,,,,,,,,,,,,,,,,,,GUFBUG_clean,958.0
GUFREF_clean,4.21553,3.44252,4.2138,1.21319,638.089,525.958,0.0,0.0,0.4724,0.389386,0.0,Cd,No, ,clean,Y,Y,Y,,N,,,,,,,,,,,,,,,,,,,,,,GUFREF_clean,896.3
GUFXEM_clean,6.06791,4.72083,6.0579,1.2094,1573.94,1301.42,0.0,0.0,0.5582,0.461552,0.0,Zn,Yes,Zn,clean,Y,Y,Y,,N,,,,,,,,,,,,,,,,,,,,,,GUFXEM_clean,461.9
GUGNON_clean,5.28957,4.33779,5.28957,0.956875,1608.61,1681.11,0.0,0.0,0.5938,0.620562,0.0,Zn,Yes,Zn,clean,Y,Y,Y,,N,,,,,,,,,,,,,,,,,,,,,,GUGNON_clean,799.8
GUHMIH_clean,13.3149,6.32995,13.3149,0.498432,2835.47,5688.77,0.0,0.0,0.778,1.5609,0.0,Cu,Yes,Cu,clean,Y,Y,Y,,N,,,,,,,,,,,,,,,,,,,,,,GUHMIH_clean,223.3
GUHNUU_clean,8.22186,5.12827,8.22186,0.946932,1929.01,2037.11,0.0,0.0,0.6218,0.656647,0.0,La,Yes,La,clean,Y,Y,Y,,N,,,,,,,,,,,,,,,,,,,,,,GUHNUU_clean,361.4
GUHPAC_clean,8.2386,5.1093,8.2386,0.972915,1925.54,1979.14,0.0,0.0,0.6264,0.643838,0.0,Sm,Yes,Sm,clean,Y,Y,Y,,N,,,,,,,,,,,,,,,,,,,,,,GUHPAC_clean,359.8
GUHPEG_clean,5.72092,4.53231,5.72092,1.21796,1067.45,876.424,0.0,0.0,0.5332,0.437781,0.0,Sm,Yes,Sm,clean,N,Y,Y,,N,,,,,,,,,,,,,,,,,,,,,,GUHPEG_clean,1012.7
GUJREK01_clean,6.68707,6.10275,6.68707,1.23624,984.626,796.47,83.5539,67.5873,0.5306,0.429206,0.0,Cu,Yes,Cu,clean,Y,Y,Y,,N,,,,,,,,,,,,,,,,,,,,,,GUJREK01_clean,287.7
GUJREK_clean,6.69718,6.09535,6.69718,1.23624,986.103,797.665,80.349,64.9948,0.5296,0.428397,0.0,Cu,Yes,Cu,clean,Y,Y,Y,,N,,,,,,,,,,,,,,,,,,,,,,GUJREK_clean,278.6
GUKFEY_clean,5.44718,4.31032,5.44265,0.953017,1818.67,1908.33,0.0,0.0,0.6068,0.636715,0.0,Cd,Yes,Cd,clean,Y,Y,Y,,N,,,,,,,,,,,,,,,,,,,,,,GUKFEY_clean,325.7
GUKYUI_clean,4.85912,4.51007,4.85912,1.20599,627.214,520.082,14.592,12.0996,0.4608,0.382092,0.0,Ca,No, ,clean,Y,Y,Y,,N,,,,,,,,,,,,,,,,,,,,,,GUKYUI_clean,283.6
GUKZAO_clean,6.06489,4.97271,6.06019,1.23962,1992.38,1607.25,0.0,0.0,0.6032,0.486602,0.0,Eu,Yes,Eu,clean,N,Y,Y,,N,,,,,,,,,,,,,,,,,,,,,,GUKZAO_clean,339.8
GULBAR_clean,4.47722,3.75995,4.47722,1.44705,840.737,581.002,0.0,0.0,0.4724,0.326458,0.0,Zn,Yes,Zn,clean,Y,Y,Y,,N,,,,,,,,,,,,,,,,,,,,,,GULBAR_clean,836.2
GULCAS_clean,4.32787,3.5712,4.32787,1.83607,854.103,465.181,0.0,0.0,0.4892,0.266439,0.0,Fe,Yes,Fe,clean,Y,Y,Y,,N,,,,,,,,,,,,,,,,,,,,,,GULCAS_clean,1342.1
GULPIN_clean,4.25802,3.49743,4.22359,1.39734,591.978,423.648,0.0,0.0,0.4574,0.327337,0.0,Zn,Yes,Zn,clean,Y,Y,Y,,N,,,,,,,,,,,,,,,,,,,,,,GULPIN_clean,1008.6
GULVUF_clean,16.10036,15.32514,16.09835,0.674334,1617.68,2398.93,0.0,0.0,0.7312,1.08433,0.0,Yb,No, ,clean,Y,Y,Y,,N,,,,,,,,,,,,,,,,,,,,,,GULVUF_clean,532.5
GULWAM_clean,8.69308,7.48414,8.68762,0.756867,2252.53,2976.13,0.0,0.0,0.7044,0.930679,0.0,Yb,No, ,clean,Y,Y,Y,,N,,,,,,,,,,,,,,,,,,,,,,GULWAM_clean,444.9
GULWEQ_clean,15.98104,7.52003,15.97479,0.734572,1758.78,2394.29,252.635,343.921,0.7614,1.03652,0.0,Cd,Yes,Cd,clean,Y,Y,Y,,N,,,,,,,,,,,,,,,,,,,,,,GULWEQ_clean,1961.7
GULWIU_clean,11.05938,6.30446,11.02908,0.918977,2242.53,2440.24,0.0,0.0,0.738,0.803067,0.0,Cd,Yes,Cd,clean,Y,Y,Y,,N,,,,,,,,,,,,,,,,,,,,,,GULWIU_clean,422.8
GULWOA_clean,7.6136,7.16835,7.6136,1.27683,1846.33,1446.03,0.0,0.0,0.6334,0.496073,0.0,Cd,Yes,Cd,clean,Y,Y,Y,,N,,,,,,,,,,,,,,,,,,,,,,GULWOA_clean,223.3
