filename,LCD,PLD,LFPD,cm3_g,ASA_m2_cm3,ASA_m2_g,NASA_m2_cm3,NASA_m2_g,AV_VF,AV_cm3_g,NAV_cm3_g,All_Metals,Has_OMS,Open_Metal_Sites,Extension,FSR_overlap,from_CSD,public,DISORDER,CSD_overlap_inCoRE,CSD_of_WoS_inCoRE,CSD_overlap_inCCDC,date_CSD,DOI_public,Note,Matched_CSD_of_CoRE,Possible_List_CSD_of_CoRE,Unnamed: 28,Unnamed: 29,Unnamed: 30,Unnamed: 31,Unnamed: 32,Unnamed: 33,Unnamed: 34,Unnamed: 35,Unnamed: 36,Unnamed: 37,Unnamed: 38,Unnamed: 39,Unnamed: 40,Unnamed: 41,MOF,chunk_4 time (s)
MOFBIU_clean,4.73204,4.05435,4.73204,1.35155,598.778,443.031,0.0,0.0,0.4396,0.325256,0.0,Cd,Yes,Cd,clean,N,Y,Y,,N,,,,,,,,,,,,,,,,,,,,,,MOFBIU_clean,933.9
MOFKUO_clean,10.06674,5.89372,10.02896,0.775285,1690.92,2181.03,0.0,0.0,0.666,0.859039,0.0,Cu,Yes,Cu,clean,Y,Y,Y,,N,,,,,,,,,,,,,,,,,,,,,,MOFKUO_clean,260.7
MOFLAV_clean,10.54329,3.57347,9.99148,0.796722,1428.62,1793.12,0.0,0.0,0.6376,0.800279,0.0,Cu,Yes,Cu,clean,Y,Y,Y,,N,,,,,,,,,,,,,,,,,,,,,,MOFLAV_clean,665.2
MOGNAY_clean,5.98746,4.8264,5.9716,1.48355,1468.56,989.896,0.0,0.0,0.5258,0.35442,0.0,Tb,No, ,clean,Y,Y,Y,,N,,,,,,,,,,,,,,,,,,,,,,MOGNAY_clean,401.1
MOGXUB_clean,4.66693,3.601,4.66693,2.8376,304.361,107.26,28.0112,9.87147,0.401,0.141317,0.0,Ag,Yes,Ag,clean,Y,Y,Y,,N,,,,,,,,,,,,,,,,,,,,,,MOGXUB_clean,240.9
MOJNAC_clean,4.66481,4.27217,4.66481,1.62429,1132.96,697.513,6.84199,4.21231,0.5378,0.331099,0.0,Sm,Yes,Sm,clean,Y,Y,Y,,N,,,,,,,,,,,,,,,,,,,,,,MOJNAC_clean,357.6
MOLKAB_clean,6.21836,5.45282,6.15162,1.19004,1495.35,1256.55,0.0,0.0,0.585,0.491579,0.0,"Ca,Cd",Yes,Ca,clean,N,Y,Y,,N,,,,,,,,,,,,,,,,,,,,,,MOLKAB_clean,564.2
MOLQEL_clean,7.00282,4.91398,6.98169,0.922936,2510.46,2720.08,0.0,0.0,0.6774,0.733962,0.0,Zn,Yes,Zn,clean,N,Y,Y,,N,,,,,,,,,,,,,,,,,,,,,,MOLQEL_clean,336.1
MOLRIP_clean,5.54234,3.55384,5.35331,2.01055,805.607,400.69,0.0,0.0,0.4136,0.205715,0.0,"Eu,Co",Yes,"Eu,Co",clean,Y,Y,Y,,N,,,,,,,,,,,,,,,,,,,,,,MOLRIP_clean,250.8
MOMRIR_clean,4.41914,3.78485,4.34144,1.40491,222.323,158.247,290.552,206.812,0.4588,0.326569,0.0,Zn,Yes,Zn,clean,Y,Y,Y,,N,,,,,,,,,,,,,,,,,,,,,,MOMRIR_clean,2003.4
MOMSIS_clean,6.17338,4.21228,5.94323,1.84008,1775.64,964.98,0.0,0.0,0.577,0.313573,0.0,Nd,No, ,clean,Y,Y,Y,,N,,,,,,,,,,,,,,,,,,,,,,MOMSIS_clean,543.7
MOPKEJ_clean,5.75785,3.52998,5.75785,1.74643,1130.27,647.188,0.0,0.0,0.4994,0.285955,0.0,Al,No, ,clean,Y,Y,Y,,N,,,,,,,,,,,,,,,,,,,,,,MOPKEJ_clean,2569.9
MOPQIT_clean,5.0132,3.85656,5.0132,1.33687,942.288,704.846,0.0,0.0,0.476,0.356055,0.0,Mg,No, ,clean,Y,Y,Y,,N,,,,,,,,,,,,,,,,,,,,,,MOPQIT_clean,279.5
MORFEG_clean,4.79928,3.48721,4.69113,1.33806,713.958,533.579,0.0,0.0,0.4706,0.351704,0.0,Cu,Yes,Cu,clean,Y,Y,Y,,N,,,,,,,,,,,,,,,,,,,,,,MORFEG_clean,1005.6
MORZID_clean,4.19947,3.9712,4.19947,1.83218,696.283,380.03,0.0,0.0,0.4348,0.237313,0.0,Al,No, ,clean,Y,Y,Y,,N,,,,,,,,,,,,,,,,,,,,,,MORZID_clean,1786.2
MOSBIG_clean,7.9749,7.17885,7.94814,1.43251,1497.34,1045.25,0.0,0.0,0.5716,0.399019,0.0,Eu,Yes,Eu,clean,Y,Y,Y,,N,,,,,,,,,,,,,,,,,,,,,,MOSBIG_clean,162.6
MOSDUT_clean,5.00847,4.17233,5.00847,1.12183,1419.6,1265.43,13.3609,11.9099,0.5596,0.498828,0.0,Co,Yes,Co,clean,Y,Y,Y,,N,,,,,,,,,,,,,,,,,,,,,,MOSDUT_clean,554.0
MOTMAK_clean,5.72133,5.32598,5.72133,0.997473,1372.13,1375.6,0.0,0.0,0.5098,0.511092,0.0,Li,Yes,Li,clean,N,Y,Y,,N,,,,,,,,,,,,,,,,,,,,,,MOTMAK_clean,451.0
MOTVOI_clean,9.87335,7.01536,9.87051,1.00037,1639.71,1639.11,0.0,0.0,0.6506,0.650361,0.0,Eu,Yes,Eu,clean,Y,Y,Y,,N,,,,,,,,,,,,,,,,,,,,,,MOTVOI_clean,386.7
MOVGUB_clean,4.79892,3.66567,4.79892,1.29583,1695.99,1308.8,0.0,0.0,0.5686,0.438791,0.0,"Zn,Eu",Yes,Eu,clean,Y,Y,Y,,N,,,,,,,,,,,,,,,,,,,,,,MOVGUB_clean,702.5
MOVHEM_clean,4.78648,3.65733,4.78648,1.31907,1696.72,1286.3,0.0,0.0,0.5664,0.429393,0.0,"Tb,Zn",Yes,Tb,clean,Y,Y,Y,,N,,,,,,,,,,,,,,,,,,,,,,MOVHEM_clean,700.4
MOVKOZ_clean,5.21247,3.83096,5.21247,1.25573,2044.79,1628.37,0.0,0.0,0.592,0.47144,0.0,"Tb,Zn",Yes,Tb,clean,Y,Y,Y,,N,,,,,,,,,,,,,,,,,,,,,,MOVKOZ_clean,825.9
MOXKAN_clean,5.24035,3.78554,5.21637,1.49263,550.2,368.611,159.888,107.118,0.4678,0.313407,0.0,Ce,No, ,clean,Y,Y,Y,,N,,,,,,,,,,,,,,,,,,,,,,MOXKAN_clean,836.4
MOXNIY_clean,5.20828,4.58005,5.18499,1.11938,1150.31,1027.63,0.0,0.0,0.506,0.452034,0.0,Mn,No, ,clean,Y,Y,Y,,N,,,,,,,,,,,,,,,,,,,,,,MOXNIY_clean,372.1
MOXNUJ_clean,7.33692,7.13556,7.33692,0.746109,2128.73,2853.11,0.0,0.0,0.7,0.9382,0.0,Cu,Yes,Cu,clean,Y,Y,Y,,N,,,,,,,,,,,,,,,,,,,,,,MOXNUJ_clean,175.7
MOXNUK_clean,5.04646,4.16361,5.04099,1.19416,1034.92,866.655,0.0,0.0,0.4922,0.412174,0.0,Co,No, ,clean,Y,Y,Y,,N,,,,,,,,,,,,,,,,,,,,,,MOXNUK_clean,794.9
MOXPUL_clean,12.29446,11.95813,12.29446,0.744524,1605.86,2156.89,0.0,0.0,0.6934,0.931333,0.0,Cu,No, ,clean,Y,Y,Y,,N,,,,,,,,,,,,,,,,,,,,,,MOXPUL_clean,164.3
MOYMET_clean,9.12886,8.44595,9.12886,1.00188,1110.93,1108.85,0.0,0.0,0.56,0.558951,0.0,Co,Yes,Co,clean,Y,Y,Y,,N,,,,,,,,,,,,,,,,,,,,,,MOYMET_clean,481.0
MOYNIY_clean,4.76569,4.12526,4.76569,1.26221,800.094,633.883,4.17361,3.30659,0.4918,0.389634,0.0,Cd,Yes,Cd,clean,Y,Y,Y,,N,,,,,,,,,,,,,,,,,,,,,,MOYNIY_clean,1027.3
MOYYEF_clean,7.68803,7.36383,7.68803,0.950247,1850.19,1947.06,0.0,0.0,0.627,0.659828,0.0,Cu,Yes,Cu,clean,Y,Y,Y,,N,,,,,,,,,,,,,,,,,,,,,,MOYYEF_clean,600.1
MOYYIJ_clean,12.42053,9.37645,12.42053,0.730593,2207.0,3020.84,0.0,0.0,0.7162,0.980299,0.0,Cu,Yes,Cu,clean,Y,Y,Y,,N,,,,,,,,,,,,,,,,,,,,,,MOYYIJ_clean,177.0
MUBQIJ_clean,7.7972,3.97712,7.7972,1.1623,1447.09,1245.01,77.4656,66.6483,0.573,0.492986,0.0,Ag,Yes,Ag,clean,Y,Y,Y,,N,,,,,,,,,,,,,,,,,,,,,,MUBQIJ_clean,2856.6
MUBZOA_auto,18.72717,7.12,18.72717,0.441638,1990.25,4506.52,0.0,0.0,0.8132,1.84133,0.00045286,Zr,No, ,auto,Y,Y,Y,,N,,,,,,,,,,,,,,,,,,,,,,MUBZOA_auto,263.9
MUBZUG_auto,18.63539,7.90997,18.63539,0.469492,1954.88,4163.83,0.0,0.0,0.8032,1.71078,0.000425992,Zr,No, ,auto,Y,Y,Y,,N,,,,,,,,,,,,,,,,,,,,,,MUBZUG_auto,281.6
MUDLON_clean,10.7008,8.31199,10.7008,0.628411,1977.63,3147.04,0.0,0.0,0.7012,1.11583,0.0,Mg,Yes,Mg,clean,Y,Y,Y,,N,,,,,,,,,,,,,,,,,,,,,,MUDLON_clean,515.9
MUDTAH_clean,18.89368,6.63386,18.89368,0.562193,2169.18,3858.42,0.0,0.0,0.7916,1.40806,0.0,Zn,Yes,Zn,clean,Y,Y,Y,,N,,,,,,,,,,,,,,,,,,,,,,MUDTAH_clean,597.7
MUDTEL_clean,19.09514,6.59272,18.85083,0.559282,2154.91,3853.0,0.0,0.0,0.789,1.41074,0.0,Cu,Yes,Cu,clean,Y,Y,Y,,N,,,,,,,,,,,,,,,,,,,,,,MUDTEL_clean,551.0
MUFXUI_clean,6.32175,3.7026,6.31403,1.91517,995.288,519.687,0.0,0.0,0.5032,0.262744,0.0,Tb,Yes,Tb,clean,Y,Y,Y,,N,,,,,,,,,,,,,,,,,,,,,,MUFXUI_clean,585.2
MUFYAP_clean,6.26363,3.70776,6.26313,1.90371,978.115,513.793,0.0,0.0,0.5022,0.2638,0.0,Gd,Yes,Gd,clean,Y,Y,Y,,N,,,,,,,,,,,,,,,,,,,,,,MUFYAP_clean,577.3
MUGFOK_clean,5.96918,4.1656,5.96918,1.0315,1325.72,1285.24,0.0,0.0,0.5408,0.524287,0.0,"Mo,Ni",No, ,clean,Y,Y,Y,,N,,,,,,,,,,,,,,,,,,,,,,MUGFOK_clean,665.4
MUGHED_clean,6.89695,5.88693,6.88053,1.44086,1384.56,960.922,0.0,0.0,0.5716,0.396706,0.0,Zn,No, ,clean,Y,Y,Y,,N,,,,,,,,,,,,,,,,,,,,,,MUGHED_clean,783.0
MUGQAI_clean,4.49067,3.71104,4.4722,1.86928,279.265,149.397,0.0,0.0,0.3624,0.193872,0.0,Cu,Yes,Cu,clean,Y,Y,Y,,N,,,,,,,,,,,,,,,,,,,,,,MUGQAI_clean,432.9
MUHNAG_clean,5.2054,3.59701,5.17347,1.40338,910.102,648.507,0.0,0.0,0.4596,0.327495,0.0,Co,No, ,clean,Y,Y,Y,,N,,,,,,,,,,,,,,,,,,,,,,MUHNAG_clean,481.9
MUHNUA_clean,6.00569,3.96893,5.96297,1.13245,277.836,245.342,598.929,528.881,0.5278,0.466071,0.0,Cu,Yes,Cu,clean,Y,Y,Y,,N,,,,,,,,,,,,,,,,,,,,,,MUHNUA_clean,511.6
MUHPAI_clean,5.12215,3.79398,5.11629,1.52223,483.947,317.921,0.0,0.0,0.445,0.292335,0.0,Cu,Yes,Cu,clean,Y,Y,Y,,N,,,,,,,,,,,,,,,,,,,,,,MUHPAI_clean,276.7
MUJRIT_clean,6.24948,5.12409,6.24249,1.30647,1092.9,836.531,0.0,0.0,0.5376,0.411492,0.0,Cd,Yes,Cd,clean,Y,Y,Y,,N,,,,,,,,,,,,,,,,,,,,,,MUJRIT_clean,248.7
MULQOA_clean,5.82935,5.12372,5.78502,1.29204,2093.52,1620.33,0.0,0.0,0.6306,0.488067,0.0,Zn,Yes,Zn,clean,Y,Y,Y,,N,,,,,,,,,,,,,,,,,,,,,,MULQOA_clean,550.4
MULSER_clean,6.43873,5.71769,6.32596,3.20394,1423.73,444.368,0.0,0.0,0.5564,0.173661,0.0,U,Yes,U,clean,Y,Y,Y,,N,,,,,,,,,,,,,,,,,,,,,,MULSER_clean,416.6
MULXOH_clean,5.40379,4.11586,5.39113,1.20876,1724.57,1426.72,0.0,0.0,0.5842,0.483303,0.0,La,Yes,La,clean,N,Y,Y,,N,,,,,,,,,,,,,,,,,,,,,,MULXOH_clean,428.4
MUMYAW_clean,5.93329,4.12111,5.93329,1.25624,296.676,236.162,0.0,0.0,0.4254,0.338629,0.0,Co,No, ,clean,Y,Y,Y,,N,,,,,,,,,,,,,,,,,,,,,,MUMYAW_clean,378.4
MUNDAC_clean,10.7777,6.68804,10.76442,1.37281,1712.63,1247.54,119.227,86.849,0.6828,0.497375,0.0,Cu,Yes,Cu,clean,Y,Y,Y,,N,,,,,,,,,,,,,,,,,,,,,,MUNDAC_clean,236.8
MUNDEG_clean,13.44844,12.65122,13.43461,0.869875,2175.3,2500.7,0.0,0.0,0.7658,0.880357,0.0,Cu,Yes,Cu,clean,Y,Y,Y,,N,,,,,,,,,,,,,,,,,,,,,,MUNDEG_clean,777.8
MUNDOQ_clean,14.169,13.34985,14.06749,0.845802,2182.1,2579.91,0.0,0.0,0.7752,0.916526,0.0,Cu,Yes,Cu,clean,Y,Y,Y,,N,,,,,,,,,,,,,,,,,,,,,,MUNDOQ_clean,218.5
MUNLUE_clean,8.36355,6.76783,8.36355,1.33052,1528.86,1149.07,0.0,0.0,0.5564,0.418184,0.0,Tb,No, ,clean,Y,Y,Y,,N,,,,,,,,,,,,,,,,,,,,,,MUNLUE_clean,251.1
MUNNUF_clean,7.33223,5.00492,7.33223,0.937356,1880.0,2005.64,0.0,0.0,0.6136,0.654607,0.0,Zn,Yes,Zn,clean,Y,Y,Y,,N,,,,,,,,,,,,,,,,,,,,,,MUNNUF_clean,922.7
MUNPAN_clean,7.42883,6.43303,7.42883,0.851362,1993.43,2341.47,0.0,0.0,0.6496,0.763013,0.0,Zn,No, ,clean,Y,Y,Y,,N,,,,,,,,,,,,,,,,,,,,,,MUNPAN_clean,769.1
MUNPER_clean,7.09681,5.52234,7.09517,0.917986,1955.18,2129.86,0.0,0.0,0.6202,0.675609,0.0,Zn,No, ,clean,Y,Y,Y,,N,,,,,,,,,,,,,,,,,,,,,,MUNPER_clean,850.5
MUPTAU_clean,4.1653,3.49014,4.1653,1.2541,633.589,505.216,0.0,0.0,0.52,0.414641,0.0,Zn,No, ,clean,Y,Y,Y,,N,,,,,,,,,,,,,,,,,,,,,,MUPTAU_clean,576.4
MUQSAU_clean,6.10574,5.26029,6.08367,1.19181,1276.39,1070.97,0.0,0.0,0.5272,0.442354,0.0,Zn,Yes,Zn,clean,Y,Y,Y,,N,,,,,,,,,,,,,,,,,,,,,,MUQSAU_clean,353.6
MURBEI_clean,7.16636,5.68293,7.16636,0.873364,2436.63,2789.93,0.0,0.0,0.6948,0.795545,0.0,In,No, ,clean,Y,Y,Y,,N,,,,,,,,,,,,,,,,,,,,,,MURBEI_clean,366.1
MURCAD_clean,4.60111,3.76823,4.60111,1.18753,1551.89,1306.82,0.0,0.0,0.5832,0.491102,0.0,Cu,Yes,Cu,clean,Y,Y,Y,,N,,,,,,,,,,,,,,,,,,,,,,MURCAD_clean,245.5
MURCIL_clean,8.29917,7.10888,8.29917,1.5444,1055.62,683.511,0.0,0.0,0.5688,0.368297,0.0,"Dy,Cu",Yes,Cu,clean,Y,Y,Y,,N,,,,,,,,,,,,,,,,,,,,,,MURCIL_clean,233.0
MURCOR_clean,8.10583,6.88134,8.10583,1.58436,1015.28,640.812,0.0,0.0,0.5632,0.355475,0.0,"Ho,Cu",Yes,Cu,clean,Y,Y,Y,,N,,,,,,,,,,,,,,,,,,,,,,MURCOR_clean,234.2
MURFIQ_clean,7.24055,5.2237,7.22777,1.12426,739.654,657.9,0.0,0.0,0.487,0.433172,0.0,Mn,No, ,clean,Y,Y,Y,,N,,,,,,,,,,,,,,,,,,,,,,MURFIQ_clean,371.9
MURTUO_clean,5.36071,4.16389,5.36071,1.95193,861.496,441.357,0.0,0.0,0.5124,0.26251,0.0,Lu,Yes,Lu,clean,Y,Y,Y,,N,,,,,,,,,,,,,,,,,,,,,,MURTUO_clean,428.6
MUSCAG_clean,5.66812,5.1578,5.66812,1.35058,1261.14,933.776,0.0,0.0,0.5436,0.402493,0.0,Zn,Yes,Zn,clean,Y,Y,Y,,N,,,,,,,,,,,,,,,,,,,,,,MUSCAG_clean,1144.7
MUSCIN_clean,9.38658,7.66741,9.38512,0.993168,1809.71,1822.16,0.0,0.0,0.6586,0.663131,0.0,Ce,Yes,Ce,clean,Y,Y,Y,,N,,,,,,,,,,,,,,,,,,,,,,MUSCIN_clean,713.3
MUSSIE_clean,8.74352,7.39002,8.74352,1.23265,727.688,590.344,539.668,437.811,0.5772,0.468259,0.0,Be,No, ,clean,Y,Y,Y,,N,,,,,,,,,,,,,,,,,,,,,,MUSSIE_clean,884.1
MUTDIQ_clean,8.28155,3.70267,8.27208,0.907108,1694.67,1868.21,61.3387,67.62,0.6404,0.70598,0.0,Mn,Yes,Mn,clean,Y,Y,Y,,N,,,,,,,,,,,,,,,,,,,,,,MUTDIQ_clean,390.5
MUTVUT_clean,4.81469,3.76296,4.81469,1.36731,413.706,302.568,0.0,0.0,0.4354,0.318435,0.0,Cd,No, ,clean,Y,Y,Y,,N,,,,,,,,,,,,,,,,,,,,,,MUTVUT_clean,514.2
MUVGOA_clean,5.03839,3.5374,4.60238,0.993755,720.941,725.471,502.862,506.022,0.5306,0.533934,0.0,Zn,No, ,clean,Y,Y,Y,,N,,,,,,,,,,,,,,,,,,,,,,MUVGOA_clean,950.4
MUVGUG_clean,5.3049,3.8372,5.3049,0.980252,740.547,755.465,511.645,521.952,0.5644,0.57577,0.0,Zn,No, ,clean,Y,Y,Y,,N,,,,,,,,,,,,,,,,,,,,,,MUVGUG_clean,603.2
MUVHER_clean,5.24679,3.7317,5.24381,0.97664,759.504,777.67,505.736,517.833,0.5526,0.565818,0.0,Zn,No, ,clean,Y,Y,Y,,N,,,,,,,,,,,,,,,,,,,,,,MUVHER_clean,627.0
MUVJIX_clean,5.57567,4.9751,5.5219,1.4259,1132.91,794.523,0.0,0.0,0.4782,0.335368,0.0,Mn,Yes,Mn,clean,N,Y,Y,,N,,,,,,,,,,,,,,,,,,,,,,MUVJIX_clean,601.9
MUVLUM_clean,8.4023,7.67137,8.36811,1.09338,1571.87,1437.62,0.0,0.0,0.597,0.546011,0.0,Zn,Yes,Zn,clean,Y,Y,Y,,N,,,,,,,,,,,,,,,,,,,,,,MUVLUM_clean,422.8
MUVMOG_clean,4.22005,3.96612,4.21245,1.88412,1523.37,808.528,0.0,0.0,0.519,0.27546,0.0,Ga,Yes,Ga,clean,Y,Y,Y,,N,,,,,,,,,,,,,,,,,,,,,,MUVMOG_clean,2343.8
MUVNAT_clean,5.6328,3.44137,5.05356,2.33052,1152.05,494.331,0.0,0.0,0.4892,0.209911,0.0,"Mo,Mn",Yes,"Mo,Mn",clean,N,Y,Y,,N,,,,,,,,,,,,,,,,,,,,,,MUVNAT_clean,244.0
MUVNEX_clean,5.38689,3.95895,5.38689,2.21744,1372.1,618.775,0.0,0.0,0.5208,0.234865,0.0,"Mo,Mn",Yes,"Mo,Mn",clean,N,Y,Y,,N,,,,,,,,,,,,,,,,,,,,,,MUVNEX_clean,674.1
MUVROM_clean,6.53947,4.17251,6.17765,1.42791,635.748,445.228,276.909,193.926,0.462,0.323549,0.0,Co,Yes,Co,clean,Y,Y,Y,,N,,,,,,,,,,,,,,,,,,,,,,MUVROM_clean,2101.3
MUWQEB_clean,15.66484,9.57746,15.5128,0.72296,1280.06,1770.59,458.981,634.865,0.7258,1.00393,0.0,Fe,Yes,Fe,clean,Y,Y,Y,,N,,,,,,,,,,,,,,,,,,,,,,MUWQEB_clean,311.0
MUZGAQ_clean,8.01686,3.8968,7.05023,1.88749,1060.89,562.066,12.103,6.41222,0.5204,0.27571,0.000105961,"Dy,Zn",Yes,"Dy,Zn",clean,Y,Y,Y,,N,,,,,,,,,,,,,,,,,,,,,,MUZGAQ_clean,626.5
MUZKAV_clean,17.45826,13.87931,17.45826,0.40339,1714.83,4251.06,45.6222,113.097,0.8208,2.03476,0.0,Al,Yes,Al,clean,Y,Y,Y,,N,,,,,,,,,,,,,,,,,,,,,,MUZKAV_clean,457.0
MUZVUA_clean,6.29282,4.92678,6.2328,1.05196,1843.91,1752.83,0.0,0.0,0.6012,0.571503,0.0,Cd,Yes,Cd,clean,Y,Y,Y,,N,,,,,,,,,,,,,,,,,,,,,,MUZVUA_clean,257.6
NABMUA01_clean,6.23732,6.06718,6.23732,1.12213,1424.12,1269.12,0.0,0.0,0.5374,0.47891,0.0,Mg,Yes,Mg,clean,Y,Y,Y,,N,,,,,,,,,,,,,,,,,,,,,,NABMUA01_clean,539.1
NABMUA_clean,6.23863,6.07222,6.23863,1.11938,1449.31,1294.74,0.0,0.0,0.536,0.478835,0.0,Mg,Yes,Mg,clean,Y,Y,Y,,N,,,,,,,,,,,,,,,,,,,,,,NABMUA_clean,534.9
NACVUI_clean,4.77526,3.80831,4.76074,1.15827,1072.88,926.279,0.0,0.0,0.5544,0.478644,0.0,Cu,No, ,clean,Y,Y,Y,,N,,,,,,,,,,,,,,,,,,,,,,NACVUI_clean,409.7
NACYAU_clean,9.59326,6.44061,9.30682,0.587991,2547.85,4333.14,0.0,0.0,0.7478,1.27179,0.0,Zn,Yes,Zn,clean,Y,Y,Y,,N,,,,,,,,,,,,,,,,,,,,,,NACYAU_clean,195.1
NACYOG_clean,5.74941,4.06197,5.74941,1.46194,999.211,683.482,0.0,0.0,0.4946,0.338317,0.0,"Cd,V",Yes,"Cd,V",clean,Y,Y,Y,,N,,,,,,,,,,,,,,,,,,,,,,NACYOG_clean,504.9
NACYUM_clean,5.55428,3.97006,5.53082,1.38654,927.307,668.791,0.0,0.0,0.4542,0.327578,0.0,"V,Co",Yes,"V,Co",clean,Y,Y,Y,,N,,,,,,,,,,,,,,,,,,,,,,NACYUM_clean,477.3
NADKEK_clean,5.31129,3.4955,5.31129,1.49762,283.2,189.1,22.2509,14.8575,0.4336,0.289526,0.0,Y,No, ,clean,Y,Y,Y,,N,,,,,,,,,,,,,,,,,,,,,,NADKEK_clean,154.9
NADNEM_clean,6.17658,3.63409,6.12044,1.11816,999.382,893.777,0.0,0.0,0.5212,0.466125,0.0,Ag,No, ,clean,Y,Y,Y,,N,,,,,,,,,,,,,,,,,,,,,,NADNEM_clean,402.1
NADZEZ_clean,4.52715,3.99796,4.52715,1.63451,828.325,506.772,0.0,0.0,0.4522,0.276657,0.0,Y,No, ,clean,N,Y,Y,,N,,,,,,,,,,,,,,,,,,,,,,NADZEZ_clean,1253.7
NADZID_clean,5.01289,4.70268,4.9859,1.56754,1059.53,675.918,0.0,0.0,0.4664,0.297536,0.0,Y,No, ,clean,Y,Y,Y,,N,,,,,,,,,,,,,,,,,,,,,,NADZID_clean,946.0
NAFSOF_clean,10.41333,8.31604,10.41316,0.437831,2285.29,5219.56,0.0,0.0,0.8158,1.86328,0.0,Cu,Yes,Cu,clean,Y,Y,Y,,N,,,,,,,,,,,,,,,,,,,,,,NAFSOF_clean,107.7
NAGBUU_clean,4.53887,4.18445,4.52808,1.74664,609.414,348.906,0.0,0.0,0.3514,0.201186,0.0,Co,Yes,Co,clean,Y,Y,Y,,N,,,,,,,,,,,,,,,,,,,,,,NAGBUU_clean,1098.1
NAGCAB_clean,7.89572,6.99253,7.70374,1.77084,1845.07,1041.92,0.0,0.0,0.6216,0.35102,0.0,"Mo,Zn",Yes,Mo,clean,Y,Y,Y,,N,,,,,,,,,,,,,,,,,,,,,,NAGCAB_clean,419.1
NAGQET_clean,6.32737,4.10631,6.32737,1.16822,1034.31,885.371,0.0,0.0,0.4844,0.414648,0.0,Co,No, ,clean,Y,Y,Y,,N,,,,,,,,,,,,,,,,,,,,,,NAGQET_clean,340.5
NAGQOD_clean,7.52321,5.78841,7.52321,1.16388,884.56,760.01,0.0,0.0,0.503,0.432176,0.0,Co,No, ,clean,Y,Y,Y,,N,,,,,,,,,,,,,,,,,,,,,,NAGQOD_clean,806.8
NAHFIO_clean,5.2589,3.87482,5.25696,1.10135,1180.95,1072.27,0.0,0.0,0.523,0.474873,0.0,Co,No, ,clean,Y,Y,Y,,N,,,,,,,,,,,,,,,,,,,,,,NAHFIO_clean,1535.9
NAHHAI_clean,6.03251,4.99461,5.9659,1.6794,1408.86,838.909,0.0,0.0,0.5636,0.335597,0.0,Cd,Yes,Cd,clean,Y,Y,Y,,N,,,,,,,,,,,,,,,,,,,,,,NAHHAI_clean,278.4
NAHNES_clean,12.52913,11.45257,12.52913,0.578749,2093.33,3616.99,0.0,0.0,0.7668,1.32493,0.0,Cu,Yes,Cu,clean,Y,Y,Y,,N,,,,,,,,,,,,,,,,,,,,,,NAHNES_clean,676.2
NAJQUN_clean,5.34756,3.50411,5.30221,1.22931,1132.44,921.195,0.0,0.0,0.5072,0.412588,0.0,Mn,Yes,Mn,clean,N,Y,Y,,N,,,,,,,,,,,,,,,,,,,,,,NAJQUN_clean,1460.9
NAJSUP_clean,6.289,4.7993,6.289,1.17213,2075.39,1770.61,0.0,0.0,0.6006,0.512401,0.0,Eu,Yes,Eu,clean,Y,Y,Y,,N,,,,,,,,,,,,,,,,,,,,,,NAJSUP_clean,856.2
NAJTAW_clean,6.34991,4.99732,6.34991,1.15815,2148.84,1855.41,0.0,0.0,0.6062,0.523422,0.0,Tb,Yes,Tb,clean,Y,Y,Y,,N,,,,,,,,,,,,,,,,,,,,,,NAJTAW_clean,396.0
NAKLIW_clean,5.07535,4.01579,4.60929,1.15907,1720.4,1484.3,0.0,0.0,0.6208,0.535603,0.0,Zn,Yes,Zn,clean,N,Y,Y,,N,,,,,,,,,,,,,,,,,,,,,,NAKLIW_clean,406.9
NALWOO_clean,9.16164,8.79623,9.14564,1.02635,1440.32,1403.34,0.0,0.0,0.5862,0.571148,0.0,Ba,Yes,Ba,clean,Y,Y,Y,,N,,,,,,,,,,,,,,,,,,,,,,NALWOO_clean,459.0
NALYEG_clean,13.12266,12.88152,13.12266,1.5741,1371.05,871.007,0.0,0.0,0.6462,0.41052,0.0,U,Yes,U,clean,Y,Y,Y,,N,,,,,,,,,,,,,,,,,,,,,,NALYEG_clean,189.6
NAMDUD_clean,16.03482,3.9849,16.03053,0.771409,1799.33,2332.52,0.0,0.0,0.674,0.873726,0.0,Mn,Yes,Mn,clean,Y,Y,Y,,N,,,,,,,,,,,,,,,,,,,,,,NAMDUD_clean,4141.7
NANTII_clean,10.0936,8.00204,10.0936,0.620421,2302.26,3710.81,0.0,0.0,0.7974,1.28526,0.0,Ce,Yes,Ce,clean,Y,Y,Y,,N,,,,,,,,,,,,,,,,,,,,,,NANTII_clean,192.0
NANYUX03_clean,5.54429,4.75767,5.52159,1.04137,1912.89,1836.9,0.0,0.0,0.6486,0.622835,0.0,Zn,No, ,clean,Y,Y,Y,,N,,,,,,,,,,,,,,,,,,,,,,NANYUX03_clean,256.2
NAPNEA_clean,6.09623,3.46864,4.58597,0.972297,496.247,510.387,355.216,365.337,0.5562,0.572048,0.0,"Zn,Si",No, ,clean,Y,Y,Y,,N,,,,,,,,,,,,,,,,,,,,,,NAPNEA_clean,987.3
NAPZOV_clean,5.15523,4.10902,5.14793,1.47553,1007.23,682.626,0.0,0.0,0.5412,0.366783,0.0,Cd,Yes,Cd,clean,N,Y,Y,,N,,,,,,,,,,,,,,,,,,,,,,NAPZOV_clean,306.0
NAQLAT_clean,6.1178,3.53855,6.08833,1.24225,1087.35,875.308,0.0,0.0,0.5306,0.427128,0.0,Zn,Yes,Zn,clean,Y,Y,Y,,N,,,,,,,,,,,,,,,,,,,,,,NAQLAT_clean,1831.7
NAQQED_clean,8.84631,4.18602,8.84631,1.16199,2235.29,1923.68,0.0,0.0,0.7052,0.606892,0.0,Tm,Yes,Tm,clean,Y,Y,Y,,N,,,,,,,,,,,,,,,,,,,,,,NAQQED_clean,245.3
NAQQIH_clean,8.86151,4.15241,8.85959,0.875522,2235.36,2553.18,0.0,0.0,0.7024,0.802264,0.0,Y,Yes,Y,clean,Y,Y,Y,,N,,,,,,,,,,,,,,,,,,,,,,NAQQIH_clean,264.2
NAQQON_clean,9.07609,4.33235,9.07609,1.01182,2282.57,2255.9,0.0,0.0,0.7134,0.705063,0.0,Pr,Yes,Pr,clean,Y,Y,Y,,N,,,,,,,,,,,,,,,,,,,,,,NAQQON_clean,239.2
NAQQUT_clean,9.01357,4.32605,9.01322,1.00423,2256.36,2246.85,0.0,0.0,0.7102,0.707207,0.0,La,Yes,La,clean,Y,Y,Y,,N,,,,,,,,,,,,,,,,,,,,,,NAQQUT_clean,240.8
NAQRAA_clean,8.82176,4.19423,8.82039,1.0822,2240.28,2070.12,0.0,0.0,0.7116,0.657551,0.0,Sm,Yes,Sm,clean,Y,Y,Y,,N,,,,,,,,,,,,,,,,,,,,,,NAQRAA_clean,246.7
NAQREE_clean,8.85655,4.22407,8.85397,1.08196,2247.94,2077.65,0.0,0.0,0.7126,0.658619,0.0,Eu,Yes,Eu,clean,Y,Y,Y,,N,,,,,,,,,,,,,,,,,,,,,,NAQREE_clean,239.1
NARMUR_clean,3.85567,3.41897,3.84405,2.08835,240.166,115.003,0.0,0.0,0.399,0.19106,0.0,Pr,Yes,Pr,clean,N,Y,Y,,N,,,,,,,,,,,,,,,,,,,,,,NARMUR_clean,301.8
NARPOO_clean,4.62788,3.52973,4.62788,1.93637,626.775,323.686,0.0,0.0,0.4208,0.217314,0.0,Pr,Yes,Pr,clean,Y,Y,Y,,N,,,,,,,,,,,,,,,,,,,,,,NARPOO_clean,404.1
NARPUU_clean,4.57962,3.51552,4.57962,1.96606,599.01,304.676,0.0,0.0,0.431,0.219221,0.0,Nd,Yes,Nd,clean,Y,Y,Y,,N,,,,,,,,,,,,,,,,,,,,,,NARPUU_clean,391.7
NASREH_clean,7.10434,4.41446,7.10434,0.83655,2601.4,3109.67,0.0,0.0,0.663,0.79254,0.0,Co,Yes,Co,clean,Y,Y,Y,,N,,,,,,,,,,,,,,,,,,,,,,NASREH_clean,159.7
NASRIL_clean,7.12232,4.94837,7.12232,0.851796,2450.87,2877.3,0.0,0.0,0.6816,0.800191,0.0,Cu,Yes,Cu,clean,Y,Y,Y,,N,,,,,,,,,,,,,,,,,,,,,,NASRIL_clean,158.6
NASROR_clean,13.45228,4.98216,13.45228,0.776126,1903.68,2452.8,0.0,0.0,0.7,0.901915,0.0,Zn,Yes,Zn,clean,Y,Y,Y,,N,,,,,,,,,,,,,,,,,,,,,,NASROR_clean,1029.7
NATFAS_clean,6.53453,3.93626,6.37422,1.34798,1587.17,1177.44,0.0,0.0,0.564,0.418403,0.0,Zn,No, ,clean,Y,Y,Y,,N,,,,,,,,,,,,,,,,,,,,,,NATFAS_clean,1176.1
NATHOH_ion_b,5.49353,3.97352,5.49353,2.17321,1195.36,550.044,0.0,0.0,0.4624,0.212773,0.0,"Mo,Na,Mn,Zn",Yes,Na,ion_b,Y,Y,Y,,N,,,,,,,,,,,,,,,,,,,,,,NATHOH_ion_b,457.8
NATHUO_clean,7.56745,6.68911,7.56745,1.07613,1712.53,1591.37,0.0,0.0,0.6018,0.559224,0.0,Zn,Yes,Zn,clean,Y,Y,Y,,N,,,,,,,,,,,,,,,,,,,,,,NATHUO_clean,561.4
NATKIF_clean,17.00981,12.93858,16.43746,0.345463,1901.41,5503.94,0.0,0.0,0.8556,2.47668,0.0,Cu,Yes,Cu,clean,Y,Y,Y,,N,,,,,,,,,,,,,,,,,,,,,,NATKIF_clean,317.6
NATKOL_clean,7.96067,5.75072,7.91611,0.695846,2746.18,3946.53,0.0,0.0,0.699,1.00453,0.0,Cu,Yes,Cu,clean,Y,Y,Y,,N,,,,,,,,,,,,,,,,,,,,,,NATKOL_clean,339.5
NAVJAW01_clean,11.39615,10.64646,11.39615,1.17113,1550.28,1323.75,0.0,0.0,0.633,0.540502,0.0,Co,Yes,Co,clean,Y,Y,Y,,N,,,,,,,,,,,,,,,,,,,,,,NAVJAW01_clean,225.3
NAVJAW_clean,11.35149,10.97665,11.35149,1.17524,1535.17,1306.26,0.0,0.0,0.6334,0.538952,0.0,Co,Yes,Co,clean,Y,Y,Y,,N,,,,,,,,,,,,,,,,,,,,,,NAVJAW_clean,242.7
NAVLIG_clean,4.05904,3.742,4.05904,1.16225,487.528,419.471,0.0,0.0,0.474,0.407831,0.0,Cu,No, ,clean,Y,Y,Y,,N,,,,,,,,,,,,,,,,,,,,,,NAVLIG_clean,404.1
NAWDUN_clean,7.40097,5.49968,7.39892,0.842634,2070.76,2457.48,0.0,0.0,0.6368,0.755726,0.0,Cu,Yes,Cu,clean,Y,Y,Y,,N,,,,,,,,,,,,,,,,,,,,,,NAWDUN_clean,676.5
NAWKII_clean,5.87047,3.9227,5.87047,0.947947,1478.21,1559.38,0.0,0.0,0.5784,0.610161,0.0,Mg,Yes,Mg,clean,N,Y,Y,,N,,,,,,,,,,,,,,,,,,,,,,NAWKII_clean,1194.4
NAWWUG_clean,5.71546,4.10727,5.46236,1.11201,1652.38,1485.94,0.0,0.0,0.5826,0.523916,0.0,Ni,Yes,Ni,clean,Y,Y,Y,,N,,,,,,,,,,,,,,,,,,,,,,NAWWUG_clean,671.7
NAWXER_clean,9.09863,5.59872,6.09599,0.664973,2891.83,4348.79,0.0,0.0,0.734,1.1038,0.0,Zn,Yes,Zn,clean,Y,Y,Y,,N,,,,,,,,,,,,,,,,,,,,,,NAWXER_clean,200.4
NAXKOO_clean,7.154,7.00039,7.154,1.18269,1555.75,1315.44,0.0,0.0,0.5548,0.469101,0.0,Al,No, ,clean,Y,Y,Y,,N,,,,,,,,,,,,,,,,,,,,,,NAXKOO_clean,910.4
NAXLII_clean,5.86925,5.28522,5.86925,1.2305,998.395,811.372,0.0,0.0,0.5042,0.409751,0.0,Zn,Yes,Zn,clean,Y,Y,Y,,N,,,,,,,,,,,,,,,,,,,,,,NAXLII_clean,324.8
NAYGUR_clean,7.6924,7.0244,7.6924,0.745846,2238.41,3001.16,0.0,0.0,0.7254,0.972586,0.0,Cu,Yes,Cu,clean,Y,Y,Y,,N,,,,,,,,,,,,,,,,,,,,,,NAYGUR_clean,194.3
NAYMOQ_clean,4.042,3.49537,4.03529,1.20973,330.783,273.436,0.0,0.0,0.4026,0.332802,0.0,Na,Yes,Na,clean,Y,Y,Y,,N,,,,,,,,,,,,,,,,,,,,,,NAYMOQ_clean,268.0
NAYNIK_clean,5.90297,3.81726,5.80437,1.72086,950.582,552.388,0.0,0.0,0.5262,0.305777,0.0,Cd,No, ,clean,Y,Y,Y,,N,,,,,,,,,,,,,,,,,,,,,,NAYNIK_clean,253.1
NAYPIM_clean,5.76963,3.48376,5.76943,1.68342,1111.0,659.968,0.0,0.0,0.502,0.298203,0.0,Al,No, ,clean,Y,Y,Y,,N,,,,,,,,,,,,,,,,,,,,,,NAYPIM_clean,2304.1
NAYXOC_clean,8.15867,4.39162,7.93074,1.10978,1802.12,1623.85,0.0,0.0,0.6112,0.550741,0.0,Tb,Yes,Tb,clean,Y,Y,Y,,N,,,,,,,,,,,,,,,,,,,,,,NAYXOC_clean,1121.6
NAYZOE_clean,15.82314,6.52553,15.81665,0.498918,2302.42,4614.84,0.0,0.0,0.813,1.62953,0.0,Cu,Yes,Cu,clean,Y,Y,Y,,N,,,,,,,,,,,,,,,,,,,,,,NAYZOE_clean,598.5
NAYZUK_SL,9.49894,7.59757,9.49894,1.33539,970.819,726.992,135.046,101.128,0.563,0.421599,0.0,In,No, ,SL,Y,Y,Y,,N,,,,,,,,,,,,,,,,,,,,,,NAYZUK_SL,579.6
NAZZEV_clean,9.68562,8.04863,9.67315,1.02009,1679.74,1646.65,0.0,0.0,0.6478,0.635039,0.0,Sm,Yes,Sm,clean,Y,Y,Y,,N,,,,,,,,,,,,,,,,,,,,,,NAZZEV_clean,578.1
nchem.2258-s3_clean,11.60468,9.32321,11.60031,0.548188,2435.64,4443.09,11.1166,20.2788,0.7802,1.42324,0.0,Zn,Yes,Zn,clean,Y,N,Y,,Y,IHABAW,Y,	21/11/2014,10.1038/nchem.2258,"1 SI, 1 Structure",IHABAW,,,,,,,,,,,,,,,,nchem.2258-s3_clean,597.2
ncomms11831_ncomms11831-s2_clean,4.88753,3.53737,4.88616,1.57042,403.532,256.959,0.0,0.0,0.3336,0.212428,0.0,Ca,No, ,clean,Y,N,Y,,Y,UQEFED,Y,19/04/2016,10.1038/ncomms11831,"1 SI, 1 Structure",UQEFED,,,,,,,,,,,,,,,,ncomms11831_ncomms11831-s2_clean,1245.7
ncomms11831_ncomms11831-s3_clean,4.53044,4.08038,4.52326,1.56068,421.065,269.795,0.0,0.0,0.3414,0.21875,0.0,Ca,No, ,clean,Y,N,Y,,Y,UQEFAZ,Y,19/04/2016,10.1038/ncomms11831,"1 SI, 1 Structure",UQEFAZ,,,,,,,,,,,,,,,,ncomms11831_ncomms11831-s3_clean,1313.7
ncomms7350-s2_clean,6.32642,5.9567,6.32642,1.52435,1274.9,836.355,0.0,0.0,0.531,0.348344,0.0,Cu,Yes,Cu,clean,Y,N,Y,,Y,COXDAW,Y,02/01/2015,10.1038/ncomms7350,"1 SI, 5 Structure",COXDAW,COXCOJ,COXCUP,COXDAW,COXDEA,COXDIE,,,,,,,,,,,ncomms7350-s2_clean,530.9
NDAIAH_clean,6.63827,3.41985,6.40814,1.54439,1188.39,769.486,0.0,0.0,0.551,0.356774,0.0,Nd,Yes,Nd,clean,Y,Y,Y,,N,,,,,,,,,,,,,,,,,,,,,,NDAIAH_clean,235.3
NEBNOZ_clean,6.01321,5.05928,6.00094,1.13873,1248.11,1096.06,0.0,0.0,0.5186,0.45542,0.0,Zn,Yes,Zn,clean,Y,Y,Y,,N,,,,,,,,,,,,,,,,,,,,,,NEBNOZ_clean,542.0
NEDVUP_clean,7.10231,5.27516,7.10043,0.883179,2108.77,2387.7,0.0,0.0,0.6378,0.722164,0.0,"Cu,Mn",Yes,Cu,clean,Y,Y,Y,,N,,,,,,,,,,,,,,,,,,,,,,NEDVUP_clean,250.3
NEDWAW_clean,8.21752,5.99671,8.17631,0.756185,2155.93,2851.06,0.0,0.0,0.6702,0.886291,0.0,Mn,No, ,clean,Y,Y,Y,,N,,,,,,,,,,,,,,,,,,,,,,NEDWAW_clean,242.8
NEDWEA_clean,7.23193,5.49922,7.23193,0.857312,2138.95,2494.95,0.0,0.0,0.6398,0.746286,0.0,"Mn,Co",Yes,Co,clean,Y,Y,Y,,N,,,,,,,,,,,,,,,,,,,,,,NEDWEA_clean,228.0
NEDWIE_clean,8.99031,6.43493,8.98641,0.682799,2139.49,3133.41,0.0,0.0,0.724,1.06034,0.0,"Ni,Mn",Yes,Ni,clean,Y,Y,Y,,N,,,,,,,,,,,,,,,,,,,,,,NEDWIE_clean,148.6
NEDXOL_clean,5.99531,3.70069,5.99531,1.19863,1096.35,914.669,0.0,0.0,0.5274,0.440003,0.0,Zn,No, ,clean,Y,Y,Y,,N,,,,,,,,,,,,,,,,,,,,,,NEDXOL_clean,1066.9
NEFZOO_clean,4.9876,4.51456,4.96943,1.17458,1752.87,1492.33,0.0,0.0,0.5624,0.478808,0.0,Cu,Yes,Cu,clean,Y,Y,Y,,N,,,,,,,,,,,,,,,,,,,,,,NEFZOO_clean,1349.7
NEGMUI_clean,6.43529,3.57476,6.40936,1.70833,1135.33,664.583,0.0,0.0,0.5116,0.299474,0.0,"Ru,Gd",Yes,Gd,clean,N,Y,Y,,N,,,,,,,,,,,,,,,,,,,,,,NEGMUI_clean,318.3
NEGZUW_clean,6.52732,5.75532,6.52732,1.40591,2132.81,1517.03,0.0,0.0,0.6336,0.450668,0.0,"Zn,V",Yes,"Zn,V",clean,Y,Y,Y,,N,,,,,,,,,,,,,,,,,,,,,,NEGZUW_clean,352.6
NEHGEO_clean,5.2858,4.45812,5.28563,1.33637,1775.08,1328.28,0.0,0.0,0.5648,0.422636,0.0,Zn,Yes,Zn,clean,Y,Y,Y,,N,,,,,,,,,,,,,,,,,,,,,,NEHGEO_clean,3776.7
NEHGIS_clean,5.25791,4.32138,5.25791,1.34435,1760.82,1309.79,0.0,0.0,0.5618,0.417897,0.0,Zn,Yes,Zn,clean,Y,Y,Y,,N,,,,,,,,,,,,,,,,,,,,,,NEHGIS_clean,3724.7
NEHMET_clean,4.71483,3.76667,4.71105,1.33401,1622.86,1216.53,0.0,0.0,0.597,0.447522,0.0,Cd,No, ,clean,Y,Y,Y,,N,,,,,,,,,,,,,,,,,,,,,,NEHMET_clean,419.9
NEHZIK_clean,7.34019,4.77821,7.34019,1.20148,1239.75,1031.85,0.0,0.0,0.5382,0.447947,0.0,Zn,Yes,Zn,clean,Y,Y,Y,,N,,,,,,,,,,,,,,,,,,,,,,NEHZIK_clean,268.5
NEJRUR_clean,4.68942,3.81829,4.68942,1.2394,1057.89,853.554,15.7348,12.6955,0.5034,0.406165,0.0,Cu,No, ,clean,Y,Y,Y,,N,,,,,,,,,,,,,,,,,,,,,,NEJRUR_clean,328.0
NEJSAY_clean,4.50943,3.7344,4.50943,1.24034,1046.3,843.559,44.3105,35.7246,0.5234,0.421982,0.0,Cu,No, ,clean,Y,Y,Y,,N,,,,,,,,,,,,,,,,,,,,,,NEJSAY_clean,1260.5
NEJSEC_clean,5.81645,3.98304,5.23805,1.24255,1038.8,836.024,5.34967,4.30539,0.5324,0.428473,0.0,Cu,No, ,clean,Y,Y,Y,,N,,,,,,,,,,,,,,,,,,,,,,NEJSEC_clean,574.3
NEJSOM_clean,5.41485,4.53855,5.40953,1.12052,1544.19,1378.11,0.0,0.0,0.5672,0.506195,0.0,Cu,No, ,clean,Y,Y,Y,,N,,,,,,,,,,,,,,,,,,,,,,NEJSOM_clean,495.0
NEKBEL_clean,4.90746,3.89074,4.89557,1.60125,914.813,571.31,2.67246,1.66898,0.5046,0.315128,0.0,"W,Co",Yes,Co,clean,Y,Y,Y,,N,,,,,,,,,,,,,,,,,,,,,,NEKBEL_clean,215.1
NEKMUN_clean,5.69957,3.6274,5.51939,1.30616,1011.9,774.717,0.0,0.0,0.4788,0.366572,0.0,Co,No, ,clean,Y,Y,Y,,N,,,,,,,,,,,,,,,,,,,,,,NEKMUN_clean,991.9
NEKREB_clean,7.13295,5.12512,7.13295,1.3542,1081.87,798.902,136.454,100.763,0.5622,0.415152,0.0,Pd,Yes,Pd,clean,Y,Y,Y,,N,,,,,,,,,,,,,,,,,,,,,,NEKREB_clean,266.8
NELVAC_clean,4.82648,4.29457,4.79942,1.65303,931.318,563.4,0.0,0.0,0.5062,0.306225,0.0,Zn,No, ,clean,Y,Y,Y,,N,,,,,,,,,,,,,,,,,,,,,,NELVAC_clean,657.6
NELVEG_clean,4.88877,3.9894,4.88281,1.93052,846.514,438.489,0.0,0.0,0.4838,0.250606,0.0,Zn,No, ,clean,Y,Y,Y,,N,,,,,,,,,,,,,,,,,,,,,,NELVEG_clean,752.9
NENFAN_clean,7.3527,6.48023,7.3527,2.08229,1229.05,590.24,0.0,0.0,0.526,0.252607,0.0,Ga,No, ,clean,Y,Y,Y,,N,,,,,,,,,,,,,,,,,,,,,,NENFAN_clean,2785.0
NENHAQ_clean,10.30187,9.48231,10.30187,0.81249,1810.52,2228.36,0.0,0.0,0.7266,0.894287,0.0,Cd,Yes,Cd,clean,Y,Y,Y,,N,,,,,,,,,,,,,,,,,,,,,,NENHAQ_clean,360.4
NEPWIQ_clean,4.3412,3.92268,4.32302,2.14557,765.165,356.625,0.0,0.0,0.4758,0.221759,0.0,Er,Yes,Er,clean,N,Y,Y,,N,,,,,,,,,,,,,,,,,,,,,,NEPWIQ_clean,812.8
NERMON_clean,5.21245,4.69214,4.9752,1.84917,802.953,434.223,0.0,0.0,0.4356,0.235565,0.0,Er,Yes,Er,clean,Y,Y,Y,,N,,,,,,,,,,,,,,,,,,,,,,NERMON_clean,275.4
NERTAH_clean,4.54882,3.46995,4.4502,1.3343,589.598,441.88,43.1614,32.3477,0.4772,0.357642,0.0,Cu,Yes,Cu,clean,Y,Y,Y,,N,,,,,,,,,,,,,,,,,,,,,,NERTAH_clean,1091.1
NERVAJ_clean,12.53445,5.46518,12.53445,1.01277,1389.34,1371.82,0.0,0.0,0.569,0.561827,0.0,Zn,Yes,Zn,clean,Y,Y,Y,,N,,,,,,,,,,,,,,,,,,,,,,NERVAJ_clean,716.2
NERVEN_clean,12.25139,5.76203,12.25139,1.08035,1360.26,1259.1,0.0,0.0,0.5706,0.528164,0.0,Cd,Yes,Cd,clean,Y,Y,Y,,N,,,,,,,,,,,,,,,,,,,,,,NERVEN_clean,720.1
NETHOJ_clean_h,4.97649,4.04567,4.52041,1.68332,1607.37,954.88,0.0,0.0,0.565,0.335646,0.0,Dy,Yes,Dy,clean_h,N,Y,Y,,N,,,,,,,,,,,,,,,,,,,,,,NETHOJ_clean_h,366.0
NETYIV01_clean,8.07265,7.09602,8.06746,0.782971,2020.36,2580.37,0.0,0.0,0.686,0.87615,0.0,Cu,Yes,Cu,clean,Y,Y,Y,,N,,,,,,,,,,,,,,,,,,,,,,NETYIV01_clean,438.7
NETYIV_clean,8.05298,7.05859,8.05298,0.781018,1992.35,2550.96,0.0,0.0,0.686,0.878341,0.0,Cu,Yes,Cu,clean,Y,Y,Y,,N,,,,,,,,,,,,,,,,,,,,,,NETYIV_clean,422.8
NEVJEF_clean,6.93106,3.47964,6.92655,1.61189,1003.29,622.432,0.0,0.0,0.4932,0.305976,0.0,Cd,Yes,Cd,clean,Y,Y,Y,,N,,,,,,,,,,,,,,,,,,,,,,NEVJEF_clean,391.1
NEVPOU_clean,6.31655,5.18077,6.31594,1.2374,1037.41,838.376,200.543,162.068,0.5652,0.456764,0.0,Cu,Yes,Cu,clean,Y,Y,Y,,N,,,,,,,,,,,,,,,,,,,,,,NEVPOU_clean,469.6
NEVVAM01_clean,6.94552,5.78544,6.80825,1.42342,1408.53,989.544,0.0,0.0,0.5446,0.3826,0.0,Co,No, ,clean,Y,Y,Y,,N,,,,,,,,,,,,,,,,,,,,,,NEVVAM01_clean,305.7
NEVVAM02_clean,6.83817,5.86962,6.83673,1.42399,1416.84,994.976,0.0,0.0,0.5302,0.372334,0.0,Co,No, ,clean,Y,Y,Y,,N,,,,,,,,,,,,,,,,,,,,,,NEVVAM02_clean,344.5
NEVVAM_clean,6.98127,5.93133,6.98127,1.4203,1415.91,996.914,0.0,0.0,0.523,0.368233,0.0,Co,No, ,clean,Y,Y,Y,,N,,,,,,,,,,,,,,,,,,,,,,NEVVAM_clean,331.5
NEVVEQ_clean,4.80581,3.79614,4.80581,1.56913,728.185,464.069,0.0,0.0,0.453,0.288695,0.0,Co,No, ,clean,Y,Y,Y,,N,,,,,,,,,,,,,,,,,,,,,,NEVVEQ_clean,989.5
NEXVET_clean,15.05129,7.94511,15.02301,0.572296,2220.51,3880.01,0.0,0.0,0.8096,1.41465,0.0,Ni,No, ,clean,Y,Y,Y,,N,,,,,,,,,,,,,,,,,,,,,,NEXVET_clean,845.1
NEXVUI_clean,9.07531,8.9508,9.07531,1.35917,693.606,510.314,30.665,22.5615,0.5322,0.391561,0.0,Cd,Yes,Cd,clean,Y,Y,Y,,N,,,,,,,,,,,,,,,,,,,,,,NEXVUI_clean,307.4
NEXXEV_clean,10.14339,9.60102,10.14163,0.701942,1675.6,2387.1,0.0,0.0,0.6396,0.911186,0.0,Li,Yes,Li,clean,Y,Y,Y,,N,,,,,,,,,,,,,,,,,,,,,,NEXXEV_clean,654.8
NEXXIZ_clean,9.73301,9.22346,9.73301,0.709285,1668.91,2352.94,0.0,0.0,0.6328,0.892166,0.0,Li,Yes,Li,clean,Y,Y,Y,,N,,,,,,,,,,,,,,,,,,,,,,NEXXIZ_clean,708.5
NEYVEU_clean,20.18169,6.42425,20.08436,0.514184,2007.78,3904.79,0.0,0.0,0.7952,1.54653,0.0,Zn,No, ,clean,Y,Y,Y,,N,,,,,,,,,,,,,,,,,,,,,,NEYVEU_clean,2423.5
NEYYUN_clean,4.68454,4.06012,4.68454,1.064,2087.99,1962.4,0.0,0.0,0.6166,0.579512,0.0,Ni,Yes,Ni,clean,Y,Y,Y,,N,,,,,,,,,,,,,,,,,,,,,,NEYYUN_clean,534.2
NEYZAU_clean,4.66904,4.09054,4.65339,0.942406,2112.21,2241.29,0.0,0.0,0.6186,0.656405,0.0,Mg,Yes,Mg,clean,Y,Y,Y,,N,,,,,,,,,,,,,,,,,,,,,,NEYZAU_clean,567.6
NEZWOG01_clean,6.15081,4.94067,6.15081,1.68632,1580.27,937.116,0.0,0.0,0.5538,0.328408,0.0,La,Yes,La,clean,Y,Y,Y,,N,,,,,,,,,,,,,,,,,,,,,,NEZWOG01_clean,287.4
NEZWOG_clean,6.42146,5.18119,6.41863,1.71364,1489.36,869.12,0.0,0.0,0.552,0.322122,0.0,La,Yes,La,clean,Y,Y,Y,,N,,,,,,,,,,,,,,,,,,,,,,NEZWOG_clean,412.1
NIBHUC_clean,18.86769,11.8721,18.86769,0.449382,1927.35,4288.89,0.0,0.0,0.8286,1.84387,0.0,Cu,Yes,Cu,clean,Y,Y,Y,,N,,,,,,,,,,,,,,,,,,,,,,NIBHUC_clean,261.0
NIBJAK_clean,32.00355,17.55175,32.00033,0.223433,1188.94,5321.22,0.0,0.0,0.9102,4.0737,0.0,Cu,Yes,Cu,clean,Y,Y,Y,,N,,,,,,,,,,,,,,,,,,,,,,NIBJAK_clean,110.9
NIBXUT_clean,6.21117,5.18074,6.19848,1.9388,1406.45,725.426,0.0,0.0,0.5234,0.269961,0.0,Gd,Yes,Gd,clean,Y,Y,Y,,N,,,,,,,,,,,,,,,,,,,,,,NIBXUT_clean,590.2
NIFTIH_clean,4.90975,3.65701,4.90975,1.37616,1012.21,735.536,0.0,0.0,0.5236,0.380479,0.0,Cd,Yes,Cd,clean,N,Y,Y,,N,,,,,,,,,,,,,,,,,,,,,,NIFTIH_clean,431.4
NIGBOW_clean,11.80846,11.56903,11.80846,0.664854,1743.47,2622.33,0.0,0.0,0.7086,1.0658,0.0,V,No, ,clean,Y,Y,Y,,N,,,,,,,,,,,,,,,,,,,,,,NIGBOW_clean,156.3
NIGDEO_clean,13.9402,7.42068,13.92619,0.633535,2119.03,3344.77,0.0,0.0,0.7538,1.18983,0.0,Cu,Yes,Cu,clean,Y,Y,Y,,N,,,,,,,,,,,,,,,,,,,,,,NIGDEO_clean,653.3
NIGDIS_clean,14.03164,7.36423,14.03164,0.622681,2210.2,3549.5,0.0,0.0,0.7674,1.23241,0.0,Cu,Yes,Cu,clean,Y,Y,Y,,N,,,,,,,,,,,,,,,,,,,,,,NIGDIS_clean,647.8
NIGFIT_clean,7.4378,4.64365,7.4378,1.2326,2395.77,1943.66,0.0,0.0,0.659,0.53464,0.0,Er,Yes,Er,clean,N,Y,Y,,N,,,,,,,,,,,,,,,,,,,,,,NIGFIT_clean,234.5
NIGFOZ_clean,7.49823,4.6446,7.49513,1.19407,2411.1,2019.23,0.0,0.0,0.6618,0.554241,0.0,Tb,Yes,Tb,clean,N,Y,Y,,N,,,,,,,,,,,,,,,,,,,,,,NIGFOZ_clean,239.3
NIGFUF_clean,7.45855,4.62821,7.45855,1.23037,2420.25,1967.09,0.0,0.0,0.6578,0.534636,0.0,Dy,Yes,Dy,clean,N,Y,Y,,N,,,,,,,,,,,,,,,,,,,,,,NIGFUF_clean,246.5
NIGGAM_clean,7.44488,4.63983,7.44488,1.22204,2431.75,1989.92,0.0,0.0,0.6646,0.543847,0.0,Ho,Yes,Ho,clean,N,Y,Y,,N,,,,,,,,,,,,,,,,,,,,,,NIGGAM_clean,232.2
NIGGEQ_clean,7.37601,4.62938,6.94846,1.24921,2427.77,1943.44,0.0,0.0,0.6582,0.526892,0.0,Tm,Yes,Tm,clean,N,Y,Y,,N,,,,,,,,,,,,,,,,,,,,,,NIGGEQ_clean,248.2
NIGGIU_clean,7.3331,4.59835,7.3331,1.27304,2426.84,1906.33,0.0,0.0,0.656,0.5153,0.0,Yb,Yes,Yb,clean,N,Y,Y,,N,,,,,,,,,,,,,,,,,,,,,,NIGGIU_clean,298.0
NIGNUO_clean,16.88905,3.72632,16.88905,0.773731,1979.77,2558.73,0.0,0.0,0.6948,0.897987,0.0,Co,Yes,Co,clean,Y,Y,Y,,N,,,,,,,,,,,,,,,,,,,,,,NIGNUO_clean,1040.1
NIGPEA_clean,10.42385,9.24875,10.42385,0.730648,2142.0,2931.64,0.0,0.0,0.6842,0.936428,0.0,Co,Yes,Co,clean,Y,Y,Y,,N,,,,,,,,,,,,,,,,,,,,,,NIGPEA_clean,803.5
NIHBAI01_clean,4.75768,3.68765,4.75768,1.76453,773.951,438.616,0.0,0.0,0.4424,0.250719,0.0,Fe,No, ,clean,Y,Y,Y,,N,,,,,,,,,,,,,,,,,,,,,,NIHBAI01_clean,305.2
NIHBAI02_clean,4.7992,3.7527,4.7992,1.74298,825.866,473.823,0.0,0.0,0.449,0.257604,0.0,Fe,No, ,clean,Y,Y,Y,,N,,,,,,,,,,,,,,,,,,,,,,NIHBAI02_clean,311.1
NIHBAI_clean,4.7247,3.65018,4.71583,1.7748,745.205,419.881,0.0,0.0,0.4386,0.247126,0.0,Fe,No, ,clean,Y,Y,Y,,N,,,,,,,,,,,,,,,,,,,,,,NIHBAI_clean,308.2
NIHBEM01_clean,4.87963,3.68372,4.87963,1.74048,783.372,450.089,0.0,0.0,0.4496,0.258319,0.0,Fe,No, ,clean,Y,Y,Y,,N,,,,,,,,,,,,,,,,,,,,,,NIHBEM01_clean,314.0
NIHBEM02_clean,5.01891,3.78432,5.01891,1.70287,870.252,511.052,0.0,0.0,0.4636,0.272247,0.0,Fe,No, ,clean,Y,Y,Y,,N,,,,,,,,,,,,,,,,,,,,,,NIHBEM02_clean,318.0
NIHBEM_clean,4.82471,3.66332,4.81898,1.76393,749.866,425.111,0.0,0.0,0.4434,0.25137,0.0,Fe,No, ,clean,Y,Y,Y,,N,,,,,,,,,,,,,,,,,,,,,,NIHBEM_clean,318.7
NIHBIQ01_clean,5.30133,3.89271,5.30133,1.65496,952.5,575.542,0.0,0.0,0.4798,0.289916,0.0,Fe,No, ,clean,Y,Y,Y,,N,,,,,,,,,,,,,,,,,,,,,,NIHBIQ01_clean,308.0
NIHBIQ02_clean,5.38184,3.95166,5.35574,1.6285,1006.66,618.147,0.0,0.0,0.4894,0.300521,0.0,Fe,No, ,clean,Y,Y,Y,,N,,,,,,,,,,,,,,,,,,,,,,NIHBIQ02_clean,305.6
NIHBIQ_clean,5.25122,3.88968,5.21988,1.66955,927.396,555.476,0.0,0.0,0.4762,0.285226,0.0,Fe,No, ,clean,Y,Y,Y,,N,,,,,,,,,,,,,,,,,,,,,,NIHBIQ_clean,312.9
NIHVUX_clean,7.06296,5.57011,7.05951,3.18911,938.163,294.177,124.289,38.973,0.4932,0.154651,0.0,"W,Mn,Ce",Yes,"W,Mn,Ce",clean,N,Y,Y,,N,,,,,,,,,,,,,,,,,,,,,,NIHVUX_clean,275.8
NIJTOR_clean,5.13346,3.60858,4.57199,1.35089,285.546,211.376,191.611,141.84,0.4084,0.302318,0.0,Co,Yes,Co,clean,N,Y,Y,,N,,,,,,,,,,,,,,,,,,,,,,NIJTOR_clean,536.9
NIJZIP01_clean,8.50827,7.36867,8.50827,1.45663,1110.96,762.692,3.7965,2.60636,0.5674,0.38953,0.0,"Cu,Nd",Yes,Cu,clean,Y,Y,Y,,N,,,,,,,,,,,,,,,,,,,,,,NIJZIP01_clean,246.0
NIJZIP_clean,9.04941,7.56212,9.04941,1.42787,1214.86,850.82,0.0,0.0,0.5802,0.406339,0.0,"Cu,Nd",Yes,Cu,clean,Y,Y,Y,,N,,,,,,,,,,,,,,,,,,,,,,NIJZIP_clean,174.2
NIJZOV_clean,8.62609,7.08161,8.6236,1.5406,1133.11,735.501,0.0,0.0,0.5798,0.376347,0.0,"Cu,Er",Yes,Cu,clean,Y,Y,Y,,N,,,,,,,,,,,,,,,,,,,,,,NIJZOV_clean,172.4
NIKDAM_clean,7.96983,7.14498,7.96983,0.958363,1366.23,1425.59,0.0,0.0,0.6056,0.631911,0.0,Ce,Yes,Ce,clean,Y,Y,Y,,N,,,,,,,,,,,,,,,,,,,,,,NIKDAM_clean,275.0
NIKJIB_clean,7.23675,3.61132,7.23452,1.15081,1184.22,1029.04,0.0,0.0,0.5324,0.462633,0.0,Er,Yes,Er,clean,Y,Y,Y,,N,,,,,,,,,,,,,,,,,,,,,,NIKJIB_clean,740.8
NIKKIC_clean,5.94413,4.27315,5.93398,1.24613,1177.42,944.864,0.0,0.0,0.498,0.399638,0.0,Er,Yes,Er,clean,Y,Y,Y,,N,,,,,,,,,,,,,,,,,,,,,,NIKKIC_clean,564.2
NIKYOW01_clean,4.61161,3.58405,4.59865,1.78633,690.02,386.278,0.0,0.0,0.436,0.244076,0.0,Fe,No, ,clean,Y,Y,Y,,N,,,,,,,,,,,,,,,,,,,,,,NIKYOW01_clean,305.5
NIKYOW02_clean,4.72463,3.68194,4.72463,1.75151,766.584,437.671,0.0,0.0,0.4498,0.256808,0.0,Fe,No, ,clean,Y,Y,Y,,N,,,,,,,,,,,,,,,,,,,,,,NIKYOW02_clean,316.2
NIKYOW_clean,4.56807,3.54686,4.56807,1.80221,654.259,363.032,0.0,0.0,0.4324,0.239928,0.0,Fe,No, ,clean,Y,Y,Y,,N,,,,,,,,,,,,,,,,,,,,,,NIKYOW_clean,301.7
NIKYUC01_clean,4.94759,3.68791,4.94354,1.71164,846.153,494.351,0.0,0.0,0.4572,0.267112,0.0,Fe,No, ,clean,Y,Y,Y,,N,,,,,,,,,,,,,,,,,,,,,,NIKYUC01_clean,319.1
NIKYUC02_clean,5.06856,3.78234,5.06856,1.67303,915.135,546.992,0.0,0.0,0.4718,0.282003,0.0,Fe,No, ,clean,Y,Y,Y,,N,,,,,,,,,,,,,,,,,,,,,,NIKYUC02_clean,314.2
NIKYUC_clean,4.9018,3.64376,4.89963,1.7317,810.432,467.997,0.0,0.0,0.4504,0.260091,0.0,Fe,No, ,clean,Y,Y,Y,,N,,,,,,,,,,,,,,,,,,,,,,NIKYUC_clean,316.1
NIKZAJ01_clean,4.60883,3.61545,4.57384,1.79637,691.539,384.965,0.0,0.0,0.4298,0.23926,0.0,Fe,No, ,clean,Y,Y,Y,,N,,,,,,,,,,,,,,,,,,,,,,NIKZAJ01_clean,312.5
NIKZAJ02_clean,4.67382,3.68928,4.66396,1.76633,754.073,426.914,0.0,0.0,0.4402,0.249217,0.0,Fe,No, ,clean,Y,Y,Y,,N,,,,,,,,,,,,,,,,,,,,,,NIKZAJ02_clean,317.0
NIKZAJ_clean,4.56098,3.58427,4.53545,1.81346,655.548,361.491,0.0,0.0,0.426,0.234911,0.0,Fe,No, ,clean,Y,Y,Y,,N,,,,,,,,,,,,,,,,,,,,,,NIKZAJ_clean,306.5
NIKZEN01_clean,4.86464,3.71164,4.85271,1.72603,830.972,481.435,0.0,0.0,0.4544,0.263263,0.0,Fe,No, ,clean,Y,Y,Y,,N,,,,,,,,,,,,,,,,,,,,,,NIKZEN01_clean,315.4
NIKZEN02_clean,4.94738,3.78699,4.94738,1.70037,871.961,512.806,0.0,0.0,0.4662,0.274175,0.0,Fe,No, ,clean,Y,Y,Y,,N,,,,,,,,,,,,,,,,,,,,,,NIKZEN02_clean,314.1
NIKZEN_clean,4.82301,3.70763,4.82301,1.74152,807.966,463.944,0.0,0.0,0.4514,0.259199,0.0,Fe,No, ,clean,Y,Y,Y,,N,,,,,,,,,,,,,,,,,,,,,,NIKZEN_clean,321.3
NIMPEG01_clean,8.44,5.51406,8.10508,0.6075,2688.56,4425.61,0.0,0.0,0.7444,1.22535,0.0,Cu,Yes,Cu,clean,Y,Y,Y,,N,,,,,,,,,,,,,,,,,,,,,,NIMPEG01_clean,220.0
NIMPEG_clean,5.8871,5.25211,5.8871,0.735505,2646.72,3598.51,0.0,0.0,0.6844,0.930517,0.0,Cu,Yes,Cu,clean,Y,Y,Y,,N,,,,,,,,,,,,,,,,,,,,,,NIMPEG_clean,254.1
NIMPOQ_clean,9.48433,7.47639,9.46555,0.558554,2612.29,4676.87,0.0,0.0,0.765,1.36961,0.0,Cu,Yes,Cu,clean,Y,Y,Y,,N,,,,,,,,,,,,,,,,,,,,,,NIMPOQ_clean,779.8
NIMTAE_clean,4.79937,4.4136,4.79752,1.0571,1265.99,1197.61,0.0,0.0,0.5494,0.519725,0.0,Ag,No, ,clean,Y,Y,Y,,N,,,,,,,,,,,,,,,,,,,,,,NIMTAE_clean,523.2
NIMXAK_clean,11.51604,3.85375,11.50661,0.98882,1692.19,1711.32,0.0,0.0,0.6486,0.655933,0.0,Ti,No, ,clean,Y,Y,Y,,N,,,,,,,,,,,,,,,,,,,,,,NIMXAK_clean,346.9
NIMXIS_clean,10.63837,6.01154,10.63837,1.05177,1918.06,1823.65,0.0,0.0,0.667,0.634168,0.0,Zn,Yes,Zn,clean,Y,Y,Y,,N,,,,,,,,,,,,,,,,,,,,,,NIMXIS_clean,241.7
NINHOH_clean,6.49972,5.39746,6.49972,1.04902,2642.26,2518.78,0.0,0.0,0.76,0.724483,0.0,Cd,Yes,Cd,clean,Y,Y,Y,,N,,,,,,,,,,,,,,,,,,,,,,NINHOH_clean,83.6
NINVAI_clean,11.85606,6.40748,11.85606,0.818223,2181.06,2665.61,0.0,0.0,0.7028,0.858935,0.0,Fe,Yes,Fe,clean,Y,Y,Y,,N,,,,,,,,,,,,,,,,,,,,,,NINVAI_clean,250.6
NIRGAY_clean,8.4539,5.80719,8.43976,0.806367,1866.49,2314.69,0.0,0.0,0.644,0.798644,0.0,Mn,Yes,Mn,clean,Y,Y,Y,,N,,,,,,,,,,,,,,,,,,,,,,NIRGAY_clean,371.3
NISBEX_clean,4.31898,3.41744,4.31844,1.44504,366.268,253.467,91.9485,63.6306,0.472,0.326636,0.0,La,Yes,La,clean,Y,Y,Y,,N,,,,,,,,,,,,,,,,,,,,,,NISBEX_clean,642.2
NIVZOJ_clean,9.94924,7.55081,9.94924,0.836734,2096.15,2505.16,0.0,0.0,0.7358,0.879372,0.0,Ag,Yes,Ag,clean,Y,Y,Y,,N,,,,,,,,,,,,,,,,,,,,,,NIVZOJ_clean,194.7
NIYJAI_clean,5.86863,4.46882,5.70658,1.13108,1072.3,948.033,0.0,0.0,0.5246,0.463806,0.0,Cd,No, ,clean,Y,Y,Y,,N,,,,,,,,,,,,,,,,,,,,,,NIYJAI_clean,1167.6
NIYZIG_clean,9.1257,4.85174,9.11367,0.956862,1879.49,1964.22,0.0,0.0,0.637,0.665718,0.0,Zn,Yes,Zn,clean,Y,Y,Y,,N,,,,,,,,,,,,,,,,,,,,,,NIYZIG_clean,487.5
NIZNAN_clean,5.62761,3.49058,5.62761,1.17342,1545.25,1316.88,0.0,0.0,0.567,0.483203,0.0,Tb,Yes,Tb,clean,Y,Y,Y,,N,,,,,,,,,,,,,,,,,,,,,,NIZNAN_clean,1263.2
NIZZAY_clean,8.39896,7.78516,8.38426,1.2112,2073.27,1711.74,0.0,0.0,0.6754,0.557627,0.0,Zn,No, ,clean,Y,Y,Y,,N,,,,,,,,,,,,,,,,,,,,,,NIZZAY_clean,1457.4
NIZZEC_clean,8.3208,7.63206,8.31922,1.20763,2065.46,1710.34,0.0,0.0,0.6766,0.560269,0.0,Zn,No, ,clean,Y,Y,Y,,N,,,,,,,,,,,,,,,,,,,,,,NIZZEC_clean,435.6
NIZZIG_clean,8.38921,7.68868,8.37589,1.19762,2072.68,1730.66,0.0,0.0,0.6836,0.570798,0.0,Zn,No, ,clean,Y,Y,Y,,N,,,,,,,,,,,,,,,,,,,,,,NIZZIG_clean,242.4
NIZZOM_clean,8.52507,7.77175,8.50752,1.1812,2086.39,1766.33,0.0,0.0,0.685,0.579917,0.0,Zn,No, ,clean,Y,Y,Y,,N,,,,,,,,,,,,,,,,,,,,,,NIZZOM_clean,245.9
NOBVOR_clean,5.28259,5.11208,5.27848,1.1717,1472.77,1256.95,0.0,0.0,0.5292,0.451653,0.0,Co,No, ,clean,Y,Y,Y,,N,,,,,,,,,,,,,,,,,,,,,,NOBVOR_clean,572.6
NOCKOG_clean,5.62673,5.01808,5.62673,1.04593,1347.49,1288.32,0.0,0.0,0.553,0.528716,0.0,Mg,Yes,Mg,clean,N,Y,Y,,N,,,,,,,,,,,,,,,,,,,,,,NOCKOG_clean,607.1
NOCKUM_clean,6.00758,5.1022,6.00758,1.07326,1338.2,1246.86,0.0,0.0,0.5502,0.512645,0.0,Ca,Yes,Ca,clean,N,Y,Y,,N,,,,,,,,,,,,,,,,,,,,,,NOCKUM_clean,637.2
NOCLOH01_clean,5.48382,4.82541,5.46744,1.30816,1237.43,945.928,0.0,0.0,0.5374,0.410806,0.0,Sr,Yes,Sr,clean,N,Y,Y,,N,,,,,,,,,,,,,,,,,,,,,,NOCLOH01_clean,399.1
NOCLOH02_clean,5.50015,4.83636,5.44966,1.30452,1262.04,967.436,0.0,0.0,0.5462,0.418699,0.0,Sr,Yes,Sr,clean,N,Y,Y,,N,,,,,,,,,,,,,,,,,,,,,,NOCLOH02_clean,392.5
NOCLOH03_clean,5.53774,4.87922,5.44835,1.29563,1278.59,986.85,0.0,0.0,0.5392,0.416168,0.0,Sr,Yes,Sr,clean,N,Y,Y,,N,,,,,,,,,,,,,,,,,,,,,,NOCLOH03_clean,383.7
NOCLOH_clean,5.4394,4.78188,5.37771,1.31451,1235.22,939.686,0.0,0.0,0.5324,0.405018,0.0,Sr,Yes,Sr,clean,N,Y,Y,,N,,,,,,,,,,,,,,,,,,,,,,NOCLOH_clean,384.7
NOCLUN_clean,6.26764,5.77209,6.22951,1.07441,1685.14,1568.43,0.0,0.0,0.6158,0.57315,0.0,Sr,Yes,Sr,clean,N,Y,Y,,N,,,,,,,,,,,,,,,,,,,,,,NOCLUN_clean,298.1
NOCYUB_clean,4.54438,4.10807,4.54438,1.72564,433.752,251.357,0.0,0.0,0.3964,0.229712,0.0,"Sr,Zn",Yes,Sr,clean,Y,Y,Y,,N,,,,,,,,,,,,,,,,,,,,,,NOCYUB_clean,429.9
NOCZAI_clean,4.42954,4.04745,4.42954,1.74484,414.324,237.458,0.705302,0.404222,0.3944,0.226039,0.0,"Sr,Ni",Yes,Sr,clean,Y,Y,Y,,N,,,,,,,,,,,,,,,,,,,,,,NOCZAI_clean,416.5
NODKAT_clean,4.87174,3.58316,4.87174,1.20089,870.838,725.159,0.0,0.0,0.5258,0.437841,0.0,In,No, ,clean,Y,Y,Y,,N,,,,,,,,,,,,,,,,,,,,,,NODKAT_clean,937.1
NODKOH_clean,5.43236,4.66054,5.43106,1.05473,1385.41,1313.52,0.0,0.0,0.5884,0.557866,0.0,In,No, ,clean,Y,Y,Y,,N,,,,,,,,,,,,,,,,,,,,,,NODKOH_clean,1003.9
NODKUN_clean,8.11946,6.79716,8.07056,0.764763,2379.51,3111.44,0.0,0.0,0.6852,0.895963,0.0,In,No, ,clean,Y,Y,Y,,N,,,,,,,,,,,,,,,,,,,,,,NODKUN_clean,342.9
NOFDUI_clean,4.93531,4.06199,4.92703,1.21153,1000.68,825.958,0.0,0.0,0.4872,0.402135,0.0,Co,No, ,clean,Y,Y,Y,,N,,,,,,,,,,,,,,,,,,,,,,NOFDUI_clean,819.3
NOFHOG_clean,6.65675,5.09348,6.63927,0.822826,2730.97,3319.01,0.0,0.0,0.6932,0.842462,0.0,Eu,Yes,Eu,clean,Y,Y,Y,,N,,,,,,,,,,,,,,,,,,,,,,NOFHOG_clean,320.6
NOFQAB_clean,21.07333,4.609,21.07333,0.947534,1218.66,1286.14,157.272,165.98,0.655,0.691268,0.0,Zn,No, ,clean,Y,Y,Y,,N,,,,,,,,,,,,,,,,,,,,,,NOFQAB_clean,4388.4
NOFQIK_clean,4.9549,4.61383,4.95259,1.45912,792.567,543.181,0.0,0.0,0.5256,0.360216,0.0,Cu,Yes,Cu,clean,Y,Y,Y,,N,,,,,,,,,,,,,,,,,,,,,,NOFQIK_clean,246.1
NOFQOQ_clean,5.26068,4.9317,5.26068,1.52336,805.604,528.834,0.0,0.0,0.5044,0.331111,0.0,Cu,Yes,Cu,clean,Y,Y,Y,,N,,,,,,,,,,,,,,,,,,,,,,NOFQOQ_clean,274.9
NOGDAP_clean,6.90613,3.48821,6.90608,1.43733,1400.84,974.616,0.0,0.0,0.5538,0.385299,0.0,Al,No, ,clean,Y,Y,Y,,N,,,,,,,,,,,,,,,,,,,,,,NOGDAP_clean,1883.8
NOHFOG_clean,5.40858,4.54107,5.33613,1.66638,1542.3,925.536,0.0,0.0,0.5474,0.328496,0.0,Er,Yes,Er,clean,Y,Y,Y,,N,,,,,,,,,,,,,,,,,,,,,,NOHFOG_clean,233.0
NOHLAZ_clean,4.58304,3.41283,4.57147,1.83959,742.915,403.849,0.0,0.0,0.415,0.225594,0.0,"Na,Sm",Yes,"Na,Sm",clean,Y,Y,Y,,N,,,,,,,,,,,,,,,,,,,,,,NOHLAZ_clean,170.5
NOHSIM01_clean,4.97938,3.79602,4.89937,1.44217,1518.59,1052.99,0.0,0.0,0.5942,0.412019,0.0,Zn,No, ,clean,Y,Y,Y,,N,,,,,,,,,,,,,,,,,,,,,,NOHSIM01_clean,669.6
NOHSIM_clean,4.94525,3.77888,4.76061,1.43422,1498.07,1044.52,0.0,0.0,0.608,0.423923,0.0,Zn,No, ,clean,Y,Y,Y,,N,,,,,,,,,,,,,,,,,,,,,,NOHSIM_clean,406.6
NOHSUA_clean,8.36544,4.75817,8.32279,0.872139,1620.2,1857.73,0.0,0.0,0.5908,0.677415,0.0,Ca,Yes,Ca,clean,Y,Y,Y,,N,,,,,,,,,,,,,,,,,,,,,,NOHSUA_clean,748.5
NOKJON_clean,7.47331,5.41094,7.47331,2.39941,2004.26,835.312,0.0,0.0,0.6598,0.274984,0.0,"Zn,U",Yes,U,clean,Y,Y,Y,,N,,,,,,,,,,,,,,,,,,,,,,NOKJON_clean,186.3
NOKLIJ_clean,11.48526,10.66621,11.48526,1.19832,1550.1,1293.56,0.0,0.0,0.646,0.539086,0.0,Ni,Yes,Ni,clean,Y,Y,Y,,N,,,,,,,,,,,,,,,,,,,,,,NOKLIJ_clean,239.6
NOKPEJ_clean,4.49218,3.71025,4.45459,1.6407,696.202,424.332,0.828968,0.505252,0.5208,0.317425,0.0,Cd,Yes,Cd,clean,Y,Y,Y,,N,,,,,,,,,,,,,,,,,,,,,,NOKPEJ_clean,256.7
NOMQAJ01_clean,4.90223,3.68918,4.90223,1.31657,708.381,538.05,0.0,0.0,0.45,0.341797,0.0,Zn,No, ,clean,Y,Y,Y,,N,,,,,,,,,,,,,,,,,,,,,,NOMQAJ01_clean,515.6
NOPJOT_clean,6.1592,4.69936,6.14418,1.00061,2117.03,2115.74,0.0,0.0,0.6142,0.613825,0.0,Mn,Yes,Mn,clean,Y,Y,Y,,N,,,,,,,,,,,,,,,,,,,,,,NOPJOT_clean,441.1
NOQKOV_clean,5.57218,4.25994,5.56937,1.06467,1684.1,1581.8,0.0,0.0,0.536,0.503441,0.0,Co,No, ,clean,Y,Y,Y,,N,,,,,,,,,,,,,,,,,,,,,,NOQKOV_clean,417.6
NOQKUB_clean,5.39399,4.39499,5.39187,1.00245,1858.17,1853.63,0.0,0.0,0.55,0.548657,0.0,Co,No, ,clean,Y,Y,Y,,N,,,,,,,,,,,,,,,,,,,,,,NOQKUB_clean,631.6
NORBUT_clean,5.08002,3.51252,5.07961,1.76418,163.887,92.8971,0.0,0.0,0.4354,0.246801,0.0,"Ba,Zn",Yes,"Ba,Zn",clean,Y,Y,Y,,N,,,,,,,,,,,,,,,,,,,,,,NORBUT_clean,962.0
NORGOS_clean,4.94677,3.43492,4.94677,1.7289,141.415,81.7948,0.0,0.0,0.4202,0.243045,0.0,"Ba,Co",Yes,"Ba,Co",clean,Y,Y,Y,,N,,,,,,,,,,,,,,,,,,,,,,NORGOS_clean,420.1
NOSHEK_clean,5.7194,3.87373,5.09672,1.68613,1874.51,1111.72,0.0,0.0,0.614,0.364148,0.0,U,Yes,U,clean,Y,Y,Y,,N,,,,,,,,,,,,,,,,,,,,,,NOSHEK_clean,261.6
NOSTUM01_clean,6.02005,5.48184,6.00511,0.946326,1720.55,1818.13,0.0,0.0,0.6136,0.648402,0.0,Mg,Yes,Mg,clean,Y,Y,Y,,N,,,,,,,,,,,,,,,,,,,,,,NOSTUM01_clean,795.8
NOSTUM_clean,5.81524,5.30062,5.7997,0.959933,1717.62,1789.31,0.0,0.0,0.6084,0.633794,0.0,Mg,Yes,Mg,clean,Y,Y,Y,,N,,,,,,,,,,,,,,,,,,,,,,NOSTUM_clean,387.4
NOWGIR_clean,9.36325,6.59726,9.2981,1.43951,1651.33,1147.14,0.0,0.0,0.634,0.440427,0.0,Ag,Yes,Ag,clean,Y,Y,Y,,N,,,,,,,,,,,,,,,,,,,,,,NOWGIR_clean,369.1
NUBBAP_clean,14.05418,6.66438,11.10621,0.762781,2298.42,3013.21,0.0,0.0,0.7708,1.01051,0.0,Zn,Yes,Zn,clean,Y,Y,Y,,N,,,,,,,,,,,,,,,,,,,,,,NUBBAP_clean,365.8
NUBPIL_clean,11.57277,9.78079,11.57277,0.608967,2225.04,3653.8,0.0,0.0,0.7688,1.26247,0.0,Cu,Yes,Cu,clean,Y,Y,Y,,N,,,,,,,,,,,,,,,,,,,,,,NUBPIL_clean,127.2
NUCBIY_clean,5.06822,3.86536,5.06061,1.18684,700.396,590.137,0.0,0.0,0.4806,0.404942,0.0,Zn,No, ,clean,Y,Y,Y,,N,,,,,,,,,,,,,,,,,,,,,,NUCBIY_clean,1292.9
NUCCEV_clean,6.52615,3.99784,6.52615,1.00465,1502.03,1495.08,0.0,0.0,0.556,0.553427,0.0,Cu,Yes,Cu,clean,Y,Y,Y,,N,,,,,,,,,,,,,,,,,,,,,,NUCCEV_clean,1703.5
NUCPEI_clean,6.7664,4.45805,6.7664,1.03972,2105.55,2025.11,0.0,0.0,0.6338,0.609585,0.0,Zn,Yes,Zn,clean,Y,Y,Y,,N,,,,,,,,,,,,,,,,,,,,,,NUCPEI_clean,442.3
NUCYAN_clean,4.98599,4.20846,4.98599,1.48214,662.288,446.845,0.0,0.0,0.4874,0.328848,0.0,Eu,Yes,Eu,clean,N,Y,Y,,N,,,,,,,,,,,,,,,,,,,,,,NUCYAN_clean,180.6
NUCYER_clean,4.96656,4.20041,4.96656,1.49997,657.943,438.637,0.0,0.0,0.4852,0.323473,0.0,Gd,Yes,Gd,clean,N,Y,Y,,N,,,,,,,,,,,,,,,,,,,,,,NUCYER_clean,182.8
NUCYIV_clean,4.97799,4.21601,4.96375,1.53207,652.698,426.025,0.0,0.0,0.477,0.311344,0.0,Dy,Yes,Dy,clean,N,Y,Y,,N,,,,,,,,,,,,,,,,,,,,,,NUCYIV_clean,420.7
NUDLIJ_clean,6.93743,5.78938,6.89446,1.14165,1419.26,1243.17,0.0,0.0,0.5428,0.475454,0.0,Mg,No, ,clean,Y,Y,Y,,N,,,,,,,,,,,,,,,,,,,,,,NUDLIJ_clean,285.2
NUDMAC_clean,6.47898,5.73918,6.47898,1.16985,1365.51,1167.25,0.0,0.0,0.54,0.461596,0.0,Mg,No, ,clean,Y,Y,Y,,N,,,,,,,,,,,,,,,,,,,,,,NUDMAC_clean,596.4
NUDMEG_clean,6.29424,5.40754,6.23822,1.19809,1344.33,1122.06,0.0,0.0,0.5334,0.445207,0.0,Mg,No, ,clean,N,Y,Y,,N,,,,,,,,,,,,,,,,,,,,,,NUDMEG_clean,582.4
NUDMOQ_clean,6.59897,5.83765,6.59897,1.15867,1384.65,1195.03,0.0,0.0,0.5454,0.470712,0.0,Mg,No, ,clean,Y,Y,Y,,N,,,,,,,,,,,,,,,,,,,,,,NUDMOQ_clean,602.3
NUDMUW_clean,6.32198,5.70328,6.32198,1.18747,1340.68,1129.02,0.0,0.0,0.5322,0.448181,0.0,Mg,No, ,clean,Y,Y,Y,,N,,,,,,,,,,,,,,,,,,,,,,NUDMUW_clean,582.5
NUDNEH_clean,6.40452,5.65537,6.40452,1.17792,1346.46,1143.08,0.0,0.0,0.5262,0.44672,0.0,Mg,No, ,clean,Y,Y,Y,,N,,,,,,,,,,,,,,,,,,,,,,NUDNEH_clean,592.0
NUFBEX_clean,8.49623,5.29107,8.49623,1.23125,1460.16,1185.92,0.0,0.0,0.5628,0.457098,0.0,Zn,Yes,Zn,clean,Y,Y,Y,,N,,,,,,,,,,,,,,,,,,,,,,NUFBEX_clean,220.9
NUFBOH_clean,6.20415,3.43588,6.19684,1.14211,1512.51,1324.31,0.0,0.0,0.5816,0.509231,0.0,Zn,No, ,clean,Y,Y,Y,,N,,,,,,,,,,,,,,,,,,,,,,NUFBOH_clean,1488.8
NUFBUN_clean,7.53238,5.74054,7.52156,1.07363,1972.83,1837.54,0.0,0.0,0.6478,0.603375,0.0,Zn,Yes,Zn,clean,Y,Y,Y,,N,,,,,,,,,,,,,,,,,,,,,,NUFBUN_clean,396.0
NUFCAU_clean,9.94144,7.33631,9.94144,0.845072,2116.0,2503.93,0.0,0.0,0.7364,0.871405,0.0,Zn,Yes,Zn,clean,N,Y,Y,,N,,,,,,,,,,,,,,,,,,,,,,NUFCAU_clean,244.5
NUGRIR_clean,8.70402,6.3995,8.695,1.28478,1827.49,1422.42,0.0,0.0,0.645,0.502033,0.0,"W,Cu",No, ,clean,Y,Y,Y,,N,,,,,,,,,,,,,,,,,,,,,,NUGRIR_clean,1388.8
NUGROX_clean,7.91316,6.30977,7.91316,1.24187,1907.41,1535.92,0.0,0.0,0.6464,0.520505,0.0,"W,Cu",No, ,clean,Y,Y,Y,,N,,,,,,,,,,,,,,,,,,,,,,NUGROX_clean,1649.9
NUHNUA_clean,5.91571,3.87698,4.38862,0.866172,1483.02,1712.15,0.0,0.0,0.5628,0.649756,0.0,Co,Yes,Co,clean,Y,Y,Y,,N,,,,,,,,,,,,,,,,,,,,,,NUHNUA_clean,742.1
NUHPAI_clean,5.92167,3.93075,4.42412,0.871868,1496.53,1716.46,0.0,0.0,0.5834,0.669138,0.0,Zn,Yes,Zn,clean,Y,Y,Y,,N,,,,,,,,,,,,,,,,,,,,,,NUHPAI_clean,503.8
NUHQAK_clean,6.11993,4.14765,6.11993,1.236,1832.14,1482.32,0.0,0.0,0.5934,0.480098,0.0,Eu,Yes,Eu,clean,Y,Y,Y,,N,,,,,,,,,,,,,,,,,,,,,,NUHQAK_clean,980.8
NUHQIS_clean,6.54623,4.66095,6.54623,1.20529,1894.68,1571.97,0.0,0.0,0.5972,0.495483,0.0,"Tb,Eu",Yes,"Tb,Eu",clean,Y,Y,Y,,N,,,,,,,,,,,,,,,,,,,,,,NUHQIS_clean,1922.9
NUHQOY_clean,6.53062,4.6635,6.53062,1.21249,1899.32,1566.47,0.0,0.0,0.5942,0.490068,0.0,"Tb,Eu",Yes,"Tb,Eu",clean,Y,Y,Y,,N,,,,,,,,,,,,,,,,,,,,,,NUHQOY_clean,1888.8
NUHQUE_clean,6.55171,4.68685,6.54808,1.21067,1893.64,1564.13,0.0,0.0,0.5964,0.492619,0.0,"Tb,Eu",Yes,"Tb,Eu",clean,Y,Y,Y,,N,,,,,,,,,,,,,,,,,,,,,,NUHQUE_clean,1965.6
NUHRAL_clean,6.51247,4.65457,6.51247,1.22333,1897.36,1550.98,0.0,0.0,0.5928,0.484579,0.0,"Tb,Eu",Yes,"Tb,Eu",clean,Y,Y,Y,,N,,,,,,,,,,,,,,,,,,,,,,NUHRAL_clean,1897.6
NUHZAS_clean,4.59282,3.63902,4.53366,1.44559,429.681,297.236,0.0,0.0,0.4222,0.292061,0.0,Zn,Yes,Zn,clean,Y,Y,Y,,N,,,,,,,,,,,,,,,,,,,,,,NUHZAS_clean,729.4
NUJCEA_clean,4.83502,3.79811,4.83328,1.60555,436.405,271.811,21.0341,13.1009,0.487,0.303323,0.0,"Cd,Ni",Yes,Ni,clean,Y,Y,Y,,N,,,,,,,,,,,,,,,,,,,,,,NUJCEA_clean,320.8
NUJCIE_clean,5.03148,3.82553,5.03043,1.58392,461.015,291.061,23.0849,14.5746,0.4906,0.309739,0.0,"Cd,Ni",Yes,Ni,clean,Y,Y,Y,,N,,,,,,,,,,,,,,,,,,,,,,NUJCIE_clean,319.2
NULMAJ_clean,5.03229,4.40705,5.03229,0.892035,1713.32,1920.69,0.0,0.0,0.6184,0.693246,0.0,"Mo,Ni",No, ,clean,Y,Y,Y,,N,,,,,,,,,,,,,,,,,,,,,,NULMAJ_clean,223.4
NUNCEG_clean,6.32724,4.08141,6.24551,0.841857,1844.22,2190.65,0.0,0.0,0.5678,0.674462,0.0,"Si,Li",Yes,Li,clean,N,Y,Y,,N,,,,,,,,,,,,,,,,,,,,,,NUNCEG_clean,640.0
NUNNUH_clean,6.00836,4.32228,5.9546,0.799722,2197.7,2748.08,0.0,0.0,0.6854,0.857048,0.0,Ni,Yes,Ni,clean,Y,Y,Y,,N,,,,,,,,,,,,,,,,,,,,,,NUNNUH_clean,167.0
NUNPAP_clean,6.01151,4.33549,6.00656,0.794607,2195.03,2762.41,0.0,0.0,0.6796,0.855265,0.0,Ni,Yes,Ni,clean,Y,Y,Y,,N,,,,,,,,,,,,,,,,,,,,,,NUNPAP_clean,155.2
NUNSIA_clean,4.82032,4.25115,4.82032,1.27602,836.789,655.783,0.0,0.0,0.4866,0.381343,0.0,Ag,No, ,clean,Y,Y,Y,,N,,,,,,,,,,,,,,,,,,,,,,NUNSIA_clean,898.9
NUNSOG_clean,4.99291,4.35876,4.99291,1.27773,873.941,683.982,0.0,0.0,0.4864,0.380677,0.0,Ag,No, ,clean,Y,Y,Y,,N,,,,,,,,,,,,,,,,,,,,,,NUNSOG_clean,917.8
NURMUJ_clean,4.39424,3.64857,4.38802,1.20073,1518.88,1264.97,0.0,0.0,0.6332,0.527347,0.0,Zn,Yes,Zn,clean,N,Y,Y,,N,,,,,,,,,,,,,,,,,,,,,,NURMUJ_clean,213.2
NUTQAV_clean,10.89201,6.87272,10.20477,0.722737,2294.74,3175.06,0.0,0.0,0.7432,1.02831,0.0,Cu,Yes,Cu,clean,Y,Y,Y,,N,,,,,,,,,,,,,,,,,,,,,,NUTQAV_clean,122.1
NUTYEI_clean,13.08518,12.35732,13.03987,0.787627,1749.9,2221.74,0.0,0.0,0.7456,0.946641,0.0,Eu,No, ,clean,Y,Y,Y,,N,,,,,,,,,,,,,,,,,,,,,,NUTYEI_clean,579.3
NUTYIM_clean,13.08434,12.35689,13.08434,0.80193,1745.22,2176.28,0.0,0.0,0.7446,0.92851,0.0,Tb,No, ,clean,Y,Y,Y,,N,,,,,,,,,,,,,,,,,,,,,,NUTYIM_clean,581.7
NUVBIQ_clean,4.60795,3.59775,4.60795,2.15646,840.114,389.58,0.0,0.0,0.4404,0.204223,0.0,"Yb,Nd",Yes,"Yb,Nd",clean,N,Y,Y,,N,,,,,,,,,,,,,,,,,,,,,,NUVBIQ_clean,229.7
NUVWEH_clean,5.84014,3.85397,5.84014,1.503,1203.66,800.838,0.0,0.0,0.5116,0.340385,0.0,La,Yes,La,clean,Y,Y,Y,,N,,,,,,,,,,,,,,,,,,,,,,NUVWEH_clean,391.4
NUVXOT_clean,9.16707,5.75569,9.14121,0.884237,2287.82,2587.34,0.0,0.0,0.7176,0.811547,0.0,Zn,Yes,Zn,clean,Y,Y,Y,,N,,,,,,,,,,,,,,,,,,,,,,NUVXOT_clean,439.3
NUVYOT_clean,4.99931,3.59386,4.8252,1.15218,688.171,597.279,170.523,148.001,0.5094,0.44212,0.0,Ni,Yes,Ni,clean,N,Y,Y,,N,,,,,,,,,,,,,,,,,,,,,,NUVYOT_clean,824.6
NUWBOX_clean,5.68496,3.45366,5.08673,2.30898,1203.77,521.344,0.0,0.0,0.4886,0.211609,0.0,"Mo,Mn",Yes,"Mo,Mn",clean,N,Y,Y,,N,,,,,,,,,,,,,,,,,,,,,,NUWBOX_clean,244.5
NUWPOM_clean,8.32687,8.01604,8.32687,1.25431,1381.61,1101.49,0.0,0.0,0.5552,0.442633,0.0,Mg,Yes,Mg,clean,Y,Y,Y,,N,,,,,,,,,,,,,,,,,,,,,,NUWPOM_clean,275.7
NUWVIM_clean,4.95462,3.8636,4.94993,1.17037,724.517,619.05,9.52012,8.13429,0.4914,0.419868,0.0,Zn,No, ,clean,Y,Y,Y,,N,,,,,,,,,,,,,,,,,,,,,,NUWVIM_clean,1493.4
NUYNEC_clean,8.26029,6.82395,8.26029,1.01384,1779.3,1755.01,0.0,0.0,0.6224,0.613905,0.0,Ti,Yes,Ti,clean,Y,Y,Y,,N,,,,,,,,,,,,,,,,,,,,,,NUYNEC_clean,190.2
NUYQUU_clean,3.95153,3.47099,3.94298,2.33033,494.395,212.157,0.0,0.0,0.4774,0.204864,0.0,Cd,No, ,clean,Y,Y,Y,,N,,,,,,,,,,,,,,,,,,,,,,NUYQUU_clean,443.7
OBAFEF_clean,4.96935,4.01792,4.92296,2.37845,904.645,380.351,0.0,0.0,0.4776,0.200803,0.0,"Cu,Tb",Yes,"Cu,Tb",clean,Y,Y,Y,,N,,,,,,,,,,,,,,,,,,,,,,OBAFEF_clean,189.8
OBAFOP_clean,5.00648,4.01028,4.65887,2.41546,964.282,399.213,0.0,0.0,0.4784,0.198058,0.0,"Cu,Tb",Yes,"Cu,Tb",clean,N,Y,Y,,N,,,,,,,,,,,,,,,,,,,,,,OBAFOP_clean,368.0
OBAHIL_clean,8.44223,7.37969,8.44223,0.972998,1553.57,1596.68,0.0,0.0,0.603,0.619734,0.0,Zn,No, ,clean,Y,Y,Y,,N,,,,,,,,,,,,,,,,,,,,,,OBAHIL_clean,1004.2
OBAHOR_clean,8.04827,7.09842,8.046,0.982079,1580.94,1609.79,0.0,0.0,0.5956,0.606469,0.0,Zn,No, ,clean,Y,Y,Y,,N,,,,,,,,,,,,,,,,,,,,,,OBAHOR_clean,1103.1
OBAHUX_clean,8.31415,7.49178,8.31031,0.960232,1571.77,1636.87,0.0,0.0,0.605,0.630056,0.0,Zn,No, ,clean,Y,Y,Y,,N,,,,,,,,,,,,,,,,,,,,,,OBAHUX_clean,982.9
OBAJAF_clean,9.08651,7.73882,9.08617,0.939446,1595.74,1698.6,0.0,0.0,0.6188,0.658686,0.0,Zn,Yes,Zn,clean,Y,Y,Y,,N,,,,,,,,,,,,,,,,,,,,,,OBAJAF_clean,996.8
OBEDEE_clean,5.83756,4.97252,5.83756,0.932431,2005.16,2150.46,0.0,0.0,0.6298,0.675439,0.0,Ag,Yes,Ag,clean,Y,Y,Y,,N,,,,,,,,,,,,,,,,,,,,,,OBEDEE_clean,581.6
OBIBAF_clean,6.94508,5.04977,5.92375,0.848313,1610.41,1898.37,0.0,0.0,0.6028,0.710587,0.0,Mg,Yes,Mg,clean,Y,Y,Y,,N,,,,,,,,,,,,,,,,,,,,,,OBIBAF_clean,539.3
OBIBEJ_clean,8.27924,5.80407,6.33414,0.828843,1754.26,2116.52,0.0,0.0,0.601,0.725107,0.0,Ca,Yes,Ca,clean,Y,Y,Y,,N,,,,,,,,,,,,,,,,,,,,,,OBIBEJ_clean,362.8
OBIBOT_clean,6.67176,5.057,6.67176,1.21046,1489.16,1230.24,0.0,0.0,0.5556,0.458998,0.0,Ba,Yes,Ba,clean,N,Y,Y,,N,,,,,,,,,,,,,,,,,,,,,,OBIBOT_clean,622.7
OBODEQ_clean,5.13358,4.46715,5.12837,1.36036,1938.87,1425.26,0.0,0.0,0.5966,0.43856,0.0,Nd,Yes,Nd,clean,N,Y,Y,,N,,,,,,,,,,,,,,,,,,,,,,OBODEQ_clean,245.6
OBOGUK_clean,8.65239,7.8304,8.65239,0.77452,2430.14,3137.61,0.0,0.0,0.7298,0.942262,0.0,Zn,Yes,Zn,clean,Y,Y,Y,,N,,,,,,,,,,,,,,,,,,,,,,OBOGUK_clean,131.2
OBUBOC_manual,8.45577,7.46863,8.45577,1.46042,1170.56,801.525,0.571901,0.391601,0.5536,0.37907,0.0,"Cu,Ce",Yes,Cu,manual,Y,Y,Y,,N,,,,,,,,,,,,,,,,,,,,,,OBUBOC_manual,335.3
OBUFEX_clean,5.14759,4.35938,5.14759,1.09987,1567.25,1424.95,0.0,0.0,0.565,0.513698,0.0,Zn,No, ,clean,Y,Y,Y,,N,,,,,,,,,,,,,,,,,,,,,,OBUFEX_clean,510.8
OBUFIB_SL,4.69226,3.94966,4.47162,1.56841,881.672,562.145,0.0,0.0,0.426,0.271613,0.0,Zn,No, ,SL,Y,Y,Y,,N,,,,,,,,,,,,,,,,,,,,,,OBUFIB_SL,684.5
OCACUR_clean,5.50745,4.89061,5.44518,1.25128,1937.07,1548.08,0.0,0.0,0.5884,0.47024,0.0,Co,Yes,Co,clean,N,Y,Y,,N,,,,,,,,,,,,,,,,,,,,,,OCACUR_clean,362.7
OCAQOY_clean,4.53686,3.80641,4.53372,1.60935,541.33,336.366,0.0,0.0,0.3906,0.242707,0.0,"Ni,V",Yes,"Ni,V",clean,Y,Y,Y,,N,,,,,,,,,,,,,,,,,,,,,,OCAQOY_clean,307.1
OCOKUP_clean,5.00304,3.71484,4.99284,1.15999,792.721,683.386,0.0,0.0,0.474,0.408624,0.0,Mn,Yes,Mn,clean,N,Y,Y,,N,,,,,,,,,,,,,,,,,,,,,,OCOKUP_clean,494.6
OCUGEZ01_clean,5.7662,4.18465,5.76016,1.3013,1459.07,1121.24,0.0,0.0,0.5724,0.439868,0.0,Nd,Yes,Nd,clean,Y,Y,Y,,N,,,,,,,,,,,,,,,,,,,,,,OCUGEZ01_clean,258.8
OCUGEZ_clean,5.71674,4.14737,5.66007,1.32226,1442.09,1090.62,0.0,0.0,0.5748,0.43471,0.0,Nd,Yes,Nd,clean,Y,Y,Y,,N,,,,,,,,,,,,,,,,,,,,,,OCUGEZ_clean,255.5
OCUMIL_clean,5.22769,3.7877,5.2092,1.25606,1523.79,1213.15,0.0455347,0.036252,0.5456,0.434374,0.0,Mn,Yes,Mn,clean,Y,Y,Y,,N,,,,,,,,,,,,,,,,,,,,,,OCUMIL_clean,826.0
OCUMOR_clean,5.32208,3.84167,5.31587,1.29298,1290.04,997.724,16.7653,12.9664,0.525,0.406038,0.0,Mn,Yes,Mn,clean,Y,Y,Y,,N,,,,,,,,,,,,,,,,,,,,,,OCUMOR_clean,1072.5
OCUNAC_manual,36.1506,14.04664,36.1506,0.427517,1422.73,3327.89,0.0,0.0,0.8368,1.95735,0.0,Cr,Yes,Cr,manual,Y,Y,Y,,N,,,,,,,,,,,,,,,,,,,,,,OCUNAC_manual,6775.3
OCUNAE_clean,5.43724,3.65933,5.43724,1.22157,1397.41,1143.94,27.2256,22.2874,0.5506,0.450731,0.0,Mn,Yes,Mn,clean,Y,Y,Y,,N,,,,,,,,,,,,,,,,,,,,,,OCUNAE_clean,834.3
OCUPUY_clean,4.6531,4.04819,4.6531,1.52024,995.727,654.982,0.0,0.0,0.479,0.315083,0.0,V,Yes,V,clean,Y,Y,Y,,N,,,,,,,,,,,,,,,,,,,,,,OCUPUY_clean,494.8
OCURAG_clean,5.43063,3.42226,5.42822,1.47361,1201.66,815.454,0.0,0.0,0.519,0.352197,0.0,V,Yes,V,clean,Y,Y,Y,,N,,,,,,,,,,,,,,,,,,,,,,OCURAG_clean,402.8
OCUSIP_clean,5.39686,4.96775,5.37929,1.58503,1157.95,730.556,0.0,0.0,0.5014,0.316334,0.0,V,Yes,V,clean,Y,Y,Y,,N,,,,,,,,,,,,,,,,,,,,,,OCUSIP_clean,406.1
OCUSOV_clean,4.91031,3.4317,4.90721,1.52702,1101.56,721.382,0.0,0.0,0.5004,0.327698,0.0,V,Yes,V,clean,Y,Y,Y,,N,,,,,,,,,,,,,,,,,,,,,,OCUSOV_clean,444.2
OCUSUB_clean,5.00781,3.40979,5.00781,1.50787,1123.4,745.023,0.0,0.0,0.5152,0.341674,0.0,V,Yes,V,clean,Y,Y,Y,,N,,,,,,,,,,,,,,,,,,,,,,OCUSUB_clean,380.9
OCUTEM_clean,5.16189,3.4562,5.16189,1.4963,1173.27,784.115,0.0,0.0,0.5098,0.340707,0.0,V,Yes,V,clean,Y,Y,Y,,N,,,,,,,,,,,,,,,,,,,,,,OCUTEM_clean,427.5
OCUVUF_clean,7.8514,5.72034,7.7546,3.13958,1789.03,569.831,0.0,0.0,0.5542,0.176521,0.0,"Dy,W,K,As",Yes,"Dy,W,K,As",clean,Y,Y,Y,,N,,,,,,,,,,,,,,,,,,,,,,OCUVUF_clean,378.7
ODERIZ_clean,5.75405,4.36229,5.74596,1.52699,807.66,528.922,146.001,95.6134,0.5294,0.346694,0.0,Pd,Yes,Pd,clean,Y,Y,Y,,N,,,,,,,,,,,,,,,,,,,,,,ODERIZ_clean,332.0
ODEZAB_clean,11.63192,4.40592,11.61962,0.799101,2103.64,2632.5,6.44431,8.06445,0.6938,0.868225,0.0,Cu,Yes,Cu,clean,Y,Y,Y,,N,,,,,,,,,,,,,,,,,,,,,,ODEZAB_clean,591.0
ODIMAQ_clean,8.52073,7.26741,8.52073,1.44329,1085.87,752.358,0.0,0.0,0.5848,0.405186,0.0,"Zn,Sm",Yes,Zn,clean,Y,Y,Y,,N,,,,,,,,,,,,,,,,,,,,,,ODIMAQ_clean,230.3
ODIVUU_clean,8.59093,6.84892,8.59093,1.01269,1735.08,1713.33,0.0,0.0,0.6294,0.621511,0.0,Zn,Yes,Zn,clean,Y,Y,Y,,N,,,,,,,,,,,,,,,,,,,,,,ODIVUU_clean,520.3
ODIXEG_clean,10.36031,7.47097,10.26209,0.552173,2299.01,4163.57,0.0,0.0,0.7816,1.4155,0.0,"Zn,Si",Yes,Zn,clean,Y,Y,Y,,N,,,,,,,,,,,,,,,,,,,,,,ODIXEG_clean,286.5
ODODES_clean,6.13875,4.52515,6.13614,0.993468,1787.67,1799.42,0.0,0.0,0.5926,0.596497,0.0,"Zn,Si",Yes,Zn,clean,Y,Y,Y,,N,,,,,,,,,,,,,,,,,,,,,,ODODES_clean,1431.6
ODODIW_clean,7.22618,4.59373,7.22618,0.965963,1948.86,2017.54,0.0,0.0,0.634,0.65634,0.0,"Zn,Si",Yes,Zn,clean,Y,Y,Y,,N,,,,,,,,,,,,,,,,,,,,,,ODODIW_clean,962.5
ODODOC_clean,7.00262,4.84122,6.9907,1.05423,1743.61,1653.92,0.0,0.0,0.6044,0.57331,0.0,"Cd,Si",No, ,clean,Y,Y,Y,,N,,,,,,,,,,,,,,,,,,,,,,ODODOC_clean,694.0
ODODUI_clean,11.00214,7.6444,10.86092,0.618366,2208.53,3571.55,0.0,0.0,0.7646,1.23648,0.0,"Zn,Si",Yes,Zn,clean,Y,Y,Y,,N,,,,,,,,,,,,,,,,,,,,,,ODODUI_clean,495.4
ODOMIF_clean,4.61212,3.63133,4.60194,1.07759,1653.01,1533.99,0.0,0.0,0.5582,0.51801,0.0,Mn,No, ,clean,Y,Y,Y,,N,,,,,,,,,,,,,,,,,,,,,,ODOMIF_clean,375.8
ODOXEK_clean,5.23174,4.24381,5.21951,1.86723,267.21,143.105,283.845,152.014,0.425,0.22761,0.0,Cd,No, ,clean,Y,Y,Y,,N,,,,,,,,,,,,,,,,,,,,,,ODOXEK_clean,788.2
ODUNEH_clean,6.66002,5.04848,6.62254,0.964914,2093.57,2169.69,0.0,0.0,0.6352,0.658297,0.0,Zn,Yes,Zn,clean,Y,Y,Y,,N,,,,,,,,,,,,,,,,,,,,,,ODUNEH_clean,701.0
OFAWAV_clean,11.42925,8.90439,11.4135,0.968512,2176.57,2247.34,0.0,0.0,0.7636,0.788426,0.000206502,Hf,Yes,Hf,clean,Y,Y,Y,,N,,,,,,,,,,,,,,,,,,,,,,OFAWAV_clean,119.7
OFAWEZ_clean,10.66695,9.07717,10.66695,0.975199,2204.12,2260.18,0.0,0.0,0.7702,0.789787,0.0,Hf,Yes,Hf,clean,Y,Y,Y,,N,,,,,,,,,,,,,,,,,,,,,,OFAWEZ_clean,173.2
OFEHAK_clean,6.57238,4.30728,6.57238,1.26099,1569.04,1244.3,0.0,0.0,0.577,0.457578,0.0,Cd,Yes,Cd,clean,Y,Y,Y,,N,,,,,,,,,,,,,,,,,,,,,,OFEHAK_clean,266.8
OFEREX_clean,6.99117,6.70761,6.99117,1.56791,1544.85,985.293,0.0,0.0,0.5694,0.363159,0.0,Eu,Yes,Eu,clean,Y,Y,Y,,N,,,,,,,,,,,,,,,,,,,,,,OFEREX_clean,222.4
OFERUN06_clean,11.42842,3.43062,11.4146,0.893311,1495.78,1674.42,0.0,0.0,0.6708,0.750915,0.0,Zn,No, ,clean,Y,Y,Y,,N,,,,,,,,,,,,,,,,,,,,,,OFERUN06_clean,233.7
OFERUN_clean,11.51766,3.43919,11.48105,0.924676,1442.14,1559.62,0.0,0.0,0.6416,0.693865,0.0,Zn,No, ,clean,Y,Y,Y,,N,,,,,,,,,,,,,,,,,,,,,,OFERUN_clean,308.2
OFESAU_clean,7.18693,4.9999,7.18693,1.91678,854.706,445.907,0.0,0.0,0.4402,0.229656,0.0,"Cu,Gd",No, ,clean,Y,Y,Y,,N,,,,,,,,,,,,,,,,,,,,,,OFESAU_clean,434.0
OFESEY_clean,7.30457,5.07688,7.30457,1.8342,871.652,475.221,0.0,0.0,0.451,0.245883,0.0,"Cu,Nd",No, ,clean,Y,Y,Y,,N,,,,,,,,,,,,,,,,,,,,,,OFESEY_clean,427.8
OFESIC_clean,7.36476,5.0904,7.36476,1.82236,878.112,481.855,0.0,0.0,0.4554,0.249896,0.0,"Cu,Sm",No, ,clean,Y,Y,Y,,N,,,,,,,,,,,,,,,,,,,,,,OFESIC_clean,425.8
OFOCUI_clean,11.39371,7.77962,11.39371,0.789274,2336.11,2959.83,0.0,0.0,0.7236,0.916792,0.0,Cu,Yes,Cu,clean,Y,Y,Y,,N,,,,,,,,,,,,,,,,,,,,,,OFOCUI_clean,1223.6
OFODET_clean,6.29959,4.57313,6.27845,1.15382,1340.43,1161.73,0.0,0.0,0.519,0.449811,0.0,Mn,Yes,Mn,clean,N,Y,Y,,N,,,,,,,,,,,,,,,,,,,,,,OFODET_clean,499.9
OFUCAV_clean,4.37268,3.46007,4.37113,1.87575,696.078,371.093,0.0,0.0,0.4774,0.254512,0.0,Ce,Yes,Ce,clean,N,Y,Y,,N,,,,,,,,,,,,,,,,,,,,,,OFUCAV_clean,390.5
OFUCEZ_clean,5.30083,4.49138,5.29823,1.50666,1791.35,1188.95,0.0,0.0,0.5642,0.374471,0.0,Ce,Yes,Ce,clean,Y,Y,Y,,N,,,,,,,,,,,,,,,,,,,,,,OFUCEZ_clean,326.4
OFUYUL_SL,6.56154,4.20373,6.56131,1.08955,1752.35,1608.33,0.0,0.0,0.6302,0.578404,0.0,Zn,No, ,SL,Y,Y,Y,,N,,,,,,,,,,,,,,,,,,,,,,OFUYUL_SL,891.1
OGAGAF_clean,4.92581,3.9125,4.92581,1.40546,832.759,592.516,0.0,0.0,0.5084,0.361731,0.0,Zn,No, ,clean,Y,Y,Y,,N,,,,,,,,,,,,,,,,,,,,,,OGAGAF_clean,364.5
OGAGEJ_clean,5.64492,5.21899,5.64485,1.05864,1853.73,1751.06,0.0,0.0,0.6242,0.589626,0.0,Zn,No, ,clean,Y,Y,Y,,N,,,,,,,,,,,,,,,,,,,,,,OGAGEJ_clean,220.2
OGAGIN_clean,5.17696,3.68155,5.09885,1.45357,798.238,549.157,0.0,0.0,0.4912,0.337926,0.0,Zn,No, ,clean,Y,Y,Y,,N,,,,,,,,,,,,,,,,,,,,,,OGAGIN_clean,490.7
OGAXUR_clean,6.21326,5.95602,6.21326,1.24359,1052.97,846.718,0.0,0.0,0.4942,0.397397,0.0,Co,Yes,Co,clean,Y,Y,Y,,N,,,,,,,,,,,,,,,,,,,,,,OGAXUR_clean,419.9
OGEBAF01_clean,14.74547,10.54801,14.74547,0.504959,2054.21,4068.08,0.0,0.0,0.8166,1.61716,0.0,Cu,Yes,Cu,clean,Y,Y,Y,,N,,,,,,,,,,,,,,,,,,,,,,OGEBAF01_clean,305.6
OGECOU_clean,6.21029,5.96321,6.17894,1.2702,1037.22,816.577,0.0,0.0,0.4898,0.385607,0.0,Ni,Yes,Ni,clean,Y,Y,Y,,N,,,,,,,,,,,,,,,,,,,,,,OGECOU_clean,438.4
OGIBOV_clean,4.29925,3.68277,4.29768,2.42877,736.158,303.099,0.0,0.0,0.457,0.188161,0.0,Ga,No, ,clean,Y,Y,Y,,N,,,,,,,,,,,,,,,,,,,,,,OGIBOV_clean,2043.8
OGIBUD_clean,6.49659,4.27127,6.49659,1.11792,1777.29,1589.82,0.0,0.0,0.603,0.539397,0.0,Zn,No, ,clean,Y,Y,Y,,N,,,,,,,,,,,,,,,,,,,,,,OGIBUD_clean,356.1
OGIKAR_clean,10.46212,5.43474,8.12198,0.950984,1724.97,1813.88,0.0,0.0,0.622,0.654059,0.0,Cu,Yes,Cu,clean,Y,Y,Y,,N,,,,,,,,,,,,,,,,,,,,,,OGIKAR_clean,4653.7
OGIYUZ_clean,9.8373,8.87116,9.8373,1.07364,1299.27,1210.15,0.0,0.0,0.577,0.537422,0.0,Eu,No, ,clean,Y,Y,Y,,N,,,,,,,,,,,,,,,,,,,,,,OGIYUZ_clean,679.7
OGOWAJ_clean,7.34237,6.24854,7.34237,0.908904,1684.85,1853.71,0.0,0.0,0.611,0.672238,0.0,Zn,No, ,clean,Y,Y,Y,,N,,,,,,,,,,,,,,,,,,,,,,OGOWAJ_clean,617.5
OGUJIL_clean,4.11991,3.42248,4.10899,1.27165,539.273,424.075,0.0,0.0,0.4916,0.386586,0.0,Cu,No, ,clean,Y,Y,Y,,N,,,,,,,,,,,,,,,,,,,,,,OGUJIL_clean,467.9
OGUPIQ_clean,5.83455,3.53797,5.83455,1.63754,706.847,431.65,0.0,0.0,0.4298,0.262466,0.0,Co,Yes,Co,clean,Y,Y,Y,,N,,,,,,,,,,,,,,,,,,,,,,OGUPIQ_clean,1057.3
OHAKEO_clean,5.91842,4.8868,5.91143,1.15127,1254.68,1089.81,0.0,0.0,0.543,0.471652,0.0,Cd,No, ,clean,Y,Y,Y,,N,,,,,,,,,,,,,,,,,,,,,,OHAKEO_clean,593.2
OHAKIS_clean,5.22451,4.43244,5.1107,1.2284,1098.1,893.932,0.0,0.0,0.5162,0.420223,0.0,Cd,No, ,clean,Y,Y,Y,,N,,,,,,,,,,,,,,,,,,,,,,OHAKIS_clean,786.8
OHIHET_clean,4.30684,3.71246,4.30684,1.30435,366.699,281.135,0.0,0.0,0.4222,0.323685,0.0,Zn,No, ,clean,Y,Y,Y,,N,,,,,,,,,,,,,,,,,,,,,,OHIHET_clean,688.4
OHOMIH_clean,4.60907,4.30122,4.60907,1.97594,752.524,380.843,0.0,0.0,0.396,0.200411,0.0,Cu,Yes,Cu,clean,Y,Y,Y,,N,,,,,,,,,,,,,,,,,,,,,,OHOMIH_clean,398.4
OHUMEL_clean,14.09837,12.86508,14.09837,0.808879,1803.58,2229.73,0.123257,0.15238,0.8014,0.990754,0.0,"Mo,Zn",Yes,Mo,clean,Y,Y,Y,,N,,,,,,,,,,,,,,,,,,,,,,OHUMEL_clean,1838.1
OJAZOP_clean,4.82674,3.80884,4.82333,2.14546,1510.62,704.1,0.00634264,0.00295631,0.5202,0.242465,0.0,"Nd,Ge",Yes,"Nd,Ge",clean,Y,Y,Y,,N,,,,,,,,,,,,,,,,,,,,,,OJAZOP_clean,744.5
OJICUG_clean,8.60682,7.88912,8.60682,0.689805,2294.5,3326.3,0.0,0.0,0.734,1.06407,0.0,Sc,Yes,Sc,clean,Y,Y,Y,,N,,,,,,,,,,,,,,,,,,,,,,OJICUG_clean,174.8
OJIDAN_clean,19.79872,19.3368,19.78262,0.704653,1186.45,1683.74,21.5807,30.626,0.6956,0.987152,0.0,Sc,Yes,Sc,clean,Y,Y,Y,,N,,,,,,,,,,,,,,,,,,,,,,OJIDAN_clean,403.4
OJIWAG_clean,5.38643,4.20657,5.38643,1.10966,1491.09,1343.75,0.0,0.0,0.561,0.505563,0.0,Zn,Yes,Zn,clean,Y,Y,Y,,N,,,,,,,,,,,,,,,,,,,,,,OJIWAG_clean,746.3
OJIWIO_clean,4.64307,3.99735,4.61496,1.33375,842.543,631.712,0.0,0.0,0.4524,0.339195,0.0,Zn,Yes,Zn,clean,Y,Y,Y,,N,,,,,,,,,,,,,,,,,,,,,,OJIWIO_clean,542.3
OJONOQ_clean,6.43933,5.37715,5.61608,1.49915,1863.16,1242.81,0.0,0.0,0.6578,0.438781,0.0,Er,Yes,Er,clean,Y,Y,Y,,N,,,,,,,,,,,,,,,,,,,,,,OJONOQ_clean,130.6
OJORUC_clean,8.31671,3.81807,7.2234,0.868373,1910.02,2199.54,0.0,0.0,0.6578,0.757508,0.0,Zn,Yes,Zn,clean,Y,Y,Y,,N,,,,,,,,,,,,,,,,,,,,,,OJORUC_clean,508.7
OKABAE_clean,14.07417,9.53484,14.07417,0.650845,2097.18,3222.24,0.0,0.0,0.77,1.18308,0.0,Cu,Yes,Cu,clean,Y,Y,Y,,N,,,,,,,,,,,,,,,,,,,,,,OKABAE_clean,227.8
OKABEI_clean,13.86987,9.42284,13.86987,0.653017,2127.67,3258.22,0.0,0.0,0.7686,1.177,0.0,Cu,Yes,Cu,clean,Y,Y,Y,,N,,,,,,,,,,,,,,,,,,,,,,OKABEI_clean,244.4
OKAYAC_clean,4.90891,3.57241,4.90749,1.56645,415.712,265.385,0.0,0.0,0.3406,0.217434,0.0,Ca,No, ,clean,Y,Y,Y,,N,,,,,,,,,,,,,,,,,,,,,,OKAYAC_clean,1287.3
OKAYEG_clean,4.8581,3.49488,4.85158,1.57533,393.933,250.064,0.0,0.0,0.3384,0.214812,0.0,Ca,No, ,clean,Y,Y,Y,,N,,,,,,,,,,,,,,,,,,,,,,OKAYEG_clean,1302.4
OKAYOQ_clean,4.43848,3.73339,4.16809,1.19153,558.623,468.829,0.0,0.0,0.4514,0.378841,0.0,Ca,No, ,clean,Y,Y,Y,,N,,,,,,,,,,,,,,,,,,,,,,OKAYOQ_clean,374.1
OKAYUW_clean,4.44294,3.73093,4.20318,1.19551,569.391,476.274,0.0,0.0,0.4482,0.374902,0.0,Ca,No, ,clean,Y,Y,Y,,N,,,,,,,,,,,,,,,,,,,,,,OKAYUW_clean,374.0
OKAZAD_clean,4.45701,3.77862,4.21772,1.1891,589.131,495.442,0.0,0.0,0.453,0.38096,0.0,Ca,No, ,clean,Y,Y,Y,,N,,,,,,,,,,,,,,,,,,,,,,OKAZAD_clean,378.0
OKELOH_clean,4.42328,3.40802,4.39617,0.903668,1931.69,2137.61,0.0,0.0,0.6342,0.701806,0.0,Zn,Yes,Zn,clean,Y,Y,Y,,N,,,,,,,,,,,,,,,,,,,,,,OKELOH_clean,386.4
OKILEA_clean,6.35409,4.27067,6.35409,1.16036,1077.85,928.894,0.0,0.0,0.549,0.473129,0.0,Mn,Yes,Mn,clean,Y,Y,Y,,N,,,,,,,,,,,,,,,,,,,,,,OKILEA_clean,219.3
OKIQEG_clean,5.32479,3.99481,5.32479,1.53026,921.294,602.05,0.0,0.0,0.486,0.317592,0.0,Cd,No, ,clean,Y,Y,Y,,N,,,,,,,,,,,,,,,,,,,,,,OKIQEG_clean,1276.5
OKITAE_clean,4.44244,4.08974,4.44244,2.43122,732.513,301.295,0.0,0.0,0.4692,0.19299,0.0,Cd,Yes,Cd,clean,Y,Y,Y,,N,,,,,,,,,,,,,,,,,,,,,,OKITAE_clean,203.7
OKIVUA_clean,5.10253,4.2044,5.09658,1.08974,982.283,901.395,83.5631,76.6819,0.5216,0.478648,0.0,Cd,No, ,clean,Y,Y,Y,,N,,,,,,,,,,,,,,,,,,,,,,OKIVUA_clean,692.1
OKIWUB02_clean,5.03837,4.11286,5.03612,1.09856,959.969,873.844,73.9627,67.327,0.5172,0.470799,0.0,Cd,No, ,clean,Y,Y,Y,,N,,,,,,,,,,,,,,,,,,,,,,OKIWUB02_clean,636.2
OKIYAJ01_clean,5.18521,4.2274,5.17492,1.07871,1159.33,1074.74,0.0,0.0,0.5252,0.486877,0.0,Cd,No, ,clean,Y,Y,Y,,N,,,,,,,,,,,,,,,,,,,,,,OKIYAJ01_clean,676.3
OKOSUE_clean,8.8545,8.04507,8.8545,0.943263,2011.47,2132.46,0.0,0.0,0.6862,0.727475,0.0,Cd,Yes,Cd,clean,Y,Y,Y,,N,,,,,,,,,,,,,,,,,,,,,,OKOSUE_clean,557.5
OKUKOW_clean,10.73228,5.84434,10.36712,0.736536,2434.56,3305.42,0.0,0.0,0.7384,1.00253,0.0,Zn,Yes,Zn,clean,Y,Y,Y,,N,,,,,,,,,,,,,,,,,,,,,,OKUKOW_clean,1445.9
OKUSUK_clean,24.78598,13.19796,24.78598,0.313235,1548.59,4943.87,0.0,0.0,0.8766,2.79854,0.0,Cu,Yes,Cu,clean,Y,Y,Y,,N,,,,,,,,,,,,,,,,,,,,,,OKUSUK_clean,955.4
OKUTAR_clean,10.98199,6.35591,10.98199,0.660572,2299.33,3480.81,0.0,0.0,0.7416,1.12266,0.0,Cu,Yes,Cu,clean,Y,Y,Y,,N,,,,,,,,,,,,,,,,,,,,,,OKUTAR_clean,968.1
OKUTEV_clean,23.06458,12.98274,23.06458,0.330655,1597.33,4830.79,0.0,0.0,0.865,2.61602,0.0,Cu,Yes,Cu,clean,Y,Y,Y,,N,,,,,,,,,,,,,,,,,,,,,,OKUTEV_clean,1003.1
OLAGIR_clean,5.85131,3.81671,5.85131,1.37856,1640.47,1189.99,0.0,0.0,0.6336,0.459611,0.0,Zn,No, ,clean,Y,Y,Y,,N,,,,,,,,,,,,,,,,,,,,,,OLAGIR_clean,1678.4
OLANAS_clean,8.02314,6.05017,8.02314,1.20795,1391.88,1152.26,0.0,0.0,0.562,0.46525,0.0,"Na,Zn,Co",Yes,"Na,Zn",clean,Y,Y,Y,,N,,,,,,,,,,,,,,,,,,,,,,OLANAS_clean,322.2
OLANEW_clean,6.98637,4.05835,6.98637,1.31839,1367.83,1037.5,0.0,0.0,0.5798,0.439778,0.0,"Cd,Co",Yes,Cd,clean,Y,Y,Y,,N,,,,,,,,,,,,,,,,,,,,,,OLANEW_clean,489.9
OLAQOI_clean,9.42311,9.23332,9.42311,1.32858,853.13,642.139,2.75819,2.07605,0.5142,0.387031,0.0,"Cu,K,Co",Yes,"Cu,K,Co",clean,Y,Y,Y,,N,,,,,,,,,,,,,,,,,,,,,,OLAQOI_clean,689.8
OLEKUM_manual,6.88265,5.7276,6.86806,1.02354,1835.21,1793.0,0.0,0.0,0.6172,0.603003,0.0,Zn,Yes,Zn,manual,Y,Y,Y,,N,,,,,,,,,,,,,,,,,,,,,,OLEKUM_manual,1215.9
OLICIX_clean,16.1602,9.89287,16.13331,0.719139,1270.58,1766.81,424.686,590.547,0.722,1.00398,0.0,Fe,Yes,Fe,clean,Y,Y,Y,,N,,,,,,,,,,,,,,,,,,,,,,OLICIX_clean,1413.7
OLOGEC_clean,13.04043,10.53518,13.0319,0.526318,2030.14,3857.25,0.0,0.0,0.8106,1.54013,0.0,Zn,Yes,Zn,clean,Y,Y,Y,,N,,,,,,,,,,,,,,,,,,,,,,OLOGEC_clean,790.3
OLOPEM_clean,4.92877,3.82035,4.91547,1.17415,717.6,611.164,177.099,150.831,0.512,0.436059,0.0,Zn,No, ,clean,Y,Y,Y,,N,,,,,,,,,,,,,,,,,,,,,,OLOPEM_clean,2634.7
OLOYOF_clean,10.67083,6.6024,10.66881,0.812728,2368.58,2914.35,0.0,0.0,0.7332,0.902146,0.0,Cu,Yes,Cu,clean,Y,Y,Y,,N,,,,,,,,,,,,,,,,,,,,,,OLOYOF_clean,483.6
OLUCAZ_clean,5.7945,5.1746,5.79081,1.16161,989.952,852.226,0.0,0.0,0.5026,0.432676,0.0,Cu,Yes,Cu,clean,Y,Y,Y,,N,,,,,,,,,,,,,,,,,,,,,,OLUCAZ_clean,268.5
OLUROC_clean,5.45136,3.48672,5.44746,1.49162,882.297,591.504,0.0,0.0,0.5148,0.345129,0.0,In,No, ,clean,Y,Y,Y,,N,,,,,,,,,,,,,,,,,,,,,,OLUROC_clean,1175.3
om701262m-file004_clean,7.38904,5.39567,7.38902,1.09901,1620.41,1474.43,0.0,0.0,0.5644,0.513555,0.0,"Zn,Si",Yes,Zn,clean,Y,N,Y,,Y,YOCGAZ,Y,18/01/2008,10.1021/om701262m,"1 SI, 1 Structure",YOCGAZ,,,,,,,,,,,,,,,,om701262m-file004_clean,902.1
OMAMEU_clean,5.49135,3.67927,5.48307,2.05035,939.573,458.25,0.0,0.0,0.5336,0.260248,0.0,Zn,Yes,Zn,clean,Y,Y,Y,,N,,,,,,,,,,,,,,,,,,,,,,OMAMEU_clean,650.7
OMIMEE_clean,16.54568,6.7257,16.54568,0.768319,2276.49,2962.95,0.0,0.0,0.7618,0.991516,0.0,Cu,Yes,Cu,clean,Y,Y,Y,,N,,,,,,,,,,,,,,,,,,,,,,OMIMEE_clean,2742.5
OMIPAD_clean,5.24341,3.62169,5.16602,1.1791,539.772,457.781,0.0,0.0,0.4566,0.387243,0.0,Zn,No, ,clean,Y,Y,Y,,N,,,,,,,,,,,,,,,,,,,,,,OMIPAD_clean,1867.9
OMIPEH_clean,21.73136,7.72557,21.69935,0.65885,2065.52,3135.04,0.0,0.0,0.8104,1.23002,0.0,Cu,Yes,Cu,clean,Y,Y,Y,,N,,,,,,,,,,,,,,,,,,,,,,OMIPEH_clean,1805.2
OMITUB_clean,21.96656,7.7864,21.95556,0.652675,2053.5,3146.28,0.0,0.0,0.8126,1.24503,0.0,Cu,Yes,Cu,clean,Y,Y,Y,,N,,,,,,,,,,,,,,,,,,,,,,OMITUB_clean,1825.2
OMOVET_clean,6.41327,4.65956,6.41327,1.12783,2048.27,1816.12,0.0,0.0,0.6196,0.549375,0.0,Zn,Yes,Zn,clean,Y,Y,Y,,N,,,,,,,,,,,,,,,,,,,,,,OMOVET_clean,667.3
OMUSAS_clean,18.71438,16.17316,18.71102,0.318003,1216.14,3824.31,0.0,0.0,0.8696,2.73457,0.0,Zn,Yes,Zn,clean,Y,Y,Y,,N,,,,,,,,,,,,,,,,,,,,,,OMUSAS_clean,135.7
ONEJUN_clean,5.6787,4.73551,5.6787,3.33073,1808.25,542.898,0.0,0.0,0.5352,0.160685,0.0,"W,Cu",Yes,"W,Cu",clean,Y,Y,Y,,N,,,,,,,,,,,,,,,,,,,,,,ONEJUN_clean,352.8
ONEYOW_clean,8.70869,7.89064,8.69934,0.794155,1863.49,2346.5,0.0,0.0,0.6608,0.83208,0.0,Zn,Yes,Zn,clean,Y,Y,Y,,N,,,,,,,,,,,,,,,,,,,,,,ONEYOW_clean,308.9
ONUKAL_clean,5.66391,3.7745,5.54501,1.39723,1126.09,805.946,11.0536,7.91109,0.5124,0.366727,0.0,Fe,Yes,Fe,clean,N,Y,Y,,N,,,,,,,,,,,,,,,,,,,,,,ONUKAL_clean,749.1
ONUQOE_clean,5.78941,4.64204,5.78941,1.32315,1185.02,895.611,0.0,0.0,0.5286,0.399503,0.0,Cd,No, ,clean,Y,Y,Y,,N,,,,,,,,,,,,,,,,,,,,,,ONUQOE_clean,1744.8
OPAGIX_clean,11.70127,10.88776,11.68193,0.905898,1551.84,1713.04,0.0,0.0,0.6624,0.731208,0.0,Mg,Yes,Mg,clean,Y,Y,Y,,N,,,,,,,,,,,,,,,,,,,,,,OPAGIX_clean,1037.8
OPAMOI_clean,4.34496,3.46478,4.34496,1.66467,999.374,600.345,0.0,0.0,0.5336,0.320544,0.0,"V,Co",Yes,"V,Co",clean,Y,Y,Y,,N,,,,,,,,,,,,,,,,,,,,,,OPAMOI_clean,286.5
OPENUT_clean,7.63636,6.82671,7.63251,1.41267,1546.48,1094.72,0.0,0.0,0.5554,0.393156,0.0,Eu,Yes,Eu,clean,Y,Y,Y,,N,,,,,,,,,,,,,,,,,,,,,,OPENUT_clean,192.5
OPIFUQ_clean,17.9991,10.13495,17.99088,0.790446,1197.42,1514.86,384.276,486.151,0.722,0.913408,0.0,Sr,Yes,Sr,clean,Y,Y,Y,,N,,,,,,,,,,,,,,,,,,,,,,OPIFUQ_clean,2029.9
OPINIL_clean,4.65675,3.54009,4.3607,1.69641,1183.53,697.671,0.0,0.0,0.533,0.314194,0.0,"Mo,Cs,Dy",Yes,"Dy,Cs",clean,N,Y,Y,,N,,,,,,,,,,,,,,,,,,,,,,OPINIL_clean,162.0
OPIPUZ_clean,4.1797,3.40347,4.03039,1.43766,625.591,435.146,0.0,0.0,0.4234,0.294507,0.0,Co,No, ,clean,Y,Y,Y,,N,,,,,,,,,,,,,,,,,,,,,,OPIPUZ_clean,759.8
OPIWEQ_clean,4.3926,3.70955,4.3926,1.4951,548.278,366.717,0.0,0.0,0.4282,0.286403,0.0,Co,No, ,clean,Y,Y,Y,,N,,,,,,,,,,,,,,,,,,,,,,OPIWEQ_clean,897.5
OPIXUI_clean,8.41938,5.49258,8.39031,1.03412,1914.8,1851.63,0.0,0.0,0.6428,0.621591,0.0,Cu,Yes,Cu,clean,Y,Y,Y,,N,,,,,,,,,,,,,,,,,,,,,,OPIXUI_clean,662.3
OPIYAP_clean,5.9608,4.59988,5.87453,1.18841,1751.48,1473.8,0.0,0.0,0.5816,0.489391,0.0,Cu,Yes,Cu,clean,Y,Y,Y,,N,,,,,,,,,,,,,,,,,,,,,,OPIYAP_clean,694.3
OPOBIF_clean,6.22483,5.35278,6.22483,1.6905,347.831,205.756,0.0,0.0,0.3994,0.236261,0.0,Zn,Yes,Zn,clean,Y,Y,Y,,N,,,,,,,,,,,,,,,,,,,,,,OPOBIF_clean,366.7
OPOZEZ_clean,7.29162,6.03013,7.28839,1.13101,1136.3,1004.68,0.0,0.0,0.5256,0.464718,0.0,Cd,No, ,clean,Y,Y,Y,,N,,,,,,,,,,,,,,,,,,,,,,OPOZEZ_clean,276.6
OPUDOT_clean,4.54754,3.94914,4.54754,2.40444,540.357,224.733,0.0,0.0,0.4012,0.166858,0.0,Zn,Yes,Zn,clean,Y,Y,Y,,N,,,,,,,,,,,,,,,,,,,,,,OPUDOT_clean,634.8
OQANIE_clean,7.73235,4.1602,7.73235,1.08482,1352.95,1247.16,189.787,174.948,0.5938,0.547371,0.0,Cu,Yes,Cu,clean,Y,Y,Y,,N,,,,,,,,,,,,,,,,,,,,,,OQANIE_clean,700.3
OQEPUW_clean,5.11656,4.82152,5.08524,1.96915,768.393,390.215,0.0,0.0,0.4116,0.209024,0.0,Cd,Yes,Cd,clean,Y,Y,Y,,N,,,,,,,,,,,,,,,,,,,,,,OQEPUW_clean,897.3
OQEROS_clean,5.47906,4.59982,5.42309,1.16864,1289.46,1103.39,0.0,0.0,0.5586,0.477993,0.0,"Cd,Pd",Yes,Pd,clean,Y,Y,Y,,N,,,,,,,,,,,,,,,,,,,,,,OQEROS_clean,489.1
OQERUY_clean,5.44049,4.47163,5.40893,1.18349,1270.62,1073.62,0.0,0.0,0.5504,0.465066,0.0,"Cd,Pd",Yes,Pd,clean,Y,Y,Y,,N,,,,,,,,,,,,,,,,,,,,,,OQERUY_clean,856.9
OQESAF_clean,5.40051,4.82483,5.39518,1.19788,1160.82,969.063,0.0,0.0,0.5318,0.443952,0.0,"Cd,Pd",Yes,Pd,clean,Y,Y,Y,,N,,,,,,,,,,,,,,,,,,,,,,OQESAF_clean,482.2
OQESEJ_clean,5.44129,4.56082,5.37025,1.17091,1266.4,1081.56,0.0,0.0,0.5586,0.477065,0.0,"Cd,Pd",Yes,Pd,clean,Y,Y,Y,,N,,,,,,,,,,,,,,,,,,,,,,OQESEJ_clean,487.9
OQETEK_clean,9.22928,8.86311,9.22928,0.986231,2193.64,2224.27,0.0,0.0,0.7092,0.719101,0.0,Yb,Yes,Yb,clean,Y,Y,Y,,N,,,,,,,,,,,,,,,,,,,,,,OQETEK_clean,108.9
OQIQEM_clean,5.45055,4.49489,5.37157,1.84745,1087.67,588.74,0.0,0.0,0.4966,0.268803,0.0,Tm,Yes,Tm,clean,N,Y,Y,,N,,,,,,,,,,,,,,,,,,,,,,OQIQEM_clean,442.6
OQIQIQ_clean,5.6202,4.58328,5.56734,1.81543,1128.03,621.358,0.0,0.0,0.505,0.278171,0.0,Er,Yes,Er,clean,N,Y,Y,,N,,,,,,,,,,,,,,,,,,,,,,OQIQIQ_clean,442.5
OQIQOW_clean,5.63723,4.61311,5.63723,1.46954,1129.77,768.793,0.0,0.0,0.507,0.345006,0.0,Y,Yes,Y,clean,N,Y,Y,,N,,,,,,,,,,,,,,,,,,,,,,OQIQOW_clean,479.2
OQIZUL_clean,13.227,6.74608,13.21397,0.868865,2105.53,2423.31,0.0,0.0,0.7146,0.822452,0.0,Cu,Yes,Cu,clean,Y,Y,Y,,N,,,,,,,,,,,,,,,,,,,,,,OQIZUL_clean,3162.1
OQOJUB_clean,5.19109,4.86993,5.18739,1.04071,742.936,713.872,0.0,0.0,0.4654,0.447194,0.0,Li,No, ,clean,Y,Y,Y,,N,,,,,,,,,,,,,,,,,,,,,,OQOJUB_clean,406.5
OQUCOU_clean,8.09828,4.42359,8.09828,0.85933,2801.31,3259.88,0.0,0.0,0.697,0.811097,0.0,Cd,Yes,Cd,clean,Y,Y,Y,,N,,,,,,,,,,,,,,,,,,,,,,OQUCOU_clean,473.6
OQUFAJ02_clean,10.4008,8.96418,10.4008,1.23779,2032.69,1642.19,0.0386359,0.0312135,0.6356,0.513494,0.000323156,Zr,Yes,Zr,clean,Y,Y,Y,,N,,,,,,,,,,,,,,,,,,,,,,OQUFAJ02_clean,519.8
OQUFAJ04_clean,10.98593,10.0178,10.98593,1.04962,2124.9,2024.45,7.18544,6.84576,0.6738,0.641947,0.000381091,Zr,Yes,Zr,clean,Y,Y,Y,,N,,,,,,,,,,,,,,,,,,,,,,OQUFAJ04_clean,570.2
OQUFAJ_clean,11.24927,10.05552,11.24927,1.02086,2177.77,2133.26,0.0,0.0,0.6808,0.666886,0.000195912,Zr,Yes,Zr,clean,Y,Y,Y,,N,,,,,,,,,,,,,,,,,,,,,,OQUFAJ_clean,549.0
OQUFOX_clean,11.5339,10.83209,11.5339,1.11588,1914.53,1715.71,0.0,0.0,0.6464,0.579272,0.00035846,Zr,Yes,Zr,clean,Y,Y,Y,,N,,,,,,,,,,,,,,,,,,,,,,OQUFOX_clean,327.4
OQUGUE_clean,11.61723,9.4131,11.61627,1.01509,1836.93,1809.63,0.0,0.0,0.664,0.654132,0.000394056,Zr,Yes,Zr,clean,Y,Y,Y,,N,,,,,,,,,,,,,,,,,,,,,,OQUGUE_clean,799.9
OQUWUU_clean,7.2326,3.56865,7.1357,2.62668,817.31,311.158,0.924344,0.351906,0.4758,0.181141,0.0,"W,Co",Yes,"W,Co",clean,Y,Y,Y,,N,,,,,,,,,,,,,,,,,,,,,,OQUWUU_clean,2654.8
OQUXAB_clean,5.25424,3.9856,4.37611,3.15937,963.013,304.812,0.0,0.0,0.479,0.151613,6.33e-05,"W,Ge,Co",Yes,"W,Co",clean,Y,Y,Y,,N,,,,,,,,,,,,,,,,,,,,,,OQUXAB_clean,1068.5
OQUXEF_clean,5.15601,3.95885,4.51563,3.15796,940.396,297.786,0.0,0.0,0.4776,0.151237,0.0,"W,Co",Yes,"W,Co",clean,Y,Y,Y,,N,,,,,,,,,,,,,,,,,,,,,,OQUXEF_clean,1006.3
OQUXIJ_clean,5.10257,3.94634,4.56846,3.16115,912.504,288.662,0.0,0.0,0.4752,0.150325,0.0,"W,Co",Yes,"W,Co",clean,Y,Y,Y,,N,,,,,,,,,,,,,,,,,,,,,,OQUXIJ_clean,1031.8
OQUZIL_clean,5.18347,3.94031,4.38977,3.26699,933.452,285.723,0.0,0.0,0.4852,0.148516,6.12e-05,"W,Ag",Yes,"W,Ag",clean,Y,Y,Y,,N,,,,,,,,,,,,,,,,,,,,,,OQUZIL_clean,1056.3
ORAGEU_clean,5.42971,4.14733,5.42971,3.26052,599.199,183.774,0.0,0.0,0.4338,0.133046,0.0,"Gd,Re",Yes,Gd,clean,N,Y,Y,,N,,,,,,,,,,,,,,,,,,,,,,ORAGEU_clean,269.2
ORAGOF_clean,11.1071,8.37381,11.01802,1.02581,1703.75,1660.88,0.0,0.0,0.6588,0.642222,0.0,Ho,Yes,Ho,clean,Y,Y,Y,,N,,,,,,,,,,,,,,,,,,,,,,ORAGOF_clean,507.5
ORAQUU_clean,8.39177,4.98086,8.38728,0.858283,1785.46,2080.27,0.0,0.0,0.5764,0.671573,0.0,Zn,Yes,Zn,clean,N,Y,Y,,N,,,,,,,,,,,,,,,,,,,,,,ORAQUU_clean,2156.4
OREZES_clean,6.24665,4.6565,6.24665,1.39534,1020.81,731.587,0.0,0.0,0.5102,0.365646,0.0,"Ca,Cu",Yes,Cu,clean,Y,Y,Y,,N,,,,,,,,,,,,,,,,,,,,,,OREZES_clean,331.4
ORIBAU_clean,6.79191,5.8597,6.78824,0.948194,2192.57,2312.36,0.0,0.0,0.6432,0.678343,0.0,Zn,No, ,clean,Y,Y,Y,,N,,,,,,,,,,,,,,,,,,,,,,ORIBAU_clean,226.9
ORIVOC_clean,11.63735,10.86073,11.63667,1.22977,1588.45,1291.67,0.0,0.0,0.669,0.544005,0.0,Zn,Yes,Zn,clean,Y,Y,Y,,N,,,,,,,,,,,,,,,,,,,,,,ORIVOC_clean,931.2
ORIVUI_clean,11.75163,10.98212,11.75156,1.19791,1581.46,1320.18,0.0,0.0,0.6576,0.548955,0.0,Ni,Yes,Ni,clean,Y,Y,Y,,N,,,,,,,,,,,,,,,,,,,,,,ORIVUI_clean,913.6
ORIWAP_clean,11.38312,11.03917,11.38312,1.17282,1538.11,1311.46,0.0,0.0,0.6442,0.549274,0.0,Co,Yes,Co,clean,Y,Y,Y,,N,,,,,,,,,,,,,,,,,,,,,,ORIWAP_clean,869.2
ORIWET_clean,11.42805,11.05994,11.42805,1.09099,1549.25,1420.05,0.0,0.0,0.6484,0.594324,0.0,Mn,Yes,Mn,clean,Y,Y,Y,,N,,,,,,,,,,,,,,,,,,,,,,ORIWET_clean,774.6
OROKEN_clean,5.0644,3.74541,5.02547,1.65088,1835.83,1112.03,0.0,0.0,0.5786,0.350479,0.0,"Cu,Nb",Yes,Nb,clean,Y,Y,Y,,N,,,,,,,,,,,,,,,,,,,,,,OROKEN_clean,306.7
OROLUD_clean,4.90586,4.18695,4.898,1.66342,1280.2,769.617,0.0,0.0,0.5884,0.353728,0.0,Zn,No, ,clean,Y,Y,Y,,N,,,,,,,,,,,,,,,,,,,,,,OROLUD_clean,483.8
ORUKET_clean,11.72853,7.7572,11.72853,0.760878,1856.28,2439.65,0.0,0.0,0.6772,0.890024,0.0,Mg,Yes,Mg,clean,Y,Y,Y,,N,,,,,,,,,,,,,,,,,,,,,,ORUKET_clean,205.4
ORUKOD_clean,4.98278,3.59875,4.86135,1.67769,666.045,397.001,0.0,0.0,0.4328,0.257974,0.0,Ba,Yes,Ba,clean,N,Y,Y,,N,,,,,,,,,,,,,,,,,,,,,,ORUKOD_clean,1395.2
ORULEU_clean,5.09262,3.5697,5.08241,1.45149,909.467,626.575,0.0,0.0,0.458,0.315538,0.0,Co,Yes,Co,clean,Y,Y,Y,,N,,,,,,,,,,,,,,,,,,,,,,ORULEU_clean,739.2
OSAVEK_clean,5.46185,5.06196,5.40742,0.991485,1397.48,1409.49,0.0,0.0,0.5638,0.568642,0.0,Ca,Yes,Ca,clean,N,Y,Y,,N,,,,,,,,,,,,,,,,,,,,,,OSAVEK_clean,261.2
OSAVUA_clean,5.76863,5.59566,5.76863,0.884314,1778.32,2010.97,0.0,0.0,0.631,0.713547,0.0,Ca,Yes,Ca,clean,N,Y,Y,,N,,,,,,,,,,,,,,,,,,,,,,OSAVUA_clean,199.0
OSAWEL_clean,5.275,4.57502,5.23103,1.20581,1256.21,1041.8,0.0,0.0,0.5198,0.43108,0.0,Ca,Yes,Ca,clean,N,Y,Y,,N,,,,,,,,,,,,,,,,,,,,,,OSAWEL_clean,467.5
OSIKIL_clean,8.13936,7.62995,8.13936,1.21532,2049.41,1686.32,0.0,0.0,0.6656,0.547676,0.0,Zn,No, ,clean,Y,Y,Y,,N,,,,,,,,,,,,,,,,,,,,,,OSIKIL_clean,1381.8
OSIKUX_clean_h,7.70472,6.98844,7.7017,1.09814,1952.99,1778.44,0.770215,0.701379,0.6478,0.589904,0.0,Zn,Yes,Zn,clean_h,N,Y,Y,,N,,,,,,,,,,,,,,,,,,,,,,OSIKUX_clean_h,1301.3
OSIWUJ_clean,4.71118,4.05137,4.70087,1.96063,444.374,226.648,0.0,0.0,0.4546,0.231864,0.0,Ag,Yes,Ag,clean,Y,Y,Y,,N,,,,,,,,,,,,,,,,,,,,,,OSIWUJ_clean,336.9
OSIXEU_clean,4.48519,3.90629,4.42091,1.97236,391.928,198.71,0.0,0.0,0.4512,0.228762,0.0,Ag,Yes,Ag,clean,Y,Y,Y,,N,,,,,,,,,,,,,,,,,,,,,,OSIXEU_clean,331.1
OSIXIY_clean,4.45544,3.93912,4.44865,1.99203,383.618,192.577,0.0,0.0,0.4342,0.217969,0.0,Ag,Yes,Ag,clean,Y,Y,Y,,N,,,,,,,,,,,,,,,,,,,,,,OSIXIY_clean,488.7
OSOTUN_clean,6.5088,4.06646,6.48701,1.06518,1477.94,1387.5,25.9444,24.3569,0.587,0.551081,0.0,Zn,Yes,Zn,clean,Y,Y,Y,,N,,,,,,,,,,,,,,,,,,,,,,OSOTUN_clean,2845.4
OSUVIJ_clean,5.66016,4.49241,5.58709,1.27175,1400.18,1100.98,0.0,0.0,0.5626,0.442381,0.0,"Si,U",Yes,U,clean,Y,Y,Y,,N,,,,,,,,,,,,,,,,,,,,,,OSUVIJ_clean,943.6
OSUWEF_clean,5.4068,4.18826,5.4054,1.41887,599.478,422.503,0.0,0.0,0.4032,0.28417,0.0,"Na,Zn",Yes,Na,clean,Y,Y,Y,,N,,,,,,,,,,,,,,,,,,,,,,OSUWEF_clean,2247.2
OTABES_clean,7.63161,5.91717,6.56997,0.849248,2347.96,2764.75,0.0,0.0,0.6812,0.802122,0.0,In,No, ,clean,Y,Y,Y,,N,,,,,,,,,,,,,,,,,,,,,,OTABES_clean,190.7
OTALUS_clean,12.67704,9.31362,12.67704,0.655199,1619.49,2471.76,0.0,0.0,0.7266,1.10898,0.0,Zn,Yes,Zn,clean,Y,Y,Y,,N,,,,,,,,,,,,,,,,,,,,,,OTALUS_clean,1742.1
OTAQAD_clean,7.25379,5.92825,6.48374,0.846977,2257.66,2665.55,0.0,0.0,0.6554,0.773811,0.0,Ga,No, ,clean,Y,Y,Y,,N,,,,,,,,,,,,,,,,,,,,,,OTAQAD_clean,253.4
OTATOT_clean,5.58723,4.86765,5.58723,1.11303,1703.16,1530.2,0.0,0.0,0.5774,0.518764,0.0,Tb,No, ,clean,Y,Y,Y,,N,,,,,,,,,,,,,,,,,,,,,,OTATOT_clean,263.2
OTAVAH_clean,5.59343,4.88116,5.59343,1.10464,1681.99,1522.66,0.0,0.0,0.5666,0.512927,0.0,Gd,No, ,clean,Y,Y,Y,,N,,,,,,,,,,,,,,,,,,,,,,OTAVAH_clean,257.8
OTAVOV_clean,5.7034,4.97261,5.54406,1.0469,1728.96,1651.5,0.0,0.0,0.5858,0.559554,0.0,La,No, ,clean,Y,Y,Y,,N,,,,,,,,,,,,,,,,,,,,,,OTAVOV_clean,254.8
OTAVUB_clean,5.619,4.89691,5.42117,1.09458,1697.03,1550.39,0.0,0.0,0.5796,0.529517,0.0,Eu,No, ,clean,Y,Y,Y,,N,,,,,,,,,,,,,,,,,,,,,,OTAVUB_clean,252.7
OTAWIR_clean,8.76686,5.54904,8.76285,0.758956,2118.77,2791.7,0.0,0.0,0.6858,0.90361,0.0,Zn,Yes,Zn,clean,Y,Y,Y,,N,,,,,,,,,,,,,,,,,,,,,,OTAWIR_clean,647.1
OTECAT_clean,10.77761,8.01894,10.77717,0.584808,2035.46,3480.57,0.0,0.0,0.7422,1.26913,0.0,Al,Yes,Al,clean,Y,Y,Y,,N,,,,,,,,,,,,,,,,,,,,,,OTECAT_clean,1397.1
OTEGUR_clean,7.28809,7.1769,7.28809,1.35972,1613.99,1187.0,0.0,0.0,0.5986,0.440239,0.0,In,No, ,clean,Y,Y,Y,,N,,,,,,,,,,,,,,,,,,,,,,OTEGUR_clean,526.8
OTEHAY_clean,7.22049,7.09442,7.20844,1.32207,1634.16,1236.06,0.0,0.0,0.6156,0.465632,0.0,In,No, ,clean,Y,Y,Y,,N,,,,,,,,,,,,,,,,,,,,,,OTEHAY_clean,461.2
OTIBUQ_clean,7.49622,5.20769,7.4368,0.82052,1944.83,2370.25,0.0,0.0,0.6366,0.775849,0.0,Al,No, ,clean,Y,Y,Y,,N,,,,,,,,,,,,,,,,,,,,,,OTIBUQ_clean,449.0
OTIJAE_clean,7.04903,4.97186,7.04895,1.01719,2261.56,2223.34,0.0,0.0,0.6676,0.65632,0.0,"Cr,Mn",No, ,clean,Y,Y,Y,,N,,,,,,,,,,,,,,,,,,,,,,OTIJAE_clean,1141.0
OTIPAK_clean,5.73499,5.10341,5.72616,1.20537,1243.12,1031.31,0.0,0.0,0.5414,0.449155,0.0,Cd,No, ,clean,Y,Y,Y,,N,,,,,,,,,,,,,,,,,,,,,,OTIPAK_clean,1301.3
OTIPEO_clean,5.44422,3.64653,5.43023,1.30852,1112.97,850.554,0.0,0.0,0.552,0.421851,0.0,Cd,Yes,Cd,clean,N,Y,Y,,N,,,,,,,,,,,,,,,,,,,,,,OTIPEO_clean,786.0
OTIPUE_clean,4.56896,3.82437,4.54982,1.42368,625.25,439.178,0.0,0.0,0.419,0.294307,0.0,Mn,No, ,clean,Y,Y,Y,,N,,,,,,,,,,,,,,,,,,,,,,OTIPUE_clean,542.1
OTIQAL_clean,5.97222,5.38811,5.95841,1.10964,1272.64,1146.9,0.0,0.0,0.5134,0.462673,0.0,Mn,No, ,clean,Y,Y,Y,,N,,,,,,,,,,,,,,,,,,,,,,OTIQAL_clean,528.9
OTODEI_clean,4.84074,4.45864,4.84074,1.17554,1203.72,1023.97,0.0,0.0,0.5354,0.45545,0.0,Ag,Yes,Ag,clean,Y,Y,Y,,N,,,,,,,,,,,,,,,,,,,,,,OTODEI_clean,878.8
OTODOS_clean,5.33134,5.0692,5.30094,1.13572,1496.22,1317.43,0.0,0.0,0.5556,0.489207,0.0,Ag,Yes,Ag,clean,Y,Y,Y,,N,,,,,,,,,,,,,,,,,,,,,,OTODOS_clean,1085.8
OTOLIU_clean,6.25402,4.56727,6.25402,0.748874,3565.69,4761.4,0.0,0.0,0.7372,0.984411,0.0,Ti,No, ,clean,Y,Y,Y,,N,,,,,,,,,,,,,,,,,,,,,,OTOLIU_clean,1290.1
OTOVAW_clean,4.51109,3.41338,4.48101,1.61175,574.481,356.434,0.0,0.0,0.423,0.262448,0.0,Cd,No, ,clean,Y,Y,Y,,N,,,,,,,,,,,,,,,,,,,,,,OTOVAW_clean,540.0
OTOVIE_clean,5.10968,4.35413,5.09224,1.37878,906.647,657.571,0.0,0.0,0.4582,0.332323,0.0,Co,No, ,clean,Y,Y,Y,,N,,,,,,,,,,,,,,,,,,,,,,OTOVIE_clean,526.3
OTUDEO_clean,11.1719,10.22736,11.1719,0.861706,1688.22,1959.16,0.0,0.0,0.6512,0.75571,0.0,"Na,Mn,K",Yes,K,clean,Y,Y,Y,,N,,,,,,,,,,,,,,,,,,,,,,OTUDEO_clean,256.0
OTUDIS_clean,11.15528,10.21239,11.15528,0.865137,1694.91,1959.13,0.0,0.0,0.6454,0.746009,0.0,"Na,Mn,K",Yes,K,clean,Y,Y,Y,,N,,,,,,,,,,,,,,,,,,,,,,OTUDIS_clean,268.0
OTUXUX_clean,4.86145,3.74941,4.84403,1.24376,901.8,725.062,0.0,0.0,0.4716,0.379174,0.0,Cd,No, ,clean,Y,Y,Y,,N,,,,,,,,,,,,,,,,,,,,,,OTUXUX_clean,2607.1
OTUYEJ_clean,6.23847,3.92545,6.16497,1.66734,1557.5,934.127,0.0,0.0,0.5496,0.329627,0.000239904,"As,Mn",Yes,As,clean,Y,Y,Y,,N,,,,,,,,,,,,,,,,,,,,,,OTUYEJ_clean,176.8
OVEHUT_clean,6.55703,4.29128,6.55703,1.17548,2147.07,1826.55,0.0,0.0,0.6548,0.557051,0.0,Cd,Yes,Cd,clean,Y,Y,Y,,N,,,,,,,,,,,,,,,,,,,,,,OVEHUT_clean,506.6
OVEJIJ_clean,6.31656,4.24661,6.2524,1.60097,1225.59,765.53,134.792,84.1937,0.5422,0.33867,0.0,V,Yes,V,clean,Y,Y,Y,,N,,,,,,,,,,,,,,,,,,,,,,OVEJIJ_clean,241.4
OVEXOD_clean,5.7329,3.62145,5.72476,1.46061,416.232,284.972,0.0,0.0,0.379,0.259481,0.0,Mn,Yes,Mn,clean,Y,Y,Y,,N,,,,,,,,,,,,,,,,,,,,,,OVEXOD_clean,564.7
OVICUS_clean,5.87924,5.2518,5.87924,1.52853,828.26,541.866,0.0,0.0,0.4388,0.287073,0.0,Zn,Yes,Zn,clean,Y,Y,Y,,N,,,,,,,,,,,,,,,,,,,,,,OVICUS_clean,731.1
OVIWIA_clean,4.70586,3.71228,4.70586,2.66834,1137.35,426.241,0.0,0.0,0.5094,0.190905,0.0,"U,Co",Yes,"U,Co",clean,N,Y,Y,,N,,,,,,,,,,,,,,,,,,,,,,OVIWIA_clean,200.8
OVIZID_clean,5.3844,4.07127,5.3844,1.26325,906.56,717.64,0.0,0.0,0.4818,0.381397,0.0,Ni,Yes,Ni,clean,Y,Y,Y,,N,,,,,,,,,,,,,,,,,,,,,,OVIZID_clean,733.6
OVUCOY_clean,6.51812,4.71987,6.51261,2.41124,1158.77,480.568,0.0,0.0,0.5524,0.229094,0.0,U,Yes,U,clean,Y,Y,Y,,N,,,,,,,,,,,,,,,,,,,,,,OVUCOY_clean,291.5
OVUDAL_clean,7.09169,4.92914,7.08099,2.29972,1368.63,595.127,0.0,0.0,0.5708,0.248204,0.0,U,Yes,U,clean,Y,Y,Y,,N,,,,,,,,,,,,,,,,,,,,,,OVUDAL_clean,264.8
OWAVIS_clean,9.58182,5.9765,9.29598,0.840674,2344.57,2788.91,0.0,0.0,0.7226,0.859548,0.0,Zn,Yes,Zn,clean,Y,Y,Y,,N,,,,,,,,,,,,,,,,,,,,,,OWAVIS_clean,990.6
OWAVOY_clean,8.02011,4.26959,8.02011,1.00925,2055.28,2036.44,0.0,0.0,0.642,0.636114,0.0,Zn,Yes,Zn,clean,Y,Y,Y,,N,,,,,,,,,,,,,,,,,,,,,,OWAVOY_clean,491.8
OWETIU_clean,6.92899,4.15657,6.92674,3.31737,1014.79,305.901,78.2458,23.5867,0.4912,0.148069,0.0,"W,Ag",Yes,"W,Ag",clean,Y,Y,Y,,N,,,,,,,,,,,,,,,,,,,,,,OWETIU_clean,312.6
OWEYOF_clean,6.37079,4.45129,6.36918,1.04803,1419.15,1354.11,0.0,0.0,0.5498,0.524602,0.0,Co,No, ,clean,Y,Y,Y,,N,,,,,,,,,,,,,,,,,,,,,,OWEYOF_clean,1623.4
OWIHEJ_clean,7.35052,7.17386,7.35052,1.33314,1629.69,1222.45,0.0,0.0,0.6108,0.458167,0.0,In,No, ,clean,Y,Y,Y,,N,,,,,,,,,,,,,,,,,,,,,,OWIHEJ_clean,492.7
OWIHIN_clean,7.33344,7.17038,7.33344,1.33826,1633.23,1220.41,0.0,0.0,0.6104,0.456115,0.0,In,No, ,clean,Y,Y,Y,,N,,,,,,,,,,,,,,,,,,,,,,OWIHIN_clean,502.3
OWIHOT_clean,7.42387,7.28396,7.42387,1.32488,1634.57,1233.75,0.0,0.0,0.6134,0.462986,0.0,In,No, ,clean,Y,Y,Y,,N,,,,,,,,,,,,,,,,,,,,,,OWIHOT_clean,503.6
OWIHUZ_clean,7.37728,7.20219,7.37728,1.32559,1638.53,1236.07,0.0,0.0,0.613,0.462436,0.0,In,No, ,clean,Y,Y,Y,,N,,,,,,,,,,,,,,,,,,,,,,OWIHUZ_clean,499.1
OWIJAH_clean,7.38305,7.21509,7.38305,1.32603,1628.6,1228.17,0.0,0.0,0.6114,0.461074,0.0,In,No, ,clean,Y,Y,Y,,N,,,,,,,,,,,,,,,,,,,,,,OWIJAH_clean,488.9
OWIJEL_clean,7.46814,7.33893,7.46814,1.32685,1640.34,1236.26,0.0,0.0,0.612,0.461241,0.0,In,No, ,clean,Y,Y,Y,,N,,,,,,,,,,,,,,,,,,,,,,OWIJEL_clean,486.2
OWIJIP_clean,7.46558,7.33479,7.46558,1.3287,1650.48,1242.18,0.0,0.0,0.6126,0.461053,0.0,In,No, ,clean,Y,Y,Y,,N,,,,,,,,,,,,,,,,,,,,,,OWIJIP_clean,502.5
OWIJOV_clean,7.41619,7.28781,7.41619,1.32565,1655.33,1248.7,0.0,0.0,0.6148,0.463773,0.0,In,No, ,clean,Y,Y,Y,,N,,,,,,,,,,,,,,,,,,,,,,OWIJOV_clean,509.3
OWILAJ_clean,8.92733,6.71409,8.92733,0.968913,1708.71,1763.53,0.0,0.0,0.6184,0.638241,0.000412834,"Rh,Zr",Yes,"Rh,Zr",clean,Y,Y,Y,,N,,,,,,,,,,,,,,,,,,,,,,OWILAJ_clean,505.3
OWIYUP_clean,8.24396,6.91953,8.2349,0.925347,1653.05,1786.41,0.0,0.0,0.6152,0.664832,0.0,Cu,Yes,Cu,clean,Y,Y,Y,,N,,,,,,,,,,,,,,,,,,,,,,OWIYUP_clean,3756.2
OWIZAW_clean,14.23644,11.75665,14.23644,0.378656,1891.92,4996.41,0.0,0.0,0.8398,2.21785,0.0,Cu,Yes,Cu,clean,Y,Y,Y,,N,,,,,,,,,,,,,,,,,,,,,,OWIZAW_clean,249.0
OWUWOU_clean,5.606,4.2786,5.606,1.14741,1253.9,1092.81,0.0,0.0,0.529,0.461039,0.0,"Cd,Fe",Yes,Cd,clean,Y,Y,Y,,N,,,,,,,,,,,,,,,,,,,,,,OWUWOU_clean,1139.0
OWUWUA_clean,5.57616,4.37097,5.56477,1.14473,1062.1,927.816,0.0,0.0,0.5102,0.445693,0.0,"Na,Fe,Zn",Yes,"Na,Zn",clean,Y,Y,Y,,N,,,,,,,,,,,,,,,,,,,,,,OWUWUA_clean,1224.5
OXALAB_clean,7.26534,5.19998,7.26225,0.828762,2095.62,2528.62,0.0,0.0,0.6488,0.782855,0.0,Co,No, ,clean,Y,Y,Y,,N,,,,,,,,,,,,,,,,,,,,,,OXALAB_clean,230.4
OXALEF_clean,7.18754,5.18545,7.18754,0.839237,2049.14,2441.67,0.0,0.0,0.6438,0.767126,0.0,Mn,No, ,clean,Y,Y,Y,,N,,,,,,,,,,,,,,,,,,,,,,OXALEF_clean,237.2
OXALIJ_ion_b,7.03961,4.95922,7.03961,0.942672,1903.34,2019.09,0.0,0.0,0.627,0.66513,0.0,Cd,No, ,ion_b,Y,Y,Y,,N,,,,,,,,,,,,,,,,,,,,,,OXALIJ_ion_b,234.0
OXALOP_clean,5.88824,4.43891,5.88824,1.02509,1694.61,1653.14,0.780383,0.761286,0.599,0.584341,0.0,Y,Yes,Y,clean,Y,Y,Y,,N,,,,,,,,,,,,,,,,,,,,,,OXALOP_clean,344.7
OXALUV_SL,9.15018,6.54946,9.15011,0.800859,2321.96,2899.33,0.0,0.0,0.7128,0.890045,0.0,In,No, ,SL,Y,Y,Y,,N,,,,,,,,,,,,,,,,,,,,,,OXALUV_SL,607.4
OXEVOE_clean,5.9996,4.29075,5.9996,1.32095,787.004,595.785,77.213,58.4525,0.5,0.378515,0.0,Ag,Yes,Ag,clean,Y,Y,Y,,N,,,,,,,,,,,,,,,,,,,,,,OXEVOE_clean,244.9
OXITOF_clean,6.28705,5.508,6.2848,1.24834,1230.37,985.608,0.0,0.0,0.5144,0.412068,0.0,Co,Yes,Co,clean,Y,Y,Y,,N,,,,,,,,,,,,,,,,,,,,,,OXITOF_clean,193.0
OXOLAP_SL,19.10077,13.85784,19.10077,0.601751,1192.03,1980.93,80.0846,133.086,0.7556,1.25567,0.000332363,Zr,No, ,SL,Y,Y,Y,,N,,,,,,,,,,,,,,,,,,,,,,OXOLAP_SL,446.8
OXOZUY_clean,8.19821,4.66417,8.1974,0.956716,1690.02,1766.48,0.0,0.0,0.6112,0.638852,0.0,Tb,Yes,Tb,clean,Y,Y,Y,,N,,,,,,,,,,,,,,,,,,,,,,OXOZUY_clean,2108.9
OXUPUT_clean,9.06209,8.39643,9.06209,1.93215,1090.05,564.166,13.9927,7.24204,0.573,0.296561,0.0,U,Yes,U,clean,Y,Y,Y,,N,,,,,,,,,,,,,,,,,,,,,,OXUPUT_clean,364.2
OYEJOS_clean,9.55583,4.63693,9.55583,0.834794,1714.96,2054.35,0.0,0.0,0.6424,0.769531,0.0,Cu,Yes,Cu,clean,N,Y,Y,,N,,,,,,,,,,,,,,,,,,,,,,OYEJOS_clean,414.3
OYERER_clean,14.32515,11.45272,14.00664,0.462369,2190.15,4736.81,0.0,0.0,0.8394,1.81543,0.0,"Cu,Cr",Yes,"Cu,Cr",clean,Y,Y,Y,,N,,,,,,,,,,,,,,,,,,,,,,OYERER_clean,168.3
OYERIV_clean,14.68028,11.95217,14.68028,0.792697,1463.31,1845.99,123.823,156.204,0.696,0.878015,0.0,"Cr,Mn",Yes,Cr,clean,Y,Y,Y,,N,,,,,,,,,,,,,,,,,,,,,,OYERIV_clean,681.1
OYEROB_clean,9.45168,7.14174,9.44893,0.790347,2325.92,2942.91,0.982216,1.24277,0.7298,0.923392,0.0,"Cd,Cr",Yes,"Cd,Cr",clean,Y,Y,Y,,N,,,,,,,,,,,,,,,,,,,,,,OYEROB_clean,455.6
OYERUH_clean,7.57942,6.42809,7.56103,1.08661,1656.01,1524.01,185.649,170.851,0.6376,0.586778,0.0,"Cd,Cr",Yes,"Cd,Cr",clean,Y,Y,Y,,N,,,,,,,,,,,,,,,,,,,,,,OYERUH_clean,1030.1
OYEWEW_clean,9.10111,6.40889,9.10064,0.579676,2406.76,4151.9,0.0,0.0,0.7488,1.29176,0.0,Al,Yes,Al,clean,Y,Y,Y,,N,,,,,,,,,,,,,,,,,,,,,,OYEWEW_clean,254.9
OYEWIA_clean,10.37041,7.95909,10.26711,0.677921,2034.96,3001.77,0.0,0.0,0.7108,1.0485,0.0,Al,Yes,Al,clean,Y,Y,Y,,N,,,,,,,,,,,,,,,,,,,,,,OYEWIA_clean,210.0
OYIVEY_clean,8.41834,4.77784,8.41834,1.02358,1872.15,1829.01,0.0951624,0.0929698,0.626,0.611576,0.0,Cu,Yes,Cu,clean,Y,Y,Y,,N,,,,,,,,,,,,,,,,,,,,,,OYIVEY_clean,418.2
OYIVIC_clean,5.5413,4.80567,5.5333,1.19582,1382.4,1156.02,0.0,0.0,0.5784,0.483684,0.0,Cu,Yes,Cu,clean,Y,Y,Y,,N,,,,,,,,,,,,,,,,,,,,,,OYIVIC_clean,356.0
OYIVOI_clean,5.54513,4.92009,5.54513,1.34386,1289.96,959.889,0.0,0.0,0.5594,0.416262,0.0,Cu,Yes,Cu,clean,Y,Y,Y,,N,,,,,,,,,,,,,,,,,,,,,,OYIVOI_clean,387.0
OYOSAX_clean,5.10436,4.21189,5.06572,1.19023,1067.87,897.196,0.0,0.0,0.5162,0.433699,0.0,Mn,Yes,Mn,clean,N,Y,Y,,N,,,,,,,,,,,,,,,,,,,,,,OYOSAX_clean,694.5
OZAVES_clean,5.64539,5.08904,5.62805,1.07782,1464.13,1358.41,0.0,0.0,0.5738,0.532369,0.0,Ca,Yes,Ca,clean,N,Y,Y,,N,,,,,,,,,,,,,,,,,,,,,,OZAVES_clean,227.3
OZAVOC_clean,6.46772,5.63481,6.46128,1.35316,1406.83,1039.66,0.0,0.0,0.5486,0.40542,0.0,Sr,Yes,Sr,clean,N,Y,Y,,N,,,,,,,,,,,,,,,,,,,,,,OZAVOC_clean,395.2
OZAVUI_clean,5.43678,4.75451,5.43678,1.24526,1365.54,1096.59,0.0,0.0,0.5928,0.476044,0.0,Sr,Yes,Sr,clean,N,Y,Y,,N,,,,,,,,,,,,,,,,,,,,,,OZAVUI_clean,289.3
OZUKOL_clean,11.66314,11.04095,11.6623,1.07501,1570.69,1461.09,0.0,0.0,0.6578,0.611902,0.0,Mn,Yes,Mn,clean,Y,Y,Y,,N,,,,,,,,,,,,,,,,,,,,,,OZUKOL_clean,548.9
OZUKUR01_clean,12.00308,11.20848,12.00308,1.04914,1577.91,1504.01,0.0,0.0,0.6712,0.639764,0.0,Mn,Yes,Mn,clean,Y,Y,Y,,N,,,,,,,,,,,,,,,,,,,,,,OZUKUR01_clean,445.6
OZUKUR_clean,11.77684,11.08852,11.77544,1.07383,1569.26,1461.37,0.0,0.0,0.6592,0.613879,0.0,Mn,Yes,Mn,clean,Y,Y,Y,,N,,,,,,,,,,,,,,,,,,,,,,OZUKUR_clean,544.2
OZULAY_clean,11.76704,10.98127,11.76502,1.07223,1568.4,1462.75,0.0,0.0,0.6546,0.610504,0.0,Mn,Yes,Mn,clean,Y,Y,Y,,N,,,,,,,,,,,,,,,,,,,,,,OZULAY_clean,533.7
OZULUS_clean,11.30509,10.53212,11.30463,1.32172,1536.26,1162.31,0.0,0.0,0.6386,0.483157,0.0,Cu,Yes,Cu,clean,Y,Y,Y,,N,,,,,,,,,,,,,,,,,,,,,,OZULUS_clean,817.0
OZUMAZ01_clean,11.42001,10.68224,11.42001,1.32181,1528.59,1156.43,0.0,0.0,0.6378,0.482518,0.0,Cu,Yes,Cu,clean,Y,Y,Y,,N,,,,,,,,,,,,,,,,,,,,,,OZUMAZ01_clean,821.7
OZUMAZ_clean,11.32593,10.60044,11.32547,1.32216,1533.89,1160.14,0.0,0.0,0.6396,0.483754,0.0,Cu,Yes,Cu,clean,Y,Y,Y,,N,,,,,,,,,,,,,,,,,,,,,,OZUMAZ_clean,811.1
OZUMIH_clean,11.34307,10.585,11.34288,1.32207,1537.23,1162.75,0.0,0.0,0.6412,0.484999,0.0,Cu,Yes,Cu,clean,Y,Y,Y,,N,,,,,,,,,,,,,,,,,,,,,,OZUMIH_clean,858.6
PACGIM_clean,5.65368,4.16479,5.64778,1.04531,2243.67,2146.41,0.0,0.0,0.631,0.603646,0.0,Th,No, ,clean,Y,Y,Y,,N,,,,,,,,,,,,,,,,,,,,,,PACGIM_clean,1208.0
PACZOK_clean,14.42262,6.94223,14.41025,1.08844,2172.35,1995.84,0.0,0.0,0.7086,0.651024,0.0,V,Yes,V,clean,Y,Y,Y,,N,,,,,,,,,,,,,,,,,,,,,,PACZOK_clean,1121.5
PACZUQ_clean,6.93068,4.23947,6.93068,1.54491,905.644,586.213,0.0,0.0,0.4772,0.308886,0.0,Pr,No, ,clean,Y,Y,Y,,N,,,,,,,,,,,,,,,,,,,,,,PACZUQ_clean,424.9
PAFMUH_clean,4.1569,3.45207,4.13312,1.53558,373.555,243.267,0.0,0.0,0.4318,0.281197,0.0,Cd,Yes,Cd,clean,Y,Y,Y,,N,,,,,,,,,,,,,,,,,,,,,,PAFMUH_clean,312.1
PAHPOG_clean,7.73062,5.40152,7.60787,0.954052,1660.24,1740.2,0.0,0.0,0.5924,0.620931,0.0,"Ag,Fe",Yes,Ag,clean,Y,Y,Y,,N,,,,,,,,,,,,,,,,,,,,,,PAHPOG_clean,1150.1
PAJSAX_clean,11.72543,11.19673,11.71838,0.847503,1673.18,1974.24,0.0,0.0,0.6882,0.812032,0.0,Zn,No, ,clean,Y,Y,Y,,N,,,,,,,,,,,,,,,,,,,,,,PAJSAX_clean,349.4
PAKFAL_clean,4.75354,4.10738,4.75354,2.43205,513.87,211.291,0.0,0.0,0.3964,0.16299,0.0,"Au,Mn",Yes,"Au,Mn",clean,N,Y,Y,,N,,,,,,,,,,,,,,,,,,,,,,PAKFAL_clean,381.3
PAKFEP_clean,4.86901,4.27875,4.86901,1.90484,508.538,266.971,0.0,0.0,0.3924,0.206001,0.0,"Ag,Mn",Yes,"Ag,Mn",clean,N,Y,Y,,N,,,,,,,,,,,,,,,,,,,,,,PAKFEP_clean,381.9
PAKXIK_clean,5.56128,3.90775,5.56038,1.25158,1486.65,1187.82,19.61,15.6682,0.5744,0.458939,0.0,Cd,Yes,Cd,clean,Y,Y,Y,,N,,,,,,,,,,,,,,,,,,,,,,PAKXIK_clean,591.6
PALTON_clean,12.85281,10.88454,12.85281,0.723595,1862.94,2574.56,0.0,0.0,0.677,0.935606,0.0,Cu,Yes,Cu,clean,Y,Y,Y,,N,,,,,,,,,,,,,,,,,,,,,,PALTON_clean,1318.8
PAMHIW_clean,9.2687,4.50421,9.2687,0.952087,1296.4,1361.64,427.264,448.766,0.6164,0.64742,0.0,Cu,No, ,clean,Y,Y,Y,,N,,,,,,,,,,,,,,,,,,,,,,PAMHIW_clean,1054.4
PAMTII_clean,12.14001,5.49468,12.1397,0.953828,2043.58,2142.5,0.0,0.0,0.7082,0.742482,0.0,Er,Yes,Er,clean,Y,Y,Y,,N,,,,,,,,,,,,,,,,,,,,,,PAMTII_clean,247.8
PAMTOO_clean,12.35154,5.62136,12.35154,0.923606,1995.9,2160.98,0.0,0.0,0.7096,0.768293,0.0,Dy,Yes,Dy,clean,Y,Y,Y,,N,,,,,,,,,,,,,,,,,,,,,,PAMTOO_clean,240.7
PAMTUU_clean,12.40087,5.62514,12.40087,0.908425,2011.92,2214.73,0.0,0.0,0.6952,0.76528,0.0,Tb,Yes,Tb,clean,Y,Y,Y,,N,,,,,,,,,,,,,,,,,,,,,,PAMTUU_clean,249.7
PAMVEG_clean,4.06328,3.71255,4.05877,1.30742,297.768,227.753,0.0,0.0,0.4276,0.327056,0.0,Zn,Yes,Zn,clean,Y,Y,Y,,N,,,,,,,,,,,,,,,,,,,,,,PAMVEG_clean,326.2
PAPROO_clean,7.19025,5.05276,7.19025,1.91608,861.592,449.664,0.0,0.0,0.4326,0.225774,0.0,"Cu,Tb",No, ,clean,Y,Y,Y,,N,,,,,,,,,,,,,,,,,,,,,,PAPROO_clean,420.2
PAPRUU_clean,7.39284,4.83476,7.39284,1.80811,810.66,448.345,0.0,0.0,0.438,0.242241,0.0,"La,Ni",No, ,clean,Y,Y,Y,,N,,,,,,,,,,,,,,,,,,,,,,PAPRUU_clean,372.8
PAPVAF_clean,10.09597,6.84011,9.58875,0.817097,2396.15,2932.52,0.0,0.0,0.7324,0.896344,0.0,Pr,Yes,Pr,clean,Y,Y,Y,,N,,,,,,,,,,,,,,,,,,,,,,PAPVAF_clean,624.6
PAPXUB_clean,4.14867,3.74838,4.12901,1.41027,380.17,269.572,0.0,0.0,0.4056,0.287604,0.0,Cd,No, ,clean,Y,Y,Y,,N,,,,,,,,,,,,,,,,,,,,,,PAPXUB_clean,548.1
PAQMEB_clean,5.66983,3.45515,5.06855,2.32316,1166.36,502.057,0.0,0.0,0.4938,0.212555,0.0,"Mo,Mn",Yes,"Mo,Mn",clean,N,Y,Y,,N,,,,,,,,,,,,,,,,,,,,,,PAQMEB_clean,238.6
PAQVEK_clean,5.27989,4.58936,5.26433,1.11804,1118.78,1000.66,0.0,0.0,0.502,0.449,0.0,"Ni,Fe,K",Yes,"Ni,K",clean,Y,Y,Y,,N,,,,,,,,,,,,,,,,,,,,,,PAQVEK_clean,833.4
PARHAS_clean,6.90619,6.37667,6.76731,0.69817,2236.54,3203.43,0.0,0.0,0.6838,0.979418,0.0,Ca,Yes,Ca,clean,Y,Y,Y,,N,,,,,,,,,,,,,,,,,,,,,,PARHAS_clean,157.6
PARHEW_clean,7.38605,6.67234,7.38605,0.632325,2400.53,3796.35,0.0,0.0,0.7148,1.13043,0.0,Ca,Yes,Ca,clean,Y,Y,Y,,N,,,,,,,,,,,,,,,,,,,,,,PARHEW_clean,157.0
PARKUQ01_clean,6.67552,5.18428,6.65544,1.17133,2054.42,1753.92,0.0,0.0,0.6446,0.550316,0.0,Cd,No, ,clean,Y,Y,Y,,N,,,,,,,,,,,,,,,,,,,,,,PARKUQ01_clean,245.1
PARMIG_clean,4.62483,4.28304,4.62483,1.33462,793.109,594.261,0.0,0.0,0.4652,0.348565,0.0,Ni,No, ,clean,Y,Y,Y,,N,,,,,,,,,,,,,,,,,,,,,,PARMIG_clean,1017.6
PARNIH_clean,8.32489,6.77668,8.32489,0.861017,1951.67,2266.71,0.0,0.0,0.6712,0.779544,0.0,Cu,Yes,Cu,clean,Y,Y,Y,,N,,,,,,,,,,,,,,,,,,,,,,PARNIH_clean,248.8
PARNON_clean,7.81335,6.23608,7.8124,0.973393,1971.82,2025.72,0.0,0.0,0.6118,0.628523,0.0,Cu,Yes,Cu,clean,Y,Y,Y,,N,,,,,,,,,,,,,,,,,,,,,,PARNON_clean,573.9
PASMUT_clean,5.21671,3.87145,5.2007,1.45236,1664.76,1146.24,0.0,0.0,0.5822,0.400864,0.0,Zn,Yes,Zn,clean,N,Y,Y,,N,,,,,,,,,,,,,,,,,,,,,,PASMUT_clean,424.0
PASNAA01_clean,4.83008,3.80459,4.83008,1.46381,1335.98,912.674,0.0,0.0,0.51,0.348405,0.0,Co,Yes,Co,clean,N,Y,Y,,N,,,,,,,,,,,,,,,,,,,,,,PASNAA01_clean,504.8
PASNAA_clean,4.89594,3.826,4.89193,1.4497,1354.61,934.408,0.0,0.0,0.5164,0.356212,0.0,Co,Yes,Co,clean,N,Y,Y,,N,,,,,,,,,,,,,,,,,,,,,,PASNAA_clean,500.9
PASTOU_clean,6.66976,4.5166,6.66976,1.58721,797.598,502.516,0.0,0.0,0.4778,0.301032,0.0,Cd,Yes,Cd,clean,N,Y,Y,,N,,,,,,,,,,,,,,,,,,,,,,PASTOU_clean,570.8
PATNAB_clean,9.14224,6.89364,9.14224,1.35956,1803.58,1326.59,0.0,0.0,0.6728,0.494866,0.0,Ag,Yes,Ag,clean,N,Y,Y,,N,,,,,,,,,,,,,,,,,,,,,,PATNAB_clean,142.8
PATWOY_clean,7.80785,6.68696,7.80785,0.911859,1500.87,1645.94,0.0,0.0,0.5982,0.656023,0.0,Zn,Yes,Zn,clean,Y,Y,Y,,N,,,,,,,,,,,,,,,,,,,,,,PATWOY_clean,403.4
PAVLOO_clean,4.63098,4.29599,4.63098,1.36764,915.445,669.362,13.6565,9.98545,0.5494,0.401715,0.0,Ag,Yes,Ag,clean,Y,Y,Y,,N,,,,,,,,,,,,,,,,,,,,,,PAVLOO_clean,856.6
PAVMAB_clean,4.70831,4.3739,4.70531,1.34518,952.077,707.768,16.532,12.2898,0.553,0.411097,0.0,Ag,Yes,Ag,clean,Y,Y,Y,,N,,,,,,,,,,,,,,,,,,,,,,PAVMAB_clean,839.9
PEBNEP_clean,4.70974,3.99855,4.70974,1.47945,319.51,215.966,0.0,0.0,0.4064,0.274697,0.0,"Cu,Co",Yes,Cu,clean,Y,Y,Y,,N,,,,,,,,,,,,,,,,,,,,,,PEBNEP_clean,592.0
PECLEP_clean,5.39206,3.58035,5.25926,1.26009,1193.65,947.27,0.0,0.0,0.492,0.390447,0.0,Co,No, ,clean,Y,Y,Y,,N,,,,,,,,,,,,,,,,,,,,,,PECLEP_clean,1484.5
PEDMER_clean,4.87431,3.86596,4.87431,1.94999,1030.99,528.717,0.0,0.0,0.5166,0.264924,0.0,Cu,Yes,Cu,clean,N,Y,Y,,N,,,,,,,,,,,,,,,,,,,,,,PEDMER_clean,358.8
PEDMOB_clean,6.13543,5.59613,6.13543,1.47554,899.4,609.538,0.0,0.0,0.4724,0.320153,0.0,Cu,Yes,Cu,clean,Y,Y,Y,,N,,,,,,,,,,,,,,,,,,,,,,PEDMOB_clean,392.8
PEDRIA_clean,15.09269,7.93434,15.07573,0.589901,2245.43,3806.46,0.0,0.0,0.8114,1.37549,0.0,Zn,No, ,clean,Y,Y,Y,,N,,,,,,,,,,,,,,,,,,,,,,PEDRIA_clean,989.0
PEFJUF_clean,6.61682,6.0615,6.61682,1.19245,2068.35,1734.53,0.0,0.0,0.6212,0.520944,0.0,Al,No, ,clean,Y,Y,Y,,N,,,,,,,,,,,,,,,,,,,,,,PEFJUF_clean,593.5
PEFRID01_clean,6.55951,5.47634,6.55951,1.31717,1348.3,1023.64,0.0,0.0,0.552,0.419081,0.0,Sm,Yes,Sm,clean,Y,Y,Y,,N,,,,,,,,,,,,,,,,,,,,,,PEFRID01_clean,1300.1
PEFRID_clean,9.83364,8.16227,9.74315,1.01836,1671.9,1641.77,0.0,0.0,0.6476,0.635927,0.0,Sm,Yes,Sm,clean,Y,Y,Y,,N,,,,,,,,,,,,,,,,,,,,,,PEFRID_clean,549.3
PEFRUP01_clean,6.70842,5.60789,6.69161,1.32053,1380.71,1045.57,0.0,0.0,0.5546,0.419982,0.0,Gd,Yes,Gd,clean,Y,Y,Y,,N,,,,,,,,,,,,,,,,,,,,,,PEFRUP01_clean,1307.1
PEFRUP_clean,9.50189,8.00757,9.50189,1.0519,1670.24,1587.83,0.0,0.0,0.6432,0.611463,0.0,Gd,Yes,Gd,clean,Y,Y,Y,,N,,,,,,,,,,,,,,,,,,,,,,PEFRUP_clean,548.1
PEFSUQ_clean,6.71056,3.90525,6.68671,1.19472,875.451,732.768,0.0,0.0,0.5094,0.426377,0.0,Cu,Yes,Cu,clean,Y,Y,Y,,N,,,,,,,,,,,,,,,,,,,,,,PEFSUQ_clean,332.5
PEGBAG_clean,4.42914,3.59275,4.42914,1.43063,530.361,370.719,0.0,0.0,0.4708,0.329086,0.0,Zn,Yes,Zn,clean,Y,Y,Y,,N,,,,,,,,,,,,,,,,,,,,,,PEGBAG_clean,356.4
PEGBUA_clean,4.24178,3.44241,4.23659,1.42808,542.261,379.715,0.0,0.0,0.474,0.331915,0.0,Zn,Yes,Zn,clean,Y,Y,Y,,N,,,,,,,,,,,,,,,,,,,,,,PEGBUA_clean,362.7
PEGCAH_clean,4.41751,3.55963,4.41517,1.40923,648.294,460.035,0.0,0.0,0.4816,0.341747,0.0,Zn,Yes,Zn,clean,Y,Y,Y,,N,,,,,,,,,,,,,,,,,,,,,,PEGCAH_clean,432.1
PEGCEL_clean,4.60881,3.89017,4.60881,1.36646,760.056,556.224,0.0,0.0,0.4938,0.361373,0.0,Zn,Yes,Zn,clean,Y,Y,Y,,N,,,,,,,,,,,,,,,,,,,,,,PEGCEL_clean,470.3
PEGCIP_clean,5.4738,4.63859,5.45736,1.20371,1399.17,1162.38,0.0,0.0,0.5244,0.435652,0.0,Zn,Yes,Zn,clean,Y,Y,Y,,N,,,,,,,,,,,,,,,,,,,,,,PEGCIP_clean,1088.5
PEGPOI_clean,4.98627,3.51233,4.9807,1.99017,618.984,311.02,0.0,0.0,0.3962,0.199078,0.0,Y,Yes,Y,clean,N,Y,Y,,N,,,,,,,,,,,,,,,,,,,,,,PEGPOI_clean,602.9
PEGQID_clean,5.05756,3.46018,5.04486,2.49056,625.358,251.092,0.0,0.0,0.3982,0.159884,0.0,Gd,Yes,Gd,clean,N,Y,Y,,N,,,,,,,,,,,,,,,,,,,,,,PEGQID_clean,216.2
PEGQOJ_clean,5.06893,3.45218,5.06893,2.53315,611.744,241.495,0.0,0.0,0.3936,0.15538,0.0,Tb,Yes,Tb,clean,N,Y,Y,,N,,,,,,,,,,,,,,,,,,,,,,PEGQOJ_clean,221.2
PEGQUP_clean,4.99244,3.49069,4.98026,2.64253,618.757,234.153,0.0,0.0,0.3906,0.147813,0.0,Er,Yes,Er,clean,N,Y,Y,,N,,,,,,,,,,,,,,,,,,,,,,PEGQUP_clean,223.9
PEHQID_neutral,5.14211,3.77935,5.14211,1.46568,1144.37,780.78,0.0,0.0,0.5232,0.356968,0.0,Cd,No, ,neutral,Y,Y,Y,,N,,,,,,,,,,,,,,,,,,,,,,PEHQID_neutral,564.8
PEHTON_clean,5.79765,4.80371,5.79765,1.25943,995.966,790.809,0.0,0.0,0.488,0.387478,0.0,Cu,Yes,Cu,clean,Y,Y,Y,,N,,,,,,,,,,,,,,,,,,,,,,PEHTON_clean,680.0
PEJFOA_clean,4.64383,3.88697,4.63782,2.21077,775.822,350.929,123.298,55.7717,0.4612,0.208615,0.0,Ga,Yes,Ga,clean,Y,Y,Y,,N,,,,,,,,,,,,,,,,,,,,,,PEJFOA_clean,1689.4
PEJFUG_clean,5.6094,5.1902,5.6094,2.02674,953.383,470.404,0.0,0.0,0.4916,0.242558,0.0,Ga,No, ,clean,Y,Y,Y,,N,,,,,,,,,,,,,,,,,,,,,,PEJFUG_clean,1585.5
PEJMOI_clean,7.77261,4.72411,7.77261,1.78918,1087.16,607.629,0.0,0.0,0.4986,0.278675,0.0,"Cd,K",Yes,"Cd,K",clean,Y,Y,Y,,N,,,,,,,,,,,,,,,,,,,,,,PEJMOI_clean,222.3
PEJNUP_clean,9.7414,9.14394,9.67281,0.771129,2269.17,2942.66,0.0,0.0,0.7412,0.961188,0.0,Zn,No, ,clean,Y,Y,Y,,N,,,,,,,,,,,,,,,,,,,,,,PEJNUP_clean,216.9
PEKCUF_clean,8.20333,5.43297,8.20152,0.769862,2179.49,2831.01,0.0,0.0,0.6652,0.864051,0.0,Mn,Yes,Mn,clean,Y,Y,Y,,N,,,,,,,,,,,,,,,,,,,,,,PEKCUF_clean,610.5
PEKDAM_clean,6.66878,5.26481,6.65683,0.823111,2211.99,2687.35,0.0,0.0,0.6464,0.785313,0.0,Mn,Yes,Mn,clean,Y,Y,Y,,N,,,,,,,,,,,,,,,,,,,,,,PEKDAM_clean,351.0
PEKZIP_clean,4.53518,4.08657,4.53518,1.41548,619.125,437.397,0.0,0.0,0.4398,0.310708,0.0,Cu,Yes,Cu,clean,Y,Y,Y,,N,,,,,,,,,,,,,,,,,,,,,,PEKZIP_clean,292.6
PELGOE_clean,4.61976,3.65124,4.60921,1.18989,1005.69,845.196,0.0,0.0,0.5078,0.426764,0.0,Co,Yes,Co,clean,Y,Y,Y,,N,,,,,,,,,,,,,,,,,,,,,,PELGOE_clean,378.4
PELQII_clean,9.06577,7.1819,8.76719,0.671525,2063.21,3072.43,0.0,0.0,0.712,1.06027,0.0,Cd,Yes,Cd,clean,Y,Y,Y,,N,,,,,,,,,,,,,,,,,,,,,,PELQII_clean,652.0
PELRIJ_clean,21.55746,10.38341,21.54289,0.51708,1832.88,3544.68,0.0,0.0,0.8016,1.55024,0.0,Cu,Yes,Cu,clean,Y,Y,Y,,N,,,,,,,,,,,,,,,,,,,,,,PELRIJ_clean,300.7
PELXIP_clean,5.04305,3.66818,5.03506,1.84132,581.447,315.776,13.9718,7.58794,0.4556,0.247431,0.0,Cd,Yes,Cd,clean,Y,Y,Y,,N,,,,,,,,,,,,,,,,,,,,,,PELXIP_clean,668.0
PEMREG_clean,9.06566,7.46673,9.06566,0.753022,2058.76,2734.0,0.0,0.0,0.7058,0.93729,0.0,Cd,Yes,Cd,clean,Y,Y,Y,,N,,,,,,,,,,,,,,,,,,,,,,PEMREG_clean,545.3
PEMRIK_clean,6.31603,3.45605,6.31603,1.18528,1197.81,1010.57,0.0,0.0,0.5532,0.466723,0.0,Zn,Yes,Zn,clean,Y,Y,Y,,N,,,,,,,,,,,,,,,,,,,,,,PEMRIK_clean,927.0
PENNAZ_clean,8.96214,8.00387,8.96214,0.962495,1990.53,2068.1,0.0,0.0,0.7004,0.727692,0.0,Cd,Yes,Cd,clean,Y,Y,Y,,N,,,,,,,,,,,,,,,,,,,,,,PENNAZ_clean,412.8
PENNON_clean,7.9329,6.23525,7.71711,0.684898,2586.98,3777.17,0.0,0.0,0.7318,1.06848,0.0,Co,Yes,Co,clean,Y,Y,Y,,N,,,,,,,,,,,,,,,,,,,,,,PENNON_clean,171.4
PENNUT_clean,5.51848,4.07497,5.51848,1.34514,1276.26,948.789,0.0,0.0,0.5072,0.377061,0.0,Zn,Yes,Zn,clean,Y,Y,Y,,N,,,,,,,,,,,,,,,,,,,,,,PENNUT_clean,887.4
PENYIR_clean,5.70014,3.65365,5.70014,1.6367,929.089,567.66,64.7109,39.5375,0.5088,0.31087,0.0,V,Yes,V,clean,Y,Y,Y,,N,,,,,,,,,,,,,,,,,,,,,,PENYIR_clean,496.7
PENZIS_clean,5.20436,4.63461,5.20306,1.48152,1841.93,1243.27,0.0,0.0,0.653,0.440764,0.0,Zn,No, ,clean,Y,Y,Y,,N,,,,,,,,,,,,,,,,,,,,,,PENZIS_clean,491.7
PEPBAO_clean,5.10254,3.95909,5.10254,1.42412,833.906,585.559,0.0,0.0,0.4934,0.34646,0.0,Zn,No, ,clean,Y,Y,Y,,N,,,,,,,,,,,,,,,,,,,,,,PEPBAO_clean,402.7
PEPFAT_clean,10.91726,6.85852,7.70966,1.0029,2251.01,2244.49,0.0,0.0,0.6862,0.684214,0.0,Zn,Yes,Zn,clean,Y,Y,Y,,N,,,,,,,,,,,,,,,,,,,,,,PEPFAT_clean,2087.7
PEPKOL_clean,4.51864,3.40095,4.50908,1.52523,488.244,320.112,0.0,0.0,0.42,0.275368,0.0,Ni,No, ,clean,Y,Y,Y,,N,,,,,,,,,,,,,,,,,,,,,,PEPKOL_clean,919.6
PEPKUR_clean,4.38796,3.85266,4.37809,1.51141,576.087,381.159,0.0,0.0,0.4116,0.272329,0.0,Ni,No, ,clean,Y,Y,Y,,N,,,,,,,,,,,,,,,,,,,,,,PEPKUR_clean,927.9
PEPLAY_clean,6.74837,6.3776,6.72825,1.05651,1615.67,1529.25,0.0,0.0,0.6178,0.584755,0.0,V,No, ,clean,Y,Y,Y,,N,,,,,,,,,,,,,,,,,,,,,,PEPLAY_clean,337.4
PEPLEC_clean,7.22831,6.81306,7.22831,1.03011,1642.0,1594.0,0.0,0.0,0.618,0.599935,0.0,V,No, ,clean,Y,Y,Y,,N,,,,,,,,,,,,,,,,,,,,,,PEPLEC_clean,346.3
PEPLIG_clean,6.77242,6.39006,6.75097,1.04905,1614.89,1539.38,0.0,0.0,0.6148,0.586054,0.0,V,No, ,clean,Y,Y,Y,,N,,,,,,,,,,,,,,,,,,,,,,PEPLIG_clean,338.4
PEPLOM_clean,5.48105,5.23227,5.47438,1.20095,1296.27,1079.37,0.0,0.0,0.5572,0.463966,0.0,V,No, ,clean,Y,Y,Y,,N,,,,,,,,,,,,,,,,,,,,,,PEPLOM_clean,351.2
PEQRUZ_clean,5.68699,4.77458,5.65626,1.19715,1015.07,847.906,0.0,0.0,0.4752,0.396942,0.0,"Na,Co",Yes,Na,clean,N,Y,Y,,N,,,,,,,,,,,,,,,,,,,,,,PEQRUZ_clean,724.3
PEQWAK_clean,5.99001,5.4678,5.99001,1.06078,1335.71,1259.17,0.0,0.0,0.5666,0.534134,0.0,Mn,Yes,Mn,clean,N,Y,Y,,N,,,,,,,,,,,,,,,,,,,,,,PEQWAK_clean,420.2
PESTUD_clean,4.29451,3.77014,4.29451,1.52203,554.299,364.183,0.0,0.0,0.4078,0.267931,0.0,Ni,No, ,clean,Y,Y,Y,,N,,,,,,,,,,,,,,,,,,,,,,PESTUD_clean,893.8
PETWOC_clean,9.15829,4.1058,9.15829,1.69456,1870.12,1103.6,0.0,0.0,0.6222,0.367174,0.000472098,U,No, ,clean,Y,Y,Y,,N,,,,,,,,,,,,,,,,,,,,,,PETWOC_clean,363.0
PEVFON_clean,11.13773,3.47627,11.13633,0.923906,1490.46,1613.21,0.0,0.0,0.6306,0.682537,0.0,Zn,No, ,clean,N,Y,Y,,N,,,,,,,,,,,,,,,,,,,,,,PEVFON_clean,275.7
PEVLIN_clean,4.23888,3.58587,4.23888,1.92889,451.698,234.175,0.0,0.0,0.4172,0.21629,0.0,Nd,Yes,Nd,clean,Y,Y,Y,,N,,,,,,,,,,,,,,,,,,,,,,PEVLIN_clean,244.2
PEVQIS_clean_h,14.89727,7.78421,14.89178,0.605776,2230.04,3681.29,0.0,0.0,0.8056,1.32986,0.0,Zn,No, ,clean_h,N,Y,Y,,N,,,,,,,,,,,,,,,,,,,,,,PEVQIS_clean_h,1022.2
PEVQOY_clean_h,14.80942,7.88362,14.80084,0.613708,2232.3,3637.4,0.0,0.0,0.8108,1.32115,0.0,Zn,No, ,clean_h,N,Y,Y,,N,,,,,,,,,,,,,,,,,,,,,,PEVQOY_clean_h,1081.6
PEVXAQ_clean,4.99995,3.63805,4.93929,1.21492,686.301,564.895,0.0,0.0,0.4752,0.391137,0.0,Ni,Yes,Ni,clean,Y,Y,Y,,N,,,,,,,,,,,,,,,,,,,,,,PEVXAQ_clean,365.2
PEWGEF_clean,9.8037,7.11476,9.8037,1.04146,1816.14,1743.84,0.0,0.0,0.6896,0.662146,0.0,Cu,Yes,Cu,clean,Y,Y,Y,,N,,,,,,,,,,,,,,,,,,,,,,PEWGEF_clean,204.7
PEWLUA_clean,17.77125,7.51947,12.45937,0.588936,2255.4,3829.62,0.0,0.0,0.7974,1.35397,0.0,Cu,Yes,Cu,clean,Y,Y,Y,,N,,,,,,,,,,,,,,,,,,,,,,PEWLUA_clean,265.0
PEWXUL01_clean,5.54275,4.60824,5.54275,1.0598,1055.66,996.092,0.0,0.0,0.5124,0.483488,0.0,Ni,No, ,clean,Y,Y,Y,,N,,,,,,,,,,,,,,,,,,,,,,PEWXUL01_clean,1025.9
PEWXUL_clean,5.34544,4.38509,5.34544,1.05997,1077.55,1016.58,0.0,0.0,0.5136,0.48454,0.0,Ni,No, ,clean,Y,Y,Y,,N,,,,,,,,,,,,,,,,,,,,,,PEWXUL_clean,1160.2
PEXFAA_clean,6.38992,4.78581,6.38785,0.722856,2527.72,3496.86,0.0,0.0,0.6962,0.963124,0.0,Mg,Yes,Mg,clean,N,Y,Y,,N,,,,,,,,,,,,,,,,,,,,,,PEXFAA_clean,148.8
PEXTUI_clean,5.13294,4.08127,4.81094,1.41697,1690.94,1193.35,0.0,0.0,0.6078,0.428944,0.0,Cd,Yes,Cd,clean,Y,Y,Y,,N,,,,,,,,,,,,,,,,,,,,,,PEXTUI_clean,266.3
PEYPAM_SL,6.47723,4.9888,6.46954,1.38224,1403.34,1015.27,0.0,0.0,0.5238,0.378951,0.0,Zn,No, ,SL,Y,Y,Y,,N,,,,,,,,,,,,,,,,,,,,,,PEYPAM_SL,1891.0
PEYPIU_clean,4.73554,3.50341,4.73554,1.41341,845.394,598.124,0.0,0.0,0.4704,0.332812,0.0,Zn,No, ,clean,Y,Y,Y,,N,,,,,,,,,,,,,,,,,,,,,,PEYPIU_clean,1184.9
PEYSIW_clean,5.69089,4.7197,5.69089,1.0552,1032.59,978.576,0.0,0.0,0.5102,0.483511,0.0,Ni,No, ,clean,Y,Y,Y,,N,,,,,,,,,,,,,,,,,,,,,,PEYSIW_clean,970.5
PEYVEV_clean,8.8911,6.60199,8.13016,1.41868,1212.67,854.793,531.685,374.776,0.6316,0.445204,0.0,In,Yes,In,clean,Y,Y,Y,,N,,,,,,,,,,,,,,,,,,,,,,PEYVEV_clean,781.9
PEZCII_clean,12.50562,10.18861,12.50562,0.9535,1419.23,1488.44,0.0,0.0,0.6362,0.667226,0.0,La,Yes,La,clean,Y,Y,Y,,N,,,,,,,,,,,,,,,,,,,,,,PEZCII_clean,376.3
PIBGAK_clean,6.08784,5.5601,6.06673,1.08232,1652.36,1526.68,0.0,0.0,0.6232,0.575798,0.0,Eu,Yes,Eu,clean,N,Y,Y,,N,,,,,,,,,,,,,,,,,,,,,,PIBGAK_clean,301.5
PIBNUK01_clean,15.37191,14.18335,15.35887,0.42304,1389.84,3285.35,0.0,0.0,0.8366,1.97759,0.0,Zn,Yes,Zn,clean,Y,Y,Y,,N,,,,,,,,,,,,,,,,,,,,,,PIBNUK01_clean,604.6
PIBNUK_clean,15.38411,14.18619,15.38378,0.422713,1393.02,3295.43,0.0,0.0,0.8378,1.98196,0.0,Zn,Yes,Zn,clean,Y,Y,Y,,N,,,,,,,,,,,,,,,,,,,,,,PIBNUK_clean,594.5
PIBPAS01_clean,10.22467,9.87308,10.22467,0.904434,1674.99,1851.98,0.0,0.0,0.6484,0.716913,0.0,Zn,Yes,Zn,clean,Y,Y,Y,,N,,,,,,,,,,,,,,,,,,,,,,PIBPAS01_clean,478.9
PIBPIA_clean,15.49369,14.25357,15.47411,0.458724,1374.44,2996.23,0.0,0.0,0.8362,1.82288,0.0,Cd,Yes,Cd,clean,Y,Y,Y,,N,,,,,,,,,,,,,,,,,,,,,,PIBPIA_clean,595.2
PICTIG_clean,7.17773,5.19524,7.1746,0.956819,2131.67,2227.87,0.0,0.0,0.65,0.679334,0.0,Zn,Yes,Zn,clean,Y,Y,Y,,N,,,,,,,,,,,,,,,,,,,,,,PICTIG_clean,256.6
PIDMEV01_clean,7.72003,4.28453,7.71744,1.05835,1674.28,1581.97,0.0,0.0,0.5974,0.564462,0.0,Zn,Yes,Zn,clean,Y,Y,Y,,N,,,,,,,,,,,,,,,,,,,,,,PIDMEV01_clean,416.1
PIDMEV_clean,7.7619,4.42953,7.71379,1.03258,1688.46,1635.19,0.0,0.0,0.5902,0.57158,0.0,Zn,Yes,Zn,clean,Y,Y,Y,,N,,,,,,,,,,,,,,,,,,,,,,PIDMEV_clean,399.8
PIGXUZ_clean,4.56718,3.56694,4.54309,1.41248,518.542,367.114,0.0,0.0,0.408,0.288854,0.0,Co,No, ,clean,Y,Y,Y,,N,,,,,,,,,,,,,,,,,,,,,,PIGXUZ_clean,547.9
PIHNUQ_clean,4.36505,3.62057,4.36492,1.46153,400.036,273.71,0.0,0.0,0.4114,0.281486,0.0,Zn,Yes,Zn,clean,Y,Y,Y,,N,,,,,,,,,,,,,,,,,,,,,,PIHNUQ_clean,615.2
PIHWAG_clean,8.27361,7.69473,8.27361,1.26901,1392.1,1096.99,0.0,0.0,0.5476,0.431516,0.0,La,No, ,clean,Y,Y,Y,,N,,,,,,,,,,,,,,,,,,,,,,PIHWAG_clean,269.4
PIHWOU_clean,4.6487,3.54073,4.5523,1.74456,1048.04,600.749,0.0,0.0,0.5644,0.32352,0.0,Zn,No, ,clean,Y,Y,Y,,N,,,,,,,,,,,,,,,,,,,,,,PIHWOU_clean,584.8
PIJDIX_clean,5.30724,3.52085,5.26545,1.71921,1128.44,656.369,0.0,0.0,0.5814,0.338178,0.0,Zn,Yes,Zn,clean,Y,Y,Y,,N,,,,,,,,,,,,,,,,,,,,,,PIJDIX_clean,447.6
PIJJEZ_clean,14.75395,5.96588,14.75395,0.935418,1803.08,1927.56,0.0,0.0,0.656,0.70129,0.0,Cd,No, ,clean,Y,Y,Y,,N,,,,,,,,,,,,,,,,,,,,,,PIJJEZ_clean,11553.6
PIJJOI_clean,6.12931,4.00789,6.08289,1.09199,859.144,786.767,2.75763,2.52532,0.5414,0.495791,0.0,Zn,No, ,clean,Y,Y,Y,,N,,,,,,,,,,,,,,,,,,,,,,PIJJOI_clean,512.2
PIJROR_clean,8.28575,7.67913,8.28575,1.27602,1385.29,1085.63,0.0,0.0,0.5522,0.432752,0.0,Ce,No, ,clean,Y,Y,Y,,N,,,,,,,,,,,,,,,,,,,,,,PIJROR_clean,286.6
PIQFIG_clean,9.19593,7.79711,9.19593,0.691873,2332.15,3370.77,0.0,0.0,0.7756,1.12101,0.0,"Cr,Mn",No, ,clean,Y,Y,Y,,N,,,,,,,,,,,,,,,,,,,,,,PIQFIG_clean,174.5
PIQMOT_clean,6.47127,5.32823,6.30186,1.23035,1074.68,873.471,0.0,0.0,0.4866,0.395496,0.0,Ce,No, ,clean,Y,Y,Y,,N,,,,,,,,,,,,,,,,,,,,,,PIQMOT_clean,1149.9
PIQMUZ_clean,5.76653,4.2611,5.71921,1.16552,750.166,643.631,0.0,0.0,0.4826,0.414063,0.0,Ce,Yes,Ce,clean,Y,Y,Y,,N,,,,,,,,,,,,,,,,,,,,,,PIQMUZ_clean,448.7
PITPEP_clean,11.41966,9.93708,11.41966,0.952882,1649.81,1731.39,0.565272,0.593223,0.622,0.652757,0.0,Al,Yes,Al,clean,Y,Y,Y,,N,,,,,,,,,,,,,,,,,,,,,,PITPEP_clean,574.7
PIWSEV_clean,8.52736,7.61097,8.52736,0.846818,2044.34,2414.14,0.0,0.0,0.6702,0.791433,0.0,Zn,Yes,Zn,clean,Y,Y,Y,,N,,,,,,,,,,,,,,,,,,,,,,PIWSEV_clean,516.4
PIYZAZ_clean,7.00061,5.66568,7.00061,1.03548,2663.91,2572.62,0.0,0.0,0.7414,0.715993,0.0,Cd,No, ,clean,Y,Y,Y,,N,,,,,,,,,,,,,,,,,,,,,,PIYZAZ_clean,88.6
PIYZED01_clean,6.96517,5.63588,6.96517,1.04478,2626.41,2513.83,0.0,0.0,0.7254,0.694307,0.0,Cd,No, ,clean,Y,Y,Y,,N,,,,,,,,,,,,,,,,,,,,,,PIYZED01_clean,143.2
PIYZED02_clean,6.95041,5.62583,6.95041,1.04842,2625.12,2503.87,0.0,0.0,0.7248,0.691323,0.0,Cd,No, ,clean,Y,Y,Y,,N,,,,,,,,,,,,,,,,,,,,,,PIYZED02_clean,146.3
PIYZED03_clean,6.91935,5.60013,6.91935,1.05779,2618.81,2475.74,0.0,0.0,0.7212,0.681798,0.0,Cd,No, ,clean,Y,Y,Y,,N,,,,,,,,,,,,,,,,,,,,,,PIYZED03_clean,146.7
PIYZED_clean,7.00442,5.67284,7.00442,1.03221,2628.22,2546.21,0.0,0.0,0.7278,0.705091,0.0,Cd,No, ,clean,Y,Y,Y,,N,,,,,,,,,,,,,,,,,,,,,,PIYZED_clean,149.5
PIZHOX_clean,6.00527,4.8111,5.6775,0.960875,2065.34,2149.44,0.0,0.0,0.6412,0.667309,0.0,Cu,Yes,Cu,clean,Y,Y,Y,,N,,,,,,,,,,,,,,,,,,,,,,PIZHOX_clean,250.2
PIZNOB_clean_h,5.81424,4.85489,5.81424,1.50508,1940.53,1289.33,0.0,0.0,0.5884,0.390944,0.0,Eu,Yes,Eu,clean_h,N,Y,Y,,N,,,,,,,,,,,,,,,,,,,,,,PIZNOB_clean_h,218.5
PIZPAP_clean_h,5.02301,4.09369,4.55915,1.6437,1625.99,989.228,0.0,0.0,0.5662,0.344467,0.0,Tb,Yes,Tb,clean_h,N,Y,Y,,N,,,,,,,,,,,,,,,,,,,,,,PIZPAP_clean_h,359.0
PIZPET_clean_h,5.00612,4.07229,4.54032,1.30745,1650.65,1262.5,0.0,0.0,0.5638,0.431222,0.0,Y,Yes,Y,clean_h,N,Y,Y,,N,,,,,,,,,,,,,,,,,,,,,,PIZPET_clean_h,411.3
PIZPIX02_clean,4.8742,3.92497,4.87073,1.75108,1636.83,934.755,0.0,0.0,0.5514,0.314892,0.0,Er,Yes,Er,clean,Y,Y,Y,,N,,,,,,,,,,,,,,,,,,,,,,PIZPIX02_clean,378.5
PIZPIX_clean_h,4.99576,3.97323,4.53163,1.71361,1574.79,918.993,0.0,0.0,0.5616,0.32773,0.0,Er,Yes,Er,clean_h,N,Y,Y,,N,,,,,,,,,,,,,,,,,,,,,,PIZPIX_clean_h,369.6
PIZPOD_clean_h,4.95479,3.97477,4.74982,1.78246,1546.28,867.502,0.0,0.0,0.5566,0.312266,0.0,Lu,Yes,Lu,clean_h,N,Y,Y,,N,,,,,,,,,,,,,,,,,,,,,,PIZPOD_clean_h,413.2
PIZQUM_clean,5.38703,4.44024,5.38703,1.21672,1189.38,977.523,0.0,0.0,0.5254,0.431815,0.0,Cu,Yes,Cu,clean,Y,Y,Y,,N,,,,,,,,,,,,,,,,,,,,,,PIZQUM_clean,574.7
PIZRAT_clean,5.69309,4.64481,5.67801,1.18335,1207.09,1020.06,0.0,0.0,0.5368,0.453627,0.0,Cu,Yes,Cu,clean,Y,Y,Y,,N,,,,,,,,,,,,,,,,,,,,,,PIZRAT_clean,477.0
PIZRUN_clean,5.3818,4.43333,5.37307,1.2127,1196.95,987.011,0.0,0.0,0.5248,0.432754,0.0,Cu,Yes,Cu,clean,Y,Y,Y,,N,,,,,,,,,,,,,,,,,,,,,,PIZRUN_clean,561.2
PIZSAU_clean,5.7096,4.51588,5.7096,1.18019,1218.01,1032.05,0.0,0.0,0.5404,0.457893,0.0,Cu,Yes,Cu,clean,Y,Y,Y,,N,,,,,,,,,,,,,,,,,,,,,,PIZSAU_clean,459.7
POBMOJ01_clean,16.09028,3.85233,16.09028,1.0369,1784.32,1720.83,0.0,0.0,0.67,0.64616,0.0,Yb,Yes,Yb,clean,N,Y,Y,,N,,,,,,,,,,,,,,,,,,,,,,POBMOJ01_clean,1080.1
POBNEA_clean,12.6133,10.84896,12.6133,0.646582,1753.98,2712.69,2.26513,3.50323,0.7374,1.14046,0.0,"Li,Co",Yes,Li,clean,Y,Y,Y,,N,,,,,,,,,,,,,,,,,,,,,,POBNEA_clean,122.3
POBVIN_clean,9.76079,6.4479,9.73092,0.869183,2049.78,2358.28,0.0,0.0,0.696,0.800752,0.0,"Zn,Mn",Yes,Zn,clean,Y,Y,Y,,N,,,,,,,,,,,,,,,,,,,,,,POBVIN_clean,740.5
POCPAZ_clean,6.39676,5.12111,6.38825,0.921688,1695.17,1839.2,6.74347,7.31643,0.6078,0.659442,0.0,Co,Yes,Co,clean,Y,Y,Y,,N,,,,,,,,,,,,,,,,,,,,,,POCPAZ_clean,1274.1
PODKOK_clean,18.51885,8.56409,12.59731,0.489414,2180.69,4455.72,0.0,0.0,0.8128,1.66076,0.0,Cu,Yes,Cu,clean,Y,Y,Y,,N,,,,,,,,,,,,,,,,,,,,,,PODKOK_clean,487.8
PODKUQ_clean,22.31857,8.92625,14.18285,0.425765,2028.03,4763.26,0.0,0.0,0.8332,1.95695,0.0,Cu,Yes,Cu,clean,Y,Y,Y,,N,,,,,,,,,,,,,,,,,,,,,,PODKUQ_clean,550.6
PODVIP_clean,4.42056,3.62761,4.42056,2.28386,243.746,106.725,0.0,0.0,0.3946,0.172778,0.0,"Cu,U",Yes,"Cu,U",clean,N,Y,Y,,N,,,,,,,,,,,,,,,,,,,,,,PODVIP_clean,391.8
PODXEN_clean,5.34783,4.01094,5.34783,1.28087,710.366,554.597,0.0,0.0,0.4518,0.352729,0.0,Zn,Yes,Zn,clean,Y,Y,Y,,N,,,,,,,,,,,,,,,,,,,,,,PODXEN_clean,859.8
POFGUO_clean,5.1465,3.74676,5.14199,0.93374,1597.91,1711.3,0.0,0.0,0.5678,0.608092,0.0,Li,No, ,clean,Y,Y,Y,,N,,,,,,,,,,,,,,,,,,,,,,POFGUO_clean,1932.1
POFSIN01_clean,6.99195,5.64457,6.99195,1.04057,2621.47,2519.27,0.0,0.0,0.7274,0.699041,0.0,Cd,No, ,clean,Y,Y,Y,,N,,,,,,,,,,,,,,,,,,,,,,POFSIN01_clean,148.1
POFSIN02_clean,6.98557,5.64932,6.97231,1.04143,2630.55,2525.91,0.0,0.0,0.7252,0.69635,0.0,Cd,No, ,clean,Y,Y,Y,,N,,,,,,,,,,,,,,,,,,,,,,POFSIN02_clean,144.6
POFSIN03_clean,6.95953,5.63255,6.95953,1.04557,2624.93,2510.51,0.0,0.0,0.7258,0.694164,0.0,Cd,No, ,clean,Y,Y,Y,,N,,,,,,,,,,,,,,,,,,,,,,POFSIN03_clean,143.5
POFSIN04_clean,6.97392,5.62462,6.97392,1.04699,2616.52,2499.1,0.0,0.0,0.7262,0.69361,0.0,Cd,No, ,clean,Y,Y,Y,,N,,,,,,,,,,,,,,,,,,,,,,POFSIN04_clean,143.9
POFSIN_clean,6.96628,5.64795,6.96628,1.04283,2632.71,2524.58,0.0,0.0,0.7246,0.694838,0.0,Cd,No, ,clean,Y,Y,Y,,N,,,,,,,,,,,,,,,,,,,,,,POFSIN_clean,143.1
POHCOG_clean,6.03433,4.98914,5.98921,1.54389,1290.39,835.809,0.0,0.0,0.5212,0.33759,0.0,"Ag,Fe",Yes,Ag,clean,Y,Y,Y,,N,,,,,,,,,,,,,,,,,,,,,,POHCOG_clean,321.0
POHWIU_clean,15.94965,10.39364,15.94872,0.460887,1949.35,4229.57,0.0,0.0,0.8104,1.75835,0.0,Co,Yes,Co,clean,Y,Y,Y,,N,,,,,,,,,,,,,,,,,,,,,,POHWIU_clean,170.5
POKGEC_clean,4.44927,3.87743,4.29992,1.20216,336.435,279.858,237.315,197.407,0.504,0.419245,0.0,Ni,Yes,Ni,clean,Y,Y,Y,,N,,,,,,,,,,,,,,,,,,,,,,POKGEC_clean,260.5
POKSAL_clean,5.16886,3.80347,5.16886,2.04384,546.746,267.509,0.0,0.0,0.4218,0.206376,0.0,"Yb,Cu",Yes,Yb,clean,Y,Y,Y,,N,,,,,,,,,,,,,,,,,,,,,,POKSAL_clean,502.1
POKSEP_clean,5.24976,3.94365,5.24501,1.70126,572.314,336.407,0.0,0.0,0.4264,0.250638,0.0,"Cu,Y",Yes,Y,clean,N,Y,Y,,N,,,,,,,,,,,,,,,,,,,,,,POKSEP_clean,451.2
POKSIT_clean,5.21903,3.84136,5.20793,2.02039,562.699,278.51,0.0,0.0,0.4168,0.206297,0.0,"Cu,Tm",Yes,Tm,clean,Y,Y,Y,,N,,,,,,,,,,,,,,,,,,,,,,POKSIT_clean,447.7
POKSOZ_clean,5.23291,4.00143,5.18374,1.95789,573.341,292.837,0.0,0.0,0.4166,0.21278,0.0,"Cu,Tb",Yes,Tb,clean,N,Y,Y,,N,,,,,,,,,,,,,,,,,,,,,,POKSOZ_clean,439.2
POKTIU_clean,5.25513,3.88718,5.24992,2.03578,584.018,286.877,0.0,0.0,0.4004,0.196682,0.0,"Cu,Lu",Yes,Lu,clean,Y,Y,Y,,N,,,,,,,,,,,,,,,,,,,,,,POKTIU_clean,405.8
POKVAO_clean,5.22916,3.84535,5.22916,1.97617,548.634,277.625,0.0,0.0,0.4172,0.211116,0.0,"Cu,Gd",Yes,Gd,clean,Y,Y,Y,,N,,,,,,,,,,,,,,,,,,,,,,POKVAO_clean,451.1
POLBEX_clean,8.55331,7.31354,8.46863,1.98623,1149.15,578.559,46.9518,23.6386,0.5414,0.272577,0.0,Ga,Yes,Ga,clean,Y,Y,Y,,N,,,,,,,,,,,,,,,,,,,,,,POLBEX_clean,2267.0
POLBIB_clean,4.50015,3.80804,4.49155,1.64999,1209.33,732.928,0.0,0.0,0.534,0.323637,0.0,V,Yes,V,clean,Y,Y,Y,,N,,,,,,,,,,,,,,,,,,,,,,POLBIB_clean,222.7
POLBUN_clean,4.31477,3.58843,4.31278,2.39943,670.094,279.272,0.0,0.0,0.4488,0.187045,0.0,Ga,No, ,clean,Y,Y,Y,,N,,,,,,,,,,,,,,,,,,,,,,POLBUN_clean,1320.1
POLDOK_clean,5.06326,4.95206,5.06326,1.44271,500.914,347.204,76.3428,52.9162,0.4724,0.327439,0.0,Cu,Yes,Cu,clean,Y,Y,Y,,N,,,,,,,,,,,,,,,,,,,,,,POLDOK_clean,1001.3
POLDUQ_clean,5.0902,4.98067,5.0902,1.44184,520.517,361.01,59.0453,40.9514,0.471,0.326666,0.0,Cu,Yes,Cu,clean,Y,Y,Y,,N,,,,,,,,,,,,,,,,,,,,,,POLDUQ_clean,900.9
POLYEW_clean,5.14291,3.60228,5.14291,1.21883,774.169,635.173,0.0,0.0,0.4678,0.38381,0.0,Zn,Yes,Zn,clean,Y,Y,Y,,N,,,,,,,,,,,,,,,,,,,,,,POLYEW_clean,1135.9
POMMAH_clean,14.83525,11.96507,14.83525,1.26278,1468.55,1162.95,199.616,158.076,0.7018,0.555756,0.00015838,"In,Cu",Yes,"Cu,In",clean,Y,Y,Y,,N,,,,,,,,,,,,,,,,,,,,,,POMMAH_clean,299.2
POMSER_clean,7.01968,3.83495,7.01968,1.10319,1326.02,1201.98,0.0,0.0,0.5236,0.474622,0.0,Ca,Yes,Ca,clean,N,Y,Y,,N,,,,,,,,,,,,,,,,,,,,,,POMSER_clean,562.8
POMSOB_clean,5.67937,4.56222,5.67937,1.11643,1180.95,1057.79,0.0,0.0,0.5376,0.481534,0.0,Ca,Yes,Ca,clean,N,Y,Y,,N,,,,,,,,,,,,,,,,,,,,,,POMSOB_clean,320.3
PONPOX_clean,4.5617,3.77666,4.56065,2.3716,853.999,360.095,0.0,0.0,0.4606,0.194215,0.0,Ga,No, ,clean,Y,Y,Y,,N,,,,,,,,,,,,,,,,,,,,,,PONPOX_clean,1660.5
PONSOC_clean,7.4772,6.20805,7.45867,0.784087,1906.95,2432.06,0.0,0.0,0.6546,0.834856,0.0,Mn,Yes,Mn,clean,N,Y,Y,,N,,,,,,,,,,,,,,,,,,,,,,PONSOC_clean,1427.8
PORGAE_clean,5.87412,3.87625,5.87412,2.28472,891.425,390.167,0.0,0.0,0.4496,0.196785,0.0,"Ga,Co",No, ,clean,Y,Y,Y,,N,,,,,,,,,,,,,,,,,,,,,,PORGAE_clean,820.7
PORLAL_clean,9.41867,8.86897,9.41275,1.10001,1269.94,1154.48,0.0,0.0,0.5682,0.516538,0.0,Gd,Yes,Gd,clean,Y,Y,Y,,N,,,,,,,,,,,,,,,,,,,,,,PORLAL_clean,298.8
PORLEP_clean,7.93943,4.67024,7.92199,1.76214,638.871,362.555,235.766,133.795,0.4966,0.281817,0.0,Cu,Yes,Cu,clean,Y,Y,Y,,N,,,,,,,,,,,,,,,,,,,,,,PORLEP_clean,501.1
PORVID_clean,7.37109,6.82741,7.37109,1.40599,1511.82,1075.27,0.0,0.0,0.5614,0.399292,0.0,Cu,Yes,Cu,clean,Y,Y,Y,,N,,,,,,,,,,,,,,,,,,,,,,PORVID_clean,332.0
PORVUO_clean,4.67797,3.97904,4.67797,1.06036,1507.72,1421.89,0.0,0.0,0.5284,0.498321,0.0,Zn,No, ,clean,Y,Y,Y,,N,,,,,,,,,,,,,,,,,,,,,,PORVUO_clean,531.6
POSFIO_clean,6.80619,3.42889,6.79194,1.15852,1000.28,863.415,0.0,0.0,0.5272,0.455065,0.0,Cu,Yes,Cu,clean,Y,Y,Y,,N,,,,,,,,,,,,,,,,,,,,,,POSFIO_clean,550.7
POSGAH_clean,6.19197,4.53531,6.16887,1.09324,1845.26,1687.87,0.0,0.0,0.5814,0.531812,0.0,Cd,No, ,clean,Y,Y,Y,,N,,,,,,,,,,,,,,,,,,,,,,POSGAH_clean,347.5
POTNET_clean,4.90891,3.62196,4.89268,1.35117,1395.4,1032.74,0.298007,0.220556,0.5558,0.411349,0.0,Cu,Yes,Cu,clean,Y,Y,Y,,N,,,,,,,,,,,,,,,,,,,,,,POTNET_clean,385.9
POTREX_clean,14.70007,10.79864,14.70007,0.483438,2025.11,4188.97,0.0,0.0,0.7802,1.61386,0.0,Co,Yes,Co,clean,Y,Y,Y,,N,,,,,,,,,,,,,,,,,,,,,,POTREX_clean,718.7
POYPAW_clean,7.97392,4.92371,7.96142,0.954107,1622.71,1700.76,0.0,0.0,0.5818,0.609785,0.0,"Cd,Ni",No, ,clean,Y,Y,Y,,N,,,,,,,,,,,,,,,,,,,,,,POYPAW_clean,1425.8
POZHUI_ion_b,9.39252,3.7857,9.39207,1.30542,878.942,673.301,73.4571,56.2708,0.5296,0.405693,0.0,"Mg,In",No, ,ion_b,Y,Y,Y,,N,,,,,,,,,,,,,,,,,,,,,,POZHUI_ion_b,203.1
PUDSIR01_clean,6.99715,5.84689,6.98056,1.03177,2165.84,2099.14,0.0,0.0,0.6538,0.633665,0.0,Eu,Yes,Eu,clean,Y,Y,Y,,N,,,,,,,,,,,,,,,,,,,,,,PUDSIR01_clean,229.3
PUDSIR_clean,6.84685,5.37896,6.83632,1.0569,2169.92,2053.1,0.0,0.0,0.647,0.61217,0.0,Eu,Yes,Eu,clean,Y,Y,Y,,N,,,,,,,,,,,,,,,,,,,,,,PUDSIR_clean,231.2
PUDSOX_clean,7.03254,5.77219,7.03254,1.04422,2164.07,2072.42,0.0,0.0,0.654,0.626304,0.0,Gd,Yes,Gd,clean,Y,Y,Y,,N,,,,,,,,,,,,,,,,,,,,,,PUDSOX_clean,235.6
PUDSUD_clean,7.08521,6.02588,7.08155,0.996555,2169.83,2177.33,0.0,0.0,0.6624,0.66469,0.0,Nd,Yes,Nd,clean,Y,Y,Y,,N,,,,,,,,,,,,,,,,,,,,,,PUDSUD_clean,227.5
PUFRIR_clean,5.81593,4.39318,5.8122,0.99503,2005.1,2015.11,0.0,0.0,0.6314,0.634554,0.0,Gd,Yes,Gd,clean,Y,Y,Y,,N,,,,,,,,,,,,,,,,,,,,,,PUFRIR_clean,277.5
PUGGOP_clean,8.14998,6.76772,8.12163,0.920168,2113.5,2296.86,0.0,0.0,0.6298,0.68444,0.0,Mn,Yes,Mn,clean,Y,Y,Y,,N,,,,,,,,,,,,,,,,,,,,,,PUGGOP_clean,915.7
PUGPEO_clean,9.53093,8.66388,9.24995,1.0567,1899.67,1797.75,0.0,0.0,0.6656,0.629888,0.0,Eu,Yes,Eu,clean,Y,Y,Y,,N,,,,,,,,,,,,,,,,,,,,,,PUGPEO_clean,200.0
PUGSER_clean,9.40538,8.82837,9.39896,0.800645,2377.49,2969.47,0.0,0.0,0.7256,0.906269,0.0,Zn,Yes,Zn,clean,Y,Y,Y,,N,,,,,,,,,,,,,,,,,,,,,,PUGSER_clean,1014.8
PUGSOB_clean,9.50607,8.86576,9.50607,0.864037,2169.58,2510.98,0.0,0.0,0.6944,0.803669,0.0,Zn,Yes,Zn,clean,Y,Y,Y,,N,,,,,,,,,,,,,,,,,,,,,,PUGSOB_clean,1538.7
PUGSUH_clean,9.30915,8.71365,9.30507,0.821567,2358.23,2870.4,0.0,0.0,0.708,0.861767,0.0,Zn,Yes,Zn,clean,Y,Y,Y,,N,,,,,,,,,,,,,,,,,,,,,,PUGSUH_clean,1248.3
PUJJEL_clean,9.07645,8.51256,9.07645,1.13917,1399.12,1228.2,0.0,0.0,0.572,0.502121,0.0,La,No, ,clean,Y,Y,Y,,N,,,,,,,,,,,,,,,,,,,,,,PUJJEL_clean,531.6
PUJQEQ_clean,7.62791,6.18953,7.62791,0.66886,2115.6,3163.0,0.0,0.0,0.6814,1.01875,0.0,Cu,Yes,Cu,clean,Y,Y,Y,,N,,,,,,,,,,,,,,,,,,,,,,PUJQEQ_clean,559.3
PUKSUL_clean,6.59798,4.14111,6.57182,1.5702,2804.07,1785.8,0.0,0.0,0.6962,0.443383,0.0,"W,Cu",Yes,Cu,clean,Y,Y,Y,,N,,,,,,,,,,,,,,,,,,,,,,PUKSUL_clean,117.0
PUKVAU_clean,6.34308,4.86227,6.34308,1.0986,1347.83,1226.86,0.0,0.0,0.5706,0.519389,0.0,Cu,Yes,Cu,clean,Y,Y,Y,,N,,,,,,,,,,,,,,,,,,,,,,PUKVAU_clean,411.4
PULMIU_clean,7.09135,4.01215,7.09135,1.0722,1770.87,1651.63,0.0,0.0,0.6158,0.574336,0.0,Zn,Yes,Zn,clean,Y,Y,Y,,N,,,,,,,,,,,,,,,,,,,,,,PULMIU_clean,843.2
PUMDIM_clean,7.80071,4.22996,5.62381,1.22507,393.72,321.387,874.299,713.674,0.564,0.460383,0.0,Co,Yes,Co,clean,Y,Y,Y,,N,,,,,,,,,,,,,,,,,,,,,,PUMDIM_clean,375.6
PUMGIP01_clean,5.45506,3.48614,5.2674,1.17898,397.642,337.276,548.508,465.24,0.493,0.418158,0.0,"Cd,V",Yes,V,clean,Y,Y,Y,,N,,,,,,,,,,,,,,,,,,,,,,PUMGIP01_clean,953.4
PUMNIV_clean,5.71977,3.98662,5.71104,1.66821,1567.24,939.473,0.0,0.0,0.6384,0.382685,0.0,"Cd,Hg",Yes,Cd,clean,N,Y,Y,,N,,,,,,,,,,,,,,,,,,,,,,PUMNIV_clean,129.3
PUMNOB_clean,5.46311,3.57221,5.46311,1.50782,1496.51,992.504,0.0,0.0,0.6142,0.407344,0.0,"Mn,Hg",Yes,Mn,clean,N,Y,Y,,N,,,,,,,,,,,,,,,,,,,,,,PUMNOB_clean,127.4
PUNSIB_clean,5.01625,3.57988,5.00209,1.32619,942.101,710.383,0.0,0.0,0.5344,0.402959,0.0,La,No, ,clean,Y,Y,Y,,N,,,,,,,,,,,,,,,,,,,,,,PUNSIB_clean,593.5
PUPHUE_clean,7.11215,6.70655,7.11215,0.937093,954.53,1018.61,0.0,0.0,0.5324,0.56814,0.0,Na,Yes,Na,clean,Y,Y,Y,,N,,,,,,,,,,,,,,,,,,,,,,PUPHUE_clean,708.5
PUQDOW_clean,5.15222,4.10448,5.15222,1.41779,682.397,481.312,0.0,0.0,0.4322,0.304841,0.0,Ag,No, ,clean,Y,Y,Y,,N,,,,,,,,,,,,,,,,,,,,,,PUQDOW_clean,1099.9
PUQXUV_clean,5.37589,5.08075,5.29758,1.50363,233.241,155.118,324.657,215.915,0.4578,0.304462,0.0,Zn,Yes,Zn,clean,Y,Y,Y,,N,,,,,,,,,,,,,,,,,,,,,,PUQXUV_clean,778.3
PUQYAC_clean,5.36415,5.07421,5.36415,1.50028,235.559,157.01,320.725,213.777,0.4614,0.307543,0.0,Zn,Yes,Zn,clean,Y,Y,Y,,N,,,,,,,,,,,,,,,,,,,,,,PUQYAC_clean,777.1
PURJES_clean,6.1741,5.21501,6.1741,1.07844,1412.21,1309.49,0.0,0.0,0.5678,0.526503,0.0,Zn,Yes,Zn,clean,Y,Y,Y,,N,,,,,,,,,,,,,,,,,,,,,,PURJES_clean,2149.7
PURJIW_clean,8.03037,6.16762,8.02661,0.894418,1849.84,2068.21,0.0,0.0,0.6498,0.726506,0.0,Zn,Yes,Zn,clean,Y,Y,Y,,N,,,,,,,,,,,,,,,,,,,,,,PURJIW_clean,916.2
PURNEX_clean,5.09479,3.51841,5.0825,3.89183,1036.85,266.417,0.0,0.0,0.4494,0.115473,0.0,"W,Cu,Si",Yes,W,clean,Y,Y,Y,,N,,,,,,,,,,,,,,,,,,,,,,PURNEX_clean,506.2
PURNIB_clean,4.73361,3.41508,4.65301,3.6233,403.306,111.309,0.0,0.0,0.3372,0.0930644,5.52e-05,"W,Co,Si,K,Cu",Yes,"W,Cu,Co",clean,Y,Y,Y,,N,,,,,,,,,,,,,,,,,,,,,,PURNIB_clean,583.4
PURSOK_clean,4.44828,3.48673,4.44828,1.3532,940.252,694.837,0.0,0.0,0.521,0.385014,0.0,Zn,Yes,Zn,clean,N,Y,Y,,N,,,,,,,,,,,,,,,,,,,,,,PURSOK_clean,289.6
PUTYEI_clean,6.07481,4.74641,6.03797,1.15301,1967.9,1706.74,0.0,0.0,0.6112,0.530089,0.0,Ag,No, ,clean,Y,Y,Y,,N,,,,,,,,,,,,,,,,,,,,,,PUTYEI_clean,658.1
PUVJOG_clean,5.99071,5.7142,5.99071,1.16612,1343.68,1152.27,0.0,0.0,0.5688,0.487772,0.0,V,No, ,clean,Y,Y,Y,,N,,,,,,,,,,,,,,,,,,,,,,PUVJOG_clean,211.9
PUWCUF_clean,5.62914,3.92719,5.62914,1.20596,1932.54,1602.49,0.0,0.0,0.6014,0.49869,0.0,Zn,Yes,Zn,clean,Y,Y,Y,,N,,,,,,,,,,,,,,,,,,,,,,PUWCUF_clean,465.3
PUWDAM_clean,9.00542,5.91155,9.00542,0.805702,2374.94,2947.67,0.0,0.0,0.7118,0.883453,0.0,Zn,No, ,clean,Y,Y,Y,,N,,,,,,,,,,,,,,,,,,,,,,PUWDAM_clean,710.2
PUWDIU_clean,8.22754,6.95777,8.22754,1.0931,2055.27,1880.23,0.0,0.0,0.6384,0.584028,0.0,Zn,Yes,Zn,clean,Y,Y,Y,,N,,,,,,,,,,,,,,,,,,,,,,PUWDIU_clean,632.0
PUWDOA_clean,10.50578,8.82117,10.50578,0.768678,1898.43,2469.74,0.0,0.0,0.689,0.896344,0.0,Zn,Yes,Zn,clean,Y,Y,Y,,N,,,,,,,,,,,,,,,,,,,,,,PUWDOA_clean,872.5
PUWVAG_clean,4.80954,3.64569,4.72725,1.26832,891.081,702.566,0.0,0.0,0.4874,0.384287,0.0,Zn,Yes,Zn,clean,N,Y,Y,,N,,,,,,,,,,,,,,,,,,,,,,PUWVAG_clean,1016.4
PUWXAH_clean,4.52797,3.58309,4.52797,1.5745,738.046,468.749,0.0,0.0,0.4104,0.260654,0.0,Mn,No, ,clean,N,Y,Y,,N,,,,,,,,,,,,,,,,,,,,,,PUWXAH_clean,369.1
PUYHOI_clean,8.13748,6.87673,8.13748,1.50852,1009.54,669.222,0.0,0.0,0.5634,0.373478,0.0,"Gd,Ni",Yes,Ni,clean,Y,Y,Y,,N,,,,,,,,,,,,,,,,,,,,,,PUYHOI_clean,220.6
PUYZUF_clean,5.69776,3.92558,5.6607,1.26995,1498.86,1180.25,0.0,0.0,0.59,0.464585,0.0,Cd,No, ,clean,Y,Y,Y,,N,,,,,,,,,,,,,,,,,,,,,,PUYZUF_clean,311.8
PUZJOL_clean,4.83061,4.03981,4.83061,1.24259,1148.92,924.616,0.0,0.0,0.519,0.417676,0.0,Mg,No, ,clean,Y,Y,Y,,N,,,,,,,,,,,,,,,,,,,,,,PUZJOL_clean,345.7
PUZKOM_clean,5.73239,3.68789,5.71092,1.28608,1004.7,781.21,0.0,0.0,0.5098,0.396397,0.0,Zn,Yes,Zn,clean,Y,Y,Y,,N,,,,,,,,,,,,,,,,,,,,,,PUZKOM_clean,706.6
PUZKUS_clean,5.50979,4.91819,5.49321,1.14051,1329.3,1165.53,0.0,0.0,0.5506,0.482765,0.0,Mg,Yes,Mg,clean,N,Y,Y,,N,,,,,,,,,,,,,,,,,,,,,,PUZKUS_clean,599.4
PUZLAZ_clean,6.70975,6.33216,6.70975,1.05033,2275.23,2166.2,0.0,0.0,0.6682,0.636179,0.0,In,No, ,clean,Y,Y,Y,,N,,,,,,,,,,,,,,,,,,,,,,PUZLAZ_clean,580.5
PUZLUS_clean,15.09144,8.39804,15.08737,0.46153,2323.48,5034.3,0.0,0.0,0.8014,1.7364,0.0,Co,No, ,clean,Y,Y,Y,,N,,,,,,,,,,,,,,,,,,,,,,PUZLUS_clean,667.7
PUZMAZ_manual,16.4214,9.23775,16.40927,0.447552,2179.79,4870.46,0.0,0.0,0.7972,1.78124,0.0,Co,No, ,manual,Y,Y,Y,,N,,,,,,,,,,,,,,,,,,,,,,PUZMAZ_manual,2847.2
PUZTOV_clean,7.33778,6.60028,7.33778,1.18441,1668.47,1408.69,0.0,0.0,0.6108,0.5157,0.0,"Ca,Cd",Yes,Cd,clean,Y,Y,Y,,N,,,,,,,,,,,,,,,,,,,,,,PUZTOV_clean,1447.0
PYDCUT_clean,5.31645,4.73242,5.31645,1.56466,1273.49,813.911,0.0,0.0,0.5466,0.349342,0.0,Cu,No, ,clean,Y,Y,Y,,N,,,,,,,,,,,,,,,,,,,,,,PYDCUT_clean,229.8
QADBII_clean,4.90485,4.23271,4.90165,1.42586,539.675,378.491,0.0,0.0,0.4884,0.34253,0.0,Sn,No, ,clean,Y,Y,Y,,N,,,,,,,,,,,,,,,,,,,,,,QADBII_clean,423.7
QADWEA_clean,4.644,4.03482,4.644,1.80951,763.808,422.108,0.0,0.0,0.4542,0.251007,0.0,Eu,No, ,clean,Y,Y,Y,,N,,,,,,,,,,,,,,,,,,,,,,QADWEA_clean,371.3
QADWIE_clean,4.58512,3.92708,4.57664,1.84741,722.607,391.146,0.0,0.0,0.4522,0.244775,0.0,Gd,No, ,clean,Y,Y,Y,,N,,,,,,,,,,,,,,,,,,,,,,QADWIE_clean,370.7
QADWOK_clean,4.58729,3.99418,4.55638,1.86546,733.177,393.026,0.0,0.0,0.4474,0.239833,0.0,Tb,No, ,clean,Y,Y,Y,,N,,,,,,,,,,,,,,,,,,,,,,QADWOK_clean,375.6
QADWUQ_clean,4.54229,3.95239,4.49763,1.89145,716.655,378.892,0.0,0.0,0.4464,0.236009,0.0,Dy,No, ,clean,Y,Y,Y,,N,,,,,,,,,,,,,,,,,,,,,,QADWUQ_clean,369.4
QADXAX_clean,4.50897,3.9304,4.4621,1.90926,707.48,370.552,0.0,0.0,0.4456,0.233389,0.0,Ho,No, ,clean,N,Y,Y,,N,,,,,,,,,,,,,,,,,,,,,,QADXAX_clean,374.1
QAGDIO_clean,12.81046,10.08472,12.79582,0.728225,1959.77,2691.16,0.0,0.0,0.7164,0.983763,0.0,Cu,Yes,Cu,clean,Y,Y,Y,,N,,,,,,,,,,,,,,,,,,,,,,QAGDIO_clean,382.8
QAGQEW_clean,16.48295,9.14033,16.48295,0.959417,1239.84,1292.29,398.029,414.866,0.701,0.730652,0.0,Cd,Yes,Cd,clean,Y,Y,Y,,N,,,,,,,,,,,,,,,,,,,,,,QAGQEW_clean,2450.4
QAGTOH_clean,4.99286,4.09874,4.71178,1.12214,865.652,771.429,0.0,0.0,0.4996,0.44522,0.0,Cu,No, ,clean,Y,Y,Y,,N,,,,,,,,,,,,,,,,,,,,,,QAGTOH_clean,715.5
QAHQOH_clean,6.29485,5.24442,6.29485,1.04558,2001.85,1914.57,0.0,0.0,0.6266,0.599282,0.0,Y,Yes,Y,clean,N,Y,Y,,N,,,,,,,,,,,,,,,,,,,,,,QAHQOH_clean,612.7
QAJKIV_clean,4.24125,3.62097,4.24125,2.37718,709.122,298.303,0.258537,0.108758,0.4518,0.190057,0.0,Ga,No, ,clean,Y,Y,Y,,N,,,,,,,,,,,,,,,,,,,,,,QAJKIV_clean,1493.9
QALGUH_SL,7.81866,7.32218,7.81866,0.998911,1796.0,1797.96,0.0,0.0,0.6356,0.636293,0.0,Cr,No, ,SL,Y,Y,Y,,N,,,,,,,,,,,,,,,,,,,,,,QALGUH_SL,190.0
QALHAO_clean,7.68357,4.14824,7.68357,1.41986,1680.89,1183.84,0.0,0.0,0.6244,0.439761,0.0,Cu,Yes,Cu,clean,Y,Y,Y,,N,,,,,,,,,,,,,,,,,,,,,,QALHAO_clean,2329.0
QALHES_clean,7.67318,4.16213,7.67318,1.424,1678.65,1178.83,0.0,0.0,0.625,0.438904,0.0,Cu,Yes,Cu,clean,Y,Y,Y,,N,,,,,,,,,,,,,,,,,,,,,,QALHES_clean,2277.1
QALHIX_clean,10.92504,5.92348,10.86207,0.740473,2226.36,3006.67,0.00873198,0.0117924,0.7394,0.998552,0.0,Cd,Yes,Cd,clean,Y,Y,Y,,N,,,,,,,,,,,,,,,,,,,,,,QALHIX_clean,566.7
QALWUV_clean,7.07527,5.39947,6.79315,0.842522,2364.13,2806.02,0.0,0.0,0.7084,0.840809,0.0,"Sn,Fe",No, ,clean,Y,Y,Y,,N,,,,,,,,,,,,,,,,,,,,,,QALWUV_clean,322.1
QAMVEH01_clean,5.82556,4.59087,5.81673,0.990751,1901.06,1918.81,0.0,0.0,0.6228,0.628614,0.0,Ce,Yes,Ce,clean,Y,Y,Y,,N,,,,,,,,,,,,,,,,,,,,,,QAMVEH01_clean,764.3
QAPQEE_clean,4.84641,3.70884,4.84641,1.26705,1206.55,952.253,0.0,0.0,0.5406,0.426661,0.0,Ag,Yes,Ag,clean,Y,Y,Y,,N,,,,,,,,,,,,,,,,,,,,,,QAPQEE_clean,237.3
QAQHOG_clean,4.07536,3.5864,4.07536,2.36311,463.12,195.979,0.0,0.0,0.3764,0.159282,0.0,"Ga,Ti",Yes,Ti,clean,Y,Y,Y,,N,,,,,,,,,,,,,,,,,,,,,,QAQHOG_clean,1154.7
QAQMON_clean,13.97996,12.87565,13.97503,0.607595,2338.25,3848.36,0.0,0.0,0.7644,1.25807,0.0,Cu,Yes,Cu,clean,Y,Y,Y,,N,,,,,,,,,,,,,,,,,,,,,,QAQMON_clean,264.2
QAQNOO_clean,9.00524,7.79992,9.00524,0.836247,1935.23,2314.19,0.0,0.0,0.674,0.805982,0.0,"Cu,Ni",Yes,Cu,clean,Y,Y,Y,,N,,,,,,,,,,,,,,,,,,,,,,QAQNOO_clean,279.5
QAQRUW_clean,6.65732,4.64818,6.52021,0.851853,2010.6,2360.27,0.0,0.0,0.621,0.728999,0.0,Mg,Yes,Mg,clean,Y,Y,Y,,N,,,,,,,,,,,,,,,,,,,,,,QAQRUW_clean,648.1
QAQSAD_clean,5.24683,3.85843,5.23776,1.22144,1138.43,932.039,0.0,0.0,0.537,0.439646,0.0,Zn,Yes,Zn,clean,Y,Y,Y,,N,,,,,,,,,,,,,,,,,,,,,,QAQSAD_clean,284.9
QARCET_clean,5.6311,3.58556,5.5035,1.43101,772.342,539.717,0.0,0.0,0.4414,0.308453,0.0,Zn,No, ,clean,Y,Y,Y,,N,,,,,,,,,,,,,,,,,,,,,,QARCET_clean,470.3
QASSUZ_clean,8.20384,7.94678,8.20384,1.22317,850.148,695.037,0.0,0.0,0.3894,0.318353,0.0,"Fe,K",Yes,K,clean,Y,Y,Y,,N,,,,,,,,,,,,,,,,,,,,,,QASSUZ_clean,312.9
QATHOK_clean,9.29834,6.48945,9.29621,1.21668,1222.78,1005.01,0.0,0.0,0.5554,0.456489,0.0,Cd,No, ,clean,Y,Y,Y,,N,,,,,,,,,,,,,,,,,,,,,,QATHOK_clean,330.4
QATKII_clean,5.10915,3.79672,5.10915,1.21674,1321.26,1085.9,0.0,0.0,0.55,0.452026,0.0,Eu,No, ,clean,Y,Y,Y,,N,,,,,,,,,,,,,,,,,,,,,,QATKII_clean,669.8
QATKOO_clean,5.44759,3.80722,5.43097,1.23164,1414.07,1148.12,0.0581087,0.0471799,0.5662,0.459712,0.0,Tb,No, ,clean,Y,Y,Y,,N,,,,,,,,,,,,,,,,,,,,,,QATKOO_clean,645.9
QATLEE_clean,5.57595,4.31452,5.57595,1.46536,813.962,555.469,0.0,0.0,0.467,0.318693,0.0,Zn,Yes,Zn,clean,Y,Y,Y,,N,,,,,,,,,,,,,,,,,,,,,,QATLEE_clean,2572.4
QATPOR_clean,4.01523,3.48616,4.00077,2.44828,405.938,165.805,0.0,0.0,0.3718,0.151862,0.0,"Ga,Ti",Yes,Ti,clean,Y,Y,Y,,N,,,,,,,,,,,,,,,,,,,,,,QATPOR_clean,1145.9
QATVUE_clean,6.38161,3.71559,6.38161,1.03389,1164.63,1126.45,0.0,0.0,0.5572,0.538935,0.0,Cu,No, ,clean,Y,Y,Y,,N,,,,,,,,,,,,,,,,,,,,,,QATVUE_clean,1300.0
QATXIU_clean,7.14794,6.36836,7.14653,1.22477,1332.85,1088.25,75.8051,61.8933,0.5956,0.486296,0.0,Cd,No, ,clean,Y,Y,Y,,N,,,,,,,,,,,,,,,,,,,,,,QATXIU_clean,591.7
QAVBUL_clean,12.14778,9.97355,12.14778,1.03126,1437.46,1393.89,0.0,0.0,0.626,0.607023,0.0,Tb,Yes,Tb,clean,Y,Y,Y,,N,,,,,,,,,,,,,,,,,,,,,,QAVBUL_clean,217.2
QAVPIO_clean,5.30738,4.3707,5.28519,1.74559,1115.19,638.858,0.0,0.0,0.453,0.25951,0.0,Al,No, ,clean,Y,Y,Y,,N,,,,,,,,,,,,,,,,,,,,,,QAVPIO_clean,1394.1
QAVWAN_clean,6.3577,4.74176,6.3577,1.14455,1283.39,1121.31,0.0,0.0,0.5318,0.464638,0.0,Zn,Yes,Zn,clean,Y,Y,Y,,N,,,,,,,,,,,,,,,,,,,,,,QAVWAN_clean,1238.2
QAWDID_clean,8.86764,6.4582,8.76206,0.663333,2493.74,3759.41,0.0,0.0,0.781,1.17739,0.0,"Mg,Zn",Yes,"Mg,Zn",clean,Y,Y,Y,,N,,,,,,,,,,,,,,,,,,,,,,QAWDID_clean,79.7
QAWPIO_clean,5.34571,3.76875,5.30515,1.53902,932.084,605.634,189.024,122.821,0.49,0.318384,0.0,"Ni,V",Yes,V,clean,Y,Y,Y,,N,,,,,,,,,,,,,,,,,,,,,,QAWPIO_clean,233.0
QAWREM_clean,4.54212,3.52572,4.54212,1.85502,694.124,374.186,0.0,0.0,0.4334,0.233636,0.0,Eu,Yes,Eu,clean,N,Y,Y,,N,,,,,,,,,,,,,,,,,,,,,,QAWREM_clean,733.1
QAWRIQ_clean,4.49398,3.4919,4.49398,1.89418,683.645,360.919,0.0,0.0,0.429,0.226483,0.0,Gd,Yes,Gd,clean,N,Y,Y,,N,,,,,,,,,,,,,,,,,,,,,,QAWRIQ_clean,792.1
QEBGAH_clean,5.50168,5.08562,5.49191,1.08026,1235.17,1143.4,0.0,0.0,0.5322,0.492658,0.0,Co,No, ,clean,Y,Y,Y,,N,,,,,,,,,,,,,,,,,,,,,,QEBGAH_clean,475.2
QEBGEL_clean,6.08453,4.84553,6.08453,1.01993,1460.11,1431.58,0.0,0.0,0.5522,0.54141,0.0,Co,No, ,clean,Y,Y,Y,,N,,,,,,,,,,,,,,,,,,,,,,QEBGEL_clean,669.1
QEBKUF_SL,9.81772,5.95471,9.68668,0.686123,2457.39,3581.56,0.0,0.0,0.7136,1.04005,0.0,Zn,No, ,SL,Y,Y,Y,,N,,,,,,,,,,,,,,,,,,,,,,QEBKUF_SL,602.5
QEFNAQ_clean,6.2895,4.867,6.2895,1.2915,870.104,673.714,94.8179,73.4166,0.5222,0.404335,0.0,Cu,Yes,Cu,clean,Y,Y,Y,,N,,,,,,,,,,,,,,,,,,,,,,QEFNAQ_clean,332.9
QEFWUV_clean,32.36037,28.26773,32.35632,0.473548,1565.06,3304.96,0.0,0.0,0.826,1.74428,0.000422344,"Zr,Fe",Yes,Zr,clean,Y,Y,Y,,N,,,,,,,,,,,,,,,,,,,,,,QEFWUV_clean,209.7
QEGHEP_clean,5.21452,3.49325,5.21452,1.29869,492.691,379.376,29.3469,22.5974,0.4466,0.343886,0.0,"Ni,Fe",No, ,clean,Y,Y,Y,,N,,,,,,,,,,,,,,,,,,,,,,QEGHEP_clean,1021.9
QEJYIP_clean,5.79435,3.44834,5.51643,1.42081,1141.45,803.374,0.0,0.0,0.5468,0.38485,0.0,Cd,No, ,clean,Y,Y,Y,,N,,,,,,,,,,,,,,,,,,,,,,QEJYIP_clean,754.2
QEPZOB_clean,6.00756,3.91744,6.00756,0.930353,1597.61,1717.21,0.801378,0.86137,0.6088,0.654376,0.0,Cu,Yes,Cu,clean,Y,Y,Y,,N,,,,,,,,,,,,,,,,,,,,,,QEPZOB_clean,290.3
QEQZUH_clean,7.20474,5.54936,7.20474,2.98733,1121.05,375.269,0.0,0.0,0.4558,0.152577,0.0,Np,No, ,clean,Y,Y,Y,,N,,,,,,,,,,,,,,,,,,,,,,QEQZUH_clean,996.9
QERWAL_clean,6.23685,3.59052,6.23393,0.96089,1663.57,1731.28,0.0,0.0,0.5974,0.621716,0.0,Ni,No, ,clean,Y,Y,Y,,N,,,,,,,,,,,,,,,,,,,,,,QERWAL_clean,690.1
QERZUI01_clean,4.40066,3.54145,4.40066,1.45403,577.348,397.068,0.0,0.0,0.4282,0.294492,0.0,Cu,Yes,Cu,clean,Y,Y,Y,,N,,,,,,,,,,,,,,,,,,,,,,QERZUI01_clean,956.7
QESLOQ_clean,6.6747,4.69389,6.6747,2.0556,1217.11,592.095,0.0,0.0,0.5328,0.259195,0.0,In,Yes,In,clean,Y,Y,Y,,N,,,,,,,,,,,,,,,,,,,,,,QESLOQ_clean,614.6
QESYOD_clean,7.06657,4.49673,7.06657,1.70049,1062.54,624.842,0.0,0.0,0.5092,0.299443,0.0,Cu,No, ,clean,Y,Y,Y,,N,,,,,,,,,,,,,,,,,,,,,,QESYOD_clean,285.7
QETCUO_clean,6.89128,4.79138,6.89128,1.23174,1603.73,1302.0,0.0,0.0,0.5742,0.46617,0.0,Gd,Yes,Gd,clean,N,Y,Y,,N,,,,,,,,,,,,,,,,,,,,,,QETCUO_clean,335.2
QETHUT_clean,5.64185,3.41958,5.64104,1.68813,1127.74,668.04,0.0,0.0,0.4972,0.294527,0.0,Al,No, ,clean,Y,Y,Y,,N,,,,,,,,,,,,,,,,,,,,,,QETHUT_clean,2451.5
QEVKOS_clean,4.71244,3.94029,4.71244,1.86641,753.543,403.738,0.0,0.0,0.4654,0.249355,0.0,"W,Cu",No, ,clean,Y,Y,Y,,N,,,,,,,,,,,,,,,,,,,,,,QEVKOS_clean,470.4
QEWDON_clean,6.85219,4.97206,6.85219,1.41693,1021.65,721.035,55.4121,39.1073,0.5212,0.367839,0.0,Zn,Yes,Zn,clean,Y,Y,Y,,N,,,,,,,,,,,,,,,,,,,,,,QEWDON_clean,612.2
QEZZOL_clean,6.25588,3.45747,6.04611,1.73068,941.451,543.977,0.0,0.0,0.483,0.279081,0.0,"W,Cu",Yes,Cu,clean,Y,Y,Y,,N,,,,,,,,,,,,,,,,,,,,,,QEZZOL_clean,296.9
QIGBIR_clean,5.14127,4.23557,5.11201,2.30609,2556.32,1108.51,0.0,0.0,0.6426,0.278653,0.0,"Mn,Re",Yes,"Mn,Re",clean,N,Y,Y,,N,,,,,,,,,,,,,,,,,,,,,,QIGBIR_clean,117.6
QIHXIQ_clean,9.72743,8.74819,9.72743,0.867164,1773.91,2045.64,0.0,0.0,0.6572,0.757873,0.0,Zn,Yes,Zn,clean,Y,Y,Y,,N,,,,,,,,,,,,,,,,,,,,,,QIHXIQ_clean,222.9
QIJLAW_clean,8.05446,5.26641,8.05325,0.671267,2454.25,3656.15,0.0,0.0,0.7174,1.06873,0.0,Mn,No, ,clean,Y,Y,Y,,N,,,,,,,,,,,,,,,,,,,,,,QIJLAW_clean,156.3
QIPROY_clean,5.10002,3.64368,4.72082,0.794412,2326.28,2928.3,0.0,0.0,0.6568,0.826775,0.0,Cu,Yes,Cu,clean,Y,Y,Y,,N,,,,,,,,,,,,,,,,,,,,,,QIPROY_clean,261.5
QIQTAN_clean,5.97055,4.70307,5.97055,1.22492,943.091,769.92,0.0,0.0,0.5008,0.408843,0.0,Ni,Yes,Ni,clean,Y,Y,Y,,N,,,,,,,,,,,,,,,,,,,,,,QIQTAN_clean,443.2
QIQZIB_clean,8.62906,4.33786,8.62906,1.28033,1914.7,1495.48,0.0,0.0,0.6336,0.494873,0.0,Cu,Yes,Cu,clean,Y,Y,Y,,N,,,,,,,,,,,,,,,,,,,,,,QIQZIB_clean,859.3
QIRWAR_clean,5.03603,3.89356,5.03603,1.34872,1809.31,1341.5,0.0,0.0,0.6038,0.447684,0.0,Cu,Yes,Cu,clean,Y,Y,Y,,N,,,,,,,,,,,,,,,,,,,,,,QIRWAR_clean,477.3
QIRYAS_clean,6.80431,4.28089,6.76896,1.43909,1279.9,889.381,0.0,0.0,0.5066,0.352029,0.0,Co,Yes,Co,clean,Y,Y,Y,,N,,,,,,,,,,,,,,,,,,,,,,QIRYAS_clean,339.6
QISNAJ_clean,6.86275,5.39635,6.82883,1.05954,2863.52,2702.61,0.0,0.0,0.7298,0.688789,0.0,Cd,Yes,Cd,clean,N,Y,Y,,N,,,,,,,,,,,,,,,,,,,,,,QISNAJ_clean,116.5
QISNEN_clean,6.73584,5.39558,6.7159,1.14249,2865.04,2507.71,0.0,0.0,0.739,0.646833,0.0,Cd,Yes,Cd,clean,N,Y,Y,,N,,,,,,,,,,,,,,,,,,,,,,QISNEN_clean,117.9
QISNIR_clean,6.57248,5.45743,6.53468,1.21872,2929.79,2404.0,0.0,0.0,0.7294,0.598499,0.0,Cd,Yes,Cd,clean,N,Y,Y,,N,,,,,,,,,,,,,,,,,,,,,,QISNIR_clean,117.2
QITDOO_clean,4.51149,3.70593,4.5073,1.60486,623.741,388.657,0.0,0.0,0.4184,0.260708,0.0,La,Yes,La,clean,Y,Y,Y,,N,,,,,,,,,,,,,,,,,,,,,,QITDOO_clean,425.6
QITXAU_clean,5.33833,4.09777,5.32992,1.02323,1464.2,1430.95,0.0,0.0,0.5698,0.556862,0.0,Zn,No, ,clean,Y,Y,Y,,N,,,,,,,,,,,,,,,,,,,,,,QITXAU_clean,361.1
QITYOI_clean,5.05446,3.86932,5.05446,1.38238,1280.1,926.009,0.0,0.0,0.5378,0.389038,0.0,Pr,Yes,Pr,clean,Y,Y,Y,,N,,,,,,,,,,,,,,,,,,,,,,QITYOI_clean,260.7
QIVJAG_clean,6.03486,4.47657,5.9683,0.924756,2925.59,3163.63,0.0,0.0,0.7036,0.760849,0.0,"Cr,Mn",Yes,Mn,clean,Y,Y,Y,,N,,,,,,,,,,,,,,,,,,,,,,QIVJAG_clean,125.1
QIVQAP_clean,5.96532,3.96258,5.96532,1.08722,942.027,866.452,0.0,0.0,0.4728,0.434869,0.00073582,"K,Co",Yes,"K,Co",clean,N,Y,Y,,N,,,,,,,,,,,,,,,,,,,,,,QIVQAP_clean,7354.3
QIVYUR_clean,4.21696,3.7868,4.20902,1.26329,745.535,590.155,0.0,0.0,0.457,0.361755,0.0,Zn,No, ,clean,Y,Y,Y,,N,,,,,,,,,,,,,,,,,,,,,,QIVYUR_clean,829.1
QIWCOQ_clean,7.90536,6.37424,7.89587,0.88756,1705.8,1921.9,0.0,0.0,0.6366,0.717248,0.0,Cu,Yes,Cu,clean,Y,Y,Y,,N,,,,,,,,,,,,,,,,,,,,,,QIWCOQ_clean,760.4
QIWDOR_clean,4.59203,4.06699,4.58575,1.55074,682.335,440.007,0.0,0.0,0.3988,0.257168,0.0,Cu,Yes,Cu,clean,Y,Y,Y,,N,,,,,,,,,,,,,,,,,,,,,,QIWDOR_clean,481.2
QIWGOU_clean,4.95412,3.59777,4.40809,1.51133,204.724,135.46,222.59,147.281,0.4446,0.294179,0.0,"Ru,Sr",Yes,Sr,clean,N,Y,Y,,N,,,,,,,,,,,,,,,,,,,,,,QIWGOU_clean,874.6
QIWPET_clean,6.87756,5.53647,6.83784,1.18214,1480.3,1252.22,0.0,0.0,0.543,0.459336,0.0,Mg,Yes,Mg,clean,Y,Y,Y,,N,,,,,,,,,,,,,,,,,,,,,,QIWPET_clean,346.7
QIXNES_clean,5.40564,4.53621,5.32703,1.33406,1524.22,1142.54,0.0,0.0,0.5456,0.408976,0.0,Y,Yes,Y,clean,Y,Y,Y,,N,,,,,,,,,,,,,,,,,,,,,,QIXNES_clean,237.5
QIXNIW_clean,5.3327,4.51343,5.26398,1.68575,1489.56,883.622,0.0,0.0,0.5396,0.320096,0.0,Er,Yes,Er,clean,Y,Y,Y,,N,,,,,,,,,,,,,,,,,,,,,,QIXNIW_clean,224.3
QIXSOG01_clean,7.54214,5.04155,7.54214,0.607311,2915.58,4800.8,0.0,0.0,0.7764,1.27842,0.0,"Cu,Mn",Yes,Cu,clean,Y,Y,Y,,N,,,,,,,,,,,,,,,,,,,,,,QIXSOG01_clean,109.2
QIXSOG_clean,7.51562,5.04263,7.51562,0.608086,2919.24,4800.71,0.0,0.0,0.776,1.27614,0.0,"Cu,Mn",Yes,Cu,clean,Y,Y,Y,,N,,,,,,,,,,,,,,,,,,,,,,QIXSOG_clean,109.7
QIYDAF_clean,22.97967,8.76388,22.97967,0.403152,1832.34,4545.03,0.0,0.0,0.8334,2.06721,0.0,Cu,Yes,Cu,clean,Y,Y,Y,,N,,,,,,,,,,,,,,,,,,,,,,QIYDAF_clean,354.2
QIYDEJ_clean,22.48969,11.55679,22.48969,0.431427,1897.73,4398.73,0.0,0.0,0.814,1.88676,0.0,Cu,Yes,Cu,clean,Y,Y,Y,,N,,,,,,,,,,,,,,,,,,,,,,QIYDEJ_clean,444.1
QIYDIN01_clean,21.60142,10.45655,21.53105,0.395741,1819.65,4598.09,0.0,0.0,0.8328,2.10441,0.0,Cu,Yes,Cu,clean,Y,Y,Y,,N,,,,,,,,,,,,,,,,,,,,,,QIYDIN01_clean,913.1
QIYDIN_clean,29.975,15.02249,29.83505,0.197643,1310.13,6628.79,0.0,0.0,0.9182,4.64576,0.0,Cu,Yes,Cu,clean,Y,Y,Y,,N,,,,,,,,,,,,,,,,,,,,,,QIYDIN_clean,117.9
QIYDOT_clean,19.81856,17.06364,19.63981,0.211978,1346.05,6349.95,0.0,0.0,0.9118,4.30139,0.0,Cu,Yes,Cu,clean,Y,Y,Y,,N,,,,,,,,,,,,,,,,,,,,,,QIYDOT_clean,134.9
QIZLIW_clean,6.45845,5.65073,6.45505,1.52092,1546.0,1016.49,0.0,0.0,0.5696,0.374511,0.0,Cu,Yes,Cu,clean,Y,Y,Y,,N,,,,,,,,,,,,,,,,,,,,,,QIZLIW_clean,780.0
QOBGEV_clean,7.79609,3.48851,7.69085,1.10244,1557.79,1413.04,0.0,0.0,0.6186,0.56112,0.0,Zn,No, ,clean,Y,Y,Y,,N,,,,,,,,,,,,,,,,,,,,,,QOBGEV_clean,910.4
QOBPEE_clean,5.93943,5.1846,5.93943,1.67865,1062.24,632.793,0.0,0.0,0.4286,0.255324,0.0,Be,No, ,clean,Y,Y,Y,,N,,,,,,,,,,,,,,,,,,,,,,QOBPEE_clean,2146.5
QOCBUH_clean,5.62714,5.2779,5.62443,1.65942,1085.12,653.917,0.0,0.0,0.4334,0.261175,0.0,Be,No, ,clean,Y,Y,Y,,N,,,,,,,,,,,,,,,,,,,,,,QOCBUH_clean,1895.4
QOCRUW_clean,5.79604,4.18591,5.79604,1.38102,1479.67,1071.43,0.0,0.0,0.5506,0.398692,0.0,La,Yes,La,clean,N,Y,Y,,N,,,,,,,,,,,,,,,,,,,,,,QOCRUW_clean,201.2
QOCSAD_clean,5.79442,4.21505,5.67699,1.39648,1468.21,1051.36,0.0,0.0,0.5488,0.392987,0.0,Ce,Yes,Ce,clean,N,Y,Y,,N,,,,,,,,,,,,,,,,,,,,,,QOCSAD_clean,222.1
QOCSEH_clean,5.70812,4.12503,5.70669,1.44217,1397.59,969.093,0.0,0.0,0.5398,0.374298,0.0,Nd,Yes,Nd,clean,N,Y,Y,,N,,,,,,,,,,,,,,,,,,,,,,QOCSEH_clean,199.0
QODHUO01_clean,7.02176,3.66753,6.99115,1.3176,1021.05,774.937,0.0,0.0,0.496,0.376443,0.0,Ag,Yes,Ag,clean,Y,Y,Y,,N,,,,,,,,,,,,,,,,,,,,,,QODHUO01_clean,1147.7
QODHUO02_clean,7.03734,3.63732,6.65847,1.31371,1014.75,772.431,0.0,0.0,0.5018,0.381972,0.0,Ag,Yes,Ag,clean,Y,Y,Y,,N,,,,,,,,,,,,,,,,,,,,,,QODHUO02_clean,1163.9
QODHUO03_clean,7.01529,3.79079,6.96918,1.33247,1014.37,761.274,0.0,0.0,0.4906,0.368189,0.0,Ag,Yes,Ag,clean,Y,Y,Y,,N,,,,,,,,,,,,,,,,,,,,,,QODHUO03_clean,1176.3
QODHUO04_clean,7.0665,3.70053,7.05456,1.31094,1039.62,793.032,0.0,0.0,0.501,0.382168,0.0,Ag,Yes,Ag,clean,Y,Y,Y,,N,,,,,,,,,,,,,,,,,,,,,,QODHUO04_clean,1140.0
QODHUO05_clean,7.05009,3.74248,7.03715,1.31954,1023.92,775.964,0.0,0.0,0.4934,0.373918,0.0,Ag,Yes,Ag,clean,Y,Y,Y,,N,,,,,,,,,,,,,,,,,,,,,,QODHUO05_clean,1163.8
QODHUO06_clean,7.04216,3.76029,6.51395,1.3253,1016.32,766.86,0.0,0.0,0.4928,0.37184,0.0,Ag,Yes,Ag,clean,Y,Y,Y,,N,,,,,,,,,,,,,,,,,,,,,,QODHUO06_clean,1146.2
QODHUO07_clean,7.03774,3.77448,6.9742,1.32931,1016.48,764.667,0.0,0.0,0.4848,0.364699,0.0,Ag,Yes,Ag,clean,Y,Y,Y,,N,,,,,,,,,,,,,,,,,,,,,,QODHUO07_clean,1153.1
QODHUO08_clean,7.07082,3.72352,7.02334,1.31235,1023.45,779.863,0.0,0.0,0.497,0.378709,0.0,Ag,Yes,Ag,clean,Y,Y,Y,,N,,,,,,,,,,,,,,,,,,,,,,QODHUO08_clean,1141.6
QODHUO09_clean,7.01869,3.81528,6.63722,1.33794,1007.41,752.957,0.0,0.0,0.4858,0.363096,0.0,Ag,Yes,Ag,clean,Y,Y,Y,,N,,,,,,,,,,,,,,,,,,,,,,QODHUO09_clean,1135.3
QODHUO10_clean,7.01033,3.79821,6.75812,1.33845,1014.35,757.851,0.0,0.0,0.488,0.364601,0.0,Ag,Yes,Ag,clean,Y,Y,Y,,N,,,,,,,,,,,,,,,,,,,,,,QODHUO10_clean,1206.1
QODHUO11_clean,7.01042,3.80896,6.9255,1.3366,1007.71,753.939,0.0,0.0,0.4868,0.364209,0.0,Ag,Yes,Ag,clean,Y,Y,Y,,N,,,,,,,,,,,,,,,,,,,,,,QODHUO11_clean,1155.2
QODHUO12_clean,7.0091,3.78553,6.9949,1.33735,1014.06,758.26,0.0,0.0,0.4828,0.361012,0.0,Ag,Yes,Ag,clean,Y,Y,Y,,N,,,,,,,,,,,,,,,,,,,,,,QODHUO12_clean,1194.4
QODHUO13_clean,7.01938,3.75717,6.78624,1.32807,1011.93,761.958,0.0,0.0,0.4912,0.36986,0.0,Ag,Yes,Ag,clean,Y,Y,Y,,N,,,,,,,,,,,,,,,,,,,,,,QODHUO13_clean,1178.5
QODHUO_clean,7.01702,3.80696,7.00767,1.33459,1022.86,766.423,0.0,0.0,0.4802,0.35981,0.0,Ag,Yes,Ag,clean,Y,Y,Y,,N,,,,,,,,,,,,,,,,,,,,,,QODHUO_clean,1359.3
QODPOQ_clean,7.05519,3.79599,6.7273,1.31521,1027.79,781.463,0.0,0.0,0.4944,0.37591,0.0,Ag,Yes,Ag,clean,Y,Y,Y,,N,,,,,,,,,,,,,,,,,,,,,,QODPOQ_clean,1155.5
QODQEH_clean,7.07208,3.67099,6.65977,1.31088,1023.42,780.716,0.0,0.0,0.4996,0.381118,0.0,Ag,Yes,Ag,clean,Y,Y,Y,,N,,,,,,,,,,,,,,,,,,,,,,QODQEH_clean,1182.1
QODSUZ_clean,7.02333,3.67551,6.68721,1.32015,1014.75,768.665,0.0,0.0,0.4954,0.375261,0.0,Ag,Yes,Ag,clean,Y,Y,Y,,N,,,,,,,,,,,,,,,,,,,,,,QODSUZ_clean,1118.5
QOFBIY01_clean,7.02313,3.82948,7.02313,1.33462,1010.65,757.254,0.0,0.0,0.4866,0.364598,0.0,Ag,Yes,Ag,clean,Y,Y,Y,,N,,,,,,,,,,,,,,,,,,,,,,QOFBIY01_clean,1130.8
QOFBIY02_clean,7.03275,3.83288,6.70379,1.33192,1017.39,763.856,0.0,0.0,0.4894,0.36744,0.0,Ag,Yes,Ag,clean,Y,Y,Y,,N,,,,,,,,,,,,,,,,,,,,,,QOFBIY02_clean,1197.6
QOFBIY_clean,7.01606,3.82362,7.01606,1.3363,1014.56,759.23,0.0,0.0,0.4868,0.364289,0.0,Ag,Yes,Ag,clean,Y,Y,Y,,N,,,,,,,,,,,,,,,,,,,,,,QOFBIY_clean,1149.9
QOFCAR_clean,7.04297,3.82338,7.04297,1.33044,1025.08,770.483,0.0,0.0,0.4874,0.366345,0.0,Ag,Yes,Ag,clean,Y,Y,Y,,N,,,,,,,,,,,,,,,,,,,,,,QOFCAR_clean,1148.5
QOFCIZ_clean,7.04341,3.83129,7.04341,1.32486,1021.89,771.322,0.0,0.0,0.4928,0.371964,0.0,Ag,Yes,Ag,clean,Y,Y,Y,,N,,,,,,,,,,,,,,,,,,,,,,QOFCIZ_clean,1229.8
QOFCOF_clean,7.02932,3.80353,7.02932,1.32333,1025.15,774.676,0.0,0.0,0.4948,0.373906,0.0,Ag,Yes,Ag,clean,Y,Y,Y,,N,,,,,,,,,,,,,,,,,,,,,,QOFCOF_clean,1170.9
QOFDAS_clean,7.03553,3.81631,6.66267,1.32324,1033.46,781.008,0.0,0.0,0.4904,0.370605,0.0,Ag,Yes,Ag,clean,Y,Y,Y,,N,,,,,,,,,,,,,,,,,,,,,,QOFDAS_clean,1197.6
QOFDEW_clean,7.03046,3.79465,6.68948,1.32008,1029.49,779.869,0.0,0.0,0.4982,0.377401,0.0,Ag,Yes,Ag,clean,Y,Y,Y,,N,,,,,,,,,,,,,,,,,,,,,,QOFDEW_clean,1185.1
QOFDIA01_clean,7.07034,3.75403,6.76838,1.31589,1019.32,774.626,0.0,0.0,0.4958,0.37678,0.0,Ag,Yes,Ag,clean,Y,Y,Y,,N,,,,,,,,,,,,,,,,,,,,,,QOFDIA01_clean,1180.1
QOFDIA02_clean,7.01083,3.77871,6.95045,1.33425,1016.66,761.974,0.0,0.0,0.4834,0.362301,0.0,Ag,Yes,Ag,clean,Y,Y,Y,,N,,,,,,,,,,,,,,,,,,,,,,QOFDIA02_clean,1183.8
QOFDIA05_clean,7.02958,3.74465,6.95589,1.32702,1017.45,766.718,0.0,0.0,0.49,0.36925,0.0,Ag,Yes,Ag,clean,Y,Y,Y,,N,,,,,,,,,,,,,,,,,,,,,,QOFDIA05_clean,1180.3
QOFDIA06_clean,7.01624,3.71089,6.8329,1.32411,1025.99,774.855,0.0,0.0,0.4912,0.370967,0.0,Ag,Yes,Ag,clean,Y,Y,Y,,N,,,,,,,,,,,,,,,,,,,,,,QOFDIA06_clean,1129.4
QOFDIA07_clean,7.02954,3.71586,6.33543,1.32374,1036.28,782.845,0.0,0.0,0.4912,0.371071,0.0,Ag,Yes,Ag,clean,Y,Y,Y,,N,,,,,,,,,,,,,,,,,,,,,,QOFDIA07_clean,1176.9
QOFDIA08_clean,7.02793,3.71306,6.40493,1.32259,1024.02,774.255,0.0,0.0,0.4926,0.372451,0.0,Ag,Yes,Ag,clean,Y,Y,Y,,N,,,,,,,,,,,,,,,,,,,,,,QOFDIA08_clean,1163.0
QOFDIA_clean,7.0591,3.80398,6.95726,1.31482,1028.35,782.123,0.0,0.0,0.4968,0.377845,0.0,Ag,Yes,Ag,clean,Y,Y,Y,,N,,,,,,,,,,,,,,,,,,,,,,QOFDIA_clean,1198.0
QOFDOG_clean,7.06378,3.79902,6.95616,1.31604,1025.34,779.109,0.0,0.0,0.4946,0.375823,0.0,Ag,Yes,Ag,clean,Y,Y,Y,,N,,,,,,,,,,,,,,,,,,,,,,QOFDOG_clean,1125.0
QOFKUT_clean,5.30234,4.62006,5.27677,1.31152,1132.35,863.381,0.0,0.0,0.538,0.410209,0.0,Cu,Yes,Cu,clean,N,Y,Y,,N,,,,,,,,,,,,,,,,,,,,,,QOFKUT_clean,802.7
QOFLAA_clean,9.67197,6.44372,9.67197,0.77122,2332.16,3023.99,0.0,0.0,0.771,0.999714,0.0,Cu,Yes,Cu,clean,Y,Y,Y,,N,,,,,,,,,,,,,,,,,,,,,,QOFLAA_clean,165.2
QOFPAE_clean,5.80282,4.70685,5.79577,3.42955,1940.39,565.785,0.0,0.0,0.5998,0.174892,0.0,U,Yes,U,clean,Y,Y,Y,,N,,,,,,,,,,,,,,,,,,,,,,QOFPAE_clean,137.4
QOHTUD_clean,6.67584,5.81143,6.66422,1.12235,912.162,812.727,0.0,0.0,0.4922,0.438545,0.0,Co,Yes,Co,clean,Y,Y,Y,,N,,,,,,,,,,,,,,,,,,,,,,QOHTUD_clean,318.3
QOHYET_clean,5.66796,4.25652,5.66268,1.43346,1155.57,806.137,0.0,0.0,0.5024,0.350479,0.0,Ce,No, ,clean,N,Y,Y,,N,,,,,,,,,,,,,,,,,,,,,,QOHYET_clean,1129.6
QOJTUE_clean,4.99075,4.07072,4.98875,1.39072,1473.66,1059.64,0.0,0.0,0.5964,0.428841,0.0,Cu,Yes,Cu,clean,Y,Y,Y,,N,,,,,,,,,,,,,,,,,,,,,,QOJTUE_clean,290.7
QOJVAM_clean,5.27687,4.07489,5.26218,1.3881,1464.38,1054.95,0.0,0.0,0.585,0.421438,0.0,Cu,Yes,Cu,clean,Y,Y,Y,,N,,,,,,,,,,,,,,,,,,,,,,QOJVAM_clean,381.6
QOKCID_clean,4.30865,3.85554,4.26496,1.71497,435.499,253.939,0.0,0.0,0.3688,0.215047,0.0,Zn,Yes,Zn,clean,Y,Y,Y,,N,,,,,,,,,,,,,,,,,,,,,,QOKCID_clean,643.0
QOKKAE_clean,4.41255,3.41758,4.32307,1.9759,693.219,350.838,235.178,119.024,0.5434,0.275014,0.0,Yb,Yes,Yb,clean,Y,Y,Y,,N,,,,,,,,,,,,,,,,,,,,,,QOKKAE_clean,297.6
QOLVET_clean,4.18106,3.97053,4.18106,1.83396,707.407,385.727,0.0,0.0,0.4316,0.235338,0.0,Al,No, ,clean,Y,Y,Y,,N,,,,,,,,,,,,,,,,,,,,,,QOLVET_clean,1780.9
QOMDUS_clean,5.73732,4.27265,5.65548,1.56934,1252.52,798.122,0.0,0.0,0.5388,0.343329,0.0,Zn,Yes,Zn,clean,N,Y,Y,,N,,,,,,,,,,,,,,,,,,,,,,QOMDUS_clean,315.4
QOMFEE_clean,6.23329,4.79223,6.23329,0.956504,2173.22,2272.05,0.0,0.0,0.6332,0.661994,0.0,Zn,Yes,Zn,clean,Y,Y,Y,,N,,,,,,,,,,,,,,,,,,,,,,QOMFEE_clean,1381.3
QOMRUH_clean,5.91598,4.8393,5.90444,0.946458,2296.32,2426.22,0.0,0.0,0.6568,0.693956,0.0,Cu,Yes,Cu,clean,Y,Y,Y,,N,,,,,,,,,,,,,,,,,,,,,,QOMRUH_clean,257.0
QOMSAO_clean,6.28295,5.19194,6.16876,0.913349,2335.71,2557.31,0.0,0.0,0.6626,0.725462,0.0,Cu,Yes,Cu,clean,Y,Y,Y,,N,,,,,,,,,,,,,,,,,,,,,,QOMSAO_clean,233.8
QOMSES_clean,5.8822,4.848,5.86939,0.949674,2240.73,2359.47,0.0,0.0,0.658,0.692869,0.0,Cu,Yes,Cu,clean,Y,Y,Y,,N,,,,,,,,,,,,,,,,,,,,,,QOMSES_clean,242.7
QOMTET_clean,4.76534,3.95054,4.76534,1.34356,1133.18,843.42,0.0,0.0,0.5016,0.373337,0.0,Zn,Yes,Zn,clean,N,Y,Y,,N,,,,,,,,,,,,,,,,,,,,,,QOMTET_clean,1252.9
QONKUB_clean,6.24349,5.12734,6.13649,0.9162,2335.91,2549.56,0.0,0.0,0.6696,0.730845,0.0,Cu,Yes,Cu,clean,Y,Y,Y,,N,,,,,,,,,,,,,,,,,,,,,,QONKUB_clean,240.4
QONLAI_clean,6.10211,4.91381,6.0286,0.939951,2318.74,2466.88,0.0,0.0,0.6558,0.697696,0.0,Cu,Yes,Cu,clean,Y,Y,Y,,N,,,,,,,,,,,,,,,,,,,,,,QONLAI_clean,248.0
QONLEM_clean,5.90984,4.72024,5.82362,0.936419,2363.81,2524.31,0.0,0.0,0.6642,0.709298,0.0,Cu,Yes,Cu,clean,Y,Y,Y,,N,,,,,,,,,,,,,,,,,,,,,,QONLEM_clean,245.6
QONLIQ_clean,6.00653,4.86996,6.00653,0.931336,2311.78,2482.22,0.0,0.0,0.6534,0.701573,0.0,Cu,Yes,Cu,clean,Y,Y,Y,,N,,,,,,,,,,,,,,,,,,,,,,QONLIQ_clean,267.3
QONQAM_clean,6.95521,6.65822,6.95521,0.957388,1627.93,1700.38,0.0,0.0,0.609,0.636106,0.0,Al,No, ,clean,Y,Y,Y,,N,,,,,,,,,,,,,,,,,,,,,,QONQAM_clean,353.1
QONQEQ_manual,7.41052,7.00984,7.40327,0.944282,1611.38,1706.46,0.0,0.0,0.6124,0.648535,0.0,Al,No, ,manual,Y,Y,Y,,N,,,,,,,,,,,,,,,,,,,,,,QONQEQ_manual,556.9
QOPCEE_clean,5.00224,4.42588,5.00224,2.00794,611.459,304.521,0.0,0.0,0.4062,0.202297,0.0,Mn,Yes,Mn,clean,Y,Y,Y,,N,,,,,,,,,,,,,,,,,,,,,,QOPCEE_clean,295.2
QOPDEE_clean,5.73867,3.59336,5.72178,2.09497,1040.44,496.637,0.0,0.0,0.5118,0.244299,0.0,"Zn,Ga",No, ,clean,Y,Y,Y,,N,,,,,,,,,,,,,,,,,,,,,,QOPDEE_clean,719.2
QOPPES_clean,7.05411,5.65156,7.03914,0.967554,1983.39,2049.91,0.0,0.0,0.6408,0.662289,0.0,Co,Yes,Co,clean,Y,Y,Y,,N,,,,,,,,,,,,,,,,,,,,,,QOPPES_clean,232.4
QOPPOC_clean,4.21204,3.56876,4.20993,1.51146,562.274,372.007,0.0,0.0,0.4702,0.31109,0.0,Cu,Yes,Cu,clean,Y,Y,Y,,N,,,,,,,,,,,,,,,,,,,,,,QOPPOC_clean,910.6
QOPZIF_clean,6.77563,4.15655,6.73512,1.06978,1861.11,1739.71,0.0,0.0,0.6378,0.596196,0.0,Zn,Yes,Zn,clean,Y,Y,Y,,N,,,,,,,,,,,,,,,,,,,,,,QOPZIF_clean,406.4
QOQWOK01_clean,8.63633,6.73186,8.63063,0.935461,1473.57,1575.23,0.0,0.0,0.5784,0.618305,0.0,Mn,No, ,clean,Y,Y,Y,,N,,,,,,,,,,,,,,,,,,,,,,QOQWOK01_clean,356.9
QOQWOK_clean,8.39175,6.59132,8.39175,0.957359,1460.22,1525.26,0.0,0.0,0.566,0.59121,0.0,Mn,No, ,clean,Y,Y,Y,,N,,,,,,,,,,,,,,,,,,,,,,QOQWOK_clean,354.7
QOSJEP_clean,5.95986,5.08733,5.90424,1.45523,1476.39,1014.54,0.0,0.0,0.5466,0.37561,0.0,"Cu,Er",Yes,"Cu,Er",clean,Y,Y,Y,,N,,,,,,,,,,,,,,,,,,,,,,QOSJEP_clean,587.6
QOSJIT_clean,8.05472,3.98,7.82448,1.13518,1829.79,1611.9,0.0,0.0,0.6248,0.550399,0.0,"Cu,Eu",Yes,"Cu,Eu",clean,Y,Y,Y,,N,,,,,,,,,,,,,,,,,,,,,,QOSJIT_clean,578.5
QOSJOZ_clean,8.08316,3.97327,8.04054,1.14357,1840.46,1609.4,0.0,0.0,0.6224,0.54426,0.0,"Cu,Gd",Yes,"Cu,Gd",clean,Y,Y,Y,,N,,,,,,,,,,,,,,,,,,,,,,QOSJOZ_clean,577.4
QOSJUF_clean,6.12081,5.11749,6.09552,1.41231,1533.09,1085.52,0.0,0.0,0.5616,0.397647,0.0,"Ho,Cu",Yes,"Ho,Cu",clean,Y,Y,Y,,N,,,,,,,,,,,,,,,,,,,,,,QOSJUF_clean,662.2
QOSKAM_clean,8.09283,3.98695,8.04748,1.17505,1628.38,1385.79,0.0,0.0,0.6158,0.524061,0.0,"Cu,Tb",Yes,"Cu,Tb",clean,Y,Y,Y,,N,,,,,,,,,,,,,,,,,,,,,,QOSKAM_clean,601.5
QOSXOM_clean,11.03802,8.53557,11.03802,1.03996,1270.59,1221.78,36.3048,34.91,0.5972,0.574255,0.0,Zn,Yes,Zn,clean,Y,Y,Y,,N,,,,,,,,,,,,,,,,,,,,,,QOSXOM_clean,1069.5
QOTZEG_clean,6.98929,6.77562,6.98929,1.52277,1495.88,982.34,0.0,0.0,0.5546,0.364204,0.0,La,Yes,La,clean,Y,Y,Y,,N,,,,,,,,,,,,,,,,,,,,,,QOTZEG_clean,415.9
QOVDAH_clean,9.81819,9.19443,9.81819,1.3396,1377.74,1028.47,0.0,0.0,0.5818,0.434308,0.0,Ni,Yes,Ni,clean,Y,Y,Y,,N,,,,,,,,,,,,,,,,,,,,,,QOVDAH_clean,422.7
QOVDEL_clean,9.82811,9.16141,9.82811,1.34846,1344.96,997.404,0.0,0.0,0.5734,0.425224,0.0,Ni,Yes,Ni,clean,Y,Y,Y,,N,,,,,,,,,,,,,,,,,,,,,,QOVDEL_clean,410.1
QOVSOL_clean,6.4221,3.84022,6.40906,1.13898,1211.49,1063.66,0.0,0.0,0.5446,0.478145,0.0,Cd,No, ,clean,Y,Y,Y,,N,,,,,,,,,,,,,,,,,,,,,,QOVSOL_clean,1576.9
QOWLEU_clean_h,7.55178,5.63017,7.55178,1.41332,1270.28,898.791,0.0,0.0,0.5304,0.375286,0.0,Co,No, ,clean_h,N,Y,Y,,N,,,,,,,,,,,,,,,,,,,,,,QOWLEU_clean_h,235.0
QOWQUO_manual,16.36508,5.22924,16.36508,0.720668,2111.4,2929.78,0.0,0.0,0.7092,0.984087,0.0,Cu,Yes,Cu,manual,Y,Y,Y,,N,,,,,,,,,,,,,,,,,,,,,,QOWQUO_manual,985.0
QOWRAV02_clean,16.40599,5.24588,16.39933,0.71711,2129.23,2969.18,0.0,0.0,0.7138,0.995384,0.0,Cu,Yes,Cu,clean,Y,Y,Y,,N,,,,,,,,,,,,,,,,,,,,,,QOWRAV02_clean,4039.5
QOWRAV04_clean,16.39644,5.24663,16.39644,0.717349,2130.73,2970.28,0.0,0.0,0.7132,0.994216,0.0,Cu,Yes,Cu,clean,Y,Y,Y,,N,,,,,,,,,,,,,,,,,,,,,,QOWRAV04_clean,3956.9
QOWRAV05_clean,16.38928,5.24682,16.38928,0.717588,2130.87,2969.49,0.0,0.0,0.7132,0.993885,0.0,Cu,Yes,Cu,clean,Y,Y,Y,,N,,,,,,,,,,,,,,,,,,,,,,QOWRAV05_clean,4019.8
QOWRAV06_clean,16.3778,5.24265,16.37247,0.717908,2134.21,2972.83,0.0,0.0,0.7136,0.994,0.0,Cu,Yes,Cu,clean,Y,Y,Y,,N,,,,,,,,,,,,,,,,,,,,,,QOWRAV06_clean,3918.3
QOWRAV07_clean,16.36646,5.23896,16.35136,0.718227,2134.13,2971.38,0.0,0.0,0.7136,0.993558,0.0,Cu,Yes,Cu,clean,Y,Y,Y,,N,,,,,,,,,,,,,,,,,,,,,,QOWRAV07_clean,3945.5
QOWRAV08_clean,16.35712,5.2326,16.35248,0.718547,2136.57,2973.47,0.0,0.0,0.7128,0.992003,0.0,Cu,Yes,Cu,clean,Y,Y,Y,,N,,,,,,,,,,,,,,,,,,,,,,QOWRAV08_clean,3921.2
QOWRAV09_clean,16.34087,5.22933,16.33846,0.718946,2138.82,2974.94,0.0,0.0,0.7138,0.992842,0.0,Cu,Yes,Cu,clean,Y,Y,Y,,N,,,,,,,,,,,,,,,,,,,,,,QOWRAV09_clean,4026.1
QOWRAV10_clean,16.32287,5.22574,16.32052,0.719907,2137.74,2969.47,0.0,0.0,0.7132,0.990684,0.0,Cu,Yes,Cu,clean,Y,Y,Y,,N,,,,,,,,,,,,,,,,,,,,,,QOWRAV10_clean,3966.4
QOWRAV11_clean,16.31009,5.22559,16.30705,0.720949,2138.54,2966.28,0.0,0.0,0.7124,0.988141,0.0,Cu,Yes,Cu,clean,Y,Y,Y,,N,,,,,,,,,,,,,,,,,,,,,,QOWRAV11_clean,4159.6
QOWRAV12_clean,16.28739,5.21999,16.28739,0.722396,2138.93,2960.89,0.0,0.0,0.713,0.986993,0.0,Cu,Yes,Cu,clean,Y,Y,Y,,N,,,,,,,,,,,,,,,,,,,,,,QOWRAV12_clean,4000.8
QOXFIU_clean,5.39147,3.92821,5.39147,2.22853,612.028,274.634,150.125,67.3652,0.4354,0.195376,0.0,"K,U",Yes,"K,U",clean,Y,Y,Y,,N,,,,,,,,,,,,,,,,,,,,,,QOXFIU_clean,338.9
QOXNIB_clean,4.25979,3.61253,4.24685,2.02207,509.832,252.133,0.0,0.0,0.4388,0.217005,0.0,Cu,Yes,Cu,clean,Y,Y,Y,,N,,,,,,,,,,,,,,,,,,,,,,QOXNIB_clean,658.4
QOYLOG_clean,5.80261,4.54109,5.79964,1.48289,1070.97,722.217,0.0,0.0,0.498,0.335831,0.0,Ni,Yes,Ni,clean,N,Y,Y,,N,,,,,,,,,,,,,,,,,,,,,,QOYLOG_clean,643.9
QOZDOY_clean,5.27343,4.6547,5.27343,1.1624,1108.39,953.534,0.0,0.0,0.534,0.459394,0.0,Zn,Yes,Zn,clean,Y,Y,Y,,N,,,,,,,,,,,,,,,,,,,,,,QOZDOY_clean,1615.7
QOZGAP_clean,4.8362,3.81563,4.76917,1.19541,1260.2,1054.2,0.0,0.0,0.5442,0.455241,0.0,Cu,Yes,Cu,clean,Y,Y,Y,,N,,,,,,,,,,,,,,,,,,,,,,QOZGAP_clean,466.2
QOZPIG_clean,4.54942,3.60193,4.54942,1.23234,1331.25,1080.26,0.0,0.0,0.5634,0.457179,0.0,Cd,No, ,clean,Y,Y,Y,,N,,,,,,,,,,,,,,,,,,,,,,QOZPIG_clean,352.9
QOZPOM_clean,4.94177,4.05577,4.93292,1.11879,802.645,717.419,483.544,432.201,0.5788,0.517342,0.0,Zn,No, ,clean,Y,Y,Y,,N,,,,,,,,,,,,,,,,,,,,,,QOZPOM_clean,468.5
QOZWAF_clean,8.11802,4.72444,8.10878,2.64249,1840.83,696.627,0.0,0.0,0.5864,0.221912,0.0,"W,Ni",Yes,W,clean,Y,Y,Y,,N,,,,,,,,,,,,,,,,,,,,,,QOZWAF_clean,1127.6
QUBWIU_clean,10.48256,4.17052,10.46235,1.23045,1614.41,1312.05,0.0,0.0,0.6222,0.505669,0.0,"Cu,Na,Sm",Yes,"Cu,Na,Sm",clean,Y,Y,Y,,N,,,,,,,,,,,,,,,,,,,,,,QUBWIU_clean,354.1
QUBZAP_clean,7.14967,3.85025,7.14967,1.8852,994.903,527.743,2.6105,1.38473,0.4918,0.260874,0.0,Ag,Yes,Ag,clean,Y,Y,Y,,N,,,,,,,,,,,,,,,,,,,,,,QUBZAP_clean,484.7
QUDGED_clean,9.12367,7.3846,9.12367,0.60089,2399.82,3993.78,0.0,0.0,0.7754,1.29042,0.0,Zn,Yes,Zn,clean,Y,Y,Y,,N,,,,,,,,,,,,,,,,,,,,,,QUDGED_clean,1036.7
QUDJIJ_clean,5.71523,4.47901,5.71444,1.04798,1842.24,1757.9,0.0,0.0,0.5918,0.564707,0.0,Zn,Yes,Zn,clean,N,Y,Y,,N,,,,,,,,,,,,,,,,,,,,,,QUDJIJ_clean,492.8
QUDJOP_clean,6.19638,4.53832,6.17045,1.05792,1773.86,1676.75,0.0,0.0,0.5902,0.557888,0.0,Zn,Yes,Zn,clean,N,Y,Y,,N,,,,,,,,,,,,,,,,,,,,,,QUDJOP_clean,594.0
QUFTAM_clean,4.97686,4.54571,4.97686,1.56592,814.078,519.872,0.0,0.0,0.4264,0.2723,0.0,"Cu,Na",Yes,"Cu,Na",clean,Y,Y,Y,,N,,,,,,,,,,,,,,,,,,,,,,QUFTAM_clean,425.7
QUJJUC_clean,6.37183,4.25289,6.36461,1.09976,2598.54,2362.82,0.0821372,0.0746863,0.689,0.626499,0.0,Na,No, ,clean,Y,Y,Y,,N,,,,,,,,,,,,,,,,,,,,,,QUJJUC_clean,1012.7
QULLEP_clean,4.84676,3.51441,4.84676,1.2958,520.065,401.348,0.0,0.0,0.4678,0.361013,0.0,Cd,Yes,Cd,clean,Y,Y,Y,,N,,,,,,,,,,,,,,,,,,,,,,QULLEP_clean,246.1
QULMIU_clean,10.29771,9.60437,10.29648,1.52872,1059.92,693.336,0.0,0.0,0.525,0.343424,0.0,In,No, ,clean,Y,Y,Y,,N,,,,,,,,,,,,,,,,,,,,,,QULMIU_clean,265.6
QUMFUB_clean,6.17873,3.70632,6.16879,1.24989,1414.19,1131.45,0.0,0.0,0.5442,0.435399,0.0,Mn,No, ,clean,Y,Y,Y,,N,,,,,,,,,,,,,,,,,,,,,,QUMFUB_clean,233.6
QUNVIG_clean,7.99116,6.98056,7.99116,0.854766,1939.43,2268.96,0.0,0.0,0.6666,0.779862,0.0,Co,No, ,clean,Y,Y,Y,,N,,,,,,,,,,,,,,,,,,,,,,QUNVIG_clean,1756.3
QUNWAZ_clean,6.68191,4.62372,6.68191,0.987311,1445.66,1464.24,0.0,0.0,0.5434,0.550384,0.0,Zn,Yes,Zn,clean,Y,Y,Y,,N,,,,,,,,,,,,,,,,,,,,,,QUNWAZ_clean,857.9
QUPDEL01_clean,4.31787,3.88877,4.31787,2.05035,791.695,386.128,0.0,0.0,0.4768,0.232546,0.0,Gd,Yes,Gd,clean,N,Y,Y,,N,,,,,,,,,,,,,,,,,,,,,,QUPDEL01_clean,651.6
QUPDEL_clean,4.30346,3.89395,4.29928,2.06117,790.339,383.442,0.0,0.0,0.481,0.233363,0.0,Gd,Yes,Gd,clean,N,Y,Y,,N,,,,,,,,,,,,,,,,,,,,,,QUPDEL_clean,875.1
QUPHUF_clean,5.02709,3.72665,4.99488,1.27657,629.658,493.241,0.0,0.0,0.4654,0.36457,0.0,Zn,Yes,Zn,clean,Y,Y,Y,,N,,,,,,,,,,,,,,,,,,,,,,QUPHUF_clean,1084.9
QUPJAN_clean,5.93426,3.61461,5.81162,1.33898,708.592,529.204,195.452,145.971,0.4828,0.360574,0.0,Cd,No, ,clean,Y,Y,Y,,N,,,,,,,,,,,,,,,,,,,,,,QUPJAN_clean,717.1
QUQBAH_clean,9.66456,8.22981,9.66456,0.719522,1817.4,2525.84,0.0,0.0,0.7038,0.978149,0.0,Fe,No, ,clean,Y,Y,Y,,N,,,,,,,,,,,,,,,,,,,,,,QUQBAH_clean,1003.3
QUQFIS_clean,7.94677,5.42884,7.94677,0.862455,2489.26,2886.25,0.0,0.0,0.7028,0.814884,0.0,Zn,Yes,Zn,clean,Y,Y,Y,,N,,,,,,,,,,,,,,,,,,,,,,QUQFIS_clean,588.9
QUQFOY_clean,8.20803,5.81249,8.20591,0.948677,2479.72,2613.87,0.0,0.0,0.7154,0.754103,0.0,Cd,Yes,Cd,clean,Y,Y,Y,,N,,,,,,,,,,,,,,,,,,,,,,QUQFOY_clean,481.3
QUQGAL_clean,5.24917,3.7405,5.24587,0.948381,1199.28,1264.55,0.0,0.0,0.5468,0.576561,0.0,Li,Yes,Li,clean,N,Y,Y,,N,,,,,,,,,,,,,,,,,,,,,,QUQGAL_clean,370.5
QUQHAM_clean,4.11745,3.56035,4.11745,2.20732,218.405,98.9459,0.0,0.0,0.3616,0.163818,0.0,Cu,Yes,Cu,clean,Y,Y,Y,,N,,,,,,,,,,,,,,,,,,,,,,QUQHAM_clean,326.4
QUQPOI_SL,6.67917,4.16594,6.67917,0.777338,2276.92,2929.12,0.0,0.0,0.6518,0.838503,0.0,Zn,No, ,SL,Y,Y,Y,,N,,,,,,,,,,,,,,,,,,,,,,QUQPOI_SL,369.3
QUQWOQ_clean,10.06165,6.49649,10.06165,0.726621,2197.25,3023.92,0.0,0.0,0.7314,1.00658,0.0,Zn,Yes,Zn,clean,Y,Y,Y,,N,,,,,,,,,,,,,,,,,,,,,,QUQWOQ_clean,201.7
QUQWUW_clean,9.102,7.19033,9.102,0.965103,1741.04,1804.0,0.0,0.0,0.668,0.692154,0.0,Zn,Yes,Zn,clean,Y,Y,Y,,N,,,,,,,,,,,,,,,,,,,,,,QUQWUW_clean,492.2
QUQYUY_clean,5.26261,4.12424,5.26261,2.16673,1285.57,593.325,0.0,0.0,0.5212,0.240547,0.0,"Cu,Re",Yes,"Cu,Re",clean,Y,Y,Y,,N,,,,,,,,,,,,,,,,,,,,,,QUQYUY_clean,1246.6
QURSEC_clean,6.73488,4.98598,6.69979,1.11309,1471.92,1322.37,0.0,0.0,0.585,0.525564,0.0,"Zn,Pd",Yes,Pd,clean,Y,Y,Y,,N,,,,,,,,,,,,,,,,,,,,,,QURSEC_clean,1236.2
QUSBIP_clean,10.66909,7.4091,8.27581,0.565023,2406.95,4259.92,0.0,0.0,0.764,1.35216,0.0,Zn,Yes,Zn,clean,Y,Y,Y,,N,,,,,,,,,,,,,,,,,,,,,,QUSBIP_clean,288.5
QUSCAJ_clean,5.41421,3.75067,5.4093,1.171,1325.63,1132.04,0.0,0.0,0.5476,0.467633,0.0,"Cd,Li",Yes,Li,clean,N,Y,Y,,N,,,,,,,,,,,,,,,,,,,,,,QUSCAJ_clean,384.7
QUSCEN_clean,5.44405,4.31312,5.4378,1.17461,1160.52,988.008,0.0,0.0,0.5346,0.455132,0.0,"Cd,Li",No, ,clean,Y,Y,Y,,N,,,,,,,,,,,,,,,,,,,,,,QUSCEN_clean,2006.0
QUSHUJ_clean,7.15336,4.82289,7.11748,0.903996,1600.62,1770.61,0.0,0.0,0.599,0.662614,0.0,"Cu,Mn",Yes,Cu,clean,Y,Y,Y,,N,,,,,,,,,,,,,,,,,,,,,,QUSHUJ_clean,891.3
QUSQIG_clean,4.53831,3.95004,4.53831,1.42878,1037.77,726.335,0.0,0.0,0.4826,0.337771,0.0,"Zn,Ir",No, ,clean,Y,Y,Y,,N,,,,,,,,,,,,,,,,,,,,,,QUSQIG_clean,788.9
QUSRIH_clean,4.38791,3.69157,4.27847,1.86379,1077.12,577.916,0.0,0.0,0.549,0.294561,0.0,U,Yes,U,clean,Y,Y,Y,,N,,,,,,,,,,,,,,,,,,,,,,QUSRIH_clean,484.3
QUSRUT_clean,5.91349,3.768,5.90805,2.1648,1012.46,467.691,0.0,0.0,0.5258,0.242886,0.0,U,Yes,U,clean,Y,Y,Y,,N,,,,,,,,,,,,,,,,,,,,,,QUSRUT_clean,192.2
QUSSII_clean,5.07067,4.28847,5.07067,1.30387,1013.74,777.485,0.0,0.0,0.5214,0.399886,0.0,Zn,Yes,Zn,clean,Y,Y,Y,,N,,,,,,,,,,,,,,,,,,,,,,QUSSII_clean,637.4
QUTTII01_clean,5.86223,4.35313,5.84737,1.55825,1478.82,949.028,0.0,0.0,0.4966,0.31869,0.0,Co,Yes,Co,clean,Y,Y,Y,,N,,,,,,,,,,,,,,,,,,,,,,QUTTII01_clean,274.8
QUTTII_clean,5.89004,4.39215,5.87319,1.54457,1464.98,948.466,0.0,0.0,0.5138,0.332648,0.0,Co,Yes,Co,clean,Y,Y,Y,,N,,,,,,,,,,,,,,,,,,,,,,QUTTII_clean,295.2
QUWYEO_clean,4.99055,3.64708,4.98531,1.56862,445.43,283.963,0.0,0.0,0.3404,0.217006,0.0,Ca,No, ,clean,Y,Y,Y,,N,,,,,,,,,,,,,,,,,,,,,,QUWYEO_clean,1269.0
QUXQUX_clean,5.17149,3.8322,5.17149,1.55185,476.457,307.026,0.0,0.0,0.3482,0.224378,0.0,Ca,No, ,clean,Y,Y,Y,,N,,,,,,,,,,,,,,,,,,,,,,QUXQUX_clean,1304.7
QUXRAE_clean,5.03286,3.68439,5.03149,1.56261,456.108,291.888,0.0,0.0,0.3404,0.21784,0.0,Ca,No, ,clean,Y,Y,Y,,N,,,,,,,,,,,,,,,,,,,,,,QUXRAE_clean,1305.7
QUXREI_clean,5.01673,3.67388,5.01071,1.5629,457.79,292.911,0.0,0.0,0.336,0.214985,0.0,Ca,No, ,clean,Y,Y,Y,,N,,,,,,,,,,,,,,,,,,,,,,QUXREI_clean,1269.1
QUXRIM_clean,4.75182,4.31251,4.74788,1.55891,477.005,305.985,0.0,0.0,0.3332,0.213739,0.0,Ca,No, ,clean,Y,Y,Y,,N,,,,,,,,,,,,,,,,,,,,,,QUXRIM_clean,1319.4
QUXROS_clean,5.0019,3.66108,4.98081,1.56447,446.305,285.275,0.0,0.0,0.341,0.217965,0.0,Ca,No, ,clean,Y,Y,Y,,N,,,,,,,,,,,,,,,,,,,,,,QUXROS_clean,1307.9
QUXRUY_clean,4.90652,3.5734,4.90652,1.57471,420.432,266.99,0.0,0.0,0.3326,0.211213,0.0,Ca,No, ,clean,Y,Y,Y,,N,,,,,,,,,,,,,,,,,,,,,,QUXRUY_clean,1252.5
QUZVEO_clean,9.48553,8.8403,9.48103,1.4036,1600.03,1139.94,0.0,0.0,0.619,0.441008,0.0,Dy,Yes,Dy,clean,Y,Y,Y,,N,,,,,,,,,,,,,,,,,,,,,,QUZVEO_clean,153.9
QUZZES_clean,5.06119,3.42679,5.05316,1.0324,1234.19,1195.46,0.0,0.0,0.5416,0.524604,0.0,Mg,No, ,clean,Y,Y,Y,,N,,,,,,,,,,,,,,,,,,,,,,QUZZES_clean,748.3
RABHAZ_clean,6.83344,4.71663,6.83296,1.06807,1813.41,1697.83,0.0,0.0,0.6246,0.584793,0.0,"Cd,Ni",Yes,Ni,clean,Y,Y,Y,,N,,,,,,,,,,,,,,,,,,,,,,RABHAZ_clean,352.4
RABHIH_clean,6.97329,4.88825,6.97329,0.93136,2191.25,2352.75,0.0,0.0,0.6512,0.699193,0.0,"Cd,Ni",Yes,Ni,clean,Y,Y,Y,,N,,,,,,,,,,,,,,,,,,,,,,RABHIH_clean,466.1
RACHUA_clean,10.9643,9.26908,10.9643,0.761133,2031.27,2668.75,0.0,0.0,0.7024,0.922834,0.0,Zn,Yes,Zn,clean,Y,Y,Y,,N,,,,,,,,,,,,,,,,,,,,,,RACHUA_clean,2642.8
RACZEC_clean,5.79552,5.04854,5.77825,1.51587,900.967,594.354,0.0,0.0,0.4678,0.308601,0.0,Co,No, ,clean,Y,Y,Y,,N,,,,,,,,,,,,,,,,,,,,,,RACZEC_clean,626.3
RAFNIV_clean,5.08011,4.95466,5.07716,1.28742,668.968,519.62,0.0,0.0,0.4346,0.337575,0.0,Ag,No, ,clean,Y,Y,Y,,N,,,,,,,,,,,,,,,,,,,,,,RAFNIV_clean,607.2
RAFNUH01_clean,5.42763,5.00502,5.42763,1.15566,1031.44,892.51,0.0,0.0,0.5104,0.441654,0.0,Ag,No, ,clean,Y,Y,Y,,N,,,,,,,,,,,,,,,,,,,,,,RAFNUH01_clean,580.7
RAFNUH_clean,4.89776,4.80325,4.89776,1.32249,640.157,484.055,0.0,0.0,0.4324,0.326959,0.0,Ag,No, ,clean,Y,Y,Y,,N,,,,,,,,,,,,,,,,,,,,,,RAFNUH_clean,208.9
RAGMOE_clean,5.90739,4.56726,5.89705,1.28251,410.79,320.302,304.548,237.463,0.4784,0.373019,0.0,La,No, ,clean,Y,Y,Y,,N,,,,,,,,,,,,,,,,,,,,,,RAGMOE_clean,522.9
RAHBUZ_clean,6.80616,5.48586,6.79539,1.14478,1985.3,1734.22,0.0,0.0,0.6386,0.557835,0.0,Zn,Yes,Zn,clean,N,Y,Y,,N,,,,,,,,,,,,,,,,,,,,,,RAHBUZ_clean,453.8
RAHMAP_clean,5.60258,3.44233,5.60258,1.27525,1106.44,867.624,0.0,0.0,0.5354,0.419839,0.0,Cu,Yes,Cu,clean,Y,Y,Y,,N,,,,,,,,,,,,,,,,,,,,,,RAHMAP_clean,284.8
RAHNOF_clean,19.03849,6.57368,19.03849,0.594852,2177.49,3660.55,0.0,0.0,0.7766,1.30553,0.0,Cu,Yes,Cu,clean,Y,Y,Y,,N,,,,,,,,,,,,,,,,,,,,,,RAHNOF_clean,651.0
RAJFAM_clean,5.76966,4.83521,5.76966,1.51984,1227.59,807.709,0.0,0.0,0.4906,0.322798,0.0,Co,Yes,Co,clean,Y,Y,Y,,N,,,,,,,,,,,,,,,,,,,,,,RAJFAM_clean,600.5
RAJFEQ_clean,6.16839,5.15091,6.14553,1.469,1288.74,877.291,0.0,0.0,0.5068,0.344997,0.0,Co,Yes,Co,clean,Y,Y,Y,,N,,,,,,,,,,,,,,,,,,,,,,RAJFEQ_clean,598.4
RAKCUC_clean,8.57661,7.89234,8.55843,1.19439,2063.73,1727.86,0.0,0.0,0.673,0.563469,0.0,Zn,No, ,clean,Y,Y,Y,,N,,,,,,,,,,,,,,,,,,,,,,RAKCUC_clean,405.7
RAKDAJ_clean,8.45824,7.8928,8.45069,1.20511,2057.23,1707.09,0.0,0.0,0.6724,0.557956,0.0,Zn,Yes,Zn,clean,Y,Y,Y,,N,,,,,,,,,,,,,,,,,,,,,,RAKDAJ_clean,1322.0
RAKDEN_clean,8.39033,7.40998,8.36675,1.20923,2036.82,1684.4,0.0,0.0,0.668,0.55242,0.0,Zn,No, ,clean,Y,Y,Y,,N,,,,,,,,,,,,,,,,,,,,,,RAKDEN_clean,401.5
RAKMOF_clean,6.63021,4.74893,6.28969,1.14411,2264.35,1979.14,0.0,0.0,0.7132,0.623366,0.0,Cd,Yes,Cd,clean,Y,Y,Y,,N,,,,,,,,,,,,,,,,,,,,,,RAKMOF_clean,125.6
RANNOM_clean,5.69914,3.57907,5.69914,1.37889,1612.66,1169.53,0.0,0.0,0.555,0.402497,0.0,Eu,Yes,Eu,clean,Y,Y,Y,,N,,,,,,,,,,,,,,,,,,,,,,RANNOM_clean,390.3
RANNUS_clean,5.60983,3.56003,5.60983,1.35998,1546.68,1137.28,0.0,0.0,0.565,0.415449,0.0,Nd,Yes,Nd,clean,Y,Y,Y,,N,,,,,,,,,,,,,,,,,,,,,,RANNUS_clean,372.8
RANPAA_clean,6.05316,4.94809,6.0477,1.2743,1610.55,1263.87,0.0,0.0,0.5832,0.457663,0.0,La,Yes,La,clean,Y,Y,Y,,N,,,,,,,,,,,,,,,,,,,,,,RANPAA_clean,513.6
RANWAH_clean,16.74527,9.32901,16.72649,0.807635,1226.12,1518.16,378.27,468.367,0.6974,0.863509,0.0,Mn,Yes,Mn,clean,Y,Y,Y,,N,,,,,,,,,,,,,,,,,,,,,,RANWAH_clean,1799.4
RAPBOZ_clean,6.26431,4.41375,6.26263,1.54927,1120.19,723.042,0.0,0.0,0.4916,0.31731,0.0,Al,Yes,Al,clean,Y,Y,Y,,N,,,,,,,,,,,,,,,,,,,,,,RAPBOZ_clean,509.3
RAPYUE_clean,8.10283,5.74584,7.78942,0.857006,2630.83,3069.79,0.0,0.0,0.7212,0.841534,0.0,Zn,Yes,Zn,clean,Y,Y,Y,,N,,,,,,,,,,,,,,,,,,,,,,RAPYUE_clean,170.3
RASGAT_clean,7.32111,5.46808,7.222,1.5718,2726.03,1734.34,0.0,0.0,0.7354,0.467871,0.0,Cu,Yes,Cu,clean,Y,Y,Y,,N,,,,,,,,,,,,,,,,,,,,,,RASGAT_clean,151.2
RASKIH_clean,5.34593,4.56791,5.34593,1.18507,1106.86,934.001,0.0,0.0,0.485,0.409257,0.0,Mg,Yes,Mg,clean,N,Y,Y,,N,,,,,,,,,,,,,,,,,,,,,,RASKIH_clean,1218.0
RASKON_clean,4.83097,3.827,4.78914,1.13652,871.617,766.914,0.0,0.0,0.4996,0.439586,0.0,Mg,Yes,Mg,clean,N,Y,Y,,N,,,,,,,,,,,,,,,,,,,,,,RASKON_clean,470.2
RASXEP01_clean,5.09989,3.45083,5.0749,2.38949,628.019,262.825,0.0,0.0,0.4048,0.169408,0.0,Sm,Yes,Sm,clean,N,Y,Y,,N,,,,,,,,,,,,,,,,,,,,,,RASXEP01_clean,218.7
RASXIT_clean,5.08501,3.51139,5.08501,2.43093,644.893,265.287,0.0,0.0,0.4018,0.165287,0.0,Eu,Yes,Eu,clean,N,Y,Y,,N,,,,,,,,,,,,,,,,,,,,,,RASXIT_clean,227.6
RATRUB_clean,5.58846,4.62948,5.58392,1.75407,1139.55,649.659,0.0,0.0,0.5118,0.291778,0.0,Tb,Yes,Tb,clean,N,Y,Y,,N,,,,,,,,,,,,,,,,,,,,,,RATRUB_clean,463.5
RATSAI_clean,5.60614,4.62847,5.47098,1.77494,1148.07,646.824,0.0,0.0,0.5046,0.284292,0.0,Dy,Yes,Dy,clean,N,Y,Y,,N,,,,,,,,,,,,,,,,,,,,,,RATSAI_clean,498.3
RAVJOP_clean,6.06205,4.36461,6.04226,1.22934,1821.97,1482.08,0.0,0.0,0.617,0.501897,0.0,Cd,Yes,Cd,clean,N,Y,Y,,N,,,,,,,,,,,,,,,,,,,,,,RAVJOP_clean,1968.6
RAVVIU01_clean,4.59869,3.5679,4.59657,1.86048,691.944,371.917,0.0,0.0,0.4344,0.233488,0.0,Co,No, ,clean,Y,Y,Y,,N,,,,,,,,,,,,,,,,,,,,,,RAVVIU01_clean,256.6
RAVVIU_clean,4.57827,3.5768,4.571,1.86654,688.219,368.714,0.0,0.0,0.4312,0.231016,0.0,Co,No, ,clean,Y,Y,Y,,N,,,,,,,,,,,,,,,,,,,,,,RAVVIU_clean,253.3
RAVVUH_clean,17.18258,16.37707,17.18252,0.61117,1430.17,2340.05,0.0,0.0,0.7478,1.22355,0.0,Mg,Yes,Mg,clean,Y,Y,Y,,N,,,,,,,,,,,,,,,,,,,,,,RAVVUH_clean,263.1
RAVWAO_clean,17.92516,17.51395,17.92516,0.536552,1469.43,2738.65,0.0,0.0,0.7562,1.40937,0.0,Mg,Yes,Mg,clean,Y,Y,Y,,N,,,,,,,,,,,,,,,,,,,,,,RAVWAO_clean,493.5
RAVWES_clean,24.44059,23.62721,24.44059,0.439059,1246.56,2839.17,0.0,0.0,0.7912,1.80203,0.0,Mg,Yes,Mg,clean,Y,Y,Y,,N,,,,,,,,,,,,,,,,,,,,,,RAVWES_clean,274.4
RAVWIW_clean,30.70055,30.14408,30.70055,0.362219,1156.23,3192.07,0.0,0.0,0.82,2.26383,0.0,Mg,Yes,Mg,clean,Y,Y,Y,,N,,,,,,,,,,,,,,,,,,,,,,RAVWIW_clean,159.3
RAVWOC_clean,28.21772,27.5597,28.21772,0.383766,1182.94,3082.47,0.0,0.0,0.7968,2.07627,0.0,Mg,Yes,Mg,clean,Y,Y,Y,,N,,,,,,,,,,,,,,,,,,,,,,RAVWOC_clean,165.9
RAVWUI_clean,36.78756,36.43313,36.78756,0.334728,1010.86,3019.95,0.0,0.0,0.8506,2.54117,0.0,Zn,Yes,Zn,clean,Y,Y,Y,,N,,,,,,,,,,,,,,,,,,,,,,RAVWUI_clean,191.9
RAVXAP_clean,34.85961,34.35542,34.85961,0.286106,1008.2,3523.86,0.0,0.0,0.8406,2.93808,0.0,Mg,Yes,Mg,clean,Y,Y,Y,,N,,,,,,,,,,,,,,,,,,,,,,RAVXAP_clean,311.0
RAVXET_clean,38.22812,38.06649,38.22812,0.326773,945.437,2893.25,0.0,0.0,0.8304,2.54121,0.0,Mg,Yes,Mg,clean,Y,Y,Y,,N,,,,,,,,,,,,,,,,,,,,,,RAVXET_clean,307.0
RAVXIX_clean,53.57674,53.26429,53.57674,0.23463,734.576,3130.78,0.0,0.0,0.8668,3.69432,0.0,Mg,No, ,clean,Y,Y,Y,,N,,,,,,,,,,,,,,,,,,,,,,RAVXIX_clean,475.9
RAVXOD_clean,71.64119,71.50197,71.64119,0.179103,619.991,3461.66,0.0,0.0,0.8986,5.01724,0.0,Mg,Yes,Mg,clean,Y,Y,Y,,N,,,,,,,,,,,,,,,,,,,,,,RAVXOD_clean,644.0
RAWZIA_clean,5.39589,4.8012,5.39589,1.33412,1219.23,913.881,0.0,0.0,0.473,0.35454,0.0,Al,No, ,clean,Y,Y,Y,,N,,,,,,,,,,,,,,,,,,,,,,RAWZIA_clean,1074.5
RAXQEO_clean,8.85312,4.24768,8.85312,0.848051,1428.37,1684.3,0.0,0.0,0.631,0.744059,0.0,Cu,Yes,Cu,clean,Y,Y,Y,,N,,,,,,,,,,,,,,,,,,,,,,RAXQEO_clean,361.1
RAYFAA_clean,15.81778,9.45289,13.62877,0.959285,1554.88,1620.88,0.0,0.0,0.6988,0.728459,0.0,Cu,Yes,Cu,clean,Y,Y,Y,,N,,,,,,,,,,,,,,,,,,,,,,RAYFAA_clean,480.1
RAYFEE_clean,13.87561,10.03609,13.87561,0.965847,1665.9,1724.8,0.0,0.0,0.7062,0.731172,0.0,Cu,Yes,Cu,clean,Y,Y,Y,,N,,,,,,,,,,,,,,,,,,,,,,RAYFEE_clean,321.3
RAYKIN_clean,9.49471,7.12348,9.49471,1.03474,1089.85,1053.26,0.0,0.0,0.5584,0.539655,0.0,Zn,Yes,Zn,clean,Y,Y,Y,,N,,,,,,,,,,,,,,,,,,,,,,RAYKIN_clean,551.1
RAYLAG_clean,8.06325,5.70271,8.06325,1.05948,1118.14,1055.37,0.0,0.0,0.5424,0.511951,0.0,Zn,Yes,Zn,clean,Y,Y,Y,,N,,,,,,,,,,,,,,,,,,,,,,RAYLAG_clean,583.7
RAYLOU_clean,6.83933,5.19617,6.83933,1.09861,1246.82,1134.91,0.0,0.0,0.5274,0.480063,0.0,Zn,Yes,Zn,clean,Y,Y,Y,,N,,,,,,,,,,,,,,,,,,,,,,RAYLOU_clean,630.8
RAYMAG_clean,6.11234,4.00379,6.11037,0.853384,2274.69,2665.5,0.0,0.0,0.6316,0.740112,0.0,Co,Yes,Co,clean,Y,Y,Y,,N,,,,,,,,,,,,,,,,,,,,,,RAYMAG_clean,453.1
RAYMIP_clean,13.47425,9.8037,13.46784,0.502799,2109.81,4196.14,0.0,0.0,0.8088,1.6086,0.0,In,Yes,In,clean,Y,Y,Y,,N,,,,,,,,,,,,,,,,,,,,,,RAYMIP_clean,385.5
RAYMOV_clean,13.90455,9.65699,13.67506,0.424006,2112.55,4982.37,0.0,0.0,0.8122,1.91554,0.0,Mn,Yes,Mn,clean,Y,Y,Y,,N,,,,,,,,,,,,,,,,,,,,,,RAYMOV_clean,314.8
RAZGOQ_clean,5.22922,5.1443,5.20974,1.6171,770.443,476.435,163.357,101.019,0.5102,0.315503,0.0,Cu,Yes,Cu,clean,Y,Y,Y,,N,,,,,,,,,,,,,,,,,,,,,,RAZGOQ_clean,274.9
RAZXIA02_clean,7.82014,4.3293,7.82014,1.54095,1272.68,825.908,0.0,0.0,0.459,0.297868,0.0,"K,Co",Yes,K,clean,Y,Y,Y,,N,,,,,,,,,,,,,,,,,,,,,,RAZXIA02_clean,276.9
RAZXIA_clean,7.67887,4.23308,7.64737,1.56136,1212.02,776.259,0.0,0.0,0.456,0.292053,0.0,"K,Co",Yes,K,clean,Y,Y,Y,,N,,,,,,,,,,,,,,,,,,,,,,RAZXIA_clean,345.9
RAZYIC_clean,7.88308,6.20532,7.88308,1.40501,1615.19,1149.59,0.0,0.0,0.5966,0.424622,0.0,Cu,No, ,clean,Y,Y,Y,,N,,,,,,,,,,,,,,,,,,,,,,RAZYIC_clean,483.1
RAZYOI_clean,7.72531,5.99694,7.71841,1.07668,1740.27,1616.34,0.0,0.0,0.608,0.564701,0.0,Cu,No, ,clean,Y,Y,Y,,N,,,,,,,,,,,,,,,,,,,,,,RAZYOI_clean,378.5
REDROI_clean,5.11492,3.52421,4.97096,1.62315,751.494,462.985,0.0,0.0,0.4856,0.299172,0.0,Zn,No, ,clean,Y,Y,Y,,N,,,,,,,,,,,,,,,,,,,,,,REDROI_clean,682.6
REDYEG_clean,6.00247,5.30071,6.00247,1.71779,1047.72,609.926,0.0,0.0,0.4804,0.279662,0.0,Zn,No, ,clean,Y,Y,Y,,N,,,,,,,,,,,,,,,,,,,,,,REDYEG_clean,374.1
REFJET_clean,6.27741,5.87074,6.27741,1.48318,1233.99,831.987,0.0,0.0,0.4452,0.300165,0.000134845,"In,K",Yes,"In,K",clean,Y,Y,Y,,N,,,,,,,,,,,,,,,,,,,,,,REFJET_clean,448.2
REFTON_SL,6.52014,5.78584,6.51985,1.60919,731.041,454.292,0.0,0.0,0.4398,0.273306,0.0,"Cd,Zn",Yes,Zn,SL,Y,Y,Y,,N,,,,,,,,,,,,,,,,,,,,,,REFTON_SL,372.9
REFTUT_clean,6.62287,5.81813,6.60232,1.44048,711.488,493.924,0.0,0.0,0.4434,0.307814,0.0,"Ca,Zn",Yes,Zn,clean,Y,Y,Y,,N,,,,,,,,,,,,,,,,,,,,,,REFTUT_clean,369.3
REGJIW01_clean,4.19061,3.96956,4.19061,2.19605,565.019,257.289,0.0,0.0,0.3638,0.165661,0.0,Co,No, ,clean,Y,Y,Y,,N,,,,,,,,,,,,,,,,,,,,,,REGJIW01_clean,634.3
REGJIW02_clean,4.15601,3.75321,4.15601,2.20306,528.853,240.053,0.0,0.0,0.3622,0.164407,0.0,Co,No, ,clean,Y,Y,Y,,N,,,,,,,,,,,,,,,,,,,,,,REGJIW02_clean,576.7
REGJIW_clean,4.22072,4.03217,4.22072,2.18549,633.476,289.856,0.0,0.0,0.367,0.167926,0.0,Co,No, ,clean,Y,Y,Y,,N,,,,,,,,,,,,,,,,,,,,,,REGJIW_clean,658.8
REGMOH_clean,5.75637,3.63199,5.752,1.21306,695.864,573.642,0.0,0.0,0.461,0.380029,0.0,Ni,No, ,clean,Y,Y,Y,,N,,,,,,,,,,,,,,,,,,,,,,REGMOH_clean,850.1
REGMUN_clean,5.53731,3.62481,5.51122,1.21407,657.252,541.362,0.0,0.0,0.452,0.372301,0.0,Co,No, ,clean,Y,Y,Y,,N,,,,,,,,,,,,,,,,,,,,,,REGMUN_clean,824.0
REGQUR_clean,6.37556,5.47534,6.06532,1.03259,2464.11,2386.34,0.0,0.0,0.6836,0.662025,0.0,Zn,Yes,Zn,clean,Y,Y,Y,,N,,,,,,,,,,,,,,,,,,,,,,REGQUR_clean,422.5
REGRAY_clean,9.45537,5.54963,9.26082,0.925798,2318.33,2504.14,0.0,0.0,0.7126,0.769715,0.0,Zn,Yes,Zn,clean,Y,Y,Y,,N,,,,,,,,,,,,,,,,,,,,,,REGRAY_clean,287.4
REGREC_clean,7.78665,6.48187,7.78665,0.899667,2411.03,2679.92,0.0,0.0,0.7204,0.800741,0.0,Zn,Yes,Zn,clean,Y,Y,Y,,N,,,,,,,,,,,,,,,,,,,,,,REGREC_clean,947.1
REGRIG_clean,9.2158,6.6287,9.19553,0.813635,2298.6,2825.1,0.0,0.0,0.7402,0.909744,0.0,Zn,Yes,Zn,clean,Y,Y,Y,,N,,,,,,,,,,,,,,,,,,,,,,REGRIG_clean,401.1
REHHOD_clean,9.5023,7.30426,9.5023,0.978772,2065.68,2110.48,0.0,0.0,0.6764,0.69107,0.0,Cd,Yes,Cd,clean,Y,Y,Y,,N,,,,,,,,,,,,,,,,,,,,,,REHHOD_clean,443.0
REHVAD_clean,5.39014,4.09776,5.39014,1.21945,848.775,696.033,0.0,0.0,0.4626,0.379352,0.0,Co,No, ,clean,Y,Y,Y,,N,,,,,,,,,,,,,,,,,,,,,,REHVAD_clean,1620.4
REHVEH_clean,5.09966,4.72276,5.09966,1.21463,819.918,675.033,0.0,0.0,0.4664,0.383984,0.0,Co,No, ,clean,Y,Y,Y,,N,,,,,,,,,,,,,,,,,,,,,,REHVEH_clean,1575.4
REJLAU_clean,4.47497,3.84758,4.42236,1.74913,1220.58,697.821,0.0,0.0,0.5078,0.290316,0.0,Cu,Yes,Cu,clean,Y,Y,Y,,N,,,,,,,,,,,,,,,,,,,,,,REJLAU_clean,386.4
REJLEY_clean,5.1864,4.84916,5.1864,1.17199,1483.96,1266.19,0.0,0.0,0.5272,0.449833,0.0,Co,No, ,clean,Y,Y,Y,,N,,,,,,,,,,,,,,,,,,,,,,REJLEY_clean,559.7
REJLIC_clean,7.01256,4.27999,7.01256,1.09096,1719.24,1575.89,0.0,0.0,0.5716,0.523941,0.0,Co,No, ,clean,Y,Y,Y,,N,,,,,,,,,,,,,,,,,,,,,,REJLIC_clean,727.2
REJVOS_clean,4.89378,3.67275,4.89056,1.38833,813.018,585.609,0.0,0.0,0.4646,0.334647,0.0,Mg,No, ,clean,Y,Y,Y,,N,,,,,,,,,,,,,,,,,,,,,,REJVOS_clean,267.7
RESQAJ_clean,5.3045,3.72656,5.30006,1.51504,527.124,347.927,0.0,0.0,0.4244,0.280124,0.0,Cd,Yes,Cd,clean,Y,Y,Y,,N,,,,,,,,,,,,,,,,,,,,,,RESQAJ_clean,470.3
RESSAK_clean,5.33635,3.74229,5.33635,1.17983,1069.98,906.899,0.0,0.0,0.5116,0.433623,0.0,Ni,Yes,Ni,clean,Y,Y,Y,,N,,,,,,,,,,,,,,,,,,,,,,RESSAK_clean,381.0
RETBEZ_clean,5.70035,3.74465,5.68395,1.36188,872.92,640.965,0.0,0.0,0.4694,0.344669,0.0,Zn,Yes,Zn,clean,Y,Y,Y,,N,,,,,,,,,,,,,,,,,,,,,,RETBEZ_clean,1113.2
REVYUO_clean,4.59119,3.58129,4.35696,1.13884,1005.06,882.529,15.2393,13.3814,0.5666,0.497524,0.0,Cd,No, ,clean,Y,Y,Y,,N,,,,,,,,,,,,,,,,,,,,,,REVYUO_clean,947.5
REWLEM_clean_h,12.46985,5.92009,12.2403,0.703058,2170.85,3087.73,0.0,0.0,0.7184,1.02182,0.0,"Cu,Zn",Yes,"Cu,Zn",clean_h,N,Y,Y,,N,,,,,,,,,,,,,,,,,,,,,,REWLEM_clean_h,788.2
REWNEO01_clean,18.51106,6.94262,11.7916,0.597667,2260.57,3782.32,0.0,0.0,0.7806,1.30608,0.0,Cu,Yes,Cu,clean,Y,Y,Y,,N,,,,,,,,,,,,,,,,,,,,,,REWNEO01_clean,265.8
REWNEO_clean,19.37323,6.76945,10.17378,0.57834,2196.18,3797.39,0.0,0.0,0.79,1.36598,0.0,Cu,Yes,Cu,clean,Y,Y,Y,,N,,,,,,,,,,,,,,,,,,,,,,REWNEO_clean,259.6
REWSUJ_clean,7.20015,5.05884,7.19749,1.17107,1370.13,1169.98,0.0,0.0,0.5526,0.471877,0.0,Dy,Yes,Dy,clean,Y,Y,Y,,N,,,,,,,,,,,,,,,,,,,,,,REWSUJ_clean,445.7
REXCII_clean,8.08493,5.70512,8.08493,1.37969,1708.34,1238.2,0.0,0.0,0.6152,0.445897,0.0,Zn,No, ,clean,Y,Y,Y,,N,,,,,,,,,,,,,,,,,,,,,,REXCII_clean,192.5
REXCOO_clean,8.77219,5.8473,8.77219,1.32352,1734.33,1310.39,0.0,0.0,0.6516,0.492323,0.0,Zn,No, ,clean,Y,Y,Y,,N,,,,,,,,,,,,,,,,,,,,,,REXCOO_clean,191.6
REXCUU_clean,8.63785,5.56771,8.63785,1.36162,1719.14,1262.57,0.0,0.0,0.6254,0.459305,0.0,Zn,No, ,clean,Y,Y,Y,,N,,,,,,,,,,,,,,,,,,,,,,REXCUU_clean,190.1
REXDEF_clean,8.48446,5.31586,8.48446,1.36884,1680.23,1227.48,0.0,0.0,0.6354,0.464188,0.0,Zn,No, ,clean,Y,Y,Y,,N,,,,,,,,,,,,,,,,,,,,,,REXDEF_clean,191.1
REXDIJ_clean,8.90631,7.09895,8.90631,1.2857,1723.1,1340.2,0.0,0.0,0.6524,0.507429,0.0,Zn,No, ,clean,Y,Y,Y,,N,,,,,,,,,,,,,,,,,,,,,,REXDIJ_clean,195.5
REXDOP_clean,10.39698,6.23971,7.4603,1.26275,1736.17,1374.91,0.0,0.0,0.6598,0.522512,0.0,Zn,No, ,clean,Y,Y,Y,,N,,,,,,,,,,,,,,,,,,,,,,REXDOP_clean,191.2
REXDUV_clean,8.6384,5.67843,8.6331,1.35953,1719.61,1264.86,0.0,0.0,0.6318,0.464721,0.0,Zn,No, ,clean,Y,Y,Y,,N,,,,,,,,,,,,,,,,,,,,,,REXDUV_clean,198.3
REXFAD_clean,8.37909,6.69323,8.37909,1.32806,1739.82,1310.04,0.0,0.0,0.6402,0.482057,0.0,Zn,Yes,Zn,clean,Y,Y,Y,,N,,,,,,,,,,,,,,,,,,,,,,REXFAD_clean,188.0
REXFEH_clean,9.20954,5.96123,9.20203,1.33437,1715.88,1285.91,0.0,0.0,0.627,0.469885,0.0,Zn,No, ,clean,Y,Y,Y,,N,,,,,,,,,,,,,,,,,,,,,,REXFEH_clean,191.4
REXFIL_clean,8.77344,5.77864,8.77344,1.35848,1719.23,1265.56,0.0,0.0,0.6372,0.469054,0.0,Zn,Yes,Zn,clean,Y,Y,Y,,N,,,,,,,,,,,,,,,,,,,,,,REXFIL_clean,195.0
REXFOR_clean,8.55578,6.22037,8.55578,1.35087,1711.36,1266.85,0.0,0.0,0.6414,0.474804,0.0,Zn,No, ,clean,Y,Y,Y,,N,,,,,,,,,,,,,,,,,,,,,,REXFOR_clean,193.0
REYBAA_clean,4.19945,3.50951,4.19839,1.29344,533.841,412.731,0.0,0.0,0.4586,0.35456,0.0,Zn,No, ,clean,Y,Y,Y,,N,,,,,,,,,,,,,,,,,,,,,,REYBAA_clean,352.3
REYJEM_clean,10.02209,6.26863,9.82831,0.811705,2149.78,2648.47,0.0,0.0,0.7198,0.886775,0.0,In,No, ,clean,Y,Y,Y,,N,,,,,,,,,,,,,,,,,,,,,,REYJEM_clean,915.4
REYMOZ_clean,13.17296,6.59717,13.17189,0.883255,2124.84,2405.69,0.0,0.0,0.7188,0.813808,0.0,Cu,Yes,Cu,clean,Y,Y,Y,,N,,,,,,,,,,,,,,,,,,,,,,REYMOZ_clean,3297.5
REYPES_clean,6.75417,5.73604,6.69554,1.53002,424.431,277.402,27.8439,18.1983,0.422,0.275813,0.0,Zn,Yes,Zn,clean,Y,Y,Y,,N,,,,,,,,,,,,,,,,,,,,,,REYPES_clean,629.9
REYPIW_clean,5.40721,5.27542,5.40721,1.18423,1439.71,1215.73,0.0,0.0,0.5374,0.453797,0.0,Zn,No, ,clean,Y,Y,Y,,N,,,,,,,,,,,,,,,,,,,,,,REYPIW_clean,629.5
REZVAU_clean,5.17319,4.55903,5.17319,1.10092,1367.69,1242.32,0.0,0.0,0.552,0.5014,0.0,Co,Yes,Co,clean,Y,Y,Y,,N,,,,,,,,,,,,,,,,,,,,,,REZVAU_clean,495.3
REZXEA_clean,10.58306,9.90235,10.58306,0.641816,2266.19,3530.9,0.0,0.0,0.7602,1.18445,0.0,Cr,Yes,Cr,clean,Y,Y,Y,,N,,,,,,,,,,,,,,,,,,,,,,REZXEA_clean,134.1
REZXIE01_clean,8.61957,8.10066,8.61957,0.817919,2366.84,2893.73,0.0,0.0,0.7116,0.870012,0.0,Fe,Yes,Fe,clean,Y,Y,Y,,N,,,,,,,,,,,,,,,,,,,,,,REZXIE01_clean,190.0
REZXIE_clean,8.61965,8.10074,8.61965,0.817908,2366.92,2893.87,0.0,0.0,0.7116,0.870025,0.0,Fe,Yes,Fe,clean,Y,Y,Y,,N,,,,,,,,,,,,,,,,,,,,,,REZXIE_clean,192.0
REZXOK_clean,14.21059,13.62195,14.20905,0.470058,1999.64,4254.04,0.0,0.0,0.8176,1.73936,0.0,Fe,Yes,Fe,clean,Y,Y,Y,,N,,,,,,,,,,,,,,,,,,,,,,REZXOK_clean,107.3
REZXUQ_clean,15.26291,13.95995,15.26291,0.361934,1754.08,4846.42,0.0,0.0,0.8582,2.37115,0.0,Cr,Yes,Cr,clean,Y,Y,Y,,N,,,,,,,,,,,,,,,,,,,,,,REZXUQ_clean,127.5
RIBDAJ_clean,5.97505,5.0342,5.95251,0.92739,2392.13,2579.42,0.0,0.0,0.666,0.718144,0.0,Ni,No, ,clean,N,Y,Y,,N,,,,,,,,,,,,,,,,,,,,,,RIBDAJ_clean,242.6
RIBDEN_clean,6.08901,5.09508,6.08573,0.93229,2330.9,2500.19,0.0,0.0,0.6512,0.698495,0.0,Co,No, ,clean,N,Y,Y,,N,,,,,,,,,,,,,,,,,,,,,,RIBDEN_clean,249.4
RIBTAZ_clean,7.94342,5.01622,7.94342,0.877067,2617.13,2983.95,0.0,0.0,0.7178,0.818409,0.0,Cu,Yes,Cu,clean,Y,Y,Y,,N,,,,,,,,,,,,,,,,,,,,,,RIBTAZ_clean,481.2
RICBEM_clean,11.37522,8.59238,11.37522,0.399184,2277.32,5704.93,0.0,0.0,0.821,2.0567,0.0,Cu,Yes,Cu,clean,Y,Y,Y,,N,,,,,,,,,,,,,,,,,,,,,,RICBEM_clean,421.3
RICHIV_clean,4.32733,3.40584,4.32733,1.68108,513.916,305.705,0.0,0.0,0.4398,0.261617,0.0,La,No, ,clean,Y,Y,Y,,N,,,,,,,,,,,,,,,,,,,,,,RICHIV_clean,277.9
RIFDUG01_clean,13.00544,6.82625,13.00544,0.86753,2060.89,2375.58,0.0,0.0,0.7198,0.829712,0.0,Zn,Yes,Zn,clean,Y,Y,Y,,N,,,,,,,,,,,,,,,,,,,,,,RIFDUG01_clean,251.0
RIFGAQ_clean,13.18615,6.52783,13.17424,0.879718,2150.81,2444.89,0.0,0.0,0.7148,0.812533,0.0,Cu,Yes,Cu,clean,Y,Y,Y,,N,,,,,,,,,,,,,,,,,,,,,,RIFGAQ_clean,3437.5
RIFMIE_clean,5.81313,3.54807,5.80072,1.27517,844.386,662.176,100.563,78.8628,0.5018,0.393516,0.0,"La,Ni",Yes,La,clean,Y,Y,Y,,N,,,,,,,,,,,,,,,,,,,,,,RIFMIE_clean,335.2
RIFQUT_clean,5.6172,4.23676,5.6163,1.93171,1255.63,650.01,0.0,0.0,0.475,0.245896,0.0,Co,Yes,Co,clean,Y,Y,Y,,N,,,,,,,,,,,,,,,,,,,,,,RIFQUT_clean,294.9
RIFSOQ_clean,12.93918,4.8446,12.92898,0.716983,1922.33,2681.14,0.0,0.0,0.6812,0.950093,0.0,Co,No, ,clean,Y,Y,Y,,N,,,,,,,,,,,,,,,,,,,,,,RIFSOQ_clean,3529.2
RIGPEE01_clean,4.32886,3.44721,4.31075,1.25081,566.106,452.592,0.0,0.0,0.462,0.369361,0.0,Cu,Yes,Cu,clean,Y,Y,Y,,N,,,,,,,,,,,,,,,,,,,,,,RIGPEE01_clean,435.6
RIGPEE_clean,4.3699,3.50423,4.34774,1.23163,597.681,485.277,0.0,0.0,0.468,0.379984,0.0,Cu,Yes,Cu,clean,Y,Y,Y,,N,,,,,,,,,,,,,,,,,,,,,,RIGPEE_clean,330.3
RIGTIL_clean,6.02864,4.29629,6.02864,1.13222,1723.76,1522.46,0.0,0.0,0.6098,0.538588,0.0,Zn,No, ,clean,Y,Y,Y,,N,,,,,,,,,,,,,,,,,,,,,,RIGTIL_clean,393.6
RIGVOU_clean,4.93156,4.16902,4.92505,2.31703,753.709,325.291,0.0,0.0,0.3776,0.162967,0.0,Eu,No, ,clean,Y,Y,Y,,N,,,,,,,,,,,,,,,,,,,,,,RIGVOU_clean,339.3
RIGWIP_clean,5.39694,5.17369,5.38654,2.25257,825.556,366.496,0.0,0.0,0.3946,0.175178,0.0,Eu,No, ,clean,Y,Y,Y,,N,,,,,,,,,,,,,,,,,,,,,,RIGWIP_clean,298.5
RINSEM_clean,5.77452,4.19628,5.77452,1.18323,2019.49,1706.76,0.0,0.0,0.6626,0.559992,0.0,Zn,No, ,clean,Y,Y,Y,,N,,,,,,,,,,,,,,,,,,,,,,RINSEM_clean,136.5
RIPKIM01_clean,7.23442,6.64943,7.23442,1.25736,958.585,762.382,0.0,0.0,0.4932,0.392252,0.0,Cu,No, ,clean,Y,Y,Y,,N,,,,,,,,,,,,,,,,,,,,,,RIPKIM01_clean,333.5
RIPKIM_clean,7.16555,6.65101,7.16555,1.28891,929.295,720.995,0.0,0.0,0.4824,0.374271,0.0,Cu,No, ,clean,Y,Y,Y,,N,,,,,,,,,,,,,,,,,,,,,,RIPKIM_clean,337.6
RIPNIP_clean,5.40468,4.16071,5.24069,1.54847,1362.91,880.165,0.0,0.0,0.5192,0.335298,0.0,Zn,Yes,Zn,clean,N,Y,Y,,N,,,,,,,,,,,,,,,,,,,,,,RIPNIP_clean,482.2
RIPTEQ_clean,5.96,4.10144,5.96,2.02284,1713.13,846.891,0.0,0.0,0.5442,0.269027,0.0,"Mo,Na,Zn",Yes,"Mo,Na",clean,Y,Y,Y,,N,,,,,,,,,,,,,,,,,,,,,,RIPTEQ_clean,284.0
RIRDED_clean,8.69638,4.93276,7.75095,1.22642,1303.46,1062.82,0.0,0.0,0.5456,0.444872,0.0,Co,Yes,Co,clean,Y,Y,Y,,N,,,,,,,,,,,,,,,,,,,,,,RIRDED_clean,2123.5
RITGIM_clean,5.22026,3.78444,5.12438,2.19337,1554.84,708.882,0.0,0.0,0.5434,0.247747,0.0,Ag,Yes,Ag,clean,N,Y,Y,,N,,,,,,,,,,,,,,,,,,,,,,RITGIM_clean,368.2
RIVDEF_clean,4.74355,4.40879,4.74355,1.30487,1087.67,833.549,0.0,0.0,0.5116,0.392069,0.0,Cd,No, ,clean,Y,Y,Y,,N,,,,,,,,,,,,,,,,,,,,,,RIVDEF_clean,375.2
RIWMUH_clean,10.50032,10.04767,10.50032,0.982459,1440.31,1466.03,0.0,0.0,0.6132,0.624148,0.0,Cu,Yes,Cu,clean,Y,Y,Y,,N,,,,,,,,,,,,,,,,,,,,,,RIWMUH_clean,1538.8
RIWSUM_clean,5.96762,4.61739,5.59799,1.1098,1315.0,1184.9,1.14823,1.03463,0.578,0.520815,0.0,Cd,Yes,Cd,clean,N,Y,Y,,N,,,,,,,,,,,,,,,,,,,,,,RIWSUM_clean,423.1
RIXBEG_clean,6.00946,4.04752,5.99904,1.21211,664.521,548.234,0.0,0.0,0.4704,0.388083,0.0,Mn,Yes,Mn,clean,Y,Y,Y,,N,,,,,,,,,,,,,,,,,,,,,,RIXBEG_clean,1247.8
RIXBIK_clean,6.35159,4.65776,6.34133,1.14836,1013.62,882.673,0.0,0.0,0.5162,0.449512,0.0,Mn,Yes,Mn,clean,Y,Y,Y,,N,,,,,,,,,,,,,,,,,,,,,,RIXBIK_clean,1284.7
RIXPIZ_clean,9.94535,8.42715,9.94535,0.56995,2088.86,3665.0,0.0,0.0,0.7428,1.30327,0.0,Al,No, ,clean,Y,Y,Y,,N,,,,,,,,,,,,,,,,,,,,,,RIXPIZ_clean,316.0
RIYBAE_clean,8.18384,7.49831,8.16337,1.22176,2051.61,1679.23,0.0,0.0,0.667,0.545934,0.0,Zn,No, ,clean,Y,Y,Y,,N,,,,,,,,,,,,,,,,,,,,,,RIYBAE_clean,1302.4
RIYBEI_clean,8.30815,7.80553,8.30815,1.20426,2064.05,1713.96,0.0,0.0,0.6688,0.555362,0.0,Zn,No, ,clean,Y,Y,Y,,N,,,,,,,,,,,,,,,,,,,,,,RIYBEI_clean,1595.6
RIYBIM_clean,8.35741,7.50788,8.28491,1.24126,2090.26,1683.99,0.0,0.0,0.6636,0.534619,0.0,Zn,No, ,clean,Y,Y,Y,,N,,,,,,,,,,,,,,,,,,,,,,RIYBIM_clean,1733.2
RIYBOS_clean,8.27117,7.50835,8.18647,1.23809,2073.81,1675.0,0.0,0.0,0.6628,0.535339,0.0,Zn,Yes,Zn,clean,Y,Y,Y,,N,,,,,,,,,,,,,,,,,,,,,,RIYBOS_clean,1658.0
RIYWED_clean,4.63321,3.54746,4.62492,1.48698,355.273,238.923,0.0,0.0,0.3958,0.266178,0.0,Ca,Yes,Ca,clean,Y,Y,Y,,N,,,,,,,,,,,,,,,,,,,,,,RIYWED_clean,802.1
RIYWIH_clean,4.61736,3.75355,4.61736,1.46943,261.851,178.199,75.8401,51.612,0.4096,0.278748,0.0,Ca,Yes,Ca,clean,Y,Y,Y,,N,,,,,,,,,,,,,,,,,,,,,,RIYWIH_clean,713.9
RIYXIG_clean,5.32542,4.68558,5.29552,1.52248,1574.19,1033.97,0.0,0.0,0.575,0.377674,0.0,Ag,Yes,Ag,clean,Y,Y,Y,,N,,,,,,,,,,,,,,,,,,,,,,RIYXIG_clean,261.9
ROBWAH_clean,5.06604,4.01581,5.06032,1.4577,413.629,283.754,105.001,72.0315,0.443,0.303902,0.0,Ag,Yes,Ag,clean,Y,Y,Y,,N,,,,,,,,,,,,,,,,,,,,,,ROBWAH_clean,460.0
ROCZAM_clean,5.6803,4.28854,5.40999,1.1313,2335.01,2064.0,0.0,0.0,0.6432,0.568548,0.0,Cd,Yes,Cd,clean,Y,Y,Y,,N,,,,,,,,,,,,,,,,,,,,,,ROCZAM_clean,412.4
ROCZEQ_clean,5.8918,4.42295,5.82087,1.11408,2330.31,2091.69,0.0,0.0,0.6462,0.580029,0.0,Cd,Yes,Cd,clean,Y,Y,Y,,N,,,,,,,,,,,,,,,,,,,,,,ROCZEQ_clean,423.0
ROCZIU_clean,6.78863,5.28492,6.57422,1.08447,2132.05,1965.99,0.0,0.0,0.649,0.598451,0.0,Cd,Yes,Cd,clean,Y,Y,Y,,N,,,,,,,,,,,,,,,,,,,,,,ROCZIU_clean,169.7
ROCZOA_clean,6.50104,5.23642,6.50104,0.958325,2491.0,2599.32,0.0,0.0,0.685,0.714789,0.0,Cd,Yes,Cd,clean,Y,Y,Y,,N,,,,,,,,,,,,,,,,,,,,,,ROCZOA_clean,234.6
ROCZUG_clean,6.74711,5.16908,6.7416,0.926118,2487.32,2685.75,0.0,0.0,0.688,0.742886,0.0,Cd,Yes,Cd,clean,Y,Y,Y,,N,,,,,,,,,,,,,,,,,,,,,,ROCZUG_clean,229.9
RODBAP_clean,7.01898,5.1049,7.00748,0.913193,2450.75,2683.71,0.0,0.0,0.7006,0.767198,0.0,Cd,Yes,Cd,clean,Y,Y,Y,,N,,,,,,,,,,,,,,,,,,,,,,RODBAP_clean,223.0
ROGLOP_clean,5.33017,3.84032,5.33017,1.2463,995.82,799.02,0.0,0.0,0.527,0.422851,0.0,Ni,Yes,Ni,clean,Y,Y,Y,,N,,,,,,,,,,,,,,,,,,,,,,ROGLOP_clean,525.5
ROGSAI_clean,7.26111,4.49108,7.2508,1.17019,1831.91,1565.48,0.0,0.0,0.6072,0.51889,0.0,Ni,Yes,Ni,clean,Y,Y,Y,,N,,,,,,,,,,,,,,,,,,,,,,ROGSAI_clean,317.3
ROLZEZ_clean,6.54271,5.20454,6.54271,1.10411,1262.09,1143.08,86.4297,78.2797,0.5632,0.510092,0.0,Eu,No, ,clean,Y,Y,Y,,N,,,,,,,,,,,,,,,,,,,,,,ROLZEZ_clean,453.4
ROMQAN_clean,4.67601,3.58614,4.53668,1.50157,646.168,430.33,0.0,0.0,0.452,0.301019,0.0,Zn,Yes,Zn,clean,Y,Y,Y,,N,,,,,,,,,,,,,,,,,,,,,,ROMQAN_clean,437.0
RONCIG_clean,9.09448,7.62606,9.09448,1.45289,1203.19,828.136,0.0,0.0,0.5812,0.400029,0.0,"Cu,Gd",Yes,Cu,clean,Y,Y,Y,,N,,,,,,,,,,,,,,,,,,,,,,RONCIG_clean,173.1
RONSIY_clean,5.08447,4.36113,5.07274,1.22435,722.372,590.005,0.0,0.0,0.469,0.38306,0.0,Cu,Yes,Cu,clean,Y,Y,Y,,N,,,,,,,,,,,,,,,,,,,,,,RONSIY_clean,989.7
RONSOC_clean,9.61015,5.51941,9.61015,1.44392,1795.25,1243.32,0.0,0.0,0.604,0.418306,0.0,Fe,No, ,clean,Y,Y,Y,,N,,,,,,,,,,,,,,,,,,,,,,RONSOC_clean,137.5
RONWIA_clean,5.83208,4.50922,5.82484,1.11758,1988.36,1779.17,0.0,0.0,0.6574,0.588235,0.0,Cu,Yes,Cu,clean,Y,Y,Y,,N,,,,,,,,,,,,,,,,,,,,,,RONWIA_clean,154.0
RONZID_clean,6.44623,4.93162,6.4436,1.11083,2786.39,2508.38,0.0,0.0,0.7422,0.668147,0.0,Cd,Yes,Cd,clean,Y,Y,Y,,N,,,,,,,,,,,,,,,,,,,,,,RONZID_clean,105.3
ROQVIE_clean,8.20229,7.33404,8.17219,0.896085,1741.45,1943.4,0.0,0.0,0.6732,0.751268,0.0,Zn,No, ,clean,Y,Y,Y,,N,,,,,,,,,,,,,,,,,,,,,,ROQVIE_clean,231.6
RORLIV_clean,5.0614,3.45442,5.0614,1.30915,1167.77,892.008,0.0,0.0,0.6106,0.466408,0.0,Cd,No, ,clean,Y,Y,Y,,N,,,,,,,,,,,,,,,,,,,,,,RORLIV_clean,191.2
RORRIB_clean,5.56844,4.5608,5.56844,2.09957,1607.82,765.783,0.0,0.0,0.5896,0.280819,0.0,U,Yes,U,clean,N,Y,Y,,N,,,,,,,,,,,,,,,,,,,,,,RORRIB_clean,381.9
RORTAV_clean,9.60382,5.42977,9.56238,0.669195,1791.93,2677.74,407.039,608.252,0.711,1.06247,0.0,Cu,No, ,clean,Y,Y,Y,,N,,,,,,,,,,,,,,,,,,,,,,RORTAV_clean,1297.2
RORVAX_clean,6.42929,6.08998,6.42929,0.7293,3122.65,4281.71,0.0,0.0,0.7,0.959824,0.0,Co,Yes,Co,clean,Y,Y,Y,,N,,,,,,,,,,,,,,,,,,,,,,RORVAX_clean,351.3
ROTQIC_clean,4.94875,3.6681,4.74718,1.32167,723.976,547.773,0.0,0.0,0.481,0.363934,0.0,Zn,Yes,Zn,clean,N,Y,Y,,N,,,,,,,,,,,,,,,,,,,,,,ROTQIC_clean,516.2
ROTTOL_clean,6.50353,4.02235,6.48646,1.01612,1524.25,1500.07,0.0,0.0,0.5582,0.549344,0.0,Zn,No, ,clean,Y,Y,Y,,N,,,,,,,,,,,,,,,,,,,,,,ROTTOL_clean,467.4
ROYJUM_clean,8.75922,3.76722,8.42147,1.05929,1657.4,1564.64,0.0,0.0,0.5928,0.559622,0.0,Ni,No, ,clean,Y,Y,Y,,N,,,,,,,,,,,,,,,,,,,,,,ROYJUM_clean,441.6
ROYREE_clean,6.65259,5.04516,6.56274,1.17392,1308.03,1114.24,0.0,0.0,0.5524,0.47056,0.0,Ho,Yes,Ho,clean,Y,Y,Y,,N,,,,,,,,,,,,,,,,,,,,,,ROYREE_clean,427.5
ROYRII_clean,6.60108,5.14039,6.60108,1.17875,1322.43,1121.89,0.0,0.0,0.5472,0.464219,0.0,Er,Yes,Er,clean,Y,Y,Y,,N,,,,,,,,,,,,,,,,,,,,,,ROYRII_clean,465.6
ROYROO_clean,6.57261,5.08535,6.54322,1.19171,1317.71,1105.73,1.69583,1.42302,0.5486,0.460348,0.0,Yb,Yes,Yb,clean,Y,Y,Y,,N,,,,,,,,,,,,,,,,,,,,,,ROYROO_clean,506.0
RUBDUP_clean,21.09518,19.24681,20.98484,0.298857,1270.61,4251.56,0.0,0.0,0.868,2.9044,0.0,Zn,Yes,Zn,clean,Y,Y,Y,,N,,,,,,,,,,,,,,,,,,,,,,RUBDUP_clean,151.1
RUBGUS_clean,4.4617,3.54667,4.45263,1.35931,320.757,235.971,161.359,118.706,0.4638,0.341202,0.0,Mn,Yes,Mn,clean,Y,Y,Y,,N,,,,,,,,,,,,,,,,,,,,,,RUBGUS_clean,649.7
RUBTAK01_SL,8.70379,4.00842,8.70379,1.20121,1712.27,1425.46,0.0,0.0,0.5914,0.492338,0.000832496,Zr,No, ,SL,Y,Y,Y,,N,,,,,,,,,,,,,,,,,,,,,,RUBTAK01_SL,425.9
RUBTAK02_SL,8.49537,3.88559,8.49537,1.23841,1654.63,1336.08,0.0,0.0,0.5866,0.47367,0.000322994,Zr,No, ,SL,Y,Y,Y,,N,,,,,,,,,,,,,,,,,,,,,,RUBTAK02_SL,374.1
RUBTAK03_auto,8.46299,3.95011,8.46299,1.23778,1637.26,1322.74,0.0,0.0,0.6028,0.487,0.000161579,Zr,No, ,auto,Y,Y,Y,,N,,,,,,,,,,,,,,,,,,,,,,RUBTAK03_auto,454.9
RUCGOM_clean,4.40498,3.818,4.39366,2.16054,906.666,419.648,0.0,0.0,0.5218,0.241514,0.0,"Au,Pt,Zn",Yes,"Au,Pt",clean,Y,Y,Y,,N,,,,,,,,,,,,,,,,,,,,,,RUCGOM_clean,696.5
RUFDUT_clean,4.69173,3.85639,4.65615,1.66558,994.805,597.274,0.0,0.0,0.4696,0.281944,0.0,Ni,Yes,Ni,clean,Y,Y,Y,,N,,,,,,,,,,,,,,,,,,,,,,RUFDUT_clean,781.9
RUFRIV_clean,7.49731,4.21343,7.49731,1.44845,1008.29,696.116,0.0,0.0,0.4786,0.330421,0.0,Zn,Yes,Zn,clean,Y,Y,Y,,N,,,,,,,,,,,,,,,,,,,,,,RUFRIV_clean,610.3
RUFTET_clean,5.41592,3.76809,5.41592,1.32563,1019.52,769.082,0.0,0.0,0.4806,0.362546,0.0,Co,No, ,clean,Y,Y,Y,,N,,,,,,,,,,,,,,,,,,,,,,RUFTET_clean,403.8
RUFZID_clean,10.67067,8.77989,10.67019,0.799166,1949.96,2439.99,0.0,0.0,0.71,0.888426,0.0,Cu,Yes,Cu,clean,Y,Y,Y,,N,,,,,,,,,,,,,,,,,,,,,,RUFZID_clean,578.4
RUGKOV_clean,6.88401,5.43231,6.88401,0.929347,2753.28,2962.6,0.0,0.0,0.6968,0.749773,0.0,Zn,Yes,Zn,clean,Y,Y,Y,,N,,,,,,,,,,,,,,,,,,,,,,RUGKOV_clean,308.5
RUGXOI01_clean,6.51947,4.18889,6.51947,1.08279,1782.29,1646.02,0.0,0.0,0.638,0.589221,0.0,Zn,No, ,clean,Y,Y,Y,,N,,,,,,,,,,,,,,,,,,,,,,RUGXOI01_clean,816.3
RUGXOI_clean,5.21341,3.72816,5.20196,1.19066,1517.77,1274.73,0.0,0.0,0.586,0.492165,0.0,Zn,No, ,clean,Y,Y,Y,,N,,,,,,,,,,,,,,,,,,,,,,RUGXOI_clean,487.9
RUGYOJ_clean,5.31747,4.41438,5.22074,1.35237,1132.24,837.223,13.731,10.1533,0.5218,0.385841,0.0,Cd,Yes,Cd,clean,Y,Y,Y,,N,,,,,,,,,,,,,,,,,,,,,,RUGYOJ_clean,571.3
RUGZAW_clean,9.17489,7.98957,9.06653,0.92991,1617.71,1739.64,0.0,0.0,0.6164,0.66286,0.0,Zn,Yes,Zn,clean,Y,Y,Y,,N,,,,,,,,,,,,,,,,,,,,,,RUGZAW_clean,571.5
RUHCED_SL,6.00951,5.54585,6.00744,1.22913,1471.94,1197.55,0.0,0.0,0.5726,0.465859,0.0,Ga,No, ,SL,Y,Y,Y,,N,,,,,,,,,,,,,,,,,,,,,,RUHCED_SL,640.1
RUHFEH_clean,9.84183,8.46338,9.78525,0.895692,2177.87,2431.49,0.0,0.0,0.7858,0.87731,0.0,"Cu,La",Yes,Cu,clean,Y,Y,Y,,N,,,,,,,,,,,,,,,,,,,,,,RUHFEH_clean,136.0
RUHFIL_clean,10.02499,8.76011,10.02499,0.882826,2167.55,2455.24,0.0,0.0,0.7844,0.88851,0.0,"Cu,Ce",Yes,Cu,clean,Y,Y,Y,,N,,,,,,,,,,,,,,,,,,,,,,RUHFIL_clean,132.5
RUHFOR_clean,10.01133,8.72369,10.0082,0.889531,2175.51,2445.69,0.0,0.0,0.787,0.884736,0.0,"Pr,Cu",Yes,Cu,clean,Y,Y,Y,,N,,,,,,,,,,,,,,,,,,,,,,RUHFOR_clean,138.5
RUHFUX_clean,9.94292,8.65457,9.91903,0.903529,2165.07,2396.24,0.0,0.0,0.7826,0.86616,0.0,"Cu,Nd",Yes,Cu,clean,Y,Y,Y,,N,,,,,,,,,,,,,,,,,,,,,,RUHFUX_clean,129.1
RULBOQ_clean,7.47442,6.27169,7.47442,1.39226,1576.48,1132.32,0.0,0.0,0.6106,0.438569,0.0,Ag,Yes,Ag,clean,Y,Y,Y,,N,,,,,,,,,,,,,,,,,,,,,,RULBOQ_clean,305.6
RULQIY_clean,8.44935,6.89767,8.44935,1.57222,1115.58,709.56,0.0,0.0,0.577,0.366998,0.0,"Yb,Cu",Yes,Cu,clean,Y,Y,Y,,N,,,,,,,,,,,,,,,,,,,,,,RULQIY_clean,174.8
RULVUP_clean,5.01128,4.18788,4.96894,1.11888,878.165,784.859,0.0,0.0,0.5036,0.450092,0.0,Cu,Yes,Cu,clean,Y,Y,Y,,N,,,,,,,,,,,,,,,,,,,,,,RULVUP_clean,858.6
RULXOM_clean,15.36971,3.55595,15.36971,0.839199,1628.5,1940.54,0.0,0.0,0.652,0.776931,0.0,Fe,No, ,clean,Y,Y,Y,,N,,,,,,,,,,,,,,,,,,,,,,RULXOM_clean,1173.4
RUMRUO_clean,3.89523,3.56149,3.89523,2.03382,242.444,119.206,0.0,0.0,0.4326,0.212703,0.0,Zn,Yes,Zn,clean,Y,Y,Y,,N,,,,,,,,,,,,,,,,,,,,,,RUMRUO_clean,324.8
RUNXUV_clean,5.8356,4.62926,5.8296,1.09463,1307.34,1194.33,0.0,0.0,0.5502,0.502636,0.0,Zn,No, ,clean,Y,Y,Y,,N,,,,,,,,,,,,,,,,,,,,,,RUNXUV_clean,953.5
RUPTED_clean,4.59148,3.67658,4.57699,2.43056,359.515,147.915,0.0,0.0,0.433,0.178148,0.0,Cu,Yes,Cu,clean,Y,Y,Y,,N,,,,,,,,,,,,,,,,,,,,,,RUPTED_clean,180.5
RUPVAB_clean,13.61739,4.61754,13.61739,0.953237,2216.88,2325.64,0.0,0.0,0.6886,0.722381,0.0,Zn,Yes,Zn,clean,Y,Y,Y,,N,,,,,,,,,,,,,,,,,,,,,,RUPVAB_clean,1988.7
RURPAW_clean,4.26453,3.57847,4.26352,2.09861,723.866,344.926,0.0,0.0,0.4906,0.233773,0.0,"Fe,Pt",Yes,Pt,clean,Y,Y,Y,,N,,,,,,,,,,,,,,,,,,,,,,RURPAW_clean,359.6
RURPEA_clean,4.37304,3.99561,4.36427,1.79681,1037.11,577.197,0.0,0.0,0.5372,0.298975,0.0,"Fe,Pt",Yes,Pt,clean,Y,Y,Y,,N,,,,,,,,,,,,,,,,,,,,,,RURPEA_clean,210.4
RUSHIY_clean,9.32937,5.73491,9.31763,2.81322,981.321,348.825,12.3418,4.38706,0.4998,0.177661,0.0,"W,K,Co",Yes,"W,K,Co",clean,Y,Y,Y,,N,,,,,,,,,,,,,,,,,,,,,,RUSHIY_clean,1370.6
RUSWIN_clean,6.48006,3.76789,6.3774,1.27344,1499.33,1177.39,0.0,0.0,0.5498,0.431746,0.0,Dy,Yes,Dy,clean,N,Y,Y,,N,,,,,,,,,,,,,,,,,,,,,,RUSWIN_clean,415.2
RUSWOT_clean,6.47922,3.93218,6.4245,1.19886,1481.92,1236.11,0.0,0.0,0.5554,0.463273,0.0,Pr,Yes,Pr,clean,N,Y,Y,,N,,,,,,,,,,,,,,,,,,,,,,RUSWOT_clean,413.6
RUSWUZ_clean,6.54942,3.9072,6.54694,1.21025,1492.0,1232.81,0.0,0.0,0.5598,0.46255,0.0,Nd,Yes,Nd,clean,N,Y,Y,,N,,,,,,,,,,,,,,,,,,,,,,RUSWUZ_clean,420.7
RUSXAG_clean,6.44133,3.78742,6.3358,1.2672,1503.0,1186.08,0.0,0.0,0.5486,0.432924,0.0,Gd,Yes,Gd,clean,N,Y,Y,,N,,,,,,,,,,,,,,,,,,,,,,RUSXAG_clean,428.4
RUSXEK_clean,6.54291,3.90146,6.54291,1.24418,1488.27,1196.19,0.0,0.0,0.5602,0.450258,0.0,Tb,Yes,Tb,clean,N,Y,Y,,N,,,,,,,,,,,,,,,,,,,,,,RUSXEK_clean,424.3
RUTNOK_manual,24.61263,14.64846,24.61263,0.240823,1468.58,6098.18,0.0,0.0,0.9018,3.74465,0.0,Zn,No, ,manual,Y,Y,Y,,N,,,,,,,,,,,,,,,,,,,,,,RUTNOK_manual,204.0
RUVBOB_clean,6.09913,3.98908,5.99424,1.3777,1258.08,913.177,14.3931,10.4472,0.545,0.395586,0.0,Cd,No, ,clean,Y,Y,Y,,N,,,,,,,,,,,,,,,,,,,,,,RUVBOB_clean,708.0
RUVCES_clean,5.62432,4.09519,5.62432,1.21847,2083.62,1710.03,0.0,0.0,0.6886,0.565136,0.0,Zn,No, ,clean,Y,Y,Y,,N,,,,,,,,,,,,,,,,,,,,,,RUVCES_clean,113.1
RUVKAV_clean,11.95152,7.15447,11.95152,0.601684,2230.0,3706.27,0.0,0.0,0.7794,1.29537,0.0,Cu,Yes,Cu,clean,Y,Y,Y,,N,,,,,,,,,,,,,,,,,,,,,,RUVKAV_clean,132.6
RUVMAX_clean,5.22433,4.41387,5.22043,1.2008,1767.14,1471.63,0.0,0.0,0.5696,0.474351,0.0,Zn,Yes,Zn,clean,Y,Y,Y,,N,,,,,,,,,,,,,,,,,,,,,,RUVMAX_clean,935.8
RUVMUR_clean,3.8115,3.49015,3.80241,1.48235,185.395,125.068,39.5872,26.7057,0.4088,0.275779,0.0,"Zn,Co",Yes,"Zn,Co",clean,Y,Y,Y,,N,,,,,,,,,,,,,,,,,,,,,,RUVMUR_clean,228.0
RUWWOW01_clean,5.03981,3.90859,5.01601,1.48698,1131.86,761.178,0.0,0.0,0.4928,0.331409,0.0,La,Yes,La,clean,Y,Y,Y,,N,,,,,,,,,,,,,,,,,,,,,,RUWWOW01_clean,476.4
RUWWUC_clean,5.12851,4.00559,5.12851,1.54997,877.489,566.133,0.0,0.0,0.4642,0.29949,0.0,La,Yes,La,clean,Y,Y,Y,,N,,,,,,,,,,,,,,,,,,,,,,RUWWUC_clean,492.2
RUWXAJ_clean,5.17293,4.0299,5.17293,1.53238,836.842,546.106,0.0,0.0,0.4794,0.312847,0.0,La,Yes,La,clean,Y,Y,Y,,N,,,,,,,,,,,,,,,,,,,,,,RUWXAJ_clean,243.1
RUWXEN_clean,5.03811,3.94141,5.03811,1.46802,1178.02,802.454,0.0,0.0,0.5092,0.346863,0.0,La,Yes,La,clean,Y,Y,Y,,N,,,,,,,,,,,,,,,,,,,,,,RUWXEN_clean,297.6
RUWZIU_clean,6.72021,5.65873,6.72021,1.01181,1054.68,1042.37,0.0,0.0,0.5302,0.52401,0.0,Ni,No, ,clean,Y,Y,Y,,N,,,,,,,,,,,,,,,,,,,,,,RUWZIU_clean,628.3
RUWZOA_clean,6.55761,6.38772,6.55761,1.0684,1052.58,985.194,0.0,0.0,0.5174,0.484275,0.0,Ni,No, ,clean,Y,Y,Y,,N,,,,,,,,,,,,,,,,,,,,,,RUWZOA_clean,676.4
RUWZUG_clean,6.65442,5.67424,6.65442,1.10163,1013.24,919.768,0.0,0.0,0.4878,0.442798,0.0,Ni,No, ,clean,Y,Y,Y,,N,,,,,,,,,,,,,,,,,,,,,,RUWZUG_clean,750.9
RUYNIK_clean,5.71975,3.68772,5.7164,1.35451,1400.63,1034.05,0.0,0.0,0.5398,0.398522,0.0,Cd,Yes,Cd,clean,Y,Y,Y,,N,,,,,,,,,,,,,,,,,,,,,,RUYNIK_clean,404.8
RUYQIN01_clean,9.71547,7.35837,9.71529,1.15099,1450.59,1260.3,0.0,0.0,0.5838,0.507215,0.0,La,Yes,La,clean,Y,Y,Y,,N,,,,,,,,,,,,,,,,,,,,,,RUYQIN01_clean,1077.5
RUYQIN02_clean,9.7478,7.37011,9.74761,1.14404,1452.85,1269.93,0.0,0.0,0.5842,0.510647,0.0,La,Yes,La,clean,Y,Y,Y,,N,,,,,,,,,,,,,,,,,,,,,,RUYQIN02_clean,1045.5
RUYQIN03_clean,9.69288,7.37414,9.69288,1.14102,1457.05,1276.97,0.0,0.0,0.586,0.513575,0.0,La,No, ,clean,Y,Y,Y,,N,,,,,,,,,,,,,,,,,,,,,,RUYQIN03_clean,1070.9
RUYQIN_clean,9.76179,7.44687,9.76179,1.1629,1436.26,1235.07,0.0,0.0,0.573,0.492735,0.0,La,Yes,La,clean,Y,Y,Y,,N,,,,,,,,,,,,,,,,,,,,,,RUYQIN_clean,1064.1
RUYQOT_clean,9.68542,7.26317,9.68542,1.1664,1438.72,1233.47,0.0,0.0,0.575,0.49297,0.0,La,Yes,La,clean,Y,Y,Y,,N,,,,,,,,,,,,,,,,,,,,,,RUYQOT_clean,1048.5
RUYTIQ_clean,9.62315,7.47258,9.62297,1.13645,1456.84,1281.92,0.0,0.0,0.5872,0.516695,0.0,La,No, ,clean,Y,Y,Y,,N,,,,,,,,,,,,,,,,,,,,,,RUYTIQ_clean,1052.3
RUYTUC_clean,9.67783,7.26872,9.67783,1.16505,1440.32,1236.27,0.0,0.0,0.5776,0.495773,0.0,La,Yes,La,clean,Y,Y,Y,,N,,,,,,,,,,,,,,,,,,,,,,RUYTUC_clean,1032.5
RUYVAK_clean,9.67948,7.48497,9.67948,1.15401,1452.68,1258.81,0.0,0.0,0.5806,0.503115,0.0,Ce,Yes,Ce,clean,Y,Y,Y,,N,,,,,,,,,,,,,,,,,,,,,,RUYVAK_clean,1109.5
RUYVEO_clean,12.21297,10.12216,12.21297,0.962787,1461.82,1518.32,0.0,0.0,0.6354,0.659959,0.0,La,Yes,La,clean,Y,Y,Y,,N,,,,,,,,,,,,,,,,,,,,,,RUYVEO_clean,463.8
RUYVIS_clean,15.8929,13.20205,15.79897,0.679059,1536.4,2262.54,0.0,0.0,0.7374,1.08592,0.0,Eu,No, ,clean,Y,Y,Y,,N,,,,,,,,,,,,,,,,,,,,,,RUYVIS_clean,232.9
RUYZUH_clean,5.57075,3.47029,5.07859,2.36782,1042.81,440.408,0.0,0.0,0.4718,0.199255,0.0,"Mo,Mn",Yes,Mo,clean,N,Y,Y,,N,,,,,,,,,,,,,,,,,,,,,,RUYZUH_clean,244.0
RUZCOF_clean,5.55577,4.78031,5.52738,1.59859,1464.21,915.939,0.0,0.0,0.603,0.377208,0.0,Zn,No, ,clean,Y,Y,Y,,N,,,,,,,,,,,,,,,,,,,,,,RUZCOF_clean,413.7
RUZDAS_clean,5.2699,4.49334,5.2699,1.45263,1149.42,791.271,0.0,0.0,0.5294,0.364442,0.0,Mn,Yes,Mn,clean,Y,Y,Y,,N,,,,,,,,,,,,,,,,,,,,,,RUZDAS_clean,136.9
S2052520616005515_bm5080sup1_clean,4.47894,3.61798,4.46305,1.15409,1529.36,1325.16,0.0,0.0,0.5662,0.490602,0.0,Mn,No, ,clean,Y,N,Y,,Y,WEYQAU11,Y,02/04/2016,10.1107/S2052520616005515,"1 SI, 6 Structure",WEYQAU11,WEYQAU11,WEYQAU12,WEYQAU13,WEYQAU14,WEYQAU15,WEYQAU16,,,,,,,,,,S2052520616005515_bm5080sup1_clean,437.2
S2056989016007027_zl2661sup1_clean,6.51796,4.57602,6.50954,1.14323,1545.49,1351.86,0.0,0.0,0.5984,0.523428,0.0,Zn,No, ,clean,Y,N,Y,,Y,ULISOZ,Y,25/04/2016,10.1107/S2056989016007027,"1 SI, 1 Structure",ULISOZ,,,,,,,,,,,,,,,,S2056989016007027_zl2661sup1_clean,558.4
SABKIS_clean,6.81493,5.97974,6.81375,1.3839,1674.07,1209.68,0.0,0.0,0.6086,0.439772,0.0,"Cd,Ba",Yes,Ba,clean,N,Y,Y,,N,,,,,,,,,,,,,,,,,,,,,,SABKIS_clean,353.3
SABVOH01_clean,6.48998,6.20475,6.48998,1.00596,1532.58,1523.5,0.0,0.0,0.5966,0.593066,0.0,Al,No, ,clean,Y,Y,Y,,N,,,,,,,,,,,,,,,,,,,,,,SABVOH01_clean,547.4
SABVOH_manual,6.26548,5.9824,6.25328,0.999416,1586.53,1587.46,0.0,0.0,0.5914,0.591745,0.0,Al,No, ,manual,Y,Y,Y,,N,,,,,,,,,,,,,,,,,,,,,,SABVOH_manual,522.6
SABVUN_clean_h_min,7.01984,6.76477,7.01984,0.978971,1612.66,1647.3,0.0,0.0,0.5868,0.599405,0.0,Al,No, ,clean_h_min,N,Y,Y,,N,,,,,,,,,,,,,,,,,,,,,,SABVUN_clean_h_min,1675.1
SACDOR_clean,8.1061,7.63768,8.07477,1.2392,2030.48,1638.54,0.0,0.0,0.6692,0.540025,0.0,Zn,Yes,Zn,clean,Y,Y,Y,,N,,,,,,,,,,,,,,,,,,,,,,SACDOR_clean,1379.6
SADLEQ_clean,7.11187,6.8054,7.11187,1.50504,1508.7,1002.44,0.0,0.0,0.5702,0.378862,0.0,Nd,Yes,Nd,clean,Y,Y,Y,,N,,,,,,,,,,,,,,,,,,,,,,SADLEQ_clean,218.9
SADLIU_clean,6.85652,6.48147,6.85652,1.67165,1571.6,940.146,0.0,0.0,0.549,0.328417,0.0,Yb,No, ,clean,Y,Y,Y,,N,,,,,,,,,,,,,,,,,,,,,,SADLIU_clean,262.0
SADMUH_SL,7.87003,7.35,7.87003,0.987944,1759.25,1780.72,0.0,0.0,0.6412,0.649025,0.0,Fe,No, ,SL,Y,Y,Y,,N,,,,,,,,,,,,,,,,,,,,,,SADMUH_SL,198.0
SADVEB_clean,5.28527,4.25585,5.28527,2.60318,983.265,377.718,0.0,0.0,0.4638,0.178167,0.0,U,Yes,U,clean,N,Y,Y,,N,,,,,,,,,,,,,,,,,,,,,,SADVEB_clean,577.2
SAHXAD_clean,7.24131,5.09073,7.23502,0.88875,2564.25,2885.23,0.0,0.0,0.6954,0.782447,0.0,Zn,Yes,Zn,clean,N,Y,Y,,N,,,,,,,,,,,,,,,,,,,,,,SAHXAD_clean,243.2
SAJDIT_clean,7.44507,6.67773,7.44507,1.18884,1185.58,997.26,0.0,0.0,0.5216,0.438748,0.0,Tb,Yes,Tb,clean,N,Y,Y,,N,,,,,,,,,,,,,,,,,,,,,,SAJDIT_clean,344.7
SAJRAW10_clean,6.98873,5.65739,6.98873,1.03716,2658.72,2563.46,0.0,0.0,0.7434,0.716765,0.0,Cd,No, ,clean,N,Y,Y,,N,,,,,,,,,,,,,,,,,,,,,,SAJRAW10_clean,146.6
SAJRAW_clean,6.95776,5.62966,6.95776,1.0485,2631.43,2509.71,0.0,0.0,0.7242,0.690701,0.0,Cd,No, ,clean,N,Y,Y,,N,,,,,,,,,,,,,,,,,,,,,,SAJRAW_clean,141.5
SAJRUT_clean,6.75939,5.98836,6.75562,0.832145,2447.69,2941.42,0.0,0.0,0.6812,0.818608,0.0,Fe,Yes,Fe,clean,N,Y,Y,,N,,,,,,,,,,,,,,,,,,,,,,SAJRUT_clean,554.9
SAJSAA_clean,6.806,6.26285,6.79743,1.09035,1505.97,1381.18,0.0,0.0,0.546,0.500758,0.0,"Na,Fe",Yes,Na,clean,N,Y,Y,,N,,,,,,,,,,,,,,,,,,,,,,SAJSAA_clean,1329.0
SAKRAZ_clean,5.58245,5.12904,5.58245,1.03675,2394.2,2309.33,0.0,0.0,0.6546,0.631396,0.0,Zn,Yes,Zn,clean,Y,Y,Y,,N,,,,,,,,,,,,,,,,,,,,,,SAKRAZ_clean,333.8
SAKRED_clean,5.5169,5.02553,5.5169,1.03225,2416.65,2341.14,0.0,0.0,0.6696,0.648678,0.0,Zn,Yes,Zn,clean,Y,Y,Y,,N,,,,,,,,,,,,,,,,,,,,,,SAKRED_clean,316.9
SALXEL_clean,17.7233,14.92578,17.7233,0.954529,1589.06,1664.76,49.7541,52.1243,0.7288,0.763518,0.000419055,Zr,Yes,Zr,clean,N,Y,Y,,N,,,,,,,,,,,,,,,,,,,,,,SALXEL_clean,706.3
SALXIP_clean,18.35498,16.34268,18.35498,1.06535,1653.8,1552.35,0.0,0.0,0.7432,0.697612,0.00112639,Ce,Yes,Ce,clean,N,Y,Y,,N,,,,,,,,,,,,,,,,,,,,,,SALXIP_clean,647.1
SALZAH_clean,5.2131,3.75496,5.20977,1.33753,1363.66,1019.54,0.0,0.0,0.5834,0.436178,0.0,Cd,Yes,Cd,clean,N,Y,Y,,N,,,,,,,,,,,,,,,,,,,,,,SALZAH_clean,357.5
SAMLAV_manual,5.80959,3.99095,5.75161,1.19097,1685.7,1415.4,0.0,0.0,0.5904,0.495731,0.0,Cd,No, ,manual,Y,Y,Y,,N,,,,,,,,,,,,,,,,,,,,,,SAMLAV_manual,251.4
SAMVEK_clean,7.83578,6.98017,7.83578,0.980713,1609.04,1640.69,0.0,0.0,0.611,0.623016,0.0,Mn,No, ,clean,N,Y,Y,,N,,,,,,,,,,,,,,,,,,,,,,SAMVEK_clean,244.4
SANGEW_clean,6.64431,4.85626,6.63808,1.45126,1299.25,895.255,0.0,0.0,0.529,0.36451,0.0,Ce,Yes,Ce,clean,N,Y,Y,,N,,,,,,,,,,,,,,,,,,,,,,SANGEW_clean,1015.5
SANGUM_clean,6.61883,4.82903,6.58035,1.50455,1309.82,870.575,0.0,0.0,0.5346,0.355323,0.0,Sm,Yes,Sm,clean,N,Y,Y,,N,,,,,,,,,,,,,,,,,,,,,,SANGUM_clean,710.4
SANHIB_clean,6.11189,4.81167,6.1084,1.59136,1228.71,772.117,0.0,0.0,0.5088,0.319727,0.0,Tb,Yes,Tb,clean,N,Y,Y,,N,,,,,,,,,,,,,,,,,,,,,,SANHIB_clean,958.0
SANHOH_clean,6.60456,4.91636,6.49799,1.53725,1315.89,856.008,0.0,0.0,0.5322,0.346204,0.0,Dy,Yes,Dy,clean,N,Y,Y,,N,,,,,,,,,,,,,,,,,,,,,,SANHOH_clean,681.2
SANHUN_clean,6.50583,4.8025,6.36295,1.599,1277.92,799.196,0.0,0.0,0.517,0.323327,0.0,Ho,Yes,Ho,clean,N,Y,Y,,N,,,,,,,,,,,,,,,,,,,,,,SANHUN_clean,1033.8
SANJAV_clean,6.50945,4.91174,6.48422,1.32827,1290.56,971.607,0.0,0.0,0.515,0.387722,0.0,Y,Yes,Y,clean,N,Y,Y,,N,,,,,,,,,,,,,,,,,,,,,,SANJAV_clean,1088.4
SAQQAD_clean,10.6229,9.13911,10.59086,0.899459,1701.71,1891.92,0.0,0.0,0.6748,0.750228,0.0,Tb,Yes,Tb,clean,Y,Y,Y,,N,,,,,,,,,,,,,,,,,,,,,,SAQQAD_clean,181.4
SAQQEH_clean,10.62623,9.13273,10.62623,0.914395,1723.95,1885.35,0.0,0.0,0.6746,0.737756,0.0,Ho,Yes,Ho,clean,Y,Y,Y,,N,,,,,,,,,,,,,,,,,,,,,,SAQQEH_clean,187.7
SAQQIL_clean,10.65559,9.10715,10.62918,0.918282,1715.69,1868.37,0.0,0.0,0.6836,0.744434,0.0,Er,Yes,Er,clean,Y,Y,Y,,N,,,,,,,,,,,,,,,,,,,,,,SAQQIL_clean,188.1
SAQQOR_clean_h,10.68647,9.07282,10.64358,0.778283,1708.0,2194.57,0.0,0.0,0.6882,0.884254,0.0,Y,Yes,Y,clean_h,N,Y,Y,,N,,,,,,,,,,,,,,,,,,,,,,SAQQOR_clean_h,182.7
SAQSOU_clean,6.47651,3.98462,6.43461,1.44924,1500.2,1035.16,0.0,0.0,0.568,0.391929,0.0,"W,Cu",Yes,Cu,clean,N,Y,Y,,N,,,,,,,,,,,,,,,,,,,,,,SAQSOU_clean,797.0
SARGID_clean,11.28011,10.79695,11.27845,1.13003,1551.23,1372.74,0.0,0.0,0.643,0.569013,0.0,Fe,Yes,Fe,clean,N,Y,Y,,N,,,,,,,,,,,,,,,,,,,,,,SARGID_clean,1025.5
SARGOJ_clean,11.21149,10.84114,11.20988,1.13101,1553.18,1373.27,0.0,0.0,0.6422,0.56781,0.0,Fe,Yes,Fe,clean,N,Y,Y,,N,,,,,,,,,,,,,,,,,,,,,,SARGOJ_clean,989.7
SARGUP_clean,11.61678,10.99568,11.61678,1.13145,1593.32,1408.21,0.0,0.0,0.6444,0.569535,0.0,Fe,Yes,Fe,clean,Y,Y,Y,,N,,,,,,,,,,,,,,,,,,,,,,SARGUP_clean,278.9
SARHAW_clean,11.26396,10.8267,11.26396,1.13289,1578.11,1393.0,0.0,0.0,0.6352,0.560691,0.0,Fe,Yes,Fe,clean,Y,Y,Y,,N,,,,,,,,,,,,,,,,,,,,,,SARHAW_clean,263.1
SARHEA_clean,11.57288,10.94497,11.57288,1.13911,1582.39,1389.14,0.0,0.0,0.6384,0.560437,0.0,Fe,Yes,Fe,clean,Y,Y,Y,,N,,,,,,,,,,,,,,,,,,,,,,SARHEA_clean,281.8
SARMEE_clean,4.34974,3.44315,4.3363,1.72993,254.091,146.879,149.818,86.6033,0.429,0.247987,0.0,Eu,Yes,Eu,clean,Y,Y,Y,,N,,,,,,,,,,,,,,,,,,,,,,SARMEE_clean,941.9
SARNOQ_clean,9.2766,6.16862,9.2766,1.10826,1838.17,1658.6,0.0,0.0,0.6536,0.589751,0.0,Zn,No, ,clean,Y,Y,Y,,N,,,,,,,,,,,,,,,,,,,,,,SARNOQ_clean,242.0
SARTIR_clean,8.84902,7.39282,8.55302,0.84182,1819.29,2161.13,0.0,0.0,0.6546,0.7776,0.0,Ni,No, ,clean,N,Y,Y,,N,,,,,,,,,,,,,,,,,,,,,,SARTIR_clean,217.7
SATRIP_clean,5.64735,4.63209,5.64735,1.5207,2001.22,1315.99,0.0,0.0,0.609,0.400475,0.0,Nd,Yes,Nd,clean,N,Y,Y,,N,,,,,,,,,,,,,,,,,,,,,,SATRIP_clean,171.7
SATROV_clean,5.68214,4.67755,5.6433,1.62598,1989.31,1223.46,0.0,0.0,0.6086,0.374297,0.0,Gd,Yes,Gd,clean,N,Y,Y,,N,,,,,,,,,,,,,,,,,,,,,,SATROV_clean,269.0
SAXLEK_clean,9.25038,8.58806,9.25038,1.08002,1714.03,1587.03,0.0,0.0,0.6988,0.647023,0.0,Ag,Yes,Ag,clean,N,Y,Y,,N,,,,,,,,,,,,,,,,,,,,,,SAXLEK_clean,107.3
SAXRIS_clean,6.95604,5.1283,5.82931,1.88243,2109.8,1120.78,0.0,0.0,0.5242,0.27847,0.000106246,"Mo,Na",Yes,"Mo,Na",clean,N,Y,Y,,N,,,,,,,,,,,,,,,,,,,,,,SAXRIS_clean,343.5
SAYTOD_clean,6.38142,4.3971,6.36474,1.32305,2428.66,1835.65,0.0,0.0,0.7024,0.530895,0.0,Cu,Yes,Cu,clean,N,Y,Y,,N,,,,,,,,,,,,,,,,,,,,,,SAYTOD_clean,120.7
SAYTUJ_clean,5.53716,4.24775,5.50087,1.26647,2678.26,2114.75,0.0,0.0,0.7138,0.563615,0.0,Cu,Yes,Cu,clean,N,Y,Y,,N,,,,,,,,,,,,,,,,,,,,,,SAYTUJ_clean,118.5
science.1056698_manual,16.36523,5.22927,16.36523,0.720658,2117.08,2937.7,0.0,0.0,0.7092,0.9841,0.0,Cu,Yes,Cu,manual,Y,N,Y,,Y,QOWRAV,Y,08/12/2000,10.1126/science.1056598,"1 SI, 2 Structure",QOWRAV,QOWQUO,QOWRAV,,,,,,,,,,,,,,science.1056698_manual,1088.2
SEFSOM_clean,7.74471,4.63206,7.74435,1.3092,888.245,678.465,0.0,0.0,0.4856,0.370914,0.0,Cd,No, ,clean,Y,Y,Y,,N,,,,,,,,,,,,,,,,,,,,,,SEFSOM_clean,386.9
SEFVAC_clean,11.52297,3.67055,11.52297,0.903784,1536.01,1699.54,0.0,0.0,0.6434,0.711896,0.0,Zn,No, ,clean,N,Y,Y,,N,,,,,,,,,,,,,,,,,,,,,,SEFVAC_clean,276.9
SEFVEG02_clean,11.61381,3.82654,11.61381,0.901728,1567.52,1738.35,0.0,0.0,0.642,0.711966,0.0,Zn,No, ,clean,N,Y,Y,,N,,,,,,,,,,,,,,,,,,,,,,SEFVEG02_clean,268.4
SEFVEG_clean,11.61384,3.82499,11.61384,0.903214,1567.68,1735.67,0.0,0.0,0.6424,0.711238,0.0,Zn,No, ,clean,N,Y,Y,,N,,,,,,,,,,,,,,,,,,,,,,SEFVEG_clean,266.3
SEFVUW_clean,11.26795,3.60856,11.26795,0.928704,1552.88,1672.09,0.0,0.0,0.6514,0.701407,0.0,Zn,No, ,clean,N,Y,Y,,N,,,,,,,,,,,,,,,,,,,,,,SEFVUW_clean,283.5
SEFWEH_clean,11.26494,3.61002,11.26494,0.914157,1525.26,1668.49,0.0,0.0,0.6436,0.704037,0.0,Zn,No, ,clean,N,Y,Y,,N,,,,,,,,,,,,,,,,,,,,,,SEFWEH_clean,271.1
SEFWIL_clean,11.33313,3.69478,11.33313,0.92841,1562.33,1682.8,0.0,0.0,0.6504,0.700552,0.0,Zn,No, ,clean,N,Y,Y,,N,,,,,,,,,,,,,,,,,,,,,,SEFWIL_clean,276.6
SEFWOR_clean,11.5954,3.6311,11.5954,0.926162,1578.03,1703.84,0.0,0.0,0.6492,0.700957,0.0,Zn,No, ,clean,N,Y,Y,,N,,,,,,,,,,,,,,,,,,,,,,SEFWOR_clean,277.7
SEGBIR_clean,10.04679,9.57778,10.04679,1.2245,885.139,722.858,0.0,0.0,0.519,0.423847,0.0,Cu,Yes,Cu,clean,Y,Y,Y,,N,,,,,,,,,,,,,,,,,,,,,,SEGBIR_clean,290.4
SEGMEW_clean,4.54304,3.58735,4.3932,1.55869,710.369,455.747,0.0,0.0,0.505,0.32399,0.0,"Cd,Ni",Yes,Ni,clean,N,Y,Y,,N,,,,,,,,,,,,,,,,,,,,,,SEGMEW_clean,259.2
SEHNID_clean,5.75155,4.35756,5.66689,1.44623,1469.69,1016.22,4.17576,2.88733,0.5848,0.404361,0.0,"Ru,Eu",Yes,Eu,clean,N,Y,Y,,N,,,,,,,,,,,,,,,,,,,,,,SEHNID_clean,400.3
SEHSII_clean,5.51627,4.61799,5.4977,1.32529,2244.33,1693.46,0.0,0.0,0.6396,0.482611,0.0,Tb,Yes,Tb,clean,N,Y,Y,,N,,,,,,,,,,,,,,,,,,,,,,SEHSII_clean,254.9
SEHSUU_clean,5.44704,4.60331,5.44667,1.3755,2258.75,1642.13,0.0,0.0,0.6246,0.454089,0.0,Er,Yes,Er,clean,N,Y,Y,,N,,,,,,,,,,,,,,,,,,,,,,SEHSUU_clean,263.7
SEHTAB_clean,5.41612,4.59352,5.36104,1.41024,2230.71,1581.8,0.0,0.0,0.6402,0.453966,0.0,Yb,Yes,Yb,clean,N,Y,Y,,N,,,,,,,,,,,,,,,,,,,,,,SEHTAB_clean,343.5
SEHTEF_clean,5.47631,4.61623,5.47631,1.08146,2270.04,2099.06,0.0,0.0,0.6446,0.596049,0.0,Y,Yes,Y,clean,N,Y,Y,,N,,,,,,,,,,,,,,,,,,,,,,SEHTEF_clean,293.4
SEHVOQ_clean,4.8676,3.87877,4.8676,1.74504,1289.65,739.04,0.0,0.0,0.497,0.284807,0.0,V,Yes,V,clean,N,Y,Y,,N,,,,,,,,,,,,,,,,,,,,,,SEHVOQ_clean,485.3
SEHXIN_clean,7.02055,6.72566,7.02055,1.5497,1564.27,1009.4,0.0,0.0,0.5642,0.364069,0.0,Eu,No, ,clean,Y,Y,Y,,N,,,,,,,,,,,,,,,,,,,,,,SEHXIN_clean,210.8
SEHZUB_clean,5.72411,4.04304,5.72411,1.14687,1108.91,966.904,0.0,0.0,0.5276,0.460036,0.0,Co,Yes,Co,clean,Y,Y,Y,,N,,,,,,,,,,,,,,,,,,,,,,SEHZUB_clean,333.9
SEJBAL_clean,5.28042,3.84303,5.01194,1.17037,1017.74,869.583,0.0,0.0,0.5124,0.437809,0.0,Ni,Yes,Ni,clean,Y,Y,Y,,N,,,,,,,,,,,,,,,,,,,,,,SEJBAL_clean,302.9
SENVIR_clean,15.37344,3.88956,15.37344,0.850165,1726.79,2031.12,0.0,0.0,0.6596,0.77585,0.0,Co,Yes,Co,clean,Y,Y,Y,,N,,,,,,,,,,,,,,,,,,,,,,SENVIR_clean,1172.4
SEQSIS_clean,5.53296,4.93164,5.53296,1.1424,1232.92,1079.24,0.0,0.0,0.546,0.477942,0.0,Ni,Yes,Ni,clean,Y,Y,Y,,N,,,,,,,,,,,,,,,,,,,,,,SEQSIS_clean,1640.9
SEQSOY_clean,6.18995,5.53555,6.17075,1.00925,1555.89,1541.63,0.0,0.0,0.5934,0.587963,0.0,Co,Yes,Co,clean,Y,Y,Y,,N,,,,,,,,,,,,,,,,,,,,,,SEQSOY_clean,929.4
SEQTEP_clean,7.6925,5.22397,7.6925,0.967552,1457.91,1506.8,0.0,0.0,0.5822,0.601725,0.0,Mn,Yes,Mn,clean,Y,Y,Y,,N,,,,,,,,,,,,,,,,,,,,,,SEQTEP_clean,482.9
SERCEZ_clean,10.07441,8.56931,10.07441,0.708098,2363.51,3337.82,0.0,0.0,0.7424,1.04844,0.0,Zn,Yes,Zn,clean,Y,Y,Y,,N,,,,,,,,,,,,,,,,,,,,,,SERCEZ_clean,611.9
SERJOP_clean,8.8151,8.02852,8.80673,1.47492,1445.52,980.069,0.0,0.0,0.5668,0.384292,0.0,Er,Yes,Er,clean,Y,Y,Y,,N,,,,,,,,,,,,,,,,,,,,,,SERJOP_clean,442.7
SERJUV_clean,8.81658,8.12377,8.8037,1.17608,1441.79,1225.93,0.0,0.0,0.577,0.490611,0.0,Y,Yes,Y,clean,Y,Y,Y,,N,,,,,,,,,,,,,,,,,,,,,,SERJUV_clean,179.2
SERLEI_clean,11.28347,6.23061,11.2833,0.73908,2383.12,3224.44,0.0,0.0,0.7306,0.988527,0.0,Cu,Yes,Cu,clean,N,Y,Y,,N,,,,,,,,,,,,,,,,,,,,,,SERLEI_clean,338.5
SERWAP_clean,5.42763,4.05857,5.33801,0.873598,1883.71,2156.27,0.0,0.0,0.6098,0.698033,0.0,"Zn,Si",No, ,clean,Y,Y,Y,,N,,,,,,,,,,,,,,,,,,,,,,SERWAP_clean,1255.2
SETDUS_clean,4.71148,4.0993,4.71148,1.05303,1402.23,1331.61,0.0,0.0,0.6032,0.572822,0.0,Cu,Yes,Cu,clean,N,Y,Y,,N,,,,,,,,,,,,,,,,,,,,,,SETDUS_clean,626.0
SETPEO_clean,14.47047,3.66339,14.46844,0.794221,1742.27,2193.69,0.0,0.0,0.7298,0.918888,0.0,In,Yes,In,clean,Y,Y,Y,,N,,,,,,,,,,,,,,,,,,,,,,SETPEO_clean,236.2
SETQAL_clean,4.42679,4.26632,4.42679,1.31307,1092.38,831.931,0.0,0.0,0.5278,0.40196,0.0,Fe,No, ,clean,N,Y,Y,,N,,,,,,,,,,,,,,,,,,,,,,SETQAL_clean,860.1
SETQEP_clean,4.49444,4.34625,4.49444,1.29869,1133.37,872.699,0.0,0.0,0.5334,0.410721,0.0,Fe,No, ,clean,N,Y,Y,,N,,,,,,,,,,,,,,,,,,,,,,SETQEP_clean,872.8
SETQIT_clean,4.41727,4.22902,4.41727,1.31505,1081.66,822.523,0.0,0.0,0.5234,0.398009,0.0,Fe,No, ,clean,N,Y,Y,,N,,,,,,,,,,,,,,,,,,,,,,SETQIT_clean,840.7
SETQOZ_SL,7.85539,7.34267,7.85421,0.993925,1777.54,1788.41,0.0,0.0,0.6354,0.639284,0.0,Fe,No, ,SL,Y,Y,Y,,N,,,,,,,,,,,,,,,,,,,,,,SETQOZ_SL,192.9
SETQUF_SL,7.76352,7.22608,7.76352,0.996606,1737.41,1743.32,0.0,0.0,0.6204,0.622513,0.0,Fe,No, ,SL,Y,Y,Y,,N,,,,,,,,,,,,,,,,,,,,,,SETQUF_SL,385.9
SETRAM_clean,8.05582,7.60574,8.05085,0.990751,1790.54,1807.25,0.0,0.0,0.6356,0.641533,0.0,Fe,No, ,clean,N,Y,Y,,N,,,,,,,,,,,,,,,,,,,,,,SETRAM_clean,213.3
SETSIV_clean,10.19056,8.58608,10.19056,0.702208,2298.35,3273.03,0.0,0.0,0.7264,1.03445,0.0,"Zn,Cr",Yes,Cr,clean,Y,Y,Y,,N,,,,,,,,,,,,,,,,,,,,,,SETSIV_clean,139.0
SETSOB_clean,6.38657,4.98443,6.37723,0.814512,2668.09,3275.69,0.0,0.0,0.6874,0.843941,0.0,"Zn,Cr",No, ,clean,Y,Y,Y,,N,,,,,,,,,,,,,,,,,,,,,,SETSOB_clean,187.3
SETXEW_clean,4.58511,3.92335,4.57028,2.3001,529.435,230.179,0.0,0.0,0.417,0.181296,0.0,"Mo,Zn",Yes,"Mo,Zn",clean,N,Y,Y,,N,,,,,,,,,,,,,,,,,,,,,,SETXEW_clean,561.2
SEVLEM_clean,9.1752,7.37433,9.1752,0.963135,2062.24,2141.17,0.0,0.0,0.6686,0.694191,0.0,Cd,Yes,Cd,clean,Y,Y,Y,,N,,,,,,,,,,,,,,,,,,,,,,SEVLEM_clean,775.5
SEWCED_clean,12.17369,9.5104,12.17369,0.810307,1760.05,2172.08,0.0,0.0,0.6728,0.830303,0.0,Cd,Yes,Cd,clean,Y,Y,Y,,N,,,,,,,,,,,,,,,,,,,,,,SEWCED_clean,779.7
SEYQIW_clean,5.89707,5.20358,5.89707,1.03265,2825.78,2736.42,0.0,0.0,0.6948,0.672829,0.0,Zn,No, ,clean,N,Y,Y,,N,,,,,,,,,,,,,,,,,,,,,,SEYQIW_clean,143.2
SEZPOE_clean,4.80607,4.08896,4.78655,1.66902,1314.15,787.374,0.0,0.0,0.5938,0.355777,0.0,Zn,No, ,clean,N,Y,Y,,N,,,,,,,,,,,,,,,,,,,,,,SEZPOE_clean,451.3
SICZOV_clean,18.76086,11.86635,18.76086,0.419881,1773.06,4222.76,0.0,0.0,0.8408,2.00247,0.0,In,Yes,In,clean,Y,Y,Y,,N,,,,,,,,,,,,,,,,,,,,,,SICZOV_clean,461.1
SIDCAL_clean,9.18075,7.95829,9.18075,1.0779,1545.97,1434.24,0.0,0.0,0.5948,0.551815,0.0,Cd,No, ,clean,N,Y,Y,,N,,,,,,,,,,,,,,,,,,,,,,SIDCAL_clean,383.6
SIFVAG_clean,5.52904,3.49181,5.49354,1.16245,673.998,579.808,0.0,0.0,0.4796,0.412577,0.0,"Na,Ag",Yes,"Na,Ag",clean,N,Y,Y,,N,,,,,,,,,,,,,,,,,,,,,,SIFVAG_clean,256.3
SIKGAW_clean,4.92676,4.21433,4.92676,0.888887,2386.29,2684.58,0.0,0.0,0.6492,0.730352,0.0,Cu,No, ,clean,N,Y,Y,,N,,,,,,,,,,,,,,,,,,,,,,SIKGAW_clean,259.4
SIKYER_clean,6.53029,4.26393,6.50771,1.2109,2088.91,1725.09,0.0,0.0,0.6104,0.504089,0.0,Eu,Yes,Eu,clean,Y,Y,Y,,N,,,,,,,,,,,,,,,,,,,,,,SIKYER_clean,679.9
SINQEL_clean,5.80887,4.60559,5.80549,1.29073,2087.2,1617.07,0.0,0.0,0.6484,0.502351,0.0,Zn,No, ,clean,N,Y,Y,,N,,,,,,,,,,,,,,,,,,,,,,SINQEL_clean,265.3
SIPCID_clean,5.31594,4.0774,5.2787,1.47588,738.038,500.065,0.0,0.0,0.506,0.342845,0.0,Na,No, ,clean,N,Y,Y,,N,,,,,,,,,,,,,,,,,,,,,,SIPCID_clean,217.5
SIQCOM_clean,4.78607,3.41332,4.77151,1.37032,965.525,704.599,0.103074,0.0752192,0.535,0.39042,0.0,"Cd,Cs",Yes,Cs,clean,N,Y,Y,,N,,,,,,,,,,,,,,,,,,,,,,SIQCOM_clean,1029.3
SIQQEO_clean,5.38066,4.73377,5.38066,1.02212,1743.14,1705.42,0.0,0.0,0.596,0.583103,0.0,Sr,Yes,Sr,clean,N,Y,Y,,N,,,,,,,,,,,,,,,,,,,,,,SIQQEO_clean,356.8
SISFEH_clean,4.41588,3.6646,4.35167,1.61069,592.834,368.062,0.0,0.0,0.4254,0.26411,0.0,"Sr,Ni",Yes,Ni,clean,Y,Y,Y,,N,,,,,,,,,,,,,,,,,,,,,,SISFEH_clean,324.3
SISPUH_clean,5.99511,5.1936,5.99511,1.69632,1257.02,741.025,0.0,0.0,0.5152,0.303716,0.0,Gd,Yes,Gd,clean,N,Y,Y,,N,,,,,,,,,,,,,,,,,,,,,,SISPUH_clean,593.6
SISQAO_clean,5.99338,5.23289,5.99338,1.66873,1254.35,751.683,0.0,0.0,0.5178,0.310297,0.0,Eu,Yes,Eu,clean,N,Y,Y,,N,,,,,,,,,,,,,,,,,,,,,,SISQAO_clean,589.0
SISQES_clean,5.97003,5.21528,5.97003,1.65966,1234.67,743.931,0.0,0.0,0.5184,0.312353,0.0,Sm,Yes,Sm,clean,N,Y,Y,,N,,,,,,,,,,,,,,,,,,,,,,SISQES_clean,587.6
SISQIW_clean,6.00511,5.20372,6.00511,1.61583,1236.89,765.482,0.0,0.0,0.521,0.322434,0.0,Nd,Yes,Nd,clean,N,Y,Y,,N,,,,,,,,,,,,,,,,,,,,,,SISQIW_clean,585.7
SITTUM_clean,6.67296,3.57209,6.58264,1.4371,626.277,435.791,0.0,0.0,0.4524,0.3148,0.0,Zn,Yes,Zn,clean,Y,Y,Y,,N,,,,,,,,,,,,,,,,,,,,,,SITTUM_clean,1061.8
SIVGIP_clean,5.24448,3.98805,5.17797,1.10666,1685.18,1522.76,0.0,0.0,0.6024,0.544339,0.0,Zn,Yes,Zn,clean,N,Y,Y,,N,,,,,,,,,,,,,,,,,,,,,,SIVGIP_clean,563.4
SIVGOV_clean,5.24396,4.0676,5.24396,1.11955,1644.75,1469.11,0.0,0.0,0.6106,0.545397,0.0,Zn,Yes,Zn,clean,N,Y,Y,,N,,,,,,,,,,,,,,,,,,,,,,SIVGOV_clean,557.5
SIVGUB_clean,8.31266,6.47199,8.20556,0.679186,2443.34,3597.46,0.0,0.0,0.7546,1.11104,0.0,Zn,Yes,Zn,clean,N,Y,Y,,N,,,,,,,,,,,,,,,,,,,,,,SIVGUB_clean,308.9
SIVJIS_clean,6.47513,4.62269,6.40533,1.38853,1236.89,890.797,0.0,0.0,0.5274,0.379827,0.0,Cd,No, ,clean,N,Y,Y,,N,,,,,,,,,,,,,,,,,,,,,,SIVJIS_clean,604.9
SIVKAK_clean,4.30972,3.83052,4.30972,1.95562,167.191,85.4925,0.0,0.0,0.4122,0.210777,0.0,"Ag,Mn",Yes,"Ag,Mn",clean,Y,Y,Y,,N,,,,,,,,,,,,,,,,,,,,,,SIVKAK_clean,215.9
SIVQAR_clean,8.43693,5.95196,8.03277,1.35381,1577.05,1164.9,0.0,0.0,0.616,0.455013,0.0,Cd,Yes,Cd,clean,N,Y,Y,,N,,,,,,,,,,,,,,,,,,,,,,SIVQAR_clean,311.9
SIVWUR_clean,4.87776,4.03318,4.87776,1.72206,462.742,268.715,0.0,0.0,0.3598,0.208936,0.0,Cd,No, ,clean,Y,Y,Y,,N,,,,,,,,,,,,,,,,,,,,,,SIVWUR_clean,995.8
SIWSUO_clean,4.95346,3.52092,4.93971,1.30798,969.125,740.933,0.0,0.0,0.499,0.381505,0.0,Co,Yes,Co,clean,N,Y,Y,,N,,,,,,,,,,,,,,,,,,,,,,SIWSUO_clean,492.5
SIWTEZ_clean,6.78942,4.98966,6.77665,1.39975,1050.66,750.605,0.0,0.0,0.4732,0.33806,0.0,Co,Yes,Co,clean,N,Y,Y,,N,,,,,,,,,,,,,,,,,,,,,,SIWTEZ_clean,499.7
SIWTOJ_clean,4.72876,3.487,4.72876,1.43464,1201.3,837.352,0.0,0.0,0.525,0.365944,0.0,Cd,Yes,Cd,clean,N,Y,Y,,N,,,,,,,,,,,,,,,,,,,,,,SIWTOJ_clean,1058.2
SIZJUH_clean,6.46611,5.64692,6.46611,1.69172,651.341,385.016,66.1469,39.1003,0.474,0.280188,0.0,"Mo,Na",Yes,"Mo,Na",clean,N,Y,Y,,N,,,,,,,,,,,,,,,,,,,,,,SIZJUH_clean,271.6
SIZPUN_clean,19.22538,6.71018,19.22499,0.693763,2153.01,3103.37,0.0,0.0,0.757,1.09115,0.0,Zn,Yes,Zn,clean,Y,Y,Y,,N,,,,,,,,,,,,,,,,,,,,,,SIZPUN_clean,871.4
SOBTUY_clean,5.30158,4.93345,5.25562,1.24028,1722.57,1388.85,0.0,0.0,0.5708,0.460217,0.0,"Cd,Pd",Yes,"Cd,Pd",clean,N,Y,Y,,N,,,,,,,,,,,,,,,,,,,,,,SOBTUY_clean,208.7
SOBZEQ_clean,7.06044,5.44324,7.04565,0.861876,2509.51,2911.69,0.0,0.0,0.7062,0.819376,0.0,"Ca,Cd",Yes,Ca,clean,Y,Y,Y,,N,,,,,,,,,,,,,,,,,,,,,,SOBZEQ_clean,300.6
SOCLAZ_clean,3.66826,3.40979,3.66826,1.5968,132.944,83.257,0.0,0.0,0.3902,0.244364,0.0,Cd,No, ,clean,Y,Y,Y,,N,,,,,,,,,,,,,,,,,,,,,,SOCLAZ_clean,320.7
SODNAA_clean,4.92821,3.76656,4.9265,1.39799,1007.61,720.756,0.0,0.0,0.501,0.358372,0.0,Ag,Yes,Ag,clean,N,Y,Y,,N,,,,,,,,,,,,,,,,,,,,,,SODNAA_clean,261.3
SODQOT_clean,6.38354,5.71555,6.35379,1.16333,2168.31,1863.88,0.0,0.0,0.653,0.561321,0.0,Cu,Yes,Cu,clean,N,Y,Y,,N,,,,,,,,,,,,,,,,,,,,,,SODQOT_clean,307.1
SODXUG_clean,4.72864,4.01613,4.71178,1.34536,905.757,673.244,0.0,0.0,0.4682,0.34801,0.0,Co,Yes,Co,clean,N,Y,Y,,N,,,,,,,,,,,,,,,,,,,,,,SODXUG_clean,1652.8
SODZIV_clean,6.23207,5.25681,6.23207,1.2688,1153.66,909.256,0.0,0.0,0.5338,0.420714,0.0,Cd,Yes,Cd,clean,Y,Y,Y,,N,,,,,,,,,,,,,,,,,,,,,,SODZIV_clean,233.8
SOHBUO_clean,4.82292,4.04207,4.82292,1.2506,823.12,658.177,0.0,0.0,0.481,0.384614,0.0,Ag,Yes,Ag,clean,N,Y,Y,,N,,,,,,,,,,,,,,,,,,,,,,SOHBUO_clean,479.7
SOHGUS_clean,9.69532,8.17838,9.6883,0.723839,1841.74,2544.41,0.0,0.0,0.707,0.976737,0.0,Co,No, ,clean,Y,Y,Y,,N,,,,,,,,,,,,,,,,,,,,,,SOHGUS_clean,455.4
SOHMEI_clean,8.65383,8.02301,8.62464,1.19399,2084.79,1746.06,0.0,0.0,0.6688,0.560138,0.0,Zn,No, ,clean,Y,Y,Y,,N,,,,,,,,,,,,,,,,,,,,,,SOHMEI_clean,422.8
SOHMIM_clean,8.13654,7.41946,8.10265,1.23579,2022.73,1636.78,0.0,0.0,0.6656,0.538601,0.0,Zn,No, ,clean,N,Y,Y,,N,,,,,,,,,,,,,,,,,,,,,,SOHMIM_clean,1294.7
SOHMUY_clean,8.20693,7.56134,7.97833,1.2172,2055.43,1688.66,0.0,0.0,0.6606,0.542722,0.0,Zn,No, ,clean,Y,Y,Y,,N,,,,,,,,,,,,,,,,,,,,,,SOHMUY_clean,401.3
SOHNAF_clean,8.77466,8.24178,8.76382,1.17605,2072.16,1761.97,0.0,0.0,0.686,0.583311,0.0,Zn,No, ,clean,N,Y,Y,,N,,,,,,,,,,,,,,,,,,,,,,SOHNAF_clean,403.1
SOHNEJ_clean,8.72478,7.97366,8.7184,1.18471,2089.45,1763.69,0.0,0.0,0.6672,0.563178,0.0,Zn,No, ,clean,N,Y,Y,,N,,,,,,,,,,,,,,,,,,,,,,SOHNEJ_clean,435.7
SOHNIN_clean,8.46136,7.91648,8.46136,1.21276,2069.15,1706.15,0.0,0.0,0.6704,0.552789,0.0,Zn,No, ,clean,N,Y,Y,,N,,,,,,,,,,,,,,,,,,,,,,SOHNIN_clean,1355.2
SOJGOO_clean,6.25393,4.92061,6.24311,1.24524,1162.74,933.744,0.0,0.0,0.513,0.411967,0.0,Ce,Yes,Ce,clean,Y,Y,Y,,N,,,,,,,,,,,,,,,,,,,,,,SOJGOO_clean,896.4
SOJSUH_clean,8.78676,6.77563,8.78676,0.847279,2062.57,2434.34,0.0,0.0,0.6744,0.79596,0.0,Gd,Yes,Gd,clean,N,Y,Y,,N,,,,,,,,,,,,,,,,,,,,,,SOJSUH_clean,407.2
SOKKOT_ion_b,6.1792,5.66918,6.17838,1.21138,852.75,703.947,80.7869,66.6897,0.5432,0.448412,0.0,In,No, ,ion_b,N,Y,Y,,N,,,,,,,,,,,,,,,,,,,,,,SOKKOT_ion_b,587.6
SOKKUZ_clean,6.70484,6.32665,6.70484,1.05966,2286.47,2157.74,0.0,0.0,0.6502,0.613593,0.0,In,No, ,clean,N,Y,Y,,N,,,,,,,,,,,,,,,,,,,,,,SOKKUZ_clean,596.9
SOKWAS01_clean,5.31439,4.17423,5.31439,1.94035,1774.06,914.299,0.0,0.0,0.5988,0.308604,0.0,U,Yes,U,clean,N,Y,Y,,N,,,,,,,,,,,,,,,,,,,,,,SOKWAS01_clean,227.0
SOKWAS_clean,6.00629,4.14523,5.99555,1.89659,1733.95,914.246,0.0,0.0,0.6016,0.317201,0.0,U,Yes,U,clean,N,Y,Y,,N,,,,,,,,,,,,,,,,,,,,,,SOKWAS_clean,415.1
SOKWUM_clean,5.85854,4.29712,5.84922,1.62759,2447.15,1503.54,0.0,0.0,0.6492,0.398872,0.0,"Ni,U",Yes,U,clean,N,Y,Y,,N,,,,,,,,,,,,,,,,,,,,,,SOKWUM_clean,181.5
SOMCON_clean,8.11347,7.39172,8.11088,1.23046,2025.07,1645.79,0.0,0.0,0.6712,0.545487,0.0,Zn,No, ,clean,Y,Y,Y,,N,,,,,,,,,,,,,,,,,,,,,,SOMCON_clean,1318.8
SOMFAC_clean,6.70637,6.34214,6.70637,1.04875,2285.42,2179.2,0.0,0.0,0.6702,0.639049,0.0,In,No, ,clean,N,Y,Y,,N,,,,,,,,,,,,,,,,,,,,,,SOMFAC_clean,590.4
SOMFEG_clean,6.71551,6.34258,6.71551,1.05531,2284.15,2164.44,0.0,0.0,0.6512,0.61707,0.0,In,No, ,clean,N,Y,Y,,N,,,,,,,,,,,,,,,,,,,,,,SOMFEG_clean,590.1
SOMFIK_clean,6.73279,6.35537,6.73279,1.03071,2266.62,2199.08,0.0,0.0,0.6584,0.63878,0.0,In,No, ,clean,N,Y,Y,,N,,,,,,,,,,,,,,,,,,,,,,SOMFIK_clean,589.8
SOMSIY_clean,6.00203,5.70916,6.00203,1.30077,1538.34,1182.64,0.0,0.0,0.5758,0.442662,0.0,Ga,No, ,clean,N,Y,Y,,N,,,,,,,,,,,,,,,,,,,,,,SOMSIY_clean,378.1
SONTAR_manual,6.97799,5.28288,6.97799,1.00094,2334.34,2332.14,0.0,0.0,0.674,0.673365,0.0,Pr,Yes,Pr,manual,N,Y,Y,,N,,,,,,,,,,,,,,,,,,,,,,SONTAR_manual,202.1
SONTIZ_clean,6.62072,5.41763,6.62072,1.09079,2319.93,2126.83,0.0,0.0,0.6638,0.608548,0.0,Tb,Yes,Tb,clean,N,Y,Y,,N,,,,,,,,,,,,,,,,,,,,,,SONTIZ_clean,191.2
SONTOF_clean,6.50923,5.39354,6.50923,1.11456,2282.12,2047.56,0.0,0.0,0.6604,0.592523,0.0,Dy,Yes,Dy,clean,N,Y,Y,,N,,,,,,,,,,,,,,,,,,,,,,SONTOF_clean,191.9
SONTUL_neutral_b,11.07564,6.55104,11.07564,0.882976,2163.69,2450.45,0.0,0.0,0.717,0.812027,0.0,Cu,Yes,Cu,neutral_b,N,Y,Y,,N,,,,,,,,,,,,,,,,,,,,,,SONTUL_neutral_b,226.4
SONVAT_neutral_b,13.18133,6.56576,13.18133,0.88151,2137.18,2424.45,0.0,0.0,0.7168,0.81315,0.0,Cu,Yes,Cu,neutral_b,N,Y,Y,,N,,,,,,,,,,,,,,,,,,,,,,SONVAT_neutral_b,227.6
SONVEX_neutral_b,13.20026,6.62162,13.20026,0.879921,2126.12,2416.26,0.0,0.0,0.7172,0.815073,0.0,Cu,Yes,Cu,neutral_b,N,Y,Y,,N,,,,,,,,,,,,,,,,,,,,,,SONVEX_neutral_b,230.2
SONVIB_neutral_b,13.19327,6.63983,13.19327,0.881013,2113.29,2398.7,0.0,0.0,0.7204,0.817695,0.0,Cu,Yes,Cu,neutral_b,N,Y,Y,,N,,,,,,,,,,,,,,,,,,,,,,SONVIB_neutral_b,229.4
SOPLAM_clean,7.99336,6.43639,7.96868,0.786263,2208.41,2808.75,0.0,0.0,0.6702,0.852386,0.0,Zn,Yes,Zn,clean,N,Y,Y,,N,,,,,,,,,,,,,,,,,,,,,,SOPLAM_clean,155.8
SOPLEQ_clean,8.78838,7.50509,8.78838,0.73171,2217.3,3030.3,0.0,0.0,0.6802,0.929603,0.0,Zn,No, ,clean,Y,Y,Y,,N,,,,,,,,,,,,,,,,,,,,,,SOPLEQ_clean,757.3
SOPLOA_clean,8.29809,6.85068,8.29809,0.790491,2059.77,2605.68,0.0,0.0,0.6598,0.834671,0.0,Zn,Yes,Zn,clean,Y,Y,Y,,N,,,,,,,,,,,,,,,,,,,,,,SOPLOA_clean,284.5
SOSSEA_clean,4.66034,3.46037,4.63504,1.16769,974.945,834.933,0.0,0.0,0.5088,0.435731,0.0,Cd,No, ,clean,Y,Y,Y,,N,,,,,,,,,,,,,,,,,,,,,,SOSSEA_clean,725.6
SOTWOP_clean,6.21348,5.18247,6.21348,1.16378,2263.81,1945.21,0.0,0.0,0.6514,0.559726,0.0,Eu,Yes,Eu,clean,N,Y,Y,,N,,,,,,,,,,,,,,,,,,,,,,SOTWOP_clean,243.8
SOTWUV_clean,6.18672,5.12197,6.18672,1.20466,2258.56,1874.85,0.0,0.0,0.6516,0.540898,0.0,Tb,Yes,Tb,clean,N,Y,Y,,N,,,,,,,,,,,,,,,,,,,,,,SOTWUV_clean,251.2
SOTXAC_clean,6.12649,5.14189,6.12133,1.25484,2251.96,1794.63,0.0,0.0,0.645,0.514011,0.0,Er,Yes,Er,clean,N,Y,Y,,N,,,,,,,,,,,,,,,,,,,,,,SOTXAC_clean,261.8
SOTXEG_neutral,5.04075,3.40746,5.04075,1.50786,630.779,418.326,0.0,0.0,0.472,0.313026,0.0,Yb,No, ,neutral,Y,Y,Y,,N,,,,,,,,,,,,,,,,,,,,,,SOTXEG_neutral,846.8
SOVHAM_clean,4.88485,4.19849,4.88485,1.17469,1409.46,1199.86,0.0,0.0,0.5526,0.470422,0.0,"Cd,Ni",Yes,Ni,clean,Y,Y,Y,,N,,,,,,,,,,,,,,,,,,,,,,SOVHAM_clean,207.7
SOVHOA_clean,4.19176,3.82361,4.19176,1.2075,1328.47,1100.17,0.0,0.0,0.5406,0.4477,0.0,"Cd,Ni",Yes,Ni,clean,N,Y,Y,,N,,,,,,,,,,,,,,,,,,,,,,SOVHOA_clean,279.6
SOVLEW_clean,16.78989,6.64048,16.78989,0.755158,2186.99,2896.07,0.0,0.0,0.742,0.982576,0.0,Cu,Yes,Cu,clean,Y,Y,Y,,N,,,,,,,,,,,,,,,,,,,,,,SOVLEW_clean,2618.6
SOXDAM_clean,7.87287,4.28499,7.87287,1.75813,1069.27,608.188,0.0,0.0,0.4738,0.26949,0.0,"Tb,Zn",Yes,Zn,clean,Y,Y,Y,,N,,,,,,,,,,,,,,,,,,,,,,SOXDAM_clean,535.6
SOXDEQ_clean,7.82825,4.19616,7.82511,1.75226,1007.81,575.152,0.0,0.0,0.4478,0.255556,0.0,"Tb,Co",Yes,Co,clean,Y,Y,Y,,N,,,,,,,,,,,,,,,,,,,,,,SOXDEQ_clean,544.8
SOYFUJ_clean,4.60508,3.53241,4.56134,1.47456,918.914,623.177,0.0,0.0,0.5152,0.349392,0.0,Ag,Yes,Ag,clean,N,Y,Y,,N,,,,,,,,,,,,,,,,,,,,,,SOYFUJ_clean,972.9
SOYWOT_neutral_b,13.17245,6.57882,13.17245,0.881994,2147.64,2434.99,0.0,0.0,0.7166,0.812478,0.0,Cu,Yes,Cu,neutral_b,N,Y,Y,,N,,,,,,,,,,,,,,,,,,,,,,SOYWOT_neutral_b,230.8
SOYWUZ_clean,13.18202,6.56101,13.18202,0.874244,2168.24,2480.14,0.0,0.0,0.7172,0.820366,0.0,Cu,Yes,Cu,clean,N,Y,Y,,N,,,,,,,,,,,,,,,,,,,,,,SOYWUZ_clean,2466.2
SOZBIS_clean,7.02326,5.68654,7.02326,1.02671,2667.76,2598.37,0.0,0.0,0.7458,0.7264,0.0,Cd,No, ,clean,N,Y,Y,,N,,,,,,,,,,,,,,,,,,,,,,SOZBIS_clean,146.6
SOZGIZ_clean,8.59808,3.83664,8.57584,1.027,1782.17,1735.31,0.0,0.0,0.6252,0.608761,0.0,Tm,Yes,Tm,clean,N,Y,Y,,N,,,,,,,,,,,,,,,,,,,,,,SOZGIZ_clean,1376.5
SOZGOF_clean,8.62412,3.75854,8.61676,1.03974,1771.69,1703.98,0.0,0.0,0.6218,0.598036,0.0,Yb,Yes,Yb,clean,N,Y,Y,,N,,,,,,,,,,,,,,,,,,,,,,SOZGOF_clean,1525.1
SOZRUW_clean,8.81736,4.01112,8.59398,0.978332,1794.66,1834.4,0.0,0.0,0.6308,0.644771,0.0,Sm,Yes,Sm,clean,N,Y,Y,,N,,,,,,,,,,,,,,,,,,,,,,SOZRUW_clean,1318.1
SOZSAD_clean,8.8027,3.99777,8.80075,0.979603,1802.77,1840.31,0.0,0.0,0.6322,0.645363,0.0,Eu,Yes,Eu,clean,N,Y,Y,,N,,,,,,,,,,,,,,,,,,,,,,SOZSAD_clean,1322.3
SOZSEH_clean,8.87095,4.01926,8.85196,0.99882,1779.57,1781.67,0.0,0.0,0.63,0.630744,0.0,Gd,Yes,Gd,clean,N,Y,Y,,N,,,,,,,,,,,,,,,,,,,,,,SOZSEH_clean,1333.1
SOZSIL_clean,8.7376,3.97317,8.68094,0.99936,1793.88,1795.03,0.0,0.0,0.631,0.631404,0.0,Tb,Yes,Tb,clean,N,Y,Y,,N,,,,,,,,,,,,,,,,,,,,,,SOZSIL_clean,1368.7
SOZSOR_clean,8.74499,3.992,8.31175,1.01024,1785.62,1767.53,0.0,0.0,0.6274,0.621043,0.0,Dy,Yes,Dy,clean,N,Y,Y,,N,,,,,,,,,,,,,,,,,,,,,,SOZSOR_clean,1333.8
SOZSUX_clean,8.70746,3.96873,8.68609,1.0202,1783.95,1748.63,0.0,0.0,0.6284,0.615958,0.0,Er,Yes,Er,clean,N,Y,Y,,N,,,,,,,,,,,,,,,,,,,,,,SOZSUX_clean,1371.2
SUBMIN_clean,9.97573,6.14945,9.9755,0.833875,1650.14,1978.89,0.0,0.0,0.635,0.761505,0.0,Cd,No, ,clean,N,Y,Y,,N,,,,,,,,,,,,,,,,,,,,,,SUBMIN_clean,1146.6
SUCLOT_clean,5.75412,5.30597,5.75185,0.900285,1657.72,1841.33,0.0,0.0,0.6148,0.682895,0.0,Ca,Yes,Ca,clean,N,Y,Y,,N,,,,,,,,,,,,,,,,,,,,,,SUCLOT_clean,154.6
SUFBAY_clean,6.49481,4.4278,6.49481,0.863231,1967.74,2279.51,0.0,0.0,0.608,0.704331,0.0,Cd,No, ,clean,N,Y,Y,,N,,,,,,,,,,,,,,,,,,,,,,SUFBAY_clean,643.4
SUFHIM_clean,10.78647,9.46825,10.78641,1.0639,1328.84,1249.03,0.0,0.0,0.569,0.534826,0.0,"Na,Zn",Yes,"Na,Zn",clean,N,Y,Y,,N,,,,,,,,,,,,,,,,,,,,,,SUFHIM_clean,321.8
SUFJOU_clean,6.30332,3.54841,6.29414,1.24899,1424.61,1140.61,0.0,0.0,0.571,0.457169,0.0,Zn,Yes,Zn,clean,N,Y,Y,,N,,,,,,,,,,,,,,,,,,,,,,SUFJOU_clean,3611.3
SUFROA_clean,5.45181,5.00801,5.45026,0.91452,1466.61,1603.69,0.0,0.0,0.6234,0.681669,0.0,Cu,No, ,clean,N,Y,Y,,N,,,,,,,,,,,,,,,,,,,,,,SUFROA_clean,131.6
SUGDIJ_auto,12.99556,11.59411,12.53696,0.409914,1974.15,4816.02,0.0,0.0,0.8394,2.04775,0.0,Zn,No, ,auto,N,Y,Y,,N,,,,,,,,,,,,,,,,,,,,,,SUGDIJ_auto,219.6
SUGVUM_clean,5.79435,4.06776,5.78784,1.1064,1279.06,1156.05,0.0,0.0,0.5442,0.491863,0.0,Cu,Yes,Cu,clean,Y,Y,Y,,N,,,,,,,,,,,,,,,,,,,,,,SUGVUM_clean,488.1
SUHBAA_clean,11.92534,10.15941,10.7957,0.715863,1973.75,2757.16,0.0,0.0,0.807,1.12731,0.000279383,Zn,Yes,Zn,clean,N,Y,Y,,N,,,,,,,,,,,,,,,,,,,,,,SUHBAA_clean,315.9
SUHMEP_clean,8.35438,6.74513,8.35438,1.25512,1629.48,1298.27,0.0,0.0,0.6082,0.484574,0.0,Co,No, ,clean,N,Y,Y,,N,,,,,,,,,,,,,,,,,,,,,,SUHMEP_clean,409.0
SUJNUH_clean,7.55155,6.59808,7.55155,1.24948,986.433,789.474,0.0,0.0,0.5334,0.426897,0.0,Cu,Yes,Cu,clean,Y,Y,Y,,N,,,,,,,,,,,,,,,,,,,,,,SUJNUH_clean,428.3
SUKKUF_clean,5.04,3.85862,5.04,2.47267,613.367,248.059,0.0,0.0,0.3764,0.152224,0.0,"Pt,K",Yes,K,clean,N,Y,Y,,N,,,,,,,,,,,,,,,,,,,,,,SUKKUF_clean,351.3
SUKREX_clean,5.76528,3.44001,5.76528,2.05587,771.787,375.407,0.0,0.0,0.4332,0.210714,0.0,La,Yes,La,clean,N,Y,Y,,N,,,,,,,,,,,,,,,,,,,,,,SUKREX_clean,316.6
SUKRIB_clean,5.67492,3.40868,5.64201,2.09272,780.987,373.192,0.0,0.0,0.4274,0.204232,0.0,Ce,Yes,Ce,clean,N,Y,Y,,N,,,,,,,,,,,,,,,,,,,,,,SUKRIB_clean,316.0
SUKYIH_clean,9.64677,7.09331,9.64677,0.59954,2372.38,3957.0,0.0,0.0,0.7742,1.29132,0.0,Cu,Yes,Cu,clean,Y,Y,Y,,N,,,,,,,,,,,,,,,,,,,,,,SUKYIH_clean,294.8
SUKYON_clean,10.7978,7.28862,10.07334,0.52652,2852.06,5416.81,0.601169,1.14178,0.7786,1.47877,0.0,Cu,Yes,Cu,clean,Y,Y,Y,,N,,,,,,,,,,,,,,,,,,,,,,SUKYON_clean,227.9
SUNHUF_clean,6.56646,4.08998,6.54784,1.26553,1485.95,1174.18,0.0,0.0,0.5694,0.449931,0.0,Nd,No, ,clean,N,Y,Y,,N,,,,,,,,,,,,,,,,,,,,,,SUNHUF_clean,258.9
SUNJER_clean,4.80272,3.79637,4.63139,1.43298,1698.73,1185.45,0.0,0.0,0.5816,0.405867,0.0,Yb,Yes,Yb,clean,N,Y,Y,,N,,,,,,,,,,,,,,,,,,,,,,SUNJER_clean,321.5
SUNJIV_clean,4.89155,3.90131,4.73471,1.36084,1754.51,1289.29,0.0,0.0,0.5968,0.438553,0.0,Dy,Yes,Dy,clean,N,Y,Y,,N,,,,,,,,,,,,,,,,,,,,,,SUNJIV_clean,240.8
SUNJOB01_clean,4.89634,3.8976,4.73512,1.37366,1723.73,1254.84,0.0,0.0,0.596,0.433877,0.0,Ho,Yes,Ho,clean,N,Y,Y,,N,,,,,,,,,,,,,,,,,,,,,,SUNJOB01_clean,250.7
SUNJOB_clean,4.89048,3.89627,4.72752,1.37509,1744.51,1268.65,0.0,0.0,0.5894,0.428626,0.0,Ho,Yes,Ho,clean,N,Y,Y,,N,,,,,,,,,,,,,,,,,,,,,,SUNJOB_clean,252.7
SUPLOF_clean,9.82615,5.81764,9.823,0.800346,2153.22,2690.36,0.0,0.0,0.6784,0.847633,0.0,Zn,No, ,clean,Y,Y,Y,,N,,,,,,,,,,,,,,,,,,,,,,SUPLOF_clean,431.7
SUQHUJ_clean,7.25953,5.23411,7.25953,1.08539,2701.3,2488.77,0.0,0.0,0.709,0.653219,0.0,In,Yes,In,clean,N,Y,Y,,N,,,,,,,,,,,,,,,,,,,,,,SUQHUJ_clean,1038.8
SUQJEV_clean,6.37976,3.41068,6.37976,1.61288,1257.56,779.698,0.0,0.0,0.5318,0.329721,0.0,In,Yes,In,clean,N,Y,Y,,N,,,,,,,,,,,,,,,,,,,,,,SUQJEV_clean,1113.3
SURDOA_clean,4.38797,3.72635,4.38797,1.29817,708.567,545.82,0.0,0.0,0.448,0.345101,0.0,Co,No, ,clean,N,Y,Y,,N,,,,,,,,,,,,,,,,,,,,,,SURDOA_clean,569.4
SUSZIQ_clean,6.2853,5.33445,6.2853,1.91818,700.301,365.087,0.0,0.0,0.4294,0.223858,0.0,Al,No, ,clean,N,Y,Y,,N,,,,,,,,,,,,,,,,,,,,,,SUSZIQ_clean,1243.9
SUSZOW_clean,6.37118,5.41681,6.36973,1.91863,721.465,376.031,0.0,0.0,0.4268,0.22245,0.0,Al,No, ,clean,N,Y,Y,,N,,,,,,,,,,,,,,,,,,,,,,SUSZOW_clean,1301.1
SUVNEE_clean,15.6562,6.95834,15.6562,0.815704,1584.31,1942.26,314.611,385.692,0.6944,0.851289,0.0,Ni,Yes,Ni,clean,N,Y,Y,,N,,,,,,,,,,,,,,,,,,,,,,SUVNEE_clean,3955.6
SUWBET_clean,4.90044,3.63709,4.9004,1.39724,1278.69,915.152,0.0,0.0,0.5378,0.384902,0.0,Ag,Yes,Ag,clean,N,Y,Y,,N,,,,,,,,,,,,,,,,,,,,,,SUWBET_clean,1867.4
SUWQEI_clean,9.47366,7.57886,8.89706,0.818244,1562.75,1909.88,0.0,0.0,0.6376,0.779229,0.0,Cu,Yes,Cu,clean,N,Y,Y,,N,,,,,,,,,,,,,,,,,,,,,,SUWQEI_clean,839.6
TACFIN_clean,4.11781,3.54093,4.10826,2.15064,560.827,260.772,0.0,0.0,0.499,0.232024,0.0,"Zn,Co",No, ,clean,N,Y,Y,,N,,,,,,,,,,,,,,,,,,,,,,TACFIN_clean,494.3
TACPAP_clean,6.18933,6.06319,6.18525,1.70548,627.561,367.968,0.0,0.0,0.428,0.250956,0.0,Zn,No, ,clean,Y,Y,Y,,N,,,,,,,,,,,,,,,,,,,,,,TACPAP_clean,359.2
TACPET_clean,6.03338,5.92233,6.03037,1.73347,616.775,355.803,0.0,0.0,0.4186,0.241481,0.0,Zn,No, ,clean,N,Y,Y,,N,,,,,,,,,,,,,,,,,,,,,,TACPET_clean,332.6
TACPIX_clean,6.11363,6.00668,6.11363,1.71163,630.3,368.246,0.0,0.0,0.4286,0.250405,0.0,Zn,No, ,clean,N,Y,Y,,N,,,,,,,,,,,,,,,,,,,,,,TACPIX_clean,318.0
TACWOM_clean,6.848,5.25293,6.59533,0.694132,2524.62,3637.09,0.0,0.0,0.711,1.0243,0.0,Ni,Yes,Ni,clean,N,Y,Y,,N,,,,,,,,,,,,,,,,,,,,,,TACWOM_clean,487.4
TACWUS_clean,6.83932,5.17767,6.83932,0.667047,2492.87,3737.18,0.0,0.0,0.6944,1.04101,0.0,Mn,Yes,Mn,clean,N,Y,Y,,N,,,,,,,,,,,,,,,,,,,,,,TACWUS_clean,481.8
TADCOS_clean,5.56445,4.67968,5.55486,1.27739,2127.97,1665.87,0.0,0.0,0.6456,0.505404,0.0,Zn,No, ,clean,N,Y,Y,,N,,,,,,,,,,,,,,,,,,,,,,TADCOS_clean,366.5
TADWEC_manual,12.9835,12.22348,12.9835,0.782876,1609.55,2055.94,0.0,0.0,0.6462,0.825418,0.0,Zn,Yes,Zn,manual,Y,Y,Y,,N,,,,,,,,,,,,,,,,,,,,,,TADWEC_manual,1758.5
TADWIG_manual,12.20204,12.01283,12.20204,0.782648,1673.73,2138.55,0.0,0.0,0.6702,0.856323,0.0,Zn,Yes,Zn,manual,Y,Y,Y,,N,,,,,,,,,,,,,,,,,,,,,,TADWIG_manual,1595.1
TADYEE_clean,6.41454,5.84385,6.41454,1.06115,1369.43,1290.51,0.0,0.0,0.545,0.513592,0.0,"Mo,Ni",No, ,clean,Y,Y,Y,,N,,,,,,,,,,,,,,,,,,,,,,TADYEE_clean,275.9
TADYII_clean,4.96323,4.04573,4.95818,1.11527,1604.24,1438.44,0.0,0.0,0.5578,0.500149,0.0,"W,Ni",No, ,clean,Y,Y,Y,,N,,,,,,,,,,,,,,,,,,,,,,TADYII_clean,359.8
TAGBUZ_clean,4.64533,3.41141,4.64533,1.22769,600.487,489.118,0.0,0.0,0.4834,0.393746,0.0,Ag,Yes,Ag,clean,Y,Y,Y,,N,,,,,,,,,,,,,,,,,,,,,,TAGBUZ_clean,342.9
TAGSEB_clean,5.65756,4.12237,5.64659,1.3278,950.233,715.647,0.0,0.0,0.4958,0.373401,0.0,"Cu,V",Yes,"Cu,V",clean,N,Y,Y,,N,,,,,,,,,,,,,,,,,,,,,,TAGSEB_clean,721.6
TAGTED_clean,7.12719,5.34262,7.10815,0.804618,2476.05,3077.29,0.0,0.0,0.6892,0.856555,0.0,Mg,Yes,Mg,clean,N,Y,Y,,N,,,,,,,,,,,,,,,,,,,,,,TAGTED_clean,438.9
TAGTIH_clean,7.18408,5.4183,7.18408,0.735724,2753.27,3742.25,0.0,0.0,0.7098,0.964764,0.0,Mg,Yes,Mg,clean,N,Y,Y,,N,,,,,,,,,,,,,,,,,,,,,,TAGTIH_clean,285.1
TAGTUT_clean,8.9985,5.11189,8.9985,0.769828,1964.88,2552.36,0.0,0.0,0.6538,0.849281,0.0,Mg,Yes,Mg,clean,N,Y,Y,,N,,,,,,,,,,,,,,,,,,,,,,TAGTUT_clean,1217.7
TAGVAB_clean,7.19373,5.47476,7.19162,0.743514,2474.93,3328.7,0.0,0.0,0.678,0.911886,0.0,Mg,Yes,Mg,clean,N,Y,Y,,N,,,,,,,,,,,,,,,,,,,,,,TAGVAB_clean,609.7
TAHNEY_clean,10.9331,7.2387,10.84031,1.02563,2322.37,2264.33,0.0472135,0.0460334,0.7992,0.779225,0.0,"W,Cu",Yes,Cu,clean,N,Y,Y,,N,,,,,,,,,,,,,,,,,,,,,,TAHNEY_clean,173.4
TAJXIO01_clean,3.69381,3.48019,3.69381,2.30789,102.259,44.3085,0.0,0.0,0.3224,0.139695,0.0,Ag,Yes,Ag,clean,N,Y,Y,,N,,,,,,,,,,,,,,,,,,,,,,TAJXIO01_clean,308.2
TAJXIO02_clean,3.66669,3.45698,3.66669,2.31975,96.8188,41.7367,0.0,0.0,0.3178,0.136997,0.0,Ag,Yes,Ag,clean,N,Y,Y,,N,,,,,,,,,,,,,,,,,,,,,,TAJXIO02_clean,299.1
TAJXIO03_clean,3.62936,3.42106,3.62936,2.33614,88.0182,37.6767,0.0,0.0,0.3106,0.132954,0.0,Ag,Yes,Ag,clean,N,Y,Y,,N,,,,,,,,,,,,,,,,,,,,,,TAJXIO03_clean,282.0
TAJXIO04_clean,3.63081,3.41863,3.61802,2.33825,87.153,37.2728,0.0,0.0,0.3114,0.133177,0.0,Ag,Yes,Ag,clean,N,Y,Y,,N,,,,,,,,,,,,,,,,,,,,,,TAJXIO04_clean,281.9
TAJXIO_clean,3.69262,3.45097,3.69262,2.33323,96.1718,41.2184,0.0,0.0,0.319,0.136721,0.0,Ag,Yes,Ag,clean,N,Y,Y,,N,,,,,,,,,,,,,,,,,,,,,,TAJXIO_clean,295.9
TAKGOE_clean,10.5248,9.55919,10.5248,1.53175,1232.21,804.446,0.0,0.0,0.5862,0.3827,0.0,"Cu,La",Yes,Cu,clean,N,Y,Y,,N,,,,,,,,,,,,,,,,,,,,,,TAKGOE_clean,234.4
TAKGUK_clean,10.52986,9.57688,10.52986,1.52454,1236.56,811.103,0.0,0.0,0.5926,0.388707,0.0,"Cu,Ce",Yes,Cu,clean,N,Y,Y,,N,,,,,,,,,,,,,,,,,,,,,,TAKGUK_clean,227.9
TAKHAR_clean,10.31674,9.51664,10.31674,1.55109,1234.33,795.781,0.0,0.0,0.5892,0.379861,0.0,"Cu,Eu",Yes,"Cu,Eu",clean,N,Y,Y,,N,,,,,,,,,,,,,,,,,,,,,,TAKHAR_clean,227.9
TAKHEV_clean,10.20812,9.46941,10.20812,1.57295,1231.54,782.951,0.0,0.0,0.5872,0.373312,0.0,"Cu,Tb",Yes,"Cu,Tb",clean,N,Y,Y,,N,,,,,,,,,,,,,,,,,,,,,,TAKHEV_clean,235.1
TAKTIL_clean,7.09237,6.9712,7.09237,1.23349,1578.28,1279.52,0.0,0.0,0.5866,0.47556,0.0,Ga,No, ,clean,N,Y,Y,,N,,,,,,,,,,,,,,,,,,,,,,TAKTIL_clean,525.4
TAKTOR_clean,7.05969,6.99995,7.05969,1.17586,1580.48,1344.1,0.0,0.0,0.5726,0.486963,0.0,Fe,No, ,clean,N,Y,Y,,N,,,,,,,,,,,,,,,,,,,,,,TAKTOR_clean,371.3
TAKVAF_clean,7.05263,6.93916,7.05263,1.17979,1573.47,1333.69,0.0,0.0,0.5826,0.493819,0.0,Fe,No, ,clean,N,Y,Y,,N,,,,,,,,,,,,,,,,,,,,,,TAKVAF_clean,382.2
TAMHUM_clean,11.15594,7.259,10.84071,0.82433,2033.72,2467.12,0.0,0.0,0.7282,0.883384,0.0,Ag,Yes,Ag,clean,N,Y,Y,,N,,,,,,,,,,,,,,,,,,,,,,TAMHUM_clean,504.7
TANBOZ_clean,6.76714,4.26504,6.76714,1.06143,2653.84,2500.25,0.0,0.0,0.7164,0.674939,0.0,Cu,Yes,Cu,clean,Y,Y,Y,,N,,,,,,,,,,,,,,,,,,,,,,TANBOZ_clean,146.3
TAPXIT01_clean,5.69893,5.36843,5.69893,1.57809,498.722,316.029,0.0,0.0,0.4096,0.259554,0.0,"Yb,Na",Yes,Na,clean,Y,Y,Y,,N,,,,,,,,,,,,,,,,,,,,,,TAPXIT01_clean,314.3
