filename,LCD,PLD,LFPD,cm3_g,ASA_m2_cm3,ASA_m2_g,NASA_m2_cm3,NASA_m2_g,AV_VF,AV_cm3_g,NAV_cm3_g,All_Metals,Has_OMS,Open_Metal_Sites,Extension,FSR_overlap,from_CSD,public,DISORDER,CSD_overlap_inCoRE,CSD_of_WoS_inCoRE,CSD_overlap_inCCDC,date_CSD,DOI_public,Note,Matched_CSD_of_CoRE,Possible_List_CSD_of_CoRE,Unnamed: 28,Unnamed: 29,Unnamed: 30,Unnamed: 31,Unnamed: 32,Unnamed: 33,Unnamed: 34,Unnamed: 35,Unnamed: 36,Unnamed: 37,Unnamed: 38,Unnamed: 39,Unnamed: 40,Unnamed: 41,MOF,chunk_4 time (s)
EBIJAC_clean,5.69411,4.34501,5.6755,1.35778,616.318,453.917,180.508,132.944,0.4634,0.341293,0.0,Cd,No, ,clean,Y,Y,Y,,N,,,,,,,,,,,,,,,,,,,,,,EBIJAC_clean,806.3
EBIMEJ_clean,4.76005,3.76742,4.75297,1.25917,1007.84,800.402,0.0,0.0,0.5458,0.433462,0.0,Co,Yes,Co,clean,Y,Y,Y,,N,,,,,,,,,,,,,,,,,,,,,,EBIMEJ_clean,1378.3
EBIPOX_clean,5.78746,4.90776,5.77533,1.02316,2423.56,2368.7,0.0,0.0,0.6678,0.652682,0.0,Zn,Yes,Zn,clean,Y,Y,Y,,N,,,,,,,,,,,,,,,,,,,,,,EBIPOX_clean,658.8
EBIZUN_clean,10.22426,8.07829,10.22419,0.790487,2342.19,2962.97,0.0,0.0,0.7238,0.915638,0.0,Cu,Yes,Cu,clean,Y,Y,Y,,N,,,,,,,,,,,,,,,,,,,,,,EBIZUN_clean,2104.7
EBOBIJ_clean,6.08923,4.67292,6.06736,0.939565,1692.1,1800.94,0.0,0.0,0.6024,0.641148,0.0,Zn,No, ,clean,Y,Y,Y,,N,,,,,,,,,,,,,,,,,,,,,,EBOBIJ_clean,2823.9
EBOCOQ_clean,5.90692,5.38954,5.89965,0.987787,1345.25,1361.88,0.0,0.0,0.583,0.590208,0.0,Zn,Yes,Zn,clean,Y,Y,Y,,N,,,,,,,,,,,,,,,,,,,,,,EBOCOQ_clean,1118.2
EBOJOV_clean,5.22472,4.63991,5.22472,2.49061,907.874,364.519,0.0,0.0,0.4464,0.179234,0.0,Eu,Yes,Eu,clean,Y,Y,Y,,N,,,,,,,,,,,,,,,,,,,,,,EBOJOV_clean,564.0
EBUQIB_clean,6.03622,4.38011,5.42071,1.1026,1157.92,1050.17,0.0,0.0,0.4992,0.452746,0.0,"Na,Zn",Yes,Zn,clean,Y,Y,Y,,N,,,,,,,,,,,,,,,,,,,,,,EBUQIB_clean,3331.1
EBUREA_clean,5.12157,4.43835,5.12005,1.31199,1365.8,1041.01,0.0,0.0,0.4802,0.36601,0.0,Mn,Yes,Mn,clean,Y,Y,Y,,N,,,,,,,,,,,,,,,,,,,,,,EBUREA_clean,667.2
ECAFOG_clean,9.52896,9.26877,9.52862,1.12614,1174.7,1043.12,0.0,0.0,0.5574,0.494964,0.0,Cu,No, ,clean,Y,Y,Y,,N,,,,,,,,,,,,,,,,,,,,,,ECAFOG_clean,1173.3
ECAHAT_clean,12.33039,11.4865,12.33039,0.854274,1047.61,1226.32,88.151,103.188,0.6086,0.712418,0.0,Zn,No, ,clean,Y,Y,Y,,N,,,,,,,,,,,,,,,,,,,,,,ECAHAT_clean,1197.2
ECAHEX_clean,6.93055,5.1748,6.93055,1.20906,867.96,717.883,0.0,0.0,0.4824,0.398989,0.0,Cu,No, ,clean,Y,Y,Y,,N,,,,,,,,,,,,,,,,,,,,,,ECAHEX_clean,736.1
ECAHOH_clean,6.87089,4.98271,6.87089,1.21823,856.833,703.343,0.0,0.0,0.4828,0.396313,0.0,Cu,No, ,clean,Y,Y,Y,,N,,,,,,,,,,,,,,,,,,,,,,ECAHOH_clean,692.8
ECASAD_clean,4.09039,3.62411,4.09039,1.61904,470.381,290.531,0.0,0.0,0.4766,0.294372,0.0,Zn,No, ,clean,Y,Y,Y,,N,,,,,,,,,,,,,,,,,,,,,,ECASAD_clean,365.5
ECEDAU_clean,5.16051,3.4158,5.15302,1.53177,706.487,461.221,0.0,0.0,0.4352,0.284115,0.0,Sr,Yes,Sr,clean,N,Y,Y,,N,,,,,,,,,,,,,,,,,,,,,,ECEDAU_clean,527.4
ECEDEY_clean,6.39219,4.6444,6.38001,1.02837,1438.77,1399.08,0.0,0.0,0.541,0.526076,0.0,Ca,Yes,Ca,clean,N,Y,Y,,N,,,,,,,,,,,,,,,,,,,,,,ECEDEY_clean,1097.2
ECEZAO01_clean,4.88805,4.01037,4.88805,1.43329,945.622,659.759,0.0,0.0,0.4914,0.342849,0.0,Ni,Yes,Ni,clean,Y,Y,Y,,N,,,,,,,,,,,,,,,,,,,,,,ECEZAO01_clean,576.3
ECIWIW_clean,5.91503,4.28149,5.90688,1.32412,773.007,583.789,0.0,0.0,0.4832,0.364921,0.0,Cd,Yes,Cd,clean,N,Y,Y,,N,,,,,,,,,,,,,,,,,,,,,,ECIWIW_clean,1869.1
ECIWOC_clean,5.05411,4.785,5.05411,1.40153,572.024,408.141,0.0,0.0,0.4148,0.295961,0.0,Zn,Yes,Zn,clean,Y,Y,Y,,N,,,,,,,,,,,,,,,,,,,,,,ECIWOC_clean,3346.7
ECODEG_clean,5.33632,3.54871,5.31165,1.34842,1018.67,755.456,0.0,0.0,0.5336,0.395722,0.0,Cd,Yes,Cd,clean,N,Y,Y,,N,,,,,,,,,,,,,,,,,,,,,,ECODEG_clean,1546.2
ECODIK_clean,4.79857,4.01377,4.75701,1.19981,1900.99,1584.41,0.0,0.0,0.5936,0.494745,0.0,Cu,Yes,Cu,clean,Y,Y,Y,,N,,,,,,,,,,,,,,,,,,,,,,ECODIK_clean,1273.4
ECOGEI_clean,4.77299,3.85637,4.77299,0.998724,1292.16,1293.81,0.0,0.0,0.5602,0.560915,0.0,Zn,Yes,Zn,clean,Y,Y,Y,,N,,,,,,,,,,,,,,,,,,,,,,ECOGEI_clean,2461.2
ECOKAJ_clean,18.9972,17.57546,18.98876,0.325331,1156.9,3556.08,0.0,0.0,0.873,2.68342,0.0,Zn,Yes,Zn,clean,Y,Y,Y,,N,,,,,,,,,,,,,,,,,,,,,,ECOKAJ_clean,105.5
ECOLEP_clean,11.63969,10.91793,11.63255,0.407232,1818.5,4465.52,0.0,0.0,0.8666,2.12803,0.0,Co,Yes,Co,clean,Y,Y,Y,,N,,,,,,,,,,,,,,,,,,,,,,ECOLEP_clean,224.3
ECOLOX_clean,5.75377,5.01577,5.75377,3.73963,1778.59,475.605,0.0,0.0,0.5632,0.150603,0.0,U,Yes,U,clean,Y,Y,Y,,N,,,,,,,,,,,,,,,,,,,,,,ECOLOX_clean,337.9
ECUDOX_clean,6.82408,6.14054,6.82408,2.34011,1768.65,755.799,0.0,0.0,0.6164,0.263406,0.0,U,Yes,U,clean,Y,Y,Y,,N,,,,,,,,,,,,,,,,,,,,,,ECUDOX_clean,750.6
ECUGEQ_clean,6.02953,4.07384,5.91743,2.29908,1875.55,815.783,0.0,0.0,0.6102,0.26541,0.0,U,Yes,U,clean,Y,Y,Y,,N,,,,,,,,,,,,,,,,,,,,,,ECUGEQ_clean,528.8
EDADIX_clean,4.63332,3.88728,4.61559,1.24361,944.143,759.198,93.0933,74.8575,0.5198,0.417978,0.0,Zn,Yes,Zn,clean,Y,Y,Y,,N,,,,,,,,,,,,,,,,,,,,,,EDADIX_clean,750.4
EDAFUM_clean,4.92982,3.72004,4.92982,1.77302,851.953,480.51,0.0,0.0,0.4508,0.254256,0.0,Co,No, ,clean,Y,Y,Y,,N,,,,,,,,,,,,,,,,,,,,,,EDAFUM_clean,444.5
EDAGAT_clean,4.66461,3.62215,4.66149,1.84563,725.213,392.936,0.0,0.0,0.435,0.235692,0.0,Co,No, ,clean,Y,Y,Y,,N,,,,,,,,,,,,,,,,,,,,,,EDAGAT_clean,442.0
EDAGEX_clean,4.90414,3.69066,4.90414,1.79444,798.923,445.222,0.0,0.0,0.4496,0.250552,0.0,Co,No, ,clean,Y,Y,Y,,N,,,,,,,,,,,,,,,,,,,,,,EDAGEX_clean,453.2
EDAPIK_clean_h,7.09885,6.53196,7.09077,0.672755,2256.65,3354.34,0.591427,0.879112,0.6938,1.03128,0.0,Cu,Yes,Cu,clean_h,N,Y,Y,,N,,,,,,,,,,,,,,,,,,,,,,EDAPIK_clean_h,1614.8
EDATOT_clean,9.62468,7.97439,9.62468,0.668028,2323.97,3478.84,0.0,0.0,0.7968,1.19276,0.0,"Cr,Mn",No, ,clean,Y,Y,Y,,N,,,,,,,,,,,,,,,,,,,,,,EDATOT_clean,398.2
EDAVOV_clean,5.43148,4.91725,5.43148,1.632,451.699,276.776,0.0,0.0,0.4036,0.247304,0.0,Cu,Yes,Cu,clean,Y,Y,Y,,N,,,,,,,,,,,,,,,,,,,,,,EDAVOV_clean,469.4
EDECOG_clean,6.30911,4.65211,6.30565,1.66761,3310.63,1985.26,0.0,0.0,0.756,0.453344,0.0,"Au,Ni",Yes,Au,clean,Y,Y,Y,,N,,,,,,,,,,,,,,,,,,,,,,EDECOG_clean,757.4
EDEPAG_clean,5.9343,4.39186,5.9343,1.47756,1345.05,910.315,0.0,0.0,0.5408,0.366009,0.0,Eu,Yes,Eu,clean,N,Y,Y,,N,,,,,,,,,,,,,,,,,,,,,,EDEPAG_clean,755.5
EDIKIL_clean,4.99635,3.98785,4.76329,1.3412,2179.84,1625.29,0.0,0.0,0.601,0.448105,0.0,Y,No, ,clean,Y,Y,Y,,N,,,,,,,,,,,,,,,,,,,,,,EDIKIL_clean,764.1
EDOMAM_clean,8.29315,6.04438,8.28681,0.809806,2146.39,2650.49,0.0,0.0,0.6716,0.829334,0.0,Cu,No, ,clean,Y,Y,Y,,N,,,,,,,,,,,,,,,,,,,,,,EDOMAM_clean,690.0
EDUSIF_clean,15.05124,7.91583,15.05124,0.593338,2225.74,3751.22,0.0,0.0,0.8098,1.36482,0.0,Zn,No, ,clean,Y,Y,Y,,N,,,,,,,,,,,,,,,,,,,,,,EDUSIF_clean,237.6
EDUSUR_clean,14.97276,6.60675,14.97057,0.720686,2039.23,2829.56,0.0,0.0,0.7584,1.05233,0.0,Zn,No, ,clean,Y,Y,Y,,N,,,,,,,,,,,,,,,,,,,,,,EDUSUR_clean,3478.9
EDUTIG_clean,15.04959,5.6073,15.03522,0.712902,1939.67,2720.81,0.0,0.0,0.7442,1.0439,0.0,Zn,No, ,clean,Y,Y,Y,,N,,,,,,,,,,,,,,,,,,,,,,EDUTIG_clean,6345.4
EDUVOO_clean,20.93415,10.62864,20.9324,0.373403,1788.47,4789.64,0.0,0.0,0.862,2.3085,0.0,Zn,No, ,clean,Y,Y,Y,,N,,,,,,,,,,,,,,,,,,,,,,EDUVOO_clean,772.6
EFAYEQ_clean_h,11.33412,8.20992,11.33412,0.445208,2301.41,5169.29,0.0,0.0,0.8028,1.8032,0.0,Cu,Yes,Cu,clean_h,N,Y,Y,,N,,,,,,,,,,,,,,,,,,,,,,EFAYEQ_clean_h,227.9
EFAYIU_clean,11.56522,8.64377,10.65601,0.433579,2251.34,5192.46,0.0,0.0,0.8194,1.88985,0.0,Zn,Yes,Zn,clean,Y,Y,Y,,N,,,,,,,,,,,,,,,,,,,,,,EFAYIU_clean,181.4
EFEGOM_clean,6.13983,5.63757,6.13983,1.11988,1513.16,1351.17,0.0,0.0,0.5868,0.523983,0.0,Fe,No, ,clean,Y,Y,Y,,N,,,,,,,,,,,,,,,,,,,,,,EFEGOM_clean,1671.7
EFESEP_clean,10.28948,6.13196,9.71774,0.910166,1438.69,1580.69,202.393,222.369,0.6216,0.682952,0.0,Zn,Yes,Zn,clean,Y,Y,Y,,N,,,,,,,,,,,,,,,,,,,,,,EFESEP_clean,7564.1
EFESOZ_clean,10.40168,6.18945,10.40168,0.9137,1441.31,1577.44,199.174,217.986,0.6294,0.688847,0.0,Zn,Yes,Zn,clean,Y,Y,Y,,N,,,,,,,,,,,,,,,,,,,,,,EFESOZ_clean,8143.2
EFIMOV_clean,6.67559,6.34874,6.67559,1.77157,892.601,503.846,0.0,0.0,0.3714,0.209644,0.0,"Be,Na",No, ,clean,Y,Y,Y,,N,,,,,,,,,,,,,,,,,,,,,,EFIMOV_clean,1192.1
EFOSUO_clean,5.23309,4.44144,5.224,2.23497,2650.04,1185.72,0.0,0.0,0.6472,0.289579,0.0,"Mn,Re",Yes,"Mn,Re",clean,N,Y,Y,,N,,,,,,,,,,,,,,,,,,,,,,EFOSUO_clean,247.3
EFOTAV_clean,5.43531,4.50362,5.41958,2.18747,2824.93,1291.41,0.0,0.0,0.6522,0.298153,0.0,"Mn,Re",Yes,"Mn,Re",clean,N,Y,Y,,N,,,,,,,,,,,,,,,,,,,,,,EFOTAV_clean,213.2
EFOTEZ_clean,5.06643,4.39448,5.0661,2.67676,2557.25,955.354,0.0,0.0,0.6308,0.235658,0.0,"Mn,Re",Yes,"Mn,Re",clean,N,Y,Y,,N,,,,,,,,,,,,,,,,,,,,,,EFOTEZ_clean,179.8
EFOTID_clean,5.17106,4.13348,5.16647,3.01069,2149.74,714.036,0.0,0.0,0.6124,0.203408,0.0,"Te,Mn,Re",Yes,"Te,Mn,Re",clean,N,Y,Y,,N,,,,,,,,,,,,,,,,,,,,,,EFOTID_clean,210.3
EGATAI_clean,7.25975,4.31318,7.25513,0.959509,2426.34,2528.73,0.0,0.0,0.7032,0.732875,0.0,"Zn,Co",Yes,"Zn,Co",clean,N,Y,Y,,N,,,,,,,,,,,,,,,,,,,,,,EGATAI_clean,223.0
EGATEM_clean,10.25144,8.68741,10.25144,0.847968,1429.66,1685.99,106.489,125.581,0.6438,0.759227,0.0,"Zn,Co",Yes,Zn,clean,Y,Y,Y,,N,,,,,,,,,,,,,,,,,,,,,,EGATEM_clean,2288.1
EGATIQ_clean,10.61507,9.35673,10.60597,0.815931,1600.87,1962.02,0.0,0.0,0.6556,0.803499,0.0,"Zn,Ni",Yes,Zn,clean,Y,Y,Y,,N,,,,,,,,,,,,,,,,,,,,,,EGATIQ_clean,2376.8
EGATOW_clean,5.96917,5.11285,5.74626,1.20816,2033.24,1682.93,0.0,0.0,0.6202,0.513343,0.0,"Zn,Co",Yes,Co,clean,Y,Y,Y,,N,,,,,,,,,,,,,,,,,,,,,,EGATOW_clean,1269.7
EGEJIK_manual,10.26084,8.70015,10.25879,0.680562,2082.85,3060.48,75.8285,111.42,0.7408,1.08851,0.0,Zn,No, ,manual,Y,Y,Y,,N,,,,,,,,,,,,,,,,,,,,,,EGEJIK_manual,398.1
EGELUY01_manual,7.46224,7.0558,7.4593,0.947391,1658.83,1750.95,0.0,0.0,0.6114,0.645351,0.0,Al,No, ,manual,N,Y,Y,,N,,,,,,,,,,,,,,,,,,,,,,EGELUY01_manual,1427.9
EGELUY_SL,7.32559,6.86607,7.31942,0.950432,1658.89,1745.4,0.0,0.0,0.6086,0.640341,0.0,Al,No, ,SL,Y,Y,Y,,N,,,,,,,,,,,,,,,,,,,,,,EGELUY_SL,1354.6
EGIFUV_clean,9.74551,8.51622,9.74551,1.04544,1332.95,1275.02,6.1078,5.84232,0.6136,0.58693,0.0,Cd,Yes,Cd,clean,Y,Y,Y,,N,,,,,,,,,,,,,,,,,,,,,,EGIFUV_clean,4060.1
EGOXII_clean,5.25614,3.66279,5.25614,1.73248,965.076,557.05,0.0,0.0,0.56,0.323237,0.0,Zn,Yes,Zn,clean,Y,Y,Y,,N,,,,,,,,,,,,,,,,,,,,,,EGOXII_clean,1573.9
EGOZAB_clean,7.0311,5.28936,7.0311,1.03834,1885.29,1815.68,0.0,0.0,0.6226,0.599612,0.0,Cu,Yes,Cu,clean,Y,Y,Y,,N,,,,,,,,,,,,,,,,,,,,,,EGOZAB_clean,2086.1
EHAFEA_clean,5.41079,3.41231,5.40089,2.22058,1080.51,486.589,0.0,0.0,0.5328,0.239937,0.0,"Yb,U",Yes,"Yb,U",clean,Y,Y,Y,,N,,,,,,,,,,,,,,,,,,,,,,EHAFEA_clean,718.6
EHAFIE_clean,5.56485,3.57227,5.56485,2.06302,1265.0,613.179,0.0,0.0,0.5486,0.265921,0.0,"Ce,U",Yes,"Ce,U",clean,N,Y,Y,,N,,,,,,,,,,,,,,,,,,,,,,EHAFIE_clean,679.6
EHAFOK_clean,5.56183,3.59241,5.55524,2.07064,1253.24,605.245,0.0,0.0,0.547,0.26417,0.0,"Pr,U",Yes,"Pr,U",clean,N,Y,Y,,N,,,,,,,,,,,,,,,,,,,,,,EHAFOK_clean,680.0
EHAFUQ_clean,5.5462,3.57781,5.45874,2.0894,1245.04,595.885,0.0,0.0,0.5448,0.260744,0.0,"Nd,U",Yes,"Nd,U",clean,N,Y,Y,,N,,,,,,,,,,,,,,,,,,,,,,EHAFUQ_clean,674.2
EHAGAX_clean,5.47293,3.47311,5.47293,2.13433,1158.89,542.974,0.0,0.0,0.5398,0.252913,0.0,"Sm,U",Yes,"Sm,U",clean,Y,Y,Y,,N,,,,,,,,,,,,,,,,,,,,,,EHAGAX_clean,645.2
EHAGEB_clean,5.47507,3.4761,5.45313,2.1363,1116.62,522.688,1.415,0.662358,0.5378,0.251743,0.0,"Eu,U",Yes,"Eu,U",clean,Y,Y,Y,,N,,,,,,,,,,,,,,,,,,,,,,EHAGEB_clean,653.8
EHAGIF_clean,5.44616,3.48144,5.44616,2.1778,1155.98,530.802,0.0,0.0,0.5374,0.246762,0.0,"Gd,U",Yes,"Gd,U",clean,Y,Y,Y,,N,,,,,,,,,,,,,,,,,,,,,,EHAGIF_clean,658.8
EHAGOL_clean,5.39044,3.4677,5.39044,2.17273,1093.47,503.269,0.185996,0.0856051,0.5364,0.246879,0.0,"Tb,U",Yes,"Tb,U",clean,Y,Y,Y,,N,,,,,,,,,,,,,,,,,,,,,,EHAGOL_clean,644.0
EHAGUR_clean,5.37684,3.4053,5.1859,2.19821,1066.99,485.393,0.0,0.0,0.5324,0.242197,0.0,"Dy,U",Yes,"Dy,U",clean,Y,Y,Y,,N,,,,,,,,,,,,,,,,,,,,,,EHAGUR_clean,621.5
EHALOP_manual,7.57594,7.11735,7.57594,0.939011,1706.06,1816.86,0.0,0.0,0.618,0.658139,0.0,Al,No, ,manual,Y,Y,Y,,N,,,,,,,,,,,,,,,,,,,,,,EHALOP_manual,1448.8
EHEKUY_clean,6.18029,3.5251,6.17561,1.28701,834.589,648.47,1.25956,0.978668,0.5024,0.390361,0.0,Ru,No, ,clean,Y,Y,Y,,N,,,,,,,,,,,,,,,,,,,,,,EHEKUY_clean,1729.5
EHIPOC_clean,4.96443,3.71594,4.96443,1.51785,665.78,438.633,0.0,0.0,0.4902,0.322956,0.0,Cu,Yes,Cu,clean,Y,Y,Y,,N,,,,,,,,,,,,,,,,,,,,,,EHIPOC_clean,332.2
EHODOV_SL,6.30224,4.66761,6.30224,1.13784,1442.21,1267.5,266.504,234.219,0.5974,0.525029,0.0,In,No, ,SL,Y,Y,Y,,N,,,,,,,,,,,,,,,,,,,,,,EHODOV_SL,5368.9
EJAXIW_clean,6.39565,4.30182,6.34251,0.942507,1857.91,1971.24,0.0,0.0,0.5942,0.630446,0.0,Co,Yes,Co,clean,Y,Y,Y,,N,,,,,,,,,,,,,,,,,,,,,,EJAXIW_clean,1053.9
EJETAQ_clean,12.53345,9.36877,12.53345,0.673241,1975.18,2933.84,0.0,0.0,0.7674,1.13986,0.0,"Na,Eu",Yes,"Na,Eu",clean,Y,Y,Y,,N,,,,,,,,,,,,,,,,,,,,,,EJETAQ_clean,790.3
EJIDUW02_clean,4.29785,3.46947,4.29785,1.53852,788.843,512.727,0.0,0.0,0.4966,0.322777,0.0,Nd,Yes,Nd,clean,Y,Y,Y,,N,,,,,,,,,,,,,,,,,,,,,,EJIDUW02_clean,698.1
EJONOH_clean,4.44167,3.60442,4.4347,1.47939,700.956,473.814,0.0,0.0,0.4646,0.314048,0.0,Co,Yes,Co,clean,Y,Y,Y,,N,,,,,,,,,,,,,,,,,,,,,,EJONOH_clean,738.6
EJOQOL_clean,7.54682,4.16239,7.5307,1.29085,1431.56,1109.01,0.0,0.0,0.5368,0.415851,0.0,"Cu,K",Yes,"Cu,K",clean,Y,Y,Y,,N,,,,,,,,,,,,,,,,,,,,,,EJOQOL_clean,3039.3
EJOQUR_clean,11.95194,5.10518,11.95194,0.926552,1894.67,2044.86,37.9561,40.9649,0.6978,0.753115,0.0,Cu,Yes,Cu,clean,Y,Y,Y,,N,,,,,,,,,,,,,,,,,,,,,,EJOQUR_clean,1217.7
EJORAY_clean,4.91477,3.6019,4.91477,1.33891,1478.66,1104.38,0.0,0.0,0.5598,0.418102,0.0,Cu,Yes,Cu,clean,Y,Y,Y,,N,,,,,,,,,,,,,,,,,,,,,,EJORAY_clean,835.4
EJOZOU_clean,6.49751,6.10381,6.49751,1.26256,795.165,629.804,0.0342194,0.0271032,0.4812,0.38113,0.0,Cu,Yes,Cu,clean,Y,Y,Y,,N,,,,,,,,,,,,,,,,,,,,,,EJOZOU_clean,1363.0
EKEQIV_clean,5.23981,3.45461,5.21199,2.0444,792.887,387.835,0.0,0.0,0.4572,0.223636,0.0,"Mo,Cu",Yes,"Mo,Cu",clean,Y,Y,Y,,N,,,,,,,,,,,,,,,,,,,,,,EKEQIV_clean,835.0
EKETOF_clean,4.41106,3.42867,4.41106,1.63804,321.449,196.241,0.0,0.0,0.4172,0.254695,0.0,Eu,No, ,clean,Y,Y,Y,,N,,,,,,,,,,,,,,,,,,,,,,EKETOF_clean,1654.0
EKETUL_clean,4.43428,3.43441,4.41751,1.64611,319.015,193.799,0.0,0.0,0.4126,0.250651,0.0,Tb,No, ,clean,Y,Y,Y,,N,,,,,,,,,,,,,,,,,,,,,,EKETUL_clean,1604.1
EKEVAT_clean,4.38581,3.45093,4.3809,1.70718,319.337,187.056,0.0,0.0,0.4042,0.236765,0.0,Er,No, ,clean,Y,Y,Y,,N,,,,,,,,,,,,,,,,,,,,,,EKEVAT_clean,1612.0
EKIDEH_clean,5.83216,5.4959,5.8074,2.41757,833.936,344.948,0.748002,0.309402,0.4456,0.184317,0.0,"Rb,Ga",Yes,Rb,clean,Y,Y,Y,,N,,,,,,,,,,,,,,,,,,,,,,EKIDEH_clean,1810.8
EKIDIL_clean,5.81547,5.58073,5.8139,2.56508,834.555,325.352,0.0,0.0,0.4098,0.159761,0.0,"Cs,Ga",Yes,Cs,clean,Y,Y,Y,,N,,,,,,,,,,,,,,,,,,,,,,EKIDIL_clean,1366.7
EKOKIA_clean,6.37814,3.95219,6.37814,1.40385,1452.65,1034.76,0.0,0.0,0.5578,0.397337,0.0,Cd,Yes,Cd,clean,Y,Y,Y,,N,,,,,,,,,,,,,,,,,,,,,,EKOKIA_clean,749.0
EKOPEA_clean,5.53957,5.19564,5.53023,1.2074,1563.35,1294.8,0.0,0.0,0.5696,0.471756,0.0,"Ca,Cd",Yes,Ca,clean,N,Y,Y,,N,,,,,,,,,,,,,,,,,,,,,,EKOPEA_clean,1019.4
EKOPIE_clean,6.61542,5.14354,6.60525,1.21526,2002.74,1648.0,0.0,0.0,0.6146,0.505737,0.0,"Cd,Sr",Yes,Sr,clean,N,Y,Y,,N,,,,,,,,,,,,,,,,,,,,,,EKOPIE_clean,1327.7
EKOPOK_clean,7.61675,7.30447,7.61675,1.24495,1308.01,1050.65,0.0,0.0,0.569,0.457046,0.0,"Ca,Cd",Yes,Ca,clean,Y,Y,Y,,N,,,,,,,,,,,,,,,,,,,,,,EKOPOK_clean,1585.5
EKOPUQ_clean,11.06416,8.02745,11.06416,0.972371,1585.84,1630.9,0.0,0.0,0.6092,0.62651,0.0,"Ca,Cd",No, ,clean,Y,Y,Y,,N,,,,,,,,,,,,,,,,,,,,,,EKOPUQ_clean,780.6
EKUPEG_clean,12.15079,8.26476,12.15067,0.865202,1608.01,1858.54,0.0,0.0,0.685,0.791723,0.0,Cu,Yes,Cu,clean,Y,Y,Y,,N,,,,,,,,,,,,,,,,,,,,,,EKUPEG_clean,3514.4
ELELEN_clean,7.0748,4.1882,7.0748,0.915782,1244.35,1358.78,0.0,0.0,0.592,0.646442,0.0,Cu,Yes,Cu,clean,Y,Y,Y,,N,,,,,,,,,,,,,,,,,,,,,,ELELEN_clean,1202.7
ELEREU_clean,15.53932,10.30838,15.53932,0.773652,1743.51,2253.61,0.0,0.0,0.7078,0.914882,0.0,Cu,Yes,Cu,clean,Y,Y,Y,,N,,,,,,,,,,,,,,,,,,,,,,ELEREU_clean,9201.6
ELERIY_clean,13.06874,6.51652,13.06768,0.765708,2243.35,2929.77,0.0,0.0,0.7112,0.928814,0.0,Cu,Yes,Cu,clean,Y,Y,Y,,N,,,,,,,,,,,,,,,,,,,,,,ELERIY_clean,892.7
ELIJOZ_clean,5.0309,3.85268,5.0309,1.48251,1155.21,779.228,0.0,0.0,0.5,0.337266,0.0,Ce,Yes,Ce,clean,Y,Y,Y,,N,,,,,,,,,,,,,,,,,,,,,,ELIJOZ_clean,1001.2
ELIJUF_clean,4.98722,3.63869,4.98647,1.36019,1078.5,792.905,0.0,0.0,0.4826,0.354803,0.0,Y,Yes,Y,clean,Y,Y,Y,,N,,,,,,,,,,,,,,,,,,,,,,ELIJUF_clean,970.8
ELIKAM_clean,5.04335,3.82798,5.04275,1.49693,1142.39,763.156,0.0,0.0,0.4918,0.328538,0.0,Pr,Yes,Pr,clean,Y,Y,Y,,N,,,,,,,,,,,,,,,,,,,,,,ELIKAM_clean,999.9
ELIKEQ_clean,4.99766,3.80728,4.99701,1.51189,1166.85,771.784,0.0,0.0,0.4966,0.328463,0.0,Nd,Yes,Nd,clean,Y,Y,Y,,N,,,,,,,,,,,,,,,,,,,,,,ELIKEQ_clean,1024.0
ELIKIU_clean,4.97124,3.7531,4.97064,1.54816,1122.94,725.337,0.0,0.0,0.505,0.326193,0.0,Sm,Yes,Sm,clean,Y,Y,Y,,N,,,,,,,,,,,,,,,,,,,,,,ELIKIU_clean,932.3
ELIKOA_clean,4.97213,3.73339,4.97213,1.55809,1148.96,737.416,0.0,0.0,0.4918,0.315643,0.0,Eu,Yes,Eu,clean,Y,Y,Y,,N,,,,,,,,,,,,,,,,,,,,,,ELIKOA_clean,938.4
ELIKUG_clean,4.95561,3.7268,4.95492,1.57969,1129.17,714.803,0.0,0.0,0.4908,0.310694,0.0,Gd,Yes,Gd,clean,Y,Y,Y,,N,,,,,,,,,,,,,,,,,,,,,,ELIKUG_clean,1637.2
ELILAN_clean,4.95628,3.69174,4.9556,1.61177,1116.59,692.775,0.0,0.0,0.4992,0.309722,0.0,Dy,Yes,Dy,clean,Y,Y,Y,,N,,,,,,,,,,,,,,,,,,,,,,ELILAN_clean,914.5
ELILER_clean,4.98078,3.65658,4.98016,1.63697,1110.94,678.659,0.0,0.0,0.487,0.297501,0.0,Er,Yes,Er,clean,Y,Y,Y,,N,,,,,,,,,,,,,,,,,,,,,,ELILER_clean,935.4
ELILIV_clean,4.97952,3.62473,4.97952,1.64354,1091.64,664.203,0.0,0.0,0.4882,0.297042,0.0,Tm,Yes,Tm,clean,Y,Y,Y,,N,,,,,,,,,,,,,,,,,,,,,,ELILIV_clean,942.0
ELOGUJ_clean,5.2439,3.95274,4.46811,3.13806,963.536,307.048,0.0,0.0,0.4846,0.154427,6.37e-05,"W,V,Co",Yes,"W,Co",clean,Y,Y,Y,,N,,,,,,,,,,,,,,,,,,,,,,ELOGUJ_clean,2416.4
ELOHOE_clean,5.56549,4.27537,5.53003,1.15001,1036.4,901.217,0.0,0.0,0.5212,0.453215,0.0,Cd,Yes,Cd,clean,Y,Y,Y,,N,,,,,,,,,,,,,,,,,,,,,,ELOHOE_clean,2403.6
ELOZEK_clean,5.94525,5.24436,5.94525,2.80091,275.157,98.2384,0.0,0.0,0.3674,0.131171,0.0,Pb,Yes,Pb,clean,Y,Y,Y,,N,,,,,,,,,,,,,,,,,,,,,,ELOZEK_clean,367.7
ELUJAY_clean,4.49095,3.64747,4.47832,1.68009,831.421,494.867,0.0,0.0,0.4708,0.280223,0.0,"Zn,Sm",Yes,"Zn,Sm",clean,Y,Y,Y,,N,,,,,,,,,,,,,,,,,,,,,,ELUJAY_clean,2806.2
ELUJEC_clean,4.38047,3.64592,4.38047,1.73198,794.119,458.504,0.0,0.0,0.4624,0.266978,0.0,"Tb,Zn",Yes,"Tb,Zn",clean,Y,Y,Y,,N,,,,,,,,,,,,,,,,,,,,,,ELUJEC_clean,2646.3
ELUZES_clean,5.83115,4.20879,5.08027,1.7311,2004.82,1158.12,0.0,0.0,0.6554,0.378603,0.0,"Cd,Ag",Yes,Ag,clean,Y,Y,Y,,N,,,,,,,,,,,,,,,,,,,,,,ELUZES_clean,234.2
EMAGAB_clean,7.29475,4.84283,7.29475,1.35618,833.24,614.402,0.0,0.0,0.4816,0.355115,0.0,Zn,No, ,clean,Y,Y,Y,,N,,,,,,,,,,,,,,,,,,,,,,EMAGAB_clean,653.3
EMAMOW_clean,6.67757,5.81943,6.67757,1.11834,959.829,858.263,0.0,0.0,0.5032,0.449953,0.0,Ni,Yes,Ni,clean,Y,Y,Y,,N,,,,,,,,,,,,,,,,,,,,,,EMAMOW_clean,848.6
EMAMUC_clean,5.84513,5.03009,5.84513,1.22272,803.232,656.921,0.0,0.0,0.473,0.386841,0.0,Ni,Yes,Ni,clean,Y,Y,Y,,N,,,,,,,,,,,,,,,,,,,,,,EMAMUC_clean,625.8
EMAPAK_clean,11.21755,3.61918,11.21755,0.925375,1521.72,1644.44,0.0,0.0,0.637,0.688369,0.0,Zn,No, ,clean,Y,Y,Y,,N,,,,,,,,,,,,,,,,,,,,,,EMAPAK_clean,593.5
EMIFOW_clean,7.56186,4.84974,7.24948,1.40224,2851.33,2033.41,0.0,0.0,0.6898,0.491927,0.0,In,Yes,In,clean,Y,Y,Y,,N,,,,,,,,,,,,,,,,,,,,,,EMIFOW_clean,1739.7
EMIGOX_clean,6.95421,5.10297,6.95421,1.53443,2307.47,1503.8,0.0,0.0,0.6448,0.420222,0.0,In,Yes,In,clean,Y,Y,Y,,N,,,,,,,,,,,,,,,,,,,,,,EMIGOX_clean,2326.1
EMIYUW_clean,10.6209,7.98188,10.6209,0.698012,2320.47,3324.4,0.0,0.0,0.7472,1.07047,0.000573056,Zr,Yes,Zr,clean,Y,Y,Y,,N,,,,,,,,,,,,,,,,,,,,,,EMIYUW_clean,590.0
EMIZAD_clean,35.58882,34.51057,35.58779,0.382184,1428.23,3737.01,0.0,0.0,0.8516,2.22824,0.000523308,Zr,Yes,Zr,clean,Y,Y,Y,,N,,,,,,,,,,,,,,,,,,,,,,EMIZAD_clean,479.3
EMOHIZ_clean,4.57808,3.51835,4.56928,1.23803,572.381,462.333,0.0,0.0,0.4556,0.368005,0.0,Co,Yes,Co,clean,Y,Y,Y,,N,,,,,,,,,,,,,,,,,,,,,,EMOHIZ_clean,602.8
EMUBIZ_clean,10.77303,6.68088,10.77303,1.37229,1702.91,1240.92,117.774,85.8232,0.672,0.489692,0.000145742,Cu,Yes,Cu,clean,Y,Y,Y,,N,,,,,,,,,,,,,,,,,,,,,,EMUBIZ_clean,573.0
EMUBOF_clean,9.89745,6.63764,9.89048,1.19874,1975.94,1648.35,0.0,0.0,0.6738,0.562089,0.0,Cu,Yes,Cu,clean,Y,Y,Y,,N,,,,,,,,,,,,,,,,,,,,,,EMUBOF_clean,1123.1
ENAFAB_clean,11.6148,4.31195,11.6148,2.54245,1508.6,593.364,0.0,0.0,0.575,0.22616,0.0,"W,Ni",Yes,"W,Ni",clean,Y,Y,Y,,N,,,,,,,,,,,,,,,,,,,,,,ENAFAB_clean,520.6
ENAFOP_ion_b,11.60166,8.24635,11.58519,1.18111,1100.84,932.042,0.0,0.0,0.5386,0.456012,0.0,"Gd,Na",Yes,Na,ion_b,Y,Y,Y,,N,,,,,,,,,,,,,,,,,,,,,,ENAFOP_ion_b,944.3
ENANIS_clean,4.58864,4.1598,4.58113,1.33735,718.625,537.349,0.0,0.0,0.4534,0.339028,0.0,Cu,Yes,Cu,clean,Y,Y,Y,,N,,,,,,,,,,,,,,,,,,,,,,ENANIS_clean,1102.1
ENESOH_clean,8.38054,5.7847,8.27724,0.639206,2434.82,3809.13,4.9539,7.75009,0.7442,1.16426,0.0,Cu,Yes,Cu,clean,Y,Y,Y,,N,,,,,,,,,,,,,,,,,,,,,,ENESOH_clean,2191.8
ENESUN_clean,8.35126,5.49783,8.35126,0.626692,2424.85,3869.29,2.07427,3.30987,0.7316,1.1674,0.0,Co,Yes,Co,clean,Y,Y,Y,,N,,,,,,,,,,,,,,,,,,,,,,ENESUN_clean,2213.2
ENIHUG01_clean,13.78566,6.83219,13.78098,0.585033,2323.11,3970.91,0.0,0.0,0.7686,1.31377,0.0,Cu,Yes,Cu,clean,Y,Y,Y,,N,,,,,,,,,,,,,,,,,,,,,,ENIHUG01_clean,3658.7
ENIHUG_clean,13.82069,6.83124,13.8201,0.581484,2340.51,4025.06,0.0,0.0,0.7906,1.35962,0.0,Cu,Yes,Cu,clean,Y,Y,Y,,N,,,,,,,,,,,,,,,,,,,,,,ENIHUG_clean,3822.2
ENISOK_clean,6.962,4.5443,6.96157,1.14432,1841.89,1609.59,0.0,0.0,0.6018,0.525903,0.0,"Cd,Si",Yes,Cd,clean,Y,Y,Y,,N,,,,,,,,,,,,,,,,,,,,,,ENISOK_clean,820.4
ENISUQ_clean,6.6554,4.37963,6.6554,0.992256,1823.18,1837.41,0.0,0.0,0.5804,0.58493,0.0,"Mn,Si",Yes,Mn,clean,Y,Y,Y,,N,,,,,,,,,,,,,,,,,,,,,,ENISUQ_clean,1582.0
ENITAX_clean,10.08149,7.22011,10.08149,0.573061,2335.96,4076.29,0.0,0.0,0.7798,1.36076,0.0,"Cu,Si",Yes,Cu,clean,Y,Y,Y,,N,,,,,,,,,,,,,,,,,,,,,,ENITAX_clean,840.0
ENITEB_clean,7.9765,5.25239,7.9026,0.909449,2139.04,2352.02,0.0,0.0,0.6632,0.729233,0.0,"Cd,Si",Yes,Cd,clean,Y,Y,Y,,N,,,,,,,,,,,,,,,,,,,,,,ENITEB_clean,1722.2
ENITIF_clean,6.04006,4.14792,6.02363,0.993739,1774.39,1785.57,0.0,0.0,0.6108,0.614648,0.0,"Zn,Si",Yes,Zn,clean,Y,Y,Y,,N,,,,,,,,,,,,,,,,,,,,,,ENITIF_clean,3506.2
ENITOL_clean,9.0167,5.78838,9.01452,1.0207,1622.24,1589.34,0.0,0.0,0.589,0.577054,0.0,"Zn,Si",Yes,Zn,clean,Y,Y,Y,,N,,,,,,,,,,,,,,,,,,,,,,ENITOL_clean,2097.4
ENIXUV_clean,6.81302,4.75487,6.75625,1.04896,1506.97,1436.63,0.0,0.0,0.539,0.513843,0.0,Mn,No, ,clean,Y,Y,Y,,N,,,,,,,,,,,,,,,,,,,,,,ENIXUV_clean,2532.6
ENOSAD_clean,5.57968,5.07062,5.57968,1.63787,1052.89,642.84,0.0,0.0,0.4624,0.282318,0.0,Tm,No, ,clean,N,Y,Y,,N,,,,,,,,,,,,,,,,,,,,,,ENOSAD_clean,1339.4
ENOVAG_clean,10.23983,9.51593,10.22611,1.29505,1477.19,1140.64,0.0,0.0,0.5948,0.459286,0.0,Nd,Yes,Nd,clean,Y,Y,Y,,N,,,,,,,,,,,,,,,,,,,,,,ENOVAG_clean,430.2
EPAGEJ_clean,5.19961,3.47948,5.18752,1.66805,743.29,445.603,0.0,0.0,0.4886,0.292916,0.0,Gd,Yes,Gd,clean,Y,Y,Y,,N,,,,,,,,,,,,,,,,,,,,,,EPAGEJ_clean,1061.4
EPECEJ_clean,7.92371,4.89913,7.91993,0.908491,1989.28,2189.65,0.0,0.0,0.6342,0.69808,0.0,Zn,Yes,Zn,clean,Y,Y,Y,,N,,,,,,,,,,,,,,,,,,,,,,EPECEJ_clean,3777.0
EPEWAY_clean,5.86305,5.34538,5.70782,1.27095,1126.31,886.195,0.0,0.0,0.506,0.398129,0.0,Co,No, ,clean,Y,Y,Y,,N,,,,,,,,,,,,,,,,,,,,,,EPEWAY_clean,2211.4
EPEWEC_clean,5.88152,5.35243,5.87056,1.27191,1143.58,899.1,0.0,0.0,0.5064,0.398141,0.0,Co,No, ,clean,Y,Y,Y,,N,,,,,,,,,,,,,,,,,,,,,,EPEWEC_clean,2196.1
EPEXUU_clean,8.78791,3.92519,8.78786,1.21365,1182.3,974.168,0.0,0.0,0.5234,0.431261,0.0,Cu,Yes,Cu,clean,N,Y,Y,,N,,,,,,,,,,,,,,,,,,,,,,EPEXUU_clean,3169.4
EPEYAB_clean,8.46111,3.62498,8.46069,1.24571,1153.47,925.96,0.0,0.0,0.5226,0.419521,0.0,Cu,Yes,Cu,clean,N,Y,Y,,N,,,,,,,,,,,,,,,,,,,,,,EPEYAB_clean,3404.5
EPISOM_clean,12.63938,6.49016,12.62405,0.677616,2253.72,3325.96,0.0,0.0,0.7494,1.10594,0.0,Cu,Yes,Cu,clean,Y,Y,Y,,N,,,,,,,,,,,,,,,,,,,,,,EPISOM_clean,799.5
EPONAA_clean,9.18286,8.73453,9.17503,0.495184,2583.42,5217.09,0.0,0.0,0.8544,1.72542,0.0,"Zn,Nb",Yes,Zn,clean,N,Y,Y,,N,,,,,,,,,,,,,,,,,,,,,,EPONAA_clean,184.2
EPONEE_clean,9.19024,8.74095,9.18226,0.492814,2582.15,5239.6,0.0,0.0,0.8536,1.73209,0.0,"Zn,Nb",Yes,Zn,clean,N,Y,Y,,N,,,,,,,,,,,,,,,,,,,,,,EPONEE_clean,96.9
EPOPEG_clean,5.47224,4.77054,5.47224,0.955888,1699.64,1778.08,0.0,0.0,0.613,0.641289,0.0,Cu,No, ,clean,Y,Y,Y,,N,,,,,,,,,,,,,,,,,,,,,,EPOPEG_clean,1818.9
EPOTAF_clean,7.63453,6.61136,7.601,0.575241,2982.7,5185.13,0.0,0.0,0.779,1.35421,0.0,Cu,Yes,Cu,clean,Y,Y,Y,,N,,,,,,,,,,,,,,,,,,,,,,EPOTAF_clean,215.5
EPOXAJ_clean,4.90808,3.54046,4.59353,3.60105,1300.0,361.007,0.0,0.0,0.5304,0.14729,0.0,U,Yes,U,clean,N,Y,Y,,N,,,,,,,,,,,,,,,,,,,,,,EPOXAJ_clean,333.1
EQAMUG_clean,4.23795,3.61938,4.23534,1.81883,688.208,378.378,0.0,0.0,0.424,0.233116,0.0,Nd,No, ,clean,Y,Y,Y,,N,,,,,,,,,,,,,,,,,,,,,,EQAMUG_clean,2237.9
EQERAU_clean,8.66462,5.10134,8.65703,0.830188,1832.92,2207.84,0.0,0.0,0.646,0.778137,0.0,Mg,Yes,Mg,clean,Y,Y,Y,,N,,,,,,,,,,,,,,,,,,,,,,EQERAU_clean,2539.5
EQEREY_clean,6.76077,5.17427,6.21591,1.08432,1568.49,1446.52,0.0,0.0,0.5588,0.515345,0.0,Co,No, ,clean,Y,Y,Y,,N,,,,,,,,,,,,,,,,,,,,,,EQEREY_clean,1000.9
EQERIC_clean,5.65308,5.10575,5.50654,1.08357,1441.7,1330.51,0.0,0.0,0.5522,0.509612,0.0,Co,No, ,clean,Y,Y,Y,,N,,,,,,,,,,,,,,,,,,,,,,EQERIC_clean,1323.6
EQETAX_clean,6.01885,5.05908,5.99018,0.890782,1989.22,2233.11,0.0,0.0,0.6458,0.724981,0.0,Cu,Yes,Cu,clean,Y,Y,Y,,N,,,,,,,,,,,,,,,,,,,,,,EQETAX_clean,1130.1
EQOXIT_clean,7.68652,6.98261,7.68519,1.19569,1340.21,1120.87,0.0,0.0,0.551,0.460823,0.0,Zn,Yes,Zn,clean,Y,Y,Y,,N,,,,,,,,,,,,,,,,,,,,,,EQOXIT_clean,749.7
EQUBIC_clean,4.62524,4.02529,4.62419,2.01313,877.337,435.807,0.0,0.0,0.4672,0.232076,9.93e-05,Tb,No, ,clean,Y,Y,Y,,N,,,,,,,,,,,,,,,,,,,,,,EQUBIC_clean,846.9
EQUBOI_clean,4.70314,4.11847,4.7011,1.94101,957.405,493.252,0.0,0.0,0.4856,0.250179,0.000103039,Eu,No, ,clean,Y,Y,Y,,N,,,,,,,,,,,,,,,,,,,,,,EQUBOI_clean,863.0
EQUBUO_clean,4.678,4.09417,4.67712,1.98147,941.234,475.017,0.0,0.0,0.4712,0.237803,0.000100935,Gd,No, ,clean,Y,Y,Y,,N,,,,,,,,,,,,,,,,,,,,,,EQUBUO_clean,829.2
EQUNEL_clean,11.53586,5.50716,8.36401,1.01632,2227.68,2191.92,0.0,0.0,0.6942,0.683055,0.0,In,Yes,In,clean,Y,Y,Y,,N,,,,,,,,,,,,,,,,,,,,,,EQUNEL_clean,5481.2
EQUNIP_clean,12.19685,4.3543,12.19496,0.882362,2411.33,2732.81,0.0,0.0,0.7004,0.793779,0.0,In,Yes,In,clean,Y,Y,Y,,N,,,,,,,,,,,,,,,,,,,,,,EQUNIP_clean,3413.5
ERAHOV_clean,8.72809,7.46409,8.72809,0.942162,2285.98,2426.31,0.0,0.0,0.718,0.762077,0.0,"Au,Co",Yes,Au,clean,Y,Y,Y,,N,,,,,,,,,,,,,,,,,,,,,,ERAHOV_clean,520.0
ERALUG_clean,10.3431,8.94026,10.3375,1.11121,2058.72,1852.68,0.0,0.0,0.6522,0.586926,0.000719933,Zr,Yes,Zr,clean,Y,Y,Y,,N,,,,,,,,,,,,,,,,,,,,,,ERALUG_clean,866.0
ERAMAN_clean,12.01377,10.18099,12.01377,0.963545,2126.75,2207.22,0.0,0.0,0.6966,0.722955,0.0,Zr,Yes,Zr,clean,Y,Y,Y,,N,,,,,,,,,,,,,,,,,,,,,,ERAMAN_clean,1885.1
ERAMER_clean,12.83976,11.91501,12.83976,0.685959,2103.01,3065.8,0.0,0.0,0.7502,1.09365,0.000291563,Zr,Yes,Zr,clean,Y,Y,Y,,N,,,,,,,,,,,,,,,,,,,,,,ERAMER_clean,1095.0
EREFEN01_SL,5.00416,3.86566,5.00416,1.13683,1255.14,1104.07,0.0,0.0,0.5352,0.470783,0.0,Zn,No, ,SL,Y,Y,Y,,N,,,,,,,,,,,,,,,,,,,,,,EREFEN01_SL,3479.9
EREGOY_clean,7.33047,5.25494,7.19533,0.879553,2401.32,2730.16,0.0,0.0,0.685,0.778805,0.0,Cd,Yes,Cd,clean,Y,Y,Y,,N,,,,,,,,,,,,,,,,,,,,,,EREGOY_clean,1218.1
ERELIX_clean,5.64254,3.51162,5.62378,1.23268,1079.22,875.507,0.0,0.0,0.5468,0.443586,0.0,"Au,Zn",Yes,Au,clean,Y,Y,Y,,N,,,,,,,,,,,,,,,,,,,,,,ERELIX_clean,1277.5
ERIGER_clean,7.45113,4.52945,7.45095,1.32558,1000.06,754.431,0.0,0.0,0.5014,0.378249,0.0,Ag,Yes,Ag,clean,Y,Y,Y,,N,,,,,,,,,,,,,,,,,,,,,,ERIGER_clean,1428.5
ERIRIG_auto,11.67849,9.57613,11.66558,0.426775,2035.73,4770.02,0.0,0.0,0.8318,1.94903,0.0,Zn,No, ,auto,Y,Y,Y,,N,,,,,,,,,,,,,,,,,,,,,,ERIRIG_auto,243.7
ERIWAF_clean,10.65116,5.48487,10.46238,0.840538,2241.03,2666.18,0.0,0.0,0.709,0.843508,0.0,Cu,Yes,Cu,clean,Y,Y,Y,,N,,,,,,,,,,,,,,,,,,,,,,ERIWAF_clean,1660.3
EROCIZ_clean,5.34059,3.74867,5.34025,1.39658,907.085,649.503,0.0,0.0,0.4828,0.345701,0.0,U,Yes,U,clean,Y,Y,Y,,N,,,,,,,,,,,,,,,,,,,,,,EROCIZ_clean,2382.2
ERUFUS_clean,4.3604,3.42673,4.35329,1.50899,684.051,453.317,0.0,0.0,0.4548,0.301394,0.0,Cd,No, ,clean,Y,Y,Y,,N,,,,,,,,,,,,,,,,,,,,,,ERUFUS_clean,412.3
ERULEK_clean,8.92635,6.96534,8.92635,0.799593,1925.59,2408.22,0.0,0.0,0.6678,0.835175,0.0,Zn,Yes,Zn,clean,Y,Y,Y,,N,,,,,,,,,,,,,,,,,,,,,,ERULEK_clean,2602.0
ERUNOW_clean,9.74436,7.85759,9.7385,0.884315,1769.89,2001.42,0.0,0.0,0.6546,0.740234,0.0,Co,Yes,Co,clean,Y,Y,Y,,N,,,,,,,,,,,,,,,,,,,,,,ERUNOW_clean,2547.7
ESANET_clean,7.69209,6.08736,7.69209,1.80232,1148.27,637.106,0.0,0.0,0.5264,0.292069,0.0,Cd,Yes,Cd,clean,Y,Y,Y,,N,,,,,,,,,,,,,,,,,,,,,,ESANET_clean,2058.7
ESAROH_clean,4.75347,3.71612,4.73943,1.3675,535.723,391.753,0.0,0.0,0.4534,0.331553,0.0,Zn,Yes,Zn,clean,Y,Y,Y,,N,,,,,,,,,,,,,,,,,,,,,,ESAROH_clean,1062.7
ESARUN_clean,6.08793,3.97207,6.06402,1.14221,1213.02,1061.99,0.0,0.0,0.5254,0.459984,0.0,Zn,Yes,Zn,clean,Y,Y,Y,,N,,,,,,,,,,,,,,,,,,,,,,ESARUN_clean,1583.0
ESASAU_clean,5.00328,3.89627,5.00219,1.37708,632.788,459.514,0.0,0.0,0.4448,0.323002,0.0,Zn,Yes,Zn,clean,Y,Y,Y,,N,,,,,,,,,,,,,,,,,,,,,,ESASAU_clean,2796.2
ESASEY_clean,5.5251,4.77538,5.51126,1.28472,744.013,579.127,0.0,0.0,0.486,0.378294,0.0,Zn,Yes,Zn,clean,Y,Y,Y,,N,,,,,,,,,,,,,,,,,,,,,,ESASEY_clean,2599.4
ESEDIQ_clean,5.39674,3.78301,5.31113,0.83454,2154.55,2581.72,0.0,0.0,0.6546,0.784384,0.0,Zn,No, ,clean,Y,Y,Y,,N,,,,,,,,,,,,,,,,,,,,,,ESEDIQ_clean,1426.6
ESEHIV_clean,5.10587,3.69765,5.10587,1.24278,879.237,707.477,0.0,0.0,0.5044,0.405865,0.0,Cu,Yes,Cu,clean,Y,Y,Y,,N,,,,,,,,,,,,,,,,,,,,,,ESEHIV_clean,1165.8
ESEQUO_clean,5.9241,3.78187,5.9241,1.17049,1289.9,1102.02,0.0,0.0,0.5438,0.464593,0.0,Co,Yes,Co,clean,N,Y,Y,,N,,,,,,,,,,,,,,,,,,,,,,ESEQUO_clean,547.0
ESEVIH_clean,6.88268,6.30555,6.87572,1.51625,1264.35,833.868,0.0,0.0,0.5472,0.36089,0.0,Zn,Yes,Zn,clean,Y,Y,Y,,N,,,,,,,,,,,,,,,,,,,,,,ESEVIH_clean,853.5
ESIDOB_clean,5.0954,4.12899,5.0954,1.32897,1274.07,958.69,0.0,0.0,0.5378,0.404673,0.0,In,No, ,clean,Y,Y,Y,,N,,,,,,,,,,,,,,,,,,,,,,ESIDOB_clean,1624.0
ESIFET_clean,8.81259,5.05152,8.81259,1.42533,1454.27,1020.3,0.0,0.0,0.5856,0.410852,0.0,Cd,No, ,clean,Y,Y,Y,,N,,,,,,,,,,,,,,,,,,,,,,ESIFET_clean,1493.7
ESIGES01_clean,5.30554,4.43053,5.27741,1.28243,1799.46,1403.16,0.0,0.0,0.6102,0.475814,0.0,Zn,No, ,clean,Y,Y,Y,,N,,,,,,,,,,,,,,,,,,,,,,ESIGES01_clean,2221.0
ESIGES02_clean,5.25592,4.31073,5.18518,1.28541,1797.52,1398.4,0.0,0.0,0.597,0.464442,0.0,Zn,No, ,clean,Y,Y,Y,,N,,,,,,,,,,,,,,,,,,,,,,ESIGES02_clean,2683.2
ESIGES_clean,5.24833,4.2623,5.18742,1.29046,1800.98,1395.62,0.0,0.0,0.6108,0.473321,0.0,Zn,No, ,clean,Y,Y,Y,,N,,,,,,,,,,,,,,,,,,,,,,ESIGES_clean,2770.8
ESURER01_clean,6.75428,5.6916,6.72807,1.40497,1349.29,960.372,0.0,0.0,0.5342,0.380221,0.0,Co,No, ,clean,Y,Y,Y,,N,,,,,,,,,,,,,,,,,,,,,,ESURER01_clean,1318.3
ESURER02_clean,6.73405,5.67186,6.7278,1.40899,1346.64,955.749,0.0,0.0,0.5328,0.378145,0.0,Co,No, ,clean,Y,Y,Y,,N,,,,,,,,,,,,,,,,,,,,,,ESURER02_clean,1303.0
ESURER03_clean,6.73192,5.66128,6.64205,1.40989,1345.84,954.57,0.0,0.0,0.5322,0.377477,0.0,Co,No, ,clean,Y,Y,Y,,N,,,,,,,,,,,,,,,,,,,,,,ESURER03_clean,1305.3
ESURER04_clean,6.9676,6.06182,6.9676,1.36538,1434.64,1050.72,0.0,0.0,0.5472,0.400767,0.0,Co,No, ,clean,Y,Y,Y,,N,,,,,,,,,,,,,,,,,,,,,,ESURER04_clean,1404.3
ESURER_clean,6.78739,5.78928,6.78739,1.3933,1363.04,978.277,0.0,0.0,0.5382,0.386276,0.0,Co,No, ,clean,Y,Y,Y,,N,,,,,,,,,,,,,,,,,,,,,,ESURER_clean,1357.6
ESUSAO01_clean,6.3973,4.82556,6.3973,1.43147,1333.03,931.231,0.0,0.0,0.5244,0.366336,0.0,Co,Yes,Co,clean,N,Y,Y,,N,,,,,,,,,,,,,,,,,,,,,,ESUSAO01_clean,741.2
ESUSAO_clean,6.44994,4.84687,6.44994,1.43017,1343.92,939.69,0.0,0.0,0.5242,0.366529,0.0,Co,Yes,Co,clean,N,Y,Y,,N,,,,,,,,,,,,,,,,,,,,,,ESUSAO_clean,750.7
ESUSIW_clean,6.7467,5.80608,6.7467,1.39203,1364.88,980.494,0.0,0.0,0.5394,0.387491,0.0,Co,Yes,Co,clean,Y,Y,Y,,N,,,,,,,,,,,,,,,,,,,,,,ESUSIW_clean,1350.0
ESUSOC01_clean,7.22634,6.19526,7.22634,1.36351,1450.27,1063.63,0.0,0.0,0.544,0.398969,0.0,Co,Yes,Co,clean,Y,Y,Y,,N,,,,,,,,,,,,,,,,,,,,,,ESUSOC01_clean,839.6
ESUSOC02_clean,7.24893,6.31165,7.23441,1.36801,1456.76,1064.88,0.0,0.0,0.538,0.393273,0.0,Co,No, ,clean,Y,Y,Y,,N,,,,,,,,,,,,,,,,,,,,,,ESUSOC02_clean,825.9
ESUSOC_clean,7.05543,5.76553,7.05417,1.36444,1437.77,1053.75,0.0,0.0,0.5426,0.397672,0.0,Co,Yes,Co,clean,Y,Y,Y,,N,,,,,,,,,,,,,,,,,,,,,,ESUSOC_clean,857.6
ESUTAP_clean,7.12445,6.33134,7.12445,1.37347,1444.41,1051.64,0.0,0.0,0.5478,0.398843,0.0,Co,Yes,Co,clean,Y,Y,Y,,N,,,,,,,,,,,,,,,,,,,,,,ESUTAP_clean,689.3
ESUTIX_clean,7.33038,6.15605,7.3245,1.35339,1467.91,1084.62,0.0,0.0,0.5522,0.408012,0.0,Co,Yes,Co,clean,Y,Y,Y,,N,,,,,,,,,,,,,,,,,,,,,,ESUTIX_clean,828.8
ESUVAR01_clean,5.82794,3.93449,5.82794,1.54928,1195.21,771.464,0.0,0.0,0.4896,0.316018,0.0,Co,Yes,Co,clean,Y,Y,Y,,N,,,,,,,,,,,,,,,,,,,,,,ESUVAR01_clean,720.4
ESUVAR_clean,6.28796,4.55194,6.20677,1.47064,1312.34,892.358,0.0,0.0,0.5172,0.351684,0.0,Co,Yes,Co,clean,Y,Y,Y,,N,,,,,,,,,,,,,,,,,,,,,,ESUVAR_clean,746.0
ESUVOF_clean,6.88083,5.87111,6.87535,1.38485,1391.22,1004.61,0.0,0.0,0.5404,0.390224,0.0,Co,No, ,clean,Y,Y,Y,,N,,,,,,,,,,,,,,,,,,,,,,ESUVOF_clean,1361.9
ETAXUT_clean,12.89356,7.93773,12.89356,0.721487,1897.63,2630.17,77.994,108.102,0.7242,1.00376,0.0,Zn,Yes,Zn,clean,Y,Y,Y,,N,,,,,,,,,,,,,,,,,,,,,,ETAXUT_clean,2388.4
ETECIR_clean,4.32284,3.50203,4.32284,1.44521,1297.96,898.111,0.0,0.0,0.6006,0.41558,0.0,In,No, ,clean,Y,Y,Y,,N,,,,,,,,,,,,,,,,,,,,,,ETECIR_clean,2935.4
ETECOX_clean,10.32812,8.91862,10.31469,1.07802,2014.96,1869.13,0.0,0.0,0.7346,0.681437,0.0,In,Yes,In,clean,Y,Y,Y,,N,,,,,,,,,,,,,,,,,,,,,,ETECOX_clean,2128.5
ETEJIX01_clean,6.69684,4.77946,6.69684,1.08358,2483.86,2292.26,0.0,0.0,0.649,0.598939,0.0,La,Yes,La,clean,Y,Y,Y,,N,,,,,,,,,,,,,,,,,,,,,,ETEJIX01_clean,612.6
ETEJIX_clean,6.81796,5.05367,6.81796,1.05868,2313.65,2185.42,0.0,0.0,0.6546,0.61832,0.0,La,Yes,La,clean,N,Y,Y,,N,,,,,,,,,,,,,,,,,,,,,,ETEJIX_clean,649.1
ETEJOD01_clean,6.6678,4.96877,6.6678,1.10092,2405.28,2184.79,0.0,0.0,0.6552,0.595139,0.0,Nd,Yes,Nd,clean,Y,Y,Y,,N,,,,,,,,,,,,,,,,,,,,,,ETEJOD01_clean,673.0
ETEJOD_clean,6.80678,5.11467,6.80678,1.12771,2231.39,1978.7,0.0,0.0,0.6388,0.56646,0.0,Nd,Yes,Nd,clean,N,Y,Y,,N,,,,,,,,,,,,,,,,,,,,,,ETEJOD_clean,771.4
ETEJUJ_clean,6.80904,5.16362,6.80904,1.11208,2257.09,2029.61,0.0,0.0,0.6478,0.582511,0.0,Sm,Yes,Sm,clean,N,Y,Y,,N,,,,,,,,,,,,,,,,,,,,,,ETEJUJ_clean,697.8
ETEKAQ01_manual,5.81491,4.70834,5.54365,1.17141,2276.97,1943.78,0.0,0.0,0.6496,0.554545,0.0,Gd,Yes,Gd,manual,N,Y,Y,,N,,,,,,,,,,,,,,,,,,,,,,ETEKAQ01_manual,562.3
ETEKAQ_clean,6.79458,5.19238,6.79458,1.13284,2254.4,1990.05,0.0,0.0,0.6454,0.569721,0.0,Gd,Yes,Gd,clean,N,Y,Y,,N,,,,,,,,,,,,,,,,,,,,,,ETEKAQ_clean,699.3
ETEKEU_clean,6.74215,5.18388,6.74215,1.16256,2288.23,1968.27,0.0,0.0,0.6442,0.554124,0.0,Er,Yes,Er,clean,N,Y,Y,,N,,,,,,,,,,,,,,,,,,,,,,ETEKEU_clean,692.9
ETEPID_clean,6.17672,3.95395,5.87594,1.10537,1278.33,1156.47,289.636,262.025,0.5518,0.499197,0.0,Rb,Yes,Rb,clean,Y,Y,Y,,N,,,,,,,,,,,,,,,,,,,,,,ETEPID_clean,14061.6
ETEQUQ_clean,5.92538,4.00393,5.92538,2.21544,1336.48,603.256,0.0,0.0,0.5274,0.238056,0.0,"Mo,Mn",Yes,"Mo,Mn",clean,Y,Y,Y,,N,,,,,,,,,,,,,,,,,,,,,,ETEQUQ_clean,719.0
ETESIG_clean,5.84738,4.10522,5.84738,1.34804,1113.36,825.908,0.0,0.0,0.511,0.379069,0.0,Cd,Yes,Cd,clean,Y,Y,Y,,N,,,,,,,,,,,,,,,,,,,,,,ETESIG_clean,1384.4
ETEXEI01_clean,5.81183,4.79897,5.70377,1.51395,1510.72,997.869,0.0,0.0,0.6306,0.416527,0.0,Zn,No, ,clean,Y,Y,Y,,N,,,,,,,,,,,,,,,,,,,,,,ETEXEI01_clean,888.2
ETEXEI_clean,5.78427,4.68209,5.77551,1.52654,1503.21,984.721,0.0,0.0,0.622,0.407458,0.0,Zn,No, ,clean,Y,Y,Y,,N,,,,,,,,,,,,,,,,,,,,,,ETEXEI_clean,892.4
ETIXIQ_clean,6.68041,4.65647,6.65888,0.848377,2297.1,2707.64,0.0,0.0,0.6174,0.727742,0.0,Zn,No, ,clean,Y,Y,Y,,N,,,,,,,,,,,,,,,,,,,,,,ETIXIQ_clean,1227.1
ETUWEW_clean,4.93842,4.37104,4.93842,1.56386,2303.31,1472.84,0.0,0.0,0.6098,0.389934,0.0,Sm,No, ,clean,Y,Y,Y,,N,,,,,,,,,,,,,,,,,,,,,,ETUWEW_clean,623.5
ETUWIA_clean,4.84869,4.31374,4.84869,1.3172,2256.73,1713.27,0.0,0.0,0.6028,0.457637,0.0,Y,Yes,Y,clean,Y,Y,Y,,N,,,,,,,,,,,,,,,,,,,,,,ETUWIA_clean,738.1
ETUXEW_clean,4.30967,3.74181,4.30967,1.76757,1105.02,625.163,0.0,0.0,0.5662,0.320327,0.0,Zn,No, ,clean,Y,Y,Y,,N,,,,,,,,,,,,,,,,,,,,,,ETUXEW_clean,818.9
EVADIQ_clean,7.6272,6.3767,7.6272,1.10873,1926.39,1737.47,0.0,0.0,0.6356,0.573266,0.0,Dy,Yes,Dy,clean,Y,Y,Y,,N,,,,,,,,,,,,,,,,,,,,,,EVADIQ_clean,1791.1
EVAKIV_clean,13.34989,4.00312,13.34989,0.730238,1776.02,2432.11,0.0,0.0,0.6852,0.938325,0.0,Cu,No, ,clean,Y,Y,Y,,N,,,,,,,,,,,,,,,,,,,,,,EVAKIV_clean,5617.8
EVEGIV_clean,6.17269,4.02251,6.17269,1.31229,854.868,651.434,42.1748,32.1384,0.5236,0.398999,0.0,Cu,Yes,Cu,clean,Y,Y,Y,,N,,,,,,,,,,,,,,,,,,,,,,EVEGIV_clean,3912.0
EVEGOB_clean,6.69286,4.9654,6.69286,1.28252,924.55,720.888,100.648,78.477,0.5186,0.404362,0.0,Cu,Yes,Cu,clean,Y,Y,Y,,N,,,,,,,,,,,,,,,,,,,,,,EVEGOB_clean,392.4
EVEGUH_clean,6.67679,5.04188,6.67679,1.28811,935.874,726.551,97.6899,75.84,0.5222,0.405402,0.0,Cu,Yes,Cu,clean,Y,Y,Y,,N,,,,,,,,,,,,,,,,,,,,,,EVEGUH_clean,402.8
EVIMUT_clean,5.27695,4.27032,5.27695,0.98944,1543.01,1559.48,0.0,0.0,0.5212,0.526762,0.0,Na,Yes,Na,clean,N,Y,Y,,N,,,,,,,,,,,,,,,,,,,,,,EVIMUT_clean,924.6
EVUDAA_clean,8.8715,5.37575,8.86492,1.06655,1848.87,1733.49,0.0,0.0,0.6318,0.592375,0.0,Cd,Yes,Cd,clean,N,Y,Y,,N,,,,,,,,,,,,,,,,,,,,,,EVUDAA_clean,2852.6
EVUPOC_clean,6.33794,4.33255,6.21155,1.43397,1521.86,1061.29,0.0,0.0,0.5584,0.389408,0.0,Nd,Yes,Nd,clean,Y,Y,Y,,N,,,,,,,,,,,,,,,,,,,,,,EVUPOC_clean,838.0
EVUQOC_clean,5.3745,3.92262,5.34265,1.5074,1102.05,731.093,0.0,0.0,0.4832,0.320551,0.0,La,Yes,La,clean,N,Y,Y,,N,,,,,,,,,,,,,,,,,,,,,,EVUQOC_clean,583.5
EVUQUI_clean,4.83999,3.93851,4.82956,1.53551,1049.12,683.243,0.0,0.0,0.4838,0.315075,0.0,Nd,Yes,Nd,clean,Y,Y,Y,,N,,,,,,,,,,,,,,,,,,,,,,EVUQUI_clean,977.9
EVURAP_clean,4.91998,4.00691,4.90722,1.50366,1094.53,727.909,0.0,0.0,0.4888,0.325073,0.0,Ce,Yes,Ce,clean,Y,Y,Y,,N,,,,,,,,,,,,,,,,,,,,,,EVURAP_clean,1015.1
EWASIG01_clean,6.54739,5.55468,6.37809,0.995743,2287.2,2296.98,0.0,0.0,0.6682,0.671057,0.0,Eu,Yes,Eu,clean,N,Y,Y,,N,,,,,,,,,,,,,,,,,,,,,,EWASIG01_clean,918.9
EWASIG_clean,6.45735,5.55117,6.42218,0.997683,2278.25,2283.54,0.0,0.0,0.6672,0.66875,0.0,Eu,Yes,Eu,clean,N,Y,Y,,N,,,,,,,,,,,,,,,,,,,,,,EWASIG_clean,936.7
EWECOY_clean,6.36107,5.38638,6.36107,1.35369,1897.91,1402.03,0.0,0.0,0.613,0.452836,0.0,Cd,Yes,Cd,clean,Y,Y,Y,,N,,,,,,,,,,,,,,,,,,,,,,EWECOY_clean,557.4
EWESAC_clean,4.96455,3.52189,4.96455,1.2876,515.857,400.635,170.93,132.751,0.4632,0.35974,0.0,Zn,No, ,clean,Y,Y,Y,,N,,,,,,,,,,,,,,,,,,,,,,EWESAC_clean,920.5
EWETUW_clean,5.62021,4.24917,5.57976,1.31411,662.316,504.004,418.644,318.576,0.5412,0.411838,0.0,Tb,Yes,Tb,clean,Y,Y,Y,,N,,,,,,,,,,,,,,,,,,,,,,EWETUW_clean,1900.5
EWIPIL_clean,5.07501,3.95522,5.05284,1.20337,1849.05,1536.56,0.0,0.0,0.602,0.500263,0.0,Zn,Yes,Zn,clean,Y,Y,Y,,N,,,,,,,,,,,,,,,,,,,,,,EWIPIL_clean,2060.8
EWUCOP_clean,4.517,3.6203,4.517,1.14036,1567.35,1374.43,0.0,0.0,0.607,0.532288,0.0,Cu,No, ,clean,Y,Y,Y,,N,,,,,,,,,,,,,,,,,,,,,,EWUCOP_clean,1577.0
EWUGEK_clean,4.25922,3.99552,4.25922,1.59647,254.293,159.284,0.0,0.0,0.3716,0.232763,0.0,Cd,No, ,clean,Y,Y,Y,,N,,,,,,,,,,,,,,,,,,,,,,EWUGEK_clean,332.0
EWUKAK_clean,8.06678,6.82094,8.05126,1.11278,1981.43,1780.62,0.0,0.0,0.6252,0.561838,0.0,"Zn,Co",Yes,"Zn,Co",clean,Y,Y,Y,,N,,,,,,,,,,,,,,,,,,,,,,EWUKAK_clean,1678.3
EWUKEO_clean,6.02152,4.9088,6.0177,1.04306,2495.54,2392.52,0.0,0.0,0.6576,0.630455,0.0,"Zn,Co",Yes,Co,clean,Y,Y,Y,,N,,,,,,,,,,,,,,,,,,,,,,EWUKEO_clean,1040.8
EWUKIS_clean,6.09706,5.36823,6.07492,1.05799,2424.88,2291.97,0.0,0.0,0.6762,0.639136,0.0,Zn,Yes,Zn,clean,Y,Y,Y,,N,,,,,,,,,,,,,,,,,,,,,,EWUKIS_clean,1045.8
EWUSOF_clean,11.18858,8.47337,10.82571,0.877,1675.84,1910.87,0.0,0.0,0.721,0.822121,0.0,"Mo,Cu",Yes,"Mo,Cu",clean,Y,Y,Y,,N,,,,,,,,,,,,,,,,,,,,,,EWUSOF_clean,411.5
EWUSUL_clean,11.25293,8.38573,11.25293,0.979503,1671.61,1706.59,0.0,0.0,0.7086,0.723428,0.0,"W,Cu",Yes,"W,Cu",clean,Y,Y,Y,,N,,,,,,,,,,,,,,,,,,,,,,EWUSUL_clean,395.0
EWUTEW_clean,7.55965,4.88065,7.45386,1.29422,1660.56,1283.06,0.0,0.0,0.5852,0.452164,0.0,"W,Cu",Yes,W,clean,Y,Y,Y,,N,,,,,,,,,,,,,,,,,,,,,,EWUTEW_clean,1662.4
EXALAR_clean,8.27068,4.14256,8.27068,0.819136,1552.0,1894.68,19.4699,23.7688,0.6382,0.779114,0.0,Ni,Yes,Ni,clean,Y,Y,Y,,N,,,,,,,,,,,,,,,,,,,,,,EXALAR_clean,781.1
EXALIZ_clean,8.54083,3.87619,8.54083,1.52305,1283.51,842.727,0.0,0.0,0.5696,0.373988,0.0,"Mo,Ni",Yes,"Mo,Ni",clean,Y,Y,Y,,N,,,,,,,,,,,,,,,,,,,,,,EXALIZ_clean,1002.9
EXAPEA_clean,5.23017,3.49325,5.23017,1.44837,343.252,236.992,0.0,0.0,0.4076,0.281419,0.0,Cu,No, ,clean,Y,Y,Y,,N,,,,,,,,,,,,,,,,,,,,,,EXAPEA_clean,253.0
EXAXAE01_clean,10.9668,6.77359,10.9668,1.34773,1718.01,1274.74,128.947,95.6773,0.6772,0.502475,0.0,Cu,Yes,Cu,clean,Y,Y,Y,,N,,,,,,,,,,,,,,,,,,,,,,EXAXAE01_clean,564.6
EXAXAE_clean,10.76753,6.65722,10.58024,1.36537,1690.78,1238.34,127.443,93.34,0.6754,0.494666,0.0,Cu,Yes,Cu,clean,Y,Y,Y,,N,,,,,,,,,,,,,,,,,,,,,,EXAXAE_clean,590.4
EXEMUR_clean,6.22751,4.77221,6.20611,1.4177,461.655,325.637,178.147,125.659,0.4768,0.33632,0.0,Cd,No, ,clean,Y,Y,Y,,N,,,,,,,,,,,,,,,,,,,,,,EXEMUR_clean,377.1
EXENAX_clean,4.98437,3.71955,4.67631,1.89432,1307.11,690.013,0.0,0.0,0.588,0.310402,0.0,Ag,Yes,Ag,clean,Y,Y,Y,,N,,,,,,,,,,,,,,,,,,,,,,EXENAX_clean,1058.2
EXEQAA_clean,7.25351,7.13068,7.2425,1.02495,1673.9,1633.14,0.0,0.0,0.6088,0.593978,0.0,Sc,No, ,clean,Y,Y,Y,,N,,,,,,,,,,,,,,,,,,,,,,EXEQAA_clean,2029.3
EXEQII_SL,7.24683,7.11371,7.24683,1.02502,1683.52,1642.43,0.0,0.0,0.597,0.58243,0.0,Sc,No, ,SL,Y,Y,Y,,N,,,,,,,,,,,,,,,,,,,,,,EXEQII_SL,1131.7
EXEWIO_clean,7.06551,3.91163,7.06551,1.10612,1247.35,1127.68,0.0,0.0,0.5336,0.482408,0.0,Zn,Yes,Zn,clean,Y,Y,Y,,N,,,,,,,,,,,,,,,,,,,,,,EXEWIO_clean,3870.9
EXEXAH_clean,9.58473,9.08126,9.58473,0.865744,1381.13,1595.31,0.0,0.0,0.6118,0.706675,0.0,Co,No, ,clean,Y,Y,Y,,N,,,,,,,,,,,,,,,,,,,,,,EXEXAH_clean,487.3
EXIDOF_clean,5.61373,5.00672,5.60841,1.03591,1864.27,1799.64,0.0,0.0,0.6158,0.594451,0.0,Co,No, ,clean,Y,Y,Y,,N,,,,,,,,,,,,,,,,,,,,,,EXIDOF_clean,633.6
EXOFIH_clean,4.43208,4.25139,4.42906,1.35435,1660.17,1225.81,0.0,0.0,0.5858,0.432533,0.0,In,No, ,clean,Y,Y,Y,,N,,,,,,,,,,,,,,,,,,,,,,EXOFIH_clean,2243.5
EXOTOB_clean,13.28738,7.77882,13.22247,0.710367,1789.01,2518.43,0.0,0.0,0.7024,0.988785,0.0,Ni,Yes,Ni,clean,Y,Y,Y,,N,,,,,,,,,,,,,,,,,,,,,,EXOTOB_clean,1844.9
EXOTUH_SL,6.05951,4.4083,6.05951,0.950557,1966.63,2068.92,0.0,0.0,0.6264,0.658982,0.0,Cd,No, ,SL,Y,Y,Y,,N,,,,,,,,,,,,,,,,,,,,,,EXOTUH_SL,1489.0
EXOZIB_clean,8.81916,5.67239,8.81916,0.860889,2066.43,2400.34,0.0,0.0,0.7104,0.825193,0.0,Cu,Yes,Cu,clean,Y,Y,Y,,N,,,,,,,,,,,,,,,,,,,,,,EXOZIB_clean,774.5
EXUHEM_clean,5.5848,3.98697,5.5848,1.1948,1036.21,867.268,0.0,0.0,0.5148,0.430868,0.0,Cd,No, ,clean,Y,Y,Y,,N,,,,,,,,,,,,,,,,,,,,,,EXUHEM_clean,714.8
EXUHUC_clean,6.22107,4.0898,6.22107,1.22274,852.187,696.948,9.45855,7.73552,0.5232,0.427891,0.0,Mn,Yes,Mn,clean,Y,Y,Y,,N,,,,,,,,,,,,,,,,,,,,,,EXUHUC_clean,868.0
EYACOX_clean,8.14361,5.87215,7.68514,0.961963,2469.42,2567.06,0.0,0.0,0.6732,0.699819,0.0,Eu,Yes,Eu,clean,Y,Y,Y,,N,,,,,,,,,,,,,,,,,,,,,,EYACOX_clean,1003.1
EYINOR_clean,8.12774,5.83469,8.12774,0.997324,2427.09,2433.6,0.0,0.0,0.6904,0.692252,0.0,Yb,Yes,Yb,clean,Y,Y,Y,,N,,,,,,,,,,,,,,,,,,,,,,EYINOR_clean,1252.1
EYIYES_clean,8.23387,5.84668,8.15455,0.958955,2430.13,2534.15,0.0,0.0,0.6902,0.719741,0.0,Dy,Yes,Dy,clean,Y,Y,Y,,N,,,,,,,,,,,,,,,,,,,,,,EYIYES_clean,1062.0
EYOCIG_clean,8.27418,5.89212,8.06359,0.922433,2431.08,2635.51,0.0,0.0,0.694,0.752358,0.0,Eu,Yes,Eu,clean,Y,Y,Y,,N,,,,,,,,,,,,,,,,,,,,,,EYOCIG_clean,1058.4
EYOCOM_clean,8.18337,5.84697,8.18337,0.974997,2429.97,2492.29,0.0,0.0,0.6902,0.7079,0.0,Er,Yes,Er,clean,Y,Y,Y,,N,,,,,,,,,,,,,,,,,,,,,,EYOCOM_clean,1085.8
EYULOA_clean,4.93073,3.99192,4.90572,1.26506,819.807,648.04,0.0,0.0,0.5008,0.395872,0.0,Co,No, ,clean,Y,Y,Y,,N,,,,,,,,,,,,,,,,,,,,,,EYULOA_clean,1301.2
EYUWAW_clean_h,6.01873,4.52997,6.01625,1.02499,1441.95,1406.78,0.0,0.0,0.5778,0.563711,0.0,Mn,Yes,Mn,clean_h,N,Y,Y,,N,,,,,,,,,,,,,,,,,,,,,,EYUWAW_clean_h,1479.6
EZABEN_clean,5.22809,3.75233,5.19001,1.80933,1456.46,804.973,0.0,0.0,0.5686,0.314261,0.0,Cd,Yes,Cd,clean,N,Y,Y,,N,,,,,,,,,,,,,,,,,,,,,,EZABEN_clean,821.3
EZEQEH_clean,4.87284,4.37059,4.87284,1.23337,902.039,731.365,0.0,0.0,0.4534,0.367612,0.0,Mg,No, ,clean,Y,Y,Y,,N,,,,,,,,,,,,,,,,,,,,,,EZEQEH_clean,1061.2
EZEQIL_clean,5.30026,4.78345,5.30026,1.17129,1076.67,919.215,0.0,0.0,0.476,0.406389,0.0,Mg,No, ,clean,Y,Y,Y,,N,,,,,,,,,,,,,,,,,,,,,,EZEQIL_clean,1219.7
EZEQOR_clean,5.6482,4.90134,5.6482,1.14412,1130.85,988.403,0.0,0.0,0.4858,0.424607,0.0,Mg,No, ,clean,Y,Y,Y,,N,,,,,,,,,,,,,,,,,,,,,,EZEQOR_clean,1258.1
EZEQUX_clean,5.58794,4.86495,5.58794,1.14902,1119.33,974.163,0.0,0.0,0.4862,0.423145,0.0,Mg,No, ,clean,Y,Y,Y,,N,,,,,,,,,,,,,,,,,,,,,,EZEQUX_clean,1272.4
EZESAF_clean,5.1372,4.14128,5.1327,1.2462,687.896,551.996,0.0,0.0,0.4534,0.363827,0.0,Cu,Yes,Cu,clean,Y,Y,Y,,N,,,,,,,,,,,,,,,,,,,,,,EZESAF_clean,793.0
EZIPEK_clean,8.58626,4.2007,8.58626,1.51602,1671.68,1102.68,0.0,0.0,0.5836,0.384955,0.000527697,Eu,No, ,clean,Y,Y,Y,,N,,,,,,,,,,,,,,,,,,,,,,EZIPEK_clean,4306.3
EZITUE_clean,5.18743,4.58908,5.18743,1.41786,514.897,363.149,0.0,0.0,0.4536,0.319918,0.0,Ba,Yes,Ba,clean,N,Y,Y,,N,,,,,,,,,,,,,,,,,,,,,,EZITUE_clean,3211.7
EZIVAM_clean,4.86841,4.201,4.86841,1.36805,410.17,299.821,0.0,0.0,0.4216,0.308176,0.0,Sr,Yes,Sr,clean,Y,Y,Y,,N,,,,,,,,,,,,,,,,,,,,,,EZIVAM_clean,1159.8
EZOBUR02_clean,5.4535,4.4976,5.43411,1.36504,878.599,643.645,0.0,0.0,0.4944,0.362188,0.0,Cu,Yes,Cu,clean,Y,Y,Y,,N,,,,,,,,,,,,,,,,,,,,,,EZOBUR02_clean,689.4
EZOBUR_clean,6.22091,4.91314,6.06649,1.26527,1070.0,845.668,0.0,0.0,0.5366,0.4241,0.0,Cu,Yes,Cu,clean,Y,Y,Y,,N,,,,,,,,,,,,,,,,,,,,,,EZOBUR_clean,672.8
EZOFEF_clean,11.22482,4.58247,11.22482,1.02492,1340.94,1308.34,253.285,247.127,0.6156,0.600633,0.0,Ni,No, ,clean,Y,Y,Y,,N,,,,,,,,,,,,,,,,,,,,,,EZOFEF_clean,1517.7
EZUCIM_clean,5.27092,4.42324,5.21472,1.00292,1781.29,1776.11,0.0,0.0,0.602,0.600249,0.0,Zn,No, ,clean,Y,Y,Y,,N,,,,,,,,,,,,,,,,,,,,,,EZUCIM_clean,1245.8
EZULAO_clean,5.09593,4.42786,5.07986,1.44576,1054.74,729.539,0.0,0.0,0.5038,0.348468,0.0,Cd,Yes,Cd,clean,N,Y,Y,,N,,,,,,,,,,,,,,,,,,,,,,EZULAO_clean,487.0
FABCUI_clean,5.29132,3.67742,5.0134,1.09277,1448.77,1325.78,0.0139318,0.0127491,0.5368,0.49123,0.0,Cu,Yes,Cu,clean,N,Y,Y,,N,,,,,,,,,,,,,,,,,,,,,,FABCUI_clean,2160.0
FABGUM_clean,4.49645,4.20268,4.49184,1.20151,964.988,803.144,198.183,164.944,0.618,0.514351,0.0,Ag,No, ,clean,Y,Y,Y,,N,,,,,,,,,,,,,,,,,,,,,,FABGUM_clean,683.9
FAFDEX_clean,4.84612,4.0465,4.84612,1.4121,763.799,540.896,0.0,0.0,0.426,0.301679,0.0,"Mn,K",Yes,K,clean,Y,Y,Y,,N,,,,,,,,,,,,,,,,,,,,,,FAFDEX_clean,873.4
FAFMAC_clean,6.81612,5.39086,6.79864,1.26269,1165.02,922.651,0.0,0.0,0.5508,0.436212,0.0,Ag,Yes,Ag,clean,Y,Y,Y,,N,,,,,,,,,,,,,,,,,,,,,,FAFMAC_clean,474.8
FAFQEJ01_clean,6.37389,4.22376,5.90055,1.46265,2225.33,1521.44,0.0,0.0,0.6474,0.442621,0.0,Er,Yes,Er,clean,Y,Y,Y,,N,,,,,,,,,,,,,,,,,,,,,,FAFQEJ01_clean,493.2
FAGMAE_clean,5.46748,4.37557,5.46748,1.06062,1170.19,1103.31,0.885384,0.834777,0.5442,0.513094,0.0,Ag,Yes,Ag,clean,Y,Y,Y,,N,,,,,,,,,,,,,,,,,,,,,,FAGMAE_clean,4285.3
FAGMEI_clean,4.74677,3.86448,4.45761,1.13696,582.955,512.733,152.586,134.206,0.5114,0.449797,0.0,Ag,Yes,Ag,clean,Y,Y,Y,,N,,,,,,,,,,,,,,,,,,,,,,FAGMEI_clean,5076.1
FAGMOS_clean,4.83565,3.90897,4.83387,1.11657,661.618,592.547,152.346,136.441,0.5228,0.468221,0.0,Ag,Yes,Ag,clean,Y,Y,Y,,N,,,,,,,,,,,,,,,,,,,,,,FAGMOS_clean,5193.0
FAGQAI_clean,13.61199,8.61498,13.60121,0.481098,2019.32,4197.32,0.0,0.0,0.7864,1.63459,0.0,Cu,Yes,Cu,clean,Y,Y,Y,,N,,,,,,,,,,,,,,,,,,,,,,FAGQAI_clean,797.9
FAGREM_clean,7.38233,6.89343,7.38233,1.46524,1454.62,992.751,0.0,0.0,0.557,0.380143,0.0,Zn,Yes,Zn,clean,Y,Y,Y,,N,,,,,,,,,,,,,,,,,,,,,,FAGREM_clean,825.4
FAGXIX_clean,5.2216,3.54475,5.2216,1.24357,1161.81,934.26,0.0,0.0,0.5266,0.42346,0.0,Zn,Yes,Zn,clean,N,Y,Y,,N,,,,,,,,,,,,,,,,,,,,,,FAGXIX_clean,3498.8
FAHGAY_clean,5.42928,5.0549,5.42928,0.789805,2259.65,2861.02,0.0,0.0,0.6494,0.822229,0.0,Be,No, ,clean,Y,Y,Y,,N,,,,,,,,,,,,,,,,,,,,,,FAHGAY_clean,1205.0
FAHPOV_clean,15.83326,12.70856,15.77354,0.465056,1930.74,4151.64,0.0,0.0,0.8222,1.76796,0.0,Zn,Yes,Zn,clean,Y,Y,Y,,N,,,,,,,,,,,,,,,,,,,,,,FAHPOV_clean,1817.1
FAHQIQ_clean,9.85392,4.35513,9.85392,0.853176,2077.29,2434.78,0.0,0.0,0.6662,0.780847,0.0,In,No, ,clean,Y,Y,Y,,N,,,,,,,,,,,,,,,,,,,,,,FAHQIQ_clean,7159.0
FAHQIR_clean,5.4668,3.66161,5.45525,1.24631,646.137,518.44,0.0,0.0,0.4704,0.377434,0.0,Co,Yes,Co,clean,Y,Y,Y,,N,,,,,,,,,,,,,,,,,,,,,,FAHQIR_clean,2908.6
FAJYAS_clean,8.56248,6.70705,8.55013,0.843378,1917.39,2273.46,0.0,0.0,0.6388,0.75743,0.0,Co,Yes,Co,clean,Y,Y,Y,,N,,,,,,,,,,,,,,,,,,,,,,FAJYAS_clean,1887.1
FAJZOI_clean,5.7048,3.67896,5.62232,1.15456,806.025,698.125,0.0,0.0,0.4918,0.425964,0.0,Ag,No, ,clean,Y,Y,Y,,N,,,,,,,,,,,,,,,,,,,,,,FAJZOI_clean,2960.1
FAKLIO_clean,9.35143,8.40739,9.35026,0.753404,1654.42,2195.93,0.0,0.0,0.6524,0.865937,0.0,Mn,No, ,clean,Y,Y,Y,,N,,,,,,,,,,,,,,,,,,,,,,FAKLIO_clean,689.3
FAKLOU_clean,9.12795,8.03305,9.12795,0.879649,1631.51,1854.72,0.0,0.0,0.6538,0.743251,0.0,Cd,No, ,clean,Y,Y,Y,,N,,,,,,,,,,,,,,,,,,,,,,FAKLOU_clean,670.5
FAKLUA_clean,9.01677,8.0299,9.01677,0.819291,1611.05,1966.39,0.0,0.0,0.6454,0.787754,0.0,Zn,No, ,clean,Y,Y,Y,,N,,,,,,,,,,,,,,,,,,,,,,FAKLUA_clean,742.0
FAKMAH_clean,8.51474,7.6757,8.51474,0.756909,1726.74,2281.31,0.0,0.0,0.6586,0.870118,0.0,Mn,No, ,clean,Y,Y,Y,,N,,,,,,,,,,,,,,,,,,,,,,FAKMAH_clean,1303.5
FAKNIR_clean,7.731,5.84497,7.731,0.960238,2118.84,2206.58,0.0,0.0,0.6484,0.675249,0.0,Cd,Yes,Cd,clean,Y,Y,Y,,N,,,,,,,,,,,,,,,,,,,,,,FAKNIR_clean,420.8
FALBAX_manual,16.15249,9.49143,16.1486,0.447193,2181.58,4878.38,0.0,0.0,0.8038,1.79743,0.0,Co,No, ,manual,Y,Y,Y,,N,,,,,,,,,,,,,,,,,,,,,,FALBAX_manual,8545.1
FALDAA_clean,6.52279,5.33991,6.32184,1.08899,1435.02,1317.76,0.0,0.0,0.579,0.531688,0.0,Cd,Yes,Cd,clean,N,Y,Y,,N,,,,,,,,,,,,,,,,,,,,,,FALDAA_clean,777.8
FALLOT_clean,5.47116,3.44168,5.42276,1.84097,1146.35,622.691,0.0,0.0,0.5828,0.316572,0.0,"W,Cu",Yes,Cu,clean,Y,Y,Y,,N,,,,,,,,,,,,,,,,,,,,,,FALLOT_clean,256.0
FALPOY_clean,5.64075,4.31698,5.64026,1.89914,1788.53,941.762,0.0,0.0,0.5702,0.300242,0.0,Ga,Yes,Ga,clean,Y,Y,Y,,N,,,,,,,,,,,,,,,,,,,,,,FALPOY_clean,1793.8
FALVOF_clean,6.65756,4.5203,6.48608,1.39374,1687.85,1211.03,0.0,0.0,0.5882,0.422031,0.0,"Pr,Cu",Yes,"Pr,Cu",clean,Y,Y,Y,,N,,,,,,,,,,,,,,,,,,,,,,FALVOF_clean,1105.7
FAMPUH_clean,14.29727,6.50644,14.29727,0.67257,2359.31,3507.91,0.0,0.0,0.7568,1.12524,0.0,Cu,Yes,Cu,clean,Y,Y,Y,,N,,,,,,,,,,,,,,,,,,,,,,FAMPUH_clean,730.5
FAMQAO_clean,14.19972,6.54893,14.18609,0.666736,2302.24,3453.0,0.0,0.0,0.7576,1.13628,0.0,Cu,Yes,Cu,clean,Y,Y,Y,,N,,,,,,,,,,,,,,,,,,,,,,FAMQAO_clean,725.3
FAMQES_clean,13.92314,6.55268,13.92314,0.674226,2354.83,3492.63,0.0,0.0,0.7532,1.11713,0.0,Cu,Yes,Cu,clean,Y,Y,Y,,N,,,,,,,,,,,,,,,,,,,,,,FAMQES_clean,730.6
FANCIJ_clean,8.52966,7.16955,8.46063,1.09037,1242.28,1139.32,72.6595,66.6376,0.5784,0.530463,0.0,Yb,No, ,clean,Y,Y,Y,,N,,,,,,,,,,,,,,,,,,,,,,FANCIJ_clean,1013.4
FANCOP_clean,8.31522,6.68432,8.30333,1.04032,1268.68,1219.51,89.2086,85.7514,0.5834,0.560791,0.0,Pr,No, ,clean,Y,Y,Y,,N,,,,,,,,,,,,,,,,,,,,,,FANCOP_clean,1133.1
FANDEG_clean,8.58478,6.98003,8.57286,1.05217,1307.67,1242.83,85.7897,81.5358,0.5892,0.559985,0.0,Gd,No, ,clean,Y,Y,Y,,N,,,,,,,,,,,,,,,,,,,,,,FANDEG_clean,1136.5
FANQER_clean,5.21362,4.0339,5.21362,1.50842,1029.25,682.337,0.211472,0.140194,0.5204,0.344996,0.0,"W,Mn",Yes,Mn,clean,Y,Y,Y,,N,,,,,,,,,,,,,,,,,,,,,,FANQER_clean,285.3
FAPXEC_clean,7.23633,7.07944,7.22228,1.10849,1601.62,1444.86,0.0,0.0,0.5964,0.538029,0.0,V,No, ,clean,Y,Y,Y,,N,,,,,,,,,,,,,,,,,,,,,,FAPXEC_clean,740.6
FAPXIG_clean,7.25163,7.0872,7.25163,1.12925,1578.62,1397.94,0.0,0.0,0.5966,0.528317,0.0,V,No, ,clean,Y,Y,Y,,N,,,,,,,,,,,,,,,,,,,,,,FAPXIG_clean,715.6
FAPXOM_clean,7.22558,7.07954,7.22145,1.12985,1598.05,1414.39,0.0,0.0,0.5978,0.529098,0.0,V,No, ,clean,Y,Y,Y,,N,,,,,,,,,,,,,,,,,,,,,,FAPXOM_clean,747.9
FAQGEL_clean,5.35554,3.64691,5.34801,1.44151,1313.99,911.54,0.0,0.0,0.536,0.371832,0.0,Cd,Yes,Cd,clean,N,Y,Y,,N,,,,,,,,,,,,,,,,,,,,,,FAQGEL_clean,1143.0
FAQGIP_clean,5.30496,3.71196,5.30496,1.22203,1264.33,1034.61,0.0,0.0,0.5172,0.423229,0.0,Mn,Yes,Mn,clean,N,Y,Y,,N,,,,,,,,,,,,,,,,,,,,,,FAQGIP_clean,1103.7
FAQLUH_clean,7.25665,7.09719,7.24714,1.10687,1602.27,1447.57,0.0,0.0,0.5958,0.538276,0.0,V,No, ,clean,Y,Y,Y,,N,,,,,,,,,,,,,,,,,,,,,,FAQLUH_clean,744.6
FARBIL_clean,6.5257,5.85477,6.5257,1.16183,1319.81,1135.97,0.0,0.0,0.544,0.468226,0.0,V,No, ,clean,Y,Y,Y,,N,,,,,,,,,,,,,,,,,,,,,,FARBIL_clean,1036.8
FARFIO_clean,9.12316,6.55123,9.12316,1.31137,1730.77,1319.82,0.0,0.0,0.6458,0.492464,0.0,Zn,No, ,clean,Y,Y,Y,,N,,,,,,,,,,,,,,,,,,,,,,FARFIO_clean,369.9
FARFOU_clean,8.96134,6.03917,8.96134,1.3138,1736.65,1321.85,0.0,0.0,0.6496,0.494443,0.0,Zn,No, ,clean,Y,Y,Y,,N,,,,,,,,,,,,,,,,,,,,,,FARFOU_clean,392.2
FARFUA_clean,8.43305,5.99885,8.43305,1.37514,1658.2,1205.84,0.0,0.0,0.6292,0.457553,0.0,Zn,No, ,clean,Y,Y,Y,,N,,,,,,,,,,,,,,,,,,,,,,FARFUA_clean,380.6
FARHIR_ion_b,6.8791,5.35126,6.8791,1.62906,838.805,514.901,0.0,0.0,0.3778,0.231913,0.0,"Pb,K",Yes,Pb,ion_b,Y,Y,Y,,N,,,,,,,,,,,,,,,,,,,,,,FARHIR_ion_b,1312.8
FARHOX_ion_b,6.26684,3.62781,6.26416,1.63231,1189.76,728.882,0.0,0.0,0.5338,0.327022,0.0,"Cs,Pb",Yes,"Cs,Pb",ion_b,Y,Y,Y,,N,,,,,,,,,,,,,,,,,,,,,,FARHOX_ion_b,3834.8
FASHAK_clean,5.67537,4.91896,5.66915,1.31877,1672.64,1268.34,0.0,0.0,0.5816,0.441018,0.0,Pr,Yes,Pr,clean,Y,Y,Y,,N,,,,,,,,,,,,,,,,,,,,,,FASHAK_clean,595.8
FASHOX_clean,5.79545,4.39914,5.79038,3.73156,1762.91,472.433,0.0,0.0,0.572,0.153287,0.0,U,Yes,U,clean,Y,Y,Y,,N,,,,,,,,,,,,,,,,,,,,,,FASHOX_clean,578.9
FASVIH_clean,7.36263,6.76595,7.35007,1.28937,1714.12,1329.42,0.0,0.0,0.6144,0.476511,0.0,Cu,Yes,Cu,clean,Y,Y,Y,,N,,,,,,,,,,,,,,,,,,,,,,FASVIH_clean,754.4
FATKAO_clean,4.65609,3.80909,4.65088,1.95034,1014.02,519.916,0.0,0.0,0.465,0.238419,0.0,Gd,Yes,Gd,clean,Y,Y,Y,,N,,,,,,,,,,,,,,,,,,,,,,FATKAO_clean,941.2
FATKES_clean,4.81739,3.70783,4.8165,1.82727,1025.9,561.439,0.0,0.0,0.4878,0.266955,0.0,Nd,Yes,Nd,clean,Y,Y,Y,,N,,,,,,,,,,,,,,,,,,,,,,FATKES_clean,917.0
FATKIV_clean,14.84172,10.48506,14.13115,0.799535,924.965,1156.88,197.216,246.664,0.6364,0.795963,0.0,Mn,Yes,Mn,clean,Y,Y,Y,,N,,,,,,,,,,,,,,,,,,,,,,FATKIV_clean,1626.0
FATKIW_clean,4.92999,3.7145,4.92517,1.89194,1016.62,537.341,0.0,0.0,0.477,0.252122,0.0,Sm,Yes,Sm,clean,Y,Y,Y,,N,,,,,,,,,,,,,,,,,,,,,,FATKIW_clean,942.9
FATKOC_clean,4.67985,3.79401,4.65705,1.90793,1011.46,530.135,0.0,0.0,0.4774,0.250219,0.0,Eu,Yes,Eu,clean,Y,Y,Y,,N,,,,,,,,,,,,,,,,,,,,,,FATKOC_clean,929.1
FATKUI_clean,4.71614,3.90797,4.71614,1.76449,1087.25,616.182,0.0,0.0,0.4914,0.278494,0.0,Ce,Yes,Ce,clean,Y,Y,Y,,N,,,,,,,,,,,,,,,,,,,,,,FATKUI_clean,931.5
FATLUJ_clean,5.42171,4.28978,5.42171,1.20951,1168.02,965.69,4.12251,3.4084,0.5226,0.432074,0.0,Cu,Yes,Cu,clean,Y,Y,Y,,N,,,,,,,,,,,,,,,,,,,,,,FATLUJ_clean,1250.9
FATQID_clean,11.53016,8.55287,11.53016,0.606791,2204.88,3633.67,0.0,0.0,0.8008,1.31973,0.0,Cu,Yes,Cu,clean,Y,Y,Y,,N,,,,,,,,,,,,,,,,,,,,,,FATQID_clean,253.9
FATVOM_clean,4.53669,4.03212,4.53669,1.59797,796.91,498.701,0.0,0.0,0.4212,0.263584,0.0,Cu,Yes,Cu,clean,N,Y,Y,,N,,,,,,,,,,,,,,,,,,,,,,FATVOM_clean,948.0
FAVFUG_clean,6.83841,4.77149,6.83841,1.02578,1903.53,1855.69,0.0,0.0,0.6082,0.592913,0.0,"Cd,K",No, ,clean,Y,Y,Y,,N,,,,,,,,,,,,,,,,,,,,,,FAVFUG_clean,3992.9
FAVGAN_clean,5.57142,4.50196,5.49969,1.52705,956.016,626.056,0.0,0.0,0.4838,0.316821,0.0,Nd,Yes,Nd,clean,Y,Y,Y,,N,,,,,,,,,,,,,,,,,,,,,,FAVGAN_clean,1651.9
FAVGER_clean,5.35311,4.52327,5.34725,1.54964,901.531,581.768,0.0,0.0,0.481,0.310395,0.0,Nd,No, ,clean,Y,Y,Y,,N,,,,,,,,,,,,,,,,,,,,,,FAVGER_clean,1551.3
FAVGIV_clean,4.89361,4.27611,4.89361,1.63035,784.518,481.195,0.0,0.0,0.4718,0.289385,0.0,Sm,Yes,Sm,clean,Y,Y,Y,,N,,,,,,,,,,,,,,,,,,,,,,FAVGIV_clean,978.0
FAVGOB_clean,4.8913,4.26213,4.88425,1.63875,774.721,472.75,0.0,0.0,0.4632,0.282654,0.0,Sm,Yes,Sm,clean,Y,Y,Y,,N,,,,,,,,,,,,,,,,,,,,,,FAVGOB_clean,975.3
FAVGUH_clean,4.86763,4.2119,4.84866,1.64912,773.676,469.146,0.0,0.0,0.4688,0.284274,0.0,Eu,Yes,Eu,clean,Y,Y,Y,,N,,,,,,,,,,,,,,,,,,,,,,FAVGUH_clean,980.3
FAVHAO_clean,4.95666,4.40143,4.92219,1.63957,784.566,478.52,0.0,0.0,0.4652,0.283733,0.0,Eu,Yes,Eu,clean,Y,Y,Y,,N,,,,,,,,,,,,,,,,,,,,,,FAVHAO_clean,1012.3
FAVHES_clean,4.81694,4.18094,4.81252,1.69685,756.814,446.011,0.0,0.0,0.4616,0.272033,0.0,Tb,Yes,Tb,clean,Y,Y,Y,,N,,,,,,,,,,,,,,,,,,,,,,FAVHES_clean,949.8
FAVHIW_clean,4.93663,4.37848,4.91876,1.68898,774.259,458.419,0.0,0.0,0.459,0.271762,0.0,Tb,Yes,Tb,clean,Y,Y,Y,,N,,,,,,,,,,,,,,,,,,,,,,FAVHIW_clean,1032.4
FAVKAP_clean,6.87609,5.10388,6.87609,1.0919,2445.17,2239.37,0.0,0.0,0.6468,0.592361,0.0,Fe,Yes,Fe,clean,Y,Y,Y,,N,,,,,,,,,,,,,,,,,,,,,,FAVKAP_clean,356.4
FAWCEN02_SL,11.41573,3.43573,11.41573,0.924186,1463.4,1583.45,0.0,0.0,0.6478,0.700941,0.0,Zn,No, ,SL,Y,Y,Y,,N,,,,,,,,,,,,,,,,,,,,,,FAWCEN02_SL,670.7
FAYPAY_clean,12.90794,5.24047,12.8925,0.673936,2011.51,2984.72,0.0,0.0,0.742,1.10099,0.0,Zn,Yes,Zn,clean,Y,Y,Y,,N,,,,,,,,,,,,,,,,,,,,,,FAYPAY_clean,1671.5
FAYPEC_clean,11.32938,4.75784,11.28719,0.745804,1782.19,2389.63,0.0,0.0,0.6898,0.924908,0.0,Zn,Yes,Zn,clean,Y,Y,Y,,N,,,,,,,,,,,,,,,,,,,,,,FAYPEC_clean,2022.7
FAYPIG_clean,11.51198,6.01308,11.45567,0.74228,1782.59,2401.5,0.0,0.0,0.7098,0.956244,0.0,Zn,Yes,Zn,clean,Y,Y,Y,,N,,,,,,,,,,,,,,,,,,,,,,FAYPIG_clean,1335.1
FAYPOM_clean,8.33734,7.34032,8.33734,0.888945,1770.92,1992.16,0.0,0.0,0.637,0.71658,0.0,Zn,No, ,clean,Y,Y,Y,,N,,,,,,,,,,,,,,,,,,,,,,FAYPOM_clean,1388.9
FAYQAZ_clean,13.25092,5.37829,12.95797,0.797039,1583.25,1986.41,0.0,0.0,0.6806,0.85391,0.0,Zn,Yes,Zn,clean,Y,Y,Y,,N,,,,,,,,,,,,,,,,,,,,,,FAYQAZ_clean,1600.3
FAYQED_clean,12.559,10.1499,12.53561,0.533674,1990.43,3729.68,0.0,0.0,0.7818,1.46494,0.0,Zn,Yes,Zn,clean,Y,Y,Y,,N,,,,,,,,,,,,,,,,,,,,,,FAYQED_clean,2621.0
FAYQUT_clean,11.36736,8.26719,11.16554,0.777904,1704.81,2191.54,0.0,0.0,0.681,0.875429,0.0,Zn,Yes,Zn,clean,Y,Y,Y,,N,,,,,,,,,,,,,,,,,,,,,,FAYQUT_clean,8038.4
FAZFET_clean,6.57316,4.4573,6.55727,1.65256,1476.29,893.337,1.47172,0.89057,0.5356,0.324103,0.0,"V,Ge,Co",Yes,"V,Ge,Co",clean,Y,Y,Y,,N,,,,,,,,,,,,,,,,,,,,,,FAZFET_clean,6490.0
FAZPED_clean,7.63868,5.99081,7.63868,1.64589,749.747,455.527,0.0,0.0,0.4048,0.245946,0.0,Co,Yes,Co,clean,Y,Y,Y,,N,,,,,,,,,,,,,,,,,,,,,,FAZPED_clean,1123.5
FAZZEM_clean,5.74693,4.41081,5.68235,2.16525,873.054,403.211,0.0,0.0,0.4638,0.214201,0.0,"Mo,La",Yes,"Mo,La",clean,N,Y,Y,,N,,,,,,,,,,,,,,,,,,,,,,FAZZEM_clean,653.3
FEBPUY_clean,5.08924,4.38524,5.07804,1.23823,1158.3,935.44,0.0,0.0,0.5392,0.435459,0.0,Cu,Yes,Cu,clean,Y,Y,Y,,N,,,,,,,,,,,,,,,,,,,,,,FEBPUY_clean,1400.5
FEBXIV_clean,17.28638,15.74639,17.27933,0.293688,1491.04,5076.95,0.0,0.0,0.8788,2.99229,0.0,Cu,Yes,Cu,clean,Y,Y,Y,,N,,,,,,,,,,,,,,,,,,,,,,FEBXIV_clean,710.9
FECCIZ_clean,4.99663,3.47947,4.98801,1.68897,855.07,506.267,0.0,0.0,0.478,0.283012,0.0,Al,No, ,clean,Y,Y,Y,,N,,,,,,,,,,,,,,,,,,,,,,FECCIZ_clean,1056.5
FECKAA_clean,5.54178,3.96898,5.52138,0.97764,1036.11,1059.8,74.179,75.8756,0.5832,0.596539,0.0,Zn,Yes,Zn,clean,Y,Y,Y,,N,,,,,,,,,,,,,,,,,,,,,,FECKAA_clean,1682.0
FECXAO_clean,5.79137,4.59346,5.79018,0.989543,1846.09,1865.6,0.0,0.0,0.6174,0.623924,0.0,La,No, ,clean,Y,Y,Y,,N,,,,,,,,,,,,,,,,,,,,,,FECXAO_clean,1723.8
FECXES_clean,10.76463,6.58995,10.58338,0.833076,2133.05,2560.44,0.0,0.0,0.7044,0.845541,0.0,Cu,Yes,Cu,clean,Y,Y,Y,,N,,,,,,,,,,,,,,,,,,,,,,FECXES_clean,3544.0
FECXUI_clean,10.09798,5.67724,10.08611,0.924829,2051.69,2218.46,0.0,0.0,0.69,0.746084,0.0,Zn,Yes,Zn,clean,Y,Y,Y,,N,,,,,,,,,,,,,,,,,,,,,,FECXUI_clean,1782.3
FECYUJ_clean,9.54146,5.39642,9.54146,0.925869,2090.23,2257.59,1.94532,2.10107,0.6792,0.733581,0.0,Zn,Yes,Zn,clean,Y,Y,Y,,N,,,,,,,,,,,,,,,,,,,,,,FECYUJ_clean,1587.0
FECZAQ_manual,8.47974,5.36674,8.47974,0.984083,2012.57,2045.13,0.0,0.0,0.6646,0.67535,0.0,Zn,No, ,manual,Y,Y,Y,,N,,,,,,,,,,,,,,,,,,,,,,FECZAQ_manual,893.5
FEDBEX_clean,5.54956,5.03901,5.54956,1.56747,1415.29,902.91,0.0,0.0,0.5562,0.354839,0.0,Tm,No, ,clean,Y,Y,Y,,N,,,,,,,,,,,,,,,,,,,,,,FEDBEX_clean,557.9
FEFCUQ_clean,8.87571,6.35025,8.74283,0.77796,2120.63,2725.88,0.0,0.0,0.673,0.865083,0.0,Zn,No, ,clean,Y,Y,Y,,N,,,,,,,,,,,,,,,,,,,,,,FEFCUQ_clean,344.3
FEFDAX_clean,7.78612,6.37885,7.6796,0.828568,2134.58,2576.23,0.0,0.0,0.6746,0.814176,0.0,Zn,No, ,clean,Y,Y,Y,,N,,,,,,,,,,,,,,,,,,,,,,FEFDAX_clean,354.9
FEFDEB_manual,13.10906,11.59751,13.10906,0.53928,2135.2,3959.36,0.0,0.0,0.77,1.42783,0.0,Zn,No, ,manual,Y,Y,Y,,N,,,,,,,,,,,,,,,,,,,,,,FEFDEB_manual,253.2
FEFZOF_clean,4.86334,3.89341,4.85268,1.78217,1115.48,625.914,0.0,0.0,0.5442,0.305359,0.0,"Hg,Co",Yes,Co,clean,N,Y,Y,,N,,,,,,,,,,,,,,,,,,,,,,FEFZOF_clean,297.7
FEGNIQ_clean,7.13681,4.81158,7.13681,1.15152,1310.71,1138.24,0.0,0.0,0.528,0.458524,0.0,Zn,No, ,clean,Y,Y,Y,,N,,,,,,,,,,,,,,,,,,,,,,FEGNIQ_clean,2286.0
FEHCIG_manual,7.75569,7.04294,7.74271,0.956692,1636.76,1710.86,0.0,0.0,0.6308,0.659355,0.0,Zn,No, ,manual,Y,Y,Y,,N,,,,,,,,,,,,,,,,,,,,,,FEHCIG_manual,1375.3
FEJDII01_clean,5.11637,4.26776,5.11637,1.65956,1220.45,735.403,0.0,0.0,0.5874,0.353949,0.0,Zn,No, ,clean,Y,Y,Y,,N,,,,,,,,,,,,,,,,,,,,,,FEJDII01_clean,874.6
FEJDII_clean,5.18964,4.3206,5.16791,1.64976,1282.11,777.148,0.0,0.0,0.607,0.367932,0.0,Zn,No, ,clean,Y,Y,Y,,N,,,,,,,,,,,,,,,,,,,,,,FEJDII_clean,1529.8
FENROG_clean,5.38209,4.56613,5.38209,1.67781,1972.59,1175.69,0.0,0.0,0.6206,0.369888,0.0,Er,Yes,Er,clean,Y,Y,Y,,N,,,,,,,,,,,,,,,,,,,,,,FENROG_clean,480.2
FEQSIF_clean,9.23636,5.60978,9.22645,0.773392,2340.66,3026.49,0.0,0.0,0.7012,0.906656,0.0,Co,Yes,Co,clean,Y,Y,Y,,N,,,,,,,,,,,,,,,,,,,,,,FEQSIF_clean,1020.1
FERHAN_clean,10.23981,6.40536,10.23981,0.784123,1831.24,2335.4,115.057,146.734,0.6978,0.889911,0.0,Zn,Yes,Zn,clean,Y,Y,Y,,N,,,,,,,,,,,,,,,,,,,,,,FERHAN_clean,642.4
FERVEF_clean,4.50859,3.42442,4.50859,2.0439,895.257,438.014,0.0,0.0,0.5236,0.256177,0.0,"Au,Fe",Yes,Au,clean,Y,Y,Y,,N,,,,,,,,,,,,,,,,,,,,,,FERVEF_clean,2591.2
FERVIJ_clean,4.83126,3.6773,4.83126,1.86686,1302.53,697.711,13.494,7.22817,0.5356,0.286899,0.0,"Au,Fe",Yes,Au,clean,Y,Y,Y,,N,,,,,,,,,,,,,,,,,,,,,,FERVIJ_clean,758.7
FERVUV_clean,4.63344,3.59285,4.63329,1.52979,1125.91,735.991,2.57897,1.68584,0.5188,0.339132,0.0,"Ag,Fe",Yes,Ag,clean,Y,Y,Y,,N,,,,,,,,,,,,,,,,,,,,,,FERVUV_clean,2809.2
FERWAC_clean,4.92077,3.87767,4.92014,1.42345,1457.89,1024.2,0.0,0.0,0.5614,0.394393,0.0,"Ag,Fe",Yes,Ag,clean,Y,Y,Y,,N,,,,,,,,,,,,,,,,,,,,,,FERWAC_clean,828.3
FESTUT_clean,4.58957,3.56818,4.49102,1.91412,810.164,423.257,0.0,0.0,0.5446,0.284517,0.0,Zn,No, ,clean,Y,Y,Y,,N,,,,,,,,,,,,,,,,,,,,,,FESTUT_clean,1457.7
FEVSAC_clean,4.70494,3.78141,4.69575,1.30344,385.722,295.926,85.5055,65.5998,0.4704,0.36089,0.0,Rb,Yes,Rb,clean,N,Y,Y,,N,,,,,,,,,,,,,,,,,,,,,,FEVSAC_clean,718.8
FEWGUL_clean,4.38967,3.93713,4.357,1.63655,694.151,424.154,0.0,0.0,0.3828,0.233906,0.0,La,No, ,clean,Y,Y,Y,,N,,,,,,,,,,,,,,,,,,,,,,FEWGUL_clean,2302.8
FEWQIJ_manual,5.32147,5.14959,5.31527,2.34625,1158.3,493.681,0.0,0.0,0.4776,0.203559,0.0,"Dy,Cu",Yes,Cu,manual,Y,Y,Y,,N,,,,,,,,,,,,,,,,,,,,,,FEWQIJ_manual,3873.3
FEWQOP_clean,5.35536,5.19712,5.35116,2.28568,1163.85,509.19,0.0,0.0,0.467,0.204315,0.0,"Cu,Gd",Yes,Cu,clean,Y,Y,Y,,N,,,,,,,,,,,,,,,,,,,,,,FEWQOP_clean,1402.1
FEWWOV_clean,6.50134,3.77167,6.50134,0.923858,1579.47,1709.64,0.0,0.0,0.5876,0.636029,0.0,Co,No, ,clean,Y,Y,Y,,N,,,,,,,,,,,,,,,,,,,,,,FEWWOV_clean,2035.5
FEWWUB_clean,13.46293,4.10343,6.99036,0.839472,1304.99,1554.54,374.213,445.771,0.6142,0.731651,0.0,Fe,No, ,clean,Y,Y,Y,,N,,,,,,,,,,,,,,,,,,,,,,FEWWUB_clean,9742.8
FEXCES_clean,6.14892,5.48137,6.14892,1.01825,1528.57,1501.17,0.0,0.0,0.5802,0.569801,0.0,Co,Yes,Co,clean,Y,Y,Y,,N,,,,,,,,,,,,,,,,,,,,,,FEXCES_clean,2035.6
FEYDET_clean,5.39172,4.60807,5.33792,1.74589,895.254,512.778,0.0,0.0,0.456,0.261185,0.0,In,No, ,clean,Y,Y,Y,,N,,,,,,,,,,,,,,,,,,,,,,FEYDET_clean,800.1
FEYJOJ_clean,6.25646,4.72399,6.2395,0.913381,2517.97,2756.76,0.0586414,0.0642026,0.6538,0.715802,0.0,Co,Yes,Co,clean,Y,Y,Y,,N,,,,,,,,,,,,,,,,,,,,,,FEYJOJ_clean,886.7
FEYQIK_clean,5.731,4.17822,5.71686,1.30044,1433.54,1102.35,0.0,0.0,0.5822,0.447694,0.0,Pr,Yes,Pr,clean,Y,Y,Y,,N,,,,,,,,,,,,,,,,,,,,,,FEYQIK_clean,564.1
FEZQEI_clean,5.828,5.10591,5.828,1.19338,806.933,676.177,0.0,0.0,0.487,0.408086,0.0,Ce,No, ,clean,Y,Y,Y,,N,,,,,,,,,,,,,,,,,,,,,,FEZQEI_clean,1024.3
FEZREJ_clean,6.80795,5.29768,6.78405,1.3201,2032.7,1539.8,0.0,0.0,0.6256,0.473902,0.0,"Cd,Ba",Yes,Ba,clean,N,Y,Y,,N,,,,,,,,,,,,,,,,,,,,,,FEZREJ_clean,1282.5
FEZTIP_clean,5.60935,4.76331,5.55768,1.11089,1381.78,1243.85,0.0,0.0,0.563,0.5068,0.0,Ca,Yes,Ca,clean,N,Y,Y,,N,,,,,,,,,,,,,,,,,,,,,,FEZTIP_clean,509.6
FIBHIJ_clean,5.3367,3.42361,5.26159,1.29192,845.674,654.588,0.0,0.0,0.5226,0.404515,0.0,Cu,Yes,Cu,clean,Y,Y,Y,,N,,,,,,,,,,,,,,,,,,,,,,FIBHIJ_clean,644.3
FIBKEI_clean,12.33456,6.95883,12.32864,0.708252,2274.88,3211.97,0.0,0.0,0.7362,1.03946,0.0,Cu,Yes,Cu,clean,Y,Y,Y,,N,,,,,,,,,,,,,,,,,,,,,,FIBKEI_clean,1268.2
FIDRIV_clean,15.99327,15.90265,15.99327,0.698397,1517.46,2172.77,0.0,0.0,0.7102,1.0169,0.0,"Dy,Na",Yes,"Dy,Na",clean,Y,Y,Y,,N,,,,,,,,,,,,,,,,,,,,,,FIDRIV_clean,740.5
FIFGAE_clean,7.43152,6.20566,7.41957,0.862729,2447.09,2836.45,0.0,0.0,0.7008,0.812306,0.0,"In,Co",Yes,Co,clean,Y,Y,Y,,N,,,,,,,,,,,,,,,,,,,,,,FIFGAE_clean,948.9
FIFGEI_clean,16.15291,14.69313,16.15291,0.412792,1738.34,4211.18,0.0,0.0,0.8636,2.09209,0.0,In,Yes,In,clean,Y,Y,Y,,N,,,,,,,,,,,,,,,,,,,,,,FIFGEI_clean,568.6
FIFGIM_clean,12.64493,7.03976,9.83966,0.68535,2218.22,3236.63,0.0,0.0,0.7642,1.11505,0.0,"In,Zn",Yes,Zn,clean,Y,Y,Y,,N,,,,,,,,,,,,,,,,,,,,,,FIFGIM_clean,1167.3
FIFMIS01_clean,4.81383,4.49281,4.81367,1.28928,625.276,484.979,115.997,89.97,0.4752,0.368577,0.0,Co,Yes,Co,clean,Y,Y,Y,,N,,,,,,,,,,,,,,,,,,,,,,FIFMIS01_clean,2507.5
FIFMIS_clean,4.83064,4.51142,4.83037,1.28879,636.461,493.845,117.284,91.0034,0.48,0.372443,0.0,Co,Yes,Co,clean,Y,Y,Y,,N,,,,,,,,,,,,,,,,,,,,,,FIFMIS_clean,2435.7
FIFMOX_clean,6.04512,4.24356,6.04078,0.977861,1901.41,1944.46,0.0,0.0,0.5916,0.604994,0.0,"Ag,Co",Yes,Ag,clean,Y,Y,Y,,N,,,,,,,,,,,,,,,,,,,,,,FIFMOX_clean,2557.9
FIFMOY_clean,4.8407,4.42587,4.8407,1.29544,593.069,457.813,123.778,95.5491,0.468,0.361267,0.0,Co,Yes,Co,clean,Y,Y,Y,,N,,,,,,,,,,,,,,,,,,,,,,FIFMOY_clean,2392.1
FIFMUD_clean,5.99897,3.96607,5.98731,0.985465,1849.24,1876.51,1.01814,1.03316,0.5914,0.600123,0.0,"Ag,Fe",Yes,Ag,clean,Y,Y,Y,,N,,,,,,,,,,,,,,,,,,,,,,FIFMUD_clean,2341.0
FIFNUE01_clean,4.79076,3.93215,4.75885,1.01704,1531.07,1505.43,0.0,0.0,0.567,0.557502,0.0,Co,Yes,Co,clean,Y,Y,Y,,N,,,,,,,,,,,,,,,,,,,,,,FIFNUE01_clean,489.7
FIFNUE_clean,4.8017,3.95118,4.74576,1.02025,1565.01,1533.95,0.0,0.0,0.5802,0.568687,0.0,Co,Yes,Co,clean,Y,Y,Y,,N,,,,,,,,,,,,,,,,,,,,,,FIFNUE_clean,513.6
FIFPAM01_clean,4.73813,3.78761,4.73813,1.03017,1649.03,1600.74,0.0,0.0,0.5794,0.562433,0.0,Ni,Yes,Ni,clean,Y,Y,Y,,N,,,,,,,,,,,,,,,,,,,,,,FIFPAM01_clean,509.9
FIFPAM_clean,4.72449,3.84654,4.62424,1.03535,1611.82,1556.78,0.0,0.0,0.5846,0.564637,0.0,Ni,Yes,Ni,clean,Y,Y,Y,,N,,,,,,,,,,,,,,,,,,,,,,FIFPAM_clean,430.9
FIHFAF_clean,6.24558,4.36754,6.24558,1.21214,1512.33,1247.65,0.0,0.0,0.5622,0.463807,0.0,Co,Yes,Co,clean,Y,Y,Y,,N,,,,,,,,,,,,,,,,,,,,,,FIHFAF_clean,2240.2
FIHRIZ_clean,6.70189,5.92513,6.34809,1.0601,1583.25,1493.5,0.0,0.0,0.594,0.560326,0.0,Ni,No, ,clean,Y,Y,Y,,N,,,,,,,,,,,,,,,,,,,,,,FIHRIZ_clean,796.6
FIJCUX01_clean,7.34002,6.13056,7.33722,1.22326,1581.46,1292.83,0.0,0.0,0.608,0.497033,0.0,Zn,Yes,Zn,clean,Y,Y,Y,,N,,,,,,,,,,,,,,,,,,,,,,FIJCUX01_clean,968.9
FIJDIM01_clean,5.82926,5.08135,5.82926,1.24507,1266.69,1017.36,0.0,0.0,0.5318,0.427125,0.0,Mn,Yes,Mn,clean,N,Y,Y,,N,,,,,,,,,,,,,,,,,,,,,,FIJDIM01_clean,1532.6
FIJDIM02_clean,5.85717,5.09946,5.85717,1.24136,1271.74,1024.47,0.0,0.0,0.5328,0.429205,0.0,Mn,Yes,Mn,clean,N,Y,Y,,N,,,,,,,,,,,,,,,,,,,,,,FIJDIM02_clean,1557.3
FIJDIM03_clean,5.87678,5.11703,5.87678,1.23925,1279.62,1032.57,0.0,0.0,0.5332,0.430259,0.0,Mn,Yes,Mn,clean,N,Y,Y,,N,,,,,,,,,,,,,,,,,,,,,,FIJDIM03_clean,1568.5
FIJDIM04_clean,5.91316,5.13983,5.91316,1.23456,1288.47,1043.66,0.0,0.0,0.5342,0.432705,0.0,Mn,Yes,Mn,clean,N,Y,Y,,N,,,,,,,,,,,,,,,,,,,,,,FIJDIM04_clean,1578.2
FIJDIM05_clean,5.94737,5.16221,5.94737,1.2314,1299.48,1055.29,0.0,0.0,0.534,0.433654,0.0,Mn,Yes,Mn,clean,N,Y,Y,,N,,,,,,,,,,,,,,,,,,,,,,FIJDIM05_clean,1563.7
FIJDIM06_clean,5.98426,5.17875,5.98426,1.22798,1308.75,1065.77,0.0,0.0,0.5354,0.436,0.0,Mn,Yes,Mn,clean,N,Y,Y,,N,,,,,,,,,,,,,,,,,,,,,,FIJDIM06_clean,1580.4
FIJDIM07_clean,6.01552,5.19329,6.01552,1.22701,1316.88,1073.24,0.0,0.0,0.5354,0.436345,0.0,Mn,Yes,Mn,clean,N,Y,Y,,N,,,,,,,,,,,,,,,,,,,,,,FIJDIM07_clean,1594.1
FIJDIM08_clean,6.03525,5.21694,6.03525,1.22274,1324.94,1083.58,0.0,0.0,0.5378,0.43983,0.0,Mn,Yes,Mn,clean,N,Y,Y,,N,,,,,,,,,,,,,,,,,,,,,,FIJDIM08_clean,1588.3
FIJDIM09_clean,6.04424,5.23566,6.03957,1.22037,1336.43,1095.1,0.0,0.0,0.5392,0.441833,0.0,Mn,Yes,Mn,clean,N,Y,Y,,N,,,,,,,,,,,,,,,,,,,,,,FIJDIM09_clean,1591.6
FIJDIM10_clean,5.79441,4.98095,5.78067,1.23638,1249.85,1010.9,0.0,0.0,0.5298,0.428511,0.0,Mn,Yes,Mn,clean,N,Y,Y,,N,,,,,,,,,,,,,,,,,,,,,,FIJDIM10_clean,1463.7
FIJDIM11_clean,5.83014,5.0814,5.83014,1.23386,1262.75,1023.41,0.0,0.0,0.5344,0.433111,0.0,Mn,Yes,Mn,clean,N,Y,Y,,N,,,,,,,,,,,,,,,,,,,,,,FIJDIM11_clean,1503.5
FIJDIM12_clean,5.8948,5.11958,5.8948,1.23559,1318.02,1066.71,0.0,0.0,0.5368,0.434449,0.0,Mn,Yes,Mn,clean,N,Y,Y,,N,,,,,,,,,,,,,,,,,,,,,,FIJDIM12_clean,1535.3
FIJDIM_clean,5.85157,5.09863,5.85157,1.24567,1280.47,1027.93,0.0,0.0,0.5282,0.424028,0.0,Mn,Yes,Mn,clean,N,Y,Y,,N,,,,,,,,,,,,,,,,,,,,,,FIJDIM_clean,1533.0
FIJDOS_clean,11.71715,10.90932,11.71715,1.21946,1612.88,1322.61,0.0,0.0,0.6614,0.54237,0.0,Zn,Yes,Zn,clean,Y,Y,Y,,N,,,,,,,,,,,,,,,,,,,,,,FIJDOS_clean,817.5
FIJDUY_clean,5.11347,3.64709,5.11347,1.4525,1805.45,1242.99,0.0,0.0,0.5992,0.412529,0.0,Tb,Yes,Tb,clean,N,Y,Y,,N,,,,,,,,,,,,,,,,,,,,,,FIJDUY_clean,465.8
FIJFEK_manual,6.92559,6.57184,6.92559,1.58281,1548.76,978.488,0.0,0.0,0.5618,0.354939,0.0,Tb,No, ,manual,Y,Y,Y,,N,,,,,,,,,,,,,,,,,,,,,,FIJFEK_manual,529.3
FIJFUA_clean,6.58892,4.46794,6.58892,1.28412,1352.77,1053.46,0.0,0.0,0.5288,0.4118,0.0,Tb,Yes,Tb,clean,N,Y,Y,,N,,,,,,,,,,,,,,,,,,,,,,FIJFUA_clean,1095.9
FIJXUR_clean,7.39108,4.72102,7.39108,1.5002,1093.27,728.749,0.0,0.0,0.506,0.337289,0.0,Cu,Yes,Cu,clean,N,Y,Y,,N,,,,,,,,,,,,,,,,,,,,,,FIJXUR_clean,777.1
FIJYED_clean,4.73259,3.98746,4.61177,1.90177,745.293,391.895,0.0,0.0,0.4318,0.227052,0.0,Al,No, ,clean,Y,Y,Y,,N,,,,,,,,,,,,,,,,,,,,,,FIJYED_clean,2579.9
FIJZEE_clean,7.37726,6.47542,7.37726,1.82096,874.8,480.405,0.0,0.0,0.4718,0.259093,0.0,Al,No, ,clean,Y,Y,Y,,N,,,,,,,,,,,,,,,,,,,,,,FIJZEE_clean,3108.7
FILYEG_clean,7.61133,5.3287,7.60971,1.06942,1916.91,1792.48,0.0,0.0,0.6258,0.585176,0.0,Co,Yes,Co,clean,Y,Y,Y,,N,,,,,,,,,,,,,,,,,,,,,,FILYEG_clean,952.6
FIMNIA_clean,8.67616,3.56541,8.61027,1.50156,1522.94,1014.24,0.0,0.0,0.6126,0.407975,0.0,Ag,Yes,Ag,clean,Y,Y,Y,,N,,,,,,,,,,,,,,,,,,,,,,FIMNIA_clean,1111.2
FIMXUW_clean,4.96245,3.57593,4.95367,2.04735,760.785,371.594,0.0,0.0,0.4152,0.202798,0.0,La,Yes,La,clean,Y,Y,Y,,N,,,,,,,,,,,,,,,,,,,,,,FIMXUW_clean,662.6
FIMZAE_clean,8.7496,5.24839,8.73677,1.17241,1659.79,1415.71,0.0,0.0,0.6,0.511765,0.0,Cu,Yes,Cu,clean,Y,Y,Y,,N,,,,,,,,,,,,,,,,,,,,,,FIMZAE_clean,7765.8
FINQOK_clean,8.7337,4.60012,8.08289,1.3997,1628.14,1163.2,0.0,0.0,0.614,0.438665,0.0,Ag,Yes,Ag,clean,Y,Y,Y,,N,,,,,,,,,,,,,,,,,,,,,,FINQOK_clean,1104.3
FINQUQ_clean,8.681,4.51126,8.681,1.41696,1585.78,1119.14,0.0,0.0,0.6192,0.436992,0.0,Ag,Yes,Ag,clean,Y,Y,Y,,N,,,,,,,,,,,,,,,,,,,,,,FINQUQ_clean,1078.0
FIPJAR_clean,5.38201,3.65359,5.35586,1.48851,1135.66,762.952,0.0,0.0,0.5586,0.375274,0.0,Cd,Yes,Cd,clean,N,Y,Y,,N,,,,,,,,,,,,,,,,,,,,,,FIPJAR_clean,575.7
FIPKOG01_clean,6.5379,4.8064,6.53406,1.09146,1614.42,1479.13,0.0,0.0,0.5916,0.542026,0.0,Cd,No, ,clean,Y,Y,Y,,N,,,,,,,,,,,,,,,,,,,,,,FIPKOG01_clean,730.5
FIPKOG_clean,6.55849,4.8515,6.50444,1.08595,1635.33,1505.9,0.0,0.0,0.5862,0.539805,0.0,Cd,No, ,clean,Y,Y,Y,,N,,,,,,,,,,,,,,,,,,,,,,FIPKOG_clean,713.9
FIPKUM_clean,6.35636,4.74684,6.35358,1.04617,1413.94,1351.54,0.0,0.0,0.5724,0.547139,0.0,Zn,No, ,clean,Y,Y,Y,,N,,,,,,,,,,,,,,,,,,,,,,FIPKUM_clean,685.6
FIPWOS_clean,5.20561,3.82141,5.20561,1.29023,881.425,683.154,0.0,0.0,0.5118,0.396674,0.0,Zn,No, ,clean,Y,Y,Y,,N,,,,,,,,,,,,,,,,,,,,,,FIPWOS_clean,1167.4
FIPXAF_clean,4.65881,3.97386,4.65881,1.34738,766.026,568.53,0.0,0.0,0.4744,0.35209,0.0,Zn,No, ,clean,Y,Y,Y,,N,,,,,,,,,,,,,,,,,,,,,,FIPXAF_clean,2096.0
FIPXEJ_clean,4.43579,3.68809,4.4295,1.35731,462.184,340.514,181.053,133.391,0.4954,0.364986,0.0,Zn,No, ,clean,Y,Y,Y,,N,,,,,,,,,,,,,,,,,,,,,,FIPXEJ_clean,953.1
FIQYOU_clean,4.72303,3.65899,4.72303,1.75011,750.863,429.037,0.0,0.0,0.4464,0.255069,0.0,Fe,No, ,clean,Y,Y,Y,,N,,,,,,,,,,,,,,,,,,,,,,FIQYOU_clean,585.8
FIQYUA_clean,4.6258,3.62649,4.60025,1.85684,696.0,374.831,0.0,0.0,0.4364,0.235023,0.0,Co,No, ,clean,Y,Y,Y,,N,,,,,,,,,,,,,,,,,,,,,,FIQYUA_clean,450.4
FIQZAH_clean,4.65627,3.68934,4.65627,1.93416,700.399,362.121,0.0,0.0,0.45,0.23266,0.0,Zn,No, ,clean,Y,Y,Y,,N,,,,,,,,,,,,,,,,,,,,,,FIQZAH_clean,571.7
FIRMUQ_clean,6.37918,5.90394,6.37918,0.804259,2580.98,3209.14,0.0,0.0,0.675,0.839282,0.0,Ni,Yes,Ni,clean,Y,Y,Y,,N,,,,,,,,,,,,,,,,,,,,,,FIRMUQ_clean,1228.7
FIRNAX01_clean,7.03668,6.10812,7.03668,0.718413,2358.57,3283.03,0.0,0.0,0.7048,0.981051,0.0,Ni,Yes,Ni,clean,Y,Y,Y,,N,,,,,,,,,,,,,,,,,,,,,,FIRNAX01_clean,1150.8
FIRNAX_clean,6.70534,6.02432,6.70378,0.728308,2391.07,3283.04,0.0,0.0,0.6994,0.960308,0.0,Ni,Yes,Ni,clean,Y,Y,Y,,N,,,,,,,,,,,,,,,,,,,,,,FIRNAX_clean,1109.5
FIRNIF_clean,6.7853,6.06191,6.78493,0.71467,2582.63,3613.74,0.0,0.0,0.693,0.969679,0.0,Ni,Yes,Ni,clean,Y,Y,Y,,N,,,,,,,,,,,,,,,,,,,,,,FIRNIF_clean,1145.0
FIRNOL_clean,6.1215,5.54396,6.11958,0.794887,2656.05,3341.42,0.0,0.0,0.6666,0.838609,0.0,Ni,Yes,Ni,clean,Y,Y,Y,,N,,,,,,,,,,,,,,,,,,,,,,FIRNOL_clean,1522.1
FIRNUR_clean,6.62054,6.03585,6.61701,0.714161,2609.57,3654.03,0.0,0.0,0.6944,0.97233,0.0,Ni,Yes,Ni,clean,Y,Y,Y,,N,,,,,,,,,,,,,,,,,,,,,,FIRNUR_clean,1357.0
FIRPAZ_clean,7.15818,6.15135,7.14286,0.673811,2389.65,3546.47,0.0,0.0,0.7144,1.06024,0.0,Ni,Yes,Ni,clean,Y,Y,Y,,N,,,,,,,,,,,,,,,,,,,,,,FIRPAZ_clean,1090.1
FIRZOX_clean,8.47321,7.4886,8.47321,1.47389,1193.71,809.905,0.0,0.0,0.5488,0.372348,0.0,"Cu,Ce",Yes,Cu,clean,Y,Y,Y,,N,,,,,,,,,,,,,,,,,,,,,,FIRZOX_clean,658.1
FITGEW_clean,9.86717,4.17287,8.68985,1.08823,1175.78,1080.45,0.0,0.0,0.5382,0.494564,0.0,Ni,Yes,Ni,clean,Y,Y,Y,,N,,,,,,,,,,,,,,,,,,,,,,FITGEW_clean,1328.2
FITHIA_clean,4.35737,3.84524,4.35737,1.27732,941.275,736.915,0.0,0.0,0.4314,0.337739,0.0,Sc,Yes,Sc,clean,Y,Y,Y,,N,,,,,,,,,,,,,,,,,,,,,,FITHIA_clean,2493.9
FIVNAZ_clean,4.57167,3.52743,4.40749,2.12433,1354.32,637.526,0.0,0.0,0.5842,0.275004,0.0,Ho,Yes,Ho,clean,Y,Y,Y,,N,,,,,,,,,,,,,,,,,,,,,,FIVNAZ_clean,192.7
FIVQOR_clean,4.63823,4.0753,4.63823,2.18775,1209.41,552.809,0.0,0.0,0.4796,0.219221,0.0,Ga,Yes,Ga,clean,Y,Y,Y,,N,,,,,,,,,,,,,,,,,,,,,,FIVQOR_clean,2450.5
FIVYEP01_clean,5.69673,4.73568,5.69673,2.0333,1245.18,612.394,0.0,0.0,0.4572,0.224856,0.0,"K,U",Yes,K,clean,Y,Y,Y,,N,,,,,,,,,,,,,,,,,,,,,,FIVYEP01_clean,479.9
FIVYEP_clean,5.69894,4.7333,5.69894,2.0333,1248.63,614.092,0.0,0.0,0.458,0.22525,0.0,"K,U",Yes,K,clean,Y,Y,Y,,N,,,,,,,,,,,,,,,,,,,,,,FIVYEP_clean,486.3
FIVYUF_clean,4.68091,3.50866,4.67789,1.41648,465.948,328.948,0.0,0.0,0.4326,0.305405,0.0,Sn,No, ,clean,Y,Y,Y,,N,,,,,,,,,,,,,,,,,,,,,,FIVYUF_clean,1563.7
FIXVUE_clean,10.80219,6.73703,10.80219,1.60539,1740.78,1084.34,0.0,0.0,0.6236,0.388442,0.0,"Cu,Ag,Au",Yes,"Cu,Ag,Au",clean,Y,Y,Y,,N,,,,,,,,,,,,,,,,,,,,,,FIXVUE_clean,386.7
FIYDOH_clean,4.62011,3.85906,4.62011,1.58881,555.753,349.792,0.0,0.0,0.3874,0.24383,0.0,"V,Co",Yes,"V,Co",clean,Y,Y,Y,,N,,,,,,,,,,,,,,,,,,,,,,FIYDOH_clean,475.6
FIZPOV_clean,6.69877,5.40684,6.69877,0.878608,2365.02,2691.78,0.0,0.0,0.6734,0.766439,0.0,Zn,Yes,Zn,clean,Y,Y,Y,,N,,,,,,,,,,,,,,,,,,,,,,FIZPOV_clean,1768.8
FOBNAN_clean,8.70901,6.58612,8.70709,0.867344,2020.64,2329.69,0.0,0.0,0.6644,0.766017,0.0,Dy,Yes,Dy,clean,Y,Y,Y,,N,,,,,,,,,,,,,,,,,,,,,,FOBNAN_clean,1117.8
FOCZAA_clean,4.86095,4.4492,4.8459,1.39709,775.702,555.227,0.0,0.0,0.452,0.32353,0.0,Nd,No, ,clean,Y,Y,Y,,N,,,,,,,,,,,,,,,,,,,,,,FOCZAA_clean,694.9
FOFCOU_clean,4.8597,4.4269,4.8597,1.38069,783.577,567.528,0.0,0.0,0.4546,0.329257,0.0,Ce,No, ,clean,Y,Y,Y,,N,,,,,,,,,,,,,,,,,,,,,,FOFCOU_clean,681.9
FOFHAK_clean,4.16875,3.58203,4.16875,2.15496,1011.75,469.5,0.0,0.0,0.4808,0.223114,0.0,"Ga,Mn",Yes,Mn,clean,Y,Y,Y,,N,,,,,,,,,,,,,,,,,,,,,,FOFHAK_clean,2189.7
FOFTIF_clean,6.9711,4.44534,6.9711,1.09535,1552.88,1417.7,0.0,0.0,0.5846,0.533709,0.0,Cd,Yes,Cd,clean,Y,Y,Y,,N,,,,,,,,,,,,,,,,,,,,,,FOFTIF_clean,844.2
FOFTUR_clean,6.77119,4.51348,6.77119,1.0583,1552.58,1467.05,0.0,0.0,0.588,0.555606,0.0,Cd,Yes,Cd,clean,Y,Y,Y,,N,,,,,,,,,,,,,,,,,,,,,,FOFTUR_clean,843.5
FOHCIP_clean,4.96285,4.14038,4.9303,1.87592,1245.59,663.988,0.0,0.0,0.5966,0.318031,0.0,"Cd,Hg",Yes,Cd,clean,N,Y,Y,,N,,,,,,,,,,,,,,,,,,,,,,FOHCIP_clean,304.0
FOHQUO_clean,4.34506,3.45753,4.34017,1.59314,531.012,333.311,0.0,0.0,0.4696,0.294764,0.0,"Sr,Co",Yes,"Sr,Co",clean,Y,Y,Y,,N,,,,,,,,,,,,,,,,,,,,,,FOHQUO_clean,218.5
FOJKIA_clean,5.14315,4.1527,5.13924,1.07093,1386.95,1295.08,0.0,0.0,0.5272,0.492281,0.0,Mg,No, ,clean,Y,Y,Y,,N,,,,,,,,,,,,,,,,,,,,,,FOJKIA_clean,1400.5
FOJLOH_clean,7.23927,6.67302,7.23927,0.822249,1870.22,2274.52,0.0,0.0,0.6338,0.770813,0.0,Zn,Yes,Zn,clean,Y,Y,Y,,N,,,,,,,,,,,,,,,,,,,,,,FOJLOH_clean,1082.5
FOKWIN_clean,4.14624,3.73304,4.14504,1.37748,413.35,300.078,0.0,0.0,0.4306,0.312601,0.0,Co,No, ,clean,Y,Y,Y,,N,,,,,,,,,,,,,,,,,,,,,,FOKWIN_clean,446.9
FOKYEL_clean,8.8968,8.56106,8.8968,1.19075,983.087,825.606,363.949,305.648,0.581,0.48793,0.0,Pr,Yes,Pr,clean,Y,Y,Y,,N,,,,,,,,,,,,,,,,,,,,,,FOKYEL_clean,2689.4
FOKYIP_clean,5.79638,3.84056,5.66635,1.22762,1981.83,1614.37,0.0,0.0,0.5912,0.481583,0.0,Nd,Yes,Nd,clean,Y,Y,Y,,N,,,,,,,,,,,,,,,,,,,,,,FOKYIP_clean,4836.9
FOLLEZ_clean,4.11323,3.75301,4.10779,1.67795,655.16,390.454,0.0,0.0,0.4424,0.263656,0.0,"Cd,Mg",Yes,Mg,clean,N,Y,Y,,N,,,,,,,,,,,,,,,,,,,,,,FOLLEZ_clean,1369.8
FOMWOV_clean,7.41662,4.5384,7.41662,0.990309,1837.3,1855.28,0.0,0.0,0.6302,0.636367,0.0,Zn,No, ,clean,Y,Y,Y,,N,,,,,,,,,,,,,,,,,,,,,,FOMWOV_clean,2319.8
FONKEA_clean,4.68396,3.93383,4.68242,1.69201,643.159,380.115,0.0,0.0,0.4636,0.273994,0.0,Cd,Yes,Cd,clean,Y,Y,Y,,N,,,,,,,,,,,,,,,,,,,,,,FONKEA_clean,630.8
FONPUV_clean,5.63348,5.082,5.6238,1.54253,959.017,621.718,0.0,0.0,0.4556,0.29536,0.0,Zn,Yes,Zn,clean,Y,Y,Y,,N,,,,,,,,,,,,,,,,,,,,,,FONPUV_clean,2762.9
FONQIJ_clean,4.70842,3.66843,4.69527,1.05376,821.167,779.27,0.0,0.0,0.51,0.483979,0.0,"Na,Mn",Yes,"Na,Mn",clean,N,Y,Y,,N,,,,,,,,,,,,,,,,,,,,,,FONQIJ_clean,833.1
FOPBAP_clean,5.87537,3.57797,5.87537,1.84319,650.747,353.054,0.0,0.0,0.4432,0.240452,0.0,Cd,Yes,Cd,clean,Y,Y,Y,,N,,,,,,,,,,,,,,,,,,,,,,FOPBAP_clean,612.4
FOQPAE_clean,6.29792,5.29972,6.23782,1.24637,1399.4,1122.77,0.0,0.0,0.5656,0.453796,0.0,Cu,Yes,Cu,clean,Y,Y,Y,,N,,,,,,,,,,,,,,,,,,,,,,FOQPAE_clean,481.8
FORKUU_clean,13.26482,11.33443,13.26482,0.597503,2329.13,3898.11,0.0,0.0,0.7474,1.25087,0.0,"Zn,Si",No, ,clean,Y,Y,Y,,N,,,,,,,,,,,,,,,,,,,,,,FORKUU_clean,639.7
FORPIM_clean,9.59156,4.26108,9.59156,1.02718,2184.13,2126.33,0.0,0.0,0.709,0.690238,0.0,La,Yes,La,clean,Y,Y,Y,,N,,,,,,,,,,,,,,,,,,,,,,FORPIM_clean,266.0
FORPOS_clean,9.45347,4.25355,9.45336,1.03837,2182.11,2101.49,0.0,0.0,0.7034,0.677411,0.0,Ce,Yes,Ce,clean,Y,Y,Y,,N,,,,,,,,,,,,,,,,,,,,,,FORPOS_clean,260.8
FORPUY_clean,9.42246,3.59342,9.42246,1.13071,1908.86,1688.19,0.0,0.0,0.6696,0.592195,0.0,Nd,Yes,Nd,clean,Y,Y,Y,,N,,,,,,,,,,,,,,,,,,,,,,FORPUY_clean,312.7
FORQAF_clean,9.35233,4.33657,9.35233,1.04043,2153.98,2070.28,0.0,0.0,0.6962,0.669144,0.0,La,Yes,La,clean,Y,Y,Y,,N,,,,,,,,,,,,,,,,,,,,,,FORQAF_clean,271.5
FORQEJ_clean,9.63063,4.26523,9.63063,1.03635,2192.11,2115.22,0.0,0.0,0.6976,0.67313,0.0,Ce,Yes,Ce,clean,Y,Y,Y,,N,,,,,,,,,,,,,,,,,,,,,,FORQEJ_clean,263.4
FORQIN_clean,9.58088,4.20865,9.58088,1.06074,2156.73,2033.24,0.0,0.0,0.7006,0.660485,0.0,Nd,Yes,Nd,clean,Y,Y,Y,,N,,,,,,,,,,,,,,,,,,,,,,FORQIN_clean,255.3
FORTIR_clean,7.46367,6.87207,7.46367,0.921652,1895.01,2056.1,0.0,0.0,0.6264,0.679649,0.0,"Cd,Zn",Yes,Cd,clean,Y,Y,Y,,N,,,,,,,,,,,,,,,,,,,,,,FORTIR_clean,3993.8
FORTUD_clean,17.46562,10.38181,17.46523,0.786041,1513.55,1925.54,116.509,148.223,0.691,0.879089,0.0,Zn,Yes,Zn,clean,Y,Y,Y,,N,,,,,,,,,,,,,,,,,,,,,,FORTUD_clean,1266.8
FOSTUE_clean,13.09568,7.43748,13.09568,0.582855,2174.14,3730.15,0.0,0.0,0.7556,1.29638,0.0,In,No, ,clean,Y,Y,Y,,N,,,,,,,,,,,,,,,,,,,,,,FOSTUE_clean,6985.8
FOTNIN_clean,33.62157,29.92948,33.55545,0.240324,765.124,3183.71,0.0,0.0,0.9206,3.83066,0.0,Zr,Yes,Zr,clean,Y,Y,Y,,N,,,,,,,,,,,,,,,,,,,,,,FOTNIN_clean,159.0
FOVPEN_clean,6.90856,3.45436,6.49799,1.14952,1115.5,970.402,0.0,0.0,0.525,0.45671,0.0,Ag,Yes,Ag,clean,Y,Y,Y,,N,,,,,,,,,,,,,,,,,,,,,,FOVPEN_clean,881.8
FOVPOX_clean,5.86564,3.51663,5.02799,1.32713,811.807,611.702,0.0,0.0,0.504,0.379767,0.0,Cd,Yes,Cd,clean,Y,Y,Y,,N,,,,,,,,,,,,,,,,,,,,,,FOVPOX_clean,1107.7
FOVPUD_clean,5.92888,3.43151,5.75387,1.33896,878.863,656.376,0.0,0.0,0.4994,0.372975,0.0,Cd,Yes,Cd,clean,Y,Y,Y,,N,,,,,,,,,,,,,,,,,,,,,,FOVPUD_clean,1107.6
FOWTOC_clean,5.29743,3.61946,5.29013,1.16444,1132.68,972.722,0.0,0.0,0.4982,0.427845,0.0,Nd,No, ,clean,Y,Y,Y,,N,,,,,,,,,,,,,,,,,,,,,,FOWTOC_clean,1203.7
FOXHUX_clean,5.2601,3.59083,5.25053,1.14964,1141.44,992.863,0.0,0.0,0.4984,0.433527,0.0,La,No, ,clean,Y,Y,Y,,N,,,,,,,,,,,,,,,,,,,,,,FOXHUX_clean,1164.4
FOXNIQ_clean,5.68172,4.34787,5.68172,1.93205,592.227,306.527,51.4334,26.6211,0.4372,0.226288,0.0,"Gd,Co",Yes,Gd,clean,Y,Y,Y,,N,,,,,,,,,,,,,,,,,,,,,,FOXNIQ_clean,534.9
FUBDAI_clean,8.13737,7.41793,8.13713,1.22976,2049.34,1666.45,0.0,0.0,0.6726,0.546935,0.0,Zn,No, ,clean,Y,Y,Y,,N,,,,,,,,,,,,,,,,,,,,,,FUBDAI_clean,3750.0
FUBDEM_clean,8.59245,7.9025,8.57984,1.19129,2067.73,1735.7,0.0,0.0,0.6832,0.573495,0.0,Zn,No, ,clean,Y,Y,Y,,N,,,,,,,,,,,,,,,,,,,,,,FUBDEM_clean,1167.3
FUBDIQ_clean,8.11684,7.23133,8.11684,1.24691,2021.29,1621.04,0.0,0.0,0.6644,0.532838,0.0,Zn,No, ,clean,Y,Y,Y,,N,,,,,,,,,,,,,,,,,,,,,,FUBDIQ_clean,3918.1
FUBNOH_clean,4.81179,3.53828,4.81179,1.32608,706.882,533.061,0.0,0.0,0.4668,0.352014,0.0,Zn,No, ,clean,Y,Y,Y,,N,,,,,,,,,,,,,,,,,,,,,,FUBNOH_clean,727.8
FUDGES_clean,7.76038,5.54861,7.76038,0.846504,2469.98,2917.86,0.0,0.0,0.7118,0.84087,0.0,Zn,Yes,Zn,clean,Y,Y,Y,,N,,,,,,,,,,,,,,,,,,,,,,FUDGES_clean,889.9
FUDHAP_clean,7.29309,6.51816,7.28407,0.803706,2501.45,3112.39,0.0,0.0,0.7112,0.8849,0.0,Co,Yes,Co,clean,Y,Y,Y,,N,,,,,,,,,,,,,,,,,,,,,,FUDHAP_clean,677.2
FUDHET_clean,7.05179,4.74765,7.05179,0.905742,2494.35,2753.93,0.0,0.0,0.6642,0.733321,0.0,Co,Yes,Co,clean,Y,Y,Y,,N,,,,,,,,,,,,,,,,,,,,,,FUDHET_clean,1698.5
FUHMOM_clean,5.53443,4.01054,5.50524,1.19557,1378.79,1153.25,0.0,0.0,0.5554,0.464549,0.0,"Ca,Zn",Yes,Ca,clean,N,Y,Y,,N,,,,,,,,,,,,,,,,,,,,,,FUHMOM_clean,1667.6
FUHNED_clean,6.48528,4.12203,6.4155,1.3617,1522.72,1118.25,0.0,0.0,0.5858,0.430197,0.0,"Ba,Zn",Yes,Ba,clean,N,Y,Y,,N,,,,,,,,,,,,,,,,,,,,,,FUHNED_clean,1744.7
FUHNIH_clean,5.52821,3.42388,5.52134,1.16361,1148.32,986.858,0.0,0.0,0.5352,0.459948,0.0,"Na,Zn",Yes,"Na,Zn",clean,Y,Y,Y,,N,,,,,,,,,,,,,,,,,,,,,,FUHNIH_clean,1288.0
FULQOT_clean,5.67142,3.50634,5.66877,1.72182,1110.34,644.862,0.0,0.0,0.4972,0.288764,0.0,Gd,Yes,Gd,clean,N,Y,Y,,N,,,,,,,,,,,,,,,,,,,,,,FULQOT_clean,1016.1
FULQUZ_clean,5.87633,5.25314,5.79727,1.51981,1332.09,876.486,0.0,0.0,0.5216,0.3432,0.0,La,Yes,La,clean,N,Y,Y,,N,,,,,,,,,,,,,,,,,,,,,,FULQUZ_clean,954.3
FUMHOL_clean,4.68606,3.56586,4.60097,1.64124,1221.33,744.153,0.0,0.0,0.5528,0.336819,0.0,"Mo,Cs,Sm",Yes,"Cs,Sm",clean,N,Y,Y,,N,,,,,,,,,,,,,,,,,,,,,,FUMHOL_clean,185.2
FUMJAA_clean,6.69521,5.2041,6.68616,1.12957,2214.41,1960.41,0.0,0.0,0.6298,0.557558,0.0,Cd,Yes,Cd,clean,Y,Y,Y,,N,,,,,,,,,,,,,,,,,,,,,,FUMJAA_clean,1409.6
FUNBAS_clean,6.30412,4.59254,6.30412,1.11042,1258.26,1133.14,0.0,0.0,0.5296,0.476938,0.0,Zn,No, ,clean,Y,Y,Y,,N,,,,,,,,,,,,,,,,,,,,,,FUNBAS_clean,680.4
FUNCAT_clean,9.48772,8.77545,9.48772,0.930198,1473.55,1584.13,0.0,0.0,0.6084,0.654055,0.0,Zn,No, ,clean,Y,Y,Y,,N,,,,,,,,,,,,,,,,,,,,,,FUNCAT_clean,674.0
FUNCEX_clean,13.21557,12.47689,13.21557,0.543761,1970.91,3624.58,0.0,0.0,0.7842,1.44218,0.0,Zn,Yes,Zn,clean,Y,Y,Y,,N,,,,,,,,,,,,,,,,,,,,,,FUNCEX_clean,332.6
FUNFOL_clean,9.5586,7.20173,9.50846,0.864162,1603.61,1855.68,0.0,0.0,0.6396,0.740139,0.0,Co,Yes,Co,clean,Y,Y,Y,,N,,,,,,,,,,,,,,,,,,,,,,FUNFOL_clean,491.7
FUNGAY_clean,5.61963,3.40645,5.61963,1.09956,890.548,809.916,0.30381,0.276303,0.5202,0.4731,0.0,Co,Yes,Co,clean,Y,Y,Y,,N,,,,,,,,,,,,,,,,,,,,,,FUNGAY_clean,1194.8
FUNLAD_clean,6.24379,4.83507,6.24379,1.06947,1236.73,1156.4,0.0,0.0,0.53,0.495574,0.0,Zn,No, ,clean,Y,Y,Y,,N,,,,,,,,,,,,,,,,,,,,,,FUNLAD_clean,2384.2
FUQJUX_clean,12.69722,8.47633,12.65144,0.718278,2115.98,2945.9,0.0,0.0,0.7464,1.03915,0.0,Cu,Yes,Cu,clean,Y,Y,Y,,N,,,,,,,,,,,,,,,,,,,,,,FUQJUX_clean,2267.2
FURFIJ01_clean,4.13712,3.42264,4.1139,1.63785,320.686,195.797,0.0,0.0,0.4366,0.266569,0.0,Cd,Yes,Cd,clean,N,Y,Y,,N,,,,,,,,,,,,,,,,,,,,,,FURFIJ01_clean,480.2
FURFIJ_clean,4.1371,3.42264,4.11394,1.63785,321.866,196.518,0.0,0.0,0.4366,0.266569,0.0,Cd,Yes,Cd,clean,N,Y,Y,,N,,,,,,,,,,,,,,,,,,,,,,FURFIJ_clean,466.1
FURFOP_clean,4.93892,3.56519,4.93892,1.22098,496.28,406.459,457.279,374.517,0.5202,0.42605,0.0,Zn,No, ,clean,Y,Y,Y,,N,,,,,,,,,,,,,,,,,,,,,,FURFOP_clean,1063.2
FURQOZ01_ion_b,9.28425,8.43309,9.28425,1.37609,1096.56,796.865,0.0,0.0,0.5274,0.383259,0.0,Ag,Yes,Ag,ion_b,Y,Y,Y,,N,,,,,,,,,,,,,,,,,,,,,,FURQOZ01_ion_b,439.6
FURQUF_ion_b,8.81158,7.98715,8.81158,1.41389,1094.82,774.331,0.0,0.0,0.5082,0.359435,0.0,Ag,Yes,Ag,ion_b,Y,Y,Y,,N,,,,,,,,,,,,,,,,,,,,,,FURQUF_ion_b,438.7
FURRAM_clean,10.403,9.40744,10.403,1.04916,1635.25,1558.63,0.0,0.0,0.6366,0.606772,0.0,Ag,Yes,Ag,clean,Y,Y,Y,,N,,,,,,,,,,,,,,,,,,,,,,FURRAM_clean,310.2
FURREQ_clean,10.33776,9.35961,10.33776,1.05489,1621.43,1537.05,0.0,0.0,0.6312,0.598353,0.0,Ag,Yes,Ag,clean,Y,Y,Y,,N,,,,,,,,,,,,,,,,,,,,,,FURREQ_clean,322.4
FURRIU_clean,11.05152,9.97547,11.05152,0.995058,1664.82,1673.09,0.0,0.0,0.6552,0.658454,0.0,Ag,Yes,Ag,clean,Y,Y,Y,,N,,,,,,,,,,,,,,,,,,,,,,FURRIU_clean,339.5
FURROA_clean,11.58923,10.47029,11.58875,1.00075,1596.28,1595.09,0.0,0.0,0.6602,0.659706,0.0,Ag,Yes,Ag,clean,Y,Y,Y,,N,,,,,,,,,,,,,,,,,,,,,,FURROA_clean,347.1
FURRUG01_ion_b,7.84736,6.96591,7.84736,1.57752,739.057,468.494,0.0,0.0,0.4582,0.290456,0.0,Ag,Yes,Ag,ion_b,Y,Y,Y,,N,,,,,,,,,,,,,,,,,,,,,,FURRUG01_ion_b,367.9
FURRUG_ion_b,8.32809,6.43068,8.32781,1.55213,780.748,503.018,0.0,0.0,0.4718,0.30397,0.0,Ag,Yes,Ag,ion_b,Y,Y,Y,,N,,,,,,,,,,,,,,,,,,,,,,FURRUG_ion_b,404.0
FURSES_clean,5.13622,4.08548,4.9972,1.59979,1236.67,773.017,0.0,0.0,0.4932,0.30829,0.0,Cu,Yes,Cu,clean,Y,Y,Y,,N,,,,,,,,,,,,,,,,,,,,,,FURSES_clean,811.8
FUSGOR_clean,5.22313,4.14656,5.21824,1.4906,1212.59,813.493,0.0,0.0,0.5048,0.338655,0.0,Co,Yes,Co,clean,Y,Y,Y,,N,,,,,,,,,,,,,,,,,,,,,,FUSGOR_clean,851.5
FUSMEM_clean,10.20459,9.2057,10.20459,1.06882,1617.37,1513.23,0.0,0.0,0.6304,0.589811,0.0,Ag,Yes,Ag,clean,Y,Y,Y,,N,,,,,,,,,,,,,,,,,,,,,,FUSMEM_clean,313.9
FUSMIQ_clean,10.44819,9.48819,10.44819,1.0407,1643.53,1579.26,0.0,0.0,0.6404,0.615354,0.0,Ag,Yes,Ag,clean,Y,Y,Y,,N,,,,,,,,,,,,,,,,,,,,,,FUSMIQ_clean,306.7
FUSMOW_clean,10.54817,9.56428,10.54817,1.03431,1651.72,1596.94,0.0,0.0,0.643,0.621671,0.0,Ag,Yes,Ag,clean,Y,Y,Y,,N,,,,,,,,,,,,,,,,,,,,,,FUSMOW_clean,315.7
FUSMUC_clean,10.39839,9.40181,10.39839,1.04415,1643.14,1573.66,0.0,0.0,0.6396,0.612553,0.0,Ag,Yes,Ag,clean,Y,Y,Y,,N,,,,,,,,,,,,,,,,,,,,,,FUSMUC_clean,317.1
FUSNAJ_clean,10.8347,9.87565,10.8347,1.0024,1663.43,1659.45,0.0,0.0,0.6588,0.657225,0.0,Ag,Yes,Ag,clean,Y,Y,Y,,N,,,,,,,,,,,,,,,,,,,,,,FUSNAJ_clean,350.3
FUSNEN_clean,10.85037,9.87705,10.85037,0.997622,1665.26,1669.23,0.0,0.0,0.6604,0.661974,0.0,Ag,Yes,Ag,clean,Y,Y,Y,,N,,,,,,,,,,,,,,,,,,,,,,FUSNEN_clean,346.5
FUSNIR_clean,11.70294,10.66498,11.70294,1.01253,1536.34,1517.33,0.0,0.0,0.6416,0.633661,0.0,Ag,Yes,Ag,clean,Y,Y,Y,,N,,,,,,,,,,,,,,,,,,,,,,FUSNIR_clean,320.4
FUSQUH_clean,6.74859,4.59542,6.74676,1.05193,1186.33,1127.76,0.0,0.0,0.5202,0.49452,0.0,Co,No, ,clean,Y,Y,Y,,N,,,,,,,,,,,,,,,,,,,,,,FUSQUH_clean,2206.4
FUTCAZ_clean,6.78768,5.03504,6.78768,0.817663,2795.18,3418.5,0.0,0.0,0.708,0.865883,0.0,Mn,Yes,Mn,clean,N,Y,Y,,N,,,,,,,,,,,,,,,,,,,,,,FUTCAZ_clean,248.7
FUTDII_clean,10.10622,8.60837,10.10622,0.871632,1521.24,1745.28,0.0,0.0,0.6404,0.734713,0.0,Fe,Yes,Fe,clean,Y,Y,Y,,N,,,,,,,,,,,,,,,,,,,,,,FUTDII_clean,724.6
FUTKEL_manual,6.71846,5.39444,6.71589,0.983709,1614.06,1640.79,0.0,0.0,0.5708,0.580253,0.0,Zn,Yes,Zn,manual,Y,Y,Y,,N,,,,,,,,,,,,,,,,,,,,,,FUTKEL_manual,885.6
FUTTIZ_clean,12.85599,4.31062,12.85599,0.737111,2140.97,2904.54,0.0,0.0,0.7318,0.992795,0.0,Zn,Yes,Zn,clean,Y,Y,Y,,N,,,,,,,,,,,,,,,,,,,,,,FUTTIZ_clean,5095.4
FUTYEA_clean,5.60643,4.51803,5.59058,1.0369,2090.75,2016.34,0.0,0.0,0.6318,0.609316,0.0,Zn,Yes,Zn,clean,Y,Y,Y,,N,,,,,,,,,,,,,,,,,,,,,,FUTYEA_clean,762.8
FUTYOK_clean,6.0154,4.82285,5.99433,1.02626,1867.85,1820.05,0.0,0.0,0.6442,0.627713,0.0,Zn,No, ,clean,Y,Y,Y,,N,,,,,,,,,,,,,,,,,,,,,,FUTYOK_clean,651.9
FUTYUQ_clean,7.46662,4.79581,7.42523,1.0101,2335.64,2312.29,0.0,0.0,0.6514,0.644887,0.0,Zn,Yes,Zn,clean,N,Y,Y,,N,,,,,,,,,,,,,,,,,,,,,,FUTYUQ_clean,4257.9
FUTZAX_clean,6.70042,6.11185,6.67865,0.956816,2069.71,2163.12,0.0,0.0,0.6692,0.699403,0.0,Zn,Yes,Zn,clean,Y,Y,Y,,N,,,,,,,,,,,,,,,,,,,,,,FUTZAX_clean,609.4
FUTZEB_clean,5.24587,4.08263,5.23555,1.0782,1939.66,1798.98,0.0,0.0,0.611,0.566685,0.0,Zn,Yes,Zn,clean,Y,Y,Y,,N,,,,,,,,,,,,,,,,,,,,,,FUTZEB_clean,1266.0
FUTZOK_clean,4.72075,4.28777,4.72075,1.63519,1202.62,735.465,19.983,12.2206,0.5424,0.331705,0.0,Gd,Yes,Gd,clean,Y,Y,Y,,N,,,,,,,,,,,,,,,,,,,,,,FUTZOK_clean,510.0
FUTZOL_clean,9.30232,6.36524,9.14367,0.891296,2041.5,2290.48,0.0,0.0,0.6794,0.762261,0.0,Zn,Yes,Zn,clean,Y,Y,Y,,N,,,,,,,,,,,,,,,,,,,,,,FUTZOL_clean,3782.7
FUVBAB_clean,5.41797,4.41204,5.39267,1.02127,2112.61,2068.61,0.0,0.0,0.6324,0.619229,0.0,Zn,Yes,Zn,clean,Y,Y,Y,,N,,,,,,,,,,,,,,,,,,,,,,FUVBAB_clean,754.1
FUVDEH06_clean,6.60161,5.99656,6.60161,1.76662,404.855,229.169,0.0,0.0,0.3004,0.170042,0.0,Zn,Yes,Zn,clean,Y,Y,Y,,N,,,,,,,,,,,,,,,,,,,,,,FUVDEH06_clean,1635.4
FUVDEH07_clean,6.60769,6.00286,6.60769,1.79524,402.026,223.94,0.0,0.0,0.2898,0.161427,0.0,Zn,Yes,Zn,clean,Y,Y,Y,,N,,,,,,,,,,,,,,,,,,,,,,FUVDEH07_clean,1755.4
FUVDEH08_clean,6.59075,5.99281,6.59075,1.83217,393.9,214.991,0.0,0.0,0.278,0.151733,0.0,Zn,Yes,Zn,clean,Y,Y,Y,,N,,,,,,,,,,,,,,,,,,,,,,FUVDEH08_clean,1631.1
FUVFUZ_clean,6.56118,5.97328,6.56118,1.8467,394.83,213.803,0.0,0.0,0.2718,0.147181,0.0,Zn,Yes,Zn,clean,Y,Y,Y,,N,,,,,,,,,,,,,,,,,,,,,,FUVFUZ_clean,1585.3
FUVGAG01_clean,6.51649,5.95918,6.51649,1.88251,388.784,206.525,0.0,0.0,0.2612,0.138751,0.0,Zn,Yes,Zn,clean,Y,Y,Y,,N,,,,,,,,,,,,,,,,,,,,,,FUVGAG01_clean,1540.0
FUVGAG_clean,6.54806,5.98797,6.54806,1.86856,393.33,210.499,0.0,0.0,0.2642,0.141392,0.0,Zn,Yes,Zn,clean,Y,Y,Y,,N,,,,,,,,,,,,,,,,,,,,,,FUVGAG_clean,1643.3
FUWFIO_clean,7.45171,4.92598,7.05573,1.06861,2012.96,1883.72,0.0,0.0,0.6538,0.611823,0.0,Cd,Yes,Cd,clean,Y,Y,Y,,N,,,,,,,,,,,,,,,,,,,,,,FUWFIO_clean,1186.9
FUWXOL_SL,4.76594,4.4337,4.74254,1.49774,1245.43,831.539,0.0,0.0,0.5154,0.344119,0.0,Zn,No, ,SL,Y,Y,Y,,N,,,,,,,,,,,,,,,,,,,,,,FUWXOL_SL,1285.3
FUWYAY_clean,4.00169,3.86741,4.00169,1.98354,581.815,293.322,0.0,0.0,0.4022,0.202769,0.0,Mn,Yes,Mn,clean,Y,Y,Y,,N,,,,,,,,,,,,,,,,,,,,,,FUWYAY_clean,701.1
FUXCOS_clean,4.8198,4.16045,4.8198,1.4521,612.494,421.799,0.0,0.0,0.4284,0.295021,0.0,Ag,No, ,clean,Y,Y,Y,,N,,,,,,,,,,,,,,,,,,,,,,FUXCOS_clean,735.9
FUXXIH_clean,10.16266,8.68185,10.16266,0.899748,1582.07,1758.35,0.0,0.0,0.6434,0.715089,0.0,Ni,Yes,Ni,clean,Y,Y,Y,,N,,,,,,,,,,,,,,,,,,,,,,FUXXIH_clean,1800.2
FUYCEJ_clean,4.90132,3.779,4.87424,0.834486,2400.21,2876.28,0.217355,0.260466,0.6646,0.796418,0.0,Ti,No, ,clean,Y,Y,Y,,N,,,,,,,,,,,,,,,,,,,,,,FUYCEJ_clean,1598.5
FUYCIN_clean,11.38543,11.12419,11.3774,0.437316,1877.39,4292.99,0.0,0.0,0.832,1.90251,0.0,V,No, ,clean,Y,Y,Y,,N,,,,,,,,,,,,,,,,,,,,,,FUYCIN_clean,329.3
FUYKER_clean,6.42799,4.66248,6.41167,1.2058,1179.26,977.987,0.0,0.0,0.5038,0.417814,0.0,Mn,Yes,Mn,clean,Y,Y,Y,,N,,,,,,,,,,,,,,,,,,,,,,FUYKER_clean,1575.6
FUZPUN_clean,4.74703,3.54387,4.71052,1.02013,1169.51,1146.44,0.0,0.0,0.5838,0.572282,0.0,Ni,No, ,clean,Y,Y,Y,,N,,,,,,,,,,,,,,,,,,,,,,FUZPUN_clean,2701.3
GACBOE_clean,6.66763,4.36115,6.66763,1.04515,2329.85,2229.2,0.0,0.0,0.6722,0.64316,0.0,Cd,Yes,Cd,clean,Y,Y,Y,,N,,,,,,,,,,,,,,,,,,,,,,GACBOE_clean,1797.5
GACPUX_clean,5.9525,3.77259,5.85811,1.02185,1638.86,1603.82,0.0,0.0,0.614,0.600871,0.0,Zn,Yes,Zn,clean,Y,Y,Y,,N,,,,,,,,,,,,,,,,,,,,,,GACPUX_clean,525.3
GACQAE_clean,8.56972,8.26373,8.56972,0.874357,2020.35,2310.67,0.0,0.0,0.694,0.793726,0.0,Zn,Yes,Zn,clean,Y,Y,Y,,N,,,,,,,,,,,,,,,,,,,,,,GACQAE_clean,807.9
GACVIS_clean,7.02111,6.32962,7.02111,1.11473,2097.73,1881.83,0.0,0.0,0.6286,0.563903,0.0,Ni,Yes,Ni,clean,Y,Y,Y,,N,,,,,,,,,,,,,,,,,,,,,,GACVIS_clean,547.7
GADDOH_clean,8.41895,4.83802,8.38301,1.2132,1718.46,1416.47,0.0,0.0,0.6166,0.508243,0.0,La,Yes,La,clean,N,Y,Y,,N,,,,,,,,,,,,,,,,,,,,,,GADDOH_clean,729.4
GADFAV_clean,5.86066,4.67676,5.86066,1.79494,889.419,495.515,0.0,0.0,0.4512,0.251373,0.0,La,Yes,La,clean,Y,Y,Y,,N,,,,,,,,,,,,,,,,,,,,,,GADFAV_clean,1406.6
GADMAA01_clean,8.25017,6.95114,8.25017,1.49914,1053.4,702.671,0.37233,0.248363,0.576,0.38422,0.0,"Gd,Zn",Yes,Zn,clean,Y,Y,Y,,N,,,,,,,,,,,,,,,,,,,,,,GADMAA01_clean,257.9
GADMAA_clean,8.30223,7.00364,8.30223,1.50475,1042.04,692.502,0.0,0.0,0.5772,0.383584,0.0,"Gd,Zn",Yes,Zn,clean,Y,Y,Y,,N,,,,,,,,,,,,,,,,,,,,,,GADMAA_clean,276.4
GADNUX_clean,15.43787,6.70397,14.77017,0.729552,2339.56,3206.84,0.0,0.0,0.7494,1.02721,0.0,Cu,Yes,Cu,clean,Y,Y,Y,,N,,,,,,,,,,,,,,,,,,,,,,GADNUX_clean,4886.5
GADRAH_clean,6.6659,5.14076,6.6659,1.16041,1633.36,1407.57,0.0,0.0,0.5642,0.486207,0.0,"Na,Co",Yes,"Na,Co",clean,N,Y,Y,,N,,,,,,,,,,,,,,,,,,,,,,GADRAH_clean,1114.9
GAFROX_clean,10.38317,5.82029,10.02176,0.765244,2450.36,3202.06,0.0,0.0,0.7244,0.946626,0.0,Zn,Yes,Zn,clean,Y,Y,Y,,N,,,,,,,,,,,,,,,,,,,,,,GAFROX_clean,1510.5
GAFRUD_clean,10.59453,5.69918,10.59344,0.768776,2454.62,3192.89,0.0,0.0,0.7144,0.929269,0.0,Cu,Yes,Cu,clean,Y,Y,Y,,N,,,,,,,,,,,,,,,,,,,,,,GAFRUD_clean,1377.1
GAGQAI_clean,15.6839,9.81587,15.64212,0.743275,1280.66,1723.0,458.409,616.743,0.721,0.970032,0.0,Fe,Yes,Fe,clean,Y,Y,Y,,N,,,,,,,,,,,,,,,,,,,,,,GAGQAI_clean,868.2
GAGSUF_clean,13.27563,13.09101,13.27563,1.53244,1385.3,903.983,0.0,0.0,0.652,0.425465,0.0,Th,Yes,Th,clean,Y,Y,Y,,N,,,,,,,,,,,,,,,,,,,,,,GAGSUF_clean,412.9
GAGZEV_clean,28.66522,11.53771,28.66522,0.279149,1594.77,5712.98,0.0,0.0,0.8816,3.15817,0.0,Cu,Yes,Cu,clean,Y,Y,Y,,N,,,,,,,,,,,,,,,,,,,,,,GAGZEV_clean,497.0
GAHWIX_clean,10.08038,7.17794,10.08038,0.589363,2617.83,4441.79,0.0,0.0,0.7728,1.31125,0.0,Zn,Yes,Zn,clean,Y,Y,Y,,N,,,,,,,,,,,,,,,,,,,,,,GAHWIX_clean,2193.1
GAHXUL_clean,5.28974,3.50395,5.28106,1.05699,1056.2,999.25,0.0,0.0,0.5634,0.533021,0.0,Ag,Yes,Ag,clean,Y,Y,Y,,N,,,,,,,,,,,,,,,,,,,,,,GAHXUL_clean,647.1
GAJYUN_clean,4.85568,4.28663,4.65881,1.5312,1091.56,712.879,0.0,0.0,0.5342,0.348877,0.0,Ce,Yes,Ce,clean,Y,Y,Y,,N,,,,,,,,,,,,,,,,,,,,,,GAJYUN_clean,792.1
GAJZAU_clean,4.80108,4.30234,4.80108,1.51624,1143.74,754.324,0.0,0.0,0.5456,0.359838,0.0,Pr,Yes,Pr,clean,Y,Y,Y,,N,,,,,,,,,,,,,,,,,,,,,,GAJZAU_clean,803.3
GAJZEY_clean,4.80464,4.28777,4.80464,1.53408,1142.39,744.678,0.0,0.0,0.5448,0.355132,0.0,Nd,Yes,Nd,clean,Y,Y,Y,,N,,,,,,,,,,,,,,,,,,,,,,GAJZEY_clean,1135.4
GAJZIC_clean,4.74189,4.18269,4.74189,1.58149,1144.61,723.756,0.0,0.0,0.5442,0.344106,0.0,Sm,Yes,Sm,clean,Y,Y,Y,,N,,,,,,,,,,,,,,,,,,,,,,GAJZIC_clean,1185.5
GAJZOI_clean,4.76043,4.22431,4.76043,1.6231,1140.51,702.673,0.0,0.0,0.5414,0.333559,0.0,Gd,Yes,Gd,clean,Y,Y,Y,,N,,,,,,,,,,,,,,,,,,,,,,GAJZOI_clean,1158.9
GAJZUO_clean,4.67022,4.137,4.66388,1.35819,1115.52,821.33,0.0,0.0,0.5302,0.390373,0.0,Y,Yes,Y,clean,Y,Y,Y,,N,,,,,,,,,,,,,,,,,,,,,,GAJZUO_clean,1220.3
GAKBAX_clean,4.75047,4.21764,4.75047,1.60269,1138.62,710.445,0.0,0.0,0.5414,0.337808,0.0,Eu,Yes,Eu,clean,Y,Y,Y,,N,,,,,,,,,,,,,,,,,,,,,,GAKBAX_clean,1166.4
GALCAZ_clean,7.51924,6.97754,7.50411,1.17363,1179.25,1004.78,0.0,0.0,0.5068,0.431822,0.0,Zn,Yes,Zn,clean,Y,Y,Y,,N,,,,,,,,,,,,,,,,,,,,,,GALCAZ_clean,1274.6
GALHOS_ion_b,10.40242,4.28813,10.40242,0.962357,1197.69,1244.54,67.8044,70.4566,0.5764,0.598946,0.0,In,No, ,ion_b,Y,Y,Y,,N,,,,,,,,,,,,,,,,,,,,,,GALHOS_ion_b,801.4
GALJAG_clean,7.13587,6.98688,7.13339,0.8258,2198.4,2662.15,0.0,0.0,0.6726,0.814482,0.0,In,No, ,clean,Y,Y,Y,,N,,,,,,,,,,,,,,,,,,,,,,GALJAG_clean,1404.6
GAMFEI_clean,7.53059,4.20216,7.34521,1.13363,1510.82,1332.73,0.0,0.0,0.5782,0.510042,0.0,Cu,Yes,Cu,clean,Y,Y,Y,,N,,,,,,,,,,,,,,,,,,,,,,GAMFEI_clean,927.2
GAMXAV_clean,12.82817,4.31562,12.82817,0.868866,1783.25,2052.39,0.0,0.0,0.6754,0.777335,0.0,Cu,Yes,Cu,clean,Y,Y,Y,,N,,,,,,,,,,,,,,,,,,,,,,GAMXAV_clean,1231.6
GAPNOD_clean,6.6565,4.84778,6.65444,1.74449,1900.25,1089.29,0.0,0.0,0.644,0.369162,0.0,U,Yes,U,clean,N,Y,Y,,N,,,,,,,,,,,,,,,,,,,,,,GAPNOD_clean,540.8
GAQYIH_clean,20.25844,8.96976,15.7736,0.559917,2127.26,3799.24,0.0,0.0,0.8486,1.51558,0.0,Cd,Yes,Cd,clean,Y,Y,Y,,N,,,,,,,,,,,,,,,,,,,,,,GAQYIH_clean,237.0
GARLAP_clean,5.58892,4.38006,5.58663,1.1363,1527.33,1344.12,0.0,0.0,0.5756,0.506555,0.0,La,Yes,La,clean,Y,Y,Y,,N,,,,,,,,,,,,,,,,,,,,,,GARLAP_clean,1259.9
GARLET_clean,5.53835,4.38226,5.51111,1.15379,1524.15,1321.0,0.0,0.0,0.573,0.496625,0.0,Pr,Yes,Pr,clean,Y,Y,Y,,N,,,,,,,,,,,,,,,,,,,,,,GARLET_clean,1374.4
GARLIX_clean,5.51894,4.34952,5.51894,1.16479,1506.37,1293.26,0.0,0.0,0.5712,0.49039,0.0,Nd,Yes,Nd,clean,Y,Y,Y,,N,,,,,,,,,,,,,,,,,,,,,,GARLIX_clean,1387.6
GARLOD_clean,5.48563,4.3317,5.48563,1.18591,1487.56,1254.36,0.0,0.0,0.5682,0.479126,0.0,Sm,Yes,Sm,clean,Y,Y,Y,,N,,,,,,,,,,,,,,,,,,,,,,GARLOD_clean,1302.7
GARLUJ_clean,5.47258,4.30508,5.46713,1.19194,1490.51,1250.49,0.0,0.0,0.5688,0.477205,0.0,Eu,Yes,Eu,clean,Y,Y,Y,,N,,,,,,,,,,,,,,,,,,,,,,GARLUJ_clean,1324.9
GARMAQ_clean,5.4678,4.29561,5.44556,1.2061,1479.57,1226.74,0.0,0.0,0.5666,0.469779,0.0,Gd,Yes,Gd,clean,Y,Y,Y,,N,,,,,,,,,,,,,,,,,,,,,,GARMAQ_clean,1354.6
GARQAU_clean,7.22233,4.73121,7.22233,1.05141,1110.85,1056.54,0.0,0.0,0.5324,0.50637,0.0,Zn,No, ,clean,Y,Y,Y,,N,,,,,,,,,,,,,,,,,,,,,,GARQAU_clean,1939.7
GARSUQ_clean,4.38052,3.88796,4.36788,1.61033,1121.78,696.613,0.0,0.0,0.4852,0.301304,0.0,Eu,Yes,Eu,clean,Y,Y,Y,,N,,,,,,,,,,,,,,,,,,,,,,GARSUQ_clean,1447.4
GARTAX_clean,4.45838,3.94557,4.41836,1.61624,1125.98,696.667,0.0,0.0,0.4868,0.301193,0.0,Gd,Yes,Gd,clean,Y,Y,Y,,N,,,,,,,,,,,,,,,,,,,,,,GARTAX_clean,1655.4
GARTEB_clean,4.30272,3.79858,4.29463,1.63832,1104.37,674.089,0.0,0.0,0.4846,0.295792,0.0,Tb,Yes,Tb,clean,Y,Y,Y,,N,,,,,,,,,,,,,,,,,,,,,,GARTEB_clean,1366.5
GARTIF_clean,4.43647,3.87557,4.43647,1.65372,1132.95,685.091,0.0,0.0,0.471,0.284812,0.0,Dy,Yes,Dy,clean,Y,Y,Y,,N,,,,,,,,,,,,,,,,,,,,,,GARTIF_clean,1548.5
GARTUR_clean,11.12255,10.84777,11.12255,1.34756,1641.0,1217.75,0.0,0.0,0.6774,0.502685,0.0,"Zn,Ga",Yes,Zn,clean,Y,Y,Y,,N,,,,,,,,,,,,,,,,,,,,,,GARTUR_clean,2390.6
GASSEB_clean,5.64924,4.02494,5.64854,0.918331,1776.39,1934.36,0.0,0.0,0.633,0.689294,0.0,Zn,Yes,Zn,clean,N,Y,Y,,N,,,,,,,,,,,,,,,,,,,,,,GASSEB_clean,885.0
GASSUR_clean,7.13166,6.36797,7.11779,1.0643,1692.45,1590.2,0.0,0.0,0.616,0.578785,0.0,Zn,Yes,Zn,clean,Y,Y,Y,,N,,,,,,,,,,,,,,,,,,,,,,GASSUR_clean,710.0
GAVYAG_clean,5.30344,3.91416,5.17667,1.18769,1076.26,906.183,0.0,0.0,0.5266,0.443383,0.0,Zn,Yes,Zn,clean,Y,Y,Y,,N,,,,,,,,,,,,,,,,,,,,,,GAVYAG_clean,1540.8
GAWCUF_clean,5.14591,3.62459,5.10569,1.20211,1101.2,916.058,0.0,0.0,0.5036,0.418931,0.0,Co,No, ,clean,Y,Y,Y,,N,,,,,,,,,,,,,,,,,,,,,,GAWCUF_clean,1459.3
GAWLIB_clean,7.30469,6.9637,7.3003,1.77656,565.048,318.057,10.6196,5.97759,0.4542,0.255662,0.0,Tb,Yes,Tb,clean,Y,Y,Y,,N,,,,,,,,,,,,,,,,,,,,,,GAWLIB_clean,732.1
GAWMOJ_clean,9.85959,7.82076,9.85959,0.707147,2014.24,2848.41,0.0,0.0,0.7242,1.02411,0.0,Zn,Yes,Zn,clean,Y,Y,Y,,N,,,,,,,,,,,,,,,,,,,,,,GAWMOJ_clean,336.7
GAXDIS10_clean,5.63603,3.80534,5.63603,1.31969,1996.73,1513.03,0.0,0.0,0.6636,0.502846,0.0,Cd,Yes,Cd,clean,Y,Y,Y,,N,,,,,,,,,,,,,,,,,,,,,,GAXDIS10_clean,273.5
GAXKOH_clean,9.78617,8.86105,9.78617,0.959935,1692.37,1763.0,0.0,0.0,0.6186,0.644419,0.0,"Cd,K",Yes,Cd,clean,Y,Y,Y,,N,,,,,,,,,,,,,,,,,,,,,,GAXKOH_clean,843.3
GAXQIH_clean,5.17093,4.52481,5.06299,1.36553,783.142,573.505,0.0,0.0,0.4372,0.320168,0.0,Ni,No, ,clean,Y,Y,Y,,N,,,,,,,,,,,,,,,,,,,,,,GAXQIH_clean,438.9
GAYFUJ_clean,5.68191,5.17685,5.68191,1.29989,1899.11,1460.97,0.0,0.0,0.6252,0.480962,0.0,Cd,Yes,Cd,clean,Y,Y,Y,,N,,,,,,,,,,,,,,,,,,,,,,GAYFUJ_clean,1396.9
GAYGAQ_clean_h,5.42545,4.61164,5.42545,1.32331,1222.55,923.858,0.0,0.0,0.5596,0.42288,0.0,Cu,Yes,Cu,clean_h,N,Y,Y,,N,,,,,,,,,,,,,,,,,,,,,,GAYGAQ_clean_h,843.5
GAYPED_clean,9.58074,6.82289,7.89267,0.900136,2106.29,2339.97,0.0,0.0,0.6514,0.723668,0.0,Co,Yes,Co,clean,Y,Y,Y,,N,,,,,,,,,,,,,,,,,,,,,,GAYPED_clean,597.0
GAYTEH_ion_b,7.25944,3.65684,7.23718,1.37181,1135.72,827.897,0.0,0.0,0.497,0.362294,0.0,"Cu,Na",Yes,Cu,ion_b,N,Y,Y,,N,,,,,,,,,,,,,,,,,,,,,,GAYTEH_ion_b,5258.6
GAZLAW_clean,5.89078,3.42545,5.89078,1.13599,1083.97,954.205,0.0,0.0,0.5156,0.453877,0.0,"Na,Co",No, ,clean,Y,Y,Y,,N,,,,,,,,,,,,,,,,,,,,,,GAZLAW_clean,663.4
GEBCAT_clean,7.82822,4.28279,7.82194,1.50818,1191.52,790.035,0.0,0.0,0.4616,0.306064,0.0,"K,Co",Yes,K,clean,Y,Y,Y,,N,,,,,,,,,,,,,,,,,,,,,,GEBCAT_clean,700.5
GEDDAW_clean,10.55388,8.11262,10.55388,0.996818,2113.88,2120.63,0.0,0.0,0.7028,0.705043,0.0,Co,Yes,Co,clean,Y,Y,Y,,N,,,,,,,,,,,,,,,,,,,,,,GEDDAW_clean,597.1
GEDDEA_clean,10.13591,3.81582,10.13591,1.29721,1601.1,1234.26,0.0,0.0,0.591,0.455593,0.0,Ni,Yes,Ni,clean,Y,Y,Y,,N,,,,,,,,,,,,,,,,,,,,,,GEDDEA_clean,1173.0
GEDQIR_clean,6.54643,4.98654,6.54643,1.05474,2262.59,2145.17,0.0,0.0,0.6334,0.600529,0.0,Nd,Yes,Nd,clean,Y,Y,Y,,N,,,,,,,,,,,,,,,,,,,,,,GEDQIR_clean,1577.9
GEDQOX_clean,6.45005,4.67913,6.43264,1.07947,2326.66,2155.37,0.0,0.0,0.632,0.585473,0.0,Nd,Yes,Nd,clean,Y,Y,Y,,N,,,,,,,,,,,,,,,,,,,,,,GEDQOX_clean,805.0
GEDRAK_clean,5.77362,3.92842,5.19693,1.15636,2398.21,2073.93,0.0,0.0,0.6018,0.520425,0.0,Nd,Yes,Nd,clean,Y,Y,Y,,N,,,,,,,,,,,,,,,,,,,,,,GEDRAK_clean,1738.7
GEDROY_clean,5.0096,3.45081,4.98262,1.23925,1556.79,1256.24,20.5089,16.5495,0.5694,0.459473,0.0,Nd,Yes,Nd,clean,Y,Y,Y,,N,,,,,,,,,,,,,,,,,,,,,,GEDROY_clean,1408.1
GEDRUE_clean,6.04452,4.23776,6.03554,1.11864,2304.55,2060.12,0.0,0.0,0.6118,0.546912,0.0,Nd,Yes,Nd,clean,Y,Y,Y,,N,,,,,,,,,,,,,,,,,,,,,,GEDRUE_clean,850.2
GEDSAL_clean,5.44628,3.82645,5.44628,1.17011,2237.72,1912.41,0.0,0.0,0.5966,0.509868,0.0,Nd,Yes,Nd,clean,Y,Y,Y,,N,,,,,,,,,,,,,,,,,,,,,,GEDSAL_clean,1812.4
GEDSEP_clean,4.82283,3.73359,4.81042,1.38544,1023.08,738.448,0.0,0.0,0.5156,0.372155,0.0,Nd,Yes,Nd,clean,Y,Y,Y,,N,,,,,,,,,,,,,,,,,,,,,,GEDSEP_clean,2150.9
GEDSOZ_clean,6.10424,4.23086,6.10424,1.10708,2330.43,2105.02,0.0,0.0,0.618,0.558223,0.0,Nd,Yes,Nd,clean,Y,Y,Y,,N,,,,,,,,,,,,,,,,,,,,,,GEDSOZ_clean,838.4
GEDSUF_clean,6.8646,4.02613,6.8646,1.20789,1460.83,1209.4,0.0,0.0,0.5606,0.464115,0.0,Nd,Yes,Nd,clean,Y,Y,Y,,N,,,,,,,,,,,,,,,,,,,,,,GEDSUF_clean,990.2
GEDTAM_clean,6.16288,4.28316,6.16288,1.08963,2317.05,2126.45,0.0,0.0,0.629,0.577258,0.0,Nd,Yes,Nd,clean,Y,Y,Y,,N,,,,,,,,,,,,,,,,,,,,,,GEDTAM_clean,831.3
GEFYUN_clean,6.73786,6.27962,6.66229,1.04811,1399.46,1335.23,0.0,0.0,0.5478,0.522657,0.0,Cu,No, ,clean,Y,Y,Y,,N,,,,,,,,,,,,,,,,,,,,,,GEFYUN_clean,971.4
GEFZAU_clean,6.43441,5.83045,6.43102,0.991134,1373.29,1385.58,0.0,0.0,0.5466,0.55149,0.0,Cu,No, ,clean,Y,Y,Y,,N,,,,,,,,,,,,,,,,,,,,,,GEFZAU_clean,861.8
GEGDED_clean,10.73095,6.57358,10.72652,0.838883,2111.23,2516.71,0.0,0.0,0.6964,0.830152,0.0,Cu,Yes,Cu,clean,Y,Y,Y,,N,,,,,,,,,,,,,,,,,,,,,,GEGDED_clean,3658.8
GEGGEG01_clean,4.4734,3.53731,4.46972,1.51151,780.594,516.434,0.0,0.0,0.4522,0.299171,0.0,Co,Yes,Co,clean,N,Y,Y,,N,,,,,,,,,,,,,,,,,,,,,,GEGGEG01_clean,2334.6
GEGGIK01_clean,4.44976,3.51616,4.44506,1.53378,754.006,491.601,0.0,0.0,0.45,0.293393,0.0,Co,Yes,Co,clean,N,Y,Y,,N,,,,,,,,,,,,,,,,,,,,,,GEGGIK01_clean,2366.5
GEGGIK_clean,4.4635,3.52722,4.4561,1.51854,764.891,503.702,0.0,0.0,0.4512,0.297128,0.0,Co,Yes,Co,clean,N,Y,Y,,N,,,,,,,,,,,,,,,,,,,,,,GEGGIK_clean,2342.8
GEGGUW_clean,4.63719,3.51738,4.44195,1.53214,779.383,508.688,0.0,0.0,0.4588,0.29945,0.0,"Ni,Co",Yes,"Ni,Co",clean,N,Y,Y,,N,,,,,,,,,,,,,,,,,,,,,,GEGGUW_clean,2353.3
GEGHAD_clean,4.65392,3.51526,4.65392,1.53055,804.048,525.333,0.0,0.0,0.4664,0.304727,0.0,Ni,Yes,Ni,clean,N,Y,Y,,N,,,,,,,,,,,,,,,,,,,,,,GEGHAD_clean,2355.6
GEJJEL01_clean,4.95342,3.83497,4.95342,1.99384,910.263,456.538,0.0,0.0,0.4388,0.220078,0.0,Nd,Yes,Nd,clean,Y,Y,Y,,N,,,,,,,,,,,,,,,,,,,,,,GEJJEL01_clean,488.5
GEKVEZ_clean,4.60932,3.49419,4.2137,1.75988,1163.32,661.023,0.0,0.0,0.526,0.298883,0.0,"Mo,Yb,Cs",Yes,"Yb,Cs",clean,N,Y,Y,,N,,,,,,,,,,,,,,,,,,,,,,GEKVEZ_clean,293.3
GEPDEM_clean,4.09249,3.45067,4.09249,1.44433,525.305,363.701,0.0,0.0,0.487,0.33718,0.0,Zn,Yes,Zn,clean,Y,Y,Y,,N,,,,,,,,,,,,,,,,,,,,,,GEPDEM_clean,421.0
GERNOI_clean,6.93892,3.80818,6.45255,1.05982,1273.96,1202.05,0.0,0.0,0.5412,0.510651,0.0,Zn,No, ,clean,Y,Y,Y,,N,,,,,,,,,,,,,,,,,,,,,,GERNOI_clean,2126.9
GERPUP_clean,8.51519,7.38328,8.51519,1.47529,1095.68,742.686,1.06498,0.721878,0.5678,0.384873,0.0,"Cu,Sm",Yes,Cu,clean,Y,Y,Y,,N,,,,,,,,,,,,,,,,,,,,,,GERPUP_clean,252.0
GERWEH_clean,9.16485,6.64251,9.16485,1.11428,1571.66,1410.47,39.9079,35.815,0.625,0.560902,0.0,"Cu,Si",Yes,Cu,clean,Y,Y,Y,,N,,,,,,,,,,,,,,,,,,,,,,GERWEH_clean,1092.3
GESDUF_clean,7.63383,7.44692,7.63383,1.05439,936.707,888.384,0.0,0.0,0.5408,0.512901,0.0,Co,Yes,Co,clean,Y,Y,Y,,N,,,,,,,,,,,,,,,,,,,,,,GESDUF_clean,512.6
GESFAN_clean,7.57798,7.34904,7.57798,1.05603,938.983,889.166,0.0,0.0,0.5286,0.500556,0.0,Ni,Yes,Ni,clean,Y,Y,Y,,N,,,,,,,,,,,,,,,,,,,,,,GESFAN_clean,511.9
GESNOI_clean,6.41874,3.48818,6.41739,1.68473,668.393,396.736,0.0,0.0,0.4826,0.286455,0.0,Nd,Yes,Nd,clean,Y,Y,Y,,N,,,,,,,,,,,,,,,,,,,,,,GESNOI_clean,838.1
GEVXIQ_clean,5.46888,4.61181,5.39982,1.67855,1326.24,790.111,0.0,0.0,0.5498,0.327545,0.0,Gd,Yes,Gd,clean,Y,Y,Y,,N,,,,,,,,,,,,,,,,,,,,,,GEVXIQ_clean,386.0
GEWXAJ_clean,4.82967,4.48576,4.82967,1.6967,607.999,358.342,0.0,0.0,0.4016,0.236695,0.0,Cu,Yes,Cu,clean,Y,Y,Y,,N,,,,,,,,,,,,,,,,,,,,,,GEWXAJ_clean,515.2
GEZRAG_clean,7.97174,5.12774,7.97032,1.15353,2068.35,1793.06,0.0,0.0,0.6172,0.535054,0.0,Co,Yes,Co,clean,Y,Y,Y,,N,,,,,,,,,,,,,,,,,,,,,,GEZRAG_clean,13427.7
GEZYOB_clean,5.97203,4.53159,5.97203,1.47469,1908.41,1294.11,0.0,0.0,0.5414,0.367128,0.0,V,No, ,clean,Y,Y,Y,,N,,,,,,,,,,,,,,,,,,,,,,GEZYOB_clean,2778.4
GIDKOU_clean,4.78674,3.41448,4.67256,1.74547,701.395,401.837,0.0,0.0,0.4798,0.274883,0.0,Zn,Yes,Zn,clean,N,Y,Y,,N,,,,,,,,,,,,,,,,,,,,,,GIDKOU_clean,722.2
GIFKEL_clean,4.63167,4.31957,4.63167,1.28045,1230.74,961.183,0.0,0.0,0.5428,0.423914,0.0,"Cd,Ni",Yes,Ni,clean,Y,Y,Y,,N,,,,,,,,,,,,,,,,,,,,,,GIFKEL_clean,624.6
GIKQIC_clean,3.78387,3.47181,3.77533,1.63861,422.447,257.809,0.0,0.0,0.4372,0.266812,0.0,Cd,Yes,Cd,clean,Y,Y,Y,,N,,,,,,,,,,,,,,,,,,,,,,GIKQIC_clean,348.0
GIMSIG_clean,8.71143,5.70228,8.71143,1.44846,1502.61,1037.38,0.0,0.0,0.5786,0.399459,0.0,Cd,Yes,Cd,clean,N,Y,Y,,N,,,,,,,,,,,,,,,,,,,,,,GIMSIG_clean,829.9
GINLIA_clean,6.39385,4.60431,6.39349,0.877136,2189.88,2496.63,0.0,0.0,0.6554,0.747205,0.0,Zn,Yes,Zn,clean,Y,Y,Y,,N,,,,,,,,,,,,,,,,,,,,,,GINLIA_clean,1084.4
GIQXEK_clean,5.02308,3.9389,5.02308,1.70666,1611.03,943.967,0.0,0.0,0.591,0.34629,0.0,"Ru,Ce",Yes,"Ru,Ce",clean,Y,Y,Y,,N,,,,,,,,,,,,,,,,,,,,,,GIQXEK_clean,397.7
GIQXIO_clean,4.89641,3.86855,4.89641,1.80531,1632.56,904.31,0.0,0.0,0.5842,0.323601,0.0,"Dy,Ru",Yes,"Dy,Ru",clean,Y,Y,Y,,N,,,,,,,,,,,,,,,,,,,,,,GIQXIO_clean,433.7
GIQXOU_clean,4.81089,3.81392,4.81089,1.85808,1583.35,852.141,0.0,0.0,0.5814,0.312903,0.0,"Ru,Er",Yes,"Ru,Er",clean,Y,Y,Y,,N,,,,,,,,,,,,,,,,,,,,,,GIQXOU_clean,452.6
GIQXUA_clean,4.89316,3.86869,4.89316,1.79298,1637.93,913.522,0.0,0.0,0.5838,0.325603,0.0,"Ru,Gd",Yes,"Ru,Gd",clean,Y,Y,Y,,N,,,,,,,,,,,,,,,,,,,,,,GIQXUA_clean,436.8
GIQYAH_clean,4.79715,3.78414,4.66858,1.84797,1560.79,844.598,0.0,0.0,0.5808,0.31429,0.0,"Ho,Ru",Yes,"Ho,Ru",clean,Y,Y,Y,,N,,,,,,,,,,,,,,,,,,,,,,GIQYAH_clean,463.1
GIQYEL_clean,5.04966,3.95603,5.04926,1.69109,1647.45,974.192,0.0,0.0,0.5932,0.35078,0.0,"Ru,La",Yes,"Ru,La",clean,Y,Y,Y,,N,,,,,,,,,,,,,,,,,,,,,,GIQYEL_clean,395.7
GIQYIP_clean,4.93593,3.90727,4.93593,1.7362,1686.39,971.31,0.0,0.0,0.5894,0.339477,0.0,"Ru,Nd",Yes,"Ru,Nd",clean,Y,Y,Y,,N,,,,,,,,,,,,,,,,,,,,,,GIQYIP_clean,437.1
GIQYOV_clean,4.65103,4.01588,4.65103,1.69435,1544.77,911.715,0.0,0.0,0.5744,0.339009,0.0,"Ru,Pr",Yes,Ru,clean,Y,Y,Y,,N,,,,,,,,,,,,,,,,,,,,,,GIQYOV_clean,380.2
GIQYUB_clean,4.85877,3.85756,4.85723,1.80735,1636.84,905.654,0.0,0.0,0.586,0.324231,0.0,"Ru,Tb",Yes,"Ru,Tb",clean,Y,Y,Y,,N,,,,,,,,,,,,,,,,,,,,,,GIQYUB_clean,439.6
GIRDUI_clean,4.42025,3.76528,4.4179,1.33231,513.764,385.618,0.0,0.0,0.4442,0.333405,0.0,Co,Yes,Co,clean,Y,Y,Y,,N,,,,,,,,,,,,,,,,,,,,,,GIRDUI_clean,405.3
GIRXUC_clean,9.02646,6.62876,9.00319,0.768463,2450.96,3189.43,0.0,0.0,0.7778,1.01215,0.0,Zn,Yes,Zn,clean,Y,Y,Y,,N,,,,,,,,,,,,,,,,,,,,,,GIRXUC_clean,129.5
GIRYAJ_clean,11.11776,6.67504,11.11673,0.856122,2399.62,2802.89,0.0,0.0,0.7336,0.856887,0.0,Zn,Yes,Zn,clean,Y,Y,Y,,N,,,,,,,,,,,,,,,,,,,,,,GIRYAJ_clean,1432.7
GIRYEN_clean,4.46145,3.72288,4.46145,1.49644,287.06,191.829,0.0,0.0,0.4038,0.269841,0.0,Zn,Yes,Zn,clean,Y,Y,Y,,N,,,,,,,,,,,,,,,,,,,,,,GIRYEN_clean,1194.4
GIRYUD_clean,4.50395,3.69554,4.50367,1.50379,303.721,201.971,0.0,0.0,0.4016,0.267059,0.0,Zn,Yes,Zn,clean,Y,Y,Y,,N,,,,,,,,,,,,,,,,,,,,,,GIRYUD_clean,1176.3
GIRZAK_clean,4.21373,3.61145,4.21373,1.53199,237.412,154.969,0.0,0.0,0.4018,0.262273,0.0,Zn,Yes,Zn,clean,Y,Y,Y,,N,,,,,,,,,,,,,,,,,,,,,,GIRZAK_clean,1464.2
GISMAY_clean,7.56113,5.5145,7.12706,1.15475,978.763,847.594,187.52,162.389,0.5516,0.477677,0.0,Zn,Yes,Zn,clean,Y,Y,Y,,N,,,,,,,,,,,,,,,,,,,,,,GISMAY_clean,7952.2
GISNED_clean,16.88394,10.60987,16.88394,0.446812,2036.44,4557.7,0.0,0.0,0.8226,1.84104,0.0,Zn,No, ,clean,Y,Y,Y,,N,,,,,,,,,,,,,,,,,,,,,,GISNED_clean,10435.4
GISZUD_clean,6.49431,5.39638,6.48428,1.08851,2690.71,2471.91,0.0,0.0,0.726,0.666964,0.0,Cd,Yes,Cd,clean,Y,Y,Y,,N,,,,,,,,,,,,,,,,,,,,,,GISZUD_clean,231.2
GISZUF_clean,5.98913,5.07662,5.983,1.31215,1025.01,781.164,0.0,0.0,0.5226,0.398277,0.0,Cd,Yes,Cd,clean,Y,Y,Y,,N,,,,,,,,,,,,,,,,,,,,,,GISZUF_clean,1549.3
GITPIK_clean,6.71051,5.85889,6.69498,1.05932,1949.1,1839.96,0.0,0.0,0.6024,0.568668,0.0,Zn,Yes,Zn,clean,Y,Y,Y,,N,,,,,,,,,,,,,,,,,,,,,,GITPIK_clean,729.2
GITTUZ_clean,10.85901,8.03964,10.85901,1.03314,1392.4,1347.74,0.0,0.0,0.6084,0.588883,0.0,Zn,No, ,clean,Y,Y,Y,,N,,,,,,,,,,,,,,,,,,,,,,GITTUZ_clean,3870.9
GITVEL01_clean,15.27666,13.37931,15.27666,0.777112,1815.11,2335.71,0.0,0.0,0.723,0.930368,0.0,Zn,No, ,clean,Y,Y,Y,,N,,,,,,,,,,,,,,,,,,,,,,GITVEL01_clean,2242.6
GITVEL_clean,15.24588,13.37948,15.24588,0.777112,1827.71,2351.93,0.0,0.0,0.724,0.931654,0.0,Zn,No, ,clean,Y,Y,Y,,N,,,,,,,,,,,,,,,,,,,,,,GITVEL_clean,2280.3
GITWIQ_clean,5.04878,3.9878,4.84113,1.55276,984.517,634.043,0.0,0.0,0.443,0.285298,0.0,Zn,No, ,clean,Y,Y,Y,,N,,,,,,,,,,,,,,,,,,,,,,GITWIQ_clean,969.8
GIVHIC_clean,5.68256,4.14915,5.67478,1.01525,1315.17,1295.41,0.0,0.0,0.5352,0.527158,0.0,Ni,No, ,clean,Y,Y,Y,,N,,,,,,,,,,,,,,,,,,,,,,GIVHIC_clean,2534.9
GIVNIK_clean,7.21449,5.67473,7.21449,0.867445,2262.97,2608.78,0.0,0.0,0.6652,0.76685,0.0,"Ag,Zn",Yes,Ag,clean,Y,Y,Y,,N,,,,,,,,,,,,,,,,,,,,,,GIVNIK_clean,1535.4
GIVNOQ_clean,7.18513,5.72761,7.17339,0.897407,2341.84,2609.57,0.0,0.0,0.648,0.72208,0.0,"Ag,Zn",Yes,Ag,clean,Y,Y,Y,,N,,,,,,,,,,,,,,,,,,,,,,GIVNOQ_clean,1531.2
GIWCAR_ion_b,6.05356,4.17814,6.05356,1.07197,1658.11,1546.78,2.02848,1.89228,0.5834,0.544229,0.0,"Ag,Ga",Yes,Ag,ion_b,Y,Y,Y,,N,,,,,,,,,,,,,,,,,,,,,,GIWCAR_ion_b,853.3
GIWCIZ_ion_b,5.12494,3.68789,4.86231,1.25758,738.946,587.595,101.966,81.0816,0.492,0.391229,0.0,"Ag,Ga",Yes,Ag,ion_b,Y,Y,Y,,N,,,,,,,,,,,,,,,,,,,,,,GIWCIZ_ion_b,1137.3
GIWCOF_ion_b,6.18603,4.18536,6.1755,1.09485,1872.24,1710.03,0.0,0.0,0.5864,0.535596,0.0,"In,Ag",Yes,Ag,ion_b,Y,Y,Y,,N,,,,,,,,,,,,,,,,,,,,,,GIWCOF_ion_b,1081.7
GIXGOK_clean,17.36935,5.40179,17.36935,1.04037,1505.92,1447.48,0.0,0.0,0.6542,0.628815,0.0,Cd,No, ,clean,Y,Y,Y,,N,,,,,,,,,,,,,,,,,,,,,,GIXGOK_clean,3169.0
GIXNAE_clean,7.22845,6.88703,7.22003,0.852646,2024.04,2373.83,0.0,0.0,0.6572,0.770777,0.0,Ni,No, ,clean,Y,Y,Y,,N,,,,,,,,,,,,,,,,,,,,,,GIXNAE_clean,394.8
GIYSEN_clean,5.42608,5.04414,5.4195,1.45199,958.497,660.129,0.0,0.0,0.4968,0.342152,0.0,"Mo,Cu",No, ,clean,Y,Y,Y,,N,,,,,,,,,,,,,,,,,,,,,,GIYSEN_clean,745.5
GIYSIR_clean,5.35034,4.96809,5.33586,1.46578,931.664,635.609,0.0,0.0,0.4966,0.338795,0.0,"Mo,Cu",No, ,clean,Y,Y,Y,,N,,,,,,,,,,,,,,,,,,,,,,GIYSIR_clean,750.6
GIYSOX_clean,5.41931,4.91867,5.41931,1.46994,924.604,629.008,0.0,0.0,0.4898,0.333211,0.0,"Mo,Cu",No, ,clean,Y,Y,Y,,N,,,,,,,,,,,,,,,,,,,,,,GIYSOX_clean,730.7
GIYSUD_clean,5.72746,4.12193,5.64984,1.21514,2074.82,1707.48,0.0,0.0,0.605,0.497886,0.0,Cd,Yes,Cd,clean,Y,Y,Y,,N,,,,,,,,,,,,,,,,,,,,,,GIYSUD_clean,993.7
GIYTAK_clean,5.85565,4.3241,5.81433,1.11314,2290.27,2057.49,0.0,0.0,0.6456,0.579983,0.0,Cd,Yes,Cd,clean,Y,Y,Y,,N,,,,,,,,,,,,,,,,,,,,,,GIYTAK_clean,1049.8
GIYTIS_SL,6.15959,5.08946,6.15959,0.966844,2140.02,2213.41,0.0,0.0,0.6424,0.66443,0.0,Zn,Yes,Zn,SL,Y,Y,Y,,N,,,,,,,,,,,,,,,,,,,,,,GIYTIS_SL,1114.5
GIZXET_clean,4.75858,3.81827,4.66708,0.984908,1381.16,1402.32,0.0,0.0,0.5818,0.590715,0.0,Zn,No, ,clean,Y,Y,Y,,N,,,,,,,,,,,,,,,,,,,,,,GIZXET_clean,3144.3
GOBGAG_clean,17.26438,5.3381,17.26438,1.05121,1516.89,1443.0,0.0,0.0,0.6532,0.621382,0.0,Cd,No, ,clean,Y,Y,Y,,N,,,,,,,,,,,,,,,,,,,,,,GOBGAG_clean,3150.3
GOBSUM_clean,5.27749,3.98975,5.17779,1.10089,1767.3,1605.34,0.0,0.0,0.5602,0.508863,0.0,Co,Yes,Co,clean,Y,Y,Y,,N,,,,,,,,,,,,,,,,,,,,,,GOBSUM_clean,638.1
GOGSIF_clean,8.22407,5.82511,8.22407,0.843093,1913.32,2269.41,1.31012,1.55395,0.6484,0.769073,0.0,Co,Yes,Co,clean,Y,Y,Y,,N,,,,,,,,,,,,,,,,,,,,,,GOGSIF_clean,566.7
GOGWAB_clean,4.95936,4.07145,4.95936,1.0628,2097.01,1973.11,0.0,0.0,0.6348,0.597292,0.0,Zn,Yes,Zn,clean,Y,Y,Y,,N,,,,,,,,,,,,,,,,,,,,,,GOGWAB_clean,1392.0
GOGWEF_clean,4.59875,4.17002,4.59043,0.999501,2126.38,2127.44,0.0,0.0,0.617,0.617308,0.0,Mn,Yes,Mn,clean,Y,Y,Y,,N,,,,,,,,,,,,,,,,,,,,,,GOGWEF_clean,1239.3
GOJDOZ_clean,4.79892,4.35574,4.79892,2.78878,865.091,310.204,296.77,106.416,0.5306,0.190263,0.0,U,Yes,U,clean,Y,Y,Y,,N,,,,,,,,,,,,,,,,,,,,,,GOJDOZ_clean,688.5
GOKBUE_clean,6.09249,4.54759,6.09249,1.63047,1317.37,807.969,0.0,0.0,0.5592,0.342968,0.0,Cu,Yes,Cu,clean,Y,Y,Y,,N,,,,,,,,,,,,,,,,,,,,,,GOKBUE_clean,367.8
GOMFOF_clean,14.8276,14.77034,14.8276,0.887088,1281.1,1444.16,0.0,0.0,0.6208,0.699818,0.0,"Pd,K",Yes,"Pd,K",clean,Y,Y,Y,,N,,,,,,,,,,,,,,,,,,,,,,GOMFOF_clean,1016.8
GOMREG_clean,5.38381,3.63961,5.38381,1.86675,886.646,474.968,0.0,0.0,0.4612,0.247061,0.0,"Mn,Al",No, ,clean,Y,Y,Y,,N,,,,,,,,,,,,,,,,,,,,,,GOMREG_clean,1122.8
GONNAA_clean,7.09205,5.80307,7.09205,0.944258,2774.42,2938.2,0.0,0.0,0.7154,0.757632,0.0,Zn,Yes,Zn,clean,N,Y,Y,,N,,,,,,,,,,,,,,,,,,,,,,GONNAA_clean,603.5
GOPTIQ_clean,6.68622,4.50914,6.67956,0.770633,1838.89,2386.21,0.0,0.0,0.6402,0.830746,0.0,Ni,Yes,Ni,clean,N,Y,Y,,N,,,,,,,,,,,,,,,,,,,,,,GOPTIQ_clean,1657.7
GOQSIQ_clean,8.1775,6.04263,8.04141,1.00533,1638.23,1629.55,0.0,0.0,0.6412,0.637802,0.0,Zn,No, ,clean,Y,Y,Y,,N,,,,,,,,,,,,,,,,,,,,,,GOQSIQ_clean,1104.3
GOQXAN_clean,6.22843,5.8492,6.22773,1.32869,1398.1,1052.24,0.0,0.0,0.556,0.418457,0.0,Cd,Yes,Cd,clean,Y,Y,Y,,N,,,,,,,,,,,,,,,,,,,,,,GOQXAN_clean,764.1
GORQAF_clean,6.72825,5.09275,6.72825,1.1538,2875.75,2492.42,0.0,0.0,0.7648,0.662854,0.0,Cd,No, ,clean,Y,Y,Y,,N,,,,,,,,,,,,,,,,,,,,,,GORQAF_clean,97.2
GOSBOH_clean,10.37122,8.95436,10.37122,0.787001,1611.54,2047.69,0.0,0.0,0.6654,0.845489,0.0,Cu,Yes,Cu,clean,N,Y,Y,,N,,,,,,,,,,,,,,,,,,,,,,GOSBOH_clean,385.5
GOSDID_clean,7.82021,4.59261,7.82021,1.06883,1472.28,1377.47,0.0,0.0,0.5676,0.531048,0.0,Zn,Yes,Zn,clean,Y,Y,Y,,N,,,,,,,,,,,,,,,,,,,,,,GOSDID_clean,2385.9
GOSKEG_clean,7.10002,5.21425,6.59335,0.943193,1754.71,1860.4,1.38955,1.47324,0.6182,0.655433,0.0,Zn,Yes,Zn,clean,Y,Y,Y,,N,,,,,,,,,,,,,,,,,,,,,,GOSKEG_clean,788.0
GOTDIE_clean,4.73101,4.56435,4.72097,1.48128,186.327,125.788,8.43694,5.69572,0.3958,0.267202,0.0,"Cd,Co",No, ,clean,Y,Y,Y,,N,,,,,,,,,,,,,,,,,,,,,,GOTDIE_clean,2400.3
GOTNEK_clean,6.68492,5.17244,6.67225,1.16398,1342.18,1153.1,0.0,0.0,0.5428,0.466332,0.0,Dy,Yes,Dy,clean,Y,Y,Y,,N,,,,,,,,,,,,,,,,,,,,,,GOTNEK_clean,813.7
GOVHOQ_clean,5.0786,4.57892,5.0786,2.10255,403.599,191.957,0.0,0.0,0.3698,0.175882,0.0,Zn,No, ,clean,Y,Y,Y,,N,,,,,,,,,,,,,,,,,,,,,,GOVHOQ_clean,1426.8
GOVWOF_clean,15.42527,11.20267,15.42527,0.794433,1878.77,2364.92,0.0,0.0,0.6966,0.876851,0.0,Mn,Yes,Mn,clean,Y,Y,Y,,N,,,,,,,,,,,,,,,,,,,,,,GOVWOF_clean,793.5
GOVXIA_clean,6.67259,5.28318,6.67068,1.1406,1107.96,971.384,0.0,0.0,0.4988,0.437316,0.0,Co,Yes,Co,clean,Y,Y,Y,,N,,,,,,,,,,,,,,,,,,,,,,GOVXIA_clean,2780.5
GOZNAM_clean,6.30239,4.60575,6.30081,0.99242,2117.8,2133.98,0.0,0.0,0.6346,0.639447,0.0,"W,Mn",Yes,Mn,clean,Y,Y,Y,,N,,,,,,,,,,,,,,,,,,,,,,GOZNAM_clean,831.1
GOZNEQ_clean,6.09971,4.27883,6.09943,0.947205,2272.9,2399.59,0.0,0.0,0.644,0.679895,0.0,"W,Mn",Yes,Mn,clean,Y,Y,Y,,N,,,,,,,,,,,,,,,,,,,,,,GOZNEQ_clean,403.6
GUANZS_clean,5.10287,4.04623,5.10287,1.31647,2066.97,1570.09,0.0,0.0,0.6518,0.495113,0.0,Zn,No, ,clean,Y,Y,Y,,N,,,,,,,,,,,,,,,,,,,,,,GUANZS_clean,232.5
GUBBAG_clean,6.17269,4.47662,6.08707,1.25773,1864.63,1482.53,0.0,0.0,0.6658,0.529365,0.0,Cd,Yes,Cd,clean,Y,Y,Y,,N,,,,,,,,,,,,,,,,,,,,,,GUBBAG_clean,335.6
GUBKUL_clean,8.78437,8.58193,8.78437,1.65394,1300.1,786.066,0.0,0.0,0.597,0.360957,0.0,Ba,Yes,Ba,clean,Y,Y,Y,,N,,,,,,,,,,,,,,,,,,,,,,GUBKUL_clean,1648.5
GUBVUU_clean,6.86464,4.18996,6.61474,0.930991,1654.01,1776.62,0.0,0.0,0.6014,0.645979,0.0,Co,Yes,Co,clean,Y,Y,Y,,N,,,,,,,,,,,,,,,,,,,,,,GUBVUU_clean,680.5
GUBZAF_clean,8.48171,3.92126,8.48171,0.891092,1361.54,1527.95,0.0,0.0,0.6076,0.68186,0.0,Cu,Yes,Cu,clean,Y,Y,Y,,N,,,,,,,,,,,,,,,,,,,,,,GUBZAF_clean,833.6
GUCHUJ_clean,4.84299,3.46778,4.84299,1.43835,1253.58,871.544,0.0,0.0,0.5374,0.373624,0.0,Cu,Yes,Cu,clean,Y,Y,Y,,N,,,,,,,,,,,,,,,,,,,,,,GUCHUJ_clean,728.5
GUCJAQ_clean,5.76197,4.68972,5.75144,1.29019,1221.31,946.616,0.0,0.0,0.4888,0.37886,0.0,Zn,No, ,clean,Y,Y,Y,,N,,,,,,,,,,,,,,,,,,,,,,GUCJAQ_clean,1571.8
GUDJOG_clean,7.68451,4.9879,7.6811,1.00363,1922.96,1916.01,0.0,0.0,0.6122,0.609987,0.0,Sm,Yes,Sm,clean,Y,Y,Y,,N,,,,,,,,,,,,,,,,,,,,,,GUDJOG_clean,1000.3
GUFBOA_clean,5.81423,4.04124,5.79708,1.35939,665.654,489.672,0.0,0.0,0.4506,0.331473,0.0,Cd,Yes,Cd,clean,Y,Y,Y,,N,,,,,,,,,,,,,,,,,,,,,,GUFBOA_clean,1343.9
GUFBUG_clean,6.13698,5.34529,5.96708,1.2615,1111.92,881.432,0.0,0.0,0.517,0.40983,0.0,Ba,No, ,clean,Y,Y,Y,,N,,,,,,,,,,,,,,,,,,,,,,GUFBUG_clean,1718.0
GUFREF_clean,4.21553,3.44252,4.2138,1.21319,638.089,525.958,0.0,0.0,0.4724,0.389386,0.0,Cd,No, ,clean,Y,Y,Y,,N,,,,,,,,,,,,,,,,,,,,,,GUFREF_clean,1787.7
GUFXEM_clean,6.06791,4.72083,6.0579,1.2094,1573.94,1301.42,0.0,0.0,0.5582,0.461552,0.0,Zn,Yes,Zn,clean,Y,Y,Y,,N,,,,,,,,,,,,,,,,,,,,,,GUFXEM_clean,1057.8
GUGNON_clean,5.28957,4.33779,5.28957,0.956875,1608.61,1681.11,0.0,0.0,0.5938,0.620562,0.0,Zn,Yes,Zn,clean,Y,Y,Y,,N,,,,,,,,,,,,,,,,,,,,,,GUGNON_clean,1864.3
GUHMIH_clean,13.3149,6.32995,13.3149,0.498432,2835.47,5688.77,0.0,0.0,0.778,1.5609,0.0,Cu,Yes,Cu,clean,Y,Y,Y,,N,,,,,,,,,,,,,,,,,,,,,,GUHMIH_clean,315.2
GUHNUU_clean,8.22186,5.12827,8.22186,0.946932,1929.01,2037.11,0.0,0.0,0.6218,0.656647,0.0,La,Yes,La,clean,Y,Y,Y,,N,,,,,,,,,,,,,,,,,,,,,,GUHNUU_clean,943.7
GUHPAC_clean,8.2386,5.1093,8.2386,0.972915,1925.54,1979.14,0.0,0.0,0.6264,0.643838,0.0,Sm,Yes,Sm,clean,Y,Y,Y,,N,,,,,,,,,,,,,,,,,,,,,,GUHPAC_clean,944.1
GUHPEG_clean,5.72092,4.53231,5.72092,1.21796,1067.45,876.424,0.0,0.0,0.5332,0.437781,0.0,Sm,Yes,Sm,clean,N,Y,Y,,N,,,,,,,,,,,,,,,,,,,,,,GUHPEG_clean,2224.5
GUJREK01_clean,6.68707,6.10275,6.68707,1.23624,984.626,796.47,83.5539,67.5873,0.5306,0.429206,0.0,Cu,Yes,Cu,clean,Y,Y,Y,,N,,,,,,,,,,,,,,,,,,,,,,GUJREK01_clean,698.0
GUJREK_clean,6.69718,6.09535,6.69718,1.23624,986.103,797.665,80.349,64.9948,0.5296,0.428397,0.0,Cu,Yes,Cu,clean,Y,Y,Y,,N,,,,,,,,,,,,,,,,,,,,,,GUJREK_clean,661.7
GUKFEY_clean,5.44718,4.31032,5.44265,0.953017,1818.67,1908.33,0.0,0.0,0.6068,0.636715,0.0,Cd,Yes,Cd,clean,Y,Y,Y,,N,,,,,,,,,,,,,,,,,,,,,,GUKFEY_clean,802.1
GUKYUI_clean,4.85912,4.51007,4.85912,1.20599,627.214,520.082,14.592,12.0996,0.4608,0.382092,0.0,Ca,No, ,clean,Y,Y,Y,,N,,,,,,,,,,,,,,,,,,,,,,GUKYUI_clean,310.9
GUKZAO_clean,6.06489,4.97271,6.06019,1.23962,1992.38,1607.25,0.0,0.0,0.6032,0.486602,0.0,Eu,Yes,Eu,clean,N,Y,Y,,N,,,,,,,,,,,,,,,,,,,,,,GUKZAO_clean,808.7
GULBAR_clean,4.47722,3.75995,4.47722,1.44705,840.737,581.002,0.0,0.0,0.4724,0.326458,0.0,Zn,Yes,Zn,clean,Y,Y,Y,,N,,,,,,,,,,,,,,,,,,,,,,GULBAR_clean,1434.5
GULCAS_clean,4.32787,3.5712,4.32787,1.83607,854.103,465.181,0.0,0.0,0.4892,0.266439,0.0,Fe,Yes,Fe,clean,Y,Y,Y,,N,,,,,,,,,,,,,,,,,,,,,,GULCAS_clean,2395.5
GULPIN_clean,4.25802,3.49743,4.22359,1.39734,591.978,423.648,0.0,0.0,0.4574,0.327337,0.0,Zn,Yes,Zn,clean,Y,Y,Y,,N,,,,,,,,,,,,,,,,,,,,,,GULPIN_clean,1960.6
GULVUF_clean,16.10036,15.32514,16.09835,0.674334,1617.68,2398.93,0.0,0.0,0.7312,1.08433,0.0,Yb,No, ,clean,Y,Y,Y,,N,,,,,,,,,,,,,,,,,,,,,,GULVUF_clean,1393.9
GULWAM_clean,8.69308,7.48414,8.68762,0.756867,2252.53,2976.13,0.0,0.0,0.7044,0.930679,0.0,Yb,No, ,clean,Y,Y,Y,,N,,,,,,,,,,,,,,,,,,,,,,GULWAM_clean,1195.1
GULWEQ_clean,15.98104,7.52003,15.97479,0.734572,1758.78,2394.29,252.635,343.921,0.7614,1.03652,0.0,Cd,Yes,Cd,clean,Y,Y,Y,,N,,,,,,,,,,,,,,,,,,,,,,GULWEQ_clean,5516.7
GULWIU_clean,11.05938,6.30446,11.02908,0.918977,2242.53,2440.24,0.0,0.0,0.738,0.803067,0.0,Cd,Yes,Cd,clean,Y,Y,Y,,N,,,,,,,,,,,,,,,,,,,,,,GULWIU_clean,1204.1
GULWOA_clean,7.6136,7.16835,7.6136,1.27683,1846.33,1446.03,0.0,0.0,0.6334,0.496073,0.0,Cd,Yes,Cd,clean,Y,Y,Y,,N,,,,,,,,,,,,,,,,,,,,,,GULWOA_clean,545.2
