Model,R2,MAE,RMSE,MAPE_percent,n_train,n_test,fit_time_sec,predict_time_sec
rf,0.9992202657696672,0.0010741755588740737,2.3759720160436086e-06,1.4520516236374565,8145,2036,49.689188957214355,0.3695809841156006
