Model,R2,MAE,RMSE,MAPE_percent,n_train,n_test,fit_time_sec,predict_time_sec
gbm,0.9628429213688539,0.1298794391008949,0.038293786244568626,5.386076751596657,6208,1552,15.372296810150146,0.012530803680419922
