Model,R2,MAE,RMSE,MAPE_percent,n_train,n_test,fit_time_sec,predict_time_sec
cat,0.9900317032908917,0.013015872999987127,0.0003003806975778617,6.7238396449493,8145,2036,3.839186906814575,0.002844095230102539
