Model,R2,MAE,RMSE,MAPE_percent,n_train,n_test,fit_time_sec,predict_time_sec
rf,0.9856321809736319,0.011085298514441911,0.0006182989881733605,2.7028439967351683,9053,2263,56.442872047424316,0.45227837562561035
