Model,R2,MAE,RMSE,MAPE_percent,n_train,n_test,fit_time_sec,predict_time_sec
gbm,0.9974741639412485,0.002043173772251218,8.070799749214026e-06,2.8721558380666896,8151,2038,20.408223390579224,0.012301445007324219
