Model,R2,MAE,RMSE,MAPE_percent,n_train,n_test,fit_time_sec,predict_time_sec
gbm,0.997818799414559,0.0019854490292122756,7.265049779587466e-06,2.870187635228112,8145,2036,20.514606475830078,0.013800859451293945
