Model,R2,MAE,RMSE,MAPE_percent,n_train,n_test,fit_time_sec,predict_time_sec
cat,0.9523026206950951,0.08121765135150336,0.0304052584583412,84589632.37319028,9053,2263,4.177000284194946,0.009655237197875977
