Model,R2,MAE,RMSE,MAPE_percent,n_train,n_test,fit_time_sec,predict_time_sec
rf,0.9974081530551623,0.0030273939684166214,2.373346012821372e-05,3.798778769665586,8145,2036,52.378947496414185,0.4107499122619629
