Model,R2,MAE,RMSE,MAPE_percent,n_train,n_test,fit_time_sec,predict_time_sec
gbm,0.9822625014054077,0.0010624690405737563,4.333529035063903e-06,8.151266378821,1018,9163,2.391684055328369,0.05640530586242676
