Model,R2,MAE,RMSE,MAPE_percent,n_train,n_test,fit_time_sec,predict_time_sec
rf,0.30933378147023793,0.10031668858904637,0.04760951971514528,56.51776247630128,6208,1552,42.85297441482544,0.30807924270629883
