Model,R2,MAE,RMSE,MAPE_percent,n_train,n_test,fit_time_sec,predict_time_sec
cat,0.9794457787101064,0.021722435239736253,0.0012931343474916126,4.017595726041275,3491,4267,3.343134641647339,0.0048296451568603516
