Model,R2,MAE,RMSE,MAPE_percent,n_train,n_test,fit_time_sec,predict_time_sec
gbm,0.9732030060508905,0.0013855316435957418,1.0521938185887117e-05,11.66901735136314,8145,2036,18.317401885986328,0.015404939651489258
