Model,R2,MAE,RMSE,MAPE_percent,n_train,n_test,fit_time_sec,predict_time_sec
rf,0.9910551915068551,0.000997792141583473,2.010907258146509e-06,7.623156651606373,1527,8654,7.865833520889282,0.6487548351287842
