Model,R2,MAE,RMSE,MAPE_percent,n_train,n_test,fit_time_sec,predict_time_sec
gbm,0.9274239960510867,0.0010379520169187708,2.7130341708723972e-05,7.489615819676305,4072,6109,9.943623781204224,0.040354013442993164
