Model,R2,MAE,RMSE,MAPE_percent,n_train,n_test,fit_time_sec,predict_time_sec
rf,0.9406406766461898,0.12253604559581012,0.054277260428686004,6.219209969952133,6206,1552,35.98322105407715,0.2840299606323242
