Model,R2,MAE,RMSE,MAPE_percent,n_train,n_test,fit_time_sec,predict_time_sec
rf,-0.03686869626816636,0.002216926326553754,0.0008196992104510448,6.8667030050150135,8151,2038,54.61211180686951,0.4289076328277588
