Model,R2,MAE,RMSE,MAPE_percent,n_train,n_test,fit_time_sec,predict_time_sec
gbm,0.9975747962175482,0.005973056720249662,6.78497201872849e-05,2.832092241100562,8145,2036,20.343098878860474,0.01374506950378418
