Model,R2,MAE,RMSE,MAPE_percent,n_train,n_test,fit_time_sec,predict_time_sec
rf,0.9728741886763056,0.022681111384280327,0.002117983510850746,3.7100694073201046,2327,5431,12.088818073272705,0.46573519706726074
