Model,R2,MAE,RMSE,MAPE_percent,n_train,n_test,fit_time_sec,predict_time_sec
cat,0.978636860491895,0.0008530803608322546,1.2720893678932832e-06,7.014402502150265,7636,2545,3.454594612121582,0.003203153610229492
