Model,R2,MAE,RMSE,MAPE_percent,n_train,n_test,fit_time_sec,predict_time_sec
gbm,0.258332767001373,0.15410000441649138,0.07616427011800092,2677487575.5088344,9053,2263,20.310213327407837,0.015432357788085938
