Model,R2,MAE,RMSE,MAPE_percent,n_train,n_test,fit_time_sec,predict_time_sec
gbm,0.99840023025655,0.00032221995311909873,2.0169967583946113e-07,2.279039250387997,8145,2036,21.520349979400635,0.013897895812988281
