Model,R2,MAE,RMSE,MAPE_percent,n_train,n_test,fit_time_sec,predict_time_sec
cat,0.9662252746323734,0.1758484348183275,0.07909575111218256,489503359.9796486,9053,2263,3.60701322555542,0.0029897689819335938
