Model,R2,MAE,RMSE,MAPE_percent,n_train,n_test,fit_time_sec,predict_time_sec
cat,0.9962832636987428,0.0004458024229932686,1.1282405924777924e-06,3.3053850283560315,8145,2036,3.9772660732269287,0.0026748180389404297
