Model,R2,MAE,RMSE,MAPE_percent,n_train,n_test,fit_time_sec,predict_time_sec
cat,0.6931921684307214,0.03735091512710761,0.03482293620108154,7.603116171956545,396,7529,3.4588048458099365,0.008715629577636719
