Model,R2,MAE,RMSE,MAPE_percent,n_train,n_test,fit_time_sec,predict_time_sec
cat,0.7356795873013471,0.055775672788245474,0.08294837128081867,5.630983460901237,6174,2646,4.9821860790252686,0.0038945674896240234
