Model,R2,MAE,RMSE,MAPE_percent,n_train,n_test,fit_time_sec,predict_time_sec
cat,0.4816716604578829,0.06190369923427604,0.37031014400708656,5.170137780310445,2646,6174,5.887624025344849,0.007822275161743164
