Model,R2,MAE,RMSE,MAPE_percent,n_train,n_test,fit_time_sec,predict_time_sec
gbm,0.958389749700532,0.19002739569449134,0.07682476082702186,7.7709226994638865,9053,2263,22.748645544052124,0.0176699161529541
