Model,R2,MAE,RMSE,MAPE_percent,n_train,n_test,fit_time_sec,predict_time_sec
cat,0.9858331190071036,0.012202297696729569,0.0003359889567788043,3.568392366614903,7921,3395,3.531864881515503,0.003820180892944336
