Model,R2,MAE,RMSE,MAPE_percent,n_train,n_test,fit_time_sec,predict_time_sec
rf,0.984296417164033,0.0008398258856545676,1.3086677041175224e-06,7.077769857998127,5600,4581,33.42257905006409,0.5423381328582764
