Model,R2,MAE,RMSE,MAPE_percent,n_train,n_test,fit_time_sec,predict_time_sec
cat,0.06685423104397503,0.1645357647127445,0.10319673257790096,63.95838175154037,792,7133,3.3965930938720703,0.0074615478515625
