Model,R2,MAE,RMSE,MAPE_percent,n_train,n_test,fit_time_sec,predict_time_sec
cat,0.9876252166400585,0.000945845416650479,1.6079115280146414e-06,7.061211781696581,8145,2036,3.760660171508789,0.0026721954345703125
