Model,R2,MAE,RMSE,MAPE_percent,n_train,n_test,fit_time_sec,predict_time_sec
gbm,0.9518136813636903,0.15184010298614664,0.06668024393118738,6.407654535177764,6208,1552,30.839329957962036,0.012882232666015625
