Model,R2,MAE,RMSE,MAPE_percent,n_train,n_test,fit_time_sec,predict_time_sec
cat,0.9899960390690908,0.007636408222775077,0.0008171360607180225,3.36852811799559,8145,2036,3.564873695373535,0.002690553665161133
