Model,R2,MAE,RMSE,MAPE_percent,n_train,n_test,fit_time_sec,predict_time_sec
cat,0.9640573129122519,0.06101255006609506,0.00882339108940707,4.693539307640844,5261,1754,4.7777910232543945,0.0030889511108398438
