Model,R2,MAE,RMSE,MAPE_percent,n_train,n_test,fit_time_sec,predict_time_sec
cat,0.7469656528276957,0.5994242277779759,0.7871453189539346,18.976994626593587,6206,1552,3.349860668182373,0.00200653076171875
