Model,R2,MAE,RMSE,MAPE_percent,n_train,n_test,fit_time_sec,predict_time_sec
cat,0.7587996168251109,0.5199830043868695,0.5580711908835045,3010278566.6628895,6790,4526,4.455878019332886,0.0064144134521484375
