Model,R2,MAE,RMSE,MAPE_percent,n_train,n_test,fit_time_sec,predict_time_sec
gbm,0.9992579990718369,0.0010677082260957844,2.4932755354684687e-06,1.444845571626158,8151,2038,20.943047046661377,0.012078523635864258
