Model,R2,MAE,RMSE,MAPE_percent,n_train,n_test,fit_time_sec,predict_time_sec
gbm,0.9772193002205118,0.02246544141592489,0.00351705030114822,3.168875664691128,6206,1552,20.694499731063843,0.012353181838989258
