Model,R2,MAE,RMSE,MAPE_percent,n_train,n_test,fit_time_sec,predict_time_sec
gbm,0.9401298784869971,0.01991705288274463,0.006817923935186227,93223725.33168676,4526,6790,11.257990598678589,0.04480290412902832
