Model,R2,MAE,RMSE,MAPE_percent,n_train,n_test,fit_time_sec,predict_time_sec
cat,0.9596235472536511,0.08190412238317601,0.025136238806369112,552000066.8060969,7921,3395,4.878786325454712,0.004497051239013672
