Model,R2,MAE,RMSE,MAPE_percent,n_train,n_test,fit_time_sec,predict_time_sec
gbm,0.2350251033319255,0.0021339542338119936,0.0006363422541750573,7.750099142805403,8151,2038,19.76677179336548,0.014400720596313477
