Model,R2,MAE,RMSE,MAPE_percent,n_train,n_test,fit_time_sec,predict_time_sec
gbm,0.969015510922291,0.024989383298699187,0.0032070643199440018,4.073759919243367,1552,6206,3.9376938343048096,0.03982400894165039
