Model,R2,MAE,RMSE,MAPE_percent,n_train,n_test,fit_time_sec,predict_time_sec
rf,0.9757064645790227,0.0180505444018942,0.0015845228104479343,2.8811127578486255,6206,1552,36.88218927383423,0.28844189643859863
