Model,R2,MAE,RMSE,MAPE_percent,n_train,n_test,fit_time_sec,predict_time_sec
cat,0.9954576248235474,0.0005910526838851412,7.456456913218874e-07,3.921393605879557,8145,2036,3.7793006896972656,0.002607583999633789
