Model,R2,MAE,RMSE,MAPE_percent,n_train,n_test,fit_time_sec,predict_time_sec
cat,0.989050476876379,0.0008982571269603526,2.8983722393338223e-06,7.821951420652579,6618,3563,3.4535067081451416,0.003947019577026367
