Model,R2,MAE,RMSE,MAPE_percent,n_train,n_test,fit_time_sec,predict_time_sec
gbm,0.9411697729115792,0.002587120342423316,0.0004182707704507075,3.370713896088918,8145,2036,21.773895502090454,0.015170097351074219
