Model,R2,MAE,RMSE,MAPE_percent,n_train,n_test,fit_time_sec,predict_time_sec
rf,0.9637081458385105,0.06994377918383667,0.015019195879278281,5.345704262449654,9053,2263,54.46664810180664,0.4290151596069336
