Model,R2,MAE,RMSE,MAPE_percent,n_train,n_test,fit_time_sec,predict_time_sec
cat,0.9953223797412128,0.008271727055417065,0.0001231417056615987,4.200270687455643,8145,2036,3.6780378818511963,0.0027022361755371094
