Model,R2,MAE,RMSE,MAPE_percent,n_train,n_test,fit_time_sec,predict_time_sec
cat,0.9876054570765375,0.0009678464396519948,1.7280812201136033e-06,7.360617443070169,3563,6618,4.851015329360962,0.006548166275024414
