Model,R2,MAE,RMSE,MAPE_percent,n_train,n_test,fit_time_sec,predict_time_sec
gbm,0.9388406998154544,0.14155492851443052,0.07190640802977129,6.66783538389937,6213,1553,15.48595643043518,0.012691974639892578
