Model,R2,MAE,RMSE,MAPE_percent,n_train,n_test,fit_time_sec,predict_time_sec
cat,0.45231779040680054,0.301892153752375,0.19236745283662962,34.114710115983385,6214,1554,3.173949718475342,0.0022907257080078125
