Model,R2,MAE,RMSE,MAPE_percent,n_train,n_test,fit_time_sec,predict_time_sec
gbm,0.9705136010617045,0.04386177162384542,0.010781048330350027,4.491871152883892,7062,1765,17.73857307434082,0.013206958770751953
