Model,R2,MAE,RMSE,MAPE_percent,n_train,n_test,fit_time_sec,predict_time_sec
cat,0.9960552060998479,0.008136787842860427,0.00024135420679175762,4.326513174201098,8145,2036,3.9393246173858643,0.005220890045166016
