Model,R2,MAE,RMSE,MAPE_percent,n_train,n_test,fit_time_sec,predict_time_sec
gbm,0.9610645221283395,0.13321025539163767,0.039071534074137465,5.501160571911295,6208,1552,15.547293663024902,0.012301445007324219
