Model,R2,MAE,RMSE,MAPE_percent,n_train,n_test,fit_time_sec,predict_time_sec
cat,0.9150228530475174,0.10158742917790792,0.0504975712534815,7.485870897892932,792,7133,3.738201379776001,0.008382797241210938
