Model,R2,MAE,RMSE,MAPE_percent,n_train,n_test,fit_time_sec,predict_time_sec
cat,0.8910254632043755,0.022698141780193647,0.012155626613179192,5.257357367627196,1585,6340,4.933943748474121,0.006353855133056641
