Model,R2,MAE,RMSE,MAPE_percent,n_train,n_test,fit_time_sec,predict_time_sec
cat,0.9781770617783445,0.022968486216824166,0.0016033489797798014,4.273763999731358,2715,5043,3.3475966453552246,0.0059757232666015625
