Model,R2,MAE,RMSE,MAPE_percent,n_train,n_test,fit_time_sec,predict_time_sec
gbm,0.9888232581862023,0.0052279019836110096,5.072038174284904e-05,7.040951146725496,8145,2036,19.834206581115723,0.014455795288085938
