Model,R2,MAE,RMSE,MAPE_percent,n_train,n_test,fit_time_sec,predict_time_sec
cat,0.9895124157379247,0.0009972689471963029,1.8249998476586775e-06,7.753575805971978,2545,7636,4.447494983673096,0.007579803466796875
