Model,R2,MAE,RMSE,MAPE_percent,n_train,n_test,fit_time_sec,predict_time_sec
gbm,0.5203059438575494,0.008760347817342555,0.027441329215640232,4.813706469717052,8151,2038,20.47830033302307,0.013675451278686523
