Model,R2,MAE,RMSE,MAPE_percent,n_train,n_test,fit_time_sec,predict_time_sec
cat,0.9871370124540597,0.013765796712445134,0.0005444599005075142,4.319762030593685,9059,2265,3.8154211044311523,0.002872467041015625
