Model,R2,MAE,RMSE,MAPE_percent,n_train,n_test,fit_time_sec,predict_time_sec
cat,0.9837107015567523,0.014221981992198195,0.0005555841704161712,185155208.2638898,4526,6790,4.620625019073486,0.007059574127197266
