Model,R2,MAE,RMSE,MAPE_percent,n_train,n_test,fit_time_sec,predict_time_sec
cat,0.9748499773712643,0.06765668294945984,0.01623546813113622,986174145.8328079,9059,2265,3.7159392833709717,0.003178834915161133
