Model,R2,MAE,RMSE,MAPE_percent,n_train,n_test,fit_time_sec,predict_time_sec
rf,0.9586644372896667,0.1757638970965233,0.08231383778667524,5.87407506881914,6340,1585,39.3571412563324,0.2905089855194092
