Model,R2,MAE,RMSE,MAPE_percent,n_train,n_test,fit_time_sec,predict_time_sec
rf,0.931576190851998,0.0409598381792186,0.015394377042141184,4.039356450722488,7062,1765,45.68076848983765,0.34998369216918945
