Model,R2,MAE,RMSE,MAPE_percent,n_train,n_test,fit_time_sec,predict_time_sec
cat,0.9601737588137329,0.07904015783505286,0.015241150373926125,4324870.370352265,4526,6790,4.468140125274658,0.006975889205932617
