Model,R2,MAE,RMSE,MAPE_percent,n_train,n_test,fit_time_sec,predict_time_sec
cat,0.9450918762586132,0.19291003445057692,0.09306138114846975,6.2809870630225015,2378,5547,4.416756868362427,0.006287336349487305
