Model,R2,MAE,RMSE,MAPE_percent,n_train,n_test,fit_time_sec,predict_time_sec
cat,0.9900940260138301,0.0011141468858837506,3.723636398836304e-06,7.529328303130988,6109,4072,3.436537027359009,0.004937410354614258
