Model,R2,MAE,RMSE,MAPE_percent,n_train,n_test,fit_time_sec,predict_time_sec
gbm,0.999232068240119,0.000227710272552925,1.0185983258471534e-07,1.6419322078965988,8145,2036,20.503220558166504,0.014007091522216797
