Model,R2,MAE,RMSE,MAPE_percent,n_train,n_test,fit_time_sec,predict_time_sec
cat,0.9248157356921834,0.14437229766640652,0.08158981544744073,7.091727430285282,6206,1552,3.6590890884399414,0.0024094581604003906
