Model,R2,MAE,RMSE,MAPE_percent,n_train,n_test,fit_time_sec,predict_time_sec
gbm,0.897761484181226,0.10601907731007715,0.0348719237076528,9.111363997157483,6214,1554,15.51729154586792,0.012112617492675781
