Model,R2,MAE,RMSE,MAPE_percent,n_train,n_test,fit_time_sec,predict_time_sec
cat,-0.027036068082038955,0.01897004504366457,0.07762045435315845,5.965314271547983,8151,2038,3.788386583328247,0.002658843994140625
