Model,R2,MAE,RMSE,MAPE_percent,n_train,n_test,fit_time_sec,predict_time_sec
rf,0.999071555913219,0.0012468732617554297,6.0126733111817135e-06,1.8213063691334415,8145,2036,70.1410858631134,0.7895810604095459
