Model,R2,MAE,RMSE,MAPE_percent,n_train,n_test,fit_time_sec,predict_time_sec
cat,0.9747584627493716,0.054889702908338736,0.006547375810465176,4.265013380109201,5329,1776,5.388885021209717,0.003422260284423828
