Model,R2,MAE,RMSE,MAPE_percent,n_train,n_test,fit_time_sec,predict_time_sec
gbm,0.9829621130272331,0.019023724499997313,0.0012664329591527905,3.32358613499124,6213,1553,15.778644561767578,0.011789083480834961
