Model,R2,MAE,RMSE,MAPE_percent,n_train,n_test,fit_time_sec,predict_time_sec
cat,0.9933023995026731,0.0026866681955042475,6.132971496430851e-05,3.2136019020493842,8145,2036,3.6698482036590576,0.0026099681854248047
