Model,R2,MAE,RMSE,MAPE_percent,n_train,n_test,fit_time_sec,predict_time_sec
rf,0.9852262921684062,0.0010634556535214753,2.1472450773569675e-06,6.848670275225016,4581,5600,26.788143396377563,0.5942625999450684
