Model,R2,MAE,RMSE,MAPE_percent,n_train,n_test,fit_time_sec,predict_time_sec
gbm,0.9662461112473414,0.04410526392464169,0.005893349357883133,4.249329576469166,6208,1552,15.380068302154541,0.011704444885253906
