Model,R2,MAE,RMSE,MAPE_percent,n_train,n_test,fit_time_sec,predict_time_sec
gbm,0.9686706349685127,0.017073987125969917,0.0019375813254512155,42987035.50688285,1697,9619,4.001514434814453,0.05791187286376953
