Model,R2,MAE,RMSE,MAPE_percent,n_train,n_test,fit_time_sec,predict_time_sec
cat,0.9606784920597568,0.08177192515357175,0.024723409691674008,523992653.6170085,7355,3961,4.957333564758301,0.0055389404296875
