Model,R2,MAE,RMSE,MAPE_percent,n_train,n_test,fit_time_sec,predict_time_sec
gbm,0.9887072059286194,0.004036478975219967,2.9993069518841434e-05,7.005884329476711,8145,2036,19.71181869506836,0.014924287796020508
