Model,R2,MAE,RMSE,MAPE_percent,n_train,n_test,fit_time_sec,predict_time_sec
gbm,0.9619929195977165,0.03016952924680739,0.008995974730171621,3.8735692004757025,6206,1552,15.470760822296143,0.012251615524291992
