Model,R2,MAE,RMSE,MAPE_percent,n_train,n_test,fit_time_sec,predict_time_sec
cat,0.9440588088671746,0.1877855649926198,0.09734425742633529,6.371687892718024,3566,4359,4.632095575332642,0.005163431167602539
