Model,R2,MAE,RMSE,MAPE_percent,n_train,n_test,fit_time_sec,predict_time_sec
cat,0.9738539778155869,0.05646729930308972,0.007290995287009163,4.454912359792867,4263,2842,4.699069976806641,0.003523111343383789
