Model,R2,MAE,RMSE,MAPE_percent,n_train,n_test,fit_time_sec,predict_time_sec
cat,0.9539078285855394,0.1755621336170622,0.06326603384336682,5.571322474701543,6340,1585,4.901662349700928,0.002825498580932617
