Model,R2,MAE,RMSE,MAPE_percent,n_train,n_test,fit_time_sec,predict_time_sec
rf,0.47727854416138127,0.0016344099450351878,0.00029702235503302,8.4622805104008,8151,2038,55.936556816101074,0.38981175422668457
