Model,R2,MAE,RMSE,MAPE_percent,n_train,n_test,fit_time_sec,predict_time_sec
cat,0.9808952958895839,0.019735101885240684,0.0012923967602491973,3.5777941294364117,6206,1552,3.546746015548706,0.002407073974609375
