Model,R2,MAE,RMSE,MAPE_percent,n_train,n_test,fit_time_sec,predict_time_sec
cat,0.24119270614826183,0.14598926995627676,0.10260705026260605,52.0911058813887,5151,2774,4.4012815952301025,0.004611015319824219
