Model,R2,MAE,RMSE,MAPE_percent,n_train,n_test,fit_time_sec,predict_time_sec
cat,0.7491643818082736,0.5193503321531474,0.5692146677492281,9743809720.96455,5658,5658,4.374090671539307,0.008207559585571289
