Model,R2,MAE,RMSE,MAPE_percent,n_train,n_test,fit_time_sec,predict_time_sec
gbm,0.9502637311088934,0.0003909669975777703,1.6812812610211546e-05,1.977114420767144,8145,2036,20.428058862686157,0.014444589614868164
