Model,R2,MAE,RMSE,MAPE_percent,n_train,n_test,fit_time_sec,predict_time_sec
cat,0.36358913235972445,0.39657738381726454,0.38064833695954065,38.05153689248487,1981,5944,4.028833389282227,0.006684780120849609
