Model,R2,MAE,RMSE,MAPE_percent,n_train,n_test,fit_time_sec,predict_time_sec
rf,0.9176431713253775,0.05809744281749846,0.027534571799886904,4.5053949731323515,6208,1552,36.23153328895569,0.28873276710510254
