Model,R2,MAE,RMSE,MAPE_percent,n_train,n_test,fit_time_sec,predict_time_sec
cat,0.991160591293748,0.007813148097162,0.0001468605944185048,3.0833018458205292,6208,1552,3.490372896194458,0.0022492408752441406
