Model,R2,MAE,RMSE,MAPE_percent,n_train,n_test,fit_time_sec,predict_time_sec
gbm,0.8145072678267936,0.1049051687588078,0.08261153057467495,9.061404709796438,6214,1554,15.47064733505249,0.011545419692993164
