Model,R2,MAE,RMSE,MAPE_percent,n_train,n_test,fit_time_sec,predict_time_sec
rf,0.983098860435171,0.017132272204300893,0.001241118044757603,2.6866872948343743,6206,1552,36.93755578994751,0.266542911529541
