Model,R2,MAE,RMSE,MAPE_percent,n_train,n_test,fit_time_sec,predict_time_sec
rf,0.9579473801587394,0.00492070157076815,0.0009670012460695784,2.1112315511513167,8151,2038,55.26996994018555,0.39410877227783203
