Model,R2,MAE,RMSE,MAPE_percent,n_train,n_test,fit_time_sec,predict_time_sec
gbm,0.9787526557133149,0.007678544592892706,0.0012438735184583764,1.9533344867422284,6208,1552,16.323925971984863,0.012510061264038086
