Model,R2,MAE,RMSE,MAPE_percent,n_train,n_test,fit_time_sec,predict_time_sec
gbm,0.9359129856807231,0.052864914630181586,0.021426377455428407,4.519627180956299,6208,1552,15.517441749572754,0.01226043701171875
