Model,R2,MAE,RMSE,MAPE_percent,n_train,n_test,fit_time_sec,predict_time_sec
rf,0.46829651598706146,0.28960290452014786,0.18675509828939427,33.25431923437813,6214,1554,41.52411603927612,0.3291962146759033
