Model,R2,MAE,RMSE,MAPE_percent,n_train,n_test,fit_time_sec,predict_time_sec
gbm,0.987883363786786,0.012079213535875486,0.0004895750963271667,3.301486448055,9053,2263,23.045084476470947,0.016353607177734375
