Model,R2,MAE,RMSE,MAPE_percent,n_train,n_test,fit_time_sec,predict_time_sec
cat,0.9818928963567647,0.004484690622484601,3.486394713575241e-05,6.665312384648479,7127,3054,4.899246454238892,0.003757476806640625
