Model,R2,MAE,RMSE,MAPE_percent,n_train,n_test,fit_time_sec,predict_time_sec
cat,0.08828031111001322,0.2867846941226561,1.2703234143510882,38.05962734284761,6615,2205,4.4032557010650635,0.003907442092895508
