Model,R2,MAE,RMSE,MAPE_percent,n_train,n_test,fit_time_sec,predict_time_sec
rf,0.9795867581733806,0.02177593194388408,0.0018341365808356711,11.296601652845863,8145,2036,51.45846939086914,0.41286754608154297
