Model,R2,MAE,RMSE,MAPE_percent,n_train,n_test,fit_time_sec,predict_time_sec
gbm,0.9543100123237922,0.0006488293099746852,1.5445010614785295e-05,4.095938244737979,8145,2036,20.293172597885132,0.014441251754760742
