Model,R2,MAE,RMSE,MAPE_percent,n_train,n_test,fit_time_sec,predict_time_sec
cat,0.921572719985755,0.29476947014366073,0.2498308219542734,8.43646364829163,6213,1553,3.5976428985595703,0.002349376678466797
