Model,R2,MAE,RMSE,MAPE_percent,n_train,n_test,fit_time_sec,predict_time_sec
rf,0.9243443545109392,0.0009454904942322185,2.4150529900461327e-05,7.685628963940395,4072,6109,23.62479877471924,0.6324174404144287
