Model,R2,MAE,RMSE,MAPE_percent,n_train,n_test,fit_time_sec,predict_time_sec
gbm,0.9414981005510241,0.00123223893816037,2.5555199526611425e-05,7.842344985038944,2036,8145,4.807209253311157,0.05222368240356445
