Model,R2,MAE,RMSE,MAPE_percent,n_train,n_test,fit_time_sec,predict_time_sec
rf,0.9891688942364536,0.0006808538214208947,4.608332522188286e-06,4.1879486800458015,8145,2036,52.466185092926025,0.4088304042816162
