Model,R2,MAE,RMSE,MAPE_percent,n_train,n_test,fit_time_sec,predict_time_sec
cat,0.9896384495357249,0.014427817233625635,0.00038285961291969865,7.61322367652379,2545,7636,4.443269729614258,0.007457256317138672
