Model,R2,MAE,RMSE,MAPE_percent,n_train,n_test,fit_time_sec,predict_time_sec
gbm,0.9756668688901573,0.027891699593890887,0.004908377559839245,3.9904192038748407,6213,1553,15.500046968460083,0.012243270874023438
