Model,R2,MAE,RMSE,MAPE_percent,n_train,n_test,fit_time_sec,predict_time_sec
cat,0.07916123308735445,0.01491445536363829,0.05267740851445984,13.77505315320669,8151,2038,3.303158760070801,0.0024881362915039062
