Model,R2,MAE,RMSE,MAPE_percent,n_train,n_test,fit_time_sec,predict_time_sec
rf,0.9595953340716594,0.07798549741794707,0.02056428019306671,5.663426654259564,9053,2263,53.96024250984192,0.6068942546844482
