Model,R2,MAE,RMSE,MAPE_percent,n_train,n_test,fit_time_sec,predict_time_sec
cat,0.988903983939483,0.013454772566347414,0.00032294669669181595,6.909767823502119,8145,2036,3.683704137802124,0.0026667118072509766
