Model,R2,MAE,RMSE,MAPE_percent,n_train,n_test,fit_time_sec,predict_time_sec
cat,0.9570680495554102,0.08325161360537262,0.027403044117441214,1012659099.096683,8487,2829,4.871706485748291,0.0036437511444091797
