Model,R2,MAE,RMSE,MAPE_percent,n_train,n_test,fit_time_sec,predict_time_sec
gbm,0.971653300676002,0.16655856560729393,0.06233858953878004,491.2408258986065,9053,2263,22.98882532119751,0.018057823181152344
