Model,R2,MAE,RMSE,MAPE_percent,n_train,n_test,fit_time_sec,predict_time_sec
rf,0.9390092304566295,0.270606650420524,0.1683254026365791,7.022774645700973,6206,1552,37.28755855560303,0.30040621757507324
