Model,R2,MAE,RMSE,MAPE_percent,n_train,n_test,fit_time_sec,predict_time_sec
gbm,0.9600591040649914,0.085451434330644,0.02693294512243209,374709240.19923484,9053,2263,22.877246856689453,0.01793527603149414
