Model,R2,MAE,RMSE,MAPE_percent,n_train,n_test,fit_time_sec,predict_time_sec
gbm,0.9399286394712185,0.0005603053644632115,2.143772900054912e-05,3.0851476319897357,8145,2036,20.308232307434082,0.014188289642333984
