Model,R2,MAE,RMSE,MAPE_percent,n_train,n_test,fit_time_sec,predict_time_sec
gbm,0.9216521849830954,0.013110753711258787,0.004925795499794225,3.5061917732962025,3104,4656,7.546742677688599,0.0302889347076416
