Model,R2,MAE,RMSE,MAPE_percent,n_train,n_test,fit_time_sec,predict_time_sec
cat,0.9159137640959292,0.02103034135304561,0.00896717425324953,4.856195508620438,2774,5151,4.623925447463989,0.00655055046081543
