Model,R2,MAE,RMSE,MAPE_percent,n_train,n_test,fit_time_sec,predict_time_sec
gbm,0.9743115207308769,0.07165203625044898,0.015396672919523678,416078235.3337385,9053,2263,43.49525308609009,0.029839515686035156
