Model,R2,MAE,RMSE,MAPE_percent,n_train,n_test,fit_time_sec,predict_time_sec
gbm,0.9544532342199832,0.07917637857449354,0.029443736672993107,167178500.80649468,9053,2263,40.40661311149597,0.031008005142211914
