Model,R2,MAE,RMSE,MAPE_percent,n_train,n_test,fit_time_sec,predict_time_sec
cat,0.9869733170873436,0.012707653465073578,0.0003471381145141604,3.6657703727960995,3170,4755,4.570686340332031,0.0049440860748291016
