Model,R2,MAE,RMSE,MAPE_percent,n_train,n_test,fit_time_sec,predict_time_sec
gbm,0.9874579858715302,0.01260425962685864,0.0005107811670646163,3.4304300602361026,9053,2263,22.806273698806763,0.01599884033203125
