Model,R2,MAE,RMSE,MAPE_percent,n_train,n_test,fit_time_sec,predict_time_sec
rf,0.9329908977166985,0.11827100778481339,0.04373333340609035,5.919108869216993,6206,1552,35.714197874069214,0.28885793685913086
