Model,R2,MAE,RMSE,MAPE_percent,n_train,n_test,fit_time_sec,predict_time_sec
gbm,0.9526112090987097,0.019057562933940776,0.005972598868178502,108020733.39966941,9053,2263,23.166839122772217,0.016927480697631836
