Model,R2,MAE,RMSE,MAPE_percent,n_train,n_test,fit_time_sec,predict_time_sec
cat,0.9893924734539806,0.006559103105717962,0.000801029751794599,2.6388686104095544,8145,2036,3.511960506439209,0.0027573108673095703
