Model,R2,MAE,RMSE,MAPE_percent,n_train,n_test,fit_time_sec,predict_time_sec
cat,0.9809390017985535,0.01716251122126413,0.0008323277295975779,194611365.38944498,2829,8487,4.289418935775757,0.011818885803222656
