Model,R2,MAE,RMSE,MAPE_percent,n_train,n_test,fit_time_sec,predict_time_sec
gbm,0.9682830802363354,0.05606107024116903,0.008276508360681932,4.161922700294533,5684,1421,15.795941352844238,0.012278556823730469
