Model,R2,MAE,RMSE,MAPE_percent,n_train,n_test,fit_time_sec,predict_time_sec
gbm,0.44045182346851597,0.2894055979059217,0.20238274762833053,35.6625301403718,6208,1552,13.76891827583313,0.011581659317016602
