Model,R2,MAE,RMSE,MAPE_percent,n_train,n_test,fit_time_sec,predict_time_sec
cat,0.9724323994625658,0.07098905365105924,0.016764597712111255,57.55503227455323,9053,2263,7.84795355796814,0.03170609474182129
