Model,R2,MAE,RMSE,MAPE_percent,n_train,n_test,fit_time_sec,predict_time_sec
cat,0.9605846960456239,0.18272645578276445,0.06958236391127293,6.132075991627148,3170,4755,4.378449440002441,0.005067348480224609
