Model,R2,MAE,RMSE,MAPE_percent,n_train,n_test,fit_time_sec,predict_time_sec
cat,0.9562846332472885,0.19206246861237075,0.090821911869829,6.746767865337555,3170,4755,5.0903239250183105,0.0050814151763916016
