Model,R2,MAE,RMSE,MAPE_percent,n_train,n_test,fit_time_sec,predict_time_sec
rf,0.9646816874287453,0.1730402300653562,0.08540850784129575,8350324.094435122,9053,2263,107.01000452041626,0.45807981491088867
