Model,R2,MAE,RMSE,MAPE_percent,n_train,n_test,fit_time_sec,predict_time_sec
cat,0.9396642375701958,0.03158035562586633,0.01320882531414271,4.604440029553302,6206,1552,7.62007212638855,0.0023031234741210938
