Model,R2,MAE,RMSE,MAPE_percent,n_train,n_test,fit_time_sec,predict_time_sec
cat,0.22884868251319168,0.4608364581648978,0.4561366364380557,45.18074877191958,396,7529,3.032273292541504,0.007761240005493164
