Model,R2,MAE,RMSE,MAPE_percent,n_train,n_test,fit_time_sec,predict_time_sec
rf,0.980126033695576,0.015184636626626924,0.0004731247663579061,9.302483002852375,8145,2036,51.92487907409668,0.4129951000213623
