Model,R2,MAE,RMSE,MAPE_percent,n_train,n_test,fit_time_sec,predict_time_sec
rf,0.9949673069066823,0.0065965072789029595,0.0001728794547408988,1.7495701839985924,9053,2263,55.872392416000366,0.43174147605895996
