Model,R2,MAE,RMSE,MAPE_percent,n_train,n_test,fit_time_sec,predict_time_sec
rf,0.9606993244450014,0.11858253012999906,0.03770639144880525,4.728821532887113,6208,1552,36.610772371292114,0.28058671951293945
