Model,R2,MAE,RMSE,MAPE_percent,n_train,n_test,fit_time_sec,predict_time_sec
gbm,0.994914800839412,0.0006153089376954383,7.612935921864711e-07,4.094425825742584,8145,2036,20.283639430999756,0.013693571090698242
