Model,R2,MAE,RMSE,MAPE_percent,n_train,n_test,fit_time_sec,predict_time_sec
cat,0.9890419354023483,0.00780767713468217,0.00016238473754151908,3.0180147683271557,6208,1552,3.433835744857788,0.0022628307342529297
