Model,R2,MAE,RMSE,MAPE_percent,n_train,n_test,fit_time_sec,predict_time_sec
gbm,0.9731768681522014,0.00105485538631092,1.820062600017173e-05,7.126158492489816,8151,2038,20.14788293838501,0.014508962631225586
