Model,R2,MAE,RMSE,MAPE_percent,n_train,n_test,fit_time_sec,predict_time_sec
gbm,0.9828410422729678,0.03467535590131508,0.0025717540119789455,3.853490094751929,7062,1765,17.863144397735596,0.013038873672485352
