Model,R2,MAE,RMSE,MAPE_percent,n_train,n_test,fit_time_sec,predict_time_sec
rf,0.9953548217340443,0.004003134823109554,3.075881957212504e-05,7.2570962337490785,8145,2036,82.3907618522644,0.7923221588134766
