Model,R2,MAE,RMSE,MAPE_percent,n_train,n_test,fit_time_sec,predict_time_sec
cat,0.9125332765173838,0.0220084755280441,0.010477120359064078,238888728.1505284,3395,7921,3.5067226886749268,0.010125875473022461
