Model,R2,MAE,RMSE,MAPE_percent,n_train,n_test,fit_time_sec,predict_time_sec
rf,0.987142509215513,0.000844260959408615,1.3778504693747002e-06,6.934615383150073,8145,2036,53.368552446365356,0.40076375007629395
