Model,R2,MAE,RMSE,MAPE_percent,n_train,n_test,fit_time_sec,predict_time_sec
cat,0.9880176055950332,0.008809025708739622,0.0009048532072462699,3.69459033222813,8145,2036,3.7244455814361572,0.0027496814727783203
