Model,R2,MAE,RMSE,MAPE_percent,n_train,n_test,fit_time_sec,predict_time_sec
gbm,0.9909273974234659,0.014929695310436423,0.002316780402998096,1.8983406307313544,6206,1552,15.616752862930298,0.012722253799438477
