Model,R2,MAE,RMSE,MAPE_percent,n_train,n_test,fit_time_sec,predict_time_sec
gbm,0.990706445056531,0.008991620961901696,0.00028789109922420104,2.46580401544756,9053,2263,23.269373893737793,0.016391277313232422
