Model,R2,MAE,RMSE,MAPE_percent,n_train,n_test,fit_time_sec,predict_time_sec
rf,0.9962460953972797,0.007161580677572188,0.0001261835117486295,3.0328020198390244,8145,2036,52.2130012512207,0.40425562858581543
