Model,R2,MAE,RMSE,MAPE_percent,n_train,n_test,fit_time_sec,predict_time_sec
rf,0.7437352755198325,0.5695078232241635,0.7971944541988348,18.147570807938514,6206,1552,36.9620304107666,0.29295778274536133
