Model,R2,MAE,RMSE,MAPE_percent,n_train,n_test,fit_time_sec,predict_time_sec
cat,0.9830209590254341,0.0008477234190724885,1.2959835856764484e-06,7.144445992854094,6109,4072,3.4574267864227295,0.00516057014465332
