Model,R2,MAE,RMSE,MAPE_percent,n_train,n_test,fit_time_sec,predict_time_sec
gbm,0.9950847670607936,0.010438822760070752,0.00031092205802356397,1.7051792743628873,6206,1552,15.553254842758179,0.012066841125488281
