Model,R2,MAE,RMSE,MAPE_percent,n_train,n_test,fit_time_sec,predict_time_sec
rf,0.9758802986745576,0.027544923637278524,0.0055989267253620575,3.38612720471849,6206,1552,39.30844688415527,0.29430413246154785
