Model,R2,MAE,RMSE,MAPE_percent,n_train,n_test,fit_time_sec,predict_time_sec
cat,0.9298614725803531,0.09432368907830052,0.04093832980140442,6.5449888563259035,1189,6736,3.9904191493988037,0.007193803787231445
