Model,R2,MAE,RMSE,MAPE_percent,n_train,n_test,fit_time_sec,predict_time_sec
cat,0.9483141176959562,0.08891037193588172,0.026976281293601273,6.332124161054072,1189,6736,4.1158270835876465,0.007573843002319336
