Model,R2,MAE,RMSE,MAPE_percent,n_train,n_test,fit_time_sec,predict_time_sec
rf,0.4391706877863101,0.2739631431778751,0.18972347905136702,36.39959970665475,6208,1552,40.7565176486969,0.3068268299102783
