Model,R2,MAE,RMSE,MAPE_percent,n_train,n_test,fit_time_sec,predict_time_sec
gbm,0.896377217539369,0.28739155286667073,0.16980964882511118,11.753129481651207,6208,1552,15.480294466018677,0.013865470886230469
