Model,R2,MAE,RMSE,MAPE_percent,n_train,n_test,fit_time_sec,predict_time_sec
cat,0.8875797198212267,0.02113876273947016,0.0122417614016774,4.430193573768952,4359,3566,4.7500598430633545,0.004555702209472656
