Model,R2,MAE,RMSE,MAPE_percent,n_train,n_test,fit_time_sec,predict_time_sec
gbm,0.996810619792476,0.0004981249155070499,5.311665966195845e-07,3.0851286639947704,8145,2036,21.516401767730713,0.01346445083618164
