Model,R2,MAE,RMSE,MAPE_percent,n_train,n_test,fit_time_sec,predict_time_sec
gbm,0.8952062169360281,0.00040526512464718963,4.813899760097045e-05,1.685535454291491,8145,2036,21.871142625808716,0.015201091766357422
