Model,R2,MAE,RMSE,MAPE_percent,n_train,n_test,fit_time_sec,predict_time_sec
rf,0.9974709218634303,0.0020038028081880766,7.786388000093596e-06,2.836462429248156,8145,2036,50.35249590873718,0.3741421699523926
