Model,R2,MAE,RMSE,MAPE_percent,n_train,n_test,fit_time_sec,predict_time_sec
gbm,0.9968742890369184,0.00792879225202809,0.00017385125005238547,4.158876807162182,8145,2036,22.548105478286743,0.015606403350830078
