Model,R2,MAE,RMSE,MAPE_percent,n_train,n_test,fit_time_sec,predict_time_sec
cat,0.6696525815488812,0.5637985318849862,0.6701603412012223,23.514866167689682,3170,4755,3.912729024887085,0.00485682487487793
