Model,R2,MAE,RMSE,MAPE_percent,n_train,n_test,fit_time_sec,predict_time_sec
gbm,0.9303517905444607,0.06026599892765854,0.02376304417584812,5.022463403450274,6208,1552,15.509188890457153,0.012206792831420898
