Model,R2,MAE,RMSE,MAPE_percent,n_train,n_test,fit_time_sec,predict_time_sec
rf,0.9022978579612774,0.0010266848983364952,4.024922207715084e-05,7.250095506392911,5600,4581,33.08365488052368,0.5680577754974365
