Model,R2,MAE,RMSE,MAPE_percent,n_train,n_test,fit_time_sec,predict_time_sec
gbm,0.31438475921580744,0.099360842925939,0.03460748624705047,52.98722947038026,6208,1552,13.780054569244385,0.011432886123657227
