Model,R2,MAE,RMSE,MAPE_percent,n_train,n_test,fit_time_sec,predict_time_sec
rf,0.9003667284802278,0.011453273973654341,0.0049902419548964365,3.0924036564997395,6214,1554,38.59531116485596,0.27968931198120117
