Model,R2,MAE,RMSE,MAPE_percent,n_train,n_test,fit_time_sec,predict_time_sec
cat,0.9970236767979168,0.002276462677862519,1.1030666715243809e-05,3.0724401655385414,8145,2036,3.4756953716278076,0.0026540756225585938
