Model,R2,MAE,RMSE,MAPE_percent,n_train,n_test,fit_time_sec,predict_time_sec
rf,0.9963466954967478,0.0004166512976407918,3.786763591949302e-07,3.5472080522649376,8145,2036,52.12591600418091,0.3909790515899658
