Model,R2,MAE,RMSE,MAPE_percent,n_train,n_test,fit_time_sec,predict_time_sec
cat,0.9818521821164786,0.006021143755567081,0.00013494844628518987,9.459335444999274,1018,9163,3.799701452255249,0.008347749710083008
