Model,R2,MAE,RMSE,MAPE_percent,n_train,n_test,fit_time_sec,predict_time_sec
gbm,0.9325041450158417,0.0013032786241638109,2.938554453811974e-05,8.109545105232376,1018,9163,2.437288284301758,0.05843830108642578
