Model,R2,MAE,RMSE,MAPE_percent,n_train,n_test,fit_time_sec,predict_time_sec
rf,0.9809309009252513,0.013576532458142337,0.0016764228385832212,416409.0833123883,9053,2263,112.42656636238098,0.4659535884857178
