Model,R2,MAE,RMSE,MAPE_percent,n_train,n_test,fit_time_sec,predict_time_sec
rf,0.9722482760620327,0.005970463742622259,8.533186632786922e-05,9.540439970179685,8145,2036,52.36314535140991,0.4079599380493164
