Model,R2,MAE,RMSE,MAPE_percent,n_train,n_test,fit_time_sec,predict_time_sec
gbm,0.13718953023570757,0.015474165363041933,0.06369916960218958,13.016809973642058,8151,2038,18.21118688583374,0.015202045440673828
