Model,R2,MAE,RMSE,MAPE_percent,n_train,n_test,fit_time_sec,predict_time_sec
cat,0.9878924887663818,0.002769074017849662,9.084590679637016e-05,4.239831130767027,8145,2036,4.53948712348938,0.00345611572265625
