Model,R2,MAE,RMSE,MAPE_percent,n_train,n_test,fit_time_sec,predict_time_sec
cat,0.9503487867048528,0.2033874501268452,0.1006589751466516,7.257468732519816,1981,5944,4.315884590148926,0.007075786590576172
