Model,R2,MAE,RMSE,MAPE_percent,n_train,n_test,fit_time_sec,predict_time_sec
cat,0.9456449150050434,0.19524684799445258,0.10163603252443247,6.617705707524759,1981,5944,4.404840707778931,0.007465839385986328
