Model,R2,MAE,RMSE,MAPE_percent,n_train,n_test,fit_time_sec,predict_time_sec
cat,0.9334621046488114,0.1100702313204279,0.04080163460473806,1191155676.0117753,566,10750,4.1445229053497314,0.010721921920776367
