Model,R2,MAE,RMSE,MAPE_percent,n_train,n_test,fit_time_sec,predict_time_sec
cat,0.9558300919535436,0.08288504167771686,0.022483389459705808,6.32283117609639,9059,2265,3.737722635269165,0.0032973289489746094
