Model,R2,MAE,RMSE,MAPE_percent,n_train,n_test,fit_time_sec,predict_time_sec
rf,0.9847369502441202,0.0008525157818500736,1.374127140892446e-06,7.116763742545845,5090,5091,30.04313564300537,0.5793251991271973
