Model,R2,MAE,RMSE,MAPE_percent,n_train,n_test,fit_time_sec,predict_time_sec
gbm,0.9440070050024137,0.03292429982567598,0.012999505788322338,4.141343152369342,2715,5043,6.591831922531128,0.03417038917541504
