Model,R2,MAE,RMSE,MAPE_percent,n_train,n_test,fit_time_sec,predict_time_sec
cat,0.9974086186998088,0.0017802615366938346,1.6417829328328876e-05,3.0905761011898365,8145,2036,3.626286268234253,0.0029256343841552734
