Model,R2,MAE,RMSE,MAPE_percent,n_train,n_test,fit_time_sec,predict_time_sec
cat,0.5611023172598208,0.3552224826614887,0.27323442785391233,6105265955.466684,7921,3395,4.677616119384766,0.004960536956787109
