Model,R2,MAE,RMSE,MAPE_percent,n_train,n_test,fit_time_sec,predict_time_sec
rf,0.9985454465964777,0.000359187240246194,5.369484272484029e-07,2.0828771087514513,8145,2036,52.05992531776428,0.40662074089050293
