Model,R2,MAE,RMSE,MAPE_percent,n_train,n_test,fit_time_sec,predict_time_sec
cat,0.9685797613678007,0.05534654467513271,0.007061199139462029,4.341214238110868,5612,1403,3.7441415786743164,0.0025777816772460938
