Model,R2,MAE,RMSE,MAPE_percent,n_train,n_test,fit_time_sec,predict_time_sec
gbm,0.9316950580641598,0.001435803082879745,2.897982065522955e-05,8.844662926899115,509,9672,1.263331413269043,0.06581830978393555
