Model,R2,MAE,RMSE,MAPE_percent,n_train,n_test,fit_time_sec,predict_time_sec
cat,0.9699967690890676,0.16678220528312082,0.055468762949537044,7.115760262380821,9053,2263,4.15372371673584,0.003095865249633789
