Model,R2,MAE,RMSE,MAPE_percent,n_train,n_test,fit_time_sec,predict_time_sec
rf,0.9562104822044029,0.045012464025877046,0.01237656834012017,3.9649290325630906,6208,1552,49.124918937683105,0.5299587249755859
