Model,R2,MAE,RMSE,MAPE_percent,n_train,n_test,fit_time_sec,predict_time_sec
cat,0.9911235195788691,0.009607435314182011,0.000670554438294931,4.519568786712017,8145,2036,4.333377838134766,0.0034465789794921875
