Model,R2,MAE,RMSE,MAPE_percent,n_train,n_test,fit_time_sec,predict_time_sec
cat,0.9821719982277974,0.0013520600070265575,5.39495948134059e-06,13.30284371047157,7636,2545,4.480348587036133,0.0040645599365234375
