Model,R2,MAE,RMSE,MAPE_percent,n_train,n_test,fit_time_sec,predict_time_sec
gbm,0.16173937983583642,0.34299638563820295,0.8342412259144032,31.79045197914427,5690,1423,12.590724468231201,0.011071205139160156
