Model,R2,MAE,RMSE,MAPE_percent,n_train,n_test,fit_time_sec,predict_time_sec
cat,0.9932810111845436,0.00850439942243539,0.00048581154887981904,3.8511308482853854,8145,2036,3.9279308319091797,0.005700349807739258
