Model,R2,MAE,RMSE,MAPE_percent,n_train,n_test,fit_time_sec,predict_time_sec
cat,0.977559987901411,0.024097181369249307,0.001751765760641302,13.622381622237487,8145,2036,3.349694013595581,0.002592802047729492
