Model,R2,MAE,RMSE,MAPE_percent,n_train,n_test,fit_time_sec,predict_time_sec
rf,0.9981621065951864,0.0002565942983036927,1.8626476415435127e-07,2.094326075504322,8145,2036,50.84207320213318,0.39728760719299316
