Model,R2,MAE,RMSE,MAPE_percent,n_train,n_test,fit_time_sec,predict_time_sec
rf,0.9632830250586167,0.12564843661839986,0.03860953525986542,5.144271846285285,6208,1552,36.622440814971924,0.27785229682922363
