Model,R2,MAE,RMSE,MAPE_percent,n_train,n_test,fit_time_sec,predict_time_sec
gbm,0.873589578519735,0.042377520178127445,0.03199214618744363,4.248867653920545,7062,1765,17.63615322113037,0.013485431671142578
