Model,R2,MAE,RMSE,MAPE_percent,n_train,n_test,fit_time_sec,predict_time_sec
cat,0.9241759447046617,0.0013241215923870298,3.4454656436895156e-05,7.563140298903069,3054,7127,3.300724744796753,0.007912635803222656
