Model,R2,MAE,RMSE,MAPE_percent,n_train,n_test,fit_time_sec,predict_time_sec
cat,0.9681582740169127,0.060548524249267786,0.009466707956259507,4.7586588580288955,3197,3908,4.559590816497803,0.0049860477447509766
