Model,R2,MAE,RMSE,MAPE_percent,n_train,n_test,fit_time_sec,predict_time_sec
gbm,0.9629250929808597,0.13166664596745944,0.0371306352614589,5.455751796939397,6208,1552,15.37693166732788,0.012184858322143555
