Model,R2,MAE,RMSE,MAPE_percent,n_train,n_test,fit_time_sec,predict_time_sec
rf,0.9963166477616597,0.007104711984300293,0.00011537216954655837,3.001969488012474,8145,2036,52.387410402297974,0.395660400390625
