Model,R2,MAE,RMSE,MAPE_percent,n_train,n_test,fit_time_sec,predict_time_sec
cat,0.9262538085613595,0.005317232834022223,0.0007187555867443714,7.364349172106628,5090,5091,4.760553359985352,0.005591630935668945
