Model,R2,MAE,RMSE,MAPE_percent,n_train,n_test,fit_time_sec,predict_time_sec
gbm,0.9612630735113483,0.12200100279833152,0.03546341276590451,5.078054450177993,6208,1552,15.640716791152954,0.012319803237915039
