Model,R2,MAE,RMSE,MAPE_percent,n_train,n_test,fit_time_sec,predict_time_sec
cat,0.87957734516349,0.0795238173074616,0.055235939950573146,6.240484968410908,3157,3858,4.479691982269287,0.005133390426635742
