Model,R2,MAE,RMSE,MAPE_percent,n_train,n_test,fit_time_sec,predict_time_sec
cat,0.9757665824828552,0.0014154238195538224,9.377292674138444e-06,13.18651652808645,8145,2036,3.202281951904297,0.0025527477264404297
