Model,R2,MAE,RMSE,MAPE_percent,n_train,n_test,fit_time_sec,predict_time_sec
gbm,0.9985914811804063,0.0061262468048240044,9.244136501864943e-05,2.8122390943074675,8145,2036,39.75686812400818,0.014890670776367188
