Model,R2,MAE,RMSE,MAPE_percent,n_train,n_test,fit_time_sec,predict_time_sec
cat,0.7311494413944417,0.05528550007933286,0.10544930228253672,5.616926065312514,5733,3087,4.585852861404419,0.004469156265258789
