Model,R2,MAE,RMSE,MAPE_percent,n_train,n_test,fit_time_sec,predict_time_sec
cat,0.9744101158561593,0.008398802008685032,0.00023432575608798946,14.304346674475621,8145,2036,3.4138739109039307,0.002583742141723633
