Model,R2,MAE,RMSE,MAPE_percent,n_train,n_test,fit_time_sec,predict_time_sec
cat,0.9314943554257897,0.01681501633455245,0.005145257894274648,8.095621948744714,1527,8654,5.496720790863037,0.008512020111083984
