Model,R2,MAE,RMSE,MAPE_percent,n_train,n_test,fit_time_sec,predict_time_sec
gbm,0.9887823917091404,0.0005934212033971884,5.308798709095507e-06,3.1956812498835503,8145,2036,20.519038438796997,0.014091968536376953
