Model,R2,MAE,RMSE,MAPE_percent,n_train,n_test,fit_time_sec,predict_time_sec
gbm,0.9983930047197961,0.0002600177627334038,1.6840294422808243e-07,2.0562999487619136,8145,2036,20.347578525543213,0.014072656631469727
