Model,R2,MAE,RMSE,MAPE_percent,n_train,n_test,fit_time_sec,predict_time_sec
gbm,0.9541461832010305,0.25890903967755363,0.1394511150063575,6.9370662282901865,6206,1552,15.765849828720093,0.013020992279052734
