Model,R2,MAE,RMSE,MAPE_percent,n_train,n_test,fit_time_sec,predict_time_sec
gbm,0.9800995935840949,0.021124136267185237,0.0014735621334400508,3.654856739453325,2715,5043,6.907665014266968,0.03170275688171387
