Model,R2,MAE,RMSE,MAPE_percent,n_train,n_test,fit_time_sec,predict_time_sec
gbm,0.9544567528293935,0.05081794971502776,0.016851947379576192,4.407138702054837,6208,1552,15.502074241638184,0.012479782104492188
