Model,R2,MAE,RMSE,MAPE_percent,n_train,n_test,fit_time_sec,predict_time_sec
cat,0.9476335196825331,0.09124650023978917,0.0342649397640861,1545344378.210846,2263,9053,4.3147804737091064,0.009375810623168945
