Model,R2,MAE,RMSE,MAPE_percent,n_train,n_test,fit_time_sec,predict_time_sec
cat,0.48584349684102657,0.3823618063860948,0.33642783519630587,8761208561.620169,2263,9053,4.163964509963989,0.009147405624389648
