Model,R2,MAE,RMSE,MAPE_percent,n_train,n_test,fit_time_sec,predict_time_sec
rf,0.9986210395119737,0.0014914456829433008,4.373189658796244e-06,2.095736900081279,8145,2036,50.06568646430969,0.37512874603271484
