Model,R2,MAE,RMSE,MAPE_percent,n_train,n_test,fit_time_sec,predict_time_sec
cat,0.9563639544681328,0.06634506507691686,0.01261704298345863,5.178102422148234,2806,4209,4.5124640464782715,0.00472712516784668
