Model,R2,MAE,RMSE,MAPE_percent,n_train,n_test,fit_time_sec,predict_time_sec
rf,0.9959075575460743,0.0005464721357588137,5.582684405464425e-07,3.892977061951105,8145,2036,50.94034147262573,0.4135582447052002
