Model,R2,MAE,RMSE,MAPE_percent,n_train,n_test,fit_time_sec,predict_time_sec
rf,0.9611940080316163,0.11685028959330482,0.03747691850386535,4.966427044554462,6208,1552,36.588719844818115,0.2814900875091553
