Model,R2,MAE,RMSE,MAPE_percent,n_train,n_test,fit_time_sec,predict_time_sec
rf,0.9734755858501491,0.0003411833479347255,8.966293906634956e-06,1.834075084593379,8145,2036,49.799524545669556,0.3838810920715332
