Model,R2,MAE,RMSE,MAPE_percent,n_train,n_test,fit_time_sec,predict_time_sec
gbm,0.895004001341809,0.0013356646735390514,4.788551939185794e-05,7.639001677516022,2036,8145,4.96919059753418,0.05227160453796387
