Model,R2,MAE,RMSE,MAPE_percent,n_train,n_test,fit_time_sec,predict_time_sec
gbm,0.8775486086617759,0.29474237226411454,0.1793954581152695,11.584901640273612,6214,1554,15.534739255905151,0.012214899063110352
