Model,R2,MAE,RMSE,MAPE_percent,n_train,n_test,fit_time_sec,predict_time_sec
cat,0.9673276740086338,0.07748756203324415,0.022377684336661673,1264538538.746407,9053,2263,14.1285400390625,0.017734766006469727
