Model,R2,MAE,RMSE,MAPE_percent,n_train,n_test,fit_time_sec,predict_time_sec
cat,0.3232154183249276,0.32917721090875723,0.3277470808311156,31.61329843365141,5618,1405,3.2323122024536133,0.002156972885131836
