Model,R2,MAE,RMSE,MAPE_percent,n_train,n_test,fit_time_sec,predict_time_sec
rf,0.9894192720332041,0.007442532045629304,0.0008777855020745984,2.9834652050701207,8145,2036,50.579434633255005,0.41616392135620117
