Model,R2,MAE,RMSE,MAPE_percent,n_train,n_test,fit_time_sec,predict_time_sec
gbm,0.9628239261109789,0.07407991991708772,0.014816111329107524,5.627298442881312,9053,2263,22.76989507675171,0.017298221588134766
