Model,R2,MAE,RMSE,MAPE_percent,n_train,n_test,fit_time_sec,predict_time_sec
cat,0.9889532659819941,0.007269314314231076,9.251742061411919e-05,2.9014011418866743,5044,2716,3.540224552154541,0.003184080123901367
