Model,R2,MAE,RMSE,MAPE_percent,n_train,n_test,fit_time_sec,predict_time_sec
cat,0.7872310391382441,0.09640237100238662,0.10658464296473168,7.560813736511769,702,6313,3.635479688644409,0.00741267204284668
