Model,R2,MAE,RMSE,MAPE_percent,n_train,n_test,fit_time_sec,predict_time_sec
gbm,0.9604998021983592,0.0011326418013862553,1.6928976584876204e-05,7.114418229306649,8145,2036,19.82096815109253,0.01468801498413086
