Model,R2,MAE,RMSE,MAPE_percent,n_train,n_test,fit_time_sec,predict_time_sec
gbm,0.9613413553348876,0.07690655216691909,0.017305671810927393,5.75208461509737,9053,2263,22.816306352615356,0.017016887664794922
