Model,R2,MAE,RMSE,MAPE_percent,n_train,n_test,fit_time_sec,predict_time_sec
cat,0.15002616537763258,0.15574865652262299,0.09230235533860998,58.8904126957537,1189,6736,3.4028825759887695,0.00671076774597168
