Model,R2,MAE,RMSE,MAPE_percent,n_train,n_test,fit_time_sec,predict_time_sec
cat,0.9506485361268331,0.11674178272930358,0.03353186346793874,5.927029133482802,6206,1552,3.3588571548461914,0.0022771358489990234
