Model,R2,MAE,RMSE,MAPE_percent,n_train,n_test,fit_time_sec,predict_time_sec
rf,0.9782067665014371,0.024744460166672002,0.004553357808791108,3.1801048067574325,6206,1552,36.982571601867676,0.2743222713470459
