Model,R2,MAE,RMSE,MAPE_percent,n_train,n_test,fit_time_sec,predict_time_sec
cat,0.9883047422239255,0.016131210966478703,0.001050822808625562,7.172247764625606,8145,2036,3.6937813758850098,0.002716541290283203
