Model,R2,MAE,RMSE,MAPE_percent,n_train,n_test,fit_time_sec,predict_time_sec
cat,0.8672970911534033,0.006787579048585913,0.00120231339687926,8.706352518417686,1018,9163,3.9772207736968994,0.013080835342407227
