Model,R2,MAE,RMSE,MAPE_percent,n_train,n_test,fit_time_sec,predict_time_sec
cat,0.6730321141618263,0.3036184760662372,0.6874794266121942,11.567730704082194,6214,1554,3.632481336593628,0.002360820770263672
