Model,R2,MAE,RMSE,MAPE_percent,n_train,n_test,fit_time_sec,predict_time_sec
rf,0.929695068763734,0.0010569843272489991,2.7351908145341574e-05,7.443211476232407,3054,7127,16.743587255477905,0.6622297763824463
