Model,R2,MAE,RMSE,MAPE_percent,n_train,n_test,fit_time_sec,predict_time_sec
cat,0.9836952590688746,0.006683064287011725,0.00011631323568938326,12.991958572190242,6618,3563,4.499964237213135,0.004542112350463867
