Model,R2,MAE,RMSE,MAPE_percent,n_train,n_test,fit_time_sec,predict_time_sec
cat,0.7854885241200883,0.5009373849668725,0.5058705135282346,9002306310.510025,8487,2829,4.625784158706665,0.004413604736328125
