Model,R2,MAE,RMSE,MAPE_percent,n_train,n_test,fit_time_sec,predict_time_sec
rf,0.9797072825542331,0.02538183575664063,0.004093362193682967,3.3604587839982,6213,1553,37.43495464324951,0.2870321273803711
