Model,R2,MAE,RMSE,MAPE_percent,n_train,n_test,fit_time_sec,predict_time_sec
cat,0.9977244512916725,0.005540529844250805,6.674441454071577e-05,2.6023651806956143,8145,2036,3.9363718032836914,0.0027618408203125
