Model,R2,MAE,RMSE,MAPE_percent,n_train,n_test,fit_time_sec,predict_time_sec
gbm,0.9983014643274,0.00026222251938921707,1.8114634908211224e-07,2.1344971875834857,8145,2036,20.449445962905884,0.013960123062133789
