Model,R2,MAE,RMSE,MAPE_percent,n_train,n_test,fit_time_sec,predict_time_sec
rf,0.9879732800668003,0.004098123829625874,3.242024594145571e-05,6.822492716317438,8145,2036,51.39535355567932,0.42931056022644043
