Model,R2,MAE,RMSE,MAPE_percent,n_train,n_test,fit_time_sec,predict_time_sec
rf,0.9195602709823658,0.0757145116101983,0.04457296867096113,5.108650617625341,5612,1403,34.91434359550476,0.2689950466156006
