Model,R2,MAE,RMSE,MAPE_percent,n_train,n_test,fit_time_sec,predict_time_sec
gbm,0.9991075397835352,0.0032644973838948893,2.3445341253910716e-05,1.445865763982963,8145,2036,20.442080974578857,0.014869213104248047
