Model,R2,MAE,RMSE,MAPE_percent,n_train,n_test,fit_time_sec,predict_time_sec
rf,0.8821206115511131,0.0033123672049099823,0.0015824235181189049,3.043070194793419,8145,2036,52.48756766319275,0.41472291946411133
