Model,R2,MAE,RMSE,MAPE_percent,n_train,n_test,fit_time_sec,predict_time_sec
rf,0.9434456684114827,0.0426868078902698,0.01248696183016152,4.379428559700946,7056,1764,48.409257888793945,0.3681972026824951
