Model,R2,MAE,RMSE,MAPE_percent,n_train,n_test,fit_time_sec,predict_time_sec
cat,0.883609667732137,0.01287170142465729,0.010431615086417755,5.1923686673139615,8151,2038,3.760990858078003,0.0026710033416748047
