Model,R2,MAE,RMSE,MAPE_percent,n_train,n_test,fit_time_sec,predict_time_sec
cat,0.991313565662946,0.007517866597520371,0.00010980594606667006,3.0022477389596482,6208,1552,3.489034652709961,0.0022804737091064453
