Model,R2,MAE,RMSE,MAPE_percent,n_train,n_test,fit_time_sec,predict_time_sec
cat,0.4664459819836244,0.002424375964010805,0.0004218024990773686,12.078783399991472,8151,2038,3.8175172805786133,0.0027348995208740234
