Model,R2,MAE,RMSE,MAPE_percent,n_train,n_test,fit_time_sec,predict_time_sec
rf,0.9990728044802577,0.0016042215052407731,6.922095555490755e-06,2.235416453770306,8145,2036,49.936704874038696,0.47985339164733887
