Model,R2,MAE,RMSE,MAPE_percent,n_train,n_test,fit_time_sec,predict_time_sec
rf,-2.339274057220958,0.015156769202455254,0.033825426466753336,17.08320188856762,8151,2038,54.17573142051697,0.39928412437438965
