Model,R2,MAE,RMSE,MAPE_percent,n_train,n_test,fit_time_sec,predict_time_sec
rf,0.9983203191560169,0.0013944340873726978,6.125439090943618e-06,1.7052558978075183,8145,2036,51.827656984329224,0.40178847312927246
