Model,R2,MAE,RMSE,MAPE_percent,n_train,n_test,fit_time_sec,predict_time_sec
cat,0.867569608184932,0.002890219569294918,0.001497481381177079,2.843837446518182,8145,2036,3.676950216293335,0.002725839614868164
