Model,R2,MAE,RMSE,MAPE_percent,n_train,n_test,fit_time_sec,predict_time_sec
cat,0.9955589581695294,0.0005911700340058735,6.623922538820424e-07,3.941767230928382,8145,2036,5.139070749282837,0.0032186508178710938
