Model,R2,MAE,RMSE,MAPE_percent,n_train,n_test,fit_time_sec,predict_time_sec
rf,0.9981092331186506,0.0003100634372509507,2.954502733496464e-07,1.9723668847177573,8145,2036,51.71505904197693,0.3984959125518799
