Model,R2,MAE,RMSE,MAPE_percent,n_train,n_test,fit_time_sec,predict_time_sec
cat,0.9134730082789764,0.0053830608992495995,0.0007814184326456491,7.727941186767925,2545,7636,3.996798276901245,0.008519887924194336
