Model,R2,MAE,RMSE,MAPE_percent,n_train,n_test,fit_time_sec,predict_time_sec
cat,0.9150203853921182,0.005261167814358388,0.0008089952456176608,7.184399674075624,5090,5091,4.5911571979522705,0.006386995315551758
