Model,R2,MAE,RMSE,MAPE_percent,n_train,n_test,fit_time_sec,predict_time_sec
rf,0.9130594520441229,0.01587300091441793,0.005099528905931036,4.380691244687027,776,6984,3.7699222564697266,0.45145392417907715
