Model,R2,MAE,RMSE,MAPE_percent,n_train,n_test,fit_time_sec,predict_time_sec
cat,0.9569530866046727,0.1891119091933761,0.08721943896644888,6.488076879173368,3566,4359,4.6416215896606445,0.0055658817291259766
