Model,R2,MAE,RMSE,MAPE_percent,n_train,n_test,fit_time_sec,predict_time_sec
gbm,0.9663644112449762,0.000999841143994648,1.0428143298406113e-05,7.500058465286216,5600,4581,13.420381784439087,0.031210660934448242
