Model,R2,MAE,RMSE,MAPE_percent,n_train,n_test,fit_time_sec,predict_time_sec
cat,0.9667994438024554,0.06577668202226264,0.01016084667825005,5.211601988095969,2455,4560,4.413045644760132,0.005303859710693359
