Model,R2,MAE,RMSE,MAPE_percent,n_train,n_test,fit_time_sec,predict_time_sec
cat,0.9971085216356652,0.0004219034802555187,3.6473616699866903e-07,3.0246722963637294,8145,2036,3.5528221130371094,0.002656698226928711
