Model,R2,MAE,RMSE,MAPE_percent,n_train,n_test,fit_time_sec,predict_time_sec
cat,0.9152029387884307,0.04019370165101921,0.018686708557063593,6.296655122271526,1552,6206,3.1747748851776123,0.007718563079833984
