Model,R2,MAE,RMSE,MAPE_percent,n_train,n_test,fit_time_sec,predict_time_sec
rf,0.991974309029223,0.008743551126737331,0.0002718139011805695,2.252423209745738,9053,2263,56.310068130493164,0.4234030246734619
