Model,R2,MAE,RMSE,MAPE_percent,n_train,n_test,fit_time_sec,predict_time_sec
rf,0.44251567605385156,0.006707731178933577,0.006906097579302469,6.246258655417149,8151,2038,54.80172896385193,0.40665125846862793
