Model,R2,MAE,RMSE,MAPE_percent,n_train,n_test,fit_time_sec,predict_time_sec
gbm,-2.1570351718849303,0.05250233818622129,0.5332706078639594,16.242809698480336,8151,2038,18.59494400024414,0.015054464340209961
