Model,R2,MAE,RMSE,MAPE_percent,n_train,n_test,fit_time_sec,predict_time_sec
cat,0.9150879660592266,0.021165474620871417,0.00990269209971981,137244083.64275932,5092,6224,3.3700592517852783,0.005845785140991211
