Model,R2,MAE,RMSE,MAPE_percent,n_train,n_test,fit_time_sec,predict_time_sec
rf,0.9883640472915348,0.0003147496771777651,4.918874862368793e-06,1.7408654627872955,8151,2038,62.24412488937378,0.379819393157959
