Model,R2,MAE,RMSE,MAPE_percent,n_train,n_test,fit_time_sec,predict_time_sec
rf,0.9939437439141072,0.0010523887059747349,2.2356670937340714e-06,7.046509340692486,8145,2036,51.37503361701965,0.4034867286682129
