Model,R2,MAE,RMSE,MAPE_percent,n_train,n_test,fit_time_sec,predict_time_sec
gbm,0.9882433923444927,0.0008333624379322888,1.234928812126702e-06,7.213930336522434,8145,2036,19.781715631484985,0.014775753021240234
