Model,R2,MAE,RMSE,MAPE_percent,n_train,n_test,fit_time_sec,predict_time_sec
cat,0.9859339508876928,0.0009953508849474255,2.003792730969064e-06,7.510283740246988,3563,6618,4.765930414199829,0.006731271743774414
