Model,R2,MAE,RMSE,MAPE_percent,n_train,n_test,fit_time_sec,predict_time_sec
gbm,0.9984855070288251,0.0011873012910150896,4.115957274560602e-06,1.8758457816696765,8145,2036,20.75489616394043,0.013987064361572266
