Model,R2,MAE,RMSE,MAPE_percent,n_train,n_test,fit_time_sec,predict_time_sec
cat,0.9954469535768854,0.0004865647804162968,5.056715879365951e-07,4.052594753166911,8145,2036,3.7155370712280273,0.002688884735107422
