Model,R2,MAE,RMSE,MAPE_percent,n_train,n_test,fit_time_sec,predict_time_sec
rf,0.9992934510793746,0.00026498600693924024,2.1642773411492575e-07,1.738089698605706,8145,2036,72.78971457481384,0.4234626293182373
