Model,R2,MAE,RMSE,MAPE_percent,n_train,n_test,fit_time_sec,predict_time_sec
rf,0.9544519649192436,0.24553359570238723,0.14169192049233112,6.527726763769554,6206,1552,36.64009666442871,0.2851386070251465
