Model,R2,MAE,RMSE,MAPE_percent,n_train,n_test,fit_time_sec,predict_time_sec
gbm,0.9992198661374739,0.003282253501319538,2.3151992447211976e-05,1.4902452361543768,8151,2038,20.648828744888306,0.012344837188720703
