Model,R2,MAE,RMSE,MAPE_percent,n_train,n_test,fit_time_sec,predict_time_sec
cat,0.31234934017349913,0.3213131763245022,0.41653501775687674,32.506961056409445,2842,4263,4.078101873397827,0.005925893783569336
