Model,R2,MAE,RMSE,MAPE_percent,n_train,n_test,fit_time_sec,predict_time_sec
cat,0.984490710623752,0.01573642467825632,0.0006087107910269372,170902772.20512423,3395,7921,4.4756386280059814,0.010845422744750977
