Model,R2,MAE,RMSE,MAPE_percent,n_train,n_test,fit_time_sec,predict_time_sec
rf,0.9499003039830892,0.08178789750864299,0.033700934661832445,22133667.514459174,9053,2263,54.2215850353241,0.44655847549438477
