Model,R2,MAE,RMSE,MAPE_percent,n_train,n_test,fit_time_sec,predict_time_sec
cat,0.9845027620383889,0.013711465176571576,0.00032575875612763484,6.956046033213652,5600,4581,4.733402729034424,0.006144523620605469
