Model,R2,MAE,RMSE,MAPE_percent,n_train,n_test,fit_time_sec,predict_time_sec
cat,0.7398940385432258,0.07173665094521338,0.15034840589841467,5.314461367674371,2132,4973,5.609158992767334,0.006480693817138672
