Model,R2,MAE,RMSE,MAPE_percent,n_train,n_test,fit_time_sec,predict_time_sec
gbm,0.9382192817911408,0.0012409963588567415,2.6839516145605323e-05,7.780034017057281,2036,8145,4.830952882766724,0.051989078521728516
