Model,R2,MAE,RMSE,MAPE_percent,n_train,n_test,fit_time_sec,predict_time_sec
rf,0.9723589835363055,0.059295642249557114,0.011174125809852005,4.504695812528102,9053,2263,54.00782036781311,0.44209957122802734
