Model,R2,MAE,RMSE,MAPE_percent,n_train,n_test,fit_time_sec,predict_time_sec
cat,0.967095878153913,0.1824432461352406,0.07759596519113049,2093420262.679382,8487,2829,4.9254772663116455,0.004221916198730469
