Model,R2,MAE,RMSE,MAPE_percent,n_train,n_test,fit_time_sec,predict_time_sec
cat,0.6512145909421949,0.06488211900127472,0.18630147965189714,8.094039646836295,441,8379,3.6992249488830566,0.009948015213012695
