Model,R2,MAE,RMSE,MAPE_percent,n_train,n_test,fit_time_sec,predict_time_sec
gbm,0.8903038144572002,0.003885119885212824,0.0004264152982358655,4.1373414844390215,8151,2038,21.16079616546631,0.013349294662475586
