Model,R2,MAE,RMSE,MAPE_percent,n_train,n_test,fit_time_sec,predict_time_sec
gbm,0.9968730027088482,0.0024661040225076292,1.3047762167312602e-05,2.993650591275759,8145,2036,20.756624221801758,0.014020442962646484
