Model,R2,MAE,RMSE,MAPE_percent,n_train,n_test,fit_time_sec,predict_time_sec
cat,0.9601465914771693,0.07876321580439853,0.02471106854027304,464387817.2780065,9059,2265,3.664393424987793,0.0028650760650634766
