Model,R2,MAE,RMSE,MAPE_percent,n_train,n_test,fit_time_sec,predict_time_sec
cat,0.9548128495817703,0.08521478283704474,0.020059830987905578,6.0525307299510205,1189,6736,4.006002426147461,0.006841421127319336
