Model,R2,MAE,RMSE,MAPE_percent,n_train,n_test,fit_time_sec,predict_time_sec
cat,0.7593880851587211,0.5153209666473489,0.5494994892724238,3982802080.2796626,6224,5092,4.503819465637207,0.007698535919189453
