Model,R2,MAE,RMSE,MAPE_percent,n_train,n_test,fit_time_sec,predict_time_sec
cat,0.9967499521284642,0.002164257321484318,2.426364391077326e-05,3.240809366380648,8145,2036,3.4547064304351807,0.0026400089263916016
