Model,R2,MAE,RMSE,MAPE_percent,n_train,n_test,fit_time_sec,predict_time_sec
cat,0.31591437255827226,0.32725794362859106,0.36374431957760206,28.954719363589803,5612,1403,3.112581253051758,0.0023131370544433594
