Model,R2,MAE,RMSE,MAPE_percent,n_train,n_test,fit_time_sec,predict_time_sec
rf,0.9947578079790279,0.0061063550664435945,0.00020311310369973615,1.6169736609292316,9059,2265,55.75734758377075,0.42689967155456543
