Model,R2,MAE,RMSE,MAPE_percent,n_train,n_test,fit_time_sec,predict_time_sec
cat,0.7042960321691044,0.03757605090996418,0.033526013569055914,7.679139798943163,396,7529,3.5497546195983887,0.008254289627075195
