Model,R2,MAE,RMSE,MAPE_percent,n_train,n_test,fit_time_sec,predict_time_sec
rf,0.952037251443601,0.24341863133714647,0.1270344788485105,6.360344459760025,6206,1552,36.6413791179657,0.3400545120239258
