Model,R2,MAE,RMSE,MAPE_percent,n_train,n_test,fit_time_sec,predict_time_sec
cat,0.9618215745528602,0.1860663729303087,0.08801681691205764,473640300.4443397,6224,5092,4.853498220443726,0.007294893264770508
