Model,R2,MAE,RMSE,MAPE_percent,n_train,n_test,fit_time_sec,predict_time_sec
cat,0.8654427473672811,0.008179920528677626,0.0012566266884471975,12.839380321580437,2036,8145,4.068694114685059,0.009519577026367188
