Model,R2,MAE,RMSE,MAPE_percent,n_train,n_test,fit_time_sec,predict_time_sec
rf,-0.1028727658804709,0.027447642863521606,0.11687260878522511,10.913446502448316,8151,2038,54.23869800567627,0.39299702644348145
