Model,R2,MAE,RMSE,MAPE_percent,n_train,n_test,fit_time_sec,predict_time_sec
rf,0.4717569917007106,0.2879127286967195,0.18017524742990476,33.67852732677914,6214,1554,40.90713620185852,0.33226871490478516
