Model,R2,MAE,RMSE,MAPE_percent,n_train,n_test,fit_time_sec,predict_time_sec
cat,0.9192291453085033,0.0014043940711125605,2.8307979888458008e-05,10.202385253278008,509,9672,3.443795919418335,0.009862899780273438
