Model,R2,MAE,RMSE,MAPE_percent,n_train,n_test,fit_time_sec,predict_time_sec
cat,0.9171578164454726,0.010081412268990618,0.0048650261413312875,3.3878170005180204,6208,1552,3.5315284729003906,0.0023474693298339844
