Model,R2,MAE,RMSE,MAPE_percent,n_train,n_test,fit_time_sec,predict_time_sec
rf,0.9980883694564349,0.001480397510896357,7.084768009733786e-06,1.9400350735664942,8145,2036,53.5988872051239,0.3952312469482422
