Model,R2,MAE,RMSE,MAPE_percent,n_train,n_test,fit_time_sec,predict_time_sec
gbm,0.9431502073494143,0.01994724076402509,0.004293024872378206,11.75265999095837,8145,2036,18.314993619918823,0.015405654907226562
