Model,R2,MAE,RMSE,MAPE_percent,n_train,n_test,fit_time_sec,predict_time_sec
rf,0.9522609288622204,0.015180113195219135,0.006941320233348651,6.76519549476858,8151,2038,55.55870580673218,0.4566664695739746
