Model,R2,MAE,RMSE,MAPE_percent,n_train,n_test,fit_time_sec,predict_time_sec
cat,0.9949434852946983,0.008640563527247411,0.00015429023205623392,3.744046290088579,8145,2036,5.082889080047607,0.003368377685546875
