Model,R2,MAE,RMSE,MAPE_percent,n_train,n_test,fit_time_sec,predict_time_sec
cat,0.8657915657193875,0.001898692317265753,4.837624426074382e-05,15.046097258631406,509,9672,3.1664323806762695,0.010311126708984375
