Model,R2,MAE,RMSE,MAPE_percent,n_train,n_test,fit_time_sec,predict_time_sec
cat,0.9842901303781488,0.012556796326577099,0.0003798043960108522,3.6187018209282917,3566,4359,4.457598686218262,0.005255699157714844
