Model,R2,MAE,RMSE,MAPE_percent,n_train,n_test,fit_time_sec,predict_time_sec
cat,0.9379763051844296,0.09259565224541373,0.040770474060445795,1715935520.4295166,2263,9053,4.305962562561035,0.012419462203979492
