Model,R2,MAE,RMSE,MAPE_percent,n_train,n_test,fit_time_sec,predict_time_sec
cat,0.9222764007938218,0.12918695649183976,0.050642296093816534,6.272584922373838,6206,1552,3.6812984943389893,0.002413034439086914
