Model,R2,MAE,RMSE,MAPE_percent,n_train,n_test,fit_time_sec,predict_time_sec
gbm,0.9920613891065708,0.006913848162833458,0.00010115043690065288,2.730276816497699,6208,1552,15.525099992752075,0.011174201965332031
