Model,R2,MAE,RMSE,MAPE_percent,n_train,n_test,fit_time_sec,predict_time_sec
gbm,0.9702650805850463,0.026061237981380367,0.007297266694847343,3.1949881915646614,6206,1552,15.501696586608887,0.012429237365722656
