Model,R2,MAE,RMSE,MAPE_percent,n_train,n_test,fit_time_sec,predict_time_sec
gbm,0.8799357289507845,0.17650373684353515,0.06750729577070777,15.064853451698227,6208,1552,14.82896614074707,0.012682676315307617
