Model,R2,MAE,RMSE,MAPE_percent,n_train,n_test,fit_time_sec,predict_time_sec
gbm,0.7477143342700745,0.15271652043804723,0.045393108438310084,15.935134157334465,6208,1552,14.823723077774048,0.012000083923339844
