Model,R2,MAE,RMSE,MAPE_percent,n_train,n_test,fit_time_sec,predict_time_sec
cat,0.8683399773114726,0.003748763430135432,0.00148877028844514,4.248150154798168,8145,2036,3.565027952194214,0.0026311874389648438
