Model,R2,MAE,RMSE,MAPE_percent,n_train,n_test,fit_time_sec,predict_time_sec
rf,0.998471143890557,0.001147935555374086,4.160446462254783e-06,1.9298409737933016,8145,2036,51.296517848968506,0.4223158359527588
