Model,R2,MAE,RMSE,MAPE_percent,n_train,n_test,fit_time_sec,predict_time_sec
gbm,0.957023330752669,0.07693548914500105,0.027683224949507507,4.597256441872706,6340,1585,16.10319685935974,0.013163089752197266
