Model,R2,MAE,RMSE,MAPE_percent,n_train,n_test,fit_time_sec,predict_time_sec
cat,0.9808226240776737,0.004474151359542034,3.384431036565624e-05,6.624915471988537,7636,2545,5.10778021812439,0.0035538673400878906
