Model,R2,MAE,RMSE,MAPE_percent,n_train,n_test,fit_time_sec,predict_time_sec
cat,0.06639754555731359,0.2890901901876789,0.5469823830551813,44.666530172953564,1323,7497,3.7601099014282227,0.009388446807861328
