Model,R2,MAE,RMSE,MAPE_percent,n_train,n_test,fit_time_sec,predict_time_sec
cat,0.6803571109683613,0.07309513327951721,0.1175336192748624,8.804377370705046,882,7938,4.241513729095459,0.008283615112304688
