Model,R2,MAE,RMSE,MAPE_percent,n_train,n_test,fit_time_sec,predict_time_sec
rf,0.8142834963772984,0.1958977207940693,0.446498645299655,7.574334635425953,9059,2265,56.27783536911011,0.43739748001098633
