Model,R2,MAE,RMSE,MAPE_percent,n_train,n_test,fit_time_sec,predict_time_sec
gbm,0.7665375730990647,0.3150552820749082,0.8701411073480249,7.873940659745847,6213,1553,15.444287300109863,0.012804985046386719
