Model,R2,MAE,RMSE,MAPE_percent,n_train,n_test,fit_time_sec,predict_time_sec
rf,0.9991928278620328,0.00024138044901096843,1.1106686417310085e-07,1.6311694296651156,8145,2036,49.868964195251465,0.4366006851196289
