Model,R2,MAE,RMSE,MAPE_percent,n_train,n_test,fit_time_sec,predict_time_sec
cat,0.9262461865995593,0.021378620717262656,0.0036213202090211636,10.29055087314336,388,7372,2.6634440422058105,0.009083986282348633
