Model,R2,MAE,RMSE,MAPE_percent,n_train,n_test,fit_time_sec,predict_time_sec
cat,0.9883451683581107,0.016110791547534833,0.000797162791789072,2.8608293566433787,6206,1552,3.431619167327881,0.0023450851440429688
