Model,R2,MAE,RMSE,MAPE_percent,n_train,n_test,fit_time_sec,predict_time_sec
cat,0.9840120270126564,0.0006814943172441659,7.566401692366389e-06,3.4784892048902174,8145,2036,3.6556954383850098,0.002681732177734375
