Model,R2,MAE,RMSE,MAPE_percent,n_train,n_test,fit_time_sec,predict_time_sec
cat,0.9520218010384429,0.07762042387809985,0.029632212047033434,5.333755488318887,5548,2377,5.7636213302612305,0.004056453704833984
