Model,R2,MAE,RMSE,MAPE_percent,n_train,n_test,fit_time_sec,predict_time_sec
gbm,-7.345590656395284,0.0027751319812826204,0.00133098475115536,13.78052654762541,8151,2038,19.81626534461975,0.014236927032470703
