Model,R2,MAE,RMSE,MAPE_percent,n_train,n_test,fit_time_sec,predict_time_sec
cat,0.878392351133663,0.02068165210365351,0.009328252109885164,9.97093096234155,509,9672,3.276653528213501,0.009926557540893555
