Model,R2,MAE,RMSE,MAPE_percent,n_train,n_test,fit_time_sec,predict_time_sec
cat,0.8592066449837459,0.02769461236731496,0.010799944931356543,15.135863424602292,509,9672,3.3573007583618164,0.010131359100341797
