Model,R2,MAE,RMSE,MAPE_percent,n_train,n_test,fit_time_sec,predict_time_sec
rf,0.96429583875455,0.17039352918117798,0.08205616634200995,1489699.8279204771,9053,2263,55.312453746795654,0.4375574588775635
