Model,R2,MAE,RMSE,MAPE_percent,n_train,n_test,fit_time_sec,predict_time_sec
cat,0.9707627570440971,0.17487755965076168,0.07070699080919146,1326489062.8069282,9053,2263,3.572458505630493,0.003065347671508789
