Model,R2,MAE,RMSE,MAPE_percent,n_train,n_test,fit_time_sec,predict_time_sec
cat,0.2676907383172623,0.3261804851196417,0.580049418564739,32.6345713595994,4974,2131,4.333550930023193,0.003610372543334961
