Model,R2,MAE,RMSE,MAPE_percent,n_train,n_test,fit_time_sec,predict_time_sec
gbm,-0.23052472792767875,0.03274861559891601,0.07939121366280855,14.571876303182412,8151,2038,18.350350618362427,0.014796257019042969
