Model,R2,MAE,RMSE,MAPE_percent,n_train,n_test,fit_time_sec,predict_time_sec
gbm,0.9511860946003864,0.0854728967311203,0.03283601233640149,979682946.3720096,9053,2263,38.93489646911621,0.017980098724365234
