Model,R2,MAE,RMSE,MAPE_percent,n_train,n_test,fit_time_sec,predict_time_sec
rf,0.9975266824180231,0.005821274284185878,6.485273600998498e-05,2.739286909085015,8145,2036,50.90625309944153,0.402468204498291
