Model,R2,MAE,RMSE,MAPE_percent,n_train,n_test,fit_time_sec,predict_time_sec
cat,0.9880314996103653,0.004529763154585086,3.652582744432075e-05,7.214272705886049,8145,2036,4.9445319175720215,0.003117084503173828
