Model,R2,MAE,RMSE,MAPE_percent,n_train,n_test,fit_time_sec,predict_time_sec
cat,0.881733481851668,0.005861920682961968,0.0015676517788658134,7.408627671381465,8145,2036,4.982704162597656,0.003113269805908203
