Model,R2,MAE,RMSE,MAPE_percent,n_train,n_test,fit_time_sec,predict_time_sec
cat,0.9401421535015803,0.26452978310649017,0.16682310174636988,6.863582411879772,6206,1552,3.376483917236328,0.0022907257080078125
