Model,R2,MAE,RMSE,MAPE_percent,n_train,n_test,fit_time_sec,predict_time_sec
gbm,0.9661350849916149,0.10142201294443041,0.027448666724480104,5.301146738716513,6206,1552,31.883535146713257,0.012279987335205078
