Model,R2,MAE,RMSE,MAPE_percent,n_train,n_test,fit_time_sec,predict_time_sec
cat,0.9643465501492776,0.12791671102678984,0.04708115374432207,5.290217480120492,6208,1552,3.761817216873169,0.004151821136474609
