Model,R2,MAE,RMSE,MAPE_percent,n_train,n_test,fit_time_sec,predict_time_sec
rf,0.9575935018334214,0.005704323919368143,0.00031874472770022623,10.628906995223348,8145,2036,51.01165056228638,0.43279457092285156
