Model,R2,MAE,RMSE,MAPE_percent,n_train,n_test,fit_time_sec,predict_time_sec
cat,0.9246454516172403,0.06175969789792241,0.02549176152204113,5.709131982265064,6208,1552,6.473465204238892,0.018143653869628906
