Model,R2,MAE,RMSE,MAPE_percent,n_train,n_test,fit_time_sec,predict_time_sec
rf,0.979309349268394,0.018443954004385553,0.001124236644178273,3.256474229847274,4267,3491,24.200616598129272,0.38472843170166016
