Model,R2,MAE,RMSE,MAPE_percent,n_train,n_test,fit_time_sec,predict_time_sec
gbm,0.9898227836421922,0.008761241102986183,0.0010300162772318637,35632214.31278125,9059,2265,22.903927326202393,0.017771244049072266
