Model,R2,MAE,RMSE,MAPE_percent,n_train,n_test,fit_time_sec,predict_time_sec
cat,0.9901824744409069,0.0010863805063651554,3.7595529494489083e-06,7.51367425967922,7127,3054,3.502358913421631,0.003419160842895508
