Model,R2,MAE,RMSE,MAPE_percent,n_train,n_test,fit_time_sec,predict_time_sec
gbm,-2.08197727044473,0.047193763563999784,0.44812332280861533,16.24773680149033,8151,2038,18.476412534713745,0.014799118041992188
