Model,R2,MAE,RMSE,MAPE_percent,n_train,n_test,fit_time_sec,predict_time_sec
gbm,0.984153715631277,0.0008340763885566973,1.2284084415403295e-06,7.048247247591484,6109,4072,14.617442607879639,0.024883747100830078
