Model,R2,MAE,RMSE,MAPE_percent,n_train,n_test,fit_time_sec,predict_time_sec
rf,0.9452833371253018,0.25903953865839,0.15030281561317688,6.640415883121058,6206,1552,36.94836139678955,0.2801656723022461
