Model,R2,MAE,RMSE,MAPE_percent,n_train,n_test,fit_time_sec,predict_time_sec
cat,0.9884935976493877,0.0009977962917036322,3.763782309290467e-06,7.319173967058455,7127,3054,4.940356731414795,0.004002094268798828
