Model,R2,MAE,RMSE,MAPE_percent,n_train,n_test,fit_time_sec,predict_time_sec
cat,0.8702568861235332,0.001077594159478548,1.4379940170061197e-05,8.826395637165662,8151,2038,3.638322591781616,0.002567768096923828
