Model,R2,MAE,RMSE,MAPE_percent,n_train,n_test,fit_time_sec,predict_time_sec
cat,0.9960263502168433,0.0004996320547670121,5.297163082557375e-07,3.474702591333116,8145,2036,3.7893083095550537,0.002642393112182617
