Model,R2,MAE,RMSE,MAPE_percent,n_train,n_test,fit_time_sec,predict_time_sec
gbm,-1.5493861529648743,0.021290525114633564,0.08384747572429019,6.700514911877292,8151,2038,20.38401770591736,0.013430595397949219
