Model,R2,MAE,RMSE,MAPE_percent,n_train,n_test,fit_time_sec,predict_time_sec
rf,0.9609288648068526,0.18038967227084732,0.08596465087385115,7.451898816777769,9053,2263,56.03424000740051,0.4171450138092041
