Model,R2,MAE,RMSE,MAPE_percent,n_train,n_test,fit_time_sec,predict_time_sec
rf,0.9951154130435793,0.011767771392623158,0.0002733378150946701,7.050012588433602,8145,2036,51.64807415008545,0.3998734951019287
