Model,R2,MAE,RMSE,MAPE_percent,n_train,n_test,fit_time_sec,predict_time_sec
gbm,0.9949845622387198,0.004089427292817924,3.248034986759044e-05,7.288116337927115,8145,2036,19.82030177116394,0.01505279541015625
