Model,R2,MAE,RMSE,MAPE_percent,n_train,n_test,fit_time_sec,predict_time_sec
rf,0.8761366100273511,0.02313725687172928,0.006977480135684147,10.129749863950245,6208,1552,48.31435203552246,0.2969241142272949
