Model,R2,MAE,RMSE,MAPE_percent,n_train,n_test,fit_time_sec,predict_time_sec
cat,0.987840831903353,0.0010765983110020074,2.155228283293647e-06,6.880199348521778,8145,2036,3.7135369777679443,0.0026574134826660156
