Model,R2,MAE,RMSE,MAPE_percent,n_train,n_test,fit_time_sec,predict_time_sec
gbm,0.9973757169356904,0.002050026805432274,8.12064620050685e-06,2.872740664532659,8145,2036,20.380882263183594,0.01364278793334961
