Model,R2,MAE,RMSE,MAPE_percent,n_train,n_test,fit_time_sec,predict_time_sec
cat,0.5830104629486159,0.01498170263397268,0.004334847124524082,20.119292038562016,8151,2038,3.3792099952697754,0.0026426315307617188
