Model,R2,MAE,RMSE,MAPE_percent,n_train,n_test,fit_time_sec,predict_time_sec
gbm,0.9774381126008375,0.0009300081353851544,1.4957861964885737e-06,6.768409563036376,8145,2036,19.826280117034912,0.014705419540405273
