Model,R2,MAE,RMSE,MAPE_percent,n_train,n_test,fit_time_sec,predict_time_sec
rf,0.5514772544972667,0.32664463837651525,0.30515731599297047,1156329684.0618722,9059,2265,62.337350606918335,0.4411735534667969
