Model,R2,MAE,RMSE,MAPE_percent,n_train,n_test,fit_time_sec,predict_time_sec
rf,0.9776217943814333,0.03522667211330483,0.0030634007826844576,3.722137109512474,7056,1764,45.03209924697876,0.32853174209594727
