Model,R2,MAE,RMSE,MAPE_percent,n_train,n_test,fit_time_sec,predict_time_sec
gbm,0.9489138982174595,0.26992874417418744,0.16389516546015778,7.466948781222868,6206,1552,15.384369611740112,0.01325082778930664
