Model,R2,MAE,RMSE,MAPE_percent,n_train,n_test,fit_time_sec,predict_time_sec
cat,0.19716367195034168,0.152174408969021,0.08717413672929701,56.13014627515185,1585,6340,3.7217719554901123,0.0074498653411865234
