Model,R2,MAE,RMSE,MAPE_percent,n_train,n_test,fit_time_sec,predict_time_sec
cat,0.9651139038560451,0.1718587606294636,0.06947065119512683,5.896335993603539,6340,1585,4.821650505065918,0.003228902816772461
