Model,R2,MAE,RMSE,MAPE_percent,n_train,n_test,fit_time_sec,predict_time_sec
cat,0.4829351506331786,0.366685788920962,0.30649427760262,34.882461752143826,5151,2774,4.4033801555633545,0.0044803619384765625
