Model,R2,MAE,RMSE,MAPE_percent,n_train,n_test,fit_time_sec,predict_time_sec
rf,0.9635109526031642,0.0031198172830498604,0.00041454481863707033,3.056871435136958,8145,2036,52.92170333862305,0.40530920028686523
