Model,R2,MAE,RMSE,MAPE_percent,n_train,n_test,fit_time_sec,predict_time_sec
cat,0.9623614839101496,0.13500180212788193,0.036016810745044085,5.7373119523119565,6208,1552,3.688849449157715,0.002381563186645508
