Model,R2,MAE,RMSE,MAPE_percent,n_train,n_test,fit_time_sec,predict_time_sec
rf,0.9460599500867575,0.07875789619229566,0.03640798508361331,1321993.0056737016,9053,2263,53.945103883743286,0.4953882694244385
