Model,R2,MAE,RMSE,MAPE_percent,n_train,n_test,fit_time_sec,predict_time_sec
rf,0.9978684039797246,0.0031500099046843236,2.5058716471565337e-05,1.1415324032113336,6208,1552,37.1422643661499,0.284686803817749
