Model,R2,MAE,RMSE,MAPE_percent,n_train,n_test,fit_time_sec,predict_time_sec
rf,0.9574777829344328,0.1796791832312108,0.07951242987787963,7.326031988264682,9053,2263,55.85289168357849,0.4240882396697998
