Model,R2,MAE,RMSE,MAPE_percent,n_train,n_test,fit_time_sec,predict_time_sec
gbm,0.9651680762165962,0.18258723451798145,0.084232298176203,840591253.5561949,9053,2263,22.84003448486328,0.018315553665161133
