Model,R2,MAE,RMSE,MAPE_percent,n_train,n_test,fit_time_sec,predict_time_sec
rf,0.9966716408096618,0.00583995125737683,6.836377311120896e-05,3.22756808460359,8145,2036,51.85600566864014,0.4129831790924072
