Model,R2,MAE,RMSE,MAPE_percent,n_train,n_test,fit_time_sec,predict_time_sec
rf,0.9805301273899205,0.013606840540319142,0.0017726609873102868,742409.4582771414,9059,2265,57.203614950180054,0.44991254806518555
