Model,R2,MAE,RMSE,MAPE_percent,n_train,n_test,fit_time_sec,predict_time_sec
cat,0.17544582184342428,0.15485270206176444,0.09226510868548063,65.5187982015923,1981,5944,3.959798812866211,0.006651878356933594
