Model,R2,MAE,RMSE,MAPE_percent,n_train,n_test,fit_time_sec,predict_time_sec
gbm,0.9581241062219653,0.04493683421139348,0.01183570606021998,4.021647934805797,6208,1552,29.405691862106323,0.012037038803100586
