Model,R2,MAE,RMSE,MAPE_percent,n_train,n_test,fit_time_sec,predict_time_sec
cat,0.9598732911266934,0.19576892082355238,0.0940733643751674,1875936129.3001652,3395,7921,4.494099140167236,0.008353948593139648
