Model,R2,MAE,RMSE,MAPE_percent,n_train,n_test,fit_time_sec,predict_time_sec
rf,0.94201514100893,0.017942488514701455,0.009976029798408345,2.6685448896359816,6340,1585,38.23894929885864,0.28624963760375977
