Model,R2,MAE,RMSE,MAPE_percent,n_train,n_test,fit_time_sec,predict_time_sec
gbm,0.9047359651378646,0.27321292498327693,0.14645366355534106,11.166940818942232,6208,1552,15.463918924331665,0.012296676635742188
