Model,R2,MAE,RMSE,MAPE_percent,n_train,n_test,fit_time_sec,predict_time_sec
cat,0.9494180909937583,0.1864971535167806,0.1045521344808553,6.37992382532333,3962,3963,4.536181211471558,0.005624294281005859
