Model,R2,MAE,RMSE,MAPE_percent,n_train,n_test,fit_time_sec,predict_time_sec
cat,0.9260701618469419,0.24745558996910172,0.14635363998608336,9.084095442827643,396,7529,3.513301134109497,0.00725102424621582
