Model,R2,MAE,RMSE,MAPE_percent,n_train,n_test,fit_time_sec,predict_time_sec
cat,0.9601180184992483,0.07803928762813482,0.017149300115319732,5.553200200163882,2774,5151,4.617937088012695,0.007387638092041016
