Model,R2,MAE,RMSE,MAPE_percent,n_train,n_test,fit_time_sec,predict_time_sec
rf,0.9740785005822129,0.019722920501396034,0.0007777053493754986,9.476094165276978,8145,2036,53.0876886844635,0.40259671211242676
