Model,R2,MAE,RMSE,MAPE_percent,n_train,n_test,fit_time_sec,predict_time_sec
gbm,0.9949905129829201,0.014460055386570206,0.0003910625268980801,6.844566437877862,8145,2036,19.77829599380493,0.014818191528320312
