Model,R2,MAE,RMSE,MAPE_percent,n_train,n_test,fit_time_sec,predict_time_sec
rf,0.9375669413924749,0.1286454818188976,0.06337465273274503,5.926816211633429,6206,1552,35.960636138916016,0.2885422706604004
