Model,R2,MAE,RMSE,MAPE_percent,n_train,n_test,fit_time_sec,predict_time_sec
gbm,0.9810470445705182,0.019262754281751865,0.001099110378402503,3.4269023878928238,3879,3879,9.757972478866577,0.025244951248168945
