Model,R2,MAE,RMSE,MAPE_percent,n_train,n_test,fit_time_sec,predict_time_sec
rf,0.9863747532398369,0.0009755733639661984,5.350003229845824e-06,6.999105743455676,8145,2036,74.6040906906128,0.4333977699279785
