Model,R2,MAE,RMSE,MAPE_percent,n_train,n_test,fit_time_sec,predict_time_sec
cat,0.9897590632466995,0.010765838559570506,0.0004040566367501521,3.2056622963595522,9053,2263,3.597200870513916,0.002889871597290039
