Model,R2,MAE,RMSE,MAPE_percent,n_train,n_test,fit_time_sec,predict_time_sec
rf,0.99679331384683,0.0004476466270105036,8.981444078559783e-07,3.5448889798295475,8145,2036,52.55505108833313,0.40680432319641113
