Model,R2,MAE,RMSE,MAPE_percent,n_train,n_test,fit_time_sec,predict_time_sec
gbm,0.9983044697894932,0.0004409871686411591,4.74892429186479e-07,3.5449722307508855,8145,2036,20.91633105278015,0.014393091201782227
