Model,R2,MAE,RMSE,MAPE_percent,n_train,n_test,fit_time_sec,predict_time_sec
rf,0.997846885083122,0.007622155236891187,0.00016741049192855046,3.0558982032650497,8145,2036,52.247697830200195,0.39557862281799316
