Model,R2,MAE,RMSE,MAPE_percent,n_train,n_test,fit_time_sec,predict_time_sec
rf,0.86465887510662,0.014161723829226458,0.011498023051556531,7.196124309568508,8145,2036,81.07716393470764,0.803675651550293
