Model,R2,MAE,RMSE,MAPE_percent,n_train,n_test,fit_time_sec,predict_time_sec
gbm,0.9710111370184852,0.06968125299360874,0.0187173407983456,211613080.40650943,9053,2263,22.72719097137451,0.01835489273071289
