Model,R2,MAE,RMSE,MAPE_percent,n_train,n_test,fit_time_sec,predict_time_sec
cat,0.9623841836966467,0.18304293510527084,0.08832231226155052,1212452168.7487972,9053,2263,4.627987861633301,0.003290414810180664
