Model,R2,MAE,RMSE,MAPE_percent,n_train,n_test,fit_time_sec,predict_time_sec
cat,0.9920448373063282,0.014151848611570553,0.0004861459877620232,7.511491738509685,6618,3563,4.850856304168701,0.004791975021362305
