Model,R2,MAE,RMSE,MAPE_percent,n_train,n_test,fit_time_sec,predict_time_sec
gbm,0.9682882038691518,0.04351436647824554,0.0057873399788365525,3.9685175993746795,6208,1552,15.499201536178589,0.012115716934204102
