Model,R2,MAE,RMSE,MAPE_percent,n_train,n_test,fit_time_sec,predict_time_sec
cat,0.9204191727132887,0.001512057471400646,2.9425492981932986e-05,12.758134471830706,2545,7636,4.0906829833984375,0.009100914001464844
