Model,R2,MAE,RMSE,MAPE_percent,n_train,n_test,fit_time_sec,predict_time_sec
gbm,0.9982774112330085,0.0003126066581189523,2.59765050972361e-07,1.9426993725527573,8145,2036,20.440115451812744,0.014020442962646484
