Model,R2,MAE,RMSE,MAPE_percent,n_train,n_test,fit_time_sec,predict_time_sec
cat,0.9862361577154282,0.001130852778955134,2.3564118048540032e-06,7.550198113502563,3563,6618,3.326223373413086,0.007773160934448242
