Model,R2,MAE,RMSE,MAPE_percent,n_train,n_test,fit_time_sec,predict_time_sec
rf,0.9889183157897589,0.0011000081341294432,2.323093396464699e-06,7.337200592887518,2545,7636,13.754493951797485,0.656196117401123
