Model,R2,MAE,RMSE,MAPE_percent,n_train,n_test,fit_time_sec,predict_time_sec
gbm,0.9408182746073033,0.29330751598592814,0.21334313032565122,7.770405048851188,6213,1553,15.560206890106201,0.012974023818969727
