Model,R2,MAE,RMSE,MAPE_percent,n_train,n_test,fit_time_sec,predict_time_sec
rf,0.5423422845212018,0.01598974174295588,0.017657702179686093,7.116828134901507,8151,2038,55.668224573135376,0.38532090187072754
