Model,R2,MAE,RMSE,MAPE_percent,n_train,n_test,fit_time_sec,predict_time_sec
rf,0.9275945475132567,0.13001705174172146,0.07273889826230623,6.63816076116482,6206,1552,41.08300018310547,0.2908439636230469
