Model,R2,MAE,RMSE,MAPE_percent,n_train,n_test,fit_time_sec,predict_time_sec
gbm,0.961996897336394,0.18764072161599635,0.08790222871588628,240885118.76372337,9053,2263,34.725616455078125,0.018276453018188477
