Model,R2,MAE,RMSE,MAPE_percent,n_train,n_test,fit_time_sec,predict_time_sec
cat,0.9387047957478073,0.005253584819123248,0.0005592909737279037,7.8960422982544936,3054,7127,4.854760408401489,0.0071353912353515625
