Model,R2,MAE,RMSE,MAPE_percent,n_train,n_test,fit_time_sec,predict_time_sec
cat,0.990342707977404,0.004924958564113831,5.3137387059806443e-05,7.71617143761212,3054,7127,4.587310075759888,0.008945226669311523
