Model,R2,MAE,RMSE,MAPE_percent,n_train,n_test,fit_time_sec,predict_time_sec
cat,0.9967183421862345,0.0021293857371948743,9.792495605058199e-06,3.150364509971573,8145,2036,3.7578771114349365,0.0027129650115966797
