Model,R2,MAE,RMSE,MAPE_percent,n_train,n_test,fit_time_sec,predict_time_sec
cat,0.8915700295014243,0.28157425395305336,0.1588535991174573,11.2976376643357,6214,1554,3.4672739505767822,0.0023195743560791016
