Model,R2,MAE,RMSE,MAPE_percent,n_train,n_test,fit_time_sec,predict_time_sec
rf,0.9769964089482942,0.0029927939430356492,0.00020208989927114434,3.7774974844431077,8145,2036,50.369537353515625,0.38017725944519043
