Model,R2,MAE,RMSE,MAPE_percent,n_train,n_test,fit_time_sec,predict_time_sec
rf,0.976716071552648,0.022035458827361267,0.003737322888781208,2.946166139524609,6206,1552,65.51296186447144,0.5399742126464844
