Model,R2,MAE,RMSE,MAPE_percent,n_train,n_test,fit_time_sec,predict_time_sec
cat,0.9757142677124628,0.02729054406351848,0.004503016582026151,4.576242241977377,6206,1552,3.467149496078491,0.0023651123046875
