Model,R2,MAE,RMSE,MAPE_percent,n_train,n_test,fit_time_sec,predict_time_sec
gbm,0.9757819532851744,0.0012495521182924558,3.134318734879513e-06,10.235566715345385,8145,2036,19.48940682411194,0.015221118927001953
