Model,R2,MAE,RMSE,MAPE_percent,n_train,n_test,fit_time_sec,predict_time_sec
rf,0.9771330733235818,0.020071341522824627,0.000841579095552321,9.510745089281258,8145,2036,52.569647550582886,0.4077155590057373
