Model,R2,MAE,RMSE,MAPE_percent,n_train,n_test,fit_time_sec,predict_time_sec
rf,0.9553492306490696,0.18399566678965695,0.09096220878793561,7.286058773439508,9059,2265,55.64486002922058,0.4391143321990967
