Model,R2,MAE,RMSE,MAPE_percent,n_train,n_test,fit_time_sec,predict_time_sec
rf,0.9875530334653497,0.001015080905699032,2.0158458597032744e-06,6.668825291201616,8145,2036,51.62777876853943,0.40778565406799316
