Model,R2,MAE,RMSE,MAPE_percent,n_train,n_test,fit_time_sec,predict_time_sec
cat,0.9591393831827557,0.0807996458761149,0.025414092482092105,1472071212.0074053,9053,2263,4.485980272293091,0.015317201614379883
