Model,R2,MAE,RMSE,MAPE_percent,n_train,n_test,fit_time_sec,predict_time_sec
cat,0.9812187767763993,0.007047929418885651,0.00016050910832517967,13.078258241186935,6618,3563,4.421453237533569,0.0047779083251953125
