Model,R2,MAE,RMSE,MAPE_percent,n_train,n_test,fit_time_sec,predict_time_sec
cat,0.9761463619158329,0.0189468691671127,0.001237354978615922,168149881.52251408,2263,9053,4.158116102218628,0.011618375778198242
