Model,R2,MAE,RMSE,MAPE_percent,n_train,n_test,fit_time_sec,predict_time_sec
cat,0.9949557453291106,0.00285676319316813,1.5946698243181088e-05,4.051450256415526,8145,2036,4.6228601932525635,0.0031893253326416016
