Model,R2,MAE,RMSE,MAPE_percent,n_train,n_test,fit_time_sec,predict_time_sec
cat,0.9835964994568682,0.0008475966396801464,1.271603996818737e-06,7.163000366776845,6109,4072,3.36877703666687,0.004450559616088867
