Model,R2,MAE,RMSE,MAPE_percent,n_train,n_test,fit_time_sec,predict_time_sec
cat,0.8871994645046408,0.006648581951804051,0.0010226932153182486,8.50675398649727,1018,9163,3.675997495651245,0.009671211242675781
