Model,R2,MAE,RMSE,MAPE_percent,n_train,n_test,fit_time_sec,predict_time_sec
rf,0.8951585480715525,0.01837076258280989,0.013513420201593835,3.1031113497433305,6340,1585,39.292556047439575,0.29282617568969727
