Model,R2,MAE,RMSE,MAPE_percent,n_train,n_test,fit_time_sec,predict_time_sec
rf,0.9350923660877267,0.001248556246900783,2.7540761575111196e-05,7.725989336348084,1527,8654,7.913351058959961,0.6622262001037598
