Model,R2,MAE,RMSE,MAPE_percent,n_train,n_test,fit_time_sec,predict_time_sec
cat,0.41886359145135066,0.3858333807911329,0.34555624314768485,36.701980763302174,3566,4359,4.132366418838501,0.00504612922668457
