Model,R2,MAE,RMSE,MAPE_percent,n_train,n_test,fit_time_sec,predict_time_sec
rf,0.9220822041221334,0.01410352152156609,0.004521893444586834,3.7533240628237965,1552,6208,8.129190444946289,0.4846069812774658
