Model,R2,MAE,RMSE,MAPE_percent,n_train,n_test,fit_time_sec,predict_time_sec
cat,0.9543451277349431,0.24165974517940778,0.1288851984059037,6.346868914474032,6206,1552,3.525754928588867,0.0022962093353271484
