Model,R2,MAE,RMSE,MAPE_percent,n_train,n_test,fit_time_sec,predict_time_sec
gbm,0.9710788820826629,0.16430565670986114,0.0634950592381284,157788909.19971588,9053,2263,34.168217420578,0.018978118896484375
