Model,R2,MAE,RMSE,MAPE_percent,n_train,n_test,fit_time_sec,predict_time_sec
rf,0.9400956899069998,0.12650491826592886,0.06179283912291204,5.887140648754886,6206,1552,35.95691418647766,0.2828693389892578
