Model,R2,MAE,RMSE,MAPE_percent,n_train,n_test,fit_time_sec,predict_time_sec
gbm,0.9952479162312398,0.004702217651401711,5.739183008875912e-05,1.784870081147931,6208,1552,15.541254997253418,0.011605978012084961
