Model,R2,MAE,RMSE,MAPE_percent,n_train,n_test,fit_time_sec,predict_time_sec
gbm,0.9846707034139762,0.01255632236562236,0.0004897035213718239,21434021.257880114,5092,6224,12.326660633087158,0.0372464656829834
