Model,R2,MAE,RMSE,MAPE_percent,n_train,n_test,fit_time_sec,predict_time_sec
cat,0.9726993174903502,0.15859918280316673,0.05605596997631812,5.432937690919351,6340,1585,4.734903573989868,0.0028200149536132812
