Model,R2,MAE,RMSE,MAPE_percent,n_train,n_test,fit_time_sec,predict_time_sec
gbm,0.9641160931677659,0.061625443904096106,0.01792618296646635,4.60416517832297,5684,1421,14.023303747177124,0.011755943298339844
