Model,R2,MAE,RMSE,MAPE_percent,n_train,n_test,fit_time_sec,predict_time_sec
rf,0.9961111880213495,0.005741080093191456,9.897157753806808e-05,1.3988717157544786,6340,1585,38.14595556259155,0.2801241874694824
