Model,R2,MAE,RMSE,MAPE_percent,n_train,n_test,fit_time_sec,predict_time_sec
rf,0.9744464975736192,0.016997506884363158,0.0006335008327381744,9.185033820226229,8145,2036,52.60476541519165,0.40699172019958496
