Model,R2,MAE,RMSE,MAPE_percent,n_train,n_test,fit_time_sec,predict_time_sec
cat,0.9965104036105117,0.0023486020782285013,1.0743579274753206e-05,3.349918082480573,8145,2036,4.422448396682739,0.002874135971069336
