Model,R2,MAE,RMSE,MAPE_percent,n_train,n_test,fit_time_sec,predict_time_sec
rf,0.9875639721425883,0.0011018665448246942,2.3979597713390893e-06,7.2108708670155925,3054,7127,16.995405673980713,0.6633596420288086
