Model,R2,MAE,RMSE,MAPE_percent,n_train,n_test,fit_time_sec,predict_time_sec
gbm,0.9901322894293616,0.0008476382183286033,2.989073089100817e-06,7.490517005053103,8145,2036,19.837182760238647,0.014927864074707031
