Model,R2,MAE,RMSE,MAPE_percent,n_train,n_test,fit_time_sec,predict_time_sec
gbm,0.9944827888747306,0.004537327538707403,4.474794482707358e-05,7.343343444436617,8145,2036,20.981048107147217,0.01739025115966797
