Model,R2,MAE,RMSE,MAPE_percent,n_train,n_test,fit_time_sec,predict_time_sec
cat,0.9640298056234492,0.021623820129254998,0.002265244461936395,242547191.44233507,1697,9619,3.2121176719665527,0.012045145034790039
