Model,R2,MAE,RMSE,MAPE_percent,n_train,n_test,fit_time_sec,predict_time_sec
gbm,-0.8994537710714678,0.01020884677670648,0.02353037121750666,13.20046341569903,8151,2038,20.324702501296997,0.013744354248046875
