Model,R2,MAE,RMSE,MAPE_percent,n_train,n_test,fit_time_sec,predict_time_sec
cat,0.93651672769411,0.09192829788048909,0.03425233052681873,6.582739670341287,1189,6736,3.986340045928955,0.00709080696105957
