Model,R2,MAE,RMSE,MAPE_percent,n_train,n_test,fit_time_sec,predict_time_sec
rf,0.9988378405847383,0.004021164126238994,7.583358323328609e-05,1.6098707094839717,8145,2036,72.26071095466614,0.4071061611175537
