Model,R2,MAE,RMSE,MAPE_percent,n_train,n_test,fit_time_sec,predict_time_sec
rf,0.9885297826612792,0.006795259764574214,9.073364348234407e-05,2.5797908856418803,5432,2328,32.46975088119507,0.32038426399230957
