Model,R2,MAE,RMSE,MAPE_percent,n_train,n_test,fit_time_sec,predict_time_sec
cat,0.3213708124455906,0.33235503856729887,0.4215129615659304,34.76558949585299,5618,1405,3.220080614089966,0.0021474361419677734
