Model,R2,MAE,RMSE,MAPE_percent,n_train,n_test,fit_time_sec,predict_time_sec
cat,0.943847822758758,0.26722279591602516,0.1832403263011492,7.3588843101494845,6213,1553,3.6449902057647705,0.002334117889404297
