Model,R2,MAE,RMSE,MAPE_percent,n_train,n_test,fit_time_sec,predict_time_sec
gbm,0.9976064715997202,0.0005686393194062864,7.850848542013842e-07,4.20104190201807,8145,2036,20.530296325683594,0.0146331787109375
