Model,R2,MAE,RMSE,MAPE_percent,n_train,n_test,fit_time_sec,predict_time_sec
gbm,0.9935959966214147,0.006301756773664003,0.00028814217408512286,1.7172411873893092,9059,2265,22.83408784866333,0.016996383666992188
