Model,R2,MAE,RMSE,MAPE_percent,n_train,n_test,fit_time_sec,predict_time_sec
gbm,0.9951129118290069,0.0008038575970232478,1.2535123098376597e-06,7.739050145220958,8145,2036,20.136231184005737,0.015067815780639648
