Model,R2,MAE,RMSE,MAPE_percent,n_train,n_test,fit_time_sec,predict_time_sec
cat,0.919321957094698,0.0012244965722567507,4.026572018109022e-05,7.24543342837111,5600,4581,3.323288917541504,0.005068302154541016
