Model,R2,MAE,RMSE,MAPE_percent,n_train,n_test,fit_time_sec,predict_time_sec
cat,0.9918381956244355,0.005141540530038554,7.310749152558192e-05,7.391570186607672,8145,2036,3.5740370750427246,0.002644777297973633
