Model,R2,MAE,RMSE,MAPE_percent,n_train,n_test,fit_time_sec,predict_time_sec
gbm,0.8964310750931339,0.000409627324787862,4.805097446474855e-05,1.7294874418466457,8145,2036,20.490090131759644,0.015114307403564453
