Model,R2,MAE,RMSE,MAPE_percent,n_train,n_test,fit_time_sec,predict_time_sec
rf,0.9857658590932565,0.010944778245189477,0.0003047649883795105,3.044313526703634,8487,2829,52.12454009056091,0.45930004119873047
