Model,R2,MAE,RMSE,MAPE_percent,n_train,n_test,fit_time_sec,predict_time_sec
cat,0.9469266325126927,0.18577263087049822,0.0931957560645853,6.041852537363967,3566,4359,4.635376453399658,0.00490570068359375
