Model,R2,MAE,RMSE,MAPE_percent,n_train,n_test,fit_time_sec,predict_time_sec
gbm,0.726749621639174,0.5306026604756516,0.6383394051250388,6177107899.253106,9059,2265,20.228769302368164,0.01640796661376953
