Model,R2,MAE,RMSE,MAPE_percent,n_train,n_test,fit_time_sec,predict_time_sec
cat,0.9528495970411853,0.1810902155484962,0.06569055688211482,5.917245732793952,5151,2774,4.717822551727295,0.004002809524536133
