Model,R2,MAE,RMSE,MAPE_percent,n_train,n_test,fit_time_sec,predict_time_sec
rf,0.9669765094219046,0.04773672234821768,0.005891636494515622,4.425365409067005,6208,1552,36.25420618057251,0.2817385196685791
