Model,R2,MAE,RMSE,MAPE_percent,n_train,n_test,fit_time_sec,predict_time_sec
rf,-0.36284492340383534,0.034496964705133054,0.14442213689150898,14.851215516544189,8151,2038,52.58065938949585,0.4271583557128906
