Model,R2,MAE,RMSE,MAPE_percent,n_train,n_test,fit_time_sec,predict_time_sec
cat,0.13955118648248865,0.0024445310547779975,0.0019941415414258283,8.550511606366658,8151,2038,3.7441697120666504,0.0027091503143310547
