Model,R2,MAE,RMSE,MAPE_percent,n_train,n_test,fit_time_sec,predict_time_sec
cat,0.9962130886860284,0.0066434101014672415,0.00024210196008316628,3.240509607096677,8145,2036,3.540644645690918,0.002787351608276367
