Model,R2,MAE,RMSE,MAPE_percent,n_train,n_test,fit_time_sec,predict_time_sec
cat,0.9130953778612626,0.0010001592655430242,2.8874114258454008e-05,7.617209951988102,3054,7127,3.1408615112304688,0.0061092376708984375
