Model,R2,MAE,RMSE,MAPE_percent,n_train,n_test,fit_time_sec,predict_time_sec
cat,0.982487095963214,0.013347574664796935,0.00030710247496042083,6.706285284429398,6618,3563,4.736939191818237,0.004812717437744141
