Model,R2,MAE,RMSE,MAPE_percent,n_train,n_test,fit_time_sec,predict_time_sec
rf,0.9848576243149101,0.01832726974594365,0.0010802754500462163,3.12910322047818,6213,1553,37.13248944282532,0.2754940986633301
