Model,R2,MAE,RMSE,MAPE_percent,n_train,n_test,fit_time_sec,predict_time_sec
rf,0.9838553682319631,0.004773161624438794,0.0011573353248598207,1.6879177695246037,8145,2036,49.46316742897034,0.3791813850402832
