Model,R2,MAE,RMSE,MAPE_percent,n_train,n_test,fit_time_sec,predict_time_sec
cat,0.9548650851425364,0.20132293125146292,0.08521265675474055,1664168938.352306,3395,7921,4.566800832748413,0.010479927062988281
