Model,R2,MAE,RMSE,MAPE_percent,n_train,n_test,fit_time_sec,predict_time_sec
rf,0.9853703679828163,0.000837498208688505,1.3225782164890512e-06,7.0890244075516415,5090,5091,30.082830905914307,0.578894853591919
