Model,R2,MAE,RMSE,MAPE_percent,n_train,n_test,fit_time_sec,predict_time_sec
cat,0.3027837651486809,0.1511373576071958,0.08110564681226433,2300483701.336948,3961,7355,4.322643756866455,0.007784843444824219
