Model,R2,MAE,RMSE,MAPE_percent,n_train,n_test,fit_time_sec,predict_time_sec
cat,0.2802797908543765,0.3630441144521421,0.35261327059059283,39.04171245673966,702,6313,3.299562931060791,0.0069429874420166016
