Model,R2,MAE,RMSE,MAPE_percent,n_train,n_test,fit_time_sec,predict_time_sec
rf,0.9860103638697963,0.0009063791189665688,1.5079581444566806e-06,6.781078886542967,5090,5091,29.930149793624878,0.5750975608825684
