Model,R2,MAE,RMSE,MAPE_percent,n_train,n_test,fit_time_sec,predict_time_sec
rf,0.9954086168509829,0.0029519904770801027,1.7488992238234206e-05,3.8173363415274704,8145,2036,53.05847644805908,0.4011218547821045
