Model,R2,MAE,RMSE,MAPE_percent,n_train,n_test,fit_time_sec,predict_time_sec
rf,0.26468137708057415,0.0008330769072516331,0.0003415554633276878,2.1057025800224527,8151,2038,54.99677014350891,0.3886878490447998
