Model,R2,MAE,RMSE,MAPE_percent,n_train,n_test,fit_time_sec,predict_time_sec
cat,0.6512742667279716,0.29283063582259744,0.7076550340655351,11.178377559853216,6214,1554,3.335610866546631,0.0022733211517333984
