Model,R2,MAE,RMSE,MAPE_percent,n_train,n_test,fit_time_sec,predict_time_sec
rf,0.9681103113440623,0.04555830915985819,0.015199517248796507,4.322868796295308,7056,1764,45.61969828605652,0.3593893051147461
