Model,R2,MAE,RMSE,MAPE_percent,n_train,n_test,fit_time_sec,predict_time_sec
rf,0.9006448510102046,0.02524819974158442,0.011380380030902887,27510156.759882823,566,10750,2.674623966217041,0.6152193546295166
