Model,R2,MAE,RMSE,MAPE_percent,n_train,n_test,fit_time_sec,predict_time_sec
rf,0.8716230316913667,0.0006982786546405951,5.077202634711651e-05,4.469271814483896,8145,2036,77.32869791984558,0.4447815418243408
