Model,R2,MAE,RMSE,MAPE_percent,n_train,n_test,fit_time_sec,predict_time_sec
cat,0.4961789364103856,0.38210507604819466,0.32140368556885307,5282117072.766606,2829,8487,4.203695058822632,0.009682655334472656
