Model,R2,MAE,RMSE,MAPE_percent,n_train,n_test,fit_time_sec,predict_time_sec
rf,0.9392866689721,0.2647586328639262,0.19812465223897013,6.988878885406789,6213,1553,36.99816179275513,0.2772831916809082
