Model,R2,MAE,RMSE,MAPE_percent,n_train,n_test,fit_time_sec,predict_time_sec
cat,0.9614656136137832,0.07507330328662296,0.012962597882678627,5.881477540576668,6224,5092,4.844842195510864,0.006757020950317383
