Model,R2,MAE,RMSE,MAPE_percent,n_train,n_test,fit_time_sec,predict_time_sec
cat,0.9446712929032459,0.2654712737664209,0.1486849943343963,6.930446789841844,6206,1552,10.153099775314331,0.0029327869415283203
