Model,R2,MAE,RMSE,MAPE_percent,n_train,n_test,fit_time_sec,predict_time_sec
gbm,0.9865282015181905,0.0008558754985973141,1.3287803012920492e-06,7.251625592228357,4581,5600,10.827473163604736,0.03385114669799805
