Model,R2,MAE,RMSE,MAPE_percent,n_train,n_test,fit_time_sec,predict_time_sec
rf,0.9629849803576866,0.061398829372276975,0.01439356596122411,4.5708391982393595,5684,1421,36.24279236793518,0.2785038948059082
