Model,R2,MAE,RMSE,MAPE_percent,n_train,n_test,fit_time_sec,predict_time_sec
rf,0.93358630630004,0.0010582120087090977,2.447804055545788e-05,7.525316036155952,3054,7127,16.94042944908142,0.6763730049133301
