Model,R2,MAE,RMSE,MAPE_percent,n_train,n_test,fit_time_sec,predict_time_sec
gbm,0.9986439200388758,0.0014661631639251215,4.219969008655579e-06,2.04647643748696,8145,2036,20.43792462348938,0.013779401779174805
