Model,R2,MAE,RMSE,MAPE_percent,n_train,n_test,fit_time_sec,predict_time_sec
cat,0.8746926860548742,0.003134431123431089,0.0016722561834046597,2.8716541327639837,8145,2036,7.184978246688843,0.01352071762084961
