Model,R2,MAE,RMSE,MAPE_percent,n_train,n_test,fit_time_sec,predict_time_sec
cat,0.9545193276719355,0.07994306324877647,0.019789812260559266,6.166445347621625,9053,2263,3.964224338531494,0.003064393997192383
