Model,R2,MAE,RMSE,MAPE_percent,n_train,n_test,fit_time_sec,predict_time_sec
gbm,0.9317148841780293,0.0005424903694622291,3.1775049661674194e-05,2.128723593199765,8145,2036,25.123074769973755,0.015326499938964844
