Model,R2,MAE,RMSE,MAPE_percent,n_train,n_test,fit_time_sec,predict_time_sec
gbm,0.9501581951362474,0.1446865156851644,0.06591732650917317,6.17719524132003,6208,1552,15.388892412185669,0.01263880729675293
