Model,R2,MAE,RMSE,MAPE_percent,n_train,n_test,fit_time_sec,predict_time_sec
rf,0.9811961021515181,0.01096495055891721,0.0010592623352242239,3.1371480926962,6208,1552,38.18660378456116,0.2889890670776367
