Model,R2,MAE,RMSE,MAPE_percent,n_train,n_test,fit_time_sec,predict_time_sec
gbm,0.9967801955389674,0.0023578437978136347,1.1874755887891559e-05,2.987639507421038,8145,2036,20.563668727874756,0.013306617736816406
