Model,R2,MAE,RMSE,MAPE_percent,n_train,n_test,fit_time_sec,predict_time_sec
gbm,0.9239222190948262,0.0010354254225046467,3.219449881765056e-05,7.340008405813883,5090,5091,12.154727697372437,0.03309988975524902
