Model,R2,MAE,RMSE,MAPE_percent,n_train,n_test,fit_time_sec,predict_time_sec
cat,0.9969619704287017,0.00406254534892376,4.2487536722338504e-05,1.573207255072481,6208,1552,3.437304973602295,0.002254486083984375
