Model,R2,MAE,RMSE,MAPE_percent,n_train,n_test,fit_time_sec,predict_time_sec
cat,0.8847328684944286,0.00153292902207677,4.9650881217948344e-05,13.036151181131034,5600,4581,4.336397171020508,0.0054132938385009766
