Model,R2,MAE,RMSE,MAPE_percent,n_train,n_test,fit_time_sec,predict_time_sec
rf,0.968607066692625,0.15910901375616548,0.05497736296245464,6.6365325708357386,9053,2263,55.070284605026245,0.4322526454925537
