Model,R2,MAE,RMSE,MAPE_percent,n_train,n_test,fit_time_sec,predict_time_sec
cat,0.6427695357233041,0.0755508296488184,0.2352122099028058,5.358687154749603,4263,2842,4.625406980514526,0.003752470016479492
