Model,R2,MAE,RMSE,MAPE_percent,n_train,n_test,fit_time_sec,predict_time_sec
gbm,0.9403968839100666,0.27909223613609385,0.19698362654638366,7.669790421220054,6206,1552,15.436662197113037,0.013294696807861328
