Model,R2,MAE,RMSE,MAPE_percent,n_train,n_test,fit_time_sec,predict_time_sec
cat,0.5327683199287107,0.3654600001789948,0.29843900975566057,1296097258.2308843,6224,5092,4.460986852645874,0.006486415863037109
