Model,R2,MAE,RMSE,MAPE_percent,n_train,n_test,fit_time_sec,predict_time_sec
cat,0.9573317890348007,0.017673332865003714,0.0043903497469806926,219.1472768946681,9053,2263,4.584754943847656,0.0038344860076904297
