Model,R2,MAE,RMSE,MAPE_percent,n_train,n_test,fit_time_sec,predict_time_sec
cat,0.4224372921464671,0.32156195019310857,0.21251165570244654,32.22658199474659,5612,1403,3.1273515224456787,0.0024089813232421875
