Model,R2,MAE,RMSE,MAPE_percent,n_train,n_test,fit_time_sec,predict_time_sec
gbm,0.9482855696909184,0.0009872965016718175,1.743950812710745e-05,7.106007425290084,7127,3054,17.28150963783264,0.02106785774230957
