Model,R2,MAE,RMSE,MAPE_percent,n_train,n_test,fit_time_sec,predict_time_sec
cat,0.76116154914297,0.07365713840371943,0.08198558704806619,6.280501209580419,5612,1403,3.651113271713257,0.0021567344665527344
