Model,R2,MAE,RMSE,MAPE_percent,n_train,n_test,fit_time_sec,predict_time_sec
rf,0.986458086050907,0.0023226032008606475,9.334216438407946e-05,3.3121400544319437,8145,2036,86.39151048660278,0.8017377853393555
