Model,R2,MAE,RMSE,MAPE_percent,n_train,n_test,fit_time_sec,predict_time_sec
cat,0.9900168233849443,0.0019985272190634583,7.503767227488376e-05,2.705160155252006,8145,2036,3.6831212043762207,0.003049612045288086
