Model,R2,MAE,RMSE,MAPE_percent,n_train,n_test,fit_time_sec,predict_time_sec
cat,0.9423600976904717,0.08873682786483535,0.036511695718992696,350417138.4723275,3961,7355,4.774758815765381,0.008211612701416016
