Model,R2,MAE,RMSE,MAPE_percent,n_train,n_test,fit_time_sec,predict_time_sec
rf,0.9963052117353411,0.002460446312619793,1.1737134893133384e-05,3.6196617828818245,8145,2036,50.60201692581177,0.409254789352417
