Model,R2,MAE,RMSE,MAPE_percent,n_train,n_test,fit_time_sec,predict_time_sec
rf,0.9306665876123711,0.02082299059919343,0.00856191886493262,1877671.9567157184,5658,5658,33.26137852668762,0.6691749095916748
