Model,R2,MAE,RMSE,MAPE_percent,n_train,n_test,fit_time_sec,predict_time_sec
cat,0.961331576337767,0.01405998786469946,0.0014243489842468008,6.051206179903829,776,6984,2.77224063873291,0.006487607955932617
