Model,R2,MAE,RMSE,MAPE_percent,n_train,n_test,fit_time_sec,predict_time_sec
rf,0.32748955706577565,0.20769391001419485,0.13314570319693594,61.32432394911813,6213,1553,42.0216269493103,0.3182187080383301
