Model,R2,MAE,RMSE,MAPE_percent,n_train,n_test,fit_time_sec,predict_time_sec
cat,0.967450501234591,0.06905061228368602,0.01155057955916857,4.732702342156538,5151,2774,4.620143175125122,0.004012107849121094
