Model,R2,MAE,RMSE,MAPE_percent,n_train,n_test,fit_time_sec,predict_time_sec
rf,0.9834556104809097,0.012676001493952593,0.0005643363924003912,408568.06604458357,4526,6790,25.244630813598633,0.664884090423584
