Model,R2,MAE,RMSE,MAPE_percent,n_train,n_test,fit_time_sec,predict_time_sec
cat,0.19716367195034168,0.152174408969021,0.08717413672929701,56.13014627515185,1585,6340,3.701101303100586,0.006628990173339844
