Model,R2,MAE,RMSE,MAPE_percent,n_train,n_test,fit_time_sec,predict_time_sec
cat,0.971634302434379,0.04500987956722581,0.005636803399109762,4.1138179647555795,6208,1552,3.412914276123047,0.0022933483123779297
