Model,R2,MAE,RMSE,MAPE_percent,n_train,n_test,fit_time_sec,predict_time_sec
rf,0.2902508814938777,0.001924181822118018,0.0005501421866207646,8.054573047615502,8151,2038,54.67465615272522,0.40836381912231445
