Model,R2,MAE,RMSE,MAPE_percent,n_train,n_test,fit_time_sec,predict_time_sec
gbm,0.9949054032234481,0.0047954520042960734,6.264286020685701e-05,1.7712512113692385,6208,1552,15.624084949493408,0.011713504791259766
