Model,R2,MAE,RMSE,MAPE_percent,n_train,n_test,fit_time_sec,predict_time_sec
rf,0.9309330824121019,0.05756443001042435,0.02591888103637083,4.957943418992501,6208,1552,55.86438012123108,0.2864806652069092
