Model,R2,MAE,RMSE,MAPE_percent,n_train,n_test,fit_time_sec,predict_time_sec
gbm,0.9753560134808992,0.021497847597252456,0.0008829262307755737,10.274885199100346,8145,2036,19.519723176956177,0.015194892883300781
