Model,R2,MAE,RMSE,MAPE_percent,n_train,n_test,fit_time_sec,predict_time_sec
gbm,0.9933099277314311,0.008817464850374575,0.0006976373574854937,75432344.53004664,9053,2263,22.840238094329834,0.017783641815185547
