Model,R2,MAE,RMSE,MAPE_percent,n_train,n_test,fit_time_sec,predict_time_sec
cat,0.7650327367664698,0.5212430918594236,0.5498461241860814,6230306829.493121,6224,5092,4.520898103713989,0.007474422454833984
