Model,R2,MAE,RMSE,MAPE_percent,n_train,n_test,fit_time_sec,predict_time_sec
rf,0.46935791724334486,0.0007315173958849144,0.00011591886027087766,3.8257415919483715,8151,2038,56.214760541915894,0.38098573684692383
