Model,R2,MAE,RMSE,MAPE_percent,n_train,n_test,fit_time_sec,predict_time_sec
cat,0.933086837036735,0.23167625984540047,0.13684161075311824,8.441678868208902,792,7133,3.678525686264038,0.007578849792480469
