Model,R2,MAE,RMSE,MAPE_percent,n_train,n_test,fit_time_sec,predict_time_sec
rf,0.4391706877863101,0.2739631431778751,0.18972347905136702,36.39959970665475,6208,1552,40.66235423088074,0.30376124382019043
