Model,R2,MAE,RMSE,MAPE_percent,n_train,n_test,fit_time_sec,predict_time_sec
cat,0.9813077859023621,0.0008528481607620431,1.265531480587607e-06,6.9717183259675215,6618,3563,3.6354973316192627,0.004199981689453125
