Model,R2,MAE,RMSE,MAPE_percent,n_train,n_test,fit_time_sec,predict_time_sec
cat,0.9803747338245784,0.007938869238936273,0.00020483118742000277,12.351511988297796,8145,2036,3.4064269065856934,0.002666473388671875
