Model,R2,MAE,RMSE,MAPE_percent,n_train,n_test,fit_time_sec,predict_time_sec
rf,0.932002778407649,0.0196000505929626,0.007548215641220132,1268644.2862289092,5658,5658,33.74568057060242,0.664984941482544
