Model,R2,MAE,RMSE,MAPE_percent,n_train,n_test,fit_time_sec,predict_time_sec
rf,0.4275373338720957,0.19821756498495244,0.11547477764303721,52.49688655910625,6213,1553,42.24784469604492,0.30915117263793945
