Model,R2,MAE,RMSE,MAPE_percent,n_train,n_test,fit_time_sec,predict_time_sec
rf,0.956805080665563,0.17817327638769526,0.07680647988928854,7.038516999781602,9053,2263,55.43143939971924,0.43281030654907227
