Model,R2,MAE,RMSE,MAPE_percent,n_train,n_test,fit_time_sec,predict_time_sec
cat,0.9476444681993191,0.04532468862437315,0.013250219463513372,5.4821705534903415,7062,1765,3.6072022914886475,0.0025568008422851562
