Model,R2,MAE,RMSE,MAPE_percent,n_train,n_test,fit_time_sec,predict_time_sec
rf,0.8828725461600943,0.10904581022885246,0.04936199415422319,9.0770166320241,6208,1552,40.02150535583496,0.3133358955383301
