Model,R2,MAE,RMSE,MAPE_percent,n_train,n_test,fit_time_sec,predict_time_sec
gbm,0.9772832455076585,0.01886194189933028,0.001083881283445338,3.3607714794905035,5043,2715,12.483298301696777,0.017627239227294922
