Model,R2,MAE,RMSE,MAPE_percent,n_train,n_test,fit_time_sec,predict_time_sec
cat,0.3238025516563894,0.3376972157364906,0.36333740971217365,32.593454229505205,4560,2455,4.387276887893677,0.0038595199584960938
