Model,R2,MAE,RMSE,MAPE_percent,n_train,n_test,fit_time_sec,predict_time_sec
rf,0.9365323763619191,0.03420610728126993,0.014567528647455839,4.119338523391416,3103,4655,16.914092779159546,0.45534396171569824
