Model,R2,MAE,RMSE,MAPE_percent,n_train,n_test,fit_time_sec,predict_time_sec
rf,0.9933819092821173,0.004594553023331192,8.393956775697023e-05,1.6209051297707489,6208,1552,37.37345361709595,0.28299903869628906
