Model,R2,MAE,RMSE,MAPE_percent,n_train,n_test,fit_time_sec,predict_time_sec
cat,0.942160835460968,0.08518801823303798,0.03400900461306002,5.790089446609502,2378,5547,4.501283645629883,0.00606846809387207
