Model,R2,MAE,RMSE,MAPE_percent,n_train,n_test,fit_time_sec,predict_time_sec
cat,0.9591459152147549,0.07821404889331195,0.018150204607626043,5.500418916963759,2378,5547,4.3131794929504395,0.00584864616394043
