Model,R2,MAE,RMSE,MAPE_percent,n_train,n_test,fit_time_sec,predict_time_sec
cat,0.9609286418878706,0.073629428244492,0.012535325474461954,5.802378452956213,7355,3961,4.899708986282349,0.005200386047363281
