Model,R2,MAE,RMSE,MAPE_percent,n_train,n_test,fit_time_sec,predict_time_sec
cat,0.9671886098096097,0.17144555916472182,0.06140208914620504,7.239893443345297,9053,2263,3.863405227661133,0.003055572509765625
