Model,R2,MAE,RMSE,MAPE_percent,n_train,n_test,fit_time_sec,predict_time_sec
cat,0.9268304462251449,0.0015279920442563138,2.6601630342540305e-05,13.087980962039381,2036,8145,4.0669474601745605,0.009796619415283203
