Model,R2,MAE,RMSE,MAPE_percent,n_train,n_test,fit_time_sec,predict_time_sec
cat,0.9435121426857749,0.0902746878442236,0.0367134664225175,771072453.994196,2829,8487,4.352142333984375,0.009586095809936523
