Model,R2,MAE,RMSE,MAPE_percent,n_train,n_test,fit_time_sec,predict_time_sec
gbm,0.9904486713480365,0.013496778417937533,0.0007215343824722463,6.872795903260133,8145,2036,19.913458585739136,0.01527094841003418
