Model,R2,MAE,RMSE,MAPE_percent,n_train,n_test,fit_time_sec,predict_time_sec
cat,0.88554177167488,0.02286811072768402,0.014654114081825681,4.419338969693086,4359,3566,4.697818756103516,0.004899263381958008
