Model,R2,MAE,RMSE,MAPE_percent,n_train,n_test,fit_time_sec,predict_time_sec
gbm,0.6374100602389536,0.0008847793232912793,4.018727070936809e-05,5.944042839072114,8151,2038,20.243985652923584,0.012679815292358398
