Model,R2,MAE,RMSE,MAPE_percent,n_train,n_test,fit_time_sec,predict_time_sec
cat,0.9390206825529305,0.2850498112107918,0.2092968387425655,7.5067611156442835,6206,1552,3.5750625133514404,0.0024368762969970703
