Model,R2,MAE,RMSE,MAPE_percent,n_train,n_test,fit_time_sec,predict_time_sec
cat,0.9786756173010064,0.0013456247172370687,7.208479010188161e-06,12.617997971298628,8145,2036,4.4518349170684814,0.0028727054595947266
