Model,R2,MAE,RMSE,MAPE_percent,n_train,n_test,fit_time_sec,predict_time_sec
cat,0.9896178179046791,0.014269727987741326,0.0006813846371186594,7.165040562134576,8145,2036,3.638108730316162,0.0026366710662841797
