Model,R2,MAE,RMSE,MAPE_percent,n_train,n_test,fit_time_sec,predict_time_sec
rf,0.8855244190053698,0.2739049583194174,0.13977725850636769,10.266951986523765,6208,1552,37.5528998374939,0.29207825660705566
