Model,R2,MAE,RMSE,MAPE_percent,n_train,n_test,fit_time_sec,predict_time_sec
cat,0.9538989551521793,0.02027590284505159,0.005810299082191685,336865834.5518568,9053,2263,3.8069839477539062,0.002982616424560547
