Model,R2,MAE,RMSE,MAPE_percent,n_train,n_test,fit_time_sec,predict_time_sec
rf,0.9458725092426767,0.05815546749955049,0.01889173502237225,4.975684931503235,6208,1552,52.37558698654175,0.5683274269104004
