Model,R2,MAE,RMSE,MAPE_percent,n_train,n_test,fit_time_sec,predict_time_sec
rf,0.9893593820647192,0.009841803859512088,0.0013159664778524067,1.6209482395467372,6340,1585,38.27173471450806,0.32532644271850586
