Model,R2,MAE,RMSE,MAPE_percent,n_train,n_test,fit_time_sec,predict_time_sec
rf,0.9990922272436757,0.003283705301476855,2.4966139050989867e-05,1.4891711091584678,8145,2036,49.32779860496521,0.5072851181030273
