Model,R2,MAE,RMSE,MAPE_percent,n_train,n_test,fit_time_sec,predict_time_sec
cat,0.9583104208373415,0.07393626516397378,0.011835622426786502,5.671399333764391,8487,2829,4.889029502868652,0.003798246383666992
