Model,R2,MAE,RMSE,MAPE_percent,n_train,n_test,fit_time_sec,predict_time_sec
cat,0.9639364731178568,0.17679171331738236,0.06616135809751895,7.45378179881504,9053,2263,3.8357510566711426,0.0029973983764648438
