Model,R2,MAE,RMSE,MAPE_percent,n_train,n_test,fit_time_sec,predict_time_sec
cat,0.9139717544352328,0.2688192442273936,0.13416872551927728,11.279037480237616,6208,1552,3.51407790184021,0.002331256866455078
