Model,R2,MAE,RMSE,MAPE_percent,n_train,n_test,fit_time_sec,predict_time_sec
gbm,0.9866461899607475,0.01710526053532389,0.0010639550620522619,2.7424518860381433,6206,1552,15.468581438064575,0.011995315551757812
