Model,R2,MAE,RMSE,MAPE_percent,n_train,n_test,fit_time_sec,predict_time_sec
cat,0.9856053474561732,0.0038236143277481207,0.00016353478793863433,4.664803113983713,8145,2036,3.822984218597412,0.004239320755004883
