Model,R2,MAE,RMSE,MAPE_percent,n_train,n_test,fit_time_sec,predict_time_sec
cat,0.9506622621258275,0.08177699435134765,0.030344321440134374,5.473715228937722,3566,4359,4.616959095001221,0.005149126052856445
