Model,R2,MAE,RMSE,MAPE_percent,n_train,n_test,fit_time_sec,predict_time_sec
cat,0.9147456008355394,0.27546801770013457,0.2715786728113774,7.973029143770698,6213,1553,3.58789324760437,0.0024390220642089844
