Model,R2,MAE,RMSE,MAPE_percent,n_train,n_test,fit_time_sec,predict_time_sec
cat,0.9564887315246104,0.06102416094331023,0.01619118785077398,5.103775674645405,5684,1421,4.027367115020752,0.0025429725646972656
