Model,R2,MAE,RMSE,MAPE_percent,n_train,n_test,fit_time_sec,predict_time_sec
cat,0.9128888507169157,0.2714708128023838,0.1358576104987728,11.360612833764359,6208,1552,3.442856788635254,0.002397298812866211
