Model,R2,MAE,RMSE,MAPE_percent,n_train,n_test,fit_time_sec,predict_time_sec
gbm,0.9803300744026081,0.00797908401176076,0.000900265362861692,2.1911768006310353,6208,1552,27.105968952178955,0.012377262115478516
