Model,R2,MAE,RMSE,MAPE_percent,n_train,n_test,fit_time_sec,predict_time_sec
cat,0.9962604120763915,0.002418451846786665,1.1672715866717353e-05,3.4914815991196746,8145,2036,3.5350468158721924,0.0025894641876220703
