Model,R2,MAE,RMSE,MAPE_percent,n_train,n_test,fit_time_sec,predict_time_sec
gbm,0.8958055130341305,0.09367649641436497,0.022326524165716358,8.220135002700438,6208,1552,15.684260129928589,0.011512041091918945
