Model,R2,MAE,RMSE,MAPE_percent,n_train,n_test,fit_time_sec,predict_time_sec
cat,0.998050321644132,0.00182939149885418,7.042010363060746e-06,2.698583887463818,8145,2036,3.7377421855926514,0.002594470977783203
