Model,R2,MAE,RMSE,MAPE_percent,n_train,n_test,fit_time_sec,predict_time_sec
cat,0.8754060068958069,0.0225849435678334,0.018269849308957847,634825495.3020513,9059,2265,3.7738757133483887,0.002933025360107422
