Model,R2,MAE,RMSE,MAPE_percent,n_train,n_test,fit_time_sec,predict_time_sec
rf,0.9973501896099854,0.0025877731605491805,1.8863839457040036e-05,4.193486268974349,8145,2036,89.41329312324524,0.784738302230835
