Model,R2,MAE,RMSE,MAPE_percent,n_train,n_test,fit_time_sec,predict_time_sec
rf,0.9979984511637728,0.0032336537806605683,2.5562437300233168e-05,1.1813075176730383,6208,1552,36.90109872817993,0.28613853454589844
