Model,R2,MAE,RMSE,MAPE_percent,n_train,n_test,fit_time_sec,predict_time_sec
cat,0.3318075160281676,0.3440259894460773,0.3105330812355545,33.82718571796471,2455,4560,4.07763934135437,0.006033658981323242
