Model,R2,MAE,RMSE,MAPE_percent,n_train,n_test,fit_time_sec,predict_time_sec
cat,0.9651546184024163,0.1256899814017659,0.03345146607062157,5.334229506753291,6208,1552,4.521730899810791,0.002560853958129883
