Model,R2,MAE,RMSE,MAPE_percent,n_train,n_test,fit_time_sec,predict_time_sec
rf,0.9748793390777688,0.005911434419958685,7.544393351422855e-05,9.65152032985092,8145,2036,52.81775999069214,0.40236496925354004
