Model,R2,MAE,RMSE,MAPE_percent,n_train,n_test,fit_time_sec,predict_time_sec
cat,0.9865737200783874,0.011948132379114133,0.00040972273426094247,3.339435840804449,5151,2774,4.722643852233887,0.0038263797760009766
