Model,R2,MAE,RMSE,MAPE_percent,n_train,n_test,fit_time_sec,predict_time_sec
cat,0.9887383387707792,0.0045410490836967805,3.818780435521507e-05,7.041947038143761,8145,2036,3.729308605194092,0.0027112960815429688
