Model,R2,MAE,RMSE,MAPE_percent,n_train,n_test,fit_time_sec,predict_time_sec
gbm,0.9390645061060718,0.0011795338768307542,1.986211576258062e-05,8.436314928980215,509,9672,1.257305383682251,0.06292390823364258
