Model,R2,MAE,RMSE,MAPE_percent,n_train,n_test,fit_time_sec,predict_time_sec
gbm,0.9754307591283987,0.06764978599508549,0.016398255991670153,630669517.3333288,9053,2263,27.468666553497314,0.01960277557373047
