Model,R2,MAE,RMSE,MAPE_percent,n_train,n_test,fit_time_sec,predict_time_sec
cat,0.9866803362291988,0.0051909528590388864,5.0599536346683125e-05,6.8843846260829995,8145,2036,5.104700326919556,0.0031778812408447266
