Model,R2,MAE,RMSE,MAPE_percent,n_train,n_test,fit_time_sec,predict_time_sec
gbm,0.9700071727672414,0.059010514862751356,0.008593404957023557,4.3348427137563945,5684,1421,14.157585620880127,0.011430740356445312
