Model,R2,MAE,RMSE,MAPE_percent,n_train,n_test,fit_time_sec,predict_time_sec
gbm,0.9906401327512148,0.0009347956320147569,1.6614891921126074e-06,8.239503264921215,1527,8654,3.5444467067718506,0.05188155174255371
