Model,R2,MAE,RMSE,MAPE_percent,n_train,n_test,fit_time_sec,predict_time_sec
cat,0.9904731485515623,0.004996075300739836,5.575285366885186e-05,7.732409542138728,2545,7636,4.390568733215332,0.00879669189453125
