Model,R2,MAE,RMSE,MAPE_percent,n_train,n_test,fit_time_sec,predict_time_sec
cat,0.9406976085890858,0.005636908588073431,0.0005581844025659307,7.804223222658677,2545,7636,7.2585954666137695,0.0075225830078125
