Model,R2,MAE,RMSE,MAPE_percent,n_train,n_test,fit_time_sec,predict_time_sec
cat,0.9942078273279042,0.005248184616265976,6.781102480997474e-05,2.1069806499065513,6208,1552,3.484358549118042,0.0023679733276367188
