Model,R2,MAE,RMSE,MAPE_percent,n_train,n_test,fit_time_sec,predict_time_sec
gbm,0.9926554989228944,0.008093771023268788,0.00043263383868645175,4.258643469511393,8145,2036,38.81004047393799,0.014407873153686523
