Model,R2,MAE,RMSE,MAPE_percent,n_train,n_test,fit_time_sec,predict_time_sec
gbm,0.9955351960884274,0.0024868689690928157,1.2018355735995934e-05,4.089438175337725,8145,2036,20.13517665863037,0.014102458953857422
