Model,R2,MAE,RMSE,MAPE_percent,n_train,n_test,fit_time_sec,predict_time_sec
rf,0.9387584918403762,0.06978655618235396,0.02102224738168832,5.547839214752147,5612,1403,36.34054732322693,0.2686879634857178
