Model,R2,MAE,RMSE,MAPE_percent,n_train,n_test,fit_time_sec,predict_time_sec
cat,0.5873307490121646,0.6443906225406152,0.8366840811807827,27.274832026092987,792,7133,3.3570878505706787,0.007639646530151367
