Model,R2,MAE,RMSE,MAPE_percent,n_train,n_test,fit_time_sec,predict_time_sec
cat,0.5300465206106042,0.36005975093159487,0.3183271992494035,6654306163.322457,7921,3395,4.723709583282471,0.004217624664306641
