Model,R2,MAE,RMSE,MAPE_percent,n_train,n_test,fit_time_sec,predict_time_sec
cat,0.9797770017245958,0.004496822121994502,3.5195805737831216e-05,6.678533601946738,7636,2545,4.938590049743652,0.003760099411010742
