Model,R2,MAE,RMSE,MAPE_percent,n_train,n_test,fit_time_sec,predict_time_sec
cat,0.9651400171975553,0.12694731262108577,0.034912381735443636,5.279481452817686,6208,1552,3.410506010055542,0.0022780895233154297
