Model,R2,MAE,RMSE,MAPE_percent,n_train,n_test,fit_time_sec,predict_time_sec
cat,0.952493957929057,0.10322508601463458,0.02660536111104937,5.265716934018593,6206,1552,3.4836456775665283,0.002409219741821289
