Model,R2,MAE,RMSE,MAPE_percent,n_train,n_test,fit_time_sec,predict_time_sec
rf,0.9615197976324044,0.13169160375175795,0.05080263485553469,5.482879083995744,6208,1552,36.46501350402832,0.28142452239990234
