Model,R2,MAE,RMSE,MAPE_percent,n_train,n_test,fit_time_sec,predict_time_sec
cat,0.9571193314440681,0.2004384820797419,0.0828711319566651,694531736.6932089,2829,8487,4.411773681640625,0.009482622146606445
