Model,R2,MAE,RMSE,MAPE_percent,n_train,n_test,fit_time_sec,predict_time_sec
rf,0.9041258979158,0.001262668117882274,3.450005165506909e-05,8.56392865721108,509,9672,2.456165075302124,0.5498554706573486
