Model,R2,MAE,RMSE,MAPE_percent,n_train,n_test,fit_time_sec,predict_time_sec
rf,0.9799177970936819,0.03394577384554984,0.002830639799642192,3.708883418124941,7056,1764,45.18939137458801,0.3207690715789795
