Model,R2,MAE,RMSE,MAPE_percent,n_train,n_test,fit_time_sec,predict_time_sec
cat,0.975773737186802,0.06490292530771781,0.014703889941366774,157977325.2631344,9053,2263,3.8597347736358643,0.0029625892639160156
