Model,R2,MAE,RMSE,MAPE_percent,n_train,n_test,fit_time_sec,predict_time_sec
gbm,0.8925668088177078,0.001212784648936852,5.9415817512720096e-05,7.13765490005978,8145,2036,39.27634596824646,0.02781224250793457
