Model,R2,MAE,RMSE,MAPE_percent,n_train,n_test,fit_time_sec,predict_time_sec
cat,0.9723629216507865,0.042042600461119115,0.004631113558110564,3.8872598767478515,6208,1552,4.34389328956604,0.003116607666015625
