Model,R2,MAE,RMSE,MAPE_percent,n_train,n_test,fit_time_sec,predict_time_sec
rf,0.9734515919518332,0.0015894800460925934,0.00018881405280746146,1.8925745670734981,8145,2036,50.981337547302246,0.4275374412536621
