Model,R2,MAE,RMSE,MAPE_percent,n_train,n_test,fit_time_sec,predict_time_sec
cat,0.8517486077626893,0.0012987696694220965,5.9019565419403225e-05,12.310404562752925,8145,2036,4.318535089492798,0.0033152103424072266
