Model,R2,MAE,RMSE,MAPE_percent,n_train,n_test,fit_time_sec,predict_time_sec
rf,0.9358503002036095,0.0009862658065508437,1.975089164173921e-05,7.992752183117124,2036,8145,11.04774522781372,0.6843373775482178
