Model,R2,MAE,RMSE,MAPE_percent,n_train,n_test,fit_time_sec,predict_time_sec
gbm,0.9874364834607714,0.010730986555748428,0.0002796416690382959,3.0475231521752555,8487,2829,21.335148096084595,0.01894521713256836
