Model,R2,MAE,RMSE,MAPE_percent,n_train,n_test,fit_time_sec,predict_time_sec
gbm,0.9942465658469751,0.0052309239801849984,5.3964228537512266e-05,7.130852468855137,8145,2036,39.9144504070282,0.027765512466430664
