Model,R2,MAE,RMSE,MAPE_percent,n_train,n_test,fit_time_sec,predict_time_sec
cat,0.9531582147655167,0.08223626388545066,0.027237957374532284,5.290374916964329,4755,3170,4.740721225738525,0.004644155502319336
