Model,R2,MAE,RMSE,MAPE_percent,n_train,n_test,fit_time_sec,predict_time_sec
rf,0.7456969399117013,0.4947065838845289,0.5940766306419654,2516773028.232542,9059,2265,57.74569749832153,0.4510962963104248
