Model,R2,MAE,RMSE,MAPE_percent,n_train,n_test,fit_time_sec,predict_time_sec
cat,0.8878014623552348,0.0014594659677518444,4.930703273256506e-05,8.514489441795817,1018,9163,3.400601625442505,0.011420965194702148
