Model,R2,MAE,RMSE,MAPE_percent,n_train,n_test,fit_time_sec,predict_time_sec
cat,0.9664200390598626,0.05730597826708399,0.012145522129021967,5.398845190836905,6208,1552,4.644604682922363,0.0026540756225585938
