Model,R2,MAE,RMSE,MAPE_percent,n_train,n_test,fit_time_sec,predict_time_sec
gbm,0.9023946277979267,0.28125692694501964,0.15994874470172984,11.482788350885018,6208,1552,15.486013889312744,0.012465238571166992
