Model,R2,MAE,RMSE,MAPE_percent,n_train,n_test,fit_time_sec,predict_time_sec
cat,0.9751194890537054,0.017800304062730404,0.0062539933557163125,2.751153008656651,6213,1553,3.4791982173919678,0.0023992061614990234
