Model,R2,MAE,RMSE,MAPE_percent,n_train,n_test,fit_time_sec,predict_time_sec
cat,0.8671317747238043,0.02435712112401976,0.01054835086963393,13.395320252712914,1527,8654,4.066283941268921,0.009015560150146484
