Model,R2,MAE,RMSE,MAPE_percent,n_train,n_test,fit_time_sec,predict_time_sec
cat,0.9644662023602046,0.12643610806531552,0.034964466006194524,5.245514305243287,6208,1552,3.4880740642547607,0.002251148223876953
