Model,R2,MAE,RMSE,MAPE_percent,n_train,n_test,fit_time_sec,predict_time_sec
rf,0.9657060764119116,0.002257828166796266,0.0003896064531246279,1.8734016493199823,8145,2036,51.64190602302551,0.3972587585449219
