Model,R2,MAE,RMSE,MAPE_percent,n_train,n_test,fit_time_sec,predict_time_sec
rf,0.9636289237533875,0.12766274242670403,0.0477661626145298,5.197839856825858,6208,1552,53.44756579399109,0.2892632484436035
