Model,R2,MAE,RMSE,MAPE_percent,n_train,n_test,fit_time_sec,predict_time_sec
cat,0.9716096378402832,0.015269939852966206,0.0018953044451307589,7.575466297079295,5090,5091,4.634495496749878,0.006153106689453125
