Model,R2,MAE,RMSE,MAPE_percent,n_train,n_test,fit_time_sec,predict_time_sec
gbm,0.99442583286391,0.00653055323937101,0.00024426758224032203,1.6982457713413952,9053,2263,22.822904586791992,0.017290592193603516
