Model,R2,MAE,RMSE,MAPE_percent,n_train,n_test,fit_time_sec,predict_time_sec
rf,0.9789031265627255,0.020297519636350177,0.0014166495857550275,3.4672231988000553,3103,4655,16.710765600204468,0.45171594619750977
