Model,R2,MAE,RMSE,MAPE_percent,n_train,n_test,fit_time_sec,predict_time_sec
cat,0.27705231278265285,0.14757163829472497,0.09344623311201558,54.84241642152698,5151,2774,4.9564902782440186,0.005162954330444336
