Model,R2,MAE,RMSE,MAPE_percent,n_train,n_test,fit_time_sec,predict_time_sec
cat,0.9972716599679546,0.0018164378910614178,7.046978087453984e-06,3.0373118945597173,8145,2036,3.6397275924682617,0.002620697021484375
