Model,R2,MAE,RMSE,MAPE_percent,n_train,n_test,fit_time_sec,predict_time_sec
cat,0.9691884633879546,0.06877895628866514,0.01683637001712228,4.750562273283148,6208,1552,3.6285715103149414,0.0019445419311523438
