Model,R2,MAE,RMSE,MAPE_percent,n_train,n_test,fit_time_sec,predict_time_sec
cat,0.942550183817632,0.0868508346502363,0.03420858841416819,6.144971786668286,2378,5547,4.7043726444244385,0.00890350341796875
