Model,R2,MAE,RMSE,MAPE_percent,n_train,n_test,fit_time_sec,predict_time_sec
cat,0.8363921502408336,0.11246347430379787,0.07159988124463351,10.082590749717971,351,6664,3.37056565284729,0.00701594352722168
