Model,R2,MAE,RMSE,MAPE_percent,n_train,n_test,fit_time_sec,predict_time_sec
gbm,-1.8454714654819062,0.0029000879014980177,0.0016755285251802677,15.767039113265577,8151,2038,18.20877170562744,0.01469564437866211
