Model,R2,MAE,RMSE,MAPE_percent,n_train,n_test,fit_time_sec,predict_time_sec
cat,0.9848288007568444,0.0006863170627854533,5.128461294630158e-06,4.885519697378104,8145,2036,3.565969705581665,0.0026421546936035156
