Model,R2,MAE,RMSE,MAPE_percent,n_train,n_test,fit_time_sec,predict_time_sec
cat,0.9652401900643218,0.03961072824447688,0.00621222332244439,3.735087045090301,6208,1552,3.4104764461517334,0.002224445343017578
