Model,R2,MAE,RMSE,MAPE_percent,n_train,n_test,fit_time_sec,predict_time_sec
gbm,0.9492191531463879,0.029976082349988407,0.010315037286476265,4.069774787030343,3879,3879,9.483187675476074,0.026663780212402344
