Model,R2,MAE,RMSE,MAPE_percent,n_train,n_test,fit_time_sec,predict_time_sec
gbm,0.9428716151734985,0.00039061980825618473,1.7340687418537664e-05,2.157797970307753,8145,2036,20.480841636657715,0.014565467834472656
