Model,R2,MAE,RMSE,MAPE_percent,n_train,n_test,fit_time_sec,predict_time_sec
cat,0.9740374725723102,0.010714062595332459,0.0029993462810953835,114.20707930484141,9053,2263,3.6646666526794434,0.002911090850830078
