Model,R2,MAE,RMSE,MAPE_percent,n_train,n_test,fit_time_sec,predict_time_sec
cat,0.989944129495923,0.0008946070948011236,2.951505744197171e-06,7.673840819740678,7636,2545,3.5658512115478516,0.003155231475830078
