Model,R2,MAE,RMSE,MAPE_percent,n_train,n_test,fit_time_sec,predict_time_sec
rf,0.9965792284722617,0.006408105469079821,0.00018143540204334125,25515.14285884318,9053,2263,59.54152703285217,0.4488332271575928
