Model,R2,MAE,RMSE,MAPE_percent,n_train,n_test,fit_time_sec,predict_time_sec
rf,0.9465816773029774,0.26761459078582356,0.16245637074287428,6.982941030879209,6206,1552,37.265931606292725,0.28845739364624023
