Model,R2,MAE,RMSE,MAPE_percent,n_train,n_test,fit_time_sec,predict_time_sec
cat,0.9596300852699514,0.17285576585224016,0.07980590702174645,5.938593940919889,6340,1585,4.3852314949035645,0.002683877944946289
