Model,R2,MAE,RMSE,MAPE_percent,n_train,n_test,fit_time_sec,predict_time_sec
cat,0.8912935351680744,0.012228151432527132,0.006383943185067402,4.033902349120353,6208,1552,3.649332284927368,0.003090381622314453
