Model,R2,MAE,RMSE,MAPE_percent,n_train,n_test,fit_time_sec,predict_time_sec
cat,0.8542392747896271,0.010035472964422075,0.014506364509414713,3.519304197980727,8145,2036,9.260848999023438,0.0026519298553466797
