Model,R2,MAE,RMSE,MAPE_percent,n_train,n_test,fit_time_sec,predict_time_sec
cat,0.975666162837592,0.053117201518740845,0.006107069488757921,4.2117537532811555,5684,1421,3.911161184310913,0.0023882389068603516
