Model,R2,MAE,RMSE,MAPE_percent,n_train,n_test,fit_time_sec,predict_time_sec
gbm,0.971843099959979,0.014617451250241886,0.002098009923699203,3.036235251282797,9059,2265,23.08483338356018,0.01723766326904297
