Model,R2,MAE,RMSE,MAPE_percent,n_train,n_test,fit_time_sec,predict_time_sec
gbm,0.7293525670839616,0.02184672154498184,0.01746167930336033,8.887072143514295,8151,2038,19.9369215965271,0.013940095901489258
