Model,R2,MAE,RMSE,MAPE_percent,n_train,n_test,fit_time_sec,predict_time_sec
cat,0.9541901730479607,0.12526899816027318,0.042649923762049985,6.551895681349479,6206,1552,3.526517868041992,0.002348661422729492
