Model,R2,MAE,RMSE,MAPE_percent,n_train,n_test,fit_time_sec,predict_time_sec
rf,0.9613285188782497,0.0284997031995009,0.005206567776792127,4.215429522884988,1164,6594,5.764394760131836,0.45371341705322266
