Model,R2,MAE,RMSE,MAPE_percent,n_train,n_test,fit_time_sec,predict_time_sec
rf,0.9640867506669065,0.016250381369974733,0.004441530794598466,2.374883877493397,6340,1585,38.78364419937134,0.28430795669555664
