Model,R2,MAE,RMSE,MAPE_percent,n_train,n_test,fit_time_sec,predict_time_sec
cat,0.9249532854760139,0.13676708581700348,0.0756259687330382,6.9232987154198105,6206,1552,3.7695064544677734,0.0023958683013916016
