Model,R2,MAE,RMSE,MAPE_percent,n_train,n_test,fit_time_sec,predict_time_sec
rf,0.9811145555850845,0.005506837746781974,0.0001417025588513725,10.565465231870142,8145,2036,49.99204111099243,0.38257265090942383
