Model,R2,MAE,RMSE,MAPE_percent,n_train,n_test,fit_time_sec,predict_time_sec
rf,0.9805104528408066,0.005003937739335198,0.0012567120434363985,1.940410754643436,8145,2036,50.80341672897339,0.42612481117248535
