Model,R2,MAE,RMSE,MAPE_percent,n_train,n_test,fit_time_sec,predict_time_sec
rf,0.9769944920654331,0.017483062058557913,0.000634009936348202,9.567153036218773,8145,2036,52.84260082244873,0.4019200801849365
