Model,R2,MAE,RMSE,MAPE_percent,n_train,n_test,fit_time_sec,predict_time_sec
rf,0.987276009746633,0.0008736304549664865,1.5290522865095911e-06,7.4724489636771985,3563,6618,20.067734003067017,0.6449761390686035
