Model,R2,MAE,RMSE,MAPE_percent,n_train,n_test,fit_time_sec,predict_time_sec
rf,0.9760102944408392,0.06409570385316002,0.015607580170633236,442928.3050390806,9053,2263,54.32079100608826,0.45270633697509766
