Model,R2,MAE,RMSE,MAPE_percent,n_train,n_test,fit_time_sec,predict_time_sec
rf,0.9991549602574121,0.00023508901152368263,1.0900331621736386e-07,1.6427550139251395,8145,2036,49.798412799835205,0.4253973960876465
