Model,R2,MAE,RMSE,MAPE_percent,n_train,n_test,fit_time_sec,predict_time_sec
rf,0.9883433467728342,0.006946754306899862,9.936121811756681e-05,2.644310339774372,5044,2716,29.780258655548096,0.35521578788757324
