Model,R2,MAE,RMSE,MAPE_percent,n_train,n_test,fit_time_sec,predict_time_sec
cat,0.8470168923139442,0.048757990837604064,0.03741128813192335,5.251971931959157,7056,1764,3.580265522003174,0.0064165592193603516
