Model,R2,MAE,RMSE,MAPE_percent,n_train,n_test,fit_time_sec,predict_time_sec
cat,0.9944570682664133,0.0005987516833208146,6.967333030508992e-07,4.427173842763547,8145,2036,3.7797324657440186,0.002610445022583008
