Model,R2,MAE,RMSE,MAPE_percent,n_train,n_test,fit_time_sec,predict_time_sec
rf,0.9846105392331022,0.0009038900847404171,1.5080270923160956e-06,6.769292681006987,5600,4581,33.41302227973938,0.5441286563873291
