Model,R2,MAE,RMSE,MAPE_percent,n_train,n_test,fit_time_sec,predict_time_sec
gbm,0.9500894666947928,0.02652300833698799,0.011934275627210656,3.3763732946220197,6206,1552,15.495285272598267,0.012447118759155273
