Model,R2,MAE,RMSE,MAPE_percent,n_train,n_test,fit_time_sec,predict_time_sec
rf,0.9613509676302985,0.07416897935510522,0.02749769192036853,4.493482938226988,6340,1585,36.582011461257935,0.27686357498168945
