Model,R2,MAE,RMSE,MAPE_percent,n_train,n_test,fit_time_sec,predict_time_sec
cat,0.9627164395231814,0.017414088835339764,0.0039598313054843605,119592172.10902676,7921,3395,4.920210838317871,0.0043413639068603516
