Model,R2,MAE,RMSE,MAPE_percent,n_train,n_test,fit_time_sec,predict_time_sec
cat,0.9471496047657607,0.11199593829375744,0.03375364984532127,5.509355760086672,6206,1552,3.543280839920044,0.002413511276245117
