Model,R2,MAE,RMSE,MAPE_percent,n_train,n_test,fit_time_sec,predict_time_sec
cat,0.21738264906303317,0.1514997988737149,0.09017497580898313,59.51839658974494,1981,5944,3.8712961673736572,0.006593227386474609
