Model,R2,MAE,RMSE,MAPE_percent,n_train,n_test,fit_time_sec,predict_time_sec
cat,0.96214861855162,0.1852003837084056,0.08853590411301528,936966971.8301915,8487,2829,5.008694887161255,0.003789186477661133
