Model,R2,MAE,RMSE,MAPE_percent,n_train,n_test,fit_time_sec,predict_time_sec
cat,0.7283378902201281,0.5246470462088734,0.5539922679543332,21.749387531910124,5944,1981,4.295295238494873,0.0035588741302490234
