Model,R2,MAE,RMSE,MAPE_percent,n_train,n_test,fit_time_sec,predict_time_sec
rf,0.36631981934001534,0.22272684515887417,0.18156013212661132,51.460207630199015,6213,1553,41.03983283042908,0.31204724311828613
