Model,R2,MAE,RMSE,MAPE_percent,n_train,n_test,fit_time_sec,predict_time_sec
cat,0.9792388186670979,0.03765418693143526,0.0028846321420575006,4.074679351880197,7056,1764,5.03643536567688,0.002798795700073242
