Model,R2,MAE,RMSE,MAPE_percent,n_train,n_test,fit_time_sec,predict_time_sec
rf,0.8659115136051279,0.010011431503926553,0.011469401710641152,4.255508255492977,8145,2036,51.56869387626648,0.4082455635070801
