Model,R2,MAE,RMSE,MAPE_percent,n_train,n_test,fit_time_sec,predict_time_sec
cat,0.2902979040823813,0.3439402042161653,0.3370810966310377,33.99697489070345,2455,4560,4.029505491256714,0.0060727596282958984
