Model,R2,MAE,RMSE,MAPE_percent,n_train,n_test,fit_time_sec,predict_time_sec
rf,0.9963826777051595,0.007404050436897808,0.0001285769934676081,2.9734121762176606,8145,2036,52.19624876976013,0.39965200424194336
