Model,R2,MAE,RMSE,MAPE_percent,n_train,n_test,fit_time_sec,predict_time_sec
cat,0.889689368435234,0.021388624834267275,0.006214025311820448,7.425436009548199,6208,1552,3.466188669204712,0.002336740493774414
