Model,R2,MAE,RMSE,MAPE_percent,n_train,n_test,fit_time_sec,predict_time_sec
rf,0.9392316742772371,0.2705926157061143,0.16495885188634066,6.814103662270947,6206,1552,36.598361015319824,0.27982306480407715
