Model,R2,MAE,RMSE,MAPE_percent,n_train,n_test,fit_time_sec,predict_time_sec
gbm,0.9957343406282141,0.008286099827744932,0.0005178201702896298,81865661.3678122,9053,2263,22.77779722213745,0.0182187557220459
