Model,R2,MAE,RMSE,MAPE_percent,n_train,n_test,fit_time_sec,predict_time_sec
cat,0.09975306922158966,0.2739416118538497,1.0709293780841704,39.10684226478931,6615,2205,4.521589994430542,0.004019975662231445
