Model,R2,MAE,RMSE,MAPE_percent,n_train,n_test,fit_time_sec,predict_time_sec
rf,0.9761349964918629,0.0003302006840987821,8.076957266905086e-06,1.842069359473565,8145,2036,52.570597648620605,0.42435646057128906
