Model,R2,MAE,RMSE,MAPE_percent,n_train,n_test,fit_time_sec,predict_time_sec
gbm,0.8875608584704069,0.007206195960862753,0.011190141718901604,2.1691690241585673,8145,2036,20.3782479763031,0.014180183410644531
