Model,R2,MAE,RMSE,MAPE_percent,n_train,n_test,fit_time_sec,predict_time_sec
gbm,0.9949004218685262,0.0005331686697768681,5.546139224332379e-07,4.313270384213053,8145,2036,20.168813943862915,0.014039754867553711
