Model,R2,MAE,RMSE,MAPE_percent,n_train,n_test,fit_time_sec,predict_time_sec
rf,0.9839394306983436,0.00108388145780495,6.2853815353719995e-06,7.084081291837996,8145,2036,85.85668015480042,0.8406171798706055
