Model,R2,MAE,RMSE,MAPE_percent,n_train,n_test,fit_time_sec,predict_time_sec
rf,0.8755834359059707,0.0005042772751768338,5.7723271238452505e-05,2.325051635082732,8145,2036,49.76679801940918,0.38225269317626953
