Model,R2,MAE,RMSE,MAPE_percent,n_train,n_test,fit_time_sec,predict_time_sec
rf,0.9383653554980589,0.11030343130187943,0.03860339709094521,5.408737076007629,6206,1552,35.78671193122864,0.26515984535217285
