Model,R2,MAE,RMSE,MAPE_percent,n_train,n_test,fit_time_sec,predict_time_sec
gbm,0.9748024639012854,0.018182060142761046,0.0006570307723921806,9.999249051308714,8145,2036,19.80662488937378,0.015355110168457031
