Model,R2,MAE,RMSE,MAPE_percent,n_train,n_test,fit_time_sec,predict_time_sec
gbm,0.8637329912294195,0.12915148238476798,0.1010708471519561,6.175933038719948,6213,1553,15.555711269378662,0.01218557357788086
