Model,R2,MAE,RMSE,MAPE_percent,n_train,n_test,fit_time_sec,predict_time_sec
gbm,0.9928821108370253,0.0054204925302863,0.000583881902058045,1.8232783069662317,8145,2036,38.69248700141907,0.014269113540649414
