Model,R2,MAE,RMSE,MAPE_percent,n_train,n_test,fit_time_sec,predict_time_sec
gbm,0.8751895856003966,0.28965751635863235,0.1541323981017457,11.206291091536471,6208,1552,15.451108932495117,0.012074470520019531
