Model,R2,MAE,RMSE,MAPE_percent,n_train,n_test,fit_time_sec,predict_time_sec
cat,0.9561060881272124,0.1872675363538624,0.09122458211682453,6.388351913974796,4755,3170,4.717832326889038,0.004637718200683594
