Model,R2,MAE,RMSE,MAPE_percent,n_train,n_test,fit_time_sec,predict_time_sec
gbm,0.9646587601847157,0.1340037294064934,0.04665848907254468,5.6728860733706785,6208,1552,15.420900821685791,0.012827634811401367
