Model,R2,MAE,RMSE,MAPE_percent,n_train,n_test,fit_time_sec,predict_time_sec
cat,0.6442889519535531,0.07544315498449589,0.2652863447887838,4.820812968467226,4263,2842,4.61024808883667,0.0037431716918945312
