Model,R2,MAE,RMSE,MAPE_percent,n_train,n_test,fit_time_sec,predict_time_sec
gbm,0.9887246381574691,0.006328929057807302,8.496631022355472e-05,11.47597811050349,8145,2036,19.606811046600342,0.01560831069946289
