Model,R2,MAE,RMSE,MAPE_percent,n_train,n_test,fit_time_sec,predict_time_sec
cat,0.9242895308536171,0.09783977033016247,0.029941910077519056,8.851792273423115,6208,1552,3.4516448974609375,0.002305746078491211
