Model,R2,MAE,RMSE,MAPE_percent,n_train,n_test,fit_time_sec,predict_time_sec
rf,0.9550264288917286,0.0438548728100623,0.01568537213244184,4.3812209005857925,7056,1764,45.68376350402832,0.3320796489715576
