Model,R2,MAE,RMSE,MAPE_percent,n_train,n_test,fit_time_sec,predict_time_sec
rf,0.9394809672633836,0.2749326492827616,0.18586486925543602,7.627771309532765,6206,1552,36.56416726112366,0.2786238193511963
