Model,R2,MAE,RMSE,MAPE_percent,n_train,n_test,fit_time_sec,predict_time_sec
cat,0.9377857327988166,0.001336826385667125,2.202711153175923e-05,9.067632827834407,1018,9163,3.3626279830932617,0.008509397506713867
