Model,R2,MAE,RMSE,MAPE_percent,n_train,n_test,fit_time_sec,predict_time_sec
rf,0.934492264660603,0.0645807220850091,0.024239222661470612,6.431310467224762,6208,1552,44.966333627700806,0.29936838150024414
