Model,R2,MAE,RMSE,MAPE_percent,n_train,n_test,fit_time_sec,predict_time_sec
rf,0.9938699061468889,0.0049521456816970354,7.927273876542394e-05,1.7879206302071473,6208,1552,37.403764724731445,0.2778193950653076
