Model,R2,MAE,RMSE,MAPE_percent,n_train,n_test,fit_time_sec,predict_time_sec
gbm,0.9434384778859679,0.2757084857158257,0.19413381894951845,7.14717088120583,6206,1552,15.422472715377808,0.013126850128173828
