Model,R2,MAE,RMSE,MAPE_percent,n_train,n_test,fit_time_sec,predict_time_sec
cat,0.9610293648535201,0.08146804681401489,0.025162306628920925,980921101.8869065,9053,2263,5.256036043167114,0.0035355091094970703
