Model,R2,MAE,RMSE,MAPE_percent,n_train,n_test,fit_time_sec,predict_time_sec
cat,0.35806784108100265,0.2075722726285175,0.15753700550724561,49.00283547762791,6206,1552,3.198369264602661,0.002248525619506836
