Model,R2,MAE,RMSE,MAPE_percent,n_train,n_test,fit_time_sec,predict_time_sec
rf,0.978593926708787,0.0008811867145642865,6.154767739551825e-06,7.556329354457756,8145,2036,51.62756156921387,0.40206336975097656
