Model,R2,MAE,RMSE,MAPE_percent,n_train,n_test,fit_time_sec,predict_time_sec
gbm,0.9989371687153901,0.001246930725429274,7.351013770496466e-06,1.9011137266162028,8145,2036,20.424532890319824,0.014502286911010742
