Model,R2,MAE,RMSE,MAPE_percent,n_train,n_test,fit_time_sec,predict_time_sec
cat,0.9905736820021583,0.00756501414680642,0.0006690426088071605,3.3579595699923637,8145,2036,3.7079224586486816,0.002712249755859375
