Model,R2,MAE,RMSE,MAPE_percent,n_train,n_test,fit_time_sec,predict_time_sec
rf,0.995113541211994,0.002946722118242774,1.884909701585168e-05,3.84160407255272,8145,2036,54.521875619888306,0.39374542236328125
