Model,R2,MAE,RMSE,MAPE_percent,n_train,n_test,fit_time_sec,predict_time_sec
rf,0.9849690670952571,0.000497978245340095,4.562472926580036e-06,3.4818136342550523,8145,2036,51.99623894691467,0.3886375427246094
