Model,R2,MAE,RMSE,MAPE_percent,n_train,n_test,fit_time_sec,predict_time_sec
gbm,0.881997890252599,0.28170690171945273,0.1409140426777213,11.025100440827114,6208,1552,15.398005247116089,0.011930227279663086
