Model,R2,MAE,RMSE,MAPE_percent,n_train,n_test,fit_time_sec,predict_time_sec
cat,0.9885026972819477,0.011807858074370195,0.0004655880430937451,3.6279193850753266,9053,2263,3.558502674102783,0.0029115676879882812
