Model,R2,MAE,RMSE,MAPE_percent,n_train,n_test,fit_time_sec,predict_time_sec
rf,0.9871364930221898,0.0010790977751952305,2.2202083328154756e-06,7.03479828315619,3563,6618,19.907419204711914,0.643195390701294
