Model,R2,MAE,RMSE,MAPE_percent,n_train,n_test,fit_time_sec,predict_time_sec
gbm,0.9941672833299415,0.004565519546054738,6.863871478716265e-05,1.6309674010241086,6208,1552,15.52814769744873,0.011312723159790039
