Model,R2,MAE,RMSE,MAPE_percent,n_train,n_test,fit_time_sec,predict_time_sec
gbm,0.4213423439564682,0.3201596922198676,0.2334170535026593,34.11569638739376,5684,1421,12.556902170181274,0.011064767837524414
