Model,R2,MAE,RMSE,MAPE_percent,n_train,n_test,fit_time_sec,predict_time_sec
cat,0.988942771986406,0.005000119839038642,4.575386573478181e-05,6.524471196232717,8145,2036,3.4766387939453125,0.0027456283569335938
