Model,R2,MAE,RMSE,MAPE_percent,n_train,n_test,fit_time_sec,predict_time_sec
rf,0.8817421083745091,0.0019838768467612764,0.0011385226966364704,1.8904444518101262,8145,2036,51.20103693008423,0.43167853355407715
