Model,R2,MAE,RMSE,MAPE_percent,n_train,n_test,fit_time_sec,predict_time_sec
gbm,0.9522458979450605,0.25212956650930207,0.1278180832812772,6.40317435370471,6206,1552,15.6291024684906,0.012663841247558594
