Model,R2,MAE,RMSE,MAPE_percent,n_train,n_test,fit_time_sec,predict_time_sec
cat,0.14120800388293564,0.011990322225963324,0.049127967277140666,8.499374223579268,8151,2038,3.787358283996582,0.002605915069580078
