Model,R2,MAE,RMSE,MAPE_percent,n_train,n_test,fit_time_sec,predict_time_sec
rf,0.9567469349836206,0.18563350562019332,0.08528986994209659,6.227152134587379,6208,1552,39.84694266319275,0.28549838066101074
