Model,R2,MAE,RMSE,MAPE_percent,n_train,n_test,fit_time_sec,predict_time_sec
gbm,0.9839394274135548,0.005520282985485248,0.002335227200623794,1.7380930069849045,8151,2038,20.76952838897705,0.013027429580688477
