Model,R2,MAE,RMSE,MAPE_percent,n_train,n_test,fit_time_sec,predict_time_sec
gbm,-0.34430355498311815,0.018096887675396075,0.04616507156761707,8.443058020407305,8151,2038,20.77101159095764,0.014018774032592773
