Model,R2,MAE,RMSE,MAPE_percent,n_train,n_test,fit_time_sec,predict_time_sec
rf,0.20483181249052218,0.007296855663594275,0.011554205108592563,4.010833829619091,8151,2038,56.860902547836304,0.3885197639465332
