Model,R2,MAE,RMSE,MAPE_percent,n_train,n_test,fit_time_sec,predict_time_sec
cat,0.6821182332303363,0.555886393896307,0.6433211727353133,22.921803218283934,5944,1981,4.374022960662842,0.0031816959381103516
