Model,R2,MAE,RMSE,MAPE_percent,n_train,n_test,fit_time_sec,predict_time_sec
cat,0.9900173498587805,0.013802349292206242,0.00036537404859914865,7.190834721385513,5090,5091,4.606676816940308,0.005288600921630859
