Model,R2,MAE,RMSE,MAPE_percent,n_train,n_test,fit_time_sec,predict_time_sec
cat,0.9104825630466766,0.02053387611388576,0.009239211035144102,4.6525825772417075,2774,5151,4.648293495178223,0.005795955657958984
