Model,R2,MAE,RMSE,MAPE_percent,n_train,n_test,fit_time_sec,predict_time_sec
rf,0.94461523616321,0.08154406539060428,0.031140618277592215,5.255644001333543,6208,1552,43.42963981628418,0.29459500312805176
