Model,R2,MAE,RMSE,MAPE_percent,n_train,n_test,fit_time_sec,predict_time_sec
gbm,0.9869660017770073,0.011247001540742882,0.00034325955080779976,3.1663526928038936,6790,4526,16.887762784957886,0.02822709083557129
