Model,R2,MAE,RMSE,MAPE_percent,n_train,n_test,fit_time_sec,predict_time_sec
rf,0.9978338771038423,0.003603855706423136,4.6911234105571224e-05,1.9323512775302434,8145,2036,50.960288524627686,0.4192085266113281
