Model,R2,MAE,RMSE,MAPE_percent,n_train,n_test,fit_time_sec,predict_time_sec
cat,0.9329123718389972,0.0011231950995780361,2.3879163696128023e-05,8.099739284764281,2545,7636,7.883654594421387,0.007539510726928711
