Model,R2,MAE,RMSE,MAPE_percent,n_train,n_test,fit_time_sec,predict_time_sec
cat,0.9391363292994652,0.22988218057049523,0.12069957576122398,8.127638628850004,792,7133,3.6253862380981445,0.007254123687744141
