Model,R2,MAE,RMSE,MAPE_percent,n_train,n_test,fit_time_sec,predict_time_sec
cat,0.924139690446763,0.0187707595570613,0.007990738857495685,4.101356909785095,3962,3963,4.598470687866211,0.0052602291107177734
