Model,R2,MAE,RMSE,MAPE_percent,n_train,n_test,fit_time_sec,predict_time_sec
gbm,0.9748822615262247,0.0015714181775794206,9.136182055990975e-06,14.81988890375148,8145,2036,18.34892964363098,0.015110969543457031
