Model,R2,MAE,RMSE,MAPE_percent,n_train,n_test,fit_time_sec,predict_time_sec
cat,0.9915180045763247,0.007436931464588221,0.00010807401375525848,3.0774332183613615,6208,1552,3.5415594577789307,0.0023577213287353516
