Model,R2,MAE,RMSE,MAPE_percent,n_train,n_test,fit_time_sec,predict_time_sec
cat,0.989756765753378,0.0009310983789389108,1.5760577622586901e-06,6.984832956220906,6618,3563,4.603842258453369,0.004850864410400391
