Model,R2,MAE,RMSE,MAPE_percent,n_train,n_test,fit_time_sec,predict_time_sec
rf,0.3324658627728918,0.025348386393169584,0.0707393078191052,9.721513357386154,8151,2038,53.88714647293091,0.4127769470214844
