Model,R2,MAE,RMSE,MAPE_percent,n_train,n_test,fit_time_sec,predict_time_sec
rf,0.990744592839603,0.0005723350230691721,3.287688530002522e-06,3.902769298111762,8145,2036,51.16901731491089,0.40137195587158203
