Model,R2,MAE,RMSE,MAPE_percent,n_train,n_test,fit_time_sec,predict_time_sec
rf,0.8690857788746902,0.02320398531882497,0.010344688992211578,11.580577134324065,6208,1552,48.789228677749634,0.30016231536865234
