Model,R2,MAE,RMSE,MAPE_percent,n_train,n_test,fit_time_sec,predict_time_sec
cat,0.7550686032395282,0.5273912259300902,0.5792360487665946,4753870178.15026,5658,5658,4.4071409702301025,0.007892370223999023
