Model,R2,MAE,RMSE,MAPE_percent,n_train,n_test,fit_time_sec,predict_time_sec
gbm,0.9745396010540636,0.00043141617283202604,1.03439741213809e-05,2.176549777819193,8145,2036,20.47992730140686,0.014257431030273438
