Model,R2,MAE,RMSE,MAPE_percent,n_train,n_test,fit_time_sec,predict_time_sec
gbm,0.9834195135408038,0.0013260034195517818,5.889689584593451e-06,12.765453059596144,8145,2036,18.121936798095703,0.015485286712646484
