Model,R2,MAE,RMSE,MAPE_percent,n_train,n_test,fit_time_sec,predict_time_sec
gbm,0.9992553724638117,0.0037077096245086223,4.887005052270453e-05,1.5416724199846947,8145,2036,25.361635446548462,0.014508485794067383
