Model,R2,MAE,RMSE,MAPE_percent,n_train,n_test,fit_time_sec,predict_time_sec
cat,0.9834894594510424,0.018831088472554592,0.0008113298275143512,3.5131600009801214,4655,3103,3.230708360671997,0.003594636917114258
