Model,R2,MAE,RMSE,MAPE_percent,n_train,n_test,fit_time_sec,predict_time_sec
cat,0.9778739742483334,0.007932011369962378,0.0012223734846754377,2.503704819575758,9053,2263,4.073100328445435,0.0030672550201416016
