Model,R2,MAE,RMSE,MAPE_percent,n_train,n_test,fit_time_sec,predict_time_sec
gbm,0.9941480059528452,0.0050288284353681816,7.382958076453057e-05,1.8672878106663227,6208,1552,15.51333212852478,0.011710643768310547
