Model,R2,MAE,RMSE,MAPE_percent,n_train,n_test,fit_time_sec,predict_time_sec
cat,0.9233076066747492,0.00784412435530685,0.00030089298553166526,10.381052784566368,8151,2038,3.6414196491241455,0.0026237964630126953
