Model,R2,MAE,RMSE,MAPE_percent,n_train,n_test,fit_time_sec,predict_time_sec
cat,0.9954388737703024,0.0005513396141530619,5.874247114615431e-07,4.303718100549337,8151,2038,3.603839635848999,0.0026235580444335938
