Model,R2,MAE,RMSE,MAPE_percent,n_train,n_test,fit_time_sec,predict_time_sec
gbm,0.9613396176526382,0.009232567895160339,0.0029194474641793754,3.8317495228010334,8145,2036,20.330507516860962,0.014465570449829102
