Model,R2,MAE,RMSE,MAPE_percent,n_train,n_test,fit_time_sec,predict_time_sec
gbm,0.9883721765149245,0.00442524297319024,3.504848682239497e-05,6.860262847222032,8145,2036,19.680335760116577,0.015001296997070312
