Model,R2,MAE,RMSE,MAPE_percent,n_train,n_test,fit_time_sec,predict_time_sec
cat,0.9832475280979734,0.006540902301292544,0.00012506770020711275,13.26144337558462,8145,2036,3.23701548576355,0.0025703907012939453
