Model,R2,MAE,RMSE,MAPE_percent,n_train,n_test,fit_time_sec,predict_time_sec
gbm,0.9815588478764269,0.0010721838626681942,2.059022153132155e-06,6.932421531729581,6109,4072,14.604470491409302,0.025370359420776367
