Model,R2,MAE,RMSE,MAPE_percent,n_train,n_test,fit_time_sec,predict_time_sec
cat,0.2005802770539804,0.15109300202106776,0.08510979545153338,60.716723282427246,2378,5547,4.049649715423584,0.007059812545776367
