Model,R2,MAE,RMSE,MAPE_percent,n_train,n_test,fit_time_sec,predict_time_sec
rf,0.989026746137282,0.012995528330991116,0.000314545996617203,6.574899265524749,8145,2036,51.33155131340027,0.3965575695037842
