Model,R2,MAE,RMSE,MAPE_percent,n_train,n_test,fit_time_sec,predict_time_sec
cat,0.9832243279061914,0.0008623214220838049,1.3980109197597099e-06,7.262508932848051,5600,4581,3.4289557933807373,0.004742145538330078
