Model,R2,MAE,RMSE,MAPE_percent,n_train,n_test,fit_time_sec,predict_time_sec
gbm,0.9931809063433,0.0044284992839833,0.00019621320831149808,1.3469672237569557,6208,1552,31.099955558776855,0.012401103973388672
