Model,R2,MAE,RMSE,MAPE_percent,n_train,n_test,fit_time_sec,predict_time_sec
gbm,0.9946202838119038,0.0031743263323135737,2.059520115236447e-05,4.000784884240685,8145,2036,20.35698628425598,0.013772964477539062
