Model,R2,MAE,RMSE,MAPE_percent,n_train,n_test,fit_time_sec,predict_time_sec
cat,0.959953587551048,0.06329594537163558,0.011347883550166044,4.910780439162871,3508,3507,4.555788516998291,0.004199028015136719
