Model,R2,MAE,RMSE,MAPE_percent,n_train,n_test,fit_time_sec,predict_time_sec
cat,0.553219792610165,0.47670469165215956,0.448837745429343,33.70463403182583,6206,1552,4.294156551361084,0.0025572776794433594
