Model,R2,MAE,RMSE,MAPE_percent,n_train,n_test,fit_time_sec,predict_time_sec
cat,0.9060064582120739,0.020423774427194053,0.004562581535524047,7.89424708461262,6208,1552,3.476792335510254,0.0023212432861328125
