Model,R2,MAE,RMSE,MAPE_percent,n_train,n_test,fit_time_sec,predict_time_sec
cat,0.9655355186591619,0.1277355845291412,0.033387269675016526,5.307276009763744,6208,1552,3.4266746044158936,0.0023109912872314453
