Model,R2,MAE,RMSE,MAPE_percent,n_train,n_test,fit_time_sec,predict_time_sec
rf,0.977570099165484,0.02062024669996135,0.0015215044786707568,3.5550539890549135,3103,4655,16.651020050048828,0.45131826400756836
