Model,R2,MAE,RMSE,MAPE_percent,n_train,n_test,fit_time_sec,predict_time_sec
rf,0.5369165593611201,0.34543494951806447,0.28713445262623727,545949107.4329059,9059,2265,60.67020654678345,0.45552968978881836
