Model,R2,MAE,RMSE,MAPE_percent,n_train,n_test,fit_time_sec,predict_time_sec
cat,0.8760982271839978,0.01581006607147615,0.012248866082160434,7.16252458888237,7636,2545,4.97613787651062,0.0038137435913085938
