Model,R2,MAE,RMSE,MAPE_percent,n_train,n_test,fit_time_sec,predict_time_sec
gbm,0.956973634931473,0.1882896307719015,0.1029860533521844,836172467.011645,9053,2263,39.08678960800171,0.03118729591369629
