Model,R2,MAE,RMSE,MAPE_percent,n_train,n_test,fit_time_sec,predict_time_sec
rf,0.9541177662253411,0.1773784633617153,0.07088753916231688,5.906708806551173,6340,1585,37.17657804489136,0.30924177169799805
