Model,R2,MAE,RMSE,MAPE_percent,n_train,n_test,fit_time_sec,predict_time_sec
gbm,0.9980947591339534,0.002683651294240617,1.4895161505561756e-05,3.896637975194797,8145,2036,24.73718285560608,0.01567816734313965
