Model,R2,MAE,RMSE,MAPE_percent,n_train,n_test,fit_time_sec,predict_time_sec
rf,0.4126297237078793,0.3093166880862772,0.2662822957431809,31.291628321308924,5684,1421,36.72627663612366,0.2720494270324707
