Model,R2,MAE,RMSE,MAPE_percent,n_train,n_test,fit_time_sec,predict_time_sec
cat,0.971924040748335,0.07015103716502694,0.017760103644174074,588598403.8650789,9053,2263,3.8323862552642822,0.0030078887939453125
