Model,R2,MAE,RMSE,MAPE_percent,n_train,n_test,fit_time_sec,predict_time_sec
cat,0.9880324618079368,0.007467251520298801,9.786875343816284e-05,2.9040771470514146,5432,2328,3.3812601566314697,0.0029201507568359375
