Model,R2,MAE,RMSE,MAPE_percent,n_train,n_test,fit_time_sec,predict_time_sec
cat,0.964336332439608,0.048961042964472554,0.007120683913123977,4.710469537791524,6208,1552,3.8865857124328613,0.0023376941680908203
