Model,R2,MAE,RMSE,MAPE_percent,n_train,n_test,fit_time_sec,predict_time_sec
rf,0.948693753606585,0.2562980851571193,0.13733765526757144,6.797097778779839,6206,1552,37.004806995391846,0.281036376953125
