Model,R2,MAE,RMSE,MAPE_percent,n_train,n_test,fit_time_sec,predict_time_sec
cat,0.9634954481086787,0.08374642604430282,0.025002423742072698,1755387572.5189595,9053,2263,18.313300132751465,0.017827510833740234
