Model,R2,MAE,RMSE,MAPE_percent,n_train,n_test,fit_time_sec,predict_time_sec
cat,0.9596457243039739,0.17660035192393567,0.0689749401068738,7.183730134560651,9053,2263,3.536877155303955,0.0029811859130859375
