Model,R2,MAE,RMSE,MAPE_percent,n_train,n_test,fit_time_sec,predict_time_sec
rf,0.9701132322595458,0.00807685021894791,0.0014969116239956308,1.9311385335538833,6214,1554,37.41084551811218,0.3146505355834961
