Model,R2,MAE,RMSE,MAPE_percent,n_train,n_test,fit_time_sec,predict_time_sec
cat,0.8902482233955122,0.007771945966400974,0.0010414783790798556,12.483097116807674,2545,7636,4.00616455078125,0.008506298065185547
