Model,R2,MAE,RMSE,MAPE_percent,n_train,n_test,fit_time_sec,predict_time_sec
rf,0.9883558001379639,0.004517908152282278,3.7215871143508846e-05,6.790491906195106,8145,2036,51.238123416900635,0.3981914520263672
