Model,R2,MAE,RMSE,MAPE_percent,n_train,n_test,fit_time_sec,predict_time_sec
cat,0.9139063369092402,0.06656029476229473,0.028783917327043263,5.983236009664413,6208,1552,8.109516143798828,0.017784833908081055
