Model,R2,MAE,RMSE,MAPE_percent,n_train,n_test,fit_time_sec,predict_time_sec
cat,0.996134085331744,0.0004995795687912254,4.768262258833275e-07,3.5264447622989588,8145,2036,4.803432464599609,0.0033321380615234375
