Model,R2,MAE,RMSE,MAPE_percent,n_train,n_test,fit_time_sec,predict_time_sec
gbm,0.9890869702402804,0.0011132577981913796,2.325660586129934e-06,7.341494494763556,2545,7636,5.990787506103516,0.04517984390258789
