Model,R2,MAE,RMSE,MAPE_percent,n_train,n_test,fit_time_sec,predict_time_sec
cat,0.0036195337223748902,0.011643811925529624,0.009906989181855886,12.469003311198358,8151,2038,3.791497230529785,0.002620697021484375
