Model,R2,MAE,RMSE,MAPE_percent,n_train,n_test,fit_time_sec,predict_time_sec
cat,0.9770055341323892,0.0008222234070190715,1.203987381153679e-06,6.82883499252159,8145,2036,3.6027626991271973,0.0028879642486572266
