Model,R2,MAE,RMSE,MAPE_percent,n_train,n_test,fit_time_sec,predict_time_sec
cat,0.9813172745613198,0.0013451277259899622,6.225246896432131e-06,12.750885256676202,7636,2545,4.36168098449707,0.0038411617279052734
