Model,R2,MAE,RMSE,MAPE_percent,n_train,n_test,fit_time_sec,predict_time_sec
rf,0.9395426493300907,0.05617501925275362,0.02225029390579022,4.520736387543978,6208,1552,42.44648194313049,0.5392494201660156
