Model,R2,MAE,RMSE,MAPE_percent,n_train,n_test,fit_time_sec,predict_time_sec
gbm,0.9927004298554801,0.006710235058566518,9.15787810358387e-05,2.5791638900544456,6208,1552,15.453963279724121,0.011318445205688477
