Model,R2,MAE,RMSE,MAPE_percent,n_train,n_test,fit_time_sec,predict_time_sec
cat,0.9278508696856509,0.001112518262551906,2.9890536003538968e-05,7.485603172976857,4072,6109,4.962055444717407,0.0063474178314208984
