Model,R2,MAE,RMSE,MAPE_percent,n_train,n_test,fit_time_sec,predict_time_sec
rf,0.3513077515999091,0.2553024023581962,0.2262435262498975,38.777768143336935,7056,1764,48.66503953933716,0.34894514083862305
