Model,R2,MAE,RMSE,MAPE_percent,n_train,n_test,fit_time_sec,predict_time_sec
rf,0.9968282589274535,0.006113810743463936,8.096859817834905e-05,3.229755475703207,8145,2036,52.27257323265076,0.4060046672821045
