Model,R2,MAE,RMSE,MAPE_percent,n_train,n_test,fit_time_sec,predict_time_sec
cat,0.9977804101619862,0.005400189728223566,6.315092797362503e-05,2.5880727448897,8145,2036,4.626925230026245,0.0029909610748291016
