Model,R2,MAE,RMSE,MAPE_percent,n_train,n_test,fit_time_sec,predict_time_sec
cat,0.4284990355962559,0.2019940767165778,0.10596667577838047,55.091225267105884,6206,1552,4.039631366729736,0.002768993377685547
