Model,R2,MAE,RMSE,MAPE_percent,n_train,n_test,fit_time_sec,predict_time_sec
rf,0.9978013655508156,0.0021921717851589987,1.7832265395173585e-05,3.0139621057312733,8145,2036,50.8163115978241,0.4083364009857178
