Model,R2,MAE,RMSE,MAPE_percent,n_train,n_test,fit_time_sec,predict_time_sec
gbm,0.6666616667984695,0.29340394481535087,0.5438997459605333,10.615942831820103,6214,1554,15.528743982315063,0.012889623641967773
