Model,R2,MAE,RMSE,MAPE_percent,n_train,n_test,fit_time_sec,predict_time_sec
gbm,0.9806582813828018,0.0008554348231662653,5.556486207837226e-06,7.399262878524994,7636,2545,18.721521377563477,0.017342805862426758
