Model,R2,MAE,RMSE,MAPE_percent,n_train,n_test,fit_time_sec,predict_time_sec
rf,0.9712275036216109,0.001090966490589791,8.27279389764463e-06,10.773173272800191,8145,2036,49.65366506576538,0.410494327545166
