Model,R2,MAE,RMSE,MAPE_percent,n_train,n_test,fit_time_sec,predict_time_sec
gbm,0.998660763356377,0.0002513758540982362,1.4412921983186548e-07,1.9848807445300969,8145,2036,20.51618790626526,0.014227628707885742
