Model,R2,MAE,RMSE,MAPE_percent,n_train,n_test,fit_time_sec,predict_time_sec
cat,0.748322179124507,0.0013169035490652248,9.160934174620863e-05,8.889049540075495,8151,2038,3.5912282466888428,0.002594470977783203
