Model,R2,MAE,RMSE,MAPE_percent,n_train,n_test,fit_time_sec,predict_time_sec
gbm,0.9438113745303344,0.013062851026255956,0.003413838433819889,3.4385211830016233,1552,6208,3.731815814971924,0.0418398380279541
