Model,R2,MAE,RMSE,MAPE_percent,n_train,n_test,fit_time_sec,predict_time_sec
cat,0.9967402206290386,0.009182582142295963,0.0002127081250675919,4.488487551386431,8145,2036,3.6746644973754883,0.002717733383178711
