Model,R2,MAE,RMSE,MAPE_percent,n_train,n_test,fit_time_sec,predict_time_sec
rf,0.9878789224585433,0.00094728665400364,1.7033319171809441e-06,7.11596251850757,3563,6618,19.97495198249817,0.643723726272583
