Model,R2,MAE,RMSE,MAPE_percent,n_train,n_test,fit_time_sec,predict_time_sec
gbm,0.9652314362104186,0.007010903242201645,0.002747371339931178,1.4619169915806152,6208,1552,15.429417848587036,0.01258087158203125
