Model,R2,MAE,RMSE,MAPE_percent,n_train,n_test,fit_time_sec,predict_time_sec
rf,0.9321998329788795,0.0012095590562349009,3.0072512356932674e-05,7.434620001014185,3054,7127,17.27632784843445,0.6780369281768799
