Model,R2,MAE,RMSE,MAPE_percent,n_train,n_test,fit_time_sec,predict_time_sec
rf,0.9893656417931703,0.014933774893167839,0.0005811934723451162,10.585238009398983,8145,2036,51.162354469299316,0.39052748680114746
