Model,R2,MAE,RMSE,MAPE_percent,n_train,n_test,fit_time_sec,predict_time_sec
cat,0.9141675131013619,0.0013034413041840625,3.742747906914706e-05,8.202093721939912,1527,8654,3.4313528537750244,0.008112430572509766
