Model,R2,MAE,RMSE,MAPE_percent,n_train,n_test,fit_time_sec,predict_time_sec
gbm,0.9950850329016608,0.002595224461350794,1.3220386529809393e-05,4.215107423678437,8145,2036,20.72960662841797,0.014144182205200195
