Model,R2,MAE,RMSE,MAPE_percent,n_train,n_test,fit_time_sec,predict_time_sec
gbm,0.9904138000954128,0.0011550817267143615,2.5637754286559878e-06,7.585784441118681,1527,8654,3.6105642318725586,0.05160093307495117
