Model,R2,MAE,RMSE,MAPE_percent,n_train,n_test,fit_time_sec,predict_time_sec
rf,0.9985350190486201,0.004530278750515847,4.2385553824455116e-05,2.11195079336503,8151,2038,54.79560399055481,0.39970874786376953
