Model,R2,MAE,RMSE,MAPE_percent,n_train,n_test,fit_time_sec,predict_time_sec
rf,0.9983549534232269,0.004521920752606625,4.253848886536694e-05,2.10729877981197,8145,2036,52.104187965393066,0.45707249641418457
