Model,R2,MAE,RMSE,MAPE_percent,n_train,n_test,fit_time_sec,predict_time_sec
rf,0.8904850143874312,0.10694065786779075,0.04094292257346356,8.59926888019857,6208,1552,39.8286566734314,0.2895944118499756
