Model,R2,MAE,RMSE,MAPE_percent,n_train,n_test,fit_time_sec,predict_time_sec
rf,0.9513090412631207,0.049561555885809246,0.009015523166017822,4.4200784528967505,6208,1552,36.474467039108276,0.28480029106140137
