Model,R2,MAE,RMSE,MAPE_percent,n_train,n_test,fit_time_sec,predict_time_sec
cat,0.27149847502779834,0.3607489843208331,0.3863371263047356,37.37704529353711,355,6750,3.1020219326019287,0.007070302963256836
