Model,R2,MAE,RMSE,MAPE_percent,n_train,n_test,fit_time_sec,predict_time_sec
rf,0.9979900374140732,0.004544436035159921,6.376361452669355e-05,1.947774154142402,8145,2036,52.75093698501587,0.42359304428100586
