Model,R2,MAE,RMSE,MAPE_percent,n_train,n_test,fit_time_sec,predict_time_sec
gbm,0.9813209872692061,0.013914770186094265,0.0018260124057994092,62528851.845415436,9059,2265,22.893612384796143,0.016983747482299805
