Model,R2,MAE,RMSE,MAPE_percent,n_train,n_test,fit_time_sec,predict_time_sec
cat,0.9724446349706115,0.06415753760375355,0.010460883615303222,5.003623321306356,9053,2263,3.712839126586914,0.003193378448486328
