Model,R2,MAE,RMSE,MAPE_percent,n_train,n_test,fit_time_sec,predict_time_sec
gbm,0.997480781493636,0.00590505492269032,6.687266976817325e-05,2.798474168142541,8145,2036,20.309173107147217,0.014348268508911133
