Model,R2,MAE,RMSE,MAPE_percent,n_train,n_test,fit_time_sec,predict_time_sec
cat,0.12217797192746738,0.014011745042289178,0.06480743593897959,7.711935931374622,8151,2038,3.630122661590576,0.0026001930236816406
