Model,R2,MAE,RMSE,MAPE_percent,n_train,n_test,fit_time_sec,predict_time_sec
cat,0.44073996470809484,0.3100282368194099,0.2151279572028874,33.53411306074231,4974,2131,4.5638391971588135,0.0034744739532470703
