Model,R2,MAE,RMSE,MAPE_percent,n_train,n_test,fit_time_sec,predict_time_sec
cat,0.7609178868215212,0.058637705231012194,0.11395321987436192,5.100794337788957,7056,1764,3.5503313541412354,0.024112701416015625
