Model,R2,MAE,RMSE,MAPE_percent,n_train,n_test,fit_time_sec,predict_time_sec
cat,0.9654121231311,0.04292694567959264,0.006366122496772569,4.224510089405049,6208,1552,3.350534439086914,0.0022537708282470703
