Model,R2,MAE,RMSE,MAPE_percent,n_train,n_test,fit_time_sec,predict_time_sec
cat,0.38588644756830215,0.3955360262513054,0.3745397187396241,37.18254138983921,1585,6340,4.233266353607178,0.006367206573486328
