Model,R2,MAE,RMSE,MAPE_percent,n_train,n_test,fit_time_sec,predict_time_sec
cat,-0.8237100611570636,0.3120545785191415,0.631364855807256,45.22644776910246,1323,7497,4.0538599491119385,0.00886225700378418
