Model,R2,MAE,RMSE,MAPE_percent,n_train,n_test,fit_time_sec,predict_time_sec
gbm,0.9961894465127978,0.002541364529215909,1.210488317411622e-05,3.707934691602387,8145,2036,20.267688989639282,0.01389169692993164
