Model,R2,MAE,RMSE,MAPE_percent,n_train,n_test,fit_time_sec,predict_time_sec
cat,0.947940313936777,0.21125997981650402,0.10550671981587531,7.678515028361091,1189,6736,3.9550042152404785,0.007404327392578125
