Model,R2,MAE,RMSE,MAPE_percent,n_train,n_test,fit_time_sec,predict_time_sec
gbm,0.9589549201903343,0.01698504769659969,0.0025121605993365026,11.636968819373179,8145,2036,18.429943799972534,0.015509366989135742
