Model,R2,MAE,RMSE,MAPE_percent,n_train,n_test,fit_time_sec,predict_time_sec
cat,0.9597960105449796,0.24070002646539967,0.12898301639725024,6.811046505713635,6206,1552,3.8230323791503906,0.0024652481079101562
