Model,R2,MAE,RMSE,MAPE_percent,n_train,n_test,fit_time_sec,predict_time_sec
cat,0.9823549287101433,0.004549020000730446,3.596416601810911e-05,6.736684648603594,6618,3563,4.74167799949646,0.0045092105865478516
