Model,R2,MAE,RMSE,MAPE_percent,n_train,n_test,fit_time_sec,predict_time_sec
cat,0.482249372904775,0.06171464365464167,0.30334161022093403,6.658474618416925,1323,7497,4.07080602645874,0.009427547454833984
