Model,R2,MAE,RMSE,MAPE_percent,n_train,n_test,fit_time_sec,predict_time_sec
gbm,0.9175252439071826,0.0011860733215614213,3.843573576180955e-05,7.2828054277721685,5090,5091,12.283302307128906,0.03230690956115723
