Model,R2,MAE,RMSE,MAPE_percent,n_train,n_test,fit_time_sec,predict_time_sec
gbm,0.9356160821859828,0.017306533091959692,0.004151561052680892,11.30745482220643,8145,2036,18.492522716522217,0.015486001968383789
