Model,R2,MAE,RMSE,MAPE_percent,n_train,n_test,fit_time_sec,predict_time_sec
cat,0.9250933151358851,0.0052843831816313585,0.0007652960313534775,7.282546244634249,5600,4581,4.808321237564087,0.004826068878173828
