Model,R2,MAE,RMSE,MAPE_percent,n_train,n_test,fit_time_sec,predict_time_sec
rf,0.9964917241893319,0.00239021859085527,1.2848702882471655e-05,3.030352010564492,8145,2036,52.35001564025879,0.3919661045074463
