Model,R2,MAE,RMSE,MAPE_percent,n_train,n_test,fit_time_sec,predict_time_sec
gbm,0.9711063850615166,0.16338952381496602,0.05423179026199762,7.187457219325574,9053,2263,22.684890508651733,0.017988204956054688
