Model,R2,MAE,RMSE,MAPE_percent,n_train,n_test,fit_time_sec,predict_time_sec
cat,0.9005655089797742,0.021610709369651877,0.016129584810791284,3.323130237168861,6340,1585,4.42177939414978,0.0026426315307617188
