Model,R2,MAE,RMSE,MAPE_percent,n_train,n_test,fit_time_sec,predict_time_sec
rf,0.959446462353168,0.17535882510226677,0.08811895634657896,85278858.81696253,9053,2263,94.5490505695343,0.9293227195739746
