Model,R2,MAE,RMSE,MAPE_percent,n_train,n_test,fit_time_sec,predict_time_sec
gbm,0.5113702817323766,0.37452997449373665,0.3261262831507228,5752854600.315461,9053,2263,20.27143359184265,0.016057491302490234
