Model,R2,MAE,RMSE,MAPE_percent,n_train,n_test,fit_time_sec,predict_time_sec
cat,0.9549210642508528,0.1901007330647011,0.08860835836002567,6.271348407340562,4755,3170,4.740977764129639,0.004678964614868164
