Model,R2,MAE,RMSE,MAPE_percent,n_train,n_test,fit_time_sec,predict_time_sec
cat,0.9884231791102662,0.00881689678352449,0.00015503722300671288,3.6620288708584185,2716,5044,3.4255783557891846,0.00590205192565918
