Model,R2,MAE,RMSE,MAPE_percent,n_train,n_test,fit_time_sec,predict_time_sec
rf,0.9973727383338954,0.003485845566210545,3.6742853845925565e-05,1.197409510967874,6208,1552,37.13434338569641,0.28264951705932617
