Model,R2,MAE,RMSE,MAPE_percent,n_train,n_test,fit_time_sec,predict_time_sec
cat,0.3219845968263869,0.026775272420014377,0.08558072663259898,8.489090347922975,8151,2038,3.5757906436920166,0.002608776092529297
