Model,R2,MAE,RMSE,MAPE_percent,n_train,n_test,fit_time_sec,predict_time_sec
cat,0.0865317448111278,0.2821986152705212,0.3965396695596131,44.11485381007933,3528,5292,4.237860441207886,0.006223440170288086
