Model,R2,MAE,RMSE,MAPE_percent,n_train,n_test,fit_time_sec,predict_time_sec
rf,0.9446807229842665,0.25908902513021287,0.1438762516964404,6.5538773185663395,6206,1552,36.649378299713135,0.2982606887817383
