Model,R2,MAE,RMSE,MAPE_percent,n_train,n_test,fit_time_sec,predict_time_sec
cat,0.9893380197877757,0.0010034032548610293,3.354890245995273e-06,7.381831828590572,5600,4581,4.861542701721191,0.005734920501708984
