Model,R2,MAE,RMSE,MAPE_percent,n_train,n_test,fit_time_sec,predict_time_sec
rf,0.7456969399117013,0.4947065838845289,0.5940766306419654,2516773028.232542,9059,2265,59.1126663684845,0.4585385322570801
