Model,R2,MAE,RMSE,MAPE_percent,n_train,n_test,fit_time_sec,predict_time_sec
cat,0.7534898536860639,0.07744437485087913,0.13647186960569674,6.040407533092902,1421,5684,3.9453623294830322,0.006581306457519531
