Model,R2,MAE,RMSE,MAPE_percent,n_train,n_test,fit_time_sec,predict_time_sec
rf,0.9910880441804996,0.004774374524415049,0.0002564334106126263,1.4364274333019886,6208,1552,54.763826847076416,0.5519013404846191
