Model,R2,MAE,RMSE,MAPE_percent,n_train,n_test,fit_time_sec,predict_time_sec
rf,0.9973165363575157,0.00041908891381213216,3.366098303660146e-07,2.9741181835679718,8145,2036,57.713544845581055,0.3727719783782959
