Model,R2,MAE,RMSE,MAPE_percent,n_train,n_test,fit_time_sec,predict_time_sec
rf,0.9961615278044553,0.0024629735412235658,1.5243075969755461e-05,3.0151855977417426,8145,2036,52.96655893325806,0.3992574214935303
