Model,R2,MAE,RMSE,MAPE_percent,n_train,n_test,fit_time_sec,predict_time_sec
cat,0.9896209718171377,0.0009563058553494163,1.8833062154667234e-06,7.2557618667505,5090,5091,4.509007215499878,0.006542682647705078
