Model,R2,MAE,RMSE,MAPE_percent,n_train,n_test,fit_time_sec,predict_time_sec
gbm,0.9911096905226247,0.00288736891705388,7.77946802423224e-05,3.914708520153529,8145,2036,20.5509090423584,0.014400720596313477
