Model,R2,MAE,RMSE,MAPE_percent,n_train,n_test,fit_time_sec,predict_time_sec
cat,0.9977634860682689,0.0018598128888550464,7.189437945499205e-06,2.6264817031128733,8145,2036,3.6032514572143555,0.002626657485961914
