Model,R2,MAE,RMSE,MAPE_percent,n_train,n_test,fit_time_sec,predict_time_sec
cat,0.992941672601208,0.0007032709176881971,1.050863107088764e-06,4.379690276539757,8145,2036,3.546482563018799,0.0028693675994873047
