Model,R2,MAE,RMSE,MAPE_percent,n_train,n_test,fit_time_sec,predict_time_sec
cat,0.9875373310284071,0.003285757242246863,0.00012331796076767412,4.195668578616985,8145,2036,4.569445610046387,0.0030367374420166016
