Model,R2,MAE,RMSE,MAPE_percent,n_train,n_test,fit_time_sec,predict_time_sec
cat,0.5885567785715303,0.0567622152071338,0.25337242627951334,5.306880879460064,2205,6615,5.271199703216553,0.009996652603149414
