Model,R2,MAE,RMSE,MAPE_percent,n_train,n_test,fit_time_sec,predict_time_sec
gbm,0.8678019741798764,0.2940105375213795,0.16321711341535317,11.224338042465865,6214,1554,15.558712720870972,0.011724710464477539
