Model,R2,MAE,RMSE,MAPE_percent,n_train,n_test,fit_time_sec,predict_time_sec
cat,0.7675561595116718,0.018562076063380548,0.006090110365049855,5.680749821951943,6208,1552,3.5224177837371826,0.0023818016052246094
