Model,R2,MAE,RMSE,MAPE_percent,n_train,n_test,fit_time_sec,predict_time_sec
gbm,0.9851480734861832,0.012076548819325204,0.0008555065755378173,2.8666575532675367,9053,2263,22.99821376800537,0.016644716262817383
