Model,R2,MAE,RMSE,MAPE_percent,n_train,n_test,fit_time_sec,predict_time_sec
cat,0.9931734238507142,0.00325794084724089,2.2512734794190975e-05,4.65225903066595,8151,2038,3.9123170375823975,0.0026764869689941406
