Model,R2,MAE,RMSE,MAPE_percent,n_train,n_test,fit_time_sec,predict_time_sec
cat,0.9608534736545545,0.06956909820785005,0.012917489009172748,5.87198956902828,1421,5684,3.9531900882720947,0.0066525936126708984
