Model,R2,MAE,RMSE,MAPE_percent,n_train,n_test,fit_time_sec,predict_time_sec
rf,0.9991065513614549,0.0011954386262834863,2.8342718388554425e-06,1.6622067592950003,8145,2036,49.94661784172058,0.39809179306030273
