Model,R2,MAE,RMSE,MAPE_percent,n_train,n_test,fit_time_sec,predict_time_sec
gbm,0.9923260658382391,0.0003712790947038111,3.003231278919704e-06,1.9904279867783574,8145,2036,40.57266926765442,0.034403085708618164
