Model,R2,MAE,RMSE,MAPE_percent,n_train,n_test,fit_time_sec,predict_time_sec
cat,0.9035504153734916,0.0012430127552194175,4.7270996109344104e-05,7.3857607477434595,4581,5600,3.429105281829834,0.006684541702270508
