Model,R2,MAE,RMSE,MAPE_percent,n_train,n_test,fit_time_sec,predict_time_sec
rf,0.92217942138231,0.14235723909310696,0.08553146172555105,6.831408150472764,6213,1553,36.180660009384155,0.28690505027770996
