Model,R2,MAE,RMSE,MAPE_percent,n_train,n_test,fit_time_sec,predict_time_sec
cat,0.9718945744594284,0.0655346664687387,0.01999621427550541,4.282258024798828,6340,1585,4.676703929901123,0.0033876895904541016
