Model,R2,MAE,RMSE,MAPE_percent,n_train,n_test,fit_time_sec,predict_time_sec
gbm,0.997279237320817,0.0004245523609834817,3.450171186335983e-07,2.9950718860526164,8151,2038,20.846890449523926,0.01252436637878418
