Model,R2,MAE,RMSE,MAPE_percent,n_train,n_test,fit_time_sec,predict_time_sec
cat,0.915503091719998,0.021456680122020174,0.010581226696684383,372816133.51618445,6224,5092,4.806798458099365,0.006846427917480469
