Model,R2,MAE,RMSE,MAPE_percent,n_train,n_test,fit_time_sec,predict_time_sec
cat,0.32269322920774124,0.1524306298975883,0.084816552828221,1145633286.112356,6224,5092,4.496007680892944,0.0068776607513427734
