Model,R2,MAE,RMSE,MAPE_percent,n_train,n_test,fit_time_sec,predict_time_sec
cat,0.9910921970868948,0.00501747129555368,5.1771212827582485e-05,7.738790530018909,2545,7636,4.632251024246216,0.007977724075317383
