Model,R2,MAE,RMSE,MAPE_percent,n_train,n_test,fit_time_sec,predict_time_sec
cat,0.17712004683113725,0.15941911358701588,0.09143403343504414,69.53123625186996,1189,6736,3.672238349914551,0.010439395904541016
