Model,R2,MAE,RMSE,MAPE_percent,n_train,n_test,fit_time_sec,predict_time_sec
cat,0.9541560483446722,0.179428654770346,0.06380671120846025,5.797387644977058,5548,2377,4.783951997756958,0.003610372543334961
