Model,R2,MAE,RMSE,MAPE_percent,n_train,n_test,fit_time_sec,predict_time_sec
rf,0.9923555586070902,0.0076138651069700995,0.0004447543611615366,565538.332594804,9053,2263,71.95562553405762,0.8670153617858887
