Model,R2,MAE,RMSE,MAPE_percent,n_train,n_test,fit_time_sec,predict_time_sec
rf,0.962215277089711,0.1250849271781011,0.04836246719230399,5.20315372299979,6208,1552,36.54350233078003,0.2858755588531494
