Model,R2,MAE,RMSE,MAPE_percent,n_train,n_test,fit_time_sec,predict_time_sec
rf,0.9104430608591689,0.01716783227816914,0.005408876797670223,4.492566998990125,388,7372,1.8960022926330566,0.39568233489990234
