Model,R2,MAE,RMSE,MAPE_percent,n_train,n_test,fit_time_sec,predict_time_sec
cat,0.9763359625075793,0.06256312968377868,0.012640151881251414,849013925.306721,9053,2263,7.6002748012542725,0.017518043518066406
