Model,R2,MAE,RMSE,MAPE_percent,n_train,n_test,fit_time_sec,predict_time_sec
gbm,0.7475568866566599,0.29901281930758367,0.8555879305560857,7.286915780990628,6213,1553,15.792842864990234,0.012221097946166992
