Model,R2,MAE,RMSE,MAPE_percent,n_train,n_test,fit_time_sec,predict_time_sec
cat,0.9600930618929864,0.1772247457458824,0.06471812481273513,5.813631027337346,5548,2377,4.896233320236206,0.0035071372985839844
