Model,R2,MAE,RMSE,MAPE_percent,n_train,n_test,fit_time_sec,predict_time_sec
cat,0.9659681947414478,0.1750006381696019,0.06916706176158491,6.125981928681858,5548,2377,5.773445129394531,0.003965854644775391
