Model,R2,MAE,RMSE,MAPE_percent,n_train,n_test,fit_time_sec,predict_time_sec
cat,0.9970418531575053,0.005549397891508189,7.13682657195248e-05,3.077198175267782,8145,2036,4.016795635223389,0.0027375221252441406
