Model,R2,MAE,RMSE,MAPE_percent,n_train,n_test,fit_time_sec,predict_time_sec
rf,0.9858874164439918,0.008646915113644285,0.0003569831662281393,2.163026198179442,6340,1585,38.49277424812317,0.2803952693939209
