Model,R2,MAE,RMSE,MAPE_percent,n_train,n_test,fit_time_sec,predict_time_sec
cat,0.9955479055370441,0.0005113537671918748,7.657305746406431e-07,3.2232254369081907,8145,2036,3.807326078414917,0.002627134323120117
