Model,R2,MAE,RMSE,MAPE_percent,n_train,n_test,fit_time_sec,predict_time_sec
gbm,0.9500156658369023,0.033250512387866756,0.01336145664668027,4.1037129571953965,5043,2715,12.394793272018433,0.019447803497314453
