Model,R2,MAE,RMSE,MAPE_percent,n_train,n_test,fit_time_sec,predict_time_sec
rf,0.3672240531395301,0.2980568047649998,0.2803552573436426,32.21534741988532,5684,1421,35.96651244163513,0.2672603130340576
