Model,R2,MAE,RMSE,MAPE_percent,n_train,n_test,fit_time_sec,predict_time_sec
cat,0.7309743864487059,0.5275092653846489,0.5606498462042206,20.591339349894007,5548,2377,4.368393898010254,0.003929615020751953
