Model,R2,MAE,RMSE,MAPE_percent,n_train,n_test,fit_time_sec,predict_time_sec
rf,0.934494076237121,0.001135395432758116,3.269344547110439e-05,7.030378584708041,5600,4581,33.41000843048096,0.573845624923706
