Model,R2,MAE,RMSE,MAPE_percent,n_train,n_test,fit_time_sec,predict_time_sec
cat,0.9884602040201503,0.0075997027497758315,0.00010557912655460423,3.034626279089199,4656,3104,3.341555118560791,0.003691434860229492
