Model,R2,MAE,RMSE,MAPE_percent,n_train,n_test,fit_time_sec,predict_time_sec
cat,0.3061264388341083,0.3414506897148695,0.35516177363179957,33.251676195206805,1754,5261,3.7774853706359863,0.0064089298248291016
