Model,R2,MAE,RMSE,MAPE_percent,n_train,n_test,fit_time_sec,predict_time_sec
gbm,0.6697878499662533,0.024160172918913,0.034992935378372385,9.074029612932478,8151,2038,20.209761142730713,0.01470041275024414
