Model,R2,MAE,RMSE,MAPE_percent,n_train,n_test,fit_time_sec,predict_time_sec
cat,0.33147068064190033,0.00255494561566652,0.0005285075701614978,12.822930767995503,8151,2038,3.486671209335327,0.0026199817657470703
