Model,R2,MAE,RMSE,MAPE_percent,n_train,n_test,fit_time_sec,predict_time_sec
rf,0.8790391749474937,0.004765740557689404,0.0011645450703813018,7.209438325473775,8145,2036,51.19279408454895,0.4360663890838623
