Model,R2,MAE,RMSE,MAPE_percent,n_train,n_test,fit_time_sec,predict_time_sec
rf,0.9983191927855689,0.0002623627261470103,1.7613796821735474e-07,2.0736392474002536,8145,2036,51.2861909866333,0.4033927917480469
