Model,R2,MAE,RMSE,MAPE_percent,n_train,n_test,fit_time_sec,predict_time_sec
cat,0.9177578925689145,0.01438035580437171,0.004883886772250297,4.608519097343642,1940,5820,3.079240322113037,0.006893157958984375
