Model,R2,MAE,RMSE,MAPE_percent,n_train,n_test,fit_time_sec,predict_time_sec
rf,0.9552006912990076,0.030334077655435537,0.011260804875006619,3.395474799593385,6213,1553,36.802199602127075,0.28522610664367676
