Model,R2,MAE,RMSE,MAPE_percent,n_train,n_test,fit_time_sec,predict_time_sec
rf,0.9529205863576505,0.05412928690581922,0.01742036088006962,4.47841348492315,6208,1552,36.066582918167114,0.28838539123535156
