Model,R2,MAE,RMSE,MAPE_percent,n_train,n_test,fit_time_sec,predict_time_sec
cat,0.5982620413097508,0.31587254202444376,0.7492403629965887,11.130457667183396,6214,1554,3.5825445652008057,0.0023250579833984375
