Model,R2,MAE,RMSE,MAPE_percent,n_train,n_test,fit_time_sec,predict_time_sec
gbm,0.4593510686055269,0.5104967429086437,0.6047589419700867,33.06446479271849,6206,1552,13.759979486465454,0.011960744857788086
