Model,R2,MAE,RMSE,MAPE_percent,n_train,n_test,fit_time_sec,predict_time_sec
gbm,0.8918600033203677,0.27573980130114334,0.13845148557986087,13.612909568776447,6208,1552,14.731578826904297,0.012338876724243164
