Model,R2,MAE,RMSE,MAPE_percent,n_train,n_test,fit_time_sec,predict_time_sec
cat,0.871903243169686,0.02737996531343658,0.014946400611745498,290857142.1881698,1132,10184,3.04337215423584,0.01256418228149414
