Model,R2,MAE,RMSE,MAPE_percent,n_train,n_test,fit_time_sec,predict_time_sec
rf,0.9986044014012888,0.00031289944619220027,1.8991370765147073e-07,2.2357172439912603,8151,2038,54.88756060600281,0.4483675956726074
