Model,R2,MAE,RMSE,MAPE_percent,n_train,n_test,fit_time_sec,predict_time_sec
gbm,0.9340793089157475,0.19352489098022463,0.14575299629838628,412357482.890789,9059,2265,22.774245023727417,0.018273353576660156
