Model,R2,MAE,RMSE,MAPE_percent,n_train,n_test,fit_time_sec,predict_time_sec
cat,0.9889821023454954,0.0009644624630905149,2.0399069934751952e-06,8.489367422590254,1527,8654,3.313991069793701,0.007631778717041016
