Model,R2,MAE,RMSE,MAPE_percent,n_train,n_test,fit_time_sec,predict_time_sec
cat,0.9616367691471854,0.07713130901536701,0.018779844255940956,6.0505770074137795,9053,2263,3.58001971244812,0.002977609634399414
