Model,R2,MAE,RMSE,MAPE_percent,n_train,n_test,fit_time_sec,predict_time_sec
rf,0.9505600815240619,0.2521859527482842,0.1518389103064738,7.030979283698505,6206,1552,36.5687472820282,0.28298449516296387
