Model,R2,MAE,RMSE,MAPE_percent,n_train,n_test,fit_time_sec,predict_time_sec
gbm,0.9986001072111654,0.0017064673022763287,1.2655856941732666e-05,1.9438778593584658,8145,2036,23.99543333053589,0.01440119743347168
