Model,R2,MAE,RMSE,MAPE_percent,n_train,n_test,fit_time_sec,predict_time_sec
cat,0.9979495858602091,0.0003617668353366854,2.5613526069824486e-07,2.664936372729245,8145,2036,3.6763553619384766,0.002655029296875
