Model,R2,MAE,RMSE,MAPE_percent,n_train,n_test,fit_time_sec,predict_time_sec
gbm,0.9982096154580478,0.0014888555370184383,7.258678314169293e-06,1.7879802366594195,8145,2036,20.952669382095337,0.013578653335571289
