Model,R2,MAE,RMSE,MAPE_percent,n_train,n_test,fit_time_sec,predict_time_sec
cat,0.6607324826057674,0.588152430275794,0.6799168791943148,25.272429594462807,1585,6340,3.6934995651245117,0.008559942245483398
