Model,R2,MAE,RMSE,MAPE_percent,n_train,n_test,fit_time_sec,predict_time_sec
rf,0.9879690420725066,0.0008652154667243367,3.6443521848095805e-06,7.4540785036981525,8145,2036,51.509016036987305,0.39911961555480957
