Model,R2,MAE,RMSE,MAPE_percent,n_train,n_test,fit_time_sec,predict_time_sec
rf,0.8909508334325265,0.011739716463252937,0.004893176060504596,3.212428240984444,6214,1554,38.117172956466675,0.2789764404296875
