Model,R2,MAE,RMSE,MAPE_percent,n_train,n_test,fit_time_sec,predict_time_sec
gbm,0.4422481753091291,0.49934811609199603,0.5657103706851512,31.884313258592684,6206,1552,14.071525573730469,0.012091636657714844
