Model,R2,MAE,RMSE,MAPE_percent,n_train,n_test,fit_time_sec,predict_time_sec
rf,0.9530737846596368,0.1931939963170464,0.09880161655195632,7.681102376315587,9053,2263,55.83080744743347,0.4764821529388428
