Model,R2,MAE,RMSE,MAPE_percent,n_train,n_test,fit_time_sec,predict_time_sec
cat,0.14428816760579632,0.0322366142204619,0.02858602107826,12.954571118654282,8151,2038,3.589890241622925,0.0026073455810546875
