Model,R2,MAE,RMSE,MAPE_percent,n_train,n_test,fit_time_sec,predict_time_sec
gbm,0.8922761294691886,0.007379097429072414,0.0010251240388251875,13.117312220614567,8145,2036,18.509910106658936,0.015156984329223633
