Model,R2,MAE,RMSE,MAPE_percent,n_train,n_test,fit_time_sec,predict_time_sec
cat,0.9958904367885733,0.002484014495625135,1.3356799083216018e-05,3.498237316802608,8145,2036,3.675081491470337,0.002631664276123047
