Model,R2,MAE,RMSE,MAPE_percent,n_train,n_test,fit_time_sec,predict_time_sec
cat,0.9523381688423926,0.10766951737751757,0.028872646408981788,5.407302654951899,6206,1552,9.923295497894287,0.0029516220092773438
