Model,R2,MAE,RMSE,MAPE_percent,n_train,n_test,fit_time_sec,predict_time_sec
cat,0.9106833097934381,0.0014548587334586886,3.7201795204355826e-05,12.604146537947033,5600,4581,4.386306285858154,0.005301713943481445
