Model,R2,MAE,RMSE,MAPE_percent,n_train,n_test,fit_time_sec,predict_time_sec
rf,0.9908236848018893,0.0009637357736883113,1.8218821346102414e-06,7.3245775990069415,2036,8145,11.202966451644897,0.6744506359100342
