Model,R2,MAE,RMSE,MAPE_percent,n_train,n_test,fit_time_sec,predict_time_sec
gbm,0.9852781629006863,0.0008297115563249622,1.2211436472598975e-06,6.998235350700008,5600,4581,13.512252807617188,0.027532339096069336
