Model,R2,MAE,RMSE,MAPE_percent,n_train,n_test,fit_time_sec,predict_time_sec
cat,0.11364641149359234,0.16118701547392925,0.10018713768723328,61.797640241862375,396,7529,3.063471794128418,0.007502079010009766
