Model,R2,MAE,RMSE,MAPE_percent,n_train,n_test,fit_time_sec,predict_time_sec
cat,0.9801286849586687,0.001041450101459336,1.8802516913740248e-06,6.777303244434371,7127,3054,3.713843822479248,0.003406524658203125
