Model,R2,MAE,RMSE,MAPE_percent,n_train,n_test,fit_time_sec,predict_time_sec
gbm,0.3726989109577148,0.33575526912412057,0.24640382048474502,34.85480675621189,5612,1403,12.36062502861023,0.010639667510986328
