Model,R2,MAE,RMSE,MAPE_percent,n_train,n_test,fit_time_sec,predict_time_sec
cat,0.9667523825023017,0.07274042884626426,0.013586226885346407,5.766023659481374,9053,2263,3.6197550296783447,0.002965688705444336
