Model,R2,MAE,RMSE,MAPE_percent,n_train,n_test,fit_time_sec,predict_time_sec
rf,0.9457873331654222,0.25570391001652054,0.1478653562509212,6.60234924872444,6206,1552,37.35696864128113,0.2875649929046631
