Model,R2,MAE,RMSE,MAPE_percent,n_train,n_test,fit_time_sec,predict_time_sec
gbm,0.9868722322645204,0.0010528598918454523,2.018929026639256e-06,7.070124633203926,8145,2036,19.920148611068726,0.014564990997314453
