Model,R2,MAE,RMSE,MAPE_percent,n_train,n_test,fit_time_sec,predict_time_sec
rf,0.9724968157818571,0.023509612615596746,0.0023000291604891986,3.8341917477720795,1940,5818,9.86274528503418,0.463529109954834
