Model,R2,MAE,RMSE,MAPE_percent,n_train,n_test,fit_time_sec,predict_time_sec
gbm,0.997118837411681,0.00043950396591931474,3.846068786612791e-07,2.9464039928400134,8151,2038,20.578232288360596,0.012091875076293945
