Model,R2,MAE,RMSE,MAPE_percent,n_train,n_test,fit_time_sec,predict_time_sec
rf,0.669309044658778,0.43444179453974474,0.42326711026711034,24.429963680643258,6208,1552,38.39635133743286,0.28587985038757324
