Model,R2,MAE,RMSE,MAPE_percent,n_train,n_test,fit_time_sec,predict_time_sec
cat,0.9126042165012433,0.022782621096490867,0.00699351349068798,12.652260789020403,2545,7636,3.9659366607666016,0.008702278137207031
