Model,R2,MAE,RMSE,MAPE_percent,n_train,n_test,fit_time_sec,predict_time_sec
cat,0.8823932185743514,0.006180124867093408,0.0011024470829399094,7.909567321875266,2036,8145,4.259804010391235,0.009235143661499023
