Model,R2,MAE,RMSE,MAPE_percent,n_train,n_test,fit_time_sec,predict_time_sec
cat,0.9899111403975088,0.0009841343257084645,2.09159780539926e-06,7.541828014418201,3563,6618,4.616923093795776,0.009816646575927734
