Model,R2,MAE,RMSE,MAPE_percent,n_train,n_test,fit_time_sec,predict_time_sec
cat,0.9568550119625185,0.180296603947291,0.06928537201285388,5.9766945484625795,5548,2377,4.737616300582886,0.003523111343383789
