Model,R2,MAE,RMSE,MAPE_percent,n_train,n_test,fit_time_sec,predict_time_sec
cat,0.9586297565530192,0.12391382217796758,0.03986241873120856,5.106975795987992,6208,1552,3.646749496459961,0.0024390220642089844
