Model,R2,MAE,RMSE,MAPE_percent,n_train,n_test,fit_time_sec,predict_time_sec
gbm,0.9564511944000912,0.015844450163831084,0.005385849644123978,2.5962893704036203,6340,1585,16.07274603843689,0.012583494186401367
