Model,R2,MAE,RMSE,MAPE_percent,n_train,n_test,fit_time_sec,predict_time_sec
cat,0.7922608556077769,0.018598689943870178,0.005700616358741203,6.385030318143278,6208,1552,3.492035150527954,0.0023064613342285156
