Model,R2,MAE,RMSE,MAPE_percent,n_train,n_test,fit_time_sec,predict_time_sec
gbm,0.15083227742133865,0.1109185411153389,0.047835368606212916,59.63832167148713,6208,1552,13.76674747467041,0.011398077011108398
