Model,R2,MAE,RMSE,MAPE_percent,n_train,n_test,fit_time_sec,predict_time_sec
cat,0.942013016184726,0.0780389464141765,0.03738283997008114,4.947417333085867,6340,1585,4.4154441356658936,0.0026798248291015625
