Model,R2,MAE,RMSE,MAPE_percent,n_train,n_test,fit_time_sec,predict_time_sec
rf,0.9839413365875764,0.00032218493114504366,4.617257082441053e-06,2.1006611288255237,8145,2036,51.5782687664032,0.42952775955200195
