Model,R2,MAE,RMSE,MAPE_percent,n_train,n_test,fit_time_sec,predict_time_sec
cat,0.6816069647031568,0.5576001521253308,0.626052569651182,23.72276305771242,3962,3963,4.238466024398804,0.005257129669189453
