Model,R2,MAE,RMSE,MAPE_percent,n_train,n_test,fit_time_sec,predict_time_sec
gbm,0.9388452047218319,0.15268975001683438,0.07504940755841821,6.507372669024549,6208,1552,18.03137707710266,0.03696846961975098
