Model,R2,MAE,RMSE,MAPE_percent,n_train,n_test,fit_time_sec,predict_time_sec
cat,0.9855214631990051,0.014159010708479938,0.0006096552987067081,4.804617867548763,9059,2265,3.6088128089904785,0.0028541088104248047
