Model,R2,MAE,RMSE,MAPE_percent,n_train,n_test,fit_time_sec,predict_time_sec
gbm,0.9922003408264816,0.002696902492537807,7.518348366593436e-05,3.1676549515812633,8145,2036,22.656108140945435,0.014162063598632812
