Model,R2,MAE,RMSE,MAPE_percent,n_train,n_test,fit_time_sec,predict_time_sec
gbm,0.9921105974550053,0.0005122000368452203,2.6345067439334828e-06,3.601917800271901,8145,2036,20.352630853652954,0.014632940292358398
