Model,R2,MAE,RMSE,MAPE_percent,n_train,n_test,fit_time_sec,predict_time_sec
gbm,0.9982528497303269,0.0035172605499209173,3.78715621243956e-05,1.8457888238330888,8145,2036,20.473057508468628,0.013821125030517578
