Model,R2,MAE,RMSE,MAPE_percent,n_train,n_test,fit_time_sec,predict_time_sec
cat,0.9270344175169999,0.01654957370722709,0.005879152922105627,7.60861289242826,3054,7127,4.1976282596588135,0.008441686630249023
