Model,R2,MAE,RMSE,MAPE_percent,n_train,n_test,fit_time_sec,predict_time_sec
gbm,0.9992840316531079,0.0010425349406154654,2.2009036698500717e-06,1.4366362285481016,8145,2036,20.487432718276978,0.014072418212890625
