Model,R2,MAE,RMSE,MAPE_percent,n_train,n_test,fit_time_sec,predict_time_sec
rf,0.9572003999181112,0.14279377650035927,0.05458934431709997,5.973332892763039,6208,1552,36.6086220741272,0.2857382297515869
