Model,R2,MAE,RMSE,MAPE_percent,n_train,n_test,fit_time_sec,predict_time_sec
cat,0.9255730551975211,0.015860742085298436,0.006055707204497986,7.5107833722082615,3563,6618,4.53566312789917,0.006785869598388672
