Model,R2,MAE,RMSE,MAPE_percent,n_train,n_test,fit_time_sec,predict_time_sec
gbm,0.9588965333137661,0.0011654629752659402,1.2825835807080112e-05,8.754344231419998,509,9672,1.2604258060455322,0.0636141300201416
