Model,R2,MAE,RMSE,MAPE_percent,n_train,n_test,fit_time_sec,predict_time_sec
gbm,0.9643184863330045,0.05914068641824924,0.010618325591110216,4.3592483166494524,5690,1423,14.06311583518982,0.011452436447143555
