Model,R2,MAE,RMSE,MAPE_percent,n_train,n_test,fit_time_sec,predict_time_sec
rf,0.9873784225758908,0.015535214937106846,0.0012377247112282102,6.6871334940575,8145,2036,60.15841794013977,0.5646548271179199
