Model,R2,MAE,RMSE,MAPE_percent,n_train,n_test,fit_time_sec,predict_time_sec
rf,0.9993114916398111,0.0010727615546394442,2.3404198067700484e-06,1.4349813152336561,8145,2036,49.38754439353943,0.3714768886566162
