Model,R2,MAE,RMSE,MAPE_percent,n_train,n_test,fit_time_sec,predict_time_sec
rf,0.968094214029149,0.04206879391000894,0.005768226606014789,3.7491513392943467,6208,1552,35.979228258132935,0.2832310199737549
