Model,R2,MAE,RMSE,MAPE_percent,n_train,n_test,fit_time_sec,predict_time_sec
gbm,0.9871566730306318,0.015225911942741121,0.0004153795258396167,6.971465357435373,8145,2036,19.921398878097534,0.014383077621459961
