Model,R2,MAE,RMSE,MAPE_percent,n_train,n_test,fit_time_sec,predict_time_sec
gbm,0.9955578584748708,0.00801199125831225,0.00012013055910584375,3.831349589994647,8151,2038,20.36005401611328,0.012778759002685547
