Model,R2,MAE,RMSE,MAPE_percent,n_train,n_test,fit_time_sec,predict_time_sec
rf,0.9874297011305898,0.006994064633918322,9.481785089171246e-05,2.6173755951102184,5820,1940,35.42564368247986,0.28973388671875
