Model,R2,MAE,RMSE,MAPE_percent,n_train,n_test,fit_time_sec,predict_time_sec
cat,0.9942867246238152,0.012244976037191246,0.00031777092564695583,7.3041432607852705,8145,2036,3.700922727584839,0.0024483203887939453
