Model,R2,MAE,RMSE,MAPE_percent,n_train,n_test,fit_time_sec,predict_time_sec
rf,0.9904392111360535,0.007948149367799548,0.0008590400655589888,3.0837315393567954,8145,2036,52.31724691390991,0.4056706428527832
