Model,R2,MAE,RMSE,MAPE_percent,n_train,n_test,fit_time_sec,predict_time_sec
rf,0.9759719133786272,0.014873968422990044,0.00218766977095521,826789.7548177541,9059,2265,57.171454668045044,0.4431328773498535
