Model,R2,MAE,RMSE,MAPE_percent,n_train,n_test,fit_time_sec,predict_time_sec
cat,0.9614959938910711,0.13932182402686993,0.049296624840393606,5.8213155008272865,6208,1552,3.3850200176239014,0.0023429393768310547
