Model,R2,MAE,RMSE,MAPE_percent,n_train,n_test,fit_time_sec,predict_time_sec
cat,0.9843435583834089,0.01995972089840997,0.0011827318842407893,11.825042350116208,8145,2036,4.6214001178741455,0.0031900405883789062
