Model,R2,MAE,RMSE,MAPE_percent,n_train,n_test,fit_time_sec,predict_time_sec
gbm,0.9778844794458185,0.061132990744568586,0.011654795545748754,248427291.60738802,9053,2263,24.83193850517273,0.03102278709411621
