Model,R2,MAE,RMSE,MAPE_percent,n_train,n_test,fit_time_sec,predict_time_sec
cat,0.9274034713525096,0.06607197283253166,0.02920566347671646,5.138875644037345,4618,2487,4.751834154129028,0.004353046417236328
