Model,R2,MAE,RMSE,MAPE_percent,n_train,n_test,fit_time_sec,predict_time_sec
rf,0.9991390709078835,0.000239564561253976,1.114330553237169e-07,1.685113183534373,8145,2036,52.53946542739868,0.45421886444091797
