Model,R2,MAE,RMSE,MAPE_percent,n_train,n_test,fit_time_sec,predict_time_sec
rf,0.970490505204994,0.018313078437693867,0.0035822390603855343,1992078.4720030376,9053,2263,94.25715732574463,0.4527120590209961
