Model,R2,MAE,RMSE,MAPE_percent,n_train,n_test,fit_time_sec,predict_time_sec
gbm,0.9671308000239983,0.1819512115825772,0.07898021831232785,745041039.4024299,9053,2263,46.19231200218201,0.031240224838256836
