Model,R2,MAE,RMSE,MAPE_percent,n_train,n_test,fit_time_sec,predict_time_sec
rf,0.964435001854514,0.17284627577986883,0.07821269757011803,11.088312458564085,9053,2263,56.18191432952881,0.4477224349975586
