Model,R2,MAE,RMSE,MAPE_percent,n_train,n_test,fit_time_sec,predict_time_sec
rf,0.7315448217229555,0.6093619882967504,0.8164287414522416,18.91896132545731,6206,1552,37.3475124835968,0.2944447994232178
