Model,R2,MAE,RMSE,MAPE_percent,n_train,n_test,fit_time_sec,predict_time_sec
cat,0.956816522223301,0.17862841669045118,0.06712008476044969,5.818416581324677,5944,1981,4.827520847320557,0.003326892852783203
