Model,R2,MAE,RMSE,MAPE_percent,n_train,n_test,fit_time_sec,predict_time_sec
cat,0.9885231326150993,0.0009687349521240114,3.882889450363984e-06,7.21063520042276,7636,2545,4.879102468490601,0.0038192272186279297
