Model,R2,MAE,RMSE,MAPE_percent,n_train,n_test,fit_time_sec,predict_time_sec
gbm,0.9645891573277994,0.17987743313183763,0.06626661369372613,7.527209922414962,9053,2263,22.881666898727417,0.017473936080932617
