Model,R2,MAE,RMSE,MAPE_percent,n_train,n_test,fit_time_sec,predict_time_sec
cat,0.9352241155783615,0.01538756298471537,0.004848830832676542,7.736148182589915,3054,7127,4.412270784378052,0.007654666900634766
