Model,R2,MAE,RMSE,MAPE_percent,n_train,n_test,fit_time_sec,predict_time_sec
cat,0.9369900591801684,0.21362456947330982,0.1291652297716239,7.707627091775975,1189,6736,3.9523181915283203,0.007277011871337891
