Model,R2,MAE,RMSE,MAPE_percent,n_train,n_test,fit_time_sec,predict_time_sec
cat,0.9184102323552393,0.0010703276797808298,2.9839614095037767e-05,7.7099901425389055,5090,5091,4.844669342041016,0.0061130523681640625
