Model,R2,MAE,RMSE,MAPE_percent,n_train,n_test,fit_time_sec,predict_time_sec
gbm,0.9934144323510589,0.006668244158143904,0.00045429143110533855,2.932518378875734,8145,2036,27.07797932624817,0.014686107635498047
