Model,R2,MAE,RMSE,MAPE_percent,n_train,n_test,fit_time_sec,predict_time_sec
cat,0.7210582734922685,0.11902452677850041,0.13863671045490425,9.633840757391848,351,6664,3.494739055633545,0.007648944854736328
