Model,R2,MAE,RMSE,MAPE_percent,n_train,n_test,fit_time_sec,predict_time_sec
cat,0.994948372325827,0.008302662282866314,0.00013737640185043594,3.9641510661981556,8145,2036,3.4658329486846924,0.002666473388671875
