Model,R2,MAE,RMSE,MAPE_percent,n_train,n_test,fit_time_sec,predict_time_sec
gbm,0.9872231599897894,0.00086154448222494,1.3682781946493964e-06,7.32768416356029,4072,6109,9.609318494796753,0.036824941635131836
