Model,R2,MAE,RMSE,MAPE_percent,n_train,n_test,fit_time_sec,predict_time_sec
gbm,0.9157020944290997,0.059863674410829064,0.028183537065181705,5.004002596230695,6208,1552,16.265599489212036,0.012514352798461914
