Model,R2,MAE,RMSE,MAPE_percent,n_train,n_test,fit_time_sec,predict_time_sec
cat,0.9696356050940926,0.07014318316991154,0.01232467611842774,5.5353180466961796,9053,2263,3.6639773845672607,0.0029134750366210938
