Model,R2,MAE,RMSE,MAPE_percent,n_train,n_test,fit_time_sec,predict_time_sec
gbm,0.9975577404635314,0.00781724817548784,0.0002025117032069205,3.2163905099398815,8145,2036,28.415741205215454,0.014948844909667969
