Model,R2,MAE,RMSE,MAPE_percent,n_train,n_test,fit_time_sec,predict_time_sec
gbm,0.954349010599278,0.0009102300186110987,1.3856851369928259e-05,7.515992328203919,8145,2036,19.801883459091187,0.014871358871459961
