Model,R2,MAE,RMSE,MAPE_percent,n_train,n_test,fit_time_sec,predict_time_sec
cat,0.31541833652012086,0.15164655851648265,0.0814661547548443,1062493425.257603,6790,4526,4.48902702331543,0.006947994232177734
