Model,R2,MAE,RMSE,MAPE_percent,n_train,n_test,fit_time_sec,predict_time_sec
gbm,0.9937373327016751,0.0013205953310633325,5.053719469222534e-05,1.5446986679554984,8145,2036,21.837461471557617,0.014798641204833984
