Model,R2,MAE,RMSE,MAPE_percent,n_train,n_test,fit_time_sec,predict_time_sec
rf,0.9805859089494551,0.03392002787967749,0.0027025600918329164,3.6617903207512246,7056,1764,45.43914079666138,0.3320286273956299
