Model,R2,MAE,RMSE,MAPE_percent,n_train,n_test,fit_time_sec,predict_time_sec
rf,0.9648520447818697,0.16391817321063779,0.08252774979268386,113281.3277192402,9053,2263,55.40923261642456,0.44976258277893066
