Model,R2,MAE,RMSE,MAPE_percent,n_train,n_test,fit_time_sec,predict_time_sec
rf,0.9726642206781821,0.055047911288354574,0.007519352298086071,4.142132663701264,5684,1421,34.23235893249512,0.286283016204834
