Model,R2,MAE,RMSE,MAPE_percent,n_train,n_test,fit_time_sec,predict_time_sec
cat,0.8264797029005169,0.19218047072215286,0.43407308285190754,7.638526836736018,9059,2265,3.8883020877838135,0.0029327869415283203
