Model,R2,MAE,RMSE,MAPE_percent,n_train,n_test,fit_time_sec,predict_time_sec
rf,0.9099344143144387,0.0011209034790807303,2.769202533175784e-05,8.839352194451926,509,9672,2.4206578731536865,0.5477268695831299
