Model,R2,MAE,RMSE,MAPE_percent,n_train,n_test,fit_time_sec,predict_time_sec
cat,0.4686464407903125,0.31119091247405845,0.20470747105673917,36.981731769789015,6214,1554,3.20044207572937,0.0023305416107177734
