Model,R2,MAE,RMSE,MAPE_percent,n_train,n_test,fit_time_sec,predict_time_sec
cat,0.8535968825066227,0.022446800233415373,0.01979684717972716,4.158908992668799,5151,2774,5.378497838973999,0.003974199295043945
