Model,R2,MAE,RMSE,MAPE_percent,n_train,n_test,fit_time_sec,predict_time_sec
gbm,0.5203704730897182,0.016812214290241514,0.0178512100727334,7.6663383462830526,8151,2038,19.91486096382141,0.013229131698608398
