Model,R2,MAE,RMSE,MAPE_percent,n_train,n_test,fit_time_sec,predict_time_sec
gbm,0.9626323548160807,0.17171025214161698,0.07404528464706756,5.898723576942518,6340,1585,15.728628635406494,0.013379812240600586
