Model,R2,MAE,RMSE,MAPE_percent,n_train,n_test,fit_time_sec,predict_time_sec
cat,0.5203649992322833,0.36948050889858836,0.29739723194554774,4860352194.087173,9059,2265,3.332808017730713,0.0029113292694091797
