Model,R2,MAE,RMSE,MAPE_percent,n_train,n_test,fit_time_sec,predict_time_sec
rf,0.9882618815530607,0.00831432162490324,0.0006914434608071331,4.180534518858695,8145,2036,96.85558843612671,0.7953507900238037
