Model,R2,MAE,RMSE,MAPE_percent,n_train,n_test,fit_time_sec,predict_time_sec
gbm,0.9242599676787422,0.0009560740600853468,2.3748428089563557e-05,7.970440709550471,2545,7636,6.215757131576538,0.04991030693054199
