Model,R2,MAE,RMSE,MAPE_percent,n_train,n_test,fit_time_sec,predict_time_sec
gbm,0.6779441228295183,0.30732112647464865,0.6771514860142286,11.71227050140757,6214,1554,15.445305347442627,0.012462377548217773
