Model,R2,MAE,RMSE,MAPE_percent,n_train,n_test,fit_time_sec,predict_time_sec
gbm,0.9993785162716139,0.0010178732921120317,2.0358644697117144e-06,1.4470586071757294,8145,2036,20.454001426696777,0.013815879821777344
