Model,R2,MAE,RMSE,MAPE_percent,n_train,n_test,fit_time_sec,predict_time_sec
cat,0.9969898826893994,0.0019246591225239441,2.2472411927752523e-05,2.831121838569864,8145,2036,3.512216329574585,0.0026319026947021484
