Model,R2,MAE,RMSE,MAPE_percent,n_train,n_test,fit_time_sec,predict_time_sec
cat,-0.05659871944823203,0.013839758030441289,0.011049728194521423,18.015422353884595,8151,2038,3.3939802646636963,0.0025196075439453125
