Model,R2,MAE,RMSE,MAPE_percent,n_train,n_test,fit_time_sec,predict_time_sec
rf,0.9965781885767918,0.006006883155002169,7.749740577394298e-05,3.1760032582218467,8145,2036,52.19286918640137,0.39415812492370605
