Model,R2,MAE,RMSE,MAPE_percent,n_train,n_test,fit_time_sec,predict_time_sec
rf,0.9580959112407172,0.07704532380096038,0.02650740987364127,3673393.9556369013,9053,2263,54.50571346282959,0.4380216598510742
