Model,R2,MAE,RMSE,MAPE_percent,n_train,n_test,fit_time_sec,predict_time_sec
cat,0.9531159839514917,0.019098683830167024,0.004856537908883784,4.284828923281536,5944,1981,4.832289457321167,0.0029277801513671875
