Model,R2,MAE,RMSE,MAPE_percent,n_train,n_test,fit_time_sec,predict_time_sec
cat,0.9853921161100719,0.005386674945574548,9.639941800025524e-05,8.225490876711376,2036,8145,4.140122890472412,0.008197307586669922
