Model,R2,MAE,RMSE,MAPE_percent,n_train,n_test,fit_time_sec,predict_time_sec
cat,0.8866739691656929,0.09340825342313484,0.03712009933768017,13.302257225569997,441,8379,3.5203464031219482,0.00993037223815918
