Model,R2,MAE,RMSE,MAPE_percent,n_train,n_test,fit_time_sec,predict_time_sec
gbm,0.9451641809133079,0.26399756982604644,0.1470078292121855,6.870692858312692,6206,1552,15.372180223464966,0.01262044906616211
