Model,R2,MAE,RMSE,MAPE_percent,n_train,n_test,fit_time_sec,predict_time_sec
cat,0.9865330950996466,0.000938811934399212,1.5753261749657339e-06,7.108378848383705,4581,5600,4.5897605419158936,0.0072896480560302734
