Model,R2,MAE,RMSE,MAPE_percent,n_train,n_test,fit_time_sec,predict_time_sec
gbm,0.9256416923042226,0.3511529183829587,0.2552170044947116,9.828287922781634,6206,1552,14.759400129318237,0.012705087661743164
