Model,R2,MAE,RMSE,MAPE_percent,n_train,n_test,fit_time_sec,predict_time_sec
cat,0.9183557437489408,0.28970316055309225,0.2600785293502799,8.30895448029955,6213,1553,3.483616828918457,0.00240325927734375
