Model,R2,MAE,RMSE,MAPE_percent,n_train,n_test,fit_time_sec,predict_time_sec
cat,0.9872432322625386,0.004712790193508599,0.00010623999334742748,7.102878821483621,7636,2545,4.9380269050598145,0.003941535949707031
