Model,R2,MAE,RMSE,MAPE_percent,n_train,n_test,fit_time_sec,predict_time_sec
rf,0.8935107128481519,0.09315739499458274,0.023056799745166546,8.100433782600186,6208,1552,40.06197714805603,0.284329891204834
