Model,R2,MAE,RMSE,MAPE_percent,n_train,n_test,fit_time_sec,predict_time_sec
cat,0.9783703536130006,0.001613118028428119,7.771579616328313e-06,12.755147945930023,509,9672,2.4360482692718506,0.00851130485534668
