Model,R2,MAE,RMSE,MAPE_percent,n_train,n_test,fit_time_sec,predict_time_sec
gbm,0.8703832244165811,0.2625889362846224,0.12276335929087648,11.737100936570274,6208,1552,14.788749694824219,0.012416362762451172
