Model,R2,MAE,RMSE,MAPE_percent,n_train,n_test,fit_time_sec,predict_time_sec
gbm,0.9586488634055106,0.24635140298560332,0.13266331032593412,6.793345706066445,6206,1552,15.562705993652344,0.013021707534790039
