Model,R2,MAE,RMSE,MAPE_percent,n_train,n_test,fit_time_sec,predict_time_sec
cat,0.9879720482912314,0.00188799735802506,8.554359662487753e-05,3.0667530894090476,8145,2036,3.5053253173828125,0.0029549598693847656
