Model,R2,MAE,RMSE,MAPE_percent,n_train,n_test,fit_time_sec,predict_time_sec
rf,0.9975085260438992,0.0019922363787977715,7.615424370971884e-06,2.838579519618355,8145,2036,50.43804359436035,0.37371206283569336
