Model,R2,MAE,RMSE,MAPE_percent,n_train,n_test,fit_time_sec,predict_time_sec
cat,0.9967108124221361,0.00675864623647229,0.00011004655360816269,2.8894409703355306,8145,2036,3.79443097114563,0.0027244091033935547
