Model,R2,MAE,RMSE,MAPE_percent,n_train,n_test,fit_time_sec,predict_time_sec
cat,0.9038476758936529,0.003816732068095224,0.0010055445147628913,4.525852974976225,8151,2038,3.5688886642456055,0.002581357955932617
