Model,R2,MAE,RMSE,MAPE_percent,n_train,n_test,fit_time_sec,predict_time_sec
cat,0.9693253543150006,0.07532277314360793,0.01776874999128344,5.4243693142239024,5548,2377,4.909727096557617,0.0035376548767089844
