Model,R2,MAE,RMSE,MAPE_percent,n_train,n_test,fit_time_sec,predict_time_sec
gbm,0.9542467598389928,0.15372454165348684,0.05857780899651822,6.28751423980445,6208,1552,15.526880741119385,0.012882232666015625
