Model,R2,MAE,RMSE,MAPE_percent,n_train,n_test,fit_time_sec,predict_time_sec
cat,0.6782961810729238,0.5659104438330494,0.6529928631136855,23.69980391673888,2774,5151,4.592378616333008,0.0061206817626953125
