Model,R2,MAE,RMSE,MAPE_percent,n_train,n_test,fit_time_sec,predict_time_sec
rf,0.9947255766953081,0.0005224821880722055,5.475555858255377e-07,4.307858262233693,8145,2036,51.80851411819458,0.3965110778808594
