Model,R2,MAE,RMSE,MAPE_percent,n_train,n_test,fit_time_sec,predict_time_sec
cat,0.9615609479442178,0.06480383546884669,0.011177740175619646,5.127020505377936,2806,4209,4.518908500671387,0.004647254943847656
