Model,R2,MAE,RMSE,MAPE_percent,n_train,n_test,fit_time_sec,predict_time_sec
rf,0.9639143176532288,0.12081555686194512,0.03647903546824024,4.971953450958849,6208,1552,36.234089612960815,0.28502750396728516
