Model,R2,MAE,RMSE,MAPE_percent,n_train,n_test,fit_time_sec,predict_time_sec
cat,0.9873272005843235,0.005713751007131092,9.007506232399917e-05,9.546720208369992,1018,9163,3.8802669048309326,0.008460760116577148
