Model,R2,MAE,RMSE,MAPE_percent,n_train,n_test,fit_time_sec,predict_time_sec
gbm,0.9812689145589779,0.013534726082238551,0.0016467070259425303,127087587.42149228,9053,2263,45.77764129638672,0.03083634376525879
