Model,R2,MAE,RMSE,MAPE_percent,n_train,n_test,fit_time_sec,predict_time_sec
rf,0.9223045021197085,0.021362360935472193,0.009158660515007746,5427192.813635092,3961,7355,22.11067247390747,0.7270829677581787
