Model,R2,MAE,RMSE,MAPE_percent,n_train,n_test,fit_time_sec,predict_time_sec
gbm,0.9940973990304409,0.004901726394251045,7.099706155242228e-05,1.8227377720507931,6208,1552,15.717584371566772,0.011535406112670898
