Model,R2,MAE,RMSE,MAPE_percent,n_train,n_test,fit_time_sec,predict_time_sec
gbm,0.9481083882775831,0.06887710256615788,0.01781272753472741,5.5969550997945445,5612,1403,14.652035474777222,0.01214456558227539
