Model,R2,MAE,RMSE,MAPE_percent,n_train,n_test,fit_time_sec,predict_time_sec
gbm,0.9981541745367924,0.004516052964031317,6.0378414699925865e-05,1.8812342491955685,8145,2036,20.414818286895752,0.013616800308227539
