Model,R2,MAE,RMSE,MAPE_percent,n_train,n_test,fit_time_sec,predict_time_sec
cat,0.5657161276638094,0.34963044760942213,0.26358428914026105,916401939.1306853,9053,2263,3.5541303157806396,0.0030333995819091797
