Model,R2,MAE,RMSE,MAPE_percent,n_train,n_test,fit_time_sec,predict_time_sec
cat,0.4507011170798735,0.3073064763219917,0.2088304209607418,32.48579497852652,5329,1776,5.024492025375366,0.003718852996826172
