Model,R2,MAE,RMSE,MAPE_percent,n_train,n_test,fit_time_sec,predict_time_sec
rf,0.9471606505216171,0.10367512260976647,0.029592235270746264,5.234858389834767,6206,1552,35.77539825439453,0.3391838073730469
