Model,R2,MAE,RMSE,MAPE_percent,n_train,n_test,fit_time_sec,predict_time_sec
rf,0.9205602679342562,0.0749325956304502,0.05775159917066076,453642.83968081384,9059,2265,56.150105476379395,0.44304537773132324
