Model,R2,MAE,RMSE,MAPE_percent,n_train,n_test,fit_time_sec,predict_time_sec
gbm,0.9897113846120786,0.0009496846250699284,3.552372791666486e-06,7.209105168451179,7636,2545,18.65108871459961,0.01834392547607422
