Model,R2,MAE,RMSE,MAPE_percent,n_train,n_test,fit_time_sec,predict_time_sec
gbm,0.9587624129796624,0.18087772272817887,0.08152117876772842,6.058050167979792,6340,1585,16.046709537506104,0.013601541519165039
