Model,R2,MAE,RMSE,MAPE_percent,n_train,n_test,fit_time_sec,predict_time_sec
rf,0.6341500374211837,0.004712077231218344,0.0014353664388870226,4.77605338703208,8151,2038,54.78577184677124,0.37484169006347656
