Model,R2,MAE,RMSE,MAPE_percent,n_train,n_test,fit_time_sec,predict_time_sec
gbm,0.9452895939782112,0.11473237180112172,0.03665202162941301,5.546722603532054,6206,1552,15.412948369979858,0.01199650764465332
