Model,R2,MAE,RMSE,MAPE_percent,n_train,n_test,fit_time_sec,predict_time_sec
gbm,0.9841363655713663,0.0009422417768585766,1.583525421378837e-06,7.003935841900148,5600,4581,13.652361154556274,0.029036283493041992
