Model,R2,MAE,RMSE,MAPE_percent,n_train,n_test,fit_time_sec,predict_time_sec
gbm,0.999289060271571,0.003760662978351685,4.956758431638872e-05,1.6165484397939134,8145,2036,20.512857913970947,0.014467477798461914
