Model,R2,MAE,RMSE,MAPE_percent,n_train,n_test,fit_time_sec,predict_time_sec
rf,0.9380150006156148,0.03461847602961733,0.015086282232501885,4.031817714418617,3879,3879,21.618078231811523,0.4299650192260742
