Model,R2,MAE,RMSE,MAPE_percent,n_train,n_test,fit_time_sec,predict_time_sec
rf,0.9833521412097356,0.020574930932801765,0.0012679547982857654,12.06743773338726,8145,2036,50.09851336479187,0.4110720157623291
