Model,R2,MAE,RMSE,MAPE_percent,n_train,n_test,fit_time_sec,predict_time_sec
rf,0.8729749303398212,0.013179320177103842,0.007063886307006464,3.2308206734041263,6208,1552,50.95853233337402,0.5417687892913818
