Model,R2,MAE,RMSE,MAPE_percent,n_train,n_test,fit_time_sec,predict_time_sec
rf,0.5790316182510358,0.4220195453645827,0.3919305219516355,29.56204322390128,6206,1552,38.91465902328491,0.28668832778930664
