Model,R2,MAE,RMSE,MAPE_percent,n_train,n_test,fit_time_sec,predict_time_sec
gbm,0.9440406118696888,0.2640277314612894,0.14654398547667352,6.963156993371941,6206,1552,15.477556943893433,0.01305699348449707
