Model,R2,MAE,RMSE,MAPE_percent,n_train,n_test,fit_time_sec,predict_time_sec
cat,0.9836202336141981,0.016968558516907754,0.001130995287037174,2.9567579267766693,6213,1553,3.352876663208008,0.0022203922271728516
