Model,R2,MAE,RMSE,MAPE_percent,n_train,n_test,fit_time_sec,predict_time_sec
cat,0.868128100783744,0.08863990598211349,0.058576981962808236,7.2589285449379854,702,6313,3.732156753540039,0.0064239501953125
