Model,R2,MAE,RMSE,MAPE_percent,n_train,n_test,fit_time_sec,predict_time_sec
gbm,0.9373458962624982,0.12326423499347255,0.04060162742246038,6.220352144554085,6206,1552,15.350666999816895,0.011986732482910156
