Model,R2,MAE,RMSE,MAPE_percent,n_train,n_test,fit_time_sec,predict_time_sec
cat,0.9871078894800368,0.004874324232210645,4.929680326772158e-05,7.334063405360575,3054,7127,5.025262117385864,0.008167266845703125
