Model,R2,MAE,RMSE,MAPE_percent,n_train,n_test,fit_time_sec,predict_time_sec
gbm,0.9901039103970479,0.0067649780918477035,8.431106905452197e-05,2.632043369075469,5044,2716,12.491814374923706,0.01765751838684082
