Model,R2,MAE,RMSE,MAPE_percent,n_train,n_test,fit_time_sec,predict_time_sec
cat,0.9123005250000918,0.021510635762783042,0.011205869761397074,484030517.35631,5658,5658,3.6658661365509033,0.005578517913818359
