Model,R2,MAE,RMSE,MAPE_percent,n_train,n_test,fit_time_sec,predict_time_sec
cat,0.48879455548590045,0.45301794510645926,0.47163359692190654,32.029899979897905,6206,1552,3.5304133892059326,0.002449512481689453
