Model,R2,MAE,RMSE,MAPE_percent,n_train,n_test,fit_time_sec,predict_time_sec
rf,0.9184960669514006,0.0011905709973656405,3.6593921030352266e-05,7.3532097071985545,3563,6618,20.82110619544983,0.6833629608154297
