Model,R2,MAE,RMSE,MAPE_percent,n_train,n_test,fit_time_sec,predict_time_sec
gbm,0.9991497455821623,0.0002568981536015021,2.1808576844988894e-07,2.0403555812843037,8145,2036,20.634164571762085,0.014560699462890625
