Model,R2,MAE,RMSE,MAPE_percent,n_train,n_test,fit_time_sec,predict_time_sec
rf,0.9627694270340441,0.0417728211821431,0.006637085279581208,3.790365295525228,6208,1552,35.99262070655823,0.2863810062408447
