Model,R2,MAE,RMSE,MAPE_percent,n_train,n_test,fit_time_sec,predict_time_sec
gbm,0.9910284507612762,0.0014465780016082324,8.702103673040587e-05,1.5105293800422548,8145,2036,23.454672813415527,0.028173208236694336
