Model,R2,MAE,RMSE,MAPE_percent,n_train,n_test,fit_time_sec,predict_time_sec
gbm,0.2658979532441528,0.011807394131260737,0.0728653580271567,1.8695473781911838,8151,2038,20.66733407974243,0.012446165084838867
