Model,R2,MAE,RMSE,MAPE_percent,n_train,n_test,fit_time_sec,predict_time_sec
cat,-0.06594407972031457,0.002851825099007757,0.0006146009035056953,12.680759618595177,8151,2038,3.5165517330169678,0.0026416778564453125
