Model,R2,MAE,RMSE,MAPE_percent,n_train,n_test,fit_time_sec,predict_time_sec
gbm,0.9690230167364138,0.0691571106242219,0.011879259925158411,5.458824166683577,9053,2263,22.763702869415283,0.017278194427490234
