Model,R2,MAE,RMSE,MAPE_percent,n_train,n_test,fit_time_sec,predict_time_sec
gbm,0.9907985636196356,0.0009025699016372431,1.5415670937259648e-06,7.936999519218101,2036,8145,4.768855810165405,0.0499882698059082
