Model,R2,MAE,RMSE,MAPE_percent,n_train,n_test,fit_time_sec,predict_time_sec
cat,0.906096769361812,0.001529668700068174,3.6532750886777726e-05,12.499679344522582,3054,7127,4.048476696014404,0.0072977542877197266
