Model,R2,MAE,RMSE,MAPE_percent,n_train,n_test,fit_time_sec,predict_time_sec
cat,0.9966403922890669,0.006829792845583554,0.00010989543250058841,3.0158456720427336,8145,2036,3.73433256149292,0.002724170684814453
