Model,R2,MAE,RMSE,MAPE_percent,n_train,n_test,fit_time_sec,predict_time_sec
rf,0.9992404051069296,0.0012103218201943522,5.723982629577291e-06,1.5229405875492752,8145,2036,97.38029074668884,0.433351993560791
