Model,R2,MAE,RMSE,MAPE_percent,n_train,n_test,fit_time_sec,predict_time_sec
gbm,0.9820342163923712,0.018008321509465,0.0008817369429353788,3.2378741164795035,4655,3103,11.532372236251831,0.020322799682617188
