Model,R2,MAE,RMSE,MAPE_percent,n_train,n_test,fit_time_sec,predict_time_sec
gbm,0.9452601319695542,0.0052525144884452615,0.0005724601516233754,7.141692154268582,8151,2038,20.150412797927856,0.014403581619262695
