Model,R2,MAE,RMSE,MAPE_percent,n_train,n_test,fit_time_sec,predict_time_sec
gbm,0.9886832752422507,0.014573912875962703,0.0004004818677467159,6.346334298150127,8145,2036,19.797536611557007,0.014744043350219727
