Model,R2,MAE,RMSE,MAPE_percent,n_train,n_test,fit_time_sec,predict_time_sec
rf,0.9992676493492835,0.0010725759758003028,2.460848620952829e-06,1.4610496659307113,8151,2038,54.262320041656494,0.3864004611968994
