Model,R2,MAE,RMSE,MAPE_percent,n_train,n_test,fit_time_sec,predict_time_sec
gbm,0.9867203404393681,0.0008695700783398255,1.4178303629694718e-06,7.441964802966636,4072,6109,9.687716484069824,0.03556418418884277
