Model,R2,MAE,RMSE,MAPE_percent,n_train,n_test,fit_time_sec,predict_time_sec
rf,0.9457666362764718,0.019230589285141132,0.0067072503754413435,3.2749172669170075,6340,1585,39.19547629356384,0.310654878616333
