Model,R2,MAE,RMSE,MAPE_percent,n_train,n_test,fit_time_sec,predict_time_sec
cat,0.9314129800577684,0.07397387071606557,0.028213672782387348,5.98112505910019,1776,5329,4.9880805015563965,0.005916595458984375
