Model,R2,MAE,RMSE,MAPE_percent,n_train,n_test,fit_time_sec,predict_time_sec
rf,0.8712702804464909,0.007451991241406659,0.01501659283619946,1.8259175649572916,8145,2036,51.438955545425415,0.4066786766052246
