Model,R2,MAE,RMSE,MAPE_percent,n_train,n_test,fit_time_sec,predict_time_sec
rf,0.9431338711059426,0.2639331473249305,0.1848832345625616,6.997718859319113,6206,1552,36.75181245803833,0.28873467445373535
