Model,R2,MAE,RMSE,MAPE_percent,n_train,n_test,fit_time_sec,predict_time_sec
rf,0.28210417713975544,0.0061356720403262085,0.010431397676897422,2.636532179937757,8151,2038,57.43329668045044,0.38745713233947754
