Model,R2,MAE,RMSE,MAPE_percent,n_train,n_test,fit_time_sec,predict_time_sec
rf,0.9958580376280759,0.0073421775554359655,0.0001047800979108849,3.6796489192176214,8151,2038,54.99138522148132,0.39581847190856934
