Model,R2,MAE,RMSE,MAPE_percent,n_train,n_test,fit_time_sec,predict_time_sec
gbm,0.9294025095509375,0.27180533990342143,0.19731118471188888,7.055115138329972,6213,1553,15.439407348632812,0.012359142303466797
