Model,R2,MAE,RMSE,MAPE_percent,n_train,n_test,fit_time_sec,predict_time_sec
gbm,0.941331645762689,0.26869482468142253,0.1471016597655555,7.045598797323207,6206,1552,15.734624862670898,0.012623071670532227
