Model,R2,MAE,RMSE,MAPE_percent,n_train,n_test,fit_time_sec,predict_time_sec
gbm,0.9677602723898863,0.07371792308119762,0.02097500246984395,493368448.2577246,9053,2263,23.086548566818237,0.017864227294921875
