Model,R2,MAE,RMSE,MAPE_percent,n_train,n_test,fit_time_sec,predict_time_sec
cat,0.9520833831892948,0.1141831043912508,0.03307713408557356,5.60469274151016,6206,1552,3.4069597721099854,0.0023069381713867188
