Model,R2,MAE,RMSE,MAPE_percent,n_train,n_test,fit_time_sec,predict_time_sec
cat,0.9808553156815143,0.06516243789195776,0.012909643613780662,1497896572.3491402,9053,2263,3.712115526199341,0.0033261775970458984
