Model,R2,MAE,RMSE,MAPE_percent,n_train,n_test,fit_time_sec,predict_time_sec
cat,0.983457668301099,0.013362951115293741,0.0005711662834927866,3.7973620235943377,3962,3963,4.4696080684661865,0.004837751388549805
