Model,R2,MAE,RMSE,MAPE_percent,n_train,n_test,fit_time_sec,predict_time_sec
cat,0.9039291133152569,0.021724740673182672,0.010967803513580404,4.491994352865439,3962,3963,4.604310989379883,0.004978656768798828
