Model,R2,MAE,RMSE,MAPE_percent,n_train,n_test,fit_time_sec,predict_time_sec
cat,0.7930086570573017,0.19009207671333767,0.633549816323243,375.2657370711527,9059,2265,3.8063931465148926,0.0030825138092041016
