Model,R2,MAE,RMSE,MAPE_percent,n_train,n_test,fit_time_sec,predict_time_sec
gbm,0.9948536345470371,0.0006423602845714401,8.307695981512325e-07,4.0770084302701814,8145,2036,20.158827543258667,0.013843536376953125
