Model,R2,MAE,RMSE,MAPE_percent,n_train,n_test,fit_time_sec,predict_time_sec
cat,0.9884852049725349,0.0009079397179095545,1.4241367209406755e-06,7.049229985587295,8145,2036,4.793288946151733,0.0028536319732666016
