Model,R2,MAE,RMSE,MAPE_percent,n_train,n_test,fit_time_sec,predict_time_sec
gbm,0.9885772402343781,0.006700403316277898,9.000868306409657e-05,2.5475517716441374,5432,2328,13.492071151733398,0.015431404113769531
