Model,R2,MAE,RMSE,MAPE_percent,n_train,n_test,fit_time_sec,predict_time_sec
rf,0.9881174095794477,0.0010235147514368829,2.033321100969151e-06,6.661828832104903,8145,2036,51.555570125579834,0.39904284477233887
