Model,R2,MAE,RMSE,MAPE_percent,n_train,n_test,fit_time_sec,predict_time_sec
cat,0.66978851468572,0.5673547638635911,0.6785829409004009,23.130541883775035,2378,5547,4.113329172134399,0.006025075912475586
