Model,R2,MAE,RMSE,MAPE_percent,n_train,n_test,fit_time_sec,predict_time_sec
rf,0.6072841699043088,0.2958236976301962,0.6560162162001741,10.602950867515526,6214,1554,38.01735234260559,0.28427982330322266
