Model,R2,MAE,RMSE,MAPE_percent,n_train,n_test,fit_time_sec,predict_time_sec
cat,0.9837164734238967,0.013589526843380589,0.0004782957101218199,4.792498132982742,5658,5658,4.6892101764678955,0.007131814956665039
