Model,R2,MAE,RMSE,MAPE_percent,n_train,n_test,fit_time_sec,predict_time_sec
cat,0.9427681084918491,0.1277923029718477,0.05809504340269551,6.215846301383957,6206,1552,3.4505505561828613,0.0019252300262451172
