Model,R2,MAE,RMSE,MAPE_percent,n_train,n_test,fit_time_sec,predict_time_sec
cat,0.9744049547039241,0.0014442401186446458,9.134130473891303e-06,13.844922946961386,8145,2036,3.388885021209717,0.002611875534057617
