Model,R2,MAE,RMSE,MAPE_percent,n_train,n_test,fit_time_sec,predict_time_sec
cat,0.9969192013859001,0.0018586335010186946,7.746247646849936e-06,3.1796497210125936,8145,2036,4.519742250442505,0.0033435821533203125
