Model,R2,MAE,RMSE,MAPE_percent,n_train,n_test,fit_time_sec,predict_time_sec
cat,0.9855828901485209,0.01368629942280037,0.0003307125412099702,6.928396132907322,5090,5091,4.5324976444244385,0.00591731071472168
