Model,R2,MAE,RMSE,MAPE_percent,n_train,n_test,fit_time_sec,predict_time_sec
cat,0.9897227319127522,0.004904367866576143,4.420789661699605e-05,7.640951568829155,2545,7636,4.389331579208374,0.00772857666015625
