Model,R2,MAE,RMSE,MAPE_percent,n_train,n_test,fit_time_sec,predict_time_sec
cat,0.985199167759091,0.004549605937874521,3.6220977044717615e-05,6.851031664760236,5600,4581,4.703356981277466,0.005613565444946289
