Model,R2,MAE,RMSE,MAPE_percent,n_train,n_test,fit_time_sec,predict_time_sec
cat,0.8898089793699929,0.020637485264940837,0.009655541818221747,12.229212708602638,6109,4072,4.494910001754761,0.0047757625579833984
