Model,R2,MAE,RMSE,MAPE_percent,n_train,n_test,fit_time_sec,predict_time_sec
cat,0.9964059277359,0.0007182299922685267,1.3267518710226693e-06,4.588224913995734,8145,2036,3.7480437755584717,0.0027506351470947266
