Model,R2,MAE,RMSE,MAPE_percent,n_train,n_test,fit_time_sec,predict_time_sec
cat,0.8446855615175974,0.021388975281863568,0.015457166907951578,12.059360894442356,8145,2036,4.382491827011108,0.0029823780059814453
