Model,R2,MAE,RMSE,MAPE_percent,n_train,n_test,fit_time_sec,predict_time_sec
rf,0.5361765800906553,0.4443534823171072,0.47844580671075976,31.00342795447858,6206,1552,38.450132846832275,0.2820868492126465
