Model,R2,MAE,RMSE,MAPE_percent,n_train,n_test,fit_time_sec,predict_time_sec
cat,0.9578501857462374,0.07752983430190652,0.015583043199130502,5.462518668736341,1981,5944,4.447930335998535,0.006254673004150391
