Model,R2,MAE,RMSE,MAPE_percent,n_train,n_test,fit_time_sec,predict_time_sec
rf,0.9963584009066675,0.002414803781697029,1.4406811605917816e-05,3.039009062374324,8145,2036,52.72616767883301,0.403684139251709
