Model,R2,MAE,RMSE,MAPE_percent,n_train,n_test,fit_time_sec,predict_time_sec
cat,0.9795096769667951,0.022872805176928874,0.0014773593074052544,4.297999729768901,2715,5043,3.3275792598724365,0.005787849426269531
