Model,R2,MAE,RMSE,MAPE_percent,n_train,n_test,fit_time_sec,predict_time_sec
cat,0.9316516507858384,0.0010653758424778025,2.560318359715125e-05,7.546471581724119,4072,6109,4.503769874572754,0.00684046745300293
