Model,R2,MAE,RMSE,MAPE_percent,n_train,n_test,fit_time_sec,predict_time_sec
gbm,0.8031350345647459,0.19188429267619556,0.6025554543433942,446.54349492208223,9059,2265,22.85624885559082,0.018549442291259766
