Model,R2,MAE,RMSE,MAPE_percent,n_train,n_test,fit_time_sec,predict_time_sec
cat,0.9874245830687722,0.013329440750153757,0.000878942451106163,7.726400772734059,8145,2036,3.719996452331543,0.011181116104125977
