Model,R2,MAE,RMSE,MAPE_percent,n_train,n_test,fit_time_sec,predict_time_sec
gbm,0.9847011930624732,0.000919458748688194,1.4991438420980171e-06,6.871659908792736,5600,4581,13.322559595108032,0.029190540313720703
