Model,R2,MAE,RMSE,MAPE_percent,n_train,n_test,fit_time_sec,predict_time_sec
gbm,0.9892520435628446,0.004456422820611855,3.644585370544542e-05,6.927278686791667,8145,2036,19.891866207122803,0.014973640441894531
