Model,R2,MAE,RMSE,MAPE_percent,n_train,n_test,fit_time_sec,predict_time_sec
rf,0.9609269755650421,0.17849391579291118,0.0718570453473835,7.408777879312245,9053,2263,55.272470235824585,0.42755961418151855
