Model,R2,MAE,RMSE,MAPE_percent,n_train,n_test,fit_time_sec,predict_time_sec
gbm,0.9571262912440303,0.026223634923136695,0.005028055869916509,4.116696434614118,1552,6206,3.777071237564087,0.03959298133850098
