Model,R2,MAE,RMSE,MAPE_percent,n_train,n_test,fit_time_sec,predict_time_sec
rf,0.9986399237623006,0.00028924367502413913,2.1130727123461635e-07,1.7974500614125994,8145,2036,51.98146963119507,0.4036884307861328
