Model,R2,MAE,RMSE,MAPE_percent,n_train,n_test,fit_time_sec,predict_time_sec
gbm,0.3655526818026379,0.3272089419696371,0.246023502655742,34.7296368219347,5684,1421,12.791651964187622,0.011404037475585938
