Model,R2,MAE,RMSE,MAPE_percent,n_train,n_test,fit_time_sec,predict_time_sec
cat,0.20979121941383516,0.1532060362751385,0.09384101135629906,56.67665313458653,1585,6340,3.860351800918579,0.0065326690673828125
