Model,R2,MAE,RMSE,MAPE_percent,n_train,n_test,fit_time_sec,predict_time_sec
cat,0.9834009324359937,0.0010590784342521952,2.0441338602112645e-06,6.83909159875299,5600,4581,3.3963165283203125,0.00442957878112793
