Model,R2,MAE,RMSE,MAPE_percent,n_train,n_test,fit_time_sec,predict_time_sec
cat,0.9591379933969383,0.1827320736289593,0.06434633715713221,7.382582284207606,8487,2829,5.130714178085327,0.0039141178131103516
