Model,R2,MAE,RMSE,MAPE_percent,n_train,n_test,fit_time_sec,predict_time_sec
cat,0.9962842147288693,0.00915312034723143,0.00026666150513169007,4.505806745938107,8145,2036,4.4354119300842285,0.017879724502563477
