Model,R2,MAE,RMSE,MAPE_percent,n_train,n_test,fit_time_sec,predict_time_sec
cat,0.955780689929049,0.07306114673975647,0.011484135132808809,5.6379152488795885,9053,2263,4.941725254058838,0.003476381301879883
