Model,R2,MAE,RMSE,MAPE_percent,n_train,n_test,fit_time_sec,predict_time_sec
cat,0.9818981094900961,0.019619933131301073,0.000961533983968962,3.7083775344473193,4267,3491,3.388598680496216,0.003877878189086914
