Model,R2,MAE,RMSE,MAPE_percent,n_train,n_test,fit_time_sec,predict_time_sec
cat,0.985065063393023,0.004667400090155521,4.304445068771033e-05,7.018601288567917,4581,5600,4.6527838706970215,0.007261753082275391
