Model,R2,MAE,RMSE,MAPE_percent,n_train,n_test,fit_time_sec,predict_time_sec
cat,0.07452111154910379,0.053790763382384144,0.611161203463581,14.183190918180205,8151,2038,3.234199285507202,0.0024695396423339844
