Model,R2,MAE,RMSE,MAPE_percent,n_train,n_test,fit_time_sec,predict_time_sec
gbm,0.8806152153457925,0.07334177229901712,0.047082292288712635,5.3820863746923715,5612,1403,13.857654571533203,0.011399269104003906
