Model,R2,MAE,RMSE,MAPE_percent,n_train,n_test,fit_time_sec,predict_time_sec
cat,0.995967867035402,0.0005560278576611897,1.3704379721596601e-06,3.8479888692728976,8145,2036,3.635741949081421,0.008273601531982422
