Model,R2,MAE,RMSE,MAPE_percent,n_train,n_test,fit_time_sec,predict_time_sec
cat,0.9513883540492191,0.09783652595185983,0.02736120773288075,1161199131.869033,1132,10184,4.118584394454956,0.010006427764892578
