Model,R2,MAE,RMSE,MAPE_percent,n_train,n_test,fit_time_sec,predict_time_sec
rf,0.9991217476297767,0.0002679279750792267,2.3036547677348036e-07,1.98403071695381,8145,2036,96.79216194152832,0.4310340881347656
