Model,R2,MAE,RMSE,MAPE_percent,n_train,n_test,fit_time_sec,predict_time_sec
cat,0.8212153533820967,0.177812744155637,0.3985888235475796,7.093355590477661,9059,2265,3.6639630794525146,0.0029211044311523438
