Model,R2,MAE,RMSE,MAPE_percent,n_train,n_test,fit_time_sec,predict_time_sec
rf,0.9297627514580424,0.05628995556979716,0.02376062531356839,4.395416846594228,6208,1552,36.023276567459106,0.2870910167694092
