Model,R2,MAE,RMSE,MAPE_percent,n_train,n_test,fit_time_sec,predict_time_sec
cat,0.9477608684016794,0.2427453769895484,0.14359509912313523,6.399928812304616,6206,1552,3.5947444438934326,0.002421855926513672
