Model,R2,MAE,RMSE,MAPE_percent,n_train,n_test,fit_time_sec,predict_time_sec
cat,0.8856898508605969,0.021334176704804243,0.014450970276144637,4.005102401911088,4755,3170,5.047178030014038,0.004134416580200195
