Model,R2,MAE,RMSE,MAPE_percent,n_train,n_test,fit_time_sec,predict_time_sec
rf,0.9383663499315807,0.014409585360611378,0.0030765088299231943,4.0551584614712555,388,7372,1.8562405109405518,0.38196802139282227
