Model,R2,MAE,RMSE,MAPE_percent,n_train,n_test,fit_time_sec,predict_time_sec
gbm,0.9406927860532518,0.0010703249585936963,1.8181204768810927e-05,8.588090160951255,1018,9163,2.413588285446167,0.060236454010009766
