Model,R2,MAE,RMSE,MAPE_percent,n_train,n_test,fit_time_sec,predict_time_sec
cat,0.9070409184107233,0.2726243375946847,0.18908980370091544,11.383036271834271,396,7529,3.574507236480713,0.007919549942016602
