Model,R2,MAE,RMSE,MAPE_percent,n_train,n_test,fit_time_sec,predict_time_sec
rf,0.19996839485102968,0.327488703590789,0.8189109024896174,31.269956213413586,5690,1423,35.72036337852478,0.26624417304992676
