Model,R2,MAE,RMSE,MAPE_percent,n_train,n_test,fit_time_sec,predict_time_sec
cat,0.8845352181537339,0.2899077999030957,0.17260058221708835,11.415449424201334,6214,1554,3.6698994636535645,0.002376079559326172
