Model,R2,MAE,RMSE,MAPE_percent,n_train,n_test,fit_time_sec,predict_time_sec
rf,0.4677894170179169,0.349621493720482,0.34310360265301865,31.790888876662425,6340,1585,40.999072551727295,0.3004472255706787
