Model,R2,MAE,RMSE,MAPE_percent,n_train,n_test,fit_time_sec,predict_time_sec
cat,0.5200405679709418,0.36762146410038854,0.3261857225829476,6939366795.372307,6224,5092,4.470681428909302,0.00705409049987793
