Model,R2,MAE,RMSE,MAPE_percent,n_train,n_test,fit_time_sec,predict_time_sec
rf,0.9965451818562365,0.0005431533501463673,1.35641059899381e-06,3.332322938057423,8145,2036,88.97017407417297,0.4242744445800781
