Model,R2,MAE,RMSE,MAPE_percent,n_train,n_test,fit_time_sec,predict_time_sec
rf,0.9091453763882968,0.01042493940779348,0.05189330996576559,1.6345132492522272,8151,2038,52.75831937789917,0.3988182544708252
