Model,R2,MAE,RMSE,MAPE_percent,n_train,n_test,fit_time_sec,predict_time_sec
rf,0.9642068254707378,0.13650948397352372,0.045825950983489884,5.858075365007266,6208,1552,41.69457507133484,0.2992892265319824
