Model,R2,MAE,RMSE,MAPE_percent,n_train,n_test,fit_time_sec,predict_time_sec
rf,0.9704695770163694,0.00948639925222084,0.0017788214643290248,2.199393357766307,6208,1552,39.868626832962036,0.2873227596282959
