Model,R2,MAE,RMSE,MAPE_percent,n_train,n_test,fit_time_sec,predict_time_sec
gbm,0.9539009102228976,0.005806222433174081,0.000327859808232485,11.783148007503343,8145,2036,18.17509913444519,0.015630006790161133
