Model,R2,MAE,RMSE,MAPE_percent,n_train,n_test,fit_time_sec,predict_time_sec
gbm,0.9789321501537938,0.0018256798077233994,0.00035244909482883506,1.7096277973520764,8151,2038,20.659006118774414,0.01297903060913086
