Model,R2,MAE,RMSE,MAPE_percent,n_train,n_test,fit_time_sec,predict_time_sec
rf,0.9903000268222404,0.0011592184004854476,3.00135665673214e-06,7.708088826683639,1018,9163,5.1606035232543945,0.6302485466003418
