Model,R2,MAE,RMSE,MAPE_percent,n_train,n_test,fit_time_sec,predict_time_sec
rf,0.9899580597492722,0.00795390332019459,0.00016019075325247767,2.9769117224512334,1940,5820,9.929503679275513,0.4688706398010254
