Model,R2,MAE,RMSE,MAPE_percent,n_train,n_test,fit_time_sec,predict_time_sec
cat,0.9659656962168527,0.06957657764937229,0.012311867694347896,4.878888083954833,4359,3566,4.472743272781372,0.0050201416015625
