Model,R2,MAE,RMSE,MAPE_percent,n_train,n_test,fit_time_sec,predict_time_sec
rf,0.7059038861057572,0.019023031103848273,0.0077054216097335,5.41038488005232,6208,1552,49.129510164260864,0.29237794876098633
