Model,R2,MAE,RMSE,MAPE_percent,n_train,n_test,fit_time_sec,predict_time_sec
cat,0.9584010246321802,0.0776650612418487,0.02435308672747976,286728922.9784249,9053,2263,1.0486583709716797,0.002064228057861328
