Model,R2,MAE,RMSE,MAPE_percent,n_train,n_test,fit_time_sec,predict_time_sec
rf,0.6255299747045178,0.033294970915848904,0.033463802836972964,12.772742092393297,8151,2038,52.36387872695923,0.43721604347229004
