Model,R2,MAE,RMSE,MAPE_percent,n_train,n_test,fit_time_sec,predict_time_sec
gbm,0.9889212555918409,0.0009003157092505626,3.699523086970354e-06,7.503234588386139,8145,2036,19.857523441314697,0.015046834945678711
