Model,R2,MAE,RMSE,MAPE_percent,n_train,n_test,fit_time_sec,predict_time_sec
gbm,0.9904466542338443,0.001208387372571326,2.9044391418120137e-06,7.98228260012863,1018,9163,2.421199083328247,0.0575406551361084
