Model,R2,MAE,RMSE,MAPE_percent,n_train,n_test,fit_time_sec,predict_time_sec
cat,0.9150292059155741,0.005322474214582124,0.0008712089460458839,7.2476649125956945,6109,4072,4.597269773483276,0.005323648452758789
