Model,R2,MAE,RMSE,MAPE_percent,n_train,n_test,fit_time_sec,predict_time_sec
cat,0.9665911758493422,0.07222580054180193,0.013531831654231451,5.0074529361307105,3170,4755,4.51451301574707,0.005174160003662109
