Model,R2,MAE,RMSE,MAPE_percent,n_train,n_test,fit_time_sec,predict_time_sec
gbm,0.9859794594506225,0.015671055940824175,0.0009589716600077762,2.6495024820683355,6206,1552,15.448230504989624,0.011776208877563477
