Model,R2,MAE,RMSE,MAPE_percent,n_train,n_test,fit_time_sec,predict_time_sec
cat,0.43651072951283343,0.3727290205342386,0.3345057343819004,33.44225475277713,5151,2774,4.262746810913086,0.003871440887451172
