Model,R2,MAE,RMSE,MAPE_percent,n_train,n_test,fit_time_sec,predict_time_sec
cat,0.6246134196357268,0.5373875038229498,0.5499541231733778,24.957832036836212,6214,1554,3.2125160694122314,0.0023179054260253906
