Model,R2,MAE,RMSE,MAPE_percent,n_train,n_test,fit_time_sec,predict_time_sec
gbm,0.9242639536350618,0.2903185194946115,0.2177139588697997,7.62145265032004,6213,1553,15.511513948440552,0.01232600212097168
