Model,R2,MAE,RMSE,MAPE_percent,n_train,n_test,fit_time_sec,predict_time_sec
gbm,0.9986093693509069,0.002154928875794819,1.0871941958606758e-05,2.967884300482792,8145,2036,24.87322735786438,0.014588117599487305
