Model,R2,MAE,RMSE,MAPE_percent,n_train,n_test,fit_time_sec,predict_time_sec
gbm,0.9605412379249529,0.13022822764238623,0.03870075062933569,5.592956880819282,6208,1552,15.393999814987183,0.012284994125366211
