Model,R2,MAE,RMSE,MAPE_percent,n_train,n_test,fit_time_sec,predict_time_sec
cat,0.9609710265948569,0.07991142050912226,0.024182586857325633,839333957.9396446,9053,2263,1.0426671504974365,0.002121448516845703
