Model,R2,MAE,RMSE,MAPE_percent,n_train,n_test,fit_time_sec,predict_time_sec
rf,0.9893900431211491,0.0009438229702495117,1.662177160352249e-06,7.155852648546257,3054,7127,16.849137544631958,0.662808895111084
