Model,R2,MAE,RMSE,MAPE_percent,n_train,n_test,fit_time_sec,predict_time_sec
cat,0.9575899832866235,0.1932560864781215,0.09634259241996401,1155454755.057927,3961,7355,4.448685646057129,0.009472131729125977
