Model,R2,MAE,RMSE,MAPE_percent,n_train,n_test,fit_time_sec,predict_time_sec
gbm,0.9923550987363485,0.0022156277128116612,5.2695035069220236e-05,3.304380537649551,8145,2036,21.230642318725586,0.03957176208496094
