Model,R2,MAE,RMSE,MAPE_percent,n_train,n_test,fit_time_sec,predict_time_sec
cat,0.6374567344602506,0.5931074454071331,0.7358142800817018,24.863895229043873,1585,6340,3.77815842628479,0.006914854049682617
