Model,R2,MAE,RMSE,MAPE_percent,n_train,n_test,fit_time_sec,predict_time_sec
cat,0.3151654708763856,0.019952876943583032,0.05077771188222285,8.562931335072127,8151,2038,3.572556495666504,0.002548694610595703
