Model,R2,MAE,RMSE,MAPE_percent,n_train,n_test,fit_time_sec,predict_time_sec
cat,0.6495710822770105,0.5817886085850438,0.7231549212984411,24.51661374659819,1585,6340,3.66385817527771,0.006627321243286133
