Model,R2,MAE,RMSE,MAPE_percent,n_train,n_test,fit_time_sec,predict_time_sec
cat,0.882352230744072,0.02239182134834778,0.013868190672040617,182055206.1818037,3961,7355,3.3610453605651855,0.006288051605224609
