Model,R2,MAE,RMSE,MAPE_percent,n_train,n_test,fit_time_sec,predict_time_sec
rf,0.9915788896503638,0.01534143793180567,0.0019932100835812184,1.9150223174205065,6206,1552,36.69034171104431,0.2912561893463135
