Model,R2,MAE,RMSE,MAPE_percent,n_train,n_test,fit_time_sec,predict_time_sec
gbm,0.9621044740393883,0.17502078510858196,0.06282568339960229,5.7226446415094365,6340,1585,15.745627164840698,0.013154268264770508
