Model,R2,MAE,RMSE,MAPE_percent,n_train,n_test,fit_time_sec,predict_time_sec
cat,0.8420688769500287,0.023122434346461686,0.018016541705696252,4.630645066368594,5151,2774,4.308518886566162,0.0044667720794677734
