Model,R2,MAE,RMSE,MAPE_percent,n_train,n_test,fit_time_sec,predict_time_sec
rf,0.981967480570989,0.03269081671433882,0.002323946573512917,3.495020611966822,7056,1764,45.200148820877075,0.32555055618286133
