Model,R2,MAE,RMSE,MAPE_percent,n_train,n_test,fit_time_sec,predict_time_sec
cat,0.4318192422759488,0.061930790045558654,0.4894335125419158,4.899888128989576,4410,4410,4.658975601196289,0.006025075912475586
