Model,R2,MAE,RMSE,MAPE_percent,n_train,n_test,fit_time_sec,predict_time_sec
cat,0.9951634477296244,0.007193700473280567,0.00010723756747634339,4.162714894180691,8145,2036,3.6541922092437744,0.0025949478149414062
