Model,R2,MAE,RMSE,MAPE_percent,n_train,n_test,fit_time_sec,predict_time_sec
cat,0.7060751782859749,0.543762779365572,0.624405459279603,22.702891379325795,5944,1981,4.599059104919434,0.003472566604614258
