Model,R2,MAE,RMSE,MAPE_percent,n_train,n_test,fit_time_sec,predict_time_sec
cat,0.9887676161455926,0.002355130331814838,9.867812884561352e-05,2.87461422048142,8145,2036,3.525700330734253,0.0026073455810546875
