Model,R2,MAE,RMSE,MAPE_percent,n_train,n_test,fit_time_sec,predict_time_sec
gbm,0.9824400782424216,0.001568168323956107,6.894274314402722e-06,13.878886128363765,8145,2036,18.393200635910034,0.015461921691894531
