Model,R2,MAE,RMSE,MAPE_percent,n_train,n_test,fit_time_sec,predict_time_sec
rf,0.9525748978541875,0.030180593082872933,0.010216958186694741,3.80983133731891,5043,2715,29.802290439605713,0.37626099586486816
