Model,R2,MAE,RMSE,MAPE_percent,n_train,n_test,fit_time_sec,predict_time_sec
gbm,0.9797119004866764,0.019564159554028394,0.0013940236417161137,3.3967568379057114,6206,1552,15.452221155166626,0.011761665344238281
