Model,R2,MAE,RMSE,MAPE_percent,n_train,n_test,fit_time_sec,predict_time_sec
cat,0.39145892912272684,0.012507311603252653,0.0088424165608798,17.64380746926175,8151,2038,3.472292184829712,0.0028901100158691406
