Model,R2,MAE,RMSE,MAPE_percent,n_train,n_test,fit_time_sec,predict_time_sec
gbm,0.9884926391570797,0.013016634603093139,0.0002991478296196207,6.824792752810298,8145,2036,19.79473066329956,0.01474142074584961
