Model,R2,MAE,RMSE,MAPE_percent,n_train,n_test,fit_time_sec,predict_time_sec
rf,0.9553631272939597,0.11827398805282029,0.05248060674808956,5.425464163232862,6213,1553,36.10118818283081,0.2909698486328125
