Model,R2,MAE,RMSE,MAPE_percent,n_train,n_test,fit_time_sec,predict_time_sec
rf,0.9968469471345645,0.007711999800069065,0.0001952092896769158,4.141454637524935,8145,2036,65.4291160106659,0.8131792545318604
