Model,R2,MAE,RMSE,MAPE_percent,n_train,n_test,fit_time_sec,predict_time_sec
cat,0.9876129550388372,0.013569692258129904,0.00038246495327493734,6.972684535933733,6618,3563,5.0048828125,0.004450798034667969
