Model,R2,MAE,RMSE,MAPE_percent,n_train,n_test,fit_time_sec,predict_time_sec
cat,0.962985170828149,0.18437222009273413,0.08659495993912049,828750522.7875072,7355,3961,5.003530025482178,0.005364179611206055
