Model,R2,MAE,RMSE,MAPE_percent,n_train,n_test,fit_time_sec,predict_time_sec
cat,0.9067113698096837,0.005204744483373388,0.0009399695256977167,7.30000308956425,6618,3563,4.8757712841033936,0.004690647125244141
