Model,R2,MAE,RMSE,MAPE_percent,n_train,n_test,fit_time_sec,predict_time_sec
cat,0.8516774720824376,0.011066898903784074,0.01268692563517046,4.787117864091024,8145,2036,3.6913716793060303,0.0027189254760742188
