Model,R2,MAE,RMSE,MAPE_percent,n_train,n_test,fit_time_sec,predict_time_sec
cat,0.7590908750147413,0.080455235802859,0.12051759378395047,6.668357506619165,710,6395,3.6521971225738525,0.0067331790924072266
