Model,R2,MAE,RMSE,MAPE_percent,n_train,n_test,fit_time_sec,predict_time_sec
cat,0.309977220208451,0.15209100423348193,0.08047518972349015,1461908530.0926218,7355,3961,4.556144952774048,0.0055370330810546875
