Model,R2,MAE,RMSE,MAPE_percent,n_train,n_test,fit_time_sec,predict_time_sec
cat,0.9457751064199045,0.01921343783220502,0.006324079039698535,125351779.5070888,7355,3961,4.932788610458374,0.0049703121185302734
