Model,R2,MAE,RMSE,MAPE_percent,n_train,n_test,fit_time_sec,predict_time_sec
cat,0.9913608858452142,0.0027447771777044908,6.971416063017509e-05,3.8222065108330074,8145,2036,8.860379934310913,0.020856142044067383
