Model,R2,MAE,RMSE,MAPE_percent,n_train,n_test,fit_time_sec,predict_time_sec
cat,0.9042069820091116,0.2695635325372267,0.14726689298948115,11.0756501507385,6208,1552,3.395927667617798,0.002492666244506836
