Model,R2,MAE,RMSE,MAPE_percent,n_train,n_test,fit_time_sec,predict_time_sec
cat,0.9841446732215205,0.016728928386532848,0.0005774952836896095,3.10541799858796,6206,1552,3.5243759155273438,0.00244903564453125
