Model,R2,MAE,RMSE,MAPE_percent,n_train,n_test,fit_time_sec,predict_time_sec
rf,0.9589292124341198,0.017078865582984555,0.004014974918219999,1078206.2438524193,9059,2265,57.282411336898804,0.44225525856018066
