Model,R2,MAE,RMSE,MAPE_percent,n_train,n_test,fit_time_sec,predict_time_sec
rf,0.9296794990137685,0.012570632131762585,0.0037543024508281293,3.346492416044991,3880,3880,22.340776205062866,0.4329502582550049
