Model,R2,MAE,RMSE,MAPE_percent,n_train,n_test,fit_time_sec,predict_time_sec
cat,0.9949669945091403,0.0074708506289755255,0.00011012075282986196,4.130827179543443,8145,2036,4.64409065246582,0.003058195114135742
