Model,R2,MAE,RMSE,MAPE_percent,n_train,n_test,fit_time_sec,predict_time_sec
cat,0.9863115690321002,0.0010743994162690006,2.1298004332503737e-06,7.042564232798589,4072,6109,3.6409738063812256,0.0056934356689453125
