Model,R2,MAE,RMSE,MAPE_percent,n_train,n_test,fit_time_sec,predict_time_sec
gbm,0.9560509270581098,0.1410198985732875,0.055851765402978815,5.997204540985266,6208,1552,15.540068864822388,0.012846946716308594
