Model,R2,MAE,RMSE,MAPE_percent,n_train,n_test,fit_time_sec,predict_time_sec
gbm,0.9296173303506647,0.0009743590416361795,2.2093595687473103e-05,8.139245629136806,2036,8145,4.789853572845459,0.051755428314208984
