Model,R2,MAE,RMSE,MAPE_percent,n_train,n_test,fit_time_sec,predict_time_sec
cat,0.9237414360405833,0.06281207779402376,0.028282143371687954,4.661717231954516,5684,1421,3.9237000942230225,0.002074003219604492
