Model,R2,MAE,RMSE,MAPE_percent,n_train,n_test,fit_time_sec,predict_time_sec
gbm,0.12508336072141157,0.03657375978971999,0.4419827171956084,11.886531774016968,8151,2038,18.28286862373352,0.015267133712768555
