Model,R2,MAE,RMSE,MAPE_percent,n_train,n_test,fit_time_sec,predict_time_sec
gbm,0.9357217911032363,0.0009198658922970113,2.3006346881887136e-05,7.6521759992086835,6109,4072,14.827731132507324,0.027347326278686523
