Model,R2,MAE,RMSE,MAPE_percent,n_train,n_test,fit_time_sec,predict_time_sec
cat,0.9205056282304795,0.23883529218488636,0.16284123040895576,8.92972883785514,792,7133,3.5768284797668457,0.008201360702514648
