Model,R2,MAE,RMSE,MAPE_percent,n_train,n_test,fit_time_sec,predict_time_sec
rf,0.9843094751173554,0.00047490396391822935,4.511408283553679e-06,3.4054830015830264,8145,2036,52.05072259902954,0.41329145431518555
