Model,R2,MAE,RMSE,MAPE_percent,n_train,n_test,fit_time_sec,predict_time_sec
cat,0.9639281361830908,0.07136415492855748,0.013327367611684578,4.796906569211767,4359,3566,4.625831127166748,0.005066871643066406
