Model,R2,MAE,RMSE,MAPE_percent,n_train,n_test,fit_time_sec,predict_time_sec
gbm,0.9928364937076731,0.00047407081278890307,2.169930271942846e-06,3.475379525155162,8145,2036,20.316441535949707,0.014055252075195312
