Model,R2,MAE,RMSE,MAPE_percent,n_train,n_test,fit_time_sec,predict_time_sec
rf,0.9850702606435375,0.0048247874150225845,0.00014481349456416912,6.93114282778311,8145,2036,83.50671148300171,0.8126866817474365
