Model,R2,MAE,RMSE,MAPE_percent,n_train,n_test,fit_time_sec,predict_time_sec
cat,0.993996310165784,0.0028314656751096947,1.8861193426893444e-05,4.197018590834539,8151,2038,3.8005220890045166,0.002222299575805664
