Model,R2,MAE,RMSE,MAPE_percent,n_train,n_test,fit_time_sec,predict_time_sec
rf,0.9879503696738455,0.01185904235866449,0.0002718172124744975,7.032490223245859,8145,2036,51.61302828788757,0.3874688148498535
