Model,R2,MAE,RMSE,MAPE_percent,n_train,n_test,fit_time_sec,predict_time_sec
rf,0.9886059301726641,0.000705764172744529,5.392310162942054e-06,3.9982956634905404,8145,2036,52.48133420944214,0.4025003910064697
