Model,R2,MAE,RMSE,MAPE_percent,n_train,n_test,fit_time_sec,predict_time_sec
cat,0.9179415287299484,0.007726850421023913,0.0007572312470497621,12.600612150063537,2545,7636,3.888279676437378,0.008334636688232422
