Model,R2,MAE,RMSE,MAPE_percent,n_train,n_test,fit_time_sec,predict_time_sec
gbm,0.39463483774872765,0.3090966119022635,0.20648038152976375,34.91309382513939,6214,1554,13.747888088226318,0.011480569839477539
