Model,R2,MAE,RMSE,MAPE_percent,n_train,n_test,fit_time_sec,predict_time_sec
rf,0.9728506038147395,0.008809780966928736,0.0023063370312777906,3.153236200435449,8145,2036,52.437392711639404,0.42177391052246094
