Model,R2,MAE,RMSE,MAPE_percent,n_train,n_test,fit_time_sec,predict_time_sec
cat,0.6739910955305137,0.5664888206489062,0.6660554694784251,23.992939267506515,2774,5151,4.169111490249634,0.0065555572509765625
