Model,R2,MAE,RMSE,MAPE_percent,n_train,n_test,fit_time_sec,predict_time_sec
rf,-0.3511104796960238,0.009248465755003469,0.012144685058470928,14.552241983517906,8151,2038,51.98822522163391,0.44059157371520996
