Model,R2,MAE,RMSE,MAPE_percent,n_train,n_test,fit_time_sec,predict_time_sec
rf,0.11366465162499562,0.0379841445636827,0.44775112054596816,10.97247476632083,8151,2038,51.567991495132446,0.41489624977111816
