Model,R2,MAE,RMSE,MAPE_percent,n_train,n_test,fit_time_sec,predict_time_sec
gbm,0.6892380305072361,0.023496888646646282,0.018060131777896796,4.975538925513937,388,7372,0.9981281757354736,0.056030988693237305
