Model,R2,MAE,RMSE,MAPE_percent,n_train,n_test,fit_time_sec,predict_time_sec
gbm,0.9843638539525805,0.0008573428653117361,1.3053125429920702e-06,7.202071816276651,5600,4581,13.33476185798645,0.02816009521484375
