Model,R2,MAE,RMSE,MAPE_percent,n_train,n_test,fit_time_sec,predict_time_sec
cat,0.922297128097934,0.0010743842743757975,3.086017273529753e-05,7.424342657025035,5090,5091,4.614078998565674,0.005330085754394531
