Model,R2,MAE,RMSE,MAPE_percent,n_train,n_test,fit_time_sec,predict_time_sec
cat,0.9188681433314726,0.0014656709600749942,3.222201509207775e-05,13.350324385449044,5090,5091,4.419166564941406,0.0054187774658203125
