Model,R2,MAE,RMSE,MAPE_percent,n_train,n_test,fit_time_sec,predict_time_sec
rf,0.6764518419406884,0.3048554853199386,0.6802891409773978,11.47660571982482,6214,1554,38.09032583236694,0.36457180976867676
