Model,R2,MAE,RMSE,MAPE_percent,n_train,n_test,fit_time_sec,predict_time_sec
rf,0.9439241974654204,0.26412857327658446,0.1714890032592368,7.279953645982304,6206,1552,73.62547254562378,0.29421329498291016
