Model,R2,MAE,RMSE,MAPE_percent,n_train,n_test,fit_time_sec,predict_time_sec
gbm,0.0747410030019433,0.03451913430789547,0.12959639964860925,14.769083056261788,8151,2038,18.28458571434021,0.014813899993896484
