Model,R2,MAE,RMSE,MAPE_percent,n_train,n_test,fit_time_sec,predict_time_sec
cat,-0.012165557066752486,0.022475467496951545,0.07649658357846821,8.26946690995571,8151,2038,3.751394033432007,0.0027625560760498047
