Model,R2,MAE,RMSE,MAPE_percent,n_train,n_test,fit_time_sec,predict_time_sec
gbm,0.9890402957787565,0.0008811927901744855,1.4595543921800457e-06,7.602000253796315,3054,7127,7.177955865859985,0.04307675361633301
