Model,R2,MAE,RMSE,MAPE_percent,n_train,n_test,fit_time_sec,predict_time_sec
cat,0.8827796056661111,0.02776888402538041,0.008938345762879012,19.189020153987247,509,9672,3.3749682903289795,0.010002374649047852
