Model,R2,MAE,RMSE,MAPE_percent,n_train,n_test,fit_time_sec,predict_time_sec
gbm,0.9748601394480146,0.007377053314103899,0.00010554924820829124,10.363557802634732,8145,2036,19.517658472061157,0.015401124954223633
