Model,R2,MAE,RMSE,MAPE_percent,n_train,n_test,fit_time_sec,predict_time_sec
cat,0.9401158899715544,0.05258754013282139,0.020258252282938045,4.711209573635373,6208,1552,3.6165754795074463,0.002274036407470703
