Model,R2,MAE,RMSE,MAPE_percent,n_train,n_test,fit_time_sec,predict_time_sec
gbm,0.9693291068902359,0.00557971542206172,0.0002181334421548827,11.383221531492586,8145,2036,19.537742137908936,0.015648603439331055
