Model,R2,MAE,RMSE,MAPE_percent,n_train,n_test,fit_time_sec,predict_time_sec
cat,0.9781960495812333,0.014050097979636047,0.0018402273792139548,956571215.2701142,9053,2263,7.528364658355713,0.013875484466552734
