Model,R2,MAE,RMSE,MAPE_percent,n_train,n_test,fit_time_sec,predict_time_sec
cat,0.98511687601022,0.003925099075970206,0.0001558511628902367,4.652122159984316,8145,2036,4.8498804569244385,0.0034847259521484375
