Model,R2,MAE,RMSE,MAPE_percent,n_train,n_test,fit_time_sec,predict_time_sec
cat,0.03517152958008374,0.003105662106536176,0.0027321098425958155,8.579954130234377,8151,2038,3.5219290256500244,0.0027313232421875
