Model,R2,MAE,RMSE,MAPE_percent,n_train,n_test,fit_time_sec,predict_time_sec
rf,0.9978759777916351,0.001956022158252427,7.311433713320045e-06,2.7383630224889726,8145,2036,50.6787965297699,0.4356498718261719
