Model,R2,MAE,RMSE,MAPE_percent,n_train,n_test,fit_time_sec,predict_time_sec
rf,0.988789137004917,0.006733587051367263,8.717949296197914e-05,2.552346101984086,5820,1940,35.21197199821472,0.2953493595123291
