Model,R2,MAE,RMSE,MAPE_percent,n_train,n_test,fit_time_sec,predict_time_sec
cat,0.9668438984268583,0.07419737639002184,0.020710505504234877,89.81268089637476,9053,2263,3.7433924674987793,0.003292083740234375
