Model,R2,MAE,RMSE,MAPE_percent,n_train,n_test,fit_time_sec,predict_time_sec
cat,0.9388146532814338,0.03429438329278066,0.01437727473786606,5.001879325488503,3491,4267,3.450002908706665,0.005277872085571289
