Model,R2,MAE,RMSE,MAPE_percent,n_train,n_test,fit_time_sec,predict_time_sec
cat,0.9388563716289412,0.13142933352201894,0.0630712278541947,6.501152894007077,6206,1552,3.4780778884887695,0.002389669418334961
