Model,R2,MAE,RMSE,MAPE_percent,n_train,n_test,fit_time_sec,predict_time_sec
gbm,0.9693385969183143,0.16793394064717965,0.05797264340649992,7.253322097633497,9053,2263,23.117562532424927,0.01776289939880371
