Model,R2,MAE,RMSE,MAPE_percent,n_train,n_test,fit_time_sec,predict_time_sec
rf,0.6559787203813437,0.5148200308787356,0.5288793070130015,25.12015410314781,6208,1552,37.95225501060486,0.28822946548461914
