Model,R2,MAE,RMSE,MAPE_percent,n_train,n_test,fit_time_sec,predict_time_sec
cat,0.9970179751119728,0.005580711133584367,6.761594140793892e-05,3.065237194775795,8145,2036,3.818812131881714,0.002761363983154297
