Model,R2,MAE,RMSE,MAPE_percent,n_train,n_test,fit_time_sec,predict_time_sec
cat,0.9907344988191906,0.013636516370494003,0.0003447396927490043,7.229669588965064,4581,5600,4.723059177398682,0.0067861080169677734
