Model,R2,MAE,RMSE,MAPE_percent,n_train,n_test,fit_time_sec,predict_time_sec
cat,0.9928746704217034,0.005173170651698978,9.037305628223945e-05,1.9906125907161878,6208,1552,3.476771831512451,0.0023279190063476562
