Model,R2,MAE,RMSE,MAPE_percent,n_train,n_test,fit_time_sec,predict_time_sec
cat,0.9977737478069315,0.0020485915442078734,1.4287109187116367e-05,3.2533913318463927,8145,2036,7.583255767822266,0.018117427825927734
