Model,R2,MAE,RMSE,MAPE_percent,n_train,n_test,fit_time_sec,predict_time_sec
gbm,0.8822229223594017,0.0012272334709618792,3.641840410094293e-05,9.09985337885577,509,9672,1.2770793437957764,0.0662069320678711
