Model,R2,MAE,RMSE,MAPE_percent,n_train,n_test,fit_time_sec,predict_time_sec
cat,0.9209690332733718,0.0015656898407435118,2.788644098776339e-05,13.110064624711557,1527,8654,3.7689263820648193,0.008972406387329102
