Model,R2,MAE,RMSE,MAPE_percent,n_train,n_test,fit_time_sec,predict_time_sec
cat,0.8949135872547018,0.015678860402656807,0.008821931612977896,7.44115889476882,5090,5091,4.6657116413116455,0.0057604312896728516
