Model,R2,MAE,RMSE,MAPE_percent,n_train,n_test,fit_time_sec,predict_time_sec
gbm,0.9945199967199927,0.012229249054236266,0.00032646857345905374,7.65349923619566,8145,2036,21.049375534057617,0.015214920043945312
