Model,R2,MAE,RMSE,MAPE_percent,n_train,n_test,fit_time_sec,predict_time_sec
rf,0.9540453114229863,0.03283836357559136,0.008065265660847408,4.48747009716384,776,6982,3.6181538105010986,0.4358227252960205
