Model,R2,MAE,RMSE,MAPE_percent,n_train,n_test,fit_time_sec,predict_time_sec
rf,0.9641281357666032,0.07168127776999285,0.014658592794175739,5.47075191498684,9053,2263,54.35557699203491,0.4273221492767334
