Model,R2,MAE,RMSE,MAPE_percent,n_train,n_test,fit_time_sec,predict_time_sec
cat,0.988588205346469,0.0005029881812112602,4.072539044210603e-06,3.114680675037931,8145,2036,3.6371066570281982,0.002633810043334961
