Model,R2,MAE,RMSE,MAPE_percent,n_train,n_test,fit_time_sec,predict_time_sec
cat,0.055747600768507266,0.0019953087300637845,0.0002859966311992587,11.54217935459318,8151,2038,3.5829267501831055,0.002545595169067383
