Model,R2,MAE,RMSE,MAPE_percent,n_train,n_test,fit_time_sec,predict_time_sec
cat,0.9873418022315544,0.0008655808303029182,1.3749919634460166e-06,7.273605992558044,8145,2036,3.5734214782714844,0.0029213428497314453
