Model,R2,MAE,RMSE,MAPE_percent,n_train,n_test,fit_time_sec,predict_time_sec
cat,0.9399407051663816,0.012725463090929836,0.0037677943227805316,4.2675863526974975,3104,4656,3.381690740585327,0.005481719970703125
