Model,R2,MAE,RMSE,MAPE_percent,n_train,n_test,fit_time_sec,predict_time_sec
cat,0.39562893004161126,0.1370726621093993,0.058933298197198676,47.930727587339774,5548,2377,4.4157819747924805,0.003545999526977539
