Model,R2,MAE,RMSE,MAPE_percent,n_train,n_test,fit_time_sec,predict_time_sec
cat,0.9561517898205203,0.0652198464993383,0.009922350481030304,4.325903810419439,6340,1585,4.7875730991363525,0.0031366348266601562
