Model,R2,MAE,RMSE,MAPE_percent,n_train,n_test,fit_time_sec,predict_time_sec
cat,0.9957056356726659,0.0005039253669245604,4.739651103980871e-07,4.141498927599982,8145,2036,3.624971628189087,0.0029392242431640625
