Model,R2,MAE,RMSE,MAPE_percent,n_train,n_test,fit_time_sec,predict_time_sec
gbm,0.9802519249671988,0.017847506211527007,0.0008686957980793163,3.184991833564913,5431,2327,13.50270700454712,0.015940427780151367
