Model,R2,MAE,RMSE,MAPE_percent,n_train,n_test,fit_time_sec,predict_time_sec
rf,0.7892685153437025,0.19619187469469831,0.6392322361729117,629260.015887157,9059,2265,55.405163288116455,0.48441576957702637
