Model,R2,MAE,RMSE,MAPE_percent,n_train,n_test,fit_time_sec,predict_time_sec
gbm,0.9235254739608973,0.0011858641430922295,3.5063592285204544e-05,7.325403153639614,4581,5600,10.978915452957153,0.03544807434082031
