Model,R2,MAE,RMSE,MAPE_percent,n_train,n_test,fit_time_sec,predict_time_sec
cat,0.966441990427758,0.07570370185394237,0.021832669995636506,836196828.7538241,9053,2263,3.8622841835021973,0.002997875213623047
