Model,R2,MAE,RMSE,MAPE_percent,n_train,n_test,fit_time_sec,predict_time_sec
gbm,0.9331399561964892,0.27864513394484114,0.18549807328038553,7.387069846326797,6213,1553,15.70369553565979,0.012862682342529297
