Model,R2,MAE,RMSE,MAPE_percent,n_train,n_test,fit_time_sec,predict_time_sec
cat,0.9387761125325491,0.013475232203619954,0.003632802848437165,4.299081927288231,2716,5044,3.296229839324951,0.0058345794677734375
