Model,R2,MAE,RMSE,MAPE_percent,n_train,n_test,fit_time_sec,predict_time_sec
gbm,0.9719906857666059,0.06533595443591544,0.011882011215006026,4.912845658113934,9053,2263,23.294658660888672,0.017694711685180664
