Model,R2,MAE,RMSE,MAPE_percent,n_train,n_test,fit_time_sec,predict_time_sec
cat,0.9886702210515264,0.012905732941591311,0.0004557025046915312,4.078189050912412,9053,2263,3.84167218208313,0.0030014514923095703
