Model,R2,MAE,RMSE,MAPE_percent,n_train,n_test,fit_time_sec,predict_time_sec
cat,0.963667321470595,0.07298728112801967,0.015477810547562443,5.565793849677499,9053,2263,3.8261890411376953,0.0029926300048828125
