Model,R2,MAE,RMSE,MAPE_percent,n_train,n_test,fit_time_sec,predict_time_sec
rf,0.9829587399277805,0.008917225351503867,0.0009599693151236666,2.151296326082972,6208,1552,37.76147270202637,0.3582477569580078
