Model,R2,MAE,RMSE,MAPE_percent,n_train,n_test,fit_time_sec,predict_time_sec
cat,0.962636899093067,0.031404098552833375,0.008541038782286714,4.651521629984094,4655,3103,3.3852531909942627,0.0037674903869628906
