Model,R2,MAE,RMSE,MAPE_percent,n_train,n_test,fit_time_sec,predict_time_sec
cat,0.9965355907138699,0.0004082384015257743,1.0516450102330044e-06,3.018244865633261,8145,2036,3.7905569076538086,0.0026705265045166016
