Model,R2,MAE,RMSE,MAPE_percent,n_train,n_test,fit_time_sec,predict_time_sec
cat,0.9899979451403365,0.013843289100853189,0.0007555835150889989,6.968273495719607,8145,2036,5.099315404891968,0.0031480789184570312
