Model,R2,MAE,RMSE,MAPE_percent,n_train,n_test,fit_time_sec,predict_time_sec
rf,0.9710878660325575,0.023891613619230423,0.0025393925407205323,3.8078810294178456,1940,5818,9.937427043914795,0.4685227870941162
