Model,R2,MAE,RMSE,MAPE_percent,n_train,n_test,fit_time_sec,predict_time_sec
cat,0.3165812878159572,0.332965896094722,0.37835127993675266,34.951254115419886,1421,5684,3.6491005420684814,0.007963895797729492
