Model,R2,MAE,RMSE,MAPE_percent,n_train,n_test,fit_time_sec,predict_time_sec
cat,0.9934298609791864,0.012945615485996716,0.00040198061851061796,7.565721993295206,8145,2036,7.177387475967407,0.017691850662231445
