Model,R2,MAE,RMSE,MAPE_percent,n_train,n_test,fit_time_sec,predict_time_sec
cat,0.9508979359955643,0.2083133492954448,0.11271825595603946,985007189.0487651,1697,9619,4.485713005065918,0.010138750076293945
