Model,R2,MAE,RMSE,MAPE_percent,n_train,n_test,fit_time_sec,predict_time_sec
gbm,0.9647269133833769,0.011084510837758297,0.00517227164080541,106623160.1956619,9059,2265,22.994988679885864,0.018055200576782227
