Model,R2,MAE,RMSE,MAPE_percent,n_train,n_test,fit_time_sec,predict_time_sec
gbm,0.9958716805307126,0.007689006030752821,0.00011190451618013003,3.67183299296555,8145,2036,20.20754098892212,0.014040946960449219
