Model,R2,MAE,RMSE,MAPE_percent,n_train,n_test,fit_time_sec,predict_time_sec
gbm,0.9806283161137215,0.01730153694976159,0.0012991816984760597,2.9134018428803072,6206,1552,15.417182207107544,0.011922359466552734
