Model,R2,MAE,RMSE,MAPE_percent,n_train,n_test,fit_time_sec,predict_time_sec
cat,0.9817733370285596,0.004482172838252613,3.489764194117995e-05,6.7205971366350665,7127,3054,4.8547422885894775,0.0037086009979248047
