Model,R2,MAE,RMSE,MAPE_percent,n_train,n_test,fit_time_sec,predict_time_sec
rf,0.8967738803949942,0.28255102314090613,0.1566676015662206,10.810353371421051,6208,1552,37.630494117736816,0.2899589538574219
