Model,R2,MAE,RMSE,MAPE_percent,n_train,n_test,fit_time_sec,predict_time_sec
rf,0.9957919802072348,0.0005407999299085038,5.4690848715984e-07,3.8586522999742696,8145,2036,51.25757098197937,0.39388370513916016
