Model,R2,MAE,RMSE,MAPE_percent,n_train,n_test,fit_time_sec,predict_time_sec
cat,0.2852493918873177,0.14254826492246317,0.07528819077196838,51.366088823683775,3962,3963,4.21972131729126,0.005227565765380859
