Model,R2,MAE,RMSE,MAPE_percent,n_train,n_test,fit_time_sec,predict_time_sec
cat,0.9711152619911371,0.16696249711420014,0.06681119879417259,646993551.24418,9053,2263,3.7755544185638428,0.0029785633087158203
