Model,R2,MAE,RMSE,MAPE_percent,n_train,n_test,fit_time_sec,predict_time_sec
rf,0.9499488383596514,0.2657218458090745,0.18042852637251536,6.882868531663084,6213,1553,37.08251690864563,0.2757084369659424
