Model,R2,MAE,RMSE,MAPE_percent,n_train,n_test,fit_time_sec,predict_time_sec
cat,0.9880724129231976,0.011797196633308152,0.00036741217302395385,3.251979240500506,5151,2774,4.714691162109375,0.0040433406829833984
