Model,R2,MAE,RMSE,MAPE_percent,n_train,n_test,fit_time_sec,predict_time_sec
cat,0.9162972537517559,0.01943290777718751,0.009005868500455443,4.323094034019662,5151,2774,4.476301908493042,0.004460573196411133
