Model,R2,MAE,RMSE,MAPE_percent,n_train,n_test,fit_time_sec,predict_time_sec
cat,0.6642415629631107,0.0030762488219556595,0.00014282403458208473,22.5634902441503,8151,2038,3.8025197982788086,0.002707958221435547
