Model,R2,MAE,RMSE,MAPE_percent,n_train,n_test,fit_time_sec,predict_time_sec
rf,0.9264499591314902,0.0010450288580671973,2.8855556544955782e-05,7.325424070365499,3563,6618,19.975146055221558,0.6605377197265625
