Model,R2,MAE,RMSE,MAPE_percent,n_train,n_test,fit_time_sec,predict_time_sec
rf,0.9785863550176926,0.0009421013461957762,6.6349190939188236e-06,7.235978882686872,6618,3563,40.563536405563354,0.49678468704223633
