Model,R2,MAE,RMSE,MAPE_percent,n_train,n_test,fit_time_sec,predict_time_sec
cat,0.725595920419567,0.5492360863657765,0.6379654710309868,8357474585.0557,2829,8487,4.364499807357788,0.009371042251586914
