Model,R2,MAE,RMSE,MAPE_percent,n_train,n_test,fit_time_sec,predict_time_sec
cat,-0.17345176344091273,0.04098525536027483,0.10517194066017507,18.01600885589868,8151,2038,3.4637815952301025,0.0022139549255371094
