Model,R2,MAE,RMSE,MAPE_percent,n_train,n_test,fit_time_sec,predict_time_sec
cat,0.9718975379261476,0.021060939212316207,0.0018783577452765533,12.18122015782847,4072,6109,3.9219164848327637,0.007601022720336914
