Model,R2,MAE,RMSE,MAPE_percent,n_train,n_test,fit_time_sec,predict_time_sec
gbm,0.7498209683358745,0.29187058391516724,0.840559001915781,7.119973009790873,6213,1553,15.357269763946533,0.012720108032226562
