Model,R2,MAE,RMSE,MAPE_percent,n_train,n_test,fit_time_sec,predict_time_sec
gbm,0.7488481597454617,0.5215445862526121,0.5897070285843278,19814788126.349117,9053,2263,20.298487663269043,0.016370773315429688
