Model,R2,MAE,RMSE,MAPE_percent,n_train,n_test,fit_time_sec,predict_time_sec
cat,0.9877018247604373,0.012470542529189622,0.00040133101404317835,3.52327125804233,4359,3566,4.502958536148071,0.005416393280029297
