Model,R2,MAE,RMSE,MAPE_percent,n_train,n_test,fit_time_sec,predict_time_sec
cat,0.9858696843997351,0.012516761700100895,0.00036656415020751737,3.7799072629046178,6790,4526,3.3947997093200684,0.005274057388305664
