Model,R2,MAE,RMSE,MAPE_percent,n_train,n_test,fit_time_sec,predict_time_sec
cat,0.9364789286620031,0.06765841525724225,0.024800968269838145,5.2661602713364655,3908,3197,4.5864856243133545,0.0042438507080078125
