Model,R2,MAE,RMSE,MAPE_percent,n_train,n_test,fit_time_sec,predict_time_sec
cat,0.9557271533201126,0.1881987770489807,0.07264485366790993,6.2250036733306295,2774,5151,4.806939363479614,0.005686759948730469
