Model,R2,MAE,RMSE,MAPE_percent,n_train,n_test,fit_time_sec,predict_time_sec
cat,0.9839564490423917,0.012030536217272283,0.00031780716057143953,3.5068102182300636,9053,2263,4.894810676574707,0.003729104995727539
