Model,R2,MAE,RMSE,MAPE_percent,n_train,n_test,fit_time_sec,predict_time_sec
gbm,0.9842358364930864,0.016709096823506936,0.0010754919861574374,2.7743644599414385,6206,1552,15.487133979797363,0.011851787567138672
