Model,R2,MAE,RMSE,MAPE_percent,n_train,n_test,fit_time_sec,predict_time_sec
cat,0.8689316302907701,0.022233733543797415,0.014757578943255141,4.964832392325736,1585,6340,4.9491918087005615,0.009740352630615234
