Model,R2,MAE,RMSE,MAPE_percent,n_train,n_test,fit_time_sec,predict_time_sec
cat,0.29518432784426507,0.14663756271212705,0.08494388441744909,55.097883515457426,3566,4359,4.145537614822388,0.005463600158691406
