Model,R2,MAE,RMSE,MAPE_percent,n_train,n_test,fit_time_sec,predict_time_sec
rf,0.9400994729118494,0.13332624519600317,0.07696955924871542,5.309531471506916,6208,1552,44.89330792427063,0.5454673767089844
