Model,R2,MAE,RMSE,MAPE_percent,n_train,n_test,fit_time_sec,predict_time_sec
cat,0.9612712833753473,0.16855275980092593,0.05445814470901354,5.485291161834457,5151,2774,4.739097356796265,0.0036516189575195312
