Model,R2,MAE,RMSE,MAPE_percent,n_train,n_test,fit_time_sec,predict_time_sec
gbm,0.9892097710245031,0.004376657675199806,3.4607567803282076e-05,6.691044650408026,8145,2036,19.750874757766724,0.015293598175048828
