Model,R2,MAE,RMSE,MAPE_percent,n_train,n_test,fit_time_sec,predict_time_sec
rf,0.997849665255044,0.0003177263135367168,3.4002635679621354e-07,1.9864580675232466,8145,2036,51.78972768783569,0.40796756744384766
