Model,R2,MAE,RMSE,MAPE_percent,n_train,n_test,fit_time_sec,predict_time_sec
cat,0.7481427094257908,0.537162936295009,0.5976947653885574,3796394177.168394,9059,2265,3.4599690437316895,0.002844572067260742
