Model,R2,MAE,RMSE,MAPE_percent,n_train,n_test,fit_time_sec,predict_time_sec
rf,0.8831933596708286,0.0034175811500870216,0.001558812653495386,3.2015842912766157,8145,2036,86.1397294998169,0.7704417705535889
