Model,R2,MAE,RMSE,MAPE_percent,n_train,n_test,fit_time_sec,predict_time_sec
cat,0.1132647956788253,0.29987221600544983,0.522126275880748,47.3972577136581,441,8379,3.3639049530029297,0.009833812713623047
