Model,R2,MAE,RMSE,MAPE_percent,n_train,n_test,fit_time_sec,predict_time_sec
rf,0.8989467103259494,0.01255677158513354,0.007903286114223121,2.3025105531368033,6214,1554,37.59824848175049,0.3083534240722656
