Model,R2,MAE,RMSE,MAPE_percent,n_train,n_test,fit_time_sec,predict_time_sec
rf,0.9980845392898832,0.0021697544315968623,1.2683541299540835e-05,3.455230934212246,8145,2036,76.10445189476013,0.8112943172454834
