Model,R2,MAE,RMSE,MAPE_percent,n_train,n_test,fit_time_sec,predict_time_sec
gbm,0.9535233608586668,0.0057085110556228955,0.003248424394154202,1.9819159838798481,8145,2036,20.600064277648926,0.014390945434570312
