Model,R2,MAE,RMSE,MAPE_percent,n_train,n_test,fit_time_sec,predict_time_sec
gbm,0.9948528343954645,0.007532425815342232,0.00011007272838150366,4.2333218981540135,8145,2036,20.314043760299683,0.01396632194519043
