Model,R2,MAE,RMSE,MAPE_percent,n_train,n_test,fit_time_sec,predict_time_sec
gbm,0.9566801064084627,0.0009813393833654625,1.1394508532720065e-05,8.296753609669352,1018,9163,2.385462522506714,0.05545496940612793
