Model,R2,MAE,RMSE,MAPE_percent,n_train,n_test,fit_time_sec,predict_time_sec
cat,0.9357695515609817,0.09816419804608696,0.04168730054517929,1837060579.829745,1697,9619,4.1069347858428955,0.01038503646850586
