Model,R2,MAE,RMSE,MAPE_percent,n_train,n_test,fit_time_sec,predict_time_sec
cat,0.8912533192530236,0.01989159521898783,0.010736591430154986,4.421683638433526,3962,3963,4.655116081237793,0.005062580108642578
