Model,R2,MAE,RMSE,MAPE_percent,n_train,n_test,fit_time_sec,predict_time_sec
gbm,0.9119808338201693,0.022984743128518243,0.01027862222748642,65338475.69971347,1697,9619,4.054784774780273,0.06531929969787598
