Model,R2,MAE,RMSE,MAPE_percent,n_train,n_test,fit_time_sec,predict_time_sec
gbm,0.9453370913671176,0.009185054213418418,0.00245279486619892,2.2185193733366066,6214,1554,15.421812295913696,0.011925220489501953
