Model,R2,MAE,RMSE,MAPE_percent,n_train,n_test,fit_time_sec,predict_time_sec
cat,0.993159191908503,0.013875788679324059,0.00042468873367988,7.59057252397165,7636,2545,4.95096230506897,0.003894329071044922
