Model,R2,MAE,RMSE,MAPE_percent,n_train,n_test,fit_time_sec,predict_time_sec
cat,0.9859644975806187,0.009674747938253596,0.001229008317817067,2.298592747849936,6340,1585,4.389904499053955,0.002980470657348633
