Model,R2,MAE,RMSE,MAPE_percent,n_train,n_test,fit_time_sec,predict_time_sec
cat,0.9059518578192003,0.012389160849700752,0.00735541988354353,3.0813489137537764,6214,1554,3.4560272693634033,0.0023050308227539062
