Model,R2,MAE,RMSE,MAPE_percent,n_train,n_test,fit_time_sec,predict_time_sec
gbm,0.978786539811214,0.01361225862971975,0.002182761064165154,111.86813905796234,9053,2263,23.50157880783081,0.017202377319335938
