Model,R2,MAE,RMSE,MAPE_percent,n_train,n_test,fit_time_sec,predict_time_sec
rf,0.8637833624120429,0.022802468185011217,0.015889957589197083,11.77674146337782,8145,2036,50.36021423339844,0.3871755599975586
