Model,R2,MAE,RMSE,MAPE_percent,n_train,n_test,fit_time_sec,predict_time_sec
rf,0.9384245130695104,0.0022010880660640955,0.000553481678464247,2.1590920964747915,8151,2038,55.335734844207764,0.38669872283935547
