Model,R2,MAE,RMSE,MAPE_percent,n_train,n_test,fit_time_sec,predict_time_sec
cat,0.922490723729694,0.09632494978380667,0.046361124242444415,6.604161314515365,1189,6736,3.972966194152832,0.007730960845947266
