Model,R2,MAE,RMSE,MAPE_percent,n_train,n_test,fit_time_sec,predict_time_sec
cat,0.9884103123245171,0.00932290396919742,0.0007093458429603912,5.209244517204004,8145,2036,3.664464235305786,0.002755403518676758
