Model,R2,MAE,RMSE,MAPE_percent,n_train,n_test,fit_time_sec,predict_time_sec
cat,0.9824262832210685,0.01793397541131986,0.0007252113442750562,3.385346477894424,5431,2327,3.3257322311401367,0.0028693675994873047
