Model,R2,MAE,RMSE,MAPE_percent,n_train,n_test,fit_time_sec,predict_time_sec
rf,0.3437941068026561,0.1984371036751622,0.16103993229534033,47.89603967553126,6206,1552,41.0080840587616,0.3093099594116211
