Model,R2,MAE,RMSE,MAPE_percent,n_train,n_test,fit_time_sec,predict_time_sec
cat,0.6873086694277593,0.060583841195328066,0.13196938235810254,5.949198065556729,3087,5733,4.414644479751587,0.0067441463470458984
