Model,R2,MAE,RMSE,MAPE_percent,n_train,n_test,fit_time_sec,predict_time_sec
rf,0.943609733692235,0.26336989060826155,0.18333610948350165,6.96341618029315,6206,1552,36.69494605064392,0.28621649742126465
