Model,R2,MAE,RMSE,MAPE_percent,n_train,n_test,fit_time_sec,predict_time_sec
cat,0.981681219322284,0.0009012878999466851,1.4269059179539982e-06,6.654909878160066,7127,3054,3.653595447540283,0.003387928009033203
