Model,R2,MAE,RMSE,MAPE_percent,n_train,n_test,fit_time_sec,predict_time_sec
cat,0.9335798148283944,0.0011555820365120764,2.34366685731078e-05,8.104407382823023,1527,8654,4.317150831222534,0.007759809494018555
