Model,R2,MAE,RMSE,MAPE_percent,n_train,n_test,fit_time_sec,predict_time_sec
cat,0.9521072406146606,0.1739901349667439,0.06090433761850955,5.56748375959933,6340,1585,4.90995454788208,0.002671480178833008
