Model,R2,MAE,RMSE,MAPE_percent,n_train,n_test,fit_time_sec,predict_time_sec
rf,0.9968090752737077,0.005747925875814049,6.981654077685355e-05,3.1521766249418706,8145,2036,51.870874643325806,0.4505777359008789
