Model,R2,MAE,RMSE,MAPE_percent,n_train,n_test,fit_time_sec,predict_time_sec
gbm,0.9154173108378176,0.04095619714845428,0.01714940998049243,5.179259604818095,388,7370,0.9909296035766602,0.052271127700805664
