Model,R2,MAE,RMSE,MAPE_percent,n_train,n_test,fit_time_sec,predict_time_sec
cat,0.9091503932573065,0.015609880017772448,0.0075236974820780175,7.199101216682395,5090,5091,4.822327613830566,0.0055658817291259766
