Model,R2,MAE,RMSE,MAPE_percent,n_train,n_test,fit_time_sec,predict_time_sec
gbm,0.9864201815753172,0.016362569363058684,0.0009475150353754619,2.6715429812783937,6206,1552,15.507375240325928,0.011873245239257812
