Model,R2,MAE,RMSE,MAPE_percent,n_train,n_test,fit_time_sec,predict_time_sec
rf,0.9841190257333295,0.01192212081699161,0.0005491403519459963,125669.91691166905,9053,2263,56.98418045043945,0.4220740795135498
