Model,R2,MAE,RMSE,MAPE_percent,n_train,n_test,fit_time_sec,predict_time_sec
cat,0.926277231064658,0.01957740794969592,0.008642671611707458,4.071038911824839,3962,3963,4.5791919231414795,0.005017280578613281
