Model,R2,MAE,RMSE,MAPE_percent,n_train,n_test,fit_time_sec,predict_time_sec
gbm,0.9951508852917254,0.0029707350116932336,1.7974947427053356e-05,3.9721731859487375,8145,2036,20.268449783325195,0.013964653015136719
