Model,R2,MAE,RMSE,MAPE_percent,n_train,n_test,fit_time_sec,predict_time_sec
rf,0.35175532246952335,0.007359463827342784,0.012494521751854696,3.5277927006525855,8151,2038,53.898903369903564,0.40778279304504395
