Model,R2,MAE,RMSE,MAPE_percent,n_train,n_test,fit_time_sec,predict_time_sec
gbm,0.8933864674047498,0.00807306467815049,0.0014311896553621227,13.194506582189597,8145,2036,18.441644430160522,0.015281200408935547
