Model,R2,MAE,RMSE,MAPE_percent,n_train,n_test,fit_time_sec,predict_time_sec
cat,0.2952116220746369,0.14305658273875596,0.07475586208154511,55.824250659208076,3962,3963,4.241517782211304,0.00484013557434082
