Model,R2,MAE,RMSE,MAPE_percent,n_train,n_test,fit_time_sec,predict_time_sec
rf,0.9835443363332568,0.004435517036411091,0.0001363030379428073,7.140676674640418,8145,2036,51.49181580543518,0.4048466682434082
