Model,R2,MAE,RMSE,MAPE_percent,n_train,n_test,fit_time_sec,predict_time_sec
cat,0.9770015133775384,0.039073226288845186,0.004286000826649885,3.6021297829753633,6208,1552,3.612062692642212,0.0024089813232421875
