Model,R2,MAE,RMSE,MAPE_percent,n_train,n_test,fit_time_sec,predict_time_sec
cat,0.9805789573015848,0.009171200572292315,0.0010655974678396509,2.9629346573737396,6208,1552,8.129224300384521,0.017398357391357422
