Model,R2,MAE,RMSE,MAPE_percent,n_train,n_test,fit_time_sec,predict_time_sec
cat,0.9850474347408503,0.0009189693099556213,1.4851916584892827e-06,6.857869255481516,5600,4581,4.68981146812439,0.0054438114166259766
