Model,R2,MAE,RMSE,MAPE_percent,n_train,n_test,fit_time_sec,predict_time_sec
rf,0.8760458088594214,0.007708220250727895,0.00166397221610382,11.055750737961654,8145,2036,53.024956941604614,0.41170525550842285
