Model,R2,MAE,RMSE,MAPE_percent,n_train,n_test,fit_time_sec,predict_time_sec
rf,0.8779881089591486,0.11355602627585416,0.047005887550602754,9.479234236342693,6214,1554,40.80715727806091,0.3131725788116455
