Model,R2,MAE,RMSE,MAPE_percent,n_train,n_test,fit_time_sec,predict_time_sec
cat,0.947189583244331,0.018068927030850505,0.0026584869605689875,5.371791454647121,1189,6736,3.9462599754333496,0.0064585208892822266
