Model,R2,MAE,RMSE,MAPE_percent,n_train,n_test,fit_time_sec,predict_time_sec
rf,0.9886938096936768,0.010123203449604014,0.0002890468323581508,2.7077587165250607,6340,1585,38.825249433517456,0.29163289070129395
