Model,R2,MAE,RMSE,MAPE_percent,n_train,n_test,fit_time_sec,predict_time_sec
gbm,0.942098965270412,0.28481710543031485,0.17608924222082048,7.583064966462868,6206,1552,15.370967626571655,0.01302027702331543
