Model,R2,MAE,RMSE,MAPE_percent,n_train,n_test,fit_time_sec,predict_time_sec
rf,0.9942725061390839,0.0005197223720358823,5.601382532675537e-07,4.146684541662629,8145,2036,51.985477447509766,0.39314961433410645
