Model,R2,MAE,RMSE,MAPE_percent,n_train,n_test,fit_time_sec,predict_time_sec
cat,0.9377112261235766,0.2143529660212118,0.121989961578187,7.549057558959604,1189,6736,3.974212884902954,0.007677316665649414
