Model,R2,MAE,RMSE,MAPE_percent,n_train,n_test,fit_time_sec,predict_time_sec
cat,0.9928103430535277,0.012083005413223743,0.0005491489774261756,2.1057112178840955,6213,1553,3.643192768096924,0.0023336410522460938
