Model,R2,MAE,RMSE,MAPE_percent,n_train,n_test,fit_time_sec,predict_time_sec
cat,0.9931972177439493,0.0068236540052815315,0.0003832147502943325,2.3833358071788995,6208,1552,4.408110857009888,0.0025281906127929688
