Model,R2,MAE,RMSE,MAPE_percent,n_train,n_test,fit_time_sec,predict_time_sec
rf,0.9948783393359139,0.011903793300113107,0.0002848654655892066,7.085553397127285,8145,2036,51.83845829963684,0.400937557220459
