Model,R2,MAE,RMSE,MAPE_percent,n_train,n_test,fit_time_sec,predict_time_sec
gbm,0.9814709752957362,0.0037278866945513636,0.00021443896631945494,4.113265722696764,8145,2036,40.636690616607666,0.027741432189941406
