Model,R2,MAE,RMSE,MAPE_percent,n_train,n_test,fit_time_sec,predict_time_sec
cat,0.9932493584406534,0.006395183906943994,0.0004430459230055854,2.7070269086609504,8145,2036,11.577138662338257,0.017782211303710938
