Model,R2,MAE,RMSE,MAPE_percent,n_train,n_test,fit_time_sec,predict_time_sec
cat,0.9713147087117153,0.042636127715984774,0.005283007061103388,3.963799750158385,6208,1552,3.389216661453247,0.0024099349975585938
