Model,R2,MAE,RMSE,MAPE_percent,n_train,n_test,fit_time_sec,predict_time_sec
cat,0.9019740660022166,0.0009752377952983916,3.434950543689154e-05,7.984613265009684,6109,4072,3.3822977542877197,0.00449824333190918
