Model,R2,MAE,RMSE,MAPE_percent,n_train,n_test,fit_time_sec,predict_time_sec
cat,0.30246288731322013,0.33354209102633126,0.39832401553495683,33.33016309496887,1421,5684,3.622865676879883,0.0077211856842041016
