Model,R2,MAE,RMSE,MAPE_percent,n_train,n_test,fit_time_sec,predict_time_sec
rf,0.8800484135028915,0.0014844066145098072,5.221844216113134e-05,8.361806943322081,509,9672,2.4420456886291504,0.5483362674713135
