Model,R2,MAE,RMSE,MAPE_percent,n_train,n_test,fit_time_sec,predict_time_sec
cat,0.6861181991953553,0.05339182098046585,0.14106549070003732,5.107090424128746,7056,1764,3.912020683288574,0.0027382373809814453
