Model,R2,MAE,RMSE,MAPE_percent,n_train,n_test,fit_time_sec,predict_time_sec
rf,0.9657160131241365,0.05808093985193891,0.00941869421401531,4.40793526925174,5618,1405,33.037479877471924,0.26026368141174316
