Model,R2,MAE,RMSE,MAPE_percent,n_train,n_test,fit_time_sec,predict_time_sec
rf,0.9913156639267432,0.004747685532597359,0.0001407023253348208,7.246800635967452,8151,2038,55.500765800476074,0.43727779388427734
