Model,R2,MAE,RMSE,MAPE_percent,n_train,n_test,fit_time_sec,predict_time_sec
gbm,0.9648645787526847,0.017922184854604062,0.003840700470062452,49182132.81272533,8487,2829,21.4336838722229,0.020781993865966797
