Model,R2,MAE,RMSE,MAPE_percent,n_train,n_test,fit_time_sec,predict_time_sec
cat,0.9669549062385265,0.06673489211963825,0.010728676408874973,4.640676973760582,6340,1585,3.881993055343628,0.002727508544921875
