Model,R2,MAE,RMSE,MAPE_percent,n_train,n_test,fit_time_sec,predict_time_sec
cat,0.675943038702302,0.5560430572862199,0.6452237624598665,23.272188846473718,3566,4359,4.10575270652771,0.0063419342041015625
