Model,R2,MAE,RMSE,MAPE_percent,n_train,n_test,fit_time_sec,predict_time_sec
rf,0.9973866589092134,0.0035916456898381,3.681260799892502e-05,1.2485169591605738,6214,1554,37.21649646759033,0.2874722480773926
