Model,R2,MAE,RMSE,MAPE_percent,n_train,n_test,fit_time_sec,predict_time_sec
rf,0.9835961523938294,0.008137303679073052,0.0008280094966674626,2.166295544248776,6208,1552,37.41462159156799,0.2880268096923828
