Model,R2,MAE,RMSE,MAPE_percent,n_train,n_test,fit_time_sec,predict_time_sec
cat,0.9370380800525682,0.016217251446278735,0.004751241240484676,7.863728494722275,1527,8654,4.339037179946899,0.012178182601928711
