Model,R2,MAE,RMSE,MAPE_percent,n_train,n_test,fit_time_sec,predict_time_sec
cat,0.7393818409959804,0.0353596445391265,0.030608988950663336,370525412.2435398,566,10750,3.977675199508667,0.011449098587036133
