Model,R2,MAE,RMSE,MAPE_percent,n_train,n_test,fit_time_sec,predict_time_sec
rf,0.9567437211603667,0.03165527852292527,0.010238418401093985,3.807783171256611,6206,1552,37.12913727760315,0.28585124015808105
