Model,R2,MAE,RMSE,MAPE_percent,n_train,n_test,fit_time_sec,predict_time_sec
gbm,0.889608186721625,0.09676567169841488,0.024634059548870577,8.42110725868279,6214,1554,15.533113718032837,0.011357307434082031
