Model,R2,MAE,RMSE,MAPE_percent,n_train,n_test,fit_time_sec,predict_time_sec
rf,0.9869797374097502,0.017372876455041267,0.0008324016150753329,11.188297561635896,8145,2036,50.04081702232361,0.4591946601867676
