Model,R2,MAE,RMSE,MAPE_percent,n_train,n_test,fit_time_sec,predict_time_sec
cat,0.9948607910474653,0.005562635831442812,6.498953154411619e-05,2.303072172102869,6208,1552,3.3904857635498047,0.0022530555725097656
