Model,R2,MAE,RMSE,MAPE_percent,n_train,n_test,fit_time_sec,predict_time_sec
cat,0.9681610207556259,0.0695518989222682,0.01168571419062844,4.736917133019505,4755,3170,4.600056409835815,0.004276752471923828
