Model,R2,MAE,RMSE,MAPE_percent,n_train,n_test,fit_time_sec,predict_time_sec
rf,0.9884516124055375,0.012921964306925422,0.0003229744042502814,6.793374824310922,8145,2036,51.55355978012085,0.4089319705963135
