Model,R2,MAE,RMSE,MAPE_percent,n_train,n_test,fit_time_sec,predict_time_sec
gbm,0.9660973368612407,0.04865489238598369,0.006316929453876418,4.306853178616293,6208,1552,15.65564250946045,0.011080026626586914
