Model,R2,MAE,RMSE,MAPE_percent,n_train,n_test,fit_time_sec,predict_time_sec
cat,0.9884348777335676,0.015327825809423755,0.0004352875651397219,6.7398559670721365,8145,2036,1.028853178024292,0.0022034645080566406
