Model,R2,MAE,RMSE,MAPE_percent,n_train,n_test,fit_time_sec,predict_time_sec
gbm,0.2638696648251513,0.23735061138541402,0.18797829180753498,57.517338992149625,6206,1552,13.711243152618408,0.011810541152954102
