Model,R2,MAE,RMSE,MAPE_percent,n_train,n_test,fit_time_sec,predict_time_sec
rf,0.9480712718356751,0.2533858993046367,0.14653644351527773,6.628682311427698,6206,1552,36.63066124916077,0.4597487449645996
