Model,R2,MAE,RMSE,MAPE_percent,n_train,n_test,fit_time_sec,predict_time_sec
gbm,0.9551649976991231,0.0010430462071815585,1.60963806348784e-05,7.667736570704525,3054,7127,7.214629411697388,0.04610443115234375
