Model,R2,MAE,RMSE,MAPE_percent,n_train,n_test,fit_time_sec,predict_time_sec
gbm,0.9641272208941571,0.06460148971109617,0.013997006611768836,5.0608055651221076,9053,2263,23.268486976623535,0.017468929290771484
