Model,R2,MAE,RMSE,MAPE_percent,n_train,n_test,fit_time_sec,predict_time_sec
cat,0.8838163205329532,0.10810147489017913,0.044760530515953925,9.415894205480297,6214,1554,3.5862720012664795,0.002405881881713867
