Model,R2,MAE,RMSE,MAPE_percent,n_train,n_test,fit_time_sec,predict_time_sec
cat,0.13527484011507074,0.0029227496194185703,0.002625866118323856,9.276687307424108,8151,2038,3.5460634231567383,0.002744436264038086
