Model,R2,MAE,RMSE,MAPE_percent,n_train,n_test,fit_time_sec,predict_time_sec
rf,0.9974505766263181,0.006074667413542734,7.443175380862637e-05,2.8043211829302273,8151,2038,55.04710555076599,0.4040405750274658
