Model,R2,MAE,RMSE,MAPE_percent,n_train,n_test,fit_time_sec,predict_time_sec
cat,0.9445609663350593,0.2735695442772234,0.18674013080923849,7.627446969997517,6206,1552,7.035965919494629,0.0024967193603515625
