Model,R2,MAE,RMSE,MAPE_percent,n_train,n_test,fit_time_sec,predict_time_sec
gbm,0.7413839332434478,0.5225498005581107,0.5687350279974912,1758.159229450104,9053,2263,20.54124164581299,0.01612687110900879
