Model,R2,MAE,RMSE,MAPE_percent,n_train,n_test,fit_time_sec,predict_time_sec
rf,0.9595794812475623,0.18263899450376284,0.09349377906436487,52243060.86888444,9053,2263,55.54498314857483,0.45291614532470703
