Model,R2,MAE,RMSE,MAPE_percent,n_train,n_test,fit_time_sec,predict_time_sec
cat,0.7820166128007943,0.08253961164488738,0.11011306760991403,5.915115406947204,3157,3858,4.561582326889038,0.005158424377441406
