Model,R2,MAE,RMSE,MAPE_percent,n_train,n_test,fit_time_sec,predict_time_sec
rf,0.9599804264634964,0.1330202002210076,0.05104352085131188,5.5052337824955035,6208,1552,36.42573308944702,0.28377437591552734
