Model,R2,MAE,RMSE,MAPE_percent,n_train,n_test,fit_time_sec,predict_time_sec
rf,0.9591141506499259,0.07202386815555546,0.025538786764242316,5.931824849993704,9053,2263,54.33185124397278,0.44455599784851074
