Model,R2,MAE,RMSE,MAPE_percent,n_train,n_test,fit_time_sec,predict_time_sec
cat,0.9882225438186534,0.01304646437702282,0.0006590575966205108,7.413698481895746,8145,2036,3.598289966583252,0.0026092529296875
