Model,R2,MAE,RMSE,MAPE_percent,n_train,n_test,fit_time_sec,predict_time_sec
cat,0.9410405822740898,0.03637278881726105,0.013204819792947764,5.749111734022522,1552,6206,3.217135190963745,0.006129026412963867
