Model,R2,MAE,RMSE,MAPE_percent,n_train,n_test,fit_time_sec,predict_time_sec
cat,0.9451467653904737,0.27707914496045577,0.19773943227291998,7.520277545945074,6213,1553,3.675387382507324,0.002410888671875
