Model,R2,MAE,RMSE,MAPE_percent,n_train,n_test,fit_time_sec,predict_time_sec
cat,0.9242630575087035,0.015598975462260922,0.004523032639697571,5.345216780726504,1552,6208,2.9551780223846436,0.006003379821777344
