Model,R2,MAE,RMSE,MAPE_percent,n_train,n_test,fit_time_sec,predict_time_sec
gbm,0.9550196643904492,0.25427248658472507,0.13992590735488222,6.737102191331315,6206,1552,15.341785907745361,0.013521671295166016
