Model,R2,MAE,RMSE,MAPE_percent,n_train,n_test,fit_time_sec,predict_time_sec
rf,0.9946198163223577,0.012963131458358883,0.00034396184805251395,7.073256210321458,8145,2036,51.090102672576904,0.39903926849365234
