Model,R2,MAE,RMSE,MAPE_percent,n_train,n_test,fit_time_sec,predict_time_sec
cat,0.9146199517044017,0.001106548752091858,3.321683411620197e-05,7.4878386897801725,3054,7127,4.492171764373779,0.008335113525390625
