Model,R2,MAE,RMSE,MAPE_percent,n_train,n_test,fit_time_sec,predict_time_sec
cat,0.9512280163869323,0.08589038776107452,0.0220213654380439,6.155201484868457,1189,6736,3.988359212875366,0.006802558898925781
