Model,R2,MAE,RMSE,MAPE_percent,n_train,n_test,fit_time_sec,predict_time_sec
gbm,0.9476858955812353,0.00818693441812799,0.003072220873923547,2.023335778674416,6208,1552,15.799654245376587,0.012125253677368164
