Model,R2,MAE,RMSE,MAPE_percent,n_train,n_test,fit_time_sec,predict_time_sec
gbm,0.9151606199952295,0.043936656166356794,0.02333182087079417,4.416071307988628,7056,1764,17.839102745056152,0.013972759246826172
