Model,R2,MAE,RMSE,MAPE_percent,n_train,n_test,fit_time_sec,predict_time_sec
gbm,0.9501390109123574,0.25247794160535364,0.13228127664736347,6.533662950882321,6206,1552,15.36191439628601,0.012672901153564453
