Model,R2,MAE,RMSE,MAPE_percent,n_train,n_test,fit_time_sec,predict_time_sec
cat,0.9456908212053015,0.1367828768057353,0.07202609768071658,5.727911605114778,6208,1552,3.885256052017212,0.0040819644927978516
