Model,R2,MAE,RMSE,MAPE_percent,n_train,n_test,fit_time_sec,predict_time_sec
rf,0.9199161809387499,0.0011830817312503436,3.671845417871534e-05,7.132386888316942,4581,5600,26.936606645584106,0.6125173568725586
