Model,R2,MAE,RMSE,MAPE_percent,n_train,n_test,fit_time_sec,predict_time_sec
cat,0.7617770252529763,0.07421254596742509,0.13649646972237856,5.5613257171469535,1776,5329,5.116137266159058,0.007164955139160156
