Model,R2,MAE,RMSE,MAPE_percent,n_train,n_test,fit_time_sec,predict_time_sec
cat,0.9879041662468595,0.01525394724797161,0.0010034798680516996,7.172469149611187,8145,2036,3.850433588027954,0.002764463424682617
