Model,R2,MAE,RMSE,MAPE_percent,n_train,n_test,fit_time_sec,predict_time_sec
cat,0.9966418927945604,0.0004900568007412465,5.025634424297191e-07,3.2825841969189917,8145,2036,3.6790196895599365,0.0027043819427490234
