Model,R2,MAE,RMSE,MAPE_percent,n_train,n_test,fit_time_sec,predict_time_sec
cat,0.5293470806796868,0.0021868428511921563,0.0002674358148842555,16.805231840462096,8151,2038,3.4553887844085693,0.0025382041931152344
