Model,R2,MAE,RMSE,MAPE_percent,n_train,n_test,fit_time_sec,predict_time_sec
rf,0.3605635027139661,0.14382255995290713,0.07762296213901258,1305453525.61677,9053,2263,65.83102416992188,0.44158005714416504
