Model,R2,MAE,RMSE,MAPE_percent,n_train,n_test,fit_time_sec,predict_time_sec
gbm,0.9933582445448247,0.007095795027595014,0.00036269170593943023,1.6529559715382403,9053,2263,22.753554821014404,0.017262697219848633
