Model,R2,MAE,RMSE,MAPE_percent,n_train,n_test,fit_time_sec,predict_time_sec
cat,0.9579181696213577,0.18700662954219208,0.06884715746219704,7.2964870872785275,7921,3395,5.00104832649231,0.004513263702392578
