Model,R2,MAE,RMSE,MAPE_percent,n_train,n_test,fit_time_sec,predict_time_sec
rf,0.9980250132138564,0.0016471265427803925,1.852435179604651e-05,1.9607202940141153,8145,2036,65.6832070350647,0.809004545211792
