Model,R2,MAE,RMSE,MAPE_percent,n_train,n_test,fit_time_sec,predict_time_sec
cat,0.9580948141856501,0.10262513675936355,0.026069029683299664,5.078940933626903,6206,1552,3.6200830936431885,0.002318143844604492
