Model,R2,MAE,RMSE,MAPE_percent,n_train,n_test,fit_time_sec,predict_time_sec
cat,0.6473002867532731,0.0386347948011788,0.026656037546534152,18.633202070791008,8151,2038,3.2191247940063477,0.0024504661560058594
