Model,R2,MAE,RMSE,MAPE_percent,n_train,n_test,fit_time_sec,predict_time_sec
cat,0.7871014711436898,0.07524646892431457,0.08362652608473378,5.8208897745151145,5612,1403,3.7316818237304688,0.002523183822631836
