Model,R2,MAE,RMSE,MAPE_percent,n_train,n_test,fit_time_sec,predict_time_sec
cat,0.978005219355854,0.024326115776864308,0.0016821019354352961,4.637785795031032,2327,5431,3.4180774688720703,0.00630497932434082
