Model,R2,MAE,RMSE,MAPE_percent,n_train,n_test,fit_time_sec,predict_time_sec
cat,0.9940954151990007,0.009976076737297007,0.0001961865466991501,4.29169096006407,8145,2036,5.155687570571899,0.003139019012451172
