Model,R2,MAE,RMSE,MAPE_percent,n_train,n_test,fit_time_sec,predict_time_sec
cat,0.7687409866005055,0.07450414012894045,0.1135677220316575,5.894513107373373,1066,6039,3.9013397693634033,0.008184432983398438
