Model,R2,MAE,RMSE,MAPE_percent,n_train,n_test,fit_time_sec,predict_time_sec
gbm,0.8027785757824328,0.010331118860719116,0.0068478988848606525,3.5354189786012973,8151,2038,20.711754083633423,0.013441324234008789
