Model,R2,MAE,RMSE,MAPE_percent,n_train,n_test,fit_time_sec,predict_time_sec
cat,0.9973556555608579,0.005815674352887143,7.236898711753377e-05,2.78139694133825,8145,2036,3.549398899078369,0.0026187896728515625
