Model,R2,MAE,RMSE,MAPE_percent,n_train,n_test,fit_time_sec,predict_time_sec
gbm,0.9797146547729357,0.008554496846281073,0.00041416702148230997,3.1625617089751277,1552,6208,3.7264862060546875,0.03750205039978027
