Model,R2,MAE,RMSE,MAPE_percent,n_train,n_test,fit_time_sec,predict_time_sec
cat,0.5093033858134466,0.36446519904660957,0.30924572839475106,5615942559.709507,9059,2265,3.417999744415283,0.0029137134552001953
