Model,R2,MAE,RMSE,MAPE_percent,n_train,n_test,fit_time_sec,predict_time_sec
rf,0.6734773344874441,0.2869044222508825,0.5327787929966763,10.298361391739924,6214,1554,38.63694143295288,0.282306432723999
