Model,R2,MAE,RMSE,MAPE_percent,n_train,n_test,fit_time_sec,predict_time_sec
cat,0.9768417583788824,0.05524664620945336,0.0063702217999103685,4.245293284168163,5684,1421,3.8971431255340576,0.002058744430541992
