Model,R2,MAE,RMSE,MAPE_percent,n_train,n_test,fit_time_sec,predict_time_sec
rf,0.956757944921617,0.07831148425416909,0.023758256553937058,5.768285713895109,9053,2263,54.115927934646606,0.44133925437927246
