Model,R2,MAE,RMSE,MAPE_percent,n_train,n_test,fit_time_sec,predict_time_sec
cat,0.9417855856285459,0.06255983186081118,0.021424819562313353,5.822846954910825,6208,1552,3.887346029281616,0.0024008750915527344
