Model,R2,MAE,RMSE,MAPE_percent,n_train,n_test,fit_time_sec,predict_time_sec
rf,0.9813479269165507,0.010251056193758436,0.0008293717409038593,3.139946282276945,5820,1940,35.613550901412964,0.3222529888153076
