Model,R2,MAE,RMSE,MAPE_percent,n_train,n_test,fit_time_sec,predict_time_sec
cat,0.9478547487101461,0.018397323679107402,0.006329983484157747,148.9448054761075,8487,2829,5.027285814285278,0.0038187503814697266
