Model,R2,MAE,RMSE,MAPE_percent,n_train,n_test,fit_time_sec,predict_time_sec
cat,0.942867043092734,0.2795257026753126,0.1821560780270285,7.806834483090778,6213,1553,3.5827600955963135,0.0025644302368164062
