Model,R2,MAE,RMSE,MAPE_percent,n_train,n_test,fit_time_sec,predict_time_sec
gbm,0.9741926325452331,0.06275875824866961,0.010330097726294373,4.757116543081985,9053,2263,23.116196632385254,0.017875194549560547
