Model,R2,MAE,RMSE,MAPE_percent,n_train,n_test,fit_time_sec,predict_time_sec
cat,0.2672709147237077,0.33278446403990036,0.30692026751021195,34.9676842736355,2487,4618,4.008144378662109,0.0057070255279541016
