Model,R2,MAE,RMSE,MAPE_percent,n_train,n_test,fit_time_sec,predict_time_sec
gbm,0.9343581809205442,0.020185303588683597,0.008199972981029698,119229815.56308849,5092,6224,12.577197074890137,0.041793107986450195
