Model,R2,MAE,RMSE,MAPE_percent,n_train,n_test,fit_time_sec,predict_time_sec
cat,0.9924072462484727,0.006968331775166673,0.0005735780946293655,3.069373018350784,8145,2036,3.6363301277160645,0.0038099288940429688
