Model,R2,MAE,RMSE,MAPE_percent,n_train,n_test,fit_time_sec,predict_time_sec
cat,0.9111412587564544,0.007568311101511803,0.0008491278059018059,12.353970976461964,3054,7127,4.119031190872192,0.0074918270111083984
