Model,R2,MAE,RMSE,MAPE_percent,n_train,n_test,fit_time_sec,predict_time_sec
cat,0.9525771506417008,0.09554699663762874,0.026384470502843215,651174221.9936503,1132,10184,4.163986444473267,0.012350320816040039
