Model,R2,MAE,RMSE,MAPE_percent,n_train,n_test,fit_time_sec,predict_time_sec
cat,0.8627866113296443,0.029710715041399174,0.01571675473565056,832691958.178826,566,10750,3.9247727394104004,0.011850357055664062
