Model,R2,MAE,RMSE,MAPE_percent,n_train,n_test,fit_time_sec,predict_time_sec
cat,0.4842415385247443,0.3626675258055678,0.282985834079524,33.33523760496094,4359,3566,4.270031213760376,0.004729509353637695
