Model,R2,MAE,RMSE,MAPE_percent,n_train,n_test,fit_time_sec,predict_time_sec
gbm,0.9615836753570012,0.00035529307929862503,1.3709673788712362e-05,1.7266244036174507,8145,2036,20.58206582069397,0.014639616012573242
