Model,R2,MAE,RMSE,MAPE_percent,n_train,n_test,fit_time_sec,predict_time_sec
gbm,0.9213479009890541,0.0005998498134080985,2.58676489724083e-05,3.545739759507522,8145,2036,20.394313097000122,0.014190435409545898
