Model,R2,MAE,RMSE,MAPE_percent,n_train,n_test,fit_time_sec,predict_time_sec
cat,0.9653073637935903,0.12929871188221878,0.04789183303596554,5.652066186709985,6208,1552,4.2329795360565186,0.0024657249450683594
