Model,R2,MAE,RMSE,MAPE_percent,n_train,n_test,fit_time_sec,predict_time_sec
cat,0.9948821567409154,0.002661070341473258,1.5095966771556368e-05,4.242773429783684,8145,2036,3.7566797733306885,0.0027408599853515625
