Model,R2,MAE,RMSE,MAPE_percent,n_train,n_test,fit_time_sec,predict_time_sec
rf,0.9337544600208686,0.2654051903688493,0.18386281712131783,6.789528287903726,6206,1552,36.652729749679565,0.2811927795410156
