Model,R2,MAE,RMSE,MAPE_percent,n_train,n_test,fit_time_sec,predict_time_sec
gbm,0.9483909827593666,0.006833976728277775,0.0004533927364731592,11.963496640799487,8145,2036,18.160004138946533,0.015476465225219727
