Model,R2,MAE,RMSE,MAPE_percent,n_train,n_test,fit_time_sec,predict_time_sec
cat,0.996367701188726,0.006925651406553269,0.0002532482999480168,3.371391329440268,8145,2036,3.6617472171783447,0.002748727798461914
