Model,R2,MAE,RMSE,MAPE_percent,n_train,n_test,fit_time_sec,predict_time_sec
cat,0.9956703502533101,0.003613387431087181,4.310578648656852e-05,4.7137023697556835,8145,2036,8.828972339630127,0.005627632141113281
