Model,R2,MAE,RMSE,MAPE_percent,n_train,n_test,fit_time_sec,predict_time_sec
gbm,0.9229022829064497,0.3545687237309964,0.2548019115077718,10.433772288902233,6206,1552,14.733274459838867,0.012329816818237305
