Model,R2,MAE,RMSE,MAPE_percent,n_train,n_test,fit_time_sec,predict_time_sec
gbm,0.9983544715792598,0.004706944066004801,4.4851710125943645e-05,2.1782222960178905,8145,2036,20.361393213272095,0.013839960098266602
