Model,R2,MAE,RMSE,MAPE_percent,n_train,n_test,fit_time_sec,predict_time_sec
gbm,0.9869899752060051,0.012884651905829856,0.0005352914855802565,3.4703572071904625,9053,2263,22.777292728424072,0.016164541244506836
