Model,R2,MAE,RMSE,MAPE_percent,n_train,n_test,fit_time_sec,predict_time_sec
gbm,0.8976376012153013,0.015796477785334925,0.006247193189475216,4.011170850511949,776,6984,1.8972129821777344,0.04858756065368652
