Model,R2,MAE,RMSE,MAPE_percent,n_train,n_test,fit_time_sec,predict_time_sec
cat,0.9766521471968898,0.0009172217829583113,1.5537413845832493e-06,6.614534576103731,8145,2036,5.031426191329956,0.0033609867095947266
