Model,R2,MAE,RMSE,MAPE_percent,n_train,n_test,fit_time_sec,predict_time_sec
cat,0.6447317259000634,0.007519468927052822,0.0049886514830659555,9.202345159484834,8151,2038,3.4879767894744873,0.002574920654296875
