Model,R2,MAE,RMSE,MAPE_percent,n_train,n_test,fit_time_sec,predict_time_sec
gbm,0.9613388010806998,0.18668742255546575,0.08986497293790068,1128332055.009528,9053,2263,46.0061514377594,0.030189990997314453
