Model,R2,MAE,RMSE,MAPE_percent,n_train,n_test,fit_time_sec,predict_time_sec
gbm,0.961835468194009,0.18193279434240747,0.07001581580448744,7.693337911431502,9053,2263,23.234810829162598,0.017597198486328125
