Model,R2,MAE,RMSE,MAPE_percent,n_train,n_test,fit_time_sec,predict_time_sec
gbm,0.6830924662098141,0.29891042761353587,0.6663266303987747,11.361507987585236,6214,1554,15.461326360702515,0.012580156326293945
