Model,R2,MAE,RMSE,MAPE_percent,n_train,n_test,fit_time_sec,predict_time_sec
cat,0.9888795055704325,0.001115063898239644,4.128632201932614e-06,7.1934999828473805,8145,2036,10.290064334869385,0.002835988998413086
