Model,R2,MAE,RMSE,MAPE_percent,n_train,n_test,fit_time_sec,predict_time_sec
gbm,0.9965695749248684,0.006326920584997766,0.00012080687705466936,1.6659215902971376,9053,2263,23.18254804611206,0.016867637634277344
