Model,R2,MAE,RMSE,MAPE_percent,n_train,n_test,fit_time_sec,predict_time_sec
gbm,0.7866622271968478,0.20324914650072615,0.6529746841232074,499.83433154525335,9059,2265,22.968764543533325,0.017991065979003906
