Model,R2,MAE,RMSE,MAPE_percent,n_train,n_test,fit_time_sec,predict_time_sec
cat,0.9034972628500626,0.0015675784694589576,3.504999016116163e-05,13.851937115258195,1527,8654,4.010047197341919,0.009469032287597656
