Model,R2,MAE,RMSE,MAPE_percent,n_train,n_test,fit_time_sec,predict_time_sec
cat,0.9799949167590585,0.0008541331006468764,1.3946337003506846e-06,7.102185659869188,6618,3563,3.6844801902770996,0.0044596195220947266
