Model,R2,MAE,RMSE,MAPE_percent,n_train,n_test,fit_time_sec,predict_time_sec
cat,0.9931593423776325,0.012823627754910777,0.0004075289048902054,7.810152451970843,8145,2036,3.71181321144104,0.0025844573974609375
