Model,R2,MAE,RMSE,MAPE_percent,n_train,n_test,fit_time_sec,predict_time_sec
gbm,0.9834070860839742,0.0008395342591765729,1.2776081437085916e-06,7.046871254944138,6109,4072,14.605865478515625,0.025215625762939453
