Model,R2,MAE,RMSE,MAPE_percent,n_train,n_test,fit_time_sec,predict_time_sec
cat,0.9903842893679616,0.010735427966012474,0.0011672776663489955,399232084.1350516,9053,2263,3.734400510787964,0.0028662681579589844
