Model,R2,MAE,RMSE,MAPE_percent,n_train,n_test,fit_time_sec,predict_time_sec
gbm,0.9303811611222923,0.0009226038933285595,2.3872977242070416e-05,7.607854874665762,4072,6109,9.66948652267456,0.03858041763305664
