Model,R2,MAE,RMSE,MAPE_percent,n_train,n_test,fit_time_sec,predict_time_sec
cat,0.9873108363528476,0.0010783015944952276,2.1985935818077026e-06,6.9237837140465786,8145,2036,3.471623420715332,0.0026106834411621094
