Model,R2,MAE,RMSE,MAPE_percent,n_train,n_test,fit_time_sec,predict_time_sec
cat,-0.44611302598229874,0.00218347128271203,0.00023063129564767498,12.337592038780047,8151,2038,3.5709314346313477,0.0025854110717773438
