Model,R2,MAE,RMSE,MAPE_percent,n_train,n_test,fit_time_sec,predict_time_sec
cat,0.871550101723376,0.07021422507710678,0.05686799988522769,5.165230030718533,5690,1423,3.3442749977111816,0.002214193344116211
