Model,R2,MAE,RMSE,MAPE_percent,n_train,n_test,fit_time_sec,predict_time_sec
cat,0.8981816190709313,0.001475798733025903,4.434196029358429e-05,12.67272564396971,6618,3563,4.514115333557129,0.004524946212768555
