Model,R2,MAE,RMSE,MAPE_percent,n_train,n_test,fit_time_sec,predict_time_sec
rf,0.9974977946598051,0.005958523520671256,6.859745158474264e-05,2.8279635105696235,8145,2036,50.608932971954346,0.3844015598297119
