Model,R2,MAE,RMSE,MAPE_percent,n_train,n_test,fit_time_sec,predict_time_sec
cat,0.44363947428734296,0.38171509468236325,0.3256775279945425,35.85006680016334,3170,4755,4.59257173538208,0.004874706268310547
