Model,R2,MAE,RMSE,MAPE_percent,n_train,n_test,fit_time_sec,predict_time_sec
cat,0.5005832657745817,0.4931137712850332,0.5586374415155415,32.34635732430318,6206,1552,3.3554646968841553,0.0023822784423828125
