Model,R2,MAE,RMSE,MAPE_percent,n_train,n_test,fit_time_sec,predict_time_sec
gbm,0.891628557153501,0.0004120347844208407,4.3143172985760085e-05,2.0583481639188226,8145,2036,20.58548641204834,0.014826059341430664
