Model,R2,MAE,RMSE,MAPE_percent,n_train,n_test,fit_time_sec,predict_time_sec
cat,0.9696491073898155,0.017516580095502304,0.003164975753307436,475729976.0007928,9053,2263,4.003536939620972,0.0031549930572509766
