Model,R2,MAE,RMSE,MAPE_percent,n_train,n_test,fit_time_sec,predict_time_sec
rf,0.9879639583962307,0.001079090892489667,4.509075357863335e-06,7.185801709247051,6618,3563,40.95317530632019,0.4939401149749756
