Model,R2,MAE,RMSE,MAPE_percent,n_train,n_test,fit_time_sec,predict_time_sec
rf,0.986103131765443,0.0010669415555652612,2.158272995685493e-06,7.0433218628583925,4072,6109,23.257164478302002,0.6146531105041504
