Model,R2,MAE,RMSE,MAPE_percent,n_train,n_test,fit_time_sec,predict_time_sec
cat,0.9841336260166522,0.00469018965177371,3.8690245861485024e-05,7.045832092344931,5600,4581,4.6245574951171875,0.0051043033599853516
