Model,R2,MAE,RMSE,MAPE_percent,n_train,n_test,fit_time_sec,predict_time_sec
gbm,0.9937772221932923,0.0052850179352778425,6.030316835708961e-05,7.421121111585183,8145,2036,20.086900234222412,0.014823198318481445
