Model,R2,MAE,RMSE,MAPE_percent,n_train,n_test,fit_time_sec,predict_time_sec
gbm,0.29095014314106016,0.22626748730145285,0.1481449598915084,60.28389681239933,6206,1552,13.777693510055542,0.011689424514770508
