Model,R2,MAE,RMSE,MAPE_percent,n_train,n_test,fit_time_sec,predict_time_sec
cat,0.964650440180113,0.18029866371764375,0.0817645106453204,554709196.3055921,9053,2263,3.6421072483062744,0.0029625892639160156
