Model,R2,MAE,RMSE,MAPE_percent,n_train,n_test,fit_time_sec,predict_time_sec
cat,0.9416807877543855,0.22741995399550557,0.1106655040315349,8.099052683461661,792,7133,3.825733184814453,0.007753610610961914
