Model,R2,MAE,RMSE,MAPE_percent,n_train,n_test,fit_time_sec,predict_time_sec
cat,0.9919363915925826,0.007078575301536925,0.00010116423489073795,2.823636914047985,6208,1552,3.497753858566284,0.002345561981201172
