Model,R2,MAE,RMSE,MAPE_percent,n_train,n_test,fit_time_sec,predict_time_sec
cat,0.9943556218565719,0.0005663537215949201,6.143741612762204e-07,4.662857990105666,8145,2036,3.6071465015411377,0.0027108192443847656
