Model,R2,MAE,RMSE,MAPE_percent,n_train,n_test,fit_time_sec,predict_time_sec
gbm,0.9984178295265155,0.0035229189442498193,3.448417046062049e-05,1.8829328131473495,8145,2036,20.490521669387817,0.013767004013061523
