Model,R2,MAE,RMSE,MAPE_percent,n_train,n_test,fit_time_sec,predict_time_sec
gbm,0.9599300213222585,0.13876256749822422,0.040452233569464716,5.629528552465754,6208,1552,15.556279182434082,0.012436151504516602
