Model,R2,MAE,RMSE,MAPE_percent,n_train,n_test,fit_time_sec,predict_time_sec
rf,0.9496636745089724,0.0012055399118563917,1.8265777026511224e-05,7.619021850293521,1018,9163,5.0421295166015625,0.6182174682617188
