Model,R2,MAE,RMSE,MAPE_percent,n_train,n_test,fit_time_sec,predict_time_sec
gbm,0.964764420832776,0.04262230518030693,0.006485336294953974,4.045854364118187,6208,1552,15.443330764770508,0.011733293533325195
