Model,R2,MAE,RMSE,MAPE_percent,n_train,n_test,fit_time_sec,predict_time_sec
cat,0.5363770049214183,0.3545702097718269,0.2712561715624778,30.74393033596856,5548,2377,4.403097152709961,0.0034918785095214844
