Model,R2,MAE,RMSE,MAPE_percent,n_train,n_test,fit_time_sec,predict_time_sec
gbm,0.31631090773502324,0.32041083701507433,0.30291263812411373,32.8323435270233,5684,1421,12.416908740997314,0.011113166809082031
