Model,R2,MAE,RMSE,MAPE_percent,n_train,n_test,fit_time_sec,predict_time_sec
rf,0.7710526639638382,0.29040295948532235,0.8533128484414294,7.170087858877146,6213,1553,39.61478328704834,0.2721569538116455
