Model,R2,MAE,RMSE,MAPE_percent,n_train,n_test,fit_time_sec,predict_time_sec
cat,0.9817239024578039,0.0012214717439465938,8.64927001581719e-06,7.186679827115667,8145,2036,12.260336875915527,0.0022923946380615234
