Model,R2,MAE,RMSE,MAPE_percent,n_train,n_test,fit_time_sec,predict_time_sec
cat,0.9951539580325174,0.008775492555584581,0.00016289454801143968,3.721175104941125,8145,2036,5.097025394439697,0.003025531768798828
