Model,R2,MAE,RMSE,MAPE_percent,n_train,n_test,fit_time_sec,predict_time_sec
cat,0.9971185502904574,0.0004492798701614156,9.451245804480246e-07,3.277958637418125,8145,2036,9.162279605865479,0.012834548950195312
