Model,R2,MAE,RMSE,MAPE_percent,n_train,n_test,fit_time_sec,predict_time_sec
gbm,0.45646209949507033,0.5818298802714382,1.1428373866847157,27.1988049962446,6214,1554,13.792918682098389,0.011989116668701172
