Model,R2,MAE,RMSE,MAPE_percent,n_train,n_test,fit_time_sec,predict_time_sec
cat,0.9884380634941747,0.0004328107130423738,3.509497555538946e-06,2.879542543852777,8145,2036,3.7321934700012207,0.0027260780334472656
