Model,R2,MAE,RMSE,MAPE_percent,n_train,n_test,fit_time_sec,predict_time_sec
gbm,0.9661020232002904,0.05817290241543027,0.012613939546159436,4.736759226290797,5684,1421,14.896374702453613,0.012775421142578125
