Model,R2,MAE,RMSE,MAPE_percent,n_train,n_test,fit_time_sec,predict_time_sec
cat,0.9729854109902304,0.06052217276210696,0.010670981518346605,4.969061764022993,9059,2265,3.6977438926696777,0.002955198287963867
