Model,R2,MAE,RMSE,MAPE_percent,n_train,n_test,fit_time_sec,predict_time_sec
gbm,0.9792754637094542,0.016036232348762853,0.0004933736547675309,9.885721122109546,8145,2036,19.623273611068726,0.015152215957641602
