Model,R2,MAE,RMSE,MAPE_percent,n_train,n_test,fit_time_sec,predict_time_sec
rf,0.9599981566787629,0.0460460322511879,0.0068475399936347445,4.449816271510134,6208,1552,36.242313385009766,0.28345394134521484
