Model,R2,MAE,RMSE,MAPE_percent,n_train,n_test,fit_time_sec,predict_time_sec
cat,0.9945131091403404,0.00960871740513102,0.00017889840327888406,4.207817492337826,8145,2036,3.5501434803009033,0.0026497840881347656
