Model,R2,MAE,RMSE,MAPE_percent,n_train,n_test,fit_time_sec,predict_time_sec
cat,0.9096858465512694,0.1043534099554357,0.054064201780687764,8.008638540497204,792,7133,3.7128806114196777,0.010639429092407227
