Model,R2,MAE,RMSE,MAPE_percent,n_train,n_test,fit_time_sec,predict_time_sec
gbm,0.9736326424287934,0.058979627417987165,0.010635979406205354,4.435422380038954,5684,1421,14.068394899368286,0.011876344680786133
