Model,R2,MAE,RMSE,MAPE_percent,n_train,n_test,fit_time_sec,predict_time_sec
cat,0.985201315650791,0.013571918901304266,0.0003360539730191314,6.922941923643494,5090,5091,4.7047460079193115,0.0057468414306640625
