Model,R2,MAE,RMSE,MAPE_percent,n_train,n_test,fit_time_sec,predict_time_sec
rf,0.9499727439884206,0.25042137803759534,0.15230572667786724,6.960797068395676,6206,1552,53.39297080039978,0.28957629203796387
