Model,R2,MAE,RMSE,MAPE_percent,n_train,n_test,fit_time_sec,predict_time_sec
cat,0.9884132752424377,0.0044375887583099115,7.503649568747389e-05,7.5232308901639415,8145,2036,11.488173007965088,0.017848491668701172
