Model,R2,MAE,RMSE,MAPE_percent,n_train,n_test,fit_time_sec,predict_time_sec
cat,0.9935592416371842,0.002827729384721606,1.5589489656513757e-05,4.656750078694638,8145,2036,3.5018701553344727,0.002627134323120117
