Model,R2,MAE,RMSE,MAPE_percent,n_train,n_test,fit_time_sec,predict_time_sec
gbm,0.9988456088822728,0.003204183093183075,2.582892507264532e-05,1.6798555441420324,8145,2036,20.691784381866455,0.013857126235961914
