Model,R2,MAE,RMSE,MAPE_percent,n_train,n_test,fit_time_sec,predict_time_sec
cat,0.9551443168625923,0.10200194896678347,0.026034609519250587,5.08319798593959,6206,1552,3.3794333934783936,0.002293825149536133
