Model,R2,MAE,RMSE,MAPE_percent,n_train,n_test,fit_time_sec,predict_time_sec
gbm,0.9229289311870941,0.0014468430588415891,3.332933944864591e-05,8.957520660772953,509,9672,1.2693116664886475,0.06670284271240234
