Model,R2,MAE,RMSE,MAPE_percent,n_train,n_test,fit_time_sec,predict_time_sec
cat,0.8993607837466463,0.28745473654063075,0.1649203926415427,11.672238887240258,6208,1552,3.385378837585449,0.002575397491455078
