Model,R2,MAE,RMSE,MAPE_percent,n_train,n_test,fit_time_sec,predict_time_sec
gbm,0.9834922316960316,0.01787534338668183,0.0012581100686774773,2.8512232749363497,6213,1553,15.426214694976807,0.011830329895019531
