Model,R2,MAE,RMSE,MAPE_percent,n_train,n_test,fit_time_sec,predict_time_sec
rf,0.9987209581130289,0.00024367793019035443,1.3379650808499328e-07,1.9529598364982137,8145,2036,51.29263496398926,0.44851255416870117
