Model,R2,MAE,RMSE,MAPE_percent,n_train,n_test,fit_time_sec,predict_time_sec
rf,0.9837870357013584,0.012272484118276509,0.0009316613208239212,2.6477008753914886,9053,2263,57.98652267456055,0.43088364601135254
