Model,R2,MAE,RMSE,MAPE_percent,n_train,n_test,fit_time_sec,predict_time_sec
cat,0.9860254144236871,0.015296907628427404,0.0004860642570639161,6.666789805630915,8145,2036,5.0653228759765625,0.0031621456146240234
