Model,R2,MAE,RMSE,MAPE_percent,n_train,n_test,fit_time_sec,predict_time_sec
cat,0.957002694589341,0.1881142200323609,0.07071244711261047,7.247456564486318,6790,4526,4.862631559371948,0.006064176559448242
