Model,R2,MAE,RMSE,MAPE_percent,n_train,n_test,fit_time_sec,predict_time_sec
rf,0.9715586395833066,0.0186175801811788,0.002147755725752498,10.750562179985335,8145,2036,52.13643407821655,0.4065513610839844
