Model,R2,MAE,RMSE,MAPE_percent,n_train,n_test,fit_time_sec,predict_time_sec
cat,0.8793844889301105,0.0021029985821672285,5.13071066097709e-05,13.043271767575149,8151,2038,3.7815260887145996,0.0026938915252685547
