Model,R2,MAE,RMSE,MAPE_percent,n_train,n_test,fit_time_sec,predict_time_sec
rf,0.9474975968732224,0.012432131303731084,0.008516581674174371,1.7041894430213558,6340,1585,37.89875149726868,0.29972004890441895
