Model,R2,MAE,RMSE,MAPE_percent,n_train,n_test,fit_time_sec,predict_time_sec
cat,0.9865119041953228,0.0009383392151437536,1.5661791897659127e-06,7.1738136705052415,4581,5600,3.378343105316162,0.006650447845458984
