Model,R2,MAE,RMSE,MAPE_percent,n_train,n_test,fit_time_sec,predict_time_sec
gbm,0.8962979182926393,0.0005008118126101366,5.754952490718735e-05,2.0175437493679715,8145,2036,20.386996746063232,0.014501810073852539
