Model,R2,MAE,RMSE,MAPE_percent,n_train,n_test,fit_time_sec,predict_time_sec
cat,0.3737695738525135,0.39828689799895195,0.3730593477378229,37.15557765153208,1189,6736,4.208721876144409,0.0060884952545166016
