Model,R2,MAE,RMSE,MAPE_percent,n_train,n_test,fit_time_sec,predict_time_sec
cat,0.9635964957452359,0.133471906372019,0.04691550498023313,5.897679183098105,6208,1552,3.796503782272339,0.003585338592529297
