Model,R2,MAE,RMSE,MAPE_percent,n_train,n_test,fit_time_sec,predict_time_sec
cat,0.7915110953589557,0.09062891234639248,0.10169920503385388,6.548181189908905,2104,4911,4.341480731964111,0.006623744964599609
