Model,R2,MAE,RMSE,MAPE_percent,n_train,n_test,fit_time_sec,predict_time_sec
cat,0.929820982918838,0.09403614917473514,0.042664509353346154,6.431052878803831,1585,6340,4.934463739395142,0.006558656692504883
