Model,R2,MAE,RMSE,MAPE_percent,n_train,n_test,fit_time_sec,predict_time_sec
rf,0.9763787457389113,0.019089123843695235,0.0016552796607906281,3.018849844670278,6206,1552,37.22411012649536,0.2806205749511719
