Model,R2,MAE,RMSE,MAPE_percent,n_train,n_test,fit_time_sec,predict_time_sec
gbm,0.957318587098161,0.19206897135427406,0.08015080495328351,465648297.86304516,9053,2263,22.89714241027832,0.01750779151916504
