Model,R2,MAE,RMSE,MAPE_percent,n_train,n_test,fit_time_sec,predict_time_sec
gbm,0.9950194903774258,0.000573610329406201,1.3050731129469787e-05,3.1272523590632026,8151,2038,21.00800585746765,0.01274871826171875
