Model,R2,MAE,RMSE,MAPE_percent,n_train,n_test,fit_time_sec,predict_time_sec
gbm,0.8583362412264518,0.01896154419594923,0.008633507701145238,4.24720707533079,388,7372,0.9992456436157227,0.055977582931518555
