Model,R2,MAE,RMSE,MAPE_percent,n_train,n_test,fit_time_sec,predict_time_sec
rf,0.9882573386652358,0.006692759271456996,8.493834309758911e-05,2.548112533362161,6208,1552,37.79577112197876,0.26082372665405273
