Model,R2,MAE,RMSE,MAPE_percent,n_train,n_test,fit_time_sec,predict_time_sec
cat,0.5639501198540133,0.3586376652036214,0.28154585493658774,8654559114.35581,9053,2263,4.6456522941589355,0.0033311843872070312
