Model,R2,MAE,RMSE,MAPE_percent,n_train,n_test,fit_time_sec,predict_time_sec
cat,0.8436951867133295,0.1129342372316825,0.06994479990612411,10.347449694809137,351,6664,3.6385178565979004,0.008430242538452148
