Model,R2,MAE,RMSE,MAPE_percent,n_train,n_test,fit_time_sec,predict_time_sec
rf,0.9379375652486217,0.0011437196202731836,2.9552343473404176e-05,7.12003536719296,5090,5091,30.10330843925476,0.6052072048187256
