Model,R2,MAE,RMSE,MAPE_percent,n_train,n_test,fit_time_sec,predict_time_sec
cat,0.987471258169915,0.010101522080731836,0.0006081631253588581,3.8461941919515983,6208,1552,3.4353721141815186,0.0023272037506103516
