Model,R2,MAE,RMSE,MAPE_percent,n_train,n_test,fit_time_sec,predict_time_sec
cat,0.9971841210027116,0.002061156185306211,8.77601302358222e-06,3.0222291843606763,8145,2036,3.469207525253296,0.0025997161865234375
