Model,R2,MAE,RMSE,MAPE_percent,n_train,n_test,fit_time_sec,predict_time_sec
cat,0.9886336409508287,0.0010253454803156243,1.959651952557154e-06,6.806562087058761,8145,2036,3.665787935256958,0.0026543140411376953
