Model,R2,MAE,RMSE,MAPE_percent,n_train,n_test,fit_time_sec,predict_time_sec
gbm,0.9565086705772604,0.07446734654082462,0.026233152788011197,737281295.7146902,9053,2263,26.92703628540039,0.018535137176513672
