Model,R2,MAE,RMSE,MAPE_percent,n_train,n_test,fit_time_sec,predict_time_sec
cat,0.9950682111810706,0.0030022945904110776,1.6561092389767904e-05,4.353492994883278,8145,2036,3.7113404273986816,0.002624034881591797
