Model,R2,MAE,RMSE,MAPE_percent,n_train,n_test,fit_time_sec,predict_time_sec
cat,0.921731154695296,0.020042818593484342,0.004074961805124625,9.021350402213969,388,7372,2.612088203430176,0.00886082649230957
