Model,R2,MAE,RMSE,MAPE_percent,n_train,n_test,fit_time_sec,predict_time_sec
cat,0.9097729864745459,0.02035999758294622,0.009084466503570995,4.7934648889691385,2774,5151,4.401303768157959,0.006992816925048828
