Model,R2,MAE,RMSE,MAPE_percent,n_train,n_test,fit_time_sec,predict_time_sec
gbm,0.9519066171034317,0.1911274962232933,0.11235081031839245,331853196.8862211,9059,2265,22.82792901992798,0.0180661678314209
