Model,R2,MAE,RMSE,MAPE_percent,n_train,n_test,fit_time_sec,predict_time_sec
rf,0.9881761199467657,0.0030930448173322996,0.000114687694736966,3.994712443638762,8145,2036,50.649226665496826,0.4086790084838867
