Model,R2,MAE,RMSE,MAPE_percent,n_train,n_test,fit_time_sec,predict_time_sec
gbm,0.9549795679706913,0.06246839638173731,0.010677643810058058,4.77971676475129,5612,1403,13.89662218093872,0.011023998260498047
