Model,R2,MAE,RMSE,MAPE_percent,n_train,n_test,fit_time_sec,predict_time_sec
cat,0.7283378902201281,0.5246470462088734,0.5539922679543332,21.749387531910124,5944,1981,4.274231672286987,0.0032165050506591797
