Model,R2,MAE,RMSE,MAPE_percent,n_train,n_test,fit_time_sec,predict_time_sec
cat,0.9490462651100304,0.05216431468131199,0.018752650659298917,4.831956983859963,6208,1552,3.6474969387054443,0.002260923385620117
