Model,R2,MAE,RMSE,MAPE_percent,n_train,n_test,fit_time_sec,predict_time_sec
cat,0.8168987562062131,0.05418056358483953,0.07032185857213112,5.409278627939994,4851,3969,4.329390048980713,0.0057048797607421875
