Model,R2,MAE,RMSE,MAPE_percent,n_train,n_test,fit_time_sec,predict_time_sec
cat,0.9984060212682472,0.0015539684870442556,5.0211925386683904e-06,2.446816602028488,8145,2036,3.9192304611206055,0.002702474594116211
