Model,R2,MAE,RMSE,MAPE_percent,n_train,n_test,fit_time_sec,predict_time_sec
cat,0.9639994821158169,0.06461583723715388,0.011261174032848166,5.306599368778282,2132,4973,5.726943731307983,0.005834341049194336
