Model,R2,MAE,RMSE,MAPE_percent,n_train,n_test,fit_time_sec,predict_time_sec
gbm,0.879892087725247,0.09655568756509357,0.02728464413639173,8.352543835900168,6214,1554,15.60313868522644,0.011302947998046875
