Model,R2,MAE,RMSE,MAPE_percent,n_train,n_test,fit_time_sec,predict_time_sec
cat,0.9857914748671538,0.013030342213671369,0.0003771599225080114,3.750283346629711,3170,4755,4.578437566757202,0.004984855651855469
