Model,R2,MAE,RMSE,MAPE_percent,n_train,n_test,fit_time_sec,predict_time_sec
cat,0.532537023429474,0.3526011307471099,0.3083157234134227,8001553067.288152,8487,2829,4.57097601890564,0.0044345855712890625
