Model,R2,MAE,RMSE,MAPE_percent,n_train,n_test,fit_time_sec,predict_time_sec
cat,0.86957662503876,0.022274295607240546,0.014949790191384595,4.796576657437947,2378,5547,4.377546310424805,0.006614208221435547
