Model,R2,MAE,RMSE,MAPE_percent,n_train,n_test,fit_time_sec,predict_time_sec
cat,0.9493737899477315,0.07954220912446935,0.028160306268835283,5.504048740250445,4755,3170,4.772126913070679,0.004583597183227539
