Model,R2,MAE,RMSE,MAPE_percent,n_train,n_test,fit_time_sec,predict_time_sec
cat,0.9600207810107733,0.07998454527351441,0.015868113805424577,512215417.27783394,3961,7355,4.569575071334839,0.0070400238037109375
