Model,R2,MAE,RMSE,MAPE_percent,n_train,n_test,fit_time_sec,predict_time_sec
rf,0.963940123396788,0.17291889231694468,0.06748119311445841,7.108674736043675,9053,2263,55.535648822784424,0.4319896697998047
