Model,R2,MAE,RMSE,MAPE_percent,n_train,n_test,fit_time_sec,predict_time_sec
gbm,-0.07719897424352862,0.0019237231213435927,0.0006342982632350118,8.278850796627678,8151,2038,20.11954927444458,0.013926506042480469
