Model,R2,MAE,RMSE,MAPE_percent,n_train,n_test,fit_time_sec,predict_time_sec
cat,0.34490541883333903,0.4135055339199042,0.39083454585918154,41.93723181110649,1189,6736,3.5744426250457764,0.007315158843994141
