Model,R2,MAE,RMSE,MAPE_percent,n_train,n_test,fit_time_sec,predict_time_sec
rf,0.5123825310296016,0.017099571755934722,0.05903832038070259,4.106416444500048,8151,2038,55.95090937614441,0.38553571701049805
