GAS,TEMP,LOW,HIGH,INPUT,SAMPLING,MODEL,R2_MEAN,R2_STD,MAE_MEAN,MAE_STD
Ar,273,0.5,15,struct+input,random_struct,rf,0.9523208243796196,0.0030524467227956496,0.2477039454636682,0.005490150973551502
Ar,273,0.5,15,struct+input,qt_then_rd,rf,0.9514367391755505,0.0024447067368424313,0.24745279637908904,0.0047270938240518545
