Model,R2,MAE,RMSE,MAPE_percent,n_train,n_test,fit_time_sec,predict_time_sec
rf,0.9766093641865701,0.001986234881234426,0.00023145006227368517,1.9135939570127385,8145,2036,51.384167432785034,0.44675350189208984
