Model,R2,MAE,RMSE,MAPE_percent,n_train,n_test,fit_time_sec,predict_time_sec
cat,0.9420060743937069,0.08763348726978107,0.03488739187712185,6.022126784688463,2774,5151,4.516910076141357,0.006548643112182617
