Model,R2,MAE,RMSE,MAPE_percent,n_train,n_test,fit_time_sec,predict_time_sec
gbm,0.9900897047305119,0.0012815698312348732,3.368302849103768e-06,11.947251535099246,8145,2036,21.708823919296265,0.01733565330505371
