Model,R2,MAE,RMSE,MAPE_percent,n_train,n_test,fit_time_sec,predict_time_sec
gbm,0.9380766740464738,0.1328276623305505,0.06285723246447349,6.240312982244025,6206,1552,15.373243808746338,0.012979745864868164
