Model,R2,MAE,RMSE,MAPE_percent,n_train,n_test,fit_time_sec,predict_time_sec
rf,0.9684485609504947,0.008738095750571087,0.0018471014058696793,2.046845716210466,6208,1552,50.70634436607361,0.2918417453765869
