Model,R2,MAE,RMSE,MAPE_percent,n_train,n_test,fit_time_sec,predict_time_sec
rf,0.920202782160624,0.013795888416642409,0.005253080817695139,3.307798422919086,3880,3880,22.499730587005615,0.4337162971496582
