Model,R2,MAE,RMSE,MAPE_percent,n_train,n_test,fit_time_sec,predict_time_sec
gbm,0.7228818525352627,0.008226571046840488,0.003432930551015594,8.842185901543314,8151,2038,19.78903031349182,0.014335393905639648
