Model,R2,MAE,RMSE,MAPE_percent,n_train,n_test,fit_time_sec,predict_time_sec
gbm,0.9569885030621752,0.07817009253140002,0.02903152558173208,385654914.67188865,9053,2263,22.979663372039795,0.018152475357055664
