Model,R2,MAE,RMSE,MAPE_percent,n_train,n_test,fit_time_sec,predict_time_sec
gbm,0.05916191456090214,0.018909011042824088,0.09575616531100925,5.438367836411415,8151,2038,20.747622966766357,0.014018774032592773
