Model,R2,MAE,RMSE,MAPE_percent,n_train,n_test,fit_time_sec,predict_time_sec
gbm,0.9605820859562132,0.07962680827461055,0.026308710493973757,236805758.4665181,9053,2263,22.70849895477295,0.01827263832092285
