Model,R2,MAE,RMSE,MAPE_percent,n_train,n_test,fit_time_sec,predict_time_sec
cat,0.9933826042344853,0.00534037068355601,6.206774039912423e-05,7.397110960362391,8145,2036,34.43703603744507,0.018438100814819336
