Model,R2,MAE,RMSE,MAPE_percent,n_train,n_test,fit_time_sec,predict_time_sec
rf,0.9773430630030213,0.0009013564352336032,1.4895161350714316e-06,6.494513109516767,8145,2036,50.782864570617676,0.35489368438720703
