Model,R2,MAE,RMSE,MAPE_percent,n_train,n_test,fit_time_sec,predict_time_sec
gbm,0.99034375036976,0.00610117503100607,7.208995430303111e-05,12.354699095466609,8145,2036,19.535772800445557,0.015306472778320312
