Model,R2,MAE,RMSE,MAPE_percent,n_train,n_test,fit_time_sec,predict_time_sec
gbm,0.3906677338839555,0.004971511774158588,0.0046678279126524,4.68881717692014,8151,2038,20.280410051345825,0.012544631958007812
