Model,R2,MAE,RMSE,MAPE_percent,n_train,n_test,fit_time_sec,predict_time_sec
cat,0.923321090001781,0.1358817096719382,0.07783535520197658,6.661446889412871,6206,1552,3.665447473526001,0.0024776458740234375
