Model,R2,MAE,RMSE,MAPE_percent,n_train,n_test,fit_time_sec,predict_time_sec
cat,0.9882326152400717,0.012773164253269178,0.0007615269416994147,7.376886435207089,8145,2036,3.5746779441833496,0.002733469009399414
