Model,R2,MAE,RMSE,MAPE_percent,n_train,n_test,fit_time_sec,predict_time_sec
cat,0.8552549118648329,0.022385837742021637,0.021726396519463453,3.86822599572972,5548,2377,5.3949902057647705,0.0036280155181884766
