Model,R2,MAE,RMSE,MAPE_percent,n_train,n_test,fit_time_sec,predict_time_sec
cat,0.9552091605105109,0.19436391140572112,0.09401637789544454,6.577581236977535,3962,3963,4.57778525352478,0.005408048629760742
