Model,R2,MAE,RMSE,MAPE_percent,n_train,n_test,fit_time_sec,predict_time_sec
cat,0.9516756786702475,0.20327082177562625,0.11079118755808035,2458639809.025706,2263,9053,4.563678026199341,0.008857011795043945
