Model,R2,MAE,RMSE,MAPE_percent,n_train,n_test,fit_time_sec,predict_time_sec
cat,0.9677530690413265,0.015907301443397477,0.003988102985497853,3.139526769265507,6340,1585,4.71315336227417,0.0028035640716552734
