Model,R2,MAE,RMSE,MAPE_percent,n_train,n_test,fit_time_sec,predict_time_sec
cat,0.7627114453801267,0.5048581950324484,0.5571558954938891,3663579095.372828,9053,2263,3.6129558086395264,0.003006458282470703
