Model,R2,MAE,RMSE,MAPE_percent,n_train,n_test,fit_time_sec,predict_time_sec
rf,0.9218319430112413,0.012828128928016042,0.0047159405762827135,3.3502141583407483,3492,4268,19.800157070159912,0.4553861618041992
