Model,R2,MAE,RMSE,MAPE_percent,n_train,n_test,fit_time_sec,predict_time_sec
cat,0.9901136906987513,0.004760729374433771,4.904313853266953e-05,7.313368246735647,4072,6109,4.54563307762146,0.006718158721923828
