Model,R2,MAE,RMSE,MAPE_percent,n_train,n_test,fit_time_sec,predict_time_sec
cat,0.936922118367581,0.005650073490684704,0.000559053832168364,8.249533671981991,1527,8654,4.178889989852905,0.010651111602783203
