Model,R2,MAE,RMSE,MAPE_percent,n_train,n_test,fit_time_sec,predict_time_sec
gbm,0.9428882828716093,0.12535338805631477,0.06388400978723086,5.997145626475466,6206,1552,15.372986793518066,0.012867450714111328
