Model,R2,MAE,RMSE,MAPE_percent,n_train,n_test,fit_time_sec,predict_time_sec
cat,0.5557202523875272,0.35651599070808854,0.28103952901046875,7158330222.970763,9053,2263,3.6262142658233643,0.0029544830322265625
