Model,R2,MAE,RMSE,MAPE_percent,n_train,n_test,fit_time_sec,predict_time_sec
gbm,0.9311734993142415,0.0012054702200362721,3.0932887536525605e-05,7.476040891543054,3563,6618,8.47603702545166,0.04114651679992676
