Model,R2,MAE,RMSE,MAPE_percent,n_train,n_test,fit_time_sec,predict_time_sec
cat,0.9604585236726455,0.019943013827880243,0.004800049000809418,394440649.60112494,9053,2263,3.7412729263305664,0.0028896331787109375
