Model,R2,MAE,RMSE,MAPE_percent,n_train,n_test,fit_time_sec,predict_time_sec
cat,0.9008603096264727,0.022582864822132415,0.007774395606018089,13.356135574522622,2036,8145,4.035109043121338,0.008709907531738281
