Model,R2,MAE,RMSE,MAPE_percent,n_train,n_test,fit_time_sec,predict_time_sec
gbm,0.9879345127343848,0.0011122857654189276,2.322583035446356e-06,7.37957487586062,3054,7127,7.234355688095093,0.04072427749633789
