Model,R2,MAE,RMSE,MAPE_percent,n_train,n_test,fit_time_sec,predict_time_sec
cat,0.9543714172566711,0.08503159208374021,0.029144746881023996,336475489.16255075,6224,5092,4.808053493499756,0.00738978385925293
