Model,R2,MAE,RMSE,MAPE_percent,n_train,n_test,fit_time_sec,predict_time_sec
rf,0.9338386663254051,0.11536314534713978,0.042719633043983664,5.62914759324753,6206,1552,35.690614223480225,0.2788095474243164
