Model,R2,MAE,RMSE,MAPE_percent,n_train,n_test,fit_time_sec,predict_time_sec
cat,0.9893176617881018,0.014153397285592272,0.0003569587914654057,7.373317179786566,3054,7127,5.074570417404175,0.007778644561767578
