Model,R2,MAE,RMSE,MAPE_percent,n_train,n_test,fit_time_sec,predict_time_sec
cat,0.9053995523146082,0.001395432736129178,4.118602052581753e-05,8.779319578807318,1018,9163,3.228337287902832,0.007710456848144531
