Model,R2,MAE,RMSE,MAPE_percent,n_train,n_test,fit_time_sec,predict_time_sec
cat,0.9613459955001424,0.1962004658073219,0.08924286557715232,965904515.9980148,3395,7921,4.496699333190918,0.00836944580078125
