Model,R2,MAE,RMSE,MAPE_percent,n_train,n_test,fit_time_sec,predict_time_sec
cat,0.9267429685717786,0.10932415482581398,0.040705746858682425,8.550527081113787,396,7529,3.4873249530792236,0.007182121276855469
