Model,R2,MAE,RMSE,MAPE_percent,n_train,n_test,fit_time_sec,predict_time_sec
rf,0.9974165785947974,0.008324418827424646,0.00016857420727773155,3.8665022707009826,8145,2036,60.43598914146423,0.4327840805053711
