Model,R2,MAE,RMSE,MAPE_percent,n_train,n_test,fit_time_sec,predict_time_sec
cat,0.9872252518825655,0.0009675930937803563,1.7951899183839505e-06,7.275524021212091,3563,6618,4.7910637855529785,0.006941318511962891
