Model,R2,MAE,RMSE,MAPE_percent,n_train,n_test,fit_time_sec,predict_time_sec
cat,0.9044905567881755,0.0014982266065058528,3.6461185104851364e-05,15.091201282524718,4581,5600,4.246136665344238,0.006520509719848633
