Model,R2,MAE,RMSE,MAPE_percent,n_train,n_test,fit_time_sec,predict_time_sec
cat,0.9906889904113266,0.013985707653304322,0.0003962730310968283,7.31319346382127,4072,6109,4.5824034214019775,0.0067288875579833984
