Model,R2,MAE,RMSE,MAPE_percent,n_train,n_test,fit_time_sec,predict_time_sec
cat,0.1681815197090385,0.02886138489266031,0.4202107670916691,5.009608161623536,8151,2038,3.746396541595459,0.0026700496673583984
