Model,R2,MAE,RMSE,MAPE_percent,n_train,n_test,fit_time_sec,predict_time_sec
gbm,0.9819548767378448,0.0008446990263774949,1.2635949469862857e-06,7.011477183520549,6618,3563,15.859817504882812,0.022140026092529297
