Model,R2,MAE,RMSE,MAPE_percent,n_train,n_test,fit_time_sec,predict_time_sec
gbm,0.8761651968462386,0.10971875465047698,0.0477081764919764,9.352851700962127,6214,1554,16.05532717704773,0.012040853500366211
