Model,R2,MAE,RMSE,MAPE_percent,n_train,n_test,fit_time_sec,predict_time_sec
cat,0.9957327224337713,0.007648808026232629,0.0002263335082688551,291688224.94626653,9053,2263,7.450242519378662,0.017798423767089844
