Model,R2,MAE,RMSE,MAPE_percent,n_train,n_test,fit_time_sec,predict_time_sec
gbm,0.25027880175029715,0.11473377633266396,0.05863501480038545,64.00418245746187,6214,1554,13.812569618225098,0.01168203353881836
