Model,R2,MAE,RMSE,MAPE_percent,n_train,n_test,fit_time_sec,predict_time_sec
rf,0.9802728440220329,0.000996586248708192,1.8086581247876209e-06,6.514776823974762,7127,3054,44.05707001686096,0.4422321319580078
