Model,R2,MAE,RMSE,MAPE_percent,n_train,n_test,fit_time_sec,predict_time_sec
cat,0.9869467949776315,0.0009670567592424314,1.6703986065361263e-06,7.358419243325913,4072,6109,4.434861183166504,0.006217002868652344
