Model,R2,MAE,RMSE,MAPE_percent,n_train,n_test,fit_time_sec,predict_time_sec
cat,0.9956117385348962,0.0005203238787278211,5.775937881021894e-07,3.6705840576223356,8145,2036,3.694453001022339,0.0027375221252441406
