Model,R2,MAE,RMSE,MAPE_percent,n_train,n_test,fit_time_sec,predict_time_sec
rf,0.9599631090543406,0.007140948015165489,0.0031312489211199734,1.416826217397559,6214,1554,37.23994541168213,0.31809020042419434
