Model,R2,MAE,RMSE,MAPE_percent,n_train,n_test,fit_time_sec,predict_time_sec
gbm,0.9297049070258246,0.009976660577006677,0.0049131843228219065,4.4760629415508095,8145,2036,20.32525396347046,0.014127254486083984
