Model,R2,MAE,RMSE,MAPE_percent,n_train,n_test,fit_time_sec,predict_time_sec
cat,0.9472834931233436,0.26840124962578293,0.1619019044946626,7.6728107100296485,6206,1552,3.6232752799987793,0.002396821975708008
