Model,R2,MAE,RMSE,MAPE_percent,n_train,n_test,fit_time_sec,predict_time_sec
cat,0.9094108617861414,0.02039715910162954,0.008230981235571847,5.147008864550228,2378,5547,4.4573962688446045,0.005979299545288086
