Model,R2,MAE,RMSE,MAPE_percent,n_train,n_test,fit_time_sec,predict_time_sec
cat,0.9701940215125118,0.01548895771618053,0.0014847096251637446,4.379473287193355,2378,5547,4.312937021255493,0.005769491195678711
