Model,R2,MAE,RMSE,MAPE_percent,n_train,n_test,fit_time_sec,predict_time_sec
gbm,0.9884241877118689,0.00460231026920394,3.699729853496389e-05,6.883180062818598,8145,2036,19.813988208770752,0.01482701301574707
