Model,R2,MAE,RMSE,MAPE_percent,n_train,n_test,fit_time_sec,predict_time_sec
cat,0.4149222443592768,0.3877903052705455,0.35269384341638504,36.5208399112962,1981,5944,3.9718453884124756,0.006541252136230469
