Model,R2,MAE,RMSE,MAPE_percent,n_train,n_test,fit_time_sec,predict_time_sec
rf,0.8808121369329547,0.0034622349484844167,0.001340263048133193,3.832629190587232,8145,2036,83.94332957267761,0.8178374767303467
