Model,R2,MAE,RMSE,MAPE_percent,n_train,n_test,fit_time_sec,predict_time_sec
cat,0.16962008206182233,0.15706273317271652,0.093956846820557,55.850175085247386,792,7133,3.3640146255493164,0.006975889205932617
