Model,R2,MAE,RMSE,MAPE_percent,n_train,n_test,fit_time_sec,predict_time_sec
rf,0.9985757055940129,0.0014777278606860037,4.491900311932827e-06,2.0563710059787748,8151,2038,54.90455222129822,0.3752923011779785
