Model,R2,MAE,RMSE,MAPE_percent,n_train,n_test,fit_time_sec,predict_time_sec
rf,0.9770585509158354,0.0009544479657801492,7.764386199670851e-06,6.986748278398351,8145,2036,95.58533358573914,0.8427016735076904
