Model,R2,MAE,RMSE,MAPE_percent,n_train,n_test,fit_time_sec,predict_time_sec
cat,0.9977544707479545,0.0020940712128227133,1.692134919570268e-05,2.909294485571092,8145,2036,3.600520133972168,0.0026242733001708984
