Model,R2,MAE,RMSE,MAPE_percent,n_train,n_test,fit_time_sec,predict_time_sec
gbm,0.9674325308532533,0.171979394878288,0.061430758760997684,6.885854142051394,9053,2263,23.194141149520874,0.01840043067932129
