Model,R2,MAE,RMSE,MAPE_percent,n_train,n_test,fit_time_sec,predict_time_sec
cat,0.9885789215099878,0.00514805963498317,5.5282034647750574e-05,7.942527599288297,2036,8145,4.350517272949219,0.008422374725341797
