Model,R2,MAE,RMSE,MAPE_percent,n_train,n_test,fit_time_sec,predict_time_sec
gbm,0.9888374699696971,0.0074446716159364875,0.0001721919322978944,2.7696475691663154,6214,1554,15.427956819534302,0.011316061019897461
