Model,R2,MAE,RMSE,MAPE_percent,n_train,n_test,fit_time_sec,predict_time_sec
cat,0.48747520875986006,0.3750325034935291,0.33014050033626785,32.459224388641445,6340,1585,4.470135688781738,0.0028531551361083984
