Model,R2,MAE,RMSE,MAPE_percent,n_train,n_test,fit_time_sec,predict_time_sec
cat,0.9891907527904186,0.004048993788282417,2.8597997027524307e-05,7.114467263642461,8145,2036,4.7210533618927,0.0032303333282470703
