Model,R2,MAE,RMSE,MAPE_percent,n_train,n_test,fit_time_sec,predict_time_sec
cat,0.9459821634656953,0.27486444409955246,0.16542884646813275,7.565616763002919,6206,1552,3.557154893875122,0.0044710636138916016
