Model,R2,MAE,RMSE,MAPE_percent,n_train,n_test,fit_time_sec,predict_time_sec
cat,0.7066281635582682,0.08795489747252061,0.15870238924568814,7.005499469689326,710,6395,3.656435012817383,0.006729602813720703
