Model,R2,MAE,RMSE,MAPE_percent,n_train,n_test,fit_time_sec,predict_time_sec
cat,0.8984226176862434,0.0072132478040691575,0.0010844166053785294,12.325006377490984,6618,3563,4.551713943481445,0.004642963409423828
