Model,R2,MAE,RMSE,MAPE_percent,n_train,n_test,fit_time_sec,predict_time_sec
cat,0.4369511598908873,0.0577228331926852,0.4002987413365501,5.167063988232738,4410,4410,4.623324394226074,0.005057334899902344
