Model,R2,MAE,RMSE,MAPE_percent,n_train,n_test,fit_time_sec,predict_time_sec
gbm,0.8854227248524321,0.2758340787841264,0.1399014293538117,10.421076725043434,6208,1552,15.652762651443481,0.011940717697143555
