Model,R2,MAE,RMSE,MAPE_percent,n_train,n_test,fit_time_sec,predict_time_sec
gbm,0.5138706009568086,0.32488960644284925,1.0656183312120897,11.071677563456602,6214,1554,15.463356256484985,0.012180089950561523
