Model,R2,MAE,RMSE,MAPE_percent,n_train,n_test,fit_time_sec,predict_time_sec
cat,0.9575594194514817,0.08339887164281666,0.026900856668089224,677740676.9099177,5658,5658,4.790812015533447,0.006837606430053711
