Model,R2,MAE,RMSE,MAPE_percent,n_train,n_test,fit_time_sec,predict_time_sec
cat,0.8702002380719438,0.025327350325876442,0.015264902761334031,599531617.6066142,1132,10184,4.304247140884399,0.010061264038085938
