Model,R2,MAE,RMSE,MAPE_percent,n_train,n_test,fit_time_sec,predict_time_sec
cat,0.21291820162014918,0.16024295806183475,0.09256355280638888,3468436476.550702,1132,10184,4.078570604324341,0.0103759765625
