Model,R2,MAE,RMSE,MAPE_percent,n_train,n_test,fit_time_sec,predict_time_sec
rf,0.15472252764689842,0.027231603539080506,0.10669294525101186,7.742495828496098,8151,2038,56.07466673851013,0.384274959564209
