Model,R2,MAE,RMSE,MAPE_percent,n_train,n_test,fit_time_sec,predict_time_sec
cat,0.8816671628149042,0.0060471481712162396,0.001083434820694056,7.7547903862866825,1527,8654,4.399789571762085,0.008364677429199219
