Model,R2,MAE,RMSE,MAPE_percent,n_train,n_test,fit_time_sec,predict_time_sec
rf,0.9963847850949575,0.006015782147433475,8.571656780477851e-05,3.1172142967813294,8145,2036,52.25542497634888,0.4028503894805908
