Model,R2,MAE,RMSE,MAPE_percent,n_train,n_test,fit_time_sec,predict_time_sec
rf,0.9877129058910058,0.0014880342239946874,8.469289957356532e-05,1.844165208844109,8145,2036,56.57817792892456,0.43045544624328613
