Model,R2,MAE,RMSE,MAPE_percent,n_train,n_test,fit_time_sec,predict_time_sec
rf,0.42320479630659336,0.011773361131649542,0.011117376615211637,12.791199895039442,8151,2038,52.672072410583496,0.4140310287475586
