Model,R2,MAE,RMSE,MAPE_percent,n_train,n_test,fit_time_sec,predict_time_sec
cat,0.9872432322625386,0.004712790193508599,0.00010623999334742748,7.102878821483621,7636,2545,4.961756229400635,0.003579378128051758
