Model,R2,MAE,RMSE,MAPE_percent,n_train,n_test,fit_time_sec,predict_time_sec
gbm,0.9974237975852632,0.0004163158242758075,3.2522400830682093e-07,2.9521784898140098,8145,2036,20.398884057998657,0.01397085189819336
