Model,R2,MAE,RMSE,MAPE_percent,n_train,n_test,fit_time_sec,predict_time_sec
gbm,0.9887138933062336,0.01313170562576098,0.00030853240645844723,6.830160076645869,8145,2036,19.755719661712646,0.014830589294433594
