Model,R2,MAE,RMSE,MAPE_percent,n_train,n_test,fit_time_sec,predict_time_sec
gbm,0.9487491323914807,0.14492870357863125,0.06560110310512274,6.354715963859209,6208,1552,22.074509382247925,0.026065349578857422
