Model,R2,MAE,RMSE,MAPE_percent,n_train,n_test,fit_time_sec,predict_time_sec
cat,0.9945296546622203,0.009793631135986254,0.00018578193689138879,4.370173662013176,8145,2036,3.663414478302002,0.0026688575744628906
