Model,R2,MAE,RMSE,MAPE_percent,n_train,n_test,fit_time_sec,predict_time_sec
cat,0.970625129104998,0.15451253761118236,0.05820732524583318,5.412518471577271,6340,1585,4.7050940990448,0.0032291412353515625
