Model,R2,MAE,RMSE,MAPE_percent,n_train,n_test,fit_time_sec,predict_time_sec
rf,0.9297940666549076,0.18868347779176303,0.13284035591443916,7.539603215822534,9059,2265,56.022545337677,0.42831993103027344
