Model,R2,MAE,RMSE,MAPE_percent,n_train,n_test,fit_time_sec,predict_time_sec
cat,0.9090200080210014,0.007336916688744383,0.0008523054861796504,14.248093296631206,4581,5600,4.147372007369995,0.006939888000488281
