Model,R2,MAE,RMSE,MAPE_percent,n_train,n_test,fit_time_sec,predict_time_sec
cat,0.9852195158489885,0.013855683340805213,0.00047588462834989353,125292548.09597714,5092,6224,3.558030605316162,0.0071582794189453125
