Model,R2,MAE,RMSE,MAPE_percent,n_train,n_test,fit_time_sec,predict_time_sec
cat,0.9886924944649861,0.002383036963678022,8.499187456056803e-05,3.435386012637475,8145,2036,3.6702585220336914,0.002994060516357422
