Model,R2,MAE,RMSE,MAPE_percent,n_train,n_test,fit_time_sec,predict_time_sec
gbm,0.9899342968443714,0.00672595675700046,9.064527876861053e-05,2.6342829128618157,4656,3104,11.424833297729492,0.019743919372558594
