Model,R2,MAE,RMSE,MAPE_percent,n_train,n_test,fit_time_sec,predict_time_sec
cat,0.9981377264250304,0.001691347886360561,6.554737339366193e-06,2.2632375319896454,8145,2036,3.6437525749206543,0.0026481151580810547
