Model,R2,MAE,RMSE,MAPE_percent,n_train,n_test,fit_time_sec,predict_time_sec
rf,0.33807917406320687,0.3161624531637167,0.32054899641058926,30.445107762810654,5618,1405,36.477614641189575,0.2619814872741699
