Model,R2,MAE,RMSE,MAPE_percent,n_train,n_test,fit_time_sec,predict_time_sec
rf,0.9976727327245817,0.0019510479117299364,7.0621992457778435e-06,2.780112813705102,8145,2036,50.553302526474,0.4075629711151123
