Model,R2,MAE,RMSE,MAPE_percent,n_train,n_test,fit_time_sec,predict_time_sec
gbm,0.928676527164613,0.019452281644189086,0.008487590868450636,59358398.16127529,6790,4526,16.925179719924927,0.030308246612548828
