Model,R2,MAE,RMSE,MAPE_percent,n_train,n_test,fit_time_sec,predict_time_sec
cat,0.9406700716107734,0.006537540619109183,0.0004900463624871214,9.701849029537664,509,9672,3.7856645584106445,0.009471416473388672
