Model,R2,MAE,RMSE,MAPE_percent,n_train,n_test,fit_time_sec,predict_time_sec
rf,0.9602737508751322,0.07523499965751923,0.017392671952931083,5.802995617207926,9059,2265,54.661383867263794,0.4423832893371582
