Model,R2,MAE,RMSE,MAPE_percent,n_train,n_test,fit_time_sec,predict_time_sec
rf,0.9328916767472976,0.040395155868615085,0.013386360249604958,5.279748969180797,388,7370,1.8466649055480957,0.3848409652709961
