Model,R2,MAE,RMSE,MAPE_percent,n_train,n_test,fit_time_sec,predict_time_sec
gbm,0.9557276825787873,0.07680374961210427,0.02854131821262085,4.8223406756182845,6340,1585,15.82491946220398,0.013245344161987305
