Model,R2,MAE,RMSE,MAPE_percent,n_train,n_test,fit_time_sec,predict_time_sec
gbm,0.97719427329713,0.0010620121617644137,1.993087489162663e-06,6.80834014638003,7636,2545,18.50672173500061,0.01671314239501953
