Model,R2,MAE,RMSE,MAPE_percent,n_train,n_test,fit_time_sec,predict_time_sec
rf,0.959566617249167,0.1807629194005748,0.0929249775107185,15675517.475626318,9053,2263,82.03315806388855,0.4630928039550781
