Model,R2,MAE,RMSE,MAPE_percent,n_train,n_test,fit_time_sec,predict_time_sec
rf,0.9885882276325563,0.0008748226287719502,1.4113949958057158e-06,6.7461309026652305,8145,2036,51.11310362815857,0.4057347774505615
