Model,R2,MAE,RMSE,MAPE_percent,n_train,n_test,fit_time_sec,predict_time_sec
gbm,0.9972474979412395,0.0005846853269000068,9.355180925064429e-07,4.102086467036904,8145,2036,24.93651270866394,0.014489173889160156
