Model,R2,MAE,RMSE,MAPE_percent,n_train,n_test,fit_time_sec,predict_time_sec
cat,0.9536394740800732,0.07982504820638972,0.025437046749150233,5.4795817421976585,4359,3566,4.75925350189209,0.004913330078125
