Model,R2,MAE,RMSE,MAPE_percent,n_train,n_test,fit_time_sec,predict_time_sec
cat,0.9202079401163489,0.005548312190229403,0.0007123899956364135,8.178896353516405,1527,8654,5.578454494476318,0.009190797805786133
