Model,R2,MAE,RMSE,MAPE_percent,n_train,n_test,fit_time_sec,predict_time_sec
cat,0.9805603752724473,0.006930819866038934,0.00015073594369459834,13.730076165232758,5600,4581,4.14864444732666,0.005585670471191406
