Model,R2,MAE,RMSE,MAPE_percent,n_train,n_test,fit_time_sec,predict_time_sec
rf,0.87938873292822,0.003451282769688043,0.0013638344214248297,3.878969853636352,8145,2036,50.38178300857544,0.4573214054107666
