Model,R2,MAE,RMSE,MAPE_percent,n_train,n_test,fit_time_sec,predict_time_sec
cat,0.41103866088378593,0.38568898100866417,0.35069800706981924,35.295027639268426,2378,5547,3.955120325088501,0.005966901779174805
