Model,R2,MAE,RMSE,MAPE_percent,n_train,n_test,fit_time_sec,predict_time_sec
cat,0.9649965099261426,0.13339687582753515,0.04464568753647258,5.940113876479105,6208,1552,3.6835851669311523,0.002410888671875
