Model,R2,MAE,RMSE,MAPE_percent,n_train,n_test,fit_time_sec,predict_time_sec
rf,0.9986723741196479,0.0038292779713363706,3.551613415462253e-05,1.7133628470540507,8145,2036,49.81797003746033,0.46727705001831055
