Model,R2,MAE,RMSE,MAPE_percent,n_train,n_test,fit_time_sec,predict_time_sec
rf,0.982008926069779,0.0010934617669522658,6.762809778650373e-06,7.069113423907472,6109,4072,37.4965341091156,0.5403797626495361
