Model,R2,MAE,RMSE,MAPE_percent,n_train,n_test,fit_time_sec,predict_time_sec
cat,0.949888780759798,0.2544318530613026,0.13243031229598481,6.64850567662855,6206,1552,3.6016111373901367,0.002344369888305664
