Model,R2,MAE,RMSE,MAPE_percent,n_train,n_test,fit_time_sec,predict_time_sec
rf,0.9178230624116508,0.020479063112704272,0.010675277435434966,5165429.036800701,6224,5092,36.7445170879364,0.6228892803192139
