Model,R2,MAE,RMSE,MAPE_percent,n_train,n_test,fit_time_sec,predict_time_sec
cat,0.9955748887639251,0.0027121223149659383,3.963691939978965e-05,3.6212148282138417,8145,2036,3.4835379123687744,0.002737283706665039
