Model,R2,MAE,RMSE,MAPE_percent,n_train,n_test,fit_time_sec,predict_time_sec
cat,0.9924280261516146,0.008318461708392864,0.00042372196587698154,4.19004983020402,8145,2036,7.194291830062866,0.017855167388916016
