Model,R2,MAE,RMSE,MAPE_percent,n_train,n_test,fit_time_sec,predict_time_sec
cat,0.9891678843024417,0.004408975801423576,3.417723806323386e-05,6.688598460797617,8145,2036,3.51115083694458,0.0026259422302246094
