Model,R2,MAE,RMSE,MAPE_percent,n_train,n_test,fit_time_sec,predict_time_sec
gbm,0.9836728809903116,0.0011136249849551774,6.88261920875846e-06,7.152347426498437,6109,4072,14.656648397445679,0.0269777774810791
