Model,R2,MAE,RMSE,MAPE_percent,n_train,n_test,fit_time_sec,predict_time_sec
cat,0.8967784322820476,0.0011040280174589843,4.218043158162547e-05,7.531595971320384,5090,5091,4.79292631149292,0.006436824798583984
