Model,R2,MAE,RMSE,MAPE_percent,n_train,n_test,fit_time_sec,predict_time_sec
rf,0.9601649598017689,0.17851587737009766,0.07327909124867817,7.216305101924764,9053,2263,55.30729365348816,0.4290740489959717
