Model,R2,MAE,RMSE,MAPE_percent,n_train,n_test,fit_time_sec,predict_time_sec
cat,0.07873039142905747,0.282895237673708,1.0504180025643466,41.41546036285173,6615,2205,4.347114324569702,0.003855466842651367
