Model,R2,MAE,RMSE,MAPE_percent,n_train,n_test,fit_time_sec,predict_time_sec
cat,0.9359923058050926,0.0010748833892699902,2.3772216796035214e-05,7.9901899400109135,3054,7127,4.416526794433594,0.007491350173950195
