Model,R2,MAE,RMSE,MAPE_percent,n_train,n_test,fit_time_sec,predict_time_sec
rf,0.9975542994901532,0.0003236137851396715,3.9034516400804743e-07,2.062017163253435,8145,2036,51.469900608062744,0.4134371280670166
