Model,R2,MAE,RMSE,MAPE_percent,n_train,n_test,fit_time_sec,predict_time_sec
cat,0.9970418531575053,0.005549397891508189,7.13682657195248e-05,3.077198175267782,8145,2036,3.851079225540161,0.002704620361328125
