Model,R2,MAE,RMSE,MAPE_percent,n_train,n_test,fit_time_sec,predict_time_sec
gbm,0.5815535038612483,0.6429007517843491,1.5595978434276085,19.735920787710416,6213,1553,13.706631660461426,0.012058734893798828
