Model,R2,MAE,RMSE,MAPE_percent,n_train,n_test,fit_time_sec,predict_time_sec
gbm,0.9608553845970207,0.14506667684209062,0.05076144261164753,6.185207270425265,6208,1552,23.95871329307556,0.012707233428955078
