Model,R2,MAE,RMSE,MAPE_percent,n_train,n_test,fit_time_sec,predict_time_sec
rf,0.9428008159757839,0.26682851909688193,0.17566901484441916,7.391696979008398,6206,1552,37.571489334106445,0.2780947685241699
