Model,R2,MAE,RMSE,MAPE_percent,n_train,n_test,fit_time_sec,predict_time_sec
gbm,0.7449433701740519,0.012373889417754965,0.01972553200328841,3.812838603957852,8151,2038,20.529539346694946,0.012404441833496094
