Model,R2,MAE,RMSE,MAPE_percent,n_train,n_test,fit_time_sec,predict_time_sec
rf,0.9587001631844461,0.07117651411472288,0.024911285621356135,8004943.962907814,9053,2263,105.48434925079346,0.8861894607543945
