Model,R2,MAE,RMSE,MAPE_percent,n_train,n_test,fit_time_sec,predict_time_sec
cat,0.6960152145809131,0.5476036150149218,0.6172241165189547,22.529238759829973,3962,3963,4.234843969345093,0.005057573318481445
