Model,R2,MAE,RMSE,MAPE_percent,n_train,n_test,fit_time_sec,predict_time_sec
rf,0.9662773964516185,0.041967786439953296,0.005804366670747742,3.65041001883023,6208,1552,35.974015951156616,0.2807443141937256
