Model,R2,MAE,RMSE,MAPE_percent,n_train,n_test,fit_time_sec,predict_time_sec
gbm,0.8910024135852386,0.00040344924453260093,4.310764151960595e-05,1.9623746591220645,8145,2036,21.36364221572876,0.015021324157714844
