Model,R2,MAE,RMSE,MAPE_percent,n_train,n_test,fit_time_sec,predict_time_sec
rf,0.9797796735829617,0.0008884474700856881,1.4331790575901033e-06,6.598158635784507,7636,2545,47.24196267127991,0.3923492431640625
