Model,R2,MAE,RMSE,MAPE_percent,n_train,n_test,fit_time_sec,predict_time_sec
rf,-0.29284722701833754,0.0020884556269502707,0.000546526260908338,14.762902152272344,8151,2038,52.41958022117615,0.4154074192047119
