Model,R2,MAE,RMSE,MAPE_percent,n_train,n_test,fit_time_sec,predict_time_sec
cat,0.9809119066975516,0.006918386968492043,0.00015368472691225545,12.47426657631744,7127,3054,4.370073556900024,0.0042874813079833984
