Model,R2,MAE,RMSE,MAPE_percent,n_train,n_test,fit_time_sec,predict_time_sec
gbm,0.9967255840791478,0.005951501794769931,7.000416651290603e-05,3.2948955326752785,8145,2036,20.33416485786438,0.013263940811157227
