Model,R2,MAE,RMSE,MAPE_percent,n_train,n_test,fit_time_sec,predict_time_sec
cat,0.9690378658624466,0.044362309598681496,0.005329232044180701,3.992508963138508,6208,1552,3.4973983764648438,0.002428770065307617
