Model,R2,MAE,RMSE,MAPE_percent,n_train,n_test,fit_time_sec,predict_time_sec
cat,0.9813122727474904,0.001391573742657189,6.452352559299144e-06,12.392795934321374,7636,2545,4.371917724609375,0.0040204524993896484
