Model,R2,MAE,RMSE,MAPE_percent,n_train,n_test,fit_time_sec,predict_time_sec
cat,0.9362984903257694,0.005354721943025153,0.0005772124439201142,7.58198791675975,3563,6618,4.4631125926971436,0.006913900375366211
