Model,R2,MAE,RMSE,MAPE_percent,n_train,n_test,fit_time_sec,predict_time_sec
cat,0.9948821567409154,0.002661070341473258,1.5095966771556368e-05,4.242773429783684,8145,2036,3.6309990882873535,0.0028002262115478516
