Model,R2,MAE,RMSE,MAPE_percent,n_train,n_test,fit_time_sec,predict_time_sec
rf,0.6756695562220493,0.005264195363986209,0.0033716023225619273,3.054098368853535,8151,2038,54.130587100982666,0.4061410427093506
