Model,R2,MAE,RMSE,MAPE_percent,n_train,n_test,fit_time_sec,predict_time_sec
cat,0.9099424735795242,0.0010838518133061796,3.364517724769233e-05,7.6416259071681525,3054,7127,4.152848482131958,0.008467674255371094
