Model,R2,MAE,RMSE,MAPE_percent,n_train,n_test,fit_time_sec,predict_time_sec
cat,0.997685071177122,0.005422273027732915,6.138125184510368e-05,2.595155497997267,8145,2036,3.7855300903320312,0.002816438674926758
