Model,R2,MAE,RMSE,MAPE_percent,n_train,n_test,fit_time_sec,predict_time_sec
cat,0.9891295598980008,0.001047417894607597,2.428499850540233e-06,9.328703423305637,1018,9163,2.914803981781006,0.008162736892700195
