Model,R2,MAE,RMSE,MAPE_percent,n_train,n_test,fit_time_sec,predict_time_sec
rf,0.9952595490143549,0.007070006096544281,0.00024726095704322257,1.693949594069662,9053,2263,56.563777923583984,0.40338802337646484
