Model,R2,MAE,RMSE,MAPE_percent,n_train,n_test,fit_time_sec,predict_time_sec
cat,0.8660188307920478,0.12701048838387116,0.09937541299564276,6.073544425813829,6213,1553,3.755269765853882,0.002353668212890625
