Model,R2,MAE,RMSE,MAPE_percent,n_train,n_test,fit_time_sec,predict_time_sec
gbm,0.8953844089587859,0.0005901737053434059,4.853657695352497e-05,3.108330233884598,8145,2036,20.515126943588257,0.014722108840942383
