Model,R2,MAE,RMSE,MAPE_percent,n_train,n_test,fit_time_sec,predict_time_sec
cat,0.9204252952293543,0.014990698251497464,0.00473107398098972,4.888176009439425,1552,6208,3.055286169052124,0.00799107551574707
