Model,R2,MAE,RMSE,MAPE_percent,n_train,n_test,fit_time_sec,predict_time_sec
gbm,0.9363751567526214,0.14849654422800745,0.08503074414065027,6.271304519817009,6208,1552,16.35814619064331,0.013618230819702148
