Model,R2,MAE,RMSE,MAPE_percent,n_train,n_test,fit_time_sec,predict_time_sec
cat,0.9555945981566312,0.19221433341948332,0.09022499739263277,6.709939710928421,3170,4755,4.932435035705566,0.005728483200073242
