Model,R2,MAE,RMSE,MAPE_percent,n_train,n_test,fit_time_sec,predict_time_sec
rf,0.9801714412530125,0.0008916097520407047,1.4161115423840014e-06,6.541543041186595,7636,2545,47.38994860649109,0.4010906219482422
