Model,R2,MAE,RMSE,MAPE_percent,n_train,n_test,fit_time_sec,predict_time_sec
rf,0.9847783490270658,0.0011457669753541027,5.78295200990068e-06,7.322089166779286,4072,6109,24.01867365837097,0.6452703475952148
