Model,R2,MAE,RMSE,MAPE_percent,n_train,n_test,fit_time_sec,predict_time_sec
cat,0.922297711251917,0.0216678924157323,0.006122864965566212,12.517738126662056,2545,7636,4.101349592208862,0.00891876220703125
