Model,R2,MAE,RMSE,MAPE_percent,n_train,n_test,fit_time_sec,predict_time_sec
rf,0.9750840973045635,0.01554798460369893,0.002380595603276265,3.614412583627369,6208,1552,46.450034856796265,0.296860933303833
