Model,R2,MAE,RMSE,MAPE_percent,n_train,n_test,fit_time_sec,predict_time_sec
rf,0.9568826662087827,0.028051936111978003,0.010581454062627622,3.233881725789093,6206,1552,36.897958755493164,0.28795862197875977
