Model,R2,MAE,RMSE,MAPE_percent,n_train,n_test,fit_time_sec,predict_time_sec
rf,0.9904707377469413,0.009800444434165945,0.0009937066551946505,401727.35209842323,9053,2263,56.28889083862305,0.4380974769592285
