Model,R2,MAE,RMSE,MAPE_percent,n_train,n_test,fit_time_sec,predict_time_sec
cat,0.9076918525700877,0.04139694244413356,0.020654581621109842,8.016827066494018,776,6982,3.008218765258789,0.0069789886474609375
