Model,R2,MAE,RMSE,MAPE_percent,n_train,n_test,fit_time_sec,predict_time_sec
gbm,0.9859731561174112,0.018680414451333515,0.0010596274620680896,11.157095280102496,8145,2036,19.638152599334717,0.015672683715820312
