Model,R2,MAE,RMSE,MAPE_percent,n_train,n_test,fit_time_sec,predict_time_sec
cat,0.9311890256406998,0.0011387168340222411,2.602510501264931e-05,7.68432987908145,3054,7127,4.548774242401123,0.007695198059082031
