Model,R2,MAE,RMSE,MAPE_percent,n_train,n_test,fit_time_sec,predict_time_sec
rf,0.9695902546960322,0.006588365341042527,0.0044216147348196755,2.295519241773739,8151,2038,56.15521574020386,0.40333127975463867
