Model,R2,MAE,RMSE,MAPE_percent,n_train,n_test,fit_time_sec,predict_time_sec
cat,0.9573251157374898,0.10081899726756828,0.026839063688947833,5.169868848418289,6206,1552,3.534511089324951,0.002355813980102539
