Model,R2,MAE,RMSE,MAPE_percent,n_train,n_test,fit_time_sec,predict_time_sec
rf,0.9672969440400696,0.010787023051111625,0.0012046150353883654,3.4098615251040743,776,6984,3.6649186611175537,0.4314718246459961
