Model,R2,MAE,RMSE,MAPE_percent,n_train,n_test,fit_time_sec,predict_time_sec
rf,0.9477518880707491,0.06378699298303823,0.01264326255175035,4.636736897912243,5612,1403,32.954681634902954,0.2620377540588379
