Model,R2,MAE,RMSE,MAPE_percent,n_train,n_test,fit_time_sec,predict_time_sec
gbm,0.9875815482472898,0.011281776576143489,0.00031384182417512624,3.1422957157985385,7355,3961,18.281910181045532,0.024763822555541992
