Model,R2,MAE,RMSE,MAPE_percent,n_train,n_test,fit_time_sec,predict_time_sec
gbm,0.938434357433328,0.05365734105914615,0.022658181783163735,4.404274356020371,6208,1552,15.518829345703125,0.012207746505737305
