Model,R2,MAE,RMSE,MAPE_percent,n_train,n_test,fit_time_sec,predict_time_sec
cat,0.9635904365427286,0.07880547801106871,0.02368787641998057,665680892.1192431,9053,2263,3.920867919921875,0.003008127212524414
