Model,R2,MAE,RMSE,MAPE_percent,n_train,n_test,fit_time_sec,predict_time_sec
cat,0.9898227102392139,0.008578748446667693,0.0006562452430244809,4.313270406705935,8145,2036,3.627387285232544,0.002719879150390625
