Model,R2,MAE,RMSE,MAPE_percent,n_train,n_test,fit_time_sec,predict_time_sec
gbm,0.9596849182400691,0.13591725908129063,0.0399528419048102,5.561013917966444,6208,1552,15.456086874008179,0.012540340423583984
