Model,R2,MAE,RMSE,MAPE_percent,n_train,n_test,fit_time_sec,predict_time_sec
rf,0.9957255739780979,0.0020565181947059005,1.2142632693065999e-05,3.1679657509863244,8145,2036,52.41009449958801,0.39798998832702637
