Model,R2,MAE,RMSE,MAPE_percent,n_train,n_test,fit_time_sec,predict_time_sec
rf,0.8678502976732201,0.3069262728063561,0.21439584470171208,11.92198226585755,6214,1554,38.35809397697449,0.29219532012939453
