Model,R2,MAE,RMSE,MAPE_percent,n_train,n_test,fit_time_sec,predict_time_sec
cat,0.9704681517417771,0.07470699998263122,0.017278470185310316,4.9801180458033345,5548,2377,5.589550495147705,0.0034818649291992188
