Model,R2,MAE,RMSE,MAPE_percent,n_train,n_test,fit_time_sec,predict_time_sec
rf,0.995645804065958,0.0031097785183910433,4.219527333713484e-05,4.027053640142307,8145,2036,52.35156226158142,0.40428757667541504
