Model,R2,MAE,RMSE,MAPE_percent,n_train,n_test,fit_time_sec,predict_time_sec
cat,0.21641206025814952,0.32675104935512334,0.7798306967276633,31.008455564810948,5690,1423,3.055758476257324,0.0021626949310302734
