Model,R2,MAE,RMSE,MAPE_percent,n_train,n_test,fit_time_sec,predict_time_sec
rf,0.9219593129543924,0.01992205101148533,0.00927138875298945,3.9424194456680066,6208,1552,45.768102407455444,0.2936062812805176
