Model,R2,MAE,RMSE,MAPE_percent,n_train,n_test,fit_time_sec,predict_time_sec
cat,0.9419921540173432,0.12760967716407706,0.05304149012179855,6.91200657810804,6206,1552,3.5092275142669678,0.0023441314697265625
