Model,R2,MAE,RMSE,MAPE_percent,n_train,n_test,fit_time_sec,predict_time_sec
cat,0.9874410245527988,0.0010355952068548664,2.506506938006746e-06,7.957807427672329,2036,8145,3.196614980697632,0.007788181304931641
