Model,R2,MAE,RMSE,MAPE_percent,n_train,n_test,fit_time_sec,predict_time_sec
cat,0.9393657219064291,0.266437532239583,0.16225916713416785,7.108133488576737,6213,1553,3.695237159729004,0.0023207664489746094
