Model,R2,MAE,RMSE,MAPE_percent,n_train,n_test,fit_time_sec,predict_time_sec
gbm,0.9975239839699928,0.0020146026191658457,7.863456160639497e-06,2.809507041351168,8145,2036,20.285804510116577,0.013992786407470703
