Model,R2,MAE,RMSE,MAPE_percent,n_train,n_test,fit_time_sec,predict_time_sec
gbm,0.9782670030617483,0.01602450671849335,0.0004920338262510375,9.971055312122843,8145,2036,19.455631732940674,0.015256643295288086
