Model,R2,MAE,RMSE,MAPE_percent,n_train,n_test,fit_time_sec,predict_time_sec
cat,0.32121656229032625,0.15231562052836023,0.08382233789443837,1887724709.6995537,5658,5658,4.395232915878296,0.007335662841796875
