Model,R2,MAE,RMSE,MAPE_percent,n_train,n_test,fit_time_sec,predict_time_sec
cat,0.9826925007296214,0.0008709452747322487,1.425368652979844e-06,7.296212013123695,5600,4581,3.4835784435272217,0.004725456237792969
