Model,R2,MAE,RMSE,MAPE_percent,n_train,n_test,fit_time_sec,predict_time_sec
rf,0.9859805043051107,0.0010449984471965416,2.0612823253236007e-06,6.803995648140187,4581,5600,26.786470413208008,0.5956132411956787
