Model,R2,MAE,RMSE,MAPE_percent,n_train,n_test,fit_time_sec,predict_time_sec
gbm,0.9519480705255967,0.0011535821447749323,2.163195651663378e-05,7.270003007951052,4072,6109,9.72368597984314,0.03897261619567871
