Model,R2,MAE,RMSE,MAPE_percent,n_train,n_test,fit_time_sec,predict_time_sec
gbm,0.9983652807708031,0.004522917187049841,4.3906861217534674e-05,2.0886396487619794,8145,2036,21.57606554031372,0.013549566268920898
