Model,R2,MAE,RMSE,MAPE_percent,n_train,n_test,fit_time_sec,predict_time_sec
gbm,0.9946153249627426,0.007599595051461667,0.00011629682739946456,4.155454529755774,8145,2036,20.224127054214478,0.01366734504699707
