Model,R2,MAE,RMSE,MAPE_percent,n_train,n_test,fit_time_sec,predict_time_sec
rf,0.9934740386635404,0.0048841314832867985,8.379522165283935e-05,1.7437234267907724,6214,1554,37.548742055892944,0.30550098419189453
