Model,R2,MAE,RMSE,MAPE_percent,n_train,n_test,fit_time_sec,predict_time_sec
rf,0.9259626366864112,0.14324239217214657,0.08281669472331192,6.530094026919461,6206,1552,36.03445315361023,0.31809496879577637
