Model,R2,MAE,RMSE,MAPE_percent,n_train,n_test,fit_time_sec,predict_time_sec
gbm,0.9715086385334563,0.1601787325232611,0.054038925007571736,7.066548979930322,9053,2263,22.75271964073181,0.018094539642333984
