Model,R2,MAE,RMSE,MAPE_percent,n_train,n_test,fit_time_sec,predict_time_sec
gbm,0.9364967987976152,0.052037912649000574,0.02174458070372738,4.342034678517261,6208,1552,16.430670738220215,0.012089252471923828
