Model,R2,MAE,RMSE,MAPE_percent,n_train,n_test,fit_time_sec,predict_time_sec
cat,0.9520687125125346,0.08746542541076001,0.03146805558719092,1243825587.3249698,4526,6790,4.5494444370269775,0.010795116424560547
