Model,R2,MAE,RMSE,MAPE_percent,n_train,n_test,fit_time_sec,predict_time_sec
rf,0.9947454857835322,0.0049614978513007205,0.0001427016725857852,2.1747315414175237,8151,2038,54.55040740966797,0.3871781826019287
