Model,R2,MAE,RMSE,MAPE_percent,n_train,n_test,fit_time_sec,predict_time_sec
cat,0.994415271450008,0.0028940955413065336,1.6435787096606693e-05,4.17491487250014,8145,2036,4.2844390869140625,0.0035643577575683594
