Model,R2,MAE,RMSE,MAPE_percent,n_train,n_test,fit_time_sec,predict_time_sec
cat,0.9582101206907648,0.015963093867945963,0.004827816530677907,173.78067438805596,9053,2263,3.6202733516693115,0.0024454593658447266
