Model,R2,MAE,RMSE,MAPE_percent,n_train,n_test,fit_time_sec,predict_time_sec
cat,0.9871966457455033,0.00047903236304053015,5.201708164770316e-06,2.991316072558863,8145,2036,3.6262893676757812,0.0027358531951904297
