Model,R2,MAE,RMSE,MAPE_percent,n_train,n_test,fit_time_sec,predict_time_sec
cat,0.9114714726259776,0.021159224957810748,0.011500387072128828,642603992.6495768,6224,5092,4.7517688274383545,0.005578756332397461
