Model,R2,MAE,RMSE,MAPE_percent,n_train,n_test,fit_time_sec,predict_time_sec
gbm,0.9546814667483731,0.05407680978999449,0.01639124147415402,4.505699092078378,6208,1552,15.423554420471191,0.012230157852172852
