Model,R2,MAE,RMSE,MAPE_percent,n_train,n_test,fit_time_sec,predict_time_sec
cat,0.9958987471497328,0.000488224213431868,6.154979079815932e-07,3.1701146214709186,8145,2036,3.576970100402832,0.002614259719848633
