Model,R2,MAE,RMSE,MAPE_percent,n_train,n_test,fit_time_sec,predict_time_sec
cat,0.9591442183759206,0.08366933711240815,0.01795858427304071,577638765.3272253,2829,8487,3.8898448944091797,0.008970022201538086
