Model,R2,MAE,RMSE,MAPE_percent,n_train,n_test,fit_time_sec,predict_time_sec
cat,0.8845352181537339,0.2899077999030957,0.17260058221708835,11.415449424201334,6214,1554,3.5475308895111084,0.002274036407470703
