Model,R2,MAE,RMSE,MAPE_percent,n_train,n_test,fit_time_sec,predict_time_sec
cat,0.2587073842001306,0.15754351513060222,0.08892890315516958,3249348074.1254644,2829,8487,4.350622653961182,0.009435415267944336
