Model,R2,MAE,RMSE,MAPE_percent,n_train,n_test,fit_time_sec,predict_time_sec
cat,0.9905548702483834,0.002817129896671708,6.116736633553375e-05,4.20234668739895,8145,2036,3.7362070083618164,0.0026946067810058594
