Model,R2,MAE,RMSE,MAPE_percent,n_train,n_test,fit_time_sec,predict_time_sec
cat,0.9913799387882488,0.0006438680057701645,3.0620021229383236e-06,4.5502221039056465,8145,2036,3.6317965984344482,0.0027971267700195312
