Model,R2,MAE,RMSE,MAPE_percent,n_train,n_test,fit_time_sec,predict_time_sec
cat,0.8968053594451603,0.014673433844551944,0.006683436245587814,4.243092376366054,2716,5044,3.1826231479644775,0.0048296451568603516
