Model,R2,MAE,RMSE,MAPE_percent,n_train,n_test,fit_time_sec,predict_time_sec
gbm,0.9912341794589027,0.0073099466485397405,0.0001173922000704101,2.8490735620891052,2716,5044,6.7119433879852295,0.030504703521728516
