Model,R2,MAE,RMSE,MAPE_percent,n_train,n_test,fit_time_sec,predict_time_sec
gbm,0.9977035400897796,0.0019850515903341785,7.463896293938533e-06,2.8066363456706616,8145,2036,20.37373685836792,0.013607978820800781
