Model,R2,MAE,RMSE,MAPE_percent,n_train,n_test,fit_time_sec,predict_time_sec
cat,0.9605597754720464,0.07758990832970203,0.024454874192145853,1480609452.9815743,9059,2265,3.9032647609710693,0.0025773048400878906
