Model,R2,MAE,RMSE,MAPE_percent,n_train,n_test,fit_time_sec,predict_time_sec
rf,0.9964391355494908,0.0020335227372034466,8.83846089649174e-06,3.3558556292654376,8145,2036,51.809722900390625,0.4132561683654785
