Model,R2,MAE,RMSE,MAPE_percent,n_train,n_test,fit_time_sec,predict_time_sec
gbm,0.9777124496291106,0.0008472968213717418,1.2739483055418487e-06,7.126503654333119,7636,2545,18.475906133651733,0.01634836196899414
