Model,R2,MAE,RMSE,MAPE_percent,n_train,n_test,fit_time_sec,predict_time_sec
cat,0.9943746050491529,0.005599008612897445,7.447255725102174e-05,2.2288650176300617,6208,1552,3.418759346008301,0.0022084712982177734
