Model,R2,MAE,RMSE,MAPE_percent,n_train,n_test,fit_time_sec,predict_time_sec
cat,0.9898338949880555,0.0004887976074584008,3.0858083912496746e-06,3.4039841757002227,8145,2036,3.7346911430358887,0.0026547908782958984
