Model,R2,MAE,RMSE,MAPE_percent,n_train,n_test,fit_time_sec,predict_time_sec
gbm,0.8892219855476026,0.06750283825159567,0.05716612338198347,4.535922989150656,5690,1423,14.040721654891968,0.011746406555175781
