Model,R2,MAE,RMSE,MAPE_percent,n_train,n_test,fit_time_sec,predict_time_sec
gbm,0.5896682014586725,0.0051339552523540725,0.004265636086663927,3.2103366658034886,8151,2038,20.43090510368347,0.014305830001831055
