Model,R2,MAE,RMSE,MAPE_percent,n_train,n_test,fit_time_sec,predict_time_sec
gbm,0.917071394541686,0.10211151648082914,0.03279653230897357,8.957766012487776,6208,1552,15.441685914993286,0.011901617050170898
