Model,R2,MAE,RMSE,MAPE_percent,n_train,n_test,fit_time_sec,predict_time_sec
rf,0.9951609866293171,0.004817225791354726,6.608209799073331e-05,1.7261951409202927,6208,1552,37.37963819503784,0.28346776962280273
