Model,R2,MAE,RMSE,MAPE_percent,n_train,n_test,fit_time_sec,predict_time_sec
rf,0.9883833862951725,0.004943041575504492,4.806855597895401e-05,6.358921248111067,8145,2036,51.403125047683716,0.3966329097747803
