Model,R2,MAE,RMSE,MAPE_percent,n_train,n_test,fit_time_sec,predict_time_sec
cat,0.45757183331210594,0.059217272735779605,0.36789139447540636,5.621799166198411,2646,6174,5.897125244140625,0.006527900695800781
