Model,R2,MAE,RMSE,MAPE_percent,n_train,n_test,fit_time_sec,predict_time_sec
rf,0.9980897825142477,0.0014426711139754755,7.593489050622902e-06,1.8454211127138405,8145,2036,51.40321660041809,0.3974027633666992
