Model,R2,MAE,RMSE,MAPE_percent,n_train,n_test,fit_time_sec,predict_time_sec
cat,0.9554582400199594,0.011338863416474516,0.002219268959060783,3.689590771021345,6208,1552,3.644796371459961,0.002391815185546875
