Model,R2,MAE,RMSE,MAPE_percent,n_train,n_test,fit_time_sec,predict_time_sec
cat,0.9302046663017428,0.011872632061855034,0.0031318062002420504,3.645394352451366,6214,1554,3.5769684314727783,0.002321481704711914
