Model,R2,MAE,RMSE,MAPE_percent,n_train,n_test,fit_time_sec,predict_time_sec
rf,0.9773315690173086,0.0013102920658567495,7.915441785861992e-06,8.25950460477656,509,9672,2.5273523330688477,0.555495023727417
