Model,R2,MAE,RMSE,MAPE_percent,n_train,n_test,fit_time_sec,predict_time_sec
cat,0.9895525616041032,0.0008835504038524827,2.9925643346757086e-06,7.553698279732547,7127,3054,3.4718129634857178,0.003428936004638672
