Model,R2,MAE,RMSE,MAPE_percent,n_train,n_test,fit_time_sec,predict_time_sec
cat,0.9884972666585188,0.0010460848331314823,2.120333080091065e-06,6.977327360120176,8145,2036,3.715566873550415,0.002708911895751953
