Model,R2,MAE,RMSE,MAPE_percent,n_train,n_test,fit_time_sec,predict_time_sec
gbm,0.9446102679020911,0.2705558275009922,0.18008317131791415,7.350178230622239,6206,1552,26.850597858428955,0.012814521789550781
