Model,R2,MAE,RMSE,MAPE_percent,n_train,n_test,fit_time_sec,predict_time_sec
rf,0.9785477180236349,0.0008156690780180177,1.217561009693831e-06,6.882188633738781,7636,2545,47.38683199882507,0.3866746425628662
