Model,R2,MAE,RMSE,MAPE_percent,n_train,n_test,fit_time_sec,predict_time_sec
gbm,0.22264010504962406,0.10677491646497032,0.03773416594046356,57.011449519131816,6208,1552,13.749082326889038,0.011434555053710938
