Model,R2,MAE,RMSE,MAPE_percent,n_train,n_test,fit_time_sec,predict_time_sec
rf,0.6923911407148284,0.42681764594441596,0.39383118969135167,21.14918535637581,6208,1552,38.37391686439514,0.2948906421661377
