Model,R2,MAE,RMSE,MAPE_percent,n_train,n_test,fit_time_sec,predict_time_sec
cat,0.8954971053303068,0.0015225628689116441,3.904191635957853e-05,13.635216444655265,3054,7127,3.9220190048217773,0.008922338485717773
