Model,R2,MAE,RMSE,MAPE_percent,n_train,n_test,fit_time_sec,predict_time_sec
cat,0.9852118644544643,0.013734941780826668,0.0003320644843620314,7.023904641554571,5090,5091,4.679878234863281,0.005608081817626953
