Model,R2,MAE,RMSE,MAPE_percent,n_train,n_test,fit_time_sec,predict_time_sec
gbm,0.9950516501411223,0.00898757914040103,0.0001628251234302486,3.92119919526594,8145,2036,20.320977926254272,0.013862848281860352
