Model,R2,MAE,RMSE,MAPE_percent,n_train,n_test,fit_time_sec,predict_time_sec
gbm,0.9420010416543919,0.2840896233099516,0.17762097468257557,7.654248848548281,6206,1552,16.671661376953125,0.025666475296020508
