Model,R2,MAE,RMSE,MAPE_percent,n_train,n_test,fit_time_sec,predict_time_sec
cat,0.9892063081338963,0.004607846439389964,3.849099494547244e-05,7.170366277495911,8145,2036,3.5860695838928223,0.0026221275329589844
