Model,R2,MAE,RMSE,MAPE_percent,n_train,n_test,fit_time_sec,predict_time_sec
rf,0.9585269214276877,0.07234312043427535,0.01596815994474954,1681633.070284927,9053,2263,54.21073865890503,0.4370248317718506
