Model,R2,MAE,RMSE,MAPE_percent,n_train,n_test,fit_time_sec,predict_time_sec
cat,0.9694064847697815,0.12399785190724362,0.039168834499618777,5.1213096327651995,6208,1552,3.4471535682678223,0.0024149417877197266
