Model,R2,MAE,RMSE,MAPE_percent,n_train,n_test,fit_time_sec,predict_time_sec
cat,0.7795991311679826,0.20230943997401776,0.6745930915799853,461.5090311459514,9059,2265,3.6734776496887207,0.003072500228881836
