Model,R2,MAE,RMSE,MAPE_percent,n_train,n_test,fit_time_sec,predict_time_sec
cat,0.990649854545485,0.007454154360264537,0.0004538694913900368,2.735525295115504,6208,1552,3.3991456031799316,0.0022263526916503906
