Model,R2,MAE,RMSE,MAPE_percent,n_train,n_test,fit_time_sec,predict_time_sec
cat,0.9967700659774794,0.006703245957387626,0.0001030718054007378,3.0096629993083175,8145,2036,5.106478691101074,0.0031366348266601562
