Model,R2,MAE,RMSE,MAPE_percent,n_train,n_test,fit_time_sec,predict_time_sec
cat,0.8789201673328539,0.09375213461999846,0.02487614093885954,8.072568509469502,6208,1552,3.730966091156006,0.0023386478424072266
