Model,R2,MAE,RMSE,MAPE_percent,n_train,n_test,fit_time_sec,predict_time_sec
rf,0.9194993325122865,0.13625667113653347,0.07426919992593609,6.949358911942041,6206,1552,35.72853231430054,0.2796189785003662
