Model,R2,MAE,RMSE,MAPE_percent,n_train,n_test,fit_time_sec,predict_time_sec
cat,0.38168540295980713,0.14558933472247698,0.06689870617719855,622841848.5845721,7355,3961,4.562463998794556,0.005217313766479492
