Model,R2,MAE,RMSE,MAPE_percent,n_train,n_test,fit_time_sec,predict_time_sec
cat,0.9545473314508778,0.018791626475512746,0.004917763114105588,303913335.771359,7355,3961,5.143483400344849,0.0051915645599365234
