Model,R2,MAE,RMSE,MAPE_percent,n_train,n_test,fit_time_sec,predict_time_sec
rf,0.9763093417752229,0.000613403661861034,1.102395203623335e-05,3.191948551572813,8145,2036,53.06524443626404,0.40099167823791504
