Model,R2,MAE,RMSE,MAPE_percent,n_train,n_test,fit_time_sec,predict_time_sec
cat,0.35243479554583024,0.001302685587351074,0.000191094269085389,7.245597718124432,8151,2038,3.6849801540374756,0.0026390552520751953
