Model,R2,MAE,RMSE,MAPE_percent,n_train,n_test,fit_time_sec,predict_time_sec
cat,0.963927393365549,0.1874121202544847,0.08249781195239085,1239591725.1558094,5658,5658,4.85073184967041,0.007277965545654297
