Model,R2,MAE,RMSE,MAPE_percent,n_train,n_test,fit_time_sec,predict_time_sec
cat,0.987164283847342,0.014818075141014473,0.00039886527898282635,6.57259212538967,8145,2036,1.040879249572754,0.0023958683013916016
