Model,R2,MAE,RMSE,MAPE_percent,n_train,n_test,fit_time_sec,predict_time_sec
rf,0.9365468720905932,0.01319365556333116,0.003980704997653506,3.3410351887299803,3104,4656,17.54949140548706,0.47906017303466797
