Model,R2,MAE,RMSE,MAPE_percent,n_train,n_test,fit_time_sec,predict_time_sec
rf,0.9831106280848336,0.005851574366663841,0.0012107223635051147,2.2402644718205766,8145,2036,49.98946976661682,0.40619635581970215
