Model,R2,MAE,RMSE,MAPE_percent,n_train,n_test,fit_time_sec,predict_time_sec
gbm,0.9951055839672285,0.0005408350931054212,5.713508213030121e-07,4.249615060022327,8145,2036,20.372309923171997,0.013991355895996094
