Model,R2,MAE,RMSE,MAPE_percent,n_train,n_test,fit_time_sec,predict_time_sec
cat,0.9836756584709068,0.01774330635991507,0.0011447724329375181,3.09660831019384,6206,1552,3.534501075744629,0.0023174285888671875
