Model,R2,MAE,RMSE,MAPE_percent,n_train,n_test,fit_time_sec,predict_time_sec
rf,0.9969349171850032,0.0003326288075109272,4.378426026463021e-07,2.150387501199637,8145,2036,51.72841167449951,0.3992314338684082
