Model,R2,MAE,RMSE,MAPE_percent,n_train,n_test,fit_time_sec,predict_time_sec
gbm,0.9174379233287859,0.013539240854985255,0.004902887909115617,3.552485657064393,1940,5820,4.73353123664856,0.043376922607421875
