Model,R2,MAE,RMSE,MAPE_percent,n_train,n_test,fit_time_sec,predict_time_sec
cat,0.9955954779272562,0.0004704312079731493,4.225252974805104e-07,3.9575138617134695,8145,2036,3.7256271839141846,0.002880096435546875
