Model,R2,MAE,RMSE,MAPE_percent,n_train,n_test,fit_time_sec,predict_time_sec
rf,0.920246934777409,0.020527350810424776,0.009962749191760626,6370283.733623814,5092,6224,29.08925223350525,0.7037596702575684
