Model,R2,MAE,RMSE,MAPE_percent,n_train,n_test,fit_time_sec,predict_time_sec
gbm,0.9822484327474608,0.0010630578948873275,2.0409549565353444e-06,6.856332891190318,6109,4072,14.5924072265625,0.02523207664489746
