Model,R2,MAE,RMSE,MAPE_percent,n_train,n_test,fit_time_sec,predict_time_sec
cat,0.3167466759278833,0.008831258631071287,0.04448100658720009,5.682274000108094,8151,2038,3.8867740631103516,0.002624988555908203
