Model,R2,MAE,RMSE,MAPE_percent,n_train,n_test,fit_time_sec,predict_time_sec
gbm,0.9986188723317019,0.00024570125873895455,1.4410902807384847e-07,1.9179344494462829,8145,2036,20.460742950439453,0.013780832290649414
