Model,R2,MAE,RMSE,MAPE_percent,n_train,n_test,fit_time_sec,predict_time_sec
rf,0.9889699817671687,0.0008776424135484891,1.4737756665095985e-06,7.4819407627092245,3054,7127,17.656092405319214,0.6588163375854492
