Model,R2,MAE,RMSE,MAPE_percent,n_train,n_test,fit_time_sec,predict_time_sec
cat,0.9413811774808775,0.01313748738563043,0.003276160296414105,4.034020612338496,3104,4656,3.4242472648620605,0.00468897819519043
