Model,R2,MAE,RMSE,MAPE_percent,n_train,n_test,fit_time_sec,predict_time_sec
cat,0.9864188248520479,0.01065208353632275,0.0002340145058938599,2.9359309625402292,5548,2377,4.796475648880005,0.003503561019897461
