Model,R2,MAE,RMSE,MAPE_percent,n_train,n_test,fit_time_sec,predict_time_sec
cat,0.4098435590647287,0.035979784051995256,0.09605413451362779,11.899059959132325,8151,2038,3.6621134281158447,0.0026705265045166016
