Model,R2,MAE,RMSE,MAPE_percent,n_train,n_test,fit_time_sec,predict_time_sec
cat,0.09128774539171869,0.0029795574611289166,0.0021059949501344966,13.797046102667743,8151,2038,3.2362353801727295,0.0024824142456054688
