Model,R2,MAE,RMSE,MAPE_percent,n_train,n_test,fit_time_sec,predict_time_sec
cat,0.9968896659436877,0.006357636161650765,8.04286714371001e-05,3.1930177961642285,8145,2036,3.5041255950927734,0.0026314258575439453
