Model,R2,MAE,RMSE,MAPE_percent,n_train,n_test,fit_time_sec,predict_time_sec
gbm,0.9909607128419942,0.0010287447472399772,1.9951009147395312e-06,7.789930476425439,1527,8654,3.594184160232544,0.05235171318054199
