Model,R2,MAE,RMSE,MAPE_percent,n_train,n_test,fit_time_sec,predict_time_sec
cat,0.9942495276831651,0.010927050243813017,0.0004935888078479524,4.534360854012065,8145,2036,7.441165447235107,0.012804985046386719
