Model,R2,MAE,RMSE,MAPE_percent,n_train,n_test,fit_time_sec,predict_time_sec
cat,0.9693289116258679,0.07652750203613734,0.02068212844724183,2036893703.1971085,9053,2263,3.752002716064453,0.003307342529296875
