Model,R2,MAE,RMSE,MAPE_percent,n_train,n_test,fit_time_sec,predict_time_sec
cat,-0.06131319186124573,0.012558301534675635,0.01261525374548689,15.392066953587335,8151,2038,3.726388931274414,0.0026848316192626953
