Model,R2,MAE,RMSE,MAPE_percent,n_train,n_test,fit_time_sec,predict_time_sec
cat,0.996436316861126,0.008283433576768992,0.00029549993821978215,3.6253996811903595,8145,2036,7.38101601600647,0.013532161712646484
