Model,R2,MAE,RMSE,MAPE_percent,n_train,n_test,fit_time_sec,predict_time_sec
cat,0.45233338576576065,0.29062895324132537,0.2015593305706318,36.31676132113237,6208,1552,3.417999267578125,0.0022268295288085938
