Model,R2,MAE,RMSE,MAPE_percent,n_train,n_test,fit_time_sec,predict_time_sec
cat,0.9967199047087874,0.005909045538257905,0.00020970058008284867,2.9387356047933446,8145,2036,3.4892749786376953,0.0026216506958007812
