Model,R2,MAE,RMSE,MAPE_percent,n_train,n_test,fit_time_sec,predict_time_sec
cat,0.90569598971004,0.11535667662696505,0.055523663978707956,9.204693476230394,396,7529,3.586379051208496,0.0075795650482177734
