Model,R2,MAE,RMSE,MAPE_percent,n_train,n_test,fit_time_sec,predict_time_sec
cat,0.96620357489783,0.12937939180251404,0.04473998174379591,5.576944952136257,6208,1552,3.692716598510742,0.002443075180053711
