Model,R2,MAE,RMSE,MAPE_percent,n_train,n_test,fit_time_sec,predict_time_sec
cat,0.12221135003225148,0.002474263569462197,0.00044159416108619263,13.327269681500486,8151,2038,3.8281164169311523,0.002691984176635742
