Model,R2,MAE,RMSE,MAPE_percent,n_train,n_test,fit_time_sec,predict_time_sec
cat,0.8959084890346102,0.09573425097428359,0.023228139872901586,8.29950054979703,6214,1554,3.4775304794311523,0.0024569034576416016
