Model,R2,MAE,RMSE,MAPE_percent,n_train,n_test,fit_time_sec,predict_time_sec
gbm,0.9914129083498839,0.0008873509297981652,1.4484033430966758e-06,7.744903005144847,2036,8145,4.884897947311401,0.04713129997253418
