Model,R2,MAE,RMSE,MAPE_percent,n_train,n_test,fit_time_sec,predict_time_sec
cat,0.9257209961179437,0.0010672535869730014,2.7733986191999995e-05,7.488279143402049,3563,6618,4.5028440952301025,0.007857084274291992
