Model,R2,MAE,RMSE,MAPE_percent,n_train,n_test,fit_time_sec,predict_time_sec
cat,0.9923046176350094,0.002194111497293622,6.733846689480991e-05,2.8622638670457725,8145,2036,4.4287261962890625,0.0034372806549072266
