Model,R2,MAE,RMSE,MAPE_percent,n_train,n_test,fit_time_sec,predict_time_sec
gbm,0.3082460174041851,0.2184915614122043,0.15548193037032737,56.678762249475966,6206,1552,13.712203025817871,0.01155543327331543
