Model,R2,MAE,RMSE,MAPE_percent,n_train,n_test,fit_time_sec,predict_time_sec
cat,0.32113414934183915,0.32476054481668715,0.37640080916336277,33.953947221936716,2132,4973,5.345463514328003,0.00779271125793457
