Model,R2,MAE,RMSE,MAPE_percent,n_train,n_test,fit_time_sec,predict_time_sec
gbm,0.9734407356541303,0.05494124543808456,0.0066508942295081105,4.156519507850924,5684,1421,14.124276399612427,0.011657476425170898
