Model,R2,MAE,RMSE,MAPE_percent,n_train,n_test,fit_time_sec,predict_time_sec
gbm,0.9853385001529866,0.006286707537775355,0.0001183123798460009,11.49452152300226,8145,2036,28.645744562149048,0.015924692153930664
