Model,R2,MAE,RMSE,MAPE_percent,n_train,n_test,fit_time_sec,predict_time_sec
gbm,0.8867534589798405,0.28071707314328914,0.14349403704130428,10.786841448027968,6208,1552,15.580729961395264,0.011952877044677734
