Model,R2,MAE,RMSE,MAPE_percent,n_train,n_test,fit_time_sec,predict_time_sec
gbm,0.8593063383483557,0.2963014152333815,0.1789837905863789,11.552655542359457,6214,1554,15.395176887512207,0.011766910552978516
