Model,R2,MAE,RMSE,MAPE_percent,n_train,n_test,fit_time_sec,predict_time_sec
gbm,0.93848770773078,0.2859076425233004,0.20073188718076893,7.437807133702205,6213,1553,15.883873462677002,0.01280832290649414
