Model,R2,MAE,RMSE,MAPE_percent,n_train,n_test,fit_time_sec,predict_time_sec
rf,0.9891107841088496,0.007004779505158671,0.0005285781811839316,1.876121698809527,6208,1552,37.34553241729736,0.2866017818450928
