Model,R2,MAE,RMSE,MAPE_percent,n_train,n_test,fit_time_sec,predict_time_sec
cat,0.9862286681595188,0.013887974236701767,0.0003760726204569019,7.049472055464568,4072,6109,4.942972421646118,0.005968332290649414
