Model,R2,MAE,RMSE,MAPE_percent,n_train,n_test,fit_time_sec,predict_time_sec
cat,0.9881343186320081,0.012022878306617824,0.00027164992468576627,6.942870124532985,8145,2036,3.6329948902130127,0.002651691436767578
