Model,R2,MAE,RMSE,MAPE_percent,n_train,n_test,fit_time_sec,predict_time_sec
cat,0.9333278088549609,0.0662802395658704,0.015264517227791723,8.622991769067596,882,7938,3.882450819015503,0.007701396942138672
