Model,R2,MAE,RMSE,MAPE_percent,n_train,n_test,fit_time_sec,predict_time_sec
cat,0.8274770947305863,0.05305034576733906,0.038619728418455235,9.320971418671293,388,7370,2.784454822540283,0.009753227233886719
