Model,R2,MAE,RMSE,MAPE_percent,n_train,n_test,fit_time_sec,predict_time_sec
cat,0.9292113317749859,0.012960609847178272,0.004548238937682225,3.9403647294249646,4656,3104,3.4038448333740234,0.0035753250122070312
