Model,R2,MAE,RMSE,MAPE_percent,n_train,n_test,fit_time_sec,predict_time_sec
gbm,0.9365553385202932,0.2865052891511733,0.20703775067636698,7.518770921104736,6213,1553,15.61048674583435,0.013782739639282227
