Model,R2,MAE,RMSE,MAPE_percent,n_train,n_test,fit_time_sec,predict_time_sec
cat,0.9636107904800001,0.12248675772844829,0.03656823951563719,5.264140192637727,6208,1552,3.318983793258667,0.0022809505462646484
