Model,R2,MAE,RMSE,MAPE_percent,n_train,n_test,fit_time_sec,predict_time_sec
rf,0.9781919702666685,0.01342412219685742,0.0008496705388065464,2998188.8637355287,3395,7921,18.359005212783813,0.7033798694610596
