Model,R2,MAE,RMSE,MAPE_percent,n_train,n_test,fit_time_sec,predict_time_sec
cat,0.2787278055919802,0.2648650503884423,0.18254068940069196,42.1272293994784,7062,1765,3.2679195404052734,0.002442598342895508
