Model,R2,MAE,RMSE,MAPE_percent,n_train,n_test,fit_time_sec,predict_time_sec
rf,0.958335986786164,0.13440189958731236,0.055155158716494054,5.390428399686199,6208,1552,37.064793825149536,0.2851855754852295
