Model,R2,MAE,RMSE,MAPE_percent,n_train,n_test,fit_time_sec,predict_time_sec
cat,0.8994142359638668,0.005259796860803284,0.001073482344381267,7.165169121740841,7127,3054,4.867506265640259,0.0039010047912597656
