Model,R2,MAE,RMSE,MAPE_percent,n_train,n_test,fit_time_sec,predict_time_sec
cat,0.9426895468651323,0.005176318093169424,0.0004932050708957302,7.7868684474471035,3563,6618,4.518535614013672,0.006858348846435547
