Model,R2,MAE,RMSE,MAPE_percent,n_train,n_test,fit_time_sec,predict_time_sec
gbm,0.9147158917741159,0.06872570195949554,0.030974684787860456,5.767007433233797,6208,1552,22.299988508224487,0.012295246124267578
