Model,R2,MAE,RMSE,MAPE_percent,n_train,n_test,fit_time_sec,predict_time_sec
cat,0.985826466246339,0.003151424930763468,0.00010080311956094435,5.28061967249692,8145,2036,3.631133794784546,0.002663850784301758
