Model,R2,MAE,RMSE,MAPE_percent,n_train,n_test,fit_time_sec,predict_time_sec
cat,0.9752568474034593,0.04382454681660789,0.004264097804504171,5.241727766855644,3087,5733,4.394853115081787,0.008039474487304688
