Model,R2,MAE,RMSE,MAPE_percent,n_train,n_test,fit_time_sec,predict_time_sec
gbm,0.13231590765154455,0.037281991373793295,0.5729950847323119,7.126454639360951,8151,2038,19.87931776046753,0.014337778091430664
