Model,R2,MAE,RMSE,MAPE_percent,n_train,n_test,fit_time_sec,predict_time_sec
cat,0.9744049547039241,0.0014442401186446458,9.134130473891303e-06,13.844922946961386,8145,2036,3.521291494369507,0.0026826858520507812
