Model,R2,MAE,RMSE,MAPE_percent,n_train,n_test,fit_time_sec,predict_time_sec
cat,0.9942407984933176,0.004565225376818616,4.4372947864600585e-05,7.459060039332085,7127,3054,4.824784755706787,0.0037610530853271484
