Model,R2,MAE,RMSE,MAPE_percent,n_train,n_test,fit_time_sec,predict_time_sec
cat,0.910104044195889,0.0011052482248833254,3.302619509286226e-05,7.84618773387033,2545,7636,3.9681618213653564,0.008700847625732422
