Model,R2,MAE,RMSE,MAPE_percent,n_train,n_test,fit_time_sec,predict_time_sec
gbm,0.8801676104226851,0.10879205963061607,0.050501957652789815,9.500569162319833,6208,1552,15.394933462142944,0.011937856674194336
