Model,R2,MAE,RMSE,MAPE_percent,n_train,n_test,fit_time_sec,predict_time_sec
cat,0.3228798751207409,0.15205805062850541,0.07590937889759435,3169693638.110678,6224,5092,4.425968408584595,0.007234334945678711
