Model,R2,MAE,RMSE,MAPE_percent,n_train,n_test,fit_time_sec,predict_time_sec
gbm,0.9966801052212686,0.006094112157625867,7.871454211724681e-05,3.228337592741673,8145,2036,20.398094415664673,0.013611793518066406
