Model,R2,MAE,RMSE,MAPE_percent,n_train,n_test,fit_time_sec,predict_time_sec
cat,0.9278359164788856,0.12880833384432266,0.07272108790681113,6.49277229143095,6206,1552,3.625898599624634,0.002374887466430664
