Model,R2,MAE,RMSE,MAPE_percent,n_train,n_test,fit_time_sec,predict_time_sec
rf,0.9228676625857893,0.0011965217452357992,2.7614048811119538e-05,8.475716818620823,509,9672,2.4422969818115234,0.5500547885894775
