Model,R2,MAE,RMSE,MAPE_percent,n_train,n_test,fit_time_sec,predict_time_sec
gbm,0.9987085285657625,0.00024299872084313894,1.3509672353396037e-07,1.900899895924055,8145,2036,20.51331353187561,0.013993263244628906
