Model,R2,MAE,RMSE,MAPE_percent,n_train,n_test,fit_time_sec,predict_time_sec
cat,0.9461561905309293,0.2669709738248741,0.14402735995858246,7.150589087586985,6206,1552,3.4086496829986572,0.002336740493774414
