Model,R2,MAE,RMSE,MAPE_percent,n_train,n_test,fit_time_sec,predict_time_sec
rf,0.997788392044199,0.002614877383905942,1.4644529484545576e-05,4.369693145426652,8145,2036,83.41418719291687,0.8094773292541504
