Model,R2,MAE,RMSE,MAPE_percent,n_train,n_test,fit_time_sec,predict_time_sec
cat,0.9063204790017598,0.007654645720530184,0.0008470878232435702,13.469555923365961,2036,8145,4.05306077003479,0.012377500534057617
