Model,R2,MAE,RMSE,MAPE_percent,n_train,n_test,fit_time_sec,predict_time_sec
gbm,0.9884587808930464,0.005264781005701727,0.00011124961218288585,7.159144977390061,8145,2036,33.544947385787964,0.014761924743652344
