Model,R2,MAE,RMSE,MAPE_percent,n_train,n_test,fit_time_sec,predict_time_sec
rf,0.9611308360009094,0.11816838156460825,0.0355844753756911,4.882058625249876,6208,1552,36.42848348617554,0.2801170349121094
