Model,R2,MAE,RMSE,MAPE_percent,n_train,n_test,fit_time_sec,predict_time_sec
cat,0.7289246505774379,0.006274579444904549,0.002436606624939099,7.9825274119629475,8151,2038,3.7073702812194824,0.0025899410247802734
