Model,R2,MAE,RMSE,MAPE_percent,n_train,n_test,fit_time_sec,predict_time_sec
cat,0.9853274468915033,0.001365621232575523,4.460797149162728e-06,9.911843185659253,1018,9163,3.300341844558716,0.012210607528686523
