Model,R2,MAE,RMSE,MAPE_percent,n_train,n_test,fit_time_sec,predict_time_sec
cat,0.9805847735887259,0.0008307883635632085,1.2201144420992344e-06,6.939269367808447,7127,3054,3.4809842109680176,0.0037469863891601562
