Model,R2,MAE,RMSE,MAPE_percent,n_train,n_test,fit_time_sec,predict_time_sec
cat,0.9901961719937271,0.013865593014309154,0.0003762257132333065,7.0819552507948345,5090,5091,4.55144190788269,0.005369901657104492
