Model,R2,MAE,RMSE,MAPE_percent,n_train,n_test,fit_time_sec,predict_time_sec
rf,0.9904864273274088,0.014965756331630683,0.0023744622723766836,1.9607752433647807,6213,1553,36.59424829483032,0.2872631549835205
