Model,R2,MAE,RMSE,MAPE_percent,n_train,n_test,fit_time_sec,predict_time_sec
gbm,0.9698850013553876,0.040448397587966985,0.005441596295336074,3.4774758061523583,6208,1552,15.415253639221191,0.011508941650390625
