Model,R2,MAE,RMSE,MAPE_percent,n_train,n_test,fit_time_sec,predict_time_sec
rf,0.9570392989477545,0.05993807492485808,0.010578396446295877,4.491778893945391,5612,1403,32.90634489059448,0.273392915725708
