Model,R2,MAE,RMSE,MAPE_percent,n_train,n_test,fit_time_sec,predict_time_sec
gbm,0.9319579469812329,0.13795285839516153,0.06519020875940791,6.7833489996527145,6206,1552,16.383074283599854,0.025301218032836914
