Model,R2,MAE,RMSE,MAPE_percent,n_train,n_test,fit_time_sec,predict_time_sec
rf,0.33444475727391965,0.14117179063434646,0.06735955189543946,381167513.14841175,9059,2265,67.32415509223938,0.4686312675476074
