Model,R2,MAE,RMSE,MAPE_percent,n_train,n_test,fit_time_sec,predict_time_sec
gbm,0.9016129145210799,0.0033206527716142503,0.0009432646658444705,4.47711675857351,8145,2036,23.414026260375977,0.016284704208374023
