Model,R2,MAE,RMSE,MAPE_percent,n_train,n_test,fit_time_sec,predict_time_sec
cat,0.9796598394667891,0.00717069305546297,0.00017671887896790332,13.166320160854319,6109,4072,4.3494627475738525,0.005111217498779297
