Model,R2,MAE,RMSE,MAPE_percent,n_train,n_test,fit_time_sec,predict_time_sec
gbm,0.9605894649197341,0.07454479229986906,0.016788985019553084,5.6236595445261255,9053,2263,22.854805946350098,0.017211437225341797
