Model,R2,MAE,RMSE,MAPE_percent,n_train,n_test,fit_time_sec,predict_time_sec
cat,0.7109230096792714,0.581597647504024,0.6658894814520867,10090322066.427378,1132,10184,3.9362714290618896,0.010564088821411133
