Model,R2,MAE,RMSE,MAPE_percent,n_train,n_test,fit_time_sec,predict_time_sec
gbm,0.9175632023342836,0.07792192533235191,0.03033225678274168,5.599843024502691,5612,1403,14.742186307907104,0.011631011962890625
