Model,R2,MAE,RMSE,MAPE_percent,n_train,n_test,fit_time_sec,predict_time_sec
rf,0.9597180248174619,0.13843468532068937,0.05157295614346837,5.561684624383913,6208,1552,36.514161348342896,0.2809937000274658
