Model,R2,MAE,RMSE,MAPE_percent,n_train,n_test,fit_time_sec,predict_time_sec
cat,0.9866971364208474,0.0026383088651503028,0.00011018824618065874,3.442955113980141,8145,2036,3.7655200958251953,0.0027730464935302734
