Model,R2,MAE,RMSE,MAPE_percent,n_train,n_test,fit_time_sec,predict_time_sec
cat,0.8925211120365317,0.2763963089384046,0.13238413133679763,10.630775676719772,6208,1552,3.4138975143432617,0.002305746078491211
