Model,R2,MAE,RMSE,MAPE_percent,n_train,n_test,fit_time_sec,predict_time_sec
cat,0.9870368900473021,0.00475214584217614,4.0908381028715194e-05,7.257725883508441,4072,6109,4.532309532165527,0.006311893463134766
