Model,R2,MAE,RMSE,MAPE_percent,n_train,n_test,fit_time_sec,predict_time_sec
rf,0.9940100297272173,0.005673667500995189,0.0004527048548582832,2.2179613181346984,8151,2038,55.01185607910156,0.40337705612182617
