Model,R2,MAE,RMSE,MAPE_percent,n_train,n_test,fit_time_sec,predict_time_sec
cat,0.8930974973365312,0.005518320309749847,0.0011301456403777126,7.124048593693495,5600,4581,4.617491006851196,0.0047986507415771484
