Model,R2,MAE,RMSE,MAPE_percent,n_train,n_test,fit_time_sec,predict_time_sec
cat,0.9208212380563217,0.007151854273993595,0.0007717032756311587,12.65237265267605,5090,5091,4.424563884735107,0.0054934024810791016
