Model,R2,MAE,RMSE,MAPE_percent,n_train,n_test,fit_time_sec,predict_time_sec
gbm,0.9768341624069238,0.006921045209085059,0.0012840858497700314,1.9589951113125508,6208,1552,20.13036799430847,0.012194395065307617
