Model,R2,MAE,RMSE,MAPE_percent,n_train,n_test,fit_time_sec,predict_time_sec
gbm,0.9621564481422276,0.0023788977728454214,0.0004379686611551664,2.0659505025169023,8145,2036,20.4838604927063,0.014643192291259766
