Model,R2,MAE,RMSE,MAPE_percent,n_train,n_test,fit_time_sec,predict_time_sec
gbm,0.9455076630698452,0.13457252074452294,0.05073352532242166,6.924565146182983,6206,1552,15.383146286010742,0.012286901473999023
