Model,R2,MAE,RMSE,MAPE_percent,n_train,n_test,fit_time_sec,predict_time_sec
gbm,0.9532978994563318,0.05208657277038146,0.01713951368073896,4.146641153664789,6208,1552,19.276477098464966,0.01233220100402832
