Model,R2,MAE,RMSE,MAPE_percent,n_train,n_test,fit_time_sec,predict_time_sec
rf,0.9987687136087199,0.0014606911015110462,4.159331736126565e-06,2.0748705703133816,8151,2038,54.83967590332031,0.38007473945617676
