Model,R2,MAE,RMSE,MAPE_percent,n_train,n_test,fit_time_sec,predict_time_sec
cat,0.9884084865923813,0.012235044766128762,0.00027131656302809,6.939003843346351,8145,2036,3.656067132949829,0.0027163028717041016
