Model,R2,MAE,RMSE,MAPE_percent,n_train,n_test,fit_time_sec,predict_time_sec
rf,0.030079958529027895,0.00884974989112169,0.00429037929611669,10.388823146943572,8151,2038,54.34981679916382,0.42417025566101074
