Model,R2,MAE,RMSE,MAPE_percent,n_train,n_test,fit_time_sec,predict_time_sec
cat,0.26566123919715645,0.1549903525359741,0.08479336144847728,2935121437.91243,3961,7355,4.266324758529663,0.00855875015258789
