Model,R2,MAE,RMSE,MAPE_percent,n_train,n_test,fit_time_sec,predict_time_sec
gbm,0.9893952427594942,0.006589447362084031,7.900465615843208e-05,2.50331759909038,5820,1940,14.420045375823975,0.01308584213256836
