Model,R2,MAE,RMSE,MAPE_percent,n_train,n_test,fit_time_sec,predict_time_sec
cat,0.9383059605428844,0.016950848902798965,0.00386109869882113,8.625546161549478,1018,9163,3.859741687774658,0.01203465461730957
