Model,R2,MAE,RMSE,MAPE_percent,n_train,n_test,fit_time_sec,predict_time_sec
gbm,0.9811547027196841,0.001047046392261397,1.952330796291902e-06,6.712082964085059,6618,3563,15.879343271255493,0.021724224090576172
