Model,R2,MAE,RMSE,MAPE_percent,n_train,n_test,fit_time_sec,predict_time_sec
gbm,0.9623531463600458,0.13483941477700387,0.04944164205366184,5.659218083901095,6208,1552,15.480606317520142,0.012750387191772461
