Model,R2,MAE,RMSE,MAPE_percent,n_train,n_test,fit_time_sec,predict_time_sec
gbm,0.8922761294691886,0.007379097429072414,0.0010251240388251875,13.117312220614567,8145,2036,18.583039045333862,0.0150604248046875
