Model,R2,MAE,RMSE,MAPE_percent,n_train,n_test,fit_time_sec,predict_time_sec
rf,0.97376706454332,0.054286205041729665,0.00856947280214058,3.5284934575367357,6340,1585,36.54784297943115,0.3149998188018799
