Model,R2,MAE,RMSE,MAPE_percent,n_train,n_test,fit_time_sec,predict_time_sec
cat,0.9939035047945092,0.008285561774137268,0.0001342376142432668,4.584952511132088,8145,2036,3.738311767578125,0.0026586055755615234
