Model,R2,MAE,RMSE,MAPE_percent,n_train,n_test,fit_time_sec,predict_time_sec
rf,0.9832485230132012,0.001068508223797902,6.234300125899197e-06,7.169817853734149,6618,3563,41.075843811035156,0.49602222442626953
