Model,R2,MAE,RMSE,MAPE_percent,n_train,n_test,fit_time_sec,predict_time_sec
rf,0.9164251047799974,0.013841609420882842,0.0052852605911916034,3.3264803447716553,5432,2328,32.960280656814575,0.34885501861572266
