Model,R2,MAE,RMSE,MAPE_percent,n_train,n_test,fit_time_sec,predict_time_sec
cat,0.9875942576150013,0.01017554641805047,0.0011991711305787461,4.126213359297649,8145,2036,3.666689872741699,0.0027632713317871094
