Model,R2,MAE,RMSE,MAPE_percent,n_train,n_test,fit_time_sec,predict_time_sec
cat,0.9951256292236095,0.0006216562416655613,1.4796484138116038e-06,4.645216113564326,8145,2036,4.417497634887695,0.002912759780883789
