Model,R2,MAE,RMSE,MAPE_percent,n_train,n_test,fit_time_sec,predict_time_sec
cat,0.9872342450834389,0.0009208048855960239,1.5590800190881743e-06,7.018533083747338,8145,2036,3.4722137451171875,0.002645254135131836
