Model,R2,MAE,RMSE,MAPE_percent,n_train,n_test,fit_time_sec,predict_time_sec
gbm,0.968701287396574,0.05819886160853553,0.008642596607736787,4.371401112242573,5684,1421,14.045686960220337,0.011580467224121094
