Model,R2,MAE,RMSE,MAPE_percent,n_train,n_test,fit_time_sec,predict_time_sec
cat,0.9747719829568423,0.06705956600788747,0.015642608283592967,1519642222.8304663,9059,2265,3.7215185165405273,0.002926349639892578
