Model,R2,MAE,RMSE,MAPE_percent,n_train,n_test,fit_time_sec,predict_time_sec
cat,0.9918305163104579,0.00046716018341350156,2.901948812914047e-06,3.0591131046507765,8145,2036,3.799586772918701,0.0027933120727539062
