Model,R2,MAE,RMSE,MAPE_percent,n_train,n_test,fit_time_sec,predict_time_sec
cat,0.9953732047408481,0.00875982563063915,0.00025286558438189494,5.116103275362119,8145,2036,3.5669820308685303,0.0026488304138183594
