Model,R2,MAE,RMSE,MAPE_percent,n_train,n_test,fit_time_sec,predict_time_sec
cat,0.9546449430690477,0.19410352078611653,0.07675379560596732,6.508822640386273,1981,5944,4.451797723770142,0.006441831588745117
