Model,R2,MAE,RMSE,MAPE_percent,n_train,n_test,fit_time_sec,predict_time_sec
rf,0.989022396776101,0.005938185216968691,8.272252847040654e-05,10.372908104711637,8145,2036,52.206995487213135,0.40693116188049316
