Model,R2,MAE,RMSE,MAPE_percent,n_train,n_test,fit_time_sec,predict_time_sec
cat,0.9931840744157995,0.009444070196966031,0.00019405123670589538,4.5199904036783884,8151,2038,3.6709201335906982,0.0026848316192626953
