Model,R2,MAE,RMSE,MAPE_percent,n_train,n_test,fit_time_sec,predict_time_sec
gbm,0.945577949165609,0.2707311068843891,0.1613924273321797,7.425557928372717,6206,1552,16.470826387405396,0.013649940490722656
