Model,R2,MAE,RMSE,MAPE_percent,n_train,n_test,fit_time_sec,predict_time_sec
cat,0.9938025479239905,0.008349776071477728,0.00017113410372997717,4.165741676435076,8145,2036,3.853074312210083,0.002630949020385742
