Model,R2,MAE,RMSE,MAPE_percent,n_train,n_test,fit_time_sec,predict_time_sec
gbm,0.9452910504345416,0.11260752811891055,0.0337559685989657,5.425609670251712,6206,1552,15.60456919670105,0.011689424514770508
