Model,R2,MAE,RMSE,MAPE_percent,n_train,n_test,fit_time_sec,predict_time_sec
gbm,0.928789593220165,0.008403077433888809,0.0008090072849141727,13.46708187341304,8145,2036,18.152335166931152,0.015379667282104492
