Model,R2,MAE,RMSE,MAPE_percent,n_train,n_test,fit_time_sec,predict_time_sec
gbm,0.9690862407327414,0.04287493359591348,0.005570486302756104,3.788222106504118,6208,1552,15.534933090209961,0.011462926864624023
