Model,R2,MAE,RMSE,MAPE_percent,n_train,n_test,fit_time_sec,predict_time_sec
rf,0.3204947001225442,0.001246264147762177,0.0002331218596143416,7.28806964689162,8151,2038,55.85828685760498,0.38036632537841797
