Model,R2,MAE,RMSE,MAPE_percent,n_train,n_test,fit_time_sec,predict_time_sec
gbm,0.9663028668880742,0.0020532833020093923,0.0002960342244395126,2.2234413061207112,8145,2036,20.520841598510742,0.01413869857788086
