Model,R2,MAE,RMSE,MAPE_percent,n_train,n_test,fit_time_sec,predict_time_sec
rf,0.974624939028952,0.012273772626149997,0.0017268468462259168,2.6790290376132635,9059,2265,56.98199439048767,0.4340970516204834
