Model,R2,MAE,RMSE,MAPE_percent,n_train,n_test,fit_time_sec,predict_time_sec
cat,0.816560596344384,0.004636988246598713,0.00306880162172816,4.371891998206834,8151,2038,3.910698175430298,0.0031669139862060547
