Model,R2,MAE,RMSE,MAPE_percent,n_train,n_test,fit_time_sec,predict_time_sec
cat,0.946148112633658,0.05541365962446934,0.019672812704492063,4.763120900256992,6208,1552,3.598034143447876,0.0036094188690185547
