Model,R2,MAE,RMSE,MAPE_percent,n_train,n_test,fit_time_sec,predict_time_sec
rf,0.9880352458957832,0.0010958735964374168,2.301071651965246e-06,7.26420179583852,3054,7127,16.801037073135376,0.6529436111450195
