Model,R2,MAE,RMSE,MAPE_percent,n_train,n_test,fit_time_sec,predict_time_sec
gbm,0.9894485354797442,0.006659437032592489,8.346597032347584e-05,2.5516591689300814,5432,2328,13.561460494995117,0.015094757080078125
