Model,R2,MAE,RMSE,MAPE_percent,n_train,n_test,fit_time_sec,predict_time_sec
cat,0.9707958034750555,0.07005624615895474,0.018811749631339168,4.493721055422808,6340,1585,4.737658739089966,0.0029273033142089844
