Model,R2,MAE,RMSE,MAPE_percent,n_train,n_test,fit_time_sec,predict_time_sec
gbm,0.9322595577867415,0.03205744494996827,0.015559412251272378,4.010162866875087,4655,3103,11.52849793434143,0.021269559860229492
