Model,R2,MAE,RMSE,MAPE_percent,n_train,n_test,fit_time_sec,predict_time_sec
cat,0.9780657945614367,0.02361176893117784,0.0016077988745638034,4.423086639769237,2715,5043,3.5121376514434814,0.005913257598876953
