Model,R2,MAE,RMSE,MAPE_percent,n_train,n_test,fit_time_sec,predict_time_sec
cat,0.9379455068970816,0.2654863882564773,0.1677250308337311,6.947898908205826,6206,1552,3.7138993740081787,0.002354860305786133
