Model,R2,MAE,RMSE,MAPE_percent,n_train,n_test,fit_time_sec,predict_time_sec
gbm,0.9872838127601695,0.010548671733816543,0.000274224837489823,2.999808877717088,8487,2829,21.26880145072937,0.01883077621459961
