Model,R2,MAE,RMSE,MAPE_percent,n_train,n_test,fit_time_sec,predict_time_sec
rf,0.40923789532584864,0.00978844942130942,0.033795076663767895,5.077740577288295,8151,2038,54.252827167510986,0.39833855628967285
