Model,R2,MAE,RMSE,MAPE_percent,n_train,n_test,fit_time_sec,predict_time_sec
rf,0.9835601975545596,0.007255128413834528,0.0011784947701001967,3.070275567482983,8145,2036,50.32998037338257,0.3738725185394287
