Model,R2,MAE,RMSE,MAPE_percent,n_train,n_test,fit_time_sec,predict_time_sec
cat,0.9010283371190145,0.020080424763766654,0.007549984127532511,9.542038979493197,509,9672,3.6593892574310303,0.009403228759765625
