Model,R2,MAE,RMSE,MAPE_percent,n_train,n_test,fit_time_sec,predict_time_sec
gbm,0.9886009395859274,0.0009252134970396595,1.548297799162842e-06,6.969378844972464,8145,2036,19.777213096618652,0.014883279800415039
