Model,R2,MAE,RMSE,MAPE_percent,n_train,n_test,fit_time_sec,predict_time_sec
gbm,0.9896624086122654,0.0009485629755652206,1.6105190956590905e-06,7.190086823756816,8151,2038,19.795084953308105,0.014646053314208984
