Model,R2,MAE,RMSE,MAPE_percent,n_train,n_test,fit_time_sec,predict_time_sec
rf,0.9557604993488138,0.022451224138966816,0.0042763045020403215,11.293005683759636,8145,2036,49.85859537124634,0.4070415496826172
