Model,R2,MAE,RMSE,MAPE_percent,n_train,n_test,fit_time_sec,predict_time_sec
cat,0.9521536413733833,0.18745958036931876,0.11452298223148945,2403866897.069801,9053,2263,4.208833694458008,0.008362054824829102
