Model,R2,MAE,RMSE,MAPE_percent,n_train,n_test,fit_time_sec,predict_time_sec
gbm,0.31005465770552243,0.006557405896757512,0.005918011576703072,8.022646611808435,8151,2038,19.864240407943726,0.013681650161743164
