Model,R2,MAE,RMSE,MAPE_percent,n_train,n_test,fit_time_sec,predict_time_sec
gbm,0.9557205372142897,0.01944656911725219,0.0033437735867035065,11.524122128534813,8145,2036,19.532852172851562,0.01553654670715332
