Model,R2,MAE,RMSE,MAPE_percent,n_train,n_test,fit_time_sec,predict_time_sec
rf,0.9480236537643701,0.25105930825918416,0.16775553394579737,6.775114864266636,6206,1552,67.88766670227051,0.2912781238555908
