Model,R2,MAE,RMSE,MAPE_percent,n_train,n_test,fit_time_sec,predict_time_sec
cat,0.9945975344506204,0.005566003440720184,6.872209694611726e-05,2.3088363093130027,6208,1552,3.4369046688079834,0.002279520034790039
