Model,R2,MAE,RMSE,MAPE_percent,n_train,n_test,fit_time_sec,predict_time_sec
cat,0.926312359337128,0.10853429511679989,0.040834675780815316,8.386008802428197,396,7529,3.533792018890381,0.007404327392578125
