Model,R2,MAE,RMSE,MAPE_percent,n_train,n_test,fit_time_sec,predict_time_sec
gbm,0.9631929026604054,0.040536978140843366,0.006494604565248143,3.708629297487234,6208,1552,15.489923000335693,0.01175832748413086
