Model,R2,MAE,RMSE,MAPE_percent,n_train,n_test,fit_time_sec,predict_time_sec
gbm,0.9545099138718927,0.005692769890205419,0.003435194080564156,1.817948840168238,8145,2036,20.88609743118286,0.014265060424804688
