Model,R2,MAE,RMSE,MAPE_percent,n_train,n_test,fit_time_sec,predict_time_sec
rf,0.9274950039374006,0.0012965868492765048,3.095954453493642e-05,7.857891269380783,1018,9163,5.250385522842407,0.6259887218475342
