Model,R2,MAE,RMSE,MAPE_percent,n_train,n_test,fit_time_sec,predict_time_sec
gbm,0.9941826972389927,0.0047407028309355255,0.00031702585490685193,1.275497538359831,6208,1552,15.705171823501587,0.012328863143920898
