Model,R2,MAE,RMSE,MAPE_percent,n_train,n_test,fit_time_sec,predict_time_sec
rf,0.9850077352643027,0.012455596262920265,0.0005424233298685114,348683.2489999049,3961,7355,21.702463626861572,0.6863276958465576
