Model,R2,MAE,RMSE,MAPE_percent,n_train,n_test,fit_time_sec,predict_time_sec
rf,0.9638062412146784,0.039778272117380095,0.006167368263308624,3.5156602210734,6208,1552,35.68165302276611,0.28121089935302734
