Model,R2,MAE,RMSE,MAPE_percent,n_train,n_test,fit_time_sec,predict_time_sec
gbm,0.9812860590018196,0.017523984976748244,0.0012480236422164513,2.8299954312596123,6213,1553,15.580924034118652,0.011725187301635742
