Model,R2,MAE,RMSE,MAPE_percent,n_train,n_test,fit_time_sec,predict_time_sec
cat,0.9838274264187679,0.02083164500987461,0.002326179799193296,3.671723713371732,6206,1552,7.0736143589019775,0.0055694580078125
