Model,R2,MAE,RMSE,MAPE_percent,n_train,n_test,fit_time_sec,predict_time_sec
rf,0.9552060163935308,0.08263144109670426,0.02833548034299675,54013729.29261147,9053,2263,54.66307306289673,0.44042086601257324
