Model,R2,MAE,RMSE,MAPE_percent,n_train,n_test,fit_time_sec,predict_time_sec
cat,0.9871353554614327,0.012778235260347494,0.00037144374768036554,3.701076383149647,2774,5151,4.761091232299805,0.00551295280456543
