Model,R2,MAE,RMSE,MAPE_percent,n_train,n_test,fit_time_sec,predict_time_sec
rf,0.9310288664505935,0.01846273833988426,0.008372500380227913,4.527955036835247,8487,2829,52.86969971656799,0.4951446056365967
