Model,R2,MAE,RMSE,MAPE_percent,n_train,n_test,fit_time_sec,predict_time_sec
rf,0.980403545513212,0.001032475513594162,2.0014969694672777e-06,6.701924912582389,6618,3563,40.33627915382385,0.46892738342285156
