Model,R2,MAE,RMSE,MAPE_percent,n_train,n_test,fit_time_sec,predict_time_sec
cat,0.9953338968579193,0.013141682868843946,0.0008764135232240694,2.4349547218967813,6206,1552,4.739253520965576,0.016588687896728516
