Model,R2,MAE,RMSE,MAPE_percent,n_train,n_test,fit_time_sec,predict_time_sec
rf,0.9880699956758732,0.0008241891002874138,1.3075904451135106e-06,7.1695473444525994,8145,2036,51.71390175819397,0.3997461795806885
