Model,R2,MAE,RMSE,MAPE_percent,n_train,n_test,fit_time_sec,predict_time_sec
cat,0.973198824332489,0.03898978677318478,0.005029353144551286,3.5923331600583452,6208,1552,4.627364635467529,0.002862691879272461
