Model,R2,MAE,RMSE,MAPE_percent,n_train,n_test,fit_time_sec,predict_time_sec
cat,0.9895275799251887,0.007582516593862092,0.00013210130425060643,2.9854117977435495,6208,1552,3.459017515182495,0.0022890567779541016
