Model,R2,MAE,RMSE,MAPE_percent,n_train,n_test,fit_time_sec,predict_time_sec
rf,0.9955911743585001,0.005002111442234445,0.00024835823839516603,1.3548274993548544,6208,1552,37.258713483810425,0.28391146659851074
