Model,R2,MAE,RMSE,MAPE_percent,n_train,n_test,fit_time_sec,predict_time_sec
cat,0.47725521389231396,0.06155358332449643,0.40419687063199833,5.252524286899233,3969,4851,4.553786993026733,0.0060389041900634766
