Model,R2,MAE,RMSE,MAPE_percent,n_train,n_test,fit_time_sec,predict_time_sec
gbm,0.9889612863045018,0.0040495138238288856,2.975689255866421e-05,6.831818424585467,8145,2036,20.392115354537964,0.014587163925170898
