Model,R2,MAE,RMSE,MAPE_percent,n_train,n_test,fit_time_sec,predict_time_sec
cat,0.9927088516477246,0.0009521025065416358,2.145081724417018e-06,7.560222499064015,7127,3054,5.010727167129517,0.004075050354003906
