Model,R2,MAE,RMSE,MAPE_percent,n_train,n_test,fit_time_sec,predict_time_sec
gbm,0.9531628762557087,0.012228937532989976,0.0029249859548240247,3.186832782120805,4268,3492,10.591110944747925,0.023947954177856445
