Model,R2,MAE,RMSE,MAPE_percent,n_train,n_test,fit_time_sec,predict_time_sec
gbm,0.3598717258951084,0.001392723944084348,0.00036373560980545934,5.728467985521948,8151,2038,20.537251710891724,0.01319742202758789
