Model,R2,MAE,RMSE,MAPE_percent,n_train,n_test,fit_time_sec,predict_time_sec
cat,0.8753376844126348,0.01973339989412018,0.009788987292053861,8.477262140085896,1018,9163,4.055837392807007,0.009524822235107422
