Model,R2,MAE,RMSE,MAPE_percent,n_train,n_test,fit_time_sec,predict_time_sec
rf,0.9991559740028846,0.00117595648411205,2.6897541716244195e-06,1.6655752073101129,8151,2038,54.843878984451294,0.39189720153808594
