Model,R2,MAE,RMSE,MAPE_percent,n_train,n_test,fit_time_sec,predict_time_sec
gbm,0.94642163908107,0.00933524607090496,0.0032780832479720337,4.509156700737532,8145,2036,35.596596240997314,0.01458287239074707
