Model,R2,MAE,RMSE,MAPE_percent,n_train,n_test,fit_time_sec,predict_time_sec
cat,0.7708955386646879,0.510156085973997,0.5353530072089402,4916942614.763106,8487,2829,4.671390771865845,0.003960847854614258
