Model,R2,MAE,RMSE,MAPE_percent,n_train,n_test,fit_time_sec,predict_time_sec
cat,0.9943197718083493,0.00543956653953085,0.00017325124946241863,2.198825474392297,6208,1552,8.398154020309448,0.009461164474487305
