Model,R2,MAE,RMSE,MAPE_percent,n_train,n_test,fit_time_sec,predict_time_sec
cat,0.9962582780267133,0.007229217196395602,9.993347082009929e-05,3.6215905960487937,8145,2036,3.744098424911499,0.0027391910552978516
