Model,R2,MAE,RMSE,MAPE_percent,n_train,n_test,fit_time_sec,predict_time_sec
rf,0.9557128763413475,0.25023751121337007,0.14627077504070957,6.672577631264938,6206,1552,37.08420515060425,0.284900426864624
