Model,R2,MAE,RMSE,MAPE_percent,n_train,n_test,fit_time_sec,predict_time_sec
cat,0.19610337879757378,0.3380993594075921,0.8228671259239192,31.68469889041754,5690,1423,3.080801248550415,0.002145051956176758
