Model,R2,MAE,RMSE,MAPE_percent,n_train,n_test,fit_time_sec,predict_time_sec
gbm,0.9967761754871054,0.007882563941931087,0.000199590847366986,4.23936005691601,8145,2036,21.25273895263672,0.015592336654663086
