Model,R2,MAE,RMSE,MAPE_percent,n_train,n_test,fit_time_sec,predict_time_sec
gbm,0.9573256256840347,0.011571709555285132,0.006922345885360909,1.6949518237050778,6340,1585,15.919980764389038,0.012835979461669922
