Model,R2,MAE,RMSE,MAPE_percent,n_train,n_test,fit_time_sec,predict_time_sec
rf,0.9457249457049788,0.1352460571633289,0.07178043582185521,5.609143089015805,6208,1552,36.304099559783936,0.28747081756591797
