Model,R2,MAE,RMSE,MAPE_percent,n_train,n_test,fit_time_sec,predict_time_sec
rf,0.9951746120631577,0.0039901678575737865,3.124957299748884e-05,7.115215224848173,8145,2036,51.34688758850098,0.4059944152832031
