Model,R2,MAE,RMSE,MAPE_percent,n_train,n_test,fit_time_sec,predict_time_sec
cat,0.9884295287223823,0.01700145618818017,0.0011346488429812424,7.03943653842425,8145,2036,3.743915319442749,0.002784252166748047
