Model,R2,MAE,RMSE,MAPE_percent,n_train,n_test,fit_time_sec,predict_time_sec
cat,0.9591343643238122,0.13466914939624416,0.05230587423850359,6.00394088424091,6208,1552,3.6846718788146973,0.0023245811462402344
