Model,R2,MAE,RMSE,MAPE_percent,n_train,n_test,fit_time_sec,predict_time_sec
gbm,0.9485579587664601,0.2649699726149378,0.16603104526186466,7.203605892151542,6206,1552,15.521780490875244,0.013069391250610352
