Model,R2,MAE,RMSE,MAPE_percent,n_train,n_test,fit_time_sec,predict_time_sec
gbm,0.9953316398145042,0.007558069215410542,0.00010900482458198008,4.119241138245925,8145,2036,20.080198287963867,0.013835430145263672
