Model,R2,MAE,RMSE,MAPE_percent,n_train,n_test,fit_time_sec,predict_time_sec
rf,0.8626504008943412,0.01944441773597421,0.013669274401406984,10.537821301520914,8145,2036,53.85276412963867,0.4132859706878662
