Model,R2,MAE,RMSE,MAPE_percent,n_train,n_test,fit_time_sec,predict_time_sec
gbm,0.9963744106416884,0.006116973898407176,8.284958561773693e-05,3.2613730865960977,8145,2036,20.934854745864868,0.013607025146484375
