Model,R2,MAE,RMSE,MAPE_percent,n_train,n_test,fit_time_sec,predict_time_sec
rf,0.9733480950411396,0.009330423989045983,0.0008246409573534627,3.1625315729076973,1164,6596,5.653078556060791,0.4581763744354248
