Model,R2,MAE,RMSE,MAPE_percent,n_train,n_test,fit_time_sec,predict_time_sec
cat,0.9875886592536601,0.0047243063014514525,3.952279373699385e-05,7.238158668844284,4072,6109,4.969082832336426,0.006205081939697266
