Model,R2,MAE,RMSE,MAPE_percent,n_train,n_test,fit_time_sec,predict_time_sec
gbm,0.9667910442271609,0.12233570305910572,0.03154734921151992,5.097576672604422,6208,1552,15.387378215789795,0.012753725051879883
