Model,R2,MAE,RMSE,MAPE_percent,n_train,n_test,fit_time_sec,predict_time_sec
rf,0.9856107933818067,0.0008549455425707893,1.4127595926448386e-06,7.225795391334036,4581,5600,26.802685976028442,0.5996420383453369
