Model,R2,MAE,RMSE,MAPE_percent,n_train,n_test,fit_time_sec,predict_time_sec
rf,0.984244211465273,0.00034530317419099164,4.782494811345315e-06,2.1312540482776003,8145,2036,50.984042167663574,0.43946051597595215
