Model,R2,MAE,RMSE,MAPE_percent,n_train,n_test,fit_time_sec,predict_time_sec
rf,0.8923369775667188,0.2735922607248324,0.13363316795633712,10.71319568914132,6208,1552,37.89555072784424,0.27653002738952637
