Model,R2,MAE,RMSE,MAPE_percent,n_train,n_test,fit_time_sec,predict_time_sec
cat,0.9492783969424804,0.24388371926974456,0.13905183994383108,6.337709604332696,6206,1552,3.469788074493408,0.002338886260986328
