Model,R2,MAE,RMSE,MAPE_percent,n_train,n_test,fit_time_sec,predict_time_sec
cat,0.9524516010662847,0.24998946054645915,0.1258409570833246,6.472363791306282,6213,1553,3.578190565109253,0.0023713111877441406
