Model,R2,MAE,RMSE,MAPE_percent,n_train,n_test,fit_time_sec,predict_time_sec
cat,0.997182546064483,0.0026647397552686217,2.7303144076378282e-05,3.570665935290511,8145,2036,34.27229833602905,0.0073010921478271484
