Model,R2,MAE,RMSE,MAPE_percent,n_train,n_test,fit_time_sec,predict_time_sec
rf,0.9798559089451194,0.011176334695935845,0.0014297049643451525,3.065747740189278,6208,1552,46.78990626335144,0.29292917251586914
