Model,R2,MAE,RMSE,MAPE_percent,n_train,n_test,fit_time_sec,predict_time_sec
cat,0.9357042398639359,0.015099768137145485,0.004819007520860248,7.660507917133907,3563,6618,4.49789023399353,0.0069484710693359375
