Model,R2,MAE,RMSE,MAPE_percent,n_train,n_test,fit_time_sec,predict_time_sec
rf,0.9952774988017864,0.0008061915276931833,1.2387114193762085e-06,7.145836202799137,8145,2036,51.67024111747742,0.40462422370910645
