Model,R2,MAE,RMSE,MAPE_percent,n_train,n_test,fit_time_sec,predict_time_sec
cat,0.9517551055713063,0.035245466939490565,0.008097661919838496,6.666554307216198,776,6982,2.983783721923828,0.007848024368286133
