Model,R2,MAE,RMSE,MAPE_percent,n_train,n_test,fit_time_sec,predict_time_sec
cat,0.9852959703646237,0.012222911318437371,0.0003418462604191188,3.5526631003527855,7921,3395,4.898273706436157,0.004523277282714844
