Model,R2,MAE,RMSE,MAPE_percent,n_train,n_test,fit_time_sec,predict_time_sec
cat,0.9805414736243291,0.03635171934387722,0.0026484809844839847,3.9663862766814564,7056,1764,3.893486499786377,0.002671480178833008
