Model,R2,MAE,RMSE,MAPE_percent,n_train,n_test,fit_time_sec,predict_time_sec
cat,0.9285978859052001,0.005233678988709522,0.0006550737007975827,7.376175794725668,3563,6618,4.477938175201416,0.00760960578918457
