Model,R2,MAE,RMSE,MAPE_percent,n_train,n_test,fit_time_sec,predict_time_sec
rf,0.9676864104163763,0.047202504246959584,0.005806609815107379,4.229050884250035,6208,1552,36.263439893722534,0.29134273529052734
