Model,R2,MAE,RMSE,MAPE_percent,n_train,n_test,fit_time_sec,predict_time_sec
cat,0.38018881398297455,0.0017763958175599464,0.00011081701780749812,12.00951361531327,8151,2038,3.6410486698150635,0.0026242733001708984
