Model,R2,MAE,RMSE,MAPE_percent,n_train,n_test,fit_time_sec,predict_time_sec
rf,-2.390904524112238,0.0020546598154279412,0.000524146373629571,12.084511548461247,8151,2038,57.237011432647705,0.38106560707092285
