Model,R2,MAE,RMSE,MAPE_percent,n_train,n_test,fit_time_sec,predict_time_sec
rf,0.991728833190875,0.0048135240882611185,0.00011125853772237842,1.6840678478339854,6208,1552,37.65319585800171,0.2794938087463379
