Model,R2,MAE,RMSE,MAPE_percent,n_train,n_test,fit_time_sec,predict_time_sec
gbm,0.9976387562573127,0.0017028214199042305,2.3513717860001135e-05,1.8672651418437023,8145,2036,32.52814602851868,0.014466285705566406
