Model,R2,MAE,RMSE,MAPE_percent,n_train,n_test,fit_time_sec,predict_time_sec
cat,0.9887391286528593,0.001094261979946376,2.549705016684615e-06,8.83575656157821,1527,8654,4.230291128158569,0.008423566818237305
