Model,R2,MAE,RMSE,MAPE_percent,n_train,n_test,fit_time_sec,predict_time_sec
cat,0.9550891717361779,0.06978480179564317,0.01262759890141113,4.730574527812369,4359,3566,4.561938762664795,0.004609584808349609
