Model,R2,MAE,RMSE,MAPE_percent,n_train,n_test,fit_time_sec,predict_time_sec
rf,0.9641902250325914,0.1832732209062179,0.0860460201862601,47834561.24309753,9053,2263,62.15468454360962,0.45934081077575684
