Model,R2,MAE,RMSE,MAPE_percent,n_train,n_test,fit_time_sec,predict_time_sec
cat,0.9946467649396037,0.0004942275560336911,5.742456790125277e-07,4.023683925005905,8145,2036,3.5723044872283936,0.002627134323120117
