Model,R2,MAE,RMSE,MAPE_percent,n_train,n_test,fit_time_sec,predict_time_sec
gbm,0.9984122167914565,0.002086670768730954,1.0282602752150316e-05,3.1996199835972754,8145,2036,20.319265365600586,0.014206171035766602
