Model,R2,MAE,RMSE,MAPE_percent,n_train,n_test,fit_time_sec,predict_time_sec
cat,0.9554997763633595,0.07855679146393132,0.02478962986843256,5.176505043816726,5944,1981,5.5607099533081055,0.0037012100219726562
