Model,R2,MAE,RMSE,MAPE_percent,n_train,n_test,fit_time_sec,predict_time_sec
rf,0.3324658627728918,0.025348386393169584,0.0707393078191052,9.721513357386154,8151,2038,53.875542640686035,0.41251134872436523
