Model,R2,MAE,RMSE,MAPE_percent,n_train,n_test,fit_time_sec,predict_time_sec
rf,0.9955828093314733,0.0030103666911682715,1.9916797549768886e-05,3.752795839838382,8145,2036,52.437620401382446,0.39811277389526367
