Model,R2,MAE,RMSE,MAPE_percent,n_train,n_test,fit_time_sec,predict_time_sec
gbm,0.9700561040135824,0.0008867825392183038,8.983191159781396e-06,7.422635932228368,6109,4072,15.067399740219116,0.027054786682128906
