Model,R2,MAE,RMSE,MAPE_percent,n_train,n_test,fit_time_sec,predict_time_sec
cat,0.8662529085134304,0.005557035430455497,0.0015039810254329662,7.387023728766126,8145,2036,10.027086019515991,0.017688989639282227
