Model,R2,MAE,RMSE,MAPE_percent,n_train,n_test,fit_time_sec,predict_time_sec
cat,0.9439329748165735,0.015340443718854156,0.004695341225078754,3.2073191144549686,6208,1552,3.3844056129455566,0.002315998077392578
