Model,R2,MAE,RMSE,MAPE_percent,n_train,n_test,fit_time_sec,predict_time_sec
gbm,0.9907340942174697,0.0006790286494431447,3.9423837138476515e-06,4.166257821095233,8145,2036,20.383475303649902,0.014136791229248047
