Model,R2,MAE,RMSE,MAPE_percent,n_train,n_test,fit_time_sec,predict_time_sec
cat,0.966194098800498,0.07668376537483781,0.01479464633399311,6.092056651016438,9059,2265,3.6394762992858887,0.002929210662841797
