Model,R2,MAE,RMSE,MAPE_percent,n_train,n_test,fit_time_sec,predict_time_sec
cat,0.9354954013265041,0.05845106048000256,0.024206770443888068,5.602052946629621,6208,1552,6.911716461181641,0.01251530647277832
