Model,R2,MAE,RMSE,MAPE_percent,n_train,n_test,fit_time_sec,predict_time_sec
cat,0.9426317681223503,0.06851458752311729,0.02402999065860313,5.592237701013156,2487,4618,4.3452980518341064,0.005633354187011719
