Model,R2,MAE,RMSE,MAPE_percent,n_train,n_test,fit_time_sec,predict_time_sec
cat,0.9512609206146287,0.2658044761650542,0.15636541449657557,7.4870976857414835,6206,1552,3.4930903911590576,0.002378702163696289
