Model,R2,MAE,RMSE,MAPE_percent,n_train,n_test,fit_time_sec,predict_time_sec
cat,0.9965902161665071,0.006085725475065482,8.030365352451439e-05,3.3005065347146556,8145,2036,3.7804114818573,0.0028340816497802734
