Model,R2,MAE,RMSE,MAPE_percent,n_train,n_test,fit_time_sec,predict_time_sec
cat,0.9427991934124792,0.11644214842708518,0.03693392094024672,5.842458244294054,6206,1552,3.457819700241089,0.002383708953857422
