Model,R2,MAE,RMSE,MAPE_percent,n_train,n_test,fit_time_sec,predict_time_sec
cat,0.9684453377402131,0.12425093520254477,0.04144076239393453,5.458817883632898,6208,1552,7.397126197814941,0.002131223678588867
