Model,R2,MAE,RMSE,MAPE_percent,n_train,n_test,fit_time_sec,predict_time_sec
cat,0.953347319724196,0.1973819650337294,0.09330688935164538,7.026137529883274,2378,5547,4.673489809036255,0.006676912307739258
