Model,R2,MAE,RMSE,MAPE_percent,n_train,n_test,fit_time_sec,predict_time_sec
gbm,0.9844341717937463,0.01852160226969512,0.0011106054452758958,3.1583086464043064,6206,1552,15.877309799194336,0.011743545532226562
