Model,R2,MAE,RMSE,MAPE_percent,n_train,n_test,fit_time_sec,predict_time_sec
cat,0.970772061791491,0.012019250446567601,0.0008594619872712404,5.084372660624224,1164,6596,2.8568694591522217,0.007398366928100586
