Model,R2,MAE,RMSE,MAPE_percent,n_train,n_test,fit_time_sec,predict_time_sec
gbm,0.36254419999345333,0.2995201766792688,0.2182757534399841,37.78861454398544,6208,1552,13.737334251403809,0.011884689331054688
