Model,R2,MAE,RMSE,MAPE_percent,n_train,n_test,fit_time_sec,predict_time_sec
cat,0.9666710040926076,0.06123966255461116,0.00884029613100209,4.809349635467472,3858,3157,6.555426359176636,0.0041005611419677734
