Model,R2,MAE,RMSE,MAPE_percent,n_train,n_test,fit_time_sec,predict_time_sec
gbm,0.8901804491359535,0.09246344855121917,0.023365338655425536,8.238027428600395,6208,1552,15.454827070236206,0.011721611022949219
