Model,R2,MAE,RMSE,MAPE_percent,n_train,n_test,fit_time_sec,predict_time_sec
cat,0.8946203706324634,0.0013140240235610323,4.885880354690147e-05,7.475188226431341,2545,7636,3.1497743129730225,0.009591102600097656
