Model,R2,MAE,RMSE,MAPE_percent,n_train,n_test,fit_time_sec,predict_time_sec
gbm,0.9985737056360336,0.0011395052157729684,3.6774762638829056e-06,1.7549630648637147,8145,2036,20.38223648071289,0.013759136199951172
