Model,R2,MAE,RMSE,MAPE_percent,n_train,n_test,fit_time_sec,predict_time_sec
cat,0.943162785915406,0.0051635778813335104,0.0005095564717509642,7.56894440828511,3054,7127,4.481830596923828,0.007470607757568359
