Model,R2,MAE,RMSE,MAPE_percent,n_train,n_test,fit_time_sec,predict_time_sec
cat,0.9912983920891367,0.004850573949603937,4.782321866167561e-05,7.393462170108619,3054,7127,4.414747714996338,0.007220745086669922
