Model,R2,MAE,RMSE,MAPE_percent,n_train,n_test,fit_time_sec,predict_time_sec
gbm,0.9743029808917308,0.006073970693131307,7.717488831682876e-05,9.882717236680431,8145,2036,19.466620445251465,0.015352249145507812
