Model,R2,MAE,RMSE,MAPE_percent,n_train,n_test,fit_time_sec,predict_time_sec
rf,0.9314753223584464,0.2618120445045565,0.2182859909999615,7.157745398340828,6213,1553,37.85113215446472,0.28583812713623047
