Model,R2,MAE,RMSE,MAPE_percent,n_train,n_test,fit_time_sec,predict_time_sec
gbm,-0.0671896618917669,0.030640726389559204,0.1736962815697675,8.423716072478257,8151,2038,20.363413095474243,0.0141754150390625
