Model,R2,MAE,RMSE,MAPE_percent,n_train,n_test,fit_time_sec,predict_time_sec
cat,0.9963373922747583,0.0024227492452039857,1.2236481834332173e-05,3.619830025348441,8145,2036,3.566981554031372,0.002605438232421875
