Model,R2,MAE,RMSE,MAPE_percent,n_train,n_test,fit_time_sec,predict_time_sec
rf,0.9747150301018316,0.02518730710342136,0.005315720329618929,2.978008284150174,6206,1552,37.222328662872314,0.2829608917236328
