Model,R2,MAE,RMSE,MAPE_percent,n_train,n_test,fit_time_sec,predict_time_sec
cat,0.9013153536056965,0.10143263127614525,0.036499978489858635,8.759412798383053,6208,1552,3.597531795501709,0.0023746490478515625
