Model,R2,MAE,RMSE,MAPE_percent,n_train,n_test,fit_time_sec,predict_time_sec
cat,0.38252824536723296,0.3265046354933658,0.27992869747874394,32.29243012584391,5684,1421,4.57416296005249,0.0025544166564941406
