Model,R2,MAE,RMSE,MAPE_percent,n_train,n_test,fit_time_sec,predict_time_sec
gbm,0.9209524786623673,0.1439100317294218,0.08344973071109153,7.237611701186308,6206,1552,17.224843502044678,0.012969970703125
