Model,R2,MAE,RMSE,MAPE_percent,n_train,n_test,fit_time_sec,predict_time_sec
gbm,0.34095691144316964,0.15262122694637642,0.0745167824023446,2093622579.4937272,9053,2263,20.738447666168213,0.015740633010864258
