Model,R2,MAE,RMSE,MAPE_percent,n_train,n_test,fit_time_sec,predict_time_sec
rf,0.9885620065511662,0.007894950863749146,0.0001941371380310458,2.96626792494971,1940,5820,9.954064130783081,0.4691426753997803
