Model,R2,MAE,RMSE,MAPE_percent,n_train,n_test,fit_time_sec,predict_time_sec
gbm,0.9947510237674243,0.0008999764215172883,1.5933624488075057e-06,7.35920246078383,8145,2036,20.068190813064575,0.015383481979370117
