Model,R2,MAE,RMSE,MAPE_percent,n_train,n_test,fit_time_sec,predict_time_sec
rf,0.9516368438537272,0.007822700974713109,0.000506443010997862,11.467308327201827,8145,2036,50.65255618095398,0.3822627067565918
