Model,R2,MAE,RMSE,MAPE_percent,n_train,n_test,fit_time_sec,predict_time_sec
rf,0.9860589189417873,0.010832724565017122,0.00028908574128561033,3.03572386692644,9053,2263,56.121455907821655,0.4022974967956543
