Model,R2,MAE,RMSE,MAPE_percent,n_train,n_test,fit_time_sec,predict_time_sec
gbm,0.9652157054824768,0.0060001928085570465,0.004872062145208549,1.8955189117540843,8151,2038,20.679192543029785,0.012957572937011719
