Model,R2,MAE,RMSE,MAPE_percent,n_train,n_test,fit_time_sec,predict_time_sec
rf,0.9811260133529013,0.0004888525344926758,6.387779643643283e-06,3.0641376152333435,8145,2036,73.35687828063965,0.4281349182128906
