Model,R2,MAE,RMSE,MAPE_percent,n_train,n_test,fit_time_sec,predict_time_sec
cat,0.9952782374903837,0.0005772971830270412,6.499796060343462e-07,4.195295048754024,8145,2036,4.663614749908447,0.0035011768341064453
