Model,R2,MAE,RMSE,MAPE_percent,n_train,n_test,fit_time_sec,predict_time_sec
cat,0.5924026583820143,0.011237992651186256,0.004237209827302359,12.465588773793883,8151,2038,3.671217203140259,0.0025942325592041016
