Model,R2,MAE,RMSE,MAPE_percent,n_train,n_test,fit_time_sec,predict_time_sec
rf,0.9960271851890468,0.0062016503840273025,0.00015406442155001108,1.6947720212814126,9053,2263,56.2127583026886,0.42267918586730957
