Model,R2,MAE,RMSE,MAPE_percent,n_train,n_test,fit_time_sec,predict_time_sec
cat,0.9929238797019598,0.009429843954318076,0.00043809110598531275,5.014014498785829,8145,2036,7.235271215438843,0.013544321060180664
