Model,R2,MAE,RMSE,MAPE_percent,n_train,n_test,fit_time_sec,predict_time_sec
cat,0.9960390452183177,0.000495134124336978,5.000374129966985e-07,3.569035521622979,8145,2036,3.577918767929077,0.002638578414916992
