Model,R2,MAE,RMSE,MAPE_percent,n_train,n_test,fit_time_sec,predict_time_sec
rf,0.9662391164436084,0.01721466462199232,0.0034168733742340847,6524237.2287743455,9059,2265,56.88756489753723,0.4458491802215576
