Model,R2,MAE,RMSE,MAPE_percent,n_train,n_test,fit_time_sec,predict_time_sec
cat,0.776017463250672,0.5074165704606262,0.5116433064958836,310.612166204305,9053,2263,3.3515257835388184,0.0028781890869140625
