Model,R2,MAE,RMSE,MAPE_percent,n_train,n_test,fit_time_sec,predict_time_sec
cat,0.9540798809358741,0.05574627101380416,0.01699139780775136,5.221899617318835,6208,1552,3.382554054260254,0.0022623538970947266
