Model,R2,MAE,RMSE,MAPE_percent,n_train,n_test,fit_time_sec,predict_time_sec
gbm,0.9297049070258246,0.009976660577006677,0.0049131843228219065,4.4760629415508095,8145,2036,40.42301368713379,0.027064800262451172
