Model,R2,MAE,RMSE,MAPE_percent,n_train,n_test,fit_time_sec,predict_time_sec
rf,0.93535966895424,0.055439072567874434,0.022133953383871217,4.581838345713469,6208,1552,36.11341190338135,0.28427577018737793
