Model,R2,MAE,RMSE,MAPE_percent,n_train,n_test,fit_time_sec,predict_time_sec
rf,0.9781842109890311,0.0010880358441550575,9.3498008086418e-06,6.952592936481252,8145,2036,51.565043687820435,0.41565704345703125
