Model,R2,MAE,RMSE,MAPE_percent,n_train,n_test,fit_time_sec,predict_time_sec
cat,0.9755017889662022,0.007287260724299218,0.00023762447995042215,12.150544111843285,8145,2036,3.368868589401245,0.0026311874389648438
