Model,R2,MAE,RMSE,MAPE_percent,n_train,n_test,fit_time_sec,predict_time_sec
rf,0.9607331349743188,0.1712799701531998,0.07819432339086527,5.75702590983274,6340,1585,37.72295951843262,0.2791440486907959
