Model,R2,MAE,RMSE,MAPE_percent,n_train,n_test,fit_time_sec,predict_time_sec
gbm,0.1528604907489156,0.01151108726122562,0.013725228713992678,13.816279668333264,8151,2038,18.273828983306885,0.014750242233276367
