Model,R2,MAE,RMSE,MAPE_percent,n_train,n_test,fit_time_sec,predict_time_sec
cat,0.8904892408699873,0.2793971754077481,0.13695329940931725,10.565990657717798,6208,1552,3.6603829860687256,0.002523183822631836
