Model,R2,MAE,RMSE,MAPE_percent,n_train,n_test,fit_time_sec,predict_time_sec
gbm,0.9782482291725626,0.0024880700914994137,0.00019109247619666272,2.9535130572552584,8145,2036,20.352717638015747,0.014118671417236328
