Model,R2,MAE,RMSE,MAPE_percent,n_train,n_test,fit_time_sec,predict_time_sec
rf,0.9684711805952113,0.000444593687971452,2.1393633430639494e-05,2.36376154046674,8151,2038,54.61826300621033,0.4014153480529785
