Model,R2,MAE,RMSE,MAPE_percent,n_train,n_test,fit_time_sec,predict_time_sec
gbm,0.9983018133297021,0.00031603982488762067,2.9207678896169294e-07,1.9199768312390186,8145,2036,20.648497343063354,0.013729333877563477
