Model,R2,MAE,RMSE,MAPE_percent,n_train,n_test,fit_time_sec,predict_time_sec
rf,0.9958392620418711,0.0005310496356069876,5.384339438349641e-07,3.871782599832673,8145,2036,51.10731530189514,0.39359045028686523
