Model,R2,MAE,RMSE,MAPE_percent,n_train,n_test,fit_time_sec,predict_time_sec
rf,0.9484725535194121,0.2558184565205102,0.16029281695589337,6.815805762750221,6206,1552,36.76115441322327,0.2871530055999756
