Model,R2,MAE,RMSE,MAPE_percent,n_train,n_test,fit_time_sec,predict_time_sec
cat,0.9869716639919748,0.00965140523186818,0.0003523244164005054,2.588465700162044,6208,1552,3.438262701034546,0.002390146255493164
