Model,R2,MAE,RMSE,MAPE_percent,n_train,n_test,fit_time_sec,predict_time_sec
gbm,0.9414941119455756,0.29231573179326376,0.21090681654160326,7.7932445647400135,6213,1553,15.436517715454102,0.013106107711791992
