Model,R2,MAE,RMSE,MAPE_percent,n_train,n_test,fit_time_sec,predict_time_sec
rf,0.9340122388954099,0.08225654870704678,0.041371598970350906,5.579393966608681,6208,1552,43.49822187423706,0.30147719383239746
