Model,R2,MAE,RMSE,MAPE_percent,n_train,n_test,fit_time_sec,predict_time_sec
cat,0.8835266744241512,0.0019463315793949078,4.1698465332030056e-05,20.57970722315506,509,9672,3.4401862621307373,0.009893417358398438
