Model,R2,MAE,RMSE,MAPE_percent,n_train,n_test,fit_time_sec,predict_time_sec
gbm,0.9576289136809533,0.07831133699356448,0.021134762199747806,5.759377050291219,9059,2265,22.808483600616455,0.017588138580322266
