Model,R2,MAE,RMSE,MAPE_percent,n_train,n_test,fit_time_sec,predict_time_sec
rf,0.9787522680097125,0.03510531356718439,0.0031858479497936785,3.7113490822664947,7056,1764,47.58660078048706,0.32581329345703125
