Model,R2,MAE,RMSE,MAPE_percent,n_train,n_test,fit_time_sec,predict_time_sec
cat,0.9896318927368313,0.015979272841648882,0.0008093799248627617,7.092585008104267,8145,2036,1.0389525890350342,0.0030286312103271484
