Model,R2,MAE,RMSE,MAPE_percent,n_train,n_test,fit_time_sec,predict_time_sec
cat,0.9952555688723973,0.011589329714717773,0.0003140190308687889,2.124783907817896,6206,1552,10.064876079559326,0.002874612808227539
