Model,R2,MAE,RMSE,MAPE_percent,n_train,n_test,fit_time_sec,predict_time_sec
rf,0.9943489606183911,0.006043305443319649,0.00012913383861371458,3.2058138941867695,8145,2036,52.11715388298035,0.40073275566101074
