Model,R2,MAE,RMSE,MAPE_percent,n_train,n_test,fit_time_sec,predict_time_sec
rf,0.9886569431810007,0.005069347045055837,7.186451908953831e-05,10.833649815145574,8145,2036,49.78514838218689,0.3932807445526123
