Model,R2,MAE,RMSE,MAPE_percent,n_train,n_test,fit_time_sec,predict_time_sec
rf,0.928972346253537,0.014355903373337848,0.004259175192119472,3.7079908111334556,1164,6596,5.813382148742676,0.4796023368835449
