Model,R2,MAE,RMSE,MAPE_percent,n_train,n_test,fit_time_sec,predict_time_sec
cat,0.9966770708734818,0.000468477080242838,5.192392189832993e-07,3.112906493470115,8145,2036,3.786525011062622,0.0026557445526123047
