Model,R2,MAE,RMSE,MAPE_percent,n_train,n_test,fit_time_sec,predict_time_sec
cat,0.562742617219639,0.03570571540224344,0.028211049736821186,18.42781198289384,8151,2038,3.3484020233154297,0.0025255680084228516
