Model,R2,MAE,RMSE,MAPE_percent,n_train,n_test,fit_time_sec,predict_time_sec
cat,0.9185596984556664,0.0013849535672977769,2.8759182488127708e-05,9.881664973926005,509,9672,3.457387924194336,0.009987592697143555
