Model,R2,MAE,RMSE,MAPE_percent,n_train,n_test,fit_time_sec,predict_time_sec
rf,0.9975777739646888,0.00044859417833338606,7.944977688807779e-07,3.1349534327925395,8145,2036,50.54252099990845,0.41054797172546387
