Model,R2,MAE,RMSE,MAPE_percent,n_train,n_test,fit_time_sec,predict_time_sec
rf,0.9873675393963588,0.000680102830381694,5.1273495252264305e-06,4.000040555590182,8145,2036,75.35012030601501,0.45288968086242676
