Model,R2,MAE,RMSE,MAPE_percent,n_train,n_test,fit_time_sec,predict_time_sec
cat,0.9616395306291929,0.017793687800214637,0.00349258101839544,28623281.777417578,9059,2265,3.7116270065307617,0.002925872802734375
