Model,R2,MAE,RMSE,MAPE_percent,n_train,n_test,fit_time_sec,predict_time_sec
cat,0.926218860161784,0.0014893364777563121,2.648844094043658e-05,12.535493873068637,3054,7127,4.727861404418945,0.0081329345703125
