Model,R2,MAE,RMSE,MAPE_percent,n_train,n_test,fit_time_sec,predict_time_sec
gbm,0.9612039228375606,0.04408967593618573,0.007050133391971451,4.168618510339305,6208,1552,15.709609985351562,0.011691808700561523
