Model,R2,MAE,RMSE,MAPE_percent,n_train,n_test,fit_time_sec,predict_time_sec
cat,0.9660920365563451,0.10933596237048465,0.031569035554583694,5.884604760561355,6206,1552,3.5189437866210938,0.0023393630981445312
