Model,R2,MAE,RMSE,MAPE_percent,n_train,n_test,fit_time_sec,predict_time_sec
cat,0.8428998250606249,0.09014980817163715,0.07524787150784255,6.912897954175593,1052,5963,3.7232656478881836,0.0068302154541015625
