Model,R2,MAE,RMSE,MAPE_percent,n_train,n_test,fit_time_sec,predict_time_sec
cat,0.9633043649985632,0.19198357984168807,0.0860419176171322,2564406959.810038,5092,6224,4.760604619979858,0.007215023040771484
