Model,R2,MAE,RMSE,MAPE_percent,n_train,n_test,fit_time_sec,predict_time_sec
rf,0.9650611727821473,0.07126178413385614,0.02227776393463785,1864264.6292699035,9053,2263,82.00605320930481,0.4679381847381592
