Model,R2,MAE,RMSE,MAPE_percent,n_train,n_test,fit_time_sec,predict_time_sec
gbm,0.9599776239517894,0.18736828785993598,0.09397293857116536,763572572.6474184,9053,2263,22.734773635864258,0.01835775375366211
