Model,R2,MAE,RMSE,MAPE_percent,n_train,n_test,fit_time_sec,predict_time_sec
gbm,0.9616052265067984,0.07469224332016641,0.024731817753971198,4.496972261845675,6340,1585,15.724332332611084,0.013173818588256836
