Model,R2,MAE,RMSE,MAPE_percent,n_train,n_test,fit_time_sec,predict_time_sec
cat,0.8785309861789345,0.016365507875608108,0.0026885826177594527,5.911310360369102,6208,1552,3.4900407791137695,0.002394437789916992
