Model,R2,MAE,RMSE,MAPE_percent,n_train,n_test,fit_time_sec,predict_time_sec
cat,0.9054764426490582,0.021159028982848327,0.010150762215957294,4.4663941473891855,3566,4359,4.627983093261719,0.005017518997192383
