Model,R2,MAE,RMSE,MAPE_percent,n_train,n_test,fit_time_sec,predict_time_sec
cat,0.9853842259261211,0.012694446316431431,0.0004956365829142831,3.6756386197354476,3566,4359,4.580104351043701,0.004938840866088867
