Model,R2,MAE,RMSE,MAPE_percent,n_train,n_test,fit_time_sec,predict_time_sec
rf,0.9823328617610466,0.023648250820911192,0.0035637413240082304,3.1343391908683174,6213,1553,37.17204833030701,0.2925300598144531
