Model,R2,MAE,RMSE,MAPE_percent,n_train,n_test,fit_time_sec,predict_time_sec
gbm,0.9925680474377649,0.0064985520962093386,8.76948002109041e-05,2.579913424577968,6208,1552,15.474733114242554,0.011152505874633789
