Model,R2,MAE,RMSE,MAPE_percent,n_train,n_test,fit_time_sec,predict_time_sec
rf,0.18237762992900708,0.009173472400048479,0.011880475996861012,7.787340125583989,8151,2038,58.73385262489319,0.38527655601501465
