Model,R2,MAE,RMSE,MAPE_percent,n_train,n_test,fit_time_sec,predict_time_sec
cat,0.17748975637136444,0.009666269671843758,0.04705243704739004,4.914353029778233,8151,2038,3.71470308303833,0.0025882720947265625
