Model,R2,MAE,RMSE,MAPE_percent,n_train,n_test,fit_time_sec,predict_time_sec
gbm,0.9983873454450124,0.001493306889174377,6.826263154243782e-06,1.827536435279156,8145,2036,20.492614030838013,0.013816356658935547
