Model,R2,MAE,RMSE,MAPE_percent,n_train,n_test,fit_time_sec,predict_time_sec
gbm,0.9504194628998268,0.054333299969818456,0.018345828507425617,4.7361337325176995,6208,1552,15.45331621170044,0.01228022575378418
