Model,R2,MAE,RMSE,MAPE_percent,n_train,n_test,fit_time_sec,predict_time_sec
cat,0.3387114295612491,0.1503254993533242,0.0713931938593264,4337970514.853576,6790,4526,4.444580316543579,0.006262779235839844
