Model,R2,MAE,RMSE,MAPE_percent,n_train,n_test,fit_time_sec,predict_time_sec
cat,0.8738866592229441,0.020780335094990863,0.016052715793539295,4.093378354732022,4755,3170,4.860755920410156,0.004536628723144531
