Model,R2,MAE,RMSE,MAPE_percent,n_train,n_test,fit_time_sec,predict_time_sec
gbm,0.9906123527982762,0.0064659842015076605,7.615765623430466e-05,2.491641552885021,5432,2328,13.552472591400146,0.015382051467895508
