Model,R2,MAE,RMSE,MAPE_percent,n_train,n_test,fit_time_sec,predict_time_sec
rf,0.9627525154013109,0.05699626776178921,0.009377471875314233,4.305977049617074,5612,1403,32.85824108123779,0.25792646408081055
