Model,R2,MAE,RMSE,MAPE_percent,n_train,n_test,fit_time_sec,predict_time_sec
gbm,0.9841330069983031,0.033331961180753406,0.0024206042280035377,3.7235884206133543,7056,1764,17.602686166763306,0.013109207153320312
