Model,R2,MAE,RMSE,MAPE_percent,n_train,n_test,fit_time_sec,predict_time_sec
rf,0.9710409755888655,0.15973225264899052,0.06368518308164758,7.529345762677557,9053,2263,55.19516444206238,0.4510374069213867
