Model,R2,MAE,RMSE,MAPE_percent,n_train,n_test,fit_time_sec,predict_time_sec
gbm,0.941160544929408,0.12008007158441682,0.05676940246390385,6.180076872887586,6213,1553,15.436259508132935,0.012535333633422852
