Model,R2,MAE,RMSE,MAPE_percent,n_train,n_test,fit_time_sec,predict_time_sec
cat,0.9966914072593303,0.007158906114959901,0.00011473744092898923,3.10901166672052,8145,2036,3.5179502964019775,0.0026252269744873047
