Model,R2,MAE,RMSE,MAPE_percent,n_train,n_test,fit_time_sec,predict_time_sec
cat,0.973632140529018,0.16245607068538198,0.060232101130502605,87.01166007361037,9053,2263,3.8924777507781982,0.0032787322998046875
