Model,R2,MAE,RMSE,MAPE_percent,n_train,n_test,fit_time_sec,predict_time_sec
cat,0.9050768621611762,0.01803045978098971,0.007331581147003149,8.806659871514576,1018,9163,3.862581968307495,0.011887550354003906
