Model,R2,MAE,RMSE,MAPE_percent,n_train,n_test,fit_time_sec,predict_time_sec
gbm,0.9544454088273675,0.13671876774142191,0.06024735397377501,5.775673209027662,6208,1552,15.747420072555542,0.012803792953491211
