Model,R2,MAE,RMSE,MAPE_percent,n_train,n_test,fit_time_sec,predict_time_sec
cat,0.8974444961534433,0.021677204521126123,0.008589194812673468,12.154173119359369,3563,6618,4.256592512130737,0.007241725921630859
