Model,R2,MAE,RMSE,MAPE_percent,n_train,n_test,fit_time_sec,predict_time_sec
cat,0.9863241569214929,0.004191161931407822,0.00015827242394616172,4.660471642501319,8145,2036,3.479236364364624,0.0026671886444091797
