Model,R2,MAE,RMSE,MAPE_percent,n_train,n_test,fit_time_sec,predict_time_sec
cat,0.885345319019724,0.02686184036287473,0.01317098412843608,266579184.69667938,1132,10184,4.369374513626099,0.010206222534179688
