Model,R2,MAE,RMSE,MAPE_percent,n_train,n_test,fit_time_sec,predict_time_sec
rf,0.9580669808600091,0.07665354085769933,0.02515263574389658,8581501.676326744,9053,2263,104.37745356559753,0.4607267379760742
