Model,R2,MAE,RMSE,MAPE_percent,n_train,n_test,fit_time_sec,predict_time_sec
rf,0.9497982230840796,0.11647336290771501,0.05091810473932363,5.331589954551165,6206,1552,35.76388120651245,0.29184985160827637
