Model,R2,MAE,RMSE,MAPE_percent,n_train,n_test,fit_time_sec,predict_time_sec
cat,0.9281464610309723,0.015364779544541756,0.009261480523207079,2.958850738138438,6340,1585,4.50678277015686,0.002918720245361328
