Model,R2,MAE,RMSE,MAPE_percent,n_train,n_test,fit_time_sec,predict_time_sec
gbm,0.886078985062716,0.008658218189642472,0.011264712896396795,2.8783016871443126,8145,2036,21.418169021606445,0.015828847885131836
