Model,R2,MAE,RMSE,MAPE_percent,n_train,n_test,fit_time_sec,predict_time_sec
cat,0.9523922632352717,0.012628888197321591,0.00307524819002552,3.791196513860431,5432,2328,3.43284273147583,0.002927064895629883
