Model,R2,MAE,RMSE,MAPE_percent,n_train,n_test,fit_time_sec,predict_time_sec
cat,0.8207413498455571,0.19400552075159927,0.4309727078149655,7.773435596542471,9059,2265,3.621965169906616,0.002955198287963867
