Model,R2,MAE,RMSE,MAPE_percent,n_train,n_test,fit_time_sec,predict_time_sec
gbm,0.946163788081435,0.005194861288636972,0.003295040746089638,1.9141086577166417,8145,2036,20.653721809387207,0.014582633972167969
