Model,R2,MAE,RMSE,MAPE_percent,n_train,n_test,fit_time_sec,predict_time_sec
rf,0.9870232844059238,0.0009306294281686408,1.6421786914242384e-06,7.02057634916006,4072,6109,23.221676349639893,0.6162989139556885
