Model,R2,MAE,RMSE,MAPE_percent,n_train,n_test,fit_time_sec,predict_time_sec
cat,0.4117438722244797,0.4082552032883224,0.379289722318319,7416856455.7782755,1132,10184,4.015676259994507,0.010118246078491211
