Model,R2,MAE,RMSE,MAPE_percent,n_train,n_test,fit_time_sec,predict_time_sec
gbm,0.9991662342084418,0.003397856029710979,2.445529265885798e-05,1.463985682273593,8145,2036,20.550796508789062,0.013769865036010742
