Model,R2,MAE,RMSE,MAPE_percent,n_train,n_test,fit_time_sec,predict_time_sec
gbm,0.6642308732238658,0.5666541341742508,0.6894283350932607,22.27053690837285,6340,1585,14.032449960708618,0.012088537216186523
