Model,R2,MAE,RMSE,MAPE_percent,n_train,n_test,fit_time_sec,predict_time_sec
gbm,0.9488438731426032,0.2658593073087262,0.14251766116441533,6.870843128368582,6206,1552,15.839769840240479,0.012369155883789062
