Model,R2,MAE,RMSE,MAPE_percent,n_train,n_test,fit_time_sec,predict_time_sec
cat,0.804324304503395,0.1069490950914713,0.09459267146415808,9.03308314373621,6214,1554,3.8091912269592285,0.0024242401123046875
