Model,R2,MAE,RMSE,MAPE_percent,n_train,n_test,fit_time_sec,predict_time_sec
cat,0.9877382282201844,0.0029294971113587713,9.987242296342047e-05,4.492774091134547,8145,2036,3.6224803924560547,0.0026535987854003906
