Model,R2,MAE,RMSE,MAPE_percent,n_train,n_test,fit_time_sec,predict_time_sec
rf,0.8563192978732346,0.31462939861321837,0.23310340437717705,12.2177445223099,6214,1554,38.319297552108765,0.291015625
