Model,R2,MAE,RMSE,MAPE_percent,n_train,n_test,fit_time_sec,predict_time_sec
cat,0.18240119794823373,0.0021485264421272966,0.001894834079352518,6.623161279361263,8151,2038,3.6597251892089844,0.0025892257690429688
