Model,R2,MAE,RMSE,MAPE_percent,n_train,n_test,fit_time_sec,predict_time_sec
cat,0.9455940530723472,0.03380035314788781,0.012631051831316905,5.005195146532671,2715,5043,3.344923496246338,0.006011009216308594
