Model,R2,MAE,RMSE,MAPE_percent,n_train,n_test,fit_time_sec,predict_time_sec
rf,0.9589068081430997,0.02983822971762317,0.008639121036821143,3.6631913220750345,6206,1552,37.408222913742065,0.2802755832672119
