Model,R2,MAE,RMSE,MAPE_percent,n_train,n_test,fit_time_sec,predict_time_sec
rf,0.6397147437846125,0.01006625664189988,0.0031450057230034876,12.75633386655489,8151,2038,52.613914012908936,0.4350547790527344
