Model,R2,MAE,RMSE,MAPE_percent,n_train,n_test,fit_time_sec,predict_time_sec
gbm,0.9945785169359211,0.007745239662795146,0.00012122087225229682,4.178694599177278,8145,2036,20.338804960250854,0.013904333114624023
