Model,R2,MAE,RMSE,MAPE_percent,n_train,n_test,fit_time_sec,predict_time_sec
gbm,0.1383011674666742,0.012492301930020088,0.06361710016632517,7.183422978473984,8151,2038,19.810173988342285,0.014760971069335938
