Model,R2,MAE,RMSE,MAPE_percent,n_train,n_test,fit_time_sec,predict_time_sec
gbm,0.9542160718859817,0.1020877560188712,0.026573370581705752,4.969790440550429,6206,1552,15.38057565689087,0.012191295623779297
