Model,R2,MAE,RMSE,MAPE_percent,n_train,n_test,fit_time_sec,predict_time_sec
rf,0.9593789457857927,0.04801325396206686,0.007363185259763643,4.340891318419894,6208,1552,36.19183850288391,0.2771425247192383
