Model,R2,MAE,RMSE,MAPE_percent,n_train,n_test,fit_time_sec,predict_time_sec
cat,0.961185716974876,0.18757895207366918,0.08172220752029905,7.727161445577789,9053,2263,3.759805917739868,0.0032112598419189453
