Model,R2,MAE,RMSE,MAPE_percent,n_train,n_test,fit_time_sec,predict_time_sec
rf,0.9890461157064109,0.008998606370103109,0.0002838201416492359,2.367644039217098,6208,1552,45.276976346969604,0.29403090476989746
