Model,R2,MAE,RMSE,MAPE_percent,n_train,n_test,fit_time_sec,predict_time_sec
rf,0.9805105119197333,0.008406567518466116,0.0010978830465139242,1.9574165257700598,6208,1552,37.493876695632935,0.28432607650756836
