Model,R2,MAE,RMSE,MAPE_percent,n_train,n_test,fit_time_sec,predict_time_sec
rf,0.9445766727940519,0.01118048909548918,0.002306616445411169,3.4207802468336017,776,6984,3.653524875640869,0.43351054191589355
