Model,R2,MAE,RMSE,MAPE_percent,n_train,n_test,fit_time_sec,predict_time_sec
cat,0.9430209204381289,0.2027484157636367,0.11070791548117632,6.936218906972417,1585,6340,4.235473871231079,0.007273435592651367
