Model,R2,MAE,RMSE,MAPE_percent,n_train,n_test,fit_time_sec,predict_time_sec
cat,0.9546170205455964,0.1999620489276603,0.09151339424173964,7.213743576296709,1585,6340,4.686293125152588,0.008649349212646484
