Model,R2,MAE,RMSE,MAPE_percent,n_train,n_test,fit_time_sec,predict_time_sec
cat,0.8745571413238693,0.017998810184525104,0.009958854230611856,7.7722837595627094,1527,8654,3.979688882827759,0.009176015853881836
