Model,R2,MAE,RMSE,MAPE_percent,n_train,n_test,fit_time_sec,predict_time_sec
cat,0.9826904445452485,0.020296079190778374,0.0012866261861708094,3.705074298766512,6213,1553,3.383195638656616,0.0022192001342773438
