Model,R2,MAE,RMSE,MAPE_percent,n_train,n_test,fit_time_sec,predict_time_sec
cat,0.9976548059976792,0.0019002845006119808,7.724855727523158e-06,2.80246145066655,8145,2036,3.7722465991973877,0.002713918685913086
