Model,R2,MAE,RMSE,MAPE_percent,n_train,n_test,fit_time_sec,predict_time_sec
cat,0.9912615405291715,0.014229838079277829,0.000644495839754484,7.111751809063459,6618,3563,5.034926176071167,0.004617452621459961
