Model,R2,MAE,RMSE,MAPE_percent,n_train,n_test,fit_time_sec,predict_time_sec
cat,0.9959227814879014,0.00715984095230181,0.00010690854168788316,3.363775793901226,8145,2036,3.778170585632324,0.0027070045471191406
