Model,R2,MAE,RMSE,MAPE_percent,n_train,n_test,fit_time_sec,predict_time_sec
rf,0.9833751296508284,0.02500654683411508,0.00312257589517482,3.5313242744054367,6206,1552,37.283804178237915,0.27863240242004395
