Model,R2,MAE,RMSE,MAPE_percent,n_train,n_test,fit_time_sec,predict_time_sec
cat,0.6603472990909551,0.5686212559302531,0.6853931515416252,23.642101083240686,2378,5547,4.378098011016846,0.00614166259765625
