Model,R2,MAE,RMSE,MAPE_percent,n_train,n_test,fit_time_sec,predict_time_sec
cat,0.9232504144903204,0.0599380620763954,0.025659887672180578,5.256475342054744,6208,1552,3.55999493598938,0.0023479461669921875
