Model,R2,MAE,RMSE,MAPE_percent,n_train,n_test,fit_time_sec,predict_time_sec
cat,0.9889480198950394,0.008116096134310464,0.00012820514721730532,3.263706783520526,3492,4268,3.5120179653167725,0.004475116729736328
