Model,R2,MAE,RMSE,MAPE_percent,n_train,n_test,fit_time_sec,predict_time_sec
cat,0.957328195517121,0.07883359934171265,0.016282268192058125,5.602948586134745,1981,5944,4.434182643890381,0.006300926208496094
