Model,R2,MAE,RMSE,MAPE_percent,n_train,n_test,fit_time_sec,predict_time_sec
gbm,0.9964527331598267,0.007154736514883156,0.00011730099093425335,2.977537848080839,8145,2036,20.416065454483032,0.013353586196899414
