Model,R2,MAE,RMSE,MAPE_percent,n_train,n_test,fit_time_sec,predict_time_sec
cat,0.9779139098706516,0.016271004074827938,0.005512396820968949,2.890138416354443,6213,1553,3.481757402420044,0.002313852310180664
