Model,R2,MAE,RMSE,MAPE_percent,n_train,n_test,fit_time_sec,predict_time_sec
cat,0.9492432318517178,0.19121538460646026,0.09278660878482432,6.459707101965673,2378,5547,4.2434351444244385,0.006072044372558594
