Model,R2,MAE,RMSE,MAPE_percent,n_train,n_test,fit_time_sec,predict_time_sec
cat,0.9464188357615149,0.1988521078932661,0.1110914143269269,6.9882448594879,2378,5547,4.501806974411011,0.006192684173583984
