Model,R2,MAE,RMSE,MAPE_percent,n_train,n_test,fit_time_sec,predict_time_sec
cat,0.977670155813946,0.016156468812377558,0.0012523359887985856,4.558791428569017,1981,5944,3.8836123943328857,0.006482362747192383
