Model,R2,MAE,RMSE,MAPE_percent,n_train,n_test,fit_time_sec,predict_time_sec
cat,0.9924413798777991,0.009757226491000744,0.0004960737137720641,4.564146705182506,8145,2036,3.591296434402466,0.0028228759765625
