Model,R2,MAE,RMSE,MAPE_percent,n_train,n_test,fit_time_sec,predict_time_sec
cat,0.9803045436878842,0.017057127188237826,0.0012054587191130102,11.983952576790628,8145,2036,3.3324944972991943,0.0026862621307373047
