Model,R2,MAE,RMSE,MAPE_percent,n_train,n_test,fit_time_sec,predict_time_sec
gbm,-0.1244474138874514,0.032473968999466744,0.10077987044144329,15.987837409195377,8151,2038,18.242420196533203,0.014795780181884766
