Model,R2,MAE,RMSE,MAPE_percent,n_train,n_test,fit_time_sec,predict_time_sec
gbm,0.989108983918834,0.000931045044758794,1.5772399690662782e-06,7.252223231036417,8145,2036,20.10199546813965,0.014920711517333984
