Model,R2,MAE,RMSE,MAPE_percent,n_train,n_test,fit_time_sec,predict_time_sec
cat,0.8866688466920618,0.016878605667451665,0.009665446071320504,7.557729554939435,4072,6109,5.692729473114014,0.00603032112121582
