Model,R2,MAE,RMSE,MAPE_percent,n_train,n_test,fit_time_sec,predict_time_sec
cat,0.9940538592872152,0.0006846103387293619,9.107111032145898e-07,4.3768606090430096,8145,2036,3.5333564281463623,0.0028548240661621094
