Model,R2,MAE,RMSE,MAPE_percent,n_train,n_test,fit_time_sec,predict_time_sec
gbm,0.9975307106722452,0.0005809626515989285,7.563845594825363e-07,4.063983618353883,8145,2036,20.16034245491028,0.014649391174316406
