Model,R2,MAE,RMSE,MAPE_percent,n_train,n_test,fit_time_sec,predict_time_sec
cat,0.22269664167883407,0.2709214691661669,0.2985311060642746,40.970463051213265,4851,3969,4.637093544006348,0.007077455520629883
