Model,R2,MAE,RMSE,MAPE_percent,n_train,n_test,fit_time_sec,predict_time_sec
rf,0.9891867050977482,0.004260312531446366,3.468154729212591e-05,6.478656925928592,8145,2036,51.50678586959839,0.4243314266204834
