Model,R2,MAE,RMSE,MAPE_percent,n_train,n_test,fit_time_sec,predict_time_sec
gbm,0.9589517363396141,0.13546844113595835,0.03986509354987046,5.520999698381067,6208,1552,15.3248450756073,0.012663841247558594
