Model,R2,MAE,RMSE,MAPE_percent,n_train,n_test,fit_time_sec,predict_time_sec
cat,0.9572433734261221,0.07347510826400974,0.012407647178197279,5.616841193269578,7921,3395,4.947204351425171,0.0046024322509765625
