Model,R2,MAE,RMSE,MAPE_percent,n_train,n_test,fit_time_sec,predict_time_sec
gbm,0.9561449696057388,0.0006314008659702439,2.877341430034448e-05,3.4967736500130187,8151,2038,21.103864669799805,0.012729883193969727
