Model,R2,MAE,RMSE,MAPE_percent,n_train,n_test,fit_time_sec,predict_time_sec
rf,0.9425658183501974,0.01944473463047152,0.006561906695932417,9006338.85761639,9059,2265,57.54727840423584,0.4429342746734619
