Model,R2,MAE,RMSE,MAPE_percent,n_train,n_test,fit_time_sec,predict_time_sec
rf,0.9983729537257625,0.0014957594976435637,4.855120306225679e-06,2.0905995903229098,8145,2036,50.09324288368225,0.3830575942993164
