Model,R2,MAE,RMSE,MAPE_percent,n_train,n_test,fit_time_sec,predict_time_sec
cat,0.9890810123350112,0.013184489820809948,0.0003173265875125755,6.699134443906342,7127,3054,4.899250745773315,0.0038008689880371094
