Model,R2,MAE,RMSE,MAPE_percent,n_train,n_test,fit_time_sec,predict_time_sec
cat,0.9170412260188925,0.0014794815898549214,3.1076225624375145e-05,12.458821662788665,4072,6109,4.272024631500244,0.006686210632324219
