Model,R2,MAE,RMSE,MAPE_percent,n_train,n_test,fit_time_sec,predict_time_sec
cat,0.9545857883176586,0.11356088123622543,0.032399485483603725,5.7237342719275315,6206,1552,0.9408636093139648,0.0019426345825195312
