Model,R2,MAE,RMSE,MAPE_percent,n_train,n_test,fit_time_sec,predict_time_sec
cat,0.9110683984952834,0.000878228824275258,9.247720273274563e-06,7.373320006401254,8151,2038,3.6265108585357666,0.0025560855865478516
