Model,R2,MAE,RMSE,MAPE_percent,n_train,n_test,fit_time_sec,predict_time_sec
gbm,0.9717635397882866,0.0063498428291564905,8.057409099423715e-05,10.313608487909576,8145,2036,19.52104353904724,0.015208721160888672
