Model,R2,MAE,RMSE,MAPE_percent,n_train,n_test,fit_time_sec,predict_time_sec
rf,0.9757902919745776,0.022201340625216805,0.0018514936513688478,3.695659490743599,2327,5431,12.069891929626465,0.46131014823913574
