Model,R2,MAE,RMSE,MAPE_percent,n_train,n_test,fit_time_sec,predict_time_sec
gbm,0.9526112090987097,0.019057562933940776,0.005972598868178502,108020733.39966941,9053,2263,22.875040769577026,0.016903162002563477
