Model,R2,MAE,RMSE,MAPE_percent,n_train,n_test,fit_time_sec,predict_time_sec
cat,0.9908363718113823,0.004604846109902317,3.964254602353405e-05,7.2221852955975745,4581,5600,4.666083574295044,0.00596928596496582
