Model,R2,MAE,RMSE,MAPE_percent,n_train,n_test,fit_time_sec,predict_time_sec
cat,0.9789703378781595,0.01964135063654151,0.0010033852845804535,3.6177834063183534,5043,2715,3.5365912914276123,0.0031290054321289062
