Model,R2,MAE,RMSE,MAPE_percent,n_train,n_test,fit_time_sec,predict_time_sec
rf,0.898457618701614,0.261748568418166,0.12060923665353145,10.147671708734293,6208,1552,37.59274244308472,0.2847626209259033
