Model,R2,MAE,RMSE,MAPE_percent,n_train,n_test,fit_time_sec,predict_time_sec
rf,0.9979885814043624,0.004564208763513641,7.252047133576495e-05,1.8177274516274888,8145,2036,51.46393179893494,0.4047403335571289
