Model,R2,MAE,RMSE,MAPE_percent,n_train,n_test,fit_time_sec,predict_time_sec
cat,0.9696491073898155,0.017516580095502304,0.003164975753307436,475729976.0007928,9053,2263,3.8119170665740967,0.0029709339141845703
