Model,R2,MAE,RMSE,MAPE_percent,n_train,n_test,fit_time_sec,predict_time_sec
cat,0.9596205504704644,0.08374095901174074,0.026201623222765348,1514360424.5683963,6224,5092,4.609625339508057,0.0060732364654541016
