Model,R2,MAE,RMSE,MAPE_percent,n_train,n_test,fit_time_sec,predict_time_sec
rf,0.9257878544853199,0.03742313078917563,0.017687659332936454,4.469951101386599,1940,5818,9.7675199508667,0.4833555221557617
