Model,R2,MAE,RMSE,MAPE_percent,n_train,n_test,fit_time_sec,predict_time_sec
rf,0.9497211401716592,0.053394762934156015,0.017032456294619948,4.028635783080616,6208,1552,50.805988073349,0.489656925201416
