Model,R2,MAE,RMSE,MAPE_percent,n_train,n_test,fit_time_sec,predict_time_sec
rf,0.9643371725292964,0.07348889500532897,0.019336036158578394,4.783855177498617,6340,1585,36.91714406013489,0.29410624504089355
