Model,R2,MAE,RMSE,MAPE_percent,n_train,n_test,fit_time_sec,predict_time_sec
cat,0.9967163841531953,0.0004748636496011063,5.19228895001714e-07,3.1022004436722677,8145,2036,3.6527187824249268,0.0027158260345458984
