Model,R2,MAE,RMSE,MAPE_percent,n_train,n_test,fit_time_sec,predict_time_sec
cat,0.9868560416939053,0.01210094443749988,0.000383026836393533,3.288335867161428,5944,1981,4.773786783218384,0.003397226333618164
