Model,R2,MAE,RMSE,MAPE_percent,n_train,n_test,fit_time_sec,predict_time_sec
gbm,0.3826911801042301,0.30095083210072304,0.20882998518289705,39.524007376361546,6208,1552,13.725452184677124,0.011945724487304688
