Model,R2,MAE,RMSE,MAPE_percent,n_train,n_test,fit_time_sec,predict_time_sec
cat,0.9919799316638789,0.007524624081827915,0.00011669226830787032,3.068207520167577,6208,1552,3.7430965900421143,0.0023779869079589844
