Model,R2,MAE,RMSE,MAPE_percent,n_train,n_test,fit_time_sec,predict_time_sec
cat,0.9620252068539189,0.19086510660452688,0.08617683281862618,1921013599.849648,5092,6224,4.788505554199219,0.0067691802978515625
