Model,R2,MAE,RMSE,MAPE_percent,n_train,n_test,fit_time_sec,predict_time_sec
rf,0.9942733564453228,0.0010105413986606236,2.082976464617777e-06,7.161251384652541,8145,2036,51.43307113647461,0.42174744606018066
