Model,R2,MAE,RMSE,MAPE_percent,n_train,n_test,fit_time_sec,predict_time_sec
gbm,0.9525929115591387,0.047433864608059845,0.00834664220359556,4.363053966858989,6208,1552,15.464039325714111,0.01151132583618164
