Model,R2,MAE,RMSE,MAPE_percent,n_train,n_test,fit_time_sec,predict_time_sec
rf,0.9893357569689747,0.007582768410122436,0.0001390202419358484,2.8706937780601876,2716,5044,14.635658740997314,0.4503896236419678
