Model,R2,MAE,RMSE,MAPE_percent,n_train,n_test,fit_time_sec,predict_time_sec
cat,0.941814880297585,0.019929616709691976,0.004302488667307624,5.535946516661106,1189,6736,3.6251068115234375,0.006995677947998047
