Model,R2,MAE,RMSE,MAPE_percent,n_train,n_test,fit_time_sec,predict_time_sec
cat,0.9906523298548336,0.0010161357708324162,2.3667776064248677e-06,7.912166611338808,2036,8145,4.243641376495361,0.008188009262084961
