Model,R2,MAE,RMSE,MAPE_percent,n_train,n_test,fit_time_sec,predict_time_sec
cat,0.9649716995071936,0.04102769625309312,0.006180736236669767,3.8630743902348232,6208,1552,3.481052875518799,0.002265453338623047
