Model,R2,MAE,RMSE,MAPE_percent,n_train,n_test,fit_time_sec,predict_time_sec
cat,0.8884052855232772,0.0014805185528457328,5.0065813150834436e-05,12.772046000155568,7127,3054,4.547289133071899,0.00397944450378418
