Model,R2,MAE,RMSE,MAPE_percent,n_train,n_test,fit_time_sec,predict_time_sec
cat,0.982158135568827,0.01101613449940186,0.0002808399867708596,3.027079127147616,5944,1981,5.051991939544678,0.0034983158111572266
