Model,R2,MAE,RMSE,MAPE_percent,n_train,n_test,fit_time_sec,predict_time_sec
cat,0.9877526372492064,0.009496044728960177,0.00019770722496549004,4.062478729391851,1940,5820,3.0399551391601562,0.0061931610107421875
