Model,R2,MAE,RMSE,MAPE_percent,n_train,n_test,fit_time_sec,predict_time_sec
cat,0.9906530248466352,0.014527289636529368,0.0004504227045211493,7.58185538495697,3054,7127,4.273145914077759,0.007094144821166992
