Model,R2,MAE,RMSE,MAPE_percent,n_train,n_test,fit_time_sec,predict_time_sec
rf,0.35082704219191585,0.1473894434474629,0.11168723842911653,52.919245993684264,6340,1585,44.26380491256714,0.31733226776123047
