Model,R2,MAE,RMSE,MAPE_percent,n_train,n_test,fit_time_sec,predict_time_sec
cat,0.7813635911958173,0.09272278283867738,0.11067254508674662,7.163767369784846,1052,5963,3.7751550674438477,0.00684046745300293
