Model,R2,MAE,RMSE,MAPE_percent,n_train,n_test,fit_time_sec,predict_time_sec
cat,0.989084955696187,0.0009100206800936383,1.4883577660673913e-06,6.853282237648372,7127,3054,4.788659572601318,0.0037910938262939453
