Model,R2,MAE,RMSE,MAPE_percent,n_train,n_test,fit_time_sec,predict_time_sec
cat,0.3981875882201913,0.38825545492670666,0.3606401700565449,36.75751595057245,1981,5944,3.9290599822998047,0.0066072940826416016
