Model,R2,MAE,RMSE,MAPE_percent,n_train,n_test,fit_time_sec,predict_time_sec
cat,0.9244072955997331,0.007438202044101658,0.0006852161879391622,12.611886894022229,2545,7636,4.126328706741333,0.008687734603881836
