Model,R2,MAE,RMSE,MAPE_percent,n_train,n_test,fit_time_sec,predict_time_sec
cat,0.9888343456915354,0.01113586720138909,0.001003237760570427,4.624877178480644,8145,2036,4.525087594985962,0.0036017894744873047
