Model,R2,MAE,RMSE,MAPE_percent,n_train,n_test,fit_time_sec,predict_time_sec
gbm,0.9218973904713779,0.0009198963219771736,3.003718071785289e-05,7.611302190456073,7127,3054,17.24946928024292,0.02114248275756836
