Model,R2,MAE,RMSE,MAPE_percent,n_train,n_test,fit_time_sec,predict_time_sec
rf,0.9955487941253085,0.0024275660853999292,1.1834611636865388e-05,4.061191600264542,8145,2036,52.017895460128784,0.40767550468444824
