Model,R2,MAE,RMSE,MAPE_percent,n_train,n_test,fit_time_sec,predict_time_sec
gbm,0.9947797986886152,0.0043745645837094515,6.356596468125397e-05,1.558561714281846,6208,1552,15.498024702072144,0.01150965690612793
