Model,R2,MAE,RMSE,MAPE_percent,n_train,n_test,fit_time_sec,predict_time_sec
cat,0.8916721870542361,0.0015213962722634825,4.584202646694034e-05,13.166218885662104,5090,5091,4.374927520751953,0.005640745162963867
