Model,R2,MAE,RMSE,MAPE_percent,n_train,n_test,fit_time_sec,predict_time_sec
cat,0.9480701175621254,0.18825919019218454,0.10709533313162117,6.591258764311091,4359,3566,4.6930906772613525,0.00499415397644043
