Model,R2,MAE,RMSE,MAPE_percent,n_train,n_test,fit_time_sec,predict_time_sec
cat,0.9685682429056423,0.018291275573305257,0.0016679252662059117,455425661.7091791,2263,9053,3.217055082321167,0.010143756866455078
