Model,R2,MAE,RMSE,MAPE_percent,n_train,n_test,fit_time_sec,predict_time_sec
gbm,0.988394294370854,0.0029774423190458903,9.613060686938591e-05,4.370816738578702,8145,2036,27.067291021347046,0.027634143829345703
