Model,R2,MAE,RMSE,MAPE_percent,n_train,n_test,fit_time_sec,predict_time_sec
cat,0.7542336086732049,0.0017680183331341033,3.7457267916667676e-05,11.197510659269247,8151,2038,3.8303847312927246,0.0027227401733398438
