Model,R2,MAE,RMSE,MAPE_percent,n_train,n_test,fit_time_sec,predict_time_sec
rf,0.9886003573544879,0.012734189707754168,0.000299377957263433,6.638328913702179,8145,2036,51.354955434799194,0.4081428050994873
