Model,R2,MAE,RMSE,MAPE_percent,n_train,n_test,fit_time_sec,predict_time_sec
gbm,0.9981301899543084,0.0025955407333335965,1.6904186259998073e-05,3.14451550451035,8145,2036,38.505226373672485,0.013956546783447266
