Model,R2,MAE,RMSE,MAPE_percent,n_train,n_test,fit_time_sec,predict_time_sec
cat,0.2607163493062059,0.14568671452070525,0.07881931476894849,57.69232454385058,3170,4755,4.144195556640625,0.0049707889556884766
