Model,R2,MAE,RMSE,MAPE_percent,n_train,n_test,fit_time_sec,predict_time_sec
gbm,0.9778972570498812,0.005404339663624253,5.52570110882812e-05,9.851811988777904,8145,2036,19.498132944107056,0.015078067779541016
