Model,R2,MAE,RMSE,MAPE_percent,n_train,n_test,fit_time_sec,predict_time_sec
cat,0.982969555354697,0.004512526323757387,3.521320613450091e-05,6.691826130206511,6618,3563,4.760582208633423,0.0046384334564208984
