Model,R2,MAE,RMSE,MAPE_percent,n_train,n_test,fit_time_sec,predict_time_sec
rf,0.9993428354708296,0.001040714035470195,2.1646401841653557e-06,1.4374508769545415,8145,2036,49.40343499183655,0.37547945976257324
