Model,R2,MAE,RMSE,MAPE_percent,n_train,n_test,fit_time_sec,predict_time_sec
rf,0.974828159805158,0.056299962275049645,0.010153735474084538,4.18478296301956,5684,1421,33.81261610984802,0.29132962226867676
