Model,R2,MAE,RMSE,MAPE_percent,n_train,n_test,fit_time_sec,predict_time_sec
cat,0.9541901730479607,0.12526899816027318,0.042649923762049985,6.551895681349479,6206,1552,4.465826988220215,0.0029366016387939453
