Model,R2,MAE,RMSE,MAPE_percent,n_train,n_test,fit_time_sec,predict_time_sec
rf,0.9151843894810179,0.2644545617387597,0.13227751295827583,10.773005446366934,6208,1552,37.71998882293701,0.28624486923217773
