Model,R2,MAE,RMSE,MAPE_percent,n_train,n_test,fit_time_sec,predict_time_sec
cat,0.971938634649435,0.009097513241815448,0.0016770591286806968,3.016912498265737,6214,1554,3.491245985031128,0.002308368682861328
