Model,R2,MAE,RMSE,MAPE_percent,n_train,n_test,fit_time_sec,predict_time_sec
rf,0.9639981213422278,0.06290797208993769,0.01231340607716101,4.011716995325017,6340,1585,36.70713496208191,0.3103184700012207
