Model,R2,MAE,RMSE,MAPE_percent,n_train,n_test,fit_time_sec,predict_time_sec
gbm,0.941221525411875,0.000980224467977543,1.82257543674985e-05,8.24577452719803,2036,8145,4.80882716178894,0.050334930419921875
