Model,R2,MAE,RMSE,MAPE_percent,n_train,n_test,fit_time_sec,predict_time_sec
cat,0.9616823481868962,0.07431849441947828,0.014782002622847354,5.134974528594421,3170,4755,4.373597860336304,0.00498199462890625
