Model,R2,MAE,RMSE,MAPE_percent,n_train,n_test,fit_time_sec,predict_time_sec
cat,0.8453614938673923,0.05525274785122733,0.04665109844006272,6.114665669817675,3087,5733,4.465043067932129,0.00675654411315918
