Model,R2,MAE,RMSE,MAPE_percent,n_train,n_test,fit_time_sec,predict_time_sec
rf,0.9408220611841025,0.26724786710956006,0.19239939408240347,7.088505732357097,6206,1552,36.629499673843384,0.2895796298980713
