Model,R2,MAE,RMSE,MAPE_percent,n_train,n_test,fit_time_sec,predict_time_sec
cat,0.8440341668774267,0.10657243515532258,0.0713097888694428,9.57281135071896,351,6664,3.5361080169677734,0.007130146026611328
