Model,R2,MAE,RMSE,MAPE_percent,n_train,n_test,fit_time_sec,predict_time_sec
rf,0.9596353574579187,0.081142064426483,0.026057187991071467,32844368.69137233,9059,2265,55.55543828010559,0.45404767990112305
