Model,R2,MAE,RMSE,MAPE_percent,n_train,n_test,fit_time_sec,predict_time_sec
rf,0.9552357269040688,0.1742722619390915,0.08253608824568386,7.286321046903716,9053,2263,55.01451635360718,0.42412877082824707
