Model,R2,MAE,RMSE,MAPE_percent,n_train,n_test,fit_time_sec,predict_time_sec
cat,0.899323373701896,0.0216693103966613,0.008627330335271603,12.806529410904757,4072,6109,4.204965829849243,0.006025791168212891
