Model,R2,MAE,RMSE,MAPE_percent,n_train,n_test,fit_time_sec,predict_time_sec
gbm,0.9411974193039223,0.057347912121500456,0.021641284118622088,4.806471921017015,6208,1552,15.4343421459198,0.012389898300170898
