Model,R2,MAE,RMSE,MAPE_percent,n_train,n_test,fit_time_sec,predict_time_sec
gbm,0.9539865018077103,0.25854633422110007,0.1447577002734338,7.082579378098658,6206,1552,15.415639638900757,0.012874364852905273
