Model,R2,MAE,RMSE,MAPE_percent,n_train,n_test,fit_time_sec,predict_time_sec
gbm,0.9643965121348618,0.018291085651968478,0.004322005707059562,139044121.09213498,9053,2263,22.807369470596313,0.017078399658203125
