Model,R2,MAE,RMSE,MAPE_percent,n_train,n_test,fit_time_sec,predict_time_sec
gbm,0.9606127397256252,0.1418812606234173,0.05200015796600903,6.012040523383742,6208,1552,15.702243328094482,0.0128936767578125
