Model,R2,MAE,RMSE,MAPE_percent,n_train,n_test,fit_time_sec,predict_time_sec
cat,0.9683955243568603,0.0725002240982738,0.01769676342399819,5.939422260907371,9053,2263,3.7962698936462402,0.0030517578125
