Model,R2,MAE,RMSE,MAPE_percent,n_train,n_test,fit_time_sec,predict_time_sec
gbm,0.9230503755312349,0.012813697868164725,0.005011527297873322,3.1616768573829135,3492,4268,8.592575311660767,0.028331756591796875
