Model,R2,MAE,RMSE,MAPE_percent,n_train,n_test,fit_time_sec,predict_time_sec
cat,0.9811107309224472,0.0008540029611217124,1.3084589498958836e-06,7.1010744908822625,6618,3563,3.5764667987823486,0.004252433776855469
