Model,R2,MAE,RMSE,MAPE_percent,n_train,n_test,fit_time_sec,predict_time_sec
cat,0.9461783736047862,0.12159391591301594,0.046953615660785375,6.473450990565787,6206,1552,3.8602747917175293,0.002653837203979492
