Model,R2,MAE,RMSE,MAPE_percent,n_train,n_test,fit_time_sec,predict_time_sec
rf,0.9953699053453672,0.010173383406659568,0.00040306087899127794,1.7318675685131144,6206,1552,73.1809298992157,0.5488171577453613
