Model,R2,MAE,RMSE,MAPE_percent,n_train,n_test,fit_time_sec,predict_time_sec
gbm,0.8948475612804705,0.10528374038185916,0.04431526422891724,9.238671938613688,6208,1552,15.43126654624939,0.011994361877441406
