Model,R2,MAE,RMSE,MAPE_percent,n_train,n_test,fit_time_sec,predict_time_sec
gbm,0.8069040101073311,0.10579109169208488,0.09334560169369896,9.034894573316135,6214,1554,15.505908489227295,0.011911630630493164
