Model,R2,MAE,RMSE,MAPE_percent,n_train,n_test,fit_time_sec,predict_time_sec
gbm,0.9811939039547958,0.034087862025750086,0.0024751502401385867,3.7085084542614792,7056,1764,17.800145149230957,0.013350963592529297
