Model,R2,MAE,RMSE,MAPE_percent,n_train,n_test,fit_time_sec,predict_time_sec
rf,0.9966413797069711,0.00040507503191170816,3.4372003244421597e-07,3.3228925173058776,8145,2036,51.93504333496094,0.40437865257263184
