Model,R2,MAE,RMSE,MAPE_percent,n_train,n_test,fit_time_sec,predict_time_sec
rf,0.9282818562520467,0.0012152937071168027,3.347749471227548e-05,7.319483941201319,3054,7127,16.934849739074707,0.6783139705657959
