Model,R2,MAE,RMSE,MAPE_percent,n_train,n_test,fit_time_sec,predict_time_sec
gbm,0.8814551473949266,0.10827171539515694,0.04163759739333117,9.056702205370804,6214,1554,15.639890193939209,0.011693716049194336
