Model,R2,MAE,RMSE,MAPE_percent,n_train,n_test,fit_time_sec,predict_time_sec
cat,0.9899761255478664,0.01521252298532095,0.0018586086818254861,2.6851763586973934,6206,1552,4.5829689502716064,0.0029196739196777344
