Model,R2,MAE,RMSE,MAPE_percent,n_train,n_test,fit_time_sec,predict_time_sec
gbm,0.9901782807498296,0.001159167926712665,2.621892382524248e-06,7.723179742245619,1527,8654,3.606947660446167,0.050782203674316406
