Model,R2,MAE,RMSE,MAPE_percent,n_train,n_test,fit_time_sec,predict_time_sec
gbm,0.9880243678469639,0.000965250209033008,1.683698331882511e-06,7.304716777210676,3563,6618,8.3880615234375,0.04111814498901367
