Model,R2,MAE,RMSE,MAPE_percent,n_train,n_test,fit_time_sec,predict_time_sec
gbm,0.9548203528341537,0.0805973181626908,0.028013597810611603,334361558.05035657,9059,2265,22.82557225227356,0.017781972885131836
