Model,R2,MAE,RMSE,MAPE_percent,n_train,n_test,fit_time_sec,predict_time_sec
gbm,0.9914706715401079,0.0009883309596895819,2.6916578164225634e-06,7.551554765583958,4072,6109,9.835552215576172,0.0399324893951416
