Model,R2,MAE,RMSE,MAPE_percent,n_train,n_test,fit_time_sec,predict_time_sec
gbm,0.9982662359652864,0.004421861157731734,5.4149311315718626e-05,1.7737769119578104,8145,2036,20.52497696876526,0.013440608978271484
