Model,R2,MAE,RMSE,MAPE_percent,n_train,n_test,fit_time_sec,predict_time_sec
gbm,0.8729092695537989,0.2969000492476372,0.18619224789064062,11.668976947064191,6214,1554,15.611446142196655,0.012086629867553711
