Model,R2,MAE,RMSE,MAPE_percent,n_train,n_test,fit_time_sec,predict_time_sec
cat,0.9589880126980135,0.08249846899074781,0.017202685653848165,307628840.86897755,3395,7921,4.286511659622192,0.008756160736083984
