Model,R2,MAE,RMSE,MAPE_percent,n_train,n_test,fit_time_sec,predict_time_sec
cat,0.9553273795921567,0.01820995263671926,0.00510388689380901,500791683.0416769,9059,2265,3.8015079498291016,0.0028657913208007812
