Model,R2,MAE,RMSE,MAPE_percent,n_train,n_test,fit_time_sec,predict_time_sec
cat,0.9785252393354675,0.001276808368847071,7.1710628875137776e-06,11.838720077090088,8145,2036,3.3145997524261475,0.0025796890258789062
