Model,R2,MAE,RMSE,MAPE_percent,n_train,n_test,fit_time_sec,predict_time_sec
cat,0.695406466909003,0.4388266146995492,0.4028343561840721,23.440039974765817,6208,1552,3.1823580265045166,0.002278566360473633
