Model,R2,MAE,RMSE,MAPE_percent,n_train,n_test,fit_time_sec,predict_time_sec
cat,0.9706764012391914,0.06114033288834337,0.009646830451091161,4.204334847955342,6340,1585,4.493809700012207,0.002986431121826172
