Model,R2,MAE,RMSE,MAPE_percent,n_train,n_test,fit_time_sec,predict_time_sec
cat,0.9331794368798867,0.015749933548144676,0.00526291191929032,7.554932428073179,3563,6618,4.5082786083221436,0.00724029541015625
