Model,R2,MAE,RMSE,MAPE_percent,n_train,n_test,fit_time_sec,predict_time_sec
cat,0.9807052250791726,0.02045315010520922,0.0010459809393168714,3.799173130534255,4267,3491,3.4557223320007324,0.0039980411529541016
