Model,R2,MAE,RMSE,MAPE_percent,n_train,n_test,fit_time_sec,predict_time_sec
gbm,0.9966747130866475,0.005835426976754164,0.00014267177918252593,1.6933743295938992,9053,2263,23.16481614112854,0.017061233520507812
