Model,R2,MAE,RMSE,MAPE_percent,n_train,n_test,fit_time_sec,predict_time_sec
gbm,0.6425353389356849,0.534425369389882,0.5495464188578637,25.95633458128403,6208,1552,13.822059869766235,0.01223897933959961
