Model,R2,MAE,RMSE,MAPE_percent,n_train,n_test,fit_time_sec,predict_time_sec
rf,-0.0003013999022449809,0.002100456443539331,0.0005767527170086079,8.531642316738166,8151,2038,54.66207432746887,0.43125247955322266
