Model,R2,MAE,RMSE,MAPE_percent,n_train,n_test,fit_time_sec,predict_time_sec
rf,0.99880867116558,0.000349543980125481,4.5805259915514706e-07,2.1308537668279484,8145,2036,73.28075098991394,0.4452223777770996
