Model,R2,MAE,RMSE,MAPE_percent,n_train,n_test,fit_time_sec,predict_time_sec
cat,0.9713482269162261,0.06828281820905165,0.010987572833759623,5.453714668529573,9053,2263,3.7268080711364746,0.003125429153442383
