Model,R2,MAE,RMSE,MAPE_percent,n_train,n_test,fit_time_sec,predict_time_sec
rf,0.9935401947286616,0.010868666103804075,0.00043571469562165487,1.7817760122267938,6206,1552,36.69964051246643,0.28542423248291016
