Model,R2,MAE,RMSE,MAPE_percent,n_train,n_test,fit_time_sec,predict_time_sec
rf,0.9961193137900866,0.0025399613558125303,1.2129854065760712e-05,3.721047878297882,8145,2036,50.71604132652283,0.405353307723999
