Model,R2,MAE,RMSE,MAPE_percent,n_train,n_test,fit_time_sec,predict_time_sec
cat,0.7074598886474122,0.5465427547142373,0.5840113152024338,23.377248558894813,5548,2377,5.410927772521973,0.003650188446044922
