Model,R2,MAE,RMSE,MAPE_percent,n_train,n_test,fit_time_sec,predict_time_sec
gbm,0.2754894745679862,0.22519656316348408,0.14344084080142966,63.3461391397827,6213,1553,13.769784927368164,0.011637210845947266
