Model,R2,MAE,RMSE,MAPE_percent,n_train,n_test,fit_time_sec,predict_time_sec
gbm,0.9372975086671465,0.1324229389240902,0.05733420226701868,6.910401727356319,6206,1552,15.562718868255615,0.012389898300170898
