Model,R2,MAE,RMSE,MAPE_percent,n_train,n_test,fit_time_sec,predict_time_sec
cat,0.8885353947954574,0.021417907440799744,0.009011304316936052,12.720703513696527,4072,6109,5.254411935806274,0.005857944488525391
