Model,R2,MAE,RMSE,MAPE_percent,n_train,n_test,fit_time_sec,predict_time_sec
rf,0.9895955146116097,0.0008872703127049415,1.5053643976828377e-06,6.871525691361967,8151,2038,55.925283432006836,0.3814365863800049
