Model,R2,MAE,RMSE,MAPE_percent,n_train,n_test,fit_time_sec,predict_time_sec
cat,0.9898607235774495,0.0004755967111251909,3.923464878652814e-06,2.9262560556126385,8145,2036,7.146310567855835,0.0023424625396728516
