Model,R2,MAE,RMSE,MAPE_percent,n_train,n_test,fit_time_sec,predict_time_sec
rf,0.8354787682483491,0.07666340690643067,0.09099692905738181,5.0132856310387695,5612,1403,32.792768716812134,0.2760634422302246
