Model,R2,MAE,RMSE,MAPE_percent,n_train,n_test,fit_time_sec,predict_time_sec
cat,0.959528688660506,0.0773114193501409,0.014355083181187398,7.235141350742596,5658,5658,4.724844932556152,0.007288932800292969
