Model,R2,MAE,RMSE,MAPE_percent,n_train,n_test,fit_time_sec,predict_time_sec
gbm,0.9796493497512588,0.018864220548891374,0.0013117668574735527,3.3054086124317497,6206,1552,15.360864877700806,0.011945724487304688
