Model,R2,MAE,RMSE,MAPE_percent,n_train,n_test,fit_time_sec,predict_time_sec
gbm,0.9586780353398511,0.18653680411375617,0.07625960021979511,640613182.4996074,9053,2263,22.75488829612732,0.017482519149780273
