Model,R2,MAE,RMSE,MAPE_percent,n_train,n_test,fit_time_sec,predict_time_sec
cat,0.9577923852810775,0.18823441138134836,0.07018594880907879,7.56297579949633,6224,5092,4.860146522521973,0.006276369094848633
