Model,R2,MAE,RMSE,MAPE_percent,n_train,n_test,fit_time_sec,predict_time_sec
cat,0.9605482004646189,0.1669178377142738,0.06017324051821502,5.375967468973027,6340,1585,4.525008678436279,0.002935171127319336
