Model,R2,MAE,RMSE,MAPE_percent,n_train,n_test,fit_time_sec,predict_time_sec
cat,0.9292292880508903,0.005231269707502769,0.0006291347337983963,7.725205030797991,4581,5600,4.7257654666900635,0.006378889083862305
