Model,R2,MAE,RMSE,MAPE_percent,n_train,n_test,fit_time_sec,predict_time_sec
rf,0.9653458900110713,0.1294189744711474,0.04436760825533436,5.256634208286266,6208,1552,37.10749101638794,0.2844715118408203
