Model,R2,MAE,RMSE,MAPE_percent,n_train,n_test,fit_time_sec,predict_time_sec
cat,0.9846340130565846,0.0009608062718882298,1.6214395404110413e-06,7.203100328573477,5090,5091,4.517803430557251,0.006323814392089844
