Model,R2,MAE,RMSE,MAPE_percent,n_train,n_test,fit_time_sec,predict_time_sec
cat,0.9175092918921846,0.005546352651988972,0.0007459140869238945,7.982241258952853,2036,8145,3.8718016147613525,0.009279251098632812
