Model,R2,MAE,RMSE,MAPE_percent,n_train,n_test,fit_time_sec,predict_time_sec
gbm,0.9473996995895627,0.2658985451209623,0.16509082578499681,7.155414062692755,6206,1552,16.665199041366577,0.013127803802490234
