Model,R2,MAE,RMSE,MAPE_percent,n_train,n_test,fit_time_sec,predict_time_sec
cat,0.9921417944508519,0.006922965874395362,0.0005934141586425884,2.8606488767853993,8145,2036,3.7595772743225098,0.0028319358825683594
