Model,R2,MAE,RMSE,MAPE_percent,n_train,n_test,fit_time_sec,predict_time_sec
cat,0.9684047416628436,0.05923067842427723,0.007585723668951577,4.676056519212727,4910,2105,4.783722877502441,0.0030755996704101562
