Model,R2,MAE,RMSE,MAPE_percent,n_train,n_test,fit_time_sec,predict_time_sec
gbm,0.8837666772594701,0.01508063649215036,0.011567745326328673,7.009932445409972,8145,2036,19.752138137817383,0.015484333038330078
