Model,R2,MAE,RMSE,MAPE_percent,n_train,n_test,fit_time_sec,predict_time_sec
rf,0.9471934225730597,0.000972293937447821,1.6702326330712056e-05,7.982139884601433,2036,8145,10.764053106307983,0.6823673248291016
