Model,R2,MAE,RMSE,MAPE_percent,n_train,n_test,fit_time_sec,predict_time_sec
cat,0.9537618755137446,0.08972297017905026,0.022200796529729845,196986262.8900959,2263,9053,4.381750583648682,0.012480735778808594
