Model,R2,MAE,RMSE,MAPE_percent,n_train,n_test,fit_time_sec,predict_time_sec
gbm,0.9947294185380321,0.01316256470937252,0.00034391760092050287,6.969088231927264,8145,2036,19.714797258377075,0.015763521194458008
