Model,R2,MAE,RMSE,MAPE_percent,n_train,n_test,fit_time_sec,predict_time_sec
rf,0.9676754715915823,0.04178257631630705,0.006087928440272999,3.765781341528307,6208,1552,36.1529107093811,0.28697633743286133
