Model,R2,MAE,RMSE,MAPE_percent,n_train,n_test,fit_time_sec,predict_time_sec
cat,0.9656195282798558,0.07353739051082597,0.022146023625552153,4.74352583082808,6340,1585,4.682770490646362,0.0030400753021240234
