Model,R2,MAE,RMSE,MAPE_percent,n_train,n_test,fit_time_sec,predict_time_sec
cat,0.9967305085245901,0.007670011401229856,0.00017868564011468797,4.436298660260732,8145,2036,4.462439298629761,0.002857208251953125
