Model,R2,MAE,RMSE,MAPE_percent,n_train,n_test,fit_time_sec,predict_time_sec
gbm,0.9432516401533295,0.12175648203785085,0.03721756992759431,6.257411843014057,6206,1552,15.466655492782593,0.012093782424926758
