Model,R2,MAE,RMSE,MAPE_percent,n_train,n_test,fit_time_sec,predict_time_sec
cat,0.9516183427473668,0.20657614535536262,0.11330477953648461,4012263484.8966026,2263,9053,4.535201787948608,0.009161949157714844
