Model,R2,MAE,RMSE,MAPE_percent,n_train,n_test,fit_time_sec,predict_time_sec
cat,0.9932161759393286,0.004657914418694217,4.8810622467190505e-05,7.574630352429561,7636,2545,5.092226028442383,0.003487110137939453
