Model,R2,MAE,RMSE,MAPE_percent,n_train,n_test,fit_time_sec,predict_time_sec
gbm,0.9300756519106457,0.0010676110170716217,2.5728137299580866e-05,7.799127878879389,2036,8145,4.80409049987793,0.05251264572143555
