Model,R2,MAE,RMSE,MAPE_percent,n_train,n_test,fit_time_sec,predict_time_sec
rf,0.8654945662305793,0.003941292871028381,0.0005073266751501645,3.9508836358199595,8151,2038,54.41050386428833,0.39835572242736816
