Model,R2,MAE,RMSE,MAPE_percent,n_train,n_test,fit_time_sec,predict_time_sec
rf,0.3992585826745334,0.000806946486824096,5.943759839076472e-05,4.889698000272893,8151,2038,56.65573215484619,0.36986279487609863
