Model,R2,MAE,RMSE,MAPE_percent,n_train,n_test,fit_time_sec,predict_time_sec
cat,0.9791968263295224,0.022865291012382133,0.0017672264044816428,12.834607073763445,8145,2036,3.416133403778076,0.0026810169219970703
