Model,R2,MAE,RMSE,MAPE_percent,n_train,n_test,fit_time_sec,predict_time_sec
gbm,0.775645382922429,0.21521353276718003,0.6805566040789872,1337315270.912639,9059,2265,22.871750831604004,0.018244504928588867
