Model,R2,MAE,RMSE,MAPE_percent,n_train,n_test,fit_time_sec,predict_time_sec
gbm,0.9981640285684824,0.0030961044174294184,2.3447793905270816e-05,1.1553722883820958,6208,1552,15.646335363388062,0.011880874633789062
