Model,R2,MAE,RMSE,MAPE_percent,n_train,n_test,fit_time_sec,predict_time_sec
rf,0.9601613646967789,0.13673444883485325,0.051005348719823956,5.517651137230693,6208,1552,36.6317994594574,0.2831840515136719
