Model,R2,MAE,RMSE,MAPE_percent,n_train,n_test,fit_time_sec,predict_time_sec
cat,0.4721017581744651,0.37168957940926095,0.32113701286837276,32.94784577143642,4755,3170,4.320770025253296,0.004221439361572266
