Model,R2,MAE,RMSE,MAPE_percent,n_train,n_test,fit_time_sec,predict_time_sec
cat,0.9960627294348162,0.009532615634948722,0.000274511302311718,4.7978023045503395,8145,2036,7.455374002456665,0.0023458003997802734
