Model,R2,MAE,RMSE,MAPE_percent,n_train,n_test,fit_time_sec,predict_time_sec
gbm,0.9981392315520626,0.0046510521375222125,5.9030612245452194e-05,1.969865783751636,8145,2036,21.164409637451172,0.014025688171386719
