Model,R2,MAE,RMSE,MAPE_percent,n_train,n_test,fit_time_sec,predict_time_sec
cat,0.9937646968543576,0.0006457819771909101,1.7961669937091928e-06,5.188718579318572,8145,2036,24.86700177192688,0.018419265747070312
