Model,R2,MAE,RMSE,MAPE_percent,n_train,n_test,fit_time_sec,predict_time_sec
gbm,-0.07528359255596162,0.001835288874482722,0.0001922516464895027,10.781794798960153,8151,2038,19.806860208511353,0.013929128646850586
