Model,R2,MAE,RMSE,MAPE_percent,n_train,n_test,fit_time_sec,predict_time_sec
rf,0.984742367007469,0.00040500458383205853,6.198825130878704e-06,2.0936991109631062,8145,2036,51.5642614364624,0.4162473678588867
