Model,R2,MAE,RMSE,MAPE_percent,n_train,n_test,fit_time_sec,predict_time_sec
gbm,0.49631405189230615,0.001193514270348835,8.807297064902336e-05,7.9018359299382235,8151,2038,19.94365406036377,0.013569355010986328
