Model,R2,MAE,RMSE,MAPE_percent,n_train,n_test,fit_time_sec,predict_time_sec
rf,0.9248726281385002,0.06636131135003702,0.026015025277737486,5.9655665009369825,6208,1552,45.373520851135254,0.30003905296325684
