Model,R2,MAE,RMSE,MAPE_percent,n_train,n_test,fit_time_sec,predict_time_sec
cat,0.9898356552362932,0.010285373681155412,0.0007214248171006757,5.0301653105873365,8145,2036,3.8180768489837646,0.0027387142181396484
