Model,R2,MAE,RMSE,MAPE_percent,n_train,n_test,fit_time_sec,predict_time_sec
cat,0.9658591146985229,0.07779314360479658,0.021325637195190067,100.7661586971428,9053,2263,5.0407187938690186,0.0035970211029052734
