Model,R2,MAE,RMSE,MAPE_percent,n_train,n_test,fit_time_sec,predict_time_sec
cat,0.9632197222576971,0.0644801645805789,0.008627703740977022,4.415263892712941,5944,1981,5.0920023918151855,0.0032749176025390625
