Model,R2,MAE,RMSE,MAPE_percent,n_train,n_test,fit_time_sec,predict_time_sec
gbm,0.9730280954038593,0.01853823909120697,0.0006782323709796169,10.090809043131685,8145,2036,19.58992576599121,0.01522374153137207
