Model,R2,MAE,RMSE,MAPE_percent,n_train,n_test,fit_time_sec,predict_time_sec
gbm,0.9810363406523283,0.007779576508389606,0.00019792591994888449,13.24938341229101,8145,2036,18.317049980163574,0.015137910842895508
