Model,R2,MAE,RMSE,MAPE_percent,n_train,n_test,fit_time_sec,predict_time_sec
rf,0.9894224898468844,0.00911362978416858,0.001070529233854395,123368.7128967317,9059,2265,56.638219356536865,0.4463982582092285
