Model,R2,MAE,RMSE,MAPE_percent,n_train,n_test,fit_time_sec,predict_time_sec
cat,0.9963632471468876,0.010391022436918551,0.0002827673429734608,4.472418238350652,8145,2036,3.644448757171631,0.0026633739471435547
