Model,R2,MAE,RMSE,MAPE_percent,n_train,n_test,fit_time_sec,predict_time_sec
rf,0.9546312635229346,0.032040648808878885,0.010865395290781066,3.843776043026484,5818,1940,34.45246982574463,0.3207817077636719
