Model,R2,MAE,RMSE,MAPE_percent,n_train,n_test,fit_time_sec,predict_time_sec
cat,0.25210959989767856,0.1491699399112746,0.08195250458443139,59.689483862097994,5944,1981,4.397923707962036,0.0032994747161865234
