Model,R2,MAE,RMSE,MAPE_percent,n_train,n_test,fit_time_sec,predict_time_sec
cat,0.9888544816362778,0.0009293961241570783,1.6744267798701032e-06,8.142683233233974,2545,7636,3.470548391342163,0.007178306579589844
