Model,R2,MAE,RMSE,MAPE_percent,n_train,n_test,fit_time_sec,predict_time_sec
rf,0.9677926344859473,0.00036326712662006737,2.1854055577787043e-05,1.7365863463441729,8151,2038,53.93346047401428,0.3922088146209717
