Model,R2,MAE,RMSE,MAPE_percent,n_train,n_test,fit_time_sec,predict_time_sec
cat,0.9474923296832869,0.1889537199557926,0.0933987798808552,6.368630107181837,2774,5151,4.517024040222168,0.0062274932861328125
