Model,R2,MAE,RMSE,MAPE_percent,n_train,n_test,fit_time_sec,predict_time_sec
rf,0.9316503681887276,0.05775204061266271,0.023704645779243538,4.754024530641693,6208,1552,61.28492045402527,0.5419864654541016
