Model,R2,MAE,RMSE,MAPE_percent,n_train,n_test,fit_time_sec,predict_time_sec
cat,0.9894341039402943,0.004905077456396604,4.6256263557610305e-05,7.575275213459555,2545,7636,4.41346001625061,0.00797581672668457
