Model,R2,MAE,RMSE,MAPE_percent,n_train,n_test,fit_time_sec,predict_time_sec
gbm,0.9987908924850539,0.0010876473802221894,2.784714285244797e-06,1.7614420373683783,8145,2036,20.33297109603882,0.013681650161743164
