Model,R2,MAE,RMSE,MAPE_percent,n_train,n_test,fit_time_sec,predict_time_sec
cat,0.9965534283555065,0.007542439803999326,0.00018482727504076518,382006051.7758197,9053,2263,7.851271629333496,0.01356363296508789
