Model,R2,MAE,RMSE,MAPE_percent,n_train,n_test,fit_time_sec,predict_time_sec
cat,0.24543271738577033,0.37221786920939315,0.4005731730876225,39.47074312109836,355,6750,3.1706037521362305,0.0066373348236083984
