Model,R2,MAE,RMSE,MAPE_percent,n_train,n_test,fit_time_sec,predict_time_sec
rf,0.9865598696895792,0.01120316480203451,0.0003506678053520616,3.1566785448981207,6790,4526,40.29756569862366,0.5484845638275146
