Model,R2,MAE,RMSE,MAPE_percent,n_train,n_test,fit_time_sec,predict_time_sec
gbm,0.7990674784210069,0.3029821829665358,0.2576839068574105,11.53426769152697,6214,1554,15.789702653884888,0.012206077575683594
