Model,R2,MAE,RMSE,MAPE_percent,n_train,n_test,fit_time_sec,predict_time_sec
cat,0.5460473917249551,0.002830398513509197,0.00035186867306616923,18.42434766637421,8151,2038,3.4451773166656494,0.0027320384979248047
