Model,R2,MAE,RMSE,MAPE_percent,n_train,n_test,fit_time_sec,predict_time_sec
rf,0.9882800871094135,0.009167240556276076,0.00040202579221965557,2.290952904917902,9053,2263,55.9605348110199,0.42336106300354004
