Model,R2,MAE,RMSE,MAPE_percent,n_train,n_test,fit_time_sec,predict_time_sec
cat,0.8652468111769674,0.026038317258815124,0.014973055941971142,7.065094839384593,1189,6736,3.9679644107818604,0.006757020950317383
