Model,R2,MAE,RMSE,MAPE_percent,n_train,n_test,fit_time_sec,predict_time_sec
cat,0.8919206403646107,0.016909727997203746,0.008901034852178646,7.613294285733457,2545,7636,4.4798736572265625,0.010095357894897461
