Model,R2,MAE,RMSE,MAPE_percent,n_train,n_test,fit_time_sec,predict_time_sec
rf,0.39705949292265175,0.3172911789339113,0.25410221779751774,38.71185049650294,6208,1552,40.14690327644348,0.32044506072998047
