Model,R2,MAE,RMSE,MAPE_percent,n_train,n_test,fit_time_sec,predict_time_sec
gbm,0.8909011691690804,0.0005776099508958578,4.343274950901516e-05,3.4248725210535547,8145,2036,20.551512956619263,0.01446843147277832
