Model,R2,MAE,RMSE,MAPE_percent,n_train,n_test,fit_time_sec,predict_time_sec
cat,0.8696271543880802,0.00542807332380919,0.0014742152933259712,7.288637929032762,8145,2036,4.918978452682495,0.0033202171325683594
