Model,R2,MAE,RMSE,MAPE_percent,n_train,n_test,fit_time_sec,predict_time_sec
gbm,0.951123231246268,0.008152314368568336,0.0043806356453504475,3.0655806578894698,8151,2038,20.617867469787598,0.012835025787353516
