Model,R2,MAE,RMSE,MAPE_percent,n_train,n_test,fit_time_sec,predict_time_sec
cat,0.9326464074338705,0.0010303445232652281,2.073733022411314e-05,8.306486106279324,2036,8145,3.1850457191467285,0.010133743286132812
