Model,R2,MAE,RMSE,MAPE_percent,n_train,n_test,fit_time_sec,predict_time_sec
gbm,-0.08087773117645569,0.036797155842006254,0.08168965355891065,15.563210493865087,8151,2038,18.228484630584717,0.014950752258300781
