Model,R2,MAE,RMSE,MAPE_percent,n_train,n_test,fit_time_sec,predict_time_sec
cat,0.9869945315959041,0.0010177946131113454,2.026154297183667e-06,7.546792398060485,8151,2038,3.8868396282196045,0.0026268959045410156
