Model,R2,MAE,RMSE,MAPE_percent,n_train,n_test,fit_time_sec,predict_time_sec
cat,0.99427900265424,0.009887098336849597,0.00018627416238856562,4.331502706918159,8145,2036,3.510801315307617,0.0026407241821289062
