Model,R2,MAE,RMSE,MAPE_percent,n_train,n_test,fit_time_sec,predict_time_sec
cat,0.9563444510646619,0.08870637270248245,0.020802371052210857,437352204.66910315,2263,9053,4.427658557891846,0.00898122787475586
