Model,R2,MAE,RMSE,MAPE_percent,n_train,n_test,fit_time_sec,predict_time_sec
rf,0.9551144045367741,0.018276132353834598,0.003353129600636401,4981957.57833994,1132,10184,5.3328728675842285,0.6641533374786377
