Model,R2,MAE,RMSE,MAPE_percent,n_train,n_test,fit_time_sec,predict_time_sec
rf,0.9972386273007626,0.0004282509053345773,3.6861610621349014e-07,2.8909264991772643,8151,2038,55.25161552429199,0.3993549346923828
