Model,R2,MAE,RMSE,MAPE_percent,n_train,n_test,fit_time_sec,predict_time_sec
cat,0.9336892560752861,0.013048823155660938,0.0014911325002514683,7.232776051411941,8151,2038,3.793339729309082,0.0025801658630371094
