Model,R2,MAE,RMSE,MAPE_percent,n_train,n_test,fit_time_sec,predict_time_sec
cat,0.9204723119159229,0.031736756034377575,0.019016133203513388,4.515808452316705,6206,1552,3.388641357421875,0.0022258758544921875
