Model,R2,MAE,RMSE,MAPE_percent,n_train,n_test,fit_time_sec,predict_time_sec
gbm,0.9345528807809667,0.02021249538852537,0.008513210793318474,266008165.99639532,9053,2263,22.844111680984497,0.01689624786376953
