Model,R2,MAE,RMSE,MAPE_percent,n_train,n_test,fit_time_sec,predict_time_sec
gbm,0.9893078823240387,0.013136107211703931,0.0003111913379774793,6.818219350658074,8145,2036,19.822518348693848,0.014918327331542969
