Model,R2,MAE,RMSE,MAPE_percent,n_train,n_test,fit_time_sec,predict_time_sec
rf,0.9835405726506945,0.0023825107489604293,0.00013740339520707914,2.9292533743862217,8145,2036,77.18854594230652,0.7880468368530273
