Model,R2,MAE,RMSE,MAPE_percent,n_train,n_test,fit_time_sec,predict_time_sec
cat,0.5237538021422078,0.463915756896562,0.4912602222016706,32.183094171107655,6206,1552,3.4599175453186035,0.0023272037506103516
