Model,R2,MAE,RMSE,MAPE_percent,n_train,n_test,fit_time_sec,predict_time_sec
rf,0.9901185887880195,0.0011967071248176432,3.056766215107983e-06,10.804213515436714,8145,2036,66.20885062217712,0.8108150959014893
