Model,R2,MAE,RMSE,MAPE_percent,n_train,n_test,fit_time_sec,predict_time_sec
cat,0.9853234901958832,0.012132205627274158,0.00033339927338616273,3.3969548409347032,3962,3963,4.537391901016235,0.00474238395690918
