Model,R2,MAE,RMSE,MAPE_percent,n_train,n_test,fit_time_sec,predict_time_sec
rf,0.8801069590597467,0.0012018215200270757,3.70726910645298e-05,8.828010457454782,509,9672,2.493358612060547,0.5514800548553467
