Model,R2,MAE,RMSE,MAPE_percent,n_train,n_test,fit_time_sec,predict_time_sec
rf,0.9982513848776017,0.000259510868609353,1.7757638407785005e-07,2.0898382139253733,8145,2036,51.10538363456726,0.4059135913848877
