Model,R2,MAE,RMSE,MAPE_percent,n_train,n_test,fit_time_sec,predict_time_sec
cat,0.8919407401282935,0.007220997608994292,0.0011882052829459498,12.360147127795194,7127,3054,4.584318399429321,0.0040743350982666016
