Model,R2,MAE,RMSE,MAPE_percent,n_train,n_test,fit_time_sec,predict_time_sec
rf,0.9330095740491832,0.0012952114019804404,2.892711255386917e-05,7.967132189591103,1018,9163,5.029107093811035,0.6263883113861084
