Model,R2,MAE,RMSE,MAPE_percent,n_train,n_test,fit_time_sec,predict_time_sec
gbm,0.9492741730003132,0.11710229117410832,0.0318140913703178,5.866544428739524,6206,1552,15.394351482391357,0.01199650764465332
