Model,R2,MAE,RMSE,MAPE_percent,n_train,n_test,fit_time_sec,predict_time_sec
cat,0.9750613588541506,0.15941529518754638,0.05551384122683139,1954315739.618018,9053,2263,4.2260777950286865,0.007851362228393555
