Model,R2,MAE,RMSE,MAPE_percent,n_train,n_test,fit_time_sec,predict_time_sec
cat,0.6215462245571424,0.6042582856733475,0.7748249052013033,25.662509537105688,1189,6736,3.5440309047698975,0.007922887802124023
