Model,R2,MAE,RMSE,MAPE_percent,n_train,n_test,fit_time_sec,predict_time_sec
rf,0.995645804065958,0.0031097785183910433,4.219527333713484e-05,4.027053640142307,8145,2036,83.97001647949219,0.5063438415527344
