Model,R2,MAE,RMSE,MAPE_percent,n_train,n_test,fit_time_sec,predict_time_sec
cat,0.9591708829653576,0.13621388743687915,0.04314426150548481,5.650230126750324,6208,1552,3.609221935272217,0.002381563186645508
