Model,R2,MAE,RMSE,MAPE_percent,n_train,n_test,fit_time_sec,predict_time_sec
cat,0.9954739348644219,0.0029730709210355325,1.8588434383507095e-05,3.7183553573108505,8145,2036,3.6463117599487305,0.002789020538330078
