Model,R2,MAE,RMSE,MAPE_percent,n_train,n_test,fit_time_sec,predict_time_sec
cat,0.9480046664493421,0.07563247118958015,0.01719893417399995,6.030166229184151,1403,5612,3.961444139480591,0.005925893783569336
