Model,R2,MAE,RMSE,MAPE_percent,n_train,n_test,fit_time_sec,predict_time_sec
cat,0.9311493373886914,0.020424484188831218,0.008072679727718423,617717561.3569554,9053,2263,5.331147909164429,0.0034232139587402344
