Model,R2,MAE,RMSE,MAPE_percent,n_train,n_test,fit_time_sec,predict_time_sec
gbm,0.8801327442510152,0.0009129441519744128,2.0893022623839954e-05,5.011673151030977,8151,2038,20.241362810134888,0.013528823852539062
