Model,R2,MAE,RMSE,MAPE_percent,n_train,n_test,fit_time_sec,predict_time_sec
gbm,0.9701164580122222,0.0025630986302208818,0.0002246170248766147,3.3731860383096652,8145,2036,20.37649440765381,0.014304399490356445
