Model,R2,MAE,RMSE,MAPE_percent,n_train,n_test,fit_time_sec,predict_time_sec
gbm,0.9360004728045741,0.019581504077727355,0.008074937523244933,221984551.66554657,6790,4526,17.087345361709595,0.031278133392333984
