Model,R2,MAE,RMSE,MAPE_percent,n_train,n_test,fit_time_sec,predict_time_sec
rf,0.9983575148201541,0.00025438265279150373,1.736426977521665e-07,1.969220960120422,8145,2036,51.362151861190796,0.46738290786743164
