Model,R2,MAE,RMSE,MAPE_percent,n_train,n_test,fit_time_sec,predict_time_sec
cat,0.9628712496542443,0.015337539904833714,0.004289335064986407,152.80717733328316,9053,2263,3.7115635871887207,0.0029480457305908203
