Model,R2,MAE,RMSE,MAPE_percent,n_train,n_test,fit_time_sec,predict_time_sec
cat,0.7492832295535785,0.09566623778728414,0.12701544007644067,8.361027818401428,355,6750,3.5495128631591797,0.010024547576904297
