Model,R2,MAE,RMSE,MAPE_percent,n_train,n_test,fit_time_sec,predict_time_sec
cat,0.6498563105611325,0.08622675422237963,0.12883382906239663,6.241947149542707,5612,1403,3.5049779415130615,0.002409219741821289
