Model,R2,MAE,RMSE,MAPE_percent,n_train,n_test,fit_time_sec,predict_time_sec
gbm,0.9635631688774119,0.16678922975906746,0.058625598752942175,5.481453067864102,6340,1585,15.806879758834839,0.013506650924682617
