Model,R2,MAE,RMSE,MAPE_percent,n_train,n_test,fit_time_sec,predict_time_sec
cat,0.4559272632079766,0.3190710508021458,0.22929308520364988,39.11206511744924,6208,1552,3.1260921955108643,0.0023148059844970703
