Model,R2,MAE,RMSE,MAPE_percent,n_train,n_test,fit_time_sec,predict_time_sec
cat,0.9862489431490251,0.01325822355987381,0.0004415064556362094,148.1559729568222,9053,2263,3.5979321002960205,0.002916574478149414
