Model,R2,MAE,RMSE,MAPE_percent,n_train,n_test,fit_time_sec,predict_time_sec
rf,0.9947751788644578,0.014548883758996644,0.00041813272494033334,6.765638924569292,8145,2036,97.40157222747803,0.7799489498138428
