Model,R2,MAE,RMSE,MAPE_percent,n_train,n_test,fit_time_sec,predict_time_sec
rf,0.9939183562269102,0.011665477947706194,0.0005485759000626527,1.8361764249667967,6206,1552,60.820348501205444,0.2847421169281006
