Model,R2,MAE,RMSE,MAPE_percent,n_train,n_test,fit_time_sec,predict_time_sec
rf,0.9972787825055621,0.004925875253091478,9.154728111109349e-05,2.0478737358464816,8145,2036,51.17097353935242,0.38135218620300293
