Model,R2,MAE,RMSE,MAPE_percent,n_train,n_test,fit_time_sec,predict_time_sec
cat,0.9550768705730147,0.20996667159445626,0.10391907844208123,1131382620.8572276,1697,9619,4.233112812042236,0.013550758361816406
