Model,R2,MAE,RMSE,MAPE_percent,n_train,n_test,fit_time_sec,predict_time_sec
cat,0.7128875355282795,0.5697296177190951,0.6641670582106257,2931709595.322278,1697,9619,3.952725410461426,0.010598421096801758
