Model,R2,MAE,RMSE,MAPE_percent,n_train,n_test,fit_time_sec,predict_time_sec
gbm,0.9346811288639453,0.004961654398917432,0.0005434015605082276,7.380655592398767,8145,2036,19.798489093780518,0.015350580215454102
