Model,R2,MAE,RMSE,MAPE_percent,n_train,n_test,fit_time_sec,predict_time_sec
rf,0.9464012660703685,0.10806284002547813,0.03500371659730551,5.212854812787537,6206,1552,35.89990162849426,0.28395652770996094
