Model,R2,MAE,RMSE,MAPE_percent,n_train,n_test,fit_time_sec,predict_time_sec
cat,0.9309233604926194,0.02183847270962677,0.007808969714178185,232732161.2658428,3961,7355,4.482694149017334,0.0072803497314453125
