Model,R2,MAE,RMSE,MAPE_percent,n_train,n_test,fit_time_sec,predict_time_sec
gbm,0.9541934447187259,0.0189618341091687,0.005233439968737217,87775205.95064336,9059,2265,22.87269377708435,0.017024993896484375
