Model,R2,MAE,RMSE,MAPE_percent,n_train,n_test,fit_time_sec,predict_time_sec
rf,0.9818409576296043,0.0380338456406395,0.005963594841748681,3.791251658292208,7056,1764,45.230185747146606,0.34023094177246094
