Model,R2,MAE,RMSE,MAPE_percent,n_train,n_test,fit_time_sec,predict_time_sec
cat,0.9057532838129738,0.015599037429236249,0.007768057911426683,7.49029009208723,6109,4072,4.9592225551605225,0.0056056976318359375
