Model,R2,MAE,RMSE,MAPE_percent,n_train,n_test,fit_time_sec,predict_time_sec
gbm,0.973677528855546,0.1613726558771999,0.05718560882991441,455589420.7389259,9053,2263,32.652066230773926,0.03127884864807129
