Model,R2,MAE,RMSE,MAPE_percent,n_train,n_test,fit_time_sec,predict_time_sec
rf,0.7749796229801189,0.5698834793866372,0.7079103648224074,18.667412738572885,6206,1552,37.288378953933716,0.2974400520324707
