Model,R2,MAE,RMSE,MAPE_percent,n_train,n_test,fit_time_sec,predict_time_sec
cat,0.9897799326240386,0.004548797701847102,3.7962841032291946e-05,6.931555817289042,6618,3563,4.846460342407227,0.005240440368652344
