Model,R2,MAE,RMSE,MAPE_percent,n_train,n_test,fit_time_sec,predict_time_sec
cat,0.9810633344096488,0.0008293331930080766,1.201059607106291e-06,7.015838823379415,7127,3054,3.5740511417388916,0.003591775894165039
