Model,R2,MAE,RMSE,MAPE_percent,n_train,n_test,fit_time_sec,predict_time_sec
cat,0.9967031508978379,0.002122171775452103,2.0887356822617133e-05,3.6068386704090347,8145,2036,3.528839111328125,0.003091096878051758
