Model,R2,MAE,RMSE,MAPE_percent,n_train,n_test,fit_time_sec,predict_time_sec
cat,0.3098600777974695,0.33546566500107716,0.38203528859918334,33.956744184248016,1066,6039,3.387105941772461,0.006244659423828125
