Model,R2,MAE,RMSE,MAPE_percent,n_train,n_test,fit_time_sec,predict_time_sec
cat,0.324839111857979,0.14988072366858352,0.0749480619482688,1949744084.3989432,5658,5658,4.396860599517822,0.008428335189819336
