Model,R2,MAE,RMSE,MAPE_percent,n_train,n_test,fit_time_sec,predict_time_sec
rf,0.9501927852090959,0.10192811528018775,0.03199099357098194,5.155076420465063,6206,1552,35.71153783798218,0.30049848556518555
