Model,R2,MAE,RMSE,MAPE_percent,n_train,n_test,fit_time_sec,predict_time_sec
rf,0.9974209222909366,0.003508530473586531,3.543838684975223e-05,1.2242550626372128,6208,1552,37.27612280845642,0.2914302349090576
