Model,R2,MAE,RMSE,MAPE_percent,n_train,n_test,fit_time_sec,predict_time_sec
cat,0.36819710498594027,0.0028208437525344197,0.00042870490527452756,18.366409681475552,8151,2038,3.2100019454956055,0.0024690628051757812
