Model,R2,MAE,RMSE,MAPE_percent,n_train,n_test,fit_time_sec,predict_time_sec
rf,0.9984077926072219,0.00042226416005630306,4.083927886769186e-07,3.400396342281304,8145,2036,52.09189200401306,0.40892982482910156
