Model,R2,MAE,RMSE,MAPE_percent,n_train,n_test,fit_time_sec,predict_time_sec
gbm,0.9606208237217084,0.048546292847729176,0.00713807595403415,4.391696537297503,6208,1552,15.443164825439453,0.011533021926879883
