Model,R2,MAE,RMSE,MAPE_percent,n_train,n_test,fit_time_sec,predict_time_sec
rf,0.9864809923527882,0.007212440466263464,0.0001237931235126245,12.28199329752332,8145,2036,50.69659209251404,0.4111208915710449
