Model,R2,MAE,RMSE,MAPE_percent,n_train,n_test,fit_time_sec,predict_time_sec
cat,0.9075706474948769,0.005555276900584605,0.0008901454857270639,7.384377389527559,3563,6618,4.4799885749816895,0.006966352462768555
