Model,R2,MAE,RMSE,MAPE_percent,n_train,n_test,fit_time_sec,predict_time_sec
gbm,0.9876105634422222,0.0008608974547201705,1.3293437100525917e-06,7.525006510528589,4072,6109,9.642266750335693,0.03611397743225098
