Model,R2,MAE,RMSE,MAPE_percent,n_train,n_test,fit_time_sec,predict_time_sec
cat,0.9024036880028905,0.0015639423663221417,3.5909828029939805e-05,13.567907084754832,2036,8145,4.057070016860962,0.00966787338256836
