Model,R2,MAE,RMSE,MAPE_percent,n_train,n_test,fit_time_sec,predict_time_sec
gbm,0.9982883311901158,0.002147580245496529,1.098473895057205e-05,3.337518201689174,8145,2036,26.32402229309082,0.015188217163085938
