Model,R2,MAE,RMSE,MAPE_percent,n_train,n_test,fit_time_sec,predict_time_sec
rf,0.9561281356783079,0.02908992713324206,0.008645943393430194,3.651725489424003,6206,1552,42.164315700531006,0.2880256175994873
