Model,R2,MAE,RMSE,MAPE_percent,n_train,n_test,fit_time_sec,predict_time_sec
gbm,0.9963539758177182,0.007165740189392819,0.00012255722612326134,3.0467736978099667,8145,2036,20.366481065750122,0.013736963272094727
