Model,R2,MAE,RMSE,MAPE_percent,n_train,n_test,fit_time_sec,predict_time_sec
cat,0.8719902519116385,0.0013175305925447625,3.935853145007782e-05,10.31284700307089,509,9672,2.588629961013794,0.011472940444946289
