Model,R2,MAE,RMSE,MAPE_percent,n_train,n_test,fit_time_sec,predict_time_sec
gbm,0.9869633091400685,0.0008644962308521605,1.3930180574495325e-06,7.366263724563299,4072,6109,9.672094345092773,0.03694772720336914
