Model,R2,MAE,RMSE,MAPE_percent,n_train,n_test,fit_time_sec,predict_time_sec
cat,0.4723394291848002,0.3628916633124374,0.3081157150262611,32.560955435459064,5944,1981,4.347395658493042,0.0031006336212158203
