Model,R2,MAE,RMSE,MAPE_percent,n_train,n_test,fit_time_sec,predict_time_sec
rf,-2.4524856061688265,0.04500907755757603,0.2983177728402944,17.187921038086934,8151,2038,53.92669916152954,0.43534088134765625
