Model,R2,MAE,RMSE,MAPE_percent,n_train,n_test,fit_time_sec,predict_time_sec
rf,0.9894795698417812,0.011745010043738804,0.0002536945541712986,6.910816473506605,8145,2036,51.48188519477844,0.41094326972961426
