Model,R2,MAE,RMSE,MAPE_percent,n_train,n_test,fit_time_sec,predict_time_sec
rf,0.9969957457146416,0.00027465500189411036,3.203993323695715e-07,2.199223571309293,8145,2036,51.067084312438965,0.4265632629394531
