Model,R2,MAE,RMSE,MAPE_percent,n_train,n_test,fit_time_sec,predict_time_sec
gbm,0.9884017483159935,0.0010132495914168872,1.936836052883832e-06,6.499790387468732,8145,2036,20.024847745895386,0.01444697380065918
