Model,R2,MAE,RMSE,MAPE_percent,n_train,n_test,fit_time_sec,predict_time_sec
cat,0.9600366591511411,0.07275076735169048,0.012089920165419762,5.548899792829374,7921,3395,4.9983015060424805,0.0045490264892578125
