Model,R2,MAE,RMSE,MAPE_percent,n_train,n_test,fit_time_sec,predict_time_sec
cat,0.9487202344937378,0.18486509058234094,0.08948020140610483,6.127294738076795,3170,4755,4.498379945755005,0.005150794982910156
