Model,R2,MAE,RMSE,MAPE_percent,n_train,n_test,fit_time_sec,predict_time_sec
cat,0.5686447723657952,0.055704210143903594,0.2741898904021944,5.408190595083238,3528,5292,4.516661882400513,0.006725788116455078
