Model,R2,MAE,RMSE,MAPE_percent,n_train,n_test,fit_time_sec,predict_time_sec
gbm,0.9948302444336421,0.012044300639789444,0.0003200657759262121,7.254029591185669,8145,2036,23.680821180343628,0.015104532241821289
