Model,R2,MAE,RMSE,MAPE_percent,n_train,n_test,fit_time_sec,predict_time_sec
gbm,0.42425510965877156,0.4909624173254731,0.5264523513395175,36.4481231894886,6206,1552,13.75370717048645,0.011692523956298828
