Model,R2,MAE,RMSE,MAPE_percent,n_train,n_test,fit_time_sec,predict_time_sec
cat,0.7267149251649337,0.001065884717880677,0.00017930314058929456,5.488766792077039,8151,2038,3.6950979232788086,0.002625703811645508
