Model,R2,MAE,RMSE,MAPE_percent,n_train,n_test,fit_time_sec,predict_time_sec
cat,0.9882663715062263,0.012102762853081457,0.0003560142185663627,3.458837011374704,4755,3170,4.570654630661011,0.00420379638671875
