Model,R2,MAE,RMSE,MAPE_percent,n_train,n_test,fit_time_sec,predict_time_sec
cat,0.9634544555121365,0.07775519920524615,0.018600149249828852,6.119567014402482,9053,2263,3.73236346244812,0.002962827682495117
