Model,R2,MAE,RMSE,MAPE_percent,n_train,n_test,fit_time_sec,predict_time_sec
gbm,0.9813375641263045,0.03346311149922165,0.002405127252063527,3.641264792913152,7056,1764,17.730897665023804,0.013169288635253906
