Model,R2,MAE,RMSE,MAPE_percent,n_train,n_test,fit_time_sec,predict_time_sec
gbm,0.7654073899469456,0.001230287566759265,8.539041903146894e-05,8.234054100581057,8151,2038,20.166560649871826,0.013857364654541016
