Model,R2,MAE,RMSE,MAPE_percent,n_train,n_test,fit_time_sec,predict_time_sec
gbm,0.9193519179994136,0.011097338158406524,0.0026063032233105765,4.093772286418827,8151,2038,20.395782709121704,0.013600349426269531
