Model,R2,MAE,RMSE,MAPE_percent,n_train,n_test,fit_time_sec,predict_time_sec
gbm,0.9939164093814349,0.0020295129119896546,0.0003960525691488071,1.7650925085423923,8151,2038,20.979034662246704,0.012833118438720703
