Model,R2,MAE,RMSE,MAPE_percent,n_train,n_test,fit_time_sec,predict_time_sec
gbm,0.9965865860889855,0.006027612609826256,7.730721837625119e-05,3.18256926172077,8145,2036,20.511569499969482,0.01363515853881836
