Model,R2,MAE,RMSE,MAPE_percent,n_train,n_test,fit_time_sec,predict_time_sec
cat,0.9970524073716024,0.00043839943212241843,1.0018253117842465e-06,3.019731138631501,8145,2036,3.8118224143981934,0.006690502166748047
