Model,R2,MAE,RMSE,MAPE_percent,n_train,n_test,fit_time_sec,predict_time_sec
rf,0.9164370155166133,0.0010369923741573336,3.1615736791590475e-05,7.348697722069756,4072,6109,23.4667706489563,0.6349122524261475
