Model,R2,MAE,RMSE,MAPE_percent,n_train,n_test,fit_time_sec,predict_time_sec
rf,0.9707912540193403,0.07064180244706124,0.01750658353662134,9081277.528570492,9053,2263,83.43650436401367,0.47762513160705566
