Model,R2,MAE,RMSE,MAPE_percent,n_train,n_test,fit_time_sec,predict_time_sec
gbm,0.3302204555159499,0.10472217878666527,0.033371401425390336,49.75663302642068,6208,1552,13.73241376876831,0.011419057846069336
