Model,R2,MAE,RMSE,MAPE_percent,n_train,n_test,fit_time_sec,predict_time_sec
cat,0.9251745009340242,0.015174328734490669,0.004342434612045884,5.689695555481658,1552,6208,3.012179136276245,0.0060558319091796875
