Model,R2,MAE,RMSE,MAPE_percent,n_train,n_test,fit_time_sec,predict_time_sec
cat,0.13863417829406477,0.03631104103851237,0.4351372339780053,8.70027077374686,8151,2038,3.5403833389282227,0.0025517940521240234
