Model,R2,MAE,RMSE,MAPE_percent,n_train,n_test,fit_time_sec,predict_time_sec
cat,0.9709427088437929,0.04014135983294547,0.004897175374736064,3.8651247116921277,6208,1552,3.450901985168457,0.0023093223571777344
