Model,R2,MAE,RMSE,MAPE_percent,n_train,n_test,fit_time_sec,predict_time_sec
rf,0.7466423957291741,0.4989488840247462,0.5601826884711651,649760797.4981081,9059,2265,57.845258712768555,0.45181727409362793
