Model,R2,MAE,RMSE,MAPE_percent,n_train,n_test,fit_time_sec,predict_time_sec
cat,0.9885076775049235,0.007328990594943106,9.816121506282558e-05,2.8720000881016308,5044,2716,3.4636383056640625,0.003233671188354492
