Model,R2,MAE,RMSE,MAPE_percent,n_train,n_test,fit_time_sec,predict_time_sec
cat,0.9125759462992733,0.011661949271224712,0.006837355932604287,2.8143297821971314,6214,1554,3.5263686180114746,0.002263784408569336
