Model,R2,MAE,RMSE,MAPE_percent,n_train,n_test,fit_time_sec,predict_time_sec
cat,0.9261744960532939,0.011126805516045111,0.005833605176407493,2.8713982346581615,6208,1552,3.550764799118042,0.0023393630981445312
