Model,R2,MAE,RMSE,MAPE_percent,n_train,n_test,fit_time_sec,predict_time_sec
cat,0.9897880531752128,0.00457615064021818,3.730301096624042e-05,7.163192544356925,6109,4072,4.827117443084717,0.005312919616699219
