Model,R2,MAE,RMSE,MAPE_percent,n_train,n_test,fit_time_sec,predict_time_sec
cat,0.9247306088618682,0.005054528234822418,0.0007556460027794525,7.375823413898025,6109,4072,4.887496471405029,0.00579524040222168
