Model,R2,MAE,RMSE,MAPE_percent,n_train,n_test,fit_time_sec,predict_time_sec
rf,0.9628024255238158,0.18142649767088218,0.08995815920737357,29917989.83702792,9053,2263,55.45364022254944,0.4630739688873291
