Model,R2,MAE,RMSE,MAPE_percent,n_train,n_test,fit_time_sec,predict_time_sec
rf,0.9990172582109732,0.00026426602319977845,1.3241015812783484e-07,1.8729171489135115,8151,2038,54.180174350738525,0.39077067375183105
