Model,R2,MAE,RMSE,MAPE_percent,n_train,n_test,fit_time_sec,predict_time_sec
cat,0.9472573138138507,0.08756108608869981,0.030999500049599806,6.472618467140584,1585,6340,4.932887554168701,0.0064656734466552734
