Model,R2,MAE,RMSE,MAPE_percent,n_train,n_test,fit_time_sec,predict_time_sec
rf,0.9729259470014199,0.0004170317688341316,9.152093428251861e-06,2.3571122600615158,8145,2036,49.93743300437927,0.3818933963775635
