Model,R2,MAE,RMSE,MAPE_percent,n_train,n_test,fit_time_sec,predict_time_sec
gbm,0.9863956726459355,0.016536036046898055,0.0008804047811114067,11.681362825350647,8145,2036,18.456828355789185,0.015458345413208008
