Model,R2,MAE,RMSE,MAPE_percent,n_train,n_test,fit_time_sec,predict_time_sec
gbm,0.9974337136372993,0.00041863336861872605,3.330055710674962e-07,2.96625805300534,8151,2038,20.388193130493164,0.012508392333984375
