Model,R2,MAE,RMSE,MAPE_percent,n_train,n_test,fit_time_sec,predict_time_sec
gbm,0.9759461844804784,0.02206792938341001,0.0017672533451414782,3.784717244528886,2715,5043,6.6150171756744385,0.030650615692138672
