Model,R2,MAE,RMSE,MAPE_percent,n_train,n_test,fit_time_sec,predict_time_sec
gbm,0.9972540193354865,0.003128858868125664,2.661051695256915e-05,4.117130820909698,8145,2036,29.9233980178833,0.014566183090209961
