Model,R2,MAE,RMSE,MAPE_percent,n_train,n_test,fit_time_sec,predict_time_sec
cat,0.9887153329442108,0.000535951960347063,4.430966004426648e-06,3.098138793716034,8145,2036,3.72526478767395,0.0026307106018066406
