Model,R2,MAE,RMSE,MAPE_percent,n_train,n_test,fit_time_sec,predict_time_sec
cat,0.9949941998605911,0.0026762522999761746,1.721209073812933e-05,4.174898541341014,8151,2038,3.606203079223633,0.0026314258575439453
