Model,R2,MAE,RMSE,MAPE_percent,n_train,n_test,fit_time_sec,predict_time_sec
cat,0.9883711929995918,0.0009933254290647223,4.015103687935298e-06,7.254688571745725,7636,2545,4.925681829452515,0.003602743148803711
