Model,R2,MAE,RMSE,MAPE_percent,n_train,n_test,fit_time_sec,predict_time_sec
rf,0.958030299609896,0.07510526833690123,0.02093455028885523,5.328688533259857,9059,2265,54.7632851600647,0.5269966125488281
