Model,R2,MAE,RMSE,MAPE_percent,n_train,n_test,fit_time_sec,predict_time_sec
rf,0.9625645434671807,0.042154822647922786,0.006890237955739327,3.974143903098109,6208,1552,36.0518696308136,0.28321313858032227
