Model,R2,MAE,RMSE,MAPE_percent,n_train,n_test,fit_time_sec,predict_time_sec
cat,0.9649834500271958,0.12477315242954334,0.035318089583898496,5.214160345395922,6208,1552,3.363032817840576,0.0023102760314941406
