Model,R2,MAE,RMSE,MAPE_percent,n_train,n_test,fit_time_sec,predict_time_sec
rf,0.9910286466545839,0.0003402185782257864,5.886131290339224e-06,2.0095086339539865,8151,2038,53.740379333496094,0.391740083694458
