Model,R2,MAE,RMSE,MAPE_percent,n_train,n_test,fit_time_sec,predict_time_sec
rf,0.9200655021908508,0.13189280927579353,0.07374685681548031,6.6896868843754165,6206,1552,35.81830883026123,0.2832813262939453
