Model,R2,MAE,RMSE,MAPE_percent,n_train,n_test,fit_time_sec,predict_time_sec
gbm,0.437968367715203,0.4680554799346332,0.518525385758207,33.23466438968327,6206,1552,14.071754217147827,0.012054681777954102
