Model,R2,MAE,RMSE,MAPE_percent,n_train,n_test,fit_time_sec,predict_time_sec
cat,0.9082812291616483,0.05904204038883383,0.02482327873076986,7.557524114817553,1323,7497,4.073294639587402,0.00897526741027832
