Model,R2,MAE,RMSE,MAPE_percent,n_train,n_test,fit_time_sec,predict_time_sec
cat,0.7925303325579094,0.030804161644186395,0.024806607709066224,528569389.81007624,1132,10184,4.206084966659546,0.011148452758789062
