Model,R2,MAE,RMSE,MAPE_percent,n_train,n_test,fit_time_sec,predict_time_sec
rf,0.9964171431619667,0.007170104522171312,0.00011204382809755052,3.036215374054352,8145,2036,52.01673340797424,0.4082362651824951
