Model,R2,MAE,RMSE,MAPE_percent,n_train,n_test,fit_time_sec,predict_time_sec
gbm,0.8914594301493322,0.29330587280261833,0.16473341065423852,11.505805447535883,6208,1552,15.423249959945679,0.012089967727661133
