Model,R2,MAE,RMSE,MAPE_percent,n_train,n_test,fit_time_sec,predict_time_sec
rf,0.7986808415353098,0.0033006981056505243,0.0014986703010080888,2.4300516823737572,8151,2038,55.91980028152466,0.38865113258361816
