Model,R2,MAE,RMSE,MAPE_percent,n_train,n_test,fit_time_sec,predict_time_sec
rf,0.9834230821219934,0.0011219328965264214,7.845123305228262e-06,6.891753343476147,8145,2036,76.68087315559387,0.4462168216705322
