Model,R2,MAE,RMSE,MAPE_percent,n_train,n_test,fit_time_sec,predict_time_sec
gbm,0.9878962922231239,0.010541680550361978,0.00024991163433163676,2.9392797289680646,9053,2263,23.298912525177002,0.015838146209716797
