Model,R2,MAE,RMSE,MAPE_percent,n_train,n_test,fit_time_sec,predict_time_sec
cat,0.2611691181518043,0.14825173106540834,0.09460923144258374,52.20240021473227,3962,3963,4.243126392364502,0.0048542022705078125
