Model,R2,MAE,RMSE,MAPE_percent,n_train,n_test,fit_time_sec,predict_time_sec
cat,0.6127224569607705,0.5720931719947888,0.6283078547432582,27.284866304666345,6214,1554,3.224827527999878,0.0022897720336914062
