Model,R2,MAE,RMSE,MAPE_percent,n_train,n_test,fit_time_sec,predict_time_sec
gbm,0.9280375061942697,0.2901694094943832,0.22923718601613363,8.075735099685872,6213,1553,15.436179637908936,0.012898445129394531
