Model,R2,MAE,RMSE,MAPE_percent,n_train,n_test,fit_time_sec,predict_time_sec
gbm,0.9762526299288767,0.021166321390992084,0.0008739823461633927,10.031933877815993,8145,2036,19.925145387649536,0.015050172805786133
