Model,R2,MAE,RMSE,MAPE_percent,n_train,n_test,fit_time_sec,predict_time_sec
rf,0.9874381814214559,0.000895166723640813,3.359897345302547e-06,7.656191045762073,5090,5091,31.024829149246216,0.6045637130737305
