Model,R2,MAE,RMSE,MAPE_percent,n_train,n_test,fit_time_sec,predict_time_sec
cat,0.9970165326293864,0.00962524402741642,0.00023876134877787855,4.342773036879901,8145,2036,8.643431663513184,0.018294811248779297
