Model,R2,MAE,RMSE,MAPE_percent,n_train,n_test,fit_time_sec,predict_time_sec
cat,0.989313709721821,0.004731700364062826,5.1579213752210256e-05,7.134371794503249,4072,6109,4.575114488601685,0.006104946136474609
