Model,R2,MAE,RMSE,MAPE_percent,n_train,n_test,fit_time_sec,predict_time_sec
rf,0.995833203287004,0.007667454376565914,0.00011040014752832993,3.8057989745967116,8145,2036,50.73454475402832,0.41475892066955566
