Model,R2,MAE,RMSE,MAPE_percent,n_train,n_test,fit_time_sec,predict_time_sec
cat,0.9913420974257277,0.010843627098314143,0.00023388535137767406,3.2055164068851907,5944,1981,4.752012729644775,0.0034399032592773438
