Model,R2,MAE,RMSE,MAPE_percent,n_train,n_test,fit_time_sec,predict_time_sec
rf,0.9358770714121527,0.0012153022942849208,2.849081021338994e-05,7.5730305782217995,2545,7636,13.77779245376587,0.6765599250793457
