Model,R2,MAE,RMSE,MAPE_percent,n_train,n_test,fit_time_sec,predict_time_sec
gbm,0.9674579651080797,0.06467482635052706,0.013905900649722734,4.901146278453912,9053,2263,22.843215227127075,0.01759171485900879
