Model,R2,MAE,RMSE,MAPE_percent,n_train,n_test,fit_time_sec,predict_time_sec
cat,0.31596425840400144,0.32758098038036254,0.3954537433501647,32.780587614869674,2132,4973,5.433660507202148,0.007051944732666016
