Model,R2,MAE,RMSE,MAPE_percent,n_train,n_test,fit_time_sec,predict_time_sec
gbm,0.9323374472692184,0.0012227092379145097,3.148535295541633e-05,7.483933350579633,8145,2036,19.834925889968872,0.014820098876953125
