Model,R2,MAE,RMSE,MAPE_percent,n_train,n_test,fit_time_sec,predict_time_sec
rf,0.9990768399551089,0.003763205718273894,5.045293581289544e-05,1.8626343146681423,8145,2036,51.716774225234985,0.4161508083343506
