Model,R2,MAE,RMSE,MAPE_percent,n_train,n_test,fit_time_sec,predict_time_sec
rf,0.996186871349697,0.005985482420061442,0.00016281656091242125,1.6004720589556283,9053,2263,55.6986722946167,0.4680817127227783
