Model,R2,MAE,RMSE,MAPE_percent,n_train,n_test,fit_time_sec,predict_time_sec
rf,0.9725166150665471,0.001709464233191199,0.00020657645468585332,1.9545699033924189,8145,2036,51.32450842857361,0.44255757331848145
