Model,R2,MAE,RMSE,MAPE_percent,n_train,n_test,fit_time_sec,predict_time_sec
cat,0.8870936231506075,0.28599649390323195,0.1654116868552828,11.445416599417864,6214,1554,3.4896507263183594,0.0023660659790039062
