Model,R2,MAE,RMSE,MAPE_percent,n_train,n_test,fit_time_sec,predict_time_sec
cat,0.9240057532883993,0.01511435162210725,0.006094160965060523,7.401633781531294,4581,5600,4.747594356536865,0.006246089935302734
