Model,R2,MAE,RMSE,MAPE_percent,n_train,n_test,fit_time_sec,predict_time_sec
cat,0.8954154552556023,0.04276538551287262,0.023518727074400173,6.92218372645005,776,6982,2.955690383911133,0.009279966354370117
