Model,R2,MAE,RMSE,MAPE_percent,n_train,n_test,fit_time_sec,predict_time_sec
gbm,0.9933142638123722,0.005555895934209839,0.0005050594223370911,2.1979656972887467,8145,2036,20.624836683273315,0.014073848724365234
