Model,R2,MAE,RMSE,MAPE_percent,n_train,n_test,fit_time_sec,predict_time_sec
cat,0.3248955227644128,0.15108387855015776,0.07795698368245539,2602623176.2688613,5658,5658,4.39371132850647,0.008190393447875977
