Model,R2,MAE,RMSE,MAPE_percent,n_train,n_test,fit_time_sec,predict_time_sec
cat,0.9519817471655104,0.08534059527580483,0.03272982779130234,1072715031.0571499,7355,3961,5.010023593902588,0.0058667659759521484
