Model,R2,MAE,RMSE,MAPE_percent,n_train,n_test,fit_time_sec,predict_time_sec
gbm,0.999015499762756,0.003724750785308275,2.7566315287837928e-05,1.7088523744384334,8151,2038,20.80723261833191,0.012292861938476562
