Model,R2,MAE,RMSE,MAPE_percent,n_train,n_test,fit_time_sec,predict_time_sec
cat,0.18211674084595353,0.0019283760571803422,0.0018954933256847798,4.7268784403511415,8151,2038,3.4939897060394287,0.002524852752685547
