Model,R2,MAE,RMSE,MAPE_percent,n_train,n_test,fit_time_sec,predict_time_sec
rf,0.9865102827979904,0.0008964635795704493,4.50461878954278e-06,7.222727974826413,8145,2036,51.40910005569458,0.40085792541503906
