Model,R2,MAE,RMSE,MAPE_percent,n_train,n_test,fit_time_sec,predict_time_sec
cat,0.3098587171212114,0.001691711063882644,0.00040638306161052166,7.142444128909242,8151,2038,3.49937105178833,0.0025691986083984375
