Model,R2,MAE,RMSE,MAPE_percent,n_train,n_test,fit_time_sec,predict_time_sec
cat,0.5206611998803505,0.06124156053082425,0.30250052766470686,5.870524602743353,1764,7056,4.527570009231567,0.0074536800384521484
