Model,R2,MAE,RMSE,MAPE_percent,n_train,n_test,fit_time_sec,predict_time_sec
gbm,0.9985662187168546,0.0002422948819022553,1.3326804203646156e-07,1.948590748830042,8145,2036,20.582494974136353,0.013868570327758789
