Model,R2,MAE,RMSE,MAPE_percent,n_train,n_test,fit_time_sec,predict_time_sec
cat,0.9967428396940821,0.0004637774801029823,4.806304540842791e-07,2.9855976152378743,8145,2036,3.7022221088409424,0.0026595592498779297
