Model,R2,MAE,RMSE,MAPE_percent,n_train,n_test,fit_time_sec,predict_time_sec
cat,0.9870318584067983,0.0031264334026871506,0.00010741572819078561,4.353554583578766,8145,2036,3.5814051628112793,0.002595186233520508
