Model,R2,MAE,RMSE,MAPE_percent,n_train,n_test,fit_time_sec,predict_time_sec
cat,0.9870485025137137,0.011453936945055771,0.0002882774390674526,3.3796101757697974,8487,2829,4.922708988189697,0.003676891326904297
