Model,R2,MAE,RMSE,MAPE_percent,n_train,n_test,fit_time_sec,predict_time_sec
gbm,0.9740259322237547,0.003610247242727954,0.0002719918661362632,4.0792418778172985,8145,2036,20.342543601989746,0.01453089714050293
