Model,R2,MAE,RMSE,MAPE_percent,n_train,n_test,fit_time_sec,predict_time_sec
cat,0.9481242175005581,0.0848122138314587,0.031079066332142597,5.759350984343245,2378,5547,4.743515253067017,0.006270647048950195
