Model,R2,MAE,RMSE,MAPE_percent,n_train,n_test,fit_time_sec,predict_time_sec
rf,-0.14571054594946675,0.014657195388269331,0.019166865522750733,15.108369506085834,8151,2038,52.596049070358276,0.4248323440551758
