Model,R2,MAE,RMSE,MAPE_percent,n_train,n_test,fit_time_sec,predict_time_sec
cat,0.9876143657525078,0.006382272601748319,0.000887869865436968,3.066400979544998,8145,2036,3.6581366062164307,0.002666950225830078
