Model,R2,MAE,RMSE,MAPE_percent,n_train,n_test,fit_time_sec,predict_time_sec
rf,0.9844287037866367,0.010993973282243562,0.0003084522528124594,3.084894499780228,9053,2263,56.20645570755005,0.3976888656616211
