Model,R2,MAE,RMSE,MAPE_percent,n_train,n_test,fit_time_sec,predict_time_sec
gbm,0.9937097729361956,0.0010807380654452921,2.4696323523783536e-06,7.5509349578747855,8145,2036,19.90161943435669,0.014932870864868164
