Model,R2,MAE,RMSE,MAPE_percent,n_train,n_test,fit_time_sec,predict_time_sec
cat,0.9805353792197683,0.006908841663529088,0.0001495084059608087,12.437576130194085,6618,3563,4.048902273178101,0.0050051212310791016
