Model,R2,MAE,RMSE,MAPE_percent,n_train,n_test,fit_time_sec,predict_time_sec
cat,0.9120744805891825,0.26136239580625,0.17885028364166333,10.39355640745331,396,7529,3.5967040061950684,0.007354021072387695
