Model,R2,MAE,RMSE,MAPE_percent,n_train,n_test,fit_time_sec,predict_time_sec
cat,0.9967990962786915,0.004251156673107633,4.270584114247343e-05,1.7178138967873358,6208,1552,3.5505244731903076,0.0023546218872070312
