Model,R2,MAE,RMSE,MAPE_percent,n_train,n_test,fit_time_sec,predict_time_sec
rf,0.969163715333268,0.04528703138519004,0.005574635903524727,3.986584580725097,6208,1552,36.25147461891174,0.27858901023864746
