Model,R2,MAE,RMSE,MAPE_percent,n_train,n_test,fit_time_sec,predict_time_sec
rf,0.9730483771954195,0.06657119859295775,0.016711328417845214,210015.3921273445,9059,2265,56.016600370407104,0.44446539878845215
