Model,R2,MAE,RMSE,MAPE_percent,n_train,n_test,fit_time_sec,predict_time_sec
rf,0.9929000859893341,0.004671205101743903,0.00010313346791315454,1.6127078694304031,6214,1554,37.296257734298706,0.28313446044921875
