Model,R2,MAE,RMSE,MAPE_percent,n_train,n_test,fit_time_sec,predict_time_sec
gbm,0.9961057112501387,0.01008775876807902,0.00025857379024561727,1.7177024016423763,6206,1552,15.450501918792725,0.012257814407348633
