Model,R2,MAE,RMSE,MAPE_percent,n_train,n_test,fit_time_sec,predict_time_sec
cat,0.8958219665357487,0.2864719501718804,0.15811233340149913,11.293741134213146,6208,1552,3.4514176845550537,0.002405881881713867
