Model,R2,MAE,RMSE,MAPE_percent,n_train,n_test,fit_time_sec,predict_time_sec
gbm,0.9748790627083453,0.006150709067181471,7.601781692413789e-05,10.000035622851094,8145,2036,19.46757483482361,0.015253305435180664
