Model,R2,MAE,RMSE,MAPE_percent,n_train,n_test,fit_time_sec,predict_time_sec
cat,0.8542904046750148,0.007321627502196852,0.014501275973022705,2.0114491814775812,8145,2036,3.6933255195617676,0.0027077198028564453
