Model,R2,MAE,RMSE,MAPE_percent,n_train,n_test,fit_time_sec,predict_time_sec
cat,0.8620502761997335,0.021227331271228268,0.01363763935331078,12.086994706017757,7636,2545,4.630454778671265,0.0037508010864257812
