Model,R2,MAE,RMSE,MAPE_percent,n_train,n_test,fit_time_sec,predict_time_sec
gbm,0.9766468400831776,0.0012541086883436075,2.977534162081652e-06,10.599133802108007,8145,2036,19.440767288208008,0.01528620719909668
