Model,R2,MAE,RMSE,MAPE_percent,n_train,n_test,fit_time_sec,predict_time_sec
rf,0.9967585376631596,0.0019651357092861804,8.178273806800363e-06,3.202379057742278,8145,2036,51.76536417007446,0.4085407257080078
