Model,R2,MAE,RMSE,MAPE_percent,n_train,n_test,fit_time_sec,predict_time_sec
gbm,0.8398469372960146,0.1650874283618116,0.049684462477287306,13.303044971765853,6208,1552,14.747586011886597,0.012454748153686523
