Model,R2,MAE,RMSE,MAPE_percent,n_train,n_test,fit_time_sec,predict_time_sec
rf,0.9982776288112928,0.006163780850148131,9.638259728069746e-05,3.1753891510126904,8145,2036,67.93804669380188,0.42222070693969727
