Model,R2,MAE,RMSE,MAPE_percent,n_train,n_test,fit_time_sec,predict_time_sec
cat,0.9654730403221508,0.16927125882098656,0.06287613961062646,6.942821800993274,9053,2263,3.9926259517669678,0.0030846595764160156
