Model,R2,MAE,RMSE,MAPE_percent,n_train,n_test,fit_time_sec,predict_time_sec
cat,0.9851132978193863,0.005692369705863073,9.43154662900975e-05,12.88551795896455,8145,2036,3.1920580863952637,0.002660512924194336
