Model,R2,MAE,RMSE,MAPE_percent,n_train,n_test,fit_time_sec,predict_time_sec
cat,0.9842225090952241,0.0010613433098239113,2.0686382163071593e-06,6.879152564519853,5090,5091,3.2829365730285645,0.005980253219604492
