Model,R2,MAE,RMSE,MAPE_percent,n_train,n_test,fit_time_sec,predict_time_sec
cat,0.9964644201900732,0.0004894811548934128,4.3730936950490695e-07,3.580702342562208,8145,2036,4.5340917110443115,0.003323793411254883
