Model,R2,MAE,RMSE,MAPE_percent,n_train,n_test,fit_time_sec,predict_time_sec
rf,0.9911219148396561,0.0009079658004015706,1.6500674689128985e-06,7.895909677059593,1527,8654,7.742856502532959,0.6441287994384766
