Model,R2,MAE,RMSE,MAPE_percent,n_train,n_test,fit_time_sec,predict_time_sec
cat,0.9638466492091946,0.07457805777307489,0.01434898255946876,5.269772273372104,3170,4755,4.4991843700408936,0.00505375862121582
