Model,R2,MAE,RMSE,MAPE_percent,n_train,n_test,fit_time_sec,predict_time_sec
cat,0.5488969112899333,0.6804157595381436,0.9175938442906689,29.817020911304127,396,7529,3.11952543258667,0.007428169250488281
