Model,R2,MAE,RMSE,MAPE_percent,n_train,n_test,fit_time_sec,predict_time_sec
gbm,0.9666734216711041,0.010219072045988964,0.0018162002941736072,3.061234119039087,6208,1552,19.83283758163452,0.012153387069702148
