Model,R2,MAE,RMSE,MAPE_percent,n_train,n_test,fit_time_sec,predict_time_sec
rf,0.9953021038788594,0.010543152869872714,0.00032197144323594767,1.7405677873815233,6206,1552,37.41913056373596,0.32248759269714355
