Model,R2,MAE,RMSE,MAPE_percent,n_train,n_test,fit_time_sec,predict_time_sec
cat,0.9615233444963913,0.07831639497467476,0.02130523150129486,5.1355559485459015,5548,2377,4.856987953186035,0.0035622119903564453
