Model,R2,MAE,RMSE,MAPE_percent,n_train,n_test,fit_time_sec,predict_time_sec
rf,0.8892528762226447,0.014735485077797619,0.008661432085614531,3.281701550912365,6214,1554,38.349780797958374,0.2852928638458252
