Model,R2,MAE,RMSE,MAPE_percent,n_train,n_test,fit_time_sec,predict_time_sec
cat,0.3516615557494256,0.21369988123628228,0.13630175801893835,53.867314185365935,6206,1552,3.134902000427246,0.002231121063232422
