Model,R2,MAE,RMSE,MAPE_percent,n_train,n_test,fit_time_sec,predict_time_sec
gbm,0.900744927111302,0.0013820782808400486,4.361886732687283e-05,8.068079431416187,1018,9163,2.4308977127075195,0.05947709083557129
