Model,R2,MAE,RMSE,MAPE_percent,n_train,n_test,fit_time_sec,predict_time_sec
cat,0.9502317879549874,0.012967444520396562,0.002859544595910642,4.102959045255557,3880,3880,3.594730854034424,0.0041828155517578125
