Model,R2,MAE,RMSE,MAPE_percent,n_train,n_test,fit_time_sec,predict_time_sec
gbm,0.9906935327190489,0.0009895623694841657,1.8241922442886846e-06,7.609109437586205,2036,8145,4.761175632476807,0.05026102066040039
