Model,R2,MAE,RMSE,MAPE_percent,n_train,n_test,fit_time_sec,predict_time_sec
rf,0.9781157577053916,0.02598123190350225,0.005080007724570555,3.164131850932111,6206,1552,36.67206835746765,0.28684353828430176
