Model,R2,MAE,RMSE,MAPE_percent,n_train,n_test,fit_time_sec,predict_time_sec
gbm,0.9419091488152294,0.06112751620318872,0.021322471236581497,4.554760407406647,5684,1421,14.888263463973999,0.011866569519042969
