Model,R2,MAE,RMSE,MAPE_percent,n_train,n_test,fit_time_sec,predict_time_sec
cat,0.9367303900930833,0.291126859574885,0.20646650822605567,7.909298865747798,6213,1553,3.6629559993743896,0.002332925796508789
