Model,R2,MAE,RMSE,MAPE_percent,n_train,n_test,fit_time_sec,predict_time_sec
rf,0.9991842050111623,0.00023165327835809792,1.0489990154751469e-07,1.6080550135569194,8145,2036,50.21202635765076,0.4004366397857666
