Model,R2,MAE,RMSE,MAPE_percent,n_train,n_test,fit_time_sec,predict_time_sec
gbm,0.9135316103959723,0.011055249986629637,0.006762614310538695,2.0994460771408874,6214,1554,15.781760692596436,0.013181209564208984
