Model,R2,MAE,RMSE,MAPE_percent,n_train,n_test,fit_time_sec,predict_time_sec
gbm,0.996376169388493,0.00043177228652886685,3.761672180867417e-07,3.535949533966618,8145,2036,20.4638454914093,0.0138092041015625
