Model,R2,MAE,RMSE,MAPE_percent,n_train,n_test,fit_time_sec,predict_time_sec
gbm,0.9346638024685215,0.0007099694768697315,2.7619618925276933e-05,4.12875415115035,8151,2038,20.32978391647339,0.013067483901977539
