Model,R2,MAE,RMSE,MAPE_percent,n_train,n_test,fit_time_sec,predict_time_sec
cat,0.8943693334356122,0.0010837594727636233,4.146781273198369e-05,7.60021193093462,5090,5091,4.814092636108398,0.005350589752197266
