Model,R2,MAE,RMSE,MAPE_percent,n_train,n_test,fit_time_sec,predict_time_sec
cat,0.9960942019895164,0.0024432610798325654,1.1852323132434331e-05,3.4976454288326355,8145,2036,3.746704339981079,0.0026667118072509766
