Model,R2,MAE,RMSE,MAPE_percent,n_train,n_test,fit_time_sec,predict_time_sec
cat,0.705734011290261,0.5317039443159459,0.595247598084964,21.705566725052076,5944,1981,4.345680236816406,0.003215312957763672
