Model,R2,MAE,RMSE,MAPE_percent,n_train,n_test,fit_time_sec,predict_time_sec
cat,0.9950176488602697,0.002703422250338747,4.960405044184453e-05,3.512205827144129,8145,2036,19.48199963569641,0.017772674560546875
