Model,R2,MAE,RMSE,MAPE_percent,n_train,n_test,fit_time_sec,predict_time_sec
cat,0.9833841130957582,0.016977181272642233,0.0011982614779497101,3.00060056570447,6213,1553,3.69651198387146,0.0023627281188964844
