Model,R2,MAE,RMSE,MAPE_percent,n_train,n_test,fit_time_sec,predict_time_sec
cat,0.9929579022522818,0.008548977339430566,0.00015745677361244005,4.746591478640481,8145,2036,4.616252422332764,0.0035805702209472656
