Model,R2,MAE,RMSE,MAPE_percent,n_train,n_test,fit_time_sec,predict_time_sec
rf,0.9513334479790105,0.07831745335331722,0.030398896302069923,7.093352872591378,9053,2263,56.0173773765564,0.4880647659301758
