Model,R2,MAE,RMSE,MAPE_percent,n_train,n_test,fit_time_sec,predict_time_sec
gbm,0.9895209516186817,0.011906801513118102,0.00025269665472387256,7.009715203705571,8145,2036,19.73421049118042,0.014664411544799805
