Model,R2,MAE,RMSE,MAPE_percent,n_train,n_test,fit_time_sec,predict_time_sec
cat,0.33745210046591934,0.03696375482664729,0.11191428092724671,11.726604718840253,8151,2038,3.567531108856201,0.0026183128356933594
