Model,R2,MAE,RMSE,MAPE_percent,n_train,n_test,fit_time_sec,predict_time_sec
cat,0.9629295630915439,0.07134337559626326,0.011647391558300932,4.960925574657506,3170,4755,4.516687631607056,0.005676746368408203
