Model,R2,MAE,RMSE,MAPE_percent,n_train,n_test,fit_time_sec,predict_time_sec
gbm,0.2859375092136439,0.09891814106091953,0.0320409004085159,46.88550394687745,6214,1554,13.839061975479126,0.01131439208984375
