Model,R2,MAE,RMSE,MAPE_percent,n_train,n_test,fit_time_sec,predict_time_sec
cat,0.9593799646794354,0.1853213362794457,0.08172711880199389,6.493535355966144,4755,3170,4.552225828170776,0.0048754215240478516
