Model,R2,MAE,RMSE,MAPE_percent,n_train,n_test,fit_time_sec,predict_time_sec
cat,0.9376889334690564,0.001103539914281635,2.2653902785932086e-05,7.83018759354315,2036,8145,4.233323335647583,0.00952291488647461
