Model,R2,MAE,RMSE,MAPE_percent,n_train,n_test,fit_time_sec,predict_time_sec
cat,0.9931782653457101,0.008279116804494996,0.0005325345255191179,3.2497779672635208,8145,2036,3.721848726272583,0.0025947093963623047
