Model,R2,MAE,RMSE,MAPE_percent,n_train,n_test,fit_time_sec,predict_time_sec
cat,0.9438356529398423,0.14074622590684535,0.06603372576610846,6.956286711385568,6213,1553,3.579303026199341,0.002284526824951172
