Model,R2,MAE,RMSE,MAPE_percent,n_train,n_test,fit_time_sec,predict_time_sec
gbm,0.25366097953395006,0.0012730152955361938,0.00022605232007836862,6.096926239211191,8151,2038,20.299022436141968,0.013254880905151367
