Model,R2,MAE,RMSE,MAPE_percent,n_train,n_test,fit_time_sec,predict_time_sec
rf,0.9811984961060386,0.0012820266133972639,6.678635269928361e-06,11.21165332624275,8145,2036,50.584691286087036,0.41037440299987793
