Model,R2,MAE,RMSE,MAPE_percent,n_train,n_test,fit_time_sec,predict_time_sec
cat,0.6310518769985505,0.5513311028278058,0.5515158805975906,25.667665921916218,6214,1554,3.2092623710632324,0.002239704132080078
