Model,R2,MAE,RMSE,MAPE_percent,n_train,n_test,fit_time_sec,predict_time_sec
gbm,0.8653904540867423,0.10276861728008434,0.029419520369507093,8.922174511388231,6214,1554,15.43584656715393,0.013293027877807617
