Model,R2,MAE,RMSE,MAPE_percent,n_train,n_test,fit_time_sec,predict_time_sec
gbm,0.9908759408787049,0.007365768261222566,0.00012156033562019857,2.8367141019825994,2716,5044,6.640453100204468,0.03119206428527832
