Model,R2,MAE,RMSE,MAPE_percent,n_train,n_test,fit_time_sec,predict_time_sec
cat,0.9656235643881956,0.031849103424675854,0.007979831154318384,4.479639612421326,6206,1552,4.4846296310424805,0.0026764869689941406
