Model,R2,MAE,RMSE,MAPE_percent,n_train,n_test,fit_time_sec,predict_time_sec
cat,0.9796436580100871,0.013406982016518878,0.0003084465198786002,6.6591567558337825,7636,2545,4.905820846557617,0.003770112991333008
