Model,R2,MAE,RMSE,MAPE_percent,n_train,n_test,fit_time_sec,predict_time_sec
cat,0.9644226280072371,0.16533571780096926,0.05514402680336532,5.620981337308829,6340,1585,4.44048547744751,0.002972841262817383
