Model,R2,MAE,RMSE,MAPE_percent,n_train,n_test,fit_time_sec,predict_time_sec
cat,0.9581177933318187,0.018115222818545544,0.005278582031439568,288245314.86490405,9053,2263,7.646777153015137,0.01349186897277832
