Model,R2,MAE,RMSE,MAPE_percent,n_train,n_test,fit_time_sec,predict_time_sec
cat,0.9376068916495555,0.016798621957180942,0.005046703002010198,7.905093602241041,2036,8145,4.47667932510376,0.008856534957885742
