Model,R2,MAE,RMSE,MAPE_percent,n_train,n_test,fit_time_sec,predict_time_sec
gbm,0.9871198049199398,0.0011011539999899024,2.2445451048227832e-06,7.262131388473417,3563,6618,8.481336832046509,0.038185834884643555
