Model,R2,MAE,RMSE,MAPE_percent,n_train,n_test,fit_time_sec,predict_time_sec
cat,0.9377690275227041,0.0883790978345351,0.03658687964944751,6.08588273624972,2378,5547,4.671665906906128,0.007500171661376953
