Model,R2,MAE,RMSE,MAPE_percent,n_train,n_test,fit_time_sec,predict_time_sec
rf,0.8042456921036598,0.03924478240662275,0.022629161303688413,5.685457998923484,6206,1552,42.48219585418701,0.2734208106994629
