Model,R2,MAE,RMSE,MAPE_percent,n_train,n_test,fit_time_sec,predict_time_sec
rf,0.9787243044113254,0.0008377661298580174,1.266882432828703e-06,6.888868841751885,7636,2545,47.63906741142273,0.3891615867614746
