Model,R2,MAE,RMSE,MAPE_percent,n_train,n_test,fit_time_sec,predict_time_sec
cat,0.577433158365214,0.3535648893456004,0.27491983350949095,3879824088.2596436,9053,2263,3.6251237392425537,0.0029447078704833984
