Model,R2,MAE,RMSE,MAPE_percent,n_train,n_test,fit_time_sec,predict_time_sec
gbm,0.9377064746965986,0.12149435038874015,0.03832599609147544,6.1500505040437154,6213,1553,15.423999071121216,0.01187896728515625
