Model,R2,MAE,RMSE,MAPE_percent,n_train,n_test,fit_time_sec,predict_time_sec
cat,0.9485942213392777,0.08896901376238706,0.029580371894321365,6.336506790757164,1585,6340,4.191467046737671,0.00661015510559082
