Model,R2,MAE,RMSE,MAPE_percent,n_train,n_test,fit_time_sec,predict_time_sec
gbm,0.9965503113412784,0.007418752854462214,0.00011782677832044566,3.019822288457585,8145,2036,20.29323124885559,0.01349496841430664
