Model,R2,MAE,RMSE,MAPE_percent,n_train,n_test,fit_time_sec,predict_time_sec
gbm,0.9991860213932436,0.00023436140782801446,1.0860998886757531e-07,1.5904382521668936,8145,2036,21.51412606239319,0.014145851135253906
