Model,R2,MAE,RMSE,MAPE_percent,n_train,n_test,fit_time_sec,predict_time_sec
cat,0.9464423216887307,0.11535440297233818,0.049411837717690144,6.230793067954635,6206,1552,3.6675801277160645,0.004149436950683594
