Model,R2,MAE,RMSE,MAPE_percent,n_train,n_test,fit_time_sec,predict_time_sec
cat,0.981316393386512,0.019556561611249346,0.0013376503151965884,12.631043276781599,7636,2545,4.576176166534424,0.003679990768432617
