Model,R2,MAE,RMSE,MAPE_percent,n_train,n_test,fit_time_sec,predict_time_sec
gbm,0.21462260797401844,0.15787569120470035,0.12739856284460088,51.812894116822626,6340,1585,14.108176946640015,0.011970281600952148
