Model,R2,MAE,RMSE,MAPE_percent,n_train,n_test,fit_time_sec,predict_time_sec
rf,0.8925437833508256,0.11058163928474636,0.03974427370013714,9.367078363807716,6208,1552,40.90494894981384,0.3102872371673584
