Model,R2,MAE,RMSE,MAPE_percent,n_train,n_test,fit_time_sec,predict_time_sec
rf,0.9981981595327605,0.0003016047062440128,2.6588172537386807e-07,1.8684255163728558,8145,2036,51.777820110321045,0.4021182060241699
