Model,R2,MAE,RMSE,MAPE_percent,n_train,n_test,fit_time_sec,predict_time_sec
gbm,0.8487283273651706,0.29670562962214814,0.1951147705716717,11.19913581586795,6214,1554,15.486847162246704,0.011705160140991211
