Model,R2,MAE,RMSE,MAPE_percent,n_train,n_test,fit_time_sec,predict_time_sec
cat,0.7266407092405722,0.639702743604722,0.8920481466107504,20.52159783213603,6213,1553,3.401766061782837,0.0023179054260253906
