Model,R2,MAE,RMSE,MAPE_percent,n_train,n_test,fit_time_sec,predict_time_sec
cat,0.9797716178232666,0.012786961054927245,0.0002818474969768569,6.448190302711061,8145,2036,5.156027555465698,0.003185272216796875
