Model,R2,MAE,RMSE,MAPE_percent,n_train,n_test,fit_time_sec,predict_time_sec
rf,0.9096452825774647,0.0011715948551275276,4.134546218876023e-05,7.271703515130688,4581,5600,26.78846025466919,0.6181559562683105
