Model,R2,MAE,RMSE,MAPE_percent,n_train,n_test,fit_time_sec,predict_time_sec
rf,0.9923931499888506,0.008350684571888888,0.0006817725303318213,3.9001622855102953,8151,2038,55.18743133544922,0.40635132789611816
