Model,R2,MAE,RMSE,MAPE_percent,n_train,n_test,fit_time_sec,predict_time_sec
cat,0.7664677563237234,0.006828402452713017,0.002099144069317379,9.722441012655317,8151,2038,3.755058526992798,0.002664804458618164
