Model,R2,MAE,RMSE,MAPE_percent,n_train,n_test,fit_time_sec,predict_time_sec
cat,0.8732496449347737,0.006464332020168246,0.0011761770497575991,8.151928731452198,1527,8654,4.280613899230957,0.008944272994995117
