Model,R2,MAE,RMSE,MAPE_percent,n_train,n_test,fit_time_sec,predict_time_sec
gbm,0.9948190430238408,0.002558868719207163,1.2800588795693689e-05,4.274311717084625,8145,2036,20.157694816589355,0.014035463333129883
