Model,R2,MAE,RMSE,MAPE_percent,n_train,n_test,fit_time_sec,predict_time_sec
rf,0.2626483635539735,0.006390011452063748,0.00876449860865645,5.394907738590515,8151,2038,54.0103759765625,0.4728515148162842
