Model,R2,MAE,RMSE,MAPE_percent,n_train,n_test,fit_time_sec,predict_time_sec
cat,0.9925771095477232,0.01606278119274328,0.0006155046856250831,7.466719376645941,8145,2036,3.9178476333618164,0.003711223602294922
