Model,R2,MAE,RMSE,MAPE_percent,n_train,n_test,fit_time_sec,predict_time_sec
gbm,0.9759959700420016,0.009227218283034563,0.0007427126231862196,3.199995776436279,1164,6596,2.818516731262207,0.042279720306396484
