Model,R2,MAE,RMSE,MAPE_percent,n_train,n_test,fit_time_sec,predict_time_sec
cat,0.886349413894925,0.09076905465005987,0.023291720467607597,7.9077612746553365,6214,1554,3.4630885124206543,0.002372264862060547
