Model,R2,MAE,RMSE,MAPE_percent,n_train,n_test,fit_time_sec,predict_time_sec
cat,0.8378601464624835,0.022902514943240866,0.01930595533439093,4.619325756866154,1981,5944,4.529959678649902,0.00641179084777832
