Model,R2,MAE,RMSE,MAPE_percent,n_train,n_test,fit_time_sec,predict_time_sec
cat,0.9099790584107155,0.0011909391039129909,4.195248689260883e-05,7.265899181908228,5090,5091,3.3350014686584473,0.005737781524658203
