Model,R2,MAE,RMSE,MAPE_percent,n_train,n_test,fit_time_sec,predict_time_sec
gbm,0.8820294753832195,0.08753580273867334,0.06991794255276064,6.136895746588637,9059,2265,22.795955181121826,0.0180203914642334
