Model,R2,MAE,RMSE,MAPE_percent,n_train,n_test,fit_time_sec,predict_time_sec
cat,0.9317289981359355,0.018848475689077254,0.006860993344459577,3.9936102455139686,5548,2377,4.558840274810791,0.004030942916870117
