Model,R2,MAE,RMSE,MAPE_percent,n_train,n_test,fit_time_sec,predict_time_sec
cat,0.786770364386377,0.055467249330793014,0.07796269092824927,5.733921146356499,7062,1765,3.388056993484497,0.0024323463439941406
