Model,R2,MAE,RMSE,MAPE_percent,n_train,n_test,fit_time_sec,predict_time_sec
cat,0.9531094756312395,0.18249949354966508,0.06922151075488883,5.973424999392246,3962,3963,4.63888955116272,0.00558018684387207
