Model,R2,MAE,RMSE,MAPE_percent,n_train,n_test,fit_time_sec,predict_time_sec
rf,0.7835554673906711,0.0035150161231665145,0.0019455482883676846,3.5429460369463412,8151,2038,56.245017766952515,0.3854100704193115
