Model,R2,MAE,RMSE,MAPE_percent,n_train,n_test,fit_time_sec,predict_time_sec
gbm,0.948423992912551,0.11446181467459993,0.033351062484222156,5.725354437827537,6206,1552,15.489731550216675,0.012313365936279297
