Model,R2,MAE,RMSE,MAPE_percent,n_train,n_test,fit_time_sec,predict_time_sec
rf,-0.36284492340383534,0.034496964705133054,0.14442213689150898,14.851215516544189,8151,2038,52.39435386657715,0.4448070526123047
