Model,R2,MAE,RMSE,MAPE_percent,n_train,n_test,fit_time_sec,predict_time_sec
cat,0.9831736505343714,0.017216345198665405,0.000623579992241268,3.211936630074721,6206,1552,3.3592092990875244,0.0023183822631835938
