Model,R2,MAE,RMSE,MAPE_percent,n_train,n_test,fit_time_sec,predict_time_sec
cat,0.5726797368468551,0.0791371067048216,0.2370024724396157,9.49243107566738,441,8379,3.6793739795684814,0.00963139533996582
