Model,R2,MAE,RMSE,MAPE_percent,n_train,n_test,fit_time_sec,predict_time_sec
rf,0.8816197878340916,0.0028026296102151415,0.0011397003323072566,3.2766049047312604,8145,2036,51.680543422698975,0.40546345710754395
