Model,R2,MAE,RMSE,MAPE_percent,n_train,n_test,fit_time_sec,predict_time_sec
cat,0.8607419760021358,0.001259075686729153,7.70165090507233e-05,7.44054101686204,8145,2036,3.762399911880493,0.005742549896240234
