Model,R2,MAE,RMSE,MAPE_percent,n_train,n_test,fit_time_sec,predict_time_sec
rf,0.9659944752991447,0.17383411396048876,0.07940177358796824,25720428.60464354,9053,2263,78.07894802093506,0.49265074729919434
