Model,R2,MAE,RMSE,MAPE_percent,n_train,n_test,fit_time_sec,predict_time_sec
cat,0.9967230209944001,0.0019924550872814474,8.905888527312143e-06,3.2339720637065845,8145,2036,3.5012314319610596,0.00267791748046875
