Model,R2,MAE,RMSE,MAPE_percent,n_train,n_test,fit_time_sec,predict_time_sec
cat,0.8778597998034906,0.007225021156798624,0.0012354541124545793,12.529156751187909,5600,4581,4.394765138626099,0.005502939224243164
