Model,R2,MAE,RMSE,MAPE_percent,n_train,n_test,fit_time_sec,predict_time_sec
cat,0.8902059053713256,0.005307213985699696,0.0011105726494142387,7.441849365442761,5600,4581,4.660527467727661,0.005875349044799805
