Model,R2,MAE,RMSE,MAPE_percent,n_train,n_test,fit_time_sec,predict_time_sec
gbm,0.9986199116054812,0.0040461392045399855,7.676016605621693e-05,1.9019290484703208,8145,2036,20.425685167312622,0.01450037956237793
