Model,R2,MAE,RMSE,MAPE_percent,n_train,n_test,fit_time_sec,predict_time_sec
rf,0.9958705678155851,0.0025949486814736125,1.2988049917296464e-05,3.7262719046531445,8151,2038,55.352010011672974,0.3970675468444824
