Model,R2,MAE,RMSE,MAPE_percent,n_train,n_test,fit_time_sec,predict_time_sec
rf,0.8736269841914432,0.006702607939171848,0.001428986471026801,11.666261094613402,8145,2036,50.141305923461914,0.40357351303100586
