Model,R2,MAE,RMSE,MAPE_percent,n_train,n_test,fit_time_sec,predict_time_sec
rf,0.9640984756659521,0.06816692293532567,0.02423249820004518,116634.31996155475,9053,2263,54.6481716632843,0.44695186614990234
