Model,R2,MAE,RMSE,MAPE_percent,n_train,n_test,fit_time_sec,predict_time_sec
cat,0.9940501138562361,0.007548556054790187,0.00013475340507213503,4.015143778282871,8145,2036,3.8558497428894043,0.0026552677154541016
