Model,R2,MAE,RMSE,MAPE_percent,n_train,n_test,fit_time_sec,predict_time_sec
gbm,0.9772279062515699,0.06381618021729132,0.014224276997083778,81.5142721304202,9053,2263,22.788795709609985,0.01824641227722168
