Model,R2,MAE,RMSE,MAPE_percent,n_train,n_test,fit_time_sec,predict_time_sec
cat,0.9459633976142483,0.03305474866623375,0.013151753530262952,4.639108347442317,3879,3879,3.525264024734497,0.005208492279052734
