Model,R2,MAE,RMSE,MAPE_percent,n_train,n_test,fit_time_sec,predict_time_sec
gbm,0.15265527710094828,0.15608452349651655,0.08575811168080043,1191097743.8006616,9059,2265,20.417327642440796,0.015774250030517578
