Model,R2,MAE,RMSE,MAPE_percent,n_train,n_test,fit_time_sec,predict_time_sec
gbm,0.9793778780778143,0.01978332291846931,0.0011736069304156035,3.4773636585731786,3879,3879,9.524473905563354,0.02491283416748047
