Model,R2,MAE,RMSE,MAPE_percent,n_train,n_test,fit_time_sec,predict_time_sec
cat,0.9811448683304291,0.016357475321851594,0.0008004182759691305,210250752.72479734,2829,8487,4.409226655960083,0.00852203369140625
