Model,R2,MAE,RMSE,MAPE_percent,n_train,n_test,fit_time_sec,predict_time_sec
gbm,0.9945320699141269,0.0132966095951782,0.0003812307495693793,7.303209080434558,8145,2036,20.00430393218994,0.015426158905029297
