Model,R2,MAE,RMSE,MAPE_percent,n_train,n_test,fit_time_sec,predict_time_sec
rf,0.32014048118680893,0.14965648856958222,0.09969125036060493,302745406.40581346,9059,2265,65.90145897865295,0.5266752243041992
