Model,R2,MAE,RMSE,MAPE_percent,n_train,n_test,fit_time_sec,predict_time_sec
cat,0.9914239457732739,0.008191292796961484,0.0007705613302418626,3.223305073066819,8145,2036,4.682430982589722,0.0032987594604492188
