Model,R2,MAE,RMSE,MAPE_percent,n_train,n_test,fit_time_sec,predict_time_sec
cat,0.4728519947391773,0.36682180641828416,0.30081167579116286,34.58435331829197,5944,1981,4.288092136383057,0.003092527389526367
