Model,R2,MAE,RMSE,MAPE_percent,n_train,n_test,fit_time_sec,predict_time_sec
rf,0.37345494918587374,0.24490258561194153,0.1585669964860779,39.190559885411595,7062,1765,49.24895763397217,0.36923933029174805
