Model,R2,MAE,RMSE,MAPE_percent,n_train,n_test,fit_time_sec,predict_time_sec
rf,0.9263733938105753,0.020087586503962414,0.009824298597097984,4753175.637133567,7355,3961,44.208054542541504,0.5532481670379639
