Model,R2,MAE,RMSE,MAPE_percent,n_train,n_test,fit_time_sec,predict_time_sec
cat,0.895829020552346,0.008203451304114975,0.0009288362013000783,14.1515580361393,1018,9163,3.8776285648345947,0.008831501007080078
