Model,R2,MAE,RMSE,MAPE_percent,n_train,n_test,fit_time_sec,predict_time_sec
cat,0.9198774277294066,0.021149672066041354,0.009632182349558257,164355522.6254716,5658,5658,3.325549840927124,0.006246805191040039
