Model,R2,MAE,RMSE,MAPE_percent,n_train,n_test,fit_time_sec,predict_time_sec
gbm,0.9645255591676625,0.0011085145891271747,1.4396709674981652e-05,7.1287095527855575,7636,2545,18.497056007385254,0.017552852630615234
