Model,R2,MAE,RMSE,MAPE_percent,n_train,n_test,fit_time_sec,predict_time_sec
cat,0.8933008731794355,0.007490367146060686,0.0011083846804228192,12.807674362206006,5090,5091,4.3429114818573,0.005763530731201172
