Model,R2,MAE,RMSE,MAPE_percent,n_train,n_test,fit_time_sec,predict_time_sec
rf,0.9908712627527745,0.0011874684685782221,2.8815831894440875e-06,7.8414048472160935,1018,9163,5.092938184738159,0.6255409717559814
