Model,R2,MAE,RMSE,MAPE_percent,n_train,n_test,fit_time_sec,predict_time_sec
rf,0.9585914046329567,0.0012838460828759216,1.3997731833934604e-05,11.281346206846644,8145,2036,50.176753282547,0.48854875564575195
