Model,R2,MAE,RMSE,MAPE_percent,n_train,n_test,fit_time_sec,predict_time_sec
cat,0.9754518894403031,0.06946576054594987,0.016813307669356944,1340468093.8405704,9053,2263,3.6827003955841064,0.0029709339141845703
