Model,R2,MAE,RMSE,MAPE_percent,n_train,n_test,fit_time_sec,predict_time_sec
cat,0.16480436011186972,0.2730853762612732,0.5613478788328808,40.879658454663925,2205,6615,4.496819972991943,0.012973785400390625
