Model,R2,MAE,RMSE,MAPE_percent,n_train,n_test,fit_time_sec,predict_time_sec
cat,0.9502368868646568,0.2039829728076133,0.09954381282799217,7.366961100680447,1585,6340,5.488706111907959,0.007169246673583984
