Model,R2,MAE,RMSE,MAPE_percent,n_train,n_test,fit_time_sec,predict_time_sec
rf,0.3844085565682829,0.014564267691799101,0.040269064618964616,4.459071286827632,8151,2038,55.40650939941406,0.41935181617736816
