Model,R2,MAE,RMSE,MAPE_percent,n_train,n_test,fit_time_sec,predict_time_sec
rf,0.9492286707369111,0.10225372388261357,0.029468099462194697,4.979782666874062,6206,1552,35.83263421058655,0.28185200691223145
