Model,R2,MAE,RMSE,MAPE_percent,n_train,n_test,fit_time_sec,predict_time_sec
rf,0.9758086458409837,0.0010451956057313321,2.0426827425538293e-06,6.70273748975225,7636,2545,47.66402530670166,0.38567304611206055
