Model,R2,MAE,RMSE,MAPE_percent,n_train,n_test,fit_time_sec,predict_time_sec
rf,0.9633116880357948,0.12083304244434165,0.03781067908965442,4.923781465083708,6208,1552,36.46163868904114,0.2822299003601074
