Model,R2,MAE,RMSE,MAPE_percent,n_train,n_test,fit_time_sec,predict_time_sec
cat,0.9025892061874284,0.00734854544242367,0.0008957510902397191,12.975449420449605,3563,6618,4.217922687530518,0.00724482536315918
