Model,R2,MAE,RMSE,MAPE_percent,n_train,n_test,fit_time_sec,predict_time_sec
cat,0.8550722758269018,0.00149651802015185,6.723945797195377e-05,12.892727365268009,8145,2036,3.5279626846313477,0.002649068832397461
