Model,R2,MAE,RMSE,MAPE_percent,n_train,n_test,fit_time_sec,predict_time_sec
rf,0.959167782584121,0.027362384330058692,0.009664662272455174,3.0073855199465833,6206,1552,61.57044529914856,0.2925128936767578
