Model,R2,MAE,RMSE,MAPE_percent,n_train,n_test,fit_time_sec,predict_time_sec
gbm,0.9985541725053987,0.0015103974275703493,4.506088839290889e-06,2.1039983876185584,8145,2036,20.458049774169922,0.013746261596679688
