Model,R2,MAE,RMSE,MAPE_percent,n_train,n_test,fit_time_sec,predict_time_sec
cat,0.9387429433346289,0.03409703925757493,0.014670501907309992,4.597442275688495,5818,1940,3.5180201530456543,0.0025751590728759766
