Model,R2,MAE,RMSE,MAPE_percent,n_train,n_test,fit_time_sec,predict_time_sec
gbm,0.9130867254929781,0.038147950973400596,0.019921838715616695,4.458910845210394,1552,6206,3.8436620235443115,0.04230141639709473
