Model,R2,MAE,RMSE,MAPE_percent,n_train,n_test,fit_time_sec,predict_time_sec
rf,0.909608567930815,0.021811425916626416,0.010696149355912657,4817913.924533458,2263,9053,11.847412347793579,0.7401130199432373
