Model,R2,MAE,RMSE,MAPE_percent,n_train,n_test,fit_time_sec,predict_time_sec
gbm,0.9705564578924102,0.042243650043147035,0.0102689847275621,4.440495705405594,7056,1764,17.684072971343994,0.013705968856811523
