Model,R2,MAE,RMSE,MAPE_percent,n_train,n_test,fit_time_sec,predict_time_sec
rf,0.9400875002353829,0.12579559035221646,0.06018841227208448,6.098688717347524,6206,1552,35.67394518852234,0.2971515655517578
