Model,R2,MAE,RMSE,MAPE_percent,n_train,n_test,fit_time_sec,predict_time_sec
rf,-0.18727595649243067,0.013253335121579361,0.01725173383102736,15.079476964936726,8151,2038,52.302066802978516,0.4040408134460449
