Model,R2,MAE,RMSE,MAPE_percent,n_train,n_test,fit_time_sec,predict_time_sec
gbm,0.32221321313283025,0.01833378358625833,0.050255150284495176,7.368462138682419,8151,2038,19.897258520126343,0.013487100601196289
