Model,R2,MAE,RMSE,MAPE_percent,n_train,n_test,fit_time_sec,predict_time_sec
cat,0.9816655615505365,0.0009542638908514237,1.5800671739078916e-06,7.068880550032963,6618,3563,4.813543319702148,0.0044095516204833984
