Model,R2,MAE,RMSE,MAPE_percent,n_train,n_test,fit_time_sec,predict_time_sec
cat,0.9850249958643562,0.00792514229496227,0.00014511850231361753,13.369574387240712,8145,2036,3.2943763732910156,0.002669095993041992
