Model,R2,MAE,RMSE,MAPE_percent,n_train,n_test,fit_time_sec,predict_time_sec
gbm,0.9888200747305361,0.0009214326182575245,1.5369977825302558e-06,6.958038803508145,8145,2036,19.82121229171753,0.015019893646240234
