Model,R2,MAE,RMSE,MAPE_percent,n_train,n_test,fit_time_sec,predict_time_sec
rf,0.9788092248913075,0.0011178137724696172,7.899523165053051e-06,7.180559416363794,5600,4581,34.78102374076843,0.5910854339599609
