Model,R2,MAE,RMSE,MAPE_percent,n_train,n_test,fit_time_sec,predict_time_sec
cat,0.9842511611357923,0.0066193963000719044,0.0001236657041179984,12.906283941800812,7127,3054,4.565457105636597,0.004235744476318359
