Model,R2,MAE,RMSE,MAPE_percent,n_train,n_test,fit_time_sec,predict_time_sec
rf,0.3987349709037572,0.0018858196454848485,0.0003416526200453108,11.986694188701295,8151,2038,54.04979729652405,0.3990790843963623
