Model,R2,MAE,RMSE,MAPE_percent,n_train,n_test,fit_time_sec,predict_time_sec
gbm,0.9638286565987011,0.07346109233920917,0.020731066022925872,111.39430518978178,9053,2263,33.11627721786499,0.017951011657714844
