Model,R2,MAE,RMSE,MAPE_percent,n_train,n_test,fit_time_sec,predict_time_sec
gbm,0.963016556866149,0.1812098176645168,0.06645599951090468,7.195043891004222,9053,2263,22.847665548324585,0.017264604568481445
