Model,R2,MAE,RMSE,MAPE_percent,n_train,n_test,fit_time_sec,predict_time_sec
rf,0.9992133105896808,0.0002392574779717741,1.1847927359953697e-07,1.6441447560634208,8151,2038,54.22922730445862,0.3917417526245117
