Model,R2,MAE,RMSE,MAPE_percent,n_train,n_test,fit_time_sec,predict_time_sec
cat,0.224125690631365,0.1483826315695372,0.07811855783581045,60.6328717029624,2774,5151,4.145883083343506,0.006333827972412109
