Model,R2,MAE,RMSE,MAPE_percent,n_train,n_test,fit_time_sec,predict_time_sec
gbm,0.8871753373510962,0.006035924012812815,0.01115630362907497,1.5262660766368592,8145,2036,40.082993030548096,0.015103340148925781
