Model,R2,MAE,RMSE,MAPE_percent,n_train,n_test,fit_time_sec,predict_time_sec
rf,0.9328117518156045,0.0013537389319698038,2.6531022966108393e-05,8.257594685829641,509,9672,2.4865498542785645,0.5549206733703613
