Model,R2,MAE,RMSE,MAPE_percent,n_train,n_test,fit_time_sec,predict_time_sec
rf,0.9795250783934386,0.010209798632805262,0.0010201518301253948,2.937974181966267,6208,1552,38.31293439865112,0.2914566993713379
