Model,R2,MAE,RMSE,MAPE_percent,n_train,n_test,fit_time_sec,predict_time_sec
rf,0.9383719936509421,0.030542098560381738,0.012086649886797234,4.003412451649823,5043,2715,30.327995538711548,0.3741147518157959
