Model,R2,MAE,RMSE,MAPE_percent,n_train,n_test,fit_time_sec,predict_time_sec
cat,0.9575371853571615,0.18758312673904237,0.08795013160498498,6.465217950034928,3962,3963,4.661940336227417,0.0052220821380615234
