Model,R2,MAE,RMSE,MAPE_percent,n_train,n_test,fit_time_sec,predict_time_sec
rf,0.9151927979937556,0.0010378233128818801,3.2919652003371094e-05,7.227575404125175,5090,5091,30.892115592956543,0.6091477870941162
