Model,R2,MAE,RMSE,MAPE_percent,n_train,n_test,fit_time_sec,predict_time_sec
cat,0.9835781231601406,0.019155608710531315,0.0010498710536225022,12.910549186733567,8145,2036,3.316145658493042,0.0026133060455322266
