Model,R2,MAE,RMSE,MAPE_percent,n_train,n_test,fit_time_sec,predict_time_sec
gbm,0.7697431382951805,0.006110969625845643,0.0020697027445054444,8.206126232504857,8151,2038,19.832524061203003,0.013905763626098633
