Model,R2,MAE,RMSE,MAPE_percent,n_train,n_test,fit_time_sec,predict_time_sec
cat,0.9063250320610436,0.01598819889321079,0.007337914301933022,7.654497623939303,2545,7636,7.594861745834351,0.007195711135864258
