Model,R2,MAE,RMSE,MAPE_percent,n_train,n_test,fit_time_sec,predict_time_sec
cat,0.9617526337106989,0.044201082272627125,0.006950420092787819,4.235060929460188,6208,1552,3.74255633354187,0.0023615360260009766
