Model,R2,MAE,RMSE,MAPE_percent,n_train,n_test,fit_time_sec,predict_time_sec
cat,0.9622779269589439,0.1726216779887455,0.0594873356250332,5.693582774635134,5944,1981,4.745457887649536,0.003620147705078125
