Model,R2,MAE,RMSE,MAPE_percent,n_train,n_test,fit_time_sec,predict_time_sec
rf,0.9621023053859727,0.10099792471190065,0.030329627023905868,5.076329144694171,6206,1552,61.200361013412476,0.5345191955566406
