Model,R2,MAE,RMSE,MAPE_percent,n_train,n_test,fit_time_sec,predict_time_sec
gbm,0.9722995216939773,0.02484558253849575,0.005484226604504333,3.3419947412780093,6213,1553,15.671176671981812,0.012220144271850586
