Model,R2,MAE,RMSE,MAPE_percent,n_train,n_test,fit_time_sec,predict_time_sec
cat,0.9573495544212676,0.1846709455464036,0.0717681522123094,6.226214109647977,3566,4359,4.59078574180603,0.005706310272216797
