Model,R2,MAE,RMSE,MAPE_percent,n_train,n_test,fit_time_sec,predict_time_sec
cat,0.942575193877455,0.19730043958130683,0.11987890523688323,6.734331313146928,3566,4359,4.577965021133423,0.0065402984619140625
