Model,R2,MAE,RMSE,MAPE_percent,n_train,n_test,fit_time_sec,predict_time_sec
gbm,0.995850114190662,0.002598137272626767,1.3119277487530726e-05,3.5939336615630917,8145,2036,20.05806565284729,0.01416921615600586
