Model,R2,MAE,RMSE,MAPE_percent,n_train,n_test,fit_time_sec,predict_time_sec
cat,0.24630458072655126,0.16069509522174874,0.08686010719661925,4121015745.268329,1697,9619,4.022703647613525,0.010421991348266602
