Model,R2,MAE,RMSE,MAPE_percent,n_train,n_test,fit_time_sec,predict_time_sec
rf,0.42056898845824275,0.017377499320845896,0.02128746781114604,7.033728637150836,8151,2038,54.4245080947876,0.4363126754760742
