Model,R2,MAE,RMSE,MAPE_percent,n_train,n_test,fit_time_sec,predict_time_sec
cat,0.5801095922491313,0.44196220680686116,0.3909269052192611,31.286551311311516,6206,1552,3.352668285369873,0.0023636817932128906
