Model,R2,MAE,RMSE,MAPE_percent,n_train,n_test,fit_time_sec,predict_time_sec
cat,0.9361990532572686,0.06671856945652323,0.03187243379298377,4.99586156367848,5684,1421,4.011990547180176,0.0024328231811523438
