Model,R2,MAE,RMSE,MAPE_percent,n_train,n_test,fit_time_sec,predict_time_sec
rf,0.20383674035388055,0.26139853842942046,0.37947367026413625,36.746894172366915,7056,1764,47.52683067321777,0.3477904796600342
