Model,R2,MAE,RMSE,MAPE_percent,n_train,n_test,fit_time_sec,predict_time_sec
cat,0.5031427245093774,0.5112160210710511,0.5841666251278844,33.5959390994485,6213,1553,3.3566811084747314,0.0024068355560302734
