Model,R2,MAE,RMSE,MAPE_percent,n_train,n_test,fit_time_sec,predict_time_sec
gbm,0.9928808795420414,0.00029507406272526784,2.5288407379295756e-06,1.670160909704468,8145,2036,20.42380666732788,0.01453852653503418
