Model,R2,MAE,RMSE,MAPE_percent,n_train,n_test,fit_time_sec,predict_time_sec
rf,0.9951894361048476,0.0005178306299576652,5.236159029832296e-07,4.222446067626772,8145,2036,52.018569231033325,0.4155573844909668
