Model,R2,MAE,RMSE,MAPE_percent,n_train,n_test,fit_time_sec,predict_time_sec
rf,0.9950205366201299,0.014155791110989222,0.0010403815691607302,2.0660079606664103,6206,1552,36.62623834609985,0.30068421363830566
