Model,R2,MAE,RMSE,MAPE_percent,n_train,n_test,fit_time_sec,predict_time_sec
cat,0.9909990249194777,0.000989599577516054,2.0030024990651576e-06,7.4653337639547415,3054,7127,4.414639234542847,0.007296323776245117
