Model,R2,MAE,RMSE,MAPE_percent,n_train,n_test,fit_time_sec,predict_time_sec
gbm,0.9907550831810031,0.0027001621180115527,8.671252520867854e-05,3.206490241994341,8145,2036,41.03488516807556,0.026937484741210938
