Model,R2,MAE,RMSE,MAPE_percent,n_train,n_test,fit_time_sec,predict_time_sec
gbm,0.94834808372393,0.08244952755256531,0.03212596087299722,523826536.86660004,9053,2263,31.542919397354126,0.030827760696411133
