Model,R2,MAE,RMSE,MAPE_percent,n_train,n_test,fit_time_sec,predict_time_sec
cat,0.9653608179969646,0.07645451959943655,0.014691460824776424,6.241634441538183,9053,2263,3.799471378326416,0.0030450820922851562
