Model,R2,MAE,RMSE,MAPE_percent,n_train,n_test,fit_time_sec,predict_time_sec
cat,0.9788239438297307,0.0009335345942225157,1.5009194015784332e-06,6.913598008318994,7636,2545,4.986578941345215,0.0034754276275634766
