Model,R2,MAE,RMSE,MAPE_percent,n_train,n_test,fit_time_sec,predict_time_sec
gbm,0.2541760445092873,0.15353321867496675,0.07777414541580428,1368027590.0719965,9053,2263,20.350761651992798,0.015610456466674805
