Model,R2,MAE,RMSE,MAPE_percent,n_train,n_test,fit_time_sec,predict_time_sec
cat,0.9606376634295415,0.054140701433131426,0.007816278315691086,6.637867689342415,1764,7056,4.47242283821106,0.007250308990478516
