Model,R2,MAE,RMSE,MAPE_percent,n_train,n_test,fit_time_sec,predict_time_sec
cat,0.9752858243574719,0.06268431172309347,0.009892518098158953,4.780263128656957,9053,2263,3.5241544246673584,0.003175497055053711
