Model,R2,MAE,RMSE,MAPE_percent,n_train,n_test,fit_time_sec,predict_time_sec
rf,0.9942406702982513,0.004905601886321938,6.955653303942865e-05,1.8255502778865882,6208,1552,37.46153736114502,0.27816319465637207
