Model,R2,MAE,RMSE,MAPE_percent,n_train,n_test,fit_time_sec,predict_time_sec
cat,0.9865300453909553,0.01940891941556874,0.0008855485217791957,12.667448956116962,6618,3563,4.402070760726929,0.004903316497802734
