Model,R2,MAE,RMSE,MAPE_percent,n_train,n_test,fit_time_sec,predict_time_sec
cat,0.9930536406655898,0.000850193450750629,1.7785794620692859e-06,7.770748167519667,7636,2545,3.546041965484619,0.003022909164428711
