Model,R2,MAE,RMSE,MAPE_percent,n_train,n_test,fit_time_sec,predict_time_sec
cat,0.9544465561595947,0.08026551745377444,0.027430180830061622,5.329183601496747,4755,3170,5.202711343765259,0.004408597946166992
