Model,R2,MAE,RMSE,MAPE_percent,n_train,n_test,fit_time_sec,predict_time_sec
cat,0.9014605008059342,0.0015035054999056766,3.865955827256904e-05,12.533120995845753,3563,6618,4.197743654251099,0.007157325744628906
