Model,R2,MAE,RMSE,MAPE_percent,n_train,n_test,fit_time_sec,predict_time_sec
cat,0.9837938687142883,0.013047839742507053,0.0005660195808694148,3.626609305694483,3962,3963,4.432688474655151,0.005105495452880859
