Model,R2,MAE,RMSE,MAPE_percent,n_train,n_test,fit_time_sec,predict_time_sec
cat,0.9382204316319562,0.27820970561002645,0.16333860803905648,7.0385656799118195,6206,1552,3.5077669620513916,0.0023784637451171875
