Model,R2,MAE,RMSE,MAPE_percent,n_train,n_test,fit_time_sec,predict_time_sec
rf,0.3075397667893951,0.0012242503456167883,0.0004077485532264344,2.7906338055101747,8151,2038,56.80850625038147,0.39445018768310547
