Model,R2,MAE,RMSE,MAPE_percent,n_train,n_test,fit_time_sec,predict_time_sec
cat,0.9250186206524857,0.1389340985039949,0.07234343173931192,7.612749682331138,6213,1553,3.392076253890991,0.0023412704467773438
