Model,R2,MAE,RMSE,MAPE_percent,n_train,n_test,fit_time_sec,predict_time_sec
cat,0.90637997780635,0.021233582060881766,0.011102732500556154,4.275841505455129,4755,3170,5.078115701675415,0.004167795181274414
