Model,R2,MAE,RMSE,MAPE_percent,n_train,n_test,fit_time_sec,predict_time_sec
cat,0.9922187291021572,0.0007805542527825669,3.168151339646404e-06,4.773748743394717,8145,2036,5.0122435092926025,0.013677597045898438
