Model,R2,MAE,RMSE,MAPE_percent,n_train,n_test,fit_time_sec,predict_time_sec
cat,0.43729232286012365,0.3805408010307475,0.3263622302714847,36.5239174546309,3170,4755,3.9306800365448,0.004957437515258789
