Model,R2,MAE,RMSE,MAPE_percent,n_train,n_test,fit_time_sec,predict_time_sec
rf,0.9977243356664761,0.0025314711881441873,2.083818600186175e-05,3.0526016906098508,8145,2036,52.25243306159973,0.40470242500305176
