Model,R2,MAE,RMSE,MAPE_percent,n_train,n_test,fit_time_sec,predict_time_sec
cat,0.9794960645890952,0.015785551373520158,0.0017033559185335632,4.224624105310657,9053,2263,3.8563637733459473,0.0029189586639404297
