Model,R2,MAE,RMSE,MAPE_percent,n_train,n_test,fit_time_sec,predict_time_sec
cat,0.4746920628458735,0.026608495559386883,0.01929906335760926,11.06858049816314,8151,2038,3.4136385917663574,0.0025408267974853516
