Model,R2,MAE,RMSE,MAPE_percent,n_train,n_test,fit_time_sec,predict_time_sec
rf,0.9052532897126052,0.042514039188944946,0.020873397853368746,5.170784197879418,776,6982,3.7888731956481934,0.44632792472839355
