Model,R2,MAE,RMSE,MAPE_percent,n_train,n_test,fit_time_sec,predict_time_sec
cat,0.958794887399663,0.08129729686877106,0.016751576580659996,803175301.6131322,3961,7355,4.736555099487305,0.009523868560791016
