Model,R2,MAE,RMSE,MAPE_percent,n_train,n_test,fit_time_sec,predict_time_sec
cat,0.9879808357955722,0.000819516402478382,1.2351344741714583e-06,7.027736701627245,8145,2036,3.7592036724090576,0.0026128292083740234
