Model,R2,MAE,RMSE,MAPE_percent,n_train,n_test,fit_time_sec,predict_time_sec
cat,0.8908633608588764,0.09142006393469367,0.02303167310184095,7.787127051037089,6208,1552,3.4741692543029785,0.002624034881591797
