Model,R2,MAE,RMSE,MAPE_percent,n_train,n_test,fit_time_sec,predict_time_sec
rf,0.9439235716886699,0.17739577727223835,0.12398698062254548,9281084.849113507,9059,2265,56.426432609558105,0.43612146377563477
