Model,R2,MAE,RMSE,MAPE_percent,n_train,n_test,fit_time_sec,predict_time_sec
cat,0.5477761487958865,0.07805363317069719,0.44265189465003485,4.581557690020146,5684,1421,3.7912073135375977,0.0024230480194091797
