Model,R2,MAE,RMSE,MAPE_percent,n_train,n_test,fit_time_sec,predict_time_sec
cat,0.7464724664311231,0.5272986360467007,0.600933984875307,8856060990.740467,5092,6224,4.211920738220215,0.009842872619628906
