Model,R2,MAE,RMSE,MAPE_percent,n_train,n_test,fit_time_sec,predict_time_sec
rf,0.9085068026015704,0.014609504984644172,0.05225804327413563,3.8700690617932993,8151,2038,54.27476191520691,0.46586084365844727
