Model,R2,MAE,RMSE,MAPE_percent,n_train,n_test,fit_time_sec,predict_time_sec
rf,0.9982128050034711,0.0014654578351479329,7.5650816329648985e-06,1.8032666158330224,8145,2036,51.5927414894104,0.3727104663848877
