Model,R2,MAE,RMSE,MAPE_percent,n_train,n_test,fit_time_sec,predict_time_sec
cat,0.4884256212612339,0.37895554482542443,0.3342981335579872,5520309515.213536,2829,8487,4.310877084732056,0.009262561798095703
