Model,R2,MAE,RMSE,MAPE_percent,n_train,n_test,fit_time_sec,predict_time_sec
cat,0.9939078748253549,0.0034883256718892947,2.3322520934250155e-05,4.516306819023037,8145,2036,3.6908421516418457,0.0027189254760742188
