Model,R2,MAE,RMSE,MAPE_percent,n_train,n_test,fit_time_sec,predict_time_sec
cat,0.9231453827869253,0.018589158587800483,0.010569787104520617,381374230.84512126,9053,2263,3.8327698707580566,0.002919912338256836
