Model,R2,MAE,RMSE,MAPE_percent,n_train,n_test,fit_time_sec,predict_time_sec
cat,0.9747928328002121,0.047627838272872265,0.009117169837712361,4.496119906861953,6208,1552,4.606628656387329,0.0026769638061523438
