Model,R2,MAE,RMSE,MAPE_percent,n_train,n_test,fit_time_sec,predict_time_sec
cat,0.9887908025497483,0.0033041302742990164,0.00010804914607942598,4.047215411319942,8145,2036,3.7459161281585693,0.0058002471923828125
