Model,R2,MAE,RMSE,MAPE_percent,n_train,n_test,fit_time_sec,predict_time_sec
rf,0.8239007430306904,0.28087527126211304,0.19464356125578025,10.906849040932864,6214,1554,38.47589826583862,0.26885008811950684
