Model,R2,MAE,RMSE,MAPE_percent,n_train,n_test,fit_time_sec,predict_time_sec
cat,0.4067674711684264,0.0021956596154697277,0.00029844088426985756,12.404062083012917,8151,2038,3.6815552711486816,0.0026159286499023438
