Model,R2,MAE,RMSE,MAPE_percent,n_train,n_test,fit_time_sec,predict_time_sec
gbm,0.972434228891148,0.164381772517023,0.066660924786592,662463266.0504137,9053,2263,22.769723892211914,0.018557071685791016
