Model,R2,MAE,RMSE,MAPE_percent,n_train,n_test,fit_time_sec,predict_time_sec
gbm,0.9151394156751718,0.013603041131239972,0.006364532659799428,3.29641617317151,5044,2716,12.46151614189148,0.019058942794799805
