Model,R2,MAE,RMSE,MAPE_percent,n_train,n_test,fit_time_sec,predict_time_sec
gbm,0.9372516359489931,0.12973490378175845,0.05737614758123559,6.709339182959069,6206,1552,15.45426321029663,0.012492179870605469
