Model,R2,MAE,RMSE,MAPE_percent,n_train,n_test,fit_time_sec,predict_time_sec
rf,0.9977211249417209,0.0033264538505372366,2.992587085387993e-05,1.1741102344287289,6208,1552,37.09614014625549,0.2845487594604492
