Model,R2,MAE,RMSE,MAPE_percent,n_train,n_test,fit_time_sec,predict_time_sec
gbm,0.9740951718599075,0.06756242765878785,0.017425593166884218,716794979.460574,9053,2263,41.2640495300293,0.018555402755737305
