Model,R2,MAE,RMSE,MAPE_percent,n_train,n_test,fit_time_sec,predict_time_sec
cat,0.8972322185758441,0.08968878044905418,0.0219651969685201,8.006711537630826,6214,1554,3.562514543533325,0.0023441314697265625
