Model,R2,MAE,RMSE,MAPE_percent,n_train,n_test,fit_time_sec,predict_time_sec
cat,-0.15409663641707816,0.28558253692025337,0.3481660366575766,44.198638586362954,3087,5733,3.9146735668182373,0.008850336074829102
