Model,R2,MAE,RMSE,MAPE_percent,n_train,n_test,fit_time_sec,predict_time_sec
cat,0.9638386083030144,0.17347296738332266,0.06461845456576265,7.174976727611824,9053,2263,3.8403408527374268,0.0031404495239257812
