Model,R2,MAE,RMSE,MAPE_percent,n_train,n_test,fit_time_sec,predict_time_sec
cat,0.9257357722595422,0.02137671296313159,0.009170820684921765,356264450.9389906,5658,5658,4.640144109725952,0.006233692169189453
