Model,R2,MAE,RMSE,MAPE_percent,n_train,n_test,fit_time_sec,predict_time_sec
cat,0.9901955940532613,0.005441659645967743,8.977863375814123e-05,7.180826971489859,8145,2036,9.796108484268188,0.00867605209350586
