Model,R2,MAE,RMSE,MAPE_percent,n_train,n_test,fit_time_sec,predict_time_sec
gbm,0.9975704359979328,0.0020142802539909366,7.522902365029529e-06,2.859670403163277,8145,2036,20.40285038948059,0.014093399047851562
