Model,R2,MAE,RMSE,MAPE_percent,n_train,n_test,fit_time_sec,predict_time_sec
cat,0.9216029908640354,0.06795430596114604,0.031335999564342035,6.267198783602737,6208,1552,3.8182318210601807,0.0038535594940185547
