Model,R2,MAE,RMSE,MAPE_percent,n_train,n_test,fit_time_sec,predict_time_sec
cat,0.9595280340176826,0.2003563704504326,0.09394249670299236,933921916.51622,2829,8487,4.611230373382568,0.009791851043701172
