Model,R2,MAE,RMSE,MAPE_percent,n_train,n_test,fit_time_sec,predict_time_sec
cat,0.9608532326094547,0.18538616691518778,0.07939792514781825,6.137413070161906,5548,2377,4.548496961593628,0.004106283187866211
