Model,R2,MAE,RMSE,MAPE_percent,n_train,n_test,fit_time_sec,predict_time_sec
gbm,0.9207391251037352,0.13793124342734642,0.07835728357589307,6.905047152900044,6213,1553,15.647237539291382,0.012683629989624023
