Model,R2,MAE,RMSE,MAPE_percent,n_train,n_test,fit_time_sec,predict_time_sec
rf,-2.3946055799460644,0.003099255544807086,0.0014000016315105434,17.26282979016451,8151,2038,53.79666996002197,0.39987778663635254
