Model,R2,MAE,RMSE,MAPE_percent,n_train,n_test,fit_time_sec,predict_time_sec
gbm,0.9427447109131268,0.0010863047405524986,2.0815816919300296e-05,7.908294773993312,2036,8145,4.805085182189941,0.05182337760925293
