Model,R2,MAE,RMSE,MAPE_percent,n_train,n_test,fit_time_sec,predict_time_sec
rf,0.9884392486829744,0.0009372695155138756,1.646898092608554e-06,7.0793117272687205,3563,6618,20.011566638946533,0.6409964561462402
