Model,R2,MAE,RMSE,MAPE_percent,n_train,n_test,fit_time_sec,predict_time_sec
cat,0.8988946194998874,0.02255896238260153,0.01196394642456664,519787925.8221442,2263,9053,4.212690591812134,0.009290695190429688
