Model,R2,MAE,RMSE,MAPE_percent,n_train,n_test,fit_time_sec,predict_time_sec
rf,0.9643553207078068,0.06982196693479897,0.014467903245983755,5.273095262887764,9053,2263,53.99072861671448,0.43388795852661133
