Model,R2,MAE,RMSE,MAPE_percent,n_train,n_test,fit_time_sec,predict_time_sec
cat,0.9849543732515162,0.0008652980109428031,1.3512454933956222e-06,7.348067604757971,5090,5091,3.3812944889068604,0.006048679351806641
