Model,R2,MAE,RMSE,MAPE_percent,n_train,n_test,fit_time_sec,predict_time_sec
cat,0.9950144585093579,0.0029332233489957455,1.7820202680623585e-05,3.7896867980772955,8145,2036,3.7428407669067383,0.0026674270629882812
