Model,R2,MAE,RMSE,MAPE_percent,n_train,n_test,fit_time_sec,predict_time_sec
cat,0.9619475960915728,0.181360303138204,0.0841352205928955,1141509863.7342973,9059,2265,3.5951850414276123,0.0029091835021972656
