Model,R2,MAE,RMSE,MAPE_percent,n_train,n_test,fit_time_sec,predict_time_sec
cat,0.8565046659647995,0.007742574987030558,0.0122740264574669,2.739552481590746,8145,2036,4.6277265548706055,0.003050088882446289
