Model,R2,MAE,RMSE,MAPE_percent,n_train,n_test,fit_time_sec,predict_time_sec
rf,0.9989186496394934,0.0010808437628653414,2.7929994816803147e-06,1.7377082140869267,8145,2036,52.69132161140442,0.39180946350097656
