Model,R2,MAE,RMSE,MAPE_percent,n_train,n_test,fit_time_sec,predict_time_sec
gbm,0.9064973029885165,0.2673068504726696,0.12907683137838635,13.693654049347037,6208,1552,14.70442533493042,0.012560129165649414
