Model,R2,MAE,RMSE,MAPE_percent,n_train,n_test,fit_time_sec,predict_time_sec
gbm,0.9725538538127023,0.006304750233247988,8.439226632928183e-05,10.235736064793691,8145,2036,19.507309675216675,0.015146255493164062
