Model,R2,MAE,RMSE,MAPE_percent,n_train,n_test,fit_time_sec,predict_time_sec
rf,0.9641283611752353,0.05846021921824275,0.014711964789264644,4.674735560127721,9059,2265,53.989625453948975,0.4380037784576416
