Model,R2,MAE,RMSE,MAPE_percent,n_train,n_test,fit_time_sec,predict_time_sec
rf,0.9415220608926672,0.25826540250150976,0.14662422381173665,6.7501387241127935,6206,1552,36.56201720237732,0.2831001281738281
