Model,R2,MAE,RMSE,MAPE_percent,n_train,n_test,fit_time_sec,predict_time_sec
rf,-0.16892449963346357,0.002702821457857328,0.0006883099573048218,15.337132000164388,8151,2038,52.096189737319946,0.40526747703552246
