Model,R2,MAE,RMSE,MAPE_percent,n_train,n_test,fit_time_sec,predict_time_sec
rf,0.9945621430333785,0.007148282301251879,0.00026635390486854407,1.7128319482880012,9053,2263,56.032865047454834,0.42340850830078125
