Model,R2,MAE,RMSE,MAPE_percent,n_train,n_test,fit_time_sec,predict_time_sec
gbm,0.9868667247799285,0.001096401755992785,2.266769639963704e-06,7.1491006990205275,3563,6618,8.414198875427246,0.039617300033569336
