Model,R2,MAE,RMSE,MAPE_percent,n_train,n_test,fit_time_sec,predict_time_sec
gbm,0.9855240421913087,0.0009339423390563213,1.5528301964777904e-06,7.03921397699628,5090,5091,12.09570574760437,0.03129005432128906
