Model,R2,MAE,RMSE,MAPE_percent,n_train,n_test,fit_time_sec,predict_time_sec
cat,0.9624378006179907,0.18109465656839469,0.07080822552805743,7.2505768393927434,9053,2263,3.669203281402588,0.003201723098754883
