Model,R2,MAE,RMSE,MAPE_percent,n_train,n_test,fit_time_sec,predict_time_sec
rf,0.9686574510902894,0.015289635606637764,0.002962968379101245,2433938.8436059337,9053,2263,81.6943781375885,0.46346473693847656
