Model,R2,MAE,RMSE,MAPE_percent,n_train,n_test,fit_time_sec,predict_time_sec
rf,0.9975424337924226,0.005861852680939285,6.47438666978706e-05,2.815249539024596,8145,2036,50.63122224807739,0.4012877941131592
