Model,R2,MAE,RMSE,MAPE_percent,n_train,n_test,fit_time_sec,predict_time_sec
rf,0.9982148658820946,0.0011573622319822046,4.657915601061265e-06,1.7760926651100275,8145,2036,51.34216284751892,0.40487027168273926
