Model,R2,MAE,RMSE,MAPE_percent,n_train,n_test,fit_time_sec,predict_time_sec
gbm,0.964567536270997,0.183738821865447,0.08093837654804117,98.1329256014152,9053,2263,22.71158218383789,0.018079042434692383
