Model,R2,MAE,RMSE,MAPE_percent,n_train,n_test,fit_time_sec,predict_time_sec
cat,0.9593666334701526,0.07909500726598642,0.02372695530940635,5.505485752100745,5944,1981,4.798438549041748,0.0035343170166015625
