Model,R2,MAE,RMSE,MAPE_percent,n_train,n_test,fit_time_sec,predict_time_sec
rf,0.9858786366838139,0.007301579534451503,0.0007127975833727709,1.8957059267304475,6208,1552,37.519283294677734,0.2852475643157959
