Model,R2,MAE,RMSE,MAPE_percent,n_train,n_test,fit_time_sec,predict_time_sec
cat,0.9972853490833846,0.004135992177386643,3.594606120706285e-05,1.660462159442921,6208,1552,3.5440542697906494,0.0022678375244140625
