Model,R2,MAE,RMSE,MAPE_percent,n_train,n_test,fit_time_sec,predict_time_sec
rf,0.9232868281618754,0.001027012057491436,3.0746512775846225e-05,7.254056003987415,4072,6109,23.231103658676147,0.6378653049468994
