Model,R2,MAE,RMSE,MAPE_percent,n_train,n_test,fit_time_sec,predict_time_sec
cat,0.9649087802515002,0.12536630660195355,0.03313242943048447,5.331283169957128,6208,1552,4.100872755050659,0.002675294876098633
