Model,R2,MAE,RMSE,MAPE_percent,n_train,n_test,fit_time_sec,predict_time_sec
cat,0.8959374912347133,0.020966188898141936,0.011513424295945695,4.138137563684821,3170,4755,4.590845823287964,0.004935741424560547
