Model,R2,MAE,RMSE,MAPE_percent,n_train,n_test,fit_time_sec,predict_time_sec
rf,0.9724314829697398,0.01154916785800733,0.0016606423098081181,3.1557425887593706,6208,1552,39.43534207344055,0.27796006202697754
