Model,R2,MAE,RMSE,MAPE_percent,n_train,n_test,fit_time_sec,predict_time_sec
cat,0.7555160553430855,0.6331898695248797,0.7843569026359258,20.862571189560022,6206,1552,3.1454997062683105,0.0022077560424804688
