Model,R2,MAE,RMSE,MAPE_percent,n_train,n_test,fit_time_sec,predict_time_sec
cat,0.9830049634686179,0.01967492812496281,0.0009763744881173863,3.678185090230564,3879,3879,3.421797037124634,0.004770755767822266
