Model,R2,MAE,RMSE,MAPE_percent,n_train,n_test,fit_time_sec,predict_time_sec
cat,0.9516032272022228,0.08719669909163139,0.031735275878797486,1232978337.9300838,3961,7355,4.483749866485596,0.007157564163208008
