Model,R2,MAE,RMSE,MAPE_percent,n_train,n_test,fit_time_sec,predict_time_sec
rf,0.9973912641541173,0.00041324585075222666,3.2176438811049674e-07,2.872865093991738,8145,2036,50.77425980567932,0.4063882827758789
