Model,R2,MAE,RMSE,MAPE_percent,n_train,n_test,fit_time_sec,predict_time_sec
gbm,0.9707670801405197,0.007784668718662311,0.0016203851291023122,2.113507060377676,6208,1552,15.440324783325195,0.012003898620605469
