Model,R2,MAE,RMSE,MAPE_percent,n_train,n_test,fit_time_sec,predict_time_sec
cat,0.9572418825937427,0.0725478724503408,0.013090367729447992,5.009872362215656,3566,4359,4.498358488082886,0.005967140197753906
