Model,R2,MAE,RMSE,MAPE_percent,n_train,n_test,fit_time_sec,predict_time_sec
cat,0.916517022899904,0.01880001253401971,0.0075554565031529354,4.668562346899769,4359,3566,4.723129749298096,0.004667520523071289
