Model,R2,MAE,RMSE,MAPE_percent,n_train,n_test,fit_time_sec,predict_time_sec
cat,0.9777516745801518,0.037792226033718755,0.003335875186940687,4.14144863682355,7056,1764,3.848602533340454,0.002595663070678711
