Model,R2,MAE,RMSE,MAPE_percent,n_train,n_test,fit_time_sec,predict_time_sec
rf,0.9949578864360711,0.0006006899273072921,7.872828573443673e-07,3.888215254956056,8145,2036,52.29988646507263,0.46489572525024414
