Model,R2,MAE,RMSE,MAPE_percent,n_train,n_test,fit_time_sec,predict_time_sec
cat,0.9293464295465137,0.005443552645862042,0.0006620162758415812,7.56750461262175,3563,6618,4.637687921524048,0.007079601287841797
