Model,R2,MAE,RMSE,MAPE_percent,n_train,n_test,fit_time_sec,predict_time_sec
gbm,0.9548519284618051,0.004706249495518276,0.0003677321171535592,7.734165712631512,8145,2036,19.7579402923584,0.014945268630981445
