Model,R2,MAE,RMSE,MAPE_percent,n_train,n_test,fit_time_sec,predict_time_sec
rf,0.9112460245783094,0.0007304906509255793,0.00023256741933597213,1.9629618686365484,8151,2038,53.32063817977905,0.39315009117126465
