Model,R2,MAE,RMSE,MAPE_percent,n_train,n_test,fit_time_sec,predict_time_sec
gbm,0.89714165100483,0.0051378683615183615,0.0011630899856731817,7.110504043501652,8145,2036,19.777286767959595,0.015389442443847656
