Model,R2,MAE,RMSE,MAPE_percent,n_train,n_test,fit_time_sec,predict_time_sec
cat,0.966153018502842,0.18396465910841733,0.07886157334404269,1589021343.843934,7921,3395,4.748503684997559,0.0050809383392333984
