Model,R2,MAE,RMSE,MAPE_percent,n_train,n_test,fit_time_sec,predict_time_sec
cat,0.7776083516079594,0.5092925408787768,0.5181600992172385,7613655853.614883,7921,3395,4.5970399379730225,0.0053331851959228516
