Model,R2,MAE,RMSE,MAPE_percent,n_train,n_test,fit_time_sec,predict_time_sec
gbm,0.7490591494987561,0.29340872180542266,0.8459527154640928,7.170256390820107,6213,1553,15.35019826889038,0.012516975402832031
