Model,R2,MAE,RMSE,MAPE_percent,n_train,n_test,fit_time_sec,predict_time_sec
cat,0.9918244905038325,0.0007471503906601204,3.0352671805075497e-06,4.546079298972199,8145,2036,3.7895469665527344,0.002719879150390625
