Model,R2,MAE,RMSE,MAPE_percent,n_train,n_test,fit_time_sec,predict_time_sec
cat,0.9878303318414874,0.013726596680293834,0.0003346219009426338,7.151479552479481,4072,6109,4.96527624130249,0.005904197692871094
