Model,R2,MAE,RMSE,MAPE_percent,n_train,n_test,fit_time_sec,predict_time_sec
gbm,0.9871964763616389,0.011335623092749221,0.00035882388822927613,3.1931128780050164,6224,5092,15.2871994972229,0.030591487884521484
