Model,R2,MAE,RMSE,MAPE_percent,n_train,n_test,fit_time_sec,predict_time_sec
rf,0.8824249287288709,0.0008081703892716934,1.848354245402913e-05,4.364803021830688,8151,2038,54.82130408287048,0.38918042182922363
