Model,R2,MAE,RMSE,MAPE_percent,n_train,n_test,fit_time_sec,predict_time_sec
rf,0.9820083261777677,0.007938789315869835,0.0009653243046280345,2.0039067971771565,6208,1552,57.770036697387695,0.552177906036377
