Model,R2,MAE,RMSE,MAPE_percent,n_train,n_test,fit_time_sec,predict_time_sec
gbm,0.9666366155723733,0.017520526709389677,0.0034473547827136167,43393184.60588791,7921,3395,19.891966342926025,0.023785829544067383
