Model,R2,MAE,RMSE,MAPE_percent,n_train,n_test,fit_time_sec,predict_time_sec
rf,0.9367379706331983,0.18435317850906627,0.13987460053085723,31429999.709339563,9059,2265,56.417962312698364,0.43390703201293945
