Model,R2,MAE,RMSE,MAPE_percent,n_train,n_test,fit_time_sec,predict_time_sec
gbm,0.9954760416026472,0.004369095369160569,3.536827924168729e-05,7.149447720138117,8145,2036,26.413272857666016,0.016281604766845703
