Model,R2,MAE,RMSE,MAPE_percent,n_train,n_test,fit_time_sec,predict_time_sec
cat,0.8886189396896357,0.0916435929474763,0.023804836744999787,7.820509632108938,6208,1552,3.4183030128479004,0.0022859573364257812
