Model,R2,MAE,RMSE,MAPE_percent,n_train,n_test,fit_time_sec,predict_time_sec
cat,0.9810976998168238,0.0014292064622055541,6.558349140069341e-06,13.494662258624965,6618,3563,4.386635780334473,0.004548788070678711
