Model,R2,MAE,RMSE,MAPE_percent,n_train,n_test,fit_time_sec,predict_time_sec
cat,0.9407237935223773,0.00545926096141156,0.0005298172820817443,7.825577622935244,2036,8145,4.241920709609985,0.009495973587036133
