Model,R2,MAE,RMSE,MAPE_percent,n_train,n_test,fit_time_sec,predict_time_sec
cat,0.963936829461374,0.13761823030980422,0.047611602119575006,6.074461306683703,6208,1552,3.3835227489471436,0.002355337142944336
