Model,R2,MAE,RMSE,MAPE_percent,n_train,n_test,fit_time_sec,predict_time_sec
cat,0.9612450026503847,0.06557748895501057,0.009467179531122086,4.4657334527424055,5548,2377,4.778057336807251,0.003513336181640625
