Model,R2,MAE,RMSE,MAPE_percent,n_train,n_test,fit_time_sec,predict_time_sec
cat,0.9149358563898414,0.0010513334645545658,3.4437735277007244e-05,7.360538196367841,6109,4072,5.085007667541504,0.005721330642700195
