Model,R2,MAE,RMSE,MAPE_percent,n_train,n_test,fit_time_sec,predict_time_sec
gbm,0.19435701927927185,0.2784038341889291,0.4921265676537189,40.407281029777394,7056,1764,15.834222555160522,0.013207674026489258
