Model,R2,MAE,RMSE,MAPE_percent,n_train,n_test,fit_time_sec,predict_time_sec
rf,0.9929762524132704,0.00242997319862407,6.131176887235905e-05,2.9144192399896096,8151,2038,55.36567187309265,0.41344165802001953
