Model,R2,MAE,RMSE,MAPE_percent,n_train,n_test,fit_time_sec,predict_time_sec
cat,0.9576273620307205,0.18718413795274003,0.07678651722252261,7.994692702566931,9053,2263,3.8040130138397217,0.0029802322387695312
