Model,R2,MAE,RMSE,MAPE_percent,n_train,n_test,fit_time_sec,predict_time_sec
rf,0.9083905334437826,0.041280847991840286,0.019878963220263727,4.995710887737121,1164,6594,5.888583183288574,0.4760603904724121
