Model,R2,MAE,RMSE,MAPE_percent,n_train,n_test,fit_time_sec,predict_time_sec
rf,0.9889099610469162,0.001224973050669821,3.637567706968387e-06,11.039854814978394,8145,2036,52.457831621170044,0.40955352783203125
