Model,R2,MAE,RMSE,MAPE_percent,n_train,n_test,fit_time_sec,predict_time_sec
cat,0.9572352486127242,0.08242593513951339,0.017909907868791874,254349539.68732423,3395,7921,4.38328742980957,0.01186513900756836
