Model,R2,MAE,RMSE,MAPE_percent,n_train,n_test,fit_time_sec,predict_time_sec
gbm,0.9640270655532702,0.06843520194790208,0.011679251871471357,4.666993161041223,6340,1585,15.73543119430542,0.012275934219360352
