Model,R2,MAE,RMSE,MAPE_percent,n_train,n_test,fit_time_sec,predict_time_sec
rf,0.9526424548332408,0.06278042163495579,0.012141503231867167,4.621098947859732,5612,1403,32.98446226119995,0.2739865779876709
