Model,R2,MAE,RMSE,MAPE_percent,n_train,n_test,fit_time_sec,predict_time_sec
gbm,0.9887070916520169,0.010404290591278424,0.0002947044928713115,2.8092109158623306,6340,1585,15.832332372665405,0.011322498321533203
