Model,R2,MAE,RMSE,MAPE_percent,n_train,n_test,fit_time_sec,predict_time_sec
cat,0.9891106720128627,0.014079883623741376,0.0003599534897821704,7.36240494962352,3054,7127,5.0108420848846436,0.007336139678955078
