Model,R2,MAE,RMSE,MAPE_percent,n_train,n_test,fit_time_sec,predict_time_sec
cat,0.8461854741977999,0.1276459254636462,0.09168625076064658,10.31840148817333,396,7529,3.528015375137329,0.008835554122924805
