Model,R2,MAE,RMSE,MAPE_percent,n_train,n_test,fit_time_sec,predict_time_sec
rf,0.7829007729737383,0.010223756957654529,0.016789987986268115,3.4630030864965597,8151,2038,56.335386991500854,0.3970625400543213
