Model,R2,MAE,RMSE,MAPE_percent,n_train,n_test,fit_time_sec,predict_time_sec
cat,0.9951081067984314,0.008454312898087844,0.00013444900055453054,4.186980136460081,8145,2036,3.6420795917510986,0.0026633739471435547
