Model,R2,MAE,RMSE,MAPE_percent,n_train,n_test,fit_time_sec,predict_time_sec
rf,0.8884178669674899,0.12534166513488412,0.11813585720940807,5.526079606192253,6213,1553,35.895297050476074,0.287656307220459
