Model,R2,MAE,RMSE,MAPE_percent,n_train,n_test,fit_time_sec,predict_time_sec
gbm,0.387784698133671,0.31765185385388184,0.21503400356040403,36.244214578516434,6214,1554,13.786853313446045,0.01137089729309082
