Model,R2,MAE,RMSE,MAPE_percent,n_train,n_test,fit_time_sec,predict_time_sec
rf,0.9709789645752893,0.010477918322003857,0.001411080776968988,3.0422078944517197,5432,2328,32.73947501182556,0.34871959686279297
