Model,R2,MAE,RMSE,MAPE_percent,n_train,n_test,fit_time_sec,predict_time_sec
rf,0.9860917700898167,0.007048206144387553,0.00010513410449746267,2.633735643964116,5820,1940,35.517566442489624,0.2928919792175293
