Model,R2,MAE,RMSE,MAPE_percent,n_train,n_test,fit_time_sec,predict_time_sec
rf,0.6450810714051272,0.014494029330086705,0.027448667730568265,4.960911689906801,8151,2038,56.32391333580017,0.3879992961883545
