Model,R2,MAE,RMSE,MAPE_percent,n_train,n_test,fit_time_sec,predict_time_sec
gbm,0.9981377002758172,0.00026736164979444756,1.9762989997135148e-07,2.1579081511459326,8145,2036,20.41677188873291,0.014147281646728516
