Model,R2,MAE,RMSE,MAPE_percent,n_train,n_test,fit_time_sec,predict_time_sec
gbm,0.9913845122530726,0.000923300115018742,1.6362008764638218e-06,7.99474637288859,1527,8654,3.562420606613159,0.05255699157714844
