Model,R2,MAE,RMSE,MAPE_percent,n_train,n_test,fit_time_sec,predict_time_sec
gbm,0.9929973131917738,0.005431402498613111,0.0004558873657406983,7.339372210981862,8151,2038,19.93516206741333,0.01459360122680664
