Model,R2,MAE,RMSE,MAPE_percent,n_train,n_test,fit_time_sec,predict_time_sec
gbm,0.8541567062912767,0.19993217887121745,0.09491886694847025,11.246285833923888,6206,1552,14.741065979003906,0.012856721878051758
