Model,R2,MAE,RMSE,MAPE_percent,n_train,n_test,fit_time_sec,predict_time_sec
gbm,0.879563734858922,0.049190278483487435,0.053151085777629704,4.5229418910365995,7062,1765,18.555944204330444,0.013209104537963867
