Model,R2,MAE,RMSE,MAPE_percent,n_train,n_test,fit_time_sec,predict_time_sec
cat,0.9742289806518514,0.16002423922147213,0.05598757895882036,1953311038.8209515,9053,2263,4.106157302856445,0.01301884651184082
