Model,R2,MAE,RMSE,MAPE_percent,n_train,n_test,fit_time_sec,predict_time_sec
rf,0.80503572940109,0.035328652337492,0.01970777283755446,5.119188562338588,6206,1552,43.24678063392639,0.29108476638793945
