Model,R2,MAE,RMSE,MAPE_percent,n_train,n_test,fit_time_sec,predict_time_sec
cat,0.8295181879995451,0.02169501285561828,0.010629134277519473,6.392468584928361,776,6984,2.786241054534912,0.008691787719726562
