Model,R2,MAE,RMSE,MAPE_percent,n_train,n_test,fit_time_sec,predict_time_sec
gbm,0.9988761524124836,0.003803813537476871,3.075685239001412e-05,1.669335194593637,8145,2036,20.609440803527832,0.01356053352355957
