Model,R2,MAE,RMSE,MAPE_percent,n_train,n_test,fit_time_sec,predict_time_sec
gbm,0.9913613222769122,0.0006213327004629774,3.3920085656903013e-06,4.076531908541636,8145,2036,22.685255527496338,0.015486955642700195
