Model,R2,MAE,RMSE,MAPE_percent,n_train,n_test,fit_time_sec,predict_time_sec
rf,0.9679105499380201,0.019062746416338393,0.0024232420354412454,10.923620734853289,8145,2036,3.442939519882202,0.33228111267089844
