Model,R2,MAE,RMSE,MAPE_percent,n_train,n_test,fit_time_sec,predict_time_sec
cat,0.9423124213877887,0.2605258185629069,0.1619495008740742,6.629167016565568,6206,1552,9.027864933013916,0.004355430603027344
