Model,R2,MAE,RMSE,MAPE_percent,n_train,n_test,fit_time_sec,predict_time_sec
rf,0.9887740684194014,0.009704463140088096,0.000374714104508619,2.50589870728584,9053,2263,56.21590733528137,0.4269673824310303
