Model,R2,MAE,RMSE,MAPE_percent,n_train,n_test,fit_time_sec,predict_time_sec
cat,0.918558471497525,0.015268239550924798,0.004948122823557683,4.665330616484656,1552,6208,3.0314524173736572,0.007860660552978516
