Model,R2,MAE,RMSE,MAPE_percent,n_train,n_test,fit_time_sec,predict_time_sec
cat,0.9862760611041604,0.0009204889283365336,1.827680281243985e-06,7.874055339655615,3054,7127,3.2735602855682373,0.009064435958862305
