Model,R2,MAE,RMSE,MAPE_percent,n_train,n_test,fit_time_sec,predict_time_sec
cat,0.9890917076556569,0.0009657101310297283,2.1950177670175555e-06,7.377629034259724,4072,6109,4.543114423751831,0.006072521209716797
