Model,R2,MAE,RMSE,MAPE_percent,n_train,n_test,fit_time_sec,predict_time_sec
rf,0.9888507836812698,0.0008191790582138047,1.257520542287398e-06,7.095977745589161,8145,2036,51.69135403633118,0.4159116744995117
