Model,R2,MAE,RMSE,MAPE_percent,n_train,n_test,fit_time_sec,predict_time_sec
cat,0.39673405680593243,0.06487022235483732,0.5776447173891366,5.048877895346493,5292,3528,5.16469931602478,0.004554033279418945
