Model,R2,MAE,RMSE,MAPE_percent,n_train,n_test,fit_time_sec,predict_time_sec
gbm,0.978914111879614,0.0030631728290352414,0.00024402990036614085,3.1416047734306334,8145,2036,20.413848876953125,0.014191389083862305
