Model,R2,MAE,RMSE,MAPE_percent,n_train,n_test,fit_time_sec,predict_time_sec
cat,0.9684238500381197,0.18053955360706256,0.07587319494459664,1857872280.6425817,9053,2263,3.706605911254883,0.002919912338256836
