Model,R2,MAE,RMSE,MAPE_percent,n_train,n_test,fit_time_sec,predict_time_sec
gbm,0.5207516432054466,0.3646809254454063,0.2908750370300214,323176672.6982369,9053,2263,20.285770893096924,0.01607680320739746
