Model,R2,MAE,RMSE,MAPE_percent,n_train,n_test,fit_time_sec,predict_time_sec
rf,0.9785330417701856,0.0008129738888659928,1.2198067014988148e-06,6.781134568067179,7636,2545,47.73421931266785,0.3908984661102295
