Model,R2,MAE,RMSE,MAPE_percent,n_train,n_test,fit_time_sec,predict_time_sec
rf,0.9936626693170104,0.004689845721447731,7.457695236502755e-05,1.651232911177684,6208,1552,37.527175188064575,0.26569533348083496
