Model,R2,MAE,RMSE,MAPE_percent,n_train,n_test,fit_time_sec,predict_time_sec
rf,0.9548110040900318,0.23668006084479357,0.12095234951695971,6.02974858118556,6206,1552,36.61900615692139,0.2958412170410156
