Model,R2,MAE,RMSE,MAPE_percent,n_train,n_test,fit_time_sec,predict_time_sec
rf,0.9726245674197287,0.0032704937319655452,0.0002605106358784951,4.024890676755373,8145,2036,73.8952956199646,0.4811370372772217
