Model,R2,MAE,RMSE,MAPE_percent,n_train,n_test,fit_time_sec,predict_time_sec
rf,0.958995388140695,0.0035355215685724754,0.0006859759509925584,4.0060653103036845,8151,2038,54.73776626586914,0.4075043201446533
