Model,R2,MAE,RMSE,MAPE_percent,n_train,n_test,fit_time_sec,predict_time_sec
rf,0.9782956072842297,0.005737535825967351,6.837100934270833e-05,9.652809819479458,8145,2036,52.49223518371582,0.4010660648345947
