Model,R2,MAE,RMSE,MAPE_percent,n_train,n_test,fit_time_sec,predict_time_sec
cat,0.9900281555243594,0.009159403684031025,0.0002559366608928518,2.5336144517875687,6208,1552,3.4673523902893066,0.0022933483123779297
