Model,R2,MAE,RMSE,MAPE_percent,n_train,n_test,fit_time_sec,predict_time_sec
gbm,0.9717877273897237,0.0012817651585601336,3.608283929261923e-06,10.358022397687563,8145,2036,19.452929973602295,0.015210628509521484
