Model,R2,MAE,RMSE,MAPE_percent,n_train,n_test,fit_time_sec,predict_time_sec
cat,0.7692044439740213,0.5066821719462168,0.5338365115076301,2125583010.3711069,9053,2263,3.3338892459869385,0.002868175506591797
