Model,R2,MAE,RMSE,MAPE_percent,n_train,n_test,fit_time_sec,predict_time_sec
rf,0.9761330603254222,0.001035226500974346,2.0488904818229553e-06,6.653636513690155,7636,2545,47.56697344779968,0.3971230983734131
