Model,R2,MAE,RMSE,MAPE_percent,n_train,n_test,fit_time_sec,predict_time_sec
rf,0.9409910525448718,0.0009629504226197711,1.923708042325226e-05,7.800219800281992,3563,6618,20.20993971824646,0.6612141132354736
