Model,R2,MAE,RMSE,MAPE_percent,n_train,n_test,fit_time_sec,predict_time_sec
gbm,0.7329631536688394,0.00131224895525168,8.088053418656214e-05,8.355899412508766,8151,2038,19.836433172225952,0.014269590377807617
