Model,R2,MAE,RMSE,MAPE_percent,n_train,n_test,fit_time_sec,predict_time_sec
cat,0.33184014268934914,0.4108822062032035,0.3964393034101286,38.71027781361739,792,7133,3.34724497795105,0.006960868835449219
