Model,R2,MAE,RMSE,MAPE_percent,n_train,n_test,fit_time_sec,predict_time_sec
cat,0.9551852319728052,0.1960425095048692,0.10571213260281484,1913511272.6871982,3961,7355,4.632293224334717,0.008357763290405273
