Model,R2,MAE,RMSE,MAPE_percent,n_train,n_test,fit_time_sec,predict_time_sec
rf,0.9698918984749962,0.01652847515455234,0.0019414106178259744,10.510249778291548,8145,2036,49.932456970214844,0.3959009647369385
