Model,R2,MAE,RMSE,MAPE_percent,n_train,n_test,fit_time_sec,predict_time_sec
cat,0.9679141131284016,0.05883377795612866,0.008115611724758715,4.595184210462875,4910,2105,4.783159494400024,0.0031452178955078125
