Model,R2,MAE,RMSE,MAPE_percent,n_train,n_test,fit_time_sec,predict_time_sec
gbm,0.890484765042201,0.01187957882568628,0.01277518275054112,4.087909026814548,8145,2036,20.20202136039734,0.014755964279174805
