Model,R2,MAE,RMSE,MAPE_percent,n_train,n_test,fit_time_sec,predict_time_sec
cat,0.9272013421760035,0.001018347887110986,2.808616203205054e-05,7.3882051848594585,5090,5091,4.769428491592407,0.006656169891357422
