Model,R2,MAE,RMSE,MAPE_percent,n_train,n_test,fit_time_sec,predict_time_sec
rf,0.9287102991891913,0.01479609731911871,0.004207745693985812,3.9767714915952075,776,6984,3.8245956897735596,0.4540584087371826
