Model,R2,MAE,RMSE,MAPE_percent,n_train,n_test,fit_time_sec,predict_time_sec
gbm,0.9984952928351286,0.002105358722456005,1.147824497130444e-05,2.846935696747149,8145,2036,26.85222029685974,0.027286052703857422
