Model,R2,MAE,RMSE,MAPE_percent,n_train,n_test,fit_time_sec,predict_time_sec
rf,0.990100305283408,0.0009596761390471865,1.7560797273169977e-06,7.251379235212406,2545,7636,13.7223801612854,0.6567854881286621
