Model,R2,MAE,RMSE,MAPE_percent,n_train,n_test,fit_time_sec,predict_time_sec
rf,0.7774568809063518,0.275064919657313,0.8294436010596213,6.737998349950051,6213,1553,37.553643226623535,0.28551721572875977
