Model,R2,MAE,RMSE,MAPE_percent,n_train,n_test,fit_time_sec,predict_time_sec
cat,0.9081741263328904,0.01323602993471452,0.006566553910241369,3.476968357616321,4656,3104,3.3932626247406006,0.003824949264526367
