Model,R2,MAE,RMSE,MAPE_percent,n_train,n_test,fit_time_sec,predict_time_sec
rf,0.4857977790474316,0.005332545091238121,0.0072203905025002525,3.018781704886694,8151,2038,55.8066840171814,0.38820409774780273
