Model,R2,MAE,RMSE,MAPE_percent,n_train,n_test,fit_time_sec,predict_time_sec
cat,0.9296820729855032,0.031417535046937846,0.006605631103265782,594347559.2062862,566,10750,4.100422620773315,0.011884927749633789
