Model,R2,MAE,RMSE,MAPE_percent,n_train,n_test,fit_time_sec,predict_time_sec
rf,0.6783662935451191,0.29594334841979253,0.6526782791805213,10.966541073643866,6214,1554,38.1048526763916,0.3153681755065918
