Model,R2,MAE,RMSE,MAPE_percent,n_train,n_test,fit_time_sec,predict_time_sec
cat,0.39269294035506297,0.43010718001846426,0.38822534683766374,11328533423.31981,566,10750,3.805185556411743,0.011064529418945312
