Model,R2,MAE,RMSE,MAPE_percent,n_train,n_test,fit_time_sec,predict_time_sec
cat,0.07742072366715347,0.26915912348388105,1.2012349920662355,37.84251520288148,7056,1764,3.4822542667388916,0.002952098846435547
