Model,R2,MAE,RMSE,MAPE_percent,n_train,n_test,fit_time_sec,predict_time_sec
rf,0.9419602000833841,0.2724454641489905,0.1825922455438822,7.235758237682277,6206,1552,36.70632553100586,0.2892317771911621
