Model,R2,MAE,RMSE,MAPE_percent,n_train,n_test,fit_time_sec,predict_time_sec
rf,0.9775067836991689,0.02342751529793504,0.0044532767230617675,2.9609958039251576,6213,1553,37.134278535842896,0.288116455078125
