Model,R2,MAE,RMSE,MAPE_percent,n_train,n_test,fit_time_sec,predict_time_sec
cat,0.9622860980254111,0.18025537505014258,0.07143458440298872,7.519566140530765,9053,2263,3.64452862739563,0.0030493736267089844
