Model,R2,MAE,RMSE,MAPE_percent,n_train,n_test,fit_time_sec,predict_time_sec
gbm,0.8879962339102956,0.10545114830300269,0.03934011149785144,8.663761159252479,6214,1554,15.496220588684082,0.011739730834960938
