Model,R2,MAE,RMSE,MAPE_percent,n_train,n_test,fit_time_sec,predict_time_sec
gbm,-0.5596416621177678,0.03099306352191519,0.2538479962511319,4.61149572199574,8151,2038,20.56058430671692,0.014778614044189453
