Model,R2,MAE,RMSE,MAPE_percent,n_train,n_test,fit_time_sec,predict_time_sec
rf,0.9857181993021841,0.01094622963268453,0.0005955670157061396,2.6279215715796425,9053,2263,56.61337757110596,0.45284008979797363
