Model,R2,MAE,RMSE,MAPE_percent,n_train,n_test,fit_time_sec,predict_time_sec
cat,0.9239663914313921,0.021636510232240825,0.009375183815043493,181163650.53546992,5092,6224,4.838929891586304,0.006558895111083984
