Model,R2,MAE,RMSE,MAPE_percent,n_train,n_test,fit_time_sec,predict_time_sec
gbm,0.9976467367649213,0.002003726906643249,7.716716940206106e-06,2.8131167679135203,8145,2036,20.360398530960083,0.01378011703491211
