Model,R2,MAE,RMSE,MAPE_percent,n_train,n_test,fit_time_sec,predict_time_sec
cat,0.9953640498533397,0.0005438136843320483,6.100944167330206e-07,4.109344262038587,8151,2038,3.714827537536621,0.0026552677154541016
