Model,R2,MAE,RMSE,MAPE_percent,n_train,n_test,fit_time_sec,predict_time_sec
cat,0.9043241196647994,0.0010745536981695341,3.6198604785146044e-05,7.591174287026331,4072,6109,4.625215530395508,0.007873296737670898
