Model,R2,MAE,RMSE,MAPE_percent,n_train,n_test,fit_time_sec,predict_time_sec
rf,0.9979401088861763,0.000318138739282806,3.082766290238544e-07,2.0939817092436117,8145,2036,51.58336162567139,0.4036438465118408
