Model,R2,MAE,RMSE,MAPE_percent,n_train,n_test,fit_time_sec,predict_time_sec
gbm,0.01998687265821908,0.002283323365417436,0.0007596297772481283,9.096336255251487,8151,2038,20.080312728881836,0.01438283920288086
