Model,R2,MAE,RMSE,MAPE_percent,n_train,n_test,fit_time_sec,predict_time_sec
cat,0.9410026451209419,0.06616078083332705,0.02633638868666363,4.902428494964341,5684,1421,4.913216829299927,0.002830028533935547
