Model,R2,MAE,RMSE,MAPE_percent,n_train,n_test,fit_time_sec,predict_time_sec
cat,0.7771220410177742,0.5951465929975469,0.7011703532966752,19.606481937278826,6206,1552,3.3343262672424316,0.0019278526306152344
