Model,R2,MAE,RMSE,MAPE_percent,n_train,n_test,fit_time_sec,predict_time_sec
cat,0.9890697533499547,0.0009918169619760572,1.9386202482481312e-06,7.710704842796287,2545,7636,4.287338733673096,0.008262872695922852
