Model,R2,MAE,RMSE,MAPE_percent,n_train,n_test,fit_time_sec,predict_time_sec
cat,0.9808488969326741,0.005790908230294658,0.00013620392527170365,12.214570626042514,8145,2036,3.341586112976074,0.0026285648345947266
