Model,R2,MAE,RMSE,MAPE_percent,n_train,n_test,fit_time_sec,predict_time_sec
cat,0.9673485878140596,0.16163515429830708,0.05166524609709813,5.347048208237822,6340,1585,4.615403175354004,0.003031492233276367
