Model,R2,MAE,RMSE,MAPE_percent,n_train,n_test,fit_time_sec,predict_time_sec
gbm,0.9978785518292823,0.003254364313016516,2.589553606548118e-05,1.168775251359316,6208,1552,15.811812162399292,0.011916399002075195
