Model,R2,MAE,RMSE,MAPE_percent,n_train,n_test,fit_time_sec,predict_time_sec
gbm,0.941906623265809,0.28234752435887905,0.17841524199996464,8.015531990798774,6206,1552,15.40782356262207,0.013199567794799805
