Model,R2,MAE,RMSE,MAPE_percent,n_train,n_test,fit_time_sec,predict_time_sec
cat,0.9803902917898477,0.011380870645831737,0.002240426726963235,123885294.29987429,9059,2265,3.840092182159424,0.002965211868286133
