Model,R2,MAE,RMSE,MAPE_percent,n_train,n_test,fit_time_sec,predict_time_sec
cat,0.85722710252661,0.008515954045907713,0.0019165962233493813,13.416875988574034,8145,2036,3.4706902503967285,0.0026543140411376953
