Model,R2,MAE,RMSE,MAPE_percent,n_train,n_test,fit_time_sec,predict_time_sec
cat,0.9880326046236577,0.0023097271030580726,0.00011841723445234007,2.793861073841818,8145,2036,3.6676485538482666,0.0027666091918945312
