Model,R2,MAE,RMSE,MAPE_percent,n_train,n_test,fit_time_sec,predict_time_sec
cat,0.9576580049644627,0.1890853654072607,0.08795558498588305,6.561325076045342,3962,3963,4.587395668029785,0.005213737487792969
