Model,R2,MAE,RMSE,MAPE_percent,n_train,n_test,fit_time_sec,predict_time_sec
cat,0.8971950483545145,0.021272736826243185,0.012389979784935898,4.266924526683901,3566,4359,4.6310200691223145,0.004807949066162109
