Model,R2,MAE,RMSE,MAPE_percent,n_train,n_test,fit_time_sec,predict_time_sec
gbm,0.8832087585789743,0.2838575519523727,0.1413256407407713,10.91244588428942,6208,1552,15.81074595451355,0.011626958847045898
