Model,R2,MAE,RMSE,MAPE_percent,n_train,n_test,fit_time_sec,predict_time_sec
gbm,0.8495890295067446,0.2962868212135407,0.18403090051669033,11.532092457452858,6214,1554,15.45583438873291,0.011962413787841797
