Model,R2,MAE,RMSE,MAPE_percent,n_train,n_test,fit_time_sec,predict_time_sec
gbm,0.19399589691234942,0.010706475609602788,0.015535238694866605,8.710438387896863,8151,2038,19.87939167022705,0.01445627212524414
