Model,R2,MAE,RMSE,MAPE_percent,n_train,n_test,fit_time_sec,predict_time_sec
gbm,0.8968868549683843,0.17890491519273377,0.06231738901824809,16.144820427916564,6208,1552,15.00958800315857,0.012806892395019531
