Model,R2,MAE,RMSE,MAPE_percent,n_train,n_test,fit_time_sec,predict_time_sec
cat,0.8549880711703397,0.0067278284450900195,0.012403750010902374,2.144178590229197,8145,2036,3.6762428283691406,0.0028171539306640625
