Model,R2,MAE,RMSE,MAPE_percent,n_train,n_test,fit_time_sec,predict_time_sec
gbm,0.995473469555027,0.013090905500437766,0.0008961765359489172,1.8730822361591841,6213,1553,15.541094303131104,0.012178421020507812
