Model,R2,MAE,RMSE,MAPE_percent,n_train,n_test,fit_time_sec,predict_time_sec
rf,0.8829690956387226,0.0023281099970005915,0.001571033391374523,1.790398647526225,8145,2036,51.38416814804077,0.4089686870574951
