Model,R2,MAE,RMSE,MAPE_percent,n_train,n_test,fit_time_sec,predict_time_sec
cat,0.40966930085937114,0.3761860402355546,0.35579437981072237,34.1993408113629,2774,5151,4.586686849594116,0.00653529167175293
