Model,R2,MAE,RMSE,MAPE_percent,n_train,n_test,fit_time_sec,predict_time_sec
cat,0.2197296497962935,0.3462549633895026,0.3340763927047843,36.18742854588833,1776,5329,4.563174247741699,0.008171319961547852
