Model,R2,MAE,RMSE,MAPE_percent,n_train,n_test,fit_time_sec,predict_time_sec
rf,0.2837869977070485,0.0061682125579637865,0.0028833758558136154,8.402881164869621,8151,2038,54.81388282775879,0.39524364471435547
