Model,R2,MAE,RMSE,MAPE_percent,n_train,n_test,fit_time_sec,predict_time_sec
cat,0.9858376955435328,0.017266679453533437,0.0009645936985202309,3.042321935280772,6206,1552,3.5526132583618164,0.002348661422729492
