Model,R2,MAE,RMSE,MAPE_percent,n_train,n_test,fit_time_sec,predict_time_sec
gbm,0.8907665552155843,0.009889967767107976,0.012742311333485166,3.1245447977418337,8145,2036,20.37353515625,0.013725757598876953
