Model,R2,MAE,RMSE,MAPE_percent,n_train,n_test,fit_time_sec,predict_time_sec
cat,0.49667038908482875,0.27823367972386176,0.1717293793004812,34.75715668855547,6208,1552,3.254998207092285,0.0022935867309570312
