Model,R2,MAE,RMSE,MAPE_percent,n_train,n_test,fit_time_sec,predict_time_sec
gbm,0.8939951428174097,0.28811402339743947,0.16088492711645838,11.328347550506065,6208,1552,15.467651844024658,0.012668848037719727
