Model,R2,MAE,RMSE,MAPE_percent,n_train,n_test,fit_time_sec,predict_time_sec
rf,0.9870121721816052,0.0009425532372314556,1.6723091897363633e-06,6.967035122794672,4072,6109,23.251545429229736,0.6209113597869873
