Model,R2,MAE,RMSE,MAPE_percent,n_train,n_test,fit_time_sec,predict_time_sec
gbm,0.9852731554261617,0.01843186678705049,0.0010506309565036646,3.1910317155849506,6213,1553,15.587626457214355,0.011710405349731445
