Model,R2,MAE,RMSE,MAPE_percent,n_train,n_test,fit_time_sec,predict_time_sec
cat,0.9942848818455251,0.0006326167771097239,7.843339233274953e-07,4.702500292110318,8151,2038,3.868584156036377,0.002613067626953125
