Model,R2,MAE,RMSE,MAPE_percent,n_train,n_test,fit_time_sec,predict_time_sec
cat,0.8974481535401576,0.005754599279490919,0.0009731553704824094,7.582214591689121,2545,7636,4.292243242263794,0.008358478546142578
