Model,R2,MAE,RMSE,MAPE_percent,n_train,n_test,fit_time_sec,predict_time_sec
rf,0.9000713495845476,0.04058507462017384,0.022021253332768578,4.733296905362418,1552,6206,8.019808292388916,0.48366212844848633
