Model,R2,MAE,RMSE,MAPE_percent,n_train,n_test,fit_time_sec,predict_time_sec
rf,0.9902396674967378,0.007121279224716303,0.00011277528137258142,2.7185638883840144,3492,4268,19.57103943824768,0.436129093170166
