Model,R2,MAE,RMSE,MAPE_percent,n_train,n_test,fit_time_sec,predict_time_sec
cat,0.9825362513647501,0.017078774109292538,0.0011571684979139205,2.9872073223278814,6206,1552,3.7695817947387695,0.0023713111877441406
