Model,R2,MAE,RMSE,MAPE_percent,n_train,n_test,fit_time_sec,predict_time_sec
cat,0.9312311859729104,0.008062876131326672,0.0047404232599929826,2.2262061228584447,6208,1552,3.5918128490448,0.0023734569549560547
