Model,R2,MAE,RMSE,MAPE_percent,n_train,n_test,fit_time_sec,predict_time_sec
gbm,0.9900904032888894,0.006868212617601225,9.02771301824747e-05,2.640433115192131,4656,3104,11.480976581573486,0.019423246383666992
