Model,R2,MAE,RMSE,MAPE_percent,n_train,n_test,fit_time_sec,predict_time_sec
cat,0.9804610151263781,0.0009349122899554822,1.532958866434604e-06,6.822054753772274,7127,3054,3.709949254989624,0.003438234329223633
