Model,R2,MAE,RMSE,MAPE_percent,n_train,n_test,fit_time_sec,predict_time_sec
cat,0.9199019913675794,0.013880027636424297,0.0052728819885612946,3.8864890293399923,3880,3880,3.634587526321411,0.004021883010864258
