Model,R2,MAE,RMSE,MAPE_percent,n_train,n_test,fit_time_sec,predict_time_sec
gbm,0.10110823199606078,0.0242428916822607,0.11346026994336664,5.344705852055937,8151,2038,20.54096484184265,0.013222932815551758
