Model,R2,MAE,RMSE,MAPE_percent,n_train,n_test,fit_time_sec,predict_time_sec
cat,0.8574234934267927,0.00894653021664995,0.0005542289667685952,11.611113658979736,8151,2038,3.7285640239715576,0.002681732177734375
