Model,R2,MAE,RMSE,MAPE_percent,n_train,n_test,fit_time_sec,predict_time_sec
cat,0.3420536319512377,0.3374931716779654,0.33854966967370254,33.8309867873278,3858,3157,5.398463726043701,0.004965305328369141
