Model,R2,MAE,RMSE,MAPE_percent,n_train,n_test,fit_time_sec,predict_time_sec
gbm,0.9804462459993365,0.06452805537239671,0.013911942173704492,4.126583933672576,6340,1585,15.819323778152466,0.013235807418823242
