Model,R2,MAE,RMSE,MAPE_percent,n_train,n_test,fit_time_sec,predict_time_sec
gbm,0.9992193737252333,0.0031549037878581734,2.1469276299497358e-05,1.4520464391871788,8145,2036,20.527715921401978,0.013594627380371094
