Model,R2,MAE,RMSE,MAPE_percent,n_train,n_test,fit_time_sec,predict_time_sec
cat,0.9847988887706554,0.012957918912089778,0.0005297043150043891,3.674069682139606,3566,4359,4.7434303760528564,0.005555152893066406
