Model,R2,MAE,RMSE,MAPE_percent,n_train,n_test,fit_time_sec,predict_time_sec
cat,0.8740967031937233,0.02171230240918314,0.009720423767021532,9.957904648238792,509,9672,3.7843379974365234,0.009807586669921875
