Model,R2,MAE,RMSE,MAPE_percent,n_train,n_test,fit_time_sec,predict_time_sec
gbm,0.987992087450615,0.0010077872422625794,1.8896478636141929e-06,6.695246236943836,8145,2036,19.948782444000244,0.014470577239990234
