Model,R2,MAE,RMSE,MAPE_percent,n_train,n_test,fit_time_sec,predict_time_sec
gbm,0.9476315386982459,0.009445684541185653,0.004448692735083555,3.2814878606544333,8145,2036,20.44939613342285,0.013872385025024414
