Model,R2,MAE,RMSE,MAPE_percent,n_train,n_test,fit_time_sec,predict_time_sec
rf,0.9993334756077425,0.0002616287632406226,2.06186059874485e-07,1.7341931969584798,8145,2036,49.59488368034363,0.406435489654541
