Model,R2,MAE,RMSE,MAPE_percent,n_train,n_test,fit_time_sec,predict_time_sec
gbm,0.94380259706836,0.12007381338293314,0.0518472241771831,6.273655238662788,6206,1552,22.94614887237549,0.01348257064819336
