Model,R2,MAE,RMSE,MAPE_percent,n_train,n_test,fit_time_sec,predict_time_sec
cat,0.08351321508079657,0.048546661661493205,0.5234684919570115,13.881782885511878,8151,2038,3.485819101333618,0.002671480178833008
