Model,R2,MAE,RMSE,MAPE_percent,n_train,n_test,fit_time_sec,predict_time_sec
gbm,0.9765942529938656,0.0125803493681102,0.001592829292005262,3.0315072822008577,9059,2265,22.9032244682312,0.016939878463745117
