Model,R2,MAE,RMSE,MAPE_percent,n_train,n_test,fit_time_sec,predict_time_sec
cat,0.4359140075818909,0.023709255733136262,0.06829675239684367,8.840489901480735,8151,2038,3.520618200302124,0.002590179443359375
