Model,R2,MAE,RMSE,MAPE_percent,n_train,n_test,fit_time_sec,predict_time_sec
cat,0.9851257771869905,0.0007067636910863348,6.9214083167757725e-06,4.147687456061345,8145,2036,3.7544350624084473,0.002712726593017578
