Model,R2,MAE,RMSE,MAPE_percent,n_train,n_test,fit_time_sec,predict_time_sec
cat,0.45606763239735437,0.0635149272201467,0.4123013600001461,5.4657680293060595,3969,4851,4.517231225967407,0.0060961246490478516
