Model,R2,MAE,RMSE,MAPE_percent,n_train,n_test,fit_time_sec,predict_time_sec
rf,0.9983573573113709,0.004666486883283106,4.5029933394904464e-05,2.1754763164751965,8151,2038,54.62891864776611,0.3916153907775879
