Model,R2,MAE,RMSE,MAPE_percent,n_train,n_test,fit_time_sec,predict_time_sec
cat,0.9219172559214851,0.0066663019329815994,0.0006554540790991297,9.773570614001976,509,9672,3.7074320316314697,0.009345769882202148
