Model,R2,MAE,RMSE,MAPE_percent,n_train,n_test,fit_time_sec,predict_time_sec
rf,0.9774869092230217,0.0007937361608478519,1.2264603638746049e-06,6.442027519068587,8145,2036,51.0865695476532,0.3745999336242676
