Model,R2,MAE,RMSE,MAPE_percent,n_train,n_test,fit_time_sec,predict_time_sec
rf,0.9910728239257152,0.0010080653646230015,2.2897735235519803e-06,10.719259301343206,8145,2036,52.05018591880798,0.41649651527404785
