Model,R2,MAE,RMSE,MAPE_percent,n_train,n_test,fit_time_sec,predict_time_sec
cat,0.9756174025735929,0.026911852791294783,0.005659953020249561,3.773780161043483,6206,1552,4.560286998748779,0.0031952857971191406
