Model,R2,MAE,RMSE,MAPE_percent,n_train,n_test,fit_time_sec,predict_time_sec
cat,0.9890910856536176,0.013249882652487386,0.00031580954025490685,6.796072920647446,8145,2036,3.8987746238708496,0.002758026123046875
