Model,R2,MAE,RMSE,MAPE_percent,n_train,n_test,fit_time_sec,predict_time_sec
gbm,0.9619272311708469,0.013784481863084987,0.0032132962264300605,238143909.84821683,9053,2263,46.298129081726074,0.017166614532470703
