Model,R2,MAE,RMSE,MAPE_percent,n_train,n_test,fit_time_sec,predict_time_sec
gbm,0.9822981195821813,0.007545743391420822,0.0014459117675305918,3.061428498724863,8145,2036,20.3624324798584,0.014362573623657227
