Model,R2,MAE,RMSE,MAPE_percent,n_train,n_test,fit_time_sec,predict_time_sec
rf,0.9532977884368159,0.053131794691509145,0.016891703508116005,4.23042410418288,6208,1552,35.95386052131653,0.28421926498413086
