Model,R2,MAE,RMSE,MAPE_percent,n_train,n_test,fit_time_sec,predict_time_sec
gbm,0.9891549340256256,0.004591292084259838,3.874420856026696e-05,7.077873529520094,8151,2038,19.865559816360474,0.014441728591918945
