Model,R2,MAE,RMSE,MAPE_percent,n_train,n_test,fit_time_sec,predict_time_sec
cat,0.9600757680581037,0.1724953225397263,0.07646796199939071,7.684702238185176,9059,2265,3.8119072914123535,0.003097057342529297
