Model,R2,MAE,RMSE,MAPE_percent,n_train,n_test,fit_time_sec,predict_time_sec
gbm,0.9830273874502936,0.0326293364699885,0.0023923347857415776,3.567651818069753,7056,1764,17.661163091659546,0.013022899627685547
