Model,R2,MAE,RMSE,MAPE_percent,n_train,n_test,fit_time_sec,predict_time_sec
gbm,0.9777397835474758,0.06690510484048896,0.015246300406404591,428108570.0475862,9053,2263,22.81250834465027,0.01853346824645996
