Model,R2,MAE,RMSE,MAPE_percent,n_train,n_test,fit_time_sec,predict_time_sec
cat,0.13903477886555227,0.27044579368990823,0.6151007589224903,39.29221209535482,2646,6174,4.741229295730591,0.010386466979980469
