Model,R2,MAE,RMSE,MAPE_percent,n_train,n_test,fit_time_sec,predict_time_sec
cat,0.9527595603323907,0.18897178357309682,0.06974887244440173,7.39886642852878,9053,2263,4.947436809539795,0.003713369369506836
