Model,R2,MAE,RMSE,MAPE_percent,n_train,n_test,fit_time_sec,predict_time_sec
gbm,0.9981095957605175,0.002559002916599527,1.8319369364850377e-05,3.2099099266699986,8145,2036,20.643312454223633,0.01396799087524414
