Model,R2,MAE,RMSE,MAPE_percent,n_train,n_test,fit_time_sec,predict_time_sec
gbm,0.9653845742092824,0.02984639454926881,0.007912932464581026,3.871534932418489,4655,3103,11.408658981323242,0.02137470245361328
