Model,R2,MAE,RMSE,MAPE_percent,n_train,n_test,fit_time_sec,predict_time_sec
rf,-0.9619447521432472,0.0021991930423730845,0.0003128979907145186,11.592759032854435,8151,2038,54.07266354560852,0.39961814880371094
