Model,R2,MAE,RMSE,MAPE_percent,n_train,n_test,fit_time_sec,predict_time_sec
cat,0.9582662191847674,0.08637498374829923,0.01957871392507746,581540985.6092539,2263,9053,4.422375440597534,0.008908987045288086
