Model,R2,MAE,RMSE,MAPE_percent,n_train,n_test,fit_time_sec,predict_time_sec
cat,0.05128208003979817,0.26015840837618254,0.2609085139964388,40.419427225135934,7056,1764,3.566866874694824,0.002522706985473633
