Model,R2,MAE,RMSE,MAPE_percent,n_train,n_test,fit_time_sec,predict_time_sec
cat,0.987659740315162,0.012392590782236104,0.0003544146575524336,3.496202905948356,5151,2774,4.8653271198272705,0.003703594207763672
