Model,R2,MAE,RMSE,MAPE_percent,n_train,n_test,fit_time_sec,predict_time_sec
rf,0.9888919445617012,0.0012125143065341041,3.402582890942496e-06,10.55254975230888,8145,2036,52.835535287857056,0.4029824733734131
