Model,R2,MAE,RMSE,MAPE_percent,n_train,n_test,fit_time_sec,predict_time_sec
cat,0.9864649149827291,0.003473639008382334,0.00012880284518535174,4.799675680570798,8145,2036,3.7310967445373535,0.0027654170989990234
