Model,R2,MAE,RMSE,MAPE_percent,n_train,n_test,fit_time_sec,predict_time_sec
cat,0.2598339738105655,0.1543444505634778,0.08979581229092069,2723815051.45917,3395,7921,4.230807781219482,0.009044408798217773
