Model,R2,MAE,RMSE,MAPE_percent,n_train,n_test,fit_time_sec,predict_time_sec
cat,0.22615505518380985,0.01283346792501974,0.016182730816893087,10.838959070085648,8151,2038,3.780571699142456,0.0026023387908935547
