Model,R2,MAE,RMSE,MAPE_percent,n_train,n_test,fit_time_sec,predict_time_sec
rf,0.9568558269309647,0.07386520585149366,0.023575301388541192,5.131103798634671,6208,1552,43.789867877960205,0.2942376136779785
