Model,R2,MAE,RMSE,MAPE_percent,n_train,n_test,fit_time_sec,predict_time_sec
cat,0.9887179463071675,0.0008972343278260994,1.5094336422011665e-06,7.7493914912811,3054,7127,3.2691879272460938,0.008988142013549805
