Model,R2,MAE,RMSE,MAPE_percent,n_train,n_test,fit_time_sec,predict_time_sec
cat,0.18127735168492498,0.15650250418877965,0.08594726106673334,62.984849400669496,1189,6736,4.293834209442139,0.006738901138305664
