Model,R2,MAE,RMSE,MAPE_percent,n_train,n_test,fit_time_sec,predict_time_sec
gbm,0.9857445852373138,0.0009303142365899478,1.5366067132789567e-06,6.981844192237924,5090,5091,12.208298683166504,0.0313878059387207
