Model,R2,MAE,RMSE,MAPE_percent,n_train,n_test,fit_time_sec,predict_time_sec
cat,0.9419259119635477,0.18438002758386868,0.11776891402984338,6.213477398360421,5944,1981,4.856781482696533,0.003408193588256836
