Model,R2,MAE,RMSE,MAPE_percent,n_train,n_test,fit_time_sec,predict_time_sec
cat,0.41484156889832435,0.3859535772815458,0.34224873659712357,36.63526292624512,2378,5547,4.080910682678223,0.005881547927856445
