Model,R2,MAE,RMSE,MAPE_percent,n_train,n_test,fit_time_sec,predict_time_sec
gbm,0.871869212466331,0.10221963351793599,0.02830300981148859,8.962224995816458,6214,1554,15.439637899398804,0.011342525482177734
