Model,R2,MAE,RMSE,MAPE_percent,n_train,n_test,fit_time_sec,predict_time_sec
rf,0.9252613490701285,0.04095632001994627,0.018914974085218555,3.9684645080660648,7062,1765,45.262643575668335,0.332578182220459
