Model,R2,MAE,RMSE,MAPE_percent,n_train,n_test,fit_time_sec,predict_time_sec
cat,0.980502551216374,0.0184080131534107,0.0008215059011307997,3.396903786513765,5431,2327,3.4790003299713135,0.0029222965240478516
