Model,R2,MAE,RMSE,MAPE_percent,n_train,n_test,fit_time_sec,predict_time_sec
gbm,0.9947818635252612,0.012152931023086667,0.00029023142567953265,7.309933839971104,8145,2036,24.31314706802368,0.015271663665771484
