Model,R2,MAE,RMSE,MAPE_percent,n_train,n_test,fit_time_sec,predict_time_sec
cat,0.9420642043038356,0.009168612511283052,0.0032113898385805507,3.179104859317692,6208,1552,6.920366525650024,0.0180971622467041
