Model,R2,MAE,RMSE,MAPE_percent,n_train,n_test,fit_time_sec,predict_time_sec
gbm,0.9185529575737399,0.0009326542554309394,2.7030117725101152e-05,7.6404005715335845,5090,5091,12.83132028579712,0.03409218788146973
