Model,R2,MAE,RMSE,MAPE_percent,n_train,n_test,fit_time_sec,predict_time_sec
cat,0.9527395911674635,0.19628242997639161,0.09530559370434023,6.910208799225701,2774,5151,4.52882719039917,0.006439208984375
