Model,R2,MAE,RMSE,MAPE_percent,n_train,n_test,fit_time_sec,predict_time_sec
cat,0.9637746809236525,0.13656452130234295,0.047955371292655063,5.928515662347062,6208,1552,3.557673931121826,0.0023794174194335938
