Model,R2,MAE,RMSE,MAPE_percent,n_train,n_test,fit_time_sec,predict_time_sec
gbm,0.9731279526107133,0.03851384873004296,0.004579388312024931,3.3763075181881588,6208,1552,15.481222152709961,0.011875152587890625
