Model,R2,MAE,RMSE,MAPE_percent,n_train,n_test,fit_time_sec,predict_time_sec
cat,0.9874377684311507,0.014783902521761995,0.00042042989929829143,6.607115771834627,8145,2036,1.0382356643676758,0.0015442371368408203
