Model,R2,MAE,RMSE,MAPE_percent,n_train,n_test,fit_time_sec,predict_time_sec
gbm,0.9952005809891905,0.007517461194688074,0.00011391825587383101,4.09549589761113,8145,2036,20.29082202911377,0.013817787170410156
