Model,R2,MAE,RMSE,MAPE_percent,n_train,n_test,fit_time_sec,predict_time_sec
cat,0.9886985369901496,0.005231352750738008,6.081052886488222e-05,8.093433167128024,1527,8654,4.230011463165283,0.008687496185302734
