Model,R2,MAE,RMSE,MAPE_percent,n_train,n_test,fit_time_sec,predict_time_sec
gbm,0.9898984116551421,0.0012405733726543555,3.0664058720856686e-06,12.513013248585844,8145,2036,19.56111478805542,0.015552282333374023
