Model,R2,MAE,RMSE,MAPE_percent,n_train,n_test,fit_time_sec,predict_time_sec
cat,0.9507649553619821,0.029501398316360217,0.009063713647938702,4.911279731187555,6206,1552,6.7379395961761475,0.012392044067382812
