Model,R2,MAE,RMSE,MAPE_percent,n_train,n_test,fit_time_sec,predict_time_sec
cat,0.8995230420229676,0.09144472068595252,0.02149136998067178,8.015606951976425,6208,1552,3.396488904953003,0.0023648738861083984
