Model,R2,MAE,RMSE,MAPE_percent,n_train,n_test,fit_time_sec,predict_time_sec
rf,0.9587049229854805,0.06877805695267183,0.013407179951321046,4.638707062389956,6340,1585,37.11020231246948,0.28301548957824707
