Model,R2,MAE,RMSE,MAPE_percent,n_train,n_test,fit_time_sec,predict_time_sec
cat,0.9878923279811714,0.0008608490623117471,1.383410181047278e-06,7.458887522818429,8145,2036,3.557656764984131,0.002695322036743164
