Model,R2,MAE,RMSE,MAPE_percent,n_train,n_test,fit_time_sec,predict_time_sec
cat,0.9878921058145715,0.014173099064032826,0.0004040844095731194,7.341458467491907,3054,7127,4.386878252029419,0.007485389709472656
