Model,R2,MAE,RMSE,MAPE_percent,n_train,n_test,fit_time_sec,predict_time_sec
gbm,-0.11467757861090178,0.008227920001228049,0.011083214782212058,8.505298821764814,8151,2038,20.39150381088257,0.013554811477661133
