Model,R2,MAE,RMSE,MAPE_percent,n_train,n_test,fit_time_sec,predict_time_sec
cat,0.9943658268103569,0.0007491440743404945,2.2868367561449563e-06,4.825171557355774,8145,2036,3.688715696334839,0.008159637451171875
