Model,R2,MAE,RMSE,MAPE_percent,n_train,n_test,fit_time_sec,predict_time_sec
gbm,0.9766464725717114,0.06266921593155882,0.012391097356074576,1713123244.136867,9053,2263,36.390260457992554,0.031012296676635742
