Model,R2,MAE,RMSE,MAPE_percent,n_train,n_test,fit_time_sec,predict_time_sec
cat,0.9892644652630969,0.013858181012630727,0.0007686091728272337,7.07624979946008,7636,2545,4.956722259521484,0.0036466121673583984
