Model,R2,MAE,RMSE,MAPE_percent,n_train,n_test,fit_time_sec,predict_time_sec
gbm,0.9602712931556291,0.008920960860243346,0.002374345996770611,2.222863973365794,6214,1554,15.538924932479858,0.012049674987792969
