Model,R2,MAE,RMSE,MAPE_percent,n_train,n_test,fit_time_sec,predict_time_sec
gbm,0.9540420204626142,0.03160416496043896,0.010271195079160802,4.136824188426905,4267,3491,10.444495439529419,0.024255990982055664
