Model,R2,MAE,RMSE,MAPE_percent,n_train,n_test,fit_time_sec,predict_time_sec
cat,0.912829159376031,0.02081455390266374,0.009736804988624012,4.508883179107125,3566,4359,4.620307922363281,0.00605463981628418
