Model,R2,MAE,RMSE,MAPE_percent,n_train,n_test,fit_time_sec,predict_time_sec
cat,0.9462767562009419,0.27235659159514525,0.1649937752334295,7.782457170501793,6206,1552,3.5695641040802,0.0024220943450927734
