Model,R2,MAE,RMSE,MAPE_percent,n_train,n_test,fit_time_sec,predict_time_sec
cat,0.938207037663374,0.22088685869510583,0.11623144906310126,7.768406330822278,792,7133,3.7530980110168457,0.007486581802368164
