Model,R2,MAE,RMSE,MAPE_percent,n_train,n_test,fit_time_sec,predict_time_sec
gbm,0.9372589680203867,0.2822686319309019,0.19689818590906352,7.611172829112355,6206,1552,24.36026668548584,0.012896537780761719
