Model,R2,MAE,RMSE,MAPE_percent,n_train,n_test,fit_time_sec,predict_time_sec
rf,0.9584101004057972,0.040702689046294,0.009128333350629396,4.245395188632702,7056,1764,48.12133550643921,0.36055636405944824
