Model,R2,MAE,RMSE,MAPE_percent,n_train,n_test,fit_time_sec,predict_time_sec
cat,0.3383320830269664,0.33614817896874294,0.3123997422582074,32.78033277505813,3508,3507,4.241366863250732,0.00456547737121582
