Model,R2,MAE,RMSE,MAPE_percent,n_train,n_test,fit_time_sec,predict_time_sec
gbm,0.9776906004306315,0.05750995040874665,0.009061914189557636,4.803809582213601,9053,2263,22.874873399734497,0.017844438552856445
