Model,R2,MAE,RMSE,MAPE_percent,n_train,n_test,fit_time_sec,predict_time_sec
cat,0.9673936409749441,0.1782125870829906,0.0722923513216336,62.15022990180587,8487,2829,5.0304179191589355,0.004174232482910156
