Model,R2,MAE,RMSE,MAPE_percent,n_train,n_test,fit_time_sec,predict_time_sec
gbm,0.9396180610423878,0.12938185915208722,0.06228552560149109,6.176125192787348,6206,1552,19.636234283447266,0.012540340423583984
