Model,R2,MAE,RMSE,MAPE_percent,n_train,n_test,fit_time_sec,predict_time_sec
gbm,0.9415818248591266,0.0011134076078565386,1.6717671783956194e-05,9.132472527163253,509,9672,1.2545661926269531,0.06414079666137695
