Model,R2,MAE,RMSE,MAPE_percent,n_train,n_test,fit_time_sec,predict_time_sec
gbm,0.36177800003803307,0.018635986868031803,0.07727277488094825,4.464031356770703,8151,2038,20.640048503875732,0.012819766998291016
