Model,R2,MAE,RMSE,MAPE_percent,n_train,n_test,fit_time_sec,predict_time_sec
cat,0.9974454881030116,0.0004059777019905751,3.283080387561858e-07,2.9943733761894653,8145,2036,3.5276546478271484,0.0025892257690429688
