Model,R2,MAE,RMSE,MAPE_percent,n_train,n_test,fit_time_sec,predict_time_sec
cat,0.8977199883489562,0.0010739863224777857,4.588686817648918e-05,7.283170148723057,7127,3054,4.976030349731445,0.0038514137268066406
