Model,R2,MAE,RMSE,MAPE_percent,n_train,n_test,fit_time_sec,predict_time_sec
rf,0.993603957394551,0.005121519466906323,0.0003228501108733369,1.3790972582547516,6208,1552,38.91955018043518,0.27471208572387695
