Model,R2,MAE,RMSE,MAPE_percent,n_train,n_test,fit_time_sec,predict_time_sec
gbm,0.9963101483212308,0.004438917612096452,0.00017911070077941652,1.2791132953618671,6208,1552,15.561920166015625,0.012131214141845703
