Model,R2,MAE,RMSE,MAPE_percent,n_train,n_test,fit_time_sec,predict_time_sec
rf,0.9992831580540198,0.0011934733120845893,4.541588967868965e-06,1.876991329933934,8145,2036,51.193459272384644,0.4324021339416504
