Model,R2,MAE,RMSE,MAPE_percent,n_train,n_test,fit_time_sec,predict_time_sec
cat,0.8694656846164226,0.006175603206627965,0.0017420117722918612,7.297281435345683,8145,2036,33.87408185005188,0.017792940139770508
