Model,R2,MAE,RMSE,MAPE_percent,n_train,n_test,fit_time_sec,predict_time_sec
cat,0.9806699072440876,0.0368287254122834,0.0026461380455229644,4.062492218721359,7056,1764,3.81550669670105,0.0026738643646240234
