Model,R2,MAE,RMSE,MAPE_percent,n_train,n_test,fit_time_sec,predict_time_sec
gbm,0.9787953238985355,0.01342619259632194,0.002072914783038794,36619582.412046805,9059,2265,23.335299491882324,0.016788721084594727
