Model,R2,MAE,RMSE,MAPE_percent,n_train,n_test,fit_time_sec,predict_time_sec
cat,0.9464592718725467,0.00102355596551759,1.9488530388997472e-05,7.403120676192033,8151,2038,3.5859501361846924,0.0025968551635742188
