Model,R2,MAE,RMSE,MAPE_percent,n_train,n_test,fit_time_sec,predict_time_sec
cat,0.9316285340057645,0.0013088744143559274,2.3812638639790243e-05,9.416003309958548,509,9672,3.7142951488494873,0.009778499603271484
