Model,R2,MAE,RMSE,MAPE_percent,n_train,n_test,fit_time_sec,predict_time_sec
rf,0.9855093580941173,0.012239481550337465,0.0004652523814783153,3.6848733389557213,9053,2263,56.50921845436096,0.47672390937805176
