Model,R2,MAE,RMSE,MAPE_percent,n_train,n_test,fit_time_sec,predict_time_sec
rf,0.9605516500695248,0.13015272535358324,0.03865983653877164,5.166558035033726,6208,1552,36.44107699394226,0.27885866165161133
