Model,R2,MAE,RMSE,MAPE_percent,n_train,n_test,fit_time_sec,predict_time_sec
cat,0.9944813277508067,0.008179208227634741,0.00012885935886390576,4.590575177193436,8145,2036,4.644922733306885,0.00341796875
