Model,R2,MAE,RMSE,MAPE_percent,n_train,n_test,fit_time_sec,predict_time_sec
cat,0.963658533202712,0.18172718800692778,0.08352083736488619,4162834853.817132,9053,2263,3.9637792110443115,0.0030624866485595703
