Model,R2,MAE,RMSE,MAPE_percent,n_train,n_test,fit_time_sec,predict_time_sec
rf,0.945671938181679,0.11175618596886751,0.054747397410525235,5.371932290705403,6206,1552,65.98781156539917,0.3000349998474121
