Model,R2,MAE,RMSE,MAPE_percent,n_train,n_test,fit_time_sec,predict_time_sec
rf,0.9424989511697752,0.0003645183045116752,6.022345627772843e-06,2.391877702056903,8151,2038,55.56584906578064,0.3773479461669922
