Model,R2,MAE,RMSE,MAPE_percent,n_train,n_test,fit_time_sec,predict_time_sec
cat,0.9894052897472317,0.008399654373013342,0.000900019006864091,3.5425492382153942,8145,2036,3.6043918132781982,0.0027892589569091797
