Model,R2,MAE,RMSE,MAPE_percent,n_train,n_test,fit_time_sec,predict_time_sec
rf,0.9503889632699365,0.25180623643215466,0.13821313999044904,6.552624306367984,6206,1552,36.87996435165405,0.39252495765686035
