Model,R2,MAE,RMSE,MAPE_percent,n_train,n_test,fit_time_sec,predict_time_sec
gbm,0.9791057667419201,0.00525192786833647,5.335709321599736e-05,9.887424880534473,8145,2036,19.608085870742798,0.015355110168457031
