Model,R2,MAE,RMSE,MAPE_percent,n_train,n_test,fit_time_sec,predict_time_sec
cat,0.9545240352002239,0.1789142598569722,0.061034491095438244,5.662086454269594,6340,1585,4.869434356689453,0.002871274948120117
