Model,R2,MAE,RMSE,MAPE_percent,n_train,n_test,fit_time_sec,predict_time_sec
cat,0.7476432493330891,0.07188625327611023,0.1399205528703086,5.344743946466542,2132,4973,5.718831777572632,0.0059926509857177734
