Model,R2,MAE,RMSE,MAPE_percent,n_train,n_test,fit_time_sec,predict_time_sec
rf,0.9493446243512323,0.11379442151145358,0.03274129090379957,5.785005977802796,6206,1552,35.69343042373657,0.28021907806396484
