Model,R2,MAE,RMSE,MAPE_percent,n_train,n_test,fit_time_sec,predict_time_sec
gbm,0.9431769674505102,0.030429350460472793,0.012241587710541043,4.062228206855493,5043,2715,12.673272848129272,0.019483566284179688
