Model,R2,MAE,RMSE,MAPE_percent,n_train,n_test,fit_time_sec,predict_time_sec
rf,0.9457564684921483,0.11803331760730307,0.037080194549737905,5.956818474721206,6213,1553,36.211504220962524,0.28046250343322754
