Model,R2,MAE,RMSE,MAPE_percent,n_train,n_test,fit_time_sec,predict_time_sec
gbm,0.9408470576801167,0.12459115379264576,0.039504706924460176,6.327916405764772,6206,1552,15.756458520889282,0.012281656265258789
