Model,R2,MAE,RMSE,MAPE_percent,n_train,n_test,fit_time_sec,predict_time_sec
cat,0.9719717144582534,0.018914276944109413,0.008030579749143882,2.700720197935208,6213,1553,3.5293376445770264,0.002254962921142578
