Model,R2,MAE,RMSE,MAPE_percent,n_train,n_test,fit_time_sec,predict_time_sec
gbm,0.6594592044934542,0.4606210372115567,0.4495914424322542,24.187775943862004,6208,1552,13.743920803070068,0.01147770881652832
