Model,R2,MAE,RMSE,MAPE_percent,n_train,n_test,fit_time_sec,predict_time_sec
rf,0.9418511677061879,0.24675575844894856,0.1586536572646139,6.50940647599594,6206,1552,37.2304892539978,0.290285587310791
