Model,R2,MAE,RMSE,MAPE_percent,n_train,n_test,fit_time_sec,predict_time_sec
cat,0.9956437108143191,0.007038796268934069,9.954705792515835e-05,3.920199871223652,8145,2036,3.646517276763916,0.0025930404663085938
