Model,R2,MAE,RMSE,MAPE_percent,n_train,n_test,fit_time_sec,predict_time_sec
rf,0.9266460746935028,0.13708930960077004,0.07240441555651195,5.727843586482389,6208,1552,36.561383962631226,0.283339262008667
