Model,R2,MAE,RMSE,MAPE_percent,n_train,n_test,fit_time_sec,predict_time_sec
cat,0.9168005066450976,0.0054855565857159175,0.0007950484359322579,7.416262486943221,3054,7127,4.500597953796387,0.008126497268676758
