Model,R2,MAE,RMSE,MAPE_percent,n_train,n_test,fit_time_sec,predict_time_sec
gbm,0.9720598403065016,0.096635995255164,0.02227465472285899,5.090912084772939,6206,1552,25.364423274993896,0.01295781135559082
