Model,R2,MAE,RMSE,MAPE_percent,n_train,n_test,fit_time_sec,predict_time_sec
cat,0.9965558157865234,0.005746315687922081,7.506766022104571e-05,3.266028541196661,8145,2036,3.552004098892212,0.002675771713256836
