Model,R2,MAE,RMSE,MAPE_percent,n_train,n_test,fit_time_sec,predict_time_sec
cat,0.6955691530922186,0.057365645546625606,0.12526273726322024,5.724664109478907,3969,4851,4.419933795928955,0.006882429122924805
