Model,R2,MAE,RMSE,MAPE_percent,n_train,n_test,fit_time_sec,predict_time_sec
cat,0.9506554886600878,0.25969493761560974,0.15090361053285795,7.419177082881956,6206,1552,6.984304666519165,0.01766061782836914
