Model,R2,MAE,RMSE,MAPE_percent,n_train,n_test,fit_time_sec,predict_time_sec
cat,0.9796879112635846,0.006625780365638732,0.00016898057980149625,12.464506712140832,8145,2036,4.78713846206665,0.003513336181640625
