Model,R2,MAE,RMSE,MAPE_percent,n_train,n_test,fit_time_sec,predict_time_sec
gbm,0.288446133405891,0.1587344204042435,0.09255729097629681,8454809105.101752,9053,2263,20.21656036376953,0.015761613845825195
