Model,R2,MAE,RMSE,MAPE_percent,n_train,n_test,fit_time_sec,predict_time_sec
gbm,0.9868666737240623,0.0009544255578635084,1.6725304731261234e-06,7.16516702388958,4072,6109,9.846184492111206,0.03716635704040527
