Model,R2,MAE,RMSE,MAPE_percent,n_train,n_test,fit_time_sec,predict_time_sec
gbm,0.9878247067027398,0.006489224442985624,9.874904917520902e-05,12.921527911718798,8145,2036,18.168578386306763,0.015446186065673828
