Model,R2,MAE,RMSE,MAPE_percent,n_train,n_test,fit_time_sec,predict_time_sec
cat,0.9169331749132745,0.0012587610958229923,2.9514070908233907e-05,8.784900359359154,1018,9163,4.002348184585571,0.009551286697387695
