Model,R2,MAE,RMSE,MAPE_percent,n_train,n_test,fit_time_sec,predict_time_sec
rf,0.9643852727721738,0.005656387566463153,0.00029008280086238795,10.542144097984002,8145,2036,49.52289700508118,0.4097614288330078
