Model,R2,MAE,RMSE,MAPE_percent,n_train,n_test,fit_time_sec,predict_time_sec
cat,0.9286000864376418,0.001251474475404789,3.083000056880758e-05,7.62372195726578,3054,7127,3.2256720066070557,0.008211851119995117
