Model,R2,MAE,RMSE,MAPE_percent,n_train,n_test,fit_time_sec,predict_time_sec
cat,0.32403276004026305,0.06385647117273023,0.7267362998795547,4.824237944699287,6174,2646,5.06984806060791,0.0036106109619140625
