Model,R2,MAE,RMSE,MAPE_percent,n_train,n_test,fit_time_sec,predict_time_sec
cat,0.9889696621269805,0.004514149814934466,3.693129039410357e-05,6.831982554562967,7127,3054,4.796210050582886,0.003962993621826172
