Model,R2,MAE,RMSE,MAPE_percent,n_train,n_test,fit_time_sec,predict_time_sec
rf,0.9908694056860053,0.0009577784695101298,1.9128567890941433e-06,8.437732742371216,1018,9163,5.080886363983154,0.6275577545166016
