Model,R2,MAE,RMSE,MAPE_percent,n_train,n_test,fit_time_sec,predict_time_sec
gbm,0.9974730330832523,0.002846781274921196,1.9042143212040203e-05,3.9933867814454973,8145,2036,20.23081874847412,0.014575719833374023
