Model,R2,MAE,RMSE,MAPE_percent,n_train,n_test,fit_time_sec,predict_time_sec
gbm,0.9957661954237932,0.0066627738163505205,0.00024539868317714915,66160034.166400194,9053,2263,24.279943227767944,0.030808210372924805
