Model,R2,MAE,RMSE,MAPE_percent,n_train,n_test,fit_time_sec,predict_time_sec
cat,0.9854797426985579,0.005724744847571199,8.077257800924234e-05,8.782702528465872,1527,8654,4.1905357837677,0.007871627807617188
