Model,R2,MAE,RMSE,MAPE_percent,n_train,n_test,fit_time_sec,predict_time_sec
gbm,0.971605539920012,0.07222055597230971,0.020201854164317946,4.556269452692151,6340,1585,15.866152286529541,0.013243675231933594
