Model,R2,MAE,RMSE,MAPE_percent,n_train,n_test,fit_time_sec,predict_time_sec
cat,0.6674829730048277,0.3050817327793746,0.6991469956489026,11.646123130725378,6214,1554,3.4680559635162354,0.002309083938598633
