Model,R2,MAE,RMSE,MAPE_percent,n_train,n_test,fit_time_sec,predict_time_sec
cat,0.9463418151918596,0.07265650759005085,0.01741517355145927,5.696351047769597,1754,5261,4.171125650405884,0.006091117858886719
