Model,R2,MAE,RMSE,MAPE_percent,n_train,n_test,fit_time_sec,predict_time_sec
gbm,0.9955376278269735,0.004783164916805798,5.8153894126989086e-05,1.7874012290933758,6214,1554,15.423060894012451,0.01169276237487793
