Model,R2,MAE,RMSE,MAPE_percent,n_train,n_test,fit_time_sec,predict_time_sec
rf,0.9883776629333058,0.0046800946674911805,0.00012154440773801722,6.9021305056895565,8151,2038,55.80178499221802,0.39450597763061523
