Model,R2,MAE,RMSE,MAPE_percent,n_train,n_test,fit_time_sec,predict_time_sec
rf,0.9946285833535863,0.0008923880463691939,1.630530069498037e-06,7.2085335992583595,8145,2036,51.170167446136475,0.4144577980041504
