Model,R2,MAE,RMSE,MAPE_percent,n_train,n_test,fit_time_sec,predict_time_sec
gbm,0.973097195346117,0.1658569283137792,0.06145407640654741,76.78114535927165,9053,2263,22.946956634521484,0.018583059310913086
