Model,R2,MAE,RMSE,MAPE_percent,n_train,n_test,fit_time_sec,predict_time_sec
cat,0.9535315944058035,0.019618542936279886,0.005289991544301864,285607322.5016575,6790,4526,3.5105693340301514,0.00463414192199707
