Model,R2,MAE,RMSE,MAPE_percent,n_train,n_test,fit_time_sec,predict_time_sec
rf,0.977593767059136,0.002498084089330125,0.0001968420212256045,2.966513546702136,8145,2036,52.208221197128296,0.39852428436279297
