Model,R2,MAE,RMSE,MAPE_percent,n_train,n_test,fit_time_sec,predict_time_sec
cat,0.9968334989099598,0.009106346035890625,0.0002462040000840212,3.8926853666771644,8145,2036,3.683537006378174,0.0026352405548095703
