Model,R2,MAE,RMSE,MAPE_percent,n_train,n_test,fit_time_sec,predict_time_sec
cat,0.31548174498450776,0.001619056539682195,0.0017936846580779724,4.6825792976220955,8151,2038,3.5242464542388916,0.0025968551635742188
