Model,R2,MAE,RMSE,MAPE_percent,n_train,n_test,fit_time_sec,predict_time_sec
cat,0.9969225156967876,0.0006330325209265284,9.426848376315223e-07,4.557087358721983,8145,2036,3.5504138469696045,0.0031778812408447266
