Model,R2,MAE,RMSE,MAPE_percent,n_train,n_test,fit_time_sec,predict_time_sec
cat,0.9787681886030709,0.01962973576926263,0.0014546482643160816,3.590111619352951,6206,1552,3.6846301555633545,0.0024743080139160156
