Model,R2,MAE,RMSE,MAPE_percent,n_train,n_test,fit_time_sec,predict_time_sec
gbm,0.9927523236756516,0.0068281280475647665,9.161848518042135e-05,2.6084783999017835,6208,1552,15.419162511825562,0.011581182479858398
