Model,R2,MAE,RMSE,MAPE_percent,n_train,n_test,fit_time_sec,predict_time_sec
cat,0.644604280543009,0.30076785746645807,0.5726370761230642,10.907612045443026,6214,1554,3.5351150035858154,0.0023338794708251953
