Model,R2,MAE,RMSE,MAPE_percent,n_train,n_test,fit_time_sec,predict_time_sec
rf,0.9875379973416496,0.0014655824433714606,0.00013032548648751456,1.5260837218898327,8151,2038,54.1629741191864,0.39397239685058594
