Model,R2,MAE,RMSE,MAPE_percent,n_train,n_test,fit_time_sec,predict_time_sec
cat,0.993062466081729,0.00047362675330363355,2.1460921767758755e-06,3.058364069947476,8145,2036,9.030214071273804,0.01771402359008789
