Model,R2,MAE,RMSE,MAPE_percent,n_train,n_test,fit_time_sec,predict_time_sec
gbm,0.9560779716170335,0.18344831138253534,0.07137046197164623,5.95920123029323,6340,1585,16.116084814071655,0.013358831405639648
