Model,R2,MAE,RMSE,MAPE_percent,n_train,n_test,fit_time_sec,predict_time_sec
gbm,0.9891484728012333,0.0009037935427889424,1.4895471765444367e-06,6.9740867868564145,8145,2036,19.844470500946045,0.015181779861450195
