Model,R2,MAE,RMSE,MAPE_percent,n_train,n_test,fit_time_sec,predict_time_sec
cat,0.2998368723019158,0.35277974064424195,0.3331646583150772,35.455715259682876,1403,5612,3.5947327613830566,0.006333827972412109
