Model,R2,MAE,RMSE,MAPE_percent,n_train,n_test,fit_time_sec,predict_time_sec
rf,0.9670262133533162,0.040749025382400245,0.005757145370276895,3.895912169472346,6208,1552,35.590452671051025,0.28139519691467285
