Model,R2,MAE,RMSE,MAPE_percent,n_train,n_test,fit_time_sec,predict_time_sec
rf,0.9878996358045937,0.0009037644357493868,1.4981112468477004e-06,7.126018774281729,8145,2036,51.18486523628235,0.41821861267089844
