Model,R2,MAE,RMSE,MAPE_percent,n_train,n_test,fit_time_sec,predict_time_sec
gbm,0.9940701056812339,0.0009382210607568927,1.7149890350675801e-06,7.440358577826285,6618,3563,15.940839290618896,0.024812936782836914
