Model,R2,MAE,RMSE,MAPE_percent,n_train,n_test,fit_time_sec,predict_time_sec
cat,0.9565603892708937,0.19297341522447986,0.0738745069236872,8.461016356044285,5658,5658,4.889512777328491,0.006021976470947266
