Model,R2,MAE,RMSE,MAPE_percent,n_train,n_test,fit_time_sec,predict_time_sec
gbm,0.9703621647117999,0.015496061279135593,0.002698416955050937,60901885.76861156,9059,2265,22.96005129814148,0.016764163970947266
