Model,R2,MAE,RMSE,MAPE_percent,n_train,n_test,fit_time_sec,predict_time_sec
rf,0.9413991787703428,0.11607735190771595,0.03843247924384168,5.955587062648774,6206,1552,35.884594678878784,0.28526926040649414
