Model,R2,MAE,RMSE,MAPE_percent,n_train,n_test,fit_time_sec,predict_time_sec
rf,0.9645477303552292,0.16678364015841074,0.06687224648204851,6.647136642517745,9053,2263,55.314826011657715,0.405886173248291
