Model,R2,MAE,RMSE,MAPE_percent,n_train,n_test,fit_time_sec,predict_time_sec
cat,-0.11399640104762065,0.002369987499342524,0.0005605525619767861,10.29527018848919,8151,2038,3.623215436935425,0.002562999725341797
