Model,R2,MAE,RMSE,MAPE_percent,n_train,n_test,fit_time_sec,predict_time_sec
rf,0.8688487262487596,0.0967580630322217,0.029368165722171984,8.264795869950357,6214,1554,40.16733360290527,0.3667905330657959
