Model,R2,MAE,RMSE,MAPE_percent,n_train,n_test,fit_time_sec,predict_time_sec
gbm,0.9955996656379781,0.002659309158919217,1.2822889177318736e-05,3.888778577210444,8145,2036,20.224456071853638,0.014160394668579102
