Model,R2,MAE,RMSE,MAPE_percent,n_train,n_test,fit_time_sec,predict_time_sec
cat,0.994822481110881,0.00919248472611215,0.0003310052355328869,4.708466574275049,8145,2036,3.8230905532836914,0.0026586055755615234
