Model,R2,MAE,RMSE,MAPE_percent,n_train,n_test,fit_time_sec,predict_time_sec
gbm,0.990693776606614,0.016224369947701742,0.0005207692670487436,11.819007088981582,8145,2036,18.22977566719055,0.015421390533447266
