Model,R2,MAE,RMSE,MAPE_percent,n_train,n_test,fit_time_sec,predict_time_sec
rf,0.8689230527714483,0.016901231356612548,0.015290401886760792,6.672549051410207,8145,2036,51.95614504814148,0.40542173385620117
