Model,R2,MAE,RMSE,MAPE_percent,n_train,n_test,fit_time_sec,predict_time_sec
cat,0.8988090172579155,0.015892080753237788,0.009431788265234265,7.171628941789898,6618,3563,4.943735361099243,0.004675149917602539
