Model,R2,MAE,RMSE,MAPE_percent,n_train,n_test,fit_time_sec,predict_time_sec
cat,0.8811732773631196,0.021208143185024324,0.011413789676135879,12.126844888423348,7127,3054,4.583094835281372,0.0035762786865234375
