Model,R2,MAE,RMSE,MAPE_percent,n_train,n_test,fit_time_sec,predict_time_sec
rf,0.9331908840046003,0.06175795251395434,0.024587952498943078,5.068068860162456,6208,1552,36.26251745223999,0.29014015197753906
