Model,R2,MAE,RMSE,MAPE_percent,n_train,n_test,fit_time_sec,predict_time_sec
gbm,0.9510939304698209,0.0012162330276571064,2.2437070330038917e-05,7.3988230403261825,3563,6618,8.465952396392822,0.04163503646850586
