Model,R2,MAE,RMSE,MAPE_percent,n_train,n_test,fit_time_sec,predict_time_sec
cat,0.9951165162087059,0.0005017083631228617,4.960490587703232e-07,4.210895970105933,8145,2036,3.585214614868164,0.002962350845336914
