Model,R2,MAE,RMSE,MAPE_percent,n_train,n_test,fit_time_sec,predict_time_sec
cat,0.9697604735635328,0.04919307159644877,0.005490428524669906,6.232182681398703,2205,6615,5.651585578918457,0.008562803268432617
