Model,R2,MAE,RMSE,MAPE_percent,n_train,n_test,fit_time_sec,predict_time_sec
cat,0.9959046131558092,0.008956698036459536,0.00024398071177507207,5.047318376423253,8145,2036,22.07236123085022,0.01773691177368164
