Model,R2,MAE,RMSE,MAPE_percent,n_train,n_test,fit_time_sec,predict_time_sec
cat,0.9912345828015878,0.0008795015308381272,2.3026260531560465e-06,8.121233490610708,6618,3563,3.498168706893921,0.004118204116821289
