Model,R2,MAE,RMSE,MAPE_percent,n_train,n_test,fit_time_sec,predict_time_sec
cat,0.9953636728311642,0.002949947446523724,1.82940066870466e-05,3.838805119017226,8145,2036,3.8071017265319824,0.002765178680419922
