Model,R2,MAE,RMSE,MAPE_percent,n_train,n_test,fit_time_sec,predict_time_sec
rf,0.9887034756564097,0.005069939474688385,4.981174222243469e-05,6.560919083686153,8145,2036,51.564793825149536,0.3918170928955078
