Model,R2,MAE,RMSE,MAPE_percent,n_train,n_test,fit_time_sec,predict_time_sec
cat,0.9441946899789474,0.19586829305022116,0.11587802289097898,6.698338711198629,2774,5151,4.543368577957153,0.006190061569213867
