Model,R2,MAE,RMSE,MAPE_percent,n_train,n_test,fit_time_sec,predict_time_sec
cat,0.9705654252782114,0.0014628494576024835,9.273244050515363e-06,12.426316131778055,4581,5600,4.042188882827759,0.0068438053131103516
