Model,R2,MAE,RMSE,MAPE_percent,n_train,n_test,fit_time_sec,predict_time_sec
rf,0.9771304387910363,0.013828381021361608,0.001727000055987807,6.922600880325078,8145,2036,51.041072368621826,0.38274216651916504
