Model,R2,MAE,RMSE,MAPE_percent,n_train,n_test,fit_time_sec,predict_time_sec
cat,0.9950770427802227,0.008238662437975629,0.00024113338895031104,2.4557008628853976,9053,2263,3.9261422157287598,0.0029866695404052734
