Model,R2,MAE,RMSE,MAPE_percent,n_train,n_test,fit_time_sec,predict_time_sec
gbm,0.9820884346184395,0.0010003809843350114,6.362597970599045e-06,7.262576556455584,8151,2038,19.879510641098022,0.014652013778686523
