Model,R2,MAE,RMSE,MAPE_percent,n_train,n_test,fit_time_sec,predict_time_sec
cat,0.917705375113028,0.015768051211611026,0.006976318962125241,7.38110965365332,5090,5091,4.602638244628906,0.005433320999145508
