Model,R2,MAE,RMSE,MAPE_percent,n_train,n_test,fit_time_sec,predict_time_sec
cat,0.9489082804235269,0.18990221900553578,0.09313274839617475,6.4198068921940905,2774,5151,4.626973867416382,0.006005764007568359
