Model,R2,MAE,RMSE,MAPE_percent,n_train,n_test,fit_time_sec,predict_time_sec
cat,0.9435656908515695,0.19648751938969233,0.11610336340556678,6.748494518904153,2774,5151,4.5561017990112305,0.006013393402099609
