Model,R2,MAE,RMSE,MAPE_percent,n_train,n_test,fit_time_sec,predict_time_sec
rf,0.9882959939432018,0.01190832510292784,0.00027223370443549955,6.923777141836875,8145,2036,52.78289246559143,0.40036749839782715
