Model,R2,MAE,RMSE,MAPE_percent,n_train,n_test,fit_time_sec,predict_time_sec
cat,0.3193935411415889,0.03728592451917025,0.11496464254304188,11.926979598521354,8151,2038,3.5904486179351807,0.002717733383178711
