Model,R2,MAE,RMSE,MAPE_percent,n_train,n_test,fit_time_sec,predict_time_sec
cat,0.8342594556466901,0.023515417373754854,0.020804046637017546,4.460173524990016,3170,4755,5.00206995010376,0.005167961120605469
