Model,R2,MAE,RMSE,MAPE_percent,n_train,n_test,fit_time_sec,predict_time_sec
cat,0.9832635504507239,0.013690496178959616,0.0006199467658186815,3.9053990956864904,3170,4755,4.532756567001343,0.0052454471588134766
