Model,R2,MAE,RMSE,MAPE_percent,n_train,n_test,fit_time_sec,predict_time_sec
gbm,0.9943494775958284,0.003142648183939792,2.0743978145619028e-05,3.9509541872758,8145,2036,20.248964309692383,0.013901472091674805
