Model,R2,MAE,RMSE,MAPE_percent,n_train,n_test,fit_time_sec,predict_time_sec
cat,0.9716998786759616,0.020379922557214387,0.0017502361292784034,320843823.9308998,1697,9619,4.1601948738098145,0.010025501251220703
