Model,R2,MAE,RMSE,MAPE_percent,n_train,n_test,fit_time_sec,predict_time_sec
gbm,0.9476093411508276,0.2701932190729161,0.14702315671873506,7.132538172091116,6206,1552,15.453052282333374,0.012489795684814453
