Model,R2,MAE,RMSE,MAPE_percent,n_train,n_test,fit_time_sec,predict_time_sec
cat,0.9571956017032823,0.05365624699843321,0.014849256476151556,4.775475465777792,6208,1552,3.837547779083252,0.0025663375854492188
