Model,R2,MAE,RMSE,MAPE_percent,n_train,n_test,fit_time_sec,predict_time_sec
gbm,0.974841078290972,0.05604720245767744,0.007009289951256129,4.1709515508194155,5684,1421,14.130739212036133,0.011370420455932617
