Model,R2,MAE,RMSE,MAPE_percent,n_train,n_test,fit_time_sec,predict_time_sec
rf,0.35082704219191585,0.1473894434474629,0.11168723842911653,52.919245993684264,6340,1585,44.210455656051636,0.323958158493042
