Model,R2,MAE,RMSE,MAPE_percent,n_train,n_test,fit_time_sec,predict_time_sec
cat,0.9422115902603485,0.11848417137799444,0.05712960922139867,6.174892162710879,6213,1553,3.5306954383850098,0.002337217330932617
