Model,R2,MAE,RMSE,MAPE_percent,n_train,n_test,fit_time_sec,predict_time_sec
cat,0.9110436954949626,0.025420547781157526,0.006687145162697625,14.70509513289764,509,9672,3.279524564743042,0.00991511344909668
