Model,R2,MAE,RMSE,MAPE_percent,n_train,n_test,fit_time_sec,predict_time_sec
gbm,0.8823402298028907,0.09477483756487165,0.02514674948498178,8.102844960708579,6208,1552,15.426918268203735,0.011175155639648438
