Model,R2,MAE,RMSE,MAPE_percent,n_train,n_test,fit_time_sec,predict_time_sec
gbm,0.9990793184992347,0.0002402406237381335,1.1248037862091689e-07,1.6549241447694436,8145,2036,20.467715978622437,0.014434576034545898
