Model,R2,MAE,RMSE,MAPE_percent,n_train,n_test,fit_time_sec,predict_time_sec
gbm,0.989365207440165,0.004620470232644775,3.912206442667964e-05,7.1128203643531505,8151,2038,19.8508403301239,0.014362812042236328
