Model,R2,MAE,RMSE,MAPE_percent,n_train,n_test,fit_time_sec,predict_time_sec
cat,0.9638916716062075,0.017841784698783496,0.004383289692894436,402890964.0023209,9053,2263,3.8400766849517822,0.0030024051666259766
