Model,R2,MAE,RMSE,MAPE_percent,n_train,n_test,fit_time_sec,predict_time_sec
rf,0.9123646198793303,0.06484210016059687,0.029299363574043367,5.209488465206067,6208,1552,44.826452016830444,0.29703617095947266
