Model,R2,MAE,RMSE,MAPE_percent,n_train,n_test,fit_time_sec,predict_time_sec
gbm,0.9872692164186253,0.011300612574239534,0.00033301274223206795,3.162595328774761,6790,4526,16.844237565994263,0.028044700622558594
