Model,R2,MAE,RMSE,MAPE_percent,n_train,n_test,fit_time_sec,predict_time_sec
rf,0.9989921535596213,0.0046503287790818785,7.867691329589547e-05,1.7043970744363524,8145,2036,51.39081597328186,0.4019942283630371
