Model,R2,MAE,RMSE,MAPE_percent,n_train,n_test,fit_time_sec,predict_time_sec
cat,0.9335610991598015,0.01904112349344329,0.003363201220394672,8.610902316873352,388,7372,2.6102397441864014,0.0066645145416259766
