Model,R2,MAE,RMSE,MAPE_percent,n_train,n_test,fit_time_sec,predict_time_sec
cat,0.7464630528097227,0.5307203778789932,0.5903502927994381,6784899601.06296,4526,6790,4.4356772899627686,0.007773160934448242
