Model,R2,MAE,RMSE,MAPE_percent,n_train,n_test,fit_time_sec,predict_time_sec
gbm,0.9994013942362467,0.0011599015588083712,4.855057579166383e-06,1.5397843328992555,8145,2036,20.66630744934082,0.014426708221435547
