Model,R2,MAE,RMSE,MAPE_percent,n_train,n_test,fit_time_sec,predict_time_sec
rf,0.9817067342008533,0.013724039152472273,0.000798803516406256,4697303.838248486,2829,8487,14.839452266693115,0.7064540386199951
