Model,R2,MAE,RMSE,MAPE_percent,n_train,n_test,fit_time_sec,predict_time_sec
gbm,0.9411464762127928,0.11679396611770115,0.036853520571107204,5.914527327404521,6213,1553,15.583425045013428,0.012168169021606445
