Model,R2,MAE,RMSE,MAPE_percent,n_train,n_test,fit_time_sec,predict_time_sec
cat,0.9764166134443704,0.0010466440965024358,1.8920984041938608e-06,6.599541904524109,8145,2036,3.7431881427764893,0.0027008056640625
