Model,R2,MAE,RMSE,MAPE_percent,n_train,n_test,fit_time_sec,predict_time_sec
rf,0.8878348003966309,0.0010939163401138194,3.568172148737373e-05,8.102379997608715,1527,8654,7.677011966705322,0.6560182571411133
