Model,R2,MAE,RMSE,MAPE_percent,n_train,n_test,fit_time_sec,predict_time_sec
cat,0.9404869778377005,0.08610739973678774,0.03480810591377172,6.1936866768919225,2378,5547,4.789533853530884,0.006776332855224609
