Model,R2,MAE,RMSE,MAPE_percent,n_train,n_test,fit_time_sec,predict_time_sec
gbm,0.9580719197288131,0.08074148920590524,0.018124751479365053,6.296318953295185,9053,2263,22.694015979766846,0.017327547073364258
