Model,R2,MAE,RMSE,MAPE_percent,n_train,n_test,fit_time_sec,predict_time_sec
rf,0.9867455578462374,0.006202187016564318,0.00010750160411547509,11.342918076793449,8145,2036,51.533214807510376,0.40784311294555664
