Model,R2,MAE,RMSE,MAPE_percent,n_train,n_test,fit_time_sec,predict_time_sec
gbm,0.9904565158968451,0.0011458660848701994,2.5126925747150593e-06,7.712868978814022,1527,8654,3.6073036193847656,0.052503108978271484
