Model,R2,MAE,RMSE,MAPE_percent,n_train,n_test,fit_time_sec,predict_time_sec
cat,0.9333338125333717,0.033237937491063956,0.016639001186037672,4.740503455707441,6213,1553,3.361661911010742,0.002248048782348633
