Model,R2,MAE,RMSE,MAPE_percent,n_train,n_test,fit_time_sec,predict_time_sec
cat,0.9412141993548613,0.29065120970845953,0.21191586837178084,7.87286168933121,6213,1553,3.357637405395508,0.0023038387298583984
