Model,R2,MAE,RMSE,MAPE_percent,n_train,n_test,fit_time_sec,predict_time_sec
rf,0.3224294814574298,0.141578477678358,0.1099108672653755,51.97565033650346,6340,1585,45.03417158126831,0.3162095546722412
