Model,R2,MAE,RMSE,MAPE_percent,n_train,n_test,fit_time_sec,predict_time_sec
rf,0.9974843302046403,0.0033281924371740125,3.356358203852172e-05,1.167290514765837,6208,1552,37.06131148338318,0.2853658199310303
