Model,R2,MAE,RMSE,MAPE_percent,n_train,n_test,fit_time_sec,predict_time_sec
gbm,0.9991492245950282,0.003322275006064725,2.4136686454937422e-05,1.4622693212299427,8145,2036,20.513856410980225,0.013759851455688477
