Model,R2,MAE,RMSE,MAPE_percent,n_train,n_test,fit_time_sec,predict_time_sec
cat,0.9965623086892147,0.001866034123054415,1.0858448859895516e-05,2.7267011283918867,8145,2036,3.7252097129821777,0.002775430679321289
