Model,R2,MAE,RMSE,MAPE_percent,n_train,n_test,fit_time_sec,predict_time_sec
cat,0.9978841071430672,0.0048769143604159145,5.831199638621862e-05,2.3687210050022807,8145,2036,3.8456168174743652,0.0027866363525390625
