Model,R2,MAE,RMSE,MAPE_percent,n_train,n_test,fit_time_sec,predict_time_sec
rf,0.989384228074003,0.000640037543230081,4.168321872705033e-06,4.090974373958238,8145,2036,50.81673216819763,0.4006381034851074
