Model,R2,MAE,RMSE,MAPE_percent,n_train,n_test,fit_time_sec,predict_time_sec
cat,0.9945538675621456,0.0005458233642932961,5.986300133651429e-07,4.619297644037064,8145,2036,3.6822526454925537,0.0025696754455566406
