Model,R2,MAE,RMSE,MAPE_percent,n_train,n_test,fit_time_sec,predict_time_sec
cat,0.985748853304447,0.013726439957596138,0.0003531810129647937,7.044692478521579,4581,5600,5.1006388664245605,0.0056383609771728516
