Model,R2,MAE,RMSE,MAPE_percent,n_train,n_test,fit_time_sec,predict_time_sec
cat,0.9888927541579914,0.004467241240550351,3.562433795037554e-05,6.745900806615812,8145,2036,4.558351755142212,0.0030908584594726562
