Model,R2,MAE,RMSE,MAPE_percent,n_train,n_test,fit_time_sec,predict_time_sec
gbm,0.9990687242004931,0.003706080920710174,5.0896481489476824e-05,1.82063607100145,8145,2036,20.50692629814148,0.014696598052978516
