Model,R2,MAE,RMSE,MAPE_percent,n_train,n_test,fit_time_sec,predict_time_sec
cat,0.9120804776565034,0.0013437012945451642,3.0093418537072185e-05,9.791004771735746,509,9672,3.952852487564087,0.010823965072631836
