Model,R2,MAE,RMSE,MAPE_percent,n_train,n_test,fit_time_sec,predict_time_sec
gbm,0.9817886244845286,0.0008408442364323426,1.2329769442638627e-06,6.940292017844388,6618,3563,15.90077018737793,0.022274017333984375
