Model,R2,MAE,RMSE,MAPE_percent,n_train,n_test,fit_time_sec,predict_time_sec
cat,0.9298767968044545,0.10240371040751589,0.04521331612589506,1610304700.5042646,1132,10184,4.293173551559448,0.010581731796264648
