Model,R2,MAE,RMSE,MAPE_percent,n_train,n_test,fit_time_sec,predict_time_sec
rf,0.9862881226654917,0.011804371040526196,0.00040978349644336416,3.277262260702912,5658,5658,34.576576232910156,0.6248278617858887
