Model,R2,MAE,RMSE,MAPE_percent,n_train,n_test,fit_time_sec,predict_time_sec
cat,0.9687263690342773,0.047822911945122115,0.005623209667945074,5.743625099366902,2646,6174,5.638485670089722,0.008563995361328125
