Model,R2,MAE,RMSE,MAPE_percent,n_train,n_test,fit_time_sec,predict_time_sec
gbm,0.9205063434311532,0.01768135314808539,0.007684062352993397,7.3517802043132825,8145,2036,34.75529932975769,0.014794111251831055
