Model,R2,MAE,RMSE,MAPE_percent,n_train,n_test,fit_time_sec,predict_time_sec
cat,0.9478098297651916,0.17221825760741655,0.08853904908539881,5.577112120533468,6208,1552,3.3952410221099854,0.002389192581176758
