Model,R2,MAE,RMSE,MAPE_percent,n_train,n_test,fit_time_sec,predict_time_sec
cat,0.9909873335870953,0.0009272418648385174,1.5616600151276812e-06,7.21490487111764,5090,5091,4.574906349182129,0.006388187408447266
