Model,R2,MAE,RMSE,MAPE_percent,n_train,n_test,fit_time_sec,predict_time_sec
rf,0.9933771849313217,0.0010419194957820908,2.546398247305923e-06,6.94539390548158,8145,2036,100.46591258049011,0.8007872104644775
