Model,R2,MAE,RMSE,MAPE_percent,n_train,n_test,fit_time_sec,predict_time_sec
cat,0.28532714861291497,0.144493304307956,0.07657517918262363,51.6838434184682,4755,3170,4.333032608032227,0.004223823547363281
