Model,R2,MAE,RMSE,MAPE_percent,n_train,n_test,fit_time_sec,predict_time_sec
rf,0.534166164099043,0.44331971788296887,0.44944516362087883,31.46208787241219,6213,1553,39.915945529937744,0.3078761100769043
