Model,R2,MAE,RMSE,MAPE_percent,n_train,n_test,fit_time_sec,predict_time_sec
cat,0.8442303642705936,0.0011472694766324109,7.270218784182942e-05,7.644750318571339,7636,2545,4.825562238693237,0.004372358322143555
