Model,R2,MAE,RMSE,MAPE_percent,n_train,n_test,fit_time_sec,predict_time_sec
rf,0.9878765810972184,0.000950227817876809,1.6902803644181739e-06,7.1842968956391555,3563,6618,20.11257004737854,0.6452178955078125
