Model,R2,MAE,RMSE,MAPE_percent,n_train,n_test,fit_time_sec,predict_time_sec
rf,0.9865255228896698,0.0008650622273068902,1.439797118076246e-06,7.303284418275273,4072,6109,23.35735058784485,0.6184923648834229
