Model,R2,MAE,RMSE,MAPE_percent,n_train,n_test,fit_time_sec,predict_time_sec
gbm,0.9452233952149305,0.05580235804228622,0.020268481472388182,4.809250227358145,6208,1552,15.553167819976807,0.012515783309936523
