Model,R2,MAE,RMSE,MAPE_percent,n_train,n_test,fit_time_sec,predict_time_sec
cat,0.8827719437470857,0.019643078324696847,0.012434206748878206,4.451390365898679,3962,3963,4.49245810508728,0.0050296783447265625
