Model,R2,MAE,RMSE,MAPE_percent,n_train,n_test,fit_time_sec,predict_time_sec
rf,0.9586298954689466,0.007491329864352013,0.0032690173861202655,1.4858574235764184,6208,1552,36.995025873184204,0.2884941101074219
