Model,R2,MAE,RMSE,MAPE_percent,n_train,n_test,fit_time_sec,predict_time_sec
cat,0.9610293648535201,0.08146804681401489,0.025162306628920925,980921101.8869065,9053,2263,3.6580660343170166,0.0029070377349853516
