Model,R2,MAE,RMSE,MAPE_percent,n_train,n_test,fit_time_sec,predict_time_sec
cat,0.9939108858840053,0.0008766944478544074,1.6409319779683127e-06,7.8827186450797795,8145,2036,4.276586532592773,0.010042428970336914
