Model,R2,MAE,RMSE,MAPE_percent,n_train,n_test,fit_time_sec,predict_time_sec
cat,0.9878105965717241,0.014501545906049322,0.0003853869328751698,7.462522310327671,8151,2038,3.6783759593963623,0.0026226043701171875
