Model,R2,MAE,RMSE,MAPE_percent,n_train,n_test,fit_time_sec,predict_time_sec
cat,0.9456794017691306,0.08222050113308474,0.03292996899169626,5.283799828750938,4755,3170,5.2052106857299805,0.0043544769287109375
