Model,R2,MAE,RMSE,MAPE_percent,n_train,n_test,fit_time_sec,predict_time_sec
cat,0.9909383801016043,0.0005944919539818367,9.534273159465982e-07,4.844471781559575,8145,2036,4.475767374038696,0.0034224987030029297
