Model,R2,MAE,RMSE,MAPE_percent,n_train,n_test,fit_time_sec,predict_time_sec
rf,0.992620063269646,0.008956018389695706,0.001033670824051894,4.108271831923671,8151,2038,54.80578541755676,0.4588007926940918
