Model,R2,MAE,RMSE,MAPE_percent,n_train,n_test,fit_time_sec,predict_time_sec
rf,0.9869592129477759,0.007587673724457097,0.0006330185359694784,2.0652370956230937,6208,1552,43.178746700286865,0.29372262954711914
