Model,R2,MAE,RMSE,MAPE_percent,n_train,n_test,fit_time_sec,predict_time_sec
rf,0.9977711396082221,0.005798724771029624,6.583497831160818e-05,2.7379267931240636,8145,2036,50.879059076309204,0.4849104881286621
