Model,R2,MAE,RMSE,MAPE_percent,n_train,n_test,fit_time_sec,predict_time_sec
cat,0.9551959553861302,0.07243763117869405,0.014737605082305528,5.781844791657247,1754,5261,4.2032458782196045,0.006014347076416016
