Model,R2,MAE,RMSE,MAPE_percent,n_train,n_test,fit_time_sec,predict_time_sec
cat,0.9620735957060038,0.08346780956975693,0.025574533110211108,1647799506.5803835,9053,2263,5.0903685092926025,0.003572702407836914
