Model,R2,MAE,RMSE,MAPE_percent,n_train,n_test,fit_time_sec,predict_time_sec
gbm,0.9773946948333164,0.013513801769073462,0.002014076490035605,115586369.7625089,9053,2263,27.9522864818573,0.017554044723510742
