Model,R2,MAE,RMSE,MAPE_percent,n_train,n_test,fit_time_sec,predict_time_sec
rf,0.6967620895368386,0.42171775999336064,0.4010415033845691,22.74324948678551,6208,1552,37.975043058395386,0.2917442321777344
