Model,R2,MAE,RMSE,MAPE_percent,n_train,n_test,fit_time_sec,predict_time_sec
cat,0.8682278180014315,0.0956858834580639,0.02671820132284314,8.427058300831705,6214,1554,3.5772554874420166,0.002409219741821289
