Model,R2,MAE,RMSE,MAPE_percent,n_train,n_test,fit_time_sec,predict_time_sec
gbm,0.908672207062,0.012881933196504044,0.006295475646222083,3.2608274740402967,6208,1552,15.565954446792603,0.011729001998901367
