Model,R2,MAE,RMSE,MAPE_percent,n_train,n_test,fit_time_sec,predict_time_sec
cat,0.9947407993231951,0.00264408452165097,1.9515487672325196e-05,4.01268151041233,8151,2038,3.5995280742645264,0.002593994140625
