Model,R2,MAE,RMSE,MAPE_percent,n_train,n_test,fit_time_sec,predict_time_sec
cat,0.9240176860912552,0.06072568626850211,0.032652071431402634,4.745023417561123,9059,2265,3.7083065509796143,0.003143787384033203
