Model,R2,MAE,RMSE,MAPE_percent,n_train,n_test,fit_time_sec,predict_time_sec
cat,0.9633649393319371,0.1350088495992532,0.05057327434959177,5.853757210789561,6208,1552,3.3440446853637695,0.0023446083068847656
