Model,R2,MAE,RMSE,MAPE_percent,n_train,n_test,fit_time_sec,predict_time_sec
cat,0.977705178885554,0.026059765534929263,0.0044972181822713515,4.1618139540740025,6213,1553,3.4796972274780273,0.0023651123046875
