Model,R2,MAE,RMSE,MAPE_percent,n_train,n_test,fit_time_sec,predict_time_sec
gbm,0.9985609976356422,0.003515477859319469,3.3770069539680814e-05,1.889726075088931,8145,2036,20.6674542427063,0.014248371124267578
