Model,R2,MAE,RMSE,MAPE_percent,n_train,n_test,fit_time_sec,predict_time_sec
cat,0.8652934490491958,0.017885000440236186,0.012073226888842799,7.898210599420194,8151,2038,3.902790069580078,0.00272369384765625
