Model,R2,MAE,RMSE,MAPE_percent,n_train,n_test,fit_time_sec,predict_time_sec
cat,0.9855964830814135,0.011061150491606105,0.0002580660102745768,3.0862139954312044,5151,2774,4.67276930809021,0.0037877559661865234
