Model,R2,MAE,RMSE,MAPE_percent,n_train,n_test,fit_time_sec,predict_time_sec
cat,0.3234658769593787,0.4208890118720151,0.4020296198313036,38.83170677483271,792,7133,3.295685052871704,0.0072934627532958984
