Model,R2,MAE,RMSE,MAPE_percent,n_train,n_test,fit_time_sec,predict_time_sec
rf,0.9665824854329484,0.009274419228203802,0.0032302233498706745,3.066716889555335,8145,2036,66.54063439369202,0.7949650287628174
