Model,R2,MAE,RMSE,MAPE_percent,n_train,n_test,fit_time_sec,predict_time_sec
rf,0.9765425242500034,0.01687811247652879,0.001554319896914114,2.696396875815657,6206,1552,36.767011880874634,0.278641939163208
