Model,R2,MAE,RMSE,MAPE_percent,n_train,n_test,fit_time_sec,predict_time_sec
cat,0.9902847038083752,0.01060315105411492,0.0009527226090065449,4.011705256997232,8145,2036,3.545395612716675,0.002651691436767578
