Model,R2,MAE,RMSE,MAPE_percent,n_train,n_test,fit_time_sec,predict_time_sec
rf,0.8654750477159672,0.015112630446293667,0.013388160566759628,6.857810130183097,8145,2036,51.38672947883606,0.39867210388183594
