Model,R2,MAE,RMSE,MAPE_percent,n_train,n_test,fit_time_sec,predict_time_sec
gbm,-1.0961727598753352,0.0020996547145713256,0.0010545336299607978,13.45962545354997,8151,2038,20.348768711090088,0.01351785659790039
