Model,R2,MAE,RMSE,MAPE_percent,n_train,n_test,fit_time_sec,predict_time_sec
cat,0.9970071623246128,0.006532587026489795,0.0001782968725662581,3.665871565507897,8145,2036,7.316370487213135,0.002407550811767578
