Model,R2,MAE,RMSE,MAPE_percent,n_train,n_test,fit_time_sec,predict_time_sec
gbm,0.9783726360617898,0.0007996072028191212,1.1782080438475455e-06,6.488585431122608,8145,2036,19.743959188461304,0.013914108276367188
