Model,R2,MAE,RMSE,MAPE_percent,n_train,n_test,fit_time_sec,predict_time_sec
rf,0.1675257878952353,0.022004638887695882,0.1050768871051494,3.9671349180306628,8151,2038,56.54991269111633,0.38252830505371094
