Model,R2,MAE,RMSE,MAPE_percent,n_train,n_test,fit_time_sec,predict_time_sec
gbm,-0.84087989607485,0.28433651828663936,0.673076938675507,38.84531229028495,7062,1765,15.740562915802002,0.012956619262695312
