Model,R2,MAE,RMSE,MAPE_percent,n_train,n_test,fit_time_sec,predict_time_sec
cat,0.9944909882892184,0.0005971079696663033,7.01544655067234e-07,4.261950474416638,8145,2036,3.7638516426086426,0.0027709007263183594
