Model,R2,MAE,RMSE,MAPE_percent,n_train,n_test,fit_time_sec,predict_time_sec
gbm,0.9992072838538657,0.00024102682026045448,1.1214057394115064e-07,1.641758017141931,8145,2036,20.993237257003784,0.014118432998657227
