Model,R2,MAE,RMSE,MAPE_percent,n_train,n_test,fit_time_sec,predict_time_sec
gbm,0.995551221856761,0.002565834329827466,1.2806212928340987e-05,4.19426496831378,8145,2036,20.247661590576172,0.014168500900268555
