Model,R2,MAE,RMSE,MAPE_percent,n_train,n_test,fit_time_sec,predict_time_sec
rf,0.9877617282909095,0.0009862277632836538,3.855618142527671e-06,7.344125360860682,4581,5600,27.18585968017578,0.6178433895111084
