Model,R2,MAE,RMSE,MAPE_percent,n_train,n_test,fit_time_sec,predict_time_sec
cat,0.8869853411488746,0.005408096498497736,0.001273860490513693,7.191661094899891,7636,2545,4.425182342529297,0.003926753997802734
