Model,R2,MAE,RMSE,MAPE_percent,n_train,n_test,fit_time_sec,predict_time_sec
gbm,0.9736534730189293,0.0008849726928198807,7.1315931745873695e-06,7.771581929414574,7127,3054,17.230426788330078,0.02090001106262207
