Model,R2,MAE,RMSE,MAPE_percent,n_train,n_test,fit_time_sec,predict_time_sec
cat,0.9818245581829638,0.019133856460667245,0.0008718847133597298,3.569150297820605,5043,2715,3.4020092487335205,0.0031719207763671875
