Model,R2,MAE,RMSE,MAPE_percent,n_train,n_test,fit_time_sec,predict_time_sec
cat,0.9572985313657247,0.06981860578941972,0.01346011292923234,5.548476209108506,2104,4911,4.293358325958252,0.005423784255981445
