Model,R2,MAE,RMSE,MAPE_percent,n_train,n_test,fit_time_sec,predict_time_sec
rf,0.3502200156408638,0.201724135392819,0.14604765397236594,52.26656116409759,6206,1552,41.98712491989136,0.30657148361206055
