Model,R2,MAE,RMSE,MAPE_percent,n_train,n_test,fit_time_sec,predict_time_sec
gbm,0.9764394737433519,0.006182117611803241,7.493140057918808e-05,10.028548298181152,8145,2036,19.722758531570435,0.015212774276733398
