Model,R2,MAE,RMSE,MAPE_percent,n_train,n_test,fit_time_sec,predict_time_sec
rf,0.9362068152793569,0.27502674403778077,0.21083147492246637,7.509744121642564,6206,1552,36.681045055389404,0.28651952743530273
