Model,R2,MAE,RMSE,MAPE_percent,n_train,n_test,fit_time_sec,predict_time_sec
gbm,0.9943195346620299,0.005257830023504733,5.65671628285746e-05,7.2670164933749675,8145,2036,37.11110854148865,0.02790379524230957
