Model,R2,MAE,RMSE,MAPE_percent,n_train,n_test,fit_time_sec,predict_time_sec
rf,0.9854769697938084,0.005929798439615212,0.000108423520931683,11.878529918914078,8145,2036,50.12952280044556,0.4530625343322754
