Model,R2,MAE,RMSE,MAPE_percent,n_train,n_test,fit_time_sec,predict_time_sec
rf,0.8708235034843517,0.0006925478581402674,5.14257611459779e-05,4.4531830471353056,8145,2036,52.15568161010742,0.4141712188720703
