Model,R2,MAE,RMSE,MAPE_percent,n_train,n_test,fit_time_sec,predict_time_sec
cat,0.890862345676158,0.013206011158364532,0.006069164016358526,3.7991079842936823,6208,1552,9.669145822525024,0.017671585083007812
