Model,R2,MAE,RMSE,MAPE_percent,n_train,n_test,fit_time_sec,predict_time_sec
cat,0.988534258582311,0.0009125363055365611,1.4892327503713027e-06,6.844254195480112,8145,2036,4.927698612213135,0.003063678741455078
