Model,R2,MAE,RMSE,MAPE_percent,n_train,n_test,fit_time_sec,predict_time_sec
cat,0.8650274361871331,0.025203767083416206,0.01059858952334425,13.301352249938303,1018,9163,3.6834380626678467,0.008995294570922852
