Model,R2,MAE,RMSE,MAPE_percent,n_train,n_test,fit_time_sec,predict_time_sec
cat,0.8753376844126348,0.01973339989412018,0.009788987292053861,8.477262140085896,1018,9163,3.714820623397827,0.009734153747558594
