Model,R2,MAE,RMSE,MAPE_percent,n_train,n_test,fit_time_sec,predict_time_sec
gbm,0.8932040356901833,0.006873117875515256,0.0012076153060252906,12.412861713712573,8145,2036,18.18895411491394,0.015515565872192383
