Model,R2,MAE,RMSE,MAPE_percent,n_train,n_test,fit_time_sec,predict_time_sec
cat,0.6336652275765886,0.304330541486668,0.743388345409131,11.55307313911308,6214,1554,3.5796477794647217,0.0024061203002929688
