Model,R2,MAE,RMSE,MAPE_percent,n_train,n_test,fit_time_sec,predict_time_sec
rf,0.9295755212969853,0.001056126162106829,2.6294799577946872e-05,7.4855509111050695,3563,6618,20.187294006347656,0.6627380847930908
