Model,R2,MAE,RMSE,MAPE_percent,n_train,n_test,fit_time_sec,predict_time_sec
rf,0.9986534082627541,0.0011581734694082386,3.7520650193022733e-06,1.8794936976244614,8145,2036,51.24211025238037,0.4240684509277344
