Model,R2,MAE,RMSE,MAPE_percent,n_train,n_test,fit_time_sec,predict_time_sec
cat,0.7276383599791798,0.07645694530789933,0.14830981700712054,5.771084585346931,1421,5684,3.9695069789886475,0.006989240646362305
