Model,R2,MAE,RMSE,MAPE_percent,n_train,n_test,fit_time_sec,predict_time_sec
cat,0.9583606980091083,0.03133433944650244,0.009367859277214199,4.545248603486059,3491,4267,3.2455737590789795,0.004369020462036133
