Model,R2,MAE,RMSE,MAPE_percent,n_train,n_test,fit_time_sec,predict_time_sec
gbm,0.9985194223358508,0.0002518364758640799,1.6260644460522446e-07,2.089930954379294,8145,2036,20.38389277458191,0.014482498168945312
