Model,R2,MAE,RMSE,MAPE_percent,n_train,n_test,fit_time_sec,predict_time_sec
cat,0.9953523520758457,0.002378510139323498,1.2314919809559036e-05,3.9517485418772194,8145,2036,3.6256961822509766,0.0026330947875976562
