Model,R2,MAE,RMSE,MAPE_percent,n_train,n_test,fit_time_sec,predict_time_sec
rf,0.9686671380222638,0.041565731388781314,0.00564600626420695,3.626122422638631,6208,1552,36.10822606086731,0.28243517875671387
