Model,R2,MAE,RMSE,MAPE_percent,n_train,n_test,fit_time_sec,predict_time_sec
cat,0.46233917186703233,0.36692217840057845,0.31971195101181715,34.30674165338369,4755,3170,4.420403003692627,0.004331111907958984
