Model,R2,MAE,RMSE,MAPE_percent,n_train,n_test,fit_time_sec,predict_time_sec
gbm,0.8730492360660165,0.2622964325281781,0.12983948241826848,11.66185389136384,6208,1552,15.019395112991333,0.012198448181152344
