Model,R2,MAE,RMSE,MAPE_percent,n_train,n_test,fit_time_sec,predict_time_sec
gbm,0.9477931706204736,0.25811381255566374,0.13881994251515153,6.7226837585655455,6206,1552,15.43113660812378,0.012608766555786133
