Model,R2,MAE,RMSE,MAPE_percent,n_train,n_test,fit_time_sec,predict_time_sec
cat,0.977417158871719,0.02335027805542572,0.003624790775030589,3.8705094596699965,6206,1552,7.80018424987793,0.017740249633789062
