Model,R2,MAE,RMSE,MAPE_percent,n_train,n_test,fit_time_sec,predict_time_sec
cat,0.777316957404391,0.2061086619524961,0.6754860551964749,1452716877.699821,9059,2265,3.8738529682159424,0.002964496612548828
