Model,R2,MAE,RMSE,MAPE_percent,n_train,n_test,fit_time_sec,predict_time_sec
gbm,0.2599640662358651,0.22717434062179043,0.15557954285100817,56.22438854988423,6206,1552,13.654231548309326,0.011610746383666992
