Model,R2,MAE,RMSE,MAPE_percent,n_train,n_test,fit_time_sec,predict_time_sec
cat,0.31451302640641055,0.14482822825381278,0.07718818158253506,55.4729315652849,3962,3963,4.180682182312012,0.005041837692260742
