Model,R2,MAE,RMSE,MAPE_percent,n_train,n_test,fit_time_sec,predict_time_sec
cat,0.9879689199735121,0.004094625709053663,3.0607241005058345e-05,7.043908718544649,8145,2036,3.545140504837036,0.0025632381439208984
