Model,R2,MAE,RMSE,MAPE_percent,n_train,n_test,fit_time_sec,predict_time_sec
gbm,0.942404198161791,0.11369361716166383,0.03384308272969372,5.7322359702792465,6206,1552,15.504549026489258,0.012196540832519531
