Model,R2,MAE,RMSE,MAPE_percent,n_train,n_test,fit_time_sec,predict_time_sec
cat,0.9573196507327645,0.08051023770691987,0.01643398069416176,436567349.47422874,4526,6790,4.375572681427002,0.009639263153076172
