Model,R2,MAE,RMSE,MAPE_percent,n_train,n_test,fit_time_sec,predict_time_sec
cat,0.9668170564707745,0.1824262132507838,0.07605881684171528,2505619961.0737734,9053,2263,3.7769315242767334,0.005007505416870117
