Model,R2,MAE,RMSE,MAPE_percent,n_train,n_test,fit_time_sec,predict_time_sec
gbm,0.9016093346942643,0.0027728582902287052,0.000943298986651197,3.271224732339264,8145,2036,32.25550603866577,0.027692079544067383
