Model,R2,MAE,RMSE,MAPE_percent,n_train,n_test,fit_time_sec,predict_time_sec
gbm,0.6696733619733612,0.4568127689482643,0.43381822965332,23.996962704882776,6208,1552,13.703532457351685,0.011746406555175781
