Model,R2,MAE,RMSE,MAPE_percent,n_train,n_test,fit_time_sec,predict_time_sec
rf,0.9955594624275543,0.002647458015862778,1.3968278247476015e-05,3.749632634233918,8145,2036,50.77695298194885,0.4252457618713379
