Model,R2,MAE,RMSE,MAPE_percent,n_train,n_test,fit_time_sec,predict_time_sec
cat,0.301609851490806,0.3215518136530755,0.3002820733604792,31.264685670588104,5612,1403,3.216273784637451,0.0023679733276367188
