Model,R2,MAE,RMSE,MAPE_percent,n_train,n_test,fit_time_sec,predict_time_sec
cat,0.8974066319183092,0.27142919245532016,0.12734062706221094,10.514970715057721,6208,1552,3.3297204971313477,0.002309083938598633
