Model,R2,MAE,RMSE,MAPE_percent,n_train,n_test,fit_time_sec,predict_time_sec
rf,0.9864595509124727,0.006099487320422377,0.00010203504009933075,10.646254990995745,8145,2036,50.00493860244751,0.39098286628723145
