Model,R2,MAE,RMSE,MAPE_percent,n_train,n_test,fit_time_sec,predict_time_sec
cat,0.945477763987256,0.11578883937199722,0.03657485142236068,5.658044047051149,6206,1552,3.460585117340088,0.002269268035888672
