Model,R2,MAE,RMSE,MAPE_percent,n_train,n_test,fit_time_sec,predict_time_sec
cat,0.987929060868009,0.015908521591969253,0.0008462277575769308,2.863969532635872,6206,1552,3.41294002532959,0.002269744873046875
