Model,R2,MAE,RMSE,MAPE_percent,n_train,n_test,fit_time_sec,predict_time_sec
cat,0.9675771575120481,0.06771568859869039,0.011149083996244596,4.674094622704324,5548,2377,4.739311218261719,0.0036046504974365234
