Model,R2,MAE,RMSE,MAPE_percent,n_train,n_test,fit_time_sec,predict_time_sec
gbm,0.9033660829237437,0.025270403836334585,0.011068683519517501,103421762.63781199,566,10750,1.4083662033081055,0.07355880737304688
