Model,R2,MAE,RMSE,MAPE_percent,n_train,n_test,fit_time_sec,predict_time_sec
gbm,0.9617441501066207,0.006612555209036495,0.003249828565985056,2.033200702182583,8145,2036,20.668899536132812,0.014467477798461914
