Model,R2,MAE,RMSE,MAPE_percent,n_train,n_test,fit_time_sec,predict_time_sec
rf,0.9851651792366363,0.012097919309139253,0.0004486348454087111,3.464021039338553,5658,5658,32.73083567619324,0.6217167377471924
