Model,R2,MAE,RMSE,MAPE_percent,n_train,n_test,fit_time_sec,predict_time_sec
gbm,0.9890856641673522,0.0009368967181674875,3.876970089779694e-06,7.034893333876578,8145,2036,20.290516138076782,0.015493392944335938
