Model,R2,MAE,RMSE,MAPE_percent,n_train,n_test,fit_time_sec,predict_time_sec
rf,0.9544066859631275,0.031524563316933346,0.013063258680432606,3.4656556141659376,6213,1553,36.78994941711426,0.289203405380249
