Model,R2,MAE,RMSE,MAPE_percent,n_train,n_test,fit_time_sec,predict_time_sec
rf,0.9129243382481269,0.01470874349103322,0.005347234624607739,3.924445515894956,1164,6596,5.825983047485352,0.4802510738372803
