Model,R2,MAE,RMSE,MAPE_percent,n_train,n_test,fit_time_sec,predict_time_sec
rf,0.9876836748179272,0.014774502214930655,0.00042838661774192863,6.504678952868614,8145,2036,54.58295440673828,0.40645408630371094
