Model,R2,MAE,RMSE,MAPE_percent,n_train,n_test,fit_time_sec,predict_time_sec
cat,0.9283677544647164,0.0013242334299280103,3.0394061167649983e-05,8.105027757249658,1527,8654,3.3580315113067627,0.009528398513793945
