Model,R2,MAE,RMSE,MAPE_percent,n_train,n_test,fit_time_sec,predict_time_sec
rf,0.8798902599078665,0.10873279656672795,0.04096751267852194,9.227162742477509,6214,1554,40.603880167007446,0.33116674423217773
