Model,R2,MAE,RMSE,MAPE_percent,n_train,n_test,fit_time_sec,predict_time_sec
rf,0.9724355747052844,0.02366710990599347,0.0024198928019002644,3.7749773740504935,1940,5818,9.87018346786499,0.4632697105407715
