Model,R2,MAE,RMSE,MAPE_percent,n_train,n_test,fit_time_sec,predict_time_sec
cat,0.9864158615898232,0.005465654457493737,0.00014224861457458543,7.120662004167768,8145,2036,3.645502805709839,0.0027124881744384766
