Model,R2,MAE,RMSE,MAPE_percent,n_train,n_test,fit_time_sec,predict_time_sec
rf,0.9581983083202467,0.0015811454571901154,1.7915349771371572e-05,11.60972114824562,8145,2036,50.771918296813965,0.3867340087890625
