Model,R2,MAE,RMSE,MAPE_percent,n_train,n_test,fit_time_sec,predict_time_sec
rf,0.7857382469260431,0.11392109844267159,0.10357746047316856,9.135893050184198,6214,1554,39.98931360244751,0.3099634647369385
