Model,R2,MAE,RMSE,MAPE_percent,n_train,n_test,fit_time_sec,predict_time_sec
cat,0.9600179747990927,0.17099383033505783,0.06050483009073754,5.636117764348203,6340,1585,4.478410720825195,0.0030744075775146484
