Model,R2,MAE,RMSE,MAPE_percent,n_train,n_test,fit_time_sec,predict_time_sec
cat,0.9641650594627733,0.06934771578602031,0.02418755604879805,952004062.3911778,9053,2263,3.7213618755340576,0.0032758712768554688
