Model,R2,MAE,RMSE,MAPE_percent,n_train,n_test,fit_time_sec,predict_time_sec
cat,0.9950183737238671,0.0006088115983978722,6.795659960701657e-07,4.387627691119992,8145,2036,3.5580267906188965,0.002650022506713867
