Model,R2,MAE,RMSE,MAPE_percent,n_train,n_test,fit_time_sec,predict_time_sec
cat,0.9897027235321909,0.01645557466513226,0.0005473209222446966,9.066509521590719,1018,9163,3.9905409812927246,0.01161956787109375
