Model,R2,MAE,RMSE,MAPE_percent,n_train,n_test,fit_time_sec,predict_time_sec
cat,0.9503371995664024,0.08339037360816996,0.029530572322746744,5.776323760817637,3566,4359,4.58246922492981,0.0068171024322509766
