Model,R2,MAE,RMSE,MAPE_percent,n_train,n_test,fit_time_sec,predict_time_sec
rf,0.9947082609154198,0.008887323862341704,0.0006423788200318524,149332.06627734567,9053,2263,55.968180656433105,0.4383046627044678
