Model,R2,MAE,RMSE,MAPE_percent,n_train,n_test,fit_time_sec,predict_time_sec
rf,0.743460480386948,0.27804117742912693,0.8174642329829922,6.884377571333129,6213,1553,36.57492709159851,0.27823495864868164
