Model,R2,MAE,RMSE,MAPE_percent,n_train,n_test,fit_time_sec,predict_time_sec
cat,0.9072660416631708,0.0052908327209381075,0.0008622908201103716,7.48270218966207,4072,6109,4.631676435470581,0.0071146488189697266
