Model,R2,MAE,RMSE,MAPE_percent,n_train,n_test,fit_time_sec,predict_time_sec
gbm,0.9612510196982257,0.1278186351406582,0.04807552327892573,5.455167149258985,6208,1552,32.046223640441895,0.012941122055053711
