Model,R2,MAE,RMSE,MAPE_percent,n_train,n_test,fit_time_sec,predict_time_sec
rf,0.9689819929776801,0.05361402514451271,0.007398111616918728,3.9644205934218175,5684,1421,33.724305391311646,0.26593756675720215
