Model,R2,MAE,RMSE,MAPE_percent,n_train,n_test,fit_time_sec,predict_time_sec
cat,0.9399777987015072,0.05881303041629747,0.02078442311125146,5.017863623357037,6208,1552,3.4336748123168945,0.002288341522216797
