Model,R2,MAE,RMSE,MAPE_percent,n_train,n_test,fit_time_sec,predict_time_sec
rf,0.9670164896027568,0.042635168904001194,0.006344005623721848,3.7820577151405828,6208,1552,35.90901756286621,0.28451108932495117
