Model,R2,MAE,RMSE,MAPE_percent,n_train,n_test,fit_time_sec,predict_time_sec
cat,0.3166160384937041,0.1481223400918019,0.09398554368880035,547938648.6335835,9053,2263,3.327230930328369,0.002902984619140625
