Model,R2,MAE,RMSE,MAPE_percent,n_train,n_test,fit_time_sec,predict_time_sec
cat,0.8083083446210073,0.0013339253708911465,0.0001300708711683565,7.63314620905235,8151,2038,3.8782572746276855,0.0028760433197021484
