Model,R2,MAE,RMSE,MAPE_percent,n_train,n_test,fit_time_sec,predict_time_sec
cat,0.9393146415133252,0.10947428445224026,0.036132110123089,2088775386.112725,566,10750,4.114706993103027,0.015301704406738281
