Model,R2,MAE,RMSE,MAPE_percent,n_train,n_test,fit_time_sec,predict_time_sec
rf,0.9659954321160776,0.1590078512606378,0.06738123036313506,5.424666020471304,6340,1585,37.74518346786499,0.2898223400115967
