Model,R2,MAE,RMSE,MAPE_percent,n_train,n_test,fit_time_sec,predict_time_sec
cat,0.9722834741119726,0.012067930978378758,0.0034932246212714692,330584550.64349437,9053,2263,3.736943244934082,0.0030007362365722656
