Model,R2,MAE,RMSE,MAPE_percent,n_train,n_test,fit_time_sec,predict_time_sec
gbm,0.9574762309709374,0.08052861326970182,0.01811847578656657,6.266879996380979,9059,2265,22.562721490859985,0.017277240753173828
