Model,R2,MAE,RMSE,MAPE_percent,n_train,n_test,fit_time_sec,predict_time_sec
cat,0.8753162287125014,0.02543278229327443,0.009724297742187483,14.729105971296628,1018,9163,3.8141894340515137,0.009784221649169922
