Model,R2,MAE,RMSE,MAPE_percent,n_train,n_test,fit_time_sec,predict_time_sec
gbm,0.9393639822105125,0.019350304606391523,0.006848805253431849,60636205.869563386,9053,2263,44.084877252578735,0.030025243759155273
