Model,R2,MAE,RMSE,MAPE_percent,n_train,n_test,fit_time_sec,predict_time_sec
gbm,0.34887716644532263,0.013656724635620362,0.040325761219964666,3.5820128270065665,8151,2038,20.460509061813354,0.012445449829101562
