Model,R2,MAE,RMSE,MAPE_percent,n_train,n_test,fit_time_sec,predict_time_sec
gbm,0.934689654255737,0.00940403073568562,0.0038354438006343353,2.2595195817552627,6208,1552,15.503865242004395,0.012061595916748047
