Model,R2,MAE,RMSE,MAPE_percent,n_train,n_test,fit_time_sec,predict_time_sec
cat,0.9844060872470527,0.01459791892182299,0.0005259570906366908,9400884.231705254,4526,6790,4.600426912307739,0.009144783020019531
