Model,R2,MAE,RMSE,MAPE_percent,n_train,n_test,fit_time_sec,predict_time_sec
rf,0.9848074430559306,0.0009037548806004086,2.2219462687932167e-06,6.805653821100094,8151,2038,55.67003417015076,0.38361096382141113
