Model,R2,MAE,RMSE,MAPE_percent,n_train,n_test,fit_time_sec,predict_time_sec
gbm,0.995080961664998,0.0030695965956282043,1.8761009810916123e-05,3.9036496395592293,8145,2036,20.24863362312317,0.014066934585571289
