Model,R2,MAE,RMSE,MAPE_percent,n_train,n_test,fit_time_sec,predict_time_sec
gbm,0.9988704669240773,0.0002851792801319711,2.934382140252128e-07,2.10917240954815,8145,2036,36.528273820877075,0.0149688720703125
