Model,R2,MAE,RMSE,MAPE_percent,n_train,n_test,fit_time_sec,predict_time_sec
cat,0.326062836847514,0.1462415348022638,0.06890851498045936,5225126684.933941,7355,3961,4.510263919830322,0.006165266036987305
