Model,R2,MAE,RMSE,MAPE_percent,n_train,n_test,fit_time_sec,predict_time_sec
cat,0.9943462932504117,0.0005919903722854494,6.678798194441415e-07,4.324428863421083,8145,2036,3.574378252029419,0.002944469451904297
