Model,R2,MAE,RMSE,MAPE_percent,n_train,n_test,fit_time_sec,predict_time_sec
rf,0.20969289785956402,0.0012850480234921553,0.00012875938775407748,8.821361459557272,8151,2038,54.86809706687927,0.4328498840332031
