Model,R2,MAE,RMSE,MAPE_percent,n_train,n_test,fit_time_sec,predict_time_sec
gbm,0.937124632408044,0.1433632069288877,0.06206149465587225,5.907966376864501,6208,1552,15.646613121032715,0.012288093566894531
