Model,R2,MAE,RMSE,MAPE_percent,n_train,n_test,fit_time_sec,predict_time_sec
gbm,0.8967034076116593,0.005948734238460419,0.0009944834404098375,11.767863211283853,8145,2036,18.055935859680176,0.015500068664550781
