Model,R2,MAE,RMSE,MAPE_percent,n_train,n_test,fit_time_sec,predict_time_sec
rf,0.9930659978849741,0.004997670447999409,8.340285536901269e-05,1.8223238895626714,6208,1552,37.6205313205719,0.27364587783813477
