Model,R2,MAE,RMSE,MAPE_percent,n_train,n_test,fit_time_sec,predict_time_sec
cat,0.9925618504196144,0.000931214985611845,2.2579009134099354e-06,7.489818733895079,8145,2036,3.6960806846618652,0.0026731491088867188
