Model,R2,MAE,RMSE,MAPE_percent,n_train,n_test,fit_time_sec,predict_time_sec
rf,0.994890808689385,0.008907692176821986,0.00017351655133713735,3.895855900889273,8145,2036,52.22020363807678,0.40491485595703125
