Model,R2,MAE,RMSE,MAPE_percent,n_train,n_test,fit_time_sec,predict_time_sec
cat,0.3376658056638192,0.33543174160911376,0.32933426695423934,33.249355169773445,1754,5261,3.8367674350738525,0.006274223327636719
