Model,R2,MAE,RMSE,MAPE_percent,n_train,n_test,fit_time_sec,predict_time_sec
gbm,-1.9331418332938912,0.014453929731611753,0.04262006816522309,15.690267024853272,8151,2038,18.231095552444458,0.014902830123901367
