Model,R2,MAE,RMSE,MAPE_percent,n_train,n_test,fit_time_sec,predict_time_sec
gbm,0.9508992129387926,0.14730980166963314,0.06284643687878726,6.277438098295314,6208,1552,26.603309392929077,0.012775897979736328
