Model,R2,MAE,RMSE,MAPE_percent,n_train,n_test,fit_time_sec,predict_time_sec
cat,0.955656919366033,0.05172632849332002,0.008870952625580778,4.670846355207911,6208,1552,3.5653140544891357,0.0023190975189208984
