Model,R2,MAE,RMSE,MAPE_percent,n_train,n_test,fit_time_sec,predict_time_sec
rf,0.9978774544131717,0.00025713966970194297,2.214697370715778e-07,1.9952590551813496,8145,2036,51.41441226005554,0.38785290718078613
