Model,R2,MAE,RMSE,MAPE_percent,n_train,n_test,fit_time_sec,predict_time_sec
cat,0.9903364938706714,0.008278976524450974,0.000666616495799533,3.7978185242775067,8145,2036,3.8199596405029297,0.004110813140869141
