Model,R2,MAE,RMSE,MAPE_percent,n_train,n_test,fit_time_sec,predict_time_sec
cat,0.9605089524680928,0.13326498172234957,0.05018637651780026,5.861608438454942,6208,1552,3.5578958988189697,0.0023648738861083984
