Model,R2,MAE,RMSE,MAPE_percent,n_train,n_test,fit_time_sec,predict_time_sec
cat,0.9533027409109112,0.17438266301856906,0.07121317699866084,5.560117841478158,6208,1552,3.4406726360321045,0.0023479461669921875
