Model,R2,MAE,RMSE,MAPE_percent,n_train,n_test,fit_time_sec,predict_time_sec
rf,0.9651917429092713,0.015084419864142924,0.00352287601294987,541682.6805840838,9059,2265,56.52451419830322,0.43523383140563965
