Model,R2,MAE,RMSE,MAPE_percent,n_train,n_test,fit_time_sec,predict_time_sec
cat,0.8344047110173254,0.28443957249353713,0.20933739247361907,10.79965403106007,6214,1554,3.445030927658081,0.002332925796508789
