Model,R2,MAE,RMSE,MAPE_percent,n_train,n_test,fit_time_sec,predict_time_sec
gbm,0.9982462315235757,0.006503736229232644,0.00011806569587463719,3.0008117091849065,8145,2036,21.516772270202637,0.01548624038696289
