Model,R2,MAE,RMSE,MAPE_percent,n_train,n_test,fit_time_sec,predict_time_sec
gbm,0.9586105437444675,0.10044406892196388,0.02474347701670909,4.998518286754556,6206,1552,15.458450078964233,0.012135028839111328
