Model,R2,MAE,RMSE,MAPE_percent,n_train,n_test,fit_time_sec,predict_time_sec
gbm,0.9490148113378083,0.2748206511993986,0.16039855583035703,7.558460420075293,6206,1552,15.477888345718384,0.012652158737182617
