Model,R2,MAE,RMSE,MAPE_percent,n_train,n_test,fit_time_sec,predict_time_sec
rf,0.9519735261865608,0.24276588892358816,0.12814104558491365,6.417943078674616,6206,1552,36.261667013168335,0.28379225730895996
