Model,R2,MAE,RMSE,MAPE_percent,n_train,n_test,fit_time_sec,predict_time_sec
cat,0.9560655704774755,0.2443482924663377,0.14179995742183954,6.764623191177622,6206,1552,3.6822407245635986,0.0024874210357666016
