Model,R2,MAE,RMSE,MAPE_percent,n_train,n_test,fit_time_sec,predict_time_sec
rf,0.8811103283165919,0.0033100512972947193,0.0011446051316040995,4.265993959557093,8145,2036,51.495102882385254,0.39690661430358887
