Model,R2,MAE,RMSE,MAPE_percent,n_train,n_test,fit_time_sec,predict_time_sec
gbm,0.9972933696801799,0.000554367423939473,7.031478617177882e-07,4.357313122334245,8145,2036,20.504303216934204,0.014186620712280273
