Model,R2,MAE,RMSE,MAPE_percent,n_train,n_test,fit_time_sec,predict_time_sec
cat,0.7385419327295453,0.00211555073239161,0.000131533206632093,12.375649216621428,8151,2038,3.836970329284668,0.002711772918701172
