Model,R2,MAE,RMSE,MAPE_percent,n_train,n_test,fit_time_sec,predict_time_sec
rf,0.9902259351756989,0.008386571691227045,0.00027602244824648464,2.042581754044747,6340,1585,39.37805962562561,0.29157376289367676
