Model,R2,MAE,RMSE,MAPE_percent,n_train,n_test,fit_time_sec,predict_time_sec
cat,0.9630119189153945,0.04792786769871277,0.006704653502908234,4.454952969392681,6208,1552,4.334121942520142,0.002625703811645508
