Model,R2,MAE,RMSE,MAPE_percent,n_train,n_test,fit_time_sec,predict_time_sec
cat,0.7037426720024418,0.5312621513027749,0.569870175149301,21.11482334645037,5548,2377,4.3912131786346436,0.0036983489990234375
