Model,R2,MAE,RMSE,MAPE_percent,n_train,n_test,fit_time_sec,predict_time_sec
cat,0.9114622778446325,0.271557893596848,0.1380824781905185,11.392140166367659,6208,1552,3.717521905899048,0.002471923828125
