Model,R2,MAE,RMSE,MAPE_percent,n_train,n_test,fit_time_sec,predict_time_sec
rf,0.9656537403226787,0.017422218081539657,0.0035489128155983068,3268888.315494412,7921,3395,48.74450373649597,0.5119462013244629
