Model,R2,MAE,RMSE,MAPE_percent,n_train,n_test,fit_time_sec,predict_time_sec
cat,0.9825037188796645,0.001385233580086467,5.4667392331966955e-06,13.03996927446919,6109,4072,4.467254638671875,0.004840373992919922
