Model,R2,MAE,RMSE,MAPE_percent,n_train,n_test,fit_time_sec,predict_time_sec
gbm,0.972806546364909,0.014635880958823375,0.002798073075614243,121.4939492799259,9053,2263,22.90236210823059,0.017421245574951172
