Model,R2,MAE,RMSE,MAPE_percent,n_train,n_test,fit_time_sec,predict_time_sec
rf,0.9276659614824069,0.2736048556574314,0.23042074511369012,7.441202127494482,6213,1553,37.08524203300476,0.2845611572265625
