Model,R2,MAE,RMSE,MAPE_percent,n_train,n_test,fit_time_sec,predict_time_sec
cat,0.9308699659745605,0.22717985743629182,0.1415690269020528,8.654187444079223,792,7133,3.630636692047119,0.009725093841552734
