Model,R2,MAE,RMSE,MAPE_percent,n_train,n_test,fit_time_sec,predict_time_sec
cat,0.9904984661801524,0.014744079045093133,0.00047703591598092794,7.7275875641244856,2545,7636,4.414974927902222,0.008801937103271484
