Model,R2,MAE,RMSE,MAPE_percent,n_train,n_test,fit_time_sec,predict_time_sec
cat,0.9854816668762786,0.012347361029100194,0.0003600457802771136,3.6664735110174838,7355,3961,4.8158204555511475,0.005414009094238281
