Model,R2,MAE,RMSE,MAPE_percent,n_train,n_test,fit_time_sec,predict_time_sec
rf,0.9598859393445882,0.132736947684726,0.03838569319237288,5.566675136244992,6208,1552,36.619990825653076,0.28325462341308594
