Model,R2,MAE,RMSE,MAPE_percent,n_train,n_test,fit_time_sec,predict_time_sec
cat,0.9957658372811943,0.003064393139228492,2.928535215623305e-05,5.137078405739357,8145,2036,3.6358232498168945,0.0025942325592041016
