Model,R2,MAE,RMSE,MAPE_percent,n_train,n_test,fit_time_sec,predict_time_sec
gbm,0.988128046477977,0.0009342341751592712,1.542576574706598e-06,6.98585834836571,8145,2036,19.783010959625244,0.015095710754394531
