Model,R2,MAE,RMSE,MAPE_percent,n_train,n_test,fit_time_sec,predict_time_sec
gbm,0.5052425905169149,0.005799425608399432,0.0021203550850357375,7.765553904419114,8151,2038,19.851880311965942,0.013374805450439453
