Model,R2,MAE,RMSE,MAPE_percent,n_train,n_test,fit_time_sec,predict_time_sec
cat,0.7489007688005314,0.5280582256272047,0.5691344548764325,1778725949.1204188,5092,6224,4.244702339172363,0.009238958358764648
