Model,R2,MAE,RMSE,MAPE_percent,n_train,n_test,fit_time_sec,predict_time_sec
gbm,0.982823470791367,0.019336253476434504,0.001177425541950769,3.3143380627692474,6206,1552,15.653758525848389,0.011635303497314453
