Model,R2,MAE,RMSE,MAPE_percent,n_train,n_test,fit_time_sec,predict_time_sec
rf,0.9283342239828397,0.000962354152893488,2.3810998243991927e-05,7.608518992974514,3054,7127,16.856217861175537,0.6684305667877197
