Model,R2,MAE,RMSE,MAPE_percent,n_train,n_test,fit_time_sec,predict_time_sec
cat,0.9393643254144761,0.1320726832177946,0.06155016117711296,6.446877634640974,6206,1552,3.5004074573516846,0.002361774444580078
