Model,R2,MAE,RMSE,MAPE_percent,n_train,n_test,fit_time_sec,predict_time_sec
cat,0.9751165222636728,0.056750366459580905,0.007055758493860413,4.556537054074411,3908,3197,4.602004051208496,0.004668235778808594
