Model,R2,MAE,RMSE,MAPE_percent,n_train,n_test,fit_time_sec,predict_time_sec
cat,0.9854282959862581,0.01422326523509573,0.0006204611449948423,4.332890419140392,9059,2265,3.6968963146209717,0.0028417110443115234
