Model,R2,MAE,RMSE,MAPE_percent,n_train,n_test,fit_time_sec,predict_time_sec
cat,0.9842434225219148,0.00986561286263335,0.00041741594477910405,2.491904868381929,6208,1552,3.4001452922821045,0.002338886260986328
