Model,R2,MAE,RMSE,MAPE_percent,n_train,n_test,fit_time_sec,predict_time_sec
rf,0.982495946411975,0.0007166208961157483,7.501879226533471e-06,4.1653219173468266,8145,2036,52.82830047607422,0.400925874710083
