Model,R2,MAE,RMSE,MAPE_percent,n_train,n_test,fit_time_sec,predict_time_sec
cat,0.9868636006863404,0.013770097801983473,0.0003814146983837932,6.868331035787543,8145,2036,4.745700120925903,0.0030057430267333984
