Model,R2,MAE,RMSE,MAPE_percent,n_train,n_test,fit_time_sec,predict_time_sec
rf,0.9981299054284447,0.00031533526610586236,3.216438022203742e-07,1.9361114000649746,8145,2036,51.701632022857666,0.46162962913513184
