Model,R2,MAE,RMSE,MAPE_percent,n_train,n_test,fit_time_sec,predict_time_sec
gbm,-0.25302788849304503,0.0030238469811073123,0.0005330096841580928,17.00131485977934,8151,2038,18.269153118133545,0.015134096145629883
