Model,R2,MAE,RMSE,MAPE_percent,n_train,n_test,fit_time_sec,predict_time_sec
cat,0.8522392279882954,0.0018718965741267534,5.35392109987e-05,14.569073974840984,509,9672,3.40492582321167,0.009954452514648438
