Model,R2,MAE,RMSE,MAPE_percent,n_train,n_test,fit_time_sec,predict_time_sec
cat,0.8584154318615871,0.0014592054519689001,5.1301343140802226e-05,9.490325847578774,509,9672,3.582615852355957,0.009631633758544922
