Model,R2,MAE,RMSE,MAPE_percent,n_train,n_test,fit_time_sec,predict_time_sec
gbm,0.8693094549272165,0.270402301382889,0.127250026975756,12.11779828772606,6208,1552,14.743459463119507,0.012175798416137695
