Model,R2,MAE,RMSE,MAPE_percent,n_train,n_test,fit_time_sec,predict_time_sec
gbm,0.98826565335677,0.0012914543250478448,3.5944263463954995e-06,11.600361436976229,8145,2036,19.48614239692688,0.015506267547607422
