Model,R2,MAE,RMSE,MAPE_percent,n_train,n_test,fit_time_sec,predict_time_sec
cat,0.9888094852746577,0.01501427392031974,0.0004213823663234689,6.595154249440611,8145,2036,3.476820945739746,0.0026645660400390625
