Model,R2,MAE,RMSE,MAPE_percent,n_train,n_test,fit_time_sec,predict_time_sec
cat,0.9601578128762475,0.08333691770781376,0.0255566336514867,1117680988.449318,7355,3961,4.792623519897461,0.005076885223388672
