Model,R2,MAE,RMSE,MAPE_percent,n_train,n_test,fit_time_sec,predict_time_sec
cat,0.984918955927417,0.0009545759204889674,1.6412791191639204e-06,7.1781181072129066,5090,5091,3.4977023601531982,0.0050084590911865234
