Model,R2,MAE,RMSE,MAPE_percent,n_train,n_test,fit_time_sec,predict_time_sec
rf,0.34756307199901226,0.10169143337289298,0.051554804735413975,57.24588023853051,6208,1552,43.028156757354736,0.31051063537597656
