Model,R2,MAE,RMSE,MAPE_percent,n_train,n_test,fit_time_sec,predict_time_sec
cat,0.9946884163632764,0.0036643632398556027,4.75772926966693e-05,4.917529029775393,8145,2036,3.478675127029419,0.0026352405548095703
