Model,R2,MAE,RMSE,MAPE_percent,n_train,n_test,fit_time_sec,predict_time_sec
gbm,0.9779134869091839,0.001092446221930902,2.329872979492423e-06,10.033705223844493,8145,2036,19.456958770751953,0.015439748764038086
