Model,R2,MAE,RMSE,MAPE_percent,n_train,n_test,fit_time_sec,predict_time_sec
rf,0.7820996592615596,0.4702656977427776,0.5040095214963303,439113711.42721707,9053,2263,57.104310750961304,0.4508795738220215
