Model,R2,MAE,RMSE,MAPE_percent,n_train,n_test,fit_time_sec,predict_time_sec
cat,0.9432079554450962,0.1370742064921853,0.07513000449626682,5.843589368189007,6208,1552,7.240426778793335,0.017750024795532227
