Model,R2,MAE,RMSE,MAPE_percent,n_train,n_test,fit_time_sec,predict_time_sec
cat,0.9412445005895294,0.08934729387873022,0.03514267947803906,6.364449875986603,1981,5944,4.449533939361572,0.006312370300292969
