Model,R2,MAE,RMSE,MAPE_percent,n_train,n_test,fit_time_sec,predict_time_sec
cat,0.9963413780791929,0.003195342077060383,3.54546635760564e-05,4.199039967858996,8145,2036,3.72869873046875,0.002649068832397461
