Model,R2,MAE,RMSE,MAPE_percent,n_train,n_test,fit_time_sec,predict_time_sec
cat,0.9867221375252144,0.008287991605031846,0.0008126704371691801,4.473474302241159,8145,2036,4.594167709350586,0.003254413604736328
