Model,R2,MAE,RMSE,MAPE_percent,n_train,n_test,fit_time_sec,predict_time_sec
rf,0.997272663881999,0.001344507114240367,1.8863469348811412e-05,1.998308974950088,8145,2036,51.60702991485596,0.402860164642334
