Model,R2,MAE,RMSE,MAPE_percent,n_train,n_test,fit_time_sec,predict_time_sec
cat,0.3012802366046946,0.3191310375652742,0.4422290161891331,32.116848635196526,3197,3908,4.176976919174194,0.005346775054931641
