Model,R2,MAE,RMSE,MAPE_percent,n_train,n_test,fit_time_sec,predict_time_sec
gbm,0.9385909028336166,0.2732473273819634,0.16580436704991028,7.1216383624256325,6206,1552,15.406646490097046,0.012528657913208008
