Model,R2,MAE,RMSE,MAPE_percent,n_train,n_test,fit_time_sec,predict_time_sec
cat,0.5321731551702087,0.03537595992963634,0.06552616612820343,16.518819689154427,8151,2038,3.4260549545288086,0.0024802684783935547
