Model,R2,MAE,RMSE,MAPE_percent,n_train,n_test,fit_time_sec,predict_time_sec
cat,0.676462893487607,0.5577994023039476,0.6918700939747158,23.005432281037525,4359,3566,4.25161600112915,0.005151033401489258
