Model,R2,MAE,RMSE,MAPE_percent,n_train,n_test,fit_time_sec,predict_time_sec
rf,0.9593955231882556,0.02235013049264111,0.0036287242689480876,11.327731581912976,8145,2036,51.68863034248352,0.4423553943634033
