Model,R2,MAE,RMSE,MAPE_percent,n_train,n_test,fit_time_sec,predict_time_sec
rf,0.9949711740372504,0.004381173845044992,3.836101645958955e-05,6.931550754662634,8145,2036,51.24479007720947,0.4007539749145508
