Model,R2,MAE,RMSE,MAPE_percent,n_train,n_test,fit_time_sec,predict_time_sec
cat,0.9923038466548962,0.0003865873669384314,2.3312768132755048e-06,2.8823995025386866,8145,2036,3.7687270641326904,0.0027904510498046875
