Model,R2,MAE,RMSE,MAPE_percent,n_train,n_test,fit_time_sec,predict_time_sec
cat,0.9821911306694432,0.0011297033880752173,8.286984661079493e-06,7.48074714913922,8145,2036,16.413823127746582,0.01680445671081543
