Model,R2,MAE,RMSE,MAPE_percent,n_train,n_test,fit_time_sec,predict_time_sec
cat,0.9957767897585942,0.007372158519884383,0.00011956980120800139,3.4295906401561953,8145,2036,3.844489812850952,0.0028297901153564453
