Model,R2,MAE,RMSE,MAPE_percent,n_train,n_test,fit_time_sec,predict_time_sec
gbm,0.998932666448987,0.003718927772632595,3.0030924214568997e-05,1.6463233958599344,8151,2038,20.82102394104004,0.012079954147338867
