Model,R2,MAE,RMSE,MAPE_percent,n_train,n_test,fit_time_sec,predict_time_sec
cat,0.9768401787099292,0.01701853177655544,0.000981859664846869,186370833.9848526,2829,8487,3.432393789291382,0.01044154167175293
