Model,R2,MAE,RMSE,MAPE_percent,n_train,n_test,fit_time_sec,predict_time_sec
gbm,0.8486616796566077,0.025848149044560186,0.018479010545527495,108758259.5025049,4526,6790,11.047157526016235,0.04573178291320801
