Model,R2,MAE,RMSE,MAPE_percent,n_train,n_test,fit_time_sec,predict_time_sec
rf,0.985377605200803,0.0009150278382497895,1.5572017152914101e-06,6.891751096370719,5090,5091,29.939221143722534,0.5766880512237549
