Model,R2,MAE,RMSE,MAPE_percent,n_train,n_test,fit_time_sec,predict_time_sec
gbm,0.9637415936391036,0.004898937070757037,0.002218396988098654,1.8559798304140558,8145,2036,22.172056674957275,0.015215396881103516
