Model,R2,MAE,RMSE,MAPE_percent,n_train,n_test,fit_time_sec,predict_time_sec
cat,0.9847636404350959,0.0009276612131524133,1.9762701986039452e-06,6.931003161219462,8145,2036,3.5784671306610107,0.0026311874389648438
