Model,R2,MAE,RMSE,MAPE_percent,n_train,n_test,fit_time_sec,predict_time_sec
rf,0.9768458484448537,0.021418674938531574,0.0033303740647404067,2.871220884151627,6206,1552,47.78759551048279,0.5386128425598145
