Model,R2,MAE,RMSE,MAPE_percent,n_train,n_test,fit_time_sec,predict_time_sec
cat,0.9454619658516922,0.11590674449667224,0.034151201730240284,5.952663281143825,6213,1553,3.4999585151672363,0.002332925796508789
