Model,R2,MAE,RMSE,MAPE_percent,n_train,n_test,fit_time_sec,predict_time_sec
cat,0.9354803239200119,0.00547053290167546,0.0005632525008418391,7.959981931855735,2545,7636,7.913384675979614,0.007665872573852539
