Model,R2,MAE,RMSE,MAPE_percent,n_train,n_test,fit_time_sec,predict_time_sec
cat,0.7261452271208007,0.0267774294077566,0.016880128831891737,8.173036351910971,388,7372,2.582422971725464,0.009316205978393555
