Model,R2,MAE,RMSE,MAPE_percent,n_train,n_test,fit_time_sec,predict_time_sec
gbm,0.8866274430617558,0.010310692867472692,0.011283036867008588,3.945868938127941,8145,2036,20.31154155731201,0.015060186386108398
