Model,R2,MAE,RMSE,MAPE_percent,n_train,n_test,fit_time_sec,predict_time_sec
gbm,0.9982313179953335,0.002111520789742648,1.1205575685276056e-05,3.3113963963114967,8145,2036,20.284496545791626,0.014276742935180664
