Model,R2,MAE,RMSE,MAPE_percent,n_train,n_test,fit_time_sec,predict_time_sec
rf,0.4996380223938556,0.005498383370841227,0.0021443742796781666,7.316177132482829,8151,2038,55.34778690338135,0.39022397994995117
