Model,R2,MAE,RMSE,MAPE_percent,n_train,n_test,fit_time_sec,predict_time_sec
rf,0.9939052169343923,0.00510548734949818,7.744058408062602e-05,1.8602287874376047,6208,1552,37.4439582824707,0.2788574695587158
