Model,R2,MAE,RMSE,MAPE_percent,n_train,n_test,fit_time_sec,predict_time_sec
cat,0.9606468982265475,0.08346761000992596,0.025393977247885426,1728841089.474537,6790,4526,4.892653942108154,0.006076812744140625
