Model,R2,MAE,RMSE,MAPE_percent,n_train,n_test,fit_time_sec,predict_time_sec
cat,0.8985679952324449,0.005288679281502061,0.0009781561821963244,7.458475195374714,5090,5091,4.7079408168792725,0.0060138702392578125
