Model,R2,MAE,RMSE,MAPE_percent,n_train,n_test,fit_time_sec,predict_time_sec
rf,0.8676089702027618,0.008719296645840268,0.013175788836421422,2.977677083016282,8145,2036,50.729589223861694,0.40294432640075684
