Model,R2,MAE,RMSE,MAPE_percent,n_train,n_test,fit_time_sec,predict_time_sec
cat,0.9569592516001398,0.18910977444515079,0.07070679125614604,7.41880177529912,7355,3961,4.880662202835083,0.005057573318481445
