Model,R2,MAE,RMSE,MAPE_percent,n_train,n_test,fit_time_sec,predict_time_sec
rf,0.9947034500932301,0.0044928648096706145,7.016081444306965e-05,1.6061701811786657,6208,1552,37.44778060913086,0.2734260559082031
