Model,R2,MAE,RMSE,MAPE_percent,n_train,n_test,fit_time_sec,predict_time_sec
gbm,0.9974513138541626,0.006026406437056382,7.006858547149029e-05,2.873963343917244,8151,2038,20.544939517974854,0.012369155883789062
