Model,R2,MAE,RMSE,MAPE_percent,n_train,n_test,fit_time_sec,predict_time_sec
cat,0.863530329789256,0.022273549198726744,0.015533908008511637,4.943147337647301,1585,6340,4.874618053436279,0.006781816482543945
