Model,R2,MAE,RMSE,MAPE_percent,n_train,n_test,fit_time_sec,predict_time_sec
gbm,0.9924389630729308,0.0022855929656906814,5.673248966750452e-05,3.330420563980124,8145,2036,20.929811239242554,0.014012813568115234
