Model,R2,MAE,RMSE,MAPE_percent,n_train,n_test,fit_time_sec,predict_time_sec
cat,0.8653655612750645,0.08145822614646941,0.06033904797607414,6.317074835436857,2104,4911,4.496581554412842,0.0061168670654296875
