Model,R2,MAE,RMSE,MAPE_percent,n_train,n_test,fit_time_sec,predict_time_sec
rf,0.9587380496540503,0.13892869572157607,0.05696051533672218,5.708232805811981,6208,1552,36.74182987213135,0.28466343879699707
