Model,R2,MAE,RMSE,MAPE_percent,n_train,n_test,fit_time_sec,predict_time_sec
rf,0.9867455578462374,0.006202187016564318,0.00010750160411547509,11.342918076793449,8145,2036,50.11860132217407,0.3960893154144287
