Model,R2,MAE,RMSE,MAPE_percent,n_train,n_test,fit_time_sec,predict_time_sec
rf,0.9469456760624037,0.03265273875462619,0.01149329753285606,4.216801680777811,2715,5043,14.532254457473755,0.468569278717041
