Model,R2,MAE,RMSE,MAPE_percent,n_train,n_test,fit_time_sec,predict_time_sec
rf,0.9952525113016075,0.0007808378060595048,1.2177057822635306e-06,7.451130504384648,8145,2036,51.586586713790894,0.4577975273132324
