Model,R2,MAE,RMSE,MAPE_percent,n_train,n_test,fit_time_sec,predict_time_sec
cat,0.7181634024602583,0.07911499531533306,0.15384169733222364,6.3303191834979495,1066,6039,3.8111624717712402,0.0067331790924072266
