Model,R2,MAE,RMSE,MAPE_percent,n_train,n_test,fit_time_sec,predict_time_sec
gbm,0.979681423225879,0.0008962227165189562,1.3786014013464743e-06,6.599532502795164,8145,2036,19.695109367370605,0.014629364013671875
