Model,R2,MAE,RMSE,MAPE_percent,n_train,n_test,fit_time_sec,predict_time_sec
cat,0.9136248804360441,0.005398317647768253,0.0007935867708693015,7.590924315408711,3054,7127,4.627113342285156,0.007909774780273438
