Model,R2,MAE,RMSE,MAPE_percent,n_train,n_test,fit_time_sec,predict_time_sec
cat,0.9822287567725506,0.018704049457525556,0.0011193931173057905,10.387594735191879,509,9672,3.573960304260254,0.009312152862548828
