Model,R2,MAE,RMSE,MAPE_percent,n_train,n_test,fit_time_sec,predict_time_sec
rf,0.9973813548640584,0.005951961186219655,6.951195022324234e-05,2.80609964938587,8145,2036,50.49203038215637,0.3691897392272949
