Model,R2,MAE,RMSE,MAPE_percent,n_train,n_test,fit_time_sec,predict_time_sec
cat,0.8360219608685375,0.03035918676673263,0.01901199620311958,1240582151.292038,566,10750,2.9682528972625732,0.014107704162597656
