Model,R2,MAE,RMSE,MAPE_percent,n_train,n_test,fit_time_sec,predict_time_sec
gbm,0.9162433051487996,0.001024329373445207,2.8346915804964896e-05,7.258437337452514,8145,2036,28.911837339401245,0.028311491012573242
