Model,R2,MAE,RMSE,MAPE_percent,n_train,n_test,fit_time_sec,predict_time_sec
cat,0.9867348207434886,0.004601084487158706,4.217425804733395e-05,6.925603160553977,8145,2036,3.760434627532959,0.002642393112182617
