Model,R2,MAE,RMSE,MAPE_percent,n_train,n_test,fit_time_sec,predict_time_sec
gbm,0.9901704518150437,0.01838248825841432,0.0006451151657285412,11.629560372759528,8145,2036,35.52032136917114,0.015507698059082031
