Model,R2,MAE,RMSE,MAPE_percent,n_train,n_test,fit_time_sec,predict_time_sec
cat,0.9855050610407742,0.012998955657863234,0.0005012133228003658,19346237.153408043,9053,2263,3.8004181385040283,0.003030061721801758
