Model,R2,MAE,RMSE,MAPE_percent,n_train,n_test,fit_time_sec,predict_time_sec
cat,0.9969231241544946,0.001910043314947567,7.963838681098016e-06,3.1958351551421225,8145,2036,3.6608939170837402,0.0026717185974121094
