Model,R2,MAE,RMSE,MAPE_percent,n_train,n_test,fit_time_sec,predict_time_sec
rf,0.9723718595756208,0.000628487171662646,9.339396743666025e-06,4.016070657249559,8145,2036,50.82347869873047,0.3794219493865967
