Model,R2,MAE,RMSE,MAPE_percent,n_train,n_test,fit_time_sec,predict_time_sec
gbm,0.9677891017778784,0.07088616867267868,0.013060183767555574,5.430711876698114,9053,2263,22.701449632644653,0.017531156539916992
