Model,R2,MAE,RMSE,MAPE_percent,n_train,n_test,fit_time_sec,predict_time_sec
gbm,0.9867074207168653,0.010983643541688563,0.00031525357264449415,3.049377675022031,7921,3395,19.670340538024902,0.02190709114074707
