Model,R2,MAE,RMSE,MAPE_percent,n_train,n_test,fit_time_sec,predict_time_sec
gbm,0.988621806365492,0.013474336222581844,0.0003137451018899832,6.857945106922994,8145,2036,19.76544189453125,0.015078306198120117
