Model,R2,MAE,RMSE,MAPE_percent,n_train,n_test,fit_time_sec,predict_time_sec
cat,0.4224372921464671,0.32156195019310857,0.21251165570244654,32.22658199474659,5612,1403,4.4727559089660645,0.002878427505493164
