Model,R2,MAE,RMSE,MAPE_percent,n_train,n_test,fit_time_sec,predict_time_sec
cat,0.9958666674110197,0.007202261096485737,0.00013143740038840254,3.0800809010068075,8145,2036,3.8289289474487305,0.0026051998138427734
