Model,R2,MAE,RMSE,MAPE_percent,n_train,n_test,fit_time_sec,predict_time_sec
rf,0.9951213729553066,0.0029207694755828406,1.808434527129752e-05,3.899364717620546,8145,2036,52.43553113937378,0.41658711433410645
