Model,R2,MAE,RMSE,MAPE_percent,n_train,n_test,fit_time_sec,predict_time_sec
rf,0.9820830360583035,0.014194691651867474,0.0004036620663407913,8.838140482881888,8145,2036,52.883238315582275,0.40842390060424805
