Model,R2,MAE,RMSE,MAPE_percent,n_train,n_test,fit_time_sec,predict_time_sec
cat,0.9971259255318613,0.00423408045417945,3.7741946863426034e-05,1.6835724606043017,6208,1552,4.585823059082031,0.002861499786376953
