Model,R2,MAE,RMSE,MAPE_percent,n_train,n_test,fit_time_sec,predict_time_sec
rf,0.996000863446005,0.003589779129689627,0.0001081296304405328,1.5470018974768602,8145,2036,49.65952515602112,0.3879280090332031
