Model,R2,MAE,RMSE,MAPE_percent,n_train,n_test,fit_time_sec,predict_time_sec
cat,0.9532367839129795,0.258087503542078,0.15002642148457543,7.278228741852629,6206,1552,4.452316045761108,0.002521514892578125
