Model,R2,MAE,RMSE,MAPE_percent,n_train,n_test,fit_time_sec,predict_time_sec
cat,0.9904618233637805,0.014059630471670173,0.00037143717526048393,7.180107070290381,4581,5600,4.655068397521973,0.0063686370849609375
