Model,R2,MAE,RMSE,MAPE_percent,n_train,n_test,fit_time_sec,predict_time_sec
cat,0.29985072362228826,0.148437837275277,0.08114995134125928,52.319113256127025,5151,2774,4.190708875656128,0.004132986068725586
