Model,R2,MAE,RMSE,MAPE_percent,n_train,n_test,fit_time_sec,predict_time_sec
rf,0.922766467319914,0.03879073179421911,0.01626264905797702,4.720870862974197,1552,6206,8.03189754486084,0.4816746711730957
