Model,R2,MAE,RMSE,MAPE_percent,n_train,n_test,fit_time_sec,predict_time_sec
gbm,0.9551749310120553,0.1943847705363704,0.08123074457481338,8.220690567270534,9053,2263,22.699175357818604,0.01768350601196289
