Model,R2,MAE,RMSE,MAPE_percent,n_train,n_test,fit_time_sec,predict_time_sec
rf,0.9949579042118701,0.0006022814466642332,7.548406844010073e-07,3.999828657835554,8145,2036,52.501375913619995,0.42229628562927246
