Model,R2,MAE,RMSE,MAPE_percent,n_train,n_test,fit_time_sec,predict_time_sec
cat,0.9496782547412692,0.1131796366609892,0.03398058512742138,5.475664254049914,6206,1552,3.3940815925598145,0.002229928970336914
