Model,R2,MAE,RMSE,MAPE_percent,n_train,n_test,fit_time_sec,predict_time_sec
cat,0.9225027699737536,0.001023617986326495,2.958474397642458e-05,7.380186555323196,5090,5091,4.7921693325042725,0.006297111511230469
