Model,R2,MAE,RMSE,MAPE_percent,n_train,n_test,fit_time_sec,predict_time_sec
cat,0.49030926080936377,0.011279872561546814,0.009823978889879742,11.433242500424834,8151,2038,3.7549822330474854,0.003771066665649414
