Model,R2,MAE,RMSE,MAPE_percent,n_train,n_test,fit_time_sec,predict_time_sec
cat,0.9764482980247944,0.04190749043595728,0.0037099193279471173,4.919519138437961,3969,4851,4.490669012069702,0.006815195083618164
