Model,R2,MAE,RMSE,MAPE_percent,n_train,n_test,fit_time_sec,predict_time_sec
cat,0.9217801911562485,0.07585490135647771,0.032739492009213875,5.738703375538694,5261,1754,4.692766189575195,0.003566265106201172
