Model,R2,MAE,RMSE,MAPE_percent,n_train,n_test,fit_time_sec,predict_time_sec
rf,0.9455219597002054,0.05172887337509431,0.01858718391151255,4.1594083247617295,6208,1552,36.00653672218323,0.28900742530822754
