Model,R2,MAE,RMSE,MAPE_percent,n_train,n_test,fit_time_sec,predict_time_sec
cat,0.9652239639566692,0.006310704475666922,0.0018951914675658795,2.066199074586385,6208,1552,3.489372491836548,0.002262592315673828
