Model,R2,MAE,RMSE,MAPE_percent,n_train,n_test,fit_time_sec,predict_time_sec
cat,0.9734689393714048,0.16824933768716926,0.06375053125825889,2374094400.7634354,9053,2263,3.8420283794403076,0.0029985904693603516
