Model,R2,MAE,RMSE,MAPE_percent,n_train,n_test,fit_time_sec,predict_time_sec
gbm,0.35073188124219623,0.3422154795095342,0.31386629644494857,42.0963862822075,6214,1554,13.75822401046753,0.012085199356079102
