Model,R2,MAE,RMSE,MAPE_percent,n_train,n_test,fit_time_sec,predict_time_sec
cat,0.4932024992524702,0.37294439664007417,0.32682327183598175,6782840527.408152,3961,7355,4.2792370319366455,0.008239507675170898
