Model,R2,MAE,RMSE,MAPE_percent,n_train,n_test,fit_time_sec,predict_time_sec
cat,0.9454858551259404,0.08923492323047494,0.03515504942862074,1062776493.5101472,3961,7355,4.906820058822632,0.008113384246826172
