Model,R2,MAE,RMSE,MAPE_percent,n_train,n_test,fit_time_sec,predict_time_sec
rf,0.9682155669983168,0.002640571056620597,0.0005317293754639252,2.945737401917596,8151,2038,54.88483810424805,0.40871095657348633
