Model,R2,MAE,RMSE,MAPE_percent,n_train,n_test,fit_time_sec,predict_time_sec
gbm,0.9514229878015097,0.2566210783359383,0.14789052473751887,7.257482204027682,6206,1552,22.409729957580566,0.026322603225708008
