Model,R2,MAE,RMSE,MAPE_percent,n_train,n_test,fit_time_sec,predict_time_sec
rf,0.9071499841200339,0.006746433660060338,0.006044701170809789,7.115208162857069,8151,2038,54.70331430435181,0.40822339057922363
