Model,R2,MAE,RMSE,MAPE_percent,n_train,n_test,fit_time_sec,predict_time_sec
gbm,0.0718670261232156,0.001683384361204619,0.0007194163267129196,3.8348530267655834,8151,2038,20.534608602523804,0.014331817626953125
