Model,R2,MAE,RMSE,MAPE_percent,n_train,n_test,fit_time_sec,predict_time_sec
rf,0.9372305688577734,0.020333338145502106,0.007148093175151896,4364843.693903742,4526,6790,25.99781060218811,0.7011456489562988
