Model,R2,MAE,RMSE,MAPE_percent,n_train,n_test,fit_time_sec,predict_time_sec
cat,0.921692093185779,0.255021390287349,0.1811598787534041,1836531938.0839505,566,10750,4.145110845565796,0.01260519027709961
