Model,R2,MAE,RMSE,MAPE_percent,n_train,n_test,fit_time_sec,predict_time_sec
cat,0.9301573433257181,0.01530750771228403,0.005590141065650103,7.519938516093112,4072,6109,5.099116802215576,0.007311582565307617
