Model,R2,MAE,RMSE,MAPE_percent,n_train,n_test,fit_time_sec,predict_time_sec
gbm,0.9951299808802203,0.010871879592419203,0.00043928503898513487,1.823760641855694,6206,1552,19.776278495788574,0.012523651123046875
