Model,R2,MAE,RMSE,MAPE_percent,n_train,n_test,fit_time_sec,predict_time_sec
gbm,0.9887733072693454,0.004528918099630794,3.7255610158955745e-05,6.7909980650333654,8145,2036,19.806251287460327,0.015018939971923828
