Model,R2,MAE,RMSE,MAPE_percent,n_train,n_test,fit_time_sec,predict_time_sec
cat,0.9954911522920894,0.012336737649848904,0.00041806506439976104,2.640975278112309,6206,1552,6.957845687866211,0.006846904754638672
