Model,R2,MAE,RMSE,MAPE_percent,n_train,n_test,fit_time_sec,predict_time_sec
rf,0.8702784537638255,0.0013855077866255202,5.95900350237885e-05,10.723087747199662,8145,2036,86.49603390693665,0.8015027046203613
