Model,R2,MAE,RMSE,MAPE_percent,n_train,n_test,fit_time_sec,predict_time_sec
cat,0.977385787643633,0.020725645392121222,0.0015095189637555713,12.202877940450804,4581,5600,4.238865852355957,0.006546974182128906
