Model,R2,MAE,RMSE,MAPE_percent,n_train,n_test,fit_time_sec,predict_time_sec
gbm,0.983107901293091,0.03381433979351971,0.0023514833485502374,3.6483490382480332,7056,1764,17.81398057937622,0.012936592102050781
