Model,R2,MAE,RMSE,MAPE_percent,n_train,n_test,fit_time_sec,predict_time_sec
cat,0.9820294055735417,0.0013948553892723075,5.560444572254095e-06,9.581923035169131,1018,9163,3.1694703102111816,0.012071609497070312
