Model,R2,MAE,RMSE,MAPE_percent,n_train,n_test,fit_time_sec,predict_time_sec
rf,0.9852782650918266,0.0010574894546277382,2.1186332821426807e-06,6.932233826397885,4581,5600,26.728519916534424,0.5971131324768066
