Model,R2,MAE,RMSE,MAPE_percent,n_train,n_test,fit_time_sec,predict_time_sec
cat,0.987646382534062,0.00746884379614321,0.00010537516388435101,2.919497376199205,5044,2716,3.4707913398742676,0.0031926631927490234
