Model,R2,MAE,RMSE,MAPE_percent,n_train,n_test,fit_time_sec,predict_time_sec
cat,0.1092462294081773,0.014283642864945146,0.06576215460414964,7.667135857345217,8151,2038,3.673543691635132,0.0025839805603027344
