Model,R2,MAE,RMSE,MAPE_percent,n_train,n_test,fit_time_sec,predict_time_sec
gbm,0.8603068192106442,0.08579574247558418,0.025901657073493064,23.08766420639682,6206,1552,14.755415916442871,0.012308835983276367
