Model,R2,MAE,RMSE,MAPE_percent,n_train,n_test,fit_time_sec,predict_time_sec
rf,0.9337611460599938,0.013762934233006754,0.004024457681646872,3.484187598536627,1552,6208,7.935547828674316,0.4824068546295166
