Model,R2,MAE,RMSE,MAPE_percent,n_train,n_test,fit_time_sec,predict_time_sec
rf,0.5844522916403296,0.5208768367125458,1.2605211379995036,3907612847.885829,9059,2265,57.950525522232056,0.4536919593811035
