Model,R2,MAE,RMSE,MAPE_percent,n_train,n_test,fit_time_sec,predict_time_sec
cat,0.9964952019710887,0.0005318565105090039,8.98962187506911e-07,4.569822230168897,8145,2036,4.45651388168335,0.0028281211853027344
