Model,R2,MAE,RMSE,MAPE_percent,n_train,n_test,fit_time_sec,predict_time_sec
rf,0.9776065969716086,0.007722723550285693,0.0013383190910998776,1.8984732604039167,6214,1554,38.05372142791748,0.2808370590209961
