Model,R2,MAE,RMSE,MAPE_percent,n_train,n_test,fit_time_sec,predict_time_sec
cat,0.9541094558236657,0.07671082532710373,0.02582189689894645,5.3550098465987315,5944,1981,4.909877777099609,0.0032994747161865234
