Model,R2,MAE,RMSE,MAPE_percent,n_train,n_test,fit_time_sec,predict_time_sec
gbm,0.9006173176013472,0.2956873159063353,0.168599722046207,10.028074655461346,6208,1552,14.838712930679321,0.012206077575683594
