Model,R2,MAE,RMSE,MAPE_percent,n_train,n_test,fit_time_sec,predict_time_sec
gbm,0.2396676043793987,0.009119158807498626,0.006834376332157835,14.816178782908182,8151,2038,18.228450298309326,0.014975786209106445
