Model,R2,MAE,RMSE,MAPE_percent,n_train,n_test,fit_time_sec,predict_time_sec
rf,0.9681908737463122,0.05912354854006514,0.009113802480363493,4.306160815247773,5684,1421,33.765116453170776,0.26306796073913574
