Model,R2,MAE,RMSE,MAPE_percent,n_train,n_test,fit_time_sec,predict_time_sec
gbm,0.9410338898549225,0.05207502242917021,0.020118453743593858,4.351166154288372,6208,1552,15.492731094360352,0.012244701385498047
