Model,R2,MAE,RMSE,MAPE_percent,n_train,n_test,fit_time_sec,predict_time_sec
cat,0.9329453711892792,0.0011230357783681081,2.7290860638028513e-05,7.626114192465586,3563,6618,4.3503758907318115,0.008071660995483398
