Model,R2,MAE,RMSE,MAPE_percent,n_train,n_test,fit_time_sec,predict_time_sec
cat,0.955899396153825,0.12636724324336923,0.04255289654671223,5.291536929260714,6208,1552,3.664402723312378,0.00254058837890625
