Model,R2,MAE,RMSE,MAPE_percent,n_train,n_test,fit_time_sec,predict_time_sec
rf,0.989864614981338,0.013489161445588588,0.000908395338403205,6.856989435176663,8151,2038,55.92686891555786,0.3982243537902832
