Model,R2,MAE,RMSE,MAPE_percent,n_train,n_test,fit_time_sec,predict_time_sec
cat,0.9657447762790528,0.12469638729926581,0.04763793821133149,5.361057455696437,6208,1552,3.5333266258239746,0.002402067184448242
