Model,R2,MAE,RMSE,MAPE_percent,n_train,n_test,fit_time_sec,predict_time_sec
gbm,0.29679772683784345,0.1567383874748739,0.08862739523228667,18172381921.260063,9053,2263,20.221649885177612,0.015677213668823242
