Model,R2,MAE,RMSE,MAPE_percent,n_train,n_test,fit_time_sec,predict_time_sec
cat,0.8731028069865174,0.022040468941240093,0.009725097487612317,10.032215378437705,509,9672,3.8163704872131348,0.010036468505859375
