Model,R2,MAE,RMSE,MAPE_percent,n_train,n_test,fit_time_sec,predict_time_sec
cat,0.9423990680619848,0.26416151984604896,0.1602858338177259,6.767072586998246,6206,1552,3.590318441390991,0.0024216175079345703
