Model,R2,MAE,RMSE,MAPE_percent,n_train,n_test,fit_time_sec,predict_time_sec
cat,0.7188434302721356,0.09952129986061406,0.08040191621355425,7.924501014421198,6214,1554,3.481065273284912,0.0023331642150878906
