Model,R2,MAE,RMSE,MAPE_percent,n_train,n_test,fit_time_sec,predict_time_sec
gbm,0.9518111667573853,0.05690532281887064,0.017429399086058943,4.727943588913245,6208,1552,15.484675407409668,0.01201319694519043
