Model,R2,MAE,RMSE,MAPE_percent,n_train,n_test,fit_time_sec,predict_time_sec
rf,0.38375208494972834,0.20462529765203183,0.1458609978097689,51.3491861125463,6206,1552,43.36295127868652,0.3027341365814209
