Model,R2,MAE,RMSE,MAPE_percent,n_train,n_test,fit_time_sec,predict_time_sec
cat,0.44734057639759806,0.2893891185440372,0.20449546538669777,36.25278021068155,6208,1552,3.9644577503204346,0.0025436878204345703
