Model,R2,MAE,RMSE,MAPE_percent,n_train,n_test,fit_time_sec,predict_time_sec
rf,0.9776723202690406,0.004615471682106362,0.00018574870932872164,7.090999021564412,8145,2036,50.8776593208313,0.4085395336151123
