Model,R2,MAE,RMSE,MAPE_percent,n_train,n_test,fit_time_sec,predict_time_sec
cat,0.9012984669632917,0.015631882202317184,0.006332980773615263,4.467639682135687,2328,5432,3.189211368560791,0.006343841552734375
