Model,R2,MAE,RMSE,MAPE_percent,n_train,n_test,fit_time_sec,predict_time_sec
rf,0.11940742260078774,0.0025704477156563107,0.002040825917911816,11.119878147483114,8151,2038,52.097623348236084,0.40549755096435547
