Model,R2,MAE,RMSE,MAPE_percent,n_train,n_test,fit_time_sec,predict_time_sec
rf,0.9685463881402216,0.010256089825745862,0.0017141291418753502,2.978318330096706,6208,1552,60.46704816818237,0.5497438907623291
