Model,R2,MAE,RMSE,MAPE_percent,n_train,n_test,fit_time_sec,predict_time_sec
gbm,0.9398965107165261,0.001346444624153362,2.0317340344836236e-05,11.869593059291265,8145,2036,19.607402563095093,0.015682697296142578
