Model,R2,MAE,RMSE,MAPE_percent,n_train,n_test,fit_time_sec,predict_time_sec
cat,0.4441969891594145,0.3712821355119376,0.3536332620476628,33.69741272119139,5151,2774,4.394325017929077,0.00465083122253418
