Model,R2,MAE,RMSE,MAPE_percent,n_train,n_test,fit_time_sec,predict_time_sec
gbm,-2.224359419368427,0.022504265697817223,0.10539871124884795,9.358487276862482,8151,2038,20.305727243423462,0.013619661331176758
