Model,R2,MAE,RMSE,MAPE_percent,n_train,n_test,fit_time_sec,predict_time_sec
cat,0.9389965810734662,0.009623933023850876,0.0033814286540007473,3.267708477934667,6208,1552,3.607818603515625,0.0022742748260498047
