Model,R2,MAE,RMSE,MAPE_percent,n_train,n_test,fit_time_sec,predict_time_sec
gbm,0.9978272518975836,0.003310686075261802,3.060230725039509e-05,1.171741614155542,6214,1554,15.566661834716797,0.011734724044799805
