Model,R2,MAE,RMSE,MAPE_percent,n_train,n_test,fit_time_sec,predict_time_sec
rf,0.9620890255041209,0.17489898229326656,0.07582823349590224,7.128690364525054,9059,2265,56.6615309715271,0.4317135810852051
