Model,R2,MAE,RMSE,MAPE_percent,n_train,n_test,fit_time_sec,predict_time_sec
cat,0.9779452332139706,0.06437599856827424,0.013776208518032853,90.53906795299336,9053,2263,3.791778802871704,0.0030994415283203125
