Model,R2,MAE,RMSE,MAPE_percent,n_train,n_test,fit_time_sec,predict_time_sec
gbm,0.9865798943452061,0.011980675672082015,0.0004058510124150542,15.433447454852555,5658,5658,13.821590185165405,0.03475618362426758
