Model,R2,MAE,RMSE,MAPE_percent,n_train,n_test,fit_time_sec,predict_time_sec
rf,0.9386699677487129,0.0009741051246665855,1.9016929428592962e-05,8.015909710702267,2036,8145,10.762006282806396,0.6854777336120605
