Model,R2,MAE,RMSE,MAPE_percent,n_train,n_test,fit_time_sec,predict_time_sec
gbm,-1.959456378828226,0.003197526369234,0.0020081159433772734,16.037570731764703,8151,2038,18.27012610435486,0.015501022338867188
