Model,R2,MAE,RMSE,MAPE_percent,n_train,n_test,fit_time_sec,predict_time_sec
cat,0.9946058816402443,0.00307266782185951,1.8258530246233403e-05,4.599885288199887,8151,2038,4.0132012367248535,0.002608060836791992
