Model,R2,MAE,RMSE,MAPE_percent,n_train,n_test,fit_time_sec,predict_time_sec
cat,0.9786123970401528,0.018524225824875142,0.0010847602050378102,241949559.91258976,2263,9053,4.1684730052948,0.009431123733520508
