Model,R2,MAE,RMSE,MAPE_percent,n_train,n_test,fit_time_sec,predict_time_sec
cat,0.9609925234494575,0.23276216173839714,0.11715500243540074,6.448718805840577,6206,1552,8.615478992462158,0.017697572708129883
