Model,R2,MAE,RMSE,MAPE_percent,n_train,n_test,fit_time_sec,predict_time_sec
rf,0.2990270153691009,0.14264216788157633,0.07198524266872652,134262946.64381292,9053,2263,2.414891242980957,0.10970067977905273
