Model,R2,MAE,RMSE,MAPE_percent,n_train,n_test,fit_time_sec,predict_time_sec
rf,0.9954099020129439,0.00778685178151746,0.0001243320778262944,3.71218343753639,8145,2036,50.75246024131775,0.39321255683898926
