Model,R2,MAE,RMSE,MAPE_percent,n_train,n_test,fit_time_sec,predict_time_sec
cat,0.9881706702067553,0.005015391659745212,5.171240048507215e-05,7.8194788101678,2545,7636,4.20641303062439,0.007771968841552734
