Model,R2,MAE,RMSE,MAPE_percent,n_train,n_test,fit_time_sec,predict_time_sec
gbm,0.9250099744591417,0.018631530690597448,0.010996167890378609,132683304.20582008,9059,2265,22.866779804229736,0.017573118209838867
