Model,R2,MAE,RMSE,MAPE_percent,n_train,n_test,fit_time_sec,predict_time_sec
rf,0.9977384769146511,0.007847066032140576,0.00015224831578263635,3.787632645620919,8145,2036,80.58000373840332,0.7913711071014404
