Model,R2,MAE,RMSE,MAPE_percent,n_train,n_test,fit_time_sec,predict_time_sec
cat,0.981058475211082,0.0014371092142730192,6.671570401454632e-06,13.448206450097484,6109,4072,4.663476943969727,0.005319118499755859
