Model,R2,MAE,RMSE,MAPE_percent,n_train,n_test,fit_time_sec,predict_time_sec
cat,0.889916769665979,0.0012818554226191185,4.02935612522339e-05,8.504002076951965,1018,9163,4.180193901062012,0.008608579635620117
