Model,R2,MAE,RMSE,MAPE_percent,n_train,n_test,fit_time_sec,predict_time_sec
rf,0.9952394556239611,0.0005245494859331532,5.556029923849994e-07,4.235562577091627,8145,2036,52.77721071243286,0.40238523483276367
