Model,R2,MAE,RMSE,MAPE_percent,n_train,n_test,fit_time_sec,predict_time_sec
cat,0.9791224174172399,0.0010486263651596722,1.9425230159164386e-06,6.693367233495024,7127,3054,3.7087719440460205,0.0035796165466308594
