Model,R2,MAE,RMSE,MAPE_percent,n_train,n_test,fit_time_sec,predict_time_sec
gbm,0.9318167884834656,0.0011501502453810954,2.4225846327328737e-05,8.179157594210173,1018,9163,2.4221129417419434,0.05978512763977051
