Model,R2,MAE,RMSE,MAPE_percent,n_train,n_test,fit_time_sec,predict_time_sec
gbm,0.9961774884439745,0.0045051124738314475,0.00019294716370808144,1.3076043080686015,6208,1552,15.888328790664673,0.012315034866333008
