Model,R2,MAE,RMSE,MAPE_percent,n_train,n_test,fit_time_sec,predict_time_sec
cat,0.955714447456789,0.18075813022937692,0.08754659781432521,6.2011037771306565,6340,1585,4.674600124359131,0.002667665481567383
