Model,R2,MAE,RMSE,MAPE_percent,n_train,n_test,fit_time_sec,predict_time_sec
gbm,0.9832308360467034,0.0009024451464548315,1.410891995677626e-06,6.736597251274387,6618,3563,16.073732376098633,0.023392915725708008
