Model,R2,MAE,RMSE,MAPE_percent,n_train,n_test,fit_time_sec,predict_time_sec
rf,0.4713628033026046,0.02372498291662527,0.06400478688689468,8.304979820102645,8151,2038,56.17526912689209,0.3955845832824707
