Model,R2,MAE,RMSE,MAPE_percent,n_train,n_test,fit_time_sec,predict_time_sec
gbm,0.9838038845451154,0.008836205666704967,0.001583290732364203,43326903.22212783,9059,2265,22.79925012588501,0.01744842529296875
