Model,R2,MAE,RMSE,MAPE_percent,n_train,n_test,fit_time_sec,predict_time_sec
cat,0.9807846212581303,0.03693689319223028,0.002677004071540979,4.090875591519718,6615,2205,4.657109022140503,0.003868579864501953
