Model,R2,MAE,RMSE,MAPE_percent,n_train,n_test,fit_time_sec,predict_time_sec
gbm,0.9145229884300038,0.040711035099567215,0.01922186983902106,4.921703523706323,776,6982,1.886202335357666,0.04976034164428711
