Model,R2,MAE,RMSE,MAPE_percent,n_train,n_test,fit_time_sec,predict_time_sec
cat,0.9619598552402249,0.07156097905755895,0.0109677536458177,5.629318418675011,8487,2829,5.099343776702881,0.004076957702636719
