Model,R2,MAE,RMSE,MAPE_percent,n_train,n_test,fit_time_sec,predict_time_sec
rf,0.9577859546359817,0.08014432950924026,0.028174933281039236,2474638.62722063,9053,2263,54.0222053527832,0.4482612609863281
