Model,R2,MAE,RMSE,MAPE_percent,n_train,n_test,fit_time_sec,predict_time_sec
gbm,0.890471516715747,0.0006783720851403317,4.360379613929924e-05,4.526169875936508,8145,2036,20.177675485610962,0.014697790145874023
