Model,R2,MAE,RMSE,MAPE_percent,n_train,n_test,fit_time_sec,predict_time_sec
rf,0.5360274855108438,0.3515356108999453,0.31778057285756683,1279621933.783082,9053,2263,59.68634343147278,0.4545164108276367
