Model,R2,MAE,RMSE,MAPE_percent,n_train,n_test,fit_time_sec,predict_time_sec
cat,0.9624595065923839,0.08244760407790791,0.023889504729976262,1459627091.1923084,7921,3395,4.9691162109375,0.005043983459472656
