Model,R2,MAE,RMSE,MAPE_percent,n_train,n_test,fit_time_sec,predict_time_sec
gbm,0.1317316608630147,0.045013109774341156,0.5733809054947879,12.578193627514809,8151,2038,18.462382793426514,0.015061140060424805
