Model,R2,MAE,RMSE,MAPE_percent,n_train,n_test,fit_time_sec,predict_time_sec
gbm,0.9973824679831379,0.0004138155901247466,3.2872794259925506e-07,2.920014690191855,8145,2036,20.600526332855225,0.014160633087158203
