Model,R2,MAE,RMSE,MAPE_percent,n_train,n_test,fit_time_sec,predict_time_sec
cat,0.9874625736974041,0.0009140125495303366,1.6511511165921966e-06,7.841634153591038,3054,7127,3.3648111820220947,0.007165193557739258
