Model,R2,MAE,RMSE,MAPE_percent,n_train,n_test,fit_time_sec,predict_time_sec
cat,0.9855169432693676,0.0022475940974054738,0.00010300446766486699,3.584770795943485,8145,2036,4.752043008804321,0.0032999515533447266
