Model,R2,MAE,RMSE,MAPE_percent,n_train,n_test,fit_time_sec,predict_time_sec
rf,0.945671938181679,0.11175618596886751,0.054747397410525235,5.371932290705403,6206,1552,35.95708084106445,0.2869131565093994
