Model,R2,MAE,RMSE,MAPE_percent,n_train,n_test,fit_time_sec,predict_time_sec
gbm,0.9581012262155733,0.07943403763469555,0.026405351989826326,111800451.57795566,9059,2265,22.90972352027893,0.01828455924987793
