Model,R2,MAE,RMSE,MAPE_percent,n_train,n_test,fit_time_sec,predict_time_sec
rf,0.05036431132185648,0.0020877761023621725,0.0026491421799074303,3.023463119958223,8151,2038,53.493391275405884,0.39762258529663086
