Model,R2,MAE,RMSE,MAPE_percent,n_train,n_test,fit_time_sec,predict_time_sec
cat,0.7457267470130162,0.5361820732309112,0.5851950561220458,2530039243.55268,3961,7355,4.35173773765564,0.008263587951660156
