Model,R2,MAE,RMSE,MAPE_percent,n_train,n_test,fit_time_sec,predict_time_sec
gbm,0.9904495463049867,0.0009897166367419407,2.000817204355971e-06,8.737951435641302,1018,9163,2.4066975116729736,0.056112051010131836
