Model,R2,MAE,RMSE,MAPE_percent,n_train,n_test,fit_time_sec,predict_time_sec
gbm,0.3617321313053654,0.1474294031806427,0.07893706213315677,48.887784383787164,6340,1585,14.078887462615967,0.01164388656616211
