Model,R2,MAE,RMSE,MAPE_percent,n_train,n_test,fit_time_sec,predict_time_sec
gbm,0.9873250628048166,0.0013096722449377216,4.157419322339815e-06,13.204103552550187,8145,2036,18.248311281204224,0.015393495559692383
