Model,R2,MAE,RMSE,MAPE_percent,n_train,n_test,fit_time_sec,predict_time_sec
rf,0.9613686495351577,0.05596767019300122,0.009332386332505872,4.271535870707411,5684,1421,34.0439248085022,0.27417445182800293
