Model,R2,MAE,RMSE,MAPE_percent,n_train,n_test,fit_time_sec,predict_time_sec
gbm,0.9603436482858035,0.016224467698777337,0.0044838703005422795,65227956.30061233,9053,2263,22.874353408813477,0.01707744598388672
