Model,R2,MAE,RMSE,MAPE_percent,n_train,n_test,fit_time_sec,predict_time_sec
rf,0.9976271226918689,0.00028302858522586224,6.646071311716871e-07,2.214925406419822,8145,2036,95.16795444488525,0.4232523441314697
