Model,R2,MAE,RMSE,MAPE_percent,n_train,n_test,fit_time_sec,predict_time_sec
cat,0.9312010364060843,0.015720865297186828,0.00542129158154101,7.526576180085541,2545,7636,3.993333339691162,0.008708953857421875
