Model,R2,MAE,RMSE,MAPE_percent,n_train,n_test,fit_time_sec,predict_time_sec
rf,0.9286481726001236,0.06085005776977606,0.024432084365485062,5.2377159132695486,6208,1552,36.1248345375061,0.2881338596343994
