Model,R2,MAE,RMSE,MAPE_percent,n_train,n_test,fit_time_sec,predict_time_sec
gbm,0.9702840884343873,0.04113536619587478,0.0054062487957967425,3.646017993579689,6208,1552,15.424874305725098,0.01146245002746582
