Model,R2,MAE,RMSE,MAPE_percent,n_train,n_test,fit_time_sec,predict_time_sec
cat,0.9658358401060604,0.07030188461916757,0.011460960438939058,4.848939957756588,5548,2377,4.631453275680542,0.0033257007598876953
