Model,R2,MAE,RMSE,MAPE_percent,n_train,n_test,fit_time_sec,predict_time_sec
gbm,0.9348182180902835,0.020058402248606742,0.01121422747177551,3.3187402912103523,6340,1585,16.033750295639038,0.012412309646606445
