Model,R2,MAE,RMSE,MAPE_percent,n_train,n_test,fit_time_sec,predict_time_sec
cat,0.9941641611021024,0.008828793352608413,0.00016126088437003948,4.275576191483139,8145,2036,3.647853136062622,0.002663850784301758
