Model,R2,MAE,RMSE,MAPE_percent,n_train,n_test,fit_time_sec,predict_time_sec
gbm,0.8693903509971543,0.09589526895270836,0.029246881918247543,8.245304123828232,6214,1554,15.384174108505249,0.012234926223754883
