Model,R2,MAE,RMSE,MAPE_percent,n_train,n_test,fit_time_sec,predict_time_sec
rf,0.938050537225873,0.11300561438820418,0.040971176951718674,5.512255373453665,6213,1553,36.046473264694214,0.28193187713623047
