Model,R2,MAE,RMSE,MAPE_percent,n_train,n_test,fit_time_sec,predict_time_sec
gbm,0.9832392002951253,0.001290469270803118,5.087854788899781e-06,13.611743709193208,8145,2036,18.23622465133667,0.015214681625366211
