Model,R2,MAE,RMSE,MAPE_percent,n_train,n_test,fit_time_sec,predict_time_sec
cat,0.9542656177743957,0.06571672266864738,0.009506215267697557,4.507826731632364,6340,1585,4.869145154953003,0.002602815628051758
