Model,R2,MAE,RMSE,MAPE_percent,n_train,n_test,fit_time_sec,predict_time_sec
rf,0.9680467129805868,0.06449495807535341,0.013555109259630278,4.775701632392871,9053,2263,54.29169726371765,0.4402635097503662
