Model,R2,MAE,RMSE,MAPE_percent,n_train,n_test,fit_time_sec,predict_time_sec
rf,0.9983517549906163,0.0003230749765175709,2.1290240849179798e-07,2.234941723246789,8151,2038,54.537001848220825,0.4534125328063965
