Model,R2,MAE,RMSE,MAPE_percent,n_train,n_test,fit_time_sec,predict_time_sec
rf,0.9920629795545267,0.00032272252902983226,2.8193736513973985e-06,1.9607845166819249,8145,2036,49.66770577430725,0.3992764949798584
