Model,R2,MAE,RMSE,MAPE_percent,n_train,n_test,fit_time_sec,predict_time_sec
cat,0.31464706125391295,0.0020583416301586254,0.001795871830430127,8.00853835581606,8151,2038,3.649242401123047,0.0027151107788085938
