Model,R2,MAE,RMSE,MAPE_percent,n_train,n_test,fit_time_sec,predict_time_sec
rf,0.9859756902464797,0.0008578128419050406,1.3832768182257353e-06,7.191074069067647,4581,5600,26.757437229156494,0.5969686508178711
