Model,R2,MAE,RMSE,MAPE_percent,n_train,n_test,fit_time_sec,predict_time_sec
gbm,0.9155132452070687,0.02208552041534247,0.012388721480167248,160685870.3776746,9059,2265,23.125770807266235,0.017267465591430664
