Model,R2,MAE,RMSE,MAPE_percent,n_train,n_test,fit_time_sec,predict_time_sec
rf,0.9859096383803944,0.006872435593389685,9.614831361068652e-05,2.5962484233086727,6208,1552,37.79384779930115,0.2581782341003418
