Model,R2,MAE,RMSE,MAPE_percent,n_train,n_test,fit_time_sec,predict_time_sec
gbm,0.9880869168500744,0.012132691203330723,0.0002687369625573498,7.057384223495182,8145,2036,19.94940733909607,0.014699459075927734
