Model,R2,MAE,RMSE,MAPE_percent,n_train,n_test,fit_time_sec,predict_time_sec
cat,0.9443846631878035,0.19269890358877742,0.10152360659638972,6.525608426840542,2378,5547,4.286160230636597,0.006022930145263672
