Model,R2,MAE,RMSE,MAPE_percent,n_train,n_test,fit_time_sec,predict_time_sec
cat,0.07821768021420195,0.01863963236750875,0.06805291588589077,14.977998242377089,8151,2038,3.208526849746704,0.0024657249450683594
