Model,R2,MAE,RMSE,MAPE_percent,n_train,n_test,fit_time_sec,predict_time_sec
gbm,0.9890756803522931,0.006671253381981176,7.901902165888382e-05,2.5616189168917365,6208,1552,15.505841970443726,0.010996103286743164
