Model,R2,MAE,RMSE,MAPE_percent,n_train,n_test,fit_time_sec,predict_time_sec
rf,0.9927944196991008,0.005229885898827683,9.096386723598165e-05,1.8748454311420533,6208,1552,37.499674558639526,0.27724337577819824
