Model,R2,MAE,RMSE,MAPE_percent,n_train,n_test,fit_time_sec,predict_time_sec
rf,0.9968802336919769,0.002065015614762345,9.20229208609306e-06,3.2607991102615466,8145,2036,51.87505006790161,0.39884424209594727
