Model,R2,MAE,RMSE,MAPE_percent,n_train,n_test,fit_time_sec,predict_time_sec
cat,0.22728269933640277,0.3319469147239688,0.7563616475709026,31.434056867252703,5684,1421,3.317837715148926,0.0023603439331054688
