Model,R2,MAE,RMSE,MAPE_percent,n_train,n_test,fit_time_sec,predict_time_sec
cat,0.9669616986865773,0.17642614130841044,0.0726561170701237,500.8097428714335,9053,2263,3.6351447105407715,0.0029931068420410156
