Model,R2,MAE,RMSE,MAPE_percent,n_train,n_test,fit_time_sec,predict_time_sec
gbm,0.9818588797712381,0.012699723409381504,0.0012815385272138531,3.024421645901058,9053,2263,22.833599090576172,0.016997575759887695
