Model,R2,MAE,RMSE,MAPE_percent,n_train,n_test,fit_time_sec,predict_time_sec
rf,0.9357197837427145,0.054827905342238865,0.022010643929665438,4.50224454312718,6208,1552,41.27825880050659,0.31500697135925293
