Model,R2,MAE,RMSE,MAPE_percent,n_train,n_test,fit_time_sec,predict_time_sec
cat,0.530252533891129,0.35736342786967007,0.3170660532695978,3309178325.840225,9053,2263,3.3880579471588135,0.0028946399688720703
