Model,R2,MAE,RMSE,MAPE_percent,n_train,n_test,fit_time_sec,predict_time_sec
cat,0.9867247747568033,0.01159525718776546,0.0003594521318927042,3.1617911147097693,6340,1585,4.872340202331543,0.002713441848754883
