Model,R2,MAE,RMSE,MAPE_percent,n_train,n_test,fit_time_sec,predict_time_sec
cat,0.9797946433730136,0.015152948279474478,0.0016609514602477762,4.121219823444903,6340,1585,4.922775745391846,0.002666950225830078
