Model,R2,MAE,RMSE,MAPE_percent,n_train,n_test,fit_time_sec,predict_time_sec
cat,0.36653322144473666,0.14363805260100318,0.069426662205493,830.5820682301528,8487,2829,4.637823581695557,0.004094123840332031
