Model,R2,MAE,RMSE,MAPE_percent,n_train,n_test,fit_time_sec,predict_time_sec
cat,0.6972506105085927,0.5838023998735582,0.6970289543361371,8528452520.807892,1132,10184,3.9524004459381104,0.010644674301147461
