Model,R2,MAE,RMSE,MAPE_percent,n_train,n_test,fit_time_sec,predict_time_sec
rf,0.9201503876012908,0.0011617008559621825,4.1633123199017766e-05,7.015775364058764,6618,3563,40.564828634262085,0.4958477020263672
