Model,R2,MAE,RMSE,MAPE_percent,n_train,n_test,fit_time_sec,predict_time_sec
rf,0.14378128194615292,0.2584334263822784,0.377867534121748,36.592334754383145,7062,1765,48.132715940475464,0.380795955657959
