Model,R2,MAE,RMSE,MAPE_percent,n_train,n_test,fit_time_sec,predict_time_sec
cat,0.9971130850637404,0.001708091199896665,9.09285184125531e-06,2.4328951221809265,8145,2036,3.8975465297698975,0.0026895999908447266
