Model,R2,MAE,RMSE,MAPE_percent,n_train,n_test,fit_time_sec,predict_time_sec
cat,0.9883814482077475,0.013377448449261739,0.0003249366903093123,6.983694224595312,8145,2036,3.696962594985962,0.002755880355834961
