Model,R2,MAE,RMSE,MAPE_percent,n_train,n_test,fit_time_sec,predict_time_sec
gbm,0.9611774163944469,0.017915873588968224,0.004389597683463719,45565208.82498807,9053,2263,22.92760419845581,0.0168607234954834
