Model,R2,MAE,RMSE,MAPE_percent,n_train,n_test,fit_time_sec,predict_time_sec
cat,0.7700312987159239,0.20635701790092667,0.6588160408124474,7.927454906029284,9059,2265,3.567221164703369,0.002912282943725586
