Model,R2,MAE,RMSE,MAPE_percent,n_train,n_test,fit_time_sec,predict_time_sec
gbm,0.998919633459067,0.0035149146337586906,2.649693100991079e-05,1.6368807803162626,8151,2038,20.595773696899414,0.012140750885009766
