Model,R2,MAE,RMSE,MAPE_percent,n_train,n_test,fit_time_sec,predict_time_sec
gbm,0.9439195292136793,0.2589623156323531,0.15437598098317143,6.743543174306406,6206,1552,15.428693294525146,0.013255119323730469
