Model,R2,MAE,RMSE,MAPE_percent,n_train,n_test,fit_time_sec,predict_time_sec
cat,0.9613416902823326,0.029053919724058568,0.009871788564680841,3.8640499907071746,6206,1552,4.606680393218994,0.0027360916137695312
