Model,R2,MAE,RMSE,MAPE_percent,n_train,n_test,fit_time_sec,predict_time_sec
cat,0.9911816810601185,0.013720452253089098,0.00035412175541835666,7.1447142978248,4581,5600,4.636810541152954,0.006460905075073242
