Model,R2,MAE,RMSE,MAPE_percent,n_train,n_test,fit_time_sec,predict_time_sec
cat,0.9497879860383904,0.08356892890946048,0.032193691270065515,5.2416941336144225,6340,1585,5.013070821762085,0.00283050537109375
