Model,R2,MAE,RMSE,MAPE_percent,n_train,n_test,fit_time_sec,predict_time_sec
rf,0.9501843372908849,0.255797770910027,0.139796981874481,6.831288080764759,6206,1552,36.72646379470825,0.2844829559326172
