Model,R2,MAE,RMSE,MAPE_percent,n_train,n_test,fit_time_sec,predict_time_sec
cat,0.9904397797040894,0.005224850086964167,6.310935594925462e-05,7.988591117243966,2036,8145,4.20390510559082,0.00946664810180664
