Model,R2,MAE,RMSE,MAPE_percent,n_train,n_test,fit_time_sec,predict_time_sec
gbm,0.9953791016514608,0.0006088736810122509,7.291436867287536e-07,3.854205816725282,8145,2036,20.376649856567383,0.014055013656616211
