Model,R2,MAE,RMSE,MAPE_percent,n_train,n_test,fit_time_sec,predict_time_sec
cat,0.9955897382368265,0.0023368582397626627,1.0451447306850751e-05,3.922842615623026,8145,2036,4.666577577590942,0.0027620792388916016
