Model,R2,MAE,RMSE,MAPE_percent,n_train,n_test,fit_time_sec,predict_time_sec
rf,0.986758254900693,0.0011097655687625377,5.5819945407326795e-06,7.047947494007442,6109,4072,37.30974769592285,0.5384054183959961
