Model,R2,MAE,RMSE,MAPE_percent,n_train,n_test,fit_time_sec,predict_time_sec
gbm,0.9513836667559584,0.24620268827997516,0.1217000727022333,6.452330497905222,6206,1552,15.365294694900513,0.012730598449707031
