Model,R2,MAE,RMSE,MAPE_percent,n_train,n_test,fit_time_sec,predict_time_sec
rf,0.885548776103997,0.27988981513333,0.14313180602997322,10.56434026152885,6208,1552,37.885974168777466,0.2742273807525635
