Model,R2,MAE,RMSE,MAPE_percent,n_train,n_test,fit_time_sec,predict_time_sec
gbm,0.9894556433086334,0.003931454364581355,2.752668730370571e-05,6.826630284807345,8145,2036,19.718748569488525,0.014254570007324219
