Model,R2,MAE,RMSE,MAPE_percent,n_train,n_test,fit_time_sec,predict_time_sec
cat,0.9484845847692979,0.19728903375578766,0.09167070719161521,13.425833393320918,5092,6224,4.611507415771484,0.008472442626953125
