Model,R2,MAE,RMSE,MAPE_percent,n_train,n_test,fit_time_sec,predict_time_sec
rf,0.9868392494842417,0.015485991780177469,0.0032297886897766693,1.9237393688196915,6206,1552,36.700504302978516,0.29422831535339355
