Model,R2,MAE,RMSE,MAPE_percent,n_train,n_test,fit_time_sec,predict_time_sec
rf,0.9968003580622767,0.00040501475115074255,3.250096528300483e-07,3.2542203334909128,8145,2036,52.28217124938965,0.3986687660217285
