Model,R2,MAE,RMSE,MAPE_percent,n_train,n_test,fit_time_sec,predict_time_sec
gbm,0.9425003194816679,0.2735416375303221,0.16034284672044666,7.116974663190375,6206,1552,15.43733286857605,0.01267552375793457
