Model,R2,MAE,RMSE,MAPE_percent,n_train,n_test,fit_time_sec,predict_time_sec
cat,0.9600012687157724,0.06321076023336082,0.0102755351268634,5.034913303625401,3858,3157,6.555895090103149,0.004105091094970703
