Model,R2,MAE,RMSE,MAPE_percent,n_train,n_test,fit_time_sec,predict_time_sec
gbm,0.9921537634770426,0.006652537252145402,0.00042759676497587104,1.8782659968119724,6208,1552,15.807665824890137,0.012202024459838867
