Model,R2,MAE,RMSE,MAPE_percent,n_train,n_test,fit_time_sec,predict_time_sec
rf,0.9863403461001159,0.002958432507428531,0.00011314355722791729,4.322675458713287,8145,2036,51.66967034339905,0.4016110897064209
