Model,R2,MAE,RMSE,MAPE_percent,n_train,n_test,fit_time_sec,predict_time_sec
gbm,0.9634767120822402,0.18269607838195387,0.08553250572721727,398208750.5956914,9053,2263,23.009939193725586,0.018294572830200195
