Model,R2,MAE,RMSE,MAPE_percent,n_train,n_test,fit_time_sec,predict_time_sec
cat,0.9631261103801251,0.078850573090637,0.023325439944638017,710529152.9262562,9053,2263,3.837761878967285,0.002978801727294922
