Model,R2,MAE,RMSE,MAPE_percent,n_train,n_test,fit_time_sec,predict_time_sec
rf,0.9692281305017093,0.016621700339695046,0.0031662745263946416,5.482715640284199,9053,2263,56.93950843811035,0.4682779312133789
