Model,R2,MAE,RMSE,MAPE_percent,n_train,n_test,fit_time_sec,predict_time_sec
rf,0.9970029279705827,0.009352049046910503,0.000233030433655439,3.9572377858951437,8145,2036,90.00804352760315,0.4625871181488037
