Model,R2,MAE,RMSE,MAPE_percent,n_train,n_test,fit_time_sec,predict_time_sec
cat,0.98889290488482,0.0021379626848314535,9.757744901552293e-05,2.5983496838929,8145,2036,3.6985442638397217,0.002671480178833008
