Model,R2,MAE,RMSE,MAPE_percent,n_train,n_test,fit_time_sec,predict_time_sec
cat,0.9636524976339857,0.06653372490358428,0.00956669101831314,4.615224187614686,4755,3170,4.536702394485474,0.004362821578979492
