Model,R2,MAE,RMSE,MAPE_percent,n_train,n_test,fit_time_sec,predict_time_sec
gbm,0.9900422665908765,0.006939095027833209,0.00012560893865296537,2.680600629990859,6208,1552,15.927334308624268,0.011291265487670898
