Model,R2,MAE,RMSE,MAPE_percent,n_train,n_test,fit_time_sec,predict_time_sec
rf,0.9846551075645205,0.010413726342326466,0.0006421833699380327,2.51421596599067,9053,2263,56.481531620025635,0.4220104217529297
