Model,R2,MAE,RMSE,MAPE_percent,n_train,n_test,fit_time_sec,predict_time_sec
gbm,0.9682620959784723,0.008145540831018816,0.00036730715405416535,12.100166306272317,8145,2036,18.17661952972412,0.015354633331298828
