Model,R2,MAE,RMSE,MAPE_percent,n_train,n_test,fit_time_sec,predict_time_sec
cat,0.972256257487897,0.01482866989408765,0.0014024759574469167,4.1996836960634685,2378,5547,4.318830251693726,0.005774497985839844
