Model,R2,MAE,RMSE,MAPE_percent,n_train,n_test,fit_time_sec,predict_time_sec
cat,0.9109821604423144,0.0017661228935061783,3.1435054192975045e-05,15.030942457959146,509,9672,3.2500197887420654,0.009620904922485352
