Model,R2,MAE,RMSE,MAPE_percent,n_train,n_test,fit_time_sec,predict_time_sec
gbm,0.9889363846038359,0.001013265009026154,1.907456505609421e-06,6.787161556066438,8145,2036,19.95236039161682,0.014080047607421875
