Model,R2,MAE,RMSE,MAPE_percent,n_train,n_test,fit_time_sec,predict_time_sec
cat,0.9282893840768189,0.011333557986060134,0.003974930188268785,3.9092692491676093,6208,1552,7.039292097091675,0.0020296573638916016
