Model,R2,MAE,RMSE,MAPE_percent,n_train,n_test,fit_time_sec,predict_time_sec
rf,0.2936413705956057,0.21944890295425754,0.1803757870233825,52.634852223587025,6206,1552,40.546021699905396,0.29387354850769043
