Model,R2,MAE,RMSE,MAPE_percent,n_train,n_test,fit_time_sec,predict_time_sec
gbm,0.9346638928419404,0.012150975631072565,0.004055037373793228,3.1866633841283196,4656,3104,11.422029733657837,0.021551847457885742
