Model,R2,MAE,RMSE,MAPE_percent,n_train,n_test,fit_time_sec,predict_time_sec
cat,0.8809833938664254,0.007088478292097717,0.0010542948595188251,9.919210696290603,509,9672,3.6866941452026367,0.010308504104614258
