Model,R2,MAE,RMSE,MAPE_percent,n_train,n_test,fit_time_sec,predict_time_sec
cat,0.30228562822431504,0.32691027896232105,0.4253919833986099,35.01753478695495,3197,3908,4.199484825134277,0.004993438720703125
