Model,R2,MAE,RMSE,MAPE_percent,n_train,n_test,fit_time_sec,predict_time_sec
cat,0.7192727849268774,0.02271213434671523,0.03398906790206801,9.959954478533179,8151,2038,3.677116632461548,0.0026056766510009766
