Model,R2,MAE,RMSE,MAPE_percent,n_train,n_test,fit_time_sec,predict_time_sec
cat,0.960197773015888,0.1362619128189099,0.038373748456179024,5.594235785418731,6208,1552,3.693321943283081,0.0025572776794433594
