Model,R2,MAE,RMSE,MAPE_percent,n_train,n_test,fit_time_sec,predict_time_sec
gbm,0.9617675388568416,0.13370968130602418,0.04893554869006427,5.740709272609941,6208,1552,19.619006395339966,0.013764142990112305
