Model,R2,MAE,RMSE,MAPE_percent,n_train,n_test,fit_time_sec,predict_time_sec
rf,0.963923595082843,0.044729983030674186,0.006436377976737977,3.947022253257663,6208,1552,36.221967935562134,0.28147435188293457
