Model,R2,MAE,RMSE,MAPE_percent,n_train,n_test,fit_time_sec,predict_time_sec
gbm,0.9934386386641951,0.015487016368750637,0.0005440668526946143,7.359109402318471,8145,2036,19.809843063354492,0.014936208724975586
