Model,R2,MAE,RMSE,MAPE_percent,n_train,n_test,fit_time_sec,predict_time_sec
cat,0.9856202294430467,0.0010109118402847012,2.6726023886822946e-06,8.7242604754115,1527,8654,3.3013789653778076,0.007600545883178711
