Model,R2,MAE,RMSE,MAPE_percent,n_train,n_test,fit_time_sec,predict_time_sec
cat,0.9318808532493783,0.0010296253320786755,2.4136017036134114e-05,7.606386275939409,4072,6109,4.8028528690338135,0.006612300872802734
