Model,R2,MAE,RMSE,MAPE_percent,n_train,n_test,fit_time_sec,predict_time_sec
cat,0.9674689464043096,0.18366240855071073,0.07816769853825345,1943294571.5718453,9053,2263,3.5804250240325928,0.002897977828979492
