Model,R2,MAE,RMSE,MAPE_percent,n_train,n_test,fit_time_sec,predict_time_sec
rf,0.9414837682465189,0.11224857909616975,0.03741923228420779,5.576457124617234,6206,1552,35.75214600563049,0.2858445644378662
