Model,R2,MAE,RMSE,MAPE_percent,n_train,n_test,fit_time_sec,predict_time_sec
cat,0.17565967488680845,0.030401105475714202,0.06903745021938155,11.453658035998481,8151,2038,3.4491004943847656,0.002574920654296875
