Model,R2,MAE,RMSE,MAPE_percent,n_train,n_test,fit_time_sec,predict_time_sec
cat,0.958853301178499,0.18627750434891927,0.0833905247070818,6.593686882497154,3170,4755,4.499707460403442,0.005522489547729492
