Model,R2,MAE,RMSE,MAPE_percent,n_train,n_test,fit_time_sec,predict_time_sec
cat,0.9943775306228323,0.0032743769119047217,2.1231533536953198e-05,4.214163592533407,8145,2036,3.6246886253356934,0.0026667118072509766
