Model,R2,MAE,RMSE,MAPE_percent,n_train,n_test,fit_time_sec,predict_time_sec
rf,0.9646655538887235,0.17191025226891507,0.07872028060686205,2571385.307574089,9053,2263,58.86644172668457,0.4685831069946289
