Model,R2,MAE,RMSE,MAPE_percent,n_train,n_test,fit_time_sec,predict_time_sec
gbm,0.9478294864181037,0.04867535493572423,0.014909132975062392,4.41810083260096,6208,1552,32.23777103424072,0.012193441390991211
