Model,R2,MAE,RMSE,MAPE_percent,n_train,n_test,fit_time_sec,predict_time_sec
cat,0.7006141938010688,0.015844899823662755,0.0419334723738539,5.424865176360975,8151,2038,3.6948862075805664,0.0027043819427490234
