Model,R2,MAE,RMSE,MAPE_percent,n_train,n_test,fit_time_sec,predict_time_sec
rf,0.9523170848452711,0.0010496042876140077,3.235486856097183e-05,6.880754016678465,8151,2038,55.73254156112671,0.39275360107421875
