Model,R2,MAE,RMSE,MAPE_percent,n_train,n_test,fit_time_sec,predict_time_sec
cat,0.9492203569013697,0.005266147336750509,0.00044457974923279697,7.945930455951299,2036,8145,4.247145414352417,0.008037090301513672
