Model,R2,MAE,RMSE,MAPE_percent,n_train,n_test,fit_time_sec,predict_time_sec
gbm,0.9809942603021584,0.01877307740795184,0.0010303121722400367,3.3066796481654426,4267,3491,10.454891681671143,0.02233266830444336
