Model,R2,MAE,RMSE,MAPE_percent,n_train,n_test,fit_time_sec,predict_time_sec
cat,0.05722418539544294,0.0023288358519259443,0.00037565090707012647,12.43959053997705,8151,2038,3.4423906803131104,0.002607583999633789
