Model,R2,MAE,RMSE,MAPE_percent,n_train,n_test,fit_time_sec,predict_time_sec
gbm,0.7249243080579287,0.6174847396514775,0.8557120631641879,19.63326612496221,6206,1552,14.083998203277588,0.012181997299194336
