Model,R2,MAE,RMSE,MAPE_percent,n_train,n_test,fit_time_sec,predict_time_sec
cat,0.9283945386141071,0.12056949888429813,0.04545966306669531,6.353575706237831,6213,1553,3.5390264987945557,0.0023260116577148438
