Model,R2,MAE,RMSE,MAPE_percent,n_train,n_test,fit_time_sec,predict_time_sec
rf,0.9418485283098454,0.2869145688062467,0.20962918740709846,7.45590620775425,6213,1553,38.21334528923035,0.27640271186828613
