Model,R2,MAE,RMSE,MAPE_percent,n_train,n_test,fit_time_sec,predict_time_sec
rf,0.9060033565291141,0.28199835564691766,0.15373374471547882,11.237577121636766,6208,1552,37.64968943595886,0.2841672897338867
