Model,R2,MAE,RMSE,MAPE_percent,n_train,n_test,fit_time_sec,predict_time_sec
cat,0.36476971645309997,0.10471592793732376,0.05019515576873127,59.01162935085499,6208,1552,4.126937627792358,0.0027008056640625
