Model,R2,MAE,RMSE,MAPE_percent,n_train,n_test,fit_time_sec,predict_time_sec
cat,0.9867662652924961,0.004604640567565839,4.374592108235472e-05,7.017715437634624,7636,2545,4.672914028167725,0.0040740966796875
