Model,R2,MAE,RMSE,MAPE_percent,n_train,n_test,fit_time_sec,predict_time_sec
cat,0.8427071886041726,0.005757531488174229,0.0017998421089043528,7.676359036324941,7636,2545,4.847512483596802,0.004149913787841797
