Model,R2,MAE,RMSE,MAPE_percent,n_train,n_test,fit_time_sec,predict_time_sec
gbm,0.952738856127321,0.13319350171654776,0.04560251766411635,5.493603384771162,6208,1552,16.06489896774292,0.013538837432861328
