Model,R2,MAE,RMSE,MAPE_percent,n_train,n_test,fit_time_sec,predict_time_sec
cat,0.8049829583799215,0.08407014543882309,0.1008813224875699,5.707145017988142,3858,3157,6.716306686401367,0.00404047966003418
