Model,R2,MAE,RMSE,MAPE_percent,n_train,n_test,fit_time_sec,predict_time_sec
cat,0.07095426330807852,0.16485189683685186,0.10544744001883256,58.43710829631732,396,7529,3.0974676609039307,0.007624387741088867
