Model,R2,MAE,RMSE,MAPE_percent,n_train,n_test,fit_time_sec,predict_time_sec
gbm,0.9650969668989626,0.16705245294736018,0.05522804907889237,5.521952931498947,6340,1585,15.828982591629028,0.013051271438598633
