Model,R2,MAE,RMSE,MAPE_percent,n_train,n_test,fit_time_sec,predict_time_sec
cat,0.9240460111484614,0.0010492911784127118,2.4364370481321276e-05,8.022631509691609,2545,7636,3.3589413166046143,0.006959199905395508
