Model,R2,MAE,RMSE,MAPE_percent,n_train,n_test,fit_time_sec,predict_time_sec
cat,0.9676059129074277,0.06248842059389489,0.008786166163085333,4.882763443314646,3508,3507,4.576414346694946,0.0042150020599365234
