Model,R2,MAE,RMSE,MAPE_percent,n_train,n_test,fit_time_sec,predict_time_sec
cat,0.9163168674561312,0.09713108588742023,0.028542979036001698,8.320943340170436,6214,1554,3.4635260105133057,0.0024445056915283203
