Model,R2,MAE,RMSE,MAPE_percent,n_train,n_test,fit_time_sec,predict_time_sec
cat,0.980902717783394,0.019423860791914264,0.0010376601852993591,3.6710454214898913,4267,3491,3.517220973968506,0.003732442855834961
