Model,R2,MAE,RMSE,MAPE_percent,n_train,n_test,fit_time_sec,predict_time_sec
cat,0.993001235016397,0.0031476199974757833,4.982378344720483e-05,5.080242940103044,8145,2036,7.3156561851501465,0.017412900924682617
