Model,R2,MAE,RMSE,MAPE_percent,n_train,n_test,fit_time_sec,predict_time_sec
gbm,0.9319163009640034,0.022244356127515134,0.006375750992071098,30610049.96534001,566,10750,1.386324405670166,0.07033491134643555
