Model,R2,MAE,RMSE,MAPE_percent,n_train,n_test,fit_time_sec,predict_time_sec
cat,0.946458255085978,0.12112302138415885,0.05989071119019912,5.978982057404385,6206,1552,4.570218563079834,0.002612590789794922
