Model,R2,MAE,RMSE,MAPE_percent,n_train,n_test,fit_time_sec,predict_time_sec
gbm,0.932392651138169,0.001263949015716077,2.420401992273908e-05,8.843465280632046,509,9672,1.3010387420654297,0.06625723838806152
