Model,R2,MAE,RMSE,MAPE_percent,n_train,n_test,fit_time_sec,predict_time_sec
cat,0.9820950950772223,0.006784439714649731,0.00015667692522756878,11.990219022318135,8145,2036,3.3814351558685303,0.0032432079315185547
