Model,R2,MAE,RMSE,MAPE_percent,n_train,n_test,fit_time_sec,predict_time_sec
rf,0.9708300666731864,0.056042501509094816,0.008949913619815704,3.71522842655114,6340,1585,36.727107524871826,0.29695606231689453
