Model,R2,MAE,RMSE,MAPE_percent,n_train,n_test,fit_time_sec,predict_time_sec
gbm,-1.5612980086482398,0.014211969706027446,0.05062188115324197,9.70544053105086,8151,2038,20.585062265396118,0.014555931091308594
