Model,R2,MAE,RMSE,MAPE_percent,n_train,n_test,fit_time_sec,predict_time_sec
rf,0.9210716503938661,0.06071986504206047,0.03391807878340487,4.622927132195139,9059,2265,54.03550982475281,0.4408376216888428
