Model,R2,MAE,RMSE,MAPE_percent,n_train,n_test,fit_time_sec,predict_time_sec
gbm,0.9976174781077886,0.0020235121398304067,8.064589082028465e-06,2.7986775022767816,8151,2038,20.84271478652954,0.012378931045532227
