Model,R2,MAE,RMSE,MAPE_percent,n_train,n_test,fit_time_sec,predict_time_sec
cat,0.9469593820047221,0.12939837097702583,0.0532848837155565,6.846562145468803,6206,1552,3.343919515609741,0.0022954940795898438
