Model,R2,MAE,RMSE,MAPE_percent,n_train,n_test,fit_time_sec,predict_time_sec
cat,0.8653788623568535,0.004950123962172241,0.0012960591343800587,7.467457816081653,8145,2036,3.7118797302246094,0.0027039051055908203
