Model,R2,MAE,RMSE,MAPE_percent,n_train,n_test,fit_time_sec,predict_time_sec
cat,0.9208096972532791,0.05922784325418703,0.026475898986458437,5.164736861547126,6208,1552,3.611626148223877,0.002398252487182617
