Model,R2,MAE,RMSE,MAPE_percent,n_train,n_test,fit_time_sec,predict_time_sec
gbm,0.9963382977018754,0.0005047285378239825,6.010803677454817e-07,3.2031680413594015,8145,2036,20.48469376564026,0.013262510299682617
