Model,R2,MAE,RMSE,MAPE_percent,n_train,n_test,fit_time_sec,predict_time_sec
rf,0.9088348141831305,0.023594522221621773,0.009232720574752855,2278695.695780517,566,10750,2.576714038848877,0.5867276191711426
