Model,R2,MAE,RMSE,MAPE_percent,n_train,n_test,fit_time_sec,predict_time_sec
gbm,0.9537980335515882,0.0010389214093482167,1.7630003915806182e-05,7.535029677609439,3563,6618,8.519131183624268,0.0417790412902832
