Model,R2,MAE,RMSE,MAPE_percent,n_train,n_test,fit_time_sec,predict_time_sec
rf,0.5535506089651684,0.34518659714018957,0.2979738543723788,4600141348.091425,9053,2263,59.36221504211426,0.4642977714538574
