Model,R2,MAE,RMSE,MAPE_percent,n_train,n_test,fit_time_sec,predict_time_sec
cat,0.9575717569294442,0.185231420406363,0.06663962175662912,7.1760254674909385,8487,2829,4.98006796836853,0.003632783889770508
