Model,R2,MAE,RMSE,MAPE_percent,n_train,n_test,fit_time_sec,predict_time_sec
cat,0.9791042722910355,0.004589765483360665,3.649493540302101e-05,6.828424274026511,7636,2545,4.949148416519165,0.0035314559936523438
