Model,R2,MAE,RMSE,MAPE_percent,n_train,n_test,fit_time_sec,predict_time_sec
cat,0.9167966215229894,0.023333028926823967,0.008601870405236033,5.830433907981167,1585,6340,4.920267343521118,0.006834506988525391
