Model,R2,MAE,RMSE,MAPE_percent,n_train,n_test,fit_time_sec,predict_time_sec
gbm,0.9572233653736465,0.018085367553710582,0.0031955819745946856,74563988.13581331,1132,10184,2.6841917037963867,0.06306290626525879
