Model,R2,MAE,RMSE,MAPE_percent,n_train,n_test,fit_time_sec,predict_time_sec
cat,0.9953518147736347,0.0024189153718020833,1.1902629502266363e-05,4.141705910862785,8145,2036,3.684946060180664,0.003292560577392578
