Model,R2,MAE,RMSE,MAPE_percent,n_train,n_test,fit_time_sec,predict_time_sec
rf,0.9699084413874601,0.006370026506034423,0.00026435872708965543,10.843606225120714,8145,2036,52.8355348110199,0.42213964462280273
