Model,R2,MAE,RMSE,MAPE_percent,n_train,n_test,fit_time_sec,predict_time_sec
cat,0.9328160244115004,0.006516539532230353,0.0006082738355439675,8.735680622773073,1018,9163,3.850921154022217,0.008939027786254883
