Model,R2,MAE,RMSE,MAPE_percent,n_train,n_test,fit_time_sec,predict_time_sec
rf,0.9622333344350471,0.13042295268685192,0.04986060369638537,5.393278234397545,6208,1552,36.33685874938965,0.28635716438293457
