Model,R2,MAE,RMSE,MAPE_percent,n_train,n_test,fit_time_sec,predict_time_sec
rf,0.9681779099473475,0.011474686627715856,0.0019212807434755906,3.077223565354039,5820,1940,35.50646233558655,0.31781649589538574
