Model,R2,MAE,RMSE,MAPE_percent,n_train,n_test,fit_time_sec,predict_time_sec
rf,0.9976917443917791,0.0025325386562698774,1.4624071964682243e-05,4.291177651630484,8145,2036,53.33728575706482,0.4170713424682617
