Model,R2,MAE,RMSE,MAPE_percent,n_train,n_test,fit_time_sec,predict_time_sec
rf,0.997691555092214,0.003352024473247014,3.1536913928223497e-05,1.1817996282572445,6208,1552,37.03678226470947,0.2797684669494629
