Model,R2,MAE,RMSE,MAPE_percent,n_train,n_test,fit_time_sec,predict_time_sec
cat,0.19337255656234653,0.267184281110188,0.30645037832041294,38.36214999661063,5733,3087,4.436143159866333,0.004927158355712891
