Model,R2,MAE,RMSE,MAPE_percent,n_train,n_test,fit_time_sec,predict_time_sec
rf,0.9273270994984204,0.001381448039225356,3.0833019739762865e-05,8.397662936602323,509,9672,2.4778835773468018,0.5534558296203613
