Model,R2,MAE,RMSE,MAPE_percent,n_train,n_test,fit_time_sec,predict_time_sec
cat,0.9631995462250776,0.07261958389548777,0.014198572394232651,4.984076317142041,3962,3963,4.556365489959717,0.005091667175292969
