Model,R2,MAE,RMSE,MAPE_percent,n_train,n_test,fit_time_sec,predict_time_sec
cat,0.9979039286749573,0.001834208837009591,9.028555326063402e-06,2.291945623374521,8145,2036,3.503258228302002,0.0026259422302246094
