Model,R2,MAE,RMSE,MAPE_percent,n_train,n_test,fit_time_sec,predict_time_sec
gbm,0.9232255553122009,0.0006087750522126456,2.970841554735738e-05,3.2453785055360695,8145,2036,20.33621120452881,0.014098167419433594
