Model,R2,MAE,RMSE,MAPE_percent,n_train,n_test,fit_time_sec,predict_time_sec
cat,0.9457940906443532,0.11691128996441413,0.03319888345494801,6.0909501099939956,6213,1553,3.523747444152832,0.0024263858795166016
