Model,R2,MAE,RMSE,MAPE_percent,n_train,n_test,fit_time_sec,predict_time_sec
cat,0.8667972053612815,0.09565466613790885,0.02864482240103385,8.222928921661387,6214,1554,3.4710195064544678,0.002365589141845703
