Model,R2,MAE,RMSE,MAPE_percent,n_train,n_test,fit_time_sec,predict_time_sec
cat,0.9896892541581483,0.000899337536404966,2.866587509331263e-06,7.741702991523591,7127,3054,3.3646440505981445,0.003320455551147461
