Model,R2,MAE,RMSE,MAPE_percent,n_train,n_test,fit_time_sec,predict_time_sec
cat,0.9013112429030905,0.08918751597308189,0.021265974520175424,7.8647540152970405,6208,1552,3.599444627761841,0.002353191375732422
