Model,R2,MAE,RMSE,MAPE_percent,n_train,n_test,fit_time_sec,predict_time_sec
cat,0.9354218967063226,0.016027317029893677,0.005000641788136337,7.721718631235036,2036,8145,4.278432607650757,0.009367704391479492
