Model,R2,MAE,RMSE,MAPE_percent,n_train,n_test,fit_time_sec,predict_time_sec
rf,0.7880978200741171,0.47536285103203624,0.4840481475227762,276.8926403610218,9053,2263,56.74664807319641,0.461230993270874
