Model,R2,MAE,RMSE,MAPE_percent,n_train,n_test,fit_time_sec,predict_time_sec
cat,0.4254440286805852,0.33008652977215924,0.23347274107390742,36.23632002934226,4209,2806,6.863700866699219,0.003612041473388672
