Model,R2,MAE,RMSE,MAPE_percent,n_train,n_test,fit_time_sec,predict_time_sec
cat,0.9961420915351834,0.0004889004220643536,4.813338811088217e-07,3.5230915595353705,8145,2036,3.875048875808716,0.003135204315185547
