Model,R2,MAE,RMSE,MAPE_percent,n_train,n_test,fit_time_sec,predict_time_sec
rf,0.9750354917980999,0.00528041361530304,0.0017448619119060688,1.9953646619256555,8145,2036,81.60483360290527,0.7838857173919678
