Model,R2,MAE,RMSE,MAPE_percent,n_train,n_test,fit_time_sec,predict_time_sec
gbm,0.9395591806999848,0.27281844838284464,0.15134722890159458,7.095029649167374,6206,1552,15.39404034614563,0.012546777725219727
