Model,R2,MAE,RMSE,MAPE_percent,n_train,n_test,fit_time_sec,predict_time_sec
rf,0.62118303434673,0.0018018074308318167,0.00011473667009597909,12.47647606727747,8151,2038,52.78752279281616,0.42292332649230957
