Model,R2,MAE,RMSE,MAPE_percent,n_train,n_test,fit_time_sec,predict_time_sec
cat,0.9880080579707872,0.014674663542092658,0.0009795168471553937,7.505645006040976,8145,2036,3.6420559883117676,0.005074977874755859
