Model,R2,MAE,RMSE,MAPE_percent,n_train,n_test,fit_time_sec,predict_time_sec
rf,0.937340543229097,0.13056156736633026,0.06355354289776456,5.963358842135889,6206,1552,50.760986328125,0.5531363487243652
