Model,R2,MAE,RMSE,MAPE_percent,n_train,n_test,fit_time_sec,predict_time_sec
cat,0.8842323638458536,0.021811627023963293,0.010681565433642792,12.420008600557084,5600,4581,4.34544563293457,0.0054492950439453125
