Model,R2,MAE,RMSE,MAPE_percent,n_train,n_test,fit_time_sec,predict_time_sec
gbm,0.995119882234942,0.01020132091744864,0.0003360323209770973,1.729049415224401,6206,1552,15.574365615844727,0.012226581573486328
