Model,R2,MAE,RMSE,MAPE_percent,n_train,n_test,fit_time_sec,predict_time_sec
gbm,0.9908487446933442,0.0011882582941599438,2.8315728846613777e-06,7.9164011721666165,1018,9163,2.4252867698669434,0.055876731872558594
