Model,R2,MAE,RMSE,MAPE_percent,n_train,n_test,fit_time_sec,predict_time_sec
cat,0.8888893376587131,0.09246530042349795,0.08077593249949667,1237664570.3915012,9059,2265,3.7029716968536377,0.00298309326171875
