Model,R2,MAE,RMSE,MAPE_percent,n_train,n_test,fit_time_sec,predict_time_sec
rf,0.9588984068260981,0.01831625109455375,0.004478275352655494,5263209.388127904,7355,3961,45.09732151031494,0.5602302551269531
