Model,R2,MAE,RMSE,MAPE_percent,n_train,n_test,fit_time_sec,predict_time_sec
cat,0.9634453993482075,0.051878955413718224,0.0073545356704923385,6.65921627872883,1764,7056,4.461460113525391,0.0072133541107177734
