Model,R2,MAE,RMSE,MAPE_percent,n_train,n_test,fit_time_sec,predict_time_sec
cat,0.9876945399251201,0.004243659421973223,3.307165610069231e-05,7.238294424818095,8145,2036,4.74686336517334,0.0031058788299560547
