Model,R2,MAE,RMSE,MAPE_percent,n_train,n_test,fit_time_sec,predict_time_sec
cat,0.8582165322681773,0.12505665745857136,0.101062576077797,6.106105377544022,6213,1553,3.551454544067383,0.002335786819458008
