Model,R2,MAE,RMSE,MAPE_percent,n_train,n_test,fit_time_sec,predict_time_sec
cat,0.9599412137311454,0.07817138805990094,0.014163249289661823,7.759116371653368,5658,5658,4.706935167312622,0.007180452346801758
