Model,R2,MAE,RMSE,MAPE_percent,n_train,n_test,fit_time_sec,predict_time_sec
cat,0.9868206393332263,0.0004059993368479222,3.7893873741465026e-06,3.06112194898781,8145,2036,3.441209077835083,0.002620220184326172
