Model,R2,MAE,RMSE,MAPE_percent,n_train,n_test,fit_time_sec,predict_time_sec
cat,0.9063761172128717,0.015691579984730107,0.008792199666804496,7.326663147243639,6618,3563,4.849326848983765,0.004841804504394531
