Model,R2,MAE,RMSE,MAPE_percent,n_train,n_test,fit_time_sec,predict_time_sec
rf,0.9624250716750645,0.17660439150940202,0.08519349046408155,4464978.721417702,9053,2263,110.61750650405884,0.4698002338409424
