Model,R2,MAE,RMSE,MAPE_percent,n_train,n_test,fit_time_sec,predict_time_sec
cat,0.9641500271635282,0.18296990652822867,0.08043616962060755,1062051203.501404,7355,3961,5.034660816192627,0.0049991607666015625
