Model,R2,MAE,RMSE,MAPE_percent,n_train,n_test,fit_time_sec,predict_time_sec
rf,0.9888406975090973,0.0007957816472287985,1.1914661895987435e-06,6.939700598361859,8145,2036,51.395045042037964,0.40407657623291016
