Model,R2,MAE,RMSE,MAPE_percent,n_train,n_test,fit_time_sec,predict_time_sec
rf,0.959482761291084,0.17981132957665197,0.09417919417593425,37710472.60267137,9053,2263,69.73604559898376,0.8792157173156738
