Model,R2,MAE,RMSE,MAPE_percent,n_train,n_test,fit_time_sec,predict_time_sec
cat,0.8852954488437463,0.0010992607503066123,5.4165459414263394e-05,7.156623716308783,7636,2545,4.996061325073242,0.003716707229614258
