Model,R2,MAE,RMSE,MAPE_percent,n_train,n_test,fit_time_sec,predict_time_sec
gbm,0.9961011560052055,0.0025781719284473587,1.2507162030083934e-05,3.7935791623555564,8145,2036,20.232760190963745,0.013919591903686523
