Model,R2,MAE,RMSE,MAPE_percent,n_train,n_test,fit_time_sec,predict_time_sec
cat,0.3546073937989088,0.1460281861540175,0.06854618533420968,938078752.9662334,7921,3395,4.692543029785156,0.004677534103393555
