Model,R2,MAE,RMSE,MAPE_percent,n_train,n_test,fit_time_sec,predict_time_sec
rf,0.9873349308475398,0.0010874868193508096,5.255454612992052e-06,6.979266887296085,6618,3563,40.82329988479614,0.49540042877197266
