Model,R2,MAE,RMSE,MAPE_percent,n_train,n_test,fit_time_sec,predict_time_sec
cat,0.9873583156522511,0.0036440727321362175,0.0001226201237587077,4.701199839965787,8145,2036,3.6508185863494873,0.0026209354400634766
