Model,R2,MAE,RMSE,MAPE_percent,n_train,n_test,fit_time_sec,predict_time_sec
cat,0.95398630723304,0.08142584252242907,0.02832824442399526,5.611508711548041,4755,3170,5.204134225845337,0.004332542419433594
