Model,R2,MAE,RMSE,MAPE_percent,n_train,n_test,fit_time_sec,predict_time_sec
cat,0.9623815186468088,0.07888543603242949,0.023451478490931033,32840347.439648665,8487,2829,5.000994443893433,0.004322052001953125
