Model,R2,MAE,RMSE,MAPE_percent,n_train,n_test,fit_time_sec,predict_time_sec
cat,0.9801459446586833,0.03606108982576621,0.002558697583131864,4.032590373059578,7056,1764,3.885631799697876,0.0026352405548095703
