Model,R2,MAE,RMSE,MAPE_percent,n_train,n_test,fit_time_sec,predict_time_sec
gbm,0.9664662632452224,0.07134358537557293,0.013877763275556105,5.552950163282445,9053,2263,22.838921070098877,0.01740574836730957
