Model,R2,MAE,RMSE,MAPE_percent,n_train,n_test,fit_time_sec,predict_time_sec
rf,0.4421742213043087,0.3014611131212136,0.2490131389328668,30.29453495717981,5684,1421,3.280165672302246,0.25596165657043457
