Model,R2,MAE,RMSE,MAPE_percent,n_train,n_test,fit_time_sec,predict_time_sec
rf,0.9945717728551957,0.004759618349179367,0.00016556502722646024,1.4418321433783707,6208,1552,58.379448652267456,0.5352671146392822
