Model,R2,MAE,RMSE,MAPE_percent,n_train,n_test,fit_time_sec,predict_time_sec
cat,0.9947323893274522,0.0006795733662808763,8.86636188335113e-07,4.462052857404577,8145,2036,3.5437533855438232,0.002772808074951172
