Model,R2,MAE,RMSE,MAPE_percent,n_train,n_test,fit_time_sec,predict_time_sec
gbm,0.8988508351366089,0.08645881139700806,0.06881793169718922,200919307.3199033,9059,2265,22.790244579315186,0.017463207244873047
