Model,R2,MAE,RMSE,MAPE_percent,n_train,n_test,fit_time_sec,predict_time_sec
gbm,0.8503668325984076,0.0007198913977014178,1.585548925051175e-05,5.071023990665234,8151,2038,20.51058077812195,0.012429475784301758
