Model,R2,MAE,RMSE,MAPE_percent,n_train,n_test,fit_time_sec,predict_time_sec
cat,0.8890737699201692,0.10940243545493707,0.04147052592045889,9.189603677746158,6208,1552,3.5270957946777344,0.002371072769165039
