Model,R2,MAE,RMSE,MAPE_percent,n_train,n_test,fit_time_sec,predict_time_sec
rf,0.9904973322466536,0.0009733239087274544,1.862650164922194e-06,7.445675282755813,2036,8145,10.725911140441895,0.6691992282867432
