Model,R2,MAE,RMSE,MAPE_percent,n_train,n_test,fit_time_sec,predict_time_sec
gbm,0.9691997728348115,0.0005264431261190768,9.34906725113156e-06,3.5102355429149252,8145,2036,20.508730173110962,0.01416778564453125
