Model,R2,MAE,RMSE,MAPE_percent,n_train,n_test,fit_time_sec,predict_time_sec
cat,0.9790725194814214,0.022226355579735325,0.0014210733347924313,4.127149981479071,3103,4655,3.277566432952881,0.004974365234375
