Model,R2,MAE,RMSE,MAPE_percent,n_train,n_test,fit_time_sec,predict_time_sec
gbm,0.12283606720223772,0.0019880207046995384,0.0003192828442633073,15.48100559777147,8151,2038,18.318557739257812,0.014750003814697266
