Model,R2,MAE,RMSE,MAPE_percent,n_train,n_test,fit_time_sec,predict_time_sec
gbm,0.9992131834501403,0.004006696731104717,5.030216267386492e-05,1.7619531651799076,8145,2036,20.477227449417114,0.014494895935058594
