Model,R2,MAE,RMSE,MAPE_percent,n_train,n_test,fit_time_sec,predict_time_sec
cat,0.9836364019022334,0.001153835248976952,4.7049332357685325e-06,12.198607816155972,8145,2036,4.216167688369751,0.003126859664916992
