Model,R2,MAE,RMSE,MAPE_percent,n_train,n_test,fit_time_sec,predict_time_sec
cat,0.9433168806607835,0.0629435945103832,0.021378703641454805,5.006972178097118,4618,2487,4.834218263626099,0.004091024398803711
