Model,R2,MAE,RMSE,MAPE_percent,n_train,n_test,fit_time_sec,predict_time_sec
rf,0.9841781557753612,0.018079380988585348,0.0011952268650969324,10.406608142377392,8145,2036,52.239367723464966,0.4152958393096924
