Model,R2,MAE,RMSE,MAPE_percent,n_train,n_test,fit_time_sec,predict_time_sec
rf,0.956701486922362,0.0324251331966653,0.009741142575172265,4.007187617278656,3491,4267,19.36966347694397,0.45167064666748047
