Model,R2,MAE,RMSE,MAPE_percent,n_train,n_test,fit_time_sec,predict_time_sec
gbm,0.9767432589778761,0.0006130045118245141,6.699432189495964e-06,4.617665750372923,8145,2036,40.683090686798096,0.014421701431274414
