Model,R2,MAE,RMSE,MAPE_percent,n_train,n_test,fit_time_sec,predict_time_sec
cat,0.9627986688931224,0.01605151564178863,0.004361823402717776,400714521.55585414,9053,2263,3.6144678592681885,0.002886533737182617
