Model,R2,MAE,RMSE,MAPE_percent,n_train,n_test,fit_time_sec,predict_time_sec
rf,0.95875391664844,0.0016544115972127681,0.00010976153591462169,2.1366437579956115,8151,2038,55.35141587257385,0.4126899242401123
