Model,R2,MAE,RMSE,MAPE_percent,n_train,n_test,fit_time_sec,predict_time_sec
rf,0.9667132695899029,0.05718478266186086,0.008025730623772619,4.267244256775185,5612,1403,33.47083830833435,0.26824498176574707
