Model,R2,MAE,RMSE,MAPE_percent,n_train,n_test,fit_time_sec,predict_time_sec
rf,0.9904839882804521,0.017202040643354795,0.0006245377063135233,10.585838053653642,8145,2036,83.66186547279358,0.8149724006652832
