Model,R2,MAE,RMSE,MAPE_percent,n_train,n_test,fit_time_sec,predict_time_sec
cat,0.9879818886555015,0.001004361516571643,2.1318598499144113e-06,7.682599333059255,2545,7636,3.1787331104278564,0.009688615798950195
