Model,R2,MAE,RMSE,MAPE_percent,n_train,n_test,fit_time_sec,predict_time_sec
rf,0.9421192560238645,0.027036516283366924,0.01384005953002201,3.060061950128365,6206,1552,36.84901547431946,0.28557443618774414
