Model,R2,MAE,RMSE,MAPE_percent,n_train,n_test,fit_time_sec,predict_time_sec
cat,0.8584609939991736,0.026106357137989037,0.01565282021044831,6.4067579240850225,792,7133,3.7597646713256836,0.007508039474487305
