Model,R2,MAE,RMSE,MAPE_percent,n_train,n_test,fit_time_sec,predict_time_sec
gbm,0.8951118551190169,0.007926742539425864,0.001408027895423797,11.869577716591776,8145,2036,19.763192176818848,0.01582789421081543
