Model,R2,MAE,RMSE,MAPE_percent,n_train,n_test,fit_time_sec,predict_time_sec
cat,0.975836705810026,0.0014047706512373534,8.175000803767057e-06,13.380434241741135,7636,2545,4.599619388580322,0.004093170166015625
