Model,R2,MAE,RMSE,MAPE_percent,n_train,n_test,fit_time_sec,predict_time_sec
rf,0.9862887057758304,0.002827397274519125,9.450967449668648e-05,4.203939384568383,8145,2036,66.41752505302429,0.808173418045044
