Model,R2,MAE,RMSE,MAPE_percent,n_train,n_test,fit_time_sec,predict_time_sec
rf,0.9343999381042479,0.2682968447487001,0.19270916398175356,6.966373507820471,6213,1553,36.96400284767151,0.2773158550262451
