Model,R2,MAE,RMSE,MAPE_percent,n_train,n_test,fit_time_sec,predict_time_sec
rf,0.9550535082633391,0.010627908764692112,0.006535275720160009,4.003143342459758,8151,2038,55.5801887512207,0.39308977127075195
