Model,R2,MAE,RMSE,MAPE_percent,n_train,n_test,fit_time_sec,predict_time_sec
cat,0.9861019444565282,0.0010853273946590995,2.186907809803349e-06,7.168786083343848,4072,6109,3.234426975250244,0.0068967342376708984
