Model,R2,MAE,RMSE,MAPE_percent,n_train,n_test,fit_time_sec,predict_time_sec
gbm,0.9917578233775823,0.0005062641585433576,3.236320950885039e-06,3.1189952818332993,8145,2036,20.461076736450195,0.014768838882446289
