Model,R2,MAE,RMSE,MAPE_percent,n_train,n_test,fit_time_sec,predict_time_sec
gbm,0.9883508183729575,0.00147567846396645,4.237206476971853e-06,12.791898293348542,8145,2036,19.9401535987854,0.01527547836303711
