Model,R2,MAE,RMSE,MAPE_percent,n_train,n_test,fit_time_sec,predict_time_sec
cat,0.9604876711986758,0.07054612662664182,0.011006827755981817,5.4488412167109805,8487,2829,5.139750957489014,0.003924846649169922
