Model,R2,MAE,RMSE,MAPE_percent,n_train,n_test,fit_time_sec,predict_time_sec
cat,0.9082896035831827,0.2821083571146952,0.14999453331400403,11.627414254653381,6208,1552,3.389094829559326,0.002327442169189453
