Model,R2,MAE,RMSE,MAPE_percent,n_train,n_test,fit_time_sec,predict_time_sec
rf,0.8686252223523045,0.0088379435878155,0.01299057204541211,2.8665041270945104,8145,2036,56.790966510772705,0.4252505302429199
