Model,R2,MAE,RMSE,MAPE_percent,n_train,n_test,fit_time_sec,predict_time_sec
rf,0.9991889937374798,0.0033397542322816244,2.406819107135092e-05,1.5002495357001926,8151,2038,54.102089166641235,0.3925211429595947
