Model,R2,MAE,RMSE,MAPE_percent,n_train,n_test,fit_time_sec,predict_time_sec
cat,0.9949540135244016,0.0029474112096762265,1.704553208470103e-05,4.56220556011266,8151,2038,3.7538089752197266,0.0022382736206054688
