Model,R2,MAE,RMSE,MAPE_percent,n_train,n_test,fit_time_sec,predict_time_sec
cat,0.944715467256111,0.09309502822697513,0.03544194893510741,1327067446.486807,1697,9619,4.2869367599487305,0.009687423706054688
