Model,R2,MAE,RMSE,MAPE_percent,n_train,n_test,fit_time_sec,predict_time_sec
gbm,0.975386043550207,0.0010511071007402166,1.992779526828591e-06,6.666582684987943,8145,2036,19.795114040374756,0.013862133026123047
