Model,R2,MAE,RMSE,MAPE_percent,n_train,n_test,fit_time_sec,predict_time_sec
gbm,0.9686162601256149,0.010119171719020291,0.003548501389055503,45610680.85921046,9053,2263,23.00990104675293,0.01790452003479004
