Model,R2,MAE,RMSE,MAPE_percent,n_train,n_test,fit_time_sec,predict_time_sec
gbm,0.997972541040645,0.0024974993005593615,1.8160498814853455e-05,3.2037959430556975,8145,2036,20.497769355773926,0.014049053192138672
