Model,R2,MAE,RMSE,MAPE_percent,n_train,n_test,fit_time_sec,predict_time_sec
cat,0.9757086026939034,0.009040008886688542,0.001226145727494101,3.1937368360011464,6208,1552,3.54209303855896,0.0027489662170410156
