Model,R2,MAE,RMSE,MAPE_percent,n_train,n_test,fit_time_sec,predict_time_sec
gbm,0.95839738857953,0.1291126275871071,0.05502073867777889,5.474170550555027,6208,1552,15.532717943191528,0.012746810913085938
