Model,R2,MAE,RMSE,MAPE_percent,n_train,n_test,fit_time_sec,predict_time_sec
rf,-0.18381885483035298,0.003319430105091616,0.0009358710356615215,15.762295400114985,8151,2038,53.135143756866455,0.4210963249206543
