Model,R2,MAE,RMSE,MAPE_percent,n_train,n_test,fit_time_sec,predict_time_sec
cat,0.9600953787268727,0.12222391305436721,0.04691678895737353,6.159343511362163,6213,1553,3.5310025215148926,0.002321481704711914
