Model,R2,MAE,RMSE,MAPE_percent,n_train,n_test,fit_time_sec,predict_time_sec
cat,0.9738184518016468,0.16261109338717078,0.06331352779340513,915662925.5418744,9053,2263,3.7865116596221924,0.005629539489746094
