Model,R2,MAE,RMSE,MAPE_percent,n_train,n_test,fit_time_sec,predict_time_sec
rf,0.9951970929862723,0.009473001461050084,0.0003982561497541949,4.0254428803237055,8145,2036,73.23096966743469,0.43346571922302246
