Model,R2,MAE,RMSE,MAPE_percent,n_train,n_test,fit_time_sec,predict_time_sec
rf,0.9503165929454003,0.08105266001426371,0.031311366248578505,3097997.56563551,9059,2265,55.382981061935425,0.4515719413757324
