Model,R2,MAE,RMSE,MAPE_percent,n_train,n_test,fit_time_sec,predict_time_sec
gbm,0.9605335372948698,0.07189019888358189,0.02139832997101749,4.655202639900243,6340,1585,15.920320272445679,0.013143777847290039
