Model,R2,MAE,RMSE,MAPE_percent,n_train,n_test,fit_time_sec,predict_time_sec
gbm,0.9889033451516587,0.005056189337236845,4.711546540371372e-05,6.77795621007784,8145,2036,19.912530660629272,0.014226198196411133
