Model,R2,MAE,RMSE,MAPE_percent,n_train,n_test,fit_time_sec,predict_time_sec
cat,0.9644258310593641,0.07219026573522933,0.013469067968397277,5.6137328197661125,9053,2263,3.806882381439209,0.003274202346801758
