Model,R2,MAE,RMSE,MAPE_percent,n_train,n_test,fit_time_sec,predict_time_sec
gbm,0.9645822200880799,0.0493657704810852,0.012810242109807952,4.157807036199617,6208,1552,15.50172209739685,0.012027502059936523
