Model,R2,MAE,RMSE,MAPE_percent,n_train,n_test,fit_time_sec,predict_time_sec
rf,0.9894310854985685,0.0012273557007904455,3.5921538015834512e-06,10.930288436905364,8145,2036,69.21705412864685,0.42111897468566895
