Model,R2,MAE,RMSE,MAPE_percent,n_train,n_test,fit_time_sec,predict_time_sec
cat,0.9835108618487493,0.01978077805008373,0.001143246766023522,12.008497029191076,7127,3054,4.431279420852661,0.004091978073120117
