Model,R2,MAE,RMSE,MAPE_percent,n_train,n_test,fit_time_sec,predict_time_sec
cat,0.9165132784179842,0.11022403810237799,0.04832892294785651,8.542052483099656,396,7529,3.590773105621338,0.007954120635986328
