Model,R2,MAE,RMSE,MAPE_percent,n_train,n_test,fit_time_sec,predict_time_sec
gbm,0.9330929041230673,0.018077311518361013,0.007815744334768785,63150994.07661207,7921,3395,19.819320678710938,0.024482250213623047
