Model,R2,MAE,RMSE,MAPE_percent,n_train,n_test,fit_time_sec,predict_time_sec
gbm,0.3084109359908286,0.16038626968843567,0.10141121307994697,4157109478.181412,9059,2265,20.309868574142456,0.016020536422729492
