Model,R2,MAE,RMSE,MAPE_percent,n_train,n_test,fit_time_sec,predict_time_sec
rf,0.9899689324650216,0.0004995410401813043,3.349672540985863e-06,3.4993404161696646,8145,2036,88.22867155075073,0.42567896842956543
