Model,R2,MAE,RMSE,MAPE_percent,n_train,n_test,fit_time_sec,predict_time_sec
gbm,0.9945341317311366,0.005046835891108877,7.439840923205657e-05,1.8251469233504154,6208,1552,16.27801752090454,0.011441230773925781
