Model,R2,MAE,RMSE,MAPE_percent,n_train,n_test,fit_time_sec,predict_time_sec
gbm,0.998600590602607,0.0011423114944503587,3.6514516186812e-06,1.7851903489522165,8145,2036,20.471944093704224,0.014052391052246094
