Model,R2,MAE,RMSE,MAPE_percent,n_train,n_test,fit_time_sec,predict_time_sec
cat,0.9786233223350825,0.020133480546253444,0.0014979890298333503,3.403538875059863,6206,1552,3.5179688930511475,0.0022971630096435547
