Model,R2,MAE,RMSE,MAPE_percent,n_train,n_test,fit_time_sec,predict_time_sec
rf,0.9941718534883592,0.006239533211345808,0.00014301484283514815,3.1793734294075247,8145,2036,52.56878685951233,0.3845560550689697
