Model,R2,MAE,RMSE,MAPE_percent,n_train,n_test,fit_time_sec,predict_time_sec
gbm,0.988989815842104,0.004070971844547537,2.91296153853252e-05,7.136369717295604,8145,2036,19.708963871002197,0.014415502548217773
