Model,R2,MAE,RMSE,MAPE_percent,n_train,n_test,fit_time_sec,predict_time_sec
gbm,0.9837751058674673,0.007532185881639548,0.00016934110861093176,11.762729296070763,8145,2036,19.519280195236206,0.01563405990600586
