Model,R2,MAE,RMSE,MAPE_percent,n_train,n_test,fit_time_sec,predict_time_sec
gbm,0.9542498721993911,0.01095248249074379,0.0018739799268708858,3.3942043779830975,776,6984,1.9066298007965088,0.04627227783203125
