Model,R2,MAE,RMSE,MAPE_percent,n_train,n_test,fit_time_sec,predict_time_sec
rf,-0.19351041926533719,0.03409003316682763,0.20160181693306573,5.7533313596101125,8151,2038,54.14193654060364,0.40154290199279785
