Model,R2,MAE,RMSE,MAPE_percent,n_train,n_test,fit_time_sec,predict_time_sec
rf,0.6160135417508636,0.008975279632602659,0.002858491488619032,12.484524918462728,8151,2038,51.98751616477966,0.40082764625549316
