Model,R2,MAE,RMSE,MAPE_percent,n_train,n_test,fit_time_sec,predict_time_sec
gbm,0.9416981093103256,0.136670349961683,0.061182247146151794,5.477623594177059,6208,1552,15.47591757774353,0.012717247009277344
