Model,R2,MAE,RMSE,MAPE_percent,n_train,n_test,fit_time_sec,predict_time_sec
cat,0.45258279438051474,0.0024614669704241857,0.00042431514269043014,11.57266055579102,8151,2038,3.8047492504119873,0.0025777816772460938
