Model,R2,MAE,RMSE,MAPE_percent,n_train,n_test,fit_time_sec,predict_time_sec
rf,0.913497633692211,0.011266925960599283,0.0049990993209150444,2.9918109143053524,6208,1552,48.20988059043884,0.29610753059387207
