Model,R2,MAE,RMSE,MAPE_percent,n_train,n_test,fit_time_sec,predict_time_sec
gbm,0.9666858352183852,0.17193182059594417,0.07822199153796455,93260195.81136632,9053,2263,23.010997533798218,0.018581867218017578
