Model,R2,MAE,RMSE,MAPE_percent,n_train,n_test,fit_time_sec,predict_time_sec
cat,0.9833322060798201,0.02023099686836463,0.0013614462870116188,12.818275656127584,8145,2036,3.395301103591919,0.0025997161865234375
