Model,R2,MAE,RMSE,MAPE_percent,n_train,n_test,fit_time_sec,predict_time_sec
cat,0.44420851716223764,0.31315886735053206,0.22214618701351224,38.19080268857627,6208,1552,3.134290933609009,0.0022423267364501953
