Model,R2,MAE,RMSE,MAPE_percent,n_train,n_test,fit_time_sec,predict_time_sec
rf,0.9962677046921834,0.005039183446980352,0.00022305685552752378,1.334511770397263,6214,1554,37.09366011619568,0.2909121513366699
