Model,R2,MAE,RMSE,MAPE_percent,n_train,n_test,fit_time_sec,predict_time_sec
rf,0.9620512669644605,0.00657361066329934,0.0003611284879200855,10.967046644525556,8145,2036,49.90344166755676,0.4094424247741699
