Model,R2,MAE,RMSE,MAPE_percent,n_train,n_test,fit_time_sec,predict_time_sec
cat,0.961167112941915,0.19336960217153668,0.0904207710120568,1905960242.2175283,4526,6790,4.591018199920654,0.007258415222167969
