Model,R2,MAE,RMSE,MAPE_percent,n_train,n_test,fit_time_sec,predict_time_sec
cat,0.9241909568969076,0.10026877360605153,0.045833046414095815,7.654474411454919,792,7133,3.7916364669799805,0.0072557926177978516
