Model,R2,MAE,RMSE,MAPE_percent,n_train,n_test,fit_time_sec,predict_time_sec
cat,0.3282563044174096,0.3365867083474461,0.31258656939648855,32.88366790408486,4910,2105,4.391226291656494,0.0033462047576904297
