Model,R2,MAE,RMSE,MAPE_percent,n_train,n_test,fit_time_sec,predict_time_sec
gbm,0.9183822332425357,0.0012513196916820824,3.7841720035202976e-05,7.475387524082298,2545,7636,6.044776439666748,0.04798173904418945
