Model,R2,MAE,RMSE,MAPE_percent,n_train,n_test,fit_time_sec,predict_time_sec
cat,0.992656169790574,0.012375158694982898,0.00040135813527402797,7.7920968080271615,8145,2036,3.793489694595337,0.0027289390563964844
