Model,R2,MAE,RMSE,MAPE_percent,n_train,n_test,fit_time_sec,predict_time_sec
gbm,0.928721555518481,0.14319556851631432,0.07834109761607448,7.117996552622372,6213,1553,15.890120506286621,0.012497186660766602
