Model,R2,MAE,RMSE,MAPE_percent,n_train,n_test,fit_time_sec,predict_time_sec
cat,0.9894200226467695,0.005517375512101482,6.388834969443222e-05,9.202418441472517,1018,9163,4.03306770324707,0.008915185928344727
