Model,R2,MAE,RMSE,MAPE_percent,n_train,n_test,fit_time_sec,predict_time_sec
gbm,0.9465466582210835,0.010030440701505064,0.004790816175669193,3.9944295509265157,8151,2038,20.51474404335022,0.012973308563232422
