Model,R2,MAE,RMSE,MAPE_percent,n_train,n_test,fit_time_sec,predict_time_sec
rf,0.9230600766007835,0.13159359593569991,0.07711145700407566,6.270165760430427,6206,1552,41.186034202575684,0.29723286628723145
