Model,R2,MAE,RMSE,MAPE_percent,n_train,n_test,fit_time_sec,predict_time_sec
gbm,0.9899070131504966,0.006485138226537978,7.848650691722404e-05,2.4919664843528455,5820,1940,14.399456977844238,0.013173341751098633
