Model,R2,MAE,RMSE,MAPE_percent,n_train,n_test,fit_time_sec,predict_time_sec
cat,0.9972697546320636,0.0004159593706692777,3.642994011832527e-07,2.9891146325744846,8145,2036,3.612809896469116,0.0026443004608154297
