Model,R2,MAE,RMSE,MAPE_percent,n_train,n_test,fit_time_sec,predict_time_sec
rf,0.9607070896419335,0.04245965292495171,0.007177043235218523,3.7624588648589654,6208,1552,37.69191884994507,0.2847440242767334
