Model,R2,MAE,RMSE,MAPE_percent,n_train,n_test,fit_time_sec,predict_time_sec
gbm,0.9215844172515789,0.3355555198428204,0.21554901532704507,9.10485848667845,6206,1552,14.715659856796265,0.012557268142700195
