Model,R2,MAE,RMSE,MAPE_percent,n_train,n_test,fit_time_sec,predict_time_sec
rf,0.994973837376257,0.0008892359634661442,1.5548188179101978e-06,7.021920318517267,8145,2036,51.053542375564575,0.40589451789855957
