Model,R2,MAE,RMSE,MAPE_percent,n_train,n_test,fit_time_sec,predict_time_sec
rf,0.953586111359592,0.18537664281938612,0.08606475111122698,7.646979330064255,9053,2263,55.443551778793335,0.4201390743255615
