Model,R2,MAE,RMSE,MAPE_percent,n_train,n_test,fit_time_sec,predict_time_sec
rf,0.9854313785652178,0.010880283314570163,0.0003944733093062908,2.833017271489007,6340,1585,38.60199689865112,0.28249073028564453
