Model,R2,MAE,RMSE,MAPE_percent,n_train,n_test,fit_time_sec,predict_time_sec
cat,0.9922216799735886,0.007324201570073768,0.00010217982031124826,2.8949739532305108,6208,1552,3.530789613723755,0.0023517608642578125
