Model,R2,MAE,RMSE,MAPE_percent,n_train,n_test,fit_time_sec,predict_time_sec
cat,0.9976884404660578,0.0003846302925344429,2.8553862020928725e-07,2.826019275838274,8145,2036,4.4661149978637695,0.0028030872344970703
