Model,R2,MAE,RMSE,MAPE_percent,n_train,n_test,fit_time_sec,predict_time_sec
cat,0.47516230909332857,0.4808491901124502,0.5288886935848724,32.10184457971388,6206,1552,3.2550666332244873,0.0023152828216552734
