Model,R2,MAE,RMSE,MAPE_percent,n_train,n_test,fit_time_sec,predict_time_sec
cat,0.7398996854443474,0.053446998061753154,0.08035379572912332,5.55383669134128,5292,3528,5.080364942550659,0.004718780517578125
