Model,R2,MAE,RMSE,MAPE_percent,n_train,n_test,fit_time_sec,predict_time_sec
cat,0.1549723379313951,0.010894140388857053,0.0033177272627064824,13.133226791053861,8151,2038,3.4570884704589844,0.0025873184204101562
