Model,R2,MAE,RMSE,MAPE_percent,n_train,n_test,fit_time_sec,predict_time_sec
gbm,0.9892801263923728,0.0009206472343659444,1.5509960823808136e-06,7.1329392419157385,8151,2038,19.881146669387817,0.014364957809448242
