Model,R2,MAE,RMSE,MAPE_percent,n_train,n_test,fit_time_sec,predict_time_sec
cat,0.9857787419435851,0.0004646282805482833,4.088958264820742e-06,3.6040136609450353,8145,2036,3.6686434745788574,0.002704620361328125
