Model,R2,MAE,RMSE,MAPE_percent,n_train,n_test,fit_time_sec,predict_time_sec
gbm,0.9489710662650834,0.24674350955057325,0.13312467677278314,6.563254374087954,6206,1552,15.971508741378784,0.013702154159545898
