Model,R2,MAE,RMSE,MAPE_percent,n_train,n_test,fit_time_sec,predict_time_sec
cat,0.2272959776271326,0.2657676969840456,0.17384733779812328,42.50922764808096,7062,1765,3.1471049785614014,0.0024509429931640625
