Model,R2,MAE,RMSE,MAPE_percent,n_train,n_test,fit_time_sec,predict_time_sec
cat,0.5282780385060895,0.05818662387757224,0.36207738105717074,4.984142000557749,4410,4410,4.571527004241943,0.005791902542114258
