Model,R2,MAE,RMSE,MAPE_percent,n_train,n_test,fit_time_sec,predict_time_sec
cat,0.8790454228248721,0.011333804349320051,0.01084069069523339,4.385733456108714,8151,2038,3.5163254737854004,0.002663135528564453
