Model,R2,MAE,RMSE,MAPE_percent,n_train,n_test,fit_time_sec,predict_time_sec
gbm,0.7614553036748299,0.5207513124845932,0.5586387964460499,4900780290.295279,9053,2263,20.323296070098877,0.016225576400756836
