Model,R2,MAE,RMSE,MAPE_percent,n_train,n_test,fit_time_sec,predict_time_sec
gbm,0.9991859383768308,0.0012609845471224092,5.390444274478534e-06,1.9228358566617711,8145,2036,21.748236894607544,0.01494598388671875
