Model,R2,MAE,RMSE,MAPE_percent,n_train,n_test,fit_time_sec,predict_time_sec
rf,0.9447360830271556,0.12314812274252594,0.05145188276200517,5.89907725759602,6206,1552,36.05269408226013,0.27045631408691406
