Model,R2,MAE,RMSE,MAPE_percent,n_train,n_test,fit_time_sec,predict_time_sec
gbm,0.901200236299709,0.012192224628525069,0.0077270398921169105,2.362096954620055,6214,1554,15.663659572601318,0.012470245361328125
