Model,R2,MAE,RMSE,MAPE_percent,n_train,n_test,fit_time_sec,predict_time_sec
cat,0.885687691828524,0.021842486074818555,0.010350296056969134,12.427959758574577,5090,5091,4.369680404663086,0.005896806716918945
