Model,R2,MAE,RMSE,MAPE_percent,n_train,n_test,fit_time_sec,predict_time_sec
rf,0.9953292519533316,0.011742849119745364,0.0002672956629564958,7.19822044854268,8145,2036,81.8056640625,0.7985551357269287
