Model,R2,MAE,RMSE,MAPE_percent,n_train,n_test,fit_time_sec,predict_time_sec
cat,0.9516203574029082,0.11240564124497936,0.03229486354477957,5.536242340030151,6206,1552,3.4105467796325684,0.002307415008544922
