Model,R2,MAE,RMSE,MAPE_percent,n_train,n_test,fit_time_sec,predict_time_sec
rf,0.9026550784133514,0.023439694804286,0.011218577303035309,4878151.723351387,1697,9619,8.676665782928467,0.7414567470550537
