Model,R2,MAE,RMSE,MAPE_percent,n_train,n_test,fit_time_sec,predict_time_sec
rf,0.9755300321290287,0.0010598413551782533,2.113933716417193e-06,6.729250675057685,7636,2545,47.7394917011261,0.3906106948852539
