Model,R2,MAE,RMSE,MAPE_percent,n_train,n_test,fit_time_sec,predict_time_sec
rf,0.9890548769480798,0.007111042771268544,0.0001028429742998117,2.708465228166964,4656,3104,27.171647310256958,0.3631927967071533
