Model,R2,MAE,RMSE,MAPE_percent,n_train,n_test,fit_time_sec,predict_time_sec
gbm,0.9993504204882762,0.0010822143901053128,2.346205280180309e-06,1.4593340147295342,8145,2036,20.411893844604492,0.014381170272827148
