Model,R2,MAE,RMSE,MAPE_percent,n_train,n_test,fit_time_sec,predict_time_sec
rf,0.9481088660856593,0.2630433899132351,0.1713851735753661,7.012065476647616,6206,1552,36.640968561172485,0.2898542881011963
