Model,R2,MAE,RMSE,MAPE_percent,n_train,n_test,fit_time_sec,predict_time_sec
rf,0.9315577210268434,0.28656649147990176,0.22334638028290457,7.569924727197952,6213,1553,37.47762989997864,0.28084540367126465
