Model,R2,MAE,RMSE,MAPE_percent,n_train,n_test,fit_time_sec,predict_time_sec
gbm,0.983212314549857,0.0010622494531042856,2.0736906966332027e-06,6.8529415115862875,5600,4581,13.341026782989502,0.027927398681640625
