Model,R2,MAE,RMSE,MAPE_percent,n_train,n_test,fit_time_sec,predict_time_sec
cat,0.9815454437072578,0.01622430340267962,0.0006828938599124528,4.967086358551737,1585,6340,4.07403302192688,0.006860971450805664
