Model,R2,MAE,RMSE,MAPE_percent,n_train,n_test,fit_time_sec,predict_time_sec
cat,0.4037033314681977,0.0788055279155183,0.35325129675142153,8.846449755797009,441,8379,3.7812013626098633,0.010015726089477539
