Model,R2,MAE,RMSE,MAPE_percent,n_train,n_test,fit_time_sec,predict_time_sec
gbm,0.9869744527406489,0.018991225891056653,0.0008499470118122514,11.53691570212799,8145,2036,18.178067922592163,0.015264034271240234
