Model,R2,MAE,RMSE,MAPE_percent,n_train,n_test,fit_time_sec,predict_time_sec
rf,0.985875808167056,0.0014738944738233327,5.243795012631864e-06,12.452512887537042,8145,2036,50.64932346343994,0.4009535312652588
