Model,R2,MAE,RMSE,MAPE_percent,n_train,n_test,fit_time_sec,predict_time_sec
cat,0.8952434393868726,0.1099317025365681,0.06834550285084433,1171126801.6606472,1132,10184,4.189791440963745,0.011247396469116211
