Model,R2,MAE,RMSE,MAPE_percent,n_train,n_test,fit_time_sec,predict_time_sec
cat,0.9964875859597606,0.0027233857807928657,2.49725387689683e-05,4.344952611760199,8145,2036,6.98005223274231,0.006697416305541992
