Model,R2,MAE,RMSE,MAPE_percent,n_train,n_test,fit_time_sec,predict_time_sec
cat,0.4353008913620168,0.3925433382024348,0.3685649624127761,6109035066.790172,1697,9619,4.021090269088745,0.010294437408447266
