Model,R2,MAE,RMSE,MAPE_percent,n_train,n_test,fit_time_sec,predict_time_sec
gbm,0.8984636855202353,0.010286201587248451,0.0022974634286828683,4.883712724593455,8151,2038,20.347779512405396,0.012927055358886719
