Model,R2,MAE,RMSE,MAPE_percent,n_train,n_test,fit_time_sec,predict_time_sec
cat,0.9879805879543784,0.004784008188173566,4.1785527457148895e-05,7.393452193879085,3563,6618,4.439103841781616,0.006915092468261719
