Model,R2,MAE,RMSE,MAPE_percent,n_train,n_test,fit_time_sec,predict_time_sec
cat,0.991317150727184,0.009038210929099134,0.00023087244936828607,2.507252055009423,6340,1585,4.537055253982544,0.002832174301147461
