Model,R2,MAE,RMSE,MAPE_percent,n_train,n_test,fit_time_sec,predict_time_sec
gbm,0.9929808413427178,0.006749812815027226,9.220710486350728e-05,2.596452871874118,6208,1552,15.520462274551392,0.011291980743408203
