Model,R2,MAE,RMSE,MAPE_percent,n_train,n_test,fit_time_sec,predict_time_sec
rf,0.9729999982110427,0.016481790624124207,0.0032776047746927383,567444.6891976534,9053,2263,58.87374949455261,0.4431483745574951
