Model,R2,MAE,RMSE,MAPE_percent,n_train,n_test,fit_time_sec,predict_time_sec
rf,0.9840047671636976,0.000862088493252731,1.406704442462917e-06,7.291594194082414,5090,5091,30.034574270248413,0.5754668712615967
