Model,R2,MAE,RMSE,MAPE_percent,n_train,n_test,fit_time_sec,predict_time_sec
rf,0.9689375240696187,0.16241304556057157,0.07095601346258423,7.4785733775510925,9053,2263,55.05495643615723,0.4423184394836426
