Model,R2,MAE,RMSE,MAPE_percent,n_train,n_test,fit_time_sec,predict_time_sec
gbm,0.9886057798253367,0.011910584624029712,0.0003950200485552673,56547613.76754168,9053,2263,23.0258309841156,0.016132593154907227
