Model,R2,MAE,RMSE,MAPE_percent,n_train,n_test,fit_time_sec,predict_time_sec
cat,0.40057300459920087,0.10118958694673298,0.03582414832834609,59.41202584979369,6214,1554,3.470294713973999,0.0023148059844970703
