Model,R2,MAE,RMSE,MAPE_percent,n_train,n_test,fit_time_sec,predict_time_sec
cat,0.37341062895296584,0.09628363436615617,0.031628064475719274,51.74889656779189,6208,1552,3.2112021446228027,0.0022382736206054688
