Model,R2,MAE,RMSE,MAPE_percent,n_train,n_test,fit_time_sec,predict_time_sec
cat,0.9889437338599569,0.002488302502371172,0.00010521385969477724,3.278356522425146,8145,2036,3.7190139293670654,0.002725839614868164
