Model,R2,MAE,RMSE,MAPE_percent,n_train,n_test,fit_time_sec,predict_time_sec
gbm,0.9630427419511098,0.07393016291792147,0.014018806353901172,247617074.90529567,9053,2263,22.909380435943604,0.01720452308654785
