Model,R2,MAE,RMSE,MAPE_percent,n_train,n_test,fit_time_sec,predict_time_sec
gbm,0.9652157650102408,0.17949185051669228,0.07749448598870248,151080792.59631565,9053,2263,24.176088094711304,0.018416404724121094
