Model,R2,MAE,RMSE,MAPE_percent,n_train,n_test,fit_time_sec,predict_time_sec
cat,0.9970431608827787,0.006245053168420956,8.059374077234888e-05,3.0650444282359963,8145,2036,3.704137086868286,0.0026891231536865234
