Model,R2,MAE,RMSE,MAPE_percent,n_train,n_test,fit_time_sec,predict_time_sec
rf,0.9682203855530883,0.014749991304042557,0.0025957987180910444,7.168110271021582,8145,2036,82.15794634819031,0.7464644908905029
