Model,R2,MAE,RMSE,MAPE_percent,n_train,n_test,fit_time_sec,predict_time_sec
cat,0.5328710337912683,0.3649074286309382,0.2964225499437358,5402286965.167787,6790,4526,4.426457643508911,0.006577491760253906
