Model,R2,MAE,RMSE,MAPE_percent,n_train,n_test,fit_time_sec,predict_time_sec
rf,0.7114085171461302,0.0064972091160813246,0.003000075178042375,5.097584035053712,8151,2038,54.79035425186157,0.40392136573791504
