Model,R2,MAE,RMSE,MAPE_percent,n_train,n_test,fit_time_sec,predict_time_sec
cat,0.980275649984546,0.0013906119386978453,6.099460441832801e-06,12.962418392619945,6109,4072,4.244469404220581,0.0051648616790771484
