Model,R2,MAE,RMSE,MAPE_percent,n_train,n_test,fit_time_sec,predict_time_sec
rf,0.9600647221091878,0.07305456676064023,0.015148443282775915,537419.3924991434,9053,2263,54.40862154960632,0.5033018589019775
