Model,R2,MAE,RMSE,MAPE_percent,n_train,n_test,fit_time_sec,predict_time_sec
rf,0.39595567906265994,0.002090855470629057,0.00039631525382261956,12.354015733737176,8151,2038,52.74881076812744,0.4429459571838379
