Model,R2,MAE,RMSE,MAPE_percent,n_train,n_test,fit_time_sec,predict_time_sec
cat,0.9903304823277231,0.0010529783645203022,2.5855620276913393e-06,8.0362516208179,2036,8145,4.39953351020813,0.00865793228149414
