Model,R2,MAE,RMSE,MAPE_percent,n_train,n_test,fit_time_sec,predict_time_sec
gbm,0.28643950198014956,0.22399506120297616,0.17936137337172986,51.79989652855025,6213,1553,13.771574020385742,0.011718511581420898
