Model,R2,MAE,RMSE,MAPE_percent,n_train,n_test,fit_time_sec,predict_time_sec
rf,0.5380592619952371,0.28295393698490434,0.17189499472281988,31.03200681617229,5684,1421,35.95599579811096,0.270169734954834
