Model,R2,MAE,RMSE,MAPE_percent,n_train,n_test,fit_time_sec,predict_time_sec
cat,0.9377953381220683,0.0013151428114796888,2.088448563827261e-05,9.699557914009063,509,9672,3.879659652709961,0.012826919555664062
