Model,R2,MAE,RMSE,MAPE_percent,n_train,n_test,fit_time_sec,predict_time_sec
cat,0.9156420808131692,0.0010597652967534055,3.2204037664731474e-05,7.281934355121988,4581,5600,4.75985050201416,0.0060765743255615234
