Model,R2,MAE,RMSE,MAPE_percent,n_train,n_test,fit_time_sec,predict_time_sec
cat,0.9524423119668497,0.2485656834645205,0.1256442407238095,6.525278197319224,6206,1552,3.5235812664031982,0.0024497509002685547
