Model,R2,MAE,RMSE,MAPE_percent,n_train,n_test,fit_time_sec,predict_time_sec
rf,0.9972080474975134,0.0035707840918750133,3.877500284986229e-05,1.216470065819173,6208,1552,37.209739446640015,0.28842711448669434
