Model,R2,MAE,RMSE,MAPE_percent,n_train,n_test,fit_time_sec,predict_time_sec
cat,0.4484315460710676,0.006377777580180259,0.0013509384017932101,9.127577113710286,8151,2038,3.6692721843719482,0.0026078224182128906
