Model,R2,MAE,RMSE,MAPE_percent,n_train,n_test,fit_time_sec,predict_time_sec
cat,0.8580318228645043,0.0007563639952633562,5.6518188406011336e-05,4.8929767717756905,8145,2036,4.620552062988281,0.003376483917236328
