Model,R2,MAE,RMSE,MAPE_percent,n_train,n_test,fit_time_sec,predict_time_sec
cat,0.9279101064844902,0.13757416476344644,0.07610462793849211,7.348706270351389,6206,1552,6.383490324020386,0.027397632598876953
