Model,R2,MAE,RMSE,MAPE_percent,n_train,n_test,fit_time_sec,predict_time_sec
rf,-0.17022507944943843,0.0019302012191714385,0.0005887118297331422,11.458440039176729,8151,2038,54.775891065597534,0.4103078842163086
