Model,R2,MAE,RMSE,MAPE_percent,n_train,n_test,fit_time_sec,predict_time_sec
gbm,0.9846269542802926,0.0010697055534393662,2.073946098074891e-06,6.96189938868504,5090,5091,12.173916578292847,0.02968287467956543
