Model,R2,MAE,RMSE,MAPE_percent,n_train,n_test,fit_time_sec,predict_time_sec
rf,0.8679369751238638,0.10309302238953177,0.028862966768388412,8.70296380856977,6214,1554,40.22386050224304,0.36417508125305176
