Model,R2,MAE,RMSE,MAPE_percent,n_train,n_test,fit_time_sec,predict_time_sec
rf,0.325456545435974,0.09803720180721898,0.03961353261237827,59.21406102418585,6208,1552,43.31885528564453,0.31476712226867676
