Model,R2,MAE,RMSE,MAPE_percent,n_train,n_test,fit_time_sec,predict_time_sec
gbm,0.9949513581741972,0.004483015219747807,6.0763668767909304e-05,1.6241603883339524,6208,1552,15.465887069702148,0.011587381362915039
