Model,R2,MAE,RMSE,MAPE_percent,n_train,n_test,fit_time_sec,predict_time_sec
rf,0.9878739799004098,0.01390841066009716,0.0010059841510610809,6.850325996722336,8145,2036,86.32040214538574,0.3955669403076172
