Model,R2,MAE,RMSE,MAPE_percent,n_train,n_test,fit_time_sec,predict_time_sec
cat,0.9608044013086476,0.07791607124281211,0.014635020920864631,402291357.6983871,5092,6224,4.530526161193848,0.008108377456665039
