Model,R2,MAE,RMSE,MAPE_percent,n_train,n_test,fit_time_sec,predict_time_sec
rf,0.938182275718955,0.08350395819974375,0.039852427942703224,5.007851778823542,6340,1585,37.357682943344116,0.3186788558959961
