Model,R2,MAE,RMSE,MAPE_percent,n_train,n_test,fit_time_sec,predict_time_sec
cat,0.9879497938828041,0.013246669759632713,0.0004798513827985396,4.039014378427027,9053,2263,3.858924627304077,0.002996206283569336
