Model,R2,MAE,RMSE,MAPE_percent,n_train,n_test,fit_time_sec,predict_time_sec
gbm,0.33818885585827174,0.22437699741865508,0.15664545305319605,54.586908635916295,6206,1552,13.73004412651062,0.011749744415283203
