Model,R2,MAE,RMSE,MAPE_percent,n_train,n_test,fit_time_sec,predict_time_sec
gbm,0.8885252177733455,0.0009583532711231671,4.437862675655852e-05,7.525854399907543,8145,2036,19.75135612487793,0.015156984329223633
