Model,R2,MAE,RMSE,MAPE_percent,n_train,n_test,fit_time_sec,predict_time_sec
cat,0.924932817466059,0.05569633854823108,0.025097405528594914,4.954292796889781,6208,1552,3.4842147827148438,0.0023081302642822266
