Model,R2,MAE,RMSE,MAPE_percent,n_train,n_test,fit_time_sec,predict_time_sec
cat,0.9107093415312129,0.0009795010939329832,2.852437174170117e-05,7.98054586433169,3563,6618,3.2337777614593506,0.00609898567199707
