Model,R2,MAE,RMSE,MAPE_percent,n_train,n_test,fit_time_sec,predict_time_sec
cat,0.9848468378560244,0.013535497657790255,0.0003212506318853072,6.859314136488661,5600,4581,4.7176244258880615,0.005821704864501953
