Model,R2,MAE,RMSE,MAPE_percent,n_train,n_test,fit_time_sec,predict_time_sec
rf,0.6997046968845219,0.001312779189809781,0.00012773882061015924,5.039782613059189,8151,2038,55.55363178253174,0.40509653091430664
