Model,R2,MAE,RMSE,MAPE_percent,n_train,n_test,fit_time_sec,predict_time_sec
cat,0.9274750901747167,0.01993826869389633,0.012477579046201172,3.398149980249089,6340,1585,4.681262493133545,0.0027008056640625
