Model,R2,MAE,RMSE,MAPE_percent,n_train,n_test,fit_time_sec,predict_time_sec
gbm,0.891136755325958,0.0006285708803102483,3.96256219568871e-05,2.644920450574322,8151,2038,20.634607076644897,0.012743711471557617
