Model,R2,MAE,RMSE,MAPE_percent,n_train,n_test,fit_time_sec,predict_time_sec
cat,0.36114281979476004,0.14378881277611905,0.06786937372981755,4425369298.389757,8487,2829,4.582457542419434,0.0043566226959228516
