Model,R2,MAE,RMSE,MAPE_percent,n_train,n_test,fit_time_sec,predict_time_sec
cat,0.3100969353746815,0.15013199677802105,0.08289290388693508,3120672253.084625,4526,6790,4.445574760437012,0.0073680877685546875
