Model,R2,MAE,RMSE,MAPE_percent,n_train,n_test,fit_time_sec,predict_time_sec
rf,0.9462906840995347,0.24852457343520196,0.13444921107197969,6.4846111065341185,6206,1552,36.5527126789093,0.2837204933166504
