Model,R2,MAE,RMSE,MAPE_percent,n_train,n_test,fit_time_sec,predict_time_sec
cat,0.9658347981800438,0.07778038427749721,0.01686385377513699,6.123015414721735,9053,2263,3.669266939163208,0.0029807090759277344
