Model,R2,MAE,RMSE,MAPE_percent,n_train,n_test,fit_time_sec,predict_time_sec
rf,0.9777987378493533,0.01953738869068053,0.0012634759518098573,3.3728808870598654,3879,3879,21.522758960723877,0.4117929935455322
