Model,R2,MAE,RMSE,MAPE_percent,n_train,n_test,fit_time_sec,predict_time_sec
rf,0.9029333259923201,0.10334115886625975,0.03879690888171454,8.76363601269391,6208,1552,39.90687155723572,0.31218528747558594
