Model,R2,MAE,RMSE,MAPE_percent,n_train,n_test,fit_time_sec,predict_time_sec
cat,0.9888791433327253,0.014908517498361234,0.0004285114313177111,6.781627327642009,8145,2036,3.5231130123138428,0.0027403831481933594
