Model,R2,MAE,RMSE,MAPE_percent,n_train,n_test,fit_time_sec,predict_time_sec
cat,0.33958843221181134,0.2072028585298805,0.15791323304814825,52.59663950699781,6206,1552,3.4315061569213867,0.002351045608520508
