Model,R2,MAE,RMSE,MAPE_percent,n_train,n_test,fit_time_sec,predict_time_sec
gbm,0.9635728614217484,0.07430390617403733,0.021825641632002447,290205426.0089113,9053,2263,27.736117839813232,0.018326759338378906
