Model,R2,MAE,RMSE,MAPE_percent,n_train,n_test,fit_time_sec,predict_time_sec
gbm,0.8874008096157491,0.006381504361062312,0.011206070063259322,1.7683963789463302,8145,2036,20.47550940513611,0.014752626419067383
