Model,R2,MAE,RMSE,MAPE_percent,n_train,n_test,fit_time_sec,predict_time_sec
cat,0.9948609311999672,0.011931011061730862,0.0003407004067515056,2.205955259483814,6206,1552,3.638597249984741,0.002332448959350586
