Model,R2,MAE,RMSE,MAPE_percent,n_train,n_test,fit_time_sec,predict_time_sec
cat,0.9680941374194008,0.1725936342699566,0.06534960341725371,7.534105038062632,9053,2263,3.7399449348449707,0.002962350845336914
