Model,R2,MAE,RMSE,MAPE_percent,n_train,n_test,fit_time_sec,predict_time_sec
rf,0.9574228261637623,0.005663536865365537,0.0004837108136605597,7.00113630886378,8145,2036,75.58039617538452,0.8157281875610352
