Model,R2,MAE,RMSE,MAPE_percent,n_train,n_test,fit_time_sec,predict_time_sec
gbm,0.9044499710503962,0.023200458862941774,0.011011723761308313,79850472.2791749,1697,9619,4.105721950531006,0.0643620491027832
