Model,R2,MAE,RMSE,MAPE_percent,n_train,n_test,fit_time_sec,predict_time_sec
cat,0.9957121253173558,0.0024243302265968742,1.5945774828812463e-05,3.0865051737007776,8145,2036,3.7976930141448975,0.002679109573364258
