Model,R2,MAE,RMSE,MAPE_percent,n_train,n_test,fit_time_sec,predict_time_sec
cat,0.9809309244849523,0.01845812836223334,0.001278886960031186,3.2761080092724133,6206,1552,9.277655124664307,0.004911184310913086
