Model,R2,MAE,RMSE,MAPE_percent,n_train,n_test,fit_time_sec,predict_time_sec
gbm,0.9596786088502729,0.008964013435241969,0.002599977180181389,4.2709680298441945,8145,2036,20.368199825286865,0.014172077178955078
