Model,R2,MAE,RMSE,MAPE_percent,n_train,n_test,fit_time_sec,predict_time_sec
gbm,0.9543324234690059,0.007509191494550611,0.0027940779642036543,3.3379126630793525,8145,2036,23.130016088485718,0.014531373977661133
