Model,R2,MAE,RMSE,MAPE_percent,n_train,n_test,fit_time_sec,predict_time_sec
cat,0.9440519329671679,0.19108651931085444,0.09398027837164646,6.3920802631419,2378,5547,4.5201098918914795,0.0060384273529052734
