Model,R2,MAE,RMSE,MAPE_percent,n_train,n_test,fit_time_sec,predict_time_sec
gbm,0.9892788317927059,0.007842755942856033,0.000169222967477945,3.0112744333317862,1940,5820,4.723522186279297,0.03435993194580078
