Model,R2,MAE,RMSE,MAPE_percent,n_train,n_test,fit_time_sec,predict_time_sec
rf,0.994916348519578,0.004737899248378305,6.448816721134764e-05,1.6621403045764063,6208,1552,37.36326026916504,0.28154945373535156
