Model,R2,MAE,RMSE,MAPE_percent,n_train,n_test,fit_time_sec,predict_time_sec
cat,0.23766700389041584,0.1473348148259721,0.08780276242245437,51.55386338498887,2774,5151,4.179809331893921,0.006158351898193359
