Model,R2,MAE,RMSE,MAPE_percent,n_train,n_test,fit_time_sec,predict_time_sec
gbm,0.48918464189063293,0.001586021709801894,0.0002902570364349493,8.89737241525348,8151,2038,19.815727710723877,0.014420747756958008
