Model,R2,MAE,RMSE,MAPE_percent,n_train,n_test,fit_time_sec,predict_time_sec
gbm,0.9691580392509315,0.1735672021952484,0.07133830918514178,261285657.1945804,9053,2263,34.59109163284302,0.019525527954101562
