Model,R2,MAE,RMSE,MAPE_percent,n_train,n_test,fit_time_sec,predict_time_sec
cat,0.9461618601250911,0.262803841088829,0.17503863260059135,7.179223072182646,6206,1552,3.433896064758301,0.0023522377014160156
