Model,R2,MAE,RMSE,MAPE_percent,n_train,n_test,fit_time_sec,predict_time_sec
cat,0.9776583466724528,0.006296951714775349,0.00018505696779426266,11.777993603048627,8145,2036,3.39033579826355,0.002621889114379883
