Model,R2,MAE,RMSE,MAPE_percent,n_train,n_test,fit_time_sec,predict_time_sec
gbm,0.9687657756536955,0.010876002009919505,0.005373705450536531,1.6786284952078512,6340,1585,15.826143026351929,0.012893438339233398
