Model,R2,MAE,RMSE,MAPE_percent,n_train,n_test,fit_time_sec,predict_time_sec
cat,0.9869247117435088,0.0036624256580186257,0.00015132211990659535,3.9386719804354846,8145,2036,3.6513423919677734,0.002736330032348633
