Model,R2,MAE,RMSE,MAPE_percent,n_train,n_test,fit_time_sec,predict_time_sec
rf,0.9881727454656343,0.015074557190119072,0.0004451536879549078,6.584977858397181,8145,2036,52.13417840003967,0.38694095611572266
