Model,R2,MAE,RMSE,MAPE_percent,n_train,n_test,fit_time_sec,predict_time_sec
cat,0.9791797843410569,0.03824664733789555,0.0029528995442650186,4.323739908857208,6615,2205,4.675019025802612,0.003525972366333008
