Model,R2,MAE,RMSE,MAPE_percent,n_train,n_test,fit_time_sec,predict_time_sec
rf,0.9893736504272768,0.0005934368476574219,3.5484549625998144e-06,4.388690682925792,8145,2036,51.98727822303772,0.40180492401123047
