Model,R2,MAE,RMSE,MAPE_percent,n_train,n_test,fit_time_sec,predict_time_sec
rf,0.9446390556866867,0.25526590768982743,0.14497680711828015,6.744579533764239,6206,1552,36.500815629959106,0.2824990749359131
