Model,R2,MAE,RMSE,MAPE_percent,n_train,n_test,fit_time_sec,predict_time_sec
cat,0.9942060328677388,0.005120076207639062,7.055266418374291e-05,2.0243621125678297,6208,1552,4.321041107177734,0.002773761749267578
