Model,R2,MAE,RMSE,MAPE_percent,n_train,n_test,fit_time_sec,predict_time_sec
cat,0.6809167896094193,0.4540712452307299,0.4085217852654871,22.177287542873035,6208,1552,3.1786789894104004,0.002640247344970703
