Model,R2,MAE,RMSE,MAPE_percent,n_train,n_test,fit_time_sec,predict_time_sec
cat,0.8633860420486424,0.0006865644070835238,6.275619413476891e-05,3.6216016609305375,8145,2036,9.210435628890991,0.003981351852416992
