Model,R2,MAE,RMSE,MAPE_percent,n_train,n_test,fit_time_sec,predict_time_sec
rf,0.9058303639502007,0.0227814765733452,0.011097100318561424,11164514.26493752,1697,9619,8.547277927398682,0.7365100383758545
