Model,R2,MAE,RMSE,MAPE_percent,n_train,n_test,fit_time_sec,predict_time_sec
rf,0.9493875087864859,0.05835028875460539,0.017557958827424263,4.817692083357356,6208,1552,72.78390979766846,0.5538063049316406
