Model,R2,MAE,RMSE,MAPE_percent,n_train,n_test,fit_time_sec,predict_time_sec
cat,0.9623636816501203,0.06577001499920321,0.01191782597797402,5.271655168395872,2132,4973,5.751556634902954,0.005713939666748047
