Model,R2,MAE,RMSE,MAPE_percent,n_train,n_test,fit_time_sec,predict_time_sec
gbm,0.9679889353595273,0.07090745306062994,0.020173941933234765,315058720.7717933,9059,2265,22.738861083984375,0.017911195755004883
