Model,R2,MAE,RMSE,MAPE_percent,n_train,n_test,fit_time_sec,predict_time_sec
rf,0.9572931678241398,0.23239258488592887,0.1282656421285877,6.327257799027716,6206,1552,54.4262969493866,0.2981123924255371
