Model,R2,MAE,RMSE,MAPE_percent,n_train,n_test,fit_time_sec,predict_time_sec
cat,0.8627663223653146,0.0005022679359586763,6.366979232098445e-05,2.129730758603744,8145,2036,3.8007280826568604,0.0027093887329101562
