Model,R2,MAE,RMSE,MAPE_percent,n_train,n_test,fit_time_sec,predict_time_sec
gbm,0.9974416887282785,0.0005317171202496635,7.165443864782581e-07,4.538091884702095,8145,2036,20.230168104171753,0.014277458190917969
