Model,R2,MAE,RMSE,MAPE_percent,n_train,n_test,fit_time_sec,predict_time_sec
cat,0.9744597147443415,0.06404411330520805,0.010834608563189171,4.924456805985228,9053,2263,3.760770559310913,0.0029900074005126953
