Model,R2,MAE,RMSE,MAPE_percent,n_train,n_test,fit_time_sec,predict_time_sec
cat,0.9565892375794229,0.19406071118951573,0.07579931960091453,7.713824770488745,6224,5092,4.8786396980285645,0.0067789554595947266
