Model,R2,MAE,RMSE,MAPE_percent,n_train,n_test,fit_time_sec,predict_time_sec
rf,0.9553535678771203,0.09633899332977222,0.02731156652198474,4.937933079865496,6206,1552,35.70087289810181,0.2802426815032959
