Model,R2,MAE,RMSE,MAPE_percent,n_train,n_test,fit_time_sec,predict_time_sec
cat,0.20401720651457145,0.14898551718699252,0.07998788377958098,59.09112117564133,3566,4359,4.203486442565918,0.0063915252685546875
