Model,R2,MAE,RMSE,MAPE_percent,n_train,n_test,fit_time_sec,predict_time_sec
rf,0.9959068332946917,0.0072033727105481,0.0001248954423379272,3.0063281688815664,8145,2036,52.3451042175293,0.4081134796142578
