Model,R2,MAE,RMSE,MAPE_percent,n_train,n_test,fit_time_sec,predict_time_sec
cat,0.9917547636381828,0.007173899511816326,0.00010362042395260639,2.877078290979212,6208,1552,4.48130989074707,0.0026073455810546875
