Model,R2,MAE,RMSE,MAPE_percent,n_train,n_test,fit_time_sec,predict_time_sec
gbm,0.9959011840596813,0.006350306008283241,0.00014079957821916059,1.7293481252547607,9053,2263,23.07978320121765,0.017047882080078125
