Model,R2,MAE,RMSE,MAPE_percent,n_train,n_test,fit_time_sec,predict_time_sec
gbm,0.9284835514253801,0.03608395912024011,0.017225110545308436,4.300427000342051,2327,5431,5.644551992416382,0.03660082817077637
