Model,R2,MAE,RMSE,MAPE_percent,n_train,n_test,fit_time_sec,predict_time_sec
rf,0.997267633925579,0.004665331549977452,8.279045310090039e-05,1.9932246003362768,8145,2036,52.40101599693298,0.40137529373168945
