Model,R2,MAE,RMSE,MAPE_percent,n_train,n_test,fit_time_sec,predict_time_sec
rf,0.9763525945274234,0.05940784142007334,0.01397792597658642,3.756734318009781,6340,1585,37.16126871109009,0.28620147705078125
