Model,R2,MAE,RMSE,MAPE_percent,n_train,n_test,fit_time_sec,predict_time_sec
cat,0.5258513901431847,0.36749611798973414,0.30508024016127155,2595374041.2899265,5658,5658,4.442368984222412,0.007422447204589844
