Model,R2,MAE,RMSE,MAPE_percent,n_train,n_test,fit_time_sec,predict_time_sec
rf,0.968965582853054,0.06608947351535961,0.011901285053400773,5.1431685005690815,9053,2263,54.12511610984802,0.434295654296875
