Model,R2,MAE,RMSE,MAPE_percent,n_train,n_test,fit_time_sec,predict_time_sec
rf,0.9992603599479889,0.0036812783194258005,4.728611036842758e-05,1.577751072535822,8145,2036,49.23797798156738,0.3996870517730713
