Model,R2,MAE,RMSE,MAPE_percent,n_train,n_test,fit_time_sec,predict_time_sec
gbm,0.9937259535228856,0.001084623278803652,2.554483581465358e-06,7.328981607474659,8145,2036,40.11594009399414,0.027782917022705078
