Model,R2,MAE,RMSE,MAPE_percent,n_train,n_test,fit_time_sec,predict_time_sec
cat,0.9958749914349848,0.0006588323249756119,1.3530158018872264e-06,4.858899655965552,8145,2036,3.6194283962249756,0.002708911895751953
