Model,R2,MAE,RMSE,MAPE_percent,n_train,n_test,fit_time_sec,predict_time_sec
rf,0.9880909130356067,0.005102004299177166,5.080379067055669e-05,6.586508198797338,8145,2036,51.512290239334106,0.4523136615753174
