Model,R2,MAE,RMSE,MAPE_percent,n_train,n_test,fit_time_sec,predict_time_sec
rf,-0.9659961980036118,0.011013024283960724,0.007718846941089041,11.704467735532772,8151,2038,53.70467662811279,0.4005317687988281
