Model,R2,MAE,RMSE,MAPE_percent,n_train,n_test,fit_time_sec,predict_time_sec
rf,0.5017128425027362,0.3617022995620969,0.3545172001635224,33.13801382278501,6340,1585,40.0840380191803,0.30252885818481445
