Model,R2,MAE,RMSE,MAPE_percent,n_train,n_test,fit_time_sec,predict_time_sec
cat,0.9631393832561164,0.06698108688045785,0.009662167254897344,4.6680690126638,4755,3170,4.5789711475372314,0.00437474250793457
