Model,R2,MAE,RMSE,MAPE_percent,n_train,n_test,fit_time_sec,predict_time_sec
gbm,0.9156240402307055,0.021932630736709754,0.010029107398150144,55102492.50577454,2263,9053,5.424843788146973,0.06160402297973633
