Model,R2,MAE,RMSE,MAPE_percent,n_train,n_test,fit_time_sec,predict_time_sec
cat,0.9956682475137076,0.0006593587926874306,1.7582013315432327e-06,4.314417242988465,8145,2036,33.70401477813721,0.01766204833984375
