Model,R2,MAE,RMSE,MAPE_percent,n_train,n_test,fit_time_sec,predict_time_sec
cat,0.9875579119018548,0.0009748627485843436,4.048138548925307e-06,7.425800336279205,8145,2036,3.6961371898651123,0.0055353641510009766
