Model,R2,MAE,RMSE,MAPE_percent,n_train,n_test,fit_time_sec,predict_time_sec
gbm,0.9957567614113209,0.0063199473212580915,0.00019611099816082455,1.6412854080001933,9053,2263,25.00835394859314,0.017043590545654297
