Model,R2,MAE,RMSE,MAPE_percent,n_train,n_test,fit_time_sec,predict_time_sec
gbm,0.9155776825476756,0.011368564970998286,0.004957821772611646,3.091250856275884,6208,1552,27.852503061294556,0.011757373809814453
