Model,R2,MAE,RMSE,MAPE_percent,n_train,n_test,fit_time_sec,predict_time_sec
rf,0.871224219387213,0.011942251411486969,0.01494518475064245,4.000861968947345,8145,2036,70.16083145141602,0.4281289577484131
