Model,R2,MAE,RMSE,MAPE_percent,n_train,n_test,fit_time_sec,predict_time_sec
rf,0.9516893579095851,0.03179038425573153,0.008139324874776114,4.42734355311477,776,6982,3.843914747238159,0.493361234664917
