Model,R2,MAE,RMSE,MAPE_percent,n_train,n_test,fit_time_sec,predict_time_sec
rf,0.961954856004803,0.07202202038944017,0.024506605511799878,4.276353482556415,6340,1585,36.92656111717224,0.29458093643188477
