Model,R2,MAE,RMSE,MAPE_percent,n_train,n_test,fit_time_sec,predict_time_sec
rf,0.9877195703590775,0.01230715915519144,0.0004961932023540441,3.2621261209629715,9053,2263,58.42395281791687,0.42200279235839844
