Model,R2,MAE,RMSE,MAPE_percent,n_train,n_test,fit_time_sec,predict_time_sec
cat,0.5037416870761444,0.48947174663570636,0.4906008595484396,35.86466768570822,6213,1553,3.2352616786956787,0.0024025440216064453
