Model,R2,MAE,RMSE,MAPE_percent,n_train,n_test,fit_time_sec,predict_time_sec
cat,0.9677707225305304,0.17898928576340745,0.07282160004687918,128.10066023119936,8487,2829,5.145342588424683,0.004057884216308594
