Model,R2,MAE,RMSE,MAPE_percent,n_train,n_test,fit_time_sec,predict_time_sec
rf,0.9790140138601652,0.0010349963067581677,1.9857234336280064e-06,6.711029184355666,7127,3054,44.07889485359192,0.43769359588623047
