Model,R2,MAE,RMSE,MAPE_percent,n_train,n_test,fit_time_sec,predict_time_sec
cat,0.9938602038492969,0.0007514322425739008,2.2332542190477425e-06,4.809653405251009,8145,2036,3.669271469116211,0.002751588821411133
