Model,R2,MAE,RMSE,MAPE_percent,n_train,n_test,fit_time_sec,predict_time_sec
cat,0.9478846779952402,0.08964582711038221,0.03431919671419996,1537240945.675926,2829,8487,4.402448415756226,0.012166023254394531
