Model,R2,MAE,RMSE,MAPE_percent,n_train,n_test,fit_time_sec,predict_time_sec
gbm,0.997500879114637,0.006032535311193303,7.296314625400537e-05,2.7854596324906615,8151,2038,20.403607606887817,0.01242208480834961
