Model,R2,MAE,RMSE,MAPE_percent,n_train,n_test,fit_time_sec,predict_time_sec
cat,0.9917930127522063,0.0006763467501226362,3.046953716554208e-06,4.049236430273644,8145,2036,3.7533977031707764,0.002656698226928711
