Model,R2,MAE,RMSE,MAPE_percent,n_train,n_test,fit_time_sec,predict_time_sec
rf,0.9878154024921386,0.0008227692983657703,1.3091540281137491e-06,6.9917309955019755,8145,2036,51.55841016769409,0.3760197162628174
