Model,R2,MAE,RMSE,MAPE_percent,n_train,n_test,fit_time_sec,predict_time_sec
gbm,0.9833828328135685,0.0167718065593794,0.001119180453035399,2.7999478026854514,6206,1552,15.674726247787476,0.012582778930664062
