Model,R2,MAE,RMSE,MAPE_percent,n_train,n_test,fit_time_sec,predict_time_sec
cat,0.3263699798224896,0.3381297548049626,0.3147612285794954,33.544520243607415,2455,4560,4.042982339859009,0.006138324737548828
