Model,R2,MAE,RMSE,MAPE_percent,n_train,n_test,fit_time_sec,predict_time_sec
gbm,0.9952613817922291,0.0005129550914774923,5.094739871669829e-07,4.29701961638895,8145,2036,20.12721300125122,0.014050483703613281
