Model,R2,MAE,RMSE,MAPE_percent,n_train,n_test,fit_time_sec,predict_time_sec
rf,0.9081479678016906,0.012993802851603592,0.05246299845149947,3.0317583672847546,8151,2038,53.83453607559204,0.40779781341552734
