Model,R2,MAE,RMSE,MAPE_percent,n_train,n_test,fit_time_sec,predict_time_sec
cat,0.9605124578110373,0.07768959964006118,0.016932519964356754,5.527142631549768,2378,5547,4.341744661331177,0.0058901309967041016
