Model,R2,MAE,RMSE,MAPE_percent,n_train,n_test,fit_time_sec,predict_time_sec
gbm,0.8801746513154455,0.11124783700555194,0.04616350765428338,9.646679295477801,6214,1554,15.567355632781982,0.012219905853271484
