Model,R2,MAE,RMSE,MAPE_percent,n_train,n_test,fit_time_sec,predict_time_sec
cat,0.9406356811892473,0.09066281912277789,0.03601346410521811,6.503997961497787,1981,5944,4.3460938930511475,0.006892681121826172
