Model,R2,MAE,RMSE,MAPE_percent,n_train,n_test,fit_time_sec,predict_time_sec
cat,0.9553120548006316,0.08087837144664681,0.020717702627409487,5.725063529798933,1981,5944,4.377566337585449,0.006745576858520508
