Model,R2,MAE,RMSE,MAPE_percent,n_train,n_test,fit_time_sec,predict_time_sec
cat,0.9907741756845604,0.014117671040437802,0.000604903489624257,7.296802608109308,6109,4072,4.799828290939331,0.005005598068237305
