Model,R2,MAE,RMSE,MAPE_percent,n_train,n_test,fit_time_sec,predict_time_sec
cat,0.9923265832085976,0.0005722679177257231,2.2282873032672322e-06,4.372186492607744,8145,2036,5.386351823806763,0.017733097076416016
