Model,R2,MAE,RMSE,MAPE_percent,n_train,n_test,fit_time_sec,predict_time_sec
cat,0.2996796466205872,0.1533092994848901,0.08255299912273677,2035341499.2239132,3961,7355,4.2293219566345215,0.007959127426147461
