Model,R2,MAE,RMSE,MAPE_percent,n_train,n_test,fit_time_sec,predict_time_sec
cat,0.9891214690307149,0.0011306791211728642,4.514118721096807e-06,7.302241063452329,6618,3563,3.6934471130371094,0.004186391830444336
