Model,R2,MAE,RMSE,MAPE_percent,n_train,n_test,fit_time_sec,predict_time_sec
gbm,0.9882362721099446,0.0008415847511770901,1.277830509909807e-06,7.265765883771784,8145,2036,19.77425980567932,0.014555692672729492
