Model,R2,MAE,RMSE,MAPE_percent,n_train,n_test,fit_time_sec,predict_time_sec
cat,0.9610300799945505,0.1395753904968231,0.04989313374649874,5.8293785154276065,6208,1552,4.715251684188843,0.0027954578399658203
