Model,R2,MAE,RMSE,MAPE_percent,n_train,n_test,fit_time_sec,predict_time_sec
cat,0.9551163485210119,0.20311096129989437,0.08717438288238172,751087451.3917278,2829,8487,4.261685609817505,0.011509895324707031
