Model,R2,MAE,RMSE,MAPE_percent,n_train,n_test,fit_time_sec,predict_time_sec
cat,0.9390180526628813,0.01775081717839501,0.005616591016949821,223684650.76098394,9053,2263,3.80900502204895,0.009764909744262695
