Model,R2,MAE,RMSE,MAPE_percent,n_train,n_test,fit_time_sec,predict_time_sec
cat,0.9858103788389854,0.0076517293144229975,0.0001282825491376972,12.403148511462271,8145,2036,3.335371494293213,0.0026547908782958984
