Model,R2,MAE,RMSE,MAPE_percent,n_train,n_test,fit_time_sec,predict_time_sec
rf,0.985312951038761,0.022503832339058213,0.0027586034714491715,2.969925377958943,6206,1552,36.81083273887634,0.28758931159973145
