Model,R2,MAE,RMSE,MAPE_percent,n_train,n_test,fit_time_sec,predict_time_sec
rf,0.9480648522470566,0.2562036216478357,0.1418866514558519,6.791352101046366,6206,1552,36.66882276535034,0.2802438735961914
