Model,R2,MAE,RMSE,MAPE_percent,n_train,n_test,fit_time_sec,predict_time_sec
cat,0.9798087399622618,0.013241638734349193,0.0003032592747754287,6.661324036205196,7636,2545,4.945500612258911,0.003695249557495117
