Model,R2,MAE,RMSE,MAPE_percent,n_train,n_test,fit_time_sec,predict_time_sec
rf,0.9869592129477759,0.007587673724457097,0.0006330185359694784,2.0652370956230937,6208,1552,38.37624645233154,0.2835872173309326
