Model,R2,MAE,RMSE,MAPE_percent,n_train,n_test,fit_time_sec,predict_time_sec
rf,0.9724164759194956,0.013955473274935614,0.0018506577176959141,2.943758996191302,9053,2263,56.69152283668518,0.48682069778442383
