Model,R2,MAE,RMSE,MAPE_percent,n_train,n_test,fit_time_sec,predict_time_sec
cat,0.9902507812717453,0.004793768013532357,8.097899822359213e-05,7.126010926784374,7127,3054,4.662430286407471,0.003931760787963867
