Model,R2,MAE,RMSE,MAPE_percent,n_train,n_test,fit_time_sec,predict_time_sec
rf,0.9468838058399618,0.1821503707079877,0.1271366334785284,6882091.004071387,9053,2263,55.26544499397278,0.4535841941833496
