Model,R2,MAE,RMSE,MAPE_percent,n_train,n_test,fit_time_sec,predict_time_sec
gbm,0.29225495327682194,0.039366378048209076,0.06324629236666005,15.36185213406355,8151,2038,18.3161518573761,0.015096664428710938
