Model,R2,MAE,RMSE,MAPE_percent,n_train,n_test,fit_time_sec,predict_time_sec
cat,0.9473241180132566,0.08333285687626975,0.030900164253630638,5.676341898079715,3170,4755,5.141893148422241,0.0056498050689697266
