Model,R2,MAE,RMSE,MAPE_percent,n_train,n_test,fit_time_sec,predict_time_sec
gbm,0.9952417692716881,0.012022245700005926,0.0002723020861575471,7.484796646294746,8145,2036,22.151795148849487,0.015068531036376953
