Model,R2,MAE,RMSE,MAPE_percent,n_train,n_test,fit_time_sec,predict_time_sec
cat,0.9694372268958781,0.16401574746806455,0.05692685732307292,7.172289968002713,9053,2263,3.554407835006714,0.002930879592895508
