Model,R2,MAE,RMSE,MAPE_percent,n_train,n_test,fit_time_sec,predict_time_sec
cat,0.9579869755026936,0.17393587556292672,0.100560565027399,2216815687.625,9053,2263,3.687997579574585,0.005849361419677734
