Model,R2,MAE,RMSE,MAPE_percent,n_train,n_test,fit_time_sec,predict_time_sec
cat,0.9903810176528686,0.004850144636454373,8.220626852427694e-05,7.174918523903259,6618,3563,4.846238613128662,0.0046198368072509766
