Model,R2,MAE,RMSE,MAPE_percent,n_train,n_test,fit_time_sec,predict_time_sec
cat,0.9463061941481372,0.1935684276474556,0.11189657886919083,6.6590354386888055,3170,4755,4.236020565032959,0.0056934356689453125
