Model,R2,MAE,RMSE,MAPE_percent,n_train,n_test,fit_time_sec,predict_time_sec
rf,0.9662643396637097,0.04044608237855744,0.005788748907949788,3.7306069858394486,6208,1552,35.820960521698,0.2850687503814697
