Model,R2,MAE,RMSE,MAPE_percent,n_train,n_test,fit_time_sec,predict_time_sec
rf,0.9794601131906177,0.0186024268737141,0.0010910351702376865,3.3220049518019144,4267,3491,24.824256896972656,0.3881955146789551
