Model,R2,MAE,RMSE,MAPE_percent,n_train,n_test,fit_time_sec,predict_time_sec
cat,0.2275058720460763,0.15568400603355304,0.08008013062904816,61.781834496610124,1585,6340,3.740096092224121,0.0066225528717041016
