Model,R2,MAE,RMSE,MAPE_percent,n_train,n_test,fit_time_sec,predict_time_sec
rf,0.9300256825621709,0.03708153250729126,0.016853680198360112,4.239121348919948,2327,5431,12.028566837310791,0.480074405670166
