Model,R2,MAE,RMSE,MAPE_percent,n_train,n_test,fit_time_sec,predict_time_sec
cat,0.31657933669675875,0.023985198144394718,0.390348436964257,4.677459322233676,8151,2038,3.7389824390411377,0.0026540756225585938
