Model,R2,MAE,RMSE,MAPE_percent,n_train,n_test,fit_time_sec,predict_time_sec
cat,0.899375374520253,0.007403162863890543,0.0009690704705392014,12.272492369774184,3563,6618,4.433989763259888,0.007376432418823242
