Model,R2,MAE,RMSE,MAPE_percent,n_train,n_test,fit_time_sec,predict_time_sec
gbm,0.4083949359871486,0.48499665139822595,0.62635270958857,31.301278182362346,6213,1553,13.788444519042969,0.012043952941894531
