Model,R2,MAE,RMSE,MAPE_percent,n_train,n_test,fit_time_sec,predict_time_sec
rf,0.9973395806588592,0.006612674599161488,9.197899213891617e-05,2.846120755693329,8145,2036,52.37996315956116,0.4035816192626953
