Model,R2,MAE,RMSE,MAPE_percent,n_train,n_test,fit_time_sec,predict_time_sec
gbm,0.9953960456576695,0.002471585200946038,1.1558461051329363e-05,4.006975807888435,8145,2036,20.224544763565063,0.013968706130981445
