Model,R2,MAE,RMSE,MAPE_percent,n_train,n_test,fit_time_sec,predict_time_sec
cat,0.9572200923270553,0.1871262770998572,0.06595284449992578,7.144244776226702,9053,2263,4.941870212554932,0.0037469863891601562
