Model,R2,MAE,RMSE,MAPE_percent,n_train,n_test,fit_time_sec,predict_time_sec
gbm,0.9977412186791842,0.0027600673973929035,1.72304923789915e-05,3.854999837445167,8145,2036,21.373481035232544,0.014670372009277344
