Model,R2,MAE,RMSE,MAPE_percent,n_train,n_test,fit_time_sec,predict_time_sec
cat,0.9158165544753979,0.005131152218335617,0.0008367792165547422,7.215038067526317,6109,4072,4.932924747467041,0.005522251129150391
