Model,R2,MAE,RMSE,MAPE_percent,n_train,n_test,fit_time_sec,predict_time_sec
rf,0.9888900963212452,0.00707547103493555,0.00011001653163628423,2.689899178182564,4268,3492,24.632206678390503,0.38990163803100586
