Model,R2,MAE,RMSE,MAPE_percent,n_train,n_test,fit_time_sec,predict_time_sec
cat,0.9888533677699941,0.0032572537421977966,9.79247883302702e-05,4.322491153468184,8145,2036,3.663058042526245,0.0026330947875976562
