Model,R2,MAE,RMSE,MAPE_percent,n_train,n_test,fit_time_sec,predict_time_sec
cat,0.982393234294595,0.0009356141327583084,1.5882876671349708e-06,6.936137321417866,6109,4072,3.3386070728302,0.004774332046508789
