Model,R2,MAE,RMSE,MAPE_percent,n_train,n_test,fit_time_sec,predict_time_sec
cat,0.9248638945216107,0.012926363190965209,0.004893417560649476,3.9571119730821502,3492,4268,3.6670405864715576,0.004577159881591797
