Model,R2,MAE,RMSE,MAPE_percent,n_train,n_test,fit_time_sec,predict_time_sec
rf,0.9615671984747978,0.12115038090756491,0.038521976798097164,5.20418206080434,6208,1552,36.46795988082886,0.282728910446167
