Model,R2,MAE,RMSE,MAPE_percent,n_train,n_test,fit_time_sec,predict_time_sec
gbm,0.9312030363109167,0.014193732703192722,0.0041290970580414475,3.6476793763799886,1164,6596,2.804293155670166,0.04541587829589844
