Model,R2,MAE,RMSE,MAPE_percent,n_train,n_test,fit_time_sec,predict_time_sec
cat,0.98175104130916,0.02021333389403345,0.0010582845491706578,3.7791136582632614,3879,3879,3.3717401027679443,0.004777431488037109
