Model,R2,MAE,RMSE,MAPE_percent,n_train,n_test,fit_time_sec,predict_time_sec
cat,0.8827972032756971,0.0218003022986519,0.015235650695396825,4.373411375711438,4755,3170,4.551185846328735,0.005129337310791016
