Model,R2,MAE,RMSE,MAPE_percent,n_train,n_test,fit_time_sec,predict_time_sec
rf,0.7630719183976897,0.49655798556974073,0.5622655346779749,3823247971.4977703,9059,2265,59.70344352722168,0.44715023040771484
