Model,R2,MAE,RMSE,MAPE_percent,n_train,n_test,fit_time_sec,predict_time_sec
cat,0.9521896608496274,0.19210445993330694,0.09128394077025445,7.9303264815464996,9059,2265,3.521021842956543,0.00292205810546875
