Model,R2,MAE,RMSE,MAPE_percent,n_train,n_test,fit_time_sec,predict_time_sec
gbm,0.9968775888364009,0.009402105721223063,0.0002589097487022476,4.126696285269747,8145,2036,24.876463413238525,0.014840841293334961
