Model,R2,MAE,RMSE,MAPE_percent,n_train,n_test,fit_time_sec,predict_time_sec
rf,0.43897658383354254,0.2961041857652405,0.22630381086277254,32.34976293557662,5684,1421,35.886900424957275,0.2754542827606201
