Model,R2,MAE,RMSE,MAPE_percent,n_train,n_test,fit_time_sec,predict_time_sec
cat,0.9925447037559681,0.004810735830183368,5.7385862694939425e-05,7.576514153322194,6109,4072,5.176490068435669,0.0045468807220458984
