Model,R2,MAE,RMSE,MAPE_percent,n_train,n_test,fit_time_sec,predict_time_sec
rf,0.9690889203516829,0.0017895406573668414,0.0005171188385032655,1.7487033890148889,8151,2038,53.944072008132935,0.38779258728027344
