Model,R2,MAE,RMSE,MAPE_percent,n_train,n_test,fit_time_sec,predict_time_sec
rf,0.9639446678834691,0.0585953071512713,0.010363853424721674,4.321827651974139,5690,1423,33.95874881744385,0.2625007629394531
