Model,R2,MAE,RMSE,MAPE_percent,n_train,n_test,fit_time_sec,predict_time_sec
cat,0.9979384201480364,0.006498830567764459,0.00013878790906282428,3.1603151586455462,8145,2036,7.57201886177063,0.01773691177368164
