Model,R2,MAE,RMSE,MAPE_percent,n_train,n_test,fit_time_sec,predict_time_sec
rf,0.9653265668235075,0.16968613406875926,0.07625201417576664,8.62155524674618,9053,2263,55.31933784484863,0.44840073585510254
