Model,R2,MAE,RMSE,MAPE_percent,n_train,n_test,fit_time_sec,predict_time_sec
gbm,0.9852472566463538,0.013124109065102137,0.000621201457000306,3.565531577162482,9059,2265,22.681381225585938,0.016278505325317383
