Model,R2,MAE,RMSE,MAPE_percent,n_train,n_test,fit_time_sec,predict_time_sec
gbm,0.9992553724638117,0.0037077096245086223,4.887005052270453e-05,1.5416724199846947,8145,2036,20.565581798553467,0.01443338394165039
