Model,R2,MAE,RMSE,MAPE_percent,n_train,n_test,fit_time_sec,predict_time_sec
cat,0.9900546735842467,0.006521599705169233,0.0005943723779966574,2.3944497677936107,6214,1554,3.606353521347046,0.0023708343505859375
