Model,R2,MAE,RMSE,MAPE_percent,n_train,n_test,fit_time_sec,predict_time_sec
cat,0.9223714866405792,0.0156388665577428,0.006922214036040202,7.30080258988334,5600,4581,4.699835300445557,0.0056743621826171875
