Model,R2,MAE,RMSE,MAPE_percent,n_train,n_test,fit_time_sec,predict_time_sec
rf,0.9867690812186338,0.004513107499497933,0.00011577719521777552,6.758390040207813,8145,2036,50.91463327407837,0.3969383239746094
