Model,R2,MAE,RMSE,MAPE_percent,n_train,n_test,fit_time_sec,predict_time_sec
cat,0.9294682626084819,0.013563386981565844,0.004377500337895383,4.00117968698693,4656,3104,3.3873414993286133,0.0038993358612060547
