Model,R2,MAE,RMSE,MAPE_percent,n_train,n_test,fit_time_sec,predict_time_sec
rf,0.9974639072710887,0.0005309225811930342,6.652167764589849e-07,4.223760772950995,8145,2036,52.030935764312744,0.40499019622802734
