Model,R2,MAE,RMSE,MAPE_percent,n_train,n_test,fit_time_sec,predict_time_sec
rf,0.9015466311933008,0.0011594213107219754,3.0231272159769733e-05,8.755162652303381,509,9672,2.470656394958496,0.5507712364196777
