Model,R2,MAE,RMSE,MAPE_percent,n_train,n_test,fit_time_sec,predict_time_sec
cat,0.9100536229358032,0.007264291751968544,0.0009222237970953293,12.733048764269936,6109,4072,4.4600231647491455,0.005774497985839844
