Model,R2,MAE,RMSE,MAPE_percent,n_train,n_test,fit_time_sec,predict_time_sec
gbm,0.9986829529465144,0.0033186455333233064,2.624256816017767e-05,1.7673518345315848,8145,2036,20.513585805892944,0.013734102249145508
