Model,R2,MAE,RMSE,MAPE_percent,n_train,n_test,fit_time_sec,predict_time_sec
gbm,0.9958637482490365,0.004320789123874168,5.784446758859233e-05,1.553556454225717,6208,1552,15.535706520080566,0.011574983596801758
