Model,R2,MAE,RMSE,MAPE_percent,n_train,n_test,fit_time_sec,predict_time_sec
cat,0.9799672152935177,0.0013388834534002008,6.0810880983340545e-06,13.596955966879529,8145,2036,3.3842170238494873,0.0025930404663085938
