Model,R2,MAE,RMSE,MAPE_percent,n_train,n_test,fit_time_sec,predict_time_sec
cat,0.8662381092364628,0.09847537358302688,0.03162165764172926,8.314306609390394,6208,1552,3.56481671333313,0.00229644775390625
