Model,R2,MAE,RMSE,MAPE_percent,n_train,n_test,fit_time_sec,predict_time_sec
rf,0.9800615805606006,0.002432401368363598,0.00016587194556485162,3.0724878436764493,8145,2036,50.38467526435852,0.3755950927734375
