Model,R2,MAE,RMSE,MAPE_percent,n_train,n_test,fit_time_sec,predict_time_sec
rf,0.9609555237793967,0.08085190468616496,0.02674204965345404,53197702.647940725,9053,2263,84.96962380409241,0.4672713279724121
