Model,R2,MAE,RMSE,MAPE_percent,n_train,n_test,fit_time_sec,predict_time_sec
cat,0.9630170560576852,0.1312693871614622,0.03733574950145841,5.403775569510325,6208,1552,3.557647466659546,0.002335071563720703
