Model,R2,MAE,RMSE,MAPE_percent,n_train,n_test,fit_time_sec,predict_time_sec
rf,0.9972406174246544,0.0035078161079651134,3.798295461955498e-05,1.2211694174635115,6214,1554,37.26196050643921,0.33544135093688965
