Model,R2,MAE,RMSE,MAPE_percent,n_train,n_test,fit_time_sec,predict_time_sec
cat,0.6086087232773787,0.5102097361959279,1.1979528609888828,1228.2874185399119,9059,2265,3.474364995956421,0.002897977828979492
