Model,R2,MAE,RMSE,MAPE_percent,n_train,n_test,fit_time_sec,predict_time_sec
cat,0.9540698284313833,0.18397797701255938,0.10993647946106826,2709924189.4901476,9053,2263,8.242013692855835,0.017757654190063477
