Model,R2,MAE,RMSE,MAPE_percent,n_train,n_test,fit_time_sec,predict_time_sec
cat,0.9578542741995285,0.18437009275530106,0.0862394214427718,6.457452645555187,6340,1585,4.9708850383758545,0.0028374195098876953
