Model,R2,MAE,RMSE,MAPE_percent,n_train,n_test,fit_time_sec,predict_time_sec
gbm,0.9901704518150437,0.01838248825841432,0.0006451151657285412,11.629560372759528,8145,2036,20.299150466918945,0.015421628952026367
