Model,R2,MAE,RMSE,MAPE_percent,n_train,n_test,fit_time_sec,predict_time_sec
cat,0.9536417876353414,0.08241848744398299,0.02715969849718458,5.612213618689695,3170,4755,5.124196529388428,0.005219697952270508
