Model,R2,MAE,RMSE,MAPE_percent,n_train,n_test,fit_time_sec,predict_time_sec
cat,0.8989623669050366,0.00402232601575151,0.001056634238303965,4.819239682233709,8151,2038,3.7081451416015625,0.002752065658569336
