Model,R2,MAE,RMSE,MAPE_percent,n_train,n_test,fit_time_sec,predict_time_sec
rf,0.9683702681305342,0.006588514051209621,0.0028348504701362714,2.3549615130655073,8151,2038,54.81065130233765,0.4102592468261719
