Model,R2,MAE,RMSE,MAPE_percent,n_train,n_test,fit_time_sec,predict_time_sec
rf,0.989413891575659,0.001119047671016538,2.5482296549358696e-06,7.406310270415556,2036,8145,10.820778846740723,0.6764934062957764
