Model,R2,MAE,RMSE,MAPE_percent,n_train,n_test,fit_time_sec,predict_time_sec
cat,0.9880771627676739,0.013646793556056233,0.0003287632380353338,6.951666278503829,8145,2036,3.7151432037353516,0.0026769638061523438
