Model,R2,MAE,RMSE,MAPE_percent,n_train,n_test,fit_time_sec,predict_time_sec
cat,0.987320113860409,0.013809565651691932,0.00034020313855155155,7.1886576158101745,4072,6109,4.592928647994995,0.006283760070800781
