Model,R2,MAE,RMSE,MAPE_percent,n_train,n_test,fit_time_sec,predict_time_sec
cat,0.9901355086193894,0.004706610997023529,4.399429506439051e-05,7.069772592961673,5090,5091,4.58548378944397,0.005344867706298828
