Model,R2,MAE,RMSE,MAPE_percent,n_train,n_test,fit_time_sec,predict_time_sec
gbm,0.9477122957303267,0.26520119803946496,0.1428797393144138,7.159554681812569,6206,1552,15.357266902923584,0.012782812118530273
