Model,R2,MAE,RMSE,MAPE_percent,n_train,n_test,fit_time_sec,predict_time_sec
cat,0.49818564767750473,0.3607728599297979,0.2843454275331552,34.30321175445332,4359,3566,4.979446887969971,0.0047855377197265625
