Model,R2,MAE,RMSE,MAPE_percent,n_train,n_test,fit_time_sec,predict_time_sec
rf,0.9963426297397432,0.007821073808217019,0.00021788608335943018,4.278436482978448,8145,2036,87.85015201568604,0.780792236328125
