Model,R2,MAE,RMSE,MAPE_percent,n_train,n_test,fit_time_sec,predict_time_sec
cat,0.7661920906591471,0.5022958108852029,0.5141782161205801,1525.3030272608835,9053,2263,4.647340536117554,0.0035429000854492188
