Model,R2,MAE,RMSE,MAPE_percent,n_train,n_test,fit_time_sec,predict_time_sec
gbm,0.3432908939476662,0.3297149253970695,0.29315460509238683,32.60376194071599,5684,1421,12.473007917404175,0.011031627655029297
