Model,R2,MAE,RMSE,MAPE_percent,n_train,n_test,fit_time_sec,predict_time_sec
rf,0.9605901180645058,0.07150254621020455,0.01570637071484045,5.411855837237993,9053,2263,54.039246559143066,0.4345698356628418
