Model,R2,MAE,RMSE,MAPE_percent,n_train,n_test,fit_time_sec,predict_time_sec
gbm,0.9977746142752465,0.005735029109978759,6.417252284720188e-05,2.7219183764272596,8145,2036,21.486953735351562,0.013791561126708984
