Model,R2,MAE,RMSE,MAPE_percent,n_train,n_test,fit_time_sec,predict_time_sec
cat,0.96250009850931,0.0833403564855694,0.024207869096595475,1003680070.1051185,9059,2265,3.589301347732544,0.002858877182006836
