Model,R2,MAE,RMSE,MAPE_percent,n_train,n_test,fit_time_sec,predict_time_sec
cat,0.9671889403502107,0.06448399005269428,0.012802370775406123,5.1812324129960095,9053,2263,3.7967424392700195,0.0029861927032470703
