Model,R2,MAE,RMSE,MAPE_percent,n_train,n_test,fit_time_sec,predict_time_sec
gbm,0.28737833756326947,0.1026599707236643,0.039500725553221434,59.381303652419014,6208,1552,14.086250305175781,0.011147022247314453
