Model,R2,MAE,RMSE,MAPE_percent,n_train,n_test,fit_time_sec,predict_time_sec
cat,0.9950100191315153,0.011698777930255616,0.00033789986820089476,2.1635287686420295,6206,1552,3.582367420196533,0.0023279190063476562
