Model,R2,MAE,RMSE,MAPE_percent,n_train,n_test,fit_time_sec,predict_time_sec
rf,0.9696018655853063,0.06261451024269186,0.011540088323827616,4.73785394377886,9053,2263,54.00662851333618,0.43454909324645996
