Model,R2,MAE,RMSE,MAPE_percent,n_train,n_test,fit_time_sec,predict_time_sec
cat,0.9735339199273126,0.02769409082020382,0.0027393842408381013,5.180477428264747,1552,6206,3.3619234561920166,0.006987810134887695
