Model,R2,MAE,RMSE,MAPE_percent,n_train,n_test,fit_time_sec,predict_time_sec
cat,0.9847263406743192,0.005498712963686992,0.00017352100936561524,7.424362896735967,8145,2036,3.5717780590057373,0.0027921199798583984
