Model,R2,MAE,RMSE,MAPE_percent,n_train,n_test,fit_time_sec,predict_time_sec
gbm,0.9843724283900268,0.010161656940182796,0.0008803333293368425,3.1653442952463076,6208,1552,15.479461669921875,0.012033224105834961
