Model,R2,MAE,RMSE,MAPE_percent,n_train,n_test,fit_time_sec,predict_time_sec
gbm,0.3976259921175672,0.33010942745764393,0.27308418588614725,32.76110068838329,5684,1421,13.05992078781128,0.011061429977416992
