Model,R2,MAE,RMSE,MAPE_percent,n_train,n_test,fit_time_sec,predict_time_sec
cat,0.9618500872543805,0.1422130917136311,0.05050316400644494,6.1418912244247466,6208,1552,3.3951709270477295,0.0023398399353027344
