Model,R2,MAE,RMSE,MAPE_percent,n_train,n_test,fit_time_sec,predict_time_sec
gbm,0.942306448068318,0.0010838851221152423,2.0839029482763952e-05,7.931215162021105,2036,8145,4.7807207107543945,0.052512168884277344
