Model,R2,MAE,RMSE,MAPE_percent,n_train,n_test,fit_time_sec,predict_time_sec
cat,0.9365264529985947,0.28902267652043145,0.20713201224700314,7.849050172669935,6213,1553,3.426480293273926,0.0023796558380126953
