Model,R2,MAE,RMSE,MAPE_percent,n_train,n_test,fit_time_sec,predict_time_sec
cat,0.15472306088652354,0.27203566371392307,0.5832088012898071,39.574696002580644,2646,6174,4.7529942989349365,0.006669044494628906
