Model,R2,MAE,RMSE,MAPE_percent,n_train,n_test,fit_time_sec,predict_time_sec
cat,0.9102873915979527,0.020127231401547253,0.009015171877025482,4.611944504687146,3566,4359,4.598996639251709,0.00647425651550293
