Model,R2,MAE,RMSE,MAPE_percent,n_train,n_test,fit_time_sec,predict_time_sec
rf,0.9850290653673405,0.013163333358444626,0.0005875813676295848,789047.6491579904,3395,7921,18.299009799957275,0.710054874420166
