Model,R2,MAE,RMSE,MAPE_percent,n_train,n_test,fit_time_sec,predict_time_sec
gbm,0.8949044405291354,0.09240932833814443,0.022646546127805835,8.15815304163591,6208,1552,15.448298692703247,0.011212825775146484
