Model,R2,MAE,RMSE,MAPE_percent,n_train,n_test,fit_time_sec,predict_time_sec
gbm,0.9577404379275472,0.18498352932464754,0.09064159716688011,7.901037947307025,9059,2265,22.82431721687317,0.01765608787536621
