Model,R2,MAE,RMSE,MAPE_percent,n_train,n_test,fit_time_sec,predict_time_sec
cat,0.10740284174401671,0.27630078687107096,0.6851265528890824,40.814708256915345,4410,4410,4.2467780113220215,0.005388736724853516
