Model,R2,MAE,RMSE,MAPE_percent,n_train,n_test,fit_time_sec,predict_time_sec
gbm,0.882652371589045,0.09554844154304447,0.026248047454034234,8.045720088458529,6208,1552,15.513796329498291,0.011206388473510742
