Model,R2,MAE,RMSE,MAPE_percent,n_train,n_test,fit_time_sec,predict_time_sec
rf,0.9370558229802909,0.06741904991736093,0.02853552628893585,4.754868659710793,5684,1421,33.98171925544739,0.277679443359375
