Model,R2,MAE,RMSE,MAPE_percent,n_train,n_test,fit_time_sec,predict_time_sec
cat,0.07851981169249234,0.0033468495373205408,0.002414610369233425,14.32390548136706,8151,2038,3.2892918586730957,0.0024871826171875
