Model,R2,MAE,RMSE,MAPE_percent,n_train,n_test,fit_time_sec,predict_time_sec
cat,0.7795991311679826,0.20230943997401776,0.6745930915799853,461.5090311459514,9059,2265,3.9350509643554688,0.003109455108642578
