Model,R2,MAE,RMSE,MAPE_percent,n_train,n_test,fit_time_sec,predict_time_sec
gbm,0.9543415096293828,0.06403042160215332,0.023002298791272278,4.6724715161312655,5684,1421,14.107510089874268,0.011667728424072266
