Model,R2,MAE,RMSE,MAPE_percent,n_train,n_test,fit_time_sec,predict_time_sec
rf,0.9426692103660562,0.019114386285830856,0.005975958800816345,2570643.4807119877,9053,2263,111.98411846160889,0.9276821613311768
