Model,R2,MAE,RMSE,MAPE_percent,n_train,n_test,fit_time_sec,predict_time_sec
cat,0.9855481261669968,0.0059158552863972464,0.00016725353522871909,7.137004269237318,8145,2036,3.5557682514190674,0.0026998519897460938
