Model,R2,MAE,RMSE,MAPE_percent,n_train,n_test,fit_time_sec,predict_time_sec
cat,0.9418767000944712,0.18021719767815939,0.08825199694754086,5.685715002731249,4359,3566,4.601752758026123,0.004619121551513672
