Model,R2,MAE,RMSE,MAPE_percent,n_train,n_test,fit_time_sec,predict_time_sec
rf,0.9799409444461619,0.01014133593821717,0.0010895397067897147,2.988795289304911,6214,1554,38.15091562271118,0.29436326026916504
