Model,R2,MAE,RMSE,MAPE_percent,n_train,n_test,fit_time_sec,predict_time_sec
cat,0.9860798580915746,0.012608766387944836,0.0003387234913523963,3.6330145173316906,3566,4359,4.502528190612793,0.005416154861450195
