Model,R2,MAE,RMSE,MAPE_percent,n_train,n_test,fit_time_sec,predict_time_sec
gbm,0.9796468816784293,0.020480364833184495,0.0013806285150191923,3.6013979343839715,3103,4655,7.8644118309021,0.02902531623840332
