Model,R2,MAE,RMSE,MAPE_percent,n_train,n_test,fit_time_sec,predict_time_sec
cat,0.950558969279517,0.10817556833213891,0.028462202237038284,5.408240525009369,6206,1552,3.5778441429138184,0.002414703369140625
