Model,R2,MAE,RMSE,MAPE_percent,n_train,n_test,fit_time_sec,predict_time_sec
cat,0.9938543401316656,0.012072348462712702,0.00043902026420562307,2.165725357770491,6213,1553,3.7338266372680664,0.0023915767669677734
