Model,R2,MAE,RMSE,MAPE_percent,n_train,n_test,fit_time_sec,predict_time_sec
gbm,0.9604030309138257,0.13126441612566964,0.037386668041507205,5.528856031555591,6208,1552,15.461366176605225,0.011886119842529297
