Model,R2,MAE,RMSE,MAPE_percent,n_train,n_test,fit_time_sec,predict_time_sec
gbm,0.9890286483333437,0.01875376829521716,0.0007649360094187811,12.386339475578863,8145,2036,18.23093867301941,0.01571202278137207
