Model,R2,MAE,RMSE,MAPE_percent,n_train,n_test,fit_time_sec,predict_time_sec
rf,0.9443635969915968,0.05115252875771177,0.010603867443910614,4.7646379799000025,6208,1552,36.15605187416077,0.28365397453308105
