Model,R2,MAE,RMSE,MAPE_percent,n_train,n_test,fit_time_sec,predict_time_sec
gbm,0.9475414551540435,0.018110802393609845,0.005435099722074245,118469968.43434606,6790,4526,16.84434413909912,0.03131604194641113
