Model,R2,MAE,RMSE,MAPE_percent,n_train,n_test,fit_time_sec,predict_time_sec
cat,0.9814482106859995,0.009335085403888669,0.0010450605416856369,3.0617437220192083,6208,1552,3.8233931064605713,0.0023233890533447266
