Model,R2,MAE,RMSE,MAPE_percent,n_train,n_test,fit_time_sec,predict_time_sec
cat,0.9758876434874737,0.02584354908062069,0.004773839123728715,4.093193892342682,6213,1553,3.589205265045166,0.0022821426391601562
