Model,R2,MAE,RMSE,MAPE_percent,n_train,n_test,fit_time_sec,predict_time_sec
cat,0.5061693769039972,0.08211912785196006,0.5057896153420705,4.443485880781411,5690,1423,3.461458683013916,0.002256155014038086
