Model,R2,MAE,RMSE,MAPE_percent,n_train,n_test,fit_time_sec,predict_time_sec
cat,0.9899761255478664,0.01521252298532095,0.0018586086818254861,2.6851763586973934,6206,1552,3.5812928676605225,0.002401590347290039
