Model,R2,MAE,RMSE,MAPE_percent,n_train,n_test,fit_time_sec,predict_time_sec
gbm,0.422187061683049,0.31818672383127555,0.2278745799042641,32.029161542245625,5612,1403,12.357881307601929,0.010773897171020508
