Model,R2,MAE,RMSE,MAPE_percent,n_train,n_test,fit_time_sec,predict_time_sec
cat,0.941973143818774,0.018727579066856077,0.005933111730667773,608849666.0660561,7355,3961,3.620919704437256,0.005003929138183594
