Model,R2,MAE,RMSE,MAPE_percent,n_train,n_test,fit_time_sec,predict_time_sec
cat,0.818302840547277,0.028471483848536348,0.02049291416845455,6.512237305969745,792,7133,3.5908477306365967,0.008373737335205078
