Model,R2,MAE,RMSE,MAPE_percent,n_train,n_test,fit_time_sec,predict_time_sec
cat,0.988122903065343,0.0008988558317078049,1.5797957870697478e-06,7.703409010372969,3054,7127,3.2659997940063477,0.008852958679199219
