Model,R2,MAE,RMSE,MAPE_percent,n_train,n_test,fit_time_sec,predict_time_sec
cat,0.9881001759294208,0.013992094510083687,0.0003554615158853363,7.229156375027001,3563,6618,4.4242939949035645,0.007017612457275391
