Model,R2,MAE,RMSE,MAPE_percent,n_train,n_test,fit_time_sec,predict_time_sec
rf,0.9695322485984758,0.025290960729612434,0.003331996904897367,3.9269898084221495,1552,6206,7.695736408233643,0.46189332008361816
