Model,R2,MAE,RMSE,MAPE_percent,n_train,n_test,fit_time_sec,predict_time_sec
rf,0.9974371863883246,0.00041288115933806486,3.2353378390010506e-07,2.9771878084158194,8145,2036,50.809035539627075,0.40093040466308594
