Model,R2,MAE,RMSE,MAPE_percent,n_train,n_test,fit_time_sec,predict_time_sec
rf,0.9520454084877124,0.12628163243293514,0.06342142855722223,5.231936735763179,6208,1552,36.99011254310608,0.2870364189147949
