Model,R2,MAE,RMSE,MAPE_percent,n_train,n_test,fit_time_sec,predict_time_sec
rf,0.9801321825061031,0.00843486500633642,0.0010791523054887767,2.115469035010908,6214,1554,37.437907695770264,0.28864502906799316
