Model,R2,MAE,RMSE,MAPE_percent,n_train,n_test,fit_time_sec,predict_time_sec
rf,0.9440737312815696,0.03421686669371388,0.014949812324269836,3.9269617114207946,5043,2715,29.372259378433228,0.37555837631225586
