Model,R2,MAE,RMSE,MAPE_percent,n_train,n_test,fit_time_sec,predict_time_sec
rf,0.9643659983714745,0.008853614143202604,0.0019551731847770116,1.9962664451553456,6208,1552,42.93713188171387,0.29288816452026367
