Model,R2,MAE,RMSE,MAPE_percent,n_train,n_test,fit_time_sec,predict_time_sec
cat,0.9775216541959568,0.009379493375741222,0.0012060519630843446,2.966853714643017,6208,1552,6.8883957862854,0.0071642398834228516
