Model,R2,MAE,RMSE,MAPE_percent,n_train,n_test,fit_time_sec,predict_time_sec
cat,0.9815544217883218,0.010589874381529817,0.001803192445558989,173991463.93754154,9059,2265,3.8117122650146484,0.0029289722442626953
