Model,R2,MAE,RMSE,MAPE_percent,n_train,n_test,fit_time_sec,predict_time_sec
gbm,0.9978783670458359,0.006501489539330793,0.00011800468616271008,3.3253710195413295,8145,2036,20.340248823165894,0.014511346817016602
