Model,R2,MAE,RMSE,MAPE_percent,n_train,n_test,fit_time_sec,predict_time_sec
rf,0.9827415218165074,0.011908642100211385,0.0005822685485591862,3.4741206905948454,9053,2263,56.510374546051025,0.46367788314819336
