Model,R2,MAE,RMSE,MAPE_percent,n_train,n_test,fit_time_sec,predict_time_sec
gbm,0.9426840750471587,0.00108213512935887,1.5954360633876555e-05,8.883728698346095,509,9672,1.247577428817749,0.06248140335083008
