Model,R2,MAE,RMSE,MAPE_percent,n_train,n_test,fit_time_sec,predict_time_sec
cat,0.9896174914745665,0.003784064355909978,0.00010836344998603164,4.673287570949486,8145,2036,4.6637797355651855,0.003432750701904297
