Model,R2,MAE,RMSE,MAPE_percent,n_train,n_test,fit_time_sec,predict_time_sec
gbm,0.9223261768982978,0.009841765616010512,0.005354269997717931,2.05400589658261,6208,1552,18.51293110847473,0.012244939804077148
