Model,R2,MAE,RMSE,MAPE_percent,n_train,n_test,fit_time_sec,predict_time_sec
gbm,0.9973984919271752,0.003078082987300188,2.590631612020723e-05,3.8832146680015223,8145,2036,24.340034008026123,0.014417409896850586
