Model,R2,MAE,RMSE,MAPE_percent,n_train,n_test,fit_time_sec,predict_time_sec
cat,0.9574709680664332,0.1900549651284191,0.07077911939525174,7.48138512525365,6790,4526,4.909475326538086,0.006236553192138672
