Model,R2,MAE,RMSE,MAPE_percent,n_train,n_test,fit_time_sec,predict_time_sec
rf,0.8934218433582433,0.018350354238382487,0.006463675540708255,4.425718236301735,388,7372,1.894007682800293,0.39707517623901367
