Model,R2,MAE,RMSE,MAPE_percent,n_train,n_test,fit_time_sec,predict_time_sec
rf,0.9770704695521084,0.007557015616227471,0.00023931817824243378,11.601417009429102,8145,2036,50.48372459411621,0.38571643829345703
