Model,R2,MAE,RMSE,MAPE_percent,n_train,n_test,fit_time_sec,predict_time_sec
cat,0.9961420915351834,0.0004889004220643536,4.813338811088217e-07,3.5230915595353705,8145,2036,4.560520887374878,0.002947092056274414
