Model,R2,MAE,RMSE,MAPE_percent,n_train,n_test,fit_time_sec,predict_time_sec
cat,0.4474688362692092,0.577182523988642,1.1617465325478893,27.155203119856964,6214,1554,3.249552011489868,0.002258777618408203
