Model,R2,MAE,RMSE,MAPE_percent,n_train,n_test,fit_time_sec,predict_time_sec
cat,0.9904001107600354,0.004690617633118367,4.038678227779835e-05,7.27622011931557,5600,4581,4.790225982666016,0.0053272247314453125
