Model,R2,MAE,RMSE,MAPE_percent,n_train,n_test,fit_time_sec,predict_time_sec
rf,0.9554605676864771,0.1844754082759409,0.07743090667935346,7.317242795056658,9053,2263,2.015761375427246,0.08817172050476074
