Model,R2,MAE,RMSE,MAPE_percent,n_train,n_test,fit_time_sec,predict_time_sec
rf,0.9813269290606464,0.013646033222152524,0.0007926896247798432,3976328.160934404,2829,8487,15.336677074432373,0.7149717807769775
