Model,R2,MAE,RMSE,MAPE_percent,n_train,n_test,fit_time_sec,predict_time_sec
cat,0.9519908511346983,0.012578433535476321,0.002988633310970694,4.278117266340884,3492,4268,3.6990444660186768,0.004633903503417969
