Model,R2,MAE,RMSE,MAPE_percent,n_train,n_test,fit_time_sec,predict_time_sec
rf,0.9847038280386643,0.0008511938974780274,1.3751717269326653e-06,7.1032398951217335,5090,5091,30.020808458328247,0.5795314311981201
