Model,R2,MAE,RMSE,MAPE_percent,n_train,n_test,fit_time_sec,predict_time_sec
rf,0.9748586385661455,0.001186356696364598,3.0531540929234503e-06,9.6780041077099,8145,2036,52.86154246330261,0.40122461318969727
