Model,R2,MAE,RMSE,MAPE_percent,n_train,n_test,fit_time_sec,predict_time_sec
cat,0.49220477916578353,0.09837675199979383,0.027581710142433245,54.61836366290238,6214,1554,3.1624786853790283,0.002231597900390625
