Model,R2,MAE,RMSE,MAPE_percent,n_train,n_test,fit_time_sec,predict_time_sec
cat,0.993087340984904,0.0022885264437648724,5.273131904382724e-05,2.9421483211052695,8145,2036,3.7292520999908447,0.0027048587799072266
