Model,R2,MAE,RMSE,MAPE_percent,n_train,n_test,fit_time_sec,predict_time_sec
cat,0.3100709591719507,0.15330448538319727,0.07777051390602777,1592458053.4918072,4526,6790,4.3313889503479,0.008004188537597656
