Model,R2,MAE,RMSE,MAPE_percent,n_train,n_test,fit_time_sec,predict_time_sec
gbm,0.9375889252894153,0.2776871795943152,0.1721592361735606,7.218972520917013,6213,1553,15.46826434135437,0.012540340423583984
