Model,R2,MAE,RMSE,MAPE_percent,n_train,n_test,fit_time_sec,predict_time_sec
cat,0.9842366950396108,0.0009423516038563255,1.690923409854383e-06,7.005784997875043,5090,5091,4.409551382064819,0.005318164825439453
