Model,R2,MAE,RMSE,MAPE_percent,n_train,n_test,fit_time_sec,predict_time_sec
rf,0.9715371315223125,0.0027278497942404903,0.00027085891498905643,3.0366416076367595,8145,2036,50.28854513168335,0.40785670280456543
