Model,R2,MAE,RMSE,MAPE_percent,n_train,n_test,fit_time_sec,predict_time_sec
gbm,0.935807613716835,0.0010683444513980818,2.365933510474027e-05,7.750557267683712,3054,7127,7.217463731765747,0.04463338851928711
