Model,R2,MAE,RMSE,MAPE_percent,n_train,n_test,fit_time_sec,predict_time_sec
rf,0.960935892084413,0.16497956900256194,0.06446447333973239,5.438789746679839,6340,1585,37.40440893173218,0.28940510749816895
