Model,R2,MAE,RMSE,MAPE_percent,n_train,n_test,fit_time_sec,predict_time_sec
rf,0.9638622963712179,0.02799392483079132,0.00908361403321207,3.1973660065520195,6213,1553,38.239319801330566,0.27380800247192383
