Model,R2,MAE,RMSE,MAPE_percent,n_train,n_test,fit_time_sec,predict_time_sec
gbm,0.8560028872663182,0.026564872871195185,0.017217359678950054,93663465.22895691,1132,10184,2.715172290802002,0.07005190849304199
