Model,R2,MAE,RMSE,MAPE_percent,n_train,n_test,fit_time_sec,predict_time_sec
cat,0.861589188252855,0.028807287273566747,0.0106074737006793,15.792716076614447,509,9672,3.361368417739868,0.009596824645996094
