Model,R2,MAE,RMSE,MAPE_percent,n_train,n_test,fit_time_sec,predict_time_sec
rf,0.9957297603377773,0.0005386468832334721,5.54924260104529e-07,3.7894718040586772,8151,2038,55.72512674331665,0.46557021141052246
