Model,R2,MAE,RMSE,MAPE_percent,n_train,n_test,fit_time_sec,predict_time_sec
gbm,0.9783156254485322,0.023089157988770415,0.004293139725003952,3.143301340142661,6213,1553,15.934526443481445,0.012384653091430664
