Model,R2,MAE,RMSE,MAPE_percent,n_train,n_test,fit_time_sec,predict_time_sec
gbm,0.9854786446555054,0.012803723432267775,0.0005248662439266577,43687963.48466477,3961,7355,9.558883428573608,0.04436945915222168
