Model,R2,MAE,RMSE,MAPE_percent,n_train,n_test,fit_time_sec,predict_time_sec
rf,0.9373826092059122,0.14347179189503143,0.08370524502270271,5.7181579666572935,6208,1552,49.86637830734253,0.555908203125
