Model,R2,MAE,RMSE,MAPE_percent,n_train,n_test,fit_time_sec,predict_time_sec
cat,0.3854650210100431,0.0021716735985129105,0.00030915762981802267,12.250383952736591,8151,2038,3.7793421745300293,0.002676725387573242
