Model,R2,MAE,RMSE,MAPE_percent,n_train,n_test,fit_time_sec,predict_time_sec
gbm,0.9824048987436023,0.02197613809060243,0.00326245187017267,3.1082498849697417,6206,1552,15.423553228378296,0.012216329574584961
