Model,R2,MAE,RMSE,MAPE_percent,n_train,n_test,fit_time_sec,predict_time_sec
rf,0.9832211498533237,0.007798140051413607,0.0009113701001531126,1.9028100217551862,6214,1554,37.776952028274536,0.31209897994995117
