Model,R2,MAE,RMSE,MAPE_percent,n_train,n_test,fit_time_sec,predict_time_sec
rf,0.9915148748746733,0.0016013887045764966,0.00013747473909570289,1.803369055170352,8151,2038,55.47500038146973,0.3797929286956787
