Model,R2,MAE,RMSE,MAPE_percent,n_train,n_test,fit_time_sec,predict_time_sec
gbm,0.9842433393493144,0.04048160657061784,0.006947427236046344,4.290496190996678,7056,1764,18.86829161643982,0.013597965240478516
