Model,R2,MAE,RMSE,MAPE_percent,n_train,n_test,fit_time_sec,predict_time_sec
cat,0.8841324633095289,0.2765351499598023,0.13463505506668796,10.661225915510796,6208,1552,3.5326883792877197,0.002338409423828125
