Model,R2,MAE,RMSE,MAPE_percent,n_train,n_test,fit_time_sec,predict_time_sec
rf,0.9695453347047674,0.05577145768735488,0.009142378945773197,3.7324465348132434,6340,1585,36.653085231781006,0.285083532333374
