Model,R2,MAE,RMSE,MAPE_percent,n_train,n_test,fit_time_sec,predict_time_sec
cat,0.8971603952072404,0.0014853635235112736,3.890897263878214e-05,13.138701751558152,4072,6109,5.260561466217041,0.006048440933227539
