Model,R2,MAE,RMSE,MAPE_percent,n_train,n_test,fit_time_sec,predict_time_sec
rf,-0.03390155245608972,0.0033103996835539954,0.002801558228910075,9.003505465801108,8151,2038,54.020684480667114,0.39922475814819336
