Model,R2,MAE,RMSE,MAPE_percent,n_train,n_test,fit_time_sec,predict_time_sec
cat,0.9886671865108222,0.0011282247866451658,2.843889073048209e-06,9.095019311875207,1018,9163,3.7604868412017822,0.00885915756225586
