Model,R2,MAE,RMSE,MAPE_percent,n_train,n_test,fit_time_sec,predict_time_sec
cat,0.303372724959427,0.15260492464581235,0.08589634080283153,1308434717.5818098,5092,6224,4.2682905197143555,0.009134769439697266
