Model,R2,MAE,RMSE,MAPE_percent,n_train,n_test,fit_time_sec,predict_time_sec
cat,0.9394499201149508,0.2508723355588886,0.13614888325149677,1947851633.2744498,566,10750,3.9635047912597656,0.011512994766235352
