Model,R2,MAE,RMSE,MAPE_percent,n_train,n_test,fit_time_sec,predict_time_sec
rf,0.8005863196663525,0.031666755230279876,0.02342066708348432,41022491.671031296,566,10750,2.558974027633667,0.6127214431762695
