Model,R2,MAE,RMSE,MAPE_percent,n_train,n_test,fit_time_sec,predict_time_sec
gbm,0.9946535043370768,0.009172956134741924,0.00017486041180313338,3.906601108305028,8145,2036,20.23283052444458,0.013968229293823242
