Model,R2,MAE,RMSE,MAPE_percent,n_train,n_test,fit_time_sec,predict_time_sec
gbm,0.9840204295067795,0.006566795322319394,0.00013982928041968973,12.501755230875034,8145,2036,18.189783096313477,0.015408754348754883
