Model,R2,MAE,RMSE,MAPE_percent,n_train,n_test,fit_time_sec,predict_time_sec
cat,0.927029822628359,0.060839419171492486,0.02489645551489293,5.627940010501771,6208,1552,3.3118090629577637,0.002258777618408203
