Model,R2,MAE,RMSE,MAPE_percent,n_train,n_test,fit_time_sec,predict_time_sec
cat,0.9772680945872383,0.02463169559190784,0.001735019895336066,4.633611913356575,2327,5431,3.3283262252807617,0.0054721832275390625
