Model,R2,MAE,RMSE,MAPE_percent,n_train,n_test,fit_time_sec,predict_time_sec
rf,0.9893315674595925,0.014082773057775432,0.00038624574667576865,6.470937854325827,8145,2036,51.465102434158325,0.39803385734558105
