Model,R2,MAE,RMSE,MAPE_percent,n_train,n_test,fit_time_sec,predict_time_sec
gbm,0.88872883756278,0.0013963079269717366,5.162444034001253e-05,12.687925472086922,8145,2036,18.2279531955719,0.015430688858032227
