Model,R2,MAE,RMSE,MAPE_percent,n_train,n_test,fit_time_sec,predict_time_sec
rf,0.9957519095568352,0.005119990463569536,0.0002307418314605691,1.3869401163331205,6214,1554,37.0365469455719,0.2931394577026367
