Model,R2,MAE,RMSE,MAPE_percent,n_train,n_test,fit_time_sec,predict_time_sec
rf,0.9894782336986633,0.006033502026470179,0.0010318084435354884,1.9357958346911146,8145,2036,51.45890784263611,0.40419650077819824
