Model,R2,MAE,RMSE,MAPE_percent,n_train,n_test,fit_time_sec,predict_time_sec
rf,0.9849616895908556,0.0010459681760762805,2.5560029487545885e-06,6.914053879379297,8145,2036,51.52127146720886,0.3961961269378662
