Model,R2,MAE,RMSE,MAPE_percent,n_train,n_test,fit_time_sec,predict_time_sec
cat,0.9788195556329562,0.02241570502701136,0.0016131711833550085,13.239396998232788,8145,2036,4.113153696060181,0.003004312515258789
