Model,R2,MAE,RMSE,MAPE_percent,n_train,n_test,fit_time_sec,predict_time_sec
cat,0.9251463692263022,0.01971020612114695,0.007646678558665493,4.546260284536473,3566,4359,4.586382150650024,0.006707429885864258
