Model,R2,MAE,RMSE,MAPE_percent,n_train,n_test,fit_time_sec,predict_time_sec
cat,0.7668847189278019,0.512202925459301,0.519050144309233,6680349609.7119,7921,3395,4.549031734466553,0.005128622055053711
