Model,R2,MAE,RMSE,MAPE_percent,n_train,n_test,fit_time_sec,predict_time_sec
cat,0.9665350707306697,0.055238866996649115,0.008084305745811274,4.24635400350787,5684,1421,4.661731243133545,0.0026237964630126953
