Model,R2,MAE,RMSE,MAPE_percent,n_train,n_test,fit_time_sec,predict_time_sec
rf,0.9689045351623271,0.005461987239883537,0.0003076892535335168,7.102280676538078,8145,2036,51.601107358932495,0.43692541122436523
