Model,R2,MAE,RMSE,MAPE_percent,n_train,n_test,fit_time_sec,predict_time_sec
rf,0.9949644507514822,0.0005091668576748861,5.1019798840446e-07,4.130280815586983,8145,2036,52.378478050231934,0.37820959091186523
