Model,R2,MAE,RMSE,MAPE_percent,n_train,n_test,fit_time_sec,predict_time_sec
cat,0.9723107363058782,0.04714333629615108,0.005159214916824097,4.279605320110156,6208,1552,3.468606472015381,0.002306699752807617
