Model,R2,MAE,RMSE,MAPE_percent,n_train,n_test,fit_time_sec,predict_time_sec
cat,0.6865289134797261,0.5520775237284195,0.6479405747553582,22.761539601806017,3962,3963,4.17627739906311,0.004906892776489258
