Model,R2,MAE,RMSE,MAPE_percent,n_train,n_test,fit_time_sec,predict_time_sec
gbm,0.9877592331824984,0.0010826575576150116,5.208103867979031e-06,7.193044594721782,8145,2036,19.91751456260681,0.014710426330566406
