Model,R2,MAE,RMSE,MAPE_percent,n_train,n_test,fit_time_sec,predict_time_sec
cat,0.2731827789030328,0.15296443541966823,0.11789933140244625,56.232877916318,6340,1585,4.4438512325286865,0.00287628173828125
