Model,R2,MAE,RMSE,MAPE_percent,n_train,n_test,fit_time_sec,predict_time_sec
rf,0.5310355459276026,0.4497855882468859,0.5154319842723349,30.813973071005513,6213,1553,38.85387349128723,0.285844087600708
