Model,R2,MAE,RMSE,MAPE_percent,n_train,n_test,fit_time_sec,predict_time_sec
rf,0.9954896123687555,0.000593787506442606,7.117059104018204e-07,3.7762007283164687,8145,2036,52.612492084503174,0.4271841049194336
