Model,R2,MAE,RMSE,MAPE_percent,n_train,n_test,fit_time_sec,predict_time_sec
cat,0.9375690003506145,0.19100216499470304,0.11775900207966274,7.730596368784759,9053,2263,4.087966680526733,0.003071308135986328
