Model,R2,MAE,RMSE,MAPE_percent,n_train,n_test,fit_time_sec,predict_time_sec
cat,0.9975888936215079,0.0056303528428508585,6.304452910429347e-05,2.779354380418472,8145,2036,3.6106977462768555,0.0026924610137939453
