Model,R2,MAE,RMSE,MAPE_percent,n_train,n_test,fit_time_sec,predict_time_sec
cat,0.9523201936348229,0.012036149646677697,0.0028491635133374555,4.092094644211358,5044,2716,3.442300796508789,0.0034384727478027344
