Model,R2,MAE,RMSE,MAPE_percent,n_train,n_test,fit_time_sec,predict_time_sec
rf,0.868130381920573,0.006104727268776631,0.011203098168954054,1.7872932890014008,8145,2036,54.21455717086792,0.43373990058898926
