Model,R2,MAE,RMSE,MAPE_percent,n_train,n_test,fit_time_sec,predict_time_sec
rf,0.9662980363337458,0.004406675272876796,0.0002533178568427364,7.222267258435688,8145,2036,51.52248001098633,0.38765788078308105
