Model,R2,MAE,RMSE,MAPE_percent,n_train,n_test,fit_time_sec,predict_time_sec
rf,0.9611349378535547,0.1737960439527537,0.07150098598148391,7.107732637921527,9053,2263,55.467496395111084,0.4046351909637451
