Model,R2,MAE,RMSE,MAPE_percent,n_train,n_test,fit_time_sec,predict_time_sec
cat,0.994065991354866,0.008012170016368671,0.0001244445230468841,4.477835366051559,8145,2036,3.5580053329467773,0.0026264190673828125
