Model,R2,MAE,RMSE,MAPE_percent,n_train,n_test,fit_time_sec,predict_time_sec
cat,0.9541374123805294,0.023869068892421918,0.003426114737290706,353406592.09469825,1132,10184,4.339160442352295,0.00980377197265625
