Model,R2,MAE,RMSE,MAPE_percent,n_train,n_test,fit_time_sec,predict_time_sec
cat,0.334390523765831,0.32271429777645616,0.36814955519073267,32.73467168483922,5612,1403,3.2442638874053955,0.002409696578979492
