Model,R2,MAE,RMSE,MAPE_percent,n_train,n_test,fit_time_sec,predict_time_sec
cat,0.16333811372651952,0.2670957073965314,0.2795120549064501,42.96371907376685,6615,2205,4.484699964523315,0.003706693649291992
