Model,R2,MAE,RMSE,MAPE_percent,n_train,n_test,fit_time_sec,predict_time_sec
rf,0.9571111792667943,0.09733187694909748,0.026680944590699984,4.764902990073861,6206,1552,35.79232096672058,0.28284645080566406
