Model,R2,MAE,RMSE,MAPE_percent,n_train,n_test,fit_time_sec,predict_time_sec
gbm,0.9882669688547165,0.00449215004051048,3.580721536196938e-05,7.183014662621064,8145,2036,20.097458600997925,0.014887332916259766
