Model,R2,MAE,RMSE,MAPE_percent,n_train,n_test,fit_time_sec,predict_time_sec
gbm,0.9562990995021508,0.19666177799419748,0.0827064122385251,7.887562496977536,9053,2263,22.620359420776367,0.01816701889038086
