Model,R2,MAE,RMSE,MAPE_percent,n_train,n_test,fit_time_sec,predict_time_sec
cat,0.9645519947033304,0.1276684069503112,0.04504836037044262,5.632210362061409,6208,1552,3.4767422676086426,0.002401590347290039
