Model,R2,MAE,RMSE,MAPE_percent,n_train,n_test,fit_time_sec,predict_time_sec
cat,0.9204557942380656,0.007630645584220485,0.0007390137059633633,12.42965801291648,3054,7127,4.06494402885437,0.007197856903076172
