Model,R2,MAE,RMSE,MAPE_percent,n_train,n_test,fit_time_sec,predict_time_sec
rf,0.9984734194306115,0.0002559782965489819,1.7237367316350302e-07,2.072712997561793,8145,2036,51.43578743934631,0.4157273769378662
