Model,R2,MAE,RMSE,MAPE_percent,n_train,n_test,fit_time_sec,predict_time_sec
cat,0.894834322107074,0.10520368648833668,0.039316904287313444,8.711857058890041,6208,1552,3.5714271068573,0.0023584365844726562
