Model,R2,MAE,RMSE,MAPE_percent,n_train,n_test,fit_time_sec,predict_time_sec
cat,0.995063275415057,0.005590895117955065,5.744023438015415e-05,2.260549149111184,6208,1552,3.76072096824646,0.0024199485778808594
