Model,R2,MAE,RMSE,MAPE_percent,n_train,n_test,fit_time_sec,predict_time_sec
cat,0.9951485094078313,0.0028362047147656093,1.4812711109084526e-05,4.263979230402539,8145,2036,3.7013330459594727,0.002895832061767578
