Model,R2,MAE,RMSE,MAPE_percent,n_train,n_test,fit_time_sec,predict_time_sec
gbm,0.9561395728878211,0.0010477510720319592,1.6588519958078903e-05,7.5691459222503505,3054,7127,7.228392601013184,0.045473337173461914
