Model,R2,MAE,RMSE,MAPE_percent,n_train,n_test,fit_time_sec,predict_time_sec
cat,0.9540711596238343,0.1808643078152208,0.06354002622758381,5.812408566995083,4755,3170,4.642871141433716,0.004335165023803711
