Model,R2,MAE,RMSE,MAPE_percent,n_train,n_test,fit_time_sec,predict_time_sec
cat,0.9128787582634226,0.0014680270337317223,3.252896766344254e-05,12.404838763004754,3563,6618,4.349709510803223,0.00736689567565918
