Model,R2,MAE,RMSE,MAPE_percent,n_train,n_test,fit_time_sec,predict_time_sec
gbm,0.9790996140421634,0.020181101125355774,0.0012785501655278833,3.5857082448762387,3491,4267,8.601744890213013,0.026853561401367188
