Model,R2,MAE,RMSE,MAPE_percent,n_train,n_test,fit_time_sec,predict_time_sec
rf,0.9075693328187138,0.0010319919056125603,3.6285841243172733e-05,7.339282360314192,5090,5091,29.836920022964478,0.6013035774230957
