Model,R2,MAE,RMSE,MAPE_percent,n_train,n_test,fit_time_sec,predict_time_sec
rf,0.9941341141474024,0.005125079558958414,7.345302021226955e-05,1.852817110015409,6208,1552,37.53440546989441,0.27996826171875
