Model,R2,MAE,RMSE,MAPE_percent,n_train,n_test,fit_time_sec,predict_time_sec
cat,0.9849140880158663,0.009644036566533329,0.0002560532833218736,4.0907299901243315,1940,5820,3.35174298286438,0.006621599197387695
