Model,R2,MAE,RMSE,MAPE_percent,n_train,n_test,fit_time_sec,predict_time_sec
gbm,0.9501259068575212,0.25752338323350443,0.13147218266105395,6.7991052106860685,6206,1552,15.424946546554565,0.012475728988647461
