Model,R2,MAE,RMSE,MAPE_percent,n_train,n_test,fit_time_sec,predict_time_sec
rf,0.9501027156193511,0.24690376790478558,0.12769344071604397,6.184717186683221,6206,1552,37.70019245147705,0.27861452102661133
