Model,R2,MAE,RMSE,MAPE_percent,n_train,n_test,fit_time_sec,predict_time_sec
cat,0.46746535373015996,0.001294851094535908,0.00012635610680198123,8.591757454084222,8151,2038,3.6246161460876465,0.002588510513305664
