Model,R2,MAE,RMSE,MAPE_percent,n_train,n_test,fit_time_sec,predict_time_sec
gbm,0.9627732986385135,0.006608733383125476,0.0033268606146462485,1.941140683965719,8145,2036,20.46345043182373,0.01476144790649414
