Model,R2,MAE,RMSE,MAPE_percent,n_train,n_test,fit_time_sec,predict_time_sec
cat,0.968100494937232,0.16764286122015293,0.07490035639321058,762579469.8337514,9053,2263,3.668231725692749,0.0030875205993652344
