Model,R2,MAE,RMSE,MAPE_percent,n_train,n_test,fit_time_sec,predict_time_sec
rf,0.9783900673637655,0.004337323765803472,0.00015364216016981397,7.339146759176041,8145,2036,79.37970542907715,0.4072115421295166
