Model,R2,MAE,RMSE,MAPE_percent,n_train,n_test,fit_time_sec,predict_time_sec
cat,0.9952266721557091,0.0024274810378720328,1.1847929648618708e-05,4.128150433243434,8145,2036,3.781327247619629,0.002772092819213867
