Model,R2,MAE,RMSE,MAPE_percent,n_train,n_test,fit_time_sec,predict_time_sec
rf,0.9745007350691884,0.017108181652771684,0.0006264569675830682,9.455784900028203,8145,2036,52.6447217464447,0.4005765914916992
