Model,R2,MAE,RMSE,MAPE_percent,n_train,n_test,fit_time_sec,predict_time_sec
cat,0.9465445822215793,0.018046169071153573,0.00337329971352874,5.100089432671555,1585,6340,3.9855804443359375,0.006300926208496094
