Model,R2,MAE,RMSE,MAPE_percent,n_train,n_test,fit_time_sec,predict_time_sec
rf,0.9764959385544056,0.05404080358486433,0.007439151037309442,3.690110362234507,6340,1585,36.57675075531006,0.28493452072143555
