Model,R2,MAE,RMSE,MAPE_percent,n_train,n_test,fit_time_sec,predict_time_sec
cat,0.965946488876025,0.17839347347404533,0.07858102525112648,4231829900.6594343,9053,2263,7.207783222198486,0.014417409896850586
