Model,R2,MAE,RMSE,MAPE_percent,n_train,n_test,fit_time_sec,predict_time_sec
cat,0.9402172622326596,0.001495929256618384,2.2733533148049767e-05,10.385917364559372,509,9672,3.002058744430542,0.009092569351196289
