Model,R2,MAE,RMSE,MAPE_percent,n_train,n_test,fit_time_sec,predict_time_sec
gbm,0.9573867614484435,0.0009694321189106233,1.366939047149218e-05,8.01742491415948,2545,7636,6.009335279464722,0.04834890365600586
