Model,R2,MAE,RMSE,MAPE_percent,n_train,n_test,fit_time_sec,predict_time_sec
cat,0.9814479529226355,0.013164990631443467,0.0014908459486562774,3.149274574542537,6208,1552,3.3730571269989014,0.002309083938598633
