Model,R2,MAE,RMSE,MAPE_percent,n_train,n_test,fit_time_sec,predict_time_sec
cat,0.9606978167567655,0.17960028840682432,0.07961213805397185,6.335595569208512,4359,3566,4.657806158065796,0.0048711299896240234
