Model,R2,MAE,RMSE,MAPE_percent,n_train,n_test,fit_time_sec,predict_time_sec
cat,0.902100886424597,0.017242702348876673,0.0057783181708833085,5.783562627700172,776,6984,2.700176477432251,0.006290912628173828
