Model,R2,MAE,RMSE,MAPE_percent,n_train,n_test,fit_time_sec,predict_time_sec
gbm,0.9837240281183075,0.0008469348027147202,1.2731967532239338e-06,7.128493189365334,6109,4072,14.623998641967773,0.024606943130493164
