Model,R2,MAE,RMSE,MAPE_percent,n_train,n_test,fit_time_sec,predict_time_sec
cat,0.9540877505605817,0.20107473916963864,0.09201150052737375,7.398672467867684,1585,6340,4.104757785797119,0.0068683624267578125
