Model,R2,MAE,RMSE,MAPE_percent,n_train,n_test,fit_time_sec,predict_time_sec
cat,0.8601954553668016,0.027108759103224047,0.015814374901134583,6.956040629853735,792,7133,3.7982017993927,0.007178544998168945
