Model,R2,MAE,RMSE,MAPE_percent,n_train,n_test,fit_time_sec,predict_time_sec
rf,0.998119515345131,0.000310480426905668,2.83575628487316e-07,1.9822832551470264,8145,2036,52.01752519607544,0.40242934226989746
