Model,R2,MAE,RMSE,MAPE_percent,n_train,n_test,fit_time_sec,predict_time_sec
cat,0.9616244151540692,0.08026381272432487,0.01544469659840433,126340029.51072182,3961,7355,4.100735187530518,0.008073091506958008
