Model,R2,MAE,RMSE,MAPE_percent,n_train,n_test,fit_time_sec,predict_time_sec
rf,0.9872312872530092,0.0041649602115658695,3.3894239384637056e-05,6.858692102718727,8145,2036,52.42463660240173,0.3914341926574707
