Model,R2,MAE,RMSE,MAPE_percent,n_train,n_test,fit_time_sec,predict_time_sec
cat,0.902587220204484,0.02167440015962995,0.010198781214434679,5.019281212511209,1585,6340,4.155474662780762,0.006943225860595703
