Model,R2,MAE,RMSE,MAPE_percent,n_train,n_test,fit_time_sec,predict_time_sec
cat,0.8922453907618948,0.0011091296108494528,4.641489064650664e-05,7.198456115270642,5600,4581,3.3640799522399902,0.0051116943359375
