Model,R2,MAE,RMSE,MAPE_percent,n_train,n_test,fit_time_sec,predict_time_sec
gbm,0.995828798805911,0.0005403180302080897,5.397879732066733e-07,3.9148511458470687,8145,2036,20.624891996383667,0.014060497283935547
