Model,R2,MAE,RMSE,MAPE_percent,n_train,n_test,fit_time_sec,predict_time_sec
rf,0.9954315681804318,0.0005509915726610767,5.807658436118013e-07,3.885845252078747,8151,2038,55.19779706001282,0.39719414710998535
