Model,R2,MAE,RMSE,MAPE_percent,n_train,n_test,fit_time_sec,predict_time_sec
rf,0.9662061404814998,0.021681706649993096,0.0030200758094914137,11.145943126092012,8145,2036,52.81462359428406,0.41086602210998535
