Model,R2,MAE,RMSE,MAPE_percent,n_train,n_test,fit_time_sec,predict_time_sec
cat,0.494780627789843,0.2863859762506992,0.17494681915773755,32.27147494223767,6208,1552,4.600950002670288,0.002955913543701172
