Model,R2,MAE,RMSE,MAPE_percent,n_train,n_test,fit_time_sec,predict_time_sec
gbm,0.9956130821122302,0.007969158659241,0.00012122306160565381,3.829970269581239,8145,2036,20.236379623413086,0.014156818389892578
