Model,R2,MAE,RMSE,MAPE_percent,n_train,n_test,fit_time_sec,predict_time_sec
rf,0.9918589158093796,0.003035583512948671,0.00013190063888640654,4.12245379296758,8151,2038,55.54738998413086,0.3922309875488281
