Model,R2,MAE,RMSE,MAPE_percent,n_train,n_test,fit_time_sec,predict_time_sec
rf,0.9682275011647212,0.007762205017117005,0.004619760790754771,2.912264560111906,8151,2038,55.373319149017334,0.3962717056274414
