Model,R2,MAE,RMSE,MAPE_percent,n_train,n_test,fit_time_sec,predict_time_sec
rf,0.9438839227646387,0.2682404609642025,0.17654024597326654,7.104802040306926,6206,1552,37.52700710296631,0.2876145839691162
