Model,R2,MAE,RMSE,MAPE_percent,n_train,n_test,fit_time_sec,predict_time_sec
rf,0.9415318906164838,0.26552912662237055,0.16312804444322562,6.831314219303739,6206,1552,36.71256613731384,0.2826347351074219
