Model,R2,MAE,RMSE,MAPE_percent,n_train,n_test,fit_time_sec,predict_time_sec
rf,0.8985020810526023,0.27944977223843276,0.15404468933152,10.705221159815807,6208,1552,37.45799779891968,0.3284590244293213
