Model,R2,MAE,RMSE,MAPE_percent,n_train,n_test,fit_time_sec,predict_time_sec
rf,0.9440968881575316,0.0012096109174007678,2.5210172997582064e-05,7.423832026725728,2545,7636,13.774007320404053,0.6758468151092529
