Model,R2,MAE,RMSE,MAPE_percent,n_train,n_test,fit_time_sec,predict_time_sec
cat,0.9849928825245748,0.01757758704863392,0.0008583183795905124,9.529266173583787,1018,9163,3.7334539890289307,0.009688138961791992
