Model,R2,MAE,RMSE,MAPE_percent,n_train,n_test,fit_time_sec,predict_time_sec
rf,0.9762375487327295,0.0017550545822005836,0.00020875659683934825,1.804405288382794,8145,2036,51.93274259567261,0.4120018482208252
