Model,R2,MAE,RMSE,MAPE_percent,n_train,n_test,fit_time_sec,predict_time_sec
gbm,0.9351984974660073,0.01658431170108175,0.005968381675403409,88608470.3758784,9053,2263,40.48127198219299,0.030128955841064453
