Model,R2,MAE,RMSE,MAPE_percent,n_train,n_test,fit_time_sec,predict_time_sec
rf,0.9440514681647039,0.11248361115689486,0.03720461494729023,5.53916541325049,6206,1552,35.79584860801697,0.2829766273498535
