Model,R2,MAE,RMSE,MAPE_percent,n_train,n_test,fit_time_sec,predict_time_sec
rf,0.989790940882001,0.012974797706653317,0.00031273326265457695,6.898027088842168,8145,2036,51.24026656150818,0.3939650058746338
