Model,R2,MAE,RMSE,MAPE_percent,n_train,n_test,fit_time_sec,predict_time_sec
gbm,0.7523636892828509,0.07609947917688095,0.025032074558849517,15.558636107973381,6206,1552,14.78473949432373,0.012058019638061523
