Model,R2,MAE,RMSE,MAPE_percent,n_train,n_test,fit_time_sec,predict_time_sec
cat,0.7647169368223392,0.08760155339663998,0.1298287912887082,5.561576085037523,4910,2105,4.776569843292236,0.003197193145751953
