Model,R2,MAE,RMSE,MAPE_percent,n_train,n_test,fit_time_sec,predict_time_sec
cat,0.992855833097589,0.00997446931067978,0.00019299643209319146,4.980206634954102,8151,2038,3.7132742404937744,0.002663135528564453
