Model,R2,MAE,RMSE,MAPE_percent,n_train,n_test,fit_time_sec,predict_time_sec
cat,0.5748173492991118,0.05869455228911646,0.2583673927764037,6.10485517846307,1764,7056,4.6639204025268555,0.007200956344604492
