Model,R2,MAE,RMSE,MAPE_percent,n_train,n_test,fit_time_sec,predict_time_sec
gbm,0.9743770538648588,0.0005994728966157345,1.040001665732874e-05,3.3120324649235595,8145,2036,35.19939661026001,0.027057886123657227
