Model,R2,MAE,RMSE,MAPE_percent,n_train,n_test,fit_time_sec,predict_time_sec
cat,0.9947817736455736,0.0006010877796056021,7.527923572032853e-07,3.838208583959917,8145,2036,5.111605644226074,0.003086566925048828
