Model,R2,MAE,RMSE,MAPE_percent,n_train,n_test,fit_time_sec,predict_time_sec
cat,0.9624491586691599,0.13107382918061908,0.03646848049202498,5.402177184987484,6208,1552,4.427033185958862,0.0026640892028808594
