Model,R2,MAE,RMSE,MAPE_percent,n_train,n_test,fit_time_sec,predict_time_sec
gbm,0.4784983006798985,0.47728592227783173,0.5031545553709484,33.30931749876702,6213,1553,13.809552669525146,0.011859416961669922
