Model,R2,MAE,RMSE,MAPE_percent,n_train,n_test,fit_time_sec,predict_time_sec
cat,0.959070304380864,0.18455376838658194,0.08218859858675824,6.25705102449005,5548,2377,5.401531219482422,0.0043866634368896484
