Model,R2,MAE,RMSE,MAPE_percent,n_train,n_test,fit_time_sec,predict_time_sec
rf,0.9685265668281944,0.06126276805478801,0.017064587555335145,3.865145025808534,6340,1585,36.88039994239807,0.28841590881347656
