Model,R2,MAE,RMSE,MAPE_percent,n_train,n_test,fit_time_sec,predict_time_sec
rf,0.967147636348062,0.007837370532022074,0.002944430225590683,2.998147788445275,8151,2038,55.45492768287659,0.42174220085144043
