Model,R2,MAE,RMSE,MAPE_percent,n_train,n_test,fit_time_sec,predict_time_sec
gbm,0.9894502314059582,0.016002535392689077,0.0010345544655648623,7.017059289865927,8145,2036,19.903045654296875,0.014770746231079102
