Model,R2,MAE,RMSE,MAPE_percent,n_train,n_test,fit_time_sec,predict_time_sec
gbm,0.9968644822777638,0.0006795864565305161,1.1404952233277478e-06,4.36602596513458,8145,2036,20.562193870544434,0.014421701431274414
