Model,R2,MAE,RMSE,MAPE_percent,n_train,n_test,fit_time_sec,predict_time_sec
rf,0.9601675017513995,0.12857077969528877,0.04915344269419565,5.2029446643023665,6208,1552,44.13577914237976,0.521693229675293
