Model,R2,MAE,RMSE,MAPE_percent,n_train,n_test,fit_time_sec,predict_time_sec
gbm,0.9975439126760578,0.00040384102490607747,3.026583101909037e-07,2.8374457920554756,8145,2036,20.40080714225769,0.013771295547485352
