Model,R2,MAE,RMSE,MAPE_percent,n_train,n_test,fit_time_sec,predict_time_sec
cat,0.34562664312383773,0.32444075328390704,0.3306212517558173,32.66451874501755,5612,1403,4.586766242980957,0.002886056900024414
