Model,R2,MAE,RMSE,MAPE_percent,n_train,n_test,fit_time_sec,predict_time_sec
cat,0.16340909688964178,0.1656940324903793,0.09699934469955417,1800856483.5270827,1132,10184,3.9665563106536865,0.010086297988891602
