Model,R2,MAE,RMSE,MAPE_percent,n_train,n_test,fit_time_sec,predict_time_sec
rf,0.9768772317078109,0.002882051409660781,0.00022879951634723877,3.1224965923167836,8145,2036,52.36358189582825,0.4165205955505371
