Model,R2,MAE,RMSE,MAPE_percent,n_train,n_test,fit_time_sec,predict_time_sec
gbm,0.9963641588531309,0.007511735512808265,0.00012923524233852601,3.0191190379141397,8145,2036,20.442846536636353,0.013681650161743164
