Model,R2,MAE,RMSE,MAPE_percent,n_train,n_test,fit_time_sec,predict_time_sec
cat,0.9644738090479326,0.18328395425919775,0.07525286614634419,7.862775918988421,9053,2263,3.720738172531128,0.003015279769897461
