Model,R2,MAE,RMSE,MAPE_percent,n_train,n_test,fit_time_sec,predict_time_sec
cat,0.9963213992514087,0.007129093468503665,0.00010291590062602055,3.469572058945256,8145,2036,3.7805871963500977,0.0027878284454345703
