Model,R2,MAE,RMSE,MAPE_percent,n_train,n_test,fit_time_sec,predict_time_sec
cat,0.9935914521336051,0.006335684797074765,0.0003193024110165028,2.079106938737536,6208,1552,3.4152638912200928,0.0022423267364501953
