Model,R2,MAE,RMSE,MAPE_percent,n_train,n_test,fit_time_sec,predict_time_sec
cat,0.4796457169558265,0.06117265608281435,0.3298160529534757,5.75101869326068,1323,7497,4.165484189987183,0.009123563766479492
