Model,R2,MAE,RMSE,MAPE_percent,n_train,n_test,fit_time_sec,predict_time_sec
rf,0.9469601333158361,0.029257667284342617,0.011294114145047903,3.366899927270206,6206,1552,58.96852207183838,0.5515575408935547
