Model,R2,MAE,RMSE,MAPE_percent,n_train,n_test,fit_time_sec,predict_time_sec
gbm,0.7439590302133452,0.1510868534669756,0.05243619020548827,15.565954308444258,6208,1552,14.941645383834839,0.012129783630371094
