Model,R2,MAE,RMSE,MAPE_percent,n_train,n_test,fit_time_sec,predict_time_sec
cat,0.95647642038337,0.08178478857310538,0.026462618368936222,5.459908714812121,3962,3963,4.617724657058716,0.0055119991302490234
