Model,R2,MAE,RMSE,MAPE_percent,n_train,n_test,fit_time_sec,predict_time_sec
rf,0.3075397667893951,0.0012242503456167883,0.0004077485532264344,2.7906338055101747,8151,2038,55.72571420669556,0.387176513671875
