Model,R2,MAE,RMSE,MAPE_percent,n_train,n_test,fit_time_sec,predict_time_sec
cat,0.9761550253008738,0.015426577417259741,0.0017847686191811603,4.134451730012385,9053,2263,3.8448448181152344,0.003009319305419922
