Model,R2,MAE,RMSE,MAPE_percent,n_train,n_test,fit_time_sec,predict_time_sec
gbm,0.9967191688651854,0.0023700417266770647,1.2672490578261735e-05,2.966761079790561,8145,2036,20.511693954467773,0.01342153549194336
