Model,R2,MAE,RMSE,MAPE_percent,n_train,n_test,fit_time_sec,predict_time_sec
rf,0.4686425977314692,0.553973932201402,1.1172267921703822,25.991194009280637,6214,1554,38.090660095214844,0.2896296977996826
