Model,R2,MAE,RMSE,MAPE_percent,n_train,n_test,fit_time_sec,predict_time_sec
cat,0.9939083552906463,0.00206141369740301,4.646843710489538e-05,2.7456922285105256,8145,2036,3.8643639087677,0.0045986175537109375
