Model,R2,MAE,RMSE,MAPE_percent,n_train,n_test,fit_time_sec,predict_time_sec
cat,0.9469306004040714,0.19235091974891327,0.10765940629202778,6.6299157643770315,3170,4755,4.326556921005249,0.00558161735534668
