Model,R2,MAE,RMSE,MAPE_percent,n_train,n_test,fit_time_sec,predict_time_sec
gbm,0.36342752387272204,0.002251574972586,0.00022612511293492384,15.020143974302236,8151,2038,18.388476848602295,0.014557838439941406
