Model,R2,MAE,RMSE,MAPE_percent,n_train,n_test,fit_time_sec,predict_time_sec
gbm,0.8633827177793412,0.0010898315514890268,1.4759642970413486e-05,7.955260901606788,8151,2038,20.095388650894165,0.013425111770629883
