Model,R2,MAE,RMSE,MAPE_percent,n_train,n_test,fit_time_sec,predict_time_sec
gbm,0.9883082172203573,0.013555808749577269,0.0003394703294249894,6.720292629800008,8145,2036,19.742370128631592,0.017485380172729492
