Model,R2,MAE,RMSE,MAPE_percent,n_train,n_test,fit_time_sec,predict_time_sec
rf,0.9577819128557828,0.18493783184931448,0.09359693968138577,6.070878645577214,6340,1585,37.19097709655762,0.2998809814453125
