Model,R2,MAE,RMSE,MAPE_percent,n_train,n_test,fit_time_sec,predict_time_sec
gbm,0.9215171655507728,0.13711641724293316,0.0790886106311881,6.695285396956916,6206,1552,15.507199764251709,0.012622594833374023
