Model,R2,MAE,RMSE,MAPE_percent,n_train,n_test,fit_time_sec,predict_time_sec
cat,0.9783951335240904,0.061961091131168704,0.013916675934439045,3.9868118062613354,6340,1585,4.730853080749512,0.0027551651000976562
