Model,R2,MAE,RMSE,MAPE_percent,n_train,n_test,fit_time_sec,predict_time_sec
cat,0.4330757864768665,0.3172196557956977,0.25307467553136354,31.271053848556736,5684,1421,4.573808193206787,0.0030164718627929688
