Model,R2,MAE,RMSE,MAPE_percent,n_train,n_test,fit_time_sec,predict_time_sec
gbm,0.955102995343345,0.24880541458549438,0.14490670341850834,6.785402723102179,6206,1552,19.901565074920654,0.013571500778198242
