Model,R2,MAE,RMSE,MAPE_percent,n_train,n_test,fit_time_sec,predict_time_sec
gbm,0.9789617190783131,0.01100400930398299,0.002063101885251939,4.151035872850246,8145,2036,20.366716861724854,0.014896869659423828
