Model,R2,MAE,RMSE,MAPE_percent,n_train,n_test,fit_time_sec,predict_time_sec
gbm,0.9973890287497394,0.00041799022493407763,3.3639254007591423e-07,2.9071248181400153,8145,2036,20.34749722480774,0.014777898788452148
