Model,R2,MAE,RMSE,MAPE_percent,n_train,n_test,fit_time_sec,predict_time_sec
cat,0.9215067369704241,0.006617171348673046,0.0006549144675588447,9.698516764539319,509,9672,3.918386459350586,0.0102386474609375
