Model,R2,MAE,RMSE,MAPE_percent,n_train,n_test,fit_time_sec,predict_time_sec
rf,0.9785525553872604,0.003015894399564941,0.0001784258464479704,3.9349923775237654,8145,2036,50.59401869773865,0.3791022300720215
