Model,R2,MAE,RMSE,MAPE_percent,n_train,n_test,fit_time_sec,predict_time_sec
gbm,0.9616550842066419,0.1794891422847527,0.0661338509938419,7.37107725125177,9053,2263,22.771363735198975,0.017589092254638672
