Model,R2,MAE,RMSE,MAPE_percent,n_train,n_test,fit_time_sec,predict_time_sec
rf,0.9741041366446741,0.036666098055376926,0.004506769041900206,3.214839926824351,6208,1552,35.81565499305725,0.28252291679382324
