Model,R2,MAE,RMSE,MAPE_percent,n_train,n_test,fit_time_sec,predict_time_sec
rf,0.9533676554429639,0.02820707361533635,0.01163881820571558,3.2937175852910805,6213,1553,36.859055042266846,0.28883838653564453
