Model,R2,MAE,RMSE,MAPE_percent,n_train,n_test,fit_time_sec,predict_time_sec
gbm,0.9769160923307599,0.014998569922357558,0.0011854255400105484,38725127.8992012,2263,9053,5.384280443191528,0.05343174934387207
