Model,R2,MAE,RMSE,MAPE_percent,n_train,n_test,fit_time_sec,predict_time_sec
cat,0.9562093920252674,0.12737778350695006,0.05791443170640285,5.576716836068699,6208,1552,4.464776039123535,0.0032668113708496094
