Model,R2,MAE,RMSE,MAPE_percent,n_train,n_test,fit_time_sec,predict_time_sec
gbm,0.9975443421719039,0.003037953960726195,2.248638071307959e-05,3.8754967248397776,8145,2036,20.49351453781128,0.014360666275024414
