Model,R2,MAE,RMSE,MAPE_percent,n_train,n_test,fit_time_sec,predict_time_sec
rf,0.98443655999143,0.012270779509582835,0.000612298795369516,3.3118662833587296,9053,2263,57.15408730506897,0.42096734046936035
