Model,R2,MAE,RMSE,MAPE_percent,n_train,n_test,fit_time_sec,predict_time_sec
gbm,0.9975443421719039,0.003037953960726195,2.248638071307959e-05,3.8754967248397776,8145,2036,24.904046535491943,0.014760494232177734
