Model,R2,MAE,RMSE,MAPE_percent,n_train,n_test,fit_time_sec,predict_time_sec
cat,0.9039336209522345,0.018136506556875976,0.00742104499167779,8.348160839892609,1018,9163,4.086285829544067,0.008805274963378906
