Model,R2,MAE,RMSE,MAPE_percent,n_train,n_test,fit_time_sec,predict_time_sec
gbm,0.9550776049534078,0.1499358195976719,0.059468631022252035,6.247059462764644,6208,1552,15.328819513320923,0.012743711471557617
