Model,R2,MAE,RMSE,MAPE_percent,n_train,n_test,fit_time_sec,predict_time_sec
rf,0.9881032798452694,0.0040775833540189505,3.197314324611044e-05,7.004492701940697,8145,2036,51.17721223831177,0.4009363651275635
