Model,R2,MAE,RMSE,MAPE_percent,n_train,n_test,fit_time_sec,predict_time_sec
cat,0.9893340007105771,0.0004935391468201808,3.8063862758217896e-06,3.0174901798611553,8145,2036,3.7399332523345947,0.002692699432373047
