Model,R2,MAE,RMSE,MAPE_percent,n_train,n_test,fit_time_sec,predict_time_sec
cat,0.385668440940817,0.3063496596075943,0.27218335840495556,32.30062209995662,5684,1421,3.084352731704712,0.0021915435791015625
