Model,R2,MAE,RMSE,MAPE_percent,n_train,n_test,fit_time_sec,predict_time_sec
gbm,0.9714094154535595,0.02653412686750154,0.005973558784244748,3.468368747686811,6206,1552,15.834999561309814,0.012226343154907227
