Model,R2,MAE,RMSE,MAPE_percent,n_train,n_test,fit_time_sec,predict_time_sec
cat,0.9898338949880555,0.0004887976074584008,3.0858083912496746e-06,3.4039841757002227,8145,2036,4.7884361743927,0.0034914016723632812
