Model,R2,MAE,RMSE,MAPE_percent,n_train,n_test,fit_time_sec,predict_time_sec
cat,0.994536033096987,0.011820927541493697,0.0003456332294867246,2.0936315723470638,6206,1552,3.579989194869995,0.002367734909057617
