Model,R2,MAE,RMSE,MAPE_percent,n_train,n_test,fit_time_sec,predict_time_sec
cat,0.9946991714823457,0.008122417510733306,0.00015731241483008708,4.199945885158693,8151,2038,3.67887806892395,0.002590656280517578
