Model,R2,MAE,RMSE,MAPE_percent,n_train,n_test,fit_time_sec,predict_time_sec
gbm,0.9487024623756999,0.2606548713037656,0.1655646546461179,7.112510349859619,6206,1552,15.734442472457886,0.013159513473510742
