Model,R2,MAE,RMSE,MAPE_percent,n_train,n_test,fit_time_sec,predict_time_sec
cat,0.9638356520790211,0.0424368294404117,0.008136460309809865,4.995204211148011,7062,1765,3.4865550994873047,0.0029757022857666016
