Model,R2,MAE,RMSE,MAPE_percent,n_train,n_test,fit_time_sec,predict_time_sec
gbm,0.9262168879377646,0.00794110263305028,0.007132066357937588,2.0128732305309,8145,2036,23.32200026512146,0.014498710632324219
