Model,R2,MAE,RMSE,MAPE_percent,n_train,n_test,fit_time_sec,predict_time_sec
cat,0.7348716580883216,0.0069686414453087615,0.00429557008209481,8.363916762558379,8151,2038,3.7114076614379883,0.0026979446411132812
