Model,R2,MAE,RMSE,MAPE_percent,n_train,n_test,fit_time_sec,predict_time_sec
cat,0.9190889931690001,0.0206647397006215,0.009377891956523002,4.253767848897088,5151,2774,4.7158777713775635,0.0038878917694091797
