Model,R2,MAE,RMSE,MAPE_percent,n_train,n_test,fit_time_sec,predict_time_sec
cat,0.9621074703299539,0.030424046702441285,0.009676238920312545,4.120438255450742,6206,1552,3.622652053833008,0.0028543472290039062
