Model,R2,MAE,RMSE,MAPE_percent,n_train,n_test,fit_time_sec,predict_time_sec
cat,0.11651097549966383,0.02900722646178443,0.057001102311025544,11.511973220749539,8151,2038,3.5555999279022217,0.002573728561401367
