Model,R2,MAE,RMSE,MAPE_percent,n_train,n_test,fit_time_sec,predict_time_sec
cat,0.7105665554622047,0.07086562798153762,0.17488980169949223,5.252475190028817,3552,3553,4.582796573638916,0.004697084426879883
