Model,R2,MAE,RMSE,MAPE_percent,n_train,n_test,fit_time_sec,predict_time_sec
gbm,0.9960524346395622,0.0005132303043225077,5.834144180787758e-07,3.169557950316479,8145,2036,20.38245987892151,0.013321876525878906
