Model,R2,MAE,RMSE,MAPE_percent,n_train,n_test,fit_time_sec,predict_time_sec
rf,0.9975819502634358,0.0033903951145716317,3.0913511907557475e-05,1.1977476240182376,6208,1552,37.06411409378052,0.280911922454834
