Model,R2,MAE,RMSE,MAPE_percent,n_train,n_test,fit_time_sec,predict_time_sec
cat,0.9891276846629684,0.011795431413309678,0.0002489427129595475,7.003513042791414,8145,2036,3.571917772293091,0.0027015209197998047
