Model,R2,MAE,RMSE,MAPE_percent,n_train,n_test,fit_time_sec,predict_time_sec
rf,0.9796922902365479,0.01704487154592536,0.0008196062215736331,3.0609146744878823,5818,1940,34.31784963607788,0.2929854393005371
