Model,R2,MAE,RMSE,MAPE_percent,n_train,n_test,fit_time_sec,predict_time_sec
cat,0.949172093554328,0.20441218832152216,0.09651891710407058,348234638.1282556,3395,7921,4.378552436828613,0.011076211929321289
