Model,R2,MAE,RMSE,MAPE_percent,n_train,n_test,fit_time_sec,predict_time_sec
gbm,0.9990864043789643,0.001184578607916681,2.8449282220884804e-06,1.6264813285022277,8145,2036,20.41463303565979,0.014005899429321289
