Model,R2,MAE,RMSE,MAPE_percent,n_train,n_test,fit_time_sec,predict_time_sec
cat,0.9219491708359548,0.001310614234145198,3.519794946970191e-05,7.612282142104481,2545,7636,3.2266268730163574,0.009249687194824219
