Model,R2,MAE,RMSE,MAPE_percent,n_train,n_test,fit_time_sec,predict_time_sec
cat,0.9815711306101893,0.004949339531398733,6.644298909990198e-05,7.48693218412506,8151,2038,3.804630756378174,0.002649545669555664
