Model,R2,MAE,RMSE,MAPE_percent,n_train,n_test,fit_time_sec,predict_time_sec
cat,0.8619755207578468,0.026208382798960966,0.014988678485727783,6.012534166574735,1189,6736,3.842414140701294,0.007075786590576172
