Model,R2,MAE,RMSE,MAPE_percent,n_train,n_test,fit_time_sec,predict_time_sec
cat,0.9571404521514002,0.2458584919827525,0.13332850989804315,6.611082568929673,6206,1552,4.72185754776001,0.002804994583129883
