Model,R2,MAE,RMSE,MAPE_percent,n_train,n_test,fit_time_sec,predict_time_sec
rf,0.996698825626982,0.0004975568813622935,5.497850499063037e-07,3.0786855039289933,8145,2036,52.236244440078735,0.3995025157928467
