Model,R2,MAE,RMSE,MAPE_percent,n_train,n_test,fit_time_sec,predict_time_sec
cat,0.9964956308312605,0.0023859411258241835,1.1491372714299657e-05,3.40653047570472,8145,2036,4.5770227909088135,0.0035779476165771484
