Model,R2,MAE,RMSE,MAPE_percent,n_train,n_test,fit_time_sec,predict_time_sec
rf,0.9890025644037328,0.017914988605723554,0.0007951614993670264,10.768870919911528,8145,2036,73.37122821807861,0.46660327911376953
