Model,R2,MAE,RMSE,MAPE_percent,n_train,n_test,fit_time_sec,predict_time_sec
rf,0.9983207591066547,0.0003190076270861913,2.0327816396471834e-07,2.2233387599581906,8145,2036,50.127593755722046,0.4002530574798584
