Model,R2,MAE,RMSE,MAPE_percent,n_train,n_test,fit_time_sec,predict_time_sec
cat,0.9632087252608998,0.12619261816536165,0.036876641192619276,5.4235698984323815,6208,1552,3.565554141998291,0.0023260116577148438
