Model,R2,MAE,RMSE,MAPE_percent,n_train,n_test,fit_time_sec,predict_time_sec
gbm,0.9655948611990237,0.04525968102689199,0.006133349640831979,4.084813947904586,6208,1552,15.682015657424927,0.011754989624023438
