Model,R2,MAE,RMSE,MAPE_percent,n_train,n_test,fit_time_sec,predict_time_sec
gbm,0.9795567842961912,0.006707011596628496,0.002004747299274972,2.088332789861042,8145,2036,25.0802001953125,0.015546798706054688
