Model,R2,MAE,RMSE,MAPE_percent,n_train,n_test,fit_time_sec,predict_time_sec
gbm,0.9245858779333622,0.14952831980417525,0.08435670917352912,7.039878656302166,6206,1552,15.512914180755615,0.012559652328491211
