Model,R2,MAE,RMSE,MAPE_percent,n_train,n_test,fit_time_sec,predict_time_sec
gbm,0.9643296723821022,0.17789466712366073,0.08184653565306152,901686168.6322993,9053,2263,24.49615740776062,0.01904773712158203
