Model,R2,MAE,RMSE,MAPE_percent,n_train,n_test,fit_time_sec,predict_time_sec
rf,0.5175192599935856,0.34760660109824726,0.3040679384492293,933721405.154348,9059,2265,59.92777109146118,0.4588809013366699
