Model,R2,MAE,RMSE,MAPE_percent,n_train,n_test,fit_time_sec,predict_time_sec
cat,0.48645393685965965,0.006231470011657075,0.0030104221287995583,8.30327010585616,8151,2038,3.7967185974121094,0.0027196407318115234
