Model,R2,MAE,RMSE,MAPE_percent,n_train,n_test,fit_time_sec,predict_time_sec
rf,0.7390531912351265,0.4979357471153125,0.599714262974203,8715718707.163307,9053,2263,56.498167514801025,0.4515817165374756
