Model,R2,MAE,RMSE,MAPE_percent,n_train,n_test,fit_time_sec,predict_time_sec
gbm,0.7569914295978923,0.6188153374960722,0.7645009221237266,20.111185024234484,6206,1552,13.781328916549683,0.011653423309326172
