Model,R2,MAE,RMSE,MAPE_percent,n_train,n_test,fit_time_sec,predict_time_sec
gbm,0.8729936493198541,0.09726573554475633,0.02609375822590488,8.419698592617273,6208,1552,15.650787115097046,0.011293172836303711
