Model,R2,MAE,RMSE,MAPE_percent,n_train,n_test,fit_time_sec,predict_time_sec
cat,0.8389997116811375,0.09743163833862015,0.07608526004269289,7.986506499849014,702,6313,3.6119940280914307,0.008682012557983398
