Model,R2,MAE,RMSE,MAPE_percent,n_train,n_test,fit_time_sec,predict_time_sec
cat,0.9079881387088125,0.10088415302841965,0.03138377529690458,8.598722443251578,6214,1554,3.642603635787964,0.0023283958435058594
