Model,R2,MAE,RMSE,MAPE_percent,n_train,n_test,fit_time_sec,predict_time_sec
gbm,0.9566257537436732,0.016510562642634643,0.006075213719109539,7.714561856847552,8151,2038,19.870033025741577,0.014760017395019531
