Model,R2,MAE,RMSE,MAPE_percent,n_train,n_test,fit_time_sec,predict_time_sec
cat,0.9489502555554631,0.19636143445576923,0.09507848280761898,8.046364174258636,9059,2265,3.5487942695617676,0.002909421920776367
