Model,R2,MAE,RMSE,MAPE_percent,n_train,n_test,fit_time_sec,predict_time_sec
cat,0.9955728490555291,0.006872658871860905,9.093271650952179e-05,3.873497225674094,8145,2036,4.605044603347778,0.0027933120727539062
