Model,R2,MAE,RMSE,MAPE_percent,n_train,n_test,fit_time_sec,predict_time_sec
gbm,0.9967143458805947,0.006262484340641086,8.387658452005076e-05,3.2974365331832947,8145,2036,20.263985872268677,0.013799190521240234
