Model,R2,MAE,RMSE,MAPE_percent,n_train,n_test,fit_time_sec,predict_time_sec
cat,0.92247218020419,0.02105553735138768,0.006106235383657585,12.311593314177816,3563,6618,4.6925225257873535,0.006893157958984375
