Model,R2,MAE,RMSE,MAPE_percent,n_train,n_test,fit_time_sec,predict_time_sec
cat,0.9963667174287162,0.002446824986972951,1.1250096735494942e-05,3.6036287933815614,8145,2036,4.6396324634552,0.0031554698944091797
