Model,R2,MAE,RMSE,MAPE_percent,n_train,n_test,fit_time_sec,predict_time_sec
gbm,0.9701076879831483,0.042382474984438936,0.005505305624078823,3.8770147535422095,6208,1552,15.46861481666565,0.011640071868896484
