Model,R2,MAE,RMSE,MAPE_percent,n_train,n_test,fit_time_sec,predict_time_sec
rf,0.9888813800185448,0.0008678349134524907,1.4441467334829654e-06,6.56526652848738,8145,2036,51.80364918708801,0.40796709060668945
