Model,R2,MAE,RMSE,MAPE_percent,n_train,n_test,fit_time_sec,predict_time_sec
cat,0.9641609591696033,0.12628096494629676,0.034628510602422766,5.2094851399184385,6208,1552,3.436875820159912,0.002544403076171875
