Model,R2,MAE,RMSE,MAPE_percent,n_train,n_test,fit_time_sec,predict_time_sec
rf,0.9117081962539045,0.011629162524145566,0.005185062909493663,3.06351467965242,6208,1552,43.898696184158325,0.3324704170227051
