Model,R2,MAE,RMSE,MAPE_percent,n_train,n_test,fit_time_sec,predict_time_sec
rf,0.9476749004363897,0.10321203276235312,0.032908271551002205,5.225144304183242,6206,1552,35.80105471611023,0.2802271842956543
