Model,R2,MAE,RMSE,MAPE_percent,n_train,n_test,fit_time_sec,predict_time_sec
rf,0.8652455263539003,0.12266056564504114,0.09994898201557717,5.801915384088225,6213,1553,36.1304452419281,0.2830343246459961
