Model,R2,MAE,RMSE,MAPE_percent,n_train,n_test,fit_time_sec,predict_time_sec
cat,0.970930112382783,0.04660233374788819,0.005111489108994255,4.323247646200305,6208,1552,3.612875461578369,0.0023698806762695312
