Model,R2,MAE,RMSE,MAPE_percent,n_train,n_test,fit_time_sec,predict_time_sec
rf,0.9724762141884294,0.0018578376489929666,0.00026192239784817546,1.6924762990104911,8145,2036,49.64189028739929,0.37723875045776367
