Model,R2,MAE,RMSE,MAPE_percent,n_train,n_test,fit_time_sec,predict_time_sec
cat,0.9499373725285849,0.1972799708286298,0.09162652132832727,94.05775271325332,4526,6790,4.743515491485596,0.009301424026489258
