Model,R2,MAE,RMSE,MAPE_percent,n_train,n_test,fit_time_sec,predict_time_sec
rf,0.9977008871548764,0.002750276151796103,1.732513226323956e-05,3.884322445918887,8145,2036,51.06766748428345,0.4089391231536865
