Model,R2,MAE,RMSE,MAPE_percent,n_train,n_test,fit_time_sec,predict_time_sec
cat,0.9963078024769435,0.00048061210522851503,4.549814871507381e-07,3.4351339498008824,8145,2036,3.7045774459838867,0.0026197433471679688
