Model,R2,MAE,RMSE,MAPE_percent,n_train,n_test,fit_time_sec,predict_time_sec
gbm,0.9831734620999196,0.016437980190679127,0.0011533407088924906,2.7046695338796884,6206,1552,15.935161352157593,0.012019872665405273
