Model,R2,MAE,RMSE,MAPE_percent,n_train,n_test,fit_time_sec,predict_time_sec
rf,0.8214992812542645,0.020742398167201137,0.010373684103814836,5.226568321769846,388,7372,1.8968334197998047,0.3950493335723877
