Model,R2,MAE,RMSE,MAPE_percent,n_train,n_test,fit_time_sec,predict_time_sec
rf,0.9882793228436534,0.011982997628256562,0.00027509598709815223,7.043276552165563,8145,2036,51.7004816532135,0.40554332733154297
