Model,R2,MAE,RMSE,MAPE_percent,n_train,n_test,fit_time_sec,predict_time_sec
rf,0.48675253265529195,0.016127685430536737,0.019102427696413682,7.240206446080139,8151,2038,55.388508558273315,0.39411187171936035
