Model,R2,MAE,RMSE,MAPE_percent,n_train,n_test,fit_time_sec,predict_time_sec
cat,0.9899850962410234,0.0019278189575653837,7.514451119701489e-05,2.7856623595441676,8145,2036,3.609997034072876,0.003146648406982422
