Model,R2,MAE,RMSE,MAPE_percent,n_train,n_test,fit_time_sec,predict_time_sec
cat,0.997910122985322,0.001538039569962933,6.010720455602405e-06,2.2816201112123977,8145,2036,3.470485210418701,0.0026006698608398438
