Model,R2,MAE,RMSE,MAPE_percent,n_train,n_test,fit_time_sec,predict_time_sec
cat,0.9979414361896087,0.0018533819180591238,1.551245749550413e-05,2.54239390288898,8145,2036,3.6892776489257812,0.0026650428771972656
