Model,R2,MAE,RMSE,MAPE_percent,n_train,n_test,fit_time_sec,predict_time_sec
rf,0.9885316106980814,0.000349564376248577,4.848040660050746e-06,2.0041743430079335,8151,2038,54.656554222106934,0.39447712898254395
