Model,R2,MAE,RMSE,MAPE_percent,n_train,n_test,fit_time_sec,predict_time_sec
gbm,0.8894563271305997,0.013284955872459559,0.007905081197098417,3.0956400374751536,4656,3104,11.524473190307617,0.021726131439208984
