Model,R2,MAE,RMSE,MAPE_percent,n_train,n_test,fit_time_sec,predict_time_sec
gbm,0.9972039268643454,0.007914865483603845,0.00023999948693658542,3.136171290617766,8145,2036,23.78904438018799,0.014719247817993164
