Model,R2,MAE,RMSE,MAPE_percent,n_train,n_test,fit_time_sec,predict_time_sec
rf,0.9693705388817814,0.015542879262941355,0.003194024736640041,1297032.7427197327,9053,2263,88.40837860107422,0.9490432739257812
