Model,R2,MAE,RMSE,MAPE_percent,n_train,n_test,fit_time_sec,predict_time_sec
gbm,0.9473174131049875,0.2652239091989899,0.14343874381463284,6.98269357457774,6213,1553,15.513230562210083,0.012384414672851562
