Model,R2,MAE,RMSE,MAPE_percent,n_train,n_test,fit_time_sec,predict_time_sec
rf,0.9877405647952507,0.0049882295117881234,4.902937109311092e-05,6.608560259017106,8145,2036,51.32509136199951,0.4107975959777832
