Model,R2,MAE,RMSE,MAPE_percent,n_train,n_test,fit_time_sec,predict_time_sec
gbm,0.9874447087038475,0.0107149804961162,0.0002603496584123845,3.0159337401918185,9053,2263,22.92329978942871,0.015444517135620117
