Model,R2,MAE,RMSE,MAPE_percent,n_train,n_test,fit_time_sec,predict_time_sec
rf,0.9881878776851104,0.009253189554889655,0.0005733773847022958,2.998066055355977,6208,1552,38.08931303024292,0.27746033668518066
