Model,R2,MAE,RMSE,MAPE_percent,n_train,n_test,fit_time_sec,predict_time_sec
rf,0.975611159044889,0.0069930890190892615,0.00010239610606273839,9.617901893033167,8145,2036,53.37528657913208,0.41132497787475586
