Model,R2,MAE,RMSE,MAPE_percent,n_train,n_test,fit_time_sec,predict_time_sec
gbm,0.989143334380561,0.012868118931598584,0.0002947710678742952,6.690097849221499,8145,2036,20.195335388183594,0.014937877655029297
