Model,R2,MAE,RMSE,MAPE_percent,n_train,n_test,fit_time_sec,predict_time_sec
cat,0.9631961956137975,0.1401420226790436,0.04833446481552572,6.113971093695718,6208,1552,7.543169260025024,0.012910842895507812
