Model,R2,MAE,RMSE,MAPE_percent,n_train,n_test,fit_time_sec,predict_time_sec
cat,0.8588338085214682,0.02927855396942241,0.014639403392173383,9.015149711680685,396,7529,3.5379323959350586,0.008226156234741211
