Model,R2,MAE,RMSE,MAPE_percent,n_train,n_test,fit_time_sec,predict_time_sec
rf,0.9538822327174414,0.06881387190514532,0.017607218692583505,5.027666702806079,5612,1403,35.376731634140015,0.2728128433227539
