Model,R2,MAE,RMSE,MAPE_percent,n_train,n_test,fit_time_sec,predict_time_sec
cat,0.9891809833363453,0.01450208078788023,0.000391697576351858,6.652134092199838,8145,2036,1.0346434116363525,0.0022211074829101562
