Model,R2,MAE,RMSE,MAPE_percent,n_train,n_test,fit_time_sec,predict_time_sec
gbm,0.9895448360371479,0.0009086109809922385,1.4811775432390237e-06,6.888681355016443,8145,2036,19.680238962173462,0.015184879302978516
