Model,R2,MAE,RMSE,MAPE_percent,n_train,n_test,fit_time_sec,predict_time_sec
rf,0.2456872300369667,0.0013250887380470242,0.0003569345241652784,5.72868489284685,8151,2038,54.319329023361206,0.3984639644622803
