Model,R2,MAE,RMSE,MAPE_percent,n_train,n_test,fit_time_sec,predict_time_sec
rf,0.9390626673421939,0.11508616369125008,0.03750362356771131,5.769808358572739,6206,1552,36.81319189071655,0.2814309597015381
