Model,R2,MAE,RMSE,MAPE_percent,n_train,n_test,fit_time_sec,predict_time_sec
rf,0.9567086556650775,0.07730554056144585,0.03080056540493117,4.6735449806752145,6340,1585,36.65316939353943,0.2895791530609131
