Model,R2,MAE,RMSE,MAPE_percent,n_train,n_test,fit_time_sec,predict_time_sec
cat,0.9629181428811999,0.18790105953272923,0.08816083612749001,2787961208.3926873,6790,4526,4.789311408996582,0.005343914031982422
