Model,R2,MAE,RMSE,MAPE_percent,n_train,n_test,fit_time_sec,predict_time_sec
cat,0.994595405720251,0.0005478101330429128,6.442319203696535e-07,4.392507769381905,8145,2036,3.4833831787109375,0.0026366710662841797
