Model,R2,MAE,RMSE,MAPE_percent,n_train,n_test,fit_time_sec,predict_time_sec
rf,0.9625308442215574,0.00737683919678425,0.0003707568493406965,11.649838629289725,8145,2036,50.40055298805237,0.41257619857788086
