Model,R2,MAE,RMSE,MAPE_percent,n_train,n_test,fit_time_sec,predict_time_sec
cat,0.9469825308253108,0.25676369698391455,0.13293295531385618,6.730845507468487,6206,1552,3.43537974357605,0.002331256866455078
