Model,R2,MAE,RMSE,MAPE_percent,n_train,n_test,fit_time_sec,predict_time_sec
cat,0.4261431821193571,0.20742840245853994,0.11575600011076083,53.73136130220559,6213,1553,3.564716100692749,0.002346038818359375
