Model,R2,MAE,RMSE,MAPE_percent,n_train,n_test,fit_time_sec,predict_time_sec
cat,0.9952712826052409,0.0005894340670296761,7.625990113972795e-07,3.8244175412772576,8145,2036,3.5353844165802,0.0025963783264160156
