Model,R2,MAE,RMSE,MAPE_percent,n_train,n_test,fit_time_sec,predict_time_sec
rf,0.9974639072710887,0.0005309225811930342,6.652167764589849e-07,4.223760772950995,8145,2036,54.89903998374939,0.4308650493621826
