Model,R2,MAE,RMSE,MAPE_percent,n_train,n_test,fit_time_sec,predict_time_sec
rf,0.9023241996225752,0.0784465582590921,0.049350565770585005,5.281500501878752,5612,1403,34.03965401649475,0.27559566497802734
