Model,R2,MAE,RMSE,MAPE_percent,n_train,n_test,fit_time_sec,predict_time_sec
rf,0.9967914264308584,0.009145176275545027,0.00027540624763092863,3.868469382591212,8145,2036,83.91962218284607,0.8105123043060303
