Model,R2,MAE,RMSE,MAPE_percent,n_train,n_test,fit_time_sec,predict_time_sec
cat,0.9647965569815219,0.17955844310022084,0.07804556661987283,6.191214804210381,6340,1585,4.944636344909668,0.0026679039001464844
