Model,R2,MAE,RMSE,MAPE_percent,n_train,n_test,fit_time_sec,predict_time_sec
gbm,0.9384026098059479,0.1250415354456267,0.042107199672664325,6.206347909087646,6213,1553,15.460482358932495,0.011955976486206055
