Model,R2,MAE,RMSE,MAPE_percent,n_train,n_test,fit_time_sec,predict_time_sec
rf,0.9880411911526437,0.002870270088673653,0.0001384009492441837,3.056271642199672,8145,2036,83.64990520477295,0.8096835613250732
