Model,R2,MAE,RMSE,MAPE_percent,n_train,n_test,fit_time_sec,predict_time_sec
cat,0.9875569835834862,0.004779829495963403,0.00010189268109536165,7.4353769657797635,7636,2545,5.004281759262085,0.0035741329193115234
