Model,R2,MAE,RMSE,MAPE_percent,n_train,n_test,fit_time_sec,predict_time_sec
cat,0.4824727966823382,0.31301251726130347,0.20068467724255387,33.5699324257054,5684,1421,4.527444839477539,0.0026051998138427734
