Model,R2,MAE,RMSE,MAPE_percent,n_train,n_test,fit_time_sec,predict_time_sec
cat,0.9595479576896555,0.1695556296001736,0.06098067873707571,5.64309800739054,6208,1552,3.5051865577697754,0.00244903564453125
