Model,R2,MAE,RMSE,MAPE_percent,n_train,n_test,fit_time_sec,predict_time_sec
cat,0.9629684198257518,0.18203649712195877,0.06770056289629554,7.532361533217749,9053,2263,3.8122549057006836,0.003049135208129883
