Model,R2,MAE,RMSE,MAPE_percent,n_train,n_test,fit_time_sec,predict_time_sec
cat,0.9883442000925454,0.007728873769467802,0.0008355513564020567,3.613112953364153,8145,2036,3.6023919582366943,0.002694845199584961
