Model,R2,MAE,RMSE,MAPE_percent,n_train,n_test,fit_time_sec,predict_time_sec
rf,0.9914914099069455,0.005470232737310151,0.000642762962327706,2.1588585625564773,8145,2036,50.25044822692871,0.38033509254455566
