Model,R2,MAE,RMSE,MAPE_percent,n_train,n_test,fit_time_sec,predict_time_sec
gbm,0.8063501238689587,0.206966419804848,0.48197864639418464,8.024923722954076,9059,2265,22.851016521453857,0.017786502838134766
