Model,R2,MAE,RMSE,MAPE_percent,n_train,n_test,fit_time_sec,predict_time_sec
gbm,0.9594031720818098,0.1388867558180929,0.038847659787864704,5.859640719884018,6208,1552,15.372012615203857,0.012235403060913086
