Model,R2,MAE,RMSE,MAPE_percent,n_train,n_test,fit_time_sec,predict_time_sec
cat,0.8933054226442654,0.022215345839850974,0.012137036232317993,4.701743388589022,3962,3963,4.643553972244263,0.005152463912963867
