Model,R2,MAE,RMSE,MAPE_percent,n_train,n_test,fit_time_sec,predict_time_sec
cat,0.9071484886495841,0.0010851265015068435,4.0436883713243015e-05,7.227443631944919,6618,3563,3.5129220485687256,0.004039764404296875
