Model,R2,MAE,RMSE,MAPE_percent,n_train,n_test,fit_time_sec,predict_time_sec
cat,0.342409730838118,0.1535790081749683,0.11313539835136278,54.8419229501351,6340,1585,4.303009033203125,0.002740144729614258
