Model,R2,MAE,RMSE,MAPE_percent,n_train,n_test,fit_time_sec,predict_time_sec
cat,0.9877155621279644,0.017097733916780697,0.0008697981640153856,3.1841157345785507,6206,1552,3.816084146499634,0.002343893051147461
