Model,R2,MAE,RMSE,MAPE_percent,n_train,n_test,fit_time_sec,predict_time_sec
rf,0.9898585047329169,0.0003168225286835208,2.813516281497667e-06,2.0791901729124684,8145,2036,54.112600564956665,0.43236351013183594
