Model,R2,MAE,RMSE,MAPE_percent,n_train,n_test,fit_time_sec,predict_time_sec
rf,0.9984363530020243,0.00026394401027469283,1.712894907486675e-07,2.0494430158885755,8145,2036,51.430174827575684,0.39369702339172363
