Model,R2,MAE,RMSE,MAPE_percent,n_train,n_test,fit_time_sec,predict_time_sec
cat,0.9731074755644983,0.009127743996936373,0.001230833749183271,3.1717951725367053,6208,1552,3.729116439819336,0.006445884704589844
