Model,R2,MAE,RMSE,MAPE_percent,n_train,n_test,fit_time_sec,predict_time_sec
gbm,0.9965637973207887,0.0005257158738923454,5.834803016236981e-07,3.1676318254298743,8145,2036,20.30762505531311,0.013349056243896484
