Model,R2,MAE,RMSE,MAPE_percent,n_train,n_test,fit_time_sec,predict_time_sec
rf,0.620660517399918,0.0023638098955427876,0.00016136242430528014,13.58872025812431,8151,2038,53.53165888786316,0.4127805233001709
