Model,R2,MAE,RMSE,MAPE_percent,n_train,n_test,fit_time_sec,predict_time_sec
cat,0.9889774290922427,0.011124927265214331,0.0002817960001565249,3.1623630889979,6340,1585,4.315869092941284,0.0028569698333740234
