Model,R2,MAE,RMSE,MAPE_percent,n_train,n_test,fit_time_sec,predict_time_sec
rf,0.3437941068026561,0.1984371036751622,0.16103993229534033,47.89603967553126,6206,1552,40.941550970077515,0.30853843688964844
