Model,R2,MAE,RMSE,MAPE_percent,n_train,n_test,fit_time_sec,predict_time_sec
gbm,0.9475340807246209,0.01810850046195571,0.005709574414815184,113119819.6142108,6224,5092,15.52109694480896,0.03428912162780762
