Model,R2,MAE,RMSE,MAPE_percent,n_train,n_test,fit_time_sec,predict_time_sec
rf,0.9328752369021552,0.03128999195686529,0.01638876171117317,3.770807973947954,5818,1940,34.29362201690674,0.3202660083770752
