Model,R2,MAE,RMSE,MAPE_percent,n_train,n_test,fit_time_sec,predict_time_sec
gbm,0.9119585637770636,0.001101296754705656,3.406825778204314e-05,7.679733158209057,8145,2036,27.46142077445984,0.017901182174682617
