Model,R2,MAE,RMSE,MAPE_percent,n_train,n_test,fit_time_sec,predict_time_sec
cat,0.9713290570505488,0.06989421013235542,0.019286296162484378,1322949192.3610215,9053,2263,23.09201407432556,0.01770925521850586
