Model,R2,MAE,RMSE,MAPE_percent,n_train,n_test,fit_time_sec,predict_time_sec
cat,0.9564974590158729,0.20058809647760048,0.10026268352561252,1426240599.9952712,2829,8487,4.573696613311768,0.010034561157226562
