Model,R2,MAE,RMSE,MAPE_percent,n_train,n_test,fit_time_sec,predict_time_sec
cat,0.9514144726546502,0.2469061944521356,0.15796133169660445,6.7883914651997115,6206,1552,4.002868175506592,0.0058710575103759766
