Model,R2,MAE,RMSE,MAPE_percent,n_train,n_test,fit_time_sec,predict_time_sec
cat,0.9643407720243258,0.16906612703504798,0.059118202222671695,5.557904324241906,6340,1585,4.12095308303833,0.003072977066040039
