Model,R2,MAE,RMSE,MAPE_percent,n_train,n_test,fit_time_sec,predict_time_sec
rf,0.9756915017260624,0.0010249383662493839,1.9680492157797052e-06,6.562040017889744,8145,2036,51.37635254859924,0.36821413040161133
