Model,R2,MAE,RMSE,MAPE_percent,n_train,n_test,fit_time_sec,predict_time_sec
gbm,0.9819777123751722,0.018155024553694863,0.001234755194568694,3.227839491508512,6206,1552,15.450533390045166,0.01162409782409668
