Model,R2,MAE,RMSE,MAPE_percent,n_train,n_test,fit_time_sec,predict_time_sec
cat,0.9126792106205514,0.05178248059927251,0.016840189010019983,4.495904324726293,6208,1552,3.3912086486816406,0.002424955368041992
