Model,R2,MAE,RMSE,MAPE_percent,n_train,n_test,fit_time_sec,predict_time_sec
rf,0.9946182677323384,0.0006177065344759379,8.334060719702257e-07,3.883164834604585,8145,2036,52.41489601135254,0.423966646194458
