Model,R2,MAE,RMSE,MAPE_percent,n_train,n_test,fit_time_sec,predict_time_sec
gbm,0.9567263395520548,0.14351783671493692,0.04572741852540167,5.900897827833631,6208,1552,15.652188539505005,0.012255191802978516
