Model,R2,MAE,RMSE,MAPE_percent,n_train,n_test,fit_time_sec,predict_time_sec
gbm,0.9990506781854872,0.003349120428641309,2.5139331381261666e-05,1.4691096973232003,8145,2036,20.541695833206177,0.014009952545166016
