Model,R2,MAE,RMSE,MAPE_percent,n_train,n_test,fit_time_sec,predict_time_sec
gbm,0.5782388257360578,0.5672749912631629,0.63046257976257,26.22989402881507,6214,1554,13.748238325119019,0.012103080749511719
