Model,R2,MAE,RMSE,MAPE_percent,n_train,n_test,fit_time_sec,predict_time_sec
cat,0.8957663607920885,0.02222178525225531,0.014435373487787036,331569604.04513955,7921,3395,3.4528276920318604,0.004138469696044922
