Model,R2,MAE,RMSE,MAPE_percent,n_train,n_test,fit_time_sec,predict_time_sec
cat,0.04219049730978497,0.04464848345354219,0.5903065295804368,8.408578307958013,8151,2038,3.749147653579712,0.002877473831176758
