Model,R2,MAE,RMSE,MAPE_percent,n_train,n_test,fit_time_sec,predict_time_sec
cat,0.7792673816172856,0.054602271109343715,0.08385977313486548,5.151153236322796,5733,3087,4.511963605880737,0.004607677459716797
