Model,R2,MAE,RMSE,MAPE_percent,n_train,n_test,fit_time_sec,predict_time_sec
gbm,0.9562606436992722,0.09992205806782992,0.02675668093585327,5.145001604401804,6206,1552,15.46224594116211,0.012219667434692383
