Model,R2,MAE,RMSE,MAPE_percent,n_train,n_test,fit_time_sec,predict_time_sec
cat,0.8937584653828173,0.0010643257203096378,3.506249368602694e-05,7.712071082538387,2545,7636,3.3029208183288574,0.009634017944335938
