Model,R2,MAE,RMSE,MAPE_percent,n_train,n_test,fit_time_sec,predict_time_sec
cat,0.9576955091841355,0.18239513644458807,0.07194704464561448,6.084572822878244,3962,3963,4.536688804626465,0.004867076873779297
