Model,R2,MAE,RMSE,MAPE_percent,n_train,n_test,fit_time_sec,predict_time_sec
cat,0.8565326495522693,0.027422507076114117,0.015762577066565586,7.762817896511375,792,7133,3.713975667953491,0.011350631713867188
