Model,R2,MAE,RMSE,MAPE_percent,n_train,n_test,fit_time_sec,predict_time_sec
cat,0.6431699239807955,0.012854782394970971,0.003114844728892456,18.88469836074165,8151,2038,3.3897712230682373,0.0025484561920166016
