Model,R2,MAE,RMSE,MAPE_percent,n_train,n_test,fit_time_sec,predict_time_sec
gbm,0.9961002953264771,0.012475262737829323,0.0007324642873049549,1.8425021084340176,6206,1552,15.673848867416382,0.012500762939453125
