Model,R2,MAE,RMSE,MAPE_percent,n_train,n_test,fit_time_sec,predict_time_sec
gbm,0.9005510569697843,0.002004339211452599,0.001124537491163291,1.7386592976083206,8145,2036,20.52617621421814,0.014684677124023438
