Model,R2,MAE,RMSE,MAPE_percent,n_train,n_test,fit_time_sec,predict_time_sec
gbm,0.9578243952647535,0.0021597949171036435,0.0006833228940696703,2.079566574291681,8151,2038,20.61333441734314,0.013051509857177734
