Model,R2,MAE,RMSE,MAPE_percent,n_train,n_test,fit_time_sec,predict_time_sec
rf,0.34616807741057987,0.312017969057722,0.34117444522488893,34.440907845844414,5618,1405,36.906977891922,0.29570508003234863
