Model,R2,MAE,RMSE,MAPE_percent,n_train,n_test,fit_time_sec,predict_time_sec
gbm,0.9950780005259757,0.0005163550381358558,4.986932123271789e-07,4.181119230885748,8145,2036,20.12459135055542,0.01382899284362793
