Model,R2,MAE,RMSE,MAPE_percent,n_train,n_test,fit_time_sec,predict_time_sec
rf,0.9293946223676904,0.023274610411758552,0.006792592638985771,5901118.578994663,566,10750,2.656750440597534,0.5964922904968262
