Model,R2,MAE,RMSE,MAPE_percent,n_train,n_test,fit_time_sec,predict_time_sec
gbm,0.7859259283506309,0.11157667606913144,0.10348673235647063,9.15234115035352,6214,1554,15.50172472000122,0.012026309967041016
