Model,R2,MAE,RMSE,MAPE_percent,n_train,n_test,fit_time_sec,predict_time_sec
gbm,0.9868513292914232,0.018432792802506214,0.0008406109061202229,12.848564309371538,8145,2036,18.229945182800293,0.015137910842895508
