Model,R2,MAE,RMSE,MAPE_percent,n_train,n_test,fit_time_sec,predict_time_sec
rf,0.9469363599558059,0.2585555277047064,0.15347066557341346,6.637900587161201,6206,1552,36.525068044662476,0.28824543952941895
