Model,R2,MAE,RMSE,MAPE_percent,n_train,n_test,fit_time_sec,predict_time_sec
cat,0.9469842093134665,0.2238032133142573,0.11544683020111804,1689738490.6675239,1132,10184,4.3130388259887695,0.011136054992675781
