Model,R2,MAE,RMSE,MAPE_percent,n_train,n_test,fit_time_sec,predict_time_sec
cat,0.934077529279982,0.00534272193605379,0.0005972509698115208,7.519632048129352,3054,7127,4.249992370605469,0.00786733627319336
