Model,R2,MAE,RMSE,MAPE_percent,n_train,n_test,fit_time_sec,predict_time_sec
cat,0.979610717918111,0.03744016204515545,0.002890498791608993,4.322349225999581,7062,1765,3.755415439605713,0.0029888153076171875
