Model,R2,MAE,RMSE,MAPE_percent,n_train,n_test,fit_time_sec,predict_time_sec
cat,0.9438372678550423,0.06648673331312044,0.023630056753846898,5.101571944185332,4263,2842,4.57951021194458,0.0037679672241210938
