Model,R2,MAE,RMSE,MAPE_percent,n_train,n_test,fit_time_sec,predict_time_sec
gbm,0.9873296951109118,0.008435324516480266,0.00032050017903751716,2.1923096547671985,6340,1585,15.80474328994751,0.011853456497192383
