Model,R2,MAE,RMSE,MAPE_percent,n_train,n_test,fit_time_sec,predict_time_sec
rf,0.9885055279731696,0.012892438429890163,0.00031422856540653263,6.652313964134493,8145,2036,51.2449209690094,0.40035581588745117
