Model,R2,MAE,RMSE,MAPE_percent,n_train,n_test,fit_time_sec,predict_time_sec
cat,0.3671728218180854,0.013961221927782628,0.010586717095549501,17.79716123204771,8151,2038,3.342301845550537,0.002498149871826172
