Model,R2,MAE,RMSE,MAPE_percent,n_train,n_test,fit_time_sec,predict_time_sec
cat,0.9200178377220389,0.020335274375404958,0.0060125286516244155,9.788794882358715,509,9672,3.7125766277313232,0.010021448135375977
