Model,R2,MAE,RMSE,MAPE_percent,n_train,n_test,fit_time_sec,predict_time_sec
rf,0.972529724337993,0.010553928268934335,0.002454952354923259,4.040118371140312,8145,2036,52.09789299964905,0.3753237724304199
