Model,R2,MAE,RMSE,MAPE_percent,n_train,n_test,fit_time_sec,predict_time_sec
cat,0.49759748044812935,0.36781942499860293,0.3071392238978022,34.62171883532983,5944,1981,4.645026922225952,0.0033059120178222656
