Model,R2,MAE,RMSE,MAPE_percent,n_train,n_test,fit_time_sec,predict_time_sec
cat,0.9977954550898821,0.000379584266920362,3.227996947800073e-07,2.7162951723483233,8145,2036,3.735797166824341,0.0025877952575683594
