Model,R2,MAE,RMSE,MAPE_percent,n_train,n_test,fit_time_sec,predict_time_sec
cat,0.44045951112766524,0.3762735003327388,0.3412236561270268,35.99548534974693,4359,3566,4.1095967292785645,0.005730628967285156
