Model,R2,MAE,RMSE,MAPE_percent,n_train,n_test,fit_time_sec,predict_time_sec
gbm,0.9982753405340529,0.00043154320703548137,4.4236604603828447e-07,3.449097066018183,8145,2036,20.205538034439087,0.01447606086730957
