Model,R2,MAE,RMSE,MAPE_percent,n_train,n_test,fit_time_sec,predict_time_sec
cat,0.9900279160695509,0.004803806200853237,4.997154474445082e-05,7.3076623064310215,4072,6109,4.557944059371948,0.0061414241790771484
