Model,R2,MAE,RMSE,MAPE_percent,n_train,n_test,fit_time_sec,predict_time_sec
rf,0.9879121736158192,0.006761370151322398,8.580079895911364e-05,2.563732578621426,6208,1552,37.94110631942749,0.26140928268432617
