Model,R2,MAE,RMSE,MAPE_percent,n_train,n_test,fit_time_sec,predict_time_sec
rf,0.986331674947535,0.01129268842506554,0.00035753701870322273,3.086177397663612,6790,4526,40.21556091308594,0.5443258285522461
