Model,R2,MAE,RMSE,MAPE_percent,n_train,n_test,fit_time_sec,predict_time_sec
cat,0.9653931234301644,0.059762043355614795,0.010115364567153801,4.616685830026239,3552,3553,4.608968734741211,0.004487037658691406
