Model,R2,MAE,RMSE,MAPE_percent,n_train,n_test,fit_time_sec,predict_time_sec
cat,0.87356533832947,0.0013868876575418739,4.664798393693824e-05,8.609182145548706,1018,9163,4.009856224060059,0.009535789489746094
