Model,R2,MAE,RMSE,MAPE_percent,n_train,n_test,fit_time_sec,predict_time_sec
rf,0.9329030558467821,0.12053647676425135,0.06633202430544102,5.7793630267721054,6213,1553,36.15176749229431,0.28894519805908203
