Model,R2,MAE,RMSE,MAPE_percent,n_train,n_test,fit_time_sec,predict_time_sec
gbm,0.9355124205296845,0.0012058575504619736,2.8603226447593096e-05,7.570075117113253,3054,7127,7.311992883682251,0.0441436767578125
