Model,R2,MAE,RMSE,MAPE_percent,n_train,n_test,fit_time_sec,predict_time_sec
cat,0.965921421692089,0.1777304080757849,0.07882469521634561,779106824.1071647,9053,2263,3.573218822479248,0.0029191970825195312
