Model,R2,MAE,RMSE,MAPE_percent,n_train,n_test,fit_time_sec,predict_time_sec
rf,0.20828982845142785,0.0014857430777652357,0.0004661909255450346,4.124464685515908,8151,2038,56.47161841392517,0.40979528427124023
