Model,R2,MAE,RMSE,MAPE_percent,n_train,n_test,fit_time_sec,predict_time_sec
gbm,0.998452434080225,0.004479601583131397,4.140718534918479e-05,2.0727205933107626,8145,2036,20.503711223602295,0.013706207275390625
