Model,R2,MAE,RMSE,MAPE_percent,n_train,n_test,fit_time_sec,predict_time_sec
rf,0.9693964104833647,0.007188171277908111,0.00030282215310097223,11.085773735856986,8145,2036,52.54485607147217,0.40439796447753906
