Model,R2,MAE,RMSE,MAPE_percent,n_train,n_test,fit_time_sec,predict_time_sec
cat,0.9255171752628217,0.2586224978549449,0.1476518075189003,9.272161277169635,396,7529,3.4097063541412354,0.010645627975463867
