Model,R2,MAE,RMSE,MAPE_percent,n_train,n_test,fit_time_sec,predict_time_sec
gbm,0.9599656159153572,0.07481419598581258,0.01665536509863221,5.802051909087858,9053,2263,22.737416982650757,0.017019987106323242
