Model,R2,MAE,RMSE,MAPE_percent,n_train,n_test,fit_time_sec,predict_time_sec
gbm,0.9949400682898066,0.000620441147272416,7.84958834637461e-07,3.9922319157130683,8145,2036,20.684165954589844,0.013747692108154297
