Model,R2,MAE,RMSE,MAPE_percent,n_train,n_test,fit_time_sec,predict_time_sec
cat,0.9868208696231693,0.005045562957721298,0.0001254155025578675,7.6221487766813905,8145,2036,10.02227783203125,0.017757415771484375
