Model,R2,MAE,RMSE,MAPE_percent,n_train,n_test,fit_time_sec,predict_time_sec
cat,0.43917105012185986,0.0019311425206827574,9.775323431484849e-05,11.803333964808933,8151,2038,3.5160789489746094,0.0026514530181884766
