Model,R2,MAE,RMSE,MAPE_percent,n_train,n_test,fit_time_sec,predict_time_sec
rf,0.994973696569532,0.00287327793531399,1.8376393291374834e-05,3.7044263774031965,8145,2036,52.295220375061035,0.39437055587768555
