Model,R2,MAE,RMSE,MAPE_percent,n_train,n_test,fit_time_sec,predict_time_sec
rf,0.9699844687062423,0.01821543953914673,0.0008117580661137124,9.835309480271164,8145,2036,51.89176678657532,0.4074430465698242
