Model,R2,MAE,RMSE,MAPE_percent,n_train,n_test,fit_time_sec,predict_time_sec
rf,0.11104400581275464,0.2520787420539161,0.20000236641004854,39.94104181389143,7062,1765,49.519654273986816,0.36342310905456543
