Model,R2,MAE,RMSE,MAPE_percent,n_train,n_test,fit_time_sec,predict_time_sec
rf,0.9986036592361166,0.0014876549525645333,4.35185771157084e-06,2.094339700809441,8145,2036,50.338303565979004,0.398113489151001
