Model,R2,MAE,RMSE,MAPE_percent,n_train,n_test,fit_time_sec,predict_time_sec
rf,0.987721027470137,0.001028375059007713,2.1000021599244485e-06,6.540555523538946,8145,2036,51.5573365688324,0.41869091987609863
