Model,R2,MAE,RMSE,MAPE_percent,n_train,n_test,fit_time_sec,predict_time_sec
rf,0.9967464631416396,0.003657870953458385,7.377234122582868e-05,1.808563646682938,8145,2036,51.454535722732544,0.4152052402496338
