Model,R2,MAE,RMSE,MAPE_percent,n_train,n_test,fit_time_sec,predict_time_sec
cat,0.9731345694398056,0.047770878941004354,0.005265436865709804,4.46064871953711,6208,1552,3.435882806777954,0.0023186206817626953
