Model,R2,MAE,RMSE,MAPE_percent,n_train,n_test,fit_time_sec,predict_time_sec
cat,0.9863356372227675,0.01177087478012335,0.0002821353007450013,3.3834473256772903,9053,2263,5.001420259475708,0.003448009490966797
