Model,R2,MAE,RMSE,MAPE_percent,n_train,n_test,fit_time_sec,predict_time_sec
cat,0.9446829739127702,0.025544910117596867,0.010086083492203045,4.108353600034478,6206,1552,6.932092666625977,0.017378807067871094
