Model,R2,MAE,RMSE,MAPE_percent,n_train,n_test,fit_time_sec,predict_time_sec
rf,0.8920062826382464,0.26777747939544433,0.12985547509568296,9.986208978337782,6208,1552,37.773409605026245,0.2753582000732422
