Model,R2,MAE,RMSE,MAPE_percent,n_train,n_test,fit_time_sec,predict_time_sec
cat,0.9849807948020829,0.004628770688216671,3.971400590545756e-05,6.997550237041729,5090,5091,4.691569805145264,0.005364894866943359
