Model,R2,MAE,RMSE,MAPE_percent,n_train,n_test,fit_time_sec,predict_time_sec
cat,0.9339220867559944,0.005608845544804836,0.0006139037165689672,7.600435511255582,3054,7127,4.3661699295043945,0.00852060317993164
