Model,R2,MAE,RMSE,MAPE_percent,n_train,n_test,fit_time_sec,predict_time_sec
cat,0.9878098657603852,0.005137425963965322,4.8752214545525765e-05,6.752557779468961,8145,2036,3.5290300846099854,0.0027093887329101562
