Model,R2,MAE,RMSE,MAPE_percent,n_train,n_test,fit_time_sec,predict_time_sec
cat,0.8996258804056059,0.0016139264036912776,3.713815720162577e-05,12.95848997034629,1527,8654,4.090612173080444,0.009096622467041016
