Model,R2,MAE,RMSE,MAPE_percent,n_train,n_test,fit_time_sec,predict_time_sec
cat,0.9713614094934373,0.046948234378916834,0.005013137513832361,5.657855169491526,2646,6174,5.648360013961792,0.0062313079833984375
