Model,R2,MAE,RMSE,MAPE_percent,n_train,n_test,fit_time_sec,predict_time_sec
rf,0.9393721216458027,0.05438446723792061,0.022148172587137818,4.054438123646548,6208,1552,38.25357723236084,0.28014540672302246
