Model,R2,MAE,RMSE,MAPE_percent,n_train,n_test,fit_time_sec,predict_time_sec
cat,0.9210001342748355,0.027779542577884817,0.00711665961902373,8.939865520266709,396,7529,3.484832286834717,0.007345676422119141
