Model,R2,MAE,RMSE,MAPE_percent,n_train,n_test,fit_time_sec,predict_time_sec
rf,0.3182981250053143,0.0061543760684265696,0.005809496571587041,7.18734753894729,8151,2038,55.84192514419556,0.3771023750305176
