Model,R2,MAE,RMSE,MAPE_percent,n_train,n_test,fit_time_sec,predict_time_sec
rf,0.9737488182713945,0.02055345363156164,0.0018348168915269085,3.380634893269399,6206,1552,37.373250246047974,0.27872180938720703
