Model,R2,MAE,RMSE,MAPE_percent,n_train,n_test,fit_time_sec,predict_time_sec
cat,0.9960852616488213,0.006753773220996382,9.856574544242193e-05,1.8925083861546774,6340,1585,4.509452819824219,0.0028209686279296875
