Model,R2,MAE,RMSE,MAPE_percent,n_train,n_test,fit_time_sec,predict_time_sec
gbm,0.9891238280638702,0.018808120660013323,0.0007138052867787641,12.365416243405482,8145,2036,18.09810209274292,0.01523280143737793
