Model,R2,MAE,RMSE,MAPE_percent,n_train,n_test,fit_time_sec,predict_time_sec
cat,0.9971729757906914,0.000443881818885591,4.263130596826706e-07,2.9609105405682534,8145,2036,3.577988862991333,0.0027163028717041016
