Model,R2,MAE,RMSE,MAPE_percent,n_train,n_test,fit_time_sec,predict_time_sec
cat,0.8962686033436161,0.007271896701797956,0.0009645509875588246,12.85387595734629,4072,6109,3.9609391689300537,0.008653879165649414
