Model,R2,MAE,RMSE,MAPE_percent,n_train,n_test,fit_time_sec,predict_time_sec
gbm,0.6591565977332658,0.5649703361620492,0.6738016924773914,22.888368389505047,6340,1585,14.179052591323853,0.012813806533813477
