Model,R2,MAE,RMSE,MAPE_percent,n_train,n_test,fit_time_sec,predict_time_sec
cat,0.7340769069630273,0.0017490100485802345,4.332504991588295e-05,10.964690163953081,8151,2038,3.4924511909484863,0.0025682449340820312
