Model,R2,MAE,RMSE,MAPE_percent,n_train,n_test,fit_time_sec,predict_time_sec
cat,0.9617977848622962,0.027812240942832734,0.00937523146787361,3.764648718487365,6206,1552,3.5359272956848145,0.002530813217163086
