Model,R2,MAE,RMSE,MAPE_percent,n_train,n_test,fit_time_sec,predict_time_sec
cat,0.044698779997576654,0.2740769846568789,0.2594432092950975,43.116825169414035,5292,3528,3.98475980758667,0.005074739456176758
