Model,R2,MAE,RMSE,MAPE_percent,n_train,n_test,fit_time_sec,predict_time_sec
cat,0.9944159863243038,0.003280633294678194,2.1539855358933766e-05,4.358404646401371,8145,2036,3.722355365753174,0.0025777816772460938
