Model,R2,MAE,RMSE,MAPE_percent,n_train,n_test,fit_time_sec,predict_time_sec
cat,0.9574045185925655,0.18561188480786106,0.07898432157227497,7.785488143954704,9053,2263,3.7493722438812256,0.003141164779663086
