Model,R2,MAE,RMSE,MAPE_percent,n_train,n_test,fit_time_sec,predict_time_sec
gbm,0.9744871527582827,0.02258288004588793,0.001992043265655646,3.86126083606628,2327,5431,5.701434850692749,0.03324413299560547
