Model,R2,MAE,RMSE,MAPE_percent,n_train,n_test,fit_time_sec,predict_time_sec
rf,0.939373944244619,0.11317575735455893,0.03985217639892998,5.5775393409145035,6206,1552,35.71097183227539,0.2835087776184082
