Model,R2,MAE,RMSE,MAPE_percent,n_train,n_test,fit_time_sec,predict_time_sec
cat,0.9971838929626247,0.008603119962975912,0.00016115902420568668,4.875624778897526,8145,2036,7.4767749309539795,0.017612934112548828
