Model,R2,MAE,RMSE,MAPE_percent,n_train,n_test,fit_time_sec,predict_time_sec
rf,0.9816121505415096,0.012311120699562875,0.0010591842147281972,2.6762024591491906,9053,2263,56.834229946136475,0.4415438175201416
