Model,R2,MAE,RMSE,MAPE_percent,n_train,n_test,fit_time_sec,predict_time_sec
rf,0.9559582390060343,0.1473558466724742,0.056386604627260806,5.912767685430691,6208,1552,1.3506271839141846,0.0887913703918457
