Model,R2,MAE,RMSE,MAPE_percent,n_train,n_test,fit_time_sec,predict_time_sec
gbm,0.9632807665279439,0.1770149960372545,0.06677771881502734,7.232738663964937,9053,2263,23.057769536972046,0.0174407958984375
