Model,R2,MAE,RMSE,MAPE_percent,n_train,n_test,fit_time_sec,predict_time_sec
cat,0.92201435123603,0.022393140847797238,0.009522357738868122,278267917.3889399,4526,6790,4.72700309753418,0.007527589797973633
