Model,R2,MAE,RMSE,MAPE_percent,n_train,n_test,fit_time_sec,predict_time_sec
rf,0.9415173032765252,0.25547864943307386,0.16098872835122394,6.738964452296331,6206,1552,36.63210320472717,0.28338170051574707
