Model,R2,MAE,RMSE,MAPE_percent,n_train,n_test,fit_time_sec,predict_time_sec
cat,0.3232537461237448,0.3201839201635157,0.40112975045308946,32.26900141597659,2487,4618,4.103080749511719,0.005594491958618164
