Model,R2,MAE,RMSE,MAPE_percent,n_train,n_test,fit_time_sec,predict_time_sec
cat,0.8565610061236207,0.011621024345267551,0.016732460657465788,3.637917872481959,8145,2036,4.9168620109558105,0.003401041030883789
