Model,R2,MAE,RMSE,MAPE_percent,n_train,n_test,fit_time_sec,predict_time_sec
cat,0.848205987003183,0.014851248505632058,0.012983862814319586,7.451007190317097,8145,2036,4.720308303833008,0.0031549930572509766
