Model,R2,MAE,RMSE,MAPE_percent,n_train,n_test,fit_time_sec,predict_time_sec
rf,0.9445427238989124,0.25343553117515094,0.15238884507762993,6.454963030295759,6206,1552,38.476216316223145,0.27410292625427246
