Model,R2,MAE,RMSE,MAPE_percent,n_train,n_test,fit_time_sec,predict_time_sec
cat,0.9593701022991972,0.13467752949462497,0.05163366057192344,5.860007439309092,6208,1552,3.5505642890930176,0.0023512840270996094
