Model,R2,MAE,RMSE,MAPE_percent,n_train,n_test,fit_time_sec,predict_time_sec
gbm,0.9870657325460196,0.000945725205365393,1.636806959983371e-06,7.125417394208486,4072,6109,9.657126665115356,0.03812265396118164
