Model,R2,MAE,RMSE,MAPE_percent,n_train,n_test,fit_time_sec,predict_time_sec
cat,0.9769410562432216,0.007792197842807713,0.00020654520222692204,13.98994843437286,8145,2036,3.207740306854248,0.0025663375854492188
