Model,R2,MAE,RMSE,MAPE_percent,n_train,n_test,fit_time_sec,predict_time_sec
cat,0.948086845630728,0.19915673792947242,0.09710056177739033,1245306094.4960444,3961,7355,4.851092576980591,0.009192943572998047
