Model,R2,MAE,RMSE,MAPE_percent,n_train,n_test,fit_time_sec,predict_time_sec
cat,0.7748384955654857,0.0009752723886395927,0.0001527815750637238,4.228313106406758,8151,2038,3.5936660766601562,0.002633810043334961
