Model,R2,MAE,RMSE,MAPE_percent,n_train,n_test,fit_time_sec,predict_time_sec
rf,0.9919434467880969,0.0006225146740637388,5.285928234795909e-06,4.233614535758083,8151,2038,55.231027603149414,0.40214037895202637
