Model,R2,MAE,RMSE,MAPE_percent,n_train,n_test,fit_time_sec,predict_time_sec
gbm,0.980865941543943,0.002166790713496463,0.00032009823652951776,2.2517361633321693,8151,2038,20.41459631919861,0.013009071350097656
