Model,R2,MAE,RMSE,MAPE_percent,n_train,n_test,fit_time_sec,predict_time_sec
cat,0.9631735956343688,0.07408881416081341,0.019966916167520166,5.153349929174958,6340,1585,4.915189743041992,0.0028488636016845703
