Model,R2,MAE,RMSE,MAPE_percent,n_train,n_test,fit_time_sec,predict_time_sec
cat,0.9842616117219859,0.008282449582900373,0.0007944194111833581,2.9871112787250915,6208,1552,3.381373167037964,0.002242565155029297
