Model,R2,MAE,RMSE,MAPE_percent,n_train,n_test,fit_time_sec,predict_time_sec
gbm,0.8946976356895021,0.0010999066490905763,3.349853295474625e-05,8.197625872676491,1527,8654,3.609873056411743,0.0567018985748291
