Model,R2,MAE,RMSE,MAPE_percent,n_train,n_test,fit_time_sec,predict_time_sec
rf,0.9888887458504915,0.0010689930109292495,4.1276326502659655e-06,7.140627921105182,6109,4072,37.34779334068298,0.540656566619873
