Model,R2,MAE,RMSE,MAPE_percent,n_train,n_test,fit_time_sec,predict_time_sec
cat,0.9435037285238905,0.22608038212813134,0.1224219008495718,1336031641.500053,1132,10184,4.151513338088989,0.014051675796508789
