Model,R2,MAE,RMSE,MAPE_percent,n_train,n_test,fit_time_sec,predict_time_sec
gbm,0.9328075342754797,0.29568895982952276,0.21926788860640736,7.839219879096755,6213,1553,15.445662260055542,0.012685298919677734
