Model,R2,MAE,RMSE,MAPE_percent,n_train,n_test,fit_time_sec,predict_time_sec
gbm,0.8805509768480462,0.020305470339975158,0.011887777504090298,12.074153785059647,8145,2036,18.26849675178528,0.01537775993347168
