Model,R2,MAE,RMSE,MAPE_percent,n_train,n_test,fit_time_sec,predict_time_sec
cat,0.9424058190393441,0.2226776698757149,0.12164860549159626,1354387271.7662542,1697,9619,4.388376712799072,0.009679317474365234
