Model,R2,MAE,RMSE,MAPE_percent,n_train,n_test,fit_time_sec,predict_time_sec
rf,0.9243710676736148,0.05791560202543969,0.02616672395993343,4.737291029117555,6208,1552,60.1293044090271,0.30442166328430176
