Model,R2,MAE,RMSE,MAPE_percent,n_train,n_test,fit_time_sec,predict_time_sec
rf,0.995502780948768,0.008899618616727657,0.00017326603920053859,3.7468791256509517,8145,2036,52.64315629005432,0.3860514163970947
