Model,R2,MAE,RMSE,MAPE_percent,n_train,n_test,fit_time_sec,predict_time_sec
rf,0.9606486719492846,0.1777430550979667,0.07219308625262214,7.479233721935163,9053,2263,55.33768939971924,0.4365577697753906
