Model,R2,MAE,RMSE,MAPE_percent,n_train,n_test,fit_time_sec,predict_time_sec
gbm,0.21073149077893205,0.03463295616994383,0.08363962966394355,15.345928832821723,8151,2038,18.619062662124634,0.014855146408081055
