Model,R2,MAE,RMSE,MAPE_percent,n_train,n_test,fit_time_sec,predict_time_sec
gbm,0.9801027776110085,0.0009410326897266693,1.561064900551895e-06,6.857424644586821,7127,3054,17.149806022644043,0.020023822784423828
