Model,R2,MAE,RMSE,MAPE_percent,n_train,n_test,fit_time_sec,predict_time_sec
cat,0.9966856863516624,0.004291559551986771,4.562159159246329e-05,1.6580301092787284,6214,1554,3.660308599472046,0.002401590347290039
