Model,R2,MAE,RMSE,MAPE_percent,n_train,n_test,fit_time_sec,predict_time_sec
cat,0.9969768527345066,0.004268747501628278,4.154022266247722e-05,1.751306284621339,6208,1552,3.5609381198883057,0.0022826194763183594
