Model,R2,MAE,RMSE,MAPE_percent,n_train,n_test,fit_time_sec,predict_time_sec
cat,0.5269820162458998,0.012448292019413705,0.00766376723309271,17.196715549645948,8151,2038,3.446504592895508,0.0025353431701660156
