Model,R2,MAE,RMSE,MAPE_percent,n_train,n_test,fit_time_sec,predict_time_sec
gbm,0.9632837697187671,0.17742312546276048,0.06648766225619808,6.962574605568444,9053,2263,22.729462146759033,0.017731904983520508
