Model,R2,MAE,RMSE,MAPE_percent,n_train,n_test,fit_time_sec,predict_time_sec
cat,0.9945248051554919,0.008387282807343164,0.00046996050883059664,3.2871302774202604,8145,2036,5.851609945297241,0.008647441864013672
