Model,R2,MAE,RMSE,MAPE_percent,n_train,n_test,fit_time_sec,predict_time_sec
rf,0.9662789269153912,0.00638133172726341,0.00032089714622838574,10.76438010977752,8145,2036,53.06537055969238,0.4089667797088623
