Model,R2,MAE,RMSE,MAPE_percent,n_train,n_test,fit_time_sec,predict_time_sec
rf,0.9900272004728272,0.0009642248413901444,1.7354194410276252e-06,7.28923583708864,2545,7636,13.739486694335938,0.6550242900848389
