Model,R2,MAE,RMSE,MAPE_percent,n_train,n_test,fit_time_sec,predict_time_sec
cat,0.984034480086927,0.001076321928569673,2.1232296548770904e-06,7.011440720666498,5090,5091,3.3390915393829346,0.006058216094970703
