Model,R2,MAE,RMSE,MAPE_percent,n_train,n_test,fit_time_sec,predict_time_sec
gbm,0.9845314621285715,0.007698219151624609,0.000840198391777078,2.1163210480594876,6214,1554,15.977794170379639,0.011974334716796875
