Model,R2,MAE,RMSE,MAPE_percent,n_train,n_test,fit_time_sec,predict_time_sec
cat,0.9680766000523047,0.17741248992638228,0.07292262218687606,145.54737525199218,9053,2263,3.625544548034668,0.002957582473754883
