Model,R2,MAE,RMSE,MAPE_percent,n_train,n_test,fit_time_sec,predict_time_sec
rf,0.9726618810840733,0.06366314492049975,0.017076382186691375,5.124263727278903,9053,2263,54.228758096694946,0.44834017753601074
