Model,R2,MAE,RMSE,MAPE_percent,n_train,n_test,fit_time_sec,predict_time_sec
gbm,0.9645627769703625,0.05916250478046215,0.010186182284254913,4.395056497570527,5690,1423,13.978197574615479,0.01119542121887207
