Model,R2,MAE,RMSE,MAPE_percent,n_train,n_test,fit_time_sec,predict_time_sec
gbm,0.9341903168105916,0.0011173732056032036,2.0102910528310476e-05,9.153677382234587,509,9672,1.2871856689453125,0.06702351570129395
