Model,R2,MAE,RMSE,MAPE_percent,n_train,n_test,fit_time_sec,predict_time_sec
gbm,0.8884796406753944,0.0014305095942928722,5.1228977073089705e-05,11.603456205133488,8145,2036,39.166703939437866,0.01534891128540039
