Model,R2,MAE,RMSE,MAPE_percent,n_train,n_test,fit_time_sec,predict_time_sec
cat,0.9343860713973358,0.13818384013482105,0.07120410600222309,7.170326213323159,6206,1552,3.412419080734253,0.0023856163024902344
