Model,R2,MAE,RMSE,MAPE_percent,n_train,n_test,fit_time_sec,predict_time_sec
cat,0.9956107466333797,0.00577542665752805,0.00021984058102952396,1.9591222777758772,6214,1554,3.6447479724884033,0.002238750457763672
