Model,R2,MAE,RMSE,MAPE_percent,n_train,n_test,fit_time_sec,predict_time_sec
rf,0.941277248915707,0.2711027111658235,0.18034816418997282,7.52298514323666,6206,1552,36.6909818649292,0.2899625301361084
