Model,R2,MAE,RMSE,MAPE_percent,n_train,n_test,fit_time_sec,predict_time_sec
cat,0.9243579592793306,0.015663358894756403,0.004400958919516052,5.215218515023362,1552,6208,3.045652389526367,0.007516384124755859
