Model,R2,MAE,RMSE,MAPE_percent,n_train,n_test,fit_time_sec,predict_time_sec
gbm,0.9944139979206109,0.014576334361813105,0.0004254479947858338,7.155128717826717,8145,2036,20.017820835113525,0.01483464241027832
