Model,R2,MAE,RMSE,MAPE_percent,n_train,n_test,fit_time_sec,predict_time_sec
cat,0.9950663629109512,0.000575645413251877,6.096747395367994e-07,4.339813545016625,8145,2036,4.586730241775513,0.002925872802734375
