Model,R2,MAE,RMSE,MAPE_percent,n_train,n_test,fit_time_sec,predict_time_sec
cat,0.8574981966727491,0.0010590996039048497,1.5099832811597109e-05,8.202572591648462,8151,2038,3.6163504123687744,0.002588033676147461
