Model,R2,MAE,RMSE,MAPE_percent,n_train,n_test,fit_time_sec,predict_time_sec
cat,0.024916488513323953,0.009503411467279036,0.0043132195756286976,13.111022701488592,8151,2038,3.844306230545044,0.0026884078979492188
