Model,R2,MAE,RMSE,MAPE_percent,n_train,n_test,fit_time_sec,predict_time_sec
rf,0.9054773250331335,0.2823406682219435,0.15459408173102798,11.327845245594437,6208,1552,37.828147411346436,0.33709025382995605
