Model,R2,MAE,RMSE,MAPE_percent,n_train,n_test,fit_time_sec,predict_time_sec
rf,0.9540397278907496,0.07865239480651118,0.03091643763409395,6777897.014171659,9053,2263,54.36554217338562,0.4481799602508545
