Model,R2,MAE,RMSE,MAPE_percent,n_train,n_test,fit_time_sec,predict_time_sec
cat,0.9212910140056199,0.0011492831102886411,2.9566996167573135e-05,7.691801412309267,2545,7636,4.384795904159546,0.008753776550292969
