Model,R2,MAE,RMSE,MAPE_percent,n_train,n_test,fit_time_sec,predict_time_sec
cat,0.9892275661752857,0.013541326001107233,0.00033244410789212,6.954695126342083,7127,3054,4.739245891571045,0.0036454200744628906
