Model,R2,MAE,RMSE,MAPE_percent,n_train,n_test,fit_time_sec,predict_time_sec
gbm,0.4902433622506447,0.48888798764061075,0.5531868986148177,31.38602904275401,6206,1552,13.736360311508179,0.012227296829223633
