Model,R2,MAE,RMSE,MAPE_percent,n_train,n_test,fit_time_sec,predict_time_sec
gbm,0.9975662532342379,0.0019891583568916417,7.438975786752566e-06,2.8381075007298264,8145,2036,20.5339457988739,0.014196157455444336
