Model,R2,MAE,RMSE,MAPE_percent,n_train,n_test,fit_time_sec,predict_time_sec
rf,0.38389198262376345,0.027093300614870634,0.07459532283734871,11.647862304460075,8151,2038,51.88721776008606,0.4143860340118408
