Model,R2,MAE,RMSE,MAPE_percent,n_train,n_test,fit_time_sec,predict_time_sec
rf,0.9632510141958867,0.17050030831747276,0.08394570791128095,8.154055827985786,9053,2263,55.59165811538696,0.43959736824035645
