Model,R2,MAE,RMSE,MAPE_percent,n_train,n_test,fit_time_sec,predict_time_sec
cat,0.9371270585157127,0.06900548881536242,0.028503231903815845,5.300409766529666,5684,1421,3.8584446907043457,0.0024416446685791016
