Model,R2,MAE,RMSE,MAPE_percent,n_train,n_test,fit_time_sec,predict_time_sec
gbm,0.26948201141736927,0.22272784019086528,0.17927691390984787,52.19006174235751,6206,1552,13.841076612472534,0.012167930603027344
