Model,R2,MAE,RMSE,MAPE_percent,n_train,n_test,fit_time_sec,predict_time_sec
rf,0.9909831462541713,0.00046797372120126754,2.7313361784455763e-06,3.445683583382051,8145,2036,51.94656562805176,0.3778231143951416
