Model,R2,MAE,RMSE,MAPE_percent,n_train,n_test,fit_time_sec,predict_time_sec
cat,0.9540060937066613,0.1884685028788899,0.09367863633725838,6.417612678122282,5548,2377,5.784923791885376,0.00391840934753418
