Model,R2,MAE,RMSE,MAPE_percent,n_train,n_test,fit_time_sec,predict_time_sec
cat,0.9642267103413247,0.03091571038833131,0.007904752197800074,5.113054705100957,3879,3879,3.5594394207000732,0.00511622428894043
