Model,R2,MAE,RMSE,MAPE_percent,n_train,n_test,fit_time_sec,predict_time_sec
cat,0.9601363719951298,0.0668210035604791,0.010431491451586493,4.578552292364865,4755,3170,4.514094114303589,0.004208564758300781
