Model,R2,MAE,RMSE,MAPE_percent,n_train,n_test,fit_time_sec,predict_time_sec
gbm,0.9976551921556099,0.00032398704450687185,3.349523752735004e-07,1.9894174067320798,8145,2036,20.498528480529785,0.013912439346313477
