Model,R2,MAE,RMSE,MAPE_percent,n_train,n_test,fit_time_sec,predict_time_sec
cat,0.993511069738604,0.005292162552468857,6.46034803595393e-05,7.170547675391857,8145,2036,33.209014654159546,0.017690181732177734
