Model,R2,MAE,RMSE,MAPE_percent,n_train,n_test,fit_time_sec,predict_time_sec
cat,0.9872104407047628,0.000954646632406946,4.270815188231989e-06,7.582381816880819,8145,2036,3.6679940223693848,0.004061460494995117
