Model,R2,MAE,RMSE,MAPE_percent,n_train,n_test,fit_time_sec,predict_time_sec
cat,0.9011782777214599,0.005282235200102506,0.0009261637111856341,7.512437560911861,4581,5600,4.397797346115112,0.006906270980834961
