Model,R2,MAE,RMSE,MAPE_percent,n_train,n_test,fit_time_sec,predict_time_sec
gbm,0.9978402986533544,0.008011855292125744,0.00014539356009693252,3.8847412424365233,8145,2036,41.173961877822876,0.027867555618286133
