Model,R2,MAE,RMSE,MAPE_percent,n_train,n_test,fit_time_sec,predict_time_sec
cat,0.8567084247515564,0.00950650253072502,0.012256597732300251,3.8257823042422494,8145,2036,3.7365610599517822,0.002647876739501953
