Model,R2,MAE,RMSE,MAPE_percent,n_train,n_test,fit_time_sec,predict_time_sec
cat,0.9885947259233581,0.013342080989671544,0.000326929764499324,6.7411283601258765,8145,2036,3.626845359802246,0.002561330795288086
