Model,R2,MAE,RMSE,MAPE_percent,n_train,n_test,fit_time_sec,predict_time_sec
cat,0.9895780523102534,0.004634288299834751,3.962485798859022e-05,6.918044501528999,6618,3563,4.5684494972229,0.005144596099853516
