Model,R2,MAE,RMSE,MAPE_percent,n_train,n_test,fit_time_sec,predict_time_sec
cat,0.9622231305751595,0.07049043489263858,0.011202846797232043,4.906467301718523,3962,3963,4.517978191375732,0.0058176517486572266
