Model,R2,MAE,RMSE,MAPE_percent,n_train,n_test,fit_time_sec,predict_time_sec
gbm,0.995920514622729,0.010262858284657818,0.00027624506138156194,1.7135214623732198,6206,1552,15.58618974685669,0.012159585952758789
