Model,R2,MAE,RMSE,MAPE_percent,n_train,n_test,fit_time_sec,predict_time_sec
gbm,0.998594385214969,0.0003464884061524819,5.11270255880871e-07,2.1290980855162487,8145,2036,20.55694317817688,0.014630794525146484
