Model,R2,MAE,RMSE,MAPE_percent,n_train,n_test,fit_time_sec,predict_time_sec
cat,0.9566394314897732,0.07526032775030418,0.012805466790557796,5.767541495318818,7921,3395,4.641158819198608,0.0047724246978759766
