Model,R2,MAE,RMSE,MAPE_percent,n_train,n_test,fit_time_sec,predict_time_sec
rf,0.9097405367249058,0.0011675444188708381,4.8537521993976756e-05,7.061282661585276,7127,3054,44.04927158355713,0.4711723327636719
