Model,R2,MAE,RMSE,MAPE_percent,n_train,n_test,fit_time_sec,predict_time_sec
rf,0.9655124960245437,0.06148896903219257,0.011350165960171762,4.208005362972213,6340,1585,36.857980728149414,0.29323410987854004
