Model,R2,MAE,RMSE,MAPE_percent,n_train,n_test,fit_time_sec,predict_time_sec
cat,0.20921559518286725,0.26610672361705806,0.31539061758405734,37.89794628515691,4851,3969,4.116543292999268,0.005800008773803711
