Model,R2,MAE,RMSE,MAPE_percent,n_train,n_test,fit_time_sec,predict_time_sec
gbm,0.9714589354760065,0.005443058523838452,0.0002841534778676276,7.103446648893772,8145,2036,24.449354887008667,0.027965068817138672
