Model,R2,MAE,RMSE,MAPE_percent,n_train,n_test,fit_time_sec,predict_time_sec
cat,0.7526168660849354,0.5281199326229364,0.5800504399870596,8072025045.924123,5092,6224,4.246356248855591,0.009462356567382812
