Model,R2,MAE,RMSE,MAPE_percent,n_train,n_test,fit_time_sec,predict_time_sec
cat,0.994769044112902,0.0005312677281004564,6.039322445354248e-07,3.9334164248318335,8151,2038,3.480360984802246,0.0025551319122314453
