Model,R2,MAE,RMSE,MAPE_percent,n_train,n_test,fit_time_sec,predict_time_sec
cat,0.9578119321987686,0.07722281667355321,0.027259312604618894,1267435108.8945084,9053,2263,1.0471217632293701,0.002107381820678711
