Model,R2,MAE,RMSE,MAPE_percent,n_train,n_test,fit_time_sec,predict_time_sec
rf,0.8857265504980383,0.10654699632910145,0.044024601794838386,8.639441213732821,6214,1554,40.06222486495972,0.33530116081237793
