Model,R2,MAE,RMSE,MAPE_percent,n_train,n_test,fit_time_sec,predict_time_sec
cat,0.9905923252815098,0.0044068418675838545,6.697266575087936e-05,7.605386149593951,8145,2036,5.998600721359253,0.007282733917236328
