Model,R2,MAE,RMSE,MAPE_percent,n_train,n_test,fit_time_sec,predict_time_sec
rf,0.7499145880185014,0.6154219006447782,0.7973432548268798,20.65669296417815,6213,1553,37.08976912498474,0.2869119644165039
