Model,R2,MAE,RMSE,MAPE_percent,n_train,n_test,fit_time_sec,predict_time_sec
gbm,0.9494513254090828,0.001936018432195686,0.0005286293694493842,1.8155377505674881,8151,2038,20.9726083278656,0.012932300567626953
