Model,R2,MAE,RMSE,MAPE_percent,n_train,n_test,fit_time_sec,predict_time_sec
rf,0.9609459332743412,0.17703465493403928,0.08921120423772015,9.179512796056173,9053,2263,55.2907235622406,0.4502298831939697
