Model,R2,MAE,RMSE,MAPE_percent,n_train,n_test,fit_time_sec,predict_time_sec
cat,0.9936707431203732,0.010209308120460696,0.0002070022186783645,4.4406144646322385,8145,2036,3.6280806064605713,0.0028014183044433594
