Model,R2,MAE,RMSE,MAPE_percent,n_train,n_test,fit_time_sec,predict_time_sec
gbm,0.9863490714876785,0.022298099174522946,0.0011319324347417326,13.014460838211805,8145,2036,18.51186776161194,0.015454530715942383
