Model,R2,MAE,RMSE,MAPE_percent,n_train,n_test,fit_time_sec,predict_time_sec
cat,0.9247549816765421,0.01636715265242385,0.006021194955700051,7.603261772468212,2545,7636,4.236699104309082,0.007405757904052734
