Model,R2,MAE,RMSE,MAPE_percent,n_train,n_test,fit_time_sec,predict_time_sec
cat,0.9126042165012433,0.022782621096490867,0.00699351349068798,12.652260789020403,2545,7636,3.986804246902466,0.0077250003814697266
