Model,R2,MAE,RMSE,MAPE_percent,n_train,n_test,fit_time_sec,predict_time_sec
cat,0.9681112590331512,0.1203594569998359,0.031729235252083536,4.8783496155242325,6208,1552,3.388535261154175,0.002301454544067383
