Model,R2,MAE,RMSE,MAPE_percent,n_train,n_test,fit_time_sec,predict_time_sec
gbm,0.9428502028914834,0.002027618475473203,0.0005438500356628553,1.6728117042225643,8145,2036,20.51789879798889,0.014702081680297852
