Model,R2,MAE,RMSE,MAPE_percent,n_train,n_test,fit_time_sec,predict_time_sec
cat,0.9939417853567933,0.004638182947919004,4.565211759625856e-05,7.167297330416354,8145,2036,3.4833827018737793,0.0027494430541992188
