Model,R2,MAE,RMSE,MAPE_percent,n_train,n_test,fit_time_sec,predict_time_sec
cat,0.7867682312666059,0.08120568876185927,0.1181552084209985,5.4378756690296095,5612,1403,3.932011604309082,0.002605438232421875
