Model,R2,MAE,RMSE,MAPE_percent,n_train,n_test,fit_time_sec,predict_time_sec
cat,0.503752908004848,0.36841870881593214,0.2874585937230668,34.923240571544795,5548,2377,4.413918495178223,0.0034971237182617188
