Model,R2,MAE,RMSE,MAPE_percent,n_train,n_test,fit_time_sec,predict_time_sec
rf,0.990019870527764,0.0008797209440171665,1.4993466889145207e-06,7.522150128443855,2545,7636,13.868129968643188,0.6596508026123047
