Model,R2,MAE,RMSE,MAPE_percent,n_train,n_test,fit_time_sec,predict_time_sec
gbm,0.9523331176833431,0.05558266936304277,0.016147623325810115,4.399363506881217,6208,1552,23.120744228363037,0.012399673461914062
