Model,R2,MAE,RMSE,MAPE_percent,n_train,n_test,fit_time_sec,predict_time_sec
cat,0.9028832355159403,0.007445044995580191,0.0009562077226489202,13.33522845444069,4072,6109,5.2077696323394775,0.006529331207275391
