Model,R2,MAE,RMSE,MAPE_percent,n_train,n_test,fit_time_sec,predict_time_sec
rf,0.9960424972298751,0.007542131201704708,0.00010668119574509238,3.7127584860756353,8145,2036,50.872965574264526,0.4000730514526367
