Model,R2,MAE,RMSE,MAPE_percent,n_train,n_test,fit_time_sec,predict_time_sec
cat,0.9884914859597922,0.0006626805572698896,4.518860345770415e-06,4.0376176876458985,8145,2036,3.5674479007720947,0.002567291259765625
