Model,R2,MAE,RMSE,MAPE_percent,n_train,n_test,fit_time_sec,predict_time_sec
rf,0.9955272358327127,0.013716744538251778,0.0008855317215434995,1.868706594847945,6213,1553,37.00732946395874,0.28324151039123535
