Model,R2,MAE,RMSE,MAPE_percent,n_train,n_test,fit_time_sec,predict_time_sec
cat,0.9945930377740799,0.0028858384490396912,1.5756274797504894e-05,4.28980921239616,8145,2036,4.681472301483154,0.0031714439392089844
