Model,R2,MAE,RMSE,MAPE_percent,n_train,n_test,fit_time_sec,predict_time_sec
rf,0.986702307765831,0.0008591397710113847,1.4240565201279529e-06,7.295643013651477,4072,6109,23.36823320388794,0.622542142868042
