Model,R2,MAE,RMSE,MAPE_percent,n_train,n_test,fit_time_sec,predict_time_sec
cat,0.9868712621544328,0.010698688354331505,0.0002148860469581006,2.9568508514700076,5944,1981,4.996532917022705,0.002983570098876953
