Model,R2,MAE,RMSE,MAPE_percent,n_train,n_test,fit_time_sec,predict_time_sec
cat,0.9879095463664395,0.0008281611813220776,1.2298954590989318e-06,7.219266738161359,8145,2036,3.7435719966888428,0.0026557445526123047
