Model,R2,MAE,RMSE,MAPE_percent,n_train,n_test,fit_time_sec,predict_time_sec
rf,0.9882377196457033,0.01572147362025944,0.0007007322243587381,10.920352497230978,8145,2036,49.62844729423523,0.4110684394836426
