Model,R2,MAE,RMSE,MAPE_percent,n_train,n_test,fit_time_sec,predict_time_sec
gbm,0.9889017615229394,0.0008928410298621207,1.4414994730276133e-06,6.755284311558829,8145,2036,20.411897897720337,0.01518702507019043
