Model,R2,MAE,RMSE,MAPE_percent,n_train,n_test,fit_time_sec,predict_time_sec
cat,0.9781222362267797,0.038441354235669765,0.0030897324613711388,4.3380173046379715,5733,3087,4.501701593399048,0.004769802093505859
