Model,R2,MAE,RMSE,MAPE_percent,n_train,n_test,fit_time_sec,predict_time_sec
rf,0.9954068878725436,0.0005423184703465826,5.855058530356395e-07,3.8289374618888075,8145,2036,52.43413710594177,0.3929324150085449
