Model,R2,MAE,RMSE,MAPE_percent,n_train,n_test,fit_time_sec,predict_time_sec
cat,0.9762503883935183,0.024801495728027624,0.0018535274962698527,4.728207254894031,2327,5431,3.5558114051818848,0.0066831111907958984
