Model,R2,MAE,RMSE,MAPE_percent,n_train,n_test,fit_time_sec,predict_time_sec
gbm,0.9953963715259091,0.007687758904145256,0.00011483301246415954,4.215449389316865,8145,2036,20.238343238830566,0.013872861862182617
