Model,R2,MAE,RMSE,MAPE_percent,n_train,n_test,fit_time_sec,predict_time_sec
rf,0.9744731994650813,0.02475415697988916,0.002612776555386344,3.942153985795794,1552,6206,7.935340166091919,0.46957898139953613
