Model,R2,MAE,RMSE,MAPE_percent,n_train,n_test,fit_time_sec,predict_time_sec
cat,0.956511812480021,0.18513609855109134,0.06796739714180575,6.081496427737741,3962,3963,4.56903862953186,0.005308389663696289
