Model,R2,MAE,RMSE,MAPE_percent,n_train,n_test,fit_time_sec,predict_time_sec
gbm,0.9836473647879733,0.005409825799215332,0.0009603319754820324,1.3705287215137936,6208,1552,16.23560881614685,0.012467384338378906
