Model,R2,MAE,RMSE,MAPE_percent,n_train,n_test,fit_time_sec,predict_time_sec
cat,0.9887676161455926,0.002355130331814838,9.867812884561352e-05,2.87461422048142,8145,2036,4.585863351821899,0.0034084320068359375
