Model,R2,MAE,RMSE,MAPE_percent,n_train,n_test,fit_time_sec,predict_time_sec
gbm,0.9303957909142813,0.14042352385424783,0.07785785821267283,6.595817240994542,6206,1552,15.385644912719727,0.012755155563354492
