Model,R2,MAE,RMSE,MAPE_percent,n_train,n_test,fit_time_sec,predict_time_sec
cat,0.4407714261856155,0.3773076880991726,0.33007128251939444,34.7756584233746,5944,1981,4.8170859813690186,0.0032944679260253906
