Model,R2,MAE,RMSE,MAPE_percent,n_train,n_test,fit_time_sec,predict_time_sec
cat,0.9658122757990419,0.07843377326300036,0.023415599506446345,1874595878.2392642,9053,2263,3.7237329483032227,0.002985239028930664
