Model,R2,MAE,RMSE,MAPE_percent,n_train,n_test,fit_time_sec,predict_time_sec
cat,0.985668233187653,0.01096538041044563,0.0014945094052329097,322198383.20728654,9053,2263,3.773571252822876,0.0029718875885009766
