Model,R2,MAE,RMSE,MAPE_percent,n_train,n_test,fit_time_sec,predict_time_sec
gbm,0.9558405609594399,0.0012145413314673971,1.9914224110203678e-05,7.521412287807487,2545,7636,6.12634539604187,0.04831337928771973
