Model,R2,MAE,RMSE,MAPE_percent,n_train,n_test,fit_time_sec,predict_time_sec
cat,0.9704241857116488,0.1674997927994885,0.06926248016612496,926399373.8659244,9053,2263,3.8850131034851074,0.0031049251556396484
