Model,R2,MAE,RMSE,MAPE_percent,n_train,n_test,fit_time_sec,predict_time_sec
rf,0.7598607595441887,0.5895395221000377,0.793127887236277,19.456090927032395,6206,1552,37.19304847717285,0.2855203151702881
