Model,R2,MAE,RMSE,MAPE_percent,n_train,n_test,fit_time_sec,predict_time_sec
cat,0.9943319049403248,0.0071764815468234044,0.00013908739639867504,3.7496106010878183,8145,2036,3.5852444171905518,0.0026967525482177734
