Model,R2,MAE,RMSE,MAPE_percent,n_train,n_test,fit_time_sec,predict_time_sec
rf,0.9888209328270103,0.004443843677568955,3.760122499473565e-05,6.717973445669305,8145,2036,51.09404516220093,0.4046468734741211
