Model,R2,MAE,RMSE,MAPE_percent,n_train,n_test,fit_time_sec,predict_time_sec
gbm,0.9520056153485961,0.26073410551692067,0.14739941510715954,7.4494404707907815,6206,1552,15.520191192626953,0.01307368278503418
