Model,R2,MAE,RMSE,MAPE_percent,n_train,n_test,fit_time_sec,predict_time_sec
gbm,0.9567701325666209,0.06551512701633476,0.011007015603611205,4.9652130379826565,5612,1403,13.881677627563477,0.011089801788330078
