Model,R2,MAE,RMSE,MAPE_percent,n_train,n_test,fit_time_sec,predict_time_sec
cat,0.391237212493055,0.3972105016231798,0.3699129585878136,37.023350042152124,1981,5944,3.90670108795166,0.006955623626708984
