Model,R2,MAE,RMSE,MAPE_percent,n_train,n_test,fit_time_sec,predict_time_sec
cat,0.5978289828530924,0.011129750324896211,0.002993861905249311,17.438744041916728,8151,2038,3.4320616722106934,0.0025572776794433594
