Model,R2,MAE,RMSE,MAPE_percent,n_train,n_test,fit_time_sec,predict_time_sec
gbm,0.9310869269798856,0.05852155507801538,0.023597013212799434,4.830539023702802,6208,1552,15.51256251335144,0.012000322341918945
