Model,R2,MAE,RMSE,MAPE_percent,n_train,n_test,fit_time_sec,predict_time_sec
gbm,0.9694493657989626,0.026151256355919434,0.003341061086490813,4.305799766629525,1552,6206,3.767146110534668,0.038511037826538086
