Model,R2,MAE,RMSE,MAPE_percent,n_train,n_test,fit_time_sec,predict_time_sec
rf,0.06426253120109737,0.0022341748660695358,0.0028580638909303517,2.419396742352379,8151,2038,53.28248453140259,0.39284276962280273
