Model,R2,MAE,RMSE,MAPE_percent,n_train,n_test,fit_time_sec,predict_time_sec
gbm,0.988042245546404,0.012107628686165781,0.00027375782274861247,6.982748365652905,8145,2036,19.945435047149658,0.014373779296875
