Model,R2,MAE,RMSE,MAPE_percent,n_train,n_test,fit_time_sec,predict_time_sec
cat,0.9870079147218405,0.016575432231541277,0.0007100489760602552,12.64544336114791,8145,2036,3.2655484676361084,0.002574920654296875
