Model,R2,MAE,RMSE,MAPE_percent,n_train,n_test,fit_time_sec,predict_time_sec
cat,0.9809019588731808,0.01515185036263331,0.0016851156657143641,139527540.71247762,9053,2263,16.21406602859497,0.002937793731689453
