Model,R2,MAE,RMSE,MAPE_percent,n_train,n_test,fit_time_sec,predict_time_sec
gbm,0.9953621725630893,0.0005306159976184037,5.412807020731691e-07,4.330883628299471,8145,2036,20.3559889793396,0.013916730880737305
