Model,R2,MAE,RMSE,MAPE_percent,n_train,n_test,fit_time_sec,predict_time_sec
cat,0.8930506869578432,0.00630147117981903,0.0009622767634367511,8.473111208635112,1018,9163,4.146420478820801,0.009453296661376953
