Model,R2,MAE,RMSE,MAPE_percent,n_train,n_test,fit_time_sec,predict_time_sec
rf,0.997704077599888,0.0005601955109472981,7.03279374229454e-07,3.964659084660385,8145,2036,50.938536405563354,0.4063124656677246
