Model,R2,MAE,RMSE,MAPE_percent,n_train,n_test,fit_time_sec,predict_time_sec
rf,0.962215277089711,0.1250849271781011,0.04836246719230399,5.20315372299979,6208,1552,36.911869525909424,0.28610849380493164
