Model,R2,MAE,RMSE,MAPE_percent,n_train,n_test,fit_time_sec,predict_time_sec
gbm,0.9886492356612141,0.000825612290827856,1.2381669044855634e-06,6.901355842814335,8145,2036,19.781500816345215,0.01457071304321289
