Model,R2,MAE,RMSE,MAPE_percent,n_train,n_test,fit_time_sec,predict_time_sec
rf,0.9890358344646633,0.002832427021993702,9.594196401329684e-05,3.821354208224547,8145,2036,50.893396854400635,0.37575292587280273
