Model,R2,MAE,RMSE,MAPE_percent,n_train,n_test,fit_time_sec,predict_time_sec
rf,0.9821622921808143,0.00481232757822821,4.638420215997642e-05,8.901010109091812,8145,2036,53.729726791381836,0.40761685371398926
