Model,R2,MAE,RMSE,MAPE_percent,n_train,n_test,fit_time_sec,predict_time_sec
gbm,0.8512306258192266,0.0034350847447891476,0.0013372386810128205,2.5845871393660285,8151,2038,21.36045551300049,0.012845039367675781
