Model,R2,MAE,RMSE,MAPE_percent,n_train,n_test,fit_time_sec,predict_time_sec
cat,0.9879317711993792,0.01964607935160442,0.0008414116200062514,12.336697934845818,8145,2036,3.5033233165740967,0.0026161670684814453
