Model,R2,MAE,RMSE,MAPE_percent,n_train,n_test,fit_time_sec,predict_time_sec
rf,0.997583621889502,0.0004009890623122332,2.9776503000380627e-07,2.8420724067227234,8145,2036,51.0962347984314,0.3808448314666748
