Model,R2,MAE,RMSE,MAPE_percent,n_train,n_test,fit_time_sec,predict_time_sec
cat,0.8683326316715688,0.08906860797367984,0.05698733909214715,7.232747801606583,702,6313,3.7321364879608154,0.006592750549316406
