Model,R2,MAE,RMSE,MAPE_percent,n_train,n_test,fit_time_sec,predict_time_sec
rf,0.9548777838384237,0.009157329416736922,0.0020246917502310807,2.2275346271253293,6214,1554,38.035808801651,0.2874889373779297
