Model,R2,MAE,RMSE,MAPE_percent,n_train,n_test,fit_time_sec,predict_time_sec
gbm,0.989414441291772,0.01582451807580166,0.0005785264613709318,12.2611066613075,8145,2036,18.374305248260498,0.015108823776245117
