Model,R2,MAE,RMSE,MAPE_percent,n_train,n_test,fit_time_sec,predict_time_sec
gbm,0.9948244732438917,0.007587942856419218,0.00010743897516602455,4.22080375168889,8145,2036,20.2266263961792,0.013640165328979492
