Model,R2,MAE,RMSE,MAPE_percent,n_train,n_test,fit_time_sec,predict_time_sec
gbm,0.9885341046610892,0.0008160199168315251,1.2256993134859182e-06,7.0277531382627645,8145,2036,19.727519512176514,0.01453256607055664
