Model,R2,MAE,RMSE,MAPE_percent,n_train,n_test,fit_time_sec,predict_time_sec
rf,-0.3384304069328903,0.01032435119718418,0.013997075646291032,14.629770338355069,8151,2038,52.33242464065552,0.4053189754486084
