Model,R2,MAE,RMSE,MAPE_percent,n_train,n_test,fit_time_sec,predict_time_sec
rf,0.8991554903184983,0.05717216037841015,0.019430840965667537,5.0472795608766985,6208,1552,44.77638101577759,0.2942016124725342
