Model,R2,MAE,RMSE,MAPE_percent,n_train,n_test,fit_time_sec,predict_time_sec
cat,0.9854651671580986,0.01212602004434758,0.0003412400903421469,3.5860564204287195,7921,3395,4.979325532913208,0.004528045654296875
