Model,R2,MAE,RMSE,MAPE_percent,n_train,n_test,fit_time_sec,predict_time_sec
gbm,0.9321968536967861,0.0011418039726615518,2.0408811699521326e-05,9.034590789962547,509,9672,1.2941792011260986,0.0675957202911377
