Model,R2,MAE,RMSE,MAPE_percent,n_train,n_test,fit_time_sec,predict_time_sec
gbm,0.9952149267539001,0.004516015824443691,6.715826528909811e-05,1.6092746434229557,6214,1554,15.461931467056274,0.01160430908203125
