Model,R2,MAE,RMSE,MAPE_percent,n_train,n_test,fit_time_sec,predict_time_sec
gbm,0.9991854018280925,0.00339600884447284,2.600934799184944e-05,1.4859257690907801,8151,2038,20.567283391952515,0.012293338775634766
