Model,R2,MAE,RMSE,MAPE_percent,n_train,n_test,fit_time_sec,predict_time_sec
cat,0.994394806160183,0.01102393054639654,0.0004785484312546802,4.646757111304733,8145,2036,7.530137300491333,0.017745018005371094
