Model,R2,MAE,RMSE,MAPE_percent,n_train,n_test,fit_time_sec,predict_time_sec
cat,0.9965936225675395,0.0070019373228217005,0.00011459745243346393,3.159775031262909,8145,2036,3.7789809703826904,0.0027849674224853516
