Model,R2,MAE,RMSE,MAPE_percent,n_train,n_test,fit_time_sec,predict_time_sec
rf,0.9561476570569083,0.13758919909776599,0.05651529587216208,5.775535856646733,6208,1552,38.71090030670166,0.2940068244934082
