Model,R2,MAE,RMSE,MAPE_percent,n_train,n_test,fit_time_sec,predict_time_sec
cat,0.9837424401701268,0.013330852148314675,0.0003143190590730031,6.7806868681084795,6109,4072,4.637503385543823,0.005176544189453125
