Model,R2,MAE,RMSE,MAPE_percent,n_train,n_test,fit_time_sec,predict_time_sec
cat,0.9464908187123134,0.1966106185854491,0.10932242149021448,6.779514645483389,2774,5151,4.559628486633301,0.006888151168823242
