Model,R2,MAE,RMSE,MAPE_percent,n_train,n_test,fit_time_sec,predict_time_sec
cat,0.929053218720877,0.015433902970367721,0.005663198269600142,7.418905513695593,4072,6109,4.634698867797852,0.006470441818237305
