Model,R2,MAE,RMSE,MAPE_percent,n_train,n_test,fit_time_sec,predict_time_sec
cat,0.9414147074433464,0.20424759894803313,0.12146677709085112,7.169566566222637,1981,5944,4.5779547691345215,0.0067975521087646484
