Model,R2,MAE,RMSE,MAPE_percent,n_train,n_test,fit_time_sec,predict_time_sec
gbm,0.9988423044927245,0.00034524704950215115,4.545276744336698e-07,2.1021498513435084,8145,2036,20.501829624176025,0.014239311218261719
