Model,R2,MAE,RMSE,MAPE_percent,n_train,n_test,fit_time_sec,predict_time_sec
cat,0.6099469537528925,0.6105768760013071,0.7990089934894449,25.22202081230026,792,7133,3.25544810295105,0.006597280502319336
