Model,R2,MAE,RMSE,MAPE_percent,n_train,n_test,fit_time_sec,predict_time_sec
cat,0.9042683826727321,0.023662959096499,0.011614013661342381,320150490.9286641,3395,7921,4.430772304534912,0.010877847671508789
