Model,R2,MAE,RMSE,MAPE_percent,n_train,n_test,fit_time_sec,predict_time_sec
rf,0.9271687370963939,0.0010454614626806743,2.2062926869808616e-05,8.33226565690844,1018,9163,5.109295606613159,0.6323277950286865
