Model,R2,MAE,RMSE,MAPE_percent,n_train,n_test,fit_time_sec,predict_time_sec
cat,0.9883549897408997,0.016019560340451554,0.0006803348556060089,8.338147082517484,1527,8654,4.301548957824707,0.008753299713134766
