Model,R2,MAE,RMSE,MAPE_percent,n_train,n_test,fit_time_sec,predict_time_sec
cat,0.720249562746271,0.5292012589354398,0.5628551782368926,22.245284104328857,4755,3170,4.344888925552368,0.004247426986694336
