Model,R2,MAE,RMSE,MAPE_percent,n_train,n_test,fit_time_sec,predict_time_sec
gbm,0.999269232788247,0.0010781403405833309,2.2530445505677496e-06,1.4628474361382067,8145,2036,20.50617480278015,0.013642311096191406
