Model,R2,MAE,RMSE,MAPE_percent,n_train,n_test,fit_time_sec,predict_time_sec
cat,0.9529996745928916,0.08038132359274541,0.02774804701427829,5.45176582484965,3962,3963,4.51692271232605,0.0051233768463134766
