Model,R2,MAE,RMSE,MAPE_percent,n_train,n_test,fit_time_sec,predict_time_sec
rf,0.9451781678429257,0.1918840243967338,0.11189131505052916,7.7036718158486925,9059,2265,55.5748987197876,0.4403414726257324
