Model,R2,MAE,RMSE,MAPE_percent,n_train,n_test,fit_time_sec,predict_time_sec
gbm,0.9472173588382405,0.2511917727959615,0.14470211760291646,6.487068603426247,6206,1552,15.333534717559814,0.012838602066040039
