Model,R2,MAE,RMSE,MAPE_percent,n_train,n_test,fit_time_sec,predict_time_sec
gbm,0.9647523424916385,0.029317400210085855,0.010099052407961424,3.500040764725243,6213,1553,15.500577449798584,0.012347698211669922
