Model,R2,MAE,RMSE,MAPE_percent,n_train,n_test,fit_time_sec,predict_time_sec
cat,0.9792020030357951,0.0379199762617026,0.003019267277865055,4.210712731928156,7056,1764,3.4543209075927734,0.002423524856567383
