Model,R2,MAE,RMSE,MAPE_percent,n_train,n_test,fit_time_sec,predict_time_sec
rf,0.9969947838208181,0.007064254362681198,0.00010555134222763968,2.970031074135318,8145,2036,53.5147647857666,0.422879695892334
