Model,R2,MAE,RMSE,MAPE_percent,n_train,n_test,fit_time_sec,predict_time_sec
cat,0.9949570684909868,0.009347065670357027,0.0003085415271545939,5.0627906334011366,8145,2036,13.128259181976318,0.0176699161529541
