Model,R2,MAE,RMSE,MAPE_percent,n_train,n_test,fit_time_sec,predict_time_sec
cat,0.9545068517468224,0.08044187748365997,0.025777996643598852,5.762461188113471,4359,3566,4.6564390659332275,0.005049467086791992
