Model,R2,MAE,RMSE,MAPE_percent,n_train,n_test,fit_time_sec,predict_time_sec
rf,0.679171894726291,0.019345962739053844,0.028670194499459532,5.056669630782556,8151,2038,54.87892246246338,0.4386405944824219
