Model,R2,MAE,RMSE,MAPE_percent,n_train,n_test,fit_time_sec,predict_time_sec
gbm,0.9886119194411587,0.006490084293851315,8.687084202094535e-05,12.519076602305033,8145,2036,18.408719778060913,0.01549983024597168
