Model,R2,MAE,RMSE,MAPE_percent,n_train,n_test,fit_time_sec,predict_time_sec
rf,0.9546558111906744,0.18483244894403666,0.08217147909160032,7.816893567510539,9053,2263,55.18268036842346,0.4381892681121826
