Model,R2,MAE,RMSE,MAPE_percent,n_train,n_test,fit_time_sec,predict_time_sec
cat,0.9949679941282067,0.0005791175483268098,6.511832262007687e-07,4.236924689169479,8145,2036,3.663119316101074,0.002723217010498047
