Model,R2,MAE,RMSE,MAPE_percent,n_train,n_test,fit_time_sec,predict_time_sec
rf,0.9523767287077641,0.030678731061640246,0.011595065570483686,3.6706160787254376,5431,2327,31.96927237510681,0.3486447334289551
