Model,R2,MAE,RMSE,MAPE_percent,n_train,n_test,fit_time_sec,predict_time_sec
gbm,0.9808886331469513,0.017111549996997266,0.0012392120889674146,2.917894303259452,6206,1552,15.37836766242981,0.012005090713500977
