Model,R2,MAE,RMSE,MAPE_percent,n_train,n_test,fit_time_sec,predict_time_sec
gbm,0.9899780947206311,0.0009803189516561356,1.777758324273808e-06,7.437531576610092,2545,7636,5.981594800949097,0.04599428176879883
