Model,R2,MAE,RMSE,MAPE_percent,n_train,n_test,fit_time_sec,predict_time_sec
rf,0.10341513945019642,0.01269017579348619,0.017720238762260115,9.92847247689955,8151,2038,53.981117963790894,0.39322638511657715
