Model,R2,MAE,RMSE,MAPE_percent,n_train,n_test,fit_time_sec,predict_time_sec
cat,0.9023503399063382,0.0011033326673109954,4.1323259288384136e-05,7.2901132824333805,5090,5091,4.7947773933410645,0.005598545074462891
