Model,R2,MAE,RMSE,MAPE_percent,n_train,n_test,fit_time_sec,predict_time_sec
gbm,0.9874454374287412,0.01518531042421746,0.00043912466291931487,6.943970519939666,8145,2036,20.00043821334839,0.014285087585449219
