Model,R2,MAE,RMSE,MAPE_percent,n_train,n_test,fit_time_sec,predict_time_sec
rf,0.9348453640878912,0.013695315782720532,0.0031990996649744166,3.8282426370851925,388,7372,1.8351595401763916,0.3840053081512451
