Model,R2,MAE,RMSE,MAPE_percent,n_train,n_test,fit_time_sec,predict_time_sec
cat,0.9908278311430285,0.006790918934932733,0.0005525031201305588,2.4331759995217226,6208,1552,8.513289451599121,0.017760515213012695
