Model,R2,MAE,RMSE,MAPE_percent,n_train,n_test,fit_time_sec,predict_time_sec
rf,0.39742455622413153,0.13372642624136274,0.062002059314740766,373.67530769829716,9053,2263,68.11396598815918,0.49314117431640625
