Model,R2,MAE,RMSE,MAPE_percent,n_train,n_test,fit_time_sec,predict_time_sec
cat,0.9513707474923234,0.08309112680816065,0.028025319512907276,5.896189872398651,3170,4755,4.574983358383179,0.005060434341430664
