Model,R2,MAE,RMSE,MAPE_percent,n_train,n_test,fit_time_sec,predict_time_sec
rf,0.16979778696382652,0.02329273452214113,0.10479010994597497,5.106943095316409,8151,2038,56.502888917922974,0.3849985599517822
