Model,R2,MAE,RMSE,MAPE_percent,n_train,n_test,fit_time_sec,predict_time_sec
cat,0.9606219729317298,0.06602718410948233,0.011787970852005815,5.190729361811153,2806,4209,4.528341054916382,0.005792379379272461
