Model,R2,MAE,RMSE,MAPE_percent,n_train,n_test,fit_time_sec,predict_time_sec
cat,0.9966069104824341,0.00040927226735995305,3.716955145764558e-07,3.260446142477157,8145,2036,3.798989772796631,0.002739429473876953
