Model,R2,MAE,RMSE,MAPE_percent,n_train,n_test,fit_time_sec,predict_time_sec
cat,0.9892570761638838,0.011056087996658477,0.001038438790882424,4.57826023403044,8145,2036,3.6299543380737305,0.0028116703033447266
