Model,R2,MAE,RMSE,MAPE_percent,n_train,n_test,fit_time_sec,predict_time_sec
cat,0.38442687872389225,0.3362426422046587,0.26686466297312866,32.689486086808564,5612,1403,3.0929884910583496,0.0022919178009033203
