Model,R2,MAE,RMSE,MAPE_percent,n_train,n_test,fit_time_sec,predict_time_sec
cat,0.9768526245030262,0.026477217663322675,0.002032118092400344,5.182224012031111,1940,5818,3.234792947769165,0.006817340850830078
