Model,R2,MAE,RMSE,MAPE_percent,n_train,n_test,fit_time_sec,predict_time_sec
rf,0.9694772619683938,0.05621778474727996,0.009293854445063964,3.651152306520526,6340,1585,36.509623527526855,0.2935307025909424
