Model,R2,MAE,RMSE,MAPE_percent,n_train,n_test,fit_time_sec,predict_time_sec
cat,0.9494382698555134,0.19104246467394642,0.0791578702516557,6.231992230710799,3566,4359,4.5204761028289795,0.005342721939086914
