Model,R2,MAE,RMSE,MAPE_percent,n_train,n_test,fit_time_sec,predict_time_sec
cat,0.9753217322189368,0.001091929453458324,7.787887719534256e-06,7.746250709213333,4072,6109,4.415758848190308,0.0067675113677978516
