Model,R2,MAE,RMSE,MAPE_percent,n_train,n_test,fit_time_sec,predict_time_sec
cat,0.9968113991603403,0.00038531275542133433,3.231547497945576e-07,3.2995899282013506,8145,2036,3.6889114379882812,0.0028133392333984375
