Model,R2,MAE,RMSE,MAPE_percent,n_train,n_test,fit_time_sec,predict_time_sec
cat,0.9206457576139024,0.01717365500317632,0.006263360628860786,7.749649161534256,2036,8145,3.9451558589935303,0.011684179306030273
