Model,R2,MAE,RMSE,MAPE_percent,n_train,n_test,fit_time_sec,predict_time_sec
gbm,0.8859589506500242,0.09236812200951988,0.023411462160256226,7.788478607998163,6208,1552,15.52862286567688,0.011189460754394531
