Model,R2,MAE,RMSE,MAPE_percent,n_train,n_test,fit_time_sec,predict_time_sec
rf,0.9531653384834747,0.01328791516877528,0.004101042260266566,2.2482721695807895,6340,1585,38.59565567970276,0.2891876697540283
