Model,R2,MAE,RMSE,MAPE_percent,n_train,n_test,fit_time_sec,predict_time_sec
gbm,0.9897258044157696,0.007027886473450246,0.00011129552579836413,2.7000445638113253,3880,3880,9.49796175956726,0.023741722106933594
