Model,R2,MAE,RMSE,MAPE_percent,n_train,n_test,fit_time_sec,predict_time_sec
gbm,0.8962221502164887,0.28828943148201297,0.17006376212932178,11.81051038577648,6208,1552,15.469638586044312,0.012370824813842773
