Model,R2,MAE,RMSE,MAPE_percent,n_train,n_test,fit_time_sec,predict_time_sec
cat,0.9244023760436617,0.01901570123897661,0.010396913286429946,522477140.0901498,9053,2263,3.601707696914673,0.0031142234802246094
