Model,R2,MAE,RMSE,MAPE_percent,n_train,n_test,fit_time_sec,predict_time_sec
rf,0.9971099349204852,0.002634551459337754,2.8779822111636027e-05,3.100040236424719,8145,2036,57.36247539520264,0.46694135665893555
