Model,R2,MAE,RMSE,MAPE_percent,n_train,n_test,fit_time_sec,predict_time_sec
cat,0.7142794377133475,0.014679610983095536,0.040019450011361674,5.142385247830628,8151,2038,3.7588250637054443,0.0026590824127197266
