Model,R2,MAE,RMSE,MAPE_percent,n_train,n_test,fit_time_sec,predict_time_sec
rf,0.9982927378365434,0.004059782754335445,9.770250231056456e-05,2.022683870957264,8145,2036,54.24033045768738,0.4411160945892334
