Model,R2,MAE,RMSE,MAPE_percent,n_train,n_test,fit_time_sec,predict_time_sec
cat,0.9849060810099229,0.0008698273880847845,1.4887768882821378e-06,7.24416059563641,4581,5600,3.448629379272461,0.007173061370849609
