Model,R2,MAE,RMSE,MAPE_percent,n_train,n_test,fit_time_sec,predict_time_sec
rf,0.940913692580145,0.0012046312335955347,2.7107548160326114e-05,7.256560479537341,3563,6618,20.247236251831055,0.6619799137115479
