Model,R2,MAE,RMSE,MAPE_percent,n_train,n_test,fit_time_sec,predict_time_sec
rf,0.9708942810097541,0.05387082688207244,0.0072885700430936505,4.053646080519628,5684,1421,34.047022342681885,0.27477240562438965
