Model,R2,MAE,RMSE,MAPE_percent,n_train,n_test,fit_time_sec,predict_time_sec
gbm,0.9364967987976152,0.052037912649000574,0.02174458070372738,4.342034678517261,6208,1552,15.61503791809082,0.012008190155029297
