Model,R2,MAE,RMSE,MAPE_percent,n_train,n_test,fit_time_sec,predict_time_sec
gbm,0.9991533762101908,0.003225416171992305,2.3987574969860307e-05,1.467848192562712,8145,2036,20.401296377182007,0.013476371765136719
