Model,R2,MAE,RMSE,MAPE_percent,n_train,n_test,fit_time_sec,predict_time_sec
rf,0.8828504357186482,0.003401390826419462,0.0011231458282128964,4.3596181146643165,8145,2036,67.6288652420044,0.43024682998657227
