Model,R2,MAE,RMSE,MAPE_percent,n_train,n_test,fit_time_sec,predict_time_sec
gbm,0.9410421152512543,0.12084301003948829,0.03727539140988667,6.081245757867014,6206,1552,15.44680404663086,0.011873960494995117
