Model,R2,MAE,RMSE,MAPE_percent,n_train,n_test,fit_time_sec,predict_time_sec
gbm,0.9877755195556805,0.0011298622937491057,5.7853068425509555e-06,7.15635756697563,8145,2036,19.918076515197754,0.01493525505065918
