Model,R2,MAE,RMSE,MAPE_percent,n_train,n_test,fit_time_sec,predict_time_sec
gbm,0.43284806167774725,0.3881166551404617,0.3653283273016597,33.27907236015765,6340,1585,14.058769702911377,0.012223243713378906
