Model,R2,MAE,RMSE,MAPE_percent,n_train,n_test,fit_time_sec,predict_time_sec
cat,0.9851186879312833,0.013513503296588715,0.0004500408360790786,17.09071203652404,5658,5658,4.514514684677124,0.006746768951416016
