Model,R2,MAE,RMSE,MAPE_percent,n_train,n_test,fit_time_sec,predict_time_sec
cat,0.9901703338272976,0.0009061413698430667,2.948907193181414e-06,7.624607206029969,6109,4072,3.38620924949646,0.004369258880615234
