Model,R2,MAE,RMSE,MAPE_percent,n_train,n_test,fit_time_sec,predict_time_sec
gbm,0.996366318699416,0.00042288156058132914,3.766423532872545e-07,3.5574711285655973,8145,2036,20.221438884735107,0.013757944107055664
