Model,R2,MAE,RMSE,MAPE_percent,n_train,n_test,fit_time_sec,predict_time_sec
cat,0.9962862580964151,0.006553258673139931,9.52660737832789e-05,1.8161900047303465,6340,1585,4.570784568786621,0.002825498580932617
