Model,R2,MAE,RMSE,MAPE_percent,n_train,n_test,fit_time_sec,predict_time_sec
rf,0.9414216641582955,0.0011463653728322866,1.9666989204132362e-05,8.301702130090547,509,9672,2.4309868812561035,0.5478339195251465
