Model,R2,MAE,RMSE,MAPE_percent,n_train,n_test,fit_time_sec,predict_time_sec
cat,0.9607444587916015,0.1867713804784327,0.07934978755625174,6.094526545443295,5548,2377,5.704593896865845,0.003599882125854492
