Model,R2,MAE,RMSE,MAPE_percent,n_train,n_test,fit_time_sec,predict_time_sec
gbm,0.9267541828523262,0.2953725076777265,0.23332522432745378,8.237439275697742,6213,1553,15.447502374649048,0.012859821319580078
