Model,R2,MAE,RMSE,MAPE_percent,n_train,n_test,fit_time_sec,predict_time_sec
gbm,0.9743822977309684,0.001247948328324149,3.1464681778456844e-06,10.14285081375796,8145,2036,19.71859121322632,0.015194892883300781
