Model,R2,MAE,RMSE,MAPE_percent,n_train,n_test,fit_time_sec,predict_time_sec
rf,0.9477815679255907,0.0010437910892086295,1.87471331703221e-05,7.558409044689893,3054,7127,17.133973360061646,0.6780345439910889
