Model,R2,MAE,RMSE,MAPE_percent,n_train,n_test,fit_time_sec,predict_time_sec
cat,0.9795781479955886,0.016054492548397845,0.0020861119701607663,548579813.2393068,9053,2263,16.51410698890686,0.01815009117126465
