Model,R2,MAE,RMSE,MAPE_percent,n_train,n_test,fit_time_sec,predict_time_sec
rf,0.9687403385729582,0.11018557810446317,0.02881532370090904,4.472694761720176,6208,1552,36.51383900642395,0.2830843925476074
