Model,R2,MAE,RMSE,MAPE_percent,n_train,n_test,fit_time_sec,predict_time_sec
rf,0.946462783486657,0.140197085606791,0.0654575675478771,5.9505421169682915,6208,1552,38.59946584701538,0.29399704933166504
