Model,R2,MAE,RMSE,MAPE_percent,n_train,n_test,fit_time_sec,predict_time_sec
rf,0.98778014991719,0.013381323653599014,0.0003548027372145782,6.586210301373126,8145,2036,51.30989670753479,0.4000434875488281
