Model,R2,MAE,RMSE,MAPE_percent,n_train,n_test,fit_time_sec,predict_time_sec
rf,0.8857344667105558,0.08200482494562514,0.060757655168074985,5.351129272061465,5612,1403,32.94883918762207,0.27077436447143555
