Model,R2,MAE,RMSE,MAPE_percent,n_train,n_test,fit_time_sec,predict_time_sec
gbm,0.9771201374682627,0.06449805693112025,0.014885521953427858,443731894.79023814,9053,2263,45.73885107040405,0.031754493713378906
