Model,R2,MAE,RMSE,MAPE_percent,n_train,n_test,fit_time_sec,predict_time_sec
rf,0.9716155682855387,0.000384433543761809,1.0983557040078657e-05,1.8949688570018157,8145,2036,49.19252610206604,0.37679553031921387
