Model,R2,MAE,RMSE,MAPE_percent,n_train,n_test,fit_time_sec,predict_time_sec
gbm,0.9662586162887767,0.12516124730383318,0.03357261118014012,5.013843789020204,6208,1552,15.368775606155396,0.012562751770019531
