Model,R2,MAE,RMSE,MAPE_percent,n_train,n_test,fit_time_sec,predict_time_sec
rf,0.9947573526361358,0.0005969825588564057,7.778818372680186e-07,3.832682215933672,8145,2036,52.1462664604187,0.3827359676361084
