Model,R2,MAE,RMSE,MAPE_percent,n_train,n_test,fit_time_sec,predict_time_sec
rf,0.9949701881187472,0.0006296729032795499,8.375156989078892e-07,4.002763079261559,8145,2036,52.884761810302734,0.40371274948120117
