Model,R2,MAE,RMSE,MAPE_percent,n_train,n_test,fit_time_sec,predict_time_sec
cat,0.9604860962941008,0.07782131841173916,0.014700652562186068,149353067.6364193,5092,6224,4.609681844711304,0.007241010665893555
