Model,R2,MAE,RMSE,MAPE_percent,n_train,n_test,fit_time_sec,predict_time_sec
gbm,0.8905933502724989,0.010060102629719634,0.012697283490308495,3.2154179735976833,8145,2036,24.51987600326538,0.014578819274902344
