Model,R2,MAE,RMSE,MAPE_percent,n_train,n_test,fit_time_sec,predict_time_sec
cat,0.9556784545561747,0.016298138973344672,0.004874221281546905,221218197.9298724,9053,2263,14.057239055633545,0.0025949478149414062
