Model,R2,MAE,RMSE,MAPE_percent,n_train,n_test,fit_time_sec,predict_time_sec
gbm,0.9865696843546518,0.0006013466625035986,5.755958494925618e-06,3.3048133146667933,8145,2036,20.487119674682617,0.013992547988891602
