Model,R2,MAE,RMSE,MAPE_percent,n_train,n_test,fit_time_sec,predict_time_sec
cat,0.42487135335752,0.21398015990480984,0.13350510053004702,49.66630617336418,6206,1552,4.16743016242981,0.0028340816497802734
