Model,R2,MAE,RMSE,MAPE_percent,n_train,n_test,fit_time_sec,predict_time_sec
cat,0.7743071389420775,0.07846077983648776,0.1095179219253209,6.558969145769724,710,6395,3.653249502182007,0.009310245513916016
