Model,R2,MAE,RMSE,MAPE_percent,n_train,n_test,fit_time_sec,predict_time_sec
gbm,0.9245792960938543,0.0017506790222933748,3.509544625192149e-05,13.879360222107529,8145,2036,18.188452005386353,0.015074729919433594
