Model,R2,MAE,RMSE,MAPE_percent,n_train,n_test,fit_time_sec,predict_time_sec
gbm,0.6655759440376376,0.46660587337742526,0.4249958569869935,24.800582646606323,6208,1552,13.724692583084106,0.011945486068725586
