Model,R2,MAE,RMSE,MAPE_percent,n_train,n_test,fit_time_sec,predict_time_sec
cat,0.8423259269480373,0.08328970876166587,0.07440535455789393,5.916461433068448,3508,3507,4.574880361557007,0.004065036773681641
