Model,R2,MAE,RMSE,MAPE_percent,n_train,n_test,fit_time_sec,predict_time_sec
gbm,0.01461195214446298,0.002212356726104381,0.0005599201550391352,14.662043082814849,8151,2038,18.52739429473877,0.01500248908996582
