Model,R2,MAE,RMSE,MAPE_percent,n_train,n_test,fit_time_sec,predict_time_sec
rf,0.9676352808582784,0.027395078595433196,0.006804113123208386,3.1776238832487027,6206,1552,37.05154585838318,0.28219151496887207
