Model,R2,MAE,RMSE,MAPE_percent,n_train,n_test,fit_time_sec,predict_time_sec
rf,0.7675432489795067,0.21498594139513405,0.7051335922141673,50171630.65932746,9059,2265,55.580883502960205,0.4435768127441406
