Model,R2,MAE,RMSE,MAPE_percent,n_train,n_test,fit_time_sec,predict_time_sec
rf,0.2887872824999488,0.14490858584620975,0.08125668999084475,131475202.8384106,9059,2265,66.44655847549438,0.45580363273620605
