Model,R2,MAE,RMSE,MAPE_percent,n_train,n_test,fit_time_sec,predict_time_sec
gbm,0.9607990467686657,0.038772101532689694,0.0070059380755067915,3.537125175583348,6208,1552,15.509170055389404,0.01162409782409668
