Model,R2,MAE,RMSE,MAPE_percent,n_train,n_test,fit_time_sec,predict_time_sec
rf,0.9755003560288389,0.017287714707049623,0.0006350839865127613,9.563659545129235,8145,2036,52.387951612472534,0.40102410316467285
