Model,R2,MAE,RMSE,MAPE_percent,n_train,n_test,fit_time_sec,predict_time_sec
cat,0.9706988529840386,0.008395776331392971,0.0003068319419761055,14.154246554608992,8145,2036,3.390618324279785,0.0026235580444335938
