Model,R2,MAE,RMSE,MAPE_percent,n_train,n_test,fit_time_sec,predict_time_sec
rf,0.978322759353838,0.01416465974539907,0.002226107799466794,557136.8660166372,9053,2263,113.45716428756714,0.4639909267425537
