Model,R2,MAE,RMSE,MAPE_percent,n_train,n_test,fit_time_sec,predict_time_sec
cat,0.9894753323676961,0.005630254505689957,6.519231872858359e-05,9.134716132695498,1018,9163,3.783195734024048,0.008487462997436523
