Model,R2,MAE,RMSE,MAPE_percent,n_train,n_test,fit_time_sec,predict_time_sec
rf,0.9721875717143885,0.027066641829612857,0.0058109751140913895,3.46774597123548,6206,1552,37.97979998588562,0.28850507736206055
