Model,R2,MAE,RMSE,MAPE_percent,n_train,n_test,fit_time_sec,predict_time_sec
gbm,0.9898179767135692,0.0012956816426122144,3.233840443092009e-06,12.233386862654836,8145,2036,39.55315399169922,0.0158541202545166
