Model,R2,MAE,RMSE,MAPE_percent,n_train,n_test,fit_time_sec,predict_time_sec
cat,0.08832162812873123,0.26778155645094714,1.1788282570391524,39.27681961583473,7056,1764,4.742047071456909,0.002934694290161133
