Model,R2,MAE,RMSE,MAPE_percent,n_train,n_test,fit_time_sec,predict_time_sec
cat,0.9688844834293329,0.0493689434728718,0.006004235097006435,5.965064322195168,2205,6615,5.660066843032837,0.006601572036743164
