Model,R2,MAE,RMSE,MAPE_percent,n_train,n_test,fit_time_sec,predict_time_sec
rf,0.9957863644688612,0.0005267086113486858,5.365850792233157e-07,3.740686787755053,8145,2036,50.85864043235779,0.3902862071990967
