Model,R2,MAE,RMSE,MAPE_percent,n_train,n_test,fit_time_sec,predict_time_sec
cat,0.9766521471968898,0.0009172217829583113,1.5537413845832493e-06,6.614534576103731,8145,2036,3.462924003601074,0.002666950225830078
