Model,R2,MAE,RMSE,MAPE_percent,n_train,n_test,fit_time_sec,predict_time_sec
rf,0.907375614839534,0.004332286510543066,0.0060300122096781554,3.0147888610588076,8151,2038,56.16930794715881,0.3948512077331543
