Model,R2,MAE,RMSE,MAPE_percent,n_train,n_test,fit_time_sec,predict_time_sec
cat,0.9778560322519382,0.000925679527056123,1.4680793635318104e-06,6.725404905219815,8145,2036,5.02813720703125,0.0032029151916503906
