Model,R2,MAE,RMSE,MAPE_percent,n_train,n_test,fit_time_sec,predict_time_sec
cat,0.923389167267138,0.0009732486214203181,2.4428567551353815e-05,7.808768269764702,3563,6618,3.290477752685547,0.0062100887298583984
