Model,R2,MAE,RMSE,MAPE_percent,n_train,n_test,fit_time_sec,predict_time_sec
cat,0.9964272515586566,0.0070550683542791644,9.626613025766472e-05,3.430277988135795,8145,2036,3.5288591384887695,0.002863645553588867
