Model,R2,MAE,RMSE,MAPE_percent,n_train,n_test,fit_time_sec,predict_time_sec
cat,0.7798205557023676,0.07081857589510837,0.0946690616787542,4.915188274137893,5612,1403,3.730332136154175,0.0026175975799560547
