Model,R2,MAE,RMSE,MAPE_percent,n_train,n_test,fit_time_sec,predict_time_sec
cat,0.9929083481515181,0.0005653691174212067,9.058844377557088e-07,4.1461334680247335,8151,2038,3.7536230087280273,0.0026481151580810547
