Model,R2,MAE,RMSE,MAPE_percent,n_train,n_test,fit_time_sec,predict_time_sec
rf,0.9738109509916388,0.005870018909326905,7.473170510859112e-05,9.557192585640442,8145,2036,52.44247221946716,0.40974998474121094
