Model,R2,MAE,RMSE,MAPE_percent,n_train,n_test,fit_time_sec,predict_time_sec
cat,0.8913150666102855,0.007229017403963315,0.0010186023774657533,12.784739412938626,4581,5600,4.361267328262329,0.006299018859863281
