Model,R2,MAE,RMSE,MAPE_percent,n_train,n_test,fit_time_sec,predict_time_sec
cat,0.9711065935426679,0.06018808069486321,0.008800794198335765,4.857510315665535,2842,4263,4.379993438720703,0.005476474761962891
