Model,R2,MAE,RMSE,MAPE_percent,n_train,n_test,fit_time_sec,predict_time_sec
gbm,0.9471268298371756,0.0038804066408357407,0.0006006815825456619,4.10850514893003,8145,2036,38.03707027435303,0.014461517333984375
