Model,R2,MAE,RMSE,MAPE_percent,n_train,n_test,fit_time_sec,predict_time_sec
rf,0.9430620735215016,0.28386653848716753,0.20525450024601122,7.31142316389779,6213,1553,37.17657971382141,0.2830052375793457
