Model,R2,MAE,RMSE,MAPE_percent,n_train,n_test,fit_time_sec,predict_time_sec
gbm,0.9991457680981553,0.00023762183936199604,1.1056621462695228e-07,1.6566656953242307,8145,2036,20.399495363235474,0.014750480651855469
