Model,R2,MAE,RMSE,MAPE_percent,n_train,n_test,fit_time_sec,predict_time_sec
gbm,0.9515707581170612,0.082179971184313,0.023212719044536773,5.956688902383337,9059,2265,22.970733642578125,0.01800847053527832
