Model,R2,MAE,RMSE,MAPE_percent,n_train,n_test,fit_time_sec,predict_time_sec
cat,0.9192732794420648,0.0069420651049562025,0.0006958593959702228,10.283675679023787,509,9672,3.493727445602417,0.009815692901611328
