Model,R2,MAE,RMSE,MAPE_percent,n_train,n_test,fit_time_sec,predict_time_sec
cat,0.9394742821090049,0.020780846028895798,0.007873046223753698,690108232.7989985,9053,2263,3.715723991394043,0.002901792526245117
