Model,R2,MAE,RMSE,MAPE_percent,n_train,n_test,fit_time_sec,predict_time_sec
gbm,0.9941187519724697,0.001066158231177347,2.261274022296271e-06,7.177935848827516,8145,2036,37.45447874069214,0.027682065963745117
