Model,R2,MAE,RMSE,MAPE_percent,n_train,n_test,fit_time_sec,predict_time_sec
cat,0.9863844823727894,0.003292455666250765,0.00011327038261795039,4.762178224000885,8145,2036,3.7109954357147217,0.002738475799560547
