Model,R2,MAE,RMSE,MAPE_percent,n_train,n_test,fit_time_sec,predict_time_sec
cat,0.9966933892623302,0.005857944461169737,7.759853445522121e-05,3.282215641039505,8145,2036,4.6929543018341064,0.0029516220092773438
