Model,R2,MAE,RMSE,MAPE_percent,n_train,n_test,fit_time_sec,predict_time_sec
cat,0.7590880037014675,0.520333593526762,0.5727599607208858,11712511861.721085,6790,4526,4.546462297439575,0.006974458694458008
