Model,R2,MAE,RMSE,MAPE_percent,n_train,n_test,fit_time_sec,predict_time_sec
cat,0.9837547792437784,0.006820820698297772,0.00012504479731597536,12.855348354781823,6109,4072,4.422359943389893,0.005888700485229492
