Model,R2,MAE,RMSE,MAPE_percent,n_train,n_test,fit_time_sec,predict_time_sec
cat,0.9866931344845687,0.0006093957330448782,6.192071398054249e-06,3.6883810339271434,8145,2036,7.316190719604492,0.017757177352905273
