Model,R2,MAE,RMSE,MAPE_percent,n_train,n_test,fit_time_sec,predict_time_sec
cat,0.8099178123692263,0.20263031072339982,0.47309896256236283,7.936190808120408,9059,2265,3.805915594100952,0.002958536148071289
