Model,R2,MAE,RMSE,MAPE_percent,n_train,n_test,fit_time_sec,predict_time_sec
cat,0.9945848947570193,0.0027326477572061996,1.4576376129154143e-05,4.559494344429758,8145,2036,3.61660099029541,0.0026879310607910156
