Model,R2,MAE,RMSE,MAPE_percent,n_train,n_test,fit_time_sec,predict_time_sec
cat,0.99391607715044,0.0028428332182186583,1.564454334348253e-05,4.774125195676892,8145,2036,3.604722261428833,0.0025920867919921875
