Model,R2,MAE,RMSE,MAPE_percent,n_train,n_test,fit_time_sec,predict_time_sec
cat,0.9223506185012498,0.01067343468383158,0.0034842274051455485,2.9777120777168644,6214,1554,3.5957133769989014,0.0023496150970458984
