Model,R2,MAE,RMSE,MAPE_percent,n_train,n_test,fit_time_sec,predict_time_sec
rf,0.9632246917509967,0.07381367102768412,0.015958227006744385,5.700231353442006,9059,2265,54.27619457244873,0.44234776496887207
