Model,R2,MAE,RMSE,MAPE_percent,n_train,n_test,fit_time_sec,predict_time_sec
cat,0.26162889623814034,0.1453630161769871,0.0824745453307865,54.320893052792144,3566,4359,4.1649391651153564,0.0062716007232666016
