Model,R2,MAE,RMSE,MAPE_percent,n_train,n_test,fit_time_sec,predict_time_sec
gbm,0.9729577331339629,0.040107471758541596,0.005281166294292503,3.504553683757463,6208,1552,15.50806450843811,0.011495113372802734
