Model,R2,MAE,RMSE,MAPE_percent,n_train,n_test,fit_time_sec,predict_time_sec
gbm,0.9658526172895936,0.07546895036260935,0.022216113155521675,419635727.78286564,9053,2263,22.822397708892822,0.017955303192138672
