Model,R2,MAE,RMSE,MAPE_percent,n_train,n_test,fit_time_sec,predict_time_sec
cat,0.7833711827634108,0.08964967025558439,0.1094238313458717,6.500776722083651,1403,5612,3.9369406700134277,0.005972862243652344
