Model,R2,MAE,RMSE,MAPE_percent,n_train,n_test,fit_time_sec,predict_time_sec
gbm,0.9927401160442274,0.004532523276423016,0.0006022856747777163,1.5511369373246648,8145,2036,20.618212461471558,0.014709711074829102
