Model,R2,MAE,RMSE,MAPE_percent,n_train,n_test,fit_time_sec,predict_time_sec
cat,0.9580062327297812,0.07266208368648627,0.011555066023488623,5.552334737979474,9053,2263,4.820053815841675,0.003515005111694336
