Model,R2,MAE,RMSE,MAPE_percent,n_train,n_test,fit_time_sec,predict_time_sec
cat,0.9917704294636228,0.0009735085321592886,2.3800800612141226e-06,7.679963111799661,6618,3563,3.3614773750305176,0.004014492034912109
