Model,R2,MAE,RMSE,MAPE_percent,n_train,n_test,fit_time_sec,predict_time_sec
cat,0.9795248492659668,0.05750203406268335,0.008402038693058644,4.762858215380805,9053,2263,3.5729973316192627,0.0030014514923095703
