Model,R2,MAE,RMSE,MAPE_percent,n_train,n_test,fit_time_sec,predict_time_sec
gbm,0.8971467785696691,0.10716472144403266,0.03804178772470576,9.377517963490162,6208,1552,15.477479219436646,0.012624740600585938
