Model,R2,MAE,RMSE,MAPE_percent,n_train,n_test,fit_time_sec,predict_time_sec
gbm,0.9912930966003453,0.001064075255360032,2.233274745648084e-06,12.012016666811887,8145,2036,19.648825883865356,0.01554417610168457
