Model,R2,MAE,RMSE,MAPE_percent,n_train,n_test,fit_time_sec,predict_time_sec
cat,0.9573317890348007,0.017673332865003714,0.0043903497469806926,219.1472768946681,9053,2263,3.7169861793518066,0.0029642581939697266
