Model,R2,MAE,RMSE,MAPE_percent,n_train,n_test,fit_time_sec,predict_time_sec
cat,0.9900021323565221,0.0004984963615908241,3.28816819800439e-06,3.798860127233606,8145,2036,7.241132020950317,0.02746105194091797
