Model,R2,MAE,RMSE,MAPE_percent,n_train,n_test,fit_time_sec,predict_time_sec
rf,0.947094208941829,0.24977105436294908,0.14001975947269657,6.503905169706978,6213,1553,37.19843602180481,0.2847104072570801
