Model,R2,MAE,RMSE,MAPE_percent,n_train,n_test,fit_time_sec,predict_time_sec
cat,0.9879922407098998,0.009760502619739386,0.00019154983574177093,4.233594665125717,1940,5820,3.2240359783172607,0.005438327789306641
