Model,R2,MAE,RMSE,MAPE_percent,n_train,n_test,fit_time_sec,predict_time_sec
rf,0.8914336146492441,0.27217879911806947,0.1319746377034224,10.839222518348127,6208,1552,37.81334853172302,0.27205896377563477
