Model,R2,MAE,RMSE,MAPE_percent,n_train,n_test,fit_time_sec,predict_time_sec
rf,0.6142090478834169,0.02620037120226983,0.024890529392487027,12.183653657952961,8151,2038,52.13266086578369,0.41113996505737305
