Model,R2,MAE,RMSE,MAPE_percent,n_train,n_test,fit_time_sec,predict_time_sec
cat,0.8637481312324641,0.0017564403247956723,5.027003593530627e-05,13.562806776595545,1018,9163,3.705418825149536,0.009436368942260742
