Model,R2,MAE,RMSE,MAPE_percent,n_train,n_test,fit_time_sec,predict_time_sec
rf,0.9979448424635985,0.0005216331731915938,7.630047061820925e-07,3.1568718209965074,8145,2036,52.627338886260986,0.4124574661254883
