Model,R2,MAE,RMSE,MAPE_percent,n_train,n_test,fit_time_sec,predict_time_sec
rf,0.8818429037383442,0.003964821101793484,0.0015861514927875322,3.9353746219494194,8145,2036,51.9306902885437,0.4117109775543213
