Model,R2,MAE,RMSE,MAPE_percent,n_train,n_test,fit_time_sec,predict_time_sec
cat,0.7801073954618893,0.5053855150935368,0.5149581685903778,6100278074.417176,9053,2263,4.6819562911987305,0.003763914108276367
