Model,R2,MAE,RMSE,MAPE_percent,n_train,n_test,fit_time_sec,predict_time_sec
rf,0.9617175868508645,0.039116024734367684,0.0067549237287894475,3.5278658215307104,6208,1552,35.7961540222168,0.2798960208892822
