Model,R2,MAE,RMSE,MAPE_percent,n_train,n_test,fit_time_sec,predict_time_sec
gbm,0.9612723622399836,0.13581833972888846,0.038668012269594126,5.517108291886176,6208,1552,15.598078966140747,0.012438297271728516
