Model,R2,MAE,RMSE,MAPE_percent,n_train,n_test,fit_time_sec,predict_time_sec
cat,0.11898351794250606,0.17590041340673265,0.10091376724052026,18640002435.439392,566,10750,3.6899333000183105,0.011206388473510742
