Model,R2,MAE,RMSE,MAPE_percent,n_train,n_test,fit_time_sec,predict_time_sec
gbm,0.9611946134817615,0.07609637517556624,0.02474316710332977,26922531.315707035,9053,2263,27.708340883255005,0.018109560012817383
