Model,R2,MAE,RMSE,MAPE_percent,n_train,n_test,fit_time_sec,predict_time_sec
rf,0.9787037760284201,0.0008444912173086469,1.327181475237903e-06,6.982625555686163,7127,3054,44.240044593811035,0.4343373775482178
