Model,R2,MAE,RMSE,MAPE_percent,n_train,n_test,fit_time_sec,predict_time_sec
rf,0.922885489551416,0.020193837840103653,0.009265425870189614,5411675.786155036,4526,6790,25.644639015197754,0.7007331848144531
