Model,R2,MAE,RMSE,MAPE_percent,n_train,n_test,fit_time_sec,predict_time_sec
gbm,0.9621816538304679,0.1345857313625793,0.04966686332562668,5.597091890910567,6208,1552,31.065255641937256,0.013079404830932617
