Model,R2,MAE,RMSE,MAPE_percent,n_train,n_test,fit_time_sec,predict_time_sec
cat,0.9510968080216422,0.0821824434504992,0.03035061327042659,5.3148912321021795,3962,3963,4.484537839889526,0.005882978439331055
