Model,R2,MAE,RMSE,MAPE_percent,n_train,n_test,fit_time_sec,predict_time_sec
gbm,0.9963071038815113,0.006100846561938644,0.00012436522644801822,1.612885736913628,9053,2263,23.205074548721313,0.017147302627563477
