Model,R2,MAE,RMSE,MAPE_percent,n_train,n_test,fit_time_sec,predict_time_sec
cat,0.9528182066402905,0.06727255578212277,0.013874722154853532,5.245111705946504,2806,4209,4.498047590255737,0.004647254943847656
