Model,R2,MAE,RMSE,MAPE_percent,n_train,n_test,fit_time_sec,predict_time_sec
gbm,0.9867044423809969,0.0011643836507745453,3.831370888300381e-06,8.547379537586986,509,9672,1.2433722019195557,0.06295585632324219
