Model,R2,MAE,RMSE,MAPE_percent,n_train,n_test,fit_time_sec,predict_time_sec
gbm,0.9304933719060959,0.011164210870575514,0.004016890544554306,3.1256464950159435,6208,1552,16.456780910491943,0.012015104293823242
