Model,R2,MAE,RMSE,MAPE_percent,n_train,n_test,fit_time_sec,predict_time_sec
rf,0.9859256994986586,0.001074070630316164,5.988221160730841e-06,6.986611158672286,8145,2036,51.665287017822266,0.4051697254180908
