Model,R2,MAE,RMSE,MAPE_percent,n_train,n_test,fit_time_sec,predict_time_sec
gbm,0.9532366496641965,0.11809274724177711,0.032044355435860615,5.837443465950434,6206,1552,15.485363245010376,0.011851310729980469
