Model,R2,MAE,RMSE,MAPE_percent,n_train,n_test,fit_time_sec,predict_time_sec
rf,0.4091242142206426,0.3109283357723845,0.23616915131427565,37.81737951666192,6208,1552,40.23456120491028,0.31499385833740234
