Model,R2,MAE,RMSE,MAPE_percent,n_train,n_test,fit_time_sec,predict_time_sec
cat,0.8925565837494007,0.09340649761684199,0.02273891311703995,8.400489734354997,6208,1552,3.3807880878448486,0.0023169517517089844
