Model,R2,MAE,RMSE,MAPE_percent,n_train,n_test,fit_time_sec,predict_time_sec
gbm,0.945120196333141,0.11554189100098562,0.036387052061868826,5.966342452628581,6206,1552,15.59419560432434,0.012123584747314453
