Model,R2,MAE,RMSE,MAPE_percent,n_train,n_test,fit_time_sec,predict_time_sec
rf,0.9185040539583591,0.009849386857664554,0.005617739431404846,1.9643883200373322,6208,1552,52.22057104110718,0.290804386138916
