Model,R2,MAE,RMSE,MAPE_percent,n_train,n_test,fit_time_sec,predict_time_sec
cat,0.9882260459420953,0.004931409159568843,9.998492925973592e-05,7.241579401722498,7636,2545,4.978580951690674,0.0036933422088623047
