Model,R2,MAE,RMSE,MAPE_percent,n_train,n_test,fit_time_sec,predict_time_sec
cat,0.9875575993728852,0.002869625905961366,0.00010930830250689923,3.6675766723187295,8145,2036,4.585073709487915,0.0031981468200683594
