Model,R2,MAE,RMSE,MAPE_percent,n_train,n_test,fit_time_sec,predict_time_sec
rf,0.97398497169446,0.006386117647598615,0.0023249004046366636,1.9269206526170244,8145,2036,51.51746726036072,0.40659284591674805
