Model,R2,MAE,RMSE,MAPE_percent,n_train,n_test,fit_time_sec,predict_time_sec
rf,0.9565478779521523,0.17051548577523148,0.0662746698960359,5.503590512127243,6340,1585,37.39445757865906,0.2834758758544922
