Model,R2,MAE,RMSE,MAPE_percent,n_train,n_test,fit_time_sec,predict_time_sec
rf,0.9615461106999939,0.06974054427402765,0.014559385758113216,5.213175954236569,9053,2263,53.903040647506714,0.3859438896179199
