Model,R2,MAE,RMSE,MAPE_percent,n_train,n_test,fit_time_sec,predict_time_sec
gbm,0.9977060171315658,0.004675245443029702,6.950748029750002e-05,1.9093589732632705,8145,2036,20.506378650665283,0.01391291618347168
