Model,R2,MAE,RMSE,MAPE_percent,n_train,n_test,fit_time_sec,predict_time_sec
cat,0.16599938876383347,0.25204859723949613,0.1830501075567296,41.43707855543358,7056,1764,3.3606154918670654,0.0025484561920166016
