Model,R2,MAE,RMSE,MAPE_percent,n_train,n_test,fit_time_sec,predict_time_sec
cat,0.9663315024163545,0.12227888167194634,0.03370259330826723,5.218757643103531,6208,1552,3.411008834838867,0.002298593521118164
