Model,R2,MAE,RMSE,MAPE_percent,n_train,n_test,fit_time_sec,predict_time_sec
cat,0.9138029254149788,0.005591576473203943,0.0007776977643002427,7.772722012516374,2036,8145,4.344676494598389,0.00854945182800293
