Model,R2,MAE,RMSE,MAPE_percent,n_train,n_test,fit_time_sec,predict_time_sec
rf,0.9802165529561832,0.007056883488506499,0.0012104100466904155,3.2522649243346144,8145,2036,72.57577562332153,0.4220082759857178
