Model,R2,MAE,RMSE,MAPE_percent,n_train,n_test,fit_time_sec,predict_time_sec
gbm,0.9630972198915656,0.04894561819146189,0.007368087766708419,4.656563654614782,6208,1552,15.65877914428711,0.011465787887573242
