Model,R2,MAE,RMSE,MAPE_percent,n_train,n_test,fit_time_sec,predict_time_sec
rf,0.896114378429784,0.2869320032929921,0.17024037087132823,11.570864964928578,6208,1552,38.00325036048889,0.28322744369506836
