Model,R2,MAE,RMSE,MAPE_percent,n_train,n_test,fit_time_sec,predict_time_sec
rf,0.640445954081577,0.5286619419856763,0.5456997727224302,24.179683973012427,6208,1552,38.383190393447876,0.2939939498901367
