Model,R2,MAE,RMSE,MAPE_percent,n_train,n_test,fit_time_sec,predict_time_sec
cat,0.8465530917705982,0.03207310960943114,0.017647046536406908,685561800.6261587,566,10750,3.9331562519073486,0.011784076690673828
