Model,R2,MAE,RMSE,MAPE_percent,n_train,n_test,fit_time_sec,predict_time_sec
rf,0.29960243898806427,0.014410693773200934,0.04333779753319602,3.6573409334440976,8151,2038,55.571534156799316,0.39084649085998535
