Model,R2,MAE,RMSE,MAPE_percent,n_train,n_test,fit_time_sec,predict_time_sec
gbm,0.5027208042498279,0.001420896934299817,0.0011524742510578905,2.396558492380693,8151,2038,20.68616032600403,0.013772964477539062
