Model,R2,MAE,RMSE,MAPE_percent,n_train,n_test,fit_time_sec,predict_time_sec
rf,0.9693425229754983,0.054609531180654744,0.008000047507809603,4.100875127791453,5684,1421,33.88087058067322,0.2734489440917969
