Model,R2,MAE,RMSE,MAPE_percent,n_train,n_test,fit_time_sec,predict_time_sec
gbm,0.9968437196897941,0.0003746077658605857,1.1211830048663234e-06,2.3565045929948463,8151,2038,20.67741632461548,0.012975215911865234
