Model,R2,MAE,RMSE,MAPE_percent,n_train,n_test,fit_time_sec,predict_time_sec
cat,0.9800170835366181,0.0008460359210161491,1.2356382901749742e-06,7.095381120970499,7127,3054,3.4497172832489014,0.0038242340087890625
