Model,R2,MAE,RMSE,MAPE_percent,n_train,n_test,fit_time_sec,predict_time_sec
gbm,0.9762337659276206,0.011200043301676038,0.0014316045292561803,3.218258213727635,6208,1552,24.282373905181885,0.012017488479614258
