Model,R2,MAE,RMSE,MAPE_percent,n_train,n_test,fit_time_sec,predict_time_sec
cat,0.9596697627048573,0.1830537634733328,0.0815741510914054,6.371700902667908,4755,3170,4.366849422454834,0.004876852035522461
