Model,R2,MAE,RMSE,MAPE_percent,n_train,n_test,fit_time_sec,predict_time_sec
gbm,0.678308186327671,0.28899862264444953,0.6527961938080337,10.954463630324941,6214,1554,15.394664525985718,0.012366294860839844
