Model,R2,MAE,RMSE,MAPE_percent,n_train,n_test,fit_time_sec,predict_time_sec
gbm,0.9985968979137285,0.0012675495825419105,1.1729411519110957e-05,1.5376043405768367,8145,2036,31.180134534835815,0.014985322952270508
