Model,R2,MAE,RMSE,MAPE_percent,n_train,n_test,fit_time_sec,predict_time_sec
cat,0.9609383248777486,0.18707348599918633,0.0807455176952702,6.530425788156061,5151,2774,4.699552297592163,0.003951549530029297
