Model,R2,MAE,RMSE,MAPE_percent,n_train,n_test,fit_time_sec,predict_time_sec
gbm,0.9880885954208327,0.0008648494651288224,1.4314032032912856e-06,7.453570104506718,3563,6618,8.561668395996094,0.03918194770812988
