Model,R2,MAE,RMSE,MAPE_percent,n_train,n_test,fit_time_sec,predict_time_sec
rf,0.9530896324701026,0.030958856902593385,0.00903912392168245,4.054547613365356,4267,3491,24.69310998916626,0.404416561126709
