Model,R2,MAE,RMSE,MAPE_percent,n_train,n_test,fit_time_sec,predict_time_sec
cat,0.3950268877561114,0.0017008367718351137,0.00018323519453982933,9.768193283579505,8151,2038,3.5019350051879883,0.002564668655395508
