Model,R2,MAE,RMSE,MAPE_percent,n_train,n_test,fit_time_sec,predict_time_sec
rf,0.7809947036146412,0.19495918179554866,0.6703215860441666,9.698513302936043,9059,2265,55.51894783973694,0.44093966484069824
