Model,R2,MAE,RMSE,MAPE_percent,n_train,n_test,fit_time_sec,predict_time_sec
rf,0.8804109209950749,0.0028327159179373407,0.0013522758390088375,2.9580145517135565,8145,2036,50.97020149230957,0.3947114944458008
