Model,R2,MAE,RMSE,MAPE_percent,n_train,n_test,fit_time_sec,predict_time_sec
rf,0.942128998524919,0.06167831722904995,0.021462716786175454,4.311659447105402,5684,1421,35.8443500995636,0.2785801887512207
