Model,R2,MAE,RMSE,MAPE_percent,n_train,n_test,fit_time_sec,predict_time_sec
cat,0.9981723514250607,0.0045643090370846425,4.051694246304132e-05,2.6700357216431243,8145,2036,3.513537645339966,0.002640962600708008
