Model,R2,MAE,RMSE,MAPE_percent,n_train,n_test,fit_time_sec,predict_time_sec
cat,0.8015475755084468,0.11011600001552542,0.0883832931965969,9.627503022312716,6214,1554,3.7096095085144043,0.0023179054260253906
