Model,R2,MAE,RMSE,MAPE_percent,n_train,n_test,fit_time_sec,predict_time_sec
gbm,0.9385298780743023,0.007870253293244702,0.0006436948312533817,11.93860873536792,8145,2036,19.56793522834778,0.015494823455810547
