Model,R2,MAE,RMSE,MAPE_percent,n_train,n_test,fit_time_sec,predict_time_sec
rf,0.9703093776525601,0.010312962157124071,0.002522213803000184,3.977076877118979,8145,2036,52.169636964797974,0.4117555618286133
