Model,R2,MAE,RMSE,MAPE_percent,n_train,n_test,fit_time_sec,predict_time_sec
rf,0.9428125448501149,0.12813924842367758,0.05324273773925862,6.232005390181255,6206,1552,41.10165238380432,0.2926785945892334
