Model,R2,MAE,RMSE,MAPE_percent,n_train,n_test,fit_time_sec,predict_time_sec
rf,0.9985612572852817,0.001532143004833124,4.5771462179113406e-06,2.1400308281483986,8151,2038,54.59133744239807,0.36919355392456055
