Model,R2,MAE,RMSE,MAPE_percent,n_train,n_test,fit_time_sec,predict_time_sec
gbm,0.9896880847032029,0.00707032019864898,0.00010226824871609,2.7281272316602134,4268,3492,10.48344349861145,0.021962881088256836
