Model,R2,MAE,RMSE,MAPE_percent,n_train,n_test,fit_time_sec,predict_time_sec
rf,0.7626675639492746,0.5992430706798275,0.7614133300123891,19.713412063210193,6206,1552,36.67015218734741,0.28168177604675293
