Model,R2,MAE,RMSE,MAPE_percent,n_train,n_test,fit_time_sec,predict_time_sec
gbm,0.9555938252744695,0.001695793221004223,0.00039011471544282483,1.5561151677337253,8145,2036,21.06282377243042,0.014459848403930664
