Model,R2,MAE,RMSE,MAPE_percent,n_train,n_test,fit_time_sec,predict_time_sec
cat,0.9918825055768036,0.007573583671562557,0.000673433712709933,2.972706902889924,8145,2036,7.43626070022583,0.017745494842529297
