Model,R2,MAE,RMSE,MAPE_percent,n_train,n_test,fit_time_sec,predict_time_sec
gbm,0.9951594617456069,0.0003841804469966791,1.2683955672662072e-05,1.7328618470741315,8151,2038,20.718722820281982,0.012685775756835938
