Model,R2,MAE,RMSE,MAPE_percent,n_train,n_test,fit_time_sec,predict_time_sec
rf,0.96170454077305,0.123245878987532,0.03862523465859414,5.079511742630662,6208,1552,36.57729411125183,0.27939724922180176
