name,0.01,0.05,0.1,0.5,1.0,5.0,15.0,henry_coeff
1499489-acs.cgd.6b01265_1499490_clean,0.0116708727,0.0575722686,0.1143405773,0.5531209871,1.0238108645,3.8287425536,6.9215154026,1.16409e-05
ABAYIO_clean,0.0079115892,0.0389828998,0.0777857058,0.3399270564,0.6333785129,2.25474138,4.7044724882,7.88156e-06
ABAYOU_clean,0.0081609841,0.0397989407,0.0794242435,0.3533431669,0.655721352,2.3148701507,4.7312977836,8.07542e-06
ABESUX_clean,0.0019196377,0.0095964191,0.019126049,0.094252883,0.1784533223,0.7509644707,1.4833181869,1.93314e-06
ABETAE_clean,0.0018581562,0.0094716869,0.0190508558,0.0939171676,0.1769260161,0.7457469486,1.499342296,1.90571e-06
ABETIN_clean,0.0047569982,0.022805813,0.0463364606,0.2282603896,0.4473184183,2.2612000083,6.3685866588,4.59876e-06
ABEXEM_clean,0.0034333587,0.0170354682,0.0344470041,0.1646868047,0.3080422146,1.1324581925,2.0864115801,3.4731e-06
ABEXEN_clean,0.0083722533,0.0429244098,0.0832326143,0.3957292992,0.7295939739,2.6333721752,5.5834222033,8.49514e-06
ABEXOW_clean,0.0034246557,0.0170945913,0.0343217372,0.1633111665,0.3111441159,1.1019289691,2.0093746891,3.45674e-06
ABEXUC_clean,0.0035090966,0.0174112341,0.0345294718,0.1661044272,0.3117343877,1.0957347803,1.9748688309,3.47898e-06
ABEYAJ_clean,0.0032789235,0.0171026109,0.0335723626,0.162256626,0.3064271566,1.0615794307,1.8990448227,3.43991e-06
ABEYEN_clean,0.0034495395,0.0171642639,0.0336553067,0.1592388743,0.299941149,1.0494876197,1.8558877178,3.40787e-06
ABEYIR_clean,0.0033677493,0.0169427185,0.0333750288,0.1600441803,0.2972457007,1.0303658753,1.8160722784,3.42768e-06
ABIXOZ_clean,0.0012182579,0.0066831136,0.0129889826,0.0648953057,0.1298575233,0.5974632029,1.6027774586,1.30624e-06
ABIYIV_clean,0.0037667701,0.0178211488,0.0350501893,0.1721003185,0.316138855,1.0323637566,1.7593733318,3.61703e-06
ABULOB_clean,0.0282891723,0.1381043017,0.273692676,1.1385742618,1.9659376049,4.3182592186,5.3975530657,2.83232e-05
ABUWOJ_clean,0.0093215168,0.0459889257,0.0906374248,0.4422277485,0.8264463554,3.1065912895,5.5788375956,9.29083e-06
ACAJIY_clean,0.0092885425,0.04676935,0.0939323842,0.4418960041,0.8299002389,2.9727014868,4.8155582834,9.4609e-06
ACAJIZ_clean,0.003086575,0.0156160467,0.0310452767,0.1489302078,0.2864527551,1.128522737,2.1939041911,3.09695e-06
ACAJOF_clean,0.0026541811,0.0134096631,0.0267588421,0.1342674091,0.2607323797,1.1274897369,2.4203801428,2.71883e-06
ACIBOE_clean,0.0060733191,0.0301595791,0.060640907,0.2994682589,0.5899051056,2.5049909904,5.3335065695,6.11878e-06
ACOCOM_clean,0.0047986398,0.0244883156,0.0484298913,0.2438483391,0.487727183,2.320885037,6.7197172228,4.87434e-06
ACOCUS_clean,0.0051641474,0.025122058,0.0510783245,0.2510873873,0.5014130045,2.4219500597,6.9085028655,5.05212e-06
ACODAZ_clean,0.0048727386,0.0246743152,0.0487961495,0.2464846949,0.4916699929,2.3660169037,6.8161527068,4.90774e-06
ACODON_clean,0.0064121681,0.0318414396,0.0630423701,0.307053322,0.588381889,2.3054769906,4.4986224924,6.39631e-06
ACOGAB_clean,0.0104918294,0.0513982514,0.1013571987,0.4801554869,0.8730517485,2.7857406296,4.3566251698,1.03059e-05
ACOGEF_clean,0.0093623726,0.0465215252,0.0924603301,0.436394111,0.7905019837,2.5335389941,3.9821448231,9.4142e-06
ACOLIP_clean,0.0111208471,0.0553127424,0.1097068978,0.5130777996,0.9130639291,2.9941198038,4.9241918169,1.11696e-05
ACOLOV_clean,0.0046751807,0.0230042498,0.0465651827,0.2280837392,0.4523871378,2.0490546612,4.9946641485,4.6274e-06
ACUBAB_clean,0.0066041541,0.0322648231,0.0637910055,0.2814414941,0.5066016119,1.4013294964,2.0297666746,6.49934e-06
ACUFEK_clean,0.0045789815,0.0223357097,0.0442995967,0.2215389718,0.4402995207,2.0694361464,5.7784258088,4.47173e-06
ACUJOZ_manual,0.0042779154,0.0217401036,0.0433787783,0.2155514496,0.4269323792,1.999548084,5.3288342688,4.35319e-06
ACUTOI_clean,0.0047693724,0.0239286434,0.0474978089,0.2213520836,0.3937360938,1.1877220202,1.8552867748,4.80137e-06
ADARAA_clean,0.0057178075,0.0282394279,0.0566238552,0.2809265637,0.5442228183,2.3648088127,5.3430421865,5.73744e-06
ADASEF_clean,0.0040608452,0.0217589279,0.0430677037,0.2113819189,0.4177126582,1.9218980537,5.2326904591,4.30035e-06
ADASIJ_clean,0.0050713567,0.0246523771,0.0495025797,0.2473557473,0.4884383945,2.2579258997,5.9943362407,4.96075e-06
ADASOP_clean,0.0059214932,0.0295119581,0.0589761623,0.292977999,0.5703992215,2.5177660185,6.5513094053,5.88352e-06
ADASUV_clean,0.0043668778,0.023715392,0.0471172834,0.2287631706,0.4653380363,2.156208601,5.8275283129,4.68485e-06
ADATAC_clean,0.0047827113,0.0248647249,0.0500680013,0.2533439791,0.4884867862,2.2759525871,6.2751644193,4.98935e-06
ADATEG_manual,0.0041913731,0.0218614786,0.0424220377,0.2152892565,0.4275243676,2.0758453917,6.2659822236,4.2885e-06
ADATIK_clean,0.0042340747,0.0199791355,0.0390389459,0.1990187766,0.3879810862,1.8301302456,5.184492865,3.95431e-06
ADATOQ_clean,0.0038811931,0.0196742685,0.0393156045,0.196949966,0.3789737564,1.8341112084,4.8761171181,3.96917e-06
ADATUW_clean,0.0037223422,0.0184238017,0.0368446977,0.1866866463,0.3635410014,1.7633111564,4.741643028,3.75376e-06
ADAVAE_clean,0.0041262497,0.020378443,0.0414378141,0.2034909435,0.3938960576,1.8871906645,4.9737581337,4.09633e-06
ADAVEI_clean,0.0042289216,0.0207542611,0.0413080213,0.2087465845,0.4022018301,1.9395630403,5.0712306124,4.19005e-06
ADAXEK_clean,0.0113120383,0.0557675167,0.1113467184,0.5166246865,0.9126117181,2.6201908318,3.9845308216,1.14078e-05
ADAXIO_clean,0.0081079461,0.0398351918,0.079504513,0.373840859,0.6619775905,2.0538772616,3.198243981,8.10101e-06
ADIQEL_clean,0.0383848228,0.1872144758,0.3727065808,1.4712898288,2.3335778748,4.4502562809,5.1947251689,3.87784e-05
ADOBIF_clean,0.0044751325,0.0227590698,0.0441286708,0.2121715816,0.3969463962,1.4635722867,2.7965590428,4.46521e-06
ADOCEC_clean,0.0042000903,0.0204461408,0.0408701092,0.1957270573,0.3783929741,1.4006461664,2.7631478478,4.14215e-06
ADODOO_clean,0.008102258,0.0405481186,0.0799422793,0.3646777238,0.6594034981,1.9323541689,2.9870030007,8.11447e-06
ADODUU_clean,0.0083716072,0.0423923425,0.0830263317,0.3784029622,0.6889733191,1.9394004882,2.9581136148,8.44553e-06
ADOGEH_clean,0.0193170667,0.0909923778,0.1677641492,0.6038709184,0.9873820616,3.0533269075,6.2856373095,1.91912e-05
ADUROI_clean,0.0031399735,0.0148754302,0.0303264111,0.1528698226,0.2984374846,1.4594076992,4.269679568,3.02717e-06
ADUWIH_clean,0.0050119492,0.0256518244,0.0504870351,0.2511026655,0.4897048614,2.3113733189,5.7903877985,5.05786e-06
ADUWON_clean,0.0060326427,0.0301691047,0.0605444033,0.2993345463,0.5998355606,2.7554625727,7.2556667426,6.05104e-06
AFEJOK_ion_b,0.0066185938,0.0324137585,0.0657217613,0.3195417928,0.6034695301,2.3965953304,4.5525247694,6.57678e-06
AFENEE_clean,0.0063151613,0.031275173,0.0617746371,0.3077541605,0.5878296166,2.0759770615,3.5684261649,6.22963e-06
AFIPAH_clean,0.0049483924,0.0244512671,0.0486710306,0.2307789752,0.4454605483,1.5469369268,2.5320708378,4.88816e-06
AFITEP_clean,0.0176709379,0.0854910095,0.169031732,0.7846971908,1.3846780198,3.9148820493,5.7059401816,1.73637e-05
AFITUF_clean,0.0052145502,0.0265019245,0.0520681402,0.2497900321,0.4685874745,1.698235879,3.1836182766,5.27802e-06
AFIXAO_clean,0.0042104312,0.0213920552,0.0420989172,0.2004076791,0.3723393765,1.3685250353,2.7301269217,4.23973e-06
AFIXES_clean,0.0042492768,0.0210597095,0.0416327701,0.1973809596,0.378256856,1.35690049,2.7205914064,4.2203e-06
AFOTOF_clean,0.0078102397,0.0383110458,0.0786249779,0.3603446566,0.6665686829,2.3763849036,4.6921992732,7.77674e-06
AFOTUL_clean,0.0077286124,0.0390979263,0.0740470013,0.3474815962,0.6600079981,2.383101014,4.7715053778,7.62467e-06
AFOVAT_clean,0.007707817,0.0391546255,0.0761016522,0.366567837,0.6833019451,2.4579360524,4.8789021258,7.87246e-06
AFOVEX_clean,0.0080118134,0.0382897655,0.0756636573,0.3538207463,0.6666478181,2.3957653361,4.8048170856,7.69864e-06
AFOVIB_clean,0.0076298157,0.0394210499,0.075165056,0.3678533199,0.6945064401,2.423039075,4.7463068882,8.01279e-06
AFOVOH_clean,0.0075850922,0.0380761719,0.0778060343,0.3681783938,0.680352216,2.4262756926,4.8178961436,7.89587e-06
AFOYAW_clean,0.0060939007,0.0308222363,0.0619752451,0.2992818967,0.5735266452,2.3566308261,4.7781740476,6.19486e-06
AFOYEB_clean,0.0023952131,0.0121008162,0.0237893611,0.1119845295,0.209840153,0.6572709514,1.063247692,2.41906e-06
AFOYIE_clean,0.0037623685,0.0190356582,0.0384962828,0.1910535272,0.3810729696,1.8042681924,4.9613968478,3.84375e-06
AFOYOK_clean,0.0039108923,0.0192361824,0.0392032805,0.1938053473,0.3758188682,1.7312028982,4.1875066426,3.89595e-06
AFUKET_clean,0.0122326176,0.0590718701,0.1144930223,0.4837441418,0.8300151165,2.7081489994,5.016269235,1.21819e-05
AFUKIX_clean,0.0055882434,0.0271953435,0.0541745929,0.2678592629,0.5224391865,2.2459928791,5.3349786712,5.48783e-06
AFUPEX_clean,0.0058281088,0.0292827382,0.0582626215,0.2836161628,0.5540359804,2.2682257193,4.5371457886,5.80703e-06
AGABIU_clean,0.0022937864,0.011723797,0.022740433,0.116247227,0.2330185428,1.1469542124,3.2149372428,2.33674e-06
AGARUW_clean,0.0027622715,0.0135718962,0.0262234383,0.1302040938,0.2519726168,1.0141624199,2.0775196374,2.6708e-06
AGIREP_clean,0.0061397062,0.0304595529,0.0609831032,0.2924805658,0.5629273715,2.5031255518,5.7293860021,6.09344e-06
AGOFEJ_clean,0.0037218528,0.0195041356,0.0384039423,0.1933445863,0.3823484637,1.6840178071,4.4721736501,3.90091e-06
AGONAM_clean,0.0065344503,0.0317725291,0.0619619476,0.300616235,0.5614555615,1.9457246409,3.2809387806,6.39937e-06
AGONEQ_clean,0.0050589679,0.0256243139,0.0511547658,0.2517473427,0.4903329405,2.1570645884,4.8054198923,5.08589e-06
AGOVOJ_clean,0.0041760117,0.0204530296,0.0414939174,0.2046523041,0.4052062381,1.891051178,5.0826887673,4.10179e-06
AGUBUA_clean,0.0251750466,0.1249795684,0.2400778949,0.9502760374,1.5249383061,2.8994085747,3.5843075072,2.55738e-05
AHAMAY_clean,0.0096090933,0.0462518873,0.0902196943,0.3507122066,0.5426291232,1.0488833567,1.3095236103,9.69868e-06
AHEQAH_clean,0.0052656517,0.0267558314,0.0539299406,0.2723243565,0.5342498642,2.4807029059,6.2205054017,5.44574e-06
AHIYOH_clean,0.0097655971,0.0492339077,0.0955046717,0.410413236,0.7205098426,1.8345545621,2.6432416189,9.8526e-06
AHOKIR01_clean,0.0116890127,0.0598674549,0.1174638297,0.5290206514,0.9262558501,2.2028051972,2.7657385026,1.20143e-05
AHOKIR_clean,0.0058587564,0.028416684,0.0563916023,0.2685763718,0.4968180367,1.7044692048,2.7372572969,5.73821e-06
AHOKOX_clean,0.0058287121,0.0296744782,0.0578224383,0.2833683435,0.5295693332,2.0265920645,3.5950175537,5.8538e-06
AHUFIU_clean,0.0020518828,0.0108355767,0.0219090528,0.1067964101,0.2154792884,1.020084977,2.91335016,2.16655e-06
AJAKON_clean,0.0056722905,0.0287241272,0.0562949796,0.2773610459,0.5070554278,1.7436876001,3.0430336362,5.71118e-06
AJAYIT_clean,0.0030760003,0.0150771664,0.0294311286,0.1394555831,0.2648833341,0.905756616,1.7018805572,3.01397e-06
AJIGIL_clean,0.0022566903,0.0108354551,0.021502781,0.1079733885,0.2102867764,0.8960177835,2.0259209954,2.18934e-06
AJOTEY_clean,0.0043270146,0.022513477,0.0444419069,0.2204177236,0.4280094159,1.8062352381,3.8787502209,4.48634e-06
AJOVEB_clean,0.0042004822,0.0213649569,0.0414164273,0.1962599887,0.3545544238,1.2099773428,1.9624995926,4.135e-06
AJOXAA_clean,0.0069300986,0.0346974323,0.0677441582,0.3238761678,0.591035053,2.0508345631,3.5485924984,6.91634e-06
AKEDIF_clean,0.0105642538,0.0520550381,0.1034606045,0.4931485116,0.9278324045,3.3295326707,5.7858031578,1.04339e-05
AKOBAF_clean,0.0078398804,0.0396250324,0.0798076537,0.3710281611,0.6744030705,2.1678640606,3.4316204364,8.01558e-06
AKOHEO_clean,0.0016732196,0.0084398654,0.0170602442,0.0828252379,0.1626225385,0.6986958884,1.5649515282,1.695e-06
AKOXIJ_clean,0.0732375451,0.3149340134,0.5463642691,1.634116552,2.351109873,4.3032824156,5.4446272075,7.73565e-05
AKUKUO_clean,0.0075653602,0.0380566397,0.0746743738,0.3472146891,0.6318263603,1.9187314096,3.0255260336,7.63345e-06
ALAHUS_clean,0.0038345254,0.0188950356,0.0371325559,0.1814189245,0.3569484414,1.5070743427,3.2647384488,3.71646e-06
ALAMUW_clean,0.0067952323,0.0314946687,0.0631859841,0.3092720285,0.596148195,2.5292653667,6.3882986993,6.36199e-06
ALANAD_clean,0.005761891,0.0287093492,0.0569088583,0.2826329735,0.5597834205,2.6032502696,6.729399747,5.73059e-06
ALEJAE_clean,0.0045135561,0.0226838511,0.0459797097,0.2264322641,0.4563387266,2.1500486855,6.2231967516,4.61179e-06
ALEJEI_clean,0.0050313903,0.0247668171,0.0512421545,0.248108754,0.502816163,2.2257680238,6.0594957513,5.06243e-06
ALEJIM_clean,0.0053423107,0.0267583572,0.0529316678,0.2691548394,0.5280496341,2.3490320619,6.3082827,5.38995e-06
ALEQIT_clean,0.0043542249,0.0212134179,0.0420051275,0.191053331,0.3474877171,1.0097881792,1.6116220574,4.30591e-06
ALIBUT_clean,0.0028289758,0.0140777841,0.0279731913,0.1358780645,0.2505522291,0.9878261542,2.1251628891,2.81241e-06
ALICAA_clean,0.0023536717,0.0118844936,0.0232093264,0.113000021,0.213763272,0.850448607,1.8528295971,2.36328e-06
ALIXAU_clean_h,0.0056102889,0.0272973532,0.0523194639,0.2554126614,0.4816936941,1.6639509012,2.899018565,5.48012e-06
ALIXOJ_clean,0.0048070865,0.0235076386,0.0464765332,0.2300590582,0.4484080975,2.0046777238,4.6877459528,4.64558e-06
ALIXUP_clean,0.0011036361,0.0056149906,0.0110474249,0.0550365892,0.1100482843,0.5271687888,1.465057546,1.1087e-06
ALOLES_ion_b,0.0006979791,0.0036475426,0.0070604198,0.0347352919,0.0675066149,0.2700697824,0.5482000203,7.19019e-07
ALOLIY_clean,0.0009531089,0.0048033936,0.0090115241,0.0461535239,0.0923655419,0.4448919624,1.1650121818,9.30042e-07
ALONEV_clean,0.0014154204,0.0069976819,0.0141248296,0.0688333857,0.1340906861,0.5661921041,1.3502436309,1.39806e-06
ALUJEX_clean,0.0066393189,0.0329977169,0.065721977,0.3174088087,0.5945377804,2.0357654048,3.4610455236,6.70768e-06
ALUJIB_clean,0.0063416541,0.0332923461,0.0653145776,0.3114082179,0.5887463228,2.0299393951,3.5282680058,6.57737e-06
ALUJOH_clean,0.005951735,0.0296359403,0.0588378629,0.2864161279,0.5423425101,1.9623916088,3.5317979489,6.0076e-06
ALUKIC_clean,0.0039058683,0.0197684174,0.0392113458,0.1987355326,0.3971455761,1.8844604682,5.4609108157,3.95806e-06
ALUKOI_clean,0.0038419098,0.0192547812,0.0396234054,0.1925647745,0.3872187112,1.8436163272,5.3857582259,3.88037e-06
ALUKUO_clean,0.0039351317,0.0195093456,0.0381786702,0.1914965877,0.3921009192,1.8670734071,5.3780649918,3.8781e-06
ALULAV_clean,0.0038141805,0.0194059697,0.0384266121,0.1903795429,0.3805077855,1.852030354,5.3269386708,3.8739e-06
ALULEZ_clean,0.0028452532,0.01382596,0.0277689326,0.1384197227,0.2737478499,1.3593104991,3.863607562,2.74905e-06
ALULID_clean,0.0046259767,0.0229340142,0.0454878112,0.2286142728,0.4436069739,2.0013081473,4.8508493312,4.57965e-06
ALURAB_clean,0.005558977,0.0280460664,0.0558828149,0.2737485355,0.5147851175,2.0914781885,4.0968518578,5.5736e-06
ALUREF_clean,0.0059890302,0.0287006607,0.056990297,0.2782101791,0.5247930521,2.1374444075,4.1050165259,5.72195e-06
ALURIJ_clean,0.0061541065,0.0300763078,0.0605955488,0.2888571853,0.5494009117,2.1368088414,4.0532209664,6.08562e-06
AMAFOK_clean,0.0080253268,0.0396019756,0.078921443,0.3457975633,0.6229351603,1.6579556777,2.5728773074,8.10116e-06
AMAGAX_clean,0.0069483575,0.0343844482,0.0677885256,0.3099594682,0.5729738017,1.807009325,2.9936078466,6.92385e-06
AMILOY_clean,0.008020816,0.0401338693,0.0767451333,0.3352164864,0.5809722024,1.814198351,3.6056583962,8.01896e-06
AMILUE_clean,0.0077735633,0.038793343,0.0764814964,0.3308582863,0.5742368023,1.7615499235,3.5279078682,7.92731e-06
AMIMAL_clean,0.0078614423,0.039132943,0.0773870965,0.3366687233,0.5780141076,1.7745187712,3.514314931,7.98234e-06
AMIMEP_clean,0.0080074107,0.0395529746,0.077099628,0.3348783759,0.5871281973,1.7506737864,3.4972872675,8.04307e-06
AMIZIG_clean,0.0022603759,0.0113696907,0.0222816553,0.1091648536,0.2145062814,0.8224016014,1.6184313974,2.26144e-06
AMODUC_clean,0.0042707885,0.0213287542,0.0419746299,0.2103433283,0.4153215835,1.9964816568,5.7682035752,4.18899e-06
AMOFAK_clean,0.0042085151,0.0207705099,0.0410620709,0.2085496358,0.4192587924,1.9905454553,5.7416728984,4.18883e-06
AMOYOR_clean,0.0073240991,0.035793209,0.071281952,0.3237457852,0.5797878628,1.6472656949,2.4823129425,7.34649e-06
AMUFOF_clean,0.003947205,0.0200669184,0.0403689894,0.1932014077,0.3625415413,1.3109692404,2.5085613159,4.05464e-06
AMUPOP_clean,0.0121873073,0.0590407885,0.1145552117,0.4760705033,0.7964208027,1.8733226928,2.5373572985,1.20663e-05
AMUWUB_clean,0.0021694196,0.0103650046,0.0211910402,0.1049301676,0.2082572581,0.9563208676,2.4925413942,2.11187e-06
AMUXAI_clean,0.0018612797,0.0098265254,0.0188642636,0.095260555,0.1920041159,0.8591933794,2.2431365393,1.91273e-06
ANAWIX_clean,0.0063266867,0.0313531281,0.0617775683,0.2892452422,0.5309674266,1.763441099,3.0629983192,6.27071e-06
ANAWOD_clean,0.0071208848,0.035090059,0.0699545525,0.3363530329,0.6447397229,2.4642074146,4.5476924082,7.06077e-06
ANEHEI_clean,0.0066229254,0.0322456075,0.0648950987,0.306434721,0.5759399332,1.9975508805,3.6104150702,6.50458e-06
ANENEN_clean,0.004473173,0.0222503707,0.0440098918,0.2142769782,0.4031941309,1.3726755223,2.4044126427,4.51402e-06
ANENIR_clean,0.0045557135,0.0230447392,0.0450775864,0.2125611018,0.3958521292,1.3055187911,2.1506641429,4.60317e-06
ANIDIL_clean,0.0022640606,0.0115697946,0.0230566258,0.1114012811,0.2109508121,0.7396955369,1.3562684996,2.37905e-06
ANOMOG_clean,0.008344231,0.0422233416,0.0835559624,0.3911242626,0.7309118139,2.8167369615,6.6124660401,8.52711e-06
ANOMUM_clean,0.007105112,0.0359175463,0.0711382283,0.3516870755,0.6932144505,3.0128026906,6.8122838492,7.2014e-06
ANONAT_manual,0.0063298505,0.0313617961,0.0632868908,0.3091086681,0.6087457893,2.6747335045,6.3354457568,6.28418e-06
ANUGEW_clean,0.003930065,0.0200782159,0.0398402395,0.2002288226,0.3955979059,1.9226764848,5.5997618385,3.97715e-06
ANUGIA_clean,0.0045004196,0.0226259628,0.0463013354,0.2275361234,0.4490510431,2.1579202377,6.1078676527,4.57035e-06
ANUGOG_clean,0.0048591113,0.0251316437,0.0502297407,0.2470663273,0.4941429768,2.3050044791,6.390471984,4.96847e-06
APACAX_clean,0.0138419551,0.0722030141,0.1401218668,0.6709996793,1.2469250228,4.2219027026,7.2117614593,1.43521e-05
APARAM_clean,0.0113012055,0.0541340288,0.106658487,0.4199089406,0.6856607713,1.8527688624,3.3146776231,1.11434e-05
APAYIB_clean,0.0101924118,0.0501688331,0.0985868641,0.4675049047,0.8705696982,3.1040484955,5.5632354274,1.00391e-05
APAYOH_clean,0.00961866,0.0474849313,0.0949484222,0.4466177816,0.8304007084,3.0330162327,5.4770443113,9.51579e-06
APAYUN_clean,0.0088043537,0.0434384359,0.0855847581,0.418293571,0.7803822887,2.9051042987,5.4386276531,8.69862e-06
APAZAU_clean,0.0087182445,0.0436532928,0.0860314802,0.4107577112,0.7805595359,3.0035895048,5.8553137884,8.63853e-06
APAZEY_clean,0.0082708575,0.0404937257,0.0815062423,0.3918921223,0.7382743726,2.8703065399,5.6715455482,8.1929e-06
APAZIC_clean,0.0073239952,0.0369899846,0.0739781554,0.3569368458,0.6825245255,2.7315364201,5.6678127857,7.42466e-06
APAZOI_clean,0.0085382816,0.042116431,0.0819798415,0.3946018645,0.7311187372,2.6289665048,4.8702296324,8.39883e-06
APEBED_clean,0.0118796301,0.0611198789,0.1227129383,0.4979686231,0.8230745503,1.8425189886,2.5329158035,1.23597e-05
APEBEE_clean,0.0095398677,0.0474934765,0.0956763513,0.4305068768,0.7733708071,2.3089336368,3.5172828345,9.60761e-06
APEBII_clean,0.0796748423,0.315453774,0.5031887136,1.2258572794,1.7820094837,4.3569855535,7.011934213,8.61183e-05
APEBOO_clean,0.1487776834,0.538890107,0.877355029,2.5096245365,3.7134651032,7.4393347022,9.9268675703,0.000160462
APEBUU_clean,0.0047022569,0.0235594693,0.0474746549,0.2276456398,0.4182925389,1.3972208011,2.4514659543,4.82483e-06
APUPEH_clean,0.0043916498,0.0221201531,0.0431474532,0.2157473852,0.4341864266,2.0577712586,5.6551901717,4.34388e-06
AQEGUY_clean,0.0117731833,0.0589321733,0.1154838383,0.5216925803,0.9068443142,2.5070270595,3.6395558679,1.1948e-05
AQEQES_clean,0.0073342643,0.0356803869,0.0735516156,0.3506425477,0.6831022319,2.6289360302,5.0091969085,7.28008e-06
AQEQIW_clean,0.0088146123,0.0444824291,0.0876487189,0.4310510469,0.8195608602,3.0419744167,5.5451108148,8.90163e-06
AQERUL_clean,0.0953549515,0.4067022196,0.7176608557,1.755207351,2.1970888378,3.0128631249,3.4982512129,0.000100309
AQIQAU_clean,0.0049422454,0.0249486273,0.0502158439,0.2501327007,0.4843770434,2.244705361,5.3751229596,5.0904e-06
AQIXUU_clean,0.0150876439,0.0734064607,0.1423078821,0.5489987018,0.890202619,1.5665354184,1.8178485548,1.50059e-05
AQIXUV_clean,0.0024399155,0.011668496,0.0240112706,0.1159397777,0.2305671451,0.9979212524,2.4367498262,2.37553e-06
AQOLEZ_clean,0.0070423457,0.0349914001,0.0695849853,0.3321122898,0.6418592159,2.4990024816,5.568641012,6.99989e-06
AQOLID_clean,0.0062850434,0.0313577419,0.0607066877,0.2938155888,0.5542660455,1.9793697718,4.2120615155,6.27264e-06
AQOLOJ_clean,0.0217418791,0.1084489833,0.2111433641,0.8607922106,1.4549221628,4.1599087639,8.113962407,2.24193e-05
AQOLUP_clean,0.0070097865,0.0339822706,0.0684213866,0.3296625468,0.6324084231,2.4294832546,5.3781661575,6.89032e-06
AQOMAW_clean,0.0061087093,0.0301826144,0.060628465,0.290592469,0.5313695127,2.002244135,4.2457537933,6.1877e-06
AQOMEA01_clean,0.0065157319,0.0320639333,0.0642705016,0.3093153548,0.5946184183,2.3751806652,5.3241219648,6.43538e-06
AQOMEA_clean,0.0059927369,0.0308401664,0.06016096,0.2975965463,0.5779259896,2.3214713548,5.3321074573,6.12283e-06
AQOTIK_clean,0.0090624645,0.0459023352,0.0895917042,0.4309751753,0.7900155765,2.7513321212,4.7431003517,9.17657e-06
AQUCOF_clean,0.0030600221,0.0153614224,0.0305807126,0.1518682278,0.3012366015,1.367031429,3.4707673583,3.05872e-06
AQUCOG_clean,0.0034645874,0.0172569449,0.0344487894,0.1699386811,0.3331943203,1.5932705567,4.0337401946,3.45515e-06
AQUCUM_clean,0.0034922328,0.0174754324,0.0350115062,0.1745536721,0.3438556182,1.6178918679,4.0932347851,3.51655e-06
AQUDAS_clean,0.0030279727,0.0151008468,0.0304901382,0.1514446182,0.2970868994,1.3756596881,3.4528405895,3.04537e-06
AQUDAT_clean,0.0046026105,0.022347615,0.0435819015,0.2123371781,0.3757717971,1.0959744146,1.5123478625,4.53188e-06
AQUDEX_clean,0.0048244231,0.0235832246,0.0464412929,0.2251354782,0.4088730553,1.122960187,1.5384364315,4.7141e-06
AQUDIB_clean,0.0034298078,0.0168716935,0.0336283466,0.1677038662,0.3300686115,1.569596322,3.9602838073,3.39623e-06
AQUDOH_clean,0.004574173,0.0229931464,0.0456436208,0.2148567412,0.3952031457,1.1143308255,1.5197686299,4.54089e-06
ARADEE_clean,0.0062505892,0.0304934837,0.0605724974,0.2991274666,0.5657262348,2.5333752872,5.3361907373,6.09616e-06
ARAFEF_clean,0.0049239431,0.0248444757,0.0490354477,0.2452527878,0.4913895056,2.2676788596,5.725903711,4.94461e-06
ARAFIJ_clean,0.0054452352,0.0271260727,0.0551832938,0.2753932883,0.5373595295,2.4079498553,5.5429377652,5.5094e-06
ARAFOP_clean,0.0064164249,0.0320911904,0.0632463216,0.30488784,0.565317403,1.9799147071,3.4935733614,6.50864e-06
ARAGOR_clean,0.0067288025,0.0341696454,0.0680189833,0.3273330708,0.6024947496,2.2824966426,4.2079736997,6.81771e-06
ARINOF_clean,0.0065611333,0.0334025246,0.0655525084,0.3090719923,0.5620206843,1.7759393927,2.8160963918,6.75281e-06
ARINUL_clean,0.0059578486,0.0303952976,0.0597245756,0.281138422,0.5242733203,1.7634913665,2.7619915003,6.11049e-06
AROFAP_clean,0.0123129914,0.0616520362,0.1240280734,0.5489767998,1.0157409328,3.0787379856,4.8578993141,1.24836e-05
AROFET_clean,0.0051725013,0.0251036742,0.0505034174,0.2514223778,0.4785646014,2.0811169794,5.0156220415,5.09929e-06
ARUYES_clean,0.0090062587,0.0454273569,0.0887907214,0.4233875965,0.7617484686,2.4759373841,3.9177030117,9.11659e-06
ARUYUH01_clean,0.0129586272,0.0630070612,0.1272008024,0.5664823196,1.0652037941,2.983076577,4.2236163886,1.27753e-05
ARUYUH_clean,0.0108133195,0.0533995943,0.1067608436,0.4805519495,0.8984217621,2.637742584,3.8196830033,1.07198e-05
ASACON_clean,0.006125053,0.0303523406,0.0610130333,0.2792082053,0.4942070128,1.4301985627,2.2477829183,6.22308e-06
ASADAA_clean,0.0045322472,0.0227914177,0.0454397965,0.2146661937,0.4166517383,1.516359743,2.7057612418,4.53804e-06
ASAHEJ_clean,0.0009547195,0.0047245346,0.0096461258,0.0473603623,0.0945606664,0.4339509923,1.1410603524,9.5513e-07
ASANAL_clean,0.0087089967,0.0436547878,0.0863945389,0.3953518477,0.7274412851,2.1770231014,3.3104263543,8.71586e-06
ASECUY_clean,0.0030061671,0.0149423901,0.0301638752,0.144497482,0.2808304539,1.1313998455,2.2784614386,2.99891e-06
ASEJOZ01_clean,0.0022678413,0.0114382235,0.023034527,0.1092446317,0.2102986304,0.7624558724,1.4270862279,2.30217e-06
ASEJOZ_clean,0.0023581727,0.0113518006,0.0227374754,0.1100094093,0.2126837289,0.7626265468,1.4136502891,2.31848e-06
ASEKAM_clean,0.0067583172,0.0328104714,0.0646749059,0.3068667181,0.5606745873,1.9270526217,3.3156678369,6.56822e-06
ASINAT_clean,0.0055497975,0.0268875492,0.0535483038,0.2637506962,0.5152392367,2.2407726731,5.382295397,5.39781e-06
ASINEX_clean,0.0046483366,0.0237715056,0.0467101604,0.235166952,0.4677972348,2.1099941343,5.4387958424,4.73879e-06
ASINIB_clean,0.0045571404,0.0233135116,0.0461393728,0.2271590085,0.4595712543,2.0906737161,5.3548732255,4.66566e-06
ASIQEA_clean,0.0042030737,0.0214722242,0.0430266825,0.2120267927,0.4148488541,1.8860105296,4.5960738568,4.27922e-06
ASIQIE_clean,0.0043364756,0.0213735434,0.042942621,0.215381942,0.4138401164,1.8871727709,4.6033470016,4.30333e-06
ASIVAB_clean,0.0042119765,0.0209700535,0.0423493276,0.2104391285,0.4112732206,1.9608414039,5.6437424074,4.19489e-06
ASIVEF_clean,0.0044896861,0.0228437118,0.0453422901,0.2262837207,0.4543521064,2.0978456669,5.7975889256,4.53172e-06
ASOHUL_clean,0.0039257898,0.019026958,0.038367759,0.1860721602,0.3732748891,1.5945901248,3.617317088,3.82956e-06
ASOSUY_clean,0.0092565645,0.0468042043,0.0917530225,0.4395228635,0.8311722825,3.2670805088,6.8037358009,9.40267e-06
ASOVEL_clean,0.005277592,0.0258182808,0.0526727324,0.2492979658,0.4907128645,1.7844022085,3.233917023,5.26005e-06
ASOYOY_clean,0.0054216172,0.0272524165,0.0551973138,0.2651525472,0.5140033925,2.2096905443,5.0961742556,5.45753e-06
ASUBIB_clean,0.0077203834,0.0383857529,0.074643121,0.3620482358,0.6664804293,2.2518577514,3.7321577123,7.64962e-06
ASUKEE01_clean,0.0087339676,0.0442220233,0.0875351053,0.4118998947,0.7084285233,2.141166465,3.3278790705,8.87377e-06
ASUKEE_clean,0.0088441423,0.0438495279,0.088779817,0.3990933983,0.7142205643,2.1582291148,3.3268809403,8.88049e-06
ASUWUI_clean,0.0054557896,0.0267017412,0.0535873188,0.2584561714,0.4930432633,1.8050381018,3.4049661894,5.46227e-06
ATAFIK_clean,0.0067172822,0.0325705466,0.0666054143,0.3237899539,0.6139524796,2.5992313438,5.1663911859,6.58739e-06
ATAYAX_clean,0.0075236243,0.0373550062,0.0739519462,0.3608266919,0.692149516,2.9390047506,6.6818799622,7.4358e-06
ATAYEB_clean,0.0069210765,0.03341753,0.0666612716,0.3308876541,0.6382207154,2.7886133286,6.4131862719,6.74966e-06
ATEJOA_clean,0.1036462129,0.4138726537,0.6741343968,1.4454327974,1.7939193067,2.5651650331,2.9332539977,0.000107362
ATEYED_clean,0.0048318446,0.0249100654,0.048843647,0.2473849993,0.497851175,2.3681991037,6.9019827369,4.95835e-06
ATEYOP_clean,0.0064665553,0.0319306453,0.0639063726,0.3154312086,0.6071078349,2.6738033906,6.3609030083,6.43187e-06
ATEYUV_clean,0.00694231,0.0347275668,0.0691864105,0.3392673639,0.6548034527,2.8231159167,6.4978277975,6.91661e-06
ATEZAC_clean,0.004970289,0.024932983,0.0488485103,0.2449693057,0.4884815581,2.1878524212,5.7237698683,4.96357e-06
ATEZEG_clean,0.0067293769,0.0342936212,0.0674264331,0.335503716,0.6571739027,2.8278639414,6.6968676284,6.83762e-06
ATEZIK_clean,0.0056738577,0.0291826737,0.0574957527,0.2867711845,0.5789186467,2.5182438714,6.3270225485,5.84513e-06
ATIBAG_clean,0.0025659309,0.0133757329,0.0263826233,0.1279516511,0.246016405,0.9066134682,1.6588575341,2.6618e-06
ATIBOU01_clean,0.0027000554,0.0127019166,0.0259227676,0.1266391464,0.244189756,0.9029857178,1.6817545151,2.6648e-06
ATIBOU02_clean,0.0026074456,0.0130388248,0.0263315282,0.1270702611,0.2422385628,0.9084401172,1.6823293347,2.64603e-06
ATIBOU_clean,0.0026904751,0.0136008706,0.0271139215,0.132922244,0.2534603189,0.9328300324,1.6750626569,2.74658e-06
ATIBUA_clean,0.0026553472,0.0134571657,0.027214515,0.1307203656,0.2489048735,0.9195692634,1.6540561937,2.70505e-06
ATICAH_clean,0.0025052555,0.0126125002,0.0251994529,0.1225563304,0.2398578516,0.8825460906,1.6566812032,2.56557e-06
ATICEL_clean,0.0025611407,0.0123889593,0.024792289,0.1194123865,0.2335619802,0.8587693162,1.6155895849,2.48323e-06
ATIJUJ_manual,0.0013605938,0.0070139415,0.0137972436,0.0695583467,0.138628596,0.6730362287,1.9311385194,1.39212e-06
ATIRUS_clean,0.0006803341,0.0033484756,0.0066913518,0.0322455964,0.0646250199,0.2704022867,0.6074230001,6.69216e-07
ATIXAE_clean,0.0052057624,0.0261962335,0.0513513145,0.254174619,0.4894619995,2.0077840776,4.2490191311,5.19905e-06
ATIXUX_clean,0.0105425885,0.0527256433,0.1026682703,0.4592776192,0.8385089676,2.5072473363,3.8925984469,1.04639e-05
ATOGEV_clean,0.0083208877,0.0414994939,0.0825529737,0.3861008935,0.7124419508,2.2118747899,3.5018061234,8.41648e-06
ATOWIQ_clean,0.0048292597,0.0247412316,0.0497167803,0.241790366,0.4745686619,2.2120402606,5.4351756188,4.90958e-06
ATOWOW_clean,0.0047287194,0.0234990183,0.0466340973,0.2292344568,0.4603758564,2.1462926978,5.4080920467,4.65862e-06
ATULIM_clean,0.011405831,0.0566178352,0.1055432651,0.4186429247,0.6556195224,1.3047069948,1.6024853458,1.14422e-05
ATUXIY_clean,0.0088228409,0.0440272799,0.0861943745,0.4038948783,0.7654018736,2.577169206,4.1014631744,8.85134e-06
ATUZEW_clean,0.012036568,0.0596657958,0.1162348856,0.5264048005,0.9404738592,3.300736433,6.6048809103,1.20568e-05
AVAGIP_clean,0.0031848213,0.0152925012,0.0298519577,0.1489114485,0.284312288,1.0378593777,1.8517898367,3.07714e-06
AVAGOV_clean,0.0035121076,0.0170246306,0.033203293,0.163382863,0.3101258004,1.0888547973,1.8916919726,3.41356e-06
AVAGUB_clean,0.0028288256,0.014320212,0.0288509592,0.1393742103,0.2708150766,1.1033903293,2.2248273412,2.86654e-06
AVAJUE_clean,0.0052431724,0.0257076637,0.0512944344,0.2589616712,0.5114152716,2.5055378989,7.6103214104,5.12589e-06
AVAKAL_clean,0.0047998982,0.0228442916,0.0461631999,0.2297413955,0.4611305173,2.3120464807,6.7062816311,4.61415e-06
AVAKEP_clean,0.0041787707,0.0236669681,0.0475325615,0.2354932081,0.4700391264,2.3044812558,6.678141545,4.72498e-06
AVAQIX01_clean,0.0174441189,0.0862581302,0.1682399392,0.7269468512,1.2641845277,3.1579317468,4.3919863203,1.75231e-05
AVAQIX_clean,0.0160814797,0.081334811,0.1632114645,0.6940580272,1.2085631425,3.1363588164,4.4487658757,1.65407e-05
AVEHAM_clean,0.0057971496,0.029133998,0.0582477801,0.2644846024,0.4678122606,1.4544848141,2.3788567811,5.8936e-06
AVELOD_clean,0.0040329903,0.0200689778,0.040215152,0.1981725497,0.3836619393,1.7597545484,4.1520605779,4.02453e-06
AVELUJ_clean,0.0041646457,0.0212699698,0.042604516,0.2104543464,0.409489264,1.8397952227,4.2717715156,4.24248e-06
AVEMAQ_clean,0.003756015,0.0194110176,0.0386473615,0.1898989511,0.3730480849,1.6710720235,3.9440115707,3.86465e-06
AVEQID_clean,0.0061056687,0.0310899811,0.0612546877,0.3090454541,0.6014112191,2.8135633242,6.8441442427,6.20012e-06
AVESOL_clean,0.0140719857,0.0692371347,0.1386966585,0.6584651478,1.2625643008,4.7590070576,8.3220924098,1.39105e-05
AVESUR_clean,0.0075591051,0.0384421607,0.0748185079,0.3732313954,0.7101486201,2.8951045969,5.6743837455,7.60509e-06
AVETAY_clean,0.0152237906,0.0765615052,0.1535407794,0.7160810854,1.329614009,4.3838533683,7.2378928,1.55086e-05
AVETEC_clean,0.0134490822,0.0671616073,0.1326442466,0.6302978564,1.1654493802,3.9938081344,6.597751584,1.33945e-05
AVEVEE_clean,0.0065200151,0.0334027701,0.0652802538,0.3139853711,0.5758690294,1.8540056,2.9771386988,6.60652e-06
AVIHIY_clean,0.0054372582,0.0276547948,0.0554103833,0.265025739,0.5131032102,1.9339000244,3.6316703598,5.49897e-06
AVIHOE_clean,0.0056102011,0.0284942076,0.0568351411,0.2722554133,0.5259055679,1.9435062464,3.5807671648,5.64981e-06
AVILEY_clean,0.002341483,0.011748019,0.0233561806,0.1184817488,0.232506108,1.0977427419,3.1108993323,2.3537e-06
AVIMIC_clean,0.0030303245,0.0160492801,0.0309184145,0.1427450915,0.2638856972,0.7739479033,1.195824866,3.16167e-06
AVIMOI_clean,0.0128193464,0.0640220245,0.1249296786,0.5358129603,0.9538319791,2.4684093916,3.6019164989,1.30989e-05
AVIMUO_clean,0.0065777451,0.0321833931,0.0638703223,0.2947163979,0.5476944808,1.7349613983,2.9564682585,6.5156e-06
AVIPAX_clean,0.0092441856,0.0452994426,0.0899169371,0.4232673543,0.7905758547,2.869994546,5.4379129621,9.07679e-06
AVIPOL_clean,0.0081632123,0.0395859884,0.0793222987,0.3884336155,0.7286908961,2.9465456666,5.6526202943,7.89781e-06
AVITUU_clean,0.0072244951,0.0356667686,0.0725413316,0.3536644751,0.6740246617,2.923450098,6.7040813125,7.23147e-06
AVIVAC_clean,0.0063721725,0.0322605872,0.0660607388,0.3179887408,0.6170249136,2.6653325251,6.1245056503,6.43962e-06
AVIVEG_clean,0.006598579,0.0333489,0.0650036546,0.3218501431,0.6183505629,2.7103171588,6.2284824552,6.61639e-06
AVIVIK_clean,0.006579842,0.0333988656,0.0650208303,0.3222311306,0.6144017208,2.6678948223,6.0654713208,6.63903e-06
AVIVOQ_clean,0.0064533666,0.0332645831,0.0660295104,0.3212458719,0.6081669536,2.6590930736,6.1108228893,6.68314e-06
AVIVUW_clean,0.0065158236,0.0330303694,0.0643213122,0.3127688994,0.6004847461,2.6306236245,6.0781672617,6.43171e-06
AVUCEA_clean,0.0073659903,0.0379288463,0.0741610613,0.365564021,0.7014657056,2.8817100742,6.1356662868,7.41088e-06
AVUDAX_clean,0.0049994353,0.0245539741,0.0476357826,0.2357102475,0.4593552288,1.8497656531,3.8235573874,4.86053e-06
AWAGEL_clean,0.0034374628,0.0166729596,0.0331210647,0.1633483468,0.3314706352,1.4967607021,3.6100667638,3.32644e-06
AWAGOV_clean,0.0061501092,0.0270251789,0.056196968,0.2588144941,0.4734496492,1.5085641023,2.7231576219,5.96325e-06
AWAHEM_clean,0.001356773,0.0067249605,0.013484282,0.0664318101,0.1318239512,0.5879166598,1.4881777897,1.35808e-06
AWAKEQ_clean,0.0032875456,0.0160591503,0.032339955,0.1500540956,0.2848395426,0.9424408575,1.6598908026,3.22737e-06
AWAREV_clean,0.005586626,0.0276809601,0.0545702829,0.2451415991,0.4289808616,1.1415259604,1.6157982624,5.58435e-06
AWARIZ_clean,0.0055690619,0.0274024443,0.0549328553,0.2425295723,0.4307209583,1.136703371,1.6084025381,5.59068e-06
AWASAU_clean,0.0023332569,0.0120061151,0.0232217548,0.1126390547,0.2170704627,0.7836480352,1.3931710788,2.36009e-06
AWASEY_clean,0.0015450788,0.0072765177,0.0149656864,0.0735621287,0.1482440852,0.697227419,1.9588133592,1.4997e-06
AWASOI_clean,0.0022876999,0.011339998,0.0223122566,0.1085422085,0.2083875456,0.756017102,1.3546934766,2.28377e-06
AWAWUR_clean,0.0061944044,0.0304226007,0.0615671153,0.2831397335,0.52256854,2.0253555754,4.4862041001,6.29375e-06
AWEGEP_clean,0.0014623339,0.0071611701,0.0145463118,0.0713095165,0.1397719851,0.6091124401,1.4231779702,1.46412e-06
AWEJIW_clean,0.0061916756,0.0301592612,0.059543083,0.279596181,0.5126053305,1.7152036498,3.3597624119,6.10436e-06
AWEVIJ_clean,0.0082458602,0.0418411658,0.0816105793,0.3616638947,0.6664494236,2.2234911115,4.6059793686,8.45239e-06
AWEWOP_clean,0.0069281675,0.0344217048,0.0680904587,0.3276342916,0.6137543612,2.4859100903,4.970497739,6.84416e-06
AWEZOS01_clean,0.0021730756,0.0108382994,0.0204339816,0.0792950714,0.1440879281,0.354330176,0.5724222742,2.0511e-06
AWEZOS_clean,0.0022723647,0.0097664293,0.0207762279,0.084820656,0.1427994274,0.3475424174,0.5651816975,2.15154e-06
AWIBAK_clean,0.002106883,0.0098266044,0.01983223,0.0796854578,0.1298685366,0.3495868686,0.5738913004,2.02951e-06
AWIBAL_clean,0.0093639789,0.0477722123,0.0943655012,0.4252758094,0.7567684083,2.1569908969,3.1597268938,9.61286e-06
AWIBEO_clean,0.0012423591,0.0063450894,0.0124596759,0.0576176242,0.099931476,0.330762824,0.571593432,1.28214e-06
AWIBIS_clean,0.0014043739,0.0067582272,0.0138684684,0.0649215468,0.1176654707,0.3262337735,0.5890902959,1.40735e-06
AWOFOI_clean,0.006814463,0.0336923262,0.0672526564,0.3310554377,0.6222507335,2.5354602121,4.891841777,6.83098e-06
AWUPAL_clean,0.004706953,0.0221773798,0.0452698129,0.2251537552,0.4440777196,2.1782758876,6.475217513,4.51112e-06
AWUPOZ_clean,0.0046955914,0.0231152219,0.0462337716,0.2302936346,0.4632428907,2.1958495728,6.5193511597,4.60097e-06
AXAFAG_clean,0.0012785758,0.0062111005,0.0121995736,0.0615018433,0.1228428434,0.5492029283,1.3465828258,1.24358e-06
AXIGAR_clean,0.0029790502,0.0147650655,0.0290076983,0.1434052551,0.2880210664,1.3336440192,3.539999275,2.94032e-06
AXIMUP_clean,0.004441017,0.0219115698,0.0440018011,0.218703682,0.4285307991,1.9319663858,4.8459171167,4.40199e-06
AXINAX01_clean,0.0045235719,0.0227481996,0.0463474441,0.2260482538,0.4444447708,2.0700478292,5.3989367092,4.51641e-06
AXINAX_clean,0.0048331437,0.0249558152,0.0486620214,0.2447150904,0.4868251758,2.176471716,5.7844035682,4.95237e-06
AXINEA_clean,0.0062317455,0.0307800708,0.0599502328,0.2670345003,0.4723034441,1.2264721012,1.8580488618,6.25224e-06
AXINIF_clean,0.0068208166,0.0348444863,0.0697815231,0.3385360957,0.6479584839,2.8577076938,6.5493972121,6.9173e-06
AXIPEE01_clean,0.0030214899,0.015472249,0.0314619578,0.1558466267,0.3107634116,1.2993794528,2.9370805258,3.17796e-06
AXIPEE02_clean,0.0034431239,0.0168547855,0.0339117967,0.1657233036,0.3237818565,1.3441546028,2.8272144729,3.45029e-06
AXIPEE03_clean,0.0033307763,0.0169453244,0.0337578143,0.1664277892,0.3244314901,1.3353954541,2.8319370379,3.39466e-06
AXIPEE_clean,0.0034913673,0.0178533575,0.0357384367,0.1707161637,0.3361923026,1.3404392011,2.7580810386,3.54903e-06
AXUBAW_manual,0.0031473158,0.0164359828,0.0326821274,0.1635338654,0.3224549981,1.5297653576,4.2352680016,3.26295e-06
AXUBOL_clean,0.0078477491,0.0396480079,0.0790438636,0.3766357085,0.713192811,2.6112231121,4.9903964679,7.94086e-06
AXUHAD_clean,0.004230733,0.0208840761,0.0416061723,0.2061494032,0.400080087,1.8386969492,4.4678058293,4.15801e-06
AXUHEH_clean,0.0072853974,0.0343691869,0.0693336551,0.2879303257,0.490165825,1.3927649142,2.5483495021,7.24283e-06
AYOQEM_clean,0.0048029011,0.0243706941,0.0484406294,0.2376034891,0.4583347224,2.1633687133,5.5391111957,4.77251e-06
AYOXUJ_clean,0.0017217765,0.0084064004,0.0169745146,0.0841360276,0.1657580169,0.7096219528,1.7074097661,1.6891e-06
AYUJIP_clean,0.004930928,0.0252533957,0.0474046417,0.2361575866,0.4303697734,1.6213853183,3.1779262236,4.90529e-06
AZAFIS_clean,0.0089706121,0.0449182871,0.0893109225,0.4128265691,0.7373398029,2.1634503358,3.4012643453,9.1464e-06
AZAVOO_clean,0.0150693234,0.0735630021,0.1433734957,0.6567334667,1.1516273406,3.1985824749,4.7095637715,1.48838e-05
AZAVUU_clean,0.0118558894,0.0593027522,0.1153724653,0.5229854021,0.9223547246,2.6161833621,3.8547911835,1.19081e-05
AZAWAB_clean,0.0094546717,0.0482128423,0.0942979374,0.4354491964,0.8035872607,2.5656831962,4.144234426,9.5825e-06
AZEBUE_clean,0.0092354165,0.0453279202,0.0885955367,0.3942667499,0.6914165867,1.8038504003,2.6105163078,9.15223e-06
AZEWEH_clean,0.0066504286,0.0321950774,0.0623544779,0.2552507659,0.4311629841,1.0511096107,1.5845139533,6.54558e-06
AZIVAI_clean,0.0062052844,0.0313233342,0.0623889709,0.3075509229,0.6038397122,2.8469444985,7.0312911699,6.21882e-06
AZIXUD_clean,0.0073605452,0.0369656188,0.0733279822,0.3584193469,0.6744492974,2.7641194014,5.4154824838,7.40922e-06
BABREE_clean,0.0061682947,0.0301418119,0.0596105449,0.2925521922,0.5610309155,2.3566128998,5.371707478,6.04166e-06
BACGAQ_clean,0.0069309153,0.0351081895,0.0698074074,0.3227937375,0.5840026993,1.8248741515,2.9402100657,7.05142e-06
BADXAI_clean,0.0018294767,0.0092183926,0.0180992934,0.0903169499,0.1806043792,0.7323444029,1.4873709663,1.8488e-06
BADYAJ_clean,0.0038166192,0.0188690347,0.0375823883,0.1860583634,0.3682198345,1.6670063603,4.2072887706,3.76627e-06
BAEDTA01_clean,0.0058295498,0.0295370796,0.0579255992,0.2319279448,0.3941761136,0.9047884626,1.1631811755,6.00311e-06
BAFHAU_clean,0.0014994284,0.0077195342,0.0155628745,0.0775919803,0.1563830447,0.7569774827,2.1708994813,1.55952e-06
BAKGIF_manual,0.0037385111,0.0185266832,0.0367489629,0.1830849702,0.3641995209,1.638295417,3.9314263301,3.70531e-06
BAKJEE_clean,0.0076788958,0.0377775644,0.0748627266,0.3676395011,0.7104071888,2.9440183709,5.9894163875,7.51562e-06
BAKJII_clean,0.009625373,0.0490261585,0.0980106688,0.4690055533,0.8972606093,3.6222453463,6.8245606588,9.80766e-06
BAKJOO_clean,0.0058060743,0.0299096125,0.0600367214,0.2966327082,0.5677859434,2.4451779213,5.1356378029,6.01702e-06
BAKYIY_clean,0.0088542596,0.0443044366,0.0869664338,0.4258660664,0.8249290982,3.4247820323,6.5831181648,8.79794e-06
BAKYOE_clean,0.0079695504,0.0377890733,0.0751960592,0.3721656853,0.7206001917,2.8017782309,5.3527546896,7.67572e-06
BAMKIM_clean,0.0026089896,0.0136429918,0.026790926,0.1341786705,0.2656164565,1.2121954474,2.9957017899,2.70834e-06
BAMKOS_clean,0.0029974471,0.0146511747,0.0296492511,0.1488171977,0.2902103386,1.3104408878,3.2240696809,2.95302e-06
BANMAG_clean,0.0009193353,0.0045767987,0.0091254377,0.0452296379,0.0906100136,0.4357284668,1.1614417752,9.09352e-07
BAPDAA_clean,0.0027509476,0.013634555,0.0278078615,0.1364864545,0.2714876129,1.2874467961,3.2955200248,2.76023e-06
BAQWIC_clean,0.0012187265,0.0062997537,0.0128344317,0.0628283192,0.1227592377,0.5627419912,1.4574402269,1.26395e-06
BARZUR_clean,0.011421678,0.0573933696,0.1146517489,0.5490767347,1.0032759225,3.3446749195,5.4315291104,1.14769e-05
BASJUB_clean,0.0082075126,0.0409586448,0.0813719432,0.383345071,0.7200412789,2.6016459266,4.539392915,8.22148e-06
BAWROI_clean,0.0042202791,0.0207203645,0.0413635583,0.2085686042,0.4114892692,1.878955068,4.9135479535,4.23689e-06
BAWRUO_clean,0.0018445246,0.0092747761,0.0181568058,0.0913598441,0.1782419532,0.7565647951,1.7070814005,1.83858e-06
BAXFIR01_clean,0.0073232817,0.0368444148,0.0734009714,0.350672471,0.6524774629,2.3083485417,3.8996909495,7.43199e-06
BAXFIR02_clean,0.0080714278,0.0398583748,0.0767569411,0.3739590531,0.6836530677,2.4222334806,3.9919323775,7.84413e-06
BAXSIE_clean,0.0072769928,0.0361027439,0.0719607779,0.3352435922,0.5938376225,1.7298915882,2.6479572864,7.31669e-06
BAZFUF01_clean,0.0038979737,0.0199977236,0.0393403874,0.1988761467,0.3970383519,1.9440819746,5.7956450111,3.97544e-06
BAZFUF_clean,0.0040598985,0.019878488,0.0402030055,0.1975895799,0.3965614095,1.948767492,5.8195127395,3.97578e-06
BAZGAM_clean,0.0062169554,0.030409558,0.0592875217,0.3023004857,0.6044280494,2.9756160112,8.8632374634,6.04108e-06
BAZGEQ_clean,0.0046302245,0.0228435347,0.0452892557,0.2231161257,0.4436567147,2.0732701902,5.9726041534,4.52102e-06
BAZJET_clean,0.0055210806,0.028313841,0.056683668,0.2765794354,0.5472588081,2.4516978409,6.0468902782,5.58662e-06
BAZJIX_clean,0.0063094316,0.0308094823,0.0615705546,0.2982422431,0.5813459999,2.3648150656,5.3599739272,6.14386e-06
BEDYEQ_clean,0.0045213186,0.022122534,0.0462636977,0.2297530204,0.4508067079,2.0044272272,5.418379828,4.57419e-06
BEFGEA_manual,0.00675311,0.0332037895,0.0667760939,0.3271992648,0.6248738968,2.7921038884,6.8236116874,6.709e-06
BEFLUV_clean,0.1504828496,0.654765141,1.0922311765,2.7117235426,3.3271698047,4.1935710051,4.6991195809,0.000157469
BEFMAC_clean,0.1303525574,0.6112587684,1.0707427782,3.072928506,4.0131671144,5.8734393002,7.1544087824,0.000129551
BEGDEY_clean,0.0413431457,0.1986929519,0.3635996048,1.1859207637,1.78227153,3.781425693,5.9339161496,4.30928e-05
BEJZAS_clean,0.0069164388,0.0350211907,0.0676037096,0.3307437445,0.6434939972,2.4655025766,4.4898671616,6.95093e-06
BELJIL_clean,0.0023529512,0.0112746166,0.0226200626,0.110088649,0.2199648099,0.9305943062,2.0214173613,2.28679e-06
BELTOD_clean,0.0076345375,0.037554642,0.0742149548,0.3501131335,0.6719055746,2.5194348988,4.5270132264,7.53436e-06
BELTUJ_clean,0.008283117,0.0405952327,0.0803078576,0.3720641262,0.7180739839,2.5296399877,4.3009701062,8.14579e-06
BENXUP_clean,0.0084901738,0.0431049632,0.0837501413,0.3956372071,0.710292347,2.0274062077,3.0356995783,8.6508e-06
BENZOL_clean,0.0088700851,0.0447572893,0.0889930733,0.4120116294,0.7527770991,2.3487068092,3.7760959118,9.06934e-06
BENZUR_clean,0.0076340907,0.0380400765,0.0761744257,0.3528309861,0.6477463821,2.0435815066,3.3809775261,7.73621e-06
BEPBAB_clean,0.0099129819,0.049056682,0.0977347343,0.4495172659,0.8177003064,2.4424713361,3.9635918607,9.94148e-06
BEPLUF_clean,0.0021008935,0.0102404365,0.0203843455,0.1008116607,0.1991221225,0.9647246384,2.6074274976,2.03248e-06
BEPMAM_clean,0.0019986879,0.0103539983,0.0209209251,0.1008144998,0.2005075766,0.9747209171,2.6282916418,2.05045e-06
BEPMIU_clean,0.0015175436,0.0074860524,0.014999381,0.0749249953,0.1498896649,0.7227102974,1.9712420096,1.51101e-06
BEPNIV_clean,0.0020411675,0.0099321613,0.0205143033,0.1013684819,0.200618825,0.9575441614,2.5595413401,2.01677e-06
BEPNOB_clean,0.0019128818,0.0095130948,0.0196362592,0.0980444578,0.1951795128,0.9391993112,2.5251607818,1.95857e-06
BEPNUH_clean,0.0015964317,0.0073851014,0.0152474204,0.0763013017,0.1500132169,0.7142469516,1.9310445997,1.52485e-06
BEPPAP_clean,0.0014481135,0.0074166223,0.0146423119,0.0740298429,0.1453791881,0.7151994485,1.9027516967,1.46446e-06
BEPPIX_clean,0.0020197249,0.0094287786,0.0192828965,0.0963355272,0.1891104297,0.9151187406,2.4877406982,1.91384e-06
BEPPOD_clean,0.0019275196,0.0097730869,0.0193800083,0.0984262078,0.1957889565,0.931677093,2.5280416905,1.95978e-06
BEPREV01_clean,0.0117551357,0.0576426716,0.1161732939,0.5552838091,1.0740043206,4.3284615175,8.3186622357,1.16902e-05
BEPREV02_clean,0.0097629193,0.0491443635,0.0971088266,0.475982402,0.9170049609,3.9344579888,8.1872939427,9.77126e-06
BEPREV03_clean,0.0107537331,0.0551300889,0.1111693062,0.5374113437,1.0276508753,4.237925341,8.3005144602,1.1124e-05
BEPREV_clean,0.0108112154,0.0552632059,0.1107971837,0.5342740188,1.0196426796,4.2389388452,8.280932652,1.11121e-05
BEPRIZ_clean,0.005935034,0.0304641417,0.0586569181,0.2951191548,0.5816497094,2.5724741365,6.3862221355,5.95479e-06
BEPROF_clean,0.0070761455,0.0351784871,0.0699843062,0.3542731106,0.6886107605,3.0643073177,7.2400012304,7.08333e-06
BEPVEZ_clean,0.0031779431,0.0160210355,0.0315315646,0.1526102117,0.2888792956,1.0153840086,1.9061585046,3.18137e-06
BEPVID_clean,0.0034553565,0.0175755355,0.0352577685,0.1645898753,0.314107502,1.0495879344,1.8649076213,3.54303e-06
BEPVOJ01_clean,0.0034783375,0.0188559052,0.0369337395,0.1747803044,0.3242913651,1.0582960895,1.8101324233,3.76208e-06
BEPVOJ_clean,0.0038936369,0.0188296412,0.0367203446,0.1748279079,0.3231259004,1.0373489139,1.7510958926,3.82885e-06
BEPWEA_clean,0.001089292,0.0058625782,0.0112664323,0.0562923961,0.1120863026,0.5077478404,1.2291446172,1.14416e-06
BERQIA_clean,0.0188601726,0.0907676157,0.1790966889,0.711309098,1.209997355,3.4167230574,5.620906764,1.89502e-05
BETDAH_clean,0.0081503642,0.040059809,0.0798076634,0.3872609307,0.7283965118,2.7416089688,5.1369197268,8.05881e-06
BETDEL_clean,0.0081231738,0.0396943202,0.080426487,0.3890923708,0.7262173333,2.7934796867,5.2451574766,8.10503e-06
BETDIP_clean,0.0082623362,0.0415810729,0.0808649144,0.3967564376,0.7357327684,2.8316160016,5.2603002759,8.24283e-06
BETDOV_clean,0.0072372347,0.0357624391,0.072154855,0.3348927238,0.6188510647,1.9781724858,3.401680304,7.34802e-06
BETDUB_clean,0.0079465478,0.0400775551,0.0786563994,0.3810872239,0.7215807954,2.7247892017,5.0973588286,8.01494e-06
BETFAJ_clean,0.0082545459,0.041478528,0.0822333698,0.3987872915,0.7617860379,2.8472755867,5.349176448,8.36465e-06
BETFEN_clean,0.0083375617,0.0415792887,0.08193946,0.396838845,0.7554740632,2.8622126665,5.3934673101,8.34259e-06
BETFOX_clean,0.0081218696,0.0406192795,0.0805572673,0.3578945844,0.6566200873,1.9821950162,3.3128468585,8.19035e-06
BETFUD_clean,0.0079960218,0.0405167236,0.0818244913,0.3880464512,0.7379169292,2.8162742743,5.3759634493,8.12254e-06
BETGAK_clean,0.0083306637,0.0417344913,0.0834944942,0.3993639458,0.7524337998,2.8513412665,5.4430311459,8.32164e-06
BETGEO_clean,0.0062076526,0.0293248718,0.0577856521,0.2673272076,0.478907575,1.5773576115,3.1260313319,5.95242e-06
BETGIS_clean,0.0037508505,0.0187306847,0.037501435,0.1814772968,0.3506850819,1.3568993484,2.8574622823,3.76774e-06
BETGOY_clean,0.0041500442,0.0206888335,0.0401384089,0.1978234624,0.382759407,1.4781434283,3.2111136378,4.10279e-06
BETGUE_clean,0.0044736894,0.0219518945,0.0442502076,0.2206920926,0.4329723739,1.9228512124,4.8080854643,4.44247e-06
BETHEP_clean,0.0028752845,0.0137249398,0.0275179171,0.135472966,0.2635857629,1.1502694388,2.7402057572,2.75274e-06
BETHIT_clean,0.0033809757,0.0176131738,0.0355560712,0.1752821326,0.349629176,1.5893429508,4.1047679477,3.54958e-06
BETZOR_clean,0.0094560525,0.0470526517,0.0919940169,0.4182403864,0.7479401617,2.4640080584,4.4353878033,9.41317e-06
BEVWAB_clean,0.0080230453,0.0405627461,0.0824413944,0.3709470967,0.6753268286,2.3669405219,4.4958336076,8.09736e-06
BEWCUD_clean,0.0039645933,0.0214892451,0.0435147637,0.2127728938,0.4251563509,2.0984445744,6.0068568876,4.28736e-06
BEWVEG_clean,0.0052041703,0.0250206121,0.0504636288,0.2420963197,0.4791493852,1.9941224894,4.3093821492,5.03877e-06
BEWVOQ_clean,0.002209732,0.0105657196,0.0208618912,0.1048148586,0.2089502317,1.0223253274,2.9911964961,2.08293e-06
BEWWEH_clean,0.0018531424,0.0096363406,0.0187441145,0.0961865152,0.1919644967,0.9382586445,2.8395890893,1.90898e-06
BEXPAX_clean,0.0104360588,0.0493741185,0.1000151334,0.4936366661,0.9806759694,4.2156103165,9.1339712128,1.00416e-05
BEXQIF_clean,0.003350955,0.0159201123,0.0317643462,0.1616558923,0.3212282042,1.4912816048,4.1110988112,3.25244e-06
BEXQOL_clean,0.0027413567,0.0137979594,0.0277336957,0.1371934544,0.2719656809,1.2789816831,3.5843816089,2.74998e-06
BEXQUR_clean,0.0028919626,0.0144740093,0.0280496038,0.1383680404,0.2797760892,1.3187653751,3.6639341173,2.82814e-06
BEXRAY_clean,0.0027352401,0.0134137905,0.0264756427,0.1348201718,0.2648397811,1.2807468683,3.6145272324,2.70225e-06
BEXREC_clean,0.0028629246,0.0143571718,0.0279636617,0.1413622211,0.2833839482,1.3185378594,3.793770201,2.83536e-06
BEXRIG_clean,0.0028260518,0.0146717416,0.0289388924,0.1441560217,0.2897265903,1.3797703734,3.8491282243,2.90352e-06
BEXRUT_clean,0.0047007873,0.0227443529,0.0452107672,0.2222835388,0.4349341753,1.761465974,3.6795960865,4.57771e-06
BEXSAA_clean,0.0045469411,0.0227767259,0.0462170216,0.222336142,0.4322745597,1.77120603,3.7319163807,4.56216e-06
BEXSEE_clean,0.004280914,0.0214166435,0.0426625334,0.2146717967,0.4166371094,1.703275989,3.6264981642,4.35332e-06
BEXSII_clean,0.0075439196,0.03833003,0.0761971492,0.3722718322,0.7165223013,2.8447978528,5.9595286468,7.72321e-06
BEXTUV_clean,0.0171848467,0.0845537507,0.1670571591,0.7275342957,1.2674003793,3.3576876335,4.8657799079,1.71933e-05
BEXVAD01_clean,0.0129951886,0.0661529711,0.1267120662,0.5611850703,0.9865989477,2.7622576077,4.2006897271,1.31997e-05
BEXVAD_clean,0.0170926858,0.0827169933,0.1606088453,0.7206074409,1.2293756743,3.2859689767,4.7260868742,1.69771e-05
BEXVEH_clean,0.0055528201,0.0278698477,0.0555713628,0.2723989508,0.5363057342,2.4065097731,6.1315154116,5.55495e-06
BEXVIL_clean,0.0042316816,0.021186534,0.0423244868,0.209860725,0.4202941972,1.981327025,5.5151493642,4.21103e-06
BEYKEX_clean,0.0023364658,0.0117313961,0.0230666465,0.1137832853,0.2243829736,0.9787193895,2.2216087772,2.33895e-06
BEYSEF_clean,0.0032762122,0.0165258874,0.0324939968,0.1637714659,0.3191332044,1.3691924742,2.973675304,3.31025e-06
BIBXIV_clean,0.0049691714,0.0244715174,0.0490604747,0.2415394065,0.4823276876,2.0833183626,5.1657753604,4.93587e-06
BIBXOB_clean,0.003932246,0.018327763,0.0380156624,0.1863623838,0.3701170988,1.7567183076,5.1600372184,3.74342e-06
BIBXUH_clean,0.0043419322,0.0215517726,0.0436218312,0.2136917119,0.4256981364,1.9758365829,5.2608910086,4.33931e-06
BICPOT_clean,0.0718669929,0.3417063198,0.6229414752,2.0666333602,3.009625073,5.2669589768,6.5198403575,7.34426e-05
BICPUA_clean,0.0037734566,0.0185439586,0.0367826668,0.185192574,0.3629085227,1.7741692389,5.1679285393,3.65486e-06
BIDPOV_clean,0.0077208575,0.0384147813,0.0771026148,0.3753571611,0.7239144493,3.2124309905,7.7380374125,7.61415e-06
BIFGOO_clean,0.0013075149,0.0065010989,0.0128497479,0.0649071735,0.1233946171,0.5539981909,1.4014109626,1.3106e-06
BIFKEI_clean,0.0079251276,0.0384398168,0.0763439926,0.3767290695,0.7025739348,2.7305728294,5.0962394312,7.70906e-06
BIGZUO_clean,0.0028598706,0.0149914215,0.0299896281,0.1491950072,0.2988954956,1.4363810548,4.2526547824,3.00596e-06
BIHBAX_clean,0.0029260242,0.0143438797,0.0290655981,0.1454679308,0.2908913351,1.4101884733,4.1799935436,2.91188e-06
BIHBEB_clean,0.0216277253,0.1035176454,0.1994306308,0.7599044495,1.2565370119,3.4789064427,6.7623424512,2.16569e-05
BIJDUV_clean,0.0045819634,0.0222859917,0.0449132396,0.2193017221,0.4248097348,1.7514272412,4.0192534917,4.53275e-06
BIJFAD_clean,0.0052161813,0.0253823517,0.0505487029,0.2518703209,0.4847532825,1.9895756201,4.5502265779,5.13211e-06
BIMDEF_clean,0.0092870735,0.047334464,0.0924561819,0.4406918283,0.8067209693,2.6375988723,4.2082466938,9.50734e-06
BIMDIL_clean,0.011244986,0.0574775635,0.1139788626,0.5245698051,0.9597880925,3.0048878249,4.4953240448,1.14962e-05
BINCUY_manual,0.004811953,0.0237741461,0.0466898216,0.2351725039,0.4657412177,2.1222971868,5.4193095762,4.74227e-06
BINDAF_manual,0.004913826,0.0247660706,0.0492496446,0.2422964997,0.481059371,2.1939748931,5.5139003953,4.95713e-06
BINMIW_clean,0.0216261363,0.1032864159,0.1930643789,0.6030697476,0.883700851,2.1005924582,3.8226147265,2.22042e-05
BINROH_clean,0.0060673289,0.0293131845,0.0589017394,0.289671356,0.5772912021,2.4725788126,6.1973267275,5.90469e-06
BINRUN_clean,0.0067738541,0.0321872337,0.0651972027,0.3203822716,0.6318058699,2.6233555299,6.4051086656,6.55858e-06
BINSAU_clean,0.0058898803,0.0276903906,0.0541597654,0.2748501666,0.5473471879,2.4082780377,6.1921729488,5.59261e-06
BIPBAF_clean,0.0054370194,0.0277355738,0.0560110385,0.2700830894,0.5396157017,2.415812939,6.1172988738,5.55239e-06
BIPLIX_clean,0.0031216589,0.0162101144,0.0314882335,0.1573030942,0.3100782822,1.3600707706,3.2774912287,3.17197e-06
BIPSUQ_clean,0.003813162,0.0192602238,0.0380034836,0.1906448446,0.3741228888,1.7952835065,5.1179836214,3.77901e-06
BIQHEQ_clean,0.0128825897,0.0649449391,0.1273868439,0.5709157313,0.9989288675,3.0026365841,4.6999139541,1.29626e-05
BIQVII_clean,0.0042458691,0.0212063949,0.0419586949,0.1995574876,0.3829446072,1.2667804591,2.1527818682,4.25703e-06
BIRGIU_clean,0.0032937652,0.0167704093,0.0333826352,0.1642122292,0.3224726188,1.420313523,3.2890166997,3.33442e-06
BIRMUM_clean,0.0024951482,0.0121961123,0.0238939119,0.1165603456,0.2224930091,0.7995766893,1.4260650206,2.42813e-06
BIRSEC_clean,0.0048253745,0.0245098991,0.0479420014,0.2303605469,0.4341240324,1.611434626,2.8654693396,4.85005e-06
BIRSIG_clean,0.0054931906,0.027163366,0.0535578946,0.2578535827,0.4792616108,1.7038463247,2.904994821,5.46e-06
BIWSEG_ion_b,0.0043245259,0.0219714987,0.0435069108,0.2015011019,0.3989684024,1.6629800758,3.8776533648,4.38629e-06
BIWSIK_ion_b,0.0046082447,0.0229073278,0.0458530885,0.2251965003,0.4394916566,2.0177491374,5.1125394074,4.58328e-06
BIWSOQ_clean,0.0138626345,0.067890067,0.1358523729,0.6323102268,1.1563272003,3.7623435527,6.6580918547,1.38008e-05
BIWYAH10_clean,0.0019381352,0.0097576132,0.0187484916,0.0953002684,0.1931228509,0.9483840194,2.7244917317,1.92361e-06
BIXXIR_clean,0.0009978727,0.0050665983,0.0100473803,0.0496643347,0.097510049,0.4307779122,0.9928473149,1.01356e-06
BIXYEO_clean,0.0010055944,0.0050348294,0.0102884004,0.0498936675,0.0990450533,0.4308912216,0.9997041961,1.01682e-06
BIYSUZ_clean,0.0028112521,0.0137490642,0.0274516448,0.1368903965,0.2648923049,1.1304103486,2.6652772207,2.74325e-06
BIYTAG_clean,0.0026292119,0.0138350942,0.0274082745,0.1358466426,0.2619158407,1.1227318946,2.6764671664,2.76803e-06
BIYTOU_clean,0.0050748039,0.0257106568,0.0514065857,0.2530627148,0.4855632161,1.965095794,4.3133182456,5.15927e-06
BIYVEM_clean,0.0026086073,0.0134591574,0.0269477574,0.1342461155,0.2587016116,1.1091645127,2.5852377876,2.70731e-06
BIYVIQ_clean,0.0025652221,0.012665664,0.0252054689,0.1228270616,0.2407225557,1.0270323045,2.3702536932,2.51631e-06
BIZLUT_clean,0.0065288573,0.0331778838,0.0651240372,0.3207378256,0.5977023712,2.5176148837,5.5271598519,6.58836e-06
BIZMAA_clean,0.0065170188,0.0322288547,0.0641367525,0.3139584632,0.5847493592,2.5155886158,5.5953785192,6.4082e-06
BIZMEE_clean,0.0064384584,0.0325158043,0.065688849,0.3179136423,0.604739474,2.5296546573,5.567568398,6.58803e-06
BIZMII_clean,0.0064912286,0.0333121291,0.0660954943,0.3238866041,0.6153170652,2.549619396,5.5561100966,6.68882e-06
BOCKOT_clean,0.0031800893,0.0159586104,0.0319361579,0.1591032064,0.3093248874,1.3091741658,2.8747303464,3.21731e-06
BOHJOZ_auto,0.0003723764,0.0021838443,0.0041923853,0.021464921,0.0428702618,0.2067445187,0.5489080091,4.36618e-07
BOHWOM_clean,0.0064424847,0.0311764741,0.0629773177,0.2997925271,0.5691729428,2.2176790593,4.2167364187,6.28795e-06
BOJCIN_clean,0.0032801613,0.0166928988,0.033763503,0.1630629639,0.3109639948,1.1298846417,2.1487759429,3.38919e-06
BOKQEZ_clean,0.002817632,0.0141945117,0.0288655348,0.1434906714,0.2819828083,1.2255442262,2.825971626,2.89216e-06
BOLPAU_clean,0.0086174757,0.0424275038,0.0833372956,0.3998401197,0.7745438986,2.9615619651,6.0497954464,8.51015e-06
BOLZIN_clean,0.0041089884,0.0209741771,0.0414524418,0.2066537786,0.4065814848,1.8790787338,5.3567914923,4.10984e-06
BOMCOX_clean,0.0080162547,0.0392647578,0.0784648291,0.3708140249,0.6980122036,2.4640463251,4.1068903354,7.98695e-06
BOPHIZ_clean,0.0081336853,0.0408289836,0.0802713362,0.3874046192,0.7118452459,2.5504047724,4.5689380497,8.20034e-06
BORBEQ_clean,0.0072000552,0.0367682183,0.072775649,0.360381961,0.6727532194,2.485120872,4.4866694383,7.43721e-06
BOSHIC_clean,0.0251450942,0.1181993996,0.2278609389,0.8565702345,1.4690107467,4.3911589096,7.5770847396,2.48119e-05
BOVHEB_clean,0.0233570511,0.1129186807,0.2204800873,0.9124192475,1.5200651789,3.3054392514,4.310381382,2.3211e-05
BOWDIC_clean,0.0093533471,0.0457579827,0.0910936621,0.423792577,0.7651002122,2.6931446889,4.9042592326,9.22764e-06
BOWNUY_clean,0.0047289705,0.0230357392,0.0462091547,0.2248545143,0.4473831345,1.9198577073,4.6493289252,4.61643e-06
BOWRAH_clean,0.0486143071,0.2196677655,0.3780419678,1.0176221057,1.2764403142,1.7000880351,1.87893839,4.94139e-05
BOWSOW_clean,0.0155151242,0.0802084698,0.1539541785,0.6877806657,1.2036754127,3.0507674733,4.1537649698,1.58467e-05
BOWZUK_clean,0.0038972008,0.0207263947,0.041158043,0.2005420938,0.4018497093,1.7693086998,4.1589027581,4.09982e-06
BOXFOK_clean,0.0103006612,0.0503299021,0.0961769789,0.3944043089,0.6591825954,1.7922377661,3.6189469129,1.0681e-05
BOXYIY_clean,0.0047238992,0.0245827023,0.0477901135,0.2314124304,0.4410195431,1.5584277441,2.7587671781,4.88568e-06
BOYCEY_auto,0.0070688715,0.0345368648,0.0701481804,0.3390035745,0.6396777156,2.5830790539,6.3250625275,7.06132e-06
BOYTEQ_clean,0.007560923,0.0368560377,0.0731148872,0.3213011465,0.5601712685,1.3633981699,1.877258785,7.55306e-06
BOYYOF_clean,0.0026559256,0.0131465757,0.0265920071,0.1298343333,0.2570147881,1.1078443848,2.7020373579,2.6596e-06
BOZFIH_clean,0.0106883543,0.0537397269,0.1056325535,0.4833268328,0.9156853457,3.1271424114,5.3671905079,1.06797e-05
BOZFON_clean,0.0078712569,0.0390884442,0.0780229427,0.3586008993,0.6415418601,2.0123558643,3.2340252567,8.01383e-06
BUBQOE_clean,0.0028254464,0.0139549248,0.027766913,0.1344204985,0.2523478044,0.8746424216,1.4986790385,2.83615e-06
BUBTUP_clean,0.004317042,0.0216917186,0.0441702279,0.2143369243,0.4101207037,1.5452467734,2.9123730485,4.4213e-06
BUCSAU_clean,0.0207837215,0.1027120646,0.1986652411,0.7687603208,1.2566981092,2.5427942917,3.2866020672,2.08255e-05
BUCSEY_clean,0.0072822071,0.0359103547,0.0727111507,0.3341727334,0.6163871428,1.8546750775,2.8382506043,7.34463e-06
BUCSIC01_clean,0.0276212667,0.1360092805,0.2578855741,0.9345132038,1.4360375934,2.6762149124,3.4207615023,2.80412e-05
BUCVAY_clean,0.0086406725,0.0437983877,0.0846909426,0.3599135337,0.6151703867,1.4256341314,1.9839155719,8.87902e-06
BUCWAZ_clean,0.0050547222,0.0254703159,0.0506982277,0.2450606409,0.4806714946,1.9637059233,4.6497523112,5.10502e-06
BUGSAY_clean,0.0020880187,0.0101116003,0.0204736539,0.1001677285,0.1934879171,0.8006621553,1.6574839373,2.05834e-06
BUGSEC_clean,0.0019651745,0.0099126537,0.0198131767,0.0978126884,0.194368449,0.7949662752,1.6731659955,2.00121e-06
BUGSIG_clean,0.0020296456,0.0099660565,0.0198888704,0.0993725874,0.1933380003,0.7928820493,1.6660887476,2.02078e-06
BUGSOM_clean,0.0021049581,0.0099971772,0.0206108195,0.0994588144,0.193970336,0.7952464093,1.6516630122,2.03536e-06
BUKMUQ01_clean,0.0061397135,0.030755807,0.0610747845,0.304449049,0.6057378629,2.7330581952,6.5845414147,6.16781e-06
BUKRUW01_clean,0.0032649746,0.0157668836,0.0314186903,0.1593280859,0.3114959753,1.513349195,4.1452947564,3.16915e-06
BUKRUW02_clean,0.0029865551,0.015080416,0.0305250116,0.1507380729,0.3029750477,1.4650838528,4.0632546193,3.03036e-06
BUKRUW03_clean,0.0027421231,0.0136001328,0.0273813348,0.1381327268,0.2734788305,1.3088535829,3.7614916874,2.73734e-06
BUKYAJ_clean,0.014914708,0.0735085454,0.1451192468,0.6564314298,1.138383273,3.3420170133,5.0132421087,1.47442e-05
BULBER_clean,0.0028988375,0.0142773212,0.0288537079,0.1419757034,0.2742300263,1.1663627846,2.5501960951,2.88339e-06
BUNKUS_clean,0.0042441812,0.0212145762,0.0423943382,0.2104620156,0.4153758958,1.8838847536,5.1623232698,4.24875e-06
BUNLAZ_clean,0.004404719,0.020817022,0.0436038111,0.215424196,0.4300597584,2.0581267753,5.9144401205,4.34474e-06
BUPDOH_clean,0.0192223584,0.0920605991,0.1796132058,0.7326600644,1.2364887043,4.1855306296,8.7017105991,1.91506e-05
BUPVEP_clean,0.0023005205,0.0120063176,0.0237050739,0.1173998666,0.2270583292,0.9440922998,2.1464675435,2.40182e-06
BUQWER_clean,0.0143845984,0.0704682852,0.1407560483,0.6039816367,1.0406524322,2.5891344418,3.5510551921,1.43187e-05
BURJOO_clean,0.00491374,0.0238168594,0.0480535502,0.2290029912,0.4214763735,1.3562222399,2.2378423083,4.92696e-06
BURQIQ_clean,0.0074839712,0.037657348,0.074092601,0.3515912857,0.6584756649,2.5395232816,5.0322833706,7.51664e-06
BUSNAF_clean,0.0024636154,0.0122936846,0.0239026445,0.1153961622,0.2303219029,0.8923723635,1.8321597403,2.42935e-06
BUSQEM_clean,0.0228231702,0.1108694905,0.2148584004,0.8920922579,1.5100486478,3.9657231152,6.2597207559,2.25072e-05
BUSQIQ_clean,0.1028091152,0.4629732698,0.8053526855,2.1565391649,2.7322047714,3.7682311716,4.374396467,0.000104806
BUSRUE_clean,0.0089226634,0.0445019184,0.0865872073,0.4111971511,0.7656726831,2.731321413,5.0378011509,8.89872e-06
BUVHEH_clean,0.0057096051,0.0291448736,0.0582394107,0.2858308155,0.5552249434,2.2200871977,4.5116936717,5.81296e-06
BUVVIZ_clean,0.0021039512,0.0107933846,0.0214327093,0.102005992,0.1893958466,0.6609212006,1.1811283061,2.16101e-06
BUVVOF_clean,0.0015620066,0.0077400922,0.0151659586,0.073927206,0.1390875107,0.4964991414,0.8963059209,1.55236e-06
BUVWOF02_clean,0.0021848138,0.0113418765,0.022511633,0.1114199519,0.2197098179,0.9417449748,2.0661398287,2.25537e-06
BUVWOF03_clean,0.0028878686,0.0139292291,0.0276814799,0.1362003766,0.2693671378,1.1083210648,2.2891594868,2.78691e-06
BUVXOG_clean,0.0023971877,0.0117555198,0.0236220847,0.1138060351,0.2260185719,0.9386995609,1.9967671321,2.32946e-06
BUVYEX_clean,0.0029066074,0.0145038878,0.0294117025,0.1412182304,0.2778954072,1.1262770695,2.3074007388,2.92581e-06
BUVYIB01_clean,0.0087198223,0.0427163025,0.0851189023,0.4190234134,0.8039198686,3.3173135701,7.1759446041,8.5685e-06
BUVYIB_clean,0.0092223017,0.0458144628,0.0902852791,0.447256649,0.857429762,3.4011054826,7.1358434155,9.2089e-06
BUWLUC_clean,0.0023635569,0.0112722698,0.0228973398,0.111909015,0.2193295151,0.9655456218,2.2883788626,2.28631e-06
BUWMAJ_clean,0.0024357458,0.0119059705,0.0239163302,0.1213832048,0.2400758645,1.1355559318,3.0850797528,2.40239e-06
BUWMEN_clean,0.0026805705,0.0132580915,0.0267690985,0.1321050351,0.2633797755,1.2105562712,3.1688702363,2.65612e-06
BUWMIR_clean,0.0024709032,0.0124739659,0.0247226836,0.1245092912,0.2507164751,1.1707576313,3.1842656103,2.48525e-06
BUXNOZ_clean,0.0051036818,0.0263755721,0.0523741399,0.2583192442,0.4944836463,2.1520737803,5.0367948377,5.28328e-06
BUXTOF_clean,0.0132256334,0.0649165379,0.1306234707,0.5836481405,1.1020096524,3.1117768275,4.2988934261,1.31137e-05
BUXTUL_clean,0.0053315399,0.0259643834,0.0510338537,0.2463904907,0.4661515503,1.9105316855,3.9682583566,5.19729e-06
BUXZAX_clean,0.0035428388,0.0172354321,0.0354537345,0.1753254621,0.3481247506,1.6015546559,4.4023940507,3.53038e-06
CABJOH_clean,0.0154990691,0.076368591,0.1512798398,0.7203485739,1.3211813083,4.2977739385,6.7530209723,1.54095e-05
CACBUG_clean,0.002321148,0.0115462711,0.0227190028,0.1135374034,0.220626141,0.90228357,1.9963433997,2.30613e-06
CACNOM_clean,0.0110045546,0.0564515672,0.1115351686,0.5207056223,0.9734171285,3.0828811565,4.6840796698,1.13359e-05
CADPII_clean,0.0038625365,0.018639427,0.0364151605,0.152650847,0.2496746715,0.5428409661,0.7050943835,3.78062e-06
CADQAB_clean,0.0055907288,0.0284388688,0.0577758296,0.2780424558,0.5482532094,2.2718512644,4.8627081926,5.75121e-06
CADQOP_clean,0.0049737322,0.024992897,0.0490240345,0.244805298,0.4788341762,2.0416613623,4.5359966119,4.98704e-06
CADZIT_clean,0.0043041262,0.0219945598,0.0433188664,0.2156939919,0.4109977801,1.6288529008,2.8145133581,4.39291e-06
CAGSAG_clean,0.007361179,0.0370470227,0.0739344258,0.3495736478,0.6756356727,2.6683008973,5.597484697,7.38859e-06
CAGXIU_clean,0.0086927834,0.0438814311,0.0863319922,0.3907917073,0.6692027935,1.7506490231,2.4069131279,8.90025e-06
CAJQEL_clean,0.0092574898,0.0437211287,0.0875047121,0.385927462,0.7195292411,2.4858986106,5.9447903449,8.95253e-06
CAJQIP_clean,0.0063643683,0.0315458463,0.0618229383,0.3007071343,0.5855548394,2.3830748947,6.0492847086,6.27716e-06
CAJWIV_ion_b,0.0092108572,0.0457007139,0.0906543315,0.4264001652,0.7854717807,2.6436778283,4.5434475944,9.20366e-06
CANRIU_clean,0.0097253778,0.0478527583,0.094663785,0.4584135601,0.8305430632,3.0131736027,5.7809419751,9.67868e-06
CANROA_clean,0.0078651822,0.0400728155,0.0798559437,0.3866032857,0.7012594375,2.6063053445,5.083394488,8.0564e-06
CANRUG_clean,0.0097077549,0.0473794028,0.0959888853,0.4596804179,0.8864595563,3.4573029645,6.4663936576,9.66212e-06
CANYIB_clean,0.0046617581,0.0229475655,0.0459170973,0.2268482291,0.431587277,1.8849147839,4.2793597324,4.61962e-06
CAPLOX_clean,0.0067645756,0.0336810501,0.0666652935,0.3241467059,0.6297139531,2.5197273347,5.1101281435,6.69829e-06
CAQCAZ_clean,0.0147180014,0.0726192627,0.1445363102,0.6359716467,1.1606225905,3.0216281342,4.2423513096,1.46433e-05
CARGEI_clean,0.0001373203,0.0006560858,0.00140677,0.0067628713,0.0133646201,0.0643720862,0.1703863952,1.3787e-07
CASTEW_clean,0.0158705372,0.0783451082,0.1519481849,0.6879985398,1.2250457788,3.0172984017,4.1240928163,1.57968e-05
CASWIE_clean,0.0149814032,0.0754643571,0.1436059182,0.6269631953,1.0697892804,3.2654536013,5.9464074328,1.51404e-05
CAVMIX_clean,0.0089391255,0.0444386893,0.0880891447,0.4084184537,0.7661562175,2.769077755,5.2119979143,8.85551e-06
CAVMOD_clean,0.0054920495,0.0273145927,0.0548733717,0.2604782279,0.4840436283,1.751704623,3.6313564361,5.51398e-06
CAVNOE_clean,0.0081314938,0.0396751064,0.0787934548,0.3499435416,0.602257725,1.5826209109,2.2819820958,8.08873e-06
CAVPEW_manual,0.0040223909,0.0198547654,0.0391012965,0.200094446,0.3904863975,1.9440032499,5.6818027026,3.9842e-06
CAVPIA_manual,0.0039191368,0.0197488318,0.0392227211,0.1980731736,0.3853898242,1.9209570621,5.6183117152,3.95201e-06
CAVPUM_manual,0.0042889359,0.0209559908,0.0415565714,0.2068571098,0.4110018159,2.0159367768,5.8680796598,4.15575e-06
CAVRAU_clean,0.0108901244,0.056202433,0.1082913746,0.4702980582,0.8198614653,2.6945187898,5.1727187828,1.12134e-05
CAVREY_clean,0.0109746867,0.055230507,0.1076324041,0.4721913228,0.8281524933,2.7387658983,5.1364304878,1.12005e-05
CAVSUP_clean,0.0026288984,0.0128666748,0.0259462047,0.1247482799,0.245544919,1.0147354456,2.1643546665,2.56866e-06
CAVVUS_clean,0.006401951,0.0311767729,0.0641809869,0.3071951886,0.5931365299,2.3997706577,4.8700632074,6.39131e-06
CAWDOU02_clean,0.0069277177,0.0346507959,0.0697451286,0.3361764027,0.6403550913,2.4653234601,5.0762856539,6.9822e-06
CAWVIH_SL,0.0077371563,0.0378806952,0.0757849878,0.3533204207,0.643455453,2.0621201088,3.2208751677,7.70248e-06
CAXSUR_SL,0.005409179,0.0247940619,0.0469804588,0.2409886161,0.470378168,2.0898284662,5.6139762876,4.86046e-06
CAXTAY_clean,0.0031475907,0.0155335094,0.0307198894,0.1534887064,0.3074225052,1.4620495144,4.1001564883,3.07378e-06
CAXTEC_clean,0.0047509268,0.0246008695,0.0485168699,0.2398673899,0.473672282,2.0476813556,4.9132989338,4.91659e-06
CAXVII_clean,0.00386251,0.0200447193,0.0403147215,0.2006742928,0.3976659385,1.8255883006,4.5139970299,4.03611e-06
CAXVOO_clean,0.0039188307,0.0193815885,0.0389648414,0.1948805278,0.386859631,1.7900935412,4.4140968231,3.91544e-06
CAXVUU_clean,0.0039751514,0.0196486576,0.0400167668,0.1952420704,0.3912562794,1.7917559103,4.4297576117,3.93655e-06
CAXWAB_clean,0.0039606171,0.0205025521,0.0404782332,0.2018461268,0.3974224878,1.8497317136,4.5227558073,4.08486e-06
CAXWEF_clean,0.0040641745,0.0202482006,0.0408597605,0.2024474865,0.4015447997,1.8506092265,4.5261986373,4.05867e-06
CAXWIJ_clean,0.0040587241,0.020691499,0.0406907984,0.2034848775,0.4050312328,1.8635139343,4.5470009609,4.10669e-06
CAXXEG_clean,0.0054528393,0.0266297362,0.0537542854,0.2606531949,0.4841195432,1.9160962756,3.6516891663,5.44188e-06
CAXZOS_clean,0.0078626194,0.039669982,0.0782289882,0.3761051614,0.7402152171,3.0831780043,6.0293534041,7.86935e-06
CAXZUY_clean,0.0083208295,0.0406359306,0.0805353983,0.4007611581,0.7517638586,3.1386247959,6.0296864588,8.16063e-06
CAYCAI_clean,0.0007166441,0.0036273538,0.0072378948,0.0350640695,0.070507477,0.322478265,0.7930349462,7.16336e-07
CAYDEN_clean,0.0021659299,0.0113101155,0.0225205599,0.1061267329,0.2018455016,0.6807933056,1.1956993798,2.2451e-06
CAYDIR_clean,0.0022144876,0.0109063197,0.0217960276,0.1044310462,0.1944161703,0.6826193315,1.198064652,2.18162e-06
CAYDUD_clean,0.0020739258,0.0105510817,0.0211801112,0.1017731499,0.1933006206,0.6754302331,1.1897446698,2.1563e-06
CAYKEU_clean,0.0042941434,0.0215272322,0.0422319668,0.2034071643,0.3846119421,1.4607262961,2.8893812447,4.24725e-06
CAYMIZ_clean,0.0067231336,0.0333032097,0.0665430221,0.3137457301,0.5757985029,1.7563258135,2.712007024,6.78152e-06
CAYQAV_clean,0.0025290733,0.0130030698,0.0260163863,0.128761038,0.2496982504,1.1107559624,2.5884678886,2.61349e-06
CAYQIE_clean,0.0067281691,0.0340508194,0.0680575761,0.3312703715,0.6460517478,2.7651740498,6.5698636362,6.85242e-06
CAYQOK_clean,0.0070393718,0.0341820738,0.0681229198,0.3305553001,0.6272287887,2.7711795918,6.7190813735,6.89121e-06
CAYQUQ_clean,0.0067562466,0.0333403906,0.0672184756,0.326499042,0.6204475363,2.6622250129,6.1072495342,6.71248e-06
CAYSIE_clean,0.0014369797,0.0070137563,0.0142325751,0.0699926312,0.1415008751,0.6444329912,1.5772132356,1.43363e-06
CAYSOK_clean,0.0016750751,0.007827357,0.0158842614,0.0758395415,0.1555276197,0.7155279685,1.6747317981,1.58831e-06
CAYYEG_clean,0.00135557,0.0070601313,0.0136146381,0.0686827315,0.1354763505,0.644488241,1.5407418183,1.36572e-06
CAZGIT_clean,0.0056887939,0.0281422579,0.0568809427,0.2539537061,0.4382076623,1.2044982566,1.7221601357,5.74108e-06
CAZNEY_clean,0.0066482542,0.0327224065,0.0649041272,0.3183112343,0.6318363075,2.7500544719,6.2142555845,6.46809e-06
CEBDOD_clean,0.0024579578,0.012254724,0.0244752385,0.1189962865,0.2269052507,0.8585371086,1.5622399827,2.46521e-06
CECVAI_clean,0.003818333,0.0187779775,0.0380258851,0.1868278958,0.3701427329,1.7214540192,4.4824597083,3.79744e-06
CEDFIC_clean,0.0069662488,0.0339936427,0.0678294979,0.3273502855,0.607949727,2.2464545139,4.221411129,6.88564e-06
CEDFOI_clean,0.0087860247,0.0420264304,0.0841580777,0.379077162,0.7010753421,2.5243777413,4.832582735,8.50979e-06
CEDFUO_clean,0.0088205798,0.0444636737,0.0866722409,0.3936538704,0.7236325372,2.4165453932,4.1831005186,8.80399e-06
CEGDUO_clean,0.0022895283,0.0111913097,0.0219324313,0.1049655,0.2040390478,0.7216846689,1.3223550898,2.20702e-06
CEGFAW_clean,0.0019376465,0.0100713519,0.0203457478,0.0978387461,0.189486027,0.7197433474,1.402268079,2.03574e-06
CEGWER_clean,0.009315049,0.045689707,0.0898009931,0.3968055401,0.6790116419,1.742367073,2.551104968,9.37909e-06
CEHLAD_clean,0.0050041959,0.0247593372,0.0502285216,0.2455707619,0.4767602906,2.1363957813,5.3080606156,5.0678e-06
CEJBEA_clean,0.0016031314,0.0082530256,0.016550185,0.079551819,0.1493309774,0.5560528176,1.1580680336,1.6664e-06
CEJCAW_clean,0.0043002655,0.0224897409,0.0436006545,0.2105263714,0.4136063133,1.617204532,3.1928785551,4.36904e-06
CEJZAU_clean,0.0087504849,0.04382551,0.0857705869,0.4143423863,0.7733132514,2.9046935318,5.0834835646,8.71955e-06
CEKHIL_clean,0.0051445268,0.025186531,0.0508541801,0.2502157624,0.501191004,2.3337731721,6.3890795885,5.04883e-06
CEKNIQ_clean,0.0042612978,0.0209594657,0.0420196802,0.2068110074,0.4121630241,1.9356926699,5.49119345,4.18142e-06
CEKROB_clean,0.0048756334,0.0248833436,0.0495828106,0.2311619266,0.4344365465,1.4541465226,2.7286514081,4.99105e-06
CELZEA_clean,0.0039130219,0.0195452233,0.0390567927,0.1889096233,0.3706723981,1.4914870081,2.9298208603,3.90736e-06
CEMKOV_clean,0.0152099436,0.0771542182,0.1551493327,0.7295869888,1.3427717785,4.4390628933,7.0738864286,1.5628e-05
CEMYUQ_clean,0.0116370514,0.0583542641,0.114613248,0.5588024528,1.0240177631,3.780483992,6.7251141135,1.1742e-05
CENJIQ_clean,0.0037128242,0.0186395285,0.0367928774,0.1754750969,0.3352575087,1.405039045,3.0013272326,3.64534e-06
CENKAJ_clean,0.0030996427,0.015418837,0.0312901187,0.1570260714,0.2977760423,1.2625725626,2.8060338699,3.16666e-06
CENPUI_clean,0.0208343117,0.1036988664,0.2012005764,0.8379380217,1.4387590174,3.5347328276,5.0775623452,2.09526e-05
CESFIQ_clean,0.0118857746,0.0579453531,0.1159318063,0.5319319608,0.9400604563,3.4559264605,7.8667270489,1.1675e-05
CESFOW_clean,0.0085701206,0.0428912082,0.0842776293,0.4013720903,0.7507525935,2.8783041324,6.8150969768,8.58908e-06
CETFOX_clean,0.0030606274,0.014839274,0.0300513722,0.1477706433,0.2879352375,1.1742968198,2.4987833058,3.01225e-06
CETFUD_clean,0.0064925438,0.0325131701,0.0647601669,0.3079609064,0.5767282117,1.8634661907,3.1067778893,6.59101e-06
CETGOY_clean,0.0039611395,0.018583517,0.0379692145,0.1881182989,0.3744112887,1.7440379872,4.6235734489,3.79649e-06
CETHEQ_clean,0.0019793578,0.0095694938,0.019074419,0.0961291049,0.1914410846,0.8999532215,2.3882766807,1.93796e-06
CETJAN_clean_h,0.0044515311,0.0225019935,0.0452693227,0.2169691922,0.3972380682,1.4358106306,2.6684848392,4.62085e-06
CETNUL_clean,0.008590178,0.0435966034,0.0864598518,0.4076925556,0.7390891219,2.419878282,3.9406375163,8.70961e-06
CEXHET_clean,0.0063425141,0.0323518758,0.0637991221,0.3105734592,0.5894722513,2.0685414896,3.8729033682,6.61094e-06
CEXHOD_clean,0.0047215127,0.0239222473,0.0484235124,0.2362040278,0.4527655052,2.000256095,4.4480577236,4.81496e-06
CEXJOF_clean,0.0073262373,0.0369281242,0.0718164149,0.3357196781,0.6266473172,2.3655567331,4.4546302174,7.20694e-06
CEYPUT01_clean,0.0234052916,0.1138595686,0.2248564746,0.8879056052,1.4514524652,2.9537346042,3.7821144188,2.35293e-05
CEYPUT_clean,0.0218585007,0.1083871545,0.2122127421,0.8671907034,1.4189936821,2.9881250432,3.8651902835,2.22961e-05
CEYYIQ_clean,0.0010841453,0.0054534047,0.0110759669,0.0539926153,0.1069895084,0.4852428113,1.2526543043,1.09326e-06
CEZFIY_clean,0.0067689819,0.0341837041,0.068087384,0.3224473768,0.5895236984,1.9789799527,3.2866748805,6.89362e-06
CIDKUX_clean,0.0056502552,0.028555957,0.056416401,0.2694787212,0.5040641221,1.8549521029,3.9474313535,5.75427e-06
CIFDOM_clean,0.0068366102,0.0360823008,0.0705079192,0.3506919566,0.6612072158,2.6918679759,5.3015899681,7.12025e-06
CIFDUS_clean,0.0068383306,0.0347456007,0.069057677,0.3368931517,0.6502968529,2.5836382769,5.0324625221,6.93937e-06
CIFJAE_clean,0.0093478849,0.0473988279,0.0922128799,0.4361043,0.815058214,2.6718127706,4.4948490009,9.47987e-06
CIFLUA_clean,0.0058960489,0.02893826,0.0573545559,0.2836710259,0.5439165905,2.5184523212,6.0541725714,5.7441e-06
CIFMAH_clean,0.0066533445,0.0335605333,0.0666348099,0.3287521976,0.6257463909,2.7616829942,6.3971371342,6.69203e-06
CIFMEL_clean,0.0030085074,0.014661055,0.0303581811,0.1493546212,0.2985531816,1.4697555944,4.1615027561,3.02202e-06
CIFMIP_clean,0.0048778262,0.0244609644,0.0485747344,0.2409461438,0.4757847429,2.1049718588,4.7469424431,4.88991e-06
CIGDUT_clean,0.0063018047,0.0327310137,0.0658493984,0.3133427866,0.5730023114,1.9018154809,3.1185770158,6.69028e-06
CIGFAB_clean,0.0064746319,0.0323090786,0.0637037725,0.3010592919,0.5518890452,1.8286879324,3.0458139798,6.48612e-06
CIGFEF_clean,0.0072912721,0.0358809167,0.0701241657,0.3343310766,0.6276317973,2.1954030689,3.6268584977,7.1146e-06
CIGXIA_manual,0.0187031357,0.0876236678,0.1701056646,0.5049662117,0.765995808,1.7902572565,3.8403447961,1.96371e-05
CIJVOH01_clean,0.0026887092,0.0134631001,0.0268717277,0.1347860386,0.2680231014,1.2583550033,3.3281722134,2.70188e-06
CIJVOH_clean,0.0026496007,0.0129700537,0.0263060512,0.1291362575,0.2550684117,1.1944419419,3.1574915581,2.60256e-06
CIPCUB_clean,0.0079858602,0.0393588064,0.0793465378,0.3545469071,0.6355786435,1.8263737638,2.7636005602,8.01983e-06
CIPLIX_clean,0.0119482148,0.0595193587,0.1184996849,0.5715005657,1.0356136525,3.6620688439,5.9475503811,1.20327e-05
CIQQIE_clean,0.0121980314,0.0615436262,0.1198749594,0.5689050407,1.0530551064,3.5024465719,5.7168920882,1.23973e-05
CIRTUU_clean,0.0064674374,0.0337099465,0.0662823716,0.3274256994,0.6356392105,2.7160949118,6.8297782314,6.7011e-06
CISLUN_clean,0.0058024132,0.029266664,0.059093444,0.2881056962,0.5619175245,2.2964899004,4.830289528,5.93664e-06
CISXEJ_clean,0.0095689172,0.0462571092,0.0922342427,0.397193203,0.705416652,2.1707812722,3.8584537392,9.28178e-06
CITZIP_manual,0.0043442641,0.0214438083,0.0427951125,0.2120792294,0.4113569267,1.6181150308,3.2318532498,4.37386e-06
CIVTEH_clean,0.0062941442,0.0315795234,0.0625643597,0.3009250758,0.5823372614,2.1805297218,4.0433296139,6.32704e-06
CIWREG_clean,0.0039031793,0.0194026653,0.0387934809,0.188899657,0.3608633738,1.5963246153,3.5793029487,3.86281e-06
CIWRIK_clean,0.0040355016,0.0199681622,0.0401641031,0.1968923201,0.3770580458,1.649508313,3.6534521634,4.02172e-06
CIWROQ_clean,0.004013777,0.0202591396,0.0401002461,0.1950272996,0.3732885054,1.6431173425,3.679702015,4.00351e-06
CIWRUW_clean,0.0038024563,0.0189319665,0.0372332625,0.1869056058,0.3535454887,1.5827072661,3.5851264474,3.78575e-06
CIWSAD_clean,0.0036918586,0.0190155732,0.0380443127,0.1849569786,0.3536389701,1.5820515794,3.5886715006,3.80608e-06
CIWYUD_clean,0.0051157363,0.0260029889,0.052552252,0.2544709497,0.48515321,1.8233958252,3.3801996007,5.21978e-06
CIWZEP_clean,0.0028561033,0.0148770653,0.0294652987,0.1381483041,0.2555018214,0.9177011944,1.862158222,2.94158e-06
CIWZIT_clean,0.0024425172,0.0127922523,0.0245459779,0.1170327132,0.2281723208,0.8141591959,1.7191737369,2.54282e-06
CIXBUH_clean,0.0039650614,0.0195580288,0.0390133598,0.1942754981,0.366235265,1.6210978552,3.6405471165,3.94971e-06
CIXCAO_clean,0.0037767818,0.0191248543,0.03842548,0.187780513,0.3565849521,1.5997386628,3.6490177199,3.83551e-06
CIYZUG_clean,0.001713208,0.0084868519,0.0168564442,0.0814177372,0.1576669161,0.5704571584,0.9830204958,1.74693e-06
CIZMIJ_clean,0.0087947379,0.0441322082,0.090450145,0.4384687459,0.8494192599,3.4356483585,7.2443704136,9.02684e-06
CIZPOS_clean,0.0145184763,0.0690743453,0.1368804558,0.5778324537,1.0005392883,3.2159005597,6.263641167,1.43119e-05
COBWEV_clean,0.0011482797,0.0059135122,0.011380043,0.0571159992,0.1154701883,0.4789276979,1.053578769,1.17026e-06
COCMAJ_clean,0.0034747812,0.0171447469,0.0339083579,0.1695322414,0.3285717098,1.5498303744,4.0919132729,3.41171e-06
COCMOY_clean,0.0041696657,0.0212665755,0.0420807615,0.2067206739,0.4192413229,1.975250032,5.5317614977,4.18301e-06
COCMUE_clean,0.0046244687,0.0225450137,0.0464196351,0.2278119402,0.4495590034,2.0974473007,5.6264534036,4.58471e-06
COCNAL_clean,0.0041769973,0.0203926887,0.0402026574,0.1997549132,0.4008988099,1.87608215,5.1039893299,4.05501e-06
COCNEP_clean,0.0046466338,0.0236915687,0.047827301,0.2356856959,0.4643359555,2.1169061547,5.5322389692,4.7486e-06
CODFEH_clean,0.0022586832,0.0110288352,0.022345924,0.1078820605,0.2075955418,0.8745532089,1.8387616572,2.23204e-06
CODMUF_clean,0.008917255,0.0434540851,0.0852028222,0.3972209738,0.717978782,2.1257718668,3.0708818209,8.81455e-06
CODNAM_clean,0.0127114021,0.0632557998,0.125231075,0.570779494,1.0615549547,3.2041512406,4.6612869068,1.27379e-05
CODROD_clean,0.0049500949,0.0251049861,0.0505270292,0.2401044287,0.4428109468,1.5732696052,2.5351219155,5.04411e-06
CODRUJ_clean,0.0051187065,0.0255375385,0.0509699807,0.2464533988,0.4508010864,1.5748671364,2.5136122355,5.10069e-06
CODSUL_clean,0.0033853722,0.0169669099,0.0351115038,0.1625429217,0.311175155,1.1036188306,2.0281821327,3.45236e-06
CODVAU_clean,0.5448374784,1.481483496,1.9764694711,2.9619028115,3.3295094384,4.1810592555,4.7252936254,0.000745048
COGNAO_clean,0.0083171038,0.0420203011,0.0823934478,0.3830709658,0.7417257361,2.6197881367,4.4296255063,8.32948e-06
COJGEO_clean,0.0096558771,0.0472580526,0.0936142263,0.4467266659,0.828066121,3.0125639767,5.6207318564,9.56566e-06
COJHIT_clean,0.004487556,0.0215839221,0.0433110268,0.2191289308,0.4271978696,2.0347958332,5.4363632787,4.37861e-06
COJMIZ_clean,0.0080698223,0.0402260852,0.0799763143,0.3757046023,0.70676114,2.7130747141,5.3398244977,8.11798e-06
COJMOF02_clean,0.007058342,0.0347629952,0.0698300014,0.3419934751,0.6543468234,2.6619711653,5.6606354402,7.06124e-06
COKFAK_clean,0.0078338196,0.0385495681,0.0760080234,0.3434822922,0.6303487783,1.8880799876,2.9967818401,7.65642e-06
COKMEW_clean,0.0044039155,0.0215226835,0.0431253061,0.214863476,0.410864059,1.9744684413,4.7200926444,4.33127e-06
COKMIA_clean,0.0033791228,0.0170354093,0.0344804092,0.168979293,0.3301060209,1.5758946748,4.0225096144,3.39971e-06
COKMOG_clean,0.0031134193,0.0161577812,0.0318234691,0.1593690137,0.3098128922,1.4783206566,3.6682271247,3.19219e-06
COKMUM_clean,0.0030270287,0.0157519719,0.0319688497,0.1574203409,0.3156357052,1.4685429739,3.8829433127,3.15657e-06
COKNAT_clean,0.0042344323,0.0217064881,0.0423819393,0.2129150858,0.4112922106,1.9384688928,4.5667415932,4.30648e-06
COKPEZ_clean,0.0053768247,0.0272526502,0.0539982904,0.2729762876,0.5232916281,2.4685657032,5.9758176658,5.43632e-06
COKPID_clean,0.0042494878,0.0215354011,0.0433769325,0.2157491645,0.4150626765,1.9542520347,4.7065656837,4.32387e-06
COKPOJ_clean,0.0035180275,0.0173060953,0.0354384952,0.1757170591,0.3446358039,1.6332151051,4.1276203691,3.5201e-06
COKPUP_clean,0.0044054168,0.0219296229,0.0435719918,0.2182250109,0.4164585087,1.9829300042,4.6297015226,4.4029e-06
COKQAW_clean,0.0028336999,0.0137063695,0.0274527729,0.1365136652,0.2689160288,1.293248924,3.3305764337,2.74356e-06
COKQEA_clean,0.0033372734,0.0170915054,0.0343023263,0.1702979968,0.3356176864,1.5931918659,4.04471477,3.4368e-06
COKQIE_clean,0.0042322282,0.0210212476,0.0427092597,0.2132983056,0.410667845,1.9582589801,4.7280420389,4.3042e-06
COKQOK_clean,0.0044225153,0.0217056332,0.0429726909,0.2160936885,0.4078750845,1.9474891825,4.5827551509,4.32642e-06
COKROL_clean,0.0220704769,0.1079725069,0.2115487868,0.8878853662,1.5280324018,3.4467590724,4.6192146491,2.21106e-05
COKRUR_clean,0.0102346062,0.0507962533,0.0996375285,0.464766997,0.847935581,3.0181863077,5.8877137168,1.02492e-05
COMDOY_clean,0.0123930776,0.0594754775,0.1199808046,0.5591003839,1.0013892424,3.098367409,4.854139781,1.21999e-05
COPXOV_clean,0.0073140623,0.0363003865,0.0701493731,0.289189935,0.4774309596,1.0789992869,1.4962460199,7.38043e-06
COQGAS_clean,0.0047115179,0.0229356622,0.0470765182,0.2294473897,0.4386199565,1.7778273049,3.5113280178,4.67656e-06
COQHUN_clean,0.0099334908,0.0483995773,0.0963532489,0.4421916613,0.7878939739,2.5320928237,4.4862040446,9.85081e-06
COQJID_clean,0.0132304479,0.0647493175,0.1281159862,0.5594077743,0.9876450306,2.552288425,3.6398288113,1.31259e-05
COQJOJ_clean,0.0138458015,0.0665105227,0.1307668116,0.552051887,0.9615851954,2.7219260176,4.5811245551,1.36809e-05
COQJUP_clean,0.0149938259,0.0747026479,0.1449967967,0.5838257543,0.9769015157,2.5959713119,4.2233636518,1.5171e-05
COQLAX_clean,0.0043487996,0.0217378015,0.0429706011,0.1966502171,0.3622113195,1.1597198157,1.9467069227,4.37235e-06
COQNIF_clean,0.0213166394,0.1061913866,0.2107805246,0.9749427316,1.8169607594,5.2178412687,7.2050241186,2.13516e-05
COQTEJ_clean,0.0080885847,0.0392627267,0.0792329193,0.3899571539,0.7700586885,3.4816254697,8.3748246987,7.87651e-06
CORZIU_clean,0.0063228469,0.0304981805,0.061409228,0.3008166624,0.5843833613,2.633907775,6.5837321637,6.18196e-06
COSMII_clean,0.0098737951,0.0503143386,0.0988342375,0.4845716647,0.9059965586,3.3858013531,6.5887945261,1.00077e-05
COTVOY_clean,0.0069537201,0.0340839716,0.0680823645,0.3227826217,0.602433606,2.1801578722,3.997817348,6.82507e-06
COTVUE_clean,0.0061781428,0.0316503652,0.0628226283,0.3012911489,0.5707690237,2.0698248088,3.8360812856,6.35644e-06
COTXEQ_clean,0.0113799425,0.0563539788,0.1128898688,0.5149817522,0.9215881808,2.8433029371,4.4772482292,1.12378e-05
COTXIU_clean,0.0114481591,0.0577095668,0.1116147415,0.5303427504,0.9452698655,2.9012906181,4.5283145404,1.14306e-05
COTXOA_clean,0.011386939,0.0564484327,0.1131015154,0.531537417,0.9508811252,2.9847493599,4.6272024972,1.14804e-05
COTYIV_clean,0.003233646,0.0163886753,0.0323553944,0.1605706095,0.3153934166,1.420862178,3.6292382096,3.29386e-06
COVPAG_clean,0.0080148983,0.0405021556,0.0791536337,0.3687623899,0.66503467,2.0285670789,3.2004452936,8.25667e-06
COWBEX_clean,0.0023120951,0.0114219504,0.0227965106,0.1081116361,0.1974777126,0.6055830079,0.9631967753,2.32493e-06
COWDEZ_clean,0.0039222212,0.0193590343,0.0374158794,0.1521275566,0.2691799359,0.7172679971,1.1739219,3.9883e-06
COWMAD_clean,0.0031037637,0.0153857206,0.0301614102,0.1508015053,0.3031410281,1.3898853278,3.4501059641,3.07978e-06
COWMEH_clean,0.0031223789,0.0154887165,0.0309494379,0.1509921231,0.3034941115,1.379018341,3.4461899598,3.06267e-06
COWMIL_clean,0.0031774802,0.0154980221,0.0307536007,0.1533161768,0.3067278616,1.3925793889,3.4558440425,3.09991e-06
COWMOR_clean,0.0030831859,0.0152899734,0.0302769221,0.1494551091,0.3021248366,1.3650810141,3.4077455245,3.04517e-06
COWMUX_clean,0.0029787967,0.0151538785,0.0307203177,0.1526619678,0.3020252682,1.3766366284,3.39292941,3.06954e-06
COXDIE_clean,0.0035656935,0.017825121,0.0359413873,0.1706061353,0.3244630487,1.1744132741,2.0777761155,3.59217e-06
COXHED_clean,0.0018737383,0.0093114157,0.0182423561,0.0910481354,0.183814546,0.9130424019,2.6936420039,1.8225e-06
COXHIH_clean,0.0018883835,0.009319029,0.0184209554,0.0924775382,0.182964286,0.9287733475,2.7332978396,1.83667e-06
COXHON_clean,0.0023411662,0.0115311792,0.0222057327,0.1144510076,0.2309146696,1.1512383297,3.4361084214,2.29977e-06
COXXIX_clean,0.0012569356,0.0064658578,0.0128279146,0.0636507649,0.1257086565,0.5804135959,1.4237192321,1.29168e-06
COYCEZ_clean,0.0045598046,0.0228290961,0.0456957833,0.2217526096,0.4317229046,1.8201564767,3.7797259415,4.56186e-06
COYCID_clean,0.0028005081,0.0138467374,0.0282259658,0.1384949849,0.2773745467,1.2818714307,3.4092990793,2.80769e-06
COZMUA_clean,0.0050283253,0.0247694285,0.0501640527,0.2425637875,0.4829357409,2.1586452329,5.5663950835,4.93607e-06
CUBHOY_clean,0.003049385,0.0151349873,0.0303634612,0.1483177093,0.2898330388,1.2281087655,2.6555949109,3.02629e-06
CUCSAU_clean,0.0042577992,0.0201057941,0.0403008321,0.1997509493,0.3804727893,1.5333863515,3.1794993038,4.07321e-06
CUCTAX_clean,0.0099028939,0.0497940168,0.096374479,0.4052245403,0.6964408698,1.5797206267,2.1591945395,1.01355e-05
CUFDUD_clean,0.0094031564,0.0469305246,0.0933779251,0.461003328,0.8864934886,3.8399833357,7.8123035749,9.40629e-06
CUFFAL_clean,0.0088969419,0.0432982135,0.0877154275,0.4314315203,0.8205186417,3.6408722993,7.6748139407,8.73041e-06
CUFFEP_clean,0.0073708261,0.0365553131,0.0732008098,0.366391704,0.7013685595,3.2351761693,7.2406709649,7.3759e-06
CUFGIV_clean,0.005569353,0.0282885649,0.0559136865,0.2796561973,0.5433927322,2.4035953247,5.6254348219,5.66513e-06
CUFGOB_clean,0.0002810519,0.0013439187,0.002627612,0.0137581588,0.02684157,0.1216720438,0.3025122003,2.76851e-07
CUFGUH_clean,0.0002455384,0.0013243521,0.0026253725,0.0132146341,0.0259870767,0.1178806687,0.2910319276,2.62923e-07
CUFQUR_clean,0.0012361312,0.0062361142,0.0127115737,0.0640000738,0.1228367093,0.5307964984,1.1796632307,1.28163e-06
CUGLIB_clean,0.0010760158,0.0051246004,0.0105272216,0.0512084332,0.0988236349,0.4260271136,0.8910763306,1.04814e-06
CUGVUW_clean,0.0025532355,0.0125278758,0.0251020502,0.1200415608,0.2341446362,0.9065388774,1.8420648082,2.50692e-06
CUGXAF_clean,0.0096222666,0.0469380697,0.0929666719,0.4510481434,0.8464805908,3.0530698214,5.8222601671,9.49089e-06
CUGYIO_clean,0.0011406369,0.0055168352,0.0111719293,0.0536790616,0.1052166114,0.4369195193,0.887003701,1.10001e-06
CUGYOU_clean,0.0004865529,0.0024857945,0.0049384451,0.0248539681,0.0484908912,0.2318285129,0.5938914473,4.96295e-07
CUGYUA_clean,0.0003631746,0.0018404823,0.0036503893,0.0179275502,0.0350355339,0.1569011139,0.3661851275,3.61489e-07
CUGZAH_clean,0.0008310569,0.0044152715,0.0087103178,0.0422907269,0.0835910985,0.3699675924,0.8064497924,8.64456e-07
CUHLUO_clean,0.0392738931,0.1946060568,0.3794479155,1.6765537996,2.8964272707,6.0504239792,7.2150272996,3.92107e-05
CUIMDZ01_clean_h,0.0011569103,0.0057740126,0.0112131302,0.0534122517,0.0988479115,0.354778007,0.6010792835,1.13392e-06
CUKXIR_clean,0.007865937,0.0390696798,0.0771416292,0.3690208319,0.6927788507,2.3580816621,3.9046295002,7.89886e-06
CUKXOW_clean,0.0041111558,0.0215045074,0.0425903022,0.2058104318,0.4006866378,1.4743731933,2.7793798406,4.29174e-06
CUKXUC_clean,0.0043741238,0.0216134234,0.043435481,0.2097439127,0.402586657,1.4964575378,2.8364825953,4.33669e-06
CUKYAJ_clean,0.004263197,0.0214350393,0.0422450431,0.2082663642,0.3931227872,1.4853240901,2.775633618,4.31422e-06
CUKZOY_clean,0.0064479544,0.0312194673,0.0632041632,0.3091011454,0.5728150278,2.2125219217,3.8845804021,6.35208e-06
CUMDEU_clean,0.0009105061,0.0044976665,0.0089521423,0.0437813339,0.0851369862,0.3645829702,0.7989200433,8.99392e-07
CUMDIY_clean,0.0068165668,0.0336709404,0.0657850858,0.2820386683,0.476541834,1.0941883617,1.4621583157,6.79212e-06
CUMDOE_clean,0.0023666404,0.0121001842,0.0237644481,0.1166848731,0.2284388684,0.9180136163,1.8770520158,2.38338e-06
CUMDUK_clean,0.0023288099,0.0118177487,0.0229642741,0.1116054541,0.2136487677,0.8070300278,1.6164558638,2.33781e-06
CUMJEB_clean,0.0027478819,0.0130081759,0.0261044809,0.1238603195,0.2280718146,0.7250589249,1.1816765459,2.66566e-06
CUMLUT_clean,0.008428219,0.0440217599,0.0873379082,0.4310403017,0.811958998,3.3213007357,6.1923778073,8.75013e-06
CUMQOQ_clean,0.0046701293,0.0237569324,0.0471270286,0.2333011591,0.4538777827,1.9188893371,4.2626567047,4.73855e-06
CUNFOH01_clean,0.0008791949,0.0044614305,0.0087279803,0.0438407326,0.0864958166,0.4310256593,1.1735897826,8.80083e-07
CUNFOH_clean,0.0008131043,0.0044101586,0.0084801562,0.0427737645,0.0842987798,0.4167883376,1.1542471271,8.56683e-07
CUNQOT_clean,0.0051230028,0.0261814654,0.0524947465,0.2468749375,0.465870836,1.5457502958,2.5904010958,5.27621e-06
CUNQUZ_clean,0.0049392416,0.0235967647,0.0473998815,0.2248262899,0.4164249541,1.3500472778,2.2595792428,4.78083e-06
CUNWEO_clean,0.004697075,0.0230686891,0.0474647338,0.2249197192,0.4284242066,1.7349804095,3.4356730171,4.65633e-06
CUPHIG_clean,0.0080021939,0.0399445417,0.0798582419,0.3832156486,0.7448896664,3.0692221455,7.3243608904,8.03179e-06
CUPHUS_clean,0.0065673157,0.0318306985,0.0634120052,0.3184732458,0.632548884,2.8715463171,6.9913024252,6.46953e-06
CUQKOQ_clean,0.0044555381,0.0224637506,0.0445201503,0.215485322,0.4203376846,1.7017920467,3.3149610523,4.47343e-06
CUQRIR_clean,0.0078237116,0.0393695674,0.0784598428,0.3807068281,0.7123766964,2.6038570889,4.622254488,7.90976e-06
CUQROX_clean,0.0078034367,0.0383547604,0.0761199173,0.373204879,0.7070965984,2.5140549443,4.5248821841,7.73405e-06
CUQRUD_clean,0.0114720227,0.055763304,0.1122846368,0.5384739287,1.0169958584,3.718777041,6.5855427905,1.12743e-05
CUQSAK_clean,0.0047413738,0.0232539014,0.0465622834,0.2257958651,0.43896934,1.8354019981,4.3292354358,4.63916e-06
CUQTAL_clean,0.006652705,0.0350378444,0.0696827187,0.3383432399,0.6725900648,2.8640569887,6.9828316086,6.96256e-06
CUQXUI_clean,0.0035634252,0.018011836,0.0359626786,0.1786334042,0.3590356185,1.6621842128,4.3008126237,3.61381e-06
CURBOH_clean,0.0024548753,0.0121025549,0.0244065556,0.1193784319,0.2368036284,1.0832102588,2.7677721368,2.414e-06
CURQEN_clean,0.014077426,0.0685174415,0.1316044413,0.5043726489,0.8064551499,1.8211889276,2.7517606372,1.43646e-05
CURYOE01_clean,0.004023742,0.0202186533,0.0399741537,0.199664381,0.3805401948,1.7418878041,4.0017852566,4.01587e-06
CURZAR_clean,0.0021440916,0.0102783867,0.020958904,0.1040020596,0.2054152329,0.931548804,2.2804002895,2.12332e-06
CURZEV_clean,0.0083904129,0.0410979941,0.0822653543,0.3700091178,0.6525793232,2.1631007687,4.0001936758,8.44314e-06
CUSXIY_clean,0.0037691372,0.0195574001,0.0384072973,0.1911352628,0.3814198376,1.8600965734,5.476918501,3.82431e-06
CUSXOE_clean,0.0047307384,0.0236433929,0.0465624129,0.2358640431,0.4753808479,2.2500497295,6.7290805806,4.70201e-06
CUSYAR_clean,0.0042533895,0.0214553154,0.0433036449,0.2159205641,0.4246273423,2.069621676,6.1412712499,4.27792e-06
CUSYIA_clean,0.0074156468,0.0373214017,0.0745416456,0.3690062405,0.7167440482,3.236231437,7.3948238205,7.45486e-06
CUSZEX_clean,0.0076218531,0.0379555835,0.0763041262,0.3742061418,0.7194636374,3.140248223,6.8950555274,7.6006e-06
CUSZIB_clean,0.0083520051,0.0409818884,0.0823658143,0.4014357535,0.7886834735,3.4022593124,7.5289305659,8.15253e-06
CUTBEA_clean,0.0040388124,0.0197914454,0.0396208337,0.1961880512,0.3901711975,1.6489505472,3.8553921096,4e-06
CUTBIE_clean,0.0038994473,0.0192893816,0.0388299213,0.1941452761,0.3817106409,1.632595315,3.8675177536,3.94066e-06
CUTCAX_clean,0.0125385464,0.0632711504,0.1266961353,0.5857570777,1.0685331639,3.4181866187,5.3932548444,1.27792e-05
CUTFII_clean,0.015298011,0.0779245544,0.1513705261,0.6860428747,1.2064299171,3.4127377537,5.0175725238,1.55672e-05
CUTGEF_clean,0.0210198334,0.1022740906,0.200754583,0.8219559745,1.4118809625,3.3882638665,4.6862629873,2.10972e-05
CUVGIK_clean,0.0113696486,0.0568368978,0.1134185316,0.5374895949,0.9706253673,3.2959898372,5.2234147161,1.14002e-05
CUVGOQ_clean,0.0124670266,0.0618245019,0.1242168425,0.5921307932,1.0719884266,3.475334098,5.4104246917,1.25734e-05
CUVHEH_clean,0.0025595231,0.0123963659,0.0252139192,0.1206626971,0.2239159019,0.8467498006,1.7678777968,2.51449e-06
CUVHIL01_clean,0.002553567,0.0134043599,0.026919785,0.125348778,0.2378233226,0.8664693213,1.7939078536,2.65902e-06
CUVHIL02_clean_h,0.0027281356,0.0134673153,0.0268964161,0.1263508011,0.2462247267,0.8676310171,1.7828883666,2.70659e-06
CUVHIL_clean_h,0.0027570295,0.0139827437,0.0278983792,0.132500524,0.2462508243,0.8780141504,1.7946062078,2.80032e-06
CUVTUJ_clean,0.0033942599,0.0170639026,0.0338660233,0.169020252,0.3392514677,1.5706732844,3.9743773708,3.39194e-06
CUVVOG_clean,0.0078796111,0.039339125,0.0778578771,0.3790075865,0.7135351485,2.6874560364,4.6750673803,7.87827e-06
CUVXAT_clean,0.00587068,0.029704732,0.0584402305,0.2865036815,0.5385068296,2.1183634592,4.1133148806,5.97383e-06
CUWHUZ_clean,0.0097400366,0.0478946902,0.0954807336,0.4492009925,0.8651573059,3.2161265085,6.2496586003,9.72795e-06
CUWNIT_clean,0.0055545796,0.0269938337,0.0547142949,0.2662902183,0.5225481093,2.1437212805,4.5524817817,5.49021e-06
CUWNOZ_clean,0.0117832358,0.0577550003,0.1131206221,0.5126970055,0.8931334238,2.7516770187,4.4623285355,1.17602e-05
CUWTUL_clean,0.0117583371,0.0580591344,0.1128682437,0.5136504754,0.8955507581,2.4239023071,3.5162734415,1.1765e-05
CUWVAT_clean,0.0079723373,0.0387033435,0.0775624456,0.3630286964,0.6692108501,2.1653498385,3.6566459857,7.78669e-06
CUWVIB_clean,0.0115847111,0.0575075876,0.1134102316,0.506902173,0.8815992899,2.3327056827,3.3843145948,1.16531e-05
CUWWEY_clean,0.0063309097,0.0309492748,0.0607711045,0.2921291018,0.5603782239,1.9826144477,3.5177474804,6.14461e-06
CUWXAV_clean,0.0090823626,0.0432671032,0.0882075721,0.4050074959,0.7373390548,2.3447601146,3.8739645797,8.99936e-06
CUWXID_clean,0.0054595893,0.0278253126,0.0553260924,0.2729760865,0.5332683468,2.2328909072,4.9636963623,5.58914e-06
CUWXOJ_clean,0.015112239,0.0737584435,0.1463150526,0.6196541097,1.0769814658,2.7557681411,4.0578702973,1.50114e-05
CUWXUP_clean,0.0142461458,0.0692941904,0.1356000798,0.5919266116,1.0714106074,2.8285253993,3.9875600221,1.4225e-05
CUWYAW_clean,0.0072614229,0.0360163869,0.0711673528,0.3500086947,0.6565209708,2.5910839151,5.0842490531,7.16937e-06
CUWZAX_clean,0.0078803458,0.0383672783,0.0764228663,0.3752594018,0.712436112,2.7485083176,5.270672957,7.73914e-06
CUWZIF_clean,0.0111690394,0.0550138697,0.1072277821,0.4838845862,0.8552994084,2.5663369814,4.1292212104,1.11817e-05
CUXFIL_clean,0.0101488281,0.0496591825,0.1006189381,0.4589038789,0.8539546667,2.6475917208,4.1177278557,1.00563e-05
CUXFUX_clean,0.0152868918,0.0762926048,0.1520741167,0.6979223368,1.3172876146,4.0844236437,6.4217389198,1.5439e-05
CUXJAI_clean,0.0037216357,0.0191673768,0.0391544878,0.1907926066,0.3783994761,1.6571869535,3.937064767,3.8863e-06
CUXJEM_clean,0.0106988182,0.0527454595,0.1013511125,0.4630633613,0.8026096886,2.1941957504,3.2265066355,1.05279e-05
CUXLEO_clean,0.0060547522,0.030313625,0.0608587688,0.2994074183,0.5799299589,2.5051832269,5.3106570165,6.15566e-06
CUYWUP_clean,0.0114640684,0.0579836808,0.1155082356,0.5483430125,1.0334040854,3.9182115657,6.9688283464,1.16161e-05
CUYYAX_clean,0.0101387536,0.0507600933,0.0997364333,0.4529457254,0.8605459283,2.8072408795,4.6891901062,1.00703e-05
CUYYEB_clean,0.0101457881,0.0496777821,0.0983435983,0.4506514669,0.8571583044,2.8009349346,4.6811215114,1.00464e-05
DABFIX_clean,0.0082575461,0.0409333476,0.0804093138,0.3726527221,0.7044482391,2.2440073616,3.3745027089,8.29254e-06
DABMUR_clean,0.0061429133,0.0304500831,0.0610220585,0.3046227234,0.5994779616,2.6861871989,6.2649919058,6.14832e-06
DACFAR_clean,0.012031333,0.0596673552,0.1171985713,0.5031289017,0.8952828257,2.7855562981,5.1484544151,1.20424e-05
DACSEI_clean,0.0685334912,0.2679622245,0.4164209184,1.0170090705,1.5447082217,4.1948526913,6.5777678229,7.55515e-05
DACYUE_clean,0.0080601711,0.0403228701,0.0814767991,0.3972544326,0.79238994,3.5999244616,8.5497143062,8.07772e-06
DACZUF_clean,0.0094821445,0.0487079641,0.095306336,0.438533832,0.7921597281,2.4969353225,4.0266131931,9.76816e-06
DADLEC_clean,0.004191605,0.0217568025,0.0431387332,0.2076188951,0.3924512763,1.4090230464,2.6025074368,4.4007e-06
DADLIG_clean,0.004278375,0.021014457,0.0418453052,0.2014989297,0.3868140608,1.4334275703,2.7560064667,4.23006e-06
DADLOM_clean,0.0050527032,0.0258222574,0.0523444434,0.2548731305,0.5061354707,2.0981064783,4.9986945786,5.21817e-06
DADNII_clean,0.0026987312,0.0135556823,0.0270832772,0.1373146261,0.2665400804,1.2337473153,2.9328701095,2.72538e-06
DADNOO_clean,0.0027803723,0.0143591596,0.0288509357,0.1449143307,0.2879583124,1.295832984,3.0146209591,2.90052e-06
DADNUU_clean,0.0027572548,0.0138059357,0.0280201395,0.1366772602,0.2723159235,1.2629661215,2.9655466845,2.78781e-06
DADPAC_clean,0.0027237254,0.0134682877,0.0268848962,0.1330737763,0.2687103679,1.2076944369,2.9039540333,2.69063e-06
DADPEG_clean,0.0029903553,0.0148103486,0.0296716112,0.144555338,0.290768213,1.296631874,3.0050027524,2.92703e-06
DADXUE_clean,0.0281152334,0.133130924,0.250213814,0.8404184408,1.2141698847,2.1589899512,2.6926241403,2.81423e-05
DAFJOM_clean,0.0136361189,0.0670435316,0.1338423788,0.6494241209,1.2193920134,4.582300165,8.0146814206,1.36161e-05
DAFSOV_clean,0.0031684205,0.0153252679,0.0306256993,0.1439898685,0.2778843143,1.0776532532,1.9482344385,3.00473e-06
DAFYAN_clean,0.0057683777,0.029652856,0.0585647948,0.291479546,0.5853219445,2.6447809606,6.4298847814,5.94802e-06
DAFYOB_clean,0.005738741,0.0288028219,0.057520775,0.2923080262,0.5704712683,2.5761774104,6.4950747237,5.83256e-06
DAGDIZ_clean,0.0040476322,0.0206583399,0.0415117628,0.2044129293,0.3816451966,1.4553509179,2.7160389662,4.15315e-06
DAGDUL_clean,0.0062577786,0.0317989206,0.0621369148,0.2898149387,0.5270953116,1.7429880061,2.8660919948,6.34881e-06
DAGJED_clean,0.0079569852,0.0392134003,0.0784214758,0.3697717328,0.6665869814,2.1429636035,3.6087048797,7.9672e-06
DAHNOQ_clean,0.0016701178,0.0079082598,0.0157400878,0.0765831135,0.1541143075,0.6362286927,1.3611964195,1.59759e-06
DAHNUW_clean,0.0027170614,0.0135503835,0.0272229998,0.1314282426,0.26212076,1.1036752418,2.4378443691,2.7e-06
DAHPAE_clean,0.0032507707,0.016712654,0.0336368039,0.1647172768,0.3222414542,1.3397214812,2.8008516932,3.37018e-06
DAKVIW_clean,0.0073462466,0.0369878115,0.0726539062,0.3336212142,0.5982515174,2.1125961907,4.923767767,7.43798e-06
DAKVOC_clean,0.010668784,0.0534872988,0.1038152834,0.4492329713,0.8075507773,2.8290966589,6.3836497189,1.08868e-05
DAKVUI_clean,0.009489769,0.0467338282,0.0918190059,0.4028453588,0.7198515799,2.5661276131,5.8763481869,9.60399e-06
DAKZUN_clean,0.0027798592,0.0133298475,0.0284380649,0.1344532261,0.2638831516,1.1647675952,2.81772021,2.75271e-06
DALSUH_clean,0.0069910027,0.0336912551,0.066141395,0.3142611368,0.5756326495,1.9688106988,3.5275212564,6.79333e-06
DALTAO_clean,0.0066844843,0.0329740896,0.0646740488,0.3097178137,0.5702998953,1.9766751867,3.6059365225,6.66469e-06
DALVAQ_clean,0.0066033366,0.0324017766,0.0639900111,0.3056914775,0.5763246439,1.795527205,2.6994571459,6.55119e-06
DALVEU_clean,0.0090541314,0.0450150791,0.0898522704,0.3915893666,0.7280015352,2.2755268442,4.0923642775,9.17692e-06
DALVIY_clean,0.0049147456,0.0238484809,0.048375577,0.2367520693,0.4462282209,1.7930219068,3.896398033,4.86399e-06
DAMDUT_clean,0.003701075,0.0185547492,0.0375755889,0.1848246562,0.367105564,1.6004740063,3.7411963444,3.77736e-06
DAMYOI_clean,0.0048590854,0.0245379837,0.0494199208,0.2399660528,0.4759080513,2.0804619581,5.1340074642,4.90984e-06
DAMYUO_clean,0.0050601637,0.0242058126,0.0480486179,0.2382704831,0.4620446044,2.0480399246,5.1012174428,4.80267e-06
DAMZEZ_clean,0.006403039,0.0318112614,0.0610059709,0.2808833969,0.4826930186,1.2965110485,1.836600055,6.37237e-06
DANFUW_clean,0.0038636453,0.019951916,0.0393810026,0.1878659996,0.3400279683,1.1899562744,2.0807103376,3.94688e-06
DANZOJ_neutral,0.0072448947,0.036036986,0.0724489473,0.3305060796,0.6052010085,2.1233906892,4.5286841673,7.41005e-06
DAPBED_clean,0.0095761238,0.0481183099,0.0948668755,0.4130624941,0.7637606667,2.7537721185,6.1059975871,9.73407e-06
DAPBIH_neutral,0.0079895556,0.0396202813,0.0769503597,0.3533985354,0.6327123075,2.1699569325,4.5840785959,8.00775e-06
DAPHOU_clean,0.0056552539,0.0283621719,0.0559712644,0.2817003644,0.5551626705,2.4686400064,6.2361844468,5.70573e-06
DAPXID_ion_b,0.0024682912,0.0118576928,0.0234157823,0.1182388436,0.2328412181,1.1033069152,3.0264630664,2.36843e-06
DAPYAW_clean,0.0043598732,0.0225006895,0.0440748721,0.2154433901,0.418241249,1.6976347697,3.6201312866,4.46798e-06
DARBUU_clean,0.0009364613,0.0047881961,0.009496975,0.0464276334,0.0928833937,0.4473174499,1.1680518176,9.47063e-07
DARSEV_SL,0.0054737459,0.0266709772,0.0529950833,0.2518243909,0.4906100385,1.9236407194,4.1491414812,5.26941e-06
DATHAJ_clean,0.0019397724,0.009542193,0.0187783508,0.0921252467,0.1771413139,0.6709567736,1.2743448096,1.92399e-06
DATPIY_clean,0.0028966771,0.0145640623,0.0284942364,0.1290660467,0.2345604154,0.6699558311,1.0812737386,2.93052e-06
DAWBIO_clean,0.008131102,0.0401104824,0.0782424705,0.3555983473,0.6217412794,1.754747198,2.6267646828,7.99148e-06
DAWBOU_clean,0.0082721765,0.0389327808,0.0791017868,0.3569708583,0.63078755,1.7748868785,2.6341122285,8.11065e-06
DAWBUA_clean,0.0084576093,0.0408951199,0.0828630043,0.3740535555,0.6612098448,1.9197694708,2.9288840954,8.39161e-06
DAWCAH_clean,0.0089254572,0.0439152077,0.0878293028,0.3924019075,0.6893730757,1.9668716977,2.9699497832,8.90713e-06
DAWCIP_clean,0.0083227081,0.0424326928,0.0834726744,0.3955330427,0.7362591609,2.7538919839,5.3460631929,8.50837e-06
DAWCOV_clean,0.0097025644,0.0492556567,0.0969136474,0.4700772456,0.8884646222,3.4733146331,6.3747173789,9.80101e-06
DAWDAI_clean,0.0072037745,0.0353177587,0.0708124758,0.3176212706,0.5474185401,1.5027026498,2.434619292,7.24252e-06
DAWWAB_clean,0.0022368176,0.0113340572,0.0225290519,0.112426213,0.2203206209,0.9351260723,2.0926050792,2.28024e-06
DAWWEF_clean,0.0033113014,0.016406874,0.0327653057,0.1637985396,0.3217323296,1.504018711,3.8142036716,3.27886e-06
DAXHIV01_clean,0.0059142619,0.0294239202,0.0576998633,0.2935707599,0.5787548515,2.5921157598,6.129608334,5.84803e-06
DAXHIV_clean,0.0057066711,0.0287264151,0.057571157,0.2856740058,0.5627662079,2.5598021756,6.0491731261,5.75387e-06
DAXHUH01_clean,0.0061965854,0.02992629,0.0598172895,0.2953352817,0.5904297582,2.6435339254,6.182826312,5.99289e-06
DAXHUH_clean,0.0060076778,0.0286932006,0.057751761,0.2873285045,0.5614853727,2.5503090482,6.0626540728,5.75425e-06
DAZCAK_clean,0.0097037775,0.0494564097,0.0981565706,0.462172854,0.8622908153,3.0791253108,5.9930541472,9.8785e-06
DEBGIA_clean,0.005909381,0.0310850592,0.0616311521,0.2729269599,0.4897874202,1.3990813986,2.2781232658,6.14064e-06
DEBWAK_clean,0.002906503,0.0155461415,0.0303374548,0.1523392466,0.2988323079,1.3488529775,3.1071827946,3.0644e-06
DEFKUU_clean,0.0044101543,0.0226948878,0.0461945688,0.2213294195,0.4303755235,1.5731763019,2.8623860269,4.61071e-06
DEFRIR_clean,0.0032333669,0.0161138507,0.0314424552,0.1556893328,0.3085949812,1.3079227188,2.8963291468,3.20478e-06
DEGJIK_clean,0.0089975242,0.0424673605,0.0854787158,0.377873662,0.6523167811,1.6421517556,2.2382060653,8.73043e-06
DEJCIF_clean,0.0111273922,0.0549923238,0.1097318041,0.50473942,0.9059155063,2.5893566864,3.7873041652,1.12757e-05
DEJJIN_clean,0.0027145171,0.013477175,0.0272069067,0.1334098145,0.2657008962,1.2326825901,3.2751948568,2.67929e-06
DEJRUH_clean,0.0069660783,0.0341786217,0.0674027012,0.3288270928,0.6203553895,2.3149729647,4.2513832562,6.79361e-06
DEKHEH_clean,0.00788903,0.0390186758,0.0767356394,0.3708289894,0.6883680194,2.449878903,4.1584728065,7.81673e-06
DEKHUX_clean,0.0076676896,0.0374962253,0.0755139366,0.3714041496,0.7123221375,2.6352831706,4.765823307,7.67254e-06
DEKPUF_clean,0.0049357772,0.0245192433,0.0490732323,0.2368712908,0.448052312,1.795249033,3.5352598076,4.96366e-06
DELGEI_manual,0.0036397002,0.0187302752,0.0366136505,0.1839860555,0.3665894976,1.720475238,4.7846655392,3.67418e-06
DEPSEW_clean,0.0684956875,0.3056891925,0.545989777,1.5589866571,2.189026494,3.7429161176,4.287763865,7.09009e-05
DEPTOH_clean,0.0676299745,0.3072759377,0.5369638295,1.5310478451,2.1240268639,3.7015611258,4.2720458373,7.0646e-05
DEPXAY_clean,0.008903413,0.0442577915,0.0883512071,0.435652097,0.8201324464,3.2985857175,6.2528005034,8.94193e-06
DEPXIG_clean,0.0089582185,0.0449477822,0.089324201,0.4293392401,0.7706742712,2.6912276847,4.5304923875,8.89528e-06
DEPXOM_clean,0.0054435625,0.0273167535,0.0548619711,0.2729786472,0.5349730272,2.3253474102,5.1084559691,5.49632e-06
DEQFOU_clean,0.0036630768,0.0186984602,0.0367218388,0.1816591188,0.3514631102,1.4849656478,3.097984307,3.7191e-06
DEQVIF_clean,0.0065058851,0.0332967944,0.0652423174,0.3193658896,0.6177463913,2.4216777205,4.4798634417,6.58121e-06
DEWQUS_clean,0.0024941367,0.0123608277,0.0245879683,0.1223394118,0.2380409673,1.049407883,2.3229294414,2.49723e-06
DEWRIH_clean,0.0014551205,0.0073051265,0.0145656655,0.0720432251,0.1401482857,0.5880120711,1.2638911244,1.4749e-06
DEYJIC_clean,0.0062973788,0.0312240927,0.063034561,0.3041794935,0.5739517123,2.0550791138,3.7125134122,6.36093e-06
DEYJOI_clean,0.00635783,0.0317119958,0.0637014182,0.3069700837,0.5789302423,2.1069976624,3.8865170122,6.40798e-06
DEYLOJ_clean,0.0003292596,0.0017619939,0.0034731574,0.0172182273,0.0339148741,0.163158361,0.4505549322,3.46557e-07
DEYLUQ_clean,0.0035769571,0.0174541592,0.034651622,0.1684972304,0.3234123397,1.2230338443,2.3029486209,3.51139e-06
DEYNIG_clean,0.0016391367,0.0086074474,0.0165418192,0.0773403296,0.1414159822,0.4530091963,0.736075323,1.65823e-06
DEZKAW_clean,0.0032879744,0.0174086501,0.034391625,0.1721518804,0.3458919699,1.5160585688,3.8312739909,3.47844e-06
DIBJEF_clean,0.005419243,0.0266239698,0.0529226989,0.235624529,0.4330930424,1.3225424555,2.1181249149,5.443e-06
DIBJIJ_clean,0.0042232621,0.0210066522,0.0412613629,0.1931684891,0.3588191967,1.2534536415,2.2087781637,4.22475e-06
DIBPAH_clean,0.0112798014,0.0552667269,0.1090519783,0.4917638991,0.893548678,2.7454374631,4.4922235687,1.13833e-05
DIBQEM_clean,0.005916415,0.0297647039,0.0579529654,0.287664595,0.5450673297,2.3392338148,5.284404914,5.8885e-06
DIBQIQ_clean,0.0077375062,0.0389446154,0.0772061208,0.3794198621,0.7199950045,3.1132187467,6.8837832309,7.7822e-06
DIBQOW_clean,0.0071954254,0.0356201467,0.0722803835,0.3532075357,0.6675938566,2.9504637488,6.6482057686,7.23349e-06
DIBQUC_clean,0.007049989,0.0356921304,0.0707863558,0.3518325014,0.6705437165,2.9194623071,6.6275861299,7.15187e-06
DICKEH_clean,0.0053107432,0.0270696373,0.0538722944,0.2631271211,0.5182773039,2.2498249168,6.0051409003,5.4029e-06
DICVAO_clean,0.0085641946,0.043466717,0.086660384,0.4151356821,0.7657396788,2.7652979537,4.9426234416,8.76855e-06
DICVES_clean,0.0086155775,0.042990704,0.084905274,0.4044662969,0.7540901032,2.7310040523,4.9536096534,8.57684e-06
DICVIW_clean,0.008717881,0.0454063221,0.0900306798,0.4230376333,0.7814609854,2.7819904262,4.8994261013,9.15109e-06
DIDBAV_clean,0.0077656771,0.0392836427,0.0773856762,0.3773359566,0.7326331297,3.0943895649,6.0920496082,7.78238e-06
DIDBEZ_clean,0.0078125755,0.0389931018,0.0790980372,0.383644354,0.7303076589,3.1115063115,6.1280194835,7.83182e-06
DIDDOK_clean,0.0050237091,0.0249822582,0.0504263796,0.2459724595,0.4918048457,2.3220666359,6.5306325898,4.96444e-06
DIHVIB01_clean,0.0064392511,0.0324610329,0.0637331518,0.2920718001,0.5527074487,2.1498529086,5.0269046372,6.47486e-06
DIHVIB_clean,0.0068790395,0.0335020591,0.066656679,0.301231798,0.5563336041,2.0605952395,4.8633401669,6.89431e-06
DIKJUD_clean,0.0109939484,0.0540662244,0.1079082937,0.4920481629,0.8663234808,2.4661050583,3.6294427464,1.10491e-05
DIMQIB_clean,0.0177814945,0.0882640735,0.1729302352,0.773029265,1.4134111422,4.2290315652,6.6262394992,1.77361e-05
DINNIZ_clean,0.0038814541,0.0189428565,0.0381512794,0.1898000965,0.363411115,1.4627718293,2.9810875676,3.83572e-06
DIPMAS_clean,0.0015240555,0.0073933866,0.0149648509,0.0742647108,0.1463572357,0.6609709314,1.6484811457,1.49192e-06
DIRPIF_clean,0.0069661159,0.0345445183,0.0697829996,0.3367600526,0.6428400596,2.4726188566,5.3072453007,7.065e-06
DITJIB_clean,0.0027081063,0.0141783914,0.0282314489,0.1392324745,0.2775115165,1.3397069106,4.007352779,2.8059e-06
DITJOH_clean,0.003580914,0.0174638419,0.0342996466,0.1727295163,0.3430047293,1.6546218919,4.8651591598,3.44484e-06
DITPED_clean,0.0067838913,0.0333464137,0.0661180535,0.3076443199,0.5720117934,1.9948250066,3.617703718,6.72802e-06
DITTEH_clean,0.0065630175,0.0330026728,0.0665051617,0.3216211786,0.6176344946,2.5532914833,5.1205124098,6.59676e-06
DITXOU_clean,0.008618732,0.0422463128,0.0850912708,0.4105738553,0.7863448481,3.0848655937,5.9631479285,8.58841e-06
DITYEM_clean,0.0015291879,0.007088105,0.0155263913,0.0706243352,0.1298422054,0.4913369484,0.882974177,1.53221e-06
DITYOW_clean,0.0043762156,0.0223450108,0.0429941254,0.2101853963,0.3770110945,1.3357268941,2.2956484275,4.45844e-06
DIVGIA_clean,0.0043096469,0.0209048297,0.0424080594,0.1931323565,0.3734557855,1.341057784,2.4038712265,4.25796e-06
DIVPUU_clean,0.0078289209,0.0394416116,0.079474917,0.3736720281,0.6969804734,2.2442272366,3.6844980837,8.03441e-06
DIVSUY_clean,0.0088469663,0.0439487891,0.0869089968,0.4073326636,0.7555981834,2.6312388158,4.6877120616,8.82893e-06
DIWMON_clean,0.0061370756,0.0305037195,0.0606698794,0.2953509996,0.5669982733,2.3822237678,5.2172896956,6.07208e-06
DIWMUT_clean,0.0113431415,0.0573064141,0.1120137193,0.5319856184,0.9843975475,3.7828376685,7.4396075267,1.12816e-05
DIWNAA_clean,0.0132019603,0.0655847248,0.13108865,0.6437835093,1.2372674797,5.2254855224,10.8185637843,1.30828e-05
DIXKOL_clean,0.0051069434,0.0250144386,0.0506723795,0.2452941592,0.4681239287,1.7565044336,3.2759022472,5.07881e-06
DIYKAZ_clean,0.011203761,0.0556210462,0.1055024218,0.4193692759,0.6497475441,1.2980723883,1.6823520225,1.11937e-05
DIYKED_clean,0.001196976,0.0058636806,0.0119804851,0.0574312493,0.1120127092,0.4416186998,0.9093617214,1.18508e-06
DIYTEM_clean,0.0070847519,0.0350271545,0.0687108879,0.336556563,0.6141788684,2.2569763359,4.0043390507,6.99009e-06
DIZVAK_clean,0.0179600764,0.0888780913,0.178887526,0.8502414542,1.6058968617,5.3566076515,8.494802568,1.79574e-05
DOCKOW_clean,0.0024037431,0.0111347479,0.0218915793,0.110030448,0.2103437403,0.8127035937,1.6428675749,2.22349e-06
DODMIT_clean,0.0069766615,0.0345532453,0.0687398947,0.3232330878,0.5952057281,2.1046073331,3.6223071089,6.92126e-06
DOFTID_clean,0.0055381448,0.0276573407,0.0550176867,0.2670500083,0.5048184143,2.1331469385,5.065680352,5.53647e-06
DOFTOJ_clean,0.0082131055,0.0406035815,0.079925892,0.3726936509,0.6955077425,2.742266568,6.2088919759,8.14344e-06
DOGBAE_clean,0.0067380187,0.0327790524,0.0652632013,0.320728638,0.6243028438,2.6406371734,6.2057442075,6.57558e-06
DOGMET_clean,0.0044347939,0.0215480348,0.041900945,0.1942308758,0.3440291331,0.9629578675,1.4454512167,4.33764e-06
DOHNUL_clean,0.0042359415,0.0222914205,0.0445453896,0.2104823372,0.3952001367,1.2861098999,2.1393495476,4.46929e-06
DOJXOR_clean,0.0078647444,0.0401035478,0.0798234157,0.3918188507,0.7323049386,2.9903689038,5.7623976549,7.88372e-06
DOKDEN_clean,0.0062030898,0.0312577258,0.0621590443,0.3066084362,0.5904969047,2.4195834474,5.2859455377,6.28327e-06
DOKHIV_clean,0.0057553049,0.0289180724,0.056833636,0.2674626195,0.4931423674,1.5641062576,2.6296125311,5.76513e-06
DOLRAZ_clean,0.0156059617,0.0763105322,0.1502696586,0.6505157521,1.1616649959,3.0886528056,4.4207004029,1.53028e-05
DOLWEI_clean,0.005152524,0.0263246993,0.0519966361,0.2550612733,0.4982977736,2.3735726022,5.7978418627,5.22372e-06
DOLXOR01_clean,0.0009233175,0.0044583046,0.0090455805,0.0444892483,0.0911592846,0.439123947,1.2302839469,9.01427e-07
DOLXOR02_clean,0.0008734877,0.0044201994,0.0093240413,0.0452513517,0.0892159211,0.4438431254,1.2410765027,8.96838e-07
DOLXOR_clean,0.000861763,0.0042413982,0.0088462611,0.0449553038,0.0892862691,0.4441596914,1.2379577413,9.04448e-07
DOMCUE_clean,0.0018013707,0.0090275302,0.0182916039,0.0911205728,0.1819078341,0.8636000837,2.4260418294,1.82388e-06
DOMDAL_clean,0.0020985328,0.0100366047,0.0197790843,0.0977486642,0.1985608557,0.9270392361,2.5407117792,1.97725e-06
DOMFUI_clean,0.0079715004,0.0381256379,0.0762607499,0.3697794648,0.701848257,2.5747718765,4.5438537322,7.71681e-06
DOMGAP_clean,0.0085273046,0.0421557717,0.0851171267,0.4066414302,0.7730742246,2.7478543038,4.7072187833,8.65049e-06
DOMKEX_clean,0.0045479452,0.0225727736,0.0446728505,0.2145318652,0.4222971282,1.4979837243,2.7191583029,4.52781e-06
DONKIC_clean,0.0055648716,0.0278900647,0.0554751819,0.2753255162,0.5281202945,2.1350136006,4.462750682,5.60316e-06
DONKOI_clean,0.0054882595,0.0282371375,0.0547662543,0.2670278532,0.5269234983,2.1220949837,4.4563453419,5.56797e-06
DONKUO_clean,0.0087740784,0.0432369792,0.0861253941,0.3896500378,0.7035116778,2.102748554,3.3420187267,8.80824e-06
DONNAW01_SL,0.0091341018,0.0459562095,0.0910569793,0.4344919001,0.8165926916,2.9687990365,5.1650812847,9.1625e-06
DONNAW_clean,0.0113323551,0.056433294,0.1125196962,0.5295136746,0.9892420559,3.4155168009,5.6756136902,1.12762e-05
DONNEA_clean,0.0119130348,0.0592263203,0.118326401,0.5424472724,0.9704616398,3.0082904479,4.7175130627,1.19504e-05
DONNIE_clean,0.0099481234,0.0499440823,0.0975266318,0.4781253216,0.8939752241,3.5188138446,6.448753821,9.91821e-06
DONXUB_clean,0.027855281,0.1357176248,0.2570704018,0.9605038747,1.4842919286,2.7809215158,3.3344334283,2.81086e-05
DOPHOH_clean,0.0034670895,0.0178971078,0.0352853431,0.1797227731,0.3553576745,1.5931339788,4.0400693739,3.58965e-06
DOPHUN_clean,0.0036233408,0.0179076653,0.0354605979,0.1778540921,0.3545109614,1.5982079228,4.0426855273,3.59048e-06
DOPJAV_clean,0.0025844809,0.0129392964,0.0259197672,0.124170159,0.2434458518,0.9784804479,2.1821707434,2.60239e-06
DORFAS_clean,0.00696006,0.0350810205,0.06993022,0.3453080806,0.6547418787,2.5945756107,4.8645349663,7.03323e-06
DORFOG_clean,0.0054022832,0.0270547142,0.0548005343,0.2638492434,0.5058728629,1.7256564513,3.0117212585,5.4937e-06
DORFUM_clean,0.0146524076,0.0719624435,0.137144394,0.5777128789,0.951732906,2.3619446125,3.5794460816,1.46842e-05
DORYUG_clean,0.0275756015,0.1335061833,0.2519092896,0.9090976606,1.4073387456,2.6654896902,3.3548153208,2.79094e-05
DOTFOJ_clean,0.0103989234,0.0510513847,0.1013759761,0.4893335421,0.9363421376,3.7294983862,6.9240425038,1.0215e-05
DOTTEM_clean,0.010426397,0.0525356198,0.1049067958,0.4993275789,0.9294343128,3.3560108721,5.8071642946,1.04926e-05
DOTYES_clean,0.0005714715,0.0029601175,0.0059048559,0.0293320411,0.0578472451,0.2578839363,0.6405311084,5.91058e-07
DOYBAV_clean,0.0051257537,0.0251364646,0.0513166621,0.2457924405,0.4678034591,1.8459530892,3.616757416,5.07456e-06
DOYBEA_clean,0.0152347291,0.0758027956,0.147935758,0.6780298098,1.2196852424,3.5364115882,5.3358847831,1.52299e-05
DOYBUQ01_clean,0.0080175477,0.0394664459,0.0781553782,0.364623345,0.6627001462,1.997303111,3.0402486996,7.93755e-06
DOYBUQ_clean,0.0068180579,0.0328764347,0.0653470539,0.3101471161,0.5624763109,1.8548439477,2.9442087134,6.63524e-06
DOYHOQ_clean,0.0099130798,0.048183535,0.0966317777,0.4726333919,0.8744888745,3.2980742496,6.2803342422,9.75899e-06
DOYHUW_clean,0.0143295487,0.0701049235,0.1398228803,0.6591693334,1.2237808067,4.293224979,7.5051654674,1.41984e-05
DOYLEI_clean,0.0024197716,0.0118752299,0.0238995453,0.1180756804,0.2320878265,1.0006367269,2.3591855817,2.39739e-06
DOZCEC_clean,0.004058168,0.0196764672,0.0390829408,0.1936184207,0.3860301356,1.784100709,5.0185377794,3.88858e-06
DOZKIO_clean,0.0106267831,0.0530833921,0.1063977489,0.5122268255,0.9624660877,3.7451675609,6.8340560798,1.05264e-05
DUBBEI_clean,0.0055025218,0.0270702882,0.0539353079,0.2594859486,0.4822870944,1.6845265216,2.8414002722,5.40113e-06
DUBJUH_clean,0.0068549344,0.033574208,0.0672198358,0.3237394207,0.6179233748,2.4388925486,4.5895152581,6.78137e-06
DUBKAO_clean,0.0065926531,0.034242765,0.0674822703,0.3273815032,0.6258127799,2.4382550094,4.5449890387,6.85489e-06
DUBWON_clean,0.011969396,0.0574698291,0.1146755303,0.5331274941,1.0021628856,3.3959569857,5.4950283697,1.15977e-05
DUDKEU_clean,0.0021850724,0.010527193,0.0208172653,0.1012546343,0.1952378335,0.8033361862,1.6227787834,2.09997e-06
DUDKIY_clean,0.0079679253,0.0395810542,0.0794986067,0.3868118693,0.7241177559,2.9287305836,5.8377264279,7.96375e-06
DUDKOE_clean,0.0056996369,0.0278066685,0.0550807409,0.273427945,0.5384052226,2.452763776,6.2623976222,5.55089e-06
DUDKUK_clean,0.0034107521,0.0168675724,0.0333627683,0.1688754038,0.3360184477,1.6200263034,4.6108646436,3.39609e-06
DUFGOB_clean,0.0017538627,0.0085442268,0.017464605,0.085034393,0.170241,0.7568725667,1.9815521257,1.7451e-06
DUFKAS_clean,0.0030873566,0.0158285121,0.0320952296,0.1595300226,0.314292901,1.4618733052,4.0191340896,3.20018e-06
DUGMOJ_clean,0.0062287022,0.0295766031,0.0586892977,0.2812648337,0.5310941861,1.9614507641,3.9267652701,5.96489e-06
DUHXIP_clean,0.0099472586,0.0485845741,0.0944066562,0.3937270037,0.6875493221,1.6744287935,2.3600079409,9.89455e-06
DUJRAD_clean,0.0064945564,0.0328115613,0.0650456575,0.3163237773,0.5915615616,2.1755904022,3.9615972507,6.59136e-06
DUKNEE_clean,0.0087404119,0.0419544879,0.0841371051,0.3516798541,0.6012063567,1.540908744,2.2691856063,8.53356e-06
DUKNII_clean,0.0053436365,0.0255672306,0.0515368581,0.2295436593,0.3970842633,1.1133216059,1.7394259278,5.31388e-06
DUMXEQ01_clean,0.0093118409,0.045714565,0.0898230663,0.3910806765,0.6754898739,1.7182995577,2.3620218241,9.27488e-06
DUMXEQ_clean,0.0093132279,0.0450211005,0.0886316943,0.39571718,0.6658978734,1.7113385613,2.3461609047,9.14089e-06
DUMXIU_clean,0.0066988668,0.0337869761,0.06706911,0.3010939526,0.5308678581,1.4647828156,2.1063733723,6.75089e-06
DUNJON_clean,0.000629169,0.0030184883,0.0061691782,0.0298055818,0.0593509132,0.2570380158,0.5847651371,6.12914e-07
DUNXUH01_clean,0.0141448834,0.0706944109,0.1424645411,0.6500525119,1.2235324147,4.0511903272,6.4131473075,1.42949e-05
DUNXUH02_clean,0.0143114174,0.0718361437,0.1399320249,0.6492048391,1.2373637342,4.0318033752,6.3936283286,1.42869e-05
DUNXUH03_clean,0.01363778,0.0692451155,0.1361242487,0.6302229697,1.1886308001,3.8984666948,6.1815736016,1.37386e-05
DUNXUH04_clean,0.0137277984,0.0677223051,0.1357071636,0.638299116,1.1940258998,3.914258914,6.2039806693,1.38309e-05
DUNXUH05_clean,0.014113377,0.0695781834,0.1393754114,0.6432456244,1.2196121155,3.9454547732,6.2642614574,1.40608e-05
DUNXUH06_clean,0.0138478229,0.0692571179,0.137705571,0.6422134139,1.2150466849,3.9983000456,6.344539822,1.40487e-05
DUNXUH12_clean,0.0136557837,0.0686975039,0.1349300052,0.6238046614,1.190234627,3.8909846696,6.1765385752,1.3756e-05
DUNXUH13_clean,0.0138118155,0.0681138849,0.1355676352,0.6329700297,1.1871274936,3.8967143376,6.2146103361,1.38261e-05
DUNXUH14_clean,0.0139588455,0.0693096286,0.1408637148,0.6377229986,1.2011418504,3.9553762957,6.2699881248,1.40269e-05
DUNXUH15_clean,0.0142724094,0.0699352562,0.1412792995,0.6563943047,1.219987192,4.0319519055,6.3874905774,1.42559e-05
DUNXUH21_clean,0.0142694088,0.0698197326,0.1408817185,0.6563733004,1.2434144676,4.0516149137,6.4288375059,1.43182e-05
DUNXUH_clean,0.0144509458,0.0701753051,0.1393183998,0.6486872336,1.2323332087,4.0027244475,6.3483535994,1.41983e-05
DUNYOC_clean,0.0045905575,0.0236784835,0.0477351797,0.2333194601,0.4685465308,2.1461187436,5.5053715056,4.75471e-06
DUPJAB_clean,0.0057327528,0.0275066435,0.053538144,0.2363585325,0.4283987971,1.5044122964,3.3092503233,5.51116e-06
DUPKAC_clean,0.0054802785,0.0275381233,0.0555976926,0.2739663649,0.5308974119,2.5225153639,6.4882259266,5.53881e-06
DUPVER_clean,0.0047426136,0.0236480146,0.0478563291,0.2396069131,0.4754365233,2.2218557246,5.8376012678,4.79612e-06
DUQRUD_clean,0.0029564565,0.0148082846,0.0286076817,0.1417382955,0.2630427183,0.9569103098,1.7908767544,2.92256e-06
DUQSEO_clean,0.0005828902,0.0028702925,0.0057396038,0.027993448,0.0557661042,0.2585647837,0.6286274304,5.75364e-07
DUQYEU01_clean,0.0032943981,0.0164665202,0.0332243259,0.1625496215,0.3237193976,1.4025944244,3.114054053,3.29099e-06
DUQYEU_clean,0.0032465343,0.0164528448,0.0328591934,0.1613461884,0.3211853504,1.4046265853,3.1170188745,3.28952e-06
DURDAX_clean,0.005885075,0.0290932162,0.0571215698,0.287929054,0.5664599635,2.6354624246,6.746529256,5.82766e-06
DURDIF_clean,0.0060669309,0.0312191789,0.0639806056,0.3137945171,0.6246481793,2.8141562833,7.0643456556,6.35544e-06
DUSHEG_clean,0.0098963604,0.0489280283,0.0962311058,0.4539326186,0.854260636,3.1765850376,6.0004595662,9.78458e-06
DUSHIK_clean,0.0120573547,0.0592459741,0.1187356177,0.54691436,1.0333741942,3.7062669985,6.6903808577,1.20726e-05
DUTKAG_clean,0.0055477599,0.027693842,0.0548886554,0.2712423004,0.533896213,2.398673354,5.4953903769,5.53644e-06
DUWBEE_clean,0.0041399159,0.0208271797,0.0417975551,0.2080194322,0.414286489,1.9345741974,4.9575677317,4.17669e-06
DUWFOS_clean,0.0051323766,0.0258351163,0.051624862,0.235065049,0.4329372096,1.2469214176,1.8790919056,5.24347e-06
DUWGEJ_clean,0.0058457592,0.0291637845,0.0579937264,0.2840490761,0.5249867763,1.9386923563,3.8441708905,5.92047e-06
DUWROE_clean,0.0099683665,0.0498924906,0.0986057758,0.4512669958,0.8346227356,2.6853926679,4.1047253929,1.00283e-05
DUWRUK_clean,0.0105568647,0.0526358999,0.1062205837,0.4816102173,0.8416013703,2.3695210669,3.4299702442,1.0871e-05
DUWSAR_clean,0.003585091,0.0182389679,0.0365689033,0.1818000155,0.3625262906,1.6374801812,4.0702869007,3.66085e-06
DUXKUD_clean,0.0022300373,0.0116585241,0.0234957282,0.1130822816,0.225067551,1.0117720679,2.4873641871,2.31217e-06
DUXMAL_clean,0.0196639507,0.0964324441,0.1924410499,0.8132153111,1.4613563248,3.7197314993,5.2245051515,1.97976e-05
DUYJIS_clean,0.0123456978,0.0619671055,0.1215182178,0.5523635469,1.0209577517,3.2686407597,5.3543586795,1.24786e-05
DUYRAR_clean,0.0005506739,0.0029937806,0.0059528494,0.0297565331,0.058520996,0.2458315516,0.5913222266,5.98802e-07
DUYREV_clean,0.0005822664,0.0030432548,0.0059928314,0.0297200778,0.0604293639,0.2524461964,0.6119851408,6.1346e-07
DUYRIZ_clean,0.0006113451,0.0031641819,0.0062401726,0.0309979377,0.061360556,0.2614519314,0.6240622158,6.28111e-07
DUYROF_clean,0.0006166678,0.0031043376,0.0061928192,0.0307493981,0.0608911277,0.2632597417,0.6355115595,6.29485e-07
DUYVEA_clean,0.0013942161,0.0071568642,0.0148275632,0.0721025616,0.1385813946,0.5508458962,1.114276559,1.49822e-06
DUZKAM_clean,0.0026771085,0.013147403,0.0268260407,0.1315263686,0.2613412718,1.1508818941,2.8995231322,2.65999e-06
DUZKEQ_clean,0.0021456111,0.0101827338,0.0207349611,0.1003340738,0.2030532925,0.9348315296,2.5293110508,2.03873e-06
DUZPUL_clean,0.007633034,0.0380694437,0.0765195134,0.3695240874,0.7315997558,3.1546265117,6.9139401988,7.58429e-06
DUZWOM_clean,0.0027884438,0.0141552148,0.0270579549,0.1337703053,0.2557613478,0.939807568,1.7564961162,2.79241e-06
EBAMUS_clean,0.0112716086,0.0537888793,0.1050303305,0.4144885065,0.696876455,2.1959786675,4.9368059105,1.13837e-05
EBATUY_clean,0.0071459869,0.0366842711,0.0712144686,0.3400017376,0.6338995895,2.0296889108,3.3538463725,7.37399e-06
EBATUZ_clean,0.0068721418,0.0354078707,0.0693359064,0.3431467999,0.657053626,2.7816593502,6.933321367,7.06647e-06
EBAVAH_auto,0.0053478637,0.0265491822,0.0532076382,0.2581223911,0.5146865366,2.2339558876,5.7837987795,5.40943e-06
EBAVIP_clean,0.0139487097,0.0678922413,0.1353584328,0.5962100698,1.0605786273,2.8024968975,4.0004187066,1.37374e-05
EBAVOV_clean,0.0131906626,0.0656824094,0.1291099704,0.5706358277,1.0372479795,2.7914983817,4.0125305789,1.33378e-05
EBAVUB_clean,0.0136210603,0.0671964263,0.1320289734,0.5764479355,1.0270142707,2.7683439667,4.0127667673,1.3663e-05
EBELUU_clean,0.0101111266,0.0495897991,0.1001014567,0.4769705743,0.8941262121,3.2430689484,5.5314231036,1.00609e-05
EBEMEE_clean,0.0029476706,0.0147013322,0.0301080641,0.1426548514,0.2552206494,0.836043838,1.3585679849,3.04364e-06
EBEMEF_clean,0.0012563631,0.0064114691,0.0130201579,0.0636819027,0.1321427329,0.62511732,1.7547520626,1.29076e-06
EBEMII_clean,0.003956128,0.02027905,0.0391955117,0.1789341532,0.3179151314,0.9613692558,1.5006959202,3.95644e-06
EBEWIT_clean,0.0051192,0.0268272001,0.052718612,0.258957954,0.4986779315,1.9286366904,3.709110086,5.30504e-06
EBEXAM_clean,0.004650353,0.0232174589,0.046692212,0.2275585421,0.4388103548,1.8019946193,3.6583831211,4.67479e-06
EBEXEQ01_clean,0.0053383765,0.0270940236,0.053479059,0.262878354,0.5083731551,1.9440038199,3.6889229801,5.40635e-06
EBEXEQ_clean,0.0054965647,0.0273932472,0.0537840002,0.267075107,0.5109708727,1.9724319612,3.6957041095,5.49981e-06
EBEXIU02_clean,0.0277256889,0.131290097,0.2562777947,0.8917841733,1.3687782885,2.3471820411,2.7522819511,2.81037e-05
EBIDOK_ion_b,0.0055789914,0.0285583001,0.0566686148,0.276388636,0.5185749668,2.2147904905,4.7561785075,5.69017e-06
EBIHII_clean,0.0068533355,0.0343341678,0.0688033163,0.3348583494,0.6409269632,2.5872906076,5.0738242988,6.86086e-06
EBIJAC_clean,0.004599949,0.0236595739,0.0473002955,0.2157451503,0.3889831897,1.1728927409,1.9296723331,4.81043e-06
EBIMEJ_clean,0.0091220603,0.0457754661,0.0910861325,0.427039876,0.7552951911,2.3750448153,3.6851647315,9.24093e-06
EBIPOX_clean,0.0044658992,0.023334006,0.0470922996,0.2300182866,0.4494801521,1.9311559876,4.3576387619,4.67621e-06
EBIZUN_clean,0.0055213133,0.0268521552,0.0537690977,0.2662943104,0.5141184958,2.3589008624,5.8858179264,5.32735e-06
EBOBIJ_clean,0.0120745001,0.0605309016,0.1188917052,0.5654984461,1.0565727555,3.7108185903,6.126234126,1.20977e-05
EBOCOQ_clean,0.0087368811,0.0439459032,0.086833279,0.4130030109,0.7581581755,2.6767740519,4.6302550633,8.78795e-06
EBOJOV_clean,0.0005841465,0.0029095312,0.0058313839,0.0284602001,0.0560741438,0.2553157068,0.6540407801,5.7622e-07
EBOXEA_clean,0.0011881779,0.0058005297,0.0114967279,0.0571841557,0.1139757549,0.5027748722,1.2702882316,1.16867e-06
EBUQIB_clean,0.0091879216,0.0449753993,0.0896083915,0.4154883238,0.7652142891,2.5316587918,4.0409354144,9.03579e-06
EBUREA_clean,0.0059269716,0.027952275,0.0566028706,0.2724909149,0.5164226578,1.8296913432,3.1586304202,5.76355e-06
ECAFOG_clean,0.0024485743,0.0123617603,0.0242639955,0.1233624598,0.2462547079,1.1398934942,2.9027013538,2.48535e-06
ECAHAT_clean,0.0161170929,0.0828266728,0.1592180412,0.5970474722,0.9152971076,2.2158744269,3.9676150201,1.69328e-05
ECAHEX_clean,0.0036147594,0.0174077787,0.0343196247,0.1706528074,0.329686106,1.2918745338,2.6000862045,3.49864e-06
ECAHOH_clean,0.0034213993,0.0169655571,0.033071736,0.1620429125,0.3141958148,1.2578503204,2.5415410677,3.38188e-06
ECASAD_clean,0.0020081108,0.0095113409,0.0198520243,0.0954918326,0.1793496714,0.6584225726,1.2793840912,1.98017e-06
ECEDAU_clean,0.0131099725,0.0640401244,0.1262597391,0.5233802566,0.8412174772,1.7783407143,2.3047059163,1.31997e-05
ECEDEY_clean,0.0058075396,0.0288058214,0.0568859216,0.2783229295,0.5348087311,2.0912435126,4.1083218588,5.82258e-06
ECEZAO01_clean,0.0063355483,0.0317770196,0.0630171282,0.2937307709,0.5350671445,1.5960982616,2.4940725847,6.44692e-06
ECEZAO_clean,0.0094029108,0.0460879897,0.0908376089,0.4204825052,0.7487587511,2.1517646861,3.2629533644,9.27172e-06
ECIWIW_clean,0.0030607785,0.015169912,0.0298817977,0.1393812259,0.2712979743,0.9272445104,1.660610982,3.05451e-06
ECIWOC_clean,0.0124710673,0.0602970297,0.1184389404,0.4798860649,0.8159179388,1.7560355521,2.2344164011,1.25048e-05
ECODEG_clean,0.0186227361,0.0906250019,0.1775184462,0.751900821,1.313224935,3.1607169054,4.3823032569,1.85051e-05
ECODIK_clean,0.0089653195,0.0452587258,0.0910428194,0.4408821374,0.8234233547,3.0693129886,5.6207909165,9.25952e-06
ECOGEI_clean,0.0109745733,0.0539903912,0.1068482075,0.4872301069,0.9053264922,2.9474420271,4.845892894,1.08618e-05
ECOKAJ_clean,0.002814054,0.0155518743,0.0314219455,0.1547133072,0.3140901879,1.5795195515,4.5306269131,3.15721e-06
ECOLEP_clean,0.0029198453,0.0133636045,0.0267232739,0.1367959313,0.2732298332,1.3572479664,4.0216657984,2.71827e-06
ECOLOX_clean,0.0018754064,0.0095141489,0.0191096835,0.0918285664,0.1808661388,0.7193528152,1.4332581055,1.90633e-06
ECUDOX_clean,0.0021142396,0.0107616703,0.0212276948,0.1039099513,0.1977480724,0.7868847186,1.7206059895,2.14868e-06
ECUGEQ_clean,0.0016900253,0.0086811773,0.016954289,0.0846065417,0.1634936427,0.7069849067,1.6306573282,1.71285e-06
EDADIX_clean,0.0155948325,0.0775678117,0.1509750449,0.653088918,1.1094838352,2.8477974585,4.2020849463,1.58622e-05
EDAFUM_clean,0.0031979241,0.0157798439,0.0321905709,0.1522168344,0.2943364334,0.9861742061,1.6741179079,3.19725e-06
EDAGAT_clean,0.0031886007,0.0154923726,0.0306584265,0.1504904527,0.2828733207,0.9873831394,1.6621047151,3.1276e-06
EDAGEX_clean,0.0034045926,0.017008978,0.0326986958,0.1591332387,0.3062532845,1.0294844779,1.6889623047,3.36675e-06
EDAPIK_clean_h,0.0053826151,0.0276407079,0.0559997197,0.2695754181,0.5197954996,2.2513277302,5.2629661647,5.57529e-06
EDATOT_clean,0.0019752814,0.0099101003,0.0194558896,0.0970056884,0.1941672092,0.9505504539,2.8984263613,1.95799e-06
EDAVOV_clean,0.0014875399,0.0073984624,0.0141460541,0.0695889383,0.1289820545,0.4368531838,0.7568369728,1.46572e-06
EDECOG_clean,0.0006903954,0.003522762,0.0069223777,0.0347718819,0.0684010236,0.3361668163,0.9900003726,6.93547e-07
EDEPAG_clean,0.0062844739,0.0311275942,0.060728984,0.2972662574,0.559974013,1.9569935588,3.4129507607,6.23569e-06
EDIKIL_clean,0.0041927094,0.0208833414,0.0418484611,0.2061473124,0.4024309064,1.7632277442,3.8601265896,4.20136e-06
EDOMAM_clean,0.006257917,0.0321379777,0.0634412027,0.3048020252,0.6067751663,2.5251650077,5.6937906519,6.33854e-06
EDUSIF_clean,0.0032914811,0.0163762343,0.0324399606,0.1615382601,0.3238679367,1.553745458,4.6018476658,3.25547e-06
EDUSOL_clean,0.0125257193,0.0610274169,0.1155376252,0.5217050208,0.9079511809,2.5632778549,4.1628760499,1.25046e-05
EDUSUR_clean,0.0032415497,0.0163106818,0.0327791382,0.1623213203,0.3151382008,1.5270956006,4.1898144076,3.25101e-06
EDUTIG_clean,0.0044502873,0.0221021376,0.0450840421,0.2214802385,0.4320734683,2.0663174866,5.3077790531,4.49722e-06
EDUVAA_clean,0.0079706078,0.0392460944,0.0784832631,0.3743433568,0.6799502632,2.7370677276,6.3287666897,8.12653e-06
EDUVEE_clean,0.0116800687,0.0558500071,0.108421251,0.4857910973,0.8963346601,2.9663168709,6.2068226388,1.14871e-05
EDUVII_clean,0.0048452995,0.0246090209,0.0491297672,0.2468013109,0.4888995427,2.3159305367,6.7077727375,4.90589e-06
EDUVOO_clean,0.0043466701,0.0219658658,0.0440411506,0.2192428656,0.4407069371,2.1097735376,6.1493372872,4.4187e-06
EDUWAB_clean,0.0043557351,0.0219803577,0.0438794404,0.2168957398,0.4346463717,2.0610874835,5.9200550424,4.35043e-06
EFAYEQ_clean_h,0.0037169096,0.0176904207,0.0350409252,0.1764312802,0.352411802,1.7035786466,4.8529464592,3.52964e-06
EFAYIU_clean,0.0036943527,0.0188225403,0.0381078075,0.1910763979,0.3773538691,1.8524902305,5.2776999763,3.80673e-06
EFEGOM_clean,0.007467026,0.0366830842,0.0736724102,0.3559848986,0.6547421345,2.4666549803,4.4146256563,7.38434e-06
EFESEP_clean,0.0099440224,0.0490551784,0.0966859387,0.4271325055,0.7906312624,2.6493955071,5.1210247025,9.97651e-06
EFESOZ_clean,0.0107027384,0.0537850462,0.1019785016,0.4474133607,0.827560053,2.6852035196,5.1653784554,1.06415e-05
EFIMOV_clean,0.0071342692,0.0353031655,0.0701389775,0.32445119,0.576241925,1.8404827688,2.9314780201,7.13037e-06
EFOSUO_clean,0.0008671348,0.0044223876,0.0088924199,0.0447574969,0.0887317138,0.4215571133,1.1636634746,8.98631e-07
EFOTAV_clean,0.0008909572,0.0044319165,0.00875425,0.0447155695,0.0880599226,0.4153032608,1.1540811584,8.87468e-07
EFOTEZ_clean,0.000631236,0.0029894532,0.0059385817,0.0301116648,0.0594912818,0.2883438114,0.7927355217,6.0051e-07
EFOTID_clean,0.0005882011,0.003043697,0.0060217494,0.0302231375,0.0594310595,0.2758409691,0.7628337851,6.02026e-07
EGABAR_clean,0.0088599051,0.0435068744,0.086225007,0.3627371234,0.5988132778,1.3945539512,1.8883238422,8.92352e-06
EGATAI_clean,0.0043311288,0.0214724771,0.0432693119,0.2088634376,0.4113923609,1.8959430297,4.8160778085,4.19808e-06
EGATEM_clean,0.0100483623,0.0493345924,0.0980621187,0.4159997638,0.7344038627,2.4870237402,5.1292860243,9.99678e-06
EGATIQ_clean,0.0092539312,0.0457625355,0.0891977269,0.4102860135,0.7277176247,2.5192722064,5.3143164297,9.35445e-06
EGATOW_clean,0.0062687425,0.0308777641,0.0618250728,0.3037509639,0.590816808,2.4907158988,5.0161678913,6.25267e-06
EGEJIK_manual,0.0054218871,0.0274036951,0.0541249586,0.2566349468,0.4899545268,1.9620970529,4.8867168077,5.42078e-06
EGEJOQ_clean,0.0109564902,0.052221691,0.1037399222,0.4049880421,0.6857792186,1.9872081263,3.5544574207,1.12087e-05
EGEJUW_clean,0.0063064039,0.0300218753,0.0580216053,0.253454963,0.4378146189,1.5733707188,3.3991279218,5.95797e-06
EGELUY01_manual,0.0101551713,0.0494684182,0.0998438342,0.4880308631,0.9437261552,4.0330165594,7.9365727045,9.98319e-06
EGELUY_SL,0.0100650722,0.0502092332,0.1012013275,0.4969907195,0.9398458867,4.0483974793,7.8957918432,1.01221e-05
EGIFUV_clean,0.0121651664,0.0590269745,0.1091951874,0.2935427964,0.4257109651,1.165480783,2.45433664,1.3173e-05
EGOXII_clean,0.0096072444,0.0484444589,0.0938060981,0.4133745486,0.7554833557,2.189284882,3.2003455593,9.62789e-06
EGOZAB_clean,0.0063885316,0.0324141626,0.0637192344,0.3145975338,0.5903726687,2.394759175,4.8149317291,6.46819e-06
EHAFEA_clean,0.003310901,0.0163939208,0.032748974,0.1564623198,0.3016377095,1.1298058504,2.1697499398,3.27129e-06
EHAFIE_clean,0.0028170397,0.0140246968,0.0280706222,0.1362665989,0.2639833656,1.0544612566,2.1646689049,2.82995e-06
EHAFOK_clean,0.0028484196,0.0142230097,0.0282381675,0.1389076478,0.2721502705,1.0667543609,2.1664097712,2.83573e-06
EHAFUQ_clean,0.0028545054,0.0138319908,0.0278625926,0.1364838123,0.2670843009,1.0538290901,2.1354098465,2.81365e-06
EHAGAX_clean,0.0027570451,0.0138429261,0.0276480844,0.1324693014,0.2579484234,1.0306837416,2.0780429898,2.77852e-06
EHAGEB_clean,0.0026850409,0.0137739245,0.0274850165,0.1326728535,0.2569701388,1.0111566462,2.0486537107,2.75876e-06
EHAGIF_clean,0.0028803982,0.0143582698,0.0289153672,0.1399403007,0.2698996625,1.0468306071,2.0949478685,2.91303e-06
EHAGOL_clean,0.0027856336,0.0136808792,0.0280786875,0.1337280743,0.2582462061,1.0143166119,2.030249951,2.76875e-06
EHAGUR_clean,0.002672053,0.0134099392,0.0264556015,0.1288577384,0.2493940289,0.9661603476,1.9548789491,2.66026e-06
EHALOP_manual,0.0100850942,0.0502933257,0.0988467373,0.4965822702,0.9545320423,4.1054662584,8.1375598024,9.96064e-06
EHEKUY_clean,0.0070160002,0.0335824237,0.0669825537,0.3068522287,0.5397832052,1.6195757521,2.5763546592,6.85256e-06
EHIPOC_clean,0.0008890939,0.0046510401,0.0093611818,0.0451163736,0.0891624941,0.3983641528,0.9054058957,9.29691e-07
EHODOV_SL,0.0091942647,0.045263522,0.0903865573,0.4231061941,0.8036413765,2.8863611255,5.0427629516,9.16441e-06
EHUSUX_clean,0.014215697,0.0713809828,0.1405042181,0.5935239404,1.022076846,3.3278943374,6.6347828362,1.46063e-05
EHUTAE_clean,0.0140792085,0.0709359931,0.1389382553,0.563387321,1.0013441477,3.3072971249,6.9388825032,1.45222e-05
EJATIS_clean,0.3712277408,0.9820523873,1.2859834539,1.8621715226,2.041834302,2.3450832749,2.4929103018,0.000515577
EJAXIW_clean,0.0075030582,0.0373873018,0.0762090473,0.3668408629,0.7262752631,2.8593389177,5.7942807457,7.53158e-06
EJESUJ_clean,0.0037156717,0.0183905835,0.0362387055,0.1791090338,0.3600180535,1.7115040252,4.7098140214,3.6198e-06
EJETAQ_clean,0.0028720688,0.0145904017,0.0297961163,0.1485935004,0.2954451358,1.4012993538,3.9800227625,2.96114e-06
EJIDUW02_clean,0.0038135012,0.018047297,0.0368503579,0.1772288203,0.3315896388,1.1841304219,2.2164028612,3.69035e-06
EJONOH_clean,0.0041643353,0.0211278988,0.0417011307,0.2041578738,0.3895524055,1.4388363435,2.6324261272,4.25292e-06
EJOQOL_clean,0.0045010096,0.0223214988,0.0446137598,0.2078821557,0.380258964,1.4002476668,2.8216936104,4.47297e-06
EJOQUR_clean,0.0054356755,0.0269220934,0.0538288404,0.2580533986,0.5043162001,2.0601731816,4.5312508946,5.39742e-06
EJORAY_clean,0.0071982683,0.0370552927,0.072842097,0.3489240331,0.660292196,2.3495797112,4.1865752606,7.39918e-06
EJOZOU_clean,0.0033926403,0.0175054404,0.0351262226,0.168352647,0.3224493109,1.2071793605,2.2840542892,3.48957e-06
EKADIF_clean,0.0210878926,0.1059420034,0.183189636,0.692724538,1.1931436313,3.597474486,6.2634528085,2.05568e-05
EKEKIQ_clean,0.0027986557,0.0139323497,0.028197776,0.1406801748,0.2792887758,1.1958769409,2.7685223936,2.84141e-06
EKEKOW_clean,0.0177600537,0.087716717,0.1712246305,0.7304596042,1.2556195322,3.1828949427,4.9170042971,1.82822e-05
EKEMEO_clean,0.1620956417,0.4758349666,0.6644566215,1.2601011273,1.7968274959,4.635403726,7.6530394924,0.0001959
EKEQIV_clean,0.0019697904,0.0095511733,0.0190261905,0.0933485573,0.1758230498,0.6590266783,1.2693742043,1.91206e-06
EKETOF_clean,0.0087209896,0.0428976012,0.0821115117,0.359407286,0.5984797891,1.2871360798,1.5492013288,8.70751e-06
EKETUL_clean,0.0080756735,0.0383450128,0.0738184805,0.3291532537,0.5551294975,1.2456232072,1.5182782439,7.82026e-06
EKEVAT_clean,0.0087821669,0.0431713654,0.0834927114,0.357867693,0.5979181905,1.2662395393,1.5228836555,8.74497e-06
EKIDEH_clean,0.0288707532,0.1407846763,0.2729605893,1.0508752996,1.6538384829,3.0571167392,3.5751693005,2.92257e-05
EKIDIL_clean,0.0243579557,0.1152985612,0.2232295612,0.8342803229,1.2527616975,2.1669520485,2.5678446738,2.42873e-05
EKOKIA_clean,0.0046518066,0.0230827157,0.0461341227,0.2270701185,0.4383705632,1.6693526092,3.1836400562,4.66355e-06
EKOPEA_clean,0.0083094739,0.0422640678,0.0833856438,0.4019003088,0.7574216294,2.7171524635,4.6417130795,8.45424e-06
EKOPIE_clean,0.0070604983,0.0344296085,0.0695307739,0.3360952071,0.6390518281,2.6249046237,5.0828351493,6.95841e-06
EKOPOK_clean,0.0086196242,0.0423613083,0.083465701,0.3799433907,0.6705347061,2.2391627386,4.0588217496,8.50003e-06
EKOPUQ_clean,0.0043619904,0.0212390205,0.0429689695,0.2083482275,0.4009758343,1.6103599557,3.5318703804,4.3246e-06
EKUPEG_clean,0.0016982936,0.0085098065,0.0169789496,0.0847647845,0.1712023483,0.8297160966,2.4239003275,1.70843e-06
ELECIJ_clean,0.0130351922,0.0640202475,0.1271966405,0.5731894268,1.0604472185,3.1594783135,4.7890869954,1.29363e-05
ELELEN_clean,0.0040832226,0.0204050923,0.03988076,0.1986305043,0.3922116253,1.6204846646,3.5669713987,4.0638e-06
ELEREU_clean,0.0165030368,0.081585305,0.159689573,0.7119894776,1.2547613603,3.6576271745,6.523825867,1.66442e-05
ELERIY_clean,0.0061660749,0.0315903288,0.0611529122,0.3019071625,0.6070522348,2.6517363574,6.3514641351,6.20162e-06
ELEROE_clean,0.008785518,0.0426473476,0.0858848988,0.4107464594,0.7946430601,3.051061839,6.460803023,8.73587e-06
ELIJOZ_clean,0.0080963266,0.0400469413,0.080294631,0.3810553005,0.6815899304,2.1757905479,3.4557973298,8.09318e-06
ELIJUF_clean,0.0098802921,0.0487322772,0.0962639611,0.4407769699,0.8064604995,2.4830666189,3.8515318007,9.79281e-06
ELIKAM_clean,0.0082805679,0.0408521689,0.0808333634,0.3840776041,0.693199344,2.1927710521,3.4479713373,8.25694e-06
ELIKEQ_clean,0.0080524178,0.040047546,0.0803268613,0.3758781577,0.6781288403,2.1509038481,3.4060161448,8.09485e-06
ELIKIU_clean,0.0078453061,0.0387677675,0.0778583681,0.3632427676,0.6740243952,2.1082047295,3.3095065992,7.93028e-06
ELIKOA_clean,0.0077467163,0.0395308791,0.076134229,0.3653146999,0.6661960524,2.0777776678,3.2857266946,7.82044e-06
ELIKUG_clean,0.0079015349,0.0386142593,0.0772524799,0.3555394061,0.663630808,2.0855613702,3.2535120675,7.80342e-06
ELILAN_clean,0.0075458908,0.0370616496,0.0732238688,0.3507387819,0.6380406417,2.0186122836,3.1550141191,7.55096e-06
ELILER_clean,0.0074554984,0.0377538817,0.0748437952,0.3524881634,0.6270345099,1.9723261974,3.1003320884,7.51979e-06
ELILIV_clean,0.0074466216,0.0368014412,0.0722663474,0.3476355902,0.6245401424,1.9551327491,3.0854913382,7.41306e-06
ELOGUJ_clean,0.0016117739,0.0079468843,0.0158759882,0.0770129697,0.1424531098,0.5430651656,1.0398792526,1.60386e-06
ELOHOE_clean,0.0123639593,0.0603687091,0.116205865,0.5132603168,0.9088042508,2.4354449346,3.7007734741,1.23376e-05
ELOZEK_clean,0.0001231925,0.0005819145,0.0011712576,0.0058073826,0.0112160919,0.0502675054,0.1222305156,1.15734e-07
ELUJAY_clean,0.0047524252,0.02465264,0.0479992355,0.2226414893,0.4168504999,1.4776235882,2.4844436617,4.81125e-06
ELUJEC_clean,0.0047561483,0.0239524898,0.0476721655,0.2211949296,0.4182230024,1.4479847781,2.418169705,4.83265e-06
ELUZES_clean,0.0007413323,0.0037371689,0.0074062043,0.0372161003,0.0739766218,0.3519060559,0.9677538566,7.39853e-07
EMAGAB_clean,0.0037056225,0.0175835737,0.035200996,0.1738354418,0.3265606018,1.165930035,2.1789447128,3.61043e-06
EMAMOW_clean,0.001924715,0.0095278859,0.0188425222,0.0934211266,0.1863487717,0.7883457576,1.8394588532,1.92291e-06
EMAMUC_clean,0.00159792,0.0076319381,0.0147783806,0.0740061372,0.1468019349,0.6321779697,1.4820021698,1.51982e-06
EMAPAK_clean,0.0027002684,0.0137667919,0.0273482263,0.1346175308,0.2704112802,1.2346542249,3.3060849983,2.71615e-06
EMIFOW_clean,0.005818831,0.0293038974,0.0575895428,0.2845021933,0.5458256662,2.3585716673,4.9702990346,5.84727e-06
EMIGOX_clean,0.007864128,0.0396619136,0.0790262433,0.3697533289,0.7157914483,2.6667175673,4.7756038476,7.97e-06
EMIYUW_clean,0.0054344349,0.0262032922,0.0510557392,0.2527974884,0.5026976466,2.2071972733,5.5042254307,5.13708e-06
EMIZAD_clean,0.0040833589,0.0209228351,0.0413941262,0.2089831156,0.4127306567,1.9870036935,5.7441999051,4.17197e-06
EMOHIZ_clean,0.003569513,0.0172192624,0.0346901884,0.1608985824,0.3031209932,1.0450215952,1.9623282393,3.45904e-06
EMUBIZ_clean,0.004252666,0.0209402167,0.0420767868,0.1886968289,0.3444087776,1.1377410051,2.4710698481,4.28967e-06
EMUBOF_clean,0.0063911215,0.0312235051,0.0628751756,0.2851557042,0.5056005492,1.7804127956,3.8159880117,6.46673e-06
ENAFAB_clean,0.0008460742,0.0044352501,0.0088970586,0.0440249478,0.0854206156,0.3869973887,0.9502577128,8.99829e-07
ENAFOP_ion_b,0.0010901098,0.0056589831,0.011347147,0.0561896377,0.1111901594,0.5053430218,1.3633084315,1.13283e-06
ENANIS_clean,0.0162231385,0.0812830392,0.158813412,0.6629684394,1.1156359992,2.4968272207,3.2812134432,1.66365e-05
ENCDBZ01_clean,0.0043283496,0.0217630519,0.0434617759,0.2121148601,0.4091457436,1.7540586089,3.6886268552,4.33619e-06
ENCDBZ_clean,0.0057525174,0.0285225982,0.0568034029,0.2745166996,0.5415179554,2.1891883524,4.2906959248,5.71464e-06
ENCNBZ01_clean,0.0086037285,0.0430946303,0.0859555978,0.4120272185,0.7735642856,2.8460997013,4.7251794559,8.64189e-06
ENEQUL_clean,0.0053116172,0.0261476645,0.0526735371,0.2563833621,0.4906743578,2.1478034723,4.7600453496,5.23446e-06
ENESOH_clean,0.0050971516,0.0244643411,0.0501288884,0.2455439793,0.4831351439,2.250737589,5.8473168858,4.95518e-06
ENESUN_clean,0.0048783063,0.0248312142,0.0496089309,0.2500541557,0.4893469482,2.2752801638,5.941059842,4.97455e-06
ENIHUG01_clean,0.0046087358,0.0222799455,0.045558355,0.2245708125,0.4385226398,2.1539856954,6.0190718917,4.52718e-06
ENIHUG_clean,0.0046041557,0.0226383391,0.0456156064,0.2255303456,0.4417825331,2.1631275952,6.0745553452,4.54869e-06
ENISOK_clean,0.0045208446,0.021492478,0.0428163949,0.2140251564,0.4170464973,1.8256693377,4.1004856317,4.31823e-06
ENISUQ_clean,0.0048184094,0.0244499091,0.0489088021,0.2428086047,0.4806775162,2.0979785843,4.6062272118,4.92354e-06
ENITAX_clean,0.0049624989,0.0247622359,0.0496162485,0.2411083962,0.4866810748,2.1150668594,5.501921018,4.979e-06
ENITEB_clean,0.0056519538,0.0279659414,0.0562964754,0.2739766933,0.5284330702,2.2822017332,5.2271019768,5.63564e-06
ENITIF_clean,0.0076344971,0.0385067596,0.0765556096,0.3702656694,0.7146514353,2.8980363333,5.5695367943,7.74721e-06
ENITOL_clean,0.0061315521,0.030652609,0.060985826,0.3024680094,0.5655851315,2.3882916984,4.8217181111,6.18032e-06
ENIXUV_clean,0.0060769198,0.0308889539,0.0601304313,0.2990219436,0.5574513451,2.1577196452,4.1214822104,6.19992e-06
ENOSAD_clean,0.0047187677,0.0234994433,0.0462576357,0.2215416227,0.4042728963,1.355104092,2.3111568341,4.70174e-06
ENOVAG_clean,0.0021860941,0.0107672103,0.0220640209,0.1089742031,0.2188403645,1.0051831944,2.6156635942,2.2125e-06
EPAGEJ_clean,0.0019748494,0.0096357633,0.0194684027,0.0948536626,0.1775730627,0.7187873506,1.5092568647,1.95382e-06
EPECEJ_clean,0.0092707792,0.046673128,0.0921464662,0.4270824404,0.7852416453,2.9290215206,5.7399213043,9.24263e-06
EPECOT_clean,0.0153862358,0.075879192,0.1448439688,0.5566310047,0.8989583972,2.0228141391,2.8948408203,1.58409e-05
EPEWAY_clean,0.0068648977,0.0340279681,0.0693767999,0.334303221,0.6153922531,2.2211605643,3.7340146416,7.04803e-06
EPEWEC_clean,0.0070333752,0.0348557543,0.0710492202,0.3310695757,0.6272261147,2.2237158068,3.7601578613,7.13066e-06
EPEXUU_clean,0.0066378028,0.0323557803,0.0648615621,0.2916442852,0.5253154585,1.7975206639,3.379569676,6.65261e-06
EPEYAB_clean,0.0084213675,0.0421794187,0.0808604183,0.3575829539,0.624715079,1.9882827344,3.5157409238,8.44898e-06
EPISOM_clean,0.0080130241,0.0398581515,0.0777539297,0.3739240905,0.7113015345,2.7975649279,6.4978292166,7.91244e-06
EPONAA_clean,0.0014616892,0.0073205063,0.0144576983,0.070867807,0.1444105535,0.7163362602,2.1172037738,1.42808e-06
EPONEE_clean,0.0014544531,0.0072288492,0.0141971993,0.0703528389,0.1418345072,0.717595339,2.0985009054,1.42918e-06
EPOPEG_clean,0.0065516568,0.032408038,0.0654061961,0.3203512927,0.6062107319,2.5220022905,5.0056879846,6.53042e-06
EPOTAF_clean,0.0049856022,0.0232717773,0.0459802097,0.2325769365,0.4654637127,2.2379044631,6.3014857685,4.66002e-06
EPOXAJ_clean,0.0005322782,0.00274501,0.0053112484,0.0265608555,0.0529567797,0.2430464176,0.625835183,5.40193e-07
EPUSUE_clean,0.0007381736,0.0037624343,0.0074169418,0.0367863229,0.0739033521,0.3476133788,0.9944219525,7.43615e-07
EQAMUG_clean,0.0038101311,0.0193948382,0.0385237168,0.1858763796,0.3505939835,1.3799342948,2.5521405055,3.852e-06
EQERAU_clean,0.0072644536,0.0358318034,0.0711334941,0.3515543242,0.678983379,2.9873864831,6.5987861501,7.18463e-06
EQEREY_clean,0.0101734716,0.0480170929,0.0957731467,0.4658466998,0.8664924053,3.0415035056,5.1291582079,9.76643e-06
EQERIC_clean,0.0146035594,0.0722318054,0.1463805109,0.6655531448,1.204145628,3.6362089534,5.584688766,1.47422e-05
EQETAX_clean,0.0120820848,0.0588471312,0.1177080968,0.5675859064,1.0510883423,3.7963224597,6.6124396783,1.18986e-05
EQOCOC01_clean,0.0091608655,0.0460682401,0.0916862767,0.4450339475,0.8135426101,3.2551903842,6.5108309718,9.23891e-06
EQOXIT_clean,0.0037664572,0.0184406885,0.0371270155,0.1841470066,0.3546023361,1.4297389758,3.0326762444,3.74989e-06
EQUBIC_clean,0.0047350509,0.0240855081,0.0469641442,0.2207723991,0.4156437891,1.3278447571,2.0581591138,4.7977e-06
EQUBOI_clean,0.0046285737,0.0240931336,0.0464254198,0.2270858267,0.4024859135,1.3485689214,2.1273047565,4.77676e-06
EQUBUO_clean,0.0047520376,0.0234013077,0.0463821826,0.2198602464,0.4079606065,1.3231049914,2.0809762305,4.71765e-06
EQUNEL_clean,0.0082260715,0.0412132619,0.0827934206,0.3963622341,0.7845424948,3.4321036444,7.2864542631,8.2677e-06
EQUNIP_clean,0.0087404812,0.0439195035,0.0872732375,0.4278862233,0.8173422232,3.6255234357,7.8177005686,8.74782e-06
ERAHOV_clean,0.0026830252,0.0126317611,0.0251602604,0.1277365695,0.2515580943,1.2280457453,3.5718044715,2.54248e-06
ERALEQ_clean,0.0332275292,0.1573209708,0.308610778,1.2603084029,2.0612405086,4.9590930868,7.4487497552,3.28767e-05
ERALIU_clean,0.015954425,0.0796966132,0.1556965244,0.7201096679,1.3420921835,4.4335009643,7.76702795,1.59997e-05
ERALUG_clean,0.0040308007,0.0205282923,0.0408482701,0.202415635,0.3867756538,1.6126048207,3.5763364194,4.0846e-06
ERAMAN_clean,0.0046971017,0.0230224447,0.0471202871,0.2269198056,0.4439442093,2.0012453464,4.8155109493,4.65813e-06
ERAMER_clean,0.0039755133,0.0190310693,0.0381662712,0.1917651903,0.3806852097,1.7739758115,4.7302225839,3.85239e-06
ERAMUH_clean,0.2833714873,0.8575175803,1.1944255585,2.0980134544,2.6241817617,4.5510843503,7.2609264376,0.000351736
ERANES_clean,0.0065413115,0.0308351322,0.063537351,0.3034370221,0.5718245892,2.2566960682,5.0728369719,6.37497e-06
ERAQAR_clean,0.0130366907,0.0639479062,0.1296155604,0.6140518388,1.1950277502,4.0973877928,6.1206427779,1.27967e-05
EREFEN01_SL,0.0148517041,0.0727286053,0.1452617339,0.6237331559,1.1384265103,3.1547204835,4.7535441721,1.48283e-05
EREGOY_clean,0.0055699555,0.0275083026,0.0549960794,0.2700971229,0.533228536,2.3665742419,5.5282097097,5.47882e-06
ERELIX_clean,0.0068577264,0.0336137918,0.0660223189,0.3128046422,0.5747614229,1.9612706112,3.4746011741,6.80077e-06
ERIGER_clean,0.0026857708,0.0128903221,0.0262009059,0.1277469273,0.2489086063,0.9903914882,2.0479490643,2.6017e-06
ERIRIG_auto,0.0017741379,0.0095509569,0.0191182402,0.0957707917,0.1907960101,0.9517868676,2.7686128804,1.91003e-06
ERIWAF_clean,0.007305238,0.0381591663,0.0751566065,0.3560233303,0.6780648751,2.7040462864,6.0952734597,7.55923e-06
EROCIZ_clean,0.0145965939,0.0638666966,0.1054664201,0.3346462964,0.5242291728,1.5053256294,2.5254405215,1.49677e-05
ERUFUS_clean,0.0066717682,0.0325412552,0.0647003778,0.3121090061,0.5989195024,1.8894145493,2.9321588259,6.63611e-06
ERULEK_clean,0.0046967454,0.022894301,0.0457217278,0.2288870221,0.4550601963,2.0902196637,5.2801449364,4.62933e-06
ERUNOW_clean,0.0048949165,0.0245450799,0.0492497767,0.2402446301,0.4607047526,1.9662626858,4.6539030497,4.94694e-06
ERUNUC_clean,0.0050851191,0.0255840252,0.0511306033,0.2498727265,0.4731378747,2.2195891788,5.5900158877,5.0628e-06
ESANET_clean,0.0016907471,0.0084815218,0.0169787491,0.0850320737,0.1694534489,0.7566682095,1.7930768342,1.70876e-06
ESARIB_clean,0.2101411297,0.6597439966,0.9613641121,1.5124120636,1.6589804396,1.8445341607,1.9351899397,0.000247428
ESAROH_clean,0.0094529755,0.0469580412,0.0908142201,0.3937623226,0.6504745885,1.5514858562,2.0712454226,9.49077e-06
ESARUN_clean,0.0095784057,0.0481091216,0.0947035262,0.4362467125,0.7993906509,2.5274409586,4.0031009333,9.60375e-06
ESASAU_clean,0.0080723911,0.0399548261,0.0796622158,0.3395932083,0.5928056901,1.4867291159,2.0428422788,8.03763e-06
ESASEY_clean,0.0082044248,0.0401106269,0.0789707936,0.346838001,0.6166345444,1.6047308085,2.2395250369,8.15338e-06
ESEBOV_clean,0.0040044165,0.0189914101,0.0394612441,0.1952448751,0.3945195111,1.888513256,5.1047102482,3.92474e-06
ESEDIQ_clean,0.0095568281,0.0484107141,0.0959881066,0.4742106553,0.8949094021,3.6852162979,7.4583891692,9.70198e-06
ESEHIV_clean,0.0115130275,0.0568451732,0.1117192445,0.490290819,0.8457771415,2.2264412844,3.2720324896,1.15421e-05
ESEQUO_clean,0.0057860876,0.0275648651,0.0553057061,0.2622345946,0.5103160342,1.9570373779,3.7945261143,5.52915e-06
ESEVIH_clean,0.0057697273,0.028081198,0.0551689816,0.2693869808,0.5163744483,1.8449187136,3.2289944026,5.60117e-06
ESIDOB_clean,0.0177640414,0.08703021,0.1729123981,0.7528566803,1.350288234,3.690873873,5.3436044512,1.78095e-05
ESIFET_clean,0.0051955706,0.0257048613,0.0507241267,0.2466450063,0.4662837656,1.7792448506,3.37327783,5.14622e-06
ESIGES01_clean,0.0098627407,0.0494303021,0.0974582122,0.453968476,0.8620869746,2.9965487974,4.9180845317,9.79362e-06
ESIGES02_clean,0.0094851325,0.0479787035,0.0942940054,0.442326805,0.8517129117,2.9234029898,4.8557866691,9.65149e-06
ESIGES_clean,0.010076683,0.0491842684,0.0987268902,0.45847838,0.867440881,2.9859190735,4.8927056246,9.92074e-06
ESURER01_clean,0.0063380017,0.0317590558,0.0627377492,0.3052597898,0.5613124545,2.0142925134,3.5292012981,6.34952e-06
ESURER02_clean,0.0064852153,0.0321524939,0.0631324901,0.3033903073,0.5622934443,2.0214043637,3.5024318716,6.38451e-06
ESURER03_clean,0.006429196,0.0323557269,0.0623065306,0.3057274861,0.5638202969,2.0249010125,3.5232632483,6.39786e-06
ESURER04_clean,0.006249413,0.0303155808,0.0611522717,0.2946213268,0.5470392485,2.0681570601,3.7774321,6.11761e-06
ESURER_clean,0.0061347688,0.0312105874,0.0614701488,0.3004668795,0.553506225,2.0317939965,3.5899002039,6.28464e-06
ESUSAO01_clean,0.006800487,0.0328646777,0.0645551207,0.3089071263,0.5785711871,1.9895324007,3.4310445631,6.56975e-06
ESUSAO_clean,0.0067883277,0.0339346905,0.065651189,0.3155617024,0.5944737307,2.0261473342,3.440058031,6.67839e-06
ESUSIW_clean,0.0060500884,0.0304693083,0.0608435139,0.2903078379,0.5394688213,1.9993809475,3.5444580994,6.13554e-06
ESUSOC01_clean,0.0061126216,0.0307420225,0.0614493044,0.2992700633,0.5709942461,2.1625930689,4.0622443975,6.21618e-06
ESUSOC02_clean,0.0060379292,0.0289963037,0.0590000869,0.2819726817,0.5463370526,2.0985642694,4.015016188,5.89655e-06
ESUSOC_clean,0.0061647326,0.0310633738,0.0621163254,0.3002705947,0.5649042059,2.124619775,3.9653057574,6.2207e-06
ESUTAP_clean,0.0063979294,0.0314600689,0.0624960844,0.3048572322,0.5795441431,2.1848772572,4.0796433956,6.30327e-06
ESUTIX_clean,0.0059601969,0.0295567142,0.0587186874,0.2846394627,0.5480410827,2.0973913374,4.0353190722,5.88802e-06
ESUVAR01_clean,0.0077471703,0.0391093139,0.0773779035,0.3645512641,0.6549433481,1.9858099375,3.1454084773,7.97445e-06
ESUVAR_clean,0.0072469046,0.0357603129,0.0717759698,0.3387511024,0.6305154431,2.0548778717,3.3614537817,7.22944e-06
ESUVOF_clean,0.0065242986,0.0316887059,0.062715602,0.3065651706,0.5691317117,2.0984517965,3.7409452727,6.40874e-06
ETAXUT_clean,0.0075444406,0.0378443874,0.0754571713,0.3515067384,0.6458894602,2.2765955803,4.9195934732,7.63696e-06
ETECIR_clean,0.0072813681,0.0359954505,0.073066425,0.3450223729,0.6666655118,2.5407565156,4.4864550268,7.3604e-06
ETECOX_clean,0.003221888,0.0161909368,0.0324594141,0.1608127233,0.3142567228,1.5526976242,4.2493822932,3.22484e-06
ETEJIX01_clean,0.0050176059,0.025215358,0.049919244,0.2418140752,0.4805960057,2.0653717634,4.7837034675,4.94156e-06
ETEJIX_clean,0.0048303368,0.024713152,0.0495570273,0.2506439073,0.4800913365,2.0844617893,4.7618506409,4.9959e-06
ETEJOD01_clean,0.0051644094,0.0265052599,0.0530211287,0.2572338444,0.5078604698,2.1861174269,4.9606719926,5.28213e-06
ETEJOD_clean,0.0057054459,0.0288226901,0.0573091664,0.2826702042,0.5556798659,2.3379368683,5.0022395057,5.80185e-06
ETEJUJ_clean,0.0053134712,0.0256842075,0.051451731,0.252670032,0.4961794813,2.1096376125,4.7128948253,5.16612e-06
ETEKAQ01_manual,0.0040304625,0.0194815943,0.0387129512,0.1926355959,0.3752945151,1.6001879613,3.6411936562,3.91109e-06
ETEKAQ_clean,0.0051093547,0.0253990926,0.0509786844,0.2514844505,0.4917348842,2.0943759921,4.6351672406,5.13208e-06
ETEKEU_clean,0.0048741372,0.0253097951,0.049995524,0.2482960528,0.4786587323,2.0641760263,4.5439620445,5.05912e-06
ETEPID_clean,0.0304460106,0.1440315769,0.2571401499,0.8677502285,1.3393056483,3.2321347964,5.1199691083,3.15603e-05
ETEQUQ_clean,0.0015206048,0.0075489683,0.0149193185,0.0740207839,0.1471594446,0.6564178937,1.5894268222,1.50812e-06
ETESIG_clean,0.0087866817,0.0437525688,0.0851941126,0.3898970329,0.6826339501,1.9363982214,2.8525786605,8.78808e-06
ETEXEI01_clean,0.0059091824,0.0302737964,0.0593878215,0.2852364507,0.5336104742,1.8931260634,3.2674267175,6.01825e-06
ETEXEI_clean,0.0061944162,0.0305186669,0.0608126448,0.2907594911,0.5464459934,1.9028684108,3.2479568226,6.18245e-06
ETIPII_clean,0.0311462352,0.1518344514,0.2960898121,1.1734958851,1.9439709398,3.9498913769,4.8616927417,3.13684e-05
ETIXAI_clean,0.012768758,0.0629261242,0.1211340712,0.501954477,0.8547527947,2.1207169922,3.0502186331,1.28729e-05
ETIXIQ_clean,0.0093872271,0.0482398485,0.0968764793,0.4527852218,0.8602312951,3.1820161415,6.2121534057,9.64625e-06
ETIYEN_clean,0.0263580029,0.1266105435,0.2492725049,1.0401648935,1.7403160433,3.5281449024,4.4460023706,2.62377e-05
ETUWEW_clean,0.0031544587,0.0158105898,0.0311431883,0.1554124098,0.3075271053,1.3684095944,3.1242176434,3.16066e-06
ETUWIA_clean,0.005083184,0.0253250552,0.0508632931,0.2489379712,0.4946380118,2.0803362977,4.3912349176,5.06569e-06
ETUXEW_clean,0.0101338711,0.05048503,0.0985307733,0.4523753612,0.8027352538,2.3012552103,3.4198263081,1.01644e-05
EVADEK_clean,0.012667744,0.061317583,0.1177851003,0.4451562486,0.7054668675,1.5903104707,2.3127232844,1.29001e-05
EVADIO_clean,0.017698579,0.0834105456,0.1534763355,0.5463019159,0.8406210244,1.7267806144,2.3562596225,1.75847e-05
EVADIQ_clean,0.0056952344,0.028197486,0.0580578431,0.2815469252,0.5321266737,2.2157195945,4.7681408671,5.72278e-06
EVAKIV_clean,0.0071308744,0.0365241212,0.0708754707,0.342872122,0.6554961887,2.6566306451,5.7257624206,7.22396e-06
EVEGIV_clean,0.0054922123,0.0259966538,0.0499301355,0.213503764,0.3589173714,1.1247326718,2.0374793626,5.41414e-06
EVEGOB_clean,0.0052639051,0.0255014435,0.0499976346,0.2471091134,0.4533036149,1.5584334623,2.8061051484,5.17736e-06
EVEGUH_clean,0.0053038628,0.0276507487,0.0546663798,0.2611237612,0.4846557112,1.6252259614,2.8427800348,5.4859e-06
EVIMUT_clean,0.0042816336,0.0203968011,0.0414696497,0.2025816633,0.4056951506,1.6625015427,3.541010149,4.16785e-06
EVOTIT_SL,0.0096211738,0.0464335291,0.0944176259,0.4097093838,0.6957641849,1.9814619622,3.1953071062,9.70554e-06
EVUDAA_clean,0.0090555286,0.0447364219,0.0890410288,0.4091418137,0.7591133532,2.6319724903,4.9172188311,8.9975e-06
EVUPOC_clean,0.0065360325,0.0323616624,0.065074014,0.3140480623,0.5870028105,2.1169799416,3.7238477862,6.55367e-06
EVUQOC_clean,0.00972653,0.0498157721,0.0972775605,0.4450193989,0.7718594148,2.079233782,3.1415138966,1.00108e-05
EVUQUI_clean,0.008271898,0.0408217637,0.0812239493,0.3794818417,0.6690709789,2.0143684843,3.0011645654,8.18009e-06
EVURAP_clean,0.0083178746,0.0413723317,0.0828501272,0.3780918782,0.6732128809,2.0356645368,3.0944694449,8.30214e-06
EWASIG01_clean,0.0054779576,0.0271167615,0.0550313026,0.2712276419,0.5269605447,2.3680209605,5.4257843616,5.47093e-06
EWASIG_clean,0.0058432307,0.0287968475,0.0568227131,0.2812769709,0.5542798962,2.4292903049,5.5538091231,5.7135e-06
EWECOY_clean,0.0041302602,0.0203938697,0.0416622492,0.2056858238,0.4063801278,1.7150517573,3.7362254558,4.16368e-06
EWESAC_clean,0.0131494407,0.0644735709,0.1265095842,0.518481537,0.8558604268,1.9583170061,2.708469369,1.33098e-05
EWETUW_clean,0.0163189799,0.0841408738,0.1633265391,0.6899278175,1.1620582658,2.8623003657,4.0093862181,1.68168e-05
EWIPIL_clean,0.0139408418,0.0711144966,0.1405216451,0.6558932025,1.2291105518,4.0524370813,6.4124511656,1.42721e-05
EWUCOP_clean,0.0094769213,0.0477227885,0.0934415361,0.4482209592,0.8328245808,3.1420276243,5.587801355,9.40178e-06
EWUGEK_clean,0.0031473863,0.0155151052,0.0320175188,0.1383977206,0.2478471241,0.6498398097,0.9339500603,3.24059e-06
EWUKAK_clean,0.0057410774,0.0289964731,0.0578190505,0.2811325951,0.5438851738,2.3893844862,5.1225002287,5.77508e-06
EWUKEO_clean,0.0072432386,0.0348605674,0.0697929811,0.3419466591,0.6480949679,2.6797922057,5.6539026642,7.0172e-06
EWUKIS_clean,0.0070413644,0.0366457418,0.0734036072,0.3542863971,0.6743451855,2.6958913663,5.5522839804,7.26904e-06
EWUSOF_clean,0.0016510592,0.0085162149,0.0162731992,0.0837335121,0.1642803943,0.7985630314,2.2729097422,1.66551e-06
EWUSUL_clean,0.001481376,0.0073496103,0.0146782217,0.0741967021,0.1480383321,0.7124330414,2.0206903983,1.48325e-06
EWUTEW_clean,0.0047220885,0.0235209187,0.0465398251,0.2262851535,0.4203633292,1.6045151183,3.1781128524,4.72319e-06
EXALAR_clean,0.0035706671,0.0177028929,0.0354927606,0.1767656539,0.3530353165,1.6225520541,4.2480267032,3.53689e-06
EXALIZ_clean,0.001505596,0.0078752761,0.0154992962,0.0774489461,0.1504722935,0.7003757203,1.8058615423,1.56485e-06
EXAPEA_clean,0.0066435826,0.0325593597,0.061545717,0.2644402096,0.4442513052,0.9769249117,1.3037415363,6.61144e-06
EXAXAE01_clean,0.0038897851,0.0201237347,0.0389761435,0.1783833062,0.3279312504,1.1081923087,2.4436723396,4.01776e-06
EXAXAE_clean,0.0041768587,0.0204816446,0.04218242,0.1883463755,0.3413566012,1.1317621693,2.4629336107,4.30576e-06
EXEMUR_clean,0.0022649929,0.0118127313,0.0231765146,0.1124158848,0.2149751687,0.7631203295,1.4645660161,2.37252e-06
EXENAX_clean,0.0026701488,0.0128780041,0.0256103062,0.1234128204,0.2400694993,0.9472487479,1.9287588623,2.57569e-06
EXEQAA_clean,0.0070147746,0.0355459473,0.0708388876,0.3453669605,0.678368973,2.9833912146,6.0250542718,7.10431e-06
EXEQII_SL,0.0070163174,0.0351679795,0.0703832692,0.3484359566,0.6791778756,2.9638623618,5.9991138501,7.05327e-06
EXEWIO_clean,0.0148535241,0.0736564814,0.1417743793,0.5925605447,1.0328456344,2.7144503114,4.2170142759,1.49593e-05
EXEXAH_clean,0.0028494001,0.0139279836,0.0282136528,0.1387771431,0.2753767548,1.290142622,3.4801228908,2.78697e-06
EXIDOF_clean,0.0087439867,0.0444504952,0.0891714752,0.4250806117,0.8190074527,2.9768686752,5.3189603141,8.90414e-06
EXOFIH_clean,0.0242593531,0.1182097563,0.2340589426,1.0346704005,1.8450652367,4.5661831247,6.2997663725,2.40606e-05
EXOTOB_clean,0.0024302932,0.0124175128,0.0245659895,0.123266384,0.2470947546,1.1925744648,3.4922117497,2.47951e-06
EXOTUH_SL,0.0077065106,0.0383757664,0.0764730065,0.3779141446,0.7204222408,2.8310303691,5.4437200581,7.75835e-06
EXOZIB_clean,0.0038322968,0.018556273,0.0368120566,0.1834783495,0.3641274439,1.674895672,4.4920083466,3.69232e-06
EXUHEM_clean,0.0069816056,0.0350320212,0.0711399817,0.3189739828,0.5712837311,1.7012099072,2.7730513643,7.13305e-06
EXUHUC_clean,0.0021422132,0.0103517336,0.0207310267,0.098593744,0.1879148107,0.6816096147,1.4990149799,2.1283e-06
EYACOX_clean,0.0052293087,0.0255614965,0.0511645241,0.2546976689,0.4988157385,2.1781984732,5.1015138465,5.17562e-06
EYINOR_clean,0.0056045748,0.0276716195,0.0550419178,0.2714336037,0.5229145768,2.2829525179,5.2651131917,5.50815e-06
EYIYES_clean,0.0046184767,0.0229566496,0.0462975846,0.2279553172,0.4586588043,2.0256744507,4.853733426,4.65566e-06
EYOCIG_clean,0.0046569016,0.022833083,0.0456625546,0.2286305763,0.4520661522,2.0245496108,4.9205447353,4.63338e-06
EYOCOM_clean,0.0047316006,0.0230964196,0.0460062261,0.2308037433,0.4524337973,2.0158693823,4.8206638328,4.68171e-06
EYULOA_clean,0.0129396633,0.0651005633,0.1222297173,0.5295241813,0.9072412422,2.1984336517,3.0564940813,1.29316e-05
EYUWAW_clean_h,0.0067294281,0.033063488,0.0655099302,0.3219105789,0.5990047635,2.3341388046,4.4360259525,6.67444e-06
EZABEN_clean,0.0049267898,0.0246074157,0.0493680021,0.2362422866,0.4412088047,1.5833846244,2.7098031591,4.92014e-06
EZEQEH_clean,0.0109988003,0.0545515423,0.1074014599,0.4746371329,0.8221335912,2.1510913844,3.0095103238,1.11374e-05
EZEQIL_clean,0.0105379052,0.0518967866,0.10180435,0.4701351097,0.8295466277,2.375173044,3.55841056,1.04896e-05
EZEQOR_clean,0.0104014803,0.0508680687,0.1015444051,0.4720505897,0.8408072164,2.4596293029,3.6789364683,1.04498e-05
EZEQUX_clean,0.010486285,0.0531522648,0.1067322402,0.4915482953,0.8733777503,2.5081265274,3.7198473596,1.08604e-05
EZESAF_clean,0.0108684833,0.0524369536,0.1040235991,0.4523754962,0.7582429094,1.8343077908,2.535578126,1.07653e-05
EZIMEG_clean,0.0190836379,0.0930219031,0.1834317652,0.8288233877,1.5334324707,4.7669003479,7.6103553275,1.87711e-05
EZIMIK_clean,0.0175185356,0.0876015203,0.1726582018,0.784153421,1.4438237287,4.6382648501,7.4934466024,1.74809e-05
EZIPEK_clean,0.0062354389,0.0307612312,0.060549429,0.2862396829,0.5506834172,2.1053106201,4.0272609495,6.16523e-06
EZITUE_clean,0.0051491779,0.0250285262,0.0501814128,0.2271666503,0.3963780496,1.0739174469,1.4798476896,5.10232e-06
EZIVAM_clean,0.0057154344,0.0278551744,0.0562678406,0.2554729496,0.4503243667,1.12558415,1.5170485673,5.81337e-06
EZOBUR01_clean,0.0214585749,0.1056677471,0.1951259359,0.7313569383,1.1187098196,2.0148630268,2.4764433635,2.17455e-05
EZOBUR02_clean,0.0049346353,0.0242039153,0.0492853864,0.2303057685,0.4275840282,1.3326637688,2.2007291256,5.00142e-06
EZOBUR_clean,0.0041368913,0.0217562788,0.0416792275,0.2027190966,0.3850012268,1.2638726478,2.3108545382,4.32125e-06
EZOFEF_clean,0.0157054312,0.0766450021,0.151248492,0.6449735826,1.1316653621,3.6401541411,6.4375944274,1.57999e-05
EZOFUV_clean,0.006741847,0.034452786,0.0672117958,0.3392303554,0.673167957,3.0312322748,6.7034127496,6.80822e-06
EZUCIM_clean,0.0109609716,0.0571153704,0.1139804525,0.5429600742,1.0081673722,3.5288722895,5.8941771479,1.15127e-05
EZULAO_clean,0.0072147996,0.036631109,0.0719608749,0.3424552585,0.6265648386,1.9441003707,3.1925094894,7.36833e-06
FABCUI_clean,0.005360433,0.0263410225,0.0521622116,0.2488465044,0.4660474494,1.7310257976,3.2846304851,5.28252e-06
FABGUM_clean,0.0034203844,0.0169999709,0.0340171729,0.169017533,0.3362688725,1.3851953638,3.1343371436,3.43506e-06
FAFDEX_clean,0.0075766266,0.0365883288,0.0724685616,0.3369643124,0.6073069126,1.8224046034,2.877287158,7.33572e-06
FAFMAC_clean,0.0025529581,0.0127815313,0.0255442294,0.1269280558,0.2476725123,1.0602163062,2.3822593941,2.57757e-06
FAFQEJ01_clean,0.0017560059,0.008503535,0.0171719033,0.0838868347,0.1662569376,0.7668534946,2.0308866291,1.70713e-06
FAGMAE_clean,0.0043495911,0.0211762778,0.0433114015,0.205453905,0.3997479933,1.6050596225,3.0184105621,4.29776e-06
FAGMEI_clean,0.0073781225,0.037581768,0.0751907588,0.340137724,0.6475741148,2.1479531741,3.4292737571,7.57676e-06
FAGMOS_clean,0.0075316286,0.0369843798,0.0743967618,0.3427639636,0.6476421717,2.1612976168,3.4745905682,7.5466e-06
FAGQAI_clean,0.0038415191,0.0187798959,0.0378086351,0.1915056877,0.375211692,1.7916746464,5.1106097447,3.77578e-06
FAGREM_clean,0.0042407202,0.0211272973,0.042524592,0.2079317552,0.4059909964,1.7110484218,3.5507095228,4.2172e-06
FAGXIX_clean,0.0228385771,0.1112552282,0.2191799728,0.9199569681,1.5519324368,3.4765328826,4.6466529984,2.28149e-05
FAHGAY_clean,0.0094681025,0.0470848153,0.0929812474,0.4586453079,0.8848876909,3.5099410265,6.8582619329,9.41778e-06
FAHPOV_clean,0.0046948002,0.0232842239,0.0468370557,0.2262525844,0.4392134536,1.9673694751,5.2231857118,4.64739e-06
FAHQIQ_clean,0.012169441,0.0586304031,0.1189276732,0.5435587386,0.9956865456,3.4773823212,6.7016581201,1.21197e-05
FAHQIR_clean,0.0100767201,0.0491714279,0.097740097,0.4113904887,0.712130053,1.7899939922,2.5151289942,1.00984e-05
FAJYAS_clean,0.0042462371,0.020961658,0.0416695505,0.2039249829,0.4013419061,1.8052922547,4.4489594099,4.13495e-06
FAJZOI_clean,0.0212453171,0.1029149857,0.1982177487,0.8149655944,1.3613542889,2.9855175838,3.8970604675,2.11484e-05
FAKHIK_clean,0.0108550226,0.0565201329,0.110049829,0.4879384391,0.8951868246,2.6182773993,4.0426242123,1.11185e-05
FAKLIO_clean,0.0047908743,0.0245516285,0.048262483,0.245352232,0.4808689452,2.2352260954,5.6089115653,4.88327e-06
FAKLOU_clean,0.004378709,0.0223867027,0.0439551618,0.2180641318,0.4384989585,2.0045420255,4.9176794401,4.42828e-06
FAKLUA_clean,0.0060036118,0.0299607629,0.0593336203,0.2985837766,0.5851752764,2.6864319179,6.1753001064,6.00309e-06
FAKMAH_clean,0.0058290252,0.0285280029,0.0564965578,0.2817195561,0.5571890591,2.4928426066,5.815729173,5.71253e-06
FAKNIR_clean,0.0059247794,0.0293510022,0.0589255809,0.2886406553,0.5595332754,2.3031051139,5.0257188051,5.91273e-06
FALBAX_manual,0.0045714322,0.0229557744,0.0456773421,0.2282845755,0.45630853,2.1879198592,6.1020431631,4.61771e-06
FALDAA_clean,0.0059349417,0.0293815117,0.0587332456,0.2821032851,0.5453778474,2.1007723608,4.0760290659,5.88578e-06
FALLOT_clean,0.0024378173,0.0125660416,0.0252859958,0.1216299961,0.2349995872,0.879411611,1.6768530828,2.54227e-06
FALPOY_clean,0.0272650749,0.137026719,0.2651592235,1.0742026946,1.7740584592,3.654282048,4.6900891589,2.75648e-05
FALRIV01_clean,0.0115105194,0.0574173042,0.1132643012,0.5306194383,0.9750118307,3.0330401002,4.8854554085,1.17812e-05
FALRIV_clean,0.011965042,0.0594117313,0.1175739054,0.5448662143,0.9966571405,3.0797616815,4.9323882896,1.21117e-05
FALROB_clean,0.0107945322,0.0523537094,0.1049552021,0.4854636038,0.8857216976,2.9544016059,4.8473287132,1.07147e-05
FALSAO_clean,0.0115019088,0.0580175924,0.1138228648,0.527876186,0.9719936587,2.9861409261,4.747089167,1.16494e-05
FALVOF_clean,0.0021393273,0.0109998088,0.0213902517,0.1064627587,0.2118105289,0.9596625586,2.3935225324,2.15968e-06
FAMPUH_clean,0.0064412851,0.0327328156,0.0654020576,0.3211081075,0.6221421903,2.6671141658,6.5015555027,6.5887e-06
FAMQAO_clean,0.0064412851,0.0320436769,0.0630320308,0.3084060865,0.601658751,2.5886744182,6.3393587051,6.34635e-06
FAMQES_clean,0.0067540676,0.0334931568,0.067352498,0.3261431428,0.6347984382,2.706649365,6.5516337608,6.69622e-06
FANCIJ_clean,0.0077576818,0.03656568,0.0725488381,0.3426819743,0.6748427667,2.4453139466,4.7092846259,7.44497e-06
FANCOP_clean,0.0105845206,0.0520264927,0.1016439076,0.4788125345,0.8623122845,2.7444000923,4.8990950513,1.04534e-05
FANDEG_clean,0.0094829398,0.0472112896,0.0923742478,0.4235652071,0.7745194103,2.5782062851,4.7474704548,9.28593e-06
FANQER_clean,0.001060967,0.0052217049,0.0104899063,0.0513547489,0.1035675708,0.4775450601,1.2370325953,1.05147e-06
FAPXEC_clean,0.0074296517,0.0377771642,0.0746955004,0.371811691,0.7146035591,3.0587015075,5.9434305967,7.50175e-06
FAPXIG_clean,0.0080100967,0.0389909228,0.0772958481,0.3815776407,0.740562643,3.0951280687,5.9851541935,7.79806e-06
FAPXOM_clean,0.0078787836,0.0400414273,0.0775924344,0.3851661097,0.7537731896,3.1209944775,6.032897811,7.84903e-06
FAQGEL_clean,0.0086228333,0.0434075651,0.0869556528,0.3901909271,0.7079895863,2.2055722018,3.4008275347,8.63127e-06
FAQGIP_clean,0.0095265779,0.0483867511,0.0943685904,0.4356166413,0.8038194352,2.5226482489,3.9478395645,9.67584e-06
FAQLUH_clean,0.0074251434,0.0370152643,0.0746932462,0.3664806454,0.7195671796,3.0042211517,5.9147534033,7.44081e-06
FARBIL_clean,0.006919536,0.0340847049,0.068417053,0.3273472807,0.6163613288,2.1710426162,3.6976260525,6.92563e-06
FARFIO_clean,0.0022001054,0.0110459513,0.0218489824,0.1085477513,0.2152568148,0.9793609374,2.4910901162,2.1923e-06
FARFOU_clean,0.0023166281,0.0117944611,0.0230912323,0.1139729664,0.225714228,1.0161623419,2.5602334657,2.30805e-06
FARFUA_clean,0.0022850287,0.0118774094,0.0235118987,0.1164199418,0.2270335013,1.0045397023,2.4511406254,2.34056e-06
FARHIR_ion_b,0.0070836213,0.035524338,0.0704277715,0.3112763906,0.5376619676,1.4812909884,2.2958634807,7.25272e-06
FARHOX_ion_b,0.0073628787,0.0362660312,0.0723510241,0.320349177,0.5984193598,1.8243212803,2.9350343253,7.3718e-06
FASGIS_clean,0.0072280549,0.0351791115,0.0687164233,0.2924516526,0.481005972,1.1706284092,1.6612271313,7.1952e-06
FASHAK_clean,0.0032775068,0.016102681,0.032079891,0.1544836652,0.305688128,1.2853608618,2.8341600248,3.20322e-06
FASHOX_clean,0.0018072902,0.009211607,0.0183177223,0.0905190992,0.1760907084,0.7157705236,1.4385884174,1.85493e-06
FASVIH_clean,0.0038068569,0.0188079744,0.0371487803,0.1849663652,0.366040199,1.6299829548,3.8220147835,3.72897e-06
FATKAO_clean,0.0023792461,0.0117618044,0.0232068148,0.1138315556,0.2236707531,0.8820403888,1.7368101616,2.3564e-06
FATKES_clean,0.0024154818,0.0122177192,0.0237806567,0.1144172498,0.2256551058,0.8981714158,1.7519638349,2.37676e-06
FATKIV_clean,0.0044475829,0.0222726873,0.0447109585,0.2091340925,0.3701478544,1.2984922049,2.6813642977,4.54599e-06
FATKIW_clean,0.0024627585,0.0125283619,0.0252703353,0.1239339392,0.2348615249,0.8978129324,1.7113834314,2.54411e-06
FATKOC_clean,0.0024700692,0.0121109685,0.0236659331,0.1169859097,0.2262106522,0.8929548048,1.7361467757,2.43083e-06
FATKUI_clean,0.0023638902,0.0117100297,0.0235097651,0.1139852462,0.2222372208,0.9008422674,1.8235470687,2.36484e-06
FATLUJ_clean,0.0036129843,0.0175939983,0.0357296869,0.1721918979,0.3300965531,1.2367407364,2.4021366131,3.56531e-06
FATQID_clean,0.0034122342,0.0169417925,0.0343163319,0.1709400001,0.3434219719,1.6765758996,4.7053764353,3.4606e-06
FATVOM_clean,0.0080859143,0.0398291465,0.0782436121,0.3532425849,0.6287471045,1.7059183431,2.4477620411,8.11136e-06
FAVDAK_clean,0.0103742855,0.0490498758,0.0941535745,0.3634866198,0.5800034113,1.4002018513,2.1991569792,1.0249e-05
FAVDEO_clean,0.0058870615,0.0286254352,0.0552737649,0.2096639153,0.3548533886,1.0357123475,1.9131334398,5.99945e-06
FAVDIS_clean,0.0030826089,0.0147194977,0.0298661038,0.1348774594,0.2405113115,0.719273247,1.1508941968,3.02695e-06
FAVFUG_clean,0.0073271526,0.0373649924,0.0745375685,0.357778377,0.6679128332,2.5773632186,5.082985875,7.50315e-06
FAVGAN_clean,0.0027796217,0.0137953935,0.0273260988,0.1322224472,0.2547193791,0.9979213179,1.9351041886,2.76476e-06
FAVGER_clean,0.0026308824,0.0127541276,0.025495093,0.1244450724,0.2362730585,0.9184303547,1.8074897492,2.56773e-06
FAVGIV_clean,0.0029442087,0.0143371048,0.0288962219,0.1373543117,0.2649013837,0.9307762911,1.6280282548,2.92065e-06
FAVGOB_clean,0.0029065277,0.0149878656,0.0290428722,0.1385081645,0.2653861445,0.934757236,1.6193697759,2.9397e-06
FAVGUH_clean,0.0029064947,0.0145405921,0.0284296586,0.1373785565,0.2605676547,0.9165292041,1.6132425695,2.88099e-06
FAVHAO_clean,0.0029785482,0.0149252156,0.02998236,0.1448782059,0.2710651341,0.9455494981,1.6435730187,3.01144e-06
FAVHES_clean,0.0029537739,0.014547961,0.0288100406,0.1407275823,0.2643942468,0.9022244759,1.5635029714,2.94194e-06
FAVHIW_clean,0.0031736826,0.0157844477,0.030953151,0.1502126449,0.2791691136,0.9483673215,1.649020472,3.11099e-06
FAVKAP_clean,0.0050727951,0.0256740094,0.0503938629,0.2517394617,0.4960006933,2.1212649114,4.8416862591,5.11593e-06
FAWCEN02_SL,0.0028009563,0.0137728942,0.0279261651,0.1381927166,0.2728644053,1.2692318985,3.3238828687,2.76005e-06
FAYLIC_clean,0.0117969152,0.0581204495,0.1149405305,0.5385029375,0.9784753918,3.1587652803,5.0560027467,1.18136e-05
FAYPAY_clean,0.0046506839,0.0232382521,0.0461257596,0.2280370795,0.4508054063,2.0150277609,5.0757446348,4.61021e-06
FAYPEC_clean,0.0045879015,0.0233128014,0.047320583,0.230348093,0.448635527,1.9338649962,4.5383686892,4.6895e-06
FAYPIG_clean,0.0044806778,0.0224755415,0.0450051974,0.2226196972,0.4377138761,1.8918218841,4.629965153,4.49663e-06
FAYPOM_clean,0.0044797276,0.0225682847,0.0454334507,0.2243256747,0.4434223498,1.8796071253,4.3681090803,4.53759e-06
FAYQAZ_clean,0.0037737762,0.0193440587,0.0381144481,0.1876226818,0.3667802859,1.6198467635,4.0074306185,3.82561e-06
FAYQED_clean,0.0065728024,0.0327756928,0.065292626,0.3167495755,0.5871765438,2.3972723983,5.5578792619,6.6195e-06
FAYQUT_clean,0.0056637374,0.028390704,0.0565805605,0.2670142507,0.5092258447,2.1395916268,4.7519965,5.69003e-06
FAZFET_clean,0.0028998212,0.0134144659,0.0249664112,0.1175656504,0.2146784155,0.7236737205,1.5196789865,2.60551e-06
FAZPED_clean,0.0027153635,0.0131776231,0.0260729664,0.1270764826,0.245668771,0.9443808756,1.7979224155,2.63378e-06
FAZZEM_clean,0.0012385268,0.0060700632,0.0119550685,0.058732288,0.1150764464,0.4962270693,1.1401432556,1.19257e-06
FEBPUY_clean,0.0081981936,0.0412137315,0.0816624778,0.3772490935,0.6861794993,2.195860076,3.4851074087,8.22207e-06
FEBXIV_clean,0.0045358231,0.0231524186,0.0465349151,0.2302094543,0.4578584693,2.1899183794,6.3287320188,4.63489e-06
FECCIZ_clean,0.2064454084,0.8731397696,1.4898091339,3.3656032098,4.0858530742,5.1110608623,5.4426133689,0.000216711
FECFAV_clean,0.0005129597,0.002651712,0.0050279141,0.0248413382,0.0495469096,0.1987301372,0.4107313319,5.08146e-07
FECJUT_clean,0.0067132898,0.033070462,0.0672502585,0.3241366338,0.6032124928,2.4096882281,4.9152053503,6.71475e-06
FECKAA_clean,0.0107282875,0.0547900012,0.1074116077,0.4896776944,0.8657662803,2.6997416984,4.3858901088,1.09852e-05
FECXAO_clean,0.0099702827,0.0495539555,0.0987578538,0.4754248679,0.8966180726,3.3481322926,6.1008517092,9.97124e-06
FECXES_clean,0.0099941919,0.0507782368,0.0986111655,0.4212472675,0.7489707201,2.6312362736,5.973402962,1.01333e-05
FECXUI_clean,0.0064324559,0.0315268494,0.0634461703,0.3039411869,0.5820777938,2.3421258341,5.171315666,6.39016e-06
FECYUJ_clean,0.0068279818,0.0344438652,0.0674104004,0.326717484,0.6276258423,2.4862836466,5.4214531801,6.84931e-06
FECZAQ_manual,0.0047203189,0.0238121253,0.0478310877,0.2323704419,0.4652376624,2.050468869,4.7097222197,4.81442e-06
FEDBEX_clean,0.002201911,0.0110680244,0.0221267468,0.1092450818,0.2127707764,0.9049388976,2.0065548216,2.21578e-06
FEFCUQ_clean,0.0059044885,0.0297626942,0.0589552998,0.2914577694,0.5759360262,2.4886849015,5.910425583,6.0062e-06
FEFDAX_clean,0.0055460902,0.0291848309,0.0570003568,0.2823887612,0.554357841,2.4263759557,5.9439380594,5.72506e-06
FEFDEB_manual,0.0038834984,0.0181431514,0.0372064198,0.183358144,0.3683318923,1.748200633,5.0014318325,3.68807e-06
FEFZOF_clean,0.0037993437,0.0194255741,0.0388241462,0.1874607612,0.3556134864,1.3430219313,2.4748117898,3.91778e-06
FEGNIQ_clean,0.0046856723,0.0235237159,0.0468722457,0.2290025315,0.4319577811,1.709142765,3.3831185947,4.76865e-06
FEHCIG_manual,0.0054163994,0.0267206553,0.0528918478,0.2632466956,0.5180484274,2.3363344463,5.331431949,5.33428e-06
FEJDII01_clean,0.0078452738,0.0391564062,0.0780316149,0.36566968,0.6508792218,2.0486161348,3.1604411851,7.8837e-06
FEJDII_clean,0.0079939452,0.0392805232,0.078802217,0.3638133061,0.6670766649,2.0829171762,3.214148213,8.0077e-06
FENROG_clean,0.0017892279,0.008890992,0.0174866388,0.086438089,0.1706617022,0.7548862716,1.8841929869,1.747e-06
FEQSIF_clean,0.0087805871,0.0429739922,0.0834175501,0.3908150187,0.7140281946,2.6215200252,6.0283523331,8.7319e-06
FERHAN_clean,0.0084036971,0.0421908553,0.0821806791,0.3533981348,0.6454458337,2.2794226104,5.1572632338,8.60355e-06
FERVEF_clean,0.0035478547,0.0174859419,0.0348102864,0.171923934,0.3179764745,1.2118645327,2.1002345834,3.55424e-06
FERVIJ_clean,0.003698517,0.0183868783,0.0362646638,0.1783295127,0.3429438942,1.2644687682,2.3103082827,3.68263e-06
FERVUV_clean,0.005065971,0.0247978051,0.0491880488,0.2375091174,0.4450561365,1.6686185648,2.9238280479,4.96793e-06
FERWAC_clean,0.0057090298,0.0279187413,0.0562038121,0.2685638605,0.5080513152,1.8063100544,3.200575644,5.61234e-06
FESTUT_clean,0.0135953577,0.0664399571,0.1310393492,0.5433824214,0.92055496,2.1329232288,2.9968465058,1.3692e-05
FEVNOL_clean,0.1936005556,0.8082851945,1.3075739398,2.4967771494,2.8392316525,3.2989865547,3.5059153523,0.000209799
FEVSAC_clean,0.0024884113,0.0124326706,0.0243784527,0.1213572727,0.2345535889,0.9250085292,1.8509720639,2.49281e-06
FEWGUL_clean,0.0080308045,0.0402599897,0.0798791299,0.3393323971,0.586642321,1.4782903749,2.106988242,8.14309e-06
FEWQIJ_manual,0.0036955929,0.0188972226,0.0373513822,0.1751867464,0.3318314008,1.15830919,1.925639032,3.74698e-06
FEWQOP_clean,0.003777751,0.0184987169,0.0365053373,0.1759292698,0.3276682749,1.1777239555,2.0066250217,3.68932e-06
FEWWEL_clean,0.0239839306,0.1172795393,0.230703295,0.9957403348,1.7591517694,4.8104020504,7.9082631655,2.41529e-05
FEWWIP_clean,0.0335121573,0.163898121,0.3282277107,1.3384253063,2.216223061,5.4930527429,8.4964651476,3.41921e-05
FEWWOV_clean,0.0122491843,0.0612265511,0.1210531451,0.5593717863,1.041617383,3.5639244776,6.2661322219,1.22781e-05
FEWWUB_clean,0.0098897513,0.0489978969,0.09678752,0.4264526262,0.7842721578,2.5825716884,4.9041397776,9.84783e-06
FEWXEM_clean,0.0050959531,0.0267914729,0.0529209338,0.2665414388,0.5288213677,2.5090194347,7.046154291,5.29116e-06
FEWXIQ_clean,0.0050312914,0.0252334353,0.0490874222,0.2473122987,0.4926939856,2.3479134188,6.6331018921,4.9351e-06
FEXCES_clean,0.0110229031,0.0543895274,0.1060225578,0.5058827635,0.9263897028,3.1892963785,5.6582569921,1.08605e-05
FEYDET_clean,0.0153675675,0.0748373257,0.1446302176,0.5924890045,0.9575669854,2.0113080334,2.5531631301,1.52917e-05
FEYJID_clean,0.0049626827,0.0241760549,0.0487988056,0.2412321399,0.4642314598,1.9996233958,4.4482361149,4.82111e-06
FEYJOJ_clean,0.0067742889,0.0340098391,0.0684207874,0.3366784072,0.6586213285,2.8870128849,6.5219443301,6.80437e-06
FEYQIK_clean,0.00436974,0.0209483043,0.0412956964,0.2038045201,0.3903945591,1.4893754291,2.9566007295,4.21122e-06
FEYQUW_clean,0.0035503806,0.0180903817,0.0359662201,0.1778054358,0.341895717,1.3295816101,2.6947347221,3.65239e-06
FEYZUF_clean,0.0066800865,0.0332513321,0.0664899121,0.3156630231,0.5597363148,1.757292387,2.8324371006,6.73249e-06
FEZCIX_clean,0.0008183177,0.004191135,0.008437138,0.0420759539,0.0838720808,0.4057891845,1.2404340805,8.39475e-07
FEZQEI_clean,0.0026859091,0.0134119995,0.0262409272,0.1283041242,0.2495466019,0.9711397075,1.9833832724,2.63383e-06
FEZREJ_clean,0.005769898,0.0284920516,0.0570200953,0.2805692015,0.5298091849,2.2092069365,4.4553044833,5.68196e-06
FEZTIP_clean,0.0074277088,0.0369601599,0.0742126713,0.3524544435,0.675247603,2.3419704489,4.050001563,7.48776e-06
FIBHIJ_clean,0.0036392045,0.0178808544,0.0355778609,0.1714004569,0.3290041102,1.098841128,2.0310831852,3.62486e-06
FIBKEI_clean,0.0067300217,0.0329029668,0.0652829345,0.3173301968,0.6118457542,2.4926099885,5.9577416354,6.59982e-06
FIDMIP_clean,0.0034717343,0.0181154549,0.035306199,0.169115554,0.3137455051,1.0895527337,1.7748921735,3.60593e-06
FIDRIV_clean,0.0025531372,0.0128630909,0.0253871372,0.1280483517,0.2549802914,1.1882708716,3.2961693869,2.5619e-06
FIFGAE_clean,0.0057353003,0.0288377935,0.0574786848,0.2869891463,0.5769108785,2.6735527378,6.6834828033,5.76254e-06
FIFGEI_clean,0.0044833307,0.0224686842,0.0461543137,0.2230709928,0.4469369023,2.0711079815,5.7332404578,4.53439e-06
FIFGIM_clean,0.0053165435,0.0271331828,0.0545653593,0.2699992269,0.5359630289,2.3595235942,6.0567529,5.49747e-06
FIFMIS01_clean,0.0101622221,0.0504531974,0.1000247617,0.4518032255,0.7983033258,2.2406664958,3.2063646159,1.01566e-05
FIFMIS_clean,0.0104789697,0.0489575086,0.0971111416,0.4425203495,0.7969425691,2.2320354108,3.2104057201,1.01752e-05
FIFMOX_clean,0.0052866845,0.0259551033,0.0532557938,0.2533517665,0.494158986,2.1905037298,4.8919730673,5.22748e-06
FIFMOY_clean,0.0101839485,0.0504417625,0.0990585101,0.4431961539,0.7988762158,2.2147446534,3.1469761643,1.02311e-05
FIFMUD_clean,0.0050462154,0.0252032812,0.0511380994,0.250890654,0.4836444973,2.0933644726,4.6823509393,5.06694e-06
FIFNUE01_clean,0.004444808,0.0208492193,0.0430785983,0.2128275497,0.4195952111,1.8338957323,4.364849475,4.26261e-06
FIFNUE_clean,0.0046076508,0.0220451797,0.0449232603,0.2206573526,0.4416270431,1.9142199526,4.4321729657,4.46479e-06
FIFPAM01_clean,0.0045183823,0.0215257764,0.0437436054,0.2175182911,0.4379223617,1.9049136425,4.4839560311,4.43073e-06
FIFPAM_clean,0.0036606646,0.0187014535,0.0375952922,0.1847967596,0.3655667883,1.6383504623,3.9451382726,3.73656e-06
FIHFAF_clean,0.0067711264,0.0329870962,0.0671717361,0.3219045925,0.5947812145,2.1641801341,3.8412866681,6.76375e-06
FIHHOV_clean,0.0044134642,0.0225564303,0.0441989383,0.2068702282,0.3905640285,1.250698147,2.2410822748,4.55757e-06
FIHHUB_SL,0.004302933,0.0213720344,0.0437349746,0.2127954991,0.4282469258,1.9655815787,4.9819000509,4.35341e-06
FIHRIZ_clean,0.007819149,0.0398655559,0.0789637217,0.3777254163,0.7271639112,2.6540200952,4.9349796349,7.8926e-06
FIJCUX01_clean,0.0056236092,0.0273085448,0.0554116692,0.2677341595,0.5320120842,2.2274379356,4.6360213704,5.47745e-06
FIJDIM01_clean,0.0077381241,0.0400051997,0.080262607,0.3703591295,0.6745567347,2.2779476098,3.8143541155,7.99662e-06
FIJDIM02_clean,0.0079748329,0.0388864687,0.0783407568,0.3682766555,0.667687952,2.2765386287,3.8287468572,7.90022e-06
FIJDIM03_clean,0.0078621144,0.0386187623,0.0783139861,0.3691516327,0.6747427202,2.2967236916,3.8570490601,7.92941e-06
FIJDIM04_clean,0.0077493959,0.0388963316,0.0778419775,0.3639891261,0.6730956213,2.2987709411,3.8795265351,7.82115e-06
FIJDIM05_clean,0.0077099444,0.0386610317,0.0773615149,0.3640623931,0.6678852093,2.2957374048,3.89361071,7.79252e-06
FIJDIM06_clean,0.0076930367,0.0385426773,0.0758849028,0.3608921857,0.6683614449,2.294979373,3.9313629489,7.73869e-06
FIJDIM07_clean,0.0078409797,0.038339784,0.0761737439,0.365410788,0.6685882909,2.2978255148,3.952056654,7.73653e-06
FIJDIM08_clean,0.0076761289,0.0382876517,0.0772023001,0.360794966,0.6580716561,2.3092918028,3.9880814821,7.70598e-06
FIJDIM09_clean,0.0075690463,0.0383116044,0.0766584334,0.3628365796,0.668059923,2.3150305827,4.0024150466,7.65345e-06
FIJDIM10_clean,0.0071195814,0.0359881946,0.0717861768,0.3369141457,0.6240250374,2.1219931305,3.6291069197,7.23214e-06
FIJDIM11_clean,0.0076042709,0.0377973263,0.0745731414,0.3527834996,0.6529824165,2.2237384719,3.7681930775,7.57142e-06
FIJDIM12_clean,0.007819845,0.0386948473,0.0771896192,0.3647302501,0.6658788203,2.2761243882,3.8601107759,7.81018e-06
FIJDIM_clean,0.0080452819,0.0389526908,0.0765908023,0.3690501861,0.6756360142,2.2503513064,3.7832367685,7.87022e-06
FIJDOS_clean,0.00420451,0.0202924459,0.0413833896,0.2050053407,0.4060370006,1.8452925745,4.4529265853,4.1078e-06
FIJDUY_clean,0.0035568099,0.0176934869,0.0353283743,0.1759351265,0.3424641511,1.4642745482,3.2049308086,3.54867e-06
FIJFEK_manual,0.0054885138,0.0274122142,0.0544203311,0.2631621887,0.5122397849,1.9367054679,3.6740050533,5.49529e-06
FIJFIO_clean,0.0121813997,0.0619331355,0.1236017773,0.5875725306,1.0976484367,3.3269425336,4.8496272861,1.23598e-05
FIJFOU_clean,0.0058427475,0.029495376,0.0584508062,0.2762089731,0.5123469638,1.7118550306,3.0156493081,5.92087e-06
FIJFUA_clean,0.0054039115,0.0270540075,0.0534566017,0.2626135026,0.5008741705,1.8978080102,3.4939224193,5.41286e-06
FIJXUR_clean,0.0010216887,0.0051047247,0.0101713336,0.0489852767,0.098204826,0.444289543,1.1186022021,1.01106e-06
FIJYED_clean,0.1976166491,0.7556403809,1.2066371818,2.3221212315,2.7386887912,3.4418355375,3.7497128031,0.000211886
FIJZEE_clean,0.0221205512,0.1066641545,0.2071772361,0.8519235899,1.3724739135,2.6684937241,3.3246611203,2.1875e-05
FILYEG_clean,0.0034838109,0.0177109556,0.0354253657,0.1733683887,0.3475744811,1.5643762023,3.8921318993,3.54157e-06
FIMNIA_clean,0.0014092886,0.0068259418,0.0140789408,0.0701742032,0.1392764058,0.6445791269,1.7203935792,1.41453e-06
FIMXUW_clean,0.0022102674,0.010771148,0.0220825164,0.1031609294,0.2006999384,0.7004189185,1.3173445581,2.20822e-06
FIMZAE_clean,0.0041528133,0.0202936072,0.0416666808,0.2016017982,0.385228553,1.6155226898,3.3884197762,4.18303e-06
FINQOK_clean,0.0017023108,0.0081787576,0.0160808078,0.0814893673,0.1581859024,0.7458374385,1.9800501878,1.62004e-06
FINQUQ_clean,0.0015695661,0.0078394172,0.0156003093,0.0787578175,0.1551795149,0.7303651998,1.9316273438,1.5832e-06
FIPJAR_clean,0.0060384438,0.0301488988,0.0605426502,0.2875060162,0.5294129296,1.7340881125,2.9904215604,6.08304e-06
FIPJEV_clean,0.0183474396,0.0882630406,0.1758142432,0.7115002015,1.1877379772,2.7009437906,3.6256200071,1.84997e-05
FIPKOG01_clean,0.0075065458,0.0372946094,0.0739095378,0.3528515776,0.6808739893,2.5702024434,4.8608733276,7.39801e-06
FIPKOG_clean,0.0072707381,0.0372876739,0.0736182459,0.3586589207,0.6737373379,2.563717731,4.8484610565,7.35984e-06
FIPKUM_clean,0.0081762913,0.0406456986,0.0812286956,0.4005981466,0.7568938362,2.8113124387,5.1168510321,8.35639e-06
FIPWOS_clean,0.0151956203,0.0766057074,0.1476061191,0.6570442338,1.1062987007,2.5446567709,3.196620812,1.53802e-05
FIPXAF_clean,0.0217077078,0.1059247126,0.2088040071,0.8415968401,1.3821396701,2.8156279486,3.4496548639,2.17126e-05
FIPXEJ_clean,0.0085347235,0.0414112122,0.0813729961,0.3813992788,0.7027210095,1.9537737282,3.070865815,8.44234e-06
FIQKIB_clean,0.0041051468,0.0204363037,0.0408581831,0.1921543358,0.3513167633,1.1702387429,1.9408235561,4.1488e-06
FIQYOU_clean,0.006110738,0.0299713372,0.0598220781,0.2850164994,0.5066342903,1.4197238985,2.0590695814,6.14607e-06
FIQYUA_clean,0.0034014848,0.0168178485,0.0331850662,0.1595621148,0.2946301203,1.0180089341,1.6877751259,3.33949e-06
FIQZAH_clean,0.0070050371,0.0347735163,0.0689126479,0.3126876402,0.5562392575,1.4512131585,1.9671734529,7.08141e-06
FIRMUQ_clean,0.0062158062,0.0311110593,0.0623044774,0.306702106,0.6063693928,2.7735398389,6.634502595,6.21437e-06
FIRNAX01_clean,0.0055811554,0.0279617102,0.0549603976,0.277272774,0.549054372,2.574863013,6.5003291593,5.57403e-06
FIRNAX_clean,0.0053476953,0.0279057771,0.0559161249,0.278605442,0.5519750551,2.543129463,6.4060331674,5.60346e-06
FIRNIF_clean,0.0056711348,0.0279763015,0.0573874098,0.2800645676,0.5568728533,2.594062674,6.5934432595,5.65738e-06
FIRNOL_clean,0.0074561968,0.0382874374,0.07329557,0.3672376891,0.7236087934,3.2559407446,7.3730144564,7.4479e-06
FIRNUR_clean,0.0066474983,0.0342745505,0.0668141161,0.337488943,0.6601469609,3.0329131184,7.3559520665,6.71953e-06
FIRPAZ_clean,0.0053127583,0.0275137035,0.0548171807,0.2776208212,0.5464328971,2.5465527487,6.6210438945,5.53073e-06
FIRZOX_clean,0.0009423002,0.0051609888,0.010159512,0.050965441,0.1000906889,0.4762807379,1.3199090667,1.01209e-06
FISGOF_clean,0.0044312823,0.0207730836,0.0416719242,0.2039250294,0.4085880543,1.9168489448,5.6571622762,4.11143e-06
FISXEM_clean,0.0101583775,0.0498594761,0.1011566962,0.4689127753,0.8584618171,3.1272152038,5.9752666808,1.01108e-05
FITGEW_clean,0.0025389469,0.0125197606,0.0254441488,0.1246817969,0.2423172414,1.0029277832,2.3133123804,2.51234e-06
FITHIA_clean,0.0041999277,0.0211934674,0.0424432078,0.2069621099,0.3996585787,1.6091430662,3.0039084973,4.22551e-06
FIVNAZ_clean,0.0011778455,0.0061535243,0.0118000005,0.0591493878,0.118397887,0.5476967001,1.388258927,1.19423e-06
FIVQOR_clean,0.0671980683,0.3116609836,0.5701742379,1.7543934525,2.3381471858,3.2870250514,3.6897874162,6.88297e-05
FIVYEP01_clean,0.0022784466,0.0114551275,0.023109619,0.1113970501,0.2164737844,0.8274973797,1.6460755904,2.32058e-06
FIVYEP_clean,0.0022725131,0.0113732458,0.0229850165,0.1099492872,0.2140980292,0.8278118528,1.6442231658,2.31299e-06
FIVYUF_clean,0.0061923451,0.0296416067,0.0601555386,0.2858504658,0.4972497293,1.4395341339,2.0459128957,6.19926e-06
FIWKUT_clean,0.0071735681,0.0350288856,0.0702117474,0.3413798166,0.6351291556,2.6859680907,5.6801449011,7.02387e-06
FIXVUE_clean,0.0006434713,0.0030450769,0.00616525,0.0308733693,0.0627332963,0.3088485455,0.869905439,6.26593e-07
FIYDOH_clean,0.0031478322,0.016032616,0.0318670743,0.1530291186,0.2776551398,0.8889804965,1.462336734,3.22695e-06
FIZPOV_clean,0.0097322297,0.0481198449,0.0962659122,0.4673867747,0.890139401,3.807251647,7.6104107378,9.61069e-06
FOBNAN_clean,0.0060623289,0.0289576751,0.0588271212,0.284622024,0.5483196431,2.2056980289,5.1216403156,5.81948e-06
FOCZAA_clean,0.0142432377,0.0693881478,0.135584667,0.570781477,0.9346608712,2.1363308442,2.8174477927,1.41874e-05
FOCZEE_clean,0.0079976116,0.0404311854,0.0761569977,0.3173066112,0.4821469496,0.971438757,1.2306302026,8.3392e-06
FOFCIO_clean,0.0084056191,0.0396433164,0.0767580635,0.3101145691,0.4934060145,0.978022459,1.2513618711,8.18314e-06
FOFCOU_clean,0.0140740364,0.0680980509,0.1321509893,0.5596291312,0.928199574,2.1440753279,2.8413520894,1.3898e-05
FOFHAK_clean,0.0282502797,0.1366963722,0.2672709977,1.0610661771,1.6557622424,2.99362813,3.622000315,2.85519e-05
FOFHEO_clean,0.0130872631,0.0631584279,0.1248956614,0.5298150101,0.9241367791,2.2182396532,3.0356520021,1.28365e-05
FOFTIF_clean,0.0106768122,0.052779324,0.1060053287,0.4822020384,0.873524041,2.8843816978,4.9737543544,1.07082e-05
FOFTOL_clean,0.0099191116,0.0468585944,0.0945723576,0.4351454562,0.8069216329,2.6990461458,4.8184550564,9.65496e-06
FOFTUR_clean,0.0091821383,0.0441596791,0.0884901888,0.4255814339,0.768386509,2.6650251723,4.7388802289,8.99694e-06
FOHCIP_clean,0.0036144334,0.0179962395,0.0356715781,0.1741288745,0.3346065656,1.2469308135,2.3059669616,3.63912e-06
FOHQUO_clean,0.0014336244,0.0073743866,0.0141981661,0.0681781308,0.1378495493,0.5903634608,1.2469191161,1.40044e-06
FOJKIA_clean,0.0142689094,0.0713628224,0.140209752,0.6556327318,1.2072508605,3.7274606912,5.5950613287,1.429e-05
FOJLOH_clean,0.0068540214,0.0340088608,0.067211801,0.3317484394,0.6437801685,2.5612129993,5.3519950511,6.83731e-06
FOKWIN_clean,0.0051472708,0.0254625427,0.050666486,0.2348330588,0.4462096223,1.3729370335,2.126707019,5.21843e-06
FOKYEL_clean,0.0084605132,0.0435166486,0.0839309754,0.3784101256,0.6658972816,2.1327174682,3.9503193865,8.68433e-06
FOKYIP_clean,0.0092912279,0.0463716589,0.0931275415,0.4225591624,0.8037797528,2.794679984,4.8838196378,9.34867e-06
FOLLEZ_clean,0.0181233016,0.087753369,0.1706571253,0.6988771424,1.1836255016,2.536440279,3.2786879714,1.7921e-05
FOMWOV_clean,0.006718782,0.0339947331,0.0670664975,0.327039591,0.6297856022,2.6473198753,5.4296327497,6.78325e-06
FONKEA_clean,0.0049797448,0.0236344222,0.0480808195,0.2211615333,0.3973532045,1.1635754731,1.719608246,4.82532e-06
FONPUV_clean,0.0048277372,0.0239581626,0.0480656739,0.2279679414,0.4121078007,1.372584636,2.2648308051,4.90685e-06
FONQIJ_clean,0.0076793182,0.0383044472,0.0760089784,0.3637432499,0.6667008828,2.2385673395,3.8485069033,7.75118e-06
FOPBAP_clean,0.0032230163,0.0156679883,0.0313925208,0.146766248,0.2816924148,0.9544309927,1.669371228,3.14761e-06
FOPFAS_clean,0.0068831331,0.0345500373,0.0678482219,0.3389161486,0.6351184802,2.9815250695,7.7175511606,6.86462e-06
FOPTOU_clean,0.0016236067,0.0081375738,0.0164350213,0.0788310804,0.1531732613,0.6132819136,1.3857252486,1.63052e-06
FOQNIK_clean,0.0091237023,0.0452767566,0.0888984981,0.3956772275,0.7034332222,2.1034376901,3.702393395,9.12612e-06
FOQNOQ01_clean,0.0097024917,0.0490263569,0.0949650748,0.4014843904,0.707279576,1.951039624,3.2587651904,9.71261e-06
FOQNOQ02_clean,0.0095495962,0.0472701826,0.0913571664,0.3958102696,0.702631129,1.9674652692,3.2890130107,9.59519e-06
FOQNOQ_clean,0.0069520278,0.0344220866,0.0689517354,0.3072677761,0.5600959279,1.697493339,2.9565237978,6.91503e-06
FOQNUW01_clean,0.008088595,0.0403898865,0.0819838248,0.3689091612,0.6481472533,1.8739442072,3.21879789,8.30692e-06
FOQNUW02_clean,0.008375274,0.0412308115,0.0826952134,0.367509743,0.6386380045,1.8805548127,3.1941010247,8.38564e-06
FOQNUW_clean,0.0086322234,0.0432057114,0.0852243593,0.3693699712,0.6538999453,1.8943472581,3.1876709207,8.70409e-06
FOQPAE01_clean,0.0107425545,0.0509439684,0.1010420824,0.4381140717,0.7517475758,2.1245774829,3.5114664243,1.04112e-05
FOQPAE02_clean,0.0102151633,0.0517776523,0.1005877145,0.4362742875,0.7580073045,2.1450017241,3.5207647381,1.04853e-05
FOQPAE_clean,0.0063245258,0.0316930528,0.0617777133,0.2859417149,0.5161053833,1.6317617248,2.9750464723,6.34175e-06
FORKUU_clean,0.0098915857,0.0497590287,0.0973268833,0.4759200228,0.9064216283,3.5596472103,7.6585259582,1.0061e-05
FORPIM_clean,0.0021946326,0.0110322688,0.0215043152,0.1090300648,0.2141925394,1.0266049071,2.8970177625,2.18254e-06
FORPOS_clean,0.0021296182,0.0109526881,0.0215828618,0.1072206475,0.2161946466,1.0296576242,2.8808615607,2.17596e-06
FORPUY_clean,0.0023030255,0.0109232618,0.0224216834,0.1109748032,0.2222240603,1.039759923,2.748919859,2.26524e-06
FORQAF_clean,0.002111948,0.0102659917,0.0208105377,0.1041134638,0.2045044294,0.9813062414,2.7401258744,2.08111e-06
FORQEJ_clean,0.002088664,0.0106941647,0.0216494124,0.1072001704,0.2144387354,1.0295014863,2.8540212038,2.16627e-06
FORQIN_clean,0.0022502587,0.0108194258,0.021570662,0.1064743637,0.2125395895,1.0107778362,2.8138361632,2.13649e-06
FORTIR_clean,0.0042364867,0.0208397917,0.0411722688,0.2006808017,0.39082255,1.6242109202,3.6523844545,4.1463e-06
FORTUD_clean,0.0033034859,0.0170083216,0.0339672452,0.1657794218,0.3245412515,1.3399247733,3.2665486506,3.38728e-06
FORWAL_clean,0.00658715,0.0322770348,0.0663146351,0.3156586211,0.6037494209,2.2028938503,4.0074735219,6.59947e-06
FORXAM_clean,0.0130461143,0.0653978084,0.1263687589,0.5833287104,1.0810878964,4.0662821636,8.5445424834,1.30792e-05
FOSTOY_clean,0.0094312374,0.0466008993,0.0927312747,0.4497828366,0.8559539849,3.6572477136,8.2554066626,9.40656e-06
FOSTUE_clean,0.0064475123,0.0315284949,0.0642993543,0.3193875484,0.6145469914,2.8245556679,7.1011218645,6.40244e-06
FOTNIN_clean,0.0047275388,0.0250873652,0.0495062708,0.2463716173,0.4846331296,2.1421549434,5.6090355197,4.98816e-06
FOVPEN_clean,0.003714471,0.0178897324,0.0354781063,0.176584626,0.3358685383,1.2596828111,2.5414880707,3.61783e-06
FOVPOX_clean,0.0040820948,0.019914356,0.0403988127,0.1922969123,0.3500722711,1.2067181493,2.2517692412,4.08033e-06
FOVPUD_clean,0.0041136036,0.0202343941,0.0405080381,0.1905144691,0.3561205397,1.2602465624,2.5115114481,4.09424e-06
FOWTOC_clean,0.0062948637,0.0321129041,0.0642208451,0.3034107781,0.5649991763,1.8732339901,3.124588382,6.47412e-06
FOXHUX_clean,0.0063039741,0.0317727615,0.0633591822,0.2912988397,0.5449618393,1.860441012,3.1706826787,6.30099e-06
FOXNIQ_clean,0.0026882246,0.0130629666,0.0243791013,0.1142169865,0.2118556357,0.6700499858,1.2246891072,2.57577e-06
FUBDAI_clean,0.0037938982,0.0191709367,0.037880391,0.1861070636,0.3525784166,1.6048426178,3.697902588,3.78921e-06
FUBDEM_clean,0.0037642738,0.0184790424,0.03752029,0.1870616276,0.3609766048,1.5992594059,3.7279502877,3.7669e-06
FUBDIQ_clean,0.00386763,0.0189240667,0.0376730202,0.184818073,0.3517917242,1.5883503852,3.6543507702,3.78199e-06
FUBNOH_clean,0.0216040609,0.1049051388,0.2019447909,0.7825618372,1.2560547506,2.2680487338,2.7565234295,2.17573e-05
FUDGES_clean,0.0056792375,0.0280900943,0.05563847,0.2757810413,0.546021578,2.5278706618,6.1469763059,5.59816e-06
FUDHAP_clean,0.0059115567,0.0293019404,0.0577593726,0.2845063997,0.5638597152,2.4936807073,5.9671221214,5.81423e-06
FUDHET_clean,0.0068771939,0.035681599,0.0700370034,0.3420852106,0.664696925,2.9458944148,6.5856144916,7.05432e-06
FUHJOJ_clean,0.0065356275,0.0329989273,0.0664621887,0.3134979227,0.5740530191,2.0071179069,3.4460094389,6.6364e-06
FUHMOM_clean,0.0138547387,0.0667484454,0.1339343109,0.6076664802,1.0958862512,3.2474269627,5.0152788971,1.36425e-05
FUHNED_clean,0.0094962896,0.0476789687,0.0945538367,0.4410218588,0.8295426931,2.7904716962,4.61130749,9.6251e-06
FUHNIH_clean,0.0108003846,0.0547022333,0.108453786,0.5290102016,0.9453085117,3.1548788705,5.1608112713,1.11259e-05
FULQOT_clean,0.0079664751,0.0389638454,0.0772002039,0.3497120492,0.6239720897,1.8015306861,2.7676306516,7.85595e-06
FULQUZ_clean,0.006360631,0.0323102462,0.0640538957,0.3017839349,0.559602288,1.9323964388,3.2474442873,6.47344e-06
FUMHOL_clean,0.0007683774,0.0039315811,0.0078078509,0.0389346119,0.077280234,0.366342632,0.979978724,7.76501e-07
FUMJAA_clean,0.0056651773,0.0290691692,0.058090525,0.2881764117,0.5627665402,2.5074914996,5.498347226,5.86032e-06
FUNBAS_clean,0.0083134786,0.0415649174,0.0820727009,0.3907755823,0.7216708467,2.3159029197,3.9652099318,8.40124e-06
FUNCAT_clean,0.0069380149,0.0346199935,0.0695519603,0.3228313262,0.5973520045,2.0900515524,4.4502810243,7.01424e-06
FUNCEX_clean,0.0050879651,0.0252275054,0.0492351345,0.2415084873,0.4755741849,2.049488714,5.3574497005,4.98036e-06
FUNFOL_clean,0.0048546625,0.0247787141,0.0506384258,0.2415931639,0.4624227482,1.9676713653,4.4976384374,4.97589e-06
FUNGAY_clean,0.0053240184,0.0263003509,0.0523159326,0.2498641582,0.4803956517,1.7973532916,3.3973065708,5.29124e-06
FUNLAD_clean,0.0112692775,0.0562837558,0.1127404951,0.5185179961,0.9613050155,2.9896556755,4.5358357484,1.1333e-05
FUQJUX_clean,0.0028269183,0.0141406473,0.0286446517,0.1407439518,0.2843935492,1.3815042991,4.021876241,2.83496e-06
FURFIJ01_clean,0.0063661204,0.0324655765,0.0636248156,0.2947373642,0.5299381302,1.3874430833,1.9750947615,6.48839e-06
FURFIJ_clean,0.0064479939,0.0318287825,0.0642870813,0.290512691,0.5270943902,1.3636015167,1.9801690998,6.51177e-06
FURFOP_clean,0.0128986123,0.064990291,0.1257201868,0.5640161328,0.9463856776,2.4352524934,3.541977279,1.32065e-05
FURQOZ01_ion_b,0.0013509056,0.006992822,0.0134901978,0.0689596143,0.135279134,0.605644563,1.4715647397,1.38402e-06
FURQUF_ion_b,0.0014211938,0.0069568208,0.0143079414,0.0693093411,0.1376243609,0.6269916137,1.4935255268,1.41292e-06
FURRAM_clean,0.0018736471,0.0095822309,0.0194973433,0.096419118,0.190272671,0.8662883619,2.2229135079,1.93728e-06
FURREQ_clean,0.0019592452,0.0099460228,0.0200513532,0.0992390996,0.1934635776,0.885096165,2.2236458472,1.97166e-06
FURRIU_clean,0.0020805092,0.0102789043,0.0209810436,0.1026202243,0.20078697,0.9187885253,2.4076199252,2.06656e-06
FURROA_clean,0.0020971533,0.0101005749,0.0206862057,0.1016215799,0.2040515861,0.9231421393,2.3928542542,2.06384e-06
FURRUG01_ion_b,0.0004318479,0.0021363501,0.0043093234,0.0218991149,0.0435723871,0.2151182516,0.5884851141,4.36382e-07
FURRUG_ion_b,0.0009033709,0.0046801328,0.0090962737,0.0453821809,0.0905614085,0.4245721235,1.0579755253,9.09842e-07
FURSES_clean,0.0059427951,0.029764313,0.0584330435,0.2864015648,0.52265802,1.7555614812,2.9600597439,6.00205e-06
FUSGOR_clean,0.0059089284,0.0298224056,0.0581725121,0.2780763255,0.5334777264,1.8557571705,3.2994238839,5.98037e-06
FUSMEM_clean,0.0020424656,0.0095013883,0.0197731594,0.0946643571,0.189183673,0.8694935349,2.241721311,1.95651e-06
FUSMIQ_clean,0.0020234438,0.0095964973,0.0193118808,0.0972941207,0.1938249918,0.8819242801,2.2549367054,1.95446e-06
FUSMOW_clean,0.0020519765,0.0100672868,0.0198159584,0.1002995649,0.1981048964,0.8954535342,2.3024650463,2.01984e-06
FUSMUC_clean,0.0019568675,0.0102479939,0.0199253338,0.0998882185,0.1972132496,0.9001352743,2.2942737844,2.00432e-06
FUSNAJ_clean,0.0022469499,0.0109018682,0.0220557752,0.1072758094,0.2111276951,0.958023362,2.4134073073,2.20382e-06
FUSNEN_clean,0.0021518409,0.0102028171,0.0212663705,0.1063437413,0.2101124066,0.9466697262,2.4009955839,2.13205e-06
FUSNIR_clean,0.0018807803,0.0101148413,0.0199134451,0.0987469106,0.1974771771,0.8870173666,2.2842064976,1.98176e-06
FUSQUH_clean,0.0067453763,0.0324461748,0.0633436252,0.3069394972,0.5660145874,1.934616611,3.3471093201,6.57483e-06
FUTCAZ_clean,0.0031949348,0.0160751621,0.0315621724,0.1578522394,0.3143301544,1.4815660249,4.1275926716,3.15376e-06
FUTDII_clean,0.0044530835,0.0225571636,0.0445376202,0.2195897137,0.4310105408,1.8363982781,4.2993017613,4.47583e-06
FUTKEL_manual,0.0059593938,0.03011776,0.0582117375,0.2827224256,0.5325390077,1.9692954576,3.9110136482,5.91577e-06
FUTTIZ_clean,0.004241913,0.0206542602,0.0416950563,0.203722524,0.4047819433,1.9359855207,5.1230922159,4.14347e-06
FUTYEA_clean,0.0096423153,0.0494168657,0.0980922108,0.4778297228,0.9188000138,3.5392214958,6.5666893409,9.86515e-06
FUTYOK_clean,0.0084268331,0.0406613172,0.0816895725,0.4000388666,0.7698002517,3.0286119782,5.8973587524,8.18473e-06
FUTYUQ_clean,0.0084556883,0.0416510708,0.0824547305,0.3958617161,0.7840199747,3.2496258124,6.5279551148,8.34838e-06
FUTZAX_clean,0.0065080532,0.0317834562,0.0640892893,0.315737409,0.6285546031,2.7641414139,6.1636945848,6.44855e-06
FUTZEB_clean,0.0112814324,0.0568333452,0.1136074452,0.5477658125,1.0136012494,3.731507201,6.3854856728,1.14736e-05
FUTZIF_clean,0.0132853365,0.0645956051,0.1296895535,0.6058861929,1.1004337045,3.5711683426,5.7651066791,1.29996e-05
FUTZOK_clean,0.0042937383,0.0211546456,0.0420449246,0.2041796781,0.4008506369,1.505194816,2.8337643986,4.27996e-06
FUTZOL_clean,0.0058409172,0.0294803078,0.0589805233,0.2841693834,0.5395641868,2.3538747197,5.256667256,5.89645e-06
FUVBAB_clean,0.009441009,0.0470699914,0.0951516104,0.4643574922,0.8934379726,3.5777346968,6.789357003,9.486e-06
FUVBOP_clean,0.0043411208,0.0220226927,0.0446771692,0.2181353392,0.420133866,1.7868402756,4.1552567285,4.47664e-06
FUVDEH01_clean,0.0040479768,0.0203784849,0.0404351541,0.1945140599,0.3674480313,1.267926273,1.9055953456,4.01924e-06
FUVDEH02_clean,0.0038701157,0.0196337285,0.0380700173,0.1860362105,0.3535052644,1.2073006076,1.8309454185,3.84157e-06
FUVDEH03_clean,0.003702367,0.0187610787,0.0375120449,0.1816325114,0.3379153487,1.202996249,1.8346067406,3.72412e-06
FUVDEH04_clean,0.0036250361,0.0179562422,0.0359136741,0.1750338035,0.3204611627,1.1578213037,1.789700669,3.57928e-06
FUVDEH05_clean,0.0043487177,0.0211771179,0.0417301498,0.1910269448,0.3518708624,1.0400201222,1.6017292307,4.3114e-06
FUVDEH06_clean,0.0010102154,0.0050546214,0.0099912578,0.0481080251,0.0923144415,0.3521565163,0.6802314227,1.01577e-06
FUVDEH07_clean,0.0010274321,0.0051153862,0.0102641931,0.0493233218,0.0958342445,0.3460537015,0.6712670906,1.03311e-06
FUVDEH08_clean,0.0009965433,0.0051594407,0.0099117571,0.0491157086,0.0931236265,0.3287812976,0.6252341846,1.01867e-06
FUVDEH09_clean,0.0039813532,0.0196908345,0.0401668753,0.1964181854,0.3696852746,1.2896158146,1.9036245966,4.03629e-06
FUVDEH10_clean,0.0036886854,0.0183684755,0.0367119672,0.1753776288,0.3409318499,1.2154352267,1.8539495859,3.70252e-06
FUVDEH11_clean,0.0042900821,0.0205022144,0.0424618194,0.2013507091,0.3804378431,1.2952675159,1.8918899252,4.19091e-06
FUVDEH13_clean,0.0040218033,0.0209251551,0.0415160026,0.1954723686,0.3729974178,1.2769894581,1.8971151167,4.07392e-06
FUVDEH_clean,0.0044054837,0.0217900718,0.0435849024,0.2071517186,0.3995516698,1.3540747147,1.9575034356,4.38202e-06
FUVFUZ_clean,0.0010426233,0.0051184245,0.0103163496,0.0491972347,0.0939373689,0.3323284447,0.6235277055,1.03927e-06
FUVGAG01_clean,0.0010107217,0.0051493133,0.0101887435,0.0488336585,0.0930588107,0.3247500572,0.5941443639,1.03827e-06
FUVGAG02_clean,0.0010568017,0.0052485625,0.0103796463,0.0504525349,0.0970146014,0.3269851904,0.5922252079,1.06404e-06
FUVGAG_clean,0.0010760439,0.0052591963,0.010463198,0.0500818694,0.0952559658,0.3356988675,0.6178948054,1.05229e-06
FUWFIO_clean,0.0042858081,0.0223141685,0.0438354697,0.2186324326,0.4285562992,1.9063513555,4.3178312493,4.44101e-06
FUWFUA_clean,0.0055609071,0.0279847561,0.0549607956,0.2678233474,0.5175896295,2.1166194566,4.4632574275,5.51848e-06
FUWQIZ_clean,0.0093223752,0.0472393227,0.0937749467,0.4388684061,0.8126283328,3.0930068019,6.9221348437,9.63604e-06
FUWXOL_SL,0.0314155302,0.1532392244,0.2919292198,1.1331987788,1.8053454143,3.3703051541,4.1905619181,3.19424e-05
FUWYAY_clean,0.0034659342,0.0175413931,0.0345962321,0.1662091016,0.3082930621,1.0536877536,1.7392749775,3.5305e-06
FUXCOS_clean,0.0055196481,0.0280047493,0.0544529401,0.2482304317,0.4422902621,1.2113380763,1.7939699006,5.60742e-06
FUXXIH_clean,0.0033866744,0.0168829899,0.0344074327,0.1665897296,0.3225942584,1.3630590486,3.2486908121,3.41348e-06
FUYCAE_clean,0.0078080373,0.0387174379,0.0758310627,0.3727773014,0.6953324129,2.809009082,6.3445529341,7.70334e-06
FUYCEJ_clean,0.0123086586,0.0611122338,0.1243989689,0.5960630103,1.1180329321,4.3285292889,7.8730281813,1.24172e-05
FUYCIN_clean,0.0040334454,0.0205481402,0.0403344545,0.202142065,0.4063706867,1.970289428,5.8657639523,4.07271e-06
FUYKER_clean,0.0080468689,0.0408337103,0.0787597285,0.3742900569,0.6818153837,2.3720251602,3.9767822911,8.11641e-06
FUZPUN_clean,0.0098919616,0.04915479,0.0992293259,0.458175434,0.8582309013,2.9830798493,4.7671019191,9.76707e-06
GABYUG_clean,0.0077205871,0.0390796575,0.0766813952,0.3587088366,0.6886636938,2.4522287473,4.2630263061,7.79897e-06
GACBIY_clean,0.0130275081,0.0641893933,0.1301642154,0.6068836424,1.1322349077,4.0117361428,7.1831955326,1.29476e-05
GACBOE_clean,0.0076523698,0.0382649577,0.0773708523,0.3753998,0.7070693301,3.0077730345,6.1757997182,7.63357e-06
GACPUX_clean,0.0080989102,0.0388848961,0.0778230921,0.3724805813,0.7103828933,2.6627905697,5.0775263628,7.81338e-06
GACQAE_clean,0.0058928924,0.0298179095,0.0591813867,0.2914299341,0.5677226454,2.3422680044,5.3865160375,6.04445e-06
GACVIS_clean,0.0062009571,0.0305374804,0.0613590092,0.3037438176,0.5905913442,2.5516972973,5.4631142485,6.16849e-06
GACYER_clean,0.0070634374,0.034750109,0.0689981035,0.3396188405,0.6384567851,2.837360745,6.6198402726,6.92707e-06
GADDOH_clean,0.0038736929,0.019537018,0.0381097887,0.1904684631,0.3734734998,1.5696625824,3.6426334319,3.86098e-06
GADFAV_clean,0.0070201577,0.0351870442,0.0690855339,0.3079126017,0.5495051327,1.625772939,2.4398058171,7.06074e-06
GADMAA01_clean,0.0010487322,0.0051573323,0.0104089865,0.0498883171,0.0996279572,0.4673716468,1.152158581,1.0242e-06
GADMAA_clean,0.0010391401,0.0055026465,0.0105688542,0.0528666525,0.1051465905,0.4838843824,1.1824551104,1.06089e-06
GADNUX_clean,0.0068238486,0.0336661201,0.0678733868,0.3197986331,0.6171221777,2.6604227054,6.2974009586,6.68078e-06
GADRAH_clean,0.0055466045,0.0273077186,0.0545014879,0.2680810693,0.5126548713,2.1073967499,4.2745751755,5.51569e-06
GAFGEC_clean,0.0055133759,0.0276294199,0.0547339899,0.2687255696,0.5157336376,2.1532602266,4.3480424521,5.52965e-06
GAFROX_clean,0.007496904,0.0376365487,0.0752008839,0.3669758284,0.7089277703,3.0044721873,6.78443021,7.5367e-06
GAFRUD_clean,0.0065475172,0.0329920628,0.0646562539,0.3187925275,0.6214783923,2.673644778,6.2913738019,6.5367e-06
GAGQAI_clean,0.0057244631,0.0293324229,0.0573671347,0.28246083,0.5547517579,2.2615823366,5.2723966032,5.82632e-06
GAGSUF_clean,0.0022794638,0.0110207933,0.0216713105,0.1072972816,0.2136759034,0.9478632204,2.404081235,2.16902e-06
GAGZEV_clean,0.0049668916,0.0246348955,0.0492697911,0.2443810464,0.4951647265,2.2714936931,6.4113756937,4.91777e-06
GAHSEQ_clean,0.0017775678,0.0090475587,0.0175746521,0.0874794691,0.1746849367,0.8047480541,2.1276729653,1.75398e-06
GAHWIX_clean,0.0053586897,0.0278576329,0.0555086496,0.2738597045,0.537170877,2.5004374998,6.6647681564,5.50685e-06
GAHXUL_clean,0.0054020665,0.027097541,0.0555879915,0.2688315403,0.5233173237,2.0744056659,4.0271727813,5.58541e-06
GAJYUN_clean,0.0021396838,0.0101501975,0.0205409649,0.1029037572,0.1976663066,0.8181549591,1.7433450002,2.05792e-06
GAJZAU_clean,0.0021465311,0.0099617509,0.0203124163,0.0993047616,0.1956863171,0.8182945935,1.7531296704,2.03461e-06
GAJZEY_clean,0.0020678419,0.0103306334,0.0207422652,0.10067055,0.1969957731,0.8235833261,1.7710113258,2.04288e-06
GAJZIC_clean,0.0021114124,0.0104305458,0.0206164939,0.1023767913,0.2017200088,0.8373704042,1.7852015071,2.0959e-06
GAJZOI_clean,0.0020259653,0.0103386796,0.0208172078,0.1025780657,0.2010085148,0.8385361935,1.741521454,2.10984e-06
GAJZUO_clean,0.0029762306,0.0149575528,0.0295600703,0.1444263912,0.2868382934,1.1216670341,2.2358592241,2.9796e-06
GAKBAX_clean,0.0022096549,0.0107468731,0.0216234515,0.1058310856,0.2098892218,0.856989646,1.7809342616,2.16975e-06
GALCAZ_clean,0.0049789874,0.025044189,0.0489765328,0.2412352076,0.4752761223,1.9796983664,3.9211898386,4.97291e-06
GALFAB_clean,0.0139819411,0.0688664973,0.1359285268,0.5640345101,0.9667678488,2.3518245162,3.36226747,1.39863e-05
GALHOS_ion_b,0.0075635816,0.0378542825,0.0740103398,0.3254704437,0.5699489547,1.6455552836,3.1327664057,7.6521e-06
GALJAG_clean,0.0077419624,0.0379818158,0.0764081294,0.3736564377,0.7084700637,2.9702780933,6.4834543034,7.70628e-06
GAMFEI_clean,0.0046770461,0.0243145284,0.0474085671,0.2261536944,0.4212559008,1.5919805829,3.2431072852,4.77586e-06
GAMXAV_clean,0.0065542818,0.0314085435,0.0644532849,0.3087098994,0.5906598032,2.3034722515,5.0032726032,6.44913e-06
GANBAZ01_clean,0.079693187,0.3890335473,0.7326749412,2.9567846968,4.5940927693,7.8085803077,9.1125677917,7.94499e-05
GANBAZ02_clean,0.0150150011,0.0745045494,0.1488049132,0.7063428705,1.3417470701,4.9707947517,8.1695941325,1.47304e-05
GANBAZ_clean,0.0707155847,0.3494971949,0.6602812341,2.7686657648,4.4053533551,7.7966483638,9.227337615,7.08547e-05
GANBED02_clean,0.0077238562,0.0390235708,0.0776223167,0.3815903283,0.7341565149,3.2077991269,6.7894608756,7.77379e-06
GANBED_clean,0.0081221431,0.0411682884,0.0829016171,0.4080375029,0.7763740797,3.3737821811,7.0484060044,8.29038e-06
GANBIH_clean,0.0088553677,0.043438858,0.0857780875,0.3763151173,0.6503665604,1.9122113756,3.4777074385,8.9565e-06
GAPNOD_clean,0.0025760159,0.0130047255,0.0258588371,0.1270609459,0.2503851106,1.0757580055,2.4528877993,2.57932e-06
GAQYIH_clean,0.0016444501,0.0090267658,0.0174564698,0.0871457331,0.1735830877,0.8805397549,2.5467623259,1.75501e-06
GARLAP_clean,0.0107895558,0.052703379,0.1057704508,0.4980542406,0.8939767422,2.960545725,4.8171801163,1.06759e-05
GARLET_clean,0.0109445947,0.053964314,0.1081027465,0.5050735005,0.9105405292,2.9637358307,4.7609662009,1.09382e-05
GARLIX_clean,0.0113297831,0.0551631292,0.1092609444,0.5183980864,0.9268532861,2.957363129,4.7503414984,1.10839e-05
GARLOD_clean,0.0114702307,0.0564524191,0.1118487376,0.5167321454,0.9450770708,2.9824890417,4.7366090446,1.14254e-05
GARLUJ_clean,0.0116993765,0.0571628502,0.1117448273,0.5241073051,0.9485737287,2.9857666814,4.7185386836,1.14748e-05
GARMAQ_clean,0.0114653525,0.0571953942,0.1127953534,0.5288236126,0.9576637508,2.9884364452,4.7182233255,1.15995e-05
GARQAU_clean,0.009769674,0.0483311298,0.0966286483,0.4596321626,0.8143150219,2.5972226328,4.1723024645,9.78622e-06
GARSUQ_clean,0.00788776,0.0383121466,0.076725099,0.3581441521,0.6493852513,2.0040413222,3.1343285121,7.78715e-06
GARTAX_clean,0.0090173212,0.0453268333,0.0890212912,0.4023693927,0.7341329851,2.1976307317,3.3532657674,9.03859e-06
GARTEB_clean,0.0069124512,0.0345797677,0.0676652038,0.3109120382,0.5706198694,1.8475612637,2.9783068252,6.92873e-06
GARTIF_clean,0.0082172024,0.0402034878,0.0817863537,0.3699374081,0.6619150498,2.0388703183,3.1403900594,8.18852e-06
GARTUR_clean,0.0034567957,0.017235237,0.0343180593,0.1651703121,0.3201652039,1.2648050473,2.6899990732,3.47938e-06
GASSEB_clean,0.0058779453,0.0287889901,0.0584703925,0.2792072309,0.5445221903,2.2355991342,4.6381991356,5.81476e-06
GASSUR_clean,0.0080401865,0.0401797881,0.0798124629,0.3947752724,0.7619517191,3.0512957148,5.8620783157,7.99724e-06
GASTIG_clean,0.0415076983,0.2024809883,0.3802457183,1.367239629,2.0427835395,3.6108543476,4.4907187395,4.22034e-05
GATQIE_clean,0.0055413239,0.0278686993,0.0552313499,0.2733995943,0.5308919691,2.3426401653,5.5680562744,5.53928e-06
GATQOK_clean,0.0082246803,0.0419044008,0.0813801018,0.3932890087,0.740591687,2.9686617388,5.8055461286,8.24728e-06
GAVYAG_clean,0.0213483977,0.1041925554,0.2095442911,0.9130483765,1.6399938772,4.1903682974,5.7205551377,2.12405e-05
GAWCUF_clean,0.0086297178,0.042749777,0.0839539568,0.3983011987,0.7181837608,2.4143125158,4.060222976,8.59054e-06
GAWLIB_clean,0.0009521471,0.0047100248,0.0095040625,0.0489137169,0.0943707919,0.3888362723,0.873729651,9.94845e-07
GAWMOJ_clean,0.0047294014,0.0214063216,0.0434894731,0.2145718894,0.4294086252,1.936044562,4.9506658916,4.38251e-06
GAXDIS10_clean,0.0015677863,0.0075476561,0.0155490037,0.0767463604,0.1534041301,0.6920313381,1.8523945348,1.55174e-06
GAXKOH_clean,0.0037547424,0.0190571642,0.0375873469,0.1866831577,0.3619364083,1.5587410888,3.6654949165,3.77072e-06
GAXQIH_clean,0.0043804013,0.0223799074,0.043883306,0.2087355513,0.3963941717,1.2950579289,2.1579005472,4.52174e-06
GAYFUJ_clean,0.0065103844,0.0325874205,0.0651720012,0.316120698,0.5990533446,2.3285209992,4.5468936772,6.57076e-06
GAYGAQ_clean_h,0.0115868489,0.0570079355,0.1122630707,0.5175033294,0.9243266984,2.6092569616,3.7960365683,1.15674e-05
GAYPED_clean,0.0068749697,0.0352162137,0.0697547517,0.3416990876,0.6670553901,2.8196607733,6.4034449608,6.96169e-06
GAYTEH_ion_b,0.0025263449,0.0127067334,0.0252092756,0.1235674346,0.235873101,1.0000840917,2.1839194038,2.54703e-06
GAZLAW_clean,0.0056978584,0.028424923,0.0562466837,0.2731944314,0.5211657071,1.8992154167,3.6228414321,5.70784e-06
GEBCAT_clean,0.0014389232,0.0072390345,0.0146171689,0.0720034375,0.1413604719,0.6505031735,1.6220814329,1.45628e-06
GEBPEK_clean,0.0043258598,0.0216422896,0.0438106973,0.2175400849,0.4312414564,2.1019651569,5.8605332648,4.34714e-06
GEBSAJ_clean,1.0322596384,1.9150712459,2.2028740679,2.7562186348,3.0154294283,3.5891356463,3.8112214205,0.00174733
GEDDAW_clean,0.0023263242,0.0118462818,0.0232482657,0.1171798455,0.2307270975,1.0966971218,3.1478394692,2.32564e-06
GEDDEA_clean,0.0042970869,0.0214161053,0.04324952,0.2044469433,0.3907989242,1.4564884822,3.0610258083,4.39715e-06
GEDPAH_clean,0.0008044333,0.0035522871,0.0076853449,0.0376147732,0.0735323426,0.3436546429,0.8346746938,7.60439e-07
GEDQIR_clean,0.0067095186,0.0332099016,0.0669653049,0.3189473813,0.6141707849,2.4984300669,5.0692193355,6.63987e-06
GEDQOX_clean,0.0079510317,0.0395878407,0.0792811145,0.3860502076,0.7329457671,2.7841629626,5.3578562258,8.00293e-06
GEDRAK_clean,0.0095363484,0.0478620478,0.0952977791,0.4536206069,0.8423112263,3.1281423034,5.6136743866,9.59018e-06
GEDROY_clean,0.0068164798,0.0335139768,0.0671364427,0.3201239537,0.6133639924,2.5006334661,4.8783869348,6.64387e-06
GEDRUE_clean,0.0093308302,0.0455539795,0.0891253581,0.4310311811,0.8179202696,2.9914077841,5.5149882318,8.98639e-06
GEDSAL_clean,0.0099489127,0.0491868377,0.0972689199,0.463418246,0.8604487772,3.1691527271,5.6248487682,9.81533e-06
GEDSEP_clean,0.0158280486,0.0794521704,0.1603681991,0.6685431732,1.2128085314,3.0672568246,4.1963730444,1.61801e-05
GEDSOZ_clean,0.0089068058,0.0442841981,0.0875667817,0.4227753102,0.8083258566,2.9813664264,5.5367395407,8.77002e-06
GEDSUF_clean,0.0107998009,0.0548033281,0.1075997518,0.4893020427,0.8610928027,2.590144442,4.2091618842,1.10149e-05
GEDTAM_clean,0.008269623,0.0412610183,0.0818458895,0.4011340184,0.7656781637,2.863808509,5.3749730619,8.34608e-06
GEFYUN_clean,0.0033155598,0.0156969814,0.0321904469,0.1529780241,0.2968120996,1.1616953181,2.5911779224,3.15509e-06
GEFZAU_clean,0.0029900862,0.0151478739,0.0300815727,0.1422641869,0.2771292908,1.1339487921,2.5225066899,3.07922e-06
GEGDED_clean,0.0100423277,0.0506268097,0.0960649831,0.4199245363,0.7535907524,2.6008034277,5.8992919073,1.0183e-05
GEGGEG01_clean,0.0178773081,0.0869282344,0.1705166745,0.6842583437,1.1322073734,2.4409327871,3.1557765625,1.81285e-05
GEGGIK01_clean,0.0191542586,0.0904974572,0.1797863898,0.713465192,1.1785941879,2.4636029365,3.1406473647,1.88978e-05
GEGGIK_clean,0.0181097553,0.0892617635,0.1713548934,0.6810835769,1.1433054726,2.4504812379,3.1574660818,1.81457e-05
GEGGUW_clean,0.0187132072,0.0915846729,0.1780558591,0.7180960428,1.1730050781,2.4637582828,3.1429600114,1.90281e-05
GEGHAD_clean,0.018292849,0.0890789218,0.1771475063,0.7082616402,1.1803531313,2.4721294563,3.1611543929,1.88294e-05
GEJJEL01_clean,0.0018506591,0.0089668057,0.0178732399,0.0874573642,0.1703857727,0.6534725653,1.2986742431,1.83077e-06
GEKVEZ_clean,0.0009831603,0.004815214,0.0097385864,0.0479942284,0.096362685,0.4376090687,1.17210009,9.67797e-07
GEPDEM_clean,0.0040282826,0.0198662361,0.0381903355,0.1818173365,0.3489146253,1.2002581322,2.1986721719,3.919e-06
GERNOI_clean,0.006099554,0.0299310692,0.0598496008,0.2830218115,0.5465714396,2.2277978308,4.2631406291,5.95886e-06
GERPUP_clean,0.000890909,0.0043766511,0.0087727757,0.0434289721,0.0863516353,0.4061344014,1.0741408634,8.68351e-07
GERWEH_clean,0.0120459905,0.0599842185,0.116805654,0.4775133624,0.8083183954,2.6153390075,5.185487998,1.18742e-05
GESDUF_clean,0.0014224788,0.0074224431,0.0147614114,0.0723385821,0.1464284316,0.6743929269,1.7784357713,1.4612e-06
GESFAN_clean,0.0013599802,0.0071731288,0.0147075556,0.0728901682,0.1429973192,0.6631386282,1.7432645767,1.45003e-06
GESNIC_clean,0.0048759818,0.0242837358,0.0485825846,0.2303733102,0.439786356,1.4747914641,2.4925760718,4.93947e-06
GESNOI_clean,0.0046808759,0.022896399,0.0452268413,0.2120294617,0.4018692801,1.3617870396,2.3130774106,4.56864e-06
GEVXIQ_clean,0.0016405844,0.0082888447,0.0167307389,0.0812357793,0.1612538745,0.6850715344,1.6133321861,1.65575e-06
GEWXAJ_clean,0.0064286564,0.0318742523,0.0624660743,0.2759915451,0.4816276763,1.1339011076,1.545803857,6.47757e-06
GEZRAG_clean,0.002994569,0.0152382299,0.0306669923,0.1500268885,0.2910272972,1.4038783685,3.545140566,3.04536e-06
GEZYOB_clean,0.0032873457,0.0160070336,0.0324950366,0.1596854165,0.3011185538,1.3224684047,2.8695473031,3.21442e-06
GEZYUH_clean,0.003418479,0.0172467013,0.0351766533,0.1733846908,0.3258467767,1.4166390608,3.0558145759,3.50325e-06
GIDKOU_clean,0.0228793728,0.1097360049,0.2113105272,0.7926447813,1.2147911186,2.3019430899,2.9276816519,2.27122e-05
GIFKEL_clean,0.006932742,0.0341335341,0.0684033383,0.3210928414,0.6012940028,2.0800695893,3.6515642123,6.82164e-06
GIJXAA_clean,0.0161055546,0.0779731983,0.1554770049,0.7186785538,1.3244593544,4.433214123,7.6457369744,1.57791e-05
GIKQIC_clean,0.0038222841,0.0189062223,0.0391089246,0.1824137995,0.3521687311,1.2103489321,2.0844021518,3.83074e-06
GIMSIG_clean,0.0051073577,0.0254614152,0.0509900109,0.2528903983,0.4926298012,1.9451855963,3.6094517726,5.12409e-06
GINLIA_clean,0.0112553471,0.0545818125,0.1086435919,0.5209793195,0.9723656845,3.6190647614,6.9357856212,1.09184e-05
GINNUO_clean,0.0020426614,0.0107044042,0.0213267484,0.1040128736,0.2042030163,0.8543690081,1.8846732753,2.12232e-06
GIQXEK_clean,0.0036777027,0.0185076293,0.0362521725,0.1745438437,0.3464429428,1.395719808,2.8708899056,3.65493e-06
GIQXIO_clean,0.0039825935,0.0200412632,0.0396199384,0.1929931544,0.3759593528,1.5117538096,3.0270926761,3.96008e-06
GIQXOU_clean,0.0042633803,0.0214749374,0.0419944754,0.2073629872,0.3977209416,1.6055559722,3.1400280697,4.24659e-06
GIQXUA_clean,0.0039226378,0.0201844825,0.040310744,0.1953586451,0.3817094146,1.5437472112,3.0835008277,4.03947e-06
GIQYAH_clean,0.0041483652,0.0206427554,0.0416169476,0.2037058081,0.3948278214,1.5870676297,3.1010372092,4.17596e-06
GIQYEL_clean,0.0034953919,0.0177994675,0.0359307642,0.177360844,0.3437582749,1.3955132997,2.8946859406,3.6568e-06
GIQYIP_clean,0.0040221477,0.0197386944,0.0395643842,0.1947752323,0.3752776707,1.5378153257,3.1167331879,3.95677e-06
GIQYOV_clean,0.0025203788,0.0130861048,0.0261136785,0.1273083954,0.2522099265,1.0781155367,2.412323554,2.59909e-06
GIQYUB_clean,0.0040592928,0.0199860261,0.0401354406,0.195815492,0.3832872856,1.562105189,3.082266773,4.05821e-06
GIRDUI_clean,0.004878252,0.0242250851,0.0488121124,0.2278391791,0.4227689374,1.3149745879,2.1031480438,4.9181e-06
GIRXUC_clean,0.003157973,0.015156421,0.0321623138,0.159225647,0.3131941705,1.543162242,4.2415738968,3.17548e-06
GIRYAJ_clean,0.0040635152,0.0202921258,0.0402944045,0.2005303728,0.4013081761,1.8706435863,4.9934493301,4.0239e-06
GIRYEN_clean,0.0074301199,0.0369562339,0.0728131186,0.3051789359,0.4796504927,1.0124235148,1.3077730962,7.72887e-06
GIRYUD_clean,0.0082363779,0.040152471,0.0764885855,0.3125535227,0.4922503307,1.0210105738,1.321916548,8.15959e-06
GIRZAK_clean,0.0066561914,0.0316221757,0.0582112192,0.2540105945,0.4360652598,0.9537625194,1.2761834099,6.34694e-06
GISMAY_clean,0.0060831463,0.0304287909,0.0615569217,0.2884747326,0.5566562042,2.0963804501,3.6867523085,6.17565e-06
GISNED_clean,0.0041146342,0.0203311338,0.0407493313,0.2030684299,0.3942352411,1.9702829311,5.5972450596,4.06004e-06
GISZUD_clean,0.0017820473,0.0086960013,0.0177230933,0.0885813837,0.173790186,0.8154797732,2.2796539752,1.76305e-06
GISZUF_clean,0.0048219404,0.0237955247,0.0478903252,0.226323232,0.4287751889,1.6000708395,2.9844855776,4.78468e-06
GITPIK_clean,0.0074766345,0.0366598752,0.0740302231,0.3569522267,0.6767726396,2.4001176453,4.6759820901,7.49621e-06
GITSUY_clean,0.0042287235,0.0214954515,0.0421671585,0.2101002162,0.4028816431,1.9178932265,4.7252080986,4.22995e-06
GITTUZ_clean,0.0046531389,0.0234027077,0.0471863999,0.2257895004,0.4173160225,1.6596369363,3.3468232131,4.70189e-06
GITVAH01_clean,0.0151447738,0.0740223851,0.1464573452,0.6407468901,1.1204450352,2.9022020416,4.2051119584,1.50838e-05
GITVAH_clean,0.0183403995,0.0902203069,0.1728491134,0.657371265,1.0573602388,2.2940345213,3.1095927429,1.86172e-05
GITVEL01_clean,0.003667355,0.0180529564,0.0363146718,0.1804674057,0.3455781291,1.5136476866,3.659347052,3.61236e-06
GITVEL_clean,0.0035934684,0.0184693015,0.0363885584,0.1780948253,0.3472564102,1.51292524,3.6687752153,3.63657e-06
GITWIQ_clean,0.0067606598,0.0329700887,0.0649429153,0.2996017043,0.5426429631,1.6217913383,2.5608150378,6.72482e-06
GIVHIC_clean,0.0164532072,0.0833287039,0.1656016516,0.7526055007,1.3906606003,4.0571376541,5.861832622,1.67781e-05
GIVNIK_clean,0.0036674425,0.0185708677,0.0383857925,0.1886672595,0.3729155903,1.7021732425,4.3474554422,3.79011e-06
GIVNOQ_clean,0.0046065312,0.0231359058,0.0458286315,0.227292603,0.4525980437,1.9469917091,4.5905385886,4.65909e-06
GIWCAR_ion_b,0.0059306064,0.0296971095,0.0588101942,0.2915672127,0.5541976501,2.2593208281,4.4394985838,5.93522e-06
GIWCIZ_ion_b,0.0081526449,0.0429828368,0.0794967271,0.3797204063,0.6685949456,1.9399686867,3.0070283701,8.55301e-06
GIWCOF_ion_b,0.0060713251,0.0319772662,0.0618355448,0.2987002821,0.5842247556,2.2551640361,4.4738170637,6.32594e-06
GIXGOK_clean,0.0026419957,0.0132404796,0.026597881,0.1256552887,0.2365769854,0.9191225471,2.1447441868,2.65749e-06
GIXNAE_clean,0.0046656663,0.0231962276,0.0461072312,0.2227210147,0.4476187398,2.0261091211,5.0189749217,4.57672e-06
GIYSEN_clean,0.0054330259,0.0261956955,0.0508930385,0.2368175976,0.4445896334,1.3205339533,2.1019517137,5.29551e-06
GIYSIR_clean,0.0051902928,0.0263575175,0.0532154848,0.2421682141,0.4444967356,1.331365543,2.0690074389,5.39857e-06
GIYSOX_clean,0.0053760885,0.0264024681,0.0514803926,0.2398202959,0.4296375746,1.2864029834,2.0023367494,5.26041e-06
GIYSUD_clean,0.0060937209,0.0301441269,0.060933811,0.2908541294,0.5501303153,2.0202392003,3.8971052274,6.11455e-06
GIYTAK_clean,0.0056451102,0.0287723851,0.055818361,0.2745106252,0.5239924473,1.9874257352,4.0350098092,5.75607e-06
GIYTIS_SL,0.0065235473,0.0325226017,0.0650141388,0.3092782732,0.606221994,2.3445842729,4.7694392427,6.54814e-06
GIZXET_clean,0.0165925715,0.0835679938,0.1646575602,0.7407130201,1.3856671829,4.2415246053,6.5761953196,1.66721e-05
GOBGAG_clean,0.0026804854,0.013477228,0.0267075405,0.1276770908,0.2403003256,0.9279032974,2.171201907,2.72274e-06
GOBSUM_clean,0.0074873435,0.0376420326,0.0749427618,0.3612056603,0.6973255202,2.4675969569,4.5341090838,7.66356e-06
GOBTAT_clean,0.0084351381,0.0418203161,0.0857605703,0.4133925325,0.7847847542,3.3319749189,6.7585439959,8.49663e-06
GOGSIF_clean,0.0040507127,0.0201535123,0.0407450857,0.1994556855,0.3871269879,1.6077895096,3.7574253841,4.04576e-06
GOGWAB_clean,0.0159017448,0.078228355,0.1565426006,0.7348779338,1.3760851827,4.7193825876,7.5182354902,1.57352e-05
GOGWEF_clean,0.0124557443,0.0624805505,0.1248231158,0.5945352457,1.1206503962,4.1835772243,7.2203259826,1.24882e-05
GOJDOZ_clean,0.001929772,0.0096354476,0.0196361792,0.0969501336,0.1853685608,0.742379958,1.484998179,1.97431e-06
GOKBUE_clean,0.0019659037,0.009532211,0.0191579569,0.0942848742,0.1847247948,0.761220621,1.6670362136,1.91778e-06
GOMFOF_clean,0.0025883219,0.0125431903,0.0247623143,0.1225924647,0.2433036614,1.1184342343,2.8450315246,2.49978e-06
GOMREG_clean,0.0504665026,0.2268499644,0.4249361781,1.2958923411,1.75155094,2.5037503326,2.9299786245,5.03092e-05
GONMUT_clean,0.0135663899,0.065627879,0.1290848827,0.5416966189,0.9554528069,2.4402862036,3.4534858744,1.35125e-05
GONNAA_clean,0.0038045345,0.0190226727,0.0370633798,0.1833552952,0.364690813,1.6429795123,4.1780746707,3.74943e-06
GONSUZ_clean,0.006231759,0.0309631553,0.0629852788,0.3002677605,0.582394856,2.1396561572,3.8208472586,6.25332e-06
GOPLUS_clean,0.0067638735,0.0330263616,0.0663490715,0.320991759,0.621653482,2.3414993439,4.2589820224,6.74179e-06
GOPTIQ_clean,0.0075059482,0.0379851189,0.0750127769,0.3685932393,0.6905958884,2.7757841135,5.6335654083,7.56385e-06
GOQSIQ_clean,0.0078302119,0.0383805667,0.0737480678,0.3535079669,0.6473768637,2.1506564425,3.9725630042,7.66835e-06
GOQWOY_clean,0.0047862292,0.02378446,0.0465586779,0.2306025597,0.4574007414,2.1146426727,5.5889506301,4.66198e-06
GOQXAN_clean,0.0058678741,0.0293617205,0.0588616042,0.2898725745,0.5547721433,2.2335733636,4.2269783785,5.86504e-06
GORJEE_clean,0.0263434945,0.1287356853,0.2547235078,1.0840427466,1.8721163024,4.4512513306,6.2794618087,2.6727e-05
GORQAF_clean,0.0012476745,0.006298669,0.012291217,0.0607418031,0.1218685763,0.5924250651,1.6328394806,1.21688e-06
GOSBOH_clean,0.0029303435,0.0138182565,0.0277456567,0.1386588285,0.2781180443,1.3286329695,3.6370689627,2.79109e-06
GOSDID_clean,0.0073955761,0.0374860272,0.0722581848,0.3474470926,0.6452267123,2.3234411426,4.2600981599,7.40188e-06
GOSKEG_clean,0.0104230379,0.0532474042,0.1048497667,0.5005655604,0.9310869745,3.1951905794,5.7587783653,1.06608e-05
GOTDIE_clean,0.0013407277,0.0071180451,0.0138977989,0.0696248087,0.1200336816,0.3951191601,0.6759968807,1.44464e-06
GOTNEK_clean,0.0161339228,0.0771172874,0.149025057,0.5958454377,0.9655927508,2.3865339933,3.871876162,1.60392e-05
GOVHOQ_clean,0.0008783737,0.0043471016,0.008781852,0.043183094,0.0815535106,0.3064694833,0.586733366,8.91651e-07
GOVWOF_clean,0.0081947057,0.0406072261,0.0802228196,0.379159508,0.7027954371,2.5486424259,5.4934015398,8.11145e-06
GOVXIA_clean,0.0055574042,0.0277391122,0.0554444707,0.2661304104,0.4878821611,1.8534781342,3.3794178484,5.55433e-06
GOZNAM_clean,0.0033917888,0.0172264234,0.0350955407,0.1723273892,0.3445804786,1.5175542869,3.7203613582,3.5045e-06
GOZNEQ_clean,0.0040379792,0.0190770232,0.0387534989,0.1910255541,0.3792619886,1.6899428432,4.1450841238,3.86256e-06
GUANZS_clean,0.0043872387,0.0218418151,0.0430823061,0.2149261569,0.4201798952,1.7467169169,3.7926586109,4.36106e-06
GUBBAG_clean,0.0012463007,0.0062889483,0.0124292897,0.0614034135,0.123091553,0.5688963194,1.5449908051,1.23507e-06
GUBKUL_clean,0.0037567274,0.0195863626,0.0374510078,0.1787501867,0.3305237845,1.1970586343,2.4704813167,3.81021e-06
GUBVUU_clean,0.007548255,0.0372926024,0.0743799299,0.358700467,0.7025214289,2.7689749983,5.5444601466,7.40373e-06
GUBZAF_clean,0.0032260428,0.0156305125,0.0313624969,0.1546547693,0.3095488594,1.416602306,3.6469351416,3.11256e-06
GUCHUJ_clean,0.0108437356,0.0542608948,0.1073437346,0.4955792208,0.9008442369,2.7819891076,4.2995109975,1.09434e-05
GUCJAQ_clean,0.008102229,0.0399021927,0.0766396788,0.3514551078,0.6131530187,1.8466676279,2.9961797714,7.99443e-06
GUDJOG_clean,0.006333061,0.03125589,0.0628697255,0.3057064676,0.5936279594,2.4158369904,5.0470612201,6.25986e-06
GUFBOA_clean,0.0076285428,0.0366564512,0.0749318252,0.3337786833,0.5937185197,1.5584122063,2.1884314603,7.6312e-06
GUFBUG_clean,0.0124008355,0.0622823483,0.1216102417,0.5384881485,0.949454605,2.5169656814,3.6998133332,1.27551e-05
GUFREF_clean,0.0060968165,0.0305613744,0.0592123744,0.2765105294,0.4782049871,1.4336240123,2.3902635544,6.16561e-06
GUFXEM_clean,0.0077879662,0.0381720552,0.0757306245,0.3701892194,0.6861988067,2.5096978331,4.284263084,7.6556e-06
GUGNON_clean,0.0080525133,0.0408959102,0.0813597114,0.3896093583,0.7226280493,2.7077862881,5.0022237474,8.22795e-06
GUHMIH_clean,0.0047038098,0.0234431811,0.0477140121,0.2359146838,0.4662634225,2.2673397815,6.2793377926,4.72013e-06
GUHNUU_clean,0.005905674,0.028478631,0.0577951489,0.2834414067,0.54598563,2.3364474457,5.075416204,5.74497e-06
GUHPAC_clean,0.0057435037,0.0285841665,0.0578304151,0.2861434622,0.5595833702,2.3385301319,5.0209990483,5.81341e-06
GUHPEG_clean,0.0062745731,0.0308792285,0.0618005682,0.2905148417,0.5375135769,1.8635283351,3.231401655,6.20563e-06
GUJREK01_clean,0.0036994378,0.0193743575,0.038152581,0.1868028715,0.3706863893,1.5179549389,3.2045749442,3.83053e-06
GUJREK_clean,0.0037948192,0.0190456322,0.0372549734,0.1789798892,0.3619623928,1.4951008616,3.1479132516,3.73195e-06
GUKCIA_clean,0.0237516014,0.1154482049,0.2216691957,0.8827169409,1.5067030985,4.7093994261,9.5313377094,2.38206e-05
GUKFEY_clean,0.0099586774,0.0510904806,0.1030921427,0.4982018648,0.9360861966,3.527443399,6.448310618,1.035e-05
GUKYUI_clean,0.0025455532,0.0120668152,0.0244618729,0.1167873004,0.2180824534,0.8075008263,1.4477856039,2.4636e-06
GUKZAO_clean,0.0067861925,0.0337455268,0.0666668954,0.3260837593,0.6148443965,2.4041252798,4.5998753035,6.73355e-06
GULBAR_clean,0.0154886086,0.0770863216,0.1455868795,0.6227030531,1.056733623,2.4770309756,3.2763384004,1.52736e-05
GULCAS_clean,0.0138143874,0.0689750189,0.1373958411,0.5971103552,1.068609258,2.5826490292,3.3527092772,1.40836e-05
GULPIN_clean,0.0073939261,0.036390564,0.073142667,0.3313983475,0.5829388688,1.6296104441,2.4808545696,7.44993e-06
GULVUF_clean,0.0045686056,0.0226706276,0.0449926236,0.2196321206,0.4278628407,1.8444140669,4.352567026,4.55752e-06
GULWAM_clean,0.0055501454,0.0269681642,0.0535752957,0.2662313402,0.5153829082,2.1992216843,5.1473187849,5.44141e-06
GULWEQ_clean,0.0042532893,0.0210057207,0.0424763505,0.2109838841,0.4177804456,1.8498824448,4.5923211146,4.26155e-06
GULWIU_clean,0.0035975795,0.0178919984,0.0353743714,0.1782843112,0.3449662232,1.5556983015,3.8522732954,3.58839e-06
GULWOA_clean,0.0021150683,0.0109830286,0.0216579929,0.1071818525,0.2132157441,0.9741176964,2.5624021826,2.16663e-06
GUMDEZ_clean,0.035045676,0.1678268012,0.3198282734,1.2123029218,1.8643267191,3.339898238,4.0731091559,3.48081e-05
GUNFAW01_neutral,0.001899471,0.0094889315,0.0190663085,0.0944555117,0.1899765803,0.9507462974,2.8007678614,1.89117e-06
GUNZIA_clean,0.0100573138,0.04946671,0.0970421273,0.4230365231,0.7664433507,2.410310592,3.9325627405,1.01201e-05
GUPBEZ02_clean,0.0011056747,0.0055328927,0.0105400626,0.0542639239,0.1086604082,0.5380945241,1.575117983,1.08937e-06
GUPBOJ03_clean,0.003017124,0.0151686269,0.0298356029,0.1490697445,0.29716145,1.3374015613,3.4317114721,2.9996e-06
GUPBUP_SL,0.0015906764,0.0080520089,0.0159623995,0.0801281099,0.1590777536,0.7748490646,2.1783819895,1.6072e-06
GUPCAW_clean,0.0018238764,0.0093120656,0.0182402346,0.0913173715,0.1822184874,0.8801953828,2.5434206054,1.83414e-06
GUPCEA_clean,0.0059158822,0.030389037,0.0608715952,0.2796523545,0.5243224463,1.8998318533,4.0147330112,6.13492e-06
GUPDEB_clean,0.0019089478,0.0095385485,0.0193084612,0.096135291,0.1876378821,0.8652516655,2.2864884332,1.93914e-06
GUPREQ_clean,0.0060264972,0.029782484,0.0594960445,0.2764079439,0.5088114735,1.7566076293,2.9268476336,5.98504e-06
GUQWOG_clean,0.007151358,0.0356410032,0.0706573672,0.3481434646,0.6674407826,2.6494973946,5.3454923279,7.12999e-06
GURPIT_clean,0.0020315867,0.0096283229,0.0194960299,0.0986389378,0.1984239531,0.9664569484,2.9024849563,1.97042e-06
GURPOZ_clean,0.0418134032,0.1968684801,0.3710067816,1.3987654442,2.1721578199,4.3313637002,5.6173727307,4.20907e-05
GURPUF_clean,0.0020363508,0.0099206295,0.0200665843,0.0988398782,0.2010827998,0.967885759,2.9258170698,1.99563e-06
GUSJOU_clean,0.0050396121,0.0251129372,0.0500114899,0.2409066993,0.4635465781,1.7253727554,3.1909840102,5.07214e-06
GUSMAJ_clean,0.0106221328,0.0527703704,0.1041712845,0.433020742,0.7516884911,1.8417975768,2.5723878575,1.07974e-05
GUTYIE_clean,0.0109252772,0.0532684297,0.1062287331,0.5085293979,0.9279090619,3.0301357651,4.9801833046,1.07944e-05
GUVBOQ_clean,0.005519432,0.0272269794,0.0524678837,0.2222592372,0.3984718505,1.2503198079,2.3432026855,5.45978e-06
GUVCOP_clean,0.0028151816,0.014511094,0.0289071907,0.1414186218,0.2793298228,1.1734583182,2.6039110318,2.90339e-06
GUVKUE_clean,0.0037859983,0.0184237435,0.0373517601,0.1843059001,0.352642932,1.5945780924,3.6932713068,3.76218e-06
GUVLAL_clean,0.0039604531,0.0195231379,0.0385703104,0.1886132878,0.3642793963,1.6272373475,3.6928223326,3.86775e-06
GUVZII_clean,0.0039960446,0.0201073988,0.0402856527,0.1996359935,0.3866597834,1.8363074019,4.4773304364,4.00547e-06
GUWDUY_clean,0.0066794547,0.0356548301,0.0702376848,0.3335285052,0.632490177,2.383280699,4.5558847557,7.087e-06
GUXJUF_clean,0.0022720859,0.0112949686,0.0217187131,0.1075580941,0.2064051371,0.8206967039,1.6213850078,2.19134e-06
GUXPOF_clean,0.0028649967,0.0143082398,0.0283095157,0.1398043953,0.2705375414,1.0574591035,2.0758407689,2.86338e-06
GUXSEY_clean,0.0139189803,0.0693826452,0.1358528444,0.6112839257,1.1383135038,3.2219834726,4.6571161317,1.40153e-05
GUXSIC_clean,0.0144450923,0.0728787728,0.1421910307,0.6476349864,1.1628691905,3.1643766546,4.492247024,1.46023e-05
GUXZIJ_clean,0.0041649032,0.0202617548,0.0404718155,0.1958608886,0.3733668314,1.3594067865,2.4173509465,4.10819e-06
GUXZUV_clean,0.0067472583,0.0339239435,0.0679733792,0.3210723862,0.6008836399,2.1350680355,3.6769825163,6.83539e-06
GUYBAE_clean,0.0040744385,0.0202320894,0.0399539929,0.1939270577,0.3606917797,1.3347989052,2.4173342047,4.02194e-06
GUZVOO_clean,0.0037978917,0.0190736668,0.0372007919,0.1779850036,0.3340002215,1.2418583662,2.5534655523,3.82615e-06
HABCEV_clean,0.0047931591,0.0236617618,0.0472481762,0.2349507199,0.4679371171,2.1779594262,5.5045043941,4.73501e-06
HABCIZ_clean,0.0040032145,0.0199318248,0.040344442,0.199332773,0.3961889565,1.8571080445,5.0157895197,3.98725e-06
HABCOF_clean,0.0037666341,0.0194687991,0.0391318576,0.1974833274,0.3870677217,1.8312226704,4.922493727,3.91968e-06
HABDAS_clean,0.0039870672,0.0206150648,0.0404706883,0.201786759,0.3963211429,1.8968598846,5.0521112116,4.00535e-06
HABQUY_clean,0.0044957021,0.0240528379,0.0496744597,0.2370304902,0.4739445689,2.2411102857,6.3698722142,4.7845e-06
HABRAF_manual,0.0048737386,0.0240252216,0.0488084487,0.2390796764,0.4720301675,2.2152118928,5.9907307589,4.83662e-06
HABREJ_clean,0.0097479237,0.0488923531,0.0978312849,0.4489071076,0.8504481232,3.0989092611,5.8114545439,9.80102e-06
HABRUZ_clean,0.0089854307,0.0445228184,0.087430134,0.4032324609,0.7395658261,2.4092018426,4.0984867116,8.87546e-06
HACDOH_clean,0.0357210621,0.1701069623,0.3243268095,1.1975447339,1.9377201702,4.8416917929,7.4962191762,3.59109e-05
HACDUN_clean,0.0623517824,0.293769778,0.5128423436,1.6274243082,2.4202628758,5.2226080742,7.5942610773,6.39024e-05
HACRAH_clean,0.0345415976,0.1699240247,0.3356171065,1.3613767591,2.2828578444,5.5665668464,8.5772863023,3.47669e-05
HACREL_clean,0.0469583695,0.2236912144,0.4440390112,1.6399775333,2.5783421385,5.7990705149,8.6129571121,4.70763e-05
HADLOQ01_clean,0.0048323444,0.0231349461,0.046948344,0.2342218335,0.4628704845,2.1844302042,5.7394811919,4.6862e-06
HADPOU_clean,0.0089624662,0.0437542161,0.0858615541,0.3868173219,0.6935927221,1.9118579019,2.7572552978,8.71603e-06
HADQUA_clean,0.0336669643,0.1668565673,0.310663092,1.2041216333,1.9410562106,4.4140978101,6.5643376336,3.43248e-05
HADXIW_clean,0.0011680463,0.0059368514,0.0117914325,0.0596555031,0.1186786731,0.5231431752,1.3032890688,1.19834e-06
HAFGUQ_clean,0.013273562,0.0666901586,0.1308934391,0.596833429,1.0896495516,3.2703845704,5.1071192116,1.33706e-05
HAFTOZ_clean,0.0034745905,0.017731698,0.0355480439,0.174285783,0.3498291904,1.6475041022,4.6569106398,3.49242e-06
HAFVOB_clean,0.0099698125,0.0507220163,0.099547342,0.4601792904,0.8745432451,3.0607052267,5.3758172211,1.00731e-05
HAFVUH_SL,0.0093351999,0.0453601469,0.090580849,0.4510838556,0.8725090561,3.7055723493,7.0827545768,9.07953e-06
HAFWIW_clean,0.0031861219,0.0156868538,0.0311582591,0.1522985132,0.298338011,1.2264949455,2.6524653392,3.14431e-06
HAHCUR_clean,0.006969219,0.0340847172,0.0684552948,0.333512382,0.6266483716,2.4326628674,4.5670813668,6.92187e-06
HAHPOW_clean,0.0014696721,0.0066950671,0.0145689238,0.0688094582,0.1302705557,0.5845890351,1.3611061883,1.42341e-06
HAJDII_clean,0.0026294564,0.0130055684,0.0259066619,0.1278917094,0.2544076607,1.0687209178,2.3529476101,2.60572e-06
HAJLEK_clean,0.0044410904,0.0220680296,0.0437472543,0.1921819025,0.3334487985,0.8180555554,1.0967431955,4.53036e-06
HAJLIO_clean,0.0045868922,0.0214429252,0.0431389087,0.1890831946,0.3359676509,0.805437831,1.1128853022,4.52135e-06
HAJLOU_clean,0.0043774068,0.0219138483,0.0431104187,0.1854213898,0.3290965299,0.8097498784,1.1119468076,4.4394e-06
HAJLUA_clean,0.0042500397,0.0209049667,0.0413624725,0.1794720046,0.3196663353,0.8011861154,1.1192871759,4.1892e-06
HAJMEL_clean,0.0038417343,0.0192843625,0.0373694445,0.1674266164,0.3016652907,0.7901004311,1.1091325812,3.9111e-06
HAJMIQ_clean,0.0074318426,0.036401046,0.0722247487,0.3205592384,0.5957944407,2.2211147726,5.1625570753,7.35083e-06
HAJPEQ_clean,0.0138529576,0.0681673549,0.1324013861,0.5552858234,0.9132080263,2.4255205725,3.9482467684,1.39338e-05
HAJRES_clean,0.0188351523,0.0924592627,0.1763227948,0.7151930372,1.1289067045,2.7201626738,4.0118411006,1.91653e-05
HAJYEZ_clean,0.0145471483,0.0708013422,0.1352213332,0.5628501771,0.9123282949,2.0095741539,2.6891380795,1.44587e-05
HAKCAZ_clean,0.0083270635,0.0413951139,0.0836065301,0.39557067,0.7515331076,2.8036777686,5.0570799782,8.35292e-06
HAKSAQ_clean,0.0115200691,0.0573861593,0.1148537882,0.5446954637,1.0333148525,3.7339202284,6.3511361773,1.14719e-05
HAKSEU_clean,0.0096601198,0.04799192,0.0958785816,0.4566842936,0.8678425524,3.2350426159,5.7043125841,9.65085e-06
HAKSIY_clean,0.0088732689,0.0447058408,0.0895343191,0.4392694339,0.8344387364,3.3805524278,6.4413725466,9.02252e-06
HAKVOH_clean,0.0053243433,0.0262631414,0.0529193994,0.2614306821,0.5081926917,2.2152393165,4.8827829912,5.31549e-06
HAKVUN_clean,0.009368494,0.0478326475,0.0939847314,0.462101685,0.880479888,3.5053373177,6.4178334554,9.52157e-06
HAKWAU_clean,0.007613722,0.0386796805,0.0758349013,0.3721954401,0.7238975108,3.0540052047,6.1899452935,7.6627e-06
HALQUJ_clean,0.0069361075,0.034496561,0.0696209184,0.3401803213,0.667298304,2.8581637381,6.2787799811,6.93111e-06
HALVAU_clean,0.0056757371,0.0286685955,0.0573321925,0.2800080287,0.5482272191,2.2224172109,4.6831653956,5.72921e-06
HAMJOW_clean,0.0104130356,0.0519738122,0.1035477343,0.5002957774,0.962211362,3.8727594133,7.2847512712,1.04447e-05
HAMJUC_clean,0.0533689194,0.2472327917,0.4738107993,1.6732115826,2.56615359,5.757047109,8.6116933235,5.32762e-05
HAMLIT_clean,0.0104045439,0.051912476,0.1014668218,0.4769943568,0.8693192004,3.1443327429,5.8262501279,1.03703e-05
HAMREU_clean,0.0030718359,0.014950485,0.0296778448,0.142267644,0.2693417955,0.9887909436,1.8783287822,2.98751e-06
HAMRIY_clean,0.0030699593,0.0153434207,0.0302819765,0.1443815992,0.2627976547,0.9274805041,1.7068431761,3.06456e-06
HANKIS_clean,0.0057997405,0.0291472252,0.0569249651,0.2728045674,0.5245269542,2.3276320965,5.5044869677,5.76916e-06
HANKOY_clean,0.00560899,0.0279075492,0.0556070154,0.2677359649,0.5176798515,2.3217175795,5.5502571045,5.66318e-06
HANKUE_clean,0.0056196655,0.027994983,0.0562602998,0.2641362504,0.5140021549,2.2880110707,5.4242028271,5.61394e-06
HANWAW_clean,0.0077040147,0.0383373327,0.0764383771,0.3602332339,0.7004958666,2.8055677373,6.0186025463,7.78797e-06
HAPBAE_clean,0.0034642827,0.016662919,0.0334483646,0.1657365951,0.312140015,1.3358393113,2.9319317465,3.37502e-06
HAPBEI_clean,0.0033651006,0.0165763122,0.0328583743,0.1617856261,0.3087037749,1.31723378,2.875359335,3.32129e-06
HAPBIM_clean,0.0023638993,0.0120036858,0.0239567196,0.1178726366,0.2242652704,1.047163876,2.5086485207,2.39343e-06
HAPGIR_clean,0.005697084,0.0285195684,0.0561313597,0.2748885721,0.5320939874,1.9469002046,3.5819377049,5.73496e-06
HAPHUD_clean,0.0050507179,0.0253316415,0.0508898856,0.251533809,0.4941772467,2.2058771294,5.3621780117,5.1072e-06
HAPNEU_clean,0.0037069552,0.0185347761,0.0371366727,0.1799474688,0.3411668249,1.450281112,3.1500079896,3.73756e-06
HAPNOE_clean,0.0034174207,0.0170577944,0.0340092393,0.1688001487,0.3206580639,1.3027515766,2.6433426504,3.45277e-06
HAPNUK_clean,0.0035195054,0.017260429,0.0342888944,0.1665982681,0.3214314754,1.2913130539,2.6361496252,3.44815e-06
HAPPAS_clean,0.003596057,0.0180141323,0.0370412035,0.177669653,0.3354858681,1.3155079952,2.597581576,3.69797e-06
HAPVEB_clean,0.0027695872,0.0136786131,0.0263567462,0.1271825069,0.2374875344,0.8317831922,1.4869317812,2.69878e-06
HAQJIV_clean,0.0073064522,0.0364844076,0.0711277202,0.3442117226,0.6542586663,2.6739247519,6.4410871718,7.23899e-06
HAQKES_clean,0.0023430731,0.011492014,0.022797902,0.1147983124,0.2214134243,1.0264216685,2.5444741258,2.32053e-06
HAQRID_clean,0.0062355395,0.0312494986,0.0626059013,0.3112488357,0.5918752369,2.6754150143,5.9251394892,6.26882e-06
HASMIZ_clean,0.0042538856,0.0213856832,0.0425362137,0.2085223008,0.4192270299,1.8951324501,4.9157611192,4.23899e-06
HASNIB_clean,0.0027232385,0.0128524152,0.0259223719,0.1278048358,0.2495232734,1.0052354415,2.1304124671,2.61308e-06
HASNOH_clean,0.0033160482,0.0161986685,0.0324987868,0.1568627089,0.305244511,1.1719838098,2.2335023308,3.25029e-06
HASNUN_clean,0.0024723512,0.0118679208,0.0235929312,0.117302504,0.2299508902,0.9497941175,2.0593954895,2.41306e-06
HASTAY_clean,0.0089717336,0.0435862142,0.0864314112,0.4020045838,0.7555202646,2.5506388683,4.3114021602,8.84312e-06
HATZOS02_clean,0.0036426744,0.0172480156,0.0340109754,0.1637539064,0.3224694139,1.1907241542,2.2833410058,3.43043e-06
HATZOS_clean,0.0035285436,0.0174786549,0.0349049999,0.1653564929,0.3146300553,1.2014358044,2.2761198556,3.4417e-06
HAVVUX_clean,0.0016297232,0.0079553858,0.015937734,0.0780447167,0.1546147435,0.6483841668,1.4189421491,1.58444e-06
HAVZIP_clean,0.0035492495,0.018677578,0.0374107578,0.1890925226,0.378384285,1.848806847,5.4790913705,3.77185e-06
HAWGIY_clean,0.0056391801,0.0278715815,0.0552555814,0.2551982723,0.4496529113,1.1808357125,1.6634809162,5.69003e-06
HAWREE_clean,0.0070619429,0.0351170555,0.0699178848,0.3326646776,0.605178609,2.0756385431,3.6144604759,7.03874e-06
HAWVAE_clean,0.0103007305,0.0517311618,0.1019060479,0.4666370485,0.8203833948,2.3427839041,3.5624113296,1.05533e-05
HAWVEI_clean,0.0099984089,0.0492238179,0.0979588947,0.447056149,0.7863570837,2.323592379,3.5861337171,1.00334e-05
HAWVIM_clean,0.0107541948,0.0530049333,0.1047599366,0.4692429179,0.830682898,2.371224476,3.5745995458,1.07116e-05
HAWVOS_clean,0.0111402386,0.0545286085,0.1085304432,0.4854979482,0.838123033,2.3648460802,3.5269760168,1.10816e-05
HAWVUY_clean,0.0106014565,0.0530921388,0.1039515867,0.4726238102,0.8298640997,2.3492276794,3.5492649831,1.07976e-05
HAWWAF_clean,0.0110910037,0.0564177121,0.1092954189,0.485624362,0.8566937108,2.3873047063,3.5484968822,1.13406e-05
HAWWEK_clean,0.0049284507,0.0247865919,0.0491541374,0.2434566201,0.4812188658,2.2853228416,5.8754093663,4.88732e-06
HAWWIN_clean,0.0041567553,0.0202869997,0.0399963826,0.1997094028,0.3875717924,1.7089714321,4.083798208,4.053e-06
HAWWOT_clean,0.0038699026,0.0194955473,0.0384904063,0.1928301554,0.3752840692,1.6408817469,4.0550386249,3.86841e-06
HAWWUZ_clean,0.0039507429,0.0197093828,0.0395804463,0.1952449329,0.3831881628,1.6722347384,4.0743216405,3.95846e-06
HAWZEM_clean,0.0261531315,0.1284233838,0.2501960346,0.9987457434,1.6255558973,3.2893629119,4.2778820814,2.62032e-05
HAXMUP_clean,0.0009860519,0.0053403006,0.0112004751,0.0538691843,0.106539974,0.5139209517,1.3324172124,1.08634e-06
HAXNOJ_clean,0.0015156693,0.0075944827,0.0151278776,0.0760474083,0.1498368728,0.7041545798,1.9346682435,1.52589e-06
HAYLIE_clean,0.0046714115,0.023493008,0.0464913071,0.2310215018,0.4572526354,1.9759598543,4.5103176548,4.6901e-06
HAZSIL_clean,0.0037453691,0.0184216769,0.0370523558,0.1816343744,0.3663076139,1.6676175857,4.050903277,3.72242e-06
HAZWIP_clean,0.0041470593,0.0210713019,0.0413789556,0.208068101,0.4142657129,1.9865600123,5.4784935796,4.16405e-06
HEBJAB_clean,0.0023445404,0.012247166,0.0240424224,0.1188356532,0.2272649467,0.8677867543,1.7017694233,2.41365e-06
HEBKEG_clean,0.0076335025,0.0375025416,0.074341934,0.3490314267,0.6383393501,1.8215377048,2.5655691825,7.39222e-06
HEBNIN_clean,0.0020918253,0.0102962899,0.0210025184,0.1030756322,0.2048986743,0.8763256376,2.0574986616,2.11914e-06
HEBNOT_clean,0.0019216187,0.0098920441,0.0199370694,0.0949781513,0.1852160897,0.7864791407,1.8414522196,1.95759e-06
HEDBEZ_clean,0.0028690498,0.01415313,0.028500502,0.1391590002,0.2682460752,1.0655266818,2.1754944466,2.85138e-06
HEDBID_clean,0.0028957066,0.0141901245,0.0274991767,0.1369982994,0.2661535758,1.0529606951,2.1457735393,2.82158e-06
HEDBOJ_clean,0.0013651578,0.0070573495,0.0140791985,0.0691284614,0.1358017365,0.6101835894,1.4777413827,1.39375e-06
HEDBUP_clean,0.0013593732,0.0069575487,0.0141649585,0.0691673532,0.1384094237,0.6089727023,1.4657819645,1.39594e-06
HEDCAW_clean,0.0052404044,0.0266084934,0.0532930989,0.259390301,0.4981299108,2.0731046255,4.6292997194,5.3274e-06
HEDCIE_clean,0.0058027147,0.028843738,0.0577636843,0.2767622747,0.5389970776,2.0842523857,4.1873151476,5.81038e-06
HEFDED_clean,0.0013087908,0.0065500544,0.013082917,0.0642649566,0.1248037413,0.5195810815,1.1877443042,1.3111e-06
HEFDON_clean,0.006060728,0.029864841,0.0587063084,0.2843447388,0.5284259822,1.860643502,3.5755880448,6.04353e-06
HEFFEF_clean,0.005513865,0.0270502978,0.0534117629,0.2476849957,0.4685663918,1.5968726614,3.2325682511,5.45027e-06
HEFVAR_clean,0.0018505306,0.0097690424,0.0190233245,0.0885175913,0.1567738271,0.5012022112,0.7839619879,1.89719e-06
HEGCEB_clean,0.0018324764,0.009438014,0.018834208,0.0934943163,0.1859184208,0.8365692132,2.145613201,1.87526e-06
HEGJUZ_clean,0.0093731523,0.0476578998,0.093692207,0.4336346125,0.7824026629,2.4483497913,3.9730341811,9.64481e-06
HEGNAJ_clean,0.0025577711,0.0126914588,0.0248411483,0.1180819216,0.2157016743,0.6941205305,1.1740462692,2.55098e-06
HEGNEN_clean,0.0031366918,0.0159987676,0.0310843973,0.1445107798,0.2617405378,0.8594666716,1.4987763767,3.19336e-06
HEGNIR_clean,0.00312571,0.0152931662,0.0307104679,0.1412923263,0.2475855211,0.7494729468,1.1724994886,3.11259e-06
HEGNOX_clean,0.0034926759,0.0172536252,0.0344443242,0.1537514215,0.2760547764,0.8191185462,1.3101041199,3.48131e-06
HEGNUD_clean,0.0031158006,0.0155997641,0.0312765627,0.1411999102,0.2521651358,0.8139265567,1.3622828779,3.12462e-06
HEGPAL_clean,0.0031181377,0.0151945538,0.0298352777,0.1369374002,0.2484089256,0.7560475923,1.2167987675,3.03736e-06
HEKTAU_clean,0.0108631651,0.0543651323,0.1064442262,0.5018392315,0.9348821525,3.2047121532,5.4242918908,1.07647e-05
HELDEJ_SL,0.0074379486,0.036295172,0.0711316884,0.3088752847,0.5181624893,1.2144216419,1.7370822054,7.45677e-06
HELDOT_clean,0.00426102,0.0208079368,0.0409688986,0.2098863906,0.4102497859,1.9503301046,5.2759541306,4.15976e-06
HEMTEZ_clean,0.0023767795,0.0122571588,0.0243509431,0.1197174759,0.2321633322,1.0248675486,2.3137605305,2.45997e-06
HETZOW_clean,0.0045901211,0.0223607787,0.0449011371,0.2157914219,0.4119064733,1.4703388527,2.8271105244,4.50786e-06
HEWFUL_ion_b,0.0015482207,0.0075602222,0.0147050307,0.0694967137,0.1300566685,0.4369232041,0.7133066543,1.51131e-06
HEXVEM_clean,0.0042549884,0.0214585329,0.0419991115,0.2149201125,0.4269351695,2.120431356,6.0718144631,4.2884e-06
HEZPIL01_clean,0.0056523091,0.0271902468,0.0554034109,0.2725355708,0.5232857685,2.0715774897,4.0229096723,5.56965e-06
HGCNCO_clean,0.0023015255,0.0110914787,0.0223703832,0.1108051902,0.2185480332,0.9224225136,2.1209836137,2.22684e-06
HIBGEF_clean,0.005727313,0.0281891504,0.0567548579,0.2742004249,0.5028839963,1.5672005546,2.3926806695,5.7258e-06
HIBGIJ_clean,0.0025196259,0.0126013232,0.0245352169,0.120148475,0.2330286753,0.8626413649,1.6377680414,2.53686e-06
HICGEG_clean,0.0065950756,0.0323799186,0.0626684677,0.3114107264,0.5835690618,2.2678346002,4.5396733016,6.42154e-06
HICVOG_clean,0.0273485493,0.1356111503,0.2632591265,1.0982657537,1.8470894898,3.9888571888,5.1822041802,2.76821e-05
HICVUM_clean,0.0104070052,0.0517132799,0.1009330274,0.462689969,0.8524578736,2.6043242114,4.0731248762,1.04107e-05
HICZAW_clean,0.0112912113,0.054734189,0.1082687539,0.4469728363,0.7419359551,1.8225375924,2.6959468081,1.13255e-05
HICZEA_clean,0.0124072161,0.0622616949,0.1202319824,0.515148748,0.8597392955,2.1370151758,3.0496239793,1.25992e-05
HICZIE_clean,0.0116869816,0.0577674731,0.1157884799,0.4660374821,0.7478125631,1.7937683962,2.6713886243,1.18979e-05
HIDCUU_clean,0.0117488684,0.0564217298,0.1139314607,0.4534186633,0.7412944897,1.7268506235,2.5320285242,1.19376e-05
HIDDAB_clean,0.0144560556,0.0703971544,0.1377816157,0.5721041845,0.9323288121,2.1946152661,3.0466669954,1.4592e-05
HIFGEK_clean,0.0036711364,0.0185687464,0.0367502564,0.1766423658,0.3330994001,1.289952094,2.7335406532,3.68559e-06
HIFGIO_SL,0.0059251595,0.02910619,0.0572493375,0.2810478907,0.5464830677,2.2199216846,5.0053642084,5.84413e-06
HIFTOG01_clean,0.0032590127,0.0162138925,0.0317946518,0.1589732588,0.3113473213,1.5321661672,4.4745026583,3.18251e-06
HIFTOG02_clean,0.0087015233,0.0424503651,0.0858484007,0.4003431247,0.7440330015,2.6035188991,4.8487797694,8.71154e-06
HIFTOG_clean,0.0088861871,0.0437490999,0.0860574159,0.4032186048,0.7474076828,2.6513772771,4.9205977755,8.74979e-06
HIFTUM_clean,0.0017747798,0.0088529533,0.0173414554,0.0856195086,0.1703662891,0.7044828351,1.5788362498,1.7633e-06
HIFVOI_clean,0.0057336727,0.0278364033,0.0547488417,0.2679948752,0.5129767575,1.9635137254,4.2268873734,5.63687e-06
HIFWAV_clean,0.0063529119,0.0315494898,0.0616801452,0.2918716708,0.5138540023,1.7448343079,3.2400080513,6.39319e-06
HIGRIA_clean,0.0043429154,0.0216687655,0.0424457368,0.2099686576,0.4119569792,1.9272740578,5.2722106803,4.23339e-06
HIHFOV_clean,0.0165958713,0.0807724585,0.1576365011,0.6841405169,1.1391609069,2.7381620686,3.7791667832,1.65933e-05
HIHFUB_clean,0.0061914058,0.0303956972,0.0606525576,0.3012424723,0.5750838148,2.4562011775,4.9770368973,6.06379e-06
HIHGAI_clean,0.0058196896,0.0287732604,0.0569957523,0.2753798622,0.5124842423,2.0020977434,4.2754328667,5.82372e-06
HIHGEM_manual,0.0053171215,0.02598469,0.0533392436,0.255844107,0.4929928505,2.0467528564,4.4611318323,5.24624e-06
HIHGIQ_clean,0.0099575318,0.0514774947,0.1015459369,0.4785813044,0.8719140834,3.2564604562,6.2822095574,1.02001e-05
HIHGUC_clean,0.0048295815,0.0236385126,0.0479239785,0.240937442,0.4757922335,2.1604543052,5.6310771485,4.80916e-06
HIJSOK_clean,0.0050470132,0.025460663,0.0509314489,0.2525343174,0.4670916683,1.7700945302,3.3864330337,5.11823e-06
HILJUJ_clean,0.0006841232,0.0036470842,0.0072599623,0.0356451765,0.0697817435,0.2888898835,0.6364321238,7.34005e-07
HIMSAY_clean,0.0254400115,0.1239172618,0.2440292148,0.976606302,1.636492288,4.1276446163,6.3361987411,2.58838e-05
HIQKID_clean,0.0038248213,0.0190425276,0.0364933849,0.1706626235,0.3051317674,0.9463571633,1.5608428501,3.82662e-06
HIQNAY_clean,0.0090213959,0.045486947,0.0894724547,0.4050710244,0.7351835073,2.2007130234,3.4995530044,9.05714e-06
HIQWOV_clean,0.0058849081,0.0298243304,0.0579238528,0.2878259203,0.5372148924,2.2201067081,4.5187401587,5.90938e-06
HISGAT_clean,0.0061926789,0.0304888769,0.0610442749,0.2824108163,0.5028513829,1.5123423085,2.3119819534,6.25474e-06
HISGIB_clean,0.004704388,0.0240709121,0.0475089811,0.2277981051,0.4164920973,1.3355645583,2.1679654697,4.82198e-06
HISJIE_clean,0.0021957998,0.010945816,0.0214396566,0.1053709292,0.2007961095,0.8047074237,1.5980571043,2.16138e-06
HISSIN_clean,0.0068769844,0.0339452863,0.0687618646,0.3260946456,0.6275377877,2.4235317869,4.6041334434,6.90283e-06
HIWKEE_clean,0.0028162115,0.014108417,0.0281475231,0.1362324069,0.2665168438,1.0625671744,2.2868038576,2.80815e-06
HIWKII_clean,0.001313624,0.0068248254,0.0140054977,0.0692131124,0.1346960285,0.6448282683,1.731551145,1.38529e-06
HIWLIK_clean,0.008621594,0.0422926321,0.0838493073,0.3929095041,0.7134611233,2.1858593183,3.4139669071,8.58509e-06
HIWLOQ_clean,0.0070272449,0.0359273448,0.0693535123,0.3291140137,0.6069061324,2.0872505094,3.5649080382,7.12425e-06
HIWLUW_clean,0.0090454083,0.0448193727,0.0901695223,0.4191241011,0.7748052178,2.4736679182,3.982346973,9.14482e-06
HIWMAD_clean,0.0083935829,0.0431447119,0.0848232316,0.3858708116,0.7268526288,2.4722510019,4.2245665916,8.60236e-06
HIYBUN_clean,0.001750551,0.0090324972,0.0181611257,0.0904922403,0.1796684432,0.8305004329,2.2199697829,1.82129e-06
HIYGIH_clean,0.0061095476,0.030854961,0.0608615676,0.2964771436,0.5848442992,2.4934006374,6.1229397289,6.02681e-06
HIYYEU_clean,0.001617559,0.0080772776,0.0157759328,0.0772684155,0.1531758938,0.6578542951,1.4768544853,1.59313e-06
HIZQEN01_clean,0.0072570567,0.0363738073,0.0704309315,0.3353973168,0.6213927804,2.0144651488,3.3843122989,7.28406e-06
HIZQEN_clean,0.0074303371,0.0358370149,0.071807757,0.3384504414,0.6191796889,2.0305237176,3.3829430074,7.24057e-06
HIZQUD_clean,0.0063898876,0.0321347168,0.0642605045,0.3056587381,0.5549893615,1.9284903972,3.301700121,6.4698e-06
HIZSEQ_clean,0.0061226293,0.0310811877,0.060785464,0.3041150808,0.5993047287,2.69617466,6.429242449,6.22023e-06
HIZTUG_clean,0.0245742071,0.116338261,0.2289584825,0.9026080675,1.4475505898,3.8186054929,6.3809174636,2.45112e-05
HOBGAH_clean,0.0031155964,0.0148686024,0.030936908,0.1451470692,0.2703520511,0.8846069297,1.5322355781,3.03001e-06
HOBGEL_clean,0.0131255997,0.0652873654,0.1272173513,0.579833312,1.0080113846,2.7349303263,3.8418273481,1.30347e-05
HOBGIP_clean,0.0094045172,0.047328568,0.088308006,0.3973067598,0.6749046479,1.747127142,2.4861051212,9.37756e-06
HOBGOV_clean,0.0097758066,0.0488478821,0.0958545261,0.4189345319,0.7261643139,1.8937507411,2.8586952778,9.84577e-06
HOCDOU_clean,0.0034105157,0.0167138557,0.0345222097,0.1661520269,0.3181115663,1.2413176353,2.5293557369,3.46461e-06
HOFJIX_clean,0.0035931951,0.0176764485,0.0356318316,0.1735596799,0.3421079531,1.5353923945,3.6503967008,3.51587e-06
HOFSOL_clean,0.0048454175,0.0242736481,0.0473584462,0.2384094395,0.4790165444,2.2142161072,5.7815453108,4.8263e-06
HOFSUS_clean,0.0078834443,0.0375012408,0.076458346,0.3549464169,0.6719332328,2.3242971915,3.9812148974,7.68043e-06
HOGJET_clean,0.0050804729,0.0255281187,0.0503855479,0.2475242436,0.4886475944,2.1749831355,5.4915049321,5.05504e-06
HOGJIX_clean,0.0055514549,0.0281910826,0.0547135073,0.2780645373,0.5487779604,2.452847531,6.2496131692,5.57003e-06
HOGJOD_clean,0.0078119072,0.0392836284,0.0775295245,0.3474628058,0.6563849416,2.0216325926,3.0906759505,7.82515e-06
HOGJUK_clean,0.0019405052,0.009646408,0.0190653901,0.0943197779,0.1886749987,0.7952364699,1.8797603288,1.9086e-06
HOGLEV01_clean,0.0086929383,0.0436073446,0.0870252277,0.4022824349,0.7513997509,2.8193427713,6.2683640974,8.93383e-06
HOGLEV_clean,0.0069922429,0.0326096632,0.0650120333,0.3245653379,0.6281650919,2.6092099352,5.9463107958,6.64711e-06
HOGSIG_clean,0.0041927275,0.0209900565,0.042046161,0.2002826544,0.3862725202,1.4343064383,2.6182645122,4.23147e-06
HOGTOM_clean,0.0015259571,0.0076026574,0.0152878296,0.0738811917,0.1435925642,0.6117460331,1.3642316557,1.51475e-06
HOHMEX_manual,0.0039113987,0.020189832,0.0404425667,0.200026491,0.3989016736,1.9382639028,5.6566850424,4.03445e-06
HOJJUN_clean,0.0166914076,0.0811633623,0.1555751255,0.6100129522,1.0005374981,2.9266633557,5.3433278611,1.6944e-05
HOJLID_clean,0.008633862,0.0444382636,0.0883944491,0.4340786068,0.8477388765,3.6624151982,8.6157420484,8.71397e-06
HOJLUP_clean,0.0079848982,0.0387652741,0.0782405133,0.3812218121,0.7126061347,2.8427607453,5.3907858033,7.81475e-06
HOKGUJ_clean,0.0038526642,0.0185994501,0.0367297648,0.1836222693,0.367304287,1.5967091315,3.6172799261,3.72342e-06
HOKLIE_clean,0.0104159601,0.0515978956,0.1011232909,0.4483069806,0.8149698482,2.3597906041,3.7166561201,1.03443e-05
HOLQIK_clean,0.0065171384,0.032234785,0.0644480292,0.301324711,0.5871191903,2.406706444,5.1898816844,6.43487e-06
HOMRIL_clean,0.003418054,0.0174413761,0.034645581,0.1772760901,0.3459605412,1.6017163654,4.1864697021,3.49869e-06
HOMXIR_manual,0.0037964564,0.0193003527,0.0379604866,0.1900511806,0.3818395152,1.8228863009,5.2994127927,3.81466e-06
HOMZEP_clean,0.0167987667,0.0842142466,0.1642424636,0.7591687272,1.3945453718,4.4234238459,7.1260652434,1.68222e-05
HONXAL_clean,0.1535024323,0.5639018203,0.8687240977,2.0874536061,2.8477310277,4.6144860024,5.5533477192,0.000173068
HOQMIL01_clean,0.0103885752,0.0511353879,0.1011756891,0.4647629166,0.8209887278,2.3824201583,3.5871648825,1.03281e-05
HOQMIL02_clean,0.010143379,0.0499075634,0.0983881956,0.4632161527,0.8098719383,2.4152801343,3.6517879042,1.00505e-05
HOQMIL03_clean,0.0106595815,0.0519189095,0.1030155822,0.4770374745,0.8360046897,2.4348294602,3.652689415,1.04711e-05
HOQMIL04_clean,0.0098537321,0.047356253,0.0939095244,0.4358502509,0.7782268818,2.3377221433,3.6163901374,9.58037e-06
HOQMIL_clean,0.0101691892,0.050392425,0.0989320518,0.4514153949,0.8088690306,2.4646917746,3.7693935812,1.00888e-05
HOQMUX_clean,0.0106632687,0.0525623191,0.1028607215,0.4551947346,0.7976711236,2.0749422984,2.9355919701,1.06089e-05
HOQNEI_clean,0.010464162,0.0513990199,0.1040350822,0.4694824822,0.8253856669,2.3117206958,3.43710113,1.05783e-05
HOQNOS_clean,0.0110898181,0.0543506113,0.1067453099,0.4908342117,0.867385274,2.4570463876,3.6285674689,1.09527e-05
HOVGEG_clean,0.0067726218,0.0325674151,0.0647979295,0.2820449909,0.4792897133,1.1697826303,1.6032640151,6.68108e-06
HOVGIK_clean,0.0110056423,0.0547663445,0.1081944191,0.5006388108,0.9095489859,2.7970925908,4.3865072791,1.11402e-05
HOVQAM_clean,0.0091721537,0.0452451412,0.0902666275,0.4455872837,0.8694777434,3.924528914,9.2573823069,8.9757e-06
HOWJEK_clean,0.0048258306,0.0240392551,0.0462466748,0.2290549755,0.4280787966,1.4576718435,2.378799657,4.76601e-06
HOWPEQ_clean,0.003056906,0.0153827267,0.0312905924,0.1524112426,0.2979131375,1.3424912223,3.1464457462,3.10488e-06
HOWPOZ_clean,0.0044910089,0.022514978,0.0449180803,0.2224407906,0.428873372,1.8726907869,3.9425983972,4.50614e-06
HOWPUF_clean,0.0054157318,0.026067949,0.051933233,0.2595314908,0.5012088489,2.2361807613,5.0964951926,5.26901e-06
HOWQAM_clean,0.0068525243,0.0341142053,0.0662540868,0.3255339591,0.6231686342,2.6835941818,5.7255164065,6.7384e-06
HOWQEQ_clean,0.0095534275,0.0477374785,0.0929188083,0.3900406181,0.6800168552,1.7272744043,2.5498006717,9.73093e-06
HOWSAP_clean,0.0054696772,0.0275256681,0.0546798257,0.2648530836,0.5026980068,2.0299945568,4.0281487097,5.48354e-06
HOWSET_clean,0.0095479326,0.0467397221,0.0923961749,0.4258675733,0.7983025143,2.6960960144,4.6729592918,9.49745e-06
HOWSIX_clean,0.0091333396,0.0450267087,0.0883766039,0.4118123936,0.7761023245,2.6587321039,4.6680449649,9.09133e-06
HOXGEH_clean,0.0010147622,0.0052326988,0.010513064,0.0517825335,0.0995642768,0.4061824215,0.8581308321,1.0525e-06
HOXKIP_clean,0.0076095326,0.0381742966,0.0754071549,0.3414005472,0.6034414338,1.8276296244,2.8868870483,7.74226e-06
HOXKUB_clean,0.0086641016,0.0431514581,0.0861448121,0.3928921956,0.6998597085,2.1193421307,3.3678398952,8.71779e-06
HOXSUK_clean,0.0081168552,0.0396447403,0.0792093107,0.3710447829,0.6627649228,2.2627375825,4.240368342,8.0831e-06
HOYREU_clean,0.0056145963,0.0269255721,0.0549395958,0.268786326,0.525554332,2.0883803868,3.979279367,5.50977e-06
HOYRIY_clean,0.0069163401,0.0354030161,0.0705873538,0.3480699031,0.6660282989,2.5782208964,4.6900999306,7.08701e-06
HOYROE_clean,0.0054483051,0.0265400788,0.0537589281,0.2591346324,0.4869687219,1.6881537007,2.92034141,5.4052e-06
HOYTUL_clean,0.0021499838,0.0113983635,0.0225690817,0.1106816282,0.2124804889,0.8374738941,1.7269923437,2.287e-06
HOZBUV_clean,0.0016002043,0.0078002176,0.0154260938,0.0776488234,0.1530467757,0.6984253496,1.7185384592,1.56096e-06
HOZFEJ_clean,0.0016417215,0.0086401941,0.0170772886,0.0842926672,0.1705486303,0.7988561819,2.0839835025,1.70964e-06
HOZFIN_clean,0.0038354205,0.0187435129,0.0377361091,0.1860421083,0.3719043232,1.6730666752,4.3751330678,3.80095e-06
HOZTOG_clean,0.001747452,0.0087956155,0.0175505428,0.0872922946,0.1727996612,0.8244729116,2.2034807651,1.75276e-06
HOZXEB_clean,0.0044496882,0.0217811473,0.0427240782,0.1965045526,0.3400461683,1.0885658067,1.834568716,4.45789e-06
HUBQEC_clean,0.0008767547,0.0043720638,0.0087419321,0.0440272827,0.0882682653,0.416107185,1.1228007298,8.92689e-07
HUCBEN_manual,0.0140287763,0.0673437451,0.1310632337,0.6130378569,1.128827169,3.4624035959,5.4335777732,1.36502e-05
HUCSEF_clean,0.012924281,0.0635166519,0.1248310575,0.5654920476,1.03440471,3.3457818664,6.1261672773,1.28343e-05
HUCWOT_clean,0.005378391,0.027187378,0.053933742,0.2641998544,0.4969548503,1.9359451377,3.7721264224,5.42539e-06
HUCWUZ_clean,0.0055221511,0.0274895446,0.0554047374,0.2657707889,0.5059744973,1.9689470886,3.7804889095,5.53868e-06
HUCXAG_clean,0.0054825355,0.0274741063,0.0542347988,0.2662512998,0.5018551287,1.9513400546,3.7760722126,5.50283e-06
HUCXEK_clean,0.0052587904,0.0266475073,0.0533214617,0.2585604404,0.4959868909,1.9313304289,3.7485139274,5.34513e-06
HUCXIO_clean,0.0054883115,0.0269657561,0.0527544576,0.2582535473,0.4952661674,1.9262493287,3.7330158485,5.32095e-06
HUCXOU_clean,0.0052940182,0.0274231243,0.0541879393,0.2611463138,0.4974077123,1.9496681736,3.7498299138,5.42012e-06
HUCXUA_clean,0.00556315,0.0273151215,0.0547358551,0.2603707833,0.5013679241,1.9355510203,3.7480859253,5.45325e-06
HUDMAW_clean,0.0043930571,0.0217452912,0.0427609114,0.1980196126,0.351363952,1.0309022532,1.7017787849,4.4832e-06
HUDWUA_clean,0.0090121444,0.0454348798,0.0906376691,0.4233710464,0.7743129783,2.6535539588,4.4007565453,9.12335e-06
HUFHEX_clean,0.0026482883,0.0129909946,0.0259571924,0.1306488874,0.2599165982,1.2269683155,3.4547961781,2.60635e-06
HUFHIB_clean,0.0033062275,0.0160252849,0.03137114,0.1560225306,0.3099075851,1.4176541622,3.7682149768,3.13404e-06
HUFHOH_clean,0.002477191,0.0125347352,0.0251785758,0.1228453638,0.2457849551,1.1676769105,3.3047066728,2.48439e-06
HUFHUN_clean,0.0024375163,0.0127703039,0.0255381281,0.1296173444,0.2536256737,1.2049290028,3.4252360242,2.56804e-06
HUFJAV_clean,0.0023482481,0.0122446137,0.0245189834,0.1236091024,0.2411653287,1.1480329596,3.2382391009,2.45612e-06
HUFJEZ_clean,0.0030499949,0.0155839035,0.0314042023,0.1582972152,0.3083982922,1.4422442295,3.7318811893,3.15766e-06
HUFKUQ_clean,0.0041617449,0.0208581281,0.0410246081,0.2012162174,0.4029047316,1.8610766051,4.9821560698,4.10014e-06
HUFLUR_clean,0.0026298623,0.0131628909,0.0263031495,0.1306466709,0.2525346781,1.1386262709,2.7957065845,2.60979e-06
HUFMUS_clean,0.0020579536,0.0105348591,0.0208408315,0.1046457264,0.2021655859,0.8044451591,1.5388246944,2.12012e-06
HUFYIS_clean,0.0026011495,0.0131486214,0.0262585828,0.1266301748,0.2440063086,0.8880937762,1.6198000598,2.64177e-06
HUGTOT_clean,0.0023849862,0.0122370029,0.024491028,0.1196341986,0.2366479386,1.031692828,2.2907688404,2.44749e-06
HUHBET_clean,0.0012552703,0.0065000268,0.0126468179,0.0642504063,0.1251157384,0.5435894951,1.3077386635,1.27782e-06
HUHBUJ_clean,0.002347717,0.0113416474,0.022653375,0.1082427205,0.2078772782,0.7980011868,1.4414830985,2.25934e-06
HUHNIJ_clean,0.0034601187,0.0172061484,0.0344723981,0.1701303164,0.315619093,1.3106928184,2.7625576857,3.43609e-06
HUJGEA_clean,0.0090993176,0.0450796757,0.0890261339,0.4249901749,0.8102897533,3.1412260098,6.6083150348,9.02298e-06
HUJVOX_clean,0.0067453912,0.0330371133,0.0667923224,0.3252455778,0.6324610662,2.6263728145,5.5982108996,6.6407e-06
HULCOI_clean,0.0049542852,0.0244242693,0.050165788,0.2483112417,0.4812405146,2.1838275174,5.7122714072,5.00857e-06
HULRIR_clean,0.0045441951,0.0226194543,0.0449217673,0.2217985867,0.429596237,1.9455273214,4.3157086858,4.50407e-06
HULTEN_clean,0.0284241551,0.1399823439,0.2713561301,1.0977482519,1.7733869681,3.4030764186,4.4555097147,2.85832e-05
HULTEP_clean,0.0072642626,0.0360351088,0.0726759057,0.359866538,0.6924864337,3.2102822516,7.3872492285,7.33038e-06
HUMWIX_clean,0.006141819,0.0302390827,0.0601993238,0.2902119065,0.5455101777,2.2008752978,4.7111636011,6.11563e-06
HUNCIE_clean,0.004472835,0.0226594881,0.0451663424,0.2266280623,0.4494336425,2.1777662716,6.4655360287,4.53446e-06
HUPQIU_clean,0.0031551295,0.0165813893,0.0320372322,0.160274765,0.3141908156,1.337262675,3.1146389214,3.25016e-06
HUQGOR_clean,0.005617875,0.0271797016,0.0542054887,0.2682925034,0.5197964994,2.29406429,5.5986100544,5.41657e-06
HUQGUX_clean,0.0049545823,0.0247154844,0.0493775021,0.2439032759,0.4773171742,2.1236444837,5.2755034178,4.94808e-06
HUQHAE_clean,0.0052824206,0.0268718728,0.0539686974,0.2643617668,0.5246191501,2.2964223373,5.5842861505,5.4182e-06
HUQHEI_clean,0.0052423339,0.0267536403,0.052705164,0.2562299102,0.509594274,2.2300671747,5.4415544435,5.24541e-06
HUQHIM_clean,0.0054391623,0.0260283245,0.0528805278,0.2573254807,0.5127689252,2.306790518,5.7075047362,5.23348e-06
HUQHOS_clean,0.0054870835,0.0271425057,0.05371925,0.2680345012,0.5174309746,2.2698830759,5.4354046414,5.42101e-06
HUQHUY_clean,0.0050497895,0.0246942356,0.0496122687,0.2472311888,0.4841370885,2.17549521,5.5523582881,4.98745e-06
HURFEH_clean,0.0117864766,0.0554795225,0.1103766669,0.4774725186,0.8355321606,2.6906332846,4.9409994586,1.15203e-05
HURFIL_clean,0.0150509101,0.0752083783,0.1445929889,0.6240386548,1.0952401596,3.0488378413,4.6603544723,1.52403e-05
HURFOR_clean,0.0123060471,0.0615209407,0.1208045391,0.5226206106,0.9038212649,2.9349656691,5.420914645,1.25073e-05
HURFUX_clean,0.0115455864,0.0577545778,0.1133042231,0.5015668666,0.8677641971,2.8562256674,5.1994974238,1.16498e-05
HURGAE_clean,0.0169477775,0.0826862289,0.1626477114,0.6761775007,1.1898007031,3.2106454411,4.8500911832,1.68063e-05
HURGEH_clean,0.0044830221,0.0212189852,0.0424360128,0.2091868147,0.4192584879,1.8280413195,4.2847158762,4.26363e-06
HURGUX01_clean,0.0106340332,0.052962315,0.1012449217,0.450988157,0.7628199483,1.8610872499,2.5729057146,1.06119e-05
HURGUX_clean,0.0106844677,0.052606217,0.1050580739,0.4536749392,0.7701222493,1.8734819049,2.5876845449,1.07502e-05
HUVHOX_clean,0.015496833,0.0750374448,0.1502649399,0.635747438,1.1350247641,3.0641087716,4.4487553054,1.53992e-05
HUVNAP_clean,0.0029069189,0.0148687129,0.0305075392,0.1456135829,0.2878980659,1.2550188305,2.9315434845,2.97752e-06
HUWDEJ_clean,0.0086649709,0.0422157103,0.0840238013,0.3752371513,0.6498413284,1.5011550391,1.9646846227,8.77043e-06
HUWHOY_clean,0.0100983028,0.0511083536,0.1012844702,0.4852237303,0.9261355049,3.4617612912,6.5472031031,1.02024e-05
HUWLUI_clean,0.0038247751,0.0191634375,0.0379877742,0.1911045301,0.3745835295,1.6723182932,3.9935117392,3.85317e-06
HUWPIA_clean,0.0128502083,0.0642148597,0.1262835746,0.5663213229,0.9955807401,2.9623538656,4.8628916704,1.29795e-05
HUWSUN_clean,0.0097412441,0.0485018167,0.0959134798,0.4769241771,0.8930382221,3.7374494365,7.5562275402,9.70882e-06
HUXHUF_clean,0.0060751682,0.0300971129,0.0583901186,0.2880497829,0.5449527148,2.1487222499,4.2093053321,6.02012e-06
HUXWAY_clean,0.0008439545,0.0044679946,0.0091281611,0.0436694428,0.0879730527,0.4183260061,1.0482668074,8.88984e-07
HUYFAJ_clean,0.0047532967,0.024114202,0.0478464273,0.2348847971,0.4703314252,2.0351663616,4.7589201151,4.79099e-06
HUYJOA_clean,0.0067078798,0.0344820985,0.0682040432,0.3344322172,0.6409212926,2.5035867088,4.7834593607,6.85818e-06
HUYJUG_clean,0.0047959813,0.0247944208,0.0508942406,0.2410065569,0.4409787144,1.6449019097,3.5211327469,5.01367e-06
HUYKAN_clean,0.0052841461,0.0261936453,0.0546091883,0.2427702052,0.4661280406,1.6082718719,3.3166624022,5.31434e-06
HUYKER_clean,0.002914887,0.014887059,0.0312623836,0.1454977753,0.2856941549,1.236378838,2.8326801778,3.01819e-06
HUYKIV_clean,0.0039867549,0.0200968689,0.0397648597,0.2067857273,0.3723206226,1.3520414738,2.9686282964,4.29264e-06
HUYKOB_clean,0.006171884,0.0277200138,0.0580832876,0.2627605812,0.4472969174,1.4548794273,3.0553734002,6.08357e-06
HUYKUH_clean,0.0039198984,0.0183102564,0.0359808919,0.1732517368,0.3158138893,1.1815817531,2.6172040162,4.00649e-06
HUZFEO_clean,0.0160206442,0.0795593405,0.153977048,0.6791539218,1.2155826734,3.4300256684,5.215090448,1.61714e-05
HUZSOL_clean,0.0061607802,0.0306715691,0.0603641281,0.2762168888,0.501098844,1.8263527493,3.8905964043,6.1017e-06
HUZSUR_clean,0.0062297812,0.0316011497,0.0610096807,0.281686724,0.5259693535,1.8730528396,4.0884717937,6.13127e-06
HUZXAD_clean,0.0047834751,0.024836864,0.049853661,0.2475741893,0.4841694113,2.2130838226,5.5721293863,4.96296e-06
HUZXEH_clean,0.0056299105,0.0279146594,0.0560581893,0.2730243113,0.5209466599,2.328866177,5.6757252807,5.55535e-06
HUZXIL_clean,0.0057050928,0.0289426231,0.0583949441,0.2874021271,0.5551537055,2.4365696221,5.8107045541,5.81637e-06
HUZXOR_clean,0.0054648953,0.0274022528,0.054230721,0.2689787999,0.5183183159,2.2359287398,5.3190189719,5.4494e-06
HUZXUX_clean,0.006027451,0.0294246233,0.059595878,0.29096731,0.5377473658,2.2760658718,5.1457023904,5.9e-06
HUZYAE_clean,0.0081944639,0.0402844479,0.0831278345,0.3864304364,0.7194873279,2.8293545918,6.0544656538,8.17595e-06
HUZYEI_clean,0.005108612,0.0254244476,0.051836413,0.2533769496,0.4939354759,2.2054170451,5.251153873,5.14555e-06
HUZYIM_clean,0.0083729017,0.0412339768,0.0823881875,0.3922564521,0.7285247428,2.7756694447,5.4602941877,8.34624e-06
IBABOF01_clean,0.0080389315,0.0413102282,0.0806925279,0.3844297142,0.7137403802,2.5102842786,4.4648260921,8.24781e-06
IBABOF_clean,0.0083269837,0.0412078939,0.0812332575,0.3863121608,0.7175355947,2.5419687612,4.4971056301,8.30276e-06
IBABUL_clean,0.0086301966,0.0423234646,0.0841579984,0.3976548493,0.7369854376,2.6299762998,4.6690614449,8.5177e-06
IBACAS_clean,0.008491224,0.0428363997,0.084705045,0.4007261431,0.7456459555,2.6277565289,4.6243741832,8.60324e-06
IBAPOS_clean,0.0045483845,0.0229433088,0.0462525513,0.2311252243,0.4612828117,2.139788954,5.7407243201,4.654e-06
IBAQAF_clean,0.0048572203,0.0240433629,0.0480229764,0.2405807436,0.4784668455,2.2263256685,5.9743171844,4.84246e-06
IBAQEJ_clean,0.0045492089,0.0225702298,0.045304065,0.2267278844,0.4527964631,2.1285951229,5.8101529391,4.56959e-06
IBARUA_clean,0.0029267005,0.0148399808,0.0296672553,0.1404233849,0.2605081075,0.9029230956,1.6754597794,2.9995e-06
IBASAH_clean,0.0030242659,0.0141978976,0.0279898678,0.13640013,0.2526887856,0.8918226452,1.6752584062,2.89402e-06
IBASEL_clean,0.0028984737,0.014318615,0.0285874281,0.1370084945,0.2663995036,0.9889871156,1.8899620054,2.88551e-06
IBASOV_clean,0.0028894211,0.0145886687,0.0284804963,0.1373336491,0.2671095908,0.9686584098,1.8453327067,2.89417e-06
IBASUB_clean,0.0029073474,0.0143715342,0.0290789078,0.1365072945,0.2641577765,0.9501885001,1.8002544785,2.94562e-06
IBATEM_clean,0.0027376397,0.0141795971,0.0283237103,0.1363163909,0.256680063,0.9125770219,1.7415140983,2.86621e-06
IBEYOE_clean,0.0015442771,0.007719925,0.0151821054,0.0756995122,0.1487076744,0.6620231782,1.5780072821,1.52749e-06
IBICAZ_clean,0.0018346557,0.0087720886,0.0180422841,0.0875608612,0.1753719027,0.8339727453,2.2476764209,1.76554e-06
IBICED_clean,0.0015422833,0.0078611147,0.0153834391,0.0775711394,0.1544883349,0.7456654299,1.9661000331,1.56356e-06
IBICIH_clean,0.0018932565,0.0089230984,0.0175757316,0.0870627544,0.1740556387,0.8247881971,2.2435180181,1.75918e-06
IBICON_clean,0.0016112232,0.0081092982,0.0160216253,0.079125241,0.1578782067,0.7435322334,1.9924370323,1.58678e-06
IBIRES_clean,0.0040397523,0.0205532568,0.0407204706,0.1923008432,0.3527228437,1.2486445952,2.2586939149,4.14394e-06
IBITUK_clean,0.0036775992,0.0183064698,0.036156902,0.1780610228,0.3431861191,1.3062890995,2.5554295557,3.64885e-06
IBIYOI_ion_b,0.003525379,0.0173516548,0.0340455217,0.1556647318,0.2753790853,0.8384224286,1.3132852213,3.46125e-06
IBIYUO_clean,0.003877948,0.0186682475,0.0372177162,0.1657415556,0.2859626467,0.7478112551,1.0809925489,3.8351e-06
IBOTEY_clean,0.0049470056,0.0251415833,0.0495436567,0.235237156,0.4598600672,1.9406298699,4.2808369015,5.0161e-06
IBOTIC_clean,0.0076046071,0.0384716479,0.0774900425,0.3821603217,0.7240981602,3.1396855477,6.4711389733,7.78904e-06
IBOTOI_clean,0.003637968,0.0182622723,0.0360011631,0.1787277369,0.3587312159,1.6723834699,4.6385984599,3.60507e-06
IBOZIK_clean,0.0052868745,0.0266155807,0.0534050234,0.2592454041,0.5124007403,2.1334656708,4.6903832961,5.31878e-06
IBUBAL_clean,0.0026446247,0.0137072524,0.0276190075,0.1356479599,0.2677317281,1.1533373676,2.688185144,2.75131e-06
IBUBIT_clean,0.0028226416,0.0140235092,0.0288256782,0.1395766666,0.2808805073,1.2663087589,3.3105558508,2.85339e-06
IBUDOZ_clean,0.007970641,0.0384244114,0.0770376063,0.3549369552,0.6259447102,1.6376895082,2.2999581641,7.94639e-06
IBURAZ_clean,0.0270210214,0.1327415059,0.2539336762,0.9836228502,1.5782416591,3.1817846199,4.1589211743,2.74173e-05
IBUYAH_clean,0.0017398184,0.0088298628,0.0170940003,0.0813829442,0.1538412643,0.5132957099,0.8421659292,1.73875e-06
ICAGOK_clean,0.0054033405,0.026038741,0.0525194061,0.2611873746,0.5012544597,2.2352214236,5.3065448364,5.19826e-06
ICAQIO_clean,0.0043502767,0.0218757121,0.0435868718,0.2182171454,0.4251898799,2.1224487004,6.2219476395,4.35043e-06
ICAQOU_clean,0.0042579914,0.0212381038,0.0427463265,0.2126294507,0.4209261448,2.0903698898,6.1161494123,4.27186e-06
ICAREL_clean,0.0051485604,0.0267009082,0.0537623669,0.2631917849,0.5186153452,2.3232387092,5.8931652613,5.33367e-06
ICAROV_clean,0.0042795445,0.0215562692,0.0436076924,0.2167688677,0.4273275784,2.1146364723,6.1968633415,4.33273e-06
ICAWUF_clean,0.0037516013,0.018427499,0.0368130752,0.1843022884,0.3490110395,1.5055376837,3.3536205493,3.73976e-06
ICEGED_clean,0.0041991222,0.0206932286,0.0403785158,0.2019268108,0.391552932,1.8353568245,4.5518655935,4.04838e-06
ICIKAH_clean,0.0010846243,0.0051913474,0.0106694662,0.0525039088,0.1029344213,0.4414750901,1.0285200396,1.06892e-06
ICISAP_clean,0.0065228434,0.0317611336,0.0624721269,0.3071623151,0.598435333,2.4990896173,5.6810673046,6.30637e-06
ICITIY_clean,0.0052660206,0.0262647802,0.0520195403,0.2479292411,0.463412325,1.8550663017,3.6856407504,5.24952e-06
ICIVAS_clean,0.0049424567,0.0246736243,0.0493056155,0.2374044567,0.4472640846,1.6169297806,2.9402517583,4.97601e-06
ICIVEW_clean,0.0064999696,0.0330677819,0.0660309109,0.3078022143,0.5726303509,1.9995236463,3.3793014148,6.66502e-06
ICODIP01_clean,0.0040814527,0.0199278687,0.0409838544,0.1986145709,0.3963055373,1.7634404519,4.4888524732,4.03827e-06
ICODIP_clean,0.0042133962,0.0209394356,0.0415292209,0.20665213,0.4048796666,1.8183157591,4.6103614539,4.21264e-06
ICORAV_ion_b,0.0016711989,0.0081021119,0.0168156381,0.0820017114,0.1589968138,0.6278548638,1.3462060206,1.66145e-06
ICOWON_clean,0.0040873395,0.0201101014,0.0403512323,0.198175339,0.3798018423,1.463883567,3.0022603627,4.04036e-06
IDEYOF_clean,0.0039792885,0.0214881581,0.0419993903,0.2083926033,0.4183179696,2.0368272583,6.0284536895,4.20733e-06
IDIWIB_clean,0.0055055162,0.0282633329,0.0569612643,0.2748303913,0.5464580977,2.2525026952,4.6548391047,5.69298e-06
IDIWUN_clean,0.0039458416,0.0207244629,0.0408025231,0.2058697409,0.4061827636,1.8555759792,4.6493021794,4.12983e-06
IDIXAU_clean,0.0050107118,0.0249475875,0.0494681257,0.2428328858,0.4839465027,2.1848965212,5.1369744579,4.97749e-06
IDORAW_clean,0.0032038202,0.0161789113,0.0314503271,0.1573695911,0.3111986185,1.3929749609,3.6019138296,3.1978e-06
IDUDIW_clean,0.0098154946,0.0491198726,0.0973978114,0.4678305198,0.8673144878,3.248059526,5.8147916816,9.863e-06
IDUTUW_clean,0.0007961432,0.0039432045,0.0078242628,0.0374136932,0.0714451773,0.2730838482,0.5322805397,7.82058e-07
IDUYOX_clean,0.0058135749,0.0288012626,0.0584810926,0.2799140605,0.5470808425,2.3572570185,5.5183101098,5.77059e-06
IFAGON_clean,0.0061782415,0.0311228447,0.0625732197,0.302062582,0.5807820964,2.5431166227,5.3629913144,6.22547e-06
IFAHEC_clean,0.0681634549,0.2879695755,0.4662957116,1.1957433422,1.6916681509,3.470095528,4.6891303613,7.08673e-05
IFASOZ_clean,0.0028015988,0.0134080931,0.0277485063,0.138374551,0.269868796,1.3068963569,3.6529864114,2.73347e-06
IFEHUY_clean,0.0030682371,0.0157730116,0.0318249538,0.1566102608,0.3072534718,1.4280257387,3.6877420875,3.15604e-06
IFENOY01_SL,0.0009058366,0.0044855112,0.0088498685,0.04448038,0.0884916409,0.416414346,1.0247265801,8.86738e-07
IFENOY02_SL,0.0009657091,0.0047926222,0.0095260762,0.0469414943,0.0928489543,0.422451613,1.0843892321,9.47186e-07
IFENOY03_SL,0.0011079945,0.0056498563,0.0112130736,0.0556455555,0.1112988592,0.5127084377,1.3038510372,1.10741e-06
IFENOY_clean,0.0008213106,0.0042432034,0.0084709104,0.0422897487,0.0857544084,0.3881573161,0.9824466927,8.49226e-07
IFEPUG01_clean,0.0031250194,0.0155934848,0.0316055764,0.1524197749,0.2965709188,1.1473012378,1.8099068164,3.12937e-06
IFEPUG02_clean,0.0033799565,0.0166273399,0.033630627,0.1643091931,0.3117423977,1.1571990871,1.8262847427,3.34917e-06
IFEPUG03_clean,0.0031420152,0.0156095459,0.0308925172,0.1517536242,0.2882147593,1.0878040942,1.7675031227,3.12933e-06
IFEPUG04_clean,0.00324433,0.0160199946,0.0322374806,0.1591684708,0.2960519518,1.1138896018,1.7628573183,3.19579e-06
IFEPUG05_clean,0.0027868878,0.0138345036,0.0277623991,0.1340716094,0.2552759467,1.0020024519,1.659411137,2.78051e-06
IFEPUG06_clean,0.0032389763,0.015787407,0.0321988151,0.160505701,0.300386053,1.1216119875,1.7811252636,3.25097e-06
IFEPUG07_clean,0.0035518691,0.0176540567,0.0352254288,0.1753193331,0.3344158266,1.2376738179,1.8629122408,3.51074e-06
IFEPUG08_clean,0.0036851163,0.0184696006,0.0375191832,0.1842022777,0.3491372565,1.3057208732,1.9076309336,3.72064e-06
IFEPUG09_clean,0.0031943623,0.0161043788,0.0320318313,0.1563335698,0.3024931084,1.1883522351,1.8410315813,3.19991e-06
IFEPUG10_clean,0.0040907213,0.0203898721,0.0416011516,0.2016904553,0.3923130698,1.423820841,2.0256529757,4.09451e-06
IFEPUG_SL,0.0023040369,0.0115997798,0.0231967422,0.1152638313,0.2259463554,0.9891094519,1.9905195447,2.32061e-06
IFEQER_clean,0.0033209791,0.01695965,0.0328085309,0.1633140665,0.3130568356,1.1793369189,1.8775581688,3.37379e-06
IFEQIV_SL,0.0016327599,0.0078820462,0.0162303939,0.081005458,0.1625730136,0.7247115309,1.6772163095,1.63086e-06
IFEYIB_clean,0.0023623467,0.0116928281,0.0233641674,0.1164340366,0.2278926759,1.0006737216,2.3329097475,2.34278e-06
IFOSIG_clean,0.0014408679,0.0073177162,0.0147961241,0.0743894911,0.1473398998,0.6697589557,1.7430778655,1.48164e-06
IFUNUU_clean,0.0104180593,0.0505009532,0.1018256871,0.4612953086,0.8213500182,2.5194311075,4.0611874552,1.04335e-05
IFUPAC_clean,0.0105658956,0.0520056065,0.1034128375,0.4771837902,0.8493526884,2.5846444501,4.2103686553,1.0521e-05
IGAGAA_clean,0.0087791631,0.0439014666,0.0868309242,0.3950849436,0.70477861,2.2235229623,3.7253659421,8.9234e-06
IGAGUU_clean,0.0040242433,0.0208301338,0.0412765418,0.2044787133,0.401734926,1.8230553909,4.7572409458,4.13474e-06
IGAHAB_clean,0.009522811,0.0465049413,0.0914649068,0.3774109488,0.640605567,2.0065043397,3.8229484324,9.57235e-06
IGETUL_clean,0.0123478906,0.0634135828,0.1225756323,0.5471732905,0.9785951563,2.9359462611,4.9370422865,1.27103e-05
IGEXOH_clean,0.0065396423,0.0330553807,0.0658279269,0.3206002068,0.6206495831,2.5457103226,4.9750995002,6.59387e-06
IGINIX01_clean,0.0098151062,0.0481197782,0.0968744655,0.4597374051,0.8585664727,2.9533460225,4.8970307791,9.78528e-06
IGINIX_clean,0.009858036,0.0482350108,0.0957808855,0.4560273672,0.8415594966,2.9421255305,4.8598784331,9.70555e-06
IGITOJ_clean,0.0006867932,0.0034403927,0.0068220888,0.0342244097,0.0678901305,0.3224089266,0.9066411643,6.87865e-07
IGIZAA_clean,0.0002898461,0.0014693673,0.0029118857,0.0142781254,0.0280333074,0.1316053977,0.3400163584,2.90017e-07
IGIZEF_clean,0.0098297841,0.0478795535,0.0941577514,0.3952653159,0.6684585197,1.5140591819,1.9913617455,9.88313e-06
IGOJEV_clean,0.0065723585,0.0316435305,0.0629331196,0.3108700172,0.5953586927,2.2995413453,4.2159401951,6.41514e-06
IGORUS_clean,0.0058595449,0.0293474917,0.0583769062,0.2914236437,0.5802485749,2.8186488242,7.3872005349,5.8589e-06
IGUCEU_clean,0.0023491867,0.0117501,0.0235311494,0.1105575965,0.2063677521,0.6885622862,1.1575711393,2.36387e-06
IGUCIY_clean,0.0030474696,0.0154411539,0.0307301092,0.145121305,0.2683050278,0.8816668812,1.4368127942,3.12965e-06
IGUVIR01_clean,0.0094092598,0.0475478805,0.0926717916,0.4207736637,0.7292729112,1.9683102835,3.0298451224,9.59929e-06
IGUVIR_clean,0.010097143,0.0496606647,0.1001934671,0.4311349047,0.7390650107,1.8117411012,2.6645402327,1.02788e-05
IHAJEH_clean,0.0024519114,0.0121263573,0.0245863608,0.1187547608,0.2367943808,1.0473774182,2.5961461527,2.42183e-06
IHAJIL_clean,0.0084611982,0.0424596047,0.0834432742,0.3921233966,0.7167980068,2.1947343528,3.4220793179,8.47639e-06
IHILUI_clean,0.0019029285,0.0090252881,0.0180694379,0.0876279718,0.166313437,0.6088742516,1.1160109871,1.8208e-06
IHIMAP01_clean,0.0017919458,0.0091506465,0.0183426027,0.0906657579,0.173661318,0.6833007479,1.3852779252,1.85264e-06
IHIMAP_clean,0.0018314324,0.0089208841,0.0176420966,0.0871877205,0.1672527108,0.6438444545,1.2287158971,1.82123e-06
IHUTIQ_clean,0.0024030373,0.0117899388,0.0235348281,0.1162930163,0.2262482737,0.8456284708,1.6900038531,2.41418e-06
IJAPIU_clean,0.010971003,0.0536604089,0.1071421651,0.4833569495,0.878250636,3.1882763532,6.9507449112,1.08731e-05
IJAPOA_clean,0.0100756417,0.0500058385,0.0986824024,0.4581992248,0.8243147915,2.9206804328,6.3890869516,1.02663e-05
IJASOC_clean,0.0059587376,0.0294042281,0.059229444,0.2861306802,0.5397099248,2.0896957169,4.2440510626,5.91993e-06
IJENIV_clean,0.0037427179,0.0190824083,0.0364922431,0.1516866555,0.2715309611,0.8195074933,1.4237883829,3.73938e-06
IJENOB_clean,0.1020199876,0.2441587314,0.3068820362,0.493094962,0.6520867019,1.3382652673,1.9001015449,0.000152226
IJEVEA_clean,0.0077556624,0.0387794646,0.0769733352,0.3375822655,0.5960632301,1.6919655285,2.5083585042,7.83633e-06
IJEVIE_clean,0.0086669943,0.0421985306,0.0855243584,0.3989024946,0.7342870895,2.4786388875,4.1005110996,8.6081e-06
IJEXIF01_clean,0.0094999974,0.0464341942,0.0935108521,0.4550411579,0.8709717106,3.5224222185,6.5647471917,9.35771e-06
IJEXIF_clean,0.0088998665,0.044656213,0.0887745494,0.4345644925,0.8412913781,3.4159973464,6.4674487914,8.95075e-06
IJEXUS_clean,0.002234548,0.0099134502,0.0207368064,0.1003636295,0.1980754614,0.9095364379,2.3718231335,2.02068e-06
IJIGOX_clean,0.0170926671,0.0832163365,0.1628808899,0.6587102624,1.1098848542,2.6817301278,3.7402053476,1.69767e-05
IJUTEM_clean,0.0793405372,0.3532233618,0.612484955,1.9316861669,2.9082944475,5.5686894581,6.8516289534,8.39757e-05
IKAYAU_clean,0.0012652886,0.0063633658,0.012695212,0.0616200034,0.1175547636,0.4253368825,0.82181618,1.25729e-06
IKEBUV01_clean,0.005067055,0.0251843014,0.0508215238,0.2533967846,0.487349414,2.0817984511,4.3284696252,5.1204e-06
IKEBUV_clean,0.0051850032,0.0260932889,0.0516723236,0.2509623336,0.4976580874,2.0977686385,4.3329485118,5.17374e-06
IKETAU_clean,0.0046032763,0.022502119,0.044471161,0.2189817414,0.4166137508,1.5766268326,2.9733621434,4.50207e-06
IKETEY_clean,0.0048779286,0.0236221204,0.0466077212,0.2275472759,0.4369837971,1.5958501607,2.9309060709,4.75462e-06
IKETIB_clean,0.0059093666,0.0290438943,0.0567492281,0.2657121026,0.5027306066,2.0151690295,4.7837937169,5.81133e-06
IKETIC_clean,0.0046308413,0.0237495566,0.0472014382,0.2289581235,0.4394450517,1.5941418031,2.9007525518,4.76679e-06
IKETOH_manual,0.0071115268,0.0354878878,0.0710532713,0.3190835901,0.5879628492,2.115125125,4.9268130621,7.08305e-06
IKETOI_clean,0.0046760958,0.0243120686,0.0468607712,0.2239973898,0.432305964,1.5936745459,2.8611853606,4.77358e-06
IKETUN_clean,0.0055838589,0.0278488441,0.0555730952,0.261199353,0.4929686383,1.9917526995,4.75821038,5.64265e-06
IKETUO_clean,0.0046714537,0.02388117,0.0474657636,0.2298180598,0.4370466375,1.5758621472,2.8386676436,4.82418e-06
IKEVAW_clean,0.0048324046,0.0240501961,0.0489890417,0.2356203527,0.4459484874,1.5788066582,2.7973151367,4.8967e-06
IKOPEF_clean,0.0066886515,0.0329274734,0.0655316419,0.3098132842,0.5731789365,2.1455984956,4.1762643649,6.63206e-06
IKOPIJ_clean,0.0049117924,0.0245581383,0.0489243518,0.2367297777,0.452312407,1.9331959867,4.2177782902,4.90214e-06
IKOSOQ_clean,0.0087805105,0.0438093171,0.0888722729,0.3991774547,0.7191627429,2.2845189953,3.7499003978,8.81968e-06
IKOTEH_clean,0.0089819576,0.04458426,0.0883088638,0.4156685731,0.7835425052,2.6989098919,4.5621301016,8.98661e-06
IKOTUZ_clean,0.0055989271,0.0286597963,0.0574637304,0.2742552762,0.5128612534,1.8990429022,3.7566284604,5.73619e-06
IKOVAH_clean,0.0059655009,0.0288153841,0.0574599214,0.2750599024,0.5115496545,1.8974734846,3.7435114614,5.80766e-06
IKOVEL_clean,0.0057121131,0.0285725732,0.0572039847,0.2758036827,0.5173743126,1.9068118987,3.8249507604,5.73673e-06
IKUBUL01_clean,0.013858728,0.0685348107,0.1358688142,0.5941644578,1.0741886575,2.7388596337,3.7246012713,1.39752e-05
IKUBUL_clean,0.0125257311,0.0622583226,0.1232865745,0.5424621388,0.9942764507,2.6733278501,3.7301330572,1.25878e-05
IKUTIT_clean,0.0063283957,0.0297155014,0.0604228119,0.2919837287,0.5787349497,2.3384146572,4.8785277952,6.09499e-06
IKUTOZ_clean,0.0044033237,0.0221014677,0.0435471211,0.2177232318,0.4181831722,1.7826549206,3.9723158895,4.41294e-06
ILEHUD_clean,0.0127462078,0.0622411326,0.1223996932,0.5153168005,0.9010924215,2.144800029,2.9560659175,1.25537e-05
ILENOC_clean,0.0305237588,0.1462273013,0.2735232489,1.0361333936,1.55760019,2.7544473526,3.2711792913,3.08412e-05
ILIFOY_clean,0.006612195,0.0325565758,0.0661324828,0.2973626979,0.5127131123,1.3741674333,1.9096358589,6.70759e-06
ILIFUE_clean,0.0071743239,0.0349916064,0.0694556717,0.3099104837,0.5297526823,1.3896386415,1.9196177463,7.15481e-06
ILIGAL_clean,0.007762785,0.0381125597,0.075362976,0.3337717928,0.5610653913,1.4257648414,1.9254363085,7.79463e-06
ILIGEP_clean,0.0076822852,0.0386670012,0.0755137531,0.3322105549,0.5687458393,1.4266765791,1.9195328196,7.86104e-06
ILIMOH_clean,0.0021015954,0.0109514834,0.0217336614,0.1072586555,0.2126071044,0.9312450652,2.0936518191,2.16277e-06
ILIMUN_clean,0.006364135,0.0300443485,0.0602833063,0.286220451,0.5204388385,1.6429592169,2.843370894,6.08282e-06
ILINIC_clean,0.0007477253,0.0036659171,0.0074133864,0.036146277,0.0715821659,0.333523785,0.8285542606,7.31002e-07
ILITON_clean,0.0046136528,0.0234099309,0.0462695255,0.2339731903,0.4652451465,2.1971282989,5.9547008165,4.70664e-06
ILITUT_manual,0.0040066023,0.0205103129,0.0421197822,0.2051931345,0.4150938222,1.9637151799,5.5489151496,4.17489e-06
ILOJOJ_clean,0.0049116363,0.0253296858,0.0499208728,0.2376398573,0.443800685,1.4208738738,2.4055197702,5.07233e-06
ILOWAI_clean,0.0134788916,0.0688700353,0.1306024653,0.5963828069,1.0699461263,3.1770676217,4.8873219383,1.36356e-05
IMACND_clean,0.0014047755,0.0071308255,0.0139162381,0.0703038118,0.1379151371,0.5887801517,1.3642567039,1.41157e-06
IMAGAG_clean,0.0066244752,0.0337858393,0.0670706962,0.3311154419,0.6545028935,2.8479522889,6.64576361,6.71516e-06
IMAXOL_clean,0.0090126683,0.0448970126,0.0888416822,0.4293433226,0.7931354171,3.0558641918,5.9271077815,9.09148e-06
IMAXUR_clean,0.0066191829,0.0333190329,0.0658290715,0.3289192033,0.6273136675,2.5893527024,5.4971532156,6.69024e-06
IMEDOV_clean,0.0027999338,0.0138964695,0.0277137153,0.1370039075,0.2629842485,1.0940954906,2.3742531476,2.81256e-06
IMISIH_clean,0.0052693495,0.0256737481,0.0516196716,0.2416505661,0.4435013966,1.4303619077,2.2135389994,5.23186e-06
IMULEH_clean,0.0048386878,0.0237491761,0.0473719784,0.2355153777,0.457756283,2.043802325,4.8095462527,4.73773e-06
IMUTUG_ion_b,0.0121117865,0.0550557665,0.1063692884,0.4392488436,0.7680348883,3.0472375546,6.4886241644,1.16684e-05
IMUVES_clean,0.0268640579,0.1212729718,0.2284026139,0.932198723,1.648624572,4.5494138459,6.5018136556,2.727e-05
INAMUG_clean,0.0019978367,0.0103910639,0.0207387595,0.0989507422,0.1859650606,0.596912268,1.0068735675,2.11982e-06
INARUM_clean,0.0067159901,0.0323414696,0.0643859052,0.3010502979,0.5598928132,1.797718007,3.0105797548,6.5599e-06
INASAT_clean,0.0185961289,0.0964278305,0.1852748806,0.7927126758,1.4314603057,3.5692113802,4.9674199701,1.91441e-05
INECIP_clean,0.0102982616,0.050007647,0.1000275557,0.4443426279,0.7783487097,2.4545773874,4.4104163584,1.01162e-05
INEPEY_clean,0.0156547993,0.0745275028,0.1470288591,0.5010751815,0.7840221768,2.0365438184,3.3141839556,1.57801e-05
INEXEG_clean,0.017131907,0.0855938284,0.1683637322,0.7297231611,1.3166424666,3.4648372995,4.919574647,1.72411e-05
INIDAL_clean,0.1226103661,0.5118354845,0.8896314037,2.1653085802,2.7789555592,4.0642637644,4.7509906641,0.000125578
INIGET_clean,0.0038158367,0.0194904523,0.0385600343,0.1784777818,0.327454641,1.0224634141,1.6164705336,3.90614e-06
INIQUR_clean,0.001687436,0.0084308837,0.0169960906,0.0837232714,0.1646278531,0.7107106924,1.5726043186,1.73278e-06
INIRAA_clean,0.0036896564,0.0184954725,0.0370021428,0.1721285103,0.3135768037,0.9969350839,1.5987394,3.72141e-06
INIRAY01_clean,0.0016185987,0.0081986754,0.0164668783,0.080039986,0.1563407865,0.6483725561,1.4619756768,1.64311e-06
INIRAY_clean,0.0017187183,0.0083766657,0.0171976117,0.0822377483,0.1619620798,0.7093425566,1.6074833933,1.68608e-06
INIRII_clean,0.0009123877,0.0044727614,0.0094537367,0.0439772797,0.0876256587,0.3782271395,0.8458126593,9.34979e-07
INIROO_clean,0.0015311856,0.0081857599,0.0155285398,0.0794863125,0.1512540676,0.5999209569,1.3250147151,1.61699e-06
INOMIJ_clean,0.0056136554,0.0287171204,0.0558468913,0.2826712997,0.5509753494,2.5322379587,5.7349688281,5.673e-06
INOMOP01_clean,0.0062335274,0.0306404136,0.0609637001,0.2979883781,0.5739086817,2.1874627098,4.1562782507,6.15222e-06
INOMOP_clean,0.006485247,0.0320278442,0.0643430847,0.3098449635,0.5940938147,2.1774613172,4.0244366678,6.41653e-06
INOVEN_clean,0.0069329032,0.0333926685,0.0668164662,0.3271049576,0.6297224029,2.4878538635,4.9133694092,6.71076e-06
IPEBEM_clean,0.0299824809,0.140773725,0.2642041957,0.9181330669,1.3387374729,2.3579113127,2.9597052169,3.05638e-05
IPICOA_clean,0.0092573155,0.0450756794,0.0906680087,0.4180342929,0.7635378116,2.3263349268,3.5058908861,9.20166e-06
IPIDUH_clean,0.0048900927,0.023748019,0.0487536834,0.2302531196,0.4242574143,1.4117238204,2.4334141208,4.85765e-06
IPIFAP_clean,0.0020742127,0.0100782515,0.0198207658,0.0980398941,0.194867148,0.8590000087,2.0996106969,2.00514e-06
IPIHIA_clean,0.0043194263,0.0216843483,0.0434046737,0.2056142834,0.3970012794,1.5233827071,2.8366147521,4.35515e-06
IPIJEY_clean,0.005678204,0.0285705477,0.0578814333,0.2694539474,0.5127806333,1.6941086626,2.8662465845,5.75434e-06
IPIJUM_clean,0.002176206,0.0110375918,0.0215102572,0.1076008638,0.2126954375,0.9276769729,2.1395915045,2.18501e-06
IPIVOT_clean,0.0178051647,0.0835031881,0.1643226469,0.6066391823,0.948353974,2.0866070746,3.1948985624,1.75974e-05
IQABEJ_clean,0.0028168064,0.0138051257,0.0273561693,0.1334106087,0.2538732536,0.9564247745,1.8426396644,2.78731e-06
IQECIS_clean,0.0039017925,0.0194226874,0.0389898856,0.1933328478,0.3818116413,1.8433284248,5.0781193105,3.89342e-06
IQEKOG_clean,0.0084691268,0.0419557644,0.0845397985,0.4055197045,0.755143172,2.9799880528,5.871246526,8.40141e-06
IQEKUM_clean,0.012198122,0.0617026655,0.1197131926,0.5724555117,1.0587787088,3.4824442893,5.5733655654,1.2245e-05
IQEWOQ_clean,0.0027559407,0.0132016903,0.0261798397,0.1244452515,0.2449641658,0.8979209183,1.679785758,2.62185e-06
IQILIF_clean,0.0092467071,0.045807765,0.0916687514,0.4453952131,0.8440424182,3.1933762101,5.9261339459,9.30179e-06
IQOHUT_clean,0.0050605504,0.0252433358,0.0500877353,0.249201125,0.4923536954,2.1563920175,4.9311388142,5.05221e-06
IQOJAB_clean,0.0141174501,0.0707735706,0.1396476664,0.6322480741,1.1513240594,3.5153868787,5.6260182196,1.41343e-05
IQOJEF_clean,0.0090306261,0.0444595049,0.0894277584,0.4203019629,0.7594632377,2.4891776425,4.0311098133,9.04866e-06
IQOKEG_clean,0.0052993731,0.0262085493,0.0528307693,0.2577435169,0.5164224939,2.2593913055,5.0764828649,5.29125e-06
IQOKIK_clean,0.006817341,0.0342018748,0.0677468122,0.3372697605,0.639137766,2.6753403814,5.4296566205,6.87503e-06
IQUCOO_clean,0.0083449799,0.0409890657,0.083007192,0.3904934203,0.7294563594,2.5784328013,4.6157402242,8.34128e-06
IRAHUF_clean,0.1151436025,0.4949775136,0.8432196144,2.0174807569,2.5712546287,3.8343201401,4.5556234019,0.000120136
IRAJER_clean,0.0874344249,0.372015502,0.6183240537,1.4678563442,1.9491285363,3.1639395644,3.7828765562,9.71743e-05
IRAYOQ_clean,0.005439265,0.026826307,0.0533698145,0.2595993619,0.483544844,1.8520741377,3.3881299742,5.40696e-06
IREGOD_clean,0.0075025704,0.0373733941,0.0745657611,0.3558766167,0.672955759,2.5353230375,4.6299012399,7.50041e-06
IRELAU_clean,0.0164946226,0.0815215754,0.1599579804,0.7036377016,1.2681086192,3.6924918474,6.034739983,1.65673e-05
IROVAO_clean,0.0022482225,0.0113130952,0.0228943994,0.110042604,0.2160551705,0.8752695124,1.7588860439,2.26131e-06
IROVES_clean,0.0015772534,0.0079345932,0.0156052033,0.0776514868,0.1485276103,0.5704969468,1.0857483448,1.58175e-06
ISUCUV_clean,0.010031864,0.0480504167,0.0964643192,0.4596826058,0.8572331509,2.9739547381,4.8718458974,9.77583e-06
ITAPAU_clean,0.0011656198,0.0057807069,0.0113549197,0.0559892437,0.1121308192,0.5431776975,1.5881112754,1.12368e-06
ITAPIC_clean,0.001404837,0.0062557562,0.0125047421,0.0632058182,0.1258429313,0.6167691543,1.7788249542,1.25505e-06
ITIBOD_clean,0.0069680205,0.0332813942,0.0664165167,0.3017174822,0.513086561,1.3139938737,1.8663617133,6.95749e-06
ITIPAE_clean,0.0062023766,0.0310029479,0.05989128,0.2836876206,0.503768492,1.3898088859,2.0218749892,6.20447e-06
ITIPOS_clean,0.0025122011,0.0127068752,0.0251760368,0.1259324089,0.249050072,1.0715014897,2.6430228412,2.5617e-06
ITIWAK_clean,0.0114866404,0.057856495,0.1136262592,0.5275038868,0.9670677203,2.9954628778,4.5533815486,1.14768e-05
ITIWEO_clean,0.0138672278,0.0665410039,0.1337047036,0.6297257155,1.1349542308,3.3517971075,4.8814303418,1.37576e-05
ITOSEQ_clean,0.0109067792,0.0538471411,0.1059014457,0.4952186937,0.9473900542,3.2502544305,5.329675314,1.08343e-05
IVEHEW_manual,0.0047260099,0.0234020405,0.0449644609,0.2282087599,0.4522278498,2.0826572343,5.2269955025,4.57679e-06
IVEKEA_clean,0.0062011263,0.0301407945,0.0601198833,0.2985636568,0.5761532132,2.6576294729,6.7396684838,6.04775e-06
IVEQAC_clean,0.0061299008,0.0306335858,0.0599633376,0.2768642904,0.506135024,1.6399553894,2.753053333,6.13736e-06
IVETOT_clean,0.0038819311,0.0190575734,0.0384356318,0.1959788402,0.3821174365,1.8145861236,4.8979137194,3.89697e-06
IVILEG_clean,0.0045383114,0.0215943454,0.0423122804,0.2043734775,0.4051869622,1.6680162641,4.0014658313,4.27355e-06
IVIPEK_clean,0.0140403531,0.0670671663,0.1285325668,0.5621191316,0.9314538819,2.1945171748,2.9674740372,1.38722e-05
IVOCON_clean,0.0099011096,0.0492714411,0.0978257615,0.4748738468,0.9107473586,3.2391778118,5.1380448773,9.92578e-06
IVOGUX_clean,0.0088262364,0.0439576417,0.084828035,0.4001429814,0.7225200222,2.237028129,3.6073905866,8.77717e-06
IVUVIG_clean,0.0068670376,0.0340197115,0.0678057367,0.3235402924,0.6060552932,2.1416711192,3.7026168662,6.8551e-06
IWAXUZ_clean,0.0030584592,0.0150081769,0.0306514436,0.1519569552,0.3016877532,1.4441576413,3.9123208508,3.0538e-06
IWAYAG_clean,0.0022194159,0.0108719916,0.0211703718,0.1063794848,0.2099974063,0.9479108417,2.3086209415,2.15575e-06
IWAYEK_clean,0.001846443,0.0095478702,0.0189448963,0.0936378458,0.1883064593,0.9081259243,2.4880665889,1.87573e-06
IWAYIO_clean,0.0031746276,0.0153644194,0.0313960109,0.1549952173,0.3094900556,1.4137128341,3.7347520365,3.09974e-06
IWAYOU_clean,0.002116742,0.0098890684,0.0195237996,0.099577121,0.1991460376,0.9475155101,2.5925166413,1.97994e-06
IWAYUA_clean,0.0021029816,0.010783257,0.0213611447,0.1063237904,0.2120451642,1.0142751261,2.7749553639,2.12647e-06
IWAZEL_clean,0.0030548338,0.0152926832,0.0292655724,0.1498958022,0.2977550486,1.3781638102,3.636119759,3.01244e-06
IWAZIP_clean,0.0015822017,0.0079793356,0.0159971053,0.0800730709,0.1593539734,0.7656617747,2.0543191434,1.59267e-06
IWELIG01_clean,0.0343838607,0.1675620781,0.3108276548,1.0708791504,1.5474587236,2.4740464382,2.8329121226,3.55539e-05
IWELIG_clean,0.0354402968,0.162275311,0.3164844038,1.0616081975,1.5384797812,2.4719656718,2.8346733591,3.4938e-05
IWEVAJ_clean,0.0034714913,0.0172368091,0.0338756279,0.1709738293,0.3325812417,1.5916047784,4.319633535,3.44454e-06
IWEVUD_clean,0.0038984285,0.0193683828,0.0390335361,0.1848893164,0.3628367276,1.3847617013,2.6914474906,3.90766e-06
IWEWAK_clean,0.0047569455,0.0242183781,0.047725617,0.227434848,0.4238150106,1.4842967186,2.6596322319,4.84165e-06
IWEWEO_clean,0.0034436027,0.0179461349,0.0347168925,0.17266466,0.3304034922,1.3000951129,2.6088265205,3.54628e-06
IWEWIS_clean,0.0058050588,0.028251505,0.0563672959,0.261458578,0.4780428696,1.4910705004,2.4401998004,5.72795e-06
IWEWOY_clean,0.0057708899,0.0289157082,0.0566973438,0.2733853057,0.5249750566,1.9795031906,3.9879048114,5.78936e-06
IWIPIO_clean,0.0010902442,0.0058015959,0.0117290547,0.0574206622,0.1142647365,0.5610964776,1.5576783327,1.15817e-06
IWOKUC_clean,0.0048657268,0.024624355,0.0497158993,0.2411156503,0.4626714764,1.8350785527,3.5840886602,4.95084e-06
IWOSAP_clean,0.0017584434,0.0089314996,0.0176407614,0.0840171345,0.1633242626,0.5851376545,1.0603106372,1.79083e-06
IXAKAU_clean,0.0058125685,0.029705455,0.0600466864,0.293629561,0.5673706012,2.5016894731,5.8389309626,5.92675e-06
IXAZEO_clean,0.0015243526,0.0075903603,0.0148326709,0.0727868576,0.1471857344,0.6259920976,1.4906180039,1.50745e-06
IXEBEU_clean,0.0065385108,0.0326309602,0.0652778499,0.3165193584,0.5863813394,2.2511040363,4.1017001249,6.56268e-06
IXECET_clean,0.0372980005,0.180896121,0.3532315979,1.4473517475,2.4047075605,5.2116753661,6.6207524685,3.7363e-05
IXEJIG_clean,0.0038892794,0.0195917684,0.0392097513,0.1943019169,0.3876624948,1.6957210542,4.2049354185,3.95078e-06
IXEJOL_clean,0.0047328724,0.0234301891,0.0471042189,0.2232753511,0.4210365883,1.5142495532,2.8016757122,4.79693e-06
IXEJOM_clean,0.0037282122,0.0184504218,0.0371029497,0.1833431833,0.3671665478,1.6763796409,4.3187303139,3.73972e-06
IXIKOR01_clean,0.023210271,0.1139425971,0.2122921229,0.7743409661,1.1873648187,2.1497394925,2.7073390403,2.35541e-05
IXIPAG_clean,0.0006647257,0.0033236283,0.0065611685,0.0328585174,0.0650000274,0.281649489,0.6807887465,6.70249e-07
IXIPEK_clean,0.0007046622,0.0035754355,0.0070454459,0.0350594903,0.0686371522,0.2975724064,0.6927628623,7.10824e-07
IXIPIO_clean,0.0006309194,0.00313848,0.0062561259,0.0311454042,0.0618525062,0.2751099408,0.673512143,6.32294e-07
IXISAJ_clean,0.0128755905,0.0632269216,0.1225843026,0.5109509545,0.856314878,2.0504762713,2.8670504473,1.29986e-05
IXISOX_clean,0.0111566564,0.0551424806,0.1056401269,0.436624576,0.7396369912,1.6966578499,2.2735383155,1.11361e-05
IXISOZ02_clean,0.0079646302,0.0393921939,0.0795834545,0.3655029961,0.6742938026,2.1514243091,3.3717751725,8.04806e-06
IXISUD_clean,0.0045502008,0.0223161487,0.0444398836,0.2038716217,0.3649188658,1.0963413171,1.7956352873,4.54137e-06
IXODUV_clean,0.0058174894,0.0290189213,0.057293074,0.2844727087,0.5529716662,2.468260142,5.4626893013,5.79176e-06
IXOFAD_clean,0.0055433858,0.0284779272,0.0567033905,0.2831166169,0.5434808271,2.477819507,5.6487551909,5.66087e-06
IXOFEH_clean,0.0054424002,0.0275095478,0.0550858183,0.2719288598,0.5367328279,2.3498870356,5.2651543377,5.50719e-06
IXOFIL_clean,0.0056587978,0.0275113511,0.0554843506,0.2761089406,0.5400960076,2.3913037373,5.3967998317,5.56949e-06
IXOFOR_clean,0.0057688,0.0299223813,0.0589935987,0.2906454509,0.5710084081,2.4198970766,5.0719815895,5.92579e-06
IXOFUX01_clean,0.0058247027,0.0283516953,0.0564220736,0.2794468739,0.5432337731,2.4158829007,5.3368468702,5.65962e-06
IXOFUX_clean,0.0055433858,0.0280198856,0.0558522265,0.2754345013,0.5446908505,2.4314418898,5.5117195928,5.5856e-06
IXUQOJ_clean,0.0061428063,0.0311326082,0.061896733,0.2807300674,0.5049072613,1.5256251589,2.3396535448,6.24148e-06
IXUQUO_clean,0.0152097292,0.0752730434,0.1467764925,0.5886404953,0.9874689916,2.5106227676,3.8498983197,1.55053e-05
IXURID_clean,0.0124411836,0.0624883294,0.1222948303,0.5857531737,1.0506127941,3.5098538677,5.5964522802,1.27069e-05
IXUWII_clean,0.0089553267,0.044607092,0.0872834369,0.4310121046,0.8275769466,3.1471432019,5.7256244249,8.85466e-06
IYAJID_clean,0.0082433399,0.0410998681,0.0829793597,0.4016836393,0.7554507594,2.7179587878,4.8151686962,8.41787e-06
IYAJOJ_clean,0.0084510236,0.0414466627,0.0819116296,0.3991126385,0.7468061844,2.7033192068,4.8456970019,8.30204e-06
IYAJUP_clean,0.0085951435,0.0426326498,0.0847094434,0.3968824047,0.7394570082,2.6088882246,4.5571576534,8.56698e-06
IYAKAW_clean,0.0086371294,0.041847211,0.0840729234,0.4078284666,0.7727221007,2.7790191729,4.8917914378,8.4956e-06
IYAKIE_clean,0.0051554101,0.0255108006,0.0512912426,0.2497389174,0.4831111036,2.0272853054,4.6511566994,5.11688e-06
IYASOS_clean,0.0082342065,0.0411394549,0.08152105,0.3910902228,0.7260928084,2.4764165465,3.9336350136,8.22715e-06
IYAYUE_clean,0.0079095206,0.0389677385,0.0768299797,0.3704146153,0.7115356367,2.6668308774,4.9125006396,7.85605e-06
IYEHAX_clean,0.00685918,0.0347797522,0.0691378618,0.3335331003,0.6549169039,2.6610554057,6.0421380841,6.92912e-06
IYEPUZ_clean,0.0048625659,0.024255531,0.0496778695,0.2441336256,0.4760287953,2.1110021249,5.2746859617,4.93184e-06
IYESUC_clean,0.00812485,0.0409763703,0.0832894936,0.4011758798,0.7610689142,3.0473599698,6.3338552718,8.38874e-06
IYEXOZ_clean,0.0013712964,0.0068602264,0.0136430678,0.0674581302,0.1312321495,0.5808476184,1.3607308368,1.36449e-06
IYICUP_clean,0.0069724194,0.0355466616,0.0714516633,0.3451778607,0.6552282501,2.6215400955,5.133154295,7.15566e-06
IYIHUU_manual,0.0052812321,0.025809329,0.0507510687,0.250520807,0.4875823327,2.0582510473,5.1634495933,5.21906e-06
IYITOB_clean,0.0024805462,0.0124883406,0.025017346,0.1253285778,0.2458308989,1.1004785704,2.9026627691,2.5065e-06
IYOBAA_clean,0.0017211243,0.0084099318,0.0169126,0.0832505446,0.1664775122,0.7192146032,1.6186222713,1.70637e-06
IYOCIK_clean,0.0024153761,0.0116167147,0.022856212,0.1157050063,0.2290499354,1.0109148732,2.5048022635,2.32813e-06
IYOCOQ_clean,0.0025121491,0.0118398852,0.0230675328,0.1157366057,0.2332427755,1.0177126855,2.5306544898,2.36477e-06
IYOCUW_clean,0.0029501886,0.0150701881,0.0296513196,0.1482724469,0.2938528183,1.303342589,3.2511100576,3.00415e-06
IYODAD_clean,0.0028695194,0.0140832358,0.0286134822,0.1422647146,0.2816599099,1.2593729356,3.2055583656,2.85334e-06
IYOQAQ_clean,0.0105786722,0.0508373768,0.1009493715,0.4596596218,0.8234166792,2.4311565745,3.8225826875,1.04053e-05
IYOSUM_clean,0.0086523996,0.0436139191,0.0871220885,0.4302796214,0.818210852,3.4150818544,6.8751159674,8.75305e-06
IYOTAT_clean,0.0091959749,0.0457357182,0.0909988195,0.4469718169,0.8324232069,3.5153929234,6.9770016886,9.16325e-06
IYOVIC_clean,0.0091762155,0.0451958569,0.0892668427,0.3907095337,0.6889766422,1.7952032416,2.526267492,9.08472e-06
IYOWID_manual,0.0042529147,0.0209211702,0.0420476618,0.2090808247,0.4176381398,2.0494702043,5.9667263873,4.20965e-06
IYUCEM_clean,0.0024845169,0.0129877232,0.025433332,0.1278908746,0.2560789703,1.1066712331,2.7397628318,2.60937e-06
IYUCIQ_clean,0.0031231088,0.0161064919,0.032220275,0.1603114839,0.3165131024,1.4100435234,3.7371119963,3.20348e-06
IYUHOA_clean,0.0116811831,0.0586867471,0.1159337867,0.5340544941,1.0178780052,3.495548409,5.8091170315,1.1716e-05
IYUHOB_clean,0.0173332843,0.0895708616,0.178193631,0.8108470969,1.5140660124,5.23269343,9.1419869747,1.78806e-05
IYUHUG_ion_b,0.0032029183,0.0160289602,0.0319286019,0.1599721836,0.3159524755,1.4113008932,3.6137630975,3.20392e-06
IYUJAO_clean,0.0077767876,0.0391627589,0.0757983725,0.3422994193,0.6053818051,1.8192390816,3.0499250494,7.88114e-06
IYUQEZ_clean,0.0039350864,0.018480395,0.0375753806,0.1823242484,0.3671239308,1.7068031914,4.54088914,3.68425e-06
IYUQID_clean,0.0037298142,0.0176076294,0.0362227929,0.1823152555,0.3636520402,1.7069179812,4.634817281,3.64177e-06
IZEBAR_clean,0.007289166,0.0358871874,0.0721587207,0.3546284261,0.6741070727,2.6234159647,5.214620609,7.25429e-06
IZEBEV_clean,0.0021453487,0.0110458219,0.022135744,0.103003975,0.190985321,0.6332475246,1.0699336375,2.19948e-06
IZENEI_clean,0.0087694827,0.0433694718,0.0869950904,0.4044924823,0.789380395,3.0102879176,5.3848663795,8.73383e-06
IZENIM_clean,0.0080668139,0.0411176347,0.080021681,0.3779546385,0.7364042654,2.7421762413,4.8001337933,8.14243e-06
IZENUY_clean,0.0067821988,0.0337503456,0.06748102,0.3345167094,0.6304308396,2.8412385784,6.3068886037,6.81951e-06
IZEPAF_clean,0.0039575999,0.0211552846,0.0411188988,0.2028097488,0.3999747433,1.8077639131,4.6594059604,4.18014e-06
IZEPEJ_clean,0.0043582207,0.0222027001,0.0431118107,0.21105501,0.4106935045,1.7353926754,4.5433992043,4.36736e-06
IZEQUB_clean,0.0110532021,0.0554223647,0.1101519784,0.4989873093,0.9465387108,3.2093317633,5.6787289647,1.11304e-05
IZERAI_clean,0.0123576655,0.0601909657,0.1213747074,0.5061588113,0.8771200379,3.0926903828,6.7944314719,1.23189e-05
IZEWAN_clean,0.0106890852,0.0513764064,0.1021820488,0.4863928713,0.888080794,3.080138252,6.1805233385,1.04858e-05
IZIGUV_clean,0.0072500716,0.0351094769,0.069815556,0.3455054216,0.6549032684,2.9418780646,6.9246515479,7.06309e-06
IZIHAC_clean,0.0037863115,0.0185988137,0.0364252294,0.1819339484,0.3512284394,1.5112512105,3.3106524967,3.69895e-06
IZIHEG_clean,0.003840627,0.0188775973,0.0376905658,0.1872033387,0.3635657926,1.5220575976,3.2537160079,3.83165e-06
IZIHIK_clean,0.004661323,0.0232820348,0.046872441,0.2239770186,0.4231256765,1.6526680584,3.1667053309,4.69933e-06
IZIHOQ_clean,0.0037743873,0.0186814643,0.0377719179,0.1821206137,0.3516852549,1.4254785737,2.9516374676,3.74548e-06
IZISEQ_clean,0.0109670833,0.0540420732,0.1070089886,0.490981234,0.9234978019,2.8474915191,4.3415961741,1.1051e-05
IZOWAW_clean,0.0010461752,0.0050640507,0.0105341098,0.0515741252,0.1037180692,0.4969563274,1.5046903533,1.03091e-06
IZOWEA_clean,0.0008598008,0.0042625277,0.0087342363,0.0430347055,0.0864088648,0.4140249832,1.2509409477,8.59196e-07
IZUMUM_clean,0.0029844903,0.0147844875,0.0300782251,0.1430627918,0.2833155773,1.1708453814,2.444242801,2.98438e-06
IZUSEC_clean,0.0139343637,0.066922612,0.1366660779,0.6510788983,1.1819767241,4.3965957505,7.4076834049,1.37673e-05
IZUVUV_clean,0.0020788963,0.0105033244,0.02068133,0.104868771,0.2094811569,0.9713718741,2.6442509318,2.1147e-06
JABMEF_clean,0.0106210635,0.0538911438,0.1061758931,0.5075892271,0.9166606457,2.8984998083,4.0517190006,1.0609e-05
JADBEY_clean,0.0069255277,0.0346453736,0.0684560924,0.32701393,0.5995081728,2.0504428055,3.3868302298,6.98547e-06
JADBIC_clean,0.0051409982,0.0266007571,0.0522910333,0.2568199909,0.4934843259,1.9746877606,3.9342302692,5.2446e-06
JADJOQ_clean,0.0054704092,0.0273556724,0.054629751,0.2704398419,0.5276361078,2.3228731878,5.1502823795,5.45054e-06
JADMAF_clean,0.0043594538,0.0215162013,0.0433406076,0.1966086504,0.3492515604,1.0804389539,1.8039910035,4.39806e-06
JADMIN_clean,0.013777679,0.0682597936,0.1278407342,0.4953547619,0.8140363928,1.6957185966,2.2401081079,1.38171e-05
JAFPIQ_clean,0.0013935755,0.0073555639,0.014779235,0.0729531538,0.1450593351,0.6907978231,1.9030740454,1.46044e-06
JAJZAY_clean,0.007823547,0.0395581252,0.078646982,0.3769549053,0.7332595933,2.9993592378,7.3186357987,7.95069e-06
JAKBIJ_clean,0.003095411,0.0154907756,0.0313355477,0.15590663,0.3099829061,1.4387706167,3.8185763528,3.15395e-06
JAKBOP01_clean,0.0032024332,0.0153974742,0.0313712218,0.155440123,0.3074280944,1.3977948396,3.6071499049,3.13126e-06
JAKBOP_clean,0.0034109892,0.0161960244,0.0329381364,0.1631676738,0.3177680842,1.4712010837,3.8512894682,3.25071e-06
JAKBUV_clean,0.0027716002,0.0139211169,0.0279931625,0.1399136733,0.2758757582,1.258687949,3.3053884981,2.81331e-06
JALCAD_clean,0.0120988866,0.0607642643,0.1216354664,0.5750515008,1.1226025929,4.5751063081,8.8237863963,1.21956e-05
JALLEQ_clean,0.0014268063,0.007081187,0.0139100407,0.0698157479,0.1392298763,0.6633896437,1.9849491981,1.3972e-06
JALLIU_clean,0.0024863461,0.0126118529,0.0250782978,0.12493758,0.2442979111,1.1999934037,3.3819585764,2.51402e-06
JALLOA_clean,0.0018066264,0.0086245984,0.0162414806,0.0899250563,0.1518837174,0.6636968927,1.6473141851,1.74111e-06
JALTUL_clean,0.0031093464,0.0154115432,0.0310115317,0.1564300314,0.3089641624,1.4877464842,4.1628495487,3.10886e-06
JASNAT_clean,0.0140416702,0.0687296865,0.1378205735,0.601712659,1.0606246924,2.9393256703,4.2320691045,1.39556e-05
JAVNIE_clean,0.0052867433,0.0262416502,0.0517298103,0.2570288011,0.5083818019,2.1695001762,5.0367150328,5.25118e-06
JAVSUV_clean,0.0872005742,0.4019206242,0.7246905358,2.1880987271,2.9984947613,4.7707178086,5.8430769009,8.89123e-05
JAVTEG_clean,0.042838625,0.2076150446,0.3992587731,1.5332436664,2.3799928714,4.6536157586,6.0324883567,4.32962e-05
JAVWUY_clean,0.0068403295,0.0337900926,0.0670550976,0.3263016949,0.6277681684,2.3303786989,4.2205117074,6.87437e-06
JEBCOJ_clean,0.0030355967,0.015227979,0.0304798688,0.1410047163,0.2708658691,0.9691270151,1.7911792073,3.04465e-06
JEDJUY_clean,0.0055983566,0.0283955268,0.0571610114,0.2784075908,0.5319857775,1.9267266195,3.4220942891,5.79835e-06
JEDKEJ_clean,0.0018341209,0.0091602276,0.0183853109,0.0915516882,0.1813263285,0.8489100161,2.3848786074,1.82451e-06
JEJWOL_clean,0.0040226695,0.0206497032,0.0402615577,0.2015303762,0.4022481732,1.8975012282,5.242640514,4.05308e-06
JELPAS_clean,0.005295738,0.0261513652,0.0519605645,0.2461062942,0.4552100309,1.4877280612,2.3132497666,5.27017e-06
JENKET_SL,0.0044093873,0.0210480989,0.0422295321,0.2089558327,0.4028074673,1.7154317601,4.2516247585,4.23675e-06
JENKIX_SL,0.0048327596,0.022900734,0.0459766797,0.2181942816,0.4202151844,1.5598338048,3.3284293457,4.68937e-06
JETZAK_clean,0.007842751,0.0393835265,0.0780022054,0.3810323813,0.7208242491,2.974887936,6.2976782749,7.82774e-06
JILWIL_clean,0.0570105592,0.2757339677,0.5176006994,2.0144271891,3.1725272214,5.9849741165,7.2587224321,5.81431e-05
JILWOR_clean,0.0439580069,0.2159655563,0.4005174361,1.5763458063,2.6067564646,5.9196138386,7.7920641359,4.48097e-05
JILXOS_clean,0.0061673928,0.0302085166,0.0604470546,0.2717925895,0.468492693,1.2169267796,1.701769118,6.15288e-06
JISVAJ_clean,0.0037666322,0.0183749113,0.0376806982,0.1874456595,0.3712720456,1.7536440249,4.6150714651,3.74905e-06
JITPOS_SL,0.0035941845,0.0172543854,0.0340437764,0.1678321019,0.310388484,1.1894486817,2.1853633566,3.51836e-06
JITQEI_clean,0.0052765588,0.0260668412,0.0526549319,0.2545473712,0.4899570246,2.0056398109,3.947620211,5.25546e-06
JIVFUQ_clean,0.0073866977,0.0355361177,0.0712679923,0.3483659935,0.6645154057,2.6335878503,4.9058814242,7.14505e-06
JIVHIG_clean,0.005669379,0.0276778089,0.0554720481,0.2623997243,0.4854925822,1.6138604527,2.7700101433,5.55788e-06
JIVQOU_clean,0.070430138,0.301396442,0.502171809,1.2669855138,1.6137522228,2.2518875207,2.6252262655,7.23313e-05
JIVSAJ01_clean,0.2748774221,0.6464689043,0.8047923503,1.0924272755,1.1809667529,1.3647167137,1.4536481923,0.00036628
JIVSEN01_clean,0.1283618386,0.4198604101,0.5981092572,0.9685039613,1.0979653698,1.3414224971,1.4550447206,0.000142365
JIVSEN_clean,0.0025021013,0.0127560462,0.0253746437,0.1174986789,0.2237252245,0.688843845,1.0972094693,2.54081e-06
JIVSIR01_clean,0.1764395027,0.528165856,0.700796681,1.0402546788,1.1514905271,1.3531573468,1.459765839,0.000214191
JIXWUJ01_clean,0.0027208128,0.0131266444,0.0263203511,0.1263421562,0.2421986448,0.9054622322,1.6492596434,2.63889e-06
JIXWUJ02_clean,0.0024876915,0.0131537887,0.0259339446,0.1244340745,0.2403656089,0.8886663227,1.6500627941,2.59139e-06
JIXWUJ_clean,0.0026697177,0.0131601756,0.0264417019,0.1258136415,0.2422816743,0.9050646487,1.6717478638,2.6408e-06
JIYXUL_clean,0.0002568978,0.0013258027,0.0027086939,0.0133414065,0.0264236618,0.1311042391,0.3635321079,2.68352e-07
JIZJAF_clean,0.0022979177,0.0117690087,0.0225204277,0.1145226303,0.2199974703,0.9855418745,2.4611678741,2.29989e-06
JIZJEJ_clean,0.0023145995,0.0112164241,0.0223369279,0.1117409405,0.2215884968,0.9679905375,2.4427678507,2.25379e-06
JIZJOT_clean,0.0022895768,0.0113248558,0.0225058311,0.1095139204,0.2214383606,0.9574142774,2.4028941824,2.22456e-06
JIZJUZ_clean,0.002254128,0.0113936682,0.0228582341,0.110827612,0.2211464292,0.9735935365,2.4108242922,2.27252e-06
JIZWEW_clean,0.0094120364,0.0458885507,0.091110236,0.4388631285,0.8026761929,2.7799363639,4.7922449312,9.2251e-06
JIZWIA_clean,0.0106267575,0.0516830985,0.1020181029,0.4738027744,0.8711006922,2.8491077525,4.7380380035,1.03658e-05
JIZWOG_clean,0.0103295749,0.051384548,0.1037112572,0.487071687,0.8926147976,3.0105025293,5.0062906165,1.03788e-05
JOBFEM_clean,0.003765867,0.018539941,0.0370979692,0.1734862225,0.3231753836,1.1576885272,1.9992051357,3.713e-06
JOBFIQ_clean,0.0049374295,0.0246379035,0.0487182732,0.2247908706,0.4125920564,1.3855900058,2.3394631279,4.95541e-06
JOCWIJ_clean,0.002260043,0.0111068782,0.0223617591,0.1111914505,0.2228895774,1.0678096655,3.031929731,2.25377e-06
JOFGOC_clean,0.0042758897,0.0203724922,0.0397527281,0.1819118207,0.3292582089,0.975509236,1.6393158499,4.15461e-06
JOFKIA01_clean,0.0025480453,0.0130991321,0.0263603209,0.1284643334,0.2509215791,1.0205237412,2.1051761891,2.61972e-06
JOFKIA_clean,0.0024842603,0.0129389064,0.0256849317,0.1238138226,0.2451604757,0.9838366494,2.0305330186,2.5508e-06
JOGHEU_clean,0.0040681473,0.0203106762,0.0403708508,0.2034093685,0.3917846282,1.7490929132,4.2057007685,3.97667e-06
JOGHIY_clean,0.0041224593,0.0213250674,0.0422737277,0.2080590583,0.4134992838,1.8199706695,4.3249563224,4.22625e-06
JOGSAA_clean,0.0038507743,0.0187562472,0.0366381639,0.1843488424,0.3705068046,1.8082129131,5.3588081718,3.69661e-06
JOHFIW_manual,0.0074881639,0.0379475373,0.075268715,0.3680695295,0.6964367765,2.6142442245,4.7310744947,7.63801e-06
JOHQUT_clean,0.0050363187,0.0240157698,0.0481596074,0.2239042623,0.4010424173,1.2377065858,2.0133901329,4.92319e-06
JOJKUQ_clean,0.0039999725,0.0199768212,0.0399213846,0.2008926285,0.3988590098,1.7961397289,4.717064354,4.06522e-06
JOKXAI10_clean,0.0013242686,0.0064670368,0.0125897638,0.063499254,0.1213916701,0.51117458,1.150681149,1.27526e-06
JOKXAI_clean,0.0012643886,0.0062540023,0.0126772807,0.0620828624,0.1210588756,0.5171222732,1.154404071,1.27645e-06
JOKXEM10_clean,0.001295864,0.0061192724,0.0124143462,0.0617516034,0.1214457924,0.4982558602,1.1165265351,1.2497e-06
JOKXEM_clean,0.0012820455,0.0062559215,0.0124726908,0.061326302,0.120938348,0.5020252276,1.1189033093,1.24848e-06
JOKXOW10_clean,0.0012482671,0.0063541861,0.0124250939,0.061189269,0.1197656986,0.5030320556,1.1190449484,1.26579e-06
JOKXOW_clean,0.0012194786,0.0061837585,0.0125298838,0.0624824461,0.1201123115,0.5088899288,1.1110740031,1.26381e-06
JOKXUC10_clean,0.0013050763,0.0064424707,0.0128258291,0.0637345516,0.1225151872,0.5195800389,1.1576947824,1.28378e-06
JOKXUC_clean,0.0012451963,0.00614998,0.0119790649,0.0590838739,0.1163636718,0.4857478556,1.1063507785,1.20583e-06
JOKYAJ_clean,0.0012379032,0.0063207915,0.0127256453,0.0615589127,0.1207548696,0.4994738035,1.1123671802,1.2687e-06
JOKYEN_clean,0.0012816617,0.0062563054,0.0123306678,0.0613976974,0.1195895133,0.4890305063,1.0751575363,1.24559e-06
JOKYIR10_clean,0.001290874,0.00622982,0.01236982,0.0609889014,0.1194213887,0.4874252625,1.0691845092,1.23594e-06
JOKYIR_clean,0.0012240848,0.0061860616,0.0122788486,0.0601736126,0.1184690669,0.4878778169,1.066411606,1.23886e-06
JOKYOX10_clean,0.0011975994,0.0061572731,0.012078481,0.0600826411,0.1146171727,0.4782544147,1.0340361181,1.21519e-06
JOKYOX_clean,0.0012701463,0.00624479,0.0123191524,0.0621070447,0.1214607624,0.4912172768,1.0731008896,1.26145e-06
JOLYEQ_clean,0.0011634408,0.005823248,0.0116532952,0.0585437378,0.1143919192,0.5068076654,1.32572193,1.17745e-06
JOQSIT_clean,0.0032874439,0.0173429928,0.0329001342,0.1645054891,0.3185319498,1.2604625036,2.6681035634,3.38683e-06
JOQSOZ_clean,0.0035590418,0.0182385313,0.0360301794,0.1784328002,0.348873335,1.4410861074,3.215420662,3.63531e-06
JOQZUM_clean,0.0012917456,0.0064989902,0.013056137,0.0643155106,0.1273582883,0.578511906,1.5786093166,1.29724e-06
JORBAV_clean,0.0011042314,0.0056189418,0.0109703588,0.0547143418,0.1093650312,0.490777803,1.3230149435,1.09973e-06
JORLEJ_clean,0.005053089,0.0248350829,0.0497814242,0.2455534739,0.4675592839,2.0490979036,4.7623108403,4.97644e-06
JORRAL_clean,0.0100286587,0.0498775963,0.0993849123,0.4605636074,0.8654071051,2.8476274652,4.9660318098,1.00454e-05
JORSEQ_clean,0.0144957064,0.0714076433,0.1370931275,0.5666576148,0.9643005824,2.2041473196,3.0720704851,1.44269e-05
JORVET_clean,0.0079544973,0.0386505806,0.0772781713,0.3771236371,0.7255880941,2.9561142027,6.218660471,7.83674e-06
JOSNAG01_clean,0.0034395255,0.0166065278,0.0339786984,0.1612690103,0.3084616342,1.1484318978,2.2318589638,3.35e-06
JOSNAG_clean,0.0033045846,0.01646572,0.0331675865,0.1578382853,0.3044706112,1.1268530922,2.1717061363,3.29003e-06
JOVXEZ_clean,0.0060683389,0.0305365415,0.0599707062,0.2924335516,0.5556874681,2.0594085146,3.8816480177,6.18747e-06
JOWFOQ_clean,0.0016375113,0.0089068719,0.0174141242,0.0887490234,0.1756635137,0.843173342,2.4295946628,1.77212e-06
JOXPIX_clean,0.0012214329,0.0060066666,0.0119507858,0.0583525841,0.1150262251,0.4489988571,0.9092407999,1.21702e-06
JOYKUF_clean,0.0034889363,0.0177571238,0.0364817217,0.1788319691,0.357716012,1.6604486669,4.5673794549,3.60638e-06
JOZWOM_clean,0.0051770669,0.025684602,0.0512471899,0.2595486951,0.5002704996,2.3277239589,6.3226773219,5.20629e-06
JOZWUS_clean,0.0052325164,0.0261612646,0.0522711525,0.2566330608,0.5053488447,2.3487596255,6.3410378939,5.26309e-06
JUCGUL_clean,0.0105533551,0.0518500889,0.1017178429,0.4936157109,0.915380376,3.2648568652,5.7972896874,1.03437e-05
JUCXEK_clean,0.0008062944,0.0036885027,0.0074602591,0.0370108125,0.0732071862,0.3412860418,0.9033836279,7.46502e-07
JUFREJ_clean,0.0008794351,0.004520621,0.0090079027,0.0434878871,0.0858206145,0.3439168047,0.7056872239,9.00124e-07
JUGQIN_clean,0.0040206213,0.0195811252,0.0390974293,0.1922529087,0.385379198,1.6606974242,3.8897779909,3.94764e-06
JUGQOT_clean,0.0040519807,0.020266612,0.0405466412,0.1999340522,0.3939393992,1.6745531376,3.8826444594,4.05415e-06
JUJMOS_clean,0.0065231782,0.0326418032,0.0650647916,0.3097372379,0.5772508848,2.237941493,4.4936127482,6.59533e-06
JUJTAL_clean,0.0141959484,0.0697269416,0.1357077643,0.6341823166,1.0975514358,3.1914378585,4.9880789556,1.42655e-05
JUKPAI_clean,0.0006716069,0.0033764867,0.0068571743,0.0333448077,0.0659195062,0.2968467221,0.7396345732,6.80502e-07
JUMCOL_clean,0.0054478102,0.0277584051,0.0556439438,0.2792584276,0.555806475,2.5174374035,5.9812979266,5.5591e-06
JUMCUR_clean,0.0059942142,0.0295815551,0.0585788366,0.289938552,0.5657715856,2.3845070486,4.9717227674,5.87793e-06
JUMDAY_clean,0.0066812766,0.0324217739,0.0657975006,0.3212044019,0.6165853541,2.4631405349,4.7300697384,6.58056e-06
JUMDEC_clean,0.006097003,0.0307555122,0.0607157631,0.3016727131,0.5817777964,2.460765571,5.0888966704,6.13385e-06
JUNBOL_clean,0.0044901606,0.022991695,0.0450936987,0.2141603154,0.4045795225,1.3252014656,2.2119405783,4.57122e-06
JUNBUR_clean,0.0058926537,0.029374886,0.058803381,0.2895514125,0.5619841372,2.5217602121,5.5146501863,5.86018e-06
JUQVAU_clean,0.0055518209,0.0273415237,0.054425719,0.2663841632,0.5131112131,1.980644076,3.7426175979,5.56096e-06
JURKIS_clean,0.0026280558,0.0128555858,0.0255596413,0.1275211661,0.2538163144,1.072058508,2.4258026607,2.60873e-06
JUSBAC_clean,0.0072616102,0.0349655266,0.0696033242,0.3044211738,0.5255675657,1.3818303582,2.0656070333,7.30819e-06
JUSGUB_clean,0.0211935311,0.1000455474,0.1963925129,0.696912635,1.0896854052,2.2808852857,3.3930107972,2.15417e-05
JUSKAL_clean,0.00252666,0.012687648,0.0255896109,0.1223666379,0.233304856,0.8375119209,1.5089205546,2.57278e-06
JUTCIM_clean,0.007960607,0.0393474868,0.0789878258,0.3763229082,0.714527161,2.7672727399,5.7361274185,7.95655e-06
JUTCOS_clean,0.0062680801,0.031400221,0.061822652,0.2872342561,0.5197525122,1.7732347616,3.1598552533,6.264e-06
JUTCUW_SL,0.0016033907,0.0085609186,0.0165636196,0.0845473848,0.1657454645,0.8005123974,2.1814641003,1.68531e-06
JUVROJ_clean,0.0078010962,0.0386900997,0.0768562328,0.3721314783,0.6848995347,2.3717418281,4.1799625035,7.90997e-06
JUXFAL_clean,0.0042074302,0.0212049686,0.0419970524,0.203552249,0.3923059045,1.4243542983,2.4980121654,4.26286e-06
JUXFOZ_clean,0.0076600057,0.0389947858,0.0791068399,0.3761305014,0.7297636031,3.1386542079,6.8900346266,7.74157e-06
JUYBEM_clean,0.0140158976,0.0715709203,0.1371248361,0.6179746797,1.0462520885,2.67471569,3.7147612796,1.44199e-05
JUYJIY_clean,0.0056158913,0.0279155333,0.0563835489,0.2731478473,0.5276812916,2.100911017,4.9260139878,5.70511e-06
JUYROM_clean,0.0091553581,0.0458009925,0.0919079704,0.4477239774,0.8494447008,3.4650212432,6.4484250139,9.215e-06
KABNIL_clean,0.008702731,0.0435216966,0.0864423036,0.414371824,0.7609512026,2.5182294128,4.0855351862,8.76929e-06
KABXAO_clean,0.0004951527,0.0026501129,0.0051107659,0.0255340701,0.0509001834,0.2401751971,0.6573715417,5.16e-07
KABXES_clean,0.0067478657,0.0340042149,0.0682658334,0.3235997448,0.5989871936,2.2448393832,4.2840596697,6.82e-06
KABXIW_clean,0.0064956615,0.0331031254,0.0652896476,0.3164511522,0.5901687345,2.2496116532,4.3276107402,6.62692e-06
KABXOC_clean,0.0068738472,0.0343006317,0.0684640549,0.3242922717,0.6126597808,2.2602847109,4.2789974656,6.9522e-06
KACGAZ_clean,0.0036859204,0.0188214692,0.037561409,0.1847496906,0.3565519778,1.3904611899,2.725353481,3.79589e-06
KACKIL_clean,0.0088197468,0.0430379783,0.0850562142,0.3744337671,0.6648795329,2.3314518858,5.0600794732,8.78836e-06
KACZEV_clean,0.0080659996,0.0398242757,0.0793199231,0.3828739058,0.7181587789,2.9820774759,6.7510627759,7.95456e-06
KACZIZ_clean,0.0082291891,0.0414110017,0.0824092988,0.3993451513,0.7430267579,3.0330023198,6.6251518917,8.36563e-06
KADLOT_clean,0.004878858,0.0239799342,0.0484412874,0.2393682206,0.4703702896,2.0412787263,4.7296228767,4.84494e-06
KADLUZ_clean,0.005460872,0.0271233952,0.0542659514,0.2652578633,0.5169753189,2.1312367452,4.669428739,5.39879e-06
KAGVUL_clean,0.0020718185,0.0100952804,0.0202847794,0.0997696157,0.187947858,0.766566404,1.5631781436,2.05322e-06
KAGWEW_clean,0.0011822453,0.0056678825,0.0114817712,0.0562286387,0.1147660016,0.5389436338,1.541863777,1.14176e-06
KAHMOW_clean,0.0169860761,0.0817114848,0.1498443964,0.5022997601,0.7247796356,1.2282819093,1.5819546466,1.7151e-05
KAHNOX_clean,0.0008646942,0.0045608954,0.0092273128,0.0450666881,0.091446539,0.4483805715,1.2484044195,9.1386e-07
KAHPUE_clean,0.0028071787,0.0146140261,0.0292864917,0.1435230108,0.280500808,1.2156690798,2.8117494834,2.91528e-06
KAHYEY_clean,0.0030844054,0.0156199239,0.030746652,0.1462039096,0.2786957432,0.9801127295,1.7506173054,3.05999e-06
KAHYID_clean,0.0022248346,0.0106443069,0.0219332826,0.1087842346,0.2133223796,1.0260656199,2.8760616661,2.16013e-06
KAHYOJ_clean,0.0021410144,0.0110787852,0.0215716848,0.1095389273,0.2171827675,1.0309683671,2.8877896506,2.17233e-06
KAHYUP_clean,0.0019602628,0.0103593449,0.0205422184,0.1038605407,0.2069460383,0.991861963,2.7825548547,2.08221e-06
KAHZAW_clean,0.0021142304,0.0112560437,0.0226334895,0.1100224438,0.2200884091,1.0449681209,2.8411958389,2.21841e-06
KAJZIH_clean,0.0028640391,0.0141369267,0.0281373371,0.1394038053,0.2699041238,1.1271475752,2.2392381405,2.83253e-06
KAKCAD_clean,0.0057038564,0.0290799532,0.0590397713,0.2888593877,0.5594858641,2.383082316,5.3773959925,5.83294e-06
KAKCEH01_clean,0.0037934935,0.0192962095,0.0384805649,0.1903744444,0.3665993354,1.5309331093,3.4431730141,3.87293e-06
KAKCEH02_clean,0.0036025229,0.0186005311,0.0373620231,0.1814697607,0.3544645213,1.4950783894,3.4245574781,3.69625e-06
KAKCEH_clean,0.0037948575,0.0189674674,0.0380249637,0.1832307819,0.3613749269,1.4929927182,3.4448467345,3.7641e-06
KALFEK_clean,0.009959082,0.049818053,0.0982209275,0.4681428967,0.8758595633,3.3037886603,6.0804177114,9.99428e-06
KALFOU_clean,0.0106773637,0.0533390168,0.1071937875,0.5126166071,0.9530377317,3.3932052913,6.1459171988,1.07601e-05
KALFUA_clean,0.01689771,0.083053969,0.1634560321,0.7475891765,1.3790410817,4.2637957214,6.6082305648,1.65828e-05
KALGAH_clean,0.0102746782,0.0513330386,0.1006484674,0.4884683889,0.9144135704,3.3075283564,6.0307215918,1.02786e-05
KALGEL_clean,0.0092936337,0.0471021684,0.0945666225,0.4526029801,0.8683132031,3.1924336194,5.9943157425,9.50701e-06
KANDIO_clean,0.0101114694,0.0499749112,0.1001827968,0.4616883572,0.8380890001,2.7033447947,4.4735489575,1.01841e-05
KANMIX_clean,0.0073484068,0.0374648778,0.0752182858,0.3444639711,0.6269045947,2.2904128987,4.7043576938,7.56609e-06
KARLUM_clean,0.0048725253,0.0246009643,0.0487901262,0.2404517206,0.4730763745,2.2351070455,5.8691689962,4.88802e-06
KARNAU_clean,0.0058817851,0.0282512778,0.0569375504,0.2842948535,0.562581633,2.4698141704,6.3522530356,5.8109e-06
KARNID_clean,0.0076372476,0.0371802106,0.0743668427,0.3571312274,0.6859096011,2.7247293669,5.9795710517,7.46617e-06
KARTAA_clean,0.0040658557,0.019834583,0.0397224914,0.1902215021,0.3594286995,1.3910567247,2.7546467729,4.04055e-06
KASRAZ_clean,0.0073175598,0.0363992536,0.0715358246,0.346667788,0.6731312264,2.8512758157,5.9026968188,7.20428e-06
KASRED_clean,0.0065976593,0.0325726397,0.0656494955,0.3193558496,0.6002598722,2.5760095851,5.7498322378,6.5957e-06
KATDAM_clean,0.0007459667,0.0036909931,0.0074025489,0.0366551832,0.069726756,0.2798449085,0.5589712672,7.49581e-07
KAVGAQ_clean,0.0122204995,0.0609176037,0.1196748706,0.5399498948,0.955908138,2.8103178441,4.4887827193,1.22906e-05
KAVJEX01_clean,0.0021681179,0.0104121905,0.0209873817,0.1040299559,0.2075479225,0.9890274879,2.7717951176,2.08697e-06
KAVJEX_clean,0.0026252084,0.0130343845,0.0264039216,0.1306600176,0.2513913681,1.1897300248,2.9947925221,2.62894e-06
KAVKIC_clean,0.0031799883,0.0154951707,0.0304754037,0.1358395937,0.244545928,0.6638872348,1.0585276205,3.13207e-06
KAVNIH_clean,0.0057157876,0.0282297236,0.0542905437,0.258784736,0.4915105396,1.7184775813,3.3691547472,5.56416e-06
KAVTEI_clean,0.0067642858,0.032856316,0.0652317747,0.3199417117,0.6036984875,2.2289621472,4.0289418202,6.6653e-06
KAVTUY_clean,0.0025586439,0.012775053,0.0252489203,0.1172291104,0.2214364824,0.7203328494,1.1979387363,2.53313e-06
KAVXAI_clean,0.0159974738,0.0811042392,0.161126167,0.7469425377,1.4231358389,5.0379444449,8.6535196228,1.62232e-05
KAWBOB_clean,0.0041699951,0.0203535476,0.0400489278,0.2014088428,0.398144857,1.7362008499,3.929656718,4.04902e-06
KAWHEY_clean,0.0038413795,0.0181323268,0.0381599598,0.1848854285,0.3721103755,1.7039945081,4.6240225568,3.74882e-06
KAXQIL_clean,0.0283865628,0.1307786454,0.2441575136,0.7622233768,1.0317122072,1.4924100289,1.7741238767,2.85986e-05
KAYBIX_clean,0.0133865338,0.0661772397,0.1321940522,0.6056553648,1.0626393813,3.0921430993,4.7203411964,1.34926e-05
KAYBUJ_clean,0.0120807782,0.0610740298,0.1213540465,0.5673782446,1.0077428145,3.0682739673,4.744110823,1.23137e-05
KAYCIY_clean,0.0074700565,0.0380873602,0.0753488926,0.3684109728,0.6925957815,2.778283395,5.3600182612,7.57491e-06
KEBFII_clean,0.002926054,0.0145503681,0.0289781285,0.1406599872,0.2695372346,1.0695333351,2.2414551392,2.9073e-06
KECRAL10_clean,0.0013492236,0.0065011884,0.013232526,0.0656474335,0.1321141139,0.6493988296,1.8052970321,1.32505e-06
KECRAL11_clean,0.0030743752,0.0156423901,0.031655295,0.1545482502,0.3052195569,1.3802021441,3.3051327995,3.12905e-06
KECRAL12_clean,0.0013578845,0.007029517,0.013726718,0.0686447202,0.1352685139,0.6483119531,1.8471952035,1.36344e-06
KECRAL_clean,0.0013587251,0.0065117457,0.0132024377,0.0664888507,0.1317044905,0.6442415861,1.8005008485,1.32305e-06
KEDJAG01_clean,0.0029300668,0.0147082564,0.0294684431,0.1458262507,0.2891079171,1.362670824,3.7293279509,2.8989e-06
KEDJAG02_clean,0.0028841285,0.0144625862,0.0295023976,0.1452350443,0.2888123139,1.3673465476,3.747773191,2.90477e-06
KEDJAG03_clean,0.0028761392,0.0145284977,0.0292047971,0.1445939049,0.2879275016,1.3704623651,3.7444756175,2.9037e-06
KEDJAG04_clean,0.0030259381,0.0146882832,0.0289970759,0.1432277388,0.2877317644,1.3520530767,3.7190058068,2.88471e-06
KEDJAG06_clean,0.002906099,0.0147282296,0.0287633896,0.1443841864,0.2866631988,1.3592733846,3.7179931661,2.88301e-06
KEDJAG08_clean,0.0028721446,0.0141869562,0.0284538051,0.1453229263,0.2857544187,1.3556861998,3.7149712226,2.88827e-06
KEDJAG10_clean,0.0030239408,0.0148880151,0.0285736443,0.1439827253,0.2917623539,1.3641448454,3.7266195865,2.89852e-06
KEDJAG12_clean,0.0028801339,0.0147342216,0.0290829606,0.1432896557,0.2882610539,1.3507308516,3.746444974,2.89592e-06
KEDJAG14_clean,0.0029320642,0.0141470098,0.0289810973,0.1454267869,0.287366255,1.3544518567,3.7331747871,2.90549e-06
KEDJAG16_clean,0.0029480427,0.0143067953,0.0285556684,0.144450098,0.2885127161,1.3529418837,3.7219638361,2.90451e-06
KEDJAG18_clean,0.0030459113,0.0146503342,0.0285197167,0.1442224036,0.2904780779,1.362544993,3.7417512745,2.91207e-06
KEDJAG20_clean,0.0030519033,0.0146683101,0.0290549981,0.1439148165,0.2898908661,1.3635935854,3.7434150412,2.90475e-06
KEDJAG22_clean,0.002906099,0.0147022645,0.0287773708,0.1457183955,0.2878476089,1.368163451,3.76581697,2.912e-06
KEDJAG24_clean,0.0029580293,0.0147482028,0.0290370223,0.1442743339,0.2863775822,1.3697373383,3.7548996249,2.90931e-06
KEDJAG26_clean,0.002768284,0.0146263664,0.0289791,0.144907484,0.2889101825,1.3616501941,3.7634401605,2.90541e-06
KEDJAG28_clean,0.002999973,0.0146882832,0.0290989392,0.1441145484,0.2923735335,1.3615523255,3.7554408983,2.90512e-06
KEDJAG_clean,0.0028901205,0.0143527337,0.0291988051,0.1445120149,0.2831918585,1.3498819911,3.7012436498,2.8858e-06
KEDNOY_clean,0.021795416,0.1088199683,0.2134287233,0.9086639868,1.5066347032,3.3963018935,4.5692218219,2.18697e-05
KEDQAN_clean,0.007576139,0.0386746768,0.0745537611,0.3511577925,0.6349493006,2.0301276477,3.1818840088,7.63006e-06
KEFBEE_clean,0.0056256726,0.0263917237,0.0536972403,0.2640601525,0.519424115,2.2944212763,5.9781151875,5.34912e-06
KEFBII_clean,0.0068794311,0.0347771807,0.0684630069,0.3368907428,0.6688119249,2.769136668,6.4539652415,6.9073e-06
KEFBOO_clean,0.0055130726,0.0265866084,0.0533507785,0.2646967759,0.5269943043,2.344294445,5.9506147862,5.37397e-06
KEFWAV_clean,0.0063174387,0.0314519136,0.0616245786,0.3054947862,0.5578337764,1.9962791041,3.5186544286,6.33435e-06
KEFWID_clean,0.0049676008,0.024452103,0.0492844941,0.2288015203,0.4170343005,1.2435883527,1.9418449919,5.00397e-06
KEGYAX_clean,0.0016995675,0.0084940993,0.016868581,0.0823567537,0.1564038187,0.5522111546,1.0373516947,1.71349e-06
KEGZOL01_clean,0.0027576179,0.0132437181,0.0265549859,0.1338060562,0.2640101231,1.2260591574,3.2476235209,2.67621e-06
KEGZOL02_clean,0.0026463595,0.0130827908,0.0265092905,0.1332179763,0.2578789929,1.2168108064,3.2033883899,2.64837e-06
KEGZOL03_clean,0.0028033133,0.0134821289,0.0274013442,0.1347755933,0.269042577,1.2401929423,3.2954268665,2.73124e-06
KEGZOL_clean,0.0027337768,0.0141556393,0.0274331323,0.1375391715,0.2723584735,1.2467293709,3.3402917993,2.76761e-06
KEHFUA_clean,0.0070910155,0.034606281,0.0707287331,0.3274268646,0.5952280335,2.0629684661,3.4281768572,7.06238e-06
KEHGIP_clean,0.0151746037,0.0747541402,0.1455640111,0.6764451334,1.279410817,3.9471702575,5.9803742466,1.50542e-05
KEJBOQ_clean_h,0.0175054596,0.0874557338,0.1716472675,0.7348933893,1.3027459034,3.286443377,4.4497254191,1.76451e-05
KEJHIQ_clean_h,0.0159923897,0.0809842928,0.1566041978,0.6730123345,1.2171041009,3.1024622528,4.3353425905,1.62154e-05
KELJAN_clean,0.0041981203,0.0209366036,0.0416544693,0.2007103301,0.3934715051,1.6617513885,3.392096329,4.2228e-06
KENJEU_clean,0.0037663332,0.0192840466,0.0384418474,0.1888484207,0.3619782824,1.4321888322,2.7527055991,3.87099e-06
KEPPIF_clean,0.0029737818,0.0150875185,0.0297100584,0.1489771006,0.2954644831,1.3161795283,3.2319647338,3.01195e-06
KEQDER_clean,0.0060699725,0.0313257275,0.0622592415,0.305319619,0.5959358968,2.5737383972,6.471659982,6.19015e-06
KESBOA_clean,0.0054844687,0.0274286489,0.0550187171,0.2686015078,0.5206235008,2.2893211493,5.0459407225,5.44834e-06
KESBUG_clean,0.0049056296,0.0242217039,0.0496704458,0.2424818675,0.4746770458,2.0484976116,4.5581256691,4.99746e-06
KESGAS_clean,0.0067925722,0.0335024606,0.0674653216,0.3176094656,0.5960404247,1.9895986624,3.2807056059,6.73397e-06
KESHAT_clean,0.0024333382,0.0118322793,0.0236330845,0.1146895061,0.2275967937,0.9044139882,1.8020551523,2.38326e-06
KETHEY01_clean,0.0128422065,0.0621563384,0.1226173701,0.5414995396,0.9082661232,2.2036380926,2.9192666994,1.27248e-05
KETHEY02_clean,0.0128480981,0.0633891549,0.1258975162,0.5405406823,0.935368938,2.2034068474,2.9228546814,1.28988e-05
KETHEY_clean,0.0123914994,0.0609323593,0.1230135799,0.5256143237,0.9182420682,2.1883243615,2.9352093584,1.25735e-05
KEVBIY_clean,0.0624523515,0.3012294681,0.5651602046,2.2905380407,3.7212042062,7.6225106786,9.3922275963,6.30292e-05
KEVBOE_clean,0.0551061447,0.2645954954,0.5105325961,2.1514691195,3.6049921572,7.6815771612,9.5500350444,5.50924e-05
KEVVIS_clean,0.0040034185,0.0199855222,0.0400432051,0.1901465935,0.3685069304,1.3442691559,2.5337008772,4.05196e-06
KEVWUF_clean,0.0021355265,0.0110939446,0.0218820798,0.111065368,0.2210771068,1.0411835376,2.9148677833,2.21547e-06
KEWBUL_clean,0.0044455682,0.0227915009,0.0442690444,0.2108665433,0.3815056042,1.3259478631,2.2738560311,4.48589e-06
KEWJIG_clean,0.0125724119,0.063609739,0.1249850732,0.5903093596,1.0907711285,3.8209944379,6.6303146394,1.26467e-05
KEWNUX_clean,0.000916075,0.0046056027,0.0088619616,0.0445983478,0.0898234422,0.4245148416,1.2451391038,8.99059e-07
KEWZET_clean,0.0057708378,0.0280246418,0.0557099233,0.270117029,0.5235145681,1.973381433,3.8722887217,5.65956e-06
KEXFAU_clean,0.0076917749,0.0379835845,0.0756503091,0.3690626074,0.7140729053,2.8040599017,5.5273574873,7.54659e-06
KEXFIC10_clean,0.0011484671,0.0057776495,0.0116128758,0.0573082025,0.1127463074,0.4631615914,1.0228235936,1.1569e-06
KEXFIC_clean,0.001133881,0.0059250463,0.0113533959,0.0564867721,0.1120407985,0.4633604236,1.0297765794,1.15479e-06
KEYFUR_clean,0.0015181216,0.0075773365,0.0152925792,0.0708739466,0.1328913185,0.4450161886,0.7617738972,1.52807e-06
KEYMUY_clean,0.0072130322,0.0370529598,0.0731895787,0.352940476,0.6584540042,2.2913630205,4.0066922791,7.42688e-06
KEYROX_clean,0.0025795099,0.0128705623,0.0258018453,0.128914772,0.2544898995,1.1820092283,3.1961184098,2.56908e-06
KEYYET_clean,0.0005971152,0.0030274514,0.0060269858,0.0297526202,0.0593726343,0.2839569536,0.779479565,5.95973e-07
KIBDEF_clean,0.0058546013,0.0298861859,0.0585367737,0.2738307082,0.5109941407,1.6844460825,2.5805957138,5.90006e-06
KIBDIJ_clean,0.0058057252,0.0289760481,0.0584943035,0.2742977165,0.5027764562,1.6535612225,2.5250377845,5.84113e-06
KICXAX_clean,0.0004864366,0.0024352386,0.0047568124,0.0230293518,0.044757669,0.1724148937,0.3183471022,4.82829e-07
KICXEB_clean,0.000505359,0.0025199321,0.0049793458,0.0240594553,0.0466789495,0.1801873084,0.3406319256,5.03303e-07
KIDDIM_clean,0.0093346112,0.0481556932,0.0943560909,0.4355012567,0.7733331974,2.3315758649,3.4773774449,9.67409e-06
KIDDOS_clean,0.0145820312,0.0721365322,0.1419223928,0.6239352297,1.1222776051,2.9399761269,4.1240673352,1.46e-05
KIDVIE_clean,0.0022711295,0.0115585056,0.0227215847,0.1113676637,0.2224648498,0.9373208602,2.1595986455,2.28e-06
KIFDIM_clean,0.0056063925,0.0275029818,0.0548777258,0.2710324076,0.526079183,2.1249810371,4.4321237438,5.49054e-06
KIFWUT_clean,0.0036215243,0.0180074075,0.0357210844,0.15660328,0.2794102741,0.6852162381,0.9681080825,3.671e-06
KIGCEK_clean,0.0025311747,0.0121627876,0.0237996169,0.1196808189,0.2409041119,1.1035668933,2.9214055015,2.41094e-06
KIJPUQ_clean,0.0073178514,0.0355796598,0.0740653694,0.3540851237,0.6843167832,2.8823379619,5.8474352394,7.2984e-06
KIJRUS_clean,0.0077723755,0.0390206659,0.0786806092,0.3824982115,0.7306692903,3.0450760939,6.8707346055,7.89281e-06
KIKDAL_clean,0.0024293393,0.0120562422,0.0243648439,0.1127651252,0.206427708,0.6270827016,0.9819836296,2.44961e-06
KIKFIV_clean,0.0050651346,0.0246857806,0.0487496707,0.2368535515,0.4559341265,1.7651396899,3.5724648325,4.91594e-06
KINDOC_clean,0.0064149622,0.0317706611,0.0635543043,0.3039178737,0.5870348755,2.1852005758,4.3476659618,6.38295e-06
KINFAQ_clean,0.0055775429,0.0279763799,0.0560297145,0.2726086849,0.537045115,2.2682130653,4.5910070893,5.56813e-06
KINFEU_clean,0.0066022115,0.0324439349,0.0659079379,0.3090065858,0.588921785,2.2357758221,4.0891980265,6.4777e-06
KINMUR_clean,0.0400302053,0.1983652421,0.3845989449,1.6414001472,2.8092035946,6.5706344784,8.8295806915,3.99089e-05
KINNIG_clean,0.0084757331,0.0424992801,0.0844302405,0.4199331199,0.8054563171,3.474275776,7.1817118963,8.51476e-06
KINPUU_clean,0.0046762849,0.0233485779,0.0465796004,0.2155896973,0.3973096079,1.2364754072,2.0857561575,4.64722e-06
KINQAB_clean,0.0045743803,0.0223496093,0.0442167037,0.2045759721,0.3869579849,1.1755915262,1.9475912716,4.53512e-06
KINRIK_clean,0.0013823982,0.0064690357,0.0128845389,0.0646630658,0.1261908064,0.5821943184,1.5886746653,1.28211e-06
KINROQ_clean,0.0013349364,0.0063406862,0.0128007315,0.0639010506,0.1274000498,0.5840634762,1.5965609234,1.28667e-06
KINSEH_clean,0.0094510826,0.046556612,0.0931557367,0.446711782,0.8543783971,3.4671736202,8.0728054648,9.32351e-06
KIPJIE_clean,0.0024689264,0.0124104363,0.0241527059,0.1188691251,0.2279207561,0.9035789726,1.9200034468,2.44959e-06
KIPJOK_clean,0.0024487862,0.0127077927,0.0249190399,0.1239214062,0.2362839882,0.9282471217,1.9800272129,2.52263e-06
KIPJUQ_clean,0.0008796635,0.0047156221,0.0091809758,0.0433515456,0.0873153548,0.3584997482,0.8371417183,9.43709e-07
KIPKAX_clean,0.0013076931,0.0060912714,0.0128750677,0.0635951429,0.1266406863,0.476119649,1.0249205139,1.34169e-06
KIPKEB_clean,0.001311763,0.0061752689,0.0127848733,0.0626450033,0.1212662742,0.480960802,1.0773094636,1.27621e-06
KIPZEQ_clean,0.0083625105,0.0416847879,0.082752046,0.3907336661,0.7081850918,2.2685249139,3.5355806312,8.40635e-06
KIRFIA_clean,0.0028761392,0.0144366211,0.0285936175,0.1431358621,0.2816512598,1.3578040236,3.7016018356,2.85214e-06
KIRTUC_clean,0.0300109914,0.1477176665,0.2916104027,1.2000853855,2.0459248832,4.3637650806,5.4005388531,2.9971e-05
KISVEO_clean,0.0015620182,0.0079567194,0.0160418902,0.0793260442,0.1554553437,0.6786744734,1.6586694001,1.5945e-06
KITVEQ_clean,0.0050911887,0.0259932838,0.0499478344,0.2399360939,0.4761740206,1.6733958185,3.1045526552,5.12321e-06
KIVDUQ_clean,0.0027710921,0.0134697843,0.0264434565,0.1309124398,0.2534130604,1.0266293118,2.254508551,2.67976e-06
KIVFAY_clean,0.0026070632,0.0133165198,0.0266228756,0.1290623343,0.2496851696,1.0005126006,2.2226221867,2.66722e-06
KIVFEC_clean,0.0026172532,0.0133990515,0.0266949683,0.1288591432,0.2496399687,1.0002320086,2.2246077466,2.6526e-06
KIYMIQ_clean,0.0083484323,0.0420404628,0.0832701067,0.4006787044,0.7297731052,2.4762791587,4.2079802585,8.56609e-06
KIYQEQ_clean,0.009824144,0.0485980312,0.0966552976,0.4628298564,0.8481134449,2.9600061655,4.9223962611,9.76876e-06
KIYQIU_clean,0.011020153,0.0541457654,0.1101337461,0.514012713,0.9626772442,3.2604424087,5.1321708083,1.10634e-05
KIYQOA_clean,0.0137480777,0.0669358309,0.1348462433,0.5837999858,1.0400186542,2.8537330881,4.1426390961,1.37546e-05
KIYTOD_clean,0.0047917862,0.0239613006,0.047465225,0.2394637072,0.4735905685,2.1106988588,5.3648406518,4.80491e-06
KIYXUN_clean,0.0014604439,0.0071653028,0.0143896677,0.0707254852,0.141722119,0.6732136235,1.9462414842,1.4239e-06
KOBFIR_clean,0.0064486442,0.032130436,0.0637367538,0.3122970458,0.6044520301,2.4865361603,5.3188664903,6.39645e-06
KOBRAV01_clean,0.0036069094,0.017668982,0.036352173,0.1712569597,0.325195505,1.1683274573,2.0981433415,3.58454e-06
KOBRAV_clean,0.0036425286,0.0178395791,0.0353342147,0.1704845862,0.3293629477,1.16250841,2.0968348058,3.6077e-06
KOCCUC_clean,0.0038517464,0.0194480379,0.0379773107,0.1912924661,0.385628973,1.6893466854,4.2724853141,3.90501e-06
KOCWEF_clean,0.005357016,0.0263509031,0.0527954013,0.2620986059,0.4957391203,2.1153206646,4.432490729,5.27655e-06
KODPUP_clean,0.0050092999,0.0240856365,0.0483319097,0.2392470428,0.4471679756,1.7206585586,3.26538258,4.93152e-06
KOFPEB01_clean,0.0029471689,0.0145266765,0.029213826,0.1401083895,0.2636781035,1.0082980998,1.9015348728,2.91631e-06
KOFPEB02_clean,0.002965983,0.0143628834,0.0297306596,0.1422056051,0.2755796637,1.0204420296,1.9314780207,2.94349e-06
KOFPEB03_clean,0.0028907267,0.0145288899,0.0286339099,0.1384029492,0.2615499,1.004885006,1.8991886474,2.90453e-06
KOFPEB04_clean,0.0032858222,0.0162675315,0.031363057,0.1566824796,0.2987010507,1.0626287111,1.9707286004,3.24616e-06
KOFPEB_clean,0.0029571293,0.0147679393,0.0287954896,0.1406838787,0.2703958337,0.9982458522,1.8911483987,2.92804e-06
KOFVOS_clean,0.0084377167,0.0423342913,0.0844895063,0.4006825382,0.7392612128,2.4798522661,4.1259288804,8.5495e-06
KOGSOQ_clean,0.008336495,0.0410431222,0.0807314255,0.3824076456,0.7169648617,2.6637966082,4.9417300217,8.1853e-06
KOGYIP_clean,0.0023902374,0.011630405,0.0228018449,0.1132607331,0.2121274007,0.7915568092,1.507611398,2.33857e-06
KOHDIW_clean,0.0065810738,0.032412477,0.0652159634,0.3274455965,0.6478392557,2.8801312381,6.615121938,6.52085e-06
KOHKIC_clean,0.005376707,0.027589909,0.0550182537,0.2697765572,0.5251738985,2.0983641847,4.7451731519,5.60593e-06
KOHKOI_clean,0.0055957163,0.0276775759,0.0547250963,0.2706004667,0.5234958101,2.1122772882,4.7776891741,5.5683e-06
KOHLIE_clean,0.0059699996,0.0303901078,0.0599573992,0.2917028033,0.5579515244,2.3014706361,4.6617608638,6.03682e-06
KOJTOU_clean,0.0056803153,0.027588448,0.0562726502,0.2731323538,0.528730325,2.0807722268,4.3321716727,5.59235e-06
KOJZEP_manual,0.0051507726,0.0259717501,0.0508462129,0.2527372617,0.5008125245,2.2370547373,5.5614171546,5.11047e-06
KOJZIT_clean,0.0055716457,0.0287889417,0.055526945,0.2789760469,0.5504137372,2.5059160753,6.3720464732,5.65343e-06
KOJZOZ_clean,0.0023577724,0.012190074,0.0239567912,0.1200080093,0.2368193482,1.0400928616,2.5479195676,2.44878e-06
KOJZUF_clean,0.0057740295,0.029003429,0.0582847163,0.2750773852,0.5162854339,1.8441179408,3.1193573072,5.86018e-06
KOKKOL_clean,0.0114818867,0.0569586397,0.1117751738,0.4886872639,0.8345813969,2.4251140533,4.0779998494,1.15867e-05
KOMCOG_clean,0.0048580093,0.0236542714,0.0473228944,0.2334513841,0.4516915304,1.978451183,4.3535842966,4.74298e-06
KOMDAT_clean,0.0038354222,0.0197603252,0.0386630671,0.1921718915,0.3765824398,1.6576407575,3.7444638258,3.89769e-06
KOMGUP_clean,0.0092036052,0.0454032852,0.0897580091,0.4152827752,0.7179745853,1.8670498519,2.5184495529,9.26378e-06
KOMHEB_clean,0.0131688631,0.0641378754,0.1259257693,0.4916375539,0.8072155234,1.7751027808,2.5054010315,1.33316e-05
KOMHIF_clean,0.0199107229,0.0952804649,0.1797900717,0.639552414,0.9627455648,1.8385302179,2.5319264163,1.9858e-05
KOMHOL_clean,0.0181134814,0.0883937892,0.1699487617,0.6062047937,0.9474358516,1.8793462344,2.608125,1.84511e-05
KOMHUR_clean,0.0201009643,0.096553817,0.1856417349,0.6377989863,0.967113543,1.8789815137,2.5919423616,2.02236e-05
KOMJAZ_clean,0.0209901512,0.0983322862,0.1913092085,0.6646256513,1.0083060028,1.9628427142,2.675406489,2.10238e-05
KOMVIT_clean,0.0028590594,0.0145685756,0.0287583305,0.1426231509,0.2777829693,1.180048967,2.722393719,2.8835e-06
KONCIA_clean,0.0058868328,0.0296288343,0.0576834339,0.2754002092,0.5264380673,1.7474224713,2.6136135896,5.84901e-06
KONSAJ_clean,0.0014463759,0.0070979848,0.0141788435,0.0694042478,0.1380549477,0.6530940026,1.8004274268,1.40324e-06
KONYOB_clean,0.0017583862,0.0090681343,0.0180302836,0.0861962535,0.1678062504,0.6570567444,1.3079165824,1.8046e-06
KOQLUZ_clean,0.000740939,0.0037558266,0.0074795798,0.0367680545,0.0719268674,0.3023324166,0.6694184437,7.53556e-07
KORNAI_clean,0.0037923457,0.0185011039,0.0377185182,0.180234987,0.3541285786,1.2957116109,2.4062365204,3.7988e-06
KOSJAF_clean,0.0032553552,0.0168181482,0.0342827372,0.1664487351,0.3304915704,1.5075642698,3.7712186286,3.36574e-06
KOSJEJ_clean,0.0035456303,0.0172028072,0.0341562984,0.1702703939,0.3375650228,1.5412272785,3.8382169736,3.45678e-06
KOSJIN_clean,0.0032500127,0.0168270523,0.0336469813,0.1673587387,0.3307444481,1.4950468234,3.7925458356,3.38602e-06
KOSJOT_clean,0.0034102873,0.0172562321,0.0337413652,0.1672038066,0.3327247298,1.5184860934,3.8076490455,3.38519e-06
KOSJUZ_clean,0.003424534,0.0165278731,0.0339782155,0.1670631211,0.3309492434,1.5137704585,3.7963372203,3.39674e-06
KOSKAG_clean,0.003476178,0.0171048616,0.0339158865,0.1703451887,0.3337540489,1.5276217457,3.8485760554,3.4191e-06
KOSKEK_clean,0.0033176842,0.0172384238,0.0332267057,0.1678912065,0.3330043199,1.5212125425,3.8479046829,3.39513e-06
KOSKIO01_clean,0.0030309708,0.0157603358,0.0312321773,0.1566328062,0.3113013581,1.4049707166,3.6150399338,3.14744e-06
KOSKIO_clean,0.0033319309,0.0163996534,0.0333994461,0.1659875004,0.3306375983,1.4885788528,3.7714073965,3.36359e-06
KOSKUA_clean,0.003424534,0.0173969176,0.0343486279,0.1702614898,0.342496138,1.5768848156,4.0415448945,3.43545e-06
KOSLAH_clean,0.0033443967,0.0167629425,0.0335223233,0.1650454419,0.3336863774,1.5279209249,3.9534722203,3.34416e-06
KOSLIP_clean,0.0034119721,0.0170759124,0.0342855926,0.1689416647,0.3383363566,1.5104923336,3.8390553523,3.38239e-06
KOSLOV_clean,0.0033941363,0.0174504624,0.0352665569,0.1722002496,0.3486275635,1.5648876936,3.904100417,3.51601e-06
KOSLUB_clean,0.0035475235,0.0171722253,0.0344211441,0.1697139511,0.3373446909,1.5327209837,3.8211144078,3.44782e-06
KOSMAI_clean,0.0033568625,0.0162091047,0.0335490357,0.1659536647,0.3264864862,1.473370574,3.7187785599,3.32314e-06
KOTSIX_clean,0.0027817949,0.0133380769,0.0270289755,0.1309872557,0.2582707705,0.9921274026,1.9835261132,2.69878e-06
KOVGOT01_clean,0.00135871,0.0069590603,0.0137983159,0.068472195,0.1375988145,0.6622893855,1.9135310597,1.37656e-06
KOVGOT_clean,0.0014127259,0.0069175095,0.0137027492,0.0693793867,0.1353682311,0.6601827618,1.9147152565,1.37619e-06
KOVJAI01_clean,0.004566333,0.0224969077,0.0448595115,0.2192521402,0.4143967279,1.7364764288,3.4597900719,4.53124e-06
KOVJAI_clean,0.004585042,0.0224361034,0.0445594992,0.2179973006,0.4262311745,1.6834013265,3.315074933,4.46492e-06
KOXFUA_clean,0.0059993643,0.0306536712,0.0592980347,0.2904500109,0.5501280361,2.0085834854,3.6492780389,6.01627e-06
KOXGAH_clean,0.0060965228,0.0309950417,0.0605032497,0.2814187769,0.5268479615,1.803285702,2.9617994385,6.09876e-06
KOXGIP_clean,0.0045572718,0.0227803248,0.0464521913,0.2286797044,0.4414655275,1.7610333026,3.6129073177,4.62137e-06
KOZNEU_clean,0.0144063109,0.0714860753,0.1418232995,0.635146176,1.1624611535,3.6164497518,5.8723908136,1.44231e-05
KOZNIY_clean,0.0046479191,0.0231038358,0.0457757088,0.2255289814,0.4415498458,1.8282119543,3.9475890115,4.60024e-06
KOZQEX_clean,0.0042267924,0.0209156615,0.0418246403,0.2091042674,0.4129214245,2.0326383152,5.7816372649,4.19031e-06
KOZQIB_clean,0.004685593,0.0232321493,0.0470377592,0.2358951319,0.4670697036,2.2734427428,6.4606565129,4.69225e-06
KOZSID_clean,0.000661108,0.0032778287,0.0065457606,0.0310265487,0.060819953,0.2467357835,0.5424034529,6.43158e-07
KOZSOJ_clean,0.0006439535,0.0029848826,0.0060647748,0.0291679249,0.0582777883,0.2284134601,0.5006658996,6.10091e-07
KUCDIW_clean,0.0037187333,0.018116906,0.035977798,0.1722007342,0.3295996819,1.3417247337,3.0481968612,3.65511e-06
KUCDOD_clean,0.0080682119,0.0399689818,0.0795765676,0.3797560652,0.7021053429,2.4439721213,4.1265913066,8.07175e-06
KUDLUR_clean,0.003033424,0.0152801802,0.0300814549,0.1414200623,0.267534346,0.9312729066,1.7330557254,3.03532e-06
KUDMAY_clean,0.0031391849,0.0155779502,0.0301831498,0.1462471903,0.2745226277,0.9495256646,1.7690620492,3.07771e-06
KUDWAJ_clean,0.0043480961,0.0219605605,0.0437472459,0.2153535663,0.4189954821,1.8577021928,4.380529346,4.37885e-06
KUFBEU_clean,0.0017839517,0.008885156,0.0177075149,0.0857962864,0.1607953077,0.6013865231,1.1423801295,1.77605e-06
KUFTAI_clean,0.0107293164,0.052028978,0.1022170008,0.493634848,0.913335383,3.2766124081,5.8430357816,1.04649e-05
KUFVAK_clean,0.006380075,0.0319051521,0.06344723,0.308732568,0.6102633666,2.7649945472,6.5759153187,6.26733e-06
KUGFAU_clean,0.0008766084,0.0046232224,0.0090310931,0.0448595469,0.0866545115,0.3608424104,0.8130476819,9.10972e-07
KUGZIW_clean,0.0042966527,0.0219656056,0.0441596891,0.2155603794,0.4294452546,1.9451312773,4.7528404422,4.38784e-06
KUHNEI_clean,0.0115196652,0.0575799262,0.1131118176,0.5194705199,0.9286514622,2.697001454,4.0978572831,1.16939e-05
KUHZET_clean,0.0421364145,0.2001203411,0.3647734328,1.1328256243,1.5525261784,2.3853587657,2.8890371229,4.28687e-05
KUJMEJ_clean,0.0065261116,0.0329040964,0.0651428288,0.3201158457,0.6221910868,2.5009016948,4.8846309467,6.54116e-06
KUJMIN_clean,0.0051958783,0.0252287758,0.0503871345,0.2513843221,0.4855868875,2.1651785135,4.9626630518,5.05907e-06
KUJNEJ_clean,0.0050840677,0.0253681579,0.0500142512,0.2488753367,0.490929138,2.2756484306,5.9469502955,5.04431e-06
KUJNOT_clean,0.0058239836,0.0291187724,0.0575043918,0.27665984,0.5268585871,2.1123751118,4.2747833287,5.75271e-06
KUJNUZ_clean,0.0059697761,0.0298006828,0.0603276921,0.2882496181,0.5426790985,2.1449228364,4.2255512068,5.98385e-06
KUJPAH_clean,0.0049962268,0.0257370209,0.0502080852,0.248812711,0.4755572171,1.9570306552,4.5368566563,5.08744e-06
KUJTUG_clean,0.0066877297,0.0322962811,0.0642448494,0.2840558871,0.4956440106,1.3673664132,2.0921605009,6.65957e-06
KUKMUA_clean,0.0054266139,0.0271229567,0.0540547785,0.2701788306,0.5145412988,2.3391052257,5.0666785437,5.46484e-06
KUKPOX_clean,0.0063373605,0.030592228,0.0610604168,0.2956024094,0.54437198,1.9412216881,3.372437824,6.22032e-06
KUKPUD_clean,0.0070436082,0.0369896439,0.0734537519,0.3636137878,0.7157228571,3.0879563496,6.2457328814,7.37867e-06
KUKQAK_clean,0.0092734415,0.0436688697,0.0887685357,0.3776325305,0.6211188272,1.3066035224,1.6089335409,9.10813e-06
KUKZOH_clean,0.0082929969,0.0401679872,0.0799611887,0.362673909,0.6866048954,2.7117421735,5.7589508229,8.13789e-06
KULLAG_clean,0.0042200171,0.0207046173,0.0410475672,0.1995610088,0.3992555304,1.755660626,4.3208276798,4.13213e-06
KULLEK_clean,0.0029474208,0.0150514507,0.0297175734,0.1496120279,0.2962039635,1.3619146093,3.6035954665,3.00476e-06
KULMAG_clean,0.0221490564,0.1017011229,0.1855850309,0.5540836158,0.8716600819,2.6421231954,5.2584217267,2.40686e-05
KULMEK_clean,0.0038448277,0.0193994794,0.0377680379,0.1885402084,0.3788084768,1.7259938395,4.6482276426,3.82632e-06
KULMIO_clean,0.0115825014,0.0571241692,0.114649314,0.4932395659,0.8998894454,3.0165764155,6.0587954668,1.15911e-05
KULRIT_clean,0.0058664216,0.0293927949,0.0587774982,0.2857729488,0.5532939093,2.1868441704,4.0885546297,5.92926e-06
KULZEY_clean,0.0050708453,0.0260355727,0.0503401574,0.2327054702,0.4015301143,1.1550507431,1.829399505,5.21274e-06
KUMGIK_clean,0.012846324,0.0628820357,0.1259046386,0.5786253818,1.0817973064,3.3786406776,5.2286304307,1.28495e-05
KUMGOQ_clean,0.0015755263,0.008080813,0.0164182151,0.0798793013,0.1567352639,0.6919753458,1.6663925228,1.64281e-06
KUNLAH_clean,0.0103920951,0.0512526109,0.103132418,0.4652464127,0.807943545,2.5995221815,4.4542520046,1.07436e-05
KUNMUD_clean,0.0105246102,0.0533524447,0.1057935844,0.4839064282,0.8871352563,2.7241301366,4.1940335407,1.07867e-05
KUNSUJ_clean,0.0059811743,0.0295160774,0.0583088701,0.2880167138,0.5657948352,2.4847426529,6.2093965982,5.88182e-06
KUNWEW_clean,0.0032286883,0.0163817898,0.0330526402,0.1551173439,0.3020175914,1.0485139979,1.9084134333,3.33207e-06
KUQWIE_clean,0.0048784362,0.0236874784,0.0486352046,0.2105873188,0.3644072173,0.8920759204,1.1484376544,4.87675e-06
KUQXIE_clean,0.0050044603,0.0247618462,0.0485716084,0.2294062977,0.4132384104,1.2091369173,1.8204832295,5.0317e-06
KUSZED_clean,0.0014487392,0.0071864084,0.0142391457,0.0716616674,0.1418554998,0.6694855475,1.9145177458,1.42746e-06
KUTDAG_clean,0.0065245081,0.0317551729,0.0645973863,0.3036874319,0.5644277024,2.0135456431,3.9159277993,6.53537e-06
KUTRUO_clean,0.0032433967,0.0159414611,0.0319208297,0.1549988579,0.2963362479,1.1439768909,2.2515839143,3.18027e-06
KUVJIW_clean,0.0034813302,0.0168665047,0.0332323577,0.1579167161,0.2966344246,1.062377224,1.9648699731,3.38668e-06
KUVMIZ_clean,0.0040644384,0.0191320312,0.0391391807,0.1943812814,0.3895871188,1.8550019176,5.4198800199,3.90029e-06
KUVMUL_clean,0.0048945727,0.0243128275,0.0483848084,0.2348951249,0.4656514916,1.9782899617,4.3841079381,4.82472e-06
KUVYAD_clean,0.0048050264,0.0248678596,0.0491532021,0.2443585075,0.4787314309,2.1205571968,5.0079729475,4.95499e-06
KUXLUL_clean,0.0064106191,0.0318970887,0.0635520981,0.3137885966,0.6092849623,2.5702045765,5.1638657427,6.36174e-06
KUXREC_clean,0.0050119795,0.023870092,0.0474134498,0.2386670136,0.4720446319,2.0890460915,5.4184800604,4.80533e-06
KUXSAZ_clean,0.0130619617,0.0638366339,0.1311928255,0.6368488588,1.2344647575,5.2090394215,8.6932657739,1.29882e-05
KUYPIF_clean,0.0271029998,0.1308938196,0.2596845174,0.9784602886,1.5423244883,3.2698792999,4.4358001913,2.7666e-05
KUZPEC_clean,0.0062870461,0.0311093974,0.062183806,0.2816334226,0.5182931444,1.5078785702,2.3093665114,6.21858e-06
KUZYUB_clean,0.0047675634,0.0239374873,0.0478749746,0.2340923464,0.4491998709,1.9980326628,4.5272440305,4.73068e-06
KUZZAI_clean,0.0088615179,0.0442826803,0.0865497753,0.4159184274,0.7740491297,2.5873120708,4.4348877061,8.92458e-06
LABJUV_clean,0.0011007765,0.0054945452,0.0110866144,0.0530001587,0.101016217,0.3771222995,0.7532039969,1.11775e-06
LABMOT_clean,0.0038813533,0.0189370025,0.0373549447,0.1818827972,0.3525014054,1.310876699,2.5844970457,3.85538e-06
LABNAG_clean,0.0021787278,0.0115099249,0.0229763937,0.1130429879,0.2225383826,1.0042987214,2.5567637874,2.28457e-06
LABNEK_clean,0.0059637695,0.0305311669,0.0605060909,0.2750116837,0.4942383005,1.6010432699,2.7118029624,6.12312e-06
LABNIO_clean,0.0026484214,0.0128293401,0.0259095002,0.1287278925,0.258097647,1.1230945759,2.7672309978,2.623e-06
LABNOU_clean,0.005865155,0.0290018023,0.0554896921,0.20514103,0.3102244962,0.5697294854,0.7348940189,6.09006e-06
LABNUA_clean,0.003169965,0.0157062795,0.0316802118,0.1515676908,0.3001912018,1.2418562264,2.7618544544,3.16601e-06
LABPEM_clean,0.003763161,0.018993044,0.0373963468,0.165640275,0.2958981854,0.7432638662,1.0396262487,3.84121e-06
LABPOV_clean,0.0008465379,0.0043224856,0.0084185627,0.0415118258,0.0793412499,0.304210276,0.6402889061,8.6245e-07
LABPUB_clean,0.0008129543,0.0041443984,0.0079748386,0.0389740284,0.077658366,0.2947368713,0.624577138,8.18572e-07
LABQAI_clean,0.0008187561,0.0041814771,0.0078156049,0.0392564423,0.0782308939,0.3004570128,0.6283223193,8.15457e-07
LABQAJ_clean,0.0036862691,0.0185664708,0.0370761133,0.1817321829,0.3534107897,1.3717757797,2.7612580271,3.75372e-06
LABQEN_clean,0.0042840182,0.0219122239,0.0431711411,0.2077465833,0.3962458432,1.4433548643,2.6598302428,4.39441e-06
LABRUE_clean,0.0059749254,0.0294582384,0.0599022642,0.2874711692,0.545847813,2.0285649317,3.9531731848,5.97273e-06
LACBID_clean,0.0040880083,0.0198618226,0.0399452958,0.1942680917,0.3812737528,1.7187309169,4.3624272013,3.99191e-06
LACGED_clean,0.0100613263,0.0500665861,0.0944286677,0.3570827792,0.5622803394,1.1670504072,1.640104203,1.02399e-05
LACNUB_clean,0.0074674134,0.0363579914,0.071887017,0.3283712725,0.6193494666,2.2222511583,4.9160359808,7.40457e-06
LACQIS_clean,0.0049196586,0.0249163157,0.0497104641,0.2447670727,0.4877501146,2.0940700246,4.7536564498,4.97042e-06
LACYEW_clean,0.0048447355,0.0241386347,0.0487443294,0.2383707051,0.4767994552,2.2047191149,5.6050363347,4.78319e-06
LACYIA_clean,0.0086907724,0.0444072516,0.0879595062,0.4341976404,0.8211261645,3.4763683454,7.2726124194,8.88422e-06
LACYOG_clean,0.0089030983,0.0457298013,0.0895801823,0.4455495663,0.8504666724,3.3027376169,6.5482674456,9.12331e-06
LACYUM_clean,0.0105631691,0.0520699945,0.1042386838,0.4973783511,0.9196724779,3.5609399022,6.7461640085,1.05276e-05
LACZAT_clean,0.006743398,0.0327345566,0.0669038476,0.329699588,0.6256865918,2.7085830098,5.8399897014,6.65353e-06
LACZEX_clean,0.0052288979,0.0260203503,0.0522438377,0.2613320423,0.5172470967,2.4092692643,6.3839050478,5.23387e-06
LACZIB_clean,0.0050444637,0.0248054793,0.0495367752,0.2471787233,0.4951769953,2.2864667759,6.1335380275,4.97504e-06
LADHEF_clean,0.0059378516,0.0284394723,0.0570118713,0.2739990288,0.541705278,2.2204481474,4.4771990008,5.75993e-06
LADHIJ_clean,0.0074334238,0.0373944305,0.0742612949,0.3640443825,0.6930692303,2.7338816419,5.2707758563,7.47996e-06
LADKEJ_clean,0.0067091129,0.032932047,0.0659409292,0.3084317635,0.5616772023,1.9348287734,3.3158536276,6.6363e-06
LADQEP_clean,0.0063926828,0.0322266919,0.0644946348,0.3100238824,0.568095843,2.072656016,3.7794004025,6.48932e-06
LADQIT_clean,0.0063413793,0.0318078775,0.0621936031,0.29919529,0.55906922,2.0365649073,3.7395888932,6.32691e-06
LADQOZ_clean,0.0062511981,0.0315297387,0.0632127766,0.3078696791,0.5664111033,2.0612175837,3.7592914168,6.43813e-06
LADQUF_clean,0.00651845,0.0319497548,0.064640297,0.3017402256,0.5721168534,2.0481346312,3.722501243,6.45123e-06
LAFFEG02_clean,0.0074081168,0.0365620808,0.0732473407,0.3576962864,0.672134603,2.5150627722,4.7136800404,7.39518e-06
LAFQOA_clean,0.0092150635,0.0452071679,0.0900427748,0.4282988225,0.8019658603,2.9501973762,6.1549861945,9.10767e-06
LAFQUG_clean,0.0094052463,0.0460964488,0.0920062366,0.4425237953,0.8143189408,2.9868921006,6.2252728453,9.34321e-06
LAFRAN_manual,0.0089456378,0.0456069041,0.0907982234,0.4304295748,0.8076414096,2.9686592003,6.1887454114,9.12136e-06
LAFRER_manual,0.0086885387,0.0422012223,0.0831239932,0.3982023864,0.747430928,2.892223304,6.1569672659,8.43132e-06
LAFRIV_manual,0.009417573,0.046901204,0.0946318165,0.4493686169,0.8189432016,3.0419253824,6.3699051419,9.44962e-06
LAFROB_manual,0.0094404654,0.0468166783,0.0937319699,0.4365312746,0.8108727571,2.9841573416,6.2844109069,9.41772e-06
LAGBUS_clean,0.0037419277,0.0185706626,0.0372299224,0.1816085728,0.3583477753,1.4721080665,3.1955836888,3.75116e-06
LAGDII_ion_b,0.0022417538,0.0108401621,0.0214871948,0.1047975784,0.2037379391,0.8025821345,1.7152947087,2.19749e-06
LAGHIL_clean,0.0165888478,0.0794223667,0.156627697,0.6590081413,1.1511479083,2.6951986658,3.6484616916,1.61328e-05
LAGMUD_clean,0.0100390993,0.049794817,0.0988545939,0.4857260568,0.911643067,3.2932584223,5.6564342207,1.01344e-05
LAGNAK_clean,0.006684443,0.0326954647,0.0662586083,0.3222957094,0.6334773925,2.5795842941,5.3682128669,6.62351e-06
LAGNEO_clean,0.0074816574,0.0372694309,0.0736435499,0.368012574,0.6922543433,2.7720183262,5.3405832373,7.53293e-06
LAGNIS_clean,0.0076806156,0.0385212096,0.076847606,0.3755170287,0.7135242187,2.800382305,5.1703848568,7.7061e-06
LAGNOY_clean,0.0090049312,0.0449417566,0.0893799003,0.4311299915,0.819904683,3.0207948345,5.2539991142,9.03288e-06
LAGNUE_clean,0.0111499493,0.0548357823,0.1079286078,0.4949126755,0.891166952,2.7714048717,4.5137813365,1.1007e-05
LAGPAM_clean,0.0088121904,0.0423725707,0.0845157867,0.4028350954,0.7355125543,2.3354017859,3.8877565868,8.64674e-06
LAGQER_clean,0.006972361,0.0344788621,0.0686191467,0.3349745439,0.6369412866,2.4166772879,4.4580052518,6.91314e-06
LAGQOB_clean,0.0069612274,0.0354212403,0.0698142478,0.3379397018,0.6496066803,2.4332783157,4.4382908161,6.97909e-06
LAGTIY_clean,0.0026856042,0.0126744485,0.0263169171,0.1286624877,0.2560924033,1.2008739353,3.3482149199,2.58731e-06
LAGVEX_clean,0.0063564777,0.0311878448,0.0615731781,0.2987275365,0.564588805,1.9404530431,3.4921627031,6.31928e-06
LAGVOG_clean,0.0039581585,0.0207096089,0.0406079473,0.2012722423,0.4112697342,1.9149421148,5.0783477367,4.0885e-06
LAGWEX_clean_h,0.0052134786,0.0257928231,0.0519673653,0.254049653,0.4767693245,1.9349528337,3.8766884355,5.18043e-06
LAGWIB_clean,0.0035837259,0.0173645433,0.0349859163,0.1725206138,0.3413433551,1.540764344,3.9029034513,3.49066e-06
LAGWUN_clean,0.0040158765,0.0203869376,0.0409725353,0.202693603,0.3977925052,1.6710593274,3.4447199579,4.11136e-06
LAHTUM_clean,0.0071823193,0.0362387305,0.072086496,0.3497633916,0.6543158052,2.5644111379,4.7338066822,7.28045e-06
LAHVAU_clean,0.0069366805,0.0343826123,0.0680410149,0.3281595912,0.6160457134,2.502968569,5.0117285027,6.90958e-06
LAHYOL_clean,0.0131842554,0.0650854351,0.1268982282,0.5468398161,0.938220416,2.3014489066,3.1556488573,1.33668e-05
LAJFAG_clean,0.0406191162,0.1946702934,0.3793097813,1.4947520524,2.3813613551,4.6516719221,5.9170721995,4.06461e-05
LAJJAK_clean,0.0092249404,0.0454480559,0.0907060065,0.4339121318,0.7988885364,2.7596136869,4.5313483892,9.19069e-06
LAJTIC_clean,0.0002957774,0.0013951047,0.0028841473,0.0139688193,0.0280772759,0.1377066107,0.3936556458,2.84266e-07
LAKFIN_clean,0.0037971898,0.018778578,0.0374774992,0.1853572371,0.352986575,1.5976596883,3.6500624737,3.79311e-06
LALFEL_clean,0.0027659715,0.0144768797,0.0288638409,0.1437679649,0.2856359127,1.3279595227,3.5375661016,2.87866e-06
LALFUB_clean,0.0040912383,0.0213755873,0.0424895341,0.2055251607,0.3945392003,1.4326013886,2.5435794119,4.25627e-06
LAMFEK_clean,0.0011645887,0.0061108278,0.0119253264,0.0595260645,0.1161993857,0.492677043,1.1111457823,1.21158e-06
LAMFIO_clean,0.0009120685,0.004580637,0.0091350103,0.0451473888,0.0893313754,0.4062811345,0.9291721319,9.35154e-07
LAMFOU_clean,0.0012977832,0.0061618793,0.01254946,0.0600699742,0.1206650497,0.50965455,1.1185071802,1.26075e-06
LAMHAI_clean,0.0011768717,0.0059476932,0.0120669656,0.0581618759,0.1148647533,0.4709064514,1.055653939,1.18961e-06
LAPLEW01_clean,0.0242999224,0.1195277661,0.2345819062,0.9677728334,1.7201815577,5.1959639591,8.458847059,2.45942e-05
LAPLEW_clean,0.1346295545,0.4999006375,0.7933927061,2.1878325396,3.3962320467,7.0781572555,9.0260068184,0.000151512
LAPLOG01_clean,0.1395672323,0.4993139827,0.8056043887,2.216873238,3.4306349757,7.0946427697,9.1016762802,0.000152037
LAPLOG_clean,0.3081917331,0.8809100629,1.3140677704,3.3149502793,4.6100956243,7.0497779164,8.2153956088,0.000401485
LAPLUM_clean,0.2539373484,0.804795622,1.2337193867,3.2124285112,4.4444491598,6.7096280481,7.6278633176,0.000321822
LAPMAT_clean,0.2448712671,0.743325648,1.0884458709,2.6773924965,3.8608029068,6.4876841559,7.4912387136,0.000301168
LAPMIB_clean,0.2155416003,0.7012763258,1.0928220814,2.7272088689,3.8833407794,6.4343821045,7.4722670528,0.00025626
LAPMUN_clean,0.4029426511,1.0192552294,1.4961676921,3.694541529,4.9604214878,7.1225141365,8.1458933456,0.000606842
LAPNAU_clean,0.1890212017,0.6509938352,1.037926117,2.6573930897,3.8227339365,6.5329452549,7.7186826478,0.000218495
LAPNEY_clean,0.187707661,0.6634731147,1.0277072596,2.6415752813,3.8295010509,6.5833010773,7.8060530423,0.000218093
LAPNIC_clean,0.0904336074,0.3899337415,0.6699481883,2.0926889691,3.2637857228,6.934636536,8.9930563745,9.57046e-05
LAPNOI_clean,0.1060532911,0.420281548,0.689157273,2.0410389039,3.1595785932,6.6073783675,8.5228731469,0.000110691
LAPNUO_clean,0.0736161701,0.3219396797,0.5588916067,1.7984481437,2.8394490522,6.1457428031,8.0737991995,7.72164e-05
LAPZEK_clean,0.0097871005,0.0495243326,0.0977164615,0.4572901909,0.8393059784,3.1613488788,7.29728404,1.00181e-05
LAPZIO_clean,0.0101132141,0.0502597208,0.0995582002,0.4670991479,0.8264328545,3.1866402042,7.3055048572,1.01283e-05
LAQNID_clean,0.0076719426,0.0370059898,0.0748166227,0.3520870062,0.671153283,2.7109512755,6.3109015564,7.49542e-06
LAQNOJ_clean,0.0120594942,0.0582697683,0.1164474634,0.5337273061,0.9447817462,3.5870288477,7.9474828809,1.18374e-05
LAQNUP_clean,0.0114233751,0.057633175,0.1126990264,0.5130881225,0.9376946929,3.4535219797,7.7509766744,1.1649e-05
LAQZOV_clean,0.004752741,0.0242247724,0.0478025005,0.2354479466,0.4522155547,1.9458754756,4.2337971952,4.80784e-06
LARNIE_clean,0.0078003749,0.0390072089,0.0777139246,0.3605010753,0.657382954,2.1324361653,3.4471718462,7.85456e-06
LARPEC_clean,0.0068160657,0.0333050998,0.0666799292,0.327297283,0.6163263613,2.5593152652,5.0653397046,6.73304e-06
LARVIM_clean,0.0037311656,0.0186070547,0.0374924047,0.1859787379,0.3642039387,1.682942179,4.1719983139,3.75314e-06
LARXUA_clean,0.0043987587,0.0221734396,0.0440440475,0.2209336882,0.4350562296,2.0526702395,5.6356260396,4.46573e-06
LASDEQ_clean,0.0059861205,0.0300547265,0.0588233603,0.2888722964,0.5535831544,2.4609109232,5.8101385526,5.98255e-06
LASMAV_neutral,0.0061517723,0.0305488453,0.0606901456,0.2888949015,0.5389561018,2.0306274968,4.0410866255,6.17014e-06
LASRAB_clean,0.001600044,0.0078298652,0.0158063651,0.0782706184,0.1584022045,0.7722282678,2.3056160349,1.57392e-06
LASREF_clean,0.0017263496,0.0088677723,0.0174590588,0.0861758644,0.173736405,0.850667747,2.5696713499,1.74094e-06
LASRIJ_clean,0.0017439233,0.0088472794,0.0175909833,0.087490031,0.1754762611,0.8676861518,2.5725349802,1.74973e-06
LASWEJ_clean,0.0087684203,0.0433460356,0.0869492905,0.4120950829,0.7671035701,2.6962478916,4.8806248967,8.70347e-06
LASWIN_clean,0.0169686527,0.0827888658,0.1676268298,0.724107135,1.2571499964,3.09243008,4.1887965279,1.71835e-05
LASYOU_clean,0.0067936992,0.0328450642,0.0668734766,0.3281456129,0.6266149205,2.8931735456,6.6298837793,6.63323e-06
LATBUG_clean,0.0051475694,0.0252848987,0.0509897183,0.2486073146,0.4963511964,2.3647915037,6.6873249153,5.02688e-06
LATCAN_clean,0.0053641848,0.0259260997,0.0510097321,0.2594989823,0.5104400195,2.3764671199,6.764270299,5.18721e-06
LATCEO_clean,0.001765298,0.0086628922,0.0169985888,0.0863219814,0.1713382967,0.8095784376,2.2799330003,1.72358e-06
LATCIS_clean,0.0015710581,0.007716795,0.0154270979,0.0770316181,0.1519576722,0.7458868771,2.0840583253,1.53668e-06
LATPIG_clean,0.0039824061,0.0197192109,0.0400229533,0.1946702723,0.3720201906,1.4542933186,2.9028202712,4.00424e-06
LATYOX_clean,0.0036664527,0.0173013937,0.0348979071,0.1741411301,0.3487003465,1.6224001743,4.1449277958,3.50857e-06
LAVCOD_clean,0.0082556154,0.041011429,0.0810843493,0.3754278965,0.6835614653,2.1588690547,3.2071412537,8.19034e-06
LAVCUJ_clean,0.0004016984,0.0020811921,0.0041956538,0.0211926724,0.042610838,0.2093785263,0.5784703745,4.24185e-07
LAVDOE_clean,0.0058615326,0.030526175,0.0592470716,0.2775671843,0.5245080139,1.755174308,3.0815919169,6.03424e-06
LAVMAY_clean,0.0103157089,0.0516020283,0.1026654918,0.4780029271,0.8392077317,2.4058568965,3.3262548463,1.04511e-05
LAVSUY_clean,0.007539774,0.0372648758,0.074515676,0.3566660318,0.6941706216,2.6080252012,4.7726675855,7.49657e-06
LAVTAF_clean,0.0053974496,0.0262264827,0.053517278,0.2581270986,0.4965558777,1.922895965,3.685852882,5.33183e-06
LAVTEJ_clean,0.0053339844,0.0264989487,0.0524474016,0.2577297069,0.4950647677,1.9122268151,3.6330013563,5.29069e-06
LAVTIN_clean,0.0054368254,0.0275940683,0.0544814049,0.2637407508,0.5113453898,1.9271885743,3.5951568835,5.46225e-06
LAVTOT_clean,0.0052606062,0.0272917133,0.0544350314,0.2617411269,0.5090823646,1.9167100255,3.6169505584,5.48214e-06
LAVTUZ_clean,0.0067169315,0.033979234,0.0670067353,0.3290912836,0.6214559127,2.2447101043,3.9495813163,6.81414e-06
LAVZOA_clean,0.0036271746,0.0177497153,0.035308384,0.167135926,0.3107338326,0.9738997793,1.6142702137,3.57649e-06
LAVZUG_clean,0.0020436268,0.0108423932,0.021310231,0.1067663602,0.2099366599,0.962211471,2.572959049,2.12521e-06
LAWFOF_clean,0.0033604763,0.0161946144,0.0324490924,0.1616661043,0.3185664606,1.5722909853,4.5648499576,3.22475e-06
LAWFUL_clean,0.003157549,0.016299122,0.0322979115,0.1625782626,0.32004783,1.5702130096,4.5886918879,3.2434e-06
LAWFUN_clean,0.0091370889,0.0450507582,0.0906096076,0.4230347281,0.7660168559,2.4595927942,4.0067392271,9.16041e-06
LAWGAS_clean,0.0031950906,0.0160596677,0.0325718634,0.1607965607,0.3197058974,1.5776107249,4.5851284843,3.22462e-06
LAWGEW_clean,0.0032590127,0.0164249369,0.0336209976,0.1615626113,0.3241439178,1.5817129005,4.5378038051,3.2514e-06
LAWGIA_clean,0.003551228,0.0162341852,0.0324643119,0.1610877614,0.3227071924,1.5587983481,4.5280511183,3.23666e-06
LAWGOG_clean,0.0031737832,0.0157999208,0.0318798812,0.1600650078,0.3219563614,1.5504702111,4.5190736139,3.22934e-06
LAWGOI_clean,0.0018124515,0.0089293529,0.0184215952,0.0889938429,0.1722037375,0.6928802619,1.501163257,1.83629e-06
LAWGUM_clean,0.00323872,0.0160637263,0.0318798812,0.1586607507,0.319955498,1.5556935602,4.5251492577,3.21432e-06
LAWGUO_clean,0.0027051485,0.0130866803,0.0257120175,0.1272297942,0.2411920405,0.8800225686,1.6705616018,2.63069e-06
LAWHEZ01_clean,0.0023650778,0.0117423569,0.0234097171,0.1151294706,0.2252823674,0.8590950997,1.7130033667,2.38371e-06
LAWHEZ_clean,0.00244811,0.0118347637,0.0238342525,0.1165744983,0.2225985532,0.868491128,1.7333783916,2.41516e-06
LAWHID_clean,0.0025073634,0.0122978942,0.0241099785,0.1176124679,0.2268865254,0.8435572312,1.6351035949,2.47347e-06
LAWHOJ_clean,0.0038760225,0.018958783,0.0382838942,0.1854855761,0.3656433077,1.576854147,3.2557675457,3.80856e-06
LAWHUP_clean,0.0040109309,0.019488039,0.0389563607,0.1926803455,0.370344347,1.5909230189,3.2751808663,3.89923e-06
LAXCUK_clean,0.0033848086,0.0175826356,0.0351003079,0.1724057055,0.3397017165,1.4989348043,3.7052430745,3.50322e-06
LAXJAX_clean,0.0090389682,0.0463817231,0.0901607586,0.4359008536,0.8226464843,3.0654323348,6.4824881064,9.1929e-06
LAYGAV_clean,0.0079116973,0.038934052,0.0764744114,0.364436494,0.7017035068,2.6262810007,4.7669015281,7.73453e-06
LAZGOK_manual,0.0014822976,0.0073775311,0.0148200234,0.0738181261,0.1438537358,0.6461105003,1.5501201167,1.47772e-06
LAZJIH_clean,0.0114515679,0.0574039244,0.1142259854,0.5445177211,1.0089586514,3.4650339887,5.7035493437,1.15923e-05
LAZKUU_clean,0.0065685596,0.0325953079,0.0652496105,0.3199989279,0.6026182192,2.3745666696,4.5723635441,6.5997e-06
LAZXOB_clean,0.0042561755,0.0223640076,0.0439765043,0.2111292099,0.4107042393,1.6635777417,3.7740634579,4.44126e-06
LECFAC_clean,0.0072910477,0.0364480878,0.0725557931,0.3449432152,0.6356526483,2.5035653019,5.4390000413,7.28637e-06
LECFEG_clean,0.006873039,0.034533867,0.0682147751,0.3247716634,0.6110628105,2.3589923724,5.1126579028,6.89318e-06
LECGIL_clean,0.0017838707,0.0092502836,0.018071934,0.0897829061,0.1800511762,0.8969434286,2.5208614461,1.8287e-06
LEDHEJ_clean,0.0087798078,0.0422132945,0.083256752,0.3537798901,0.6103360049,1.427940867,1.9494148183,8.69718e-06
LEDHIN_clean,0.0085293604,0.0432363646,0.0841517425,0.358368883,0.5990634678,1.4303826572,1.9352039455,8.79512e-06
LEDLAJ_clean,0.0052294515,0.0256525605,0.0513908497,0.2412715158,0.450064498,1.5176849123,2.5580815415,5.19432e-06
LEDLEN_clean,0.0044141608,0.0222418322,0.0441025155,0.214780684,0.4219383892,1.8235924318,4.2510062226,4.4508e-06
LEGGEK_clean,0.0178296219,0.0861144801,0.1737562469,0.7357075223,1.2742500685,2.9479742097,3.8543060746,1.77884e-05
LEGGIO_clean,0.0095407085,0.047089728,0.0926932513,0.4292271638,0.8294584357,2.8710145888,4.783716401,9.43798e-06
LEHXUT_clean,0.0050734385,0.0242996917,0.0489364889,0.2468736306,0.4981801991,2.2135754972,5.9289843085,5.06181e-06
LEJBUX_clean,0.0016100099,0.0078049776,0.0154979687,0.0765144241,0.1525062441,0.7257850157,2.0606260805,1.53139e-06
LEJCAE_clean,0.0017788013,0.0089248434,0.0176906334,0.0885326938,0.1736051647,0.8230413017,2.2910879672,1.76076e-06
LEJCEK_clean,0.0043057861,0.0206971309,0.0426093415,0.210208803,0.4134696331,2.0671116732,5.8710942746,4.16621e-06
LEJKIW_clean,0.010487861,0.0520650522,0.1036241497,0.4561484209,0.8310093338,2.4174750135,3.9071672371,1.07112e-05
LEJRIC_clean,0.0034012706,0.0169564131,0.0353361162,0.1725444789,0.3437869507,1.6001613848,4.0536992501,3.49344e-06
LEJZOQ_clean,0.0052395447,0.026023385,0.0528554327,0.2517677004,0.4738844324,1.6654926157,3.032761665,5.30602e-06
LELDOX_clean,0.0053194113,0.0271346233,0.0536191658,0.2715566757,0.5241255743,2.4544092912,6.4652724925,5.40151e-06
LELDUD_clean,0.0046107027,0.0215372222,0.0427623535,0.2159581289,0.432946747,2.0409602166,5.8753748332,4.33364e-06
LELMIA01_clean,0.00978626,0.048307333,0.0963075321,0.4466181379,0.7920857251,2.4130081863,3.6817206602,9.84385e-06
LELMIA_clean,0.0089376002,0.0440979804,0.0877384927,0.4157107558,0.7479990601,2.359088383,3.7108078691,8.91856e-06
LELROL_clean,0.0054078218,0.0258480058,0.052562752,0.2601160528,0.513064216,2.2999336857,5.8535054025,5.23814e-06
LELRUR_clean,0.0041502981,0.0207111284,0.0421224551,0.2063268515,0.407933068,1.7898191465,4.1452879552,4.19217e-06
LEMVOP_clean,0.0034358798,0.017654594,0.0348863692,0.1618996457,0.3073522072,1.0269576119,1.7791295955,3.53533e-06
LENGAO_clean,0.0048995576,0.0248000704,0.0489276842,0.2320815869,0.4413028822,1.6349553904,3.6691220821,4.9751e-06
LENGES_clean,0.5179362396,1.2552509885,1.5347600048,1.9809836844,2.1033384576,2.3250365134,2.4549656147,0.000734448
LENKIA_clean,0.0031774173,0.0161794021,0.0317516875,0.1569855183,0.3117985618,1.4517631902,3.6581102418,3.19169e-06
LEQBUG_clean,0.0116511465,0.0581911117,0.116056965,0.540366347,0.994136393,3.6719722375,8.0095224133,1.19278e-05
LEQCAN_clean,0.0123283601,0.0642529704,0.12276613,0.5663770728,1.022842507,3.8143305157,8.2381267403,1.28304e-05
LEQQAA_clean,0.0065646896,0.0334297721,0.0660451031,0.3232511474,0.6310869093,2.7744203579,6.1514238282,6.62038e-06
LEQQII_clean,0.0036095414,0.0179187948,0.0362221413,0.1813051671,0.3613955006,1.7113202858,4.7434421259,3.65119e-06
LEQVUZ_clean,0.0051775712,0.0252876485,0.0516579255,0.2584738249,0.4944192007,2.3733086478,6.1731484159,5.13826e-06
LESWAI_clean,0.0093672199,0.0473152146,0.0917512884,0.4212415792,0.7557143707,2.2199643639,3.3201684439,9.3948e-06
LETDEU_clean,0.000493492,0.0024865874,0.0050305576,0.0250992305,0.0494467465,0.2459043648,0.6939682841,4.9779e-07
LETDUK_clean,0.0023646629,0.0115561767,0.0235041553,0.1144021919,0.2317527919,1.0964199691,3.0898208768,2.3212e-06
LETPOR_clean,0.0029709256,0.0149977586,0.0299537386,0.1461138358,0.2772469338,1.1741995526,2.6295848365,3.01415e-06
LETPUX01_clean,0.0032368417,0.0163963157,0.0323805692,0.1622055404,0.3139283535,1.2574898104,2.7651841718,3.32599e-06
LETPUX_clean,0.0032445748,0.0167155809,0.0323441133,0.1548083076,0.317442481,1.2485868386,2.7562668386,3.32633e-06
LETQAE01_ion_b,0.002839961,0.013973599,0.0291029961,0.1345893862,0.2502137768,0.8954339371,1.9225405213,2.93094e-06
LETQAE_clean,0.0034362732,0.0166790292,0.0337202504,0.1607740841,0.3100999913,1.2713528144,2.8498207217,3.38785e-06
LETQEI_clean,0.0032432605,0.0165505315,0.0321138491,0.1567410843,0.2980109187,1.233141479,2.8166316831,3.26899e-06
LETRAF_clean,0.0027063639,0.0136282585,0.0272275179,0.1329004733,0.2555716599,1.101083439,2.6640466868,2.71767e-06
LETREJ_clean,0.0033863819,0.0165658915,0.0321414152,0.1592596154,0.2963112788,1.1942655383,2.7708141826,3.28224e-06
LEVBAQ_clean,0.0144887397,0.071254248,0.1414472188,0.6396595728,1.1291059944,2.9029728695,4.1795644817,1.4771e-05
LEVDIB_clean,0.0074788613,0.0364827557,0.0730198938,0.3507062862,0.6788490964,2.7106236912,6.2439532055,7.30282e-06
LEVLEF_clean,0.0137574618,0.0653662781,0.1290975365,0.5358033092,0.9074381238,2.623057024,4.9328610868,1.37006e-05
LEVNOQ01_clean,0.0119216107,0.0603360465,0.1187424267,0.5563884261,1.0450327505,3.4492611348,5.5196475334,1.20251e-05
LEVNOQ_clean,0.0112926249,0.0572804179,0.1116527471,0.5384623304,0.990083851,3.4699322488,5.7435276567,1.13484e-05
LEVPAF_clean,0.0040279797,0.0206064072,0.040771971,0.200736208,0.395703709,1.741772078,4.2302588146,4.07576e-06
LEVYOC_clean,0.0083492377,0.0420617614,0.0808616596,0.361120097,0.6363803128,1.6706371803,2.3571638638,8.48426e-06
LEWMUX_clean,0.0105596855,0.054001082,0.1049936337,0.4489973348,0.8139291185,2.5868189681,4.6205096592,1.07456e-05
LEWZET_clean,0.0184054224,0.0915617931,0.1806330437,0.7959416982,1.3644315292,3.5248264554,4.9438883837,1.84385e-05
LEYFUS_clean,0.0005961709,0.0030646556,0.0060635075,0.0300453236,0.0599348554,0.2735614311,0.7293824149,6.09446e-07
LEYPAI_clean,0.0021738271,0.0111994174,0.0216572882,0.1079688622,0.2092463385,0.8779006224,1.9854869566,2.19051e-06
LEYQUD_clean,0.0021542881,0.0105239373,0.0215353044,0.1074189168,0.2117945543,1.0121239505,2.7765591498,2.14154e-06
LEYRAK_clean,0.0021296182,0.0108733393,0.0216468528,0.1082624199,0.2153422874,1.0224522452,2.8754402488,2.17042e-06
LEYREO_clean,0.0020781528,0.0106537242,0.0213508496,0.1060240862,0.2159900247,1.0152925108,2.8518229972,2.16391e-06
LEZJOQ_clean,0.0096727147,0.0465949694,0.0886844815,0.3688101448,0.594275353,1.3465383787,1.9141265587,9.41424e-06
LEZLAF_clean,0.0030656494,0.0157521491,0.0307880499,0.1518818659,0.2862933839,1.0811058481,2.1008521985,3.1311e-06
LEZMIN_clean,0.0093107968,0.0469303716,0.0918052437,0.4277527587,0.8072138947,2.4602158501,3.5712975436,9.31106e-06
LEZWUK_clean,0.000639167,0.0032310953,0.0062629407,0.0320053621,0.0628935812,0.2848166035,0.7461876883,6.39264e-07
LEZXAR_clean,0.0007831056,0.0037372693,0.0075877722,0.0369690882,0.0739555539,0.334876596,0.8646461531,7.56882e-07
LIBQIY_clean,0.0021297612,0.0104977414,0.0207503126,0.105083902,0.210900838,0.9959828108,2.7332190908,2.11232e-06
LIBZIG_clean,0.0034117932,0.0174461597,0.0340688315,0.1698335107,0.3257925828,1.3647888318,2.8872370207,3.42754e-06
LICKAL_clean,0.0059350791,0.0305781599,0.0577107379,0.2629784264,0.471548284,1.314040849,2.0261473754,6.07159e-06
LIDSAU_clean,0.0184803998,0.0902380031,0.1779183672,0.8056729508,1.4692865498,4.4003346088,6.653175114,1.82041e-05
LIDSEY01_clean,0.0377455967,0.1813987413,0.3570226842,1.4788933915,2.449456863,5.2405490289,6.9393331062,3.7576e-05
LIDSEY_clean,0.0179678214,0.0904321187,0.1771654894,0.8156637752,1.4790858663,4.5035558731,6.8389354726,1.80314e-05
LIDSIC_clean,0.0136432618,0.0663997975,0.1339510365,0.6164066103,1.1745636404,4.1366634075,7.0362341476,1.34725e-05
LIDWIG_clean,0.007628795,0.0389095999,0.077472991,0.3719014697,0.6697127287,2.1708268516,3.600606708,7.88106e-06
LIDZOP_clean,0.0186297223,0.0883673158,0.1644321252,0.5673283103,0.8451846319,1.4277403638,1.8228676081,1.8442e-05
LIDZUV_clean,0.0278924801,0.1300617213,0.2366867817,0.7473898046,1.0236344595,1.4865959865,1.7665472699,2.79953e-05
LIFSAW_clean,0.0067261513,0.0333911302,0.0658797266,0.3114502774,0.5766142093,2.008844538,3.5405521171,6.77449e-06
LIFSEA_clean,0.0087067138,0.0430934136,0.0838836894,0.3831593817,0.7073934101,2.2791245678,3.5863326761,8.55457e-06
LIFWOO_clean,0.014304375,0.0717302993,0.1404050594,0.6365881942,1.1132644433,3.0806107624,4.4213955076,1.43804e-05
LIGHAM_clean,0.0048001923,0.0251364907,0.0490915721,0.235530581,0.4624032287,1.735998806,3.2150812281,4.93408e-06
LIHKAQ_clean,0.1857840275,0.7176778549,1.1383114016,2.4458909784,3.0853998173,4.0873063045,4.3415594141,0.000201704
LIJNOJ01_clean,0.0093542189,0.0450089561,0.0898725098,0.396252604,0.6688508819,1.6763334874,2.3536332854,9.28994e-06
LIJNOJ_clean,0.0092261263,0.0468749531,0.0917592786,0.3954182714,0.6631853826,1.63358173,2.3020119836,9.59935e-06
LIKDOA_clean,0.0042618756,0.020470041,0.042015737,0.2050059936,0.4116662143,1.8560671833,5.0211250365,4.11289e-06
LIPQOR_clean,0.0054659828,0.0272987269,0.053132472,0.2616129365,0.5056772777,2.2583192343,5.2480788935,5.35364e-06
LIQDAS_clean,0.0037631525,0.0189140254,0.0383470004,0.1905758099,0.3763597801,1.7977643721,4.8880956445,3.82403e-06
LIQFEY_clean,0.0088692708,0.0449513206,0.0858159953,0.4058806763,0.7422651726,2.3454813521,3.737594609,8.85942e-06
LIQJEC_clean,0.0022889786,0.0114271185,0.0228660868,0.1134180026,0.23129349,1.0247079938,2.55113285,2.33303e-06
LIQTUC_clean,0.0087657333,0.0438272352,0.0861889828,0.4052988831,0.7401055282,2.4585956908,4.2633750159,8.88407e-06
LIRFIB_clean,0.00191716,0.0101019582,0.0200287912,0.1020380732,0.2008132876,1.0106290242,3.005019182,2.02208e-06
LIRNOR_clean,0.0077347882,0.0385412511,0.0760965157,0.3653437056,0.6781310669,2.3902720488,4.0358415932,7.74345e-06
LIRTUC_clean,0.0030108814,0.0148761313,0.0302565523,0.1468159605,0.2883983685,1.1919293899,2.5236188123,3.02354e-06
LITCIC_clean,0.0072070865,0.0355516618,0.0712435072,0.3474849218,0.6761742458,2.6746207279,5.6315987239,7.16362e-06
LITCOI_clean,0.0088240198,0.0443856311,0.0878136262,0.4190008003,0.7882155907,3.0419757319,5.8074183852,8.81804e-06
LITDAV_clean,0.0098255565,0.048827734,0.0968604082,0.4502499751,0.8401237996,2.8863408861,4.9473571467,9.82532e-06
LITHUR_clean,0.0007661338,0.0038276337,0.0076716584,0.0386017309,0.0755892386,0.3569400422,1.0371005256,7.64786e-07
LIVLUZ_clean,0.0095590597,0.0471542978,0.0921138484,0.4252470778,0.7658581134,2.3069543674,3.5882855727,9.39283e-06
LIVTIT_clean,0.0064799884,0.033401711,0.0668686131,0.3268786925,0.6225460926,2.5061974605,5.0819624427,6.68622e-06
LIVWAQ_clean,0.0081856707,0.0405449026,0.0803047396,0.3715983714,0.6852149084,2.1331765083,3.4147284274,8.16117e-06
LIWFOM_clean,0.0018109214,0.0094025387,0.0187558219,0.0899424296,0.1727145327,0.6367893416,1.1756139136,1.87153e-06
LIWVIY_clean,0.003586369,0.017543223,0.0347668686,0.1749863998,0.3399199192,1.4306100858,3.1705829645,3.54192e-06
LIWXIZ_clean,0.0011021548,0.0049577764,0.0107565699,0.0473580937,0.0906330303,0.2997054579,0.4976219285,1.05585e-06
LIWXOG_clean,0.0046782586,0.0236738821,0.0475904063,0.2334587136,0.4448029647,1.7605890754,3.4085404209,4.75596e-06
LIXWAR01_clean,0.0083763098,0.0405637728,0.0813460281,0.3921571848,0.7319164142,2.658847871,4.5931199961,8.18053e-06
LIXWAR_clean,0.0080666496,0.0401216468,0.0806836992,0.3879113987,0.7295698776,2.6748194587,4.6630395608,8.10536e-06
LIXXAS_clean,0.0055580047,0.0272243129,0.0554355226,0.2722906155,0.5299594668,2.1737662043,4.6233886535,5.54891e-06
LIXXEW_clean,0.0202536531,0.0989456585,0.1906295675,0.7552738106,1.2659808334,2.7322764487,3.6918676482,2.03755e-05
LOBHAM_clean,0.0050220398,0.0257706873,0.0527881557,0.2572762464,0.5040123195,2.214032867,4.9872593886,5.22488e-06
LOCRUR_clean,0.0063577997,0.0316126015,0.0627147775,0.3116110011,0.5972465997,2.4526000506,4.8311208505,6.37164e-06
LOCZIO_clean,0.00731238,0.0349764556,0.0709099784,0.3360079234,0.6403746253,2.3752706267,4.4228743156,7.01507e-06
LODCUC_clean,0.0049816114,0.0245386036,0.048602625,0.2181876695,0.3879994923,1.0459536611,1.587037455,4.99456e-06
LODKIA_clean,0.0086332946,0.0416304506,0.0840471261,0.407352472,0.7701876216,3.0191441587,5.7195105941,8.55322e-06
LODPUQ_clean,0.0143749916,0.0693786194,0.1360933899,0.5927076862,1.0612727942,2.9510644706,4.6446719595,1.41263e-05
LODTAB_clean,0.0089453922,0.0457836546,0.0916748999,0.4441725367,0.8283517708,3.230343276,5.7085281583,9.13479e-06
LOFJAT_clean,0.0112367611,0.0563451905,0.1108494997,0.509902228,0.9222541609,3.1963716517,7.130652216,1.14699e-05
LOFVUY01_clean,0.0040194921,0.0200967447,0.0398377758,0.1957312285,0.3764280107,1.7166680997,3.9882265097,3.99485e-06
LOFVUY_clean,0.004035238,0.0196630175,0.0399165052,0.1950713333,0.3742772675,1.7104792557,3.9592405036,3.96694e-06
LOFZUB_clean,0.0519596574,0.2517407606,0.4779351761,1.8848775372,3.0604934364,6.0004243525,7.3674392495,5.22316e-05
LOGBAK_clean,0.0532252301,0.2529493896,0.4872611224,1.8995732698,3.033586138,5.9314356964,7.2872654369,5.29818e-05
LOGBEO_clean,0.0542801112,0.2607492461,0.4980932283,1.9265745252,3.0515447417,5.8880830717,7.2463144107,5.48459e-05
LOGXEM_clean,0.0008805154,0.0043004374,0.0086308124,0.0424910338,0.0850718801,0.3968201339,1.1227540473,8.53662e-07
LOJFOF_clean,0.0079636909,0.0383462344,0.0772028268,0.3597935103,0.6780714725,2.265055165,3.6700659737,7.84094e-06
LOJFUL_clean,0.0079742715,0.0415506726,0.0810954051,0.3792579376,0.6995979849,2.6225917498,6.0891101905,8.24062e-06
LOJLAZ01_clean,0.0030376647,0.0152568819,0.0309053378,0.1504369166,0.2940496351,1.206503992,2.464124867,3.08392e-06
LOJLAZ_clean,0.003861684,0.0190816499,0.0382463609,0.1870220546,0.3570284405,1.3551320215,2.479963177,3.86528e-06
LOLREL_clean,0.0034684244,0.0168950943,0.0341817947,0.1677219208,0.3152167455,1.3822916792,3.113313793,3.36812e-06
LOLVAJ_clean,0.0012601009,0.0065886375,0.0127222385,0.0622435219,0.1198043517,0.4353729805,0.8193456246,1.28268e-06
LOMLOQ_clean,0.0069345862,0.0355337422,0.0707554712,0.3481339867,0.6674566977,2.8507204608,5.25618943,7.08339e-06
LOMLUW_clean,0.0091359443,0.0457981137,0.0910807274,0.4299973751,0.8219599692,2.9400092703,4.9496123972,9.13642e-06
LONVAN_clean,0.0030091006,0.0153672115,0.0312190347,0.1525082273,0.3020852196,1.4275144646,3.7637762913,3.0914e-06
LONVIV_clean,0.0036064127,0.0177964173,0.0361665822,0.1786229585,0.3502267313,1.6413153154,4.1543876733,3.6041e-06
LONWIW_clean,0.006061684,0.0305919705,0.062085002,0.3013277585,0.5868790708,2.6656176411,6.1509047556,6.11127e-06
LOPZAS_clean,0.0050372542,0.0243348803,0.0493255079,0.2373714357,0.4555197492,1.8081189151,3.5894596797,4.96056e-06
LOQLEJ_manual,0.0086940277,0.0431040744,0.0842898309,0.3960516819,0.7054270751,2.3593285787,4.6595888065,8.67964e-06
LOQLIN_SL,0.0115680816,0.0555367714,0.108967836,0.4850677088,0.852345568,2.6961464198,5.1788496749,1.12453e-05
LORMOW_clean,0.0049973528,0.0243264116,0.0482280654,0.2229961187,0.3984210849,1.1524057098,1.7329962954,4.87141e-06
LORNEL_clean,0.0015710247,0.0081535214,0.0162263948,0.0806061483,0.1610929374,0.7602098205,2.1257609433,1.62537e-06
LORROB_clean,0.0038651771,0.0200097946,0.0387954648,0.1867689962,0.3526478468,1.2227237714,2.1968375317,3.95083e-06
LOSBOM_clean,0.0118467503,0.0588183459,0.1170498492,0.5722947474,1.0918725549,4.6409193707,9.1557312934,1.17742e-05
LOSXIC_clean,0.0200354832,0.096805727,0.1865566349,0.7626956829,1.2703853823,3.3998456354,5.9573478988,2.0096e-05
LOSYAV_clean,0.0153950575,0.0753702166,0.1496590327,0.7056075128,1.2829392,3.7067113416,5.3576737344,1.53255e-05
LOTDIJ_clean,0.0110741551,0.0555974019,0.1093528617,0.4945116548,0.8882549273,2.7291668604,4.3455515041,1.11658e-05
LOVLEP_clean,0.0015229151,0.0075281217,0.014800577,0.0743028867,0.1476725168,0.6466743767,1.6085707478,1.50463e-06
LOXBEH_clean,0.0040078293,0.0199852439,0.0387338948,0.1907904321,0.3676137059,1.41623181,3.2598459831,3.97707e-06
LOXKAM_clean,0.006740953,0.0331802007,0.0649314158,0.3093964778,0.5940359314,2.1986781894,4.6201273898,6.63947e-06
LOXVUR_clean,0.0082075923,0.0395074325,0.080719921,0.3422907806,0.5867974083,1.248767676,1.5258730428,8.31634e-06
LOXWAY_clean,0.00424706,0.020940213,0.0412585481,0.1987875282,0.3713513203,1.259146603,2.1726473902,4.19831e-06
LOXWEC_clean,0.0025405724,0.012351877,0.0247444311,0.1217464133,0.2414020261,0.9909731511,2.1689235965,2.48389e-06
LOZSOK_clean,0.0142898396,0.0710301481,0.135265365,0.5379185849,0.8810151993,1.9481845888,2.6910057552,1.43363e-05
LOZSUQ_clean,0.015378407,0.0754903122,0.1435735032,0.5640614351,0.9191896891,1.9283085955,2.6283997156,1.54645e-05
LUBMAW_clean,0.0023809762,0.0118059413,0.0241412739,0.1180863963,0.2380577856,1.0110436954,2.4994043719,2.39139e-06
LUBNAZ_clean,0.0046929549,0.0239945148,0.0476800145,0.2340144347,0.4601404945,2.0559098618,4.7723785966,4.7672e-06
LUCDAO_clean,0.0039641268,0.019699323,0.0404258753,0.1986152738,0.3981090732,1.8621730098,4.8940627817,4.02693e-06
LUCDES_clean,0.003920159,0.0195005255,0.039294147,0.1939717061,0.3928855508,1.8296903645,4.8018033879,3.949e-06
LUCDIW_clean,0.004142191,0.0207490856,0.0402478878,0.2017150685,0.3988564677,1.8975087961,4.9875270863,4.06053e-06
LUDCUK_clean,0.0176426148,0.0871037203,0.1640355856,0.619603182,0.9686783929,1.9714492517,2.8978318007,1.8059e-05
LUDKIG_clean,0.0081276082,0.0373641322,0.0709104366,0.2435464698,0.3579612052,0.7040739791,1.0444888816,8.14121e-06
LUDKOM_clean,0.019545754,0.0954614069,0.181575328,0.6991416112,1.1024222304,2.3732215392,3.538469606,1.98883e-05
LUDKUS_clean,0.0299650588,0.1412521317,0.2647240221,0.9036602624,1.3237799796,2.4777023524,3.4351579237,3.01448e-05
LUDLED_clean,0.0076804748,0.0372819144,0.0742409299,0.3249054584,0.6068595424,2.2113147891,5.1151115931,7.5878e-06
LUDLIH_clean,0.0074563829,0.037896714,0.0744986032,0.3227278278,0.6043176818,2.2169538966,5.1235050287,7.57567e-06
LUDTUZ_clean,0.0033218437,0.0164572299,0.0333868571,0.1633290034,0.3137334879,1.2822275669,2.6917518547,3.34486e-06
LUDVAH_clean,0.0047747611,0.0239249288,0.0472381381,0.2197553585,0.4028780662,1.2723587926,2.1552285941,4.83481e-06
LUDVEL_clean,0.0021373116,0.0116171751,0.0231264791,0.1138973152,0.2279006731,1.0180751811,2.5550947302,2.33677e-06
LUDVIP_clean,0.0030967373,0.0153151564,0.0312122678,0.1506341488,0.2930327144,1.109611524,2.2181104873,3.14171e-06
LUDVOV_clean,0.0025249164,0.0125861872,0.024894469,0.1257137777,0.244646299,1.0840356511,2.6638453114,2.54392e-06
LUFBUL_clean,0.0147943783,0.0731998873,0.1445147582,0.6092312664,1.028972612,2.419333159,3.2576507395,1.49473e-05
LUFCAS_clean,0.0068080326,0.0335350356,0.067006131,0.310295389,0.5541489194,1.6589204562,2.6495203746,6.84102e-06
LUFNAC01_clean,0.008958747,0.0433415426,0.0861342418,0.4226756073,0.8118354635,3.0816808469,5.7496277488,8.7668e-06
LUFNAC02_clean,0.0086127835,0.0431813743,0.0883103951,0.4268378476,0.8036732868,3.1071390646,5.7406561883,8.84444e-06
LUFNAC03_clean,0.0087836297,0.0442171293,0.0878597883,0.4277646882,0.8084484378,3.1037029206,5.7637823556,8.83582e-06
LUFNAC04_clean,0.0087174268,0.0441594687,0.0892543203,0.4210696532,0.7987187474,3.1034359735,5.74506402,8.85161e-06
LUFNAC05_clean,0.0089886451,0.0446015332,0.0894507934,0.4366102496,0.8070410923,3.0888884205,5.730420366,8.84118e-06
LUFNAC_clean,0.0090057297,0.0451674612,0.0898992647,0.4365056063,0.822090506,3.1165270627,5.7153090206,9.09477e-06
LUFNEG_clean,0.0180838022,0.0926125157,0.1831540553,0.8296710048,1.4756882292,4.0565257314,5.8496186844,1.88126e-05
LUFQUZ01_clean,0.0171265056,0.0863502301,0.1661365204,0.7457259273,1.317447813,3.4097627682,4.6478302217,1.71625e-05
LUFQUZ02_clean,0.0109067698,0.0560168556,0.1091566257,0.5273697811,0.9417197953,2.8526721703,4.3949652652,1.12901e-05
LUFQUZ_clean,0.0181672782,0.092421613,0.1802917813,0.7665694182,1.3637025605,3.3928216516,4.566123503,1.83532e-05
LUJBAV_clean,0.0054567467,0.0271030989,0.0513537625,0.2272202016,0.3777601108,0.9211996749,1.3393186701,5.50335e-06
LUJPUC_clean,0.0022445917,0.0115207314,0.0225465437,0.1118250244,0.2229744124,0.9849629803,2.4483032827,2.27384e-06
LUJSOA_clean,0.0007013421,0.0034905411,0.0066819507,0.0340201434,0.0671065114,0.3114373135,0.8061815948,6.81452e-07
LUKLIN_clean,0.0048589449,0.0245363771,0.0494801115,0.2486260818,0.4935082731,2.3338625575,6.3926453683,4.9804e-06
LUKREO_clean,0.0050543927,0.0251397185,0.0486202756,0.238214871,0.4340681345,1.4647496974,2.4017819633,5.13486e-06
LUKRIS_clean,0.0030691547,0.0153233434,0.0302279957,0.1400128913,0.255672545,0.7439971061,1.1363984347,3.09887e-06
LULVOF_clean,0.0131985229,0.0646883644,0.1241804504,0.5004261156,0.8143749477,1.9256898441,2.805572274,1.35919e-05
LULXAS_clean,0.0088821008,0.0435784084,0.0878029334,0.4178274899,0.7554563431,2.4591378726,3.7747822218,8.82247e-06
LUMDEC_clean,0.0023135772,0.0118022745,0.0234388605,0.116167842,0.2285753633,0.9840118572,2.2639251838,2.35795e-06
LUMLIQ_clean,0.0159141471,0.0767395072,0.1492876632,0.5884338231,0.953570167,1.9477196971,2.5017915247,1.59835e-05
LUMYEZ_clean,0.0061882181,0.0298937555,0.0595799597,0.2930175564,0.5618921215,2.2770136114,4.4747857806,5.96782e-06
LUMYID_clean,0.0060189841,0.029944845,0.0613249862,0.2984761523,0.565961721,2.3090259854,4.4763152732,6.03275e-06
LUMYOJ_clean,0.0061419182,0.0303088578,0.0609721492,0.2994596256,0.5710579007,2.3080201605,4.4888114505,6.09307e-06
LUMYUP_clean,0.0059966324,0.0287681895,0.0569648149,0.2775597835,0.5377666921,2.2264860761,4.4439149381,5.71506e-06
LUMZAW_clean,0.0060385418,0.0294335506,0.0601579099,0.2946133056,0.560176232,2.2915122585,4.4714701506,5.98682e-06
LUMZUO_clean,0.0006859781,0.0033695575,0.0068515162,0.0337980581,0.0678052156,0.3282256423,0.9550021756,6.79525e-07
LUNBAX_clean,0.0006840439,0.0034639521,0.0068849968,0.0345264768,0.0684299703,0.330245507,0.9310068632,6.89978e-07
LUNBEB_clean,0.0006761965,0.0033662112,0.0066889292,0.0339320984,0.0675991343,0.3290032428,0.9371697792,6.79768e-07
LUNBIF_clean,0.0007224961,0.0037630531,0.0075235756,0.0383644153,0.076618748,0.3755726948,1.0610278804,7.64512e-07
LUPTAS_clean,0.0091535064,0.0445192503,0.0882427629,0.3833672206,0.6709262824,1.6885569723,2.3948355399,9.04449e-06
LUPYAX_clean,0.0054940536,0.027614263,0.0543030325,0.265867951,0.510721834,2.146894733,4.7296916359,5.47488e-06
LUQGAG_clean,0.0069131898,0.0344548232,0.0684963368,0.3293006132,0.6250393082,2.236034781,3.9649599918,6.9325e-06
LURLOB_clean,0.0055002465,0.0276520227,0.0551101725,0.2791841847,0.5496853758,2.5236240483,5.8993357343,5.59159e-06
LURRIA_clean,0.0053593359,0.0264176765,0.0516035941,0.2548852757,0.5103449774,2.354844799,6.482599352,5.18372e-06
LURRUM_clean,1.0839363778,2.6990617308,3.5692537385,5.7892494051,6.6970753115,8.2377338354,8.9198821057,0.00160546
LUSHIR_clean,0.007779502,0.0388575924,0.0745188178,0.3566758263,0.6463935291,2.0673886136,3.2697652031,7.73855e-06
LUSHOX01_clean,0.0075720404,0.0383436587,0.0750071075,0.3564058138,0.6685507767,2.2101846023,3.6995306118,7.71646e-06
LUSHOX02_clean,0.0075926468,0.0384451054,0.0750166182,0.3557067831,0.665635771,2.2748219614,3.8879518897,7.70604e-06
LUSHOX03_clean,0.0078113911,0.0385100946,0.0767966896,0.3603463816,0.666475876,2.2147734775,3.710783263,7.75126e-06
LUSHOX04_clean,0.0071900304,0.0361340242,0.0726785902,0.3488527946,0.6429751284,2.249032324,3.8765470685,7.34946e-06
LUSHOX_clean,0.0073501259,0.0368584166,0.0737992585,0.3443257384,0.6443557537,2.200459991,3.7510274611,7.41438e-06
LUSHUD_clean,0.0088203172,0.044514068,0.087452129,0.4036795715,0.7104583639,2.0814884066,3.1689480611,8.94596e-06
LUSJEP_clean,0.007693753,0.0391636276,0.0776043025,0.3684190008,0.669978933,2.2442148314,3.6831965031,7.83689e-06
LUSJIT_clean,0.0072383964,0.0362732957,0.0717541525,0.349980014,0.6291816396,2.1487776986,3.5777060419,7.30861e-06
LUSJOZ_clean,0.0076094825,0.0375979695,0.0749002529,0.3543946078,0.6568682101,2.1954946283,3.6493907082,7.58413e-06
LUSQOH_clean,0.0044231167,0.0216830517,0.0436547231,0.2154947566,0.4133908674,1.9655581824,4.7127040714,4.39745e-06
LUSYEF_clean,0.0075141573,0.0371297641,0.0743026718,0.3606579781,0.7020643737,2.892303404,6.8005736043,7.57543e-06
LUTSEA_clean,0.0010973608,0.0054395594,0.0109532067,0.0546328898,0.1080052105,0.4792750007,1.168747202,1.10816e-06
LUTZEH_clean,0.0027053806,0.013201475,0.0257688546,0.130587337,0.2608548329,1.2637604972,3.7243313537,2.5963e-06
LUVTAY_clean,0.0026016386,0.0132693729,0.0261942319,0.1321256368,0.2572116055,1.1226507359,2.6845424099,2.68237e-06
LUVWUU_clean,0.0042898845,0.0215653964,0.0435108655,0.2134297917,0.4079030248,1.6625047791,3.3277998203,4.33663e-06
LUWMEX_clean,0.0085911376,0.0428042191,0.0841659317,0.3996878866,0.7302253987,2.4874550341,4.3643523533,8.61639e-06
LUWMIB_clean,0.0079257742,0.0403941353,0.0810048084,0.3829248869,0.708944634,2.6243331022,4.9291475114,8.11007e-06
LUWMOH_clean,0.0084675475,0.042510716,0.0841745572,0.3951698334,0.7307400971,2.6015323343,4.7178642284,8.53742e-06
LUWMUN_clean,0.0045644169,0.0236064632,0.0476885604,0.2311803448,0.4633508983,2.0831598176,5.4643218651,4.71908e-06
LUWNAU_clean,0.0046987435,0.0240680084,0.0472732067,0.2365583795,0.4556627129,2.0720194899,5.4402684377,4.76184e-06
LUXDUE_clean,0.0043203566,0.0218146505,0.0432557897,0.2107869697,0.4072073771,1.8060152182,4.222350204,4.32647e-06
LUXFOA_clean,0.0032101347,0.0160632644,0.031871109,0.1587487734,0.3028360931,1.4210511856,3.5937013791,3.19106e-06
LUXFUG_clean,0.0031896422,0.0156153942,0.0311157405,0.1556291828,0.3002237531,1.3944406709,3.5307713427,3.13838e-06
LUYBIS_clean,0.0180922048,0.0858471158,0.1697249266,0.6642581867,1.1229277095,3.1843424878,5.3851780324,1.81174e-05
LUYBOY_clean,0.0036368169,0.0179467862,0.0355622335,0.1712828264,0.3370401167,1.4553736183,3.2773995504,3.58641e-06
LUYHAP_clean,0.0048784978,0.0245129972,0.0489304191,0.2447767588,0.4723416453,2.0814854824,5.4856173293,4.96525e-06
LUYSEF_clean,0.0032138424,0.016420489,0.0325723542,0.1605888008,0.3134839413,1.3397383305,2.9397524321,3.27262e-06
LUYSOP_clean,0.0094107888,0.0476973415,0.0945838259,0.441247231,0.8252739576,2.902253336,6.0961045132,9.65913e-06
LUZBOY_clean,0.0052014847,0.0252706783,0.0514014198,0.2517866421,0.4918549241,2.0806002092,4.4718824126,5.12292e-06
LUZJAT_clean,0.0070739469,0.0354563953,0.0713027645,0.3360840223,0.6324572044,2.4771561284,4.7154345431,7.04266e-06
MABCUQ_clean,0.0022233599,0.0114204933,0.0229049222,0.11232203,0.2150617146,0.9167659128,2.0720019551,2.27002e-06
MABJUV01_clean,0.0042614203,0.0212968791,0.0417759743,0.2039041684,0.3759326575,1.1040911869,1.5613358321,4.43162e-06
MABJUV_clean,0.0042601425,0.0211371557,0.042330534,0.2013460384,0.3706553964,1.0949320083,1.5647756352,4.32088e-06
MABKEG_clean,0.0050862723,0.0247885907,0.048217521,0.2288470156,0.4057948558,1.1399641158,1.6652863701,4.97029e-06
MABKIK01_clean,0.0039356034,0.018956267,0.0377946725,0.1777327738,0.3375554537,1.137698015,1.9391625697,3.80982e-06
MABKIK_clean,0.0048499417,0.0236309352,0.0471780308,0.2158060006,0.3905396842,1.1195728541,1.6658811456,4.78225e-06
MABLAD_clean,0.0134365622,0.0657217183,0.1287652751,0.5708022442,0.9908892696,2.5584526068,3.5748530429,1.34008e-05
MACHIJ_clean,0.0027343957,0.0139234746,0.0287136595,0.1399361301,0.2799544223,1.272922805,3.2429241258,2.84524e-06
MACKAE_clean,0.001195641,0.0058490259,0.0117244749,0.0565995464,0.1105112859,0.4656533654,1.095232857,1.17308e-06
MADVUJ_clean,0.0049216435,0.0247331152,0.0479359526,0.2211127673,0.3901375781,1.0731984605,1.5585710783,4.97576e-06
MADWAQ_clean,0.0056319105,0.028512721,0.0565983837,0.253511115,0.4616939291,1.2703784181,1.8220213594,5.72293e-06
MAFDII_SL,0.0091033288,0.0451633022,0.0903568046,0.4209758539,0.7958904547,2.8167015951,4.857857563,9.21095e-06
MAFFUW_clean,0.0309563499,0.1503716373,0.2786956128,1.0531670459,1.7421321851,4.7812826448,8.4703685311,3.19874e-05
MAFJIO_clean,0.0055284522,0.0282269064,0.0554524105,0.2772482263,0.5389638522,2.4663632303,6.0494303617,5.56464e-06
MAFLUD_clean,0.0086373001,0.043382038,0.0855067476,0.4139638415,0.7794343313,2.867303982,5.1567835228,8.62675e-06
MAFMAK01_clean,0.0077226882,0.0383338011,0.0762092449,0.3665154601,0.7012949399,2.6780802492,5.0992765135,7.69193e-06
MAGBAZ_clean,0.0058290435,0.0283615373,0.0577935769,0.2892027629,0.5677163113,2.5315438628,5.9490978144,5.7862e-06
MAGBON_clean,0.0096372395,0.0470287644,0.094202208,0.455168672,0.8773677194,3.48143642,6.2846525383,9.50676e-06
MAGNEQ01_clean,0.0026474446,0.0143540783,0.0280479912,0.1389128423,0.2793449696,1.2863732077,3.3604730943,2.83151e-06
MAGNEQ_clean,0.0029436147,0.014159646,0.0280434695,0.1386279763,0.280020961,1.2750961337,3.3379890324,2.82026e-06
MAHCEG_clean,0.0041209446,0.019934155,0.0397748368,0.2002031277,0.4001014519,1.924200696,5.5189933067,4.01496e-06
MAHCIK_clean,0.0042189448,0.0203036718,0.0416417963,0.2062982866,0.4104424773,1.9309258372,5.6294921784,4.0943e-06
MAHCOQ_clean,0.0038538004,0.0206488584,0.0403220195,0.2030226131,0.4033140901,1.9349221375,5.6265322274,4.061e-06
MAHTAR01_clean,0.0085736498,0.0430049204,0.0851179557,0.3908879838,0.6862794572,2.0367864089,3.114469537,8.6878e-06
MAHTAR_clean,0.0085370163,0.0428442965,0.0836187999,0.3887463326,0.6785314703,2.0136340319,3.1134917041,8.56374e-06
MAJHUC_clean,0.0018590534,0.0094101849,0.0179621214,0.0880839274,0.1641320116,0.5766891225,1.0419892361,1.84277e-06
MAJJUF_clean,0.0035976935,0.0186864123,0.0371877343,0.1858307023,0.3691279806,1.7932362001,5.0993777107,3.72283e-06
MAJKAM_clean,0.0107049289,0.0535748832,0.1071518171,0.4941163889,0.948019319,3.4455722297,6.0805523952,1.07011e-05
MAKFIQ_clean,0.0041567805,0.020265314,0.0404014852,0.2005868564,0.3894721739,1.6197944575,3.512094128,4.08927e-06
MAKFOW_clean,0.0044914503,0.0219588662,0.0435469336,0.2157331517,0.4144873053,1.6975628962,3.5695687001,4.40366e-06
MAKGAJ_clean,0.0043106072,0.021051711,0.0425317195,0.2061907128,0.4040266636,1.64954544,3.5439270551,4.27061e-06
MAKHAJ_clean,0.0107473928,0.0529781346,0.1052243485,0.4770615359,0.8525435263,2.4097691652,3.421867344,1.07887e-05
MAKRAU_clean,0.0050299267,0.0242836908,0.0488677684,0.2389401645,0.4576756851,1.7631778387,3.5602061727,4.88096e-06
MAKRIC_clean,0.0149901941,0.0751465813,0.1480416395,0.6516802232,1.1131286962,2.9354712179,4.3520625202,1.53374e-05
MAKXAZ_clean,0.0104360748,0.0505838495,0.1005852399,0.452024931,0.8029795886,2.1549059317,3.0979040797,1.03289e-05
MALFUD_clean,0.0035640135,0.0180048283,0.0377260598,0.1847637061,0.3682742504,1.67799966,4.3299818085,3.72235e-06
MALROJ_clean,0.0038889957,0.0186332501,0.0373481026,0.1866524684,0.3717544924,1.7367855534,4.6894524168,3.7482e-06
MALRUM_clean,0.0036441031,0.0186041053,0.0373028626,0.1774401724,0.3439081821,1.3405093533,2.7275625962,3.68952e-06
MALRUP_clean,0.0042617579,0.0218565116,0.0426001217,0.2125772696,0.4232691532,1.9569935538,5.1856341278,4.27396e-06
MALSAW_clean,0.004139557,0.0210360195,0.0414806738,0.2065828769,0.4131504787,1.9186595543,5.124546749,4.19459e-06
MALSEA_clean,0.0041482856,0.0214266261,0.0424211846,0.2079379981,0.4128624336,1.9190785289,5.1459581,4.20635e-06
MALSIE_clean,0.0040260847,0.0211080308,0.0417076184,0.2080776563,0.4110621518,1.9388969033,5.1379801242,4.18278e-06
MALSOK_clean,0.0044472415,0.0212236853,0.0418167264,0.2107093409,0.4220471438,1.9542396682,5.1712275094,4.23114e-06
MANDUD_clean,0.0055573594,0.0276908344,0.054788959,0.274831037,0.523697154,2.2220772655,5.017931424,5.55542e-06
MANLAP_ion_b,0.0049183893,0.0245424375,0.04983883,0.2401297154,0.4751359318,2.0152835123,4.4553110375,4.9268e-06
MANLOD_manual,0.0042846613,0.0211417955,0.041978621,0.210759421,0.4149904728,1.9122223701,4.813836198,4.23292e-06
MAPCIP_clean,0.0051859383,0.0258049641,0.0505692327,0.2494414905,0.4897291471,2.0378360069,4.1087754895,5.13644e-06
MAPCUE_clean,0.0074925624,0.0380751495,0.0753638022,0.3535186982,0.6727363196,2.3606055371,3.9313636322,7.6139e-06
MAPFIS_clean,0.0085662623,0.0429891057,0.0839485813,0.4093048083,0.7570106364,2.7437148292,4.7560980844,8.57472e-06
MAPLEX_clean,0.007711245,0.0385918687,0.0761125488,0.3601876483,0.6815536194,2.4400129468,4.0232025509,7.71979e-06
MAQBEO_clean,0.0093157866,0.0463305119,0.0920629734,0.4403307795,0.8385864064,2.9815278465,5.532263819,9.4308e-06
MAQBIS_clean,0.0088963792,0.043874878,0.0875212026,0.4254410747,0.8010403077,3.1561625614,6.5249215533,8.95201e-06
MAQMEZ_clean,0.0135150106,0.0678596116,0.1332293371,0.5988501364,1.067265057,3.0807080017,4.6800261367,1.3609e-05
MAQRAA_clean,0.0061049867,0.0304393495,0.0609981598,0.2943641285,0.5646470799,2.2184797697,4.3820093103,6.08568e-06
MARJAQ_clean,0.0187960706,0.0911324234,0.180611936,0.7657635357,1.3377130231,3.4618158971,5.1012890282,1.90713e-05
MARNOL_clean,0.0067879265,0.0341493584,0.0685757431,0.3256545673,0.6064825259,2.2844354088,4.1886796357,6.85127e-06
MARPOL_clean,0.0016489968,0.0086040059,0.0165609371,0.0836451868,0.1600974079,0.6524822746,1.3802130723,1.69323e-06
MARXEK_clean,0.0061304938,0.0306670091,0.0601744406,0.2973625725,0.5583911097,2.0496532605,3.6829872873,6.08893e-06
MASMIC_clean,0.0044346885,0.0219775175,0.0446972896,0.222627392,0.4448365594,2.1103164232,6.0741141147,4.41967e-06
MASZOX_clean,0.0038553233,0.0197366168,0.0384108933,0.1866021611,0.354561291,1.2574151709,2.3100590367,3.97668e-06
MASZUD_clean,0.0037025685,0.0183392574,0.0371767038,0.1773691739,0.3320195403,1.2014843415,2.2539094901,3.67847e-06
MATBAM_clean,0.005235192,0.0254504512,0.0514096358,0.2458146949,0.4623734628,1.7663723342,3.4800544279,5.18796e-06
MATBEQ_clean,0.004675773,0.0225812549,0.0460040757,0.2146560775,0.3955066639,1.3908025563,2.5541405671,4.62325e-06
MATFIY_clean,0.0017088546,0.0085891444,0.0167922073,0.0852725919,0.1690326419,0.7806230994,2.0631652106,1.70446e-06
MATPOP_clean,0.0050185173,0.0247912296,0.0492981859,0.2318563208,0.4333240978,1.7100030634,3.5724292405,5.01288e-06
MATPUV_clean,0.0050022489,0.0243647703,0.0481781767,0.2322896068,0.4317454939,1.642621922,3.4199971786,4.90106e-06
MATTOR_clean,0.0154548673,0.07467595,0.148229921,0.6445487832,1.1108315647,2.8475807382,4.0578891836,1.52021e-05
MATTUX_clean,0.0102591592,0.0507871094,0.1018758065,0.4753902286,0.8825866896,3.0147094574,5.0614880843,1.03101e-05
MATWUC_clean,0.0115729076,0.0566453937,0.1116749729,0.5399644391,0.9872402867,3.7483872392,6.890736446,1.13571e-05
MATXAJ_clean,0.0049670889,0.0266138679,0.0525560854,0.260435229,0.515503949,2.4136459748,6.4424281692,5.23264e-06
MAVFEV01_clean,0.0031842571,0.0160342022,0.0319399614,0.1587781225,0.3123535981,1.375950501,3.1275628809,3.19062e-06
MAVFEV_clean,0.0031814341,0.0159833896,0.0312652828,0.1559947205,0.3112187831,1.3646178769,3.1298381568,3.17613e-06
MAVNUU_manual,0.0096586778,0.046952843,0.093563383,0.4414545251,0.8075467441,2.8334712851,4.976552823,9.45642e-06
MAVRAE_clean,0.0052893521,0.0258171832,0.0513319888,0.2562311997,0.499099113,2.1580060164,5.3967909456,5.15191e-06
MAWFEY_clean,0.001554473,0.0074874019,0.0146299986,0.0733708391,0.1498634475,0.7010003422,2.0484334687,1.48188e-06
MAWFIC_clean,0.0010097313,0.0049162203,0.0100812372,0.0492464114,0.0981613493,0.4744420559,1.4230589985,9.8272e-07
MAWTUC_clean,0.0086439467,0.043566097,0.0860817472,0.4135656264,0.7683459801,2.6784272897,4.5783069631,8.71418e-06
MAWVAK_clean,0.007324737,0.0358457864,0.0707698294,0.348140773,0.6544510521,2.4533515611,4.6069567159,7.13795e-06
MAXHOJ01_clean,0.0004282195,0.0023160976,0.0045672332,0.0229833248,0.045746574,0.2157404506,0.5460687377,4.60247e-07
MAXHOJ02_clean,0.0004613635,0.0023876885,0.0047236725,0.0243316198,0.0467859676,0.2272692342,0.5790111498,4.82462e-07
MAXHOJ_clean,0.0004865529,0.0024579536,0.0047177066,0.0233432679,0.0466600206,0.2136835385,0.5240492383,4.71955e-07
MAXHUP_clean,0.0003758521,0.0020358657,0.0039337699,0.0198194884,0.0393190551,0.176453628,0.4277622355,3.96768e-07
MAYJOM_clean,0.0073740843,0.0359781395,0.0708052883,0.3481324537,0.6548063626,2.5273503443,4.7194332841,7.1632e-06
MAYKOO_clean,0.0043566386,0.0215567945,0.0432084316,0.2188935533,0.4373098343,2.0595702901,5.7047520378,4.40464e-06
MAZSOX_clean,0.0100199044,0.0500977695,0.0978662662,0.4590297517,0.8227871604,2.6437439855,4.44830301,1.00359e-05
MAZSUD_clean,0.0089884269,0.0449904934,0.0904414465,0.4372811876,0.8202954047,2.9635064319,5.3076166854,9.11286e-06
MEBMEM01_clean,0.000384801,0.0019709865,0.0036928964,0.0190133452,0.0365493828,0.1595783146,0.3707848417,3.7781e-07
MECWIB_clean,0.0064886671,0.0320807038,0.062874879,0.3111270056,0.5826955515,2.2913133857,4.3205518484,6.45491e-06
MEFJUE_clean,0.0065131131,0.0322880182,0.0642042911,0.3136605609,0.6062880726,2.6046279183,5.8337140146,6.45232e-06
MEFYUT_clean,0.0071285777,0.0353660966,0.0708523999,0.3384010326,0.6385367713,2.4209722209,4.3813215959,7.08571e-06
MEFZUU_manual,0.0039853943,0.0203055727,0.0403087124,0.2001075654,0.3990546843,1.7835367488,4.5539503158,4.07834e-06
MEGBAD_clean,0.0046279758,0.022745054,0.0457368735,0.2247989315,0.4436463265,1.9266198062,4.6574732239,4.54912e-06
MEGBEH_manual,0.0035823995,0.0176664749,0.0352994694,0.1735231743,0.3493843943,1.5715201767,4.0264273388,3.53424e-06
MEGFIN_clean,0.0061684107,0.0305947749,0.060379967,0.2927877953,0.5692111799,2.0332721018,4.1254337255,6.233e-06
MEHMET_clean,0.0044276591,0.0225414418,0.0449786217,0.2224047224,0.4416607328,2.084468225,5.6080924761,4.51662e-06
MEJMOE_clean,0.0032671298,0.0162382438,0.0325525853,0.1629272975,0.3178623028,1.5746236348,4.5570747976,3.26147e-06
MEJQEZ_clean,0.0167976079,0.0810667161,0.1617706959,0.6766911384,1.1399702316,2.5913301875,3.471357721,1.67939e-05
MEJQID_clean,0.0148657129,0.0746297653,0.1443690673,0.6423218692,1.111909984,2.7469878043,3.9822459602,1.51252e-05
MEJQOJ_clean,0.0154130562,0.0751495794,0.1478280175,0.6356889759,1.1048431026,2.783242007,4.0433492223,1.53536e-05
MEJZEI_clean,0.002968169,0.0145526015,0.0281606512,0.1374832823,0.2503446567,0.8195442774,1.4680522504,2.92506e-06
MEJZIM_clean,0.0029428497,0.0150474571,0.0299754899,0.138679582,0.2565704961,0.8327144216,1.4876385523,2.96717e-06
MEJZOS_clean,0.0028270271,0.0132215768,0.0263921277,0.1242998957,0.2299047134,0.7499628853,1.2981451192,2.71296e-06
MEJZUY_clean,0.0027204797,0.0135581475,0.0269566063,0.1219271293,0.2286790225,0.6929979556,1.2199687284,2.73063e-06
MEKBAH_clean,0.0027589532,0.0140527975,0.0271349046,0.1234241662,0.2349259496,0.711004633,1.2234355254,2.83656e-06
MEKDUC_clean,0.0107575091,0.0531120534,0.10513532,0.4507014129,0.7504999484,1.7105476417,2.2555587237,1.0871e-05
MEMGAN_clean,0.0153710537,0.0753508744,0.1467946419,0.6707537943,1.2053300491,3.3677485437,4.9599834728,1.52316e-05
MEQHUL01_clean,0.0010099355,0.0048683191,0.009815714,0.0481253627,0.093912832,0.4283991871,1.0910269236,9.69206e-07
MEQHUL_clean,0.0009592239,0.0048657405,0.0096549838,0.0479053257,0.094415651,0.4268408781,1.0833574301,9.67069e-07
METYIU_clean,0.0024853274,0.0120649514,0.0246552565,0.1203726927,0.2375993246,0.9956565255,2.2095652128,2.45334e-06
MEWNEH_clean,0.0027386653,0.013788376,0.0266641212,0.1263611198,0.2388395867,0.7339986157,1.1238650832,2.75717e-06
MEXDEY_clean,0.0043663892,0.0224952621,0.0440457615,0.2014253874,0.3540884673,0.9706419198,1.3692591007,4.46381e-06
MEXJAC_clean,0.0021678576,0.0113706258,0.0222885518,0.1103333261,0.2190577618,0.9716762922,2.428108927,2.23923e-06
MIBMER_clean,0.0044827064,0.0217585799,0.0432251099,0.2129838534,0.4293254163,1.9503626517,5.1117887483,4.31793e-06
MICDEJ_clean,0.0080238979,0.0395917461,0.078493028,0.3757026918,0.679746632,2.2652239975,3.8955111716,8.03247e-06
MIDCAF_clean,0.0025445452,0.0131586285,0.0260143581,0.1316095851,0.2580329968,1.1946324089,3.2041600225,2.62501e-06
MIDSUP01_clean,0.003787257,0.0188507865,0.037008087,0.1860284152,0.3746281119,1.7530123154,4.877410642,3.74258e-06
MIDSUP_clean,0.0036740509,0.0179688876,0.0366668856,0.1850966423,0.3668588519,1.7356553737,4.753046275,3.67816e-06
MIFGEP01_clean,0.0084967933,0.0428904093,0.0853715236,0.4094975201,0.7671072711,2.9152358086,5.4129864269,8.59135e-06
MIFGEP_clean,0.0087064322,0.0431043266,0.0845030196,0.4104116598,0.7641010206,2.9249305385,5.4009856689,8.59624e-06
MIFKUJ_clean,0.0091466763,0.0451642262,0.0925102137,0.4426724421,0.83726414,3.2660483426,5.9921131899,9.1942e-06
MIFLIY_clean,0.0054530149,0.0279741465,0.0562002476,0.2751450957,0.5432066711,2.3754772759,5.7146948546,5.55142e-06
MIFNUM_clean,0.002886241,0.0138274664,0.0280877148,0.1332722565,0.260608775,0.8948918138,1.6402704898,2.84465e-06
MIFPUO_clean,0.0117503258,0.0585711542,0.1138672213,0.5040980003,0.8368599371,2.17547701,3.2124711288,1.18778e-05
MIFQOJ_clean,0.0092579612,0.0477402023,0.0941876022,0.4188920287,0.7622352473,2.0295368872,3.1909195442,9.75607e-06
MIFROK_clean,0.0029777997,0.0153007201,0.0292114812,0.1386926979,0.2678503725,0.9435045131,1.7710312272,2.97383e-06
MIFSAX_clean,0.0031436971,0.0153525694,0.0306287736,0.1425227539,0.2761935186,0.9449593953,1.784830851,3.09295e-06
MIFSUR_clean,0.0029663416,0.0143125189,0.0287405891,0.1377829254,0.2587729384,0.9103170433,1.711419215,2.9476e-06
MIFTEC_clean,0.0031632287,0.0163415188,0.03128256,0.1469184089,0.2763551565,0.9522149668,1.7531124883,3.14874e-06
MIFTIG_clean,0.0029647651,0.0150991812,0.0305894924,0.1444677642,0.2720574881,0.9383160947,1.7029438876,3.00904e-06
MIFTUS_clean,0.0029274351,0.0143764073,0.0290834315,0.1364842896,0.2589957421,0.8893349219,1.607832429,2.94272e-06
MIFVEE_clean,0.0029898293,0.0150033381,0.0294632117,0.1414494282,0.2638234049,0.9141058593,1.6550648355,2.96376e-06
MIHLAR_clean,0.0027713617,0.014097404,0.0273692641,0.1342659317,0.2577697172,0.9805041499,1.7590552802,2.7672e-06
MIHLEV_clean,0.0045799042,0.0224320002,0.0456264186,0.2122345929,0.3829605452,1.1873370066,1.9463639656,4.57947e-06
MIHLIZ_clean,0.0034787302,0.0180307699,0.0362110982,0.1694168505,0.3210392335,1.083453946,1.8367844766,3.64279e-06
MIHLOF_clean,0.0036270852,0.0177477644,0.0355653375,0.1679881076,0.3177353336,1.0932913969,1.885573343,3.59952e-06
MIJHOD_clean,0.0107155963,0.0536325044,0.1063781006,0.5149501923,0.9210905561,3.0501646748,4.7577992626,1.07686e-05
MIJMAU_clean,0.0022198535,0.0108210616,0.021195834,0.1054865133,0.205524822,0.9129780444,2.1356073049,2.13472e-06
MIKDUH_clean,0.0028134058,0.0135642497,0.0273146806,0.1338850174,0.2579617899,1.0739888845,2.2107748214,2.73578e-06
MIKJAR_clean,0.0035569572,0.0174694048,0.0356195191,0.160763762,0.2876326118,0.8518288131,1.3964877937,3.54892e-06
MILQIJ_clean,0.0348391031,0.1703625783,0.3267948502,1.1590162606,1.7794412031,3.1958736841,3.9059786927,3.53044e-05
MILROQ_clean,0.0028258896,0.0138486341,0.02732285,0.1366917156,0.2713370418,1.250618325,3.5488444244,2.73795e-06
MIMFOF_clean,0.0668523113,0.3140333792,0.5705142936,1.8370420364,2.437426942,3.4284624957,3.8672170694,6.70155e-05
MIMKIE_clean,0.006588367,0.0332661268,0.0656642964,0.324904497,0.6079777517,2.2335541848,4.0779225847,6.75649e-06
MIMSIM_clean,0.0096604443,0.0457751909,0.0918773053,0.3788808601,0.6280820359,1.8095219815,3.4898178483,9.55415e-06
MIMSOS_clean,0.0075546107,0.036891285,0.0724465121,0.3194489177,0.5549093913,1.7603404708,3.5442622896,7.52089e-06
MIMSUY_clean,0.0069543528,0.0352886113,0.0701512331,0.3089391911,0.5497915596,1.7831204819,3.5978684487,7.11087e-06
MIMVEJ_clean,0.0568493588,0.2741535198,0.5149427116,1.8281826836,2.6659325351,4.36048834,5.092101355,5.72803e-05
MINCET_clean,0.0044003743,0.0219011685,0.043209435,0.2169308707,0.4135955794,1.9852409036,5.1217539121,4.34746e-06
MINCIX_clean,0.0043525642,0.0217063202,0.0425873281,0.2135520933,0.4228686594,1.9830661681,5.3806531345,4.30851e-06
MINCUJ_clean,0.0039752209,0.0193635631,0.038549553,0.1923078673,0.3872894237,1.8309039958,5.1587530774,3.88534e-06
MINVOU01_clean,0.0039825374,0.0199674927,0.0403588151,0.1977695205,0.3882699967,1.6848435164,3.7949745323,4.02231e-06
MINVOU_clean,0.0042017597,0.0199802807,0.0403642957,0.1969035926,0.3869126456,1.6771086249,3.7837686219,4.03226e-06
MINVUA01_SL,0.0053710109,0.0272786582,0.0539782124,0.2686845954,0.5282161304,2.2778841388,5.0521855213,5.46006e-06
MINVUA_SL,0.0056534134,0.0269015257,0.0545644659,0.2695032054,0.535497827,2.2659696102,5.0649937289,5.465e-06
MIPHEA_clean,0.0030328406,0.0149645054,0.0298232885,0.1483368741,0.2908301906,1.3182893055,3.4261786592,2.98039e-06
MIQLII_clean,0.006157903,0.0320492678,0.0638232148,0.3122730703,0.5988996833,2.4375963678,4.7701258172,6.37835e-06
MIRLAB_clean,0.0005977977,0.0028864251,0.0060170486,0.0303987939,0.0592757433,0.2886151607,0.7502849377,6.05297e-07
MISQIQ01_clean,0.2638101132,0.9229305713,1.3686001391,2.2666616325,2.5237368157,2.9145978573,3.1274842557,0.000292213
MISQIQ02_clean,0.2700082101,0.9335892864,1.3738138324,2.2680144017,2.525289483,2.9260285058,3.1191388262,0.000296685
MISQIQ03_clean,0.2521418501,0.9103219073,1.3450546,2.252011871,2.4913002134,2.9313116605,3.1200927423,0.000277231
MISQIQ04_clean,0.266990881,0.9364544919,1.3870108756,2.271363637,2.5233797651,2.9173888868,3.1283479661,0.000294195
MISQIQ05_clean,0.263375115,0.9195511627,1.3632745532,2.2750573507,2.5189480629,2.9324617029,3.1140684561,0.000292146
MISQIQ06_clean,0.2671643774,0.9476022657,1.3824195065,2.2760166099,2.5146760278,2.9272392091,3.1248956387,0.000296698
MISQIQ07_clean,0.2661472861,0.9188194604,1.3711648689,2.2653402938,2.5269590717,2.9144117887,3.1293600286,0.000291672
MISQIQ_clean,0.2721153116,0.9308007715,1.3872082592,2.2650234742,2.5227058949,2.9352703334,3.1309994441,0.000299703
MITGOL_clean,0.0030033731,0.0150807947,0.0300298168,0.1444111019,0.280540096,0.9671409299,1.6972932829,3.03632e-06
MITSAK_clean,0.006513505,0.0333621529,0.0655678164,0.3290811469,0.6508810558,2.7462003005,5.6990258983,6.68024e-06
MITSUE_clean,0.0053638072,0.0277253196,0.0542574747,0.2727956727,0.5425551871,2.3923601737,5.2959142142,5.5645e-06
MIVFEE_clean,0.00330417,0.0164085439,0.0331232702,0.1584252003,0.3054637223,1.2268129176,2.741968164,3.28942e-06
MIVFOO_clean,0.0033350815,0.0172298071,0.0342178787,0.1684042477,0.3298531713,1.4023048053,3.3702475465,3.43861e-06
MIXBAY_clean,0.0050301283,0.0251820406,0.0492305755,0.2421086792,0.4899162866,2.2265194196,5.8658329565,4.95512e-06
MIXBEC_clean,0.0063159195,0.0318951582,0.063736153,0.3112650938,0.6019433985,2.5213423992,6.1112762152,6.38656e-06
MIXBIG_auto,0.005170069,0.026039852,0.052797695,0.2612659813,0.5006612628,2.1710392972,5.4989035574,5.26823e-06
MIXYID_clean,0.0131409888,0.0643090718,0.1281493806,0.5962508798,1.0627325425,3.590987423,6.7497805908,1.31945e-05
MIXYOJ_clean,0.0436234413,0.2121786302,0.4200894317,1.7117067168,2.8385954306,6.1136699263,8.2384234255,4.40098e-05
MIXZOK_clean,0.0045107781,0.0233112686,0.0459759323,0.2304335263,0.456881802,2.2004894734,6.5010462879,4.62439e-06
MIYWIB_clean,0.0008487653,0.0041584869,0.0082951427,0.0413321576,0.0822726791,0.3822070174,1.0496382054,8.3419e-07
MIZKAI_clean,0.0189010093,0.0958961292,0.1869349516,0.8149054827,1.4763325391,4.0082508489,5.8184383355,1.92315e-05
MIZKOW_clean,0.0018235412,0.0090407509,0.0180727348,0.0882099082,0.1698727971,0.6517883637,1.2108576461,1.84066e-06
MIZPUI_clean,0.0100192902,0.0461398111,0.0885153917,0.415394736,0.7744694462,2.7876191278,6.3630924101,9.38429e-06
MOCKAR_clean,0.0057152751,0.0286328762,0.0563356619,0.2825953614,0.5500050414,2.4237764444,6.3246972406,5.64752e-06
MOCKEV_clean,0.0047179271,0.023840681,0.0471576287,0.2362469513,0.4711174799,2.0936688651,5.5006354891,4.76841e-06
MODJOG_clean,0.0029425438,0.0145052012,0.0287244678,0.1437715224,0.2788559899,1.2441738774,2.8791495091,2.89884e-06
MODMIB_clean,0.0012819222,0.0060780589,0.0119670015,0.0605423985,0.1207843652,0.5617919484,1.5311753222,1.21695e-06
MODNOI_ion_b,0.0013101261,0.0063476773,0.0128648604,0.0641162466,0.1243281925,0.5553823679,1.3426491253,1.29202e-06
MODNUO_ion_b,0.0012902843,0.006256405,0.0126619071,0.0629540836,0.1256445547,0.5460385778,1.325869193,1.27705e-06
MOFBIU_clean,0.0054756115,0.0272146657,0.0527904338,0.2423934434,0.4368304535,1.286417998,1.9787919305,5.42841e-06
MOFKUO_clean,0.0029514625,0.0144100815,0.0294681206,0.1458493704,0.2978496877,1.3752606017,3.6859549914,2.97179e-06
MOFLAV_clean,0.0025511443,0.0123040336,0.024826482,0.1244236299,0.2470969697,1.1633396178,3.1547536245,2.50752e-06
MOGNAY_clean,0.004932207,0.0248194792,0.0491406266,0.239024209,0.4486085086,1.7414370865,3.2724874313,4.91583e-06
MOGXUB_clean,0.002048899,0.0100808624,0.0202214391,0.0963734787,0.1793949912,0.6134529311,1.0862150544,2.01739e-06
MOJNAC_clean,0.0045376893,0.0217971628,0.0445099907,0.214881936,0.404344685,1.5298961549,2.7957015042,4.47514e-06
MOKVOZ_clean,0.0108086065,0.0544307264,0.1067413102,0.503488901,0.9235243472,3.7408941039,8.6721883054,1.09584e-05
MOLKAB_clean,0.0065039144,0.0327454703,0.0647173616,0.314511881,0.5996895152,2.175936422,3.9268870518,6.63713e-06
MOLQEL_clean,0.0076991307,0.0380534893,0.0755326207,0.367274519,0.72559179,3.119538259,6.834733511,7.55295e-06
MOLRIP_clean,0.0016199144,0.008078055,0.0164573465,0.0791129912,0.1508057294,0.5981925762,1.1502514048,1.60913e-06
MOMRIR_clean,0.0124323457,0.0615371349,0.1211683611,0.5026789434,0.8356394059,1.8129576615,2.3426424908,1.25922e-05
MOMSIS_clean,0.0039389154,0.0195061363,0.0386245512,0.1913092207,0.3547542001,1.3918412854,2.8210330614,3.9175e-06
MOPKEJ_clean,0.0971094307,0.4304814786,0.7865549133,2.2218972579,2.9988155806,4.8943073177,5.9433421434,9.95355e-05
MOPQIT_clean,0.0054378094,0.0268327348,0.0537241801,0.2505461565,0.4771222225,1.5402483743,2.4506684485,5.40856e-06
MORFEG_clean,0.0093767628,0.0453846675,0.090293272,0.4130187941,0.7233021724,2.0370385102,2.820929691,9.14147e-06
MORZID_clean,0.2824978057,1.0457822408,1.586063952,2.7219563166,3.0733224849,3.6581878714,3.9537414325,0.000305736
MOSBIG_clean,0.0026568254,0.0136321145,0.0273033287,0.135744424,0.261319013,1.1164394821,2.5785243253,2.71738e-06
MOSDUT_clean,0.006192848,0.031482738,0.0610094566,0.2969348267,0.5628253085,2.1614379411,4.0847104838,6.176e-06
MOTMAK_clean,0.0121569971,0.0630010233,0.1235415162,0.5846880949,1.0485761103,3.2775903934,5.2681491066,1.26246e-05
MOTVOI_clean,0.0060493312,0.0306311475,0.0614121482,0.292923288,0.5695204801,2.2276287627,4.8380729291,6.19564e-06
MOVGUB_clean,0.007961493,0.0394111014,0.0785883768,0.3833920844,0.7009478682,2.650488533,4.775431554,7.98392e-06
MOVHEM_clean,0.0080770278,0.0393475286,0.0777391043,0.3778069506,0.6912679927,2.6170963734,4.6937555393,7.92726e-06
MOVKOZ_clean,0.0090428359,0.0449706154,0.0875802101,0.4235068496,0.7945798933,3.0147629289,5.3702815837,8.83891e-06
MOXBOS_clean,0.0017881929,0.0085672119,0.0172384926,0.0843169865,0.1694944988,0.7887318129,2.0362816877,1.71252e-06
MOXKAN_clean,0.0036801061,0.0183671356,0.035904172,0.1719889034,0.3196177374,1.0529482862,1.7922832186,3.67174e-06
MOXNIY_clean,0.0054114469,0.0275860344,0.0557469315,0.2620673272,0.5059104047,1.7912460456,3.1170597515,5.58893e-06
MOXNUJ_clean,0.0028685333,0.0149367847,0.0299646918,0.150140565,0.300707583,1.4304650354,3.9147388207,3.03255e-06
MOXNUK_clean,0.0058368708,0.0297003336,0.0602606337,0.2843872655,0.5278098482,1.8173355693,3.0189836221,6.03064e-06
MOXPAR_clean,0.0452212888,0.2077155416,0.3662751526,1.0866422591,1.5676575845,3.0298736511,4.1791012244,4.66509e-05
MOXPUL_clean,0.0043380344,0.0215065301,0.0425029434,0.2091438641,0.4023435131,1.6344391582,3.666757286,4.33907e-06
MOYMET_clean,0.0025303785,0.0132631266,0.0264026918,0.132269783,0.2641439067,1.2052672374,3.0371153324,2.66144e-06
MOYMUJ_clean,0.0092394758,0.0474850352,0.0934808796,0.4243558261,0.7758968464,2.5245193716,4.238912148,9.52465e-06
MOYNIY_clean,0.0076547836,0.0383748831,0.0767532478,0.3526341551,0.6232521086,1.9032048057,2.9560009873,7.75664e-06
MOYTUR_clean,0.0051686467,0.0255612006,0.0509399587,0.2460697602,0.4549338008,1.8106674754,3.3372024933,5.12566e-06
MOYYEF_clean,0.005357283,0.0259633898,0.0525836755,0.2562015793,0.4910334674,2.023112754,4.5515857065,5.25195e-06
MOYYIJ_clean,0.0070505806,0.0335416971,0.0660991936,0.3206711072,0.6257767545,2.4502070874,5.3863384097,6.68179e-06
MOYZIK_clean,0.0074694114,0.0367077829,0.0719141132,0.3587588562,0.7134213123,3.2324298276,8.280700476,7.27229e-06
MUBQIJ_clean,0.0137275355,0.0675582406,0.1339731557,0.5778666888,1.0434109369,3.1292000989,5.4575020611,1.40649e-05
MUBZOA_auto,0.0022578843,0.0107866979,0.0219821318,0.1073489551,0.2150629312,1.0256871026,3.082274332,2.14563e-06
MUBZUG_auto,0.0021100007,0.0115363352,0.0226003133,0.1132699985,0.2241012191,1.0716327358,3.2401641133,2.2551e-06
MUDLON_clean,0.0085204413,0.041092024,0.0828068272,0.3889655605,0.7253233842,2.7227429551,5.9964174183,8.4202e-06
MUDTAH_clean,0.0052689992,0.0263130969,0.0527406557,0.2626975151,0.51007215,2.3383886111,6.1814743029,5.27889e-06
MUDTEL_clean,0.004686861,0.0235514291,0.0475316842,0.2364588416,0.465009904,2.1257946447,5.794996594,4.77158e-06
MUFXUI_clean,0.0029274741,0.0143485144,0.0290330299,0.1396057922,0.2676760492,1.0788452987,2.1900484657,2.89636e-06
MUFYAP_clean,0.0028919894,0.0142659445,0.0288424432,0.1415976951,0.2684669981,1.08181006,2.1930581054,2.90742e-06
MUFZIY_clean,0.0172406388,0.0842895657,0.166887286,0.7155996512,1.2808333587,3.3101187394,4.674311074,1.71685e-05
MUGFOK_clean,0.0045300776,0.0222031029,0.0446456614,0.2146892314,0.4188951284,1.6254605064,3.1418618049,4.48756e-06
MUGHED_clean,0.0086944346,0.0432760865,0.0846767795,0.3994562903,0.7288140942,2.4179490453,3.929582783,8.61269e-06
MUGQAI_clean,0.0118070401,0.0577875364,0.1045705503,0.4042343814,0.6207962618,1.131217514,1.3968019339,1.15693e-05
MUGXIX_clean,0.0117623324,0.0582868437,0.1157288578,0.5307117283,1.0228019424,3.4925077374,5.8955270342,1.16438e-05
MUHNAG_clean,0.0136263144,0.0672982011,0.1306746568,0.5494347761,0.9261026623,2.0619311632,2.6938241374,1.35715e-05
MUHNUA_clean,0.0069486402,0.0334057913,0.0668947376,0.3191870259,0.601181243,1.8850217758,2.9273212696,6.83298e-06
MUHPAI_clean,0.0060827856,0.0300023109,0.0604367409,0.2545875238,0.4574421941,1.0879118031,1.4552019733,6.13212e-06
MUJRIT_clean,0.0025268761,0.0132208542,0.0262378172,0.1283643911,0.2539178329,1.0589329171,2.3034457569,2.6277e-06
MUKQUG_clean,0.0131204632,0.0655014735,0.1280872885,0.5697547428,1.0133973912,3.6776449988,7.7669546685,1.32168e-05
MUKRAN_clean,0.0136151142,0.0653398052,0.1281011411,0.5563898653,0.9538982371,3.2446999399,6.7917159445,1.33862e-05
MULQOA_clean,0.0056101436,0.0272954035,0.0546455205,0.2699314431,0.5161719065,2.1428559818,4.2363603155,5.52702e-06
MULSER_clean,0.0018739594,0.0096286501,0.0192949877,0.0954320866,0.1819406753,0.7526468382,1.578052293,1.94762e-06
MULXOH_clean,0.0051869729,0.0261269091,0.0521762955,0.2533723477,0.4929527038,2.0087926629,3.997047098,5.23592e-06
MULXUO_clean,0.0076637565,0.0375859503,0.0757969636,0.3616985947,0.673009573,2.3971298272,4.0685413799,7.53193e-06
MUMYAW_clean,0.0005968971,0.0028827634,0.0057923968,0.0274918131,0.0525730064,0.2179499658,0.4457899982,5.69809e-07
MUNDAC_clean,0.0042141409,0.020885536,0.0419400851,0.1884134836,0.3428913886,1.1349659603,2.4704509621,4.26983e-06
MUNDEG_clean,0.0028325032,0.0144692201,0.028644365,0.1422972021,0.2800100789,1.321228326,3.5478455466,2.85911e-06
MUNDOQ_clean,0.0027464314,0.0134711248,0.0276899202,0.1382911174,0.2675654376,1.2618798766,3.4573040372,2.73758e-06
MUNLUE_clean,0.004258524,0.0220775556,0.0436742139,0.2127235075,0.4134444555,1.6948349215,3.5377623498,4.39299e-06
MUNNUF_clean,0.008337221,0.0403745521,0.0800841117,0.3862813122,0.7290828827,2.9292074329,5.7955638465,8.1566e-06
MUNPAN_clean,0.0056803176,0.0283120782,0.0561013058,0.2796767878,0.5415326092,2.4283016737,5.6337156915,5.67152e-06
MUNPER_clean,0.0067931336,0.0344491701,0.0680688718,0.3394751896,0.6359286175,2.6481835352,5.5602160094,6.89673e-06
MUPTAU_clean,0.0067957469,0.0339941414,0.068722201,0.3221565015,0.6044545186,2.2477689334,3.9336043872,6.88723e-06
MUQSAU_clean,0.0043849957,0.0215615992,0.0440780878,0.2128099857,0.4178944921,1.711318316,3.356040426,4.41901e-06
MURBEI_clean,0.0096648153,0.047580084,0.0947019631,0.4714833222,0.9071274687,3.9823337545,8.379203529,9.57348e-06
MURCAD_clean,0.0075806811,0.036512898,0.0719735201,0.3612071046,0.6793541155,2.6557375281,5.2236234453,7.34667e-06
MURCIL_clean,0.0008887156,0.0045263976,0.0091005756,0.0446810551,0.0886454041,0.4154379335,1.0534035759,9.01339e-07
MURCOR_clean,0.0009774582,0.0045984964,0.0095270437,0.0473178617,0.0935456037,0.4310336672,1.0483968861,9.54379e-07
MURFIQ_clean,0.0013979639,0.0065514048,0.0135143403,0.0675882457,0.1371452216,0.6247905988,1.5261443661,1.3563e-06
MURTUO_clean,0.0016225909,0.0081606996,0.0162244167,0.0781618807,0.1523937345,0.5589120559,1.070627979,1.64e-06
MUSCAG_clean,0.0045019943,0.0224017213,0.0449422476,0.2134217693,0.3990869146,1.5118154469,2.8046490697,4.49718e-06
MUSCIN_clean,0.0051100078,0.0250419343,0.0503563497,0.247350969,0.4845253613,2.1395808138,4.9635433179,5.05148e-06
MUSSIE_clean,0.0157806373,0.0801137352,0.1566798272,0.6966191314,1.2487374274,3.5871428585,5.4837894503,1.58391e-05
MUTCEL_clean,0.0066617832,0.0323899278,0.0654065984,0.3112869591,0.5997559025,2.373057796,4.5706258434,6.54195e-06
MUTDIQ_clean,0.0042538169,0.020301774,0.0406461155,0.1985921852,0.3868375259,1.7096292538,4.0703361501,4.07893e-06
MUTVUT_clean,0.0034016977,0.0170534503,0.033414729,0.1554913077,0.2862005079,0.8574703853,1.3316670497,3.45021e-06
MUVGOA_clean,0.0229194904,0.1118526026,0.2167008794,0.8854784128,1.4942495755,3.9243951513,6.1608006761,2.3118e-05
MUVGUG_clean,0.0271751089,0.1304806481,0.2538180744,1.0155853646,1.6890633144,4.2541303515,6.4378309145,2.69229e-05
MUVHER_clean,0.0269436156,0.1314396918,0.2510754299,1.0137356229,1.701072305,4.3296544898,6.6309668782,2.69642e-05
MUVJAP_clean,0.0065319463,0.0324459115,0.0650121588,0.3088771212,0.5679312455,1.8222966477,2.720081234,6.57051e-06
MUVJIX_clean,0.0051399413,0.0250831743,0.050714377,0.2458799144,0.4599372096,1.7335063508,3.0435030721,5.09865e-06
MUVLUM_clean,0.0049136843,0.024768846,0.048543784,0.2405126082,0.4747808453,2.0277235846,4.4505576585,4.93871e-06
MUVMOG_clean,0.050748844,0.2470900315,0.4642146401,1.8188403381,2.7443913635,4.5276865685,5.4205002063,5.08025e-05
MUVNAT_clean,0.0015493952,0.007972599,0.0159460792,0.0770916652,0.1543701743,0.6697723446,1.5576454188,1.58295e-06
MUVNEX_clean,0.0012769093,0.0061511281,0.0123578115,0.0613377251,0.1193718513,0.5514956017,1.3771563258,1.22944e-06
MUVROM_clean,0.0144978439,0.0691891267,0.1356072647,0.5423745921,0.9148483815,2.2006075552,3.221144499,1.4488e-05
MUWQEB_clean,0.005352994,0.0270663046,0.0528863754,0.2648214595,0.5145073122,2.2088192371,5.2759578075,5.42716e-06
MUWRON_clean,0.0091137011,0.0458261949,0.090860408,0.4221570352,0.7936887022,3.0543452051,7.1580592083,9.26263e-06
MUZGAQ_clean,0.0016305415,0.0084026554,0.0164281836,0.0749806503,0.1392106066,0.5180159834,1.1162872498,1.6206e-06
MUZKAV_clean,0.0090099381,0.0448421508,0.0903204565,0.4332169556,0.8464649647,3.5164971941,8.2975349201,8.95212e-06
MUZKEZ_clean,0.0064417892,0.0316421899,0.063238837,0.3163004517,0.6261085109,2.8694350288,7.9707349475,6.35864e-06
MUZVUA_clean,0.0059874377,0.0285473788,0.0569846495,0.2775631278,0.5385977956,2.1521351882,4.3582233809,5.70604e-06
NABMUA01_clean,0.0157776886,0.0793088552,0.1588865789,0.7351278509,1.3174626592,4.0776146729,6.2406636684,1.61289e-05
NABMUA_clean,0.0160392242,0.0791621997,0.1565474235,0.7243340054,1.3040974538,4.0505298445,6.2234047592,1.58384e-05
NACVUI_clean,0.0108204783,0.0532542602,0.1068017016,0.4920521923,0.8814972675,2.6997417886,4.0902810955,1.07403e-05
NACYAU_clean,0.005551847,0.0283877461,0.0564418382,0.2822053114,0.5653068329,2.4832468967,6.442187147,5.75028e-06
NACYOG_clean,0.0060499855,0.0297704785,0.0591752511,0.2814899025,0.5124864703,1.6977077187,2.8763793754,6.00923e-06
NACYUM_clean,0.0067258183,0.0325014668,0.0653958454,0.2990920773,0.5519595269,1.7522537592,2.8444429602,6.58033e-06
NADKEK_clean,0.0003072279,0.001698909,0.0032147021,0.0168731167,0.0327655458,0.1603322491,0.4498792449,3.32829e-07
NADNEM_clean,0.0131656381,0.0646293367,0.1257177041,0.5633887615,0.9541184094,2.4070566698,3.5723787918,1.32064e-05
NADZEZ_clean,0.0225841334,0.109316167,0.2169116046,0.8475864907,1.3690930024,2.7008742108,3.3306365355,2.28746e-05
NADZID_clean,0.020668693,0.1010174891,0.1984691859,0.7991233849,1.3090973735,2.6846756608,3.3624307352,2.09365e-05
NAFSOF_clean,0.0043223399,0.0217876727,0.0437073252,0.2142637785,0.4312056481,2.082581457,6.1082306769,4.28822e-06
NAGBUU_clean,0.0036643091,0.0181576812,0.0351122039,0.1674647265,0.2955982247,0.9077769401,1.411687979,3.63803e-06
NAGCAB_clean,0.0009670775,0.0047347898,0.0097713721,0.0480574453,0.097250972,0.4690271999,1.3148041689,9.76501e-07
NAGQET_clean,0.0072778134,0.0374361451,0.0724056556,0.3254012389,0.5985830802,1.7845190179,3.0414803719,7.45477e-06
NAGQOD_clean,0.0021888852,0.0110428339,0.021922881,0.1073381483,0.2126943438,0.9472989356,2.1298174992,2.18653e-06
NAHFIO_clean,0.0038660708,0.0190390862,0.0380646251,0.1856603019,0.3483527904,1.4614357184,3.0038870415,3.80233e-06
NAHHAI_clean,0.0051410096,0.0258551292,0.0519824641,0.2502806523,0.4704965508,1.6610331422,3.0618023035,5.20604e-06
NAHHOW_clean,0.0086990954,0.0437279592,0.0873040933,0.4097043841,0.7707464981,3.0977628306,7.3532028004,8.78625e-06
NAHNES_clean,0.0043478906,0.0215562509,0.0430635427,0.2110345751,0.4262291008,2.0304554332,5.6501920159,4.2869e-06
NAJQUN_clean,0.008442149,0.0413718177,0.0829073533,0.385950198,0.7246072782,2.4848899068,4.0567840797,8.37418e-06
NAJSUP_clean,0.0098362739,0.0500572317,0.0988793834,0.4755129314,0.8616120862,3.0233425885,5.2885965466,1.0027e-05
NAJTAW_clean,0.0089543204,0.0443165847,0.0887051256,0.4188848449,0.785093482,2.8157030944,5.1328319131,8.90678e-06
NAKLIW_clean,0.0095019589,0.0470715779,0.0920254405,0.4486701242,0.8425433717,3.1203266963,5.612615949,9.38738e-06
NALWOO_clean,0.0038712532,0.0192187364,0.0381460736,0.1840213757,0.3625088882,1.5477482713,3.5460420586,3.81168e-06
NALYEG_clean,0.0023401021,0.0108881035,0.021654423,0.1094190428,0.2131681939,0.9410540228,2.3859915322,2.17893e-06
NAMDUD_clean,0.0079484985,0.0398616253,0.0795418959,0.3795474447,0.7413092229,3.1527311589,6.7487563415,8.00996e-06
NANPUN_clean,0.0016530712,0.007689785,0.0153524387,0.0760548419,0.154727854,0.7337504484,2.0322175454,1.55297e-06
NANTII_clean,0.0022558857,0.0114427423,0.0236535983,0.1179628998,0.2343375269,1.1365392487,3.4783172715,2.34633e-06
NANYUX03_clean,0.0082408159,0.0412321097,0.0828133201,0.4058691037,0.7882337899,3.0504345965,5.712269109,8.41766e-06
NAPNEA_clean,0.0121568517,0.0589557414,0.1179643132,0.5116120953,0.8711784282,2.4370114576,3.9884335401,1.21716e-05
NAPZOV_clean,0.00847162,0.0422505467,0.0853615203,0.3896909355,0.7098450358,2.0763983677,2.9693978205,8.61925e-06
NAQLAT_clean,0.0182727975,0.0914395245,0.1776861693,0.7727211144,1.3608965664,3.4609493723,4.8445442542,1.8554e-05
NAQQED_clean,0.0021633985,0.0107842492,0.0214422027,0.1044898091,0.2103139088,0.9982727602,2.8079766608,2.1225e-06
NAQQIH_clean,0.0032233091,0.0152953401,0.0317548238,0.1577576077,0.3093530971,1.4639513534,4.0791869215,3.12598e-06
NAQQON_clean,0.0021828263,0.0113672914,0.0227039466,0.1127895712,0.2244813467,1.0742671162,3.0727339549,2.25674e-06
NAQQUT_clean,0.0022871463,0.0116515972,0.0228187819,0.1154854711,0.2269106149,1.0891146723,3.0896931376,2.29559e-06
NAQRAA_clean,0.0022040552,0.0112666842,0.0222448601,0.1105977546,0.222017696,1.0607325033,2.977237715,2.22841e-06
NAQREE_clean,0.0022730262,0.0108895821,0.0220575944,0.110805409,0.2208248067,1.0471443784,2.9748825278,2.21757e-06
NARMUR_clean,0.0014140489,0.0071851424,0.0145033243,0.0678703167,0.1339375446,0.5043246292,0.9848109938,1.45477e-06
NARPOO_clean,0.0046494021,0.0229176908,0.045656518,0.2138682861,0.3808616772,1.1669651957,1.792088297,4.62668e-06
NARPUU_clean,0.0046528375,0.0231147366,0.0461312326,0.2139531872,0.3911121702,1.1695699279,1.7654675651,4.74279e-06
NASREH_clean,0.0079171075,0.0392963283,0.0788312544,0.3784522011,0.7423607841,3.0827915337,6.6546650974,7.87618e-06
NASRIL_clean,0.0075326148,0.0377200045,0.0757211033,0.3701050833,0.7273794586,3.0195822526,6.5894083177,7.51382e-06
NASROR_clean,0.0081488106,0.0403900453,0.0817148305,0.390857848,0.7357556616,2.9189262447,5.949376905,8.22889e-06
NATFAS_clean,0.0120844962,0.0593433681,0.1173866406,0.5431449919,1.0231573807,3.2319504546,5.0741827191,1.19806e-05
NATHOH_ion_b,0.0015757997,0.0080471751,0.0163267892,0.0807923803,0.1550169914,0.6497121425,1.3920170467,1.64405e-06
NATHUO_clean,0.0048012417,0.0241811373,0.0475682709,0.2367992245,0.454253291,1.8015089992,3.7221074015,4.90875e-06
NATKIF_clean,0.0052034902,0.0265679463,0.0523258783,0.2573669857,0.5085474541,2.3324454877,6.4928784019,5.27843e-06
NATKOL_clean,0.0057959279,0.0297031475,0.0582869547,0.2928765467,0.5769713845,2.6598511898,6.8107684014,5.88896e-06
NATXOW_clean,0.0016784233,0.008221455,0.0165587159,0.0802588024,0.1585946178,0.6406921768,1.342076535,1.67564e-06
NAVJAW01_clean,0.0032624786,0.0158547197,0.0311110809,0.1547522509,0.3113245089,1.4395472906,3.7330198487,3.13068e-06
NAVJAW_clean,0.0035206987,0.0171743139,0.0348063009,0.1715365633,0.3399014703,1.5827134686,4.0304699196,3.4575e-06
NAVLIG_clean,0.0093076941,0.0449595029,0.0920364652,0.4315491647,0.7732249584,2.2689452956,3.4045515143,9.38305e-06
NAWDUN_clean,0.0085845508,0.0415136892,0.0822856566,0.4043230436,0.7651076424,3.0421003327,6.1902710027,8.36209e-06
NAWKII_clean,0.0112605932,0.0569508798,0.1111455788,0.5290076447,0.9895097073,3.4250883753,5.6526052337,1.12359e-05
NAWWUG_clean,0.0100607632,0.051972834,0.1009537762,0.4587512361,0.8225896688,2.6323501491,4.6305170439,1.01034e-05
NAWXER_clean,0.0064594859,0.0313304767,0.0626336726,0.3106464052,0.6208441928,2.814723237,7.2210049846,6.24361e-06
NAXKOO_clean,0.0157151832,0.0795826397,0.1560261025,0.7576464789,1.4423553381,5.0466950014,7.9880829394,1.59931e-05
NAXLII_clean,0.0039835834,0.0191853041,0.0384750056,0.1873273239,0.3724384934,1.3947835132,2.5998440579,3.92082e-06
NAYGUR_clean,0.0033472701,0.016945709,0.034199298,0.1698290094,0.3391210763,1.5547712683,4.1452997414,3.44749e-06
NAYHAY_clean,0.0027378905,0.0133258744,0.0268409077,0.1347106001,0.2670997049,1.2711795928,3.4265786736,2.70067e-06
NAYMOQ_clean,0.0013457199,0.0063144061,0.0127679681,0.0617050247,0.1238357029,0.511164025,1.0976179701,1.283e-06
NAYNIK_clean,0.0005277592,0.0026211674,0.0052632689,0.0263868594,0.052254774,0.2451986985,0.6246520719,5.25856e-07
NAYPIM_clean,0.083172091,0.3826084675,0.6945423783,2.0986976611,2.8826522702,4.7504850586,5.9177545661,8.3994e-05
NAYXOC_clean,0.0055190982,0.0270592189,0.0543327627,0.2649360328,0.5025000978,2.1591632199,4.575010501,5.43535e-06
NAYZOE_clean,0.0038826039,0.0194246641,0.0395147273,0.1968633228,0.3905526917,1.8926945521,5.4929845902,3.93374e-06
NAYZUK_SL,0.0050329729,0.0251411562,0.0503477929,0.2485755751,0.4745230935,1.9279470031,3.78091987,5.07749e-06
NAZZEV_clean,0.0054420823,0.0270218093,0.0542215737,0.2618435525,0.5079966297,2.124261602,4.7684093689,5.42693e-06
NDAIAH_clean,0.0023204956,0.0112754991,0.0226060806,0.1115138773,0.2152587822,0.8666172099,1.881617222,2.28822e-06
NEBNOZ_clean,0.006276602,0.0309598496,0.0607391316,0.2993191605,0.5632624571,2.0612215926,3.6088897033,6.22128e-06
NEBYOK_clean,0.0030548443,0.0151839306,0.0299860056,0.1456684828,0.2708117601,0.8937977855,1.511486741,3.08038e-06
NEDLOZ_clean,0.0753780101,0.3473348484,0.6098332586,1.8116292623,2.5401572053,4.3646606158,5.2973732479,7.72237e-05
NEDVUP_clean,0.0050997802,0.0252467454,0.049759689,0.2443786356,0.485751234,2.1371309038,5.1637881416,4.94187e-06
NEDWAW_clean,0.0045956888,0.0229364743,0.046373588,0.2262349984,0.4481770898,2.072565723,5.3399835588,4.58898e-06
NEDWEA_clean,0.0051110424,0.0245799094,0.049165539,0.2410884688,0.4791623665,2.1473871446,5.1690371051,4.91896e-06
NEDWIE_clean,0.0034939376,0.0182637648,0.0371584987,0.1848052628,0.3709068023,1.7116087845,4.6586936538,3.72942e-06
NEDXOL_clean,0.0099276319,0.0493646501,0.0969135914,0.4436843034,0.8098236738,2.3113697676,3.4883620429,1.01531e-05
NEFZOO_clean,0.0288711725,0.1441164224,0.2833087777,1.2490618578,2.2237675046,5.4002774818,7.3324008995,2.90745e-05
NEGMUI_clean,0.0013192475,0.0063206805,0.0126770548,0.0620645989,0.1227385625,0.5471721838,1.3035207697,1.26652e-06
NEGZUW_clean,0.0022217367,0.0110137949,0.0227493187,0.1079200458,0.2125717041,0.8738767146,2.0221149092,2.24406e-06
NEHGEO_clean,0.0091481021,0.0455815721,0.0900478683,0.418900024,0.7989960252,2.6052714105,4.1035189831,9.21606e-06
NEHGIS_clean,0.0098413451,0.0485533864,0.09479709,0.4462435566,0.8380922246,2.6512668993,4.1075472322,9.80825e-06
NEHMET_clean,0.0100457285,0.0511642662,0.098840319,0.4771745498,0.8755627474,3.074397169,5.0698280006,1.00915e-05
NEHZIK_clean,0.0032640124,0.0159152234,0.0317430385,0.1545770964,0.3025916645,1.2578179002,2.7586977667,3.16641e-06
NEJRUR_clean,0.0099844424,0.0517096909,0.1009891376,0.4708882007,0.8397856398,2.5145395849,4.0059827098,1.03854e-05
NEJSAY_clean,0.009839082,0.0496246777,0.0974573342,0.4479394276,0.8037305825,2.5884167367,4.217036925,1.01007e-05
NEJSEC_clean,0.0112767872,0.0541115444,0.1103898672,0.4873650291,0.8460367048,2.338333822,3.5162947533,1.12415e-05
NEJSOM_clean,0.0115438608,0.055943828,0.1127263778,0.5314576523,0.9758995599,3.3281283929,5.4765739896,1.12906e-05
NEKBEL_clean,0.0008823522,0.0045860014,0.0094354539,0.046226615,0.090784706,0.4275853856,1.1118335163,9.16562e-07
NEKMUN_clean,0.0165943643,0.0822355526,0.1617278871,0.671551137,1.1745737036,2.9146569694,4.1792456961,1.67184e-05
NEKREB_clean,0.0061489752,0.0299797636,0.0576957777,0.2624457705,0.4602465789,1.4079942268,2.4005413001,5.87102e-06
NELVAC_clean,0.0195698262,0.0941032181,0.1826803331,0.7031107501,1.1325352654,2.2223444315,2.7683292419,1.94964e-05
NELVEG_clean,0.0220822963,0.1047381394,0.2000540933,0.7531409438,1.1525924171,2.0340662653,2.3896383978,2.20603e-05
NENFAN_clean,0.0371435296,0.186131071,0.3374439252,1.3463353752,2.1009769984,3.9832170606,4.9876392378,3.77045e-05
NENHAQ_clean,0.002458533,0.0125838265,0.0248111286,0.1236411836,0.2441330681,1.1978091542,3.4725523144,2.47397e-06
NENHEU_clean,0.0183045438,0.0921195566,0.1832015343,0.8638371965,1.6076572793,5.1882259944,8.4663048917,1.86077e-05
NEPWIQ_clean,0.0059363701,0.0294561148,0.0595358045,0.2773323862,0.5069720904,1.6420955477,2.4741639493,5.92989e-06
NERMON_clean,0.0008276754,0.0040401144,0.0083095088,0.0410411122,0.0796697458,0.3579375067,0.8181666283,8.27694e-07
NERTAH_clean,0.005689185,0.0277220466,0.05429088,0.260298685,0.4588430541,1.4099024528,2.2069614645,5.60894e-06
NERVAJ_clean,0.0034989472,0.0171598637,0.0335623524,0.1678743552,0.3197593352,1.3289333299,2.9001890977,3.3649e-06
NERVEN_clean,0.0026771056,0.0136939892,0.0273172304,0.1331251584,0.2582274899,1.067460469,2.4376574303,2.67709e-06
NETHOJ_clean_h,0.0036996225,0.0182578774,0.0368907562,0.1793689974,0.3478664717,1.3688181499,2.721826478,3.70534e-06
NETYIV01_clean,0.0040016156,0.0203276197,0.0408076643,0.2027326086,0.4020163718,1.8685690108,4.8391212571,4.09348e-06
NETYIV_clean,0.0037752579,0.0191715197,0.0390460566,0.192416369,0.3819154933,1.7784601402,4.6578674025,3.86992e-06
NEVJEF_clean,0.0035962829,0.0178215213,0.0348501303,0.1714040312,0.328808247,1.2794261205,2.4730512752,3.52566e-06
NEVPOU_clean,0.0049485402,0.0251575562,0.0503008962,0.2444467693,0.4734637604,1.8910143805,3.6876562617,5.04135e-06
NEVVAM01_clean,0.0050810578,0.0253205728,0.0504351308,0.2393160918,0.463440995,1.7163482244,3.2526028876,5.04443e-06
NEVVAM02_clean,0.0047270032,0.0242408668,0.048541634,0.2373000129,0.4513569298,1.6906310248,3.223504734,4.90635e-06
NEVVAM_clean,0.0049512022,0.0253344783,0.0504276433,0.2426054836,0.4702101767,1.7497870231,3.3112863139,5.09659e-06
NEVVEQ_clean,0.0205677021,0.1022073961,0.1942641627,0.7621186373,1.2407023352,2.4505156678,3.129383673,2.0845e-05
NEXVET_clean,0.0028553651,0.0138846861,0.0281057921,0.1400169715,0.2786325432,1.3734989645,4.083327735,2.79723e-06
NEXVUI_clean,0.0022854248,0.0111125825,0.0218960783,0.1039077369,0.2099809001,0.8511834537,1.9623017021,2.15259e-06
NEXXEV_clean,0.0070136397,0.0346814441,0.0681728751,0.3301561172,0.640478063,2.6537013089,6.1286194977,6.90365e-06
NEXXIZ_clean,0.007149831,0.0348299969,0.070976776,0.3366764079,0.6475960395,2.6585387295,6.1336932112,7.06634e-06
NEYVEU_clean,0.0047207592,0.0226459053,0.0459110047,0.2309708696,0.443655953,2.2130686118,6.1943716009,4.58332e-06
NEYYUN_clean,0.0195300673,0.0950573486,0.1926578634,0.8837423386,1.643082406,5.1955527298,7.8105956761,1.9269e-05
NEYZAU_clean,0.0236116185,0.1152132282,0.2267288876,1.0512892658,1.9740968163,6.0274472959,8.9505591255,2.32548e-05
NEZWOG01_clean,0.001635615,0.0084992107,0.0168496467,0.0822234454,0.1636721736,0.7298870689,1.7824384308,1.687e-06
NEZWOG_clean,0.0019438236,0.0098102881,0.0192817508,0.0947459243,0.1856341377,0.828779182,1.9384384996,1.92069e-06
NIBHUC_clean,0.0037105618,0.0198912079,0.0397624397,0.1994564278,0.3996070253,1.905520784,5.4541861833,3.9896e-06
NIBJAK_clean,0.0042449226,0.0216141471,0.0438974937,0.2202465605,0.4347799545,2.187483525,6.3793795486,4.40339e-06
NIBXUT_clean,0.0022426515,0.0112465771,0.0227308752,0.1097111537,0.217102765,0.9210499362,1.9688949048,2.2595e-06
NIFTIH_clean,0.0099763555,0.0504050688,0.0997774833,0.4686280599,0.8425842065,2.4720808148,3.6490997578,1.00842e-05
NIGBOW_clean,0.0041551045,0.0217929332,0.0434434289,0.2174124872,0.431646584,2.0056416913,5.4670675972,4.35391e-06
NIGDEO_clean,0.0059568014,0.0304991745,0.0607628885,0.299317848,0.5842515143,2.5933997917,6.4294814824,6.12406e-06
NIGDIS_clean,0.0061317681,0.0306192921,0.0610102833,0.3029733386,0.598817216,2.6965847736,6.6914739128,6.13711e-06
NIGFIT_clean,0.0042997479,0.0214931749,0.0428806182,0.2132029456,0.4207687325,1.8831875731,4.3923520386,4.30896e-06
NIGFOZ_clean,0.0044526588,0.0216163588,0.0433067072,0.2125703474,0.4217883948,1.8904486607,4.4539147036,4.31119e-06
NIGFUF_clean,0.004574939,0.022746935,0.0456291455,0.2247939035,0.4405825985,1.9623651407,4.5024182601,4.51462e-06
NIGGAM_clean,0.0042333339,0.0214839827,0.0425255933,0.2158552301,0.4209199386,1.8927239463,4.4043041878,4.3177e-06
NIGGEQ_clean,0.0046499297,0.0219089617,0.0434504349,0.2159151813,0.4271693529,1.8968425956,4.4042719247,4.37378e-06
NIGGIU_clean,0.0056263664,0.0281811539,0.0562527032,0.2796559827,0.5457630176,2.371314308,5.0892237445,5.65733e-06
NIGNUO_clean,0.006090574,0.0289387182,0.0585998919,0.2870826405,0.5511263981,2.39516329,5.5137266006,5.8627e-06
NIGPEA_clean,0.0064138888,0.0324734336,0.0656843321,0.3214539385,0.6174756182,2.7356719282,6.3510000316,6.56011e-06
NIHBAI01_clean,0.0066042305,0.0322325165,0.0637811255,0.2968872942,0.5328227141,1.4918690074,2.0904309489,6.55025e-06
NIHBAI02_clean,0.0067406946,0.0321642844,0.0630861103,0.2966143659,0.5374244124,1.4904202658,2.1347215018,6.47207e-06
NIHBAI_clean,0.0063503437,0.0318056693,0.063631967,0.296674664,0.5382876275,1.4628751344,2.0779381313,6.48368e-06
NIHBEM01_clean,0.0061980116,0.031066224,0.0614993178,0.2832805484,0.5264644364,1.4432369901,2.0719479896,6.2365e-06
NIHBEM02_clean,0.0062122927,0.0310186202,0.0612248027,0.287979041,0.5096698244,1.4504918055,2.1058704401,6.25555e-06
NIHBEM_clean,0.0066327927,0.0329053165,0.0644491651,0.2902005505,0.5304885423,1.4662216798,2.0688759592,6.52616e-06
NIHBIQ01_clean,0.0054315908,0.0276339918,0.05534891,0.2564050434,0.4719009888,1.400485626,2.1226682258,5.59203e-06
NIHBIQ02_clean,0.0054522191,0.0267406276,0.054323842,0.2487725714,0.4653618168,1.3943018955,2.1582726764,5.45314e-06
NIHBIQ_clean,0.0058949342,0.0291842881,0.0571261176,0.265792508,0.4861027818,1.4257045195,2.1396643605,5.83653e-06
NIHVUX_clean,0.0008161571,0.0041549166,0.0078315437,0.039202625,0.075626752,0.3042419656,0.6883504231,8.02618e-07
NIJTOR_clean,0.0084955291,0.0428806015,0.0841886573,0.3620230094,0.6057806886,1.5152154463,2.1955560409,8.84192e-06
NIJZIP01_clean,0.0008863918,0.0045089654,0.0085935769,0.0440148425,0.0869155511,0.4185555269,1.0882990935,8.76425e-07
NIJZIP_clean,0.000926965,0.0044477619,0.0087401945,0.0450254471,0.0892475244,0.4346046286,1.1759879144,8.95477e-07
NIJZOV_clean,0.0007667154,0.0040639137,0.0077058117,0.0393440963,0.0782774523,0.3772046376,1.005793664,7.94316e-07
NIKDAM_clean,0.0034906411,0.0170044087,0.0333655421,0.1657057186,0.3341092041,1.3874126428,3.4123210657,3.37357e-06
NIKHAS_clean,0.0093523747,0.0459764701,0.0940016488,0.4224727186,0.749196706,2.0616766598,3.0041668759,9.53191e-06
NIKJIB_clean,0.004580332,0.0228819644,0.0453459434,0.2188503644,0.4228217621,1.6855195064,3.336963356,4.55787e-06
NIKKIC_clean,0.0069877881,0.0348622053,0.0690550198,0.3269239919,0.608491035,2.0568799112,3.399331961,6.98132e-06
NIKYOW01_clean,0.0061234323,0.0301680994,0.060358414,0.2829711238,0.5053410544,1.4199285947,2.0251011139,6.1459e-06
NIKYOW02_clean,0.0062456154,0.0310265542,0.0609375933,0.2839438276,0.5157250246,1.4486701677,2.0720463707,6.29089e-06
NIKYOW_clean,0.0060298116,0.0300300485,0.0604821838,0.2751482367,0.5062756752,1.411972417,2.0121655813,6.0346e-06
NIKYUC01_clean,0.0061916644,0.0306584183,0.0605139197,0.2766937726,0.5076371432,1.4319152255,2.0453454129,6.07771e-06
NIKYUC02_clean,0.0057854455,0.028649539,0.0562517949,0.2611876361,0.4835956496,1.396653522,2.0897978186,5.77391e-06
NIKYUC_clean,0.006324955,0.0318072561,0.0618166763,0.2915731261,0.52512201,1.4356981388,2.038361939,6.31835e-06
NIKZAJ01_clean,0.0060583739,0.0309472146,0.0614850367,0.2876902448,0.511140781,1.4404934258,2.0233937251,6.2538e-06
NIKZAJ02_clean,0.0062773512,0.0311995146,0.0616722782,0.2847102484,0.5174117851,1.4493445545,2.0631063816,6.33815e-06
NIKZAJ_clean,0.0062567229,0.0306615919,0.0614247386,0.2881377203,0.5227116721,1.4443175958,1.9963230447,6.25621e-06
NIKZEN01_clean,0.0062043588,0.0306012938,0.0601679989,0.2897134052,0.5097682055,1.4382258993,2.0592822116,6.26682e-06
NIKZEN02_clean,0.0062138795,0.0302347447,0.0601965611,0.2792612029,0.5062677412,1.4354553596,2.096892368,6.09154e-06
NIKZEN_clean,0.0064376173,0.0323673939,0.0631892518,0.2913430412,0.5289953705,1.4734733216,2.0608229872,6.50564e-06
NIMPEG01_clean,0.0058324568,0.0290457078,0.0583318541,0.2897904071,0.576116313,2.6164452247,6.7372380742,5.86942e-06
NIMPEG_clean,0.006891442,0.0344290531,0.0683618379,0.3388667758,0.665520424,2.9598321155,6.9091844996,6.82801e-06
NIMPOQ_clean,0.005978699,0.0287104759,0.0587348118,0.2878898038,0.5675257319,2.5921930704,6.6501087251,5.83036e-06
NIMQAC_clean,0.0152764539,0.0749560044,0.1465352301,0.5933467707,0.9854655483,2.1628202666,2.8698609112,1.54273e-05
NIMTAE_clean,0.0084006187,0.0415002475,0.0839179687,0.3945313426,0.7566092579,2.7149591151,4.7217211493,8.39639e-06
NIMXAK_clean,0.0046880456,0.0239446379,0.047559596,0.2346940455,0.4639533209,1.9606250595,4.5714939094,4.79916e-06
NIMXIS_clean,0.0025738344,0.0127759847,0.0259769036,0.1272137687,0.2550705301,1.1919686162,3.3139469102,2.55491e-06
NINHOH_clean,0.0013112173,0.0063518025,0.0131216743,0.0656273747,0.1318438469,0.6408883222,1.7774951614,1.31343e-06
NINVAI_clean,0.0088227645,0.0442481109,0.0867692698,0.3974380094,0.7216081302,2.6052374546,5.7612571306,8.94587e-06
NIRFIE_clean,0.0149870813,0.0725577316,0.1378744839,0.4964822196,0.7801971976,1.7325852304,2.4762549993,1.52106e-05
NIRGAY_clean,0.0049521486,0.0247270877,0.0493027262,0.2407850046,0.4767885414,2.037941372,4.7885714521,4.95988e-06
NISBEX_clean,0.002963686,0.0150774098,0.0296121106,0.1429781809,0.278125973,1.074375493,2.1232860912,2.95522e-06
NIVZOJ_clean,0.0015030538,0.0077318324,0.0148165525,0.0754414407,0.1510556165,0.7459684302,2.1479051111,1.5088e-06
NIXFUX_clean,0.030057794,0.1425180019,0.2709563388,0.9518462439,1.4816611535,3.0718289672,4.1023099717,3.05124e-05
NIXGIM_clean,0.0098882075,0.0499116771,0.0976434648,0.4497250241,0.7769373998,2.1628080726,3.232084387,1.01804e-05
NIXKIQ_clean,0.0161151834,0.0775872098,0.1574752402,0.7223679905,1.3708643014,4.7733578985,8.4998790083,1.58406e-05
NIYJAI_clean,0.0060878301,0.0304299438,0.0610739398,0.2911099065,0.5391446752,1.8351251619,3.0592807621,6.15226e-06
NIYZIG_clean,0.0066164952,0.0337523821,0.0677299427,0.3282633546,0.6432993483,2.6939643807,5.8810134026,6.74673e-06
NIZNAN_clean,0.0102305038,0.0502618666,0.100253379,0.4568909158,0.8244866387,2.6378567096,4.4243050668,1.01975e-05
NIZZAY_clean,0.0039295121,0.019548154,0.0391614818,0.1935908453,0.3693366105,1.6618807791,3.7858429484,3.93952e-06
NIZZEC_clean,0.0036918586,0.0185185416,0.0369238521,0.1849971361,0.3585579372,1.5908987419,3.7591757219,3.73136e-06
NIZZIG_clean,0.0037879733,0.0187048461,0.0375558393,0.1889207233,0.3699021074,1.6037326903,3.7759299659,3.83398e-06
NIZZOM_clean,0.0038590718,0.0187285456,0.0378046842,0.1874809774,0.3713833274,1.6156989729,3.7941430469,3.83357e-06
NOBVOR_clean,0.0121718662,0.0619877582,0.1216545686,0.546232645,0.9482227521,2.7758633208,4.370032075,1.24416e-05
NOCKOG_clean,0.0110476259,0.0547332004,0.108826947,0.5048811102,0.9157809239,2.8837804907,4.6127053791,1.10918e-05
NOCKUM_clean,0.0067746267,0.0336207099,0.0671673554,0.3216783817,0.597920512,2.2023582876,4.005743663,6.76683e-06
NOCLOH01_clean,0.0086456614,0.0434048616,0.0852188921,0.4050329599,0.7394458917,2.3380730049,3.7225209149,8.70408e-06
NOCLOH02_clean,0.0087063521,0.0431841683,0.0857209694,0.402138199,0.7359662935,2.3278034084,3.7274478936,8.69747e-06
NOCLOH03_clean,0.0085206018,0.0432614109,0.083743925,0.3956700451,0.7329262428,2.3385364609,3.7869744033,8.53512e-06
NOCLOH_clean,0.0089104934,0.0435630252,0.0863738539,0.4055240025,0.7462837069,2.331820027,3.6832080755,8.75268e-06
NOCLUN_clean,0.0048348392,0.0239043985,0.0479908691,0.2395107519,0.4681501501,1.9719738435,4.2969488829,4.83878e-06
NOCYUB_clean,0.0023108772,0.0119318259,0.0232295524,0.1111617778,0.2180877339,0.7981094068,1.5649450687,2.36209e-06
NOCZAI_clean,0.0020340908,0.0103294865,0.0208589539,0.1008798584,0.197089688,0.7202176616,1.3880831963,2.11019e-06
NODKAT_clean,0.0124150953,0.0607646922,0.1182775531,0.5388423009,0.9507613067,2.6567488865,3.9142880121,1.24224e-05
NODKEX_clean,0.0075690345,0.0382229049,0.0755176677,0.3684616081,0.7022186173,2.7988411813,5.2078429087,7.63855e-06
NODKIB_clean,0.0120934482,0.0594311389,0.117872001,0.5006028129,0.8983967858,2.3583364102,3.3584377544,1.20391e-05
NODKOH_clean,0.0082839,0.0406102508,0.0804609221,0.38196193,0.7052969141,2.459206183,4.1470998681,8.22862e-06
NODKUN_clean,0.0089554068,0.045838231,0.0896038895,0.438603192,0.8352592087,3.3928362033,7.3906593346,9.14414e-06
NOFDUI_clean,0.0063698077,0.0312640191,0.061961187,0.2960004459,0.5327952311,1.8353948644,3.0176004085,6.28055e-06
NOFHOG_clean,0.0067504944,0.0337499389,0.0675530711,0.3395637986,0.6650161511,2.8958126385,6.7957948778,6.9021e-06
NOFQAB_clean,0.0100450451,0.0488722531,0.093545128,0.4013535673,0.6883468885,2.0185665817,3.6039093512,9.91132e-06
NOFQIK_clean,0.0024160801,0.0123211875,0.025346951,0.1188804424,0.2290159336,0.868987112,1.6154286182,2.49183e-06
NOFQOQ_clean,0.0037308326,0.0194107271,0.0378624099,0.1785532421,0.3376040938,1.1185356218,1.8373002879,3.84851e-06
NOFRIK_clean,0.2019258638,0.5554256432,0.7226695001,1.0226393258,1.130728568,1.3288063377,1.4164677061,0.00025062
NOGDAP_clean,0.0515922127,0.2496308402,0.4761425583,1.890839221,2.9791690457,5.6447266309,6.8795838568,5.18387e-05
NOHFOG_clean,0.0049518219,0.0249006911,0.0508543964,0.2394678398,0.4476284142,1.512286042,2.7265566493,5.12816e-06
NOHLAZ_clean,0.0025355467,0.0127218045,0.0252732014,0.1258180588,0.2448154088,0.9929574069,2.0621237112,2.53707e-06
NOHQEI_clean,0.0066980386,0.0339596426,0.0679226384,0.3360722013,0.6497198052,2.9648855351,7.3843067408,6.72878e-06
NOHSIM01_clean,0.0094433579,0.0470756834,0.0931528732,0.4505034052,0.8217266828,2.8202755704,4.7164445896,9.48307e-06
NOHSIM_clean,0.0064535228,0.0316230776,0.0635466668,0.3140428873,0.5824365514,2.1998571611,3.9906675838,6.46201e-06
NOHSUA_clean,0.006054115,0.0299643969,0.0606374219,0.2930658794,0.5533470534,2.2859618378,4.9809488985,6.05355e-06
NOKJON_clean,0.0014287637,0.0071749655,0.0142277393,0.0711011604,0.1404732691,0.6480246076,1.6649929034,1.42236e-06
NOKLIJ_clean,0.0033192263,0.017314911,0.0345852326,0.1712282032,0.3445752893,1.589923685,4.0208101939,3.45971e-06
NOKPEJ_clean,0.0018880113,0.00959138,0.0190936629,0.0929990503,0.1823592593,0.7058927592,1.4009354642,1.93344e-06
NOMPOW_clean,0.0049664817,0.0245953676,0.0483525585,0.2399138733,0.4757639168,2.1366775259,5.1232700727,4.85475e-06
NOMQAJ01_clean,0.0209059045,0.1033740942,0.1986908106,0.7783973957,1.2251786832,2.2511521249,2.7197354884,2.12332e-05
NOPJOT_clean,0.0071754223,0.0356191647,0.0708329846,0.3465923447,0.671308352,2.7000325885,5.4480842084,7.10635e-06
NOQKOV_clean,0.0092483793,0.0454248937,0.0906684928,0.4266898024,0.7909836525,2.6332499843,4.5970990707,9.14466e-06
NOQKUB_clean,0.0111933761,0.055878107,0.1105844012,0.5186849524,0.9464025167,3.1292450096,5.3649177128,1.13344e-05
NORBUT_clean,0.0012066667,0.0063543689,0.012603891,0.0549541339,0.1069001837,0.3644847836,0.6342065668,1.21893e-06
NORGOS_clean,0.0005853172,0.0028028604,0.0058046334,0.0288413856,0.0581548318,0.2507784363,0.5933346079,5.87787e-07
NORPIV_clean,0.020667203,0.1013963089,0.2016521877,0.8669923137,1.5347167709,3.8156864721,5.2820224234,2.05403e-05
NOSHEK_clean,0.0048512019,0.0239557965,0.0472887632,0.2312550613,0.4441448583,1.7636687838,3.523033022,4.80244e-06
NOSTUM01_clean,0.008958627,0.0442480874,0.0896996901,0.4280260897,0.8107124217,3.2422999135,6.1930860735,8.95889e-06
NOSTUM_clean,0.0094989486,0.0463605402,0.0918397103,0.4517317162,0.8504725316,3.2633732443,6.1173512555,9.28236e-06
NOWGIR_clean,0.0019108168,0.0095914087,0.0189899731,0.0961141886,0.1895689931,0.8775636098,2.3161297607,1.92409e-06
NUBBAP_clean,0.0037903936,0.0193947116,0.0382574941,0.1890148268,0.3774260574,1.8117333056,4.9734694529,3.80702e-06
NUBPIL_clean,0.0045376541,0.0224595261,0.044669029,0.2232972681,0.4463923899,2.0556796721,5.3894989483,4.55514e-06
NUCBIY_clean,0.0071245375,0.0342992442,0.0689955214,0.331442246,0.5942166804,1.9030644939,2.8864712475,7.04408e-06
NUCCEV_clean,0.0106137634,0.053709839,0.1067385922,0.4673229382,0.8607058901,2.7863696207,4.8235922601,1.07011e-05
NUCPEI_clean,0.0148349791,0.0731714326,0.1433948538,0.6829487394,1.2637693604,4.499126429,7.5520864803,1.45791e-05
NUCPIM_clean,0.0159428627,0.0779799973,0.1529692626,0.7350931543,1.360292323,4.6456217272,7.5698562107,1.55595e-05
NUCYAN_clean,0.0034188354,0.0175906622,0.0346094237,0.1662073529,0.3125573891,0.9966512676,1.6468186515,3.52668e-06
NUCYER_clean,0.0034388282,0.0172625444,0.0343095144,0.1624271112,0.3060183986,0.9921278452,1.6322598066,3.49255e-06
NUCYIV_clean,0.003653564,0.0178185607,0.0357571289,0.1664689696,0.3082686897,1.0084759661,1.6251866898,3.60356e-06
NUDLAB_clean,0.0044675783,0.0231435493,0.0451221848,0.2228151304,0.4216863888,1.6188906535,3.0641664493,4.59035e-06
NUDLEF_clean,0.004036905,0.0202964782,0.040918938,0.1986710426,0.3741529308,1.5115509056,3.2785315401,4.08602e-06
NUDLIJ_clean,0.007246498,0.0356582033,0.0715761462,0.3461447879,0.6639445926,2.4106389463,4.3818341451,7.2624e-06
NUDMAC_clean,0.0076142639,0.037200755,0.0755262541,0.3579879629,0.6651765688,2.3509631655,4.1161919689,7.60292e-06
NUDMEG_clean,0.0078652662,0.0381936435,0.0763920529,0.3645664454,0.6629524984,2.3041274198,3.9146689484,7.75987e-06
NUDMOQ_clean,0.0071408547,0.0366018446,0.0730893084,0.3445958817,0.6423862015,2.3555463392,4.2213126571,7.27873e-06
NUDMUW_clean,0.0077429423,0.0383652147,0.0760123723,0.3659358374,0.6677008887,2.3460781537,4.0362763529,7.70247e-06
NUDNEH_clean,0.0076142639,0.0370990832,0.0757470725,0.353636728,0.6592780163,2.3261187103,4.0434664549,7.50837e-06
NUFBEX_clean,0.0025142662,0.0129676475,0.0255730703,0.1255066289,0.2500842577,1.1363226096,2.7673569247,2.55967e-06
NUFBOH_clean,0.0127901747,0.0636087722,0.1262194424,0.5956094127,1.1184125554,3.8266790181,6.3343931871,1.27296e-05
NUFBUN_clean,0.0051745542,0.0266683464,0.053954921,0.2631613857,0.5112317028,2.2042258439,4.8875918727,5.31689e-06
NUFCAU_clean,0.0035460747,0.0173095113,0.034589854,0.1724742377,0.3463610715,1.6313839399,4.4749899604,3.46537e-06
NUGRIR_clean,0.0020493323,0.010247847,0.0202864937,0.1019723591,0.2014852824,0.9678881654,2.6054896043,2.05212e-06
NUGROX_clean,0.0023425536,0.0117455103,0.02341363,0.1167681128,0.2270491083,1.0843522987,2.7842026752,2.33847e-06
NUHNUA_clean,0.0074708553,0.0369975221,0.073627797,0.3530258925,0.6676692168,2.6026137381,4.8609735429,7.32265e-06
NUHPAI_clean,0.0075565889,0.0378775172,0.0763570703,0.3675210211,0.7055630416,2.6773621863,4.9542643743,7.64705e-06
NUHQAK_clean,0.0088900522,0.0440217958,0.0869257524,0.4021085013,0.7448422734,2.5724194157,4.5505433919,8.74514e-06
NUHQIS_clean,0.0066586138,0.0339356788,0.0677885429,0.3210324608,0.6140823399,2.4087069724,4.581496597,6.79809e-06
NUHQOY_clean,0.0070228398,0.034925853,0.0687367298,0.324293554,0.6242261111,2.4194497614,4.5929300629,6.89206e-06
NUHQUE_clean,0.006814565,0.0341069294,0.0676554958,0.3211839615,0.6166895763,2.3953243426,4.5600043725,6.80598e-06
NUHRAL_clean,0.0068200449,0.034416847,0.0686421374,0.319824962,0.6259211798,2.4301713474,4.5702145325,6.91256e-06
NUHZAS_clean,0.0106876206,0.0514057577,0.1007233754,0.4061663851,0.6713209943,1.5130942834,2.1441375613,1.07425e-05
NUJCEA_clean,0.0006955289,0.0033171968,0.0068101951,0.0335719357,0.0649912633,0.2761088468,0.6168435355,6.65722e-07
NUJCIE_clean,0.0006502351,0.0034891598,0.0067595274,0.0328940638,0.06704791,0.2839400722,0.6325958062,6.8011e-07
NULMAJ_clean,0.0028395512,0.013806339,0.0272177029,0.1328966883,0.261334783,1.1825520806,2.7685374863,2.69181e-06
NUMPAO_clean,0.0041420867,0.0201240972,0.0400421061,0.2034498919,0.3990277872,1.8682204084,4.9435731651,4.0643e-06
NUNCEG_clean,0.0060983819,0.0301275949,0.0603933184,0.3031251465,0.5845053832,2.5684219216,5.568660041,6.03815e-06
NUNNUH_clean,0.0061030718,0.0312464408,0.0607529066,0.2964917301,0.5975015463,2.5969696248,5.91500826,6.10224e-06
NUNPAP_clean,0.0055505383,0.0285573728,0.0564187258,0.2783198502,0.5477676494,2.4198027022,5.6457021556,5.62141e-06
NUNSIA_clean,0.0050300843,0.0242495111,0.0478426444,0.2254003317,0.4270520158,1.4143299435,2.3146946634,4.88986e-06
NUNSOG_clean,0.0051684385,0.0256888231,0.0521852482,0.2393901868,0.4403779855,1.4442991646,2.335428478,5.21571e-06
NUNZUT_clean,0.014712484,0.0727878594,0.141871571,0.6502559786,1.1778253321,3.6377688931,5.722821039,1.45103e-05
NURMUJ_clean,0.0061747614,0.0293517306,0.0599707207,0.2958766387,0.5783207824,2.372635009,4.8866911655,5.95535e-06
NUSXEG_clean,0.0028960172,0.0141170584,0.0284125541,0.1390334379,0.2807147216,1.2676023185,3.4714734629,2.83197e-06
NUTQAV_clean,0.0045609777,0.0238087402,0.0472552209,0.2367387493,0.4665203708,2.0905426917,5.5826018242,4.78491e-06
NUTYEI_clean,0.0039536099,0.0192223861,0.0386783947,0.1909136153,0.3689992368,1.6639927331,4.2796553182,3.84338e-06
NUTYIM_clean,0.0037149227,0.0188016636,0.0379495381,0.1868829969,0.3617049747,1.6388960581,4.2147432966,3.80159e-06
NUVBIQ_clean,0.003579606,0.0184930709,0.0367120218,0.1745542644,0.3287942313,1.0957699439,1.833321215,3.74139e-06
NUVWEH_clean,0.0025006155,0.0126949024,0.0253220344,0.1239498937,0.2374504998,0.9665045487,2.0326190543,2.54278e-06
NUVXOT_clean,0.0039679022,0.0201866123,0.0393059957,0.1987407699,0.3929116111,1.8646576566,4.8688723333,3.98096e-06
NUVXUZ_clean,0.0022488,0.0111860633,0.0225673945,0.1102941978,0.2205540628,1.0618670456,3.1837192688,2.21049e-06
NUVYOT_clean,0.007744265,0.039537222,0.074790986,0.3562915757,0.644026211,2.0526084668,3.3159354349,7.8163e-06
NUWBOX_clean,0.0015599713,0.0079435147,0.0158782161,0.0764509312,0.1533407696,0.6612982633,1.5611663709,1.57341e-06
NUWPOM_clean,0.0014087135,0.0071546841,0.0143007257,0.0714826398,0.1415096503,0.6693475474,1.8908823756,1.41944e-06
NUWVIM_clean,0.0095177645,0.0464764999,0.0909788633,0.4332796482,0.7603482285,2.2328571621,3.3084165474,9.53599e-06
NUYNEC_clean,0.0030692949,0.0164209449,0.032815842,0.1637275654,0.3262308859,1.504277939,3.9932286684,3.27732e-06
NUYQUU_clean,0.0091880894,0.0466845989,0.0916981386,0.4128205485,0.7247100011,1.8520620825,2.5561196751,9.44839e-06
NUZCIV_clean,0.0046719356,0.0235530519,0.0461643556,0.2093029488,0.3790034003,1.1742694279,1.8262577003,4.71759e-06
OBAFEF_clean,0.0018052672,0.0087665329,0.0175464201,0.0859256195,0.1643120936,0.62523675,1.2227631949,1.78548e-06
OBAFOP_clean,0.0021366982,0.0106770163,0.0211533124,0.1038135876,0.1973346028,0.7290430534,1.3197154722,2.16672e-06
OBAHIL_clean,0.0077326264,0.0383149551,0.0758577309,0.3657437915,0.6734874685,2.4908140714,4.7172224559,7.73562e-06
OBAHOR_clean,0.008801917,0.044360857,0.0867487104,0.4156631024,0.7631670564,2.671448349,4.8667049418,8.88202e-06
OBAHUX_clean,0.0074494424,0.0369949771,0.0735056011,0.3506917088,0.6607287123,2.4051516735,4.6000244978,7.46004e-06
OBAJAF_clean,0.0072188718,0.035944256,0.0721562215,0.3512240328,0.6397328596,2.3913932621,4.6508088353,7.34129e-06
OBEDEE_clean,0.0053129901,0.026087079,0.0525783903,0.2558304221,0.5068116244,2.1445036092,4.6887787787,5.25261e-06
OBIBAF_clean,0.007606345,0.0376244486,0.075140136,0.357572263,0.6946164194,2.6344171938,5.2404662151,7.47858e-06
OBIBEJ_clean,0.0058532327,0.0278451337,0.0554365959,0.2731101444,0.5344034295,2.211335794,4.8873576613,5.61788e-06
OBIBOT_clean,0.0062222411,0.0310950898,0.0616648104,0.3003951665,0.5729135326,2.1322335776,3.9293379917,6.28005e-06
OBODEQ_clean,0.0057337871,0.0290602798,0.056964315,0.2813271471,0.5393475664,2.1578567165,4.2643702454,5.73456e-06
OBOGUK_clean,0.0043112097,0.0232455356,0.0459540557,0.2313360711,0.4463957418,2.0823444357,5.6001829093,4.58087e-06
OBUBIW_clean,0.0010919024,0.005359766,0.0101295438,0.0509066349,0.1023565681,0.4806015452,1.3333455106,1.03549e-06
OBUBOC_manual,0.0010103609,0.0048473136,0.0097539956,0.0487380949,0.0972145295,0.4585092543,1.2694101839,9.78525e-07
OBUFEX_clean,0.0068634888,0.0341317529,0.0679787798,0.3384030665,0.6363025301,2.525827529,4.8251670028,6.8393e-06
OBUFIB_SL,0.0047315222,0.0234591852,0.0461115121,0.2245346264,0.4074875483,1.392468561,2.2807296302,4.68531e-06
OCACUR_clean,0.007042862,0.0359238804,0.0704512661,0.342890381,0.6633689105,2.5873591707,4.84791973,7.10697e-06
OCAQOY_clean,0.0031570448,0.0164375187,0.0324815419,0.1541458171,0.2906509272,0.9116534531,1.5147398251,3.31161e-06
OCILEU_clean,0.0113473115,0.0570771595,0.1136312519,0.5194846662,0.8839975357,2.4534825728,3.5012244293,1.16789e-05
OCILIY_clean,0.002898049,0.0145936745,0.0288425847,0.1420409076,0.2818590988,1.208778487,2.7339756625,2.93196e-06
OCIMAR_clean,0.0120635376,0.057908683,0.1146394759,0.5092696554,0.8746168876,2.552897253,4.1821922043,1.17912e-05
OCIMEV_clean,0.0100919024,0.0502766962,0.1043022761,0.4507500433,0.8190709271,2.5274326131,4.2417624296,1.05063e-05
OCIMIZ_clean,0.0069875027,0.0344307201,0.0689655758,0.3203247585,0.6115991393,2.1206914565,3.9352900278,6.90805e-06
OCIMOF_clean,0.008777479,0.0443756755,0.0877863606,0.402974917,0.7300858493,2.3611233373,4.0689759158,8.92863e-06
OCIMUL_clean,0.0090112057,0.0452619857,0.088897141,0.4127567266,0.7397797221,2.3603897595,4.095000574,9.09754e-06
OCINAS_clean,0.0144823161,0.0700060368,0.1337490261,0.5363597691,0.8614496033,2.3583493334,4.1071758298,1.44799e-05
OCIZAD_clean,0.0061408309,0.0302087733,0.0609034318,0.2911830095,0.5610709468,2.0400425988,3.6579853701,6.11333e-06
OCOKUP_clean,0.0080365298,0.0395710388,0.0793568416,0.3544150126,0.6198212552,1.7615469598,2.7949989441,8.15072e-06
OCUGEZ01_clean,0.0041579061,0.0202866512,0.0407255148,0.1920343763,0.3774060838,1.4741549687,2.9480344134,4.06238e-06
OCUGEZ_clean,0.0043390197,0.0212654354,0.0427871272,0.2060514137,0.3939953199,1.5031177325,2.9371560363,4.26197e-06
OCUMIL_clean,0.0041818266,0.0204230354,0.0407351891,0.2026601893,0.3865892801,1.6211676623,3.452225599,4.12059e-06
OCUMOR_clean,0.0051738615,0.0262483732,0.05247473,0.2542677741,0.4797016801,1.9080942905,3.7136475272,5.28189e-06
OCUMUX_clean,0.0045666629,0.0222020717,0.04455691,0.2185512832,0.407282344,1.6737458553,3.4227988935,4.49049e-06
OCUNAC_manual,0.0046962142,0.023928224,0.0469588214,0.2300348044,0.4350965519,1.9002799597,4.7887328147,4.75505e-06
OCUNAE_clean,0.0041531162,0.0206596492,0.0418697472,0.2041600632,0.3924016627,1.6471625065,3.4873721491,4.20519e-06
OCUPOS_clean,0.0167856814,0.0839762356,0.1607969299,0.6912157297,1.146909966,2.4766491085,3.2288896904,1.69272e-05
OCUPUY_clean,0.0142111795,0.0701079532,0.1409004219,0.6255154119,1.0772936168,2.8920598381,4.0671633295,1.44242e-05
OCURAG_clean,0.00692454,0.0351093774,0.0691719081,0.3287213041,0.6035945112,1.9303151384,3.1543941589,6.98207e-06
OCUSIP_clean,0.0048363255,0.0239408037,0.0483301749,0.2290049751,0.4320155275,1.5197931287,2.6406310836,4.85653e-06
OCUSOV_clean,0.0086720064,0.0420567814,0.0830585504,0.392082478,0.7040117727,2.1553447228,3.3047693633,8.55471e-06
OCUSUB_clean,0.0071725834,0.0352387154,0.0709623748,0.3350798971,0.6149400767,1.9729961629,3.1605911685,7.18533e-06
OCUTAI_clean,0.0072621257,0.0369302395,0.0724381895,0.338627413,0.6103903214,1.8854137057,2.918515505,7.356e-06
OCUTEM_clean,0.0079517889,0.0395156059,0.0774323617,0.3610135043,0.6548214086,2.0667122443,3.2654383029,7.882e-06
OCUVUF_clean,0.0003737098,0.0019703682,0.00383612,0.0190183608,0.0379572803,0.1826517887,0.5083320562,3.83217e-07
ODERIZ_clean,0.0071447081,0.0338594993,0.0693341877,0.2944746597,0.5292452277,1.4174678211,2.2413019611,7.14562e-06
ODEZAB_clean,0.0092431332,0.0471191302,0.0920816741,0.4531459086,0.8470345592,3.4378222498,7.3355120945,9.32974e-06
ODIMAQ_clean,0.0010049978,0.0048650294,0.0100289729,0.0500592295,0.0975930386,0.4696474122,1.1860056181,1.00034e-06
ODIVUU_clean,0.0072263052,0.036238485,0.073109342,0.3578306451,0.6939598569,3.019038092,6.1993517033,7.295e-06
ODIXEG_clean,0.0052963776,0.0261799206,0.0504633121,0.25181473,0.4934299141,2.1791117891,5.6382437715,5.1091e-06
ODIXIK_clean,0.0070930564,0.0356509717,0.0710354577,0.3339434784,0.6399364305,2.1807498537,3.6110092606,7.25843e-06
ODODES_clean,0.0080504111,0.0396863322,0.0794640944,0.3829773914,0.7258890161,2.8509506739,5.3310624312,7.99535e-06
ODODIW_clean,0.007411035,0.0373494663,0.0741251317,0.3647048935,0.6835084029,2.7958522593,5.6347745246,7.47441e-06
ODODOC_clean,0.0052345441,0.0258841914,0.0514825888,0.2549160062,0.4941789754,2.1845305832,4.7595488558,5.16327e-06
ODODUI_clean,0.0048908867,0.023934527,0.0477490756,0.2342238367,0.4700591488,2.1565258217,5.7643605296,4.75201e-06
ODOMIF_clean,0.015196903,0.0764476014,0.1506866374,0.7117170579,1.3148938119,4.2291561708,6.572750982,1.53276e-05
ODOXEK_clean,0.0126347218,0.0613121418,0.1207628164,0.4824449033,0.7919809169,1.5733635332,1.8879634328,1.27474e-05
ODUNEH_clean,0.0070144828,0.0342989897,0.06914569,0.3317357881,0.6342408817,2.5664262487,5.2016793472,6.85683e-06
OFAMUF_clean,0.0030990873,0.0156354079,0.0310638156,0.142224843,0.2553533571,0.7119561582,1.1013923542,3.16856e-06
OFAWAV_clean,0.0021344118,0.0107936779,0.0217515414,0.1072131467,0.2146543288,1.0542291638,3.003120446,2.16737e-06
OFAWEZ_clean,0.0021303578,0.0110936712,0.0220312648,0.1079712379,0.2161796326,1.0447874827,3.0431198907,2.18398e-06
OFEHAK_clean,0.0060201489,0.0298729076,0.0597480059,0.2854269128,0.5486463114,1.9716973393,3.627761866,6.06283e-06
OFEREX_clean,0.0056761373,0.0282549798,0.0567865142,0.2784401585,0.5311181962,2.0482887726,3.8474618396,5.74517e-06
OFERUN06_clean,0.0020561904,0.010260056,0.0205932489,0.1046692882,0.2073241785,0.9735852814,2.6772414601,2.0866e-06
OFERUN_clean,0.0026890808,0.0131809709,0.0263965216,0.1311282857,0.2614388631,1.204746846,3.188055811,2.65137e-06
OFESAU_clean,0.0029795756,0.0154226103,0.0306473707,0.1442992019,0.2775671999,0.9658104575,1.7950002225,3.0703e-06
OFESEY_clean,0.003090243,0.0150232341,0.030365808,0.1463004019,0.2759281963,1.0091333509,1.8860172488,3.06348e-06
OFESIC_clean,0.0028530044,0.0142313294,0.0282105076,0.1399080758,0.2632774208,0.97450914,1.8423289573,2.89777e-06
OFOCUI_clean,0.0050241595,0.0247528857,0.0500403255,0.2513832733,0.48201416,2.2555630173,5.7116599262,5.03172e-06
OFODET_clean,0.0063384342,0.0311939461,0.061631266,0.2975331614,0.5641797561,2.0680454726,3.836965153,6.25579e-06
OFUCAV_clean,0.0059791347,0.0290173457,0.0559839589,0.2739458646,0.5168418681,1.7102862617,2.6185148699,5.80635e-06
OFUCEZ_clean,0.0034957881,0.0176396086,0.0352478366,0.1723919334,0.3376253464,1.4028854875,2.9374749477,3.52051e-06
OFUYUL_SL,0.008905295,0.045212368,0.0886781838,0.4286816965,0.8028059099,3.1633511384,5.9956846692,8.99574e-06
OGAGAF_clean,0.0055366247,0.0269262574,0.0526767454,0.2450755191,0.4422838716,1.3059206459,2.0063697024,5.34881e-06
OGAGEJ_clean,0.0057680866,0.0287552322,0.0578768274,0.2770300371,0.5493513163,2.2870420689,4.7052221969,5.75702e-06
OGAGIN_clean,0.006434072,0.0323450212,0.0634233922,0.2914758138,0.5205250835,1.3944129205,2.0124217912,6.51299e-06
OGAXUR_clean,0.0073278769,0.0364844021,0.0737715326,0.3480960076,0.6385982412,1.9982710904,3.4483025428,7.47217e-06
OGEBAF01_clean,0.0043394844,0.0217983402,0.0432137087,0.2142985927,0.4314280714,1.9594958618,5.3086152121,4.36852e-06
OGECOU_clean,0.0081758381,0.040911011,0.0802588479,0.3688514159,0.6689669238,1.9803188564,3.2087688643,8.21356e-06
OGIBOV_clean,0.2056467432,0.7694883291,1.1965095142,2.0985688085,2.3861909018,2.9822738452,3.3262851156,0.000217763
OGIBUD_clean,0.0090523097,0.0448565825,0.0914034576,0.4319908321,0.8278142425,3.1320111142,5.6804772887,9.01505e-06
OGIJIY_clean,0.0225646923,0.1094614213,0.2094415894,0.881333294,1.4116485899,2.7708088297,3.37562033,2.21763e-05
OGIKAR_clean,0.0065826648,0.0330707355,0.0657796289,0.3152980591,0.6134559766,2.6439593405,5.6048140244,6.64963e-06
OGIYUZ_clean,0.0088316896,0.0418291837,0.0814717111,0.3536916553,0.612716605,1.894822742,3.6672928075,8.77481e-06
OGOJAX_clean,0.0043681381,0.0225576678,0.0456214372,0.2271522204,0.4514365322,1.9602215683,4.9333420694,4.563e-06
OGOWAJ_clean,0.0069556894,0.0342419757,0.0680599363,0.3309824131,0.6281616139,2.4336819597,4.9618086493,6.85131e-06
OGUJIL_clean,0.0052305274,0.0255132252,0.0521296111,0.2557084254,0.4867313474,1.7882051631,3.2747457734,5.23988e-06
OGUPIQ_clean,0.007293259,0.0371459893,0.0722309702,0.319117455,0.5612191712,1.5966646203,2.4577356015,7.40974e-06
OHAKEO_clean,0.0107550664,0.0549838925,0.1073243594,0.4887416092,0.8686886843,2.4786230908,3.7149517544,1.10269e-05
OHAKIS_clean,0.0174077675,0.08629733,0.1692771369,0.7034914428,1.2051035008,2.8498646772,3.8161947907,1.75208e-05
OHAQAR_clean,0.013249414,0.0650622477,0.1279334243,0.5507903205,0.9854491443,3.114429581,5.9799992059,1.32462e-05
OHIHET_clean,0.0077057291,0.0379368811,0.0746332653,0.3328949396,0.5720864457,1.5869535282,2.2505472514,7.66992e-06
OHOMIH_clean,0.007266838,0.036146471,0.0717998493,0.3222552475,0.5502650131,1.411834121,1.9520918641,7.36842e-06
OHUMEL_clean,0.0014739415,0.0074406881,0.01473591,0.0734692371,0.1478358085,0.7090622634,2.1398265837,1.47888e-06
OJAZOP_clean,0.0022483861,0.0106936379,0.0209707287,0.1050096064,0.2042650495,0.7948524211,1.6727139766,2.14661e-06
OJICUG_clean,0.0044665094,0.0221641215,0.0430164691,0.2154030013,0.4303784615,1.9296065417,5.021350884,4.37473e-06
OJIDAN_clean,0.0034277761,0.0180075497,0.0351668217,0.17606453,0.3453856599,1.5017798911,3.7616182863,3.54486e-06
OJIFAP_clean,0.0118514584,0.0582397704,0.11747789,0.5259875558,0.9290330063,2.5763692964,3.691051414,1.18643e-05
OJIWAG_clean,0.0110032787,0.0551691919,0.1087268912,0.5233957433,0.9549506217,3.3441598712,5.7231333887,1.10213e-05
OJIWEK_clean,0.0206135824,0.1004188448,0.2006272893,0.849885942,1.5368020145,3.9832478962,5.4391149822,2.06101e-05
OJIWIO_clean,0.0082487575,0.0405473098,0.0802544246,0.3637049788,0.6423654734,1.8158858603,2.7842991475,8.12425e-06
OJONOQ_clean,0.0012042481,0.005852437,0.0120233385,0.0596764112,0.1191648762,0.5711877616,1.5171159596,1.19424e-06
OJORUC_clean,0.0109486254,0.0550151423,0.1102858855,0.5281603743,0.983948201,3.6506079632,6.8037018543,1.11302e-05
OJOSEN_clean,0.0214803482,0.1060323487,0.2059316254,0.8875465429,1.565053284,5.0762728193,9.9538059756,2.15234e-05
OJOSIR_clean,0.0243959408,0.1223045937,0.2395708205,1.0693662928,1.9493907245,5.3533859823,7.9765650196,2.44379e-05
OJUPEQ_clean,0.0087451077,0.0431602215,0.0936909899,0.3922953788,0.6929385347,2.2714008077,3.814223388,8.97576e-06
OKABAE_clean,0.0046812399,0.0228833241,0.0450165547,0.2253045164,0.4551561319,2.0445684731,5.3847015641,4.57409e-06
OKABEI_clean,0.0049697311,0.0251236928,0.0492752245,0.2410986767,0.4843513574,2.1804620443,5.6154966307,4.92231e-06
OKAYAC_clean,0.0287253624,0.1354583143,0.2541077339,0.7691768344,1.0272997463,1.4460207063,1.6768934456,2.93818e-05
OKAYEG_clean,0.030327602,0.1417886227,0.2594397936,0.7828014165,1.0424045599,1.4367934601,1.6307783894,3.09864e-05
OKAYOQ_clean,0.0140635578,0.0713141809,0.1414434005,0.6032500387,1.0228729874,2.4051663735,3.1794233156,1.45881e-05
OKAYUW_clean,0.015241535,0.0746246227,0.1461716054,0.6373694731,1.0669446996,2.4518757303,3.1885118985,1.53203e-05
OKAZAD_clean,0.0156698904,0.0774461808,0.1479944437,0.6436155459,1.0776349591,2.4734331786,3.1897317801,1.57229e-05
OKELOH_clean,0.0073628521,0.0370614708,0.0752966328,0.3686258918,0.7183480059,3.1893465744,6.7700044645,7.50333e-06
OKILEA_clean,0.0027213808,0.0134196839,0.0259277833,0.1256604851,0.2388173284,0.9533302462,2.2151170875,2.66453e-06
OKIQEG_clean,0.007153111,0.0351924861,0.0706380851,0.3238427064,0.6005360196,1.9815516689,3.1322025641,7.10464e-06
OKITAE_clean,0.004394665,0.0218854813,0.0441384219,0.1996825917,0.3637377132,1.0300280696,1.5309592568,4.46382e-06
OKIVUA_clean,0.0122002918,0.0602773128,0.1191535599,0.5596829218,1.0084647535,3.0730042595,4.7024035218,1.2046e-05
OKIWUB02_clean,0.0114114271,0.0565621272,0.1107961413,0.5268252182,0.9417768214,2.9320108654,4.5280066907,1.12176e-05
OKIYAJ01_clean,0.011806734,0.057508415,0.1148384172,0.5365102384,0.9751890041,3.0830793392,4.7717484064,1.163e-05
OKOSUE_clean,0.0047430164,0.0225927602,0.044326267,0.2187189021,0.4356165606,1.8564044865,4.4485680335,4.53006e-06
OKUJUB_clean,0.0273751894,0.1234601111,0.2271633433,0.677751834,1.0858070225,3.1506318609,6.2591697633,3.1229e-05
OKUKEM_clean,0.0213780815,0.102658433,0.1864723795,0.6784251603,1.1020181717,3.0443525294,5.8668225444,2.14523e-05
OKUKOW_clean,0.0064638081,0.0314204747,0.0628179092,0.3108911547,0.5952149273,2.4817001419,5.8369611132,6.35923e-06
OKUSUK_clean,0.0047717697,0.0227768931,0.0460934347,0.2242014013,0.4537913136,2.1443030559,6.1835808765,4.52211e-06
OKUTAR_clean,0.0055533298,0.0282930057,0.0569688163,0.275813607,0.5471079893,2.4803685632,6.2321731767,5.61332e-06
OKUTEV_clean,0.0045431501,0.02279816,0.0457797473,0.2293081253,0.4604824247,2.1662478799,6.2771261717,4.59499e-06
OLAGIR_clean,0.0091218099,0.0446938331,0.090167801,0.4141187872,0.8097624943,2.9706813205,5.1120299941,9.04515e-06
OLANAS_clean,0.0028947644,0.0140609493,0.0290516379,0.1440707927,0.2783490554,1.1754186825,2.7289789594,2.92022e-06
OLANEW_clean,0.0027233441,0.0132830042,0.0267903096,0.1338815225,0.2583806923,1.1099339623,2.5633397172,2.69647e-06
OLAQOI_clean,0.0007267235,0.0038138448,0.0075986206,0.038955285,0.0756984238,0.3644765299,0.9760535748,7.69915e-07
OLEKUM_manual,0.0051128271,0.025546505,0.051002654,0.251277821,0.482732418,2.1464926326,4.6111066888,5.13934e-06
OLICIX_clean,0.0072035012,0.0363251513,0.0714657641,0.3492128477,0.6676486212,2.5982581059,5.7927576681,7.30681e-06
OLODEA_clean,0.0041620779,0.020384336,0.0406254606,0.1977756766,0.3836334893,1.7466244966,4.0169816051,4.07048e-06
OLOGEC_clean,0.0045360784,0.0221870378,0.0437639842,0.2195870521,0.4395882437,1.9871872898,5.2723030904,4.45624e-06
OLOPEM_clean,0.0167075058,0.0831014963,0.1642390719,0.631477607,1.0533589683,2.3947070547,3.2779670938,1.73202e-05
OLOPOW_clean,0.0725352139,0.3122221659,0.5111456894,1.1798583625,1.4707957078,2.0157254615,2.3142944144,7.65415e-05
OLOYOF_clean,0.0063067258,0.0322406974,0.0634675236,0.3090783267,0.6038710254,2.6632892552,6.6155094967,6.35967e-06
OLUCAZ_clean,0.0033631165,0.0166660275,0.0331862389,0.1578870088,0.3114649662,1.1339348249,2.1137532946,3.35606e-06
OLUROC_clean,0.0305803626,0.1471520708,0.2861991959,1.1192344342,1.7877363227,3.424919822,4.3617828794,3.07117e-05
OMAMEU_clean,0.0120471796,0.0581618771,0.1148209495,0.4970432457,0.8650851756,2.1147420571,2.8027555293,1.19345e-05
OMIMEE_clean,0.0037274798,0.0188688437,0.0374940613,0.1862521758,0.3607299008,1.6414493176,4.2762037806,3.77973e-06
OMIPAD_clean,0.0159134715,0.0770900151,0.1533198695,0.5740545533,0.9277007166,2.0318915657,2.7840854766,1.63756e-05
OMIPEH_clean,0.0038320786,0.0184025725,0.0373280268,0.1843652405,0.3619287205,1.6457925174,4.3741264644,3.76096e-06
OMITUB_clean,0.0038464041,0.0188925056,0.0381273913,0.1854811991,0.3715898562,1.6567902248,4.3959041312,3.79142e-06
OMOVET_clean,0.0100794379,0.0491697611,0.0976727889,0.4664837639,0.8625610783,3.0727193234,5.5073560482,9.9909e-06
OMUMEQ_clean,0.0084702543,0.0429169149,0.0851081467,0.3738080815,0.6947513777,2.2706573087,3.9194465476,8.57249e-06
OMUMIU_clean,0.0100095175,0.0492854773,0.0965547945,0.4240694814,0.7747774893,2.4798188028,4.3090198471,9.94102e-06
OMUSAS_clean,0.0026387336,0.0139133229,0.0283806656,0.136168937,0.2729261631,1.3450630633,3.8689946626,2.72099e-06
ONEJUN_clean,0.0004570184,0.0023614906,0.0046511574,0.023408584,0.0460101805,0.2155649284,0.5902710809,4.64298e-07
ONEYIQ_clean,0.0032096303,0.0159547466,0.0321406706,0.160653148,0.3161398302,1.3842391852,3.4981269362,3.27517e-06
ONEYOW_clean,0.0041943857,0.0221080405,0.0440155906,0.2163131893,0.4236966015,1.8296718668,4.5181235163,4.41465e-06
ONUJUE_clean,0.0091979114,0.0426829436,0.0853284538,0.4079701523,0.7571984494,2.8954151693,5.0092092954,8.94554e-06
ONUKAL_clean,0.019426474,0.0952055661,0.1861030287,0.7656373662,1.2992020632,3.3244715941,5.2532536901,1.9758e-05
ONUQOE_clean,0.0094281206,0.0473076699,0.0929473496,0.4221417984,0.7993800842,2.5436699451,4.0749877374,9.5051e-06
OPAGIX_clean,0.0055416316,0.0268864127,0.0554174608,0.2738735696,0.5193179509,2.4840689956,6.0018033631,5.44042e-06
OPAHIY_clean,0.0102709784,0.0489636508,0.098814491,0.4151269796,0.7360364609,2.5854265657,5.2528340307,1.03739e-05
OPAMOI_clean,0.0053411454,0.0260187346,0.0522718722,0.252783749,0.4810185734,1.8676391879,3.671071115,5.24546e-06
OPENUT_clean,0.0030748659,0.0155548579,0.031245112,0.1493242813,0.2966470545,1.1970117584,2.636284493,3.11752e-06
OPIFUQ_clean,0.0072838404,0.0376060065,0.074678789,0.3520467013,0.6593589524,2.5861716503,5.582249381,7.46387e-06
OPINIL_clean,0.0007609459,0.0039220238,0.0076167901,0.0381440637,0.0758072214,0.3577721401,0.939925093,7.65353e-07
OPIPUZ_clean,0.0061162244,0.0298556372,0.0598087442,0.2758149166,0.4864956983,1.4478505406,2.2885323418,6.16488e-06
OPIWEQ_clean,0.012457466,0.0603501754,0.1206782053,0.5111407398,0.8888089626,2.1768291256,2.9214028241,1.24349e-05
OPIXUI_clean,0.0034474966,0.0173334689,0.0336414876,0.1692504858,0.3335224985,1.4949433058,3.7254991963,3.39591e-06
OPIYAP_clean,0.0065791591,0.0325278037,0.0646205723,0.3103855378,0.581391471,2.1619376083,4.013178301,6.57972e-06
OPOBIF_clean,0.0021543689,0.0107063124,0.0211551771,0.0957225541,0.1750819684,0.4519833198,0.6792768458,2.19007e-06
OPOZEZ_clean,0.003993572,0.0189182839,0.0379402297,0.189680416,0.3643324582,1.4311370799,3.0077220731,3.84901e-06
OPUDOT_clean,0.0130431944,0.0628485208,0.1171379369,0.418458588,0.6283861783,1.0799067144,1.3007673393,1.29022e-05
OQANIE_clean,0.0153754205,0.0737593176,0.1377210041,0.559125895,0.9184341187,2.6644250493,4.6466125178,1.52281e-05
OQEPUW_clean,0.0041937959,0.0207542748,0.0419283007,0.1979917404,0.3619301555,1.2014968858,1.9497889365,4.16191e-06
OQEROS_clean,0.0117867224,0.0585600233,0.1157128626,0.5453107707,0.9579830367,2.7685452193,4.1632554812,1.19152e-05
OQERUY_clean,0.0123704547,0.0600870669,0.1208388104,0.5493107638,0.9686796066,2.7843734446,4.1217336954,1.22361e-05
OQESAF_clean,0.0128016383,0.0620447753,0.1217712254,0.5639092597,0.9796428773,2.7057677951,3.9011020883,1.25831e-05
OQESEJ_clean,0.011616532,0.0573811435,0.1151504041,0.5282689011,0.9447559225,2.7238951473,4.1078315272,1.17303e-05
OQETEK_clean,0.0048630057,0.0250342055,0.0495649871,0.2445612424,0.477944421,1.9877159155,4.6477937411,5.01932e-06
OQIQEM_clean,0.0093692669,0.046706348,0.0906191073,0.3963617398,0.6900102818,1.7821377102,2.5644371129,9.39969e-06
OQIQIQ_clean,0.0092856004,0.0451002546,0.0891797343,0.3951521013,0.6912730034,1.8614497359,2.7155018286,9.25955e-06
OQIQOW_clean,0.0126893755,0.0622860053,0.1243177388,0.544456543,0.9327962324,2.4052798974,3.4517840735,1.27242e-05
OQIZUL_clean,0.0075248375,0.036110437,0.0719819287,0.3174096819,0.592274842,2.2035581101,5.1170147596,7.28741e-06
OQOJUB_clean,0.0051600752,0.0259744188,0.0513253444,0.2497472592,0.468159206,1.6139636674,2.7711688733,5.27338e-06
OQUCOU_clean,0.0042787184,0.0217335919,0.0425527552,0.2150816742,0.4235605219,1.9700408878,5.054785735,4.30138e-06
OQUFAJ01_clean,0.0043551694,0.0215933836,0.0425173552,0.2083388036,0.4083652665,1.8178105157,4.3027305705,4.29738e-06
OQUFAJ02_clean,0.0060684231,0.0295818521,0.0591013627,0.2814981984,0.5377921418,2.0037702034,4.0171683836,6.07151e-06
OQUFAJ03_clean,0.0040016468,0.0202112246,0.0405022768,0.2000891846,0.3853361253,1.7046103241,4.1101200978,4.0332e-06
OQUFAJ04_clean,0.0041407751,0.020310439,0.0413575732,0.2006913133,0.3935492517,1.7510609024,4.1504102611,4.12316e-06
OQUFAJ_clean,0.0038716418,0.0197938399,0.0401692814,0.1951923275,0.3853475293,1.7273600684,4.1767226001,3.96733e-06
OQUFIR_clean,0.0073364782,0.0363896119,0.0715637183,0.3294775721,0.5978219184,2.0177515653,3.8015886651,7.3291e-06
OQUFOX_clean,0.0048339325,0.0245854395,0.0501809232,0.2427591667,0.4658949192,1.8576370056,4.0121639826,4.95321e-06
OQUFUD_clean,0.010833166,0.05383969,0.1042932487,0.4577145545,0.8309445231,2.6396037478,4.9232261437,1.08843e-05
OQUGAK_clean,0.0165900477,0.0758752358,0.1493216349,0.5285108188,0.8305319086,2.0450490433,3.5733553601,1.58847e-05
OQUGUE_clean,0.0057199908,0.0280761342,0.0570973994,0.2678862368,0.4947658799,1.8821014743,3.9716089957,5.64164e-06
OQUWUU_clean,0.0008357647,0.0042090548,0.008566746,0.0406528899,0.0803297763,0.349929509,0.8029154648,8.45607e-07
OQUXAB_clean,0.0016971345,0.0085135657,0.0170072964,0.0810518108,0.1526993392,0.5732580175,1.0789855146,1.71765e-06
OQUXEF_clean,0.0016992608,0.008615966,0.0164236623,0.0797579111,0.1493120481,0.5551142908,1.0555109302,1.68247e-06
OQUXIJ_clean,0.0017004126,0.0083864425,0.0167893569,0.0807376042,0.1480448632,0.555266752,1.0342731039,1.70854e-06
OQUZIL_clean,0.001711019,0.0085642938,0.0169470602,0.0823732975,0.1528746378,0.5654331986,1.051921577,1.72748e-06
ORAGEU_clean,0.0002482083,0.0012548548,0.0025343146,0.0127065382,0.0250504765,0.115073684,0.2835738806,2.54581e-07
ORAGOF_clean,0.0026872114,0.0134217378,0.0265547078,0.1331327088,0.2646378171,1.2217766877,3.2070865418,2.68882e-06
ORAQUU_clean,0.0081935207,0.0410053361,0.081543454,0.3872340234,0.7273688974,2.8694701673,5.8872249699,8.23958e-06
OREZES_clean,0.0007249184,0.0035695696,0.007052479,0.036423365,0.0717105202,0.3551618538,0.9372712999,7.23343e-07
OREZUI_clean,0.0581673136,0.2556682224,0.44919274,1.1979426368,1.541562717,2.2411060927,2.6461936447,6.00504e-05
ORIBAU_clean,0.0068362305,0.0337731287,0.0658848432,0.3220382528,0.6213371214,2.5076041052,5.2375396263,6.69049e-06
ORIVOC_clean,0.0036453905,0.0179978333,0.0361145008,0.1831372723,0.3498095877,1.6587099636,4.0521388102,3.60069e-06
ORIVUI_clean,0.0036803995,0.0181139509,0.0355929505,0.1771585781,0.3487060406,1.6703324336,4.1792154107,3.60906e-06
ORIWAP_clean,0.0033381638,0.0172918487,0.0340022567,0.1710735478,0.3338591178,1.5806227755,4.0421298968,3.41974e-06
ORIWET_clean,0.0030430205,0.0151621011,0.0305362084,0.1492405098,0.294946364,1.4076830203,3.6900736103,3.0099e-06
OROKEN_clean,0.002305254,0.0116065076,0.0234564326,0.1140014361,0.226812831,0.9686673654,2.2195764338,2.32285e-06
OROLUD_clean,0.0078977461,0.0394900759,0.0793501484,0.377147648,0.6948321297,2.3224607258,3.6537919905,8.01371e-06
ORUKET_clean,0.0051111821,0.0256887509,0.0506152524,0.2513588289,0.4986249167,2.0674826669,4.7888392453,5.13346e-06
ORUKOD_clean,0.0081267477,0.0386971618,0.0759978491,0.3263999217,0.5497540877,1.453782582,2.1328755636,8.09824e-06
ORULEU_clean,0.010345416,0.053203983,0.104120965,0.473592202,0.8244694974,2.2803626333,3.1981267287,1.05521e-05
OSAVEK_clean,0.0060787991,0.029624708,0.0592698215,0.288711328,0.5590556636,2.147436274,4.1214380232,6.00275e-06
OSAVUA_clean,0.0056451224,0.02941344,0.058618128,0.2849110928,0.5554153627,2.4001384645,5.282755546,5.83149e-06
OSAWEL_clean,0.0144832672,0.0736732579,0.1447885696,0.6449684675,1.1201245962,2.9699804962,4.2704777795,1.48879e-05
OSIKIL_clean,0.0037754652,0.0189510578,0.0384794622,0.1856258317,0.3560398632,1.5929257092,3.5872738872,3.81552e-06
OSIKUX_clean_h,0.004388394,0.021118445,0.0423538497,0.211355884,0.4026940264,1.8311491057,4.2338909308,4.27403e-06
OSIWUJ_clean,0.0025942232,0.0130062959,0.0256256145,0.1210796382,0.2221578834,0.6903198499,1.1011342764,2.58349e-06
OSIXEU_clean,0.0025261334,0.012649959,0.0256074572,0.1216856378,0.2165540889,0.6914024785,1.088312958,2.58093e-06
OSIXIY_clean,0.0025627317,0.0126851388,0.025380491,0.1175979773,0.2163444289,0.6818815318,1.0932701827,2.57039e-06
OSOTIB_clean,0.0082940024,0.0415198328,0.0826292358,0.3960243783,0.753691368,3.1202720148,7.4745212409,8.25769e-06
OSOTUN_clean,0.0150996637,0.0739802692,0.1464661468,0.6575362381,1.1677921028,3.4995555554,5.4048180739,1.53189e-05
OSUVIJ_clean,0.0048258232,0.024041266,0.048109183,0.2309515192,0.4310548843,1.6232809653,3.0670193953,4.82109e-06
OSUWEF_clean,0.0212943578,0.1038179161,0.199927707,0.7481196056,1.1529641621,2.0698664471,2.6492789005,2.16893e-05
OTABES_clean,0.0110426582,0.0552010624,0.108638112,0.5216983433,0.9838635515,3.8086103824,7.8548824942,1.10553e-05
OTALUS_clean,0.0028913485,0.0143398624,0.0287851086,0.1423102967,0.2802260886,1.2616367679,3.3306965033,2.86936e-06
OTAQAD_clean,0.0125538863,0.0630054873,0.1260699886,0.5796596035,1.0411195394,3.8123496953,7.7303424895,1.26315e-05
OTATOT_clean,0.0029146514,0.0144954857,0.0281460937,0.140216118,0.2777084776,1.1996821702,2.7958647461,2.84829e-06
OTAVAH_clean,0.0028857264,0.0143400039,0.0282014169,0.140767789,0.2771573569,1.2225429446,2.8228625692,2.85209e-06
OTAVOV_clean,0.0028451545,0.014436186,0.028550348,0.1448119614,0.2844203091,1.2452518633,2.8989252012,2.90418e-06
OTAVUB_clean,0.0028815206,0.0144129691,0.0290083808,0.1416434624,0.2784557721,1.2124440706,2.8434276699,2.86465e-06
OTAWIR_clean,0.0102606034,0.0503378995,0.1010677365,0.4892035493,0.926503715,3.8999355068,8.0296414701,1.01366e-05
OTECAT_clean,0.0054728945,0.0281382359,0.0554420209,0.2782390309,0.5365133068,2.5629945483,6.7200261608,5.58982e-06
OTEGUR_clean,0.0116940496,0.0584932053,0.1173766831,0.5673521275,1.0929203668,3.9652823393,6.1279786732,1.16259e-05
OTEHAY_clean,0.0100799811,0.0492714706,0.0985270477,0.4855520562,0.9322128327,3.6065882939,5.8841448475,9.9388e-06
OTIBUQ_clean,0.0268837599,0.1319408625,0.2566931423,1.0187998292,1.6578137981,5.1411797453,9.0412895938,2.79119e-05
OTIJAE_clean,0.0027480805,0.0138497426,0.027766547,0.137446303,0.2673109654,1.2819037431,3.3858072015,2.76701e-06
OTIPAK_clean,0.0158138653,0.0765148664,0.1546677592,0.6638832858,1.1769457956,2.9511776605,4.0925943678,1.58552e-05
OTIPEO_clean,0.0165678236,0.0816751056,0.1624227987,0.6988455206,1.213436805,3.1419335151,4.4425368765,1.67543e-05
OTIPUE_clean,0.013212496,0.0652709481,0.1279550653,0.5415557705,0.893959743,1.9573160366,2.5353466464,1.33206e-05
OTIQAL_clean,0.0094018555,0.0471397762,0.0937338296,0.4380750558,0.8039110392,2.5026612201,3.9893268961,9.49102e-06
OTODEI_clean,0.0036996385,0.0181366978,0.0358003542,0.1771271638,0.3419025753,1.4503522715,3.1768657199,3.58739e-06
OTODOS_clean,0.0043400002,0.0216018813,0.0440434627,0.2137723824,0.4028805083,1.654873492,3.3683504142,4.37972e-06
OTOLIU_clean,0.0058211084,0.0288128732,0.0574310182,0.2856306795,0.5535802609,2.6676415853,6.7904531018,5.74921e-06
OTOVAW_clean,0.0114249398,0.0557515167,0.1068923029,0.4582552041,0.7572759744,1.6970909486,2.1842422937,1.12576e-05
OTOVIE_clean,0.0111553681,0.0570547947,0.1124820223,0.4929440578,0.8291732681,2.0753431235,2.8746872801,1.15206e-05
OTOZAA_clean,0.0207648009,0.1020627043,0.1968528725,0.8548088071,1.5064037558,4.6369866223,8.0436080288,2.07568e-05
OTUDEO_clean,0.0042775439,0.021355845,0.0434001769,0.2114547398,0.4061477976,1.6670627598,3.7714656007,4.32417e-06
OTUDIS_clean,0.0042966685,0.0218913348,0.0435786735,0.2099141441,0.4116918174,1.6812128665,3.7868354342,4.35556e-06
OTUXUX_clean,0.0275042997,0.1319274213,0.2535247824,0.9851698165,1.5554313243,3.1635922557,4.1487980833,2.74322e-05
OTUYEJ_clean,0.0022173066,0.0116035855,0.0229746342,0.1159483116,0.2251735744,0.9954899691,2.3067156469,2.31982e-06
OVADAR_clean,0.0191901454,0.0960335219,0.1876872065,0.7860375643,1.3619422908,3.2953498587,4.6213112478,1.9515e-05
OVEDAW_clean,0.0028490328,0.0150583002,0.0297650566,0.1491218027,0.2965775937,1.3968361719,3.9558943294,2.99322e-06
OVEHUT_clean,0.0060042186,0.0313613203,0.0628211653,0.3102923365,0.5969720402,2.6319167589,5.632165668,6.27274e-06
OVEJIJ_clean,0.0053941981,0.0265453036,0.0524764486,0.2454863798,0.4748275349,1.7096715821,3.2741758704,5.25771e-06
OVEXOD_clean,0.0024469375,0.011687121,0.0231558194,0.1086335562,0.1978063599,0.6379803176,1.076860851,2.3711e-06
OVICUS_clean,0.0108328553,0.0537283719,0.1055462355,0.4467911415,0.7381311829,1.7121428708,2.3758837976,1.10948e-05
OVIWIA_clean,0.0026313281,0.0131863666,0.025957666,0.1278230912,0.2472556589,0.9391815388,1.7281428707,2.63495e-06
OVIWOG_clean,0.000864448,0.0042265545,0.0083546899,0.0421556439,0.082076627,0.3540310794,0.8300756254,8.56663e-07
OVIZID_clean,0.0059794449,0.0298327351,0.0589793044,0.2765132112,0.5208308007,1.8317299341,3.1385894598,5.97637e-06
OVUCOY_clean,0.0022703645,0.0113700342,0.02302278,0.111776863,0.2139874956,0.8052110638,1.5516155232,2.31808e-06
OVUDAL_clean,0.0019573005,0.0099764224,0.0196311086,0.0977548904,0.1910219517,0.7926937063,1.7206796328,1.98687e-06
OVUNIE_clean,0.0246227466,0.122644767,0.2471817092,1.094244155,2.0375669407,6.1914748525,9.942500312,2.49526e-05
OVUVIL_clean,0.016660015,0.082465816,0.1620281786,0.7596401622,1.4036706214,4.3608242469,6.5401930628,1.64607e-05
OWAVIS_clean,0.0047269707,0.0238620609,0.0471999597,0.2387949778,0.4541907638,2.1806594844,5.5312542582,4.74581e-06
OWAVOY_clean,0.0089593225,0.0446288968,0.0882639237,0.4358657579,0.8164599295,3.1393697814,6.114173353,8.96346e-06
OWETIU_clean,0.000598531,0.0029686647,0.0058327556,0.0285689377,0.0568936648,0.2381224615,0.567346512,5.87291e-07
OWEYOF_clean,0.0182709058,0.0916003731,0.1831916967,0.8097718523,1.4804260056,4.2742502047,6.5534393669,1.87161e-05
OWIHEJ_clean,0.0107280808,0.0536209789,0.1059333968,0.5204099308,0.9931677573,3.775809421,6.0573711248,1.06105e-05
OWIHIN_clean,0.0108022503,0.0552368133,0.107264915,0.5269968841,1.0175483143,3.8292644016,6.0715869356,1.09094e-05
OWIHOT_clean,0.0111236512,0.0542620149,0.1092392351,0.5319150249,1.0121975184,3.834134862,6.0901451911,1.08993e-05
OWIHUZ_clean,0.010925866,0.0524360337,0.1057197182,0.5121612286,0.9849843948,3.766103819,6.0377674334,1.05417e-05
OWIJAH_clean,0.0105267638,0.0534585125,0.1063413288,0.5213882611,0.9899307906,3.7740876302,6.0513898886,1.05579e-05
OWIJEL_clean,0.0105232319,0.0526267551,0.104070331,0.5111475795,0.9683245241,3.7714952314,6.0833728141,1.048e-05
OWIJIP_clean,0.0106698049,0.0530435168,0.1061506074,0.5204999937,0.978208486,3.7754385738,6.1026321474,1.0564e-05
OWIJOV_clean,0.0109806102,0.0545798839,0.1051934683,0.5247188225,0.999742349,3.8077340705,6.1063317901,1.06987e-05
OWILAJ_clean,0.0047845206,0.0230837782,0.0455602903,0.2176159433,0.4160846034,1.6983897851,3.9281573174,4.62145e-06
OWIYUP_clean,0.0077725444,0.037191726,0.0739887285,0.3427857881,0.6290980455,2.3102149366,4.7963905953,7.49058e-06
OWIZAW_clean,0.0043505059,0.0216115977,0.0439002812,0.2198782458,0.4311841568,2.0163308184,5.7631825986,4.3794e-06
OWUWOU_clean,0.0056043188,0.0279790777,0.0562893349,0.2683080209,0.5112349334,1.8753623782,3.3713071155,5.65722e-06
OWUWUA_clean,0.0071434932,0.0356921997,0.0713775086,0.3284996223,0.6166855953,2.0465476397,3.3384759507,7.15664e-06
OXALAB_clean,0.0059592806,0.0282151874,0.056305542,0.2783920288,0.5511279424,2.4279714172,5.6548876836,5.67515e-06
OXALEF_clean,0.0059597061,0.0295047419,0.0585807927,0.2887159811,0.5696585628,2.4995570771,5.8030239397,5.9124e-06
OXALIJ_ion_b,0.004150188,0.0205534344,0.0402886302,0.1997297234,0.3953733841,1.7225101545,4.0504014161,4.05563e-06
OXALOP_clean,0.0099214062,0.0490920426,0.0970122243,0.452724589,0.854402282,2.9444873262,5.3337174805,9.94073e-06
OXALUV_SL,0.0062486548,0.03084025,0.0630803841,0.3075304703,0.5956908241,2.6646090134,6.4453001747,6.21714e-06
OXAMEG_clean,0.0075513863,0.0370249514,0.0730098296,0.3446632997,0.655459087,2.2029287779,3.8665951148,7.48007e-06
OXANOR_clean,0.010175668,0.0502981297,0.09856907,0.4744006218,0.8899787044,3.2474694636,5.6662511382,9.99139e-06
OXANUX_clean,0.0102665522,0.0507788463,0.1024983563,0.4807684611,0.9026901836,3.2522049033,5.5572307578,1.02796e-05
OXAPAF_clean,0.0096093729,0.0482891756,0.0959871118,0.4556947388,0.8536861628,3.0805129393,5.2449729474,9.63492e-06
OXEVOE_clean,0.00716112,0.0364084911,0.0713802622,0.3292255439,0.6041827143,1.9317918271,3.3016993704,7.23004e-06
OXITOF_clean,0.0025286428,0.0133757704,0.0268265615,0.1321955054,0.2626302281,1.1388027618,2.674933422,2.66767e-06
OXOLAP_SL,0.0136125029,0.0642106187,0.1205996648,0.4447761528,0.6888240529,1.8331729231,3.9368989753,1.36016e-05
OXOZUY_clean,0.010444533,0.0524688774,0.1031937507,0.4621836658,0.856700997,2.8605997085,5.2038334084,1.04812e-05
OXUPUT_clean,0.0030182756,0.0148088303,0.0297240316,0.1418149106,0.2751583725,1.0651446517,2.2455854383,2.97536e-06
OYAJIJ02_clean,0.0064949062,0.0324939409,0.0640109193,0.3131382192,0.5905992817,2.4356101644,4.9320757606,6.44622e-06
OYAKAC02_clean,0.0058661208,0.0288941151,0.058443877,0.2784279744,0.5360834523,2.2822460911,4.7401306341,5.82894e-06
OYEJOS_clean,0.0035601582,0.0176341691,0.0355775147,0.1762824475,0.3486011411,1.6041761968,4.1426597331,3.51616e-06
OYERER_clean,0.0026820702,0.0140694553,0.0280732856,0.1409656137,0.2824590815,1.3480027618,3.9239913517,2.85872e-06
OYERIV_clean,0.0108023854,0.0513023989,0.0989435051,0.4146892701,0.6887160198,1.9856181985,3.7909484577,1.04911e-05
OYEROB_clean,0.003830779,0.019851155,0.0393578305,0.1973037965,0.381294633,1.7300041577,4.4341121985,3.94663e-06
OYERUH_clean,0.0111306646,0.0543429873,0.1048025161,0.4093012738,0.6923061056,2.0081196195,3.88901174,1.12685e-05
OYEWEW_clean,0.0074400553,0.0367232552,0.0728585537,0.3614121507,0.7130102325,3.109784119,7.8547718489,7.34198e-06
OYEWIA_clean,0.0080203316,0.0395101883,0.0798856125,0.3899341258,0.7584638014,3.0779923782,7.0474312667,7.95602e-06
OYIVEY_clean,0.0057319651,0.0286462389,0.0575574219,0.2839810847,0.5448203154,2.3173188707,5.039927589,5.78887e-06
OYIVIC_clean,0.0058091834,0.0294773765,0.0584022365,0.2826323698,0.5368613558,1.9878612734,3.6779533976,5.94383e-06
OYIVOI_clean,0.0056379659,0.0277295044,0.0558595869,0.2631010033,0.4903645314,1.7582673,3.1629382687,5.59024e-06
OYOSAX_clean,0.0081300332,0.0408925718,0.0794772069,0.3769586188,0.6745750231,2.1776121835,3.4316694369,8.06776e-06
OYOVOP_clean,0.0044447804,0.0219238587,0.0441043062,0.2069554322,0.3944846081,1.3933952053,2.6037743009,4.42402e-06
OZASOZ_clean,0.006536068,0.0334007483,0.0673647249,0.3273832991,0.6101262896,2.5134438193,5.5324618461,6.81999e-06
OZAVES_clean,0.0072195942,0.0346609892,0.0702609716,0.3344475765,0.6399523598,2.3135504198,4.2274564131,7.02289e-06
OZAVOC_clean,0.0075215507,0.0372957699,0.0728845212,0.3557339462,0.6585099035,2.3868872455,4.1396930582,7.45393e-06
OZAVUI_clean,0.0054831506,0.0276129656,0.0541153992,0.2631378863,0.5076343537,1.9020777995,3.5794757425,5.44438e-06
OZUKOL_clean,0.0032634796,0.0162500038,0.0326450765,0.1607660643,0.3195582774,1.5162832142,3.9530721424,3.23674e-06
OZUKUR01_clean,0.0028609533,0.0145266972,0.0286704773,0.1428521799,0.2855364743,1.348143731,3.6792445381,2.87223e-06
OZUKUR_clean,0.0031218375,0.015723415,0.0322327152,0.1575060115,0.3138172034,1.501809448,3.9315265519,3.20659e-06
OZULAY_clean,0.0031755244,0.0159198863,0.0313771512,0.15511523,0.3062359244,1.472971574,3.8570742114,3.14225e-06
OZULUS_clean,0.0031774173,0.015483207,0.031416995,0.1559053348,0.301724056,1.4470359819,3.6186606251,3.13182e-06
OZUMAZ01_clean,0.0030978522,0.0156553099,0.0313547266,0.1544316497,0.3069589246,1.4490795957,3.619524599,3.1376e-06
OZUMAZ_clean,0.0030649883,0.0152592138,0.0307415559,0.1530902849,0.3021391786,1.4255611725,3.571729289,3.08184e-06
OZUMIH_clean,0.0032370912,0.0160989721,0.032665822,0.1617404014,0.3167497633,1.4963983796,3.7164773399,3.25562e-06
PACGIM_clean,0.0082582582,0.0398223686,0.0791682235,0.3842695794,0.7214049959,2.8835747817,5.6299700624,8.04693e-06
PACHUZ_clean,0.0020117776,0.0095324041,0.0186802232,0.0913827076,0.1766584702,0.6567187225,1.281973085,1.90437e-06
PACZOK_clean,0.0016762174,0.0081727119,0.0163904778,0.0817112472,0.1635725041,0.7834585933,2.1998684535,1.64349e-06
PACZUQ_clean,0.0007508112,0.0039174745,0.0076829583,0.0377199768,0.0755702314,0.336930233,0.8282818708,7.66289e-07
PAFMUH_clean,0.0059568226,0.0283320491,0.0572318357,0.2591536189,0.4640838806,1.2373636421,1.7603967202,5.8824e-06
PAHPOG_clean,0.0069302504,0.0357107712,0.0705924154,0.3457985901,0.661926379,2.8002890656,5.7216761865,7.12116e-06
PAJSAX_clean,0.0040908507,0.0207552817,0.0403551721,0.202973013,0.3979505096,1.6984477845,3.977730248,4.12318e-06
PAKFAL_clean,0.0008606367,0.0041852126,0.0083062441,0.0405098259,0.0780777169,0.2982075509,0.5943276912,8.41544e-07
PAKFEP_clean,0.0009946979,0.0050268181,0.0099214736,0.0492904867,0.0943641346,0.3679732885,0.7301739287,1.01924e-06
PAKXIK_clean,0.0056242589,0.0275568765,0.0557551974,0.2654743157,0.5049216597,1.9000101122,3.5552102459,5.58436e-06
PALTIH_clean,0.0033553945,0.0167914877,0.0336821615,0.1705372616,0.3296511829,1.4758220203,3.8040424667,3.3877e-06
PALTON_clean,0.0103279908,0.0517334968,0.1025060526,0.4814655035,0.905987452,3.1962275572,5.9183837549,1.04397e-05
PAMHIW_clean,0.0097851265,0.0464883231,0.095340618,0.4613130879,0.8620367224,3.3215222657,6.168134315,9.52084e-06
PAMTII_clean,0.0073209612,0.0356964606,0.0683015114,0.3089783823,0.5523239246,1.8740316617,4.2170405868,7.13343e-06
PAMTOO_clean,0.0067439004,0.0338246017,0.0677718197,0.2960769332,0.53526206,1.8331804291,4.2160631855,6.81717e-06
PAMTUU_clean,0.0067022909,0.0330989042,0.0657124549,0.2918121883,0.5377430254,1.8377315552,4.2033777269,6.69625e-06
PAMVEG_clean,0.0013663778,0.0070851534,0.013829494,0.0681422285,0.1312801375,0.5437292394,1.1680419364,1.37514e-06
PAPROO_clean,0.002917179,0.0149473247,0.0291621372,0.1382346006,0.2636336137,0.9312868611,1.737673418,2.93906e-06
PAPRUU_clean,0.0028305989,0.0137801349,0.0273721605,0.1309375949,0.244237692,0.819312832,1.4944554668,2.80269e-06
PAPVAF_clean,0.0040884118,0.0209275835,0.041143786,0.2062179784,0.4110186047,1.876844759,4.8513489793,4.1873e-06
PAPXUB_clean,0.0097690375,0.0496089047,0.0957405497,0.399294653,0.6587067579,1.5400847102,2.072842136,9.78181e-06
PAQMAY_clean,0.0037128673,0.0185317677,0.0368308996,0.1819677217,0.3570796664,1.5873322128,4.053739276,3.68103e-06
PAQMEB_clean,0.0015546832,0.0078668382,0.0157539472,0.0775455551,0.1537796767,0.6660072614,1.5625580063,1.57886e-06
PAQTIM_clean,0.0077167954,0.0382593536,0.0754487875,0.3249175724,0.5401027278,1.2921565356,1.7810636088,7.82853e-06
PAQTOS_clean,0.008642445,0.0432928011,0.0837511401,0.3544169214,0.6085022044,1.3962084296,1.9062335475,8.62425e-06
PAQVEK_clean,0.0135291873,0.0678957062,0.1347606965,0.5929747057,1.0546638428,2.8264095813,4.0890199472,1.37722e-05
PARHAS_clean,0.0031681998,0.0156713496,0.0308337514,0.1548600775,0.3113403053,1.4839135152,4.042266631,3.13736e-06
PARHEW_clean,0.0030112742,0.0162778456,0.0323521121,0.1619598986,0.317515538,1.5596067697,4.4758816339,3.21677e-06
PARKUQ01_clean,0.0057723955,0.0295357133,0.0590540398,0.2837753948,0.5572056833,2.4227087167,5.2480289772,5.81249e-06
PARMIG_clean,0.0862131412,0.4093611821,0.7494684455,2.2946484406,3.1801823491,4.5818262103,5.1082695998,8.90105e-05
PARNIH_clean,0.0036975973,0.0182236977,0.0360485149,0.1798290115,0.3526470262,1.5417169944,3.8540122909,3.64055e-06
PARNON_clean,0.0052481277,0.0263285958,0.052057778,0.255864956,0.4925437866,2.0571829787,4.5742302946,5.26503e-06
PARSAF_clean,0.0170216156,0.0845146552,0.1674043034,0.7135790841,1.2680236839,3.7398470767,6.0451148656,1.73342e-05
PARSEJ_clean,0.01584329,0.078452061,0.150881745,0.6529574685,1.160812477,3.4876882162,5.7799233585,1.60458e-05
PASMUT_clean,0.0043661107,0.021462949,0.0432341699,0.2114693803,0.3980590235,1.5136048264,2.8778151453,4.37385e-06
PASNAA01_clean,0.0047500363,0.0229677767,0.045714411,0.2248410843,0.4256759277,1.6756273404,3.2298927417,4.61347e-06
PASNAA_clean,0.0045159615,0.0226405893,0.0443306541,0.2182688861,0.4173953717,1.6424727857,3.2079892939,4.48174e-06
PASTOU_clean,0.0028057641,0.0138031819,0.0270766042,0.1292212205,0.2474414557,0.8779481878,1.6627246747,2.76156e-06
PATNAB_clean,0.0015590821,0.0079364615,0.0159406274,0.0794830977,0.1580239757,0.7558426398,2.1165997421,1.60023e-06
PATWOY_clean,0.0088082978,0.0433023992,0.0880999966,0.411485844,0.7692855627,2.6106306809,5.0792564303,8.94467e-06
PAVLOO_clean,0.0243702808,0.1185211914,0.2303819581,0.9295519395,1.5911569036,3.4093697104,4.3490425576,2.40641e-05
PAVMAB_clean,0.021746855,0.1101547777,0.2142935538,0.8984159089,1.5091183759,3.3363073731,4.3142326223,2.22266e-05
PEBNEP_clean,0.0045243139,0.0226862028,0.0442716238,0.1985628481,0.3473127977,0.9293465991,1.3356471597,4.55946e-06
PECLEP_clean,0.013080311,0.0637873738,0.1258907449,0.564442697,0.9975154272,2.635129417,3.7137621804,1.29898e-05
PEDMER_clean,0.0067766881,0.0335408067,0.0666395054,0.3073231509,0.5492806203,1.6242830258,2.5333995672,6.78194e-06
PEDMOB_clean,0.0032911619,0.0157951257,0.0316552167,0.1564325424,0.3024044607,1.1378766415,2.1312240827,3.19687e-06
PEDRIA_clean,0.0031149343,0.0158810917,0.0313715483,0.1569257222,0.3082638408,1.5284150558,4.4445140597,3.13581e-06
PEFJUF_clean,0.027534691,0.1414736372,0.2838363484,1.2381321137,2.1862021433,5.2826520845,7.4217244325,2.85931e-05
PEFRID01_clean,0.0083877221,0.0408769634,0.0828236858,0.3773967952,0.6865399213,2.2454039554,3.8087356277,8.28098e-06
PEFRID_clean,0.0052291444,0.0256331505,0.0514396932,0.2503038437,0.4896809353,2.0767779892,4.7178777034,5.14337e-06
PEFRUP01_clean,0.0078715334,0.0400090421,0.0783511241,0.3636394277,0.6678756438,2.2317202952,3.8356070076,7.93435e-06
PEFRUP_clean,0.0050654173,0.0260565065,0.0518443583,0.2539222392,0.4911698752,2.0517251321,4.6039810306,5.21884e-06
PEFSUQ_clean,0.0013159055,0.0063015191,0.0128934024,0.0629595898,0.1219652852,0.552842468,1.2867146073,1.26621e-06
PEGBAG_clean,0.0028500701,0.0139355924,0.028249182,0.1362902662,0.25683544,0.9063366657,1.6152567509,2.79389e-06
PEGBUA_clean,0.0035845057,0.018672774,0.0353233348,0.1705370995,0.3176383728,1.0445571609,1.741525061,3.61309e-06
PEGCAH_clean,0.0052359079,0.0260458752,0.0516404533,0.2387634373,0.4374879169,1.3482843746,2.1449961048,5.21829e-06
PEGCEL_clean,0.00533939,0.0269024772,0.053346471,0.249149018,0.4580707984,1.4689244071,2.3899569714,5.31334e-06
PEGCIP_clean,0.0100654426,0.0496212713,0.1003566467,0.4633928502,0.8400165027,2.6572871069,4.1713442758,1.0077e-05
PEGPOI_clean,0.0054902219,0.0275963961,0.0544889589,0.2334103017,0.3990532498,1.0289541059,1.5238941373,5.55055e-06
PEGQID_clean,0.0029983709,0.0148999648,0.0294411824,0.1315192212,0.2412178045,0.6674194838,1.085051512,2.98739e-06
PEGQOJ_clean,0.0031275241,0.0150366552,0.0304050934,0.1369349753,0.2397363677,0.6754275215,1.0587858567,3.11437e-06
PEGQUP_clean,0.0031071306,0.016235611,0.0318871108,0.139217255,0.2509678657,0.6712645941,1.0415387146,3.25222e-06
PEHQID_neutral,0.004123126,0.0199454643,0.0388317454,0.1896649442,0.3569906471,1.2753759422,2.2460949867,3.97021e-06
PEHTON_clean,0.0019723439,0.0098412805,0.0196493479,0.0954151147,0.1925607143,0.786778695,1.6900730071,1.98091e-06
PEJFOA_clean,0.0983467258,0.4025519998,0.6501073246,1.5130380882,1.9490731617,2.9079790227,3.3868705449,0.000103228
PEJFUG_clean,0.0527229058,0.2419887361,0.4217748938,1.2567118596,1.7537672706,3.0049606131,3.7042465642,5.49641e-05
PEJMOI_clean,0.0027319321,0.0145038445,0.0278835243,0.1330798785,0.2500750118,0.9327822969,1.9426540048,2.81814e-06
PEJMUO_clean,0.00266652,0.0135564486,0.0266606627,0.1348982341,0.2645118279,1.3321248829,3.7722258875,2.67397e-06
PEJNUP_clean,0.0049918857,0.0248702423,0.0502373798,0.2472372191,0.4992242468,2.2845407056,5.8898645533,5.00928e-06
PEKCUF_clean,0.0053568233,0.0269201047,0.0523810953,0.2641676546,0.5151150734,2.3306463346,5.6533359243,5.27944e-06
PEKDAM_clean,0.0058854613,0.0296894813,0.0597317963,0.291692967,0.5729724409,2.5009167472,5.8007248299,5.95869e-06
PEKDEQ_clean,0.0063817177,0.0312688392,0.0623694156,0.3141221313,0.6085802992,2.7222714499,6.1535708394,6.32496e-06
PEKVUY_clean,0.0074831168,0.0373264991,0.0719003803,0.3239280693,0.5591167438,1.4508468169,2.0808539805,7.49623e-06
PEKZIP_clean,0.0052465684,0.0253628005,0.0505545173,0.2338700252,0.4246942088,1.2437934912,1.8370973167,5.14171e-06
PELGOE_clean,0.0088604666,0.0432611057,0.0859224466,0.3973520185,0.7503058306,2.4230098715,4.0134792393,8.81524e-06
PELQII_clean,0.0057689082,0.0293133305,0.0577398095,0.2796643563,0.5344181542,2.2072266184,5.3556231512,5.81596e-06
PELRIJ_clean,0.0049257439,0.02499815,0.0494421539,0.2458609262,0.4815625057,2.1724093356,5.7131808403,4.97951e-06
PELXIP_clean,0.0057298545,0.0278079465,0.0551835329,0.251715896,0.4481061607,1.2898289781,1.9524325409,5.65371e-06
PEMGEV_clean,0.0119861771,0.0579710845,0.1143137573,0.5041116753,0.9068255024,2.3699105131,3.3335730111,1.16543e-05
PEMREG_clean,0.0039936866,0.0197583274,0.0396965052,0.1987968439,0.39140818,1.761000641,4.5879441366,4.00466e-06
PEMRIK_clean,0.0121391067,0.059243604,0.1150795252,0.5342245119,0.9381448511,2.8151338001,4.3962803071,1.19892e-05
PENNAZ_clean,0.004555519,0.022072613,0.0440621912,0.2158173062,0.4248062184,1.7947442407,4.2251559661,4.49437e-06
PENNIH_clean,0.006411774,0.0313730865,0.0630556861,0.3010974757,0.5561139288,2.1472372812,4.0966482206,6.29915e-06
PENNON_clean,0.0044928395,0.0215143899,0.0435474247,0.2151157797,0.4303377878,2.0100270232,5.608100963,4.30861e-06
PENNUT_clean,0.0053541703,0.026408791,0.0527981281,0.2553800884,0.4745476558,1.7475043419,3.096986539,5.33093e-06
PENYIR_clean,0.0063856517,0.0330247617,0.0621966719,0.2833170457,0.4810989972,1.4613395591,2.6081134006,6.54328e-06
PENZIS_clean,0.0047406658,0.0246801202,0.0486589285,0.2361210808,0.4428819206,1.7741361587,3.3098414485,4.87135e-06
PEPBAO_clean,0.0059640482,0.0289597139,0.0574139036,0.2686477095,0.4841387096,1.377384143,2.0986221674,5.87722e-06
PEPFAT_clean,0.0062450184,0.031129501,0.0617810463,0.2979033383,0.5722021433,2.5166565601,5.744661954,6.20491e-06
PEPKOL_clean,0.0110057037,0.0539774118,0.1076410083,0.4559609135,0.762336885,1.8459950532,2.5431365016,1.11123e-05
PEPKUR_clean,0.0133155715,0.0646996317,0.1283108257,0.5249944639,0.9285330433,2.1919374278,2.9295015635,1.32748e-05
PEPLAY_clean,0.0059491313,0.0294625364,0.0584399814,0.2894714938,0.5631694042,2.3519446163,4.898558731,5.90548e-06
PEPLEC_clean,0.0054874831,0.027096589,0.0538216955,0.2680012429,0.526282626,2.2925524853,5.163252697,5.39444e-06
PEPLIG_clean,0.005579452,0.0275113511,0.0554879572,0.2704916189,0.5323994655,2.2357084364,4.8118031206,5.51949e-06
PEPLOM_clean,0.0075829334,0.0382050004,0.075508344,0.3594508785,0.6611091651,2.2243259214,3.7964853095,7.69531e-06
PEQFAT_clean,0.0017656837,0.0086788775,0.0173358041,0.0865404547,0.1727063705,0.821712449,2.3608179525,1.73388e-06
PEQRUZ_clean,0.0209481566,0.1020958926,0.2016777721,0.8383892173,1.4166259267,3.2229356195,4.2066277675,2.09334e-05
PEQWAK_clean,0.0070234816,0.033950376,0.0690968147,0.328795321,0.6248982609,2.2601850253,4.1105637367,6.94322e-06
PESTUD_clean,0.0135360589,0.0658020687,0.1327602378,0.5380452173,0.9255290485,2.1279214236,2.8214475788,1.35606e-05
PETWOC_clean,0.0029725277,0.0148309346,0.0295558247,0.142508599,0.2807109137,1.1527307323,2.6073955048,2.97462e-06
PETWUI_clean,0.0257834967,0.126232635,0.2407898581,1.0563291658,1.7943899015,4.3785289662,6.4524098975,2.55844e-05
PETXAP_clean,0.0055389955,0.0278749129,0.0561575611,0.2665051034,0.5309644392,2.3488527469,5.4161111718,5.63386e-06
PEVFON_clean,0.0027666309,0.0137461966,0.028380278,0.1377022441,0.2786768474,1.2800416169,3.3677838418,2.80302e-06
PEVLIN_clean,0.0035499825,0.017308532,0.0338654058,0.1621993865,0.3107130586,1.0823615591,1.8079578858,3.51147e-06
PEVQIS_clean_h,0.003135227,0.015994731,0.0320513548,0.1602273496,0.3157396831,1.5571444905,4.5083722419,3.19387e-06
PEVQOY_clean_h,0.0033300372,0.0168693477,0.0341780331,0.1713721178,0.3391574952,1.6561760643,4.7726749237,3.40882e-06
PEVXAQ_clean,0.0042533744,0.0215356193,0.0417292935,0.2056866636,0.3731610405,1.2802746481,2.3567707385,4.32381e-06
PEWGEF_clean,0.0020550588,0.0097609727,0.0200451727,0.1012233352,0.2005007101,0.9260032627,2.4723559717,2.02326e-06
PEWLUA_clean,0.0047943838,0.0243085391,0.0491792009,0.2419546093,0.4799939686,2.2035341007,6.0698304495,4.86923e-06
PEWXUL01_clean,0.009149247,0.0448591891,0.0877344925,0.4302793167,0.7785293963,2.649240654,4.3766446844,9.04458e-06
PEWXUL_clean,0.011168333,0.0554629102,0.1114327038,0.5093756697,0.9418655617,2.9216356189,4.6178240742,1.13097e-05
PEXFAA_clean,0.0051426262,0.0260109663,0.0519160355,0.2589613415,0.51719795,2.3670608077,6.1083974506,5.24836e-06
PEXTUI_clean,0.0069897647,0.0354382471,0.0698457087,0.3419211527,0.6333098422,2.2665036335,3.9934389796,7.0374e-06
PEYPAM_SL,0.0170530578,0.083914335,0.1660616716,0.7125649527,1.2594623812,3.2106960664,4.7049245585,1.72353e-05
PEYPIU_clean,0.0210819721,0.1005620074,0.1975967476,0.7772351154,1.2625273134,2.6456505643,3.468212183,2.11177e-05
PEYSIW_clean,0.0082819131,0.0418502724,0.0830570843,0.4083228135,0.7363580977,2.5561163004,4.3190908798,8.50049e-06
PEYVEV_clean,0.0122753063,0.0627465106,0.1218382708,0.5828730264,1.0922253205,3.7076625114,6.1307752762,1.25603e-05
PEZCII_clean,0.0025473364,0.0127689267,0.0252266914,0.1239472622,0.2494019672,1.1686985887,3.1985032848,2.50666e-06
PIBGAK_clean,0.0039426418,0.0199558085,0.0399132235,0.1965986932,0.3868946221,1.6554516746,3.609053185,4.01209e-06
PIBNUK01_clean,0.0029037522,0.0142930433,0.0289268478,0.1451075186,0.2908994724,1.4103629489,4.1737288181,2.90387e-06
PIBNUK_clean,0.0030056894,0.0146017672,0.0291904281,0.1456070106,0.2912096525,1.4125866348,4.1919799349,2.90987e-06
PIBPAS01_clean,0.0033624899,0.0166268575,0.033605794,0.1678324608,0.330071234,1.4879331695,3.6998770103,3.38796e-06
PIBPAS_clean,0.0034743909,0.0173446618,0.033880088,0.1754226267,0.3401109411,1.5193991972,3.7938056548,3.48184e-06
PIBPIA_clean,0.0023335041,0.012251862,0.0245062983,0.1228944522,0.2452624823,1.1987814391,3.5918562152,2.4657e-06
PICTIG_clean,0.0056243755,0.0286251881,0.0568985474,0.2788756911,0.549199986,2.2911853691,5.1222154966,5.70018e-06
PIDMEV01_clean,0.0079882791,0.039286546,0.0786723116,0.3827031696,0.7278440091,2.8740959308,5.3360204752,7.87988e-06
PIDMEV_clean,0.0077281033,0.0382149745,0.0768841542,0.3748207248,0.724913724,2.8366151812,5.3546693474,7.69227e-06
PIDNEX_clean,0.0043539437,0.0222781478,0.0444353987,0.2237652143,0.4443324578,2.1757065708,6.2790641626,4.47736e-06
PIDNOH_clean,0.0357958212,0.1658766463,0.3072025382,1.0914860985,1.6050178537,2.8003183467,3.4369216808,3.59228e-05
PIGXUZ_clean,0.0073717303,0.0364550505,0.0706461939,0.2927857214,0.5064830408,1.2088715508,1.7287442518,7.39598e-06
PIHNUQ_clean,0.0087071619,0.0422812094,0.0830037131,0.3584180638,0.5970224727,1.346187263,1.8576086185,8.81857e-06
PIHWAG_clean,0.004114666,0.0205416786,0.0407123338,0.1978398217,0.3891840981,1.5949799268,3.3921183162,4.12419e-06
PIHWOU_clean,0.0205801647,0.1004083184,0.196133447,0.8336326546,1.4109601704,3.4272524691,4.6610325126,2.07281e-05
PIJDIX_clean,0.0096051123,0.0480591976,0.0948778975,0.4204278347,0.7262280249,1.982047688,3.0205824619,9.79151e-06
PIJJEZ_clean,0.0136658414,0.0678813231,0.131095933,0.5644924867,1.0071384883,2.9567053965,5.4496022783,1.38767e-05
PIJJOI_clean,0.0097281849,0.0482221676,0.0952494826,0.4424993405,0.7844393625,2.4434419874,3.7642529286,9.79082e-06
PIJROR_clean,0.0041027671,0.020529629,0.0408241122,0.2022955489,0.3898260497,1.5901732219,3.3812837626,4.15758e-06
PILJAX_clean,0.00378577,0.0183479979,0.0360002327,0.1769253239,0.3496209746,1.3766901415,2.692022475,3.6479e-06
PIQFIG_clean,0.0018922327,0.0093681373,0.0193303722,0.0965820917,0.194187469,0.9377735894,2.8490279383,1.92797e-06
PIQMOT_clean,0.0080543163,0.0401194936,0.079586277,0.3752101018,0.6791924184,2.1707649755,3.4591123255,8.08775e-06
PIQMUZ_clean,0.0047608659,0.0231301701,0.0462742562,0.2175355461,0.4070300712,1.2838520025,2.1798380042,4.70407e-06
PITPEP_clean,0.0052551502,0.0250731772,0.0507166807,0.2398662395,0.4592593914,1.8133136178,4.1194462607,5.0503e-06
PITRIU_clean,0.0293581246,0.1423690196,0.281959132,1.1252289542,1.8646467025,3.9051716262,5.1330893908,2.95147e-05
PIVBEC_clean,0.0088673442,0.0433369492,0.0856673716,0.4059861066,0.7802654906,3.1600012673,7.1294280321,8.55873e-06
PIWSEV_clean,0.0058203295,0.0281878504,0.0565006485,0.2783743706,0.5336091548,2.2335239532,5.1007365181,5.66487e-06
PIYZAZ_clean,0.001735792,0.0082310135,0.0167322555,0.083033179,0.1645569737,0.8077105014,2.1752686886,1.67719e-06
PIYZED01_clean,0.0017542761,0.0083991737,0.0166627373,0.0843596159,0.1672765705,0.7939974654,2.2108379522,1.69674e-06
PIYZED02_clean,0.0016835857,0.0083962884,0.0170912077,0.0842759415,0.1678420937,0.7913112301,2.231361251,1.70554e-06
PIYZED03_clean,0.0016172232,0.0088305294,0.0172657697,0.0864947545,0.1713593018,0.7970284966,2.2498085602,1.73049e-06
PIYZED_clean,0.0017052256,0.0084381256,0.0166959185,0.0827524913,0.164834145,0.7812703079,2.1918900395,1.66852e-06
PIZHOX_clean,0.0059866937,0.0301613947,0.0591710358,0.2902685681,0.5615780603,2.2926175837,4.8010277135,5.9582e-06
PIZNOB_clean_h,0.0031616072,0.0158289952,0.0310888689,0.1553089159,0.3089910793,1.310822341,2.9579084526,3.17755e-06
PIZPAP_clean_h,0.0036480901,0.0179658374,0.0359435115,0.1760706514,0.346013411,1.3575570524,2.7085719264,3.64376e-06
PIZPET_clean_h,0.0056462396,0.0277338843,0.0552919809,0.272284572,0.5211518235,1.9709973804,3.7522177058,5.59013e-06
PIZPIX02_clean,0.0042116931,0.0206878641,0.0415846965,0.199353472,0.3828253514,1.4814445654,2.8093770747,4.15334e-06
PIZPIX_clean_h,0.0037337213,0.0187505776,0.0371490263,0.1812448082,0.3468354644,1.3543364075,2.6648056302,3.7256e-06
PIZPOD_clean_h,0.0043628365,0.021548913,0.0432287674,0.2109298807,0.3982180416,1.499422805,2.7924648188,4.34036e-06
PIZQUM_clean,0.0100010731,0.0495492483,0.0998338696,0.4634748997,0.818144379,2.4997246685,3.914978912,1.01805e-05
PIZRAT_clean,0.0076925604,0.0387662595,0.0752649637,0.3545950111,0.6454787926,2.0774399667,3.4433162387,7.79258e-06
PIZRUN_clean,0.0097180942,0.0496330249,0.0986926451,0.456180744,0.8058292079,2.4848831653,3.8858190445,9.9845e-06
PIZSAU_clean,0.0074994209,0.0374523429,0.0742295328,0.3526928594,0.6347203226,2.0726191109,3.4480830288,7.54589e-06
POBGAQ01_clean,0.0038540146,0.0191713457,0.0382732168,0.1897425714,0.3794156682,1.7746128229,5.0173273001,3.82614e-06
POBGAQ_clean,0.0043808639,0.0219949078,0.0439209683,0.2201048907,0.4310856994,2.0068632216,5.475192045,4.37485e-06
POBJIB_clean,0.0483759033,0.2365977224,0.4455797557,1.7251868582,2.6293137724,4.4688680391,5.014219144,4.88049e-05
POBMOJ01_clean,0.0062661966,0.0311700551,0.0625065872,0.3043611318,0.5766776491,2.3816052966,4.9282914666,6.25459e-06
POBNEA_clean,0.0023463383,0.0114841419,0.0230615633,0.1174855341,0.2343539885,1.1318283768,3.2212426064,2.33738e-06
POBVIN_clean,0.0050773196,0.0262490912,0.0520936706,0.2599452776,0.5080341771,2.2804766843,5.5409806582,5.20756e-06
POCPAZ_clean,0.0057952355,0.0287939512,0.0581858668,0.2907503809,0.5516941994,2.3325817473,4.9198974307,5.85873e-06
POCRAB_clean,0.003430876,0.01753662,0.0351800196,0.1676099749,0.3223491355,1.1947093174,2.2648408511,3.53146e-06
PODKOK_clean,0.0049292155,0.0245737528,0.0494284597,0.2407081702,0.4832161161,2.2124973034,6.14981669,4.86713e-06
PODKUQ_clean,0.0051525538,0.026335275,0.0511957536,0.2522350536,0.5021563389,2.3295875093,6.4358088153,5.12634e-06
PODVIP_clean,0.0025685254,0.0127232391,0.0258651772,0.1103314092,0.1908813756,0.5081274763,0.7582219808,2.61055e-06
PODXEN_clean,0.0051780287,0.0261007867,0.0515785604,0.2341603563,0.4261965684,1.253085183,1.8912677513,5.25182e-06
POFGUO_clean,0.0118579596,0.0606637802,0.1180611127,0.5464123766,1.052960421,3.7352973531,6.431012345,1.2027e-05
POFSIN01_clean,0.0017023403,0.0084265843,0.016655524,0.0848948432,0.1664888775,0.7884994834,2.2051884908,1.68572e-06
POFSIN02_clean,0.0017485054,0.0085867197,0.0170753384,0.0844548315,0.1683369265,0.7895035756,2.2141200065,1.68853e-06
POFSIN03_clean,0.0017557187,0.00832127,0.0170508132,0.084324992,0.1698012277,0.7913674939,2.2043777152,1.69966e-06
POFSIN04_clean,0.0016792577,0.008683378,0.0170767811,0.0845918843,0.1677483207,0.7906649179,2.2157559844,1.70221e-06
POFSIN_clean,0.0016114526,0.0084395682,0.0171186182,0.0837796661,0.1683744357,0.7915709092,2.2205542756,1.69427e-06
POHCOG_clean,0.0042631793,0.021057522,0.0418356063,0.2063345079,0.3947611351,1.4455126656,2.6130536841,4.25466e-06
POHWIU_clean,0.0043292929,0.0215841016,0.042350922,0.2100248624,0.4175650587,2.0112437453,5.9238840448,4.23396e-06
POKGEC_clean,0.0036444971,0.0167483067,0.0350322161,0.1648136777,0.3055337492,1.0372612291,1.9522065849,3.51717e-06
POKSAL_clean,0.0024154551,0.0110910744,0.0224079431,0.1064134819,0.2026654477,0.6790547944,1.2010274172,2.26558e-06
POKSEP_clean,0.0021483757,0.0105311812,0.0210623624,0.1014603771,0.1961977644,0.7039210443,1.3357008291,2.12816e-06
POKSIT_clean,0.0016357351,0.0082545197,0.0166106864,0.0811229206,0.15431581,0.5796710453,1.1089634833,1.68161e-06
POKSOZ_clean,0.0016399525,0.0079678739,0.0160839652,0.0778068987,0.1487065536,0.562796142,1.1066539409,1.61421e-06
POKTIU_clean,0.00173649,0.0085873528,0.0171399139,0.0828265524,0.1564951689,0.5692323989,1.0769516112,1.72464e-06
POKVAO_clean,0.0017563373,0.0088008726,0.0172707831,0.0846711254,0.161191311,0.5998279518,1.1359600979,1.75129e-06
POLBEX_clean,0.0978651898,0.3869728774,0.6056063618,1.3815784429,1.9078030062,3.6501386841,4.7686872468,0.000105345
POLBIB_clean,0.0046042623,0.0236689377,0.0463567075,0.227692095,0.4459588636,1.827819848,3.7364137155,4.68766e-06
POLBUN_clean,0.1100192571,0.4618371428,0.7918312879,1.8238402082,2.3031108932,3.5224672547,4.249351012,0.000115367
POLDOK_clean,0.0059030901,0.0291228461,0.0584923073,0.265064996,0.4571690515,1.3663463838,2.1858341919,5.95517e-06
POLDUQ_clean,0.0054725448,0.0270715697,0.0520333023,0.2422559901,0.4218214434,1.2526436464,2.0035493747,5.46393e-06
POLYEW_clean,0.0158575549,0.0765806361,0.1516041204,0.6143510967,1.0203021664,2.4579078706,3.5193264322,1.58369e-05
POMMAH_clean,0.0057852073,0.0284298423,0.0563495129,0.2448726332,0.4394730867,1.3920447242,2.8102563647,5.77561e-06
POMSER_clean,0.006497452,0.0321658732,0.0641923088,0.3068681438,0.5971347112,2.2173621888,4.1937132915,6.52798e-06
POMSOB_clean,0.0070852438,0.0352697768,0.0699409922,0.3320723399,0.6231840351,2.1036598968,3.6513016024,7.10617e-06
PONPOX_clean,0.1313222429,0.5457100021,0.9305321967,2.1941977508,2.7993227524,4.0080770536,4.6766587782,0.00013574
PONSOC_clean,0.0056300617,0.0283693904,0.0555251356,0.2784718679,0.5291249486,2.4250693669,5.7586489286,5.60105e-06
PORGAE_clean,0.0341623003,0.1612018728,0.2969803125,0.9435993754,1.319927827,2.0222864008,2.4470067746,3.45826e-05
PORLAL_clean,0.0025356285,0.0125866937,0.0256181617,0.1250085647,0.248277522,1.062706856,2.6582407143,2.53558e-06
PORLEP_clean,0.0031493226,0.0156542125,0.0304937591,0.1371965056,0.250693781,0.7448740913,1.3428665473,3.16732e-06
PORVID_clean,0.0050997599,0.0259585706,0.0523082109,0.256046702,0.4990806487,2.0498498157,4.0711374528,5.22546e-06
PORVUO_clean,0.0171238907,0.0839129575,0.1696425899,0.769760266,1.3589753304,3.8590249309,5.717916401,1.7173e-05
POSFIO_clean,0.0071887253,0.0358786063,0.0694481933,0.3243791389,0.5840771943,1.8147828499,3.0623129456,7.15719e-06
POSGAH_clean,0.0090757074,0.0453592771,0.0903397755,0.4355419354,0.8227885242,2.9271628045,5.1647580261,9.12853e-06
POTNET_clean,0.0073901657,0.0363025998,0.0700839121,0.3442631784,0.6481517345,2.2718393651,3.9310649722,7.20345e-06
POTREX_clean,0.0049207854,0.0243132632,0.0492134432,0.2483217221,0.4866807636,2.340944851,6.4674360748,4.92185e-06
POYPAW_clean,0.0132955651,0.0657760719,0.1274874401,0.5823267444,1.0781190454,3.473807504,5.9708219176,1.31186e-05
POZHUI_ion_b,0.0072101307,0.0331020266,0.0642732264,0.2494572661,0.4031450941,1.1386233311,2.2131551857,7.08791e-06
PUBROU_clean,0.0170475894,0.0844859215,0.1665021044,0.7419343731,1.3489769406,4.5635974439,8.4706515584,1.69889e-05
PUBRUA_clean,0.0177327822,0.0870925334,0.1685560135,0.6936143681,1.2024176724,3.3380080261,5.4282868885,1.79793e-05
PUBSAH_clean,0.0083256032,0.040743806,0.0809328552,0.3773090262,0.6996907513,2.5599603892,5.8461165776,8.22677e-06
PUBSEL_clean,0.0119134612,0.0590292505,0.1152767329,0.5173761976,0.9224316993,3.2485475203,6.8594786112,1.19368e-05
PUBSIP_clean,0.0082425638,0.040584814,0.0796838605,0.3694793834,0.6606132459,2.3547386841,5.1921642008,8.26224e-06
PUBSOV_clean,0.0282798636,0.1365833848,0.2615347615,1.0319301438,1.713415682,4.0720504662,6.4374653407,2.83719e-05
PUCKUV_clean,0.009095193,0.0448664202,0.0878962084,0.3886746684,0.7103562561,1.9557099636,2.7938751847,8.94821e-06
PUDSIR01_clean,0.0058514401,0.0302096405,0.0597249548,0.2901276673,0.5676000144,2.2591049971,4.8843212052,6.01249e-06
PUDSIR_clean,0.0063315318,0.031453749,0.0630985023,0.3026410248,0.5949678218,2.331428487,4.8821582114,6.32114e-06
PUDSOX_clean,0.0056881838,0.0301118071,0.0595480943,0.2927610718,0.5667815866,2.257067754,4.8767284396,5.99341e-06
PUDSUD_clean,0.005838215,0.0286054232,0.0584945738,0.2876098688,0.5565651635,2.2521208351,4.9822902939,5.90999e-06
PUFRIR_clean,0.0046029038,0.023297109,0.0479231538,0.2323422643,0.4583555358,1.9201542936,4.2510159215,4.76949e-06
PUGGOP_clean,0.0115660804,0.057489669,0.1118967898,0.4894915455,0.8379093881,2.6877761434,5.3055671331,1.17595e-05
PUGPEO_clean,0.0048730492,0.0244342043,0.0492752622,0.23853346,0.4583355624,1.8121720689,3.8198798345,4.88422e-06
PUGSER_clean,0.0050254888,0.0250870739,0.05012109,0.2501948295,0.4821885543,2.2768255447,5.8381219592,5.03367e-06
PUGSOB_clean,0.0078164198,0.0386093791,0.0771120493,0.3658970154,0.694472627,2.7647151722,5.9439204144,7.73538e-06
PUGSUH_clean,0.0059325273,0.0301696994,0.0598640958,0.2974302183,0.5679521486,2.5664527042,6.1625477049,6.03399e-06
PUJJEL_clean,0.0032828327,0.0162522188,0.032427859,0.1596473551,0.3160733913,1.3595321195,3.2336466942,3.28696e-06
PUJQEQ_clean,0.0047234384,0.0237727108,0.0468076105,0.2356619604,0.4663418867,2.2070229578,5.8327881336,4.71797e-06
PUKSUL_clean,0.0009527445,0.0049706532,0.0098001192,0.0486610998,0.0974051875,0.4637224977,1.322648569,9.81312e-07
PUKVAU_clean,0.0032233922,0.015707507,0.0311919321,0.1553723055,0.3031767694,1.3088116059,2.9400358531,3.15739e-06
PULMIU_clean,0.0083497478,0.0402784795,0.0808844849,0.3796704072,0.7060002531,2.6230429116,5.0356222553,8.20349e-06
PUMDIM_clean,0.0105496298,0.0523717583,0.1016404328,0.4801995584,0.8418660171,2.8087421593,4.897166803,1.0663e-05
PUMGIP01_clean,0.009676345,0.0481449539,0.0938656096,0.4327699884,0.7548770186,2.1839814454,3.3552837984,9.7789e-06
PUMGIP_clean,0.0100575614,0.0497487433,0.0968423737,0.4334028673,0.7773107117,2.2354069453,3.4599768478,9.91205e-06
PUMNIV_clean,0.0024884149,0.0119292061,0.0239500981,0.1161790349,0.2294026295,0.9743354901,2.177688242,2.39165e-06
PUMNOB_clean,0.0021858584,0.0107483382,0.0216119743,0.1082168051,0.2117896619,0.9128945358,2.1358815098,2.17269e-06
PUNSIB_clean,0.0032877548,0.0165160966,0.0334291157,0.1598710729,0.3069715536,1.1785966971,2.3729929686,3.32749e-06
PUPHUE_clean,0.0048651127,0.0238421102,0.0474381252,0.2285860312,0.4410025888,1.7436980365,3.4313038429,4.78486e-06
PUPJER_clean,0.0122567708,0.0612544653,0.1202045194,0.543004334,0.9672822219,3.5616447138,7.1316738194,1.23243e-05
PUQDOW_clean,0.0058426377,0.0287904196,0.05680256,0.2581499815,0.4558632158,1.3171774031,1.976229894,5.81664e-06
PUQXUV_clean,0.0177565078,0.0827459665,0.1578722034,0.5123016555,0.7350432949,1.2308355361,1.5551004147,1.78965e-05
PUQYAC_clean,0.0176170528,0.0820509777,0.1591867382,0.5072069758,0.7256918084,1.2258197284,1.5611404164,1.77694e-05
PURJES_clean,0.0161149973,0.0784898459,0.157350757,0.6856166228,1.2676992927,3.550422568,5.2798123287,1.60904e-05
PURJIW_clean,0.0063170789,0.0303424379,0.0604424502,0.2920920328,0.5558146638,2.3187323069,4.9838613847,6.06917e-06
PURNEX_clean,0.0008599069,0.0041080993,0.008117894,0.0405118612,0.0801476038,0.3255063372,0.7027105693,8.26391e-07
PURNIB_clean,0.0007554149,0.0038315822,0.0073953082,0.0359629673,0.0691995522,0.254269522,0.4687735874,7.56815e-07
PURSOK_clean,0.0072896436,0.0352137793,0.0709822492,0.3377097849,0.6371862564,2.2284807659,3.7930754932,7.17061e-06
PUSSEC_clean,0.0020459096,0.0105679416,0.0202267934,0.0973668226,0.1777984158,0.6098356248,1.1743338196,2.10061e-06
PUTYEI_clean,0.008408185,0.0418039585,0.0842320211,0.4014505372,0.7548698513,2.9222569242,5.2695912806,8.39854e-06
PUVJOG_clean,0.0045002509,0.0232500727,0.044785939,0.220848161,0.4264336439,1.6118992056,3.1475639408,4.5827e-06
PUWCIT_clean,0.0044117512,0.0217608441,0.0429808928,0.2183124234,0.4278279099,1.9810736206,5.177805752,4.3817e-06
PUWCUF_clean,0.0083185852,0.0416818946,0.0849118468,0.4034754016,0.738412779,2.7190421034,4.8898689824,8.4395e-06
PUWDAM_clean,0.012014577,0.0594340733,0.1190208296,0.5452961272,0.9862518129,3.7082800705,7.8096014267,1.20309e-05
PUWDIU_clean,0.005816419,0.0295360351,0.0595534461,0.2964079046,0.5569757437,2.4776697838,5.3072578588,5.98448e-06
PUWDOA_clean,0.0071065123,0.0362208926,0.0722963429,0.3500119332,0.6625501541,2.8213012412,6.1736079969,7.25498e-06
PUWVAG_clean,0.0197732369,0.0965718388,0.1876859999,0.7705103507,1.3486385921,2.9472699508,3.7306939135,1.95863e-05
PUWXAH_clean,0.0028816951,0.0147691279,0.0287828829,0.1393058169,0.2687154253,0.9530398909,1.7561681992,2.94696e-06
PUWZOX_clean,0.0565441292,0.2576817623,0.4613083907,1.4793810298,2.1371925329,3.7944045559,4.7756532812,5.7718e-05
PUYHOI_clean,0.0009206831,0.0047008425,0.0091353852,0.0469223649,0.0921007904,0.4265263594,1.0419161714,9.40179e-07
PUYZUF_clean,0.0103601801,0.0505099122,0.1004281215,0.4584729326,0.8375651543,2.4572217011,3.8105344782,1.03113e-05
PUZJOL_clean,0.0147192399,0.0722542884,0.1417731428,0.6405781737,1.1195322611,3.0473225856,4.501268407,1.46791e-05
PUZKOM_clean,0.0127494176,0.0635992643,0.1236380379,0.5389025134,0.9135837534,2.367158831,3.470620054,1.29312e-05
PUZKUS_clean,0.013206918,0.0648596099,0.1278656798,0.5913613589,1.0391055204,3.0392232481,4.5752524498,1.31906e-05
PUZLAZ_clean,0.0099839928,0.048897608,0.0972657272,0.4758441464,0.9029921042,3.7550890984,7.1714106246,9.85155e-06
PUZLUS_clean,0.0047510494,0.024227182,0.0497328153,0.2460191263,0.4917089544,2.3340542482,6.3919047192,4.91235e-06
PUZMAZ_manual,0.0045274084,0.0227286116,0.0456931907,0.2266011051,0.4542358891,2.1571560223,6.0692595138,4.55667e-06
PUZTOV_clean,0.0060076909,0.0298843878,0.0595230022,0.2908690832,0.5565803301,2.5144080291,5.3404080527,5.97897e-06
PYDCUT_clean,0.0060501615,0.0302415893,0.0599331638,0.2873089252,0.5350429114,1.7155710674,2.7583620276,6.1276e-06
QADBII_clean,0.006492931,0.0320545047,0.0619540509,0.2811051669,0.4905235664,1.2897472564,1.7796041619,6.53177e-06
QADWEA_clean,0.0091185248,0.0443045778,0.0879651325,0.3943173938,0.692047531,1.8219253879,2.5613597235,9.01904e-06
QADWIE_clean,0.0088053589,0.0434787632,0.0840955844,0.3852564862,0.6732101509,1.7743399137,2.4938827575,8.82053e-06
QADWOK_clean,0.0090380692,0.0442453555,0.0875632793,0.3923451073,0.6733138097,1.7778067338,2.502478869,9.04156e-06
QADWUQ_clean,0.0088361774,0.0439386479,0.0859077197,0.3850901405,0.6737470449,1.7504370767,2.4422396254,8.86611e-06
QADXAX_clean,0.0089858676,0.0431800305,0.0850563465,0.3869701624,0.6668058573,1.7349290341,2.4174314245,8.86215e-06
QAGDIO_clean,0.0052264709,0.0261260674,0.0518560631,0.2590979968,0.5097590361,2.3155990203,5.8786690375,5.21429e-06
QAGQEW_clean,0.0072647135,0.0356306298,0.0700714178,0.3337675192,0.6401701116,2.4702151245,5.2310460739,7.1352e-06
QAGTOH_clean,0.0103260622,0.0504020225,0.1000398125,0.4573517453,0.7966514819,2.2650584191,3.2985781508,1.02889e-05
QAHDUA_clean,0.0040227946,0.0198277067,0.0400283128,0.2020512614,0.4023886918,1.9323388329,5.7277588918,4.01417e-06
QAHQOH_clean,0.0134074621,0.0666671111,0.1293534637,0.616758867,1.1175806529,3.7753936912,6.3921859615,1.32572e-05
QAJKIV_clean,0.1170305973,0.485640843,0.8490801995,1.9585037294,2.4985552364,3.8054031765,4.5751766081,0.000121826
QALGUH_SL,0.0051717205,0.0264296631,0.0527788952,0.2599479894,0.5235663185,2.3820960485,5.6207566212,5.29414e-06
QALHAO_clean,0.0030641057,0.0151072475,0.030195676,0.1491109644,0.2857223076,1.3297248853,3.0925637657,3.04431e-06
QALHES_clean,0.0030819595,0.0152264339,0.0309735246,0.1503105497,0.2958821101,1.3483160451,3.1214459778,3.09113e-06
QALHIX_clean,0.0048190809,0.0235717594,0.0484883787,0.2358258015,0.4675242747,2.1777376402,5.7162840249,4.76014e-06
QALWUV_clean,0.0020849652,0.0104277219,0.0210769713,0.1051227881,0.2082243183,0.9767482902,2.6873102251,2.08471e-06
QAMHAQ_clean,0.0287791702,0.1366090469,0.2586864778,1.0056900896,1.5466673496,3.220754963,4.5350696029,2.80073e-05
QAMLEY_clean,0.0062720253,0.0299992533,0.0611352361,0.3009531493,0.5820295419,2.4743680296,6.3232101858,6.10615e-06
QAMVEH01_clean,0.0097665107,0.0498063086,0.1005447435,0.4850187492,0.8986800699,3.4434968298,6.2797324408,1.00634e-05
QAPPON_clean,0.0090083416,0.0456053264,0.0900528468,0.4173145291,0.7419319813,2.2293400527,3.4409018143,9.0974e-06
QAPQEE_clean,0.0051305866,0.0261427429,0.0530393863,0.2582267373,0.5036958521,1.9418988317,3.6869980202,5.28599e-06
QAQHOG_clean,0.0168916206,0.0822542228,0.1567199396,0.5738844651,0.8871381648,1.7181704778,2.4127559746,1.71099e-05
QAQMON_clean,0.0062162588,0.0298065756,0.0582228413,0.2900192975,0.5742525937,2.5916854447,6.479807624,5.89697e-06
QAQNOO_clean,0.0028360015,0.0146287257,0.0290028415,0.1456066169,0.2875453387,1.3158971126,3.4149667409,2.91803e-06
QAQRUW_clean,0.0083437686,0.0425380776,0.0840627892,0.4204808989,0.7920212658,3.2156822056,6.3518268255,8.51482e-06
QAQSAD_clean,0.0077319786,0.0385406676,0.0760789598,0.3518513901,0.6515991359,2.0204463656,3.3453789597,7.78392e-06
QARCET_clean,0.0084539078,0.0418532482,0.0826049266,0.3604166693,0.6093474291,1.5649064004,2.2928455047,8.45987e-06
QARLON_clean,0.0032626715,0.0164509223,0.0328525007,0.1602402366,0.3176005899,1.3012556889,2.9313728198,3.30015e-06
QARLUT_clean,0.0035913406,0.018219484,0.0357265394,0.1777956909,0.3498939,1.4358335409,3.174159179,3.62551e-06
QARMAA_clean,0.0028932437,0.0141349897,0.0289524644,0.1394611234,0.2711114132,1.1336616071,2.5022814064,2.87165e-06
QASSUZ_clean,0.0002787638,0.0015836667,0.0031517131,0.0152106503,0.0306832425,0.1529331822,0.4468367348,3.07111e-07
QATHOK_clean,0.0026211847,0.0137031758,0.0265849296,0.1294131892,0.2572059515,1.1088924326,2.5702773658,2.68015e-06
QATKII_clean,0.0123306441,0.0602459472,0.1224990463,0.5617915392,1.0082006151,3.09342222,4.7030028741,1.24907e-05
QATKOO_clean,0.0124437219,0.0612481403,0.1228341348,0.5585212606,1.0021807114,3.0192047717,4.6684038597,1.23742e-05
QATLEE_clean,0.020112976,0.0961663647,0.1836084726,0.6921280145,1.0770024045,2.053517398,2.6669361689,1.99752e-05
QATPOR_clean,0.0176630017,0.0866591251,0.1618334216,0.5765199321,0.8510331861,1.4841219923,1.847092061,1.80221e-05
QATVUE_clean,0.0212912875,0.1041797512,0.2069983738,0.9172176161,1.638925578,4.393769144,6.2285507622,2.14669e-05
QATXIU_clean,0.0032785792,0.0178257402,0.0353680362,0.17083652,0.3370910638,1.385917267,3.2294027836,3.51033e-06
QAVBUL_clean,0.0025448792,0.0127384175,0.0255609633,0.1290807615,0.2525856902,1.1882739865,3.1692579901,2.56039e-06
QAVPIO_clean,0.0409088284,0.199649048,0.3826145007,1.4286500603,2.1209936406,3.4491977574,4.0938237054,4.10259e-05
QAVPOU_clean,0.1341777247,0.4831337764,0.7204173138,1.5289262885,2.0697205012,3.7051788559,4.7067746201,0.000149884
QAVWAN_clean,0.0111200315,0.0558131418,0.1099473183,0.4997711811,0.9067047966,2.7274629769,4.1505156234,1.12437e-05
QAWDID_clean,0.0032865982,0.0163000379,0.0337487897,0.166281659,0.3273994234,1.6334977941,4.6037795114,3.32389e-06
QAWPIO_clean,0.0041383242,0.020110387,0.0408289318,0.1948765865,0.3756926899,1.3947530533,2.75220259,4.13065e-06
QAWREM_clean,0.009948736,0.0488213975,0.0958158814,0.4017775741,0.6675857799,1.6088257858,2.2440246681,1.00288e-05
QAWRIQ_clean,0.0116983344,0.056838493,0.1097347897,0.444481276,0.7285661377,1.651181373,2.2529983451,1.16584e-05
QEBGAH_clean,0.0143070303,0.0689987184,0.1374485615,0.6243905264,1.0899577832,3.0732453786,4.6478746685,1.41452e-05
QEBGEL_clean,0.0088343827,0.0437123004,0.0869813374,0.4137008987,0.7908162261,2.856455858,5.0215772155,8.80784e-06
QEBKUF_SL,0.0064518263,0.0322538666,0.0641734281,0.3195457136,0.6298519698,2.8478771713,7.0589691608,6.41723e-06
QEFNAQ_clean,0.0112355636,0.0531456732,0.106276976,0.45182855,0.7719302279,2.04852469,3.1480681849,1.09318e-05
QEFWUV_clean,0.0042529004,0.0213278783,0.04322281,0.2079918443,0.4102297647,1.8804323997,5.1382741521,4.23642e-06
QEGHEP_clean,0.0027003883,0.0138247682,0.0269699908,0.1294779862,0.2448583692,0.8184718604,1.4755499745,2.75421e-06
QEJYIP_clean,0.0103432724,0.0520842244,0.1012754048,0.4619882695,0.8361463103,2.4681694294,3.7888985886,1.04773e-05
QEPZOB_clean,0.0040731963,0.0203832722,0.0402379429,0.2011279618,0.4073912632,1.7311677113,3.9742317126,4.14918e-06
QEQZUH_clean,0.0184958254,0.0894868955,0.1745170776,0.6526982247,1.0327358457,2.015823533,2.6052755064,1.88428e-05
QERWAL_clean,0.0084198975,0.0425630507,0.0835009241,0.4006071058,0.7484383375,2.7233173541,4.8956472954,8.4423e-06
QERZUI01_clean,0.0211165664,0.1066118076,0.1985652249,0.8277011045,1.3731650155,2.6449082323,3.0676096301,2.12824e-05
QESLOQ_clean,0.0076850691,0.0383797424,0.0756431159,0.3606318569,0.6707297781,2.2207241326,3.3931294969,7.71758e-06
QESYOD_clean,0.001984636,0.0094627189,0.0195832396,0.0952095843,0.1906999376,0.8052199417,1.683641988,1.92726e-06
QETCUO_clean,0.005135402,0.0267353975,0.0522878915,0.2574798437,0.4858887225,1.9463725129,3.8078178922,5.26958e-06
QETHUT_clean,0.0859572152,0.3953323439,0.7183955867,2.2002856755,2.9939445748,4.7884547056,5.8678649123,8.80655e-05
QETQIP_clean,0.0039091373,0.0192861829,0.0382543277,0.181999754,0.3580114159,1.3762280222,2.927216041,3.90049e-06
QEVKOS_clean,0.0043656392,0.0223202145,0.0439977299,0.204268658,0.3627713947,1.0977455638,1.7577022863,4.51664e-06
QEWDON_clean,0.0221576391,0.1074151596,0.2019526074,0.7356444944,1.169044291,2.7237021899,3.8764105462,2.23179e-05
QEZZOL_clean,0.0023086402,0.0112953551,0.0222887051,0.106243348,0.2046079449,0.7654863517,1.4937902855,2.25501e-06
QIGBIR_clean,0.0009176383,0.0044938547,0.0092021109,0.046096315,0.0910691663,0.4296776879,1.1739394986,9.23612e-07
QIHXIQ_clean,0.0029894209,0.0150627306,0.0304048914,0.1512584328,0.2968367251,1.3555566263,3.5531326608,3.0282e-06
QIJLAW_clean,0.002541777,0.0132913325,0.0261710411,0.1310466107,0.2612308695,1.2306069734,3.4472052454,2.6327e-06
QIKYOA_clean,0.0069398964,0.0348362443,0.0686785759,0.3299138326,0.6329665767,2.4412310056,4.6560121106,6.95631e-06
QILBUK_clean,0.005840188,0.0292140853,0.0583511779,0.283177761,0.5560985743,2.2895095771,5.3162950091,5.81724e-06
QIPROY_clean,0.007794277,0.0379680528,0.0764664773,0.3764299507,0.7322874938,3.2804200765,7.495970219,7.65409e-06
QIQTAN_clean,0.005358339,0.0258246314,0.0518159978,0.2458342032,0.4573332654,1.5071763141,2.5420290014,5.22116e-06
QIQZIB_clean,0.0047878706,0.0239384361,0.0474396112,0.2324312695,0.4438822607,2.0162581879,4.4937259062,4.72438e-06
QIRWAR_clean,0.007837947,0.0398522093,0.0785263322,0.3775336357,0.7045675861,2.5663162643,4.6013266728,7.97739e-06
QIRYAS_clean,0.0056720178,0.0276982395,0.0558611454,0.2727558154,0.5172252711,1.8987542662,3.3737360994,5.67561e-06
QISNAJ_clean,0.0026209212,0.0139359015,0.0279007758,0.1418863322,0.2842228566,1.3166941976,3.5977826456,2.83092e-06
QISNEN_clean,0.0027107895,0.0131733787,0.0262857035,0.1333008345,0.2638216852,1.2389142371,3.4217856144,2.66976e-06
QISNIR_clean,0.0023821477,0.012031896,0.0234486835,0.1188855707,0.2345707131,1.0989715728,3.0221569134,2.37916e-06
QITDOO_clean,0.0057418064,0.0281555639,0.0578153384,0.2597547707,0.4474738097,1.2594623435,1.8985464459,5.77871e-06
QITHAC_clean,0.0104478138,0.0494094527,0.0990861623,0.4580148538,0.8622642438,2.7901944734,5.0464511087,1.00425e-05
QITHEG_clean,0.0157981765,0.071334283,0.1166350286,0.4041621158,0.6518496063,1.6528417985,2.6848615599,1.51046e-05
QITXAU_clean,0.00708966,0.0358914038,0.071996324,0.3392934959,0.642658854,2.2811164763,4.1682035162,7.25557e-06
QITYOI_clean,0.0034868464,0.0171794764,0.0345573122,0.169789779,0.3250059791,1.2331787566,2.4108693989,3.4764e-06
QIVJAG_clean,0.0025663215,0.0132359294,0.0267414067,0.1328983897,0.2687730385,1.2708850746,3.5560792317,2.69593e-06
QIVQAP_clean,0.0051016455,0.0256612815,0.0504993675,0.2370402598,0.4524306676,1.6428631193,2.9365934137,5.16821e-06
QIVYUR_clean,0.0088846451,0.0444178524,0.0863868527,0.3939683237,0.7021395073,1.9662052812,2.8279983957,8.9156e-06
QIWCOQ_clean,0.006817604,0.0347037236,0.0695528646,0.3444460203,0.6581362465,2.9171656422,6.3196326845,6.9565e-06
QIWDOR_clean,0.0072821841,0.0364153899,0.0715361362,0.3129074653,0.5429115552,1.3430072672,1.8607961812,7.41382e-06
QIWGOU_clean,0.0027119532,0.0133495493,0.0263451303,0.1225518455,0.2373527138,0.7957322165,1.3898841523,2.6872e-06
QIWHEL_clean,0.0095181215,0.0471098497,0.091250469,0.4018235095,0.7150138129,2.0430352279,3.4173734628,9.65988e-06
QIWPET_clean,0.0071480101,0.034986068,0.0692393326,0.3427952693,0.6705659508,2.7398164042,5.2635638167,7.04011e-06
QIWQES_clean,0.0071325931,0.0356524809,0.0706968491,0.3480157242,0.67638761,3.1310391266,7.153824642,7.07677e-06
QIXNES_clean,0.0072664405,0.0358833018,0.0712756876,0.3358395765,0.6217936901,2.0343645098,3.6026176006,7.20811e-06
QIXNIW_clean,0.0053429415,0.0260333451,0.052680801,0.2439736792,0.4545588411,1.524104579,2.6972226795,5.30695e-06
QIXSOG01_clean,0.0024536466,0.0113825974,0.0249575062,0.1224137369,0.2446750282,1.1902654303,3.4387712281,2.44383e-06
QIXSOG_clean,0.0022721639,0.0122319366,0.024413058,0.1204101674,0.2444645082,1.1871802237,3.4076033826,2.43995e-06
QIYDAF01_clean,0.0038778087,0.020405154,0.0408673345,0.2047669641,0.4055524348,1.9640738314,5.7361811667,4.06886e-06
QIYDAF_clean,0.0038804008,0.02014335,0.0395038804,0.195526063,0.3878664128,1.866423557,5.3507928189,3.93082e-06
QIYDEJ_clean,0.0048542463,0.0240886498,0.0486398405,0.2392067433,0.4746766419,2.2069341698,5.9566033337,4.797e-06
QIYDIN01_clean,0.0039244669,0.0199774545,0.0388973247,0.1929831951,0.3823996356,1.8345223592,5.3159599354,3.877e-06
QIYDIN_clean,0.0046450757,0.0207887874,0.0444496418,0.2219786285,0.4427234088,2.2165927958,6.4348814255,4.42267e-06
QIYDOT_clean,0.0041969512,0.0214521659,0.0433717417,0.2171216265,0.4385375812,2.1841674136,6.3210661868,4.38056e-06
QIZLIW_clean,0.0035535277,0.0181247373,0.0357631565,0.1752919402,0.3382530521,1.4128974443,2.9164910427,3.60754e-06
QOBGEV_clean,0.0093680016,0.0471581757,0.0943522535,0.4500144307,0.8637304862,3.3284384486,6.1190233696,9.56289e-06
QOBPEE_clean,0.0125731082,0.0626153571,0.1246932536,0.5558724934,1.0004629961,2.4151408883,3.1480494687,1.27469e-05
QOCBUH_clean,0.010808406,0.0533593524,0.1057290193,0.4758476709,0.8886553829,2.2968071919,3.0575816503,1.07717e-05
QOCRUW_clean,0.0066869507,0.0330235818,0.0659750281,0.3175952927,0.6046268204,2.2026276985,4.0220601803,6.60074e-06
QOCSAD_clean,0.0065749147,0.0330207895,0.0651211388,0.3152195818,0.6004625381,2.2007435732,3.9446540164,6.5892e-06
QOCSEH_clean,0.0067094872,0.0343538079,0.068728961,0.3266208743,0.6191891442,2.1907602367,3.9281948815,6.86428e-06
QODHUO01_clean,0.0039564784,0.0194161205,0.0388294521,0.1888065726,0.3488143327,1.3124436631,2.4200921557,3.93996e-06
QODHUO02_clean,0.0038653753,0.0191855738,0.0385598613,0.1852544804,0.3533155706,1.306757155,2.4289031291,3.88523e-06
QODHUO03_clean,0.0040522297,0.0202109488,0.0404386308,0.1910664878,0.3575723175,1.3179182171,2.3997538485,4.01659e-06
QODHUO04_clean,0.0037882166,0.0193129323,0.038148038,0.1849300418,0.3469011671,1.2960265086,2.4227294981,3.86828e-06
QODHUO05_clean,0.0038477125,0.0193575542,0.0383953179,0.1849597897,0.3542991125,1.3088627526,2.4360761055,3.936e-06
QODHUO06_clean,0.0039248712,0.0196708374,0.0391734129,0.1888298132,0.3554871716,1.3036354786,2.4161756511,3.97483e-06
QODHUO07_clean,0.0039295194,0.0197228963,0.0400537665,0.1897213223,0.3543186346,1.3167626948,2.4040598654,3.9852e-06
QODHUO08_clean,0.0038690938,0.0196029749,0.0388796518,0.1883668606,0.3555094826,1.312446452,2.448498667,3.9686e-06
QODHUO09_clean,0.0040178336,0.0204266215,0.0405511152,0.1933784619,0.3621739548,1.3390690154,2.411944004,4.06855e-06
QODHUO10_clean,0.0041944621,0.0201151975,0.0409313313,0.1948584228,0.3634335949,1.3267682346,2.405871702,4.07735e-06
QODHUO11_clean,0.0039983115,0.0201746934,0.0397534981,0.194502377,0.3626220334,1.3161500728,2.4022322253,4.07769e-06
QODHUO12_clean,0.0041052182,0.0200120093,0.0401616029,0.1955073002,0.3618151201,1.3304077114,2.404890949,4.08571e-06
QODHUO13_clean,0.0039072084,0.0199562319,0.0396596061,0.1896014008,0.3540081403,1.3164308191,2.4069240361,3.97579e-06
QODHUO_clean,0.0039994477,0.0202467909,0.0405150665,0.1908306732,0.3575539316,1.319678098,2.3990587998,4.04766e-06
QODPOQ_clean,0.0039360267,0.0201449455,0.0396726208,0.1883491977,0.3540871583,1.3155532544,2.4459626535,3.97518e-06
QODQEH_clean,0.0039360267,0.0194356426,0.0391027615,0.1886727068,0.3510101039,1.3058730828,2.4411183844,3.91388e-06
QODSUZ_clean,0.0038876863,0.0193566246,0.0390599988,0.1885639408,0.3491703786,1.3136512443,2.4346435554,3.9351e-06
QOFBIY01_clean,0.0041061479,0.0206515904,0.0404451381,0.1919570673,0.3598461771,1.326955089,2.4120193035,4.09889e-06
QOFBIY02_clean,0.0039825079,0.0202881075,0.0397330464,0.1938665144,0.3604299808,1.3299336033,2.4128029763,4.08125e-06
QOFBIY_clean,0.0042037584,0.0202797409,0.0406608108,0.1937345078,0.3653476901,1.3297086344,2.4040366249,4.0957e-06
QOFCAR_clean,0.0039490415,0.0205772205,0.0402434098,0.1917581278,0.3619787339,1.3164020008,2.3999332659,4.05146e-06
QOFCIZ_clean,0.0039834375,0.0201021828,0.0400333148,0.1918362162,0.3603937254,1.3225245025,2.4148695298,4.02851e-06
QOFCOF_clean,0.0040336372,0.0200380388,0.0394364964,0.1888223762,0.3530896721,1.3142266814,2.4167929212,4.01925e-06
QOFDAS_clean,0.0041656438,0.0199404283,0.0406180481,0.1920676925,0.3612508385,1.3320559342,2.4370661548,4.05499e-06
QOFDEW_clean,0.0041340366,0.0202490633,0.0403447388,0.1897148149,0.3544943335,1.3144367763,2.4133533135,4.00433e-06
QOFDIA01_clean,0.0039388156,0.0197870404,0.0402415505,0.1924999675,0.3513466276,1.3251674226,2.4528576725,4.00928e-06
QOFDIA02_clean,0.0041117256,0.0202806705,0.0402889613,0.1921699511,0.3591554667,1.3183607179,2.4034621174,4.07477e-06
QOFDIA05_clean,0.0040689629,0.0200454757,0.0389140479,0.1919310378,0.3575183994,1.3156397094,2.4188148527,4.01396e-06
QOFDIA06_clean,0.0039694932,0.0198614103,0.039978467,0.1883975382,0.3585577187,1.3159474148,2.4190797955,3.9823e-06
QOFDIA07_clean,0.0039722821,0.0199051026,0.0393286601,0.1889051127,0.3591601148,1.3204309899,2.4162035398,3.97339e-06
QOFDIA08_clean,0.0039722821,0.0199859798,0.0397897534,0.1883110832,0.3539653776,1.3181171565,2.4396207607,3.96331e-06
QOFDIA_clean,0.0038570087,0.0199859798,0.0397730202,0.187889034,0.3531677605,1.3079284808,2.4223799596,3.95737e-06
QOFDOG_clean,0.0039769302,0.0193798652,0.0391827091,0.189057571,0.3521014821,1.313427205,2.4245153052,3.96854e-06
QOFKUT_clean,0.0126454041,0.0628715335,0.1233446936,0.5519798061,0.9624819742,2.5671862387,3.5812045217,1.27203e-05
QOFLAA_clean,0.0028139032,0.0139525202,0.028034036,0.1399721868,0.2772714654,1.3150887778,3.6656969471,2.80078e-06
QOFPAE_clean,0.0014339782,0.0069221958,0.0140593556,0.0689910704,0.1339031319,0.5800773517,1.3122050459,1.39584e-06
QOGGID_clean,0.0441056285,0.2048546151,0.3696002045,1.0739103934,1.429907482,2.1583390632,2.5430701371,4.55392e-05
QOGPIM_clean,0.0066564033,0.0291799657,0.0607009877,0.2527144224,0.4490041865,1.2506338743,2.4639825259,6.40881e-06
QOHTUD_clean,0.0016939951,0.0088816346,0.0173953263,0.0857853703,0.1695834839,0.740600096,1.7137492925,1.7441e-06
QOHYET_clean,0.0097792335,0.0491508353,0.0966396881,0.438468855,0.7737508516,2.261499799,3.3507261561,9.90729e-06
QOJTUE_clean,0.0117946923,0.0583948027,0.1157046203,0.5361747765,0.9608921974,2.8880314458,4.4838501477,1.18829e-05
QOJVAM_clean,0.0115470545,0.0559128993,0.1122397003,0.5072988523,0.9322875194,2.8643385858,4.4538518163,1.13385e-05
QOKCID_clean,0.010253112,0.0487625738,0.092208936,0.3686554541,0.5715553858,1.1164021055,1.3764902388,9.945e-06
QOKKAE_clean,0.002975607,0.0153928882,0.0305729435,0.1479006427,0.2880967334,1.140974021,2.2356143134,3.04828e-06
QOLVET_clean,0.2822970793,1.0569300281,1.6005247921,2.7382920263,3.0931858538,3.6671725117,3.9630837502,0.000306368
QOMDUS_clean,0.0063676347,0.0314813005,0.0617356374,0.2897843087,0.5459307841,1.7580959541,2.9370175505,6.2676e-06
QOMFEE_clean,0.0099617803,0.0496672585,0.0988848985,0.4703698989,0.8937793471,3.3688763095,6.1376300771,9.96642e-06
QOMRUH_clean,0.0058363596,0.0292157444,0.0590328254,0.2907122963,0.5606930286,2.4015783195,5.1774789692,5.89787e-06
QOMSAO_clean,0.0051622807,0.026507305,0.052881249,0.2604830088,0.5052294269,2.2037701021,4.9533404531,5.25958e-06
QOMSES_clean,0.0057951389,0.0287041233,0.0577865068,0.2811224325,0.5528320075,2.306698074,4.9268719441,5.76467e-06
QOMTET_clean,0.0129147556,0.0625040483,0.1214683305,0.5450599625,0.9837596126,2.7387760793,3.8997575841,1.24683e-05
QONKUB_clean,0.0053150396,0.0267109835,0.0535723012,0.2584510731,0.5194747998,2.2116286984,5.0017359252,5.30601e-06
QONLAI_clean,0.0055938852,0.0283573849,0.0570518093,0.2788189254,0.5400269327,2.2872395008,4.9744502773,5.6171e-06
QONLEM_clean,0.0058048379,0.0284301272,0.0552865954,0.2753685142,0.5399347925,2.3016764285,5.0700627955,5.62473e-06
QONLIQ_clean,0.0055259923,0.0275911657,0.0546731351,0.2725412623,0.5359921582,2.2899818866,5.0339098576,5.59352e-06
QONQAM_clean,0.0083655706,0.0424495769,0.0843512981,0.4155495122,0.7935001243,3.3412277819,6.8696108402,8.40846e-06
QONQEQ_manual,0.009924918,0.04928822,0.0972790127,0.4815737599,0.9197998348,3.918846966,7.7999964625,9.77856e-06
QOPCEE_clean,0.0052791287,0.025835527,0.050484409,0.2261767687,0.3863024025,0.9304273203,1.2779100204,5.30812e-06
QOPDAA_clean,0.0246608855,0.1185743267,0.2281271237,0.8904382876,1.4091753478,2.8333311452,3.6644220421,2.43906e-05
QOPDEE_clean,0.0287313897,0.1373675258,0.2580189344,0.9042985597,1.3314986351,2.6555098051,3.6767334647,2.91207e-05
QOPPES_clean,0.0052080234,0.0256793995,0.0513587989,0.2527365811,0.493240363,2.0438885168,4.4707642259,5.18946e-06
QOPPOC_clean,0.0145030914,0.0714575451,0.1404938209,0.6068668661,1.0765764028,2.6391635494,3.5470503826,1.45887e-05
QOPZIF_clean,0.0082121397,0.0398023247,0.0797200966,0.3872885877,0.7408262049,2.9073071854,5.5514776347,8.04498e-06
QOQWOK01_clean,0.0060861276,0.0305321888,0.0600973365,0.3013337089,0.5860384647,2.4619159272,5.2282790204,6.10384e-06
QOQWOK_clean,0.0061692147,0.0308876168,0.0621098899,0.3093216071,0.5961358512,2.4740512548,5.1380187709,6.27625e-06
QOSJEP_clean,0.0045974804,0.023103879,0.0458045684,0.2249282285,0.4281267823,1.662470191,3.1770224701,4.63669e-06
QOSJIT_clean,0.004470538,0.0220118238,0.0442102123,0.215758517,0.4180198527,1.7790048048,3.9833658018,4.40883e-06
QOSJOZ_clean,0.0044124663,0.0218659432,0.0437249222,0.2147790242,0.4174279446,1.7734632342,3.9828274371,4.39763e-06
QOSJUF_clean,0.0045552301,0.0220353073,0.0453330833,0.2194773265,0.4137300101,1.6337020215,3.2277526311,4.48443e-06
QOSKAM_clean,0.0044949436,0.0216612826,0.0440993349,0.212927244,0.4205488249,1.7412311555,3.788145636,4.42026e-06
QOSXOM_clean,0.0083388648,0.0408082715,0.0813892763,0.3377921071,0.5666429298,1.6268457742,3.0084190307,8.51841e-06
QOTHOY_clean,0.0154221496,0.0729814228,0.1412304548,0.5893606389,0.97492066,2.4888396889,3.6991004666,1.51004e-05
QOTZEG_clean,0.005773284,0.0287968464,0.0572471619,0.2794376507,0.5250825239,2.0586928769,3.8590838082,5.79896e-06
QOVDAH_clean,0.0013015452,0.0064818284,0.0127779332,0.0647916464,0.1279887333,0.6219551131,1.7784294697,1.29029e-06
QOVDEL_clean,0.0011468989,0.0059557348,0.0116332541,0.0587367603,0.1161275793,0.5668654911,1.6418323355,1.16912e-06
QOVSOL_clean,0.0106698107,0.0535195309,0.1069768606,0.4781107277,0.8503849501,2.5460405289,4.0146593993,1.08955e-05
QOWLEU_clean_h,0.0011903371,0.005999478,0.0122468807,0.0601411455,0.1195161141,0.5525165302,1.4302564454,1.21423e-06
QOWQUO_manual,0.0067316592,0.0343324923,0.0687856922,0.3367007227,0.6393515857,2.657671705,6.0666748877,6.92795e-06
QOWRAV02_clean,0.0067640442,0.0342927471,0.0681806819,0.3205965566,0.6226990831,2.6627804352,6.0739887404,6.79245e-06
QOWRAV04_clean,0.0068553109,0.0340439716,0.0671804277,0.3174677262,0.6273625198,2.6569224344,6.0681778451,6.80374e-06
QOWRAV05_clean,0.0068891679,0.0346901991,0.0671686514,0.3222106533,0.6281927529,2.662574349,6.0654508827,6.80577e-06
QOWRAV06_clean,0.0068413265,0.0338349412,0.0668690903,0.324284764,0.6315519583,2.6699713723,6.1035444485,6.83334e-06
QOWRAV07_clean,0.0069127206,0.0342794987,0.0673990263,0.3240654293,0.6330976049,2.6837070189,6.099485286,6.85447e-06
QOWRAV08_clean,0.0067765565,0.0337657552,0.068581814,0.3238394705,0.6282545787,2.6817815848,6.1067130242,6.85651e-06
QOWRAV09_clean,0.0070091396,0.0347917701,0.0685641495,0.325480064,0.640523333,2.70302613,6.1356740263,6.93639e-06
QOWRAV10_clean,0.0067691963,0.0348131148,0.068680441,0.3269270837,0.6309653486,2.6958064881,6.149644464,6.92893e-06
QOWRAV11_clean,0.0068818077,0.0342728745,0.0678097267,0.3244820179,0.6413668145,2.692756412,6.1251481726,6.91751e-06
QOWRAV12_clean,0.0069723384,0.0344627682,0.069342861,0.3258223144,0.6401818187,2.7139693083,6.1445585505,6.95267e-06
QOXFIU_clean,0.0011161021,0.0055812355,0.0114300744,0.0550777146,0.1076868059,0.4260877332,0.9419640275,1.12936e-06
QOXNIB_clean,0.0047639257,0.0238879742,0.0480733651,0.2159951735,0.3832988658,1.1468015102,1.8178420878,4.87767e-06
QOYLOG_clean,0.0126489046,0.0621828923,0.1230818843,0.5318783953,0.8970222936,2.2126736109,3.070152358,1.27004e-05
QOZDOY_clean,0.0304488923,0.1460952906,0.2854986858,1.1259472503,1.84392952,3.6754429371,4.5817531674,3.03138e-05
QOZGAP_clean,0.0159526389,0.0795887342,0.1562744511,0.7168359456,1.2577183317,3.42007783,4.9579117533,1.59563e-05
QOZPEC_clean,0.0074831085,0.0369956244,0.0743408947,0.3653885656,0.6838268816,2.6429855756,4.8860721896,7.51548e-06
QOZPIG_clean,0.0087037054,0.0445482906,0.0888344214,0.421699769,0.7880334854,2.7677363665,4.735864368,8.86214e-06
QOZPOM_clean,0.0116079822,0.0590522215,0.1179747189,0.5496661018,1.0085230817,3.2605920828,5.1077577087,1.1788e-05
QOZWAF_clean,0.0005091093,0.0026117535,0.0052557227,0.0260125172,0.0523537866,0.2436028376,0.6646902575,5.24026e-07
QUBWIU_clean,0.0023995275,0.0123593982,0.0246409492,0.1227239246,0.2399092451,1.0709780321,2.6726672043,2.48532e-06
QUBZAP_clean,0.0018763518,0.0094936816,0.018993947,0.0930826845,0.1815337428,0.7342345565,1.5475466419,1.8988e-06
QUDGED_clean,0.0062848726,0.0312033957,0.0625833114,0.302383776,0.5708376214,2.3944336092,5.8252971956,6.341e-06
QUDJIJ_clean,0.0107931089,0.0532615511,0.1040994477,0.5029933093,0.9424833836,3.245140412,5.4551384265,1.05154e-05
QUDJOP_clean,0.0124576986,0.0608834267,0.1219777177,0.5645757193,1.0598898077,3.458985348,5.4294375134,1.23161e-05
QUFTAM_clean,0.0069275465,0.0347868835,0.0673003038,0.3074576643,0.5356076636,1.4695767671,2.2467246941,7.0196e-06
QUJJUC_clean,0.0048460611,0.0244060391,0.0484095648,0.2385892209,0.4570418904,2.1584319408,5.0200214086,4.83478e-06
QUJWEZ_clean,0.0219509199,0.1067798978,0.2120819011,0.9217792271,1.6441764483,4.1409291099,5.5379810783,2.1688e-05
QULLEP_clean,0.0060436392,0.0286963866,0.0565228711,0.2505733098,0.4516826195,1.0797643481,1.5703060522,5.85884e-06
QULMIU_clean,0.0026698635,0.0132488209,0.0259465846,0.1289842222,0.2524746223,1.1358460345,2.6008071839,2.60256e-06
QUMFUB_clean,0.0065148333,0.0324769656,0.0648994039,0.3130960613,0.5935942486,2.1923480945,4.0645210547,6.54226e-06
QUNVIG_clean,0.0032339996,0.015613948,0.0312848209,0.1574099794,0.3094921096,1.5068326032,4.1203233619,3.13534e-06
QUNWAZ_clean,0.011203583,0.0547405552,0.1086840516,0.4984647622,0.8862709015,2.739114231,4.5999367565,1.12008e-05
QUPDEL01_clean,0.0057985423,0.0288993865,0.0580399315,0.2740758943,0.5015619341,1.6578347115,2.5271428249,5.81999e-06
QUPDEL_clean,0.0069341349,0.0335590326,0.0662368454,0.3097632339,0.567521282,1.7822865761,2.663928464,6.76696e-06
QUPHUF_clean,0.0114389125,0.0548127047,0.1059811438,0.4452609947,0.7311727042,1.7455455353,2.5023226345,1.15487e-05
QUPJAN_clean,0.0117711793,0.0597925785,0.1159167469,0.4885987056,0.801160717,1.97719786,3.0271478945,1.24009e-05
QUQBAH_clean,0.0056291526,0.0273384051,0.0551107323,0.2728830682,0.5263474665,2.4556793712,6.0593442761,5.49913e-06
QUQFIS_clean,0.0105483216,0.051819272,0.1010358715,0.4928870192,0.9323524897,3.7250797033,7.4056202225,1.02985e-05
QUQFOY_clean,0.006455216,0.0326573278,0.0642991506,0.3176711456,0.6103255131,2.660793261,5.9622090933,6.49306e-06
QUQGAL_clean,0.0090179467,0.045017712,0.0886517409,0.4249085363,0.7845395352,2.8255679993,5.0220512849,8.92151e-06
QUQGEP_neutral,0.0004653139,0.0024483899,0.0048129035,0.024050538,0.0464934464,0.1944353094,0.4190531153,4.94106e-07
QUQHAM_clean,0.0034843602,0.01730327,0.0346199586,0.1623090112,0.279589712,0.800026316,1.1846477938,3.5672e-06
QUQMOG_clean,0.0343171273,0.1608959236,0.3110490419,1.0574646598,1.6386657535,3.402539549,4.7646664519,3.42297e-05
QUQPOI_SL,0.0129999557,0.0640191717,0.1276756111,0.6283045502,1.1845114506,4.6205021029,8.7819204077,1.30271e-05
QUQQOJ_clean,0.0105465278,0.0521906095,0.1037064476,0.4300376428,0.7274606035,1.6486183618,2.1454343951,1.07373e-05
QUQWOQ_clean,0.0058502546,0.0287004691,0.0581114426,0.2851110985,0.5585314654,2.5008485833,6.2120284739,5.80979e-06
QUQWUW_clean,0.0069223162,0.03462284,0.0680222183,0.3394693373,0.6599206006,2.9038375394,6.2669029264,6.93483e-06
QUQYUY_clean,0.0038372737,0.0190545574,0.0381010254,0.1784660613,0.3319355964,1.1841172848,2.0364436324,3.88496e-06
QUQZOS_clean,0.1239779295,0.4830597979,0.7608573394,1.5365770227,1.8344922502,2.6444631008,3.3876744325,0.000134227
QURPIE_clean,0.0071598907,0.0362418473,0.0711243307,0.3301042312,0.6344716559,2.2588471537,4.1865203533,7.27234e-06
QURSEC_clean,0.0068976146,0.0345963741,0.0686407287,0.3219482657,0.5905241353,2.0690215222,3.653201721,6.94195e-06
QUSBIP_clean,0.0040859897,0.0207077079,0.0410840534,0.2059246201,0.4139568019,1.9971474419,5.7992473131,4.14401e-06
QUSCAJ_clean,0.0041243856,0.0203175452,0.0405031912,0.1961070091,0.3830808463,1.4698674373,2.916449598,4.07416e-06
QUSCEN_clean,0.0228553107,0.1115441653,0.2194388807,0.9093728769,1.5229216804,3.3309970719,4.3065358904,2.29147e-05
QUSHUJ_clean,0.0052050292,0.0268052231,0.0525167899,0.258536454,0.5017713995,2.0487993876,4.2999232362,5.29845e-06
QUSQIG_clean,0.0033406532,0.0163506638,0.0320303762,0.1561715067,0.2987779063,1.1249528713,2.1736510016,3.27156e-06
QUSRIH_clean,0.0049322594,0.0240382979,0.047717766,0.2270006071,0.4283503833,1.4975609747,2.6134942948,4.84887e-06
QUSRUT_clean,0.0012865816,0.0062346336,0.0125500457,0.0613182453,0.1215614018,0.5243525101,1.1698830912,1.26023e-06
QUSSAA_clean,0.0038220395,0.0193599457,0.0379742146,0.1592180485,0.2825294408,0.7471146194,1.1890610153,3.93207e-06
QUSSII_clean,0.013172936,0.063281385,0.1248354781,0.560500274,0.9629983481,2.531968736,3.6339300096,1.29926e-05
QUSSOO_clean,0.0113523163,0.052175524,0.1027392261,0.3801931622,0.583138509,1.1606135847,1.6292211177,1.12671e-05
QUTDAM_clean,0.0081273796,0.0396144518,0.079608466,0.3751618347,0.7072077547,2.7961174856,6.6920715471,7.98427e-06
QUTTII01_clean,0.006485051,0.0325896489,0.0654816311,0.3118795572,0.5976885291,2.038717128,3.3932746009,6.61684e-06
QUTTII_clean,0.0063882252,0.0327648661,0.0639934667,0.309924116,0.5823294255,2.023395416,3.4149597297,6.48993e-06
QUWYEO_clean,0.0298415859,0.1383310522,0.2530782269,0.7759780338,1.0408476953,1.472010464,1.716044961,2.99704e-05
QUXQUX_clean,0.0276000639,0.1307090705,0.2414975337,0.7582505487,1.0289846691,1.5365648878,1.8337899068,2.80348e-05
QUXRAE_clean,0.0280447383,0.1362266633,0.2498878644,0.7659370636,1.0363112095,1.4844976476,1.7512559149,2.93169e-05
QUXREI_clean,0.0286225125,0.1342160492,0.2490015406,0.7761907919,1.0312997994,1.4784073222,1.7350792444,2.92664e-05
QUXRIM_clean,0.0253182085,0.1161981645,0.2214700433,0.7357687781,1.0602843031,1.7013686886,1.9827860867,2.50293e-05
QUXROS_clean,0.0293152366,0.1357456889,0.2523824778,0.768443777,1.0348249282,1.4746008689,1.7378420742,2.92458e-05
QUXRUY_clean,0.0299535108,0.1415214147,0.2615411575,0.7776256483,1.044117716,1.4640890077,1.6942851562,3.04042e-05
QUZVEO_clean,0.0023996295,0.012452668,0.0242582895,0.1205173736,0.2339628862,1.0354153294,2.5270063843,2.44789e-06
QUZZES_clean,0.0149430631,0.0734908738,0.1486001225,0.6753456353,1.2247727645,3.9067510509,6.1091989493,1.49199e-05
RABHAZ_clean,0.0021503963,0.0108955255,0.0219967051,0.1073293458,0.2147346041,0.9612313076,2.4351968814,2.17645e-06
RABHIH_clean,0.0034006535,0.016495803,0.0326331691,0.1636656016,0.3241438132,1.4614639077,3.707142657,3.30047e-06
RACHUA_clean,0.0034638864,0.0174099683,0.0341583248,0.1721992902,0.3341148685,1.6074548284,4.2430875945,3.45181e-06
RACZEC_clean,0.00391743,0.0194884444,0.0391471332,0.1818399278,0.3381984497,1.1281256575,1.8828811176,3.91075e-06
RAFNIV_clean,0.005711061,0.02809169,0.0547477466,0.2579673437,0.4526978202,1.3255689802,1.967902352,5.69564e-06
RAFNUH01_clean,0.0031765104,0.0157816783,0.0313000764,0.1532018147,0.2917840153,1.1663532818,2.2774015912,3.16691e-06
RAFNUH_clean,0.007250796,0.0341550017,0.068704621,0.3029283314,0.5522734013,1.4233663611,2.0489466416,6.89687e-06
RAGMOE_clean,0.0285859379,0.1369389612,0.2604889492,0.8803349415,1.2817348125,2.4553671912,3.1895100959,2.96551e-05
RAHBUZ_clean,0.0060261551,0.0301260305,0.059556127,0.2961578436,0.5611204492,2.3004048324,4.7230536214,6.01139e-06
RAHMAP_clean,0.0092854487,0.0466469907,0.0923163296,0.4321624049,0.7631154376,2.3229609376,3.7547587328,9.44025e-06
RAHNOF_clean,0.0050521312,0.0244060932,0.0500286393,0.2482244614,0.4890606288,2.2498107496,6.0125090489,4.97578e-06
RAHPAT_clean,0.0076583517,0.0375036116,0.0753346518,0.3687381869,0.7076905146,3.2393422187,7.8947333631,7.60828e-06
RAJFAM_clean,0.0074388469,0.0378742829,0.0733801204,0.3441137597,0.6217286581,1.9540782399,3.1521924625,7.55231e-06
RAJFEQ_clean,0.0069073145,0.0341327123,0.0678211783,0.3191512826,0.583785328,1.9641070041,3.2607644516,6.88266e-06
RAKCUC_clean,0.003701075,0.0186238728,0.0361812671,0.1806219414,0.3538298829,1.5655257725,3.7085548639,3.68549e-06
RAKDAJ_clean,0.0037260912,0.018760145,0.0375077819,0.1839523822,0.3528930936,1.5764538845,3.6229166486,3.74333e-06
RAKDEN_clean,0.0035667778,0.0176640422,0.03538075,0.1751868515,0.3463461012,1.5380488124,3.709655575,3.54647e-06
RAKMOF_clean,0.0013665935,0.006472973,0.0126011824,0.0635763643,0.1263108959,0.6008802028,1.629576155,1.28398e-06
RANCEQ_clean,0.0035164689,0.0172169003,0.0349521348,0.1733287292,0.3443864833,1.626402299,4.6244624033,3.47414e-06
RANNOM_clean,0.0050324893,0.0249791644,0.0506308805,0.2459240824,0.4721453481,1.8566173192,3.5526454205,5.00879e-06
RANNUS_clean,0.0049270613,0.0241915404,0.0481360196,0.2363321358,0.4693643522,1.8099011197,3.5276940468,4.8846e-06
RANPAA_clean,0.0071111767,0.0353573803,0.0717215685,0.3419843951,0.6545140995,2.4921545869,4.6384420571,7.16937e-06
RANVUA_clean,0.0191665626,0.0976600191,0.1898792586,0.8524028682,1.5667996353,4.9342694372,9.0249558657,1.95297e-05
RANWAH_clean,0.0083486659,0.0414156633,0.0816896142,0.3960411205,0.7306430909,2.7767983761,5.8667997198,8.30506e-06
RAPBOZ_clean,0.0118235681,0.0594232979,0.1175076049,0.5224867808,0.9221783376,2.6543471069,4.0168762952,1.2103e-05
RAPYUE_clean,0.0040305434,0.021425667,0.042124332,0.2103626135,0.4200678613,1.9464683666,5.1684240711,4.24769e-06
RASGAT_clean,0.0009989941,0.0050281911,0.0099646297,0.049965523,0.1005116174,0.4733127928,1.3623471214,1.00643e-06
RASKIH_clean,0.0218311312,0.1089119466,0.209428955,0.8739595137,1.4803646665,3.2668112031,4.2949206053,2.2197e-05
RASKON_clean,0.0132060132,0.0646431236,0.1262863882,0.5783798412,1.0332844956,3.0199788752,4.3123645202,1.29113e-05
RASXEP01_clean,0.0027175458,0.0135890165,0.0269437396,0.1244419719,0.2241415322,0.6687003616,1.0894938602,2.77866e-06
RASXIT_clean,0.0029594257,0.014488508,0.0290256781,0.1311572376,0.2410094278,0.6777097568,1.097036426,2.97123e-06
RATRUB_clean,0.008696498,0.0423581707,0.084467331,0.3828836052,0.6595504597,1.8450837334,2.747104883,8.60697e-06
RATSAI_clean,0.0089126075,0.0434059447,0.08478573,0.3837495978,0.6716662212,1.8503411078,2.7449010693,8.78586e-06
RAVJOP_clean,0.006210918,0.0307736549,0.0618694899,0.2928337698,0.5662947052,2.2122751228,4.1764528283,6.17731e-06
RAVVIU01_clean,0.0031979241,0.0163874184,0.0323288679,0.1560534109,0.295772236,1.0105346801,1.6775551324,3.26784e-06
RAVVIU_clean,0.0032523105,0.0161745343,0.0322418495,0.1556121036,0.2966455272,1.0030681956,1.6655621403,3.25866e-06
RAVVUH_clean,0.0053507195,0.0274515172,0.052140108,0.265753271,0.5284613108,2.3958911545,6.1043344419,5.38855e-06
RAVWAO_clean,0.0058280584,0.0286260517,0.057088571,0.2813092285,0.5446850601,2.3326045293,5.3681324069,5.77627e-06
RAVWES_clean,0.0059286291,0.0303134758,0.0596214562,0.2915842078,0.5673871955,2.4812308791,6.1170393513,5.92205e-06
RAVWIW_clean,0.004942553,0.025842793,0.0501806419,0.2486642753,0.4792797834,2.1480989966,5.2871587406,5.07211e-06
RAVWOC_clean,0.0044146723,0.0215660401,0.0412052343,0.2045188412,0.4029108001,1.8035960795,4.4519214126,4.22871e-06
RAVWUI_clean,0.0044805416,0.0224190158,0.046138571,0.2273334682,0.4528323197,1.9769258573,5.1344153173,4.56254e-06
RAVXAP_clean,0.0049635082,0.023926219,0.0480259396,0.2440964224,0.4749454827,2.1497808117,5.7285791215,4.82606e-06
RAVXET_clean,0.0034804569,0.0170589342,0.034305684,0.1694360371,0.331016102,1.5170947736,4.1386887741,3.373e-06
RAVXIX_clean,0.0043666887,0.02278806,0.0451669987,0.2200909294,0.4403509624,2.0570704049,5.6786072716,4.46546e-06
RAVXOD_clean,0.004593231,0.0231071515,0.0467755774,0.2309766137,0.4570861378,2.1594801735,6.2306229636,4.65329e-06
RAWZIA_clean,0.0186242263,0.0918672909,0.180641206,0.7830221248,1.4091378794,3.5520967177,4.8406270586,1.83658e-05
RAXBOJ_clean,0.0014158211,0.0070301022,0.0141476566,0.0700590207,0.1370557063,0.5706905043,1.2659099398,1.42346e-06
RAXQEO_clean,0.003523226,0.0179426225,0.0355938814,0.1762460225,0.3435548296,1.5440140144,3.8079377856,3.57429e-06
RAYFAA_clean,0.0026956749,0.0135707086,0.0275839011,0.1357130814,0.2682652202,1.2499333687,3.1675607083,2.75569e-06
RAYFEE_clean,0.0043936623,0.0206268695,0.0416326683,0.2045243403,0.3903148593,1.5938889352,3.5831483193,4.17714e-06
RAYKIN_clean,0.0044374534,0.0220553788,0.0432743526,0.2146789198,0.4154962235,1.6764258166,3.4873909461,4.3795e-06
RAYLAG_clean,0.0052184012,0.0264099031,0.052568749,0.2505892239,0.4787088372,1.7451468308,3.2668512097,5.28555e-06
RAYLOU_clean,0.0053255277,0.026666568,0.0538812605,0.2567838672,0.4926331161,1.7828948132,3.2695065379,5.46081e-06
RAYMAG_clean,0.0089909247,0.0434221345,0.0860598096,0.4260440237,0.8174212569,3.3140251983,6.7188388206,8.72582e-06
RAYMIP_clean,0.005071697,0.0247115158,0.0504274176,0.2512525947,0.4930359103,2.3714323309,6.6572968246,5.03123e-06
RAYMOV_clean,0.0043840459,0.0223154696,0.0449507717,0.2244496276,0.4354480871,2.1596132428,6.3655774092,4.45606e-06
RAZGOQ_clean,0.0027360963,0.0139136215,0.0276248951,0.1374969034,0.2628529294,1.0645775315,2.1255098673,2.80911e-06
RAZXIA01_clean,0.0009558038,0.0045101663,0.0094405475,0.045949502,0.0894920296,0.4117704541,1.0662526326,9.19223e-07
RAZXIA02_clean,0.00175581,0.0085796593,0.0172519767,0.0846096331,0.1693682227,0.7569030604,1.8388573351,1.73427e-06
RAZXIA_clean,0.0016279654,0.0084881743,0.0169376433,0.0847937762,0.167455246,0.7441338531,1.7805367635,1.70391e-06
RAZYIC_clean,0.0055447847,0.0272235294,0.0547916416,0.2663159633,0.5175481946,2.1007213052,4.1127485283,5.45504e-06
RAZYOI_clean,0.0070402331,0.0351910006,0.0707885985,0.3507024116,0.6692876986,2.7739250295,5.5312263264,7.06426e-06
REDROI_clean,0.0155676209,0.0750026341,0.1472247322,0.5973151914,0.9672645184,1.9841983681,2.5251689699,1.56218e-05
REDYEG_clean,0.0048436805,0.0237423717,0.0468607935,0.2208890434,0.4113820417,1.2318224495,1.9164596108,4.80221e-06
REFJET_clean,0.0063847338,0.0312739734,0.0622511541,0.2971411381,0.5556947999,1.8920118956,3.2209298468,6.34396e-06
REFTON_SL,0.002037376,0.0102501715,0.0210106917,0.0978241891,0.192115118,0.7478184771,1.4780269124,2.06142e-06
REFTUT_clean,0.0022051624,0.0109015776,0.0217199624,0.1062526675,0.2042404129,0.7893472056,1.563669801,2.16353e-06
REGJIW01_clean,0.0135521092,0.0668635392,0.1300731826,0.5323202873,0.9025098752,1.9353348494,2.4855246154,1.36551e-05
REGJIW02_clean,0.0113449214,0.0564850858,0.1089749581,0.4662543536,0.7976498912,1.8249419258,2.3874263147,1.14358e-05
REGJIW_clean,0.0136922291,0.0692551584,0.1381163043,0.5547239023,0.9303913399,1.9904798141,2.5126839237,1.43239e-05
REGMOH_clean,0.0056889571,0.0286483878,0.0560049133,0.256918685,0.4505194441,1.3645079131,2.2419313188,5.73302e-06
REGMUN_clean,0.0055271363,0.0276166386,0.0554594089,0.2443817818,0.4437074058,1.3255641368,2.197510346,5.53795e-06
REGQUR_clean,0.0070114647,0.0350348989,0.0706808716,0.3447895251,0.6628319568,2.7111700804,5.7195500209,7.12114e-06
REGRAY_clean,0.0054416747,0.0271176431,0.0540149405,0.2712109948,0.5304606745,2.3626481461,5.5994897807,5.49279e-06
REGREC_clean,0.0053568444,0.0264156475,0.0520759447,0.2616879357,0.5022931793,2.3573585036,5.7693396372,5.25924e-06
REGRIG_clean,0.0048358347,0.0236365499,0.047570007,0.2331933685,0.4658577642,2.0788850682,5.2373284278,4.74675e-06
REHHET_clean,0.0113365719,0.05485771,0.1093756239,0.4848158728,0.8461983137,2.7564658733,5.2391722462,1.13454e-05
REHHIX_clean,0.0062299323,0.0307515077,0.0601742755,0.2936718244,0.5448458302,2.119344886,4.6449625476,6.12991e-06
REHHOD_clean,0.004610516,0.0235659493,0.0465989098,0.2286587021,0.4464156595,1.8885065724,4.4438000222,4.7099e-06
REHHUJ_clean,0.0080330871,0.0395235086,0.0794834677,0.3620033627,0.6615868187,2.3907193239,4.9176081739,7.99869e-06
REHJAR_clean,0.0147804122,0.0752942214,0.1449122713,0.6043495354,1.0644176445,3.0995480735,5.3965178994,1.49656e-05
REHTUV_clean,0.2559438829,0.8425973281,1.2363984645,2.224113256,2.6233587541,3.5805868707,4.2110156257,0.00029822
REHVAD_clean,0.012048111,0.0588562857,0.1143911885,0.4947964189,0.8680600284,2.1200129551,2.9502755174,1.19272e-05
REHVEH_clean,0.0114194681,0.0562166866,0.1115860529,0.4766326841,0.8274028296,2.0444890939,2.8663639118,1.15303e-05
REJLAU_clean,0.0005760227,0.0028276754,0.0059048282,0.0289957894,0.0571144353,0.2672832583,0.7230752982,5.88529e-07
REJLEY_clean,0.0128822242,0.0633445766,0.1262784946,0.5680829287,0.9874256995,2.8646512864,4.4915814258,1.29349e-05
REJLIC_clean,0.0118375465,0.058791417,0.1162329384,0.5259903032,0.9340429921,2.9708676637,5.0049129347,1.19111e-05
REJLOI_clean,0.4534333735,1.2400920312,1.6079346768,2.2480674897,2.5525554581,3.2771394012,3.638749004,0.000564362
REJVOS_clean,0.0056928965,0.0297743346,0.0577367408,0.2774861898,0.5063701868,1.588522598,2.4098605841,5.87925e-06
REKZIR_clean,0.0016981674,0.008612573,0.0170072487,0.0768195685,0.1470081002,0.4500941513,0.7339724971,1.75561e-06
RESDUQ_clean,0.0042219319,0.0212621444,0.0426338876,0.2094271988,0.4152439946,1.7918892223,4.3770140004,4.27056e-06
RESQAJ_clean,0.0062229492,0.0310459469,0.0599550736,0.2732944463,0.4653101341,1.1740612858,1.6891550136,6.3209e-06
RESSAK_clean,0.00544075,0.0271667383,0.054902755,0.2662689324,0.5114463664,1.9651012749,3.7200471905,5.47854e-06
RESZIA_clean,0.0128547077,0.0646031037,0.1251432342,0.5953562243,1.0605708088,3.411888759,5.5953165369,1.30268e-05
RETBEZ_clean,0.0078940222,0.0398127282,0.0784643094,0.349647421,0.6256212512,1.8388588997,2.7734943394,7.9902e-06
RETVIW_clean,0.0067235256,0.0330593975,0.0630395238,0.2756285344,0.4607036867,1.0525255012,1.3773668515,6.8069e-06
REVYUO_clean,0.008530891,0.0436494462,0.0846992842,0.4083911117,0.7390839665,2.402074123,3.9184654484,8.70587e-06
REWLEM_clean_h,0.0072398957,0.0356251135,0.071921124,0.3462649055,0.6586905384,2.802491231,6.2690482208,7.06316e-06
REWNEO01_clean,0.0052780708,0.0256844325,0.0506858205,0.256174353,0.4991355542,2.3025428655,6.2020240631,5.14898e-06
REWNEO_clean,0.0050362273,0.0255994604,0.0513133063,0.2528931251,0.5056359151,2.2763682097,6.1086986204,5.13935e-06
REWSUJ_clean,0.0044539179,0.0223652733,0.0452953886,0.2176030595,0.4223304998,1.6646232802,3.4132706637,4.4853e-06
REXCEE_clean,0.0041872258,0.0213490563,0.0427343343,0.2083144856,0.4041958807,1.6512828588,3.5158262731,4.23727e-06
REXCII_clean,0.0025378236,0.0121183545,0.0239503399,0.1186259721,0.2349827153,1.0423325368,2.5092933225,2.39916e-06
REXCOO_clean,0.0022810788,0.0112315975,0.022808813,0.1132363063,0.2225463922,1.0024146454,2.5096053662,2.26861e-06
REXCUU_clean,0.0025950974,0.0119682576,0.0247896979,0.1191631613,0.2364185112,1.0426939545,2.5765663848,2.44726e-06
REXDEF_clean,0.0024489504,0.0122961009,0.0246297261,0.1205515581,0.2417390534,1.0508742388,2.5290211979,2.44887e-06
REXDIJ_clean,0.0022356547,0.0109452283,0.0218450325,0.1104614875,0.2162383699,0.9872173282,2.566977954,2.21181e-06
REXDOP_clean,0.0023126782,0.0115436412,0.0225718178,0.1115378407,0.2229157097,1.0073638951,2.6187949795,2.2605e-06
REXDUV_clean,0.0024035263,0.0121697035,0.0246534256,0.1221789252,0.2397542186,1.0704362176,2.605732594,2.45695e-06
REXFAD_clean,0.0023423026,0.0112888713,0.0224236958,0.1123594241,0.2179862095,0.996211296,2.5352561466,2.24854e-06
REXFEH_clean,0.0021349318,0.0113619449,0.022658716,0.1117471865,0.2214127651,1.0019209054,2.5211391325,2.27196e-06
REXFIL_clean,0.0024904246,0.0122072277,0.0236343463,0.1192184601,0.2366120573,1.0356038481,2.5547272772,2.38904e-06
REXFOR_clean,0.0023561273,0.0118458101,0.0228799116,0.1147116014,0.230404758,1.0178766072,2.5112880321,2.32415e-06
REXGAE_clean,0.0096735001,0.047864537,0.0950161356,0.4633757915,0.8767848543,3.7511084098,8.4179154155,9.43659e-06
REYBAA_clean,0.0038413511,0.0185096575,0.0367479506,0.1756686906,0.3397174567,1.1020144081,1.9418322296,3.79892e-06
REYJEM_clean,0.0141411409,0.0677421726,0.1334260326,0.5533258878,0.9751115023,3.3277571939,7.4807593776,1.39666e-05
REYMOZ_clean,0.0076268735,0.0385018267,0.0762642148,0.3351897904,0.6178142127,2.2947777133,5.253228396,7.77325e-06
REYPES_clean,0.0021846199,0.0109530589,0.0217935669,0.1083386833,0.2017955548,0.7675044053,1.3621566348,2.19627e-06
REYPIW_clean,0.0147097391,0.0713445187,0.143726409,0.6214978972,1.085408578,2.9986301839,4.5553005053,1.45773e-05
REZVAU_clean,0.0073695249,0.0367263156,0.0721360713,0.3403878494,0.6348584385,2.1903152208,3.9248669795,7.3709e-06
REZXEA_clean,0.0029801223,0.0145748105,0.0294179279,0.1472972578,0.2941569199,1.4189438862,4.1109334294,2.92839e-06
REZXIE01_clean,0.0028170316,0.0139568683,0.0279030458,0.1426618943,0.2845879036,1.3127563416,3.5855057483,2.85388e-06
REZXIE_clean,0.0029150308,0.0140798128,0.0285534041,0.1416284481,0.2810385507,1.3185169129,3.6022778664,2.85937e-06
REZXOK_clean,0.0032645794,0.0154603361,0.0308510486,0.1594808905,0.3105218377,1.5267865206,4.55707816,3.12383e-06
REZXUQ_clean,0.0031450377,0.0157071961,0.0316590862,0.1593641683,0.3143634273,1.5407985727,4.5998478852,3.1754e-06
RIBDAJ_clean,0.0062100487,0.0315466293,0.0617138283,0.3072811506,0.5971966329,2.6435004169,5.949250143,6.18718e-06
RIBDEN_clean,0.0059277689,0.0307795029,0.0608464206,0.2988968498,0.5976605793,2.6015518651,5.876606341,6.11664e-06
RIBTAZ_clean,0.0057872427,0.0284887931,0.0566945245,0.2835621065,0.5602869026,2.5564966357,6.1703438703,5.74178e-06
RICBEM_clean,0.0042362433,0.0213306786,0.0429870504,0.2158654855,0.4286190387,2.0743716823,6.133152319,4.26558e-06
RICHIV_clean,0.0015152163,0.0076148426,0.0149389751,0.0717137758,0.1410613476,0.5263015564,1.008608985,1.53019e-06
RIFDUG01_clean,0.0087945985,0.04359162,0.0859239437,0.3895577117,0.7061299824,2.4830560786,5.6214812325,8.91174e-06
RIFGAQ_clean,0.0076139576,0.0375951264,0.0753865754,0.3303075581,0.6278628284,2.3327997122,5.3262326229,7.67152e-06
RIFMIE_clean,0.0054219814,0.0261508391,0.0516654837,0.2417366904,0.4441076562,1.4689041701,2.5756398524,5.32011e-06
RIFQUT_clean,0.002394357,0.011639038,0.0233432045,0.1130889624,0.2215502556,0.8948465221,1.8012112986,2.35331e-06
RIFSOQ_clean,0.0086568416,0.0421043699,0.0830007265,0.4055966252,0.7540274553,2.9354916634,6.2569118756,8.3844e-06
RIGPEE01_clean,0.0035284174,0.0173425965,0.0354931212,0.1754931468,0.3358571418,1.3747511074,2.8496867034,3.53866e-06
RIGPEE_clean,0.0034620187,0.0179322912,0.0363864855,0.173110223,0.3427900015,1.3438780353,2.7865554732,3.55673e-06
RIGTIL_clean,0.0104542842,0.0494322576,0.0995952146,0.4773338138,0.8906367875,3.1731415697,5.4877134931,1.00424e-05
RIGVOU_clean,0.005444977,0.0263868461,0.0527110669,0.2291137483,0.3982575989,1.0165346274,1.4782998788,5.43076e-06
RIGWIP_clean,0.0043897137,0.0222502591,0.0434305694,0.1964110402,0.3486899053,0.941144566,1.4426044604,4.41961e-06
RINSEM_clean,0.0053361665,0.0264196861,0.0525296942,0.2526417145,0.509082761,2.0461922057,4.2683323102,5.25689e-06
RIPKIM01_clean,0.0018532853,0.008953383,0.0180449714,0.0884065392,0.175935557,0.7687820527,1.7848819524,1.80557e-06
RIPKIM_clean,0.0018815925,0.0096593964,0.0193770722,0.0970701902,0.1903322371,0.8023509945,1.85121225,1.96218e-06
RIPNIP_clean,0.0043142803,0.02152994,0.0434238183,0.2092402896,0.3954672454,1.4665558483,2.6723442048,4.34828e-06
RIPTEQ_clean,0.0015402165,0.007891271,0.0157006984,0.0778284783,0.153998262,0.6859310349,1.7051552462,1.57201e-06
RIRDED_clean,0.0061898644,0.0310784293,0.0619890918,0.291548009,0.5449640902,1.969204029,3.5843909984,6.21195e-06
RIRDIH_clean,0.0061238145,0.0306400966,0.0600216751,0.2760657169,0.5274014081,1.8186123147,3.1317745793,6.13884e-06
RITGEI_clean,0.0012275259,0.0062533158,0.0125991807,0.0619803648,0.1215713377,0.5358403772,1.3050313627,1.24304e-06
RITGIM_clean,0.0016721632,0.0080191415,0.016216691,0.0808589638,0.1549035336,0.6994935003,1.6412004928,1.61084e-06
RITGUY_clean,0.0015580299,0.0074357163,0.0150159485,0.0727157986,0.1419695428,0.5841915991,1.3065351985,1.48721e-06
RIVDEF_clean,0.0022940865,0.0108680976,0.0220215839,0.1062922169,0.2061796517,0.8453393163,1.8317224181,2.2055e-06
RIWMUH_clean,0.0050326815,0.0255508011,0.0506369016,0.2462998958,0.4787506837,2.0430187247,4.4828161537,5.10914e-06
RIWNAO_clean,0.0033484855,0.0163913996,0.0327979378,0.1628542884,0.3069195897,1.3121209377,3.023783659,3.31583e-06
RIWSUM_clean,0.0029952897,0.0154416206,0.0306208366,0.1518398693,0.3009319442,1.2581305282,2.8033899183,3.10712e-06
RIXBEG_clean,0.0064327993,0.0317102977,0.0632109027,0.2852649573,0.4996042278,1.4379265099,2.1847031149,6.44279e-06
RIXBIK_clean,0.0082416098,0.0411335396,0.0805722724,0.3730309829,0.6774723334,2.1023444623,3.3342099007,8.22851e-06
RIXPIZ_clean,0.0077851226,0.0391766572,0.0776332871,0.3733410458,0.7277682714,2.9321221593,7.056772273,7.86616e-06
RIYBAE_clean,0.0037925815,0.018776603,0.0372931696,0.183832568,0.3506093815,1.5837362203,3.6634276863,3.73741e-06
RIYBEI_clean,0.003882113,0.0188595513,0.0379356899,0.1867726251,0.3557363776,1.5996122654,3.6533428823,3.80142e-06
RIYBIM_clean,0.0040315517,0.0200537438,0.0397645029,0.1974374091,0.3782443384,1.7107103484,3.903671695,4.03182e-06
RIYBOS_clean,0.0038340557,0.0192940425,0.039067342,0.1908937083,0.3731002259,1.671167041,3.8376435158,3.93414e-06
RIYWED_clean,0.003696479,0.018876062,0.0376485273,0.1790616787,0.3302696936,1.1088707984,1.7697608792,3.83082e-06
RIYWIH_clean,0.003762593,0.0185809382,0.0373257059,0.1787780363,0.3283708933,1.1263141708,1.9129790759,3.78137e-06
RIYXIG_clean,0.0027705227,0.0130634008,0.0266966352,0.1304008317,0.2572805609,1.111378345,2.5309704407,2.65949e-06
RIZXUT_clean,0.0048991776,0.02418617,0.04822452,0.2472923257,0.4912938962,2.2591086447,5.8394959302,4.94141e-06
ROBWAH_clean,0.0059456289,0.0283125763,0.0564682727,0.268822932,0.4813442003,1.5422443202,2.4240677902,5.82819e-06
ROBYOY_clean,0.0407477328,0.1948718435,0.3691639466,1.3813634735,2.1632895791,4.3166643512,5.4985314803,4.05316e-05
ROCZAM_clean,0.0045116516,0.0239186242,0.0474998288,0.2350303315,0.4567867884,1.9685397202,4.2846689913,4.72604e-06
ROCZEQ_clean,0.0045559284,0.0229888117,0.0467349092,0.2248665193,0.442343396,1.9432561496,4.2909074375,4.62423e-06
ROCZIU_clean,0.0044658481,0.0222536644,0.0449310119,0.2204983855,0.4281282581,1.8291678543,4.1876165704,4.46467e-06
ROCZOA_clean,0.0040349562,0.0198040124,0.0397882308,0.1994175604,0.3914487482,1.7809401827,4.524343769,3.99493e-06
ROCZUG_clean,0.0036869723,0.0183810068,0.0363083918,0.1820846479,0.3657911494,1.6766796488,4.335597715,3.66983e-06
RODBAP_clean,0.003604119,0.0176436124,0.0355274993,0.1763097722,0.3493571954,1.6331464484,4.3010665267,3.5361e-06
ROGLOP_clean,0.0048809477,0.0240903499,0.0487817368,0.2323582084,0.4300623486,1.5552086355,2.6467708319,4.91686e-06
ROGSAI_clean,0.0037766453,0.0187510623,0.0377773163,0.1857544645,0.3627951254,1.5943816237,3.7172021104,3.76498e-06
ROKRIU_clean,0.9686490538,1.473819187,1.8447843162,3.4970748563,4.4039593225,6.36776942,7.5262589618,0.00419718
ROKROA_clean,0.2584642981,0.8505807579,1.233247438,2.8091326095,4.1199565361,8.3943675801,10.8222654593,0.000311384
ROLZEZ_clean,0.0092171998,0.0458166272,0.0880377267,0.4235676137,0.7451174953,2.3506377544,4.1196647355,9.3797e-06
ROMMAJ_clean,0.013308547,0.0651399919,0.1297951988,0.5543415339,0.9535518609,3.1702746885,6.3879200624,1.33504e-05
ROMQAN_clean,0.0040839426,0.0205035437,0.0403867417,0.1876685514,0.3572800126,1.1276278399,1.8332333702,4.05631e-06
RONCIG_clean,0.0007967626,0.0043404749,0.0085746057,0.0426178025,0.08614362,0.4241509434,1.1375463555,8.60123e-07
RONSIY_clean,0.0149491331,0.0740394536,0.1450635865,0.5788990636,0.9447521013,1.9751507358,2.5189091536,1.51796e-05
RONSOC_clean,0.0025105171,0.0130195124,0.0262442214,0.130341693,0.2596427462,1.1656965358,2.9640643207,2.63532e-06
RONSOE_clean,0.0108885964,0.0537647058,0.103702641,0.4406302841,0.7299532626,1.6820129627,2.2070311611,1.09219e-05
RONWIA_clean,0.001549087,0.0077421771,0.015251421,0.0760209138,0.1509097399,0.6989933259,1.8887833402,1.52327e-06
RONZID_clean,0.0013587251,0.0070755058,0.0144803994,0.0722943127,0.142008948,0.6821972088,1.9256935933,1.44188e-06
ROQVIE_clean,0.0050230593,0.0260025527,0.0509987927,0.2559634252,0.5080348298,2.3307363856,5.6390729395,5.16198e-06
RORLIV_clean,0.0025395373,0.0126321049,0.0255028148,0.1240968612,0.2417039489,0.9915539584,2.0726893967,2.52011e-06
RORRIB_clean,0.002373038,0.0122433417,0.0244958176,0.1177859896,0.2306240396,0.9411123588,1.9273864266,2.43801e-06
RORTAV_clean,0.0051457653,0.0258519668,0.0507213002,0.2522308144,0.4898315847,2.3610691875,6.1434654321,5.11981e-06
RORTID_clean,0.0061295963,0.0297688012,0.0600591202,0.2938224372,0.5781800307,2.4189881887,5.2400542863,6.03588e-06
RORTOJ_clean,0.0055013045,0.0278848047,0.0549013616,0.2725019124,0.5253925929,2.2172634895,4.7862177739,5.55578e-06
RORTUP_clean,0.0061701197,0.0318460631,0.0629538965,0.3091384995,0.5965247725,2.4520622852,5.0878944137,6.37739e-06
RORVAX_clean,0.0106166224,0.0516549796,0.1034011836,0.5140961771,0.9960184834,4.3418556812,9.2683805538,1.04631e-05
ROTQIC_clean,0.00406387,0.0199524902,0.0399198029,0.1923445744,0.3609494776,1.2808490741,2.2428399884,4.00907e-06
ROTTOL_clean,0.0091854394,0.0483258816,0.094100781,0.4493845335,0.8592169458,3.0672276173,5.3104332753,9.52657e-06
ROYJUM_clean,0.0125591608,0.0623523833,0.1220522082,0.5912921941,1.0945401571,3.9800936459,6.9844360851,1.23948e-05
ROYREE_clean,0.0157937017,0.0789894968,0.1532902056,0.6008050055,0.9687741184,2.3769468581,3.7968100852,1.64429e-05
ROYRII_clean,0.0159871566,0.0783958605,0.1544839297,0.6020217924,0.9698623926,2.3579120612,3.8117411064,1.65213e-05
ROYROO_clean,0.0173385153,0.0873984913,0.1644719393,0.6463522774,1.0361211043,2.4759611592,3.9458960267,1.80829e-05
RUBDUP_clean,0.0036994587,0.0201884747,0.0386480187,0.1995669228,0.3925729687,1.9029940119,5.4238972172,3.97153e-06
RUBGUS_clean,0.0115353036,0.0575698298,0.1125257982,0.4952971887,0.8637651488,2.2343195379,3.2222279673,1.15845e-05
RUBTAK01_SL,0.0059192559,0.0295161543,0.0582177014,0.2788911008,0.5309018355,1.9280548908,3.9646628589,5.97226e-06
RUBTAK02_SL,0.005630471,0.0283459912,0.057491566,0.2653566036,0.4974728961,1.8082892805,3.6243507143,5.7196e-06
RUBTAK03_auto,0.0013183114,0.006626299,0.0134253682,0.0663212062,0.1290508588,0.5957687885,1.5712563415,1.33031e-06
RUBTAK04_clean,0.0129116936,0.0636998385,0.1269882802,0.5469691555,0.9905917251,2.9739253326,5.1414765191,1.32416e-05
RUBTAK06_clean,0.0131517945,0.0649863492,0.1265080785,0.5594859369,0.9995471296,3.0146758272,5.1660900845,1.33178e-05
RUBTAK07_clean,0.01336466,0.0651504778,0.1271882448,0.5518485787,0.9984512662,3.0034362392,5.1305573045,1.3275e-05
RUBTAK08_clean,0.0130285188,0.0636109653,0.1266965756,0.5497564758,0.9847024448,3.0033444992,5.1727806568,1.30779e-05
RUBTAK09_clean,0.0131883471,0.0656794165,0.1282224704,0.5471662532,0.9972951984,3.0238433805,5.1891476529,1.31438e-05
RUCGOM_clean,0.0022390439,0.011494574,0.0225990212,0.110120658,0.2071598405,0.8113907416,1.5832518654,2.28199e-06
RUDPOW_clean,0.0019580326,0.0096668647,0.0193846571,0.0942160809,0.1816185835,0.6850661654,1.3041636516,1.94987e-06
RUDQEN_clean,0.0014573063,0.007461391,0.0148102488,0.0685414401,0.1274630138,0.3933549793,0.6085238554,1.4858e-06
RUDQOX_clean,0.0008691957,0.0042162839,0.008635568,0.0418220882,0.0813040341,0.3487826982,0.7713423085,8.53229e-07
RUFDUT_clean,0.0089920583,0.0443325181,0.0895641357,0.4021081225,0.7437712267,2.1269064236,3.2148092878,9.1467e-06
RUFPUF_clean,0.003561088,0.0163430197,0.0345757902,0.1708942378,0.3459953076,1.7250384961,4.9872039979,3.44919e-06
RUFRIV_clean,0.0042113066,0.0208046278,0.0416890672,0.1949397241,0.3823247857,1.3712236281,2.489413449,4.1936e-06
RUFTET_clean,0.0043078881,0.0211379939,0.0420424187,0.2025510307,0.3917462945,1.5218348319,2.8834851287,4.23034e-06
RUFZID_clean,0.0039587268,0.0195036635,0.0388490339,0.1924689254,0.3801582415,1.6659879998,4.109791568,3.92498e-06
RUFZOJ_clean,0.0044648491,0.0222991944,0.0455272007,0.2186581307,0.4228599395,1.7747380018,4.0843984518,4.52159e-06
RUGKOV_clean,0.006085643,0.0298508335,0.0590981322,0.2940381538,0.5726499569,2.5580381889,5.8548432659,5.97033e-06
RUGXIC_clean,0.0147590159,0.073457505,0.1447261614,0.6773328002,1.2914448676,4.6292045338,8.2378687699,1.4776e-05
RUGXOI01_clean,0.0084975312,0.0430925941,0.0836830742,0.4085602795,0.774505099,3.0868702263,5.8840234868,8.4554e-06
RUGXOI_clean,0.012682395,0.0620742953,0.1241315501,0.5839738057,1.0732386213,3.5106100445,5.6874342944,1.26644e-05
RUGXUO_clean,0.0125431313,0.0617794136,0.1216793225,0.5626835243,1.0316051767,3.3270810275,5.6383705442,1.24726e-05
RUGYOJ_clean,0.0064037095,0.032833427,0.0648944634,0.3112840139,0.5801457288,2.0284387088,3.4929852746,6.55466e-06
RUGZAW_clean,0.006943395,0.0351454619,0.0701671386,0.3401596997,0.6432790724,2.5019436346,5.0292917915,7.05857e-06
RUHCED_SL,0.0109529492,0.0541651077,0.1084431666,0.5117339449,0.919953052,2.9517583472,4.6875416699,1.10861e-05
RUHFEH_clean,0.0016881894,0.0082019304,0.0164921461,0.0825791623,0.1624602362,0.7998507841,2.345773615,1.63196e-06
RUHFIL_clean,0.0016488332,0.0081495783,0.0161615747,0.0798512491,0.1594058372,0.7881465541,2.2908247431,1.60325e-06
RUHFOR_clean,0.0016728072,0.0080913189,0.0159679001,0.0798674162,0.1595544526,0.7803591778,2.2847625552,1.59513e-06
RUHFUX_clean,0.0015305212,0.0079518697,0.0158823635,0.0800317213,0.1604011833,0.7775688803,2.3143660382,1.60727e-06
RUKHAI_clean,0.0067087626,0.0333897825,0.0674115116,0.3264653302,0.6154537971,2.7288965232,6.3017034719,6.70019e-06
RULBOQ_clean,0.0018028634,0.0089533782,0.0180297835,0.0888416116,0.1779511232,0.7923239584,1.9901588003,1.78945e-06
RULMUI_clean,0.0059974774,0.0293412091,0.05695977,0.2800966856,0.5397567007,2.2349076086,5.0610029483,5.74783e-06
RULQIY_clean,0.0007966441,0.0040917811,0.007731758,0.0394698027,0.0798288453,0.3821145624,0.9920581555,8.03668e-07
RULVUP_clean,0.0124242927,0.0628080111,0.1226499478,0.5363390322,0.9378173813,2.4714930226,3.496044749,1.25678e-05
RULXOM_clean,0.0098722853,0.0476631781,0.0967298427,0.4678906639,0.8682389162,3.5276512377,6.8037013436,9.64041e-06
RUMRUO_clean,0.0065702675,0.0328130018,0.0625096712,0.288787558,0.5031281603,1.2668707496,1.7685817206,6.6246e-06
RUNXUV_clean,0.0133426079,0.0654121085,0.1317795644,0.5798466714,1.0431256108,3.0428656788,4.6246428317,1.33923e-05
RUPTED_clean,0.0015486392,0.0078506617,0.0154513239,0.0729681672,0.1321309345,0.425509256,0.7052654353,1.59258e-06
RUPVAB_clean,0.0065464085,0.0331672397,0.0661692888,0.3168329204,0.6248503686,2.7254827426,6.0321082844,6.62285e-06
RURPAW_clean,0.0131326174,0.0649735601,0.1250328034,0.5634297975,0.9671349616,2.4362384391,3.3141644009,1.30758e-05
RURPEA_clean,0.0066025807,0.033368441,0.065210585,0.3055071736,0.5719698775,1.8740645145,2.971974747,6.62399e-06
RUSHIY_clean,0.0004685222,0.0024446074,0.004854727,0.0235618625,0.0469167975,0.2129508807,0.558470442,4.81788e-07
RUSWIN_clean,0.0058453492,0.0287114673,0.0573168965,0.2785156475,0.5385922668,2.0245005841,3.7970828538,5.71933e-06
RUSWOT_clean,0.0059441167,0.0289174644,0.0571076405,0.279635448,0.5365319352,2.0738470054,3.9680055508,5.76839e-06
RUSWUZ_clean,0.0061233332,0.0298270555,0.0604077521,0.2885640018,0.5589344247,2.1363187477,4.0382071843,5.94278e-06
RUSXAG_clean,0.0060646646,0.0295087911,0.0595042942,0.2903880473,0.5524531411,2.083593615,3.868009935,5.97906e-06
RUSXEK_clean,0.0058012658,0.0290847021,0.0567436835,0.2814372642,0.5378452095,2.0682788307,3.9165764629,5.7776e-06
RUTNOK_manual,0.0043154159,0.0213242569,0.0415413263,0.2093848489,0.4192361115,2.0081199199,5.8589006135,4.21787e-06
RUVBOB_clean,0.0054207513,0.027705052,0.0556226602,0.2659964609,0.4899181617,1.7838795794,3.2249116981,5.56206e-06
RUVCES_clean,0.0044870214,0.0223912297,0.0454059776,0.2211041563,0.437578113,1.799554221,3.8799941334,4.52145e-06
RUVKAV_clean,0.0045543728,0.0231375434,0.0460839361,0.2286203707,0.4520173413,2.0083620358,5.3644610407,4.67417e-06
RUVMAX_clean,0.0130003365,0.0644006823,0.1271138809,0.5954725452,1.1134347989,3.6070594999,5.6819837623,1.29243e-05
RUVMUR_clean,0.0017413805,0.008175576,0.0163014472,0.0800915074,0.1553805066,0.6499702883,1.4341245742,1.64023e-06
RUWWOW01_clean,0.008518128,0.041787013,0.0814864982,0.3875970138,0.6950072809,2.173717207,3.395325177,8.3647e-06
RUWWUC_clean,0.0082928384,0.0400483042,0.080946141,0.3706473983,0.6624237682,1.9633991353,3.0667105056,8.18256e-06
RUWXAJ_clean,0.006623715,0.0334839652,0.0648040076,0.2985726303,0.543846989,1.4956928968,2.2105141478,6.73637e-06
RUWXEN_clean,0.0084431017,0.0422810243,0.0826367255,0.3829934628,0.7081279032,2.2347273344,3.5156208833,8.35249e-06
RUWZIU_clean,0.001393692,0.0071954927,0.0146285168,0.0729929785,0.1414571141,0.6582661943,1.7081034126,1.46922e-06
RUWZOA_clean,0.0018139336,0.0094695407,0.0182793545,0.0917209593,0.1815686979,0.8190503047,2.0805502963,1.85309e-06
RUWZUG_clean,0.0021516654,0.0104988723,0.0211316958,0.1034440616,0.2048559276,0.8907750121,2.095682318,2.12618e-06
RUYNEG_clean,0.0061529536,0.0306827069,0.0606219895,0.2893285663,0.5479524886,2.0910584877,3.8915867429,6.16242e-06
RUYNIK_clean,0.0052072531,0.0256155664,0.0508001369,0.2454866786,0.4646649615,1.6951167963,3.2017192638,5.17247e-06
RUYQIN01_clean,0.0032762771,0.0159438869,0.0321890613,0.1593333278,0.3160254279,1.4600667398,3.5648781049,3.21907e-06
RUYQIN02_clean,0.0031238292,0.0158960778,0.0309559471,0.1559785717,0.3052882237,1.4297133678,3.5005811675,3.12007e-06
RUYQIN03_clean,0.0030985715,0.0154946617,0.0307574942,0.1527131193,0.3017629784,1.4165108372,3.4898114891,3.09311e-06
RUYQIN_clean,0.0031328497,0.0160250722,0.0313348118,0.1568111718,0.3103126904,1.4479205199,3.5481593496,3.16073e-06
RUYQOT_clean,0.0030778242,0.0157715937,0.0312274668,0.1537035797,0.3065754614,1.4380763537,3.4838768452,3.11725e-06
RUYTIQ_clean,0.0030408398,0.0147188912,0.0305707681,0.1514105466,0.2960349059,1.3918936563,3.4572246199,3.02605e-06
RUYTUC_clean,0.0031337518,0.0154820328,0.0312247606,0.1552226465,0.30624621,1.4186081236,3.4771222299,3.11052e-06
RUYVAK_clean,0.0033522634,0.0166947216,0.0335595312,0.1655478146,0.324696181,1.5207576558,3.6619477176,3.33642e-06
RUYVEO_clean,0.0034646999,0.0178071712,0.0349662225,0.1718323496,0.3427860294,1.5647223364,3.9814126139,3.50979e-06
RUYVIS_clean,0.0028924909,0.0148612251,0.0287788803,0.144638586,0.2885947687,1.3409026139,3.7015992288,2.94055e-06
RUYZUH_clean,0.0014396636,0.0069281095,0.0138101707,0.0683497015,0.1351824129,0.5755213767,1.3380191709,1.38554e-06
RUZCOF_clean,0.0090615536,0.0453185317,0.088795153,0.4140894562,0.7463222051,2.2713958102,3.3948414453,9.07507e-06
RUZDAS_clean,0.0040449342,0.0197170167,0.0384583124,0.1895995966,0.3563850189,1.2822022312,2.3633756562,3.9343e-06
S2052520616005515_bm5080sup1_clean,0.0111140825,0.0549801259,0.1096104524,0.5198814813,0.9672630518,3.4881325322,5.8413964015,1.1077e-05
S2056989016007027_zl2661sup1_clean,0.0097646279,0.0483440816,0.0942453075,0.451950401,0.8419630265,2.9113370641,5.0149297692,9.66948e-06
SABFUX_clean,0.0033361063,0.0172603848,0.0350668198,0.174091185,0.3427686729,1.6073427857,4.4187079245,3.47569e-06
SABKIS_clean,0.0049335929,0.0247977263,0.0494511259,0.2415725963,0.4681365303,1.9033857115,3.8996847748,4.9527e-06
SABVOH01_clean,0.0126278914,0.0635218779,0.1270597733,0.6081229716,1.1090259949,3.9386006963,6.6551570707,1.26851e-05
SABVOH_manual,0.0120092109,0.0602342613,0.1196356063,0.570908033,1.0586045283,3.7716190064,6.3841449412,1.2011e-05
SABVUN_clean_h_min,0.0109595562,0.0541245402,0.1075745885,0.5180423776,1.0019947541,3.9788131824,7.532548754,1.09042e-05
SACDOR_clean,0.0038498554,0.0190787719,0.0380015219,0.187206458,0.3579312165,1.5994127944,3.6472415725,3.82604e-06
SADLEQ_clean,0.0055539268,0.0273446896,0.0544601067,0.2657919639,0.5169855991,2.019550103,3.9412621519,5.4566e-06
SADLIU_clean,0.0068448035,0.0340979723,0.0687001254,0.3287789106,0.622977589,2.2775110895,3.964527722,6.85225e-06
SADMUH_SL,0.0054938908,0.0272136174,0.0556932299,0.2711787657,0.5431646033,2.4608806364,5.7587923272,5.50355e-06
SADVEB_clean,0.0017286099,0.0085004324,0.0170885438,0.0830099018,0.1584089256,0.6036566675,1.1182197251,1.71581e-06
SAHXAD_clean,0.0052556864,0.0271283685,0.0548578086,0.2698875113,0.5371281981,2.4335515281,5.9197145448,5.44862e-06
SAJDIT_clean,0.0040348186,0.019546072,0.0388383549,0.1893504221,0.3807806255,1.5765257776,3.4160761298,3.91493e-06
SAJHUJ_clean,0.017693205,0.0859455265,0.1706819266,0.6617466907,1.0825995794,2.5497510541,3.6781060758,1.79487e-05
SAJRAW10_clean,0.0018004412,0.0085795064,0.01700032,0.0828390509,0.1665364853,0.7935040752,2.2014880647,1.6807e-06
SAJRAW11_clean,0.0017066682,0.0083313686,0.0168517259,0.08450821,0.1672751278,0.7835006622,2.2163590168,1.68735e-06
SAJRAW_clean,0.0017528334,0.0086126876,0.0168675952,0.0843365333,0.170685579,0.7943826559,2.2346029108,1.70709e-06
SAJRUT_clean,0.0059284412,0.0299080314,0.0604315646,0.2984773012,0.5933329545,2.6986699711,6.5445923323,6.02843e-06
SAJSAA_clean,0.0100054346,0.0502572405,0.0989602752,0.4641999004,0.8786727158,3.0776201697,5.4214013535,1.00879e-05
SAKNOJ_clean,0.0061782987,0.0311203592,0.0622461161,0.3039003958,0.5791666497,2.5850506835,5.8737505329,6.19521e-06
SAKRAZ_clean,0.0055066731,0.0273194085,0.0549524997,0.273072601,0.5317284888,2.3548633865,5.1657779436,5.49745e-06
SAKRED_clean,0.0052056827,0.0265542402,0.052472049,0.2657509197,0.5132955488,2.2710393833,5.0619235757,5.27887e-06
SALROO_clean,0.0186304955,0.0856705718,0.1601489274,0.5909604384,0.9833351266,2.6320861954,4.2227208379,1.82545e-05
SALRUU_clean,0.0054720731,0.0281463006,0.0568613125,0.2677211489,0.4853935144,1.724564279,3.1023576206,5.70119e-06
SALXEL_clean,0.0025904054,0.0135257789,0.0269590434,0.1339682673,0.259915367,1.2009385483,3.1246748559,2.69834e-06
SALXIP_clean,0.0018944974,0.00942889,0.0189548829,0.0939605996,0.1863464147,0.8649213135,2.3295613816,1.88909e-06
SALZAH_clean,0.0020224371,0.0101873186,0.0202428462,0.1000810752,0.1992236015,0.9103405634,2.2012651113,2.03989e-06
SAMLAV_manual,0.0056471567,0.027113355,0.0550806893,0.2681436503,0.5138990381,1.9964770554,3.9591178575,5.52422e-06
SAMVEK_clean,0.0043686449,0.0215498861,0.0447340853,0.2171478406,0.4350897898,1.9617122135,4.6404940045,4.44806e-06
SAMVIO_clean,0.004926731,0.0244790216,0.0480047981,0.2414528796,0.4712475909,2.069091945,4.662987415,4.862e-06
SAMXUC_clean,0.0035112061,0.0172511763,0.0343902737,0.1551637504,0.2793578735,0.7982228653,1.3173514666,3.51681e-06
SAMYAJ_clean,0.0032214342,0.0163153224,0.032678886,0.1465520286,0.2619858606,0.7298755035,1.2062645154,3.34861e-06
SAMYEN_clean,0.0034574562,0.0172449123,0.0339381499,0.1529260149,0.2753836936,0.7549594362,1.2226560761,3.50029e-06
SAMYIR_clean,0.0035367653,0.0172740473,0.0339861868,0.1492238854,0.2620415993,0.7225843729,1.1623770093,3.53976e-06
SANGEW_clean,0.0112309819,0.0559078003,0.110124526,0.5084019259,0.9263868972,2.8532359998,4.4722546097,1.12502e-05
SANGIA_clean,0.0162160834,0.0797496618,0.1597330231,0.7016870758,1.2525447174,3.2980404151,4.766274057,1.62353e-05
SANGOG_clean,0.0161384232,0.0791973501,0.1593547627,0.6860770394,1.233474906,3.2757706682,4.7142159247,1.61291e-05
SANGUM_clean,0.0077162908,0.0377740787,0.0750649647,0.3618065228,0.6559759353,2.2987064576,3.931958022,7.66384e-06
SANHEX_clean,0.0160843996,0.0816223785,0.1591629964,0.6925624225,1.2411258397,3.2489320604,4.6474267417,1.63124e-05
SANHIB_clean,0.0114346264,0.0562011945,0.110077879,0.4894996807,0.9035449515,2.5470980326,3.7561257363,1.12394e-05
SANHOH_clean,0.00730679,0.0361888608,0.0722003839,0.3399454714,0.6307013158,2.2006498724,3.7681540454,7.30784e-06
SANHUN_clean,0.0110912439,0.0554940013,0.1067198689,0.4881859311,0.8966528084,2.6788400257,4.1334730801,1.10963e-05
SANJAV_clean,0.0140554857,0.068820953,0.1363309356,0.6215468993,1.1254702251,3.3456791896,5.1459168619,1.39036e-05
SAPHOI_clean,0.0156614108,0.0735858875,0.1450778357,0.6393121986,1.1500765256,3.416669691,5.66920327,1.51383e-05
SAQQAD_clean,0.0052690937,0.0257857591,0.0517039226,0.2537109253,0.4959748874,2.0994765637,4.9860702688,5.17941e-06
SAQQEH_clean,0.0052713245,0.026154337,0.0506546919,0.254332484,0.4983365037,2.1182990144,5.0192826285,5.20378e-06
SAQQIL_clean,0.0053072897,0.0256242582,0.051571337,0.2499075969,0.493083347,2.0785591471,4.964640787,5.15809e-06
SAQQOR_clean_h,0.0059025526,0.0297701518,0.0576342347,0.2886581253,0.5692954572,2.4186587448,5.7231838503,5.92249e-06
SAQSOU_clean,0.0026646904,0.0132607989,0.0257674402,0.1270210346,0.2452505245,1.0064671017,2.1613214914,2.60769e-06
SARGID_clean,0.0041895335,0.0204980101,0.0410732341,0.2013256145,0.392368159,1.8534897578,4.5542145527,4.08084e-06
SARGOJ_clean,0.0040532737,0.0200301849,0.0399777056,0.1993907259,0.3864862793,1.8391915668,4.5047876868,4.00372e-06
SARGUP_clean,0.0043148924,0.0213400955,0.0428437026,0.2106303394,0.4217457636,1.9434729792,4.6975371119,4.30162e-06
SARHAW_clean,0.0039133804,0.0198975588,0.0399313773,0.1966337367,0.3940977496,1.8232191976,4.5004455424,3.99719e-06
SARHEA_clean,0.0042494878,0.0212801412,0.0429999472,0.2126488007,0.4264131146,1.9336713603,4.6733173935,4.28879e-06
SARMEE_clean,0.0048297203,0.0236756175,0.0475774089,0.2261540683,0.383972258,1.1598600997,1.7324110203,4.83967e-06
SARNOQ_clean,0.0030756922,0.0150560651,0.0296862916,0.1460626232,0.2854273404,1.2305285944,2.9993550469,2.9933e-06
SARPIL_clean,0.008359852,0.0418826819,0.0850102774,0.4165359209,0.8055361483,3.549301809,7.6960546926,8.51184e-06
SARTIR_clean,0.0041489534,0.022185923,0.0439186699,0.2176624254,0.4332813365,2.0007243941,5.1538248086,4.37509e-06
SATRIP_clean,0.0027531737,0.014100868,0.0276878536,0.1387954081,0.271900707,1.1726617485,2.6929877076,2.79428e-06
SATROV_clean,0.0028820126,0.0144991372,0.0287275364,0.1428828971,0.2795399905,1.1888343193,2.6604141209,2.87368e-06
SAXLEK_clean,0.0010806224,0.0053539927,0.0110377857,0.0532504746,0.1056413632,0.5277401837,1.4943533945,1.06303e-06
SAXRIS_clean,0.0009436948,0.0048794344,0.009800407,0.0483822081,0.096585932,0.4602232203,1.3203945615,9.73608e-07
SAYTOD_clean,0.0008526854,0.0044319477,0.0089892055,0.0439968388,0.088705209,0.4305715643,1.2099274705,8.85654e-07
SAYTUJ_clean,0.0009689102,0.0050239786,0.0099385918,0.0479687431,0.0980496078,0.4741149157,1.3212910051,9.74988e-07
SEFSOM_clean,0.0033785567,0.0165535205,0.0329757136,0.1602586535,0.3108756787,1.2116198336,2.3163062384,3.28785e-06
SEFVAC_clean,0.0026384826,0.0131512222,0.0266479873,0.131340595,0.2617200774,1.2228783089,3.2607571038,2.64314e-06
SEFVEG02_clean,0.0023821859,0.0119315247,0.0238744913,0.1171939348,0.2335251568,1.0969885946,2.9943733425,2.37104e-06
SEFVEG_clean,0.0023364186,0.011794223,0.0233756281,0.1191253132,0.2327265181,1.1012655451,3.0282228082,2.38586e-06
SEFVUW_clean,0.0025277847,0.0129245363,0.025781605,0.1276351372,0.2555311489,1.184204173,3.1721516822,2.56128e-06
SEFWEH_clean,0.0028513003,0.014107758,0.0282406879,0.1411828443,0.2785395456,1.2995041443,3.4223498577,2.81075e-06
SEFWIL_clean,0.0024063431,0.012213878,0.0244749832,0.1210660454,0.2417947529,1.1267308043,3.0517625614,2.42469e-06
SEFWOR_clean,0.0019610572,0.0102955502,0.0199029313,0.1013047959,0.2009656322,0.9618693144,2.6802973998,2.02609e-06
SEGBIR_clean,0.001468727,0.0073616339,0.0145504764,0.0733139543,0.14800664,0.715417624,1.8879693158,1.47071e-06
SEGMEW_clean,0.0009442611,0.0049132283,0.0098049613,0.0471209306,0.0935386554,0.4047371648,0.949213453,9.676e-07
SEHMUO_clean,0.0010778896,0.0056941601,0.0113181404,0.0562661956,0.1119031724,0.4977750432,1.262542194,1.1428e-06
SEHNEZ_clean,0.0014194716,0.0073256646,0.014628557,0.0727661667,0.1418817631,0.6200603476,1.4740806793,1.46498e-06
SEHNID_clean,0.0011229313,0.005608369,0.0112393727,0.0547595619,0.1094449324,0.5002608588,1.2692298693,1.12189e-06
SEHSII_clean,0.0055719893,0.0284063314,0.0564256401,0.2844465427,0.5557551808,2.2765873278,4.6465419964,5.74917e-06
SEHSUU_clean,0.0059506434,0.0287682445,0.0581727329,0.2829004128,0.5561440146,2.2770188857,4.5360207517,5.80817e-06
SEHTAB_clean,0.0079609431,0.0373568806,0.0758974902,0.3709017619,0.707964949,2.7849947217,5.1187950492,7.66316e-06
SEHTEF_clean,0.0083749201,0.0412881217,0.0833386661,0.4051279646,0.7720315739,3.138357049,6.1294937931,8.20069e-06
SEHVOQ_clean,0.0106956275,0.0530124183,0.1052799754,0.4907911753,0.8971570408,2.849432306,4.285095025,1.05865e-05
SEHXIN_clean,0.005538827,0.027094611,0.0548119533,0.2662504845,0.517114479,1.9959155277,3.825258183,5.48655e-06
SEHZUB_clean,0.004462718,0.0219665697,0.0437874986,0.2153845799,0.4157447957,1.6133588649,3.1473381671,4.41737e-06
SEJBAL_clean,0.0038951604,0.0196737086,0.0393438188,0.1932611273,0.3729746528,1.5036308704,3.0997272715,3.94369e-06
SENQAE_clean,0.1802968448,0.6959135709,1.1214581931,2.0114869583,2.2258670755,2.4678327286,2.569489052,0.000189398
SENVIR_clean,0.0095363144,0.0473864358,0.0960008759,0.4580219142,0.8627961928,3.4776165281,6.7347172793,9.61804e-06
SEQSIS_clean,0.0136050358,0.0693570382,0.1363198878,0.5929569469,1.0583351061,2.8194260234,4.0949048994,1.39971e-05
SEQSOY_clean,0.0107961515,0.0526217906,0.1064328702,0.4983182076,0.9143333061,3.213307365,5.8250134938,1.06391e-05
SEQTEP_clean,0.0068653946,0.0348913101,0.069793228,0.337569076,0.6351508352,2.3312363861,4.4698598413,7.02168e-06
SERCEZ_clean,0.0061323543,0.0313063744,0.06206068,0.3066679019,0.5806743517,2.5507174729,5.9803440359,6.26329e-06
SERJOP_clean,0.0025136985,0.0127972673,0.0252734967,0.1223126146,0.244831409,1.0218127895,2.3363867222,2.54922e-06
SERJUV_clean,0.0030756888,0.0164276599,0.0327438987,0.1575031201,0.3132815332,1.2845051221,2.9840796661,3.24033e-06
SERLEI_clean,0.0074110183,0.0354627208,0.0709158201,0.3478367815,0.6636096636,2.7559077865,6.8158613363,7.18383e-06
SERWAP_clean,0.0144154773,0.071812764,0.1402290003,0.6551087371,1.2348016477,4.1536986146,6.8229645,1.44343e-05
SERWET_clean,0.0227437001,0.112768009,0.2219021954,0.977030001,1.7541705734,4.4939589199,6.1516337839,2.27366e-05
SERWIX_clean,0.0138140734,0.0670286223,0.1380635608,0.642835911,1.190612408,4.0734655891,6.8775278854,1.37767e-05
SESLUZ_clean,0.0076591681,0.0379332729,0.0742648803,0.3410458273,0.6368880379,1.8125843044,2.6079065077,7.66159e-06
SETDUS_clean,0.0078144021,0.0397156846,0.0781128222,0.3824229458,0.7171762327,2.8509102942,5.3500115768,7.9394e-06
SETPEO_clean,0.0052156587,0.0253723601,0.0495439058,0.2514650995,0.4930228734,2.273122332,5.8365137175,5.02922e-06
SETQAL_clean,0.0132292121,0.06604011,0.1286567028,0.5598543207,0.974268096,2.5617642713,3.7679004981,1.32404e-05
SETQEP_clean,0.0130173116,0.0643952325,0.1267032453,0.5563870991,0.9774757396,2.6069308594,3.8955970269,1.30615e-05
SETQIT_clean,0.0130742598,0.0632907012,0.1244955071,0.5479720011,0.9620003824,2.5034889897,3.6908203729,1.29857e-05
SETQOZ_SL,0.0053646538,0.0277411154,0.0558119169,0.2764801198,0.546643452,2.4693601654,5.7456207042,5.54939e-06
SETQUF_SL,0.005597339,0.0282484902,0.0556568911,0.2739296674,0.5484278602,2.455221463,5.7171611172,5.55769e-06
SETRAM_clean,0.0062987419,0.0308580079,0.062680163,0.3043102841,0.6013788692,2.7572305478,6.3281774929,6.16908e-06
SETSIV_clean,0.0048471745,0.0264140072,0.0537025685,0.2577005495,0.5170759525,2.249452004,5.7814540126,5.26629e-06
SETSOB_clean,0.0068728816,0.0349850001,0.0689927457,0.3373596894,0.6467570584,2.6975935312,6.2466397196,6.92548e-06
SETSUH_clean,0.0063545627,0.0312524285,0.0619903352,0.3088610662,0.6006930769,2.8584245057,7.6888142152,6.26418e-06
SETTAO_clean,0.0051260491,0.025829464,0.0516538198,0.255158223,0.5042836966,2.3231984822,6.3771677146,5.14617e-06
SETXEW_clean,0.001005872,0.0049666206,0.0101311511,0.0484828272,0.0954058386,0.3674926888,0.7337617026,1.01216e-06
SEVLEM_clean,0.002961033,0.015403112,0.0308062241,0.1496876342,0.2922349853,1.2591230892,3.1808877399,3.08978e-06
SEWCED_clean,0.0035107986,0.0180846804,0.0350178689,0.1752708296,0.3443961971,1.5502810325,3.9083711564,3.57665e-06
SEYQIW_clean,0.0041996441,0.02071332,0.0421784608,0.2122192014,0.4220536803,1.9349121564,4.908252266,4.24744e-06
SEZPIY_clean,0.0188634724,0.0925591938,0.1797752153,0.7524431146,1.2767377804,2.843355889,3.7393121759,1.90226e-05
SEZPOE_clean,0.0073649509,0.0377975095,0.0749989881,0.3554671914,0.6488758583,2.2827203977,3.6631037964,7.46604e-06
SICZOV_clean,0.0048677524,0.0243211393,0.0476358327,0.2421403312,0.4731529726,2.2301080839,6.1869132832,4.84553e-06
SIDCAL_clean,0.0044860737,0.0214298526,0.0435523701,0.2115757547,0.4012376466,1.5482204819,3.2105972586,4.3776e-06
SIFVAG_clean,0.003122091,0.015161864,0.0303727122,0.1465088266,0.278038835,1.0315533137,1.910312369,3.0439e-06
SIKGAW_clean,0.0045769174,0.0235736855,0.0465374258,0.2327918904,0.4554219066,2.0434260051,4.8906504321,4.64465e-06
SIKYER_clean,0.0052792139,0.0256774454,0.0507095243,0.2495323957,0.4705140118,2.0371277239,4.4932668904,5.05948e-06
SINLAE_clean,0.0040033669,0.0198755767,0.0392423053,0.1891935955,0.3593511335,1.2576222214,2.3162045552,3.99042e-06
SINQEL_clean,0.0071044638,0.035437441,0.0704829987,0.3465331332,0.6619521824,2.6470303811,5.0576125052,7.151e-06
SIPCID_clean,0.0018721455,0.0094267643,0.0181337266,0.0898200594,0.174832634,0.6894992959,1.4294887377,1.85201e-06
SIQCOM_clean,0.0062465489,0.0308164298,0.0609572609,0.294339175,0.5414768262,1.9217495915,3.2675120455,6.25754e-06
SIQQEO_clean,0.0061062536,0.0300774537,0.0601527769,0.2990551562,0.5827147126,2.348811151,4.6490705547,6.04742e-06
SISFEH_clean,0.0034779997,0.0179211151,0.0349046471,0.16312862,0.3099389584,0.9901974976,1.6562689954,3.56546e-06
SISPUH_clean,0.0075969694,0.0376126181,0.0746943726,0.3385460388,0.6105167944,1.8758955999,2.9574369889,7.51488e-06
SISQAO_clean,0.0076325552,0.0371962136,0.0741571123,0.3492719525,0.6180105158,1.9058299412,3.0045383562,7.56209e-06
SISQES_clean,0.0075111602,0.0371684316,0.0739710847,0.3451272716,0.6187867552,1.9093498882,3.0130192499,7.53821e-06
SISQIW_clean,0.0072808928,0.0369924022,0.0726129486,0.338967012,0.6075065037,1.9364325408,3.0942002216,7.41968e-06
SITFUY_clean,0.0471943427,0.2116977998,0.3994756934,1.3095579488,2.0359577907,5.2708392731,8.8462385459,4.81305e-05
SITTUM_clean,0.0045322206,0.021805028,0.0442929252,0.2054878763,0.3900944894,1.2592874017,1.9939859456,4.46988e-06
SIVGAH_clean,0.0098870442,0.0504632249,0.0993300463,0.4726464507,0.8896030648,3.2174346824,5.6831409424,1.00285e-05
SIVGIP_clean,0.0062350752,0.0302831513,0.0614090425,0.2987557714,0.5611222765,2.1892761508,4.1132107149,6.15881e-06
SIVGOV_clean,0.0063205488,0.0312083657,0.0617479379,0.3018493164,0.5693007517,2.1975985816,4.0853163262,6.23148e-06
SIVGUB_clean,0.0054156088,0.0271640058,0.0541118785,0.2709327136,0.5397188321,2.5190783963,6.8226477716,5.45007e-06
SIVJIS_clean,0.007768288,0.0384694602,0.0760312901,0.3425472777,0.6180908735,1.8920008269,3.1268975533,7.82067e-06
SIVKAK_clean,0.0003132481,0.0013661097,0.0028170574,0.0141668621,0.0283804939,0.1258430668,0.2992378453,2.84202e-07
SIVQAR_clean,0.0046616723,0.0238113962,0.0478308882,0.2392068744,0.4569569477,1.884580579,3.7312139983,4.81873e-06
SIVWUR_clean,0.0168407092,0.0807817499,0.1518691296,0.5320310893,0.7808385342,1.2970470495,1.5681468054,1.70454e-05
SIWSUO_clean,0.0176819498,0.0878847789,0.1694807622,0.7381622911,1.2489560969,3.0007294902,4.1909409913,1.78558e-05
SIWTEZ_clean,0.0050467888,0.024025843,0.0480840459,0.2299221538,0.4346144084,1.5388081229,2.7402310629,4.85543e-06
SIWTOJ_clean,0.0190027682,0.0935779337,0.1828258404,0.7793783717,1.3555159271,3.2559893116,4.4604575584,1.89386e-05
SIZJUH_clean,0.000435869,0.0021056623,0.0043317075,0.0215433437,0.0428500729,0.2034916647,0.5438513813,4.32623e-07
SIZPUN_clean,0.0066120494,0.0327308555,0.0644880686,0.3213262248,0.6217861457,2.7729643446,6.8987992067,6.52116e-06
SOBTUY_clean,0.0028343155,0.0143592915,0.0287625521,0.1406689701,0.2751399891,1.1503870868,2.7504139685,2.87975e-06
SOBZEQ_clean,0.0048742693,0.0244649149,0.048794917,0.2425884648,0.4785553218,2.2471404064,5.7614537343,4.88521e-06
SOCLAZ_clean,0.0007221303,0.0038069589,0.0073580173,0.0377821392,0.0775957082,0.3361271297,0.742467412,7.91039e-07
SODNAA_clean,0.0075273174,0.0382761001,0.0755262747,0.3429102692,0.6195353211,1.7557622498,2.6905387659,7.63588e-06
SODQOT_clean,0.0050637519,0.0255402124,0.0507007916,0.2501979865,0.4953638572,2.1393986173,4.7193555172,5.07939e-06
SODXUG_clean,0.0161533065,0.0783404018,0.1556743008,0.6508915974,1.1386166617,2.7165846759,3.7209916329,1.60805e-05
SODZIV_clean,0.0036003734,0.0189201807,0.0374655394,0.1808307825,0.3475869996,1.3439304607,2.6390424407,3.71611e-06
SOHBUO_clean,0.0060823643,0.029830756,0.060046161,0.2678973752,0.5084830361,1.5638960015,2.5309297257,5.99221e-06
SOHGUS_clean,0.0046594821,0.0235196621,0.0469048035,0.2350465033,0.4630199518,2.1325026479,5.5006297698,4.72935e-06
SOHMEI_clean,0.0037102915,0.018941183,0.0376124548,0.1874105372,0.3607027437,1.6083731879,3.7553574659,3.79367e-06
SOHMIM_clean,0.0036319514,0.0187575117,0.0368856695,0.1844902297,0.3519016636,1.5910027564,3.6465997105,3.74521e-06
SOHMOS_clean,0.0031201175,0.0153860361,0.0310569827,0.1420417865,0.2660282382,0.8445980924,1.3979655274,3.09915e-06
SOHMUY_clean,0.0037418909,0.0181683153,0.0364840943,0.1780518601,0.3525316759,1.547943362,3.655578537,3.64077e-06
SOHNAF_clean,0.003639193,0.0185211748,0.0369436017,0.1816054715,0.3646500304,1.5922008988,3.7296053042,3.75643e-06
SOHNEJ_clean,0.0038222059,0.0188727177,0.0382154759,0.187517185,0.3668159032,1.5995069342,3.6918243195,3.81592e-06
SOHNIN_clean,0.0038959378,0.0191511871,0.0385196198,0.1869128473,0.3593545044,1.6121986854,3.7105252157,3.81755e-06
SOJGOO_clean,0.0086745424,0.0428154815,0.0854538481,0.4000071715,0.7208003887,2.2669616238,3.5195358515,8.65246e-06
SOJSUH_clean,0.0056962088,0.0289963749,0.0572420209,0.2764209384,0.5233577401,2.1506708605,4.9972271495,5.70325e-06
SOKKOT_ion_b,0.0068716417,0.0350129628,0.0716280402,0.3335049,0.618630136,2.1767227255,3.74928552,7.13131e-06
SOKKUZ_clean,0.0101609977,0.0493965788,0.100702064,0.4905172436,0.9277254894,3.7917001238,7.1853390804,1.00665e-05
SOKWAS01_clean,0.0035853202,0.0180411588,0.0362842115,0.1755400437,0.3372333335,1.3539648053,2.7093655534,3.61962e-06
SOKWAS_clean,0.0039148158,0.0196310742,0.0392519402,0.1902386088,0.3568488119,1.4069841027,2.7498858531,3.9348e-06
SOKWUM_clean,0.0023686676,0.0116683893,0.0229817358,0.1151024948,0.2242087102,1.0262213789,2.5872144922,2.30778e-06
SOKXIB_clean,0.0175370029,0.0854391945,0.1649715257,0.6879855897,1.1826809321,3.9780103958,8.099425315,1.78378e-05
SOKXOH_clean,0.004872432,0.0245444018,0.0487724119,0.2396806271,0.4748077451,2.1556879605,5.7646717964,4.90014e-06
SOMCON_clean,0.0037129248,0.01793922,0.0363781048,0.1787740371,0.3398846904,1.5588536993,3.6350679191,3.64116e-06
SOMFAC_clean,0.0099916223,0.0490059472,0.0987977352,0.4794010297,0.9088805694,3.7618320702,7.1916395399,9.87121e-06
SOMFEG_clean,0.0100831766,0.0494713481,0.0994233561,0.4759799519,0.9069747148,3.7346618156,7.1335269949,9.91034e-06
SOMFIK_clean,0.0094728148,0.0476768844,0.0964997231,0.4589569619,0.8859202852,3.7014123577,7.1926176446,9.59621e-06
SOMSIY_clean,0.0133956182,0.0671222973,0.1346538295,0.6202596034,1.1110412228,3.3404957404,5.2031921077,1.37922e-05
SONTAR_manual,0.0039717818,0.0195672984,0.0400116892,0.1963421063,0.3831107943,1.6726649332,3.9539031388,3.98757e-06
SONTEV_clean,0.0143022234,0.0714816153,0.1400968855,0.6087380941,1.0566347901,2.7445983863,3.9085829233,1.44997e-05
SONTIZ_clean,0.0039265796,0.0194761694,0.0386723165,0.1924839013,0.3793548207,1.6418640641,3.8626384549,3.90395e-06
SONTOF_clean,0.0039532036,0.0199836824,0.0401933214,0.1940656032,0.3862095389,1.6441056471,3.8383409269,4.00643e-06
SONTUL_neutral_b,0.0076849953,0.0365702451,0.0728227576,0.3374113353,0.6095170009,2.2347863148,5.1376350874,7.44225e-06
SONVAT_neutral_b,0.0076565802,0.037727515,0.0738637839,0.3355927683,0.6279868216,2.2417531828,5.20890793,7.62341e-06
SONVEX_neutral_b,0.0075661685,0.037296122,0.07533362,0.3427792077,0.6136526908,2.2524760116,5.192375503,7.64282e-06
SONVIB_neutral_b,0.0076591634,0.0370300532,0.0742590122,0.3385453565,0.618950817,2.2133871546,5.1475648764,7.57281e-06
SOPLAM_clean,0.0055409071,0.0285374067,0.0568974428,0.2826016859,0.5536202926,2.4455373823,6.0257037027,5.66138e-06
SOPLEQ_clean,0.0051791987,0.0259472543,0.0518121248,0.2587237657,0.5127772819,2.3060890045,5.7782098691,5.23384e-06
SOPLIU_clean,0.0053077536,0.0276550705,0.0537287122,0.274698174,0.5404207427,2.4255530086,5.89981659,5.50144e-06
SOPLOA_clean,0.0056627576,0.0283228054,0.056363074,0.2789839911,0.5511450204,2.4703930516,5.8930100608,5.65543e-06
SOSSEA_clean,0.0148379267,0.0726403926,0.1432348547,0.5897282416,0.9812450928,2.3768690992,3.4410452023,1.48786e-05
SOTWOP_clean,0.0037909225,0.0185762341,0.0369079502,0.184222056,0.3626167288,1.6203141642,3.8868699556,3.71577e-06
SOTWUV_clean,0.0038575539,0.0187214104,0.0381529615,0.1852800671,0.3708161354,1.6212737926,3.8532842853,3.78233e-06
SOTXAC_clean,0.0039480678,0.0194226388,0.0388916446,0.1903899444,0.3782485917,1.6569039274,3.8652716951,3.89982e-06
SOTXEG_neutral,0.0050871143,0.0256883359,0.0517492651,0.2306829417,0.4096840221,1.230072485,1.8781010137,5.23281e-06
SOVHAM_clean,0.0046190307,0.023844931,0.0468673636,0.2276640491,0.4412277673,1.7055607875,3.3799844934,4.75278e-06
SOVHIU_clean,0.0584425619,0.275322728,0.4914819966,1.5958593921,2.2440957654,3.6541234526,4.3194482678,5.99647e-05
SOVHOA_clean,0.0039934886,0.0199575092,0.0407196765,0.1967279926,0.3799317678,1.5277537845,3.1568070775,4.0523e-06
SOVLEW_clean,0.0060442782,0.03012707,0.0603981942,0.294221471,0.5623253834,2.5268735863,6.0806853948,6.0783e-06
SOXDAM_clean,0.005140715,0.0262180293,0.0515731027,0.2442841708,0.4646634425,1.5923042261,2.6499664368,5.21439e-06
SOXDEQ_clean,0.0053799913,0.0263021795,0.0519263611,0.2511322472,0.4750708253,1.6797709418,2.8775823921,5.27823e-06
SOYFUJ_clean,0.0065770597,0.0328751057,0.0649236776,0.3129468405,0.5741713797,1.95147884,2.9889919356,6.64253e-06
SOYWOT_neutral_b,0.0078374037,0.0379057552,0.074202182,0.3391575729,0.6156934123,2.228591821,5.1860311842,7.62887e-06
SOYWUZ_clean,0.0058043431,0.0298762546,0.0589592881,0.271125706,0.5106706453,2.040935016,4.8062733154,5.92786e-06
SOZBIS_clean,0.0016633884,0.0082938595,0.0167103451,0.0814916053,0.1643696081,0.7724383358,2.1880842992,1.6534e-06
SOZGIZ_clean,0.0082562383,0.0411051444,0.0817192738,0.3934563394,0.7512625918,3.148372867,6.2376897982,8.15041e-06
SOZGOF_clean,0.0092900101,0.0467570992,0.0926799302,0.4487565197,0.8650622702,3.4531238834,6.5090016514,9.37441e-06
SOZRUW_clean,0.0077166,0.0389971819,0.0772091443,0.3831858954,0.7318110376,3.0923017323,6.3154811924,7.8498e-06
SOZSAD_clean,0.0077648193,0.0398348141,0.0778658294,0.3794285411,0.7352527693,3.1170025822,6.3512816016,7.88794e-06
SOZSEH_clean,0.0080104686,0.0393438515,0.0796534955,0.3836537681,0.7372679739,3.1463020963,6.3089580357,7.99999e-06
SOZSIL_clean,0.00785703,0.0397521935,0.0801331926,0.391025898,0.7451030784,3.1470166219,6.310721527,8.03148e-06
SOZSOR_clean,0.0080796499,0.0401055437,0.0808932613,0.3884775504,0.7524270738,3.1448960781,6.2674424899,8.06355e-06
SOZSUX_clean,0.0079869289,0.0408747778,0.0800505921,0.3920114874,0.7479401144,3.1636847459,6.2504154556,8.11053e-06
SUBMIN_clean,0.0061751927,0.0304404855,0.0610940377,0.2973568373,0.5756442159,2.3954252973,5.1528843523,6.16592e-06
SUCLOT_clean,0.0042132638,0.0223569435,0.0439617166,0.2220623186,0.4340605431,1.867980219,4.3098358378,4.44731e-06
SUFBAY_clean,0.0136732046,0.066747833,0.1316101226,0.5921510735,1.0515502455,3.3763669158,5.9973787283,1.36403e-05
SUFHIM_clean,0.0024199617,0.0116181336,0.0235739362,0.1162558213,0.2328675194,1.0632421241,2.7715463949,2.35829e-06
SUFJOU_clean,0.0190142103,0.0936703452,0.18641517,0.8182880499,1.4595080081,3.7284924192,5.232955566,1.92182e-05
SUFROA_clean,0.0064645842,0.0333590343,0.0661237336,0.3294172853,0.6450695194,2.613478199,5.2903341135,6.67356e-06
SUGDIJ_auto,0.0037948121,0.0190169539,0.0380591393,0.1905177333,0.3777301449,1.7953700045,5.2159338859,3.79242e-06
SUGVUM_clean,0.0131547489,0.0663732014,0.1279602626,0.6165533275,1.1025344729,3.5633169887,5.6583808338,1.29549e-05
SUHBAA_clean,0.0030576266,0.0142913595,0.0293230878,0.1442308748,0.2934904877,1.4093062522,4.1476384307,2.92187e-06
SUHMEP_clean,0.0048670006,0.0241258452,0.0489563003,0.2405182405,0.4659370603,1.8892358377,4.0158866653,4.88274e-06
SUJNUH_clean,0.0027759511,0.0139225141,0.0277223778,0.137368506,0.2698253678,1.18285446,2.5569952398,2.77031e-06
SUKKUF_clean,0.0025722932,0.0131020958,0.0253730328,0.1209306186,0.2230920953,0.7396650461,1.2044959737,2.58661e-06
SUKKUG_clean,0.078039478,0.327439953,0.5704266824,1.726337151,2.642134917,5.9768950891,8.438977016,7.79058e-05
SUKMAO_clean,0.0980437,0.3791029119,0.5999433649,1.5119837309,2.2870916057,5.3821191097,7.893092902,0.000111245
SUKREX_clean,0.0036094724,0.0174262861,0.034908937,0.164446883,0.3036955221,0.9661070922,1.67515998,3.55271e-06
SUKRIB_clean,0.0036088567,0.0182561952,0.0356340163,0.1687972257,0.3096104485,0.9561774942,1.6291105968,3.63622e-06
SUKYIH_clean,0.0055485994,0.0276869506,0.0553088873,0.2724126915,0.5306007919,2.2703882369,5.6962414755,5.57476e-06
SUKYON_clean,0.0058142812,0.0288041993,0.0583863419,0.2915190613,0.5727523582,2.7051831064,7.5818395717,5.78851e-06
SUNHUF_clean,0.0059329582,0.0294222694,0.0575746079,0.2832827686,0.5482176821,2.0642086547,3.9474609826,5.83496e-06
SUNJER_clean,0.0100475442,0.0485259499,0.0961065604,0.4647867165,0.8615796761,2.9599415845,4.8080138438,9.8049e-06
SUNJIV_clean,0.0070123183,0.0353991797,0.0709909432,0.33505967,0.6484683825,2.4360476561,4.3794635257,7.04098e-06
SUNJOB01_clean,0.0068649965,0.0352078824,0.0711995636,0.344400749,0.6584112755,2.428265037,4.3904310452,7.07765e-06
SUNJOB_clean,0.006975359,0.035685369,0.0698256634,0.3452273414,0.6508818518,2.4229000692,4.3856314036,7.08988e-06
SUNLAP_clean,0.004678553,0.0234102342,0.0463773876,0.228221595,0.4585093127,2.2052929788,6.3513104159,4.61298e-06
SUPLOF_clean,0.0047468968,0.0235362291,0.046548766,0.2309333506,0.4599309099,2.0823596434,5.2374543762,4.67521e-06
SUPQAW_clean,0.0046921962,0.0221133384,0.0463818135,0.2318599631,0.4633543714,2.2029479075,6.372253371,4.64484e-06
SUQHUJ_clean,0.0079696074,0.0406246265,0.0786212296,0.3882001293,0.76125339,3.2949549004,6.9886715451,8.00583e-06
SUQJEV_clean,0.0170951485,0.0835704561,0.1658266341,0.711629792,1.2730052991,3.5066859737,4.9746250574,1.71377e-05
SURDOA_clean,0.0046846877,0.0235341002,0.0463837361,0.2244633463,0.4144015417,1.3574418748,2.2439257729,4.75835e-06
SURHEU01_clean,0.0131202588,0.0672461643,0.127820391,0.5587283648,1.0010063696,3.0437624362,5.198463567,1.33131e-05
SURHEU02_clean,0.0132707698,0.0659159338,0.1296207893,0.55574323,1.0006953135,3.0133900333,5.141862114,1.33367e-05
SURHEU_clean,0.0137509716,0.0670024798,0.1309395523,0.5695028022,1.0315694198,3.1074264387,5.2711102093,1.36896e-05
SURKUN01_clean,0.0129984166,0.0637664933,0.1252932397,0.5454690625,0.9730643609,2.9266562782,5.054510547,1.29555e-05
SURKUN_clean,0.0132019648,0.0655496903,0.1279278989,0.5602413587,0.9954732985,3.0089779108,5.2060650892,1.32521e-05
SURLEY_clean,0.0131517945,0.0647742003,0.1287886785,0.5500574978,0.9942032724,2.983755851,5.0975237238,1.31602e-05
SUSZIQ_clean,0.0239286117,0.1184186808,0.2220511421,0.8221842779,1.2053871963,1.8736098124,2.1471456662,2.40858e-05
SUSZOW_clean,0.0227995258,0.1100097942,0.2127429906,0.7971185727,1.1817308465,1.884320913,2.1895416376,2.27109e-05
SUVNEE_clean,0.005901745,0.0293231807,0.0588518876,0.2854846065,0.5497143673,2.4001904702,5.5616275519,5.87536e-06
SUWBET_clean,0.0060752029,0.030723951,0.0606894789,0.285238987,0.5379087878,2.0206867713,3.6909211225,6.16759e-06
SUWQEI_clean,0.0041343608,0.0202949452,0.0408472873,0.1970711965,0.3821284849,1.7293487961,4.1972690607,4.14257e-06
SUXGUP_clean,0.0070693122,0.0350422668,0.0588646065,0.1863628213,0.2753725586,0.5528362185,0.7701886134,7.32472e-06
SUXNIJ_clean,0.0042199112,0.02088174,0.0424286625,0.2056469666,0.3912350538,1.6720023112,3.4201962415,4.24953e-06
TACFIN01_clean,0.0185588337,0.0897794814,0.1778440565,0.726738238,1.2024733364,2.3753887853,2.794491766,1.84892e-05
TACFIN_clean,0.0145245504,0.0718931685,0.1423868296,0.6195119706,1.0737876049,2.3801643944,2.8879506797,1.45725e-05
TACPAP_clean,0.0036945333,0.0182758548,0.0360303316,0.165055864,0.30385407,0.8553212851,1.3180966826,3.69158e-06
TACPET_clean,0.0040674394,0.0199896119,0.0392219019,0.1781179382,0.3221748117,0.8617343504,1.2859807148,4.03252e-06
TACPIX_clean,0.0037187031,0.017749873,0.0358070483,0.163822051,0.2937372639,0.8422108712,1.2856526955,3.61782e-06
TACWOM_clean,0.0077590959,0.0375337811,0.0749322968,0.3755267155,0.7229042613,3.2246518078,7.4193841736,7.52536e-06
TACWUS_clean,0.0072361856,0.0356125056,0.0727675357,0.3574081343,0.7069857157,3.1046396957,7.3700008353,7.21013e-06
TADCOS_clean,0.00615981,0.0311648312,0.0621773669,0.3032897356,0.5873222461,2.4418941811,4.9013145855,6.22097e-06
TADWEC_manual,0.0083167502,0.0410001965,0.0818808301,0.3840206215,0.7063467958,2.4932031041,4.8576753755,8.33507e-06
TADWIG_manual,0.0097051505,0.0469414521,0.0946849634,0.4299678928,0.7927598234,2.70878152,5.1801173536,9.55004e-06
TADWOM_clean,0.0078055753,0.0387273657,0.0789592117,0.3709266403,0.6966630063,2.588376543,5.3294510976,7.95985e-06
TADYEE_clean,0.0034577552,0.0165591867,0.0338760241,0.1630008894,0.3211783817,1.3242766072,2.8374981808,3.35009e-06
TADYII_clean,0.0027833742,0.0142274882,0.0278804361,0.1388276399,0.2693356098,1.1620455305,2.6687077054,2.81768e-06
TAGBUZ_clean,0.0141013991,0.0684260643,0.1362852625,0.5919244584,1.0045254379,2.4620228942,3.354563213,1.41019e-05
TAGSEB_clean,0.0025647923,0.012768297,0.0255703302,0.1247698519,0.2401939413,0.9512385497,1.9485219113,2.56422e-06
TAGTED_clean,0.0056278936,0.0280366177,0.0570782809,0.2818981047,0.5542744415,2.4656002134,5.9653055758,5.68801e-06
TAGTIH_clean,0.0058035585,0.0289195127,0.0577684653,0.2890766866,0.5727706547,2.6133779368,6.5111970277,5.79893e-06
TAGTUT_clean,0.0074117486,0.0361833153,0.071983051,0.355524196,0.6859007249,2.9833448173,6.7632685537,7.30585e-06
TAGVAB_clean,0.0065769769,0.0320998491,0.0637758527,0.319321537,0.6180054823,2.7451516745,6.390033427,6.42501e-06
TAHNEY_clean,0.0008289672,0.0041020636,0.0084648343,0.0422824175,0.0853113129,0.4147005008,1.2506283457,8.48972e-07
TAJXIO01_clean,0.0002106254,0.0009851835,0.0020756798,0.0107622807,0.0221538899,0.1037168942,0.2733688945,2.15884e-07
TAJXIO02_clean,0.0001910916,0.0009078976,0.00191856,0.0089762109,0.0184934235,0.0906606646,0.2358418952,1.84376e-07
TAJXIO03_clean,0.0001528733,0.0007448327,0.0016026218,0.007961302,0.0164763452,0.0794728865,0.2124318963,1.58857e-07
TAJXIO04_clean,0.000152024,0.0007524764,0.0013554766,0.007344713,0.0142571343,0.0735592375,0.2073471603,1.49092e-07
TAJXIO_clean,0.0002106254,0.0011295639,0.0020374614,0.0106875427,0.0212689233,0.10034349,0.2714613754,2.15243e-07
TAKGOE_clean,0.0025329346,0.0130283124,0.0258964006,0.1231343406,0.2346350154,0.9047244087,2.0192379453,2.57716e-06
TAKGUK_clean,0.0024752011,0.0121950292,0.0251167484,0.121635671,0.2324099701,0.8952961168,1.9942882002,2.51222e-06
TAKHAR_clean,0.0024861438,0.0124445311,0.0243338234,0.1199743958,0.2316547395,0.8913005222,1.9993679259,2.49886e-06
TAKHEV_clean,0.0025242176,0.0128850586,0.0250964426,0.1206867494,0.233791222,0.9168794334,2.0034905049,2.534e-06
TAKTIL_clean,0.0141550205,0.0706937996,0.1395426518,0.6771540822,1.2887051689,4.632273189,7.0162246312,1.41285e-05
TAKTOR_clean,0.0099637373,0.0501321227,0.0998757611,0.4986327394,0.945197557,3.7691268721,6.4743852948,1.01227e-05
TAKVAF_clean,0.0104714156,0.0512335637,0.1033897775,0.5069785283,0.9603528561,3.8220997857,6.5536934652,1.03801e-05
TAMHUM_clean,0.002394122,0.0122334552,0.0241073581,0.1207314446,0.2358563538,1.1455942035,3.2656865754,2.41229e-06
TANBOZ_clean,0.0011949578,0.0058156868,0.0115484374,0.0577608053,0.1157484156,0.562836953,1.5824727448,1.15384e-06
TAPLED_clean,0.004510019,0.0216035478,0.0431026969,0.215936299,0.4188366943,1.7254580993,3.6758133764,4.38102e-06
TAPXIT01_clean,0.003627348,0.0178264965,0.0364205145,0.1624822518,0.2968970349,0.817348687,1.2376549518,3.65295e-06
TAQGEZ_clean,0.0028623699,0.0143388532,0.0289573855,0.1422524569,0.2856679926,1.3492563847,3.6749261804,2.88871e-06
TAQGOK_clean,0.0044744087,0.0223346677,0.0450633823,0.2000904302,0.3507562646,0.8877162744,1.2251635759,4.62099e-06
TARVOX_clean,0.0012744377,0.0065282641,0.0134031236,0.065835902,0.1292348725,0.5485431773,1.2710697058,1.34801e-06
TARVUD_clean,0.0014049094,0.0073574588,0.0144477263,0.0702939523,0.136077973,0.5897311907,1.3453386551,1.44037e-06
TARWAK_clean,0.0013017592,0.0065986818,0.0130926731,0.0632299654,0.1263954244,0.5262110381,1.1967893912,1.30654e-06
TARWEO_clean,0.0013073317,0.0066079879,0.0130376527,0.0648683962,0.1272926504,0.5439079547,1.2504243489,1.32862e-06
TASFAU_clean,0.0032377455,0.015501587,0.0306567486,0.1564282201,0.3103020283,1.5052699582,4.4203601468,3.09588e-06
TASVUG_clean,0.0036220345,0.0179829385,0.0360162749,0.1741930899,0.3354959011,1.3848614204,3.2170391422,3.64809e-06
TASWAN_clean,0.0038690596,0.0190161222,0.0379999884,0.1860705056,0.3524442059,1.4812080346,3.4208508401,3.82438e-06
TASWER_clean,0.0038286984,0.0198220688,0.0388669641,0.1929950661,0.3552304638,1.5413655312,3.4906386492,3.94573e-06
TASWIV_clean,0.0039586083,0.0195064152,0.0388153582,0.1891566515,0.3544433367,1.5281977707,3.5008436824,3.87381e-06
TASWOB_clean,0.0038037207,0.0191542438,0.0376741206,0.1855602,0.3545441508,1.4788310193,3.3708557743,3.85361e-06
TASXIW_clean,0.0079868996,0.0402090033,0.0799376219,0.3837627526,0.7379112039,2.9561458988,5.7695670934,7.99076e-06
TATPOV_clean,0.005659808,0.0279754118,0.0558717612,0.2782013337,0.5279138777,2.4771195097,5.7612745163,5.65928e-06
TATSAK_clean,0.0079113929,0.0396759864,0.0810194712,0.3825153102,0.7049304575,2.6610202646,4.7130370494,8.0068e-06
TAVSER_clean,0.0263449151,0.1309612648,0.2505314406,0.9691918292,1.5250699103,2.7713017283,3.4452298716,2.65839e-05
TAWHOO_clean,0.1672569302,0.6889409699,1.1532931328,2.4105177572,2.9890479211,4.2667159443,4.9140728266,0.000173967
TAWSUI_clean,0.0123769396,0.060011464,0.1193642747,0.5530194253,1.0121535777,3.1111362948,4.8040547833,1.21553e-05
TAWTAP_clean,0.0119591317,0.0601029241,0.1190857674,0.556094328,0.9948571772,3.1006436765,4.5926925603,1.20105e-05
TAWYUO_clean,0.0062726658,0.0317452439,0.0625484306,0.3047126778,0.5813349232,2.2480678573,4.4708621953,6.27704e-06
TAYNEN_clean,0.0028035004,0.0148106876,0.02928222,0.1414865122,0.2737857483,1.0083397826,2.0203870235,2.9582e-06
TAZLAJ_clean,0.0048373964,0.0243171934,0.0489026415,0.2284903721,0.4181405921,1.6525352926,3.902097921,4.88785e-06
TAZLEN_clean,0.0050288495,0.0246694888,0.0491524652,0.2348219356,0.4295118174,1.7088253848,4.0040283796,5.00301e-06
TAZLIR_clean,0.0053115639,0.0254901794,0.0518764522,0.2417342299,0.443169832,1.7344371329,4.1008534145,5.17207e-06
TAZLOX_clean,0.0053212766,0.0260109954,0.0513819491,0.2398529544,0.4452733685,1.7305961007,4.0949620917,5.21858e-06
TAZLUD_clean,0.0050890285,0.0257998226,0.0502421486,0.2372515413,0.4400473726,1.7260409588,4.0829388287,5.17014e-06
TAZSAP02_clean,0.0018975088,0.0091237444,0.0188545588,0.0908371532,0.1754808642,0.6655821819,1.3230457683,1.85976e-06
TAZYAV_clean,0.0029931273,0.0150042751,0.0302362431,0.1497046613,0.2953936471,1.416441931,3.8350364099,3.00949e-06
TEBSAW_clean,0.0068558835,0.0340634843,0.0687822663,0.3277028352,0.6025424897,2.1396489712,3.6296055082,6.86634e-06
TECTUS_clean,0.0067434681,0.0343877892,0.0680096296,0.3228893352,0.5980735061,2.0003250701,3.4763981197,6.91301e-06
TECVEE_clean,0.0074236603,0.0372851929,0.0728391368,0.3467183128,0.646359118,2.0741308658,3.5244872702,7.54952e-06
TEDXOR_clean,0.008065527,0.0391003272,0.0765262469,0.3561345597,0.6361127114,1.9072653482,2.8959763518,7.93476e-06
TEFWIL_clean,0.0048007558,0.0241827504,0.0465393745,0.2095379624,0.3848744741,1.4194968992,3.016021282,4.73376e-06
TEFWOR_clean,0.0120593922,0.0598670198,0.1133801862,0.4478232482,0.7424166194,1.8061361781,2.8911542295,1.23102e-05
TEHRUU_clean,0.0021161128,0.0106492097,0.021477813,0.1032282308,0.1984899191,0.7707410128,1.7070706005,2.13943e-06
TEHWEK_clean,0.0062028263,0.0310667189,0.0620858586,0.2988975955,0.5568570384,2.0011764967,3.7223443436,6.2686e-06
TEJBAN_clean,0.0032929088,0.0154673644,0.0301008967,0.1448310059,0.2737793142,1.0236166267,1.7842184144,3.10764e-06
TEJBOB_clean,0.0029219106,0.0144897347,0.0290472286,0.1415283904,0.2744141726,1.0892438027,2.2112136647,2.89273e-06
TEJGAS_clean,0.0024792232,0.0121621367,0.0239279415,0.115940928,0.2290769722,0.8987040675,1.804646206,2.41092e-06
TEJGEW_clean,0.0022814817,0.0115681558,0.0225205842,0.109491382,0.2176742257,0.8548346357,1.7176051052,2.2728e-06
TEJGIA01_clean,0.0022845893,0.0114430623,0.0231428415,0.1127447202,0.2199125521,0.8776577781,1.7527244393,2.29624e-06
TEJGIA_clean,0.0022577681,0.0113233249,0.0227290291,0.1107053531,0.2146728442,0.8740560776,1.744565055,2.29212e-06
TEJLOL_clean,0.0044415756,0.0224026094,0.04428537,0.2181231846,0.4211978439,1.7231247294,3.6186005394,4.46438e-06
TEMPAE_clean,0.0057392259,0.027838929,0.055634998,0.2708204767,0.5189211192,2.1323829394,4.704662478,5.63384e-06
TEMPEI_clean,0.0041566634,0.021611176,0.0432310359,0.2114572235,0.4235686295,1.8790781506,4.8513877154,4.32028e-06
TENLIJ_clean,0.009487981,0.0478835466,0.0957465118,0.4434287627,0.8135972313,2.5589535323,4.2401739173,9.65894e-06
TENQOS_clean,0.0034512279,0.0167942606,0.033851927,0.167426821,0.328343232,1.4921519242,3.5949702649,3.36952e-06
TEPJAB_clean,0.0650522896,0.3104179719,0.5716902489,2.14015397,3.1578132432,5.3730456517,6.6251902896,6.50853e-05
TEQLIM_clean,0.007265096,0.0346921028,0.0694610704,0.3131828723,0.5607959545,2.1106785153,4.7809560904,7.06409e-06
TEQPAI_clean,0.0109654823,0.0541741679,0.108357346,0.5045698651,0.9261777924,3.0537246345,4.9091707373,1.09514e-05
TEQPEM_SL,0.0034749556,0.0177622192,0.0351910589,0.1778144108,0.3506041018,1.6373498381,4.6389966911,3.54979e-06
TEQVAO_manual,0.0060328246,0.0310388006,0.0613827637,0.2852489016,0.5149283188,1.6484745665,2.6966422164,6.17826e-06
TEQVOC_clean,0.0018931911,0.0096327828,0.0193028038,0.0914957964,0.1793050091,0.6164966088,1.128376162,1.96839e-06
TEQWER01_clean,0.0039772514,0.0204752951,0.0418582066,0.1976811755,0.384286776,1.390182936,2.4792612266,4.12048e-06
TEQWER_clean,0.0041299035,0.0205483026,0.0407050194,0.199791757,0.3763140214,1.3764276526,2.4677724954,4.09462e-06
TERFED_clean,0.0115287668,0.0561265689,0.1093164958,0.5165112658,0.9380295068,2.8295034432,4.5733474955,1.14217e-05
TERFUT_clean,0.0052328522,0.0258845059,0.051650654,0.2538309899,0.5045775022,2.1919768597,5.2516854241,5.17555e-06
TERNUA_clean,0.0066315764,0.0336689427,0.0672489295,0.3254147005,0.6261781465,2.2878153838,4.1434968736,6.78701e-06
TESGOO_clean,0.006815913,0.0340110633,0.0654041727,0.3139876821,0.5407951165,1.4499950207,1.9686700648,6.89629e-06
TESGUU_clean,0.0069692971,0.0340036175,0.0679461791,0.3071404966,0.548817254,1.4266731913,1.9351414913,6.79677e-06
TESHAB_clean,0.0061145158,0.030788508,0.0607103213,0.2751234267,0.5012622255,1.3847740155,2.0113733903,6.13265e-06
TETVIZ_clean,0.0015635012,0.0078964263,0.0161251952,0.0798332644,0.1569841115,0.6843838366,1.5677190325,1.60812e-06
TETWEW_clean,0.0016584387,0.0083401,0.0163126259,0.0802234875,0.1594905855,0.7080514104,1.7244879274,1.61623e-06
TETZEX_clean,0.0190558098,0.0943215121,0.1799272692,0.8184108912,1.4569857072,3.8703879891,5.4358048647,1.89937e-05
TETZEZ_clean,0.004960849,0.0246843418,0.0488274391,0.2411015187,0.464183961,2.1182982034,5.2382250977,4.8888e-06
TETZID_clean,0.0059534652,0.0304577148,0.0596867717,0.2817371123,0.515854304,1.6152938176,2.5416901896,6.0697e-06
TEVHEJ_clean,0.0177910463,0.0866938889,0.1634944031,0.6213516125,1.051429043,3.1635708948,6.0047437816,1.82186e-05
TEVZEA_clean,0.0065463739,0.0314407627,0.0627132496,0.2979568096,0.5228670465,1.394976292,1.9034952237,6.49391e-06
TEVZIE_clean,0.0070318421,0.0340780758,0.0687384154,0.3048412243,0.5502453642,1.4376736609,1.937568832,6.84293e-06
TEVZOK_clean,0.0066238106,0.0326067797,0.0626998471,0.2955666981,0.5271364855,1.4053840735,1.8871903447,6.5532e-06
TEVZUQ_clean,0.0065597764,0.0329760929,0.0656588201,0.3040668579,0.5318884144,1.412724173,1.9327469123,6.70689e-06
TEWFOS_clean,0.0121574042,0.0586592883,0.1150473309,0.5060834623,0.9038384876,2.4393216393,3.7104654843,1.19611e-05
TEWFUY_clean,0.0124510855,0.0597495694,0.1163094114,0.5108871886,0.8818207155,2.4576243023,3.7419180776,1.21696e-05
TEWGEJ_clean,0.0121316135,0.0588660299,0.1170365428,0.5255629301,0.9160241784,2.6083052321,3.9251435459,1.20638e-05
TEXTOH_clean,0.0055549032,0.0275435093,0.0530187036,0.2439984955,0.4368836444,1.4026631946,2.8963394129,5.67695e-06
TEZKAM_clean,0.0111848576,0.0556944041,0.1091126711,0.4930546919,0.8632873865,2.5277480274,3.9383285769,1.11392e-05
TIDKAS_clean,0.0059668351,0.0292833909,0.0592419373,0.2844092706,0.5325881552,1.8931154016,3.2636115565,5.94861e-06
TIDLEZ_clean,0.0028492611,0.0141060959,0.0280636364,0.1390863395,0.2800237808,1.3440099918,3.7181155106,2.80761e-06
TIDLID_clean,0.0027474422,0.0137121735,0.0274777602,0.1353858053,0.2605546643,1.0595629293,2.2915103295,2.78643e-06
TIDMEA_clean,0.001543977,0.0077965429,0.0154388685,0.0770725922,0.1519329322,0.6717833277,1.6613824245,1.55283e-06
TIFBOA_clean,0.0020409899,0.009968802,0.0198469403,0.0977250435,0.1915705194,0.7951806396,1.6754355586,2.01113e-06
TIFZIR_clean,0.0089455092,0.0441841557,0.0878218937,0.4201301556,0.7753879625,2.4969035379,3.9316012635,8.93954e-06
TIGSOT_clean,0.0061832934,0.0308392445,0.060108304,0.2800169573,0.5087583616,1.4080533842,2.1581422103,6.27099e-06
TIGVUC_clean,0.0063397763,0.0316154838,0.0619244023,0.2971200651,0.5405736533,1.8584471267,3.258116842,6.29282e-06
TIJPOT_clean,0.0022962616,0.0118491332,0.0244292155,0.1155604838,0.2301350088,0.9083042747,1.9305837431,2.40707e-06
TIKMEH_clean,0.0102288723,0.0505502746,0.0962798508,0.4261170634,0.7648004087,2.0274890514,2.9191180316,1.0078e-05
TILBIB01_clean,0.0034866521,0.0171746273,0.033858439,0.1613607718,0.288464868,1.0918207719,2.325018969,3.49621e-06
TILBIB_clean,0.0035738429,0.0172921879,0.034192997,0.1607318225,0.2916022671,1.1035224624,2.3331762067,3.54804e-06
TILBOH_clean,0.0025727073,0.0131341093,0.0259155168,0.1268078673,0.2373702921,0.9955868448,2.2808682938,2.63468e-06
TILHAZ_clean,0.0025033805,0.0136223913,0.0267830936,0.1350004371,0.2645247293,1.2098868805,3.0992312456,2.70907e-06
TILPUA_clean,0.5270253352,0.7141140752,0.8260465782,1.4597931386,1.9725948829,3.3299331608,4.2405036499,0.0025237
TILVOZ_clean,0.0016460765,0.0084164857,0.0174287904,0.0868655184,0.1716983272,0.8080792817,2.2397892779,1.72416e-06
TILVUF_clean,0.0016505848,0.008499619,0.0167574119,0.0835452336,0.166611684,0.7870465432,2.1975807971,1.6786e-06
TILWAM_clean,0.0016749297,0.0088615467,0.0177019944,0.0870022106,0.1729559671,0.8186072824,2.2856882665,1.75278e-06
TILWEQ_clean,0.0017340788,0.0089315157,0.0177432906,0.0885779573,0.1763061872,0.8229170525,2.2915245526,1.76596e-06
TIMMEI_clean,0.0117807024,0.0566027826,0.1125346235,0.467681451,0.7835306193,1.6943595013,2.1667408826,1.15258e-05
TIPZOJ_clean,0.001366874,0.0068244526,0.0136430714,0.0662516786,0.1293250688,0.5057346425,1.0137013209,1.36623e-06
TIPZUP_clean,0.0016503786,0.0081569417,0.0162209812,0.0754337789,0.1330050783,0.3845819361,0.5873667437,1.66532e-06
TIQGOQ_clean,0.0031990958,0.0158562098,0.031645857,0.1508623532,0.2856452564,0.9955762247,1.8384048415,3.17895e-06
TIQGUW_clean,0.0029554051,0.014701888,0.0292096709,0.1406311556,0.2590988603,0.9272239046,1.733711372,2.98269e-06
TIQHAD_clean,0.0028456986,0.014298205,0.0295349183,0.1378171329,0.2561763462,0.9307806824,1.7112678983,2.9135e-06
TIQHEH_clean,0.0028835663,0.0142348798,0.0278969965,0.1346980961,0.2671643908,0.9018389921,1.6575662048,2.86783e-06
TIQHIL_clean,0.0029016533,0.0153330123,0.0299387957,0.1471191114,0.2767484222,0.949254547,1.7631138238,3.05052e-06
TIRHIL_clean,0.0016512489,0.0085253095,0.0165456612,0.0832922372,0.1667024208,0.8443226238,2.4722660459,1.67864e-06
TIRKEM_clean,0.0084165982,0.0402937863,0.0802893719,0.368627229,0.6645237592,2.0277910163,3.188701118,8.17505e-06
TIRLIQ_clean,0.0061975545,0.0301795564,0.0588706171,0.2803673774,0.5130389263,1.5759392083,2.4669354678,6.12287e-06
TIRQOB_clean,0.0175982018,0.0831151904,0.1634450328,0.6565494212,1.1306490654,3.0205265997,4.6256227478,1.74823e-05
TIRRIW_clean,0.0109426587,0.0537285728,0.1074070527,0.5013796759,0.9218224337,3.0187316495,4.9107701975,1.09001e-05
TISGUY_clean,0.0012065969,0.006277602,0.0128575403,0.0627320438,0.1218250573,0.5454889823,1.2575488014,1.24844e-06
TISHAF_clean,0.0101926599,0.0502470188,0.1003690194,0.4894462337,0.9274055622,3.7674821405,7.5064277748,1.01571e-05
TISPAO_clean,0.0091022071,0.0443565438,0.0868387106,0.391818366,0.6942416475,2.3671577696,4.8724644876,9.07959e-06
TIVYAZ01_clean,0.0035734673,0.0172830618,0.034879128,0.1732062233,0.3439814454,1.62892727,4.4990371272,3.49238e-06
TIVYAZ_clean,0.004237326,0.021289071,0.0427690545,0.2128068949,0.422594113,1.9158580737,4.9323126924,4.25571e-06
TIXCIO_clean,0.0090130949,0.0452534433,0.0911459798,0.4539277499,0.8659361498,3.7684957595,7.6449465918,9.16191e-06
TIXMET_clean,0.0034651439,0.0178372765,0.0348406283,0.1731352198,0.3399985788,1.459507673,3.3096406236,3.54402e-06
TIXMIX_clean,0.0053574349,0.0272115465,0.0528311813,0.2544988608,0.4849058253,1.6972676834,2.9701428871,5.40606e-06
TIXVON_clean,0.0125834616,0.063549823,0.1268434217,0.5890040356,1.1099935083,3.8553963656,6.4517620706,1.27901e-05
TOBJUR_clean,0.0041916107,0.0204691798,0.0408438341,0.2013701159,0.3978130955,1.7758014077,4.3504236694,4.09128e-06
TOBKAY_clean,0.0039444101,0.0202953318,0.0404345793,0.1987084089,0.3977844182,1.7593104548,4.2574932277,4.04438e-06
TOBKEC_clean,0.0042252536,0.0210153044,0.0410939053,0.205741891,0.4032753768,1.781598624,4.2364954368,4.13387e-06
TOFLIL_clean,0.0070319673,0.0366147897,0.074327692,0.3489974752,0.6587461619,2.3335554974,4.2207843233,7.43759e-06
TOFQEM_clean,0.0117400205,0.0582677971,0.1158205371,0.5150513394,0.9322041337,2.7121655734,4.1993637558,1.17073e-05
TOFTIT_clean,0.0052207395,0.0257921976,0.0513725753,0.2558629616,0.4998577743,2.2179047171,5.8661082784,5.1576e-06
TOHDAX_clean,0.0497512397,0.1771889321,0.2794102972,0.6037010131,0.7472490201,1.0153317561,1.1510218821,5.60895e-05
TOHJIL_clean,0.002585315,0.012878752,0.025251536,0.1232888238,0.2414663182,0.9371236094,1.8211617013,2.55148e-06
TOHMIO_clean,0.0170745218,0.0841990627,0.1648275227,0.7033064684,1.2485710695,3.2472522015,4.6856264212,1.70799e-05
TOHQEO_clean,0.0127734315,0.0634659502,0.125144857,0.5849616423,1.0618431035,3.5106006871,5.7572284554,1.2794e-05
TOHSAL_clean,0.0057434506,0.0288361854,0.0586816456,0.290928815,0.5729789856,2.7113381523,7.1393452839,5.84356e-06
TOHYUL_clean,0.0035673362,0.0179355755,0.0361688539,0.1779824481,0.3485335406,1.5098314705,3.2727072817,3.64756e-06
TOHYUM_clean,0.0084282478,0.041677212,0.082960745,0.3892551762,0.7168461527,2.5332431405,4.4456923909,8.39035e-06
TOJLOT_clean,0.0038564623,0.0201417145,0.0400164933,0.1991167231,0.3972785539,1.8716407713,4.8519612863,3.9763e-06
TOKDON_clean,0.0083627189,0.0427928561,0.0838676718,0.4211387266,0.8010574815,3.2234988436,6.0435571605,8.56929e-06
TOKLEM_clean,0.0054081158,0.0275927872,0.0538473506,0.2601347166,0.4914606131,1.7797153858,3.1981538331,5.49963e-06
TOKLIQ_clean,0.0073040938,0.0357546249,0.0711163261,0.3217373293,0.5945049391,1.9024335224,3.2232357138,7.29049e-06
TOLGOR_clean,0.0081528232,0.0398294831,0.0794875048,0.3817471217,0.6846471975,2.2731399102,3.8687415486,8.03444e-06
TOLYOJ_clean,0.0064432806,0.0327641749,0.0653859911,0.3235473878,0.6107685373,2.4109196411,4.9258509148,6.60047e-06
TONBOO_clean,0.0102743853,0.051251285,0.1006349165,0.4414641321,0.7448425412,1.848544867,2.5262450331,1.04135e-05
TONLOY_clean,0.0016616919,0.0087825477,0.01716486,0.0852275205,0.1689720257,0.702975467,1.5562464962,1.72748e-06
TONLOZ_clean,0.0090500311,0.0442591022,0.088567336,0.4283246245,0.7919823054,2.8495427529,4.9063999173,8.98854e-06
TONTIB_clean,0.0084454891,0.0432399835,0.0856719821,0.422320478,0.8123995407,3.7317887973,7.9280679873,8.59985e-06
TONTOH_clean,0.0076565903,0.0377150454,0.0751043053,0.373305679,0.7188828388,3.3368662723,7.3345076943,7.55117e-06
TONTUN_clean,0.0078379406,0.0390869561,0.0773811119,0.3865250151,0.748729455,3.4215192058,7.4379126063,7.82671e-06
TONVAV_clean,0.008295447,0.0421074894,0.0836158632,0.4128205509,0.8003860745,3.6307004023,7.6992185514,8.33472e-06
TONWUO01_clean,0.0080320678,0.0406732404,0.079052227,0.3758682245,0.6613248325,1.983524074,2.9156420506,8.19592e-06
TONWUO_clean,0.0324814566,0.1564060487,0.3008267489,1.1247439873,1.7069700653,2.9022114377,3.2874681676,3.30538e-05
TOPKIT_clean,0.0092076571,0.0464441813,0.0916706753,0.4477383201,0.8669051082,3.4806532161,6.9665301342,9.2821e-06
TORJAN_clean,0.0048167309,0.0238151977,0.0478627135,0.2336811418,0.4469286065,1.7338751114,3.4221848782,4.86214e-06
TORJER_clean,0.0053811781,0.0261005205,0.0524626141,0.2548375866,0.4854917082,1.8021594559,3.4269069609,5.28513e-06
TORJIV_clean,0.0049440756,0.0257391366,0.0503820754,0.2467907722,0.463786304,1.7574270151,3.3660791705,5.04743e-06
TORJOB_clean,0.0050329292,0.0242384894,0.0490079519,0.2378428971,0.4559997468,1.7643506814,3.5061480604,4.92277e-06
TORJUH_clean,0.005102565,0.0250514876,0.0504650815,0.2445453451,0.4727732759,1.7933035161,3.5281877986,5.06212e-06
TORKAO_clean,0.0053341041,0.0260437981,0.0525210792,0.2560718149,0.4852589791,1.8339429828,3.5622780162,5.26579e-06
TORKES_clean,0.0050008645,0.0252056652,0.0506625782,0.2448513454,0.4690848801,1.7674752078,3.450121573,5.08883e-06
TORPUN_clean,0.0041874817,0.0206241534,0.0404340742,0.1949309568,0.3833422949,1.5710035375,3.4214086122,4.05477e-06
TORXAB_clean,0.0012018487,0.006156147,0.0121752498,0.0588491768,0.111621081,0.424968373,0.8312730909,1.21684e-06
TORXEE_clean,0.0815479843,0.3981799857,0.7318022672,2.7056618918,4.0336586225,7.3372801089,9.467730801,8.2078e-05
TOTVEF_clean,0.0021842142,0.0112688711,0.0218109392,0.0995233028,0.1723474407,0.4347910547,0.6294281352,2.26025e-06
TOVHET_clean,0.007238503,0.0365697569,0.0720957172,0.3580846609,0.6956507752,2.8562730223,6.0200349308,7.24557e-06
TOVHUJ_clean,0.0058133074,0.0291621762,0.0591359925,0.2867157341,0.5658914869,2.5673674807,6.3579670251,5.83116e-06
TOVJAR_clean,0.0036384555,0.0189101349,0.0373605461,0.1897552879,0.3749035044,1.7571257056,5.0249184668,3.79086e-06
TOVJEV_clean,0.0045100867,0.0222190212,0.0447262269,0.2218472725,0.4475158708,2.1001816532,5.9521040214,4.47921e-06
TOVJIZ_clean,0.0047003967,0.0231424062,0.0455052484,0.225898075,0.4590739981,2.1113037204,5.921556345,4.58628e-06
TOVJOF_clean,0.0051384304,0.0245698739,0.0513923202,0.2509921504,0.5102437331,2.2478081119,5.9468072995,5.1376e-06
TOVJUL_clean,0.0074974059,0.0381904031,0.0759421233,0.3592230133,0.6847544372,2.7316249236,5.4739439005,7.67542e-06
TOVKEW_clean,0.0063659963,0.0318175904,0.0622814385,0.3083589491,0.6048316073,2.6343081385,6.5877560416,6.30373e-06
TOVKIA_clean,0.0075074003,0.0365267491,0.0734932796,0.3596063429,0.696460222,3.0819693502,7.2710033116,7.29812e-06
TOVKOG_clean,0.0051704919,0.0251965616,0.0494425761,0.2451180442,0.4874086649,2.2658479758,6.3231745083,4.91952e-06
TOWLIC_clean,0.003874615,0.0200118012,0.0403210245,0.1980701866,0.392667197,1.7263473715,4.190264431,4.0058e-06
TOWNEA_clean,0.0041906565,0.0216773589,0.0429071385,0.2118605846,0.4144948125,1.9229963685,5.0209042089,4.27313e-06
TOWNOK_clean,0.0227164775,0.11323208,0.2140671006,0.8640656076,1.4441058224,3.8210024627,6.3844779029,2.2904e-05
TOWNUQ_clean,0.0107692715,0.053952526,0.1064478013,0.5008233513,0.9303150485,3.1870074077,5.6809114221,1.08403e-05
TOWPEC_clean,0.0063450606,0.0323307394,0.0661062204,0.3181185637,0.6292232454,2.749551032,6.1907267837,6.49371e-06
TOWXEK_clean,0.0066878413,0.033085214,0.065266441,0.3185408103,0.5886571359,2.1883103655,4.05015667,6.61372e-06
TOXHAR_clean,0.0064403514,0.0330780794,0.0647491063,0.306554804,0.5822482536,1.8959318362,3.2271542064,6.61474e-06
TOXMUQ_clean,0.0191311039,0.0961660509,0.1925207218,0.9237780561,1.7462495361,5.916618921,8.574019029,1.92679e-05
TOXNEB_clean,0.0187865579,0.0928966365,0.1849080162,0.8945444619,1.6869599642,5.7523006704,8.4677630624,1.85152e-05
TOXNIF_clean,0.0184204952,0.0918342166,0.1836930236,0.8737417652,1.6876437468,5.7234580087,8.4798190977,1.83211e-05
TOZFOF_clean,0.0029452328,0.0140882076,0.0279088278,0.1394555341,0.2669174846,1.1709604236,2.9680947136,2.8295e-06
TOZHAR_clean,0.0023136596,0.0113183715,0.0221074864,0.110326097,0.2230062829,1.0240617727,2.6865245362,2.23226e-06
TUBCEA_clean,0.0067772282,0.032317781,0.0655493663,0.2979332786,0.5400527914,1.5274339038,2.3114485256,6.64886e-06
TUBJAD_clean,0.0028096573,0.0142223359,0.0274447748,0.1372629463,0.2592201869,0.9246258823,1.6745415215,2.85702e-06
TUBLIN_clean,0.0063986612,0.0321397418,0.0638803748,0.3057891061,0.5703436714,1.9529928643,3.1218819798,6.41694e-06
TUCJAD_clean,0.0079415943,0.0381236637,0.0763722826,0.3602225737,0.6658490003,2.3269658148,4.0417485546,7.7145e-06
TUDQOZ_clean,0.0083079761,0.0407602075,0.0794183706,0.3370314542,0.5717151383,1.3152259684,1.7479801688,8.41554e-06
TUGTAR_clean,0.0122563098,0.062445267,0.1249103096,0.5633065078,1.0335033955,3.1368151498,4.7710496197,1.25378e-05
TUJGAI_clean,0.0624762065,0.2725386793,0.5000302737,1.4397514547,1.8509349737,2.5649225968,2.954513625,6.33526e-05
TUJGIQ_clean,0.0063432407,0.0312158431,0.062784343,0.2908490356,0.5411024758,1.8546158747,3.0746466226,6.22949e-06
TUKCOT_clean,0.0095096665,0.0477372595,0.0926225234,0.4315004879,0.7977568054,2.6785604101,4.5189858686,9.52106e-06
TUMDAI_clean,0.0171809944,0.0839127911,0.165677958,0.7363188853,1.2986462553,3.4648380298,4.8360085927,1.71223e-05
TUMQID_clean,0.0115935293,0.0573960952,0.1148108686,0.5299533568,0.9601261544,2.9567384869,4.4224728939,1.17159e-05
TUMRIE_clean,0.0116469922,0.0563652575,0.1124914225,0.5160763573,0.9138640962,2.7153718122,4.1152200849,1.1437e-05
TUMROK_clean,0.0145830907,0.0719706231,0.1430254878,0.6568405007,1.163098689,3.2605018012,4.6960677147,1.47276e-05
TUNJET_clean,0.0059660732,0.0293828856,0.058331363,0.2700450086,0.4933237661,1.578505528,2.5816012416,5.9294e-06
TUPDOZ_clean,0.015563225,0.0775508964,0.1510838979,0.6344848013,1.0850147463,2.4886430294,3.2918225801,1.57432e-05
TUPGIU_clean,0.0026841993,0.0140105769,0.028074752,0.138229831,0.2764232153,1.2191431593,2.9739555889,2.79791e-06
TUQWIL01_clean,0.0129515244,0.0642274661,0.125280045,0.5889506653,1.0379402036,2.9501476111,4.411460548,1.29157e-05
TURDIV_clean,0.0073515735,0.0369188393,0.0743393485,0.3624322594,0.6748975743,2.618251013,4.8461731709,7.45406e-06
TURDOB_clean,0.0073210982,0.0364777293,0.0719579794,0.3523879221,0.6602983558,2.5423750075,4.6420193193,7.2826e-06
TURDUH_clean,0.0072144347,0.0363276971,0.0716637758,0.34834526,0.6591766314,2.5486247827,4.6202670073,7.23448e-06
TURFAP_clean,0.0077454078,0.0375174049,0.0749160344,0.3586830194,0.6747522307,2.4865275075,4.3780260977,7.55925e-06
TURFET_clean,0.0079126311,0.0391380643,0.0767351737,0.3741097587,0.6920309289,2.6841213613,4.8651975552,7.8078e-06
TUTHIA_clean,0.008160242,0.0409795495,0.0820627287,0.399290328,0.774572289,3.0033305457,5.7322759674,8.21336e-06
TUTHOG_clean,0.0088583749,0.043505982,0.0877978566,0.4264854773,0.8103768642,3.1113290674,5.7336942061,8.80108e-06
TUTJAU_clean,0.009505019,0.0482649634,0.0965178768,0.4555853936,0.8529621858,3.0136380929,5.2708463367,9.69445e-06
TUWFUN_clean,0.1474517121,0.5075726674,0.7307179751,1.5078698966,2.0340299813,3.6623111314,4.719517658,0.000165708
TUYFIE_clean,0.0161501097,0.0806713449,0.1556499308,0.6975411825,1.1953284027,3.0948139639,4.3507306479,1.59982e-05
TUYHOL_clean,0.0006456837,0.0031588197,0.0063803472,0.0318121535,0.0634430746,0.2843702632,0.6910986204,6.43931e-07
TUYHUR_clean,0.0021001824,0.0111830554,0.0225171295,0.1108271765,0.2220754134,1.0716190386,3.0387028756,2.24639e-06
TUYJAZ_clean,0.0019529792,0.010159131,0.020475956,0.1030894027,0.2053345362,0.9508582705,2.5695056374,2.061e-06
TUYJED_clean,0.0021441859,0.0111275421,0.0221818434,0.1114016979,0.2204053929,1.057655701,2.9961980404,2.2195e-06
TUYLIJ_clean,0.1586259656,0.653294099,1.1369602071,2.6229790444,3.3032939422,4.8656008825,5.6780793666,0.000162351
TUYNEI_clean,0.0089791614,0.0437143386,0.0868615723,0.410976583,0.7466481743,2.3564809516,3.6714046222,8.83761e-06
TUZVUH_clean,0.001805998,0.0092033922,0.0181057847,0.0899367395,0.1783946544,0.8080827,2.0046054789,1.81985e-06
UBACUX_clean,0.0043178747,0.0221969301,0.0441420654,0.2138875003,0.4145289695,1.6955569529,3.4869648766,4.41601e-06
UBECEM_clean,0.002530082,0.0123826991,0.0245779393,0.118879547,0.2294747601,0.9219006134,1.8122137964,2.48364e-06
UBIBUF_clean,0.004998099,0.025988397,0.0524378046,0.2570763869,0.5059333276,2.3340063083,5.8837733651,5.22261e-06
UBIPAY_clean,0.0076223485,0.0376493902,0.073523735,0.3569037383,0.6654027345,2.3665444115,4.1045805185,7.54502e-06
UBULIO_SL,0.004056353,0.0200570161,0.0401974067,0.2005955357,0.403108686,1.8891222413,5.4661766915,4.04999e-06
UBULUA_clean,0.0038478804,0.0190603389,0.0382194258,0.187241349,0.3613821299,1.62316498,3.7272564185,3.82858e-06
UBUMAH_clean,0.0049555169,0.0248406378,0.0495014572,0.2448753974,0.4848513253,2.2537583536,5.6798210666,4.93553e-06
UBUROY_clean,0.0009255415,0.0046685829,0.0097430027,0.0471880159,0.0937278608,0.4636933508,1.2765377276,9.49235e-07
UCABAE_clean,0.0111742825,0.0566757265,0.1126643967,0.5080276982,0.8960752249,2.6281293243,4.1310730728,1.14482e-05
UCAJUF_clean,0.0045220831,0.0226431203,0.0456535419,0.224553186,0.4380684641,1.8420400358,4.2000843418,4.53821e-06
UCAXEC_clean,0.0072301057,0.0361363578,0.07189641,0.3278109751,0.593614977,1.7745311846,2.8672328605,7.29701e-06
UCEGAM_clean,0.0007440344,0.0038573486,0.0078354722,0.0372211024,0.0750147684,0.3602751622,0.9561423233,7.66984e-07
UCEGEQ_clean,0.0007269394,0.0039030602,0.0077441905,0.0381105005,0.0759526381,0.360470542,0.940417814,7.66688e-07
UCEXAC_clean,0.0054364955,0.0268510535,0.0525626943,0.2610832099,0.4955565058,1.841873698,3.3194667706,5.4752e-06
UCEXEG_clean,0.005526024,0.0273616355,0.0549690986,0.2612807922,0.4967122987,1.8347056776,3.2837100592,5.55038e-06
UCEXIK_clean,0.0054449242,0.0268203342,0.054918846,0.2618912837,0.4898461058,1.8199831013,3.2615704323,5.46599e-06
UCEXOQ_clean,0.0055967825,0.027678206,0.0554280796,0.2626086957,0.4986993028,1.8176441509,3.2406815393,5.56189e-06
UCOCUM_neutral,0.0073362645,0.0373736177,0.0749073933,0.3414746959,0.6180725318,2.2183468827,5.1581533792,7.52835e-06
UCOHUR_clean,0.0039953441,0.0203493295,0.0403971484,0.2003550833,0.378673563,1.6592316994,3.7002666151,4.05009e-06
UCOJAZ_clean,0.0036747422,0.0187206458,0.0369054191,0.1820511541,0.3517087759,1.5673875015,3.5891843319,3.72638e-06
UCOJED_clean,0.0039242455,0.019305234,0.038277358,0.1896843745,0.3577877028,1.591386557,3.5603828319,3.84595e-06
UCOJIH_clean,0.0036707923,0.0187713364,0.0376164047,0.1830379758,0.3610253205,1.57683966,3.7210853268,3.69908e-06
UCOXOZ_clean,0.0050676774,0.0247670165,0.0508977044,0.245025099,0.4837453125,2.0075803765,4.2324172348,5.05167e-06
UCUJOU_clean,0.0021538374,0.0110568839,0.022375546,0.1079225481,0.2112095508,0.9378121864,2.4677573121,2.23114e-06
UCUTIW_clean,0.0049087273,0.0247932643,0.0487798953,0.24556863,0.4786148824,2.0842437442,4.451748065,4.95827e-06
UDAMET_clean,0.0005269337,0.0027924103,0.0056309167,0.0275925489,0.0547029915,0.2635751105,0.7847594778,5.49766e-07
UDANEV_clean,0.0066711035,0.0330680213,0.0645837331,0.3075733413,0.5953723852,2.3429021022,4.9588575832,6.52818e-06
UDANIY_clean,0.0044069449,0.0224869156,0.0437207259,0.2175229701,0.4349424727,2.059794568,5.9685746189,4.39244e-06
UDAWOO_clean,0.00284319,0.0139930794,0.0284303077,0.1386795357,0.2735846014,1.1852759106,2.7249094437,2.81929e-06
UDAWUU_clean,0.0026273026,0.0128695775,0.0255453526,0.1265109272,0.2521515719,1.1293122839,2.8068916071,2.55847e-06
UDAXAB_clean,0.0033120153,0.0164554081,0.0332337937,0.1618969919,0.3152724599,1.3196953156,2.7890383998,3.30851e-06
UDAXEF_clean,0.002486562,0.012774904,0.0259412585,0.1287140504,0.2512261624,1.0855706967,2.5568682667,2.5864e-06
UDAXIJ_clean,0.0030223297,0.0156177198,0.0310141216,0.1526347004,0.2963222335,1.2320983935,2.630245895,3.12427e-06
UDEMEW_manual,0.0132227495,0.0645536893,0.1221575719,0.4290398474,0.6764096854,1.6878279818,3.6337537164,1.32985e-05
UDICAN_clean,0.011080995,0.0549028465,0.1014149001,0.4020994128,0.6168758239,1.1121975736,1.3459277538,1.11921e-05
UDIQII_clean,0.0033980425,0.0168221393,0.0334416022,0.1617159753,0.3063903277,1.1878427429,2.3039973683,3.38498e-06
UDOVOA_clean,0.0251738593,0.1194729033,0.2231337891,0.8325214475,1.3861701681,3.4378081722,5.0670004798,2.56991e-05
UDUMIP02_clean,0.0024424157,0.0117305648,0.0236723198,0.1193573614,0.2327232542,1.0555776532,2.6208736356,2.37747e-06
UDUMIP03_clean,0.002458255,0.011812929,0.0238740066,0.1181789195,0.233771814,1.0587296683,2.6209327689,2.37775e-06
UDUMIP_clean,0.0021361898,0.0113356389,0.022581522,0.1116932657,0.2212999713,1.01248533,2.5729967964,2.24795e-06
UFASEA_ion_b,0.0061438233,0.029789558,0.0582659949,0.2639660049,0.4673059459,1.3132302941,2.05186091,5.99012e-06
UFEMIC_clean,0.0013636546,0.007120052,0.0145305866,0.0713748095,0.1414182403,0.663870614,1.7204592182,1.44475e-06
UFENAW_clean,0.0045425314,0.0223708122,0.0455361825,0.2273821831,0.4509732774,2.0700700505,5.4815203634,4.55304e-06
UFEVIL_clean,0.0045588297,0.023069806,0.0459074792,0.2275110701,0.4458722403,1.8448913027,3.975139872,4.65442e-06
UFEXEJ_clean,0.003662686,0.018506357,0.03736349,0.1732891888,0.3296914365,1.1730767818,1.9844791513,3.70612e-06
UFEXIN_clean,0.0036039982,0.018297162,0.0362838614,0.1729307492,0.3290338077,1.1574013699,1.9562385994,3.66416e-06
UFEXOT_clean,0.0039058348,0.0194824249,0.0389514382,0.1774370959,0.3375744054,1.1885313801,1.9478834436,3.8793e-06
UFOFIF_clean,0.0018393206,0.0093323777,0.0188959965,0.0934150008,0.1813459833,0.7629722642,1.6529382687,1.87982e-06
UFUNIS_clean,0.0228608607,0.112212504,0.2187667702,0.8894840227,1.4431722173,2.6959771671,3.1662438675,2.30973e-05
UFUQIV_clean,0.0063096109,0.0314004977,0.0632893876,0.3121449305,0.6184603293,2.8508530379,6.9588939692,6.31019e-06
UGAQEY_clean,0.0054511983,0.0278377125,0.054951753,0.2599137479,0.4940174565,1.676683947,2.9589360513,5.55435e-06
UGELIB_clean,0.0219127237,0.1139977402,0.2192094611,0.9749252205,1.6940363039,4.0584173225,5.4973518489,2.23173e-05
UGEMOK_clean,0.0048082512,0.0237246548,0.0477138246,0.2386355073,0.4630270301,2.3348175242,6.5568133761,4.80263e-06
UGOCAW_clean,0.0103431274,0.0515784293,0.1033867258,0.4651155318,0.885539737,3.3522397422,6.7710741139,1.03813e-05
UGOFED_clean,0.0146804524,0.0711890368,0.1407872232,0.6131119172,1.0617211001,2.7164271276,3.8930780602,1.45446e-05
UGUGUZ_clean,0.0018417875,0.0091614724,0.0184624633,0.0900174538,0.1802039119,0.8049862711,1.9775073142,1.84182e-06
UGUHAG_clean,0.0018148594,0.0094384132,0.0187931298,0.0935006671,0.1824674049,0.7767412059,1.8604526023,1.88319e-06
UGUHEK_clean,0.0012270637,0.0061221636,0.0124021865,0.0617719513,0.1222576416,0.5557845864,1.4963497509,1.24736e-06
UHASED_clean,0.0114457446,0.0572273095,0.114122428,0.5361363757,1.0037806353,3.4197713649,5.7011639827,1.15173e-05
UHAXUW_clean,0.0054948114,0.0266815252,0.0533803044,0.2463934642,0.4395975678,1.3252560371,2.0693008964,5.46861e-06
UHUPET_clean,0.0036732015,0.0186035931,0.0373812074,0.1837382263,0.361835874,1.7383162802,4.7763644179,3.70847e-06
UHUPOD01_clean,0.0050514516,0.0246371608,0.0495931452,0.2436308959,0.4908595252,2.3779145299,7.0165452329,4.90622e-06
UJAQEC_clean,0.0105068777,0.0513397183,0.1025092921,0.4943629577,0.9507928487,3.4191864531,5.7421669191,1.03745e-05
UJAQUS_clean,0.0062771858,0.0312301408,0.0627651428,0.3041775964,0.5863178925,2.6413857897,5.8495635832,6.20166e-06
UJEDIX_clean,0.0032916885,0.0162749428,0.0329325389,0.1535961855,0.2979860793,1.0958678875,2.1847088681,3.28304e-06
UJEGUL_clean,0.014814345,0.0721807307,0.1427400373,0.6159583386,1.0742528655,2.6511658915,3.6653606737,1.4836e-05
UJILAA_clean,0.0015219632,0.0074906587,0.0150002743,0.0759762945,0.1515084574,0.7603966453,2.2315826015,1.51541e-06
UJIZET_clean,0.0030163355,0.0144561973,0.0294428839,0.1455586498,0.2885861498,1.3389285515,3.4121813613,2.92507e-06
UJOWEW_clean,0.0026606662,0.0132135615,0.0265268668,0.1273678608,0.2581519472,1.1237262546,2.6898512259,2.63561e-06
UJULIW_clean,0.0050665299,0.0246565039,0.0494741879,0.2220788384,0.3931213595,1.0327236198,1.4717356971,4.97464e-06
UJUPUM_clean,0.0033511457,0.0167149131,0.0332944914,0.1669547215,0.3305432601,1.5527737514,4.0569291644,3.36811e-06
UJUQIB_clean,0.005846133,0.0291751544,0.0586687637,0.2882456168,0.5750567252,2.628235571,6.4025878358,5.86319e-06
UKAJOH_clean,0.0139987399,0.0703565821,0.1310715802,0.4944607654,0.7837202406,1.6003680447,2.0706608119,1.42688e-05
UKAPUS_clean,0.0069604799,0.0353681691,0.0704677235,0.3289909587,0.624957412,2.3004822434,4.4623273748,7.05828e-06
UKAQAZ_clean,0.0070599656,0.0350358265,0.0702244086,0.3345912301,0.6160799625,2.3164740083,4.4471042182,7.08309e-06
UKAQED_clean,0.0073477419,0.0358612189,0.0718383328,0.3373471153,0.6331508463,2.3141628663,4.4199217193,7.23189e-06
UKAQIH_clean,0.0068557649,0.0352711061,0.0696696603,0.3329228304,0.620418838,2.3004781426,4.4246351976,7.09312e-06
UKAZEM_clean,0.0015391588,0.0074696505,0.0155208123,0.076817175,0.1552311984,0.7644173103,2.2838300641,1.54653e-06
UKEXEP_clean,0.0038401661,0.0192382348,0.038667053,0.185955057,0.3414995962,1.2110656717,2.2151800535,3.9867e-06
UKIQIP_clean,0.0040883736,0.0205130942,0.0408751893,0.1980140384,0.3975494646,1.7444363839,4.2950829565,4.02545e-06
UKIQOV_clean,0.0053408766,0.0253338627,0.0513183766,0.2542246203,0.5022749769,2.2662123112,5.8672506218,5.09358e-06
UKIQUB_clean,0.0086962634,0.0418318166,0.0838819494,0.4157978263,0.7818632141,3.231616384,7.3781281935,8.56964e-06
UKOLOV_clean,0.0196337974,0.0967605398,0.1887794479,0.7945907409,1.335117757,3.0311073712,4.0998169015,1.98157e-05
UKOZOK_clean,0.004813004,0.0239163626,0.0476053667,0.2257774587,0.4148102901,1.4601293528,2.5691009183,4.78995e-06
UKOZOL_clean,0.0061577463,0.0309089574,0.0618026133,0.2966713429,0.5716014913,2.2843096646,4.8570825295,6.1211e-06
UKUBOS_clean,0.0169286877,0.0853126292,0.1654313548,0.7048458698,1.240821112,3.3201592806,4.8970198156,1.72619e-05
UKUBUY_clean,0.0206185296,0.1017735719,0.1990456133,0.8291789655,1.4162878863,3.5985371667,5.1775801418,2.07514e-05
UKUCAF_clean,0.020792047,0.1017192345,0.2013193946,0.8243321792,1.4288585382,3.5337798796,5.0332738286,2.10548e-05
UKUPIB_clean,0.0038690471,0.0199743072,0.0397772819,0.1995896402,0.3905947523,1.825502341,4.7938644236,3.96475e-06
UKUPUL_clean,0.0125116324,0.0599931555,0.1132786521,0.387110575,0.6037729793,1.6635024601,3.1819603533,1.2501e-05
ULAQAB_clean,0.0098747334,0.0495160421,0.0974339959,0.4512623862,0.8074486834,2.5552096654,4.0802842954,9.93806e-06
ULAQEF_clean,0.0080811217,0.0393764365,0.0790485953,0.3715588483,0.6679032422,2.2709108436,3.8731249725,7.93974e-06
ULASAD_clean,0.0021230457,0.0109995265,0.0220178648,0.1111642836,0.2197567258,1.0643634154,3.0945459909,2.19195e-06
ULEGOH_clean,0.0075977959,0.0371254788,0.0726200878,0.3172691172,0.5440005031,1.4822465057,2.2611900857,7.57011e-06
ULILEI_clean,0.0061674471,0.0310028504,0.0614554757,0.2935655534,0.5418347257,1.827800821,3.0685266527,6.23403e-06
ULIMIN_clean,0.0155701838,0.0769688029,0.1509916704,0.6318299041,1.0109368341,2.4191721653,3.3698121935,1.5848e-05
ULOGAE_clean,0.005023498,0.0253087819,0.050143492,0.2414300878,0.4724791115,1.9571376133,4.0885035537,5.02102e-06
ULOJUC01_clean,0.0035410878,0.0171852714,0.034455123,0.1678718097,0.3283344005,1.29917607,2.6703890312,3.44653e-06
ULOJUC_clean,0.0029580047,0.0145772785,0.0294081489,0.1434870542,0.2811585147,1.1809399671,2.6393945548,2.93955e-06
ULOKAJ_clean,0.0024015514,0.0115574659,0.0228996612,0.114632603,0.2245332019,1.0188482875,2.57705025,2.29953e-06
ULOKEN_clean,0.0023439123,0.0114379993,0.0234994573,0.1157676913,0.2319047042,1.0273648989,2.5478344529,2.35349e-06
ULOKOX_clean,0.0025322297,0.0126209254,0.0249694303,0.1227372651,0.2397153073,1.0675971838,2.542305599,2.47627e-06
ULOKUD01_clean,0.0030876989,0.0160738349,0.0318478001,0.1551284585,0.3054507869,1.2524651617,2.6471684947,3.19788e-06
ULOKUD_clean,0.0027699611,0.0131620911,0.026675999,0.1319520325,0.2599990565,1.1344821467,2.6839840642,2.66238e-06
ULOLAK_clean,0.0025797661,0.0127580497,0.0254301682,0.1296647873,0.2594191625,1.1187921036,2.6483100364,2.63012e-06
ULOLEO_clean,0.0023600772,0.0117391622,0.0243453319,0.1185311741,0.2354586806,1.0513640289,2.5999479362,2.39925e-06
ULOLIS_clean,0.0023304528,0.0113579949,0.0235632477,0.1157168561,0.2301875124,1.0345077453,2.5590129404,2.34506e-06
ULOMAL_clean,0.0021171571,0.0116483141,0.0227693138,0.1110974246,0.2240651364,1.013195952,2.5540380162,2.2813e-06
ULUVUT_clean,0.0068112527,0.0343194357,0.0671133649,0.3233627727,0.6337052136,2.3687569822,4.6172866561,6.78666e-06
UMABIV_clean,0.007015329,0.0342409864,0.0688726061,0.3329703833,0.6258452255,2.4988441167,4.6356416292,6.93673e-06
UMABOB_clean,0.0074480331,0.0371374341,0.0754204799,0.3611618966,0.6837854752,2.663027507,5.0311782773,7.51593e-06
UMALUQ_clean,0.0035758845,0.0176343568,0.035025374,0.1739878335,0.3421458708,1.5009999342,3.5154930789,3.52107e-06
UMEDEX_clean,0.0025030353,0.0123869676,0.0245313243,0.1196742814,0.2375654707,1.0619004149,2.6216129402,2.41798e-06
UMEDIB_clean,0.0023640271,0.0121045298,0.0236738455,0.1181697564,0.2350913381,1.0403378272,2.5394173873,2.39789e-06
UMEDOH_clean,0.0025365669,0.012467838,0.0243301347,0.1195914387,0.2411572968,1.0674429912,2.6352307148,2.44028e-06
UMEHOL_clean,0.0070709845,0.0347127858,0.0693146004,0.3275458071,0.6038952425,2.1134425781,3.5959067089,7.02437e-06
UMEKAA_clean,0.0080800289,0.0406251105,0.0813865641,0.3998668428,0.752299945,3.2103415413,6.7309282423,8.15936e-06
UMEKEE_clean,0.00502019,0.0255858746,0.0518904143,0.2541876751,0.5070775665,2.2895136481,5.9392929581,5.14873e-06
UMEKII_clean,0.0115447437,0.0556260415,0.1108609624,0.5069290754,0.9099253716,2.7840917353,4.3890718501,1.13285e-05
UMELAB_clean,0.0071342442,0.035102691,0.0696818925,0.3234451316,0.5874274637,1.9419769637,3.1766796593,7.0604e-06
UMELEF_clean,0.0069895675,0.0353354432,0.0703947491,0.3308834411,0.596128535,1.9045368143,3.0903553248,7.1399e-06
UMEPOT_clean,0.0068650229,0.0343320164,0.0683430841,0.3162647094,0.5975460146,1.9537439188,3.2339977773,6.95728e-06
UMEQAG_clean,0.0068779679,0.0343835512,0.0691079195,0.3245258903,0.6089309303,2.1157768546,3.6045016162,6.98446e-06
UMESIQ_clean,0.0090994958,0.0446133124,0.0886002895,0.4174883199,0.7648611453,2.446690471,3.904620148,9.04124e-06
UMESOW_clean,0.0070435068,0.0351127275,0.0685068797,0.325956019,0.6007146583,2.1098573366,3.621789385,6.92269e-06
UMEXUF01_clean,0.0093772282,0.0454312103,0.0910111791,0.431290817,0.7797158902,2.4507201776,3.6786617708,9.28368e-06
UMEXUF_clean,0.0092302838,0.044761797,0.088206537,0.4214165177,0.7695640293,2.4248978781,3.6920355232,9.04115e-06
UMIGAA_clean,0.0059502562,0.0290872013,0.0585335349,0.2868005859,0.5462151237,2.4338891769,5.2278343812,5.83725e-06
UMIZEX_clean,0.0054260347,0.0270553354,0.0535868054,0.2533583428,0.4914371823,1.8643896246,3.4126878791,5.44315e-06
UMIZIB_clean,0.0056014247,0.0281072405,0.0559283516,0.2598516121,0.4983214477,1.8778709572,3.3994857267,5.58643e-06
UMOBEF01_clean,0.0047862061,0.0246205973,0.0499409523,0.2505403941,0.4970622774,2.3571232687,6.6235657077,4.98354e-06
UMOBEF02_clean,0.0050443691,0.0257008057,0.0507494101,0.2540052133,0.5095288326,2.4232945209,6.7541724056,5.13205e-06
UMOBEF03_clean,0.0056592046,0.0278917942,0.0559568294,0.2768967979,0.5511406313,2.5783417814,6.9565450196,5.57521e-06
UMOBEF04_clean,0.0076158084,0.0363602199,0.0739942704,0.3641932563,0.7133994714,3.1352740958,7.4051202101,7.39725e-06
UMOBEF05_clean,0.0079554965,0.0405044154,0.0791065771,0.3950029718,0.7705961626,3.1867979948,6.942971081,8.04293e-06
UMOBEF06_clean,0.0079894654,0.039712942,0.080828796,0.3921394007,0.7698556424,3.1559848825,6.9180583519,8.09523e-06
UMOBEF07_clean,0.0084820132,0.0415948143,0.081688207,0.4057065455,0.7809600481,3.1772187889,6.8389619655,8.30948e-06
UMOBEF08_clean,0.0085193789,0.0411600135,0.0823709802,0.40056027,0.7886879536,3.1753708854,6.8356160372,8.2884e-06
UMOBEF09_clean,0.0082102627,0.0424678129,0.0856387803,0.4066169098,0.7912016459,3.1748817344,6.7204108001,8.54535e-06
UMOBEF_clean,0.0043921678,0.0232176853,0.0459190445,0.2291570249,0.456931519,2.1734165186,6.2650452435,4.59695e-06
UMODEH01_clean,0.0049723006,0.0251603663,0.0500777007,0.2480731325,0.4942644101,2.3586012449,6.5877366371,4.98993e-06
UMODEH03_clean,0.0048901952,0.0248023869,0.0502287746,0.2461748566,0.4926255871,2.3382719579,6.5578667074,4.96401e-06
UMODEH04_clean,0.0053992484,0.027285253,0.0530006515,0.2650820787,0.5312676534,2.4850172244,6.8561948882,5.35812e-06
UMODEH06_clean,0.0059969754,0.0289372128,0.0573883619,0.2828463942,0.5616466363,2.6493625958,7.1133554418,5.71957e-06
UMODEH07_clean,0.0056652698,0.0290521603,0.0579368257,0.2871191571,0.5756341053,2.6790978727,7.1559090074,5.79443e-06
UMODEH08_clean,0.0077244722,0.0382906553,0.0763120051,0.3794975389,0.7486169605,3.3276743792,7.8021208796,7.64435e-06
UMODEH09_clean,0.0085915048,0.0422152915,0.0846177833,0.4180115209,0.8245644178,3.3555606434,7.253125037,8.52928e-06
UMODEH10_clean,0.0086177785,0.0437194617,0.0860267112,0.4167175404,0.8219764568,3.3155063649,6.9517425369,8.65315e-06
UMODEH11_clean,0.0087425787,0.0439624936,0.08766225,0.4258936353,0.8365386634,3.2976730809,6.9084106125,8.85825e-06
UMODEH12_clean,0.0088772314,0.044336894,0.0881023347,0.4292927972,0.8352249776,3.3038572566,6.9184340347,8.87839e-06
UMODEH13_clean,0.008824684,0.0439395041,0.0878527344,0.42673111,0.8290440862,3.3034861403,6.8327882924,8.87788e-06
UMODEH14_clean,0.0053237115,0.0272195687,0.0552470541,0.2726489086,0.539350105,2.5518641237,6.9368387721,5.47465e-06
UMODEH15_clean,0.0050215638,0.0264149362,0.0532732413,0.2669606493,0.5215989263,2.4819957472,6.8519681043,5.29841e-06
UMODEH16_clean,0.0043647209,0.022444321,0.0460282644,0.2273168976,0.448071935,2.143153498,6.1625950869,4.53264e-06
UMODEH17_clean,0.0060856492,0.0298009612,0.0614312298,0.2974184534,0.6026336317,2.7542899607,7.3579604439,6.03132e-06
UMODEH18_clean,0.0052251851,0.0262474412,0.0535162732,0.2616303694,0.5279571653,2.491368895,6.8419643873,5.2912e-06
UMODEH19_clean,0.0071408641,0.0363649438,0.0734007271,0.3646131315,0.7217312503,3.116580229,7.3365652732,7.35042e-06
UMODEH20_clean,0.0063352495,0.0306876991,0.0611028084,0.3044532406,0.6123614747,2.8298071859,7.3041617283,6.17727e-06
UMODEH21_clean,0.0058885964,0.0299454666,0.0595855013,0.2995499085,0.5931225469,2.757465796,7.2172581319,6.01911e-06
UMODEH22_clean,0.0058754595,0.0295612135,0.0570960668,0.2857200818,0.5747178095,2.6693109138,7.1127872727,5.73213e-06
UMODEH23_clean,0.0052219008,0.0268123261,0.0535950943,0.2669475125,0.5332907295,2.506903229,6.8804849377,5.35867e-06
UMODEH24_clean,0.0052711641,0.0265857153,0.0538906736,0.269085536,0.5289227244,2.5073991454,6.9023578054,5.35842e-06
UMODEH25_clean,0.0060987861,0.030901173,0.0617005354,0.3031822496,0.6063349413,2.7994873188,7.2652602091,6.11312e-06
UMODEH_clean,0.0053565536,0.0265265995,0.0527247775,0.2646255729,0.525057204,2.491214537,6.8430251886,5.32689e-06
UMOKIS_clean,0.0042295482,0.0207722412,0.0411009786,0.2054472375,0.4061194171,1.820802032,4.4507679382,4.16197e-06
UMOVEZ01_clean,0.0058222549,0.0293830252,0.0580662929,0.292175971,0.5767938807,2.6902894091,7.1226898921,5.84574e-06
UMOVEZ02_clean,0.0056863797,0.0284692641,0.0580187365,0.2869209953,0.5639502716,2.6661749471,7.0744303963,5.7892e-06
UMOVEZ03_clean,0.0052787539,0.0275758843,0.0551245935,0.2741792927,0.5362249246,2.5257886273,6.8899016009,5.44489e-06
UMOVEZ04_clean,0.0052991352,0.0261288127,0.0512793236,0.2603471911,0.5178953518,2.446916435,6.7479629062,5.20074e-06
UMOVEZ05_clean,0.0059275583,0.0288531117,0.0581308336,0.2906677556,0.5791275383,2.6782270828,7.134364974,5.84287e-06
UMOVEZ_clean,0.0047692217,0.0245832316,0.049346498,0.2461482263,0.4861514939,2.3451424675,6.5214962115,4.92487e-06
UMOVID_clean,0.0049118907,0.0244337688,0.0484259431,0.2399489175,0.4842933997,2.2865666424,6.5177052917,4.84255e-06
UMOVOJ_clean,0.0046265526,0.0230580318,0.0456642784,0.2336748773,0.4602502723,2.1968006511,6.3212398546,4.63267e-06
UMOYOM01_clean,0.006176793,0.0304487277,0.0615115574,0.3053875624,0.6070279102,2.8503842791,7.3566200947,6.15936e-06
UMOYOM02_clean,0.0060784174,0.029924058,0.0602445994,0.2979080385,0.599077376,2.7689293118,7.2539994757,6.04248e-06
UMOYOM03_clean,0.0050336378,0.0263217946,0.052735388,0.2634780425,0.521870428,2.4417243522,6.6930430119,5.27694e-06
UMOYOM04_clean,0.0052478351,0.0264931525,0.0519183781,0.2611249316,0.5253373651,2.4717303413,6.7208947876,5.28188e-06
UMOYOM06_clean,0.0051870216,0.0263110715,0.0522015736,0.2631808095,0.5180904224,2.4397831536,6.6862938661,5.22741e-06
UMOYOM07_clean,0.0052794194,0.0266615459,0.053303975,0.2626073059,0.5226593345,2.463131123,6.7650359127,5.2827e-06
UMOYOM08_clean,0.0046817421,0.024510297,0.0478761681,0.2410699396,0.4780823693,2.2520281175,6.3361076048,4.83039e-06
UMOYOM09_clean,0.0057710887,0.0271388045,0.0544153072,0.270313998,0.5402179611,2.5243372109,6.8263839234,5.45001e-06
UMOYOM10_clean,0.0054344928,0.0265604716,0.0528088271,0.267324415,0.5293826351,2.4978073389,6.6968190052,5.35131e-06
UMOYOM11_clean,0.0059730462,0.0309423375,0.0604434327,0.3011890163,0.5946761078,2.7750276715,7.141379489,6.03729e-06
UMOYOM12_clean,0.00651802,0.0317957059,0.063890556,0.3138056021,0.6222399036,2.8579506759,7.2425705416,6.37412e-06
UMOYOM13_clean,0.0073500291,0.0369337434,0.0748405547,0.3705583587,0.7410861177,3.2763014941,7.8350576128,7.50829e-06
UMOYOM14_clean,0.0080660603,0.0409484137,0.0812511755,0.4029725379,0.7806269489,3.4306459859,7.7718449144,8.14932e-06
UMOYOM15_clean,0.0084363157,0.042224418,0.0836012264,0.4126542582,0.8071904805,3.4550338844,7.6095904204,8.39512e-06
UMOYOM16_clean,0.0085158747,0.0431454666,0.086462291,0.4188445617,0.8060429946,3.3038197339,6.9880753843,8.56665e-06
UMOYOM17_clean,0.0077736789,0.0397342906,0.0783539015,0.3869166125,0.7464638011,2.9798617818,6.3186697945,7.8774e-06
UMOYOM18_clean,0.0100760426,0.0479565971,0.095102341,0.4699370897,0.9071330029,3.6249487564,7.3870062197,9.62055e-06
UMOYOM19_clean,0.0087882113,0.0437911186,0.086948825,0.4198849488,0.8267895382,3.2222258427,6.6140286688,8.69698e-06
UMOYOM_clean,0.0064778819,0.031343051,0.0616963842,0.3063862235,0.6059308736,2.8714306877,7.4089350273,6.22536e-06
UMOZUT_clean,0.0060757966,0.0303559934,0.0606134604,0.3009030048,0.5971128673,2.7911881091,7.298549006,6.0822e-06
UMUBAH_clean,0.0062859863,0.0304840778,0.0613786824,0.3024564382,0.5965217087,2.8044005035,7.2857734121,6.10018e-06
UMUBEL_clean,0.0059805544,0.0294101397,0.0584787211,0.2900979396,0.5806326796,2.7147217459,7.2131298744,5.90242e-06
UMUBIP_clean,0.0055733118,0.0278534221,0.0540318948,0.2748690375,0.5447099428,2.5696579972,6.9801378543,5.5235e-06
UMUBOV_clean,0.0059083017,0.0317156582,0.0621767465,0.3125389763,0.6059605408,2.8528689392,7.3731565038,6.24074e-06
UMUXEG_clean,0.001028148,0.0052495387,0.0103521992,0.0514001468,0.1012181788,0.4664455434,1.1848644131,1.02474e-06
UNABOB_clean,0.0026901127,0.0136408948,0.0264879162,0.1355464416,0.2631817445,1.2200099565,2.956293003,2.72481e-06
UNACES01_clean,0.0235540847,0.114025859,0.2278162107,0.9955276381,1.7575885747,4.6985823409,7.2647512536,2.32197e-05
UNADIX_clean,0.0112095397,0.0553690462,0.1109803881,0.5133538426,0.9919371357,3.5233446428,5.9786915027,1.11496e-05
UNAGOH_clean,0.0064003925,0.0322293878,0.0641319714,0.320310119,0.6234085525,2.7926581026,6.2953756377,6.42488e-06
UNAGUN_clean,0.0063851034,0.0326593932,0.064592555,0.3208968376,0.6378892256,2.8452563717,6.3615601685,6.49798e-06
UNECOH_clean,0.0051114836,0.0257522505,0.0506869693,0.2525460036,0.4923336728,2.1980665804,4.8959392267,5.14171e-06
UNECUN_clean,0.0055253197,0.0280871384,0.0561603562,0.2774179145,0.5292857205,2.3064294535,4.9136042733,5.61015e-06
UNIFII_clean,0.0096990513,0.048981468,0.0981990959,0.4734362983,0.9324885502,4.0332763805,8.9650855153,9.85547e-06
UNIMAG_clean,0.0019227842,0.0094496427,0.0188620599,0.0938546901,0.1867868321,0.860195872,2.1917384994,1.88342e-06
UNUNEY_clean,0.0037336315,0.0185572991,0.0370853148,0.1870999103,0.3770507672,1.8247188052,5.5384062529,3.72646e-06
UPIBOM_clean,0.0052210128,0.0264901894,0.0524605541,0.2582371345,0.4979142517,1.9013080637,3.6664410352,5.30291e-06
UQEGII_clean,0.0006154424,0.003130812,0.0062252526,0.0309300491,0.0616131555,0.2973266423,0.8106678284,6.2643e-07
UQERIT_clean,0.0135282913,0.068503708,0.1352455097,0.6138993714,1.1267696522,3.3346982199,5.0555413672,1.36936e-05
UQETOB_clean,0.0069213979,0.0343056825,0.0680154894,0.3332205464,0.623990494,2.6252419447,6.0456841613,6.98554e-06
UQOWUU_clean,0.0048284643,0.0238337898,0.0483481314,0.2321706073,0.4353002573,1.6651340599,3.0404388546,4.83719e-06
UQOYOP_clean,0.011776758,0.0591103863,0.1161423373,0.5374646056,0.9683257978,3.0997064619,5.0153986789,1.18141e-05
UQULAU_clean,0.005722999,0.0268812044,0.0545489899,0.2645015789,0.5163648685,2.1386347059,4.5662030297,5.44666e-06
URENEM_clean,0.0058328709,0.0295102207,0.0580207758,0.2891912376,0.565790704,2.6090649995,6.6313493668,5.79791e-06
UREVIY_clean,0.0060398891,0.0308039706,0.0609216511,0.2816443452,0.5279313457,1.7394371273,2.9274535575,6.17078e-06
UREVOE_clean,0.005876727,0.0298390129,0.0608256298,0.2828549467,0.5158421153,1.7111783422,2.8577904693,6.0557e-06
URUVUA_clean,0.0049612403,0.0246645082,0.0495592683,0.2340638801,0.4506561649,1.7135151941,3.8830748419,4.97386e-06
URUWEL_clean,0.0017997283,0.0088343183,0.0181127,0.0900998741,0.1799473951,0.8176341547,2.2093464124,1.7943e-06
URUWIP_clean,0.0021753237,0.0102193266,0.0198850411,0.0986740143,0.1964579457,0.8991774947,2.1746703438,2.00388e-06
USAHAZ_clean,0.0053283602,0.0268052863,0.0532270111,0.2633444887,0.5154374224,2.4861572906,6.5030089807,5.32183e-06
USAWIW_clean,0.0039839544,0.0198307572,0.0386866939,0.1949597476,0.3814044711,1.6645895033,3.9061598155,3.92252e-06
USEVOF_clean,0.0065756547,0.0323065825,0.0637580405,0.2911705226,0.5134269292,1.8120234587,3.9092110642,6.53646e-06
USIRUL_clean,0.0072396742,0.0349238765,0.0694209727,0.2972855765,0.471499615,0.960985387,1.1641415577,7.29525e-06
USISEW_clean,0.0086593519,0.0439778539,0.0825897744,0.33495137,0.5342441076,1.0361951758,1.2814262283,8.85287e-06
USORUR_clean,0.0070874666,0.0354935304,0.0707391318,0.3495420199,0.672054809,2.9551314444,6.7151234013,7.10347e-06
USOXEH_clean,0.0049751665,0.0253083947,0.0506069902,0.2456057982,0.4754573693,1.8856006913,3.6848485073,5.09424e-06
USUBUG_clean,0.0068848517,0.0350398138,0.0702513586,0.3381093355,0.6426084621,2.4253233878,4.6467664002,7.03027e-06
USUPUV_clean,0.0012050393,0.0055647156,0.0112084689,0.0553836967,0.1102817123,0.4804338099,1.171498634,1.12014e-06
USUVIP_clean,0.0042813308,0.0220968625,0.0442472098,0.2147847637,0.4133356175,1.5701481393,3.1585244074,4.44938e-06
USUWUC_clean,0.0080985593,0.0409328764,0.0818276034,0.3939464058,0.7457582311,2.798958285,4.8535821267,8.14788e-06
UTACOJ_clean,0.0024585967,0.0119839979,0.0241291335,0.1179910476,0.2322144617,0.9919457714,2.497786436,2.39074e-06
UTACUP_clean,0.0028844251,0.0140901481,0.0280987928,0.1380329589,0.2776045429,1.2328163937,3.0400866141,2.81411e-06
UTADIE_clean,0.0029423678,0.0141227305,0.0282502247,0.1424785656,0.2796551527,1.2262385483,2.8784979796,2.86601e-06
UTELIQ_clean,0.0126678643,0.0631951056,0.1254608191,0.5974602809,1.0990720996,3.9872917541,7.1732053302,1.2535e-05
UTEMAJ_clean,0.007109118,0.0361264108,0.0712668508,0.3521102477,0.6668580603,2.9937822232,6.8187171996,7.14839e-06
UTEWOG_clean,0.0075700518,0.0369983309,0.0734258267,0.3626575919,0.7132844016,2.907113957,6.4077364088,7.45699e-06
UTEXIB_clean,0.0076467657,0.0373136245,0.0763164498,0.3593461457,0.6966160356,2.5598909067,4.7600317284,7.64647e-06
UTOCAJ_clean,0.0098669031,0.0485712178,0.0968804614,0.4592801668,0.8714609347,3.1283310443,5.3382851369,9.82174e-06
UTOCEN_clean,0.0098490412,0.0482544672,0.0955955968,0.4596826545,0.8517973853,3.1175817642,5.3546370937,9.70535e-06
UTULEB_clean,0.0093195888,0.0463610884,0.09296882,0.4269256467,0.7794766289,2.3799148785,3.6195435142,9.37329e-06
UTULIF_clean,0.0114288593,0.055495457,0.1143259291,0.5200474071,0.9450070277,2.6252138257,3.5984125778,1.14205e-05
UTULUR_SL_part,0.0196151293,0.0918515562,0.178072125,0.6750460078,1.1398030722,2.818370222,3.9711168897,1.92978e-05
UVANOW_clean,0.0059555016,0.0292116271,0.0590421861,0.2863159932,0.5614401234,2.3513895957,5.5320027147,5.92309e-06
UVANUC_clean,0.0089575346,0.0449749065,0.0890915061,0.4206296619,0.7652759981,2.5801796668,4.104211868,8.97516e-06
UVEVAT_clean,0.0095427517,0.046679748,0.0932666535,0.4573766976,0.8707842838,3.4678035607,6.563483496,9.39826e-06
UVEVUN_clean,0.006114751,0.0310068568,0.0614626566,0.3011120919,0.586617207,2.678236613,6.4141819769,6.18773e-06
UVINAP_clean,0.0041431713,0.0205985233,0.0410797133,0.1956807567,0.3570584536,1.1690600652,1.9072459559,4.14519e-06
UVIPIZ_clean,0.0056112564,0.0283720048,0.0559670964,0.2597583782,0.4972315493,1.9823958219,4.7215558686,5.70434e-06
UVIPOF_clean,0.0056575711,0.0287920988,0.0573180511,0.2665470721,0.5062048628,2.0039934838,4.7443753257,5.83379e-06
UVOBUE_clean,0.0010330388,0.0051338398,0.0099351599,0.0503688928,0.100807095,0.4497464804,1.1278621957,1.02051e-06
UVOTOQ_clean,0.0044018779,0.0233849762,0.0463106656,0.2286725534,0.4513084405,1.9082890899,4.5598043364,4.63844e-06
UVUCEV_clean,0.0060225909,0.0292369163,0.0591826147,0.2671971188,0.4820663814,1.4592012504,2.3286793939,6.02193e-06
UVUDEW_clean,0.0016173201,0.0078747941,0.0157869299,0.0744799793,0.1383910592,0.4831832643,0.9165399684,1.60157e-06
UVUDUM_clean,0.0015274767,0.0077909562,0.015644103,0.0769049941,0.1513185576,0.6673670792,1.5363680657,1.57791e-06
UVUFUN_clean,0.0119771377,0.0589876104,0.1161743256,0.5408656896,1.0120023769,3.4110921264,5.7780643323,1.1847e-05
UVUQAE_clean,0.010911187,0.0543657586,0.1047364494,0.4828956147,0.8882116639,2.8585599623,4.5648151229,1.07255e-05
UVUQOT_clean,0.0037680203,0.019104103,0.0382455394,0.1823729828,0.3626979546,1.4162289656,2.9297771223,3.78605e-06
UVUWAL_clean,0.0139717659,0.0689101421,0.1362857043,0.6395173941,1.1692185016,3.8194525263,6.0308384097,1.39261e-05
UWALEL_clean,0.0072278942,0.0354418207,0.0699256739,0.3349107763,0.636411694,2.4040862597,4.6652598409,7.13188e-06
UWELIS_clean,0.0131314946,0.0665419986,0.1314870846,0.6181336287,1.1961087447,4.3638709569,7.5357432991,1.32869e-05
UWODAN_clean,0.004080998,0.0198751926,0.040023075,0.189639411,0.3637417349,1.4018563112,2.7461329975,3.9586e-06
UWOWAF_clean,0.0117743434,0.0581709527,0.1159787137,0.5180485023,0.9332790922,2.8642307129,4.4518938406,1.18005e-05
UWUKII_clean,0.0051402559,0.0259185068,0.0508996311,0.2474996629,0.4836515674,1.9925374497,4.4862888111,5.20883e-06
UWUTIQ_clean,0.0126839128,0.0623738721,0.125442361,0.584344459,1.0759432674,3.5881204296,6.0886232087,1.27034e-05
UXABOL_clean,0.0007816645,0.003946964,0.0078696391,0.0394884092,0.0769210849,0.3579813578,0.9205291695,7.87799e-07
UXABUR_clean,0.0005177749,0.0027334311,0.005606162,0.026808651,0.0519496462,0.2223659328,0.4839290045,5.47051e-07
UXACAY_clean,0.0009234849,0.0045590889,0.0090964255,0.0449462292,0.0879406819,0.4115727139,1.0253085401,9.03351e-07
UXAXEY_clean,0.0088622222,0.0444472166,0.0860779281,0.3836264357,0.6874182328,2.0698798976,3.302708966,8.93186e-06
UXINAR_clean,0.0066697777,0.0327790099,0.0653582215,0.2979982228,0.5544626429,1.8021477621,3.0577619929,6.61296e-06
UXIQOJ_clean,0.0070415415,0.0346732949,0.0693663018,0.3428102739,0.6679082785,2.8333454543,5.6544519868,6.90635e-06
UXISUR_clean,0.0075067551,0.0373284119,0.0733129182,0.3254130556,0.6040464466,2.2302663751,5.1469313486,7.44761e-06
UXOHOG_clean,0.0099754001,0.0508738562,0.1009173796,0.4314674205,0.7781017391,2.7464468684,6.5734328182,1.02065e-05
UXUNUX_clean,0.0064717155,0.0316083242,0.0630690916,0.3132775847,0.6182732855,2.8252924633,6.9452543196,6.35543e-06
UXUPEJ_clean,0.0060519061,0.0322837601,0.0633621268,0.3161455896,0.6152140802,2.8506909332,7.0052704407,6.33528e-06
UXUPIN_clean,0.0062784369,0.0310908363,0.0629589435,0.3116523819,0.6046003836,2.8440591913,7.0434336109,6.25347e-06
UXUZAP_clean,0.0160688964,0.0800044168,0.15726564,0.6661539713,1.1436720856,2.6786217185,3.7249185264,1.61948e-05
UYAMIS_clean,0.004720099,0.023007639,0.0459797351,0.2203120409,0.423844983,1.6086523787,3.1749475561,4.67432e-06
UYAMOY_clean,0.010100107,0.0510871812,0.0987628541,0.4605098632,0.8654373567,2.8757671208,4.7274315287,1.01445e-05
UYAQAN_clean,0.0026073756,0.0132008875,0.0253673979,0.1269693153,0.2460326354,0.9680576269,1.9760627087,2.59869e-06
UYOFIY_clean,0.0090756693,0.0448842809,0.0871112913,0.3943407224,0.7334965686,2.1448757493,3.1565952156,9.00474e-06
UZANOZ_clean,0.0042746964,0.0215145608,0.0426751414,0.2055368401,0.397244082,1.5052369118,2.8021102715,4.29752e-06
UZATAR_clean,0.0031768955,0.0150899275,0.0301942065,0.1457210005,0.2763468548,0.9569278958,1.6950688037,3.07281e-06
UZEKEQ_clean,0.0025393903,0.0127004431,0.0257767904,0.1221828479,0.23603063,0.8449652625,1.5555162414,2.56673e-06
UZIJUJ_clean,0.0077428193,0.0383868795,0.0752204644,0.3686748923,0.7051524297,2.752741779,5.3132396841,7.66644e-06
UZIZOU_clean,0.0133360114,0.0662116002,0.1316229195,0.590722846,1.0595357492,3.0338299937,4.5251735415,1.35001e-05
UZOBAN_clean,0.0078541983,0.0392267565,0.0786075169,0.3853472198,0.7430458266,3.069980691,6.3164891586,7.96233e-06
UZOBAO_clean,0.0126384793,0.0620073503,0.1234531245,0.5690500959,1.0120203407,2.9482906181,4.4814051814,1.25966e-05
UZOBER_clean,0.0028201658,0.0133067599,0.0265086969,0.1283132358,0.2513077882,1.0165965357,2.1964525265,2.65216e-06
UZOBES_clean,0.0125520321,0.0630125916,0.1234419194,0.5616535534,1.0259986269,3.0119420212,4.5693009362,1.26333e-05
UZOBIW_clean,0.0139361973,0.0682299808,0.1391791108,0.6118888582,1.1014219477,3.0446963629,4.5047412384,1.40513e-05
UZUNAF01_clean,0.0024743269,0.0124483398,0.025274395,0.124116142,0.2420435613,1.0111443195,2.1930973867,2.51803e-06
UZUNAF_clean,0.0024185412,0.0121636004,0.0243702023,0.120083303,0.2411509906,1.0041583266,2.2087708355,2.4681e-06
UZUTUG_clean,0.0043204939,0.0202663926,0.0415502,0.1969190508,0.3781020847,1.4569073972,2.7938148683,4.14915e-06
UZUXOE_clean,0.0045143558,0.0228676099,0.0457587154,0.1947313898,0.3423936514,0.986371263,1.622999029,4.83011e-06
UZUZUL_clean,0.0265473195,0.1314568336,0.2572117702,1.0601172884,1.8034069729,4.0951361135,5.4167047784,2.69465e-05
VABJIS_clean,0.0058012782,0.0304753642,0.0591343314,0.2836843693,0.5378423777,1.8062097799,3.0569052016,6.09198e-06
VABJUE_clean,0.6047252963,1.7005841898,2.1656127147,2.8792348552,3.1051980108,3.5417173617,3.740752621,0.000760954
VABKAL_clean,0.4822112739,1.4817801631,1.9805584674,2.7953347897,3.0251797718,3.4319767031,3.6440596008,0.000571701
VABKAN_clean,0.006306706,0.0310404601,0.0595066375,0.3015580126,0.5986210639,2.7913537955,7.8092270666,6.01552e-06
VABKER_clean,0.0064452142,0.0313918501,0.0627779863,0.3134956764,0.625025791,2.8978323048,8.1185815213,6.31886e-06
VACFOV_clean_h,0.0143116136,0.0688955395,0.1382048785,0.6310777916,1.1471485596,3.8811369867,7.3149252834,1.40602e-05
VACFUB01_clean,0.0031652509,0.0159787749,0.0321674899,0.1588026452,0.3128538254,1.4033204275,3.2072442626,3.17529e-06
VACFUB_clean_h,0.0028422661,0.0142131247,0.0284764916,0.1424990912,0.2828377731,1.2636707799,2.9612823797,2.86435e-06
VACLIX_clean,0.0028620069,0.0147105488,0.0291652136,0.1445939307,0.2884619297,1.3647350754,3.8402904183,2.92395e-06
VADWON_clean,0.0048475719,0.0244020925,0.0485645661,0.2284928103,0.4260815085,1.435077812,2.5340146796,4.87363e-06
VAFWAB_clean,0.0086283212,0.0421271427,0.0829895697,0.388355182,0.7014584328,2.1504607324,3.243285447,8.51993e-06
VAGBEN_clean,0.0028426689,0.0138296534,0.0280386212,0.1378326037,0.255563738,0.9454044163,1.6883848394,2.83615e-06
VAGBOX_clean,0.0023412357,0.0111228376,0.0224566541,0.1069521176,0.2071505496,0.686976333,1.1443895475,2.30356e-06
VAGBUD_clean,0.0024953515,0.0127933219,0.0255880202,0.123927994,0.2363991175,0.9127742701,2.0142579523,2.57752e-06
VAGJET_clean,0.0027985978,0.0140144291,0.027270416,0.1278175963,0.2308337334,0.7472383428,1.1832715382,2.77189e-06
VAGMAT_clean,0.0042169643,0.0205636236,0.0413128251,0.2096913127,0.4229204531,1.9864942076,5.8560288015,4.18054e-06
VAGMEX_clean,0.0042998821,0.0215941738,0.0426789952,0.2100782626,0.4156473743,1.9989555739,5.885476479,4.21523e-06
VAGTAA01_clean,0.0092005973,0.0454974593,0.0899941808,0.4409952146,0.8277050481,3.2263847486,6.1340293603,9.18409e-06
VAGTAA_clean,0.0067264528,0.0327501064,0.0658436242,0.3239251743,0.6285468468,2.6137168352,5.6238218025,6.62395e-06
VAGTAB_clean,0.0423931681,0.1951171995,0.3647505407,1.132227511,1.5598325537,2.5150828886,3.0478388197,4.29874e-05
VAGTUU_clean,0.0134929478,0.0660145782,0.1305789957,0.5760177791,1.0318012691,3.0380511379,4.793452062,1.3369e-05
VAHJEW_clean,0.0098329993,0.0492980642,0.0974247828,0.4578105104,0.8087186694,2.6322778049,4.3683379541,1.00258e-05
VAHJIA_clean,0.0120013318,0.0582496493,0.1151815414,0.4804447399,0.7994044845,2.0174440932,3.1876309184,1.20386e-05
VAHPUR_clean,0.0055102657,0.0277016225,0.0549477623,0.248569267,0.4531054839,1.3943855431,2.3273564959,5.50862e-06
VAHQAY_clean,0.0058891609,0.0283681092,0.056035564,0.2568577809,0.4609085035,1.3866531443,2.295691985,5.75494e-06
VAHSON_clean,0.0629071644,0.2977214848,0.5321677691,1.5574080712,2.0215873257,2.6822156024,2.9890153082,6.36232e-05
VAHTOQ_clean,0.0075813775,0.0379337505,0.0744542009,0.3513028248,0.6389832672,2.1372291119,3.680018534,7.57382e-06
VAHTUW_clean,0.0034604758,0.0173484746,0.0343102569,0.1593267579,0.3079622225,1.1979282522,2.6365924274,3.44247e-06
VAHVOR_clean,0.007097986,0.0350501541,0.0696121567,0.3424822236,0.6576367613,2.5307134759,4.9821023403,7.0877e-06
VAJGAR_clean,0.0321671995,0.1619156419,0.315458455,1.3507890759,2.3383882439,5.4122613052,7.1611252142,3.25754e-05
VAJTEH_clean,0.0062992702,0.0306028277,0.0595775192,0.2776195304,0.5100750078,1.5232301709,2.3239037985,6.12141e-06
VAJVEJ_clean,0.0189588174,0.0966935351,0.183889829,0.7045825482,1.1638774151,2.0676443198,2.5369944124,1.96443e-05
VAKLIF_clean,0.0062836577,0.0303938106,0.0607788899,0.3014962403,0.5927797179,2.6598644384,6.566544516,6.1251e-06
VAKNAZ_clean,0.0056154693,0.025844193,0.0524964922,0.2583267964,0.5164711171,2.2999898014,5.5866838235,5.28036e-06
VAKNED_clean,0.0061650959,0.0312368807,0.0629029207,0.3064464077,0.6117059677,2.6581804073,6.3970402725,6.25909e-06
VAKPOP_clean,0.0027461465,0.0131292425,0.0266331837,0.1317657289,0.2556233448,1.1144654568,2.6086912549,2.66341e-06
VAKPUV_clean,0.0030832728,0.0155939141,0.0309612533,0.1463699974,0.2836107512,1.0050568455,1.9499176582,3.14657e-06
VAKQAC_clean,0.0030119347,0.0150214673,0.0290511611,0.1447830017,0.2855479679,1.1823356128,2.6126177674,2.96833e-06
VALVAI_clean,0.0083154803,0.0407164084,0.0820142667,0.3733145003,0.6717673143,1.9796160708,3.049184633,8.33729e-06
VALVIQ_clean,0.0042482129,0.021259729,0.041616311,0.2004530211,0.3785202308,1.3540818391,2.4109443093,4.24715e-06
VALWUD_clean,0.0049908265,0.0248775329,0.0503764918,0.244850421,0.4768537253,2.2334185773,5.4395131981,5.0008e-06
VALXAK_clean,0.0063494381,0.031077105,0.0641090459,0.3127435197,0.6042470921,2.8089997295,6.7732684486,6.35361e-06
VALXEO_clean,0.0047391326,0.024258435,0.0474231397,0.2363236488,0.4572352435,2.1503836132,5.3307803992,4.78539e-06
VALXIS_clean,0.005262535,0.0261420448,0.0524536398,0.2594247238,0.4950368277,2.3078013999,5.5258863599,5.24947e-06
VALXOY_clean,0.0072071979,0.0353268579,0.0716676609,0.3516827935,0.665718621,3.1029821144,7.1578836778,7.1275e-06
VAMPUX_clean,0.0035901511,0.0181119204,0.0351980833,0.1771800101,0.3432467574,1.6646155707,4.1860084064,3.57845e-06
VAMQAE_clean,0.001510452,0.0073492055,0.014638778,0.072337892,0.1447308879,0.6651415989,1.7423104884,1.47136e-06
VAMQIM_clean,0.0035082329,0.0173621914,0.0346576017,0.1724804026,0.3381411209,1.6174512076,4.1111387976,3.4916e-06
VAMQOS_clean,0.0035687811,0.0175910279,0.0353921936,0.1739389015,0.3387510548,1.6200423137,4.117099232,3.51863e-06
VAMYEQ_clean,0.0043921376,0.0215980947,0.0426498383,0.2184321435,0.4273859983,2.0309231171,5.5471976076,4.34178e-06
VAMYUG_clean,0.0044030889,0.021891762,0.0435740886,0.2220954296,0.437230021,2.0850225331,5.6237504111,4.43623e-06
VAMZER_clean,0.0077409802,0.0378604426,0.0756992151,0.3658738965,0.7364170308,3.2879114097,7.3732548369,7.6753e-06
VANHEA_clean,0.0068285749,0.0338994447,0.0676985061,0.3299524204,0.6433742187,2.6503478296,5.8741303143,6.74949e-06
VANNEG_clean,0.0029996914,0.0150053176,0.0300003446,0.1507083399,0.296532105,1.4007341321,3.8935926316,2.99489e-06
VANNIK_clean,0.002608651,0.0127036675,0.023832883,0.1224368054,0.2456608369,1.241007852,3.6160791535,2.45376e-06
VAPBEV_clean,0.016815023,0.083275182,0.1539953322,0.5786372174,0.9272488121,2.3075099639,3.5694429419,1.71184e-05
VAPBIZ_clean,0.0182910449,0.0883780727,0.1670659607,0.6062721883,0.9446666283,2.32889838,3.589552476,1.8039e-05
VAPFUP_clean,0.0030899409,0.0151247008,0.0303721806,0.1371081509,0.2465055388,0.7044896633,1.1148102162,3.08312e-06
VAPHOM_clean,0.0099672045,0.0501493422,0.097934406,0.4641568946,0.8444591001,2.4782799261,3.4398797887,1.00748e-05
VAQTUF_clean,0.0073720556,0.036218747,0.0722887653,0.3550973325,0.687729985,2.7260245461,5.7045170223,7.3381e-06
VARHIH_clean,0.0086749661,0.0435802434,0.0869253041,0.4266645448,0.8122152874,3.6053608773,7.3109929314,8.63229e-06
VARHON_clean,0.0075130002,0.0369506444,0.0748931833,0.3659524414,0.7119605958,3.2073200529,7.0248234018,7.40532e-06
VARJAB_clean,0.0184218538,0.0929873899,0.1810757196,0.865182551,1.690849665,5.6348572656,8.8057075089,1.83194e-05
VARJEF_clean,0.0092424779,0.0459627452,0.0917152635,0.4484628994,0.8627826888,3.8245088449,8.09412822,9.14553e-06
VARWOC_clean,0.0012406674,0.006035259,0.0121356118,0.061225041,0.1213308581,0.5821557246,1.7171516704,1.22118e-06
VARWUI_clean,0.0012233352,0.0059813849,0.0121695173,0.0606379807,0.1208014903,0.5762537492,1.6925013643,1.20808e-06
VASFAZ_clean,0.0030500037,0.0154598224,0.0301161108,0.1493459948,0.2959231515,1.2109842164,2.5183168662,3.08665e-06
VASFED_clean,0.003009627,0.0156591764,0.0307571635,0.1499486496,0.2984615662,1.2265718638,2.5072415245,3.09309e-06
VASFIH_clean,0.0021747457,0.0110138196,0.0220903467,0.1093430133,0.2135560282,0.905481402,2.0183655025,2.22663e-06
VASFON_clean,0.0032440222,0.0154461779,0.0309982772,0.153522608,0.3010020419,1.2320166342,2.4890716963,3.14493e-06
VASFUT_clean,0.0032673925,0.0160419414,0.0320381754,0.153271041,0.3045822005,1.231951017,2.4608050058,3.17571e-06
VASGUU_clean,0.0101836134,0.050409184,0.0987411727,0.4736198616,0.8793246637,3.3252682028,6.2349366548,1.01037e-05
VASKOR_clean,0.0063324927,0.0323449559,0.0647901259,0.3102800475,0.5794930592,2.0003333661,3.4363630164,6.53445e-06
VATVIY_clean,0.0026156042,0.0123854843,0.0250196312,0.121068429,0.2386823083,1.0100206197,2.2384912508,2.48916e-06
VATVOE_clean,0.0024076108,0.0120589696,0.0241969534,0.1185852899,0.2347490252,0.9836286968,2.2100379854,2.40582e-06
VATVUK_clean,0.0041426219,0.0211491115,0.0413721687,0.1987773857,0.368761808,1.2361156013,2.1467044819,4.19303e-06
VATXEU_clean,0.0022004748,0.0113313462,0.0227688125,0.1091573468,0.2116033591,0.8562257502,1.7685548914,2.2577e-06
VATYAR_clean,0.0027125185,0.013102375,0.0262502839,0.1295032434,0.2566810064,1.1131635986,2.6458520071,2.62896e-06
VATYEV_clean,0.0028304435,0.0137080195,0.0276762288,0.1366313088,0.2715702117,1.1605627011,2.6250974527,2.77056e-06
VATYIZ_clean,0.0027308134,0.0137796915,0.0279021068,0.136240632,0.2711030509,1.1826556228,2.7171714849,2.78037e-06
VATYOF_clean,0.0024214063,0.0121644609,0.0249137629,0.1221169353,0.2436806741,1.0637943504,2.517000296,2.46474e-06
VAXMUF_clean,0.0039803614,0.019874255,0.0394252318,0.1948338236,0.3779010596,1.5845475299,3.4393904375,3.97387e-06
VAXTEV_clean,0.0032369455,0.016103536,0.0331323513,0.158248799,0.3108999647,1.2558061921,2.589440014,3.27965e-06
VAZROF_clean,0.0128826361,0.0648188942,0.1244209441,0.5244535569,0.9251326233,2.278969118,3.0606171354,1.27582e-05
VAZTOG_clean,0.0031778418,0.0155604665,0.0318027689,0.1571996741,0.3141111914,1.5273040288,4.4292701597,3.16034e-06
VAZTUM_clean,0.003261042,0.015790789,0.0321599209,0.1569003563,0.3143161479,1.5438385464,4.4756126707,3.18086e-06
VEBHUG_SL,0.0036075745,0.0183483069,0.0374579951,0.1879533246,0.3722729328,1.7649077942,5.2495731499,3.74301e-06
VECVUW_clean,0.0040948697,0.0200516309,0.0404379958,0.1874378637,0.3346070833,1.070087355,1.9678435416,4.13004e-06
VECWUX_clean,0.0085006871,0.041409959,0.0813983984,0.3717448672,0.6715608434,1.8452505175,2.8319556922,8.32711e-06
VECZAG_clean,0.0013925694,0.0069576,0.013640254,0.0687973361,0.136995458,0.6436283679,1.8162945866,1.37324e-06
VECZEI_clean,0.0025012621,0.0118609312,0.0236215444,0.1167166457,0.2270162835,1.0387226372,2.4096416338,2.35428e-06
VECZEK_clean,0.0014424801,0.0079138934,0.0159067752,0.0799589093,0.1602055623,0.762402445,2.1284009971,1.59727e-06
VEDFAN_clean,0.008320584,0.0398765102,0.0805227857,0.3822996897,0.7236594363,2.7091232049,4.9683186149,8.10016e-06
VEDFIV_clean,0.0080469392,0.0408609643,0.0797040758,0.380252915,0.7164935001,2.6094730874,4.6539618333,8.1268e-06
VEDFOB_clean,0.0082760889,0.041322601,0.0831769185,0.389796002,0.7288542394,2.6567335597,4.7278815458,8.31878e-06
VEDFUH_clean,0.007716563,0.0376751151,0.0754114109,0.3622435226,0.6814558322,2.5789171886,4.7235733076,7.6216e-06
VEDGAO_clean,0.0078956558,0.0392969615,0.0806217873,0.3816500612,0.7041260866,2.5427081871,4.5474105254,8.03364e-06
VEDGES_clean,0.0077432601,0.0390544632,0.0781267245,0.3771026618,0.7037056079,2.6322312195,4.775816119,7.93284e-06
VEDGIW_clean,0.0080358154,0.0396306748,0.076899772,0.3725830719,0.6926296647,2.6121283326,4.7168178388,7.90259e-06
VEGBUG_clean,0.003274044,0.0161624176,0.0331052491,0.1635313412,0.3256080648,1.5491076944,4.2541237881,3.3018e-06
VEGCAN_clean,0.0025663978,0.0127639813,0.0251163366,0.1275574874,0.2521297923,1.210835073,3.3276014112,2.57038e-06
VEHJID01_clean,0.003110195,0.0156866029,0.0312344955,0.1554296062,0.3096231488,1.4778943838,4.2405921355,3.12041e-06
VEHJID_clean,0.0071035316,0.0350327032,0.0692156816,0.3401408759,0.654674037,2.5844140704,5.0882539775,7.06833e-06
VEHJOJ_clean,0.0037458008,0.0183706683,0.0374388965,0.1837178314,0.3688291898,1.7700421608,4.9303226696,3.72502e-06
VEHJUP_clean,0.0038079123,0.0182066303,0.0369053747,0.1817334488,0.3672079206,1.74692713,4.8694358885,3.67892e-06
VEHKIE_SL,0.0066524132,0.033496601,0.06691279,0.3222944273,0.6300091638,2.6745147031,5.8734677373,6.64836e-06
VEHLAW_clean,0.0122406655,0.0621069603,0.1209823365,0.5581392321,1.0049288216,2.6536558024,3.4717385161,1.23926e-05
VEHLIE_clean,0.0102532791,0.0509061535,0.1014127106,0.4753486197,0.8573581915,2.5512804279,3.7947274039,1.02405e-05
VEHPUU_clean,0.001690925,0.008348536,0.0168442973,0.08404395,0.1635001024,0.7309147618,1.6581803359,1.6809e-06
VEHRIL_clean,0.0020265352,0.0108456258,0.0214861566,0.1082365137,0.2179477591,1.0318653442,2.8539988517,2.18739e-06
VEHXEN_clean,0.0011977911,0.005981485,0.0118683419,0.0589109034,0.1190478202,0.5763076928,1.7178715255,1.18888e-06
VEHYUE_clean,0.0008109486,0.0039834355,0.008026294,0.0388472349,0.0761774366,0.3300351124,0.8092246475,8.0038e-07
VEJHEZ_clean,0.004181894,0.0212498565,0.0415697278,0.2079975584,0.4113330344,1.9324908817,5.3490070669,4.14934e-06
VEJHID_clean,0.0031869064,0.0155660547,0.0323373957,0.1607024974,0.3164150814,1.5419592031,4.4986671633,3.18239e-06
VEJYIT01_clean,0.0063516069,0.0310663657,0.0627004218,0.3064431732,0.5788340598,2.4192483713,4.9854358892,6.23887e-06
VEJYIT_clean,0.0064507896,0.0317515093,0.0640419981,0.3124084896,0.5893121884,2.4433393233,4.9612822956,6.39909e-06
VEJYOZ_clean,0.0066321895,0.0326578563,0.0656367513,0.3049378149,0.5674026029,2.0911637975,4.4217578571,6.70227e-06
VEJZIU_clean,0.0037056439,0.0185481328,0.0377551429,0.1908060266,0.362365216,1.7288603502,4.3578570917,3.79133e-06
VELBAQ_clean,0.0056751277,0.027578247,0.0549936633,0.2714866138,0.5365342325,2.2447237154,5.3634865345,5.56402e-06
VELVEO_clean,0.0075620671,0.03940396,0.0751228376,0.3503539912,0.6379934428,1.7158577852,2.4265293959,7.88007e-06
VELVOY_clean,0.0044136816,0.0218209744,0.0436486362,0.2161433383,0.4288605006,1.9377176831,4.6385430835,4.3653e-06
VEMDAT_clean,0.0067493265,0.0343059089,0.0666643049,0.309612909,0.5667769086,1.7584846169,2.881765123,6.77133e-06
VEMMAC_clean,0.0056640327,0.0281044544,0.0561555375,0.2752159498,0.5398688233,2.4437910554,5.7138926543,5.58679e-06
VEMMEG_clean,0.0047398173,0.0234679887,0.0472872461,0.2390083498,0.4708203119,2.147946083,5.3159373642,4.78145e-06
VEMMIK_clean,0.0027542505,0.0131827602,0.0266756717,0.1327315471,0.2672020629,1.2517207054,3.4963765553,2.67618e-06
VEMMOQ_clean,0.0040292627,0.0202936565,0.039956383,0.2008114266,0.3983435284,1.8912033103,4.9534448636,4.06649e-06
VEMSUC01_clean,0.0099409479,0.0497929663,0.099702833,0.4670723604,0.8613951569,2.7892685272,4.420093493,1.00238e-05
VEMSUC_clean,0.0097652296,0.0490099539,0.0983978124,0.4541030297,0.8478839669,2.7597544771,4.3752154914,9.90926e-06
VEQBID_clean,0.0017352361,0.0085477803,0.0169708291,0.0842561678,0.1668198996,0.7770482613,2.079468293,1.69728e-06
VERPOZ_clean,0.0076930815,0.0382103209,0.0763199248,0.3340969867,0.580244534,1.6287692857,2.5737890045,7.76415e-06
VETMIS_clean,0.0045599861,0.0221697211,0.0439741615,0.22133193,0.4412549205,2.0893647484,6.2365958201,4.41718e-06
VETTOE_clean,0.0071186999,0.0361627072,0.0718955065,0.3520586174,0.7012087512,2.9613839578,6.4259475973,7.27011e-06
VEWKUF_clean,0.0045918322,0.0232454958,0.045548182,0.2285335683,0.4520108834,2.0968400985,5.7515229997,4.58929e-06
VEWLAM_clean,0.0041625468,0.0216551822,0.0429979959,0.2136079855,0.4216193689,1.898736597,4.8041895075,4.31618e-06
VEWXAY_clean,0.0082025679,0.0405709364,0.0811769444,0.3942773941,0.7364761275,2.9883328432,6.1693243253,8.0966e-06
VEXTUO_manual,0.0040120986,0.0209229576,0.0412427358,0.2049445456,0.4072552987,1.8179828497,4.6652764123,4.15856e-06
VEXVAW_clean,0.0058706157,0.0305090363,0.060473121,0.3018674422,0.5862826697,2.5814938299,6.3047769914,6.0977e-06
VEYREX_clean,0.0056640312,0.0278909242,0.0562622226,0.2803521911,0.5358071203,2.1195422007,4.0611286152,5.61016e-06
VEYREY_clean,0.0043432087,0.0217336568,0.0431664154,0.2110698126,0.4110093275,1.8125336967,4.0995405546,4.37133e-06
VEYVEC_clean,0.0114292866,0.0585502088,0.1106481539,0.5011717506,0.8561364323,2.227123346,3.2709131123,1.15792e-05
VEYWED_clean,0.0031753464,0.0160643615,0.032042598,0.1526955086,0.2938277118,1.1019836195,2.0850265753,3.20656e-06
VICDOC_clean,0.0143897128,0.0720659789,0.1413493619,0.6210804866,1.0925515313,2.8727225316,4.0803365941,1.45506e-05
VICLAW_clean,0.0024182905,0.0118583347,0.0241853589,0.1175465862,0.2226373199,0.9127445485,2.018781793,2.41085e-06
VICSIL_clean,0.0070793155,0.0349175609,0.0697752447,0.3273803449,0.6190854534,2.2059276199,4.0195082418,7.04427e-06
VIDJID_clean,0.010403979,0.0524053121,0.102771791,0.4924375227,0.9107449845,3.4249137234,7.6764739808,1.04672e-05
VIDWIQ_clean,0.0215168068,0.1048814956,0.2080563668,0.9003685388,1.5674838516,4.0980535363,5.9169332726,2.14525e-05
VIDXOX_clean,0.001813505,0.0092462663,0.0182903072,0.0908866098,0.1797640127,0.8078199463,1.9984264461,1.84592e-06
VIFBOD_clean,0.0029022588,0.0141438043,0.0278344148,0.1387084918,0.2692958532,1.095913695,2.3346535832,2.84753e-06
VIGDIY_clean,0.002474398,0.0127140041,0.024609157,0.1231459108,0.2325250087,0.8447432173,1.6761905108,2.52838e-06
VIJNIN_clean,0.0369756669,0.1774238622,0.3396256967,1.3557902662,2.2453219523,5.4344122036,7.8231863923,3.74737e-05
VILXOE_clean,0.0093811786,0.0457955496,0.0903895252,0.4308154974,0.7855068245,2.4087244185,3.7141345602,9.27887e-06
VIMRAM_clean,0.0045981636,0.0232678268,0.0455749825,0.2268797319,0.4345292536,1.95635537,4.4089216062,4.62412e-06
VINHIL_clean,0.0021867258,0.0106659209,0.0211595544,0.1051059713,0.2087567759,1.0137554954,2.9725184765,2.0912e-06
VINHOR_clean,0.001832084,0.0093931157,0.0186904154,0.0931909526,0.1857364641,0.9011220915,2.6581369642,1.86527e-06
VIPYOK_clean,0.0073899407,0.0361946445,0.0720171144,0.3322795812,0.5893410791,1.7562662701,2.6367964502,7.36138e-06
VIQFIL_clean,0.0006727571,0.0034687034,0.0067748239,0.0337788123,0.0669833785,0.3185488729,0.8613300813,6.80742e-07
VIQQUJ_clean,0.0198556561,0.1000483271,0.193609734,0.8320086439,1.4767851182,3.7197755986,5.1866625059,2.01948e-05
VIRKIQ_clean,0.0055822205,0.0279030864,0.0546727352,0.262585598,0.4899769152,1.6039970201,2.638469682,5.62253e-06
VIRPOC_clean,0.0037834997,0.0182077226,0.0370995903,0.1822270679,0.3657415904,1.5544466132,3.5355355579,3.70075e-06
VIRQES_clean,0.0034601829,0.0172697002,0.0335798442,0.1571105719,0.3053712605,1.0575535283,1.8211949786,3.42571e-06
VIRVEY_clean,0.0033212622,0.0165790878,0.0332154881,0.1643824218,0.3258419036,1.4977875432,3.7963059099,3.33502e-06
VIRXIF_clean,0.0079178966,0.0391362191,0.077591594,0.3792113019,0.7259146598,2.6731293157,4.7633971317,7.9055e-06
VITYOO_clean,0.0049154982,0.0241091901,0.048311376,0.2343784814,0.456005452,2.0590933305,4.6450505693,4.82655e-06
VITYUU_clean,0.0054502031,0.0271800158,0.0543858498,0.2664041734,0.5089666126,2.004649773,3.7123719115,5.47056e-06
VITZAB_clean,0.0054508893,0.0268142018,0.054782455,0.2666762322,0.5057175755,2.0155960878,3.7116904137,5.45609e-06
VITZEF_clean,0.005345431,0.0270911155,0.0538726701,0.2617564409,0.5085606999,2.0170809482,3.7156962229,5.43944e-06
VITZIJ_clean,0.0054918622,0.0274732048,0.0543881292,0.2661848005,0.5067581729,2.0057927757,3.6339581352,5.48843e-06
VIVXOP_clean,0.0042807963,0.0215804505,0.043443631,0.21103415,0.4080361685,1.6538845159,3.49384705,4.30641e-06
VIWHUG_clean,0.0037629186,0.018296592,0.036593184,0.1728133793,0.3197916263,1.0127035943,1.7474480389,3.71594e-06
VIWKIX_clean,0.0021860659,0.0108403389,0.0215472085,0.1073204675,0.2125377818,0.9757194814,2.4313319999,2.18414e-06
VIWKOD_clean,0.0022293621,0.0108754539,0.0216470055,0.1095948375,0.2121192681,0.9670276912,2.407321728,2.1666e-06
VIWLAQ_clean,0.0022137131,0.0109684883,0.0218669224,0.1096478543,0.2204215798,0.9751426431,2.4163829898,2.23038e-06
VIWLEU_clean,0.0021770607,0.0109169557,0.0214778269,0.1064949667,0.2077841767,0.9611144536,2.3666133944,2.15911e-06
VIWLIY_clean,0.0030455275,0.0155501886,0.0304704424,0.1522419987,0.2914252364,1.1742530944,2.5318940656,3.12183e-06
VIWMAR_clean,0.0030943947,0.0150756668,0.0305896727,0.1525870841,0.2838997042,1.1674464632,2.4894995733,3.08808e-06
VIWMEV_clean,0.0031236519,0.0151840343,0.0305124806,0.1505554714,0.2913205987,1.1540598001,2.4691864866,3.10147e-06
VIWMIZ_clean,0.0091304972,0.0453355816,0.0890676697,0.3745379973,0.6719853392,2.3360883659,4.7140305822,9.2731e-06
VIWMOF_clean,0.0095661527,0.0480619422,0.0907561863,0.379767972,0.6748669899,2.3113382118,4.8709234975,9.85099e-06
VIWQUP_clean,0.0037518951,0.0184289788,0.0370503254,0.1736603827,0.3216584686,1.2014518265,2.4562199043,3.75387e-06
VIWRAW_clean,0.0015415536,0.007840579,0.0161064686,0.0776437089,0.1543609045,0.7120965924,1.9115549728,1.57905e-06
VIWZOR_clean,0.0054447744,0.0270577846,0.0530078392,0.2619875225,0.4995544377,2.0358921232,4.039023169,5.38595e-06
VIXCUB_clean,0.0034608607,0.0172362681,0.0347142413,0.1699277242,0.3332363062,1.4947355397,3.6112139022,3.43578e-06
VIXGAM01_clean,0.0017935699,0.009107325,0.0182157396,0.0851967478,0.1646107038,0.5696425829,1.0355414237,1.81173e-06
VIXPUP01_clean,0.0051102582,0.0250201796,0.0508360607,0.2500395654,0.4813878688,2.1372409284,5.56973532,5.08715e-06
VIXPUP_clean,0.0055820079,0.0280075748,0.0532541565,0.2649878209,0.5198282415,2.2209826773,5.7255608369,5.45778e-06
VIXWEF_clean,0.0030134359,0.0152649361,0.030730768,0.1539175157,0.3065637381,1.4177682198,3.8281810532,3.09132e-06
VIYMAT_clean,0.0058657015,0.0292189819,0.0574939579,0.2743701862,0.5287180594,1.9423225627,3.5123208537,5.79125e-06
VIYSON_clean,0.0190698043,0.0948072798,0.1889339419,0.801694972,1.41194122,3.5726681512,4.8673980116,1.90023e-05
VIYTAA_clean,0.01959403,0.0976035672,0.1905629201,0.8230981436,1.4660115344,3.6543422638,4.9289889003,1.96631e-05
VIYVIK_clean,0.0200682102,0.0987383469,0.1936419641,0.8396506636,1.4747594724,3.6237682704,4.884304603,2.00084e-05
VIZSOO_clean,0.0058484878,0.0286736172,0.0584559773,0.2857088767,0.5566415199,2.6206808557,6.4920080217,5.83392e-06
VIZSUU_clean,0.0031154568,0.0174899971,0.0342116394,0.169199199,0.3382045577,1.61281875,4.5699968218,3.3834e-06
VIZTIJ_clean,0.0023995764,0.0121341542,0.0236165716,0.1160802487,0.2301164138,1.0438493061,2.6338777489,2.34953e-06
VOBGAW_clean,0.0022405974,0.0114436997,0.0222651794,0.1097514231,0.206020657,0.7011442298,1.1557591647,2.3234e-06
VOBGEA_clean,0.0022977776,0.0112808928,0.0232931716,0.1089114796,0.2100484841,0.7063790255,1.1396318669,2.33184e-06
VOBKAA_clean,0.0061379503,0.0297970088,0.059375639,0.2832412048,0.5368090113,2.0581197088,4.1649859231,5.96529e-06
VOBRUB_clean,0.0090010517,0.0456264246,0.0892101999,0.4425416609,0.8088238538,2.7825706448,4.4575381076,9.18954e-06
VOCPEK_clean,0.0023966145,0.0117470538,0.0236223621,0.1136373206,0.2182877163,0.7127970165,1.1424353202,2.40114e-06
VOCQAF_clean,0.0108708926,0.0536778516,0.1071151302,0.4974254979,0.8855599687,2.5078275076,3.6873311719,1.09971e-05
VODQIP_clean,0.0083867658,0.043562277,0.0829207656,0.3891053543,0.7348617427,2.3773073409,4.4955536239,8.58241e-06
VODSEM_clean,0.0005435141,0.002597849,0.0051670919,0.0256119089,0.0504917159,0.2354846245,0.5778953133,5.22106e-07
VOFFED_clean,0.0020186683,0.0103704555,0.020909311,0.1010826308,0.1962840517,0.8249489502,1.7667163384,2.06498e-06
VOGPEO_clean,0.0070948865,0.0355942729,0.072598839,0.3462704097,0.651843786,2.6726220479,6.2320163353,7.33714e-06
VOGTIV_clean_h,0.0051525043,0.0247462121,0.0486615228,0.2461070423,0.486384041,2.2203630955,5.5038748284,4.94503e-06
VOHQIS_clean,0.1034307452,0.4572565588,0.809647413,2.1273199951,2.6691303453,3.663559139,4.1940802353,0.000105093
VOJGOS_clean,0.0115511152,0.0566669022,0.1142775229,0.5472842874,1.0509385783,4.0543357309,7.3151838367,1.15209e-05
VOLPET_clean,0.0042330888,0.0206672312,0.0411970245,0.2028274859,0.4050158853,1.8849236445,5.0140558413,4.11442e-06
VOLQOD_clean,0.0055264939,0.0276079797,0.0545030389,0.2723682567,0.5202414382,2.2267906334,5.2245067521,5.58496e-06
VOLRAQ01_clean,0.0028129308,0.0149064496,0.0284085175,0.1430802465,0.2867564175,1.4105035224,4.1105337061,2.87628e-06
VONCOS_clean,0.0053412792,0.0252881036,0.0500238531,0.2295014983,0.4239659243,1.4574823522,2.9131906451,5.16745e-06
VONDEJ_clean,0.0149545181,0.0729632672,0.1424765532,0.5855982602,0.9546741726,2.0700499987,2.6815890502,1.49189e-05
VONDIN_clean,0.0382778127,0.1806767581,0.3352864322,1.0974681885,1.5562801324,2.4472623377,2.8419943502,3.86756e-05
VONDOT_clean,0.0180887027,0.0867377141,0.1714995456,0.6928539789,1.1245952045,2.3842516349,3.1072548105,1.80488e-05
VONROH_clean,0.003149292,0.0159353653,0.0312360352,0.155454623,0.2916108447,1.2513677182,2.5305992846,3.1404e-06
VONRUN_clean,0.0074561405,0.03603347,0.0720307969,0.3364216056,0.6251201199,1.9334268907,2.8682482118,7.2853e-06
VOPCEK_clean,0.0088431092,0.0429297374,0.0849395881,0.392553747,0.7127220715,2.2791335061,3.7083019195,8.62832e-06
VOPCIO_clean,0.0056529524,0.0282998639,0.0561647679,0.2723734082,0.5297811438,2.1077087859,4.5256370688,5.70756e-06
VOQXIK_clean,0.0103665128,0.0513497202,0.1028530725,0.4972743773,0.9521462787,3.7589436378,7.9146898788,1.034e-05
VORHER_clean,0.0111034181,0.0557079022,0.1083597901,0.5005775862,0.8809862642,2.6628092569,4.8614738291,1.12718e-05
VOSTUU_clean,0.0065088021,0.0336929092,0.0672276014,0.3263139511,0.6249082916,2.523915818,5.2647908957,6.66107e-06
VOSVEG_clean,0.0095336524,0.0469031348,0.0912017334,0.4127366043,0.7408436913,2.3716700077,4.3504107765,9.38368e-06
VOSWIL_clean,0.0023419415,0.0112861217,0.0232198412,0.1145637071,0.2265024033,1.0033386669,2.4023147551,2.30054e-06
VOTKEW_clean,0.0081668714,0.0404482966,0.0807205278,0.3725408341,0.681845728,2.1785152346,3.4559391826,8.22691e-06
VOVKUO_clean,0.0006728043,0.0032459924,0.0064400827,0.0325379692,0.0651816648,0.2990626636,0.8022529977,6.53516e-07
VOVQEE_clean,0.0019792747,0.010179877,0.0198084971,0.0988692336,0.1966267658,0.8967505636,2.2565398419,1.99729e-06
VOXKIE_clean,0.0046246497,0.0225331138,0.0457065043,0.2179075273,0.4182473,1.6645293183,3.3339159974,4.56669e-06
VOXQOQ_clean,0.0055359107,0.0270259596,0.0550084663,0.2615679219,0.486032479,1.6812996887,2.961212894,5.58342e-06
VOXTUZ_clean,0.031075269,0.1546944286,0.3054002048,1.3283419873,2.3404535946,5.5635664564,7.2795723688,3.13373e-05
VOXVAH_clean,0.0172976055,0.085335153,0.1685922158,0.7821817073,1.4562163714,4.318510282,6.302197082,1.72079e-05
VOXVEL_clean,0.014474612,0.0721071642,0.1410221258,0.6476829471,1.2060728526,3.5296723493,5.1595874719,1.44906e-05
VOXYUE_clean,0.0010279313,0.0054055007,0.0103950332,0.0512162065,0.1032070102,0.4691192671,1.2393452499,1.04968e-06
VOYGOH_clean,0.0013399962,0.0067376459,0.0138475935,0.0674054319,0.1363160055,0.6450770818,1.8909490781,1.34866e-06
VOZVAJ01_clean,0.0023423026,0.0122980759,0.0249575695,0.1211361463,0.2390649576,1.0382660942,2.4634288265,2.47459e-06
VOZVEN01_clean,0.003518881,0.01740012,0.0352366566,0.1698559665,0.3281229689,1.2803695809,2.5741346878,3.48584e-06
VOZVIR01_clean,0.0021862807,0.0108168559,0.0220603032,0.1088874444,0.2160803731,0.9693241907,2.4104445997,2.21525e-06
VUCTUK_clean,0.0036428455,0.0181252082,0.036710541,0.1677755193,0.3221045341,1.0848685107,1.8554129855,3.68258e-06
VUDQOB_clean,0.0065511137,0.0323668307,0.0633697663,0.306488751,0.5693416956,2.030795542,3.4673591321,6.52252e-06
VUDXID_clean,0.0025954239,0.0128526388,0.0256471866,0.1274288828,0.2574531896,1.2045401818,3.4115011297,2.57713e-06
VUFBEE_clean,0.0054352695,0.0257026273,0.0515520335,0.2479689729,0.4757313752,1.8490502084,3.6509562,5.15596e-06
VUGWUR_clean,0.0098576514,0.0505277795,0.0975501983,0.4553917248,0.835128692,2.7521618033,4.9060774559,9.98529e-06
VUGXAY_clean,0.0094579074,0.0470767185,0.0910237522,0.4301459628,0.8111517016,2.7280544198,4.8729651066,9.5738e-06
VUGXEC_clean,0.0090527973,0.0473542156,0.0951252267,0.439335753,0.8007682676,2.7266237662,4.8519492335,9.51683e-06
VUGXIG_clean,0.0099865591,0.049327298,0.0929293282,0.456569887,0.8085255911,2.7253145516,4.8499736563,9.8183e-06
VUGXOM_clean,0.0092289554,0.0444474038,0.0927507972,0.4330659668,0.7673234813,2.6734902248,4.8089909762,9.19875e-06
VUGXUS_clean,0.0089585658,0.0476315681,0.093268511,0.4384522977,0.7840621997,2.6102622836,4.7121305245,9.37796e-06
VUGYAZ_clean,0.0079390746,0.0405472138,0.0803475531,0.3882152989,0.7404433559,2.539803432,4.6567991619,8.30169e-06
VUGYED_clean,0.0078407234,0.0388013225,0.0816517409,0.3843684347,0.7076081918,2.5345591061,4.6241219569,8.20364e-06
VUGYIH_clean,0.0096483931,0.0473413426,0.0937800743,0.4600850048,0.8234037646,2.7529869464,4.8592253858,9.58376e-06
VUHJAK_clean,0.0099069721,0.0473210635,0.0927819863,0.3701932818,0.5799964966,1.1771751826,1.4603414323,9.79095e-06
VUHMOC_clean,0.0041169021,0.0211414289,0.0425240629,0.2028723489,0.3798852486,1.3641393051,2.5027014199,4.23966e-06
VUHNAP_clean,0.0029564992,0.0142730684,0.0289994667,0.1410644314,0.2829718442,1.1502191879,2.4998064875,2.90561e-06
VUHNET_clean,0.0025437485,0.0123178255,0.0253426867,0.1248964701,0.2448831897,1.0817013894,2.6891509543,2.51852e-06
VUHNIX_clean,0.0035638276,0.0176321022,0.0350597701,0.1727528451,0.3319260282,1.3333978275,2.726935608,3.5162e-06
VUHNUJ_clean,0.0037008962,0.0185072954,0.0372341116,0.1778301735,0.3466065195,1.3318301196,2.6027080265,3.7281e-06
VUHPAR_clean,0.0041876219,0.0208787554,0.0421148984,0.1999690489,0.3876821056,1.4581675815,2.7736112592,4.227e-06
VUHPOF_clean,0.0043430741,0.0218457859,0.0426420981,0.2066934186,0.3934960498,1.4630217311,2.7337510869,4.35282e-06
VUHPUL_clean,0.0053668472,0.0258711563,0.0505365058,0.2377877941,0.4327672082,1.4375868564,2.4498505162,5.16565e-06
VUJBEI_clean,0.0051564138,0.0267728208,0.0536319572,0.2641592496,0.5192122124,2.3457423177,6.2098477136,5.31947e-06
VUJBIM_clean,0.004947557,0.0249380296,0.0496909273,0.2437696646,0.4836780056,2.1888509655,5.862429963,4.92569e-06
VUKHOZ_clean,0.0013305106,0.0065886059,0.012939989,0.0643018231,0.1285170084,0.6103392411,1.5935989393,1.295e-06
VUKJOC_clean,0.0066123324,0.031502715,0.0644859307,0.2960473597,0.5364019358,1.6332090305,2.5764462731,6.561e-06
VUKJUI_clean,0.0065464236,0.0328106979,0.0644969883,0.3002725348,0.5552515907,1.7170731895,2.757398767,6.6143e-06
VUKRUQ_clean,0.0045570933,0.0215188253,0.0432966084,0.2207671036,0.4350490046,1.9973269811,5.0800978509,4.40631e-06
VUKSAX_clean,0.003818923,0.0183757961,0.0369004225,0.1864939058,0.373415303,1.7588293647,4.8557922447,3.74018e-06
VUKSIF_clean,0.0094443822,0.0467201326,0.0939297504,0.435455194,0.8115664544,2.7693317824,4.6282579799,9.42788e-06
VUKSOL_clean,0.0055638597,0.028737207,0.0574949259,0.2757161685,0.5434275583,2.2997765244,4.9733059631,5.661e-06
VUKTAY_clean,0.007934029,0.0389381105,0.0771573365,0.3543369514,0.6289741702,1.9475016716,3.0841894098,7.80273e-06
VUKTEC_clean,0.007783646,0.0393596384,0.0786202149,0.3515081723,0.6363389203,1.9093984408,3.0295602318,7.94507e-06
VUKTIG_clean,0.0074595263,0.0361854106,0.0721746318,0.341988483,0.6180270211,1.9080432566,3.0649536143,7.45442e-06
VUKTOM_clean,0.0076019349,0.0373941567,0.0739268758,0.3354285479,0.5969302201,1.9185020167,3.1914637106,7.5217e-06
VUKTUS_clean,0.0075865363,0.0376612235,0.0747266681,0.3404668899,0.5940900846,1.899351511,3.2388937946,7.59223e-06
VUKYOR_clean,0.004029648,0.0200904782,0.0404652055,0.2013547165,0.3919353308,1.6146484934,3.3896043194,4.09105e-06
VUKYUX_clean,0.0044656245,0.0223258489,0.0444015865,0.2190907247,0.4316762805,1.8946276111,4.313565927,4.44899e-06
VULFIT_clean,0.0167749228,0.0833615366,0.1574776378,0.6549087708,1.1075676177,2.4412678621,3.1627752955,1.67482e-05
VULKIX_clean,0.0058746511,0.0285458966,0.0569992684,0.2778518222,0.5207923132,1.9924346562,3.6428468833,5.80026e-06
VULKOD_clean,0.0091311424,0.044526193,0.0884485963,0.3965430668,0.7052563747,1.8884216405,2.7390775159,9.08735e-06
VUMBIQ_clean,0.0061683102,0.0301346013,0.060123963,0.2802425177,0.5131106634,1.5527780316,2.3407118492,6.12814e-06
VUMBOW_clean,0.002745305,0.0134516392,0.0273523377,0.1289641692,0.2461698545,0.8794336417,1.6049406255,2.71872e-06
VUMCEM_clean,0.0208608735,0.1014329953,0.1993164248,0.8330709996,1.4721197141,3.7600565173,5.5123562955,2.07767e-05
VUMYUZ_clean,0.0015882008,0.0079988121,0.016026224,0.0787680664,0.1555231947,0.7050698817,1.7066142584,1.592e-06
VUNHAO_clean,0.003287261,0.0159393236,0.0317439235,0.1572616063,0.3149603165,1.4969910977,4.3737545968,3.1624e-06
VUNNEZ_clean,0.0020733334,0.0099634375,0.0203007788,0.1002692781,0.1942657696,0.7991380674,1.7431968621,2.03166e-06
VUQJUN01_clean,0.0082391157,0.0405956002,0.0818847049,0.3941911306,0.740422808,2.876370768,5.9315421705,8.26381e-06
VUQKAU01_clean,0.0101721835,0.0510491462,0.1008183383,0.4731814297,0.8699499187,3.0144077691,5.1979716653,1.02292e-05
VUQKAU02_clean,0.0102772778,0.0506993548,0.1019132009,0.4643613545,0.8736172379,3.0446717797,5.2770699998,1.01193e-05
VUQKAU_clean,0.0103023749,0.0495417493,0.0973847362,0.4685086564,0.8672143307,3.1470288863,5.5473849931,1.0047e-05
VUQKOI_clean,0.0020292639,0.0102362948,0.0199118507,0.098992088,0.1964176421,0.8495771176,1.9156090507,2.01626e-06
VURLIF_clean,0.0102052975,0.0519461927,0.1042337044,0.4964021815,0.9560333021,3.874779818,7.5858964253,1.04237e-05
VURNED01_clean,0.010030216,0.0499900202,0.0990497077,0.4919955527,0.942295669,4.1542323485,8.4899707061,9.97964e-06
VURNED02_clean,0.0097504804,0.0490024688,0.0982634812,0.4904082652,0.9360863868,4.1265258105,8.5032517887,9.79717e-06
VURNED03_clean,0.0099094211,0.0489325349,0.094965992,0.4814482497,0.9368196331,4.1623870646,8.5427284133,9.72959e-06
VURNED04_clean,0.009609553,0.0476472347,0.0956314236,0.4769459902,0.9455825621,4.2831618429,9.2848785707,9.50616e-06
VURNED_clean,0.0097716725,0.0487078988,0.0985898393,0.4942588678,0.9455550124,4.3484917572,9.0938689689,9.88325e-06
VURYIR_clean,0.0019299951,0.0092585341,0.0182072643,0.09086572,0.1766563063,0.6940373447,1.3747520712,1.88794e-06
VURYOX_clean,0.0016425637,0.0081977095,0.0166544304,0.0807878012,0.1596999285,0.7132676381,1.6557948634,1.63624e-06
VUSKAW_clean,0.0034051204,0.0164817565,0.0336615831,0.1661406516,0.3287057239,1.5950939277,4.596173818,3.29905e-06
VUVZAP_clean,0.0119372451,0.0596939879,0.1166679793,0.530771927,0.966800413,2.8196614332,4.258389008,1.21052e-05
VUWROW_clean,0.0096104234,0.0491177858,0.0974755348,0.4771139425,0.9099791863,3.7078139095,7.1470437323,9.81269e-06
VUWRUC_clean,0.0061560511,0.030336062,0.0605244325,0.2961069525,0.556886541,2.2794653275,4.4956392443,6.10675e-06
VUWSAJ_clean,0.007617302,0.0371511306,0.07481396,0.3558574964,0.6665482406,2.5573920507,4.9086485105,7.53226e-06
VUZNOV_clean,0.0072895551,0.0357209498,0.071744078,0.3535194601,0.6807653722,3.1570895322,7.3651582557,7.18276e-06
WABTOK_clean,0.0017588103,0.0085299398,0.017125182,0.0848277699,0.1689720417,0.7280154154,1.6450086143,1.72591e-06
WABVIF02_clean,0.003345224,0.0165729036,0.0334550773,0.1659560232,0.3263040437,1.420559725,3.2453411091,3.37384e-06
WABVIF03_clean,0.0034161575,0.017585834,0.0345885946,0.171013582,0.3364404412,1.4421447899,3.2172202313,3.47983e-06
WABVIF04_clean,0.0029338097,0.0142732394,0.0282911183,0.141461266,0.2781288459,1.2411135682,3.0412356294,2.85252e-06
WABVIF_clean,0.0028869936,0.0146832351,0.029147995,0.1436474366,0.2831920793,1.2790743416,3.0709482551,2.91109e-06
WABVOL_clean,0.0017566779,0.0091833786,0.0183878092,0.0924559913,0.1835482767,0.8402253407,2.0647374154,1.86559e-06
WABVUR_clean,0.0023196545,0.0119797763,0.0236894368,0.1190096931,0.238854796,1.1398442478,3.1323132903,2.38601e-06
WABWAY_clean,0.0020907154,0.0106698581,0.02161207,0.1086824915,0.2163476617,1.0285145139,2.8329594825,2.14715e-06
WABWEC_clean,0.0021365171,0.0102513098,0.0202699578,0.1020080517,0.2062235541,0.988242724,2.7560786921,2.05173e-06
WACLEU_clean,0.0080683173,0.0395496173,0.0795238829,0.3795187818,0.7131797962,2.4766273144,4.2874719501,7.97536e-06
WAFKAQ_clean,0.0073445308,0.0385628428,0.0762612141,0.3771992519,0.7278872736,3.1738153613,6.6059686273,7.62838e-06
WAFKIY_clean,0.0102612098,0.0494157146,0.0990984495,0.4880813737,0.9579311927,4.2858839668,8.8128173571,9.8997e-06
WAGDAL_clean,0.0037485981,0.0186386842,0.0362189815,0.1676863653,0.3133216011,0.9734169506,1.5494305972,3.75678e-06
WAGPOM_clean,0.0053171804,0.0257847966,0.050376237,0.2468338071,0.4664155083,1.6399267644,2.9100811984,5.10055e-06
WAGQAY_clean,0.0040371392,0.0216424839,0.043985593,0.2128747196,0.4269968939,2.0394516576,5.7976523233,4.33103e-06
WAHDIT_clean,0.0015256384,0.0070596519,0.0142959213,0.0687630621,0.1303352707,0.4525611999,0.7532027942,1.45939e-06
WAHFUJ01_clean,0.0052316291,0.0262174273,0.0524280144,0.2487719999,0.4604164198,1.6660737844,2.9966951477,5.24403e-06
WAHGIY_clean,0.0080374793,0.0405943758,0.0797334055,0.3549189226,0.6183020434,1.6704122565,2.4276638954,8.13249e-06
WAHKUO_clean,0.0052573264,0.0267280153,0.0525208962,0.2622566107,0.513716158,2.4348827352,6.5979520736,5.2413e-06
WAHNEB_clean,0.0058294367,0.0278867647,0.0551783317,0.2785416016,0.5558840548,2.6505271397,7.2955794148,5.60178e-06
WAHNIF_clean,0.0053123912,0.0263423313,0.0528034759,0.2613854867,0.5232696288,2.4474785526,6.4754555812,5.25781e-06
WAHNOL_clean,0.0055121438,0.0287401733,0.0569595485,0.2806816876,0.5614377749,2.657750477,7.3424271664,5.62963e-06
WAHROP_clean,0.0125834912,0.06329786,0.1243183242,0.540210334,0.9211990338,2.6804713192,4.5250747236,1.29234e-05
WAJHOG_clean,0.0068676451,0.0340195369,0.067066235,0.3262103461,0.6167145287,2.3307110113,4.2697277021,6.81096e-06
WAKTOS_clean,0.0007057837,0.0035754759,0.0069404313,0.0349821757,0.0671256975,0.265243095,0.5345778462,7.14153e-07
WALKAY_clean,0.0141219572,0.0713092192,0.140510106,0.5821892592,1.0064442133,2.4172296009,3.3630610496,1.44535e-05
WAMREJ_clean,0.005630074,0.0282697822,0.0555555176,0.2757564227,0.5453697403,2.4524765781,6.2091135706,5.6009e-06
WAMRIN01_clean,0.0108216196,0.0534906371,0.1080575825,0.5162522473,0.9597252789,3.6657854135,6.7790129994,1.07747e-05
WAMRIN02_clean,0.0110777936,0.056672985,0.1121299305,0.5435974032,1.0246656968,3.7632523735,6.6847384581,1.13319e-05
WAMRIN_clean,0.0106934628,0.0541058425,0.1069522944,0.5169432404,0.9793238253,3.6229790019,6.6176457686,1.07801e-05
WANBIY_clean,0.0003204529,0.0016676202,0.0034220296,0.016914433,0.0335456588,0.1559498919,0.4278636861,3.39855e-07
WANBOE_clean,0.0003950294,0.0020204148,0.0040160677,0.0196802792,0.0392297847,0.1850931305,0.5091367857,3.99752e-07
WANHAX_clean,0.014274353,0.0703076269,0.1344668999,0.5631914971,0.9463314589,3.0223598034,5.706518023,1.43935e-05
WANHEB_clean,0.0111422127,0.0548074665,0.1093309454,0.5018234026,0.8801638082,3.1820752507,6.8636030373,1.12017e-05
WANHIF_clean,0.0081117449,0.0388753377,0.0769804351,0.3650842308,0.7044041646,2.8221169935,6.8691220035,7.77853e-06
WANHOL_clean,0.0085597323,0.0431852437,0.08563746,0.4004378817,0.7315613665,2.7163292271,6.1855980268,8.66345e-06
WANHUR_clean,0.0134058235,0.066295293,0.1289322876,0.5833968465,1.0256699637,3.6721024689,7.6262294349,1.35736e-05
WANJIF_clean,0.0137253168,0.069909419,0.1390843389,0.5962389333,1.0259852039,2.5251705916,3.5781427132,1.41944e-05
WANKOO_clean,0.0014815631,0.0073434274,0.0147952308,0.0723524271,0.1353845219,0.5088002606,0.9680733459,1.48845e-06
WANNEH_clean,0.0261683279,0.1262395213,0.2374040344,0.8464759687,1.2593701699,2.1072627267,2.4648122637,2.64673e-05
WANNIL_clean,0.022883278,0.1121157789,0.2152460854,0.7928392794,1.215186965,2.1141833874,2.452580294,2.31851e-05
WAPSUE_clean,0.0004665731,0.0023189304,0.0045423784,0.0234003971,0.0469700817,0.2221073883,0.6353833086,4.67661e-07
WAPTAL_clean,0.0004416069,0.0023012456,0.0046717629,0.0230914053,0.046660072,0.2216061818,0.6329658021,4.67455e-07
WAPTEP_clean,0.0004667371,0.0024721844,0.0047033905,0.0241145788,0.0484422331,0.2263055785,0.6447013581,4.82516e-07
WAPTIT_clean,0.0004698008,0.0024128604,0.0048333228,0.0242446606,0.0479485688,0.2261667664,0.6414661101,4.79109e-07
WAQFAX_clean,0.0044618867,0.0224468313,0.0451684581,0.2211693494,0.4315536813,1.9894518757,5.0518826832,4.52565e-06
WAQFIG_clean,0.005554842,0.0273076968,0.0550519169,0.275422864,0.5477700717,2.5114483873,6.6649640646,5.48583e-06
WAQKUX_clean,0.0065736916,0.0316182468,0.0628620063,0.3087868245,0.5939118159,2.4405756715,5.8951418333,6.38404e-06
WAQTEQ_clean,0.0041068982,0.0210714702,0.0413987931,0.2073138328,0.4178362834,1.9009204097,4.9722388455,4.18752e-06
WARFAY01_clean,0.1228958181,0.5740797574,1.0316666817,3.3622904076,4.7253896014,7.870764617,9.7395835189,0.000124979
WARFAY03_clean,0.0215508431,0.1061593378,0.2138513577,0.9859432991,1.8638369525,5.7090964513,8.4651676305,2.13726e-05
WARFAY04_clean,0.0208844596,0.1039869275,0.2071386543,0.9556939297,1.8277100804,5.6788670734,8.5589300135,2.07664e-05
WARFAY05_clean,0.016196641,0.0816415868,0.1637707806,0.778562287,1.4668296485,5.1576998891,8.3228781252,1.63855e-05
WARFAY06_clean,0.0164056154,0.0808169243,0.1597935256,0.7703201561,1.4439503201,5.1929064612,8.4650526355,1.61502e-05
WARFAZ_clean,0.0030665339,0.0147532943,0.0290483973,0.1429556473,0.2676182715,0.9783293399,1.9803495874,3.00188e-06
WARFIG_clean,0.1191176026,0.555337159,1.0129655278,3.2938891623,4.6859288196,7.7784074583,9.6733436415,0.000122572
WARJAC_clean,0.0026561491,0.0136115689,0.0276438382,0.1375059128,0.2693935635,1.2123131057,3.0403804694,2.74966e-06
WARXUL_clean,0.007177093,0.0369466192,0.0725035879,0.3546044976,0.6666225724,2.7713249376,6.5404042154,7.39469e-06
WASMUB01_clean,0.0387783621,0.186780755,0.3481994874,1.1955421677,1.8606495329,4.1993290731,6.1733896817,3.9541e-05
WASMUB02_clean,0.0281751643,0.133326083,0.2538180892,0.9639527949,1.5272144694,3.6478871747,5.45248994,2.7782e-05
WASMUB_clean,0.0381579676,0.1755864659,0.33228674,1.1633656926,1.8245677859,4.1700617785,6.1163059751,3.8549e-05
WASPAK_clean,0.0074064867,0.0373443202,0.0739630936,0.358725436,0.6877461327,2.6872874321,5.5672682733,7.43089e-06
WASQEP_clean,0.0073079854,0.0369425428,0.0739798187,0.3649898866,0.7277230944,3.2311310037,7.8900190516,7.43143e-06
WASQIT_clean,0.0078730009,0.0401262531,0.0797416238,0.3891299217,0.7797451237,3.4362045768,8.26244549,7.9967e-06
WASTUG_clean,0.0008325116,0.0040992584,0.0083571668,0.0412473858,0.0823986201,0.3968147867,1.1706804218,8.26961e-07
WASVES_clean,0.0006134959,0.0031170838,0.0063909625,0.0310334284,0.0614966933,0.2955630585,0.8437798119,6.23622e-07
WAVQAN_clean,0.0115067551,0.0573501145,0.1130113471,0.5173514806,0.9495841161,2.7975162787,4.218049548,1.14637e-05
WAVQER_clean,0.0108737089,0.0547644093,0.1091898841,0.4973983701,0.9171383611,2.7755045918,4.1853597895,1.10755e-05
WAVQIV_ion_b,0.0022001339,0.0111764301,0.0222708848,0.1109244011,0.2237766113,1.0920639314,3.2093388469,2.24239e-06
WAVQOB_clean,0.0031125039,0.0159006142,0.0318247072,0.1582102113,0.3104403766,1.5380574817,4.3994965443,3.16938e-06
WAVQUH_clean,0.0071209971,0.0356825988,0.0704571249,0.3425587693,0.6544933702,2.5208659756,5.1026290889,7.09733e-06
WAVRAO_clean,0.0086459809,0.0430039548,0.0870464618,0.4226648748,0.7907955518,3.1809560135,6.4625985038,8.73538e-06
WAVRES_clean,0.0114980467,0.0561485247,0.1146387805,0.5279233811,0.9692262783,3.348794688,6.088681866,1.15167e-05
WAVRIW_clean,0.0171318286,0.0865983733,0.1707872721,0.7627148492,1.4123436994,4.436466558,7.413485185,1.72943e-05
WAVROC_clean,0.0042223812,0.0217774054,0.0438861446,0.2163297788,0.4302467684,2.0483702922,5.8323658125,4.36417e-06
WAWGOQ_clean,0.0056024868,0.0293645234,0.0594919386,0.2890883177,0.5606914274,2.3259481636,5.6896676012,5.9127e-06
WAYKAK_clean,0.0073332192,0.0363089321,0.0699773273,0.3368408558,0.639534345,2.3333118611,4.7105260046,7.17206e-06
WAYMAM_clean,0.0040377455,0.0192123272,0.038589835,0.1925141996,0.3789717809,1.7188774374,4.1745406502,3.90218e-06
WAYMEQ_SL,0.0107478232,0.0534748255,0.1082210496,0.5196356303,0.9785484618,3.8161059447,7.1996260191,1.08041e-05
WAYMIU_manual,0.0112363607,0.0573390764,0.1134728269,0.5492542125,1.0449495069,4.2845592714,7.9941460387,1.12974e-05
WAYMOA_manual,0.0101631801,0.048843731,0.0981139312,0.4811012401,0.9076104257,3.7668237313,7.3334472305,9.91277e-06
WAZCUX_clean,0.0051648092,0.0260387545,0.0523008056,0.237087395,0.4328069334,1.2764228567,1.9051919489,5.27365e-06
WAZQIZ_clean,0.0051876343,0.0262691189,0.051598459,0.2536061958,0.4717046755,1.7301144431,3.1162293843,5.22696e-06
WEBJIY_clean,0.008147655,0.0405659919,0.0791149489,0.3839946844,0.7240002485,2.823591825,5.6992833181,8.08255e-06
WEBJOE_clean,0.0066826923,0.0320609666,0.0639376747,0.3154105389,0.5989633653,2.5309091908,5.8330937709,6.43776e-06
WEBJUK_clean,0.0074147393,0.037580395,0.075199424,0.3634886478,0.6861873141,2.7985038872,5.9855222817,7.52201e-06
WEBKAR_clean,0.0043862269,0.0216677157,0.0434579516,0.2138867567,0.4289772754,1.974479013,5.1654988748,4.3494e-06
WEBKEV_clean,0.0072048296,0.0344128074,0.0696977024,0.3354765029,0.656352758,2.8314807096,6.3789539951,6.89117e-06
WEBKOD_clean,0.0058867921,0.0299717879,0.0586949955,0.287284833,0.5488521369,2.0206571388,3.7126064759,5.9921e-06
WEBREC_clean,0.013366233,0.0647470155,0.1301421507,0.5632654288,1.0060088364,2.6187452453,3.6529296377,1.31865e-05
WECBEN_clean,0.0038751741,0.0191147118,0.0392054715,0.194286299,0.3899205994,1.8187993834,4.8895279734,3.91388e-06
WECBOX_clean,0.0065444849,0.0330870923,0.0643204566,0.3151641596,0.5845234368,1.8786383472,2.9676970719,6.65594e-06
WECFAN01_clean,0.0047867972,0.0248078207,0.0477340602,0.2282977721,0.423219606,1.3212241317,2.1353972888,4.86893e-06
WECFAN_clean,0.0043283179,0.0210265006,0.0420847769,0.1979314561,0.3920112313,1.3359703724,2.341921829,4.19742e-06
WECJIZ_clean,0.0066697126,0.0331573845,0.0667083208,0.2993370446,0.5385269744,1.7166496742,2.9514257478,6.62352e-06
WEDQED_clean,0.0099862867,0.0486550297,0.0959025444,0.4251672185,0.7257121597,1.9433218879,2.8581205115,9.7983e-06
WEFCAN_clean,0.0111163062,0.0553551157,0.1108741288,0.5302996762,0.9750769575,3.6266209595,6.7163001697,1.12848e-05
WEFXEM_clean,0.0067622057,0.0341861617,0.0681246863,0.3317624413,0.6439811765,2.4637843866,4.6523803471,6.7797e-06
WEFZIS_clean,0.0060957068,0.0313295369,0.0616775895,0.2893540454,0.5384335884,1.7238704904,2.5421584066,6.24574e-06
WEGFUL_clean,0.0085556793,0.0428648175,0.083482689,0.3721047549,0.6470878864,1.7310126925,2.4216114289,8.71791e-06
WEGGAS_clean,0.0085238852,0.0428652805,0.0862027132,0.3847454366,0.6614951195,1.7142829471,2.3909372279,8.79082e-06
WEGKIE_clean,0.0067625849,0.033271027,0.0670196167,0.3266479452,0.6276213272,2.4520964628,4.9434916352,6.69977e-06
WEHHEY_clean,0.0109097402,0.0541613788,0.1051694174,0.4497865731,0.8135328635,2.8418802816,6.4219587683,1.10291e-05
WEHHIC_clean,0.0108669257,0.053779035,0.1041966314,0.4558194394,0.8139918751,2.8624252829,6.4285810811,1.10061e-05
WEHHOI_clean,0.0109137229,0.0541822882,0.1042962001,0.4554789145,0.8205534511,2.8872696597,6.5069944031,1.09842e-05
WEHHUO_clean,0.0104387803,0.0520694408,0.1056802048,0.4487391106,0.8119248293,2.886922165,6.4875894632,1.08746e-05
WEHJAW_clean,0.0112582306,0.0541673529,0.1096549864,0.4673181283,0.8217612192,2.8688758397,6.4319191211,1.11514e-05
WEHJEA_clean,0.0051900174,0.0262771701,0.0522616084,0.261638112,0.509476005,2.4409898954,6.412346408,5.22894e-06
WEHJIE_clean,0.0074467529,0.0378174288,0.0746975442,0.3569524796,0.6721571401,2.6355381002,6.147314622,7.52057e-06
WEHJOK_clean,0.0049843707,0.0247472549,0.0495887375,0.2430923441,0.484929242,2.3240996615,6.1498528818,4.9438e-06
WEHJUQ_clean,0.0044538187,0.0222130302,0.0450638958,0.2209134519,0.4254417036,2.0706194702,5.5763611614,4.43195e-06
WEMBUN_clean,0.0034199926,0.0168167615,0.0332963787,0.1659100967,0.3249100822,1.4000257417,3.1013668534,3.34095e-06
WEMCAU_clean,0.0048938739,0.0241683101,0.0476960399,0.2337746536,0.4549273565,1.8832289915,3.6746109778,4.83178e-06
WEMCEY_clean,0.0028076587,0.0137834027,0.0275346223,0.1251693113,0.2287038166,0.6716200177,1.098496133,2.78939e-06
WEMCIC_clean,0.0030055266,0.01442704,0.0291498946,0.1287766351,0.2366195917,0.6826617685,1.079932969,2.93138e-06
WEMCOI_clean,0.0028976699,0.0141925406,0.0279633959,0.129495132,0.2373320065,0.6679582339,1.0731247429,2.90038e-06
WEMCUO_clean,0.003117508,0.0150429153,0.0299067929,0.1341980787,0.2381100051,0.6622676312,1.0551149597,3.05024e-06
WEMDAV_clean,0.0030017406,0.0150111787,0.0299790334,0.133682054,0.2402506538,0.6660175423,1.0498405213,3.07226e-06
WEMDID_clean,0.0030298102,0.015594271,0.0303371306,0.1522233865,0.3028754926,1.334693531,3.1265168969,3.0794e-06
WEMDOJ_clean,0.0030863769,0.0157566916,0.0310978004,0.1544011108,0.3073469721,1.360158926,3.1183001965,3.12507e-06
WEMDUP_clean,0.0031814341,0.0159975042,0.0316223825,0.1586101586,0.3120670715,1.3730894686,3.136974506,3.19829e-06
WEMFAX_clean,0.0031490176,0.0158089851,0.0318791151,0.1584426747,0.3118527553,1.3698059872,3.1031505681,3.20341e-06
WEMFEB_clean,0.0032659719,0.016164004,0.0319396297,0.1592296067,0.3108492086,1.3788123505,3.0977543222,3.22851e-06
WEMFIF_clean,0.0033203813,0.0165991714,0.0327880815,0.1617933732,0.3207819268,1.3918619893,3.1067664452,3.27425e-06
WEMFOL_clean,0.0032491868,0.0163409792,0.0329467271,0.1629033373,0.3241284486,1.4018862942,3.1058071099,3.29944e-06
WEMNAF_clean,0.0103108087,0.0514290796,0.1019417585,0.4629788696,0.8071419733,2.4286295578,3.7688980044,1.04007e-05
WENDIE_clean,0.0204023114,0.0998870543,0.1961937287,0.7921729289,1.334065899,2.8950514723,3.7336476323,2.06896e-05
WENKEH_clean,0.0023552044,0.0120459375,0.0238173325,0.1132780834,0.2183738752,0.8191129515,1.6460519064,2.33498e-06
WENKOR_clean,0.0025085008,0.0130948032,0.0253278386,0.1226127161,0.2352524192,0.8710167455,1.6734218728,2.58693e-06
WENKUX_manual,0.0031986252,0.0157865053,0.0316643347,0.159186969,0.2956410964,1.0666159345,1.9773850774,3.24815e-06
WENLAE_manual,0.0027811335,0.013784156,0.0272276259,0.1313866953,0.2546446225,0.965007886,1.8489109249,2.75096e-06
WENLEI_clean,0.0028596075,0.0136530131,0.0277790439,0.1346539024,0.257217561,0.9812674552,1.8630518035,2.83392e-06
WERHIK_clean,0.0795029132,0.3722850351,0.6753997243,2.0986164622,2.8959922438,4.7903446113,5.9336624566,8.16748e-05
WESYAV_clean,0.0135064366,0.0662900768,0.131187192,0.5751402761,0.9925761541,2.4813581005,3.4295691172,1.35959e-05
WETPES_clean,0.0108132179,0.0528819738,0.1046593411,0.4836103787,0.8957365278,3.1795943431,7.061945622,1.0728e-05
WEVQIX_clean,0.0010929207,0.0053102666,0.0103280108,0.0522412504,0.1028691416,0.486484306,1.2034725858,1.04442e-06
WEVQOD01_clean,0.0009135647,0.0044843343,0.0090505523,0.0448064151,0.0881437411,0.4056660789,1.0119647747,8.97308e-07
WEVQOD_clean,0.0009007202,0.0044281396,0.008824168,0.0438254168,0.0882336526,0.4165951385,1.0480754667,8.85263e-07
WEVQUJ_clean,0.0009210716,0.0044386264,0.0088125027,0.04340368,0.0865499779,0.4179997932,1.0672177059,8.75465e-07
WEVRUK_clean,0.0009322332,0.0042526963,0.0087475096,0.0439780182,0.0870633326,0.4188658765,1.1048313844,8.72989e-07
WEVZUT_clean,0.0026422014,0.0136852779,0.0273949668,0.1310685316,0.2552857061,0.972115052,1.8313419635,2.7572e-06
WEXSEZ_clean,0.0095966596,0.047312217,0.0949952415,0.4549626781,0.8393086933,3.1579761178,6.164402803,9.54199e-06
WEXTAV_clean,0.0035156621,0.0174757162,0.035171071,0.1703354909,0.3225305698,1.2058200832,2.2820201755,3.51304e-06
WEYQAU01_clean,0.0086057878,0.042490072,0.0840692978,0.4076388772,0.7775490154,2.9790321931,5.4040507095,8.5369e-06
WEYQAU02_clean,0.0109511078,0.0542586646,0.1087617912,0.5195416194,0.9757874259,3.4970941556,5.8662818499,1.1024e-05
WEYQAU03_clean,0.0115632568,0.0554452002,0.109244753,0.5336448972,0.9894932043,3.5503769592,5.9752741907,1.11425e-05
WEYQAU04_clean,0.0107145956,0.0542189146,0.1086266414,0.5135314288,0.964331494,3.4373957121,5.7656191084,1.08268e-05
WEYQAU05_clean,0.0109034078,0.0549841009,0.1090420283,0.5298269157,0.9629819836,3.4644296446,5.8238368667,1.10171e-05
WEYQAU06_clean,0.0110763201,0.0554710376,0.1093759278,0.5226739144,0.977627848,3.4982926162,5.8789680424,1.10849e-05
WEYQAU07_clean,0.0113545696,0.0563753487,0.1108685379,0.5352587446,0.9868577835,3.5381796909,5.9509015166,1.11799e-05
WEYQAU08_clean,0.0112015324,0.055904312,0.111745024,0.5321979994,0.9760974754,3.5438798319,5.9631027599,1.11477e-05
WEYQAU09_clean,0.0112174323,0.0554650752,0.1119099863,0.5249118359,0.9978009413,3.5426793838,5.9777506118,1.11712e-05
WEYQAU10_clean,0.0086017664,0.0436804053,0.0857804019,0.415924964,0.786142739,3.063700679,5.6218394731,8.61145e-06
WEYQAU12_clean,0.0104065336,0.0530105165,0.1070942814,0.5051422046,0.9374724613,3.386323005,5.6673294381,1.06545e-05
WEZCIO_clean,0.0008804175,0.0044622301,0.009141641,0.0457499704,0.0917956408,0.444931618,1.2075553071,9.19374e-07
WIBSAD_clean,0.0032439566,0.0158659916,0.0305405381,0.153953968,0.3022914946,1.2823462063,3.1363987987,3.10201e-06
WICGEV_clean,0.0026984587,0.0131745461,0.0263634626,0.1279324905,0.2432892053,0.893846086,1.6909580157,2.64875e-06
WIDQEG_clean,0.0056155183,0.0275906969,0.0553599219,0.2765417358,0.5445574053,2.4744653439,5.6948857542,5.56773e-06
WIDWOX_clean,0.0017530531,0.0087261436,0.0175944132,0.0864933609,0.1668203329,0.6663315136,1.4950001992,1.77241e-06
WIDZUG_clean,0.0030547721,0.0153804351,0.0307833071,0.1477778236,0.2817536418,1.0702617711,2.1622165746,3.11165e-06
WIFBAQ_clean,0.0050234179,0.024307005,0.0483640665,0.2319140898,0.4494140274,1.6536685713,3.0460725451,4.85311e-06
WIHDUN_clean,0.0125733929,0.063233794,0.1254809436,0.564203812,1.0193150988,3.0018052235,4.5802391203,1.26219e-05
WIHVAL_clean,0.0026297997,0.0129701657,0.0268808002,0.1299379722,0.249211444,0.9082884286,1.6981656149,2.65205e-06
WIHVEP_clean,0.0026266063,0.0130420182,0.0265582626,0.12606273,0.2403448516,0.8976063643,1.6704146017,2.61937e-06
WIHWAN_clean,0.0051388248,0.0255445086,0.0512371057,0.2545443412,0.4958843759,2.2013329885,5.2384288029,5.15534e-06
WIJDAV_clean,0.0064862023,0.0325477975,0.0644704466,0.3091645756,0.577788383,2.053849951,3.4870980038,6.54383e-06
WIJXEU_clean,0.0049392957,0.0245672105,0.0493095585,0.2413833201,0.4865717118,2.2551064614,5.8005158438,4.92818e-06
WIJXIY_clean,0.0033185659,0.016419964,0.032935459,0.1641291291,0.3274348717,1.5519151908,4.5848115098,3.28122e-06
WIKGII_clean,0.0020323391,0.010101394,0.0200011559,0.1005626236,0.2001755033,0.9101411627,2.3462906791,2.04057e-06
WIKLOT_clean,0.0023562171,0.0119720401,0.0234653589,0.1178809626,0.2282158878,1.0488177477,2.4624191708,2.37836e-06
WIKXAQ_clean,0.0023030869,0.0119965326,0.0236704011,0.1191731567,0.2375135696,1.1196596294,3.2118808022,2.37138e-06
WIKYAQ_clean,0.0017658345,0.0090214909,0.0179632133,0.08811361,0.1667293034,0.6901866722,1.4707008038,1.81196e-06
WILDUR_clean,0.0116062122,0.0588923703,0.1111875705,0.4748360106,0.8136595754,2.1178432921,3.3349389255,1.16892e-05
WILFAZ_clean,0.0104029548,0.0524668897,0.100568573,0.428808909,0.7272553886,1.970529383,3.1685875089,1.04199e-05
WILGII_clean,0.0058173071,0.0285866411,0.0565807182,0.2727099253,0.5095031677,1.7880916578,3.1226278407,5.76862e-06
WILGUV_clean,0.0048906797,0.0246718065,0.0490007955,0.226847087,0.4502756746,1.5094810606,2.6717777725,4.9492e-06
WILHIK_clean,0.0153815073,0.0749649013,0.1477824971,0.6318108489,1.0737360537,2.5328666306,3.3868715738,1.52525e-05
WILNEL01_clean,0.0093396836,0.0479979738,0.0964500934,0.4558209265,0.8453592696,3.0460416515,4.9103294856,9.62922e-06
WILRAK_clean,0.0014411081,0.0073561039,0.0148842803,0.0741489533,0.1470073621,0.7236417803,2.0168104242,1.49355e-06
WILREO_clean,0.0014841262,0.0073250352,0.0151256599,0.0725596716,0.1471483661,0.7211204387,2.0077192549,1.48193e-06
WILRIS_clean,0.0013155277,0.0068139226,0.0132553252,0.0674772045,0.1322084046,0.6470650736,1.8255245745,1.33754e-06
WIMWEW_clean,0.0093820681,0.0467440762,0.093105619,0.4341191063,0.8022449578,2.8239412547,4.7917803552,9.3535e-06
WIMWIA_clean,0.0132595507,0.064936249,0.1284028795,0.5939677669,1.064082608,3.3459970419,5.1314827669,1.29507e-05
WINCEC_clean,0.0125661631,0.0603332558,0.1202569927,0.5654419485,1.0113271312,2.9788631839,4.6036192831,1.23039e-05
WIPLOY_clean,0.0107347396,0.0539217696,0.1079581783,0.5142225913,0.9344090895,3.1649346191,5.1218032216,1.09154e-05
WIPPIW_clean,0.0060933168,0.029635558,0.0594032949,0.2854580181,0.5435824852,2.1796471972,4.4121947488,5.9272e-06
WIPZEC_clean,0.0137253066,0.0694456632,0.1372043082,0.6418957774,1.115979569,3.3607741848,5.1110335706,1.39867e-05
WIRKOZ_clean,0.004059482,0.0199964655,0.0402851527,0.1932773593,0.3700354726,1.491996494,3.5384017828,4.08926e-06
WIRMOB_clean,0.0154614173,0.0748770908,0.1417324063,0.5457584792,0.90260383,2.6305766947,4.6014324319,1.56215e-05
WIRMUH_clean,0.006409581,0.0316949012,0.0630666901,0.2986582913,0.5536494438,1.8806391045,3.2837523255,6.35487e-06
WIRNAO_clean,0.0109398801,0.05374772,0.1097768052,0.5005884578,0.8876838124,2.7188003548,4.2734536745,1.09667e-05
WISKOA_clean,0.0149704447,0.0732254688,0.141327018,0.580952151,0.946511564,2.4473882278,3.8183789051,1.49653e-05
WISTID_clean,0.0126252373,0.0630638883,0.121488849,0.5460456908,0.9488194779,2.513292872,3.5502261433,1.26386e-05
WISVEB_clean,0.0032731347,0.0165626554,0.0332359445,0.1675963717,0.3363800306,1.5975703864,4.5753296795,3.34964e-06
WITJOA_clean,0.0113649691,0.0546923081,0.1071835633,0.4733576726,0.8407108153,2.6728703051,4.8758515227,1.11068e-05
WITJUG_clean,0.0079093253,0.039906641,0.0795851813,0.3842178749,0.7214263808,2.8183786968,5.3604270581,7.98871e-06
WITKIV_clean,0.0042164047,0.021852646,0.0429319175,0.2159393711,0.4179497445,1.85260623,4.7153303805,4.36499e-06
WIVKOD_clean,0.0017345979,0.0087249904,0.0173283361,0.0865525362,0.1705700338,0.7506333219,1.7780148707,1.74426e-06
WIVRIE_clean,0.0112807925,0.0553711417,0.1107376185,0.5004189793,0.9320121557,2.8969235681,4.7155886628,1.12384e-05
WIWKIX_clean,0.0164893862,0.0813814477,0.1587620602,0.6966032603,1.2695300985,3.3367146742,4.7775496121,1.6589e-05
WIWQOI_clean,0.0013694797,0.0066808282,0.0137326134,0.0677446783,0.1348888023,0.6451726203,1.7989183342,1.35975e-06
WIWQUO_clean,0.0012404089,0.0059964822,0.012184458,0.0597819264,0.1194458303,0.5746493323,1.6029444254,1.20937e-06
WIYFAM_clean,0.0055796019,0.028184883,0.0553954151,0.2763693793,0.54364708,2.333030682,5.4907170239,5.60013e-06
WIYWAE_clean,0.0044617233,0.0219947745,0.0431720833,0.2053773605,0.3826492614,1.3080986896,2.2114617755,4.41283e-06
WIYWEI_clean,0.0041631085,0.0207944825,0.0406540519,0.1959165626,0.3577144391,1.2506775183,2.1460474533,4.13917e-06
WIYWOS_clean,0.0044257809,0.0224253398,0.0436953225,0.2034747567,0.3829804861,1.3128880334,2.2336260919,4.39785e-06
WIYWUY_clean,0.0043379203,0.0218002662,0.0430134951,0.203144241,0.3700072281,1.2853926822,2.1725094659,4.31735e-06
WIYZOU_clean,0.0018478447,0.0089491183,0.0182009553,0.0900304009,0.1788641173,0.8308537419,2.2541577223,1.81432e-06
WIZDEP_clean,0.0038591212,0.0190716162,0.0375122995,0.1866552793,0.3676253224,1.6867044084,4.0451865786,3.75593e-06
WIZKOH_clean,0.0107276396,0.0539955441,0.1087130363,0.5277186037,1.009277883,4.0984172534,7.8586635358,1.08503e-05
WIZMAV02_auto,0.0022354716,0.0112200926,0.0222869294,0.1087674068,0.2223085842,1.0594528968,3.0510215442,2.2273e-06
WOBHEB_clean,0.0038009865,0.0192682485,0.0374866518,0.1909435717,0.3779391102,1.7517383803,4.2502688624,3.84572e-06
WOBHOL_clean,0.0044404687,0.0213217728,0.0436044788,0.2140316149,0.427497271,1.931441428,4.6123953218,4.31987e-06
WOBHOM_clean,0.0065490723,0.032358996,0.0640009529,0.3144129046,0.6217163326,2.6559333833,5.4550692033,6.42796e-06
WOBQEL_clean,0.0150519632,0.0738378452,0.1457210753,0.6558692813,1.1936278129,3.498596203,5.3747001586,1.48742e-05
WOCWAN_clean,0.0038568621,0.0188806998,0.0374065634,0.181434697,0.3422011001,1.2045359712,2.1300902148,3.8446e-06
WODFOL_clean,0.0159634594,0.0780106849,0.1484650681,0.5979350572,1.0062154513,2.146530489,2.7993585868,1.58378e-05
WODREO_clean,0.0184605939,0.0895335041,0.1760918398,0.7096316012,1.1882085126,3.1850607763,4.8654677557,1.86081e-05
WODVOB_clean,0.0070672664,0.0358453679,0.0715667162,0.3521990185,0.6731432455,2.684048948,5.2869520536,7.2522e-06
WODXEU_clean,0.0043911585,0.0220136081,0.0439087649,0.2090355028,0.4011634941,1.4240072994,2.6010676328,4.41077e-06
WOFWET_clean,0.0015461444,0.0080264853,0.0157908714,0.0790842044,0.1572883328,0.7531911431,2.0206977252,1.58969e-06
WOHBIF_clean,0.004360877,0.0230316032,0.0451786373,0.2084350977,0.3892553579,1.0679883812,1.5082085276,4.56191e-06
WOHDON_clean,0.0026049053,0.0134365622,0.0269820695,0.1346240177,0.2653637235,1.2466727366,3.312302544,2.70142e-06
WOHQAN_clean,0.0014407317,0.0073097173,0.0145241008,0.0719305257,0.1432723653,0.641522429,1.5880152241,1.45933e-06
WOHSIV_clean,0.0017764998,0.0088805401,0.0180529197,0.085601042,0.1635701863,0.5413887888,0.9024109486,1.8221e-06
WOHSOB_clean,0.0014965519,0.0071611784,0.0142561208,0.0675166655,0.1297277234,0.4591803297,0.8257078736,1.44198e-06
WOJJOV_SL,0.0262249549,0.1249368232,0.2397807004,0.8072795258,1.2730548194,3.0273088132,4.4531716577,2.73241e-05
WOJYEB_clean,0.0266857827,0.1271662369,0.2428509001,0.8774747976,1.3513259641,2.6385842932,3.5496689218,2.72572e-05
WOJYIF_clean,0.0344724716,0.1580058648,0.2867652756,0.9704742054,1.4177706434,2.5627816596,3.3610296556,3.444e-05
WOJYOL_clean,0.0354973723,0.1655677975,0.2975999264,0.9894363747,1.4351374277,2.5483935409,3.327882569,3.57146e-05
WOJYUR_clean,0.0304275667,0.1427739459,0.2684961864,0.9259700571,1.3680836674,2.5722636609,3.4793686135,3.1459e-05
WOJZAY_clean,0.0086467466,0.042784663,0.0849098701,0.3989843608,0.7438478146,2.6387636216,4.7558139539,8.60369e-06
WOJZEC_clean,0.0086416535,0.0422135623,0.0854500743,0.4019897757,0.751349831,2.6434691443,4.7680547074,8.6542e-06
WOJZIG_clean,0.0086219623,0.0421619222,0.0849785103,0.4038439046,0.7373860234,2.628986382,4.760815626,8.56225e-06
WOJZOM_clean,0.0093800902,0.0470998569,0.0908266292,0.4261057921,0.8070985798,2.7481357842,4.8128799852,9.37603e-06
WOLMUG_clean,0.005748607,0.0292651347,0.0578607696,0.2774925476,0.5318074502,1.9645854118,3.6264590696,5.83027e-06
WOLREV_clean,0.0052678296,0.0262466775,0.0520489004,0.2557492479,0.5146335404,2.3316857411,6.0527361768,5.22923e-06
WOLRIZ_clean,0.0041232158,0.0211350411,0.0424852615,0.2091827956,0.397638758,1.7345163375,4.3060961197,4.20868e-06
WOLROF_clean,0.0041655276,0.0212441907,0.0427930245,0.2078909128,0.4040250902,1.7851710433,4.3849514187,4.24943e-06
WOLYON_clean,0.0025707544,0.0128894769,0.0256553597,0.1267634593,0.249706492,1.1892430638,3.2159615531,2.54527e-06
WOMFEK_clean,3.6670884238,3.7921686247,3.8340843508,3.9353941926,4.0456979339,4.6681015687,5.0108670855,0.611234
WONBAD_clean,0.0182371235,0.0908539079,0.1769429441,0.7976420727,1.428776236,3.6433232531,4.9660825314,1.83251e-05
WONJUG_clean,0.2323253513,0.8293499762,1.302522588,2.9311324428,3.8943641328,6.375741537,7.9506475288,0.000262888
WOPSAX01_clean,0.0026580651,0.0133236476,0.0266872815,0.12627578,0.2329131494,0.8127163582,1.4706938521,2.69925e-06
WOPSAX02_clean,0.0042276862,0.0210366904,0.0429109241,0.2132011069,0.4127326346,1.9470793209,4.7112275843,4.28831e-06
WOPSAX_clean,0.0042703809,0.021487256,0.0428309851,0.2113161802,0.4068180525,1.943358521,4.7073587155,4.27384e-06
WOPSOL01_clean,0.0044684118,0.0217806687,0.0434196272,0.217264373,0.4199680279,1.9789968074,4.6791683876,4.36576e-06
WOPSOL_clean,0.0041524116,0.0201978565,0.0407404519,0.1997473643,0.3920833003,1.8463253131,4.4765108938,4.04441e-06
WOPWOO_clean,0.0018368191,0.0087819083,0.0177485613,0.0861972546,0.1636722751,0.6050565632,1.1527630059,1.78418e-06
WOQTUT_clean,0.0014441921,0.007169141,0.0139687852,0.07090285,0.1414264399,0.6682411491,1.8525049943,1.43012e-06
WORKOF_clean,0.0068042086,0.0335201094,0.067126821,0.3276565226,0.6090878972,2.470179051,5.3651295474,6.83503e-06
WORKUL_clean,0.0076872105,0.0386873684,0.0765256966,0.371088328,0.693187033,2.6435785431,5.5184305585,7.81574e-06
WORLAS_clean,0.0071268439,0.0359585531,0.0707692037,0.338294997,0.6529798825,2.6101552242,5.5581163983,7.10762e-06
WORREC_clean,0.0057519324,0.0272491844,0.0555457486,0.2760191767,0.5444859667,2.5157844144,6.6446720728,5.46677e-06
WORSUT_clean,0.0061334203,0.0312733751,0.0612254549,0.2968591761,0.5598866665,1.9643909893,3.6154990471,6.25595e-06
WOSHET_clean,0.0019614973,0.0095952928,0.0190456728,0.0909146226,0.1679551454,0.5727170961,1.0104829205,1.92159e-06
WOTLOI_clean,0.0038297729,0.0189853986,0.0388348312,0.1863511445,0.3709012448,1.5409143781,3.5266370284,3.87287e-06
WOTSEF_clean,0.0069118992,0.0347347551,0.0686444145,0.3405695571,0.660133636,2.8444001251,5.961973867,6.91478e-06
WOVDES_clean,0.007301071,0.0364639621,0.0726079253,0.3266122811,0.5744490946,1.6437678388,2.4593178482,7.40133e-06
WOYHUP_clean,0.0087322056,0.0434821505,0.0875903724,0.4189699728,0.8048953,3.1515659939,6.8652636244,8.80775e-06
WOYJAX_clean,0.0102966388,0.0513617064,0.1022583313,0.4631579443,0.8622106475,3.2292726365,6.8101648679,1.0367e-05
WOYJEB_clean,0.0090690917,0.0453588741,0.0911217133,0.4161325277,0.7966691688,3.1117739382,6.6770412158,9.12874e-06
WOYJIF_clean,0.0083233057,0.0395492142,0.0818458398,0.3904702336,0.71311093,2.9121120938,6.4482514248,8.17361e-06
WOYJOL_clean,0.0088615282,0.0436905992,0.0863490425,0.391067758,0.7537681167,2.9256930144,6.4101051921,8.75843e-06
WOYWIS_clean,0.0128485904,0.0622875471,0.1230071264,0.532687572,0.937812288,2.5812574059,4.0439975868,1.28716e-05
WOYWOY_clean,0.0258978093,0.121122706,0.2277958708,0.8394119476,1.3378327127,3.1466342336,4.7781403791,2.57186e-05
WOZGUP_clean,0.0059631444,0.0310960852,0.0620309625,0.3047279946,0.5669358399,2.3556993522,5.2380976578,6.25715e-06
WOZWEP_clean,0.0043736215,0.0209565757,0.0420279047,0.2069711741,0.3817587005,1.3929948497,2.379159899,4.28949e-06
WUCRUH_clean,0.0106960287,0.0545187281,0.1039630289,0.4628986098,0.7928444329,1.8584288842,2.5027173632,1.09595e-05
WUDTUM_clean,0.0017863822,0.0089062342,0.0178198047,0.0870008495,0.1702143487,0.6981966735,1.4441212985,1.77418e-06
WUDVEY_clean,0.0020610659,0.0104461026,0.0206088537,0.1021003654,0.1943574269,0.7986503836,1.5811713929,2.07322e-06
WUDYUR_clean,0.0066154098,0.0307927704,0.0585044208,0.2143427475,0.3498643288,0.8780389958,1.4225071723,6.84478e-06
WUDZIG_clean,0.0038820114,0.018736956,0.0381255445,0.1856205085,0.3524712268,1.3723630065,2.6722685358,3.81595e-06
WUDZOM_clean,0.0037792847,0.0195881091,0.0386633717,0.1903949479,0.3656267321,1.3570709329,2.5794026061,3.88921e-06
WUGPUL_clean,0.0082663438,0.040487036,0.0813494868,0.3898802424,0.755875925,3.1385105624,7.6274192372,8.1713e-06
WUGQAS_clean,0.0079514431,0.0392099116,0.0789288875,0.3784738744,0.7258039991,3.00174028,7.3190918743,7.84281e-06
WUHJIT_clean,0.005516746,0.0275869885,0.0543756292,0.268987801,0.5344270277,2.350961462,5.6577537458,5.49639e-06
WUJPIC_clean,0.009855401,0.0490550592,0.0984642346,0.4558122984,0.8415370345,2.7506643775,4.5880582663,9.95762e-06
WUKXEH_clean,0.0053997297,0.025796254,0.0515388578,0.2534874864,0.4989779446,2.2584945431,5.9092798823,5.18441e-06
WULJUJ_clean,0.0070243441,0.0348524226,0.0686418618,0.3076800903,0.5677732686,2.0683945411,4.8142395046,7.0825e-06
WULKAQ_clean,0.0073143073,0.0347846138,0.0687613344,0.3037129536,0.5664926513,2.0813292278,4.8523183336,7.11374e-06
WULQUR_clean,0.006915762,0.0343036067,0.0691397832,0.3383295779,0.6782696059,2.971665239,6.5665389982,6.88182e-06
WUNTEF_clean,0.0118697033,0.0576745839,0.1154856011,0.5342888233,0.9654480113,3.028423781,4.6370484388,1.16578e-05
WUNTIJ_clean,0.0116580566,0.059871511,0.1175076137,0.5480615972,0.9969186422,3.0728083552,4.6520928417,1.19384e-05
WUNTOP_clean,0.0108639445,0.0549616588,0.1081042059,0.5096153729,0.924999015,2.9599587168,4.6161758822,1.1129e-05
WUNTUV_clean,0.0108149684,0.0553009931,0.1109238289,0.5167343962,0.9452226386,2.9330865901,4.515951578,1.12772e-05
WUNVAD_clean,0.0113799425,0.0553114879,0.1110777538,0.5255343487,0.9409494754,2.9503524081,4.5554682795,1.12802e-05
WUNVOR_clean,0.0117140293,0.0579806844,0.1158704132,0.5360414674,0.9739576055,3.0216405936,4.7001733609,1.1669e-05
WUNVUX_clean,0.0115461113,0.0573369988,0.1143696461,0.5228564065,0.9709385799,2.983922014,4.5996237156,1.15382e-05
WUPZUE_clean,0.0102308624,0.0502022732,0.1003299464,0.4581543577,0.8047123869,2.3149972626,3.6077235605,1.02555e-05
WURKEB_clean,0.0055855156,0.0278577796,0.0557172211,0.2746225667,0.5365269094,2.2211888658,4.708609561,5.61612e-06
WURNOO_clean,0.0024974128,0.0130544575,0.0258281581,0.127426851,0.2504571384,1.0350695738,2.3323439747,2.58052e-06
WUSCUJ_clean,0.0011583756,0.0060638568,0.0123419143,0.0605906542,0.1194972952,0.566671148,1.5009574463,1.21016e-06
WUSGIC_clean,0.0050695495,0.0250036606,0.0508621058,0.2474481049,0.4654978934,1.70634107,3.0227747434,5.12359e-06
WUSLED_clean,0.0029709132,0.0146112273,0.0296655493,0.1465529466,0.2894703381,1.3095165702,3.4712094577,2.98692e-06
WUSSEK_clean,0.0043727799,0.0225306912,0.0442429171,0.2187935307,0.4282991968,1.8427346684,4.1571944162,4.39866e-06
WUSXEP_clean,0.0099901391,0.0480639527,0.0959768025,0.4136846651,0.7260151068,2.5646611498,5.8671162754,9.86555e-06
WUTBES_clean,0.0028741261,0.0145930791,0.0292370669,0.1423682914,0.2720603256,1.0083113804,1.8988688082,2.96607e-06
WUTBEU_clean,0.0039680371,0.0204570177,0.0401618009,0.2011174206,0.3978117023,1.8348730023,4.8830814757,4.0708e-06
WUTBIW_clean,0.0030715875,0.0154468257,0.0300431761,0.1462137083,0.2750645524,0.9846078389,1.8664738758,3.05592e-06
WUTBOC_clean,0.0033586885,0.0161689735,0.0316169889,0.1524582199,0.2822089738,0.9892985432,1.8156703398,3.21458e-06
WUTBUI_clean,0.0027490678,0.0136147474,0.0277186607,0.1313476725,0.2565143691,0.9646881891,1.8728578012,2.7623e-06
WUTCAP_clean,0.0032014871,0.0159467232,0.0311844141,0.1488274105,0.2814218828,0.9801938739,1.8071608673,3.18045e-06
WUTCET_clean,0.0101345758,0.0496103495,0.0970690764,0.4439444725,0.7957214857,2.5625140096,4.2588454372,9.93956e-06
WUTKIG_clean,0.0050217558,0.0251493549,0.0502735914,0.2459655601,0.4854853421,2.0063411838,4.1642354407,4.99585e-06
WUWQEL_clean,0.0016158503,0.0077262303,0.0153668011,0.0742356661,0.1469800777,0.6562298945,1.590903888,1.50983e-06
WUYWIY_clean,0.0043238443,0.022251482,0.0431738578,0.2169434514,0.4330506876,1.9246376186,4.8541747353,4.41525e-06
WUYWOE_clean,0.0044719076,0.0217109923,0.0433150256,0.214576861,0.4247429339,1.9236655657,4.7976726058,4.33236e-06
WUYWUK_clean,0.0052101752,0.0256076948,0.0523810685,0.2605869707,0.5078710494,2.2541214286,5.4976920059,5.26071e-06
WUYXAR_clean,0.0046131438,0.0240904354,0.0475169158,0.2322844531,0.4634520802,2.066239369,5.2931526149,4.74814e-06
WUYXEV_clean,0.0046797196,0.0243738897,0.0488587608,0.2369219426,0.4753085047,2.0656144229,5.0683363808,4.87029e-06
WUYXIZ_clean,0.0049458903,0.0252811221,0.0504090992,0.2492418965,0.4861382102,2.1485038166,5.1702687907,5.04185e-06
WUYXOF_clean,0.0043910042,0.0218426169,0.0438701563,0.2194196743,0.4328057971,1.9191081283,4.810042289,4.45926e-06
WUYXUL_clean,0.0047581722,0.0243789495,0.0483519173,0.2375527475,0.4664462231,2.0671334299,5.0057207446,4.83973e-06
WUYYAS_clean,0.0048057286,0.0241625704,0.0485929953,0.2407943107,0.4672636193,2.0991937414,5.1456778183,4.8825e-06
WUYYEW_clean,0.0050064088,0.0244550285,0.0479309811,0.2374528256,0.4693457785,2.0724530554,4.9710157134,4.85298e-06
WUYYOG_clean,0.0063640147,0.031272508,0.0612163078,0.3038261813,0.5994465362,2.5541065645,6.0114590425,6.24113e-06
WUZDOL_clean,0.0015456284,0.0078572743,0.0153422035,0.0764717661,0.1509162317,0.6689924827,1.584378409,1.55585e-06
WUZGAB_clean,0.0045842632,0.0232828915,0.0470730959,0.2300451515,0.4556314844,2.0755957121,5.1533261111,4.63108e-06
WUZQOZ_clean,0.0040368957,0.0196250985,0.0395713621,0.1935263995,0.3840708559,1.721699874,4.123042411,3.93514e-06
XACQAT_clean,0.0647561521,0.2885347293,0.5150510099,1.4368092122,1.8802045324,2.6145730864,2.897490065,6.59456e-05
XACSIG_clean,0.0055245968,0.0268191666,0.0554617465,0.2580945343,0.4801572993,1.5734245971,2.662709046,5.52005e-06
XACYAB_clean,0.0316340126,0.1575360273,0.3082628765,1.2475143022,2.1001372227,5.103183895,7.3488146997,3.21331e-05
XACZEH_clean,0.0032455839,0.0150361478,0.031684312,0.1497278781,0.2885638698,1.1411459928,2.4255524021,3.06936e-06
XADCEM_clean,0.0093031158,0.0460184903,0.0920723719,0.4444630713,0.8471900134,3.450635506,6.5965927646,9.22214e-06
XADDAJ01_clean,0.0070789172,0.0348071629,0.0693952203,0.3320596433,0.6369007167,2.4588007016,4.5599747277,7.06729e-06
XADDAJ_clean,0.006817404,0.0342440851,0.0681936734,0.3237030028,0.6254907336,2.420850669,4.5171815975,6.87617e-06
XADDEN_manual,0.0077004945,0.0367329862,0.0731146583,0.3329682456,0.6161454708,2.2321411265,5.1914145557,7.49551e-06
XADDIR_manual,0.0072665183,0.0362034319,0.072437862,0.3286465658,0.6132342138,2.1800381496,5.1137844783,7.35203e-06
XADDOX_clean,0.0038539048,0.0198730435,0.0404203049,0.1987683709,0.3891943745,1.6097285973,3.4942293954,4.04362e-06
XADDUD_clean,0.0046059216,0.0234172295,0.0478630564,0.2321104296,0.444232677,1.9023226923,4.1273144213,4.75193e-06
XADGAM_clean,0.0270753966,0.1269424001,0.2412657759,0.9126839577,1.4385506434,2.7589332999,3.4447127017,2.63595e-05
XADGOA_clean,0.0038934826,0.0187224867,0.0383806011,0.1786542388,0.333370512,1.1051998107,1.8585936677,3.8277e-06
XAFBEN_clean,0.0136197276,0.0677935646,0.1345801276,0.5884921951,1.0845121791,3.110870666,4.8292069127,1.36305e-05
XAFFAN_clean,0.0042801398,0.0212546055,0.040949566,0.2067062706,0.4157184467,1.9926459214,5.8524238498,4.17825e-06
XAFFER_clean,0.0040945618,0.0211203576,0.0422288698,0.2110495858,0.4107552219,1.9895305798,5.8629820544,4.18133e-06
XAFFIV_clean,0.0039900703,0.0203758521,0.0406272654,0.2020846183,0.3990672453,1.920062787,5.6768665403,4.03694e-06
XAFFOB_clean,0.0041139262,0.020121344,0.039877711,0.2024908601,0.4013517853,1.9236354008,5.6349681159,4.02682e-06
XAFFUH_clean,0.0041972362,0.0219898679,0.0433529274,0.2164155284,0.428673492,2.0794925071,6.0527914746,4.33812e-06
XAFXOT_clean,0.0028577704,0.0140500857,0.0282115131,0.132145281,0.249258195,0.8051873152,1.3672526004,2.80351e-06
XAGPUT_clean,0.0051555467,0.0258517093,0.0511656713,0.2524098191,0.4863086079,1.9807271842,3.9165112029,5.17905e-06
XAHPAZ_clean,0.004355054,0.0223122285,0.0452480216,0.224886577,0.4421196415,2.0023548652,5.177535679,4.49104e-06
XAHPED_clean,0.003943553,0.0196716662,0.0391673184,0.1959329808,0.3911074249,1.8975488743,5.5400550081,3.94799e-06
XAHPIH_clean,0.0039769446,0.0194983911,0.0398739825,0.1997698795,0.3946310731,1.8867852198,5.554741647,3.94103e-06
XAHPON_clean,0.0048570876,0.0230140963,0.0471133988,0.2336283734,0.4652162784,2.2316403626,6.4286557546,4.73325e-06
XAHPUT_clean,0.0047476674,0.0260460641,0.0524527105,0.2527802373,0.50157003,2.5292807601,7.2058774113,5.07222e-06
XAHQAA_clean,0.0049902139,0.0258331781,0.0533045578,0.2576891023,0.5259004991,2.6074371809,7.5241966671,5.23088e-06
XAHWAG_clean,0.0060777472,0.0299046319,0.0591054818,0.2921386782,0.5711129722,2.3597260496,4.7109924771,5.97397e-06
XAJQAC_SL,0.0132699323,0.0657726117,0.1329801095,0.597491856,1.1062573454,3.8946455321,7.4189843401,1.34304e-05
XAJSEJ_clean,0.0074765793,0.0372374912,0.0749367422,0.3667119681,0.7255641945,3.3602458914,8.29354245,7.44687e-06
XAKLIH_clean,0.0250082181,0.1189377729,0.2284458573,0.8578504798,1.3888296881,3.2021727401,4.4560324583,2.52161e-05
XAKQOR_clean,0.0087420165,0.0437216045,0.0866629952,0.4170983789,0.7759605419,2.9430670858,5.240056193,8.66214e-06
XAKVUB_clean,0.5865350686,1.4106752538,1.7110890401,2.1614490174,2.2924082397,2.509798211,2.578690235,0.000859255
XAKYUE_clean,0.0057276262,0.0290949158,0.0584425209,0.281956007,0.5290927116,1.9555729236,3.8976237252,5.86564e-06
XAKZAL_clean,0.0060874992,0.0303343668,0.0615682511,0.2832764058,0.5287186458,1.7126527393,3.1325698152,6.21052e-06
XAKZEP_clean,0.0064021396,0.0323968586,0.0630559936,0.3014188279,0.5779844822,2.0405752832,4.0395434341,6.37382e-06
XAKZIT_clean,0.0060396904,0.0296734088,0.0593231059,0.2865719614,0.5419478887,2.0399621683,4.1202679779,6.01587e-06
XAKZOZ_clean,0.0062497077,0.0319835988,0.0623886807,0.3046537714,0.5621891506,2.0516858746,4.1268496484,6.31832e-06
XAKZUF_clean,0.0060613058,0.0302806121,0.0605563649,0.2880545683,0.5389589365,1.9821377059,3.9095195642,6.05001e-06
XALBAO_clean,0.0062115725,0.0296970758,0.0605558391,0.2872477958,0.5395528222,2.0529222547,4.1158208708,5.99742e-06
XALBES_clean,0.0064830717,0.0312635439,0.0612238916,0.2983693901,0.5696151878,2.0212144394,4.0815872902,6.21908e-06
XALBIW_clean,0.0061704363,0.0299142751,0.0606808932,0.2871737505,0.5497217012,1.9974837641,4.0508469994,6.05369e-06
XALBUI_clean,0.0061730723,0.0301963823,0.0595439875,0.2889972941,0.5492317322,2.0171287074,3.9838280633,6.1269e-06
XALCAP_clean,0.0066120391,0.0308540227,0.0622490598,0.2951185326,0.5577632388,1.9911308565,3.8925213432,6.31767e-06
XALCET_clean,0.0059997533,0.0299955267,0.0578075578,0.2781591869,0.5278422231,1.9131988563,3.831299239,5.90073e-06
XALCIX_clean,0.0063925904,0.0315332461,0.0620036864,0.2871022201,0.5205098321,1.6867600985,3.0443598027,6.29347e-06
XALCOD_clean,0.0063739698,0.0304475227,0.0627871833,0.2860551702,0.5284851723,1.7097135515,3.096261105,6.28272e-06
XALCUJ_clean,0.0062507875,0.0300822727,0.0617143511,0.279821571,0.5256161697,1.714222598,3.1107178415,6.12187e-06
XALDAQ_clean,0.0061591169,0.0297614257,0.0605856571,0.2797098475,0.5159649768,1.6937113064,3.1158943643,6.09577e-06
XALDAS_clean,0.0068415325,0.0325563661,0.0671302877,0.30889261,0.5802186169,2.3114033826,5.6148555869,6.70502e-06
XALDEU_clean,0.0056176875,0.0285496553,0.0568701341,0.2653691316,0.4817861752,1.6273360794,2.9624091717,5.70096e-06
XALDIY_clean,0.0056606581,0.0284121494,0.0564003224,0.2676036019,0.5108858539,1.6312865083,3.0454340672,5.82371e-06
XALDOE_clean,0.0058898346,0.0292973434,0.0583425927,0.2748971422,0.5093704247,1.6719739209,3.0620894652,5.96311e-06
XALMII_clean,0.0047515583,0.0235658781,0.0473032534,0.2323554208,0.4546387902,2.0608574128,5.1997482664,4.71793e-06
XALTIP_clean,0.0035965702,0.0185468703,0.0362489765,0.179757693,0.3596089677,1.6675110906,4.6577329671,3.65717e-06
XALXUF01_clean,0.0061435212,0.0302778797,0.0612980408,0.2978445233,0.5681633477,2.5382432116,6.0203696273,6.12704e-06
XALXUF_clean,0.0059012826,0.0293964814,0.0595829136,0.2886997728,0.5500353391,2.4786437596,5.87964651,5.93697e-06
XAMDUM01_clean,0.0076204156,0.038280318,0.0734504732,0.3369541104,0.6194829545,2.1512639771,5.0422610661,7.6686e-06
XAMDUM02_clean,0.008044059,0.039088857,0.0774828355,0.3447966804,0.6314689641,2.2031344667,5.1462861965,7.90857e-06
XAMDUM03_clean,0.0081034724,0.0389726134,0.0775551648,0.3462820156,0.6235256495,2.2024370049,5.1083184447,7.94918e-06
XAMDUM04_clean,0.0090618365,0.0444438134,0.0866944971,0.3917513562,0.6892549627,2.3974318147,5.4422218056,9.02169e-06
XAMDUM05_clean,0.0080698909,0.0409125904,0.0806601613,0.361135368,0.6551594153,2.2750556904,5.2542119463,8.17367e-06
XAMDUM06_clean,0.0076333315,0.0378179267,0.0737837049,0.3432002679,0.6160111448,2.1889114131,5.1681141665,7.63547e-06
XAMDUM_clean,0.0079820624,0.0368802281,0.0735744664,0.3411027163,0.611351067,2.1713973733,5.0309131049,7.5619e-06
XAMGUQ_clean,0.0046748904,0.0231254478,0.0467411916,0.2263944866,0.4355647069,1.8711868623,4.2549105077,4.64875e-06
XAMHEA_manual,0.0052894931,0.0258131736,0.0522494624,0.255046897,0.5001993962,2.0973580784,5.0354437888,5.25084e-06
XANKOO_clean,0.0036154272,0.018466907,0.0369398413,0.1837770164,0.3640792445,1.7397116211,4.6637031823,3.71011e-06
XANLAA_clean,0.0098139816,0.0503537558,0.1004542681,0.4908481418,0.9348254254,3.9388526612,7.9370155586,1.00228e-05
XANLEE_clean,0.0102491625,0.0507586791,0.1028093913,0.4970311532,0.9594790446,4.026857893,8.0868779725,1.02911e-05
XANMIJ_clean,0.0037948727,0.0188925638,0.0381812957,0.1896586293,0.3722824692,1.6075552482,3.7930522925,3.83535e-06
XANMUX01_clean,0.0034240192,0.0166755673,0.0332821561,0.1647169734,0.3300260128,1.4659592199,3.4646992706,3.3396e-06
XANMUX02_clean,0.003259237,0.0164897084,0.0327092508,0.1623199684,0.3198076053,1.4713165549,3.5097748447,3.26618e-06
XANMUX03_clean,0.0040798354,0.0202371276,0.0400905791,0.2015610286,0.4015134771,1.8807874528,4.7218375736,4.04128e-06
XANMUX04_clean,0.0036788566,0.0181950117,0.036834552,0.1798615998,0.3573415232,1.5571814518,3.515465576,3.67177e-06
XANMUX05_clean,0.003797653,0.0189997616,0.0384536321,0.1890874825,0.3746628065,1.6452459984,3.8146351788,3.81494e-06
XANMUX06_clean,0.0048399958,0.0249894001,0.0492775181,0.2466711691,0.4942084023,2.1954228393,4.7223298214,5.02384e-06
XANMUX07_clean,0.0036520316,0.0188158188,0.0369131109,0.1848912866,0.3605298656,1.6431153273,3.7620754308,3.73411e-06
XANMUX08_clean,0.0159532085,0.0809712512,0.1595416652,0.7230888506,1.3057047762,4.206038699,6.7787608587,1.61441e-05
XANMUX_clean,0.0033052228,0.016397737,0.0326843419,0.1637359449,0.3216278729,1.4956314979,3.5571650327,3.28097e-06
XANZAQ01_clean,0.0039320844,0.0197144384,0.0386853554,0.1950663373,0.3887774955,1.7941314623,4.472456044,3.90608e-06
XANZAQ02_clean,0.003882834,0.0192664191,0.0392588837,0.1910786476,0.3849327908,1.7792769213,4.4238936104,3.87763e-06
XANZAQ03_clean,0.0036965239,0.017764326,0.0357192196,0.1787280294,0.3575611152,1.6737679364,4.4670060212,3.57867e-06
XANZAQ04_clean,0.0048996154,0.0254107974,0.0504260034,0.2514746694,0.4948754589,2.290174631,5.4127977398,5.00158e-06
XANZAQ05_clean,0.0048638692,0.0243384108,0.048133479,0.241749314,0.4706633514,2.190571359,5.2584145746,4.81478e-06
XANZAQ06_clean,0.0050306849,0.0261614681,0.0530616914,0.2545798245,0.5205364799,2.366309317,5.6259548427,5.19844e-06
XANZAQ07_clean,0.0048448046,0.0244361171,0.0500780735,0.248243211,0.494439355,2.2689366092,5.394602913,4.97572e-06
XANZAQ08_clean,0.0047518644,0.0225058212,0.0454930248,0.2259995288,0.4499805875,2.0809376972,5.0704752396,4.54564e-06
XANZAQ_clean,0.0040536215,0.0209186889,0.0426214116,0.2102664251,0.420411313,1.9323001413,4.8336136256,4.20638e-06
XAPCOH_clean,0.0039426785,0.01966731,0.039314212,0.1902867373,0.3650621387,1.6227666964,3.6258909383,3.91439e-06
XAPCOJ01_clean,0.0077339609,0.0386021802,0.0756985935,0.3749043737,0.7272718367,3.06325262,5.9810454627,7.57786e-06
XAPCOJ02_clean,0.0076821156,0.0378402802,0.074688738,0.3749855228,0.724179154,3.0796221985,5.9601878876,7.5709e-06
XAPCOJ03_clean,0.0074003479,0.038074711,0.0745241856,0.3714758239,0.7161318674,3.0302204245,5.9622414109,7.5413e-06
XAPCOJ04_clean,0.0073800606,0.038058932,0.0762215545,0.3724135469,0.731279701,3.0800099109,5.9699370514,7.63182e-06
XAPCOJ05_clean,0.0072989115,0.0369093196,0.0736135123,0.3662845351,0.7178427611,3.0045006653,5.8791131656,7.39442e-06
XAPCOJ06_clean,0.0072560828,0.0368304246,0.0733587942,0.3638500618,0.7107422141,2.9820471578,5.883105251,7.34853e-06
XAPCOJ07_clean,0.0075671544,0.0381423352,0.0756219527,0.3802264028,0.7331641636,3.1058897142,6.0096888439,7.64999e-06
XAPCOJ_clean,0.0077880603,0.0393730967,0.0770037417,0.3852553934,0.7526512204,3.160514335,6.0733908942,7.78517e-06
XAPCUN_clean,0.0038827714,0.0193618495,0.0384353548,0.1883841925,0.35635849,1.6045213576,3.6311858061,3.83582e-06
XAPDAU_clean,0.0038893546,0.0193730409,0.0381200195,0.1893881305,0.3610602115,1.6008801897,3.6237645648,3.85692e-06
XAPDEY_clean,0.0038011397,0.0191946362,0.0382325922,0.1864981057,0.3600180909,1.6049308327,3.6508886653,3.83814e-06
XAPGAZ_clean,0.0008255577,0.0041013615,0.0082931696,0.0422378078,0.08397909,0.4115557544,1.2448244513,8.39566e-07
XAPGED_clean,0.000846359,0.004354207,0.0086507166,0.0434255057,0.0868209931,0.4217522569,1.2756871411,8.64739e-07
XAPGOK_clean,0.0055117774,0.0268632032,0.0539855369,0.2620802304,0.4875588503,1.9347144134,3.1651014122,5.43308e-06
XAPGUQ_clean,0.003949597,0.0191858588,0.0381789467,0.1844714881,0.3588600259,1.4095234488,2.751968497,3.8256e-06
XAPNIN_clean,0.0070406229,0.0360694959,0.0719911973,0.351187697,0.6907556907,2.886708899,5.9233145196,7.167e-06
XAPSIS_clean,0.0068752723,0.0321472488,0.063668049,0.3130598062,0.6140213259,2.5310346459,5.2827070629,6.43593e-06
XAPTEQ_clean,0.0121406601,0.060115849,0.1161211055,0.5275140293,0.9112340809,2.5095966239,3.6226805357,1.2093e-05
XAPTUE_clean,0.0068045825,0.0337182298,0.0681318938,0.3241153653,0.6152044921,2.2889355567,4.1061722198,6.81009e-06
XARPAK_clean,0.0077035039,0.0389669656,0.0790148487,0.3766402172,0.7462668299,2.9107649121,5.6069957794,7.82298e-06
XASFAY_clean,0.0058237254,0.0295510263,0.0588095001,0.2847356478,0.5398800835,2.0511087033,3.8010232646,5.8999e-06
XASJUZ_clean,0.004204317,0.019981076,0.0396754706,0.1918115237,0.3620105685,1.3440491057,2.5357610688,4.05465e-06
XASNUD_clean,0.0066344542,0.0334347309,0.0673013051,0.3206918383,0.6280820655,2.731657682,5.95974477,6.71137e-06
XASPEP_clean,0.0061182143,0.0306783678,0.0619515966,0.3026445923,0.5697970567,2.5122153719,5.2968783443,6.13709e-06
XATLIQ_clean,0.0045326818,0.023051194,0.0464333547,0.2313116579,0.444856226,1.9521284607,4.2302066,4.6351e-06
XATZOK_clean,0.0077965457,0.0390867918,0.0762538863,0.3741027437,0.7237341379,2.909253496,6.3387997594,7.75134e-06
XATZUQ_clean,0.0062890332,0.0315055892,0.0632327296,0.3083086504,0.6085759989,2.5239441191,5.5124836441,6.30656e-06
XAVDEF_clean_h,0.0055339184,0.0275208185,0.0555037362,0.276979941,0.5507003928,2.4905630729,5.9107365225,5.52385e-06
XAVKIR_clean,0.0069675537,0.0358981431,0.0690615215,0.3403214517,0.6629191886,2.7862681183,6.6966269187,7.06941e-06
XAVQIU01_clean,0.0058959825,0.0299780985,0.0608233225,0.2964370305,0.5752096126,2.3618239184,4.7936405988,6.07256e-06
XAVQIU_clean,0.0060510781,0.030384637,0.0601512416,0.3010522994,0.5753929074,2.3787645872,4.8527790191,6.066e-06
XAWVUN_clean,0.0038687886,0.0195547284,0.0390523691,0.1961049866,0.396531072,1.9023242022,5.5131686928,3.97065e-06
XAZFEJ_clean,0.003218939,0.0158518602,0.0319658714,0.1571664541,0.3096514423,1.2643752176,2.6665121926,3.22568e-06
XAZGEK_clean,0.0017111232,0.0086141491,0.0174156047,0.0876818918,0.1742243356,0.8084452075,2.1533684981,1.76396e-06
XEBHOC_clean,0.0040883566,0.0194756839,0.0395529842,0.1970886514,0.3989902339,1.8935634379,5.4606743691,3.98458e-06
XEDGIY_clean,0.0040523113,0.020841642,0.0425285514,0.2076043002,0.4059230896,1.7405940814,3.9519026551,4.19453e-06
XEDLUN01_clean,0.0136573671,0.0684121619,0.1360820057,0.6563473545,1.2217270037,4.0649980226,6.4524343304,1.37941e-05
XEDLUN_clean,0.01384375,0.0687945682,0.1345845156,0.6386795417,1.2151136245,4.0579058322,6.4754718986,1.36983e-05
XEDPED_clean,0.0052250578,0.0263392061,0.051639765,0.2494697699,0.470772315,1.7842737023,3.5111318778,5.19698e-06
XEDPIH_clean,0.0104698536,0.0520735035,0.101129357,0.4216922952,0.6939308119,1.5595932231,2.0133188317,1.05378e-05
XEDPON_clean,0.0077882681,0.0380982804,0.0764825989,0.3730540255,0.7175795047,2.8414808523,5.6333566596,7.66865e-06
XEDPUT_clean,0.0733653934,0.241710284,0.3407504225,0.7104124306,1.0218315106,2.5566057302,4.0746727345,9.04645e-05
XEFGAQ_clean,0.0086853499,0.0432386453,0.0876348549,0.3975238705,0.6960452427,2.0843465136,3.1042312309,8.81783e-06
XEFKOI_clean,0.0097398187,0.0482794762,0.0963762743,0.4343054772,0.7731046621,2.1738190018,3.1688920511,9.75684e-06
XEGJIE02_clean,0.0053541253,0.0269095055,0.0528323072,0.2613204635,0.494529124,2.0565171321,4.2725946038,5.3366e-06
XEGJIE_clean,0.0053157681,0.0268288233,0.0527264944,0.259411866,0.494886242,2.0466910954,4.2631058453,5.34592e-06
XEGJOK_clean,0.0050631402,0.0243885167,0.0483418785,0.2407874989,0.4678219853,2.0243844445,4.5337193137,4.92419e-06
XEGJUQ_clean,0.0050763668,0.026228336,0.0514355788,0.2537323665,0.4827706819,2.0643353718,4.4937194481,5.16468e-06
XEGKAX_clean,0.0045459804,0.0228542318,0.0454095426,0.2246074064,0.4393557097,1.9305020802,4.5174572163,4.5777e-06
XEGKEB_clean,0.0047443793,0.0234851404,0.047221586,0.2294800837,0.4475390034,1.9593003433,4.5039541865,4.71416e-06
XEGKIF_clean,0.0082642669,0.0411763781,0.0819074079,0.3830361973,0.6999076117,2.1724613078,3.4984150823,8.34942e-06
XEGKOL_clean,0.0042474001,0.0193351012,0.0391085649,0.1933195761,0.378701474,1.5772000634,3.5209986063,3.94115e-06
XEGKUR_clean,0.0048647413,0.0236908139,0.0478597691,0.2405507429,0.470489128,2.0463081855,4.6937591174,4.83735e-06
XEHDEV_clean,0.0043740176,0.0220582321,0.0433265258,0.2176080429,0.4246533269,1.9033768438,4.5578224146,4.30653e-06
XEHRUY_clean,0.0060390862,0.0289382157,0.0576922018,0.2814461136,0.5162214082,1.6096381422,2.4515713759,5.94844e-06
XEHSAF_clean,0.0057941215,0.0285697565,0.0575990748,0.2702566972,0.5080323021,1.5903082077,2.3999344562,5.79213e-06
XEHSEJ_clean,0.0053892214,0.027355056,0.0534346765,0.2546214768,0.4736785465,1.5232283953,2.4503303568,5.41241e-06
XEHSIN_clean,0.0062091442,0.0299686867,0.0606904876,0.2807213423,0.5290486458,1.6068868455,2.4176387165,6.06102e-06
XEHSOT_clean,0.0058831996,0.0290131222,0.0588056773,0.2754090519,0.5283400705,1.5998699254,2.4095872764,5.93704e-06
XEHSUZ_clean,0.0059095181,0.0292965524,0.0584129241,0.2757309476,0.5151585452,1.5934603556,2.4702980091,5.893e-06
XEJWUG_clean,0.014822718,0.0711139752,0.1385420129,0.5511823723,0.8951904354,1.8626410402,2.4884677122,1.45057e-05
XEJXAN_clean,0.0149835566,0.0735659968,0.1453606072,0.5900889791,0.9835110775,2.1252962145,2.8142329637,1.51095e-05
XEJXER_clean,0.0024525667,0.012009077,0.0243827746,0.1167919383,0.2184274829,0.7436228892,1.2981419265,2.4593e-06
XEKCAT01_clean,0.0085574451,0.0420388232,0.084858123,0.4172021766,0.8137698342,3.3856049646,6.8438028085,8.46403e-06
XEKCAT_clean,0.0084590836,0.0436126062,0.0880719761,0.4342187053,0.843025947,3.4787404164,6.9012095372,8.78746e-06
XEKDOI_clean,0.0015998294,0.0083100258,0.016737229,0.0786953466,0.1602436028,0.6759506524,1.4112002141,1.64753e-06
XEKJIH_clean,0.06539787,0.3080857427,0.557208886,1.7706241741,2.4002539288,3.5786306985,4.2326802088,6.57147e-05
XEKJON_clean,0.1381084128,0.5974075995,1.0484197053,2.4203988167,2.8865922134,3.7071309708,4.3197962689,0.000144168
XEKJUT_clean,0.2337292522,0.8959579581,1.4148988255,2.6413066419,3.1125128709,4.2445411564,5.0214311971,0.000248429
XEKMIL_clean,0.0023098485,0.0117104168,0.0240769755,0.113795801,0.2245254737,0.8793646558,1.7406167426,2.37891e-06
XEMHOM_clean,0.0023405011,0.0116196163,0.0230074997,0.1086238484,0.1931323361,0.6025952419,0.9960151092,2.33033e-06
XENCAU_clean,0.0026401757,0.0129786415,0.0261492958,0.1313242951,0.2665137363,1.2709005774,3.7364548804,2.62815e-06
XENKIM_clean,0.0058859053,0.02961283,0.0577328241,0.2903433668,0.5611447203,2.57657563,6.1981254742,5.84073e-06
XENMIO_SL,0.0239494446,0.1191853882,0.2211322145,0.7749824028,1.1641201905,2.1299622456,2.7421045584,2.40482e-05
XENMOU_SL,0.0223375308,0.1084015575,0.2088949724,0.7317451853,1.1338490435,2.1284493958,2.7395501208,2.27943e-05
XENZEX_clean,0.2505022964,0.5092964829,0.6054422472,0.7382301333,0.7769252094,0.84665605,0.8697436234,0.000426967
XEPBAX_clean,0.0056851396,0.0282229623,0.0564864719,0.2794105283,0.5362512231,2.2605707206,4.8019327073,5.64813e-06
XEQGAC_clean,0.0069712704,0.034238367,0.06862824,0.3289335238,0.6222252565,2.0982487339,3.5339616425,6.9577e-06
XEQRAO_clean,0.0038055216,0.0187616944,0.0374938429,0.183252019,0.355749303,1.2942240322,2.373461698,3.83287e-06
XESKAJ_clean,0.003032897,0.0140297632,0.0281850255,0.1391419933,0.2790395964,1.3070792513,3.4036791107,2.83053e-06
XESKEN_SL,0.0019800983,0.0096878399,0.0201478485,0.09816128,0.1981527564,0.9231144917,2.5702233292,1.97938e-06
XESKIR_clean_h,0.0014341012,0.007044163,0.0142257515,0.0702465749,0.1372968996,0.6871383772,1.8907304951,1.40958e-06
XESKUD_clean,0.0015943338,0.0081925616,0.0161161452,0.0801254167,0.1599533045,0.7734111782,2.1605822668,1.60918e-06
XESLAK_clean,0.0012193343,0.0062873311,0.0128318308,0.0634216416,0.1263038201,0.6094617123,1.7456300262,1.2676e-06
XEVHAJ_clean,0.0208792958,0.0983108747,0.1882480267,0.6485595267,0.9833107412,1.9546651609,2.6540781633,2.06817e-05
XEVHEN_clean,0.0193877328,0.0953865429,0.1770710086,0.6401207659,0.9611118187,1.8664058473,2.5652470937,1.9842e-05
XEWDUA_clean,0.001577811,0.0080321749,0.0161708172,0.080649878,0.1599401157,0.7208205018,1.8340377069,1.60667e-06
XEWFAI_clean,0.0020810372,0.0110195208,0.0217415005,0.1079321454,0.2131321638,0.9604923051,2.4327237341,2.1925e-06
XEXLAP_clean,0.0031434488,0.0152518733,0.0305175446,0.1520646512,0.2995157331,1.3809323787,3.4038069343,3.07847e-06
XEXLET_clean,0.0029375382,0.0139097831,0.0282911589,0.1378957097,0.2770497348,1.2587240795,3.0441093033,2.81026e-06
XEXLIX_clean,0.0063999627,0.0330833587,0.0657321248,0.3142485948,0.6051862907,2.2476657392,4.1059174574,6.55799e-06
XEXLOD_clean,0.005392031,0.0269026498,0.0545112679,0.266004416,0.5078260561,2.0173096589,3.9954607173,5.48739e-06
XEXLUJ_clean,0.0046131413,0.0234166106,0.0464265248,0.2311371723,0.44914407,1.8630116814,3.9073967504,4.7466e-06
XEXMAQ_clean,0.0047668148,0.0243332681,0.0478626868,0.2354654793,0.4547120425,1.8696656458,3.940506537,4.78512e-06
XEXMEU_clean,0.0038716912,0.0194597628,0.0394686392,0.1950792037,0.3788487234,1.6622519418,3.7912695073,3.95613e-06
XEYMAR_clean,0.0032760841,0.0160329739,0.0316411665,0.1551292499,0.3047228928,1.2905608141,2.91313364,3.18738e-06
XIBZUF_clean,0.0085666182,0.0430411142,0.0866542927,0.4260157511,0.8110222027,3.352892214,6.7461732439,8.72115e-06
XICNOO01_clean,0.0026919232,0.0131807437,0.0266265311,0.1313134565,0.2598689209,1.2369079665,3.3358059929,2.66687e-06
XICNOO02_clean,0.0026688759,0.0132153146,0.026376084,0.1322315068,0.2565677811,1.2182242989,3.3019333946,2.65607e-06
XICNOO_clean,0.0026888502,0.0131868896,0.0265427927,0.1325910445,0.2601024668,1.222867559,3.3300595359,2.67106e-06
XICYAL_clean,0.0081561228,0.0399230458,0.0792060719,0.3616091517,0.684277139,2.2596937269,3.9306014388,8.04067e-06
XICYEP_SL,0.0042576625,0.0208206491,0.0421099758,0.1975841453,0.3770065248,1.40711534,2.8483335721,4.22747e-06
XICYIT_SL,0.0054776461,0.0277640275,0.0562415242,0.2661294569,0.5018452468,1.9096765548,3.8778276289,5.6386e-06
XICZAM_clean,0.0018749686,0.0097073827,0.0197001951,0.0949217418,0.1871399374,0.8940845838,2.4002918339,1.94189e-06
XIDBUJ_clean,0.0073983879,0.0380902645,0.0752226457,0.3607420828,0.695922006,2.6309182452,4.8932512883,7.66447e-06
XIDMED_clean,0.006712157,0.0329772628,0.0648666022,0.3121746441,0.5794559686,2.2333977299,4.8297926053,6.68449e-06
XIDSUZ_clean,0.0048569111,0.0230823817,0.0471612178,0.2318781303,0.4655852364,2.1371662565,5.7311712023,4.72188e-06
XIFHIF_clean,0.0025558189,0.012342442,0.0244585459,0.119636761,0.2375970169,1.0424195808,2.5298781377,2.43487e-06
XIGFOJ_manual,0.00380925,0.0187183503,0.0381515811,0.1894536915,0.3712741128,1.6296795705,4.0732329513,3.77251e-06
XIGHAX_clean,0.0023284778,0.011405394,0.0225579931,0.1128472392,0.2211303458,1.0017313092,2.5687415933,2.2597e-06
XIGHEB_clean,0.0021448066,0.0109195538,0.0218272579,0.1089447182,0.2154088867,0.9803938414,2.5267006199,2.18288e-06
XIGHIF_clean,0.0022751539,0.0113303455,0.0226290916,0.1131415082,0.2208183022,1.0060307971,2.567128051,2.26674e-06
XIGWUF_clean,0.0019545876,0.0094200261,0.0183717657,0.0912514131,0.1857299318,0.9096093971,2.6870794228,1.83608e-06
XIHRIQ_clean,0.0096754341,0.0481863133,0.0939657877,0.4260367089,0.7489464903,2.1755579941,3.3760898173,9.68195e-06
XIHSAJ01_clean,0.0073708059,0.037599692,0.0731340328,0.3609234793,0.685198892,2.649237381,4.9146569682,7.45832e-06
XIHSAJ_clean,0.0072315902,0.0360019954,0.0721141768,0.3500642279,0.6680846795,2.6039522173,4.9657512636,7.21887e-06
XIHSEN01_clean,0.0080147582,0.0406738807,0.0804340654,0.3898362787,0.7300397096,2.6559091417,4.6286211738,8.22137e-06
XIHSEN_clean,0.0084639779,0.0430776301,0.0839701876,0.4121616521,0.755658796,2.7568598353,4.6874384464,8.54755e-06
XILDUT_clean,0.0047341207,0.0244647696,0.0485553054,0.2331403125,0.4372558831,1.6652828294,3.1878491505,4.82587e-06
XILLEL_clean,0.0105366295,0.0524670362,0.105587209,0.5204249744,0.9757692127,3.8490898314,6.9022006958,1.0546e-05
XILLIP_clean,0.0102635482,0.0525664942,0.1044475579,0.4971406138,0.9640587903,3.9529606365,8.240920945,1.04667e-05
XILSUI_clean,0.006893213,0.0339762604,0.0683232444,0.3405175321,0.6532981951,2.8944506996,6.4507531998,6.84052e-06
XILTAP_clean,0.0075372985,0.0377119564,0.0758553004,0.3692826912,0.7013072817,3.0179436139,6.2577522233,7.54455e-06
XILVIZ_clean,0.0071638288,0.035383762,0.0701464059,0.3470232952,0.6718501051,2.9338984416,6.3976525923,7.05948e-06
XINHOT_clean,0.0068890652,0.0339485184,0.0669613824,0.2940907705,0.5277697385,1.3867114137,2.0300303165,6.89605e-06
XINRAP_clean,0.0025738171,0.013593263,0.0270540089,0.1344768089,0.2646533461,1.2186697169,3.2300844216,2.70973e-06
XINWUO_clean,0.0020842196,0.0104210982,0.0207401826,0.104463662,0.209856434,0.9557528138,2.5575650618,2.09348e-06
XINZEB_clean,0.0095824741,0.0477320983,0.0946028956,0.4449854743,0.8084745166,2.5547228537,3.9311058505,9.6542e-06
XIPGUA_clean,0.0003621555,0.0018246128,0.0036720129,0.0181085901,0.0357524818,0.1776124637,0.4880879894,3.65663e-07
XISDIO_clean,0.0114390801,0.0564027333,0.1111804281,0.527574571,0.9968108262,3.5446230821,6.0459912831,1.13559e-05
XISDOU_clean,0.010819949,0.0549325953,0.1079422441,0.5184934328,0.9664674609,3.4746461848,6.024485905,1.09752e-05
XISDUA_clean,0.0108398832,0.0540705742,0.1090945771,0.5158593325,0.9674280795,3.4984949926,6.0346969639,1.09959e-05
XISLAM_clean,0.1812879839,0.6880637944,1.0892506716,2.0361550806,2.3626642887,2.9576800196,3.3235258556,0.000191022
XISPEW01_clean,0.0054819665,0.0287845152,0.0556020047,0.26948252,0.515807783,1.9694258001,4.1559955899,5.64384e-06
XISPEW02_clean,0.0050628559,0.0251047242,0.0511203155,0.2451573415,0.4679732945,1.867098553,4.1039336727,5.07223e-06
XISPEW_clean,0.0057706871,0.0297102839,0.0595919375,0.2909838245,0.5471647058,2.0660754958,4.3236714913,6.02181e-06
XISPUM01_clean,0.0039320734,0.0193598625,0.0394426369,0.1951748566,0.380138229,1.5874945523,3.703349775,3.94984e-06
XISPUM_clean,0.0068883154,0.033262479,0.0683653191,0.3244027715,0.6128644816,2.2264234813,4.4963972096,6.80593e-06
XISVUR_clean,0.0091784356,0.0459299492,0.0914483897,0.4374676579,0.8146303899,3.0402131551,5.480764543,9.10326e-06
XISXEE_clean,0.0050880766,0.0258079906,0.0519543749,0.2558742617,0.5013654388,2.2420767948,5.7061099702,5.15665e-06
XITYOP_clean,0.0095740849,0.0459807588,0.0933845583,0.438478526,0.7995055845,3.1068451473,6.5651201025,9.55649e-06
XIVMEW01_clean,0.0106170303,0.0541052815,0.1047811904,0.4621638885,0.8001925034,2.3508849997,3.9613160313,1.09733e-05
XIVVEF_clean,0.0227806758,0.1122152328,0.2259533099,1.030058476,1.9408143977,5.8683248173,8.8403362082,2.26076e-05
XIWLAQ_clean,0.003248497,0.0163627683,0.0329627149,0.1597311804,0.3007218791,1.1157286905,1.9407359597,3.31865e-06
XIWYEH_clean,0.0157537436,0.0763068963,0.1402263376,0.4891930422,0.7149598484,1.1923164728,1.4443206571,1.59295e-05
XIYYEL_clean,0.0021288397,0.010762907,0.0220046051,0.1099953267,0.2204536166,1.1165882892,3.3193319568,2.21347e-06
XIZJEW_clean,0.0100950221,0.0494194428,0.0968513038,0.403264978,0.6622328018,1.5396173083,2.1768197069,1.01174e-05
XOBDUO_clean,0.00101855,0.0049624235,0.0099138195,0.0493435326,0.0968985877,0.389041975,0.8526676719,1.00509e-06
XOCQUD_clean,0.0010327001,0.0051667377,0.0103444822,0.0502617395,0.0971560351,0.3633822311,0.7191762208,1.05947e-06
XOCWET_clean,0.0027763114,0.0139506458,0.0281308793,0.1358245502,0.2677418567,1.0572963254,2.1728059056,2.81781e-06
XOCWIX_clean,0.0026885507,0.0140072975,0.0275842205,0.1324191201,0.2563009308,0.9968712495,2.0216280849,2.74147e-06
XOCWOD_clean,0.0026074732,0.0135098609,0.0271401617,0.1309295341,0.2532182749,0.9807568127,1.9727989504,2.72651e-06
XOCWUJ_clean,0.0026827702,0.0133203497,0.0265307582,0.129579548,0.2517745424,0.9720618689,1.960649849,2.70113e-06
XODNUB_clean,0.0019102436,0.0095251911,0.0189099586,0.0903667472,0.1686582855,0.5730748856,0.978501082,1.91664e-06
XODPUD_clean,0.0051959787,0.0258919324,0.051744073,0.253310767,0.4988390847,2.2463089146,6.0358737596,5.15646e-06
XOFGAC_clean,0.0055421,0.0277074195,0.0552823708,0.2733219559,0.5212747101,2.190577419,4.8555096178,5.539e-06
XOFGEG_clean,0.0055950827,0.0271380542,0.0556661249,0.2653561225,0.5092408297,2.1691716974,4.8334633015,5.48088e-06
XOFPEP01_clean,0.002696688,0.0133738267,0.0268532068,0.1277491228,0.2457507894,0.9075689696,1.7511085999,2.71524e-06
XOFPEP_clean,0.0026487492,0.0126527615,0.0254377571,0.122424292,0.230954857,0.860048045,1.6942951979,2.535e-06
XOGXAU_clean,0.0070329752,0.0345428922,0.0694324315,0.3274042611,0.6039999559,2.076911573,3.3847755735,7.02665e-06
XOHLEM_clean,0.0089090524,0.0452639284,0.0897268853,0.4270302752,0.7942647089,2.7101546287,4.5212758585,9.07424e-06
XOHTUJ_clean,0.0033233432,0.0153323963,0.0315982416,0.1576557843,0.3106443235,1.3921365668,3.3479527511,3.18398e-06
XOJWEZ_clean,0.0057083913,0.0277740393,0.0558290239,0.2553584217,0.4820583467,1.5191875081,2.3035824845,5.57667e-06
XOJWOJ_clean,0.0073570252,0.036328266,0.071012229,0.3485075635,0.6560296435,2.4577013239,4.6120750174,7.32828e-06
XOKHIP_clean,0.00379569,0.0185128454,0.0372028229,0.1708313545,0.2961675687,0.759849059,1.0635940902,3.74445e-06
XOMCIN_clean,0.0118003272,0.0591331582,0.1147260027,0.5351997131,1.024680435,3.6943055735,6.4285090969,1.16921e-05
XOMCOT_clean,0.0274579987,0.1341767905,0.2563523627,1.0209454612,1.6728065035,3.4788213343,4.4758682656,2.72935e-05
XOMCUZ_clean,0.0033397362,0.0163997859,0.0324031208,0.1480754744,0.2634240252,0.7053609961,0.9956772661,3.3555e-06
XOMDOU_clean,0.0143017674,0.0679824923,0.1340035711,0.5518859237,0.9523737007,2.3433740482,3.3595307413,1.4123e-05
XOMGIQ_clean,0.0052345894,0.0266896537,0.0536768051,0.2552892337,0.4851433929,1.9435064682,3.722864667,5.35399e-06
XOMHEO_clean,0.0192449334,0.0957591406,0.1871587418,0.823130622,1.476981383,4.2972541549,6.7687618761,1.92705e-05
XOMHIS_clean,0.0095390647,0.0475318316,0.094794455,0.4576587536,0.8882885183,3.9754494487,8.6120962138,9.53483e-06
XOMJOY_clean,0.0126186951,0.0634794589,0.1226070586,0.5308504744,0.9204776036,2.5213446408,3.941931881,1.28778e-05
XOMJUE_clean,0.0134823645,0.0652284434,0.129704251,0.5360216094,0.9504626068,2.5157395076,3.8518582007,1.35532e-05
XOMNEU_clean,0.0246434571,0.1209181915,0.2361478607,0.9264763782,1.4759693896,2.9721936755,3.8765080937,2.49122e-05
XONGUD_clean,0.0003757398,0.0018101737,0.0037367027,0.0180598864,0.0358396925,0.1713074665,0.4832354475,3.6243e-07
XONLES01_clean,0.0045737382,0.0226670018,0.0454102325,0.2258251467,0.4500145469,2.1919576734,6.2369351991,4.56745e-06
XONLES_clean,0.0047357247,0.0231736068,0.0460851765,0.231013481,0.4603800986,2.2230559169,6.3596733691,4.66752e-06
XOPJAO_clean,0.0250728961,0.1204894536,0.2319111091,0.8558184193,1.3438312529,2.7700324741,3.8455837386,2.49673e-05
XOPLOE_clean,0.0054729078,0.0277261419,0.0544138973,0.2663107172,0.5151765408,2.1371656173,4.663645555,5.51368e-06
XOPMIA_clean,0.0095698574,0.0470233066,0.0944281119,0.4424034601,0.8280553981,2.9103919527,4.9287195134,9.47935e-06
XOQXIL_clean,0.00561819,0.0280295638,0.0573989525,0.2749790423,0.5358258678,2.0071137402,3.9212137403,5.69138e-06
XORHET_clean,0.0051482114,0.0243765576,0.0491479123,0.2358004731,0.4597440664,1.7617919983,3.3499770293,4.92982e-06
XOSPOK_clean,0.0068688386,0.034320706,0.0672642281,0.3267086096,0.5972622753,2.0595370148,3.4329043859,6.90244e-06
XOTGUI_clean,0.003130861,0.0154872121,0.0308683141,0.1507155283,0.2982648255,1.3113063256,3.0296989864,3.09561e-06
XOTHAP_clean,0.002538514,0.0131056274,0.0273853785,0.1311896233,0.262405266,1.1381942249,2.6771630568,2.68559e-06
XOTSEG_clean,0.0053224239,0.0262395991,0.0527791924,0.2543521919,0.4965760484,2.0793913925,4.6536940306,5.2363e-06
XOTSIK_clean,0.004979698,0.0242455576,0.0483619797,0.2369419245,0.4649618901,1.9610970671,4.4158110522,4.82778e-06
XOTXAG_clean,0.006018773,0.0292214368,0.0585960387,0.283175181,0.5222706921,1.8702516034,3.2780318178,5.94807e-06
XOTXUB_clean,0.0019028729,0.0093794886,0.0188241673,0.0973780872,0.1834917962,0.7444650188,1.4567194461,1.90914e-06
XOTZIR_clean,0.0091479473,0.0456563165,0.0902705267,0.3830022723,0.6569594219,1.7465238324,2.6341044422,9.34582e-06
XOVPIH_clean,0.0034132247,0.0168044671,0.0336615579,0.1625674325,0.3154623563,1.154735565,2.2154576207,3.43881e-06
XOVPON_clean,0.0041026912,0.0213846687,0.0416583949,0.2031718937,0.3877189339,1.4869809493,2.9557619317,4.19253e-06
XOVPUU_clean,0.0041429337,0.0191171165,0.039212638,0.1943433373,0.3927149514,1.938717155,5.5371913827,3.92253e-06
XOVQAB_clean,0.0043679655,0.0221303078,0.0443816492,0.2249179463,0.4382139845,2.0380674078,5.6133950786,4.49138e-06
XOVQEF_SL,0.0040498074,0.020295946,0.0398413485,0.2062274508,0.408780366,1.9800587274,5.7333545511,4.10318e-06
XOVQIJ_clean,0.0061061097,0.0312024901,0.0614826454,0.3009711465,0.5741961812,2.3098099299,4.6869899169,6.26132e-06
XOVVOU_clean,0.0072549667,0.034740093,0.0697718053,0.3330554995,0.6402223018,2.4570727092,4.9048079902,7.00701e-06
XOXMED_clean,0.0044358768,0.021056458,0.0427142557,0.21141156,0.4135765261,1.8724376747,4.9833255793,4.25638e-06
XUBGUY_clean,0.0046052719,0.022265585,0.045306717,0.2243029643,0.4416518573,1.9404185907,4.8651503529,4.52446e-06
XUCSOF_clean,0.0127853774,0.0635800982,0.1243427024,0.5275034706,0.8859180353,2.1690255312,3.0846247481,1.30138e-05
XUDNAN_clean,0.0054096662,0.0274810564,0.0552917513,0.265380508,0.5069886915,2.1931659485,4.8867649792,5.47919e-06
XUDNUH_clean,0.0044506439,0.0223739818,0.0439410512,0.2202497846,0.435639431,2.0946592058,5.828721979,4.42883e-06
XUDPET_clean,0.0069757797,0.0346733192,0.0698708251,0.338410088,0.661938185,3.0356984811,7.3454297193,7.04357e-06
XUDPIX_clean,0.004685225,0.0236924634,0.0478515053,0.2380599752,0.4659116033,2.2180399417,6.0890155934,4.75552e-06
XUDPOD_clean,0.0046707706,0.0230319969,0.0455494092,0.2282105576,0.4451050723,2.180076171,6.061660024,4.60356e-06
XUDVAV_clean,0.016661512,0.0826231588,0.1627017022,0.700578698,1.204146274,3.0474645322,4.3311032304,1.67469e-05
XUDYEC_clean,0.0062735352,0.0310772143,0.0618815705,0.3055306273,0.5829260664,2.3675102864,4.8614374785,6.23207e-06
XUDYOM_clean,0.0148557946,0.0740231952,0.146443687,0.6329455562,1.1470654241,3.0716107987,4.4939975884,1.49193e-05
XUFPIZ_clean,0.0025917803,0.0124422392,0.0255583037,0.1189640316,0.2210344366,0.6234869038,0.9389538047,2.60617e-06
XUFWAX_clean,0.016875764,0.0813029118,0.1586179321,0.6376107425,1.1088700152,3.6908822671,7.320739003,1.6822e-05
XUFWEB_clean,0.0166274114,0.0816856192,0.1590372816,0.6569252478,1.1202148442,3.8128213673,7.5089170037,1.70953e-05
XUFWIF_clean,0.0152446461,0.0737324031,0.1473171374,0.6055837954,1.008229211,3.4643653778,7.3453591165,1.54636e-05
XUFWOL_clean,0.0238828784,0.1158287916,0.229161569,0.9579009207,1.6943518651,5.0931065415,8.1708294257,2.40184e-05
XUFWOM_clean,0.0043009207,0.0207865559,0.0431491341,0.2128569099,0.4220775534,1.9594652198,5.1487139018,4.27546e-06
XUFYAA_clean,0.0073546662,0.0365330839,0.0725615625,0.3491231904,0.6852050015,3.0370801874,7.044951346,7.30215e-06
XUFYEE_clean,0.008847632,0.0435699661,0.0877212611,0.4110432997,0.8078911875,3.4172900367,7.3325776959,8.71877e-06
XUGROI_clean,0.0070040954,0.0359787071,0.0720842612,0.3564355583,0.6875995212,3.0816506878,6.931760527,7.21593e-06
XUGSEY_clean,0.0063767328,0.0313929388,0.0636594765,0.3130611817,0.6105081309,2.7104403978,6.6491096411,6.34064e-06
XUGWUS_clean,0.003835271,0.0191171149,0.0372494509,0.1778414389,0.3281578565,1.0925267364,1.8682508899,3.8368e-06
XUJPEY_clean,0.0109672427,0.0543806409,0.1064713589,0.4821995808,0.8727499943,2.6236123414,4.1724603557,1.09575e-05
XUJPIC_clean,0.0104259152,0.0518133547,0.1037406026,0.4742230388,0.8589273827,2.6773605401,4.2950308498,1.05712e-05
XUJPOI_clean,0.0102409188,0.0512023884,0.1003954129,0.4779595401,0.8769561481,2.8911836457,4.6135747334,1.02101e-05
XUJQAV_clean,0.0101306354,0.050719347,0.0991778839,0.4721674546,0.8699288883,2.8685976003,4.6226223855,1.01241e-05
XUJSAY_clean,0.0288586011,0.1224489107,0.2064939017,0.4882904195,0.6381282364,1.173516395,1.7043509865,3.0672e-05
XUKHUI_clean,0.0146239431,0.069726256,0.1392974629,0.6258378121,1.1019423041,3.2614282685,5.0956248806,1.44177e-05
XUKLAS_clean,0.0071335502,0.0354774611,0.0701984039,0.3308700242,0.6082407424,1.8777040375,2.9456178524,7.1421e-06
XUKNIC_clean,0.0061298435,0.0297038865,0.06015688,0.2966464164,0.5663829802,2.5215352655,5.4800122451,6.04736e-06
XUKYEI_neutral,0.0034664663,0.0179032099,0.0354003312,0.180326874,0.3608715056,1.7905446307,5.2736959186,3.62089e-06
XUMMOJ_clean,0.0022801282,0.012001518,0.0242866501,0.1180106545,0.2364427242,1.1002732165,2.7889476944,2.38842e-06
XUMMUP_clean,0.0019384546,0.0096568738,0.0198178308,0.0975415052,0.1978568837,0.9347046742,2.5063325663,1.97329e-06
XUMNAW_clean,0.0103628757,0.050013065,0.0983185018,0.4450458014,0.7954736717,2.657588962,5.2080359669,1.03541e-05
XUMNEA_clean,0.0133281156,0.0661267957,0.1273622712,0.5129095591,0.8528700073,1.9331283199,2.7035202231,1.35467e-05
XUMNIE_clean,0.0098104017,0.048242419,0.0956880541,0.4588308499,0.8598294175,3.4110161908,6.7595559875,9.69316e-06
XUMTUV_clean,0.0071098636,0.0359381841,0.0707532999,0.3382205651,0.6249947374,2.3068068573,4.2595149379,7.21667e-06
XUMVAD_clean,0.0070630309,0.0355922505,0.070703229,0.3373060295,0.6263011026,2.2947660498,4.2649301921,7.11975e-06
XUMVEH_clean,0.0065121409,0.0321815626,0.0642251175,0.3107825971,0.5819281857,2.2322463346,4.3298593885,6.48319e-06
XUNGOD_clean,0.0199781054,0.1010314153,0.1918881144,0.8333975088,1.4393868831,3.2432499649,4.3787048744,2.03763e-05
XUNGUJ_clean,0.0173016814,0.0835377919,0.1663616316,0.7275872777,1.2538185016,3.188354573,4.4283084094,1.71207e-05
XUNHAQ_clean,0.0162415162,0.0816273419,0.1577224509,0.7031281355,1.2309792058,3.3217882974,4.8387484218,1.64118e-05
XUNSAC_clean,0.0160450896,0.0805375781,0.1566003978,0.7046277939,1.2119679855,3.0062572908,4.1403381113,1.63527e-05
XUNSEG_clean,0.0147938794,0.0719943684,0.1440936769,0.6400707269,1.1220772745,2.9151691851,4.0826774999,1.47316e-05
XUNSIK_clean,0.0170989764,0.0838660664,0.1651561645,0.7391773413,1.2577344757,3.1944769824,4.4715635099,1.72377e-05
XUNSOQ_clean,0.0172283578,0.0850318446,0.1706025168,0.7396670623,1.2645739766,3.0200360755,4.0495964428,1.75223e-05
XUNTIL_clean,0.0116537453,0.0550747769,0.1097674639,0.4996876283,0.9104747506,2.5241162045,3.6813861215,1.12197e-05
XUPSAE_clean,0.0186079976,0.0919384466,0.1843698203,0.8866802629,1.6598112504,5.7194003023,8.433957318,1.85453e-05
XUTQEI_clean,0.0045803689,0.0232166465,0.0462811386,0.2333364787,0.464757912,2.1634923886,5.983635475,4.66626e-06
XUVHEB_clean,0.0103414832,0.0517248897,0.1021640107,0.4654497444,0.8290267055,2.6185532479,4.333605676,1.03983e-05
XUVQOW_clean,0.0071479697,0.0345813393,0.0691287657,0.3325753183,0.6341334365,2.5620472064,4.9708331463,6.93895e-06
XUWFUR_clean,0.0042425345,0.0213702798,0.042386747,0.2086239794,0.4015097319,1.5528576804,3.318665503,4.31126e-06
XUWKEH_clean,0.0014683936,0.0068922604,0.0141931682,0.0696460466,0.1347070291,0.5944862963,1.3608841409,1.40703e-06
XUWSUD_clean,0.0226828457,0.1119419184,0.2162485737,0.8271148694,1.321673086,2.4443966896,2.8717010192,2.29425e-05
XUWTAK_clean,0.0244752231,0.1183322296,0.2323457566,0.8750057822,1.3584013722,2.4635919043,2.8849242176,2.45766e-05
XUWVUG_clean_h,0.0004495934,0.0022291499,0.0045026544,0.0212444641,0.0410285897,0.1578247555,0.2922693102,4.49208e-07
XUYXAR_clean,0.0050502155,0.0241707085,0.0500040132,0.2323328455,0.4334228972,1.4196137944,2.2997259596,5.07651e-06
YABHER_clean,0.0066788284,0.0347521072,0.069617575,0.3376279986,0.6497356934,2.6799153016,6.0617901054,6.94441e-06
YABHIV_clean,0.0054055489,0.0265189631,0.0520847156,0.2579239137,0.5078581526,2.1518910839,5.2651815553,5.29357e-06
YABPAU_clean,0.0116283734,0.0562365424,0.1123855863,0.5267249595,0.9516712949,3.0933830402,5.0535460911,1.14283e-05
YAFJEX_clean,0.0164553705,0.0817539633,0.1616130115,0.717236507,1.2899611637,4.7623169583,9.716878408,1.66595e-05
YAGHAS_clean,0.0070512973,0.0361677866,0.0702107101,0.3351229421,0.6093575035,1.9155645382,2.9935576666,7.20857e-06
YAGHUM_clean,0.0050005825,0.024733512,0.0492951209,0.2441946823,0.4838352169,2.1192899487,5.3965033789,4.97403e-06
YAGJOI_clean,0.0098760097,0.0485401649,0.0962542146,0.4348060307,0.7924253709,2.5129832258,4.3078934095,9.80513e-06
YAHPED_clean,0.008227395,0.0415334465,0.0835470912,0.4048021192,0.777160081,3.0602388124,5.7594818902,8.34419e-06
YAHWAI_clean,0.0031931554,0.0155976519,0.030930714,0.1538104979,0.2953594764,1.2103028467,2.6014257171,3.15929e-06
YAJXIT_clean,0.0053786424,0.0266655815,0.0517317847,0.2458589275,0.43470683,1.4458558187,2.5844640205,5.29958e-06
YAJXUF_clean,0.0063476784,0.0307139969,0.0605602827,0.2701754772,0.4685044777,1.3944573066,2.3182780455,6.22942e-06
YAMYUJ_clean,0.0135471086,0.0660918156,0.1312406162,0.5501761094,0.9842980728,3.3249321799,6.6728165147,1.35776e-05
YANBAR01_clean,0.0032849424,0.0163004001,0.0328292233,0.1539649707,0.2963549481,0.9977880469,1.6882226488,3.23617e-06
YANBAR02_clean,0.0030689504,0.0152049013,0.0305216834,0.1484765996,0.2767214348,0.976409505,1.6989911686,3.06996e-06
YANBAR03_clean,0.0033004814,0.0162211513,0.0323102211,0.1549905441,0.3005287207,1.0175412105,1.6953923386,3.30251e-06
YANBAR_clean,0.0032631878,0.0165428083,0.0334150433,0.1591969485,0.2942245527,1.024191898,1.7224426117,3.29594e-06
YAPLIM_clean,0.0052873648,0.0265030711,0.0523022644,0.2562094655,0.4798480189,1.9923117502,4.4105358443,5.17483e-06
YAPLOS_clean,0.0028211325,0.0136606755,0.0269541285,0.1340491584,0.2680961566,1.2129746647,3.2651800963,2.69539e-06
YAPLUY_clean,0.0037250085,0.0185165874,0.0373564538,0.1821374798,0.3585080792,1.5526694564,3.6665669163,3.71464e-06
YAPMAF_clean,0.0045613603,0.0237299213,0.0460283689,0.2284721464,0.4218051214,1.8255512615,4.0421798795,4.68802e-06
YAPTIT_clean,0.0089229271,0.0439677604,0.0870565606,0.425645515,0.8134694069,3.4827611601,7.1272213634,8.73788e-06
YAPXIX_clean,0.0182000204,0.0863066413,0.1613700091,0.5184273878,0.7431396863,1.2452508393,1.5648051109,1.87906e-05
YAQCEY_clean,0.0047392451,0.0239331361,0.0475538401,0.2331272023,0.4426999115,1.834921705,3.7435318955,4.78651e-06
YAQKEI_clean,0.0059969693,0.0298759066,0.0588707771,0.2721524071,0.4796359091,1.3299945159,1.9052667486,6.00704e-06
YARBAW_clean,0.0030706126,0.0156146029,0.0308236531,0.1457539501,0.2812018982,1.0091158502,1.8901879841,3.09692e-06
YARBIE_clean,0.027056032,0.1277234621,0.2407894819,0.8098487793,1.1940387864,2.1390872017,2.6697888848,2.76453e-05
YARBUQ_clean,0.0244932013,0.1136833322,0.2106505989,0.7223352962,1.0858115537,2.08954704,2.7698084035,2.45299e-05
YARDEC_clean,0.0123921975,0.0630891704,0.1237616544,0.5741005645,1.0612894879,3.2913625137,5.2239634211,1.25653e-05
YARDIG_clean,0.0116348689,0.0567493388,0.1143576949,0.5319485321,0.9577702813,3.1557348917,5.0961006557,1.1562e-05
YARGAB_clean,0.0043888047,0.0221782864,0.0446633952,0.2178708777,0.43437142,1.9556965501,4.6714710441,4.42609e-06
YARGOP_clean,0.0072074842,0.036037421,0.0713272481,0.3519263994,0.6881941062,2.8402347088,5.9963312108,7.2116e-06
YARKEJ_clean,0.0121629296,0.0616739973,0.1225139526,0.5504699423,0.9854800791,2.6939788728,3.7241220128,1.22936e-05
YARKOT_clean,0.010642669,0.0539714669,0.1075579101,0.5168517562,0.9740537974,3.7545298671,6.7157302796,1.08557e-05
YARSAN_clean,0.0181490463,0.0889942295,0.1697443079,0.6813925315,1.087966189,2.3687520051,3.1343857882,1.82314e-05
YARYEV_clean,0.0011235931,0.005837518,0.0114662458,0.0582008295,0.1160400429,0.5497598828,1.488825392,1.16129e-06
YARYIZ_clean,0.0011231147,0.0059714499,0.0113899524,0.0564982201,0.1133867561,0.5401110452,1.4730520395,1.14359e-06
YARYOF_clean,0.0013315691,0.0069550887,0.0135687494,0.0678899403,0.1347033782,0.630079219,1.6631659611,1.35841e-06
YARYUL_clean,0.0012708356,0.0063042946,0.0127677407,0.0631830946,0.1267581292,0.6184693573,1.7085303587,1.26717e-06
YARZEZ01_clean,0.0036245293,0.0177575272,0.0358247906,0.1797413744,0.3597986386,1.6073669728,4.0477603252,3.61041e-06
YARZEZ02_clean,0.0021423352,0.0102471752,0.0209250695,0.103938449,0.2073617241,1.0064077293,2.8774405696,2.08011e-06
YARZEZ03_clean,0.0022944178,0.0110796227,0.0225542274,0.1155460743,0.2266114929,1.0660388294,3.0258011845,2.28562e-06
YARZEZ_clean,0.0025336992,0.0128026723,0.0251379632,0.1251240386,0.2458291986,1.1280149448,3.0278510098,2.51239e-06
YASLOW_clean,0.0037345847,0.0189462432,0.0380220777,0.1858945491,0.3634169133,1.6921055706,4.2104326338,3.80134e-06
YASLUA_clean,0.0033996904,0.0172242439,0.0343219803,0.1702951836,0.3268298682,1.2553633001,2.4062169469,3.48331e-06
YASVOG_clean,0.1216168478,0.499794181,0.8043925063,2.421439116,3.827975613,9.0513762628,13.1358000125,0.000131664
YASVUM_clean,0.0103017604,0.0524845898,0.1057434113,0.5216050028,0.9992835552,4.2124666074,8.7868129419,1.04504e-05
YATDUV_clean,0.0040960849,0.0201045178,0.0403501805,0.2014671724,0.3997830671,1.882454886,4.929007295,4.03074e-06
YATTUK_clean,0.0045190597,0.0218781683,0.0445531482,0.221443413,0.4301435329,1.8930838303,4.2300334266,4.47099e-06
YATVUN_clean,0.0170202846,0.0852881128,0.1671663206,0.7780510322,1.4857311615,5.24395372,9.5916073791,1.7181e-05
YATWAU_clean,0.0180499379,0.0868959832,0.1729178201,0.8062429352,1.550393364,5.3900867684,9.5666695962,1.7793e-05
YAVSOG_clean,0.0051107484,0.0252932254,0.0506069008,0.2352171265,0.4219185978,1.3287732416,2.1876101459,5.18924e-06
YAVTUN_clean,0.003029421,0.0152072307,0.0308214676,0.150062714,0.2981412729,1.3794503019,3.627900412,3.03431e-06
YAVVAV_clean,0.0034891615,0.017933264,0.0352507935,0.1780733772,0.3459379639,1.5220932612,3.7296079289,3.56474e-06
YAVVEZ_clean,0.0033287943,0.0162611277,0.0322540485,0.1593235793,0.3161705703,1.3982471787,3.4545509207,3.24967e-06
YAVVID_clean,0.0060707315,0.0301919199,0.0606482683,0.2826441553,0.5245560467,1.8763344134,3.2042697124,6.06585e-06
YAVVOJ_clean,0.0062207913,0.0312898301,0.0639583635,0.292396803,0.5552277946,1.9217734795,3.2145316777,6.38696e-06
YAVVUP_clean,0.0061286429,0.0305907604,0.060486084,0.2872357175,0.5351851761,1.8864062557,3.1735659277,6.14343e-06
YAVWAW_clean,0.0058962449,0.0289282937,0.058302635,0.2743765295,0.5210543419,1.8434113937,3.1613433162,5.87981e-06
YAVWUQ_clean,0.006455911,0.0324264572,0.0649540919,0.3131817297,0.5918589695,2.5486975456,5.9781551053,6.51847e-06
YAVZAX_clean,0.0051360309,0.0265850671,0.0532070067,0.2510678741,0.4689228506,1.6225986139,2.7140351463,5.35198e-06
YAVZUT_clean,0.0067030996,0.0343110939,0.066075461,0.3283575582,0.6108678834,2.3756182851,5.3012229208,6.90266e-06
YAWBAC_clean,0.0097903312,0.047393078,0.0932849993,0.4106791703,0.7317483044,2.5040710063,5.3916670614,9.59128e-06
YAWFOS_clean,0.0010951929,0.0054906899,0.0111249513,0.0552547836,0.1104819572,0.5049032624,1.3262905888,1.12091e-06
YAWKOX_clean,0.0032949611,0.0164872041,0.0326132954,0.1580108971,0.3193369032,1.3574294255,3.1390889649,3.27348e-06
YAXBOP_SL,0.0071177052,0.0359454663,0.0718223578,0.3444121805,0.6566135799,2.3995598829,4.3199898929,7.20142e-06
YAYLER_clean,0.0011950965,0.0058251589,0.0118236142,0.05761184,0.1105711441,0.4163210682,0.7972177391,1.18989e-06
YAYPOF_clean,0.0022911777,0.0112911178,0.0226177914,0.1077963538,0.2115410868,0.8008229642,1.5524185627,2.27548e-06
YAYRAT_clean,0.0100880283,0.0500646888,0.1003261389,0.4727589965,0.936895635,3.9313103411,7.8527565199,1.00086e-05
YAZWOM_clean,0.0017170464,0.0084461845,0.0172304204,0.0830012072,0.1675102516,0.6502949725,1.3508333254,1.7247e-06
YEBLAT_clean,0.0019978361,0.0102213371,0.0203820555,0.1010616165,0.1987711503,0.8547088526,1.9511507153,2.04898e-06
YEDKOI_clean,0.0045548279,0.0226783157,0.0448753827,0.2219216931,0.4292313108,1.6837403726,3.5779376447,4.5826e-06
YEDKUO_clean,0.0058262762,0.0274553072,0.0551345174,0.2691026329,0.5379173905,2.5152352763,6.2525779726,5.49283e-06
YEDLAV_clean,0.0150993242,0.0737121906,0.1462665644,0.6210307822,1.1086702328,3.1800368116,5.0779526273,1.50949e-05
YEFNEC_clean,0.0015624021,0.0084092724,0.0166122442,0.082911184,0.1643335416,0.7742041532,2.1882314506,1.66474e-06
YEFNIG_clean,0.0016965696,0.0084597655,0.0166338841,0.082902528,0.1659550928,0.7785710888,2.1990773778,1.66835e-06
YEFNOM_clean,0.0017355215,0.0084655361,0.0167262144,0.0828073124,0.1674251646,0.786401854,2.2007090277,1.67738e-06
YEFPAA_clean,0.0016388632,0.0083097287,0.0170782237,0.0828159683,0.1667774097,0.7848062706,2.1996443437,1.68332e-06
YEFPEE_clean,0.0021091707,0.0101173833,0.0202592918,0.1005044378,0.2008516255,0.9291041329,2.5153029504,2.03285e-06
YEFPII_clean,0.2050951259,0.9436921664,1.744747836,5.1194753782,6.9870512347,9.8488132574,10.3999902203,0.000210022
YEGCUJ_clean,0.0062876079,0.0307554049,0.0615652099,0.2775637559,0.5004939377,1.4586636071,2.4931672578,6.30125e-06
YEGHEZ_clean,0.0144033589,0.0725350382,0.1452730751,0.6641546155,1.1615612755,3.1758630117,4.4903850447,1.47976e-05
YEGHIC_clean,0.0007373317,0.0034372668,0.0067413183,0.0338460029,0.069048944,0.3390486555,0.9605789947,6.84945e-07
YEGKOM_clean,0.0069978397,0.0357789547,0.07298147,0.3558121576,0.7004617612,2.847506949,5.6683361337,7.30834e-06
YEHGID_clean,0.0097871358,0.0480124131,0.0929368855,0.4258501327,0.7733044898,2.5110463489,4.2026586855,9.46305e-06
YEKQOW_clean,0.009038654,0.0445591474,0.0894322393,0.4049520993,0.7489825373,2.4712195682,4.2888832511,9.01939e-06
YEKXET_clean,0.006261061,0.0315891613,0.0613879999,0.3070434042,0.5934991098,2.5192863059,5.4040275789,6.25085e-06
YEKXOD_clean,0.0051172917,0.0254050988,0.0500259383,0.2490292776,0.4849981875,2.0207959632,4.4669128849,5.07204e-06
YEKXUJ_clean,0.0045710126,0.0229063679,0.0459226747,0.2288780047,0.442337698,1.9323607736,4.5696102948,4.59517e-06
YELYOE_clean,0.0144415199,0.0705271462,0.1367819761,0.554773102,0.910059239,1.9643021655,2.540962406,1.46266e-05
YEMFOM_clean,0.0105050611,0.0531602319,0.1048725442,0.4724723416,0.8841284641,2.6275657129,3.9024319089,1.05565e-05
YEMJAC_clean,0.0055181092,0.0268145913,0.0544107738,0.2603901231,0.5109896889,1.9310432481,3.6361765706,5.44305e-06
YEMMAF_clean,0.0013296627,0.0064825683,0.0127979114,0.0641175658,0.1278363068,0.6198137419,1.7986985023,1.29179e-06
YENLUA_ion_b,0.0018472368,0.0095718087,0.0191956522,0.0942741198,0.1864824565,0.8694423221,2.2480637573,1.92325e-06
YEQRER_clean,0.0009196494,0.004596319,0.009063463,0.0452132036,0.0910664987,0.4512393787,1.2910894335,9.12447e-07
YEQRIV_clean,0.0011856624,0.0060251006,0.0118203278,0.0620022774,0.123968259,0.6146842685,1.7492693837,1.23627e-06
YEVQOG_clean,0.0023342789,0.0120117698,0.0237224879,0.1151358402,0.2196594466,0.8465348439,1.6326408095,2.39269e-06
YEVQUM_manual,0.0025708656,0.0126129707,0.0257473346,0.1240663103,0.2259628376,0.8690283704,1.7883069771,2.57515e-06
YEYCUC_SL,0.0058363436,0.0282894287,0.0572995526,0.2744046704,0.5389062176,2.2439636469,5.4593406759,5.66327e-06
YEYDAJ_clean,0.0200137244,0.098170007,0.1862081764,0.7639526673,1.2512680467,3.2113102635,5.976148092,2.01208e-05
YEYFEP_clean,0.0034054343,0.0171635768,0.0338991226,0.1681992902,0.3351869231,1.5642815264,3.8852176212,3.40558e-06
YEZFIU_clean,0.0031559153,0.0160689393,0.0320160417,0.1594930223,0.3119973421,1.3807527186,3.2066062577,3.21721e-06
YEZKEV_clean,0.0079275694,0.0399225389,0.0785809979,0.3404620982,0.5799571829,1.7718117698,3.1532929417,8.11816e-06
YIBMUT_clean,0.012738296,0.0610966907,0.1190680492,0.4952163969,0.8153865424,2.0669517715,3.2064342137,1.26929e-05
YICDAR_clean,0.0063707824,0.0323736365,0.0640171141,0.3141522962,0.6012407569,2.6400418651,5.627134281,6.45595e-06
YICREI_clean,0.008955369,0.0445703811,0.0885146382,0.4035010315,0.7309739987,2.1674349328,3.299798197,9.0152e-06
YIDSOT_clean,0.0089881927,0.0444623314,0.0879169303,0.4181324842,0.7492027385,2.3312386195,3.5770988355,8.99901e-06
YIJCEB_clean,0.1349228524,0.5825232259,0.9899465347,2.7049328739,3.6654371403,6.454275742,8.1528535693,0.000137362
YIKJOT_clean,0.0026320985,0.0130793737,0.0260498771,0.1279652449,0.2556978063,1.1652703697,2.9855319501,2.58816e-06
YIKJUZ_clean,0.0026641192,0.0131668968,0.026367949,0.126923506,0.255345579,1.149569571,3.002914901,2.60132e-06
YILJAG_clean,0.0053928796,0.0260952907,0.0521583294,0.2564868489,0.5020283759,2.1791579239,5.2034871963,5.17444e-06
YILJUA_clean,0.0069792255,0.0355660597,0.071072468,0.3428339954,0.6519511276,2.6087359917,4.9953450925,7.02384e-06
YILKAH_clean,0.0068943368,0.0348571246,0.0677365726,0.3356108106,0.6570245642,2.6332351686,5.2486070073,6.93234e-06
YINCEF_clean,0.0080568819,0.0401898552,0.077859736,0.3726945547,0.6989762804,2.3467515498,4.0877834675,8.02036e-06
YINCIJ_clean,0.0078875642,0.0390332177,0.0761225808,0.3671818356,0.6671687488,2.2613934604,3.9568151588,7.842e-06
YINCOP_clean,0.0084307001,0.0398292306,0.0794715521,0.3650026953,0.689573653,2.2920663438,3.9240906731,8.04304e-06
YINCUV_clean,0.0073410403,0.0354951566,0.0718236816,0.3218515885,0.5967492038,1.7320446733,2.5147309165,7.20684e-06
YINDOQ_clean,0.0155139035,0.0759615569,0.1447005569,0.5893542717,0.9734340313,2.0782591613,2.8240250395,1.55254e-05
YINPEQ_clean,0.0027921483,0.0141410416,0.0276284951,0.1353853854,0.2702223578,1.2964182369,3.7615095446,2.72675e-06
YINTEW_clean,0.0136876315,0.0676186381,0.1346102196,0.6094783203,1.0868277439,3.3964779427,5.786797007,1.37049e-05
YINXIE_clean,0.0044370686,0.0218100448,0.0427919002,0.213058469,0.400110522,1.4573648369,2.6206274029,4.41043e-06
YIRHOY_clean,0.0045457879,0.0226492432,0.0442142307,0.2048364744,0.3748053213,1.1055715293,1.69233388,4.52968e-06
YISFEL_clean,0.0012313476,0.0061368511,0.0119886526,0.0589190734,0.1157118762,0.4880992463,1.0632314037,1.21059e-06
YIVNIC_clean,0.0033052165,0.0159824513,0.0316773622,0.148694305,0.2769897186,0.8681981434,1.4278565026,3.23629e-06
YIVTII_clean,0.0179283905,0.0906025071,0.1795765891,0.7982406167,1.4629582341,4.3808366861,6.6433752063,1.823e-05
YIVZIO_clean,0.0031796351,0.0162560924,0.0324268673,0.159441635,0.3149898817,1.4107778583,3.3519658739,3.22092e-06
YIVZOU_clean,0.0060450943,0.0299162995,0.0596569605,0.2950487219,0.5621540707,2.439463218,4.995764575,6.01242e-06
YIWBEN_clean,0.0118054141,0.0543907941,0.1080453932,0.5295316874,0.9624027128,3.2167226322,5.3847265991,1.10324e-05
YIWBIR_clean,0.0155564601,0.0779750229,0.154980558,0.6923893892,1.2851565618,3.6966734583,5.4592963015,1.56846e-05
YIWLEV_clean,0.0014295312,0.007143629,0.0137959824,0.0698678322,0.1387430464,0.655220575,1.7496011771,1.39726e-06
YIWLIZ_clean,0.0014899339,0.0072845687,0.0148490033,0.0726685053,0.144940366,0.6834608625,1.8119307492,1.46598e-06
YIWMEW_clean,0.0014832225,0.0079181261,0.0153449768,0.0766067629,0.1532752709,0.702768258,1.854426751,1.54822e-06
YIWMOG_clean,0.001507048,0.0074063808,0.0146104125,0.0740990431,0.1453460709,0.6809460957,1.8200337748,1.48758e-06
YIWMUM_clean,0.0015765111,0.0077758442,0.0155959836,0.0764768971,0.1517648672,0.6979806709,1.8476639947,1.54637e-06
YIWNAT_clean,0.0014728198,0.0075594011,0.0152235002,0.0764990448,0.1512152024,0.6947521453,1.8492606401,1.53149e-06
YIWNEX_clean,0.0013495818,0.0066146761,0.0137517401,0.0681232087,0.1344233317,0.6069638719,1.5554246578,1.36295e-06
YIWNIB_clean,0.0014300345,0.0070656088,0.0138850765,0.0693362883,0.1383041199,0.6508287936,1.7922787226,1.39169e-06
YIWNUN_clean,0.0015342292,0.0076047031,0.0148636006,0.0744569293,0.1476922135,0.6939563394,1.8896554659,1.49809e-06
YIWPAV_clean,0.0014360748,0.0070429578,0.0143018553,0.0702755506,0.1397643558,0.6585105101,1.8072404776,1.41402e-06
YIWPEZ_SL_part,0.0013869321,0.0071332232,0.0142860019,0.0711893273,0.1409165093,0.6606219145,1.8101072948,1.42129e-06
YIWPID_clean,0.0014869138,0.0074959782,0.0150402786,0.0752175003,0.1480893614,0.6883615369,1.8626680317,1.49854e-06
YIXBIQ_clean,0.0030970599,0.01609925,0.0313185333,0.1571564092,0.3115619315,1.5179918266,4.1043028242,3.15759e-06
YIXFIW_clean,0.0086568859,0.0428718542,0.0839855453,0.3865442004,0.7142429698,2.2313777217,3.4370425563,8.63353e-06
YIXYUB_clean,0.003231448,0.0159555206,0.032000585,0.1580083619,0.3124428445,1.3112072664,2.5121753171,3.22359e-06
YIXZEM_clean,0.0026036576,0.0130113999,0.0262530552,0.1289391056,0.2564376388,1.1119231585,2.3295138801,2.6051e-06
YIYHAQ_clean,0.0065780523,0.0335025512,0.0665851691,0.3287414132,0.6063105648,2.4256676109,4.5531785006,6.74693e-06
YIZGEV_clean,0.0561286717,0.2704706244,0.5104317249,1.9485363813,3.1030715537,5.9169195329,7.2888182479,5.69419e-05
YIZGIZ_clean,0.0531483561,0.2578024122,0.4882149286,1.9221001779,3.0614187707,5.9458011558,7.299980954,5.35329e-05
YIZGOF_clean,0.055416137,0.2703826882,0.5002143793,1.966614453,3.1361060626,5.9796755098,7.3190243343,5.62508e-05
YIZJEY_clean,0.0044376438,0.022225445,0.0438056402,0.2095836666,0.390784095,1.3487102374,2.4556161949,4.47122e-06
YIZWIN_clean,0.0011215979,0.0055596249,0.011021753,0.0537898704,0.1085401234,0.4461733367,0.9866131007,1.1202e-06
YOBYAR_clean,0.0041762606,0.021280526,0.0419332772,0.2085251123,0.4167459839,1.9584183571,5.4750286169,4.18052e-06
YOBYEV_clean,0.0042118483,0.0205268447,0.0411246757,0.209574944,0.4137889505,1.9770427558,5.4780972547,4.16064e-06
YOCCIE_clean,0.0201294675,0.0990378501,0.1839600607,0.6886775493,1.1288342931,2.7028948527,3.843452304,2.03959e-05
YOCDUR_clean,0.0043405359,0.0214975226,0.0428411774,0.214487245,0.4244859479,2.0183052361,5.5591054647,4.29632e-06
YOCLEJ_clean,0.0075093383,0.0376784343,0.0731999036,0.3380209685,0.6130869718,2.185096039,5.0937750753,7.57508e-06
YOCLIN_clean,0.0076591634,0.0367200702,0.0732541506,0.3358510875,0.6131902995,2.1868138614,5.1037901096,7.53168e-06
YOCNAH_clean,0.0158876215,0.0772379204,0.1488839301,0.5630109175,0.8860726136,1.986163279,3.1176731116,1.60108e-05
YOCNIP_clean,0.0086401185,0.0425920682,0.0808280766,0.2837802803,0.4422846484,0.9874784507,1.6160737842,8.81207e-06
YOCSEQ_clean,0.0050665116,0.0246222543,0.0496063158,0.2269088116,0.4071759489,1.1800954707,1.8138801369,5.04931e-06
YODRAM_clean,0.009007408,0.0467654602,0.0916923043,0.4344206331,0.7799461341,2.7943192744,5.2073339987,9.32949e-06
YODWOF_clean,0.0044778039,0.0214837846,0.0426289698,0.2129928249,0.4224476319,2.0637217068,5.8659576997,4.28523e-06
YODWUL_clean,0.0041667917,0.021158981,0.0426364844,0.2133319324,0.4182067728,2.0190738271,5.5057748822,4.28289e-06
YOFGOR_clean,0.0126433735,0.062297444,0.1256480695,0.5476687098,0.9665129232,2.5618336916,3.7203100615,1.27199e-05
YOFXEY_clean,0.0071434105,0.0350433533,0.0708080043,0.3295872959,0.5872242276,1.8308660054,2.9916372643,7.08967e-06
YOFXIC_clean,0.0065850455,0.0334268408,0.0654843144,0.3050613423,0.5753630906,1.7844008842,2.9113956377,6.71959e-06
YOGKEM_clean,0.0223721553,0.1097972912,0.2176164066,0.9610080704,1.7462334867,5.1736374431,8.3557656583,2.23634e-05
YOGKIQ_clean,0.0273694953,0.1359250706,0.2651793974,1.073076643,1.8674835987,4.8215366667,7.1248058372,2.80717e-05
YOGKOW_clean,0.0046585375,0.0230952921,0.0468650193,0.2295130289,0.4418339926,1.8901610325,4.2843313036,4.68623e-06
YOGVEX_clean,0.0068363646,0.0326271486,0.0641520192,0.3179602818,0.5848306088,2.1762119031,3.7894566783,6.59113e-06
YOKKIU_clean,0.0104457119,0.0511137744,0.1022718377,0.4577771149,0.8654871871,2.557361976,3.5756655,1.03297e-05
YOLGUB_clean,0.001299092,0.0066286444,0.0135935245,0.0667798811,0.1344483849,0.6676306934,1.9242850032,1.35575e-06
YOMZIL_clean,0.002263782,0.0109278759,0.0225132262,0.1055466813,0.2028720576,0.7209081961,1.34438559,2.22912e-06
YONNAR_clean,0.0045480906,0.0227200528,0.0454173051,0.2242484689,0.4456312807,2.126328374,5.6668129296,4.55948e-06
YONNUL_clean,0.0131409835,0.0641809896,0.1256043953,0.5673535868,1.0214779378,3.3072293485,5.755701369,1.30714e-05
YOPPAW_clean,0.0018866594,0.0096346063,0.0196386886,0.0924070327,0.18725187,0.7246036568,1.3828649045,1.96966e-06
YOQLAT_clean,0.0035514062,0.0171986094,0.0338993492,0.1604803073,0.3010054605,0.9847400522,1.6547207542,3.47854e-06
YORCIT_clean,0.0017583978,0.0094154211,0.0184112246,0.091232873,0.1815385907,0.8688243689,2.2409541501,1.84614e-06
YORGOD_clean,0.0068924489,0.033360411,0.067328627,0.3252744865,0.6285272693,2.5937225512,5.5739821422,6.67992e-06
YORLEY_clean,0.0020603374,0.010372897,0.0197179989,0.0963959409,0.1846573468,0.639993502,1.3672728354,2.04992e-06
YORNIE_clean,0.0041405697,0.0203590631,0.0406015117,0.1992032019,0.3928770621,1.7471114145,4.117793534,4.04846e-06
YORRII_clean,0.0122788671,0.0615495325,0.1222584158,0.5627187215,1.0751439877,3.665608819,6.1060436337,1.22145e-05
YORSOP_clean,0.0114240668,0.0582374393,0.1141311768,0.5468460039,1.0465679173,3.7972985447,6.2865821313,1.15234e-05
YOSWUA_clean,0.0263799165,0.1198891429,0.2167233117,0.6440019101,0.8608333945,1.2536147587,1.3940228285,2.69241e-05
YOTXOW_clean,0.0042581368,0.0205222171,0.0403791485,0.1929590455,0.3630458135,1.1590863843,2.0068914219,4.12536e-06
YOYBUL_clean,0.0106786809,0.0525658967,0.1036774545,0.508581195,0.9277870623,3.5293874505,6.8289487644,1.05655e-05
YOYCEV_clean,0.0093384415,0.0475551918,0.0936456853,0.4363276927,0.8348730963,2.8520615658,4.7635374131,9.51352e-06
YOYNUX_clean,0.0120811963,0.0616091468,0.1186179553,0.5188951656,0.8734980934,2.2128140639,3.1594380743,1.24248e-05
YOYPAF_clean,0.0132861311,0.0644808196,0.1261748958,0.5441952572,0.9177197306,2.225100506,3.1774590151,1.30965e-05
YOYPEJ_clean,0.0119237232,0.0600131833,0.1193504707,0.509445009,0.8533574582,2.1959396689,3.2216894991,1.19906e-05
YOYPIN_clean,0.0111318225,0.0535579678,0.1064394307,0.4690009798,0.8390332658,2.1140408053,3.1579462974,1.11818e-05
YOYPOT_clean,0.0123309607,0.0604892694,0.1174447954,0.5066288037,0.8763595366,2.1652738953,3.1853213131,1.22382e-05
YOYPUZ_clean,0.0119913817,0.0584818626,0.1132708041,0.5055092543,0.8554736624,2.157357461,3.1769096595,1.19642e-05
YOYQAG_clean,0.0123592589,0.0596845381,0.1148095212,0.5050564824,0.8557973236,2.1621451705,3.1774402516,1.19282e-05
YOYQEK_clean,0.013455816,0.066461968,0.1301277155,0.5437331101,0.9189377849,2.2475510455,3.1894599316,1.34163e-05
YOYQIO_clean,0.0124552433,0.0624151126,0.1175622181,0.5199015677,0.8817820774,2.157916977,3.1561607878,1.25666e-05
YOYQOU_clean,0.013285949,0.0678881543,0.1291480251,0.5419820457,0.921661293,2.2602994508,3.3316653961,1.35717e-05
YOYQUA_clean,0.0124338747,0.0626742073,0.1202840481,0.5225405942,0.9091366017,2.233700842,3.3229456574,1.2431e-05
YOYRAH_clean,0.0095918462,0.0489368459,0.0962630309,0.4359068045,0.7631086903,2.0240157661,3.1700049924,9.97676e-06
YOYREL_clean,0.0105641191,0.0511565129,0.102019207,0.4580740926,0.7853454264,2.0652892852,3.1731942612,1.05527e-05
YOYRIP_clean,0.012244228,0.0600966157,0.1194506713,0.5225058701,0.8989384205,2.2100484339,3.2601565936,1.23383e-05
YOYTOX_clean,0.0052293127,0.0259673632,0.0512345774,0.2441744096,0.4660320633,1.749438603,3.1656221093,5.18415e-06
YOYTUD_clean,0.0059754511,0.0297813123,0.0612095211,0.2872149435,0.5360208035,1.8969147354,3.2364196287,6.08825e-06
YOYVAL_clean,0.0053109835,0.0267586982,0.0529314279,0.2560793225,0.4804774944,1.7891583846,3.2380062632,5.41512e-06
YOYVEP01_clean,0.0036389811,0.018239861,0.0370070402,0.1767044252,0.3286297586,1.27967655,2.3178754193,3.66669e-06
YOYVOZ01_clean,0.0042720058,0.0215999953,0.0433792059,0.2043728315,0.3816568207,1.4043970068,2.4588838095,4.36738e-06
YOYVOZ_clean,0.0041134459,0.0207099941,0.0414442886,0.1983305434,0.3753350782,1.3762213301,2.3784119046,4.18123e-06
YOYWEQ01_clean,0.0038030086,0.0186778753,0.037706891,0.1813464042,0.3336745163,1.2643916145,2.2021242308,3.77834e-06
YOYWEQ_clean,0.003309711,0.0170552178,0.0334476429,0.1647383133,0.3067466639,1.2044662837,2.2189133595,3.38403e-06
YOYYUI_clean,0.0277106266,0.1232645598,0.2292600161,0.6933801198,1.0679396686,2.7130828158,4.561846861,2.80003e-05
YOYZET_clean,0.0025806549,0.0127995086,0.0262807583,0.1281081905,0.2492516221,0.9808356297,1.9825261052,2.62015e-06
YOZBEW_clean,0.0036720364,0.0186875576,0.0373856757,0.1864124229,0.3720237565,1.7310860776,4.5794955982,3.73978e-06
YOZBIZ01_clean,0.0177320523,0.0889349311,0.1748655882,0.7147962353,1.2283494551,2.9274635055,4.1281464179,1.81228e-05
YOZBIZ_clean,0.0183070271,0.0873027839,0.1756065855,0.7295520911,1.24564814,2.9818382998,4.2116874504,1.83554e-05
YOZBOF01_clean,0.0107287397,0.0526563272,0.1019920068,0.4731810543,0.874053804,2.7555559971,4.4374279146,1.05548e-05
YOZBOF_SL,0.005495546,0.0269478356,0.0552541586,0.2606085293,0.4818799857,1.8416061559,3.5090896531,5.48697e-06
YOZCAS_manual,0.0041624879,0.0208954103,0.0412358222,0.1989913242,0.3710192092,1.4571852128,2.8790576075,4.16843e-06
YOZCEW_clean,0.0059464954,0.0292698784,0.0590040376,0.2795357494,0.5215118525,2.0421072667,4.168843172,5.92201e-06
YOZJEE01_clean,0.00544578,0.0266143866,0.0525365534,0.2527030657,0.4718180064,1.7599598691,3.1762583489,5.29348e-06
YOZJEE_clean,0.0050493196,0.0258016428,0.0504020106,0.2440816379,0.4553593494,1.7151447785,2.9824256879,5.13213e-06
YOZKOP_clean,0.0045888107,0.022752111,0.0444792095,0.2112831709,0.391960419,1.2439416899,2.0317508475,4.54006e-06
YOZNAE_clean,0.0074919018,0.0377223486,0.0732399431,0.319221145,0.6018061736,2.2058797537,5.103363883,7.57277e-06
YOZQEK_clean,0.0026879158,0.0141240694,0.0281577345,0.1397829238,0.2780967764,1.3453430397,3.8495152045,2.83522e-06
YOZYOD_clean,0.0071855009,0.0365758895,0.0725199252,0.3535332577,0.6655845744,2.4800319269,4.3286967375,7.26611e-06
YOZYUJ_clean,0.0064321253,0.0321092317,0.0639910807,0.3187702105,0.6126622687,2.6908912898,5.8048887148,6.44863e-06
YUBFOR_clean,0.0033153525,0.0159347114,0.0319191053,0.1585617478,0.3060997098,1.2496815071,2.6591037664,3.18663e-06
YUBGIN_clean,0.0034118243,0.0172229566,0.0349070161,0.1674800361,0.3169010498,1.1871155482,2.2427778981,3.49002e-06
YUBQET_clean,0.0111588358,0.056824105,0.1138904536,0.5243121207,0.9383846337,2.8361822113,4.4409493868,1.14577e-05
YUBTUM_clean,0.00271796,0.0138339744,0.0270028221,0.133034198,0.257250494,0.9965378223,2.0630321783,2.74163e-06
YUCZOM_clean,0.0055032105,0.0259437067,0.0520305996,0.2569002412,0.5116418839,2.1652283174,4.8207556797,5.24601e-06
YUDDEH_clean,0.0082318003,0.0399216454,0.0799268421,0.3892320637,0.7494220654,3.189908159,6.7893692711,8.01698e-06
YUDFEK_clean,0.0056675955,0.0284715663,0.0555834387,0.2740973533,0.5160792136,2.1299260516,4.3410118067,5.63077e-06
YUDFIO_clean,0.0026714413,0.0132014635,0.026945548,0.1315483975,0.2634281212,1.2134107118,3.1581842869,2.66384e-06
YUDFOU_clean,0.0025732339,0.0126945543,0.0253980365,0.1253623195,0.2513118998,1.1690179636,3.0746633056,2.54176e-06
YUFLIW_clean,0.0077101291,0.0383195407,0.0766331046,0.374399485,0.7331914373,3.0824757361,6.7003611644,7.71729e-06
YUFLOC_clean,0.0046449014,0.0235356175,0.0468732555,0.2309658181,0.4591011835,2.0488736192,4.8905960088,4.72113e-06
YUGLES_clean,0.0046569983,0.0244197803,0.0486737068,0.2410029361,0.4747912348,2.118449765,5.6123158303,4.89684e-06
YUGZIK_clean,0.0045144369,0.0224485445,0.0450429205,0.2266158534,0.4442789191,2.1589390738,6.1469558166,4.52931e-06
YUHHIU_clean,0.004972559,0.0251935639,0.049846872,0.2458120046,0.4919547781,2.226760437,5.4476666249,4.98855e-06
YUJCOX_clean,0.0085464052,0.04240108,0.0849167182,0.404737747,0.7436281697,2.3934789585,3.6919433892,8.62826e-06
YUJNOH_clean,0.0037884877,0.0186094131,0.0369397112,0.1709688748,0.315596587,1.010136718,1.7100322072,3.70544e-06
YUKCAJ_clean,0.0064980041,0.032762624,0.0651636899,0.3070834223,0.5650408429,1.8408706523,2.9129667262,6.61139e-06
YUKKAR_clean,0.0074648819,0.0374534517,0.07433208,0.35229433,0.677681456,2.512026621,4.5880673794,7.50872e-06
YULNOK_clean,0.0038037833,0.0196916942,0.0373650545,0.1831491447,0.3415228086,1.0955930806,1.8996059054,3.87281e-06
YUMFUJ_clean,0.0073303899,0.0373005937,0.0728306031,0.3541681749,0.6672265763,2.7049994233,5.3825063203,7.40118e-06
YUMJAS_clean,0.001467681,0.0069793269,0.0144002788,0.0705716846,0.1401032804,0.6436747165,1.6480613531,1.43138e-06
YUMKAU_clean,0.0033351434,0.0168968392,0.0336922721,0.1674867324,0.3300144109,1.5037355957,3.7914735466,3.38149e-06
YUMYUC_clean,0.0022012779,0.0104688025,0.0217204073,0.1050162361,0.2110303094,0.9816869613,2.5556308623,2.13846e-06
YUNJUO_clean,0.0150529655,0.0754953015,0.1463252546,0.6360587989,1.077884057,2.4502228374,3.115833499,1.53549e-05
YUNKAV_clean,0.0143941364,0.0703201171,0.1392550634,0.6087464896,1.0362334838,2.4123017492,3.1580567647,1.45889e-05
YUNXAI_clean,0.0064608373,0.0318046024,0.0638747496,0.3149213735,0.5878405534,2.4858921039,5.6169655361,6.41264e-06
YUPSIM_clean,0.0011042277,0.0055167304,0.011177826,0.0536432057,0.1068400918,0.4503210301,1.0094062854,1.10072e-06
YURJUR_clean,0.0035476039,0.0178191555,0.0349136821,0.1772123268,0.3492823067,1.600481351,4.3856413755,3.56465e-06
YURKAY_clean,0.00472556,0.0235702947,0.0477054918,0.2361985053,0.4742743805,2.1239802135,5.3291191572,4.78176e-06
YURKEC_clean,0.0053697449,0.0267854113,0.0528255743,0.2682379488,0.5066765175,2.2592525606,5.0439830004,5.37358e-06
YURKIG_clean,0.0060128877,0.0290154038,0.0587354224,0.2867098394,0.5508062783,2.2311204949,4.9126160058,5.8797e-06
YUSGID_clean,0.0042863557,0.0206266409,0.0416651052,0.2008479251,0.3910254619,1.4406381445,2.4962477149,4.20469e-06
YUSGOJ_SL,0.0031634817,0.015714067,0.0316949708,0.1557540438,0.3016983638,1.1104915817,2.1616667251,3.16876e-06
YUSWEP_manual,0.0047162085,0.0234055683,0.0458122831,0.2316327887,0.4548833063,2.1811276594,6.0885374664,4.64694e-06
YUSWEQ_clean,0.0059325828,0.0281475154,0.0564419063,0.2725961276,0.5150023752,1.9662046284,3.6258967774,5.72806e-06
YUSWIU_clean,0.0060417471,0.0294167983,0.0579493659,0.281926697,0.5260845352,2.0034107948,3.6432747396,5.89323e-06
YUTDUO_clean,0.0351108449,0.1731515864,0.3314668136,1.3071064033,2.0906363037,4.4576814739,6.2188673172,3.57922e-05
YUTGEZ_clean,0.0014943086,0.0078643764,0.0152434877,0.0755750401,0.1497035278,0.6183171487,1.3990486911,1.54422e-06
YUXLEJ_clean,0.0032243696,0.0157821556,0.0312212356,0.1544002732,0.3004388392,1.3596371371,3.3363908656,3.1725e-06
YUXLIN_clean,0.0028414479,0.0143176751,0.0284781416,0.1396720388,0.2695822035,1.2437733177,3.076138853,2.84385e-06
YUXQIS_clean,0.0041180342,0.0209732802,0.0423560373,0.210329956,0.4147922949,1.8828412565,4.711924576,4.23555e-06
YUXQOY_clean,0.0044654691,0.0222901206,0.0450734746,0.2275698621,0.4418860132,2.0496456845,5.0685354839,4.54411e-06
YUYBIF_clean,0.0078623243,0.0385824642,0.075318455,0.3424706099,0.6074957533,1.6942619645,2.534148532,7.71164e-06
YUYGOQ_clean,0.0063642553,0.0320913858,0.0627563528,0.2994356339,0.5649513347,1.9868343243,3.4298374154,6.3772e-06
YUYLIP_clean,0.0060137205,0.0292248912,0.0599718014,0.2832897883,0.5345762038,1.8593731914,3.2560981005,6.03321e-06
YUYLOV_clean,0.0053555947,0.027467864,0.0530312895,0.2620391644,0.4951744704,1.7741054753,3.2243575938,5.44412e-06
YUZCON_clean,0.0010371274,0.0051310514,0.0101829,0.0514689191,0.1028243857,0.4855661399,1.3937065763,1.0348e-06
YUZPEQ_clean,0.0056212059,0.0268458263,0.0535331196,0.268423332,0.5311099171,2.377555156,6.3048112291,5.45144e-06
YUZPIU_clean,0.0058719881,0.028120242,0.0570669497,0.2775930092,0.554397815,2.4756169276,6.5801570308,5.70129e-06
YUZPOA_clean,0.0060504138,0.0303964251,0.0601244176,0.2912452018,0.5842195415,2.530613795,6.5109607015,6.01525e-06
YUZRAO_clean,0.0053999375,0.0265884341,0.0517921161,0.2581082723,0.5052895186,1.9101057169,3.799380549,5.37049e-06
YUZRES_clean,0.0053184815,0.027019555,0.0543251993,0.2566003427,0.5016577726,1.9321644021,3.7834290779,5.36992e-06
YUZXAT_clean,0.011162989,0.0535414582,0.1059146608,0.4338562844,0.7119764213,1.7003528769,2.4776670628,1.11846e-05
ZABQIC_ion_b,0.0025707671,0.0125700632,0.0256509166,0.1301863368,0.2509535342,1.1538119861,3.0887104625,2.5575e-06
ZACHIX_clean,0.0073872825,0.0372082934,0.0725586263,0.3321480822,0.6109881286,2.2578186979,5.1945557168,7.567e-06
ZADQUT_clean,0.2008920655,0.7133321148,1.0569547368,2.4867979265,3.6857745847,8.0492238828,10.7872388317,0.00023268
ZADRAA_clean,0.1980021018,0.6929321382,1.0406759275,2.3991587876,3.4860048544,7.6203908792,10.4482757813,0.000227173
ZADREE_clean,0.2083465883,0.72350835,1.0927883072,2.5560323513,3.7914106755,8.3422167161,10.9715195442,0.000243971
ZADROO_clean,0.1893025193,0.6839593947,1.0418160776,2.4695234654,3.6323399477,8.0970567408,10.8682924163,0.000217777
ZAFXAI_clean,0.0039127257,0.0191839666,0.0385920151,0.1806947833,0.3397697251,1.2706257556,2.5584930475,3.85312e-06
ZAGHAT_clean,0.0081905233,0.0393000306,0.0814239389,0.3828143272,0.7116534039,2.4126585635,4.0100576493,8.08756e-06
ZAHLEC_clean,0.0042804934,0.0193575886,0.0389768862,0.1983310044,0.3965866011,1.9126131495,5.6642371414,3.9368e-06
ZALDUO_clean,0.0014260592,0.0076047399,0.0152558335,0.0739560274,0.1465986989,0.6114558082,1.3760252879,1.52637e-06
ZALGEB_clean,0.000581611,0.0031641775,0.0061835239,0.0312354858,0.0618885983,0.2948889947,0.8084553562,6.28653e-07
ZALREM_clean,0.0106651958,0.0541795835,0.1066889021,0.5207862746,0.9525682334,3.5308836924,6.3194367021,1.09078e-05
ZAQWEW_clean,0.0024166582,0.0121025302,0.0237593521,0.1171870802,0.2323572503,1.034954984,2.4560205496,2.35561e-06
ZAQZOG_clean,0.0051459663,0.0257948037,0.0524298547,0.2497167734,0.4732778846,1.8291306971,3.4038745313,5.22964e-06
ZARLEL_clean,0.0027865713,0.0135896956,0.0272464753,0.1373186232,0.2748539798,1.3078359742,3.8488355513,2.75763e-06
ZARLIP_clean,0.0045659551,0.0220341798,0.0450566256,0.2192206557,0.4316945272,1.8567641567,4.4839472805,4.46531e-06
ZARLOV_clean,0.0137057474,0.0693017578,0.1354492594,0.6364834421,1.2044091329,4.2093818173,7.2685502323,1.37219e-05
ZARPUF_clean,0.0016960274,0.0082057466,0.0168778443,0.0836315423,0.1639636224,0.7565016361,2.0169673253,1.66177e-06
ZARQAM_clean,0.0008473424,0.0038646639,0.007893975,0.0386129814,0.0769930915,0.3664917546,0.9667736135,7.84187e-07
ZARTAP03_clean,0.0032151068,0.0164511824,0.0329097304,0.1613961534,0.3168684817,1.3722208554,3.0258556295,3.30245e-06
ZARVIZ_clean,0.0015403622,0.0075332764,0.0150658169,0.0750700267,0.1500326034,0.704384159,1.9413435824,1.50629e-06
ZARZAV_clean,0.0151563749,0.0728209413,0.143129879,0.5796437701,0.9633126532,2.2272550979,3.1461351675,1.48843e-05
ZASJAG_clean,0.0027706994,0.0134896886,0.0268026116,0.1346481812,0.2685440805,1.1851296793,2.8891714847,2.71001e-06
ZAVPET_clean,0.0055477591,0.0280072355,0.0559120542,0.2688410001,0.502385919,1.9887940219,3.8268034872,5.62568e-06
ZAVPIX_clean,0.0057697622,0.0285864187,0.0568659962,0.276937115,0.5233908442,2.0041793791,3.8329330385,5.77632e-06
ZAVPOD_clean,0.0056547705,0.0277606609,0.0562674895,0.271702758,0.5115071133,1.9858379467,3.8023108465,5.68669e-06
ZAVPUJ_clean,0.0057665857,0.0292679817,0.0579089752,0.2784264977,0.5122355311,2.0003590662,3.778447602,5.81888e-06
ZAVQAQ_clean,0.0057835691,0.0291305697,0.0576808869,0.2738960163,0.5227990528,1.9884830988,3.7204166763,5.78642e-06
ZAVQEU_clean,0.0059612356,0.0295479522,0.0585962482,0.2813537348,0.5240176965,1.999663362,3.7226546427,5.88605e-06
ZAVQIY_clean,0.0059928916,0.0293402418,0.0579617521,0.2802949154,0.5260148967,1.9933998565,3.6796240302,5.89824e-06
ZAVQOE_clean,0.0058000874,0.0285304674,0.0572027539,0.2796163859,0.5154345034,1.9609957849,3.646373031,5.77237e-06
ZAVQUK_clean,0.0056440541,0.0290374303,0.057201168,0.2773562831,0.5139512093,1.9535180477,3.6226337385,5.78113e-06
ZAVRAR_clean,0.0056917835,0.0282093138,0.0562089196,0.2772125671,0.5106800338,1.9371459394,3.5964573482,5.75534e-06
ZAVREV_clean,0.0057412233,0.0295319645,0.0589570066,0.282267985,0.5272882821,1.9796955702,3.6089443471,5.95706e-06
ZAVRIZ_clean,0.0056280878,0.0281698733,0.0561621244,0.2708140417,0.5107279025,1.9265071246,3.5620629196,5.72825e-06
ZAXQOG_clean,0.0147130603,0.0751214906,0.1454880922,0.669549748,1.1672137374,3.8134305263,6.3688584295,1.50454e-05
ZAXTAV_clean,0.047628381,0.2289255167,0.432161448,1.5473189442,2.2964808492,4.0362460139,5.0207540633,4.86954e-05
ZAYJUG_clean,0.0003864449,0.0018879253,0.0037448413,0.0185704623,0.0371977318,0.1682731703,0.4378741212,3.75786e-07
ZAZBUZ_clean,0.0070157825,0.0330486058,0.0671904536,0.3237265046,0.622183991,2.3214040618,4.3544826472,6.7243e-06
ZEBMAW_clean,0.0061781767,0.0316172562,0.0628657138,0.3088767653,0.5898900017,2.522235424,5.0541975077,6.27076e-06
ZEBMEA_clean,0.004298424,0.0213672697,0.0419448106,0.2046467995,0.3946474473,1.5582579858,3.033298165,4.253e-06
ZECKID_clean,0.0026927887,0.0133709702,0.027341103,0.1352764777,0.2697196372,1.3101381382,3.7724937185,2.69119e-06
ZECKOJ_clean,0.0028121622,0.0141342713,0.0278782834,0.1384203602,0.2802428628,1.3499044067,4.0182835776,2.80572e-06
ZEDLOL_clean,0.0061553923,0.0308128878,0.0613554722,0.2876251605,0.5446393054,1.6875919788,2.5273000555,6.21687e-06
ZEDQEG_clean,0.0048826082,0.0241724445,0.048029106,0.2404041712,0.4650071575,2.0187412168,4.3072484183,4.9044e-06
ZEDROR_clean,0.0109251575,0.0534511408,0.1080125426,0.4858091065,0.8519392918,2.6296855711,4.2490304147,1.07684e-05
ZEDZAL01_clean,0.0109261362,0.0546921347,0.107233384,0.516127537,0.9682888276,3.3865563569,5.8391639459,1.10074e-05
ZEDZAL_clean,0.0107833463,0.054270995,0.1060729904,0.5171379108,0.9495435905,3.379086097,5.8387355763,1.09689e-05
ZEKRIS_clean,0.0146334745,0.0719941737,0.1412807789,0.6579391457,1.164007211,3.4591381288,5.2669164123,1.44355e-05
ZELQAK_clean,0.0060336199,0.0308150644,0.061490748,0.2968458986,0.589578948,2.7338335346,6.7132290699,6.17155e-06
ZELROZ_manual,0.0036954025,0.0182713953,0.0367312732,0.1841304283,0.3652736919,1.766916458,4.9978577324,3.679e-06
ZERQOE_clean,0.022434379,0.1070667098,0.2021342686,0.6868172839,1.0037420855,1.6312976804,1.8875924864,2.31422e-05
ZETLER_clean,0.0052976418,0.0267779367,0.0526546848,0.2629213706,0.5014938028,1.9637759992,3.7623329543,5.33836e-06
ZEVXAB_clean,0.0051711503,0.0256845284,0.0517793662,0.2554170319,0.4892923022,2.2246021439,5.3284021601,5.17316e-06
ZEVYAC_clean,0.0473242623,0.1778526595,0.278990411,0.7899264446,1.2097815773,2.5503686851,3.3746957095,5.3979e-05
ZEXKUK_clean,0.0079768643,0.0407079395,0.0782319109,0.3841831133,0.7041667604,2.4423540823,4.0019828175,8.04915e-06
ZEXSOM_clean,0.0077093127,0.0390030691,0.0759249739,0.3592572253,0.6563059,2.3911313942,4.7034324393,7.60976e-06
ZEZFIV_clean,0.0037403955,0.0189344886,0.039235738,0.1907844331,0.3813727481,1.8146094127,5.0819641799,3.82997e-06
ZEZPAX_clean,0.0056655719,0.0278559684,0.0561564929,0.2669925948,0.5089965357,1.846911707,3.1435925063,5.60824e-06
ZEZPIF_clean,0.0071481801,0.0353246291,0.0700927694,0.340051224,0.6329338075,2.2412524135,3.8324557,7.17131e-06
ZEZPUR_clean,0.005397617,0.0268419181,0.0535112533,0.2592247409,0.5083886055,1.9510105048,3.7867532687,5.35897e-06
ZEZQAY_clean,0.0057200293,0.0280008377,0.0560353644,0.2754976038,0.5212301326,2.0202359712,3.8704562178,5.60932e-06
ZEZQEC_clean,0.0054182316,0.027144522,0.0553669981,0.2662155414,0.5182451351,2.0060851249,3.8547338009,5.53003e-06
ZEZQIG_clean,0.0053049133,0.0266000427,0.0529431062,0.2572649312,0.4961387775,1.9555362283,3.8470792449,5.30362e-06
ZICCIZ_clean,0.0032078153,0.016330579,0.0321529636,0.1589113278,0.3186404099,1.5498933179,4.4726825838,3.2099e-06
ZIDBEV_clean,0.0019476759,0.0094922681,0.0194109882,0.0950308856,0.1902124084,0.9200031879,2.6057846055,1.90334e-06
ZIDNEH_clean,0.0104147011,0.0508898553,0.0988128832,0.4547883153,0.8381997904,3.0098865374,5.8728594383,1.02578e-05
ZIDVAL_clean,0.0128164619,0.0627021495,0.1243602451,0.482778832,0.7774579763,1.6273081973,2.2043512857,1.31002e-05
ZIGFIG_clean,0.0095350722,0.04808433,0.0931442083,0.391412694,0.694153806,2.3088075506,5.2319240661,9.80836e-06
ZIHFUR01_clean,0.0033873363,0.0170133452,0.0329513776,0.1605444057,0.310833999,1.1890669955,2.2829758676,3.32591e-06
ZIHFUR_clean,0.0032128249,0.0161095176,0.0319930782,0.1564761725,0.2977627949,1.1734003131,2.2631763929,3.21761e-06
ZIHTEP_clean,0.002121579,0.0101782389,0.0197544737,0.0967624514,0.1849924654,0.7697108069,1.4817748651,1.9976e-06
ZIJSAO_clean,0.0043622818,0.023374684,0.0457022218,0.2277269901,0.4491016244,2.1753394051,6.3699984034,4.51665e-06
ZIJVOF01_clean,0.0099843235,0.0487973264,0.0993284368,0.4453707287,0.7774136183,2.2478553296,3.7198672604,1.0018e-05
ZIKJIO_clean,0.005982838,0.0306274722,0.0618517724,0.3030261328,0.6046038656,2.6968139439,6.6089664509,6.12154e-06
ZIKJOU_clean,0.0093672901,0.0477462494,0.0926636305,0.4507483702,0.859604744,3.2565174113,6.2104987681,9.40418e-06
ZILBAZ_clean,0.0049201305,0.024933135,0.0513731171,0.2511203493,0.4700570055,1.7877521407,3.5142604004,5.13765e-06
ZILBED_clean,0.0064193519,0.0308407994,0.0613590298,0.3027115626,0.5887524847,2.6061310506,5.5886131929,6.12848e-06
ZILBIH_clean,0.0074259502,0.0369444455,0.0753461708,0.370996675,0.7034669439,3.0062961992,5.9823898739,7.52579e-06
ZILBUT_clean,0.0044193772,0.0240074006,0.0463299792,0.2334396911,0.4651420736,2.1695572909,5.9801888918,4.70077e-06
ZILFOR_manual,0.0054282805,0.0272954693,0.0540619765,0.2661744775,0.518439307,2.4293904876,6.3274543979,5.41596e-06
ZIMLAK_clean,0.002248346,0.0106952164,0.0212599747,0.1064820446,0.2130075753,1.0111304598,2.8206541229,2.13891e-06
ZIMLEO_clean,0.0021927757,0.0108267555,0.0212469114,0.1078418773,0.2123427228,1.0136406732,2.8511986307,2.15684e-06
ZIMLIS_clean,0.0021277536,0.0107858424,0.0218031458,0.1068759201,0.2133154397,1.0181934066,2.8778247715,2.16621e-06
ZIMTAS_clean,0.0044095486,0.0214973313,0.0429633892,0.2188282799,0.4251576265,2.0260656172,5.561618754,4.3487e-06
ZINDAD_clean,0.0065010419,0.0325380576,0.0634346722,0.3148759203,0.5969104204,2.624682866,6.0634712374,6.51366e-06
ZIQJEQ_clean,0.0032394448,0.0174522215,0.0355305059,0.1754986436,0.3442972653,1.6393629554,4.604365297,3.4876e-06
ZIQVAY_clean,0.0089764432,0.0436246175,0.0857819098,0.3483290066,0.5808837039,1.5267757448,2.5281282686,9.07663e-06
ZISFEO01_clean,0.0117851201,0.0594283787,0.1165998422,0.5516303227,0.9657318243,2.6975366784,3.6768502169,1.18235e-05
ZISFEO_clean,0.0084489077,0.0422601804,0.0835460885,0.3918541266,0.7280049019,2.3007955481,3.5140886357,8.41455e-06
ZISNEW_clean,0.0146868854,0.0713797708,0.1391807242,0.5973770786,1.0152235448,3.2945802188,7.048972511,1.47352e-05
ZISXEG_clean,0.2205005181,0.6830570152,0.9543570611,1.5982163538,1.8073818867,2.0640404233,2.1441867535,0.000272558
ZISYAD_clean,0.011216591,0.0552488294,0.1111553645,0.4940205751,0.8515865542,2.3226142986,3.4832962405,1.14087e-05
ZITRUP_clean,0.0033406461,0.0170102656,0.0333880916,0.1658828929,0.3330411621,1.5415100558,4.1273984623,3.35332e-06
ZIVCOY_clean,0.0053958463,0.0270206923,0.0525310215,0.2641062409,0.5197366793,2.3791595212,6.2747887657,5.32935e-06
ZIWLUO_clean,0.0075942093,0.0379690904,0.0763323676,0.3592440527,0.6584631385,2.3815387636,4.3420185277,7.69698e-06
ZIZTEJ_clean,0.0022685224,0.011493025,0.0225382635,0.1117893332,0.2099009556,0.8741968168,1.7252768969,2.27247e-06
ZOFZIF_clean,0.0049299746,0.024261686,0.0483758609,0.2395905541,0.4738086005,2.2419661141,5.9584837465,4.84981e-06
ZOFZOL_clean,0.0050235859,0.0254603078,0.0519294088,0.2557504531,0.507812188,2.312748904,5.8906588791,5.19785e-06
ZOFZUR_clean,0.0054879709,0.0271697083,0.0538916742,0.2673247162,0.5319679808,2.4004920059,6.2047414356,5.42434e-06
ZOGBAA_clean,0.0121413943,0.0593647346,0.1185141172,0.5728677392,1.0843805948,4.8196861059,10.31872035,1.18507e-05
ZOHFUZ_clean,0.0093384329,0.0459676771,0.0928337453,0.4053234391,0.7582790039,2.7918986812,6.1215938712,9.31974e-06
ZOKGAJ_clean,0.0040127309,0.0190952839,0.0354915428,0.1599156428,0.2807463474,0.7967837046,1.5446539459,3.77652e-06
ZOMNEW_clean,0.0063823222,0.032408935,0.0639889969,0.3154770401,0.5861471177,2.2143725198,4.1973699189,6.52049e-06
ZOMNIA_clean,0.0058579006,0.0291396685,0.0566040571,0.2813928252,0.5338484183,2.0838409595,4.1174187405,5.84164e-06
ZOMNUM_clean,0.0072287342,0.035801877,0.0715909899,0.3467409803,0.6422156696,2.3714644825,4.4707161354,7.30469e-06
ZOQSUV_clean,0.0033983385,0.0167353334,0.0334997124,0.1625696452,0.3217245348,1.2736204984,2.6671097797,3.37508e-06
ZOQTAC_clean,0.0040268786,0.0193555927,0.0397581984,0.1893568017,0.3592669662,1.3545199282,2.6004900704,3.95869e-06
ZOQTIK_clean,0.0047004125,0.0238686949,0.0468349106,0.2243589165,0.4181604511,1.4285270538,2.4283999856,4.79703e-06
ZOTKAW_clean,0.002674036,0.0138355427,0.0275241287,0.1338761287,0.2589651102,0.9949401987,1.8033188448,2.80198e-06
ZOXFEZ_clean,0.0105661856,0.051064023,0.1052154304,0.5105391965,0.963115922,3.8083169099,7.2571696956,1.04779e-05
ZOXGOK_clean,0.0026288307,0.0134474801,0.0267743189,0.1337992099,0.2617272113,1.1084037213,2.4267404847,2.7097e-06
ZOXNAD_clean,0.0688052296,0.3294494755,0.6232216673,2.3607191,3.4967865944,6.0542860695,7.6799595413,6.91918e-05
ZOXNEH_clean,0.0130727476,0.0654042111,0.1304999908,0.5886378999,1.0866053324,3.590873178,6.1061315102,1.31058e-05
ZOZCIC_clean,0.0045150985,0.0232208539,0.045646856,0.21312845,0.386126607,1.1676336461,1.7872400691,4.66959e-06
ZOZHON_clean,0.0077736792,0.038413006,0.0753923762,0.3698510473,0.7026738122,2.7199140573,5.1888794464,7.64871e-06
ZOZKAC_clean,0.0094260834,0.0483086774,0.0929737297,0.4235080092,0.7478403061,2.1214489115,3.1247540421,9.48571e-06
ZOZKEG_clean,0.0097940152,0.0479643655,0.0927262436,0.3949260223,0.6479010091,1.8774086661,3.3400294298,9.73636e-06
ZOZPUB_clean,0.0027167382,0.0134914447,0.0270697093,0.1333245585,0.2618740246,1.1610130671,2.9498639621,2.68133e-06
ZUBFIN_clean,0.0121079647,0.0602905916,0.1173580059,0.5107304558,0.9297738117,2.7567292863,4.5880193786,1.20759e-05
ZUDQUM_clean,0.0074748103,0.0364595304,0.072874268,0.3487684899,0.6653141085,2.3973573695,4.4196173729,7.38178e-06
ZUDRAT_clean,0.0063716049,0.0303179685,0.0609063987,0.299083372,0.5659411015,2.3036968939,4.5341104842,6.15198e-06
ZUDXAZ_clean,0.0062833477,0.0306307748,0.0615417059,0.2886818898,0.5138064752,1.6288074488,2.5452092879,6.17764e-06
ZUGDEM_clean,0.005246254,0.0256814626,0.0520827113,0.2539837476,0.509054519,2.312017846,5.7662480163,5.15543e-06
ZUKNAW_clean,0.001268886,0.0060059185,0.0122907364,0.0608724642,0.1233757451,0.6124376243,1.754441417,1.2339e-06
ZULNAX_clean,0.0083336781,0.0413826642,0.0827258378,0.3883586897,0.7310360473,2.7370098513,4.9965028532,8.28873e-06
ZUNZIT_clean,0.0084346495,0.0419604752,0.0822790573,0.3767630447,0.6828980898,2.0527936828,3.1750045609,8.49975e-06
ZUPBET_clean,0.008336549,0.0414167804,0.082617914,0.3809833435,0.690634293,2.0837400957,3.201924879,8.38345e-06
ZUQBUK_clean,0.0201887717,0.0988086103,0.1971341206,0.9402512049,1.8135370227,5.99561679,9.0973677326,1.98751e-05
ZUQMAB_clean,0.0067591528,0.0343804719,0.0682480114,0.329813745,0.6219786063,2.3727199747,4.3884442916,6.90848e-06
ZURQOS_clean,0.0066548047,0.0317492609,0.0633071631,0.3057260837,0.5772213504,2.0228366937,3.5349736194,6.38397e-06
ZURROT_clean,0.0037088199,0.0185339709,0.0378208473,0.1866193105,0.3689203863,1.5213943969,3.2784583872,3.80644e-06
ZUSBIA_clean,0.0107232557,0.0527025862,0.1047556279,0.4881917692,0.8796389577,2.7093794455,4.1301913409,1.063e-05
ZUSBOG_clean,0.0120382222,0.0628989892,0.1217072924,0.5652306175,1.0392421116,3.1177840721,4.7981351303,1.24506e-05
ZUSNOS_clean,0.0107412423,0.0531228244,0.1060483817,0.4956986567,0.956506273,3.6440195137,7.3899083376,1.06764e-05
ZUTBIB_clean,0.0595794744,0.2790559541,0.5179189645,1.6424473786,2.2886193898,3.7877378468,4.6651930577,6.136e-05
ZUTBUN_clean,0.096229044,0.4282335165,0.7700645878,2.1278091598,2.7448728992,3.7590213019,4.1567343033,9.81008e-05
ZUWXUM_clean,0.008730868,0.0439580686,0.0888552982,0.4308178462,0.8315359118,3.6691492636,7.670154103,8.86518e-06
ZUXPOZ_clean,0.0030966816,0.0155533458,0.0311170527,0.1462460035,0.2840735918,1.0423422635,1.9316623469,3.08345e-06
ZUZZEB_clean,0.0026868105,0.0145109673,0.02886131,0.1431164681,0.2837542074,1.3471689962,3.6908417073,2.87866e-06
ac403674p_si_001_clean,0.0017409024,0.0087897575,0.0178617723,0.0893865296,0.1768048354,0.8233464353,2.123048474,1.79104e-06
acs.cgd.5b01554_VAGNUP1452791_clean,0.0018685997,0.0090523274,0.0183131997,0.0913722178,0.1822950489,0.8278450272,2.0716966335,1.83843e-06
acs.cgd.5b01686_WAHFUJ1434675_clean,0.005661423,0.02815777,0.0550614995,0.2626553685,0.4853410453,1.7936154063,3.20686664,5.53645e-06
acs.cgd.6b00463_OLOMUZ1451936_clean,0.0015856069,0.0078495882,0.0157881236,0.0782803085,0.1541571903,0.7344250875,2.0755292062,1.56314e-06
acs.chemmater.5b03723_cm5b03723_si_004_clean,0.0374681985,0.1173607532,0.188325131,0.5979883692,0.9908680532,2.982884419,6.1381127982,4.63036e-05
acs.chemmater.5b03723_cm5b03723_si_005_clean,0.0090411437,0.0434637983,0.0875275328,0.4162767779,0.774833379,2.9727732928,6.9558864953,8.81607e-06
acs.chemmater.6b02817_cm6b02817_si_004_clean,0.0067723632,0.0336104614,0.0667531849,0.3349625904,0.6354131219,2.8419052141,6.3403427881,6.71362e-06
acs.chemrev.6b00346_cr6b00346_si_001_clean,0.0057242977,0.0286842942,0.0573614105,0.2894789898,0.5577368058,2.5225328982,5.9372236094,5.76629e-06
acs.inorgchem.5b02108_ic5b02108_si_002_clean,0.0133878559,0.066397261,0.1321211684,0.6528799941,1.2417767939,4.5278324863,7.0092513553,1.3289e-05
acs.inorgchem.5b02316_ic5b02316_si_002_clean,0.2500007744,0.8021694669,1.1718499282,2.629369029,3.8408312541,8.0210867652,10.5659377721,0.000296108
acs.inorgchem.5b02378_ic5b02378_si_002_clean,0.0453557145,0.212582891,0.3846814167,1.1556653604,1.5514379641,2.218022308,2.4749086303,4.59867e-05
acs.inorgchem.5b02973_ic5b02973_si_002_clean,0.0137134058,0.0660047071,0.132457901,0.4781881169,0.772279668,1.9276698753,3.3974830317,1.35216e-05
acs.inorgchem.6b00081_ic6b00081_si_001_clean,0.0024498676,0.0116779324,0.023623625,0.1149657321,0.2249627185,0.9520544479,2.0596775608,2.33761e-06
acs.inorgchem.6b00136_ic6b00136_si_002_clean,0.0173318604,0.0846076738,0.1678415964,0.7164492193,1.2396954362,3.1462120815,4.7802420862,1.74508e-05
acs.inorgchem.6b00276_ic6b00276_si_006_clean,0.0182266369,0.089708855,0.1768995039,0.7142767364,1.2499708516,3.8441701063,7.4506981919,1.8496e-05
acs.inorgchem.6b00433_ic6b00433_si_002_clean,0.0053736255,0.0262438506,0.0530003079,0.2596978762,0.5012177218,1.8639443965,3.4671239951,5.33595e-06
acs.inorgchem.6b00894_ic6b00894_si_002_clean,0.0131609812,0.0658150271,0.1312263294,0.5911555577,1.0786494113,3.0646001987,4.5617559912,1.33914e-05
acs.inorgchem.6b01211_ic6b01211_si_002_clean,0.0088555078,0.0430300067,0.0857092133,0.3907890228,0.7189251631,2.5625853301,5.7561984948,8.68379e-06
acs.inorgchem.6b01416_ic6b01416_si_004_clean,0.009059884,0.0452019243,0.0905537032,0.4178054523,0.7593042211,2.2942395925,3.5832527356,9.24167e-06
acs.inorgchem.6b01569_ic6b01569_si_002_clean,0.0016371878,0.0085272465,0.0169688262,0.0824318627,0.1637065437,0.7019592346,1.7028262674,1.66829e-06
acs.inorgchem.6b01740_ic6b01740_si_002_clean,0.004839097,0.0252626219,0.050187141,0.2450999092,0.5023327798,2.3530549237,6.6562236619,4.99707e-06
acs.inorgchem.6b01762_ic6b01762_si_002_clean,0.0005611627,0.0030933135,0.0061689465,0.0301690308,0.0594617254,0.2866219361,0.8044175495,6.05955e-07
acs.inorgchem.6b02407_ic6b02407_si_002_clean,0.014689483,0.0730952222,0.145236491,0.7031429639,1.3160895164,4.7307925651,7.9658561577,1.47028e-05
acs.inorgchem.6b02407_ic6b02407_si_003_clean,0.018368851,0.0912366638,0.1802447151,0.8058620546,1.4825893723,4.2466798695,6.2862975644,1.8338e-05
acs.inorgchem.6b02413_ic6b02413_si_002_clean,0.0033307344,0.0167512171,0.033213503,0.1672084226,0.3172402572,1.5371663318,4.0737060885,3.36521e-06
acs.inorgchem.6b02514_ic6b02514_si_002_clean,0.0021528001,0.0108909849,0.0221095183,0.1071047728,0.2092666501,0.9193204171,2.1443052215,2.18067e-06
acs.inorgchem.6b02696_ic6b02696_si_002_clean,0.0070374305,0.0353687885,0.0712670268,0.3436322046,0.652687863,2.7619525076,6.0577114445,7.0975e-06
acs.jpcc.6b08594_UiO66_Ce2Zr4_opt_clean,0.0051845518,0.0251423272,0.0499529707,0.2347965222,0.449587379,1.6449112587,3.3816829142,5.0232e-06
acs.jpcc.6b08594_Zn2Cd6MOF5_opt_clean,0.0022983273,0.0122691803,0.0237333742,0.1188658308,0.2405468266,1.1517112663,3.4382222262,2.39733e-06
acscombsci.5b00188_24205_clean,0.0190345619,0.096664127,0.1909697028,0.836153006,1.4947804564,4.0119928603,5.6943652661,1.94316e-05
acscombsci.5b00188_3001288_clean,0.0041973767,0.0194478455,0.0402948166,0.2067907602,0.4100237439,2.0609319614,6.0190182417,4.12787e-06
acscombsci.5b00188_34903_clean,0.0350259754,0.1699194354,0.3240712985,1.2582720914,1.9455993145,3.5452760928,4.3972627651,3.50935e-05
acscombsci.5b00188_5013797_clean,0.0049203794,0.0238569001,0.0469546397,0.2376115523,0.4711412009,2.151930913,5.702147543,4.75903e-06
acscombsci.5b00188_5020072_clean,0.0034364675,0.0168629892,0.0328998377,0.1662972595,0.3304076761,1.5938024047,4.6451911946,3.31956e-06
acscombsci.5b00188_5024922_clean,0.0032384315,0.0181407052,0.0354077658,0.1773224207,0.3574624597,1.7204030103,5.0510886379,3.57138e-06
acscombsci.5b00188_5036495_clean,0.0039795883,0.0188986999,0.0353905308,0.1845034449,0.3662263915,1.8222691189,5.3019151142,3.67873e-06
acscombsci.5b00188_5040209_clean,0.013303508,0.066181394,0.1298553205,0.5630051854,0.9836237695,2.8054018549,4.8870874235,1.33475e-05
acscombsci.5b00188_8372_clean,0.0042664469,0.0211354673,0.0427363651,0.2081761224,0.4145718783,1.9013141691,4.8176359297,4.25664e-06
am301365h_si_002_clean,0.0032753858,0.0160548342,0.0316582822,0.1573886385,0.3191300924,1.4326024831,3.7049354015,3.18711e-06
c4ce00408f_c4ce00408f2_clean,0.0104934693,0.0504931985,0.095126443,0.3832624066,0.6529181051,2.070054862,4.6432822017,1.03388e-05
c4dt02048k_c4dt02048k2_clean,0.003063755,0.0149980669,0.0284493562,0.1423461151,0.2783816613,1.0385476632,1.8259170849,2.99921e-06
c4dt03702b_c4dt03702b2_clean,0.0039405478,0.0199541508,0.0390826126,0.1959079469,0.384855759,1.8273900135,5.1031576189,3.91351e-06
c5cc04223b_c5cc04223b2_clean,0.0038276375,0.0196841403,0.0385060926,0.1904868685,0.3868598856,1.8279340667,5.2912896374,3.86321e-06
c5cc09432a_c5cc09432a2_clean,0.0057084085,0.0286405814,0.0578491297,0.2837685325,0.538361363,2.1140066582,3.9956423581,5.78916e-06
c5cc09935h_c5cc09935h2_clean,0.0042142651,0.0207084603,0.0405127518,0.2017230617,0.3997587912,1.8339873295,4.2679846928,4.12056e-06
c5cc10203k_c5cc10203k2_clean,0.0055274614,0.027002721,0.0545415577,0.2714364286,0.5424833527,2.5796439028,7.1556313578,5.46881e-06
c5ce00862j_c5ce00862j2_clean,0.0071186932,0.0356490685,0.0705366886,0.3372227967,0.6246116523,2.3323628182,4.3453250571,7.12945e-06
c5ce00931f_c5ce00931f2_clean,0.009192747,0.0452094756,0.0902132441,0.4133858496,0.75920647,2.268329992,3.3753163583,9.1544e-06
c5ce01790d_c5ce01790d1_clean,0.0060068244,0.0293403274,0.0575265636,0.2631404391,0.4573397214,1.2392249956,1.7634924345,5.98301e-06
c5ce01948f_c5ce01948f2_clean,0.0016846082,0.0083747681,0.016930251,0.0805368995,0.1490352246,0.5139676636,0.8743946112,1.71075e-06
c5ce02194d_c5ce02194d2_clean,0.0076889813,0.0376134857,0.0758588514,0.3576462716,0.6693049852,2.450120068,4.647417206,7.5867e-06
c5ce02503f_c5ce02503f2_clean,0.5604424861,1.2734217627,1.6331964658,2.5510612476,2.9555029654,4.2451598987,5.3144061873,0.00099794
c5cp03920g_c5cp03920g2_clean,0.0053734024,0.0266742103,0.0538867625,0.2590225324,0.4903742961,1.7229341444,3.5077400374,5.50689e-06
c5dt01100k_c5dt01100k2_clean,0.0015763057,0.0077417318,0.0153678295,0.0766435475,0.1517913306,0.7279408259,1.9581633931,1.54233e-06
c5dt02651b_c5dt02651b2_clean,0.0013548292,0.0067073588,0.0135864564,0.0675029349,0.1334220554,0.6119979867,1.6091798584,1.34269e-06
c5dt03038b_c5dt03038b2_clean,0.0105687457,0.0515712322,0.1041510935,0.4910165251,0.9065732363,3.0658324693,5.0107393028,1.05108e-05
c5dt03091a_c5dt03091a2_clean,0.0027013783,0.0127778893,0.0255039714,0.1274458466,0.2525455646,1.2119345104,3.3816223377,2.54116e-06
c5dt04943a_c5dt04943a2_clean,0.007613116,0.0377263231,0.0741145978,0.3592565154,0.6873488388,2.7762085174,6.8159736574,7.55004e-06
c5dt05023e_c5dt05023e2_clean,0.0144805889,0.0700711295,0.1393534843,0.5845297111,0.9958297076,2.7392124249,4.492372662,1.45233e-05
c5gc02393a_c5gc02393a2_clean,0.0063035567,0.0309699779,0.0625863966,0.2963005477,0.557876905,1.975388073,3.4713370947,6.26489e-06
c5nj01930c_c5nj01930c2_clean,0.0079506661,0.0400016504,0.0769865114,0.3604804528,0.6524749111,2.0154000032,3.2377775978,8.05102e-06
c5nj02236c_c5nj02236c2_clean,0.0149577427,0.0735838924,0.1456922472,0.6397467179,1.162596284,3.1698205582,4.5264238984,1.47808e-05
c5nj02634b_c5nj02634b2_clean,0.0081528404,0.0409766364,0.081419544,0.3924228187,0.7309548766,2.8015850298,5.3077305297,8.28443e-06
c5nj03044g_c5nj03044g2_clean,0.0139202319,0.0697584027,0.137677058,0.6118654221,1.1381600477,3.272477844,4.8184674548,1.39213e-05
c5qi00128e_c5qi00128e2_clean,0.018651393,0.0918970788,0.1805819435,0.8672056986,1.6678877397,5.5695333507,8.5765006259,1.84181e-05
c5sc00614g_c5sc00614g2_clean,0.0333819449,0.1629396579,0.3173263379,1.3381494117,2.3096904296,5.7365081066,8.0346140196,3.34564e-05
c5sc03494a_c5sc03494a2_clean,0.0085483643,0.042865711,0.0849281394,0.4226691249,0.798211012,3.5691612428,7.5315032837,8.52336e-06
c5ta03835a_c5ta03835a2_clean,0.0049784735,0.0247721143,0.0488072496,0.2411810985,0.47980768,2.1292250665,5.3421287766,4.90776e-06
c5ta04989j_c5ta04989j2_clean,0.0055366589,0.0277657963,0.055290532,0.2698318729,0.5155551092,2.0489801521,3.7922671247,5.55029e-06
c5ta05481h_c5ta05481h2_clean,0.0806992067,0.3472237746,0.5730985698,1.7233536954,2.6365783639,5.8593274839,8.3955064111,8.59455e-05
c5ta09507g_c5ta09507g2_clean,0.0377051241,0.1854684481,0.3685627798,1.5722884209,2.8098640101,6.8429793318,8.7822853674,3.78422e-05
c6cc00589f_c6cc00589f2_clean,0.0033669951,0.0172602338,0.0344525139,0.1708530786,0.3399985471,1.5812425901,4.210841617,3.45798e-06
c6cc00589f_c6cc00589f3_clean,0.0023106499,0.0114299051,0.0229009249,0.1120870764,0.2250745663,1.1200114658,3.2361021567,2.25689e-06
c6cc00862c_c6cc00862c2_clean,0.0076255999,0.0384036433,0.0758747187,0.375699441,0.7168922174,3.0381000603,6.1643880375,7.64348e-06
c6cc01597b_c6cc01597b2_clean,0.0477241999,0.2182717404,0.4144114669,1.3323322355,1.9057584,3.5200020906,4.5139333275,4.79381e-05
c6cc02494g_c6cc02494g1_clean,0.0029876572,0.0148453089,0.0294592087,0.1472423233,0.2929732557,1.367534979,3.5751935714,2.95941e-06
c6cc02494g_c6cc02494g3_clean,0.0032366286,0.0162699213,0.0322423167,0.163124841,0.3246794057,1.5068174481,3.8686730346,3.29073e-06
c6cc02494g_c6cc02494g4_clean,0.0033017124,0.0166108366,0.0327051349,0.1636589415,0.3219179923,1.501750208,3.8592555095,3.28241e-06
c6cc02494g_c6cc02494g5_clean,0.0031615811,0.0154233606,0.0305765007,0.1525935752,0.3074071165,1.4362453759,3.7713920632,3.11128e-06
c6cc02494g_c6cc02494g6_clean,0.0029835248,0.0145663782,0.029828017,0.1470388072,0.2924040306,1.3638375983,3.5751295206,2.95132e-06
c6cc03787a_c6cc03787a2_clean,0.0056687706,0.0291549578,0.0569341745,0.2857598141,0.5544998727,2.3633754495,5.7070717919,5.82069e-06
c6ce00126b_c6ce00126b2_clean,0.0186356738,0.090629825,0.1797669567,0.7671435143,1.3150326763,3.1175234303,4.2242316645,1.87153e-05
c6ce00141f_c6ce00141f2_clean,0.0052470748,0.026406429,0.0528837833,0.2627556506,0.5142647881,2.3085140531,5.6460680659,5.35862e-06
c6ce00407e_c6ce00407e1_clean,0.0049141306,0.0235676009,0.0487987,0.2348772818,0.4726254396,2.0192577597,5.145920326,4.88072e-06
c6ce00407e_c6ce00407e2_clean,0.0045715243,0.0226698072,0.0450197108,0.2206426077,0.4293641661,1.8473663824,4.6867143225,4.49452e-06
c6ce00407e_c6ce00407e3_clean,0.0088551812,0.0444308975,0.0877587721,0.3940943111,0.7219245883,2.5117354648,5.5753698393,9.0153e-06
c6ce00407e_c6ce00407e4_clean,0.0090687869,0.0461680129,0.0923242532,0.4642622412,0.9190946707,4.5448827862,13.893903432,9.18034e-06
c6ce00407e_c6ce00407e7_clean,0.005301477,0.0258850379,0.0530516502,0.262496873,0.5144645516,2.4393063944,7.012715455,5.2204e-06
c6ce00407e_c6ce00407e8_clean,0.0060885227,0.0304798093,0.0606085813,0.3023617544,0.6061090604,2.6754186761,6.2988917011,6.1422e-06
c6ce00407e_c6ce00407e9_clean,0.003225679,0.0160876375,0.0327691726,0.1627919859,0.32862333,1.6208513129,4.8015688085,3.24949e-06
c6ce00465b_c6ce00465b2_clean,0.0111827148,0.0533854855,0.1078107494,0.5368484653,1.0596157484,4.6825367209,10.3922182018,1.08679e-05
c6dt03852b_c6dt03852b2_clean,0.0047648124,0.0254306068,0.050248629,0.2393871285,0.4653283807,1.8530924935,4.4629916465,5.00722e-06
c6dt04165e_c6dt04165e2_clean,0.0025692731,0.0122112263,0.0248633338,0.125458568,0.2472819777,1.1020644398,2.775804812,2.51669e-06
c6ta00429f_c6ta00429f2_clean,0.0045071795,0.0216035444,0.0440440329,0.2151284524,0.4172570977,1.9166889694,4.8266784269,4.36948e-06
c6ta07145g_c6ta07145g2_clean,0.0069632174,0.0349434744,0.0695218979,0.3136464555,0.5800511539,1.843037581,2.9530886348,7.06159e-06
cg034025wsi20030214_115651_clean,0.0035253427,0.0174453349,0.0348313095,0.1692318403,0.3260782622,1.1785450458,2.0864752428,3.56559e-06
cg050585esi20051105_115011_clean,0.0247652882,0.11531029,0.2166140499,0.7375628233,1.0762910397,2.111884209,2.8536547469,2.48768e-05
cg060732osi20070605_042406_clean,0.0091225181,0.0444376402,0.0891870019,0.4429296942,0.8550602325,3.6925337092,7.6870083815,8.97936e-06
cg100357q_si_002_clean,0.0236389125,0.111386497,0.2096623211,0.740474552,1.158280981,2.3857877113,3.2180884379,2.38303e-05
cg200332y_si_002_clean,0.0120885653,0.0602944729,0.1207927446,0.5786552092,1.1050135498,4.1103759361,6.8209178908,1.20937e-05
cg200606r_si_001_clean,0.0268024426,0.1310834828,0.259097192,1.0494830118,1.8027992407,4.0884572817,5.4022623231,2.69453e-05
cg2007167_si_002_clean,0.0035549798,0.0180241754,0.0365134188,0.1797022753,0.3570513065,1.5912896915,3.9886054767,3.60374e-06
cg3002866_si_001_clean,0.0065488698,0.0325334233,0.0667375994,0.3266358664,0.6392868105,3.0195359338,7.2062379179,6.66685e-06
cg300302n_si_004_clean,0.0023336302,0.0115977509,0.0238395315,0.1113702186,0.2180914286,0.8119990042,1.4876201395,2.34091e-06
cg300827e_si_003_clean,0.0077936438,0.0387856218,0.0773182158,0.35409463,0.693990364,2.5858633254,4.6799223582,7.79019e-06
cg300979c_si_002_clean,0.0036449792,0.0176695726,0.0353177042,0.1773882723,0.3446027645,1.4696105812,3.3498752379,3.54236e-06
cg3015354_si_002_clean,0.0022397211,0.0109088449,0.0217010566,0.108375893,0.2120764365,0.9158390769,2.1094992424,2.20775e-06
cg301577a_si_002_clean,0.0075242158,0.0372748896,0.076029199,0.3368722878,0.6451649966,2.4625281748,5.9868984639,7.53346e-06
cg301725z_si_004_clean,0.0120581435,0.0602330802,0.1185402758,0.5658940214,1.0513699444,3.7179547453,6.1500029906,1.2036e-05
cg400449c_si_001_clean,0.0058958083,0.0294947533,0.0588284618,0.2884645005,0.558304767,2.4028600523,5.9887939773,5.92368e-06
cg401858s_si_002_clean,0.0054979129,0.0271519899,0.0543229446,0.2604709712,0.5090376998,1.9951430829,3.8360847867,5.4222e-06
cg401887b_si_003_clean,0.0063570415,0.0318451444,0.0641978781,0.3165034992,0.6206675201,2.9070484911,7.1989655539,6.34091e-06
cg401887b_si_004_clean,0.0059284984,0.0300648784,0.0596771998,0.2956631134,0.5841437681,2.7549471649,6.9883286929,5.97804e-06
cg500033b_si_002_clean,0.0073828143,0.0359889315,0.0732508462,0.3550512464,0.6554618554,2.4183446417,4.1519390504,7.37884e-06
cg500033b_si_003_clean,0.0147282236,0.0707365949,0.1417827849,0.5545405411,0.9462576403,2.2534843771,3.1436875613,1.46264e-05
cg500091k_si_002_clean,0.0050085891,0.0261058146,0.0509241222,0.2545103723,0.5005531507,2.1851925023,5.0557588361,5.16994e-06
cg500121f_si_004_clean,0.0124576132,0.0618774046,0.1240806888,0.5578769297,0.9860590313,2.6663584321,3.9017286931,1.25116e-05
cg500149s_si_002_clean,0.0026722609,0.0132167372,0.0262665512,0.1256022242,0.2379310765,0.802478609,1.431515115,2.66172e-06
cg500192d_si_002_clean,0.0117438682,0.0561943496,0.1133175315,0.4981676621,0.8894935763,2.7151285063,4.8748837022,1.14685e-05
cg500192d_si_003_clean,0.0039615596,0.0205630117,0.0424642091,0.2094558707,0.4120585082,1.9724592,5.5782502115,4.20328e-06
cg501012e_si_002_clean,0.0074374343,0.0361322465,0.0705931356,0.3459031869,0.6522890461,2.4625936078,5.316314494,7.31706e-06
cg5010616_si_003_clean,0.0150725759,0.0741452023,0.1491283761,0.6896920073,1.2387946554,3.6465748298,5.2340594649,1.51038e-05
cg5010616_si_007_clean,0.0142673377,0.0701473799,0.1386362746,0.6549598343,1.1678682238,3.5257607251,5.1541597551,1.4156e-05
cg501141m_si_002_clean,0.0093686425,0.0467290565,0.0915174577,0.4297757048,0.798833742,2.8002079079,5.1936213207,9.46952e-06
cg501141m_si_003_clean,0.0126229531,0.0611283225,0.1237631328,0.5469447786,1.0038306881,3.1144852455,5.0773857172,1.24622e-05
cg501231v_si_001_clean,0.0054115483,0.0274207246,0.0535687947,0.2634815353,0.5134751462,2.1267008493,4.8950718864,5.41966e-06
cg5012617_si_002_clean,0.0027474293,0.0136653497,0.0269749057,0.1275624099,0.2372776975,0.8582940508,1.6503370821,2.68988e-06
cg501279y_si_002_clean,0.0131233499,0.0634988243,0.1257626347,0.5463715712,0.9163962486,2.2585768144,3.1896676054,1.29221e-05
cg501332u_si_002_clean,0.0024633428,0.0125853286,0.0254392719,0.1235023866,0.2415783393,0.9538446366,1.997085919,2.5711e-06
cg501560z_si_002_clean,0.0019594875,0.009886936,0.0195780285,0.0985208429,0.1983157212,0.972694453,2.9161712529,1.97961e-06
cg501560z_si_003_clean,0.0018573541,0.0093373108,0.018413497,0.0928129536,0.186990494,0.9320253472,2.7382285162,1.85717e-06
cg501730q_si_002_clean,0.0055694507,0.0280787817,0.0554629787,0.2732160462,0.5286874521,2.201398837,4.8351486386,5.62021e-06
cg800424t_si_002_clean,0.003625746,0.0181252421,0.0374119786,0.1843846194,0.3655149616,1.644496434,3.9562103589,3.72909e-06
cg8013317_si_003_clean,0.0123363231,0.0611964687,0.1210696379,0.5698890474,1.0464448909,3.4611720703,5.523833613,1.22668e-05
cg900153m_si_001_clean,0.0044908221,0.0229808536,0.0462132609,0.2295046462,0.4613847009,2.1651097576,5.9529544521,4.60893e-06
cg901114e_si_002_clean,0.0034969364,0.0170660226,0.0337272831,0.1654330621,0.3130044747,1.1442000349,2.1456093672,3.44202e-06
cg901128k_si_004_clean,0.001773049,0.0090636837,0.0183595405,0.0849743909,0.1585842023,0.5382200904,0.9279981759,1.83435e-06
cg901312t_si_002_clean,0.0051161773,0.0256977128,0.0518869008,0.2595070169,0.5041710768,2.2678745148,5.7379358911,5.19579e-06
cm071462f-file004_clean,0.008394349,0.0427591488,0.0833763511,0.3934642968,0.7233344626,2.508026825,4.5042064855,8.40842e-06
cm1008587_si_003_clean,0.0072823133,0.035891233,0.072274546,0.3448798089,0.6543816548,2.3847751284,4.3519650377,7.19856e-06
cm202876r_si_002_clean,0.0174546767,0.0886469354,0.1700054918,0.6908322745,1.1470075224,2.4371381609,3.147834111,1.80088e-05
cm301726k_si_004_clean,0.0064524748,0.0322604595,0.0637665346,0.3062015229,0.5706170485,1.9776126919,3.4556946951,6.45147e-06
cm303749m_si_001_clean,0.0054829017,0.0274970327,0.0546474642,0.2712567422,0.5336107837,2.2802203208,5.7759184191,5.56179e-06
cm303749m_si_002_clean,0.00497881,0.0258236836,0.0512208858,0.2513460476,0.5020643531,2.1788643166,5.6614772391,5.1794e-06
cm500700z_si_002_clean,0.0096519915,0.0481072252,0.0978962634,0.4659710461,0.8889277056,3.5870192288,7.2030576318,9.73914e-06
cm500700z_si_003_clean,0.0069591215,0.0343681274,0.0683842125,0.3350908137,0.6358543621,2.7397554083,5.5950938402,6.87682e-06
cm501138g_si_002_clean,0.0072716847,0.0371049658,0.0736312966,0.3349030561,0.6250781478,2.17693057,5.073856084,7.57804e-06
cm501138g_si_005_clean,0.0076720794,0.0391250217,0.0769196997,0.3524403447,0.6407632879,2.3089729976,5.2934790435,7.88581e-06
cm501138g_si_006_clean,0.0073801787,0.0376526024,0.0743881718,0.3420894955,0.6268011366,2.2204108529,5.1814279365,7.60149e-06
cm501138g_si_008_clean,0.0078839011,0.0377740124,0.076614883,0.3485681403,0.6265350679,2.2789459771,5.231854422,7.77795e-06
cm501138g_si_009_clean,0.00723552,0.0369835558,0.0733290632,0.3357012624,0.6203276582,2.2065442798,5.1564200576,7.58114e-06
cm501138g_si_010_clean,0.0074060106,0.0372754564,0.0724016974,0.3325523517,0.6162617144,2.2047205464,5.0886784381,7.55637e-06
cm501138g_si_011_clean,0.0074163434,0.0373917001,0.0723784486,0.3347403151,0.6205756446,2.224117733,5.1632371005,7.44952e-06
cm501138g_si_012_clean,0.0074499249,0.0370016381,0.0740626896,0.3391239914,0.6096849083,2.200995584,5.0990318704,7.51507e-06
cm503311x_F-mil-53-Al-lp-mono_clean,0.0097806185,0.0493988994,0.0987085535,0.4777182622,0.9167338336,3.8352155195,7.4039810773,9.83267e-06
cm503311x_F-mil-53-Al-lp-ortho_clean,0.009980594,0.049395594,0.0970922228,0.4796667835,0.908962886,3.8526464392,7.4264675753,9.79171e-06
cm503311x_OH-mil-53-Al-lp-ortho_clean,0.0091100216,0.0469983677,0.0927336793,0.4548136556,0.8641122418,3.5581224808,7.0311847236,9.35029e-06
cm503311x_alf100K_clean,0.00758666,0.03765426,0.0753631148,0.3745812296,0.7227163167,3.088195265,6.4394486657,7.57851e-06
cm503311x_alf11K_clean,0.0076614752,0.0370577608,0.0744754432,0.369966955,0.7111159252,3.0206109032,6.2573061417,7.48594e-06
cm503311x_alf125K_clean,0.0077261802,0.0381253932,0.074855585,0.3701853344,0.7122988133,3.0605197277,6.2856145747,7.53281e-06
cm503311x_alf150K_clean,0.0072873995,0.0369970999,0.0745482363,0.3657651747,0.7197601074,3.0443131498,6.3233092753,7.5245e-06
cm503311x_alf175K_clean,0.0075361093,0.0377594056,0.0752822335,0.3696232098,0.7357402179,3.052370943,6.3135651082,7.58795e-06
cm503311x_alf200K_clean,0.0075401533,0.0381577457,0.0753894012,0.3748946444,0.7143794831,3.0634779589,6.2897051433,7.62207e-06
cm503311x_alf225K_clean,0.0075765499,0.0378867935,0.0758827767,0.374279947,0.7265096467,3.0226551765,6.2017852164,7.59915e-06
cm503311x_alf250K_clean,0.0075583516,0.0382709794,0.0758989529,0.3756609941,0.7299187908,3.0645172828,6.2686558013,7.65114e-06
cm503311x_alf275K_clean,0.0076028363,0.0383437725,0.0771323918,0.37525861,0.7284669726,3.0803821375,6.2759654431,7.684e-06
cm503311x_alf290K_clean,0.0075927261,0.0388229938,0.0765278046,0.3755983111,0.7319185794,3.1045656274,6.3842108248,7.73354e-06
cm503311x_alf300K_clean,0.0077504446,0.0386490992,0.0775671285,0.3809445609,0.7361891087,3.0756323868,6.3472582096,7.73283e-06
cm503311x_alf325K_clean,0.007647321,0.0377695157,0.0744410686,0.373169852,0.7305375323,3.0165789736,6.1551895357,7.60665e-06
cm503311x_alf350K_clean,0.0074896026,0.0379656527,0.0740609268,0.3647602254,0.7166077612,2.945284185,5.9414588445,7.50483e-06
cm503311x_alf375K_clean,0.0074976907,0.0377169429,0.0741984249,0.3612580678,0.6993841018,2.8788665351,5.8410609648,7.42528e-06
cm503311x_alf400K_clean,0.0074289416,0.037134598,0.0746837124,0.3667822563,0.7064470558,2.9309419197,5.9474521442,7.5182e-06
cm503311x_alf40K_clean,0.0076372108,0.0376279736,0.0748333427,0.3687638466,0.7062468747,3.0342980306,6.2779146809,7.48866e-06
cm503311x_alf425K_clean,0.0077929072,0.0374945195,0.0756927058,0.3713480021,0.7182476283,2.9816443452,6.0611226349,7.56041e-06
cm503311x_alf475K_clean,0.0075543076,0.0378867935,0.0761537288,0.3709961688,0.7247282374,3.0071643976,6.0945751146,7.6123e-06
cm503311x_alf500K_clean,0.0073682807,0.0373731977,0.0757210142,0.3652980856,0.7019096184,2.8922766442,5.8684817262,7.4269e-06
cm503311x_alf70K_clean,0.0076432769,0.0376077532,0.0749000697,0.3721588365,0.7119085613,3.0572157291,6.3193946234,7.57473e-06
cm503311x_aloh150K_clean,0.0081870559,0.0392383632,0.0780273618,0.3888707903,0.7445747709,3.1816068672,6.6189309868,7.90097e-06
cm503311x_aloh175K_clean,0.0079387767,0.0392568303,0.0786572931,0.3847382764,0.7433887764,3.1533420315,6.5984530877,7.82368e-06
cm503311x_aloh200K_clean,0.0077848847,0.039262986,0.0774220531,0.3839585568,0.7422150932,3.1375896435,6.571460426,7.84931e-06
cm503311x_aloh225K_clean,0.0078874794,0.0393676325,0.0784172216,0.3895807456,0.7593504575,3.1742036347,6.5710931371,7.86089e-06
cm503311x_aloh250K_clean,0.0079839184,0.0389449424,0.0792092525,0.3849475696,0.7446034974,3.2072822131,6.6379951312,7.89632e-06
cm503311x_aloh275K_clean,0.0078997907,0.0395830814,0.0787886143,0.3928678793,0.750094365,3.2024069136,6.6642901489,7.90492e-06
cm503311x_aloh300K_clean,0.007817715,0.0389223716,0.0777790826,0.383240394,0.7320192334,3.1613156904,6.567793692,7.82801e-06
cm503311x_aloh325K_clean,0.0079203097,0.0391501318,0.0787044867,0.3859386342,0.7450610697,3.1478819423,6.5131702298,7.84301e-06
cm503311x_aloh350K_clean,0.0079736589,0.0389634095,0.0773153546,0.3808027443,0.7479090982,3.1637471844,6.5636960603,7.82088e-06
cm503311x_aloh375K_clean,0.0077048608,0.038817725,0.0789835442,0.3836548766,0.7458428412,3.1839562855,6.6236277715,7.90941e-06
cm503311x_aloh400K_clean,0.0081049801,0.0391337167,0.0787311613,0.3907441693,0.7600993987,3.2101651237,6.7009882678,7.91233e-06
cm503311x_aloh425K_clean,0.0079633995,0.0390967826,0.078388495,0.3852820283,0.7474535778,3.1847544721,6.6370020146,7.89558e-06
cm503311x_aloh450K_clean,0.0077007571,0.0391603913,0.0785608541,0.3849803999,0.7513439682,3.2101220339,6.6817640757,7.87366e-06
cm503311x_aloh475K_clean,0.0079244135,0.0390926788,0.0781935651,0.3884296332,0.7578874572,3.2085728542,6.6621582314,7.87556e-06
cm503311x_aloh500K_clean,0.0079654513,0.0395687181,0.077945286,0.3922646225,0.756192593,3.2119400118,6.7037911546,7.92574e-06
cm504350q_si_002_clean,0.0065203313,0.0314923884,0.0628701357,0.2698859535,0.4896255657,1.5453180546,2.6610357438,6.48436e-06
cm901983a_si_001_clean,0.0401497243,0.1945760285,0.3353808958,0.8357754008,1.1449081267,2.6870131186,5.8905518046,4.42428e-05
comp2_clean,0.0031963066,0.0155739081,0.0300445861,0.1458719193,0.2683151549,0.9772336926,1.7964641087,3.09224e-06
ic025743v_s1_clean,0.0017067221,0.0080124148,0.0163453262,0.0827285718,0.1645376607,0.7636624773,2.0795888132,1.64568e-06
ic034943jsi20030807_040506_clean,0.0068120908,0.0342046254,0.0681846763,0.3094690999,0.5546720237,1.605081458,2.323425724,6.93285e-06
ic050064gsi20050115_040515_clean,0.0066415407,0.0329528922,0.0660085309,0.3207564162,0.6269967916,2.6206981406,5.701481208,6.58865e-06
ic051810ksi20060220_094504_clean,0.0052495227,0.0258417094,0.0515355814,0.2515309854,0.4870851625,2.0904992298,4.5932260505,5.17584e-06
ic0520162si20051122_054836_clean,0.0019007036,0.0096990873,0.0191697886,0.0920209276,0.1725817566,0.6785143711,1.3443752716,1.92739e-06
ic060030osi20060309_091447_clean,0.0037844449,0.0190895771,0.0377740854,0.1882048213,0.3675551824,1.5225867982,3.2587608231,3.79644e-06
ic060608urom20060410_101638_clean,0.0142308209,0.0711684396,0.1428777026,0.5971940537,1.0521763343,2.5365630293,3.3500512258,1.44968e-05
ic060771psi20060614_113937_clean,0.0067625016,0.0335202154,0.0663743213,0.3146820075,0.5940383449,2.0210932127,3.4108817454,6.66444e-06
ic062019u-file003_clean,0.0050350629,0.0255667225,0.0502944322,0.2387371094,0.4501387665,1.5914653773,2.7642820821,5.1222e-06
ic070274o-file006_clean,0.0052572822,0.0254991974,0.0516000866,0.2558794694,0.5112098951,2.3653156796,6.1555779548,5.15203e-06
ic100188w_si_002_clean,0.0049943615,0.0256441928,0.0500558741,0.2270826604,0.4127721088,1.1704650429,1.8192970336,5.07602e-06
ic1010083_si_002_clean,0.012628824,0.0631938333,0.1214862603,0.4965760448,0.8394264636,2.2057393514,3.5008534678,1.27939e-05
ic101789u_si_002_clean,0.0101733584,0.050538522,0.0992670415,0.4880561778,0.9565938429,3.8917583233,7.7368902598,1.00064e-05
ic101935f_si_002_auto,0.0035582669,0.0179846915,0.0357760261,0.1803654623,0.3585512663,1.7505832094,5.117897771,3.62086e-06
ic102347b_si_001_clean,0.0059814844,0.0297754264,0.0595960092,0.296878925,0.5766800521,2.6215105878,6.0165813353,5.94103e-06
ic200054b_si_002_clean,0.0492983435,0.2303910232,0.4366467266,1.4936823827,2.2541336172,4.2318976326,5.3410383727,4.91486e-05
ic2017598_si_001_clean_h,0.0035025255,0.0164979907,0.031900174,0.1612216935,0.3237786487,1.5550563684,4.4756187586,3.25174e-06
ic202626c_si_002_clean,0.0068615686,0.0341582139,0.0702573327,0.3216615023,0.6202202526,2.2918280505,4.0085868225,6.93057e-06
ic202769e_si_002_clean,0.0056167773,0.0274129185,0.0548606758,0.2538659482,0.4463576686,1.1879722763,1.6597699591,5.57362e-06
ic300665a_si_002_clean,0.0061490011,0.030502378,0.0601844008,0.2816482369,0.5213842013,1.8857867435,3.65873712,6.13388e-06
ic3019502_si_002_clean,0.007009378,0.0353539274,0.0723322671,0.3545207449,0.6918893765,3.0811923994,7.0210191685,7.11225e-06
ic302758g_si_002_clean,0.0224888562,0.1105096565,0.2151771953,0.8104942632,1.2661873557,2.3499608506,2.9673025703,2.3091e-05
ic400607w_si_001_clean,0.0047273942,0.0228990271,0.0457885691,0.2229159869,0.4376842377,1.8756828147,4.2909658089,4.56882e-06
ic400777c_si_002_clean,0.0144918673,0.0707899139,0.1419295156,0.626013364,1.074773706,3.0981460444,4.8491671047,1.47283e-05
ic401157n_si_002_clean,0.0054602015,0.0275231473,0.05451538,0.268156314,0.5333248449,2.2619562095,5.1560940114,5.48644e-06
ic401157n_si_003_clean,0.0097783948,0.049123939,0.0988265945,0.4734163585,0.891617907,3.5984827782,7.4250300555,9.87901e-06
ic402058f_si_002_clean,0.0108109384,0.0529986802,0.1026983228,0.4583217997,0.7701487545,2.0425931639,3.0611490684,1.08095e-05
ic402058f_si_003_clean,0.0135268531,0.06762468,0.1346454684,0.5843354519,1.0308062776,2.7736295506,4.0168523148,1.35984e-05
ic402058f_si_004_clean,0.0110266139,0.0547304753,0.1083490231,0.4922371847,0.870648784,2.5639273813,3.9195954071,1.10626e-05
ic402058f_si_005_clean,0.0111132836,0.0545419589,0.1061135856,0.4570776711,0.7769724904,1.9490087321,2.8262811529,1.10468e-05
ic402692p_si_002_clean,0.0085899075,0.043861859,0.0856273915,0.4088004419,0.7428039536,2.848530401,5.7554426571,8.81831e-06
ic402692p_si_003_clean,0.0130802262,0.0651220648,0.1295956331,0.5764601717,1.0674490454,3.2764963244,5.1621551772,1.31071e-05
ic402692p_si_004_clean,0.0058579466,0.0289211582,0.0576085446,0.2827018046,0.5533925152,2.3596057846,5.3591269618,5.81071e-06
ic402692p_si_005_clean,0.0062487429,0.0313634349,0.0614698049,0.303323424,0.5931018081,2.5582832228,5.437280929,6.20064e-06
ic403134c_si_002_clean,0.021737872,0.1082355161,0.2095665043,0.8650176995,1.4936311076,3.3216896356,4.4204441718,2.18504e-05
ic403175w_si_002_clean,0.0106536141,0.0507997856,0.0940098899,0.3048449207,0.4296243567,0.729329398,0.9599947187,1.07611e-05
ic500323r_si_001_clean,0.0023605654,0.0115839512,0.0232749868,0.1122621841,0.2213330155,0.8665004925,1.683372627,2.32755e-06
ic500323r_si_002_clean,0.0029452815,0.0146586559,0.0291217267,0.1407305109,0.2719630002,1.0242011947,1.8972483431,2.91175e-06
ic5005374_si_003_clean,0.0065227747,0.0322650158,0.0648918099,0.3194415304,0.6333250279,2.9132942672,7.3676796511,6.45934e-06
ic5008457_si_002_clean,0.0058557575,0.0288374843,0.0582835794,0.2821917448,0.5544856832,2.2884785451,4.8646093592,5.81764e-06
ic5011133_si_002_clean,0.0075989037,0.0389434169,0.0775917495,0.3707204224,0.7051454723,2.7511869265,5.161186936,7.77824e-06
ic5011133_si_003_clean,0.0063192992,0.0318444653,0.0633496044,0.3101468207,0.6154125636,2.5061959629,5.3293304924,6.38677e-06
ic5011133_si_004_clean,0.0051789719,0.0264088192,0.0519555126,0.2569694369,0.498138761,2.2055850802,4.9419805869,5.18646e-06
ic501477u_si_002_clean,0.0049487237,0.023564363,0.0477927056,0.2387940749,0.4726255932,2.1420780568,5.5692784514,4.76885e-06
ic501801f_si_002_clean,0.004201064,0.0205278371,0.0406803686,0.2003659948,0.3905397918,1.6934630494,3.9189246367,4.07779e-06
ic501801f_si_003_clean,0.0030219852,0.0157421325,0.0317864636,0.1556897094,0.309358582,1.3618047764,3.3854484058,3.16616e-06
ic501849g_si_002_clean,0.0051168508,0.0255668736,0.0506835895,0.2491527464,0.4839386826,1.9506568633,4.0123236666,5.17639e-06
ic5021302_si_002_clean,0.0072570274,0.0358985683,0.0712383844,0.3515379035,0.6593293856,2.6122158916,5.0112568135,7.25513e-06
ic502254c_si_002_clean,0.003647581,0.01778767,0.0357073638,0.1798689054,0.3559040423,1.6480905048,4.4391433251,3.6256e-06
ic502478u_si_003_clean,0.0011559444,0.0055162419,0.0109720616,0.0537905397,0.1062716033,0.4305323278,0.9333740781,1.11514e-06
ic502488c_si_002_clean,0.014268109,0.0711075886,0.1398702093,0.6232204519,1.1255499171,3.395600095,5.2964217993,1.41523e-05
ic502643m_si_003_clean,0.0056969429,0.0287625317,0.0570144193,0.283595278,0.5386282327,2.4980054051,6.0219329277,5.7458e-06
ic502643m_si_006_clean,0.0060047569,0.0304224451,0.060084302,0.2921782038,0.5550165043,2.5323836008,6.1122828904,6.03338e-06
ic502643m_si_007_clean,0.0050922066,0.0250987741,0.0494400979,0.2471510907,0.4963481205,2.2006894947,5.721030296,5.02155e-06
ic502643m_si_008_clean,0.0072253896,0.0355385614,0.0708790325,0.3478071919,0.65814003,2.6506334007,5.93161144,7.15574e-06
ic502643m_si_009_clean,0.0055156668,0.0264012837,0.0514326895,0.255074484,0.5018975625,2.2836186438,5.9346928215,5.20689e-06
ic502643m_si_010_clean,0.0053441402,0.0252765531,0.0489145539,0.2469373631,0.4857295742,2.1883956424,5.849984656,5.00791e-06
ic502643m_si_011_clean,0.005555984,0.0285699912,0.0575841699,0.284724156,0.565355962,2.5736621399,6.8906944885,5.70771e-06
ic502643m_si_012_clean,0.0064385763,0.0322782284,0.0640170639,0.3134248409,0.6296661322,2.8033820588,7.2473276927,6.42652e-06
ic502725y_si_004_clean,0.0029808062,0.0142065134,0.0287046755,0.1401001081,0.2819745055,1.2094632142,2.8500077785,2.87493e-06
ic502730y_si_002_clean,0.0052053988,0.0266673825,0.0534454863,0.2584729652,0.5104807023,2.1658139951,4.6747728499,5.29928e-06
ic502921j_si_002_clean,0.0041299654,0.0209235067,0.0409318577,0.2010221945,0.3929473198,1.7437085305,4.1274675772,4.1348e-06
ic502921j_si_003_clean,0.0043828923,0.0224688144,0.0438772322,0.2165914483,0.4059954379,1.5871999981,3.2436095968,4.47163e-06
ic5029383_si_002_clean,0.0049830566,0.0249484233,0.0502975397,0.2487732282,0.4928616601,2.2696798692,5.9721240969,5.04789e-06
ic5b00096_auto,0.0021978944,0.01124146,0.0222353529,0.1111436084,0.2201320572,1.0620729815,3.0312441785,2.22588e-06
ic5b00096_si_002_clean,0.0070669699,0.0357228504,0.0706153058,0.3303934189,0.6327383423,2.3314700029,4.5209039291,7.13862e-06
ic5b00130_si_002_clean,0.0046627369,0.0231358378,0.0455602891,0.2078051741,0.3719776871,0.9972060977,1.5138749214,4.71915e-06
ic5b00194_si_002_clean,0.0097621164,0.0480331665,0.0955221423,0.4555099019,0.8891522189,3.4724036803,7.4524744328,9.58578e-06
ic5b00535_si_002_clean,0.0054627301,0.0271038499,0.054178011,0.2605999341,0.5063455968,2.1841043848,5.3749740887,5.34585e-06
ic5b00561_si_002_clean,0.0188586873,0.0894110033,0.1634458131,0.5131606931,0.7758219058,1.6525493582,2.5184195675,1.96353e-05
ic5b01023_si_002_clean,0.0111100432,0.056612221,0.1125224748,0.5009074286,0.9379017506,3.1520342949,5.6366596414,1.13133e-05
ic700893w-file001_clean,0.0025832296,0.0127810286,0.0263217054,0.1200052724,0.2244154132,0.6841015491,1.100405812,2.58931e-06
ic7014034-file001_clean,0.0089664413,0.0434427635,0.0864272804,0.4194770318,0.7984347666,3.0296475541,5.7343590184,8.74761e-06
ic7025158-file001_clean,0.0019067421,0.0096417961,0.0192780493,0.0956682896,0.190810008,0.8174754813,1.9294941142,1.93198e-06
ic800131r-file003_clean,0.0037438559,0.0187934151,0.038138215,0.1877441784,0.3724765916,1.8117992023,5.4313108732,3.73193e-06
ic8004536-file004_clean,0.001257643,0.0060345006,0.0120003032,0.0601631126,0.1208235055,0.5626480956,1.5377070795,1.2066e-06
ic8008859_si_001_clean,0.0054851106,0.0272991993,0.0540873425,0.265951151,0.4977213308,1.9502772285,3.7329065968,5.47934e-06
ic9002115_si_001_clean,0.0096318413,0.0483655804,0.0967327361,0.4277693841,0.7998595106,2.2498588535,3.2953066855,9.78293e-06
j.ica.2016.05.002_2_clean,0.0042208282,0.0212420477,0.0428332636,0.2090652339,0.4092721569,1.7126219396,3.7781121569,4.29926e-06
j.ica.2016.08.030_3_clean,0.0071775815,0.0378614791,0.0746742513,0.3645362967,0.7127069697,2.941954707,5.9618246438,7.52928e-06
j.inoche.2015.01.025_INC05862-mmc2_clean,0.013417103,0.0678459625,0.1332790096,0.605667409,1.1226835929,3.3403903388,4.9782558985,1.3538e-05
j.inoche.2015.02.023_INC05895-mmc1_clean,0.0241163697,0.1199676655,0.2323896558,0.9702660921,1.6730728908,3.7197077153,4.9452902361,2.43204e-05
j.inoche.2015.03.028_inc05925-mmc2_clean,0.0112475795,0.0566945099,0.1118421281,0.5285989599,1.0236282415,3.952975045,7.1288913145,1.13219e-05
j.inoche.2015.03.054_CIFs_clean,0.0032806534,0.0167450517,0.0335358353,0.1673012874,0.3277572496,1.5403497982,4.3392598033,3.34731e-06
j.inoche.2015.12.019_1_clean,0.0096567178,0.0484049046,0.0965723773,0.46637337,0.8723731899,3.4590477557,6.2136438401,9.68231e-06
j.jssc.2014.11.015_mmc2_clean,0.0179773411,0.0890739043,0.1781417316,0.7547353606,1.3674447127,3.7696720474,5.7286522592,1.81167e-05
j.jssc.2015.05.012_mmc6_clean,0.0069878947,0.0348618017,0.0686578477,0.3236676172,0.5814710166,1.948509742,3.2184106197,6.95414e-06
j.jssc.2015.08.048_mmc2_clean,0.0796807872,0.3828420639,0.6963622753,2.4213435413,3.4682049296,5.7003070645,6.8887385013,8.02235e-05
j.jssc.2016.06.015_ZJU-10_clean,0.0085044457,0.0414109635,0.0832490014,0.3952617091,0.7238649496,2.8272695273,6.4934656901,8.49893e-06
j.jssc.2016.09.008_mmc8_clean,0.004548739,0.0224755114,0.0450548358,0.2130190561,0.4058603281,1.4056728124,2.5169562203,4.53221e-06
ja039022msi20031007_110612_clean,0.0056907558,0.0281476623,0.055383248,0.2531809207,0.4440445531,1.142612423,1.6210499166,5.73556e-06
ja0660047si20060818_060256_clean,0.0118351114,0.058709608,0.1185178752,0.5740462301,1.1043488159,4.5893616072,8.3941447553,1.18927e-05
ja0660047si20060818_060458_clean,0.019094072,0.0928512153,0.1881695637,0.8824071682,1.7078448802,5.6475872424,8.6624866999,1.88329e-05
ja0734952si20070516_030528_clean,0.015583856,0.0746975589,0.1417296993,0.5456139453,0.9037985641,2.6542296662,4.9149561881,1.57684e-05
ja074366osi20070816_031204_clean,0.0035349938,0.0166197471,0.0341283159,0.1681252807,0.3342009956,1.6159305045,4.6848814646,3.35821e-06
ja0752540-file002_clean,0.0037537406,0.0188108356,0.0376117965,0.1819721557,0.3499135373,1.5664342541,3.556546143,3.72431e-06
ja076167asi20070815_063752_clean,0.0052551526,0.0252992118,0.0512124822,0.2486362642,0.4960146988,2.1971648398,5.2752303282,5.09341e-06
ja078060t-file002_clean,0.0078467188,0.0387730692,0.0785450543,0.379479067,0.7362500369,3.2529999892,7.9067249342,7.8072e-06
ja101440z_si_001_clean,0.0098484875,0.0486527886,0.0960527608,0.452557806,0.8266727991,2.7698946135,4.6626466805,9.84885e-06
ja102862j_si_005_clean,0.0080061402,0.0395610209,0.078107997,0.3680832928,0.7031761098,2.7822449261,6.0102645705,7.90839e-06
ja109659k_si_002_clean,0.006851664,0.0331819479,0.0676357468,0.3260293406,0.6269433366,2.4579484618,4.9571578469,6.712e-06
ja110042b_si_003_clean,0.0052066327,0.0257692411,0.0514325542,0.2526096607,0.4955403707,2.2995057468,6.1319913863,5.10279e-06
ja111042f_si_002_clean,0.0052216629,0.0275688959,0.0561868469,0.2772304967,0.5489020138,2.5571879722,6.8935766222,5.56932e-06
ja202154j_si_003_clean,0.0038360887,0.0190179646,0.0377545631,0.1922799836,0.3748211365,1.6815760363,4.1856463465,3.81921e-06
ja203898s_si_004_clean,0.0097672332,0.0494242536,0.0975509805,0.4732580756,0.902599385,3.342114452,6.1672998766,9.76389e-06
ja205976v_si_004_clean,0.002716285,0.0131727801,0.0260736313,0.1304042133,0.2602645687,1.1553600865,2.8218655074,2.62623e-06
ja205976v_si_006_clean,0.0041986175,0.0210948279,0.0422205413,0.2090351918,0.4175289782,1.8957657114,4.6468648318,4.22388e-06
ja206917z_si_001_clean,0.001611673,0.0077217786,0.0156073021,0.077369402,0.1474749043,0.6201969473,1.3485245704,1.56816e-06
ja300034j_si_002_clean,0.0038901595,0.0200139564,0.0397702313,0.197974208,0.3945997442,1.8275063394,4.8356179078,3.9578e-06
ja302110d_si_001_clean,0.0041954597,0.0204262655,0.0412598161,0.2046431634,0.4077783853,1.8929612406,4.8782358418,4.11077e-06
ja302340b_si_002_clean,0.0065972959,0.032471845,0.0649346215,0.3055046755,0.5742005208,2.0094320364,3.9384790831,6.52919e-06
ja302380x_si_003_clean,0.0089063711,0.0430913958,0.0845352071,0.4106800514,0.7524267364,2.7772892608,5.0156473541,8.6039e-06
ja3082523_si_004_clean,0.0042924062,0.0213586252,0.0428227667,0.2099923639,0.4192714371,1.9452957187,5.1810250819,4.30024e-06
ja308995t_si_002_clean,0.0068641459,0.0342280753,0.0670946458,0.311884966,0.5834807154,1.9333985309,3.4222078482,6.80381e-06
ja4012707_si_003_clean,0.0072872439,0.0368945643,0.0725969911,0.354637789,0.6953599611,2.9362348309,5.9362413092,7.26884e-06
ja4012707_si_004_clean,0.0050820097,0.0263924787,0.0522616069,0.259843571,0.5066561712,2.2857497963,5.4470398904,5.22928e-06
ja4015666_si_002_clean,0.0042711955,0.0218489071,0.0425958199,0.2135417102,0.4301468096,1.9991311246,5.4030132899,4.3309e-06
ja4015666_si_003_clean,0.0042453877,0.0215676018,0.0442423593,0.2178361328,0.4278395898,2.0042281706,5.4016635405,4.36179e-06
ja4015666_si_005_clean,0.0045956179,0.0226415161,0.0444403336,0.2217512164,0.4438744349,2.0392750716,5.5081669014,4.48744e-06
ja403810k_si_002_clean,0.0033746509,0.0165051109,0.0330768383,0.1643884503,0.3224430752,1.539221238,4.3913219319,3.28911e-06
ja403810k_si_003_clean,0.0034461351,0.0178446241,0.0356491411,0.1772353121,0.3591338589,1.7347464394,5.0821776464,3.56794e-06
ja4050828_auto,0.0032332859,0.015805897,0.0325936698,0.161553067,0.3248704419,1.5297776381,4.121327245,3.26217e-06
ja406030p_si_002_manual,0.0070301046,0.035252606,0.0691554501,0.3184371985,0.5873551476,2.1575207382,4.7649908582,7.10628e-06
ja406030p_si_003_clean,0.0078746963,0.0380961995,0.0761698918,0.3386569543,0.6262029378,2.0974797928,4.6348031516,7.76747e-06
ja406030p_si_004_clean,0.0080119709,0.0390737657,0.0752467871,0.3521295444,0.6570802215,2.3071819191,5.0820273724,7.94042e-06
ja406030p_si_005_manual,0.0077481032,0.0397073776,0.0770345844,0.3531740221,0.6586627357,2.2886200747,4.9897652228,7.92245e-06
ja406030p_si_006_manual,0.0080317736,0.0380138996,0.0760067184,0.354019921,0.6448291513,2.3418601702,5.1945021418,7.68202e-06
ja406030p_si_007_manual,0.0077055646,0.0396104227,0.0778884147,0.363001651,0.6718365633,2.356558075,5.0872769085,7.8882e-06
ja406030p_si_008_manual,0.0079862454,0.0398263516,0.0788372987,0.3564602673,0.659282121,2.3204054246,5.0711163562,7.9449e-06
ja406030p_si_009_manual,0.0080146494,0.0404108931,0.0792655683,0.3677015549,0.6757311633,2.46787989,5.4333027174,8.02369e-06
ja406844r_si_002_clean,0.0070604806,0.0354300187,0.0701581507,0.3326304763,0.6338314106,2.5290197594,5.9295330869,7.10107e-06
ja407778a_si_003_clean,0.006761109,0.0339599227,0.0678032746,0.3272962772,0.6501817656,2.7314785934,5.924590336,6.72777e-06
ja408959g_si_002_clean,0.0038387397,0.0186134685,0.0376611489,0.1877985236,0.3797893044,1.7773710613,4.9760402973,3.79854e-06
ja408959g_si_003_clean,0.0035657528,0.0171987164,0.0349619915,0.1729423973,0.3407608599,1.5545304611,3.940576857,3.51511e-06
ja410368j_si_002_clean,0.004347303,0.0220931762,0.0438653573,0.2163209259,0.4328082936,1.9632907822,4.6557534696,4.41121e-06
ja411887c_si_002_clean,0.0049967445,0.0262433591,0.0506153776,0.2558330397,0.4992968376,2.3399910549,5.9856846753,5.2103e-06
ja500330a_si_005_clean,0.0039194117,0.0201443054,0.0403188932,0.1936485724,0.3758222666,1.4974315793,3.1976148459,4.08225e-06
ja500330a_si_006_auto,0.0020613702,0.0105379191,0.0206143778,0.1050102931,0.2057573131,1.0095126529,2.8389047359,2.07985e-06
ja500330a_si_007_auto,0.0008934139,0.0043153578,0.0083537813,0.0428959083,0.0848815459,0.4155145284,1.1783479288,8.50946e-07
ja500330a_si_009_auto,0.00196322,0.0098386658,0.0195419371,0.0974033119,0.1913853094,0.8934083083,2.3884940772,1.95031e-06
ja501810r_si_002_clean,0.0081386084,0.0408318291,0.0812117111,0.3801801292,0.7407984173,3.0193383238,7.3189434549,8.05182e-06
ja5063423_si_002_clean,0.0039072304,0.0188095442,0.0376122337,0.1870946429,0.3736843163,1.7730188969,4.7255826671,3.77269e-06
ja506357n_si_002_clean,0.0154432407,0.075301191,0.1474464796,0.6277498938,1.0715686125,2.4512300343,3.2345774455,1.55761e-05
ja507119n_si_002_clean,0.0111008453,0.0499953329,0.0837105248,0.2753326038,0.4264543957,1.3857394759,3.0580224864,1.1086e-05
ja507269n_si_002_clean,0.0041834507,0.0207358901,0.0420199008,0.2080319606,0.4147701951,1.9268740193,5.2995816509,4.19193e-06
ja507269n_si_003_clean,0.0049516,0.0239988699,0.0468115987,0.239522869,0.4783858123,2.2001365112,6.0656022228,4.81969e-06
ja507947d_si_001_auto,0.0030022722,0.0138958158,0.0278158826,0.1399039464,0.2787942015,1.3413609155,3.7797831495,2.80332e-06
ja507971r_si_004_clean,0.0295719106,0.1411946538,0.2683471855,0.9564054338,1.4440239921,2.5926057863,3.2539146801,2.95206e-05
ja508679h_si_001_clean,0.2502794406,0.7418886557,0.9976581232,1.8881906771,2.5919550323,5.7140195123,9.0807058325,0.000316345
ja5103103_si_002_auto,0.0028184969,0.0143314885,0.0288728341,0.1437550023,0.2862566916,1.3497977097,3.9375509737,2.8812e-06
ja510525s_si_002_clean,0.0045061598,0.0227034199,0.0448559535,0.2219996686,0.4369849186,1.9801194816,4.8619587592,4.496e-06
ja510525s_si_003-1_clean,0.0054834141,0.026793069,0.053184437,0.2654717339,0.5228489969,2.3868119988,5.882379304,5.39054e-06
ja5109535_si_002_clean,0.0106992257,0.0542110983,0.1068945969,0.5101676329,1.0071149582,4.1715031997,9.0909020505,1.073e-05
ja5111317_ja5111317_si_002_auto,0.0040400463,0.0198924905,0.0399941841,0.1988172712,0.3938931413,1.8685979545,5.2406888944,4.0114e-06
ja5111317_ja5111317_si_003_clean,0.0059553784,0.0290859366,0.0582925163,0.2920584848,0.576176465,2.59562372,7.0136773232,5.89886e-06
ja512137t_si_002_clean,0.0090449848,0.0451496798,0.0901896284,0.4415770988,0.8658542925,3.5308140635,7.2542753303,9.0324e-06
ja512311a_si_003_auto,0.0019616495,0.0100952033,0.0202092235,0.0996348587,0.1988557483,0.9919407563,2.8450456365,2.00875e-06
ja512311a_si_007_auto,0.0013077347,0.0067112218,0.0134315251,0.0662630985,0.1332890422,0.6599383227,1.9500685446,1.33108e-06
ja512437u_si_002_clean,0.0085257181,0.0420633714,0.0840318808,0.3971224422,0.728954827,2.4901710859,4.1408771211,8.50861e-06
ja512437u_si_003_clean,0.0084038947,0.0415446921,0.0826354722,0.3891682826,0.710464974,2.4577433414,4.0579163771,8.36429e-06
ja512437u_si_004_clean,0.0083856065,0.0419579398,0.0828495618,0.3838928338,0.718316341,2.3625669766,3.8314411076,8.45653e-06
ja512762r_si_002_auto,0.0016779311,0.0093858236,0.0182437773,0.0913380294,0.1818536409,0.8642238632,2.5182204306,1.8197e-06
ja512973b_si_002_auto,0.0028609069,0.0143486698,0.0288943718,0.1433432591,0.2848359921,1.3576477177,3.8841406345,2.87358e-06
ja512973b_si_003_auto,0.0028729965,0.0141847285,0.0279773254,0.1387940347,0.2799076544,1.3518405215,4.0294748548,2.80908e-06
ja512973b_si_004_auto,0.0029122036,0.0139674071,0.0284135326,0.1424123401,0.2827582124,1.3922487343,4.2126069981,2.84795e-06
ja512973b_si_005_auto,0.0033482573,0.0153736884,0.031065697,0.1546328965,0.3065070177,1.5281375535,4.4461437819,3.09167e-06
ja5131269_si_002_clean,0.0065237949,0.0327974084,0.0646306475,0.3126131139,0.5826713009,2.3020262101,5.5809813141,6.5635e-06
ja5131269_si_003_clean,0.0068705952,0.0352004639,0.0701069652,0.3241813869,0.6162395359,2.387417676,5.8029040539,7.02685e-06
ja5b00365_si_002_clean,0.0042807023,0.0219633482,0.0435989871,0.2155029796,0.4325967145,2.0999609841,5.874748451,4.32978e-06
ja5b00450_si_003_clean,0.0147752569,0.0703295932,0.1409197729,0.5404966612,0.8990251975,2.2363857312,3.5960921037,1.50491e-05
ja5b02556_si_002_clean,0.0168758038,0.0805796932,0.1612874275,0.681147855,1.1206474229,2.566835596,3.3518689342,1.67552e-05
ja5b02897_si_003_clean,0.0045005821,0.0225768925,0.0452668133,0.223255586,0.4412707683,1.9900196986,4.7478078711,4.51126e-06
ja5b02999_si_002_clean,0.0029132062,0.0145391278,0.0291973973,0.1443689659,0.2899543298,1.382001173,3.9229491623,2.94774e-06
ja5b02999_si_003_clean,0.0028472196,0.014471608,0.029355991,0.1437048229,0.2812382781,1.3277902897,3.6373699506,2.91022e-06
ja5b02999_si_004_clean,0.0033951724,0.0166601434,0.0338087386,0.1658913073,0.3240844595,1.5194567042,4.1060588794,3.35798e-06
ja5b02999_si_006_clean,0.0033795635,0.0164709254,0.0331113521,0.1628635729,0.3273865847,1.5164865348,4.2042628246,3.32502e-06
ja5b02999_si_007_clean,0.0043882176,0.0223668107,0.0440459156,0.2206106446,0.439601757,2.0666540105,5.8485771433,4.42894e-06
ja808995d_si_002_clean,0.0133446836,0.0630354608,0.1253402887,0.4758315224,0.7705240415,2.050160133,4.0298470382,1.32384e-05
ja809985t_si_002_clean,0.0042735467,0.0202639866,0.0409068337,0.1998943902,0.4030318264,1.9428144521,5.6976278686,4.0227e-06
ja903726m_si_002_clean,0.0029868416,0.015361663,0.0304908973,0.1509877816,0.3048368399,1.4048494586,3.7880311356,3.0685e-06
ja905009e_si_002_clean,0.0013087605,0.0067359503,0.0132993599,0.0666781634,0.133715133,0.6349586557,1.8559293033,1.33228e-06
ja907023c_si_001_clean,0.0053580093,0.0258703132,0.051966174,0.2606227926,0.5118853586,2.3597068727,6.18089723,5.19639e-06
ja907023c_si_002_clean,0.0051124129,0.0260332087,0.0518258332,0.2562221078,0.5179651203,2.3728588056,6.1801428985,5.18305e-06
ja907023c_si_003_clean,0.0053981066,0.0265344256,0.0536176838,0.264477151,0.5273153226,2.4264664651,6.2796244399,5.31402e-06
ja907023c_si_004_clean,0.0053555032,0.0264066153,0.0523546171,0.26113654,0.5160178924,2.3902535401,6.2423313923,5.23762e-06
jacs.5b11034_ja5b11034_si_002_clean,0.0151843906,0.0734817916,0.148384266,0.6530650249,1.2088888712,4.2286364563,8.049108769,1.49487e-05
jacs.5b11079_ja5b11079_si_002_clean,0.0075591502,0.0357134907,0.0731254805,0.3489859015,0.66778258,2.6919292352,6.5080469539,7.3092e-06
jacs.5b12516_ja5b12516_si_002_clean,0.0015065427,0.007426464,0.0151460297,0.0731559827,0.1474946307,0.6953888806,1.8437605558,1.49037e-06
jacs.5b12516_ja5b12516_si_003_clean,0.0014882238,0.0072242238,0.0143040951,0.0721799541,0.1438491785,0.6811324146,1.8664451609,1.44507e-06
jacs.5b12516_ja5b12516_si_004_clean,0.0014618447,0.0071062504,0.014417672,0.0724620645,0.1438843507,0.6789151004,1.8576213346,1.44792e-06
jacs.5b13491_ja5b13491_si_002_clean,0.0069338736,0.0336214147,0.0672176381,0.3359798685,0.6392263116,2.9487175971,6.9067477194,6.76594e-06
jacs.6b01345_ja6b01345_si_001_clean,0.0233585032,0.1100286563,0.188828057,0.5938436765,0.8716256736,2.1354480092,4.2922682394,2.23033e-05
jacs.6b01663_ja6b01663_si_002_clean,0.003911487,0.0204022489,0.0403145058,0.2009389188,0.3991490897,1.9297232642,5.199126618,4.04976e-06
jacs.6b01663_ja6b01663_si_003_clean,0.0038880109,0.0186596145,0.0369715785,0.1821476365,0.366757207,1.7781122726,4.9926317398,3.65791e-06
jacs.6b02030_ja6b02030_si_002_clean,0.0034328641,0.017098492,0.034063548,0.1699236589,0.3326230914,1.5082754064,3.359888817,3.43364e-06
jacs.6b02030_ja6b02030_si_003_clean,0.0049104624,0.0249893914,0.0498270339,0.2441499014,0.473829167,2.1029656437,4.4831196776,4.97895e-06
jacs.6b02030_ja6b02030_si_004_clean,0.0032641691,0.0166250136,0.032913964,0.1634807266,0.317413992,1.3625984368,2.6985311951,3.31031e-06
jacs.6b03263_ja6b03263_si_002_clean,0.3635895422,0.430409111,0.4946139614,1.0223092996,1.5892664654,4.0506162219,5.9415206209,2.14113
jacs.6b04608_ja6b04608_si_002_clean,0.0039798299,0.0201663013,0.0409675456,0.2010408788,0.40234342,1.9170337447,5.4102338348,4.07691e-06
jacs.6b04608_ja6b04608_si_003_clean,0.0033197063,0.0170458368,0.0335347347,0.1680727398,0.3301185534,1.58143295,4.4963558183,3.37302e-06
jacs.6b06375_ja6b06375_si_001_clean,0.0162516667,0.080126644,0.1599259112,0.7187771699,1.3194140964,4.0609406924,6.9401977512,1.64819e-05
jacs.6b06759_ja6b06759_si_002_clean,0.0044631164,0.0232742658,0.0451407165,0.2256935125,0.4453650403,2.0954029388,5.6484443869,4.56614e-06
jacs.6b06759_ja6b06759_si_003_clean,0.0030956076,0.0151462418,0.0295889365,0.1497947509,0.300643954,1.4223691693,4.1035649239,3.00327e-06
jacs.6b06759_ja6b06759_si_004_clean,0.0036419687,0.0176282835,0.0354421712,0.1777058008,0.3531513538,1.6937752987,4.8716260395,3.56527e-06
jacs.6b08724_ja6b08724_si_009_clean,0.0046758509,0.02302353,0.0460770609,0.2315596246,0.4539432668,2.1593216791,6.1379951014,4.62003e-06
jacs.6b08724_ja6b08724_si_010_clean,0.0049108043,0.0242084766,0.0493356964,0.2383732062,0.4738641605,2.2070488025,6.0782870725,4.81915e-06
jacs.6b08724_ja6b08724_si_011_clean,0.0049599528,0.024214966,0.0477325063,0.242089014,0.4815139485,2.2574369534,6.4298965132,4.88211e-06
jacs.6b08724_ja6b08724_si_012_clean,0.0034571012,0.0190255545,0.0389556277,0.1937049809,0.3800358347,1.8542710165,5.1557566347,3.81972e-06
jacs.6b08724_ja6b08724_si_013_clean,0.0044672572,0.0219805226,0.0445512892,0.2201892892,0.4356202419,2.0677255927,5.8014268357,4.44959e-06
jacs.6b08724_ja6b08724_si_014_clean,0.0057474986,0.0277475642,0.0555000533,0.2794407246,0.5503759393,2.5974852362,7.2995990809,5.58667e-06
jacs.6b08724_ja6b08724_si_015_clean,0.0045855855,0.0237897574,0.0465347492,0.2362674143,0.4678679384,2.1535868922,6.0060966228,4.76221e-06
jacs.6b08724_ja6b08724_si_016_clean,0.0047253267,0.0236437852,0.046665817,0.2335177548,0.4617741886,2.1508855199,6.1607883097,4.68031e-06
jacs.6b09113_ja6b09113_si_002_clean,0.003646349,0.0178732243,0.0357297733,0.1784987879,0.3524479772,1.6515681917,4.5782551729,3.57811e-06
jacs.6b09155_ja6b09155_si_009_clean,0.0040658682,0.0201252228,0.0408957888,0.2058211755,0.4086733601,1.8574048756,4.7011456644,4.11958e-06
jp102463p_si_002_clean,0.0053111606,0.0265917054,0.052951242,0.2631980461,0.5227962789,2.3264511004,5.3154976092,5.35794e-06
jp102463p_si_004_clean,0.0062374423,0.0301508292,0.0601580489,0.302137781,0.5948069044,2.6941203217,6.238198671,6.01597e-06
jp2064408_si_002_clean,0.0092655548,0.0447331774,0.088388786,0.4039756317,0.728423624,2.5436814742,5.7160129279,9.17046e-06
jp209895d_si_002_clean,0.0129474884,0.0645561678,0.1258730939,0.5847411829,1.0949703282,3.5695460205,5.8589778414,1.30556e-05
jp302979a_si_002_clean,0.0049114577,0.0238973275,0.0482795771,0.2380163963,0.4678954356,2.1977320945,5.5863306035,4.79693e-06
jz4002345_si_002_clean,0.0054218114,0.0267952329,0.054109611,0.2580652021,0.4779056322,1.7189178642,3.4767899742,5.42733e-06
jz4002345_si_003_clean,0.0054869132,0.0268887124,0.0534252074,0.2538686399,0.4872986534,1.7202499471,3.4586966818,5.43107e-06
jz4002345_si_005_clean,0.0079143527,0.0384043967,0.0770244594,0.3505148113,0.6290624345,2.0192026644,3.7419237822,7.78984e-06
jz4002345_si_006_clean,0.0039464349,0.01959377,0.0387583589,0.1865693617,0.351179378,1.3102278225,2.7196612481,3.92001e-06
la304204k_si_003_clean,0.0061022744,0.0312174922,0.0621174171,0.3063976875,0.5773013093,2.5385810138,5.3747724401,6.22935e-06
la4012839_si_002_auto,0.008296127,0.0403934679,0.0804714718,0.3524788553,0.6573488838,2.427313656,5.5733342613,8.3004e-06
nchem.2258-s3_clean,0.0072842382,0.0365281549,0.0738029175,0.3565062347,0.6901115091,3.0741838452,7.4413959171,7.35298e-06
ncomms11831_ncomms11831-s2_clean,0.0291680201,0.139211326,0.2648131949,0.763107684,1.032166965,1.4326058572,1.6545881332,2.98944e-05
ncomms11831_ncomms11831-s3_clean,0.0226057954,0.1078269921,0.2003989292,0.6812936411,0.9915130349,1.6249068721,1.8978804979,2.27703e-05
ncomms7350-s2_clean,0.0026997308,0.0137276389,0.0276190019,0.1342950068,0.2625013076,1.0401405652,2.1279099693,2.7474e-06
om701262m-file004_clean,0.0055994312,0.0270434604,0.0552546004,0.2729850334,0.5153746878,2.1872898914,4.4487768624,5.57087e-06
science.1056698_manual,0.0067728764,0.0344267031,0.0691198463,0.3394343092,0.6316630976,2.6600917461,6.0545025523,6.93938e-06
