Model,R2,MAE,RMSE,MAPE_percent,n_train,n_test,fit_time_sec,predict_time_sec
cat,0.972730741812655,0.04411328190831919,0.0044653748657886875,5.161097841522403,3528,5292,4.507496356964111,0.005815029144287109
