Model,R2,MAE,RMSE,MAPE_percent,n_train,n_test,fit_time_sec,predict_time_sec
gbm,0.959658849349098,0.0787444679542275,0.020531953580984228,5.846779294676406,9053,2263,23.553205966949463,0.01826333999633789
