Model,R2,MAE,RMSE,MAPE_percent,n_train,n_test,fit_time_sec,predict_time_sec
gbm,0.9912744713031102,0.0072793694665309674,0.00014496855769714707,2.7201888226772426,6208,1552,15.638734340667725,0.011382818222045898
