Model,R2,MAE,RMSE,MAPE_percent,n_train,n_test,fit_time_sec,predict_time_sec
cat,0.6916365223305104,0.007594690312566455,0.004330017714349995,9.924992704520964,8151,2038,3.7592146396636963,0.0026395320892333984
