Model,R2,MAE,RMSE,MAPE_percent,n_train,n_test,fit_time_sec,predict_time_sec
rf,0.9960469005881876,0.010091903400965455,0.00035984427662837825,1.7258638542148232,6206,1552,74.49808931350708,0.5310306549072266
