Model,R2,MAE,RMSE,MAPE_percent,n_train,n_test,fit_time_sec,predict_time_sec
gbm,0.961248447658271,0.1881680183219511,0.0890597542147626,1946969145.8406758,9053,2263,22.91752338409424,0.017984867095947266
