Model,R2,MAE,RMSE,MAPE_percent,n_train,n_test,fit_time_sec,predict_time_sec
gbm,0.3870502129141359,0.0012366896970748174,0.0002607349568350968,3.663608176355708,8151,2038,20.90099263191223,0.014087200164794922
