Model,R2,MAE,RMSE,MAPE_percent,n_train,n_test,fit_time_sec,predict_time_sec
gbm,0.44418695975392497,0.37377998688399094,0.32853978599854317,33.51926605779851,6340,1585,14.057931661605835,0.012263774871826172
