Model,R2,MAE,RMSE,MAPE_percent,n_train,n_test,fit_time_sec,predict_time_sec
cat,0.9578963649530275,0.07932884254021881,0.016927889022198654,921002683.7334253,3961,7355,4.580310106277466,0.007544994354248047
