Model,R2,MAE,RMSE,MAPE_percent,n_train,n_test,fit_time_sec,predict_time_sec
gbm,0.983090627936855,0.02181232221460445,0.003176012594260646,3.0626970604426504,6206,1552,15.442963123321533,0.012262582778930664
