Model,R2,MAE,RMSE,MAPE_percent,n_train,n_test,fit_time_sec,predict_time_sec
gbm,0.9870580299422758,0.0010954977094240266,2.243643265341937e-06,7.23339305265291,3563,6618,8.51795768737793,0.04018449783325195
