Model,R2,MAE,RMSE,MAPE_percent,n_train,n_test,fit_time_sec,predict_time_sec
rf,0.9629989664528662,0.17340403795137574,0.08665132013605667,2680253.560726124,9053,2263,56.07894563674927,0.4457254409790039
