Model,R2,MAE,RMSE,MAPE_percent,n_train,n_test,fit_time_sec,predict_time_sec
cat,0.9636868431648613,0.1880681232598866,0.0833440735496554,883489545.891831,5092,6224,4.478306770324707,0.009331226348876953
