Model,R2,MAE,RMSE,MAPE_percent,n_train,n_test,fit_time_sec,predict_time_sec
rf,0.9973222881470886,0.002780111938000629,2.2384675042327115e-05,3.9541210159935245,8145,2036,80.49483394622803,0.798159122467041
