Model,R2,MAE,RMSE,MAPE_percent,n_train,n_test,fit_time_sec,predict_time_sec
cat,0.9431208067403676,0.020131235348049736,0.006376511454750865,120359138.7959258,6224,5092,4.832215309143066,0.007004737854003906
