Model,R2,MAE,RMSE,MAPE_percent,n_train,n_test,fit_time_sec,predict_time_sec
gbm,0.9346577428989322,0.14079461986672243,0.06627462403468944,6.777681608499801,6206,1552,16.00736093521118,0.012248516082763672
