Model,R2,MAE,RMSE,MAPE_percent,n_train,n_test,fit_time_sec,predict_time_sec
cat,0.9697842324674398,0.04313766435827857,0.0055143177229974,4.000099276703389,6208,1552,3.49216628074646,0.0023322105407714844
