Model,R2,MAE,RMSE,MAPE_percent,n_train,n_test,fit_time_sec,predict_time_sec
cat,0.4035307326671852,0.031274578555196185,0.06320848740674513,11.694804215036015,8151,2038,3.7512404918670654,0.002672910690307617
