Model,R2,MAE,RMSE,MAPE_percent,n_train,n_test,fit_time_sec,predict_time_sec
gbm,0.9404883159452833,0.0009671767543985866,1.877104892757895e-05,8.134918252396771,2545,7636,6.021622180938721,0.047688961029052734
