Model,R2,MAE,RMSE,MAPE_percent,n_train,n_test,fit_time_sec,predict_time_sec
rf,0.8725101011126967,0.0010495074150952395,5.9149150012476954e-05,7.005424883619005,8145,2036,51.30667781829834,0.42028379440307617
