Model,R2,MAE,RMSE,MAPE_percent,n_train,n_test,fit_time_sec,predict_time_sec
gbm,0.9836912960826243,0.0078063284526137585,0.002371305804309747,2.9463711258494776,8151,2038,20.476207494735718,0.012878179550170898
