Model,R2,MAE,RMSE,MAPE_percent,n_train,n_test,fit_time_sec,predict_time_sec
cat,0.9780920152537743,0.0009174120706337926,1.4402783911502876e-06,6.6523422877114005,8145,2036,4.9827880859375,0.003200054168701172
