Model,R2,MAE,RMSE,MAPE_percent,n_train,n_test,fit_time_sec,predict_time_sec
rf,0.9853700050973914,0.00044663460431541315,9.598782642726677e-06,2.643818538321255,8151,2038,54.66266393661499,0.4046506881713867
