Model,R2,MAE,RMSE,MAPE_percent,n_train,n_test,fit_time_sec,predict_time_sec
gbm,0.9661097849654948,0.010190940231132995,0.0046609087499326395,166615610.11694586,9053,2263,22.878069400787354,0.0181429386138916
