Model,R2,MAE,RMSE,MAPE_percent,n_train,n_test,fit_time_sec,predict_time_sec
gbm,0.9489750340198988,0.27147652673498185,0.1605236946111462,7.4735043867821425,6206,1552,15.369697093963623,0.01268768310546875
