Model,R2,MAE,RMSE,MAPE_percent,n_train,n_test,fit_time_sec,predict_time_sec
gbm,0.3003421894764454,0.0014473433237039447,0.00040340795607722737,5.301021592947859,8151,2038,20.253199815750122,0.013696432113647461
