Model,R2,MAE,RMSE,MAPE_percent,n_train,n_test,fit_time_sec,predict_time_sec
rf,0.9367433241666374,0.11339134547519668,0.038520248519514126,5.619508346715076,6206,1552,35.76913118362427,0.28321170806884766
