Model,R2,MAE,RMSE,MAPE_percent,n_train,n_test,fit_time_sec,predict_time_sec
gbm,-0.21382930860732574,0.2763601377738073,0.27309420907982834,44.00855079738136,7062,1765,15.684555768966675,0.013078927993774414
