Model,R2,MAE,RMSE,MAPE_percent,n_train,n_test,fit_time_sec,predict_time_sec
rf,0.9982016407052561,0.004340639681053154,5.882575868729645e-05,1.7721744867757725,8145,2036,51.33291411399841,0.394012451171875
