Model,R2,MAE,RMSE,MAPE_percent,n_train,n_test,fit_time_sec,predict_time_sec
cat,0.9821995475499699,0.004683016868596717,3.7894819044456064e-05,6.986964192039155,6618,3563,4.8225507736206055,0.004267454147338867
