Model,R2,MAE,RMSE,MAPE_percent,n_train,n_test,fit_time_sec,predict_time_sec
gbm,0.9818522509756401,0.012742751383180413,0.0015105586736826537,68493279.86372565,9053,2263,41.292739391326904,0.030416011810302734
