Model,R2,MAE,RMSE,MAPE_percent,n_train,n_test,fit_time_sec,predict_time_sec
gbm,0.31275517830225597,0.10642822852177088,0.041072491928605785,57.39633295754428,6214,1554,13.724597692489624,0.011251449584960938
