Model,R2,MAE,RMSE,MAPE_percent,n_train,n_test,fit_time_sec,predict_time_sec
cat,0.9454135863836737,0.26608679143128783,0.1481777227140084,6.7109811986047845,6206,1552,9.79494571685791,0.0034284591674804688
