Model,R2,MAE,RMSE,MAPE_percent,n_train,n_test,fit_time_sec,predict_time_sec
cat,0.9887372962452978,0.007161631579389034,9.136912608538496e-05,2.837742304831031,5432,2328,3.3466832637786865,0.0028679370880126953
