Model,R2,MAE,RMSE,MAPE_percent,n_train,n_test,fit_time_sec,predict_time_sec
cat,0.9246389854087229,0.007406001016598492,0.00068276323018568,12.58817262437995,3054,7127,4.703012228012085,0.008060693740844727
