Model,R2,MAE,RMSE,MAPE_percent,n_train,n_test,fit_time_sec,predict_time_sec
rf,0.8969015472051457,0.28703124204679853,0.1689504146461028,11.589761518108805,6208,1552,37.834014654159546,0.31038618087768555
