Model,R2,MAE,RMSE,MAPE_percent,n_train,n_test,fit_time_sec,predict_time_sec
gbm,0.8340471655353181,0.16575353910440516,0.05145845884844101,12.69385174378633,6208,1552,14.776616334915161,0.012280941009521484
