Model,R2,MAE,RMSE,MAPE_percent,n_train,n_test,fit_time_sec,predict_time_sec
gbm,0.925674117977605,0.0011887613184300933,3.6427927538617475e-05,7.336017188871194,4581,5600,10.942988872528076,0.03585672378540039
