Model,R2,MAE,RMSE,MAPE_percent,n_train,n_test,fit_time_sec,predict_time_sec
rf,0.9648778823127179,0.02955869038498402,0.007338221234733814,4.010626020493648,6206,1552,37.11161804199219,0.285534143447876
