Model,R2,MAE,RMSE,MAPE_percent,n_train,n_test,fit_time_sec,predict_time_sec
gbm,0.2121259470383111,0.3431899394639606,0.4111186432466161,39.08463857353912,5618,1405,12.255200386047363,0.010907173156738281
