Model,R2,MAE,RMSE,MAPE_percent,n_train,n_test,fit_time_sec,predict_time_sec
cat,0.9943198835719673,0.0027251491808838245,1.4442798160872202e-05,4.4979907820704375,8145,2036,3.742351770401001,0.0027573108673095703
