Model,R2,MAE,RMSE,MAPE_percent,n_train,n_test,fit_time_sec,predict_time_sec
cat,0.9013203182216494,0.011992363765619329,0.005702844340824075,3.4852599052164988,6208,1552,9.515769004821777,0.01811838150024414
