Model,R2,MAE,RMSE,MAPE_percent,n_train,n_test,fit_time_sec,predict_time_sec
cat,0.9705554407012249,0.06430727709680414,0.009794345627654577,4.322900335412534,6340,1585,4.0487964153289795,0.0026853084564208984
