Model,R2,MAE,RMSE,MAPE_percent,n_train,n_test,fit_time_sec,predict_time_sec
cat,0.9544473925806312,0.11184267434781507,0.029974911533820318,5.638947846404113,6206,1552,3.486330986022949,0.0024132728576660156
