Model,R2,MAE,RMSE,MAPE_percent,n_train,n_test,fit_time_sec,predict_time_sec
gbm,0.8909383427594921,0.10953753345324173,0.043591224503211,9.607260019907898,6208,1552,15.461962699890137,0.011725425720214844
