Model,R2,MAE,RMSE,MAPE_percent,n_train,n_test,fit_time_sec,predict_time_sec
cat,0.987691961931729,0.008558564617219785,0.00016044893435274163,3.5031788197580274,2716,5044,3.135178327560425,0.005585670471191406
