Model,R2,MAE,RMSE,MAPE_percent,n_train,n_test,fit_time_sec,predict_time_sec
gbm,0.6913044828856847,0.5374472317944475,0.611690871113269,22.01935848067695,6340,1585,14.068862438201904,0.012192010879516602
