Model,R2,MAE,RMSE,MAPE_percent,n_train,n_test,fit_time_sec,predict_time_sec
rf,0.9605078919287995,0.02978899797294354,0.011315159568187448,3.2345839257832436,6213,1553,36.71147418022156,0.2839353084564209
