Model,R2,MAE,RMSE,MAPE_percent,n_train,n_test,fit_time_sec,predict_time_sec
gbm,0.9914268196002819,0.007028875942868757,0.00012771881747565306,2.6866804264756365,6214,1554,15.474341869354248,0.011585474014282227
