Model,R2,MAE,RMSE,MAPE_percent,n_train,n_test,fit_time_sec,predict_time_sec
rf,0.9589308628618624,0.06104965521768587,0.010329712326857567,4.56797277401175,5612,1403,33.08613085746765,0.26023197174072266
