Model,R2,MAE,RMSE,MAPE_percent,n_train,n_test,fit_time_sec,predict_time_sec
cat,0.9554324918441435,0.07190909983113128,0.01408332589762534,5.7128232974317985,1754,5261,4.131005048751831,0.005899906158447266
