Model,R2,MAE,RMSE,MAPE_percent,n_train,n_test,fit_time_sec,predict_time_sec
cat,0.7283441907207335,0.5457363591974007,0.6406987273528497,6543328788.79984,3395,7921,4.214890241622925,0.008866071701049805
