Model,R2,MAE,RMSE,MAPE_percent,n_train,n_test,fit_time_sec,predict_time_sec
gbm,0.9775618705058976,0.014761204441062851,0.0023042460010292295,124516213.39977728,9053,2263,22.791895866394043,0.01680278778076172
