Model,R2,MAE,RMSE,MAPE_percent,n_train,n_test,fit_time_sec,predict_time_sec
cat,0.9839061055152233,0.004517916226799405,3.611435276186746e-05,6.772730361203403,6109,4072,4.62831449508667,0.0057566165924072266
