Model,R2,MAE,RMSE,MAPE_percent,n_train,n_test,fit_time_sec,predict_time_sec
cat,0.988363887048913,0.0041211609080480174,3.0199346415100124e-05,7.28733090572912,8145,2036,3.7405102252960205,0.002675294876098633
