Model,R2,MAE,RMSE,MAPE_percent,n_train,n_test,fit_time_sec,predict_time_sec
cat,0.952434169995597,0.19250300946822513,0.0963919948054949,6.605916796913915,2774,5151,4.522808790206909,0.007059812545776367
