Model,R2,MAE,RMSE,MAPE_percent,n_train,n_test,fit_time_sec,predict_time_sec
gbm,0.9887584845441354,0.014269492896429712,0.0003736423729864386,6.5156454476912495,8145,2036,20.033768892288208,0.01451253890991211
