Model,R2,MAE,RMSE,MAPE_percent,n_train,n_test,fit_time_sec,predict_time_sec
cat,0.96882266614884,0.06226506097147921,0.009679171675471405,4.156474914017213,6340,1585,4.473172903060913,0.0028982162475585938
