Model,R2,MAE,RMSE,MAPE_percent,n_train,n_test,fit_time_sec,predict_time_sec
cat,0.49157036021122513,0.2782179016015601,0.18389370529982402,34.98231566084385,6208,1552,4.56808066368103,0.002679586410522461
