Model,R2,MAE,RMSE,MAPE_percent,n_train,n_test,fit_time_sec,predict_time_sec
cat,0.12757957519597063,0.28041996171030137,0.41581996732797305,39.81044170629783,7056,1764,3.379716634750366,0.002492189407348633
