Model,R2,MAE,RMSE,MAPE_percent,n_train,n_test,fit_time_sec,predict_time_sec
cat,0.9921726806955367,0.010133049882367252,0.00021167723698712904,5.1810324973578865,8151,2038,3.64998722076416,0.0026998519897460938
