Model,R2,MAE,RMSE,MAPE_percent,n_train,n_test,fit_time_sec,predict_time_sec
cat,0.9874842456623072,0.003136206421473655,9.407357081596739e-05,4.788302788929048,8145,2036,4.714689016342163,0.003043651580810547
