Model,R2,MAE,RMSE,MAPE_percent,n_train,n_test,fit_time_sec,predict_time_sec
cat,0.9315899608989427,0.0012059948485450328,3.191805621662116e-05,7.266667893473682,4581,5600,3.4196927547454834,0.006448984146118164
