Model,R2,MAE,RMSE,MAPE_percent,n_train,n_test,fit_time_sec,predict_time_sec
gbm,0.9985087256320461,0.00031379952175398314,1.920603314158723e-07,2.1802503051763065,8151,2038,20.73575186729431,0.01230311393737793
