Model,R2,MAE,RMSE,MAPE_percent,n_train,n_test,fit_time_sec,predict_time_sec
cat,0.9622540314925673,0.18132818776685675,0.07836304507788212,6.309392576040968,5944,1981,4.893565893173218,0.0033822059631347656
