Model,R2,MAE,RMSE,MAPE_percent,n_train,n_test,fit_time_sec,predict_time_sec
cat,0.2042905607817206,0.02643830701515466,0.03002271134203023,12.302920406284619,8151,2038,3.8170745372772217,0.003197193145751953
