Model,R2,MAE,RMSE,MAPE_percent,n_train,n_test,fit_time_sec,predict_time_sec
gbm,0.4874601083026815,0.013404748411398994,0.02547729433258423,4.790734344185025,8151,2038,20.286648511886597,0.013083219528198242
