Model,R2,MAE,RMSE,MAPE_percent,n_train,n_test,fit_time_sec,predict_time_sec
cat,0.921334124408656,0.02071514376514466,0.00898764674548123,486611256.9899122,9059,2265,3.5165293216705322,0.002805948257446289
