Model,R2,MAE,RMSE,MAPE_percent,n_train,n_test,fit_time_sec,predict_time_sec
cat,0.955242223338488,0.012396180228898468,0.0024248789340340195,4.13174872001322,3880,3880,3.5973098278045654,0.004144430160522461
