Model,R2,MAE,RMSE,MAPE_percent,n_train,n_test,fit_time_sec,predict_time_sec
cat,0.9495278667093199,0.09217647587595977,0.02423470531728001,6.801534162462386,792,7133,3.6799416542053223,0.007933378219604492
