Model,R2,MAE,RMSE,MAPE_percent,n_train,n_test,fit_time_sec,predict_time_sec
cat,0.9180311240110521,0.02033881621141146,0.00946470308409089,4.082545133058021,4359,3566,4.735386610031128,0.004586458206176758
