Model,R2,MAE,RMSE,MAPE_percent,n_train,n_test,fit_time_sec,predict_time_sec
rf,0.9643430553737737,0.06312826280802115,0.011061893525014448,4.3938863592247825,6208,1552,43.15860629081726,0.2751021385192871
