Model,R2,MAE,RMSE,MAPE_percent,n_train,n_test,fit_time_sec,predict_time_sec
cat,0.9090303649256032,0.001000199816251056,2.8523698375710917e-05,8.1496047990502,2545,7636,3.0960848331451416,0.006900310516357422
