Model,R2,MAE,RMSE,MAPE_percent,n_train,n_test,fit_time_sec,predict_time_sec
rf,0.9084896946335781,0.01077872020904941,0.05226781480860041,1.8324806184136302,8151,2038,53.1230731010437,0.3929409980773926
