Model,R2,MAE,RMSE,MAPE_percent,n_train,n_test,fit_time_sec,predict_time_sec
rf,0.9957791895924083,0.0075361780171330365,0.00010664231437671921,3.707812394074213,8145,2036,50.76910662651062,0.4017033576965332
