Model,R2,MAE,RMSE,MAPE_percent,n_train,n_test,fit_time_sec,predict_time_sec
cat,0.9799622486397566,0.0014094636203860979,5.774263812666952e-06,11.48009427091607,509,9672,3.562161922454834,0.009734153747558594
