Model,R2,MAE,RMSE,MAPE_percent,n_train,n_test,fit_time_sec,predict_time_sec
cat,0.986989878900989,0.0010055422397143618,2.0381917090821462e-06,7.603016514661524,3054,7127,4.341294527053833,0.009458541870117188
