Model,R2,MAE,RMSE,MAPE_percent,n_train,n_test,fit_time_sec,predict_time_sec
cat,0.9981587814424064,0.005260080046575738,6.596579493460421e-05,2.158807576861731,8145,2036,3.5285236835479736,0.002652883529663086
