Model,R2,MAE,RMSE,MAPE_percent,n_train,n_test,fit_time_sec,predict_time_sec
gbm,0.9891697309172061,0.01185712138610279,0.0004356113892387395,3.3638596655500397,9053,2263,23.003512620925903,0.01671433448791504
