Model,R2,MAE,RMSE,MAPE_percent,n_train,n_test,fit_time_sec,predict_time_sec
rf,0.9746268564584848,0.03580801112941933,0.0042408580603111035,3.1303137659846096,6208,1552,35.94866490364075,0.28273558616638184
