Model,R2,MAE,RMSE,MAPE_percent,n_train,n_test,fit_time_sec,predict_time_sec
rf,0.9774745182000628,0.013939502892020107,0.0020069644265118436,744674.9245744027,9053,2263,92.74363088607788,0.8636612892150879
