Model,R2,MAE,RMSE,MAPE_percent,n_train,n_test,fit_time_sec,predict_time_sec
gbm,0.9344035387761397,0.0014149521983004983,2.8209450457140627e-05,8.6878354015479,509,9672,1.266296148300171,0.06575250625610352
