Model,R2,MAE,RMSE,MAPE_percent,n_train,n_test,fit_time_sec,predict_time_sec
cat,0.8943693334356122,0.0010837594727636233,4.146781273198369e-05,7.60021193093462,5090,5091,3.471999168395996,0.005944252014160156
