Model,R2,MAE,RMSE,MAPE_percent,n_train,n_test,fit_time_sec,predict_time_sec
rf,0.9890163096565078,0.00489492248680151,4.663582759458985e-05,6.579028190182269,8145,2036,52.06305551528931,0.41887664794921875
