Model,R2,MAE,RMSE,MAPE_percent,n_train,n_test,fit_time_sec,predict_time_sec
gbm,0.9604635163981591,0.18754997979030516,0.08072557488459835,8.113957114603044,9053,2263,22.777024507522583,0.018051862716674805
