Model,R2,MAE,RMSE,MAPE_percent,n_train,n_test,fit_time_sec,predict_time_sec
gbm,0.76983236647867,0.21434792027628735,0.6509716202209379,8.092411309303586,9059,2265,22.86799955368042,0.018143177032470703
