Model,R2,MAE,RMSE,MAPE_percent,n_train,n_test,fit_time_sec,predict_time_sec
rf,0.9797687080685691,0.018174656253893032,0.0009688049027125699,3.237005942663319,5043,2715,29.05593514442444,0.3545653820037842
