Model,R2,MAE,RMSE,MAPE_percent,n_train,n_test,fit_time_sec,predict_time_sec
rf,0.44800418697347344,0.0008138879994001471,0.00010066505952213779,3.9284135042172736,8151,2038,55.930237770080566,0.3817274570465088
