Model,R2,MAE,RMSE,MAPE_percent,n_train,n_test,fit_time_sec,predict_time_sec
cat,0.9465611007375557,0.12761930131555813,0.05368499917063909,6.658936126507417,6206,1552,3.3858730792999268,0.002320528030395508
