Model,R2,MAE,RMSE,MAPE_percent,n_train,n_test,fit_time_sec,predict_time_sec
cat,0.9901500052528429,0.0033666931066396715,0.00010280554169847582,4.08970120833907,8145,2036,4.837155818939209,0.0035393238067626953
