Model,R2,MAE,RMSE,MAPE_percent,n_train,n_test,fit_time_sec,predict_time_sec
cat,0.9285678774048366,0.12385082620702303,0.043746964459299494,6.259253909841056,6206,1552,3.5823311805725098,0.002325296401977539
