Model,R2,MAE,RMSE,MAPE_percent,n_train,n_test,fit_time_sec,predict_time_sec
cat,0.9632937764082244,0.06895972327139073,0.010693688187302692,4.755295984594399,3962,3963,4.552834749221802,0.00558018684387207
