Model,R2,MAE,RMSE,MAPE_percent,n_train,n_test,fit_time_sec,predict_time_sec
cat,0.9830897684103608,0.0008996584407932939,1.422760875934222e-06,6.6663622762383135,6618,3563,3.3518950939178467,0.0038154125213623047
