Model,R2,MAE,RMSE,MAPE_percent,n_train,n_test,fit_time_sec,predict_time_sec
cat,0.6138512196245942,0.604446705117319,0.7831446929627238,24.483173944548533,1189,6736,3.511165142059326,0.0077283382415771484
