Model,R2,MAE,RMSE,MAPE_percent,n_train,n_test,fit_time_sec,predict_time_sec
cat,0.9542996834040819,0.1822269434274146,0.06897292457868302,5.941363845957306,3962,3963,4.621973752975464,0.005434274673461914
