Model,R2,MAE,RMSE,MAPE_percent,n_train,n_test,fit_time_sec,predict_time_sec
cat,0.8541863290348535,0.01798999357090244,0.017009471739934952,7.056848158427717,8145,2036,3.686067819595337,0.002642393112182617
