Model,R2,MAE,RMSE,MAPE_percent,n_train,n_test,fit_time_sec,predict_time_sec
rf,0.7795161613331458,0.47983240289418483,0.5163427574208451,182233540.4715895,9053,2263,56.94766092300415,0.45965123176574707
