Model,R2,MAE,RMSE,MAPE_percent,n_train,n_test,fit_time_sec,predict_time_sec
cat,0.9830895044176781,0.013754502100874751,0.0005083459022611735,5.431262292533496,5658,5658,3.454691171646118,0.005385398864746094
