Model,R2,MAE,RMSE,MAPE_percent,n_train,n_test,fit_time_sec,predict_time_sec
gbm,0.9951260538588835,0.0004640990665018261,1.2771496382402694e-05,2.298715912923769,8151,2038,20.664802074432373,0.012863636016845703
