Model,R2,MAE,RMSE,MAPE_percent,n_train,n_test,fit_time_sec,predict_time_sec
cat,0.9330941493785004,0.25016766219084746,0.15460639700170445,2395602951.551289,566,10750,4.172073125839233,0.01225900650024414
