Model,R2,MAE,RMSE,MAPE_percent,n_train,n_test,fit_time_sec,predict_time_sec
rf,0.9360311051909462,0.05242120821645873,0.021386886253696284,4.1457699416292355,6208,1552,36.06771898269653,0.287156343460083
