Model,R2,MAE,RMSE,MAPE_percent,n_train,n_test,fit_time_sec,predict_time_sec
cat,0.35648451777677326,0.34406768045236413,0.2671539753055503,34.63859199591721,2455,4560,4.122203350067139,0.006194353103637695
