Model,R2,MAE,RMSE,MAPE_percent,n_train,n_test,fit_time_sec,predict_time_sec
cat,0.9897615877853777,0.0009526768580479362,1.7650353704619282e-06,7.273648070133872,5090,5091,4.570305824279785,0.00622248649597168
