Model,R2,MAE,RMSE,MAPE_percent,n_train,n_test,fit_time_sec,predict_time_sec
cat,0.9551169492068001,0.19095733187840352,0.08464120391818596,8.050780409909851,9059,2265,3.607126235961914,0.002911806106567383
