Model,R2,MAE,RMSE,MAPE_percent,n_train,n_test,fit_time_sec,predict_time_sec
rf,0.9482022737723955,0.2454767960564776,0.13741944309958137,6.409169825043278,6206,1552,36.69770169258118,0.28225207328796387
