Model,R2,MAE,RMSE,MAPE_percent,n_train,n_test,fit_time_sec,predict_time_sec
cat,0.9481251161611319,0.09332078822461821,0.03355543554594664,1110327092.9596522,1697,9619,4.38572359085083,0.010172367095947266
