Model,R2,MAE,RMSE,MAPE_percent,n_train,n_test,fit_time_sec,predict_time_sec
gbm,0.9904781243793351,0.0011590380363633748,2.5902263004557773e-06,7.641056738548582,1527,8654,3.6408228874206543,0.05109596252441406
