Model,R2,MAE,RMSE,MAPE_percent,n_train,n_test,fit_time_sec,predict_time_sec
cat,0.9872016214064044,0.009099340909610756,0.00018165633342567703,3.8450940287756987,2328,5432,3.362205982208252,0.004843950271606445
