Model,R2,MAE,RMSE,MAPE_percent,n_train,n_test,fit_time_sec,predict_time_sec
cat,0.9982422788712033,0.00030308562870408784,1.8445009479850191e-07,2.554353364126328,8145,2036,3.5763583183288574,0.0026161670684814453
