Model,R2,MAE,RMSE,MAPE_percent,n_train,n_test,fit_time_sec,predict_time_sec
cat,0.9557197983548159,0.1945234404593763,0.10510781497645771,2365637732.3337135,4526,6790,4.506395578384399,0.010447025299072266
