Model,R2,MAE,RMSE,MAPE_percent,n_train,n_test,fit_time_sec,predict_time_sec
cat,0.7355604608871025,0.5372664432011494,0.6197314130147835,7025722315.17655,3961,7355,4.305675983428955,0.00872039794921875
