Model,R2,MAE,RMSE,MAPE_percent,n_train,n_test,fit_time_sec,predict_time_sec
rf,0.9763255092422685,0.02028120798499,0.0008481918651454361,9.518962570103973,8145,2036,52.75932955741882,0.41562891006469727
