Model,R2,MAE,RMSE,MAPE_percent,n_train,n_test,fit_time_sec,predict_time_sec
rf,0.9762394923510508,0.06532741345316387,0.016273868594097803,306477.73552280146,9053,2263,108.18096399307251,0.5539529323577881
