Model,R2,MAE,RMSE,MAPE_percent,n_train,n_test,fit_time_sec,predict_time_sec
rf,0.8866870162610072,0.09769373696352003,0.0252859220823521,8.396864502888775,6214,1554,39.940510749816895,0.3074319362640381
