Model,R2,MAE,RMSE,MAPE_percent,n_train,n_test,fit_time_sec,predict_time_sec
gbm,0.9833763936865932,0.0076413232992631145,0.00015028721130373436,12.013238896624227,8145,2036,18.620813846588135,0.015574216842651367
