Model,R2,MAE,RMSE,MAPE_percent,n_train,n_test,fit_time_sec,predict_time_sec
gbm,0.9894611713175473,0.007357569213640338,0.0001639485970020081,2.69685848966827,6214,1554,15.492583513259888,0.011246919631958008
