Model,R2,MAE,RMSE,MAPE_percent,n_train,n_test,fit_time_sec,predict_time_sec
gbm,0.9981322828099178,0.004571847094106914,5.960152170833729e-05,1.8905947020578355,8145,2036,20.51421356201172,0.013777494430541992
