Model,R2,MAE,RMSE,MAPE_percent,n_train,n_test,fit_time_sec,predict_time_sec
cat,0.9618784969560046,0.0625545863073065,0.010570301668209561,4.8846763095674826,3508,3507,4.562957763671875,0.004154205322265625
