Model,R2,MAE,RMSE,MAPE_percent,n_train,n_test,fit_time_sec,predict_time_sec
rf,0.9834206981711203,0.001079899924306779,2.2229689823811645e-06,7.037819132367066,5090,5091,30.022422552108765,0.5812616348266602
