Model,R2,MAE,RMSE,MAPE_percent,n_train,n_test,fit_time_sec,predict_time_sec
gbm,0.9951760163927194,0.013709000928249532,0.0012040026888165526,1.9223669865766944,6213,1553,15.535557746887207,0.01272892951965332
