Model,R2,MAE,RMSE,MAPE_percent,n_train,n_test,fit_time_sec,predict_time_sec
rf,0.30793289100927157,0.000975478907283518,0.00020409634879823798,3.6988569129004905,8151,2038,55.310083866119385,0.40751123428344727
