Model,R2,MAE,RMSE,MAPE_percent,n_train,n_test,fit_time_sec,predict_time_sec
cat,0.3488140855988341,0.22188419698533474,0.16628687881634957,53.25736654423183,6206,1552,4.308116436004639,0.0030701160430908203
