Model,R2,MAE,RMSE,MAPE_percent,n_train,n_test,fit_time_sec,predict_time_sec
cat,0.9874316443845979,0.007109444851273916,8.921165138630886e-05,2.72656722744431,6208,1552,3.596259593963623,0.002492189407348633
