Model,R2,MAE,RMSE,MAPE_percent,n_train,n_test,fit_time_sec,predict_time_sec
cat,0.9917385687752195,0.0010829272138713655,2.877409718603976e-06,7.448492430904559,6618,3563,3.5686495304107666,0.004071712493896484
