Model,R2,MAE,RMSE,MAPE_percent,n_train,n_test,fit_time_sec,predict_time_sec
rf,0.4729805300630857,0.29574094567332887,0.20842519873233065,35.27541241964745,6208,1552,40.50582218170166,0.31293702125549316
