Model,R2,MAE,RMSE,MAPE_percent,n_train,n_test,fit_time_sec,predict_time_sec
cat,0.4025333849029986,0.10153553553571784,0.029768449058906746,47.428968690625254,6208,1552,3.165576219558716,0.00222015380859375
