Model,R2,MAE,RMSE,MAPE_percent,n_train,n_test,fit_time_sec,predict_time_sec
cat,0.9689643457892262,0.023934342506489122,0.0023236243565426203,672721496.9024882,1132,10184,3.1111574172973633,0.009438753128051758
