Model,R2,MAE,RMSE,MAPE_percent,n_train,n_test,fit_time_sec,predict_time_sec
gbm,0.9979457066904931,0.006734515720457061,0.00011756225910395527,3.491877519283103,8145,2036,24.99571442604065,0.014657020568847656
