Model,R2,MAE,RMSE,MAPE_percent,n_train,n_test,fit_time_sec,predict_time_sec
cat,0.9694125392766236,0.02993620432899402,0.007029505227875039,4.523447148533326,6206,1552,7.259510040283203,0.017733097076416016
