Model,R2,MAE,RMSE,MAPE_percent,n_train,n_test,fit_time_sec,predict_time_sec
cat,0.9697501638272508,0.0550158971257292,0.00721489502012392,4.1600870968972,5684,1421,4.921773910522461,0.0026018619537353516
