Model,R2,MAE,RMSE,MAPE_percent,n_train,n_test,fit_time_sec,predict_time_sec
gbm,0.9993244118212703,0.00107647983508649,2.3492055668576915e-06,1.43293544120346,8145,2036,20.532984972000122,0.014261245727539062
