Model,R2,MAE,RMSE,MAPE_percent,n_train,n_test,fit_time_sec,predict_time_sec
rf,0.9890192134545396,0.014722840479853679,0.0004231142168602925,6.730604211204105,8145,2036,51.39955711364746,0.3847522735595703
