Model,R2,MAE,RMSE,MAPE_percent,n_train,n_test,fit_time_sec,predict_time_sec
rf,0.9951413996194369,0.0029313321073163342,1.8624825477046666e-05,3.809660013316311,8145,2036,52.04437613487244,0.4003424644470215
