Model,R2,MAE,RMSE,MAPE_percent,n_train,n_test,fit_time_sec,predict_time_sec
gbm,0.9702123423078878,0.06896139183166786,0.012792839734107239,5.442604939175679,9053,2263,22.857245922088623,0.01740121841430664
