Model,R2,MAE,RMSE,MAPE_percent,n_train,n_test,fit_time_sec,predict_time_sec
cat,0.9894214767385096,0.0009314426593395278,1.792896153872852e-06,8.081546623622888,2036,8145,3.3315508365631104,0.007763385772705078
