Model,R2,MAE,RMSE,MAPE_percent,n_train,n_test,fit_time_sec,predict_time_sec
cat,0.9880461767805193,0.01257934266207744,0.0002917749720857686,7.364984520040068,8145,2036,3.7401812076568604,0.002656221389770508
