Model,R2,MAE,RMSE,MAPE_percent,n_train,n_test,fit_time_sec,predict_time_sec
cat,0.9495316225192596,0.14221618890522053,0.06674598814950901,6.249141633003099,6208,1552,3.3990654945373535,0.0026929378509521484
