Model,R2,MAE,RMSE,MAPE_percent,n_train,n_test,fit_time_sec,predict_time_sec
gbm,0.9883883955994132,0.000949547894459401,1.6540370813568009e-06,7.175946173153867,3563,6618,8.42662262916565,0.041693687438964844
