Model,R2,MAE,RMSE,MAPE_percent,n_train,n_test,fit_time_sec,predict_time_sec
cat,0.23323174896502263,0.14930928288807707,0.08789087448315515,53.34501747394903,2378,5547,3.9359772205352783,0.006034135818481445
