Model,R2,MAE,RMSE,MAPE_percent,n_train,n_test,fit_time_sec,predict_time_sec
rf,0.9894748721889922,0.0026762908371657486,0.00010985198407020846,3.119835477131261,8145,2036,52.18990421295166,0.4291815757751465
