Model,R2,MAE,RMSE,MAPE_percent,n_train,n_test,fit_time_sec,predict_time_sec
rf,0.9542210425263132,0.18069123005215246,0.0867107520123037,7.433260756114343,9053,2263,55.527188301086426,0.42343759536743164
