Model,R2,MAE,RMSE,MAPE_percent,n_train,n_test,fit_time_sec,predict_time_sec
gbm,0.9947713438307493,0.004440263721660421,3.9400919308248364e-05,6.985171665886789,8145,2036,39.94814848899841,0.0285642147064209
