Model,R2,MAE,RMSE,MAPE_percent,n_train,n_test,fit_time_sec,predict_time_sec
gbm,0.9674789639821972,0.028015768068746533,0.004125605452468304,4.39481414886346,1164,6594,2.8053972721099854,0.041383981704711914
