Model,R2,MAE,RMSE,MAPE_percent,n_train,n_test,fit_time_sec,predict_time_sec
cat,0.9646542556582322,0.008806856312720913,0.0017703304694389151,2.6278808365350876,6214,1554,3.674138307571411,0.002239704132080078
