Model,R2,MAE,RMSE,MAPE_percent,n_train,n_test,fit_time_sec,predict_time_sec
gbm,0.9884714640433359,0.001124290920964237,2.4514440623502688e-06,7.415712080494787,2545,7636,5.996511936187744,0.0449674129486084
