Model,R2,MAE,RMSE,MAPE_percent,n_train,n_test,fit_time_sec,predict_time_sec
rf,0.9463213004246411,0.1333061266551363,0.0709917382841411,5.5507173837128185,6208,1552,36.44265556335449,0.2837543487548828
