Model,R2,MAE,RMSE,MAPE_percent,n_train,n_test,fit_time_sec,predict_time_sec
rf,0.9640679592408117,0.12095724736679954,0.03478378996317506,5.0231408536202995,6208,1552,38.028204917907715,0.27892565727233887
