Model,R2,MAE,RMSE,MAPE_percent,n_train,n_test,fit_time_sec,predict_time_sec
gbm,0.38342091470553463,0.3253308611731491,0.24644259046774003,39.97526904569707,6208,1552,13.766478538513184,0.012015819549560547
