Model,R2,MAE,RMSE,MAPE_percent,n_train,n_test,fit_time_sec,predict_time_sec
cat,0.9885207306406366,0.00451266760529615,3.501314952905074e-05,7.030486354527661,8145,2036,3.7082526683807373,0.0028274059295654297
