Model,R2,MAE,RMSE,MAPE_percent,n_train,n_test,fit_time_sec,predict_time_sec
cat,0.9835180400277262,0.0008979864461183295,4.738965159181069e-06,7.854111620437883,8145,2036,3.427419900894165,0.0021889209747314453
