Model,R2,MAE,RMSE,MAPE_percent,n_train,n_test,fit_time_sec,predict_time_sec
cat,0.9588303068943972,0.10768952657598621,0.0324517946976545,5.698079040490347,6206,1552,3.752777576446533,0.005580425262451172
