Model,R2,MAE,RMSE,MAPE_percent,n_train,n_test,fit_time_sec,predict_time_sec
rf,0.9893878659607795,0.0010807233873701817,4.006908293502507e-06,7.143160520177902,5600,4581,33.74251437187195,0.5733931064605713
