Model,R2,MAE,RMSE,MAPE_percent,n_train,n_test,fit_time_sec,predict_time_sec
cat,0.9622916115038609,0.060435207894377126,0.009418381139838486,4.831494438849634,4910,2105,4.770574569702148,0.0031332969665527344
