Model,R2,MAE,RMSE,MAPE_percent,n_train,n_test,fit_time_sec,predict_time_sec
rf,0.9446390556866867,0.25526590768982743,0.14497680711828015,6.744579533764239,6206,1552,36.69834017753601,0.28156495094299316
