Model,R2,MAE,RMSE,MAPE_percent,n_train,n_test,fit_time_sec,predict_time_sec
gbm,0.9966618827468541,0.0024217648324606007,1.222551449407165e-05,3.065642515510015,8145,2036,20.351515769958496,0.013598442077636719
