Model,R2,MAE,RMSE,MAPE_percent,n_train,n_test,fit_time_sec,predict_time_sec
gbm,0.9986504377344025,0.0004428838711634214,4.133934603307079e-07,3.0331809817327615,8145,2036,20.537251472473145,0.014575481414794922
