Model,R2,MAE,RMSE,MAPE_percent,n_train,n_test,fit_time_sec,predict_time_sec
rf,0.5677182425896318,0.0606393060699195,0.562848079026089,4.491209500606019,7056,1764,44.04961967468262,0.3304882049560547
