Model,R2,MAE,RMSE,MAPE_percent,n_train,n_test,fit_time_sec,predict_time_sec
gbm,0.9984708530107833,0.0004220042965831265,4.0109504644783435e-07,3.2989305503796382,8145,2036,20.68158793449402,0.014541387557983398
