Model,R2,MAE,RMSE,MAPE_percent,n_train,n_test,fit_time_sec,predict_time_sec
cat,0.9081000321009971,0.0012337677491159687,4.1188131140006236e-05,7.629992149742108,3054,7127,3.227740526199341,0.007832527160644531
