Model,R2,MAE,RMSE,MAPE_percent,n_train,n_test,fit_time_sec,predict_time_sec
cat,0.9653615294499275,0.12536766024341284,0.03353155731771919,5.30221274237767,6208,1552,4.463499307632446,0.0026962757110595703
