Model,R2,MAE,RMSE,MAPE_percent,n_train,n_test,fit_time_sec,predict_time_sec
cat,0.9926059065872408,0.006735886355114373,0.0005585707307245251,2.92134119909086,8145,2036,4.4831085205078125,0.0032379627227783203
