Model,R2,MAE,RMSE,MAPE_percent,n_train,n_test,fit_time_sec,predict_time_sec
cat,0.8155356923727941,0.08205383268838731,0.08979374967703224,5.930677659093968,3858,3157,6.640084743499756,0.004163026809692383
