Model,R2,MAE,RMSE,MAPE_percent,n_train,n_test,fit_time_sec,predict_time_sec
cat,0.883123414070835,0.28581375793730757,0.1417560267247309,11.12730388877464,6214,1554,3.6627025604248047,0.002413034439086914
