Model,R2,MAE,RMSE,MAPE_percent,n_train,n_test,fit_time_sec,predict_time_sec
gbm,0.9916183070010958,0.0010366527221603104,2.1033263413353785e-06,7.9840042949537695,1018,9163,2.464284896850586,0.05707859992980957
