Model,R2,MAE,RMSE,MAPE_percent,n_train,n_test,fit_time_sec,predict_time_sec
rf,0.9829817713586833,0.016518759608807183,0.001227276516827064,2.6551947754092726,6213,1553,37.267982721328735,0.2770414352416992
