Model,R2,MAE,RMSE,MAPE_percent,n_train,n_test,fit_time_sec,predict_time_sec
gbm,0.5701364215880875,0.010574845316435775,0.016663827324346858,3.674521765879963,8151,2038,20.536847352981567,0.012406110763549805
