Model,R2,MAE,RMSE,MAPE_percent,n_train,n_test,fit_time_sec,predict_time_sec
rf,0.9289883444033182,0.0011192505736542873,2.5230807080966394e-05,7.895910991033997,1018,9163,5.152638912200928,0.6252212524414062
