Model,R2,MAE,RMSE,MAPE_percent,n_train,n_test,fit_time_sec,predict_time_sec
cat,0.9884667371376357,0.004591733560464542,3.9000442384152625e-05,6.901762986805866,8145,2036,3.6824703216552734,0.002576589584350586
