Model,R2,MAE,RMSE,MAPE_percent,n_train,n_test,fit_time_sec,predict_time_sec
gbm,0.961895725373921,0.014656165095183847,0.004402033458101454,103.74879784446456,9053,2263,23.089789152145386,0.017247438430786133
