Model,R2,MAE,RMSE,MAPE_percent,n_train,n_test,fit_time_sec,predict_time_sec
cat,0.9875376225766587,0.0023094644183726,0.00010367716437383677,3.2275245842283127,8145,2036,3.5790674686431885,0.002743244171142578
