Model,R2,MAE,RMSE,MAPE_percent,n_train,n_test,fit_time_sec,predict_time_sec
gbm,0.6757074605284861,0.0006681365536278359,3.208563479448972e-05,4.446749172127045,8151,2038,20.510092735290527,0.012495756149291992
