Model,R2,MAE,RMSE,MAPE_percent,n_train,n_test,fit_time_sec,predict_time_sec
cat,0.26380329516182965,0.1476095699788937,0.09605321345597682,55.09670795439465,4359,3566,4.225301742553711,0.0051615238189697266
