Model,R2,MAE,RMSE,MAPE_percent,n_train,n_test,fit_time_sec,predict_time_sec
rf,0.9599514791161649,0.07895396493192225,0.02672959661118235,521425.33799718606,9053,2263,58.568384647369385,0.4328939914703369
