Model,R2,MAE,RMSE,MAPE_percent,n_train,n_test,fit_time_sec,predict_time_sec
rf,0.9932305508172523,0.011195909295106674,0.00045378701220038457,1.8121924305246278,6206,1552,36.7721893787384,0.2826344966888428
