Model,R2,MAE,RMSE,MAPE_percent,n_train,n_test,fit_time_sec,predict_time_sec
cat,0.892338638886764,0.02150486631340397,0.012352633493207218,4.888828700871393,1981,5944,4.411279201507568,0.0069446563720703125
