Model,R2,MAE,RMSE,MAPE_percent,n_train,n_test,fit_time_sec,predict_time_sec
cat,0.9883540101312918,0.0008232374314868786,1.223309381075261e-06,7.255068126599928,8145,2036,3.7198574542999268,0.0026619434356689453
