Model,R2,MAE,RMSE,MAPE_percent,n_train,n_test,fit_time_sec,predict_time_sec
gbm,0.9608070590794833,0.0030343604191929653,0.0003878136827530855,3.1971480251061166,8145,2036,20.613361120224,0.01407170295715332
