Model,R2,MAE,RMSE,MAPE_percent,n_train,n_test,fit_time_sec,predict_time_sec
rf,0.9490977246520611,0.2555117146596698,0.15834801959494577,6.7870203350063525,6206,1552,36.5154869556427,0.2931802272796631
