Model,R2,MAE,RMSE,MAPE_percent,n_train,n_test,fit_time_sec,predict_time_sec
cat,0.9982453043442825,0.00031383294774002703,1.9456494626975226e-07,2.6089354603833725,8145,2036,3.5012669563293457,0.0027098655700683594
