Model,R2,MAE,RMSE,MAPE_percent,n_train,n_test,fit_time_sec,predict_time_sec
cat,0.9587514289635525,0.07774310050617175,0.014250201096074113,6.122257985623216,5658,5658,4.7536656856536865,0.007834434509277344
