Model,R2,MAE,RMSE,MAPE_percent,n_train,n_test,fit_time_sec,predict_time_sec
cat,0.704633057396687,0.08000054055381298,0.16866736478129843,5.724823417718798,1421,5684,4.011172294616699,0.006285190582275391
