Model,R2,MAE,RMSE,MAPE_percent,n_train,n_test,fit_time_sec,predict_time_sec
cat,0.6462763735298944,0.2996715855640955,0.562745677435387,11.470160014628924,6214,1554,3.7450180053710938,0.002490520477294922
