Model,R2,MAE,RMSE,MAPE_percent,n_train,n_test,fit_time_sec,predict_time_sec
cat,0.7546587293664389,0.28159224215338274,0.8270758375661243,6.90687772362804,6213,1553,3.8469479084014893,0.002556324005126953
