Model,R2,MAE,RMSE,MAPE_percent,n_train,n_test,fit_time_sec,predict_time_sec
gbm,0.9889270731773817,0.0065251331107625266,7.886507063606099e-05,2.448072515160938,6208,1552,16.026133060455322,0.010793685913085938
