Model,R2,MAE,RMSE,MAPE_percent,n_train,n_test,fit_time_sec,predict_time_sec
rf,0.9775067836991689,0.02342751529793504,0.0044532767230617675,2.9609958039251576,6213,1553,36.900245904922485,0.2916722297668457
