Model,R2,MAE,RMSE,MAPE_percent,n_train,n_test,fit_time_sec,predict_time_sec
rf,0.9594421679146825,0.2334378009374705,0.12695873699656426,6.2934508745681335,6206,1552,36.87518906593323,0.2829577922821045
