Model,R2,MAE,RMSE,MAPE_percent,n_train,n_test,fit_time_sec,predict_time_sec
gbm,0.960869338763621,0.1341492821829613,0.03790760482771657,5.503982579407431,6208,1552,15.601722478866577,0.012324333190917969
