Model,R2,MAE,RMSE,MAPE_percent,n_train,n_test,fit_time_sec,predict_time_sec
gbm,0.9948585954096548,0.0005213158323817677,5.337464666380312e-07,4.335244820707411,8145,2036,20.61263418197632,0.013863801956176758
