Model,R2,MAE,RMSE,MAPE_percent,n_train,n_test,fit_time_sec,predict_time_sec
gbm,0.9271704198747317,0.020991113102953953,0.008585071439346375,103898786.47918387,3961,7355,9.729907274246216,0.048894405364990234
