Model,R2,MAE,RMSE,MAPE_percent,n_train,n_test,fit_time_sec,predict_time_sec
rf,0.49032202427306093,0.45836183639262407,0.5136119669026168,31.259823685015135,6206,1552,38.12622833251953,0.27991676330566406
