Model,R2,MAE,RMSE,MAPE_percent,n_train,n_test,fit_time_sec,predict_time_sec
cat,0.9602715655009348,0.0662096315519299,0.010729458137744187,5.212523742284343,3858,3157,6.486652374267578,0.0041429996490478516
