Model,R2,MAE,RMSE,MAPE_percent,n_train,n_test,fit_time_sec,predict_time_sec
cat,0.8869428705854618,0.06934108499972458,0.04821716722865874,5.427807551432004,3197,3908,4.488925457000732,0.005049228668212891
