Model,R2,MAE,RMSE,MAPE_percent,n_train,n_test,fit_time_sec,predict_time_sec
cat,0.9428727655599403,0.13897422847048738,0.07634708405094258,5.979633559007345,6208,1552,3.7927615642547607,0.004648685455322266
