Model,R2,MAE,RMSE,MAPE_percent,n_train,n_test,fit_time_sec,predict_time_sec
cat,0.9622330225709594,0.1430207744367717,0.049861015428039536,6.319898103072568,6208,1552,4.578566551208496,0.002807140350341797
