Model,R2,MAE,RMSE,MAPE_percent,n_train,n_test,fit_time_sec,predict_time_sec
cat,0.997476275619074,0.0004562479021678728,6.801087910902586e-07,3.7817362477810277,8145,2036,3.783963203430176,0.0028247833251953125
