Model,R2,MAE,RMSE,MAPE_percent,n_train,n_test,fit_time_sec,predict_time_sec
rf,0.9900800434010453,0.004858396547452092,0.0008229673904383089,1.6040293059423492,8145,2036,51.64920902252197,0.4084784984588623
