Model,R2,MAE,RMSE,MAPE_percent,n_train,n_test,fit_time_sec,predict_time_sec
cat,0.9172645944481984,0.03813275133696606,0.0189642078822029,5.853310928165115,1552,6206,3.1430349349975586,0.007628202438354492
