Model,R2,MAE,RMSE,MAPE_percent,n_train,n_test,fit_time_sec,predict_time_sec
cat,0.9801896187922295,0.0008442717075695173,1.3655526220253108e-06,7.07225501327204,6618,3563,3.29063081741333,0.004470348358154297
