Model,R2,MAE,RMSE,MAPE_percent,n_train,n_test,fit_time_sec,predict_time_sec
cat,0.9609324704824344,0.07586770810106544,0.025255230132811488,406640460.00305814,9053,2263,3.6746127605438232,0.0072057247161865234
