Model,R2,MAE,RMSE,MAPE_percent,n_train,n_test,fit_time_sec,predict_time_sec
cat,0.5495812863198994,0.36138639052306326,0.2874978600897073,6480307137.490537,8487,2829,4.672800302505493,0.0039823055267333984
