Model,R2,MAE,RMSE,MAPE_percent,n_train,n_test,fit_time_sec,predict_time_sec
cat,0.9563958100370076,0.17411822663251394,0.06025460631937666,5.60038230568162,5944,1981,5.060427188873291,0.002967357635498047
