Model,R2,MAE,RMSE,MAPE_percent,n_train,n_test,fit_time_sec,predict_time_sec
cat,0.9978498117404322,0.005295692667119287,5.913583405118396e-05,2.6366786353202403,8145,2036,3.7439801692962646,0.0027420520782470703
