Model,R2,MAE,RMSE,MAPE_percent,n_train,n_test,fit_time_sec,predict_time_sec
cat,0.9583941914424199,0.18750741662110393,0.06991435283563611,7.562056932334317,6790,4526,4.619518518447876,0.00561070442199707
