Model,R2,MAE,RMSE,MAPE_percent,n_train,n_test,fit_time_sec,predict_time_sec
rf,0.9764520190911142,0.02114788328199139,0.001724278068124943,3.5169792427017113,2715,5043,14.355937719345093,0.4476172924041748
