Model,R2,MAE,RMSE,MAPE_percent,n_train,n_test,fit_time_sec,predict_time_sec
gbm,0.9833019692553356,0.018754302661992833,0.0012012236466880473,3.2839295115635276,6206,1552,15.382103204727173,0.011530637741088867
