Model,R2,MAE,RMSE,MAPE_percent,n_train,n_test,fit_time_sec,predict_time_sec
cat,0.9598596979653893,0.07523594361393891,0.012953974864628588,5.901945778673497,6790,4526,4.867137432098389,0.0061299800872802734
