Model,R2,MAE,RMSE,MAPE_percent,n_train,n_test,fit_time_sec,predict_time_sec
cat,0.5270470860559835,0.3687876744260317,0.3239313606610155,9335668792.501917,9053,2263,3.5100035667419434,0.002949237823486328
