Model,R2,MAE,RMSE,MAPE_percent,n_train,n_test,fit_time_sec,predict_time_sec
gbm,0.4967959544230881,0.3665743970953123,0.33964828387895646,8387624195.674841,9053,2263,20.334293603897095,0.01618480682373047
