Model,R2,MAE,RMSE,MAPE_percent,n_train,n_test,fit_time_sec,predict_time_sec
rf,0.9110445123476165,0.06300757926250808,0.03438823716409996,5.206177119557236,6208,1552,35.920817613601685,0.28578662872314453
