Model,R2,MAE,RMSE,MAPE_percent,n_train,n_test,fit_time_sec,predict_time_sec
cat,0.9891567437311585,0.01457465314833589,0.0004083448392530665,7.5979921830149735,2545,7636,4.3967132568359375,0.007880687713623047
