Model,R2,MAE,RMSE,MAPE_percent,n_train,n_test,fit_time_sec,predict_time_sec
rf,0.8661024548685862,0.00162121832010943,7.430651325106998e-05,12.844620798954287,8145,2036,50.66958498954773,0.39495038986206055
