Model,R2,MAE,RMSE,MAPE_percent,n_train,n_test,fit_time_sec,predict_time_sec
cat,0.9014331512968087,0.07033613109968084,0.04186786143994889,5.5588149880711955,2842,4263,4.428264379501343,0.005838871002197266
