Model,R2,MAE,RMSE,MAPE_percent,n_train,n_test,fit_time_sec,predict_time_sec
cat,0.9784068574171678,0.0008077337141034935,1.1841510427053746e-06,6.659354625323612,8145,2036,3.5883708000183105,0.003022432327270508
