Model,R2,MAE,RMSE,MAPE_percent,n_train,n_test,fit_time_sec,predict_time_sec
gbm,0.9907824927924133,0.007451642523289226,0.00013138063703548586,2.893384049687568,2328,5432,5.6315436363220215,0.03274416923522949
