Model,R2,MAE,RMSE,MAPE_percent,n_train,n_test,fit_time_sec,predict_time_sec
gbm,0.9987464131735114,0.00043962525458515446,3.9814285082499067e-07,3.0620622779793627,8145,2036,24.80882477760315,0.01471853256225586
