Model,R2,MAE,RMSE,MAPE_percent,n_train,n_test,fit_time_sec,predict_time_sec
cat,0.9435921603981622,0.12211333961596621,0.06199703291371937,6.489678265894611,6213,1553,3.4041216373443604,0.0023500919342041016
