Model,R2,MAE,RMSE,MAPE_percent,n_train,n_test,fit_time_sec,predict_time_sec
cat,0.918384746018376,0.010238418188844309,0.005625963655448824,2.7483257844698126,6208,1552,3.5956826210021973,0.002235889434814453
