Model,R2,MAE,RMSE,MAPE_percent,n_train,n_test,fit_time_sec,predict_time_sec
rf,0.9326645911189569,0.1213040465173003,0.059132657439144094,6.1902526353242475,6206,1552,62.168633460998535,0.5281920433044434
