Model,R2,MAE,RMSE,MAPE_percent,n_train,n_test,fit_time_sec,predict_time_sec
gbm,0.9885475844867073,0.010342935739274537,0.00027522805349908627,2.726335398471474,6340,1585,15.8646559715271,0.011539936065673828
