Model,R2,MAE,RMSE,MAPE_percent,n_train,n_test,fit_time_sec,predict_time_sec
rf,0.9600110353009035,0.07722067673643568,0.021234666490632572,5.605736510407788,9053,2263,54.13448715209961,0.535834789276123
