Model,R2,MAE,RMSE,MAPE_percent,n_train,n_test,fit_time_sec,predict_time_sec
rf,0.9879738886962591,0.001073266002082565,4.722297841850212e-06,7.1103287046858785,7127,3054,44.499892711639404,0.47086572647094727
