Model,R2,MAE,RMSE,MAPE_percent,n_train,n_test,fit_time_sec,predict_time_sec
cat,0.9533599606092433,0.2534082425384229,0.1432399764411047,7.268320835176749,6206,1552,3.6324663162231445,0.0024983882904052734
