Model,R2,MAE,RMSE,MAPE_percent,n_train,n_test,fit_time_sec,predict_time_sec
gbm,0.9972147788587608,0.002679966719691006,1.7874326493218578e-05,4.206959145270438,8145,2036,20.272742986679077,0.014377832412719727
