Model,R2,MAE,RMSE,MAPE_percent,n_train,n_test,fit_time_sec,predict_time_sec
gbm,0.9887516053316957,0.006690932275163306,7.984241491183107e-05,2.5621792781699373,6208,1552,15.446959257125854,0.010909318923950195
