Model,R2,MAE,RMSE,MAPE_percent,n_train,n_test,fit_time_sec,predict_time_sec
rf,0.9711040660987995,0.007697522859262738,0.0020196438105406977,3.278461248010725,8145,2036,90.2138683795929,0.4260392189025879
