Model,R2,MAE,RMSE,MAPE_percent,n_train,n_test,fit_time_sec,predict_time_sec
cat,0.9119446784410123,0.01987379185746038,0.012911998529408959,452369226.9867545,9059,2265,3.746192216873169,0.0028982162475585938
