Model,R2,MAE,RMSE,MAPE_percent,n_train,n_test,fit_time_sec,predict_time_sec
rf,0.9415905056196964,0.19464363423329709,0.10878577684699313,7.815415830224777,9059,2265,55.54470992088318,0.4375643730163574
