Model,R2,MAE,RMSE,MAPE_percent,n_train,n_test,fit_time_sec,predict_time_sec
rf,0.9960149265710021,0.007803714119609655,0.00011677692396444682,3.833304535854096,8145,2036,50.51405072212219,0.3836352825164795
