Model,R2,MAE,RMSE,MAPE_percent,n_train,n_test,fit_time_sec,predict_time_sec
cat,0.8744984982157661,0.0240383861730565,0.013880841865717605,5.733937556213687,1189,6736,3.9674489498138428,0.007283926010131836
