Model,R2,MAE,RMSE,MAPE_percent,n_train,n_test,fit_time_sec,predict_time_sec
cat,0.9939079682681611,0.0005088806701456512,6.444715910391143e-07,4.1166477386661775,8145,2036,3.598433494567871,0.002594470977783203
