Model,R2,MAE,RMSE,MAPE_percent,n_train,n_test,fit_time_sec,predict_time_sec
rf,0.5884621732799304,0.33573515296636625,0.25706147650334943,305.09762917901486,9053,2263,59.99826240539551,0.4583749771118164
