Model,R2,MAE,RMSE,MAPE_percent,n_train,n_test,fit_time_sec,predict_time_sec
gbm,0.9617657682362367,0.13730704260288482,0.039405700273057384,5.82789231792992,6208,1552,15.419489860534668,0.01246023178100586
