Model,R2,MAE,RMSE,MAPE_percent,n_train,n_test,fit_time_sec,predict_time_sec
cat,0.36027654932274356,0.01603109631228686,0.012643591015875984,19.248779681308715,8151,2038,3.2675180435180664,0.002582073211669922
