Model,R2,MAE,RMSE,MAPE_percent,n_train,n_test,fit_time_sec,predict_time_sec
rf,0.432844153559487,0.34785992925647347,0.3075063513495028,32.0571487196998,6340,1585,40.528430461883545,0.3216526508331299
