Model,R2,MAE,RMSE,MAPE_percent,n_train,n_test,fit_time_sec,predict_time_sec
gbm,0.9287381352080778,0.0012101424903498282,3.147853539423956e-05,7.755787198291171,2036,8145,4.858448505401611,0.051687002182006836
