Model,R2,MAE,RMSE,MAPE_percent,n_train,n_test,fit_time_sec,predict_time_sec
gbm,0.48610081861683785,0.3779972152904285,0.33174498111307527,3838367922.0358715,9059,2265,20.493892669677734,0.016011476516723633
