Model,R2,MAE,RMSE,MAPE_percent,n_train,n_test,fit_time_sec,predict_time_sec
rf,0.9592897955837827,0.07754291657717681,0.01759828575373981,6.068837604285686,9053,2263,55.11055636405945,0.5495994091033936
