Model,R2,MAE,RMSE,MAPE_percent,n_train,n_test,fit_time_sec,predict_time_sec
gbm,0.9989349956845324,0.0003342817994098048,3.232893061227183e-07,2.3621282274513806,8145,2036,20.32850432395935,0.014708757400512695
