Model,R2,MAE,RMSE,MAPE_percent,n_train,n_test,fit_time_sec,predict_time_sec
cat,0.9760584537101955,0.0010646947320203455,1.948981234654122e-06,6.842336978975047,8145,2036,3.432210683822632,0.002664327621459961
