Model,R2,MAE,RMSE,MAPE_percent,n_train,n_test,fit_time_sec,predict_time_sec
cat,0.867166685165532,0.02343830499478926,0.010496333537758303,10.309089329098436,6208,1552,3.4429125785827637,0.002327442169189453
