Model,R2,MAE,RMSE,MAPE_percent,n_train,n_test,fit_time_sec,predict_time_sec
rf,0.3761340907419669,0.2034836228140285,0.1557087032953421,52.0126786511918,6213,1553,42.07591199874878,0.319596529006958
