Model,R2,MAE,RMSE,MAPE_percent,n_train,n_test,fit_time_sec,predict_time_sec
cat,0.9630541168276022,0.020336614896014023,0.002377810367436644,340485100.0005987,1697,9619,4.384084224700928,0.011816740036010742
