Model,R2,MAE,RMSE,MAPE_percent,n_train,n_test,fit_time_sec,predict_time_sec
cat,0.8983218554157177,0.015551888403891382,0.008909596911069748,7.513895159768497,6109,4072,4.908296585083008,0.004866123199462891
