Model,R2,MAE,RMSE,MAPE_percent,n_train,n_test,fit_time_sec,predict_time_sec
cat,0.9095708092258553,0.006086456247192224,0.0008063081147039009,8.764585860414341,1018,9163,4.0836968421936035,0.008899688720703125
