Model,R2,MAE,RMSE,MAPE_percent,n_train,n_test,fit_time_sec,predict_time_sec
cat,0.9930293009187375,0.004882087391459242,5.707165875920815e-05,7.294826781745095,8145,2036,4.941301584243774,0.0031235218048095703
