Model,R2,MAE,RMSE,MAPE_percent,n_train,n_test,fit_time_sec,predict_time_sec
cat,0.35531570974129767,0.0012793278905078875,0.00019012276130456497,7.367370468695842,8151,2038,3.6994409561157227,0.002581357955932617
