Model,R2,MAE,RMSE,MAPE_percent,n_train,n_test,fit_time_sec,predict_time_sec
rf,0.9973136979360069,0.0004204391520612458,3.3515782193498305e-07,2.957965420799882,8145,2036,50.55476379394531,0.37167882919311523
