Model,R2,MAE,RMSE,MAPE_percent,n_train,n_test,fit_time_sec,predict_time_sec
gbm,0.8833692506781452,0.023484524330547117,0.01360522248336863,12.649493397957078,8145,2036,18.211453199386597,0.015239953994750977
