Model,R2,MAE,RMSE,MAPE_percent,n_train,n_test,fit_time_sec,predict_time_sec
rf,0.9713768454997618,0.03827859579413573,0.005371255122485447,3.3718094325955508,6208,1552,37.323588609695435,0.2790398597717285
