Model,R2,MAE,RMSE,MAPE_percent,n_train,n_test,fit_time_sec,predict_time_sec
cat,0.9921159085983232,0.0009516866756271018,2.4428493431364397e-06,7.688853404688753,6618,3563,4.814674139022827,0.004821062088012695
