Model,R2,MAE,RMSE,MAPE_percent,n_train,n_test,fit_time_sec,predict_time_sec
cat,0.9901657341270198,0.003245345103916675,8.605477356591973e-05,4.524052326229863,8145,2036,4.228255271911621,0.003098011016845703
