Model,R2,MAE,RMSE,MAPE_percent,n_train,n_test,fit_time_sec,predict_time_sec
cat,0.8373911150257235,0.02504675516016855,0.01931057031559056,4.701506081735736,1585,6340,5.714294910430908,0.006705284118652344
