Model,R2,MAE,RMSE,MAPE_percent,n_train,n_test,fit_time_sec,predict_time_sec
cat,0.9631859370104583,0.17718484089694383,0.07344008891394707,6.124864576234503,5151,2774,5.683053255081177,0.0038917064666748047
