Model,R2,MAE,RMSE,MAPE_percent,n_train,n_test,fit_time_sec,predict_time_sec
cat,0.9437718613538869,0.09841164106755185,0.03607841077365303,1718502131.7253578,1132,10184,4.203261613845825,0.010666131973266602
