Model,R2,MAE,RMSE,MAPE_percent,n_train,n_test,fit_time_sec,predict_time_sec
cat,0.9477326187330117,0.12367362977950457,0.056720459138033155,6.413132027187284,6206,1552,3.4393866062164307,0.0026252269744873047
