Model,R2,MAE,RMSE,MAPE_percent,n_train,n_test,fit_time_sec,predict_time_sec
cat,0.7853853953692069,0.0017409832767795888,3.3173882055739926e-05,11.328502310529895,8151,2038,3.845898389816284,0.002702474594116211
