Model,R2,MAE,RMSE,MAPE_percent,n_train,n_test,fit_time_sec,predict_time_sec
cat,0.9250155788090998,0.021862113028828855,0.005765753057873084,12.74247492784788,2036,8145,4.127422332763672,0.012295007705688477
