Model,R2,MAE,RMSE,MAPE_percent,n_train,n_test,fit_time_sec,predict_time_sec
gbm,0.9231912195362086,0.1441679017831785,0.07410654238179601,7.495767585477223,6213,1553,15.520585536956787,0.012588024139404297
