Model,R2,MAE,RMSE,MAPE_percent,n_train,n_test,fit_time_sec,predict_time_sec
rf,0.33934848519787186,0.13396260467415683,0.08515392873835453,49.11442733474921,6340,1585,44.47813129425049,0.33605408668518066
