Model,R2,MAE,RMSE,MAPE_percent,n_train,n_test,fit_time_sec,predict_time_sec
cat,0.9639891567943577,0.0790457541861179,0.022804895000132077,106.5745380439398,8487,2829,4.921733140945435,0.004109382629394531
