Model,R2,MAE,RMSE,MAPE_percent,n_train,n_test,fit_time_sec,predict_time_sec
cat,0.8992446048502493,0.017797706342568248,0.006160766168436931,6.096720331813091,776,6984,2.7104241847991943,0.008633613586425781
