Model,R2,MAE,RMSE,MAPE_percent,n_train,n_test,fit_time_sec,predict_time_sec
gbm,0.9587154862160164,0.1344050699342725,0.05465277429234137,5.599420489555562,6208,1552,15.467320919036865,0.013522624969482422
