Model,R2,MAE,RMSE,MAPE_percent,n_train,n_test,fit_time_sec,predict_time_sec
gbm,0.9639187377701436,0.007334718910515168,0.002208350568898846,3.422993231415148,8145,2036,20.32985806465149,0.014035224914550781
