Model,R2,MAE,RMSE,MAPE_percent,n_train,n_test,fit_time_sec,predict_time_sec
cat,0.9713807038448586,0.06447259473164156,0.009365643545190084,4.492456131542264,5944,1981,4.689885139465332,0.003848552703857422
