Model,R2,MAE,RMSE,MAPE_percent,n_train,n_test,fit_time_sec,predict_time_sec
gbm,0.9884658994142742,0.0008279012400131936,1.2641973388368495e-06,7.236927919436025,8145,2036,19.719443321228027,0.014653682708740234
