Model,R2,MAE,RMSE,MAPE_percent,n_train,n_test,fit_time_sec,predict_time_sec
rf,0.9901573561816046,0.002236559620134032,8.612808480287037e-05,2.8724181706731535,8145,2036,50.43617916107178,0.37776851654052734
