Model,R2,MAE,RMSE,MAPE_percent,n_train,n_test,fit_time_sec,predict_time_sec
cat,0.8944732562136665,0.05500384873162476,0.020415530112631315,4.8953303492160405,6208,1552,3.465498208999634,0.0024390220642089844
