Model,R2,MAE,RMSE,MAPE_percent,n_train,n_test,fit_time_sec,predict_time_sec
gbm,0.7927253433426055,0.000737328978866344,0.00010427484807922018,2.7877857145105542,8151,2038,20.49390721321106,0.014019966125488281
