Model,R2,MAE,RMSE,MAPE_percent,n_train,n_test,fit_time_sec,predict_time_sec
rf,0.9550199894692852,0.029385130028913433,0.01064641203202895,3.2881192036747304,6206,1552,38.72621011734009,0.2986311912536621
