Model,R2,MAE,RMSE,MAPE_percent,n_train,n_test,fit_time_sec,predict_time_sec
cat,0.9544338508359778,0.036937704863645664,0.007364116586984374,7.745448473087281,776,6982,3.0313498973846436,0.006095409393310547
