Model,R2,MAE,RMSE,MAPE_percent,n_train,n_test,fit_time_sec,predict_time_sec
cat,0.987121247591071,0.011768891962526054,0.00028992405705521374,3.3214283804468745,3962,3963,4.501627445220947,0.004642963409423828
