Model,R2,MAE,RMSE,MAPE_percent,n_train,n_test,fit_time_sec,predict_time_sec
gbm,0.9236709178796538,0.014218948788942134,0.0045381071215184815,3.550983443107746,1552,6208,3.9283342361450195,0.04080057144165039
