Model,R2,MAE,RMSE,MAPE_percent,n_train,n_test,fit_time_sec,predict_time_sec
cat,0.6476507356432899,0.5902244109142665,0.7140883459548021,24.46016296183506,1189,6736,3.4937281608581543,0.007230520248413086
