Model,R2,MAE,RMSE,MAPE_percent,n_train,n_test,fit_time_sec,predict_time_sec
cat,0.9869767024056554,0.011900295478150085,0.0005147809114386605,3.6382606877231147,9053,2263,3.699043035507202,0.0030317306518554688
