Model,R2,MAE,RMSE,MAPE_percent,n_train,n_test,fit_time_sec,predict_time_sec
cat,0.9555487980148373,0.084621100931035,0.019280065613887974,6.082482661453553,1189,6736,3.9719841480255127,0.009566545486450195
