Model,R2,MAE,RMSE,MAPE_percent,n_train,n_test,fit_time_sec,predict_time_sec
cat,0.9702912006982908,0.046769722551888625,0.005370807184712308,4.234983121029533,6208,1552,4.635919094085693,0.0027534961700439453
