Model,R2,MAE,RMSE,MAPE_percent,n_train,n_test,fit_time_sec,predict_time_sec
cat,0.3074307891375406,0.33782816981446384,0.35739489603994673,34.04306219504026,5690,1423,3.0209341049194336,0.0021066665649414062
