Model,R2,MAE,RMSE,MAPE_percent,n_train,n_test,fit_time_sec,predict_time_sec
cat,0.980045747074603,0.037072106810518334,0.0028102609853840055,4.189932356443663,6615,2205,4.671055555343628,0.003749370574951172
