Model,R2,MAE,RMSE,MAPE_percent,n_train,n_test,fit_time_sec,predict_time_sec
cat,0.7279825888080111,0.5471241868570229,0.6379300230420958,8169376422.840971,2829,8487,4.295736074447632,0.009286165237426758
