Model,R2,MAE,RMSE,MAPE_percent,n_train,n_test,fit_time_sec,predict_time_sec
gbm,0.9487866505748863,0.08435219695091518,0.03175478923204153,55719156.07627158,9059,2265,23.120505809783936,0.017734527587890625
