Model,R2,MAE,RMSE,MAPE_percent,n_train,n_test,fit_time_sec,predict_time_sec
gbm,0.9174587961947713,0.0215556999510905,0.00988712155224717,78281090.00561455,3395,7921,8.375174045562744,0.05324411392211914
