Model,R2,MAE,RMSE,MAPE_percent,n_train,n_test,fit_time_sec,predict_time_sec
cat,0.9947111465105827,0.008056666688233852,0.00027586551984499553,2.3012150950962518,9053,2263,3.6620211601257324,0.0029349327087402344
