Model,R2,MAE,RMSE,MAPE_percent,n_train,n_test,fit_time_sec,predict_time_sec
rf,0.9453750676282796,0.25494119547432886,0.14524977022853,6.638636449857219,6206,1552,36.50206804275513,0.27941274642944336
