Model,R2,MAE,RMSE,MAPE_percent,n_train,n_test,fit_time_sec,predict_time_sec
rf,0.9289904137714144,0.26187775448114264,0.19269286028387844,6.699852001333505,6213,1553,38.04001474380493,0.2826969623565674
