Model,R2,MAE,RMSE,MAPE_percent,n_train,n_test,fit_time_sec,predict_time_sec
cat,0.9720880170042624,0.02018385340824866,0.0017454330667567867,332506038.7236976,1697,9619,3.2498204708099365,0.009948015213012695
