Model,R2,MAE,RMSE,MAPE_percent,n_train,n_test,fit_time_sec,predict_time_sec
rf,0.9645622996860552,0.016632079226759605,0.0024768720866945705,10.470375009987603,8145,2036,49.67072772979736,0.41138124465942383
