Model,R2,MAE,RMSE,MAPE_percent,n_train,n_test,fit_time_sec,predict_time_sec
rf,0.9268414558410182,0.0010911194915545635,2.6571331847232328e-05,7.9178426479235275,1527,8654,7.696384429931641,0.6525673866271973
