Model,R2,MAE,RMSE,MAPE_percent,n_train,n_test,fit_time_sec,predict_time_sec
rf,0.9490785452147207,0.1798128250458185,0.1218833998859842,1719698.757246412,9053,2263,55.51241850852966,0.44134068489074707
