Model,R2,MAE,RMSE,MAPE_percent,n_train,n_test,fit_time_sec,predict_time_sec
cat,0.9569851107103757,0.11078915458166921,0.043663625199019694,5.42336479637718,6206,1552,3.4082696437835693,0.002296924591064453
