Model,R2,MAE,RMSE,MAPE_percent,n_train,n_test,fit_time_sec,predict_time_sec
cat,0.9646607885733829,0.01427422608104274,0.0015924578029116283,4.003302567510764,2774,5151,3.8905529975891113,0.006343364715576172
