Model,R2,MAE,RMSE,MAPE_percent,n_train,n_test,fit_time_sec,predict_time_sec
gbm,0.9986764706608872,0.0013976009611796729,5.067323297107154e-06,1.7323989114241025,8145,2036,20.41816258430481,0.013811826705932617
