Model,R2,MAE,RMSE,MAPE_percent,n_train,n_test,fit_time_sec,predict_time_sec
rf,0.9892718049608975,0.012627723959764336,0.00029128294256182055,6.540539071544975,8145,2036,51.71131730079651,0.36574506759643555
