Model,R2,MAE,RMSE,MAPE_percent,n_train,n_test,fit_time_sec,predict_time_sec
cat,0.9779925369614559,0.05417525809471977,0.00718914420631082,3.6596369530846378,6340,1585,4.5014402866363525,0.0028219223022460938
