Model,R2,MAE,RMSE,MAPE_percent,n_train,n_test,fit_time_sec,predict_time_sec
rf,0.9991878558249665,0.00023640668838147827,1.1021837310399946e-07,1.6327845012762818,8151,2038,54.47219944000244,0.38900017738342285
