Model,R2,MAE,RMSE,MAPE_percent,n_train,n_test,fit_time_sec,predict_time_sec
rf,0.993885931512401,0.014144804762280052,0.0012853753944380574,1.868374164458771,6206,1552,37.008630990982056,0.28313612937927246
