Model,R2,MAE,RMSE,MAPE_percent,n_train,n_test,fit_time_sec,predict_time_sec
rf,0.9116532162856885,0.07899910307505842,0.060107692787469746,523775.4184281827,9059,2265,57.264214754104614,0.48262763023376465
