Model,R2,MAE,RMSE,MAPE_percent,n_train,n_test,fit_time_sec,predict_time_sec
rf,0.9838973176091533,0.0009504739757461039,5.586992703925718e-06,6.970338356260683,6618,3563,40.98599600791931,0.4941868782043457
