Model,R2,MAE,RMSE,MAPE_percent,n_train,n_test,fit_time_sec,predict_time_sec
cat,0.9972214100635205,0.0040721736891134765,3.2664677897076057e-05,1.6157933514061287,6208,1552,3.570983648300171,0.0023250579833984375
