Model,R2,MAE,RMSE,MAPE_percent,n_train,n_test,fit_time_sec,predict_time_sec
gbm,0.5761279267764727,0.5580910961385375,1.2857722407254268,12784242734.826754,9059,2265,20.4184091091156,0.01641106605529785
