Model,R2,MAE,RMSE,MAPE_percent,n_train,n_test,fit_time_sec,predict_time_sec
cat,0.7054805278356246,0.5276186453866846,0.5836005464936262,21.75255074683637,6340,1585,4.4463419914245605,0.0029201507568359375
