Model,R2,MAE,RMSE,MAPE_percent,n_train,n_test,fit_time_sec,predict_time_sec
cat,0.9595475394647197,0.029042187004215937,0.011590316856655649,3.7583192427345526,6213,1553,3.543213367462158,0.0023653507232666016
