Model,R2,MAE,RMSE,MAPE_percent,n_train,n_test,fit_time_sec,predict_time_sec
cat,0.9813229955846258,0.0010762965617807491,2.117303213121074e-06,6.87560297022,6109,4072,3.499690532684326,0.004299163818359375
