Model,R2,MAE,RMSE,MAPE_percent,n_train,n_test,fit_time_sec,predict_time_sec
cat,0.9614959938910711,0.13932182402686993,0.049296624840393606,5.8213155008272865,6208,1552,4.460824966430664,0.0032117366790771484
