Model,R2,MAE,RMSE,MAPE_percent,n_train,n_test,fit_time_sec,predict_time_sec
cat,0.9983712510628562,0.0016748674283097783,5.9796921344732595e-06,2.2023152457466066,8145,2036,3.69368577003479,0.0027043819427490234
