Model,R2,MAE,RMSE,MAPE_percent,n_train,n_test,fit_time_sec,predict_time_sec
cat,0.4345106691245456,0.3815294879345747,0.3449977763506662,36.158067572164896,2774,5151,4.649019956588745,0.006315708160400391
