Model,R2,MAE,RMSE,MAPE_percent,n_train,n_test,fit_time_sec,predict_time_sec
cat,0.9977822236400539,0.0003750980014842814,2.8607527632048396e-07,2.7296983290114336,8145,2036,3.7955496311187744,0.0026743412017822266
