Model,R2,MAE,RMSE,MAPE_percent,n_train,n_test,fit_time_sec,predict_time_sec
gbm,0.9614929084194992,0.06159444895639652,0.00997091698833917,4.529078613978683,5612,1403,13.841704845428467,0.011080265045166016
