Model,R2,MAE,RMSE,MAPE_percent,n_train,n_test,fit_time_sec,predict_time_sec
rf,0.9305350645106677,0.13877574710587676,0.07538321108575056,6.78170027883376,6206,1552,36.25643181800842,0.28301215171813965
