Model,R2,MAE,RMSE,MAPE_percent,n_train,n_test,fit_time_sec,predict_time_sec
rf,0.948963290804027,0.0012237873300374878,1.806967012949524e-05,7.820890777484067,1018,9163,5.0216686725616455,0.618462085723877
