Model,R2,MAE,RMSE,MAPE_percent,n_train,n_test,fit_time_sec,predict_time_sec
rf,0.9991474198080026,0.003336849091576426,2.418788866212389e-05,1.4829322881476799,8145,2036,49.720444202423096,0.3933587074279785
