Model,R2,MAE,RMSE,MAPE_percent,n_train,n_test,fit_time_sec,predict_time_sec
rf,0.9714882046768506,0.008921693088358223,0.002548030457825474,3.173993665725939,8145,2036,52.41022443771362,0.40526390075683594
