Model,R2,MAE,RMSE,MAPE_percent,n_train,n_test,fit_time_sec,predict_time_sec
rf,0.9511116120554,0.2433660346007691,0.13279748106091407,6.375207281348444,6206,1552,36.418761014938354,0.2785353660583496
