Model,R2,MAE,RMSE,MAPE_percent,n_train,n_test,fit_time_sec,predict_time_sec
rf,0.9738311597241494,0.005892566438572218,7.632926431787243e-05,9.437347888125398,8145,2036,53.90636873245239,0.4016153812408447
