Model,R2,MAE,RMSE,MAPE_percent,n_train,n_test,fit_time_sec,predict_time_sec
cat,0.9965333353617803,0.0004852263205300291,5.532957822589264e-07,3.2263278686087444,8145,2036,3.7867021560668945,0.0026807785034179688
