Model,R2,MAE,RMSE,MAPE_percent,n_train,n_test,fit_time_sec,predict_time_sec
rf,0.3696531153714927,0.19436878330645666,0.15072436545424175,48.61418393434071,6206,1552,42.25814652442932,0.31732845306396484
