Model,R2,MAE,RMSE,MAPE_percent,n_train,n_test,fit_time_sec,predict_time_sec
rf,0.9424389112421935,0.11755129513371197,0.055536010828652484,5.986039542496023,6213,1553,35.98076796531677,0.2906348705291748
