Model,R2,MAE,RMSE,MAPE_percent,n_train,n_test,fit_time_sec,predict_time_sec
gbm,0.9826113967554976,0.007935604808262593,0.0008777165556460423,2.1735371857094057,6208,1552,15.477690696716309,0.012298107147216797
