Model,R2,MAE,RMSE,MAPE_percent,n_train,n_test,fit_time_sec,predict_time_sec
cat,0.9842544202778977,0.014101721431065585,0.0005041085369152501,28.0661397126069,5092,6224,4.584962606430054,0.006888866424560547
