Model,R2,MAE,RMSE,MAPE_percent,n_train,n_test,fit_time_sec,predict_time_sec
cat,0.9389118424256196,0.28460213952039387,0.19934781654101144,7.759875864479921,6213,1553,3.5038158893585205,0.0022971630096435547
