Model,R2,MAE,RMSE,MAPE_percent,n_train,n_test,fit_time_sec,predict_time_sec
gbm,0.8109644906731273,0.298344492732281,0.24456899075228747,11.431900853819887,6214,1554,15.475684881210327,0.012249946594238281
