Model,R2,MAE,RMSE,MAPE_percent,n_train,n_test,fit_time_sec,predict_time_sec
rf,0.9560381719411529,0.062061024318540825,0.017047345952879486,4.593988181486393,5684,1421,34.16096878051758,0.2958533763885498
