Model,R2,MAE,RMSE,MAPE_percent,n_train,n_test,fit_time_sec,predict_time_sec
rf,0.8581252728321811,0.011956200528697305,0.004584964075414794,3.9228837398736527,8151,2038,54.621524810791016,0.4019651412963867
