Model,R2,MAE,RMSE,MAPE_percent,n_train,n_test,fit_time_sec,predict_time_sec
cat,0.3840574315759151,0.0024692267374032584,0.00036269186171317646,17.42771622495705,8151,2038,3.2418243885040283,0.0026009082794189453
