Model,R2,MAE,RMSE,MAPE_percent,n_train,n_test,fit_time_sec,predict_time_sec
rf,0.9583709536004774,0.07679493126099315,0.026878772343256987,7431269.184840082,9053,2263,54.05022096633911,0.44838690757751465
