Model,R2,MAE,RMSE,MAPE_percent,n_train,n_test,fit_time_sec,predict_time_sec
cat,0.9970866857252666,0.003055529168090815,2.277627328488723e-05,4.668009185389675,8145,2036,7.474850177764893,0.012889862060546875
