Model,R2,MAE,RMSE,MAPE_percent,n_train,n_test,fit_time_sec,predict_time_sec
rf,0.9992338431264062,0.0012193221632702334,5.844417097801578e-06,1.525909963658028,8145,2036,49.60601043701172,0.40200328826904297
