Model,R2,MAE,RMSE,MAPE_percent,n_train,n_test,fit_time_sec,predict_time_sec
cat,0.9396150889535935,0.23314774248481412,0.12242999374221662,8.920626092172967,792,7133,3.575551748275757,0.008155107498168945
