Model,R2,MAE,RMSE,MAPE_percent,n_train,n_test,fit_time_sec,predict_time_sec
rf,0.98500966119728,0.012707470206915846,0.0005418173879723028,635407.5414063513,3961,7355,21.75849676132202,0.6925160884857178
