Model,R2,MAE,RMSE,MAPE_percent,n_train,n_test,fit_time_sec,predict_time_sec
cat,0.8915602250405681,0.021912002856646684,0.008650009989032603,13.105656756166281,3054,7127,4.153813600540161,0.008126497268676758
