Model,R2,MAE,RMSE,MAPE_percent,n_train,n_test,fit_time_sec,predict_time_sec
cat,0.9640034655237825,0.07483512533004075,0.014222576095496075,466063097.0396929,9053,2263,3.5492680072784424,0.00299835205078125
