Model,R2,MAE,RMSE,MAPE_percent,n_train,n_test,fit_time_sec,predict_time_sec
cat,0.9486396501594527,0.19729533563118223,0.09572680494836892,1697568045.3363245,3961,7355,4.6073408126831055,0.007416963577270508
