Model,R2,MAE,RMSE,MAPE_percent,n_train,n_test,fit_time_sec,predict_time_sec
cat,0.9679045747907729,0.07163979764566733,0.01839501429804442,328.3567714613234,9053,2263,7.715312242507935,0.025102853775024414
