Model,R2,MAE,RMSE,MAPE_percent,n_train,n_test,fit_time_sec,predict_time_sec
rf,0.9836509720628807,0.021485537395708465,0.0013556583335573422,11.624652200092184,8145,2036,50.26523447036743,0.4123194217681885
