Model,R2,MAE,RMSE,MAPE_percent,n_train,n_test,fit_time_sec,predict_time_sec
rf,0.7602671195559705,0.48760645919369444,0.5628951969347794,12415001009.44539,9053,2263,57.402942180633545,0.45787882804870605
