Model,R2,MAE,RMSE,MAPE_percent,n_train,n_test,fit_time_sec,predict_time_sec
rf,0.9957123066259151,0.0061933749046920875,0.0001839639279887177,1.6867495655386742,9053,2263,55.80717635154724,0.42485642433166504
