Model,R2,MAE,RMSE,MAPE_percent,n_train,n_test,fit_time_sec,predict_time_sec
cat,0.9552032225659224,0.20201813310313826,0.08508830219943575,1297960570.654881,3395,7921,4.437589168548584,0.011695384979248047
