Model,R2,MAE,RMSE,MAPE_percent,n_train,n_test,fit_time_sec,predict_time_sec
rf,0.9739649645409577,0.005829130925075962,7.487967908968578e-05,9.288473830559967,8145,2036,52.61805033683777,0.4017035961151123
