Model,R2,MAE,RMSE,MAPE_percent,n_train,n_test,fit_time_sec,predict_time_sec
rf,0.6819889745992174,0.28918843591842475,0.6453269189562769,10.760130441424051,6214,1554,38.12076163291931,0.2857487201690674
