Model,R2,MAE,RMSE,MAPE_percent,n_train,n_test,fit_time_sec,predict_time_sec
cat,0.9859241525834568,0.004712136836259165,4.0401961175874306e-05,7.111066137722263,4581,5600,4.5838623046875,0.006028652191162109
