Model,R2,MAE,RMSE,MAPE_percent,n_train,n_test,fit_time_sec,predict_time_sec
rf,0.978376550982683,0.0004365527089970295,1.0062019491528203e-05,2.0399728205152234,8145,2036,51.78872776031494,0.3989291191101074
