Model,R2,MAE,RMSE,MAPE_percent,n_train,n_test,fit_time_sec,predict_time_sec
cat,0.9413258556568368,0.20938993942645356,0.11949922702434411,7.586914003272181,1189,6736,3.9570066928863525,0.006951332092285156
