Model,R2,MAE,RMSE,MAPE_percent,n_train,n_test,fit_time_sec,predict_time_sec
cat,0.5688360366063077,0.35439323118248073,0.26932067442833085,417.330029971405,9053,2263,3.417645215988159,0.0032243728637695312
