Model,R2,MAE,RMSE,MAPE_percent,n_train,n_test,fit_time_sec,predict_time_sec
cat,0.9934679689993431,0.0005827404082972322,7.022933125833178e-07,4.86192525338927,8145,2036,4.800205230712891,0.003167390823364258
