Model,R2,MAE,RMSE,MAPE_percent,n_train,n_test,fit_time_sec,predict_time_sec
cat,0.9563627864383091,0.19207156194431071,0.1034328866192263,2421447414.8378463,5092,6224,4.805587530136108,0.006943941116333008
