Model,R2,MAE,RMSE,MAPE_percent,n_train,n_test,fit_time_sec,predict_time_sec
rf,0.9892458997542807,0.008620082977429467,0.00029397736161179987,2.120489104148145,6340,1585,38.559942960739136,0.2813088893890381
