Model,R2,MAE,RMSE,MAPE_percent,n_train,n_test,fit_time_sec,predict_time_sec
rf,0.9490160884486432,0.006541387978430661,0.003942986228765747,2.1723634121785715,8151,2038,55.31674766540527,0.39886999130249023
