Model,R2,MAE,RMSE,MAPE_percent,n_train,n_test,fit_time_sec,predict_time_sec
gbm,0.9855122007130961,0.0063606895728723885,0.0001081605000427506,13.245600841748667,8145,2036,18.147839069366455,0.015076160430908203
