Model,R2,MAE,RMSE,MAPE_percent,n_train,n_test,fit_time_sec,predict_time_sec
rf,0.9987395758822714,0.0013533488134979755,4.8257158396529165e-06,1.680371234127243,8145,2036,52.08523225784302,0.3974189758300781
