Model,R2,MAE,RMSE,MAPE_percent,n_train,n_test,fit_time_sec,predict_time_sec
rf,0.9859002574971563,0.004291119244776417,0.00010579415278257588,7.413516840197552,8145,2036,51.74583053588867,0.41373515129089355
