Model,R2,MAE,RMSE,MAPE_percent,n_train,n_test,fit_time_sec,predict_time_sec
cat,0.9940942048540845,0.0027586616294781787,1.8820672804836386e-05,4.225015188192427,8151,2038,3.620269536972046,0.0026700496673583984
