Model,R2,MAE,RMSE,MAPE_percent,n_train,n_test,fit_time_sec,predict_time_sec
gbm,0.932706025377232,0.0011706557159923041,3.5086686733454475e-05,7.237135511623909,6618,3563,15.947031736373901,0.023807764053344727
