Model,R2,MAE,RMSE,MAPE_percent,n_train,n_test,fit_time_sec,predict_time_sec
cat,0.400999645699341,0.29157820516217947,0.205107952024989,36.32579546710282,6208,1552,3.099759340286255,0.0022592544555664062
