Model,R2,MAE,RMSE,MAPE_percent,n_train,n_test,fit_time_sec,predict_time_sec
cat,0.892912772108768,0.048652619408369416,0.019855920225427672,11.608740665373984,6206,1552,3.533306121826172,0.002317667007446289
