Model,R2,MAE,RMSE,MAPE_percent,n_train,n_test,fit_time_sec,predict_time_sec
rf,0.9852301234433061,0.011434963855071936,0.00036628390354005236,3.148899773874051,7355,3961,44.34843325614929,0.5155057907104492
