Model,R2,MAE,RMSE,MAPE_percent,n_train,n_test,fit_time_sec,predict_time_sec
gbm,0.21975378087429265,0.3392648346010361,0.7637312058395452,32.516234356976334,5684,1421,12.493411540985107,0.011281013488769531
