Model,R2,MAE,RMSE,MAPE_percent,n_train,n_test,fit_time_sec,predict_time_sec
cat,0.4345106691245456,0.3815294879345747,0.3449977763506662,36.158067572164896,2774,5151,3.9532883167266846,0.005971670150756836
