Model,R2,MAE,RMSE,MAPE_percent,n_train,n_test,fit_time_sec,predict_time_sec
cat,0.9540472209157447,0.10945807016510137,0.028206505732597278,5.6666306073118164,6206,1552,3.596323013305664,0.0023412704467773438
