Model,R2,MAE,RMSE,MAPE_percent,n_train,n_test,fit_time_sec,predict_time_sec
gbm,0.9943001488680925,0.004078562553647094,0.0003357543894745123,1.8123160750368357,8145,2036,21.893635272979736,0.015007972717285156
