Model,R2,MAE,RMSE,MAPE_percent,n_train,n_test,fit_time_sec,predict_time_sec
cat,0.99734982914956,0.005809790295292718,7.089634576266144e-05,2.7831083316217495,8145,2036,3.714327335357666,0.0026390552520751953
