Model,R2,MAE,RMSE,MAPE_percent,n_train,n_test,fit_time_sec,predict_time_sec
gbm,0.9605206530201603,0.14298764847663503,0.051848256976726306,5.981802347851653,6208,1552,15.431941986083984,0.012688398361206055
