Model,R2,MAE,RMSE,MAPE_percent,n_train,n_test,fit_time_sec,predict_time_sec
gbm,0.9601571137441512,0.06192561495012907,0.009951991416182294,4.702831973789358,5612,1403,13.94394826889038,0.011174440383911133
