Model,R2,MAE,RMSE,MAPE_percent,n_train,n_test,fit_time_sec,predict_time_sec
gbm,0.9953014332098671,0.006671646030581851,0.0002706506226294672,20346582.48208827,9053,2263,27.817903518676758,0.017556428909301758
