Model,R2,MAE,RMSE,MAPE_percent,n_train,n_test,fit_time_sec,predict_time_sec
cat,0.9227430822644467,0.013392116839036088,0.006104751489956076,3.8418371461045515,6208,1552,3.4876012802124023,0.0023462772369384766
