Model,R2,MAE,RMSE,MAPE_percent,n_train,n_test,fit_time_sec,predict_time_sec
rf,0.9993948468793189,0.0012500413466105113,4.5178472478196434e-06,1.7276923130611208,8145,2036,49.56195950508118,0.4140279293060303
