Model,R2,MAE,RMSE,MAPE_percent,n_train,n_test,fit_time_sec,predict_time_sec
cat,0.9609975266586408,0.1407646752746493,0.04974624628212212,6.182127938571807,6208,1552,3.609807252883911,0.0024678707122802734
