Model,R2,MAE,RMSE,MAPE_percent,n_train,n_test,fit_time_sec,predict_time_sec
cat,0.18565340942396502,0.010716848942254956,0.046585427944087425,6.572379534932907,8151,2038,3.6004629135131836,0.0025696754455566406
