Model,R2,MAE,RMSE,MAPE_percent,n_train,n_test,fit_time_sec,predict_time_sec
cat,0.990295189419103,0.0011118286584188707,3.7313910168660996e-06,7.430498398172168,8145,2036,3.8469486236572266,0.005301952362060547
