Model,R2,MAE,RMSE,MAPE_percent,n_train,n_test,fit_time_sec,predict_time_sec
rf,0.7558671602805577,0.49923935908413547,0.5866180190673317,2449021977.2371497,9053,2263,59.5148651599884,0.4492309093475342
