Model,R2,MAE,RMSE,MAPE_percent,n_train,n_test,fit_time_sec,predict_time_sec
cat,-0.6783577583024447,0.30320501004171035,0.6132633845368988,42.95531134330103,1764,7056,4.174773931503296,0.007329225540161133
