Model,R2,MAE,RMSE,MAPE_percent,n_train,n_test,fit_time_sec,predict_time_sec
rf,0.9735401464920995,0.00590868399814248,0.0015538928778597702,1.3774643575659793,6208,1552,37.17319631576538,0.2773261070251465
