Model,R2,MAE,RMSE,MAPE_percent,n_train,n_test,fit_time_sec,predict_time_sec
cat,0.9964319761398022,0.0031658465911813412,3.225704132453219e-05,3.9514130085189176,8145,2036,3.541055917739868,0.0026199817657470703
