Model,R2,MAE,RMSE,MAPE_percent,n_train,n_test,fit_time_sec,predict_time_sec
cat,0.2947525811260828,0.14816956994408242,0.06953838855939004,57.737277614783935,3170,4755,3.942345142364502,0.005762338638305664
