Model,R2,MAE,RMSE,MAPE_percent,n_train,n_test,fit_time_sec,predict_time_sec
gbm,0.9951193182082537,0.0005196514889428922,5.364765986805701e-07,4.3097504319309285,8145,2036,20.164857387542725,0.01388859748840332
