Model,R2,MAE,RMSE,MAPE_percent,n_train,n_test,fit_time_sec,predict_time_sec
cat,0.870190151996542,0.0014901695925825674,5.9868436707407456e-05,12.942139241767517,7636,2545,4.678800344467163,0.0036814212799072266
