Model,R2,MAE,RMSE,MAPE_percent,n_train,n_test,fit_time_sec,predict_time_sec
rf,0.5844522916403296,0.5208768367125458,1.2605211379995036,3907612847.885829,9059,2265,57.56661629676819,0.4513401985168457
