Model,R2,MAE,RMSE,MAPE_percent,n_train,n_test,fit_time_sec,predict_time_sec
gbm,0.9981400549521529,0.006300982501981113,0.00010165050863484563,3.307784737629755,8145,2036,20.368866443634033,0.014513969421386719
