Model,R2,MAE,RMSE,MAPE_percent,n_train,n_test,fit_time_sec,predict_time_sec
rf,0.30047681224376055,0.006735230897387272,0.006000165621158361,8.098060161902808,8151,2038,55.77009868621826,0.3959333896636963
