Model,R2,MAE,RMSE,MAPE_percent,n_train,n_test,fit_time_sec,predict_time_sec
cat,0.9855257598213205,0.019458341590446387,0.001032721789401111,3.4203603432669434,6206,1552,3.7091221809387207,0.0025000572204589844
