Model,R2,MAE,RMSE,MAPE_percent,n_train,n_test,fit_time_sec,predict_time_sec
cat,0.9237018361288182,0.005074804340659761,0.0007453836553172404,7.238662614561098,5600,4581,4.795076370239258,0.005256175994873047
