Model,R2,MAE,RMSE,MAPE_percent,n_train,n_test,fit_time_sec,predict_time_sec
cat,0.9828597425125134,0.0008697704610553948,1.4308764461957991e-06,7.247685436716672,5600,4581,3.4632604122161865,0.00466156005859375
