Model,R2,MAE,RMSE,MAPE_percent,n_train,n_test,fit_time_sec,predict_time_sec
cat,0.9500070504595416,0.11391005003395019,0.032648887562811736,5.561246133503532,6206,1552,8.971575021743774,0.0059320926666259766
