Model,R2,MAE,RMSE,MAPE_percent,n_train,n_test,fit_time_sec,predict_time_sec
gbm,0.9602717803868385,0.1849139551028809,0.06981070195557008,320868025.601731,9053,2263,22.818538427352905,0.017425537109375
