Model,R2,MAE,RMSE,MAPE_percent,n_train,n_test,fit_time_sec,predict_time_sec
gbm,0.9990530135712405,0.0016136333069868933,7.0698470927126145e-06,2.2270639896168705,8145,2036,20.462608575820923,0.014235734939575195
