Model,R2,MAE,RMSE,MAPE_percent,n_train,n_test,fit_time_sec,predict_time_sec
cat,0.931167646690825,0.0012350292304348295,3.0578467071710035e-05,7.606050084875469,3563,6618,3.3287253379821777,0.0080108642578125
