Model,R2,MAE,RMSE,MAPE_percent,n_train,n_test,fit_time_sec,predict_time_sec
rf,0.9864905239611501,0.014442856281840789,0.0030364543835801183,1.8797382216321632,6206,1552,36.67061924934387,0.2861816883087158
