Model,R2,MAE,RMSE,MAPE_percent,n_train,n_test,fit_time_sec,predict_time_sec
gbm,0.982445770244457,0.00823504160295313,0.0009888659550136938,2.134035168141553,6208,1552,15.539358139038086,0.012501955032348633
