Model,R2,MAE,RMSE,MAPE_percent,n_train,n_test,fit_time_sec,predict_time_sec
gbm,0.9677644591949212,0.06465059296055833,0.010722728940705837,4.267712876734681,6340,1585,15.805038928985596,0.012366771697998047
