Model,R2,MAE,RMSE,MAPE_percent,n_train,n_test,fit_time_sec,predict_time_sec
gbm,0.9629749263702563,0.17617688241641785,0.07373011772346223,5.915887802734997,6340,1585,15.772555112838745,0.013308286666870117
