Model,R2,MAE,RMSE,MAPE_percent,n_train,n_test,fit_time_sec,predict_time_sec
cat,0.9882330545674911,0.014165705283524156,0.0008885835296561489,7.055129174658392,8145,2036,5.201300382614136,0.0029761791229248047
