Model,R2,MAE,RMSE,MAPE_percent,n_train,n_test,fit_time_sec,predict_time_sec
cat,0.9790128583980693,0.01756218688897894,0.0008206241677602835,5.307586591663395,1585,6340,3.9495811462402344,0.007232189178466797
