Model,R2,MAE,RMSE,MAPE_percent,n_train,n_test,fit_time_sec,predict_time_sec
cat,0.9620018412665912,0.062659392104462,0.009950989974591755,4.884353663741403,4209,2806,7.3730151653289795,0.00418853759765625
