Model,R2,MAE,RMSE,MAPE_percent,n_train,n_test,fit_time_sec,predict_time_sec
gbm,0.9878485686825599,0.0008489290927978893,1.302186843836602e-06,7.08546614032361,8145,2036,19.792543411254883,0.014740467071533203
