Model,R2,MAE,RMSE,MAPE_percent,n_train,n_test,fit_time_sec,predict_time_sec
gbm,0.9862942791830205,0.011426392493786418,0.00035554944747047304,3.225153139089175,6790,4526,16.797407150268555,0.028202295303344727
