Model,R2,MAE,RMSE,MAPE_percent,n_train,n_test,fit_time_sec,predict_time_sec
cat,0.9959904560491515,0.00038104628749708285,4.898491186297884e-07,2.7510535741766375,8145,2036,4.63928484916687,0.003256082534790039
