Model,R2,MAE,RMSE,MAPE_percent,n_train,n_test,fit_time_sec,predict_time_sec
cat,0.8808660415857924,0.011302635599111986,0.010677515680926163,4.496707726046904,8151,2038,3.5435988903045654,0.0025696754455566406
