Model,R2,MAE,RMSE,MAPE_percent,n_train,n_test,fit_time_sec,predict_time_sec
cat,0.9499737566127722,0.14079664162556257,0.06116485725158829,6.2890451620274,6208,1552,4.129827976226807,0.0031583309173583984
