Model,R2,MAE,RMSE,MAPE_percent,n_train,n_test,fit_time_sec,predict_time_sec
cat,0.9673663329476659,0.0691708440768092,0.013231375686170777,5.495974141949376,9053,2263,3.8884506225585938,0.0030274391174316406
