Model,R2,MAE,RMSE,MAPE_percent,n_train,n_test,fit_time_sec,predict_time_sec
cat,0.9422504088123687,0.20033082876899064,0.116534254544116,7.025738748283283,2378,5547,4.6636083126068115,0.007315635681152344
