Model,R2,MAE,RMSE,MAPE_percent,n_train,n_test,fit_time_sec,predict_time_sec
gbm,0.6786102997520849,0.455803749791657,0.4250478060704026,24.163487098673343,6208,1552,13.685908317565918,0.011793375015258789
