Model,R2,MAE,RMSE,MAPE_percent,n_train,n_test,fit_time_sec,predict_time_sec
cat,0.040682679191170856,0.27391069824585773,0.3622610969440966,41.256283424433896,6174,2646,4.626007080078125,0.0037987232208251953
