Model,R2,MAE,RMSE,MAPE_percent,n_train,n_test,fit_time_sec,predict_time_sec
gbm,0.9855137587611534,0.016033931519246165,0.0009528863865679698,2.7552563672232644,6213,1553,15.543296575546265,0.011591196060180664
