Model,R2,MAE,RMSE,MAPE_percent,n_train,n_test,fit_time_sec,predict_time_sec
cat,0.949940628698841,0.10828911356592395,0.030887132345761206,5.2799789965143,6206,1552,3.4543981552124023,0.002283334732055664
