Model,R2,MAE,RMSE,MAPE_percent,n_train,n_test,fit_time_sec,predict_time_sec
gbm,0.9913074059652563,0.006780927050438853,0.00043877208471110345,1.9757830008145756,6208,1552,15.753801584243774,0.011891841888427734
