Model,R2,MAE,RMSE,MAPE_percent,n_train,n_test,fit_time_sec,predict_time_sec
cat,0.950127345959812,0.08235149411787461,0.03033909544176294,5.344365749172364,4755,3170,4.661064147949219,0.004840373992919922
