Model,R2,MAE,RMSE,MAPE_percent,n_train,n_test,fit_time_sec,predict_time_sec
cat,0.9917975649266584,0.00652411247283357,0.0005308210297636201,3.3064442900937805,8145,2036,3.57722806930542,0.0026612281799316406
