Model,R2,MAE,RMSE,MAPE_percent,n_train,n_test,fit_time_sec,predict_time_sec
rf,0.9273210907300106,0.06440257435727931,0.02516717429305026,5.1780844168860165,6208,1552,36.25405693054199,0.2886526584625244
