Model,R2,MAE,RMSE,MAPE_percent,n_train,n_test,fit_time_sec,predict_time_sec
cat,0.9620805677182753,0.059336172141685815,0.009337063359527905,4.533067227284109,5612,1403,3.758739709854126,0.0025963783264160156
