Model,R2,MAE,RMSE,MAPE_percent,n_train,n_test,fit_time_sec,predict_time_sec
cat,0.989411459683535,0.0031452994870609114,7.944866026869791e-05,4.911667594310637,8145,2036,3.588258981704712,0.002730131149291992
