Model,R2,MAE,RMSE,MAPE_percent,n_train,n_test,fit_time_sec,predict_time_sec
cat,0.9219373496923289,0.2308966590899237,0.16052360667763166,8.29941691249744,792,7133,3.7665038108825684,0.007447004318237305
