Model,R2,MAE,RMSE,MAPE_percent,n_train,n_test,fit_time_sec,predict_time_sec
gbm,0.9119364126120768,0.006764864622928658,0.007193144134392876,1.7259339910054836,8145,2036,20.57796883583069,0.01458883285522461
