Model,R2,MAE,RMSE,MAPE_percent,n_train,n_test,fit_time_sec,predict_time_sec
cat,0.4864452941563583,0.06147632015297351,0.33469315012035294,6.267992037275848,2205,6615,5.275155067443848,0.010149240493774414
