Model,R2,MAE,RMSE,MAPE_percent,n_train,n_test,fit_time_sec,predict_time_sec
gbm,0.9868729933300128,0.011992658019339124,0.00042147001868936696,72.94554369203205,9053,2263,22.841285705566406,0.01606607437133789
