Model,R2,MAE,RMSE,MAPE_percent,n_train,n_test,fit_time_sec,predict_time_sec
cat,0.9533622595555193,0.2578527026547648,0.14962386872604197,7.302421931309638,6206,1552,3.5037949085235596,0.002315998077392578
