Model,R2,MAE,RMSE,MAPE_percent,n_train,n_test,fit_time_sec,predict_time_sec
gbm,0.5416791024223101,0.3657322852933325,0.2862838820495618,314.54576881693697,9053,2263,20.485050916671753,0.01609945297241211
