Model,R2,MAE,RMSE,MAPE_percent,n_train,n_test,fit_time_sec,predict_time_sec
cat,0.8811347280941679,0.023691860454999658,0.014303287548563125,469204003.95351946,2263,9053,4.282814979553223,0.009203195571899414
