Model,R2,MAE,RMSE,MAPE_percent,n_train,n_test,fit_time_sec,predict_time_sec
cat,0.9979058495631995,0.0021141662047272423,1.6372055381013626e-05,3.178835360883566,8145,2036,5.115844964981079,0.00778508186340332
