Model,R2,MAE,RMSE,MAPE_percent,n_train,n_test,fit_time_sec,predict_time_sec
cat,0.8844025088389266,0.280118465243565,0.14275506265171264,10.851509845029728,6208,1552,3.4653542041778564,0.002549886703491211
