Model,R2,MAE,RMSE,MAPE_percent,n_train,n_test,fit_time_sec,predict_time_sec
cat,0.9482377622352349,0.2595593815480568,0.1394483616788348,6.802374236887678,6206,1552,3.4725987911224365,0.002298116683959961
