Model,R2,MAE,RMSE,MAPE_percent,n_train,n_test,fit_time_sec,predict_time_sec
gbm,0.28925185405735976,0.2164812927159789,0.13178563647703861,56.76936753264533,6206,1552,13.731430768966675,0.011506080627441406
