Model,R2,MAE,RMSE,MAPE_percent,n_train,n_test,fit_time_sec,predict_time_sec
gbm,0.8856436986894539,0.005833113086539009,0.009781588211916234,1.8392338051579342,8145,2036,20.40238356590271,0.014802694320678711
