Model,R2,MAE,RMSE,MAPE_percent,n_train,n_test,fit_time_sec,predict_time_sec
rf,0.9921878448773898,0.007005485211240756,0.00010262429470135575,2.667915176524165,6208,1552,38.02776217460632,0.27019476890563965
