Model,R2,MAE,RMSE,MAPE_percent,n_train,n_test,fit_time_sec,predict_time_sec
rf,0.2649209858946906,0.0005171660835103902,7.64385773581264e-05,2.8719989652934705,8151,2038,56.42097783088684,0.37833499908447266
