Model,R2,MAE,RMSE,MAPE_percent,n_train,n_test,fit_time_sec,predict_time_sec
cat,0.3402608491952748,0.019515381851058364,0.04085939256280056,7.182040526847919,8151,2038,3.64086651802063,0.002614259719848633
