Model,R2,MAE,RMSE,MAPE_percent,n_train,n_test,fit_time_sec,predict_time_sec
rf,0.5295482891095078,0.26553361822096083,0.1632042124790927,33.500947476250005,6208,1552,40.69126272201538,0.3098921775817871
