Model,R2,MAE,RMSE,MAPE_percent,n_train,n_test,fit_time_sec,predict_time_sec
cat,0.9575418204740022,0.07093881483866214,0.015106746169991943,4.812381683099496,4755,3170,4.518951892852783,0.004279136657714844
