Model,R2,MAE,RMSE,MAPE_percent,n_train,n_test,fit_time_sec,predict_time_sec
cat,0.45656689652299265,0.37477272923280086,0.3491446366728989,33.59850164931154,4755,3170,4.22711706161499,0.004385709762573242
