Model,R2,MAE,RMSE,MAPE_percent,n_train,n_test,fit_time_sec,predict_time_sec
cat,0.946817050980263,0.19933866553473517,0.10068503541663625,6.926471636532532,1585,6340,4.046456336975098,0.006537437438964844
