Model,R2,MAE,RMSE,MAPE_percent,n_train,n_test,fit_time_sec,predict_time_sec
gbm,0.9970420503407744,0.009617971566300862,0.00022998856385653704,4.105595616977819,8145,2036,20.71942138671875,0.014426946640014648
