Model,R2,MAE,RMSE,MAPE_percent,n_train,n_test,fit_time_sec,predict_time_sec
cat,0.993783431527886,0.008423531689692563,0.00016882906433757125,4.194007136095756,8151,2038,3.61706805229187,0.0025780200958251953
