Model,R2,MAE,RMSE,MAPE_percent,n_train,n_test,fit_time_sec,predict_time_sec
cat,0.9369089125885957,0.0013338214629274841,2.056473824490117e-05,10.140776079436577,509,9672,3.933661460876465,0.010406970977783203
