Model,R2,MAE,RMSE,MAPE_percent,n_train,n_test,fit_time_sec,predict_time_sec
cat,0.9659346576564252,0.18436339393343568,0.07971619620078926,2397995568.393775,6224,5092,4.8354713916778564,0.007856369018554688
