Model,R2,MAE,RMSE,MAPE_percent,n_train,n_test,fit_time_sec,predict_time_sec
rf,0.9771690153857849,0.0014594613098879892,8.304411329498403e-06,13.042102018417387,8145,2036,50.61128544807434,0.397442102432251
