Model,R2,MAE,RMSE,MAPE_percent,n_train,n_test,fit_time_sec,predict_time_sec
rf,0.06527782640416258,0.010954434160203086,0.06965394111390946,2.2710450559276762,8151,2038,52.84302735328674,0.4559047222137451
