Model,R2,MAE,RMSE,MAPE_percent,n_train,n_test,fit_time_sec,predict_time_sec
gbm,0.7650849089679432,0.01820193256542263,0.01816782864797669,8.148517672473785,8151,2038,19.959349155426025,0.013948678970336914
