Model,R2,MAE,RMSE,MAPE_percent,n_train,n_test,fit_time_sec,predict_time_sec
rf,0.9836841253445603,0.0008442073364610849,4.687222179477859e-06,7.164550354566569,7636,2545,47.87361168861389,0.4221940040588379
