Model,R2,MAE,RMSE,MAPE_percent,n_train,n_test,fit_time_sec,predict_time_sec
cat,0.9772346732618399,0.03973885975748125,0.0033147764654242184,4.460178875421759,5292,3528,5.315484523773193,0.00402069091796875
