Model,R2,MAE,RMSE,MAPE_percent,n_train,n_test,fit_time_sec,predict_time_sec
rf,0.984244211465273,0.00034530317419099164,4.782494811345315e-06,2.1312540482776003,8145,2036,51.029629945755005,0.39226269721984863
