Model,R2,MAE,RMSE,MAPE_percent,n_train,n_test,fit_time_sec,predict_time_sec
cat,0.8544043366833058,0.008266520428636757,0.014489937258570142,2.5111681793660248,8145,2036,3.8446710109710693,0.002801656723022461
