Model,R2,MAE,RMSE,MAPE_percent,n_train,n_test,fit_time_sec,predict_time_sec
gbm,0.8484338823529411,0.07327751977155952,0.049163932764002244,6.257145695993528,6208,1552,16.20294499397278,0.012474536895751953
