Model,R2,MAE,RMSE,MAPE_percent,n_train,n_test,fit_time_sec,predict_time_sec
rf,0.8640544144126554,0.014020376630708065,0.011628250670963134,7.130743819029924,8145,2036,51.11030411720276,0.39746999740600586
