Model,R2,MAE,RMSE,MAPE_percent,n_train,n_test,fit_time_sec,predict_time_sec
cat,0.9415366733944364,0.11960786360803756,0.03867197178044796,5.9187576507669055,6206,1552,8.938977003097534,0.0061283111572265625
