Model,R2,MAE,RMSE,MAPE_percent,n_train,n_test,fit_time_sec,predict_time_sec
cat,0.42607463899626086,0.3781801150003533,0.3261394497755134,36.21040215274594,3566,4359,4.165248394012451,0.00565648078918457
