Model,R2,MAE,RMSE,MAPE_percent,n_train,n_test,fit_time_sec,predict_time_sec
cat,0.9055063127365947,0.2667280033458991,0.14526937372121482,10.959966177836382,6208,1552,3.4184255599975586,0.002630949020385742
