Model,R2,MAE,RMSE,MAPE_percent,n_train,n_test,fit_time_sec,predict_time_sec
gbm,0.9965882667369894,0.0071751519796677205,0.00010669241683831576,3.035396228358813,8145,2036,20.52701234817505,0.013622283935546875
