Model,R2,MAE,RMSE,MAPE_percent,n_train,n_test,fit_time_sec,predict_time_sec
cat,0.9860245714566682,0.01906980492749493,0.0009462921304341271,12.291907923420357,7127,3054,4.445252180099487,0.004035472869873047
