Model,R2,MAE,RMSE,MAPE_percent,n_train,n_test,fit_time_sec,predict_time_sec
gbm,0.9920702096499388,0.0003757024149150568,3.373903972696206e-06,2.035751977111475,8145,2036,20.470319986343384,0.01431894302368164
