Model,R2,MAE,RMSE,MAPE_percent,n_train,n_test,fit_time_sec,predict_time_sec
cat,0.995279091274225,0.01156468158738627,0.0003411894268647046,2.085480654691787,6213,1553,3.7277233600616455,0.0023686885833740234
