Model,R2,MAE,RMSE,MAPE_percent,n_train,n_test,fit_time_sec,predict_time_sec
cat,0.9833453366738606,0.013420937479985476,0.00031992599027724897,6.796561604006689,6109,4072,4.786895751953125,0.005417823791503906
