Model,R2,MAE,RMSE,MAPE_percent,n_train,n_test,fit_time_sec,predict_time_sec
cat,0.1478096757287919,0.2685592131194685,0.6196092059220327,37.1121403137729,2646,6174,5.012473106384277,0.0076634883880615234
