Model,R2,MAE,RMSE,MAPE_percent,n_train,n_test,fit_time_sec,predict_time_sec
gbm,0.9834249607986245,0.016592660778377382,0.0011579037620778729,2.778177200175823,6206,1552,15.380479574203491,0.011813163757324219
