Model,R2,MAE,RMSE,MAPE_percent,n_train,n_test,fit_time_sec,predict_time_sec
gbm,0.9389996074191107,0.1187083498006917,0.03938727111232906,5.828150972093471,6206,1552,15.593821048736572,0.012182474136352539
