Model,R2,MAE,RMSE,MAPE_percent,n_train,n_test,fit_time_sec,predict_time_sec
cat,0.9744639244847245,0.006980278274067134,0.00019496024476795318,12.873456940654554,5600,4581,4.524966239929199,0.004985332489013672
