Model,R2,MAE,RMSE,MAPE_percent,n_train,n_test,fit_time_sec,predict_time_sec
cat,0.9552504871669368,0.07987003904107809,0.024819060642772527,5.654067704719802,3962,3963,4.5841896533966064,0.004892587661743164
