Model,R2,MAE,RMSE,MAPE_percent,n_train,n_test,fit_time_sec,predict_time_sec
cat,0.9672560228031184,0.15668349555048602,0.04970855756554499,5.141118337638265,6340,1585,4.203395128250122,0.0025420188903808594
