Model,R2,MAE,RMSE,MAPE_percent,n_train,n_test,fit_time_sec,predict_time_sec
cat,0.1294720423376925,0.04253227989989378,0.5748730963967501,9.000340346954022,8151,2038,3.5013179779052734,0.002531290054321289
