Model,R2,MAE,RMSE,MAPE_percent,n_train,n_test,fit_time_sec,predict_time_sec
rf,0.47367793798888647,0.5466324175797875,1.068044085038539,25.204815859713065,6214,1554,38.970309257507324,0.30811548233032227
