Model,R2,MAE,RMSE,MAPE_percent,n_train,n_test,fit_time_sec,predict_time_sec
cat,0.979372278419553,0.00103379333660043,1.8762645639604484e-06,6.681786890677817,7127,3054,3.3701658248901367,0.003488779067993164
