Model,R2,MAE,RMSE,MAPE_percent,n_train,n_test,fit_time_sec,predict_time_sec
cat,0.9962337464182297,0.0006563830368141092,1.4786845686895084e-06,4.301219267285433,8145,2036,11.963194370269775,0.012326955795288086
