Model,R2,MAE,RMSE,MAPE_percent,n_train,n_test,fit_time_sec,predict_time_sec
cat,0.9840387346384519,0.0013487090912422935,4.945524426034883e-06,13.006197169882622,6618,3563,4.253852605819702,0.004858493804931641
