Model,R2,MAE,RMSE,MAPE_percent,n_train,n_test,fit_time_sec,predict_time_sec
gbm,0.9896687439005925,0.0012806948660538584,3.3886845410200493e-06,12.129012049067219,8145,2036,19.537233114242554,0.016002655029296875
