Model,R2,MAE,RMSE,MAPE_percent,n_train,n_test,fit_time_sec,predict_time_sec
gbm,0.9615108334513229,0.16834645313561306,0.0612608534128128,5.445923938046937,6340,1585,15.965129613876343,0.013241291046142578
