Model,R2,MAE,RMSE,MAPE_percent,n_train,n_test,fit_time_sec,predict_time_sec
cat,0.9245179117468865,0.011610471521163825,0.005964506535265676,3.0338934293471365,6208,1552,3.3766160011291504,0.002266407012939453
