Model,R2,MAE,RMSE,MAPE_percent,n_train,n_test,fit_time_sec,predict_time_sec
cat,0.9328753313909492,0.06502982537448941,0.023243857829121035,5.628467375434944,6208,1552,3.486161947250366,0.0022993087768554688
