Model,R2,MAE,RMSE,MAPE_percent,n_train,n_test,fit_time_sec,predict_time_sec
gbm,0.1411384288131987,0.025720417692774965,0.10398672695107682,9.008448717617934,8151,2038,20.15549898147583,0.014145851135253906
