Model,R2,MAE,RMSE,MAPE_percent,n_train,n_test,fit_time_sec,predict_time_sec
rf,0.8534812534523921,0.30848410497485707,0.23770776534200833,11.995491776186103,6214,1554,38.3868510723114,0.2861306667327881
