Model,R2,MAE,RMSE,MAPE_percent,n_train,n_test,fit_time_sec,predict_time_sec
rf,-0.15308569533667993,0.01646748067698284,0.022789760048126176,15.586246890589356,8151,2038,52.854188680648804,0.4127688407897949
