Model,R2,MAE,RMSE,MAPE_percent,n_train,n_test,fit_time_sec,predict_time_sec
gbm,0.9854017187969089,0.012258847371925627,0.00046966139808220215,6653834.64833441,5092,6224,12.378604888916016,0.036849021911621094
