Model,R2,MAE,RMSE,MAPE_percent,n_train,n_test,fit_time_sec,predict_time_sec
rf,0.9869904476788391,0.012370527094424764,0.0002992775337593219,6.845369234851361,8145,2036,51.44867134094238,0.37070131301879883
