Model,R2,MAE,RMSE,MAPE_percent,n_train,n_test,fit_time_sec,predict_time_sec
rf,0.9392316742772371,0.2705926157061143,0.16495885188634066,6.814103662270947,6206,1552,37.58071947097778,0.2869713306427002
