Model,R2,MAE,RMSE,MAPE_percent,n_train,n_test,fit_time_sec,predict_time_sec
gbm,0.9361926305538131,0.1371452688028932,0.06476969045938527,6.530910768411474,6206,1552,15.391648292541504,0.012388944625854492
