Model,R2,MAE,RMSE,MAPE_percent,n_train,n_test,fit_time_sec,predict_time_sec
cat,0.9970089127044369,0.002585474478097472,1.9195485090574902e-05,4.11891157641694,8145,2036,24.191701889038086,0.01806497573852539
