Model,R2,MAE,RMSE,MAPE_percent,n_train,n_test,fit_time_sec,predict_time_sec
cat,0.9642438839073064,0.18175072554701147,0.06575710205888907,7.5636479121366715,9053,2263,3.824530601501465,0.0030214786529541016
