Model,R2,MAE,RMSE,MAPE_percent,n_train,n_test,fit_time_sec,predict_time_sec
cat,0.9951339962866061,0.0005682053508801934,6.256883240518277e-07,4.2575817359234,8145,2036,3.7165629863739014,0.0027005672454833984
