Model,R2,MAE,RMSE,MAPE_percent,n_train,n_test,fit_time_sec,predict_time_sec
rf,0.9872016374981801,0.006848065970450475,0.00010084811182256409,2.5880815211577852,5432,2328,32.46420192718506,0.32010936737060547
