Model,R2,MAE,RMSE,MAPE_percent,n_train,n_test,fit_time_sec,predict_time_sec
rf,0.9005245851954281,0.268620304790062,0.15292800638667173,10.809506563276452,6208,1552,37.64365887641907,0.29663538932800293
