Model,R2,MAE,RMSE,MAPE_percent,n_train,n_test,fit_time_sec,predict_time_sec
cat,0.20580255309779116,0.1622162873963041,0.09274406796883046,1399461519.9270544,1697,9619,3.8882153034210205,0.010660886764526367
