Model,R2,MAE,RMSE,MAPE_percent,n_train,n_test,fit_time_sec,predict_time_sec
cat,0.9018917477804792,0.2829903244367798,0.16077282872202106,11.494766555032202,6208,1552,3.6934213638305664,0.0025119781494140625
