Model,R2,MAE,RMSE,MAPE_percent,n_train,n_test,fit_time_sec,predict_time_sec
rf,0.9816279466583692,0.013606344442317465,0.0013184613854040563,6.823472959520068,8145,2036,60.81274056434631,0.43250489234924316
