Model,R2,MAE,RMSE,MAPE_percent,n_train,n_test,fit_time_sec,predict_time_sec
cat,0.9285058104343757,0.01939901451574585,0.005605705902876681,8.783121052155524,1018,9163,3.77416729927063,0.00958704948425293
