Model,R2,MAE,RMSE,MAPE_percent,n_train,n_test,fit_time_sec,predict_time_sec
rf,0.9846596545056355,0.0005819434588235143,6.232429316747773e-06,3.263809173197648,8145,2036,52.62155342102051,0.4290008544921875
