Model,R2,MAE,RMSE,MAPE_percent,n_train,n_test,fit_time_sec,predict_time_sec
rf,0.9901316931587437,0.00774396800672832,0.00015930250457930786,2.9062105213075244,1940,5820,10.030493974685669,0.470949649810791
