Model,R2,MAE,RMSE,MAPE_percent,n_train,n_test,fit_time_sec,predict_time_sec
gbm,0.9434036253619296,0.0010054101547513244,1.7018199135106176e-05,8.423341710863149,1527,8654,3.6353726387023926,0.05493044853210449
