Model,R2,MAE,RMSE,MAPE_percent,n_train,n_test,fit_time_sec,predict_time_sec
rf,0.9589266559309515,0.0013395508306080991,1.4657887078763558e-05,11.138593886406404,8145,2036,50.28784227371216,0.38153696060180664
