Model,R2,MAE,RMSE,MAPE_percent,n_train,n_test,fit_time_sec,predict_time_sec
cat,0.9937810432908569,0.005652027763591613,7.510753685085001e-05,2.2768504000452707,6208,1552,4.361387252807617,0.002792835235595703
