Model,R2,MAE,RMSE,MAPE_percent,n_train,n_test,fit_time_sec,predict_time_sec
gbm,0.26577637635146945,0.1542050542177931,0.10097750363597395,2057700748.9701912,9053,2263,20.283823013305664,0.015448808670043945
