Model,R2,MAE,RMSE,MAPE_percent,n_train,n_test,fit_time_sec,predict_time_sec
gbm,0.9677046437341417,0.0009626189424988797,1.0761094093207785e-05,7.372522101141659,7636,2545,18.939799070358276,0.018541336059570312
