Model,R2,MAE,RMSE,MAPE_percent,n_train,n_test,fit_time_sec,predict_time_sec
gbm,0.9238892022770383,0.13367973008689135,0.07669826514528633,6.482610692379486,6206,1552,30.93772578239441,0.012524843215942383
