Model,R2,MAE,RMSE,MAPE_percent,n_train,n_test,fit_time_sec,predict_time_sec
gbm,0.9314111001644704,0.010628229697449653,0.005419814830027898,2.0686389843533193,6208,1552,15.457221508026123,0.012903928756713867
