Model,R2,MAE,RMSE,MAPE_percent,n_train,n_test,fit_time_sec,predict_time_sec
cat,0.9711680413217191,0.057808372884310164,0.008260798313672338,4.3037414206999145,5684,1421,3.464714288711548,0.002211332321166992
