Model,R2,MAE,RMSE,MAPE_percent,n_train,n_test,fit_time_sec,predict_time_sec
rf,0.998893457389894,0.001296652530804427,7.327155718127543e-06,2.0106699287602154,8145,2036,54.04321074485779,0.41781163215637207
