Model,R2,MAE,RMSE,MAPE_percent,n_train,n_test,fit_time_sec,predict_time_sec
cat,0.9847614335176462,0.0010652860860132993,2.527157353560516e-06,6.848184692399709,8145,2036,3.7845165729522705,0.0028333663940429688
