Model,R2,MAE,RMSE,MAPE_percent,n_train,n_test,fit_time_sec,predict_time_sec
cat,0.9156459837767917,0.0010271888376487787,2.613680101227617e-05,8.49224315811696,1527,8654,3.089820146560669,0.007826805114746094
