Model,R2,MAE,RMSE,MAPE_percent,n_train,n_test,fit_time_sec,predict_time_sec
cat,0.9581411225191914,0.2507866404578192,0.1316873325915618,7.020877855432774,6206,1552,3.497784376144409,0.002367734909057617
