Model,R2,MAE,RMSE,MAPE_percent,n_train,n_test,fit_time_sec,predict_time_sec
cat,0.9812662070216688,0.011306472189359857,0.001055313183348119,4.035903579379461,6208,1552,3.3646674156188965,0.002230405807495117
