Model,R2,MAE,RMSE,MAPE_percent,n_train,n_test,fit_time_sec,predict_time_sec
cat,0.960708804803328,0.0728495472942307,0.012676011539555701,5.061836487455549,3170,4755,4.552026987075806,0.005321025848388672
