Model,R2,MAE,RMSE,MAPE_percent,n_train,n_test,fit_time_sec,predict_time_sec
cat,0.9264699655931974,0.0011186252335472126,2.805800043097199e-05,7.641481110748531,3563,6618,4.4630959033966064,0.006966114044189453
