Model,R2,MAE,RMSE,MAPE_percent,n_train,n_test,fit_time_sec,predict_time_sec
gbm,0.9660996678880263,0.030569979646944703,0.007593603235107648,3.9046039735054485,4655,3103,11.432636499404907,0.02171158790588379
