Model,R2,MAE,RMSE,MAPE_percent,n_train,n_test,fit_time_sec,predict_time_sec
cat,0.9381961667586299,0.1376859671193336,0.06195720073685821,5.662717037825308,6208,1552,3.726750612258911,0.0024144649505615234
