Model,R2,MAE,RMSE,MAPE_percent,n_train,n_test,fit_time_sec,predict_time_sec
cat,0.9241302113019344,0.0010253421189425887,2.4733761401009457e-05,8.036418383286705,3563,6618,3.2244839668273926,0.007449626922607422
