Model,R2,MAE,RMSE,MAPE_percent,n_train,n_test,fit_time_sec,predict_time_sec
cat,0.9898313595872898,0.004545658277121437,3.730244451958229e-05,6.92335183508777,6618,3563,4.7969441413879395,0.004823446273803711
