Model,R2,MAE,RMSE,MAPE_percent,n_train,n_test,fit_time_sec,predict_time_sec
gbm,0.9972501898692147,0.0004294754910438377,3.4782365748455497e-07,3.0233979971738836,8151,2038,20.912611961364746,0.01273488998413086
