Model,R2,MAE,RMSE,MAPE_percent,n_train,n_test,fit_time_sec,predict_time_sec
gbm,0.9949783948678477,0.0031071264601711755,1.9958021779834505e-05,3.994670825611821,8145,2036,20.197954416275024,0.013839960098266602
