Model,R2,MAE,RMSE,MAPE_percent,n_train,n_test,fit_time_sec,predict_time_sec
cat,0.9544464211331405,0.08289344149698998,0.029523595942847845,709005243.6294137,6790,4526,4.809787034988403,0.0051670074462890625
