Model,R2,MAE,RMSE,MAPE_percent,n_train,n_test,fit_time_sec,predict_time_sec
cat,0.9620731427442765,0.1853942618535759,0.07212442077682167,7.928145788234653,9053,2263,3.624873161315918,0.0029311180114746094
