Model,R2,MAE,RMSE,MAPE_percent,n_train,n_test,fit_time_sec,predict_time_sec
rf,0.9932448489341241,0.005332273425565514,0.000338339168697352,1.3629461224102817,6214,1554,37.1094012260437,0.2893664836883545
