Model,R2,MAE,RMSE,MAPE_percent,n_train,n_test,fit_time_sec,predict_time_sec
rf,0.9896829142833199,0.0111297627772842,0.0002337222779115178,6.495171530486867,8145,2036,51.90183115005493,0.3910822868347168
