Model,R2,MAE,RMSE,MAPE_percent,n_train,n_test,fit_time_sec,predict_time_sec
cat,0.6003365540680703,0.6265766651563452,1.4895912718208086,19.633052667979044,6213,1553,3.3539884090423584,0.002361297607421875
