Model,R2,MAE,RMSE,MAPE_percent,n_train,n_test,fit_time_sec,predict_time_sec
gbm,0.9986225669437414,0.0011939599929675624,3.7332493639370244e-06,1.8494233990490998,8145,2036,20.661898851394653,0.013911247253417969
