Model,R2,MAE,RMSE,MAPE_percent,n_train,n_test,fit_time_sec,predict_time_sec
rf,0.9984269508017594,0.00032204142633233284,1.9833073769756014e-07,2.299560340158896,8145,2036,50.7157826423645,0.3926994800567627
