Model,R2,MAE,RMSE,MAPE_percent,n_train,n_test,fit_time_sec,predict_time_sec
gbm,0.9744905394339789,0.001232085600944422,3.0978558635468484e-06,10.024242523930074,8145,2036,19.48232650756836,0.01519322395324707
