Model,R2,MAE,RMSE,MAPE_percent,n_train,n_test,fit_time_sec,predict_time_sec
gbm,0.9745986144130142,0.06298827720453491,0.01051126606929176,4.887699999886543,9053,2263,22.77727222442627,0.01786518096923828
