Model,R2,MAE,RMSE,MAPE_percent,n_train,n_test,fit_time_sec,predict_time_sec
gbm,0.9750518332840672,0.01779135588771698,0.0006467106702770864,9.805547348170613,8145,2036,19.433904886245728,0.015269279479980469
