Model,R2,MAE,RMSE,MAPE_percent,n_train,n_test,fit_time_sec,predict_time_sec
gbm,0.9625036714049549,0.13647446161180227,0.04800649673732049,5.609061100659771,6208,1552,15.3992280960083,0.01294708251953125
