Model,R2,MAE,RMSE,MAPE_percent,n_train,n_test,fit_time_sec,predict_time_sec
gbm,0.8909343236506597,0.007450616529096476,0.01265771152959185,1.950337845042769,8145,2036,25.161149263381958,0.014911413192749023
