Model,R2,MAE,RMSE,MAPE_percent,n_train,n_test,fit_time_sec,predict_time_sec
cat,0.9651818280435189,0.01246082930262523,0.0008006449014324397,6.97966341406731,8151,2038,3.585285186767578,0.002582073211669922
