Model,R2,MAE,RMSE,MAPE_percent,n_train,n_test,fit_time_sec,predict_time_sec
cat,0.9901488717612691,0.014267277131681936,0.00043370404121564156,7.389330056666179,3563,6618,4.5892839431762695,0.006830453872680664
