Model,R2,MAE,RMSE,MAPE_percent,n_train,n_test,fit_time_sec,predict_time_sec
cat,0.9870901748936096,0.0009232592415137856,4.2458730071630194e-06,7.927155023240812,8145,2036,3.973524332046509,0.005880594253540039
