Model,R2,MAE,RMSE,MAPE_percent,n_train,n_test,fit_time_sec,predict_time_sec
gbm,0.9820628866907638,0.034169067394814207,0.002689459547379848,3.7135467653675027,7056,1764,17.716177225112915,0.012885808944702148
