Model,R2,MAE,RMSE,MAPE_percent,n_train,n_test,fit_time_sec,predict_time_sec
cat,0.9707530725350082,0.007047794134661302,0.0002269109457213252,12.73437066869362,5090,5091,4.318310022354126,0.0054509639739990234
