Model,R2,MAE,RMSE,MAPE_percent,n_train,n_test,fit_time_sec,predict_time_sec
rf,0.9853700028230918,0.01318772132168175,0.0005781740693718882,2161810.30227391,3395,7921,18.481518745422363,0.706578254699707
