Model,R2,MAE,RMSE,MAPE_percent,n_train,n_test,fit_time_sec,predict_time_sec
gbm,0.9906733911156252,0.0011080957511759558,2.4463682367091326e-06,12.012094284428212,8145,2036,18.158507823944092,0.015296220779418945
