Model,R2,MAE,RMSE,MAPE_percent,n_train,n_test,fit_time_sec,predict_time_sec
cat,0.891514802736697,0.016190342432195453,0.009822686003238854,7.193576372868686,5090,5091,4.762654542922974,0.00559687614440918
