Model,R2,MAE,RMSE,MAPE_percent,n_train,n_test,fit_time_sec,predict_time_sec
rf,0.8778481302050547,0.005136986274548922,0.0013812550743588818,6.927647852367086,8145,2036,50.775938510894775,0.40969347953796387
