Model,R2,MAE,RMSE,MAPE_percent,n_train,n_test,fit_time_sec,predict_time_sec
gbm,0.9939617160466098,0.014228002827339088,0.0014292139591715511,1.9021975430113995,6206,1552,19.023915767669678,0.012835979461669922
