Model,R2,MAE,RMSE,MAPE_percent,n_train,n_test,fit_time_sec,predict_time_sec
gbm,0.9834993723814844,0.0009322695814518127,1.499422068688141e-06,7.0169979301042265,6109,4072,14.52623963356018,0.02617335319519043
