Model,R2,MAE,RMSE,MAPE_percent,n_train,n_test,fit_time_sec,predict_time_sec
gbm,0.9324407915042761,0.019752506712363296,0.008776346687717169,177343323.29276466,6224,5092,15.389684677124023,0.03474831581115723
