Model,R2,MAE,RMSE,MAPE_percent,n_train,n_test,fit_time_sec,predict_time_sec
cat,0.9751925508507275,0.024043522919383314,0.0022169819647232464,13.776495577503276,8145,2036,4.112807512283325,0.0032842159271240234
