Model,R2,MAE,RMSE,MAPE_percent,n_train,n_test,fit_time_sec,predict_time_sec
gbm,0.999259858055352,0.0036208462239612433,4.731819699023538e-05,1.525295527286619,8145,2036,20.544268369674683,0.014596700668334961
