Model,R2,MAE,RMSE,MAPE_percent,n_train,n_test,fit_time_sec,predict_time_sec
gbm,0.41762653149857343,0.321271662572337,0.2153994552347451,38.425541544674694,6208,1552,13.68891453742981,0.011547088623046875
