Model,R2,MAE,RMSE,MAPE_percent,n_train,n_test,fit_time_sec,predict_time_sec
cat,0.9961070252144024,0.0072741549618280475,0.00010182079442974005,3.511305927581707,8145,2036,3.7103209495544434,0.0025954246520996094
