Model,R2,MAE,RMSE,MAPE_percent,n_train,n_test,fit_time_sec,predict_time_sec
cat,0.9100115062222288,0.01570882105917757,0.007186119332888721,7.512052591836523,3563,6618,4.626780033111572,0.007048845291137695
