Model,R2,MAE,RMSE,MAPE_percent,n_train,n_test,fit_time_sec,predict_time_sec
cat,0.9503672827933316,0.12742015784133087,0.0637758723239866,5.400828982179973,6208,1552,8.169914960861206,0.017644643783569336
