Model,R2,MAE,RMSE,MAPE_percent,n_train,n_test,fit_time_sec,predict_time_sec
cat,0.5602580073744148,0.6556165881133402,0.896926500906963,28.647677466353038,396,7529,3.046861410140991,0.007930755615234375
