Model,R2,MAE,RMSE,MAPE_percent,n_train,n_test,fit_time_sec,predict_time_sec
cat,0.9186585307293931,0.007434461790897637,0.0007621607260946635,12.356700659675582,3563,6618,4.640376806259155,0.006940126419067383
