Model,R2,MAE,RMSE,MAPE_percent,n_train,n_test,fit_time_sec,predict_time_sec
gbm,0.9175853812319399,0.013876617853707439,0.004991284148028129,3.5786937299416253,1940,5820,4.671169996261597,0.03943610191345215
