Model,R2,MAE,RMSE,MAPE_percent,n_train,n_test,fit_time_sec,predict_time_sec
rf,0.9972913710382106,0.0030433770150235873,2.697304646849321e-05,3.8850553890890946,8145,2036,70.56011939048767,0.42850589752197266
