Model,R2,MAE,RMSE,MAPE_percent,n_train,n_test,fit_time_sec,predict_time_sec
cat,0.9420617072950861,0.0010822707180734355,2.0985161785558583e-05,8.055594263242096,2545,7636,8.385582208633423,0.007534027099609375
