Model,R2,MAE,RMSE,MAPE_percent,n_train,n_test,fit_time_sec,predict_time_sec
rf,0.9148414131988392,0.04475008433956661,0.021746102442339422,6.3209519426365155,6206,1552,44.236369609832764,0.2965719699859619
