Model,R2,MAE,RMSE,MAPE_percent,n_train,n_test,fit_time_sec,predict_time_sec
rf,0.9715678072730672,0.014175575633959183,0.002022029282893342,2.929519413616411,9059,2265,56.80160570144653,0.4306933879852295
