Model,R2,MAE,RMSE,MAPE_percent,n_train,n_test,fit_time_sec,predict_time_sec
cat,0.856296007328353,0.008013054327185598,0.01676337332490903,2.0246130536211706,8145,2036,3.5846214294433594,0.002628326416015625
