Model,R2,MAE,RMSE,MAPE_percent,n_train,n_test,fit_time_sec,predict_time_sec
gbm,0.8944589889547048,0.006755567793099343,0.0011934246876777086,11.294220232345317,8145,2036,19.84493589401245,0.015561580657958984
