Model,R2,MAE,RMSE,MAPE_percent,n_train,n_test,fit_time_sec,predict_time_sec
rf,0.9916995044376523,0.007077462645601717,0.00036373900044794834,1.7303887893754242,9053,2263,58.51201105117798,0.42990589141845703
