Model,R2,MAE,RMSE,MAPE_percent,n_train,n_test,fit_time_sec,predict_time_sec
cat,0.902425445229982,0.021368431475172516,0.007945694771173331,13.330250977688701,4581,5600,4.228671550750732,0.00654292106628418
