Model,R2,MAE,RMSE,MAPE_percent,n_train,n_test,fit_time_sec,predict_time_sec
gbm,0.9828927506129352,0.016234710541884596,0.0006387878557730711,2.974671262456641,6206,1552,15.575446844100952,0.011396169662475586
