Model,R2,MAE,RMSE,MAPE_percent,n_train,n_test,fit_time_sec,predict_time_sec
cat,0.9932916981294488,0.009175849772227894,0.0002384452408398552,3.7375024355342505,8145,2036,3.7248716354370117,0.0027425289154052734
