Model,R2,MAE,RMSE,MAPE_percent,n_train,n_test,fit_time_sec,predict_time_sec
cat,0.9064236847985795,0.0013605601592720994,4.1575510460154466e-05,7.717355383942278,1527,8654,3.452491521835327,0.009853124618530273
