Model,R2,MAE,RMSE,MAPE_percent,n_train,n_test,fit_time_sec,predict_time_sec
rf,0.9030598165950664,0.08514138058472627,0.06595430549805985,1885059.2929385358,9059,2265,54.61066961288452,0.4495837688446045
