Model,R2,MAE,RMSE,MAPE_percent,n_train,n_test,fit_time_sec,predict_time_sec
gbm,0.9911734683559288,0.008443203735308564,0.0002380780115582305,2.138910762476937,6340,1585,15.846540451049805,0.011694669723510742
