Model,R2,MAE,RMSE,MAPE_percent,n_train,n_test,fit_time_sec,predict_time_sec
gbm,0.9659116377106753,0.007787130538622188,0.00033730393810595615,12.809344995173818,8145,2036,18.268964052200317,0.015569210052490234
