Model,R2,MAE,RMSE,MAPE_percent,n_train,n_test,fit_time_sec,predict_time_sec
cat,0.8861959508950802,0.11150746540506709,0.06785068511078322,8.31434057899819,792,7133,3.7301528453826904,0.007508754730224609
