Model,R2,MAE,RMSE,MAPE_percent,n_train,n_test,fit_time_sec,predict_time_sec
gbm,0.9228762726713672,0.13710712705379835,0.07624449995825527,6.871997557710468,6213,1553,15.56171202659607,0.01253509521484375
