Model,R2,MAE,RMSE,MAPE_percent,n_train,n_test,fit_time_sec,predict_time_sec
gbm,0.9930018595355818,0.00808318494514625,0.00018736905189850747,2.029603793894257,6340,1585,15.908673763275146,0.011576414108276367
