Model,R2,MAE,RMSE,MAPE_percent,n_train,n_test,fit_time_sec,predict_time_sec
cat,0.8828475897498083,0.12694898383568687,0.12403330204327896,6.153724342420037,6213,1553,3.4404096603393555,0.0023956298828125
