Model,R2,MAE,RMSE,MAPE_percent,n_train,n_test,fit_time_sec,predict_time_sec
gbm,0.9552343364055642,0.08347120606152801,0.029211295863025424,985619042.5489833,9053,2263,31.06349802017212,0.017962217330932617
