Model,R2,MAE,RMSE,MAPE_percent,n_train,n_test,fit_time_sec,predict_time_sec
rf,0.9114951496281839,0.001200964126573339,4.4822692567751804e-05,7.13987517036432,5090,5091,30.036166667938232,0.6048786640167236
