Model,R2,MAE,RMSE,MAPE_percent,n_train,n_test,fit_time_sec,predict_time_sec
rf,0.9278230521428681,0.014176850889472981,0.00440385158396435,3.9002215036291026,1164,6596,5.88264012336731,0.4813675880432129
