Model,R2,MAE,RMSE,MAPE_percent,n_train,n_test,fit_time_sec,predict_time_sec
cat,0.9902054605938289,0.0009944971854125054,3.398317055032838e-06,7.252036538884574,6618,3563,4.839433670043945,0.004802703857421875
