Model,R2,MAE,RMSE,MAPE_percent,n_train,n_test,fit_time_sec,predict_time_sec
rf,0.9336955963111734,0.019776196891582054,0.008624724386098057,14651511.616338106,9053,2263,94.98451852798462,0.45029139518737793
