Model,R2,MAE,RMSE,MAPE_percent,n_train,n_test,fit_time_sec,predict_time_sec
cat,0.8882527575122211,0.07720888640857503,0.05200002232767905,5.711573999334101,4910,2105,4.745309352874756,0.003350496292114258
