Model,R2,MAE,RMSE,MAPE_percent,n_train,n_test,fit_time_sec,predict_time_sec
cat,0.983161897917869,0.0201320178003723,0.0011144428999713169,12.76476729244396,6109,4072,4.341318845748901,0.00534367561340332
