Model,R2,MAE,RMSE,MAPE_percent,n_train,n_test,fit_time_sec,predict_time_sec
cat,0.7394408300382194,0.5209003904280968,0.5988233821077255,18798623951.34467,9053,2263,3.406545400619507,0.002873659133911133
