Model,R2,MAE,RMSE,MAPE_percent,n_train,n_test,fit_time_sec,predict_time_sec
cat,0.41487882344305793,0.4149160760849148,0.37757900189162835,12096948459.952679,566,10750,3.5996274948120117,0.012264490127563477
