Model,R2,MAE,RMSE,MAPE_percent,n_train,n_test,fit_time_sec,predict_time_sec
rf,0.33116576752668025,0.09529601515136288,0.032466174392006594,52.639216601051906,6208,1552,42.389769554138184,0.31007981300354004
