Model,R2,MAE,RMSE,MAPE_percent,n_train,n_test,fit_time_sec,predict_time_sec
cat,0.9634832682568081,0.13519495699222084,0.04834114574528183,5.844629590000199,6208,1552,3.7845191955566406,0.0030736923217773438
