Model,R2,MAE,RMSE,MAPE_percent,n_train,n_test,fit_time_sec,predict_time_sec
rf,0.9490782216398669,0.07717288993809689,0.03291841708800527,1896811.935479868,9053,2263,72.5932047367096,0.8821618556976318
