Model,R2,MAE,RMSE,MAPE_percent,n_train,n_test,fit_time_sec,predict_time_sec
cat,0.9729699411271503,0.11256087447273572,0.026318474062609856,4.574644930644678,6208,1552,3.6944079399108887,0.002492666244506836
