Model,R2,MAE,RMSE,MAPE_percent,n_train,n_test,fit_time_sec,predict_time_sec
cat,0.8863549435059831,0.07443905935073712,0.04901205725697273,5.773081676786139,5612,1403,3.8707590103149414,0.01924610137939453
