Model,R2,MAE,RMSE,MAPE_percent,n_train,n_test,fit_time_sec,predict_time_sec
cat,0.9320283223250614,0.020275211565947984,0.004522449799387707,10.190147578314345,509,9672,3.693876266479492,0.009490013122558594
