Model,R2,MAE,RMSE,MAPE_percent,n_train,n_test,fit_time_sec,predict_time_sec
rf,0.9866318503709871,0.007411524266248383,0.0002062155720628014,2.7391424326476765,6214,1554,38.38689374923706,0.33070898056030273
