Model,R2,MAE,RMSE,MAPE_percent,n_train,n_test,fit_time_sec,predict_time_sec
gbm,0.8935224098707956,0.007065543688814764,0.0011973365058501682,11.642597411924177,8145,2036,39.028711795806885,0.015762805938720703
