Model,R2,MAE,RMSE,MAPE_percent,n_train,n_test,fit_time_sec,predict_time_sec
cat,0.9950220346943334,0.0025051416727592244,1.28036042080843e-05,4.13254572174623,8145,2036,3.6675963401794434,0.0026557445526123047
