Model,R2,MAE,RMSE,MAPE_percent,n_train,n_test,fit_time_sec,predict_time_sec
gbm,0.9451681976429558,0.0014171190105600076,2.1217554568551766e-05,12.66593116701052,8145,2036,19.53281283378601,0.015173196792602539
