Model,R2,MAE,RMSE,MAPE_percent,n_train,n_test,fit_time_sec,predict_time_sec
rf,0.49741815742309814,0.45799462395171164,0.5097531695595707,29.734333837391407,6206,1552,40.36906957626343,0.30759525299072266
