Model,R2,MAE,RMSE,MAPE_percent,n_train,n_test,fit_time_sec,predict_time_sec
cat,0.9939945892355131,0.009593988304583767,0.00018799940530337428,4.228811497531609,8145,2036,3.8143584728240967,0.0027489662170410156
