Model,R2,MAE,RMSE,MAPE_percent,n_train,n_test,fit_time_sec,predict_time_sec
cat,0.9619535618625028,0.008667417412891574,0.001895643081890111,2.7911565331380026,6208,1552,3.7084712982177734,0.002390623092651367
