Model,R2,MAE,RMSE,MAPE_percent,n_train,n_test,fit_time_sec,predict_time_sec
rf,0.12336359033134159,0.039401688998829655,0.5789069527343591,7.021582641296321,8151,2038,53.567028522491455,0.40921783447265625
