Model,R2,MAE,RMSE,MAPE_percent,n_train,n_test,fit_time_sec,predict_time_sec
rf,0.9977063037090731,0.000448960136314765,6.660676021599934e-07,3.435315756601703,8145,2036,84.0537691116333,0.8011548519134521
