Model,R2,MAE,RMSE,MAPE_percent,n_train,n_test,fit_time_sec,predict_time_sec
cat,0.997249837513558,0.0019296815088196645,8.591987513793734e-06,2.9009452354207226,8145,2036,3.612581729888916,0.002621889114379883
