Model,R2,MAE,RMSE,MAPE_percent,n_train,n_test,fit_time_sec,predict_time_sec
cat,0.983307143745495,0.004603378322601646,3.74754336508628e-05,6.945594998866503,6109,4072,4.795514822006226,0.004847049713134766
