Model,R2,MAE,RMSE,MAPE_percent,n_train,n_test,fit_time_sec,predict_time_sec
rf,0.9868734092526315,0.014778198049763967,0.0004245408571733109,6.794211800725557,8145,2036,51.344876527786255,0.4037463665008545
