Model,R2,MAE,RMSE,MAPE_percent,n_train,n_test,fit_time_sec,predict_time_sec
rf,0.9645137222599469,0.06309887365924909,0.011804043854019704,4.135673731589179,6340,1585,38.27617049217224,0.2813456058502197
