Model,R2,MAE,RMSE,MAPE_percent,n_train,n_test,fit_time_sec,predict_time_sec
gbm,0.9370230808747879,0.11768438696379094,0.038792180419167745,5.926166514926625,6206,1552,15.45815134048462,0.012237548828125
