Model,R2,MAE,RMSE,MAPE_percent,n_train,n_test,fit_time_sec,predict_time_sec
gbm,0.2930520888257723,0.3499165264938301,0.38715659112730627,32.85580463236026,5618,1405,12.568153381347656,0.010825395584106445
