Model,R2,MAE,RMSE,MAPE_percent,n_train,n_test,fit_time_sec,predict_time_sec
cat,0.9367038763548012,0.21577909913655072,0.1295889120028244,7.63188919593753,1189,6736,4.018094301223755,0.00683283805847168
