Model,R2,MAE,RMSE,MAPE_percent,n_train,n_test,fit_time_sec,predict_time_sec
cat,0.9888525560753335,0.008026753077825721,0.0001187082530660589,3.246443973257013,3880,3880,3.459575891494751,0.0043528079986572266
