Model,R2,MAE,RMSE,MAPE_percent,n_train,n_test,fit_time_sec,predict_time_sec
cat,0.5598430811384931,0.010740543420442398,0.00848375680907289,11.380438097522912,8151,2038,3.733321189880371,0.002541065216064453
