Model,R2,MAE,RMSE,MAPE_percent,n_train,n_test,fit_time_sec,predict_time_sec
cat,0.9636118394135929,0.05435535745952461,0.013161218693031775,5.0191534128594935,6208,1552,3.384032964706421,0.002264261245727539
