Model,R2,MAE,RMSE,MAPE_percent,n_train,n_test,fit_time_sec,predict_time_sec
cat,0.9226548696308099,0.12610376674179932,0.04768529673255476,6.206992505434321,6206,1552,3.6223559379577637,0.0024051666259765625
