Model,R2,MAE,RMSE,MAPE_percent,n_train,n_test,fit_time_sec,predict_time_sec
cat,0.05029830135663538,0.27372239949492727,0.3472373799837586,39.53834371100907,7062,1765,3.2809319496154785,0.002488851547241211
