Model,R2,MAE,RMSE,MAPE_percent,n_train,n_test,fit_time_sec,predict_time_sec
rf,0.9840389146089059,0.021078120082153665,0.001241017437615993,10.994872702677727,8145,2036,50.07890510559082,0.4051933288574219
