Model,R2,MAE,RMSE,MAPE_percent,n_train,n_test,fit_time_sec,predict_time_sec
cat,0.41603047384052694,0.31156880011241167,0.2600782025246927,38.17079121483949,6214,1554,3.3837544918060303,0.002325773239135742
