Model,R2,MAE,RMSE,MAPE_percent,n_train,n_test,fit_time_sec,predict_time_sec
gbm,0.7728965578643912,0.0886298575263738,0.11850429476190398,5.885174362992256,5618,1405,14.02138614654541,0.011367082595825195
