Model,R2,MAE,RMSE,MAPE_percent,n_train,n_test,fit_time_sec,predict_time_sec
rf,0.9521843036529124,0.11488500968728349,0.048536836393368935,5.333606206135809,6206,1552,35.62074613571167,0.28972387313842773
