Model,R2,MAE,RMSE,MAPE_percent,n_train,n_test,fit_time_sec,predict_time_sec
cat,0.8984618168241914,0.025505044612409992,0.011879098056093367,185820443.9063304,1697,9619,4.427103042602539,0.010182619094848633
