Model,R2,MAE,RMSE,MAPE_percent,n_train,n_test,fit_time_sec,predict_time_sec
cat,0.9841374603521781,0.01289120992939779,0.00039113633210834293,3.69304224014712,3566,4359,4.463200807571411,0.005376338958740234
