Model,R2,MAE,RMSE,MAPE_percent,n_train,n_test,fit_time_sec,predict_time_sec
cat,0.980200373870828,0.0013937251690913774,6.476523268072344e-06,12.73617246338896,7127,3054,4.408008098602295,0.004260540008544922
