Model,R2,MAE,RMSE,MAPE_percent,n_train,n_test,fit_time_sec,predict_time_sec
rf,0.947357283864759,0.01671561458817252,0.006172312236936923,1965000.600347171,9053,2263,56.349153995513916,0.4370100498199463
