Model,R2,MAE,RMSE,MAPE_percent,n_train,n_test,fit_time_sec,predict_time_sec
cat,0.9619959643526039,0.030336179975954766,0.008731175350228777,4.743849163887355,4267,3491,3.5257673263549805,0.004377126693725586
