Model,R2,MAE,RMSE,MAPE_percent,n_train,n_test,fit_time_sec,predict_time_sec
rf,0.8667279358420261,0.010205312120496081,0.011322244196093994,4.315121680248064,8145,2036,82.56928062438965,0.41816091537475586
