Model,R2,MAE,RMSE,MAPE_percent,n_train,n_test,fit_time_sec,predict_time_sec
rf,0.9849888630413975,0.012909904040461113,0.000635385994567402,3.3364455430417967,9059,2265,56.87694430351257,0.4261918067932129
