Model,R2,MAE,RMSE,MAPE_percent,n_train,n_test,fit_time_sec,predict_time_sec
cat,0.9975835115445438,0.005826738531119662,0.0001734181072495637,2.810919157115879,8145,2036,3.6719188690185547,0.004956483840942383
