Model,R2,MAE,RMSE,MAPE_percent,n_train,n_test,fit_time_sec,predict_time_sec
gbm,0.9527363907251983,0.0025276724980389863,0.00033614194874859366,3.4521174889654906,8145,2036,20.30306887626648,0.014109373092651367
