Model,R2,MAE,RMSE,MAPE_percent,n_train,n_test,fit_time_sec,predict_time_sec
cat,0.23906112575992478,0.14828718176324324,0.09323014136506672,58.71128822634102,2774,5151,4.706287622451782,0.00634312629699707
