Model,R2,MAE,RMSE,MAPE_percent,n_train,n_test,fit_time_sec,predict_time_sec
cat,0.8657460579611723,0.007238123759629226,0.0011961304879959179,9.535940354924175,509,9672,3.7962357997894287,0.010178327560424805
