Model,R2,MAE,RMSE,MAPE_percent,n_train,n_test,fit_time_sec,predict_time_sec
cat,0.9793351422212591,0.013464002247195494,0.00031358901147489576,6.692470099527309,7636,2545,4.812565565109253,0.0037500858306884766
