Model,R2,MAE,RMSE,MAPE_percent,n_train,n_test,fit_time_sec,predict_time_sec
gbm,0.988863075147419,0.009260038281978107,0.0003820276719245814,2.388633124842884,9053,2263,22.982542991638184,0.0163571834564209
