Model,R2,MAE,RMSE,MAPE_percent,n_train,n_test,fit_time_sec,predict_time_sec
cat,0.9978794302782182,0.004955194870208726,5.209741069244242e-05,2.515296947746429,8145,2036,3.8654141426086426,0.002814054489135742
