Model,R2,MAE,RMSE,MAPE_percent,n_train,n_test,fit_time_sec,predict_time_sec
gbm,0.9790516339303391,0.0010390203017044536,1.9491089581301244e-06,6.592714472707565,7127,3054,17.200618743896484,0.019260644912719727
