Model,R2,MAE,RMSE,MAPE_percent,n_train,n_test,fit_time_sec,predict_time_sec
rf,0.9348009746585735,0.0009885482958835784,2.7156411446347596e-05,7.12596335909814,5600,4581,33.49623990058899,0.5717852115631104
