Model,R2,MAE,RMSE,MAPE_percent,n_train,n_test,fit_time_sec,predict_time_sec
rf,0.9379251704227212,0.2725474755216574,0.19791217034935674,7.269482953459377,6213,1553,37.235474824905396,0.28681254386901855
