Model,R2,MAE,RMSE,MAPE_percent,n_train,n_test,fit_time_sec,predict_time_sec
cat,0.9860751770759061,0.015983449260594397,0.0011829115662343606,7.2296240731395205,8145,2036,1.041048526763916,0.0031747817993164062
