Model,R2,MAE,RMSE,MAPE_percent,n_train,n_test,fit_time_sec,predict_time_sec
rf,0.97543201324493,0.010352339964976,0.001240107006331015,2.9949167730269632,6208,1552,38.05709266662598,0.2762458324432373
