Model,R2,MAE,RMSE,MAPE_percent,n_train,n_test,fit_time_sec,predict_time_sec
cat,0.9974640862535901,0.00039751519841497643,3.251940787226072e-07,2.8770588650039643,8145,2036,3.7094881534576416,0.002694845199584961
