Model,R2,MAE,RMSE,MAPE_percent,n_train,n_test,fit_time_sec,predict_time_sec
gbm,0.9845454207610272,0.01920176529980405,0.0012821240314659919,11.337483047938258,8145,2036,39.15724802017212,0.028789997100830078
