Model,R2,MAE,RMSE,MAPE_percent,n_train,n_test,fit_time_sec,predict_time_sec
cat,0.3501109319318647,0.21220075370365235,0.16335685076660686,51.30925687608978,6213,1553,3.2095181941986084,0.0022554397583007812
