Model,R2,MAE,RMSE,MAPE_percent,n_train,n_test,fit_time_sec,predict_time_sec
gbm,0.9439075242953645,0.032436006674288136,0.012384057421679558,4.173506574055434,3879,3879,9.69261384010315,0.027428627014160156
