Model,R2,MAE,RMSE,MAPE_percent,n_train,n_test,fit_time_sec,predict_time_sec
cat,0.9760180493235616,0.0644373066089366,0.015602534883457638,692184590.9418417,9053,2263,21.458486318588257,0.007299184799194336
