Model,R2,MAE,RMSE,MAPE_percent,n_train,n_test,fit_time_sec,predict_time_sec
rf,0.9738585969717979,0.002935177055814953,0.00019648956528301833,4.199760544919381,8145,2036,51.66783571243286,0.40300655364990234
