Model,R2,MAE,RMSE,MAPE_percent,n_train,n_test,fit_time_sec,predict_time_sec
cat,0.9558100980889946,0.08589076012548608,0.019287334427803463,477968566.92026937,2829,8487,4.287821531295776,0.01145315170288086
