Model,R2,MAE,RMSE,MAPE_percent,n_train,n_test,fit_time_sec,predict_time_sec
rf,0.9895324821486617,0.01710001347683794,0.0006692014623275497,10.892309596389326,8145,2036,52.79079580307007,0.4178807735443115
