Model,R2,MAE,RMSE,MAPE_percent,n_train,n_test,fit_time_sec,predict_time_sec
gbm,0.9178948900660125,0.1397168867707173,0.08322705248009128,7.014629696813242,6206,1552,23.551238775253296,0.012605667114257812
