Model,R2,MAE,RMSE,MAPE_percent,n_train,n_test,fit_time_sec,predict_time_sec
cat,0.9933937344514614,0.01567767044244091,0.0005136549640811282,7.025508098481378,8145,2036,5.764960527420044,0.004348278045654297
