Model,R2,MAE,RMSE,MAPE_percent,n_train,n_test,fit_time_sec,predict_time_sec
cat,0.9185667719236816,0.0011730736640221037,2.9801372292369453e-05,8.128688556324478,1527,8654,4.30566668510437,0.008951902389526367
