Model,R2,MAE,RMSE,MAPE_percent,n_train,n_test,fit_time_sec,predict_time_sec
cat,0.99296673459013,0.005764447509759127,8.878854918860437e-05,2.2449398342961513,6208,1552,3.5070929527282715,0.0023386478424072266
