Model,R2,MAE,RMSE,MAPE_percent,n_train,n_test,fit_time_sec,predict_time_sec
gbm,0.9049578473947514,0.08279568093590378,0.06466295965147488,235140423.19671297,9059,2265,22.861528635025024,0.017661094665527344
