Model,R2,MAE,RMSE,MAPE_percent,n_train,n_test,fit_time_sec,predict_time_sec
cat,0.97181950619447,0.05666181370087532,0.007458370541703816,4.474910937463123,4618,2487,4.794786214828491,0.003887176513671875
