Model,R2,MAE,RMSE,MAPE_percent,n_train,n_test,fit_time_sec,predict_time_sec
cat,0.9117632704036537,0.0016558755090481947,3.170573892774102e-05,13.723494067059002,1018,9163,3.7123632431030273,0.01259303092956543
