Model,R2,MAE,RMSE,MAPE_percent,n_train,n_test,fit_time_sec,predict_time_sec
rf,0.9901069119413379,0.0005030543695836104,3.884557395447696e-06,3.0646652202127695,8145,2036,50.73038125038147,0.4023735523223877
