Model,R2,MAE,RMSE,MAPE_percent,n_train,n_test,fit_time_sec,predict_time_sec
cat,0.8874173212481002,0.02142572879023413,0.013502766772953813,4.336688216566465,2774,5151,4.528356313705444,0.005751848220825195
