Model,R2,MAE,RMSE,MAPE_percent,n_train,n_test,fit_time_sec,predict_time_sec
cat,0.9760110257574658,0.007042064559942865,0.00021074663418398432,13.52062800544237,8145,2036,3.32711124420166,0.0025267601013183594
