Model,R2,MAE,RMSE,MAPE_percent,n_train,n_test,fit_time_sec,predict_time_sec
gbm,0.9921794523525745,0.008900815576907693,0.0002741577443056297,2.3350259013997072,9053,2263,22.68996548652649,0.016789674758911133
