Model,R2,MAE,RMSE,MAPE_percent,n_train,n_test,fit_time_sec,predict_time_sec
gbm,0.9307574127156765,0.03605950332564578,0.015243000368355422,4.670994138212163,1164,6594,2.826293468475342,0.04667973518371582
