Model,R2,MAE,RMSE,MAPE_percent,n_train,n_test,fit_time_sec,predict_time_sec
rf,0.40511244978473604,0.19243558320330117,0.11173509841743517,51.63095290221303,6206,1552,41.07285976409912,0.3097524642944336
