Model,R2,MAE,RMSE,MAPE_percent,n_train,n_test,fit_time_sec,predict_time_sec
cat,0.7137028752789776,0.5629500533866041,0.6623721759221416,7445787151.039272,1697,9619,3.980867862701416,0.010625839233398438
