Model,R2,MAE,RMSE,MAPE_percent,n_train,n_test,fit_time_sec,predict_time_sec
gbm,0.4217883156802671,0.2905282428695226,0.19331500974054733,36.397528708428474,6208,1552,13.72695255279541,0.01169443130493164
