Model,R2,MAE,RMSE,MAPE_percent,n_train,n_test,fit_time_sec,predict_time_sec
rf,0.9723886745515826,0.06833540598557332,0.01842863543642551,134617.99492598465,9053,2263,79.02614784240723,0.46280860900878906
