Model,R2,MAE,RMSE,MAPE_percent,n_train,n_test,fit_time_sec,predict_time_sec
cat,0.9915916992108402,0.0005626722843938714,2.5469966345310517e-06,4.4008689091733615,8145,2036,4.499565839767456,0.0035092830657958984
