Model,R2,MAE,RMSE,MAPE_percent,n_train,n_test,fit_time_sec,predict_time_sec
rf,0.9680530629149761,0.0011386499568093451,9.697138325431869e-06,10.668299231242152,8145,2036,49.84092450141907,0.3910086154937744
