Model,R2,MAE,RMSE,MAPE_percent,n_train,n_test,fit_time_sec,predict_time_sec
gbm,0.9449282795204249,0.27731824082553475,0.16748470165231233,7.370604801268139,6206,1552,15.374826192855835,0.013144254684448242
