Model,R2,MAE,RMSE,MAPE_percent,n_train,n_test,fit_time_sec,predict_time_sec
gbm,0.9702650805850463,0.026061237981380367,0.007297266694847343,3.1949881915646614,6206,1552,15.547243595123291,0.012320995330810547
