Model,R2,MAE,RMSE,MAPE_percent,n_train,n_test,fit_time_sec,predict_time_sec
gbm,0.34664890924542724,0.14771310406145963,0.07660484162937989,5835352930.256729,9053,2263,20.354902029037476,0.015427112579345703
