Model,R2,MAE,RMSE,MAPE_percent,n_train,n_test,fit_time_sec,predict_time_sec
rf,0.9632387759130414,0.026105330864475758,0.00917511671849075,3.1011112575997464,6213,1553,37.13973569869995,0.28503894805908203
