Model,R2,MAE,RMSE,MAPE_percent,n_train,n_test,fit_time_sec,predict_time_sec
cat,0.9876478268691358,0.009903702749208803,0.0008854711899614794,4.757622273024356,8145,2036,3.53109073638916,0.0026738643646240234
