Model,R2,MAE,RMSE,MAPE_percent,n_train,n_test,fit_time_sec,predict_time_sec
gbm,0.9860847934705228,0.012629357080860503,0.0008802361159709923,2.93516246961369,9053,2263,23.114931106567383,0.01696944236755371
