Model,R2,MAE,RMSE,MAPE_percent,n_train,n_test,fit_time_sec,predict_time_sec
rf,0.9682713566949943,0.0005373736246767596,2.1529222372839977e-05,3.0215426774540974,8151,2038,54.84618782997131,0.4050881862640381
