Model,R2,MAE,RMSE,MAPE_percent,n_train,n_test,fit_time_sec,predict_time_sec
cat,0.996631739017562,0.0005534846637018858,1.1048002112698632e-06,4.003814934557122,8145,2036,7.711950063705444,0.01857280731201172
