Model,R2,MAE,RMSE,MAPE_percent,n_train,n_test,fit_time_sec,predict_time_sec
rf,0.9774256462052084,0.014340742205595166,0.0017061052213608351,6.815381197313214,8151,2038,56.104941844940186,0.4438285827636719
