Model,R2,MAE,RMSE,MAPE_percent,n_train,n_test,fit_time_sec,predict_time_sec
cat,0.9950997037754239,0.0024716491604140642,1.273655033656988e-05,3.9977424712883374,8145,2036,3.892524242401123,0.0026900768280029297
