Model,R2,MAE,RMSE,MAPE_percent,n_train,n_test,fit_time_sec,predict_time_sec
cat,0.9812811133550936,0.015922491088889653,0.0007409186012465175,469913781.3772349,3395,7921,4.507884979248047,0.0077702999114990234
