Model,R2,MAE,RMSE,MAPE_percent,n_train,n_test,fit_time_sec,predict_time_sec
rf,0.9278505739994968,0.036778156965969866,0.01601639408392632,4.492195001808346,1940,5818,9.970832109451294,0.4854011535644531
