Model,R2,MAE,RMSE,MAPE_percent,n_train,n_test,fit_time_sec,predict_time_sec
cat,0.9492248136709462,0.10989199000909168,0.029835313976127383,5.623897776697018,6206,1552,3.5470259189605713,0.0022902488708496094
