Model,R2,MAE,RMSE,MAPE_percent,n_train,n_test,fit_time_sec,predict_time_sec
gbm,0.9403952948300549,0.03412516423576171,0.014506951899807202,4.138139617942038,3879,3879,9.497201442718506,0.027364730834960938
