Model,R2,MAE,RMSE,MAPE_percent,n_train,n_test,fit_time_sec,predict_time_sec
cat,0.9892529488116503,0.007306598734648898,0.0001399593004550146,2.8466298176049882,6208,1552,3.449519157409668,0.0022635459899902344
