Model,R2,MAE,RMSE,MAPE_percent,n_train,n_test,fit_time_sec,predict_time_sec
cat,0.9936022265272677,0.015637472643102286,0.0014851205823808585,2.4463352414707993,6206,1552,4.474762439727783,0.003324270248413086
