Model,R2,MAE,RMSE,MAPE_percent,n_train,n_test,fit_time_sec,predict_time_sec
gbm,0.9802828477295189,0.019601436472180305,0.001635750437922533,11.377576533323094,8145,2036,18.134987592697144,0.015575647354125977
