Model,R2,MAE,RMSE,MAPE_percent,n_train,n_test,fit_time_sec,predict_time_sec
cat,0.9966254544182778,0.0004044622767078123,3.706140329473511e-07,3.3634948755188936,8145,2036,3.834423303604126,0.0027358531951904297
