Model,R2,MAE,RMSE,MAPE_percent,n_train,n_test,fit_time_sec,predict_time_sec
rf,0.9680965344125638,0.04703762665800811,0.0060648448394211565,4.326155091633599,6208,1552,36.40255546569824,0.28954243659973145
