Model,R2,MAE,RMSE,MAPE_percent,n_train,n_test,fit_time_sec,predict_time_sec
cat,0.9586452647840904,0.0794591392703205,0.023598661245132668,5.366221433385014,5944,1981,5.543094635009766,0.003557920455932617
