Model,R2,MAE,RMSE,MAPE_percent,n_train,n_test,fit_time_sec,predict_time_sec
rf,0.4433210284849056,0.09419647705202804,0.030337363225475516,52.06376909709919,6208,1552,42.51599097251892,0.31485915184020996
