Model,R2,MAE,RMSE,MAPE_percent,n_train,n_test,fit_time_sec,predict_time_sec
gbm,0.9719312885522446,0.0029307097535612916,0.0002794507531573523,3.2218593384954857,8145,2036,22.85311222076416,0.014299631118774414
