Model,R2,MAE,RMSE,MAPE_percent,n_train,n_test,fit_time_sec,predict_time_sec
cat,0.987502358663979,0.002749999471093613,8.888406065278688e-05,4.585250473781157,8145,2036,4.6643736362457275,0.003047943115234375
