Model,R2,MAE,RMSE,MAPE_percent,n_train,n_test,fit_time_sec,predict_time_sec
rf,0.9657844098547962,0.001293551776563884,1.221055329311711e-05,10.928053918311159,8145,2036,52.51893377304077,0.4023621082305908
