Model,R2,MAE,RMSE,MAPE_percent,n_train,n_test,fit_time_sec,predict_time_sec
cat,0.9418968638303479,0.086806436578396,0.03508833674734219,5.891037328008659,2774,5151,4.539855480194092,0.007082700729370117
