Model,R2,MAE,RMSE,MAPE_percent,n_train,n_test,fit_time_sec,predict_time_sec
cat,0.9794566926876974,0.006086064204608318,0.00015441196935432434,12.82333139278281,8145,2036,4.360151290893555,0.003274202346801758
