Model,R2,MAE,RMSE,MAPE_percent,n_train,n_test,fit_time_sec,predict_time_sec
gbm,0.8503763947570993,0.28285667536853615,0.18225082731460654,10.75685061641881,6214,1554,15.583956718444824,0.01167607307434082
