Model,R2,MAE,RMSE,MAPE_percent,n_train,n_test,fit_time_sec,predict_time_sec
cat,0.95577336649935,0.07477425417050287,0.017082078438495657,5.142958344291794,3962,3963,4.487873554229736,0.005106687545776367
