Model,R2,MAE,RMSE,MAPE_percent,n_train,n_test,fit_time_sec,predict_time_sec
cat,0.9649451984121884,0.17797670437077906,0.06554908575994484,7.3910809536579665,9053,2263,3.815319776535034,0.003075122833251953
