Model,R2,MAE,RMSE,MAPE_percent,n_train,n_test,fit_time_sec,predict_time_sec
cat,0.9912675432466892,0.004697390464291459,4.265659587439814e-05,7.464096343285719,4072,6109,4.572153568267822,0.006447792053222656
