Model,R2,MAE,RMSE,MAPE_percent,n_train,n_test,fit_time_sec,predict_time_sec
cat,0.7218987968401027,0.0752566459387059,0.15561515198191156,5.896183199836098,1421,5684,3.995413303375244,0.006537675857543945
