Model,R2,MAE,RMSE,MAPE_percent,n_train,n_test,fit_time_sec,predict_time_sec
cat,0.03986140152958528,0.27844042585952666,0.33852047795925305,43.65763659740649,2646,6174,4.740213394165039,0.0069103240966796875
