Model,R2,MAE,RMSE,MAPE_percent,n_train,n_test,fit_time_sec,predict_time_sec
rf,0.4279590471334761,0.0015039813296188333,0.0013257390905621071,2.421422559350499,8151,2038,53.69783878326416,0.403165340423584
