Model,R2,MAE,RMSE,MAPE_percent,n_train,n_test,fit_time_sec,predict_time_sec
rf,0.9735842021702328,0.0011935806331789282,3.118047784270291e-06,9.517682174334515,8145,2036,52.3506498336792,0.4033217430114746
