Model,R2,MAE,RMSE,MAPE_percent,n_train,n_test,fit_time_sec,predict_time_sec
rf,0.8854446551350846,0.27555034883386237,0.13968350045991318,10.603716651850476,6208,1552,37.922213315963745,0.2903318405151367
