Model,R2,MAE,RMSE,MAPE_percent,n_train,n_test,fit_time_sec,predict_time_sec
gbm,0.9318098785077892,0.0010242536346849666,2.7330488251364456e-05,7.392806808760266,4072,6109,9.656910181045532,0.03940081596374512
