Model,R2,MAE,RMSE,MAPE_percent,n_train,n_test,fit_time_sec,predict_time_sec
gbm,0.9786552701815119,0.0009318784643277352,1.517094106526537e-06,6.809714740369895,7636,2545,18.510510206222534,0.017176151275634766
