Model,R2,MAE,RMSE,MAPE_percent,n_train,n_test,fit_time_sec,predict_time_sec
cat,0.9968722214911683,0.0022437650553092828,1.1406343541061264e-05,2.879598072366381,8145,2036,3.713879108428955,0.0026693344116210938
