Model,R2,MAE,RMSE,MAPE_percent,n_train,n_test,fit_time_sec,predict_time_sec
cat,0.8953521690784931,0.02176481966992377,0.014392177515159406,412327461.9103441,9053,2263,3.6863601207733154,0.002969980239868164
