Model,R2,MAE,RMSE,MAPE_percent,n_train,n_test,fit_time_sec,predict_time_sec
gbm,0.8814044763593814,0.020094267123559977,0.011802835727063844,11.373697125953184,8145,2036,20.463274478912354,0.015572309494018555
