Model,R2,MAE,RMSE,MAPE_percent,n_train,n_test,fit_time_sec,predict_time_sec
cat,0.9957107670689439,0.0005840715665466664,6.894167788675929e-07,3.703872881861604,8145,2036,3.53132963180542,0.002607583999633789
