Model,R2,MAE,RMSE,MAPE_percent,n_train,n_test,fit_time_sec,predict_time_sec
cat,0.32814917910949204,0.15592492391143953,0.09851689435384284,6068832372.843759,9059,2265,3.4779725074768066,0.002998828887939453
