Model,R2,MAE,RMSE,MAPE_percent,n_train,n_test,fit_time_sec,predict_time_sec
cat,0.9241338290934491,0.006950609839664836,0.0006586663258362786,9.911931306197284,509,9672,3.6291892528533936,0.010094404220581055
