Model,R2,MAE,RMSE,MAPE_percent,n_train,n_test,fit_time_sec,predict_time_sec
gbm,0.9914842837378887,0.0005530768264719705,3.6231990580771326e-06,3.233366014517468,8145,2036,20.439711332321167,0.013844013214111328
