Model,R2,MAE,RMSE,MAPE_percent,n_train,n_test,fit_time_sec,predict_time_sec
cat,0.012814508503461552,0.0065035899351499745,0.00861734963299901,6.107752007614125,8151,2038,3.650989055633545,0.0026636123657226562
