Model,R2,MAE,RMSE,MAPE_percent,n_train,n_test,fit_time_sec,predict_time_sec
gbm,0.9459963318887384,0.001604685216282558,2.1940447460729585e-05,12.670654634984135,8145,2036,19.246943712234497,0.015554666519165039
