Model,R2,MAE,RMSE,MAPE_percent,n_train,n_test,fit_time_sec,predict_time_sec
cat,0.9957937253650146,0.003132101378295483,3.5114005108129546e-05,4.540295549529135,8145,2036,3.7831292152404785,0.004319190979003906
