Model,R2,MAE,RMSE,MAPE_percent,n_train,n_test,fit_time_sec,predict_time_sec
gbm,0.14910740938057376,0.2809504108392939,0.42445064055927134,40.1269117083669,7062,1765,15.709455966949463,0.013098955154418945
