Model,R2,MAE,RMSE,MAPE_percent,n_train,n_test,fit_time_sec,predict_time_sec
rf,0.9949581342572318,0.012837657531142124,0.0003308986326762111,6.90843566960188,8145,2036,60.694509983062744,0.4180490970611572
