Model,R2,MAE,RMSE,MAPE_percent,n_train,n_test,fit_time_sec,predict_time_sec
gbm,0.9722848954598492,0.05980338952129416,0.01023583512033093,4.633831381663957,5684,1421,15.011550426483154,0.01214289665222168
