Model,R2,MAE,RMSE,MAPE_percent,n_train,n_test,fit_time_sec,predict_time_sec
gbm,0.9378931846480083,0.012564865400629715,0.003596789756160153,3.338353629122453,2328,5432,5.732568740844727,0.03596687316894531
