Model,R2,MAE,RMSE,MAPE_percent,n_train,n_test,fit_time_sec,predict_time_sec
cat,0.7209545844736294,0.002596493086391994,9.912331818640724e-05,20.202837754758523,8151,2038,3.2071168422698975,0.002466917037963867
