Model,R2,MAE,RMSE,MAPE_percent,n_train,n_test,fit_time_sec,predict_time_sec
cat,0.9851877604767587,0.012155510179059695,0.0003411392953823639,3.531517966755602,7921,3395,4.888755798339844,0.004481792449951172
