Model,R2,MAE,RMSE,MAPE_percent,n_train,n_test,fit_time_sec,predict_time_sec
cat,0.9458862118285928,0.22177334644875782,0.12465122978099086,2296061440.0969076,1132,10184,4.391684532165527,0.010557413101196289
