Model,R2,MAE,RMSE,MAPE_percent,n_train,n_test,fit_time_sec,predict_time_sec
gbm,0.062033151081877236,0.03299173594604506,0.6234657043720506,2.366068372647385,8151,2038,20.718536615371704,0.013845205307006836
