Model,R2,MAE,RMSE,MAPE_percent,n_train,n_test,fit_time_sec,predict_time_sec
gbm,0.9087799380585835,0.28335479066799707,0.14919257962413845,11.492359051240859,6208,1552,15.474918842315674,0.012282848358154297
