Model,R2,MAE,RMSE,MAPE_percent,n_train,n_test,fit_time_sec,predict_time_sec
cat,0.9763730154456521,0.04312680606895539,0.003747651434133652,5.10151261219291,3969,4851,4.487189769744873,0.006531476974487305
