Model,R2,MAE,RMSE,MAPE_percent,n_train,n_test,fit_time_sec,predict_time_sec
cat,0.9324358996216872,0.0011046510008718272,2.4256438521944414e-05,7.760937335874093,3054,7127,4.170406818389893,0.008663654327392578
