Model,R2,MAE,RMSE,MAPE_percent,n_train,n_test,fit_time_sec,predict_time_sec
gbm,0.9951297919231263,0.008915363223084907,0.0001618182033978834,3.7812394218192464,8145,2036,20.22101330757141,0.013973712921142578
