Model,R2,MAE,RMSE,MAPE_percent,n_train,n_test,fit_time_sec,predict_time_sec
gbm,0.932873105910188,0.012992602639824774,0.004001252231789697,3.4039072749532115,2328,5432,5.642959833145142,0.03641462326049805
