Model,R2,MAE,RMSE,MAPE_percent,n_train,n_test,fit_time_sec,predict_time_sec
rf,0.9580756053111296,0.09923098879750326,0.026041179626925752,4.686533827990167,6206,1552,35.65818119049072,0.2786579132080078
