Model,R2,MAE,RMSE,MAPE_percent,n_train,n_test,fit_time_sec,predict_time_sec
gbm,0.9807271361690248,0.01386488952219357,0.0021791470471341583,65885809.99329019,9053,2263,23.614105701446533,0.017201662063598633
