Model,R2,MAE,RMSE,MAPE_percent,n_train,n_test,fit_time_sec,predict_time_sec
cat,0.9856315265486514,0.015998579020364088,0.0012840758560288658,7.042067934849832,8145,2036,3.5427448749542236,0.0027091503143310547
