Model,R2,MAE,RMSE,MAPE_percent,n_train,n_test,fit_time_sec,predict_time_sec
cat,0.3222005504049231,0.023809676791249828,0.08555346845515414,6.961643713311079,8151,2038,3.452418565750122,0.002599954605102539
