Model,R2,MAE,RMSE,MAPE_percent,n_train,n_test,fit_time_sec,predict_time_sec
cat,0.8982304094680051,0.0007702096887535557,4.302113399422932e-05,4.518368552003493,8151,2038,3.60176682472229,0.0025746822357177734
