Model,R2,MAE,RMSE,MAPE_percent,n_train,n_test,fit_time_sec,predict_time_sec
rf,0.2995894515999371,0.009490512770257108,0.013499987173904143,8.006592351585585,8151,2038,56.66935586929321,0.39647364616394043
