Model,R2,MAE,RMSE,MAPE_percent,n_train,n_test,fit_time_sec,predict_time_sec
cat,0.97511443699375,0.0244666101716257,0.005231752053456792,3.710712069779861,6206,1552,3.572753429412842,0.002377033233642578
