Model,R2,MAE,RMSE,MAPE_percent,n_train,n_test,fit_time_sec,predict_time_sec
gbm,0.9585483374094994,0.04038334649175722,0.007506683379790315,3.698091256011998,6208,1552,15.460530281066895,0.011699199676513672
