Model,R2,MAE,RMSE,MAPE_percent,n_train,n_test,fit_time_sec,predict_time_sec
cat,0.9395175936996611,0.05256757325337008,0.020710208935167132,4.999677174924567,6208,1552,7.281474828720093,0.018146514892578125
