Model,R2,MAE,RMSE,MAPE_percent,n_train,n_test,fit_time_sec,predict_time_sec
cat,0.47902947106557736,0.3685590108126872,0.31266000232961855,33.38163481495587,5548,2377,4.31871223449707,0.003928422927856445
