Model,R2,MAE,RMSE,MAPE_percent,n_train,n_test,fit_time_sec,predict_time_sec
cat,0.9934570228300731,0.0009317310909481059,2.0893367888470246e-06,7.5479555780844585,7127,3054,4.967124938964844,0.004308223724365234
