Model,R2,MAE,RMSE,MAPE_percent,n_train,n_test,fit_time_sec,predict_time_sec
gbm,0.9511772954147272,0.01024953469136749,0.003987899670334265,4.15622406713922,8145,2036,20.125686407089233,0.014495849609375
