Model,R2,MAE,RMSE,MAPE_percent,n_train,n_test,fit_time_sec,predict_time_sec
rf,0.9952659420202115,0.004512398618330017,6.118349505746356e-05,1.5930064713785366,6208,1552,37.10661792755127,0.2852351665496826
