Model,R2,MAE,RMSE,MAPE_percent,n_train,n_test,fit_time_sec,predict_time_sec
cat,0.9149025978097526,0.10122507426194904,0.05049084358659432,7.38904671228591,792,7133,3.7423272132873535,0.008092641830444336
