Model,R2,MAE,RMSE,MAPE_percent,n_train,n_test,fit_time_sec,predict_time_sec
cat,0.9034306496680385,0.01565996579560997,0.007807104344318343,7.434139765757843,4072,6109,4.664111852645874,0.006625175476074219
