Model,R2,MAE,RMSE,MAPE_percent,n_train,n_test,fit_time_sec,predict_time_sec
cat,0.989043144459513,0.01361163415007655,0.000777674084070688,7.360126140220488,8145,2036,3.757477283477783,0.0026984214782714844
