Model,R2,MAE,RMSE,MAPE_percent,n_train,n_test,fit_time_sec,predict_time_sec
cat,0.9890027084428047,0.004506963569953127,3.7148680575577954e-05,6.727933768298016,7127,3054,4.874776601791382,0.0038275718688964844
