Model,R2,MAE,RMSE,MAPE_percent,n_train,n_test,fit_time_sec,predict_time_sec
rf,0.9510894657321508,0.015167710000567013,0.004096019846552241,3.305695844493651,6208,1552,47.012834310531616,0.29284191131591797
