Model,R2,MAE,RMSE,MAPE_percent,n_train,n_test,fit_time_sec,predict_time_sec
cat,0.9956901787056499,0.0005227641162209632,5.806857156779091e-07,3.897988528859908,8151,2038,3.512827157974243,0.002603769302368164
