Model,R2,MAE,RMSE,MAPE_percent,n_train,n_test,fit_time_sec,predict_time_sec
cat,0.989089548820799,0.0005504306315770797,3.643324959910654e-06,3.710545822232149,8145,2036,3.6100001335144043,0.0027284622192382812
