Model,R2,MAE,RMSE,MAPE_percent,n_train,n_test,fit_time_sec,predict_time_sec
cat,0.9297840534778508,0.005331038555193741,0.000714404653309538,7.34435486289537,4581,5600,4.787945032119751,0.006036281585693359
