Model,R2,MAE,RMSE,MAPE_percent,n_train,n_test,fit_time_sec,predict_time_sec
gbm,0.9301995097544865,0.021373678832390584,0.008106471258640377,181997603.29763514,2829,8487,6.851482152938843,0.05679178237915039
