Model,R2,MAE,RMSE,MAPE_percent,n_train,n_test,fit_time_sec,predict_time_sec
gbm,0.9553844224434012,0.017203593742112208,0.005803491749328435,213126877.06336108,9053,2263,23.108532190322876,0.017344236373901367
