Model,R2,MAE,RMSE,MAPE_percent,n_train,n_test,fit_time_sec,predict_time_sec
cat,0.9190586643383661,0.001504002217061589,2.983248162478871e-05,12.672611540753662,3054,7127,4.066671133041382,0.009864568710327148
