Model,R2,MAE,RMSE,MAPE_percent,n_train,n_test,fit_time_sec,predict_time_sec
gbm,0.9966663732507414,0.00040750350450438714,3.411622018691359e-07,3.34102061849158,8145,2036,20.340276956558228,0.013924598693847656
