Model,R2,MAE,RMSE,MAPE_percent,n_train,n_test,fit_time_sec,predict_time_sec
gbm,0.9867641408639702,0.0009354954155367312,1.9357747303395414e-06,7.111116021961342,8151,2038,19.971312999725342,0.014121532440185547
