Model,R2,MAE,RMSE,MAPE_percent,n_train,n_test,fit_time_sec,predict_time_sec
cat,0.9727041221443342,0.0012479669693770622,1.0362259736890924e-05,7.800821271914231,4581,5600,3.3003387451171875,0.006442546844482422
