Model,R2,MAE,RMSE,MAPE_percent,n_train,n_test,fit_time_sec,predict_time_sec
cat,0.281717335761421,0.43162539949397744,0.4282650893403168,40.284094665992,396,7529,3.22225284576416,0.0072286128997802734
