Model,R2,MAE,RMSE,MAPE_percent,n_train,n_test,fit_time_sec,predict_time_sec
rf,0.9633047513146265,0.00364843667845592,0.00041688743051262724,4.015981426088256,8145,2036,97.07096409797668,0.7891225814819336
