Model,R2,MAE,RMSE,MAPE_percent,n_train,n_test,fit_time_sec,predict_time_sec
gbm,-1.9266847290714932,0.012866874236779482,0.05784343954815932,5.209225789979849,8151,2038,20.749271869659424,0.014473915100097656
