Model,R2,MAE,RMSE,MAPE_percent,n_train,n_test,fit_time_sec,predict_time_sec
gbm,0.9747596012021308,0.013942063510024647,0.001809369551565521,7.343583783260997,8145,2036,19.674004793167114,0.015069961547851562
