Model,R2,MAE,RMSE,MAPE_percent,n_train,n_test,fit_time_sec,predict_time_sec
gbm,0.8942601996069836,0.27333229919408675,0.13107689528617666,10.689478105291688,6208,1552,15.611310958862305,0.01168370246887207
