Model,R2,MAE,RMSE,MAPE_percent,n_train,n_test,fit_time_sec,predict_time_sec
rf,0.9763505911474415,0.001016120559639156,1.9178981661465035e-06,6.436002040910268,8145,2036,51.27435064315796,0.3707702159881592
