Model,R2,MAE,RMSE,MAPE_percent,n_train,n_test,fit_time_sec,predict_time_sec
cat,0.30611613959037187,0.14336487829588204,0.07081978744022446,54.652151680119196,5151,2774,4.446018218994141,0.004593372344970703
