Model,R2,MAE,RMSE,MAPE_percent,n_train,n_test,fit_time_sec,predict_time_sec
cat,0.9937586494532399,0.0005803356429317153,6.479355481259449e-07,4.875279889987962,8145,2036,3.636939525604248,0.0026826858520507812
