Model,R2,MAE,RMSE,MAPE_percent,n_train,n_test,fit_time_sec,predict_time_sec
cat,0.9739127912789634,0.0546767143106603,0.006842368512405219,4.268673727547828,5684,1421,3.8878166675567627,0.002055644989013672
