Model,R2,MAE,RMSE,MAPE_percent,n_train,n_test,fit_time_sec,predict_time_sec
cat,0.9120254690071884,0.017878164451908797,0.0067330361544170846,8.409964207222057,1018,9163,3.9308955669403076,0.008945226669311523
