Model,R2,MAE,RMSE,MAPE_percent,n_train,n_test,fit_time_sec,predict_time_sec
rf,0.9868980662788936,0.011104678373869177,0.0003271121037024358,3.056018159698971,7355,3961,44.15554165840149,0.5139551162719727
