Model,R2,MAE,RMSE,MAPE_percent,n_train,n_test,fit_time_sec,predict_time_sec
cat,0.9544544097815751,0.1114356004973224,0.029529556644770364,5.800578045066388,6206,1552,3.3647804260253906,0.0023081302642822266
