Model,R2,MAE,RMSE,MAPE_percent,n_train,n_test,fit_time_sec,predict_time_sec
rf,0.9889867297983619,0.017537888676104403,0.0007186412909786279,10.318855463869658,8145,2036,89.52737140655518,0.47813868522644043
