Model,R2,MAE,RMSE,MAPE_percent,n_train,n_test,fit_time_sec,predict_time_sec
gbm,0.8500721806959857,0.1606550587201213,0.05547640712093321,19.668530291858193,6208,1552,14.87808609008789,0.012516021728515625
