Model,R2,MAE,RMSE,MAPE_percent,n_train,n_test,fit_time_sec,predict_time_sec
cat,0.9646762184558914,0.17123434983310004,0.06999529797424665,6.009474599555765,6340,1585,4.8596107959747314,0.0030667781829833984
