Model,R2,MAE,RMSE,MAPE_percent,n_train,n_test,fit_time_sec,predict_time_sec
cat,0.30940408474763614,0.34803014182046516,0.3095040203467314,37.180437007540505,2104,4911,3.970043182373047,0.005691051483154297
