Model,R2,MAE,RMSE,MAPE_percent,n_train,n_test,fit_time_sec,predict_time_sec
gbm,0.960744646091077,0.08017560024882445,0.01937633946083269,5.86497413025751,9053,2263,22.74375081062317,0.017376422882080078
