Model,R2,MAE,RMSE,MAPE_percent,n_train,n_test,fit_time_sec,predict_time_sec
rf,0.9587153196261162,0.07093826279728074,0.017587375530997127,5.201008207414858,9053,2263,54.274115800857544,0.43308138847351074
