Model,R2,MAE,RMSE,MAPE_percent,n_train,n_test,fit_time_sec,predict_time_sec
gbm,0.9800260993946085,0.00855446230292475,0.0004088564009011638,3.114047154150196,1552,6208,3.843036413192749,0.0379183292388916
