Model,R2,MAE,RMSE,MAPE_percent,n_train,n_test,fit_time_sec,predict_time_sec
gbm,0.9985590214375399,0.002161916145433543,1.0858598887855376e-05,2.954538797458592,8145,2036,35.7555730342865,0.015096187591552734
