Model,R2,MAE,RMSE,MAPE_percent,n_train,n_test,fit_time_sec,predict_time_sec
cat,0.926435565251073,0.05601440186024473,0.024498245053652362,5.298061667519326,6208,1552,3.8065755367279053,0.0037622451782226562
