Model,R2,MAE,RMSE,MAPE_percent,n_train,n_test,fit_time_sec,predict_time_sec
gbm,0.9971274628171157,0.000490230352096896,4.7111000762681546e-07,3.098520056155314,8145,2036,20.416436910629272,0.013141393661499023
