Model,R2,MAE,RMSE,MAPE_percent,n_train,n_test,fit_time_sec,predict_time_sec
cat,0.9597681700620211,0.17557539299731573,0.06702185872373803,5.82306030829159,5548,2377,4.736037015914917,0.0035202503204345703
