Model,R2,MAE,RMSE,MAPE_percent,n_train,n_test,fit_time_sec,predict_time_sec
rf,0.981723480909303,0.001080322139159072,7.425329072986401e-06,7.125792471048978,8145,2036,51.592071294784546,0.41539478302001953
