Model,R2,MAE,RMSE,MAPE_percent,n_train,n_test,fit_time_sec,predict_time_sec
cat,0.945928554078971,0.08597593150476839,0.03173508455357884,5.941710019308151,2378,5547,4.369929552078247,0.006218671798706055
