Model,R2,MAE,RMSE,MAPE_percent,n_train,n_test,fit_time_sec,predict_time_sec
cat,0.7575298287094803,0.1104176217068294,0.11888773586649336,9.400859003367092,351,6664,3.5272605419158936,0.0070836544036865234
