Model,R2,MAE,RMSE,MAPE_percent,n_train,n_test,fit_time_sec,predict_time_sec
cat,0.7093793915412692,0.014521051984221094,0.04070577496910174,4.97655055702982,8151,2038,3.5547096729278564,0.0025472640991210938
