Model,R2,MAE,RMSE,MAPE_percent,n_train,n_test,fit_time_sec,predict_time_sec
rf,0.9913051314846107,0.0009859879336366012,1.8937852635728232e-06,7.489072359402174,1527,8654,7.929094076156616,0.6524810791015625
