Model,R2,MAE,RMSE,MAPE_percent,n_train,n_test,fit_time_sec,predict_time_sec
cat,0.9932573834255,0.00042852423299467526,2.0857954500841064e-06,2.8469446626644936,8145,2036,3.6611437797546387,0.0025653839111328125
