Model,R2,MAE,RMSE,MAPE_percent,n_train,n_test,fit_time_sec,predict_time_sec
rf,0.9979114959669456,0.002507948676595925,1.8707296067372992e-05,3.17130190651249,8145,2036,52.428661584854126,0.4121897220611572
