Model,R2,MAE,RMSE,MAPE_percent,n_train,n_test,fit_time_sec,predict_time_sec
cat,0.9437789227060491,0.09892196725161934,0.031216513906788368,937513285.6272297,1132,10184,4.139399766921997,0.013981342315673828
