Model,R2,MAE,RMSE,MAPE_percent,n_train,n_test,fit_time_sec,predict_time_sec
cat,0.3179835106489801,0.32463163372016535,0.3942243053410354,33.4891423381794,2132,4973,5.287080526351929,0.00664067268371582
