Model,R2,MAE,RMSE,MAPE_percent,n_train,n_test,fit_time_sec,predict_time_sec
rf,0.9955256992721944,0.006358361009141012,0.0001506804971914069,1.6328155781393165,9053,2263,57.04473567008972,0.4739236831665039
