Model,R2,MAE,RMSE,MAPE_percent,n_train,n_test,fit_time_sec,predict_time_sec
cat,0.9583593146175925,0.1894539023701793,0.08413898384584527,6.4303173312514,3962,3963,4.493513107299805,0.005397319793701172
