Model,R2,MAE,RMSE,MAPE_percent,n_train,n_test,fit_time_sec,predict_time_sec
cat,0.9843435583834089,0.01995972089840997,0.0011827318842407893,11.825042350116208,8145,2036,3.2478063106536865,0.002554178237915039
