Model,R2,MAE,RMSE,MAPE_percent,n_train,n_test,fit_time_sec,predict_time_sec
gbm,0.9776190939952115,0.0008277603388141992,1.2372804387427668e-06,6.932296071201244,8145,2036,19.944434642791748,0.013674736022949219
