Model,R2,MAE,RMSE,MAPE_percent,n_train,n_test,fit_time_sec,predict_time_sec
cat,0.9679060719917313,0.02712280831670606,0.006833962997055567,4.25272019351795,6206,1552,8.462419033050537,0.01254892349243164
