Model,R2,MAE,RMSE,MAPE_percent,n_train,n_test,fit_time_sec,predict_time_sec
gbm,0.1376262609980804,0.009532871844692427,0.06366692684682466,2.585377814785249,8151,2038,20.513408184051514,0.016471385955810547
