Model,R2,MAE,RMSE,MAPE_percent,n_train,n_test,fit_time_sec,predict_time_sec
cat,0.8716171212510989,0.0016379928354245564,5.55649742770254e-05,9.695618638625627,509,9672,2.89530348777771,0.011831521987915039
