Model,R2,MAE,RMSE,MAPE_percent,n_train,n_test,fit_time_sec,predict_time_sec
gbm,0.9990560392548749,0.003431162876251525,2.8108501008387486e-05,1.465244285524413,8145,2036,20.612046241760254,0.014090776443481445
