Model,R2,MAE,RMSE,MAPE_percent,n_train,n_test,fit_time_sec,predict_time_sec
cat,0.8647192566817812,0.0012399376903034559,7.507411981395214e-05,7.1101599723848095,8145,2036,3.722958564758301,0.0027925968170166016
