Model,R2,MAE,RMSE,MAPE_percent,n_train,n_test,fit_time_sec,predict_time_sec
rf,0.9469294550389954,0.0004389268791276642,1.9317386303957818e-05,2.3235890564933586,8151,2038,55.56942844390869,0.38442039489746094
