Model,R2,MAE,RMSE,MAPE_percent,n_train,n_test,fit_time_sec,predict_time_sec
gbm,0.9750504911859175,0.01864074090514862,0.001790489247145084,11.478041577697894,8145,2036,39.762627840042114,0.0285642147064209
