Model,R2,MAE,RMSE,MAPE_percent,n_train,n_test,fit_time_sec,predict_time_sec
gbm,0.9815985513021466,0.0009495094426776212,1.5858421363692893e-06,7.022115662549822,6618,3563,15.943390846252441,0.023408174514770508
