Model,R2,MAE,RMSE,MAPE_percent,n_train,n_test,fit_time_sec,predict_time_sec
cat,0.9341527842381977,0.20837832013341406,0.1159957333101842,7.032112447545331,1585,6340,4.217954397201538,0.010224580764770508
