Model,R2,MAE,RMSE,MAPE_percent,n_train,n_test,fit_time_sec,predict_time_sec
cat,0.99467459681585,0.0028837597019091554,1.6730428887963407e-05,4.153341921362305,8145,2036,3.75494122505188,0.002744913101196289
