Model,R2,MAE,RMSE,MAPE_percent,n_train,n_test,fit_time_sec,predict_time_sec
cat,0.9313167429408077,0.13634704177120838,0.06394557395666889,7.720947676656308,6206,1552,3.651475191116333,0.002432584762573242
