Model,R2,MAE,RMSE,MAPE_percent,n_train,n_test,fit_time_sec,predict_time_sec
gbm,-0.1384940357616884,0.0012022039491237908,0.00018548712849640405,8.121660099486743,8151,2038,20.535611629486084,0.013261556625366211
