Model,R2,MAE,RMSE,MAPE_percent,n_train,n_test,fit_time_sec,predict_time_sec
rf,0.9475054119457624,0.26632664747511314,0.1596470991293217,6.940166350990309,6206,1552,55.222800970077515,0.29338693618774414
