Model,R2,MAE,RMSE,MAPE_percent,n_train,n_test,fit_time_sec,predict_time_sec
gbm,0.371660182014782,0.008475393944410927,0.008823102408462175,9.026033915890178,8151,2038,19.844075202941895,0.014275789260864258
