Model,R2,MAE,RMSE,MAPE_percent,n_train,n_test,fit_time_sec,predict_time_sec
cat,0.8162416579147074,0.04165273148289421,0.021242429904267685,6.408933609377648,6206,1552,3.5987932682037354,0.0024623870849609375
