Model,R2,MAE,RMSE,MAPE_percent,n_train,n_test,fit_time_sec,predict_time_sec
rf,0.8076745138443386,0.28455858956385116,0.24312838864793768,10.528327668203508,6214,1554,38.37821650505066,0.2767486572265625
