Model,R2,MAE,RMSE,MAPE_percent,n_train,n_test,fit_time_sec,predict_time_sec
rf,0.9876085372382201,0.0011129928475478675,2.3853326899523303e-06,7.3225817841144565,3054,7127,16.951270818710327,0.674609899520874
