Model,R2,MAE,RMSE,MAPE_percent,n_train,n_test,fit_time_sec,predict_time_sec
cat,0.7263528310496807,0.05707285607484949,0.10913941788638097,5.484037697995663,4851,3969,4.973189353942871,0.006386756896972656
