Model,R2,MAE,RMSE,MAPE_percent,n_train,n_test,fit_time_sec,predict_time_sec
rf,0.9414000929590164,0.051876813712731985,0.020291912590190024,4.077486869544315,6208,1552,36.23957180976868,0.2927408218383789
