Model,R2,MAE,RMSE,MAPE_percent,n_train,n_test,fit_time_sec,predict_time_sec
cat,0.9926695024825679,0.0008606115227853204,1.7943960358572997e-06,7.784305324531528,6618,3563,3.4055936336517334,0.004049777984619141
