Model,R2,MAE,RMSE,MAPE_percent,n_train,n_test,fit_time_sec,predict_time_sec
gbm,0.9465491478530708,0.001593346231120591,2.2907941600217945e-05,12.099394435190277,8145,2036,19.532219886779785,0.01547098159790039
