Model,R2,MAE,RMSE,MAPE_percent,n_train,n_test,fit_time_sec,predict_time_sec
rf,0.9680480076643768,0.04220448543053392,0.005831175310424931,3.788182384834224,6208,1552,35.89754271507263,0.2864353656768799
