Model,R2,MAE,RMSE,MAPE_percent,n_train,n_test,fit_time_sec,predict_time_sec
gbm,0.9882274931873682,0.011943686574110943,0.0002567554456717087,7.105099312755332,8145,2036,19.775695085525513,0.014538288116455078
