Model,R2,MAE,RMSE,MAPE_percent,n_train,n_test,fit_time_sec,predict_time_sec
cat,0.31966105813476686,0.1418742079810414,0.07523795193405725,52.71606507278711,4755,3170,4.264883041381836,0.004446268081665039
