Model,R2,MAE,RMSE,MAPE_percent,n_train,n_test,fit_time_sec,predict_time_sec
rf,0.9769242168648796,0.0008132753878743263,1.2082451431958665e-06,6.760460005143362,8145,2036,53.0722074508667,0.3687760829925537
