Model,R2,MAE,RMSE,MAPE_percent,n_train,n_test,fit_time_sec,predict_time_sec
cat,0.3508869603855599,0.14969224167421658,0.08443513176546853,6552152273.8174095,9053,2263,3.2889206409454346,0.0028095245361328125
