Model,R2,MAE,RMSE,MAPE_percent,n_train,n_test,fit_time_sec,predict_time_sec
cat,0.9870634125304287,0.005032957590126771,4.9727718012761945e-05,7.4812547660707605,8151,2038,3.7754249572753906,0.0027112960815429688
