Model,R2,MAE,RMSE,MAPE_percent,n_train,n_test,fit_time_sec,predict_time_sec
gbm,0.9739802885363671,0.0029590889867813744,0.00018505392735473415,4.416422667041766,8145,2036,20.342836618423462,0.014183282852172852
