Model,R2,MAE,RMSE,MAPE_percent,n_train,n_test,fit_time_sec,predict_time_sec
gbm,0.13796720372992677,0.010240797165534101,0.06364175588557469,3.630289664899383,8151,2038,20.403857946395874,0.014072895050048828
