Model,R2,MAE,RMSE,MAPE_percent,n_train,n_test,fit_time_sec,predict_time_sec
rf,0.962263138394324,0.17245790217772464,0.06780982634130264,6.877684186557816,9053,2263,55.120715618133545,0.43234682083129883
