Model,R2,MAE,RMSE,MAPE_percent,n_train,n_test,fit_time_sec,predict_time_sec
gbm,0.8970113093002448,0.0011394318533954656,3.2175416866631244e-05,8.639926950860573,1018,9163,2.4324867725372314,0.06111574172973633
