Model,R2,MAE,RMSE,MAPE_percent,n_train,n_test,fit_time_sec,predict_time_sec
rf,0.9697925240322605,0.015144001506481953,0.003057239902047664,1638321.1561708597,9059,2265,56.44192337989807,0.43561315536499023
