Model,R2,MAE,RMSE,MAPE_percent,n_train,n_test,fit_time_sec,predict_time_sec
cat,0.8584319499974252,0.0011003127816682197,6.568073156900166e-05,7.348524085396795,8145,2036,4.181131839752197,0.003599882125854492
