Model,R2,MAE,RMSE,MAPE_percent,n_train,n_test,fit_time_sec,predict_time_sec
cat,0.9867429651289636,0.014404030939059384,0.00040082248558498835,7.412536743124881,3563,6618,4.196476459503174,0.0069887638092041016
