Model,R2,MAE,RMSE,MAPE_percent,n_train,n_test,fit_time_sec,predict_time_sec
cat,0.9896154225763147,0.0009785154900407178,2.1092072896658278e-06,7.42612901857323,4072,6109,4.679737567901611,0.006238222122192383
