Model,R2,MAE,RMSE,MAPE_percent,n_train,n_test,fit_time_sec,predict_time_sec
cat,0.9584782220362537,0.08780530055538047,0.01967140464151026,505674063.74695826,2263,9053,4.238114356994629,0.011448860168457031
