Model,R2,MAE,RMSE,MAPE_percent,n_train,n_test,fit_time_sec,predict_time_sec
cat,0.9874558535020529,0.005309810680495278,0.00012091715962840599,7.279015704134608,8145,2036,3.7063443660736084,0.006201267242431641
