Model,R2,MAE,RMSE,MAPE_percent,n_train,n_test,fit_time_sec,predict_time_sec
gbm,0.9682221407541087,0.07008851011709616,0.012898390504939707,5.406058505762677,9053,2263,23.00030207633972,0.01721024513244629
