Model,R2,MAE,RMSE,MAPE_percent,n_train,n_test,fit_time_sec,predict_time_sec
cat,0.9817640645299425,0.01781198429340427,0.0010204692437793185,12.387714479534306,8145,2036,3.4429447650909424,0.0026416778564453125
