Model,R2,MAE,RMSE,MAPE_percent,n_train,n_test,fit_time_sec,predict_time_sec
rf,0.9842788464576677,0.0010776971948640813,2.2547654416598945e-06,6.935743686671541,4581,5600,26.766034364700317,0.5986583232879639
