Model,R2,MAE,RMSE,MAPE_percent,n_train,n_test,fit_time_sec,predict_time_sec
rf,0.12342433706905354,0.0028304326191863696,0.0022969443206568418,11.46890827788369,8151,2038,55.9159038066864,0.3994760513305664
