Model,R2,MAE,RMSE,MAPE_percent,n_train,n_test,fit_time_sec,predict_time_sec
gbm,0.8850088809316634,0.09836383908840156,0.025423332815179615,8.848722257539778,6208,1552,15.382889032363892,0.011329889297485352
