Model,R2,MAE,RMSE,MAPE_percent,n_train,n_test,fit_time_sec,predict_time_sec
rf,0.9935990372087861,0.01101629726678602,0.0004022538335784102,1.8014636188106818,6206,1552,38.179818630218506,0.3148806095123291
