Model,R2,MAE,RMSE,MAPE_percent,n_train,n_test,fit_time_sec,predict_time_sec
rf,0.7795161613331458,0.47983240289418483,0.5163427574208451,182233540.4715895,9053,2263,56.829591035842896,0.4592595100402832
