Model,R2,MAE,RMSE,MAPE_percent,n_train,n_test,fit_time_sec,predict_time_sec
gbm,0.8342640961989715,0.31703025392270334,0.26888512397066877,12.496735392940465,6214,1554,15.375288963317871,0.012177705764770508
