Model,R2,MAE,RMSE,MAPE_percent,n_train,n_test,fit_time_sec,predict_time_sec
cat,0.8983911646029883,0.0074223553299323135,0.0009176213724715789,13.113798265999174,2545,7636,3.952890396118164,0.007923603057861328
