Model,R2,MAE,RMSE,MAPE_percent,n_train,n_test,fit_time_sec,predict_time_sec
gbm,0.7716889285133053,0.5169869173621019,0.5215309783539229,311.77791453867036,9053,2263,21.152700424194336,0.016220569610595703
