Model,R2,MAE,RMSE,MAPE_percent,n_train,n_test,fit_time_sec,predict_time_sec
cat,0.30188774462668033,0.43519581062563745,0.40818337572924007,41.66666006938861,396,7529,3.1208853721618652,0.008254766464233398
