Model,R2,MAE,RMSE,MAPE_percent,n_train,n_test,fit_time_sec,predict_time_sec
gbm,0.9862429772531718,0.010887325735456806,0.00031683669704695697,3.047407986890668,7921,3395,19.79603600502014,0.021512985229492188
