Model,R2,MAE,RMSE,MAPE_percent,n_train,n_test,fit_time_sec,predict_time_sec
rf,0.9910392549711715,0.0008852354069985799,1.511428267592394e-06,7.693348453470078,2036,8145,10.725144863128662,0.6739766597747803
