Model,R2,MAE,RMSE,MAPE_percent,n_train,n_test,fit_time_sec,predict_time_sec
cat,0.9875695986065874,0.0011164781156952682,2.3468399804611026e-06,7.401322352118342,3054,7127,3.2198145389556885,0.008957624435424805
