Model,R2,MAE,RMSE,MAPE_percent,n_train,n_test,fit_time_sec,predict_time_sec
gbm,0.9911824486263475,0.0006570356691739076,3.4507914103289563e-06,4.000292417472476,8145,2036,38.694151639938354,0.016177892684936523
