Model,R2,MAE,RMSE,MAPE_percent,n_train,n_test,fit_time_sec,predict_time_sec
rf,0.9706077525220834,0.0009555537778140182,9.935734224879438e-06,7.205597559909149,8145,2036,51.08397960662842,0.40105772018432617
