Model,R2,MAE,RMSE,MAPE_percent,n_train,n_test,fit_time_sec,predict_time_sec
gbm,0.7826185352255276,0.20899397838552042,0.6653514350987632,466.9098282431332,9059,2265,22.837438344955444,0.0177304744720459
