Model,R2,MAE,RMSE,MAPE_percent,n_train,n_test,fit_time_sec,predict_time_sec
rf,0.9532518180073939,0.24770288081806863,0.1421710679390065,6.515512465646338,6206,1552,36.532429933547974,0.27765679359436035
