Model,R2,MAE,RMSE,MAPE_percent,n_train,n_test,fit_time_sec,predict_time_sec
gbm,0.9228928943831387,0.33641656797651526,0.21031006787222892,8.939415474384305,6206,1552,14.884507179260254,0.012381792068481445
