Model,R2,MAE,RMSE,MAPE_percent,n_train,n_test,fit_time_sec,predict_time_sec
gbm,0.9722837497052068,0.007211130274074236,9.755427084200828e-05,10.282417284288956,8145,2036,19.433846473693848,0.014988899230957031
