Model,R2,MAE,RMSE,MAPE_percent,n_train,n_test,fit_time_sec,predict_time_sec
cat,0.9322270675664732,0.14238805834304272,0.07354705270433073,7.323237083345532,6206,1552,3.696763753890991,0.002471923828125
