Model,R2,MAE,RMSE,MAPE_percent,n_train,n_test,fit_time_sec,predict_time_sec
cat,0.9883925846393691,0.012109407301807661,0.0002612573032846201,7.225583951325574,8145,2036,3.531036376953125,0.002683401107788086
