Model,R2,MAE,RMSE,MAPE_percent,n_train,n_test,fit_time_sec,predict_time_sec
rf,0.0542293677740433,0.24964896415576177,0.2600979754297233,37.729648349368595,7056,1764,48.809284925460815,0.37203335762023926
