Model,R2,MAE,RMSE,MAPE_percent,n_train,n_test,fit_time_sec,predict_time_sec
gbm,0.9696293018720149,0.013154350535453345,0.001858835981444488,7.758860524635773,8145,2036,19.948593139648438,0.014952898025512695
