Model,R2,MAE,RMSE,MAPE_percent,n_train,n_test,fit_time_sec,predict_time_sec
cat,0.05409797738185573,0.037570384111840355,0.5761993876869255,7.164616373370943,8151,2038,3.5575506687164307,0.0025682449340820312
