Model,R2,MAE,RMSE,MAPE_percent,n_train,n_test,fit_time_sec,predict_time_sec
cat,0.978087546918428,0.006858920869226529,0.00018248971193350977,13.038286440141786,7636,2545,4.370407581329346,0.003622293472290039
