Model,R2,MAE,RMSE,MAPE_percent,n_train,n_test,fit_time_sec,predict_time_sec
cat,0.1984450461969296,0.3823724222611713,0.37879756449771673,40.67028583648975,702,6313,3.373436450958252,0.006983280181884766
