Model,R2,MAE,RMSE,MAPE_percent,n_train,n_test,fit_time_sec,predict_time_sec
cat,0.3080328070879311,0.3277260955511852,0.38343033209673155,30.846333132330827,5612,1403,3.2105464935302734,0.0023043155670166016
