Model,R2,MAE,RMSE,MAPE_percent,n_train,n_test,fit_time_sec,predict_time_sec
gbm,0.9555938252744695,0.001695793221004223,0.00039011471544282483,1.5561151677337253,8145,2036,20.56092619895935,0.014684677124023438
