Model,R2,MAE,RMSE,MAPE_percent,n_train,n_test,fit_time_sec,predict_time_sec
cat,0.9943893100280473,0.015396525853042723,0.0004490130907657376,7.236293026867384,8145,2036,5.1521148681640625,0.005352973937988281
