Model,R2,MAE,RMSE,MAPE_percent,n_train,n_test,fit_time_sec,predict_time_sec
rf,0.9473421844467893,0.26418987431749813,0.1780321248792572,7.177358572022335,6206,1552,68.2211377620697,0.5347330570220947
