Model,R2,MAE,RMSE,MAPE_percent,n_train,n_test,fit_time_sec,predict_time_sec
cat,0.9891151011708619,0.012937793296782926,0.00029553763227484474,6.6467527032851335,8145,2036,3.7118470668792725,0.002797365188598633
