Model,R2,MAE,RMSE,MAPE_percent,n_train,n_test,fit_time_sec,predict_time_sec
rf,0.49696234031705966,0.35654325521303964,0.36570150143147245,1491690569.6513581,9059,2265,60.842103242874146,0.48856210708618164
