Model,R2,MAE,RMSE,MAPE_percent,n_train,n_test,fit_time_sec,predict_time_sec
rf,0.9454954325948184,0.011857849658778752,0.0030481078201692767,3.2760334707009067,3104,4656,17.4243643283844,0.47146034240722656
