Model,R2,MAE,RMSE,MAPE_percent,n_train,n_test,fit_time_sec,predict_time_sec
cat,0.9510348357675346,0.08445330451175162,0.030360804113932206,1005582516.2808653,9059,2265,3.5323870182037354,0.0028841495513916016
