Model,R2,MAE,RMSE,MAPE_percent,n_train,n_test,fit_time_sec,predict_time_sec
cat,0.9501007035927007,0.020104840643810955,0.0061712394655859945,4.055315115577689,6340,1585,4.671635150909424,0.0031042098999023438
