Model,R2,MAE,RMSE,MAPE_percent,n_train,n_test,fit_time_sec,predict_time_sec
cat,0.9964458645815988,0.0004841512266409142,5.349431603861802e-07,3.200817470075026,8145,2036,3.6205551624298096,0.0027017593383789062
