Model,R2,MAE,RMSE,MAPE_percent,n_train,n_test,fit_time_sec,predict_time_sec
gbm,0.9476896214955768,0.2700340184136069,0.1627283806827477,7.073971616687208,6206,1552,15.424503087997437,0.013077259063720703
