Model,R2,MAE,RMSE,MAPE_percent,n_train,n_test,fit_time_sec,predict_time_sec
gbm,0.8045315859345158,0.0004368929351452032,2.058733746846634e-05,2.624964963760931,8151,2038,20.679142713546753,0.012161016464233398
