Model,R2,MAE,RMSE,MAPE_percent,n_train,n_test,fit_time_sec,predict_time_sec
gbm,0.9533065897924479,0.03190894062323238,0.010142801860176718,4.155081901528672,2715,5043,6.7977399826049805,0.03335762023925781
