Model,R2,MAE,RMSE,MAPE_percent,n_train,n_test,fit_time_sec,predict_time_sec
cat,0.9865547399988,0.012694018223251495,0.0003697592962759791,3.8761822254888645,6224,5092,3.49467396736145,0.0058171749114990234
