Model,R2,MAE,RMSE,MAPE_percent,n_train,n_test,fit_time_sec,predict_time_sec
gbm,0.9145938941107435,0.1427622861936995,0.08606531990853626,6.953429968890081,6206,1552,15.390896558761597,0.012521743774414062
