Model,R2,MAE,RMSE,MAPE_percent,n_train,n_test,fit_time_sec,predict_time_sec
cat,0.8557279143241872,0.010944659883855156,0.012256760597367947,4.803462999362427,8145,2036,6.727247714996338,0.004731655120849609
