Model,R2,MAE,RMSE,MAPE_percent,n_train,n_test,fit_time_sec,predict_time_sec
cat,0.9516463145513001,0.11513791217234876,0.032147806034448306,5.875539332345861,6206,1552,3.53684401512146,0.0022897720336914062
