Model,R2,MAE,RMSE,MAPE_percent,n_train,n_test,fit_time_sec,predict_time_sec
cat,0.9560986517206931,0.02995720369977193,0.009484323141858009,4.585787355800706,4267,3491,3.540337562561035,0.004380226135253906
