Model,R2,MAE,RMSE,MAPE_percent,n_train,n_test,fit_time_sec,predict_time_sec
gbm,0.42440598633034043,0.31454789671583583,0.22763541677615665,37.135587452474105,6208,1552,13.680310249328613,0.012070178985595703
