Model,R2,MAE,RMSE,MAPE_percent,n_train,n_test,fit_time_sec,predict_time_sec
rf,0.989685601024697,0.00040155263160026244,4.881349619758231e-06,2.1009603639798797,8145,2036,51.70946550369263,0.4069945812225342
