Model,R2,MAE,RMSE,MAPE_percent,n_train,n_test,fit_time_sec,predict_time_sec
gbm,0.9992312999927452,0.00027494862604924804,2.0715401277431098e-07,2.125231378928569,8145,2036,21.84355092048645,0.01500844955444336
