Model,R2,MAE,RMSE,MAPE_percent,n_train,n_test,fit_time_sec,predict_time_sec
rf,0.9984932667747296,0.001537412264478753,4.6794862286733415e-06,2.16484630315769,8145,2036,50.094733238220215,0.3716886043548584
