Model,R2,MAE,RMSE,MAPE_percent,n_train,n_test,fit_time_sec,predict_time_sec
gbm,0.9170766456470615,0.0656951418485085,0.028052220060235257,5.490671760680719,6208,1552,15.816815853118896,0.011777400970458984
