Model,R2,MAE,RMSE,MAPE_percent,n_train,n_test,fit_time_sec,predict_time_sec
cat,0.9507082483525531,0.04821925948707707,0.015255575744682177,4.414447005739916,6208,1552,7.204160213470459,0.017761945724487305
