Model,R2,MAE,RMSE,MAPE_percent,n_train,n_test,fit_time_sec,predict_time_sec
cat,0.36538080468154743,0.3198509292067102,0.31446658655042126,31.871420957376994,5329,1776,5.180601119995117,0.003670930862426758
