Model,R2,MAE,RMSE,MAPE_percent,n_train,n_test,fit_time_sec,predict_time_sec
rf,0.9589322769024061,0.09585059418487579,0.025241831862408696,4.670835299018066,6206,1552,36.841702461242676,0.27985429763793945
