Model,R2,MAE,RMSE,MAPE_percent,n_train,n_test,fit_time_sec,predict_time_sec
rf,0.9384035474347132,0.2709487843737001,0.19638696869623393,7.20864234974082,6213,1553,37.066566944122314,0.2852210998535156
