Model,R2,MAE,RMSE,MAPE_percent,n_train,n_test,fit_time_sec,predict_time_sec
cat,0.3092222742611749,0.15027763570161404,0.08629192131465949,4143647644.611767,5092,6224,4.190735816955566,0.009489774703979492
