Model,R2,MAE,RMSE,MAPE_percent,n_train,n_test,fit_time_sec,predict_time_sec
gbm,0.9601032112991016,0.17969337765720503,0.06317043307113653,5.9379947548749605,6340,1585,15.913916110992432,0.013233423233032227
