Model,R2,MAE,RMSE,MAPE_percent,n_train,n_test,fit_time_sec,predict_time_sec
rf,0.9237742622153499,0.012733851305634087,0.00481180073493841,3.2833747490165988,5432,2328,33.368536710739136,0.34980154037475586
