Model,R2,MAE,RMSE,MAPE_percent,n_train,n_test,fit_time_sec,predict_time_sec
cat,0.2678744586759796,0.009181264897785138,0.010638162847273449,8.770711436266568,8151,2038,3.589686870574951,0.0026128292083740234
