Model,R2,MAE,RMSE,MAPE_percent,n_train,n_test,fit_time_sec,predict_time_sec
cat,0.9954407273853308,0.01131684452617168,0.000302727526504045,2.072031555390293,6206,1552,9.069280862808228,0.004212617874145508
