Model,R2,MAE,RMSE,MAPE_percent,n_train,n_test,fit_time_sec,predict_time_sec
gbm,0.9587722167521407,0.08321333931144306,0.02661968735726458,210128136.31035495,9053,2263,22.65729570388794,0.017782211303710938
