Model,R2,MAE,RMSE,MAPE_percent,n_train,n_test,fit_time_sec,predict_time_sec
gbm,0.9988064377480953,0.004913027778024011,9.317470404626625e-05,1.7804759253923557,8145,2036,23.10310959815979,0.014894723892211914
