Model,R2,MAE,RMSE,MAPE_percent,n_train,n_test,fit_time_sec,predict_time_sec
rf,0.9634992775459615,0.17680650577454018,0.08027049389150243,12.224526864011692,9053,2263,55.341047525405884,0.45318126678466797
