Model,R2,MAE,RMSE,MAPE_percent,n_train,n_test,fit_time_sec,predict_time_sec
cat,0.9927930389546822,0.009593038536625347,0.0005626069871084055,3.8185001425799463,8145,2036,7.309887409210205,0.0027704238891601562
