Model,R2,MAE,RMSE,MAPE_percent,n_train,n_test,fit_time_sec,predict_time_sec
cat,0.992671261625149,0.0009731246127922309,2.2898752785280033e-06,7.621494149587002,6109,4072,4.906182050704956,0.004656076431274414
