Model,R2,MAE,RMSE,MAPE_percent,n_train,n_test,fit_time_sec,predict_time_sec
gbm,0.995650847530739,0.0005328543044823652,5.179234244758947e-07,3.8080774023793666,8145,2036,20.359720468521118,0.014083147048950195
