Model,R2,MAE,RMSE,MAPE_percent,n_train,n_test,fit_time_sec,predict_time_sec
cat,0.6898979398995886,0.5550211304669403,0.6389920068758452,22.648994345207747,3170,4755,3.488823175430298,0.0051801204681396484
