Model,R2,MAE,RMSE,MAPE_percent,n_train,n_test,fit_time_sec,predict_time_sec
gbm,0.9931824141653273,0.0013559126446636355,4.6992487182745846e-05,1.7916513968543182,8145,2036,21.891464948654175,0.014727115631103516
