Model,R2,MAE,RMSE,MAPE_percent,n_train,n_test,fit_time_sec,predict_time_sec
gbm,0.9432686593463995,0.0011631414005944085,1.9046882232799372e-05,8.451180770828149,509,9672,1.258197546005249,0.06299781799316406
