Model,R2,MAE,RMSE,MAPE_percent,n_train,n_test,fit_time_sec,predict_time_sec
gbm,0.978036848776954,0.013687320119676728,0.000855714283306065,106704137.91375594,3395,7921,8.155647993087769,0.04726266860961914
