Model,R2,MAE,RMSE,MAPE_percent,n_train,n_test,fit_time_sec,predict_time_sec
cat,0.9361990532572686,0.06671856945652323,0.03187243379298377,4.99586156367848,5684,1421,3.7086799144744873,0.0023474693298339844
