Model,R2,MAE,RMSE,MAPE_percent,n_train,n_test,fit_time_sec,predict_time_sec
rf,0.39595567906265994,0.002090855470629057,0.00039631525382261956,12.354015733737176,8151,2038,53.1064977645874,0.4042539596557617
