Model,R2,MAE,RMSE,MAPE_percent,n_train,n_test,fit_time_sec,predict_time_sec
cat,0.9601378979813744,0.18576362676603567,0.07973081197990249,7.849010545732686,9059,2265,3.638228416442871,0.0029320716857910156
