Model,R2,MAE,RMSE,MAPE_percent,n_train,n_test,fit_time_sec,predict_time_sec
cat,0.9092480380933049,0.06607918943729989,0.039494427042682356,5.237309179305315,4263,2842,4.589686870574951,0.003755331039428711
