Model,R2,MAE,RMSE,MAPE_percent,n_train,n_test,fit_time_sec,predict_time_sec
rf,0.798560392272687,0.1100459222079957,0.08971367297116775,8.959036881316262,6214,1554,40.04780578613281,0.3115208148956299
