Model,R2,MAE,RMSE,MAPE_percent,n_train,n_test,fit_time_sec,predict_time_sec
cat,0.8864864967291903,0.007542675490216632,0.0012000354308762643,12.708904577445846,5600,4581,4.371761322021484,0.005543231964111328
