Model,R2,MAE,RMSE,MAPE_percent,n_train,n_test,fit_time_sec,predict_time_sec
gbm,-1.8528069809632375,0.03579759082313844,0.48188190185682944,6.424448262905806,8151,2038,20.314451694488525,0.013954401016235352
