Model,R2,MAE,RMSE,MAPE_percent,n_train,n_test,fit_time_sec,predict_time_sec
cat,0.8552038423522008,0.009236441173001441,0.0012900559646666177,14.370432362592622,509,9672,3.612079620361328,0.012061595916748047
