Model,R2,MAE,RMSE,MAPE_percent,n_train,n_test,fit_time_sec,predict_time_sec
rf,0.9985809664902092,0.00041627318111868726,4.3075727683200875e-07,2.9707355858225086,8145,2036,50.52942609786987,0.3876333236694336
