Model,R2,MAE,RMSE,MAPE_percent,n_train,n_test,fit_time_sec,predict_time_sec
cat,0.9863535409475845,0.0035417322683484872,0.00011303426368427251,5.02522441237235,8145,2036,3.8199236392974854,0.0028192996978759766
