Model,R2,MAE,RMSE,MAPE_percent,n_train,n_test,fit_time_sec,predict_time_sec
rf,0.9554603432952213,0.17073140901230283,0.10660820300252578,318477.3263985851,9053,2263,55.257895708084106,0.4388723373413086
