Model,R2,MAE,RMSE,MAPE_percent,n_train,n_test,fit_time_sec,predict_time_sec
rf,0.938719403184938,0.12423114420769561,0.056034043594651695,6.294576782409736,6206,1552,35.850282192230225,0.2850770950317383
