Model,R2,MAE,RMSE,MAPE_percent,n_train,n_test,fit_time_sec,predict_time_sec
cat,0.8067675641825931,0.04952736695735516,0.052478571406252186,5.532255131595129,5292,3528,4.41549015045166,0.0044612884521484375
