Model,R2,MAE,RMSE,MAPE_percent,n_train,n_test,fit_time_sec,predict_time_sec
cat,0.2728065221313615,0.14773523387173376,0.08045632529223565,54.574366299636935,3170,4755,4.193741798400879,0.005661964416503906
