Model,R2,MAE,RMSE,MAPE_percent,n_train,n_test,fit_time_sec,predict_time_sec
cat,0.9515471739575377,0.01707268989569442,0.0026826877082224234,4.80667482244254,1981,5944,4.318559408187866,0.0064029693603515625
