Model,R2,MAE,RMSE,MAPE_percent,n_train,n_test,fit_time_sec,predict_time_sec
rf,0.9984665584437029,0.006086610564964066,9.803482988439457e-05,2.8488026677603075,8145,2036,50.3126335144043,0.39150190353393555
