Model,R2,MAE,RMSE,MAPE_percent,n_train,n_test,fit_time_sec,predict_time_sec
cat,0.32912715867338915,0.008284725457676745,0.04367501514134298,5.0503512551451974,8151,2038,3.6720597743988037,0.0026319026947021484
