Model,R2,MAE,RMSE,MAPE_percent,n_train,n_test,fit_time_sec,predict_time_sec
gbm,0.9333121307324771,0.204387651643838,0.1361098871865781,8.30223745225536,9059,2265,22.916191816329956,0.017726421356201172
