Model,R2,MAE,RMSE,MAPE_percent,n_train,n_test,fit_time_sec,predict_time_sec
cat,0.9807158542527519,0.0010222810611740015,1.7680413195041374e-06,6.743166704989134,7127,3054,3.7430081367492676,0.0033795833587646484
