Model,R2,MAE,RMSE,MAPE_percent,n_train,n_test,fit_time_sec,predict_time_sec
rf,0.9281855043324845,0.14283083577175631,0.07793294916040633,7.04862058417795,6206,1552,35.94899249076843,0.2851715087890625
