Model,R2,MAE,RMSE,MAPE_percent,n_train,n_test,fit_time_sec,predict_time_sec
rf,0.9017931946471467,0.10633800366054126,0.03925261185458431,9.099823632702288,6208,1552,39.83636450767517,0.29279041290283203
