Model,R2,MAE,RMSE,MAPE_percent,n_train,n_test,fit_time_sec,predict_time_sec
rf,0.9123646198793303,0.06484210016059687,0.029299363574043367,5.209488465206067,6208,1552,36.14721393585205,0.2891576290130615
