Model,R2,MAE,RMSE,MAPE_percent,n_train,n_test,fit_time_sec,predict_time_sec
gbm,0.9904793682636002,0.005548865501098672,6.165632283308819e-05,11.973289011175886,8145,2036,18.2381751537323,0.015350341796875
