Model,R2,MAE,RMSE,MAPE_percent,n_train,n_test,fit_time_sec,predict_time_sec
cat,0.9938785649610337,0.0042342796482984285,3.928468259609253e-05,7.382623709121196,8145,2036,3.6755282878875732,0.0026781558990478516
