Model,R2,MAE,RMSE,MAPE_percent,n_train,n_test,fit_time_sec,predict_time_sec
cat,0.8925250988494177,0.02208705811327686,0.01177690919424742,4.630760144479771,5944,1981,5.594127655029297,0.003359079360961914
