Model,R2,MAE,RMSE,MAPE_percent,n_train,n_test,fit_time_sec,predict_time_sec
rf,0.9964954143209693,0.00609782812940165,7.884320279672637e-05,3.228456328388117,8145,2036,52.28619122505188,0.4163038730621338
