Model,R2,MAE,RMSE,MAPE_percent,n_train,n_test,fit_time_sec,predict_time_sec
cat,0.9325986804579556,0.017342790632341246,0.004539579188929259,8.722635846193738,1018,9163,4.04612135887146,0.010030984878540039
