Model,R2,MAE,RMSE,MAPE_percent,n_train,n_test,fit_time_sec,predict_time_sec
gbm,0.9741694947488645,0.023924463636022596,0.0022018796581108496,4.078460220993982,1940,5818,4.713185548782349,0.035169124603271484
