Model,R2,MAE,RMSE,MAPE_percent,n_train,n_test,fit_time_sec,predict_time_sec
cat,0.9834212996498768,0.0009205958177038779,1.5075025405671179e-06,6.850521066557841,6109,4072,4.768515586853027,0.005749940872192383
