Model,R2,MAE,RMSE,MAPE_percent,n_train,n_test,fit_time_sec,predict_time_sec
rf,0.9682970792291095,0.047536164853662195,0.005580255609827843,4.317600343434184,6208,1552,36.264376401901245,0.2787137031555176
