Model,R2,MAE,RMSE,MAPE_percent,n_train,n_test,fit_time_sec,predict_time_sec
cat,0.9430187815866472,0.12338773828949755,0.03915038476544434,6.3494565590699965,6213,1553,3.4822375774383545,0.0023140907287597656
