Model,R2,MAE,RMSE,MAPE_percent,n_train,n_test,fit_time_sec,predict_time_sec
gbm,0.9864325984152947,0.005537665539480491,0.0001570174155359426,7.0751325245929735,8145,2036,36.30622982978821,0.015953540802001953
