Model,R2,MAE,RMSE,MAPE_percent,n_train,n_test,fit_time_sec,predict_time_sec
rf,0.9210395100454566,0.1343225498931267,0.07956995295962095,6.408060240034915,6206,1552,35.954097032547,0.2822275161743164
