Model,R2,MAE,RMSE,MAPE_percent,n_train,n_test,fit_time_sec,predict_time_sec
gbm,0.8903876900659684,0.014961751312135323,0.007661210192211108,7.71755412759256,8145,2036,24.226428508758545,0.016465425491333008
