Model,R2,MAE,RMSE,MAPE_percent,n_train,n_test,fit_time_sec,predict_time_sec
cat,0.9227553650613489,0.0014679965008731412,2.853625571380406e-05,12.458706541019902,3563,6618,4.578536748886108,0.009801387786865234
