Model,R2,MAE,RMSE,MAPE_percent,n_train,n_test,fit_time_sec,predict_time_sec
cat,0.9378432973136572,0.005399911004383409,0.0005475845243394136,7.656932089469875,3054,7127,4.342003107070923,0.011301040649414062
