Model,R2,MAE,RMSE,MAPE_percent,n_train,n_test,fit_time_sec,predict_time_sec
cat,0.9486674712696264,0.14113027323842564,0.06861994472335224,6.0053155095766515,6208,1552,6.937955141067505,0.0020689964294433594
