Model,R2,MAE,RMSE,MAPE_percent,n_train,n_test,fit_time_sec,predict_time_sec
cat,0.9907261986996838,0.004676968294733673,4.638588865526585e-05,7.172169868234611,4072,6109,4.558048725128174,0.00632166862487793
