Model,R2,MAE,RMSE,MAPE_percent,n_train,n_test,fit_time_sec,predict_time_sec
rf,0.7153084191207393,0.10153434115751847,0.07606160073697131,8.152153629311922,6214,1554,40.02206230163574,0.3038949966430664
