Model,R2,MAE,RMSE,MAPE_percent,n_train,n_test,fit_time_sec,predict_time_sec
cat,0.7566379439843548,0.11195398710101533,0.11917725396747332,9.801407337126225,351,6664,3.514068603515625,0.007161855697631836
