Model,R2,MAE,RMSE,MAPE_percent,n_train,n_test,fit_time_sec,predict_time_sec
gbm,0.9537378288209171,0.020131981088149394,0.0037787520941570778,12.460067040546242,8145,2036,31.436057567596436,0.01552128791809082
