Model,R2,MAE,RMSE,MAPE_percent,n_train,n_test,fit_time_sec,predict_time_sec
gbm,0.9966793591247111,0.00042026876260116907,3.499695533269329e-07,3.3477651492161953,8145,2036,20.229783296585083,0.013889312744140625
