Model,R2,MAE,RMSE,MAPE_percent,n_train,n_test,fit_time_sec,predict_time_sec
gbm,0.9882474985708786,0.0008261488443968272,1.2627281759959816e-06,7.048447626785973,8145,2036,20.138601064682007,0.014887094497680664
