Model,R2,MAE,RMSE,MAPE_percent,n_train,n_test,fit_time_sec,predict_time_sec
rf,0.9951603088986836,0.004718147372454509,0.00013056616367426897,2.131588216008302,8151,2038,54.947272539138794,0.3854713439941406
