Model,R2,MAE,RMSE,MAPE_percent,n_train,n_test,fit_time_sec,predict_time_sec
gbm,0.9891994104741466,0.012925853961540728,0.00030006116404163814,6.654312472643838,8145,2036,19.820617198944092,0.015605688095092773
