Model,R2,MAE,RMSE,MAPE_percent,n_train,n_test,fit_time_sec,predict_time_sec
cat,0.8706342209947551,0.0025683058071592968,0.0012402661153250317,2.828727792455924,8145,2036,3.6711719036102295,0.013885736465454102
