Model,R2,MAE,RMSE,MAPE_percent,n_train,n_test,fit_time_sec,predict_time_sec
cat,0.9660469395374784,0.05197571692757715,0.006679713937876092,6.352545062070594,1764,7056,3.910252332687378,0.008459806442260742
