Model,R2,MAE,RMSE,MAPE_percent,n_train,n_test,fit_time_sec,predict_time_sec
cat,0.9317199848679457,0.0062381281325555515,0.0006330226788662759,8.445403874364544,1527,8654,4.169122219085693,0.009082555770874023
