Model,R2,MAE,RMSE,MAPE_percent,n_train,n_test,fit_time_sec,predict_time_sec
rf,0.9655263834968904,0.061084010418143354,0.012403835754599812,4.396624300882453,5684,1421,36.01710486412048,0.2704787254333496
