Model,R2,MAE,RMSE,MAPE_percent,n_train,n_test,fit_time_sec,predict_time_sec
rf,0.921643699314349,0.013000025348179725,0.00464460602010528,3.3642955265236925,3880,3880,22.382184267044067,0.43312644958496094
