Model,R2,MAE,RMSE,MAPE_percent,n_train,n_test,fit_time_sec,predict_time_sec
rf,0.9815964521189063,0.001476369668927964,6.793670185374088e-06,11.212988517283144,8145,2036,50.34280800819397,0.4043540954589844
