Model,R2,MAE,RMSE,MAPE_percent,n_train,n_test,fit_time_sec,predict_time_sec
gbm,0.9327552927774851,0.013171134017668628,0.003935318653846125,3.6879470645410244,1940,5820,4.731012344360352,0.03879809379577637
