Model,R2,MAE,RMSE,MAPE_percent,n_train,n_test,fit_time_sec,predict_time_sec
cat,0.9552196821287746,0.19801781692435128,0.0821106761220784,537852596.4843149,3961,7355,4.807754755020142,0.00959157943725586
