Model,R2,MAE,RMSE,MAPE_percent,n_train,n_test,fit_time_sec,predict_time_sec
gbm,0.9578358357644919,0.1941779004406357,0.09690270135169717,2130853461.7456105,9053,2263,22.749385833740234,0.017977476119995117
