Model,R2,MAE,RMSE,MAPE_percent,n_train,n_test,fit_time_sec,predict_time_sec
gbm,0.996756008247774,0.0047453282290484695,0.00018274074378618732,1.3593445109245068,6208,1552,15.38883662223816,0.012648582458496094
