Model,R2,MAE,RMSE,MAPE_percent,n_train,n_test,fit_time_sec,predict_time_sec
cat,0.9871736508965658,0.0009482168319431941,1.6231500978601417e-06,7.226065682273484,4072,6109,3.3484623432159424,0.005753517150878906
