Model,R2,MAE,RMSE,MAPE_percent,n_train,n_test,fit_time_sec,predict_time_sec
cat,0.9671243484608596,0.027013921043988517,0.0069115276759232225,3.9527084873011797,6206,1552,4.15410590171814,0.017099618911743164
