Model,R2,MAE,RMSE,MAPE_percent,n_train,n_test,fit_time_sec,predict_time_sec
cat,0.9357938529062684,0.2135609130675524,0.130215880270698,7.54420544719027,1189,6736,4.005368709564209,0.0072553157806396484
