Model,R2,MAE,RMSE,MAPE_percent,n_train,n_test,fit_time_sec,predict_time_sec
cat,0.4826050691736037,0.07576709009596228,0.29044151706549015,8.462934264699797,441,8379,3.6897265911102295,0.009438037872314453
