Model,R2,MAE,RMSE,MAPE_percent,n_train,n_test,fit_time_sec,predict_time_sec
gbm,0.7690446342625749,0.5195193214392276,0.5585396320425817,13653386641.95074,9053,2263,20.237525701522827,0.016287565231323242
