Model,R2,MAE,RMSE,MAPE_percent,n_train,n_test,fit_time_sec,predict_time_sec
cat,0.9630444715428506,0.029973050712393756,0.007745242876438863,4.68548980319534,4655,3103,3.5311310291290283,0.003907203674316406
