Model,R2,MAE,RMSE,MAPE_percent,n_train,n_test,fit_time_sec,predict_time_sec
gbm,0.8561886083009748,0.0037490405548223577,0.0003684704306453058,5.294746426017215,8151,2038,20.6863534450531,0.01264500617980957
