Model,R2,MAE,RMSE,MAPE_percent,n_train,n_test,fit_time_sec,predict_time_sec
gbm,0.9967260798116239,0.0019857053141808414,8.260165610392232e-06,3.236183242372322,8145,2036,20.864834308624268,0.013774871826171875
