Model,R2,MAE,RMSE,MAPE_percent,n_train,n_test,fit_time_sec,predict_time_sec
gbm,0.9883987486399655,0.006930974769671373,9.895755366376468e-05,2.656150279485119,5044,2716,12.480753183364868,0.017408132553100586
