Model,R2,MAE,RMSE,MAPE_percent,n_train,n_test,fit_time_sec,predict_time_sec
rf,0.790129650861281,0.11185660704505973,0.10145458758055845,8.89008206517766,6214,1554,39.89276385307312,0.3120136260986328
