Model,R2,MAE,RMSE,MAPE_percent,n_train,n_test,fit_time_sec,predict_time_sec
cat,0.9551800339084104,0.1897433909073897,0.07271949414799865,7.580556070864329,7355,3961,4.718217849731445,0.005163669586181641
