Model,R2,MAE,RMSE,MAPE_percent,n_train,n_test,fit_time_sec,predict_time_sec
gbm,0.9138792242874366,0.26655189506589344,0.13431303454151092,10.951151629314836,6208,1552,15.411368608474731,0.012192249298095703
