Model,R2,MAE,RMSE,MAPE_percent,n_train,n_test,fit_time_sec,predict_time_sec
cat,0.9800336068084821,0.001422544174749102,6.282609462089336e-06,14.343194467787217,5600,4581,4.2643373012542725,0.005532979965209961
