Model,R2,MAE,RMSE,MAPE_percent,n_train,n_test,fit_time_sec,predict_time_sec
rf,0.9176680540894704,0.02022552346724699,0.012072750921794027,3441169.2085693954,9059,2265,56.3073296546936,0.4384191036224365
