Model,R2,MAE,RMSE,MAPE_percent,n_train,n_test,fit_time_sec,predict_time_sec
cat,0.9807934183145465,0.02235300228712703,0.0029652519261798567,3.8472661077135024,6206,1552,4.269524812698364,0.0019001960754394531
