Model,R2,MAE,RMSE,MAPE_percent,n_train,n_test,fit_time_sec,predict_time_sec
rf,0.9409281277493259,0.12518257690080925,0.06093415804318963,5.823491497976638,6206,1552,62.74715495109558,0.28988218307495117
