Model,R2,MAE,RMSE,MAPE_percent,n_train,n_test,fit_time_sec,predict_time_sec
cat,0.99282029202856,0.00543509057868947,6.49087970841009e-05,7.162030789323361,8145,2036,3.598381996154785,0.002664804458618164
