Model,R2,MAE,RMSE,MAPE_percent,n_train,n_test,fit_time_sec,predict_time_sec
cat,0.9618399294794394,0.18791623607548286,0.086383957657766,1948943753.0213344,6224,5092,4.3305957317352295,0.006269931793212891
