Model,R2,MAE,RMSE,MAPE_percent,n_train,n_test,fit_time_sec,predict_time_sec
cat,0.9262711110712727,0.038016771435584226,0.016281746086288944,6.017091504639229,1164,6594,3.170177459716797,0.0064313411712646484
