Model,R2,MAE,RMSE,MAPE_percent,n_train,n_test,fit_time_sec,predict_time_sec
cat,0.3639223479600848,0.14753174458976132,0.06930463399443221,4519966440.741055,7355,3961,4.573681592941284,0.006060600280761719
