Model,R2,MAE,RMSE,MAPE_percent,n_train,n_test,fit_time_sec,predict_time_sec
cat,0.947882523201775,0.01982821354441099,0.005678524693692016,143908009.2822104,7355,3961,4.9253199100494385,0.004823923110961914
