Model,R2,MAE,RMSE,MAPE_percent,n_train,n_test,fit_time_sec,predict_time_sec
gbm,0.9467749671658838,0.27261264744806135,0.1627708818529021,7.5443346071874595,6206,1552,20.9943950176239,0.013455629348754883
