Model,R2,MAE,RMSE,MAPE_percent,n_train,n_test,fit_time_sec,predict_time_sec
rf,0.9484340011773257,0.18632412495846562,0.12628749069062653,28819173.43500989,9053,2263,77.15754199028015,0.48647594451904297
