Model,R2,MAE,RMSE,MAPE_percent,n_train,n_test,fit_time_sec,predict_time_sec
cat,0.9940299770199437,0.00312138141021844,4.244563101419786e-05,5.092055215302936,8145,2036,3.7785017490386963,0.004892587661743164
