Model,R2,MAE,RMSE,MAPE_percent,n_train,n_test,fit_time_sec,predict_time_sec
cat,-0.07985579297141188,0.001146306809152768,0.00038358949262875413,4.793831131646006,8151,2038,3.5523250102996826,0.0026154518127441406
