Model,R2,MAE,RMSE,MAPE_percent,n_train,n_test,fit_time_sec,predict_time_sec
cat,0.30536670712633984,0.0025989188992312086,0.000549144133457653,11.854313540050782,8151,2038,3.452194929122925,0.002675771713256836
