Model,R2,MAE,RMSE,MAPE_percent,n_train,n_test,fit_time_sec,predict_time_sec
gbm,0.9975795932509934,0.005848092152114148,6.376491157354352e-05,2.8116038471800957,8145,2036,20.686222314834595,0.013841629028320312
