Model,R2,MAE,RMSE,MAPE_percent,n_train,n_test,fit_time_sec,predict_time_sec
gbm,0.9620538791105243,0.133169569349675,0.03639777752283478,5.63258483829507,6208,1552,15.447588920593262,0.012367010116577148
