Model,R2,MAE,RMSE,MAPE_percent,n_train,n_test,fit_time_sec,predict_time_sec
gbm,0.9672294684932545,0.05544927970960469,0.007816106613755041,4.1458149807078515,5684,1421,14.127883672714233,0.011349916458129883
