Model,R2,MAE,RMSE,MAPE_percent,n_train,n_test,fit_time_sec,predict_time_sec
gbm,0.9983275668486318,0.006363961883625053,0.0001166040775737126,2.9778138665554246,8145,2036,36.52886772155762,0.015331506729125977
