Model,R2,MAE,RMSE,MAPE_percent,n_train,n_test,fit_time_sec,predict_time_sec
gbm,0.9357817872845797,0.2844219429697687,0.1782114519541143,7.338011544728727,6213,1553,15.450028419494629,0.012479782104492188
