Model,R2,MAE,RMSE,MAPE_percent,n_train,n_test,fit_time_sec,predict_time_sec
gbm,0.9647475465534453,0.10365786463363093,0.028212633396329664,5.349764537170477,6206,1552,31.025273323059082,0.01266169548034668
