Model,R2,MAE,RMSE,MAPE_percent,n_train,n_test,fit_time_sec,predict_time_sec
cat,0.9168692912876519,0.016910470665156864,0.004911426825810438,6.27222523483039,1164,6596,2.8576879501342773,0.007941722869873047
