Model,R2,MAE,RMSE,MAPE_percent,n_train,n_test,fit_time_sec,predict_time_sec
cat,0.9549074656275329,0.14729684649733055,0.058536089184176944,6.300254178617369,6208,1552,6.5704615116119385,0.004204750061035156
