Model,R2,MAE,RMSE,MAPE_percent,n_train,n_test,fit_time_sec,predict_time_sec
gbm,0.992869362885461,0.005636843946880959,0.0006406901210265261,1.9222166597771855,8145,2036,21.307006120681763,0.014430522918701172
