Model,R2,MAE,RMSE,MAPE_percent,n_train,n_test,fit_time_sec,predict_time_sec
cat,0.9429397418854331,0.12672607775286765,0.05885912623835169,6.250404657402271,6206,1552,3.715550422668457,0.005967378616333008
