Model,R2,MAE,RMSE,MAPE_percent,n_train,n_test,fit_time_sec,predict_time_sec
rf,0.9949462411830123,0.008531039493613042,0.00015820793770824452,3.6864440095249957,8145,2036,53.7069206237793,0.39293742179870605
