Model,R2,MAE,RMSE,MAPE_percent,n_train,n_test,fit_time_sec,predict_time_sec
cat,0.9561395619611476,0.19596531943080436,0.07952517903333729,558924931.0198463,4526,6790,4.670914888381958,0.00727391242980957
