Model,R2,MAE,RMSE,MAPE_percent,n_train,n_test,fit_time_sec,predict_time_sec
cat,0.9632756660586402,0.06574552379191329,0.009390181522637842,4.46111392944381,5151,2774,4.629342794418335,0.0036611557006835938
