Model,R2,MAE,RMSE,MAPE_percent,n_train,n_test,fit_time_sec,predict_time_sec
cat,0.9873975543127176,0.015642628347404222,0.0010337811941143592,7.239777813845113,8145,2036,12.675140380859375,0.017998933792114258
