Model,R2,MAE,RMSE,MAPE_percent,n_train,n_test,fit_time_sec,predict_time_sec
rf,0.6295535767239815,0.011481029003409608,0.003851004569763101,13.265743887048256,8151,2038,52.707804441452026,0.4036540985107422
