Model,R2,MAE,RMSE,MAPE_percent,n_train,n_test,fit_time_sec,predict_time_sec
rf,0.9863524918070098,0.010762966308537148,0.0005394545164586342,2.6737680441134812,9053,2263,57.05243253707886,0.43315839767456055
