Model,R2,MAE,RMSE,MAPE_percent,n_train,n_test,fit_time_sec,predict_time_sec
cat,0.9884845577189082,0.0010642147566463157,3.1051547776141646e-06,8.329779278288624,1527,8654,4.315709352493286,0.009330034255981445
