Model,R2,MAE,RMSE,MAPE_percent,n_train,n_test,fit_time_sec,predict_time_sec
cat,0.9351739544937053,0.0011445627098942697,2.3388858454278654e-05,8.30149152399383,1527,8654,4.256094455718994,0.008936882019042969
