Model,R2,MAE,RMSE,MAPE_percent,n_train,n_test,fit_time_sec,predict_time_sec
gbm,0.9554624783926916,0.008730588471635044,0.0038024306930739228,3.201819496123813,8145,2036,21.60695457458496,0.026968717575073242
