Model,R2,MAE,RMSE,MAPE_percent,n_train,n_test,fit_time_sec,predict_time_sec
cat,0.9967274588057359,0.0006131955528917985,8.81904558297042e-07,5.144758527171283,8145,2036,6.409957408905029,0.006259918212890625
