Model,R2,MAE,RMSE,MAPE_percent,n_train,n_test,fit_time_sec,predict_time_sec
gbm,0.9936906563883068,0.0010736953752997313,2.3290943605540148e-06,7.2499849059943875,8145,2036,22.737323999404907,0.027806520462036133
