Model,R2,MAE,RMSE,MAPE_percent,n_train,n_test,fit_time_sec,predict_time_sec
rf,0.9884564305719328,0.003998113258840462,3.06591157301838e-05,6.893711900576665,8145,2036,53.51794695854187,0.3975043296813965
