Model,R2,MAE,RMSE,MAPE_percent,n_train,n_test,fit_time_sec,predict_time_sec
gbm,0.9593268909526342,0.0295613421844884,0.009742479336881448,3.841445356050202,5818,1940,14.529370546340942,0.014778375625610352
