Model,R2,MAE,RMSE,MAPE_percent,n_train,n_test,fit_time_sec,predict_time_sec
cat,0.9954587761065451,0.005663579163504916,0.00022043753103492123,2.091340190750166,6208,1552,3.46920108795166,0.002675771713256836
