Model,R2,MAE,RMSE,MAPE_percent,n_train,n_test,fit_time_sec,predict_time_sec
rf,0.9745512458731499,0.012867557393101269,0.0015575888198083095,7.410506228636226,8145,2036,51.688169956207275,0.4116511344909668
