Model,R2,MAE,RMSE,MAPE_percent,n_train,n_test,fit_time_sec,predict_time_sec
cat,0.9654413677995085,0.16701168555890802,0.05806600892719636,5.449482803568222,6340,1585,4.482089042663574,0.002788543701171875
