Model,R2,MAE,RMSE,MAPE_percent,n_train,n_test,fit_time_sec,predict_time_sec
gbm,0.9894275403642645,0.007113950519763681,0.0005132023775411831,2.0893999656107862,6208,1552,15.642823457717896,0.01230764389038086
