Model,R2,MAE,RMSE,MAPE_percent,n_train,n_test,fit_time_sec,predict_time_sec
cat,0.9345064391926725,0.137126394787998,0.07107348310795451,7.047466999710468,6206,1552,3.562077283859253,0.00240325927734375
