Model,R2,MAE,RMSE,MAPE_percent,n_train,n_test,fit_time_sec,predict_time_sec
cat,0.9892532548162406,0.014352598261260808,0.0007104678639577363,7.23013833148221,6618,3563,4.79265570640564,0.0048923492431640625
