Model,R2,MAE,RMSE,MAPE_percent,n_train,n_test,fit_time_sec,predict_time_sec
cat,0.9270850341310175,0.0010268672083443237,2.73443369379545e-05,7.475915722228082,4581,5600,4.745745897293091,0.00614166259765625
