Model,R2,MAE,RMSE,MAPE_percent,n_train,n_test,fit_time_sec,predict_time_sec
cat,0.951354018190015,0.0885187568516897,0.021274906345580366,6.366003646081698,1189,6736,4.009643077850342,0.006616830825805664
