Model,R2,MAE,RMSE,MAPE_percent,n_train,n_test,fit_time_sec,predict_time_sec
cat,0.9966848326416007,0.00041033024878935564,3.6463849388141407e-07,3.3691910162180596,8145,2036,3.4624547958374023,0.00258636474609375
