Model,R2,MAE,RMSE,MAPE_percent,n_train,n_test,fit_time_sec,predict_time_sec
gbm,0.997454221519337,0.0051426646494347125,6.530510920551816e-05,1.312992947670415,6340,1585,16.082029342651367,0.012171745300292969
