Model,R2,MAE,RMSE,MAPE_percent,n_train,n_test,fit_time_sec,predict_time_sec
gbm,0.9991557915559537,0.0002311492446107785,1.054575003669813e-07,1.6100731935817447,8145,2036,20.585265398025513,0.014010906219482422
