Model,R2,MAE,RMSE,MAPE_percent,n_train,n_test,fit_time_sec,predict_time_sec
cat,0.9729256673616152,0.16344228383048223,0.0603349193328518,1394764423.7124586,9053,2263,3.8523800373077393,0.006676673889160156
