Model,R2,MAE,RMSE,MAPE_percent,n_train,n_test,fit_time_sec,predict_time_sec
cat,0.29582975008080825,0.14345939209492822,0.07294233304379069,50.72188684762501,5944,1981,4.345099925994873,0.003122568130493164
