Model,R2,MAE,RMSE,MAPE_percent,n_train,n_test,fit_time_sec,predict_time_sec
cat,0.9976218419871548,0.00038240495011734806,3.079726856699914e-07,2.7773655664866945,8145,2036,3.6756081581115723,0.0027289390563964844
