Model,R2,MAE,RMSE,MAPE_percent,n_train,n_test,fit_time_sec,predict_time_sec
cat,0.9830370349835341,0.00447718554845812,0.0001169229013683403,7.624393616416017,8145,2036,22.331950902938843,0.017792463302612305
