Model,R2,MAE,RMSE,MAPE_percent,n_train,n_test,fit_time_sec,predict_time_sec
gbm,0.9221884798268614,0.13799604761039314,0.07798499695820911,6.792117819734288,6206,1552,16.263838529586792,0.012713432312011719
