Model,R2,MAE,RMSE,MAPE_percent,n_train,n_test,fit_time_sec,predict_time_sec
cat,0.44317675067114415,0.019869997612910296,0.07028356296986098,5.915987164227361,8151,2038,3.465786933898926,0.002546072006225586
