Model,R2,MAE,RMSE,MAPE_percent,n_train,n_test,fit_time_sec,predict_time_sec
rf,0.9141817056404387,0.021927627896432243,0.010279664805249205,1859112.8531179605,3395,7921,18.656533002853394,0.7471365928649902
