Model,R2,MAE,RMSE,MAPE_percent,n_train,n_test,fit_time_sec,predict_time_sec
cat,0.8971603952072404,0.0014853635235112736,3.890897263878214e-05,13.138701751558152,4072,6109,4.247568845748901,0.007449150085449219
