Model,R2,MAE,RMSE,MAPE_percent,n_train,n_test,fit_time_sec,predict_time_sec
rf,0.9596010931094946,0.011913868530883675,0.0022751368821144822,3.3213644650629925,2716,5044,14.961263179779053,0.4723026752471924
