Model,R2,MAE,RMSE,MAPE_percent,n_train,n_test,fit_time_sec,predict_time_sec
gbm,0.790152176114858,0.20063254875523998,0.6365517423127499,1378218038.7361147,9059,2265,22.84005618095398,0.01851677894592285
