Model,R2,MAE,RMSE,MAPE_percent,n_train,n_test,fit_time_sec,predict_time_sec
gbm,0.9942517829626071,0.0010233513565080451,2.0908234794228e-06,7.327920760369326,8145,2036,19.847770929336548,0.014785051345825195
