Model,R2,MAE,RMSE,MAPE_percent,n_train,n_test,fit_time_sec,predict_time_sec
gbm,0.995465732794184,0.008993788656089644,0.0001608733498319504,3.883686308840137,8145,2036,20.22325873374939,0.013674259185791016
