Model,R2,MAE,RMSE,MAPE_percent,n_train,n_test,fit_time_sec,predict_time_sec
gbm,0.881440807638106,0.001537470831948125,5.161229217397008e-05,8.8952419627916,509,9672,1.268601417541504,0.06726956367492676
