Model,R2,MAE,RMSE,MAPE_percent,n_train,n_test,fit_time_sec,predict_time_sec
gbm,0.9609499764304066,0.18844844219534324,0.07406832097274116,7.607270199024631,9053,2263,22.72396945953369,0.01780223846435547
