Model,R2,MAE,RMSE,MAPE_percent,n_train,n_test,fit_time_sec,predict_time_sec
cat,0.9650443373519365,0.18144671366915543,0.08125173987624146,2448177146.899292,9053,2263,7.568988800048828,0.002674102783203125
