Model,R2,MAE,RMSE,MAPE_percent,n_train,n_test,fit_time_sec,predict_time_sec
cat,0.9503854997295541,0.2639142508735341,0.15434197798264285,7.0298273621131075,6206,1552,4.706937551498413,0.0027866363525390625
