Model,R2,MAE,RMSE,MAPE_percent,n_train,n_test,fit_time_sec,predict_time_sec
gbm,0.9991786740049058,0.00023376953707677378,1.0636213874498356e-07,1.6217550380056796,8145,2036,20.669806003570557,0.014240503311157227
