Model,R2,MAE,RMSE,MAPE_percent,n_train,n_test,fit_time_sec,predict_time_sec
rf,0.9619486064585732,0.13166046164142287,0.03979167608069733,5.255152412491464,6208,1552,36.91779541969299,0.27971816062927246
