Model,R2,MAE,RMSE,MAPE_percent,n_train,n_test,fit_time_sec,predict_time_sec
rf,0.9912789651980431,0.006927110573982091,0.00011111975284919018,2.6981753298346054,6208,1552,38.021726846694946,0.31095170974731445
