Model,R2,MAE,RMSE,MAPE_percent,n_train,n_test,fit_time_sec,predict_time_sec
gbm,0.962227306952036,0.18007172180475964,0.06749776308387552,7.45790177147608,9053,2263,22.721042156219482,0.01793956756591797
