Model,R2,MAE,RMSE,MAPE_percent,n_train,n_test,fit_time_sec,predict_time_sec
cat,0.984430084498112,0.0010051867415842735,5.55645196234569e-06,7.260393803402776,8145,2036,3.544121026992798,0.002699136734008789
