Model,R2,MAE,RMSE,MAPE_percent,n_train,n_test,fit_time_sec,predict_time_sec
gbm,0.03223966810975798,0.009382799167244209,0.01406205824913763,8.245327884360165,8151,2038,19.912863969802856,0.013982534408569336
