Model,R2,MAE,RMSE,MAPE_percent,n_train,n_test,fit_time_sec,predict_time_sec
rf,0.9758056725311611,0.037893236002991215,0.0045088578754745095,3.3228069627121104,6208,1552,35.73458456993103,0.2858090400695801
