Model,R2,MAE,RMSE,MAPE_percent,n_train,n_test,fit_time_sec,predict_time_sec
rf,0.11881080801329236,0.04154598613547762,0.5033076145214302,11.3055538488985,8151,2038,51.970964193344116,0.4185163974761963
