Model,R2,MAE,RMSE,MAPE_percent,n_train,n_test,fit_time_sec,predict_time_sec
cat,0.5687970318333712,0.0026371973205921765,0.00018342397641838492,14.52562312177583,8151,2038,3.6352312564849854,0.0025856494903564453
