Model,R2,MAE,RMSE,MAPE_percent,n_train,n_test,fit_time_sec,predict_time_sec
cat,0.9647641826883997,0.13342412854754182,0.045937096928296,6.060152091237389,6208,1552,7.797820806503296,0.020031213760375977
