Model,R2,MAE,RMSE,MAPE_percent,n_train,n_test,fit_time_sec,predict_time_sec
cat,0.9332642738143664,0.01581122083366846,0.005108015448849179,7.580758410556429,3054,7127,4.344098091125488,0.008417367935180664
