Model,R2,MAE,RMSE,MAPE_percent,n_train,n_test,fit_time_sec,predict_time_sec
cat,0.9212504049743253,0.00620931041500718,0.0006877897901298469,8.61108703493539,1018,9163,3.8969850540161133,0.01209259033203125
