Model,R2,MAE,RMSE,MAPE_percent,n_train,n_test,fit_time_sec,predict_time_sec
cat,0.6642415629631107,0.0030762488219556595,0.00014282403458208473,22.5634902441503,8151,2038,3.3652920722961426,0.002541065216064453
