Model,R2,MAE,RMSE,MAPE_percent,n_train,n_test,fit_time_sec,predict_time_sec
rf,0.5781030711986455,0.3325612445922081,0.2668807542960961,346098764.91401863,9053,2263,59.84736156463623,0.45002055168151855
