Model,R2,MAE,RMSE,MAPE_percent,n_train,n_test,fit_time_sec,predict_time_sec
cat,0.8518894550424181,0.048273317066824896,0.03512408596519181,5.168720799032816,7056,1764,3.545307159423828,0.00830841064453125
