Model,R2,MAE,RMSE,MAPE_percent,n_train,n_test,fit_time_sec,predict_time_sec
cat,0.9245423481998135,0.005012946475511779,0.0007082369827605236,7.288178155419289,5090,5091,4.767449378967285,0.006577968597412109
