Model,R2,MAE,RMSE,MAPE_percent,n_train,n_test,fit_time_sec,predict_time_sec
cat,0.9819845802519034,0.018088464107547927,0.001150895038159021,9.579176982154932,1018,9163,3.8624563217163086,0.008673906326293945
