Model,R2,MAE,RMSE,MAPE_percent,n_train,n_test,fit_time_sec,predict_time_sec
gbm,0.9749989686774563,0.006828159413747662,0.00024250166912382482,11.595319622672623,8145,2036,18.20151925086975,0.015515565872192383
