Model,R2,MAE,RMSE,MAPE_percent,n_train,n_test,fit_time_sec,predict_time_sec
cat,0.9494735858874521,0.03137493762036904,0.01239972147791126,4.238093546599795,6206,1552,3.7816126346588135,0.0023412704467773438
