Model,R2,MAE,RMSE,MAPE_percent,n_train,n_test,fit_time_sec,predict_time_sec
cat,0.9877707668012349,0.005854247241971952,8.788920972882678e-05,9.490217240665343,1018,9163,3.889695644378662,0.009152650833129883
