Model,R2,MAE,RMSE,MAPE_percent,n_train,n_test,fit_time_sec,predict_time_sec
cat,0.9872624808459004,0.01230492691857843,0.000321905365209139,3.619304034678392,7355,3961,4.665721654891968,0.004464864730834961
