Model,R2,MAE,RMSE,MAPE_percent,n_train,n_test,fit_time_sec,predict_time_sec
cat,0.9622997134274618,0.07460072307069683,0.021197350169639924,4.807762410000456,6208,1552,3.6555368900299072,0.0019373893737792969
