Model,R2,MAE,RMSE,MAPE_percent,n_train,n_test,fit_time_sec,predict_time_sec
gbm,0.127746457949381,0.012303401958397658,0.04989804709986091,11.781249787190424,8151,2038,18.189974308013916,0.015371322631835938
