Model,R2,MAE,RMSE,MAPE_percent,n_train,n_test,fit_time_sec,predict_time_sec
cat,0.9791018325127562,0.009358103999222746,0.0010751231711562054,3.1256578755450417,6208,1552,3.6662724018096924,0.002481222152709961
