Model,R2,MAE,RMSE,MAPE_percent,n_train,n_test,fit_time_sec,predict_time_sec
rf,0.7730827527627897,0.015244842869214839,0.003965631777850286,5.453336287149465,6208,1552,48.41924452781677,0.29294323921203613
