Model,R2,MAE,RMSE,MAPE_percent,n_train,n_test,fit_time_sec,predict_time_sec
cat,0.9485534009960994,0.04849789484521669,0.0090578512327979,4.530685779941698,6208,1552,3.740811347961426,0.0023775100708007812
