Model,R2,MAE,RMSE,MAPE_percent,n_train,n_test,fit_time_sec,predict_time_sec
gbm,0.9594382802772627,0.19465124928458077,0.07520664884317237,8.018551889076091,9053,2263,22.84074115753174,0.017741918563842773
