Model,R2,MAE,RMSE,MAPE_percent,n_train,n_test,fit_time_sec,predict_time_sec
cat,0.9859857200945751,0.0110929282738367,0.00024899863335442604,3.023892300627664,5548,2377,4.8037331104278564,0.003368377685546875
