Model,R2,MAE,RMSE,MAPE_percent,n_train,n_test,fit_time_sec,predict_time_sec
gbm,0.8778257307182723,0.025396523489196934,0.014255361480782132,97349908.66485196,1132,10184,2.71352219581604,0.06805634498596191
