Model,R2,MAE,RMSE,MAPE_percent,n_train,n_test,fit_time_sec,predict_time_sec
gbm,0.9521845444744872,0.07816277993327775,0.02826360374492092,5.09444871555027,6340,1585,15.836403608322144,0.013002157211303711
