Model,R2,MAE,RMSE,MAPE_percent,n_train,n_test,fit_time_sec,predict_time_sec
rf,0.12954462663012067,0.013276427249793728,0.06426357398580548,7.102522880577254,8151,2038,53.43363928794861,0.41576266288757324
