Model,R2,MAE,RMSE,MAPE_percent,n_train,n_test,fit_time_sec,predict_time_sec
cat,0.9443626825496733,0.25981801044068364,0.16070859497798579,6.593828031065615,6206,1552,3.4041998386383057,0.0023469924926757812
