Model,R2,MAE,RMSE,MAPE_percent,n_train,n_test,fit_time_sec,predict_time_sec
cat,0.9425832624370192,0.11521791279487807,0.03536724999510933,5.910130890293346,6206,1552,3.379242420196533,0.0023360252380371094
