Model,R2,MAE,RMSE,MAPE_percent,n_train,n_test,fit_time_sec,predict_time_sec
cat,0.9828488125722705,0.004581937743472984,3.6073624327534175e-05,6.85623705121054,6618,3563,5.241007089614868,0.004968166351318359
