Model,R2,MAE,RMSE,MAPE_percent,n_train,n_test,fit_time_sec,predict_time_sec
cat,0.9840475231525466,0.006708960762039295,0.0001188769326437862,13.250604488617695,7636,2545,4.41000509262085,0.0034868717193603516
