Model,R2,MAE,RMSE,MAPE_percent,n_train,n_test,fit_time_sec,predict_time_sec
cat,0.9694911434771978,0.17949015589695466,0.07378224550824787,1918543637.139938,9053,2263,5.082309722900391,0.0035665035247802734
