Model,R2,MAE,RMSE,MAPE_percent,n_train,n_test,fit_time_sec,predict_time_sec
rf,0.983669304032168,0.013429542007897118,0.000701570670702492,1871977.440339497,2829,8487,14.831182718276978,0.704423189163208
