Model,R2,MAE,RMSE,MAPE_percent,n_train,n_test,fit_time_sec,predict_time_sec
rf,0.771968442318834,0.29619362913763664,0.8498996380054757,7.255662219535357,6213,1553,36.95195031166077,0.27470922470092773
