Model,R2,MAE,RMSE,MAPE_percent,n_train,n_test,fit_time_sec,predict_time_sec
cat,0.9100434153781621,0.005967887916450054,0.000818057469435334,7.938669605733352,1527,8654,4.629716873168945,0.011353254318237305
