Model,R2,MAE,RMSE,MAPE_percent,n_train,n_test,fit_time_sec,predict_time_sec
cat,0.9270540426267868,0.02211420318587568,0.005648611280161523,12.832902232549909,2036,8145,3.8694958686828613,0.011712312698364258
