Model,R2,MAE,RMSE,MAPE_percent,n_train,n_test,fit_time_sec,predict_time_sec
gbm,0.9620891383602665,0.0006143825294616947,1.1507421458852164e-05,4.3367769266526315,8145,2036,20.209813117980957,0.014248132705688477
