Model,R2,MAE,RMSE,MAPE_percent,n_train,n_test,fit_time_sec,predict_time_sec
cat,0.9134046025094769,0.007134502932614561,0.0008847156185485175,12.460780995463256,5600,4581,4.413517713546753,0.006308078765869141
