Model,R2,MAE,RMSE,MAPE_percent,n_train,n_test,fit_time_sec,predict_time_sec
cat,0.9315449444531713,0.035640148542421896,0.019613535832653173,4.457666077560443,6213,1553,3.3915863037109375,0.002245664596557617
