Model,R2,MAE,RMSE,MAPE_percent,n_train,n_test,fit_time_sec,predict_time_sec
gbm,0.9456415332079892,0.00034802972641990044,1.5658722855950107e-05,2.0712610741810975,8145,2036,21.678037405014038,0.016635417938232422
