Model,R2,MAE,RMSE,MAPE_percent,n_train,n_test,fit_time_sec,predict_time_sec
cat,0.9921390316385044,0.005529601344396418,0.00010592574810858413,2.1969749838975416,6208,1552,3.5771665573120117,0.0022394657135009766
