['python pipeline_single_trial_QT_LOGSAMPLE.py --data ../Data_collect/DataSet_PLDSCREENED_2/Ar_273K/Ar_273K_Ar_273K_Henry_to_Ar_273K_1_dataset.csv --outdir try14_Ar273_and_313_re_LOWsensitivity/Ar_273_Henry_to_1__struct+input__qt_then_rd__cat_TRAIN_RATIO0.8_QTFRAC_0.8 --seed-base 52 --features struct+input --sample qt_then_rd --model cat --n-bins 200 --train-ratio 0.8 --qt-frac 0.4 --trial 5', 'python pipeline_single_trial_QT_LOGSAMPLE.py --data ../Data_collect/DataSet_PLDSCREENED_2/Ar_273K/Ar_273K_Ar_273K_Henry_to_Ar_273K_5_dataset.csv --outdir try14_Ar273_and_313_re_LOWsensitivity/Ar_273_Henry_to_5__struct+input__qt_then_rd__cat_TRAIN_RATIO0.8_QTFRAC_0.8 --seed-base 52 --features struct+input --sample qt_then_rd --model cat --n-bins 200 --train-ratio 0.8 --qt-frac 0.4 --trial 5', 'python pipeline_single_trial_QT_LOGSAMPLE.py --data ../Data_collect/DataSet_PLDSCREENED_2/Ar_273K/Ar_273K_Ar_273K_Henry_to_Ar_273K_15_dataset.csv --outdir try14_Ar273_and_313_re_LOWsensitivity/Ar_273_Henry_to_15__struct+input__qt_then_rd__cat_TRAIN_RATIO0.8_QTFRAC_0.8 --seed-base 52 --features struct+input --sample qt_then_rd --model cat --n-bins 200 --train-ratio 0.8 --qt-frac 0.4 --trial 5', 'python pipeline_single_trial_QT_LOGSAMPLE.py --data ../Data_collect/DataSet_PLDSCREENED_2/Ar_273K/Ar_273K_Ar_273K_0.01_to_Ar_273K_1_dataset.csv --outdir try14_Ar273_and_313_re_LOWsensitivity/Ar_273_0.01_to_1__struct+input__qt_then_rd__cat_TRAIN_RATIO0.8_QTFRAC_0.8 --seed-base 52 --features struct+input --sample qt_then_rd --model cat --n-bins 200 --train-ratio 0.8 --qt-frac 0.4 --trial 5', 'python pipeline_single_trial_QT_LOGSAMPLE.py --data ../Data_collect/DataSet_PLDSCREENED_2/Ar_273K/Ar_273K_Ar_273K_0.01_to_Ar_273K_5_dataset.csv --outdir try14_Ar273_and_313_re_LOWsensitivity/Ar_273_0.01_to_5__struct+input__qt_then_rd__cat_TRAIN_RATIO0.8_QTFRAC_0.8 --seed-base 52 --features struct+input --sample qt_then_rd --model cat --n-bins 200 --train-ratio 0.8 --qt-frac 0.4 --trial 5', 'python pipeline_single_trial_QT_LOGSAMPLE.py --data ../Data_collect/DataSet_PLDSCREENED_2/Ar_273K/Ar_273K_Ar_273K_0.01_to_Ar_273K_15_dataset.csv --outdir try14_Ar273_and_313_re_LOWsensitivity/Ar_273_0.01_to_15__struct+input__qt_then_rd__cat_TRAIN_RATIO0.8_QTFRAC_0.8 --seed-base 52 --features struct+input --sample qt_then_rd --model cat --n-bins 200 --train-ratio 0.8 --qt-frac 0.4 --trial 5', 'python pipeline_single_trial_QT_LOGSAMPLE.py --data ../Data_collect/DataSet_PLDSCREENED_2/Ar_273K/Ar_273K_Ar_273K_0.05_to_Ar_273K_1_dataset.csv --outdir try14_Ar273_and_313_re_LOWsensitivity/Ar_273_0.05_to_1__struct+input__qt_then_rd__cat_TRAIN_RATIO0.8_QTFRAC_0.8 --seed-base 52 --features struct+input --sample qt_then_rd --model cat --n-bins 200 --train-ratio 0.8 --qt-frac 0.4 --trial 5', 'python pipeline_single_trial_QT_LOGSAMPLE.py --data ../Data_collect/DataSet_PLDSCREENED_2/Ar_273K/Ar_273K_Ar_273K_0.05_to_Ar_273K_5_dataset.csv --outdir try14_Ar273_and_313_re_LOWsensitivity/Ar_273_0.05_to_5__struct+input__qt_then_rd__cat_TRAIN_RATIO0.8_QTFRAC_0.8 --seed-base 52 --features struct+input --sample qt_then_rd --model cat --n-bins 200 --train-ratio 0.8 --qt-frac 0.4 --trial 5', 'python pipeline_single_trial_QT_LOGSAMPLE.py --data ../Data_collect/DataSet_PLDSCREENED_2/Ar_273K/Ar_273K_Ar_273K_0.05_to_Ar_273K_15_dataset.csv --outdir try14_Ar273_and_313_re_LOWsensitivity/Ar_273_0.05_to_15__struct+input__qt_then_rd__cat_TRAIN_RATIO0.8_QTFRAC_0.8 --seed-base 52 --features struct+input --sample qt_then_rd --model cat --n-bins 200 --train-ratio 0.8 --qt-frac 0.4 --trial 5', 'python pipeline_single_trial_QT_LOGSAMPLE.py --data ../Data_collect/DataSet_PLDSCREENED_2/Ar_273K/Ar_273K_Ar_273K_0.1_to_Ar_273K_1_dataset.csv --outdir try14_Ar273_and_313_re_LOWsensitivity/Ar_273_0.1_to_1__struct+input__qt_then_rd__cat_TRAIN_RATIO0.8_QTFRAC_0.8 --seed-base 52 --features struct+input --sample qt_then_rd --model cat --n-bins 200 --train-ratio 0.8 --qt-frac 0.4 --trial 5', 'python pipeline_single_trial_QT_LOGSAMPLE.py --data ../Data_collect/DataSet_PLDSCREENED_2/Ar_273K/Ar_273K_Ar_273K_0.1_to_Ar_273K_5_dataset.csv --outdir try14_Ar273_and_313_re_LOWsensitivity/Ar_273_0.1_to_5__struct+input__qt_then_rd__cat_TRAIN_RATIO0.8_QTFRAC_0.8 --seed-base 52 --features struct+input --sample qt_then_rd --model cat --n-bins 200 --train-ratio 0.8 --qt-frac 0.4 --trial 5', 'python pipeline_single_trial_QT_LOGSAMPLE.py --data ../Data_collect/DataSet_PLDSCREENED_2/Ar_273K/Ar_273K_Ar_273K_0.1_to_Ar_273K_15_dataset.csv --outdir try14_Ar273_and_313_re_LOWsensitivity/Ar_273_0.1_to_15__struct+input__qt_then_rd__cat_TRAIN_RATIO0.8_QTFRAC_0.8 --seed-base 52 --features struct+input --sample qt_then_rd --model cat --n-bins 200 --train-ratio 0.8 --qt-frac 0.4 --trial 5', 'python pipeline_single_trial_QT_LOGSAMPLE.py --data ../Data_collect/DataSet_PLDSCREENED_2/Ar_273K/Ar_273K_Ar_273K_0.5_to_Ar_273K_1_dataset.csv --outdir try14_Ar273_and_313_re_LOWsensitivity/Ar_273_0.5_to_1__struct+input__qt_then_rd__cat_TRAIN_RATIO0.8_QTFRAC_0.8 --seed-base 52 --features struct+input --sample qt_then_rd --model cat --n-bins 200 --train-ratio 0.8 --qt-frac 0.4 --trial 5', 'python pipeline_single_trial_QT_LOGSAMPLE.py --data ../Data_collect/DataSet_PLDSCREENED_2/Ar_273K/Ar_273K_Ar_273K_0.5_to_Ar_273K_5_dataset.csv --outdir try14_Ar273_and_313_re_LOWsensitivity/Ar_273_0.5_to_5__struct+input__qt_then_rd__cat_TRAIN_RATIO0.8_QTFRAC_0.8 --seed-base 52 --features struct+input --sample qt_then_rd --model cat --n-bins 200 --train-ratio 0.8 --qt-frac 0.4 --trial 5', 'python pipeline_single_trial_QT_LOGSAMPLE.py --data ../Data_collect/DataSet_PLDSCREENED_2/Ar_273K/Ar_273K_Ar_273K_0.5_to_Ar_273K_15_dataset.csv --outdir try14_Ar273_and_313_re_LOWsensitivity/Ar_273_0.5_to_15__struct+input__qt_then_rd__cat_TRAIN_RATIO0.8_QTFRAC_0.8 --seed-base 52 --features struct+input --sample qt_then_rd --model cat --n-bins 200 --train-ratio 0.8 --qt-frac 0.4 --trial 5', 'python pipeline_single_trial_QT_LOGSAMPLE.py --data ../Data_collect/DataSet_PLDSCREENED_2/Ar_313K/Ar_313K_Ar_313K_Henry_to_Ar_313K_1_dataset.csv --outdir try14_Ar273_and_313_re_LOWsensitivity/Ar_313_Henry_to_1__struct+input__qt_then_rd__cat_TRAIN_RATIO0.8_QTFRAC_0.8 --seed-base 52 --features struct+input --sample qt_then_rd --model cat --n-bins 200 --train-ratio 0.8 --qt-frac 0.4 --trial 1', 'python pipeline_single_trial_QT_LOGSAMPLE.py --data ../Data_collect/DataSet_PLDSCREENED_2/Ar_313K/Ar_313K_Ar_313K_Henry_to_Ar_313K_5_dataset.csv --outdir try14_Ar273_and_313_re_LOWsensitivity/Ar_313_Henry_to_5__struct+input__qt_then_rd__cat_TRAIN_RATIO0.8_QTFRAC_0.8 --seed-base 52 --features struct+input --sample qt_then_rd --model cat --n-bins 200 --train-ratio 0.8 --qt-frac 0.4 --trial 1', 'python pipeline_single_trial_QT_LOGSAMPLE.py --data ../Data_collect/DataSet_PLDSCREENED_2/Ar_313K/Ar_313K_Ar_313K_Henry_to_Ar_313K_15_dataset.csv --outdir try14_Ar273_and_313_re_LOWsensitivity/Ar_313_Henry_to_15__struct+input__qt_then_rd__cat_TRAIN_RATIO0.8_QTFRAC_0.8 --seed-base 52 --features struct+input --sample qt_then_rd --model cat --n-bins 200 --train-ratio 0.8 --qt-frac 0.4 --trial 1', 'python pipeline_single_trial_QT_LOGSAMPLE.py --data ../Data_collect/DataSet_PLDSCREENED_2/Ar_313K/Ar_313K_Ar_313K_0.01_to_Ar_313K_1_dataset.csv --outdir try14_Ar273_and_313_re_LOWsensitivity/Ar_313_0.01_to_1__struct+input__qt_then_rd__cat_TRAIN_RATIO0.8_QTFRAC_0.8 --seed-base 52 --features struct+input --sample qt_then_rd --model cat --n-bins 200 --train-ratio 0.8 --qt-frac 0.4 --trial 1', 'python pipeline_single_trial_QT_LOGSAMPLE.py --data ../Data_collect/DataSet_PLDSCREENED_2/Ar_313K/Ar_313K_Ar_313K_0.01_to_Ar_313K_5_dataset.csv --outdir try14_Ar273_and_313_re_LOWsensitivity/Ar_313_0.01_to_5__struct+input__qt_then_rd__cat_TRAIN_RATIO0.8_QTFRAC_0.8 --seed-base 52 --features struct+input --sample qt_then_rd --model cat --n-bins 200 --train-ratio 0.8 --qt-frac 0.4 --trial 1', 'python pipeline_single_trial_QT_LOGSAMPLE.py --data ../Data_collect/DataSet_PLDSCREENED_2/Ar_313K/Ar_313K_Ar_313K_0.01_to_Ar_313K_15_dataset.csv --outdir try14_Ar273_and_313_re_LOWsensitivity/Ar_313_0.01_to_15__struct+input__qt_then_rd__cat_TRAIN_RATIO0.8_QTFRAC_0.8 --seed-base 52 --features struct+input --sample qt_then_rd --model cat --n-bins 200 --train-ratio 0.8 --qt-frac 0.4 --trial 1', 'python pipeline_single_trial_QT_LOGSAMPLE.py --data ../Data_collect/DataSet_PLDSCREENED_2/Ar_313K/Ar_313K_Ar_313K_0.05_to_Ar_313K_1_dataset.csv --outdir try14_Ar273_and_313_re_LOWsensitivity/Ar_313_0.05_to_1__struct+input__qt_then_rd__cat_TRAIN_RATIO0.8_QTFRAC_0.8 --seed-base 52 --features struct+input --sample qt_then_rd --model cat --n-bins 200 --train-ratio 0.8 --qt-frac 0.4 --trial 1', 'python pipeline_single_trial_QT_LOGSAMPLE.py --data ../Data_collect/DataSet_PLDSCREENED_2/Ar_313K/Ar_313K_Ar_313K_0.05_to_Ar_313K_5_dataset.csv --outdir try14_Ar273_and_313_re_LOWsensitivity/Ar_313_0.05_to_5__struct+input__qt_then_rd__cat_TRAIN_RATIO0.8_QTFRAC_0.8 --seed-base 52 --features struct+input --sample qt_then_rd --model cat --n-bins 200 --train-ratio 0.8 --qt-frac 0.4 --trial 1', 'python pipeline_single_trial_QT_LOGSAMPLE.py --data ../Data_collect/DataSet_PLDSCREENED_2/Ar_313K/Ar_313K_Ar_313K_0.05_to_Ar_313K_15_dataset.csv --outdir try14_Ar273_and_313_re_LOWsensitivity/Ar_313_0.05_to_15__struct+input__qt_then_rd__cat_TRAIN_RATIO0.8_QTFRAC_0.8 --seed-base 52 --features struct+input --sample qt_then_rd --model cat --n-bins 200 --train-ratio 0.8 --qt-frac 0.4 --trial 1', 'python pipeline_single_trial_QT_LOGSAMPLE.py --data ../Data_collect/DataSet_PLDSCREENED_2/Ar_313K/Ar_313K_Ar_313K_0.1_to_Ar_313K_1_dataset.csv --outdir try14_Ar273_and_313_re_LOWsensitivity/Ar_313_0.1_to_1__struct+input__qt_then_rd__cat_TRAIN_RATIO0.8_QTFRAC_0.8 --seed-base 52 --features struct+input --sample qt_then_rd --model cat --n-bins 200 --train-ratio 0.8 --qt-frac 0.4 --trial 1', 'python pipeline_single_trial_QT_LOGSAMPLE.py --data ../Data_collect/DataSet_PLDSCREENED_2/Ar_313K/Ar_313K_Ar_313K_0.1_to_Ar_313K_5_dataset.csv --outdir try14_Ar273_and_313_re_LOWsensitivity/Ar_313_0.1_to_5__struct+input__qt_then_rd__cat_TRAIN_RATIO0.8_QTFRAC_0.8 --seed-base 52 --features struct+input --sample qt_then_rd --model cat --n-bins 200 --train-ratio 0.8 --qt-frac 0.4 --trial 1', 'python pipeline_single_trial_QT_LOGSAMPLE.py --data ../Data_collect/DataSet_PLDSCREENED_2/Ar_313K/Ar_313K_Ar_313K_0.1_to_Ar_313K_15_dataset.csv --outdir try14_Ar273_and_313_re_LOWsensitivity/Ar_313_0.1_to_15__struct+input__qt_then_rd__cat_TRAIN_RATIO0.8_QTFRAC_0.8 --seed-base 52 --features struct+input --sample qt_then_rd --model cat --n-bins 200 --train-ratio 0.8 --qt-frac 0.4 --trial 1', 'python pipeline_single_trial_QT_LOGSAMPLE.py --data ../Data_collect/DataSet_PLDSCREENED_2/Ar_313K/Ar_313K_Ar_313K_0.5_to_Ar_313K_1_dataset.csv --outdir try14_Ar273_and_313_re_LOWsensitivity/Ar_313_0.5_to_1__struct+input__qt_then_rd__cat_TRAIN_RATIO0.8_QTFRAC_0.8 --seed-base 52 --features struct+input --sample qt_then_rd --model cat --n-bins 200 --train-ratio 0.8 --qt-frac 0.4 --trial 1', 'python pipeline_single_trial_QT_LOGSAMPLE.py --data ../Data_collect/DataSet_PLDSCREENED_2/Ar_313K/Ar_313K_Ar_313K_0.5_to_Ar_313K_5_dataset.csv --outdir try14_Ar273_and_313_re_LOWsensitivity/Ar_313_0.5_to_5__struct+input__qt_then_rd__cat_TRAIN_RATIO0.8_QTFRAC_0.8 --seed-base 52 --features struct+input --sample qt_then_rd --model cat --n-bins 200 --train-ratio 0.8 --qt-frac 0.4 --trial 1', 'python pipeline_single_trial_QT_LOGSAMPLE.py --data ../Data_collect/DataSet_PLDSCREENED_2/Ar_313K/Ar_313K_Ar_313K_0.5_to_Ar_313K_15_dataset.csv --outdir try14_Ar273_and_313_re_LOWsensitivity/Ar_313_0.5_to_15__struct+input__qt_then_rd__cat_TRAIN_RATIO0.8_QTFRAC_0.8 --seed-base 52 --features struct+input --sample qt_then_rd --model cat --n-bins 200 --train-ratio 0.8 --qt-frac 0.4 --trial 1']
[INFO] Loaded 30 commands from try14_Ar273_and_313_re_LOWsensitivity/commands_part3.txt
Running commands:   0%|                                                      | 0/30 [00:00<?, ?it/s]Removed 8 rows from mis_lis
2025-09-28 06:27:55,321 | INFO | [Data] Loaded: ../Data_collect/DataSet_PLDSCREENED_2/Ar_273K/Ar_273K_Ar_273K_0.1_to_Ar_273K_1_dataset.csv | rows=7758 | cols=15
Removed 8 rows from mis_lis
2025-09-28 06:27:55,321 | INFO | [Data] Loaded: ../Data_collect/DataSet_PLDSCREENED_2/Ar_273K/Ar_273K_Ar_273K_Henry_to_Ar_273K_5_dataset.csv | rows=7758 | cols=15
Removed 8 rows from mis_lis
2025-09-28 06:27:55,321 | INFO | [Data] Loaded: ../Data_collect/DataSet_PLDSCREENED_2/Ar_273K/Ar_273K_Ar_273K_0.01_to_Ar_273K_1_dataset.csv | rows=7758 | cols=15
Removed 8 rows from mis_lis
2025-09-28 06:27:55,321 | INFO | [Data] Loaded: ../Data_collect/DataSet_PLDSCREENED_2/Ar_273K/Ar_273K_Ar_273K_0.01_to_Ar_273K_15_dataset.csv | rows=7758 | cols=15
2025-09-28 06:27:55,321 | INFO | [Features] Using 13 features: ['LCD', 'PLD', 'LFPD', 'cm3_g', 'ASA_m2_cm3', 'ASA_m2_g', 'NASA_m2_cm3', 'NASA_m2_g', 'AV_VF', 'AV_cm3_g', 'NAV_cm3_g', 'Has_OMS', 'Input']
2025-09-28 06:27:55,321 | INFO | [Features] Using 13 features: ['LCD', 'PLD', 'LFPD', 'cm3_g', 'ASA_m2_cm3', 'ASA_m2_g', 'NASA_m2_cm3', 'NASA_m2_g', 'AV_VF', 'AV_cm3_g', 'NAV_cm3_g', 'Has_OMS', 'Input']
2025-09-28 06:27:55,321 | INFO | [Features] Using 13 features: ['LCD', 'PLD', 'LFPD', 'cm3_g', 'ASA_m2_cm3', 'ASA_m2_g', 'NASA_m2_cm3', 'NASA_m2_g', 'AV_VF', 'AV_cm3_g', 'NAV_cm3_g', 'Has_OMS', 'Input']
Removed 8 rows from mis_lis
2025-09-28 06:27:55,322 | INFO | [Data] Loaded: ../Data_collect/DataSet_PLDSCREENED_2/Ar_273K/Ar_273K_Ar_273K_0.05_to_Ar_273K_5_dataset.csv | rows=7758 | cols=15
2025-09-28 06:27:55,322 | INFO | [Features] Using 13 features: ['LCD', 'PLD', 'LFPD', 'cm3_g', 'ASA_m2_cm3', 'ASA_m2_g', 'NASA_m2_cm3', 'NASA_m2_g', 'AV_VF', 'AV_cm3_g', 'NAV_cm3_g', 'Has_OMS', 'Input']
2025-09-28 06:27:55,322 | INFO | [Features] Using 13 features: ['LCD', 'PLD', 'LFPD', 'cm3_g', 'ASA_m2_cm3', 'ASA_m2_g', 'NASA_m2_cm3', 'NASA_m2_g', 'AV_VF', 'AV_cm3_g', 'NAV_cm3_g', 'Has_OMS', 'Input']
Removed 8 rows from mis_lis
2025-09-28 06:27:55,326 | INFO | [Data] Loaded: ../Data_collect/DataSet_PLDSCREENED_2/Ar_273K/Ar_273K_Ar_273K_0.05_to_Ar_273K_15_dataset.csv | rows=7758 | cols=15
Removed 8 rows from mis_lis
2025-09-28 06:27:55,326 | INFO | [Data] Loaded: ../Data_collect/DataSet_PLDSCREENED_2/Ar_273K/Ar_273K_Ar_273K_0.01_to_Ar_273K_5_dataset.csv | rows=7758 | cols=15
2025-09-28 06:27:55,327 | INFO | [Features] Using 13 features: ['LCD', 'PLD', 'LFPD', 'cm3_g', 'ASA_m2_cm3', 'ASA_m2_g', 'NASA_m2_cm3', 'NASA_m2_g', 'AV_VF', 'AV_cm3_g', 'NAV_cm3_g', 'Has_OMS', 'Input']
2025-09-28 06:27:55,327 | INFO | [Features] Using 13 features: ['LCD', 'PLD', 'LFPD', 'cm3_g', 'ASA_m2_cm3', 'ASA_m2_g', 'NASA_m2_cm3', 'NASA_m2_g', 'AV_VF', 'AV_cm3_g', 'NAV_cm3_g', 'Has_OMS', 'Input']
Removed 8 rows from mis_lis
2025-09-28 06:27:55,328 | INFO | [Data] Loaded: ../Data_collect/DataSet_PLDSCREENED_2/Ar_273K/Ar_273K_Ar_273K_Henry_to_Ar_273K_15_dataset.csv | rows=7758 | cols=15
Removed 8 rows from mis_lis
2025-09-28 06:27:55,329 | INFO | [Data] Loaded: ../Data_collect/DataSet_PLDSCREENED_2/Ar_273K/Ar_273K_Ar_273K_Henry_to_Ar_273K_1_dataset.csv | rows=7758 | cols=15
2025-09-28 06:27:55,329 | INFO | [Features] Using 13 features: ['LCD', 'PLD', 'LFPD', 'cm3_g', 'ASA_m2_cm3', 'ASA_m2_g', 'NASA_m2_cm3', 'NASA_m2_g', 'AV_VF', 'AV_cm3_g', 'NAV_cm3_g', 'Has_OMS', 'Input']
Removed 8 rows from mis_lis
2025-09-28 06:27:55,329 | INFO | [Data] Loaded: ../Data_collect/DataSet_PLDSCREENED_2/Ar_273K/Ar_273K_Ar_273K_0.05_to_Ar_273K_1_dataset.csv | rows=7758 | cols=15
2025-09-28 06:27:55,329 | INFO | [Features] Using 13 features: ['LCD', 'PLD', 'LFPD', 'cm3_g', 'ASA_m2_cm3', 'ASA_m2_g', 'NASA_m2_cm3', 'NASA_m2_g', 'AV_VF', 'AV_cm3_g', 'NAV_cm3_g', 'Has_OMS', 'Input']
2025-09-28 06:27:55,329 | INFO | [Features] Using 13 features: ['LCD', 'PLD', 'LFPD', 'cm3_g', 'ASA_m2_cm3', 'ASA_m2_g', 'NASA_m2_cm3', 'NASA_m2_g', 'AV_VF', 'AV_cm3_g', 'NAV_cm3_g', 'Has_OMS', 'Input']
                                filename       LCD  ...     Input    Output
0  1499489-acs.cgd.6b01265_1499490_clean  10.85017  ...  0.114341  1.023811
1                           ACOCOM_clean  24.60642  ...  0.048430  0.487727
2                           ACOCUS_clean  24.38417  ...  0.051078  0.501413
3                           ACODAZ_clean  23.29182  ...  0.048796  0.491670
4    acs.cgd.5b01554_VAGNUP1452791_clean   6.16218  ...  0.018313  0.182295

[5 rows x 15 columns]
2025-09-28 06:27:55,332 | INFO | [Preprocess] Drop NaN rows (FEATURES+TARGET): 7758 -> 7758
                                filename       LCD  ...     Input    Output
0  1499489-acs.cgd.6b01265_1499490_clean  10.85017  ...  0.011671  1.023811
1                           ACOCOM_clean  24.60642  ...  0.004799  0.487727
2                           ACOCUS_clean  24.38417  ...  0.005164  0.501413
3                           ACODAZ_clean  23.29182  ...  0.004873  0.491670
4    acs.cgd.5b01554_VAGNUP1452791_clean   6.16218  ...  0.001869  0.182295

[5 rows x 15 columns]
2025-09-28 06:27:55,332 | INFO | [Preprocess] Drop NaN rows (FEATURES+TARGET): 7758 -> 7758
                                filename       LCD  ...     Input    Output
0  1499489-acs.cgd.6b01265_1499490_clean  10.85017  ...  0.000012  3.828743
1                           ACOCOM_clean  24.60642  ...  0.000005  2.320885
2                           ACOCUS_clean  24.38417  ...  0.000005  2.421950
3                           ACODAZ_clean  23.29182  ...  0.000005  2.366017
4    acs.cgd.5b01554_VAGNUP1452791_clean   6.16218  ...  0.000002  0.827845

[5 rows x 15 columns]
2025-09-28 06:27:55,332 | INFO | [Preprocess] Drop NaN rows (FEATURES+TARGET): 7758 -> 7758
                                filename       LCD  ...     Input    Output
0  1499489-acs.cgd.6b01265_1499490_clean  10.85017  ...  0.011671  6.921515
1                           ACOCOM_clean  24.60642  ...  0.004799  6.719717
2                           ACOCUS_clean  24.38417  ...  0.005164  6.908503
3                           ACODAZ_clean  23.29182  ...  0.004873  6.816153
4    acs.cgd.5b01554_VAGNUP1452791_clean   6.16218  ...  0.001869  2.071697

[5 rows x 15 columns]
2025-09-28 06:27:55,332 | INFO | [Preprocess] Drop NaN rows (FEATURES+TARGET): 7758 -> 7758
                                filename       LCD  ...     Input    Output
0  1499489-acs.cgd.6b01265_1499490_clean  10.85017  ...  0.057572  3.828743
1                           ACOCOM_clean  24.60642  ...  0.024488  2.320885
2                           ACOCUS_clean  24.38417  ...  0.025122  2.421950
3                           ACODAZ_clean  23.29182  ...  0.024674  2.366017
4    acs.cgd.5b01554_VAGNUP1452791_clean   6.16218  ...  0.009052  0.827845

[5 rows x 15 columns]
2025-09-28 06:27:55,332 | INFO | [Preprocess] Drop NaN rows (FEATURES+TARGET): 7758 -> 7758
                                filename       LCD  ...     Input    Output
0  1499489-acs.cgd.6b01265_1499490_clean  10.85017  ...  0.057572  6.921515
1                           ACOCOM_clean  24.60642  ...  0.024488  6.719717
2                           ACOCUS_clean  24.38417  ...  0.025122  6.908503
3                           ACODAZ_clean  23.29182  ...  0.024674  6.816153
4    acs.cgd.5b01554_VAGNUP1452791_clean   6.16218  ...  0.009052  2.071697

[5 rows x 15 columns]
2025-09-28 06:27:55,337 | INFO | [Preprocess] Drop NaN rows (FEATURES+TARGET): 7758 -> 7758
                                filename       LCD  ...     Input    Output
0  1499489-acs.cgd.6b01265_1499490_clean  10.85017  ...  0.011671  3.828743
1                           ACOCOM_clean  24.60642  ...  0.004799  2.320885
2                           ACOCUS_clean  24.38417  ...  0.005164  2.421950
3                           ACODAZ_clean  23.29182  ...  0.004873  2.366017
4    acs.cgd.5b01554_VAGNUP1452791_clean   6.16218  ...  0.001869  0.827845

[5 rows x 15 columns]
2025-09-28 06:27:55,337 | INFO | [Preprocess] Drop NaN rows (FEATURES+TARGET): 7758 -> 7758
                                filename       LCD  ...     Input    Output
0  1499489-acs.cgd.6b01265_1499490_clean  10.85017  ...  0.000012  6.921515
1                           ACOCOM_clean  24.60642  ...  0.000005  6.719717
2                           ACOCUS_clean  24.38417  ...  0.000005  6.908503
3                           ACODAZ_clean  23.29182  ...  0.000005  6.816153
4    acs.cgd.5b01554_VAGNUP1452791_clean   6.16218  ...  0.000002  2.071697

[5 rows x 15 columns]
2025-09-28 06:27:55,339 | INFO | [Preprocess] Drop NaN rows (FEATURES+TARGET): 7758 -> 7758
                                filename       LCD  ...     Input    Output
0  1499489-acs.cgd.6b01265_1499490_clean  10.85017  ...  0.000012  1.023811
1                           ACOCOM_clean  24.60642  ...  0.000005  0.487727
2                           ACOCUS_clean  24.38417  ...  0.000005  0.501413
3                           ACODAZ_clean  23.29182  ...  0.000005  0.491670
4    acs.cgd.5b01554_VAGNUP1452791_clean   6.16218  ...  0.000002  0.182295

[5 rows x 15 columns]
2025-09-28 06:27:55,339 | INFO | [Preprocess] Drop NaN rows (FEATURES+TARGET): 7758 -> 7758
                                filename       LCD  ...     Input    Output
0  1499489-acs.cgd.6b01265_1499490_clean  10.85017  ...  0.057572  1.023811
1                           ACOCOM_clean  24.60642  ...  0.024488  0.487727
2                           ACOCUS_clean  24.38417  ...  0.025122  0.501413
3                           ACODAZ_clean  23.29182  ...  0.024674  0.491670
4    acs.cgd.5b01554_VAGNUP1452791_clean   6.16218  ...  0.009052  0.182295

[5 rows x 15 columns]
2025-09-28 06:27:55,340 | INFO | [Preprocess] Drop NaN rows (FEATURES+TARGET): 7758 -> 7758
           LCD       PLD      LFPD  ...  NAV_cm3_g  Has_OMS     Input
0     10.85017   3.77263  10.26663  ...        0.0        0  0.114341
1     24.60642  13.03430  24.60642  ...        0.0        1  0.048430
2     24.38417  13.22222  24.38417  ...        0.0        1  0.051078
3     23.29182  13.11646  23.29182  ...        0.0        1  0.048796
4      6.16218   5.13230   5.87594  ...        0.0        1  0.018313
...        ...       ...       ...  ...        ...      ...       ...
7753   5.89251   3.41929   5.89251  ...        0.0        0  0.517919
7754   4.42995   3.86732   4.42995  ...        0.0        0  0.770065
7755   6.25511   5.54572   6.22585  ...        0.0        0  0.088855
7756   4.94280   4.31959   4.93372  ...        0.0        1  0.031117
7757  12.38418   6.85660  12.37540  ...        0.0        0  0.028861

[7758 rows x 13 columns]
2025-09-28 06:27:55,341 | INFO | [Seeds] trial=5 | seeds={'seed': 57, 'seed_qt': 5052, 'seed_rd': 10052, 'model_seed': 15052}
           LCD       PLD      LFPD  ...  NAV_cm3_g  Has_OMS     Input
0     10.85017   3.77263  10.26663  ...        0.0        0  0.011671
1     24.60642  13.03430  24.60642  ...        0.0        1  0.004799
2     24.38417  13.22222  24.38417  ...        0.0        1  0.005164
3     23.29182  13.11646  23.29182  ...        0.0        1  0.004873
4      6.16218   5.13230   5.87594  ...        0.0        1  0.001869
...        ...       ...       ...  ...        ...      ...       ...
7753   5.89251   3.41929   5.89251  ...        0.0        0  0.059579
7754   4.42995   3.86732   4.42995  ...        0.0        0  0.096229
7755   6.25511   5.54572   6.22585  ...        0.0        0  0.008731
7756   4.94280   4.31959   4.93372  ...        0.0        1  0.003097
7757  12.38418   6.85660  12.37540  ...        0.0        0  0.002687

[7758 rows x 13 columns]
2025-09-28 06:27:55,341 | INFO | [Seeds] trial=5 | seeds={'seed': 57, 'seed_qt': 5052, 'seed_rd': 10052, 'model_seed': 15052}
           LCD       PLD      LFPD  ...  NAV_cm3_g  Has_OMS     Input
0     10.85017   3.77263  10.26663  ...        0.0        0  0.000012
1     24.60642  13.03430  24.60642  ...        0.0        1  0.000005
2     24.38417  13.22222  24.38417  ...        0.0        1  0.000005
3     23.29182  13.11646  23.29182  ...        0.0        1  0.000005
4      6.16218   5.13230   5.87594  ...        0.0        1  0.000002
...        ...       ...       ...  ...        ...      ...       ...
7753   5.89251   3.41929   5.89251  ...        0.0        0  0.000061
7754   4.42995   3.86732   4.42995  ...        0.0        0  0.000098
7755   6.25511   5.54572   6.22585  ...        0.0        0  0.000009
7756   4.94280   4.31959   4.93372  ...        0.0        1  0.000003
7757  12.38418   6.85660  12.37540  ...        0.0        0  0.000003

[7758 rows x 13 columns]
2025-09-28 06:27:55,341 | INFO | [Seeds] trial=5 | seeds={'seed': 57, 'seed_qt': 5052, 'seed_rd': 10052, 'model_seed': 15052}
           LCD       PLD      LFPD  ...  NAV_cm3_g  Has_OMS     Input
0     10.85017   3.77263  10.26663  ...        0.0        0  0.011671
1     24.60642  13.03430  24.60642  ...        0.0        1  0.004799
2     24.38417  13.22222  24.38417  ...        0.0        1  0.005164
3     23.29182  13.11646  23.29182  ...        0.0        1  0.004873
4      6.16218   5.13230   5.87594  ...        0.0        1  0.001869
...        ...       ...       ...  ...        ...      ...       ...
7753   5.89251   3.41929   5.89251  ...        0.0        0  0.059579
7754   4.42995   3.86732   4.42995  ...        0.0        0  0.096229
7755   6.25511   5.54572   6.22585  ...        0.0        0  0.008731
7756   4.94280   4.31959   4.93372  ...        0.0        1  0.003097
7757  12.38418   6.85660  12.37540  ...        0.0        0  0.002687

[7758 rows x 13 columns]
2025-09-28 06:27:55,342 | INFO | [Seeds] trial=5 | seeds={'seed': 57, 'seed_qt': 5052, 'seed_rd': 10052, 'model_seed': 15052}
           LCD       PLD      LFPD  ...  NAV_cm3_g  Has_OMS     Input
0     10.85017   3.77263  10.26663  ...        0.0        0  0.057572
1     24.60642  13.03430  24.60642  ...        0.0        1  0.024488
2     24.38417  13.22222  24.38417  ...        0.0        1  0.025122
3     23.29182  13.11646  23.29182  ...        0.0        1  0.024674
4      6.16218   5.13230   5.87594  ...        0.0        1  0.009052
...        ...       ...       ...  ...        ...      ...       ...
7753   5.89251   3.41929   5.89251  ...        0.0        0  0.279056
7754   4.42995   3.86732   4.42995  ...        0.0        0  0.428234
7755   6.25511   5.54572   6.22585  ...        0.0        0  0.043958
7756   4.94280   4.31959   4.93372  ...        0.0        1  0.015553
7757  12.38418   6.85660  12.37540  ...        0.0        0  0.014511

[7758 rows x 13 columns]
2025-09-28 06:27:55,342 | INFO | [Seeds] trial=5 | seeds={'seed': 57, 'seed_qt': 5052, 'seed_rd': 10052, 'model_seed': 15052}
           LCD       PLD      LFPD  ...  NAV_cm3_g  Has_OMS     Input
0     10.85017   3.77263  10.26663  ...        0.0        0  0.057572
1     24.60642  13.03430  24.60642  ...        0.0        1  0.024488
2     24.38417  13.22222  24.38417  ...        0.0        1  0.025122
3     23.29182  13.11646  23.29182  ...        0.0        1  0.024674
4      6.16218   5.13230   5.87594  ...        0.0        1  0.009052
...        ...       ...       ...  ...        ...      ...       ...
7753   5.89251   3.41929   5.89251  ...        0.0        0  0.279056
7754   4.42995   3.86732   4.42995  ...        0.0        0  0.428234
7755   6.25511   5.54572   6.22585  ...        0.0        0  0.043958
7756   4.94280   4.31959   4.93372  ...        0.0        1  0.015553
7757  12.38418   6.85660  12.37540  ...        0.0        0  0.014511

[7758 rows x 13 columns]
2025-09-28 06:27:55,347 | INFO | [Seeds] trial=5 | seeds={'seed': 57, 'seed_qt': 5052, 'seed_rd': 10052, 'model_seed': 15052}
           LCD       PLD      LFPD  ...  NAV_cm3_g  Has_OMS     Input
0     10.85017   3.77263  10.26663  ...        0.0        0  0.011671
1     24.60642  13.03430  24.60642  ...        0.0        1  0.004799
2     24.38417  13.22222  24.38417  ...        0.0        1  0.005164
3     23.29182  13.11646  23.29182  ...        0.0        1  0.004873
4      6.16218   5.13230   5.87594  ...        0.0        1  0.001869
...        ...       ...       ...  ...        ...      ...       ...
7753   5.89251   3.41929   5.89251  ...        0.0        0  0.059579
7754   4.42995   3.86732   4.42995  ...        0.0        0  0.096229
7755   6.25511   5.54572   6.22585  ...        0.0        0  0.008731
7756   4.94280   4.31959   4.93372  ...        0.0        1  0.003097
7757  12.38418   6.85660  12.37540  ...        0.0        0  0.002687

[7758 rows x 13 columns]
2025-09-28 06:27:55,347 | INFO | [Seeds] trial=5 | seeds={'seed': 57, 'seed_qt': 5052, 'seed_rd': 10052, 'model_seed': 15052}
           LCD       PLD      LFPD  ...  NAV_cm3_g  Has_OMS     Input
0     10.85017   3.77263  10.26663  ...        0.0        0  0.000012
1     24.60642  13.03430  24.60642  ...        0.0        1  0.000005
2     24.38417  13.22222  24.38417  ...        0.0        1  0.000005
3     23.29182  13.11646  23.29182  ...        0.0        1  0.000005
4      6.16218   5.13230   5.87594  ...        0.0        1  0.000002
...        ...       ...       ...  ...        ...      ...       ...
7753   5.89251   3.41929   5.89251  ...        0.0        0  0.000061
7754   4.42995   3.86732   4.42995  ...        0.0        0  0.000098
7755   6.25511   5.54572   6.22585  ...        0.0        0  0.000009
7756   4.94280   4.31959   4.93372  ...        0.0        1  0.000003
7757  12.38418   6.85660  12.37540  ...        0.0        0  0.000003

[7758 rows x 13 columns]
2025-09-28 06:27:55,349 | INFO | [Seeds] trial=5 | seeds={'seed': 57, 'seed_qt': 5052, 'seed_rd': 10052, 'model_seed': 15052}
           LCD       PLD      LFPD  ...  NAV_cm3_g  Has_OMS     Input
0     10.85017   3.77263  10.26663  ...        0.0        0  0.000012
1     24.60642  13.03430  24.60642  ...        0.0        1  0.000005
2     24.38417  13.22222  24.38417  ...        0.0        1  0.000005
3     23.29182  13.11646  23.29182  ...        0.0        1  0.000005
4      6.16218   5.13230   5.87594  ...        0.0        1  0.000002
...        ...       ...       ...  ...        ...      ...       ...
7753   5.89251   3.41929   5.89251  ...        0.0        0  0.000061
7754   4.42995   3.86732   4.42995  ...        0.0        0  0.000098
7755   6.25511   5.54572   6.22585  ...        0.0        0  0.000009
7756   4.94280   4.31959   4.93372  ...        0.0        1  0.000003
7757  12.38418   6.85660  12.37540  ...        0.0        0  0.000003

[7758 rows x 13 columns]
2025-09-28 06:27:55,349 | INFO | [Seeds] trial=5 | seeds={'seed': 57, 'seed_qt': 5052, 'seed_rd': 10052, 'model_seed': 15052}
           LCD       PLD      LFPD  ...  NAV_cm3_g  Has_OMS     Input
0     10.85017   3.77263  10.26663  ...        0.0        0  0.057572
1     24.60642  13.03430  24.60642  ...        0.0        1  0.024488
2     24.38417  13.22222  24.38417  ...        0.0        1  0.025122
3     23.29182  13.11646  23.29182  ...        0.0        1  0.024674
4      6.16218   5.13230   5.87594  ...        0.0        1  0.009052
...        ...       ...       ...  ...        ...      ...       ...
7753   5.89251   3.41929   5.89251  ...        0.0        0  0.279056
7754   4.42995   3.86732   4.42995  ...        0.0        0  0.428234
7755   6.25511   5.54572   6.22585  ...        0.0        0  0.043958
7756   4.94280   4.31959   4.93372  ...        0.0        1  0.015553
7757  12.38418   6.85660  12.37540  ...        0.0        0  0.014511

[7758 rows x 13 columns]
2025-09-28 06:27:55,349 | INFO | [Seeds] trial=5 | seeds={'seed': 57, 'seed_qt': 5052, 'seed_rd': 10052, 'model_seed': 15052}
[-4.93401344 -5.31208418 -5.29652634 ... -5.05231244 -5.51096309
 -5.54080963]
200






[-4.93401344 -5.31208418 -5.29652634 ... -5.05231244 -5.51096309
 -5.54080963]
-6.9365390365260895 0.3306430365464997
200





2025-09-28 06:27:55,396 | INFO | [S3 QT→RD] train(qt)=3103, train(rd)=3103, test=1552 (train_ratio=0.80, qt_frac_total=0.40, shift=0.000e+00)
[-1.93289667 -2.31888185 -2.28700137 ... -2.05894258 -2.50910345
 -2.57076296]
200






[-1.93289667 -2.31888185 -2.28700137 ... -2.05894258 -2.50910345
 -2.57076296]
-3.909415731357975 0.5643213821464265
200





2025-09-28 06:27:55,398 | INFO | [S3 QT→RD] train(qt)=3103, train(rd)=3103, test=1552 (train_ratio=0.80, qt_frac_total=0.40, shift=0.000e+00)
[-1.93289667 -2.31888185 -2.28700137 ... -2.05894258 -2.50910345
 -2.57076296]
200






[-1.93289667 -2.31888185 -2.28700137 ... -2.05894258 -2.50910345
 -2.57076296]
-3.909415731357975 0.5643213821464265
200





2025-09-28 06:27:55,398 | INFO | [S3 QT→RD] train(qt)=3103, train(rd)=3103, test=1552 (train_ratio=0.80, qt_frac_total=0.40, shift=0.000e+00)
[-0.94179962 -1.31488651 -1.29176336 ... -1.05131667 -1.50700154
 -1.53968396]
200






[-0.94179962 -1.31488651 -1.29176336 ... -1.05131667 -1.50700154
 -1.53968396]
-2.9313475780658695 0.5836616632327096
200





2025-09-28 06:27:55,398 | INFO | [S3 QT→RD] train(qt)=3103, train(rd)=3103, test=1552 (train_ratio=0.80, qt_frac_total=0.40, shift=0.000e+00)
[-1.23978666 -1.61104109 -1.59994479 ... -1.3569614  -1.80817617
 -1.83830364]
200






[-1.23978666 -1.61104109 -1.59994479 ... -1.3569614  -1.80817617
 -1.83830364]
-3.235140821030459 0.5788876406777622
200





2025-09-28 06:27:55,399 | INFO | [S3 QT→RD] train(qt)=3103, train(rd)=3103, test=1552 (train_ratio=0.80, qt_frac_total=0.40, shift=0.000e+00)
[-1.23978666 -1.61104109 -1.59994479 ... -1.3569614  -1.80817617
 -1.83830364]
200






[-1.23978666 -1.61104109 -1.59994479 ... -1.3569614  -1.80817617
 -1.83830364]
-3.235140821030459 0.5788876406777622
200





2025-09-28 06:27:55,405 | INFO | [S3 QT→RD] train(qt)=3103, train(rd)=3103, test=1552 (train_ratio=0.80, qt_frac_total=0.40, shift=0.000e+00)
[-1.93289667 -2.31888185 -2.28700137 ... -2.05894258 -2.50910345
 -2.57076296]
200






[-1.93289667 -2.31888185 -2.28700137 ... -2.05894258 -2.50910345
 -2.57076296]
-3.909415731357975 0.5643213821464265
200





2025-09-28 06:27:55,405 | INFO | [S3 QT→RD] train(qt)=3103, train(rd)=3103, test=1552 (train_ratio=0.80, qt_frac_total=0.40, shift=0.000e+00)
[-4.93401344 -5.31208418 -5.29652634 ... -5.05231244 -5.51096309
 -5.54080963]
200






[-4.93401344 -5.31208418 -5.29652634 ... -5.05231244 -5.51096309
 -5.54080963]
-6.9365390365260895 0.3306430365464997
200





2025-09-28 06:27:55,405 | INFO | [S3 QT→RD] train(qt)=3103, train(rd)=3103, test=1552 (train_ratio=0.80, qt_frac_total=0.40, shift=0.000e+00)
[-4.93401344 -5.31208418 -5.29652634 ... -5.05231244 -5.51096309
 -5.54080963]
200






[-4.93401344 -5.31208418 -5.29652634 ... -5.05231244 -5.51096309
 -5.54080963]
-6.9365390365260895 0.3306430365464997
200





2025-09-28 06:27:55,406 | INFO | [S3 QT→RD] train(qt)=3103, train(rd)=3103, test=1552 (train_ratio=0.80, qt_frac_total=0.40, shift=0.000e+00)
[-1.23978666 -1.61104109 -1.59994479 ... -1.3569614  -1.80817617
 -1.83830364]
200






[-1.23978666 -1.61104109 -1.59994479 ... -1.3569614  -1.80817617
 -1.83830364]
-3.235140821030459 0.5788876406777622
200





2025-09-28 06:27:55,408 | INFO | [S3 QT→RD] train(qt)=3103, train(rd)=3103, test=1552 (train_ratio=0.80, qt_frac_total=0.40, shift=0.000e+00)
2025-09-28 06:27:55,882 | INFO | [Save] sampling scatter & histogram plots
2025-09-28 06:27:55,887 | INFO | [Save] sampling scatter & histogram plots
2025-09-28 06:27:55,887 | INFO | [Save] sampling scatter & histogram plots
2025-09-28 06:27:55,887 | INFO | [Save] sampling scatter & histogram plots
2025-09-28 06:27:55,888 | INFO | [Save] sampling scatter & histogram plots
2025-09-28 06:27:55,889 | INFO | [Save] sampling scatter & histogram plots
2025-09-28 06:27:55,890 | INFO | [Save] sampling scatter & histogram plots
2025-09-28 06:27:55,899 | INFO | [Save] sampling scatter & histogram plots
2025-09-28 06:27:55,902 | INFO | [Save] sampling scatter & histogram plots
2025-09-28 06:27:55,906 | INFO | [Save] sampling scatter & histogram plots
           LCD       PLD      LFPD  ...  NAV_cm3_g  Has_OMS     Input
0     10.85017   3.77263  10.26663  ...        0.0        0  0.000012
1     24.60642  13.03430  24.60642  ...        0.0        1  0.000005
2     24.38417  13.22222  24.38417  ...        0.0        1  0.000005
3     23.29182  13.11646  23.29182  ...        0.0        1  0.000005
4      6.16218   5.13230   5.87594  ...        0.0        1  0.000002
...        ...       ...       ...  ...        ...      ...       ...
7753   5.89251   3.41929   5.89251  ...        0.0        0  0.000061
7754   4.42995   3.86732   4.42995  ...        0.0        0  0.000098
7755   6.25511   5.54572   6.22585  ...        0.0        0  0.000009
7756   4.94280   4.31959   4.93372  ...        0.0        1  0.000003
7757  12.38418   6.85660  12.37540  ...        0.0        0  0.000003

[7758 rows x 13 columns]
Index(['LCD', 'PLD', 'LFPD', 'cm3_g', 'ASA_m2_cm3', 'ASA_m2_g', 'NASA_m2_cm3',
       'NASA_m2_g', 'AV_VF', 'AV_cm3_g', 'NAV_cm3_g', 'Has_OMS', 'Input'],
      dtype='object')
2025-09-28 06:27:55,945 | INFO | [Model] kind=cat | params={'iterations': 500, 'learning_rate': 0.05, 'depth': 8, 'loss_function': 'RMSE', 'random_seed': 15052, 'verbose': False}
2025-09-28 06:27:55,945 | INFO | [Holdout_trial005] Train=6206 | Test=1552
           LCD       PLD      LFPD  ...  NAV_cm3_g  Has_OMS     Input
0     10.85017   3.77263  10.26663  ...        0.0        0  0.011671
1     24.60642  13.03430  24.60642  ...        0.0        1  0.004799
2     24.38417  13.22222  24.38417  ...        0.0        1  0.005164
3     23.29182  13.11646  23.29182  ...        0.0        1  0.004873
4      6.16218   5.13230   5.87594  ...        0.0        1  0.001869
...        ...       ...       ...  ...        ...      ...       ...
7753   5.89251   3.41929   5.89251  ...        0.0        0  0.059579
7754   4.42995   3.86732   4.42995  ...        0.0        0  0.096229
7755   6.25511   5.54572   6.22585  ...        0.0        0  0.008731
7756   4.94280   4.31959   4.93372  ...        0.0        1  0.003097
7757  12.38418   6.85660  12.37540  ...        0.0        0  0.002687

[7758 rows x 13 columns]
Index(['LCD', 'PLD', 'LFPD', 'cm3_g', 'ASA_m2_cm3', 'ASA_m2_g', 'NASA_m2_cm3',
       'NASA_m2_g', 'AV_VF', 'AV_cm3_g', 'NAV_cm3_g', 'Has_OMS', 'Input'],
      dtype='object')
2025-09-28 06:27:55,950 | INFO | [Model] kind=cat | params={'iterations': 500, 'learning_rate': 0.05, 'depth': 8, 'loss_function': 'RMSE', 'random_seed': 15052, 'verbose': False}
2025-09-28 06:27:55,950 | INFO | [Holdout_trial005] Train=6206 | Test=1552
           LCD       PLD      LFPD  ...  NAV_cm3_g  Has_OMS     Input
0     10.85017   3.77263  10.26663  ...        0.0        0  0.000012
1     24.60642  13.03430  24.60642  ...        0.0        1  0.000005
2     24.38417  13.22222  24.38417  ...        0.0        1  0.000005
3     23.29182  13.11646  23.29182  ...        0.0        1  0.000005
4      6.16218   5.13230   5.87594  ...        0.0        1  0.000002
...        ...       ...       ...  ...        ...      ...       ...
7753   5.89251   3.41929   5.89251  ...        0.0        0  0.000061
7754   4.42995   3.86732   4.42995  ...        0.0        0  0.000098
7755   6.25511   5.54572   6.22585  ...        0.0        0  0.000009
7756   4.94280   4.31959   4.93372  ...        0.0        1  0.000003
7757  12.38418   6.85660  12.37540  ...        0.0        0  0.000003

[7758 rows x 13 columns]
Index(['LCD', 'PLD', 'LFPD', 'cm3_g', 'ASA_m2_cm3', 'ASA_m2_g', 'NASA_m2_cm3',
       'NASA_m2_g', 'AV_VF', 'AV_cm3_g', 'NAV_cm3_g', 'Has_OMS', 'Input'],
      dtype='object')
2025-09-28 06:27:55,951 | INFO | [Model] kind=cat | params={'iterations': 500, 'learning_rate': 0.05, 'depth': 8, 'loss_function': 'RMSE', 'random_seed': 15052, 'verbose': False}
2025-09-28 06:27:55,951 | INFO | [Holdout_trial005] Train=6206 | Test=1552
           LCD       PLD      LFPD  ...  NAV_cm3_g  Has_OMS     Input
0     10.85017   3.77263  10.26663  ...        0.0        0  0.011671
1     24.60642  13.03430  24.60642  ...        0.0        1  0.004799
2     24.38417  13.22222  24.38417  ...        0.0        1  0.005164
3     23.29182  13.11646  23.29182  ...        0.0        1  0.004873
4      6.16218   5.13230   5.87594  ...        0.0        1  0.001869
...        ...       ...       ...  ...        ...      ...       ...
7753   5.89251   3.41929   5.89251  ...        0.0        0  0.059579
7754   4.42995   3.86732   4.42995  ...        0.0        0  0.096229
7755   6.25511   5.54572   6.22585  ...        0.0        0  0.008731
7756   4.94280   4.31959   4.93372  ...        0.0        1  0.003097
7757  12.38418   6.85660  12.37540  ...        0.0        0  0.002687

[7758 rows x 13 columns]
Index(['LCD', 'PLD', 'LFPD', 'cm3_g', 'ASA_m2_cm3', 'ASA_m2_g', 'NASA_m2_cm3',
       'NASA_m2_g', 'AV_VF', 'AV_cm3_g', 'NAV_cm3_g', 'Has_OMS', 'Input'],
      dtype='object')
2025-09-28 06:27:55,951 | INFO | [Model] kind=cat | params={'iterations': 500, 'learning_rate': 0.05, 'depth': 8, 'loss_function': 'RMSE', 'random_seed': 15052, 'verbose': False}
2025-09-28 06:27:55,951 | INFO | [Holdout_trial005] Train=6206 | Test=1552
           LCD       PLD      LFPD  ...  NAV_cm3_g  Has_OMS     Input
0     10.85017   3.77263  10.26663  ...        0.0        0  0.057572
1     24.60642  13.03430  24.60642  ...        0.0        1  0.024488
2     24.38417  13.22222  24.38417  ...        0.0        1  0.025122
3     23.29182  13.11646  23.29182  ...        0.0        1  0.024674
4      6.16218   5.13230   5.87594  ...        0.0        1  0.009052
...        ...       ...       ...  ...        ...      ...       ...
7753   5.89251   3.41929   5.89251  ...        0.0        0  0.279056
7754   4.42995   3.86732   4.42995  ...        0.0        0  0.428234
7755   6.25511   5.54572   6.22585  ...        0.0        0  0.043958
7756   4.94280   4.31959   4.93372  ...        0.0        1  0.015553
7757  12.38418   6.85660  12.37540  ...        0.0        0  0.014511

[7758 rows x 13 columns]
Index(['LCD', 'PLD', 'LFPD', 'cm3_g', 'ASA_m2_cm3', 'ASA_m2_g', 'NASA_m2_cm3',
       'NASA_m2_g', 'AV_VF', 'AV_cm3_g', 'NAV_cm3_g', 'Has_OMS', 'Input'],
      dtype='object')
2025-09-28 06:27:55,951 | INFO | [Model] kind=cat | params={'iterations': 500, 'learning_rate': 0.05, 'depth': 8, 'loss_function': 'RMSE', 'random_seed': 15052, 'verbose': False}
2025-09-28 06:27:55,952 | INFO | [Holdout_trial005] Train=6206 | Test=1552
           LCD       PLD      LFPD  ...  NAV_cm3_g  Has_OMS     Input
0     10.85017   3.77263  10.26663  ...        0.0        0  0.000012
1     24.60642  13.03430  24.60642  ...        0.0        1  0.000005
2     24.38417  13.22222  24.38417  ...        0.0        1  0.000005
3     23.29182  13.11646  23.29182  ...        0.0        1  0.000005
4      6.16218   5.13230   5.87594  ...        0.0        1  0.000002
...        ...       ...       ...  ...        ...      ...       ...
7753   5.89251   3.41929   5.89251  ...        0.0        0  0.000061
7754   4.42995   3.86732   4.42995  ...        0.0        0  0.000098
7755   6.25511   5.54572   6.22585  ...        0.0        0  0.000009
7756   4.94280   4.31959   4.93372  ...        0.0        1  0.000003
7757  12.38418   6.85660  12.37540  ...        0.0        0  0.000003

[7758 rows x 13 columns]
Index(['LCD', 'PLD', 'LFPD', 'cm3_g', 'ASA_m2_cm3', 'ASA_m2_g', 'NASA_m2_cm3',
       'NASA_m2_g', 'AV_VF', 'AV_cm3_g', 'NAV_cm3_g', 'Has_OMS', 'Input'],
      dtype='object')
2025-09-28 06:27:55,952 | INFO | [Model] kind=cat | params={'iterations': 500, 'learning_rate': 0.05, 'depth': 8, 'loss_function': 'RMSE', 'random_seed': 15052, 'verbose': False}
2025-09-28 06:27:55,952 | INFO | [Holdout_trial005] Train=6206 | Test=1552
           LCD       PLD      LFPD  ...  NAV_cm3_g  Has_OMS     Input
0     10.85017   3.77263  10.26663  ...        0.0        0  0.011671
1     24.60642  13.03430  24.60642  ...        0.0        1  0.004799
2     24.38417  13.22222  24.38417  ...        0.0        1  0.005164
3     23.29182  13.11646  23.29182  ...        0.0        1  0.004873
4      6.16218   5.13230   5.87594  ...        0.0        1  0.001869
...        ...       ...       ...  ...        ...      ...       ...
7753   5.89251   3.41929   5.89251  ...        0.0        0  0.059579
7754   4.42995   3.86732   4.42995  ...        0.0        0  0.096229
7755   6.25511   5.54572   6.22585  ...        0.0        0  0.008731
7756   4.94280   4.31959   4.93372  ...        0.0        1  0.003097
7757  12.38418   6.85660  12.37540  ...        0.0        0  0.002687

[7758 rows x 13 columns]
Index(['LCD', 'PLD', 'LFPD', 'cm3_g', 'ASA_m2_cm3', 'ASA_m2_g', 'NASA_m2_cm3',
       'NASA_m2_g', 'AV_VF', 'AV_cm3_g', 'NAV_cm3_g', 'Has_OMS', 'Input'],
      dtype='object')
2025-09-28 06:27:55,954 | INFO | [Model] kind=cat | params={'iterations': 500, 'learning_rate': 0.05, 'depth': 8, 'loss_function': 'RMSE', 'random_seed': 15052, 'verbose': False}
2025-09-28 06:27:55,954 | INFO | [Holdout_trial005] Train=6206 | Test=1552
           LCD       PLD      LFPD  ...  NAV_cm3_g  Has_OMS     Input
0     10.85017   3.77263  10.26663  ...        0.0        0  0.057572
1     24.60642  13.03430  24.60642  ...        0.0        1  0.024488
2     24.38417  13.22222  24.38417  ...        0.0        1  0.025122
3     23.29182  13.11646  23.29182  ...        0.0        1  0.024674
4      6.16218   5.13230   5.87594  ...        0.0        1  0.009052
...        ...       ...       ...  ...        ...      ...       ...
7753   5.89251   3.41929   5.89251  ...        0.0        0  0.279056
7754   4.42995   3.86732   4.42995  ...        0.0        0  0.428234
7755   6.25511   5.54572   6.22585  ...        0.0        0  0.043958
7756   4.94280   4.31959   4.93372  ...        0.0        1  0.015553
7757  12.38418   6.85660  12.37540  ...        0.0        0  0.014511

[7758 rows x 13 columns]
Index(['LCD', 'PLD', 'LFPD', 'cm3_g', 'ASA_m2_cm3', 'ASA_m2_g', 'NASA_m2_cm3',
       'NASA_m2_g', 'AV_VF', 'AV_cm3_g', 'NAV_cm3_g', 'Has_OMS', 'Input'],
      dtype='object')
2025-09-28 06:27:55,962 | INFO | [Model] kind=cat | params={'iterations': 500, 'learning_rate': 0.05, 'depth': 8, 'loss_function': 'RMSE', 'random_seed': 15052, 'verbose': False}
2025-09-28 06:27:55,962 | INFO | [Holdout_trial005] Train=6206 | Test=1552
           LCD       PLD      LFPD  ...  NAV_cm3_g  Has_OMS     Input
0     10.85017   3.77263  10.26663  ...        0.0        0  0.057572
1     24.60642  13.03430  24.60642  ...        0.0        1  0.024488
2     24.38417  13.22222  24.38417  ...        0.0        1  0.025122
3     23.29182  13.11646  23.29182  ...        0.0        1  0.024674
4      6.16218   5.13230   5.87594  ...        0.0        1  0.009052
...        ...       ...       ...  ...        ...      ...       ...
7753   5.89251   3.41929   5.89251  ...        0.0        0  0.279056
7754   4.42995   3.86732   4.42995  ...        0.0        0  0.428234
7755   6.25511   5.54572   6.22585  ...        0.0        0  0.043958
7756   4.94280   4.31959   4.93372  ...        0.0        1  0.015553
7757  12.38418   6.85660  12.37540  ...        0.0        0  0.014511

[7758 rows x 13 columns]
Index(['LCD', 'PLD', 'LFPD', 'cm3_g', 'ASA_m2_cm3', 'ASA_m2_g', 'NASA_m2_cm3',
       'NASA_m2_g', 'AV_VF', 'AV_cm3_g', 'NAV_cm3_g', 'Has_OMS', 'Input'],
      dtype='object')
2025-09-28 06:27:55,966 | INFO | [Model] kind=cat | params={'iterations': 500, 'learning_rate': 0.05, 'depth': 8, 'loss_function': 'RMSE', 'random_seed': 15052, 'verbose': False}
2025-09-28 06:27:55,966 | INFO | [Holdout_trial005] Train=6206 | Test=1552
           LCD       PLD      LFPD  ...  NAV_cm3_g  Has_OMS     Input
0     10.85017   3.77263  10.26663  ...        0.0        0  0.114341
1     24.60642  13.03430  24.60642  ...        0.0        1  0.048430
2     24.38417  13.22222  24.38417  ...        0.0        1  0.051078
3     23.29182  13.11646  23.29182  ...        0.0        1  0.048796
4      6.16218   5.13230   5.87594  ...        0.0        1  0.018313
...        ...       ...       ...  ...        ...      ...       ...
7753   5.89251   3.41929   5.89251  ...        0.0        0  0.517919
7754   4.42995   3.86732   4.42995  ...        0.0        0  0.770065
7755   6.25511   5.54572   6.22585  ...        0.0        0  0.088855
7756   4.94280   4.31959   4.93372  ...        0.0        1  0.031117
7757  12.38418   6.85660  12.37540  ...        0.0        0  0.028861

[7758 rows x 13 columns]
Index(['LCD', 'PLD', 'LFPD', 'cm3_g', 'ASA_m2_cm3', 'ASA_m2_g', 'NASA_m2_cm3',
       'NASA_m2_g', 'AV_VF', 'AV_cm3_g', 'NAV_cm3_g', 'Has_OMS', 'Input'],
      dtype='object')
2025-09-28 06:27:55,967 | INFO | [Model] kind=cat | params={'iterations': 500, 'learning_rate': 0.05, 'depth': 8, 'loss_function': 'RMSE', 'random_seed': 15052, 'verbose': False}
2025-09-28 06:27:55,967 | INFO | [Holdout_trial005] Train=6206 | Test=1552
2025-09-28 06:27:59,717 | INFO | [Timing_trial005] fit_time=3.763s
2025-09-28 06:27:59,720 | INFO | [Timing_trial005] predict_time=0.002s
3       2.366017
4       0.827845
8       2.151931
30      2.751332
32      1.927053
          ...   
7730    2.371464
7731    0.994940
7738    1.877409
7747    2.083740
7751    2.709379
Name: Output, Length: 1552, dtype: float64 [2.21920113 0.84275856 2.21303803 ... 2.44959655 2.01418231 2.90219377] 




2025-09-28 06:27:59,725 | INFO | [Metrics_trial005] R2=0.954926 | MAE=0.109185 | RMSE=0.028331 | MAPE%=5.427
2025-09-28 06:27:59,740 | INFO | [Save] predictions_holdout_trial005.csv
2025-09-28 06:27:59,741 | INFO | [Timing_trial005] fit_time=3.778s
2025-09-28 06:27:59,741 | INFO | [Timing_trial005] fit_time=3.788s
2025-09-28 06:27:59,741 | INFO | [Save] metrics_holdout_trial005.csv
2025-09-28 06:27:59,741 | INFO | [Save] feature_importances_holdout_trial005.csv
2025-09-28 06:27:59,741 | INFO | [Save] model_params_trial005.json
2025-09-28 06:27:59,742 | INFO | [Done] trial=5 | outputs at: try14_Ar273_and_313_re_LOWsensitivity/Ar_273_0.01_to_5__struct+input__qt_then_rd__cat_TRAIN_RATIO0.8_QTFRAC_0.8/trial_005
2025-09-28 06:27:59,743 | INFO | [Timing_trial005] predict_time=0.002s
2025-09-28 06:27:59,743 | INFO | [Timing_trial005] predict_time=0.002s
2025-09-28 06:27:59,747 | INFO | [Timing_trial005] fit_time=3.796s
2       0.501413
3       0.491670
4       0.182295
19      0.215479
21      0.319130
          ...   
7738    0.647901
7741    0.665314
7743    0.513806
7747    0.690634
7752    1.039242
Name: Output, Length: 1552, dtype: float64 [0.48470356 0.48444944 0.19450602 ... 0.50486823 0.68665549 1.02496331] 




2025-09-28 06:27:59,748 | INFO | [Metrics_trial005] R2=0.974812 | MAE=0.019707 | RMSE=0.001730 | MAPE%=3.350
4       2.071697
6       6.955886
8       5.702148
35      6.696868
36      6.327023
          ...   
7736    5.188879
7737    3.124754
7739    2.949864
7744    5.766248
7755    7.670154
Name: Output, Length: 1552, dtype: float64 [2.07985028 6.91180518 5.5971578  ... 3.06926392 5.27756722 7.495142  ] 




2025-09-28 06:27:59,748 | INFO | [Metrics_trial005] R2=0.952003 | MAE=0.251995 | RMSE=0.132293 | MAPE%=6.413
2025-09-28 06:27:59,749 | INFO | [Timing_trial005] predict_time=0.002s
2       6.908503
3       6.816153
4       2.071697
19      2.913350
21      3.704935
          ...   
7738    3.340029
7741    4.419617
7743    2.545209
7747    3.201925
7752    4.798135
Name: Output, Length: 1552, dtype: float64 [6.42827956 6.3166785  2.09154095 ... 2.51277849 3.1020789  4.83694783] 




2025-09-28 06:27:59,754 | INFO | [Metrics_trial005] R2=0.945526 | MAE=0.251542 | RMSE=0.155553 | MAPE%=6.385
2025-09-28 06:27:59,762 | INFO | [Save] predictions_holdout_trial005.csv
2025-09-28 06:27:59,762 | INFO | [Save] predictions_holdout_trial005.csv
2025-09-28 06:27:59,763 | INFO | [Save] metrics_holdout_trial005.csv
2025-09-28 06:27:59,763 | INFO | [Save] metrics_holdout_trial005.csv
2025-09-28 06:27:59,764 | INFO | [Timing_trial005] fit_time=3.797s
2025-09-28 06:27:59,764 | INFO | [Save] feature_importances_holdout_trial005.csv
2025-09-28 06:27:59,764 | INFO | [Save] feature_importances_holdout_trial005.csv
2025-09-28 06:27:59,764 | INFO | [Save] model_params_trial005.json
2025-09-28 06:27:59,764 | INFO | [Save] model_params_trial005.json
2025-09-28 06:27:59,764 | INFO | [Done] trial=5 | outputs at: try14_Ar273_and_313_re_LOWsensitivity/Ar_273_0.05_to_15__struct+input__qt_then_rd__cat_TRAIN_RATIO0.8_QTFRAC_0.8/trial_005
2025-09-28 06:27:59,764 | INFO | [Done] trial=5 | outputs at: try14_Ar273_and_313_re_LOWsensitivity/Ar_273_Henry_to_1__struct+input__qt_then_rd__cat_TRAIN_RATIO0.8_QTFRAC_0.8/trial_005
2025-09-28 06:27:59,765 | INFO | [Timing_trial005] fit_time=3.820s
2025-09-28 06:27:59,766 | INFO | [Timing_trial005] predict_time=0.002s
2025-09-28 06:27:59,768 | INFO | [Timing_trial005] predict_time=0.003s
2025-09-28 06:27:59,769 | INFO | [Save] predictions_holdout_trial005.csv
2025-09-28 06:27:59,770 | INFO | [Save] metrics_holdout_trial005.csv
2025-09-28 06:27:59,770 | INFO | [Save] feature_importances_holdout_trial005.csv
2025-09-28 06:27:59,770 | INFO | [Save] model_params_trial005.json
2025-09-28 06:27:59,770 | INFO | [Done] trial=5 | outputs at: try14_Ar273_and_313_re_LOWsensitivity/Ar_273_Henry_to_15__struct+input__qt_then_rd__cat_TRAIN_RATIO0.8_QTFRAC_0.8/trial_005
4       0.182295
6       0.774833
8       0.471141
35      0.657174
36      0.578919
          ...   
7736    0.702674
7737    0.747840
7739    0.261874
7744    0.509055
7755    0.831536
Name: Output, Length: 1552, dtype: float64 [0.18700392 0.75718247 0.46430735 ... 0.26932008 0.49096084 0.83081886] 




2025-09-28 06:27:59,771 | INFO | [Metrics_trial005] R2=0.981924 | MAE=0.018555 | RMSE=0.001179 | MAPE%=3.169
2025-09-28 06:27:59,772 | INFO | [Timing_trial005] fit_time=3.821s
2       2.421950
3       2.366017
4       0.827845
19      1.020085
21      1.432602
          ...   
7738    1.877409
7741    2.397357
7743    1.628807
7747    2.083740
7752    3.117784
Name: Output, Length: 1552, dtype: float64 [2.29260019 2.25214487 0.80345028 ... 1.58377212 2.04746983 3.13850943] 




2025-09-28 06:27:59,773 | INFO | [Metrics_trial005] R2=0.950714 | MAE=0.107915 | RMSE=0.032112 | MAPE%=5.275
2025-09-28 06:27:59,775 | INFO | [Timing_trial005] predict_time=0.002s
3       0.491670
4       0.182295
8       0.471141
30      0.790016
32      0.560675
          ...   
7730    0.642216
7731    0.258965
7738    0.647901
7747    0.690634
7751    0.879639
Name: Output, Length: 1552, dtype: float64 [0.47757993 0.18631056 0.47535171 ... 0.75737642 0.68152215 0.90092218] 




2025-09-28 06:27:59,779 | INFO | [Metrics_trial005] R2=0.981496 | MAE=0.019094 | RMSE=0.001193 | MAPE%=3.444
2025-09-28 06:27:59,779 | INFO | [Timing_trial005] fit_time=3.827s
2025-09-28 06:27:59,782 | INFO | [Timing_trial005] predict_time=0.002s
2025-09-28 06:27:59,786 | INFO | [Save] predictions_holdout_trial005.csv
4       0.827845
6       2.972773
8       2.151931
35      2.827864
36      2.518244
          ...   
7736    2.719914
7737    2.121449
7739    1.161013
7744    2.312018
7755    3.669149
Name: Output, Length: 1552, dtype: float64 [0.80236403 2.91827578 2.12749671 ... 1.22782892 2.13628169 3.55918843] 




2025-09-28 06:27:59,786 | INFO | [Metrics_trial005] R2=0.952964 | MAE=0.112070 | RMSE=0.029873 | MAPE%=5.486
2025-09-28 06:27:59,787 | INFO | [Save] metrics_holdout_trial005.csv
2025-09-28 06:27:59,787 | INFO | [Save] predictions_holdout_trial005.csv
2025-09-28 06:27:59,787 | INFO | [Save] feature_importances_holdout_trial005.csv
2025-09-28 06:27:59,787 | INFO | [Save] model_params_trial005.json
2025-09-28 06:27:59,787 | INFO | [Done] trial=5 | outputs at: try14_Ar273_and_313_re_LOWsensitivity/Ar_273_0.05_to_1__struct+input__qt_then_rd__cat_TRAIN_RATIO0.8_QTFRAC_0.8/trial_005
2025-09-28 06:27:59,788 | INFO | [Save] metrics_holdout_trial005.csv
2025-09-28 06:27:59,789 | INFO | [Save] feature_importances_holdout_trial005.csv
2025-09-28 06:27:59,789 | INFO | [Save] model_params_trial005.json
2025-09-28 06:27:59,789 | INFO | [Done] trial=5 | outputs at: try14_Ar273_and_313_re_LOWsensitivity/Ar_273_Henry_to_5__struct+input__qt_then_rd__cat_TRAIN_RATIO0.8_QTFRAC_0.8/trial_005
2025-09-28 06:27:59,793 | INFO | [Save] predictions_holdout_trial005.csv
2025-09-28 06:27:59,795 | INFO | [Save] metrics_holdout_trial005.csv
2025-09-28 06:27:59,795 | INFO | [Save] feature_importances_holdout_trial005.csv
2025-09-28 06:27:59,795 | INFO | [Save] model_params_trial005.json
2025-09-28 06:27:59,795 | INFO | [Done] trial=5 | outputs at: try14_Ar273_and_313_re_LOWsensitivity/Ar_273_0.01_to_1__struct+input__qt_then_rd__cat_TRAIN_RATIO0.8_QTFRAC_0.8/trial_005
2025-09-28 06:27:59,800 | INFO | [Save] predictions_holdout_trial005.csv
2025-09-28 06:27:59,802 | INFO | [Save] metrics_holdout_trial005.csv
2025-09-28 06:27:59,802 | INFO | [Save] feature_importances_holdout_trial005.csv
2025-09-28 06:27:59,802 | INFO | [Save] model_params_trial005.json
2025-09-28 06:27:59,802 | INFO | [Timing_trial005] fit_time=3.835s
2025-09-28 06:27:59,802 | INFO | [Done] trial=5 | outputs at: try14_Ar273_and_313_re_LOWsensitivity/Ar_273_0.05_to_5__struct+input__qt_then_rd__cat_TRAIN_RATIO0.8_QTFRAC_0.8/trial_005
2025-09-28 06:27:59,805 | INFO | [Timing_trial005] predict_time=0.002s
3       0.491670
5       0.990868
8       0.471141
33      0.454352
35      0.657174
          ...   
7742    0.565941
7743    0.513806
7747    0.690634
7751    0.879639
7756    0.284074
Name: Output, Length: 1552, dtype: float64 [0.48693931 1.2067313  0.45452171 ... 0.67308435 0.88499823 0.28971793] 




2025-09-28 06:27:59,809 | INFO | [Metrics_trial005] R2=0.988841 | MAE=0.016193 | RMSE=0.000712 | MAPE%=2.920
2025-09-28 06:27:59,824 | INFO | [Save] predictions_holdout_trial005.csv
2025-09-28 06:27:59,825 | INFO | [Save] metrics_holdout_trial005.csv
2025-09-28 06:27:59,825 | INFO | [Save] feature_importances_holdout_trial005.csv
2025-09-28 06:27:59,826 | INFO | [Save] model_params_trial005.json
2025-09-28 06:27:59,826 | INFO | [Done] trial=5 | outputs at: try14_Ar273_and_313_re_LOWsensitivity/Ar_273_0.1_to_1__struct+input__qt_then_rd__cat_TRAIN_RATIO0.8_QTFRAC_0.8/trial_005
2025-09-28 06:27:59,926 | INFO | [Timing_trial005] fit_time=3.976s
2025-09-28 06:27:59,929 | INFO | [Timing_trial005] predict_time=0.003s
3       6.816153
4       2.071697
8       5.702148
30      4.743100
32      3.315668
          ...   
7730    4.470716
7731    1.803319
7738    3.340029
7747    3.201925
7751    4.130191
Name: Output, Length: 1552, dtype: float64 [6.30320361 2.1267497  5.88484326 ... 4.24100307 3.03573463 4.37944038] 




2025-09-28 06:27:59,933 | INFO | [Metrics_trial005] R2=0.949955 | MAE=0.247621 | RMSE=0.137258 | MAPE%=6.440
2025-09-28 06:27:59,947 | INFO | [Save] predictions_holdout_trial005.csv
2025-09-28 06:27:59,949 | INFO | [Save] metrics_holdout_trial005.csv
2025-09-28 06:27:59,949 | INFO | [Save] feature_importances_holdout_trial005.csv
2025-09-28 06:27:59,949 | INFO | [Save] model_params_trial005.json
2025-09-28 06:27:59,949 | INFO | [Done] trial=5 | outputs at: try14_Ar273_and_313_re_LOWsensitivity/Ar_273_0.01_to_15__struct+input__qt_then_rd__cat_TRAIN_RATIO0.8_QTFRAC_0.8/trial_005
Running commands:   3%|█▌                                            | 1/30 [00:05<02:49,  5.84s/it]Running commands:  30%|█████████████▊                                | 9/30 [00:05<00:10,  2.08it/s]Removed 8 rows from mis_lis
2025-09-28 06:28:01,160 | INFO | [Data] Loaded: ../Data_collect/DataSet_PLDSCREENED_2/Ar_273K/Ar_273K_Ar_273K_0.1_to_Ar_273K_5_dataset.csv | rows=7758 | cols=15
2025-09-28 06:28:01,160 | INFO | [Features] Using 13 features: ['LCD', 'PLD', 'LFPD', 'cm3_g', 'ASA_m2_cm3', 'ASA_m2_g', 'NASA_m2_cm3', 'NASA_m2_g', 'AV_VF', 'AV_cm3_g', 'NAV_cm3_g', 'Has_OMS', 'Input']
                                filename       LCD  ...     Input    Output
0  1499489-acs.cgd.6b01265_1499490_clean  10.85017  ...  0.114341  3.828743
1                           ACOCOM_clean  24.60642  ...  0.048430  2.320885
2                           ACOCUS_clean  24.38417  ...  0.051078  2.421950
3                           ACODAZ_clean  23.29182  ...  0.048796  2.366017
4    acs.cgd.5b01554_VAGNUP1452791_clean   6.16218  ...  0.018313  0.827845

[5 rows x 15 columns]
2025-09-28 06:28:01,171 | INFO | [Preprocess] Drop NaN rows (FEATURES+TARGET): 7758 -> 7758
           LCD       PLD      LFPD  ...  NAV_cm3_g  Has_OMS     Input
0     10.85017   3.77263  10.26663  ...        0.0        0  0.114341
1     24.60642  13.03430  24.60642  ...        0.0        1  0.048430
2     24.38417  13.22222  24.38417  ...        0.0        1  0.051078
3     23.29182  13.11646  23.29182  ...        0.0        1  0.048796
4      6.16218   5.13230   5.87594  ...        0.0        1  0.018313
...        ...       ...       ...  ...        ...      ...       ...
7753   5.89251   3.41929   5.89251  ...        0.0        0  0.517919
7754   4.42995   3.86732   4.42995  ...        0.0        0  0.770065
7755   6.25511   5.54572   6.22585  ...        0.0        0  0.088855
7756   4.94280   4.31959   4.93372  ...        0.0        1  0.031117
7757  12.38418   6.85660  12.37540  ...        0.0        0  0.028861

[7758 rows x 13 columns]
2025-09-28 06:28:01,180 | INFO | [Seeds] trial=5 | seeds={'seed': 57, 'seed_qt': 5052, 'seed_rd': 10052, 'model_seed': 15052}
Removed 8 rows from mis_lis
2025-09-28 06:28:01,199 | INFO | [Data] Loaded: ../Data_collect/DataSet_PLDSCREENED_2/Ar_273K/Ar_273K_Ar_273K_0.5_to_Ar_273K_1_dataset.csv | rows=7758 | cols=15
Removed 8 rows from mis_lis
2025-09-28 06:28:01,199 | INFO | [Data] Loaded: ../Data_collect/DataSet_PLDSCREENED_2/Ar_273K/Ar_273K_Ar_273K_0.1_to_Ar_273K_15_dataset.csv | rows=7758 | cols=15
Removed 8 rows from mis_lis
2025-09-28 06:28:01,199 | INFO | [Data] Loaded: ../Data_collect/DataSet_PLDSCREENED_2/Ar_273K/Ar_273K_Ar_273K_0.5_to_Ar_273K_5_dataset.csv | rows=7758 | cols=15
2025-09-28 06:28:01,200 | INFO | [Features] Using 13 features: ['LCD', 'PLD', 'LFPD', 'cm3_g', 'ASA_m2_cm3', 'ASA_m2_g', 'NASA_m2_cm3', 'NASA_m2_g', 'AV_VF', 'AV_cm3_g', 'NAV_cm3_g', 'Has_OMS', 'Input']
2025-09-28 06:28:01,200 | INFO | [Features] Using 13 features: ['LCD', 'PLD', 'LFPD', 'cm3_g', 'ASA_m2_cm3', 'ASA_m2_g', 'NASA_m2_cm3', 'NASA_m2_g', 'AV_VF', 'AV_cm3_g', 'NAV_cm3_g', 'Has_OMS', 'Input']
2025-09-28 06:28:01,200 | INFO | [Features] Using 13 features: ['LCD', 'PLD', 'LFPD', 'cm3_g', 'ASA_m2_cm3', 'ASA_m2_g', 'NASA_m2_cm3', 'NASA_m2_g', 'AV_VF', 'AV_cm3_g', 'NAV_cm3_g', 'Has_OMS', 'Input']
                                filename       LCD  ...     Input    Output
0  1499489-acs.cgd.6b01265_1499490_clean  10.85017  ...  0.553121  1.023811
1                           ACOCOM_clean  24.60642  ...  0.243848  0.487727
2                           ACOCUS_clean  24.38417  ...  0.251087  0.501413
3                           ACODAZ_clean  23.29182  ...  0.246485  0.491670
4    acs.cgd.5b01554_VAGNUP1452791_clean   6.16218  ...  0.091372  0.182295

[5 rows x 15 columns]
2025-09-28 06:28:01,210 | INFO | [Preprocess] Drop NaN rows (FEATURES+TARGET): 7758 -> 7758
                                filename       LCD  ...     Input    Output
0  1499489-acs.cgd.6b01265_1499490_clean  10.85017  ...  0.114341  6.921515
1                           ACOCOM_clean  24.60642  ...  0.048430  6.719717
2                           ACOCUS_clean  24.38417  ...  0.051078  6.908503
3                           ACODAZ_clean  23.29182  ...  0.048796  6.816153
4    acs.cgd.5b01554_VAGNUP1452791_clean   6.16218  ...  0.018313  2.071697

[5 rows x 15 columns]
2025-09-28 06:28:01,210 | INFO | [Preprocess] Drop NaN rows (FEATURES+TARGET): 7758 -> 7758
                                filename       LCD  ...     Input    Output
0  1499489-acs.cgd.6b01265_1499490_clean  10.85017  ...  0.553121  3.828743
1                           ACOCOM_clean  24.60642  ...  0.243848  2.320885
2                           ACOCUS_clean  24.38417  ...  0.251087  2.421950
3                           ACODAZ_clean  23.29182  ...  0.246485  2.366017
4    acs.cgd.5b01554_VAGNUP1452791_clean   6.16218  ...  0.091372  0.827845

[5 rows x 15 columns]
2025-09-28 06:28:01,210 | INFO | [Preprocess] Drop NaN rows (FEATURES+TARGET): 7758 -> 7758
Removed 8 rows from mis_lis
2025-09-28 06:28:01,212 | INFO | [Data] Loaded: ../Data_collect/DataSet_PLDSCREENED_2/Ar_273K/Ar_273K_Ar_273K_0.5_to_Ar_273K_15_dataset.csv | rows=7758 | cols=15
2025-09-28 06:28:01,212 | INFO | [Features] Using 13 features: ['LCD', 'PLD', 'LFPD', 'cm3_g', 'ASA_m2_cm3', 'ASA_m2_g', 'NASA_m2_cm3', 'NASA_m2_g', 'AV_VF', 'AV_cm3_g', 'NAV_cm3_g', 'Has_OMS', 'Input']
           LCD       PLD      LFPD  ...  NAV_cm3_g  Has_OMS     Input
0     10.85017   3.77263  10.26663  ...        0.0        0  0.553121
1     24.60642  13.03430  24.60642  ...        0.0        1  0.243848
2     24.38417  13.22222  24.38417  ...        0.0        1  0.251087
3     23.29182  13.11646  23.29182  ...        0.0        1  0.246485
4      6.16218   5.13230   5.87594  ...        0.0        1  0.091372
...        ...       ...       ...  ...        ...      ...       ...
7753   5.89251   3.41929   5.89251  ...        0.0        0  1.642447
7754   4.42995   3.86732   4.42995  ...        0.0        0  2.127809
7755   6.25511   5.54572   6.22585  ...        0.0        0  0.430818
7756   4.94280   4.31959   4.93372  ...        0.0        1  0.146246
7757  12.38418   6.85660  12.37540  ...        0.0        0  0.143116

[7758 rows x 13 columns]
2025-09-28 06:28:01,220 | INFO | [Seeds] trial=5 | seeds={'seed': 57, 'seed_qt': 5052, 'seed_rd': 10052, 'model_seed': 15052}
           LCD       PLD      LFPD  ...  NAV_cm3_g  Has_OMS     Input
0     10.85017   3.77263  10.26663  ...        0.0        0  0.114341
1     24.60642  13.03430  24.60642  ...        0.0        1  0.048430
2     24.38417  13.22222  24.38417  ...        0.0        1  0.051078
3     23.29182  13.11646  23.29182  ...        0.0        1  0.048796
4      6.16218   5.13230   5.87594  ...        0.0        1  0.018313
...        ...       ...       ...  ...        ...      ...       ...
7753   5.89251   3.41929   5.89251  ...        0.0        0  0.517919
7754   4.42995   3.86732   4.42995  ...        0.0        0  0.770065
7755   6.25511   5.54572   6.22585  ...        0.0        0  0.088855
7756   4.94280   4.31959   4.93372  ...        0.0        1  0.031117
7757  12.38418   6.85660  12.37540  ...        0.0        0  0.028861

[7758 rows x 13 columns]
2025-09-28 06:28:01,220 | INFO | [Seeds] trial=5 | seeds={'seed': 57, 'seed_qt': 5052, 'seed_rd': 10052, 'model_seed': 15052}
           LCD       PLD      LFPD  ...  NAV_cm3_g  Has_OMS     Input
0     10.85017   3.77263  10.26663  ...        0.0        0  0.553121
1     24.60642  13.03430  24.60642  ...        0.0        1  0.243848
2     24.38417  13.22222  24.38417  ...        0.0        1  0.251087
3     23.29182  13.11646  23.29182  ...        0.0        1  0.246485
4      6.16218   5.13230   5.87594  ...        0.0        1  0.091372
...        ...       ...       ...  ...        ...      ...       ...
7753   5.89251   3.41929   5.89251  ...        0.0        0  1.642447
7754   4.42995   3.86732   4.42995  ...        0.0        0  2.127809
7755   6.25511   5.54572   6.22585  ...        0.0        0  0.430818
7756   4.94280   4.31959   4.93372  ...        0.0        1  0.146246
7757  12.38418   6.85660  12.37540  ...        0.0        0  0.143116

[7758 rows x 13 columns]
2025-09-28 06:28:01,220 | INFO | [Seeds] trial=5 | seeds={'seed': 57, 'seed_qt': 5052, 'seed_rd': 10052, 'model_seed': 15052}
                                filename       LCD  ...     Input    Output
0  1499489-acs.cgd.6b01265_1499490_clean  10.85017  ...  0.553121  6.921515
1                           ACOCOM_clean  24.60642  ...  0.243848  6.719717
2                           ACOCUS_clean  24.38417  ...  0.251087  6.908503
3                           ACODAZ_clean  23.29182  ...  0.246485  6.816153
4    acs.cgd.5b01554_VAGNUP1452791_clean   6.16218  ...  0.091372  2.071697

[5 rows x 15 columns]
2025-09-28 06:28:01,223 | INFO | [Preprocess] Drop NaN rows (FEATURES+TARGET): 7758 -> 7758
           LCD       PLD      LFPD  ...  NAV_cm3_g  Has_OMS     Input
0     10.85017   3.77263  10.26663  ...        0.0        0  0.553121
1     24.60642  13.03430  24.60642  ...        0.0        1  0.243848
2     24.38417  13.22222  24.38417  ...        0.0        1  0.251087
3     23.29182  13.11646  23.29182  ...        0.0        1  0.246485
4      6.16218   5.13230   5.87594  ...        0.0        1  0.091372
...        ...       ...       ...  ...        ...      ...       ...
7753   5.89251   3.41929   5.89251  ...        0.0        0  1.642447
7754   4.42995   3.86732   4.42995  ...        0.0        0  2.127809
7755   6.25511   5.54572   6.22585  ...        0.0        0  0.430818
7756   4.94280   4.31959   4.93372  ...        0.0        1  0.146246
7757  12.38418   6.85660  12.37540  ...        0.0        0  0.143116

[7758 rows x 13 columns]
2025-09-28 06:28:01,232 | INFO | [Seeds] trial=5 | seeds={'seed': 57, 'seed_qt': 5052, 'seed_rd': 10052, 'model_seed': 15052}
[-0.94179962 -1.31488651 -1.29176336 ... -1.05131667 -1.50700154
 -1.53968396]
200






[-0.94179962 -1.31488651 -1.29176336 ... -1.05131667 -1.50700154
 -1.53968396]
-2.9313475780658695 0.5836616632327096
200





2025-09-28 06:28:01,238 | INFO | [S3 QT→RD] train(qt)=3103, train(rd)=3103, test=1552 (train_ratio=0.80, qt_frac_total=0.40, shift=0.000e+00)
Removed 8 rows from mis_lis
2025-09-28 06:28:01,264 | INFO | [Data] Loaded: ../Data_collect/DataSet_PLDSCREENED_2/Ar_313K/Ar_313K_Ar_313K_Henry_to_Ar_313K_1_dataset.csv | rows=7760 | cols=15
Removed 8 rows from mis_lis
2025-09-28 06:28:01,264 | INFO | [Data] Loaded: ../Data_collect/DataSet_PLDSCREENED_2/Ar_313K/Ar_313K_Ar_313K_Henry_to_Ar_313K_5_dataset.csv | rows=7760 | cols=15
2025-09-28 06:28:01,264 | INFO | [Features] Using 13 features: ['LCD', 'PLD', 'LFPD', 'cm3_g', 'ASA_m2_cm3', 'ASA_m2_g', 'NASA_m2_cm3', 'NASA_m2_g', 'AV_VF', 'AV_cm3_g', 'NAV_cm3_g', 'Has_OMS', 'Input']
2025-09-28 06:28:01,264 | INFO | [Features] Using 13 features: ['LCD', 'PLD', 'LFPD', 'cm3_g', 'ASA_m2_cm3', 'ASA_m2_g', 'NASA_m2_cm3', 'NASA_m2_g', 'AV_VF', 'AV_cm3_g', 'NAV_cm3_g', 'Has_OMS', 'Input']
Removed 8 rows from mis_lis
2025-09-28 06:28:01,264 | INFO | [Data] Loaded: ../Data_collect/DataSet_PLDSCREENED_2/Ar_313K/Ar_313K_Ar_313K_Henry_to_Ar_313K_15_dataset.csv | rows=7760 | cols=15
2025-09-28 06:28:01,265 | INFO | [Features] Using 13 features: ['LCD', 'PLD', 'LFPD', 'cm3_g', 'ASA_m2_cm3', 'ASA_m2_g', 'NASA_m2_cm3', 'NASA_m2_g', 'AV_VF', 'AV_cm3_g', 'NAV_cm3_g', 'Has_OMS', 'Input']
                                filename       LCD  ...         Input    Output
0  1499489-acs.cgd.6b01265_1499490_clean  10.85017  ...  5.048940e-06  2.040043
1                           ACOCOM_clean  24.60642  ...  3.101800e-06  1.479258
2                           ACOCUS_clean  24.38417  ...  3.191740e-06  1.531660
3                           ACODAZ_clean  23.29182  ...  3.140320e-06  1.511265
4    acs.cgd.5b01554_VAGNUP1452791_clean   6.16218  ...  9.608350e-07  0.440603

[5 rows x 15 columns]
2025-09-28 06:28:01,275 | INFO | [Preprocess] Drop NaN rows (FEATURES+TARGET): 7760 -> 7760
                                filename       LCD  ...         Input    Output
0  1499489-acs.cgd.6b01265_1499490_clean  10.85017  ...  5.048940e-06  0.483106
1                           ACOCOM_clean  24.60642  ...  3.101800e-06  0.311217
2                           ACOCUS_clean  24.38417  ...  3.191740e-06  0.313515
3                           ACODAZ_clean  23.29182  ...  3.140320e-06  0.315277
4    acs.cgd.5b01554_VAGNUP1452791_clean   6.16218  ...  9.608350e-07  0.095646

[5 rows x 15 columns]
2025-09-28 06:28:01,275 | INFO | [Preprocess] Drop NaN rows (FEATURES+TARGET): 7760 -> 7760
                                filename       LCD  ...         Input    Output
0  1499489-acs.cgd.6b01265_1499490_clean  10.85017  ...  5.048940e-06  4.484627
1                           ACOCOM_clean  24.60642  ...  3.101800e-06  4.372880
2                           ACOCUS_clean  24.38417  ...  3.191740e-06  4.483099
3                           ACODAZ_clean  23.29182  ...  3.140320e-06  4.438173
4    acs.cgd.5b01554_VAGNUP1452791_clean   6.16218  ...  9.608350e-07  1.198039

[5 rows x 15 columns]
2025-09-28 06:28:01,275 | INFO | [Preprocess] Drop NaN rows (FEATURES+TARGET): 7760 -> 7760
[-0.25717986 -0.6128802  -0.6001751  ... -0.36570631 -0.83491599
 -0.84431039]
200






[-0.25717986 -0.6128802  -0.6001751  ... -0.36570631 -0.83491599
 -0.84431039]
-2.236019560983178 0.7626222596938557
200





2025-09-28 06:28:01,278 | INFO | [S3 QT→RD] train(qt)=3103, train(rd)=3103, test=1552 (train_ratio=0.80, qt_frac_total=0.40, shift=0.000e+00)
[-0.25717986 -0.6128802  -0.6001751  ... -0.36570631 -0.83491599
 -0.84431039]
200






[-0.25717986 -0.6128802  -0.6001751  ... -0.36570631 -0.83491599
 -0.84431039]
-2.236019560983178 0.7626222596938557
200





2025-09-28 06:28:01,279 | INFO | [S3 QT→RD] train(qt)=3103, train(rd)=3103, test=1552 (train_ratio=0.80, qt_frac_total=0.40, shift=0.000e+00)
[-0.94179962 -1.31488651 -1.29176336 ... -1.05131667 -1.50700154
 -1.53968396]
200






[-0.94179962 -1.31488651 -1.29176336 ... -1.05131667 -1.50700154
 -1.53968396]
-2.9313475780658695 0.5836616632327096
200





2025-09-28 06:28:01,279 | INFO | [S3 QT→RD] train(qt)=3103, train(rd)=3103, test=1552 (train_ratio=0.80, qt_frac_total=0.40, shift=0.000e+00)
Removed 8 rows from mis_lis
2025-09-28 06:28:01,279 | INFO | [Data] Loaded: ../Data_collect/DataSet_PLDSCREENED_2/Ar_313K/Ar_313K_Ar_313K_0.01_to_Ar_313K_1_dataset.csv | rows=7760 | cols=15
2025-09-28 06:28:01,280 | INFO | [Features] Using 13 features: ['LCD', 'PLD', 'LFPD', 'cm3_g', 'ASA_m2_cm3', 'ASA_m2_g', 'NASA_m2_cm3', 'NASA_m2_g', 'AV_VF', 'AV_cm3_g', 'NAV_cm3_g', 'Has_OMS', 'Input']
           LCD       PLD      LFPD  ...  NAV_cm3_g  Has_OMS         Input
0     10.85017   3.77263  10.26663  ...        0.0        0  5.048940e-06
1     24.60642  13.03430  24.60642  ...        0.0        1  3.101800e-06
2     24.38417  13.22222  24.38417  ...        0.0        1  3.191740e-06
3     23.29182  13.11646  23.29182  ...        0.0        1  3.140320e-06
4      6.16218   5.13230   5.87594  ...        0.0        1  9.608350e-07
...        ...       ...       ...  ...        ...      ...           ...
7755   5.89251   3.41929   5.89251  ...        0.0        0  1.832300e-05
7756   4.42995   3.86732   4.42995  ...        0.0        0  2.508630e-05
7757   6.25511   5.54572   6.22585  ...        0.0        0  4.494260e-06
7758   4.94280   4.31959   4.93372  ...        0.0        1  1.369400e-06
7759  12.38418   6.85660  12.37540  ...        0.0        0  1.623630e-06

[7760 rows x 13 columns]
2025-09-28 06:28:01,285 | INFO | [Seeds] trial=1 | seeds={'seed': 53, 'seed_qt': 1052, 'seed_rd': 2052, 'model_seed': 3052}
           LCD       PLD      LFPD  ...  NAV_cm3_g  Has_OMS         Input
0     10.85017   3.77263  10.26663  ...        0.0        0  5.048940e-06
1     24.60642  13.03430  24.60642  ...        0.0        1  3.101800e-06
2     24.38417  13.22222  24.38417  ...        0.0        1  3.191740e-06
3     23.29182  13.11646  23.29182  ...        0.0        1  3.140320e-06
4      6.16218   5.13230   5.87594  ...        0.0        1  9.608350e-07
...        ...       ...       ...  ...        ...      ...           ...
7755   5.89251   3.41929   5.89251  ...        0.0        0  1.832300e-05
7756   4.42995   3.86732   4.42995  ...        0.0        0  2.508630e-05
7757   6.25511   5.54572   6.22585  ...        0.0        0  4.494260e-06
7758   4.94280   4.31959   4.93372  ...        0.0        1  1.369400e-06
7759  12.38418   6.85660  12.37540  ...        0.0        0  1.623630e-06

[7760 rows x 13 columns]
2025-09-28 06:28:01,285 | INFO | [Seeds] trial=1 | seeds={'seed': 53, 'seed_qt': 1052, 'seed_rd': 2052, 'model_seed': 3052}
           LCD       PLD      LFPD  ...  NAV_cm3_g  Has_OMS         Input
0     10.85017   3.77263  10.26663  ...        0.0        0  5.048940e-06
1     24.60642  13.03430  24.60642  ...        0.0        1  3.101800e-06
2     24.38417  13.22222  24.38417  ...        0.0        1  3.191740e-06
3     23.29182  13.11646  23.29182  ...        0.0        1  3.140320e-06
4      6.16218   5.13230   5.87594  ...        0.0        1  9.608350e-07
...        ...       ...       ...  ...        ...      ...           ...
7755   5.89251   3.41929   5.89251  ...        0.0        0  1.832300e-05
7756   4.42995   3.86732   4.42995  ...        0.0        0  2.508630e-05
7757   6.25511   5.54572   6.22585  ...        0.0        0  4.494260e-06
7758   4.94280   4.31959   4.93372  ...        0.0        1  1.369400e-06
7759  12.38418   6.85660  12.37540  ...        0.0        0  1.623630e-06

[7760 rows x 13 columns]
2025-09-28 06:28:01,285 | INFO | [Seeds] trial=1 | seeds={'seed': 53, 'seed_qt': 1052, 'seed_rd': 2052, 'model_seed': 3052}
                                filename       LCD  ...     Input    Output
0  1499489-acs.cgd.6b01265_1499490_clean  10.85017  ...  0.005118  0.483106
1                           ACOCOM_clean  24.60642  ...  0.003168  0.311217
2                           ACOCUS_clean  24.38417  ...  0.003187  0.313515
3                           ACODAZ_clean  23.29182  ...  0.003023  0.315277
4    acs.cgd.5b01554_VAGNUP1452791_clean   6.16218  ...  0.001002  0.095646

[5 rows x 15 columns]
2025-09-28 06:28:01,290 | INFO | [Preprocess] Drop NaN rows (FEATURES+TARGET): 7760 -> 7760
[-0.25717986 -0.6128802  -0.6001751  ... -0.36570631 -0.83491599
 -0.84431039]
200






[-0.25717986 -0.6128802  -0.6001751  ... -0.36570631 -0.83491599
 -0.84431039]
-2.236019560983178 0.7626222596938557
200





2025-09-28 06:28:01,291 | INFO | [S3 QT→RD] train(qt)=3103, train(rd)=3103, test=1552 (train_ratio=0.80, qt_frac_total=0.40, shift=0.000e+00)
           LCD       PLD      LFPD  ...  NAV_cm3_g  Has_OMS     Input
0     10.85017   3.77263  10.26663  ...        0.0        0  0.005118
1     24.60642  13.03430  24.60642  ...        0.0        1  0.003168
2     24.38417  13.22222  24.38417  ...        0.0        1  0.003187
3     23.29182  13.11646  23.29182  ...        0.0        1  0.003023
4      6.16218   5.13230   5.87594  ...        0.0        1  0.001002
...        ...       ...       ...  ...        ...      ...       ...
7755   5.89251   3.41929   5.89251  ...        0.0        0  0.018200
7756   4.42995   3.86732   4.42995  ...        0.0        0  0.024938
7757   6.25511   5.54572   6.22585  ...        0.0        0  0.004375
7758   4.94280   4.31959   4.93372  ...        0.0        1  0.001440
7759  12.38418   6.85660  12.37540  ...        0.0        0  0.001854

[7760 rows x 13 columns]
2025-09-28 06:28:01,300 | INFO | [Seeds] trial=1 | seeds={'seed': 53, 'seed_qt': 1052, 'seed_rd': 2052, 'model_seed': 3052}
['python pipeline_single_trial_QT_LOGSAMPLE.py --data ../Data_collect/DataSet_PLDSCREENED_2/Ar_313K/Ar_313K_Ar_313K_Henry_to_Ar_313K_1_dataset.csv --outdir try14_Ar273_and_313_re_LOWsensitivity/Ar_313_Henry_to_1__struct+input__qt_then_rd__cat_TRAIN_RATIO0.8_QTFRAC_0.8 --seed-base 52 --features struct+input --sample qt_then_rd --model cat --n-bins 200 --train-ratio 0.8 --qt-frac 0.4 --trial 2', 'python pipeline_single_trial_QT_LOGSAMPLE.py --data ../Data_collect/DataSet_PLDSCREENED_2/Ar_313K/Ar_313K_Ar_313K_Henry_to_Ar_313K_5_dataset.csv --outdir try14_Ar273_and_313_re_LOWsensitivity/Ar_313_Henry_to_5__struct+input__qt_then_rd__cat_TRAIN_RATIO0.8_QTFRAC_0.8 --seed-base 52 --features struct+input --sample qt_then_rd --model cat --n-bins 200 --train-ratio 0.8 --qt-frac 0.4 --trial 2', 'python pipeline_single_trial_QT_LOGSAMPLE.py --data ../Data_collect/DataSet_PLDSCREENED_2/Ar_313K/Ar_313K_Ar_313K_Henry_to_Ar_313K_15_dataset.csv --outdir try14_Ar273_and_313_re_LOWsensitivity/Ar_313_Henry_to_15__struct+input__qt_then_rd__cat_TRAIN_RATIO0.8_QTFRAC_0.8 --seed-base 52 --features struct+input --sample qt_then_rd --model cat --n-bins 200 --train-ratio 0.8 --qt-frac 0.4 --trial 2', 'python pipeline_single_trial_QT_LOGSAMPLE.py --data ../Data_collect/DataSet_PLDSCREENED_2/Ar_313K/Ar_313K_Ar_313K_0.01_to_Ar_313K_1_dataset.csv --outdir try14_Ar273_and_313_re_LOWsensitivity/Ar_313_0.01_to_1__struct+input__qt_then_rd__cat_TRAIN_RATIO0.8_QTFRAC_0.8 --seed-base 52 --features struct+input --sample qt_then_rd --model cat --n-bins 200 --train-ratio 0.8 --qt-frac 0.4 --trial 2', 'python pipeline_single_trial_QT_LOGSAMPLE.py --data ../Data_collect/DataSet_PLDSCREENED_2/Ar_313K/Ar_313K_Ar_313K_0.01_to_Ar_313K_5_dataset.csv --outdir try14_Ar273_and_313_re_LOWsensitivity/Ar_313_0.01_to_5__struct+input__qt_then_rd__cat_TRAIN_RATIO0.8_QTFRAC_0.8 --seed-base 52 --features struct+input --sample qt_then_rd --model cat --n-bins 200 --train-ratio 0.8 --qt-frac 0.4 --trial 2', 'python pipeline_single_trial_QT_LOGSAMPLE.py --data ../Data_collect/DataSet_PLDSCREENED_2/Ar_313K/Ar_313K_Ar_313K_0.01_to_Ar_313K_15_dataset.csv --outdir try14_Ar273_and_313_re_LOWsensitivity/Ar_313_0.01_to_15__struct+input__qt_then_rd__cat_TRAIN_RATIO0.8_QTFRAC_0.8 --seed-base 52 --features struct+input --sample qt_then_rd --model cat --n-bins 200 --train-ratio 0.8 --qt-frac 0.4 --trial 2', 'python pipeline_single_trial_QT_LOGSAMPLE.py --data ../Data_collect/DataSet_PLDSCREENED_2/Ar_313K/Ar_313K_Ar_313K_0.05_to_Ar_313K_1_dataset.csv --outdir try14_Ar273_and_313_re_LOWsensitivity/Ar_313_0.05_to_1__struct+input__qt_then_rd__cat_TRAIN_RATIO0.8_QTFRAC_0.8 --seed-base 52 --features struct+input --sample qt_then_rd --model cat --n-bins 200 --train-ratio 0.8 --qt-frac 0.4 --trial 2', 'python pipeline_single_trial_QT_LOGSAMPLE.py --data ../Data_collect/DataSet_PLDSCREENED_2/Ar_313K/Ar_313K_Ar_313K_0.05_to_Ar_313K_5_dataset.csv --outdir try14_Ar273_and_313_re_LOWsensitivity/Ar_313_0.05_to_5__struct+input__qt_then_rd__cat_TRAIN_RATIO0.8_QTFRAC_0.8 --seed-base 52 --features struct+input --sample qt_then_rd --model cat --n-bins 200 --train-ratio 0.8 --qt-frac 0.4 --trial 2', 'python pipeline_single_trial_QT_LOGSAMPLE.py --data ../Data_collect/DataSet_PLDSCREENED_2/Ar_313K/Ar_313K_Ar_313K_0.05_to_Ar_313K_15_dataset.csv --outdir try14_Ar273_and_313_re_LOWsensitivity/Ar_313_0.05_to_15__struct+input__qt_then_rd__cat_TRAIN_RATIO0.8_QTFRAC_0.8 --seed-base 52 --features struct+input --sample qt_then_rd --model cat --n-bins 200 --train-ratio 0.8 --qt-frac 0.4 --trial 2', 'python pipeline_single_trial_QT_LOGSAMPLE.py --data ../Data_collect/DataSet_PLDSCREENED_2/Ar_313K/Ar_313K_Ar_313K_0.1_to_Ar_313K_1_dataset.csv --outdir try14_Ar273_and_313_re_LOWsensitivity/Ar_313_0.1_to_1__struct+input__qt_then_rd__cat_TRAIN_RATIO0.8_QTFRAC_0.8 --seed-base 52 --features struct+input --sample qt_then_rd --model cat --n-bins 200 --train-ratio 0.8 --qt-frac 0.4 --trial 2', 'python pipeline_single_trial_QT_LOGSAMPLE.py --data ../Data_collect/DataSet_PLDSCREENED_2/Ar_313K/Ar_313K_Ar_313K_0.1_to_Ar_313K_5_dataset.csv --outdir try14_Ar273_and_313_re_LOWsensitivity/Ar_313_0.1_to_5__struct+input__qt_then_rd__cat_TRAIN_RATIO0.8_QTFRAC_0.8 --seed-base 52 --features struct+input --sample qt_then_rd --model cat --n-bins 200 --train-ratio 0.8 --qt-frac 0.4 --trial 2', 'python pipeline_single_trial_QT_LOGSAMPLE.py --data ../Data_collect/DataSet_PLDSCREENED_2/Ar_313K/Ar_313K_Ar_313K_0.1_to_Ar_313K_15_dataset.csv --outdir try14_Ar273_and_313_re_LOWsensitivity/Ar_313_0.1_to_15__struct+input__qt_then_rd__cat_TRAIN_RATIO0.8_QTFRAC_0.8 --seed-base 52 --features struct+input --sample qt_then_rd --model cat --n-bins 200 --train-ratio 0.8 --qt-frac 0.4 --trial 2', 'python pipeline_single_trial_QT_LOGSAMPLE.py --data ../Data_collect/DataSet_PLDSCREENED_2/Ar_313K/Ar_313K_Ar_313K_0.5_to_Ar_313K_1_dataset.csv --outdir try14_Ar273_and_313_re_LOWsensitivity/Ar_313_0.5_to_1__struct+input__qt_then_rd__cat_TRAIN_RATIO0.8_QTFRAC_0.8 --seed-base 52 --features struct+input --sample qt_then_rd --model cat --n-bins 200 --train-ratio 0.8 --qt-frac 0.4 --trial 2', 'python pipeline_single_trial_QT_LOGSAMPLE.py --data ../Data_collect/DataSet_PLDSCREENED_2/Ar_313K/Ar_313K_Ar_313K_0.5_to_Ar_313K_5_dataset.csv --outdir try14_Ar273_and_313_re_LOWsensitivity/Ar_313_0.5_to_5__struct+input__qt_then_rd__cat_TRAIN_RATIO0.8_QTFRAC_0.8 --seed-base 52 --features struct+input --sample qt_then_rd --model cat --n-bins 200 --train-ratio 0.8 --qt-frac 0.4 --trial 2', 'python pipeline_single_trial_QT_LOGSAMPLE.py --data ../Data_collect/DataSet_PLDSCREENED_2/Ar_313K/Ar_313K_Ar_313K_0.5_to_Ar_313K_15_dataset.csv --outdir try14_Ar273_and_313_re_LOWsensitivity/Ar_313_0.5_to_15__struct+input__qt_then_rd__cat_TRAIN_RATIO0.8_QTFRAC_0.8 --seed-base 52 --features struct+input --sample qt_then_rd --model cat --n-bins 200 --train-ratio 0.8 --qt-frac 0.4 --trial 2', 'python pipeline_single_trial_QT_LOGSAMPLE.py --data ../Data_collect/DataSet_PLDSCREENED_2/Ar_313K/Ar_313K_Ar_313K_Henry_to_Ar_313K_1_dataset.csv --outdir try14_Ar273_and_313_re_LOWsensitivity/Ar_313_Henry_to_1__struct+input__qt_then_rd__cat_TRAIN_RATIO0.8_QTFRAC_0.8 --seed-base 52 --features struct+input --sample qt_then_rd --model cat --n-bins 200 --train-ratio 0.8 --qt-frac 0.4 --trial 3', 'python pipeline_single_trial_QT_LOGSAMPLE.py --data ../Data_collect/DataSet_PLDSCREENED_2/Ar_313K/Ar_313K_Ar_313K_Henry_to_Ar_313K_5_dataset.csv --outdir try14_Ar273_and_313_re_LOWsensitivity/Ar_313_Henry_to_5__struct+input__qt_then_rd__cat_TRAIN_RATIO0.8_QTFRAC_0.8 --seed-base 52 --features struct+input --sample qt_then_rd --model cat --n-bins 200 --train-ratio 0.8 --qt-frac 0.4 --trial 3', 'python pipeline_single_trial_QT_LOGSAMPLE.py --data ../Data_collect/DataSet_PLDSCREENED_2/Ar_313K/Ar_313K_Ar_313K_Henry_to_Ar_313K_15_dataset.csv --outdir try14_Ar273_and_313_re_LOWsensitivity/Ar_313_Henry_to_15__struct+input__qt_then_rd__cat_TRAIN_RATIO0.8_QTFRAC_0.8 --seed-base 52 --features struct+input --sample qt_then_rd --model cat --n-bins 200 --train-ratio 0.8 --qt-frac 0.4 --trial 3', 'python pipeline_single_trial_QT_LOGSAMPLE.py --data ../Data_collect/DataSet_PLDSCREENED_2/Ar_313K/Ar_313K_Ar_313K_0.01_to_Ar_313K_1_dataset.csv --outdir try14_Ar273_and_313_re_LOWsensitivity/Ar_313_0.01_to_1__struct+input__qt_then_rd__cat_TRAIN_RATIO0.8_QTFRAC_0.8 --seed-base 52 --features struct+input --sample qt_then_rd --model cat --n-bins 200 --train-ratio 0.8 --qt-frac 0.4 --trial 3', 'python pipeline_single_trial_QT_LOGSAMPLE.py --data ../Data_collect/DataSet_PLDSCREENED_2/Ar_313K/Ar_313K_Ar_313K_0.01_to_Ar_313K_5_dataset.csv --outdir try14_Ar273_and_313_re_LOWsensitivity/Ar_313_0.01_to_5__struct+input__qt_then_rd__cat_TRAIN_RATIO0.8_QTFRAC_0.8 --seed-base 52 --features struct+input --sample qt_then_rd --model cat --n-bins 200 --train-ratio 0.8 --qt-frac 0.4 --trial 3', 'python pipeline_single_trial_QT_LOGSAMPLE.py --data ../Data_collect/DataSet_PLDSCREENED_2/Ar_313K/Ar_313K_Ar_313K_0.01_to_Ar_313K_15_dataset.csv --outdir try14_Ar273_and_313_re_LOWsensitivity/Ar_313_0.01_to_15__struct+input__qt_then_rd__cat_TRAIN_RATIO0.8_QTFRAC_0.8 --seed-base 52 --features struct+input --sample qt_then_rd --model cat --n-bins 200 --train-ratio 0.8 --qt-frac 0.4 --trial 3', 'python pipeline_single_trial_QT_LOGSAMPLE.py --data ../Data_collect/DataSet_PLDSCREENED_2/Ar_313K/Ar_313K_Ar_313K_0.05_to_Ar_313K_1_dataset.csv --outdir try14_Ar273_and_313_re_LOWsensitivity/Ar_313_0.05_to_1__struct+input__qt_then_rd__cat_TRAIN_RATIO0.8_QTFRAC_0.8 --seed-base 52 --features struct+input --sample qt_then_rd --model cat --n-bins 200 --train-ratio 0.8 --qt-frac 0.4 --trial 3', 'python pipeline_single_trial_QT_LOGSAMPLE.py --data ../Data_collect/DataSet_PLDSCREENED_2/Ar_313K/Ar_313K_Ar_313K_0.05_to_Ar_313K_5_dataset.csv --outdir try14_Ar273_and_313_re_LOWsensitivity/Ar_313_0.05_to_5__struct+input__qt_then_rd__cat_TRAIN_RATIO0.8_QTFRAC_0.8 --seed-base 52 --features struct+input --sample qt_then_rd --model cat --n-bins 200 --train-ratio 0.8 --qt-frac 0.4 --trial 3', 'python pipeline_single_trial_QT_LOGSAMPLE.py --data ../Data_collect/DataSet_PLDSCREENED_2/Ar_313K/Ar_313K_Ar_313K_0.05_to_Ar_313K_15_dataset.csv --outdir try14_Ar273_and_313_re_LOWsensitivity/Ar_313_0.05_to_15__struct+input__qt_then_rd__cat_TRAIN_RATIO0.8_QTFRAC_0.8 --seed-base 52 --features struct+input --sample qt_then_rd --model cat --n-bins 200 --train-ratio 0.8 --qt-frac 0.4 --trial 3', 'python pipeline_single_trial_QT_LOGSAMPLE.py --data ../Data_collect/DataSet_PLDSCREENED_2/Ar_313K/Ar_313K_Ar_313K_0.1_to_Ar_313K_1_dataset.csv --outdir try14_Ar273_and_313_re_LOWsensitivity/Ar_313_0.1_to_1__struct+input__qt_then_rd__cat_TRAIN_RATIO0.8_QTFRAC_0.8 --seed-base 52 --features struct+input --sample qt_then_rd --model cat --n-bins 200 --train-ratio 0.8 --qt-frac 0.4 --trial 3', 'python pipeline_single_trial_QT_LOGSAMPLE.py --data ../Data_collect/DataSet_PLDSCREENED_2/Ar_313K/Ar_313K_Ar_313K_0.1_to_Ar_313K_5_dataset.csv --outdir try14_Ar273_and_313_re_LOWsensitivity/Ar_313_0.1_to_5__struct+input__qt_then_rd__cat_TRAIN_RATIO0.8_QTFRAC_0.8 --seed-base 52 --features struct+input --sample qt_then_rd --model cat --n-bins 200 --train-ratio 0.8 --qt-frac 0.4 --trial 3', 'python pipeline_single_trial_QT_LOGSAMPLE.py --data ../Data_collect/DataSet_PLDSCREENED_2/Ar_313K/Ar_313K_Ar_313K_0.1_to_Ar_313K_15_dataset.csv --outdir try14_Ar273_and_313_re_LOWsensitivity/Ar_313_0.1_to_15__struct+input__qt_then_rd__cat_TRAIN_RATIO0.8_QTFRAC_0.8 --seed-base 52 --features struct+input --sample qt_then_rd --model cat --n-bins 200 --train-ratio 0.8 --qt-frac 0.4 --trial 3', 'python pipeline_single_trial_QT_LOGSAMPLE.py --data ../Data_collect/DataSet_PLDSCREENED_2/Ar_313K/Ar_313K_Ar_313K_0.5_to_Ar_313K_1_dataset.csv --outdir try14_Ar273_and_313_re_LOWsensitivity/Ar_313_0.5_to_1__struct+input__qt_then_rd__cat_TRAIN_RATIO0.8_QTFRAC_0.8 --seed-base 52 --features struct+input --sample qt_then_rd --model cat --n-bins 200 --train-ratio 0.8 --qt-frac 0.4 --trial 3', 'python pipeline_single_trial_QT_LOGSAMPLE.py --data ../Data_collect/DataSet_PLDSCREENED_2/Ar_313K/Ar_313K_Ar_313K_0.5_to_Ar_313K_5_dataset.csv --outdir try14_Ar273_and_313_re_LOWsensitivity/Ar_313_0.5_to_5__struct+input__qt_then_rd__cat_TRAIN_RATIO0.8_QTFRAC_0.8 --seed-base 52 --features struct+input --sample qt_then_rd --model cat --n-bins 200 --train-ratio 0.8 --qt-frac 0.4 --trial 3', 'python pipeline_single_trial_QT_LOGSAMPLE.py --data ../Data_collect/DataSet_PLDSCREENED_2/Ar_313K/Ar_313K_Ar_313K_0.5_to_Ar_313K_15_dataset.csv --outdir try14_Ar273_and_313_re_LOWsensitivity/Ar_313_0.5_to_15__struct+input__qt_then_rd__cat_TRAIN_RATIO0.8_QTFRAC_0.8 --seed-base 52 --features struct+input --sample qt_then_rd --model cat --n-bins 200 --train-ratio 0.8 --qt-frac 0.4 --trial 3']
[INFO] Loaded 30 commands from try14_Ar273_and_313_re_LOWsensitivity/commands_part4.txt
Running commands:   0%|                                                      | 0/30 [00:00<?, ?it/s][-5.29679979 -5.50838621 -5.49597249 ... -5.34734181 -5.86346968
 -5.78951293]
200






[-5.29679979 -5.50838621 -5.49597249 ... -5.34734181 -5.86346968
 -5.78951293]
-7.1954367068036476 -0.9696553440892877
200





2025-09-28 06:28:01,364 | INFO | [S3 QT→RD] train(qt)=3104, train(rd)=3104, test=1552 (train_ratio=0.80, qt_frac_total=0.40, shift=0.000e+00)
[-5.29679979 -5.50838621 -5.49597249 ... -5.34734181 -5.86346968
 -5.78951293]
200






[-5.29679979 -5.50838621 -5.49597249 ... -5.34734181 -5.86346968
 -5.78951293]
-7.1954367068036476 -0.9696553440892877
200





2025-09-28 06:28:01,366 | INFO | [S3 QT→RD] train(qt)=3104, train(rd)=3104, test=1552 (train_ratio=0.80, qt_frac_total=0.40, shift=0.000e+00)
[-5.29679979 -5.50838621 -5.49597249 ... -5.34734181 -5.86346968
 -5.78951293]
200






[-5.29679979 -5.50838621 -5.49597249 ... -5.34734181 -5.86346968
 -5.78951293]
-7.1954367068036476 -0.9696553440892877
200





2025-09-28 06:28:01,368 | INFO | [S3 QT→RD] train(qt)=3104, train(rd)=3104, test=1552 (train_ratio=0.80, qt_frac_total=0.40, shift=0.000e+00)
[-2.29089161 -2.49924138 -2.49657928 ... -2.35904587 -2.84157822
 -2.73177705]
200






[-2.29089161 -2.49924138 -2.49657928 ... -2.35904587 -2.84157822
 -2.73177705]
-4.195879657951556 0.507194573760734
200





2025-09-28 06:28:01,396 | INFO | [S3 QT→RD] train(qt)=3104, train(rd)=3104, test=1552 (train_ratio=0.80, qt_frac_total=0.40, shift=0.000e+00)
Removed 8 rows from mis_lis
2025-09-28 06:28:01,458 | INFO | [Data] Loaded: ../Data_collect/DataSet_PLDSCREENED_2/Ar_313K/Ar_313K_Ar_313K_0.01_to_Ar_313K_5_dataset.csv | rows=7760 | cols=15
2025-09-28 06:28:01,458 | INFO | [Features] Using 13 features: ['LCD', 'PLD', 'LFPD', 'cm3_g', 'ASA_m2_cm3', 'ASA_m2_g', 'NASA_m2_cm3', 'NASA_m2_g', 'AV_VF', 'AV_cm3_g', 'NAV_cm3_g', 'Has_OMS', 'Input']
                                filename       LCD  ...     Input    Output
0  1499489-acs.cgd.6b01265_1499490_clean  10.85017  ...  0.005118  2.040043
1                           ACOCOM_clean  24.60642  ...  0.003168  1.479258
2                           ACOCUS_clean  24.38417  ...  0.003187  1.531660
3                           ACODAZ_clean  23.29182  ...  0.003023  1.511265
4    acs.cgd.5b01554_VAGNUP1452791_clean   6.16218  ...  0.001002  0.440603

[5 rows x 15 columns]
2025-09-28 06:28:01,469 | INFO | [Preprocess] Drop NaN rows (FEATURES+TARGET): 7760 -> 7760
           LCD       PLD      LFPD  ...  NAV_cm3_g  Has_OMS     Input
0     10.85017   3.77263  10.26663  ...        0.0        0  0.005118
1     24.60642  13.03430  24.60642  ...        0.0        1  0.003168
2     24.38417  13.22222  24.38417  ...        0.0        1  0.003187
3     23.29182  13.11646  23.29182  ...        0.0        1  0.003023
4      6.16218   5.13230   5.87594  ...        0.0        1  0.001002
...        ...       ...       ...  ...        ...      ...       ...
7755   5.89251   3.41929   5.89251  ...        0.0        0  0.018200
7756   4.42995   3.86732   4.42995  ...        0.0        0  0.024938
7757   6.25511   5.54572   6.22585  ...        0.0        0  0.004375
7758   4.94280   4.31959   4.93372  ...        0.0        1  0.001440
7759  12.38418   6.85660  12.37540  ...        0.0        0  0.001854

[7760 rows x 13 columns]
2025-09-28 06:28:01,493 | INFO | [Seeds] trial=1 | seeds={'seed': 53, 'seed_qt': 1052, 'seed_rd': 2052, 'model_seed': 3052}
[-2.29089161 -2.49924138 -2.49657928 ... -2.35904587 -2.84157822
 -2.73177705]
200






[-2.29089161 -2.49924138 -2.49657928 ... -2.35904587 -2.84157822
 -2.73177705]
-4.195879657951556 0.507194573760734
200





2025-09-28 06:28:01,597 | INFO | [S3 QT→RD] train(qt)=3104, train(rd)=3104, test=1552 (train_ratio=0.80, qt_frac_total=0.40, shift=0.000e+00)
2025-09-28 06:28:02,185 | INFO | [Save] sampling scatter & histogram plots
2025-09-28 06:28:02,277 | INFO | [Save] sampling scatter & histogram plots
2025-09-28 06:28:02,308 | INFO | [Save] sampling scatter & histogram plots
           LCD       PLD      LFPD  ...  NAV_cm3_g  Has_OMS     Input
0     10.85017   3.77263  10.26663  ...        0.0        0  0.114341
1     24.60642  13.03430  24.60642  ...        0.0        1  0.048430
2     24.38417  13.22222  24.38417  ...        0.0        1  0.051078
3     23.29182  13.11646  23.29182  ...        0.0        1  0.048796
4      6.16218   5.13230   5.87594  ...        0.0        1  0.018313
...        ...       ...       ...  ...        ...      ...       ...
7753   5.89251   3.41929   5.89251  ...        0.0        0  0.517919
7754   4.42995   3.86732   4.42995  ...        0.0        0  0.770065
7755   6.25511   5.54572   6.22585  ...        0.0        0  0.088855
7756   4.94280   4.31959   4.93372  ...        0.0        1  0.031117
7757  12.38418   6.85660  12.37540  ...        0.0        0  0.028861

[7758 rows x 13 columns]
Index(['LCD', 'PLD', 'LFPD', 'cm3_g', 'ASA_m2_cm3', 'ASA_m2_g', 'NASA_m2_cm3',
       'NASA_m2_g', 'AV_VF', 'AV_cm3_g', 'NAV_cm3_g', 'Has_OMS', 'Input'],
      dtype='object')
2025-09-28 06:28:02,318 | INFO | [Model] kind=cat | params={'iterations': 500, 'learning_rate': 0.05, 'depth': 8, 'loss_function': 'RMSE', 'random_seed': 15052, 'verbose': False}
2025-09-28 06:28:02,319 | INFO | [Holdout_trial005] Train=6206 | Test=1552
2025-09-28 06:28:02,326 | INFO | [Save] sampling scatter & histogram plots
2025-09-28 06:28:02,343 | INFO | [Save] sampling scatter & histogram plots
2025-09-28 06:28:02,361 | INFO | [Save] sampling scatter & histogram plots
2025-09-28 06:28:02,365 | INFO | [Save] sampling scatter & histogram plots
2025-09-28 06:28:02,367 | INFO | [Save] sampling scatter & histogram plots
2025-09-28 06:28:02,406 | INFO | [Save] sampling scatter & histogram plots
           LCD       PLD      LFPD  ...  NAV_cm3_g  Has_OMS     Input
0     10.85017   3.77263  10.26663  ...        0.0        0  0.114341
1     24.60642  13.03430  24.60642  ...        0.0        1  0.048430
2     24.38417  13.22222  24.38417  ...        0.0        1  0.051078
3     23.29182  13.11646  23.29182  ...        0.0        1  0.048796
4      6.16218   5.13230   5.87594  ...        0.0        1  0.018313
...        ...       ...       ...  ...        ...      ...       ...
7753   5.89251   3.41929   5.89251  ...        0.0        0  0.517919
7754   4.42995   3.86732   4.42995  ...        0.0        0  0.770065
7755   6.25511   5.54572   6.22585  ...        0.0        0  0.088855
7756   4.94280   4.31959   4.93372  ...        0.0        1  0.031117
7757  12.38418   6.85660  12.37540  ...        0.0        0  0.028861

[7758 rows x 13 columns]
Index(['LCD', 'PLD', 'LFPD', 'cm3_g', 'ASA_m2_cm3', 'ASA_m2_g', 'NASA_m2_cm3',
       'NASA_m2_g', 'AV_VF', 'AV_cm3_g', 'NAV_cm3_g', 'Has_OMS', 'Input'],
      dtype='object')
2025-09-28 06:28:02,423 | INFO | [Model] kind=cat | params={'iterations': 500, 'learning_rate': 0.05, 'depth': 8, 'loss_function': 'RMSE', 'random_seed': 15052, 'verbose': False}
2025-09-28 06:28:02,423 | INFO | [Holdout_trial005] Train=6206 | Test=1552
           LCD       PLD      LFPD  ...  NAV_cm3_g  Has_OMS     Input
0     10.85017   3.77263  10.26663  ...        0.0        0  0.553121
1     24.60642  13.03430  24.60642  ...        0.0        1  0.243848
2     24.38417  13.22222  24.38417  ...        0.0        1  0.251087
3     23.29182  13.11646  23.29182  ...        0.0        1  0.246485
4      6.16218   5.13230   5.87594  ...        0.0        1  0.091372
...        ...       ...       ...  ...        ...      ...       ...
7753   5.89251   3.41929   5.89251  ...        0.0        0  1.642447
7754   4.42995   3.86732   4.42995  ...        0.0        0  2.127809
7755   6.25511   5.54572   6.22585  ...        0.0        0  0.430818
7756   4.94280   4.31959   4.93372  ...        0.0        1  0.146246
7757  12.38418   6.85660  12.37540  ...        0.0        0  0.143116

[7758 rows x 13 columns]
Index(['LCD', 'PLD', 'LFPD', 'cm3_g', 'ASA_m2_cm3', 'ASA_m2_g', 'NASA_m2_cm3',
       'NASA_m2_g', 'AV_VF', 'AV_cm3_g', 'NAV_cm3_g', 'Has_OMS', 'Input'],
      dtype='object')
2025-09-28 06:28:02,441 | INFO | [Model] kind=cat | params={'iterations': 500, 'learning_rate': 0.05, 'depth': 8, 'loss_function': 'RMSE', 'random_seed': 15052, 'verbose': False}
2025-09-28 06:28:02,441 | INFO | [Holdout_trial005] Train=6206 | Test=1552
           LCD       PLD      LFPD  ...  NAV_cm3_g  Has_OMS     Input
0     10.85017   3.77263  10.26663  ...        0.0        0  0.553121
1     24.60642  13.03430  24.60642  ...        0.0        1  0.243848
2     24.38417  13.22222  24.38417  ...        0.0        1  0.251087
3     23.29182  13.11646  23.29182  ...        0.0        1  0.246485
4      6.16218   5.13230   5.87594  ...        0.0        1  0.091372
...        ...       ...       ...  ...        ...      ...       ...
7753   5.89251   3.41929   5.89251  ...        0.0        0  1.642447
7754   4.42995   3.86732   4.42995  ...        0.0        0  2.127809
7755   6.25511   5.54572   6.22585  ...        0.0        0  0.430818
7756   4.94280   4.31959   4.93372  ...        0.0        1  0.146246
7757  12.38418   6.85660  12.37540  ...        0.0        0  0.143116

[7758 rows x 13 columns]
Index(['LCD', 'PLD', 'LFPD', 'cm3_g', 'ASA_m2_cm3', 'ASA_m2_g', 'NASA_m2_cm3',
       'NASA_m2_g', 'AV_VF', 'AV_cm3_g', 'NAV_cm3_g', 'Has_OMS', 'Input'],
      dtype='object')
2025-09-28 06:28:02,459 | INFO | [Model] kind=cat | params={'iterations': 500, 'learning_rate': 0.05, 'depth': 8, 'loss_function': 'RMSE', 'random_seed': 15052, 'verbose': False}
2025-09-28 06:28:02,459 | INFO | [Holdout_trial005] Train=6206 | Test=1552
           LCD       PLD      LFPD  ...  NAV_cm3_g  Has_OMS     Input
0     10.85017   3.77263  10.26663  ...        0.0        0  0.553121
1     24.60642  13.03430  24.60642  ...        0.0        1  0.243848
2     24.38417  13.22222  24.38417  ...        0.0        1  0.251087
3     23.29182  13.11646  23.29182  ...        0.0        1  0.246485
4      6.16218   5.13230   5.87594  ...        0.0        1  0.091372
...        ...       ...       ...  ...        ...      ...       ...
7753   5.89251   3.41929   5.89251  ...        0.0        0  1.642447
7754   4.42995   3.86732   4.42995  ...        0.0        0  2.127809
7755   6.25511   5.54572   6.22585  ...        0.0        0  0.430818
7756   4.94280   4.31959   4.93372  ...        0.0        1  0.146246
7757  12.38418   6.85660  12.37540  ...        0.0        0  0.143116

[7758 rows x 13 columns]
Index(['LCD', 'PLD', 'LFPD', 'cm3_g', 'ASA_m2_cm3', 'ASA_m2_g', 'NASA_m2_cm3',
       'NASA_m2_g', 'AV_VF', 'AV_cm3_g', 'NAV_cm3_g', 'Has_OMS', 'Input'],
      dtype='object')
2025-09-28 06:28:02,474 | INFO | [Model] kind=cat | params={'iterations': 500, 'learning_rate': 0.05, 'depth': 8, 'loss_function': 'RMSE', 'random_seed': 15052, 'verbose': False}
2025-09-28 06:28:02,474 | INFO | [Holdout_trial005] Train=6206 | Test=1552
           LCD       PLD      LFPD  ...  NAV_cm3_g  Has_OMS         Input
0     10.85017   3.77263  10.26663  ...        0.0        0  5.048940e-06
1     24.60642  13.03430  24.60642  ...        0.0        1  3.101800e-06
2     24.38417  13.22222  24.38417  ...        0.0        1  3.191740e-06
3     23.29182  13.11646  23.29182  ...        0.0        1  3.140320e-06
4      6.16218   5.13230   5.87594  ...        0.0        1  9.608350e-07
...        ...       ...       ...  ...        ...      ...           ...
7755   5.89251   3.41929   5.89251  ...        0.0        0  1.832300e-05
7756   4.42995   3.86732   4.42995  ...        0.0        0  2.508630e-05
7757   6.25511   5.54572   6.22585  ...        0.0        0  4.494260e-06
7758   4.94280   4.31959   4.93372  ...        0.0        1  1.369400e-06
7759  12.38418   6.85660  12.37540  ...        0.0        0  1.623630e-06

[7760 rows x 13 columns]
Index(['LCD', 'PLD', 'LFPD', 'cm3_g', 'ASA_m2_cm3', 'ASA_m2_g', 'NASA_m2_cm3',
       'NASA_m2_g', 'AV_VF', 'AV_cm3_g', 'NAV_cm3_g', 'Has_OMS', 'Input'],
      dtype='object')
2025-09-28 06:28:02,492 | INFO | [Model] kind=cat | params={'iterations': 500, 'learning_rate': 0.05, 'depth': 8, 'loss_function': 'RMSE', 'random_seed': 3052, 'verbose': False}
2025-09-28 06:28:02,492 | INFO | [Holdout_trial001] Train=6208 | Test=1552
           LCD       PLD      LFPD  ...  NAV_cm3_g  Has_OMS         Input
0     10.85017   3.77263  10.26663  ...        0.0        0  5.048940e-06
1     24.60642  13.03430  24.60642  ...        0.0        1  3.101800e-06
2     24.38417  13.22222  24.38417  ...        0.0        1  3.191740e-06
3     23.29182  13.11646  23.29182  ...        0.0        1  3.140320e-06
4      6.16218   5.13230   5.87594  ...        0.0        1  9.608350e-07
...        ...       ...       ...  ...        ...      ...           ...
7755   5.89251   3.41929   5.89251  ...        0.0        0  1.832300e-05
7756   4.42995   3.86732   4.42995  ...        0.0        0  2.508630e-05
7757   6.25511   5.54572   6.22585  ...        0.0        0  4.494260e-06
7758   4.94280   4.31959   4.93372  ...        0.0        1  1.369400e-06
7759  12.38418   6.85660  12.37540  ...        0.0        0  1.623630e-06

[7760 rows x 13 columns]
Index(['LCD', 'PLD', 'LFPD', 'cm3_g', 'ASA_m2_cm3', 'ASA_m2_g', 'NASA_m2_cm3',
       'NASA_m2_g', 'AV_VF', 'AV_cm3_g', 'NAV_cm3_g', 'Has_OMS', 'Input'],
      dtype='object')
2025-09-28 06:28:02,495 | INFO | [Model] kind=cat | params={'iterations': 500, 'learning_rate': 0.05, 'depth': 8, 'loss_function': 'RMSE', 'random_seed': 3052, 'verbose': False}
2025-09-28 06:28:02,495 | INFO | [Holdout_trial001] Train=6208 | Test=1552
           LCD       PLD      LFPD  ...  NAV_cm3_g  Has_OMS         Input
0     10.85017   3.77263  10.26663  ...        0.0        0  5.048940e-06
1     24.60642  13.03430  24.60642  ...        0.0        1  3.101800e-06
2     24.38417  13.22222  24.38417  ...        0.0        1  3.191740e-06
3     23.29182  13.11646  23.29182  ...        0.0        1  3.140320e-06
4      6.16218   5.13230   5.87594  ...        0.0        1  9.608350e-07
...        ...       ...       ...  ...        ...      ...           ...
7755   5.89251   3.41929   5.89251  ...        0.0        0  1.832300e-05
7756   4.42995   3.86732   4.42995  ...        0.0        0  2.508630e-05
7757   6.25511   5.54572   6.22585  ...        0.0        0  4.494260e-06
7758   4.94280   4.31959   4.93372  ...        0.0        1  1.369400e-06
7759  12.38418   6.85660  12.37540  ...        0.0        0  1.623630e-06

[7760 rows x 13 columns]
Index(['LCD', 'PLD', 'LFPD', 'cm3_g', 'ASA_m2_cm3', 'ASA_m2_g', 'NASA_m2_cm3',
       'NASA_m2_g', 'AV_VF', 'AV_cm3_g', 'NAV_cm3_g', 'Has_OMS', 'Input'],
      dtype='object')
2025-09-28 06:28:02,496 | INFO | [Model] kind=cat | params={'iterations': 500, 'learning_rate': 0.05, 'depth': 8, 'loss_function': 'RMSE', 'random_seed': 3052, 'verbose': False}
2025-09-28 06:28:02,496 | INFO | [Holdout_trial001] Train=6208 | Test=1552
           LCD       PLD      LFPD  ...  NAV_cm3_g  Has_OMS     Input
0     10.85017   3.77263  10.26663  ...        0.0        0  0.005118
1     24.60642  13.03430  24.60642  ...        0.0        1  0.003168
2     24.38417  13.22222  24.38417  ...        0.0        1  0.003187
3     23.29182  13.11646  23.29182  ...        0.0        1  0.003023
4      6.16218   5.13230   5.87594  ...        0.0        1  0.001002
...        ...       ...       ...  ...        ...      ...       ...
7755   5.89251   3.41929   5.89251  ...        0.0        0  0.018200
7756   4.42995   3.86732   4.42995  ...        0.0        0  0.024938
7757   6.25511   5.54572   6.22585  ...        0.0        0  0.004375
7758   4.94280   4.31959   4.93372  ...        0.0        1  0.001440
7759  12.38418   6.85660  12.37540  ...        0.0        0  0.001854

[7760 rows x 13 columns]
Index(['LCD', 'PLD', 'LFPD', 'cm3_g', 'ASA_m2_cm3', 'ASA_m2_g', 'NASA_m2_cm3',
       'NASA_m2_g', 'AV_VF', 'AV_cm3_g', 'NAV_cm3_g', 'Has_OMS', 'Input'],
      dtype='object')
2025-09-28 06:28:02,535 | INFO | [Model] kind=cat | params={'iterations': 500, 'learning_rate': 0.05, 'depth': 8, 'loss_function': 'RMSE', 'random_seed': 3052, 'verbose': False}
2025-09-28 06:28:02,535 | INFO | [Holdout_trial001] Train=6208 | Test=1552
2025-09-28 06:28:02,648 | INFO | [Save] sampling scatter & histogram plots
           LCD       PLD      LFPD  ...  NAV_cm3_g  Has_OMS     Input
0     10.85017   3.77263  10.26663  ...        0.0        0  0.005118
1     24.60642  13.03430  24.60642  ...        0.0        1  0.003168
2     24.38417  13.22222  24.38417  ...        0.0        1  0.003187
3     23.29182  13.11646  23.29182  ...        0.0        1  0.003023
4      6.16218   5.13230   5.87594  ...        0.0        1  0.001002
...        ...       ...       ...  ...        ...      ...       ...
7755   5.89251   3.41929   5.89251  ...        0.0        0  0.018200
7756   4.42995   3.86732   4.42995  ...        0.0        0  0.024938
7757   6.25511   5.54572   6.22585  ...        0.0        0  0.004375
7758   4.94280   4.31959   4.93372  ...        0.0        1  0.001440
7759  12.38418   6.85660  12.37540  ...        0.0        0  0.001854

[7760 rows x 13 columns]
Index(['LCD', 'PLD', 'LFPD', 'cm3_g', 'ASA_m2_cm3', 'ASA_m2_g', 'NASA_m2_cm3',
       'NASA_m2_g', 'AV_VF', 'AV_cm3_g', 'NAV_cm3_g', 'Has_OMS', 'Input'],
      dtype='object')
2025-09-28 06:28:02,780 | INFO | [Model] kind=cat | params={'iterations': 500, 'learning_rate': 0.05, 'depth': 8, 'loss_function': 'RMSE', 'random_seed': 3052, 'verbose': False}
2025-09-28 06:28:02,780 | INFO | [Holdout_trial001] Train=6208 | Test=1552
['python pipeline_single_trial_QT_LOGSAMPLE.py --data ../Data_collect/DataSet_PLDSCREENED_2/Ar_313K/Ar_313K_Ar_313K_Henry_to_Ar_313K_1_dataset.csv --outdir try14_Ar273_and_313_re_LOWsensitivity/Ar_313_Henry_to_1__struct+input__qt_then_rd__cat_TRAIN_RATIO0.8_QTFRAC_0.8 --seed-base 52 --features struct+input --sample qt_then_rd --model cat --n-bins 200 --train-ratio 0.8 --qt-frac 0.4 --trial 4', 'python pipeline_single_trial_QT_LOGSAMPLE.py --data ../Data_collect/DataSet_PLDSCREENED_2/Ar_313K/Ar_313K_Ar_313K_Henry_to_Ar_313K_5_dataset.csv --outdir try14_Ar273_and_313_re_LOWsensitivity/Ar_313_Henry_to_5__struct+input__qt_then_rd__cat_TRAIN_RATIO0.8_QTFRAC_0.8 --seed-base 52 --features struct+input --sample qt_then_rd --model cat --n-bins 200 --train-ratio 0.8 --qt-frac 0.4 --trial 4', 'python pipeline_single_trial_QT_LOGSAMPLE.py --data ../Data_collect/DataSet_PLDSCREENED_2/Ar_313K/Ar_313K_Ar_313K_Henry_to_Ar_313K_15_dataset.csv --outdir try14_Ar273_and_313_re_LOWsensitivity/Ar_313_Henry_to_15__struct+input__qt_then_rd__cat_TRAIN_RATIO0.8_QTFRAC_0.8 --seed-base 52 --features struct+input --sample qt_then_rd --model cat --n-bins 200 --train-ratio 0.8 --qt-frac 0.4 --trial 4', 'python pipeline_single_trial_QT_LOGSAMPLE.py --data ../Data_collect/DataSet_PLDSCREENED_2/Ar_313K/Ar_313K_Ar_313K_0.01_to_Ar_313K_1_dataset.csv --outdir try14_Ar273_and_313_re_LOWsensitivity/Ar_313_0.01_to_1__struct+input__qt_then_rd__cat_TRAIN_RATIO0.8_QTFRAC_0.8 --seed-base 52 --features struct+input --sample qt_then_rd --model cat --n-bins 200 --train-ratio 0.8 --qt-frac 0.4 --trial 4', 'python pipeline_single_trial_QT_LOGSAMPLE.py --data ../Data_collect/DataSet_PLDSCREENED_2/Ar_313K/Ar_313K_Ar_313K_0.01_to_Ar_313K_5_dataset.csv --outdir try14_Ar273_and_313_re_LOWsensitivity/Ar_313_0.01_to_5__struct+input__qt_then_rd__cat_TRAIN_RATIO0.8_QTFRAC_0.8 --seed-base 52 --features struct+input --sample qt_then_rd --model cat --n-bins 200 --train-ratio 0.8 --qt-frac 0.4 --trial 4', 'python pipeline_single_trial_QT_LOGSAMPLE.py --data ../Data_collect/DataSet_PLDSCREENED_2/Ar_313K/Ar_313K_Ar_313K_0.01_to_Ar_313K_15_dataset.csv --outdir try14_Ar273_and_313_re_LOWsensitivity/Ar_313_0.01_to_15__struct+input__qt_then_rd__cat_TRAIN_RATIO0.8_QTFRAC_0.8 --seed-base 52 --features struct+input --sample qt_then_rd --model cat --n-bins 200 --train-ratio 0.8 --qt-frac 0.4 --trial 4', 'python pipeline_single_trial_QT_LOGSAMPLE.py --data ../Data_collect/DataSet_PLDSCREENED_2/Ar_313K/Ar_313K_Ar_313K_0.05_to_Ar_313K_1_dataset.csv --outdir try14_Ar273_and_313_re_LOWsensitivity/Ar_313_0.05_to_1__struct+input__qt_then_rd__cat_TRAIN_RATIO0.8_QTFRAC_0.8 --seed-base 52 --features struct+input --sample qt_then_rd --model cat --n-bins 200 --train-ratio 0.8 --qt-frac 0.4 --trial 4', 'python pipeline_single_trial_QT_LOGSAMPLE.py --data ../Data_collect/DataSet_PLDSCREENED_2/Ar_313K/Ar_313K_Ar_313K_0.05_to_Ar_313K_5_dataset.csv --outdir try14_Ar273_and_313_re_LOWsensitivity/Ar_313_0.05_to_5__struct+input__qt_then_rd__cat_TRAIN_RATIO0.8_QTFRAC_0.8 --seed-base 52 --features struct+input --sample qt_then_rd --model cat --n-bins 200 --train-ratio 0.8 --qt-frac 0.4 --trial 4', 'python pipeline_single_trial_QT_LOGSAMPLE.py --data ../Data_collect/DataSet_PLDSCREENED_2/Ar_313K/Ar_313K_Ar_313K_0.05_to_Ar_313K_15_dataset.csv --outdir try14_Ar273_and_313_re_LOWsensitivity/Ar_313_0.05_to_15__struct+input__qt_then_rd__cat_TRAIN_RATIO0.8_QTFRAC_0.8 --seed-base 52 --features struct+input --sample qt_then_rd --model cat --n-bins 200 --train-ratio 0.8 --qt-frac 0.4 --trial 4', 'python pipeline_single_trial_QT_LOGSAMPLE.py --data ../Data_collect/DataSet_PLDSCREENED_2/Ar_313K/Ar_313K_Ar_313K_0.1_to_Ar_313K_1_dataset.csv --outdir try14_Ar273_and_313_re_LOWsensitivity/Ar_313_0.1_to_1__struct+input__qt_then_rd__cat_TRAIN_RATIO0.8_QTFRAC_0.8 --seed-base 52 --features struct+input --sample qt_then_rd --model cat --n-bins 200 --train-ratio 0.8 --qt-frac 0.4 --trial 4', 'python pipeline_single_trial_QT_LOGSAMPLE.py --data ../Data_collect/DataSet_PLDSCREENED_2/Ar_313K/Ar_313K_Ar_313K_0.1_to_Ar_313K_5_dataset.csv --outdir try14_Ar273_and_313_re_LOWsensitivity/Ar_313_0.1_to_5__struct+input__qt_then_rd__cat_TRAIN_RATIO0.8_QTFRAC_0.8 --seed-base 52 --features struct+input --sample qt_then_rd --model cat --n-bins 200 --train-ratio 0.8 --qt-frac 0.4 --trial 4', 'python pipeline_single_trial_QT_LOGSAMPLE.py --data ../Data_collect/DataSet_PLDSCREENED_2/Ar_313K/Ar_313K_Ar_313K_0.1_to_Ar_313K_15_dataset.csv --outdir try14_Ar273_and_313_re_LOWsensitivity/Ar_313_0.1_to_15__struct+input__qt_then_rd__cat_TRAIN_RATIO0.8_QTFRAC_0.8 --seed-base 52 --features struct+input --sample qt_then_rd --model cat --n-bins 200 --train-ratio 0.8 --qt-frac 0.4 --trial 4', 'python pipeline_single_trial_QT_LOGSAMPLE.py --data ../Data_collect/DataSet_PLDSCREENED_2/Ar_313K/Ar_313K_Ar_313K_0.5_to_Ar_313K_1_dataset.csv --outdir try14_Ar273_and_313_re_LOWsensitivity/Ar_313_0.5_to_1__struct+input__qt_then_rd__cat_TRAIN_RATIO0.8_QTFRAC_0.8 --seed-base 52 --features struct+input --sample qt_then_rd --model cat --n-bins 200 --train-ratio 0.8 --qt-frac 0.4 --trial 4', 'python pipeline_single_trial_QT_LOGSAMPLE.py --data ../Data_collect/DataSet_PLDSCREENED_2/Ar_313K/Ar_313K_Ar_313K_0.5_to_Ar_313K_5_dataset.csv --outdir try14_Ar273_and_313_re_LOWsensitivity/Ar_313_0.5_to_5__struct+input__qt_then_rd__cat_TRAIN_RATIO0.8_QTFRAC_0.8 --seed-base 52 --features struct+input --sample qt_then_rd --model cat --n-bins 200 --train-ratio 0.8 --qt-frac 0.4 --trial 4', 'python pipeline_single_trial_QT_LOGSAMPLE.py --data ../Data_collect/DataSet_PLDSCREENED_2/Ar_313K/Ar_313K_Ar_313K_0.5_to_Ar_313K_15_dataset.csv --outdir try14_Ar273_and_313_re_LOWsensitivity/Ar_313_0.5_to_15__struct+input__qt_then_rd__cat_TRAIN_RATIO0.8_QTFRAC_0.8 --seed-base 52 --features struct+input --sample qt_then_rd --model cat --n-bins 200 --train-ratio 0.8 --qt-frac 0.4 --trial 4', 'python pipeline_single_trial_QT_LOGSAMPLE.py --data ../Data_collect/DataSet_PLDSCREENED_2/Ar_313K/Ar_313K_Ar_313K_Henry_to_Ar_313K_1_dataset.csv --outdir try14_Ar273_and_313_re_LOWsensitivity/Ar_313_Henry_to_1__struct+input__qt_then_rd__cat_TRAIN_RATIO0.8_QTFRAC_0.8 --seed-base 52 --features struct+input --sample qt_then_rd --model cat --n-bins 200 --train-ratio 0.8 --qt-frac 0.4 --trial 5', 'python pipeline_single_trial_QT_LOGSAMPLE.py --data ../Data_collect/DataSet_PLDSCREENED_2/Ar_313K/Ar_313K_Ar_313K_Henry_to_Ar_313K_5_dataset.csv --outdir try14_Ar273_and_313_re_LOWsensitivity/Ar_313_Henry_to_5__struct+input__qt_then_rd__cat_TRAIN_RATIO0.8_QTFRAC_0.8 --seed-base 52 --features struct+input --sample qt_then_rd --model cat --n-bins 200 --train-ratio 0.8 --qt-frac 0.4 --trial 5', 'python pipeline_single_trial_QT_LOGSAMPLE.py --data ../Data_collect/DataSet_PLDSCREENED_2/Ar_313K/Ar_313K_Ar_313K_Henry_to_Ar_313K_15_dataset.csv --outdir try14_Ar273_and_313_re_LOWsensitivity/Ar_313_Henry_to_15__struct+input__qt_then_rd__cat_TRAIN_RATIO0.8_QTFRAC_0.8 --seed-base 52 --features struct+input --sample qt_then_rd --model cat --n-bins 200 --train-ratio 0.8 --qt-frac 0.4 --trial 5', 'python pipeline_single_trial_QT_LOGSAMPLE.py --data ../Data_collect/DataSet_PLDSCREENED_2/Ar_313K/Ar_313K_Ar_313K_0.01_to_Ar_313K_1_dataset.csv --outdir try14_Ar273_and_313_re_LOWsensitivity/Ar_313_0.01_to_1__struct+input__qt_then_rd__cat_TRAIN_RATIO0.8_QTFRAC_0.8 --seed-base 52 --features struct+input --sample qt_then_rd --model cat --n-bins 200 --train-ratio 0.8 --qt-frac 0.4 --trial 5', 'python pipeline_single_trial_QT_LOGSAMPLE.py --data ../Data_collect/DataSet_PLDSCREENED_2/Ar_313K/Ar_313K_Ar_313K_0.01_to_Ar_313K_5_dataset.csv --outdir try14_Ar273_and_313_re_LOWsensitivity/Ar_313_0.01_to_5__struct+input__qt_then_rd__cat_TRAIN_RATIO0.8_QTFRAC_0.8 --seed-base 52 --features struct+input --sample qt_then_rd --model cat --n-bins 200 --train-ratio 0.8 --qt-frac 0.4 --trial 5', 'python pipeline_single_trial_QT_LOGSAMPLE.py --data ../Data_collect/DataSet_PLDSCREENED_2/Ar_313K/Ar_313K_Ar_313K_0.01_to_Ar_313K_15_dataset.csv --outdir try14_Ar273_and_313_re_LOWsensitivity/Ar_313_0.01_to_15__struct+input__qt_then_rd__cat_TRAIN_RATIO0.8_QTFRAC_0.8 --seed-base 52 --features struct+input --sample qt_then_rd --model cat --n-bins 200 --train-ratio 0.8 --qt-frac 0.4 --trial 5', 'python pipeline_single_trial_QT_LOGSAMPLE.py --data ../Data_collect/DataSet_PLDSCREENED_2/Ar_313K/Ar_313K_Ar_313K_0.05_to_Ar_313K_1_dataset.csv --outdir try14_Ar273_and_313_re_LOWsensitivity/Ar_313_0.05_to_1__struct+input__qt_then_rd__cat_TRAIN_RATIO0.8_QTFRAC_0.8 --seed-base 52 --features struct+input --sample qt_then_rd --model cat --n-bins 200 --train-ratio 0.8 --qt-frac 0.4 --trial 5', 'python pipeline_single_trial_QT_LOGSAMPLE.py --data ../Data_collect/DataSet_PLDSCREENED_2/Ar_313K/Ar_313K_Ar_313K_0.05_to_Ar_313K_5_dataset.csv --outdir try14_Ar273_and_313_re_LOWsensitivity/Ar_313_0.05_to_5__struct+input__qt_then_rd__cat_TRAIN_RATIO0.8_QTFRAC_0.8 --seed-base 52 --features struct+input --sample qt_then_rd --model cat --n-bins 200 --train-ratio 0.8 --qt-frac 0.4 --trial 5', 'python pipeline_single_trial_QT_LOGSAMPLE.py --data ../Data_collect/DataSet_PLDSCREENED_2/Ar_313K/Ar_313K_Ar_313K_0.05_to_Ar_313K_15_dataset.csv --outdir try14_Ar273_and_313_re_LOWsensitivity/Ar_313_0.05_to_15__struct+input__qt_then_rd__cat_TRAIN_RATIO0.8_QTFRAC_0.8 --seed-base 52 --features struct+input --sample qt_then_rd --model cat --n-bins 200 --train-ratio 0.8 --qt-frac 0.4 --trial 5', 'python pipeline_single_trial_QT_LOGSAMPLE.py --data ../Data_collect/DataSet_PLDSCREENED_2/Ar_313K/Ar_313K_Ar_313K_0.1_to_Ar_313K_1_dataset.csv --outdir try14_Ar273_and_313_re_LOWsensitivity/Ar_313_0.1_to_1__struct+input__qt_then_rd__cat_TRAIN_RATIO0.8_QTFRAC_0.8 --seed-base 52 --features struct+input --sample qt_then_rd --model cat --n-bins 200 --train-ratio 0.8 --qt-frac 0.4 --trial 5', 'python pipeline_single_trial_QT_LOGSAMPLE.py --data ../Data_collect/DataSet_PLDSCREENED_2/Ar_313K/Ar_313K_Ar_313K_0.1_to_Ar_313K_5_dataset.csv --outdir try14_Ar273_and_313_re_LOWsensitivity/Ar_313_0.1_to_5__struct+input__qt_then_rd__cat_TRAIN_RATIO0.8_QTFRAC_0.8 --seed-base 52 --features struct+input --sample qt_then_rd --model cat --n-bins 200 --train-ratio 0.8 --qt-frac 0.4 --trial 5', 'python pipeline_single_trial_QT_LOGSAMPLE.py --data ../Data_collect/DataSet_PLDSCREENED_2/Ar_313K/Ar_313K_Ar_313K_0.1_to_Ar_313K_15_dataset.csv --outdir try14_Ar273_and_313_re_LOWsensitivity/Ar_313_0.1_to_15__struct+input__qt_then_rd__cat_TRAIN_RATIO0.8_QTFRAC_0.8 --seed-base 52 --features struct+input --sample qt_then_rd --model cat --n-bins 200 --train-ratio 0.8 --qt-frac 0.4 --trial 5', 'python pipeline_single_trial_QT_LOGSAMPLE.py --data ../Data_collect/DataSet_PLDSCREENED_2/Ar_313K/Ar_313K_Ar_313K_0.5_to_Ar_313K_1_dataset.csv --outdir try14_Ar273_and_313_re_LOWsensitivity/Ar_313_0.5_to_1__struct+input__qt_then_rd__cat_TRAIN_RATIO0.8_QTFRAC_0.8 --seed-base 52 --features struct+input --sample qt_then_rd --model cat --n-bins 200 --train-ratio 0.8 --qt-frac 0.4 --trial 5', 'python pipeline_single_trial_QT_LOGSAMPLE.py --data ../Data_collect/DataSet_PLDSCREENED_2/Ar_313K/Ar_313K_Ar_313K_0.5_to_Ar_313K_5_dataset.csv --outdir try14_Ar273_and_313_re_LOWsensitivity/Ar_313_0.5_to_5__struct+input__qt_then_rd__cat_TRAIN_RATIO0.8_QTFRAC_0.8 --seed-base 52 --features struct+input --sample qt_then_rd --model cat --n-bins 200 --train-ratio 0.8 --qt-frac 0.4 --trial 5', 'python pipeline_single_trial_QT_LOGSAMPLE.py --data ../Data_collect/DataSet_PLDSCREENED_2/Ar_313K/Ar_313K_Ar_313K_0.5_to_Ar_313K_15_dataset.csv --outdir try14_Ar273_and_313_re_LOWsensitivity/Ar_313_0.5_to_15__struct+input__qt_then_rd__cat_TRAIN_RATIO0.8_QTFRAC_0.8 --seed-base 52 --features struct+input --sample qt_then_rd --model cat --n-bins 200 --train-ratio 0.8 --qt-frac 0.4 --trial 5']
[INFO] Loaded 30 commands from try14_Ar273_and_313_re_LOWsensitivity/commands_part5.txt
Running commands:   0%|                                                      | 0/30 [00:00<?, ?it/s]Removed 8 rows from mis_lis
2025-09-28 06:28:03,724 | INFO | [Data] Loaded: ../Data_collect/DataSet_PLDSCREENED_2/Ar_313K/Ar_313K_Ar_313K_0.1_to_Ar_313K_1_dataset.csv | rows=7760 | cols=15
2025-09-28 06:28:03,725 | INFO | [Features] Using 13 features: ['LCD', 'PLD', 'LFPD', 'cm3_g', 'ASA_m2_cm3', 'ASA_m2_g', 'NASA_m2_cm3', 'NASA_m2_g', 'AV_VF', 'AV_cm3_g', 'NAV_cm3_g', 'Has_OMS', 'Input']
Removed 8 rows from mis_lis
2025-09-28 06:28:03,742 | INFO | [Data] Loaded: ../Data_collect/DataSet_PLDSCREENED_2/Ar_313K/Ar_313K_Ar_313K_Henry_to_Ar_313K_5_dataset.csv | rows=7760 | cols=15
2025-09-28 06:28:03,743 | INFO | [Features] Using 13 features: ['LCD', 'PLD', 'LFPD', 'cm3_g', 'ASA_m2_cm3', 'ASA_m2_g', 'NASA_m2_cm3', 'NASA_m2_g', 'AV_VF', 'AV_cm3_g', 'NAV_cm3_g', 'Has_OMS', 'Input']
Removed 8 rows from mis_lis
2025-09-28 06:28:03,748 | INFO | [Data] Loaded: ../Data_collect/DataSet_PLDSCREENED_2/Ar_313K/Ar_313K_Ar_313K_0.01_to_Ar_313K_15_dataset.csv | rows=7760 | cols=15
2025-09-28 06:28:03,749 | INFO | [Features] Using 13 features: ['LCD', 'PLD', 'LFPD', 'cm3_g', 'ASA_m2_cm3', 'ASA_m2_g', 'NASA_m2_cm3', 'NASA_m2_g', 'AV_VF', 'AV_cm3_g', 'NAV_cm3_g', 'Has_OMS', 'Input']
                                filename       LCD  ...     Input    Output
0  1499489-acs.cgd.6b01265_1499490_clean  10.85017  ...  0.050200  0.483106
1                           ACOCOM_clean  24.60642  ...  0.030913  0.311217
2                           ACOCUS_clean  24.38417  ...  0.032289  0.313515
3                           ACODAZ_clean  23.29182  ...  0.031373  0.315277
4    acs.cgd.5b01554_VAGNUP1452791_clean   6.16218  ...  0.009552  0.095646

[5 rows x 15 columns]
2025-09-28 06:28:03,759 | INFO | [Preprocess] Drop NaN rows (FEATURES+TARGET): 7760 -> 7760
Removed 8 rows from mis_lis
2025-09-28 06:28:03,767 | INFO | [Data] Loaded: ../Data_collect/DataSet_PLDSCREENED_2/Ar_313K/Ar_313K_Ar_313K_0.01_to_Ar_313K_1_dataset.csv | rows=7760 | cols=15
2025-09-28 06:28:03,767 | INFO | [Features] Using 13 features: ['LCD', 'PLD', 'LFPD', 'cm3_g', 'ASA_m2_cm3', 'ASA_m2_g', 'NASA_m2_cm3', 'NASA_m2_g', 'AV_VF', 'AV_cm3_g', 'NAV_cm3_g', 'Has_OMS', 'Input']
                                filename       LCD  ...         Input    Output
0  1499489-acs.cgd.6b01265_1499490_clean  10.85017  ...  5.048940e-06  2.040043
1                           ACOCOM_clean  24.60642  ...  3.101800e-06  1.479258
2                           ACOCUS_clean  24.38417  ...  3.191740e-06  1.531660
3                           ACODAZ_clean  23.29182  ...  3.140320e-06  1.511265
4    acs.cgd.5b01554_VAGNUP1452791_clean   6.16218  ...  9.608350e-07  0.440603

[5 rows x 15 columns]
2025-09-28 06:28:03,776 | INFO | [Preprocess] Drop NaN rows (FEATURES+TARGET): 7760 -> 7760
Removed 8 rows from mis_lis
2025-09-28 06:28:03,781 | INFO | [Data] Loaded: ../Data_collect/DataSet_PLDSCREENED_2/Ar_313K/Ar_313K_Ar_313K_0.05_to_Ar_313K_5_dataset.csv | rows=7760 | cols=15
2025-09-28 06:28:03,781 | INFO | [Features] Using 13 features: ['LCD', 'PLD', 'LFPD', 'cm3_g', 'ASA_m2_cm3', 'ASA_m2_g', 'NASA_m2_cm3', 'NASA_m2_g', 'AV_VF', 'AV_cm3_g', 'NAV_cm3_g', 'Has_OMS', 'Input']
                                filename       LCD  ...     Input    Output
0  1499489-acs.cgd.6b01265_1499490_clean  10.85017  ...  0.005118  4.484627
1                           ACOCOM_clean  24.60642  ...  0.003168  4.372880
2                           ACOCUS_clean  24.38417  ...  0.003187  4.483099
3                           ACODAZ_clean  23.29182  ...  0.003023  4.438173
4    acs.cgd.5b01554_VAGNUP1452791_clean   6.16218  ...  0.001002  1.198039

[5 rows x 15 columns]
2025-09-28 06:28:03,782 | INFO | [Preprocess] Drop NaN rows (FEATURES+TARGET): 7760 -> 7760
           LCD       PLD      LFPD  ...  NAV_cm3_g  Has_OMS     Input
0     10.85017   3.77263  10.26663  ...        0.0        0  0.050200
1     24.60642  13.03430  24.60642  ...        0.0        1  0.030913
2     24.38417  13.22222  24.38417  ...        0.0        1  0.032289
3     23.29182  13.11646  23.29182  ...        0.0        1  0.031373
4      6.16218   5.13230   5.87594  ...        0.0        1  0.009552
...        ...       ...       ...  ...        ...      ...       ...
7755   5.89251   3.41929   5.89251  ...        0.0        0  0.172231
7756   4.42995   3.86732   4.42995  ...        0.0        0  0.230075
7757   6.25511   5.54572   6.22585  ...        0.0        0  0.044547
7758   4.94280   4.31959   4.93372  ...        0.0        1  0.013466
7759  12.38418   6.85660  12.37540  ...        0.0        0  0.016165

[7760 rows x 13 columns]
2025-09-28 06:28:03,783 | INFO | [Seeds] trial=2 | seeds={'seed': 54, 'seed_qt': 2052, 'seed_rd': 4052, 'model_seed': 6052}
                                filename       LCD  ...     Input    Output
0  1499489-acs.cgd.6b01265_1499490_clean  10.85017  ...  0.005118  0.483106
1                           ACOCOM_clean  24.60642  ...  0.003168  0.311217
2                           ACOCUS_clean  24.38417  ...  0.003187  0.313515
3                           ACODAZ_clean  23.29182  ...  0.003023  0.315277
4    acs.cgd.5b01554_VAGNUP1452791_clean   6.16218  ...  0.001002  0.095646

[5 rows x 15 columns]
2025-09-28 06:28:03,801 | INFO | [Preprocess] Drop NaN rows (FEATURES+TARGET): 7760 -> 7760
           LCD       PLD      LFPD  ...  NAV_cm3_g  Has_OMS         Input
0     10.85017   3.77263  10.26663  ...        0.0        0  5.048940e-06
1     24.60642  13.03430  24.60642  ...        0.0        1  3.101800e-06
2     24.38417  13.22222  24.38417  ...        0.0        1  3.191740e-06
3     23.29182  13.11646  23.29182  ...        0.0        1  3.140320e-06
4      6.16218   5.13230   5.87594  ...        0.0        1  9.608350e-07
...        ...       ...       ...  ...        ...      ...           ...
7755   5.89251   3.41929   5.89251  ...        0.0        0  1.832300e-05
7756   4.42995   3.86732   4.42995  ...        0.0        0  2.508630e-05
7757   6.25511   5.54572   6.22585  ...        0.0        0  4.494260e-06
7758   4.94280   4.31959   4.93372  ...        0.0        1  1.369400e-06
7759  12.38418   6.85660  12.37540  ...        0.0        0  1.623630e-06

[7760 rows x 13 columns]
2025-09-28 06:28:03,809 | INFO | [Seeds] trial=2 | seeds={'seed': 54, 'seed_qt': 2052, 'seed_rd': 4052, 'model_seed': 6052}
           LCD       PLD      LFPD  ...  NAV_cm3_g  Has_OMS     Input
0     10.85017   3.77263  10.26663  ...        0.0        0  0.005118
1     24.60642  13.03430  24.60642  ...        0.0        1  0.003168
2     24.38417  13.22222  24.38417  ...        0.0        1  0.003187
3     23.29182  13.11646  23.29182  ...        0.0        1  0.003023
4      6.16218   5.13230   5.87594  ...        0.0        1  0.001002
...        ...       ...       ...  ...        ...      ...       ...
7755   5.89251   3.41929   5.89251  ...        0.0        0  0.018200
7756   4.42995   3.86732   4.42995  ...        0.0        0  0.024938
7757   6.25511   5.54572   6.22585  ...        0.0        0  0.004375
7758   4.94280   4.31959   4.93372  ...        0.0        1  0.001440
7759  12.38418   6.85660  12.37540  ...        0.0        0  0.001854

[7760 rows x 13 columns]
2025-09-28 06:28:03,813 | INFO | [Seeds] trial=2 | seeds={'seed': 54, 'seed_qt': 2052, 'seed_rd': 4052, 'model_seed': 6052}
                                filename       LCD  ...     Input    Output
0  1499489-acs.cgd.6b01265_1499490_clean  10.85017  ...  0.025239  2.040043
1                           ACOCOM_clean  24.60642  ...  0.015691  1.479258
2                           ACOCUS_clean  24.38417  ...  0.016324  1.531660
3                           ACODAZ_clean  23.29182  ...  0.015726  1.511265
4    acs.cgd.5b01554_VAGNUP1452791_clean   6.16218  ...  0.004741  0.440603

[5 rows x 15 columns]
2025-09-28 06:28:03,815 | INFO | [Preprocess] Drop NaN rows (FEATURES+TARGET): 7760 -> 7760
           LCD       PLD      LFPD  ...  NAV_cm3_g  Has_OMS     Input
0     10.85017   3.77263  10.26663  ...        0.0        0  0.005118
1     24.60642  13.03430  24.60642  ...        0.0        1  0.003168
2     24.38417  13.22222  24.38417  ...        0.0        1  0.003187
3     23.29182  13.11646  23.29182  ...        0.0        1  0.003023
4      6.16218   5.13230   5.87594  ...        0.0        1  0.001002
...        ...       ...       ...  ...        ...      ...       ...
7755   5.89251   3.41929   5.89251  ...        0.0        0  0.018200
7756   4.42995   3.86732   4.42995  ...        0.0        0  0.024938
7757   6.25511   5.54572   6.22585  ...        0.0        0  0.004375
7758   4.94280   4.31959   4.93372  ...        0.0        1  0.001440
7759  12.38418   6.85660  12.37540  ...        0.0        0  0.001854

[7760 rows x 13 columns]
2025-09-28 06:28:03,834 | INFO | [Seeds] trial=2 | seeds={'seed': 54, 'seed_qt': 2052, 'seed_rd': 4052, 'model_seed': 6052}
           LCD       PLD      LFPD  ...  NAV_cm3_g  Has_OMS     Input
0     10.85017   3.77263  10.26663  ...        0.0        0  0.025239
1     24.60642  13.03430  24.60642  ...        0.0        1  0.015691
2     24.38417  13.22222  24.38417  ...        0.0        1  0.016324
3     23.29182  13.11646  23.29182  ...        0.0        1  0.015726
4      6.16218   5.13230   5.87594  ...        0.0        1  0.004741
...        ...       ...       ...  ...        ...      ...       ...
7755   5.89251   3.41929   5.89251  ...        0.0        0  0.089835
7756   4.42995   3.86732   4.42995  ...        0.0        0  0.122284
7757   6.25511   5.54572   6.22585  ...        0.0        0  0.022190
7758   4.94280   4.31959   4.93372  ...        0.0        1  0.006706
7759  12.38418   6.85660  12.37540  ...        0.0        0  0.008352

[7760 rows x 13 columns]
2025-09-28 06:28:03,848 | INFO | [Seeds] trial=2 | seeds={'seed': 54, 'seed_qt': 2052, 'seed_rd': 4052, 'model_seed': 6052}
Removed 8 rows from mis_lis
2025-09-28 06:28:03,971 | INFO | [Data] Loaded: ../Data_collect/DataSet_PLDSCREENED_2/Ar_313K/Ar_313K_Ar_313K_0.01_to_Ar_313K_5_dataset.csv | rows=7760 | cols=15
2025-09-28 06:28:03,972 | INFO | [Features] Using 13 features: ['LCD', 'PLD', 'LFPD', 'cm3_g', 'ASA_m2_cm3', 'ASA_m2_g', 'NASA_m2_cm3', 'NASA_m2_g', 'AV_VF', 'AV_cm3_g', 'NAV_cm3_g', 'Has_OMS', 'Input']
[-1.29929287 -1.5098575  -1.49094846 ... -1.35118275 -1.87077497
 -1.79143316]
200






[-1.29929287 -1.5098575  -1.49094846 ... -1.35118275 -1.87077497
 -1.79143316]
-3.202230713008698 0.5629130728964408
200





2025-09-28 06:28:03,976 | INFO | [S3 QT→RD] train(qt)=3104, train(rd)=3104, test=1552 (train_ratio=0.80, qt_frac_total=0.40, shift=0.000e+00)
[-5.29679979 -5.50838621 -5.49597249 ... -5.34734181 -5.86346968
 -5.78951293]
200






[-5.29679979 -5.50838621 -5.49597249 ... -5.34734181 -5.86346968
 -5.78951293]
-7.1954367068036476 -0.9696553440892877
200





2025-09-28 06:28:03,979 | INFO | [S3 QT→RD] train(qt)=3104, train(rd)=3104, test=1552 (train_ratio=0.80, qt_frac_total=0.40, shift=0.000e+00)
[-2.29089161 -2.49924138 -2.49657928 ... -2.35904587 -2.84157822
 -2.73177705]
200






[-2.29089161 -2.49924138 -2.49657928 ... -2.35904587 -2.84157822
 -2.73177705]
-4.195879657951556 0.507194573760734
200





2025-09-28 06:28:03,979 | INFO | [S3 QT→RD] train(qt)=3104, train(rd)=3104, test=1552 (train_ratio=0.80, qt_frac_total=0.40, shift=0.000e+00)
Removed 8 rows from mis_lis
2025-09-28 06:28:03,995 | INFO | [Data] Loaded: ../Data_collect/DataSet_PLDSCREENED_2/Ar_313K/Ar_313K_Ar_313K_0.05_to_Ar_313K_15_dataset.csv | rows=7760 | cols=15
2025-09-28 06:28:03,996 | INFO | [Features] Using 13 features: ['LCD', 'PLD', 'LFPD', 'cm3_g', 'ASA_m2_cm3', 'ASA_m2_g', 'NASA_m2_cm3', 'NASA_m2_g', 'AV_VF', 'AV_cm3_g', 'NAV_cm3_g', 'Has_OMS', 'Input']
                                filename       LCD  ...     Input    Output
0  1499489-acs.cgd.6b01265_1499490_clean  10.85017  ...  0.005118  2.040043
1                           ACOCOM_clean  24.60642  ...  0.003168  1.479258
2                           ACOCUS_clean  24.38417  ...  0.003187  1.531660
3                           ACODAZ_clean  23.29182  ...  0.003023  1.511265
4    acs.cgd.5b01554_VAGNUP1452791_clean   6.16218  ...  0.001002  0.440603

[5 rows x 15 columns]
2025-09-28 06:28:04,006 | INFO | [Preprocess] Drop NaN rows (FEATURES+TARGET): 7760 -> 7760
Removed 8 rows from mis_lis
2025-09-28 06:28:04,014 | INFO | [Data] Loaded: ../Data_collect/DataSet_PLDSCREENED_2/Ar_313K/Ar_313K_Ar_313K_Henry_to_Ar_313K_1_dataset.csv | rows=7760 | cols=15
2025-09-28 06:28:04,015 | INFO | [Features] Using 13 features: ['LCD', 'PLD', 'LFPD', 'cm3_g', 'ASA_m2_cm3', 'ASA_m2_g', 'NASA_m2_cm3', 'NASA_m2_g', 'AV_VF', 'AV_cm3_g', 'NAV_cm3_g', 'Has_OMS', 'Input']
[-1.59792861 -1.80434383 -1.78716507 ... -1.65385223 -2.17352097
 -2.07818475]
200






[-1.59792861 -1.80434383 -1.78716507 ... -1.65385223 -2.17352097
 -2.07818475]
-3.47987623564627 0.5505095589594653
200





2025-09-28 06:28:04,019 | INFO | [S3 QT→RD] train(qt)=3104, train(rd)=3104, test=1552 (train_ratio=0.80, qt_frac_total=0.40, shift=0.000e+00)
Removed 8 rows from mis_lis
2025-09-28 06:28:04,028 | INFO | [Data] Loaded: ../Data_collect/DataSet_PLDSCREENED_2/Ar_313K/Ar_313K_Ar_313K_Henry_to_Ar_313K_15_dataset.csv | rows=7760 | cols=15
                                filename       LCD  ...     Input    Output
0  1499489-acs.cgd.6b01265_1499490_clean  10.85017  ...  0.025239  4.484627
1                           ACOCOM_clean  24.60642  ...  0.015691  4.372880
2                           ACOCUS_clean  24.38417  ...  0.016324  4.483099
3                           ACODAZ_clean  23.29182  ...  0.015726  4.438173
4    acs.cgd.5b01554_VAGNUP1452791_clean   6.16218  ...  0.004741  1.198039

[5 rows x 15 columns]
2025-09-28 06:28:04,030 | INFO | [Preprocess] Drop NaN rows (FEATURES+TARGET): 7760 -> 7760
[-2.29089161 -2.49924138 -2.49657928 ... -2.35904587 -2.84157822
 -2.73177705]
200






[-2.29089161 -2.49924138 -2.49657928 ... -2.35904587 -2.84157822
 -2.73177705]
-4.195879657951556 0.507194573760734
200





2025-09-28 06:28:04,032 | INFO | [S3 QT→RD] train(qt)=3104, train(rd)=3104, test=1552 (train_ratio=0.80, qt_frac_total=0.40, shift=0.000e+00)
Removed 8 rows from mis_lis
2025-09-28 06:28:04,036 | INFO | [Data] Loaded: ../Data_collect/DataSet_PLDSCREENED_2/Ar_313K/Ar_313K_Ar_313K_0.05_to_Ar_313K_1_dataset.csv | rows=7760 | cols=15
2025-09-28 06:28:04,036 | INFO | [Features] Using 13 features: ['LCD', 'PLD', 'LFPD', 'cm3_g', 'ASA_m2_cm3', 'ASA_m2_g', 'NASA_m2_cm3', 'NASA_m2_g', 'AV_VF', 'AV_cm3_g', 'NAV_cm3_g', 'Has_OMS', 'Input']
           LCD       PLD      LFPD  ...  NAV_cm3_g  Has_OMS     Input
0     10.85017   3.77263  10.26663  ...        0.0        0  0.005118
1     24.60642  13.03430  24.60642  ...        0.0        1  0.003168
2     24.38417  13.22222  24.38417  ...        0.0        1  0.003187
3     23.29182  13.11646  23.29182  ...        0.0        1  0.003023
4      6.16218   5.13230   5.87594  ...        0.0        1  0.001002
...        ...       ...       ...  ...        ...      ...       ...
7755   5.89251   3.41929   5.89251  ...        0.0        0  0.018200
7756   4.42995   3.86732   4.42995  ...        0.0        0  0.024938
7757   6.25511   5.54572   6.22585  ...        0.0        0  0.004375
7758   4.94280   4.31959   4.93372  ...        0.0        1  0.001440
7759  12.38418   6.85660  12.37540  ...        0.0        0  0.001854

[7760 rows x 13 columns]
2025-09-28 06:28:04,039 | INFO | [Seeds] trial=2 | seeds={'seed': 54, 'seed_qt': 2052, 'seed_rd': 4052, 'model_seed': 6052}
                                filename       LCD  ...         Input    Output
0  1499489-acs.cgd.6b01265_1499490_clean  10.85017  ...  5.048940e-06  0.483106
1                           ACOCOM_clean  24.60642  ...  3.101800e-06  0.311217
2                           ACOCUS_clean  24.38417  ...  3.191740e-06  0.313515
3                           ACODAZ_clean  23.29182  ...  3.140320e-06  0.315277
4    acs.cgd.5b01554_VAGNUP1452791_clean   6.16218  ...  9.608350e-07  0.095646

[5 rows x 15 columns]
2025-09-28 06:28:04,048 | INFO | [Preprocess] Drop NaN rows (FEATURES+TARGET): 7760 -> 7760
2025-09-28 06:28:04,050 | INFO | [Features] Using 13 features: ['LCD', 'PLD', 'LFPD', 'cm3_g', 'ASA_m2_cm3', 'ASA_m2_g', 'NASA_m2_cm3', 'NASA_m2_g', 'AV_VF', 'AV_cm3_g', 'NAV_cm3_g', 'Has_OMS', 'Input']
           LCD       PLD      LFPD  ...  NAV_cm3_g  Has_OMS     Input
0     10.85017   3.77263  10.26663  ...        0.0        0  0.025239
1     24.60642  13.03430  24.60642  ...        0.0        1  0.015691
2     24.38417  13.22222  24.38417  ...        0.0        1  0.016324
3     23.29182  13.11646  23.29182  ...        0.0        1  0.015726
4      6.16218   5.13230   5.87594  ...        0.0        1  0.004741
...        ...       ...       ...  ...        ...      ...       ...
7755   5.89251   3.41929   5.89251  ...        0.0        0  0.089835
7756   4.42995   3.86732   4.42995  ...        0.0        0  0.122284
7757   6.25511   5.54572   6.22585  ...        0.0        0  0.022190
7758   4.94280   4.31959   4.93372  ...        0.0        1  0.006706
7759  12.38418   6.85660  12.37540  ...        0.0        0  0.008352

[7760 rows x 13 columns]
2025-09-28 06:28:04,063 | INFO | [Seeds] trial=2 | seeds={'seed': 54, 'seed_qt': 2052, 'seed_rd': 4052, 'model_seed': 6052}
                                filename       LCD  ...     Input    Output
0  1499489-acs.cgd.6b01265_1499490_clean  10.85017  ...  0.025239  0.483106
1                           ACOCOM_clean  24.60642  ...  0.015691  0.311217
2                           ACOCUS_clean  24.38417  ...  0.016324  0.313515
3                           ACODAZ_clean  23.29182  ...  0.015726  0.315277
4    acs.cgd.5b01554_VAGNUP1452791_clean   6.16218  ...  0.004741  0.095646

[5 rows x 15 columns]
2025-09-28 06:28:04,070 | INFO | [Preprocess] Drop NaN rows (FEATURES+TARGET): 7760 -> 7760
           LCD       PLD      LFPD  ...  NAV_cm3_g  Has_OMS         Input
0     10.85017   3.77263  10.26663  ...        0.0        0  5.048940e-06
1     24.60642  13.03430  24.60642  ...        0.0        1  3.101800e-06
2     24.38417  13.22222  24.38417  ...        0.0        1  3.191740e-06
3     23.29182  13.11646  23.29182  ...        0.0        1  3.140320e-06
4      6.16218   5.13230   5.87594  ...        0.0        1  9.608350e-07
...        ...       ...       ...  ...        ...      ...           ...
7755   5.89251   3.41929   5.89251  ...        0.0        0  1.832300e-05
7756   4.42995   3.86732   4.42995  ...        0.0        0  2.508630e-05
7757   6.25511   5.54572   6.22585  ...        0.0        0  4.494260e-06
7758   4.94280   4.31959   4.93372  ...        0.0        1  1.369400e-06
7759  12.38418   6.85660  12.37540  ...        0.0        0  1.623630e-06

[7760 rows x 13 columns]
2025-09-28 06:28:04,082 | INFO | [Seeds] trial=2 | seeds={'seed': 54, 'seed_qt': 2052, 'seed_rd': 4052, 'model_seed': 6052}
                                filename       LCD  ...         Input    Output
0  1499489-acs.cgd.6b01265_1499490_clean  10.85017  ...  5.048940e-06  4.484627
1                           ACOCOM_clean  24.60642  ...  3.101800e-06  4.372880
2                           ACOCUS_clean  24.38417  ...  3.191740e-06  4.483099
3                           ACODAZ_clean  23.29182  ...  3.140320e-06  4.438173
4    acs.cgd.5b01554_VAGNUP1452791_clean   6.16218  ...  9.608350e-07  1.198039

[5 rows x 15 columns]
2025-09-28 06:28:04,085 | INFO | [Preprocess] Drop NaN rows (FEATURES+TARGET): 7760 -> 7760
           LCD       PLD      LFPD  ...  NAV_cm3_g  Has_OMS     Input
0     10.85017   3.77263  10.26663  ...        0.0        0  0.025239
1     24.60642  13.03430  24.60642  ...        0.0        1  0.015691
2     24.38417  13.22222  24.38417  ...        0.0        1  0.016324
3     23.29182  13.11646  23.29182  ...        0.0        1  0.015726
4      6.16218   5.13230   5.87594  ...        0.0        1  0.004741
...        ...       ...       ...  ...        ...      ...       ...
7755   5.89251   3.41929   5.89251  ...        0.0        0  0.089835
7756   4.42995   3.86732   4.42995  ...        0.0        0  0.122284
7757   6.25511   5.54572   6.22585  ...        0.0        0  0.022190
7758   4.94280   4.31959   4.93372  ...        0.0        1  0.006706
7759  12.38418   6.85660  12.37540  ...        0.0        0  0.008352

[7760 rows x 13 columns]
2025-09-28 06:28:04,104 | INFO | [Seeds] trial=2 | seeds={'seed': 54, 'seed_qt': 2052, 'seed_rd': 4052, 'model_seed': 6052}
           LCD       PLD      LFPD  ...  NAV_cm3_g  Has_OMS         Input
0     10.85017   3.77263  10.26663  ...        0.0        0  5.048940e-06
1     24.60642  13.03430  24.60642  ...        0.0        1  3.101800e-06
2     24.38417  13.22222  24.38417  ...        0.0        1  3.191740e-06
3     23.29182  13.11646  23.29182  ...        0.0        1  3.140320e-06
4      6.16218   5.13230   5.87594  ...        0.0        1  9.608350e-07
...        ...       ...       ...  ...        ...      ...           ...
7755   5.89251   3.41929   5.89251  ...        0.0        0  1.832300e-05
7756   4.42995   3.86732   4.42995  ...        0.0        0  2.508630e-05
7757   6.25511   5.54572   6.22585  ...        0.0        0  4.494260e-06
7758   4.94280   4.31959   4.93372  ...        0.0        1  1.369400e-06
7759  12.38418   6.85660  12.37540  ...        0.0        0  1.623630e-06

[7760 rows x 13 columns]
2025-09-28 06:28:04,119 | INFO | [Seeds] trial=2 | seeds={'seed': 54, 'seed_qt': 2052, 'seed_rd': 4052, 'model_seed': 6052}
[-2.29089161 -2.49924138 -2.49657928 ... -2.35904587 -2.84157822
 -2.73177705]
200






[-2.29089161 -2.49924138 -2.49657928 ... -2.35904587 -2.84157822
 -2.73177705]
-4.195879657951556 0.507194573760734
200





2025-09-28 06:28:04,235 | INFO | [S3 QT→RD] train(qt)=3104, train(rd)=3104, test=1552 (train_ratio=0.80, qt_frac_total=0.40, shift=0.000e+00)
[-1.59792861 -1.80434383 -1.78716507 ... -1.65385223 -2.17352097
 -2.07818475]
200






[-1.59792861 -1.80434383 -1.78716507 ... -1.65385223 -2.17352097
 -2.07818475]
-3.47987623564627 0.5505095589594653
200





2025-09-28 06:28:04,252 | INFO | [S3 QT→RD] train(qt)=3104, train(rd)=3104, test=1552 (train_ratio=0.80, qt_frac_total=0.40, shift=0.000e+00)
[-5.29679979 -5.50838621 -5.49597249 ... -5.34734181 -5.86346968
 -5.78951293]
200






[-5.29679979 -5.50838621 -5.49597249 ... -5.34734181 -5.86346968
 -5.78951293]
-7.1954367068036476 -0.9696553440892877
200





2025-09-28 06:28:04,277 | INFO | [S3 QT→RD] train(qt)=3104, train(rd)=3104, test=1552 (train_ratio=0.80, qt_frac_total=0.40, shift=0.000e+00)
[-5.29679979 -5.50838621 -5.49597249 ... -5.34734181 -5.86346968
 -5.78951293]
200






[-5.29679979 -5.50838621 -5.49597249 ... -5.34734181 -5.86346968
 -5.78951293]
-7.1954367068036476 -0.9696553440892877
200





2025-09-28 06:28:04,292 | INFO | [S3 QT→RD] train(qt)=3104, train(rd)=3104, test=1552 (train_ratio=0.80, qt_frac_total=0.40, shift=0.000e+00)
[-1.59792861 -1.80434383 -1.78716507 ... -1.65385223 -2.17352097
 -2.07818475]
200






[-1.59792861 -1.80434383 -1.78716507 ... -1.65385223 -2.17352097
 -2.07818475]
-3.47987623564627 0.5505095589594653
200





2025-09-28 06:28:04,300 | INFO | [S3 QT→RD] train(qt)=3104, train(rd)=3104, test=1552 (train_ratio=0.80, qt_frac_total=0.40, shift=0.000e+00)
2025-09-28 06:28:05,554 | INFO | [Save] sampling scatter & histogram plots
2025-09-28 06:28:05,561 | INFO | [Save] sampling scatter & histogram plots
2025-09-28 06:28:05,565 | INFO | [Save] sampling scatter & histogram plots
2025-09-28 06:28:05,606 | INFO | [Save] sampling scatter & histogram plots
2025-09-28 06:28:05,681 | INFO | [Save] sampling scatter & histogram plots
           LCD       PLD      LFPD  ...  NAV_cm3_g  Has_OMS         Input
0     10.85017   3.77263  10.26663  ...        0.0        0  5.048940e-06
1     24.60642  13.03430  24.60642  ...        0.0        1  3.101800e-06
2     24.38417  13.22222  24.38417  ...        0.0        1  3.191740e-06
3     23.29182  13.11646  23.29182  ...        0.0        1  3.140320e-06
4      6.16218   5.13230   5.87594  ...        0.0        1  9.608350e-07
...        ...       ...       ...  ...        ...      ...           ...
7755   5.89251   3.41929   5.89251  ...        0.0        0  1.832300e-05
7756   4.42995   3.86732   4.42995  ...        0.0        0  2.508630e-05
7757   6.25511   5.54572   6.22585  ...        0.0        0  4.494260e-06
7758   4.94280   4.31959   4.93372  ...        0.0        1  1.369400e-06
7759  12.38418   6.85660  12.37540  ...        0.0        0  1.623630e-06

[7760 rows x 13 columns]
Index(['LCD', 'PLD', 'LFPD', 'cm3_g', 'ASA_m2_cm3', 'ASA_m2_g', 'NASA_m2_cm3',
       'NASA_m2_g', 'AV_VF', 'AV_cm3_g', 'NAV_cm3_g', 'Has_OMS', 'Input'],
      dtype='object')
2025-09-28 06:28:05,753 | INFO | [Model] kind=cat | params={'iterations': 500, 'learning_rate': 0.05, 'depth': 8, 'loss_function': 'RMSE', 'random_seed': 6052, 'verbose': False}
2025-09-28 06:28:05,753 | INFO | [Holdout_trial002] Train=6208 | Test=1552
           LCD       PLD      LFPD  ...  NAV_cm3_g  Has_OMS     Input
0     10.85017   3.77263  10.26663  ...        0.0        0  0.005118
1     24.60642  13.03430  24.60642  ...        0.0        1  0.003168
2     24.38417  13.22222  24.38417  ...        0.0        1  0.003187
3     23.29182  13.11646  23.29182  ...        0.0        1  0.003023
4      6.16218   5.13230   5.87594  ...        0.0        1  0.001002
...        ...       ...       ...  ...        ...      ...       ...
7755   5.89251   3.41929   5.89251  ...        0.0        0  0.018200
7756   4.42995   3.86732   4.42995  ...        0.0        0  0.024938
7757   6.25511   5.54572   6.22585  ...        0.0        0  0.004375
7758   4.94280   4.31959   4.93372  ...        0.0        1  0.001440
7759  12.38418   6.85660  12.37540  ...        0.0        0  0.001854

[7760 rows x 13 columns]
Index(['LCD', 'PLD', 'LFPD', 'cm3_g', 'ASA_m2_cm3', 'ASA_m2_g', 'NASA_m2_cm3',
       'NASA_m2_g', 'AV_VF', 'AV_cm3_g', 'NAV_cm3_g', 'Has_OMS', 'Input'],
      dtype='object')
2025-09-28 06:28:05,760 | INFO | [Model] kind=cat | params={'iterations': 500, 'learning_rate': 0.05, 'depth': 8, 'loss_function': 'RMSE', 'random_seed': 6052, 'verbose': False}
2025-09-28 06:28:05,760 | INFO | [Holdout_trial002] Train=6208 | Test=1552
           LCD       PLD      LFPD  ...  NAV_cm3_g  Has_OMS     Input
0     10.85017   3.77263  10.26663  ...        0.0        0  0.050200
1     24.60642  13.03430  24.60642  ...        0.0        1  0.030913
2     24.38417  13.22222  24.38417  ...        0.0        1  0.032289
3     23.29182  13.11646  23.29182  ...        0.0        1  0.031373
4      6.16218   5.13230   5.87594  ...        0.0        1  0.009552
...        ...       ...       ...  ...        ...      ...       ...
7755   5.89251   3.41929   5.89251  ...        0.0        0  0.172231
7756   4.42995   3.86732   4.42995  ...        0.0        0  0.230075
7757   6.25511   5.54572   6.22585  ...        0.0        0  0.044547
7758   4.94280   4.31959   4.93372  ...        0.0        1  0.013466
7759  12.38418   6.85660  12.37540  ...        0.0        0  0.016165

[7760 rows x 13 columns]
Index(['LCD', 'PLD', 'LFPD', 'cm3_g', 'ASA_m2_cm3', 'ASA_m2_g', 'NASA_m2_cm3',
       'NASA_m2_g', 'AV_VF', 'AV_cm3_g', 'NAV_cm3_g', 'Has_OMS', 'Input'],
      dtype='object')
2025-09-28 06:28:05,765 | INFO | [Model] kind=cat | params={'iterations': 500, 'learning_rate': 0.05, 'depth': 8, 'loss_function': 'RMSE', 'random_seed': 6052, 'verbose': False}
2025-09-28 06:28:05,765 | INFO | [Holdout_trial002] Train=6208 | Test=1552
           LCD       PLD      LFPD  ...  NAV_cm3_g  Has_OMS     Input
0     10.85017   3.77263  10.26663  ...        0.0        0  0.005118
1     24.60642  13.03430  24.60642  ...        0.0        1  0.003168
2     24.38417  13.22222  24.38417  ...        0.0        1  0.003187
3     23.29182  13.11646  23.29182  ...        0.0        1  0.003023
4      6.16218   5.13230   5.87594  ...        0.0        1  0.001002
...        ...       ...       ...  ...        ...      ...       ...
7755   5.89251   3.41929   5.89251  ...        0.0        0  0.018200
7756   4.42995   3.86732   4.42995  ...        0.0        0  0.024938
7757   6.25511   5.54572   6.22585  ...        0.0        0  0.004375
7758   4.94280   4.31959   4.93372  ...        0.0        1  0.001440
7759  12.38418   6.85660  12.37540  ...        0.0        0  0.001854

[7760 rows x 13 columns]
Index(['LCD', 'PLD', 'LFPD', 'cm3_g', 'ASA_m2_cm3', 'ASA_m2_g', 'NASA_m2_cm3',
       'NASA_m2_g', 'AV_VF', 'AV_cm3_g', 'NAV_cm3_g', 'Has_OMS', 'Input'],
      dtype='object')
2025-09-28 06:28:05,806 | INFO | [Model] kind=cat | params={'iterations': 500, 'learning_rate': 0.05, 'depth': 8, 'loss_function': 'RMSE', 'random_seed': 6052, 'verbose': False}
2025-09-28 06:28:05,806 | INFO | [Holdout_trial002] Train=6208 | Test=1552
           LCD       PLD      LFPD  ...  NAV_cm3_g  Has_OMS     Input
0     10.85017   3.77263  10.26663  ...        0.0        0  0.025239
1     24.60642  13.03430  24.60642  ...        0.0        1  0.015691
2     24.38417  13.22222  24.38417  ...        0.0        1  0.016324
3     23.29182  13.11646  23.29182  ...        0.0        1  0.015726
4      6.16218   5.13230   5.87594  ...        0.0        1  0.004741
...        ...       ...       ...  ...        ...      ...       ...
7755   5.89251   3.41929   5.89251  ...        0.0        0  0.089835
7756   4.42995   3.86732   4.42995  ...        0.0        0  0.122284
7757   6.25511   5.54572   6.22585  ...        0.0        0  0.022190
7758   4.94280   4.31959   4.93372  ...        0.0        1  0.006706
7759  12.38418   6.85660  12.37540  ...        0.0        0  0.008352

[7760 rows x 13 columns]
Index(['LCD', 'PLD', 'LFPD', 'cm3_g', 'ASA_m2_cm3', 'ASA_m2_g', 'NASA_m2_cm3',
       'NASA_m2_g', 'AV_VF', 'AV_cm3_g', 'NAV_cm3_g', 'Has_OMS', 'Input'],
      dtype='object')
2025-09-28 06:28:05,871 | INFO | [Model] kind=cat | params={'iterations': 500, 'learning_rate': 0.05, 'depth': 8, 'loss_function': 'RMSE', 'random_seed': 6052, 'verbose': False}
2025-09-28 06:28:05,871 | INFO | [Holdout_trial002] Train=6208 | Test=1552
2025-09-28 06:28:05,880 | INFO | [Save] sampling scatter & histogram plots
2025-09-28 06:28:05,887 | INFO | [Save] sampling scatter & histogram plots
2025-09-28 06:28:05,904 | INFO | [Save] sampling scatter & histogram plots
2025-09-28 06:28:05,935 | INFO | [Save] sampling scatter & histogram plots
2025-09-28 06:28:05,936 | INFO | [Save] sampling scatter & histogram plots
           LCD       PLD      LFPD  ...  NAV_cm3_g  Has_OMS     Input
0     10.85017   3.77263  10.26663  ...        0.0        0  0.005118
1     24.60642  13.03430  24.60642  ...        0.0        1  0.003168
2     24.38417  13.22222  24.38417  ...        0.0        1  0.003187
3     23.29182  13.11646  23.29182  ...        0.0        1  0.003023
4      6.16218   5.13230   5.87594  ...        0.0        1  0.001002
...        ...       ...       ...  ...        ...      ...       ...
7755   5.89251   3.41929   5.89251  ...        0.0        0  0.018200
7756   4.42995   3.86732   4.42995  ...        0.0        0  0.024938
7757   6.25511   5.54572   6.22585  ...        0.0        0  0.004375
7758   4.94280   4.31959   4.93372  ...        0.0        1  0.001440
7759  12.38418   6.85660  12.37540  ...        0.0        0  0.001854

[7760 rows x 13 columns]
Index(['LCD', 'PLD', 'LFPD', 'cm3_g', 'ASA_m2_cm3', 'ASA_m2_g', 'NASA_m2_cm3',
       'NASA_m2_g', 'AV_VF', 'AV_cm3_g', 'NAV_cm3_g', 'Has_OMS', 'Input'],
      dtype='object')
2025-09-28 06:28:06,093 | INFO | [Model] kind=cat | params={'iterations': 500, 'learning_rate': 0.05, 'depth': 8, 'loss_function': 'RMSE', 'random_seed': 6052, 'verbose': False}
2025-09-28 06:28:06,093 | INFO | [Holdout_trial002] Train=6208 | Test=1552
           LCD       PLD      LFPD  ...  NAV_cm3_g  Has_OMS         Input
0     10.85017   3.77263  10.26663  ...        0.0        0  5.048940e-06
1     24.60642  13.03430  24.60642  ...        0.0        1  3.101800e-06
2     24.38417  13.22222  24.38417  ...        0.0        1  3.191740e-06
3     23.29182  13.11646  23.29182  ...        0.0        1  3.140320e-06
4      6.16218   5.13230   5.87594  ...        0.0        1  9.608350e-07
...        ...       ...       ...  ...        ...      ...           ...
7755   5.89251   3.41929   5.89251  ...        0.0        0  1.832300e-05
7756   4.42995   3.86732   4.42995  ...        0.0        0  2.508630e-05
7757   6.25511   5.54572   6.22585  ...        0.0        0  4.494260e-06
7758   4.94280   4.31959   4.93372  ...        0.0        1  1.369400e-06
7759  12.38418   6.85660  12.37540  ...        0.0        0  1.623630e-06

[7760 rows x 13 columns]
Index(['LCD', 'PLD', 'LFPD', 'cm3_g', 'ASA_m2_cm3', 'ASA_m2_g', 'NASA_m2_cm3',
       'NASA_m2_g', 'AV_VF', 'AV_cm3_g', 'NAV_cm3_g', 'Has_OMS', 'Input'],
      dtype='object')
2025-09-28 06:28:06,102 | INFO | [Model] kind=cat | params={'iterations': 500, 'learning_rate': 0.05, 'depth': 8, 'loss_function': 'RMSE', 'random_seed': 6052, 'verbose': False}
2025-09-28 06:28:06,102 | INFO | [Holdout_trial002] Train=6208 | Test=1552
           LCD       PLD      LFPD  ...  NAV_cm3_g  Has_OMS         Input
0     10.85017   3.77263  10.26663  ...        0.0        0  5.048940e-06
1     24.60642  13.03430  24.60642  ...        0.0        1  3.101800e-06
2     24.38417  13.22222  24.38417  ...        0.0        1  3.191740e-06
3     23.29182  13.11646  23.29182  ...        0.0        1  3.140320e-06
4      6.16218   5.13230   5.87594  ...        0.0        1  9.608350e-07
...        ...       ...       ...  ...        ...      ...           ...
7755   5.89251   3.41929   5.89251  ...        0.0        0  1.832300e-05
7756   4.42995   3.86732   4.42995  ...        0.0        0  2.508630e-05
7757   6.25511   5.54572   6.22585  ...        0.0        0  4.494260e-06
7758   4.94280   4.31959   4.93372  ...        0.0        1  1.369400e-06
7759  12.38418   6.85660  12.37540  ...        0.0        0  1.623630e-06

[7760 rows x 13 columns]
Index(['LCD', 'PLD', 'LFPD', 'cm3_g', 'ASA_m2_cm3', 'ASA_m2_g', 'NASA_m2_cm3',
       'NASA_m2_g', 'AV_VF', 'AV_cm3_g', 'NAV_cm3_g', 'Has_OMS', 'Input'],
      dtype='object')
2025-09-28 06:28:06,129 | INFO | [Model] kind=cat | params={'iterations': 500, 'learning_rate': 0.05, 'depth': 8, 'loss_function': 'RMSE', 'random_seed': 6052, 'verbose': False}
2025-09-28 06:28:06,129 | INFO | [Holdout_trial002] Train=6208 | Test=1552
           LCD       PLD      LFPD  ...  NAV_cm3_g  Has_OMS     Input
0     10.85017   3.77263  10.26663  ...        0.0        0  0.025239
1     24.60642  13.03430  24.60642  ...        0.0        1  0.015691
2     24.38417  13.22222  24.38417  ...        0.0        1  0.016324
3     23.29182  13.11646  23.29182  ...        0.0        1  0.015726
4      6.16218   5.13230   5.87594  ...        0.0        1  0.004741
...        ...       ...       ...  ...        ...      ...       ...
7755   5.89251   3.41929   5.89251  ...        0.0        0  0.089835
7756   4.42995   3.86732   4.42995  ...        0.0        0  0.122284
7757   6.25511   5.54572   6.22585  ...        0.0        0  0.022190
7758   4.94280   4.31959   4.93372  ...        0.0        1  0.006706
7759  12.38418   6.85660  12.37540  ...        0.0        0  0.008352

[7760 rows x 13 columns]
Index(['LCD', 'PLD', 'LFPD', 'cm3_g', 'ASA_m2_cm3', 'ASA_m2_g', 'NASA_m2_cm3',
       'NASA_m2_g', 'AV_VF', 'AV_cm3_g', 'NAV_cm3_g', 'Has_OMS', 'Input'],
      dtype='object')
2025-09-28 06:28:06,138 | INFO | [Model] kind=cat | params={'iterations': 500, 'learning_rate': 0.05, 'depth': 8, 'loss_function': 'RMSE', 'random_seed': 6052, 'verbose': False}
2025-09-28 06:28:06,138 | INFO | [Holdout_trial002] Train=6208 | Test=1552
           LCD       PLD      LFPD  ...  NAV_cm3_g  Has_OMS     Input
0     10.85017   3.77263  10.26663  ...        0.0        0  0.025239
1     24.60642  13.03430  24.60642  ...        0.0        1  0.015691
2     24.38417  13.22222  24.38417  ...        0.0        1  0.016324
3     23.29182  13.11646  23.29182  ...        0.0        1  0.015726
4      6.16218   5.13230   5.87594  ...        0.0        1  0.004741
...        ...       ...       ...  ...        ...      ...       ...
7755   5.89251   3.41929   5.89251  ...        0.0        0  0.089835
7756   4.42995   3.86732   4.42995  ...        0.0        0  0.122284
7757   6.25511   5.54572   6.22585  ...        0.0        0  0.022190
7758   4.94280   4.31959   4.93372  ...        0.0        1  0.006706
7759  12.38418   6.85660  12.37540  ...        0.0        0  0.008352

[7760 rows x 13 columns]
Index(['LCD', 'PLD', 'LFPD', 'cm3_g', 'ASA_m2_cm3', 'ASA_m2_g', 'NASA_m2_cm3',
       'NASA_m2_g', 'AV_VF', 'AV_cm3_g', 'NAV_cm3_g', 'Has_OMS', 'Input'],
      dtype='object')
2025-09-28 06:28:06,139 | INFO | [Model] kind=cat | params={'iterations': 500, 'learning_rate': 0.05, 'depth': 8, 'loss_function': 'RMSE', 'random_seed': 6052, 'verbose': False}
2025-09-28 06:28:06,139 | INFO | [Holdout_trial002] Train=6208 | Test=1552
Removed 8 rows from mis_lis
2025-09-28 06:28:07,026 | INFO | [Data] Loaded: ../Data_collect/DataSet_PLDSCREENED_2/Ar_313K/Ar_313K_Ar_313K_0.1_to_Ar_313K_1_dataset.csv | rows=7760 | cols=15
2025-09-28 06:28:07,026 | INFO | [Features] Using 13 features: ['LCD', 'PLD', 'LFPD', 'cm3_g', 'ASA_m2_cm3', 'ASA_m2_g', 'NASA_m2_cm3', 'NASA_m2_g', 'AV_VF', 'AV_cm3_g', 'NAV_cm3_g', 'Has_OMS', 'Input']
Removed 8 rows from mis_lis
2025-09-28 06:28:07,030 | INFO | [Data] Loaded: ../Data_collect/DataSet_PLDSCREENED_2/Ar_313K/Ar_313K_Ar_313K_0.01_to_Ar_313K_1_dataset.csv | rows=7760 | cols=15
2025-09-28 06:28:07,031 | INFO | [Features] Using 13 features: ['LCD', 'PLD', 'LFPD', 'cm3_g', 'ASA_m2_cm3', 'ASA_m2_g', 'NASA_m2_cm3', 'NASA_m2_g', 'AV_VF', 'AV_cm3_g', 'NAV_cm3_g', 'Has_OMS', 'Input']
Removed 8 rows from mis_lis
2025-09-28 06:28:07,044 | INFO | [Data] Loaded: ../Data_collect/DataSet_PLDSCREENED_2/Ar_313K/Ar_313K_Ar_313K_0.01_to_Ar_313K_15_dataset.csv | rows=7760 | cols=15
2025-09-28 06:28:07,045 | INFO | [Features] Using 13 features: ['LCD', 'PLD', 'LFPD', 'cm3_g', 'ASA_m2_cm3', 'ASA_m2_g', 'NASA_m2_cm3', 'NASA_m2_g', 'AV_VF', 'AV_cm3_g', 'NAV_cm3_g', 'Has_OMS', 'Input']
                                filename       LCD  ...     Input    Output
0  1499489-acs.cgd.6b01265_1499490_clean  10.85017  ...  0.050200  0.483106
1                           ACOCOM_clean  24.60642  ...  0.030913  0.311217
2                           ACOCUS_clean  24.38417  ...  0.032289  0.313515
3                           ACODAZ_clean  23.29182  ...  0.031373  0.315277
4    acs.cgd.5b01554_VAGNUP1452791_clean   6.16218  ...  0.009552  0.095646

[5 rows x 15 columns]
2025-09-28 06:28:07,060 | INFO | [Preprocess] Drop NaN rows (FEATURES+TARGET): 7760 -> 7760
Removed 8 rows from mis_lis
2025-09-28 06:28:07,060 | INFO | [Data] Loaded: ../Data_collect/DataSet_PLDSCREENED_2/Ar_313K/Ar_313K_Ar_313K_0.05_to_Ar_313K_5_dataset.csv | rows=7760 | cols=15
2025-09-28 06:28:07,061 | INFO | [Features] Using 13 features: ['LCD', 'PLD', 'LFPD', 'cm3_g', 'ASA_m2_cm3', 'ASA_m2_g', 'NASA_m2_cm3', 'NASA_m2_g', 'AV_VF', 'AV_cm3_g', 'NAV_cm3_g', 'Has_OMS', 'Input']
                                filename       LCD  ...     Input    Output
0  1499489-acs.cgd.6b01265_1499490_clean  10.85017  ...  0.005118  0.483106
1                           ACOCOM_clean  24.60642  ...  0.003168  0.311217
2                           ACOCUS_clean  24.38417  ...  0.003187  0.313515
3                           ACODAZ_clean  23.29182  ...  0.003023  0.315277
4    acs.cgd.5b01554_VAGNUP1452791_clean   6.16218  ...  0.001002  0.095646

[5 rows x 15 columns]
2025-09-28 06:28:07,065 | INFO | [Preprocess] Drop NaN rows (FEATURES+TARGET): 7760 -> 7760
                                filename       LCD  ...     Input    Output
0  1499489-acs.cgd.6b01265_1499490_clean  10.85017  ...  0.005118  4.484627
1                           ACOCOM_clean  24.60642  ...  0.003168  4.372880
2                           ACOCUS_clean  24.38417  ...  0.003187  4.483099
3                           ACODAZ_clean  23.29182  ...  0.003023  4.438173
4    acs.cgd.5b01554_VAGNUP1452791_clean   6.16218  ...  0.001002  1.198039

[5 rows x 15 columns]
2025-09-28 06:28:07,079 | INFO | [Preprocess] Drop NaN rows (FEATURES+TARGET): 7760 -> 7760
Removed 8 rows from mis_lis
2025-09-28 06:28:07,081 | INFO | [Data] Loaded: ../Data_collect/DataSet_PLDSCREENED_2/Ar_313K/Ar_313K_Ar_313K_Henry_to_Ar_313K_5_dataset.csv | rows=7760 | cols=15
2025-09-28 06:28:07,082 | INFO | [Features] Using 13 features: ['LCD', 'PLD', 'LFPD', 'cm3_g', 'ASA_m2_cm3', 'ASA_m2_g', 'NASA_m2_cm3', 'NASA_m2_g', 'AV_VF', 'AV_cm3_g', 'NAV_cm3_g', 'Has_OMS', 'Input']
           LCD       PLD      LFPD  ...  NAV_cm3_g  Has_OMS     Input
0     10.85017   3.77263  10.26663  ...        0.0        0  0.050200
1     24.60642  13.03430  24.60642  ...        0.0        1  0.030913
2     24.38417  13.22222  24.38417  ...        0.0        1  0.032289
3     23.29182  13.11646  23.29182  ...        0.0        1  0.031373
4      6.16218   5.13230   5.87594  ...        0.0        1  0.009552
...        ...       ...       ...  ...        ...      ...       ...
7755   5.89251   3.41929   5.89251  ...        0.0        0  0.172231
7756   4.42995   3.86732   4.42995  ...        0.0        0  0.230075
7757   6.25511   5.54572   6.22585  ...        0.0        0  0.044547
7758   4.94280   4.31959   4.93372  ...        0.0        1  0.013466
7759  12.38418   6.85660  12.37540  ...        0.0        0  0.016165

[7760 rows x 13 columns]
2025-09-28 06:28:07,094 | INFO | [Seeds] trial=4 | seeds={'seed': 56, 'seed_qt': 4052, 'seed_rd': 8052, 'model_seed': 12052}
                                filename       LCD  ...     Input    Output
0  1499489-acs.cgd.6b01265_1499490_clean  10.85017  ...  0.025239  2.040043
1                           ACOCOM_clean  24.60642  ...  0.015691  1.479258
2                           ACOCUS_clean  24.38417  ...  0.016324  1.531660
3                           ACODAZ_clean  23.29182  ...  0.015726  1.511265
4    acs.cgd.5b01554_VAGNUP1452791_clean   6.16218  ...  0.004741  0.440603

[5 rows x 15 columns]
2025-09-28 06:28:07,095 | INFO | [Preprocess] Drop NaN rows (FEATURES+TARGET): 7760 -> 7760
           LCD       PLD      LFPD  ...  NAV_cm3_g  Has_OMS     Input
0     10.85017   3.77263  10.26663  ...        0.0        0  0.005118
1     24.60642  13.03430  24.60642  ...        0.0        1  0.003168
2     24.38417  13.22222  24.38417  ...        0.0        1  0.003187
3     23.29182  13.11646  23.29182  ...        0.0        1  0.003023
4      6.16218   5.13230   5.87594  ...        0.0        1  0.001002
...        ...       ...       ...  ...        ...      ...       ...
7755   5.89251   3.41929   5.89251  ...        0.0        0  0.018200
7756   4.42995   3.86732   4.42995  ...        0.0        0  0.024938
7757   6.25511   5.54572   6.22585  ...        0.0        0  0.004375
7758   4.94280   4.31959   4.93372  ...        0.0        1  0.001440
7759  12.38418   6.85660  12.37540  ...        0.0        0  0.001854

[7760 rows x 13 columns]
2025-09-28 06:28:07,098 | INFO | [Seeds] trial=4 | seeds={'seed': 56, 'seed_qt': 4052, 'seed_rd': 8052, 'model_seed': 12052}
           LCD       PLD      LFPD  ...  NAV_cm3_g  Has_OMS     Input
0     10.85017   3.77263  10.26663  ...        0.0        0  0.005118
1     24.60642  13.03430  24.60642  ...        0.0        1  0.003168
2     24.38417  13.22222  24.38417  ...        0.0        1  0.003187
3     23.29182  13.11646  23.29182  ...        0.0        1  0.003023
4      6.16218   5.13230   5.87594  ...        0.0        1  0.001002
...        ...       ...       ...  ...        ...      ...       ...
7755   5.89251   3.41929   5.89251  ...        0.0        0  0.018200
7756   4.42995   3.86732   4.42995  ...        0.0        0  0.024938
7757   6.25511   5.54572   6.22585  ...        0.0        0  0.004375
7758   4.94280   4.31959   4.93372  ...        0.0        1  0.001440
7759  12.38418   6.85660  12.37540  ...        0.0        0  0.001854

[7760 rows x 13 columns]
2025-09-28 06:28:07,112 | INFO | [Seeds] trial=4 | seeds={'seed': 56, 'seed_qt': 4052, 'seed_rd': 8052, 'model_seed': 12052}
                                filename       LCD  ...         Input    Output
0  1499489-acs.cgd.6b01265_1499490_clean  10.85017  ...  5.048940e-06  2.040043
1                           ACOCOM_clean  24.60642  ...  3.101800e-06  1.479258
2                           ACOCUS_clean  24.38417  ...  3.191740e-06  1.531660
3                           ACODAZ_clean  23.29182  ...  3.140320e-06  1.511265
4    acs.cgd.5b01554_VAGNUP1452791_clean   6.16218  ...  9.608350e-07  0.440603

[5 rows x 15 columns]
2025-09-28 06:28:07,116 | INFO | [Preprocess] Drop NaN rows (FEATURES+TARGET): 7760 -> 7760
           LCD       PLD      LFPD  ...  NAV_cm3_g  Has_OMS     Input
0     10.85017   3.77263  10.26663  ...        0.0        0  0.025239
1     24.60642  13.03430  24.60642  ...        0.0        1  0.015691
2     24.38417  13.22222  24.38417  ...        0.0        1  0.016324
3     23.29182  13.11646  23.29182  ...        0.0        1  0.015726
4      6.16218   5.13230   5.87594  ...        0.0        1  0.004741
...        ...       ...       ...  ...        ...      ...       ...
7755   5.89251   3.41929   5.89251  ...        0.0        0  0.089835
7756   4.42995   3.86732   4.42995  ...        0.0        0  0.122284
7757   6.25511   5.54572   6.22585  ...        0.0        0  0.022190
7758   4.94280   4.31959   4.93372  ...        0.0        1  0.006706
7759  12.38418   6.85660  12.37540  ...        0.0        0  0.008352

[7760 rows x 13 columns]
2025-09-28 06:28:07,128 | INFO | [Seeds] trial=4 | seeds={'seed': 56, 'seed_qt': 4052, 'seed_rd': 8052, 'model_seed': 12052}
           LCD       PLD      LFPD  ...  NAV_cm3_g  Has_OMS         Input
0     10.85017   3.77263  10.26663  ...        0.0        0  5.048940e-06
1     24.60642  13.03430  24.60642  ...        0.0        1  3.101800e-06
2     24.38417  13.22222  24.38417  ...        0.0        1  3.191740e-06
3     23.29182  13.11646  23.29182  ...        0.0        1  3.140320e-06
4      6.16218   5.13230   5.87594  ...        0.0        1  9.608350e-07
...        ...       ...       ...  ...        ...      ...           ...
7755   5.89251   3.41929   5.89251  ...        0.0        0  1.832300e-05
7756   4.42995   3.86732   4.42995  ...        0.0        0  2.508630e-05
7757   6.25511   5.54572   6.22585  ...        0.0        0  4.494260e-06
7758   4.94280   4.31959   4.93372  ...        0.0        1  1.369400e-06
7759  12.38418   6.85660  12.37540  ...        0.0        0  1.623630e-06

[7760 rows x 13 columns]
2025-09-28 06:28:07,150 | INFO | [Seeds] trial=4 | seeds={'seed': 56, 'seed_qt': 4052, 'seed_rd': 8052, 'model_seed': 12052}
[-1.29929287 -1.5098575  -1.49094846 ... -1.35118275 -1.87077497
 -1.79143316]
200






[-1.29929287 -1.5098575  -1.49094846 ... -1.35118275 -1.87077497
 -1.79143316]
-3.202230713008698 0.5629130728964408
200





2025-09-28 06:28:07,288 | INFO | [S3 QT→RD] train(qt)=3104, train(rd)=3104, test=1552 (train_ratio=0.80, qt_frac_total=0.40, shift=0.000e+00)
[-2.29089161 -2.49924138 -2.49657928 ... -2.35904587 -2.84157822
 -2.73177705]
200






[-2.29089161 -2.49924138 -2.49657928 ... -2.35904587 -2.84157822
 -2.73177705]
-4.195879657951556 0.507194573760734
200





2025-09-28 06:28:07,291 | INFO | [S3 QT→RD] train(qt)=3104, train(rd)=3104, test=1552 (train_ratio=0.80, qt_frac_total=0.40, shift=0.000e+00)
[-1.59792861 -1.80434383 -1.78716507 ... -1.65385223 -2.17352097
 -2.07818475]
200






[-1.59792861 -1.80434383 -1.78716507 ... -1.65385223 -2.17352097
 -2.07818475]
-3.47987623564627 0.5505095589594653
200





2025-09-28 06:28:07,300 | INFO | [S3 QT→RD] train(qt)=3104, train(rd)=3104, test=1552 (train_ratio=0.80, qt_frac_total=0.40, shift=0.000e+00)
[-2.29089161 -2.49924138 -2.49657928 ... -2.35904587 -2.84157822
 -2.73177705]
200






[-2.29089161 -2.49924138 -2.49657928 ... -2.35904587 -2.84157822
 -2.73177705]
-4.195879657951556 0.507194573760734
200





2025-09-28 06:28:07,306 | INFO | [S3 QT→RD] train(qt)=3104, train(rd)=3104, test=1552 (train_ratio=0.80, qt_frac_total=0.40, shift=0.000e+00)
[-5.29679979 -5.50838621 -5.49597249 ... -5.34734181 -5.86346968
 -5.78951293]
200






[-5.29679979 -5.50838621 -5.49597249 ... -5.34734181 -5.86346968
 -5.78951293]
-7.1954367068036476 -0.9696553440892877
200





2025-09-28 06:28:07,320 | INFO | [S3 QT→RD] train(qt)=3104, train(rd)=3104, test=1552 (train_ratio=0.80, qt_frac_total=0.40, shift=0.000e+00)
Removed 8 rows from mis_lis
2025-09-28 06:28:07,613 | INFO | [Data] Loaded: ../Data_collect/DataSet_PLDSCREENED_2/Ar_313K/Ar_313K_Ar_313K_0.01_to_Ar_313K_5_dataset.csv | rows=7760 | cols=15
2025-09-28 06:28:07,614 | INFO | [Features] Using 13 features: ['LCD', 'PLD', 'LFPD', 'cm3_g', 'ASA_m2_cm3', 'ASA_m2_g', 'NASA_m2_cm3', 'NASA_m2_g', 'AV_VF', 'AV_cm3_g', 'NAV_cm3_g', 'Has_OMS', 'Input']
Removed 8 rows from mis_lis
2025-09-28 06:28:07,627 | INFO | [Data] Loaded: ../Data_collect/DataSet_PLDSCREENED_2/Ar_313K/Ar_313K_Ar_313K_Henry_to_Ar_313K_1_dataset.csv | rows=7760 | cols=15
2025-09-28 06:28:07,628 | INFO | [Features] Using 13 features: ['LCD', 'PLD', 'LFPD', 'cm3_g', 'ASA_m2_cm3', 'ASA_m2_g', 'NASA_m2_cm3', 'NASA_m2_g', 'AV_VF', 'AV_cm3_g', 'NAV_cm3_g', 'Has_OMS', 'Input']
Removed 8 rows from mis_lis
2025-09-28 06:28:07,610 | INFO | [Data] Loaded: ../Data_collect/DataSet_PLDSCREENED_2/Ar_313K/Ar_313K_Ar_313K_0.05_to_Ar_313K_15_dataset.csv | rows=7760 | cols=15
2025-09-28 06:28:07,633 | INFO | [Features] Using 13 features: ['LCD', 'PLD', 'LFPD', 'cm3_g', 'ASA_m2_cm3', 'ASA_m2_g', 'NASA_m2_cm3', 'NASA_m2_g', 'AV_VF', 'AV_cm3_g', 'NAV_cm3_g', 'Has_OMS', 'Input']
                                filename       LCD  ...     Input    Output
0  1499489-acs.cgd.6b01265_1499490_clean  10.85017  ...  0.005118  2.040043
1                           ACOCOM_clean  24.60642  ...  0.003168  1.479258
2                           ACOCUS_clean  24.38417  ...  0.003187  1.531660
3                           ACODAZ_clean  23.29182  ...  0.003023  1.511265
4    acs.cgd.5b01554_VAGNUP1452791_clean   6.16218  ...  0.001002  0.440603

[5 rows x 15 columns]
2025-09-28 06:28:07,649 | INFO | [Preprocess] Drop NaN rows (FEATURES+TARGET): 7760 -> 7760
                                filename       LCD  ...         Input    Output
0  1499489-acs.cgd.6b01265_1499490_clean  10.85017  ...  5.048940e-06  0.483106
1                           ACOCOM_clean  24.60642  ...  3.101800e-06  0.311217
2                           ACOCUS_clean  24.38417  ...  3.191740e-06  0.313515
3                           ACODAZ_clean  23.29182  ...  3.140320e-06  0.315277
4    acs.cgd.5b01554_VAGNUP1452791_clean   6.16218  ...  9.608350e-07  0.095646

[5 rows x 15 columns]
2025-09-28 06:28:07,663 | INFO | [Preprocess] Drop NaN rows (FEATURES+TARGET): 7760 -> 7760
                                filename       LCD  ...     Input    Output
0  1499489-acs.cgd.6b01265_1499490_clean  10.85017  ...  0.025239  4.484627
1                           ACOCOM_clean  24.60642  ...  0.015691  4.372880
2                           ACOCUS_clean  24.38417  ...  0.016324  4.483099
3                           ACODAZ_clean  23.29182  ...  0.015726  4.438173
4    acs.cgd.5b01554_VAGNUP1452791_clean   6.16218  ...  0.004741  1.198039

[5 rows x 15 columns]
2025-09-28 06:28:07,669 | INFO | [Preprocess] Drop NaN rows (FEATURES+TARGET): 7760 -> 7760
Removed 8 rows from mis_lis
2025-09-28 06:28:07,678 | INFO | [Data] Loaded: ../Data_collect/DataSet_PLDSCREENED_2/Ar_313K/Ar_313K_Ar_313K_0.05_to_Ar_313K_1_dataset.csv | rows=7760 | cols=15
2025-09-28 06:28:07,679 | INFO | [Features] Using 13 features: ['LCD', 'PLD', 'LFPD', 'cm3_g', 'ASA_m2_cm3', 'ASA_m2_g', 'NASA_m2_cm3', 'NASA_m2_g', 'AV_VF', 'AV_cm3_g', 'NAV_cm3_g', 'Has_OMS', 'Input']
           LCD       PLD      LFPD  ...  NAV_cm3_g  Has_OMS     Input
0     10.85017   3.77263  10.26663  ...        0.0        0  0.005118
1     24.60642  13.03430  24.60642  ...        0.0        1  0.003168
2     24.38417  13.22222  24.38417  ...        0.0        1  0.003187
3     23.29182  13.11646  23.29182  ...        0.0        1  0.003023
4      6.16218   5.13230   5.87594  ...        0.0        1  0.001002
...        ...       ...       ...  ...        ...      ...       ...
7755   5.89251   3.41929   5.89251  ...        0.0        0  0.018200
7756   4.42995   3.86732   4.42995  ...        0.0        0  0.024938
7757   6.25511   5.54572   6.22585  ...        0.0        0  0.004375
7758   4.94280   4.31959   4.93372  ...        0.0        1  0.001440
7759  12.38418   6.85660  12.37540  ...        0.0        0  0.001854

[7760 rows x 13 columns]
2025-09-28 06:28:07,683 | INFO | [Seeds] trial=4 | seeds={'seed': 56, 'seed_qt': 4052, 'seed_rd': 8052, 'model_seed': 12052}
Removed 8 rows from mis_lis
2025-09-28 06:28:07,697 | INFO | [Data] Loaded: ../Data_collect/DataSet_PLDSCREENED_2/Ar_313K/Ar_313K_Ar_313K_Henry_to_Ar_313K_15_dataset.csv | rows=7760 | cols=15
           LCD       PLD      LFPD  ...  NAV_cm3_g  Has_OMS         Input
0     10.85017   3.77263  10.26663  ...        0.0        0  5.048940e-06
1     24.60642  13.03430  24.60642  ...        0.0        1  3.101800e-06
2     24.38417  13.22222  24.38417  ...        0.0        1  3.191740e-06
3     23.29182  13.11646  23.29182  ...        0.0        1  3.140320e-06
4      6.16218   5.13230   5.87594  ...        0.0        1  9.608350e-07
...        ...       ...       ...  ...        ...      ...           ...
7755   5.89251   3.41929   5.89251  ...        0.0        0  1.832300e-05
7756   4.42995   3.86732   4.42995  ...        0.0        0  2.508630e-05
7757   6.25511   5.54572   6.22585  ...        0.0        0  4.494260e-06
7758   4.94280   4.31959   4.93372  ...        0.0        1  1.369400e-06
7759  12.38418   6.85660  12.37540  ...        0.0        0  1.623630e-06

[7760 rows x 13 columns]
2025-09-28 06:28:07,698 | INFO | [Seeds] trial=4 | seeds={'seed': 56, 'seed_qt': 4052, 'seed_rd': 8052, 'model_seed': 12052}
2025-09-28 06:28:07,698 | INFO | [Features] Using 13 features: ['LCD', 'PLD', 'LFPD', 'cm3_g', 'ASA_m2_cm3', 'ASA_m2_g', 'NASA_m2_cm3', 'NASA_m2_g', 'AV_VF', 'AV_cm3_g', 'NAV_cm3_g', 'Has_OMS', 'Input']
           LCD       PLD      LFPD  ...  NAV_cm3_g  Has_OMS     Input
0     10.85017   3.77263  10.26663  ...        0.0        0  0.025239
1     24.60642  13.03430  24.60642  ...        0.0        1  0.015691
2     24.38417  13.22222  24.38417  ...        0.0        1  0.016324
3     23.29182  13.11646  23.29182  ...        0.0        1  0.015726
4      6.16218   5.13230   5.87594  ...        0.0        1  0.004741
...        ...       ...       ...  ...        ...      ...       ...
7755   5.89251   3.41929   5.89251  ...        0.0        0  0.089835
7756   4.42995   3.86732   4.42995  ...        0.0        0  0.122284
7757   6.25511   5.54572   6.22585  ...        0.0        0  0.022190
7758   4.94280   4.31959   4.93372  ...        0.0        1  0.006706
7759  12.38418   6.85660  12.37540  ...        0.0        0  0.008352

[7760 rows x 13 columns]
2025-09-28 06:28:07,702 | INFO | [Seeds] trial=4 | seeds={'seed': 56, 'seed_qt': 4052, 'seed_rd': 8052, 'model_seed': 12052}
                                filename       LCD  ...     Input    Output
0  1499489-acs.cgd.6b01265_1499490_clean  10.85017  ...  0.025239  0.483106
1                           ACOCOM_clean  24.60642  ...  0.015691  0.311217
2                           ACOCUS_clean  24.38417  ...  0.016324  0.313515
3                           ACODAZ_clean  23.29182  ...  0.015726  0.315277
4    acs.cgd.5b01554_VAGNUP1452791_clean   6.16218  ...  0.004741  0.095646

[5 rows x 15 columns]
2025-09-28 06:28:07,714 | INFO | [Preprocess] Drop NaN rows (FEATURES+TARGET): 7760 -> 7760
                                filename       LCD  ...         Input    Output
0  1499489-acs.cgd.6b01265_1499490_clean  10.85017  ...  5.048940e-06  4.484627
1                           ACOCOM_clean  24.60642  ...  3.101800e-06  4.372880
2                           ACOCUS_clean  24.38417  ...  3.191740e-06  4.483099
3                           ACODAZ_clean  23.29182  ...  3.140320e-06  4.438173
4    acs.cgd.5b01554_VAGNUP1452791_clean   6.16218  ...  9.608350e-07  1.198039

[5 rows x 15 columns]
2025-09-28 06:28:07,734 | INFO | [Preprocess] Drop NaN rows (FEATURES+TARGET): 7760 -> 7760
           LCD       PLD      LFPD  ...  NAV_cm3_g  Has_OMS     Input
0     10.85017   3.77263  10.26663  ...        0.0        0  0.025239
1     24.60642  13.03430  24.60642  ...        0.0        1  0.015691
2     24.38417  13.22222  24.38417  ...        0.0        1  0.016324
3     23.29182  13.11646  23.29182  ...        0.0        1  0.015726
4      6.16218   5.13230   5.87594  ...        0.0        1  0.004741
...        ...       ...       ...  ...        ...      ...       ...
7755   5.89251   3.41929   5.89251  ...        0.0        0  0.089835
7756   4.42995   3.86732   4.42995  ...        0.0        0  0.122284
7757   6.25511   5.54572   6.22585  ...        0.0        0  0.022190
7758   4.94280   4.31959   4.93372  ...        0.0        1  0.006706
7759  12.38418   6.85660  12.37540  ...        0.0        0  0.008352

[7760 rows x 13 columns]
2025-09-28 06:28:07,748 | INFO | [Seeds] trial=4 | seeds={'seed': 56, 'seed_qt': 4052, 'seed_rd': 8052, 'model_seed': 12052}
           LCD       PLD      LFPD  ...  NAV_cm3_g  Has_OMS         Input
0     10.85017   3.77263  10.26663  ...        0.0        0  5.048940e-06
1     24.60642  13.03430  24.60642  ...        0.0        1  3.101800e-06
2     24.38417  13.22222  24.38417  ...        0.0        1  3.191740e-06
3     23.29182  13.11646  23.29182  ...        0.0        1  3.140320e-06
4      6.16218   5.13230   5.87594  ...        0.0        1  9.608350e-07
...        ...       ...       ...  ...        ...      ...           ...
7755   5.89251   3.41929   5.89251  ...        0.0        0  1.832300e-05
7756   4.42995   3.86732   4.42995  ...        0.0        0  2.508630e-05
7757   6.25511   5.54572   6.22585  ...        0.0        0  4.494260e-06
7758   4.94280   4.31959   4.93372  ...        0.0        1  1.369400e-06
7759  12.38418   6.85660  12.37540  ...        0.0        0  1.623630e-06

[7760 rows x 13 columns]
2025-09-28 06:28:07,768 | INFO | [Seeds] trial=4 | seeds={'seed': 56, 'seed_qt': 4052, 'seed_rd': 8052, 'model_seed': 12052}
[-2.29089161 -2.49924138 -2.49657928 ... -2.35904587 -2.84157822
 -2.73177705]
200






[-2.29089161 -2.49924138 -2.49657928 ... -2.35904587 -2.84157822
 -2.73177705]
-4.195879657951556 0.507194573760734
200





2025-09-28 06:28:07,881 | INFO | [S3 QT→RD] train(qt)=3104, train(rd)=3104, test=1552 (train_ratio=0.80, qt_frac_total=0.40, shift=0.000e+00)
[-1.59792861 -1.80434383 -1.78716507 ... -1.65385223 -2.17352097
 -2.07818475]
200






[-1.59792861 -1.80434383 -1.78716507 ... -1.65385223 -2.17352097
 -2.07818475]
-3.47987623564627 0.5505095589594653
200





2025-09-28 06:28:07,886 | INFO | [S3 QT→RD] train(qt)=3104, train(rd)=3104, test=1552 (train_ratio=0.80, qt_frac_total=0.40, shift=0.000e+00)
[-5.29679979 -5.50838621 -5.49597249 ... -5.34734181 -5.86346968
 -5.78951293]
200






[-5.29679979 -5.50838621 -5.49597249 ... -5.34734181 -5.86346968
 -5.78951293]
-7.1954367068036476 -0.9696553440892877
200





2025-09-28 06:28:07,890 | INFO | [S3 QT→RD] train(qt)=3104, train(rd)=3104, test=1552 (train_ratio=0.80, qt_frac_total=0.40, shift=0.000e+00)
[-1.59792861 -1.80434383 -1.78716507 ... -1.65385223 -2.17352097
 -2.07818475]
200






[-1.59792861 -1.80434383 -1.78716507 ... -1.65385223 -2.17352097
 -2.07818475]
-3.47987623564627 0.5505095589594653
200





2025-09-28 06:28:07,957 | INFO | [S3 QT→RD] train(qt)=3104, train(rd)=3104, test=1552 (train_ratio=0.80, qt_frac_total=0.40, shift=0.000e+00)
[-5.29679979 -5.50838621 -5.49597249 ... -5.34734181 -5.86346968
 -5.78951293]
200






[-5.29679979 -5.50838621 -5.49597249 ... -5.34734181 -5.86346968
 -5.78951293]
-7.1954367068036476 -0.9696553440892877
200





2025-09-28 06:28:07,970 | INFO | [S3 QT→RD] train(qt)=3104, train(rd)=3104, test=1552 (train_ratio=0.80, qt_frac_total=0.40, shift=0.000e+00)
2025-09-28 06:28:08,870 | INFO | [Save] sampling scatter & histogram plots
2025-09-28 06:28:08,872 | INFO | [Save] sampling scatter & histogram plots
2025-09-28 06:28:08,916 | INFO | [Save] sampling scatter & histogram plots
2025-09-28 06:28:08,934 | INFO | [Save] sampling scatter & histogram plots
2025-09-28 06:28:08,979 | INFO | [Save] sampling scatter & histogram plots
           LCD       PLD      LFPD  ...  NAV_cm3_g  Has_OMS     Input
0     10.85017   3.77263  10.26663  ...        0.0        0  0.005118
1     24.60642  13.03430  24.60642  ...        0.0        1  0.003168
2     24.38417  13.22222  24.38417  ...        0.0        1  0.003187
3     23.29182  13.11646  23.29182  ...        0.0        1  0.003023
4      6.16218   5.13230   5.87594  ...        0.0        1  0.001002
...        ...       ...       ...  ...        ...      ...       ...
7755   5.89251   3.41929   5.89251  ...        0.0        0  0.018200
7756   4.42995   3.86732   4.42995  ...        0.0        0  0.024938
7757   6.25511   5.54572   6.22585  ...        0.0        0  0.004375
7758   4.94280   4.31959   4.93372  ...        0.0        1  0.001440
7759  12.38418   6.85660  12.37540  ...        0.0        0  0.001854

[7760 rows x 13 columns]
Index(['LCD', 'PLD', 'LFPD', 'cm3_g', 'ASA_m2_cm3', 'ASA_m2_g', 'NASA_m2_cm3',
       'NASA_m2_g', 'AV_VF', 'AV_cm3_g', 'NAV_cm3_g', 'Has_OMS', 'Input'],
      dtype='object')
2025-09-28 06:28:09,071 | INFO | [Model] kind=cat | params={'iterations': 500, 'learning_rate': 0.05, 'depth': 8, 'loss_function': 'RMSE', 'random_seed': 12052, 'verbose': False}
2025-09-28 06:28:09,071 | INFO | [Holdout_trial004] Train=6208 | Test=1552
           LCD       PLD      LFPD  ...  NAV_cm3_g  Has_OMS     Input
0     10.85017   3.77263  10.26663  ...        0.0        0  0.005118
1     24.60642  13.03430  24.60642  ...        0.0        1  0.003168
2     24.38417  13.22222  24.38417  ...        0.0        1  0.003187
3     23.29182  13.11646  23.29182  ...        0.0        1  0.003023
4      6.16218   5.13230   5.87594  ...        0.0        1  0.001002
...        ...       ...       ...  ...        ...      ...       ...
7755   5.89251   3.41929   5.89251  ...        0.0        0  0.018200
7756   4.42995   3.86732   4.42995  ...        0.0        0  0.024938
7757   6.25511   5.54572   6.22585  ...        0.0        0  0.004375
7758   4.94280   4.31959   4.93372  ...        0.0        1  0.001440
7759  12.38418   6.85660  12.37540  ...        0.0        0  0.001854

[7760 rows x 13 columns]
Index(['LCD', 'PLD', 'LFPD', 'cm3_g', 'ASA_m2_cm3', 'ASA_m2_g', 'NASA_m2_cm3',
       'NASA_m2_g', 'AV_VF', 'AV_cm3_g', 'NAV_cm3_g', 'Has_OMS', 'Input'],
      dtype='object')
2025-09-28 06:28:09,072 | INFO | [Model] kind=cat | params={'iterations': 500, 'learning_rate': 0.05, 'depth': 8, 'loss_function': 'RMSE', 'random_seed': 12052, 'verbose': False}
2025-09-28 06:28:09,072 | INFO | [Holdout_trial004] Train=6208 | Test=1552
           LCD       PLD      LFPD  ...  NAV_cm3_g  Has_OMS     Input
0     10.85017   3.77263  10.26663  ...        0.0        0  0.050200
1     24.60642  13.03430  24.60642  ...        0.0        1  0.030913
2     24.38417  13.22222  24.38417  ...        0.0        1  0.032289
3     23.29182  13.11646  23.29182  ...        0.0        1  0.031373
4      6.16218   5.13230   5.87594  ...        0.0        1  0.009552
...        ...       ...       ...  ...        ...      ...       ...
7755   5.89251   3.41929   5.89251  ...        0.0        0  0.172231
7756   4.42995   3.86732   4.42995  ...        0.0        0  0.230075
7757   6.25511   5.54572   6.22585  ...        0.0        0  0.044547
7758   4.94280   4.31959   4.93372  ...        0.0        1  0.013466
7759  12.38418   6.85660  12.37540  ...        0.0        0  0.016165

[7760 rows x 13 columns]
Index(['LCD', 'PLD', 'LFPD', 'cm3_g', 'ASA_m2_cm3', 'ASA_m2_g', 'NASA_m2_cm3',
       'NASA_m2_g', 'AV_VF', 'AV_cm3_g', 'NAV_cm3_g', 'Has_OMS', 'Input'],
      dtype='object')
2025-09-28 06:28:09,116 | INFO | [Model] kind=cat | params={'iterations': 500, 'learning_rate': 0.05, 'depth': 8, 'loss_function': 'RMSE', 'random_seed': 12052, 'verbose': False}
2025-09-28 06:28:09,116 | INFO | [Holdout_trial004] Train=6208 | Test=1552
           LCD       PLD      LFPD  ...  NAV_cm3_g  Has_OMS         Input
0     10.85017   3.77263  10.26663  ...        0.0        0  5.048940e-06
1     24.60642  13.03430  24.60642  ...        0.0        1  3.101800e-06
2     24.38417  13.22222  24.38417  ...        0.0        1  3.191740e-06
3     23.29182  13.11646  23.29182  ...        0.0        1  3.140320e-06
4      6.16218   5.13230   5.87594  ...        0.0        1  9.608350e-07
...        ...       ...       ...  ...        ...      ...           ...
7755   5.89251   3.41929   5.89251  ...        0.0        0  1.832300e-05
7756   4.42995   3.86732   4.42995  ...        0.0        0  2.508630e-05
7757   6.25511   5.54572   6.22585  ...        0.0        0  4.494260e-06
7758   4.94280   4.31959   4.93372  ...        0.0        1  1.369400e-06
7759  12.38418   6.85660  12.37540  ...        0.0        0  1.623630e-06

[7760 rows x 13 columns]
Index(['LCD', 'PLD', 'LFPD', 'cm3_g', 'ASA_m2_cm3', 'ASA_m2_g', 'NASA_m2_cm3',
       'NASA_m2_g', 'AV_VF', 'AV_cm3_g', 'NAV_cm3_g', 'Has_OMS', 'Input'],
      dtype='object')
2025-09-28 06:28:09,132 | INFO | [Model] kind=cat | params={'iterations': 500, 'learning_rate': 0.05, 'depth': 8, 'loss_function': 'RMSE', 'random_seed': 12052, 'verbose': False}
2025-09-28 06:28:09,132 | INFO | [Holdout_trial004] Train=6208 | Test=1552
           LCD       PLD      LFPD  ...  NAV_cm3_g  Has_OMS     Input
0     10.85017   3.77263  10.26663  ...        0.0        0  0.025239
1     24.60642  13.03430  24.60642  ...        0.0        1  0.015691
2     24.38417  13.22222  24.38417  ...        0.0        1  0.016324
3     23.29182  13.11646  23.29182  ...        0.0        1  0.015726
4      6.16218   5.13230   5.87594  ...        0.0        1  0.004741
...        ...       ...       ...  ...        ...      ...       ...
7755   5.89251   3.41929   5.89251  ...        0.0        0  0.089835
7756   4.42995   3.86732   4.42995  ...        0.0        0  0.122284
7757   6.25511   5.54572   6.22585  ...        0.0        0  0.022190
7758   4.94280   4.31959   4.93372  ...        0.0        1  0.006706
7759  12.38418   6.85660  12.37540  ...        0.0        0  0.008352

[7760 rows x 13 columns]
Index(['LCD', 'PLD', 'LFPD', 'cm3_g', 'ASA_m2_cm3', 'ASA_m2_g', 'NASA_m2_cm3',
       'NASA_m2_g', 'AV_VF', 'AV_cm3_g', 'NAV_cm3_g', 'Has_OMS', 'Input'],
      dtype='object')
2025-09-28 06:28:09,161 | INFO | [Model] kind=cat | params={'iterations': 500, 'learning_rate': 0.05, 'depth': 8, 'loss_function': 'RMSE', 'random_seed': 12052, 'verbose': False}
2025-09-28 06:28:09,161 | INFO | [Holdout_trial004] Train=6208 | Test=1552
2025-09-28 06:28:09,548 | INFO | [Save] sampling scatter & histogram plots
2025-09-28 06:28:09,567 | INFO | [Save] sampling scatter & histogram plots
2025-09-28 06:28:09,593 | INFO | [Save] sampling scatter & histogram plots
2025-09-28 06:28:09,610 | INFO | [Save] sampling scatter & histogram plots
2025-09-28 06:28:09,686 | INFO | [Save] sampling scatter & histogram plots
           LCD       PLD      LFPD  ...  NAV_cm3_g  Has_OMS         Input
0     10.85017   3.77263  10.26663  ...        0.0        0  5.048940e-06
1     24.60642  13.03430  24.60642  ...        0.0        1  3.101800e-06
2     24.38417  13.22222  24.38417  ...        0.0        1  3.191740e-06
3     23.29182  13.11646  23.29182  ...        0.0        1  3.140320e-06
4      6.16218   5.13230   5.87594  ...        0.0        1  9.608350e-07
...        ...       ...       ...  ...        ...      ...           ...
7755   5.89251   3.41929   5.89251  ...        0.0        0  1.832300e-05
7756   4.42995   3.86732   4.42995  ...        0.0        0  2.508630e-05
7757   6.25511   5.54572   6.22585  ...        0.0        0  4.494260e-06
7758   4.94280   4.31959   4.93372  ...        0.0        1  1.369400e-06
7759  12.38418   6.85660  12.37540  ...        0.0        0  1.623630e-06

[7760 rows x 13 columns]
Index(['LCD', 'PLD', 'LFPD', 'cm3_g', 'ASA_m2_cm3', 'ASA_m2_g', 'NASA_m2_cm3',
       'NASA_m2_g', 'AV_VF', 'AV_cm3_g', 'NAV_cm3_g', 'Has_OMS', 'Input'],
      dtype='object')
2025-09-28 06:28:09,775 | INFO | [Model] kind=cat | params={'iterations': 500, 'learning_rate': 0.05, 'depth': 8, 'loss_function': 'RMSE', 'random_seed': 12052, 'verbose': False}
2025-09-28 06:28:09,775 | INFO | [Holdout_trial004] Train=6208 | Test=1552
           LCD       PLD      LFPD  ...  NAV_cm3_g  Has_OMS         Input
0     10.85017   3.77263  10.26663  ...        0.0        0  5.048940e-06
1     24.60642  13.03430  24.60642  ...        0.0        1  3.101800e-06
2     24.38417  13.22222  24.38417  ...        0.0        1  3.191740e-06
3     23.29182  13.11646  23.29182  ...        0.0        1  3.140320e-06
4      6.16218   5.13230   5.87594  ...        0.0        1  9.608350e-07
...        ...       ...       ...  ...        ...      ...           ...
7755   5.89251   3.41929   5.89251  ...        0.0        0  1.832300e-05
7756   4.42995   3.86732   4.42995  ...        0.0        0  2.508630e-05
7757   6.25511   5.54572   6.22585  ...        0.0        0  4.494260e-06
7758   4.94280   4.31959   4.93372  ...        0.0        1  1.369400e-06
7759  12.38418   6.85660  12.37540  ...        0.0        0  1.623630e-06

[7760 rows x 13 columns]
Index(['LCD', 'PLD', 'LFPD', 'cm3_g', 'ASA_m2_cm3', 'ASA_m2_g', 'NASA_m2_cm3',
       'NASA_m2_g', 'AV_VF', 'AV_cm3_g', 'NAV_cm3_g', 'Has_OMS', 'Input'],
      dtype='object')
2025-09-28 06:28:09,809 | INFO | [Model] kind=cat | params={'iterations': 500, 'learning_rate': 0.05, 'depth': 8, 'loss_function': 'RMSE', 'random_seed': 12052, 'verbose': False}
2025-09-28 06:28:09,809 | INFO | [Holdout_trial004] Train=6208 | Test=1552
           LCD       PLD      LFPD  ...  NAV_cm3_g  Has_OMS     Input
0     10.85017   3.77263  10.26663  ...        0.0        0  0.005118
1     24.60642  13.03430  24.60642  ...        0.0        1  0.003168
2     24.38417  13.22222  24.38417  ...        0.0        1  0.003187
3     23.29182  13.11646  23.29182  ...        0.0        1  0.003023
4      6.16218   5.13230   5.87594  ...        0.0        1  0.001002
...        ...       ...       ...  ...        ...      ...       ...
7755   5.89251   3.41929   5.89251  ...        0.0        0  0.018200
7756   4.42995   3.86732   4.42995  ...        0.0        0  0.024938
7757   6.25511   5.54572   6.22585  ...        0.0        0  0.004375
7758   4.94280   4.31959   4.93372  ...        0.0        1  0.001440
7759  12.38418   6.85660  12.37540  ...        0.0        0  0.001854

[7760 rows x 13 columns]
Index(['LCD', 'PLD', 'LFPD', 'cm3_g', 'ASA_m2_cm3', 'ASA_m2_g', 'NASA_m2_cm3',
       'NASA_m2_g', 'AV_VF', 'AV_cm3_g', 'NAV_cm3_g', 'Has_OMS', 'Input'],
      dtype='object')
2025-09-28 06:28:09,816 | INFO | [Model] kind=cat | params={'iterations': 500, 'learning_rate': 0.05, 'depth': 8, 'loss_function': 'RMSE', 'random_seed': 12052, 'verbose': False}
2025-09-28 06:28:09,816 | INFO | [Holdout_trial004] Train=6208 | Test=1552
           LCD       PLD      LFPD  ...  NAV_cm3_g  Has_OMS     Input
0     10.85017   3.77263  10.26663  ...        0.0        0  0.025239
1     24.60642  13.03430  24.60642  ...        0.0        1  0.015691
2     24.38417  13.22222  24.38417  ...        0.0        1  0.016324
3     23.29182  13.11646  23.29182  ...        0.0        1  0.015726
4      6.16218   5.13230   5.87594  ...        0.0        1  0.004741
...        ...       ...       ...  ...        ...      ...       ...
7755   5.89251   3.41929   5.89251  ...        0.0        0  0.089835
7756   4.42995   3.86732   4.42995  ...        0.0        0  0.122284
7757   6.25511   5.54572   6.22585  ...        0.0        0  0.022190
7758   4.94280   4.31959   4.93372  ...        0.0        1  0.006706
7759  12.38418   6.85660  12.37540  ...        0.0        0  0.008352

[7760 rows x 13 columns]
Index(['LCD', 'PLD', 'LFPD', 'cm3_g', 'ASA_m2_cm3', 'ASA_m2_g', 'NASA_m2_cm3',
       'NASA_m2_g', 'AV_VF', 'AV_cm3_g', 'NAV_cm3_g', 'Has_OMS', 'Input'],
      dtype='object')
2025-09-28 06:28:09,822 | INFO | [Model] kind=cat | params={'iterations': 500, 'learning_rate': 0.05, 'depth': 8, 'loss_function': 'RMSE', 'random_seed': 12052, 'verbose': False}
2025-09-28 06:28:09,822 | INFO | [Holdout_trial004] Train=6208 | Test=1552
           LCD       PLD      LFPD  ...  NAV_cm3_g  Has_OMS     Input
0     10.85017   3.77263  10.26663  ...        0.0        0  0.025239
1     24.60642  13.03430  24.60642  ...        0.0        1  0.015691
2     24.38417  13.22222  24.38417  ...        0.0        1  0.016324
3     23.29182  13.11646  23.29182  ...        0.0        1  0.015726
4      6.16218   5.13230   5.87594  ...        0.0        1  0.004741
...        ...       ...       ...  ...        ...      ...       ...
7755   5.89251   3.41929   5.89251  ...        0.0        0  0.089835
7756   4.42995   3.86732   4.42995  ...        0.0        0  0.122284
7757   6.25511   5.54572   6.22585  ...        0.0        0  0.022190
7758   4.94280   4.31959   4.93372  ...        0.0        1  0.006706
7759  12.38418   6.85660  12.37540  ...        0.0        0  0.008352

[7760 rows x 13 columns]
Index(['LCD', 'PLD', 'LFPD', 'cm3_g', 'ASA_m2_cm3', 'ASA_m2_g', 'NASA_m2_cm3',
       'NASA_m2_g', 'AV_VF', 'AV_cm3_g', 'NAV_cm3_g', 'Has_OMS', 'Input'],
      dtype='object')
2025-09-28 06:28:09,891 | INFO | [Model] kind=cat | params={'iterations': 500, 'learning_rate': 0.05, 'depth': 8, 'loss_function': 'RMSE', 'random_seed': 12052, 'verbose': False}
2025-09-28 06:28:09,891 | INFO | [Holdout_trial004] Train=6208 | Test=1552
Running commands:  33%|███████████████                              | 10/30 [00:19<00:09,  2.08it/s]2025-09-28 06:28:14,632 | INFO | [Timing_trial001] fit_time=12.097s
2025-09-28 06:28:14,634 | INFO | [Timing_trial001] predict_time=0.002s
2       0.313515
6       0.394279
8       0.257619
16      0.178337
22      0.100917
          ...   
7734    0.435725
7743    0.319707
7745    0.207288
7747    0.084208
7753    0.366668
Name: Output, Length: 1552, dtype: float64 [0.31291313 0.38869087 0.26103258 ... 0.19921412 0.0898078  0.36910036] 




2025-09-28 06:28:14,639 | INFO | [Metrics_trial001] R2=0.990383 | MAE=0.007536 | RMSE=0.000118 | MAPE%=3.086
2025-09-28 06:28:14,668 | INFO | [Save] predictions_holdout_trial001.csv
2025-09-28 06:28:14,669 | INFO | [Save] metrics_holdout_trial001.csv
2025-09-28 06:28:14,670 | INFO | [Save] feature_importances_holdout_trial001.csv
2025-09-28 06:28:14,703 | INFO | [Save] model_params_trial001.json
2025-09-28 06:28:14,704 | INFO | [Done] trial=1 | outputs at: try14_Ar273_and_313_re_LOWsensitivity/Ar_313_0.01_to_1__struct+input__qt_then_rd__cat_TRAIN_RATIO0.8_QTFRAC_0.8/trial_001
2025-09-28 06:28:14,720 | INFO | [Timing_trial001] fit_time=12.228s
2025-09-28 06:28:14,723 | INFO | [Timing_trial001] predict_time=0.003s
1       0.311217
3       0.315277
4       0.095646
12      0.591816
18      0.323187
          ...   
7728    0.295873
7737    0.158163
7739    0.299625
7741    0.140035
7751    0.257848
Name: Output, Length: 1552, dtype: float64 [0.30298331 0.30298331 0.09889153 ... 0.29601422 0.14421964 0.2516627 ] 




2025-09-28 06:28:14,728 | INFO | [Metrics_trial001] R2=0.994989 | MAE=0.005152 | RMSE=0.000064 | MAPE%=2.099
2025-09-28 06:28:14,744 | INFO | [Save] predictions_holdout_trial001.csv
2025-09-28 06:28:14,764 | INFO | [Timing_trial001] fit_time=12.269s
2025-09-28 06:28:14,768 | INFO | [Save] metrics_holdout_trial001.csv
2025-09-28 06:28:14,769 | INFO | [Save] feature_importances_holdout_trial001.csv
2025-09-28 06:28:14,769 | INFO | [Save] model_params_trial001.json
2025-09-28 06:28:14,769 | INFO | [Done] trial=1 | outputs at: try14_Ar273_and_313_re_LOWsensitivity/Ar_313_Henry_to_1__struct+input__qt_then_rd__cat_TRAIN_RATIO0.8_QTFRAC_0.8/trial_001
2025-09-28 06:28:14,778 | INFO | [Timing_trial001] predict_time=0.014s
1       1.479258
3       1.511265
4       0.440603
12      2.230343
18      1.106109
          ...   
7728    1.377571
7737    0.602122
7739    1.124678
7741    0.653032
7751    1.034491
Name: Output, Length: 1552, dtype: float64 [1.45728384 1.47243751 0.45725324 ... 1.02152955 0.68507804 1.08581679] 




2025-09-28 06:28:14,783 | INFO | [Metrics_trial001] R2=0.980467 | MAE=0.037166 | RMSE=0.003579 | MAPE%=3.333
2025-09-28 06:28:14,799 | INFO | [Save] predictions_holdout_trial001.csv
2025-09-28 06:28:14,812 | INFO | [Save] metrics_holdout_trial001.csv
2025-09-28 06:28:14,812 | INFO | [Save] feature_importances_holdout_trial001.csv
2025-09-28 06:28:14,813 | INFO | [Save] model_params_trial001.json
2025-09-28 06:28:14,813 | INFO | [Done] trial=1 | outputs at: try14_Ar273_and_313_re_LOWsensitivity/Ar_313_Henry_to_5__struct+input__qt_then_rd__cat_TRAIN_RATIO0.8_QTFRAC_0.8/trial_001
2025-09-28 06:28:14,897 | INFO | [Timing_trial001] fit_time=12.401s
2025-09-28 06:28:14,911 | INFO | [Timing_trial001] predict_time=0.014s
1       4.372880
3       4.438173
4       1.198039
12      4.842817
18      1.894958
          ...   
7728    3.829220
7737    1.200548
7739    2.119724
7741    1.719420
7751    2.250189
Name: Output, Length: 1552, dtype: float64 [4.16761489 4.21327097 1.21259968 ... 1.92932591 1.77220101 2.35614391] 




2025-09-28 06:28:14,916 | INFO | [Metrics_trial001] R2=0.971621 | MAE=0.114563 | RMSE=0.028295 | MAPE%=4.693
2025-09-28 06:28:14,943 | INFO | [Save] predictions_holdout_trial001.csv
2025-09-28 06:28:14,944 | INFO | [Save] metrics_holdout_trial001.csv
2025-09-28 06:28:14,945 | INFO | [Save] feature_importances_holdout_trial001.csv
2025-09-28 06:28:14,945 | INFO | [Save] model_params_trial001.json
2025-09-28 06:28:14,945 | INFO | [Done] trial=1 | outputs at: try14_Ar273_and_313_re_LOWsensitivity/Ar_313_Henry_to_15__struct+input__qt_then_rd__cat_TRAIN_RATIO0.8_QTFRAC_0.8/trial_001
2025-09-28 06:28:15,134 | INFO | [Timing_trial001] fit_time=12.353s
2025-09-28 06:28:15,148 | INFO | [Timing_trial001] predict_time=0.014s
2       1.531660
6       1.730242
8       1.199966
16      0.733646
22      0.432908
          ...   
7734    1.914888
7743    1.321119
7745    0.816461
7747    0.416925
7753    1.457892
Name: Output, Length: 1552, dtype: float64 [1.49308849 1.72224499 1.24985262 ... 0.79153049 0.43419091 1.43790574] 




2025-09-28 06:28:15,153 | INFO | [Metrics_trial001] R2=0.976339 | MAE=0.042802 | RMSE=0.004187 | MAPE%=3.986
2025-09-28 06:28:15,180 | INFO | [Save] predictions_holdout_trial001.csv
2025-09-28 06:28:15,182 | INFO | [Save] metrics_holdout_trial001.csv
2025-09-28 06:28:15,182 | INFO | [Save] feature_importances_holdout_trial001.csv
2025-09-28 06:28:15,183 | INFO | [Save] model_params_trial001.json
2025-09-28 06:28:15,183 | INFO | [Done] trial=1 | outputs at: try14_Ar273_and_313_re_LOWsensitivity/Ar_313_0.01_to_5__struct+input__qt_then_rd__cat_TRAIN_RATIO0.8_QTFRAC_0.8/trial_001
Running commands:  37%|████████████████▌                            | 11/30 [00:21<00:43,  2.28s/it]Running commands:  40%|██████████████████                           | 12/30 [00:21<00:35,  1.95s/it]2025-09-28 06:28:15,916 | INFO | [Timing_trial005] fit_time=13.597s
2025-09-28 06:28:15,929 | INFO | [Timing_trial005] predict_time=0.013s
3       2.366017
5       2.982884
8       2.151931
33      2.097846
35      2.827864
          ...   
7742    2.303697
7743    1.628807
7747    2.083740
7751    2.709379
7756    1.042342
Name: Output, Length: 1552, dtype: float64 [2.23444649 3.62684212 2.11882834 ... 2.00891435 2.89937801 1.13366758] 




2025-09-28 06:28:15,934 | INFO | [Metrics_trial005] R2=0.959142 | MAE=0.103627 | RMSE=0.025135 | MAPE%=5.205
2025-09-28 06:28:15,961 | INFO | [Save] predictions_holdout_trial005.csv
2025-09-28 06:28:15,963 | INFO | [Save] metrics_holdout_trial005.csv
2025-09-28 06:28:15,963 | INFO | [Save] feature_importances_holdout_trial005.csv
2025-09-28 06:28:15,963 | INFO | [Save] model_params_trial005.json
2025-09-28 06:28:15,963 | INFO | [Done] trial=5 | outputs at: try14_Ar273_and_313_re_LOWsensitivity/Ar_273_0.1_to_5__struct+input__qt_then_rd__cat_TRAIN_RATIO0.8_QTFRAC_0.8/trial_005
2025-09-28 06:28:16,051 | INFO | [Timing_trial005] fit_time=13.577s
2025-09-28 06:28:16,055 | INFO | [Timing_trial005] predict_time=0.003s
1       0.487727
2       0.501413
4       0.182295
21      0.319130
23      0.730912
          ...   
7730    0.642216
7734    1.086605
7737    0.747840
7745    0.123376
7751    0.879639
Name: Output, Length: 1552, dtype: float64 [0.47864354 0.49529534 0.18517904 ... 0.74606828 0.1238826  0.88336999] 




2025-09-28 06:28:16,059 | INFO | [Metrics_trial005] R2=0.995677 | MAE=0.011314 | RMSE=0.000302 | MAPE%=2.046
2025-09-28 06:28:16,075 | INFO | [Save] predictions_holdout_trial005.csv
2025-09-28 06:28:16,076 | INFO | [Save] metrics_holdout_trial005.csv
2025-09-28 06:28:16,076 | INFO | [Save] feature_importances_holdout_trial005.csv
2025-09-28 06:28:16,077 | INFO | [Save] model_params_trial005.json
2025-09-28 06:28:16,077 | INFO | [Done] trial=5 | outputs at: try14_Ar273_and_313_re_LOWsensitivity/Ar_273_0.5_to_1__struct+input__qt_then_rd__cat_TRAIN_RATIO0.8_QTFRAC_0.8/trial_005
2025-09-28 06:28:16,123 | INFO | [Timing_trial005] fit_time=13.700s
2025-09-28 06:28:16,126 | INFO | [Timing_trial005] predict_time=0.003s
3       6.816153
5       6.138113
8       5.702148
33      5.797589
35      6.696868
          ...   
7742    4.534110
7743    2.545209
7747    3.201925
7751    4.130191
7756    1.931662
Name: Output, Length: 1552, dtype: float64 [6.31011991 6.92445157 5.62380599 ... 3.14387694 4.50270923 2.17302177] 




2025-09-28 06:28:16,131 | INFO | [Metrics_trial005] R2=0.957070 | MAE=0.239797 | RMSE=0.116869 | MAPE%=6.241
2025-09-28 06:28:16,146 | INFO | [Save] predictions_holdout_trial005.csv
Running commands:  50%|██████████████████████▌                      | 15/30 [00:21<00:18,  1.24s/it]2025-09-28 06:28:16,148 | INFO | [Save] metrics_holdout_trial005.csv
2025-09-28 06:28:16,171 | INFO | [Save] feature_importances_holdout_trial005.csv
2025-09-28 06:28:16,171 | INFO | [Save] model_params_trial005.json
2025-09-28 06:28:16,171 | INFO | [Done] trial=5 | outputs at: try14_Ar273_and_313_re_LOWsensitivity/Ar_273_0.1_to_15__struct+input__qt_then_rd__cat_TRAIN_RATIO0.8_QTFRAC_0.8/trial_005
2025-09-28 06:28:16,203 | INFO | [Timing_trial005] fit_time=13.762s
2025-09-28 06:28:16,206 | INFO | [Timing_trial005] predict_time=0.003s
1       2.320885
2       2.421950
4       0.827845
21      1.432602
23      2.816737
          ...   
7730    2.371464
7734    3.590873
7737    2.121449
7745    0.612438
7751    2.709379
Name: Output, Length: 1552, dtype: float64 [2.28286433 2.31356742 0.81357226 ... 1.79324251 0.5942656  2.80279592] 




2025-09-28 06:28:16,211 | INFO | [Metrics_trial005] R2=0.968655 | MAE=0.094768 | RMSE=0.020297 | MAPE%=4.760
2025-09-28 06:28:16,254 | INFO | [Save] predictions_holdout_trial005.csv
2025-09-28 06:28:16,255 | INFO | [Save] metrics_holdout_trial005.csv
2025-09-28 06:28:16,256 | INFO | [Save] feature_importances_holdout_trial005.csv
2025-09-28 06:28:16,256 | INFO | [Save] model_params_trial005.json
2025-09-28 06:28:16,256 | INFO | [Done] trial=5 | outputs at: try14_Ar273_and_313_re_LOWsensitivity/Ar_273_0.5_to_5__struct+input__qt_then_rd__cat_TRAIN_RATIO0.8_QTFRAC_0.8/trial_005
2025-09-28 06:28:16,325 | INFO | [Timing_trial005] fit_time=13.866s
2025-09-28 06:28:16,328 | INFO | [Timing_trial005] predict_time=0.003s
1       6.719717
2       6.908503
4       2.071697
21      3.704935
23      6.612466
          ...   
7730    4.470716
7734    6.106132
7737    3.124754
7745    1.754441
7751    4.130191
Name: Output, Length: 1552, dtype: float64 [6.31605557 6.54510936 2.07795658 ... 2.43371989 1.86253888 4.408581  ] 




2025-09-28 06:28:16,333 | INFO | [Metrics_trial005] R2=0.953893 | MAE=0.236382 | RMSE=0.128587 | MAPE%=6.164
2025-09-28 06:28:16,348 | INFO | [Save] predictions_holdout_trial005.csv
2025-09-28 06:28:16,350 | INFO | [Save] metrics_holdout_trial005.csv
2025-09-28 06:28:16,361 | INFO | [Save] feature_importances_holdout_trial005.csv
2025-09-28 06:28:16,362 | INFO | [Save] model_params_trial005.json
2025-09-28 06:28:16,362 | INFO | [Done] trial=5 | outputs at: try14_Ar273_and_313_re_LOWsensitivity/Ar_273_0.5_to_15__struct+input__qt_then_rd__cat_TRAIN_RATIO0.8_QTFRAC_0.8/trial_005
Running commands:  60%|███████████████████████████                  | 18/30 [00:22<00:10,  1.11it/s]Running commands:  67%|██████████████████████████████               | 20/30 [00:23<00:07,  1.42it/s]2025-09-28 06:28:18,294 | INFO | [Timing_trial002] fit_time=12.540s
2025-09-28 06:28:18,297 | INFO | [Timing_trial002] predict_time=0.003s
0       2.040043
3       1.511265
11      1.864933
28      1.093434
31      1.171154
          ...   
7726    1.278200
7731    1.071475
7739    1.124678
7749    1.123623
7753    1.457892
Name: Output, Length: 1552, dtype: float64 [1.82757952 1.48305376 1.99481021 ... 0.99151655 1.09640715 1.42458984] 




2025-09-28 06:28:18,302 | INFO | [Metrics_trial002] R2=0.980238 | MAE=0.037379 | RMSE=0.003334 | MAPE%=3.384
2025-09-28 06:28:18,309 | INFO | [Timing_trial002] fit_time=12.544s
2025-09-28 06:28:18,312 | INFO | [Timing_trial002] predict_time=0.003s
0       0.483106
3       0.315277
12      0.591816
21      0.171261
26      0.405873
          ...   
7735    0.126207
7740    0.305551
7746    0.268436
7751    0.257848
7757    0.439503
Name: Output, Length: 1552, dtype: float64 [0.46799224 0.30728247 0.53869821 ... 0.26831531 0.2535475  0.43339039] 




2025-09-28 06:28:18,316 | INFO | [Metrics_trial002] R2=0.994206 | MAE=0.005120 | RMSE=0.000071 | MAPE%=2.024
2025-09-28 06:28:18,317 | INFO | [Save] predictions_holdout_trial002.csv
2025-09-28 06:28:18,318 | INFO | [Save] metrics_holdout_trial002.csv
2025-09-28 06:28:18,332 | INFO | [Save] predictions_holdout_trial002.csv
2025-09-28 06:28:18,333 | INFO | [Save] metrics_holdout_trial002.csv
2025-09-28 06:28:18,341 | INFO | [Save] feature_importances_holdout_trial002.csv
2025-09-28 06:28:18,341 | INFO | [Save] model_params_trial002.json
2025-09-28 06:28:18,341 | INFO | [Done] trial=2 | outputs at: try14_Ar273_and_313_re_LOWsensitivity/Ar_313_Henry_to_5__struct+input__qt_then_rd__cat_TRAIN_RATIO0.8_QTFRAC_0.8/trial_002
2025-09-28 06:28:18,356 | INFO | [Save] feature_importances_holdout_trial002.csv
2025-09-28 06:28:18,356 | INFO | [Save] model_params_trial002.json
2025-09-28 06:28:18,356 | INFO | [Done] trial=2 | outputs at: try14_Ar273_and_313_re_LOWsensitivity/Ar_313_0.1_to_1__struct+input__qt_then_rd__cat_TRAIN_RATIO0.8_QTFRAC_0.8/trial_002
2025-09-28 06:28:18,597 | INFO | [Timing_trial002] fit_time=12.837s
2025-09-28 06:28:18,600 | INFO | [Timing_trial002] predict_time=0.003s
0       4.484627
6       4.249690
13      3.531657
26      2.629474
30      2.965290
          ...   
7736    3.963281
7740    2.187709
7743    2.864192
7749    2.166489
7757    4.816205
Name: Output, Length: 1552, dtype: float64 [4.2833722  4.23408558 4.01119717 ... 3.13496193 2.15612478 4.63089504] 




2025-09-28 06:28:18,604 | INFO | [Metrics_trial002] R2=0.964711 | MAE=0.129923 | RMSE=0.036606 | MAPE%=5.245
2025-09-28 06:28:18,631 | INFO | [Save] predictions_holdout_trial002.csv
2025-09-28 06:28:18,632 | INFO | [Save] metrics_holdout_trial002.csv
2025-09-28 06:28:18,633 | INFO | [Save] feature_importances_holdout_trial002.csv
2025-09-28 06:28:18,633 | INFO | [Save] model_params_trial002.json
2025-09-28 06:28:18,633 | INFO | [Done] trial=2 | outputs at: try14_Ar273_and_313_re_LOWsensitivity/Ar_313_0.01_to_15__struct+input__qt_then_rd__cat_TRAIN_RATIO0.8_QTFRAC_0.8/trial_002
2025-09-28 06:28:18,662 | INFO | [Timing_trial002] fit_time=12.791s
2025-09-28 06:28:18,665 | INFO | [Timing_trial002] predict_time=0.003s
0       2.040043
3       1.511265
12      2.230343
28      1.093434
32      1.004625
          ...   
7734    1.914888
7739    1.124678
7744    1.196397
7749    1.123623
7753    1.457892
Name: Output, Length: 1552, dtype: float64 [1.90060482 1.48972256 1.79286979 ... 1.12841486 1.10065071 1.46573364] 




2025-09-28 06:28:18,670 | INFO | [Metrics_trial002] R2=0.978799 | MAE=0.037410 | RMSE=0.003731 | MAPE%=3.473
2025-09-28 06:28:18,696 | INFO | [Save] predictions_holdout_trial002.csv
2025-09-28 06:28:18,697 | INFO | [Save] metrics_holdout_trial002.csv
2025-09-28 06:28:18,698 | INFO | [Save] feature_importances_holdout_trial002.csv
2025-09-28 06:28:18,698 | INFO | [Save] model_params_trial002.json
2025-09-28 06:28:18,698 | INFO | [Done] trial=2 | outputs at: try14_Ar273_and_313_re_LOWsensitivity/Ar_313_0.05_to_5__struct+input__qt_then_rd__cat_TRAIN_RATIO0.8_QTFRAC_0.8/trial_002
2025-09-28 06:28:18,747 | INFO | [Timing_trial002] fit_time=12.941s
2025-09-28 06:28:18,750 | INFO | [Timing_trial002] predict_time=0.003s
0       0.483106
6       0.394279
13      0.367632
26      0.405873
30      0.353431
          ...   
7736    0.471310
7740    0.305551
7743    0.319707
7749    0.302955
7757    0.439503
Name: Output, Length: 1552, dtype: float64 [0.47954414 0.3796126  0.37460137 ... 0.33462291 0.30172033 0.42684518] 




2025-09-28 06:28:18,755 | INFO | [Metrics_trial002] R2=0.990647 | MAE=0.007273 | RMSE=0.000112 | MAPE%=2.882
2025-09-28 06:28:18,770 | INFO | [Save] predictions_holdout_trial002.csv
2025-09-28 06:28:18,771 | INFO | [Save] metrics_holdout_trial002.csv
2025-09-28 06:28:18,794 | INFO | [Save] feature_importances_holdout_trial002.csv
2025-09-28 06:28:18,794 | INFO | [Save] model_params_trial002.json
2025-09-28 06:28:18,794 | INFO | [Done] trial=2 | outputs at: try14_Ar273_and_313_re_LOWsensitivity/Ar_313_0.01_to_1__struct+input__qt_then_rd__cat_TRAIN_RATIO0.8_QTFRAC_0.8/trial_002
Running commands:   3%|█▌                                            | 1/30 [00:18<08:43, 18.04s/it]Removed 8 rows from mis_lis
2025-09-28 06:28:19,408 | INFO | [Data] Loaded: ../Data_collect/DataSet_PLDSCREENED_2/Ar_313K/Ar_313K_Ar_313K_0.05_to_Ar_313K_1_dataset.csv | rows=7760 | cols=15
2025-09-28 06:28:19,408 | INFO | [Features] Using 13 features: ['LCD', 'PLD', 'LFPD', 'cm3_g', 'ASA_m2_cm3', 'ASA_m2_g', 'NASA_m2_cm3', 'NASA_m2_g', 'AV_VF', 'AV_cm3_g', 'NAV_cm3_g', 'Has_OMS', 'Input']
                                filename       LCD  ...     Input    Output
0  1499489-acs.cgd.6b01265_1499490_clean  10.85017  ...  0.025239  0.483106
1                           ACOCOM_clean  24.60642  ...  0.015691  0.311217
2                           ACOCUS_clean  24.38417  ...  0.016324  0.313515
3                           ACODAZ_clean  23.29182  ...  0.015726  0.315277
4    acs.cgd.5b01554_VAGNUP1452791_clean   6.16218  ...  0.004741  0.095646

[5 rows x 15 columns]
2025-09-28 06:28:19,441 | INFO | [Preprocess] Drop NaN rows (FEATURES+TARGET): 7760 -> 7760
Removed 8 rows from mis_lis
2025-09-28 06:28:19,451 | INFO | [Data] Loaded: ../Data_collect/DataSet_PLDSCREENED_2/Ar_313K/Ar_313K_Ar_313K_0.01_to_Ar_313K_15_dataset.csv | rows=7760 | cols=15
2025-09-28 06:28:19,452 | INFO | [Features] Using 13 features: ['LCD', 'PLD', 'LFPD', 'cm3_g', 'ASA_m2_cm3', 'ASA_m2_g', 'NASA_m2_cm3', 'NASA_m2_g', 'AV_VF', 'AV_cm3_g', 'NAV_cm3_g', 'Has_OMS', 'Input']
           LCD       PLD      LFPD  ...  NAV_cm3_g  Has_OMS     Input
0     10.85017   3.77263  10.26663  ...        0.0        0  0.025239
1     24.60642  13.03430  24.60642  ...        0.0        1  0.015691
2     24.38417  13.22222  24.38417  ...        0.0        1  0.016324
3     23.29182  13.11646  23.29182  ...        0.0        1  0.015726
4      6.16218   5.13230   5.87594  ...        0.0        1  0.004741
...        ...       ...       ...  ...        ...      ...       ...
7755   5.89251   3.41929   5.89251  ...        0.0        0  0.089835
7756   4.42995   3.86732   4.42995  ...        0.0        0  0.122284
7757   6.25511   5.54572   6.22585  ...        0.0        0  0.022190
7758   4.94280   4.31959   4.93372  ...        0.0        1  0.006706
7759  12.38418   6.85660  12.37540  ...        0.0        0  0.008352

[7760 rows x 13 columns]
2025-09-28 06:28:19,474 | INFO | [Seeds] trial=1 | seeds={'seed': 53, 'seed_qt': 1052, 'seed_rd': 2052, 'model_seed': 3052}
                                filename       LCD  ...     Input    Output
0  1499489-acs.cgd.6b01265_1499490_clean  10.85017  ...  0.005118  4.484627
1                           ACOCOM_clean  24.60642  ...  0.003168  4.372880
2                           ACOCUS_clean  24.38417  ...  0.003187  4.483099
3                           ACODAZ_clean  23.29182  ...  0.003023  4.438173
4    acs.cgd.5b01554_VAGNUP1452791_clean   6.16218  ...  0.001002  1.198039

[5 rows x 15 columns]
2025-09-28 06:28:19,485 | INFO | [Preprocess] Drop NaN rows (FEATURES+TARGET): 7760 -> 7760
           LCD       PLD      LFPD  ...  NAV_cm3_g  Has_OMS     Input
0     10.85017   3.77263  10.26663  ...        0.0        0  0.005118
1     24.60642  13.03430  24.60642  ...        0.0        1  0.003168
2     24.38417  13.22222  24.38417  ...        0.0        1  0.003187
3     23.29182  13.11646  23.29182  ...        0.0        1  0.003023
4      6.16218   5.13230   5.87594  ...        0.0        1  0.001002
...        ...       ...       ...  ...        ...      ...       ...
7755   5.89251   3.41929   5.89251  ...        0.0        0  0.018200
7756   4.42995   3.86732   4.42995  ...        0.0        0  0.024938
7757   6.25511   5.54572   6.22585  ...        0.0        0  0.004375
7758   4.94280   4.31959   4.93372  ...        0.0        1  0.001440
7759  12.38418   6.85660  12.37540  ...        0.0        0  0.001854

[7760 rows x 13 columns]
2025-09-28 06:28:19,518 | INFO | [Seeds] trial=1 | seeds={'seed': 53, 'seed_qt': 1052, 'seed_rd': 2052, 'model_seed': 3052}
Removed 8 rows from mis_lis
2025-09-28 06:28:19,563 | INFO | [Data] Loaded: ../Data_collect/DataSet_PLDSCREENED_2/Ar_313K/Ar_313K_Ar_313K_0.05_to_Ar_313K_5_dataset.csv | rows=7760 | cols=15
2025-09-28 06:28:19,564 | INFO | [Features] Using 13 features: ['LCD', 'PLD', 'LFPD', 'cm3_g', 'ASA_m2_cm3', 'ASA_m2_g', 'NASA_m2_cm3', 'NASA_m2_g', 'AV_VF', 'AV_cm3_g', 'NAV_cm3_g', 'Has_OMS', 'Input']
                                filename       LCD  ...     Input    Output
0  1499489-acs.cgd.6b01265_1499490_clean  10.85017  ...  0.025239  2.040043
1                           ACOCOM_clean  24.60642  ...  0.015691  1.479258
2                           ACOCUS_clean  24.38417  ...  0.016324  1.531660
3                           ACODAZ_clean  23.29182  ...  0.015726  1.511265
4    acs.cgd.5b01554_VAGNUP1452791_clean   6.16218  ...  0.004741  0.440603

[5 rows x 15 columns]
2025-09-28 06:28:19,598 | INFO | [Preprocess] Drop NaN rows (FEATURES+TARGET): 7760 -> 7760
           LCD       PLD      LFPD  ...  NAV_cm3_g  Has_OMS     Input
0     10.85017   3.77263  10.26663  ...        0.0        0  0.025239
1     24.60642  13.03430  24.60642  ...        0.0        1  0.015691
2     24.38417  13.22222  24.38417  ...        0.0        1  0.016324
3     23.29182  13.11646  23.29182  ...        0.0        1  0.015726
4      6.16218   5.13230   5.87594  ...        0.0        1  0.004741
...        ...       ...       ...  ...        ...      ...       ...
7755   5.89251   3.41929   5.89251  ...        0.0        0  0.089835
7756   4.42995   3.86732   4.42995  ...        0.0        0  0.122284
7757   6.25511   5.54572   6.22585  ...        0.0        0  0.022190
7758   4.94280   4.31959   4.93372  ...        0.0        1  0.006706
7759  12.38418   6.85660  12.37540  ...        0.0        0  0.008352

[7760 rows x 13 columns]
2025-09-28 06:28:19,631 | INFO | [Seeds] trial=1 | seeds={'seed': 53, 'seed_qt': 1052, 'seed_rd': 2052, 'model_seed': 3052}
Running commands:  10%|████▌                                         | 3/30 [00:18<02:09,  4.79s/it][-1.59792861 -1.80434383 -1.78716507 ... -1.65385223 -2.17352097
 -2.07818475]
200






[-1.59792861 -1.80434383 -1.78716507 ... -1.65385223 -2.17352097
 -2.07818475]
-3.47987623564627 0.5505095589594653
200





2025-09-28 06:28:19,664 | INFO | [S3 QT→RD] train(qt)=3104, train(rd)=3104, test=1552 (train_ratio=0.80, qt_frac_total=0.40, shift=0.000e+00)
[-2.29089161 -2.49924138 -2.49657928 ... -2.35904587 -2.84157822
 -2.73177705]
200






[-2.29089161 -2.49924138 -2.49657928 ... -2.35904587 -2.84157822
 -2.73177705]
-4.195879657951556 0.507194573760734
200





2025-09-28 06:28:19,687 | INFO | [S3 QT→RD] train(qt)=3104, train(rd)=3104, test=1552 (train_ratio=0.80, qt_frac_total=0.40, shift=0.000e+00)
Running commands:  13%|██████▏                                       | 4/30 [00:18<01:22,  3.16s/it][-1.59792861 -1.80434383 -1.78716507 ... -1.65385223 -2.17352097
 -2.07818475]
200






[-1.59792861 -1.80434383 -1.78716507 ... -1.65385223 -2.17352097
 -2.07818475]
-3.47987623564627 0.5505095589594653
200





2025-09-28 06:28:19,799 | INFO | [S3 QT→RD] train(qt)=3104, train(rd)=3104, test=1552 (train_ratio=0.80, qt_frac_total=0.40, shift=0.000e+00)
Removed 8 rows from mis_lis
2025-09-28 06:28:19,866 | INFO | [Data] Loaded: ../Data_collect/DataSet_PLDSCREENED_2/Ar_313K/Ar_313K_Ar_313K_0.05_to_Ar_313K_15_dataset.csv | rows=7760 | cols=15
2025-09-28 06:28:19,867 | INFO | [Features] Using 13 features: ['LCD', 'PLD', 'LFPD', 'cm3_g', 'ASA_m2_cm3', 'ASA_m2_g', 'NASA_m2_cm3', 'NASA_m2_g', 'AV_VF', 'AV_cm3_g', 'NAV_cm3_g', 'Has_OMS', 'Input']
                                filename       LCD  ...     Input    Output
0  1499489-acs.cgd.6b01265_1499490_clean  10.85017  ...  0.025239  4.484627
1                           ACOCOM_clean  24.60642  ...  0.015691  4.372880
2                           ACOCUS_clean  24.38417  ...  0.016324  4.483099
3                           ACODAZ_clean  23.29182  ...  0.015726  4.438173
4    acs.cgd.5b01554_VAGNUP1452791_clean   6.16218  ...  0.004741  1.198039

[5 rows x 15 columns]
2025-09-28 06:28:19,900 | INFO | [Preprocess] Drop NaN rows (FEATURES+TARGET): 7760 -> 7760
Removed 8 rows from mis_lis
2025-09-28 06:28:19,921 | INFO | [Data] Loaded: ../Data_collect/DataSet_PLDSCREENED_2/Ar_313K/Ar_313K_Ar_313K_0.1_to_Ar_313K_1_dataset.csv | rows=7760 | cols=15
2025-09-28 06:28:19,922 | INFO | [Features] Using 13 features: ['LCD', 'PLD', 'LFPD', 'cm3_g', 'ASA_m2_cm3', 'ASA_m2_g', 'NASA_m2_cm3', 'NASA_m2_g', 'AV_VF', 'AV_cm3_g', 'NAV_cm3_g', 'Has_OMS', 'Input']
           LCD       PLD      LFPD  ...  NAV_cm3_g  Has_OMS     Input
0     10.85017   3.77263  10.26663  ...        0.0        0  0.025239
1     24.60642  13.03430  24.60642  ...        0.0        1  0.015691
2     24.38417  13.22222  24.38417  ...        0.0        1  0.016324
3     23.29182  13.11646  23.29182  ...        0.0        1  0.015726
4      6.16218   5.13230   5.87594  ...        0.0        1  0.004741
...        ...       ...       ...  ...        ...      ...       ...
7755   5.89251   3.41929   5.89251  ...        0.0        0  0.089835
7756   4.42995   3.86732   4.42995  ...        0.0        0  0.122284
7757   6.25511   5.54572   6.22585  ...        0.0        0  0.022190
7758   4.94280   4.31959   4.93372  ...        0.0        1  0.006706
7759  12.38418   6.85660  12.37540  ...        0.0        0  0.008352

[7760 rows x 13 columns]
2025-09-28 06:28:19,933 | INFO | [Seeds] trial=1 | seeds={'seed': 53, 'seed_qt': 1052, 'seed_rd': 2052, 'model_seed': 3052}
                                filename       LCD  ...     Input    Output
0  1499489-acs.cgd.6b01265_1499490_clean  10.85017  ...  0.050200  0.483106
1                           ACOCOM_clean  24.60642  ...  0.030913  0.311217
2                           ACOCUS_clean  24.38417  ...  0.032289  0.313515
3                           ACODAZ_clean  23.29182  ...  0.031373  0.315277
4    acs.cgd.5b01554_VAGNUP1452791_clean   6.16218  ...  0.009552  0.095646

[5 rows x 15 columns]
2025-09-28 06:28:19,955 | INFO | [Preprocess] Drop NaN rows (FEATURES+TARGET): 7760 -> 7760
           LCD       PLD      LFPD  ...  NAV_cm3_g  Has_OMS     Input
0     10.85017   3.77263  10.26663  ...        0.0        0  0.050200
1     24.60642  13.03430  24.60642  ...        0.0        1  0.030913
2     24.38417  13.22222  24.38417  ...        0.0        1  0.032289
3     23.29182  13.11646  23.29182  ...        0.0        1  0.031373
4      6.16218   5.13230   5.87594  ...        0.0        1  0.009552
...        ...       ...       ...  ...        ...      ...       ...
7755   5.89251   3.41929   5.89251  ...        0.0        0  0.172231
7756   4.42995   3.86732   4.42995  ...        0.0        0  0.230075
7757   6.25511   5.54572   6.22585  ...        0.0        0  0.044547
7758   4.94280   4.31959   4.93372  ...        0.0        1  0.013466
7759  12.38418   6.85660  12.37540  ...        0.0        0  0.016165

[7760 rows x 13 columns]
2025-09-28 06:28:19,988 | INFO | [Seeds] trial=1 | seeds={'seed': 53, 'seed_qt': 1052, 'seed_rd': 2052, 'model_seed': 3052}
[-1.59792861 -1.80434383 -1.78716507 ... -1.65385223 -2.17352097
 -2.07818475]
200






[-1.59792861 -1.80434383 -1.78716507 ... -1.65385223 -2.17352097
 -2.07818475]
-3.47987623564627 0.5505095589594653
200





2025-09-28 06:28:20,102 | INFO | [S3 QT→RD] train(qt)=3104, train(rd)=3104, test=1552 (train_ratio=0.80, qt_frac_total=0.40, shift=0.000e+00)
[-1.29929287 -1.5098575  -1.49094846 ... -1.35118275 -1.87077497
 -1.79143316]
200






[-1.29929287 -1.5098575  -1.49094846 ... -1.35118275 -1.87077497
 -1.79143316]
-3.202230713008698 0.5629130728964408
200





2025-09-28 06:28:20,168 | INFO | [S3 QT→RD] train(qt)=3104, train(rd)=3104, test=1552 (train_ratio=0.80, qt_frac_total=0.40, shift=0.000e+00)
Removed 8 rows from mis_lis
2025-09-28 06:28:20,295 | INFO | [Data] Loaded: ../Data_collect/DataSet_PLDSCREENED_2/Ar_313K/Ar_313K_Ar_313K_0.1_to_Ar_313K_5_dataset.csv | rows=7760 | cols=15
2025-09-28 06:28:20,295 | INFO | [Features] Using 13 features: ['LCD', 'PLD', 'LFPD', 'cm3_g', 'ASA_m2_cm3', 'ASA_m2_g', 'NASA_m2_cm3', 'NASA_m2_g', 'AV_VF', 'AV_cm3_g', 'NAV_cm3_g', 'Has_OMS', 'Input']
                                filename       LCD  ...     Input    Output
0  1499489-acs.cgd.6b01265_1499490_clean  10.85017  ...  0.050200  2.040043
1                           ACOCOM_clean  24.60642  ...  0.030913  1.479258
2                           ACOCUS_clean  24.38417  ...  0.032289  1.531660
3                           ACODAZ_clean  23.29182  ...  0.031373  1.511265
4    acs.cgd.5b01554_VAGNUP1452791_clean   6.16218  ...  0.009552  0.440603

[5 rows x 15 columns]
2025-09-28 06:28:20,326 | INFO | [Preprocess] Drop NaN rows (FEATURES+TARGET): 7760 -> 7760
           LCD       PLD      LFPD  ...  NAV_cm3_g  Has_OMS     Input
0     10.85017   3.77263  10.26663  ...        0.0        0  0.050200
1     24.60642  13.03430  24.60642  ...        0.0        1  0.030913
2     24.38417  13.22222  24.38417  ...        0.0        1  0.032289
3     23.29182  13.11646  23.29182  ...        0.0        1  0.031373
4      6.16218   5.13230   5.87594  ...        0.0        1  0.009552
...        ...       ...       ...  ...        ...      ...       ...
7755   5.89251   3.41929   5.89251  ...        0.0        0  0.172231
7756   4.42995   3.86732   4.42995  ...        0.0        0  0.230075
7757   6.25511   5.54572   6.22585  ...        0.0        0  0.044547
7758   4.94280   4.31959   4.93372  ...        0.0        1  0.013466
7759  12.38418   6.85660  12.37540  ...        0.0        0  0.016165

[7760 rows x 13 columns]
2025-09-28 06:28:20,350 | INFO | [Seeds] trial=1 | seeds={'seed': 53, 'seed_qt': 1052, 'seed_rd': 2052, 'model_seed': 3052}
2025-09-28 06:28:20,410 | INFO | [Timing_trial002] fit_time=14.281s
2025-09-28 06:28:20,413 | INFO | [Timing_trial002] predict_time=0.003s
0       4.484627
3       4.438173
11      3.411706
28      1.536339
31      2.271885
          ...   
7726    3.597970
7731    2.492850
7739    2.119724
7749    2.166489
7753    2.829171
Name: Output, Length: 1552, dtype: float64 [4.23479517 4.21721621 3.83386843 ... 1.74714728 2.10771545 2.88029641] 




2025-09-28 06:28:20,418 | INFO | [Metrics_trial002] R2=0.970511 | MAE=0.115620 | RMSE=0.027862 | MAPE%=4.668
2025-09-28 06:28:20,434 | INFO | [Save] predictions_holdout_trial002.csv
Removed 8 rows from mis_lis
2025-09-28 06:28:20,444 | INFO | [Data] Loaded: ../Data_collect/DataSet_PLDSCREENED_2/Ar_313K/Ar_313K_Ar_313K_0.1_to_Ar_313K_15_dataset.csv | rows=7760 | cols=15
2025-09-28 06:28:20,445 | INFO | [Features] Using 13 features: ['LCD', 'PLD', 'LFPD', 'cm3_g', 'ASA_m2_cm3', 'ASA_m2_g', 'NASA_m2_cm3', 'NASA_m2_g', 'AV_VF', 'AV_cm3_g', 'NAV_cm3_g', 'Has_OMS', 'Input']
2025-09-28 06:28:20,457 | INFO | [Save] metrics_holdout_trial002.csv
2025-09-28 06:28:20,458 | INFO | [Save] feature_importances_holdout_trial002.csv
2025-09-28 06:28:20,458 | INFO | [Save] model_params_trial002.json
2025-09-28 06:28:20,458 | INFO | [Done] trial=2 | outputs at: try14_Ar273_and_313_re_LOWsensitivity/Ar_313_Henry_to_15__struct+input__qt_then_rd__cat_TRAIN_RATIO0.8_QTFRAC_0.8/trial_002
[-1.29929287 -1.5098575  -1.49094846 ... -1.35118275 -1.87077497
 -1.79143316]
200






[-1.29929287 -1.5098575  -1.49094846 ... -1.35118275 -1.87077497
 -1.79143316]
-3.202230713008698 0.5629130728964408
200





2025-09-28 06:28:20,497 | INFO | [S3 QT→RD] train(qt)=3104, train(rd)=3104, test=1552 (train_ratio=0.80, qt_frac_total=0.40, shift=0.000e+00)
                                filename       LCD  ...     Input    Output
0  1499489-acs.cgd.6b01265_1499490_clean  10.85017  ...  0.050200  4.484627
1                           ACOCOM_clean  24.60642  ...  0.030913  4.372880
2                           ACOCUS_clean  24.38417  ...  0.032289  4.483099
3                           ACODAZ_clean  23.29182  ...  0.031373  4.438173
4    acs.cgd.5b01554_VAGNUP1452791_clean   6.16218  ...  0.009552  1.198039

[5 rows x 15 columns]
2025-09-28 06:28:20,500 | INFO | [Preprocess] Drop NaN rows (FEATURES+TARGET): 7760 -> 7760
           LCD       PLD      LFPD  ...  NAV_cm3_g  Has_OMS     Input
0     10.85017   3.77263  10.26663  ...        0.0        0  0.050200
1     24.60642  13.03430  24.60642  ...        0.0        1  0.030913
2     24.38417  13.22222  24.38417  ...        0.0        1  0.032289
3     23.29182  13.11646  23.29182  ...        0.0        1  0.031373
4      6.16218   5.13230   5.87594  ...        0.0        1  0.009552
...        ...       ...       ...  ...        ...      ...       ...
7755   5.89251   3.41929   5.89251  ...        0.0        0  0.172231
7756   4.42995   3.86732   4.42995  ...        0.0        0  0.230075
7757   6.25511   5.54572   6.22585  ...        0.0        0  0.044547
7758   4.94280   4.31959   4.93372  ...        0.0        1  0.013466
7759  12.38418   6.85660  12.37540  ...        0.0        0  0.016165

[7760 rows x 13 columns]
2025-09-28 06:28:20,522 | INFO | [Seeds] trial=1 | seeds={'seed': 53, 'seed_qt': 1052, 'seed_rd': 2052, 'model_seed': 3052}
2025-09-28 06:28:20,523 | INFO | [Timing_trial002] fit_time=14.430s
2025-09-28 06:28:20,526 | INFO | [Timing_trial002] predict_time=0.003s
0       2.040043
6       1.730242
13      1.478515
26      1.453345
30      1.404384
          ...   
7736    1.894753
7740    1.061976
7743    1.321119
7749    1.123623
7757    1.978073
Name: Output, Length: 1552, dtype: float64 [1.92336652 1.68222467 1.59982913 ... 1.38666873 1.11235793 1.90120419] 




2025-09-28 06:28:20,531 | INFO | [Metrics_trial002] R2=0.974115 | MAE=0.043653 | RMSE=0.004696 | MAPE%=3.954
2025-09-28 06:28:20,547 | INFO | [Save] predictions_holdout_trial002.csv
2025-09-28 06:28:20,570 | INFO | [Save] metrics_holdout_trial002.csv
2025-09-28 06:28:20,570 | INFO | [Save] feature_importances_holdout_trial002.csv
2025-09-28 06:28:20,571 | INFO | [Save] model_params_trial002.json
2025-09-28 06:28:20,571 | INFO | [Done] trial=2 | outputs at: try14_Ar273_and_313_re_LOWsensitivity/Ar_313_0.01_to_5__struct+input__qt_then_rd__cat_TRAIN_RATIO0.8_QTFRAC_0.8/trial_002
2025-09-28 06:28:20,600 | INFO | [Timing_trial002] fit_time=14.498s
Removed 8 rows from mis_lis
2025-09-28 06:28:20,611 | INFO | [Data] Loaded: ../Data_collect/DataSet_PLDSCREENED_2/Ar_313K/Ar_313K_Ar_313K_0.5_to_Ar_313K_1_dataset.csv | rows=7760 | cols=15
2025-09-28 06:28:20,612 | INFO | [Features] Using 13 features: ['LCD', 'PLD', 'LFPD', 'cm3_g', 'ASA_m2_cm3', 'ASA_m2_g', 'NASA_m2_cm3', 'NASA_m2_g', 'AV_VF', 'AV_cm3_g', 'NAV_cm3_g', 'Has_OMS', 'Input']
2025-09-28 06:28:20,613 | INFO | [Timing_trial002] predict_time=0.013s
0       0.483106
3       0.315277
11      0.511613
28      0.382050
31      0.311074
          ...   
7726    0.273091
7731    0.251254
7739    0.299625
7749    0.302955
7753    0.366668
Name: Output, Length: 1552, dtype: float64 [0.46690535 0.30778587 0.52766645 ... 0.29332592 0.2974705  0.37362841] 




2025-09-28 06:28:20,618 | INFO | [Metrics_trial002] R2=0.993974 | MAE=0.004950 | RMSE=0.000071 | MAPE%=1.961
2025-09-28 06:28:20,628 | INFO | [Timing_trial002] fit_time=14.489s
2025-09-28 06:28:20,631 | INFO | [Timing_trial002] predict_time=0.003s
0       0.483106
3       0.315277
12      0.591816
28      0.382050
32      0.249074
          ...   
7734    0.435725
7739    0.299625
7744    0.274576
7749    0.302955
7753    0.366668
Name: Output, Length: 1552, dtype: float64 [0.47586467 0.30717044 0.53474688 ... 0.26158702 0.29567637 0.37819395] 




2025-09-28 06:28:20,636 | INFO | [Metrics_trial002] R2=0.993781 | MAE=0.005652 | RMSE=0.000075 | MAPE%=2.277
2025-09-28 06:28:20,645 | INFO | [Save] predictions_holdout_trial002.csv
2025-09-28 06:28:20,646 | INFO | [Save] metrics_holdout_trial002.csv
2025-09-28 06:28:20,647 | INFO | [Save] feature_importances_holdout_trial002.csv
2025-09-28 06:28:20,647 | INFO | [Save] model_params_trial002.json
2025-09-28 06:28:20,647 | INFO | [Done] trial=2 | outputs at: try14_Ar273_and_313_re_LOWsensitivity/Ar_313_Henry_to_1__struct+input__qt_then_rd__cat_TRAIN_RATIO0.8_QTFRAC_0.8/trial_002
2025-09-28 06:28:20,652 | INFO | [Save] predictions_holdout_trial002.csv
                                filename       LCD  ...     Input    Output
0  1499489-acs.cgd.6b01265_1499490_clean  10.85017  ...  0.247012  0.483106
1                           ACOCOM_clean  24.60642  ...  0.154237  0.311217
2                           ACOCUS_clean  24.38417  ...  0.159598  0.313515
3                           ACODAZ_clean  23.29182  ...  0.156731  0.315277
4    acs.cgd.5b01554_VAGNUP1452791_clean   6.16218  ...  0.047922  0.095646

[5 rows x 15 columns]
2025-09-28 06:28:20,663 | INFO | [Preprocess] Drop NaN rows (FEATURES+TARGET): 7760 -> 7760
2025-09-28 06:28:20,675 | INFO | [Save] metrics_holdout_trial002.csv
2025-09-28 06:28:20,676 | INFO | [Save] feature_importances_holdout_trial002.csv
2025-09-28 06:28:20,676 | INFO | [Save] model_params_trial002.json
2025-09-28 06:28:20,677 | INFO | [Done] trial=2 | outputs at: try14_Ar273_and_313_re_LOWsensitivity/Ar_313_0.05_to_1__struct+input__qt_then_rd__cat_TRAIN_RATIO0.8_QTFRAC_0.8/trial_002
[-1.29929287 -1.5098575  -1.49094846 ... -1.35118275 -1.87077497
 -1.79143316]
200






[-1.29929287 -1.5098575  -1.49094846 ... -1.35118275 -1.87077497
 -1.79143316]
-3.202230713008698 0.5629130728964408
200





2025-09-28 06:28:20,678 | INFO | [S3 QT→RD] train(qt)=3104, train(rd)=3104, test=1552 (train_ratio=0.80, qt_frac_total=0.40, shift=0.000e+00)
           LCD       PLD      LFPD  ...  NAV_cm3_g  Has_OMS     Input
0     10.85017   3.77263  10.26663  ...        0.0        0  0.247012
1     24.60642  13.03430  24.60642  ...        0.0        1  0.154237
2     24.38417  13.22222  24.38417  ...        0.0        1  0.159598
3     23.29182  13.11646  23.29182  ...        0.0        1  0.156731
4      6.16218   5.13230   5.87594  ...        0.0        1  0.047922
...        ...       ...       ...  ...        ...      ...       ...
7755   5.89251   3.41929   5.89251  ...        0.0        0  0.700145
7756   4.42995   3.86732   4.42995  ...        0.0        0  0.921799
7757   6.25511   5.54572   6.22585  ...        0.0        0  0.220564
7758   4.94280   4.31959   4.93372  ...        0.0        1  0.067246
7759  12.38418   6.85660  12.37540  ...        0.0        0  0.081035

[7760 rows x 13 columns]
2025-09-28 06:28:20,694 | INFO | [Seeds] trial=1 | seeds={'seed': 53, 'seed_qt': 1052, 'seed_rd': 2052, 'model_seed': 3052}
Removed 8 rows from mis_lis
2025-09-28 06:28:20,780 | INFO | [Data] Loaded: ../Data_collect/DataSet_PLDSCREENED_2/Ar_313K/Ar_313K_Ar_313K_0.5_to_Ar_313K_5_dataset.csv | rows=7760 | cols=15
2025-09-28 06:28:20,781 | INFO | [Features] Using 13 features: ['LCD', 'PLD', 'LFPD', 'cm3_g', 'ASA_m2_cm3', 'ASA_m2_g', 'NASA_m2_cm3', 'NASA_m2_g', 'AV_VF', 'AV_cm3_g', 'NAV_cm3_g', 'Has_OMS', 'Input']
2025-09-28 06:28:20,782 | INFO | [Timing_trial002] fit_time=14.644s
2025-09-28 06:28:20,804 | INFO | [Timing_trial002] predict_time=0.021s
                                filename       LCD  ...     Input    Output
0  1499489-acs.cgd.6b01265_1499490_clean  10.85017  ...  0.247012  2.040043
1                           ACOCOM_clean  24.60642  ...  0.154237  1.479258
2                           ACOCUS_clean  24.38417  ...  0.159598  1.531660
3                           ACODAZ_clean  23.29182  ...  0.156731  1.511265
4    acs.cgd.5b01554_VAGNUP1452791_clean   6.16218  ...  0.047922  0.440603

[5 rows x 15 columns]
2025-09-28 06:28:20,808 | INFO | [Preprocess] Drop NaN rows (FEATURES+TARGET): 7760 -> 7760
0       4.484627
3       4.438173
12      4.842817
28      1.536339
32      2.128505
          ...   
7734    4.474294
7739    2.119724
7744    2.794891
7749    2.166489
7753    2.829171
Name: Output, Length: 1552, dtype: float64 [4.25542468 4.25453845 3.96516004 ... 2.57596509 2.10070076 3.03173293] 




2025-09-28 06:28:20,809 | INFO | [Metrics_trial002] R2=0.970736 | MAE=0.113661 | RMSE=0.029178 | MAPE%=4.737
2025-09-28 06:28:20,824 | INFO | [Save] predictions_holdout_trial002.csv
           LCD       PLD      LFPD  ...  NAV_cm3_g  Has_OMS     Input
0     10.85017   3.77263  10.26663  ...        0.0        0  0.247012
1     24.60642  13.03430  24.60642  ...        0.0        1  0.154237
2     24.38417  13.22222  24.38417  ...        0.0        1  0.159598
3     23.29182  13.11646  23.29182  ...        0.0        1  0.156731
4      6.16218   5.13230   5.87594  ...        0.0        1  0.047922
...        ...       ...       ...  ...        ...      ...       ...
7755   5.89251   3.41929   5.89251  ...        0.0        0  0.700145
7756   4.42995   3.86732   4.42995  ...        0.0        0  0.921799
7757   6.25511   5.54572   6.22585  ...        0.0        0  0.220564
7758   4.94280   4.31959   4.93372  ...        0.0        1  0.067246
7759  12.38418   6.85660  12.37540  ...        0.0        0  0.081035

[7760 rows x 13 columns]
2025-09-28 06:28:20,840 | INFO | [Seeds] trial=1 | seeds={'seed': 53, 'seed_qt': 1052, 'seed_rd': 2052, 'model_seed': 3052}
2025-09-28 06:28:20,848 | INFO | [Save] metrics_holdout_trial002.csv
2025-09-28 06:28:20,849 | INFO | [Save] feature_importances_holdout_trial002.csv
2025-09-28 06:28:20,849 | INFO | [Save] model_params_trial002.json
2025-09-28 06:28:20,849 | INFO | [Done] trial=2 | outputs at: try14_Ar273_and_313_re_LOWsensitivity/Ar_313_0.05_to_15__struct+input__qt_then_rd__cat_TRAIN_RATIO0.8_QTFRAC_0.8/trial_002
[-0.60728116 -0.81181152 -0.79697294 ... -0.65646474 -1.1723316
 -1.09132692]
200






[-0.60728116 -0.81181152 -0.79697294 ... -0.65646474 -1.1723316
 -1.09132692]
-2.504857063846332 0.5790191669229403
200





2025-09-28 06:28:20,896 | INFO | [S3 QT→RD] train(qt)=3104, train(rd)=3104, test=1552 (train_ratio=0.80, qt_frac_total=0.40, shift=0.000e+00)
Removed 8 rows from mis_lis
2025-09-28 06:28:20,898 | INFO | [Data] Loaded: ../Data_collect/DataSet_PLDSCREENED_2/Ar_313K/Ar_313K_Ar_313K_0.5_to_Ar_313K_15_dataset.csv | rows=7760 | cols=15
2025-09-28 06:28:20,898 | INFO | [Features] Using 13 features: ['LCD', 'PLD', 'LFPD', 'cm3_g', 'ASA_m2_cm3', 'ASA_m2_g', 'NASA_m2_cm3', 'NASA_m2_g', 'AV_VF', 'AV_cm3_g', 'NAV_cm3_g', 'Has_OMS', 'Input']
                                filename       LCD  ...     Input    Output
0  1499489-acs.cgd.6b01265_1499490_clean  10.85017  ...  0.247012  4.484627
1                           ACOCOM_clean  24.60642  ...  0.154237  4.372880
2                           ACOCUS_clean  24.38417  ...  0.159598  4.483099
3                           ACODAZ_clean  23.29182  ...  0.156731  4.438173
4    acs.cgd.5b01554_VAGNUP1452791_clean   6.16218  ...  0.047922  1.198039

[5 rows x 15 columns]
2025-09-28 06:28:20,932 | INFO | [Preprocess] Drop NaN rows (FEATURES+TARGET): 7760 -> 7760
           LCD       PLD      LFPD  ...  NAV_cm3_g  Has_OMS     Input
0     10.85017   3.77263  10.26663  ...        0.0        0  0.247012
1     24.60642  13.03430  24.60642  ...        0.0        1  0.154237
2     24.38417  13.22222  24.38417  ...        0.0        1  0.159598
3     23.29182  13.11646  23.29182  ...        0.0        1  0.156731
4      6.16218   5.13230   5.87594  ...        0.0        1  0.047922
...        ...       ...       ...  ...        ...      ...       ...
7755   5.89251   3.41929   5.89251  ...        0.0        0  0.700145
7756   4.42995   3.86732   4.42995  ...        0.0        0  0.921799
7757   6.25511   5.54572   6.22585  ...        0.0        0  0.220564
7758   4.94280   4.31959   4.93372  ...        0.0        1  0.067246
7759  12.38418   6.85660  12.37540  ...        0.0        0  0.081035

[7760 rows x 13 columns]
2025-09-28 06:28:20,965 | INFO | [Seeds] trial=1 | seeds={'seed': 53, 'seed_qt': 1052, 'seed_rd': 2052, 'model_seed': 3052}
[-0.60728116 -0.81181152 -0.79697294 ... -0.65646474 -1.1723316
 -1.09132692]
200






[-0.60728116 -0.81181152 -0.79697294 ... -0.65646474 -1.1723316
 -1.09132692]
-2.504857063846332 0.5790191669229403
200





2025-09-28 06:28:21,037 | INFO | [S3 QT→RD] train(qt)=3104, train(rd)=3104, test=1552 (train_ratio=0.80, qt_frac_total=0.40, shift=0.000e+00)
[-0.60728116 -0.81181152 -0.79697294 ... -0.65646474 -1.1723316
 -1.09132692]
200






[-0.60728116 -0.81181152 -0.79697294 ... -0.65646474 -1.1723316
 -1.09132692]
-2.504857063846332 0.5790191669229403
200





2025-09-28 06:28:21,161 | INFO | [S3 QT→RD] train(qt)=3104, train(rd)=3104, test=1552 (train_ratio=0.80, qt_frac_total=0.40, shift=0.000e+00)
2025-09-28 06:28:21,230 | INFO | [Save] sampling scatter & histogram plots
2025-09-28 06:28:21,285 | INFO | [Save] sampling scatter & histogram plots
2025-09-28 06:28:21,409 | INFO | [Save] sampling scatter & histogram plots
           LCD       PLD      LFPD  ...  NAV_cm3_g  Has_OMS     Input
0     10.85017   3.77263  10.26663  ...        0.0        0  0.025239
1     24.60642  13.03430  24.60642  ...        0.0        1  0.015691
2     24.38417  13.22222  24.38417  ...        0.0        1  0.016324
3     23.29182  13.11646  23.29182  ...        0.0        1  0.015726
4      6.16218   5.13230   5.87594  ...        0.0        1  0.004741
...        ...       ...       ...  ...        ...      ...       ...
7755   5.89251   3.41929   5.89251  ...        0.0        0  0.089835
7756   4.42995   3.86732   4.42995  ...        0.0        0  0.122284
7757   6.25511   5.54572   6.22585  ...        0.0        0  0.022190
7758   4.94280   4.31959   4.93372  ...        0.0        1  0.006706
7759  12.38418   6.85660  12.37540  ...        0.0        0  0.008352

[7760 rows x 13 columns]
Index(['LCD', 'PLD', 'LFPD', 'cm3_g', 'ASA_m2_cm3', 'ASA_m2_g', 'NASA_m2_cm3',
       'NASA_m2_g', 'AV_VF', 'AV_cm3_g', 'NAV_cm3_g', 'Has_OMS', 'Input'],
      dtype='object')
2025-09-28 06:28:21,429 | INFO | [Model] kind=cat | params={'iterations': 500, 'learning_rate': 0.05, 'depth': 8, 'loss_function': 'RMSE', 'random_seed': 3052, 'verbose': False}
2025-09-28 06:28:21,429 | INFO | [Holdout_trial001] Train=6208 | Test=1552
           LCD       PLD      LFPD  ...  NAV_cm3_g  Has_OMS     Input
0     10.85017   3.77263  10.26663  ...        0.0        0  0.005118
1     24.60642  13.03430  24.60642  ...        0.0        1  0.003168
2     24.38417  13.22222  24.38417  ...        0.0        1  0.003187
3     23.29182  13.11646  23.29182  ...        0.0        1  0.003023
4      6.16218   5.13230   5.87594  ...        0.0        1  0.001002
...        ...       ...       ...  ...        ...      ...       ...
7755   5.89251   3.41929   5.89251  ...        0.0        0  0.018200
7756   4.42995   3.86732   4.42995  ...        0.0        0  0.024938
7757   6.25511   5.54572   6.22585  ...        0.0        0  0.004375
7758   4.94280   4.31959   4.93372  ...        0.0        1  0.001440
7759  12.38418   6.85660  12.37540  ...        0.0        0  0.001854

[7760 rows x 13 columns]
Index(['LCD', 'PLD', 'LFPD', 'cm3_g', 'ASA_m2_cm3', 'ASA_m2_g', 'NASA_m2_cm3',
       'NASA_m2_g', 'AV_VF', 'AV_cm3_g', 'NAV_cm3_g', 'Has_OMS', 'Input'],
      dtype='object')
2025-09-28 06:28:21,482 | INFO | [Model] kind=cat | params={'iterations': 500, 'learning_rate': 0.05, 'depth': 8, 'loss_function': 'RMSE', 'random_seed': 3052, 'verbose': False}
2025-09-28 06:28:21,482 | INFO | [Holdout_trial001] Train=6208 | Test=1552
           LCD       PLD      LFPD  ...  NAV_cm3_g  Has_OMS     Input
0     10.85017   3.77263  10.26663  ...        0.0        0  0.025239
1     24.60642  13.03430  24.60642  ...        0.0        1  0.015691
2     24.38417  13.22222  24.38417  ...        0.0        1  0.016324
3     23.29182  13.11646  23.29182  ...        0.0        1  0.015726
4      6.16218   5.13230   5.87594  ...        0.0        1  0.004741
...        ...       ...       ...  ...        ...      ...       ...
7755   5.89251   3.41929   5.89251  ...        0.0        0  0.089835
7756   4.42995   3.86732   4.42995  ...        0.0        0  0.122284
7757   6.25511   5.54572   6.22585  ...        0.0        0  0.022190
7758   4.94280   4.31959   4.93372  ...        0.0        1  0.006706
7759  12.38418   6.85660  12.37540  ...        0.0        0  0.008352

[7760 rows x 13 columns]
Index(['LCD', 'PLD', 'LFPD', 'cm3_g', 'ASA_m2_cm3', 'ASA_m2_g', 'NASA_m2_cm3',
       'NASA_m2_g', 'AV_VF', 'AV_cm3_g', 'NAV_cm3_g', 'Has_OMS', 'Input'],
      dtype='object')
2025-09-28 06:28:21,611 | INFO | [Model] kind=cat | params={'iterations': 500, 'learning_rate': 0.05, 'depth': 8, 'loss_function': 'RMSE', 'random_seed': 3052, 'verbose': False}
2025-09-28 06:28:21,611 | INFO | [Holdout_trial001] Train=6208 | Test=1552
2025-09-28 06:28:21,718 | INFO | [Save] sampling scatter & histogram plots
2025-09-28 06:28:21,755 | INFO | [Save] sampling scatter & histogram plots
Running commands:  20%|█████████▏                                    | 6/30 [00:20<00:50,  2.09s/it]2025-09-28 06:28:21,793 | INFO | [Timing_trial004] fit_time=12.677s
2025-09-28 06:28:21,850 | INFO | [Timing_trial004] predict_time=0.037s
0       0.483106
2       0.313515
3       0.315277
26      0.405873
28      0.382050
          ...   
7733    0.105835
7735    0.126207
7742    0.408198
7745    0.207288
7750    0.290335
Name: Output, Length: 1552, dtype: float64 [0.45854103 0.31386137 0.31013383 ... 0.41853457 0.20749067 0.29245753] 




2025-09-28 06:28:21,854 | INFO | [Metrics_trial004] R2=0.994704 | MAE=0.005335 | RMSE=0.000067 | MAPE%=2.104
2025-09-28 06:28:21,860 | INFO | [Timing_trial004] fit_time=12.788s
2025-09-28 06:28:21,863 | INFO | [Timing_trial004] predict_time=0.003s
1       4.372880
3       4.438173
6       4.249690
21      2.178789
22      0.995108
          ...   
7734    4.474294
7737    1.200548
7743    2.864192
7749    2.166489
7751    2.250189
Name: Output, Length: 1552, dtype: float64 [4.178021   4.12299668 4.1962163  ... 3.10620525 2.17143368 2.39445514] 




2025-09-28 06:28:21,867 | INFO | [Metrics_trial004] R2=0.971415 | MAE=0.123039 | RMSE=0.030789 | MAPE%=4.891
2025-09-28 06:28:21,869 | INFO | [Save] predictions_holdout_trial004.csv
2025-09-28 06:28:21,871 | INFO | [Save] metrics_holdout_trial004.csv
2025-09-28 06:28:21,871 | INFO | [Save] feature_importances_holdout_trial004.csv
2025-09-28 06:28:21,871 | INFO | [Save] model_params_trial004.json
2025-09-28 06:28:21,871 | INFO | [Done] trial=4 | outputs at: try14_Ar273_and_313_re_LOWsensitivity/Ar_313_0.1_to_1__struct+input__qt_then_rd__cat_TRAIN_RATIO0.8_QTFRAC_0.8/trial_004
2025-09-28 06:28:21,882 | INFO | [Save] predictions_holdout_trial004.csv
2025-09-28 06:28:21,883 | INFO | [Save] metrics_holdout_trial004.csv
2025-09-28 06:28:21,884 | INFO | [Save] feature_importances_holdout_trial004.csv
2025-09-28 06:28:21,884 | INFO | [Save] model_params_trial004.json
           LCD       PLD      LFPD  ...  NAV_cm3_g  Has_OMS     Input
0     10.85017   3.77263  10.26663  ...        0.0        0  0.025239
1     24.60642  13.03430  24.60642  ...        0.0        1  0.015691
2     24.38417  13.22222  24.38417  ...        0.0        1  0.016324
3     23.29182  13.11646  23.29182  ...        0.0        1  0.015726
4      6.16218   5.13230   5.87594  ...        0.0        1  0.004741
...        ...       ...       ...  ...        ...      ...       ...
7755   5.89251   3.41929   5.89251  ...        0.0        0  0.089835
7756   4.42995   3.86732   4.42995  ...        0.0        0  0.122284
7757   6.25511   5.54572   6.22585  ...        0.0        0  0.022190
7758   4.94280   4.31959   4.93372  ...        0.0        1  0.006706
7759  12.38418   6.85660  12.37540  ...        0.0        0  0.008352

[7760 rows x 13 columns]
Index(['LCD', 'PLD', 'LFPD', 'cm3_g', 'ASA_m2_cm3', 'ASA_m2_g', 'NASA_m2_cm3',
       'NASA_m2_g', 'AV_VF', 'AV_cm3_g', 'NAV_cm3_g', 'Has_OMS', 'Input'],
      dtype='object')
2025-09-28 06:28:21,886 | INFO | [Model] kind=cat | params={'iterations': 500, 'learning_rate': 0.05, 'depth': 8, 'loss_function': 'RMSE', 'random_seed': 3052, 'verbose': False}
2025-09-28 06:28:21,886 | INFO | [Holdout_trial001] Train=6208 | Test=1552
Running commands:  23%|██████████▋                                   | 7/30 [00:20<00:36,  1.58s/it]2025-09-28 06:28:21,884 | INFO | [Done] trial=4 | outputs at: try14_Ar273_and_313_re_LOWsensitivity/Ar_313_0.01_to_15__struct+input__qt_then_rd__cat_TRAIN_RATIO0.8_QTFRAC_0.8/trial_004
2025-09-28 06:28:21,909 | INFO | [Timing_trial004] fit_time=12.838s
2025-09-28 06:28:21,912 | INFO | [Timing_trial004] predict_time=0.003s
1       0.311217
3       0.315277
6       0.394279
21      0.171261
22      0.100917
          ...   
7734    0.435725
7737    0.158163
7743    0.319707
7749    0.302955
7751    0.257848
Name: Output, Length: 1552, dtype: float64 [0.30305047 0.29743471 0.38481267 ... 0.32726106 0.31219222 0.25972017] 




2025-09-28 06:28:21,916 | INFO | [Metrics_trial004] R2=0.991751 | MAE=0.007439 | RMSE=0.000106 | MAPE%=2.932
2025-09-28 06:28:21,922 | INFO | [Timing_trial004] fit_time=12.761s
2025-09-28 06:28:21,927 | INFO | [Timing_trial004] predict_time=0.005s
2025-09-28 06:28:21,931 | INFO | [Save] predictions_holdout_trial004.csv
0       2.040043
2       1.531660
3       1.511265
26      1.453345
28      1.093434
          ...   
7729    1.569164
7731    1.071475
7738    1.450816
7741    0.653032
7744    1.196397
Name: Output, Length: 1552, dtype: float64 [1.85492902 1.50749719 1.47591881 ... 1.48957019 0.65944408 1.14462811] 




2025-09-28 06:28:21,931 | INFO | [Metrics_trial004] R2=0.982931 | MAE=0.036728 | RMSE=0.002909 | MAPE%=3.364
2025-09-28 06:28:21,932 | INFO | [Save] metrics_holdout_trial004.csv
2025-09-28 06:28:21,933 | INFO | [Save] feature_importances_holdout_trial004.csv
2025-09-28 06:28:21,933 | INFO | [Save] model_params_trial004.json
2025-09-28 06:28:21,946 | INFO | [Save] predictions_holdout_trial004.csv
2025-09-28 06:28:21,948 | INFO | [Save] metrics_holdout_trial004.csv
2025-09-28 06:28:21,955 | INFO | [Done] trial=4 | outputs at: try14_Ar273_and_313_re_LOWsensitivity/Ar_313_0.01_to_1__struct+input__qt_then_rd__cat_TRAIN_RATIO0.8_QTFRAC_0.8/trial_004
2025-09-28 06:28:21,959 | INFO | [Save] feature_importances_holdout_trial004.csv
2025-09-28 06:28:21,960 | INFO | [Save] model_params_trial004.json
2025-09-28 06:28:21,960 | INFO | [Done] trial=4 | outputs at: try14_Ar273_and_313_re_LOWsensitivity/Ar_313_0.05_to_5__struct+input__qt_then_rd__cat_TRAIN_RATIO0.8_QTFRAC_0.8/trial_004
           LCD       PLD      LFPD  ...  NAV_cm3_g  Has_OMS     Input
0     10.85017   3.77263  10.26663  ...        0.0        0  0.050200
1     24.60642  13.03430  24.60642  ...        0.0        1  0.030913
2     24.38417  13.22222  24.38417  ...        0.0        1  0.032289
3     23.29182  13.11646  23.29182  ...        0.0        1  0.031373
4      6.16218   5.13230   5.87594  ...        0.0        1  0.009552
...        ...       ...       ...  ...        ...      ...       ...
7755   5.89251   3.41929   5.89251  ...        0.0        0  0.172231
7756   4.42995   3.86732   4.42995  ...        0.0        0  0.230075
7757   6.25511   5.54572   6.22585  ...        0.0        0  0.044547
7758   4.94280   4.31959   4.93372  ...        0.0        1  0.013466
7759  12.38418   6.85660  12.37540  ...        0.0        0  0.016165

[7760 rows x 13 columns]
Index(['LCD', 'PLD', 'LFPD', 'cm3_g', 'ASA_m2_cm3', 'ASA_m2_g', 'NASA_m2_cm3',
       'NASA_m2_g', 'AV_VF', 'AV_cm3_g', 'NAV_cm3_g', 'Has_OMS', 'Input'],
      dtype='object')
2025-09-28 06:28:21,962 | INFO | [Model] kind=cat | params={'iterations': 500, 'learning_rate': 0.05, 'depth': 8, 'loss_function': 'RMSE', 'random_seed': 3052, 'verbose': False}
2025-09-28 06:28:21,962 | INFO | [Holdout_trial001] Train=6208 | Test=1552
2025-09-28 06:28:21,986 | INFO | [Timing_trial004] fit_time=12.853s
2025-09-28 06:28:21,989 | INFO | [Timing_trial004] predict_time=0.003s
0       2.040043
2       1.531660
4       0.440603
26      1.453345
28      1.093434
          ...   
7730    1.135322
7732    1.252233
7740    1.061976
7743    1.321119
7746    1.242084
Name: Output, Length: 1552, dtype: float64 [1.8799634  1.51463764 0.45782016 ... 1.27558699 1.38614335 1.21045482] 




2025-09-28 06:28:21,993 | INFO | [Metrics_trial004] R2=0.980759 | MAE=0.036936 | RMSE=0.003595 | MAPE%=3.347
2025-09-28 06:28:22,019 | INFO | [Save] predictions_holdout_trial004.csv
2025-09-28 06:28:22,020 | INFO | [Save] metrics_holdout_trial004.csv
2025-09-28 06:28:22,021 | INFO | [Save] feature_importances_holdout_trial004.csv
2025-09-28 06:28:22,021 | INFO | [Save] model_params_trial004.json
2025-09-28 06:28:22,021 | INFO | [Done] trial=4 | outputs at: try14_Ar273_and_313_re_LOWsensitivity/Ar_313_Henry_to_5__struct+input__qt_then_rd__cat_TRAIN_RATIO0.8_QTFRAC_0.8/trial_004
Running commands:  30%|█████████████▊                                | 9/30 [00:20<00:19,  1.07it/s]2025-09-28 06:28:22,114 | INFO | [Save] sampling scatter & histogram plots
Running commands:  33%|███████████████                              | 10/30 [00:20<00:14,  1.34it/s]2025-09-28 06:28:22,280 | INFO | [Save] sampling scatter & histogram plots
           LCD       PLD      LFPD  ...  NAV_cm3_g  Has_OMS     Input
0     10.85017   3.77263  10.26663  ...        0.0        0  0.050200
1     24.60642  13.03430  24.60642  ...        0.0        1  0.030913
2     24.38417  13.22222  24.38417  ...        0.0        1  0.032289
3     23.29182  13.11646  23.29182  ...        0.0        1  0.031373
4      6.16218   5.13230   5.87594  ...        0.0        1  0.009552
...        ...       ...       ...  ...        ...      ...       ...
7755   5.89251   3.41929   5.89251  ...        0.0        0  0.172231
7756   4.42995   3.86732   4.42995  ...        0.0        0  0.230075
7757   6.25511   5.54572   6.22585  ...        0.0        0  0.044547
7758   4.94280   4.31959   4.93372  ...        0.0        1  0.013466
7759  12.38418   6.85660  12.37540  ...        0.0        0  0.016165

[7760 rows x 13 columns]
Index(['LCD', 'PLD', 'LFPD', 'cm3_g', 'ASA_m2_cm3', 'ASA_m2_g', 'NASA_m2_cm3',
       'NASA_m2_g', 'AV_VF', 'AV_cm3_g', 'NAV_cm3_g', 'Has_OMS', 'Input'],
      dtype='object')
2025-09-28 06:28:22,312 | INFO | [Model] kind=cat | params={'iterations': 500, 'learning_rate': 0.05, 'depth': 8, 'loss_function': 'RMSE', 'random_seed': 3052, 'verbose': False}
2025-09-28 06:28:22,312 | INFO | [Holdout_trial001] Train=6208 | Test=1552
           LCD       PLD      LFPD  ...  NAV_cm3_g  Has_OMS     Input
0     10.85017   3.77263  10.26663  ...        0.0        0  0.050200
1     24.60642  13.03430  24.60642  ...        0.0        1  0.030913
2     24.38417  13.22222  24.38417  ...        0.0        1  0.032289
3     23.29182  13.11646  23.29182  ...        0.0        1  0.031373
4      6.16218   5.13230   5.87594  ...        0.0        1  0.009552
...        ...       ...       ...  ...        ...      ...       ...
7755   5.89251   3.41929   5.89251  ...        0.0        0  0.172231
7756   4.42995   3.86732   4.42995  ...        0.0        0  0.230075
7757   6.25511   5.54572   6.22585  ...        0.0        0  0.044547
7758   4.94280   4.31959   4.93372  ...        0.0        1  0.013466
7759  12.38418   6.85660  12.37540  ...        0.0        0  0.016165

[7760 rows x 13 columns]
Index(['LCD', 'PLD', 'LFPD', 'cm3_g', 'ASA_m2_cm3', 'ASA_m2_g', 'NASA_m2_cm3',
       'NASA_m2_g', 'AV_VF', 'AV_cm3_g', 'NAV_cm3_g', 'Has_OMS', 'Input'],
      dtype='object')
2025-09-28 06:28:22,474 | INFO | [Model] kind=cat | params={'iterations': 500, 'learning_rate': 0.05, 'depth': 8, 'loss_function': 'RMSE', 'random_seed': 3052, 'verbose': False}
2025-09-28 06:28:22,474 | INFO | [Holdout_trial001] Train=6208 | Test=1552
2025-09-28 06:28:22,530 | INFO | [Save] sampling scatter & histogram plots
2025-09-28 06:28:22,724 | INFO | [Save] sampling scatter & histogram plots
           LCD       PLD      LFPD  ...  NAV_cm3_g  Has_OMS     Input
0     10.85017   3.77263  10.26663  ...        0.0        0  0.247012
1     24.60642  13.03430  24.60642  ...        0.0        1  0.154237
2     24.38417  13.22222  24.38417  ...        0.0        1  0.159598
3     23.29182  13.11646  23.29182  ...        0.0        1  0.156731
4      6.16218   5.13230   5.87594  ...        0.0        1  0.047922
...        ...       ...       ...  ...        ...      ...       ...
7755   5.89251   3.41929   5.89251  ...        0.0        0  0.700145
7756   4.42995   3.86732   4.42995  ...        0.0        0  0.921799
7757   6.25511   5.54572   6.22585  ...        0.0        0  0.220564
7758   4.94280   4.31959   4.93372  ...        0.0        1  0.067246
7759  12.38418   6.85660  12.37540  ...        0.0        0  0.081035

[7760 rows x 13 columns]
Index(['LCD', 'PLD', 'LFPD', 'cm3_g', 'ASA_m2_cm3', 'ASA_m2_g', 'NASA_m2_cm3',
       'NASA_m2_g', 'AV_VF', 'AV_cm3_g', 'NAV_cm3_g', 'Has_OMS', 'Input'],
      dtype='object')
2025-09-28 06:28:22,737 | INFO | [Model] kind=cat | params={'iterations': 500, 'learning_rate': 0.05, 'depth': 8, 'loss_function': 'RMSE', 'random_seed': 3052, 'verbose': False}
2025-09-28 06:28:22,737 | INFO | [Holdout_trial001] Train=6208 | Test=1552
2025-09-28 06:28:22,771 | INFO | [Save] sampling scatter & histogram plots
Running commands:   3%|█▌                                            | 1/30 [00:19<09:26, 19.54s/it]           LCD       PLD      LFPD  ...  NAV_cm3_g  Has_OMS     Input
0     10.85017   3.77263  10.26663  ...        0.0        0  0.247012
1     24.60642  13.03430  24.60642  ...        0.0        1  0.154237
2     24.38417  13.22222  24.38417  ...        0.0        1  0.159598
3     23.29182  13.11646  23.29182  ...        0.0        1  0.156731
4      6.16218   5.13230   5.87594  ...        0.0        1  0.047922
...        ...       ...       ...  ...        ...      ...       ...
7755   5.89251   3.41929   5.89251  ...        0.0        0  0.700145
7756   4.42995   3.86732   4.42995  ...        0.0        0  0.921799
7757   6.25511   5.54572   6.22585  ...        0.0        0  0.220564
7758   4.94280   4.31959   4.93372  ...        0.0        1  0.067246
7759  12.38418   6.85660  12.37540  ...        0.0        0  0.081035

[7760 rows x 13 columns]
Index(['LCD', 'PLD', 'LFPD', 'cm3_g', 'ASA_m2_cm3', 'ASA_m2_g', 'NASA_m2_cm3',
       'NASA_m2_g', 'AV_VF', 'AV_cm3_g', 'NAV_cm3_g', 'Has_OMS', 'Input'],
      dtype='object')
2025-09-28 06:28:22,924 | INFO | [Model] kind=cat | params={'iterations': 500, 'learning_rate': 0.05, 'depth': 8, 'loss_function': 'RMSE', 'random_seed': 3052, 'verbose': False}
2025-09-28 06:28:22,924 | INFO | [Holdout_trial001] Train=6208 | Test=1552
Running commands:  13%|██████▏                                       | 4/30 [00:19<01:36,  3.72s/it]           LCD       PLD      LFPD  ...  NAV_cm3_g  Has_OMS     Input
0     10.85017   3.77263  10.26663  ...        0.0        0  0.247012
1     24.60642  13.03430  24.60642  ...        0.0        1  0.154237
2     24.38417  13.22222  24.38417  ...        0.0        1  0.159598
3     23.29182  13.11646  23.29182  ...        0.0        1  0.156731
4      6.16218   5.13230   5.87594  ...        0.0        1  0.047922
...        ...       ...       ...  ...        ...      ...       ...
7755   5.89251   3.41929   5.89251  ...        0.0        0  0.700145
7756   4.42995   3.86732   4.42995  ...        0.0        0  0.921799
7757   6.25511   5.54572   6.22585  ...        0.0        0  0.220564
7758   4.94280   4.31959   4.93372  ...        0.0        1  0.067246
7759  12.38418   6.85660  12.37540  ...        0.0        0  0.081035

[7760 rows x 13 columns]
Index(['LCD', 'PLD', 'LFPD', 'cm3_g', 'ASA_m2_cm3', 'ASA_m2_g', 'NASA_m2_cm3',
       'NASA_m2_g', 'AV_VF', 'AV_cm3_g', 'NAV_cm3_g', 'Has_OMS', 'Input'],
      dtype='object')
2025-09-28 06:28:22,978 | INFO | [Model] kind=cat | params={'iterations': 500, 'learning_rate': 0.05, 'depth': 8, 'loss_function': 'RMSE', 'random_seed': 3052, 'verbose': False}
2025-09-28 06:28:22,978 | INFO | [Holdout_trial001] Train=6208 | Test=1552
Removed 8 rows from mis_lis
2025-09-28 06:28:23,035 | INFO | [Data] Loaded: ../Data_collect/DataSet_PLDSCREENED_2/Ar_313K/Ar_313K_Ar_313K_0.1_to_Ar_313K_5_dataset.csv | rows=7760 | cols=15
2025-09-28 06:28:23,035 | INFO | [Features] Using 13 features: ['LCD', 'PLD', 'LFPD', 'cm3_g', 'ASA_m2_cm3', 'ASA_m2_g', 'NASA_m2_cm3', 'NASA_m2_g', 'AV_VF', 'AV_cm3_g', 'NAV_cm3_g', 'Has_OMS', 'Input']
Removed 8 rows from mis_lis
2025-09-28 06:28:23,061 | INFO | [Data] Loaded: ../Data_collect/DataSet_PLDSCREENED_2/Ar_313K/Ar_313K_Ar_313K_0.1_to_Ar_313K_15_dataset.csv | rows=7760 | cols=15
2025-09-28 06:28:23,062 | INFO | [Features] Using 13 features: ['LCD', 'PLD', 'LFPD', 'cm3_g', 'ASA_m2_cm3', 'ASA_m2_g', 'NASA_m2_cm3', 'NASA_m2_g', 'AV_VF', 'AV_cm3_g', 'NAV_cm3_g', 'Has_OMS', 'Input']
                                filename       LCD  ...     Input    Output
0  1499489-acs.cgd.6b01265_1499490_clean  10.85017  ...  0.050200  2.040043
1                           ACOCOM_clean  24.60642  ...  0.030913  1.479258
2                           ACOCUS_clean  24.38417  ...  0.032289  1.531660
3                           ACODAZ_clean  23.29182  ...  0.031373  1.511265
4    acs.cgd.5b01554_VAGNUP1452791_clean   6.16218  ...  0.009552  0.440603

[5 rows x 15 columns]
2025-09-28 06:28:23,069 | INFO | [Preprocess] Drop NaN rows (FEATURES+TARGET): 7760 -> 7760
                                filename       LCD  ...     Input    Output
0  1499489-acs.cgd.6b01265_1499490_clean  10.85017  ...  0.050200  4.484627
1                           ACOCOM_clean  24.60642  ...  0.030913  4.372880
2                           ACOCUS_clean  24.38417  ...  0.032289  4.483099
3                           ACODAZ_clean  23.29182  ...  0.031373  4.438173
4    acs.cgd.5b01554_VAGNUP1452791_clean   6.16218  ...  0.009552  1.198039

[5 rows x 15 columns]
2025-09-28 06:28:23,095 | INFO | [Preprocess] Drop NaN rows (FEATURES+TARGET): 7760 -> 7760
           LCD       PLD      LFPD  ...  NAV_cm3_g  Has_OMS     Input
0     10.85017   3.77263  10.26663  ...        0.0        0  0.050200
1     24.60642  13.03430  24.60642  ...        0.0        1  0.030913
2     24.38417  13.22222  24.38417  ...        0.0        1  0.032289
3     23.29182  13.11646  23.29182  ...        0.0        1  0.031373
4      6.16218   5.13230   5.87594  ...        0.0        1  0.009552
...        ...       ...       ...  ...        ...      ...       ...
7755   5.89251   3.41929   5.89251  ...        0.0        0  0.172231
7756   4.42995   3.86732   4.42995  ...        0.0        0  0.230075
7757   6.25511   5.54572   6.22585  ...        0.0        0  0.044547
7758   4.94280   4.31959   4.93372  ...        0.0        1  0.013466
7759  12.38418   6.85660  12.37540  ...        0.0        0  0.016165

[7760 rows x 13 columns]
2025-09-28 06:28:23,104 | INFO | [Seeds] trial=2 | seeds={'seed': 54, 'seed_qt': 2052, 'seed_rd': 4052, 'model_seed': 6052}
           LCD       PLD      LFPD  ...  NAV_cm3_g  Has_OMS     Input
0     10.85017   3.77263  10.26663  ...        0.0        0  0.050200
1     24.60642  13.03430  24.60642  ...        0.0        1  0.030913
2     24.38417  13.22222  24.38417  ...        0.0        1  0.032289
3     23.29182  13.11646  23.29182  ...        0.0        1  0.031373
4      6.16218   5.13230   5.87594  ...        0.0        1  0.009552
...        ...       ...       ...  ...        ...      ...       ...
7755   5.89251   3.41929   5.89251  ...        0.0        0  0.172231
7756   4.42995   3.86732   4.42995  ...        0.0        0  0.230075
7757   6.25511   5.54572   6.22585  ...        0.0        0  0.044547
7758   4.94280   4.31959   4.93372  ...        0.0        1  0.013466
7759  12.38418   6.85660  12.37540  ...        0.0        0  0.016165

[7760 rows x 13 columns]
2025-09-28 06:28:23,128 | INFO | [Seeds] trial=2 | seeds={'seed': 54, 'seed_qt': 2052, 'seed_rd': 4052, 'model_seed': 6052}
Removed 8 rows from mis_lis
2025-09-28 06:28:23,295 | INFO | [Data] Loaded: ../Data_collect/DataSet_PLDSCREENED_2/Ar_313K/Ar_313K_Ar_313K_0.5_to_Ar_313K_1_dataset.csv | rows=7760 | cols=15
2025-09-28 06:28:23,296 | INFO | [Features] Using 13 features: ['LCD', 'PLD', 'LFPD', 'cm3_g', 'ASA_m2_cm3', 'ASA_m2_g', 'NASA_m2_cm3', 'NASA_m2_g', 'AV_VF', 'AV_cm3_g', 'NAV_cm3_g', 'Has_OMS', 'Input']
[-1.29929287 -1.5098575  -1.49094846 ... -1.35118275 -1.87077497
 -1.79143316]
200






[-1.29929287 -1.5098575  -1.49094846 ... -1.35118275 -1.87077497
 -1.79143316]
-3.202230713008698 0.5629130728964408
200





2025-09-28 06:28:23,297 | INFO | [S3 QT→RD] train(qt)=3104, train(rd)=3104, test=1552 (train_ratio=0.80, qt_frac_total=0.40, shift=0.000e+00)
[-1.29929287 -1.5098575  -1.49094846 ... -1.35118275 -1.87077497
 -1.79143316]
200






[-1.29929287 -1.5098575  -1.49094846 ... -1.35118275 -1.87077497
 -1.79143316]
-3.202230713008698 0.5629130728964408
200





2025-09-28 06:28:23,322 | INFO | [S3 QT→RD] train(qt)=3104, train(rd)=3104, test=1552 (train_ratio=0.80, qt_frac_total=0.40, shift=0.000e+00)
                                filename       LCD  ...     Input    Output
0  1499489-acs.cgd.6b01265_1499490_clean  10.85017  ...  0.247012  0.483106
1                           ACOCOM_clean  24.60642  ...  0.154237  0.311217
2                           ACOCUS_clean  24.38417  ...  0.159598  0.313515
3                           ACODAZ_clean  23.29182  ...  0.156731  0.315277
4    acs.cgd.5b01554_VAGNUP1452791_clean   6.16218  ...  0.047922  0.095646

[5 rows x 15 columns]
2025-09-28 06:28:23,329 | INFO | [Preprocess] Drop NaN rows (FEATURES+TARGET): 7760 -> 7760
           LCD       PLD      LFPD  ...  NAV_cm3_g  Has_OMS     Input
0     10.85017   3.77263  10.26663  ...        0.0        0  0.247012
1     24.60642  13.03430  24.60642  ...        0.0        1  0.154237
2     24.38417  13.22222  24.38417  ...        0.0        1  0.159598
3     23.29182  13.11646  23.29182  ...        0.0        1  0.156731
4      6.16218   5.13230   5.87594  ...        0.0        1  0.047922
...        ...       ...       ...  ...        ...      ...       ...
7755   5.89251   3.41929   5.89251  ...        0.0        0  0.700145
7756   4.42995   3.86732   4.42995  ...        0.0        0  0.921799
7757   6.25511   5.54572   6.22585  ...        0.0        0  0.220564
7758   4.94280   4.31959   4.93372  ...        0.0        1  0.067246
7759  12.38418   6.85660  12.37540  ...        0.0        0  0.081035

[7760 rows x 13 columns]
2025-09-28 06:28:23,362 | INFO | [Seeds] trial=2 | seeds={'seed': 54, 'seed_qt': 2052, 'seed_rd': 4052, 'model_seed': 6052}
Removed 8 rows from mis_lis
2025-09-28 06:28:23,482 | INFO | [Data] Loaded: ../Data_collect/DataSet_PLDSCREENED_2/Ar_313K/Ar_313K_Ar_313K_0.5_to_Ar_313K_5_dataset.csv | rows=7760 | cols=15
2025-09-28 06:28:23,483 | INFO | [Features] Using 13 features: ['LCD', 'PLD', 'LFPD', 'cm3_g', 'ASA_m2_cm3', 'ASA_m2_g', 'NASA_m2_cm3', 'NASA_m2_g', 'AV_VF', 'AV_cm3_g', 'NAV_cm3_g', 'Has_OMS', 'Input']
                                filename       LCD  ...     Input    Output
0  1499489-acs.cgd.6b01265_1499490_clean  10.85017  ...  0.247012  2.040043
1                           ACOCOM_clean  24.60642  ...  0.154237  1.479258
2                           ACOCUS_clean  24.38417  ...  0.159598  1.531660
3                           ACODAZ_clean  23.29182  ...  0.156731  1.511265
4    acs.cgd.5b01554_VAGNUP1452791_clean   6.16218  ...  0.047922  0.440603

[5 rows x 15 columns]
2025-09-28 06:28:23,516 | INFO | [Preprocess] Drop NaN rows (FEATURES+TARGET): 7760 -> 7760
Removed 8 rows from mis_lis
2025-09-28 06:28:23,537 | INFO | [Data] Loaded: ../Data_collect/DataSet_PLDSCREENED_2/Ar_313K/Ar_313K_Ar_313K_0.5_to_Ar_313K_15_dataset.csv | rows=7760 | cols=15
2025-09-28 06:28:23,538 | INFO | [Features] Using 13 features: ['LCD', 'PLD', 'LFPD', 'cm3_g', 'ASA_m2_cm3', 'ASA_m2_g', 'NASA_m2_cm3', 'NASA_m2_g', 'AV_VF', 'AV_cm3_g', 'NAV_cm3_g', 'Has_OMS', 'Input']
           LCD       PLD      LFPD  ...  NAV_cm3_g  Has_OMS     Input
0     10.85017   3.77263  10.26663  ...        0.0        0  0.247012
1     24.60642  13.03430  24.60642  ...        0.0        1  0.154237
2     24.38417  13.22222  24.38417  ...        0.0        1  0.159598
3     23.29182  13.11646  23.29182  ...        0.0        1  0.156731
4      6.16218   5.13230   5.87594  ...        0.0        1  0.047922
...        ...       ...       ...  ...        ...      ...       ...
7755   5.89251   3.41929   5.89251  ...        0.0        0  0.700145
7756   4.42995   3.86732   4.42995  ...        0.0        0  0.921799
7757   6.25511   5.54572   6.22585  ...        0.0        0  0.220564
7758   4.94280   4.31959   4.93372  ...        0.0        1  0.067246
7759  12.38418   6.85660  12.37540  ...        0.0        0  0.081035

[7760 rows x 13 columns]
2025-09-28 06:28:23,550 | INFO | [Seeds] trial=2 | seeds={'seed': 54, 'seed_qt': 2052, 'seed_rd': 4052, 'model_seed': 6052}
[-0.60728116 -0.81181152 -0.79697294 ... -0.65646474 -1.1723316
 -1.09132692]
200






[-0.60728116 -0.81181152 -0.79697294 ... -0.65646474 -1.1723316
 -1.09132692]
-2.504857063846332 0.5790191669229403
200





2025-09-28 06:28:23,555 | INFO | [S3 QT→RD] train(qt)=3104, train(rd)=3104, test=1552 (train_ratio=0.80, qt_frac_total=0.40, shift=0.000e+00)
                                filename       LCD  ...     Input    Output
0  1499489-acs.cgd.6b01265_1499490_clean  10.85017  ...  0.247012  4.484627
1                           ACOCOM_clean  24.60642  ...  0.154237  4.372880
2                           ACOCUS_clean  24.38417  ...  0.159598  4.483099
3                           ACODAZ_clean  23.29182  ...  0.156731  4.438173
4    acs.cgd.5b01554_VAGNUP1452791_clean   6.16218  ...  0.047922  1.198039

[5 rows x 15 columns]
2025-09-28 06:28:23,572 | INFO | [Preprocess] Drop NaN rows (FEATURES+TARGET): 7760 -> 7760
           LCD       PLD      LFPD  ...  NAV_cm3_g  Has_OMS     Input
0     10.85017   3.77263  10.26663  ...        0.0        0  0.247012
1     24.60642  13.03430  24.60642  ...        0.0        1  0.154237
2     24.38417  13.22222  24.38417  ...        0.0        1  0.159598
3     23.29182  13.11646  23.29182  ...        0.0        1  0.156731
4      6.16218   5.13230   5.87594  ...        0.0        1  0.047922
...        ...       ...       ...  ...        ...      ...       ...
7755   5.89251   3.41929   5.89251  ...        0.0        0  0.700145
7756   4.42995   3.86732   4.42995  ...        0.0        0  0.921799
7757   6.25511   5.54572   6.22585  ...        0.0        0  0.220564
7758   4.94280   4.31959   4.93372  ...        0.0        1  0.067246
7759  12.38418   6.85660  12.37540  ...        0.0        0  0.081035

[7760 rows x 13 columns]
2025-09-28 06:28:23,605 | INFO | [Seeds] trial=2 | seeds={'seed': 54, 'seed_qt': 2052, 'seed_rd': 4052, 'model_seed': 6052}
[-0.60728116 -0.81181152 -0.79697294 ... -0.65646474 -1.1723316
 -1.09132692]
200






[-0.60728116 -0.81181152 -0.79697294 ... -0.65646474 -1.1723316
 -1.09132692]
-2.504857063846332 0.5790191669229403
200





2025-09-28 06:28:23,743 | INFO | [S3 QT→RD] train(qt)=3104, train(rd)=3104, test=1552 (train_ratio=0.80, qt_frac_total=0.40, shift=0.000e+00)
[-0.60728116 -0.81181152 -0.79697294 ... -0.65646474 -1.1723316
 -1.09132692]
200






[-0.60728116 -0.81181152 -0.79697294 ... -0.65646474 -1.1723316
 -1.09132692]
-2.504857063846332 0.5790191669229403
200





2025-09-28 06:28:23,793 | INFO | [S3 QT→RD] train(qt)=3104, train(rd)=3104, test=1552 (train_ratio=0.80, qt_frac_total=0.40, shift=0.000e+00)
2025-09-28 06:28:24,025 | INFO | [Timing_trial004] fit_time=14.134s
2025-09-28 06:28:24,028 | INFO | [Timing_trial004] fit_time=14.253s
2025-09-28 06:28:24,037 | INFO | [Timing_trial004] fit_time=14.215s
2025-09-28 06:28:24,039 | INFO | [Timing_trial004] predict_time=0.014s
0       0.483106
2       0.313515
3       0.315277
26      0.405873
28      0.382050
          ...   
7729    0.366484
7731    0.251254
7738    0.341141
7741    0.140035
7744    0.274576
Name: Output, Length: 1552, dtype: float64 [0.45748349 0.31527583 0.30967193 ... 0.34826342 0.14582251 0.26776032] 




2025-09-28 06:28:24,045 | INFO | [Metrics_trial004] R2=0.995063 | MAE=0.005591 | RMSE=0.000057 | MAPE%=2.261
2025-09-28 06:28:24,052 | INFO | [Timing_trial004] predict_time=0.014s
2025-09-28 06:28:24,052 | INFO | [Timing_trial004] predict_time=0.024s
0       4.484627
2       4.483099
3       4.438173
26      2.629474
28      1.536339
          ...   
7729    3.784260
7731    2.492850
7738    3.298595
7741    1.719420
7744    2.794891
Name: Output, Length: 1552, dtype: float64 [4.10248032 4.3150307  4.24486968 ... 3.39644548 1.84572666 2.61030313] 




2025-09-28 06:28:24,057 | INFO | [Metrics_trial004] R2=0.971436 | MAE=0.117459 | RMSE=0.028024 | MAPE%=4.780
0       0.483106
2       0.313515
4       0.095646
26      0.405873
28      0.382050
          ...   
7730    0.273745
7732    0.302233
7740    0.305551
7743    0.319707
7746    0.268436
Name: Output, Length: 1552, dtype: float64 [0.458931   0.31206479 0.10011242 ... 0.32663279 0.32854859 0.27133698] 




2025-09-28 06:28:24,058 | INFO | [Metrics_trial004] R2=0.994639 | MAE=0.004934 | RMSE=0.000066 | MAPE%=1.938
2025-09-28 06:28:24,061 | INFO | [Save] predictions_holdout_trial004.csv
2025-09-28 06:28:24,074 | INFO | [Save] metrics_holdout_trial004.csv
2025-09-28 06:28:24,075 | INFO | [Save] feature_importances_holdout_trial004.csv
2025-09-28 06:28:24,075 | INFO | [Save] model_params_trial004.json
2025-09-28 06:28:24,075 | INFO | [Done] trial=4 | outputs at: try14_Ar273_and_313_re_LOWsensitivity/Ar_313_0.05_to_1__struct+input__qt_then_rd__cat_TRAIN_RATIO0.8_QTFRAC_0.8/trial_004
2025-09-28 06:28:24,081 | INFO | [Save] predictions_holdout_trial004.csv
2025-09-28 06:28:24,082 | INFO | [Save] metrics_holdout_trial004.csv
2025-09-28 06:28:24,083 | INFO | [Save] feature_importances_holdout_trial004.csv
2025-09-28 06:28:24,083 | INFO | [Save] model_params_trial004.json
2025-09-28 06:28:24,083 | INFO | [Done] trial=4 | outputs at: try14_Ar273_and_313_re_LOWsensitivity/Ar_313_0.05_to_15__struct+input__qt_then_rd__cat_TRAIN_RATIO0.8_QTFRAC_0.8/trial_004
2025-09-28 06:28:24,085 | INFO | [Save] predictions_holdout_trial004.csv
2025-09-28 06:28:24,086 | INFO | [Save] metrics_holdout_trial004.csv
2025-09-28 06:28:24,087 | INFO | [Save] feature_importances_holdout_trial004.csv
2025-09-28 06:28:24,087 | INFO | [Save] model_params_trial004.json
2025-09-28 06:28:24,087 | INFO | [Done] trial=4 | outputs at: try14_Ar273_and_313_re_LOWsensitivity/Ar_313_Henry_to_1__struct+input__qt_then_rd__cat_TRAIN_RATIO0.8_QTFRAC_0.8/trial_004
2025-09-28 06:28:24,118 | INFO | [Timing_trial004] fit_time=14.309s
2025-09-28 06:28:24,143 | INFO | [Timing_trial004] predict_time=0.025s
0       4.484627
2       4.483099
4       1.198039
26      2.629474
28      1.536339
          ...   
7730    2.556257
7732    2.751453
7740    2.187709
7743    2.864192
7746    3.391430
Name: Output, Length: 1552, dtype: float64 [4.34377229 4.32098283 1.23880978 ... 2.77052592 3.06203418 3.16087487] 




2025-09-28 06:28:24,149 | INFO | [Metrics_trial004] R2=0.972283 | MAE=0.114293 | RMSE=0.028706 | MAPE%=4.685
2025-09-28 06:28:24,156 | INFO | [Timing_trial004] fit_time=14.340s
2025-09-28 06:28:24,165 | INFO | [Save] predictions_holdout_trial004.csv
2025-09-28 06:28:24,166 | INFO | [Save] metrics_holdout_trial004.csv
2025-09-28 06:28:24,167 | INFO | [Save] feature_importances_holdout_trial004.csv
2025-09-28 06:28:24,167 | INFO | [Save] model_params_trial004.json
2025-09-28 06:28:24,167 | INFO | [Done] trial=4 | outputs at: try14_Ar273_and_313_re_LOWsensitivity/Ar_313_Henry_to_15__struct+input__qt_then_rd__cat_TRAIN_RATIO0.8_QTFRAC_0.8/trial_004
2025-09-28 06:28:24,181 | INFO | [Timing_trial004] predict_time=0.025s
1       1.479258
3       1.511265
6       1.730242
21      0.808741
22      0.432908
          ...   
7734    1.914888
7737    0.602122
7743    1.321119
7749    1.123623
7751    1.034491
Name: Output, Length: 1552, dtype: float64 [1.47183346 1.43093756 1.68320362 ... 1.39633893 1.12050032 1.0907609 ] 




2025-09-28 06:28:24,187 | INFO | [Metrics_trial004] R2=0.977608 | MAE=0.043729 | RMSE=0.004328 | MAPE%=3.885
2025-09-28 06:28:24,203 | INFO | [Save] predictions_holdout_trial004.csv
2025-09-28 06:28:24,204 | INFO | [Save] metrics_holdout_trial004.csv
2025-09-28 06:28:24,205 | INFO | [Save] feature_importances_holdout_trial004.csv
2025-09-28 06:28:24,205 | INFO | [Save] model_params_trial004.json
2025-09-28 06:28:24,205 | INFO | [Done] trial=4 | outputs at: try14_Ar273_and_313_re_LOWsensitivity/Ar_313_0.01_to_5__struct+input__qt_then_rd__cat_TRAIN_RATIO0.8_QTFRAC_0.8/trial_004
2025-09-28 06:28:24,902 | INFO | [Save] sampling scatter & histogram plots
2025-09-28 06:28:24,931 | INFO | [Save] sampling scatter & histogram plots
           LCD       PLD      LFPD  ...  NAV_cm3_g  Has_OMS     Input
0     10.85017   3.77263  10.26663  ...        0.0        0  0.050200
1     24.60642  13.03430  24.60642  ...        0.0        1  0.030913
2     24.38417  13.22222  24.38417  ...        0.0        1  0.032289
3     23.29182  13.11646  23.29182  ...        0.0        1  0.031373
4      6.16218   5.13230   5.87594  ...        0.0        1  0.009552
...        ...       ...       ...  ...        ...      ...       ...
7755   5.89251   3.41929   5.89251  ...        0.0        0  0.172231
7756   4.42995   3.86732   4.42995  ...        0.0        0  0.230075
7757   6.25511   5.54572   6.22585  ...        0.0        0  0.044547
7758   4.94280   4.31959   4.93372  ...        0.0        1  0.013466
7759  12.38418   6.85660  12.37540  ...        0.0        0  0.016165

[7760 rows x 13 columns]
Index(['LCD', 'PLD', 'LFPD', 'cm3_g', 'ASA_m2_cm3', 'ASA_m2_g', 'NASA_m2_cm3',
       'NASA_m2_g', 'AV_VF', 'AV_cm3_g', 'NAV_cm3_g', 'Has_OMS', 'Input'],
      dtype='object')
2025-09-28 06:28:25,101 | INFO | [Model] kind=cat | params={'iterations': 500, 'learning_rate': 0.05, 'depth': 8, 'loss_function': 'RMSE', 'random_seed': 6052, 'verbose': False}
2025-09-28 06:28:25,101 | INFO | [Holdout_trial002] Train=6208 | Test=1552
           LCD       PLD      LFPD  ...  NAV_cm3_g  Has_OMS     Input
0     10.85017   3.77263  10.26663  ...        0.0        0  0.050200
1     24.60642  13.03430  24.60642  ...        0.0        1  0.030913
2     24.38417  13.22222  24.38417  ...        0.0        1  0.032289
3     23.29182  13.11646  23.29182  ...        0.0        1  0.031373
4      6.16218   5.13230   5.87594  ...        0.0        1  0.009552
...        ...       ...       ...  ...        ...      ...       ...
7755   5.89251   3.41929   5.89251  ...        0.0        0  0.172231
7756   4.42995   3.86732   4.42995  ...        0.0        0  0.230075
7757   6.25511   5.54572   6.22585  ...        0.0        0  0.044547
7758   4.94280   4.31959   4.93372  ...        0.0        1  0.013466
7759  12.38418   6.85660  12.37540  ...        0.0        0  0.016165

[7760 rows x 13 columns]
Index(['LCD', 'PLD', 'LFPD', 'cm3_g', 'ASA_m2_cm3', 'ASA_m2_g', 'NASA_m2_cm3',
       'NASA_m2_g', 'AV_VF', 'AV_cm3_g', 'NAV_cm3_g', 'Has_OMS', 'Input'],
      dtype='object')
2025-09-28 06:28:25,120 | INFO | [Model] kind=cat | params={'iterations': 500, 'learning_rate': 0.05, 'depth': 8, 'loss_function': 'RMSE', 'random_seed': 6052, 'verbose': False}
2025-09-28 06:28:25,120 | INFO | [Holdout_trial002] Train=6208 | Test=1552
2025-09-28 06:28:25,166 | INFO | [Save] sampling scatter & histogram plots
           LCD       PLD      LFPD  ...  NAV_cm3_g  Has_OMS     Input
0     10.85017   3.77263  10.26663  ...        0.0        0  0.247012
1     24.60642  13.03430  24.60642  ...        0.0        1  0.154237
2     24.38417  13.22222  24.38417  ...        0.0        1  0.159598
3     23.29182  13.11646  23.29182  ...        0.0        1  0.156731
4      6.16218   5.13230   5.87594  ...        0.0        1  0.047922
...        ...       ...       ...  ...        ...      ...       ...
7755   5.89251   3.41929   5.89251  ...        0.0        0  0.700145
7756   4.42995   3.86732   4.42995  ...        0.0        0  0.921799
7757   6.25511   5.54572   6.22585  ...        0.0        0  0.220564
7758   4.94280   4.31959   4.93372  ...        0.0        1  0.067246
7759  12.38418   6.85660  12.37540  ...        0.0        0  0.081035

[7760 rows x 13 columns]
Index(['LCD', 'PLD', 'LFPD', 'cm3_g', 'ASA_m2_cm3', 'ASA_m2_g', 'NASA_m2_cm3',
       'NASA_m2_g', 'AV_VF', 'AV_cm3_g', 'NAV_cm3_g', 'Has_OMS', 'Input'],
      dtype='object')
2025-09-28 06:28:25,356 | INFO | [Model] kind=cat | params={'iterations': 500, 'learning_rate': 0.05, 'depth': 8, 'loss_function': 'RMSE', 'random_seed': 6052, 'verbose': False}
2025-09-28 06:28:25,356 | INFO | [Holdout_trial002] Train=6208 | Test=1552
2025-09-28 06:28:25,369 | INFO | [Save] sampling scatter & histogram plots
2025-09-28 06:28:25,437 | INFO | [Save] sampling scatter & histogram plots
Running commands:  23%|██████████▋                                   | 7/30 [00:22<00:50,  2.18s/it]           LCD       PLD      LFPD  ...  NAV_cm3_g  Has_OMS     Input
0     10.85017   3.77263  10.26663  ...        0.0        0  0.247012
1     24.60642  13.03430  24.60642  ...        0.0        1  0.154237
2     24.38417  13.22222  24.38417  ...        0.0        1  0.159598
3     23.29182  13.11646  23.29182  ...        0.0        1  0.156731
4      6.16218   5.13230   5.87594  ...        0.0        1  0.047922
...        ...       ...       ...  ...        ...      ...       ...
7755   5.89251   3.41929   5.89251  ...        0.0        0  0.700145
7756   4.42995   3.86732   4.42995  ...        0.0        0  0.921799
7757   6.25511   5.54572   6.22585  ...        0.0        0  0.220564
7758   4.94280   4.31959   4.93372  ...        0.0        1  0.067246
7759  12.38418   6.85660  12.37540  ...        0.0        0  0.081035

[7760 rows x 13 columns]
Index(['LCD', 'PLD', 'LFPD', 'cm3_g', 'ASA_m2_cm3', 'ASA_m2_g', 'NASA_m2_cm3',
       'NASA_m2_g', 'AV_VF', 'AV_cm3_g', 'NAV_cm3_g', 'Has_OMS', 'Input'],
      dtype='object')
2025-09-28 06:28:25,570 | INFO | [Model] kind=cat | params={'iterations': 500, 'learning_rate': 0.05, 'depth': 8, 'loss_function': 'RMSE', 'random_seed': 6052, 'verbose': False}
2025-09-28 06:28:25,570 | INFO | [Holdout_trial002] Train=6208 | Test=1552
           LCD       PLD      LFPD  ...  NAV_cm3_g  Has_OMS     Input
0     10.85017   3.77263  10.26663  ...        0.0        0  0.247012
1     24.60642  13.03430  24.60642  ...        0.0        1  0.154237
2     24.38417  13.22222  24.38417  ...        0.0        1  0.159598
3     23.29182  13.11646  23.29182  ...        0.0        1  0.156731
4      6.16218   5.13230   5.87594  ...        0.0        1  0.047922
...        ...       ...       ...  ...        ...      ...       ...
7755   5.89251   3.41929   5.89251  ...        0.0        0  0.700145
7756   4.42995   3.86732   4.42995  ...        0.0        0  0.921799
7757   6.25511   5.54572   6.22585  ...        0.0        0  0.220564
7758   4.94280   4.31959   4.93372  ...        0.0        1  0.067246
7759  12.38418   6.85660  12.37540  ...        0.0        0  0.081035

[7760 rows x 13 columns]
Index(['LCD', 'PLD', 'LFPD', 'cm3_g', 'ASA_m2_cm3', 'ASA_m2_g', 'NASA_m2_cm3',
       'NASA_m2_g', 'AV_VF', 'AV_cm3_g', 'NAV_cm3_g', 'Has_OMS', 'Input'],
      dtype='object')
2025-09-28 06:28:25,639 | INFO | [Model] kind=cat | params={'iterations': 500, 'learning_rate': 0.05, 'depth': 8, 'loss_function': 'RMSE', 'random_seed': 6052, 'verbose': False}
2025-09-28 06:28:25,639 | INFO | [Holdout_trial002] Train=6208 | Test=1552
Running commands:  30%|█████████████▊                                | 9/30 [00:22<00:30,  1.47s/it]Removed 8 rows from mis_lis
2025-09-28 06:28:25,722 | INFO | [Data] Loaded: ../Data_collect/DataSet_PLDSCREENED_2/Ar_313K/Ar_313K_Ar_313K_Henry_to_Ar_313K_1_dataset.csv | rows=7760 | cols=15
2025-09-28 06:28:25,723 | INFO | [Features] Using 13 features: ['LCD', 'PLD', 'LFPD', 'cm3_g', 'ASA_m2_cm3', 'ASA_m2_g', 'NASA_m2_cm3', 'NASA_m2_g', 'AV_VF', 'AV_cm3_g', 'NAV_cm3_g', 'Has_OMS', 'Input']
                                filename       LCD  ...         Input    Output
0  1499489-acs.cgd.6b01265_1499490_clean  10.85017  ...  5.048940e-06  0.483106
1                           ACOCOM_clean  24.60642  ...  3.101800e-06  0.311217
2                           ACOCUS_clean  24.38417  ...  3.191740e-06  0.313515
3                           ACODAZ_clean  23.29182  ...  3.140320e-06  0.315277
4    acs.cgd.5b01554_VAGNUP1452791_clean   6.16218  ...  9.608350e-07  0.095646

[5 rows x 15 columns]
2025-09-28 06:28:25,746 | INFO | [Preprocess] Drop NaN rows (FEATURES+TARGET): 7760 -> 7760
           LCD       PLD      LFPD  ...  NAV_cm3_g  Has_OMS         Input
0     10.85017   3.77263  10.26663  ...        0.0        0  5.048940e-06
1     24.60642  13.03430  24.60642  ...        0.0        1  3.101800e-06
2     24.38417  13.22222  24.38417  ...        0.0        1  3.191740e-06
3     23.29182  13.11646  23.29182  ...        0.0        1  3.140320e-06
4      6.16218   5.13230   5.87594  ...        0.0        1  9.608350e-07
...        ...       ...       ...  ...        ...      ...           ...
7755   5.89251   3.41929   5.89251  ...        0.0        0  1.832300e-05
7756   4.42995   3.86732   4.42995  ...        0.0        0  2.508630e-05
7757   6.25511   5.54572   6.22585  ...        0.0        0  4.494260e-06
7758   4.94280   4.31959   4.93372  ...        0.0        1  1.369400e-06
7759  12.38418   6.85660  12.37540  ...        0.0        0  1.623630e-06

[7760 rows x 13 columns]
2025-09-28 06:28:25,790 | INFO | [Seeds] trial=3 | seeds={'seed': 55, 'seed_qt': 3052, 'seed_rd': 6052, 'model_seed': 9052}
Removed 8 rows from mis_lis
2025-09-28 06:28:25,802 | INFO | [Data] Loaded: ../Data_collect/DataSet_PLDSCREENED_2/Ar_313K/Ar_313K_Ar_313K_Henry_to_Ar_313K_5_dataset.csv | rows=7760 | cols=15
2025-09-28 06:28:25,803 | INFO | [Features] Using 13 features: ['LCD', 'PLD', 'LFPD', 'cm3_g', 'ASA_m2_cm3', 'ASA_m2_g', 'NASA_m2_cm3', 'NASA_m2_g', 'AV_VF', 'AV_cm3_g', 'NAV_cm3_g', 'Has_OMS', 'Input']
                                filename       LCD  ...         Input    Output
0  1499489-acs.cgd.6b01265_1499490_clean  10.85017  ...  5.048940e-06  2.040043
1                           ACOCOM_clean  24.60642  ...  3.101800e-06  1.479258
2                           ACOCUS_clean  24.38417  ...  3.191740e-06  1.531660
3                           ACODAZ_clean  23.29182  ...  3.140320e-06  1.511265
4    acs.cgd.5b01554_VAGNUP1452791_clean   6.16218  ...  9.608350e-07  0.440603

[5 rows x 15 columns]
2025-09-28 06:28:25,837 | INFO | [Preprocess] Drop NaN rows (FEATURES+TARGET): 7760 -> 7760
           LCD       PLD      LFPD  ...  NAV_cm3_g  Has_OMS         Input
0     10.85017   3.77263  10.26663  ...        0.0        0  5.048940e-06
1     24.60642  13.03430  24.60642  ...        0.0        1  3.101800e-06
2     24.38417  13.22222  24.38417  ...        0.0        1  3.191740e-06
3     23.29182  13.11646  23.29182  ...        0.0        1  3.140320e-06
4      6.16218   5.13230   5.87594  ...        0.0        1  9.608350e-07
...        ...       ...       ...  ...        ...      ...           ...
7755   5.89251   3.41929   5.89251  ...        0.0        0  1.832300e-05
7756   4.42995   3.86732   4.42995  ...        0.0        0  2.508630e-05
7757   6.25511   5.54572   6.22585  ...        0.0        0  4.494260e-06
7758   4.94280   4.31959   4.93372  ...        0.0        1  1.369400e-06
7759  12.38418   6.85660  12.37540  ...        0.0        0  1.623630e-06

[7760 rows x 13 columns]
2025-09-28 06:28:25,892 | INFO | [Seeds] trial=3 | seeds={'seed': 55, 'seed_qt': 3052, 'seed_rd': 6052, 'model_seed': 9052}
Removed 8 rows from mis_lis
2025-09-28 06:28:25,920 | INFO | [Data] Loaded: ../Data_collect/DataSet_PLDSCREENED_2/Ar_313K/Ar_313K_Ar_313K_Henry_to_Ar_313K_15_dataset.csv | rows=7760 | cols=15
2025-09-28 06:28:25,921 | INFO | [Features] Using 13 features: ['LCD', 'PLD', 'LFPD', 'cm3_g', 'ASA_m2_cm3', 'ASA_m2_g', 'NASA_m2_cm3', 'NASA_m2_g', 'AV_VF', 'AV_cm3_g', 'NAV_cm3_g', 'Has_OMS', 'Input']
                                filename       LCD  ...         Input    Output
0  1499489-acs.cgd.6b01265_1499490_clean  10.85017  ...  5.048940e-06  4.484627
1                           ACOCOM_clean  24.60642  ...  3.101800e-06  4.372880
2                           ACOCUS_clean  24.38417  ...  3.191740e-06  4.483099
3                           ACODAZ_clean  23.29182  ...  3.140320e-06  4.438173
4    acs.cgd.5b01554_VAGNUP1452791_clean   6.16218  ...  9.608350e-07  1.198039

[5 rows x 15 columns]
2025-09-28 06:28:25,955 | INFO | [Preprocess] Drop NaN rows (FEATURES+TARGET): 7760 -> 7760
           LCD       PLD      LFPD  ...  NAV_cm3_g  Has_OMS         Input
0     10.85017   3.77263  10.26663  ...        0.0        0  5.048940e-06
1     24.60642  13.03430  24.60642  ...        0.0        1  3.101800e-06
2     24.38417  13.22222  24.38417  ...        0.0        1  3.191740e-06
3     23.29182  13.11646  23.29182  ...        0.0        1  3.140320e-06
4      6.16218   5.13230   5.87594  ...        0.0        1  9.608350e-07
...        ...       ...       ...  ...        ...      ...           ...
7755   5.89251   3.41929   5.89251  ...        0.0        0  1.832300e-05
7756   4.42995   3.86732   4.42995  ...        0.0        0  2.508630e-05
7757   6.25511   5.54572   6.22585  ...        0.0        0  4.494260e-06
7758   4.94280   4.31959   4.93372  ...        0.0        1  1.369400e-06
7759  12.38418   6.85660  12.37540  ...        0.0        0  1.623630e-06

[7760 rows x 13 columns]
2025-09-28 06:28:25,988 | INFO | [Seeds] trial=3 | seeds={'seed': 55, 'seed_qt': 3052, 'seed_rd': 6052, 'model_seed': 9052}
[-5.29679979 -5.50838621 -5.49597249 ... -5.34734181 -5.86346968
 -5.78951293]
200






[-5.29679979 -5.50838621 -5.49597249 ... -5.34734181 -5.86346968
 -5.78951293]
-7.1954367068036476 -0.9696553440892877
200





2025-09-28 06:28:25,988 | INFO | [S3 QT→RD] train(qt)=3104, train(rd)=3104, test=1552 (train_ratio=0.80, qt_frac_total=0.40, shift=0.000e+00)
[-5.29679979 -5.50838621 -5.49597249 ... -5.34734181 -5.86346968
 -5.78951293]
200






[-5.29679979 -5.50838621 -5.49597249 ... -5.34734181 -5.86346968
 -5.78951293]
-7.1954367068036476 -0.9696553440892877
200





2025-09-28 06:28:26,065 | INFO | [S3 QT→RD] train(qt)=3104, train(rd)=3104, test=1552 (train_ratio=0.80, qt_frac_total=0.40, shift=0.000e+00)
Removed 8 rows from mis_lis
2025-09-28 06:28:26,081 | INFO | [Data] Loaded: ../Data_collect/DataSet_PLDSCREENED_2/Ar_313K/Ar_313K_Ar_313K_0.01_to_Ar_313K_1_dataset.csv | rows=7760 | cols=15
2025-09-28 06:28:26,081 | INFO | [Features] Using 13 features: ['LCD', 'PLD', 'LFPD', 'cm3_g', 'ASA_m2_cm3', 'ASA_m2_g', 'NASA_m2_cm3', 'NASA_m2_g', 'AV_VF', 'AV_cm3_g', 'NAV_cm3_g', 'Has_OMS', 'Input']
                                filename       LCD  ...     Input    Output
0  1499489-acs.cgd.6b01265_1499490_clean  10.85017  ...  0.005118  0.483106
1                           ACOCOM_clean  24.60642  ...  0.003168  0.311217
2                           ACOCUS_clean  24.38417  ...  0.003187  0.313515
3                           ACODAZ_clean  23.29182  ...  0.003023  0.315277
4    acs.cgd.5b01554_VAGNUP1452791_clean   6.16218  ...  0.001002  0.095646

[5 rows x 15 columns]
2025-09-28 06:28:26,115 | INFO | [Preprocess] Drop NaN rows (FEATURES+TARGET): 7760 -> 7760
           LCD       PLD      LFPD  ...  NAV_cm3_g  Has_OMS     Input
0     10.85017   3.77263  10.26663  ...        0.0        0  0.005118
1     24.60642  13.03430  24.60642  ...        0.0        1  0.003168
2     24.38417  13.22222  24.38417  ...        0.0        1  0.003187
3     23.29182  13.11646  23.29182  ...        0.0        1  0.003023
4      6.16218   5.13230   5.87594  ...        0.0        1  0.001002
...        ...       ...       ...  ...        ...      ...       ...
7755   5.89251   3.41929   5.89251  ...        0.0        0  0.018200
7756   4.42995   3.86732   4.42995  ...        0.0        0  0.024938
7757   6.25511   5.54572   6.22585  ...        0.0        0  0.004375
7758   4.94280   4.31959   4.93372  ...        0.0        1  0.001440
7759  12.38418   6.85660  12.37540  ...        0.0        0  0.001854

[7760 rows x 13 columns]
2025-09-28 06:28:26,149 | INFO | [Seeds] trial=3 | seeds={'seed': 55, 'seed_qt': 3052, 'seed_rd': 6052, 'model_seed': 9052}
[-5.29679979 -5.50838621 -5.49597249 ... -5.34734181 -5.86346968
 -5.78951293]
200






[-5.29679979 -5.50838621 -5.49597249 ... -5.34734181 -5.86346968
 -5.78951293]
-7.1954367068036476 -0.9696553440892877
200





2025-09-28 06:28:26,183 | INFO | [S3 QT→RD] train(qt)=3104, train(rd)=3104, test=1552 (train_ratio=0.80, qt_frac_total=0.40, shift=0.000e+00)
Removed 8 rows from mis_lis
2025-09-28 06:28:26,211 | INFO | [Data] Loaded: ../Data_collect/DataSet_PLDSCREENED_2/Ar_313K/Ar_313K_Ar_313K_0.01_to_Ar_313K_5_dataset.csv | rows=7760 | cols=15
2025-09-28 06:28:26,212 | INFO | [Features] Using 13 features: ['LCD', 'PLD', 'LFPD', 'cm3_g', 'ASA_m2_cm3', 'ASA_m2_g', 'NASA_m2_cm3', 'NASA_m2_g', 'AV_VF', 'AV_cm3_g', 'NAV_cm3_g', 'Has_OMS', 'Input']
                                filename       LCD  ...     Input    Output
0  1499489-acs.cgd.6b01265_1499490_clean  10.85017  ...  0.005118  2.040043
1                           ACOCOM_clean  24.60642  ...  0.003168  1.479258
2                           ACOCUS_clean  24.38417  ...  0.003187  1.531660
3                           ACODAZ_clean  23.29182  ...  0.003023  1.511265
4    acs.cgd.5b01554_VAGNUP1452791_clean   6.16218  ...  0.001002  0.440603

[5 rows x 15 columns]
2025-09-28 06:28:26,245 | INFO | [Preprocess] Drop NaN rows (FEATURES+TARGET): 7760 -> 7760
           LCD       PLD      LFPD  ...  NAV_cm3_g  Has_OMS     Input
0     10.85017   3.77263  10.26663  ...        0.0        0  0.005118
1     24.60642  13.03430  24.60642  ...        0.0        1  0.003168
2     24.38417  13.22222  24.38417  ...        0.0        1  0.003187
3     23.29182  13.11646  23.29182  ...        0.0        1  0.003023
4      6.16218   5.13230   5.87594  ...        0.0        1  0.001002
...        ...       ...       ...  ...        ...      ...       ...
7755   5.89251   3.41929   5.89251  ...        0.0        0  0.018200
7756   4.42995   3.86732   4.42995  ...        0.0        0  0.024938
7757   6.25511   5.54572   6.22585  ...        0.0        0  0.004375
7758   4.94280   4.31959   4.93372  ...        0.0        1  0.001440
7759  12.38418   6.85660  12.37540  ...        0.0        0  0.001854

[7760 rows x 13 columns]
2025-09-28 06:28:26,279 | INFO | [Seeds] trial=3 | seeds={'seed': 55, 'seed_qt': 3052, 'seed_rd': 6052, 'model_seed': 9052}
[-2.29089161 -2.49924138 -2.49657928 ... -2.35904587 -2.84157822
 -2.73177705]
200






[-2.29089161 -2.49924138 -2.49657928 ... -2.35904587 -2.84157822
 -2.73177705]
-4.195879657951556 0.507194573760734
200





2025-09-28 06:28:26,345 | INFO | [S3 QT→RD] train(qt)=3104, train(rd)=3104, test=1552 (train_ratio=0.80, qt_frac_total=0.40, shift=0.000e+00)
[-2.29089161 -2.49924138 -2.49657928 ... -2.35904587 -2.84157822
 -2.73177705]
200






[-2.29089161 -2.49924138 -2.49657928 ... -2.35904587 -2.84157822
 -2.73177705]
-4.195879657951556 0.507194573760734
200





2025-09-28 06:28:26,470 | INFO | [S3 QT→RD] train(qt)=3104, train(rd)=3104, test=1552 (train_ratio=0.80, qt_frac_total=0.40, shift=0.000e+00)
Removed 8 rows from mis_lis
2025-09-28 06:28:26,584 | INFO | [Data] Loaded: ../Data_collect/DataSet_PLDSCREENED_2/Ar_313K/Ar_313K_Ar_313K_0.1_to_Ar_313K_15_dataset.csv | rows=7760 | cols=15
2025-09-28 06:28:26,585 | INFO | [Features] Using 13 features: ['LCD', 'PLD', 'LFPD', 'cm3_g', 'ASA_m2_cm3', 'ASA_m2_g', 'NASA_m2_cm3', 'NASA_m2_g', 'AV_VF', 'AV_cm3_g', 'NAV_cm3_g', 'Has_OMS', 'Input']
Removed 8 rows from mis_lis
2025-09-28 06:28:26,616 | INFO | [Data] Loaded: ../Data_collect/DataSet_PLDSCREENED_2/Ar_313K/Ar_313K_Ar_313K_0.1_to_Ar_313K_5_dataset.csv | rows=7760 | cols=15
2025-09-28 06:28:26,617 | INFO | [Features] Using 13 features: ['LCD', 'PLD', 'LFPD', 'cm3_g', 'ASA_m2_cm3', 'ASA_m2_g', 'NASA_m2_cm3', 'NASA_m2_g', 'AV_VF', 'AV_cm3_g', 'NAV_cm3_g', 'Has_OMS', 'Input']
                                filename       LCD  ...     Input    Output
0  1499489-acs.cgd.6b01265_1499490_clean  10.85017  ...  0.050200  4.484627
1                           ACOCOM_clean  24.60642  ...  0.030913  4.372880
2                           ACOCUS_clean  24.38417  ...  0.032289  4.483099
3                           ACODAZ_clean  23.29182  ...  0.031373  4.438173
4    acs.cgd.5b01554_VAGNUP1452791_clean   6.16218  ...  0.009552  1.198039

[5 rows x 15 columns]
2025-09-28 06:28:26,641 | INFO | [Preprocess] Drop NaN rows (FEATURES+TARGET): 7760 -> 7760
                                filename       LCD  ...     Input    Output
0  1499489-acs.cgd.6b01265_1499490_clean  10.85017  ...  0.050200  2.040043
1                           ACOCOM_clean  24.60642  ...  0.030913  1.479258
2                           ACOCUS_clean  24.38417  ...  0.032289  1.531660
3                           ACODAZ_clean  23.29182  ...  0.031373  1.511265
4    acs.cgd.5b01554_VAGNUP1452791_clean   6.16218  ...  0.009552  0.440603

[5 rows x 15 columns]
2025-09-28 06:28:26,650 | INFO | [Preprocess] Drop NaN rows (FEATURES+TARGET): 7760 -> 7760
           LCD       PLD      LFPD  ...  NAV_cm3_g  Has_OMS     Input
0     10.85017   3.77263  10.26663  ...        0.0        0  0.050200
1     24.60642  13.03430  24.60642  ...        0.0        1  0.030913
2     24.38417  13.22222  24.38417  ...        0.0        1  0.032289
3     23.29182  13.11646  23.29182  ...        0.0        1  0.031373
4      6.16218   5.13230   5.87594  ...        0.0        1  0.009552
...        ...       ...       ...  ...        ...      ...       ...
7755   5.89251   3.41929   5.89251  ...        0.0        0  0.172231
7756   4.42995   3.86732   4.42995  ...        0.0        0  0.230075
7757   6.25511   5.54572   6.22585  ...        0.0        0  0.044547
7758   4.94280   4.31959   4.93372  ...        0.0        1  0.013466
7759  12.38418   6.85660  12.37540  ...        0.0        0  0.016165

[7760 rows x 13 columns]
2025-09-28 06:28:26,674 | INFO | [Seeds] trial=4 | seeds={'seed': 56, 'seed_qt': 4052, 'seed_rd': 8052, 'model_seed': 12052}
           LCD       PLD      LFPD  ...  NAV_cm3_g  Has_OMS     Input
0     10.85017   3.77263  10.26663  ...        0.0        0  0.050200
1     24.60642  13.03430  24.60642  ...        0.0        1  0.030913
2     24.38417  13.22222  24.38417  ...        0.0        1  0.032289
3     23.29182  13.11646  23.29182  ...        0.0        1  0.031373
4      6.16218   5.13230   5.87594  ...        0.0        1  0.009552
...        ...       ...       ...  ...        ...      ...       ...
7755   5.89251   3.41929   5.89251  ...        0.0        0  0.172231
7756   4.42995   3.86732   4.42995  ...        0.0        0  0.230075
7757   6.25511   5.54572   6.22585  ...        0.0        0  0.044547
7758   4.94280   4.31959   4.93372  ...        0.0        1  0.013466
7759  12.38418   6.85660  12.37540  ...        0.0        0  0.016165

[7760 rows x 13 columns]
2025-09-28 06:28:26,683 | INFO | [Seeds] trial=4 | seeds={'seed': 56, 'seed_qt': 4052, 'seed_rd': 8052, 'model_seed': 12052}
Removed 8 rows from mis_lis
2025-09-28 06:28:26,735 | INFO | [Data] Loaded: ../Data_collect/DataSet_PLDSCREENED_2/Ar_313K/Ar_313K_Ar_313K_0.5_to_Ar_313K_1_dataset.csv | rows=7760 | cols=15
2025-09-28 06:28:26,735 | INFO | [Features] Using 13 features: ['LCD', 'PLD', 'LFPD', 'cm3_g', 'ASA_m2_cm3', 'ASA_m2_g', 'NASA_m2_cm3', 'NASA_m2_g', 'AV_VF', 'AV_cm3_g', 'NAV_cm3_g', 'Has_OMS', 'Input']
Removed 8 rows from mis_lis
2025-09-28 06:28:26,744 | INFO | [Data] Loaded: ../Data_collect/DataSet_PLDSCREENED_2/Ar_313K/Ar_313K_Ar_313K_0.5_to_Ar_313K_5_dataset.csv | rows=7760 | cols=15
2025-09-28 06:28:26,745 | INFO | [Features] Using 13 features: ['LCD', 'PLD', 'LFPD', 'cm3_g', 'ASA_m2_cm3', 'ASA_m2_g', 'NASA_m2_cm3', 'NASA_m2_g', 'AV_VF', 'AV_cm3_g', 'NAV_cm3_g', 'Has_OMS', 'Input']
                                filename       LCD  ...     Input    Output
0  1499489-acs.cgd.6b01265_1499490_clean  10.85017  ...  0.247012  0.483106
1                           ACOCOM_clean  24.60642  ...  0.154237  0.311217
2                           ACOCUS_clean  24.38417  ...  0.159598  0.313515
3                           ACODAZ_clean  23.29182  ...  0.156731  0.315277
4    acs.cgd.5b01554_VAGNUP1452791_clean   6.16218  ...  0.047922  0.095646

[5 rows x 15 columns]
2025-09-28 06:28:26,769 | INFO | [Preprocess] Drop NaN rows (FEATURES+TARGET): 7760 -> 7760
                                filename       LCD  ...     Input    Output
0  1499489-acs.cgd.6b01265_1499490_clean  10.85017  ...  0.247012  2.040043
1                           ACOCOM_clean  24.60642  ...  0.154237  1.479258
2                           ACOCUS_clean  24.38417  ...  0.159598  1.531660
3                           ACODAZ_clean  23.29182  ...  0.156731  1.511265
4    acs.cgd.5b01554_VAGNUP1452791_clean   6.16218  ...  0.047922  0.440603

[5 rows x 15 columns]
2025-09-28 06:28:26,778 | INFO | [Preprocess] Drop NaN rows (FEATURES+TARGET): 7760 -> 7760
           LCD       PLD      LFPD  ...  NAV_cm3_g  Has_OMS     Input
0     10.85017   3.77263  10.26663  ...        0.0        0  0.247012
1     24.60642  13.03430  24.60642  ...        0.0        1  0.154237
2     24.38417  13.22222  24.38417  ...        0.0        1  0.159598
3     23.29182  13.11646  23.29182  ...        0.0        1  0.156731
4      6.16218   5.13230   5.87594  ...        0.0        1  0.047922
...        ...       ...       ...  ...        ...      ...       ...
7755   5.89251   3.41929   5.89251  ...        0.0        0  0.700145
7756   4.42995   3.86732   4.42995  ...        0.0        0  0.921799
7757   6.25511   5.54572   6.22585  ...        0.0        0  0.220564
7758   4.94280   4.31959   4.93372  ...        0.0        1  0.067246
7759  12.38418   6.85660  12.37540  ...        0.0        0  0.081035

[7760 rows x 13 columns]
2025-09-28 06:28:26,803 | INFO | [Seeds] trial=4 | seeds={'seed': 56, 'seed_qt': 4052, 'seed_rd': 8052, 'model_seed': 12052}
           LCD       PLD      LFPD  ...  NAV_cm3_g  Has_OMS     Input
0     10.85017   3.77263  10.26663  ...        0.0        0  0.247012
1     24.60642  13.03430  24.60642  ...        0.0        1  0.154237
2     24.38417  13.22222  24.38417  ...        0.0        1  0.159598
3     23.29182  13.11646  23.29182  ...        0.0        1  0.156731
4      6.16218   5.13230   5.87594  ...        0.0        1  0.047922
...        ...       ...       ...  ...        ...      ...       ...
7755   5.89251   3.41929   5.89251  ...        0.0        0  0.700145
7756   4.42995   3.86732   4.42995  ...        0.0        0  0.921799
7757   6.25511   5.54572   6.22585  ...        0.0        0  0.220564
7758   4.94280   4.31959   4.93372  ...        0.0        1  0.067246
7759  12.38418   6.85660  12.37540  ...        0.0        0  0.081035

[7760 rows x 13 columns]
2025-09-28 06:28:26,811 | INFO | [Seeds] trial=4 | seeds={'seed': 56, 'seed_qt': 4052, 'seed_rd': 8052, 'model_seed': 12052}
Removed 8 rows from mis_lis
2025-09-28 06:28:26,813 | INFO | [Data] Loaded: ../Data_collect/DataSet_PLDSCREENED_2/Ar_313K/Ar_313K_Ar_313K_0.5_to_Ar_313K_15_dataset.csv | rows=7760 | cols=15
2025-09-28 06:28:26,814 | INFO | [Features] Using 13 features: ['LCD', 'PLD', 'LFPD', 'cm3_g', 'ASA_m2_cm3', 'ASA_m2_g', 'NASA_m2_cm3', 'NASA_m2_g', 'AV_VF', 'AV_cm3_g', 'NAV_cm3_g', 'Has_OMS', 'Input']
[-1.29929287 -1.5098575  -1.49094846 ... -1.35118275 -1.87077497
 -1.79143316]
200






[-1.29929287 -1.5098575  -1.49094846 ... -1.35118275 -1.87077497
 -1.79143316]
-3.202230713008698 0.5629130728964408
200





2025-09-28 06:28:26,847 | INFO | [S3 QT→RD] train(qt)=3104, train(rd)=3104, test=1552 (train_ratio=0.80, qt_frac_total=0.40, shift=0.000e+00)
                                filename       LCD  ...     Input    Output
0  1499489-acs.cgd.6b01265_1499490_clean  10.85017  ...  0.247012  4.484627
1                           ACOCOM_clean  24.60642  ...  0.154237  4.372880
2                           ACOCUS_clean  24.38417  ...  0.159598  4.483099
3                           ACODAZ_clean  23.29182  ...  0.156731  4.438173
4    acs.cgd.5b01554_VAGNUP1452791_clean   6.16218  ...  0.047922  1.198039

[5 rows x 15 columns]
2025-09-28 06:28:26,849 | INFO | [Preprocess] Drop NaN rows (FEATURES+TARGET): 7760 -> 7760
[-1.29929287 -1.5098575  -1.49094846 ... -1.35118275 -1.87077497
 -1.79143316]
200






[-1.29929287 -1.5098575  -1.49094846 ... -1.35118275 -1.87077497
 -1.79143316]
-3.202230713008698 0.5629130728964408
200





2025-09-28 06:28:26,874 | INFO | [S3 QT→RD] train(qt)=3104, train(rd)=3104, test=1552 (train_ratio=0.80, qt_frac_total=0.40, shift=0.000e+00)
           LCD       PLD      LFPD  ...  NAV_cm3_g  Has_OMS     Input
0     10.85017   3.77263  10.26663  ...        0.0        0  0.247012
1     24.60642  13.03430  24.60642  ...        0.0        1  0.154237
2     24.38417  13.22222  24.38417  ...        0.0        1  0.159598
3     23.29182  13.11646  23.29182  ...        0.0        1  0.156731
4      6.16218   5.13230   5.87594  ...        0.0        1  0.047922
...        ...       ...       ...  ...        ...      ...       ...
7755   5.89251   3.41929   5.89251  ...        0.0        0  0.700145
7756   4.42995   3.86732   4.42995  ...        0.0        0  0.921799
7757   6.25511   5.54572   6.22585  ...        0.0        0  0.220564
7758   4.94280   4.31959   4.93372  ...        0.0        1  0.067246
7759  12.38418   6.85660  12.37540  ...        0.0        0  0.081035

[7760 rows x 13 columns]
2025-09-28 06:28:26,876 | INFO | [Seeds] trial=4 | seeds={'seed': 56, 'seed_qt': 4052, 'seed_rd': 8052, 'model_seed': 12052}
[-0.60728116 -0.81181152 -0.79697294 ... -0.65646474 -1.1723316
 -1.09132692]
200






[-0.60728116 -0.81181152 -0.79697294 ... -0.65646474 -1.1723316
 -1.09132692]
-2.504857063846332 0.5790191669229403
200





2025-09-28 06:28:26,987 | INFO | [S3 QT→RD] train(qt)=3104, train(rd)=3104, test=1552 (train_ratio=0.80, qt_frac_total=0.40, shift=0.000e+00)
[-0.60728116 -0.81181152 -0.79697294 ... -0.65646474 -1.1723316
 -1.09132692]
200






[-0.60728116 -0.81181152 -0.79697294 ... -0.65646474 -1.1723316
 -1.09132692]
-2.504857063846332 0.5790191669229403
200





2025-09-28 06:28:26,978 | INFO | [S3 QT→RD] train(qt)=3104, train(rd)=3104, test=1552 (train_ratio=0.80, qt_frac_total=0.40, shift=0.000e+00)
[-0.60728116 -0.81181152 -0.79697294 ... -0.65646474 -1.1723316
 -1.09132692]
200






[-0.60728116 -0.81181152 -0.79697294 ... -0.65646474 -1.1723316
 -1.09132692]
-2.504857063846332 0.5790191669229403
200





2025-09-28 06:28:27,069 | INFO | [S3 QT→RD] train(qt)=3104, train(rd)=3104, test=1552 (train_ratio=0.80, qt_frac_total=0.40, shift=0.000e+00)
2025-09-28 06:28:27,602 | INFO | [Save] sampling scatter & histogram plots
2025-09-28 06:28:27,681 | INFO | [Save] sampling scatter & histogram plots
2025-09-28 06:28:27,775 | INFO | [Save] sampling scatter & histogram plots
           LCD       PLD      LFPD  ...  NAV_cm3_g  Has_OMS         Input
0     10.85017   3.77263  10.26663  ...        0.0        0  5.048940e-06
1     24.60642  13.03430  24.60642  ...        0.0        1  3.101800e-06
2     24.38417  13.22222  24.38417  ...        0.0        1  3.191740e-06
3     23.29182  13.11646  23.29182  ...        0.0        1  3.140320e-06
4      6.16218   5.13230   5.87594  ...        0.0        1  9.608350e-07
...        ...       ...       ...  ...        ...      ...           ...
7755   5.89251   3.41929   5.89251  ...        0.0        0  1.832300e-05
7756   4.42995   3.86732   4.42995  ...        0.0        0  2.508630e-05
7757   6.25511   5.54572   6.22585  ...        0.0        0  4.494260e-06
7758   4.94280   4.31959   4.93372  ...        0.0        1  1.369400e-06
7759  12.38418   6.85660  12.37540  ...        0.0        0  1.623630e-06

[7760 rows x 13 columns]
Index(['LCD', 'PLD', 'LFPD', 'cm3_g', 'ASA_m2_cm3', 'ASA_m2_g', 'NASA_m2_cm3',
       'NASA_m2_g', 'AV_VF', 'AV_cm3_g', 'NAV_cm3_g', 'Has_OMS', 'Input'],
      dtype='object')
2025-09-28 06:28:27,804 | INFO | [Model] kind=cat | params={'iterations': 500, 'learning_rate': 0.05, 'depth': 8, 'loss_function': 'RMSE', 'random_seed': 9052, 'verbose': False}
2025-09-28 06:28:27,804 | INFO | [Holdout_trial003] Train=6208 | Test=1552
           LCD       PLD      LFPD  ...  NAV_cm3_g  Has_OMS         Input
0     10.85017   3.77263  10.26663  ...        0.0        0  5.048940e-06
1     24.60642  13.03430  24.60642  ...        0.0        1  3.101800e-06
2     24.38417  13.22222  24.38417  ...        0.0        1  3.191740e-06
3     23.29182  13.11646  23.29182  ...        0.0        1  3.140320e-06
4      6.16218   5.13230   5.87594  ...        0.0        1  9.608350e-07
...        ...       ...       ...  ...        ...      ...           ...
7755   5.89251   3.41929   5.89251  ...        0.0        0  1.832300e-05
7756   4.42995   3.86732   4.42995  ...        0.0        0  2.508630e-05
7757   6.25511   5.54572   6.22585  ...        0.0        0  4.494260e-06
7758   4.94280   4.31959   4.93372  ...        0.0        1  1.369400e-06
7759  12.38418   6.85660  12.37540  ...        0.0        0  1.623630e-06

[7760 rows x 13 columns]
Index(['LCD', 'PLD', 'LFPD', 'cm3_g', 'ASA_m2_cm3', 'ASA_m2_g', 'NASA_m2_cm3',
       'NASA_m2_g', 'AV_VF', 'AV_cm3_g', 'NAV_cm3_g', 'Has_OMS', 'Input'],
      dtype='object')
2025-09-28 06:28:27,877 | INFO | [Model] kind=cat | params={'iterations': 500, 'learning_rate': 0.05, 'depth': 8, 'loss_function': 'RMSE', 'random_seed': 9052, 'verbose': False}
2025-09-28 06:28:27,877 | INFO | [Holdout_trial003] Train=6208 | Test=1552
2025-09-28 06:28:27,949 | INFO | [Save] sampling scatter & histogram plots
           LCD       PLD      LFPD  ...  NAV_cm3_g  Has_OMS         Input
0     10.85017   3.77263  10.26663  ...        0.0        0  5.048940e-06
1     24.60642  13.03430  24.60642  ...        0.0        1  3.101800e-06
2     24.38417  13.22222  24.38417  ...        0.0        1  3.191740e-06
3     23.29182  13.11646  23.29182  ...        0.0        1  3.140320e-06
4      6.16218   5.13230   5.87594  ...        0.0        1  9.608350e-07
...        ...       ...       ...  ...        ...      ...           ...
7755   5.89251   3.41929   5.89251  ...        0.0        0  1.832300e-05
7756   4.42995   3.86732   4.42995  ...        0.0        0  2.508630e-05
7757   6.25511   5.54572   6.22585  ...        0.0        0  4.494260e-06
7758   4.94280   4.31959   4.93372  ...        0.0        1  1.369400e-06
7759  12.38418   6.85660  12.37540  ...        0.0        0  1.623630e-06

[7760 rows x 13 columns]
Index(['LCD', 'PLD', 'LFPD', 'cm3_g', 'ASA_m2_cm3', 'ASA_m2_g', 'NASA_m2_cm3',
       'NASA_m2_g', 'AV_VF', 'AV_cm3_g', 'NAV_cm3_g', 'Has_OMS', 'Input'],
      dtype='object')
2025-09-28 06:28:27,981 | INFO | [Model] kind=cat | params={'iterations': 500, 'learning_rate': 0.05, 'depth': 8, 'loss_function': 'RMSE', 'random_seed': 9052, 'verbose': False}
2025-09-28 06:28:27,981 | INFO | [Holdout_trial003] Train=6208 | Test=1552
2025-09-28 06:28:28,125 | INFO | [Save] sampling scatter & histogram plots
           LCD       PLD      LFPD  ...  NAV_cm3_g  Has_OMS     Input
0     10.85017   3.77263  10.26663  ...        0.0        0  0.005118
1     24.60642  13.03430  24.60642  ...        0.0        1  0.003168
2     24.38417  13.22222  24.38417  ...        0.0        1  0.003187
3     23.29182  13.11646  23.29182  ...        0.0        1  0.003023
4      6.16218   5.13230   5.87594  ...        0.0        1  0.001002
...        ...       ...       ...  ...        ...      ...       ...
7755   5.89251   3.41929   5.89251  ...        0.0        0  0.018200
7756   4.42995   3.86732   4.42995  ...        0.0        0  0.024938
7757   6.25511   5.54572   6.22585  ...        0.0        0  0.004375
7758   4.94280   4.31959   4.93372  ...        0.0        1  0.001440
7759  12.38418   6.85660  12.37540  ...        0.0        0  0.001854

[7760 rows x 13 columns]
Index(['LCD', 'PLD', 'LFPD', 'cm3_g', 'ASA_m2_cm3', 'ASA_m2_g', 'NASA_m2_cm3',
       'NASA_m2_g', 'AV_VF', 'AV_cm3_g', 'NAV_cm3_g', 'Has_OMS', 'Input'],
      dtype='object')
2025-09-28 06:28:28,179 | INFO | [Model] kind=cat | params={'iterations': 500, 'learning_rate': 0.05, 'depth': 8, 'loss_function': 'RMSE', 'random_seed': 9052, 'verbose': False}
2025-09-28 06:28:28,179 | INFO | [Holdout_trial003] Train=6208 | Test=1552
           LCD       PLD      LFPD  ...  NAV_cm3_g  Has_OMS     Input
0     10.85017   3.77263  10.26663  ...        0.0        0  0.005118
1     24.60642  13.03430  24.60642  ...        0.0        1  0.003168
2     24.38417  13.22222  24.38417  ...        0.0        1  0.003187
3     23.29182  13.11646  23.29182  ...        0.0        1  0.003023
4      6.16218   5.13230   5.87594  ...        0.0        1  0.001002
...        ...       ...       ...  ...        ...      ...       ...
7755   5.89251   3.41929   5.89251  ...        0.0        0  0.018200
7756   4.42995   3.86732   4.42995  ...        0.0        0  0.024938
7757   6.25511   5.54572   6.22585  ...        0.0        0  0.004375
7758   4.94280   4.31959   4.93372  ...        0.0        1  0.001440
7759  12.38418   6.85660  12.37540  ...        0.0        0  0.001854

[7760 rows x 13 columns]
Index(['LCD', 'PLD', 'LFPD', 'cm3_g', 'ASA_m2_cm3', 'ASA_m2_g', 'NASA_m2_cm3',
       'NASA_m2_g', 'AV_VF', 'AV_cm3_g', 'NAV_cm3_g', 'Has_OMS', 'Input'],
      dtype='object')
2025-09-28 06:28:28,335 | INFO | [Model] kind=cat | params={'iterations': 500, 'learning_rate': 0.05, 'depth': 8, 'loss_function': 'RMSE', 'random_seed': 9052, 'verbose': False}
2025-09-28 06:28:28,336 | INFO | [Holdout_trial003] Train=6208 | Test=1552
2025-09-28 06:28:28,452 | INFO | [Save] sampling scatter & histogram plots
2025-09-28 06:28:28,491 | INFO | [Save] sampling scatter & histogram plots
2025-09-28 06:28:28,618 | INFO | [Save] sampling scatter & histogram plots
           LCD       PLD      LFPD  ...  NAV_cm3_g  Has_OMS     Input
0     10.85017   3.77263  10.26663  ...        0.0        0  0.050200
1     24.60642  13.03430  24.60642  ...        0.0        1  0.030913
2     24.38417  13.22222  24.38417  ...        0.0        1  0.032289
3     23.29182  13.11646  23.29182  ...        0.0        1  0.031373
4      6.16218   5.13230   5.87594  ...        0.0        1  0.009552
...        ...       ...       ...  ...        ...      ...       ...
7755   5.89251   3.41929   5.89251  ...        0.0        0  0.172231
7756   4.42995   3.86732   4.42995  ...        0.0        0  0.230075
7757   6.25511   5.54572   6.22585  ...        0.0        0  0.044547
7758   4.94280   4.31959   4.93372  ...        0.0        1  0.013466
7759  12.38418   6.85660  12.37540  ...        0.0        0  0.016165

[7760 rows x 13 columns]
Index(['LCD', 'PLD', 'LFPD', 'cm3_g', 'ASA_m2_cm3', 'ASA_m2_g', 'NASA_m2_cm3',
       'NASA_m2_g', 'AV_VF', 'AV_cm3_g', 'NAV_cm3_g', 'Has_OMS', 'Input'],
      dtype='object')
2025-09-28 06:28:28,651 | INFO | [Model] kind=cat | params={'iterations': 500, 'learning_rate': 0.05, 'depth': 8, 'loss_function': 'RMSE', 'random_seed': 12052, 'verbose': False}
2025-09-28 06:28:28,651 | INFO | [Holdout_trial004] Train=6208 | Test=1552
2025-09-28 06:28:28,657 | INFO | [Save] sampling scatter & histogram plots
2025-09-28 06:28:28,663 | INFO | [Save] sampling scatter & histogram plots
           LCD       PLD      LFPD  ...  NAV_cm3_g  Has_OMS     Input
0     10.85017   3.77263  10.26663  ...        0.0        0  0.050200
1     24.60642  13.03430  24.60642  ...        0.0        1  0.030913
2     24.38417  13.22222  24.38417  ...        0.0        1  0.032289
3     23.29182  13.11646  23.29182  ...        0.0        1  0.031373
4      6.16218   5.13230   5.87594  ...        0.0        1  0.009552
...        ...       ...       ...  ...        ...      ...       ...
7755   5.89251   3.41929   5.89251  ...        0.0        0  0.172231
7756   4.42995   3.86732   4.42995  ...        0.0        0  0.230075
7757   6.25511   5.54572   6.22585  ...        0.0        0  0.044547
7758   4.94280   4.31959   4.93372  ...        0.0        1  0.013466
7759  12.38418   6.85660  12.37540  ...        0.0        0  0.016165

[7760 rows x 13 columns]
Index(['LCD', 'PLD', 'LFPD', 'cm3_g', 'ASA_m2_cm3', 'ASA_m2_g', 'NASA_m2_cm3',
       'NASA_m2_g', 'AV_VF', 'AV_cm3_g', 'NAV_cm3_g', 'Has_OMS', 'Input'],
      dtype='object')
2025-09-28 06:28:28,713 | INFO | [Model] kind=cat | params={'iterations': 500, 'learning_rate': 0.05, 'depth': 8, 'loss_function': 'RMSE', 'random_seed': 12052, 'verbose': False}
2025-09-28 06:28:28,713 | INFO | [Holdout_trial004] Train=6208 | Test=1552
           LCD       PLD      LFPD  ...  NAV_cm3_g  Has_OMS     Input
0     10.85017   3.77263  10.26663  ...        0.0        0  0.247012
1     24.60642  13.03430  24.60642  ...        0.0        1  0.154237
2     24.38417  13.22222  24.38417  ...        0.0        1  0.159598
3     23.29182  13.11646  23.29182  ...        0.0        1  0.156731
4      6.16218   5.13230   5.87594  ...        0.0        1  0.047922
...        ...       ...       ...  ...        ...      ...       ...
7755   5.89251   3.41929   5.89251  ...        0.0        0  0.700145
7756   4.42995   3.86732   4.42995  ...        0.0        0  0.921799
7757   6.25511   5.54572   6.22585  ...        0.0        0  0.220564
7758   4.94280   4.31959   4.93372  ...        0.0        1  0.067246
7759  12.38418   6.85660  12.37540  ...        0.0        0  0.081035

[7760 rows x 13 columns]
Index(['LCD', 'PLD', 'LFPD', 'cm3_g', 'ASA_m2_cm3', 'ASA_m2_g', 'NASA_m2_cm3',
       'NASA_m2_g', 'AV_VF', 'AV_cm3_g', 'NAV_cm3_g', 'Has_OMS', 'Input'],
      dtype='object')
2025-09-28 06:28:28,817 | INFO | [Model] kind=cat | params={'iterations': 500, 'learning_rate': 0.05, 'depth': 8, 'loss_function': 'RMSE', 'random_seed': 12052, 'verbose': False}
2025-09-28 06:28:28,818 | INFO | [Holdout_trial004] Train=6208 | Test=1552
           LCD       PLD      LFPD  ...  NAV_cm3_g  Has_OMS     Input
0     10.85017   3.77263  10.26663  ...        0.0        0  0.247012
1     24.60642  13.03430  24.60642  ...        0.0        1  0.154237
2     24.38417  13.22222  24.38417  ...        0.0        1  0.159598
3     23.29182  13.11646  23.29182  ...        0.0        1  0.156731
4      6.16218   5.13230   5.87594  ...        0.0        1  0.047922
...        ...       ...       ...  ...        ...      ...       ...
7755   5.89251   3.41929   5.89251  ...        0.0        0  0.700145
7756   4.42995   3.86732   4.42995  ...        0.0        0  0.921799
7757   6.25511   5.54572   6.22585  ...        0.0        0  0.220564
7758   4.94280   4.31959   4.93372  ...        0.0        1  0.067246
7759  12.38418   6.85660  12.37540  ...        0.0        0  0.081035

[7760 rows x 13 columns]
Index(['LCD', 'PLD', 'LFPD', 'cm3_g', 'ASA_m2_cm3', 'ASA_m2_g', 'NASA_m2_cm3',
       'NASA_m2_g', 'AV_VF', 'AV_cm3_g', 'NAV_cm3_g', 'Has_OMS', 'Input'],
      dtype='object')
2025-09-28 06:28:28,851 | INFO | [Model] kind=cat | params={'iterations': 500, 'learning_rate': 0.05, 'depth': 8, 'loss_function': 'RMSE', 'random_seed': 12052, 'verbose': False}
2025-09-28 06:28:28,851 | INFO | [Holdout_trial004] Train=6208 | Test=1552
           LCD       PLD      LFPD  ...  NAV_cm3_g  Has_OMS     Input
0     10.85017   3.77263  10.26663  ...        0.0        0  0.247012
1     24.60642  13.03430  24.60642  ...        0.0        1  0.154237
2     24.38417  13.22222  24.38417  ...        0.0        1  0.159598
3     23.29182  13.11646  23.29182  ...        0.0        1  0.156731
4      6.16218   5.13230   5.87594  ...        0.0        1  0.047922
...        ...       ...       ...  ...        ...      ...       ...
7755   5.89251   3.41929   5.89251  ...        0.0        0  0.700145
7756   4.42995   3.86732   4.42995  ...        0.0        0  0.921799
7757   6.25511   5.54572   6.22585  ...        0.0        0  0.220564
7758   4.94280   4.31959   4.93372  ...        0.0        1  0.067246
7759  12.38418   6.85660  12.37540  ...        0.0        0  0.081035

[7760 rows x 13 columns]
Index(['LCD', 'PLD', 'LFPD', 'cm3_g', 'ASA_m2_cm3', 'ASA_m2_g', 'NASA_m2_cm3',
       'NASA_m2_g', 'AV_VF', 'AV_cm3_g', 'NAV_cm3_g', 'Has_OMS', 'Input'],
      dtype='object')
2025-09-28 06:28:28,854 | INFO | [Model] kind=cat | params={'iterations': 500, 'learning_rate': 0.05, 'depth': 8, 'loss_function': 'RMSE', 'random_seed': 12052, 'verbose': False}
2025-09-28 06:28:28,854 | INFO | [Holdout_trial004] Train=6208 | Test=1552
Removed 8 rows from mis_lis
2025-09-28 06:28:29,805 | INFO | [Data] Loaded: ../Data_collect/DataSet_PLDSCREENED_2/Ar_313K/Ar_313K_Ar_313K_Henry_to_Ar_313K_5_dataset.csv | rows=7760 | cols=15
2025-09-28 06:28:29,805 | INFO | [Features] Using 13 features: ['LCD', 'PLD', 'LFPD', 'cm3_g', 'ASA_m2_cm3', 'ASA_m2_g', 'NASA_m2_cm3', 'NASA_m2_g', 'AV_VF', 'AV_cm3_g', 'NAV_cm3_g', 'Has_OMS', 'Input']
                                filename       LCD  ...         Input    Output
0  1499489-acs.cgd.6b01265_1499490_clean  10.85017  ...  5.048940e-06  2.040043
1                           ACOCOM_clean  24.60642  ...  3.101800e-06  1.479258
2                           ACOCUS_clean  24.38417  ...  3.191740e-06  1.531660
3                           ACODAZ_clean  23.29182  ...  3.140320e-06  1.511265
4    acs.cgd.5b01554_VAGNUP1452791_clean   6.16218  ...  9.608350e-07  0.440603

[5 rows x 15 columns]
2025-09-28 06:28:29,840 | INFO | [Preprocess] Drop NaN rows (FEATURES+TARGET): 7760 -> 7760
Removed 8 rows from mis_lis
2025-09-28 06:28:29,852 | INFO | [Data] Loaded: ../Data_collect/DataSet_PLDSCREENED_2/Ar_313K/Ar_313K_Ar_313K_Henry_to_Ar_313K_1_dataset.csv | rows=7760 | cols=15
2025-09-28 06:28:29,853 | INFO | [Features] Using 13 features: ['LCD', 'PLD', 'LFPD', 'cm3_g', 'ASA_m2_cm3', 'ASA_m2_g', 'NASA_m2_cm3', 'NASA_m2_g', 'AV_VF', 'AV_cm3_g', 'NAV_cm3_g', 'Has_OMS', 'Input']
           LCD       PLD      LFPD  ...  NAV_cm3_g  Has_OMS         Input
0     10.85017   3.77263  10.26663  ...        0.0        0  5.048940e-06
1     24.60642  13.03430  24.60642  ...        0.0        1  3.101800e-06
2     24.38417  13.22222  24.38417  ...        0.0        1  3.191740e-06
3     23.29182  13.11646  23.29182  ...        0.0        1  3.140320e-06
4      6.16218   5.13230   5.87594  ...        0.0        1  9.608350e-07
...        ...       ...       ...  ...        ...      ...           ...
7755   5.89251   3.41929   5.89251  ...        0.0        0  1.832300e-05
7756   4.42995   3.86732   4.42995  ...        0.0        0  2.508630e-05
7757   6.25511   5.54572   6.22585  ...        0.0        0  4.494260e-06
7758   4.94280   4.31959   4.93372  ...        0.0        1  1.369400e-06
7759  12.38418   6.85660  12.37540  ...        0.0        0  1.623630e-06

[7760 rows x 13 columns]
2025-09-28 06:28:29,874 | INFO | [Seeds] trial=5 | seeds={'seed': 57, 'seed_qt': 5052, 'seed_rd': 10052, 'model_seed': 15052}
                                filename       LCD  ...         Input    Output
0  1499489-acs.cgd.6b01265_1499490_clean  10.85017  ...  5.048940e-06  0.483106
1                           ACOCOM_clean  24.60642  ...  3.101800e-06  0.311217
2                           ACOCUS_clean  24.38417  ...  3.191740e-06  0.313515
3                           ACODAZ_clean  23.29182  ...  3.140320e-06  0.315277
4    acs.cgd.5b01554_VAGNUP1452791_clean   6.16218  ...  9.608350e-07  0.095646

[5 rows x 15 columns]
2025-09-28 06:28:29,888 | INFO | [Preprocess] Drop NaN rows (FEATURES+TARGET): 7760 -> 7760
           LCD       PLD      LFPD  ...  NAV_cm3_g  Has_OMS         Input
0     10.85017   3.77263  10.26663  ...        0.0        0  5.048940e-06
1     24.60642  13.03430  24.60642  ...        0.0        1  3.101800e-06
2     24.38417  13.22222  24.38417  ...        0.0        1  3.191740e-06
3     23.29182  13.11646  23.29182  ...        0.0        1  3.140320e-06
4      6.16218   5.13230   5.87594  ...        0.0        1  9.608350e-07
...        ...       ...       ...  ...        ...      ...           ...
7755   5.89251   3.41929   5.89251  ...        0.0        0  1.832300e-05
7756   4.42995   3.86732   4.42995  ...        0.0        0  2.508630e-05
7757   6.25511   5.54572   6.22585  ...        0.0        0  4.494260e-06
7758   4.94280   4.31959   4.93372  ...        0.0        1  1.369400e-06
7759  12.38418   6.85660  12.37540  ...        0.0        0  1.623630e-06

[7760 rows x 13 columns]
2025-09-28 06:28:29,911 | INFO | [Seeds] trial=5 | seeds={'seed': 57, 'seed_qt': 5052, 'seed_rd': 10052, 'model_seed': 15052}
Removed 8 rows from mis_lis
2025-09-28 06:28:30,025 | INFO | [Data] Loaded: ../Data_collect/DataSet_PLDSCREENED_2/Ar_313K/Ar_313K_Ar_313K_0.01_to_Ar_313K_1_dataset.csv | rows=7760 | cols=15
2025-09-28 06:28:30,026 | INFO | [Features] Using 13 features: ['LCD', 'PLD', 'LFPD', 'cm3_g', 'ASA_m2_cm3', 'ASA_m2_g', 'NASA_m2_cm3', 'NASA_m2_g', 'AV_VF', 'AV_cm3_g', 'NAV_cm3_g', 'Has_OMS', 'Input']
Removed 8 rows from mis_lis
2025-09-28 06:28:30,031 | INFO | [Data] Loaded: ../Data_collect/DataSet_PLDSCREENED_2/Ar_313K/Ar_313K_Ar_313K_Henry_to_Ar_313K_15_dataset.csv | rows=7760 | cols=15
2025-09-28 06:28:30,032 | INFO | [Features] Using 13 features: ['LCD', 'PLD', 'LFPD', 'cm3_g', 'ASA_m2_cm3', 'ASA_m2_g', 'NASA_m2_cm3', 'NASA_m2_g', 'AV_VF', 'AV_cm3_g', 'NAV_cm3_g', 'Has_OMS', 'Input']
                                filename       LCD  ...     Input    Output
0  1499489-acs.cgd.6b01265_1499490_clean  10.85017  ...  0.005118  0.483106
1                           ACOCOM_clean  24.60642  ...  0.003168  0.311217
2                           ACOCUS_clean  24.38417  ...  0.003187  0.313515
3                           ACODAZ_clean  23.29182  ...  0.003023  0.315277
4    acs.cgd.5b01554_VAGNUP1452791_clean   6.16218  ...  0.001002  0.095646

[5 rows x 15 columns]
2025-09-28 06:28:30,062 | INFO | [Preprocess] Drop NaN rows (FEATURES+TARGET): 7760 -> 7760
[-5.29679979 -5.50838621 -5.49597249 ... -5.34734181 -5.86346968
 -5.78951293]
200






[-5.29679979 -5.50838621 -5.49597249 ... -5.34734181 -5.86346968
 -5.78951293]
-7.1954367068036476 -0.9696553440892877
200





2025-09-28 06:28:30,069 | INFO | [S3 QT→RD] train(qt)=3104, train(rd)=3104, test=1552 (train_ratio=0.80, qt_frac_total=0.40, shift=0.000e+00)
                                filename       LCD  ...         Input    Output
0  1499489-acs.cgd.6b01265_1499490_clean  10.85017  ...  5.048940e-06  4.484627
1                           ACOCOM_clean  24.60642  ...  3.101800e-06  4.372880
2                           ACOCUS_clean  24.38417  ...  3.191740e-06  4.483099
3                           ACODAZ_clean  23.29182  ...  3.140320e-06  4.438173
4    acs.cgd.5b01554_VAGNUP1452791_clean   6.16218  ...  9.608350e-07  1.198039

[5 rows x 15 columns]
2025-09-28 06:28:30,090 | INFO | [Preprocess] Drop NaN rows (FEATURES+TARGET): 7760 -> 7760
           LCD       PLD      LFPD  ...  NAV_cm3_g  Has_OMS     Input
0     10.85017   3.77263  10.26663  ...        0.0        0  0.005118
1     24.60642  13.03430  24.60642  ...        0.0        1  0.003168
2     24.38417  13.22222  24.38417  ...        0.0        1  0.003187
3     23.29182  13.11646  23.29182  ...        0.0        1  0.003023
4      6.16218   5.13230   5.87594  ...        0.0        1  0.001002
...        ...       ...       ...  ...        ...      ...       ...
7755   5.89251   3.41929   5.89251  ...        0.0        0  0.018200
7756   4.42995   3.86732   4.42995  ...        0.0        0  0.024938
7757   6.25511   5.54572   6.22585  ...        0.0        0  0.004375
7758   4.94280   4.31959   4.93372  ...        0.0        1  0.001440
7759  12.38418   6.85660  12.37540  ...        0.0        0  0.001854

[7760 rows x 13 columns]
2025-09-28 06:28:30,096 | INFO | [Seeds] trial=5 | seeds={'seed': 57, 'seed_qt': 5052, 'seed_rd': 10052, 'model_seed': 15052}
Removed 8 rows from mis_lis
2025-09-28 06:28:30,108 | INFO | [Data] Loaded: ../Data_collect/DataSet_PLDSCREENED_2/Ar_313K/Ar_313K_Ar_313K_0.01_to_Ar_313K_5_dataset.csv | rows=7760 | cols=15
2025-09-28 06:28:30,108 | INFO | [Features] Using 13 features: ['LCD', 'PLD', 'LFPD', 'cm3_g', 'ASA_m2_cm3', 'ASA_m2_g', 'NASA_m2_cm3', 'NASA_m2_g', 'AV_VF', 'AV_cm3_g', 'NAV_cm3_g', 'Has_OMS', 'Input']
[-5.29679979 -5.50838621 -5.49597249 ... -5.34734181 -5.86346968
 -5.78951293]
200






[-5.29679979 -5.50838621 -5.49597249 ... -5.34734181 -5.86346968
 -5.78951293]
-7.1954367068036476 -0.9696553440892877
200





2025-09-28 06:28:30,115 | INFO | [S3 QT→RD] train(qt)=3104, train(rd)=3104, test=1552 (train_ratio=0.80, qt_frac_total=0.40, shift=0.000e+00)
           LCD       PLD      LFPD  ...  NAV_cm3_g  Has_OMS         Input
0     10.85017   3.77263  10.26663  ...        0.0        0  5.048940e-06
1     24.60642  13.03430  24.60642  ...        0.0        1  3.101800e-06
2     24.38417  13.22222  24.38417  ...        0.0        1  3.191740e-06
3     23.29182  13.11646  23.29182  ...        0.0        1  3.140320e-06
4      6.16218   5.13230   5.87594  ...        0.0        1  9.608350e-07
...        ...       ...       ...  ...        ...      ...           ...
7755   5.89251   3.41929   5.89251  ...        0.0        0  1.832300e-05
7756   4.42995   3.86732   4.42995  ...        0.0        0  2.508630e-05
7757   6.25511   5.54572   6.22585  ...        0.0        0  4.494260e-06
7758   4.94280   4.31959   4.93372  ...        0.0        1  1.369400e-06
7759  12.38418   6.85660  12.37540  ...        0.0        0  1.623630e-06

[7760 rows x 13 columns]
2025-09-28 06:28:30,125 | INFO | [Seeds] trial=5 | seeds={'seed': 57, 'seed_qt': 5052, 'seed_rd': 10052, 'model_seed': 15052}
                                filename       LCD  ...     Input    Output
0  1499489-acs.cgd.6b01265_1499490_clean  10.85017  ...  0.005118  2.040043
1                           ACOCOM_clean  24.60642  ...  0.003168  1.479258
2                           ACOCUS_clean  24.38417  ...  0.003187  1.531660
3                           ACODAZ_clean  23.29182  ...  0.003023  1.511265
4    acs.cgd.5b01554_VAGNUP1452791_clean   6.16218  ...  0.001002  0.440603

[5 rows x 15 columns]
2025-09-28 06:28:30,143 | INFO | [Preprocess] Drop NaN rows (FEATURES+TARGET): 7760 -> 7760
           LCD       PLD      LFPD  ...  NAV_cm3_g  Has_OMS     Input
0     10.85017   3.77263  10.26663  ...        0.0        0  0.005118
1     24.60642  13.03430  24.60642  ...        0.0        1  0.003168
2     24.38417  13.22222  24.38417  ...        0.0        1  0.003187
3     23.29182  13.11646  23.29182  ...        0.0        1  0.003023
4      6.16218   5.13230   5.87594  ...        0.0        1  0.001002
...        ...       ...       ...  ...        ...      ...       ...
7755   5.89251   3.41929   5.89251  ...        0.0        0  0.018200
7756   4.42995   3.86732   4.42995  ...        0.0        0  0.024938
7757   6.25511   5.54572   6.22585  ...        0.0        0  0.004375
7758   4.94280   4.31959   4.93372  ...        0.0        1  0.001440
7759  12.38418   6.85660  12.37540  ...        0.0        0  0.001854

[7760 rows x 13 columns]
2025-09-28 06:28:30,199 | INFO | [Seeds] trial=5 | seeds={'seed': 57, 'seed_qt': 5052, 'seed_rd': 10052, 'model_seed': 15052}
[-2.29089161 -2.49924138 -2.49657928 ... -2.35904587 -2.84157822
 -2.73177705]
200






[-2.29089161 -2.49924138 -2.49657928 ... -2.35904587 -2.84157822
 -2.73177705]
-4.195879657951556 0.507194573760734
200





2025-09-28 06:28:30,294 | INFO | [S3 QT→RD] train(qt)=3104, train(rd)=3104, test=1552 (train_ratio=0.80, qt_frac_total=0.40, shift=0.000e+00)
[-5.29679979 -5.50838621 -5.49597249 ... -5.34734181 -5.86346968
 -5.78951293]
200






[-5.29679979 -5.50838621 -5.49597249 ... -5.34734181 -5.86346968
 -5.78951293]
-7.1954367068036476 -0.9696553440892877
200





2025-09-28 06:28:30,322 | INFO | [S3 QT→RD] train(qt)=3104, train(rd)=3104, test=1552 (train_ratio=0.80, qt_frac_total=0.40, shift=0.000e+00)
[-2.29089161 -2.49924138 -2.49657928 ... -2.35904587 -2.84157822
 -2.73177705]
200






[-2.29089161 -2.49924138 -2.49657928 ... -2.35904587 -2.84157822
 -2.73177705]
-4.195879657951556 0.507194573760734
200





2025-09-28 06:28:30,374 | INFO | [S3 QT→RD] train(qt)=3104, train(rd)=3104, test=1552 (train_ratio=0.80, qt_frac_total=0.40, shift=0.000e+00)
2025-09-28 06:28:31,678 | INFO | [Save] sampling scatter & histogram plots
2025-09-28 06:28:31,769 | INFO | [Save] sampling scatter & histogram plots
           LCD       PLD      LFPD  ...  NAV_cm3_g  Has_OMS         Input
0     10.85017   3.77263  10.26663  ...        0.0        0  5.048940e-06
1     24.60642  13.03430  24.60642  ...        0.0        1  3.101800e-06
2     24.38417  13.22222  24.38417  ...        0.0        1  3.191740e-06
3     23.29182  13.11646  23.29182  ...        0.0        1  3.140320e-06
4      6.16218   5.13230   5.87594  ...        0.0        1  9.608350e-07
...        ...       ...       ...  ...        ...      ...           ...
7755   5.89251   3.41929   5.89251  ...        0.0        0  1.832300e-05
7756   4.42995   3.86732   4.42995  ...        0.0        0  2.508630e-05
7757   6.25511   5.54572   6.22585  ...        0.0        0  4.494260e-06
7758   4.94280   4.31959   4.93372  ...        0.0        1  1.369400e-06
7759  12.38418   6.85660  12.37540  ...        0.0        0  1.623630e-06

[7760 rows x 13 columns]
Index(['LCD', 'PLD', 'LFPD', 'cm3_g', 'ASA_m2_cm3', 'ASA_m2_g', 'NASA_m2_cm3',
       'NASA_m2_g', 'AV_VF', 'AV_cm3_g', 'NAV_cm3_g', 'Has_OMS', 'Input'],
      dtype='object')
2025-09-28 06:28:31,904 | INFO | [Model] kind=cat | params={'iterations': 500, 'learning_rate': 0.05, 'depth': 8, 'loss_function': 'RMSE', 'random_seed': 15052, 'verbose': False}
2025-09-28 06:28:31,904 | INFO | [Holdout_trial005] Train=6208 | Test=1552
2025-09-28 06:28:31,950 | INFO | [Save] sampling scatter & histogram plots
           LCD       PLD      LFPD  ...  NAV_cm3_g  Has_OMS         Input
0     10.85017   3.77263  10.26663  ...        0.0        0  5.048940e-06
1     24.60642  13.03430  24.60642  ...        0.0        1  3.101800e-06
2     24.38417  13.22222  24.38417  ...        0.0        1  3.191740e-06
3     23.29182  13.11646  23.29182  ...        0.0        1  3.140320e-06
4      6.16218   5.13230   5.87594  ...        0.0        1  9.608350e-07
...        ...       ...       ...  ...        ...      ...           ...
7755   5.89251   3.41929   5.89251  ...        0.0        0  1.832300e-05
7756   4.42995   3.86732   4.42995  ...        0.0        0  2.508630e-05
7757   6.25511   5.54572   6.22585  ...        0.0        0  4.494260e-06
7758   4.94280   4.31959   4.93372  ...        0.0        1  1.369400e-06
7759  12.38418   6.85660  12.37540  ...        0.0        0  1.623630e-06

[7760 rows x 13 columns]
Index(['LCD', 'PLD', 'LFPD', 'cm3_g', 'ASA_m2_cm3', 'ASA_m2_g', 'NASA_m2_cm3',
       'NASA_m2_g', 'AV_VF', 'AV_cm3_g', 'NAV_cm3_g', 'Has_OMS', 'Input'],
      dtype='object')
2025-09-28 06:28:31,960 | INFO | [Model] kind=cat | params={'iterations': 500, 'learning_rate': 0.05, 'depth': 8, 'loss_function': 'RMSE', 'random_seed': 15052, 'verbose': False}
2025-09-28 06:28:31,960 | INFO | [Holdout_trial005] Train=6208 | Test=1552
2025-09-28 06:28:31,985 | INFO | [Save] sampling scatter & histogram plots
2025-09-28 06:28:32,105 | INFO | [Save] sampling scatter & histogram plots
           LCD       PLD      LFPD  ...  NAV_cm3_g  Has_OMS         Input
0     10.85017   3.77263  10.26663  ...        0.0        0  5.048940e-06
1     24.60642  13.03430  24.60642  ...        0.0        1  3.101800e-06
2     24.38417  13.22222  24.38417  ...        0.0        1  3.191740e-06
3     23.29182  13.11646  23.29182  ...        0.0        1  3.140320e-06
4      6.16218   5.13230   5.87594  ...        0.0        1  9.608350e-07
...        ...       ...       ...  ...        ...      ...           ...
7755   5.89251   3.41929   5.89251  ...        0.0        0  1.832300e-05
7756   4.42995   3.86732   4.42995  ...        0.0        0  2.508630e-05
7757   6.25511   5.54572   6.22585  ...        0.0        0  4.494260e-06
7758   4.94280   4.31959   4.93372  ...        0.0        1  1.369400e-06
7759  12.38418   6.85660  12.37540  ...        0.0        0  1.623630e-06

[7760 rows x 13 columns]
Index(['LCD', 'PLD', 'LFPD', 'cm3_g', 'ASA_m2_cm3', 'ASA_m2_g', 'NASA_m2_cm3',
       'NASA_m2_g', 'AV_VF', 'AV_cm3_g', 'NAV_cm3_g', 'Has_OMS', 'Input'],
      dtype='object')
2025-09-28 06:28:32,175 | INFO | [Model] kind=cat | params={'iterations': 500, 'learning_rate': 0.05, 'depth': 8, 'loss_function': 'RMSE', 'random_seed': 15052, 'verbose': False}
2025-09-28 06:28:32,175 | INFO | [Holdout_trial005] Train=6208 | Test=1552
           LCD       PLD      LFPD  ...  NAV_cm3_g  Has_OMS     Input
0     10.85017   3.77263  10.26663  ...        0.0        0  0.005118
1     24.60642  13.03430  24.60642  ...        0.0        1  0.003168
2     24.38417  13.22222  24.38417  ...        0.0        1  0.003187
3     23.29182  13.11646  23.29182  ...        0.0        1  0.003023
4      6.16218   5.13230   5.87594  ...        0.0        1  0.001002
...        ...       ...       ...  ...        ...      ...       ...
7755   5.89251   3.41929   5.89251  ...        0.0        0  0.018200
7756   4.42995   3.86732   4.42995  ...        0.0        0  0.024938
7757   6.25511   5.54572   6.22585  ...        0.0        0  0.004375
7758   4.94280   4.31959   4.93372  ...        0.0        1  0.001440
7759  12.38418   6.85660  12.37540  ...        0.0        0  0.001854

[7760 rows x 13 columns]
Index(['LCD', 'PLD', 'LFPD', 'cm3_g', 'ASA_m2_cm3', 'ASA_m2_g', 'NASA_m2_cm3',
       'NASA_m2_g', 'AV_VF', 'AV_cm3_g', 'NAV_cm3_g', 'Has_OMS', 'Input'],
      dtype='object')
2025-09-28 06:28:32,189 | INFO | [Model] kind=cat | params={'iterations': 500, 'learning_rate': 0.05, 'depth': 8, 'loss_function': 'RMSE', 'random_seed': 15052, 'verbose': False}
2025-09-28 06:28:32,189 | INFO | [Holdout_trial005] Train=6208 | Test=1552
           LCD       PLD      LFPD  ...  NAV_cm3_g  Has_OMS     Input
0     10.85017   3.77263  10.26663  ...        0.0        0  0.005118
1     24.60642  13.03430  24.60642  ...        0.0        1  0.003168
2     24.38417  13.22222  24.38417  ...        0.0        1  0.003187
3     23.29182  13.11646  23.29182  ...        0.0        1  0.003023
4      6.16218   5.13230   5.87594  ...        0.0        1  0.001002
...        ...       ...       ...  ...        ...      ...       ...
7755   5.89251   3.41929   5.89251  ...        0.0        0  0.018200
7756   4.42995   3.86732   4.42995  ...        0.0        0  0.024938
7757   6.25511   5.54572   6.22585  ...        0.0        0  0.004375
7758   4.94280   4.31959   4.93372  ...        0.0        1  0.001440
7759  12.38418   6.85660  12.37540  ...        0.0        0  0.001854

[7760 rows x 13 columns]
Index(['LCD', 'PLD', 'LFPD', 'cm3_g', 'ASA_m2_cm3', 'ASA_m2_g', 'NASA_m2_cm3',
       'NASA_m2_g', 'AV_VF', 'AV_cm3_g', 'NAV_cm3_g', 'Has_OMS', 'Input'],
      dtype='object')
2025-09-28 06:28:32,332 | INFO | [Model] kind=cat | params={'iterations': 500, 'learning_rate': 0.05, 'depth': 8, 'loss_function': 'RMSE', 'random_seed': 15052, 'verbose': False}
2025-09-28 06:28:32,333 | INFO | [Holdout_trial005] Train=6208 | Test=1552
2025-09-28 06:28:33,656 | INFO | [Timing_trial001] fit_time=11.344s
2025-09-28 06:28:33,681 | INFO | [Timing_trial001] predict_time=0.025s
1       1.479258
3       1.511265
4       0.440603
6       1.730242
18      1.106109
          ...   
7727    1.318690
7736    1.894753
7739    1.124678
7743    1.321119
7750    1.232986
Name: Output, Length: 1552, dtype: float64 [1.46602057 1.48347847 0.44918708 ... 1.02594054 1.36842413 1.25731925] 




2025-09-28 06:28:33,686 | INFO | [Metrics_trial001] R2=0.979114 | MAE=0.036984 | RMSE=0.003623 | MAPE%=3.401
2025-09-28 06:28:33,701 | INFO | [Save] predictions_holdout_trial001.csv
2025-09-28 06:28:33,702 | INFO | [Save] metrics_holdout_trial001.csv
2025-09-28 06:28:33,703 | INFO | [Save] feature_importances_holdout_trial001.csv
2025-09-28 06:28:33,703 | INFO | [Save] model_params_trial001.json
2025-09-28 06:28:33,703 | INFO | [Done] trial=1 | outputs at: try14_Ar273_and_313_re_LOWsensitivity/Ar_313_0.1_to_5__struct+input__qt_then_rd__cat_TRAIN_RATIO0.8_QTFRAC_0.8/trial_001
2025-09-28 06:28:33,794 | INFO | [Timing_trial001] fit_time=12.311s
2025-09-28 06:28:33,796 | INFO | [Timing_trial001] predict_time=0.003s
2       4.483099
6       4.249690
8       3.340983
16      1.675187
22      0.995108
          ...   
7734    4.474294
7743    2.864192
7745    1.656129
7747    1.176728
7753    2.829171
Name: Output, Length: 1552, dtype: float64 [4.24587737 4.29319423 3.41630016 ... 1.59116429 1.26963822 2.8905649 ] 




2025-09-28 06:28:33,801 | INFO | [Metrics_trial001] R2=0.967838 | MAE=0.122862 | RMSE=0.030620 | MAPE%=5.004
2025-09-28 06:28:33,831 | INFO | [Timing_trial001] fit_time=12.402s
2025-09-28 06:28:33,834 | INFO | [Timing_trial001] predict_time=0.003s
1       0.311217
3       0.315277
6       0.394279
13      0.367632
22      0.100917
          ...   
7731    0.251254
7740    0.305551
7743    0.319707
7746    0.268436
7754    0.439028
Name: Output, Length: 1552, dtype: float64 [0.30374074 0.31097252 0.38721387 ... 0.33118153 0.26349727 0.42540878] 




2025-09-28 06:28:33,839 | INFO | [Metrics_trial001] R2=0.994120 | MAE=0.005712 | RMSE=0.000074 | MAPE%=2.240
2025-09-28 06:28:33,845 | INFO | [Save] predictions_holdout_trial001.csv
2025-09-28 06:28:33,846 | INFO | [Save] metrics_holdout_trial001.csv
2025-09-28 06:28:33,847 | INFO | [Save] feature_importances_holdout_trial001.csv
2025-09-28 06:28:33,847 | INFO | [Save] model_params_trial001.json
2025-09-28 06:28:33,847 | INFO | [Done] trial=1 | outputs at: try14_Ar273_and_313_re_LOWsensitivity/Ar_313_0.01_to_15__struct+input__qt_then_rd__cat_TRAIN_RATIO0.8_QTFRAC_0.8/trial_001
2025-09-28 06:28:33,854 | INFO | [Save] predictions_holdout_trial001.csv
2025-09-28 06:28:33,878 | INFO | [Save] metrics_holdout_trial001.csv
2025-09-28 06:28:33,879 | INFO | [Save] feature_importances_holdout_trial001.csv
2025-09-28 06:28:33,879 | INFO | [Save] model_params_trial001.json
2025-09-28 06:28:33,879 | INFO | [Done] trial=1 | outputs at: try14_Ar273_and_313_re_LOWsensitivity/Ar_313_0.05_to_1__struct+input__qt_then_rd__cat_TRAIN_RATIO0.8_QTFRAC_0.8/trial_001
2025-09-28 06:28:34,126 | INFO | [Timing_trial001] fit_time=12.515s
2025-09-28 06:28:34,129 | INFO | [Timing_trial001] predict_time=0.003s
1       1.479258
3       1.511265
6       1.730242
13      1.478515
22      0.432908
          ...   
7731    1.071475
7740    1.061976
7743    1.321119
7746    1.242084
7754    1.652706
Name: Output, Length: 1552, dtype: float64 [1.48443729 1.48825306 1.68697475 ... 1.36517215 1.19776574 1.6403824 ] 




2025-09-28 06:28:34,134 | INFO | [Metrics_trial001] R2=0.980109 | MAE=0.038742 | RMSE=0.003603 | MAPE%=3.461
2025-09-28 06:28:34,150 | INFO | [Save] predictions_holdout_trial001.csv
2025-09-28 06:28:34,151 | INFO | [Save] metrics_holdout_trial001.csv
2025-09-28 06:28:34,171 | INFO | [Save] feature_importances_holdout_trial001.csv
2025-09-28 06:28:34,171 | INFO | [Save] model_params_trial001.json
2025-09-28 06:28:34,171 | INFO | [Done] trial=1 | outputs at: try14_Ar273_and_313_re_LOWsensitivity/Ar_313_0.05_to_5__struct+input__qt_then_rd__cat_TRAIN_RATIO0.8_QTFRAC_0.8/trial_001
Running commands:  67%|██████████████████████████████               | 20/30 [00:39<00:07,  1.42it/s]2025-09-28 06:28:34,478 | INFO | [Timing_trial001] fit_time=12.516s
2025-09-28 06:28:34,481 | INFO | [Timing_trial001] predict_time=0.003s
1       0.311217
3       0.315277
4       0.095646
6       0.394279
18      0.323187
          ...   
7727    0.281700
7736    0.471310
7739    0.299625
7743    0.319707
7750    0.290335
Name: Output, Length: 1552, dtype: float64 [0.30060655 0.30780356 0.09709362 ... 0.29721058 0.33238389 0.29111179] 




2025-09-28 06:28:34,486 | INFO | [Metrics_trial001] R2=0.994208 | MAE=0.005248 | RMSE=0.000068 | MAPE%=2.107
2025-09-28 06:28:34,502 | INFO | [Save] predictions_holdout_trial001.csv
2025-09-28 06:28:34,526 | INFO | [Save] metrics_holdout_trial001.csv
2025-09-28 06:28:34,526 | INFO | [Save] feature_importances_holdout_trial001.csv
2025-09-28 06:28:34,526 | INFO | [Save] model_params_trial001.json
2025-09-28 06:28:34,527 | INFO | [Done] trial=1 | outputs at: try14_Ar273_and_313_re_LOWsensitivity/Ar_313_0.1_to_1__struct+input__qt_then_rd__cat_TRAIN_RATIO0.8_QTFRAC_0.8/trial_001
[OK] python pipeline_single_trial_QT_LOGSAMPLE.py --data ../Data_collect/DataSet_PLDSCREENED_2/Ar_273K/Ar_273K_Ar_273K_0.01_to_Ar_273K_5_dataset.csv --outdir try14_Ar273_and_313_re_LOWsensitivity/Ar_273_0.01_to_5__struct+input__qt_then_rd__cat_TRAIN_RATIO0.8_QTFRAC_0.8 --seed-base 52 --features struct+input --sample qt_then_rd --model cat --n-bins 200 --train-ratio 0.8 --qt-frac 0.4 --trial 5
[OK] python pipeline_single_trial_QT_LOGSAMPLE.py --data ../Data_collect/DataSet_PLDSCREENED_2/Ar_273K/Ar_273K_Ar_273K_Henry_to_Ar_273K_1_dataset.csv --outdir try14_Ar273_and_313_re_LOWsensitivity/Ar_273_Henry_to_1__struct+input__qt_then_rd__cat_TRAIN_RATIO0.8_QTFRAC_0.8 --seed-base 52 --features struct+input --sample qt_then_rd --model cat --n-bins 200 --train-ratio 0.8 --qt-frac 0.4 --trial 5
[OK] python pipeline_single_trial_QT_LOGSAMPLE.py --data ../Data_collect/DataSet_PLDSCREENED_2/Ar_273K/Ar_273K_Ar_273K_0.05_to_Ar_273K_15_dataset.csv --outdir try14_Ar273_and_313_re_LOWsensitivity/Ar_273_0.05_to_15__struct+input__qt_then_rd__cat_TRAIN_RATIO0.8_QTFRAC_0.8 --seed-base 52 --features struct+input --sample qt_then_rd --model cat --n-bins 200 --train-ratio 0.8 --qt-frac 0.4 --trial 5
[OK] python pipeline_single_trial_QT_LOGSAMPLE.py --data ../Data_collect/DataSet_PLDSCREENED_2/Ar_273K/Ar_273K_Ar_273K_Henry_to_Ar_273K_15_dataset.csv --outdir try14_Ar273_and_313_re_LOWsensitivity/Ar_273_Henry_to_15__struct+input__qt_then_rd__cat_TRAIN_RATIO0.8_QTFRAC_0.8 --seed-base 52 --features struct+input --sample qt_then_rd --model cat --n-bins 200 --train-ratio 0.8 --qt-frac 0.4 --trial 5
[OK] python pipeline_single_trial_QT_LOGSAMPLE.py --data ../Data_collect/DataSet_PLDSCREENED_2/Ar_273K/Ar_273K_Ar_273K_0.05_to_Ar_273K_1_dataset.csv --outdir try14_Ar273_and_313_re_LOWsensitivity/Ar_273_0.05_to_1__struct+input__qt_then_rd__cat_TRAIN_RATIO0.8_QTFRAC_0.8 --seed-base 52 --features struct+input --sample qt_then_rd --model cat --n-bins 200 --train-ratio 0.8 --qt-frac 0.4 --trial 5
[OK] python pipeline_single_trial_QT_LOGSAMPLE.py --data ../Data_collect/DataSet_PLDSCREENED_2/Ar_273K/Ar_273K_Ar_273K_Henry_to_Ar_273K_5_dataset.csv --outdir try14_Ar273_and_313_re_LOWsensitivity/Ar_273_Henry_to_5__struct+input__qt_then_rd__cat_TRAIN_RATIO0.8_QTFRAC_0.8 --seed-base 52 --features struct+input --sample qt_then_rd --model cat --n-bins 200 --train-ratio 0.8 --qt-frac 0.4 --trial 5
[OK] python pipeline_single_trial_QT_LOGSAMPLE.py --data ../Data_collect/DataSet_PLDSCREENED_2/Ar_273K/Ar_273K_Ar_273K_0.01_to_Ar_273K_1_dataset.csv --outdir try14_Ar273_and_313_re_LOWsensitivity/Ar_273_0.01_to_1__struct+input__qt_then_rd__cat_TRAIN_RATIO0.8_QTFRAC_0.8 --seed-base 52 --features struct+input --sample qt_then_rd --model cat --n-bins 200 --train-ratio 0.8 --qt-frac 0.4 --trial 5
[OK] python pipeline_single_trial_QT_LOGSAMPLE.py --data ../Data_collect/DataSet_PLDSCREENED_2/Ar_273K/Ar_273K_Ar_273K_0.05_to_Ar_273K_5_dataset.csv --outdir try14_Ar273_and_313_re_LOWsensitivity/Ar_273_0.05_to_5__struct+input__qt_then_rd__cat_TRAIN_RATIO0.8_QTFRAC_0.8 --seed-base 52 --features struct+input --sample qt_then_rd --model cat --n-bins 200 --train-ratio 0.8 --qt-frac 0.4 --trial 5
[OK] python pipeline_single_trial_QT_LOGSAMPLE.py --data ../Data_collect/DataSet_PLDSCREENED_2/Ar_273K/Ar_273K_Ar_273K_0.1_to_Ar_273K_1_dataset.csv --outdir try14_Ar273_and_313_re_LOWsensitivity/Ar_273_0.1_to_1__struct+input__qt_then_rd__cat_TRAIN_RATIO0.8_QTFRAC_0.8 --seed-base 52 --features struct+input --sample qt_then_rd --model cat --n-bins 200 --train-ratio 0.8 --qt-frac 0.4 --trial 5
[OK] python pipeline_single_trial_QT_LOGSAMPLE.py --data ../Data_collect/DataSet_PLDSCREENED_2/Ar_273K/Ar_273K_Ar_273K_0.01_to_Ar_273K_15_dataset.csv --outdir try14_Ar273_and_313_re_LOWsensitivity/Ar_273_0.01_to_15__struct+input__qt_then_rd__cat_TRAIN_RATIO0.8_QTFRAC_0.8 --seed-base 52 --features struct+input --sample qt_then_rd --model cat --n-bins 200 --train-ratio 0.8 --qt-frac 0.4 --trial 5
[OK] python pipeline_single_trial_QT_LOGSAMPLE.py --data ../Data_collect/DataSet_PLDSCREENED_2/Ar_313K/Ar_313K_Ar_313K_0.01_to_Ar_313K_1_dataset.csv --outdir try14_Ar273_and_313_re_LOWsensitivity/Ar_313_0.01_to_1__struct+input__qt_then_rd__cat_TRAIN_RATIO0.8_QTFRAC_0.8 --seed-base 52 --features struct+input --sample qt_then_rd --model cat --n-bins 200 --train-ratio 0.8 --qt-frac 0.4 --trial 1
[OK] python pipeline_single_trial_QT_LOGSAMPLE.py --data ../Data_collect/DataSet_PLDSCREENED_2/Ar_313K/Ar_313K_Ar_313K_Henry_to_Ar_313K_5_dataset.csv --outdir try14_Ar273_and_313_re_LOWsensitivity/Ar_313_Henry_to_5__struct+input__qt_then_rd__cat_TRAIN_RATIO0.8_QTFRAC_0.8 --seed-base 52 --features struct+input --sample qt_then_rd --model cat --n-bins 200 --train-ratio 0.8 --qt-frac 0.4 --trial 1
[OK] python pipeline_single_trial_QT_LOGSAMPLE.py --data ../Data_collect/DataSet_PLDSCREENED_2/Ar_313K/Ar_313K_Ar_313K_Henry_to_Ar_313K_1_dataset.csv --outdir try14_Ar273_and_313_re_LOWsensitivity/Ar_313_Henry_to_1__struct+input__qt_then_rd__cat_TRAIN_RATIO0.8_QTFRAC_0.8 --seed-base 52 --features struct+input --sample qt_then_rd --model cat --n-bins 200 --train-ratio 0.8 --qt-frac 0.4 --trial 1
[OK] python pipeline_single_trial_QT_LOGSAMPLE.py --data ../Data_collect/DataSet_PLDSCREENED_2/Ar_313K/Ar_313K_Ar_313K_Henry_to_Ar_313K_15_dataset.csv --outdir try14_Ar273_and_313_re_LOWsensitivity/Ar_313_Henry_to_15__struct+input__qt_then_rd__cat_TRAIN_RATIO0.8_QTFRAC_0.8 --seed-base 52 --features struct+input --sample qt_then_rd --model cat --n-bins 200 --train-ratio 0.8 --qt-frac 0.4 --trial 1
[OK] python pipeline_single_trial_QT_LOGSAMPLE.py --data ../Data_collect/DataSet_PLDSCREENED_2/Ar_313K/Ar_313K_Ar_313K_0.01_to_Ar_313K_5_dataset.csv --outdir try14_Ar273_and_313_re_LOWsensitivity/Ar_313_0.01_to_5__struct+input__qt_then_rd__cat_TRAIN_RATIO0.8_QTFRAC_0.8 --seed-base 52 --features struct+input --sample qt_then_rd --model cat --n-bins 200 --train-ratio 0.8 --qt-frac 0.4 --trial 1
[OK] python pipeline_single_trial_QT_LOGSAMPLE.py --data ../Data_collect/DataSet_PLDSCREENED_2/Ar_273K/Ar_273K_Ar_273K_0.1_to_Ar_273K_5_dataset.csv --outdir try14_Ar273_and_313_re_LOWsensitivity/Ar_273_0.1_to_5__struct+input__qt_then_rd__cat_TRAIN_RATIO0.8_QTFRAC_0.8 --seed-base 52 --features struct+input --sample qt_then_rd --model cat --n-bins 200 --train-ratio 0.8 --qt-frac 0.4 --trial 5
[OK] python pipeline_single_trial_QT_LOGSAMPLE.py --data ../Data_collect/DataSet_PLDSCREENED_2/Ar_273K/Ar_273K_Ar_273K_0.5_to_Ar_273K_1_dataset.csv --outdir try14_Ar273_and_313_re_LOWsensitivity/Ar_273_0.5_to_1__struct+input__qt_then_rd__cat_TRAIN_RATIO0.8_QTFRAC_0.8 --seed-base 52 --features struct+input --sample qt_then_rd --model cat --n-bins 200 --train-ratio 0.8 --qt-frac 0.4 --trial 5
[OK] python pipeline_single_trial_QT_LOGSAMPLE.py --data ../Data_collect/DataSet_PLDSCREENED_2/Ar_273K/Ar_273K_Ar_273K_0.1_to_Ar_273K_15_dataset.csv --outdir try14_Ar273_and_313_re_LOWsensitivity/Ar_273_0.1_to_15__struct+input__qt_then_rd__cat_TRAIN_RATIO0.8_QTFRAC_0.8 --seed-base 52 --features struct+input --sample qt_then_rd --model cat --n-bins 200 --train-ratio 0.8 --qt-frac 0.4 --trial 5
[OK] python pipeline_single_trial_QT_LOGSAMPLE.py --data ../Data_collect/DataSet_PLDSCREENED_2/Ar_273K/Ar_273K_Ar_273K_0.5_to_Ar_273K_5_dataset.csv --outdir try14_Ar273_and_313_re_LOWsensitivity/Ar_273_0.5_to_5__struct+input__qt_then_rd__cat_TRAIN_RATIO0.8_QTFRAC_0.8 --seed-base 52 --features struct+input --sample qt_then_rd --model cat --n-bins 200 --train-ratio 0.8 --qt-frac 0.4 --trial 5
[OK] python pipeline_single_trial_QT_LOGSAMPLE.py --data ../Data_collect/DataSet_PLDSCREENED_2/Ar_273K/Ar_273K_Ar_273K_0.5_to_Ar_273K_15_dataset.csv --outdir try14_Ar273_and_313_re_LOWsensitivity/Ar_273_0.5_to_15__struct+input__qt_then_rd__cat_TRAIN_RATIO0.8_QTFRAC_0.8 --seed-base 52 --features struct+input --sample qt_then_rd --model cat --n-bins 200 --train-ratio 0.8 --qt-frac 0.4 --trial 5
Running commands:  70%|███████████████████████████████▍             | 21/30 [00:40<00:29,  3.26s/it]2025-09-28 06:28:34,652 | INFO | [Timing_trial001] fit_time=12.766s
2025-09-28 06:28:34,655 | INFO | [Timing_trial001] predict_time=0.003s
1       4.372880
3       4.438173
6       4.249690
13      3.531657
22      0.995108
          ...   
7731    2.492850
7740    2.187709
7743    2.864192
7746    3.391430
7754    3.262399
Name: Output, Length: 1552, dtype: float64 [4.24201212 4.2437178  4.20699913 ... 3.13371039 3.16507893 3.21606834] 




2025-09-28 06:28:34,660 | INFO | [Metrics_trial001] R2=0.971025 | MAE=0.118242 | RMSE=0.028942 | MAPE%=4.793
2025-09-28 06:28:34,676 | INFO | [Save] predictions_holdout_trial001.csv
2025-09-28 06:28:34,699 | INFO | [Save] metrics_holdout_trial001.csv
2025-09-28 06:28:34,700 | INFO | [Save] feature_importances_holdout_trial001.csv
2025-09-28 06:28:34,701 | INFO | [Save] model_params_trial001.json
2025-09-28 06:28:34,701 | INFO | [Done] trial=1 | outputs at: try14_Ar273_and_313_re_LOWsensitivity/Ar_313_0.05_to_15__struct+input__qt_then_rd__cat_TRAIN_RATIO0.8_QTFRAC_0.8/trial_001
Running commands:  73%|█████████████████████████████████            | 22/30 [00:40<00:21,  2.74s/it]Running commands:  80%|████████████████████████████████████         | 24/30 [00:41<00:11,  1.86s/it]Running commands:  83%|█████████████████████████████████████▌       | 25/30 [00:41<00:07,  1.56s/it]Running commands:  87%|███████████████████████████████████████      | 26/30 [00:41<00:05,  1.27s/it]2025-09-28 06:28:36,063 | INFO | [Timing_trial001] fit_time=13.588s
2025-09-28 06:28:36,076 | INFO | [Timing_trial001] predict_time=0.013s
1       4.372880
3       4.438173
4       1.198039
6       4.249690
18      1.894958
          ...   
7727    3.618201
7736    3.963281
7739    2.119724
7743    2.864192
7750    2.804021
Name: Output, Length: 1552, dtype: float64 [4.14824198 4.24457092 1.19303154 ... 1.84238258 3.12719136 2.8353447 ] 




2025-09-28 06:28:36,081 | INFO | [Metrics_trial001] R2=0.969706 | MAE=0.116344 | RMSE=0.029292 | MAPE%=4.854
2025-09-28 06:28:36,107 | INFO | [Save] predictions_holdout_trial001.csv
2025-09-28 06:28:36,108 | INFO | [Save] metrics_holdout_trial001.csv
2025-09-28 06:28:36,109 | INFO | [Save] feature_importances_holdout_trial001.csv
2025-09-28 06:28:36,109 | INFO | [Save] model_params_trial001.json
2025-09-28 06:28:36,109 | INFO | [Done] trial=1 | outputs at: try14_Ar273_and_313_re_LOWsensitivity/Ar_313_0.1_to_15__struct+input__qt_then_rd__cat_TRAIN_RATIO0.8_QTFRAC_0.8/trial_001
2025-09-28 06:28:36,623 | INFO | [Timing_trial001] fit_time=13.700s
2025-09-28 06:28:36,626 | INFO | [Timing_trial001] predict_time=0.003s
1       1.479258
6       1.730242
8       1.199966
13      1.478515
19      0.609188
          ...   
7731    1.071475
7741    0.653032
7743    1.321119
7745    0.816461
7751    1.034491
Name: Output, Length: 1552, dtype: float64 [1.48381154 1.72176449 1.22427671 ... 1.35928426 0.8119085  1.07160141] 




2025-09-28 06:28:36,631 | INFO | [Metrics_trial001] R2=0.982865 | MAE=0.033405 | RMSE=0.002963 | MAPE%=2.951
2025-09-28 06:28:36,646 | INFO | [Save] predictions_holdout_trial001.csv
2025-09-28 06:28:36,648 | INFO | [Save] metrics_holdout_trial001.csv
2025-09-28 06:28:36,655 | INFO | [Timing_trial001] fit_time=13.918s
2025-09-28 06:28:36,658 | INFO | [Timing_trial001] predict_time=0.003s
1       0.311217
6       0.394279
8       0.257619
13      0.367632
19      0.127038
          ...   
7731    0.251254
7741    0.140035
7743    0.319707
7745    0.207288
7751    0.257848
Name: Output, Length: 1552, dtype: float64 [0.30970129 0.38571092 0.25916803 ... 0.32119686 0.21288295 0.25895404] 




2025-09-28 06:28:36,662 | INFO | [Metrics_trial001] R2=0.997065 | MAE=0.004175 | RMSE=0.000036 | MAPE%=1.646
2025-09-28 06:28:36,671 | INFO | [Save] feature_importances_holdout_trial001.csv
2025-09-28 06:28:36,671 | INFO | [Save] model_params_trial001.json
2025-09-28 06:28:36,671 | INFO | [Done] trial=1 | outputs at: try14_Ar273_and_313_re_LOWsensitivity/Ar_313_0.5_to_5__struct+input__qt_then_rd__cat_TRAIN_RATIO0.8_QTFRAC_0.8/trial_001
2025-09-28 06:28:36,677 | INFO | [Save] predictions_holdout_trial001.csv
2025-09-28 06:28:36,679 | INFO | [Save] metrics_holdout_trial001.csv
2025-09-28 06:28:36,702 | INFO | [Save] feature_importances_holdout_trial001.csv
2025-09-28 06:28:36,702 | INFO | [Save] model_params_trial001.json
2025-09-28 06:28:36,702 | INFO | [Done] trial=1 | outputs at: try14_Ar273_and_313_re_LOWsensitivity/Ar_313_0.5_to_1__struct+input__qt_then_rd__cat_TRAIN_RATIO0.8_QTFRAC_0.8/trial_001
2025-09-28 06:28:36,758 | INFO | [Timing_trial002] fit_time=11.638s
2025-09-28 06:28:36,761 | INFO | [Timing_trial002] predict_time=0.003s
0       4.484627
3       4.438173
12      4.842817
21      2.178789
26      2.629474
          ...   
7735    1.442535
7740    2.187709
7746    3.391430
7751    2.250189
7757    4.816205
Name: Output, Length: 1552, dtype: float64 [4.24285643 4.20149985 4.01484246 ... 3.16178479 2.42348116 4.67706338] 




2025-09-28 06:28:36,765 | INFO | [Metrics_trial002] R2=0.970569 | MAE=0.116222 | RMSE=0.028698 | MAPE%=4.811
2025-09-28 06:28:36,794 | INFO | [Save] predictions_holdout_trial002.csv
2025-09-28 06:28:36,801 | INFO | [Save] metrics_holdout_trial002.csv
2025-09-28 06:28:36,802 | INFO | [Save] feature_importances_holdout_trial002.csv
2025-09-28 06:28:36,802 | INFO | [Save] model_params_trial002.json
2025-09-28 06:28:36,802 | INFO | [Done] trial=2 | outputs at: try14_Ar273_and_313_re_LOWsensitivity/Ar_313_0.1_to_15__struct+input__qt_then_rd__cat_TRAIN_RATIO0.8_QTFRAC_0.8/trial_002
2025-09-28 06:28:36,857 | INFO | [Timing_trial002] fit_time=11.755s
2025-09-28 06:28:36,859 | INFO | [Timing_trial002] predict_time=0.003s
0       2.040043
3       1.511265
12      2.230343
21      0.808741
26      1.453345
          ...   
7735    0.555934
7740    1.061976
7746    1.242084
7751    1.034491
7757    1.978073
Name: Output, Length: 1552, dtype: float64 [1.896541   1.50443381 1.88440761 ... 1.18824159 1.08423836 1.93986461] 




2025-09-28 06:28:36,864 | INFO | [Metrics_trial002] R2=0.979697 | MAE=0.037266 | RMSE=0.003611 | MAPE%=3.416
2025-09-28 06:28:36,880 | INFO | [Save] predictions_holdout_trial002.csv
2025-09-28 06:28:36,881 | INFO | [Save] metrics_holdout_trial002.csv
2025-09-28 06:28:36,882 | INFO | [Save] feature_importances_holdout_trial002.csv
2025-09-28 06:28:36,882 | INFO | [Save] model_params_trial002.json
2025-09-28 06:28:36,882 | INFO | [Done] trial=2 | outputs at: try14_Ar273_and_313_re_LOWsensitivity/Ar_313_0.1_to_5__struct+input__qt_then_rd__cat_TRAIN_RATIO0.8_QTFRAC_0.8/trial_002
2025-09-28 06:28:36,950 | INFO | [Timing_trial001] fit_time=13.972s
2025-09-28 06:28:36,953 | INFO | [Timing_trial001] predict_time=0.003s
1       4.372880
6       4.249690
8       3.340983
13      3.531657
19      1.727280
          ...   
7731    2.492850
7741    1.719420
7743    2.864192
7745    1.656129
7751    2.250189
Name: Output, Length: 1552, dtype: float64 [4.21106435 4.43174138 3.34934595 ... 3.11590342 1.65571187 2.38277183] 




2025-09-28 06:28:36,958 | INFO | [Metrics_trial001] R2=0.971503 | MAE=0.110276 | RMSE=0.027946 | MAPE%=4.400
2025-09-28 06:28:36,974 | INFO | [Save] predictions_holdout_trial001.csv
2025-09-28 06:28:36,998 | INFO | [Save] metrics_holdout_trial001.csv
2025-09-28 06:28:36,998 | INFO | [Save] feature_importances_holdout_trial001.csv
2025-09-28 06:28:36,998 | INFO | [Save] model_params_trial001.json
2025-09-28 06:28:36,999 | INFO | [Done] trial=1 | outputs at: try14_Ar273_and_313_re_LOWsensitivity/Ar_313_0.5_to_15__struct+input__qt_then_rd__cat_TRAIN_RATIO0.8_QTFRAC_0.8/trial_001
Running commands:  90%|████████████████████████████████████████▌    | 27/30 [00:42<00:03,  1.25s/it]2025-09-28 06:28:37,167 | INFO | [Timing_trial002] fit_time=11.597s
2025-09-28 06:28:37,170 | INFO | [Timing_trial002] predict_time=0.003s
0       4.484627
3       4.438173
12      4.842817
26      2.629474
30      2.965290
          ...   
7734    4.474294
7738    3.298595
7743    2.864192
7748    2.147101
7751    2.250189
Name: Output, Length: 1552, dtype: float64 [4.19254411 4.24786426 4.08260832 ... 3.10948615 2.06935378 2.37744893] 




2025-09-28 06:28:37,174 | INFO | [Metrics_trial002] R2=0.971398 | MAE=0.112119 | RMSE=0.028075 | MAPE%=4.459
2025-09-28 06:28:37,190 | INFO | [Save] predictions_holdout_trial002.csv
2025-09-28 06:28:37,191 | INFO | [Save] metrics_holdout_trial002.csv
2025-09-28 06:28:37,192 | INFO | [Save] feature_importances_holdout_trial002.csv
2025-09-28 06:28:37,192 | INFO | [Save] model_params_trial002.json
2025-09-28 06:28:37,192 | INFO | [Done] trial=2 | outputs at: try14_Ar273_and_313_re_LOWsensitivity/Ar_313_0.5_to_15__struct+input__qt_then_rd__cat_TRAIN_RATIO0.8_QTFRAC_0.8/trial_002
2025-09-28 06:28:37,232 | INFO | [Timing_trial002] fit_time=11.875s
2025-09-28 06:28:37,234 | INFO | [Timing_trial002] predict_time=0.003s
0       0.483106
3       0.315277
12      0.591816
26      0.405873
30      0.353431
          ...   
7734    0.435725
7738    0.341141
7743    0.319707
7748    0.303761
7751    0.257848
Name: Output, Length: 1552, dtype: float64 [0.47062649 0.30551607 0.57132926 ... 0.32419324 0.30354586 0.25661097] 




2025-09-28 06:28:37,239 | INFO | [Metrics_trial002] R2=0.996912 | MAE=0.004021 | RMSE=0.000037 | MAPE%=1.553
2025-09-28 06:28:37,255 | INFO | [Save] predictions_holdout_trial002.csv
2025-09-28 06:28:37,256 | INFO | [Save] metrics_holdout_trial002.csv
2025-09-28 06:28:37,256 | INFO | [Save] feature_importances_holdout_trial002.csv
2025-09-28 06:28:37,257 | INFO | [Save] model_params_trial002.json
2025-09-28 06:28:37,257 | INFO | [Done] trial=2 | outputs at: try14_Ar273_and_313_re_LOWsensitivity/Ar_313_0.5_to_1__struct+input__qt_then_rd__cat_TRAIN_RATIO0.8_QTFRAC_0.8/trial_002
2025-09-28 06:28:37,439 | INFO | [Timing_trial002] fit_time=11.801s
2025-09-28 06:28:37,442 | INFO | [Timing_trial002] predict_time=0.003s
0       2.040043
3       1.511265
12      2.230343
26      1.453345
30      1.404384
          ...   
7734    1.914888
7738    1.450816
7743    1.321119
7748    1.114402
7751    1.034491
Name: Output, Length: 1552, dtype: float64 [1.90639436 1.50784369 1.91471393 ... 1.3665921  1.11484158 1.08062328] 




2025-09-28 06:28:37,447 | INFO | [Metrics_trial002] R2=0.981711 | MAE=0.034492 | RMSE=0.003177 | MAPE%=3.048
2025-09-28 06:28:37,476 | INFO | [Save] predictions_holdout_trial002.csv
2025-09-28 06:28:37,477 | INFO | [Save] metrics_holdout_trial002.csv
2025-09-28 06:28:37,478 | INFO | [Save] feature_importances_holdout_trial002.csv
2025-09-28 06:28:37,478 | INFO | [Save] model_params_trial002.json
2025-09-28 06:28:37,478 | INFO | [Done] trial=2 | outputs at: try14_Ar273_and_313_re_LOWsensitivity/Ar_313_0.5_to_5__struct+input__qt_then_rd__cat_TRAIN_RATIO0.8_QTFRAC_0.8/trial_002
Running commands:  37%|████████████████▌                            | 11/30 [00:36<01:23,  4.40s/it]Running commands:  40%|██████████████████                           | 12/30 [00:36<00:58,  3.27s/it]Running commands:  93%|██████████████████████████████████████████   | 28/30 [00:43<00:02,  1.08s/it]Running commands:  43%|███████████████████▌                         | 13/30 [00:36<00:41,  2.45s/it]Running commands: 100%|█████████████████████████████████████████████| 30/30 [00:43<00:00,  1.43it/s]Running commands: 100%|█████████████████████████████████████████████| 30/30 [00:43<00:00,  1.46s/it]
[OK] python pipeline_single_trial_QT_LOGSAMPLE.py --data ../Data_collect/DataSet_PLDSCREENED_2/Ar_313K/Ar_313K_Ar_313K_0.1_to_Ar_313K_5_dataset.csv --outdir try14_Ar273_and_313_re_LOWsensitivity/Ar_313_0.1_to_5__struct+input__qt_then_rd__cat_TRAIN_RATIO0.8_QTFRAC_0.8 --seed-base 52 --features struct+input --sample qt_then_rd --model cat --n-bins 200 --train-ratio 0.8 --qt-frac 0.4 --trial 1
[OK] python pipeline_single_trial_QT_LOGSAMPLE.py --data ../Data_collect/DataSet_PLDSCREENED_2/Ar_313K/Ar_313K_Ar_313K_0.05_to_Ar_313K_1_dataset.csv --outdir try14_Ar273_and_313_re_LOWsensitivity/Ar_313_0.05_to_1__struct+input__qt_then_rd__cat_TRAIN_RATIO0.8_QTFRAC_0.8 --seed-base 52 --features struct+input --sample qt_then_rd --model cat --n-bins 200 --train-ratio 0.8 --qt-frac 0.4 --trial 1
[OK] python pipeline_single_trial_QT_LOGSAMPLE.py --data ../Data_collect/DataSet_PLDSCREENED_2/Ar_313K/Ar_313K_Ar_313K_0.01_to_Ar_313K_15_dataset.csv --outdir try14_Ar273_and_313_re_LOWsensitivity/Ar_313_0.01_to_15__struct+input__qt_then_rd__cat_TRAIN_RATIO0.8_QTFRAC_0.8 --seed-base 52 --features struct+input --sample qt_then_rd --model cat --n-bins 200 --train-ratio 0.8 --qt-frac 0.4 --trial 1
[OK] python pipeline_single_trial_QT_LOGSAMPLE.py --data ../Data_collect/DataSet_PLDSCREENED_2/Ar_313K/Ar_313K_Ar_313K_0.05_to_Ar_313K_5_dataset.csv --outdir try14_Ar273_and_313_re_LOWsensitivity/Ar_313_0.05_to_5__struct+input__qt_then_rd__cat_TRAIN_RATIO0.8_QTFRAC_0.8 --seed-base 52 --features struct+input --sample qt_then_rd --model cat --n-bins 200 --train-ratio 0.8 --qt-frac 0.4 --trial 1
[OK] python pipeline_single_trial_QT_LOGSAMPLE.py --data ../Data_collect/DataSet_PLDSCREENED_2/Ar_313K/Ar_313K_Ar_313K_0.1_to_Ar_313K_1_dataset.csv --outdir try14_Ar273_and_313_re_LOWsensitivity/Ar_313_0.1_to_1__struct+input__qt_then_rd__cat_TRAIN_RATIO0.8_QTFRAC_0.8 --seed-base 52 --features struct+input --sample qt_then_rd --model cat --n-bins 200 --train-ratio 0.8 --qt-frac 0.4 --trial 1
[OK] python pipeline_single_trial_QT_LOGSAMPLE.py --data ../Data_collect/DataSet_PLDSCREENED_2/Ar_313K/Ar_313K_Ar_313K_0.05_to_Ar_313K_15_dataset.csv --outdir try14_Ar273_and_313_re_LOWsensitivity/Ar_313_0.05_to_15__struct+input__qt_then_rd__cat_TRAIN_RATIO0.8_QTFRAC_0.8 --seed-base 52 --features struct+input --sample qt_then_rd --model cat --n-bins 200 --train-ratio 0.8 --qt-frac 0.4 --trial 1
[OK] python pipeline_single_trial_QT_LOGSAMPLE.py --data ../Data_collect/DataSet_PLDSCREENED_2/Ar_313K/Ar_313K_Ar_313K_0.1_to_Ar_313K_15_dataset.csv --outdir try14_Ar273_and_313_re_LOWsensitivity/Ar_313_0.1_to_15__struct+input__qt_then_rd__cat_TRAIN_RATIO0.8_QTFRAC_0.8 --seed-base 52 --features struct+input --sample qt_then_rd --model cat --n-bins 200 --train-ratio 0.8 --qt-frac 0.4 --trial 1
[OK] python pipeline_single_trial_QT_LOGSAMPLE.py --data ../Data_collect/DataSet_PLDSCREENED_2/Ar_313K/Ar_313K_Ar_313K_0.5_to_Ar_313K_5_dataset.csv --outdir try14_Ar273_and_313_re_LOWsensitivity/Ar_313_0.5_to_5__struct+input__qt_then_rd__cat_TRAIN_RATIO0.8_QTFRAC_0.8 --seed-base 52 --features struct+input --sample qt_then_rd --model cat --n-bins 200 --train-ratio 0.8 --qt-frac 0.4 --trial 1
[OK] python pipeline_single_trial_QT_LOGSAMPLE.py --data ../Data_collect/DataSet_PLDSCREENED_2/Ar_313K/Ar_313K_Ar_313K_0.5_to_Ar_313K_1_dataset.csv --outdir try14_Ar273_and_313_re_LOWsensitivity/Ar_313_0.5_to_1__struct+input__qt_then_rd__cat_TRAIN_RATIO0.8_QTFRAC_0.8 --seed-base 52 --features struct+input --sample qt_then_rd --model cat --n-bins 200 --train-ratio 0.8 --qt-frac 0.4 --trial 1
[OK] python pipeline_single_trial_QT_LOGSAMPLE.py --data ../Data_collect/DataSet_PLDSCREENED_2/Ar_313K/Ar_313K_Ar_313K_0.5_to_Ar_313K_15_dataset.csv --outdir try14_Ar273_and_313_re_LOWsensitivity/Ar_313_0.5_to_15__struct+input__qt_then_rd__cat_TRAIN_RATIO0.8_QTFRAC_0.8 --seed-base 52 --features struct+input --sample qt_then_rd --model cat --n-bins 200 --train-ratio 0.8 --qt-frac 0.4 --trial 1

========== SUMMARY ==========
Total commands: 30
Success: 30
Failed : 0
Running commands:  50%|██████████████████████▌                      | 15/30 [00:36<00:21,  1.44s/it]2025-09-28 06:28:39,154 | INFO | [Timing_trial004] fit_time=10.502s
2025-09-28 06:28:39,157 | INFO | [Timing_trial004] predict_time=0.003s
0       4.484627
2       4.483099
3       4.438173
26      2.629474
28      1.536339
          ...   
7733    1.078459
7735    1.442535
7742    3.068641
7745    1.656129
7750    2.804021
Name: Output, Length: 1552, dtype: float64 [4.10998934 4.26476677 4.23400614 ... 3.11246317 1.60169216 2.85820742] 




2025-09-28 06:28:39,161 | INFO | [Metrics_trial004] R2=0.972705 | MAE=0.116292 | RMSE=0.027901 | MAPE%=4.793
2025-09-28 06:28:39,176 | INFO | [Save] predictions_holdout_trial004.csv
2025-09-28 06:28:39,177 | INFO | [Save] metrics_holdout_trial004.csv
2025-09-28 06:28:39,178 | INFO | [Save] feature_importances_holdout_trial004.csv
2025-09-28 06:28:39,178 | INFO | [Save] model_params_trial004.json
2025-09-28 06:28:39,178 | INFO | [Done] trial=4 | outputs at: try14_Ar273_and_313_re_LOWsensitivity/Ar_313_0.1_to_15__struct+input__qt_then_rd__cat_TRAIN_RATIO0.8_QTFRAC_0.8/trial_004
2025-09-28 06:28:39,268 | INFO | [Timing_trial004] fit_time=10.414s
2025-09-28 06:28:39,270 | INFO | [Timing_trial004] predict_time=0.003s
0       2.040043
2       1.531660
3       1.511265
23      1.543400
26      1.453345
          ...   
7732    1.252233
7736    1.894753
7742    1.549027
7746    1.242084
7750    1.232986
Name: Output, Length: 1552, dtype: float64 [1.79189332 1.50604682 1.489042   ... 1.56697633 1.19697387 1.24559457] 




2025-09-28 06:28:39,275 | INFO | [Metrics_trial004] R2=0.986102 | MAE=0.032693 | RMSE=0.002625 | MAPE%=2.975
2025-09-28 06:28:39,290 | INFO | [Save] predictions_holdout_trial004.csv
2025-09-28 06:28:39,291 | INFO | [Save] metrics_holdout_trial004.csv
2025-09-28 06:28:39,305 | INFO | [Save] feature_importances_holdout_trial004.csv
2025-09-28 06:28:39,305 | INFO | [Save] model_params_trial004.json
2025-09-28 06:28:39,305 | INFO | [Done] trial=4 | outputs at: try14_Ar273_and_313_re_LOWsensitivity/Ar_313_0.5_to_5__struct+input__qt_then_rd__cat_TRAIN_RATIO0.8_QTFRAC_0.8/trial_004
2025-09-28 06:28:39,325 | INFO | [Timing_trial004] fit_time=10.612s
2025-09-28 06:28:39,328 | INFO | [Timing_trial004] predict_time=0.003s
0       2.040043
2       1.531660
3       1.511265
26      1.453345
28      1.093434
          ...   
7733    0.479541
7735    0.555934
7742    1.549027
7745    0.816461
7750    1.232986
Name: Output, Length: 1552, dtype: float64 [1.85884193 1.52291123 1.50207646 ... 1.57551771 0.78847654 1.24848108] 




2025-09-28 06:28:39,332 | INFO | [Metrics_trial004] R2=0.980836 | MAE=0.037835 | RMSE=0.003520 | MAPE%=3.445
2025-09-28 06:28:39,347 | INFO | [Save] predictions_holdout_trial004.csv
2025-09-28 06:28:39,348 | INFO | [Save] metrics_holdout_trial004.csv
2025-09-28 06:28:39,348 | INFO | [Save] feature_importances_holdout_trial004.csv
2025-09-28 06:28:39,348 | INFO | [Save] model_params_trial004.json
2025-09-28 06:28:39,349 | INFO | [Done] trial=4 | outputs at: try14_Ar273_and_313_re_LOWsensitivity/Ar_313_0.1_to_5__struct+input__qt_then_rd__cat_TRAIN_RATIO0.8_QTFRAC_0.8/trial_004
2025-09-28 06:28:39,420 | INFO | [Timing_trial004] fit_time=10.568s
2025-09-28 06:28:39,423 | INFO | [Timing_trial004] predict_time=0.003s
0       4.484627
2       4.483099
3       4.438173
23      3.953855
26      2.629474
          ...   
7732    2.751453
7736    3.963281
7742    3.068641
7746    3.391430
7750    2.804021
Name: Output, Length: 1552, dtype: float64 [4.22615892 4.24942406 4.18254596 ... 3.05406376 3.16393456 2.86889983] 




2025-09-28 06:28:39,428 | INFO | [Metrics_trial004] R2=0.976736 | MAE=0.107553 | RMSE=0.024552 | MAPE%=4.418
2025-09-28 06:28:39,442 | INFO | [Save] predictions_holdout_trial004.csv
2025-09-28 06:28:39,444 | INFO | [Save] metrics_holdout_trial004.csv
2025-09-28 06:28:39,444 | INFO | [Save] feature_importances_holdout_trial004.csv
2025-09-28 06:28:39,444 | INFO | [Save] model_params_trial004.json
2025-09-28 06:28:39,445 | INFO | [Done] trial=4 | outputs at: try14_Ar273_and_313_re_LOWsensitivity/Ar_313_0.5_to_15__struct+input__qt_then_rd__cat_TRAIN_RATIO0.8_QTFRAC_0.8/trial_004
2025-09-28 06:28:39,488 | INFO | [Timing_trial003] fit_time=11.611s
2025-09-28 06:28:39,492 | INFO | [Timing_trial003] predict_time=0.004s
11      1.864933
16      0.733646
18      1.106109
32      1.004625
33      1.217970
          ...   
7736    1.894753
7745    0.816461
7750    1.232986
7752    0.770926
7757    1.978073
Name: Output, Length: 1552, dtype: float64 [2.04240666 0.69371842 1.07216309 ... 1.26374858 0.79719797 1.93455684] 




2025-09-28 06:28:39,500 | INFO | [Metrics_trial003] R2=0.982438 | MAE=0.036301 | RMSE=0.003134 | MAPE%=3.392
2025-09-28 06:28:39,532 | INFO | [Save] predictions_holdout_trial003.csv
2025-09-28 06:28:39,534 | INFO | [Save] metrics_holdout_trial003.csv
2025-09-28 06:28:39,534 | INFO | [Save] feature_importances_holdout_trial003.csv
2025-09-28 06:28:39,535 | INFO | [Save] model_params_trial003.json
2025-09-28 06:28:39,535 | INFO | [Done] trial=3 | outputs at: try14_Ar273_and_313_re_LOWsensitivity/Ar_313_Henry_to_5__struct+input__qt_then_rd__cat_TRAIN_RATIO0.8_QTFRAC_0.8/trial_003
2025-09-28 06:28:39,555 | INFO | [Timing_trial004] fit_time=10.737s
2025-09-28 06:28:39,558 | INFO | [Timing_trial004] predict_time=0.003s
0       0.483106
2       0.313515
3       0.315277
23      0.352797
26      0.405873
          ...   
7732    0.302233
7736    0.471310
7742    0.408198
7746    0.268436
7750    0.290335
Name: Output, Length: 1552, dtype: float64 [0.46610724 0.31912514 0.30831408 ... 0.41620684 0.26577415 0.29228501] 




2025-09-28 06:28:39,562 | INFO | [Metrics_trial004] R2=0.997126 | MAE=0.004234 | RMSE=0.000038 | MAPE%=1.684
2025-09-28 06:28:39,577 | INFO | [Save] predictions_holdout_trial004.csv
2025-09-28 06:28:39,578 | INFO | [Save] metrics_holdout_trial004.csv
2025-09-28 06:28:39,579 | INFO | [Save] feature_importances_holdout_trial004.csv
2025-09-28 06:28:39,579 | INFO | [Save] model_params_trial004.json
2025-09-28 06:28:39,579 | INFO | [Done] trial=4 | outputs at: try14_Ar273_and_313_re_LOWsensitivity/Ar_313_0.5_to_1__struct+input__qt_then_rd__cat_TRAIN_RATIO0.8_QTFRAC_0.8/trial_004
Running commands:  37%|████████████████▌                            | 11/30 [00:36<01:02,  3.29s/it]Removed 8 rows from mis_lis
2025-09-28 06:28:39,904 | INFO | [Data] Loaded: ../Data_collect/DataSet_PLDSCREENED_2/Ar_313K/Ar_313K_Ar_313K_0.01_to_Ar_313K_15_dataset.csv | rows=7760 | cols=15
2025-09-28 06:28:39,904 | INFO | [Features] Using 13 features: ['LCD', 'PLD', 'LFPD', 'cm3_g', 'ASA_m2_cm3', 'ASA_m2_g', 'NASA_m2_cm3', 'NASA_m2_g', 'AV_VF', 'AV_cm3_g', 'NAV_cm3_g', 'Has_OMS', 'Input']
                                filename       LCD  ...     Input    Output
0  1499489-acs.cgd.6b01265_1499490_clean  10.85017  ...  0.005118  4.484627
1                           ACOCOM_clean  24.60642  ...  0.003168  4.372880
2                           ACOCUS_clean  24.38417  ...  0.003187  4.483099
3                           ACODAZ_clean  23.29182  ...  0.003023  4.438173
4    acs.cgd.5b01554_VAGNUP1452791_clean   6.16218  ...  0.001002  1.198039

[5 rows x 15 columns]
2025-09-28 06:28:39,928 | INFO | [Preprocess] Drop NaN rows (FEATURES+TARGET): 7760 -> 7760
           LCD       PLD      LFPD  ...  NAV_cm3_g  Has_OMS     Input
0     10.85017   3.77263  10.26663  ...        0.0        0  0.005118
1     24.60642  13.03430  24.60642  ...        0.0        1  0.003168
2     24.38417  13.22222  24.38417  ...        0.0        1  0.003187
3     23.29182  13.11646  23.29182  ...        0.0        1  0.003023
4      6.16218   5.13230   5.87594  ...        0.0        1  0.001002
...        ...       ...       ...  ...        ...      ...       ...
7755   5.89251   3.41929   5.89251  ...        0.0        0  0.018200
7756   4.42995   3.86732   4.42995  ...        0.0        0  0.024938
7757   6.25511   5.54572   6.22585  ...        0.0        0  0.004375
7758   4.94280   4.31959   4.93372  ...        0.0        1  0.001440
7759  12.38418   6.85660  12.37540  ...        0.0        0  0.001854

[7760 rows x 13 columns]
2025-09-28 06:28:39,953 | INFO | [Seeds] trial=3 | seeds={'seed': 55, 'seed_qt': 3052, 'seed_rd': 6052, 'model_seed': 9052}
Running commands:  40%|██████████████████                           | 12/30 [00:36<00:48,  2.70s/it]Removed 8 rows from mis_lis
2025-09-28 06:28:39,997 | INFO | [Data] Loaded: ../Data_collect/DataSet_PLDSCREENED_2/Ar_313K/Ar_313K_Ar_313K_0.05_to_Ar_313K_1_dataset.csv | rows=7760 | cols=15
2025-09-28 06:28:39,998 | INFO | [Features] Using 13 features: ['LCD', 'PLD', 'LFPD', 'cm3_g', 'ASA_m2_cm3', 'ASA_m2_g', 'NASA_m2_cm3', 'NASA_m2_g', 'AV_VF', 'AV_cm3_g', 'NAV_cm3_g', 'Has_OMS', 'Input']
                                filename       LCD  ...     Input    Output
0  1499489-acs.cgd.6b01265_1499490_clean  10.85017  ...  0.025239  0.483106
1                           ACOCOM_clean  24.60642  ...  0.015691  0.311217
2                           ACOCUS_clean  24.38417  ...  0.016324  0.313515
3                           ACODAZ_clean  23.29182  ...  0.015726  0.315277
4    acs.cgd.5b01554_VAGNUP1452791_clean   6.16218  ...  0.004741  0.095646

[5 rows x 15 columns]
2025-09-28 06:28:40,022 | INFO | [Preprocess] Drop NaN rows (FEATURES+TARGET): 7760 -> 7760
           LCD       PLD      LFPD  ...  NAV_cm3_g  Has_OMS     Input
0     10.85017   3.77263  10.26663  ...        0.0        0  0.025239
1     24.60642  13.03430  24.60642  ...        0.0        1  0.015691
2     24.38417  13.22222  24.38417  ...        0.0        1  0.016324
3     23.29182  13.11646  23.29182  ...        0.0        1  0.015726
4      6.16218   5.13230   5.87594  ...        0.0        1  0.004741
...        ...       ...       ...  ...        ...      ...       ...
7755   5.89251   3.41929   5.89251  ...        0.0        0  0.089835
7756   4.42995   3.86732   4.42995  ...        0.0        0  0.122284
7757   6.25511   5.54572   6.22585  ...        0.0        0  0.022190
7758   4.94280   4.31959   4.93372  ...        0.0        1  0.006706
7759  12.38418   6.85660  12.37540  ...        0.0        0  0.008352

[7760 rows x 13 columns]
2025-09-28 06:28:40,046 | INFO | [Seeds] trial=3 | seeds={'seed': 55, 'seed_qt': 3052, 'seed_rd': 6052, 'model_seed': 9052}
[-2.29089161 -2.49924138 -2.49657928 ... -2.35904587 -2.84157822
 -2.73177705]
200






[-2.29089161 -2.49924138 -2.49657928 ... -2.35904587 -2.84157822
 -2.73177705]
-4.195879657951556 0.507194573760734
200





2025-09-28 06:28:40,074 | INFO | [S3 QT→RD] train(qt)=3104, train(rd)=3104, test=1552 (train_ratio=0.80, qt_frac_total=0.40, shift=0.000e+00)
Running commands:  47%|█████████████████████                        | 14/30 [00:36<00:28,  1.78s/it][-1.59792861 -1.80434383 -1.78716507 ... -1.65385223 -2.17352097
 -2.07818475]
200






[-1.59792861 -1.80434383 -1.78716507 ... -1.65385223 -2.17352097
 -2.07818475]
-3.47987623564627 0.5505095589594653
200





2025-09-28 06:28:40,153 | INFO | [S3 QT→RD] train(qt)=3104, train(rd)=3104, test=1552 (train_ratio=0.80, qt_frac_total=0.40, shift=0.000e+00)
Removed 8 rows from mis_lis
2025-09-28 06:28:40,267 | INFO | [Data] Loaded: ../Data_collect/DataSet_PLDSCREENED_2/Ar_313K/Ar_313K_Ar_313K_0.05_to_Ar_313K_5_dataset.csv | rows=7760 | cols=15
2025-09-28 06:28:40,268 | INFO | [Features] Using 13 features: ['LCD', 'PLD', 'LFPD', 'cm3_g', 'ASA_m2_cm3', 'ASA_m2_g', 'NASA_m2_cm3', 'NASA_m2_g', 'AV_VF', 'AV_cm3_g', 'NAV_cm3_g', 'Has_OMS', 'Input']
Running commands:  53%|████████████████████████                     | 16/30 [00:38<00:22,  1.60s/it]                                filename       LCD  ...     Input    Output
0  1499489-acs.cgd.6b01265_1499490_clean  10.85017  ...  0.025239  2.040043
1                           ACOCOM_clean  24.60642  ...  0.015691  1.479258
2                           ACOCUS_clean  24.38417  ...  0.016324  1.531660
3                           ACODAZ_clean  23.29182  ...  0.015726  1.511265
4    acs.cgd.5b01554_VAGNUP1452791_clean   6.16218  ...  0.004741  0.440603

[5 rows x 15 columns]
2025-09-28 06:28:40,292 | INFO | [Preprocess] Drop NaN rows (FEATURES+TARGET): 7760 -> 7760
Removed 8 rows from mis_lis
2025-09-28 06:28:40,296 | INFO | [Data] Loaded: ../Data_collect/DataSet_PLDSCREENED_2/Ar_313K/Ar_313K_Ar_313K_0.05_to_Ar_313K_15_dataset.csv | rows=7760 | cols=15
2025-09-28 06:28:40,297 | INFO | [Features] Using 13 features: ['LCD', 'PLD', 'LFPD', 'cm3_g', 'ASA_m2_cm3', 'ASA_m2_g', 'NASA_m2_cm3', 'NASA_m2_g', 'AV_VF', 'AV_cm3_g', 'NAV_cm3_g', 'Has_OMS', 'Input']
                                filename       LCD  ...     Input    Output
0  1499489-acs.cgd.6b01265_1499490_clean  10.85017  ...  0.025239  4.484627
1                           ACOCOM_clean  24.60642  ...  0.015691  4.372880
2                           ACOCUS_clean  24.38417  ...  0.016324  4.483099
3                           ACODAZ_clean  23.29182  ...  0.015726  4.438173
4    acs.cgd.5b01554_VAGNUP1452791_clean   6.16218  ...  0.004741  1.198039

[5 rows x 15 columns]
2025-09-28 06:28:40,308 | INFO | [Preprocess] Drop NaN rows (FEATURES+TARGET): 7760 -> 7760
           LCD       PLD      LFPD  ...  NAV_cm3_g  Has_OMS     Input
0     10.85017   3.77263  10.26663  ...        0.0        0  0.025239
1     24.60642  13.03430  24.60642  ...        0.0        1  0.015691
2     24.38417  13.22222  24.38417  ...        0.0        1  0.016324
3     23.29182  13.11646  23.29182  ...        0.0        1  0.015726
4      6.16218   5.13230   5.87594  ...        0.0        1  0.004741
...        ...       ...       ...  ...        ...      ...       ...
7755   5.89251   3.41929   5.89251  ...        0.0        0  0.089835
7756   4.42995   3.86732   4.42995  ...        0.0        0  0.122284
7757   6.25511   5.54572   6.22585  ...        0.0        0  0.022190
7758   4.94280   4.31959   4.93372  ...        0.0        1  0.006706
7759  12.38418   6.85660  12.37540  ...        0.0        0  0.008352

[7760 rows x 13 columns]
2025-09-28 06:28:40,315 | INFO | [Seeds] trial=3 | seeds={'seed': 55, 'seed_qt': 3052, 'seed_rd': 6052, 'model_seed': 9052}
           LCD       PLD      LFPD  ...  NAV_cm3_g  Has_OMS     Input
0     10.85017   3.77263  10.26663  ...        0.0        0  0.025239
1     24.60642  13.03430  24.60642  ...        0.0        1  0.015691
2     24.38417  13.22222  24.38417  ...        0.0        1  0.016324
3     23.29182  13.11646  23.29182  ...        0.0        1  0.015726
4      6.16218   5.13230   5.87594  ...        0.0        1  0.004741
...        ...       ...       ...  ...        ...      ...       ...
7755   5.89251   3.41929   5.89251  ...        0.0        0  0.089835
7756   4.42995   3.86732   4.42995  ...        0.0        0  0.122284
7757   6.25511   5.54572   6.22585  ...        0.0        0  0.022190
7758   4.94280   4.31959   4.93372  ...        0.0        1  0.006706
7759  12.38418   6.85660  12.37540  ...        0.0        0  0.008352

[7760 rows x 13 columns]
2025-09-28 06:28:40,331 | INFO | [Seeds] trial=3 | seeds={'seed': 55, 'seed_qt': 3052, 'seed_rd': 6052, 'model_seed': 9052}
2025-09-28 06:28:40,347 | INFO | [Timing_trial003] fit_time=12.543s
2025-09-28 06:28:40,351 | INFO | [Timing_trial003] predict_time=0.003s
11      0.511613
16      0.178337
18      0.323187
32      0.249074
33      0.258145
          ...   
7736    0.471310
7745    0.207288
7750    0.290335
7752    0.171132
7757    0.439503
Name: Output, Length: 1552, dtype: float64 [0.52897886 0.17561835 0.33213518 ... 0.29141145 0.17663856 0.43523786] 




2025-09-28 06:28:40,357 | INFO | [Metrics_trial003] R2=0.995690 | MAE=0.004968 | RMSE=0.000053 | MAPE%=2.045
2025-09-28 06:28:40,390 | INFO | [Save] predictions_holdout_trial003.csv
2025-09-28 06:28:40,392 | INFO | [Save] metrics_holdout_trial003.csv
2025-09-28 06:28:40,392 | INFO | [Save] feature_importances_holdout_trial003.csv
2025-09-28 06:28:40,392 | INFO | [Save] model_params_trial003.json
2025-09-28 06:28:40,393 | INFO | [Done] trial=3 | outputs at: try14_Ar273_and_313_re_LOWsensitivity/Ar_313_Henry_to_1__struct+input__qt_then_rd__cat_TRAIN_RATIO0.8_QTFRAC_0.8/trial_003
2025-09-28 06:28:40,443 | INFO | [Timing_trial003] fit_time=12.107s
[-1.59792861 -1.80434383 -1.78716507 ... -1.65385223 -2.17352097
 -2.07818475]
200






[-1.59792861 -1.80434383 -1.78716507 ... -1.65385223 -2.17352097
 -2.07818475]
-3.47987623564627 0.5505095589594653
200





2025-09-28 06:28:40,446 | INFO | [S3 QT→RD] train(qt)=3104, train(rd)=3104, test=1552 (train_ratio=0.80, qt_frac_total=0.40, shift=0.000e+00)
2025-09-28 06:28:40,447 | INFO | [Timing_trial003] predict_time=0.004s
[-1.59792861 -1.80434383 -1.78716507 ... -1.65385223 -2.17352097
 -2.07818475]
200






[-1.59792861 -1.80434383 -1.78716507 ... -1.65385223 -2.17352097
 -2.07818475]
-3.47987623564627 0.5505095589594653
200





2025-09-28 06:28:40,452 | INFO | [S3 QT→RD] train(qt)=3104, train(rd)=3104, test=1552 (train_ratio=0.80, qt_frac_total=0.40, shift=0.000e+00)
2       1.531660
4       0.440603
12      2.230343
21      0.808741
23      1.543400
          ...   
7732    1.252233
7742    1.549027
7745    0.816461
7747    0.416925
7750    1.232986
Name: Output, Length: 1552, dtype: float64 [1.48547225 0.47073554 1.85367231 ... 0.8016387  0.45181996 1.21990843] 




2025-09-28 06:28:40,456 | INFO | [Metrics_trial003] R2=0.976995 | MAE=0.044922 | RMSE=0.004308 | MAPE%=4.100
2025-09-28 06:28:40,490 | INFO | [Save] predictions_holdout_trial003.csv
2025-09-28 06:28:40,491 | INFO | [Save] metrics_holdout_trial003.csv
2025-09-28 06:28:40,492 | INFO | [Save] feature_importances_holdout_trial003.csv
2025-09-28 06:28:40,492 | INFO | [Save] model_params_trial003.json
2025-09-28 06:28:40,492 | INFO | [Done] trial=3 | outputs at: try14_Ar273_and_313_re_LOWsensitivity/Ar_313_0.01_to_5__struct+input__qt_then_rd__cat_TRAIN_RATIO0.8_QTFRAC_0.8/trial_003
2025-09-28 06:28:40,509 | INFO | [Timing_trial003] fit_time=12.527s
2025-09-28 06:28:40,524 | INFO | [Timing_trial003] predict_time=0.015s
11      3.411706
16      1.675187
18      1.894958
32      2.128505
33      3.456339
          ...   
7736    3.963281
7745    1.656129
7750    2.804021
7752    1.933919
7757    4.816205
Name: Output, Length: 1552, dtype: float64 [3.98131228 1.5160197  1.86616172 ... 2.82859589 2.10099951 4.80105686] 




2025-09-28 06:28:40,532 | INFO | [Metrics_trial003] R2=0.971630 | MAE=0.114517 | RMSE=0.027918 | MAPE%=4.792
2025-09-28 06:28:40,565 | INFO | [Save] predictions_holdout_trial003.csv
2025-09-28 06:28:40,566 | INFO | [Save] metrics_holdout_trial003.csv
2025-09-28 06:28:40,567 | INFO | [Save] feature_importances_holdout_trial003.csv
2025-09-28 06:28:40,567 | INFO | [Save] model_params_trial003.json
2025-09-28 06:28:40,567 | INFO | [Done] trial=3 | outputs at: try14_Ar273_and_313_re_LOWsensitivity/Ar_313_Henry_to_15__struct+input__qt_then_rd__cat_TRAIN_RATIO0.8_QTFRAC_0.8/trial_003
Removed 8 rows from mis_lis
2025-09-28 06:28:40,572 | INFO | [Data] Loaded: ../Data_collect/DataSet_PLDSCREENED_2/Ar_313K/Ar_313K_Ar_313K_0.1_to_Ar_313K_1_dataset.csv | rows=7760 | cols=15
2025-09-28 06:28:40,573 | INFO | [Features] Using 13 features: ['LCD', 'PLD', 'LFPD', 'cm3_g', 'ASA_m2_cm3', 'ASA_m2_g', 'NASA_m2_cm3', 'NASA_m2_g', 'AV_VF', 'AV_cm3_g', 'NAV_cm3_g', 'Has_OMS', 'Input']
                                filename       LCD  ...     Input    Output
0  1499489-acs.cgd.6b01265_1499490_clean  10.85017  ...  0.050200  0.483106
1                           ACOCOM_clean  24.60642  ...  0.030913  0.311217
2                           ACOCUS_clean  24.38417  ...  0.032289  0.313515
3                           ACODAZ_clean  23.29182  ...  0.031373  0.315277
4    acs.cgd.5b01554_VAGNUP1452791_clean   6.16218  ...  0.009552  0.095646

[5 rows x 15 columns]
2025-09-28 06:28:40,584 | INFO | [Preprocess] Drop NaN rows (FEATURES+TARGET): 7760 -> 7760
           LCD       PLD      LFPD  ...  NAV_cm3_g  Has_OMS     Input
0     10.85017   3.77263  10.26663  ...        0.0        0  0.050200
1     24.60642  13.03430  24.60642  ...        0.0        1  0.030913
2     24.38417  13.22222  24.38417  ...        0.0        1  0.032289
3     23.29182  13.11646  23.29182  ...        0.0        1  0.031373
4      6.16218   5.13230   5.87594  ...        0.0        1  0.009552
...        ...       ...       ...  ...        ...      ...       ...
7755   5.89251   3.41929   5.89251  ...        0.0        0  0.172231
7756   4.42995   3.86732   4.42995  ...        0.0        0  0.230075
7757   6.25511   5.54572   6.22585  ...        0.0        0  0.044547
7758   4.94280   4.31959   4.93372  ...        0.0        1  0.013466
7759  12.38418   6.85660  12.37540  ...        0.0        0  0.016165

[7760 rows x 13 columns]
2025-09-28 06:28:40,607 | INFO | [Seeds] trial=3 | seeds={'seed': 55, 'seed_qt': 3052, 'seed_rd': 6052, 'model_seed': 9052}
2025-09-28 06:28:40,700 | INFO | [Timing_trial003] fit_time=12.520s
2025-09-28 06:28:40,714 | INFO | [Timing_trial003] predict_time=0.014s
2       0.313515
4       0.095646
12      0.591816
21      0.171261
23      0.352797
          ...   
7732    0.302233
7742    0.408198
7745    0.207288
7747    0.084208
7750    0.290335
Name: Output, Length: 1552, dtype: float64 [0.30874015 0.10567491 0.53772111 ... 0.20473629 0.09258461 0.28645595] 




2025-09-28 06:28:40,723 | INFO | [Metrics_trial003] R2=0.991299 | MAE=0.007612 | RMSE=0.000112 | MAPE%=3.069
[-1.29929287 -1.5098575  -1.49094846 ... -1.35118275 -1.87077497
 -1.79143316]
200






[-1.29929287 -1.5098575  -1.49094846 ... -1.35118275 -1.87077497
 -1.79143316]
-3.202230713008698 0.5629130728964408
200





2025-09-28 06:28:40,731 | INFO | [S3 QT→RD] train(qt)=3104, train(rd)=3104, test=1552 (train_ratio=0.80, qt_frac_total=0.40, shift=0.000e+00)
2025-09-28 06:28:40,756 | INFO | [Save] predictions_holdout_trial003.csv
2025-09-28 06:28:40,757 | INFO | [Save] metrics_holdout_trial003.csv
2025-09-28 06:28:40,758 | INFO | [Save] feature_importances_holdout_trial003.csv
2025-09-28 06:28:40,758 | INFO | [Save] model_params_trial003.json
2025-09-28 06:28:40,758 | INFO | [Done] trial=3 | outputs at: try14_Ar273_and_313_re_LOWsensitivity/Ar_313_0.01_to_1__struct+input__qt_then_rd__cat_TRAIN_RATIO0.8_QTFRAC_0.8/trial_003
2025-09-28 06:28:41,086 | INFO | [Save] sampling scatter & histogram plots
Running commands:  57%|█████████████████████████▌                   | 17/30 [00:39<00:18,  1.41s/it]2025-09-28 06:28:41,199 | INFO | [Save] sampling scatter & histogram plots
2025-09-28 06:28:41,219 | INFO | [Timing_trial005] fit_time=9.030s
           LCD       PLD      LFPD  ...  NAV_cm3_g  Has_OMS     Input
0     10.85017   3.77263  10.26663  ...        0.0        0  0.005118
1     24.60642  13.03430  24.60642  ...        0.0        1  0.003168
2     24.38417  13.22222  24.38417  ...        0.0        1  0.003187
3     23.29182  13.11646  23.29182  ...        0.0        1  0.003023
4      6.16218   5.13230   5.87594  ...        0.0        1  0.001002
...        ...       ...       ...  ...        ...      ...       ...
7755   5.89251   3.41929   5.89251  ...        0.0        0  0.018200
7756   4.42995   3.86732   4.42995  ...        0.0        0  0.024938
7757   6.25511   5.54572   6.22585  ...        0.0        0  0.004375
7758   4.94280   4.31959   4.93372  ...        0.0        1  0.001440
7759  12.38418   6.85660  12.37540  ...        0.0        0  0.001854

[7760 rows x 13 columns]
Index(['LCD', 'PLD', 'LFPD', 'cm3_g', 'ASA_m2_cm3', 'ASA_m2_g', 'NASA_m2_cm3',
       'NASA_m2_g', 'AV_VF', 'AV_cm3_g', 'NAV_cm3_g', 'Has_OMS', 'Input'],
      dtype='object')
2025-09-28 06:28:41,228 | INFO | [Model] kind=cat | params={'iterations': 500, 'learning_rate': 0.05, 'depth': 8, 'loss_function': 'RMSE', 'random_seed': 9052, 'verbose': False}
2025-09-28 06:28:41,228 | INFO | [Holdout_trial003] Train=6208 | Test=1552
2025-09-28 06:28:41,235 | INFO | [Timing_trial005] predict_time=0.015s
Running commands:  60%|███████████████████████████                  | 18/30 [00:39<00:12,  1.06s/it]1       0.311217
2       0.313515
3       0.315277
21      0.171261
22      0.100917
          ...   
7741    0.140035
7743    0.319707
7746    0.268436
7752    0.171132
7757    0.439503
Name: Output, Length: 1552, dtype: float64 [0.30903544 0.31039871 0.2988889  ... 0.25701007 0.1799908  0.42630333] 




2025-09-28 06:28:41,246 | INFO | [Metrics_trial005] R2=0.991670 | MAE=0.007304 | RMSE=0.000102 | MAPE%=3.003
2025-09-28 06:28:41,280 | INFO | [Save] predictions_holdout_trial005.csv
2025-09-28 06:28:41,281 | INFO | [Save] metrics_holdout_trial005.csv
2025-09-28 06:28:41,282 | INFO | [Save] feature_importances_holdout_trial005.csv
2025-09-28 06:28:41,282 | INFO | [Save] model_params_trial005.json
2025-09-28 06:28:41,282 | INFO | [Done] trial=5 | outputs at: try14_Ar273_and_313_re_LOWsensitivity/Ar_313_0.01_to_1__struct+input__qt_then_rd__cat_TRAIN_RATIO0.8_QTFRAC_0.8/trial_005
           LCD       PLD      LFPD  ...  NAV_cm3_g  Has_OMS     Input
0     10.85017   3.77263  10.26663  ...        0.0        0  0.025239
1     24.60642  13.03430  24.60642  ...        0.0        1  0.015691
2     24.38417  13.22222  24.38417  ...        0.0        1  0.016324
3     23.29182  13.11646  23.29182  ...        0.0        1  0.015726
4      6.16218   5.13230   5.87594  ...        0.0        1  0.004741
...        ...       ...       ...  ...        ...      ...       ...
7755   5.89251   3.41929   5.89251  ...        0.0        0  0.089835
7756   4.42995   3.86732   4.42995  ...        0.0        0  0.122284
7757   6.25511   5.54572   6.22585  ...        0.0        0  0.022190
7758   4.94280   4.31959   4.93372  ...        0.0        1  0.006706
7759  12.38418   6.85660  12.37540  ...        0.0        0  0.008352

[7760 rows x 13 columns]
Index(['LCD', 'PLD', 'LFPD', 'cm3_g', 'ASA_m2_cm3', 'ASA_m2_g', 'NASA_m2_cm3',
       'NASA_m2_g', 'AV_VF', 'AV_cm3_g', 'NAV_cm3_g', 'Has_OMS', 'Input'],
      dtype='object')
2025-09-28 06:28:41,331 | INFO | [Model] kind=cat | params={'iterations': 500, 'learning_rate': 0.05, 'depth': 8, 'loss_function': 'RMSE', 'random_seed': 9052, 'verbose': False}
2025-09-28 06:28:41,331 | INFO | [Holdout_trial003] Train=6208 | Test=1552
2025-09-28 06:28:41,468 | INFO | [Save] sampling scatter & histogram plots
2025-09-28 06:28:41,476 | INFO | [Save] sampling scatter & histogram plots
Running commands:  67%|██████████████████████████████               | 20/30 [00:40<00:06,  1.52it/s]           LCD       PLD      LFPD  ...  NAV_cm3_g  Has_OMS     Input
0     10.85017   3.77263  10.26663  ...        0.0        0  0.025239
1     24.60642  13.03430  24.60642  ...        0.0        1  0.015691
2     24.38417  13.22222  24.38417  ...        0.0        1  0.016324
3     23.29182  13.11646  23.29182  ...        0.0        1  0.015726
4      6.16218   5.13230   5.87594  ...        0.0        1  0.004741
...        ...       ...       ...  ...        ...      ...       ...
7755   5.89251   3.41929   5.89251  ...        0.0        0  0.089835
7756   4.42995   3.86732   4.42995  ...        0.0        0  0.122284
7757   6.25511   5.54572   6.22585  ...        0.0        0  0.022190
7758   4.94280   4.31959   4.93372  ...        0.0        1  0.006706
7759  12.38418   6.85660  12.37540  ...        0.0        0  0.008352

[7760 rows x 13 columns]
Index(['LCD', 'PLD', 'LFPD', 'cm3_g', 'ASA_m2_cm3', 'ASA_m2_g', 'NASA_m2_cm3',
       'NASA_m2_g', 'AV_VF', 'AV_cm3_g', 'NAV_cm3_g', 'Has_OMS', 'Input'],
      dtype='object')
2025-09-28 06:28:41,599 | INFO | [Model] kind=cat | params={'iterations': 500, 'learning_rate': 0.05, 'depth': 8, 'loss_function': 'RMSE', 'random_seed': 9052, 'verbose': False}
2025-09-28 06:28:41,600 | INFO | [Holdout_trial003] Train=6208 | Test=1552
           LCD       PLD      LFPD  ...  NAV_cm3_g  Has_OMS     Input
0     10.85017   3.77263  10.26663  ...        0.0        0  0.025239
1     24.60642  13.03430  24.60642  ...        0.0        1  0.015691
2     24.38417  13.22222  24.38417  ...        0.0        1  0.016324
3     23.29182  13.11646  23.29182  ...        0.0        1  0.015726
4      6.16218   5.13230   5.87594  ...        0.0        1  0.004741
...        ...       ...       ...  ...        ...      ...       ...
7755   5.89251   3.41929   5.89251  ...        0.0        0  0.089835
7756   4.42995   3.86732   4.42995  ...        0.0        0  0.122284
7757   6.25511   5.54572   6.22585  ...        0.0        0  0.022190
7758   4.94280   4.31959   4.93372  ...        0.0        1  0.006706
7759  12.38418   6.85660  12.37540  ...        0.0        0  0.008352

[7760 rows x 13 columns]
Index(['LCD', 'PLD', 'LFPD', 'cm3_g', 'ASA_m2_cm3', 'ASA_m2_g', 'NASA_m2_cm3',
       'NASA_m2_g', 'AV_VF', 'AV_cm3_g', 'NAV_cm3_g', 'Has_OMS', 'Input'],
      dtype='object')
2025-09-28 06:28:41,620 | INFO | [Model] kind=cat | params={'iterations': 500, 'learning_rate': 0.05, 'depth': 8, 'loss_function': 'RMSE', 'random_seed': 9052, 'verbose': False}
2025-09-28 06:28:41,620 | INFO | [Holdout_trial003] Train=6208 | Test=1552
2025-09-28 06:28:41,766 | INFO | [Save] sampling scatter & histogram plots
2025-09-28 06:28:41,801 | INFO | [Timing_trial005] fit_time=9.841s
2025-09-28 06:28:41,816 | INFO | [Timing_trial005] predict_time=0.014s
3       0.315277
4       0.095646
8       0.257619
28      0.382050
30      0.353431
          ...   
7741    0.140035
7743    0.319707
7745    0.207288
7749    0.302955
7753    0.366668
Name: Output, Length: 1552, dtype: float64 [0.30693594 0.09645497 0.25588529 ... 0.20515387 0.30471746 0.3707072 ] 




2025-09-28 06:28:41,827 | INFO | [Metrics_trial005] R2=0.993575 | MAE=0.005355 | RMSE=0.000075 | MAPE%=2.071
2025-09-28 06:28:41,855 | INFO | [Save] predictions_holdout_trial005.csv
2025-09-28 06:28:41,857 | INFO | [Save] metrics_holdout_trial005.csv
2025-09-28 06:28:41,857 | INFO | [Save] feature_importances_holdout_trial005.csv
2025-09-28 06:28:41,858 | INFO | [Save] model_params_trial005.json
2025-09-28 06:28:41,858 | INFO | [Done] trial=5 | outputs at: try14_Ar273_and_313_re_LOWsensitivity/Ar_313_Henry_to_1__struct+input__qt_then_rd__cat_TRAIN_RATIO0.8_QTFRAC_0.8/trial_005
           LCD       PLD      LFPD  ...  NAV_cm3_g  Has_OMS     Input
0     10.85017   3.77263  10.26663  ...        0.0        0  0.050200
1     24.60642  13.03430  24.60642  ...        0.0        1  0.030913
2     24.38417  13.22222  24.38417  ...        0.0        1  0.032289
3     23.29182  13.11646  23.29182  ...        0.0        1  0.031373
4      6.16218   5.13230   5.87594  ...        0.0        1  0.009552
...        ...       ...       ...  ...        ...      ...       ...
7755   5.89251   3.41929   5.89251  ...        0.0        0  0.172231
7756   4.42995   3.86732   4.42995  ...        0.0        0  0.230075
7757   6.25511   5.54572   6.22585  ...        0.0        0  0.044547
7758   4.94280   4.31959   4.93372  ...        0.0        1  0.013466
7759  12.38418   6.85660  12.37540  ...        0.0        0  0.016165

[7760 rows x 13 columns]
Index(['LCD', 'PLD', 'LFPD', 'cm3_g', 'ASA_m2_cm3', 'ASA_m2_g', 'NASA_m2_cm3',
       'NASA_m2_g', 'AV_VF', 'AV_cm3_g', 'NAV_cm3_g', 'Has_OMS', 'Input'],
      dtype='object')
2025-09-28 06:28:41,912 | INFO | [Model] kind=cat | params={'iterations': 500, 'learning_rate': 0.05, 'depth': 8, 'loss_function': 'RMSE', 'random_seed': 9052, 'verbose': False}
2025-09-28 06:28:41,912 | INFO | [Holdout_trial003] Train=6208 | Test=1552
Removed 8 rows from mis_lis
2025-09-28 06:28:42,008 | INFO | [Data] Loaded: ../Data_collect/DataSet_PLDSCREENED_2/Ar_313K/Ar_313K_Ar_313K_0.01_to_Ar_313K_15_dataset.csv | rows=7760 | cols=15
2025-09-28 06:28:42,008 | INFO | [Features] Using 13 features: ['LCD', 'PLD', 'LFPD', 'cm3_g', 'ASA_m2_cm3', 'ASA_m2_g', 'NASA_m2_cm3', 'NASA_m2_g', 'AV_VF', 'AV_cm3_g', 'NAV_cm3_g', 'Has_OMS', 'Input']
2025-09-28 06:28:42,023 | INFO | [Timing_trial005] fit_time=10.119s
                                filename       LCD  ...     Input    Output
0  1499489-acs.cgd.6b01265_1499490_clean  10.85017  ...  0.005118  4.484627
1                           ACOCOM_clean  24.60642  ...  0.003168  4.372880
2                           ACOCUS_clean  24.38417  ...  0.003187  4.483099
3                           ACODAZ_clean  23.29182  ...  0.003023  4.438173
4    acs.cgd.5b01554_VAGNUP1452791_clean   6.16218  ...  0.001002  1.198039

[5 rows x 15 columns]
2025-09-28 06:28:42,033 | INFO | [Preprocess] Drop NaN rows (FEATURES+TARGET): 7760 -> 7760
2025-09-28 06:28:42,039 | INFO | [Timing_trial005] predict_time=0.015s
Running commands:  53%|████████████████████████                     | 16/30 [00:38<00:21,  1.51s/it]3       1.511265
4       0.440603
8       1.199966
28      1.093434
30      1.404384
          ...   
7741    0.653032
7743    1.321119
7745    0.816461
7749    1.123623
7753    1.457892
Name: Output, Length: 1552, dtype: float64 [1.49827076 0.45481231 1.20619383 ... 0.77686438 1.11057813 1.46095843] 




2025-09-28 06:28:42,050 | INFO | [Metrics_trial005] R2=0.980430 | MAE=0.036161 | RMSE=0.003417 | MAPE%=3.333
           LCD       PLD      LFPD  ...  NAV_cm3_g  Has_OMS     Input
0     10.85017   3.77263  10.26663  ...        0.0        0  0.005118
1     24.60642  13.03430  24.60642  ...        0.0        1  0.003168
2     24.38417  13.22222  24.38417  ...        0.0        1  0.003187
3     23.29182  13.11646  23.29182  ...        0.0        1  0.003023
4      6.16218   5.13230   5.87594  ...        0.0        1  0.001002
...        ...       ...       ...  ...        ...      ...       ...
7755   5.89251   3.41929   5.89251  ...        0.0        0  0.018200
7756   4.42995   3.86732   4.42995  ...        0.0        0  0.024938
7757   6.25511   5.54572   6.22585  ...        0.0        0  0.004375
7758   4.94280   4.31959   4.93372  ...        0.0        1  0.001440
7759  12.38418   6.85660  12.37540  ...        0.0        0  0.001854

[7760 rows x 13 columns]
2025-09-28 06:28:42,057 | INFO | [Seeds] trial=5 | seeds={'seed': 57, 'seed_qt': 5052, 'seed_rd': 10052, 'model_seed': 15052}
2025-09-28 06:28:42,071 | INFO | [Save] predictions_holdout_trial005.csv
2025-09-28 06:28:42,072 | INFO | [Save] metrics_holdout_trial005.csv
2025-09-28 06:28:42,073 | INFO | [Save] feature_importances_holdout_trial005.csv
2025-09-28 06:28:42,073 | INFO | [Save] model_params_trial005.json
2025-09-28 06:28:42,073 | INFO | [Done] trial=5 | outputs at: try14_Ar273_and_313_re_LOWsensitivity/Ar_313_Henry_to_5__struct+input__qt_then_rd__cat_TRAIN_RATIO0.8_QTFRAC_0.8/trial_005
[-2.29089161 -2.49924138 -2.49657928 ... -2.35904587 -2.84157822
 -2.73177705]
200






[-2.29089161 -2.49924138 -2.49657928 ... -2.35904587 -2.84157822
 -2.73177705]
-4.195879657951556 0.507194573760734
200





2025-09-28 06:28:42,184 | INFO | [S3 QT→RD] train(qt)=3104, train(rd)=3104, test=1552 (train_ratio=0.80, qt_frac_total=0.40, shift=0.000e+00)
Removed 8 rows from mis_lis
2025-09-28 06:28:42,202 | INFO | [Data] Loaded: ../Data_collect/DataSet_PLDSCREENED_2/Ar_313K/Ar_313K_Ar_313K_0.05_to_Ar_313K_1_dataset.csv | rows=7760 | cols=15
2025-09-28 06:28:42,203 | INFO | [Features] Using 13 features: ['LCD', 'PLD', 'LFPD', 'cm3_g', 'ASA_m2_cm3', 'ASA_m2_g', 'NASA_m2_cm3', 'NASA_m2_g', 'AV_VF', 'AV_cm3_g', 'NAV_cm3_g', 'Has_OMS', 'Input']
                                filename       LCD  ...     Input    Output
0  1499489-acs.cgd.6b01265_1499490_clean  10.85017  ...  0.025239  0.483106
1                           ACOCOM_clean  24.60642  ...  0.015691  0.311217
2                           ACOCUS_clean  24.38417  ...  0.016324  0.313515
3                           ACODAZ_clean  23.29182  ...  0.015726  0.315277
4    acs.cgd.5b01554_VAGNUP1452791_clean   6.16218  ...  0.004741  0.095646

[5 rows x 15 columns]
2025-09-28 06:28:42,227 | INFO | [Preprocess] Drop NaN rows (FEATURES+TARGET): 7760 -> 7760
Removed 8 rows from mis_lis
2025-09-28 06:28:42,231 | INFO | [Data] Loaded: ../Data_collect/DataSet_PLDSCREENED_2/Ar_313K/Ar_313K_Ar_313K_0.05_to_Ar_313K_5_dataset.csv | rows=7760 | cols=15
2025-09-28 06:28:42,231 | INFO | [Features] Using 13 features: ['LCD', 'PLD', 'LFPD', 'cm3_g', 'ASA_m2_cm3', 'ASA_m2_g', 'NASA_m2_cm3', 'NASA_m2_g', 'AV_VF', 'AV_cm3_g', 'NAV_cm3_g', 'Has_OMS', 'Input']
           LCD       PLD      LFPD  ...  NAV_cm3_g  Has_OMS     Input
0     10.85017   3.77263  10.26663  ...        0.0        0  0.025239
1     24.60642  13.03430  24.60642  ...        0.0        1  0.015691
2     24.38417  13.22222  24.38417  ...        0.0        1  0.016324
3     23.29182  13.11646  23.29182  ...        0.0        1  0.015726
4      6.16218   5.13230   5.87594  ...        0.0        1  0.004741
...        ...       ...       ...  ...        ...      ...       ...
7755   5.89251   3.41929   5.89251  ...        0.0        0  0.089835
7756   4.42995   3.86732   4.42995  ...        0.0        0  0.122284
7757   6.25511   5.54572   6.22585  ...        0.0        0  0.022190
7758   4.94280   4.31959   4.93372  ...        0.0        1  0.006706
7759  12.38418   6.85660  12.37540  ...        0.0        0  0.008352

[7760 rows x 13 columns]
2025-09-28 06:28:42,251 | INFO | [Seeds] trial=5 | seeds={'seed': 57, 'seed_qt': 5052, 'seed_rd': 10052, 'model_seed': 15052}
                                filename       LCD  ...     Input    Output
0  1499489-acs.cgd.6b01265_1499490_clean  10.85017  ...  0.025239  2.040043
1                           ACOCOM_clean  24.60642  ...  0.015691  1.479258
2                           ACOCUS_clean  24.38417  ...  0.016324  1.531660
3                           ACODAZ_clean  23.29182  ...  0.015726  1.511265
4    acs.cgd.5b01554_VAGNUP1452791_clean   6.16218  ...  0.004741  0.440603

[5 rows x 15 columns]
2025-09-28 06:28:42,256 | INFO | [Preprocess] Drop NaN rows (FEATURES+TARGET): 7760 -> 7760
           LCD       PLD      LFPD  ...  NAV_cm3_g  Has_OMS     Input
0     10.85017   3.77263  10.26663  ...        0.0        0  0.025239
1     24.60642  13.03430  24.60642  ...        0.0        1  0.015691
2     24.38417  13.22222  24.38417  ...        0.0        1  0.016324
3     23.29182  13.11646  23.29182  ...        0.0        1  0.015726
4      6.16218   5.13230   5.87594  ...        0.0        1  0.004741
...        ...       ...       ...  ...        ...      ...       ...
7755   5.89251   3.41929   5.89251  ...        0.0        0  0.089835
7756   4.42995   3.86732   4.42995  ...        0.0        0  0.122284
7757   6.25511   5.54572   6.22585  ...        0.0        0  0.022190
7758   4.94280   4.31959   4.93372  ...        0.0        1  0.006706
7759  12.38418   6.85660  12.37540  ...        0.0        0  0.008352

[7760 rows x 13 columns]
2025-09-28 06:28:42,280 | INFO | [Seeds] trial=5 | seeds={'seed': 57, 'seed_qt': 5052, 'seed_rd': 10052, 'model_seed': 15052}
Removed 8 rows from mis_lis
2025-09-28 06:28:42,313 | INFO | [Data] Loaded: ../Data_collect/DataSet_PLDSCREENED_2/Ar_313K/Ar_313K_Ar_313K_0.05_to_Ar_313K_15_dataset.csv | rows=7760 | cols=15
2025-09-28 06:28:42,327 | INFO | [Features] Using 13 features: ['LCD', 'PLD', 'LFPD', 'cm3_g', 'ASA_m2_cm3', 'ASA_m2_g', 'NASA_m2_cm3', 'NASA_m2_g', 'AV_VF', 'AV_cm3_g', 'NAV_cm3_g', 'Has_OMS', 'Input']
                                filename       LCD  ...     Input    Output
0  1499489-acs.cgd.6b01265_1499490_clean  10.85017  ...  0.025239  4.484627
1                           ACOCOM_clean  24.60642  ...  0.015691  4.372880
2                           ACOCUS_clean  24.38417  ...  0.016324  4.483099
3                           ACODAZ_clean  23.29182  ...  0.015726  4.438173
4    acs.cgd.5b01554_VAGNUP1452791_clean   6.16218  ...  0.004741  1.198039

[5 rows x 15 columns]
2025-09-28 06:28:42,338 | INFO | [Preprocess] Drop NaN rows (FEATURES+TARGET): 7760 -> 7760
           LCD       PLD      LFPD  ...  NAV_cm3_g  Has_OMS     Input
0     10.85017   3.77263  10.26663  ...        0.0        0  0.025239
1     24.60642  13.03430  24.60642  ...        0.0        1  0.015691
2     24.38417  13.22222  24.38417  ...        0.0        1  0.016324
3     23.29182  13.11646  23.29182  ...        0.0        1  0.015726
4      6.16218   5.13230   5.87594  ...        0.0        1  0.004741
...        ...       ...       ...  ...        ...      ...       ...
7755   5.89251   3.41929   5.89251  ...        0.0        0  0.089835
7756   4.42995   3.86732   4.42995  ...        0.0        0  0.122284
7757   6.25511   5.54572   6.22585  ...        0.0        0  0.022190
7758   4.94280   4.31959   4.93372  ...        0.0        1  0.006706
7759  12.38418   6.85660  12.37540  ...        0.0        0  0.008352

[7760 rows x 13 columns]
2025-09-28 06:28:42,362 | INFO | [Seeds] trial=5 | seeds={'seed': 57, 'seed_qt': 5052, 'seed_rd': 10052, 'model_seed': 15052}
[-1.59792861 -1.80434383 -1.78716507 ... -1.65385223 -2.17352097
 -2.07818475]
200






[-1.59792861 -1.80434383 -1.78716507 ... -1.65385223 -2.17352097
 -2.07818475]
-3.47987623564627 0.5505095589594653
200





2025-09-28 06:28:42,363 | INFO | [S3 QT→RD] train(qt)=3104, train(rd)=3104, test=1552 (train_ratio=0.80, qt_frac_total=0.40, shift=0.000e+00)
[-1.59792861 -1.80434383 -1.78716507 ... -1.65385223 -2.17352097
 -2.07818475]
200






[-1.59792861 -1.80434383 -1.78716507 ... -1.65385223 -2.17352097
 -2.07818475]
-3.47987623564627 0.5505095589594653
200





2025-09-28 06:28:42,405 | INFO | [S3 QT→RD] train(qt)=3104, train(rd)=3104, test=1552 (train_ratio=0.80, qt_frac_total=0.40, shift=0.000e+00)
2025-09-28 06:28:42,461 | INFO | [Timing_trial005] fit_time=10.286s
2025-09-28 06:28:42,477 | INFO | [Timing_trial005] predict_time=0.015s
[-1.59792861 -1.80434383 -1.78716507 ... -1.65385223 -2.17352097
 -2.07818475]
200






[-1.59792861 -1.80434383 -1.78716507 ... -1.65385223 -2.17352097
 -2.07818475]
-3.47987623564627 0.5505095589594653
200





2025-09-28 06:28:42,482 | INFO | [S3 QT→RD] train(qt)=3104, train(rd)=3104, test=1552 (train_ratio=0.80, qt_frac_total=0.40, shift=0.000e+00)
3       4.438173
4       1.198039
8       3.340983
28      1.536339
30      2.965290
          ...   
7741    1.719420
7743    2.864192
7745    1.656129
7749    2.166489
7753    2.829171
Name: Output, Length: 1552, dtype: float64 [4.23260073 1.21136953 3.3628755  ... 1.51928131 2.13589762 2.95642698] 




2025-09-28 06:28:42,488 | INFO | [Metrics_trial005] R2=0.970815 | MAE=0.115626 | RMSE=0.028578 | MAPE%=4.752
Removed 8 rows from mis_lis
2025-09-28 06:28:42,488 | INFO | [Data] Loaded: ../Data_collect/DataSet_PLDSCREENED_2/Ar_313K/Ar_313K_Ar_313K_0.1_to_Ar_313K_1_dataset.csv | rows=7760 | cols=15
2025-09-28 06:28:42,488 | INFO | [Features] Using 13 features: ['LCD', 'PLD', 'LFPD', 'cm3_g', 'ASA_m2_cm3', 'ASA_m2_g', 'NASA_m2_cm3', 'NASA_m2_g', 'AV_VF', 'AV_cm3_g', 'NAV_cm3_g', 'Has_OMS', 'Input']
                                filename       LCD  ...     Input    Output
0  1499489-acs.cgd.6b01265_1499490_clean  10.85017  ...  0.050200  0.483106
1                           ACOCOM_clean  24.60642  ...  0.030913  0.311217
2                           ACOCUS_clean  24.38417  ...  0.032289  0.313515
3                           ACODAZ_clean  23.29182  ...  0.031373  0.315277
4    acs.cgd.5b01554_VAGNUP1452791_clean   6.16218  ...  0.009552  0.095646

[5 rows x 15 columns]
2025-09-28 06:28:42,513 | INFO | [Preprocess] Drop NaN rows (FEATURES+TARGET): 7760 -> 7760
2025-09-28 06:28:42,521 | INFO | [Save] predictions_holdout_trial005.csv
2025-09-28 06:28:42,522 | INFO | [Save] metrics_holdout_trial005.csv
2025-09-28 06:28:42,523 | INFO | [Save] feature_importances_holdout_trial005.csv
2025-09-28 06:28:42,523 | INFO | [Save] model_params_trial005.json
2025-09-28 06:28:42,523 | INFO | [Done] trial=5 | outputs at: try14_Ar273_and_313_re_LOWsensitivity/Ar_313_Henry_to_15__struct+input__qt_then_rd__cat_TRAIN_RATIO0.8_QTFRAC_0.8/trial_005
           LCD       PLD      LFPD  ...  NAV_cm3_g  Has_OMS     Input
0     10.85017   3.77263  10.26663  ...        0.0        0  0.050200
1     24.60642  13.03430  24.60642  ...        0.0        1  0.030913
2     24.38417  13.22222  24.38417  ...        0.0        1  0.032289
3     23.29182  13.11646  23.29182  ...        0.0        1  0.031373
4      6.16218   5.13230   5.87594  ...        0.0        1  0.009552
...        ...       ...       ...  ...        ...      ...       ...
7755   5.89251   3.41929   5.89251  ...        0.0        0  0.172231
7756   4.42995   3.86732   4.42995  ...        0.0        0  0.230075
7757   6.25511   5.54572   6.22585  ...        0.0        0  0.044547
7758   4.94280   4.31959   4.93372  ...        0.0        1  0.013466
7759  12.38418   6.85660  12.37540  ...        0.0        0  0.016165

[7760 rows x 13 columns]
2025-09-28 06:28:42,537 | INFO | [Seeds] trial=5 | seeds={'seed': 57, 'seed_qt': 5052, 'seed_rd': 10052, 'model_seed': 15052}
Removed 8 rows from mis_lis
2025-09-28 06:28:42,587 | INFO | [Data] Loaded: ../Data_collect/DataSet_PLDSCREENED_2/Ar_313K/Ar_313K_Ar_313K_0.1_to_Ar_313K_5_dataset.csv | rows=7760 | cols=15
2025-09-28 06:28:42,587 | INFO | [Features] Using 13 features: ['LCD', 'PLD', 'LFPD', 'cm3_g', 'ASA_m2_cm3', 'ASA_m2_g', 'NASA_m2_cm3', 'NASA_m2_g', 'AV_VF', 'AV_cm3_g', 'NAV_cm3_g', 'Has_OMS', 'Input']
Running commands:  57%|█████████████████████████▌                   | 17/30 [00:39<00:17,  1.33s/it]                                filename       LCD  ...     Input    Output
0  1499489-acs.cgd.6b01265_1499490_clean  10.85017  ...  0.050200  2.040043
1                           ACOCOM_clean  24.60642  ...  0.030913  1.479258
2                           ACOCUS_clean  24.38417  ...  0.032289  1.531660
3                           ACODAZ_clean  23.29182  ...  0.031373  1.511265
4    acs.cgd.5b01554_VAGNUP1452791_clean   6.16218  ...  0.009552  0.440603

[5 rows x 15 columns]
2025-09-28 06:28:42,611 | INFO | [Preprocess] Drop NaN rows (FEATURES+TARGET): 7760 -> 7760
           LCD       PLD      LFPD  ...  NAV_cm3_g  Has_OMS     Input
0     10.85017   3.77263  10.26663  ...        0.0        0  0.050200
1     24.60642  13.03430  24.60642  ...        0.0        1  0.030913
2     24.38417  13.22222  24.38417  ...        0.0        1  0.032289
3     23.29182  13.11646  23.29182  ...        0.0        1  0.031373
4      6.16218   5.13230   5.87594  ...        0.0        1  0.009552
...        ...       ...       ...  ...        ...      ...       ...
7755   5.89251   3.41929   5.89251  ...        0.0        0  0.172231
7756   4.42995   3.86732   4.42995  ...        0.0        0  0.230075
7757   6.25511   5.54572   6.22585  ...        0.0        0  0.044547
7758   4.94280   4.31959   4.93372  ...        0.0        1  0.013466
7759  12.38418   6.85660  12.37540  ...        0.0        0  0.016165

[7760 rows x 13 columns]
2025-09-28 06:28:42,635 | INFO | [Seeds] trial=3 | seeds={'seed': 55, 'seed_qt': 3052, 'seed_rd': 6052, 'model_seed': 9052}
[-1.29929287 -1.5098575  -1.49094846 ... -1.35118275 -1.87077497
 -1.79143316]
200






[-1.29929287 -1.5098575  -1.49094846 ... -1.35118275 -1.87077497
 -1.79143316]
-3.202230713008698 0.5629130728964408
200





2025-09-28 06:28:42,663 | INFO | [S3 QT→RD] train(qt)=3104, train(rd)=3104, test=1552 (train_ratio=0.80, qt_frac_total=0.40, shift=0.000e+00)
[-1.29929287 -1.5098575  -1.49094846 ... -1.35118275 -1.87077497
 -1.79143316]
200






[-1.29929287 -1.5098575  -1.49094846 ... -1.35118275 -1.87077497
 -1.79143316]
-3.202230713008698 0.5629130728964408
200





2025-09-28 06:28:42,747 | INFO | [S3 QT→RD] train(qt)=3104, train(rd)=3104, test=1552 (train_ratio=0.80, qt_frac_total=0.40, shift=0.000e+00)
Running commands:  60%|███████████████████████████                  | 18/30 [00:39<00:13,  1.08s/it]2025-09-28 06:28:42,853 | INFO | [Timing_trial005] fit_time=10.520s
2025-09-28 06:28:42,858 | INFO | [Timing_trial005] predict_time=0.004s
1       1.479258
2       1.531660
3       1.511265
21      0.808741
22      0.432908
          ...   
7741    0.653032
7743    1.321119
7746    1.242084
7752    0.770926
7757    1.978073
Name: Output, Length: 1552, dtype: float64 [1.46360479 1.4614925  1.42248201 ... 1.15267324 0.80182859 1.90275449] 




2025-09-28 06:28:42,868 | INFO | [Metrics_trial005] R2=0.976282 | MAE=0.042461 | RMSE=0.004308 | MAPE%=3.909
2025-09-28 06:28:42,902 | INFO | [Save] predictions_holdout_trial005.csv
2025-09-28 06:28:42,904 | INFO | [Save] metrics_holdout_trial005.csv
2025-09-28 06:28:42,904 | INFO | [Save] feature_importances_holdout_trial005.csv
2025-09-28 06:28:42,904 | INFO | [Save] model_params_trial005.json
2025-09-28 06:28:42,905 | INFO | [Done] trial=5 | outputs at: try14_Ar273_and_313_re_LOWsensitivity/Ar_313_0.01_to_5__struct+input__qt_then_rd__cat_TRAIN_RATIO0.8_QTFRAC_0.8/trial_005
2025-09-28 06:28:43,213 | INFO | [Save] sampling scatter & histogram plots
           LCD       PLD      LFPD  ...  NAV_cm3_g  Has_OMS     Input
0     10.85017   3.77263  10.26663  ...        0.0        0  0.005118
1     24.60642  13.03430  24.60642  ...        0.0        1  0.003168
2     24.38417  13.22222  24.38417  ...        0.0        1  0.003187
3     23.29182  13.11646  23.29182  ...        0.0        1  0.003023
4      6.16218   5.13230   5.87594  ...        0.0        1  0.001002
...        ...       ...       ...  ...        ...      ...       ...
7755   5.89251   3.41929   5.89251  ...        0.0        0  0.018200
7756   4.42995   3.86732   4.42995  ...        0.0        0  0.024938
7757   6.25511   5.54572   6.22585  ...        0.0        0  0.004375
7758   4.94280   4.31959   4.93372  ...        0.0        1  0.001440
7759  12.38418   6.85660  12.37540  ...        0.0        0  0.001854

[7760 rows x 13 columns]
Index(['LCD', 'PLD', 'LFPD', 'cm3_g', 'ASA_m2_cm3', 'ASA_m2_g', 'NASA_m2_cm3',
       'NASA_m2_g', 'AV_VF', 'AV_cm3_g', 'NAV_cm3_g', 'Has_OMS', 'Input'],
      dtype='object')
2025-09-28 06:28:43,345 | INFO | [Model] kind=cat | params={'iterations': 500, 'learning_rate': 0.05, 'depth': 8, 'loss_function': 'RMSE', 'random_seed': 15052, 'verbose': False}
2025-09-28 06:28:43,345 | INFO | [Holdout_trial005] Train=6208 | Test=1552
Running commands:  63%|████████████████████████████▌                | 19/30 [00:40<00:10,  1.04it/s]2025-09-28 06:28:43,398 | INFO | [Save] sampling scatter & histogram plots
2025-09-28 06:28:43,451 | INFO | [Save] sampling scatter & histogram plots
Removed 8 rows from mis_lis
2025-09-28 06:28:43,461 | INFO | [Data] Loaded: ../Data_collect/DataSet_PLDSCREENED_2/Ar_313K/Ar_313K_Ar_313K_0.1_to_Ar_313K_15_dataset.csv | rows=7760 | cols=15
2025-09-28 06:28:43,462 | INFO | [Features] Using 13 features: ['LCD', 'PLD', 'LFPD', 'cm3_g', 'ASA_m2_cm3', 'ASA_m2_g', 'NASA_m2_cm3', 'NASA_m2_g', 'AV_VF', 'AV_cm3_g', 'NAV_cm3_g', 'Has_OMS', 'Input']
                                filename       LCD  ...     Input    Output
0  1499489-acs.cgd.6b01265_1499490_clean  10.85017  ...  0.050200  4.484627
1                           ACOCOM_clean  24.60642  ...  0.030913  4.372880
2                           ACOCUS_clean  24.38417  ...  0.032289  4.483099
3                           ACODAZ_clean  23.29182  ...  0.031373  4.438173
4    acs.cgd.5b01554_VAGNUP1452791_clean   6.16218  ...  0.009552  1.198039

[5 rows x 15 columns]
2025-09-28 06:28:43,486 | INFO | [Preprocess] Drop NaN rows (FEATURES+TARGET): 7760 -> 7760
           LCD       PLD      LFPD  ...  NAV_cm3_g  Has_OMS     Input
0     10.85017   3.77263  10.26663  ...        0.0        0  0.050200
1     24.60642  13.03430  24.60642  ...        0.0        1  0.030913
2     24.38417  13.22222  24.38417  ...        0.0        1  0.032289
3     23.29182  13.11646  23.29182  ...        0.0        1  0.031373
4      6.16218   5.13230   5.87594  ...        0.0        1  0.009552
...        ...       ...       ...  ...        ...      ...       ...
7755   5.89251   3.41929   5.89251  ...        0.0        0  0.172231
7756   4.42995   3.86732   4.42995  ...        0.0        0  0.230075
7757   6.25511   5.54572   6.22585  ...        0.0        0  0.044547
7758   4.94280   4.31959   4.93372  ...        0.0        1  0.013466
7759  12.38418   6.85660  12.37540  ...        0.0        0  0.016165

[7760 rows x 13 columns]
2025-09-28 06:28:43,509 | INFO | [Seeds] trial=3 | seeds={'seed': 55, 'seed_qt': 3052, 'seed_rd': 6052, 'model_seed': 9052}
           LCD       PLD      LFPD  ...  NAV_cm3_g  Has_OMS     Input
0     10.85017   3.77263  10.26663  ...        0.0        0  0.025239
1     24.60642  13.03430  24.60642  ...        0.0        1  0.015691
2     24.38417  13.22222  24.38417  ...        0.0        1  0.016324
3     23.29182  13.11646  23.29182  ...        0.0        1  0.015726
4      6.16218   5.13230   5.87594  ...        0.0        1  0.004741
...        ...       ...       ...  ...        ...      ...       ...
7755   5.89251   3.41929   5.89251  ...        0.0        0  0.089835
7756   4.42995   3.86732   4.42995  ...        0.0        0  0.122284
7757   6.25511   5.54572   6.22585  ...        0.0        0  0.022190
7758   4.94280   4.31959   4.93372  ...        0.0        1  0.006706
7759  12.38418   6.85660  12.37540  ...        0.0        0  0.008352

[7760 rows x 13 columns]
Index(['LCD', 'PLD', 'LFPD', 'cm3_g', 'ASA_m2_cm3', 'ASA_m2_g', 'NASA_m2_cm3',
       'NASA_m2_g', 'AV_VF', 'AV_cm3_g', 'NAV_cm3_g', 'Has_OMS', 'Input'],
      dtype='object')
2025-09-28 06:28:43,529 | INFO | [Model] kind=cat | params={'iterations': 500, 'learning_rate': 0.05, 'depth': 8, 'loss_function': 'RMSE', 'random_seed': 15052, 'verbose': False}
2025-09-28 06:28:43,529 | INFO | [Holdout_trial005] Train=6208 | Test=1552
2025-09-28 06:28:43,548 | INFO | [Save] sampling scatter & histogram plots
Removed 8 rows from mis_lis
2025-09-28 06:28:43,558 | INFO | [Data] Loaded: ../Data_collect/DataSet_PLDSCREENED_2/Ar_313K/Ar_313K_Ar_313K_0.5_to_Ar_313K_1_dataset.csv | rows=7760 | cols=15
2025-09-28 06:28:43,559 | INFO | [Features] Using 13 features: ['LCD', 'PLD', 'LFPD', 'cm3_g', 'ASA_m2_cm3', 'ASA_m2_g', 'NASA_m2_cm3', 'NASA_m2_g', 'AV_VF', 'AV_cm3_g', 'NAV_cm3_g', 'Has_OMS', 'Input']
           LCD       PLD      LFPD  ...  NAV_cm3_g  Has_OMS     Input
0     10.85017   3.77263  10.26663  ...        0.0        0  0.025239
1     24.60642  13.03430  24.60642  ...        0.0        1  0.015691
2     24.38417  13.22222  24.38417  ...        0.0        1  0.016324
3     23.29182  13.11646  23.29182  ...        0.0        1  0.015726
4      6.16218   5.13230   5.87594  ...        0.0        1  0.004741
...        ...       ...       ...  ...        ...      ...       ...
7755   5.89251   3.41929   5.89251  ...        0.0        0  0.089835
7756   4.42995   3.86732   4.42995  ...        0.0        0  0.122284
7757   6.25511   5.54572   6.22585  ...        0.0        0  0.022190
7758   4.94280   4.31959   4.93372  ...        0.0        1  0.006706
7759  12.38418   6.85660  12.37540  ...        0.0        0  0.008352

[7760 rows x 13 columns]
Index(['LCD', 'PLD', 'LFPD', 'cm3_g', 'ASA_m2_cm3', 'ASA_m2_g', 'NASA_m2_cm3',
       'NASA_m2_g', 'AV_VF', 'AV_cm3_g', 'NAV_cm3_g', 'Has_OMS', 'Input'],
      dtype='object')
2025-09-28 06:28:43,583 | INFO | [Model] kind=cat | params={'iterations': 500, 'learning_rate': 0.05, 'depth': 8, 'loss_function': 'RMSE', 'random_seed': 15052, 'verbose': False}
2025-09-28 06:28:43,583 | INFO | [Holdout_trial005] Train=6208 | Test=1552
                                filename       LCD  ...     Input    Output
0  1499489-acs.cgd.6b01265_1499490_clean  10.85017  ...  0.247012  0.483106
1                           ACOCOM_clean  24.60642  ...  0.154237  0.311217
2                           ACOCUS_clean  24.38417  ...  0.159598  0.313515
3                           ACODAZ_clean  23.29182  ...  0.156731  0.315277
4    acs.cgd.5b01554_VAGNUP1452791_clean   6.16218  ...  0.047922  0.095646

[5 rows x 15 columns]
2025-09-28 06:28:43,583 | INFO | [Preprocess] Drop NaN rows (FEATURES+TARGET): 7760 -> 7760
           LCD       PLD      LFPD  ...  NAV_cm3_g  Has_OMS     Input
0     10.85017   3.77263  10.26663  ...        0.0        0  0.247012
1     24.60642  13.03430  24.60642  ...        0.0        1  0.154237
2     24.38417  13.22222  24.38417  ...        0.0        1  0.159598
3     23.29182  13.11646  23.29182  ...        0.0        1  0.156731
4      6.16218   5.13230   5.87594  ...        0.0        1  0.047922
...        ...       ...       ...  ...        ...      ...       ...
7755   5.89251   3.41929   5.89251  ...        0.0        0  0.700145
7756   4.42995   3.86732   4.42995  ...        0.0        0  0.921799
7757   6.25511   5.54572   6.22585  ...        0.0        0  0.220564
7758   4.94280   4.31959   4.93372  ...        0.0        1  0.067246
7759  12.38418   6.85660  12.37540  ...        0.0        0  0.081035

[7760 rows x 13 columns]
2025-09-28 06:28:43,606 | INFO | [Seeds] trial=3 | seeds={'seed': 55, 'seed_qt': 3052, 'seed_rd': 6052, 'model_seed': 9052}
Removed 8 rows from mis_lis
2025-09-28 06:28:43,618 | INFO | [Data] Loaded: ../Data_collect/DataSet_PLDSCREENED_2/Ar_313K/Ar_313K_Ar_313K_0.5_to_Ar_313K_5_dataset.csv | rows=7760 | cols=15
2025-09-28 06:28:43,619 | INFO | [Features] Using 13 features: ['LCD', 'PLD', 'LFPD', 'cm3_g', 'ASA_m2_cm3', 'ASA_m2_g', 'NASA_m2_cm3', 'NASA_m2_g', 'AV_VF', 'AV_cm3_g', 'NAV_cm3_g', 'Has_OMS', 'Input']
[-1.29929287 -1.5098575  -1.49094846 ... -1.35118275 -1.87077497
 -1.79143316]
200






[-1.29929287 -1.5098575  -1.49094846 ... -1.35118275 -1.87077497
 -1.79143316]
-3.202230713008698 0.5629130728964408
200





2025-09-28 06:28:43,621 | INFO | [S3 QT→RD] train(qt)=3104, train(rd)=3104, test=1552 (train_ratio=0.80, qt_frac_total=0.40, shift=0.000e+00)
                                filename       LCD  ...     Input    Output
0  1499489-acs.cgd.6b01265_1499490_clean  10.85017  ...  0.247012  2.040043
1                           ACOCOM_clean  24.60642  ...  0.154237  1.479258
2                           ACOCUS_clean  24.38417  ...  0.159598  1.531660
3                           ACODAZ_clean  23.29182  ...  0.156731  1.511265
4    acs.cgd.5b01554_VAGNUP1452791_clean   6.16218  ...  0.047922  0.440603

[5 rows x 15 columns]
2025-09-28 06:28:43,643 | INFO | [Preprocess] Drop NaN rows (FEATURES+TARGET): 7760 -> 7760
           LCD       PLD      LFPD  ...  NAV_cm3_g  Has_OMS     Input
0     10.85017   3.77263  10.26663  ...        0.0        0  0.247012
1     24.60642  13.03430  24.60642  ...        0.0        1  0.154237
2     24.38417  13.22222  24.38417  ...        0.0        1  0.159598
3     23.29182  13.11646  23.29182  ...        0.0        1  0.156731
4      6.16218   5.13230   5.87594  ...        0.0        1  0.047922
...        ...       ...       ...  ...        ...      ...       ...
7755   5.89251   3.41929   5.89251  ...        0.0        0  0.700145
7756   4.42995   3.86732   4.42995  ...        0.0        0  0.921799
7757   6.25511   5.54572   6.22585  ...        0.0        0  0.220564
7758   4.94280   4.31959   4.93372  ...        0.0        1  0.067246
7759  12.38418   6.85660  12.37540  ...        0.0        0  0.081035

[7760 rows x 13 columns]
2025-09-28 06:28:43,667 | INFO | [Seeds] trial=3 | seeds={'seed': 55, 'seed_qt': 3052, 'seed_rd': 6052, 'model_seed': 9052}
           LCD       PLD      LFPD  ...  NAV_cm3_g  Has_OMS     Input
0     10.85017   3.77263  10.26663  ...        0.0        0  0.025239
1     24.60642  13.03430  24.60642  ...        0.0        1  0.015691
2     24.38417  13.22222  24.38417  ...        0.0        1  0.016324
3     23.29182  13.11646  23.29182  ...        0.0        1  0.015726
4      6.16218   5.13230   5.87594  ...        0.0        1  0.004741
...        ...       ...       ...  ...        ...      ...       ...
7755   5.89251   3.41929   5.89251  ...        0.0        0  0.089835
7756   4.42995   3.86732   4.42995  ...        0.0        0  0.122284
7757   6.25511   5.54572   6.22585  ...        0.0        0  0.022190
7758   4.94280   4.31959   4.93372  ...        0.0        1  0.006706
7759  12.38418   6.85660  12.37540  ...        0.0        0  0.008352

[7760 rows x 13 columns]
Index(['LCD', 'PLD', 'LFPD', 'cm3_g', 'ASA_m2_cm3', 'ASA_m2_g', 'NASA_m2_cm3',
       'NASA_m2_g', 'AV_VF', 'AV_cm3_g', 'NAV_cm3_g', 'Has_OMS', 'Input'],
      dtype='object')
2025-09-28 06:28:43,680 | INFO | [Model] kind=cat | params={'iterations': 500, 'learning_rate': 0.05, 'depth': 8, 'loss_function': 'RMSE', 'random_seed': 15052, 'verbose': False}
2025-09-28 06:28:43,680 | INFO | [Holdout_trial005] Train=6208 | Test=1552
2025-09-28 06:28:43,707 | INFO | [Save] sampling scatter & histogram plots
Running commands:  67%|██████████████████████████████               | 20/30 [00:40<00:08,  1.24it/s][-0.60728116 -0.81181152 -0.79697294 ... -0.65646474 -1.1723316
 -1.09132692]
200






[-0.60728116 -0.81181152 -0.79697294 ... -0.65646474 -1.1723316
 -1.09132692]
-2.504857063846332 0.5790191669229403
200





2025-09-28 06:28:43,735 | INFO | [S3 QT→RD] train(qt)=3104, train(rd)=3104, test=1552 (train_ratio=0.80, qt_frac_total=0.40, shift=0.000e+00)
[-0.60728116 -0.81181152 -0.79697294 ... -0.65646474 -1.1723316
 -1.09132692]
200






[-0.60728116 -0.81181152 -0.79697294 ... -0.65646474 -1.1723316
 -1.09132692]
-2.504857063846332 0.5790191669229403
200





2025-09-28 06:28:43,780 | INFO | [S3 QT→RD] train(qt)=3104, train(rd)=3104, test=1552 (train_ratio=0.80, qt_frac_total=0.40, shift=0.000e+00)
2025-09-28 06:28:43,804 | INFO | [Save] sampling scatter & histogram plots
           LCD       PLD      LFPD  ...  NAV_cm3_g  Has_OMS     Input
0     10.85017   3.77263  10.26663  ...        0.0        0  0.050200
1     24.60642  13.03430  24.60642  ...        0.0        1  0.030913
2     24.38417  13.22222  24.38417  ...        0.0        1  0.032289
3     23.29182  13.11646  23.29182  ...        0.0        1  0.031373
4      6.16218   5.13230   5.87594  ...        0.0        1  0.009552
...        ...       ...       ...  ...        ...      ...       ...
7755   5.89251   3.41929   5.89251  ...        0.0        0  0.172231
7756   4.42995   3.86732   4.42995  ...        0.0        0  0.230075
7757   6.25511   5.54572   6.22585  ...        0.0        0  0.044547
7758   4.94280   4.31959   4.93372  ...        0.0        1  0.013466
7759  12.38418   6.85660  12.37540  ...        0.0        0  0.016165

[7760 rows x 13 columns]
Index(['LCD', 'PLD', 'LFPD', 'cm3_g', 'ASA_m2_cm3', 'ASA_m2_g', 'NASA_m2_cm3',
       'NASA_m2_g', 'AV_VF', 'AV_cm3_g', 'NAV_cm3_g', 'Has_OMS', 'Input'],
      dtype='object')
2025-09-28 06:28:43,838 | INFO | [Model] kind=cat | params={'iterations': 500, 'learning_rate': 0.05, 'depth': 8, 'loss_function': 'RMSE', 'random_seed': 15052, 'verbose': False}
2025-09-28 06:28:43,838 | INFO | [Holdout_trial005] Train=6208 | Test=1552
Removed 8 rows from mis_lis
2025-09-28 06:28:43,841 | INFO | [Data] Loaded: ../Data_collect/DataSet_PLDSCREENED_2/Ar_313K/Ar_313K_Ar_313K_0.5_to_Ar_313K_15_dataset.csv | rows=7760 | cols=15
2025-09-28 06:28:43,842 | INFO | [Features] Using 13 features: ['LCD', 'PLD', 'LFPD', 'cm3_g', 'ASA_m2_cm3', 'ASA_m2_g', 'NASA_m2_cm3', 'NASA_m2_g', 'AV_VF', 'AV_cm3_g', 'NAV_cm3_g', 'Has_OMS', 'Input']
                                filename       LCD  ...     Input    Output
0  1499489-acs.cgd.6b01265_1499490_clean  10.85017  ...  0.247012  4.484627
1                           ACOCOM_clean  24.60642  ...  0.154237  4.372880
2                           ACOCUS_clean  24.38417  ...  0.159598  4.483099
3                           ACODAZ_clean  23.29182  ...  0.156731  4.438173
4    acs.cgd.5b01554_VAGNUP1452791_clean   6.16218  ...  0.047922  1.198039

[5 rows x 15 columns]
2025-09-28 06:28:43,867 | INFO | [Preprocess] Drop NaN rows (FEATURES+TARGET): 7760 -> 7760
           LCD       PLD      LFPD  ...  NAV_cm3_g  Has_OMS     Input
0     10.85017   3.77263  10.26663  ...        0.0        0  0.247012
1     24.60642  13.03430  24.60642  ...        0.0        1  0.154237
2     24.38417  13.22222  24.38417  ...        0.0        1  0.159598
3     23.29182  13.11646  23.29182  ...        0.0        1  0.156731
4      6.16218   5.13230   5.87594  ...        0.0        1  0.047922
...        ...       ...       ...  ...        ...      ...       ...
7755   5.89251   3.41929   5.89251  ...        0.0        0  0.700145
7756   4.42995   3.86732   4.42995  ...        0.0        0  0.921799
7757   6.25511   5.54572   6.22585  ...        0.0        0  0.220564
7758   4.94280   4.31959   4.93372  ...        0.0        1  0.067246
7759  12.38418   6.85660  12.37540  ...        0.0        0  0.081035

[7760 rows x 13 columns]
2025-09-28 06:28:43,890 | INFO | [Seeds] trial=3 | seeds={'seed': 55, 'seed_qt': 3052, 'seed_rd': 6052, 'model_seed': 9052}
           LCD       PLD      LFPD  ...  NAV_cm3_g  Has_OMS     Input
0     10.85017   3.77263  10.26663  ...        0.0        0  0.050200
1     24.60642  13.03430  24.60642  ...        0.0        1  0.030913
2     24.38417  13.22222  24.38417  ...        0.0        1  0.032289
3     23.29182  13.11646  23.29182  ...        0.0        1  0.031373
4      6.16218   5.13230   5.87594  ...        0.0        1  0.009552
...        ...       ...       ...  ...        ...      ...       ...
7755   5.89251   3.41929   5.89251  ...        0.0        0  0.172231
7756   4.42995   3.86732   4.42995  ...        0.0        0  0.230075
7757   6.25511   5.54572   6.22585  ...        0.0        0  0.044547
7758   4.94280   4.31959   4.93372  ...        0.0        1  0.013466
7759  12.38418   6.85660  12.37540  ...        0.0        0  0.016165

[7760 rows x 13 columns]
Index(['LCD', 'PLD', 'LFPD', 'cm3_g', 'ASA_m2_cm3', 'ASA_m2_g', 'NASA_m2_cm3',
       'NASA_m2_g', 'AV_VF', 'AV_cm3_g', 'NAV_cm3_g', 'Has_OMS', 'Input'],
      dtype='object')
2025-09-28 06:28:43,944 | INFO | [Model] kind=cat | params={'iterations': 500, 'learning_rate': 0.05, 'depth': 8, 'loss_function': 'RMSE', 'random_seed': 9052, 'verbose': False}
2025-09-28 06:28:43,944 | INFO | [Holdout_trial003] Train=6208 | Test=1552
[-0.60728116 -0.81181152 -0.79697294 ... -0.65646474 -1.1723316
 -1.09132692]
200






[-0.60728116 -0.81181152 -0.79697294 ... -0.65646474 -1.1723316
 -1.09132692]
-2.504857063846332 0.5790191669229403
200





2025-09-28 06:28:44,021 | INFO | [S3 QT→RD] train(qt)=3104, train(rd)=3104, test=1552 (train_ratio=0.80, qt_frac_total=0.40, shift=0.000e+00)
Removed 8 rows from mis_lis
2025-09-28 06:28:44,347 | INFO | [Data] Loaded: ../Data_collect/DataSet_PLDSCREENED_2/Ar_313K/Ar_313K_Ar_313K_0.1_to_Ar_313K_5_dataset.csv | rows=7760 | cols=15
2025-09-28 06:28:44,348 | INFO | [Features] Using 13 features: ['LCD', 'PLD', 'LFPD', 'cm3_g', 'ASA_m2_cm3', 'ASA_m2_g', 'NASA_m2_cm3', 'NASA_m2_g', 'AV_VF', 'AV_cm3_g', 'NAV_cm3_g', 'Has_OMS', 'Input']
                                filename       LCD  ...     Input    Output
0  1499489-acs.cgd.6b01265_1499490_clean  10.85017  ...  0.050200  2.040043
1                           ACOCOM_clean  24.60642  ...  0.030913  1.479258
2                           ACOCUS_clean  24.38417  ...  0.032289  1.531660
3                           ACODAZ_clean  23.29182  ...  0.031373  1.511265
4    acs.cgd.5b01554_VAGNUP1452791_clean   6.16218  ...  0.009552  0.440603

[5 rows x 15 columns]
2025-09-28 06:28:44,372 | INFO | [Preprocess] Drop NaN rows (FEATURES+TARGET): 7760 -> 7760
           LCD       PLD      LFPD  ...  NAV_cm3_g  Has_OMS     Input
0     10.85017   3.77263  10.26663  ...        0.0        0  0.050200
1     24.60642  13.03430  24.60642  ...        0.0        1  0.030913
2     24.38417  13.22222  24.38417  ...        0.0        1  0.032289
3     23.29182  13.11646  23.29182  ...        0.0        1  0.031373
4      6.16218   5.13230   5.87594  ...        0.0        1  0.009552
...        ...       ...       ...  ...        ...      ...       ...
7755   5.89251   3.41929   5.89251  ...        0.0        0  0.172231
7756   4.42995   3.86732   4.42995  ...        0.0        0  0.230075
7757   6.25511   5.54572   6.22585  ...        0.0        0  0.044547
7758   4.94280   4.31959   4.93372  ...        0.0        1  0.013466
7759  12.38418   6.85660  12.37540  ...        0.0        0  0.016165

[7760 rows x 13 columns]
2025-09-28 06:28:44,383 | INFO | [Seeds] trial=5 | seeds={'seed': 57, 'seed_qt': 5052, 'seed_rd': 10052, 'model_seed': 15052}
[-1.29929287 -1.5098575  -1.49094846 ... -1.35118275 -1.87077497
 -1.79143316]
200






[-1.29929287 -1.5098575  -1.49094846 ... -1.35118275 -1.87077497
 -1.79143316]
-3.202230713008698 0.5629130728964408
200





2025-09-28 06:28:44,512 | INFO | [S3 QT→RD] train(qt)=3104, train(rd)=3104, test=1552 (train_ratio=0.80, qt_frac_total=0.40, shift=0.000e+00)
2025-09-28 06:28:44,704 | INFO | [Save] sampling scatter & histogram plots
2025-09-28 06:28:44,782 | INFO | [Save] sampling scatter & histogram plots
           LCD       PLD      LFPD  ...  NAV_cm3_g  Has_OMS     Input
0     10.85017   3.77263  10.26663  ...        0.0        0  0.050200
1     24.60642  13.03430  24.60642  ...        0.0        1  0.030913
2     24.38417  13.22222  24.38417  ...        0.0        1  0.032289
3     23.29182  13.11646  23.29182  ...        0.0        1  0.031373
4      6.16218   5.13230   5.87594  ...        0.0        1  0.009552
...        ...       ...       ...  ...        ...      ...       ...
7755   5.89251   3.41929   5.89251  ...        0.0        0  0.172231
7756   4.42995   3.86732   4.42995  ...        0.0        0  0.230075
7757   6.25511   5.54572   6.22585  ...        0.0        0  0.044547
7758   4.94280   4.31959   4.93372  ...        0.0        1  0.013466
7759  12.38418   6.85660  12.37540  ...        0.0        0  0.016165

[7760 rows x 13 columns]
Index(['LCD', 'PLD', 'LFPD', 'cm3_g', 'ASA_m2_cm3', 'ASA_m2_g', 'NASA_m2_cm3',
       'NASA_m2_g', 'AV_VF', 'AV_cm3_g', 'NAV_cm3_g', 'Has_OMS', 'Input'],
      dtype='object')
2025-09-28 06:28:44,838 | INFO | [Model] kind=cat | params={'iterations': 500, 'learning_rate': 0.05, 'depth': 8, 'loss_function': 'RMSE', 'random_seed': 9052, 'verbose': False}
2025-09-28 06:28:44,838 | INFO | [Holdout_trial003] Train=6208 | Test=1552
2025-09-28 06:28:44,915 | INFO | [Save] sampling scatter & histogram plots
           LCD       PLD      LFPD  ...  NAV_cm3_g  Has_OMS     Input
0     10.85017   3.77263  10.26663  ...        0.0        0  0.247012
1     24.60642  13.03430  24.60642  ...        0.0        1  0.154237
2     24.38417  13.22222  24.38417  ...        0.0        1  0.159598
3     23.29182  13.11646  23.29182  ...        0.0        1  0.156731
4      6.16218   5.13230   5.87594  ...        0.0        1  0.047922
...        ...       ...       ...  ...        ...      ...       ...
7755   5.89251   3.41929   5.89251  ...        0.0        0  0.700145
7756   4.42995   3.86732   4.42995  ...        0.0        0  0.921799
7757   6.25511   5.54572   6.22585  ...        0.0        0  0.220564
7758   4.94280   4.31959   4.93372  ...        0.0        1  0.067246
7759  12.38418   6.85660  12.37540  ...        0.0        0  0.081035

[7760 rows x 13 columns]
Index(['LCD', 'PLD', 'LFPD', 'cm3_g', 'ASA_m2_cm3', 'ASA_m2_g', 'NASA_m2_cm3',
       'NASA_m2_g', 'AV_VF', 'AV_cm3_g', 'NAV_cm3_g', 'Has_OMS', 'Input'],
      dtype='object')
2025-09-28 06:28:44,938 | INFO | [Model] kind=cat | params={'iterations': 500, 'learning_rate': 0.05, 'depth': 8, 'loss_function': 'RMSE', 'random_seed': 9052, 'verbose': False}
2025-09-28 06:28:44,938 | INFO | [Holdout_trial003] Train=6208 | Test=1552
Removed 8 rows from mis_lis
2025-09-28 06:28:45,001 | INFO | [Data] Loaded: ../Data_collect/DataSet_PLDSCREENED_2/Ar_313K/Ar_313K_Ar_313K_0.1_to_Ar_313K_15_dataset.csv | rows=7760 | cols=15
2025-09-28 06:28:45,002 | INFO | [Features] Using 13 features: ['LCD', 'PLD', 'LFPD', 'cm3_g', 'ASA_m2_cm3', 'ASA_m2_g', 'NASA_m2_cm3', 'NASA_m2_g', 'AV_VF', 'AV_cm3_g', 'NAV_cm3_g', 'Has_OMS', 'Input']
                                filename       LCD  ...     Input    Output
0  1499489-acs.cgd.6b01265_1499490_clean  10.85017  ...  0.050200  4.484627
1                           ACOCOM_clean  24.60642  ...  0.030913  4.372880
2                           ACOCUS_clean  24.38417  ...  0.032289  4.483099
3                           ACODAZ_clean  23.29182  ...  0.031373  4.438173
4    acs.cgd.5b01554_VAGNUP1452791_clean   6.16218  ...  0.009552  1.198039

[5 rows x 15 columns]
2025-09-28 06:28:45,013 | INFO | [Preprocess] Drop NaN rows (FEATURES+TARGET): 7760 -> 7760
           LCD       PLD      LFPD  ...  NAV_cm3_g  Has_OMS     Input
0     10.85017   3.77263  10.26663  ...        0.0        0  0.050200
1     24.60642  13.03430  24.60642  ...        0.0        1  0.030913
2     24.38417  13.22222  24.38417  ...        0.0        1  0.032289
3     23.29182  13.11646  23.29182  ...        0.0        1  0.031373
4      6.16218   5.13230   5.87594  ...        0.0        1  0.009552
...        ...       ...       ...  ...        ...      ...       ...
7755   5.89251   3.41929   5.89251  ...        0.0        0  0.172231
7756   4.42995   3.86732   4.42995  ...        0.0        0  0.230075
7757   6.25511   5.54572   6.22585  ...        0.0        0  0.044547
7758   4.94280   4.31959   4.93372  ...        0.0        1  0.013466
7759  12.38418   6.85660  12.37540  ...        0.0        0  0.016165

[7760 rows x 13 columns]
2025-09-28 06:28:45,024 | INFO | [Seeds] trial=5 | seeds={'seed': 57, 'seed_qt': 5052, 'seed_rd': 10052, 'model_seed': 15052}
           LCD       PLD      LFPD  ...  NAV_cm3_g  Has_OMS     Input
0     10.85017   3.77263  10.26663  ...        0.0        0  0.247012
1     24.60642  13.03430  24.60642  ...        0.0        1  0.154237
2     24.38417  13.22222  24.38417  ...        0.0        1  0.159598
3     23.29182  13.11646  23.29182  ...        0.0        1  0.156731
4      6.16218   5.13230   5.87594  ...        0.0        1  0.047922
...        ...       ...       ...  ...        ...      ...       ...
7755   5.89251   3.41929   5.89251  ...        0.0        0  0.700145
7756   4.42995   3.86732   4.42995  ...        0.0        0  0.921799
7757   6.25511   5.54572   6.22585  ...        0.0        0  0.220564
7758   4.94280   4.31959   4.93372  ...        0.0        1  0.067246
7759  12.38418   6.85660  12.37540  ...        0.0        0  0.081035

[7760 rows x 13 columns]
Index(['LCD', 'PLD', 'LFPD', 'cm3_g', 'ASA_m2_cm3', 'ASA_m2_g', 'NASA_m2_cm3',
       'NASA_m2_g', 'AV_VF', 'AV_cm3_g', 'NAV_cm3_g', 'Has_OMS', 'Input'],
      dtype='object')
2025-09-28 06:28:45,049 | INFO | [Model] kind=cat | params={'iterations': 500, 'learning_rate': 0.05, 'depth': 8, 'loss_function': 'RMSE', 'random_seed': 9052, 'verbose': False}
2025-09-28 06:28:45,049 | INFO | [Holdout_trial003] Train=6208 | Test=1552
2025-09-28 06:28:45,087 | INFO | [Save] sampling scatter & histogram plots
[-1.29929287 -1.5098575  -1.49094846 ... -1.35118275 -1.87077497
 -1.79143316]
200






[-1.29929287 -1.5098575  -1.49094846 ... -1.35118275 -1.87077497
 -1.79143316]
-3.202230713008698 0.5629130728964408
200





2025-09-28 06:28:45,100 | INFO | [S3 QT→RD] train(qt)=3104, train(rd)=3104, test=1552 (train_ratio=0.80, qt_frac_total=0.40, shift=0.000e+00)
Removed 8 rows from mis_lis
2025-09-28 06:28:45,197 | INFO | [Data] Loaded: ../Data_collect/DataSet_PLDSCREENED_2/Ar_313K/Ar_313K_Ar_313K_0.5_to_Ar_313K_1_dataset.csv | rows=7760 | cols=15
2025-09-28 06:28:45,198 | INFO | [Features] Using 13 features: ['LCD', 'PLD', 'LFPD', 'cm3_g', 'ASA_m2_cm3', 'ASA_m2_g', 'NASA_m2_cm3', 'NASA_m2_g', 'AV_VF', 'AV_cm3_g', 'NAV_cm3_g', 'Has_OMS', 'Input']
                                filename       LCD  ...     Input    Output
0  1499489-acs.cgd.6b01265_1499490_clean  10.85017  ...  0.247012  0.483106
1                           ACOCOM_clean  24.60642  ...  0.154237  0.311217
2                           ACOCUS_clean  24.38417  ...  0.159598  0.313515
3                           ACODAZ_clean  23.29182  ...  0.156731  0.315277
4    acs.cgd.5b01554_VAGNUP1452791_clean   6.16218  ...  0.047922  0.095646

[5 rows x 15 columns]
2025-09-28 06:28:45,209 | INFO | [Preprocess] Drop NaN rows (FEATURES+TARGET): 7760 -> 7760
           LCD       PLD      LFPD  ...  NAV_cm3_g  Has_OMS     Input
0     10.85017   3.77263  10.26663  ...        0.0        0  0.247012
1     24.60642  13.03430  24.60642  ...        0.0        1  0.154237
2     24.38417  13.22222  24.38417  ...        0.0        1  0.159598
3     23.29182  13.11646  23.29182  ...        0.0        1  0.156731
4      6.16218   5.13230   5.87594  ...        0.0        1  0.047922
...        ...       ...       ...  ...        ...      ...       ...
7755   5.89251   3.41929   5.89251  ...        0.0        0  0.700145
7756   4.42995   3.86732   4.42995  ...        0.0        0  0.921799
7757   6.25511   5.54572   6.22585  ...        0.0        0  0.220564
7758   4.94280   4.31959   4.93372  ...        0.0        1  0.067246
7759  12.38418   6.85660  12.37540  ...        0.0        0  0.081035

[7760 rows x 13 columns]
2025-09-28 06:28:45,220 | INFO | [Seeds] trial=5 | seeds={'seed': 57, 'seed_qt': 5052, 'seed_rd': 10052, 'model_seed': 15052}
           LCD       PLD      LFPD  ...  NAV_cm3_g  Has_OMS     Input
0     10.85017   3.77263  10.26663  ...        0.0        0  0.247012
1     24.60642  13.03430  24.60642  ...        0.0        1  0.154237
2     24.38417  13.22222  24.38417  ...        0.0        1  0.159598
3     23.29182  13.11646  23.29182  ...        0.0        1  0.156731
4      6.16218   5.13230   5.87594  ...        0.0        1  0.047922
...        ...       ...       ...  ...        ...      ...       ...
7755   5.89251   3.41929   5.89251  ...        0.0        0  0.700145
7756   4.42995   3.86732   4.42995  ...        0.0        0  0.921799
7757   6.25511   5.54572   6.22585  ...        0.0        0  0.220564
7758   4.94280   4.31959   4.93372  ...        0.0        1  0.067246
7759  12.38418   6.85660  12.37540  ...        0.0        0  0.081035

[7760 rows x 13 columns]
Index(['LCD', 'PLD', 'LFPD', 'cm3_g', 'ASA_m2_cm3', 'ASA_m2_g', 'NASA_m2_cm3',
       'NASA_m2_g', 'AV_VF', 'AV_cm3_g', 'NAV_cm3_g', 'Has_OMS', 'Input'],
      dtype='object')
2025-09-28 06:28:45,221 | INFO | [Model] kind=cat | params={'iterations': 500, 'learning_rate': 0.05, 'depth': 8, 'loss_function': 'RMSE', 'random_seed': 9052, 'verbose': False}
2025-09-28 06:28:45,221 | INFO | [Holdout_trial003] Train=6208 | Test=1552
[-0.60728116 -0.81181152 -0.79697294 ... -0.65646474 -1.1723316
 -1.09132692]
200






[-0.60728116 -0.81181152 -0.79697294 ... -0.65646474 -1.1723316
 -1.09132692]
-2.504857063846332 0.5790191669229403
200





2025-09-28 06:28:45,347 | INFO | [S3 QT→RD] train(qt)=3104, train(rd)=3104, test=1552 (train_ratio=0.80, qt_frac_total=0.40, shift=0.000e+00)
2025-09-28 06:28:45,642 | INFO | [Save] sampling scatter & histogram plots
           LCD       PLD      LFPD  ...  NAV_cm3_g  Has_OMS     Input
0     10.85017   3.77263  10.26663  ...        0.0        0  0.050200
1     24.60642  13.03430  24.60642  ...        0.0        1  0.030913
2     24.38417  13.22222  24.38417  ...        0.0        1  0.032289
3     23.29182  13.11646  23.29182  ...        0.0        1  0.031373
4      6.16218   5.13230   5.87594  ...        0.0        1  0.009552
...        ...       ...       ...  ...        ...      ...       ...
7755   5.89251   3.41929   5.89251  ...        0.0        0  0.172231
7756   4.42995   3.86732   4.42995  ...        0.0        0  0.230075
7757   6.25511   5.54572   6.22585  ...        0.0        0  0.044547
7758   4.94280   4.31959   4.93372  ...        0.0        1  0.013466
7759  12.38418   6.85660  12.37540  ...        0.0        0  0.016165

[7760 rows x 13 columns]
Index(['LCD', 'PLD', 'LFPD', 'cm3_g', 'ASA_m2_cm3', 'ASA_m2_g', 'NASA_m2_cm3',
       'NASA_m2_g', 'AV_VF', 'AV_cm3_g', 'NAV_cm3_g', 'Has_OMS', 'Input'],
      dtype='object')
2025-09-28 06:28:45,792 | INFO | [Model] kind=cat | params={'iterations': 500, 'learning_rate': 0.05, 'depth': 8, 'loss_function': 'RMSE', 'random_seed': 15052, 'verbose': False}
2025-09-28 06:28:45,792 | INFO | [Holdout_trial005] Train=6208 | Test=1552
Removed 8 rows from mis_lis
2025-09-28 06:28:45,950 | INFO | [Data] Loaded: ../Data_collect/DataSet_PLDSCREENED_2/Ar_313K/Ar_313K_Ar_313K_0.5_to_Ar_313K_5_dataset.csv | rows=7760 | cols=15
2025-09-28 06:28:45,951 | INFO | [Features] Using 13 features: ['LCD', 'PLD', 'LFPD', 'cm3_g', 'ASA_m2_cm3', 'ASA_m2_g', 'NASA_m2_cm3', 'NASA_m2_g', 'AV_VF', 'AV_cm3_g', 'NAV_cm3_g', 'Has_OMS', 'Input']
                                filename       LCD  ...     Input    Output
0  1499489-acs.cgd.6b01265_1499490_clean  10.85017  ...  0.247012  2.040043
1                           ACOCOM_clean  24.60642  ...  0.154237  1.479258
2                           ACOCUS_clean  24.38417  ...  0.159598  1.531660
3                           ACODAZ_clean  23.29182  ...  0.156731  1.511265
4    acs.cgd.5b01554_VAGNUP1452791_clean   6.16218  ...  0.047922  0.440603

[5 rows x 15 columns]
2025-09-28 06:28:45,977 | INFO | [Preprocess] Drop NaN rows (FEATURES+TARGET): 7760 -> 7760
           LCD       PLD      LFPD  ...  NAV_cm3_g  Has_OMS     Input
0     10.85017   3.77263  10.26663  ...        0.0        0  0.247012
1     24.60642  13.03430  24.60642  ...        0.0        1  0.154237
2     24.38417  13.22222  24.38417  ...        0.0        1  0.159598
3     23.29182  13.11646  23.29182  ...        0.0        1  0.156731
4      6.16218   5.13230   5.87594  ...        0.0        1  0.047922
...        ...       ...       ...  ...        ...      ...       ...
7755   5.89251   3.41929   5.89251  ...        0.0        0  0.700145
7756   4.42995   3.86732   4.42995  ...        0.0        0  0.921799
7757   6.25511   5.54572   6.22585  ...        0.0        0  0.220564
7758   4.94280   4.31959   4.93372  ...        0.0        1  0.067246
7759  12.38418   6.85660  12.37540  ...        0.0        0  0.081035

[7760 rows x 13 columns]
2025-09-28 06:28:46,001 | INFO | [Seeds] trial=5 | seeds={'seed': 57, 'seed_qt': 5052, 'seed_rd': 10052, 'model_seed': 15052}
[-0.60728116 -0.81181152 -0.79697294 ... -0.65646474 -1.1723316
 -1.09132692]
200






[-0.60728116 -0.81181152 -0.79697294 ... -0.65646474 -1.1723316
 -1.09132692]
-2.504857063846332 0.5790191669229403
200





2025-09-28 06:28:46,133 | INFO | [S3 QT→RD] train(qt)=3104, train(rd)=3104, test=1552 (train_ratio=0.80, qt_frac_total=0.40, shift=0.000e+00)
2025-09-28 06:28:46,220 | INFO | [Save] sampling scatter & histogram plots
           LCD       PLD      LFPD  ...  NAV_cm3_g  Has_OMS     Input
0     10.85017   3.77263  10.26663  ...        0.0        0  0.050200
1     24.60642  13.03430  24.60642  ...        0.0        1  0.030913
2     24.38417  13.22222  24.38417  ...        0.0        1  0.032289
3     23.29182  13.11646  23.29182  ...        0.0        1  0.031373
4      6.16218   5.13230   5.87594  ...        0.0        1  0.009552
...        ...       ...       ...  ...        ...      ...       ...
7755   5.89251   3.41929   5.89251  ...        0.0        0  0.172231
7756   4.42995   3.86732   4.42995  ...        0.0        0  0.230075
7757   6.25511   5.54572   6.22585  ...        0.0        0  0.044547
7758   4.94280   4.31959   4.93372  ...        0.0        1  0.013466
7759  12.38418   6.85660  12.37540  ...        0.0        0  0.016165

[7760 rows x 13 columns]
Index(['LCD', 'PLD', 'LFPD', 'cm3_g', 'ASA_m2_cm3', 'ASA_m2_g', 'NASA_m2_cm3',
       'NASA_m2_g', 'AV_VF', 'AV_cm3_g', 'NAV_cm3_g', 'Has_OMS', 'Input'],
      dtype='object')
2025-09-28 06:28:46,321 | INFO | [Model] kind=cat | params={'iterations': 500, 'learning_rate': 0.05, 'depth': 8, 'loss_function': 'RMSE', 'random_seed': 15052, 'verbose': False}
2025-09-28 06:28:46,321 | INFO | [Holdout_trial005] Train=6208 | Test=1552
Removed 8 rows from mis_lis
2025-09-28 06:28:46,325 | INFO | [Data] Loaded: ../Data_collect/DataSet_PLDSCREENED_2/Ar_313K/Ar_313K_Ar_313K_0.5_to_Ar_313K_15_dataset.csv | rows=7760 | cols=15
2025-09-28 06:28:46,326 | INFO | [Features] Using 13 features: ['LCD', 'PLD', 'LFPD', 'cm3_g', 'ASA_m2_cm3', 'ASA_m2_g', 'NASA_m2_cm3', 'NASA_m2_g', 'AV_VF', 'AV_cm3_g', 'NAV_cm3_g', 'Has_OMS', 'Input']
                                filename       LCD  ...     Input    Output
0  1499489-acs.cgd.6b01265_1499490_clean  10.85017  ...  0.247012  4.484627
1                           ACOCOM_clean  24.60642  ...  0.154237  4.372880
2                           ACOCUS_clean  24.38417  ...  0.159598  4.483099
3                           ACODAZ_clean  23.29182  ...  0.156731  4.438173
4    acs.cgd.5b01554_VAGNUP1452791_clean   6.16218  ...  0.047922  1.198039

[5 rows x 15 columns]
2025-09-28 06:28:46,352 | INFO | [Preprocess] Drop NaN rows (FEATURES+TARGET): 7760 -> 7760
           LCD       PLD      LFPD  ...  NAV_cm3_g  Has_OMS     Input
0     10.85017   3.77263  10.26663  ...        0.0        0  0.247012
1     24.60642  13.03430  24.60642  ...        0.0        1  0.154237
2     24.38417  13.22222  24.38417  ...        0.0        1  0.159598
3     23.29182  13.11646  23.29182  ...        0.0        1  0.156731
4      6.16218   5.13230   5.87594  ...        0.0        1  0.047922
...        ...       ...       ...  ...        ...      ...       ...
7755   5.89251   3.41929   5.89251  ...        0.0        0  0.700145
7756   4.42995   3.86732   4.42995  ...        0.0        0  0.921799
7757   6.25511   5.54572   6.22585  ...        0.0        0  0.220564
7758   4.94280   4.31959   4.93372  ...        0.0        1  0.067246
7759  12.38418   6.85660  12.37540  ...        0.0        0  0.081035

[7760 rows x 13 columns]
2025-09-28 06:28:46,378 | INFO | [Seeds] trial=5 | seeds={'seed': 57, 'seed_qt': 5052, 'seed_rd': 10052, 'model_seed': 15052}
2025-09-28 06:28:46,485 | INFO | [Save] sampling scatter & histogram plots
[-0.60728116 -0.81181152 -0.79697294 ... -0.65646474 -1.1723316
 -1.09132692]
200






[-0.60728116 -0.81181152 -0.79697294 ... -0.65646474 -1.1723316
 -1.09132692]
-2.504857063846332 0.5790191669229403
200





2025-09-28 06:28:46,509 | INFO | [S3 QT→RD] train(qt)=3104, train(rd)=3104, test=1552 (train_ratio=0.80, qt_frac_total=0.40, shift=0.000e+00)
           LCD       PLD      LFPD  ...  NAV_cm3_g  Has_OMS     Input
0     10.85017   3.77263  10.26663  ...        0.0        0  0.247012
1     24.60642  13.03430  24.60642  ...        0.0        1  0.154237
2     24.38417  13.22222  24.38417  ...        0.0        1  0.159598
3     23.29182  13.11646  23.29182  ...        0.0        1  0.156731
4      6.16218   5.13230   5.87594  ...        0.0        1  0.047922
...        ...       ...       ...  ...        ...      ...       ...
7755   5.89251   3.41929   5.89251  ...        0.0        0  0.700145
7756   4.42995   3.86732   4.42995  ...        0.0        0  0.921799
7757   6.25511   5.54572   6.22585  ...        0.0        0  0.220564
7758   4.94280   4.31959   4.93372  ...        0.0        1  0.067246
7759  12.38418   6.85660  12.37540  ...        0.0        0  0.081035

[7760 rows x 13 columns]
Index(['LCD', 'PLD', 'LFPD', 'cm3_g', 'ASA_m2_cm3', 'ASA_m2_g', 'NASA_m2_cm3',
       'NASA_m2_g', 'AV_VF', 'AV_cm3_g', 'NAV_cm3_g', 'Has_OMS', 'Input'],
      dtype='object')
2025-09-28 06:28:46,623 | INFO | [Model] kind=cat | params={'iterations': 500, 'learning_rate': 0.05, 'depth': 8, 'loss_function': 'RMSE', 'random_seed': 15052, 'verbose': False}
2025-09-28 06:28:46,623 | INFO | [Holdout_trial005] Train=6208 | Test=1552
2025-09-28 06:28:47,333 | INFO | [Save] sampling scatter & histogram plots
           LCD       PLD      LFPD  ...  NAV_cm3_g  Has_OMS     Input
0     10.85017   3.77263  10.26663  ...        0.0        0  0.247012
1     24.60642  13.03430  24.60642  ...        0.0        1  0.154237
2     24.38417  13.22222  24.38417  ...        0.0        1  0.159598
3     23.29182  13.11646  23.29182  ...        0.0        1  0.156731
4      6.16218   5.13230   5.87594  ...        0.0        1  0.047922
...        ...       ...       ...  ...        ...      ...       ...
7755   5.89251   3.41929   5.89251  ...        0.0        0  0.700145
7756   4.42995   3.86732   4.42995  ...        0.0        0  0.921799
7757   6.25511   5.54572   6.22585  ...        0.0        0  0.220564
7758   4.94280   4.31959   4.93372  ...        0.0        1  0.067246
7759  12.38418   6.85660  12.37540  ...        0.0        0  0.081035

[7760 rows x 13 columns]
Index(['LCD', 'PLD', 'LFPD', 'cm3_g', 'ASA_m2_cm3', 'ASA_m2_g', 'NASA_m2_cm3',
       'NASA_m2_g', 'AV_VF', 'AV_cm3_g', 'NAV_cm3_g', 'Has_OMS', 'Input'],
      dtype='object')
2025-09-28 06:28:47,471 | INFO | [Model] kind=cat | params={'iterations': 500, 'learning_rate': 0.05, 'depth': 8, 'loss_function': 'RMSE', 'random_seed': 15052, 'verbose': False}
2025-09-28 06:28:47,471 | INFO | [Holdout_trial005] Train=6208 | Test=1552
2025-09-28 06:28:47,692 | INFO | [Save] sampling scatter & histogram plots
           LCD       PLD      LFPD  ...  NAV_cm3_g  Has_OMS     Input
0     10.85017   3.77263  10.26663  ...        0.0        0  0.247012
1     24.60642  13.03430  24.60642  ...        0.0        1  0.154237
2     24.38417  13.22222  24.38417  ...        0.0        1  0.159598
3     23.29182  13.11646  23.29182  ...        0.0        1  0.156731
4      6.16218   5.13230   5.87594  ...        0.0        1  0.047922
...        ...       ...       ...  ...        ...      ...       ...
7755   5.89251   3.41929   5.89251  ...        0.0        0  0.700145
7756   4.42995   3.86732   4.42995  ...        0.0        0  0.921799
7757   6.25511   5.54572   6.22585  ...        0.0        0  0.220564
7758   4.94280   4.31959   4.93372  ...        0.0        1  0.067246
7759  12.38418   6.85660  12.37540  ...        0.0        0  0.081035

[7760 rows x 13 columns]
Index(['LCD', 'PLD', 'LFPD', 'cm3_g', 'ASA_m2_cm3', 'ASA_m2_g', 'NASA_m2_cm3',
       'NASA_m2_g', 'AV_VF', 'AV_cm3_g', 'NAV_cm3_g', 'Has_OMS', 'Input'],
      dtype='object')
2025-09-28 06:28:47,843 | INFO | [Model] kind=cat | params={'iterations': 500, 'learning_rate': 0.05, 'depth': 8, 'loss_function': 'RMSE', 'random_seed': 15052, 'verbose': False}
2025-09-28 06:28:47,843 | INFO | [Holdout_trial005] Train=6208 | Test=1552
2025-09-28 06:28:49,457 | INFO | [Timing_trial003] fit_time=8.229s
2025-09-28 06:28:49,460 | INFO | [Timing_trial003] predict_time=0.003s
2       4.483099
4       1.198039
12      4.842817
21      2.178789
23      3.953855
          ...   
7732    2.751453
7742    3.068641
7745    1.656129
7747    1.176728
7750    2.804021
Name: Output, Length: 1552, dtype: float64 [4.22311221 1.2354633  4.03147159 ... 1.61235134 1.27249614 2.7941157 ] 




2025-09-28 06:28:49,466 | INFO | [Metrics_trial003] R2=0.966635 | MAE=0.130707 | RMSE=0.033976 | MAPE%=5.218
2025-09-28 06:28:49,482 | INFO | [Save] predictions_holdout_trial003.csv
2025-09-28 06:28:49,483 | INFO | [Save] metrics_holdout_trial003.csv
2025-09-28 06:28:49,484 | INFO | [Save] feature_importances_holdout_trial003.csv
2025-09-28 06:28:49,484 | INFO | [Save] model_params_trial003.json
2025-09-28 06:28:49,497 | INFO | [Done] trial=3 | outputs at: try14_Ar273_and_313_re_LOWsensitivity/Ar_313_0.01_to_15__struct+input__qt_then_rd__cat_TRAIN_RATIO0.8_QTFRAC_0.8/trial_003
2025-09-28 06:28:49,538 | INFO | [Timing_trial003] fit_time=8.207s
2025-09-28 06:28:49,542 | INFO | [Timing_trial003] predict_time=0.003s
3       0.315277
12      0.591816
14      0.352644
32      0.249074
33      0.258145
          ...   
7731    0.251254
7739    0.299625
7746    0.268436
7750    0.290335
7753    0.366668
Name: Output, Length: 1552, dtype: float64 [0.31040249 0.52541356 0.35679458 ... 0.26163683 0.29682691 0.37254233] 




2025-09-28 06:28:49,547 | INFO | [Metrics_trial003] R2=0.995088 | MAE=0.005509 | RMSE=0.000067 | MAPE%=2.206
2025-09-28 06:28:49,563 | INFO | [Save] predictions_holdout_trial003.csv
2025-09-28 06:28:49,564 | INFO | [Save] metrics_holdout_trial003.csv
2025-09-28 06:28:49,565 | INFO | [Save] feature_importances_holdout_trial003.csv
2025-09-28 06:28:49,565 | INFO | [Save] model_params_trial003.json
2025-09-28 06:28:49,578 | INFO | [Done] trial=3 | outputs at: try14_Ar273_and_313_re_LOWsensitivity/Ar_313_0.05_to_1__struct+input__qt_then_rd__cat_TRAIN_RATIO0.8_QTFRAC_0.8/trial_003
2025-09-28 06:28:49,865 | INFO | [Timing_trial003] fit_time=8.265s
2025-09-28 06:28:49,868 | INFO | [Timing_trial003] predict_time=0.003s
3       1.511265
12      2.230343
14      1.304194
32      1.004625
33      1.217970
          ...   
7731    1.071475
7739    1.124678
7746    1.242084
7750    1.232986
7753    1.457892
Name: Output, Length: 1552, dtype: float64 [1.48035674 1.871903   1.40692378 ... 1.20258966 1.25491319 1.49043519] 




2025-09-28 06:28:49,873 | INFO | [Metrics_trial003] R2=0.983199 | MAE=0.037021 | RMSE=0.003191 | MAPE%=3.386
2025-09-28 06:28:49,892 | INFO | [Timing_trial003] fit_time=8.272s
2025-09-28 06:28:49,902 | INFO | [Save] predictions_holdout_trial003.csv
2025-09-28 06:28:49,906 | INFO | [Timing_trial003] predict_time=0.014s
3       4.438173
12      4.842817
14      2.510166
32      2.128505
33      3.456339
          ...   
7731    2.492850
7739    2.119724
7746    3.391430
7750    2.804021
7753    2.829171
Name: Output, Length: 1552, dtype: float64 [4.22097167 3.89814326 2.69966933 ... 3.13480758 2.80267131 2.90771195] 




2025-09-28 06:28:49,911 | INFO | [Metrics_trial003] R2=0.972317 | MAE=0.116137 | RMSE=0.027716 | MAPE%=4.769
2025-09-28 06:28:49,917 | INFO | [Save] metrics_holdout_trial003.csv
2025-09-28 06:28:49,918 | INFO | [Save] feature_importances_holdout_trial003.csv
2025-09-28 06:28:49,918 | INFO | [Save] model_params_trial003.json
2025-09-28 06:28:49,918 | INFO | [Done] trial=3 | outputs at: try14_Ar273_and_313_re_LOWsensitivity/Ar_313_0.05_to_5__struct+input__qt_then_rd__cat_TRAIN_RATIO0.8_QTFRAC_0.8/trial_003
2025-09-28 06:28:49,927 | INFO | [Save] predictions_holdout_trial003.csv
2025-09-28 06:28:49,929 | INFO | [Save] metrics_holdout_trial003.csv
2025-09-28 06:28:49,929 | INFO | [Save] feature_importances_holdout_trial003.csv
2025-09-28 06:28:49,929 | INFO | [Save] model_params_trial003.json
2025-09-28 06:28:49,930 | INFO | [Done] trial=3 | outputs at: try14_Ar273_and_313_re_LOWsensitivity/Ar_313_0.05_to_15__struct+input__qt_then_rd__cat_TRAIN_RATIO0.8_QTFRAC_0.8/trial_003
2025-09-28 06:28:50,174 | INFO | [Timing_trial003] fit_time=8.262s
2025-09-28 06:28:50,177 | INFO | [Timing_trial003] predict_time=0.003s
3       0.315277
6       0.394279
8       0.257619
21      0.171261
23      0.352797
          ...   
7731    0.251254
7738    0.341141
7741    0.140035
7743    0.319707
7751    0.257848
Name: Output, Length: 1552, dtype: float64 [0.309308   0.39594947 0.25308067 ... 0.1406471  0.33318019 0.25578239] 




2025-09-28 06:28:50,182 | INFO | [Metrics_trial003] R2=0.992875 | MAE=0.005173 | RMSE=0.000090 | MAPE%=1.991
2025-09-28 06:28:50,198 | INFO | [Save] predictions_holdout_trial003.csv
2025-09-28 06:28:50,200 | INFO | [Save] metrics_holdout_trial003.csv
2025-09-28 06:28:50,200 | INFO | [Save] feature_importances_holdout_trial003.csv
2025-09-28 06:28:50,201 | INFO | [Save] model_params_trial003.json
2025-09-28 06:28:50,201 | INFO | [Done] trial=3 | outputs at: try14_Ar273_and_313_re_LOWsensitivity/Ar_313_0.1_to_1__struct+input__qt_then_rd__cat_TRAIN_RATIO0.8_QTFRAC_0.8/trial_003
[OK] python pipeline_single_trial_QT_LOGSAMPLE.py --data ../Data_collect/DataSet_PLDSCREENED_2/Ar_313K/Ar_313K_Ar_313K_Henry_to_Ar_313K_5_dataset.csv --outdir try14_Ar273_and_313_re_LOWsensitivity/Ar_313_Henry_to_5__struct+input__qt_then_rd__cat_TRAIN_RATIO0.8_QTFRAC_0.8 --seed-base 52 --features struct+input --sample qt_then_rd --model cat --n-bins 200 --train-ratio 0.8 --qt-frac 0.4 --trial 2
[OK] python pipeline_single_trial_QT_LOGSAMPLE.py --data ../Data_collect/DataSet_PLDSCREENED_2/Ar_313K/Ar_313K_Ar_313K_0.1_to_Ar_313K_1_dataset.csv --outdir try14_Ar273_and_313_re_LOWsensitivity/Ar_313_0.1_to_1__struct+input__qt_then_rd__cat_TRAIN_RATIO0.8_QTFRAC_0.8 --seed-base 52 --features struct+input --sample qt_then_rd --model cat --n-bins 200 --train-ratio 0.8 --qt-frac 0.4 --trial 2
[OK] python pipeline_single_trial_QT_LOGSAMPLE.py --data ../Data_collect/DataSet_PLDSCREENED_2/Ar_313K/Ar_313K_Ar_313K_0.01_to_Ar_313K_15_dataset.csv --outdir try14_Ar273_and_313_re_LOWsensitivity/Ar_313_0.01_to_15__struct+input__qt_then_rd__cat_TRAIN_RATIO0.8_QTFRAC_0.8 --seed-base 52 --features struct+input --sample qt_then_rd --model cat --n-bins 200 --train-ratio 0.8 --qt-frac 0.4 --trial 2
[OK] python pipeline_single_trial_QT_LOGSAMPLE.py --data ../Data_collect/DataSet_PLDSCREENED_2/Ar_313K/Ar_313K_Ar_313K_0.05_to_Ar_313K_5_dataset.csv --outdir try14_Ar273_and_313_re_LOWsensitivity/Ar_313_0.05_to_5__struct+input__qt_then_rd__cat_TRAIN_RATIO0.8_QTFRAC_0.8 --seed-base 52 --features struct+input --sample qt_then_rd --model cat --n-bins 200 --train-ratio 0.8 --qt-frac 0.4 --trial 2
[OK] python pipeline_single_trial_QT_LOGSAMPLE.py --data ../Data_collect/DataSet_PLDSCREENED_2/Ar_313K/Ar_313K_Ar_313K_0.01_to_Ar_313K_1_dataset.csv --outdir try14_Ar273_and_313_re_LOWsensitivity/Ar_313_0.01_to_1__struct+input__qt_then_rd__cat_TRAIN_RATIO0.8_QTFRAC_0.8 --seed-base 52 --features struct+input --sample qt_then_rd --model cat --n-bins 200 --train-ratio 0.8 --qt-frac 0.4 --trial 2
[OK] python pipeline_single_trial_QT_LOGSAMPLE.py --data ../Data_collect/DataSet_PLDSCREENED_2/Ar_313K/Ar_313K_Ar_313K_Henry_to_Ar_313K_15_dataset.csv --outdir try14_Ar273_and_313_re_LOWsensitivity/Ar_313_Henry_to_15__struct+input__qt_then_rd__cat_TRAIN_RATIO0.8_QTFRAC_0.8 --seed-base 52 --features struct+input --sample qt_then_rd --model cat --n-bins 200 --train-ratio 0.8 --qt-frac 0.4 --trial 2
[OK] python pipeline_single_trial_QT_LOGSAMPLE.py --data ../Data_collect/DataSet_PLDSCREENED_2/Ar_313K/Ar_313K_Ar_313K_0.01_to_Ar_313K_5_dataset.csv --outdir try14_Ar273_and_313_re_LOWsensitivity/Ar_313_0.01_to_5__struct+input__qt_then_rd__cat_TRAIN_RATIO0.8_QTFRAC_0.8 --seed-base 52 --features struct+input --sample qt_then_rd --model cat --n-bins 200 --train-ratio 0.8 --qt-frac 0.4 --trial 2
[OK] python pipeline_single_trial_QT_LOGSAMPLE.py --data ../Data_collect/DataSet_PLDSCREENED_2/Ar_313K/Ar_313K_Ar_313K_Henry_to_Ar_313K_1_dataset.csv --outdir try14_Ar273_and_313_re_LOWsensitivity/Ar_313_Henry_to_1__struct+input__qt_then_rd__cat_TRAIN_RATIO0.8_QTFRAC_0.8 --seed-base 52 --features struct+input --sample qt_then_rd --model cat --n-bins 200 --train-ratio 0.8 --qt-frac 0.4 --trial 2
[OK] python pipeline_single_trial_QT_LOGSAMPLE.py --data ../Data_collect/DataSet_PLDSCREENED_2/Ar_313K/Ar_313K_Ar_313K_0.05_to_Ar_313K_1_dataset.csv --outdir try14_Ar273_and_313_re_LOWsensitivity/Ar_313_0.05_to_1__struct+input__qt_then_rd__cat_TRAIN_RATIO0.8_QTFRAC_0.8 --seed-base 52 --features struct+input --sample qt_then_rd --model cat --n-bins 200 --train-ratio 0.8 --qt-frac 0.4 --trial 2
[OK] python pipeline_single_trial_QT_LOGSAMPLE.py --data ../Data_collect/DataSet_PLDSCREENED_2/Ar_313K/Ar_313K_Ar_313K_0.05_to_Ar_313K_15_dataset.csv --outdir try14_Ar273_and_313_re_LOWsensitivity/Ar_313_0.05_to_15__struct+input__qt_then_rd__cat_TRAIN_RATIO0.8_QTFRAC_0.8 --seed-base 52 --features struct+input --sample qt_then_rd --model cat --n-bins 200 --train-ratio 0.8 --qt-frac 0.4 --trial 2
[OK] python pipeline_single_trial_QT_LOGSAMPLE.py --data ../Data_collect/DataSet_PLDSCREENED_2/Ar_313K/Ar_313K_Ar_313K_0.1_to_Ar_313K_15_dataset.csv --outdir try14_Ar273_and_313_re_LOWsensitivity/Ar_313_0.1_to_15__struct+input__qt_then_rd__cat_TRAIN_RATIO0.8_QTFRAC_0.8 --seed-base 52 --features struct+input --sample qt_then_rd --model cat --n-bins 200 --train-ratio 0.8 --qt-frac 0.4 --trial 2
[OK] python pipeline_single_trial_QT_LOGSAMPLE.py --data ../Data_collect/DataSet_PLDSCREENED_2/Ar_313K/Ar_313K_Ar_313K_0.1_to_Ar_313K_5_dataset.csv --outdir try14_Ar273_and_313_re_LOWsensitivity/Ar_313_0.1_to_5__struct+input__qt_then_rd__cat_TRAIN_RATIO0.8_QTFRAC_0.8 --seed-base 52 --features struct+input --sample qt_then_rd --model cat --n-bins 200 --train-ratio 0.8 --qt-frac 0.4 --trial 2
[OK] python pipeline_single_trial_QT_LOGSAMPLE.py --data ../Data_collect/DataSet_PLDSCREENED_2/Ar_313K/Ar_313K_Ar_313K_0.5_to_Ar_313K_15_dataset.csv --outdir try14_Ar273_and_313_re_LOWsensitivity/Ar_313_0.5_to_15__struct+input__qt_then_rd__cat_TRAIN_RATIO0.8_QTFRAC_0.8 --seed-base 52 --features struct+input --sample qt_then_rd --model cat --n-bins 200 --train-ratio 0.8 --qt-frac 0.4 --trial 2
[OK] python pipeline_single_trial_QT_LOGSAMPLE.py --data ../Data_collect/DataSet_PLDSCREENED_2/Ar_313K/Ar_313K_Ar_313K_0.5_to_Ar_313K_1_dataset.csv --outdir try14_Ar273_and_313_re_LOWsensitivity/Ar_313_0.5_to_1__struct+input__qt_then_rd__cat_TRAIN_RATIO0.8_QTFRAC_0.8 --seed-base 52 --features struct+input --sample qt_then_rd --model cat --n-bins 200 --train-ratio 0.8 --qt-frac 0.4 --trial 2
[OK] python pipeline_single_trial_QT_LOGSAMPLE.py --data ../Data_collect/DataSet_PLDSCREENED_2/Ar_313K/Ar_313K_Ar_313K_0.5_to_Ar_313K_5_dataset.csv --outdir try14_Ar273_and_313_re_LOWsensitivity/Ar_313_0.5_to_5__struct+input__qt_then_rd__cat_TRAIN_RATIO0.8_QTFRAC_0.8 --seed-base 52 --features struct+input --sample qt_then_rd --model cat --n-bins 200 --train-ratio 0.8 --qt-frac 0.4 --trial 2
[OK] python pipeline_single_trial_QT_LOGSAMPLE.py --data ../Data_collect/DataSet_PLDSCREENED_2/Ar_313K/Ar_313K_Ar_313K_Henry_to_Ar_313K_5_dataset.csv --outdir try14_Ar273_and_313_re_LOWsensitivity/Ar_313_Henry_to_5__struct+input__qt_then_rd__cat_TRAIN_RATIO0.8_QTFRAC_0.8 --seed-base 52 --features struct+input --sample qt_then_rd --model cat --n-bins 200 --train-ratio 0.8 --qt-frac 0.4 --trial 3
[OK] python pipeline_single_trial_QT_LOGSAMPLE.py --data ../Data_collect/DataSet_PLDSCREENED_2/Ar_313K/Ar_313K_Ar_313K_Henry_to_Ar_313K_1_dataset.csv --outdir try14_Ar273_and_313_re_LOWsensitivity/Ar_313_Henry_to_1__struct+input__qt_then_rd__cat_TRAIN_RATIO0.8_QTFRAC_0.8 --seed-base 52 --features struct+input --sample qt_then_rd --model cat --n-bins 200 --train-ratio 0.8 --qt-frac 0.4 --trial 3
[OK] python pipeline_single_trial_QT_LOGSAMPLE.py --data ../Data_collect/DataSet_PLDSCREENED_2/Ar_313K/Ar_313K_Ar_313K_0.01_to_Ar_313K_5_dataset.csv --outdir try14_Ar273_and_313_re_LOWsensitivity/Ar_313_0.01_to_5__struct+input__qt_then_rd__cat_TRAIN_RATIO0.8_QTFRAC_0.8 --seed-base 52 --features struct+input --sample qt_then_rd --model cat --n-bins 200 --train-ratio 0.8 --qt-frac 0.4 --trial 3
[OK] python pipeline_single_trial_QT_LOGSAMPLE.py --data ../Data_collect/DataSet_PLDSCREENED_2/Ar_313K/Ar_313K_Ar_313K_Henry_to_Ar_313K_15_dataset.csv --outdir try14_Ar273_and_313_re_LOWsensitivity/Ar_313_Henry_to_15__struct+input__qt_then_rd__cat_TRAIN_RATIO0.8_QTFRAC_0.8 --seed-base 52 --features struct+input --sample qt_then_rd --model cat --n-bins 200 --train-ratio 0.8 --qt-frac 0.4 --trial 3
[OK] python pipeline_single_trial_QT_LOGSAMPLE.py --data ../Data_collect/DataSet_PLDSCREENED_2/Ar_313K/Ar_313K_Ar_313K_0.01_to_Ar_313K_1_dataset.csv --outdir try14_Ar273_and_313_re_LOWsensitivity/Ar_313_0.01_to_1__struct+input__qt_then_rd__cat_TRAIN_RATIO0.8_QTFRAC_0.8 --seed-base 52 --features struct+input --sample qt_then_rd --model cat --n-bins 200 --train-ratio 0.8 --qt-frac 0.4 --trial 3
Running commands:  70%|███████████████████████████████▍             | 21/30 [00:48<00:23,  2.58s/it]Running commands:  77%|██████████████████████████████████▌          | 23/30 [00:49<00:11,  1.63s/it]Running commands:  83%|█████████████████████████████████████▌       | 25/30 [00:49<00:05,  1.09s/it]2025-09-28 06:28:51,045 | INFO | [Timing_trial005] fit_time=7.699s
2025-09-28 06:28:51,048 | INFO | [Timing_trial005] predict_time=0.003s
1       4.372880
2       4.483099
3       4.438173
21      2.178789
22      0.995108
          ...   
7741    1.719420
7743    2.864192
7746    3.391430
7752    1.933919
7757    4.816205
Name: Output, Length: 1552, dtype: float64 [4.14204042 4.15985649 4.08334322 ... 3.08049856 2.0950682  4.68760086] 




2025-09-28 06:28:51,053 | INFO | [Metrics_trial005] R2=0.965075 | MAE=0.128206 | RMSE=0.035189 | MAPE%=5.180
2025-09-28 06:28:51,069 | INFO | [Save] predictions_holdout_trial005.csv
2025-09-28 06:28:51,070 | INFO | [Save] metrics_holdout_trial005.csv
2025-09-28 06:28:51,071 | INFO | [Save] feature_importances_holdout_trial005.csv
2025-09-28 06:28:51,071 | INFO | [Save] model_params_trial005.json
2025-09-28 06:28:51,071 | INFO | [Done] trial=5 | outputs at: try14_Ar273_and_313_re_LOWsensitivity/Ar_313_0.01_to_15__struct+input__qt_then_rd__cat_TRAIN_RATIO0.8_QTFRAC_0.8/trial_005
2025-09-28 06:28:51,314 | INFO | [Timing_trial005] fit_time=7.633s
2025-09-28 06:28:51,317 | INFO | [Timing_trial005] predict_time=0.003s
1       4.372880
2       4.483099
3       4.438173
22      0.995108
23      3.953855
          ...   
7741    1.719420
7742    3.068641
7745    1.656129
7748    2.147101
7752    1.933919
Name: Output, Length: 1552, dtype: float64 [4.15608461 4.27894469 4.15615388 ... 1.64871173 2.07278364 2.06583206] 




2025-09-28 06:28:51,322 | INFO | [Metrics_trial005] R2=0.970578 | MAE=0.118029 | RMSE=0.029674 | MAPE%=4.797
2025-09-28 06:28:51,338 | INFO | [Save] predictions_holdout_trial005.csv
2025-09-28 06:28:51,340 | INFO | [Save] metrics_holdout_trial005.csv
2025-09-28 06:28:51,340 | INFO | [Save] feature_importances_holdout_trial005.csv
2025-09-28 06:28:51,340 | INFO | [Save] model_params_trial005.json
2025-09-28 06:28:51,340 | INFO | [Done] trial=5 | outputs at: try14_Ar273_and_313_re_LOWsensitivity/Ar_313_0.05_to_15__struct+input__qt_then_rd__cat_TRAIN_RATIO0.8_QTFRAC_0.8/trial_005
2025-09-28 06:28:51,412 | INFO | [Timing_trial005] fit_time=7.829s
2025-09-28 06:28:51,414 | INFO | [Timing_trial005] predict_time=0.002s
1       1.479258
2       1.531660
3       1.511265
22      0.432908
23      1.543400
          ...   
7741    0.653032
7742    1.549027
7745    0.816461
7748    1.114402
7752    0.770926
Name: Output, Length: 1552, dtype: float64 [1.4762436  1.50853083 1.47570456 ... 0.80972661 1.11275066 0.81147348] 




2025-09-28 06:28:51,419 | INFO | [Metrics_trial005] R2=0.978491 | MAE=0.039980 | RMSE=0.003914 | MAPE%=3.640
2025-09-28 06:28:51,434 | INFO | [Save] predictions_holdout_trial005.csv
2025-09-28 06:28:51,435 | INFO | [Save] metrics_holdout_trial005.csv
2025-09-28 06:28:51,436 | INFO | [Save] feature_importances_holdout_trial005.csv
2025-09-28 06:28:51,436 | INFO | [Save] model_params_trial005.json
2025-09-28 06:28:51,436 | INFO | [Done] trial=5 | outputs at: try14_Ar273_and_313_re_LOWsensitivity/Ar_313_0.05_to_5__struct+input__qt_then_rd__cat_TRAIN_RATIO0.8_QTFRAC_0.8/trial_005
[OK] python pipeline_single_trial_QT_LOGSAMPLE.py --data ../Data_collect/DataSet_PLDSCREENED_2/Ar_313K/Ar_313K_Ar_313K_0.01_to_Ar_313K_15_dataset.csv --outdir try14_Ar273_and_313_re_LOWsensitivity/Ar_313_0.01_to_15__struct+input__qt_then_rd__cat_TRAIN_RATIO0.8_QTFRAC_0.8 --seed-base 52 --features struct+input --sample qt_then_rd --model cat --n-bins 200 --train-ratio 0.8 --qt-frac 0.4 --trial 4
[OK] python pipeline_single_trial_QT_LOGSAMPLE.py --data ../Data_collect/DataSet_PLDSCREENED_2/Ar_313K/Ar_313K_Ar_313K_0.1_to_Ar_313K_1_dataset.csv --outdir try14_Ar273_and_313_re_LOWsensitivity/Ar_313_0.1_to_1__struct+input__qt_then_rd__cat_TRAIN_RATIO0.8_QTFRAC_0.8 --seed-base 52 --features struct+input --sample qt_then_rd --model cat --n-bins 200 --train-ratio 0.8 --qt-frac 0.4 --trial 4
[OK] python pipeline_single_trial_QT_LOGSAMPLE.py --data ../Data_collect/DataSet_PLDSCREENED_2/Ar_313K/Ar_313K_Ar_313K_0.05_to_Ar_313K_5_dataset.csv --outdir try14_Ar273_and_313_re_LOWsensitivity/Ar_313_0.05_to_5__struct+input__qt_then_rd__cat_TRAIN_RATIO0.8_QTFRAC_0.8 --seed-base 52 --features struct+input --sample qt_then_rd --model cat --n-bins 200 --train-ratio 0.8 --qt-frac 0.4 --trial 4
[OK] python pipeline_single_trial_QT_LOGSAMPLE.py --data ../Data_collect/DataSet_PLDSCREENED_2/Ar_313K/Ar_313K_Ar_313K_0.01_to_Ar_313K_1_dataset.csv --outdir try14_Ar273_and_313_re_LOWsensitivity/Ar_313_0.01_to_1__struct+input__qt_then_rd__cat_TRAIN_RATIO0.8_QTFRAC_0.8 --seed-base 52 --features struct+input --sample qt_then_rd --model cat --n-bins 200 --train-ratio 0.8 --qt-frac 0.4 --trial 4
[OK] python pipeline_single_trial_QT_LOGSAMPLE.py --data ../Data_collect/DataSet_PLDSCREENED_2/Ar_313K/Ar_313K_Ar_313K_Henry_to_Ar_313K_5_dataset.csv --outdir try14_Ar273_and_313_re_LOWsensitivity/Ar_313_Henry_to_5__struct+input__qt_then_rd__cat_TRAIN_RATIO0.8_QTFRAC_0.8 --seed-base 52 --features struct+input --sample qt_then_rd --model cat --n-bins 200 --train-ratio 0.8 --qt-frac 0.4 --trial 4
[OK] python pipeline_single_trial_QT_LOGSAMPLE.py --data ../Data_collect/DataSet_PLDSCREENED_2/Ar_313K/Ar_313K_Ar_313K_0.05_to_Ar_313K_15_dataset.csv --outdir try14_Ar273_and_313_re_LOWsensitivity/Ar_313_0.05_to_15__struct+input__qt_then_rd__cat_TRAIN_RATIO0.8_QTFRAC_0.8 --seed-base 52 --features struct+input --sample qt_then_rd --model cat --n-bins 200 --train-ratio 0.8 --qt-frac 0.4 --trial 4
[OK] python pipeline_single_trial_QT_LOGSAMPLE.py --data ../Data_collect/DataSet_PLDSCREENED_2/Ar_313K/Ar_313K_Ar_313K_Henry_to_Ar_313K_1_dataset.csv --outdir try14_Ar273_and_313_re_LOWsensitivity/Ar_313_Henry_to_1__struct+input__qt_then_rd__cat_TRAIN_RATIO0.8_QTFRAC_0.8 --seed-base 52 --features struct+input --sample qt_then_rd --model cat --n-bins 200 --train-ratio 0.8 --qt-frac 0.4 --trial 4
[OK] python pipeline_single_trial_QT_LOGSAMPLE.py --data ../Data_collect/DataSet_PLDSCREENED_2/Ar_313K/Ar_313K_Ar_313K_0.05_to_Ar_313K_1_dataset.csv --outdir try14_Ar273_and_313_re_LOWsensitivity/Ar_313_0.05_to_1__struct+input__qt_then_rd__cat_TRAIN_RATIO0.8_QTFRAC_0.8 --seed-base 52 --features struct+input --sample qt_then_rd --model cat --n-bins 200 --train-ratio 0.8 --qt-frac 0.4 --trial 4
[OK] python pipeline_single_trial_QT_LOGSAMPLE.py --data ../Data_collect/DataSet_PLDSCREENED_2/Ar_313K/Ar_313K_Ar_313K_0.01_to_Ar_313K_5_dataset.csv --outdir try14_Ar273_and_313_re_LOWsensitivity/Ar_313_0.01_to_5__struct+input__qt_then_rd__cat_TRAIN_RATIO0.8_QTFRAC_0.8 --seed-base 52 --features struct+input --sample qt_then_rd --model cat --n-bins 200 --train-ratio 0.8 --qt-frac 0.4 --trial 4
[OK] python pipeline_single_trial_QT_LOGSAMPLE.py --data ../Data_collect/DataSet_PLDSCREENED_2/Ar_313K/Ar_313K_Ar_313K_Henry_to_Ar_313K_15_dataset.csv --outdir try14_Ar273_and_313_re_LOWsensitivity/Ar_313_Henry_to_15__struct+input__qt_then_rd__cat_TRAIN_RATIO0.8_QTFRAC_0.8 --seed-base 52 --features struct+input --sample qt_then_rd --model cat --n-bins 200 --train-ratio 0.8 --qt-frac 0.4 --trial 4
[OK] python pipeline_single_trial_QT_LOGSAMPLE.py --data ../Data_collect/DataSet_PLDSCREENED_2/Ar_313K/Ar_313K_Ar_313K_0.1_to_Ar_313K_15_dataset.csv --outdir try14_Ar273_and_313_re_LOWsensitivity/Ar_313_0.1_to_15__struct+input__qt_then_rd__cat_TRAIN_RATIO0.8_QTFRAC_0.8 --seed-base 52 --features struct+input --sample qt_then_rd --model cat --n-bins 200 --train-ratio 0.8 --qt-frac 0.4 --trial 4
[OK] python pipeline_single_trial_QT_LOGSAMPLE.py --data ../Data_collect/DataSet_PLDSCREENED_2/Ar_313K/Ar_313K_Ar_313K_0.5_to_Ar_313K_5_dataset.csv --outdir try14_Ar273_and_313_re_LOWsensitivity/Ar_313_0.5_to_5__struct+input__qt_then_rd__cat_TRAIN_RATIO0.8_QTFRAC_0.8 --seed-base 52 --features struct+input --sample qt_then_rd --model cat --n-bins 200 --train-ratio 0.8 --qt-frac 0.4 --trial 4
[OK] python pipeline_single_trial_QT_LOGSAMPLE.py --data ../Data_collect/DataSet_PLDSCREENED_2/Ar_313K/Ar_313K_Ar_313K_0.1_to_Ar_313K_5_dataset.csv --outdir try14_Ar273_and_313_re_LOWsensitivity/Ar_313_0.1_to_5__struct+input__qt_then_rd__cat_TRAIN_RATIO0.8_QTFRAC_0.8 --seed-base 52 --features struct+input --sample qt_then_rd --model cat --n-bins 200 --train-ratio 0.8 --qt-frac 0.4 --trial 4
[OK] python pipeline_single_trial_QT_LOGSAMPLE.py --data ../Data_collect/DataSet_PLDSCREENED_2/Ar_313K/Ar_313K_Ar_313K_0.5_to_Ar_313K_15_dataset.csv --outdir try14_Ar273_and_313_re_LOWsensitivity/Ar_313_0.5_to_15__struct+input__qt_then_rd__cat_TRAIN_RATIO0.8_QTFRAC_0.8 --seed-base 52 --features struct+input --sample qt_then_rd --model cat --n-bins 200 --train-ratio 0.8 --qt-frac 0.4 --trial 4
[OK] python pipeline_single_trial_QT_LOGSAMPLE.py --data ../Data_collect/DataSet_PLDSCREENED_2/Ar_313K/Ar_313K_Ar_313K_0.5_to_Ar_313K_1_dataset.csv --outdir try14_Ar273_and_313_re_LOWsensitivity/Ar_313_0.5_to_1__struct+input__qt_then_rd__cat_TRAIN_RATIO0.8_QTFRAC_0.8 --seed-base 52 --features struct+input --sample qt_then_rd --model cat --n-bins 200 --train-ratio 0.8 --qt-frac 0.4 --trial 4
[OK] python pipeline_single_trial_QT_LOGSAMPLE.py --data ../Data_collect/DataSet_PLDSCREENED_2/Ar_313K/Ar_313K_Ar_313K_0.01_to_Ar_313K_1_dataset.csv --outdir try14_Ar273_and_313_re_LOWsensitivity/Ar_313_0.01_to_1__struct+input__qt_then_rd__cat_TRAIN_RATIO0.8_QTFRAC_0.8 --seed-base 52 --features struct+input --sample qt_then_rd --model cat --n-bins 200 --train-ratio 0.8 --qt-frac 0.4 --trial 5
[OK] python pipeline_single_trial_QT_LOGSAMPLE.py --data ../Data_collect/DataSet_PLDSCREENED_2/Ar_313K/Ar_313K_Ar_313K_Henry_to_Ar_313K_1_dataset.csv --outdir try14_Ar273_and_313_re_LOWsensitivity/Ar_313_Henry_to_1__struct+input__qt_then_rd__cat_TRAIN_RATIO0.8_QTFRAC_0.8 --seed-base 52 --features struct+input --sample qt_then_rd --model cat --n-bins 200 --train-ratio 0.8 --qt-frac 0.4 --trial 5
[OK] python pipeline_single_trial_QT_LOGSAMPLE.py --data ../Data_collect/DataSet_PLDSCREENED_2/Ar_313K/Ar_313K_Ar_313K_Henry_to_Ar_313K_5_dataset.csv --outdir try14_Ar273_and_313_re_LOWsensitivity/Ar_313_Henry_to_5__struct+input__qt_then_rd__cat_TRAIN_RATIO0.8_QTFRAC_0.8 --seed-base 52 --features struct+input --sample qt_then_rd --model cat --n-bins 200 --train-ratio 0.8 --qt-frac 0.4 --trial 5
[OK] python pipeline_single_trial_QT_LOGSAMPLE.py --data ../Data_collect/DataSet_PLDSCREENED_2/Ar_313K/Ar_313K_Ar_313K_Henry_to_Ar_313K_15_dataset.csv --outdir try14_Ar273_and_313_re_LOWsensitivity/Ar_313_Henry_to_15__struct+input__qt_then_rd__cat_TRAIN_RATIO0.8_QTFRAC_0.8 --seed-base 52 --features struct+input --sample qt_then_rd --model cat --n-bins 200 --train-ratio 0.8 --qt-frac 0.4 --trial 5
[OK] python pipeline_single_trial_QT_LOGSAMPLE.py --data ../Data_collect/DataSet_PLDSCREENED_2/Ar_313K/Ar_313K_Ar_313K_0.01_to_Ar_313K_5_dataset.csv --outdir try14_Ar273_and_313_re_LOWsensitivity/Ar_313_0.01_to_5__struct+input__qt_then_rd__cat_TRAIN_RATIO0.8_QTFRAC_0.8 --seed-base 52 --features struct+input --sample qt_then_rd --model cat --n-bins 200 --train-ratio 0.8 --qt-frac 0.4 --trial 5
Running commands:  70%|███████████████████████████████▍             | 21/30 [00:48<00:23,  2.64s/it]2025-09-28 06:28:51,471 | INFO | [Timing_trial005] fit_time=7.942s
2025-09-28 06:28:51,474 | INFO | [Timing_trial005] predict_time=0.003s
1       0.311217
2       0.313515
3       0.315277
22      0.100917
23      0.352797
          ...   
7741    0.140035
7742    0.408198
7745    0.207288
7748    0.303761
7752    0.171132
Name: Output, Length: 1552, dtype: float64 [0.30595144 0.31786833 0.3059967  ... 0.20678702 0.29934669 0.17293204] 




2025-09-28 06:28:51,479 | INFO | [Metrics_trial005] R2=0.993914 | MAE=0.005657 | RMSE=0.000077 | MAPE%=2.261
2025-09-28 06:28:51,495 | INFO | [Save] predictions_holdout_trial005.csv
2025-09-28 06:28:51,496 | INFO | [Save] metrics_holdout_trial005.csv
2025-09-28 06:28:51,497 | INFO | [Save] feature_importances_holdout_trial005.csv
2025-09-28 06:28:51,497 | INFO | [Save] model_params_trial005.json
2025-09-28 06:28:51,497 | INFO | [Done] trial=5 | outputs at: try14_Ar273_and_313_re_LOWsensitivity/Ar_313_0.05_to_1__struct+input__qt_then_rd__cat_TRAIN_RATIO0.8_QTFRAC_0.8/trial_005
Running commands:  73%|█████████████████████████████████            | 22/30 [00:48<00:15,  1.98s/it]2025-09-28 06:28:51,710 | INFO | [Timing_trial005] fit_time=7.871s
2025-09-28 06:28:51,713 | INFO | [Timing_trial005] predict_time=0.003s
2       0.313515
3       0.315277
4       0.095646
31      0.311074
32      0.249074
          ...   
7738    0.341141
7740    0.305551
7743    0.319707
7749    0.302955
7754    0.439028
Name: Output, Length: 1552, dtype: float64 [0.31625315 0.30768174 0.09616027 ... 0.33638718 0.29437347 0.43118305] 




2025-09-28 06:28:51,718 | INFO | [Metrics_trial005] R2=0.995124 | MAE=0.005109 | RMSE=0.000063 | MAPE%=1.987
2025-09-28 06:28:51,733 | INFO | [Save] predictions_holdout_trial005.csv
2025-09-28 06:28:51,735 | INFO | [Save] metrics_holdout_trial005.csv
2025-09-28 06:28:51,735 | INFO | [Save] feature_importances_holdout_trial005.csv
2025-09-28 06:28:51,735 | INFO | [Save] model_params_trial005.json
2025-09-28 06:28:51,735 | INFO | [Done] trial=5 | outputs at: try14_Ar273_and_313_re_LOWsensitivity/Ar_313_0.1_to_1__struct+input__qt_then_rd__cat_TRAIN_RATIO0.8_QTFRAC_0.8/trial_005
Running commands:  80%|████████████████████████████████████         | 24/30 [00:48<00:06,  1.14s/it]Running commands:  83%|█████████████████████████████████████▌       | 25/30 [00:48<00:04,  1.10it/s]2025-09-28 06:28:53,181 | INFO | [Timing_trial003] fit_time=9.236s
2025-09-28 06:28:53,184 | INFO | [Timing_trial003] predict_time=0.003s
3       1.511265
6       1.730242
8       1.199966
21      0.808741
23      1.543400
          ...   
7731    1.071475
7738    1.450816
7741    0.653032
7743    1.321119
7751    1.034491
Name: Output, Length: 1552, dtype: float64 [1.48658466 1.71291329 1.19708886 ... 0.65937267 1.39981769 1.08790943] 




2025-09-28 06:28:53,188 | INFO | [Metrics_trial003] R2=0.979537 | MAE=0.037424 | RMSE=0.003713 | MAPE%=3.439
2025-09-28 06:28:53,204 | INFO | [Save] predictions_holdout_trial003.csv
2025-09-28 06:28:53,205 | INFO | [Save] metrics_holdout_trial003.csv
2025-09-28 06:28:53,219 | INFO | [Save] feature_importances_holdout_trial003.csv
2025-09-28 06:28:53,219 | INFO | [Save] model_params_trial003.json
2025-09-28 06:28:53,219 | INFO | [Done] trial=3 | outputs at: try14_Ar273_and_313_re_LOWsensitivity/Ar_313_0.1_to_5__struct+input__qt_then_rd__cat_TRAIN_RATIO0.8_QTFRAC_0.8/trial_003
Running commands:  87%|███████████████████████████████████████      | 26/30 [00:52<00:05,  1.44s/it]2025-09-28 06:28:54,317 | INFO | [Timing_trial003] fit_time=9.479s
2025-09-28 06:28:54,317 | INFO | [Timing_trial003] fit_time=9.379s
2025-09-28 06:28:54,320 | INFO | [Timing_trial003] predict_time=0.003s
2025-09-28 06:28:54,320 | INFO | [Timing_trial003] predict_time=0.003s
3       4.438173
6       4.249690
8       3.340983
21      2.178789
23      3.953855
          ...   
7731    2.492850
7738    3.298595
7741    1.719420
7743    2.864192
7751    2.250189
Name: Output, Length: 1552, dtype: float64 [4.19182805 4.28133209 3.36737103 ... 1.77935961 3.12024513 2.3616423 ] 




2025-09-28 06:28:54,325 | INFO | [Metrics_trial003] R2=0.972068 | MAE=0.113410 | RMSE=0.028013 | MAPE%=4.709
18      0.323187
23      0.352797
26      0.405873
38      0.577991
42      0.278620
          ...   
7732    0.302233
7742    0.408198
7746    0.268436
7752    0.171132
7754    0.439028
Name: Output, Length: 1552, dtype: float64 [0.32618932 0.35858488 0.41150389 ... 0.26901129 0.17951102 0.43028096] 




2025-09-28 06:28:54,325 | INFO | [Metrics_trial003] R2=0.996924 | MAE=0.004351 | RMSE=0.000040 | MAPE%=1.751
2025-09-28 06:28:54,343 | INFO | [Save] predictions_holdout_trial003.csv
2025-09-28 06:28:54,343 | INFO | [Save] predictions_holdout_trial003.csv
2025-09-28 06:28:54,357 | INFO | [Save] metrics_holdout_trial003.csv
2025-09-28 06:28:54,357 | INFO | [Save] metrics_holdout_trial003.csv
2025-09-28 06:28:54,358 | INFO | [Save] feature_importances_holdout_trial003.csv
2025-09-28 06:28:54,358 | INFO | [Save] feature_importances_holdout_trial003.csv
2025-09-28 06:28:54,358 | INFO | [Save] model_params_trial003.json
2025-09-28 06:28:54,358 | INFO | [Save] model_params_trial003.json
2025-09-28 06:28:54,358 | INFO | [Done] trial=3 | outputs at: try14_Ar273_and_313_re_LOWsensitivity/Ar_313_0.1_to_15__struct+input__qt_then_rd__cat_TRAIN_RATIO0.8_QTFRAC_0.8/trial_003
2025-09-28 06:28:54,359 | INFO | [Done] trial=3 | outputs at: try14_Ar273_and_313_re_LOWsensitivity/Ar_313_0.5_to_1__struct+input__qt_then_rd__cat_TRAIN_RATIO0.8_QTFRAC_0.8/trial_003
2025-09-28 06:28:54,405 | INFO | [Timing_trial005] fit_time=8.613s
2025-09-28 06:28:54,408 | INFO | [Timing_trial005] predict_time=0.003s
2       1.531660
3       1.511265
4       0.440603
31      1.171154
32      1.004625
          ...   
7738    1.450816
7740    1.061976
7743    1.321119
7749    1.123623
7754    1.652706
Name: Output, Length: 1552, dtype: float64 [1.5125263  1.48478931 0.45760906 ... 1.39058425 1.09783562 1.69174852] 




2025-09-28 06:28:54,413 | INFO | [Metrics_trial005] R2=0.979539 | MAE=0.037445 | RMSE=0.003662 | MAPE%=3.321
2025-09-28 06:28:54,432 | INFO | [Save] predictions_holdout_trial005.csv
2025-09-28 06:28:54,434 | INFO | [Save] metrics_holdout_trial005.csv
2025-09-28 06:28:54,434 | INFO | [Save] feature_importances_holdout_trial005.csv
2025-09-28 06:28:54,434 | INFO | [Save] model_params_trial005.json
2025-09-28 06:28:54,435 | INFO | [Done] trial=5 | outputs at: try14_Ar273_and_313_re_LOWsensitivity/Ar_313_0.1_to_5__struct+input__qt_then_rd__cat_TRAIN_RATIO0.8_QTFRAC_0.8/trial_005
2025-09-28 06:28:54,523 | INFO | [Timing_trial003] fit_time=9.473s
2025-09-28 06:28:54,526 | INFO | [Timing_trial003] predict_time=0.003s
18      1.106109
23      1.543400
26      1.453345
38      2.286762
42      1.323815
          ...   
7732    1.252233
7742    1.549027
7746    1.242084
7752    0.770926
7754    1.652706
Name: Output, Length: 1552, dtype: float64 [1.1116825  1.5487749  1.44210804 ... 1.22335227 0.8148355  1.64019081] 




2025-09-28 06:28:54,531 | INFO | [Metrics_trial003] R2=0.984248 | MAE=0.033965 | RMSE=0.002965 | MAPE%=3.106
2025-09-28 06:28:54,546 | INFO | [Save] predictions_holdout_trial003.csv
2025-09-28 06:28:54,547 | INFO | [Save] metrics_holdout_trial003.csv
2025-09-28 06:28:54,548 | INFO | [Save] feature_importances_holdout_trial003.csv
2025-09-28 06:28:54,548 | INFO | [Save] model_params_trial003.json
2025-09-28 06:28:54,548 | INFO | [Done] trial=3 | outputs at: try14_Ar273_and_313_re_LOWsensitivity/Ar_313_0.5_to_5__struct+input__qt_then_rd__cat_TRAIN_RATIO0.8_QTFRAC_0.8/trial_003
2025-09-28 06:28:54,608 | INFO | [Timing_trial003] fit_time=9.387s
2025-09-28 06:28:54,611 | INFO | [Timing_trial003] predict_time=0.003s
18      1.894958
23      3.953855
26      2.629474
38      4.754482
42      3.707411
          ...   
7732    2.751453
7742    3.068641
7746    3.391430
7752    1.933919
7754    3.262399
Name: Output, Length: 1552, dtype: float64 [1.89760052 3.84125711 2.70106077 ... 3.16936893 2.07333905 3.21447996] 




2025-09-28 06:28:54,616 | INFO | [Metrics_trial003] R2=0.972973 | MAE=0.110621 | RMSE=0.027741 | MAPE%=4.544
2025-09-28 06:28:54,632 | INFO | [Save] predictions_holdout_trial003.csv
2025-09-28 06:28:54,633 | INFO | [Save] metrics_holdout_trial003.csv
2025-09-28 06:28:54,634 | INFO | [Save] feature_importances_holdout_trial003.csv
2025-09-28 06:28:54,634 | INFO | [Save] model_params_trial003.json
2025-09-28 06:28:54,634 | INFO | [Done] trial=3 | outputs at: try14_Ar273_and_313_re_LOWsensitivity/Ar_313_0.5_to_15__struct+input__qt_then_rd__cat_TRAIN_RATIO0.8_QTFRAC_0.8/trial_003
Running commands:  87%|███████████████████████████████████████      | 26/30 [00:51<00:05,  1.37s/it]Running commands:  90%|████████████████████████████████████████▌    | 27/30 [00:53<00:04,  1.37s/it]Running commands:  97%|███████████████████████████████████████████▌ | 29/30 [00:53<00:00,  1.14it/s]2025-09-28 06:28:55,239 | INFO | [Timing_trial005] fit_time=8.918s
2025-09-28 06:28:55,242 | INFO | [Timing_trial005] predict_time=0.003s
2       4.483099
3       4.438173
4       1.198039
31      2.271885
32      2.128505
          ...   
7738    3.298595
7740    2.187709
7743    2.864192
7749    2.166489
7754    3.262399
Name: Output, Length: 1552, dtype: float64 [4.3247405  4.25198095 1.19282336 ... 3.16181247 2.07704637 3.36266712] 




2025-09-28 06:28:55,248 | INFO | [Metrics_trial005] R2=0.968344 | MAE=0.119307 | RMSE=0.030808 | MAPE%=4.805
2025-09-28 06:28:55,266 | INFO | [Save] predictions_holdout_trial005.csv
2025-09-28 06:28:55,267 | INFO | [Save] metrics_holdout_trial005.csv
2025-09-28 06:28:55,268 | INFO | [Save] feature_importances_holdout_trial005.csv
2025-09-28 06:28:55,268 | INFO | [Save] model_params_trial005.json
2025-09-28 06:28:55,268 | INFO | [Done] trial=5 | outputs at: try14_Ar273_and_313_re_LOWsensitivity/Ar_313_0.1_to_15__struct+input__qt_then_rd__cat_TRAIN_RATIO0.8_QTFRAC_0.8/trial_005
Running commands: 100%|█████████████████████████████████████████████| 30/30 [00:53<00:00,  1.42it/s]Running commands: 100%|█████████████████████████████████████████████| 30/30 [00:53<00:00,  1.80s/it]
[OK] python pipeline_single_trial_QT_LOGSAMPLE.py --data ../Data_collect/DataSet_PLDSCREENED_2/Ar_313K/Ar_313K_Ar_313K_0.01_to_Ar_313K_15_dataset.csv --outdir try14_Ar273_and_313_re_LOWsensitivity/Ar_313_0.01_to_15__struct+input__qt_then_rd__cat_TRAIN_RATIO0.8_QTFRAC_0.8 --seed-base 52 --features struct+input --sample qt_then_rd --model cat --n-bins 200 --train-ratio 0.8 --qt-frac 0.4 --trial 3
[OK] python pipeline_single_trial_QT_LOGSAMPLE.py --data ../Data_collect/DataSet_PLDSCREENED_2/Ar_313K/Ar_313K_Ar_313K_0.05_to_Ar_313K_1_dataset.csv --outdir try14_Ar273_and_313_re_LOWsensitivity/Ar_313_0.05_to_1__struct+input__qt_then_rd__cat_TRAIN_RATIO0.8_QTFRAC_0.8 --seed-base 52 --features struct+input --sample qt_then_rd --model cat --n-bins 200 --train-ratio 0.8 --qt-frac 0.4 --trial 3
[OK] python pipeline_single_trial_QT_LOGSAMPLE.py --data ../Data_collect/DataSet_PLDSCREENED_2/Ar_313K/Ar_313K_Ar_313K_0.05_to_Ar_313K_5_dataset.csv --outdir try14_Ar273_and_313_re_LOWsensitivity/Ar_313_0.05_to_5__struct+input__qt_then_rd__cat_TRAIN_RATIO0.8_QTFRAC_0.8 --seed-base 52 --features struct+input --sample qt_then_rd --model cat --n-bins 200 --train-ratio 0.8 --qt-frac 0.4 --trial 3
[OK] python pipeline_single_trial_QT_LOGSAMPLE.py --data ../Data_collect/DataSet_PLDSCREENED_2/Ar_313K/Ar_313K_Ar_313K_0.05_to_Ar_313K_15_dataset.csv --outdir try14_Ar273_and_313_re_LOWsensitivity/Ar_313_0.05_to_15__struct+input__qt_then_rd__cat_TRAIN_RATIO0.8_QTFRAC_0.8 --seed-base 52 --features struct+input --sample qt_then_rd --model cat --n-bins 200 --train-ratio 0.8 --qt-frac 0.4 --trial 3
[OK] python pipeline_single_trial_QT_LOGSAMPLE.py --data ../Data_collect/DataSet_PLDSCREENED_2/Ar_313K/Ar_313K_Ar_313K_0.1_to_Ar_313K_1_dataset.csv --outdir try14_Ar273_and_313_re_LOWsensitivity/Ar_313_0.1_to_1__struct+input__qt_then_rd__cat_TRAIN_RATIO0.8_QTFRAC_0.8 --seed-base 52 --features struct+input --sample qt_then_rd --model cat --n-bins 200 --train-ratio 0.8 --qt-frac 0.4 --trial 3
[OK] python pipeline_single_trial_QT_LOGSAMPLE.py --data ../Data_collect/DataSet_PLDSCREENED_2/Ar_313K/Ar_313K_Ar_313K_0.1_to_Ar_313K_5_dataset.csv --outdir try14_Ar273_and_313_re_LOWsensitivity/Ar_313_0.1_to_5__struct+input__qt_then_rd__cat_TRAIN_RATIO0.8_QTFRAC_0.8 --seed-base 52 --features struct+input --sample qt_then_rd --model cat --n-bins 200 --train-ratio 0.8 --qt-frac 0.4 --trial 3
[OK] python pipeline_single_trial_QT_LOGSAMPLE.py --data ../Data_collect/DataSet_PLDSCREENED_2/Ar_313K/Ar_313K_Ar_313K_0.5_to_Ar_313K_1_dataset.csv --outdir try14_Ar273_and_313_re_LOWsensitivity/Ar_313_0.5_to_1__struct+input__qt_then_rd__cat_TRAIN_RATIO0.8_QTFRAC_0.8 --seed-base 52 --features struct+input --sample qt_then_rd --model cat --n-bins 200 --train-ratio 0.8 --qt-frac 0.4 --trial 3
[OK] python pipeline_single_trial_QT_LOGSAMPLE.py --data ../Data_collect/DataSet_PLDSCREENED_2/Ar_313K/Ar_313K_Ar_313K_0.1_to_Ar_313K_15_dataset.csv --outdir try14_Ar273_and_313_re_LOWsensitivity/Ar_313_0.1_to_15__struct+input__qt_then_rd__cat_TRAIN_RATIO0.8_QTFRAC_0.8 --seed-base 52 --features struct+input --sample qt_then_rd --model cat --n-bins 200 --train-ratio 0.8 --qt-frac 0.4 --trial 3
[OK] python pipeline_single_trial_QT_LOGSAMPLE.py --data ../Data_collect/DataSet_PLDSCREENED_2/Ar_313K/Ar_313K_Ar_313K_0.5_to_Ar_313K_5_dataset.csv --outdir try14_Ar273_and_313_re_LOWsensitivity/Ar_313_0.5_to_5__struct+input__qt_then_rd__cat_TRAIN_RATIO0.8_QTFRAC_0.8 --seed-base 52 --features struct+input --sample qt_then_rd --model cat --n-bins 200 --train-ratio 0.8 --qt-frac 0.4 --trial 3
[OK] python pipeline_single_trial_QT_LOGSAMPLE.py --data ../Data_collect/DataSet_PLDSCREENED_2/Ar_313K/Ar_313K_Ar_313K_0.5_to_Ar_313K_15_dataset.csv --outdir try14_Ar273_and_313_re_LOWsensitivity/Ar_313_0.5_to_15__struct+input__qt_then_rd__cat_TRAIN_RATIO0.8_QTFRAC_0.8 --seed-base 52 --features struct+input --sample qt_then_rd --model cat --n-bins 200 --train-ratio 0.8 --qt-frac 0.4 --trial 3

========== SUMMARY ==========
Total commands: 30
Success: 30
Failed : 0
2025-09-28 06:28:55,496 | INFO | [Timing_trial005] fit_time=8.873s
2025-09-28 06:28:55,500 | INFO | [Timing_trial005] predict_time=0.004s
1       0.311217
2       0.313515
3       0.315277
30      0.353431
31      0.311074
          ...   
7742    0.408198
7744    0.274576
7746    0.268436
7751    0.257848
7754    0.439028
Name: Output, Length: 1552, dtype: float64 [0.30703964 0.31578822 0.30744111 ... 0.27009191 0.25221346 0.42920766] 




2025-09-28 06:28:55,508 | INFO | [Metrics_trial005] R2=0.996668 | MAE=0.004271 | RMSE=0.000040 | MAPE%=1.718
2025-09-28 06:28:55,527 | INFO | [Save] predictions_holdout_trial005.csv
2025-09-28 06:28:55,528 | INFO | [Save] metrics_holdout_trial005.csv
2025-09-28 06:28:55,529 | INFO | [Save] feature_importances_holdout_trial005.csv
2025-09-28 06:28:55,529 | INFO | [Save] model_params_trial005.json
2025-09-28 06:28:55,529 | INFO | [Done] trial=5 | outputs at: try14_Ar273_and_313_re_LOWsensitivity/Ar_313_0.5_to_1__struct+input__qt_then_rd__cat_TRAIN_RATIO0.8_QTFRAC_0.8/trial_005
Running commands:  90%|████████████████████████████████████████▌    | 27/30 [00:52<00:03,  1.23s/it]Running commands:  93%|██████████████████████████████████████████   | 28/30 [00:52<00:01,  1.04it/s]2025-09-28 06:28:55,866 | INFO | [Timing_trial005] fit_time=8.023s
2025-09-28 06:28:55,871 | INFO | [Timing_trial005] predict_time=0.004s
1       4.372880
2       4.483099
3       4.438173
30      2.965290
31      2.271885
          ...   
7742    3.068641
7744    2.794891
7746    3.391430
7751    2.250189
7754    3.262399
Name: Output, Length: 1552, dtype: float64 [4.11913346 4.22540026 4.17948274 ... 3.23189714 2.37528706 3.29462339] 




2025-09-28 06:28:55,880 | INFO | [Metrics_trial005] R2=0.974005 | MAE=0.108772 | RMSE=0.025363 | MAPE%=4.589
2025-09-28 06:28:55,899 | INFO | [Save] predictions_holdout_trial005.csv
2025-09-28 06:28:55,900 | INFO | [Save] metrics_holdout_trial005.csv
2025-09-28 06:28:55,901 | INFO | [Save] feature_importances_holdout_trial005.csv
2025-09-28 06:28:55,901 | INFO | [Save] model_params_trial005.json
2025-09-28 06:28:55,901 | INFO | [Done] trial=5 | outputs at: try14_Ar273_and_313_re_LOWsensitivity/Ar_313_0.5_to_15__struct+input__qt_then_rd__cat_TRAIN_RATIO0.8_QTFRAC_0.8/trial_005
2025-09-28 06:28:55,904 | INFO | [Timing_trial005] fit_time=8.433s
2025-09-28 06:28:55,908 | INFO | [Timing_trial005] predict_time=0.004s
1       1.479258
2       1.531660
3       1.511265
30      1.404384
31      1.171154
          ...   
7742    1.549027
7744    1.196397
7746    1.242084
7751    1.034491
7754    1.652706
Name: Output, Length: 1552, dtype: float64 [1.46956822 1.50245508 1.47522698 ... 1.21549194 1.05798345 1.64700793] 




2025-09-28 06:28:55,916 | INFO | [Metrics_trial005] R2=0.984342 | MAE=0.033270 | RMSE=0.002680 | MAPE%=3.086
2025-09-28 06:28:55,936 | INFO | [Save] predictions_holdout_trial005.csv
2025-09-28 06:28:55,937 | INFO | [Save] metrics_holdout_trial005.csv
2025-09-28 06:28:55,937 | INFO | [Save] feature_importances_holdout_trial005.csv
2025-09-28 06:28:55,938 | INFO | [Save] model_params_trial005.json
2025-09-28 06:28:55,938 | INFO | [Done] trial=5 | outputs at: try14_Ar273_and_313_re_LOWsensitivity/Ar_313_0.5_to_5__struct+input__qt_then_rd__cat_TRAIN_RATIO0.8_QTFRAC_0.8/trial_005
Running commands:  97%|███████████████████████████████████████████▌ | 29/30 [00:52<00:00,  1.25it/s]Running commands: 100%|█████████████████████████████████████████████| 30/30 [00:52<00:00,  1.76s/it]
[OK] python pipeline_single_trial_QT_LOGSAMPLE.py --data ../Data_collect/DataSet_PLDSCREENED_2/Ar_313K/Ar_313K_Ar_313K_0.01_to_Ar_313K_15_dataset.csv --outdir try14_Ar273_and_313_re_LOWsensitivity/Ar_313_0.01_to_15__struct+input__qt_then_rd__cat_TRAIN_RATIO0.8_QTFRAC_0.8 --seed-base 52 --features struct+input --sample qt_then_rd --model cat --n-bins 200 --train-ratio 0.8 --qt-frac 0.4 --trial 5
[OK] python pipeline_single_trial_QT_LOGSAMPLE.py --data ../Data_collect/DataSet_PLDSCREENED_2/Ar_313K/Ar_313K_Ar_313K_0.05_to_Ar_313K_15_dataset.csv --outdir try14_Ar273_and_313_re_LOWsensitivity/Ar_313_0.05_to_15__struct+input__qt_then_rd__cat_TRAIN_RATIO0.8_QTFRAC_0.8 --seed-base 52 --features struct+input --sample qt_then_rd --model cat --n-bins 200 --train-ratio 0.8 --qt-frac 0.4 --trial 5
[OK] python pipeline_single_trial_QT_LOGSAMPLE.py --data ../Data_collect/DataSet_PLDSCREENED_2/Ar_313K/Ar_313K_Ar_313K_0.05_to_Ar_313K_5_dataset.csv --outdir try14_Ar273_and_313_re_LOWsensitivity/Ar_313_0.05_to_5__struct+input__qt_then_rd__cat_TRAIN_RATIO0.8_QTFRAC_0.8 --seed-base 52 --features struct+input --sample qt_then_rd --model cat --n-bins 200 --train-ratio 0.8 --qt-frac 0.4 --trial 5
[OK] python pipeline_single_trial_QT_LOGSAMPLE.py --data ../Data_collect/DataSet_PLDSCREENED_2/Ar_313K/Ar_313K_Ar_313K_0.05_to_Ar_313K_1_dataset.csv --outdir try14_Ar273_and_313_re_LOWsensitivity/Ar_313_0.05_to_1__struct+input__qt_then_rd__cat_TRAIN_RATIO0.8_QTFRAC_0.8 --seed-base 52 --features struct+input --sample qt_then_rd --model cat --n-bins 200 --train-ratio 0.8 --qt-frac 0.4 --trial 5
[OK] python pipeline_single_trial_QT_LOGSAMPLE.py --data ../Data_collect/DataSet_PLDSCREENED_2/Ar_313K/Ar_313K_Ar_313K_0.1_to_Ar_313K_1_dataset.csv --outdir try14_Ar273_and_313_re_LOWsensitivity/Ar_313_0.1_to_1__struct+input__qt_then_rd__cat_TRAIN_RATIO0.8_QTFRAC_0.8 --seed-base 52 --features struct+input --sample qt_then_rd --model cat --n-bins 200 --train-ratio 0.8 --qt-frac 0.4 --trial 5
[OK] python pipeline_single_trial_QT_LOGSAMPLE.py --data ../Data_collect/DataSet_PLDSCREENED_2/Ar_313K/Ar_313K_Ar_313K_0.1_to_Ar_313K_5_dataset.csv --outdir try14_Ar273_and_313_re_LOWsensitivity/Ar_313_0.1_to_5__struct+input__qt_then_rd__cat_TRAIN_RATIO0.8_QTFRAC_0.8 --seed-base 52 --features struct+input --sample qt_then_rd --model cat --n-bins 200 --train-ratio 0.8 --qt-frac 0.4 --trial 5
[OK] python pipeline_single_trial_QT_LOGSAMPLE.py --data ../Data_collect/DataSet_PLDSCREENED_2/Ar_313K/Ar_313K_Ar_313K_0.1_to_Ar_313K_15_dataset.csv --outdir try14_Ar273_and_313_re_LOWsensitivity/Ar_313_0.1_to_15__struct+input__qt_then_rd__cat_TRAIN_RATIO0.8_QTFRAC_0.8 --seed-base 52 --features struct+input --sample qt_then_rd --model cat --n-bins 200 --train-ratio 0.8 --qt-frac 0.4 --trial 5
[OK] python pipeline_single_trial_QT_LOGSAMPLE.py --data ../Data_collect/DataSet_PLDSCREENED_2/Ar_313K/Ar_313K_Ar_313K_0.5_to_Ar_313K_1_dataset.csv --outdir try14_Ar273_and_313_re_LOWsensitivity/Ar_313_0.5_to_1__struct+input__qt_then_rd__cat_TRAIN_RATIO0.8_QTFRAC_0.8 --seed-base 52 --features struct+input --sample qt_then_rd --model cat --n-bins 200 --train-ratio 0.8 --qt-frac 0.4 --trial 5
[OK] python pipeline_single_trial_QT_LOGSAMPLE.py --data ../Data_collect/DataSet_PLDSCREENED_2/Ar_313K/Ar_313K_Ar_313K_0.5_to_Ar_313K_15_dataset.csv --outdir try14_Ar273_and_313_re_LOWsensitivity/Ar_313_0.5_to_15__struct+input__qt_then_rd__cat_TRAIN_RATIO0.8_QTFRAC_0.8 --seed-base 52 --features struct+input --sample qt_then_rd --model cat --n-bins 200 --train-ratio 0.8 --qt-frac 0.4 --trial 5
[OK] python pipeline_single_trial_QT_LOGSAMPLE.py --data ../Data_collect/DataSet_PLDSCREENED_2/Ar_313K/Ar_313K_Ar_313K_0.5_to_Ar_313K_5_dataset.csv --outdir try14_Ar273_and_313_re_LOWsensitivity/Ar_313_0.5_to_5__struct+input__qt_then_rd__cat_TRAIN_RATIO0.8_QTFRAC_0.8 --seed-base 52 --features struct+input --sample qt_then_rd --model cat --n-bins 200 --train-ratio 0.8 --qt-frac 0.4 --trial 5

========== SUMMARY ==========
Total commands: 30
Success: 30
Failed : 0
