Model,R2,MAE,RMSE,MAPE_percent,n_train,n_test,fit_time_sec,predict_time_sec
rf,0.9208837571446787,0.022846131348813466,0.007408902145681844,5396274.789110852,566,10750,2.6076393127441406,0.5855534076690674
