Model,R2,MAE,RMSE,MAPE_percent,n_train,n_test,fit_time_sec,predict_time_sec
cat,0.9590155651588911,0.061856707969587726,0.01589278404174611,4.961286524549556,5684,1421,3.7589311599731445,0.0025081634521484375
