Model,R2,MAE,RMSE,MAPE_percent,n_train,n_test,fit_time_sec,predict_time_sec
gbm,0.1315381316856964,0.03090075236815083,0.5735087069242869,3.623013849576999,8151,2038,20.45088529586792,0.013929128646850586
