Model,R2,MAE,RMSE,MAPE_percent,n_train,n_test,fit_time_sec,predict_time_sec
gbm,0.9964994571826545,0.006094010975708175,7.552164624689488e-05,3.35733210832809,8145,2036,20.52001929283142,0.013744354248046875
