Model,R2,MAE,RMSE,MAPE_percent,n_train,n_test,fit_time_sec,predict_time_sec
cat,0.43797642873217,0.012114540391002179,0.010832662387622639,11.645974760091345,8151,2038,3.8443734645843506,0.0026252269744873047
