Model,R2,MAE,RMSE,MAPE_percent,n_train,n_test,fit_time_sec,predict_time_sec
rf,0.9746537855808327,0.022273425280735275,0.002485555875351006,10.93454241745562,8145,2036,50.13082456588745,0.4191560745239258
