Model,R2,MAE,RMSE,MAPE_percent,n_train,n_test,fit_time_sec,predict_time_sec
cat,0.9622947046989164,0.18525800772889936,0.08665522099597292,5266741385.738627,9053,2263,3.702812910079956,0.003023386001586914
