Model,R2,MAE,RMSE,MAPE_percent,n_train,n_test,fit_time_sec,predict_time_sec
cat,0.9863488418499479,0.013310020342051445,0.0008041326280668763,7.538552453147906,8145,2036,8.806676149368286,0.017777442932128906
