Model,R2,MAE,RMSE,MAPE_percent,n_train,n_test,fit_time_sec,predict_time_sec
cat,0.9546098296402916,0.1384303980757452,0.0631230479944391,5.931974309427961,6208,1552,4.4648597240448,0.002630472183227539
