Model,R2,MAE,RMSE,MAPE_percent,n_train,n_test,fit_time_sec,predict_time_sec
gbm,0.9993188508492175,0.001042803379216076,2.243643346142303e-06,1.4160981695232893,8145,2036,20.374176502227783,0.01398015022277832
