Model,R2,MAE,RMSE,MAPE_percent,n_train,n_test,fit_time_sec,predict_time_sec
cat,0.950246347423856,0.08234400457787401,0.0276549174049062,5.752058286600182,3962,3963,4.521367073059082,0.00543522834777832
