Model,R2,MAE,RMSE,MAPE_percent,n_train,n_test,fit_time_sec,predict_time_sec
cat,0.9897473123591722,0.014830824539478099,0.000430727791875845,7.789048526447018,2036,8145,4.333612680435181,0.008268117904663086
