Model,R2,MAE,RMSE,MAPE_percent,n_train,n_test,fit_time_sec,predict_time_sec
rf,0.8259545450242373,0.020729549177744805,0.010727984295136004,4.704440880403236,388,7372,1.8196353912353516,0.391782283782959
