Model,R2,MAE,RMSE,MAPE_percent,n_train,n_test,fit_time_sec,predict_time_sec
gbm,0.9842888321095915,0.0008570213231386391,1.3132220772265717e-06,7.234452631843922,5600,4581,13.29223346710205,0.02817368507385254
