Model,R2,MAE,RMSE,MAPE_percent,n_train,n_test,fit_time_sec,predict_time_sec
cat,0.9886592455082897,0.008061492725596848,0.00013120803064946206,3.231932169993759,3492,4268,3.5045504570007324,0.00455474853515625
