Model,R2,MAE,RMSE,MAPE_percent,n_train,n_test,fit_time_sec,predict_time_sec
cat,0.9965868800500035,0.0053695315455825204,8.821570429577424e-05,2.591955573316744,8145,2036,3.766667366027832,0.002748727798461914
