Model,R2,MAE,RMSE,MAPE_percent,n_train,n_test,fit_time_sec,predict_time_sec
cat,0.9295943128087808,0.007584803166836451,0.0006292938102378587,13.031439532703176,2036,8145,4.043315649032593,0.009480953216552734
