Model,R2,MAE,RMSE,MAPE_percent,n_train,n_test,fit_time_sec,predict_time_sec
gbm,0.9290883824116063,0.1431112100012263,0.07695314764841055,7.0892138390386386,6206,1552,15.3860924243927,0.012876510620117188
