Model,R2,MAE,RMSE,MAPE_percent,n_train,n_test,fit_time_sec,predict_time_sec
cat,0.9450635417694756,0.186242390509139,0.09684815187261414,6.076872855365808,3962,3963,4.635648965835571,0.0049304962158203125
