Model,R2,MAE,RMSE,MAPE_percent,n_train,n_test,fit_time_sec,predict_time_sec
gbm,0.9553993023117935,0.0003441437407903684,1.5094819876266445e-05,1.8278202384474453,8145,2036,22.604357481002808,0.014479637145996094
