Model,R2,MAE,RMSE,MAPE_percent,n_train,n_test,fit_time_sec,predict_time_sec
cat,0.029586285360558406,0.015511131143543383,0.012021453371378991,18.067776959758053,8151,2038,3.448638439178467,0.002729654312133789
