Model,R2,MAE,RMSE,MAPE_percent,n_train,n_test,fit_time_sec,predict_time_sec
cat,0.588285332990038,0.0017782487267064765,6.856120641030203e-05,11.238635187295804,8151,2038,3.676431655883789,0.0028753280639648438
