Model,R2,MAE,RMSE,MAPE_percent,n_train,n_test,fit_time_sec,predict_time_sec
gbm,0.9697873981553483,0.01056818863480059,0.0027000274390936926,4.063855589110373,8145,2036,20.91079354286194,0.014575481414794922
