Model,R2,MAE,RMSE,MAPE_percent,n_train,n_test,fit_time_sec,predict_time_sec
gbm,0.9430429843147196,0.1129540197843654,0.03432209002378083,5.76745619407569,6206,1552,15.542482137680054,0.012152910232543945
