Model,R2,MAE,RMSE,MAPE_percent,n_train,n_test,fit_time_sec,predict_time_sec
rf,0.9110023521192474,0.0013573319780137082,0.00023320592904438862,7.1629149317298735,8151,2038,56.165027379989624,0.4307060241699219
