Model,R2,MAE,RMSE,MAPE_percent,n_train,n_test,fit_time_sec,predict_time_sec
cat,0.9887658221840608,0.017388717084586145,0.0006353588698508797,9.385531860631566,1018,9163,3.916551113128662,0.009092569351196289
