Model,R2,MAE,RMSE,MAPE_percent,n_train,n_test,fit_time_sec,predict_time_sec
gbm,0.6383786947973733,0.4742742043131479,0.4787172176945531,24.66070780459382,6208,1552,13.812434196472168,0.012016534805297852
