Model,R2,MAE,RMSE,MAPE_percent,n_train,n_test,fit_time_sec,predict_time_sec
cat,0.9081759690683011,0.09209388506725906,0.03812752515439506,7.762853328583179,710,6395,3.6010007858276367,0.008543014526367188
