Model,R2,MAE,RMSE,MAPE_percent,n_train,n_test,fit_time_sec,predict_time_sec
rf,0.4105244620314351,0.288497411714297,0.22787829213316982,36.0301898455627,6208,1552,39.91152596473694,0.3044435977935791
