Model,R2,MAE,RMSE,MAPE_percent,n_train,n_test,fit_time_sec,predict_time_sec
rf,0.9946746132263696,0.00505052307754267,7.104260521066987e-05,1.8009718621352329,6208,1552,37.566004037857056,0.2700023651123047
