Model,R2,MAE,RMSE,MAPE_percent,n_train,n_test,fit_time_sec,predict_time_sec
rf,0.9431776205783293,0.018134823129396314,0.006564460755065392,5.016233437731266,9053,2263,56.77581596374512,0.4516267776489258
