Model,R2,MAE,RMSE,MAPE_percent,n_train,n_test,fit_time_sec,predict_time_sec
cat,0.6990562856684326,0.5857997548988338,0.6930373330542082,3358815108.5400305,1132,10184,3.993083953857422,0.010103940963745117
