Model,R2,MAE,RMSE,MAPE_percent,n_train,n_test,fit_time_sec,predict_time_sec
rf,0.9901513363494159,0.007362317666441561,0.00013042092457947617,2.810527346757081,2716,5044,14.731727361679077,0.4504246711730957
