Model,R2,MAE,RMSE,MAPE_percent,n_train,n_test,fit_time_sec,predict_time_sec
gbm,0.9980419131435506,0.0026112623024571184,1.4618345362648881e-05,3.9710910602903335,8145,2036,21.38293170928955,0.01448965072631836
