Model,R2,MAE,RMSE,MAPE_percent,n_train,n_test,fit_time_sec,predict_time_sec
cat,0.9096450794661571,0.008247734355647157,0.0007991627765682425,13.55253960717288,1018,9163,3.6821436882019043,0.01311635971069336
