Model,R2,MAE,RMSE,MAPE_percent,n_train,n_test,fit_time_sec,predict_time_sec
rf,0.990576916607009,0.008154644931384208,0.00024610566537176055,2.0025727041535153,6340,1585,38.22991180419922,0.28428220748901367
