Model,R2,MAE,RMSE,MAPE_percent,n_train,n_test,fit_time_sec,predict_time_sec
cat,0.9690711323791705,0.025100410807850942,0.005619858712069545,4.158095961962376,6206,1552,3.742476463317871,0.007140398025512695
