Model,R2,MAE,RMSE,MAPE_percent,n_train,n_test,fit_time_sec,predict_time_sec
cat,0.989288956212023,0.008236606434087794,0.00013115860349819267,3.3432954603881,3104,4656,3.307852268218994,0.005227327346801758
