Model,R2,MAE,RMSE,MAPE_percent,n_train,n_test,fit_time_sec,predict_time_sec
cat,0.9674340674210747,0.06442782756222096,0.010552405617369745,4.285645325251678,6340,1585,4.54258131980896,0.002874612808227539
