Model,R2,MAE,RMSE,MAPE_percent,n_train,n_test,fit_time_sec,predict_time_sec
gbm,0.3882738216402226,0.3339525511668606,0.25780483610148053,39.88178440305064,6208,1552,13.834211111068726,0.011727094650268555
