Model,R2,MAE,RMSE,MAPE_percent,n_train,n_test,fit_time_sec,predict_time_sec
rf,0.9977289447005598,0.0005570385024632855,7.025398460853293e-07,3.903023866380204,8145,2036,77.17819690704346,0.7953441143035889
