Model,R2,MAE,RMSE,MAPE_percent,n_train,n_test,fit_time_sec,predict_time_sec
cat,0.974245383425365,0.04471370262079512,0.0044351303363496875,5.257397482724436,3087,5733,4.4468607902526855,0.007452726364135742
