Model,R2,MAE,RMSE,MAPE_percent,n_train,n_test,fit_time_sec,predict_time_sec
cat,0.985119289558473,0.0008624508662243683,1.3397052633983981e-06,7.255026318548609,5090,5091,3.3727173805236816,0.0062563419342041016
