Model,R2,MAE,RMSE,MAPE_percent,n_train,n_test,fit_time_sec,predict_time_sec
cat,0.9929304737850014,0.0008570783457803392,1.759414721652367e-06,7.714698599567738,7127,3054,3.456042528152466,0.0032758712768554688
