Model,R2,MAE,RMSE,MAPE_percent,n_train,n_test,fit_time_sec,predict_time_sec
rf,0.9891758682807872,0.007444047853151848,0.00013356019752134386,2.815729072685376,3104,4656,17.069023370742798,0.4547135829925537
