Model,R2,MAE,RMSE,MAPE_percent,n_train,n_test,fit_time_sec,predict_time_sec
cat,0.9479387318749651,0.1979957757215268,0.09911342843879029,6.82755740215507,1981,5944,4.406710386276245,0.00669407844543457
