Model,R2,MAE,RMSE,MAPE_percent,n_train,n_test,fit_time_sec,predict_time_sec
cat,0.342275414820865,0.1392009575077709,0.08477666545967548,51.24364141011386,6340,1585,4.306005239486694,0.0025243759155273438
