Model,R2,MAE,RMSE,MAPE_percent,n_train,n_test,fit_time_sec,predict_time_sec
cat,0.40550474537655357,0.020238610385697735,0.02212636854509462,9.52916780492482,8151,2038,3.5850472450256348,0.0025756359100341797
