Model,R2,MAE,RMSE,MAPE_percent,n_train,n_test,fit_time_sec,predict_time_sec
cat,0.9486624090052855,0.11196997855848997,0.03272716423017008,5.669272945946755,6206,1552,3.485133647918701,0.0023865699768066406
