Model,R2,MAE,RMSE,MAPE_percent,n_train,n_test,fit_time_sec,predict_time_sec
gbm,0.983078166948584,0.01368884585947288,0.0006971358874848028,3.5470742317151958,9053,2263,22.967326402664185,0.01612257957458496
