Model,R2,MAE,RMSE,MAPE_percent,n_train,n_test,fit_time_sec,predict_time_sec
cat,0.9511139772787041,0.1765610776448978,0.11749527460777634,3470394460.726926,9053,2263,3.977184772491455,0.0066852569580078125
