Model,R2,MAE,RMSE,MAPE_percent,n_train,n_test,fit_time_sec,predict_time_sec
gbm,0.885431418167076,0.014874819086531425,0.005626631581930086,3.9009082262200603,388,7372,1.0090126991271973,0.052208900451660156
