Model,R2,MAE,RMSE,MAPE_percent,n_train,n_test,fit_time_sec,predict_time_sec
gbm,0.9658725483956757,0.17090407198234686,0.06795991952780903,5.789777945650906,6340,1585,15.712992429733276,0.013453245162963867
