Model,R2,MAE,RMSE,MAPE_percent,n_train,n_test,fit_time_sec,predict_time_sec
gbm,0.04622181894749067,0.024594003690699452,0.1552373766416781,4.7288860974034,8151,2038,20.829551696777344,0.013867378234863281
