Model,R2,MAE,RMSE,MAPE_percent,n_train,n_test,fit_time_sec,predict_time_sec
gbm,0.7343288162381927,0.5409631741677247,0.630477186056389,6474237435.111698,9059,2265,20.36348032951355,0.016315460205078125
