Model,R2,MAE,RMSE,MAPE_percent,n_train,n_test,fit_time_sec,predict_time_sec
rf,0.9989533007029027,0.00121563154295745,3.2594118248692004e-06,1.6740597102064732,8145,2036,49.62121605873108,0.40361547470092773
