Model,R2,MAE,RMSE,MAPE_percent,n_train,n_test,fit_time_sec,predict_time_sec
rf,0.9551420114424902,0.13224726850942553,0.05866216850008327,5.355425394819049,6208,1552,39.53754186630249,0.27958011627197266
