Model,R2,MAE,RMSE,MAPE_percent,n_train,n_test,fit_time_sec,predict_time_sec
rf,0.9507253718324835,0.24729966684148785,0.12989194402970697,6.602896707079477,6206,1552,36.623653173446655,0.3861250877380371
