Model,R2,MAE,RMSE,MAPE_percent,n_train,n_test,fit_time_sec,predict_time_sec
gbm,0.9963562991710587,0.005949280287826084,0.00015558217211339163,1.6344811961773782,9053,2263,22.823603868484497,0.016913175582885742
