Model,R2,MAE,RMSE,MAPE_percent,n_train,n_test,fit_time_sec,predict_time_sec
cat,0.8996825098751703,0.08532202359029874,0.07292944385438284,1916988324.0125172,9059,2265,4.349684953689575,0.0033752918243408203
