Model,R2,MAE,RMSE,MAPE_percent,n_train,n_test,fit_time_sec,predict_time_sec
cat,0.04068123381286426,0.005836502783519916,0.00837409513099673,5.131754903334444,8151,2038,3.6775145530700684,0.002634286880493164
