Model,R2,MAE,RMSE,MAPE_percent,n_train,n_test,fit_time_sec,predict_time_sec
cat,0.9603986799039396,0.17737944011100543,0.0679036621445807,5.77910013841331,4359,3566,4.613695859909058,0.004909992218017578
