Model,R2,MAE,RMSE,MAPE_percent,n_train,n_test,fit_time_sec,predict_time_sec
gbm,0.9856574325742907,0.000999034085640518,4.518568020998831e-06,7.554772322602981,4581,5600,10.987251996994019,0.03681230545043945
