Model,R2,MAE,RMSE,MAPE_percent,n_train,n_test,fit_time_sec,predict_time_sec
cat,0.5442083284984405,0.3642694840776079,0.2942339761017104,5336565864.572615,9059,2265,3.5849945545196533,0.002947092056274414
