Model,R2,MAE,RMSE,MAPE_percent,n_train,n_test,fit_time_sec,predict_time_sec
rf,0.9967294587199393,0.007963020731817523,0.0002807252139475007,3.107294382126526,8145,2036,91.7755196094513,0.7908792495727539
