Model,R2,MAE,RMSE,MAPE_percent,n_train,n_test,fit_time_sec,predict_time_sec
rf,0.6941575447674806,0.505559613752682,0.6046095145061438,20.928658012288786,6340,1585,38.82823586463928,0.2967109680175781
