Model,R2,MAE,RMSE,MAPE_percent,n_train,n_test,fit_time_sec,predict_time_sec
cat,0.9416954039127869,0.09683621449831191,0.03175342404298183,7.05926762344898,792,7133,3.681633472442627,0.007246971130371094
