Model,R2,MAE,RMSE,MAPE_percent,n_train,n_test,fit_time_sec,predict_time_sec
rf,0.9228455822389521,0.12434842252992209,0.050271435048139364,5.999518168004752,6206,1552,35.92807221412659,0.280214786529541
