Model,R2,MAE,RMSE,MAPE_percent,n_train,n_test,fit_time_sec,predict_time_sec
gbm,0.9978723927781484,0.0032439298243717813,2.906639253216953e-05,1.1640647817183098,6208,1552,15.435078144073486,0.011841058731079102
