Model,R2,MAE,RMSE,MAPE_percent,n_train,n_test,fit_time_sec,predict_time_sec
cat,0.9529370300097846,0.23548442262340463,0.12277823989936977,6.277036027388605,6206,1552,3.640503406524658,0.002383708953857422
