Model,R2,MAE,RMSE,MAPE_percent,n_train,n_test,fit_time_sec,predict_time_sec
gbm,0.8713156611583095,0.11649346336670961,0.04957649217231537,10.022400258297054,6214,1554,15.61054277420044,0.011919498443603516
