Model,R2,MAE,RMSE,MAPE_percent,n_train,n_test,fit_time_sec,predict_time_sec
rf,0.9108505130836109,0.09974466215438563,0.030407465145868676,8.413581426329793,6214,1554,40.56032752990723,0.29267287254333496
