Model,R2,MAE,RMSE,MAPE_percent,n_train,n_test,fit_time_sec,predict_time_sec
cat,0.991583309884736,0.010206126518206205,0.00028505625043227307,3.134183613164899,9053,2263,3.7475650310516357,0.0030291080474853516
