Model,R2,MAE,RMSE,MAPE_percent,n_train,n_test,fit_time_sec,predict_time_sec
rf,0.9554661359104312,0.01190826205099875,0.002463215549766748,3.122761065963359,5820,1940,35.44508743286133,0.32047033309936523
