Model,R2,MAE,RMSE,MAPE_percent,n_train,n_test,fit_time_sec,predict_time_sec
cat,0.9175644756308562,0.0609010967167752,0.03186776260314394,5.463534892974235,6208,1552,4.449567079544067,0.0026307106018066406
