Model,R2,MAE,RMSE,MAPE_percent,n_train,n_test,fit_time_sec,predict_time_sec
cat,0.9936598459410073,0.005506938989119461,9.288947197451489e-05,2.174836281372031,6214,1554,3.545867443084717,0.002350330352783203
