Model,R2,MAE,RMSE,MAPE_percent,n_train,n_test,fit_time_sec,predict_time_sec
cat,0.9524245563589293,0.25472867698703267,0.13759770333253704,6.5200431891551505,6206,1552,3.3220999240875244,0.0023882389068603516
