Model,R2,MAE,RMSE,MAPE_percent,n_train,n_test,fit_time_sec,predict_time_sec
rf,0.9445788847561529,0.25227275553762135,0.1493054407402212,6.562056353529081,6206,1552,36.903762340545654,0.3036653995513916
