Model,R2,MAE,RMSE,MAPE_percent,n_train,n_test,fit_time_sec,predict_time_sec
rf,0.95371170744761,0.07586744186961752,0.027360901289158912,4.827693079324978,6340,1585,36.95402216911316,0.2947535514831543
