Model,R2,MAE,RMSE,MAPE_percent,n_train,n_test,fit_time_sec,predict_time_sec
gbm,0.9884086839857146,0.011813917359957692,0.0002547651983332127,6.8511360956983,8145,2036,20.239182949066162,0.014814138412475586
