Model,R2,MAE,RMSE,MAPE_percent,n_train,n_test,fit_time_sec,predict_time_sec
cat,0.9862238133722895,0.013723009597550337,0.0003365046079396381,7.111209024669772,4581,5600,4.846445798873901,0.006399869918823242
