Model,R2,MAE,RMSE,MAPE_percent,n_train,n_test,fit_time_sec,predict_time_sec
cat,0.9852735904953384,0.0012141855088171258,3.5448601040419e-06,8.013301226057749,2036,8145,3.2496860027313232,0.01030278205871582
