Model,R2,MAE,RMSE,MAPE_percent,n_train,n_test,fit_time_sec,predict_time_sec
gbm,0.9984981109005042,0.0021412130570433383,1.218123596046734e-05,2.9835064998688794,8145,2036,20.816646099090576,0.014180183410644531
