Model,R2,MAE,RMSE,MAPE_percent,n_train,n_test,fit_time_sec,predict_time_sec
cat,0.7297420638993097,0.538319833946671,0.6221072982418265,8078236558.298815,3395,7921,4.188692569732666,0.008755683898925781
