Model,R2,MAE,RMSE,MAPE_percent,n_train,n_test,fit_time_sec,predict_time_sec
rf,0.8881948310391423,0.09723989065103407,0.024718952593722168,8.67797778987287,6208,1552,39.659075021743774,0.3069274425506592
