Model,R2,MAE,RMSE,MAPE_percent,n_train,n_test,fit_time_sec,predict_time_sec
cat,0.9594284928051938,0.18296752781641495,0.071186779925938,6.14834740948587,3170,4755,4.557752847671509,0.00589299201965332
