Model,R2,MAE,RMSE,MAPE_percent,n_train,n_test,fit_time_sec,predict_time_sec
cat,0.9795355366448065,0.021076143374872878,0.0016977479524374769,12.055489761311403,8145,2036,3.392078161239624,0.0025777816772460938
