Model,R2,MAE,RMSE,MAPE_percent,n_train,n_test,fit_time_sec,predict_time_sec
cat,0.9911985130197372,0.009848991546173068,0.00022265307715118527,4.9593291157656285,8151,2038,3.6776034832000732,0.0026307106018066406
