Model,R2,MAE,RMSE,MAPE_percent,n_train,n_test,fit_time_sec,predict_time_sec
cat,0.9964327548205512,0.00421513689284123,5.024325318594128e-05,1.6397981146921974,6214,1554,3.52264142036438,0.002257108688354492
