Model,R2,MAE,RMSE,MAPE_percent,n_train,n_test,fit_time_sec,predict_time_sec
rf,0.9568542922476744,0.14658281852077215,0.059560969065567244,6.058812068060827,6208,1552,36.55294895172119,0.27954554557800293
