Model,R2,MAE,RMSE,MAPE_percent,n_train,n_test,fit_time_sec,predict_time_sec
gbm,0.9951325036422112,0.00890266717858747,0.00015870323442668634,3.827241770240137,8145,2036,20.478408336639404,0.014012813568115234
