Model,R2,MAE,RMSE,MAPE_percent,n_train,n_test,fit_time_sec,predict_time_sec
cat,0.9738310699965835,0.04034805464965241,0.004418473588331005,3.719928114248016,6208,1552,3.614809989929199,0.0022802352905273438
