Model,R2,MAE,RMSE,MAPE_percent,n_train,n_test,fit_time_sec,predict_time_sec
gbm,0.9631289868423578,0.07877835929247645,0.024608831652186493,323924018.72423446,9053,2263,23.009645700454712,0.017989158630371094
