Model,R2,MAE,RMSE,MAPE_percent,n_train,n_test,fit_time_sec,predict_time_sec
rf,0.611222085781525,0.014164582741287759,0.013001808366447142,4.818056028965618,8151,2038,54.573946475982666,0.39621424674987793
