Model,R2,MAE,RMSE,MAPE_percent,n_train,n_test,fit_time_sec,predict_time_sec
cat,0.9677832156183255,0.04464583250426758,0.006067636174400115,4.133663603594305,6208,1552,3.612050771713257,0.0023374557495117188
