Model,R2,MAE,RMSE,MAPE_percent,n_train,n_test,fit_time_sec,predict_time_sec
rf,0.9906227919337983,0.000334110965520121,3.1313293685779892e-06,2.1036832029763675,8145,2036,51.11304497718811,0.4142470359802246
