Model,R2,MAE,RMSE,MAPE_percent,n_train,n_test,fit_time_sec,predict_time_sec
cat,0.982818441277083,0.0009397262215817004,1.561298692341538e-06,7.076506403695385,6109,4072,4.70192289352417,0.005759239196777344
