Model,R2,MAE,RMSE,MAPE_percent,n_train,n_test,fit_time_sec,predict_time_sec
rf,0.9948993790283067,0.004987531006825879,6.647158965420422e-05,1.8154550514058048,6214,1554,38.49419665336609,0.28470730781555176
