Model,R2,MAE,RMSE,MAPE_percent,n_train,n_test,fit_time_sec,predict_time_sec
cat,0.9574546749276959,0.1848395992587663,0.08782835988761434,6.134404382598665,6340,1585,4.9721879959106445,0.0029556751251220703
