Model,R2,MAE,RMSE,MAPE_percent,n_train,n_test,fit_time_sec,predict_time_sec
cat,0.9608544476990983,0.17352521074584484,0.06360899654930485,5.654401929492979,6340,1585,4.906695604324341,0.002756834030151367
