Model,R2,MAE,RMSE,MAPE_percent,n_train,n_test,fit_time_sec,predict_time_sec
rf,0.9454940628857411,0.08343258407992264,0.03474545414495568,2318438.173971018,9053,2263,87.04817342758179,0.8585917949676514
