Model,R2,MAE,RMSE,MAPE_percent,n_train,n_test,fit_time_sec,predict_time_sec
gbm,0.9785752273073441,0.00977393578443722,0.001067477643744892,2.948520302406485,6208,1552,15.741832256317139,0.01161956787109375
