Model,R2,MAE,RMSE,MAPE_percent,n_train,n_test,fit_time_sec,predict_time_sec
cat,0.6955575187503917,0.5465296049906021,0.617473751968354,22.250191204665086,5548,2377,4.538795709609985,0.0032625198364257812
