Model,R2,MAE,RMSE,MAPE_percent,n_train,n_test,fit_time_sec,predict_time_sec
cat,0.8938730295152268,0.020671166580428415,0.008092444683796069,11.62232091396862,509,9672,3.7605783939361572,0.009908437728881836
