Model,R2,MAE,RMSE,MAPE_percent,n_train,n_test,fit_time_sec,predict_time_sec
cat,0.9958690463562032,0.0004004920227438193,4.367223179848318e-07,3.325226582890105,8145,2036,3.904132127761841,0.0026907920837402344
