Model,R2,MAE,RMSE,MAPE_percent,n_train,n_test,fit_time_sec,predict_time_sec
rf,0.9954341658653365,0.00781824374863845,0.00012177526062442073,3.7948528862118645,8151,2038,55.23035931587219,0.41967344284057617
