Model,R2,MAE,RMSE,MAPE_percent,n_train,n_test,fit_time_sec,predict_time_sec
cat,0.9865097877329774,0.0047141516903469495,0.00011174006419471393,7.484669964917156,8145,2036,3.6987080574035645,0.007178544998168945
