Model,R2,MAE,RMSE,MAPE_percent,n_train,n_test,fit_time_sec,predict_time_sec
cat,0.9728136108990576,0.01546230765873435,0.002791860541884132,206934558.90315056,9053,2263,3.9970250129699707,0.0030062198638916016
