Model,R2,MAE,RMSE,MAPE_percent,n_train,n_test,fit_time_sec,predict_time_sec
gbm,0.9594465407633752,0.08133771733481411,0.025653037629677265,122757914.48138204,9053,2263,23.241159439086914,0.01805853843688965
