Model,R2,MAE,RMSE,MAPE_percent,n_train,n_test,fit_time_sec,predict_time_sec
gbm,0.9968348040586218,0.0020438115690532247,8.226783766721548e-06,3.2601993172416974,8145,2036,20.344207525253296,0.013861417770385742
