Model,R2,MAE,RMSE,MAPE_percent,n_train,n_test,fit_time_sec,predict_time_sec
cat,0.9565054257351691,0.17666779234932087,0.06228425842869065,5.613101322905626,5944,1981,5.091285228729248,0.0030202865600585938
