Model,R2,MAE,RMSE,MAPE_percent,n_train,n_test,fit_time_sec,predict_time_sec
cat,0.36236836948934015,0.0020617277540912506,0.00026297173618380584,11.247815797180204,8151,2038,3.4960083961486816,0.0025801658630371094
