Model,R2,MAE,RMSE,MAPE_percent,n_train,n_test,fit_time_sec,predict_time_sec
rf,0.7999133921338988,0.009841668865185425,0.0129092234196027,2.3786540538214664,8151,2038,55.90599846839905,0.3861660957336426
