Model,R2,MAE,RMSE,MAPE_percent,n_train,n_test,fit_time_sec,predict_time_sec
cat,0.44400758054278755,0.37368018449119617,0.32330317356457333,32.81705367888707,4755,3170,4.695185899734497,0.005364894866943359
