Model,R2,MAE,RMSE,MAPE_percent,n_train,n_test,fit_time_sec,predict_time_sec
gbm,0.9442445487800737,0.2710598146303173,0.18127219781813447,7.306852945167316,6206,1552,15.580194473266602,0.012949228286743164
