MOF,15bar_AR_313_CORE,5bar_AR_313_CORE,HENRY_AR_313_CORE,time_below_50_313_0.01,time_below_50_313_0.05,time_below_50_313_0.1,time_below_50_313_0.5,time_below_50_313_1
1499489-acs.cgd.6b01265_1499490_clean,3207.4,1377.6,445.7,172.2,279.3,381.2,427.6,418.3
ABAYIO_clean,10225.7,4053.7,732.7,331.0,591.2,688.3,741.2,926.4
ABAYOU_clean,10379.9,4185.9,684.9,332.8,604.9,687.3,729.6,960.4
ABESUX_clean,1008.1,381.7,156.5,51.6,92.3,118.3,166.8,163.2
ABETAE_clean,997.8,385.9,157.9,53.7,89.9,117.9,161.9,162.5
ABETIN_clean,7950.3,2595.3,719.7,274.7,466.0,582.4,677.6,686.6
ABEXEM_clean,825.1,357.1,231.8,74.8,114.6,153.8,231.4,233.7
ABEXEN_clean,1340.5,502.5,248.0,93.0,148.0,184.9,257.0,254.7
ABEXOW_clean,823.9,354.8,229.5,75.3,114.8,212.0,244.3,238.6
ABEXUC_clean,812.3,347.8,228.9,73.1,113.1,153.2,235.3,235.5
ABEYAJ_clean,794.5,347.1,232.1,72.4,115.9,152.5,234.5,238.1
ABEYEN_clean,776.6,345.3,231.7,72.2,115.6,153.2,232.0,236.4
ABEYIR_clean,768.2,340.1,233.7,72.8,114.9,152.3,231.9,237.8
ABIXOZ_clean,374.5,174.2,146.4,45.7,60.5,76.6,145.1,163.6
ABIYIV_clean,1157.1,515.6,411.0,128.2,197.9,254.1,406.2,427.7
ABULOB_clean,1631.2,981.4,190.7,86.0,164.0,188.8,200.7,271.1
ABUWOJ_clean,971.7,405.0,188.0,64.1,110.3,144.4,200.7,204.6
ACAJIY_clean,1688.9,736.1,339.8,119.4,221.6,262.9,361.5,353.0
ACAJIZ_clean,2260.9,948.4,518.9,176.8,290.9,393.0,605.2,581.2
ACAJOF_clean,606.0,296.9,276.2,80.0,110.9,139.4,249.7,278.1
ACIBOE_clean,656.0,241.7,158.3,53.1,79.6,106.0,172.0,178.1
ACOCOM_clean,5317.3,1693.4,1567.3,526.2,658.8,740.8,1025.5,1025.6
ACOCUS_clean,5482.4,1771.9,1629.7,516.2,644.3,780.5,1040.3,1117.9
ACODAZ_clean,5289.4,1758.0,1527.0,495.4,666.8,755.4,1026.8,1071.3
ACODON_clean,1180.6,472.4,235.4,87.0,136.5,180.1,262.8,265.7
ACOGAB_clean,916.9,440.5,225.3,80.5,134.6,177.6,251.3,253.1
ACOGEF_clean,950.4,444.0,235.1,83.0,139.2,183.8,260.3,260.8
ACOLIP_clean,1456.7,672.5,294.2,103.4,180.2,238.6,316.8,323.2
ACOLOV_clean,1793.0,638.9,329.1,113.8,177.5,242.7,338.9,351.0
ACUBAB_clean,1660.1,875.7,234.2,100.6,189.7,240.5,273.7,282.1
ACUFEK_clean,1004.0,379.5,331.2,109.2,140.2,174.2,283.6,305.9
ACUJOZ_manual,3966.7,1274.4,834.3,289.7,370.2,445.6,670.1,687.9
ACUTOI_clean,1411.2,708.1,361.6,124.7,213.5,281.5,376.0,380.9
ADARAA_clean,5446.8,2091.7,1498.6,528.5,671.7,785.9,1022.6,1055.4
ADASAB_charged,,,,175.7,166.2,218.3,313.2,346.6
ADASEF_clean,455.4,236.0,272.0,86.2,101.1,117.5,192.7,221.9
ADASIJ_clean,1797.3,592.1,313.7,109.2,170.7,214.5,327.5,317.2
ADASOP_clean,621.0,229.8,214.6,68.9,92.4,112.9,193.2,203.3
ADASUV_clean,558.3,234.3,225.0,74.0,93.2,112.1,192.8,212.0
ADATAC_clean,537.0,248.5,298.0,95.2,109.3,126.6,205.2,228.0
ADATEG_manual,1235.2,482.1,543.7,162.3,207.7,246.0,398.7,390.2
ADATIK_clean,543.1,290.1,317.4,101.0,120.4,135.8,217.6,240.8
ADATOQ_clean,5520.1,1811.1,657.5,248.2,402.2,514.8,682.3,663.6
ADATUW_clean,5383.6,1806.0,668.2,245.4,393.4,515.0,684.4,670.3
ADAVAE_clean,5628.8,1858.2,752.0,245.7,416.9,536.8,683.8,685.8
ADAVEI_clean,5671.8,1913.5,685.2,249.4,421.1,532.8,682.0,666.3
ADAXEK_clean,808.7,396.0,202.4,75.7,123.8,162.8,229.3,224.9
ADAXIO_clean,1165.6,564.3,280.9,106.6,178.7,229.6,319.4,315.6
ADIQEL_clean,1660.0,1066.9,239.1,119.9,229.8,262.8,286.0,343.9
ADOBAX_charged,,,,70.0,102.4,138.1,222.9,238.4
ADOBEB_charged,,,,72.7,105.5,137.2,225.5,236.3
ADOBIF_clean,589.3,249.2,203.3,61.7,91.6,117.2,193.0,196.7
ADOBOL_charged,,,,67.3,96.5,125.5,212.1,228.2
ADOBUR_charged,,,,72.4,103.9,136.4,230.6,231.1
ADOCEC_clean,539.2,229.4,195.2,57.8,85.3,111.6,184.9,191.5
ADODAA_charged,,,,84.1,124.2,159.8,267.3,280.3
ADODOO_clean,502.1,260.5,192.9,65.1,102.2,135.9,213.0,218.8
ADODUU_clean,508.4,266.4,193.6,66.2,103.6,137.4,214.0,217.9
ADOGEH_clean,19023.3,8072.3,1022.2,632.2,991.1,1046.7,1291.1,2360.8
ADUROI_clean,3830.6,1281.3,1490.6,521.1,608.4,729.8,1077.4,1118.5
ADUWIH_clean,3079.2,1033.2,389.1,149.5,238.0,316.5,434.1,423.4
ADUWON_clean,527.8,247.1,318.2,97.4,114.4,132.2,209.9,230.9
AFEJOK_ion_b,1669.7,692.9,270.6,100.7,171.2,225.6,314.2,317.9
AFEKAX_clean,,,,73.0,137.6,174.5,211.6,216.6
AFENEE_clean,704.2,284.6,232.7,64.3,99.8,128.9,211.9,222.8
AFIPAH_clean,740.1,320.2,183.8,64.1,103.2,135.5,212.0,216.8
AFITEP_clean,1026.4,528.0,206.1,80.3,141.5,184.0,238.6,237.8
AFITUF_clean,796.7,356.5,267.6,87.8,131.2,171.1,265.7,284.2
AFIXAO_clean,2040.3,844.7,451.4,168.4,251.6,342.4,471.6,479.8
AFIXES_clean,2041.2,854.0,449.7,161.2,263.5,346.2,492.4,488.0
AFOTOF_clean,876.9,355.7,187.2,65.6,109.0,143.0,221.2,215.3
AFOTUL_clean,875.7,349.6,189.4,65.5,105.8,142.9,212.4,216.6
AFOVAT_clean,886.8,352.2,188.5,66.0,106.3,141.7,213.1,216.0
AFOVEX_clean,857.1,339.1,186.1,64.8,106.4,140.1,212.6,217.1
AFOVIB_clean,886.2,358.9,188.7,66.4,108.4,145.9,211.4,218.1
AFOVOH_clean,889.7,359.8,192.1,68.3,107.3,143.7,215.6,219.4
AFOYAW_clean,2054.7,839.5,309.2,114.8,204.8,257.6,350.1,349.9
AFOYEB_clean,411.0,258.2,253.6,69.5,100.9,131.3,237.1,245.9
AFOYIE_clean,408.5,158.3,145.0,43.4,57.1,72.0,132.0,145.7
AFOYOK_clean,1516.2,542.0,292.5,98.8,157.5,210.3,321.7,331.3
AFUKET_clean,2525.1,1118.3,427.8,163.6,302.8,383.1,436.6,440.9
AFUKIX_clean,1410.3,502.3,362.9,122.1,177.3,228.7,361.9,386.7
AFUPEX_clean,705.2,275.0,140.1,48.2,76.9,103.8,159.7,162.3
AGABIU_clean,185.7,122.9,103.8,33.2,39.0,47.9,86.8,111.9
AGARUW_clean,612.8,257.8,198.2,61.3,92.1,119.1,198.8,206.8
AGIREP_clean,6457.6,2331.8,493.7,215.8,394.7,496.5,553.8,556.1
AGOFEJ_clean,1040.2,410.6,457.8,144.8,180.4,219.6,337.7,378.7
AGONAM_clean,976.6,438.6,195.9,72.2,122.4,161.7,226.5,226.7
AGONEQ_clean,617.6,224.0,134.4,40.8,65.7,89.2,140.3,139.3
AGOVOJ_clean,184.5,120.5,141.0,42.2,49.9,55.6,92.3,108.4
AGUBUA_clean,1358.4,745.2,151.6,74.1,138.1,159.7,164.2,238.7
AGUVOO_charged,,,,171.6,278.9,357.2,456.0,454.7
AHAMAY_clean,834.1,552.3,279.4,107.9,199.1,261.2,305.8,304.0
AHEQAH_clean,745.6,245.0,163.1,49.2,77.9,100.2,156.7,164.0
AHIYOH_clean,2783.8,1574.0,510.9,201.6,368.2,432.3,487.4,521.0
AHOKIR01_clean,1079.0,608.5,223.6,89.4,158.7,205.4,262.8,259.3
AHOKIR_clean,1010.8,447.5,185.3,67.4,119.2,155.9,214.3,218.0
AHOKOX_clean,1120.6,447.8,174.7,57.6,105.9,136.1,180.5,182.5
AHUFIU_clean,719.9,294.7,272.7,85.9,110.8,138.5,246.3,268.6
AJAKON_clean,1107.4,497.8,296.2,101.7,167.3,221.8,323.9,332.5
AJAYIT_clean,958.9,454.2,342.2,115.0,173.2,230.0,371.0,379.6
AJIGIL_clean,1989.5,761.4,653.9,212.1,288.6,375.8,620.5,647.5
AJOTEY_clean,525.7,192.1,116.1,37.6,57.7,76.4,121.9,124.9
AJOVEB_clean,1964.9,958.5,393.3,140.9,249.2,327.1,434.3,444.7
AJOXAA_clean,1222.7,550.5,223.2,81.7,143.1,187.7,246.0,251.7
AKEDIF_clean,1091.7,472.1,222.8,81.4,135.2,178.0,245.9,250.8
AKOBAF_clean,2231.5,1094.6,432.7,162.5,279.3,369.5,480.2,465.0
AKOHEO_clean,654.1,262.3,209.3,66.9,96.6,124.3,215.6,230.5
AKOXIJ_clean,5071.1,3244.6,435.7,314.4,440.0,451.0,772.9,1261.1
AKUKUO_clean,717.4,357.2,231.3,75.9,123.3,163.1,248.0,249.1
ALAHUS_clean,1479.8,589.3,364.6,116.7,170.8,224.7,402.8,329.2
ALAMUW_clean,589.4,208.7,147.1,48.5,72.2,93.6,161.8,168.1
ALANAD_clean,1091.6,375.1,221.7,73.2,115.0,145.5,222.5,229.5
ALEJAE_clean,1100.0,339.3,216.9,73.7,107.8,143.0,228.4,233.4
ALEJEI_clean,1170.6,449.0,586.2,167.3,214.9,248.6,340.5,369.1
ALEJIM_clean,1186.8,540.0,601.8,167.1,209.5,257.7,361.6,388.2
ALEQIT_clean,742.7,367.5,254.7,88.5,139.9,185.5,290.9,295.5
ALIBUT_clean,3119.8,1221.0,504.9,184.0,305.0,405.6,530.6,528.7
ALICAA_clean,2948.3,1142.9,504.9,176.8,294.0,390.3,538.5,512.2
ALIXAU_clean_h,640.5,288.7,234.3,80.4,109.6,143.3,239.4,255.5
ALIXOJ_clean,814.7,296.2,203.9,67.4,100.3,133.4,222.2,238.3
ALIXUP_clean,357.5,236.9,226.6,62.6,78.0,98.8,174.2,211.8
ALOLES_ion_b,290.0,281.9,248.6,73.3,86.5,98.1,173.8,225.5
ALOLET_charged,,,,201.0,330.5,404.2,514.8,510.0
ALOLIX_charged,,,,177.6,277.9,347.9,472.9,480.5
ALOLIY_clean,294.7,258.1,238.4,70.9,82.6,96.6,170.8,214.9
ALONEV_clean,743.3,420.9,520.7,148.7,182.2,227.8,363.4,379.8
ALUJEX_clean,892.2,407.7,233.1,82.6,132.1,172.1,257.5,261.0
ALUJIB_clean,871.0,389.4,227.8,79.6,126.5,172.3,253.8,250.0
ALUJOH_clean,845.9,366.1,226.9,76.8,121.6,158.5,244.6,242.6
ALUKIC_clean,578.3,203.5,158.1,52.0,72.0,93.3,163.9,178.1
ALUKOI_clean,580.3,203.5,156.9,51.4,73.4,92.8,164.9,177.9
ALUKUO_clean,575.6,201.7,157.0,50.2,70.5,91.0,162.7,174.9
ALULAV_clean,582.5,202.9,156.5,51.7,71.1,92.9,163.7,177.4
ALULEZ_clean,215.3,185.6,216.9,65.1,73.0,80.4,125.8,152.6
ALULID_clean,467.8,186.0,153.9,48.6,67.2,87.8,156.1,167.8
ALURAB_clean,2102.0,816.1,382.2,134.5,222.3,280.1,395.7,406.4
ALUREF_clean,2122.7,854.6,396.5,126.8,218.9,280.8,389.9,389.0
ALURIJ_clean,2114.9,866.0,391.9,136.9,221.9,294.0,403.5,395.4
AMAFOK_clean,916.9,489.4,255.9,100.0,164.1,219.5,291.4,286.2
AMAGAX_clean,3301.0,1752.4,486.6,204.3,383.8,481.7,552.7,558.4
AMILOY_clean,1759.3,792.7,405.6,151.4,248.6,310.9,421.7,422.0
AMILUE_clean,1509.0,658.1,329.6,121.6,209.2,280.9,367.3,363.0
AMIMAL_clean,1741.2,772.3,409.4,151.8,249.1,324.9,413.4,422.1
AMIMEP_clean,1561.0,676.9,356.4,125.8,217.8,283.0,380.1,383.7
AMIZIG_clean,789.0,386.4,348.9,99.6,145.6,192.0,328.4,343.8
AMODUC_clean,661.2,223.5,168.7,54.1,77.9,100.3,176.9,189.0
AMOFAK_clean,600.8,198.7,180.0,53.9,73.4,94.1,159.1,173.0
AMOYOR_clean,1156.1,599.2,339.3,130.2,205.3,271.2,391.9,387.0
AMUFOF_clean,602.7,276.0,222.4,72.7,106.3,140.1,239.3,255.7
AMUPOP_clean,1997.1,1173.3,482.6,190.8,350.7,430.8,519.1,517.1
AMUWIP_charged,,,,121.7,174.6,230.4,337.7,335.1
AMUWUB_clean,385.8,224.1,197.9,59.5,76.4,94.9,173.6,207.3
AMUXAI_clean,440.2,271.0,234.1,71.6,90.5,110.6,207.8,248.7
ANAWIX_clean,853.8,389.3,188.6,68.5,116.1,151.3,217.0,213.2
ANAWOD_clean,2292.8,938.8,255.3,102.3,180.3,223.3,274.6,268.0
ANEHEI_clean,932.8,414.2,260.7,89.3,138.8,186.3,292.0,331.5
ANENEN_clean,440.1,246.1,221.6,67.0,95.9,122.8,215.6,233.3
ANENIR_clean,428.9,256.6,233.9,70.2,103.3,129.9,227.3,245.1
ANIDIL_clean,3240.3,1452.7,838.0,291.8,467.7,617.2,893.6,871.3
ANOMOG_clean,915.1,313.6,198.2,66.7,102.3,131.1,199.9,203.7
ANOMUM_clean,699.0,251.9,150.9,51.9,79.6,104.0,168.3,174.9
ANONAT_manual,662.3,233.5,154.9,51.8,77.4,103.2,170.0,181.2
ANUGEW_clean,1917.2,604.0,295.4,101.3,163.0,209.3,320.1,323.2
ANUGIA_clean,475.7,176.6,141.5,47.0,63.5,79.1,142.2,156.2
ANUGOG_clean,903.0,292.2,193.8,64.3,95.0,126.9,207.8,215.2
APACAX_clean,557.1,251.5,157.2,50.4,77.2,100.5,148.0,150.6
APARAM_clean,1172.4,564.7,280.1,106.2,189.6,248.1,323.9,325.1
APAYIB_clean,2377.6,1037.8,283.3,114.9,214.4,268.8,315.3,315.4
APAYOH_clean,2421.3,1031.4,287.5,115.4,206.4,263.3,318.7,326.9
APAYUN_clean,1049.0,444.7,206.6,73.9,121.8,162.1,223.4,223.8
APAZAU_clean,1691.3,675.9,267.6,98.6,163.8,216.3,280.1,285.4
APAZEY_clean,1682.6,661.8,266.1,102.0,162.9,217.1,282.3,286.2
APAZIC_clean,1644.3,616.5,268.5,96.5,158.3,203.7,287.2,285.2
APAZOI_clean,2274.7,938.6,276.1,110.2,203.2,259.9,310.9,314.8
APEBED_clean,686.7,405.0,196.7,69.8,126.2,165.5,209.4,210.9
APEBEE_clean,1245.9,619.7,260.0,99.0,171.8,224.3,296.8,298.0
APEBII_clean,3574.3,1826.3,384.0,250.3,370.2,374.1,434.1,642.5
APEBOO_clean,7106.7,3950.0,466.6,341.4,399.5,408.6,851.2,1379.6
APEBUU_clean,1273.6,564.8,426.1,145.1,215.9,282.1,435.4,440.5
APUPEH_clean,93.5,81.0,86.6,26.2,29.2,33.8,53.6,66.1
AQEGUY_clean,1475.6,724.1,267.7,106.0,191.4,248.6,305.5,302.1
AQEQES_clean,715.3,288.0,152.4,52.9,84.7,117.7,171.6,174.3
AQEQIW_clean,816.5,341.5,156.8,53.7,90.1,120.2,170.3,179.8
AQERUL_clean,14935.0,11913.0,1241.2,1020.1,1119.7,1213.3,4237.5,6061.0
AQIQAU_clean,4274.9,1561.3,450.8,173.9,307.1,407.8,503.4,508.1
AQIXUU_clean,1132.7,808.2,313.6,132.6,247.3,322.7,368.3,364.2
AQIXUV_clean,1391.5,556.4,476.4,150.6,208.2,267.9,463.4,500.6
AQOLEZ_clean,1154.3,427.4,217.0,78.0,127.5,165.4,241.3,245.9
AQOLID_clean,5570.0,2365.0,1753.8,566.2,762.9,969.9,1148.4,1153.0
AQOLOJ_clean,2353.7,1068.1,248.2,114.9,210.7,252.1,283.8,295.9
AQOLUP_clean,3750.3,1425.1,1258.1,411.1,533.3,622.4,800.8,808.9
AQOMAW_clean,1503.9,593.7,254.0,90.6,153.7,201.6,275.1,275.0
AQOMEA01_clean,3541.6,1391.9,1503.0,402.6,548.9,666.4,805.6,813.3
AQOMEA_clean,3662.4,1390.2,1388.8,411.4,525.8,642.1,821.2,813.2
AQOTIK_clean,726.8,312.2,135.3,43.3,77.0,102.2,137.1,143.3
AQUCOF_clean,1196.6,404.7,255.9,86.6,132.7,173.1,290.2,294.2
AQUCOG_clean,2559.6,867.7,295.9,110.7,191.5,252.3,343.3,346.6
AQUCUM_clean,2618.9,884.3,298.8,112.7,195.4,254.2,343.3,344.4
AQUDAS_clean,1162.1,407.4,256.1,86.7,130.8,174.5,286.1,290.0
AQUDAT_clean,626.8,344.4,286.4,92.9,134.2,178.3,309.4,322.2
AQUDEX_clean,629.3,354.1,290.9,93.2,137.7,182.7,305.2,323.5
AQUDIB_clean,2549.8,856.4,301.7,111.9,191.8,251.7,341.3,349.4
AQUDOH_clean,620.8,348.0,290.2,92.4,135.8,179.7,305.7,331.3
ARADEE_clean,2180.0,791.9,245.2,95.1,166.4,216.2,275.5,276.9
ARAFEF_clean,1051.2,357.9,207.5,65.9,101.0,134.1,215.1,213.9
ARAFIJ_clean,1053.0,368.6,213.9,65.5,105.3,147.1,215.4,220.8
ARAFOP_clean,1759.8,807.6,324.8,111.4,204.3,262.6,330.3,329.4
ARAGOR_clean,2026.3,859.9,278.1,108.9,194.0,251.9,313.2,317.7
ARINOF_clean,1300.1,636.8,333.3,120.0,197.7,262.6,383.7,379.2
ARINUL_clean,1149.1,551.2,355.7,107.9,173.5,243.5,358.4,345.5
AROFAP_clean,913.0,442.8,220.6,81.2,137.8,179.5,247.0,248.9
AROFET_clean,760.9,279.4,200.0,65.0,96.0,124.5,211.0,222.5
ARUYES_clean,1372.5,651.5,230.0,88.6,158.5,208.2,256.5,258.0
ARUYUH01_clean,1812.7,919.2,197.6,80.9,156.0,189.4,215.1,236.8
ARUYUH_clean,1639.2,796.2,197.8,78.7,149.1,186.4,214.1,221.7
ASACON_clean,729.2,364.7,212.7,74.2,122.4,160.3,220.9,224.0
ASADAA_clean,727.9,317.2,223.9,76.3,114.2,149.1,240.5,250.3
ASAHEJ_clean,666.5,294.6,260.4,82.2,107.0,136.1,248.7,284.2
ASANAL_clean,1012.1,480.8,311.6,107.1,166.1,224.9,334.4,331.6
ASECUY_clean,1707.9,707.8,419.3,143.8,218.7,287.1,440.6,447.6
ASEJOZ01_clean,909.7,402.9,321.4,100.2,155.4,198.1,341.7,341.4
ASEJOZ_clean,399.9,226.9,201.4,62.9,87.3,109.0,195.9,215.1
ASEKAM_clean,1543.9,687.6,240.8,93.3,166.8,219.7,280.0,280.6
ASEXED_clean,,,,225.6,392.6,427.0,470.9,817.1
ASINAT_clean,1566.7,581.0,310.7,106.6,170.9,221.4,337.7,343.6
ASINEX_clean,6834.8,2474.9,2520.4,770.7,986.0,1198.6,1515.0,1570.3
ASINIB_clean,7070.1,2547.4,2723.6,807.7,1007.3,1170.4,1629.2,1582.7
ASIQEA_clean,979.2,345.6,249.7,74.7,116.2,148.1,245.6,250.3
ASIQIE_clean,977.4,341.2,249.4,73.5,112.9,146.3,242.3,260.1
ASIVAB_clean,601.0,238.9,251.2,77.2,93.6,112.2,190.4,203.4
ASIVEF_clean,945.1,291.3,315.3,96.9,121.6,147.2,241.2,246.3
ASOHUL_clean,499.0,187.2,146.3,42.4,63.6,83.7,142.9,148.8
ASOSUY_clean,1424.6,551.7,220.5,81.7,139.7,183.0,248.6,247.0
ASOVEL_clean,588.0,267.4,229.9,66.4,106.4,129.0,223.0,224.0
ASOYOY_clean,1968.1,747.5,434.5,142.2,212.1,270.2,361.1,350.8
ASUBIB_clean,899.2,417.7,189.6,68.2,117.2,156.5,215.0,216.2
ASUKEE01_clean,2336.6,1124.9,642.4,208.4,326.4,417.3,548.7,533.0
ASUKEE_clean,2318.1,1143.9,619.1,205.9,336.8,407.4,543.3,529.1
ASUWUI_clean,900.6,383.2,292.9,95.7,145.0,185.7,306.1,320.2
ATAFIK_clean,1350.8,513.6,194.4,67.3,116.2,152.0,197.5,199.8
ATAYAX_clean,1600.0,576.9,226.9,82.2,138.9,183.8,253.4,252.4
ATAYEB_clean,1630.6,569.2,232.5,83.4,141.9,184.5,258.2,258.3
ATEJOA_clean,2749.2,1971.2,367.3,291.7,415.1,420.2,716.8,1065.2
ATEYED_clean,573.7,219.0,179.9,59.1,79.4,99.3,180.4,194.6
ATEYOP_clean,2722.8,970.8,663.5,199.0,302.2,346.8,479.1,439.5
ATEYUV_clean,2863.9,1056.9,622.6,220.8,305.1,410.6,485.4,457.1
ATEZAC_clean,509.0,214.7,211.5,66.0,86.3,104.1,171.7,197.3
ATEZEG_clean,737.8,265.7,246.3,79.7,108.2,132.4,206.3,216.7
ATEZIK_clean,734.3,256.8,241.8,78.3,103.3,127.6,203.2,216.7
ATIBAG_clean,420.8,245.5,214.1,66.5,90.1,114.3,208.7,232.0
ATIBOU01_clean,430.6,248.9,213.1,68.6,92.2,118.1,213.1,237.2
ATIBOU02_clean,414.5,243.1,206.5,64.3,89.4,112.6,203.8,226.0
ATIBOU_clean,430.9,248.4,212.8,67.2,91.7,116.5,217.9,236.4
ATIBUA_clean,423.3,247.3,212.7,66.4,90.3,115.0,211.3,236.2
ATICAH_clean,413.7,245.4,212.7,67.9,90.8,114.1,209.3,235.0
ATICEL_clean,406.4,246.4,212.4,66.6,89.3,114.0,209.1,233.0
ATIJUJ_manual,503.8,285.9,241.8,74.4,93.5,115.8,215.2,257.8
ATIRUS_clean,698.2,464.9,392.4,133.7,161.9,195.4,372.4,426.2
ATIXAE_clean,479.3,199.4,160.5,50.9,72.9,95.3,165.4,176.5
ATIXUX_clean,3561.6,1756.0,366.6,159.2,297.8,362.2,371.2,434.0
ATOGEV_clean,497.1,233.3,127.1,45.2,74.9,102.1,145.0,148.0
ATOWIQ_clean,1594.4,567.0,261.3,92.1,149.8,201.5,305.3,307.1
ATOWOW_clean,779.1,282.3,198.0,64.9,94.9,128.6,215.5,229.2
ATULIM_clean,548.3,359.0,234.6,79.0,143.0,187.3,240.6,239.6
ATUXIY_clean,3414.8,1572.0,340.5,149.0,282.4,352.6,378.3,403.3
ATUZEW_clean,1725.0,699.2,268.3,103.2,174.8,229.5,277.7,276.1
AVAGIP_clean,424.9,270.5,284.6,79.8,105.1,125.2,227.5,248.0
AVAGOV_clean,441.2,277.5,289.5,81.9,108.1,131.7,229.0,249.3
AVAGUB_clean,1378.6,545.6,394.0,117.2,189.0,260.0,383.6,402.2
AVAJUE_clean,8222.2,2572.9,1862.2,613.9,803.9,992.8,1232.8,1210.6
AVAKAL_clean,201.1,137.4,157.2,48.6,56.8,62.5,102.4,120.6
AVAKEP_clean,302.4,195.4,232.3,70.9,81.9,92.0,147.6,172.5
AVAQIX01_clean,1429.3,754.2,226.3,88.6,166.5,205.3,236.2,236.0
AVAQIX_clean,1583.6,840.1,247.0,100.8,192.0,235.7,257.7,266.2
AVEHAM_clean,2374.9,1135.8,524.6,200.1,343.0,431.2,564.3,579.5
AVELOD_clean,2941.3,1076.7,463.2,157.2,252.8,338.8,461.1,489.5
AVELUJ_clean,2937.6,1111.6,446.8,162.5,274.7,344.6,469.3,464.6
AVEMAQ_clean,2813.1,994.6,458.1,154.7,256.5,341.7,474.4,471.0
AVEQID_clean,1416.5,485.9,206.2,72.9,126.5,160.3,231.8,233.9
AVESOL_clean,2159.5,894.8,212.9,91.8,164.3,207.5,241.9,247.1
AVESUR_clean,1434.9,550.3,223.0,77.7,126.5,164.7,218.3,221.9
AVETAY_clean,647.9,255.3,157.7,50.4,79.3,101.9,146.2,148.8
AVETEC_clean,683.8,298.5,162.7,54.2,85.9,112.4,152.0,152.9
AVEVEE_clean,677.4,309.5,192.5,65.5,107.0,138.4,213.5,214.2
AVIHIY_clean,500.4,206.9,134.2,41.4,65.5,88.4,140.1,144.5
AVIHOE_clean,459.2,189.8,125.3,37.7,60.2,80.1,124.1,128.3
AVILEY_clean,1008.3,441.3,554.5,170.9,208.9,236.0,394.3,391.4
AVIMIC_clean,753.2,433.1,356.2,117.0,176.7,242.4,383.2,394.5
AVIMOI_clean,2650.6,1440.0,384.8,175.3,324.2,403.6,440.5,461.8
AVIMUO_clean,1093.3,513.5,305.2,105.5,176.0,235.2,336.6,347.0
AVIPAX_clean,892.4,373.2,196.1,68.8,111.9,148.3,216.9,219.4
AVIPOL_clean,1384.8,549.1,219.5,79.6,136.7,182.0,249.7,248.5
AVITUU_clean,2088.2,801.2,399.3,129.9,195.0,244.4,338.7,343.7
AVIVAC_clean,2212.1,732.9,401.1,125.2,194.7,251.4,331.5,326.7
AVIVEG_clean,2231.7,765.2,410.7,129.5,197.0,245.1,342.2,322.9
AVIVIK_clean,2164.4,810.5,406.6,127.7,209.2,260.6,345.4,340.6
AVIVOQ_clean,2174.6,811.8,408.5,126.8,212.7,262.6,354.0,362.9
AVIVUW_clean,2189.3,795.5,402.2,129.1,208.8,267.1,345.3,343.3
AVOSIO_charged,,,,195.8,283.4,347.4,631.9,653.6
AVUCEA_clean,1032.8,394.9,279.2,92.4,134.1,171.4,248.1,253.8
AVUDAX_clean,1969.3,762.7,406.5,139.9,221.7,298.0,438.0,444.0
AWAGEL_clean,1568.2,561.3,358.3,117.5,180.6,242.6,390.2,397.8
AWAGOV_clean,3069.0,1354.2,565.6,204.3,354.3,456.7,576.7,559.8
AWAHEM_clean,477.0,210.0,171.1,55.0,74.1,94.3,172.0,192.3
AWAKEQ_clean,450.6,325.0,279.3,88.2,117.8,150.0,272.4,307.9
AWAREV_clean,914.8,498.4,334.0,116.0,188.9,254.9,367.1,367.9
AWARIZ_clean,919.9,485.8,336.7,117.6,188.6,249.0,361.9,368.9
AWASAU_clean,366.6,199.7,174.1,55.0,77.5,96.5,172.2,190.5
AWASEY_clean,510.4,249.7,252.4,76.8,97.5,113.0,195.7,220.4
AWASOI_clean,909.6,415.1,326.1,105.6,156.5,203.5,318.6,318.2
AWAWUR_clean,2317.4,888.6,357.2,130.5,219.4,296.5,381.3,392.5
AWEDOW_charged,,,,108.3,151.5,194.7,317.8,335.4
AWEGEP_clean,1042.1,367.7,267.3,83.0,124.5,167.6,263.1,275.3
AWEJES_clean,,,,140.3,222.8,288.3,425.1,399.1
AWEJIW_clean,1134.1,490.4,248.3,89.4,148.7,198.4,283.2,287.0
AWEVIJ_clean,3719.4,1450.8,1127.8,392.0,547.0,654.9,887.0,862.7
AWEWOP_clean,2686.5,1071.7,377.4,138.1,234.8,323.7,395.6,402.9
AWEZOS01_clean,1406.7,1105.4,1156.8,350.2,484.1,584.8,964.0,1030.9
AWEZOS_clean,1546.0,1134.8,1187.9,359.6,488.8,611.6,1020.2,1065.5
AWIBAK_clean,1459.1,1141.9,1194.3,365.2,485.5,591.2,1031.2,1069.7
AWIBAL_clean,1228.2,635.2,250.7,98.7,174.7,226.4,300.1,297.2
AWIBEO_clean,1414.5,1134.4,1247.8,347.0,450.8,525.9,895.3,1074.3
AWIBIS_clean,1417.3,1078.9,1176.2,342.0,465.6,561.0,919.8,1038.2
AWOFOI_clean,1495.6,583.3,199.3,74.3,131.7,173.7,228.4,233.0
AWUPAL_clean,579.1,184.7,165.4,50.8,68.1,85.9,147.3,156.7
AWUPOZ_clean,584.5,191.3,166.3,50.2,68.5,89.4,151.1,160.4
AXAFAG_clean,1066.2,374.7,217.3,73.0,119.2,150.6,240.3,243.4
AXIGAR_clean,718.8,250.4,182.6,59.3,87.3,112.4,196.1,209.3
AXIMUP_clean,1277.6,449.2,265.5,87.7,136.5,177.9,307.8,293.6
AXINAX01_clean,183.8,148.3,176.2,52.7,59.5,67.5,108.1,129.4
AXINAX_clean,927.4,318.9,308.6,99.3,128.9,160.6,265.7,277.0
AXINEA_clean,1313.8,741.3,574.5,175.6,267.9,350.2,481.1,476.1
AXINIF_clean,2633.6,963.7,341.0,123.9,217.8,279.3,358.7,356.9
AXIPEE01_clean,396.0,176.7,161.0,48.9,66.4,83.2,149.5,161.2
AXIPEE02_clean,1337.3,519.2,461.9,161.2,200.2,249.1,368.1,398.9
AXIPEE03_clean,414.3,189.0,165.2,54.3,71.7,91.6,160.0,173.3
AXIPEE_clean,372.6,173.1,156.9,48.8,67.5,83.8,149.7,160.3
AXUBAW_manual,393.0,196.9,169.8,53.4,68.6,84.7,159.5,183.0
AXUBOL_clean,1335.6,544.8,261.5,94.4,155.0,202.0,289.9,290.0
AXUHAD_clean,4193.8,1483.0,646.7,238.2,372.5,496.2,657.9,660.1
AXUHEH_clean,1445.5,656.8,474.0,168.4,260.9,333.8,474.2,493.3
AYOQEM_clean,7354.7,2552.6,869.1,323.8,522.9,669.6,856.7,807.7
AYOXUJ_clean,825.5,445.6,409.4,133.7,163.6,201.4,368.9,420.8
AYUJIP_clean,3529.5,1402.3,1257.3,406.2,538.9,649.6,885.0,936.7
AZAFIS_clean,512.5,247.8,127.3,45.4,76.7,102.6,147.2,147.6
AZAVOO_clean,958.7,505.5,244.6,88.3,151.9,197.6,263.9,255.7
AZAVUU_clean,739.5,381.4,214.7,69.9,116.3,154.1,201.2,198.6
AZAWAB_clean,3584.6,1708.1,426.6,189.5,341.0,428.6,497.4,487.4
AZEBUE_clean,876.7,470.4,194.8,72.7,130.1,167.5,207.5,206.3
AZEWEH_clean,778.9,408.0,185.6,73.3,132.2,168.3,219.3,220.6
AZIVAI_clean,1348.0,459.4,225.4,67.1,111.5,148.3,223.0,209.1
AZIXUD_clean,1639.8,623.1,228.4,79.2,138.6,181.5,235.6,242.9
BABREE_clean,3956.8,1428.5,423.9,171.3,301.0,400.3,480.3,471.0
BACGAQ_clean,1338.6,658.9,329.3,117.7,198.5,266.7,376.2,368.5
BADXAI_clean,1988.0,845.3,769.8,250.1,323.1,433.6,701.9,767.2
BADYAJ_clean,633.0,250.0,222.7,70.4,95.5,120.0,209.9,226.3
BAEDTA01_clean,1385.5,804.8,379.9,137.8,257.9,316.8,390.4,385.1
BAFHAU_clean,166.0,107.4,95.2,26.7,33.3,40.2,77.6,92.8
BAKGIF_manual,924.7,335.9,237.3,77.5,114.0,150.3,262.5,277.9
BAKJEE_clean,857.2,335.2,190.1,65.1,102.1,133.9,207.6,212.4
BAKJII_clean,2424.6,965.6,273.3,106.6,194.2,251.1,306.0,307.2
BAKJOO_clean,1811.0,665.8,281.1,106.6,165.5,223.7,312.4,317.9
BAKYIY_clean,1413.5,467.7,219.5,71.0,118.0,155.8,225.7,219.6
BAKYOE_clean,877.7,350.1,196.4,60.5,100.1,135.1,193.3,193.6
BAMKIM_clean,742.9,305.1,259.3,82.2,112.6,141.1,257.3,284.1
BAMKOS_clean,765.8,308.2,261.6,82.3,116.4,146.7,266.5,283.8
BANMAG_clean,267.2,230.7,205.1,61.4,72.8,84.5,152.9,195.1
BAPDAA_clean,1912.2,627.5,244.9,90.4,154.6,201.8,293.9,289.8
BAQWIC_clean,812.4,335.2,271.1,87.4,119.4,154.3,276.9,302.0
BARZOL_charged,,,,244.4,429.9,509.8,568.8,564.2
BARZUR_clean,1830.8,831.5,289.3,111.8,199.1,260.6,324.4,331.1
BASJUB_clean,3727.1,1649.9,424.6,165.0,313.0,402.2,467.2,453.3
BAWROI_clean,345.2,218.0,280.0,83.4,98.4,109.0,173.9,197.8
BAWRUO_clean,443.2,191.3,151.9,48.5,67.9,88.1,157.4,167.5
BAXFIR01_clean,1409.8,613.1,283.8,101.6,168.7,227.9,321.5,323.0
BAXFIR02_clean,1448.0,635.4,291.3,101.5,176.4,231.9,323.9,336.6
BAXSIE_clean,587.7,300.5,202.2,65.2,108.0,144.1,210.5,211.4
BAZFUF01_clean,2814.5,857.1,340.6,122.9,213.3,270.2,383.6,385.9
BAZFUF_clean,2929.1,913.5,361.4,131.8,222.1,292.8,404.0,406.2
BAZGAM_clean,401.2,188.5,198.2,63.0,75.9,88.7,152.2,172.6
BAZGEQ_clean,1018.1,402.7,683.9,179.4,218.7,241.1,373.1,419.7
BAZJET_clean,1018.5,357.1,186.3,66.2,101.0,135.2,210.6,213.8
BAZJIX_clean,928.3,342.9,209.3,70.2,109.2,144.8,229.4,230.9
BEDYEQ_clean,539.9,213.9,212.6,67.0,87.4,107.2,183.2,222.8
BEFGEA_manual,2885.9,1021.1,345.4,133.3,233.2,295.0,388.6,384.9
BEFLUV_clean,719.0,597.6,120.7,81.8,121.3,125.3,187.5,312.9
BEFMAC_clean,1271.0,917.4,132.0,97.8,148.8,155.7,245.5,415.8
BEGDEY_clean,3171.5,1710.9,421.5,208.0,336.1,353.9,377.4,578.0
BEJZAS_clean,696.8,283.3,142.1,46.5,78.1,103.0,152.3,155.8
BELJIL_clean,938.2,447.7,381.7,121.5,169.1,216.2,402.2,422.6
BELTOD_clean,5664.2,2348.5,601.9,234.8,450.5,532.6,596.8,594.7
BELTUJ_clean,5864.7,2495.1,590.3,252.5,441.8,556.0,593.9,645.9
BELVEV_charged,,,,92.5,141.7,184.7,299.0,309.6
BENXUP_clean,977.9,489.8,258.9,94.6,157.5,206.7,296.3,298.1
BENZOL_clean,611.9,297.4,171.8,59.1,96.9,203.2,195.1,198.3
BENZUR_clean,596.6,282.3,169.2,59.9,98.0,129.7,191.5,192.7
BEPBAB_clean,574.4,274.7,172.5,59.6,96.0,128.7,195.8,199.7
BEPLUF_clean,301.4,217.5,188.2,57.8,68.9,83.8,157.4,190.0
BEPMAM_clean,303.0,213.5,188.0,56.2,69.6,83.3,154.3,189.2
BEPMIU_clean,279.3,227.7,202.4,59.1,71.7,84.6,154.9,193.1
BEPNIV_clean,292.2,209.4,184.3,55.6,68.5,83.3,150.4,187.2
BEPNOB_clean,286.2,217.9,185.5,54.9,69.2,80.7,150.7,183.2
BEPNUH_clean,321.2,235.6,199.4,60.2,74.3,89.7,167.9,201.8
BEPPAP_clean,274.2,232.9,199.9,59.3,70.9,83.2,153.4,199.5
BEPPIX_clean,385.1,273.6,231.2,70.8,89.2,104.4,195.0,234.8
BEPPOD_clean,379.4,262.1,228.5,68.9,84.6,101.5,189.8,233.0
BEPREV01_clean,4661.8,1942.3,539.6,209.4,366.2,429.9,497.2,515.1
BEPREV02_clean,4602.1,1671.8,519.4,202.1,345.1,427.5,489.6,508.6
BEPREV03_clean,4703.5,1868.7,548.6,218.3,359.7,455.7,532.6,493.7
BEPREV_clean,4625.2,1897.2,551.4,206.2,353.9,448.4,498.8,526.4
BEPRIZ_clean,824.5,294.7,200.7,66.8,98.0,127.0,211.8,219.8
BEPROF_clean,1411.5,505.5,238.9,84.7,136.0,178.0,263.5,264.8
BEPVEZ_clean,617.1,325.0,279.7,88.0,126.2,169.2,288.5,309.0
BEPVID_clean,607.4,335.2,295.0,89.0,128.0,171.0,295.1,317.5
BEPVOJ01_clean,623.0,349.7,283.6,92.7,134.5,175.2,308.7,322.0
BEPVOJ_clean,555.5,314.3,269.1,89.1,126.2,162.5,289.0,302.4
BEPWEA_clean,388.3,290.2,254.3,76.6,96.2,114.1,218.7,313.8
BERQIA_clean,5586.7,2815.8,764.0,284.9,479.3,544.6,555.6,718.0
BETDAH_clean,824.0,332.2,166.7,58.7,97.1,134.5,193.4,194.7
BETDEL_clean,1650.6,681.3,229.5,85.0,150.6,198.6,260.0,257.7
BETDIP_clean,1737.9,723.2,236.7,90.1,163.1,211.0,271.6,271.9
BETDOV_clean,868.9,402.3,251.5,85.5,136.7,177.7,268.6,268.9
BETDUB_clean,767.4,319.7,168.4,59.8,94.4,126.0,188.1,194.5
BETFAJ_clean,823.8,340.4,169.9,60.0,99.9,131.3,192.6,195.0
BETFEN_clean,812.5,331.7,168.1,61.1,95.9,128.9,192.6,193.3
BETFOX_clean,849.6,383.9,254.5,88.3,139.8,184.4,270.4,274.7
BETFUD_clean,821.1,334.7,172.0,60.1,98.3,132.2,193.3,199.1
BETGAK_clean,809.4,334.4,169.3,59.5,96.1,131.9,191.7,196.2
BETGEO_clean,1064.5,444.0,216.1,78.2,128.7,171.8,239.0,242.5
BETGIS_clean,974.4,389.9,217.8,76.6,120.1,156.2,238.5,245.5
BETGOY_clean,989.6,388.5,209.7,75.2,113.7,148.3,228.8,228.5
BETGUE_clean,729.0,251.0,169.7,56.4,83.6,110.6,180.7,188.6
BETHEP_clean,1107.5,393.2,204.0,73.6,112.3,148.9,229.6,230.6
BETHIT_clean,785.6,260.3,170.3,57.1,85.3,112.9,187.6,198.7
BETZOR_clean,1700.8,761.2,316.5,120.7,206.0,271.9,341.2,347.6
BEVWAB_clean,5190.0,2211.1,500.3,212.8,406.1,503.4,533.8,591.4
BEWCUD_clean,260.9,169.2,214.4,63.1,71.9,81.4,129.3,151.1
BEWVEG_clean,953.7,353.0,220.6,78.9,115.1,150.5,242.3,248.3
BEWVOQ_clean,247.2,138.5,114.2,35.7,44.2,54.4,105.5,123.8
BEWWEH_clean,326.4,145.5,128.5,37.8,50.3,61.6,115.2,134.4
BEXPAX_clean,824.9,292.1,139.3,49.1,79.7,103.7,157.6,160.7
BEXQIF_clean,467.6,162.3,169.6,39.3,56.1,73.0,126.2,138.4
BEXQOL_clean,412.4,156.4,134.0,38.9,53.9,68.5,126.5,135.2
BEXQUR_clean,423.7,152.8,135.2,38.8,53.8,69.8,124.6,135.7
BEXRAY_clean,212.9,111.6,103.6,29.6,37.5,47.1,86.3,104.6
BEXREC_clean,224.6,113.8,104.3,29.6,38.6,47.5,89.5,103.3
BEXRIG_clean,234.6,113.7,104.5,29.4,38.9,48.2,92.1,103.1
BEXRUT_clean,895.4,349.7,224.8,75.5,116.7,153.6,271.5,252.2
BEXSAA_clean,894.5,352.8,220.5,77.2,113.8,149.8,241.9,250.9
BEXSEE_clean,879.1,335.9,218.4,73.0,111.4,148.7,242.4,246.0
BEXSII_clean,768.3,292.4,168.6,57.9,91.1,121.4,188.8,194.0
BEXTUV_clean,1481.2,789.1,248.6,103.7,194.0,253.5,287.5,288.2
BEXVAD01_clean,1055.6,501.3,228.0,85.2,150.1,196.4,258.6,259.8
BEXVAD_clean,1163.9,610.3,229.3,91.2,167.4,225.9,260.0,261.7
BEXVEH_clean,1152.0,391.5,232.2,80.7,118.8,155.8,237.5,245.0
BEXVIL_clean,556.9,188.5,140.0,45.5,66.0,84.8,152.5,157.5
BEYKEX_clean,1527.6,547.3,290.3,97.1,160.5,212.1,308.4,315.1
BEYSEF_clean,723.9,326.3,274.9,85.8,119.2,152.3,276.0,300.8
BIBXIV_clean,1603.5,553.7,750.3,225.3,270.0,355.2,489.3,481.1
BIBXOB_clean,652.6,229.8,182.0,58.6,83.0,105.4,189.1,205.7
BIBXUH_clean,449.9,188.8,157.1,49.8,67.5,86.1,156.6,178.0
BICDAU_clean,,,,43.6,61.4,78.7,139.4,151.1
BICPOT_clean,4471.3,2967.5,253.6,205.4,289.9,292.3,577.5,1035.2
BICPUA_clean,1068.6,334.4,208.0,70.8,105.2,138.6,229.1,235.2
BIDPOV_clean,1929.2,699.2,303.0,110.9,179.0,228.5,308.9,300.0
BIFGOO_clean,657.9,310.3,278.9,87.0,112.9,142.2,262.0,293.5
BIFKEI_clean,1491.4,622.8,248.2,91.0,159.1,207.5,287.0,285.7
BIGZUO_clean,438.1,188.7,186.2,58.9,73.9,90.2,153.1,175.6
BIHBAX_clean,2528.1,791.9,415.2,132.0,213.9,268.8,395.4,410.6
BIHBEB_clean,1315.6,583.4,215.2,89.6,164.4,206.1,241.4,244.5
BIJDUV_clean,910.7,354.8,379.0,112.1,146.0,188.9,300.6,318.7
BIJFAD_clean,1024.3,389.9,369.5,110.6,155.7,190.7,300.0,313.6
BIMDEF_clean,1061.3,483.1,229.2,78.0,140.6,177.2,243.7,244.3
BIMDIL_clean,1089.7,532.2,212.5,74.3,132.1,172.9,224.6,225.2
BINCUY_manual,2332.8,818.1,395.0,140.8,215.9,285.3,408.5,423.4
BINDAF_manual,2362.5,819.5,385.2,142.7,217.0,282.4,411.6,422.9
BINMIW_clean,2178.1,1066.1,410.4,185.2,341.3,409.9,434.5,426.5
BINROH_clean,756.5,341.4,476.7,140.4,166.3,208.2,308.9,327.3
BINRUN_clean,787.0,367.0,491.7,161.7,180.0,195.7,300.0,340.9
BINSAU_clean,856.4,400.9,565.6,163.6,196.4,234.6,384.2,370.1
BIPBAF_clean,1200.2,402.7,233.3,78.2,117.9,155.1,234.3,236.7
BIPLIX_clean,1298.3,480.3,355.7,116.7,173.6,221.9,378.5,389.5
BIPSUQ_clean,578.0,272.9,372.5,107.9,127.2,155.0,252.3,261.2
BIQHEQ_clean,1057.4,521.6,221.9,80.7,143.9,188.7,235.4,234.4
BIQVII_clean,652.8,324.1,255.3,84.4,125.8,166.9,277.0,292.6
BIRGIU_clean,1032.9,377.6,289.7,93.5,133.7,179.0,301.5,312.3
BIRMUM_clean,514.8,395.0,362.6,109.7,146.1,180.6,335.6,381.6
BIRSEC_clean,2101.5,932.1,377.4,135.1,233.8,303.7,399.1,388.5
BIRSIG_clean,2184.3,995.9,379.2,137.3,247.8,316.1,396.7,390.4
BIWSEG_ion_b,74.5,66.0,53.6,16.3,19.4,23.1,42.2,54.0
BIWSIK_ion_b,2876.3,1014.6,381.4,142.0,241.6,312.5,415.7,418.5
BIWSOQ_clean,1101.1,490.4,427.0,129.9,193.1,222.0,296.3,326.8
BIWYAH10_clean,172.0,113.4,91.6,29.4,34.6,41.7,79.0,99.7
BIXXIR_clean,1898.2,721.6,387.4,133.0,200.8,273.1,416.1,425.0
BIXYEO_clean,2055.0,774.6,416.3,141.0,225.8,295.8,456.3,454.6
BIYSUZ_clean,329.5,163.3,151.0,45.1,57.3,73.8,133.8,150.5
BIYTAG_clean,367.3,184.3,162.4,48.5,65.6,82.0,148.4,170.0
BIYTOU_clean,786.8,299.6,199.1,66.9,102.5,135.0,222.7,224.6
BIYVEM_clean,359.3,179.3,162.1,47.7,64.5,80.9,149.2,166.8
BIYVIQ_clean,1178.7,432.4,278.4,89.2,133.7,182.3,287.6,295.8
BIYXUE_charged,,,,232.9,397.5,519.2,613.3,648.0
BIYYAL_charged,,,,224.4,407.9,505.6,611.2,600.2
BIYYEP_charged,,,,295.8,513.6,673.0,794.3,826.8
BIZLUT_clean,4161.7,1568.6,513.1,196.0,344.5,436.9,549.0,535.0
BIZMAA_clean,4340.8,1618.3,518.5,195.3,347.6,437.7,532.8,535.1
BIZMEE_clean,4296.9,1626.2,509.7,197.3,334.5,439.8,541.3,523.3
BIZMII_clean,4261.7,1633.0,514.2,200.8,331.2,438.3,538.8,548.1
BOCKOT_clean,801.7,313.0,211.3,69.9,104.1,135.7,229.1,236.6
BOHJOZ_auto,347.7,327.8,302.9,89.4,102.4,115.6,195.6,251.1
BOHWOM_clean,1948.4,676.3,312.1,110.6,186.5,232.4,314.2,316.0
BOJCIN_clean,917.0,466.6,411.8,137.6,186.1,233.0,417.1,473.4
BOKQEZ_clean,954.2,365.6,255.9,84.6,125.4,163.2,274.7,294.0
BOLPAU_clean,1295.5,525.2,414.1,131.8,175.0,218.7,328.8,321.3
BOLZIN_clean,808.2,408.0,485.1,153.2,187.0,204.8,348.4,376.7
BOMCOX_clean,2590.7,1208.2,391.9,156.5,272.5,368.5,440.5,435.0
BOPHIZ_clean,1017.9,448.4,206.7,76.9,121.3,161.5,228.0,226.4
BORBEQ_clean,802.3,338.6,253.2,77.4,119.7,157.5,245.5,252.2
BOSHIC_clean,3104.5,1406.0,365.4,161.8,286.1,339.1,364.5,402.2
BOVHEB_clean,3287.1,1978.7,375.1,196.2,363.3,407.9,428.5,608.1
BOWDIC_clean,2178.4,936.5,362.6,138.5,235.7,307.0,380.1,381.8
BOWNUY_clean,757.9,273.2,176.1,61.8,88.1,115.8,189.7,199.6
BOWRAH_clean,1758.3,1457.2,283.2,213.4,322.0,328.2,488.0,757.8
BOWSOW_clean,859.8,471.8,140.6,58.5,110.2,138.3,165.3,187.1
BOWZUK_clean,280.7,186.8,198.7,56.1,68.8,82.7,148.5,168.7
BOXFOK_clean,1049.7,557.1,831.1,265.4,310.0,414.3,585.0,565.0
BOXYIY_clean,502.1,229.0,166.6,53.6,80.8,107.3,176.6,187.6
BOYCEY_auto,1334.7,474.9,259.5,89.9,140.2,183.6,272.8,271.7
BOYTEQ_clean,652.3,377.8,280.0,95.8,158.5,207.9,305.7,314.9
BOYYOF_clean,1607.2,554.3,402.3,124.8,185.4,232.9,370.7,378.0
BOZFIH_clean,4317.4,1920.2,411.3,186.0,348.0,420.8,463.0,484.6
BOZFON_clean,1704.3,851.2,424.4,142.9,234.4,296.9,387.7,375.7
BUBDIL_clean,,,,547.9,779.8,1352.1,3006.6,3642.3
BUBQOE_clean,1035.0,464.1,233.9,79.0,138.2,179.0,253.0,260.1
BUBTUP_clean,1025.4,438.6,425.5,130.4,175.2,224.5,379.5,371.2
BUCSAU_clean,1849.3,1067.3,328.4,149.3,275.9,332.7,361.4,385.5
BUCSEY_clean,1001.3,504.1,267.8,95.7,156.4,207.2,295.7,295.7
BUCSIC01_clean,1790.4,1175.4,319.3,158.5,303.5,339.1,357.9,419.6
BUCVAY_clean,1307.3,714.0,520.0,198.5,302.3,377.9,499.6,490.8
BUCWAZ_clean,817.8,293.8,189.7,62.1,95.8,126.2,205.9,207.2
BUFNEW_charged,,,,351.8,513.7,617.7,822.2,764.0
BUFNOG_charged,,,,371.6,513.0,647.1,786.5,743.3
BUGSAY_clean,1089.1,445.9,336.0,109.7,162.9,217.7,365.1,375.1
BUGSEC_clean,1069.3,448.6,332.0,109.4,159.0,206.2,365.3,379.5
BUGSIG_clean,1069.5,447.4,334.1,109.4,160.9,207.1,362.4,376.4
BUGSOM_clean,1121.2,450.1,334.2,109.4,162.2,209.2,356.5,392.0
BUKMUQ01_clean,420.5,148.2,108.5,32.2,48.4,65.9,108.6,114.6
BUKMUQ_clean,,,,35.8,52.9,71.4,117.6,124.8
BUKRUW01_clean,1296.0,417.8,230.6,78.0,121.7,160.5,248.5,251.2
BUKRUW02_clean,1082.6,350.4,205.2,69.6,105.8,141.0,222.5,230.8
BUKRUW03_clean,880.2,287.5,200.2,65.3,98.9,124.4,209.7,219.8
BUKYAJ_clean,1091.7,555.2,250.0,94.9,162.6,212.4,282.6,278.9
BULBER_clean,1500.5,563.7,298.8,99.5,158.2,208.7,305.0,317.4
BUNKUS_clean,681.8,274.2,261.7,83.9,111.2,134.7,231.5,237.0
BUNLAZ_clean,637.7,230.8,232.5,74.6,96.2,116.5,195.9,215.8
BUPDOH_clean,2479.7,951.8,294.1,120.0,216.4,257.1,289.8,309.2
BUPVEP_clean,836.7,312.9,205.4,70.6,103.7,138.1,218.5,223.5
BUQWER_clean,1608.2,912.6,300.8,126.1,230.6,284.4,336.2,343.0
BURJOO_clean,467.3,270.7,234.6,75.7,108.8,138.4,240.9,261.6
BURQIQ_clean,3861.5,1585.7,391.7,161.1,295.3,394.4,429.4,455.3
BUSNAF_clean,566.6,351.9,308.0,95.0,127.8,163.6,301.1,332.3
BUSQEM_clean,1073.9,536.9,196.6,73.8,141.9,175.5,204.5,204.6
BUSQIQ_clean,1599.9,1261.0,233.9,181.9,270.7,272.2,416.5,644.4
BUSRUE_clean,1436.0,621.2,268.1,97.8,167.7,216.3,296.0,306.3
BUVHEH_clean,843.4,325.3,174.2,63.4,95.7,128.3,201.9,203.9
BUVVIZ_clean,777.0,470.6,473.2,143.8,191.6,237.7,416.2,434.7
BUVVOF_clean,716.2,521.6,513.0,156.1,190.8,249.2,434.0,482.1
BUVWOF02_clean,842.1,418.2,350.3,109.3,153.5,191.3,349.2,387.3
BUVWOF03_clean,535.6,328.7,306.5,93.8,123.0,150.1,282.0,327.2
BUVXOG_clean,849.6,408.8,356.4,110.1,154.4,197.4,357.7,387.7
BUVYEX_clean,517.3,312.7,280.5,88.6,116.2,142.2,263.8,296.9
BUVYIB01_clean,964.3,360.8,190.8,69.3,106.1,140.6,215.7,218.0
BUVYIB_clean,947.9,367.1,202.3,66.3,106.3,140.5,211.3,214.9
BUWLUC_clean,851.4,325.8,253.3,74.3,109.7,141.6,242.5,251.1
BUWMAJ_clean,815.2,269.4,200.4,58.7,87.0,116.6,193.6,203.5
BUWMEN_clean,570.1,222.5,184.3,59.8,79.1,101.6,183.4,199.3
BUWMIR_clean,535.0,206.8,169.9,53.8,73.9,94.9,175.6,189.3
BUXNOZ_clean,2480.3,886.0,410.1,140.7,218.5,289.1,351.3,354.3
BUXTOF_clean,4858.5,2485.7,498.6,222.8,405.6,498.2,529.7,609.0
BUXTUL_clean,5321.1,2070.7,584.6,240.4,426.6,548.4,661.4,633.8
BUXZAX_clean,540.0,213.8,212.4,69.0,86.2,107.3,178.0,200.2
BUYNAL_charged,,,,92.5,147.1,191.1,308.4,312.6
CABJOH_clean,914.4,433.4,186.1,64.8,111.8,146.5,198.6,199.5
CACBUG_clean,394.0,273.4,243.0,72.8,92.8,113.4,213.8,253.5
CACNOM_clean,2024.0,953.1,255.3,106.9,203.7,254.4,295.9,297.9
CADPII_clean,432.0,346.5,306.6,101.4,156.6,203.1,327.3,339.2
CADQAB_clean,730.4,274.4,162.4,55.0,85.4,115.0,184.9,185.9
CADQOP_clean,649.2,240.2,154.7,51.9,79.5,107.3,174.6,182.2
CADZIT_clean,1449.2,593.6,384.3,129.4,202.8,263.7,429.3,428.3
CAGSAG_clean,1526.0,600.8,250.9,92.7,156.9,201.8,279.2,284.8
CAGXIU_clean,924.3,518.9,244.2,90.5,160.0,211.9,274.6,273.5
CAJQEL_clean,648.9,247.9,160.2,54.7,86.6,114.2,176.7,181.2
CAJQIP_clean,379.8,161.4,141.4,44.9,61.6,78.4,137.1,151.5
CAJWIV_ion_b,1173.1,525.0,249.7,93.5,157.0,208.7,297.8,297.7
CANRIU_clean,1615.9,665.7,269.9,100.8,172.1,228.8,314.8,309.8
CANROA_clean,1521.9,623.2,268.3,98.9,165.7,219.8,307.7,309.6
CANRUG_clean,3942.6,1624.7,380.8,168.8,299.8,372.7,452.0,441.6
CANYIB_clean,2072.9,774.8,325.3,115.9,197.2,260.9,366.9,368.3
CAPLOX_clean,898.2,361.6,178.8,62.4,102.9,135.7,208.0,208.2
CAQCAZ_clean,1824.3,1017.9,207.7,97.9,186.0,226.8,243.4,277.4
CARGEI_clean,226.5,216.0,191.0,56.6,60.5,65.1,96.4,127.4
CASTEW_clean,1832.5,1033.9,211.7,99.7,195.7,227.4,242.6,283.2
CASWIE_clean,990.6,423.5,122.2,50.6,95.5,122.4,144.3,146.6
CAVMIX_clean,3406.3,1399.0,606.5,207.0,339.8,431.7,514.4,521.7
CAVMOD_clean,1048.4,433.3,380.0,125.2,176.5,224.3,375.9,388.4
CAVNOE_clean,775.1,433.7,218.3,74.5,135.5,173.6,226.4,221.2
CAVPEW_manual,4368.8,1346.7,525.9,180.6,304.5,392.9,528.8,535.4
CAVPIA_manual,4229.7,1389.8,488.2,182.4,301.2,391.0,524.3,527.2
CAVPUM_manual,4516.4,1456.7,483.1,179.9,311.8,404.8,538.8,533.6
CAVRAU_clean,2136.0,904.1,315.0,120.4,220.6,273.5,322.5,327.8
CAVREY_clean,2246.9,996.3,320.2,123.9,227.2,296.2,326.2,335.6
CAVSUP_clean,495.8,209.2,164.1,52.7,75.3,98.5,172.9,186.9
CAVVUS_clean,873.0,336.0,177.5,62.4,99.5,132.6,201.1,203.6
CAWDOU02_clean,964.9,388.8,227.4,73.8,121.4,153.0,233.9,235.6
CAWDOU_charged,,,,91.1,153.3,202.4,276.0,270.7
CAWVIH_SL,1408.0,695.3,345.0,115.6,200.0,268.7,347.1,354.8
CAXSUR_SL,887.0,308.7,249.8,80.3,108.5,144.4,249.9,257.4
CAXTAY_clean,697.7,252.0,215.7,69.1,95.8,120.0,206.2,233.0
CAXTEC_clean,1141.6,406.2,253.0,85.9,129.8,170.3,258.0,260.5
CAXVII_clean,784.6,274.4,170.3,57.1,85.0,113.4,189.1,195.0
CAXVOO_clean,773.7,268.0,166.8,55.2,83.8,111.6,191.8,197.1
CAXVUU_clean,761.9,262.6,165.0,54.7,82.4,109.6,185.6,189.6
CAXWAB_clean,774.1,266.2,162.2,56.1,84.0,110.2,181.4,189.7
CAXWEF_clean,784.6,268.4,163.6,58.3,83.1,110.4,182.4,189.2
CAXWIJ_clean,788.1,272.4,162.8,55.4,83.5,110.1,182.9,196.3
CAXXEG_clean,2401.8,978.9,399.2,152.0,245.8,327.7,445.7,443.6
CAXZOS_clean,10140.1,4009.3,838.1,369.1,665.8,825.9,861.0,940.6
CAXZUY_clean,3999.7,1573.6,1095.6,338.4,460.4,536.8,703.0,726.5
CAYCAI_clean,363.8,306.1,271.2,83.1,98.9,118.4,212.9,263.3
CAYDEN_clean,449.9,286.8,278.2,76.6,106.5,136.8,248.2,273.3
CAYDIR_clean,461.3,291.5,280.4,77.4,109.9,134.8,258.8,274.6
CAYDUD_clean,446.4,280.7,370.6,76.6,109.5,134.1,244.6,263.9
CAYKEU_clean,1386.8,578.6,259.1,92.9,156.7,208.7,296.1,298.2
CAYMIZ_clean,970.8,485.0,261.3,94.2,156.5,208.9,292.3,295.8
CAYQAV_clean,1553.0,555.2,316.9,105.0,169.4,226.6,347.7,351.8
CAYQIE_clean,1183.6,416.8,193.4,64.6,106.5,143.7,194.3,196.1
CAYQOK_clean,4146.1,1450.0,360.4,133.6,243.4,315.2,351.9,371.8
CAYQUQ_clean,1682.3,535.8,229.5,77.4,132.9,170.8,233.6,232.8
CAYSIE_clean,564.4,402.3,361.6,110.1,133.7,161.5,302.3,366.7
CAYSOK_clean,394.9,333.6,296.6,88.6,105.8,123.2,232.0,282.9
CAYYEG_clean,550.8,399.6,361.0,110.8,134.8,165.0,297.3,354.0
CAZGIT_clean,1675.7,877.6,435.1,161.4,274.9,355.1,469.2,462.2
CAZNEY_clean,1007.4,370.9,216.1,72.5,111.4,149.7,232.4,235.5
CAZNOI_charged,,,,51.0,68.0,86.2,152.5,167.2
CAZNUO_charged,,,,47.8,64.5,84.7,151.5,166.0
CEBDOD_clean,831.9,365.2,245.5,82.7,127.5,171.1,282.2,286.6
CECVAI_clean,2418.4,816.3,401.0,131.6,209.1,279.6,395.6,400.4
CEDFIC_clean,1291.3,543.2,219.1,81.7,139.4,185.0,251.9,251.4
CEDFOI_clean,5165.4,2043.0,433.5,193.5,359.1,438.4,485.4,502.8
CEDFUO_clean,2842.9,1199.6,320.4,133.7,249.0,314.4,363.0,371.8
CEGDUO_clean,737.0,350.1,306.3,91.5,134.4,176.3,303.5,315.6
CEGFAW_clean,923.0,418.2,334.2,109.8,159.8,212.3,363.6,375.0
CEGWER_clean,823.7,467.5,260.6,95.2,161.9,213.2,292.6,293.7
CEHLAD_clean,2173.6,736.7,277.7,92.7,160.8,211.8,274.8,271.0
CEJBEA_clean,575.2,381.2,339.0,107.0,137.1,255.4,319.2,360.8
CEJCAW_clean,613.3,253.4,210.4,64.6,93.8,123.8,210.3,222.0
CEJZAU_clean,2395.1,1040.5,373.3,145.8,254.6,329.4,410.3,408.6
CEKHIL_clean,470.0,169.9,132.8,42.4,59.9,77.5,138.5,149.9
CEKNIQ_clean,1040.3,393.4,598.1,166.1,180.3,216.6,322.3,395.7
CEKROB_clean,629.4,304.5,263.8,82.3,120.5,156.6,269.2,281.0
CELZEA_clean,708.1,286.5,195.7,65.5,99.0,132.8,217.9,225.3
CEMKOV_clean,1159.4,531.6,235.3,78.0,133.8,173.7,219.5,231.2
CEMYUQ_clean,791.5,327.6,124.2,41.0,75.5,95.6,125.6,128.4
CENJIQ_clean,535.2,247.3,215.5,67.2,93.5,117.2,209.7,234.1
CENKAJ_clean,519.1,246.8,218.8,74.1,91.2,112.1,206.9,232.8
CENPUI_clean,2405.0,1319.3,341.2,158.2,299.6,368.4,395.3,415.8
CEQBUV_charged,,,,119.0,140.0,163.0,297.7,370.4
CESFIQ_clean,2555.3,924.8,356.0,131.5,224.8,284.9,360.8,339.8
CESFOW_clean,1247.0,453.7,238.8,84.2,129.9,170.5,240.4,242.5
CETFOX_clean,442.9,241.8,207.5,65.9,87.6,111.9,202.6,229.0
CETFUD_clean,935.0,440.3,267.5,92.8,148.9,200.9,303.4,309.6
CETGOY_clean,1628.5,570.4,404.4,132.2,196.4,255.8,414.4,433.6
CETHEQ_clean,344.4,206.3,183.0,53.8,68.2,83.5,164.4,188.7
CETJAN_clean_h,2157.7,944.9,434.8,150.0,257.4,348.8,459.4,459.3
CETNUL_clean,2088.8,953.3,362.1,135.6,235.5,305.9,387.6,382.5
CEXHET_clean,1018.2,475.8,537.7,162.9,222.4,279.2,446.0,432.4
CEXHOD_clean,2663.0,955.2,512.6,177.1,288.2,350.0,509.9,502.2
CEXJOF_clean,11583.5,5017.8,1582.1,605.0,923.9,1167.6,1201.2,1303.2
CEXSEE_charged,,,,169.7,273.9,360.7,455.8,470.2
CEYPUT01_clean,1248.0,781.9,238.2,107.1,208.4,257.0,276.5,289.7
CEYPUT_clean,1226.0,768.8,241.8,108.8,201.4,248.4,272.8,283.1
CEYYIQ_clean,795.2,301.4,248.3,75.4,108.1,137.7,245.0,260.5
CEZFIY_clean,2126.5,1017.7,501.1,160.4,262.9,343.0,448.5,431.7
CIDKUX_clean,572.0,222.8,154.1,50.7,78.7,106.1,169.0,175.8
CIFDOM_clean,1509.4,592.9,245.0,89.3,151.8,200.1,287.9,280.9
CIFDUS_clean,1481.4,589.4,254.4,92.1,154.9,206.4,293.3,293.4
CIFJAE_clean,824.8,388.1,183.1,66.4,115.0,148.7,208.7,213.8
CIFLUA_clean,2727.0,952.9,371.0,135.8,227.0,289.2,399.2,400.5
CIFMAH_clean,2308.5,835.9,320.7,111.4,187.4,255.0,320.0,314.2
CIFMEL_clean,161.2,102.8,86.5,26.7,32.5,39.4,74.5,90.4
CIFMIP_clean,1184.4,424.9,225.5,78.6,123.9,164.8,254.6,257.9
CIGDUT_clean,1191.1,551.6,240.5,88.3,151.7,199.2,272.8,272.5
CIGFAB_clean,1083.3,493.1,227.6,82.0,140.1,185.9,256.3,258.6
CIGFEF_clean,743.5,328.9,173.7,60.7,100.1,133.3,198.1,199.9
CIGXIA_manual,9247.7,4091.5,2583.2,941.0,1407.5,1560.2,1654.1,1662.9
CIJVOH01_clean,573.0,195.5,145.1,44.9,67.2,85.6,147.9,153.6
CIJVOH_clean,547.5,189.0,143.9,44.1,64.0,85.0,146.6,154.9
CILFIN_clean,,,,62.0,113.0,148.0,184.9,184.0
CIMTAV_charged,,,,447.7,540.4,661.8,1066.5,1094.2
CIMTEZ_charged,,,,425.4,591.8,753.4,1020.2,1005.6
CIPCUB_clean,1694.6,866.3,314.9,124.6,224.5,286.5,360.3,357.9
CIPLIX_clean,977.3,428.2,175.8,59.1,104.2,138.4,182.2,181.2
CIQQIE_clean,4136.8,2016.6,971.7,358.0,534.7,632.1,772.7,732.5
CIRTUU_clean,1477.6,543.4,687.9,234.3,250.3,300.5,442.9,442.6
CISLUN_clean,692.3,268.6,186.9,59.6,90.5,118.7,195.0,201.7
CISXEJ_clean,2147.9,997.0,464.5,170.7,284.3,366.7,459.2,450.2
CITZIP_manual,744.2,309.3,202.2,71.0,104.2,138.1,227.9,233.3
CIVTEH_clean,1538.2,644.4,310.1,108.1,180.7,239.0,339.8,351.0
CIWREG_clean,3780.2,1409.3,469.0,168.8,287.4,352.7,424.2,421.6
CIWRIK_clean,3700.2,1357.6,445.5,166.3,289.3,342.5,402.7,430.7
CIWROQ_clean,3949.7,1421.6,475.6,168.4,289.6,375.7,428.8,439.6
CIWRUW_clean,3727.4,1350.1,468.0,163.5,275.4,366.3,460.9,437.2
CIWSAD_clean,3812.7,1370.8,455.0,160.8,295.1,365.4,421.5,438.1
CIWYUD_clean,735.7,315.0,187.4,63.3,99.4,132.9,208.0,213.9
CIWZEP_clean,1891.7,828.5,788.4,245.2,349.8,442.4,714.3,743.0
CIWZIT_clean,1917.1,843.1,807.8,250.3,363.6,437.0,715.3,780.7
CIXBUH_clean,3659.5,1352.4,467.5,160.7,264.5,354.1,422.5,408.5
CIXCAO_clean,3912.8,1430.6,465.3,165.7,299.6,357.9,435.3,435.0
CIYZUG_clean,394.5,370.5,336.3,95.5,120.0,141.8,271.8,333.3
CIZMIJ_clean,846.4,321.1,183.6,62.3,98.3,133.2,206.4,212.0
CIZPOS_clean,1810.7,795.8,305.2,119.4,209.5,263.3,301.3,320.9
COBWEV_clean,290.5,246.6,213.7,63.8,77.7,92.8,174.9,222.4
COCMAJ_clean,3016.2,1000.2,317.4,114.1,207.5,261.5,345.8,332.5
COCMOY_clean,1039.2,341.5,220.8,74.9,110.4,141.8,232.5,239.6
COCMUE_clean,1923.7,689.2,940.8,305.3,328.2,423.2,570.8,636.6
COCNAL_clean,1166.0,404.9,376.7,118.7,162.4,202.6,326.2,338.7
COCNEP_clean,1924.0,647.6,1176.7,304.0,330.6,398.5,619.9,628.1
CODFEH_clean,428.9,232.6,231.0,63.0,83.2,106.7,192.7,219.0
CODMUF_clean,1189.6,585.3,192.7,70.8,128.8,165.7,202.1,200.8
CODNAM_clean,1140.0,547.0,155.6,63.1,118.6,149.4,180.9,182.5
CODROD_clean,1564.4,684.3,255.0,97.4,168.9,223.7,303.2,297.1
CODRUJ_clean,1529.0,695.9,251.6,95.8,167.0,219.5,293.4,290.7
CODSUL_clean,1389.6,665.1,472.4,158.9,243.2,310.1,509.7,531.7
CODVAU_clean,5227.1,4430.7,501.0,532.0,668.3,1155.9,2553.4,3108.1
COGNAO_clean,7770.1,3620.8,735.0,322.7,585.9,711.7,756.9,835.2
COJGEO_clean,1367.5,572.2,251.3,92.6,155.7,202.4,277.3,275.8
COJHIT_clean,1134.8,370.4,212.2,66.5,105.8,144.6,217.9,222.0
COJMIZ_clean,3453.4,1421.4,390.4,164.6,286.9,370.8,433.9,432.3
COJMOF02_clean,1997.3,771.1,417.9,136.3,208.9,280.8,384.8,387.4
COKFAK_clean,1021.9,508.3,332.6,113.9,184.3,240.9,359.5,359.6
COKMEW_clean,3058.8,1055.4,300.8,117.4,213.3,280.1,358.3,346.2
COKMIA_clean,2572.1,872.7,315.7,112.4,193.2,258.6,351.5,358.1
COKMOG_clean,2412.5,831.0,306.1,113.0,191.2,251.4,347.6,352.9
COKMUM_clean,1602.1,539.8,249.9,90.3,142.7,191.0,285.0,291.7
COKNAT_clean,3082.0,1109.9,302.7,118.3,213.1,279.2,365.3,349.9
COKPEZ_clean,3024.2,1039.1,302.5,116.7,209.9,271.9,350.7,345.5
COKPID_clean,3037.8,1038.9,302.7,116.2,207.3,277.6,358.9,347.6
COKPOJ_clean,2709.4,907.5,299.2,113.9,195.2,258.8,353.6,356.2
COKPUP_clean,3293.0,1128.2,327.8,132.1,217.5,288.2,360.9,362.8
COKQAW_clean,1968.1,672.7,276.7,97.8,163.6,220.8,320.6,320.4
COKQEA_clean,2641.8,893.5,308.8,114.7,198.7,261.0,357.0,353.1
COKQIE_clean,3143.5,1067.7,310.0,120.0,214.4,288.3,363.4,360.2
COKQOK_clean,3199.4,1083.2,300.6,120.3,211.2,278.5,351.1,348.6
COKROL_clean,2054.5,1210.5,301.4,140.8,263.6,317.6,337.8,372.7
COKRUR_clean,9602.0,4070.4,1707.0,636.8,902.0,1066.0,1163.1,1269.1
COMDOY_clean,1415.7,707.9,221.7,88.5,164.4,210.6,255.7,256.3
COPXOV_clean,1855.4,1176.9,639.4,253.2,434.2,570.7,700.2,688.2
COQGAS_clean,1212.0,493.1,324.5,106.3,165.0,218.6,337.5,343.5
COQHUN_clean,1652.5,761.3,334.7,126.2,216.4,281.1,403.9,367.6
COQJID_clean,2224.4,1226.9,394.6,164.5,293.2,361.3,424.6,416.3
COQJOJ_clean,1897.9,921.5,338.0,135.0,243.2,304.4,369.7,370.3
COQJUP_clean,2072.3,982.7,374.0,146.0,273.1,336.0,386.5,388.7
COQLAX_clean,4748.9,2146.4,2063.7,688.2,915.7,1162.1,1574.6,1566.9
COQNIF_clean,2449.7,1171.1,160.6,80.6,152.3,185.1,188.6,264.6
COQTEJ_clean,766.9,272.9,161.5,55.1,83.3,110.1,175.4,179.7
CORZIU_clean,1745.3,587.7,219.2,73.1,126.3,169.6,230.5,225.4
COSMII_clean,724.1,294.4,154.8,54.0,86.4,116.5,174.1,176.3
COTVOY_clean,843.2,360.8,212.6,70.5,110.6,150.8,219.0,225.8
COTVUE_clean,847.3,348.5,201.7,68.3,109.6,146.1,222.1,222.1
COTXEQ_clean,1375.1,641.7,302.6,101.2,178.5,226.9,289.4,290.6
COTXIU_clean,1346.6,658.0,298.8,103.8,176.9,225.6,293.1,285.5
COTXOA_clean,1355.0,662.7,304.3,98.7,177.3,228.0,296.0,283.4
COTYIV_clean,2191.2,751.5,759.6,243.5,297.0,369.7,524.3,516.9
COVPAG_clean,1633.3,796.5,298.8,106.6,204.4,249.6,298.8,297.1
COWBEX_clean,804.3,451.1,377.0,122.9,186.7,237.1,399.3,419.4
COWDEZ_clean,5447.4,2667.6,706.3,315.1,528.1,624.8,645.0,768.4
COWMAD_clean,632.3,240.2,197.8,59.8,85.5,110.2,195.6,212.7
COWMEH_clean,637.4,239.7,186.9,59.7,84.6,110.3,193.7,214.2
COWMIL_clean,640.1,243.0,187.9,60.4,88.5,111.8,195.8,210.7
COWMOR_clean,622.5,238.0,184.6,58.9,84.4,109.8,193.6,208.9
COWMUX_clean,638.9,238.6,184.3,59.9,86.2,109.8,193.7,211.3
COXDIE_clean,2249.7,959.4,453.7,163.1,276.6,360.3,501.6,495.0
COXHED_clean,125.0,104.3,85.8,26.1,30.8,37.2,65.3,83.3
COXHIH_clean,121.9,101.9,84.8,25.8,30.5,35.5,64.4,81.2
COXHON_clean,148.0,104.5,85.3,26.1,31.5,38.3,69.9,87.0
COXXIX_clean,179.6,154.0,132.4,40.0,48.8,57.3,103.7,129.4
COYCEZ_clean,1763.6,668.3,312.2,111.6,180.9,247.0,353.3,380.3
COYCID_clean,637.6,250.4,203.1,68.1,91.1,115.3,205.8,229.6
COYMIN_clean,,,,249.6,435.9,541.4,629.2,641.9
COZMUA_clean,724.1,250.4,180.1,54.8,82.4,107.3,175.9,188.0
CUBHOY_clean,1114.5,443.2,301.6,101.8,152.5,199.6,315.5,329.4
CUCKIV_charged,,,,55.0,81.4,107.5,181.8,192.2
CUCSAU_clean,558.0,327.3,284.9,88.5,118.1,147.3,271.8,317.3
CUCTAX_clean,447.1,281.9,263.2,85.9,127.9,170.9,264.3,273.4
CUFDUD_clean,2111.9,818.8,256.2,97.7,166.0,214.5,263.4,270.9
CUFFAL_clean,1994.6,745.1,247.3,93.8,160.8,205.1,258.9,266.8
CUFFEP_clean,2404.9,844.5,214.2,86.6,155.0,199.5,243.6,245.5
CUFGIV_clean,1768.8,630.5,311.1,101.9,163.8,211.8,276.2,290.7
CUFGOB_clean,285.7,273.3,268.1,73.7,78.2,87.5,123.8,162.3
CUFGUH_clean,289.1,268.9,256.2,75.9,78.9,83.1,126.4,163.3
CUFQUR_clean,396.6,300.2,329.6,103.0,120.2,139.7,229.5,268.8
CUGLIB_clean,218.2,209.2,208.7,54.8,65.1,75.1,136.5,175.1
CUGVUW_clean,780.8,399.4,338.6,106.7,152.0,195.5,349.3,376.0
CUGXAF_clean,3380.8,1399.3,1414.9,419.9,572.9,692.3,916.4,932.0
CUGYIO_clean,266.3,202.3,210.0,55.2,66.0,75.2,137.5,179.9
CUGYOU_clean,218.2,208.2,210.6,54.4,62.0,70.0,118.6,152.7
CUGYUA_clean,301.2,300.7,309.5,76.7,94.4,107.7,180.0,229.6
CUGZAH_clean,271.6,213.6,215.6,57.1,67.7,77.9,137.9,174.7
CUHLUO_clean,11758.7,7198.0,702.9,462.9,768.9,816.8,1091.1,2036.6
CUIMDZ01_clean_h,406.8,400.8,346.0,106.4,125.9,147.6,270.4,343.6
CUKXIR_clean,896.2,394.7,192.6,64.0,107.9,140.4,195.3,195.9
CUKXOW_clean,525.4,231.8,178.4,57.1,84.7,110.3,193.3,200.2
CUKXUC_clean,519.9,228.1,177.2,60.1,84.6,111.1,187.5,198.2
CUKYAJ_clean,523.4,231.1,174.9,56.8,87.2,109.5,187.5,196.7
CUKZOY_clean,2380.6,1030.7,385.8,143.8,251.0,332.3,436.1,435.6
CUMDEU_clean,251.1,220.2,190.1,57.0,70.7,83.9,161.2,191.6
CUMDIY_clean,690.0,404.1,277.4,97.3,167.4,218.5,309.8,312.3
CUMDOE_clean,525.4,281.2,236.5,73.1,102.0,129.0,235.3,259.2
CUMDUK_clean,581.6,291.2,285.4,81.5,114.7,149.6,259.5,272.5
CUMJEB_clean,1173.6,553.6,411.5,140.0,212.5,286.2,448.8,448.2
CUMLUT_clean,1698.1,671.4,188.7,73.8,134.4,173.6,218.2,218.1
CUMQOQ_clean,660.1,255.4,181.6,58.9,88.1,117.1,196.9,206.0
CUNFOH01_clean,278.2,219.4,185.0,56.0,67.9,80.6,147.5,184.4
CUNFOH_clean,256.2,204.9,176.2,52.3,64.7,75.2,137.4,173.2
CUNQOT_clean,436.9,206.8,139.9,46.8,72.7,96.6,155.3,159.7
CUNQUZ_clean,371.0,172.0,122.8,40.8,63.0,84.2,136.7,143.3
CUNWEO_clean,1823.4,748.4,347.2,122.6,200.7,265.0,388.6,384.4
CUPHIG_clean,1196.0,427.8,223.6,77.7,122.0,156.7,228.5,230.9
CUPHUS_clean,581.6,241.4,254.1,79.7,102.0,124.5,203.4,222.0
CUQKOQ_clean,953.8,382.5,175.3,56.8,96.4,128.8,179.4,180.7
CUQRIR_clean,1352.6,583.0,266.4,95.3,159.5,212.0,298.5,296.7
CUQROX_clean,783.6,332.7,211.1,75.4,111.3,147.9,233.1,242.5
CUQRUD_clean,903.2,383.1,172.7,63.2,102.7,137.4,192.9,195.2
CUQSAK_clean,3832.3,1429.5,1261.6,395.5,516.8,668.6,896.7,879.0
CUQTAL_clean,752.3,287.3,289.0,96.8,130.2,148.4,243.7,258.5
CUQXUI_clean,827.5,333.7,289.0,91.0,122.2,159.4,284.2,313.0
CURBOH_clean,413.9,190.0,172.3,54.0,70.9,89.1,160.1,181.1
CURQEN_clean,1454.1,847.3,350.4,152.7,273.6,343.6,389.8,387.5
CURYOE01_clean,5134.8,1834.3,594.3,231.9,404.1,506.9,636.8,656.6
CURZAR_clean,1899.0,685.1,574.5,169.3,243.9,310.7,496.7,518.2
CURZEV_clean,1395.3,650.7,328.1,105.7,169.2,222.0,302.6,297.8
CUSDIE_charged,,,,60.8,83.7,104.8,192.5,212.3
CUSXIY_clean,965.9,381.0,476.0,129.5,175.3,175.1,290.7,323.3
CUSXOE_clean,2313.7,727.7,886.7,264.9,311.2,387.4,560.7,598.0
CUSYAR_clean,4646.6,1436.8,1309.8,452.3,572.9,701.2,952.6,1082.5
CUSYIA_clean,1557.2,547.5,206.5,75.9,132.9,172.7,237.4,236.4
CUSZEX_clean,1309.0,464.0,197.8,69.7,117.4,158.0,225.7,226.8
CUSZIB_clean,754.6,268.5,138.0,43.8,72.5,95.6,146.5,145.3
CUTBEA_clean,527.6,201.1,153.9,49.6,71.4,93.0,162.4,171.3
CUTBIE_clean,509.4,193.3,149.5,48.7,69.5,90.2,157.9,166.2
CUTCAX_clean,1383.2,657.4,256.1,98.6,172.3,225.1,291.5,289.9
CUTFII_clean,1374.7,685.0,253.3,98.6,178.5,228.2,283.2,283.6
CUTFON_charged,,,,256.8,369.0,463.0,774.1,755.4
CUTFUT_charged,,,,271.3,385.1,482.8,668.6,714.9
CUTGEF_clean,1409.9,772.8,186.2,79.1,151.4,177.2,193.7,223.8
CUVGIK_clean,1542.5,762.5,255.1,99.4,181.1,234.1,299.4,299.7
CUVGOQ_clean,1336.7,653.1,233.8,92.6,160.7,214.8,283.3,272.6
CUVHEH_clean,426.8,180.8,156.7,51.4,70.9,91.1,152.9,163.0
CUVHIL01_clean,667.3,267.8,165.4,57.2,87.2,117.8,182.4,187.2
CUVHIL02_clean_h,693.3,277.6,171.2,59.5,92.5,123.5,196.3,199.0
CUVHIL_clean_h,688.8,276.9,174.1,59.1,93.1,123.3,198.4,197.0
CUVTIX_clean,,,,439.9,566.0,559.6,1601.7,2836.9
CUVTUJ_clean,691.8,239.8,163.9,55.0,78.7,103.2,178.4,188.8
CUVVOG_clean,2317.8,977.8,401.2,142.1,240.7,310.2,393.5,400.1
CUVXAT_clean,2391.7,1014.8,402.6,142.2,240.9,316.8,421.8,418.3
CUWHUZ_clean,17475.4,6974.3,881.7,442.7,773.3,905.4,916.4,1511.5
CUWNIT_clean,1281.1,498.2,331.7,110.2,164.5,207.7,324.0,317.2
CUWNOZ_clean,1787.6,899.3,317.0,129.8,216.7,281.6,344.7,342.7
CUWTUL_clean,864.5,464.1,193.6,75.1,136.3,176.7,224.4,228.3
CUWVAT_clean,733.7,344.2,168.2,62.7,104.3,134.8,191.6,197.9
CUWVIB_clean,925.2,509.8,209.1,81.3,147.5,191.7,242.4,241.4
CUWWEY_clean,935.9,408.1,223.3,77.0,125.7,172.0,251.2,252.7
CUWXAV_clean,1032.2,465.2,245.0,87.8,147.1,189.1,265.2,265.3
CUWXID_clean,341.3,150.2,130.1,40.6,55.4,70.9,123.6,135.0
CUWXOJ_clean,2150.3,1185.0,336.3,152.5,274.0,332.8,366.8,387.4
CUWXUP_clean,2105.7,1135.2,309.4,135.7,249.7,313.9,337.9,351.5
CUWYAW_clean,755.8,300.6,174.9,61.0,94.1,123.9,189.1,192.4
CUWZAX_clean,782.2,314.6,169.1,58.1,92.6,124.5,188.1,186.3
CUWZIF_clean,998.3,485.5,219.1,81.9,142.7,185.3,246.6,250.3
CUXFIL_clean,2591.8,1339.6,344.2,142.8,268.7,338.0,393.2,396.9
CUXFUX_clean,5319.3,2505.6,426.1,207.5,404.3,468.9,499.7,625.4
CUXJAI_clean,519.3,193.4,140.4,45.7,68.1,88.2,153.3,163.8
CUXJEM_clean,801.4,421.9,199.5,74.3,130.4,172.3,233.6,230.2
CUXLEO_clean,1313.5,480.2,200.5,72.8,121.9,164.5,233.9,235.7
CUYWUP_clean,2811.0,1193.4,313.2,118.5,222.0,283.6,324.8,325.2
CUYYAX_clean,3082.5,1407.9,356.9,147.4,272.5,333.6,374.6,387.6
CUYYEB_clean,3326.6,1531.8,373.1,149.3,280.9,360.2,390.7,408.8
DABFIX_clean,7990.3,3800.2,1023.9,423.0,733.8,863.3,990.9,1032.6
DABMUR_clean,855.8,299.0,166.4,56.5,88.4,116.2,184.7,190.2
DACFAR_clean,3401.3,1516.0,405.6,167.2,322.4,384.6,443.7,431.2
DACSAE_clean,,,,228.2,357.4,377.4,398.4,587.6
DACSEI_clean,4197.7,1938.8,381.9,240.5,365.1,361.4,406.2,617.9
DACYUE_clean,981.0,337.5,163.3,58.1,90.6,121.7,185.9,189.9
DACZUF_clean,1334.7,632.0,260.1,96.6,169.6,223.8,292.9,296.9
DADLEC_clean,1047.4,449.9,399.5,122.9,178.4,231.6,355.2,369.1
DADLIG_clean,1453.8,594.9,399.7,136.0,209.5,273.9,430.1,448.1
DADLOM_clean,773.3,300.7,292.1,91.5,123.1,150.6,252.9,270.8
DADNII_clean,726.1,250.0,182.3,57.6,94.7,111.3,187.8,198.0
DADNOO_clean,778.2,271.8,177.5,58.9,88.1,116.2,191.8,198.9
DADNUU_clean,733.8,261.5,177.6,57.5,86.6,114.1,189.1,200.1
DADPAC_clean,701.1,253.3,176.4,59.4,84.4,110.7,189.5,198.5
DADPEG_clean,777.6,278.3,178.0,58.2,90.7,115.2,192.4,203.3
DADXUE_clean,2315.7,1615.4,482.5,245.9,438.5,496.4,519.7,639.9
DAFJOM_clean,987.7,419.1,175.7,63.5,108.3,144.4,197.4,197.3
DAFSOV_clean,797.2,350.7,281.1,90.7,130.4,174.4,296.4,318.2
DAFXUG_clean,,,,209.1,316.7,333.2,469.5,769.3
DAFYAN_clean,732.9,249.5,157.8,52.7,79.3,108.6,174.2,179.7
DAFYOB_clean,348.8,139.3,114.8,36.0,50.8,63.5,114.8,127.1
DAGDIZ_clean,954.2,408.9,258.8,87.7,137.1,179.4,283.3,289.1
DAGDUL_clean,2407.4,1130.8,410.8,152.2,263.9,345.7,450.3,412.8
DAGJED_clean,990.5,462.8,252.1,88.0,148.8,194.6,277.4,287.0
DAHNOQ_clean,203.4,163.6,142.3,42.2,55.0,63.4,119.7,147.4
DAHNUW_clean,666.7,251.6,170.0,56.3,85.1,113.9,187.1,195.3
DAHPAE_clean,667.9,250.6,150.1,47.1,73.8,98.0,160.3,158.8
DAKVIW_clean,884.0,325.1,169.6,55.1,91.6,122.8,174.4,172.1
DAKVOC_clean,3866.5,1518.4,344.5,144.7,271.4,327.6,355.9,384.8
DAKVUI_clean,3526.3,1367.5,345.5,138.9,264.2,318.3,344.8,369.6
DAKZUN_clean,864.5,314.0,254.4,72.6,109.1,148.5,243.9,254.5
DALSUH_clean,869.7,393.4,203.5,65.5,108.8,145.5,197.5,202.0
DALTAO_clean,864.8,388.7,203.0,64.6,107.2,142.9,196.2,197.5
DALVAQ_clean,459.6,218.7,152.9,44.9,72.8,96.3,148.7,157.8
DALVEU_clean,4807.6,1887.0,430.5,178.2,323.9,379.7,403.5,472.6
DALVIY_clean,2471.3,896.2,757.7,214.4,322.4,387.1,503.0,475.3
DAMDUT_clean,617.3,236.4,242.8,73.8,96.5,118.7,200.5,209.7
DAMRAN_clean,,,,74.7,116.7,154.3,228.6,226.0
DAMYOI_clean,1082.6,385.8,253.9,84.2,126.6,160.8,248.3,255.2
DAMYUO_clean,1041.3,357.3,252.1,83.6,123.9,157.3,245.0,260.6
DAMZEZ_clean,1023.4,568.8,340.8,112.7,194.2,254.8,353.1,341.4
DANFUW_clean,3602.7,1583.0,807.3,294.2,464.1,621.7,786.4,766.8
DANZAV_charged,,,,55.1,70.4,86.3,151.3,170.7
DANZEZ_charged,,,,60.2,74.5,92.2,160.7,184.8
DANZID_charged,,,,53.9,72.8,89.2,154.1,168.6
DANZOJ_neutral,677.3,255.1,173.8,60.0,92.5,121.8,191.2,195.8
DAPBED_clean,10155.2,3893.1,629.2,306.8,558.0,635.6,659.6,949.1
DAPBIH_neutral,675.5,268.3,179.7,60.7,98.0,126.8,193.8,197.0
DAPHOU_clean,1538.8,530.0,606.7,192.6,240.6,312.3,465.5,446.6
DAPXID_ion_b,327.4,181.2,217.8,62.8,76.3,88.5,149.6,169.1
DAPYAW_clean,1705.1,673.9,365.7,126.4,201.1,262.5,384.9,393.7
DARBUU_clean,165.4,141.5,124.0,36.2,43.0,50.5,92.6,117.5
DARSEV_SL,848.6,334.4,216.5,72.2,112.1,146.8,237.3,244.3
DATHAJ_clean,1258.1,530.2,412.7,126.0,187.1,251.7,418.8,404.4
DATPIY_clean,324.6,221.0,192.7,61.4,87.9,115.0,199.4,211.3
DAWBIO_clean,1444.4,752.7,318.4,110.1,204.3,269.9,332.0,319.4
DAWBOU_clean,1452.6,790.2,319.3,118.7,208.0,267.5,329.6,327.8
DAWBUA_clean,1751.9,874.9,336.8,128.0,226.7,298.0,354.6,357.7
DAWCAH_clean,1692.3,918.8,333.5,124.9,230.1,290.8,340.7,343.4
DAWCIP_clean,2134.7,858.7,410.8,136.0,227.2,285.5,345.4,344.0
DAWCOV_clean,1240.3,507.1,225.0,83.8,135.1,180.6,253.9,255.1
DAWDAI_clean,1496.2,768.2,358.0,136.7,251.9,313.5,404.5,410.5
DAWWAB_clean,1397.1,519.0,336.5,112.4,174.9,222.4,363.5,387.3
DAWWEF_clean,1757.5,595.2,287.2,98.1,152.9,203.2,302.8,305.1
DAXHIV01_clean,1043.7,377.0,199.8,64.5,105.8,136.0,212.5,219.0
DAXHIV_clean,1035.3,360.6,184.5,64.2,102.5,137.0,215.9,216.0
DAXHUH01_clean,1064.6,372.7,184.9,64.3,104.0,138.8,213.0,218.3
DAXHUH_clean,1023.2,361.4,189.6,64.2,102.7,134.6,216.2,221.6
DAZCAK_clean,2171.6,879.5,847.6,303.0,387.1,424.9,592.7,582.4
DEBGIA_clean,648.1,332.9,261.1,87.4,133.3,175.1,290.2,292.8
DEBWAK_clean,1095.6,422.0,360.9,113.0,157.4,204.7,349.7,377.0
DEFKUU_clean,847.7,370.2,213.4,72.8,115.8,154.3,242.0,248.6
DEFRIR_clean,808.2,312.0,227.0,71.6,106.0,139.4,232.9,244.1
DEGJIK_clean,783.4,444.3,235.6,85.2,145.4,193.3,265.3,267.3
DEGPEL_charged,,,,67.4,96.9,125.0,212.9,228.5
DEJCIF_clean,611.8,322.2,162.3,58.2,99.6,137.1,183.4,184.4
DEJJIN_clean,568.6,221.0,189.4,60.4,84.2,102.3,185.6,209.2
DEJRUH_clean,822.2,351.1,231.6,76.9,117.8,157.1,253.8,259.6
DEKHEH_clean,1820.3,805.9,315.0,116.9,217.2,269.7,363.7,367.4
DEKHUX_clean,854.6,376.1,213.3,74.7,118.6,157.0,240.3,248.7
DEKPUF_clean,1727.4,693.8,220.4,85.9,151.1,201.2,260.2,259.6
DELGEI_manual,338.5,172.9,148.5,45.9,59.0,74.1,136.4,159.5
DEPSEW_clean,1719.1,1136.3,169.0,130.6,191.8,197.3,300.6,485.9
DEPTOH_clean,1423.3,946.5,149.9,106.1,157.5,162.1,244.7,394.6
DEPXAY_clean,1368.8,554.0,209.6,74.8,127.4,162.0,213.2,215.4
DEPXIG_clean,1453.1,654.4,245.1,95.6,165.1,219.9,278.2,276.2
DEPXOM_clean,1087.4,401.0,197.3,69.1,111.6,149.2,223.7,228.2
DEQFOU_clean,950.2,362.2,275.4,88.8,130.8,166.4,289.9,307.8
DEQVIF_clean,1688.0,724.1,323.7,116.4,192.9,255.2,361.2,362.2
DEWQUS_clean,2452.2,904.6,389.8,126.5,213.5,287.3,368.5,369.9
DEWRIH_clean,1154.4,449.8,298.1,103.2,152.9,203.8,336.0,348.0
DEYDOA_clean,,,,50.3,68.7,86.0,161.8,183.1
DEYJIC_clean,1015.3,447.7,231.5,81.5,130.6,175.4,257.1,260.2
DEYJOI_clean,1084.7,458.7,225.9,80.0,132.6,177.0,260.8,262.1
DEYLOJ_clean,627.4,348.2,307.7,96.3,121.0,148.9,276.2,324.2
DEYLUQ_clean,885.4,380.6,246.1,83.0,128.0,172.8,273.2,280.3
DEYNIG_clean,222.0,199.3,190.3,55.6,69.9,87.6,161.2,184.9
DEZKAW_clean,361.2,184.9,160.1,50.0,65.0,82.0,152.6,172.3
DIBJEF_clean,5085.5,2439.3,667.1,290.2,529.6,670.7,748.2,780.5
DIBJIJ_clean,3067.1,1391.9,521.8,206.4,353.9,478.7,627.4,590.0
DIBPAH_clean,2555.6,1232.4,372.5,152.7,288.0,356.3,430.7,425.6
DIBQEM_clean,2907.2,1062.6,396.8,146.6,253.6,324.5,420.6,423.2
DIBQIQ_clean,2626.0,973.3,328.2,116.3,204.5,264.6,329.6,325.6
DIBQOW_clean,2478.8,883.9,322.6,113.5,194.1,252.5,326.0,331.7
DIBQUC_clean,2268.9,834.5,316.0,105.9,189.7,240.1,301.7,301.9
DICKEH_clean,455.0,173.1,136.1,43.6,61.5,78.9,146.3,157.5
DICVAO_clean,2842.6,1230.4,394.2,154.3,275.0,356.5,448.0,445.0
DICVES_clean,2789.9,1230.7,418.7,158.5,277.1,364.0,452.0,468.3
DICVIW_clean,2824.7,1257.5,405.4,155.3,281.1,361.9,447.1,443.3
DIDBAV_clean,3637.8,1473.9,404.4,156.6,268.0,360.3,410.8,417.3
DIDBEZ_clean,3696.7,1459.1,404.9,156.5,270.3,350.4,406.0,423.4
DIDDOK_clean,489.6,183.7,157.6,47.1,67.8,83.9,154.6,171.1
DIHVIB01_clean,8223.1,3123.3,631.5,277.6,486.2,608.1,635.3,715.9
DIHVIB_clean,8265.8,3000.0,627.1,273.5,504.5,602.7,656.5,724.3
DIKJUD_clean,1177.9,609.0,297.1,97.0,175.4,227.2,283.3,291.9
DIMQIB_clean,2867.1,1364.1,323.9,147.7,265.4,313.7,338.7,371.1
DINNIZ_clean,1737.6,699.6,427.2,144.8,224.0,297.8,457.2,465.7
DIPMAS_clean,699.2,272.2,213.0,68.8,98.3,128.9,231.4,248.1
DIRPIF_clean,803.4,327.0,218.0,72.8,111.2,144.9,232.7,243.3
DITJIB_clean,647.8,224.2,177.7,57.7,81.6,102.3,186.8,200.9
DITJOH_clean,621.5,221.5,176.0,56.5,79.2,101.5,183.4,198.4
DITPED_clean,5845.3,2655.7,1086.6,410.8,620.3,722.8,828.0,838.2
DITTEH_clean,1929.1,752.9,259.9,90.8,165.4,211.0,267.3,274.5
DITXOU_clean,808.0,316.8,150.1,54.0,87.8,118.4,173.4,175.8
DITYEM_clean,287.9,285.8,255.2,71.7,86.4,102.4,189.6,246.0
DITYOW_clean,1756.6,807.9,377.8,122.0,216.5,285.0,372.9,376.1
DIVGIA_clean,3607.8,1582.5,748.8,287.5,457.9,590.2,773.2,809.5
DIVPUU_clean,497.5,240.3,157.0,51.4,83.6,110.3,169.8,174.1
DIVSUY_clean,2228.9,983.7,276.1,115.0,206.7,268.9,319.6,314.0
DIWMON_clean,2421.9,870.7,454.8,150.9,230.2,313.0,384.8,407.4
DIWMUT_clean,3646.0,1389.5,437.9,171.7,288.0,353.2,423.3,427.0
DIWNAA_clean,1048.8,384.0,160.8,57.5,95.7,131.4,185.7,187.0
DIXKOL_clean,770.0,333.8,205.1,68.9,108.7,145.1,227.2,240.1
DIYKAZ_clean,823.8,530.6,305.9,115.1,203.4,266.4,342.1,336.1
DIYKED_clean,412.9,322.5,309.9,84.8,107.8,131.4,251.2,296.4
DIYTEM_clean,2160.7,946.1,357.5,134.1,233.5,307.7,399.5,399.9
DIZVAK_clean,1672.8,769.8,190.6,75.6,137.0,171.8,198.2,204.5
DOCKOW_clean,565.1,352.0,312.2,96.1,130.2,162.2,297.6,344.3
DODMIT_clean,1461.0,674.9,254.7,95.6,171.6,225.1,291.2,292.8
DOFTID_clean,1958.0,693.1,250.2,86.1,152.0,193.8,249.9,251.8
DOFTOJ_clean,2077.6,757.8,250.8,91.9,157.1,203.4,246.6,250.0
DOGBAE_clean,2575.0,890.8,897.7,262.1,363.1,431.2,592.3,590.3
DOGMET_clean,1437.6,746.1,432.1,150.9,260.1,344.9,471.9,473.8
DOHNUL_clean,568.6,318.9,278.7,92.0,133.2,164.9,286.8,297.3
DOJXOR_clean,3030.5,1239.7,409.0,152.2,262.6,348.8,424.5,423.1
DOKDEN_clean,1318.5,499.4,253.7,90.1,146.0,188.4,284.5,293.6
DOKHIV_clean,887.5,418.9,251.6,87.7,141.3,187.2,282.7,288.0
DOLRAZ_clean,2148.9,1158.3,327.4,141.2,266.1,319.8,366.8,373.5
DOLWEI_clean,7841.3,2567.4,628.6,243.8,436.4,555.5,640.4,619.1
DOLXOR01_clean,95.9,90.6,76.4,22.4,25.4,28.6,49.0,64.4
DOLXOR02_clean,96.7,92.1,77.5,22.5,25.5,28.6,49.0,64.1
DOLXOR_clean,96.1,91.4,76.9,22.7,25.5,29.0,48.9,64.9
DOMCUE_clean,1839.8,579.8,300.6,106.0,171.6,221.0,347.5,350.0
DOMDAL_clean,218.0,161.0,200.0,60.4,67.8,76.1,119.3,143.3
DOMFUI_clean,1541.9,648.9,386.5,132.2,207.5,258.9,376.7,376.0
DOMGAP_clean,1744.6,740.1,398.8,137.6,213.6,279.6,378.0,382.7
DOMKEX_clean,703.6,319.9,265.6,83.2,122.0,158.8,277.1,288.9
DONKIC_clean,1432.8,544.4,307.5,104.5,169.0,221.2,338.2,330.9
DONKOI_clean,1421.7,544.5,324.3,105.3,165.1,217.7,323.2,329.0
DONKUO_clean,1007.8,490.4,277.3,98.6,163.4,220.6,310.5,314.2
DONNAW01_SL,1141.7,503.1,193.1,65.1,117.2,152.0,197.5,198.5
DONNAW_clean,1224.7,563.9,182.9,63.8,119.3,157.5,195.2,187.8
DONNEA_clean,859.3,428.5,178.7,67.7,119.1,158.4,210.5,214.8
DONNIE_clean,1366.7,569.7,190.6,66.4,123.1,160.0,199.8,200.2
DONXOV_clean,,,,174.7,301.5,325.5,358.0,598.1
DONXUB_clean,1729.6,1154.3,297.1,140.2,261.0,290.5,306.2,392.3
DOPHOH_clean,2516.7,891.3,1323.6,383.3,445.8,544.7,809.0,902.5
DOPHUN_clean,2471.6,929.6,1229.6,386.5,478.4,535.7,762.8,864.3
DOPJAV_clean,1268.5,499.4,391.7,122.2,178.5,244.8,373.5,378.0
DORFAS_clean,1483.0,613.4,291.2,103.5,173.1,228.2,328.9,326.1
DORFOG_clean,648.2,289.5,230.1,66.3,102.1,134.5,219.4,228.9
DORFUM_clean,1593.1,864.3,325.3,140.0,249.0,316.5,364.4,373.1
DORYUG_clean,2839.1,1860.0,448.4,236.5,435.8,486.8,504.8,661.2
DOTFOJ_clean,6782.2,2842.6,944.0,315.6,493.4,591.1,645.1,681.4
DOTTEM_clean,1279.5,574.3,193.0,66.8,127.5,170.3,194.6,197.1
DOTTUC_charged,,,,151.6,267.0,348.6,446.0,440.8
DOTYES_clean,2256.9,889.9,994.8,310.7,404.5,510.6,771.5,779.1
DOYBAV_clean,2032.5,821.6,387.8,141.7,229.5,301.5,411.9,407.6
DOYBEA_clean,1527.4,799.7,215.5,91.1,174.6,224.3,251.4,263.0
DOYBUQ01_clean,481.2,234.9,158.7,50.4,78.3,103.9,153.4,153.1
DOYBUQ_clean,460.2,211.0,155.8,48.8,76.0,99.2,147.9,150.6
DOYHOQ_clean,1050.5,429.6,186.6,67.0,114.0,151.0,211.2,210.5
DOYHUW_clean,2286.6,992.5,244.3,105.0,193.1,238.8,276.8,282.2
DOYLEI_clean,401.6,219.7,187.1,57.1,76.1,94.8,177.6,203.4
DOZCEC_clean,487.5,169.3,146.8,43.1,61.1,78.7,140.2,148.5
DOZKIO_clean,922.7,376.2,155.0,55.5,95.8,126.8,174.9,178.7
DUBBEI_clean,734.7,322.9,174.0,60.9,98.1,130.7,192.8,198.1
DUBJUH_clean,2028.2,844.0,326.8,122.7,209.9,277.1,360.0,360.6
DUBKAO_clean,2025.7,851.8,327.8,128.2,207.7,278.8,357.6,363.2
DUBWON_clean,1729.9,782.6,209.8,86.0,159.3,203.6,242.4,247.0
DUDKEU_clean,1247.8,502.7,406.4,121.2,184.0,239.2,393.5,403.6
DUDKIY_clean,1559.5,628.2,237.5,87.7,151.3,197.5,268.8,272.9
DUDKOE_clean,1076.6,358.4,220.9,73.9,110.0,143.9,220.2,221.5
DUDKUK_clean,415.1,157.3,127.7,40.9,55.5,70.9,128.7,144.1
DUFGOB_clean,513.4,267.2,230.0,72.1,95.5,117.7,213.9,246.5
DUFKAS_clean,784.3,388.6,632.9,172.9,193.1,216.0,377.0,380.3
DUGMOJ_clean,972.5,542.1,839.3,238.7,295.7,320.9,460.9,491.6
DUHXIP_clean,3162.3,1818.7,561.9,234.0,429.8,548.0,566.6,609.1
DUJRAD_clean,1041.3,451.3,178.0,61.5,107.6,143.2,187.1,188.2
DUKNEE_clean,3594.3,1941.7,808.8,304.4,517.0,664.1,754.5,762.4
DUKNII_clean,2159.9,1168.8,735.5,268.0,429.6,563.1,717.9,726.1
DUMXEQ01_clean,964.5,544.9,252.8,96.5,169.2,224.0,287.5,286.6
DUMXEQ_clean,1009.5,551.2,260.7,97.0,173.6,228.3,296.9,296.2
DUMXIU_clean,805.5,417.2,247.2,87.2,143.3,192.7,276.8,286.4
DUNJON_clean,549.8,398.5,515.2,138.5,178.2,210.9,339.8,379.3
DUNXUH01_clean,2093.7,972.3,211.4,91.3,175.7,216.3,249.7,259.6
DUNXUH02_clean,2086.1,963.8,213.9,92.8,175.0,226.8,249.6,257.7
DUNXUH03_clean,2002.0,909.0,215.0,92.9,172.8,218.4,250.2,260.5
DUNXUH04_clean,1939.4,913.2,213.2,88.6,166.7,211.1,242.4,250.2
DUNXUH05_clean,2003.4,908.1,209.6,89.8,170.5,217.1,252.7,251.7
DUNXUH06_clean,1888.3,876.8,199.9,85.3,161.1,202.2,235.8,239.8
DUNXUH12_clean,1985.6,905.6,215.7,91.3,174.7,219.2,250.1,265.1
DUNXUH13_clean,1991.8,913.8,216.0,92.1,178.1,220.7,250.9,262.8
DUNXUH14_clean,2024.3,933.7,215.4,92.1,173.8,219.9,253.9,258.7
DUNXUH15_clean,2073.7,962.0,216.5,92.8,176.6,220.0,250.1,262.0
DUNXUH21_clean,2105.5,963.4,215.0,93.1,176.3,218.5,249.5,258.9
DUNXUH_clean,2069.2,941.3,213.7,96.9,175.0,224.0,254.2,257.9
DUNYOC_clean,1906.6,653.0,642.1,210.2,254.4,325.7,489.4,513.4
DUPJAB_clean,2636.0,1072.6,501.4,180.2,296.6,377.5,448.3,448.8
DUPKAC_clean,12326.7,4207.6,1224.8,468.0,761.0,935.6,1036.7,1108.7
DUPVER_clean,991.6,328.9,190.6,64.9,98.5,132.2,210.6,218.8
DUQRUD_clean,1199.3,595.9,680.1,187.9,247.0,307.3,480.8,531.2
DUQSEO_clean,322.2,310.0,270.0,82.3,91.9,105.9,186.5,242.1
DUQYEU01_clean,659.5,241.0,150.0,50.2,76.3,102.5,169.8,173.3
DUQYEU_clean,695.0,254.8,157.1,52.7,81.7,106.7,179.4,182.6
DURDAX_clean,1157.6,382.0,185.9,59.4,96.7,128.8,191.3,193.5
DURDIF_clean,439.7,163.1,121.6,38.7,56.2,73.7,128.5,138.3
DUSHEG_clean,20335.2,8798.1,3716.9,1305.5,1873.7,2161.4,2328.6,2366.8
DUSHIK_clean,20134.2,9035.7,3640.9,1287.8,1850.5,2101.9,2271.7,2371.1
DUTKAG_clean,1811.1,676.3,270.6,97.5,167.6,215.8,302.6,302.9
DUVNIS01_charged,,,,246.5,378.6,473.6,561.4,582.3
DUVNIS_charged,,,,186.8,317.9,379.4,491.7,501.7
DUWBEE_clean,1408.9,456.7,257.0,83.1,123.9,162.3,237.6,238.4
DUWFOS_clean,594.2,308.6,241.4,70.8,115.3,151.1,236.3,240.2
DUWGEJ_clean,838.6,336.9,205.3,66.7,108.3,143.9,217.4,219.5
DUWROE_clean,1479.7,699.2,236.5,92.7,165.0,216.2,269.1,272.3
DUWRUK_clean,727.3,365.0,177.5,64.1,112.8,148.6,204.9,204.6
DUWSAR_clean,866.5,310.2,186.1,61.8,98.7,126.4,209.1,213.8
DUXKUD_clean,1080.9,383.6,308.0,98.7,142.1,182.9,328.6,345.0
DUXMAL_clean,1793.1,990.2,261.8,106.0,198.6,243.1,281.3,285.5
DUXZIG01_clean,,,,26.3,36.8,47.0,86.4,97.5
DUYJIS_clean,2813.1,1314.0,355.1,150.4,273.5,348.4,399.5,400.8
DUYRAR_clean,815.9,413.6,455.4,133.0,170.7,202.5,348.8,417.7
DUYREV_clean,838.5,391.5,433.1,136.3,162.2,207.2,345.9,384.4
DUYRIZ_clean,906.5,439.3,477.7,139.6,178.1,222.5,381.7,418.3
DUYROF_clean,889.9,423.9,446.2,138.1,184.5,220.0,363.8,396.4
DUYVEA_clean,271.5,255.6,250.5,65.8,78.9,94.1,174.4,218.2
DUZKAM_clean,658.8,323.9,402.7,112.3,134.7,151.8,261.9,287.1
DUZKEQ_clean,404.5,275.1,307.1,87.8,103.9,119.9,193.5,229.9
DUZPUL_clean,915.7,332.8,154.9,53.9,89.3,117.8,173.0,179.8
DUZWOM_clean,510.8,273.2,232.7,74.7,102.4,133.0,238.0,256.9
EBAMUS_clean,11274.6,4505.5,729.3,395.5,683.3,743.4,791.9,1202.3
EBATUY_clean,648.1,299.1,191.7,65.9,104.7,138.6,213.5,220.2
EBATUZ_clean,1288.4,452.6,243.2,83.3,132.6,173.4,248.9,258.6
EBAVAH_auto,1105.0,364.9,228.6,77.4,116.5,153.4,237.8,236.6
EBAVIP_clean,6742.6,3647.8,655.3,319.9,594.6,683.1,744.2,946.0
EBAVOV_clean,6496.9,3493.4,636.2,315.1,586.0,697.4,709.1,956.5
EBAVUB_clean,6570.6,3603.7,637.7,331.8,587.1,693.9,713.5,947.8
EBELUU_clean,1581.5,680.5,221.3,89.8,153.4,203.5,257.3,260.8
EBEMEE_clean,969.0,472.0,368.9,122.6,181.8,238.4,395.9,404.7
EBEMEF_clean,191.6,147.2,124.9,37.2,45.9,53.9,100.2,125.0
EBEMII_clean,1150.5,580.9,394.3,133.7,213.6,299.0,441.7,439.7
EBEWIT_clean,515.8,207.8,136.9,42.6,70.3,89.4,143.6,151.0
EBEWUG_clean,,,,66.9,89.1,112.0,190.1,212.4
EBEXAM_clean,495.2,198.1,138.3,43.3,65.3,88.0,145.5,150.1
EBEXAN_clean,,,,64.4,83.7,103.4,182.6,201.3
EBEXEQ01_clean,529.9,218.3,141.7,43.9,69.2,93.1,146.8,153.3
EBEXEQ_clean,533.5,219.3,140.5,45.1,71.5,94.4,151.5,156.8
EBEXIU02_clean,974.3,644.9,234.9,96.8,187.1,224.5,239.1,256.8
EBEXIV_clean,,,,62.5,81.0,101.1,175.2,197.7
EBIDOK_ion_b,4004.7,1575.8,489.2,194.9,350.4,431.9,540.8,529.1
EBIHII_clean,963.6,389.0,193.9,72.1,112.6,147.9,220.8,226.9
EBIJAC_clean,806.3,411.5,441.0,136.9,183.1,242.1,373.4,389.6
EBIMEJ_clean,1378.3,682.8,261.2,104.7,179.0,235.9,303.7,299.1
EBIPOX_clean,658.8,246.7,170.7,48.5,75.8,103.0,161.2,166.7
EBIZUN_clean,2104.7,737.4,285.6,105.4,176.8,230.6,319.2,318.1
EBOBIJ_clean,2823.9,1301.6,307.3,132.4,243.7,308.7,351.0,363.1
EBOCOQ_clean,1118.2,519.4,249.1,79.9,139.2,184.6,250.7,246.1
EBOJOV_clean,564.0,322.1,278.4,85.3,116.1,143.9,256.5,298.2
EBOXEA_clean,823.0,337.3,302.0,88.4,131.8,157.0,278.7,307.9
EBUQIB_clean,3331.1,1619.1,615.4,229.3,374.0,471.0,572.0,571.7
EBUREA_clean,667.2,300.5,209.9,70.2,107.3,140.3,231.8,235.5
ECAFOG_clean,1173.3,440.9,336.1,107.7,157.3,205.7,341.8,359.3
ECAHAT_clean,1197.2,592.1,283.2,113.2,198.5,256.1,329.0,324.3
ECAHEX_clean,736.1,358.3,290.6,93.4,132.1,174.8,305.8,335.2
ECAHOH_clean,692.8,344.4,293.4,92.1,130.4,167.4,298.1,321.6
ECASAD_clean,365.5,280.4,241.5,78.3,96.2,120.0,220.8,259.1
ECEDAU_clean,527.4,332.3,185.9,70.5,123.9,164.2,213.1,214.0
ECEDEY_clean,1097.2,457.8,242.1,84.6,138.1,186.6,276.1,281.1
ECEZAO01_clean,576.3,305.1,223.5,76.4,116.9,155.2,249.9,258.7
ECEZAO_clean,820.1,384.3,223.8,78.9,131.4,177.3,255.5,253.8
ECIWIW_clean,1869.1,878.8,856.4,271.2,361.8,485.5,703.3,733.2
ECIWOC_clean,3346.7,2154.9,599.6,278.9,504.8,622.4,681.4,710.3
ECODEG_clean,1546.2,868.3,248.0,105.3,197.8,240.9,261.4,276.1
ECODIK_clean,1273.4,542.7,214.3,78.5,137.4,178.2,239.6,243.0
ECOGEI_clean,2461.2,1180.5,394.8,140.3,258.6,329.7,391.7,375.5
ECOKAJ_clean,105.5,99.5,111.0,33.4,36.9,40.0,61.2,77.2
ECOLEP_clean,224.3,122.6,101.0,32.4,40.3,48.9,91.6,112.1
ECOLOX_clean,337.9,139.3,99.5,32.4,48.2,63.6,109.7,116.8
ECUDIR_charged,,,,69.2,93.7,116.4,217.6,244.7
ECUDOX_clean,750.6,295.0,185.8,63.1,98.7,130.2,209.1,220.6
ECUFAL_charged,,,,71.1,81.8,92.9,164.4,214.5
ECUFEP_charged,,,,77.8,87.4,100.3,180.0,228.4
ECUGEQ_clean,528.8,212.9,164.0,54.1,77.6,99.0,172.1,183.7
EDADIX_clean,750.4,413.6,192.1,74.0,125.4,168.9,216.2,214.7
EDAFUM_clean,444.5,251.1,209.9,66.6,94.9,121.5,216.6,234.1
EDAGAT_clean,442.0,255.0,217.3,69.5,95.9,122.2,219.9,241.5
EDAGEX_clean,453.2,249.2,207.3,67.2,95.2,123.3,215.2,234.2
EDAPIK_clean_h,1614.8,581.4,296.1,93.7,155.4,207.0,304.8,294.0
EDATOT_clean,398.2,169.6,141.4,44.4,59.5,75.3,136.7,155.4
EDAVOV_clean,469.4,409.7,361.6,110.9,151.2,179.5,333.6,396.5
EDECOG_clean,757.4,251.1,202.8,60.9,104.9,115.4,193.0,205.6
EDEPAG_clean,755.5,344.9,192.9,69.3,110.0,146.0,219.5,224.2
EDIKIL_clean,764.1,281.4,165.1,57.2,87.7,119.9,188.3,195.8
EDOMAM_clean,690.0,258.7,180.6,58.8,89.9,118.0,195.0,201.9
EDORIY_charged,,,,216.5,307.3,399.1,647.4,663.1
EDUSIF_clean,237.6,129.1,107.3,33.4,42.2,51.9,98.3,116.6
EDUSOL_clean,19548.9,8931.8,647.8,415.3,624.9,642.2,1164.1,2200.5
EDUSUR_clean,3478.9,1126.8,378.1,140.6,243.1,315.9,421.7,414.0
EDUTIG_clean,6345.4,2212.7,621.9,245.0,420.3,528.1,645.6,646.7
EDUTUS_clean,,,,57.2,72.1,86.7,140.6,149.8
EDUVAA_clean,1987.5,726.0,277.6,95.7,163.8,210.7,273.5,275.9
EDUVEE_clean,9984.7,3938.3,829.6,378.2,630.9,716.4,801.2,986.1
EDUVII_clean,522.6,216.6,256.6,80.6,96.7,110.0,184.0,201.7
EDUVOO_clean,772.6,251.4,167.2,56.0,84.0,108.6,187.6,194.6
EDUWAB_clean,489.1,155.8,110.1,36.4,54.0,69.1,121.1,129.3
EFAYEQ_clean_h,227.9,198.0,229.6,69.6,78.5,87.6,136.6,167.6
EFAYIU_clean,181.4,148.5,177.8,52.4,59.1,66.0,102.9,124.6
EFEGEC_clean,,,,175.8,260.2,267.1,373.1,563.2
EFEGOM_clean,1671.7,729.3,270.4,101.9,179.1,237.6,315.7,308.5
EFESEP_clean,7564.1,3414.0,753.1,320.9,580.4,690.3,685.3,840.4
EFESIT_clean,,,,354.7,624.0,734.2,773.2,1002.2
EFESOZ_clean,8143.2,3477.2,720.3,339.1,596.3,670.4,680.1,862.8
EFIMOV_clean,1192.1,624.3,257.0,96.4,171.3,227.3,293.2,291.5
EFOSUO_clean,247.3,131.8,111.4,35.1,44.2,54.8,101.9,119.2
EFOTAV_clean,213.2,114.9,99.3,30.0,38.3,47.5,88.0,104.6
EFOTEZ_clean,179.8,112.7,98.9,29.3,36.9,44.7,82.4,100.0
EFOTID_clean,210.3,118.9,103.2,30.5,39.3,48.3,89.4,108.1
EGABAR_clean,1156.7,642.3,239.2,99.5,185.5,234.8,273.4,276.1
EGATAI_clean,223.0,115.6,96.1,29.4,38.3,48.0,90.4,104.2
EGATEM_clean,2288.1,999.5,373.0,145.9,236.5,297.0,376.7,362.0
EGATIQ_clean,2376.8,958.0,368.8,135.6,231.2,309.8,373.5,375.5
EGATOW_clean,1269.7,493.5,198.8,65.4,113.2,147.8,198.8,198.9
EGEHOO_charged,,,,192.9,270.4,326.4,473.3,499.7
EGEJIK_manual,398.1,166.1,138.6,43.8,61.5,79.0,141.0,150.0
EGEJOQ_clean,5066.4,2234.6,651.7,280.4,479.3,634.3,683.1,673.8
EGEJUW_clean,2613.1,1031.0,451.0,170.9,287.9,366.5,502.2,501.4
EGELUY01_manual,1427.9,564.5,199.2,69.4,122.7,161.3,212.2,212.9
EGELUY_SL,1354.6,555.2,197.5,65.5,117.9,155.3,203.0,203.4
EGIFUV_clean,4060.1,1765.7,631.0,286.6,534.9,629.3,685.9,656.7
EGOXII_clean,1573.9,809.6,237.4,100.0,185.9,232.1,274.0,278.1
EGOZAB_clean,2086.1,861.1,332.5,124.0,206.2,283.5,371.2,369.4
EHAFEA_clean,718.6,294.1,178.5,60.3,96.4,127.5,200.8,203.2
EHAFIE_clean,679.6,270.8,176.0,59.6,90.9,120.6,198.3,205.9
EHAFOK_clean,680.0,269.7,176.3,59.5,91.0,121.0,198.1,202.6
EHAFUQ_clean,674.2,272.1,175.1,58.6,90.9,120.4,199.7,203.3
EHAGAX_clean,645.2,258.7,177.6,60.3,89.9,121.7,194.4,205.7
EHAGEB_clean,653.8,265.8,176.6,58.6,91.5,120.6,196.5,203.3
EHAGIF_clean,658.8,273.6,176.0,58.9,92.4,124.1,195.0,202.4
EHAGOL_clean,644.0,263.7,177.3,58.9,93.1,120.1,196.8,202.7
EHAGUR_clean,621.5,262.7,175.9,58.3,89.9,117.8,199.2,206.5
EHALOP_manual,1448.8,561.9,200.4,69.5,122.1,160.6,217.7,211.9
EHEKUY_clean,1729.5,847.5,396.9,150.5,257.7,350.8,444.4,442.6
EHIPOC_clean,332.2,306.4,268.6,79.4,96.9,115.9,207.2,261.7
EHODOV_SL,5368.9,2459.1,461.4,218.6,409.6,507.7,542.6,588.0
EHUSUX_clean,3431.0,1450.7,604.1,209.4,342.1,421.9,501.1,485.3
EHUTAE_clean,4751.8,1947.1,657.7,277.6,451.3,559.4,606.7,603.6
EJATIS_clean,2030.3,1779.2,267.6,282.3,312.0,477.3,1092.9,1330.2
EJAXIW_clean,1053.9,408.7,251.6,83.4,132.3,172.9,271.0,278.2
EJESUJ_clean,946.1,309.0,209.9,71.4,101.5,130.4,211.1,219.4
EJETAQ_clean,790.3,268.9,200.8,67.9,95.5,122.1,201.9,215.0
EJIDUW02_clean,698.1,326.2,259.4,84.9,122.2,158.8,270.6,286.0
EJONOH_clean,738.6,319.3,226.0,75.2,117.7,150.5,247.7,257.8
EJOQOL_clean,3039.3,1293.7,502.1,194.3,316.5,422.7,540.0,531.2
EJOQUR_clean,1217.7,457.8,271.9,86.9,136.3,169.5,250.5,240.6
EJORAY_clean,835.4,366.5,178.7,63.1,104.8,140.5,213.9,206.3
EJOZOU_clean,1363.0,604.3,490.8,162.4,235.6,302.6,492.4,493.8
EKADIF_clean,9379.7,4262.9,2331.3,792.2,1147.6,1367.9,1496.5,1450.6
EKEKIQ_clean,548.2,266.4,234.0,73.3,98.8,122.5,225.2,256.6
EKEKOW_clean,5266.5,2573.3,457.9,231.9,433.1,492.1,522.5,682.5
EKEMEO_clean,4406.6,2089.4,497.0,358.0,444.8,469.8,564.5,775.3
EKEQIV_clean,835.0,394.9,314.6,102.4,149.9,191.6,330.2,363.6
EKETOF_clean,1654.0,1033.0,420.6,163.7,304.3,383.3,460.0,456.0
EKETUL_clean,1604.1,989.4,399.9,161.5,286.9,366.5,454.5,453.6
EKEVAT_clean,1612.0,1014.4,395.7,160.8,297.8,408.6,456.2,451.2
EKIDEH_clean,1810.8,1126.4,183.3,101.4,180.5,188.3,216.6,372.7
EKIDIL_clean,1366.7,931.1,193.1,102.8,181.4,196.7,212.7,335.2
EKOKIA_clean,749.0,311.6,206.6,69.1,108.5,142.8,225.7,230.9
EKOPEA_clean,1019.4,458.4,192.5,64.4,113.1,148.4,195.4,194.5
EKOPIE_clean,1327.7,534.3,193.7,77.1,120.9,156.9,209.0,204.0
EKOPOK_clean,1585.5,713.3,268.1,102.3,183.0,237.8,311.4,308.7
EKOPUQ_clean,780.6,317.6,253.4,76.0,112.3,146.5,241.6,253.1
EKUPEG_clean,3514.4,1181.2,766.5,238.8,374.9,488.7,711.5,748.0
ELECIJ_clean,4782.1,2062.2,381.4,169.9,320.0,371.7,399.9,498.1
ELELEN_clean,1202.7,491.2,352.7,120.6,173.6,228.5,392.2,406.4
ELEREU_clean,9201.6,4217.0,2300.3,832.4,1198.1,1380.1,1495.2,1563.8
ELERIY_clean,892.7,362.9,483.4,153.9,194.1,213.5,353.4,354.9
ELEROE_clean,2090.4,754.5,797.9,259.5,330.3,357.9,548.4,526.2
ELIJOZ_clean,1001.2,483.6,218.2,81.4,139.1,181.1,257.6,262.4
ELIJUF_clean,970.8,480.4,220.8,79.8,139.7,183.9,251.5,251.1
ELIKAM_clean,999.9,486.8,217.3,80.6,139.2,183.0,250.5,251.3
ELIKEQ_clean,1024.0,498.7,236.9,81.7,143.9,191.3,261.0,260.4
ELIKIU_clean,932.3,453.6,214.6,77.3,133.8,177.7,243.3,244.3
ELIKOA_clean,938.4,456.6,216.3,78.1,133.5,183.3,247.9,252.9
ELIKUG_clean,1637.2,792.8,272.9,107.5,190.7,259.2,315.1,314.0
ELILAN_clean,914.5,439.1,210.1,76.5,128.8,171.9,241.2,240.1
ELILER_clean,935.4,459.0,218.4,80.7,134.1,181.8,252.1,251.8
ELILIV_clean,942.0,458.6,214.3,79.4,134.2,182.8,249.4,253.5
ELOGUJ_clean,2416.4,1041.3,448.5,154.9,256.9,356.8,451.8,449.6
ELOHOE_clean,2403.6,1273.7,396.9,164.5,304.7,389.3,432.9,457.0
ELOZEK_clean,367.7,351.3,341.9,96.4,104.6,114.8,158.6,203.7
ELOZIQ_clean,,,,334.2,587.4,652.5,699.5,1016.9
ELUJAY_clean,2806.2,1395.6,408.6,155.4,274.6,347.3,417.0,422.9
ELUJEC_clean,2646.3,1229.7,411.7,153.4,273.2,354.2,431.1,415.6
ELUZES_clean,234.2,160.2,134.3,41.6,51.4,61.4,116.1,141.2
EMAGAB_clean,653.3,326.5,265.1,87.3,126.1,166.8,281.2,301.2
EMAMOW_clean,848.6,413.3,379.9,120.9,157.7,201.4,382.7,400.7
EMAMUC_clean,625.8,397.5,359.2,111.7,142.0,180.6,324.8,376.6
EMAPAK_clean,593.5,270.7,242.7,75.6,98.9,126.3,228.8,255.2
EMIFOW_clean,1739.7,635.9,159.0,60.4,107.9,134.5,157.8,165.1
EMIGAJ_charged,,,,120.6,193.8,245.6,306.4,300.2
EMIGEN_charged,,,,76.5,133.6,180.5,234.2,233.5
EMIGIR_charged,,,,65.6,113.8,144.3,170.8,173.5
EMIGOX_clean,2326.1,944.5,208.9,86.2,154.6,186.5,204.1,218.5
EMIGUD_charged,,,,96.3,169.9,209.1,229.4,250.6
EMIHEO_charged,,,,49.4,82.7,108.5,157.4,161.7
EMIREX_clean,,,,123.3,152.7,192.0,358.2,414.7
EMIYUW_clean,590.0,233.4,254.0,77.2,98.2,125.6,194.8,204.3
EMIZAD_clean,479.3,195.3,197.0,62.6,78.5,94.9,162.7,180.6
EMOHIZ_clean,602.8,361.8,335.6,100.3,138.5,179.4,310.7,347.5
EMUBIZ_clean,573.0,228.2,156.3,48.7,77.6,103.4,165.0,160.4
EMUBOF_clean,1123.1,465.8,210.4,70.1,122.7,160.6,218.4,209.8
ENAFAB_clean,520.6,508.9,738.6,206.0,231.2,286.0,373.3,442.2
ENAFOP_ion_b,944.3,487.6,458.0,144.1,176.7,218.0,396.3,466.4
ENANIS_clean,1102.1,673.4,262.5,102.2,188.4,237.7,270.6,279.4
ENCDBZ01_clean,597.2,227.9,183.0,53.7,79.4,105.1,177.8,189.7
ENCDBZ_clean,482.0,180.4,103.9,31.9,51.7,68.6,107.6,109.1
ENCNBZ01_clean,592.1,245.4,112.0,36.1,61.9,83.0,115.7,116.7
ENEQUL_clean,2937.4,1102.0,444.9,157.4,274.5,349.7,481.4,471.7
ENESOH_clean,2191.8,778.9,476.1,140.3,208.3,281.8,391.1,400.4
ENESUN_clean,2213.2,767.2,433.3,147.4,221.2,290.8,396.7,392.5
ENIHUG01_clean,3658.7,1218.1,400.0,152.1,264.3,331.9,425.8,423.3
ENIHUG_clean,3822.2,1272.9,401.4,152.9,260.7,342.9,451.3,461.0
ENISOK_clean,820.4,313.9,205.6,68.2,103.7,136.9,232.1,237.4
ENISUQ_clean,1582.0,609.8,282.4,99.0,163.0,216.2,324.2,327.2
ENITAX_clean,840.0,294.5,180.3,57.9,89.8,117.1,185.8,196.1
ENITEB_clean,1722.2,643.6,279.7,99.5,167.5,222.1,316.7,327.3
ENITIF_clean,3506.2,1390.6,374.1,151.1,291.7,361.9,433.9,440.7
ENITOL_clean,2097.4,864.9,348.8,118.7,208.2,270.4,345.5,338.4
ENIXUV_clean,2532.6,1071.2,437.4,158.0,275.4,358.4,463.7,465.1
ENOSAD_clean,1339.4,661.8,296.1,107.9,184.6,250.7,332.2,334.5
ENOVAG_clean,430.2,223.8,206.4,65.2,84.6,101.2,180.8,209.1
EPAGEJ_clean,1061.4,490.7,501.3,162.4,203.0,248.0,426.3,491.0
EPECEJ_clean,3777.0,1598.8,442.0,173.8,318.0,401.6,469.3,498.8
EPECOT_clean,2979.6,1665.4,542.8,231.5,435.7,525.1,560.0,580.9
EPEWAY_clean,2211.4,1008.2,369.7,141.3,239.2,319.2,397.6,397.1
EPEWEC_clean,2196.1,998.9,373.8,129.5,231.0,299.8,376.3,369.2
EPEXUU_clean,3169.4,1451.7,541.8,208.6,360.6,462.5,589.1,558.5
EPEYAB_clean,3404.5,1577.6,518.1,224.9,375.8,486.4,555.3,561.4
EPISOM_clean,799.5,299.2,201.2,62.4,95.5,125.1,182.5,183.8
EPONAA_clean,184.2,109.9,93.0,27.4,34.9,41.9,79.3,96.6
EPONEE_clean,96.9,81.2,67.9,19.9,23.6,27.3,50.1,64.5
EPOPEG_clean,1818.9,708.4,280.4,102.1,174.9,232.1,318.9,322.4
EPOTAF_clean,215.5,123.8,106.9,32.3,41.9,50.2,93.3,111.6
EPOXAJ_clean,333.1,204.3,176.9,54.2,68.3,84.8,164.8,188.2
EPUSUE_clean,880.7,346.8,288.0,99.0,130.4,162.3,299.6,332.0
EQAMUG_clean,2237.9,927.5,379.1,122.5,215.9,281.6,374.6,371.6
EQERAU_clean,2539.5,957.6,309.3,115.0,206.0,270.1,348.4,345.0
EQEREY_clean,1000.9,445.7,227.5,81.4,133.8,176.1,251.9,254.1
EQERIC_clean,1323.6,667.5,231.6,91.3,165.3,214.7,261.1,269.1
EQETAX_clean,1130.1,503.6,212.2,72.5,123.1,162.5,216.0,211.5
EQOCOC01_clean,2419.2,936.6,322.6,113.8,194.0,256.7,319.5,317.0
EQOXIT_clean,749.7,318.6,253.9,80.5,118.5,151.3,260.9,270.7
EQUBIC_clean,846.9,401.7,230.8,73.8,121.8,161.1,236.0,236.0
EQUBOI_clean,863.0,405.5,232.5,74.0,123.5,163.7,236.0,240.1
EQUBUO_clean,829.2,405.4,229.4,74.9,121.2,163.4,231.6,235.4
EQUNEL_clean,5481.2,1968.7,346.1,153.2,295.2,349.0,378.0,432.4
EQUNIP_clean,3413.5,1284.9,337.0,134.6,237.4,295.0,343.5,347.4
ERAHOV_clean,520.0,180.3,152.9,43.8,61.8,80.1,145.8,159.3
ERALEQ_clean,4537.0,2324.4,375.9,181.7,320.8,350.6,385.9,630.2
ERALIU_clean,4072.6,1693.1,323.9,135.0,260.9,292.9,318.4,393.4
ERALUG_clean,866.0,337.1,292.2,88.6,128.5,156.7,244.0,248.1
ERAMAN_clean,1885.1,659.0,272.0,89.4,154.8,195.3,266.6,259.6
ERAMER_clean,1095.0,370.3,251.9,75.5,116.1,149.8,231.4,241.0
ERAMUH_clean,4169.5,2380.0,347.6,313.4,337.3,362.7,893.8,1237.3
ERANES_clean,1655.5,620.4,289.8,94.1,157.5,204.7,274.3,281.7
ERANOC_clean,,,,115.3,171.8,211.6,287.4,281.1
ERAQAR_clean,1492.4,654.7,181.1,67.4,122.6,156.4,189.5,192.3
EREFEN01_SL,3479.9,1769.1,382.2,190.0,339.3,435.8,440.7,490.9
EREGOY_clean,1218.1,440.6,238.6,79.0,124.5,161.3,246.9,247.5
ERELIX_clean,1277.5,616.3,307.2,106.8,167.4,219.1,297.6,304.0
ERIGER_clean,1428.5,598.7,556.7,180.7,230.2,294.3,497.2,521.7
ERIRIG_auto,243.7,212.7,268.6,81.6,92.2,98.7,151.7,181.1
ERIWAF_clean,1660.3,631.6,254.8,92.8,158.9,211.8,281.9,277.0
EROCIZ_clean,2382.2,1184.9,569.2,250.7,443.4,551.9,586.7,602.9
ERUFUS_clean,412.3,209.5,164.6,52.9,80.4,104.9,178.4,187.5
ERULEK_clean,2602.0,922.8,553.5,189.3,286.1,368.7,526.7,521.8
ERUNOW_clean,2547.7,984.6,575.8,194.9,303.4,367.8,503.8,480.2
ERUNUC_clean,9248.3,3343.8,1240.0,424.2,700.2,794.6,1018.9,1020.7
ESANET_clean,2058.7,761.7,442.5,155.2,238.8,300.2,474.1,486.3
ESARIB_clean,3436.2,2717.5,620.0,608.5,649.8,697.5,1616.7,2029.2
ESAROH_clean,1062.7,623.9,341.5,116.8,216.1,279.3,348.5,343.2
ESARUN_clean,1583.0,774.7,318.5,119.4,210.0,274.8,364.9,357.1
ESASAU_clean,2796.2,1685.6,578.8,239.9,439.3,574.6,653.5,648.2
ESASEY_clean,2599.4,1492.5,529.5,210.5,389.1,501.4,576.2,572.5
ESEBOV_clean,154.5,138.2,158.9,48.0,54.0,59.1,89.9,110.3
ESEDIQ_clean,1426.6,553.0,219.3,82.1,136.3,178.4,250.7,249.1
ESEHIV_clean,1165.8,643.7,268.7,105.2,191.0,251.8,310.7,334.3
ESEQUO_clean,547.0,244.0,190.9,61.6,89.9,118.5,204.8,212.2
ESEVIH_clean,853.5,390.9,206.3,69.2,112.4,152.6,219.6,221.7
ESIDOB_clean,1624.0,856.2,227.5,98.1,184.5,229.7,259.5,265.5
ESIFET_clean,1493.7,630.4,295.0,113.1,193.6,234.7,325.6,321.9
ESIGES01_clean,2221.0,1058.7,246.7,98.8,179.5,225.5,259.8,266.1
ESIGES02_clean,2683.2,1243.5,278.0,122.9,224.9,292.2,333.8,332.8
ESIGES_clean,2770.8,1283.3,270.8,119.7,226.1,284.0,316.5,334.6
ESURER01_clean,1318.3,586.8,241.9,88.5,153.5,205.7,277.3,271.3
ESURER02_clean,1303.0,596.2,241.4,88.5,153.2,207.9,274.0,271.0
ESURER03_clean,1305.3,605.7,241.3,88.6,155.8,205.6,271.4,282.1
ESURER04_clean,1404.3,621.7,242.5,90.6,154.8,203.5,276.4,278.3
ESURER_clean,1357.6,612.7,242.3,89.0,157.5,204.2,281.1,272.4
ESUSAO01_clean,741.2,340.6,190.8,64.0,107.0,145.1,211.4,214.6
ESUSAO_clean,750.7,345.5,184.7,65.7,105.2,144.7,211.0,211.1
ESUSIW_clean,1350.0,590.4,241.8,90.1,154.2,204.1,274.9,276.9
ESUSOC01_clean,839.6,354.1,183.4,63.3,107.0,139.5,206.0,207.8
ESUSOC02_clean,825.9,350.0,183.2,63.4,104.5,140.0,206.1,210.3
ESUSOC_clean,857.6,358.4,185.7,64.4,106.5,143.8,216.6,212.7
ESUTAP_clean,689.3,292.2,171.1,60.3,93.6,122.4,189.3,193.6
ESUTIX_clean,828.8,350.7,235.6,80.0,120.1,158.5,236.8,238.2
ESUVAR01_clean,720.4,356.6,191.9,67.7,114.2,155.0,217.7,218.5
ESUVAR_clean,746.0,361.8,188.0,68.2,110.2,145.7,212.7,218.9
ESUVOF_clean,1361.9,615.4,241.5,95.0,159.4,205.4,273.1,273.5
ETAXUT_clean,2388.4,954.8,813.0,220.1,320.3,394.1,520.0,517.6
ETECIR_clean,2935.4,1199.5,270.8,108.0,209.5,249.6,288.6,297.7
ETECOX_clean,2128.5,687.6,224.5,77.6,137.0,181.6,238.0,243.8
ETEJIX01_clean,612.6,228.4,144.9,48.1,73.8,97.5,160.0,167.7
ETEJIX_clean,649.1,239.5,149.4,49.6,76.8,101.1,167.3,176.4
ETEJOD01_clean,673.0,246.6,146.3,49.0,77.8,101.4,164.5,169.6
ETEJOD_clean,771.4,288.8,156.5,53.7,87.6,116.8,178.4,181.7
ETEJUJ_clean,697.8,262.8,156.6,52.9,82.3,109.7,176.8,182.7
ETEKAQ01_manual,562.3,222.7,169.7,55.9,78.9,102.5,184.2,192.2
ETEKAQ_clean,699.3,260.8,157.0,52.8,82.6,108.1,177.9,182.6
ETEKEU_clean,692.9,261.0,155.6,52.4,82.1,111.0,175.3,180.9
ETEPID_clean,14061.6,7810.8,1143.8,653.7,918.0,944.0,1528.9,2507.5
ETEQUQ_clean,719.0,270.6,213.1,65.1,94.8,125.7,217.0,229.2
ETESIG_clean,1384.4,754.6,306.6,120.3,208.4,276.2,343.6,340.4
ETEXEI01_clean,888.2,394.9,171.0,64.3,107.0,143.9,198.4,199.7
ETEXEI_clean,892.4,395.3,169.2,63.0,105.1,140.3,199.1,196.4
ETIPII_clean,2534.8,1453.2,303.9,152.8,287.4,324.8,340.5,437.3
ETIXAI_clean,2608.2,1495.1,477.8,193.4,376.1,454.6,499.8,516.9
ETIXIQ_clean,1227.1,509.8,296.8,102.3,162.3,208.5,302.6,296.7
ETIYEN_clean,3200.0,2060.6,367.4,199.0,374.7,420.5,435.1,636.4
ETUWEW_clean,623.5,228.5,148.2,49.5,73.9,98.0,168.6,175.2
ETUWIA_clean,738.1,275.0,147.0,51.9,82.2,108.4,166.7,172.8
ETUXEW_clean,818.9,411.7,156.5,55.3,100.4,131.5,166.8,164.9
EVADEK_clean,5938.6,3474.1,753.9,378.6,690.5,756.0,788.8,1108.6
EVADIO_clean,6762.0,4099.8,801.3,442.9,774.1,822.5,908.8,1420.9
EVADIQ_clean,1791.1,659.3,263.2,94.3,159.0,213.9,295.8,296.0
EVAKIV_clean,5617.8,2198.5,638.8,260.9,460.7,568.1,667.2,659.4
EVAKOB_charged,,,,112.9,182.4,241.5,348.2,347.5
EVEGIV_clean,3912.0,1792.8,796.2,303.7,500.0,665.3,798.1,778.8
EVEGOB_clean,392.4,195.4,154.6,50.4,72.8,94.1,159.4,173.9
EVEGUH_clean,402.8,192.2,155.6,50.6,73.1,94.8,159.8,171.3
EVIMUT_clean,924.6,366.7,258.1,88.8,125.4,166.3,283.7,287.2
EVOTIT_SL,4343.5,2083.3,1015.9,356.3,595.5,725.9,883.4,807.9
EVUDAA_clean,2852.6,1274.9,317.8,123.5,227.5,284.4,320.0,333.5
EVUPOC_clean,838.0,359.3,182.6,65.7,107.5,140.7,208.8,207.5
EVUQOC_clean,583.5,315.4,178.2,63.7,107.1,141.5,200.8,203.6
EVUQUI_clean,977.9,508.2,228.0,84.0,145.6,192.4,265.0,264.9
EVURAP_clean,1015.1,507.7,231.3,84.3,147.9,197.9,265.5,267.2
EWASIG01_clean,918.9,331.8,167.8,57.6,92.1,123.6,190.9,193.7
EWASIG_clean,936.7,339.6,165.3,57.8,92.5,123.4,188.5,195.0
EWECOY_clean,557.4,216.9,147.9,48.6,72.5,95.4,160.3,167.8
EWESAC_clean,920.5,569.1,369.4,125.1,209.2,256.5,329.1,321.2
EWETOR_clean,,,,363.5,435.9,519.0,699.6,717.8
EWETUW_clean,1900.5,1077.7,269.0,126.7,237.9,284.0,317.5,328.6
EWEWUZ_charged,,,,95.4,138.9,184.0,307.0,326.8
EWIPIL_clean,2060.8,936.3,210.5,91.3,172.1,215.2,247.4,255.3
EWUCOP_clean,1577.0,684.8,223.0,84.9,150.4,200.8,258.7,258.6
EWUGEK_clean,332.0,322.8,288.3,87.6,117.4,143.4,274.1,310.6
EWUKAK_clean,1678.3,620.8,244.3,83.5,140.9,184.4,238.8,248.6
EWUKEO_clean,1040.8,394.9,178.8,62.6,103.7,136.9,197.2,204.2
EWUKIS_clean,1045.8,413.6,183.3,65.1,108.3,147.4,201.7,203.2
EWUSOF_clean,411.5,239.9,228.2,69.7,86.7,103.1,186.5,221.0
EWUSUL_clean,395.0,229.9,218.5,70.3,83.2,102.4,180.1,215.2
EWUTEW_clean,1662.4,675.5,302.6,109.1,188.7,248.0,346.8,345.2
EXALAR_clean,781.1,317.6,262.6,83.5,116.2,155.3,266.2,301.8
EXALIZ_clean,1002.9,399.4,328.6,106.8,146.1,187.7,334.5,367.1
EXAPEA_clean,253.0,202.1,191.7,56.6,85.4,111.7,186.7,198.4
EXAXAE01_clean,564.6,229.0,156.6,49.6,78.5,103.5,159.9,164.7
EXAXAE_clean,590.4,239.5,164.4,50.7,79.9,105.8,164.3,165.3
EXEMUR_clean,377.1,277.6,252.8,80.0,102.6,125.9,227.5,260.6
EXENAX_clean,1058.2,438.2,226.6,82.0,131.1,175.1,272.4,281.6
EXEQAA_clean,2029.3,797.0,262.7,106.6,188.2,237.3,316.0,314.1
EXEQII_SL,1131.7,433.6,191.0,70.9,116.3,154.4,230.2,234.2
EXEWIO_clean,3870.9,2144.6,525.5,239.8,440.6,534.5,572.3,636.6
EXEXAH_clean,487.3,228.4,186.3,60.6,80.7,104.9,189.5,215.6
EXIDOF_clean,633.6,271.1,148.8,53.7,83.8,109.8,161.1,161.5
EXOFIH_clean,2243.5,1264.7,188.2,101.4,192.7,221.0,233.4,324.0
EXOTOB_clean,1844.9,640.5,501.0,166.3,235.2,303.8,494.3,534.8
EXOTUH_SL,1489.0,617.2,246.7,93.0,156.8,211.4,292.5,294.5
EXOZIB_clean,774.5,278.2,196.0,66.7,96.7,124.5,220.3,237.0
EXUHEM_clean,714.8,379.5,260.7,92.5,141.8,188.4,289.9,300.9
EXUHUC_clean,868.0,431.9,368.6,124.5,176.3,223.7,380.1,414.5
EYACOX_clean,1003.1,362.1,176.5,63.5,101.5,133.8,202.4,204.1
EYINOR_clean,1252.1,446.5,219.3,80.5,123.8,160.8,227.8,234.6
EYIYES_clean,1062.0,377.2,218.3,77.9,115.8,153.5,231.8,230.7
EYOCIG_clean,1058.4,378.8,216.5,78.8,116.7,148.2,230.4,233.4
EYOCOM_clean,1085.8,388.3,219.7,76.8,117.5,151.8,232.0,234.5
EYOCUS_clean,,,,235.5,399.6,462.8,512.9,517.9
EYULOA_clean,1301.2,769.1,293.0,119.9,221.0,281.5,329.6,332.2
EYUWAW_clean_h,1479.6,647.5,261.6,98.9,166.0,230.9,291.4,290.1
EZABEN_clean,821.3,355.4,169.5,63.4,103.4,136.2,201.2,202.6
EZEQEH_clean,1061.2,596.0,290.6,113.5,202.3,259.6,341.7,340.5
EZEQIL_clean,1219.7,646.8,289.2,113.3,197.9,259.0,334.1,343.5
EZEQOR_clean,1258.1,670.3,290.7,118.5,205.0,259.4,338.8,338.7
EZEQUX_clean,1272.4,706.9,287.0,114.0,202.3,262.7,351.5,341.2
EZESAF_clean,793.0,473.2,271.5,104.8,180.7,240.5,325.2,325.6
EZIMEG_clean,2938.4,1313.5,334.6,142.3,256.2,306.3,327.5,347.5
EZIMIK_clean,2736.6,1253.6,334.3,135.9,244.6,303.8,334.1,340.6
EZIPEK_clean,4306.3,1735.3,373.4,170.1,320.7,382.2,419.1,445.4
EZITUE_clean,3211.7,1746.3,656.0,265.5,493.8,624.0,763.0,736.4
EZIVAM_clean,1159.8,632.8,396.8,142.6,255.9,325.0,462.6,466.7
EZOBUR01_clean,9620.4,6191.5,1288.3,683.7,1080.1,1109.1,1370.1,2299.0
EZOBUR02_clean,689.4,364.1,331.8,108.3,156.1,195.1,326.0,346.8
EZOBUR_clean,672.8,347.7,308.7,105.8,147.2,186.2,308.8,328.0
EZOFEF_clean,1517.7,679.1,254.3,103.7,182.7,236.6,294.0,290.3
EZOFUV_clean,735.3,257.4,145.1,47.0,74.8,95.9,149.1,152.1
EZUCIM_clean,1245.8,557.9,196.0,78.5,135.3,182.0,236.9,237.4
EZULAO_clean,487.0,240.1,160.7,54.1,87.3,117.0,182.1,185.5
FABCUI_clean,2160.0,927.1,614.9,220.8,339.4,409.0,588.4,593.1
FABGUM_clean,683.9,270.0,185.2,63.3,93.4,124.4,209.9,219.3
FAFDEX_clean,873.4,445.2,235.8,91.1,149.5,193.7,284.4,285.6
FAFMAC_clean,474.8,281.5,231.5,75.7,100.0,124.7,229.8,265.6
FAFQEJ01_clean,493.2,226.2,186.2,60.9,84.4,102.2,184.1,209.9
FAGMAE_clean,4285.3,1851.7,652.5,264.1,412.9,545.1,660.4,698.5
FAGMEI_clean,5076.1,2331.3,631.7,257.3,482.6,571.7,696.5,669.2
FAGMOS_clean,5193.0,2531.3,653.7,278.7,503.4,619.9,672.2,687.8
FAGQAI_clean,797.9,279.2,227.2,75.6,106.4,134.9,225.2,246.6
FAGREM_clean,825.4,312.3,177.9,63.1,97.9,129.1,202.6,206.5
FAGXIX_clean,3498.8,2101.2,360.9,211.0,379.1,414.9,440.1,636.6
FAHGAY_clean,1205.0,476.3,200.4,73.7,126.2,166.7,238.0,235.9
FAHPOV_clean,1817.1,601.3,246.6,91.6,152.3,207.5,280.7,279.8
FAHQIQ_clean,7159.0,3076.2,1106.0,429.2,665.9,764.6,851.7,887.2
FAHQIR_clean,2908.6,1678.2,500.9,225.0,424.6,514.9,587.5,585.5
FAJYAS_clean,1887.1,663.3,396.6,139.9,208.9,270.1,421.8,419.8
FAJZOI_clean,2960.1,1793.8,444.2,207.4,388.5,451.2,463.8,580.1
FAKHIK_clean,4178.6,2038.5,467.1,200.1,363.0,436.9,490.4,515.5
FAKLIO_clean,689.3,241.8,160.3,54.4,80.5,107.1,183.9,191.1
FAKLOU_clean,670.5,243.4,159.7,52.9,79.4,104.9,178.6,186.2
FAKLUA_clean,742.0,271.9,149.4,52.5,81.4,107.9,176.4,181.9
FAKMAH_clean,1303.5,461.9,216.6,79.3,127.2,171.8,255.8,262.3
FAKNIR_clean,420.8,178.7,136.9,46.5,65.3,83.9,150.6,162.8
FALBAX_manual,8545.1,2842.6,2324.4,780.5,994.2,1265.1,1467.9,1509.3
FALDAA_clean,777.8,318.2,230.4,79.1,117.2,150.7,243.6,254.5
FALLOT_clean,256.0,123.8,92.8,32.4,44.7,58.3,103.3,112.8
FALPOY_clean,1793.8,1111.7,165.7,99.3,178.1,197.7,212.4,341.6
FALRIV01_clean,2255.4,1047.4,363.6,139.0,258.1,323.3,394.2,398.5
FALRIV_clean,2388.5,1137.1,404.9,145.5,264.7,347.0,421.7,410.7
FALROB_clean,2285.4,1019.2,379.4,137.1,251.8,323.5,399.1,406.4
FALSAO_clean,2405.0,1076.5,364.3,143.6,258.6,343.5,426.4,411.9
FALVOF_clean,1105.7,397.6,259.8,92.2,133.8,175.1,294.2,301.7
FAMPUH_clean,730.5,265.1,160.7,56.6,82.7,108.5,163.9,166.2
FAMQAO_clean,725.3,254.5,160.3,59.1,82.2,106.9,166.9,168.6
FAMQES_clean,730.6,263.0,159.6,55.3,82.8,105.7,164.3,165.6
FANCIJ_clean,1013.4,407.2,220.7,79.0,128.0,168.0,267.0,265.1
FANCOP_clean,1133.1,474.6,227.0,85.6,141.0,188.1,280.1,275.3
FANDEG_clean,1136.5,486.3,241.2,90.3,147.1,196.0,288.8,290.6
FANQER_clean,285.3,217.3,179.0,57.0,68.5,83.2,154.6,188.0
FAPXEC_clean,740.6,290.9,136.8,50.1,81.6,107.5,161.9,165.7
FAPXIG_clean,715.6,281.7,127.3,47.4,76.4,102.6,154.0,153.9
FAPXOM_clean,747.9,291.3,130.3,47.8,78.2,107.1,155.4,159.9
FAQGEL_clean,1143.0,581.9,244.8,93.8,160.9,216.1,285.9,280.4
FAQGIP_clean,1103.7,540.3,239.7,91.3,157.9,206.1,284.3,281.5
FAQLUH_clean,744.6,290.0,136.1,49.3,82.0,108.8,161.7,164.1
FARBIL_clean,1036.8,462.1,205.0,75.9,127.1,173.5,237.3,240.5
FARFIO_clean,369.9,192.6,170.3,55.8,70.8,87.6,158.9,178.7
FARFOU_clean,392.2,193.4,171.1,55.6,71.2,88.4,161.5,184.6
FARFUA_clean,380.6,199.1,176.6,56.0,72.0,89.8,162.3,186.5
FARHIR_ion_b,1312.8,714.2,256.4,102.7,194.9,242.0,300.9,295.3
FARHOX_ion_b,3834.8,1919.2,423.9,193.6,362.0,439.4,507.0,517.9
FASGIS_clean,1345.4,714.4,319.0,127.1,229.2,292.4,359.2,372.2
FASHAK_clean,595.8,249.9,182.5,62.5,90.2,115.7,207.0,224.9
FASHOX_clean,578.9,223.2,120.2,43.1,67.6,90.6,143.4,146.9
FASVIH_clean,754.4,275.9,164.4,58.4,87.2,115.8,190.4,197.8
FASYUU_charged,,,,195.9,340.2,433.1,568.9,557.0
FATKAO_clean,941.2,393.8,274.7,97.0,142.9,188.2,311.7,323.6
FATKES_clean,917.0,390.4,271.5,94.6,138.5,184.3,314.6,322.9
FATKIV_clean,1626.0,703.1,683.2,236.6,302.5,396.5,619.8,598.8
FATKIW_clean,942.9,405.0,274.6,94.8,146.5,194.7,311.5,324.1
FATKOC_clean,929.1,393.6,275.2,95.0,143.5,186.6,312.9,324.1
FATKUI_clean,931.5,381.7,272.0,93.5,138.7,184.3,310.4,321.7
FATLUJ_clean,1250.9,537.8,354.7,123.6,193.0,260.8,402.2,422.3
FATQID_clean,253.9,171.5,215.9,66.1,74.6,83.8,133.0,154.8
FATVOM_clean,948.0,503.2,250.7,98.1,168.7,219.2,298.9,301.9
FAVDAK_clean,1295.0,653.0,421.8,154.0,240.9,295.2,337.6,331.6
FAVDEO_clean,886.6,399.0,321.1,107.1,170.0,212.0,280.1,291.2
FAVDIS_clean,806.1,382.2,333.6,113.4,165.8,207.3,305.6,308.9
FAVFOA_clean,,,,710.7,1060.8,1062.7,1335.7,2353.9
FAVFUG_clean,3992.9,1637.5,889.2,329.7,460.7,600.3,727.2,724.7
FAVGAN_clean,1651.9,689.9,352.6,125.2,213.7,281.0,400.9,405.4
FAVGER_clean,1551.3,647.4,352.1,130.8,208.4,278.8,412.0,429.9
FAVGIV_clean,978.0,459.5,311.1,108.6,166.5,216.4,362.2,373.9
FAVGOB_clean,975.3,451.6,318.1,110.9,172.3,222.0,365.6,371.1
FAVGUH_clean,980.3,441.4,317.5,110.0,167.0,224.8,370.6,372.5
FAVHAO_clean,1012.3,463.5,314.3,112.3,171.8,224.6,365.8,379.4
FAVHES_clean,949.8,443.2,312.9,110.1,168.2,218.6,358.1,369.6
FAVHIW_clean,1032.4,477.7,315.1,112.1,173.8,227.8,363.0,371.8
FAVKAP_clean,356.4,135.9,94.7,32.5,47.6,62.0,109.1,114.7
FAWCEN02_SL,670.7,288.2,228.7,75.4,104.6,133.0,243.4,265.4
FAYLIC_clean,784.9,363.4,131.8,45.2,84.6,110.3,137.6,133.4
FAYPAY_clean,1671.5,576.9,371.0,131.5,187.6,246.2,392.3,380.2
FAYPEC_clean,2022.7,743.2,483.1,175.3,264.8,304.5,490.3,481.9
FAYPIG_clean,1335.1,471.6,287.9,101.1,161.5,205.1,316.9,323.6
FAYPOM_clean,1388.9,516.1,323.5,112.0,171.2,220.1,345.5,354.9
FAYQAZ_clean,1600.3,580.7,439.4,151.8,215.2,278.9,426.5,441.4
FAYQED_clean,2621.0,981.9,382.8,141.4,243.8,320.5,429.5,432.0
FAYQUT_clean,8038.4,3048.9,796.3,348.1,568.2,717.6,844.0,837.3
FAZFET_clean,6490.0,2554.8,950.3,378.1,641.2,825.8,1007.7,1023.2
FAZPED_clean,1123.5,497.5,346.0,127.8,181.4,239.7,398.7,403.8
FAZRAA_charged,,,,97.3,177.5,232.1,279.1,277.9
FAZZEM_clean,653.3,319.0,254.2,84.1,119.0,148.4,272.2,297.6
FEBPUY_clean,1400.5,685.6,226.7,93.5,166.6,214.6,273.4,268.2
FEBXIV_clean,710.9,239.2,189.5,61.6,87.9,110.5,189.4,201.3
FECCIZ_clean,1056.5,869.0,106.6,102.6,131.6,133.7,305.1,467.8
FECFAV_clean,540.8,446.8,395.7,119.9,146.8,174.9,328.6,393.2
FECJUT_clean,3176.3,1292.7,751.7,241.9,329.2,437.6,524.9,555.5
FECKAA_clean,1682.0,821.3,312.9,125.6,222.0,284.4,376.0,368.2
FECXAO_clean,1723.8,727.8,252.1,99.6,177.1,227.6,288.2,291.7
FECXES_clean,3544.0,1398.0,314.0,138.6,261.4,320.7,361.5,366.2
FECXUI_clean,1782.3,708.6,354.6,129.7,207.0,261.9,362.0,367.9
FECYOD_clean,,,,276.0,474.3,523.2,558.3,789.0
FECYUJ_clean,1587.0,618.7,269.6,100.2,166.6,217.9,309.3,303.6
FECZAQ_manual,893.5,323.0,187.2,65.4,101.5,132.8,209.6,213.8
FEDBEX_clean,557.9,249.8,189.0,64.2,90.1,116.2,208.8,227.0
FEDJUU_charged,,,,98.2,122.3,154.2,273.4,325.6
FEFCUQ_clean,344.3,158.1,123.5,41.1,56.3,71.3,130.4,147.0
FEFDAX_clean,354.9,162.6,130.1,44.2,58.2,72.7,135.2,150.3
FEFDEB_manual,253.2,136.3,110.8,37.8,45.7,56.0,106.1,123.9
FEFZOF_clean,297.7,128.0,88.0,30.2,45.4,59.7,101.3,106.2
FEGNIQ_clean,2286.0,950.4,397.4,150.1,254.5,332.6,459.4,457.3
FEHCIG_manual,1375.3,503.2,263.1,94.6,149.5,200.1,310.3,324.7
FEJDII01_clean,874.6,435.6,171.3,64.6,113.1,149.5,194.1,195.4
FEJDII_clean,1529.8,748.2,201.1,87.9,166.7,212.9,249.4,255.6
FENROG_clean,480.2,214.9,164.7,55.4,75.8,99.8,176.7,195.7
FENVOL_charged,,,,84.2,144.9,190.9,253.0,255.3
FEQSIF_clean,1020.1,395.9,164.3,62.7,105.4,138.0,195.4,193.0
FERHAN_clean,642.4,258.4,174.2,62.7,95.6,126.3,195.4,199.1
FERVEF_clean,2591.2,1140.7,385.0,154.0,263.1,342.3,448.0,443.8
FERVIJ_clean,758.7,326.0,198.1,70.4,111.9,144.2,231.4,238.6
FERVUV_clean,2809.2,1206.7,388.3,155.8,275.1,351.6,446.2,444.7
FERWAC_clean,828.3,371.5,196.3,72.6,115.3,152.5,233.8,237.6
FESTUT_clean,1457.7,826.2,204.9,98.2,187.7,234.2,252.1,271.8
FEVNEA_charged,,,,150.8,255.6,337.8,440.7,432.3
FEVNIE_charged,,,,139.2,224.5,296.5,410.9,410.4
FEVNOL_clean,12755.6,10937.1,486.1,546.8,729.0,1420.9,5059.9,7143.3
FEVSAC_clean,718.8,320.0,257.7,89.4,122.4,157.0,276.1,296.5
FEVVIM_charged,,,,132.7,211.3,276.2,430.8,424.1
FEWGUL_clean,2302.8,1323.6,410.1,180.3,350.1,434.0,496.3,494.4
FEWQIJ_manual,3873.3,1746.6,527.9,216.5,378.0,478.1,566.3,581.0
FEWQOP_clean,1402.1,630.4,271.0,102.2,175.7,231.7,321.2,324.4
FEWWEL_clean,7543.6,3584.6,535.4,266.7,484.3,504.4,577.4,920.5
FEWWIP_clean,9009.2,4465.3,526.7,303.8,529.6,534.6,672.4,1253.4
FEWWOV_clean,2035.5,927.1,292.2,120.0,210.5,270.3,338.0,339.1
FEWWUB_clean,9742.8,4576.2,909.7,421.9,760.6,886.7,937.0,1122.6
FEWXEM_clean,2335.8,748.3,823.3,266.6,326.6,362.1,526.9,624.3
FEWXIQ_clean,2086.1,727.6,822.7,253.6,310.3,364.8,520.8,591.7
FEXCES_clean,2035.6,926.4,268.6,112.8,205.6,267.5,315.9,315.7
FEYDET_clean,800.1,511.0,187.7,83.0,157.1,197.0,228.8,232.8
FEYJID_clean,954.4,402.9,493.1,147.1,179.2,218.9,343.6,355.2
FEYJOJ_clean,886.7,318.4,156.7,56.7,90.9,120.0,186.4,187.7
FEYQIK_clean,564.1,258.9,187.9,63.8,93.8,122.8,214.2,225.0
FEYQUW_clean,1396.6,486.0,278.4,88.7,146.1,192.2,286.9,283.5
FEYZUF_clean,2365.5,982.4,391.1,139.2,238.3,306.1,382.8,401.4
FEZCIX_clean,730.0,266.0,215.5,69.9,95.6,121.1,221.0,245.4
FEZCOD_charged,,,,137.0,167.5,195.8,346.9,430.2
FEZCUJ_charged,,,,132.9,156.7,184.0,336.7,411.2
FEZQEI_clean,1024.3,483.2,407.2,136.3,191.0,249.7,434.8,452.4
FEZREJ_clean,1282.5,505.9,169.6,66.0,116.1,150.5,203.8,199.6
FEZTIP_clean,509.6,230.5,141.6,51.3,79.3,105.4,166.0,172.3
FIBHIJ_clean,644.3,336.8,262.6,89.3,133.1,170.8,294.8,316.3
FIBKEI_clean,1268.2,443.9,227.7,82.2,127.1,164.4,241.2,235.0
FIDMIP_clean,1982.7,914.0,417.3,149.3,248.9,332.5,462.7,456.7
FIDRIV_clean,740.5,282.7,231.4,75.8,105.2,132.9,237.9,255.4
FIFGAE_clean,948.9,315.6,147.1,53.3,85.9,113.4,172.9,174.6
FIFGEI_clean,568.6,190.7,136.2,46.0,66.2,84.7,148.1,158.3
FIFGIM_clean,1167.3,405.9,202.2,72.6,115.9,150.2,228.9,234.2
FIFMIS01_clean,2507.5,1325.8,426.8,173.4,320.7,399.3,472.2,481.1
FIFMIS_clean,2435.7,1305.2,414.6,175.2,313.8,416.1,476.1,471.7
FIFMOX_clean,2557.9,921.6,415.1,155.4,267.7,324.2,421.8,436.2
FIFMOY_clean,2392.1,1309.3,406.6,172.3,316.9,397.5,482.0,478.1
FIFMUD_clean,2341.0,914.5,410.2,161.6,240.5,319.4,426.9,431.1
FIFNUE01_clean,489.7,219.6,174.6,57.4,79.2,101.1,185.8,206.4
FIFNUE_clean,513.6,226.6,174.8,58.9,80.3,104.2,188.5,209.3
FIFPAM01_clean,509.9,229.8,176.8,59.2,81.0,104.1,190.5,211.6
FIFPAM_clean,430.9,221.3,179.5,57.0,76.1,98.0,179.9,207.5
FIHFAF_clean,2240.2,1006.4,310.4,123.7,231.1,296.1,377.6,377.0
FIHHOV_clean,360.1,218.2,233.8,70.0,93.4,118.1,197.1,210.0
FIHHUB_SL,2266.7,780.8,376.9,129.4,211.4,270.4,410.2,398.0
FIHRIZ_clean,796.6,345.0,191.0,68.5,109.5,145.2,226.6,228.6
FIJCUX01_clean,968.9,377.2,209.4,75.3,117.6,154.9,237.4,240.5
FIJCUX_clean,,,,74.0,118.3,153.7,238.4,241.7
FIJDIM01_clean,1532.6,739.4,264.2,106.4,194.6,250.7,326.1,316.8
FIJDIM02_clean,1557.3,744.5,263.7,106.4,190.0,246.5,321.0,321.1
FIJDIM03_clean,1568.5,744.7,267.8,106.8,191.6,249.3,317.3,329.3
FIJDIM04_clean,1578.2,740.5,269.7,108.1,187.5,247.8,319.3,317.8
FIJDIM05_clean,1563.7,732.6,263.5,104.6,186.7,245.6,316.5,316.0
FIJDIM06_clean,1580.4,741.7,263.7,106.8,190.3,245.7,318.4,318.5
FIJDIM07_clean,1594.1,741.3,262.4,106.9,188.5,246.7,318.9,318.1
FIJDIM08_clean,1588.3,742.8,267.3,105.2,187.0,249.4,319.8,317.4
FIJDIM09_clean,1591.6,737.1,262.9,105.5,187.6,246.2,318.1,321.6
FIJDIM10_clean,1463.7,684.6,281.9,109.5,184.3,239.4,317.0,321.7
FIJDIM11_clean,1503.5,709.7,263.4,104.7,188.4,242.3,328.3,318.4
FIJDIM12_clean,1535.3,743.7,283.2,108.0,186.7,248.1,315.6,320.6
FIJDIM_clean,1533.0,728.8,264.0,106.2,187.7,246.9,326.7,321.0
FIJDOS_clean,817.5,282.9,160.1,55.4,86.7,113.5,184.1,188.7
FIJDUY_clean,465.8,185.8,138.6,45.1,64.8,85.0,149.8,157.2
FIJFEK_manual,529.3,223.1,127.3,45.7,72.8,96.2,151.7,155.9
FIJFIO_clean,1032.4,508.5,247.2,86.3,146.7,197.7,274.0,271.7
FIJFOU_clean,1009.7,420.6,262.9,90.4,147.1,195.9,295.5,306.4
FIJFUA_clean,1095.9,462.9,233.8,86.6,139.1,190.1,286.4,285.2
FIJXUR_clean,777.1,448.3,404.8,129.6,166.2,213.6,373.1,422.0
FIJYED_clean,2579.9,2169.2,236.3,264.3,290.5,321.9,973.7,1326.5
FIJZEE_clean,3108.7,1999.8,235.5,161.8,281.0,285.0,360.0,677.7
FILYEG_clean,952.6,352.5,250.2,84.7,125.5,160.1,272.6,276.5
FIMNIA_clean,1111.2,411.2,310.6,102.9,152.1,190.8,339.7,366.0
FIMXUW_clean,662.6,344.5,267.2,91.5,133.3,170.3,294.4,321.8
FIMZAE_clean,7765.8,2964.8,789.9,313.5,567.1,718.6,805.8,789.4
FINQOK_clean,1104.3,411.3,293.2,99.3,143.9,186.8,326.8,349.2
FINQUQ_clean,1078.0,405.2,299.5,101.8,145.6,188.5,341.8,350.1
FIPJAR_clean,575.7,275.1,175.8,62.5,98.6,133.1,208.2,213.4
FIPJEV_clean,2164.8,1176.4,288.4,141.0,267.2,316.0,332.5,380.6
FIPKOG01_clean,730.5,306.1,172.0,62.5,97.3,129.8,202.6,207.2
FIPKOG_clean,713.9,297.8,168.5,60.8,95.7,127.5,199.7,205.1
FIPKUM_clean,685.6,290.8,162.8,58.6,95.3,123.7,191.4,197.3
FIPWOS_clean,1167.4,718.8,256.5,110.3,203.7,259.2,317.5,312.0
FIPWUY_clean,,,,172.3,322.8,382.7,399.2,481.1
FIPXAF_clean,2096.0,1311.7,305.3,154.2,301.5,352.3,376.0,423.8
FIPXEJ_clean,953.1,468.6,274.1,100.1,161.0,215.6,322.4,323.7
FIQCEN_clean,,,,53.6,81.7,109.3,172.4,177.0
FIQKIB_clean,2309.7,931.9,429.3,151.4,247.8,334.9,413.4,432.2
FIQYOU_clean,585.8,307.6,199.6,72.2,113.5,152.2,234.2,238.5
FIQYUA_clean,450.4,252.8,201.2,67.9,94.8,122.8,220.4,238.2
FIQZAH_clean,571.7,315.4,180.6,67.2,111.6,147.4,215.9,218.7
FIRMUQ_clean,1228.7,434.7,219.6,78.8,125.8,167.3,254.3,266.3
FIRNAX01_clean,1150.8,394.4,222.9,78.3,121.6,162.9,258.8,263.8
FIRNAX_clean,1109.5,390.6,235.8,79.4,120.4,160.3,257.5,266.3
FIRNIF_clean,1145.0,398.4,222.9,78.0,121.1,160.9,256.2,263.6
FIRNOL_clean,1522.1,552.4,238.1,92.0,144.5,190.6,281.3,288.7
FIRNUR_clean,1357.0,481.0,238.0,85.6,135.3,179.8,274.4,284.1
FIRPAZ_clean,1090.1,382.6,223.6,77.5,122.0,154.7,257.4,263.8
FIRZOX_clean,658.1,380.5,322.6,103.3,131.7,161.4,306.4,353.6
FISGOF_clean,561.5,192.8,155.1,50.2,69.2,88.7,159.6,177.4
FISXEM_clean,2936.4,1193.8,326.6,138.2,240.6,313.4,365.1,366.9
FITGEW_clean,1328.2,724.6,868.5,294.5,354.5,417.7,599.4,643.8
FITHIA_clean,2493.9,1011.6,406.1,168.0,266.1,358.4,500.6,494.0
FIVNAZ_clean,192.7,140.8,108.7,34.9,43.0,52.4,98.2,121.6
FIVQOR_clean,2450.5,1908.7,192.0,176.7,237.4,243.3,525.1,870.0
FIVYEP01_clean,479.9,227.5,172.8,57.9,86.2,110.3,193.7,205.1
FIVYEP_clean,486.3,229.3,179.9,59.0,87.6,111.1,194.2,206.6
FIVYUF_clean,1563.7,817.5,425.1,161.0,264.2,353.5,500.7,520.1
FIWKUT_clean,2923.9,1130.2,650.4,188.5,273.2,329.4,448.7,406.1
FIXVUE_clean,386.7,334.4,455.8,134.7,169.4,157.6,226.1,280.0
FIYDOH_clean,475.6,304.0,250.3,85.0,118.2,153.6,272.1,293.4
FIZPOV_clean,1768.8,682.8,204.9,83.2,143.2,191.9,239.6,238.9
FOBNAN_clean,1117.8,413.8,277.9,96.4,145.4,184.0,293.0,294.0
FOCZAA_clean,694.9,413.1,198.4,80.4,144.6,191.2,244.4,247.9
FOCZEE_clean,695.1,437.9,364.5,132.9,206.7,292.1,401.3,406.2
FOFCIO_clean,610.8,397.7,327.3,114.4,188.9,255.0,368.7,365.5
FOFCOU_clean,681.9,410.9,205.8,84.7,144.3,188.5,246.3,239.1
FOFHAK_clean,2189.7,1460.0,193.1,127.2,222.4,238.8,276.9,485.4
FOFHEO_clean,1923.5,1087.5,235.2,116.7,218.6,255.8,272.6,319.8
FOFTIF_clean,844.2,381.5,186.5,70.9,116.0,153.5,222.4,219.1
FOFTOL_clean,1007.7,437.9,225.7,79.4,132.8,172.7,248.7,248.9
FOFTUR_clean,843.5,367.9,195.9,70.7,120.6,152.8,222.3,224.4
FOHCIP_clean,304.0,130.0,87.0,30.5,45.2,59.5,100.3,105.3
FOHQUO_clean,218.5,203.7,162.6,51.2,62.0,73.0,133.1,169.4
FOJKIA_clean,1400.5,679.4,227.6,91.6,169.4,219.8,270.6,268.9
FOJLOH_clean,1082.5,442.2,316.0,104.1,152.9,202.2,297.6,311.4
FOKWIN_clean,446.9,244.3,198.0,70.3,96.8,125.3,217.8,233.5
FOKYEL_clean,2689.4,1218.5,338.5,147.8,267.1,336.7,393.5,394.4
FOKYIP_clean,4836.9,2101.4,376.5,177.9,332.6,413.0,443.6,496.2
FOLLEZ_clean,1369.8,849.7,200.3,97.7,190.4,222.0,241.8,264.7
FOMWOV_clean,2319.8,873.4,389.1,148.5,230.4,299.3,396.4,425.5
FONKEA_clean,630.8,331.7,236.2,84.7,130.0,173.6,274.3,278.5
FONPUV_clean,2762.9,1340.6,458.1,186.0,328.2,435.6,530.5,529.5
FONQIJ_clean,833.1,381.4,207.0,78.0,123.6,163.3,251.2,246.1
FOPBAP_clean,612.4,340.9,303.0,102.7,145.2,180.7,310.8,321.3
FOPFAS_clean,23072.8,8076.2,4088.6,1376.2,1899.0,2141.1,2544.2,2589.2
FOPTOU_clean,1807.5,765.5,813.7,267.8,342.5,414.5,640.3,681.0
FOQNIK_clean,811.8,362.9,219.8,76.8,129.9,166.4,237.6,236.5
FOQNOQ01_clean,638.2,304.2,206.0,70.8,114.3,149.4,220.0,222.3
FOQNOQ02_clean,625.8,311.6,207.0,70.3,114.6,150.3,220.7,222.9
FOQNOQ_clean,528.3,252.6,199.1,66.1,99.3,132.0,211.2,215.4
FOQNUW01_clean,659.2,295.3,206.9,70.4,111.6,146.3,221.7,222.9
FOQNUW02_clean,602.0,291.6,206.2,69.8,113.2,142.9,216.9,221.4
FOQNUW_clean,614.7,292.2,202.9,69.7,110.9,145.7,217.5,230.2
FOQPAE01_clean,734.5,359.9,212.4,75.5,125.2,168.1,229.7,229.7
FOQPAE02_clean,811.6,359.0,212.1,75.4,124.9,165.5,228.7,228.8
FOQPAE_clean,481.8,231.7,183.2,64.0,93.7,121.8,201.1,211.1
FORKUU_clean,639.7,234.9,114.2,41.2,67.1,88.9,134.7,140.7
FORPIM_clean,266.0,158.1,134.9,42.8,53.8,64.9,121.4,142.9
FORPOS_clean,260.8,153.4,132.6,42.4,52.7,64.2,119.4,141.4
FORPUY_clean,312.7,176.3,154.8,49.5,62.5,75.6,137.3,162.9
FORQAF_clean,271.5,164.8,142.8,45.3,56.3,68.7,125.0,150.4
FORQEJ_clean,263.4,154.5,131.9,44.1,53.6,63.9,117.7,139.0
FORQIN_clean,255.3,152.5,131.1,42.0,52.9,63.5,117.8,137.1
FORTIR_clean,3993.8,1553.5,691.6,264.2,421.0,542.7,726.5,725.9
FORTUD_clean,1266.8,771.2,1074.2,343.7,374.8,449.6,688.5,731.5
FORWAL_clean,840.6,343.3,260.2,85.3,125.8,164.3,271.3,278.9
FORXAM_clean,17192.7,7126.1,3308.5,1094.0,1564.2,1879.9,2025.5,2041.9
FOSTOY_clean,10203.5,3840.9,1933.0,661.4,937.9,1106.7,1300.3,1258.1
FOSTUE_clean,6985.8,2493.8,1912.7,648.0,834.9,976.6,1266.2,1281.4
FOTNIN_clean,159.0,121.9,123.1,37.7,44.7,51.3,88.2,105.4
FOVPEN_clean,881.8,496.2,590.6,193.7,247.1,278.7,453.4,513.1
FOVPOX_clean,1107.7,493.2,292.7,108.3,164.6,223.1,328.5,330.2
FOVPUD_clean,1107.6,477.7,281.9,102.6,162.5,218.8,322.9,332.8
FOWTOC_clean,1203.7,563.5,330.1,118.6,183.6,244.5,365.8,369.7
FOXHUX_clean,1164.4,543.1,327.9,118.7,183.6,244.5,362.1,365.2
FOXNIQ_clean,534.9,314.3,262.8,88.3,126.0,158.0,279.8,306.3
FUBDAI_clean,3750.0,1373.3,386.8,165.0,264.9,338.1,407.6,411.4
FUBDEM_clean,1167.3,429.3,277.8,97.1,140.0,173.3,255.0,260.6
FUBDIQ_clean,3918.1,1370.7,401.7,166.3,282.3,353.5,443.8,431.5
FUBNOH_clean,727.8,506.7,209.1,91.9,170.9,220.3,256.1,253.7
FUDGES_clean,889.9,306.1,158.8,56.7,89.4,121.3,189.1,190.8
FUDHAP_clean,677.2,239.3,136.0,46.3,71.1,93.9,149.8,154.3
FUDHET_clean,1698.5,628.8,222.4,85.3,147.9,193.1,262.8,257.5
FUDQIF_clean,,,,63.2,116.9,148.7,157.9,167.6
FUHJOJ_clean,2122.5,970.7,421.0,153.9,262.6,351.4,462.2,455.8
FUHMOM_clean,1667.6,835.0,220.4,96.8,183.5,228.4,271.5,268.9
FUHNED_clean,1744.7,806.0,212.9,92.4,170.1,222.7,257.7,261.2
FUHNIH_clean,1288.0,599.7,215.8,86.6,149.9,195.1,249.3,255.6
FULQOT_clean,1016.1,533.2,205.9,85.3,145.9,191.4,252.3,242.8
FULQUZ_clean,954.3,442.5,173.1,69.9,120.7,154.0,206.0,205.9
FUMHOL_clean,185.2,172.7,138.9,43.9,50.5,59.2,107.2,137.4
FUMJAA_clean,1409.6,516.5,183.8,69.3,125.3,162.6,225.8,221.4
FUNBAS_clean,680.4,326.8,205.7,75.3,115.5,151.0,238.2,243.2
FUNCAT_clean,674.0,282.5,177.3,63.2,98.7,128.9,203.3,209.7
FUNCEX_clean,332.6,146.1,114.6,38.2,52.7,66.2,120.9,137.0
FUNFOL_clean,491.7,214.7,162.7,54.4,76.8,102.1,177.0,191.9
FUNGAY_clean,1194.8,516.0,353.8,130.7,189.9,244.9,385.0,400.3
FUNLAD_clean,2384.2,1190.3,362.9,155.2,279.2,348.8,420.3,422.5
FUQJUX_clean,2267.2,711.4,357.8,127.9,199.8,262.4,400.7,400.5
FURFIJ01_clean,480.2,275.0,206.7,73.2,109.4,144.7,237.2,245.7
FURFIJ_clean,466.1,271.3,204.3,72.3,112.6,148.4,238.6,243.2
FURFOP_clean,1063.2,580.8,245.3,99.8,180.9,234.8,295.3,298.1
FURQOZ01_ion_b,439.6,357.4,332.3,103.6,124.3,140.9,258.3,321.0
FURQUF_ion_b,438.7,350.5,325.1,101.7,122.4,146.2,248.9,311.7
FURRAM_clean,310.2,221.7,205.4,64.7,79.1,91.0,164.1,199.7
FURREQ_clean,322.4,222.8,204.8,65.0,79.0,92.4,170.1,199.3
FURRIU_clean,339.5,224.3,208.1,65.8,80.5,96.6,173.2,204.3
FURROA_clean,347.1,227.3,207.8,65.7,79.0,96.0,174.7,204.0
FURRUG01_ion_b,367.9,369.9,358.1,109.4,120.1,128.9,205.0,267.2
FURRUG_ion_b,404.0,385.4,357.8,111.4,129.5,148.2,263.4,319.7
FURSES_clean,811.8,381.9,190.7,71.4,116.5,159.0,236.7,235.8
FUSGOR_clean,851.5,374.9,187.4,71.5,114.1,151.1,229.8,230.1
FUSMEM_clean,313.9,223.4,206.3,65.1,78.5,91.5,163.7,200.5
FUSMIQ_clean,306.7,224.5,204.9,64.6,81.6,93.6,165.7,199.3
FUSMOW_clean,315.7,223.0,204.1,64.6,78.9,93.8,166.1,203.2
FUSMUC_clean,317.1,225.6,206.8,64.2,78.9,92.5,164.7,200.0
FUSNAJ_clean,350.3,225.2,207.8,65.7,82.0,96.5,176.2,209.4
FUSNEN_clean,346.5,224.2,206.4,66.0,80.1,95.4,174.7,207.1
FUSNIR_clean,320.4,222.9,208.1,65.5,81.2,94.3,170.5,206.0
FUSQUH_clean,2206.4,1104.8,785.8,285.8,397.2,518.1,671.7,667.7
FUSWIA_clean,,,,45.2,69.0,88.1,152.6,156.3
FUTCAZ_clean,248.7,115.3,91.8,30.2,39.6,50.5,92.9,107.9
FUTDII_clean,724.6,275.7,195.6,67.5,97.4,129.7,219.1,233.8
FUTKEL_manual,885.6,373.2,249.0,88.3,134.4,177.2,285.5,294.7
FUTTIZ_clean,5095.4,1645.7,513.1,202.3,357.6,436.8,566.8,555.4
FUTYEA_clean,762.8,311.0,129.9,49.8,82.5,109.8,158.7,161.2
FUTYOK_clean,651.9,254.4,128.4,46.2,75.2,101.0,153.5,155.2
FUTYUQ_clean,4257.9,1695.2,315.5,145.0,271.1,376.1,387.1,401.2
FUTZAX_clean,609.4,221.8,125.5,44.9,68.9,91.9,144.3,150.0
FUTZEB_clean,1266.0,546.7,165.0,67.7,122.1,156.8,202.0,203.1
FUTZIF_clean,1763.9,767.4,288.5,107.8,184.1,232.4,287.6,284.1
FUTZOK_clean,510.0,228.5,170.7,57.4,83.4,110.3,187.7,197.3
FUTZOL_clean,3782.7,1457.2,394.3,164.5,294.1,371.3,455.1,448.7
FUVBAB_clean,754.1,303.1,130.4,49.1,79.6,109.4,157.1,160.5
FUVBOP_clean,1722.0,602.6,286.8,94.5,155.4,207.8,285.8,284.9
FUVDEH01_clean,4380.8,2046.3,714.8,270.4,487.5,658.0,791.9,786.2
FUVDEH02_clean,4070.1,1912.8,712.9,259.6,474.0,613.1,787.3,751.7
FUVDEH03_clean,4126.0,1989.8,695.2,265.1,460.0,620.1,819.1,750.8
FUVDEH04_clean,4216.9,1818.9,742.0,266.0,453.5,623.2,762.2,753.7
FUVDEH05_clean,4587.7,2397.4,833.6,323.1,610.2,748.7,927.6,917.0
FUVDEH06_clean,1635.4,837.1,699.7,234.9,342.6,435.2,754.9,776.1
FUVDEH07_clean,1755.4,859.0,687.1,233.0,348.2,468.7,772.2,824.6
FUVDEH08_clean,1631.1,858.7,732.8,242.4,348.2,446.8,784.3,794.6
FUVDEH09_clean,4329.7,2101.9,702.5,270.1,501.2,628.4,794.3,790.7
FUVDEH10_clean,3981.0,2003.4,735.8,272.8,484.2,603.5,764.9,758.4
FUVDEH11_clean,3995.8,1974.5,772.8,273.3,484.0,642.1,775.4,733.7
FUVDEH13_clean,4234.4,2051.6,689.8,271.0,470.7,640.9,782.4,768.5
FUVDEH_clean,4752.1,2174.3,756.8,263.1,506.3,651.8,789.3,743.5
FUVFUZ_clean,1585.3,813.2,727.9,244.3,346.1,444.9,766.3,789.8
FUVGAG01_clean,1540.0,881.1,693.3,241.0,349.7,446.3,749.9,812.0
FUVGAG02_clean,1581.9,855.3,781.9,243.2,351.2,454.3,767.3,814.5
FUVGAG_clean,1643.3,821.0,682.0,243.2,345.6,450.1,770.9,802.5
FUWFIO_clean,1186.9,431.0,212.9,80.0,124.6,165.7,236.7,244.7
FUWFUA_clean,2168.2,858.1,345.6,123.5,206.5,265.0,353.6,355.3
FUWQIZ_clean,1541.9,560.6,269.7,97.6,157.9,198.1,267.8,281.8
FUWXOL_SL,1285.3,861.9,172.2,93.6,176.1,197.5,208.0,290.9
FUWYAY_clean,701.1,324.6,204.4,73.0,114.0,151.0,238.4,245.2
FUXCOS_clean,735.9,391.5,337.0,125.0,173.7,220.8,324.0,329.2
FUXXIH_clean,1800.2,678.3,377.3,136.0,214.9,283.3,431.1,439.1
FUYCAE_clean,897.3,327.7,224.5,70.7,106.8,139.2,202.0,206.0
FUYCEJ_clean,1598.5,675.6,205.1,82.5,146.5,188.9,239.2,238.4
FUYCIN_clean,329.3,141.0,109.8,36.6,47.8,61.0,111.5,126.8
FUYCUZ_clean,,,,392.2,702.2,780.5,815.5,1407.8
FUYKER_clean,1575.6,734.5,327.6,123.4,211.3,284.3,355.4,361.3
FUZPUN_clean,2701.3,1264.5,320.9,143.5,262.1,314.4,373.8,377.2
GABYUG_clean,4583.8,1980.9,444.8,182.5,343.1,412.3,476.5,478.7
GACBIY_clean,2866.0,1200.7,327.6,130.1,241.6,304.4,346.8,359.5
GACBOE_clean,1797.5,712.0,241.4,91.5,162.6,202.8,265.5,269.1
GACPUX_clean,525.3,219.1,141.2,49.3,78.0,98.8,157.9,163.5
GACQAE_clean,807.9,300.0,159.7,57.5,91.2,120.9,186.3,197.3
GACVIS_clean,547.7,205.6,111.1,39.5,62.1,82.5,130.6,133.4
GACYER_clean,3092.1,939.3,329.3,118.3,205.7,253.3,313.8,315.5
GADDOH_clean,729.4,269.3,152.4,54.5,84.5,112.0,180.1,189.0
GADFAV_clean,1406.6,715.7,216.4,92.7,175.0,223.2,264.1,264.3
GADMAA01_clean,257.9,224.7,185.4,59.4,70.4,83.5,152.8,192.3
GADMAA_clean,276.4,236.9,197.2,63.1,75.3,90.4,162.5,201.6
GADNUX_clean,4886.5,1729.6,516.8,204.2,338.8,443.0,493.9,471.3
GADRAH_clean,1114.9,447.8,210.5,78.6,126.4,167.3,246.0,247.1
GAFGEC_clean,2136.6,818.1,407.7,140.6,224.9,273.5,361.9,365.6
GAFROX_clean,1510.5,560.2,221.7,81.6,135.8,184.1,250.2,251.9
GAFRUD_clean,1377.1,503.9,219.2,80.2,129.6,175.4,252.2,254.9
GAGQAI_clean,868.2,320.6,170.6,61.2,95.8,125.1,194.8,199.7
GAGSUF_clean,412.9,176.6,139.6,48.8,63.3,80.9,150.3,164.1
GAGZEV_clean,497.0,230.4,278.9,86.7,108.7,120.7,192.6,235.9
GAHSEQ_clean,1017.2,434.9,368.2,115.0,156.3,203.0,355.1,389.2
GAHWIX_clean,2193.1,686.8,518.3,186.7,237.3,305.9,457.8,480.1
GAHXUL_clean,647.1,283.2,210.8,71.6,103.1,135.5,238.9,254.3
GAJVEU_charged,,,,70.1,103.3,133.6,224.8,237.9
GAJVIY_charged,,,,149.3,278.1,338.0,407.5,410.6
GAJYUN_clean,792.1,356.8,293.9,95.3,139.7,171.2,308.1,332.7
GAJZAU_clean,803.3,365.6,284.1,95.1,136.0,172.8,307.9,335.8
GAJZEY_clean,1135.4,460.9,327.5,113.8,166.2,220.5,371.3,409.2
GAJZIC_clean,1185.5,469.4,331.2,114.6,168.3,221.4,376.1,394.5
GAJZOI_clean,1158.9,474.9,327.7,112.3,170.5,220.5,369.7,385.6
GAJZUO_clean,1220.3,508.9,325.0,119.0,174.2,231.3,374.0,393.4
GAKBAX_clean,1166.4,477.9,338.0,113.8,169.2,223.2,374.9,398.1
GALCAZ_clean,1274.6,515.2,299.0,104.5,163.3,211.6,339.4,334.6
GALFAB_clean,1825.0,1001.6,333.3,143.6,262.9,326.8,378.5,368.8
GALHOS_ion_b,801.4,391.2,337.2,115.6,172.7,220.3,338.0,345.6
GALJAG_clean,1404.6,523.1,187.3,73.5,125.7,163.0,219.5,224.0
GAMFEI_clean,927.2,397.8,317.8,110.5,159.9,202.9,315.4,311.5
GAMXAV_clean,1231.6,475.1,236.0,85.0,139.9,183.4,267.0,271.8
GANBAZ01_clean,2819.7,1898.1,203.7,127.9,202.0,206.7,327.2,614.2
GANBAZ02_clean,1252.8,529.2,161.6,58.7,105.3,136.3,166.8,167.5
GANBAZ_clean,2819.5,1852.7,204.6,121.7,198.3,205.4,302.2,564.7
GANBED02_clean,2701.9,893.8,258.4,95.7,168.3,217.6,273.5,266.5
GANBED_clean,2746.0,1011.3,272.9,104.6,183.2,238.0,279.2,281.7
GANBIH_clean,1504.4,595.9,389.6,122.6,203.0,264.5,385.7,378.0
GAPNOD_clean,540.8,209.0,145.3,50.2,72.4,96.5,163.1,175.6
GAQYIH_clean,237.0,226.4,257.4,79.7,87.7,95.4,143.7,179.7
GARLAP_clean,1259.9,602.6,214.6,86.6,158.2,199.4,254.2,257.6
GARLET_clean,1374.4,657.8,233.6,94.7,169.9,219.2,280.1,285.3
GARLIX_clean,1387.6,658.1,234.6,94.4,166.9,221.9,276.0,278.1
GARLOD_clean,1302.7,641.0,217.6,88.2,161.7,210.3,261.6,259.3
GARLUJ_clean,1324.9,648.7,220.7,89.7,159.9,208.7,259.7,257.9
GARMAQ_clean,1354.6,664.2,224.1,91.1,162.4,207.4,261.2,260.7
GARQAU_clean,1939.7,991.2,534.5,203.4,302.0,404.7,513.2,509.4
GARSUQ_clean,1447.4,706.5,250.9,104.1,186.1,244.1,307.8,306.3
GARTAX_clean,1655.4,822.6,251.8,109.6,197.0,252.8,310.8,310.5
GARTEB_clean,1366.5,654.4,249.0,100.0,180.3,231.8,306.5,314.4
GARTIF_clean,1548.5,767.0,253.2,104.6,195.0,260.0,315.9,311.7
GARTUR_clean,2390.6,924.0,500.4,175.5,267.7,347.2,440.4,442.0
GASSEB_clean,885.0,366.3,192.0,70.5,110.1,147.0,230.7,230.0
GASSUR_clean,710.0,289.3,154.3,55.5,87.6,116.4,182.4,185.5
GASTIG_clean,1154.5,767.1,239.2,115.3,215.3,254.8,272.5,296.1
GATBUZ_charged,,,,86.6,133.8,178.8,277.6,287.1
GATJIV_charged,,,,233.8,411.1,542.8,614.8,611.9
GATQIE_clean,2120.2,764.2,536.5,157.2,232.2,281.5,382.8,392.1
GATQOK_clean,4926.3,2030.5,1034.6,322.2,478.9,553.2,699.2,658.1
GAVYAG_clean,1540.8,843.5,210.9,96.3,180.9,237.2,258.6,266.6
GAWCUF_clean,1459.3,655.8,291.7,116.7,189.0,250.4,349.4,345.4
GAWLIB_clean,732.1,433.1,367.8,119.1,156.5,202.5,358.5,418.5
GAWMOJ_clean,336.7,189.0,199.0,62.8,77.0,90.7,154.6,176.9
GAXDIS10_clean,273.5,130.7,100.3,32.7,44.0,56.6,104.3,119.7
GAXKOH_clean,843.3,347.7,247.9,86.2,122.9,159.9,276.3,290.9
GAXQIH_clean,438.9,268.3,217.5,73.8,107.8,133.6,237.6,255.3
GAYFOD_clean,,,,54.3,103.2,132.8,166.1,166.3
GAYFUJ_clean,1396.9,569.9,209.3,82.3,143.4,188.7,253.1,256.7
GAYGAQ_clean_h,843.5,446.4,183.0,73.9,130.7,169.5,225.7,230.5
GAYPED_clean,597.0,230.5,203.3,67.8,90.0,114.3,183.4,185.3
GAYTEH_ion_b,5258.6,2120.9,799.5,312.7,537.3,706.3,920.1,838.2
GAZLAW_clean,663.4,312.5,245.2,87.4,121.4,155.7,263.7,280.4
GAZZIS01_charged,,,,102.3,163.3,204.9,329.9,331.9
GAZZIS02_charged,,,,104.1,159.3,209.3,325.6,325.7
GAZZIS03_charged,,,,103.3,161.4,211.4,327.4,358.5
GAZZIS04_charged,,,,104.6,159.1,204.1,331.4,333.1
GAZZIS05_charged,,,,102.5,155.1,201.4,321.8,332.6
GAZZIS_charged,,,,104.3,157.8,211.7,329.0,330.0
GEBCAT_clean,700.5,359.5,285.6,98.3,124.1,157.3,290.9,324.7
GEBPEK_clean,250.2,167.4,193.7,59.2,67.4,76.6,125.6,146.3
GEBSAJ_clean,5755.5,5007.7,428.5,452.7,1451.2,2130.7,3703.3,3884.7
GEDDAW_clean,597.1,216.5,169.7,56.6,78.5,99.5,178.5,197.4
GEDDEA_clean,1173.0,475.0,286.4,101.1,156.1,203.4,324.9,320.2
GEDPAH_clean,344.8,310.6,273.2,79.5,89.9,101.7,176.5,228.3
GEDQIR_clean,1577.9,604.1,222.5,85.0,146.5,193.6,274.3,263.3
GEDQOX_clean,805.0,329.4,160.4,59.8,96.2,128.0,190.5,192.4
GEDQUD_charged,,,,66.5,101.0,134.2,222.1,231.7
GEDRAK_clean,1738.7,743.6,219.7,90.9,164.9,212.4,267.8,268.9
GEDROY_clean,1408.1,543.3,227.5,84.6,141.6,187.9,268.6,277.6
GEDRUE_clean,850.2,355.6,168.2,61.2,102.2,134.6,195.2,197.1
GEDSAL_clean,1812.4,764.4,230.1,94.1,169.9,225.9,273.2,271.8
GEDSEP_clean,2150.9,1187.5,279.0,132.3,247.6,299.5,335.2,354.1
GEDSOZ_clean,838.4,354.6,163.1,59.7,98.4,133.0,191.9,194.9
GEDSUF_clean,990.2,486.9,211.4,81.8,142.6,190.8,251.5,253.1
GEDTAM_clean,831.3,334.9,162.3,59.2,99.4,128.7,192.6,194.0
GEFYUN_clean,971.4,415.8,333.9,113.3,161.9,209.2,351.9,375.2
GEFZAU_clean,861.8,407.0,350.5,114.3,157.9,198.7,337.9,374.2
GEGDED_clean,3658.8,1407.8,322.9,139.2,265.9,320.9,350.8,370.0
GEGGEG01_clean,2334.6,1466.9,299.3,160.4,299.5,353.0,359.9,446.5
GEGGIK01_clean,2366.5,1512.9,297.8,160.4,319.8,342.7,359.6,462.9
GEGGIK_clean,2342.8,1438.6,304.0,159.7,299.5,354.0,365.6,445.6
GEGGUW_clean,2353.3,1475.7,302.2,158.5,318.7,344.4,368.3,459.6
GEGHAD_clean,2355.6,1467.7,297.7,162.1,299.8,348.5,374.7,456.2
GEJJEL01_clean,488.5,269.5,223.8,71.6,99.6,127.0,232.8,256.6
GEKVEZ_clean,293.3,201.6,162.5,51.9,65.4,78.4,149.2,178.7
GEPDEM_clean,421.0,250.9,202.2,67.3,93.3,119.7,220.7,238.0
GERNOI_clean,2126.9,857.4,341.4,128.9,230.7,292.5,387.3,386.0
GERPUP_clean,252.0,231.2,194.4,60.7,74.2,87.7,149.3,193.7
GERWEH_clean,1092.3,454.8,169.6,67.9,117.9,154.9,201.6,202.8
GESBOW_charged,,,,325.3,428.4,538.8,893.4,943.9
GESBUC_charged,,,,274.4,373.2,470.9,810.9,833.4
GESDUF_clean,512.6,339.0,284.3,91.1,114.2,138.2,260.6,313.6
GESFAN_clean,511.9,343.1,283.4,91.5,115.7,138.8,260.1,313.6
GESNIC_clean,963.5,432.0,299.4,98.2,150.1,199.7,316.7,323.4
GESNOI_clean,838.1,387.3,271.1,94.2,144.5,191.3,298.7,307.7
GEVXIQ_clean,386.0,209.2,166.2,54.6,73.8,91.8,170.6,194.8
GEWXAJ_clean,515.2,319.7,236.7,85.1,136.5,182.2,276.5,282.3
GEYFIB_clean,,,,241.6,306.3,304.3,654.6,1004.1
GEZRAG_clean,13427.7,4644.3,1305.5,536.6,885.1,1085.1,1260.5,1247.8
GEZYOB_clean,2778.4,1090.7,376.5,148.0,254.6,330.2,464.1,446.9
GEZYUH_clean,2810.5,1059.9,367.8,143.9,238.1,312.8,420.2,421.5
GIDKOU_clean,722.2,477.9,167.5,78.0,146.4,178.4,201.5,201.9
GIFKEL_clean,624.6,289.7,178.9,64.0,101.5,135.3,218.2,219.5
GIFKIP_clean,,,,52.7,72.4,92.0,172.5,191.4
GIJXAA_clean,2410.9,873.8,255.6,98.7,170.3,218.7,251.9,254.8
GIKQIC_clean,348.0,206.5,178.3,57.3,76.5,97.4,180.6,196.6
GIMSIG_clean,829.9,343.0,176.6,63.8,103.6,136.2,209.4,218.7
GINLIA_clean,1084.4,460.6,185.5,70.1,119.8,157.5,219.4,219.5
GINNUO_clean,1097.7,496.5,463.1,140.2,194.7,244.0,424.6,450.5
GIQXEK_clean,397.7,170.7,133.2,43.4,63.1,80.3,141.0,153.1
GIQXIO_clean,433.7,178.1,130.2,44.7,63.6,83.7,147.1,155.4
GIQXOU_clean,452.6,186.0,136.2,44.7,66.4,86.7,146.7,155.7
GIQXUA_clean,436.8,181.7,128.9,43.9,64.6,85.1,146.9,155.8
GIQYAH_clean,463.1,186.7,129.0,46.3,65.1,85.2,149.1,156.9
GIQYEL_clean,395.7,169.0,129.0,44.3,62.4,82.6,144.5,152.1
GIQYIP_clean,437.1,181.4,130.0,45.6,63.5,82.6,144.7,154.9
GIQYOV_clean,380.2,190.4,152.2,49.6,67.8,85.7,158.5,177.8
GIQYUB_clean,439.6,181.3,129.3,44.2,64.8,84.3,146.4,155.0
GIRDUI_clean,405.3,265.0,216.5,72.2,104.5,129.9,234.3,256.2
GIRXUC_clean,129.5,87.6,69.4,22.1,27.6,33.7,62.7,75.7
GIRYAJ_clean,1432.7,484.8,220.4,81.4,126.9,164.9,247.5,254.9
GIRYEN_clean,1194.4,771.4,411.2,162.7,281.2,380.6,475.7,483.2
GIRYUD_clean,1176.3,769.9,418.4,162.8,297.5,377.0,503.1,472.6
GIRZAK_clean,1464.2,847.7,470.4,183.4,323.3,416.8,553.7,556.1
GISMAY_clean,7952.2,3850.8,844.7,377.4,692.0,788.6,923.9,955.4
GISNED_clean,10435.4,3258.8,1145.9,423.4,696.5,831.2,965.4,980.9
GISZUD_clean,231.2,103.3,76.5,25.2,34.5,43.5,83.5,93.3
GISZUF_clean,1549.3,654.1,357.6,142.6,205.1,279.5,402.7,399.6
GITPIK_clean,729.2,312.2,207.2,73.1,110.1,143.5,234.7,239.3
GITSUY_clean,5698.8,1912.9,644.5,221.0,401.9,493.6,623.0,586.6
GITTUZ_clean,3870.9,1604.1,554.5,220.8,364.2,489.5,611.1,609.2
GITVAH01_clean,10266.6,5358.5,741.7,408.8,664.7,757.6,826.8,1406.3
GITVAH_clean,8855.4,5086.7,804.1,443.9,737.4,803.0,939.3,1587.5
GITVEL01_clean,2242.6,811.8,402.1,143.3,221.3,292.7,425.5,439.3
GITVEL_clean,2280.3,806.8,380.7,140.6,220.5,297.3,435.5,432.8
GITWIQ_clean,969.8,486.7,260.4,96.7,161.9,214.5,310.2,309.3
GIVHIC_clean,2534.9,1279.5,365.0,154.2,273.6,341.0,386.1,399.5
GIVNIK_clean,1535.4,530.3,317.4,113.6,168.8,222.1,347.1,352.7
GIVNOQ_clean,1531.2,561.0,294.2,106.5,167.1,220.3,321.8,331.5
GIWBEU_charged,,,,90.5,136.1,176.8,290.1,292.1
GIWBIY_charged,,,,90.9,136.5,178.9,281.7,287.0
GIWBOE_charged,,,,191.5,308.8,394.5,493.7,483.4
GIWCAR_ion_b,853.3,349.7,235.0,82.2,123.6,159.7,254.3,266.7
GIWCIZ_ion_b,1137.3,594.0,519.4,198.3,289.1,334.7,474.4,486.3
GIWCOF_ion_b,1081.7,409.0,260.5,89.5,142.1,177.6,284.1,286.0
GIXGOK_clean,3169.0,1224.2,582.0,218.1,335.7,456.4,633.1,628.3
GIXNAE_clean,394.8,167.2,126.2,41.6,58.1,74.4,139.5,147.7
GIYSEN_clean,745.5,387.6,244.2,88.5,140.7,185.3,292.1,292.0
GIYSIR_clean,750.6,380.8,243.0,88.5,143.2,194.1,285.4,289.5
GIYSOX_clean,730.7,382.2,248.4,89.7,147.6,194.3,294.7,295.1
GIYSUD_clean,993.7,421.2,208.6,77.2,126.1,166.7,253.7,253.0
GIYTAK_clean,1049.8,434.1,208.6,78.2,128.3,168.1,249.0,254.6
GIYTIS_SL,1114.5,461.3,224.0,84.2,138.8,178.3,266.6,270.6
GIZXET_clean,3144.3,1548.0,303.8,148.4,268.6,319.6,346.0,392.9
GOBGAG_clean,3150.3,1199.7,575.0,219.0,356.4,451.7,612.3,625.6
GOBSUM_clean,638.1,271.8,190.1,66.7,98.5,128.7,209.3,213.9
GOBTAT_clean,2978.8,1184.5,374.0,148.8,262.4,327.5,396.0,399.5
GOGSIF_clean,566.7,276.8,228.4,75.7,101.8,128.7,233.4,257.4
GOGWAB_clean,1392.0,646.5,149.9,64.8,121.2,156.5,184.3,188.2
GOGWEF_clean,1239.3,528.9,154.3,61.1,113.4,150.6,184.0,185.4
GOJDOZ_clean,688.5,279.8,182.9,63.8,97.1,129.0,212.4,219.7
GOJFAN_charged,,,,106.8,155.2,200.7,330.6,342.7
GOKBUE_clean,367.8,240.4,196.4,65.7,84.9,102.8,193.4,227.2
GOLDAO_clean,,,,250.5,484.0,521.6,545.1,694.0
GOMFOF_clean,1016.8,391.8,344.3,114.2,156.0,211.1,315.3,331.3
GOMREG_clean,1122.8,877.0,180.8,124.3,208.3,225.2,253.5,407.3
GONMUT_clean,14710.7,9432.1,1802.3,809.2,1321.7,1374.4,1475.3,2601.9
GONNAA_clean,603.5,239.3,184.2,62.2,86.6,111.5,197.6,214.3
GONSUZ_clean,687.6,290.8,207.0,61.2,100.0,129.4,206.1,207.0
GOPLUS_clean,658.6,294.2,239.4,76.5,109.9,145.1,243.6,262.6
GOPTIQ_clean,1657.7,657.0,290.9,107.6,184.9,240.2,338.5,341.2
GOQSIQ_clean,1104.3,514.6,353.3,124.2,185.1,245.8,337.3,339.4
GOQWOY_clean,848.5,283.4,190.2,62.5,94.2,124.4,204.4,219.0
GOQXAN_clean,764.1,317.0,187.4,66.3,104.5,135.3,220.0,228.8
GORJEE_clean,7286.6,3838.1,393.3,235.5,428.4,398.1,592.7,1089.8
GORQAF_clean,97.2,78.4,61.7,19.2,23.6,27.8,51.4,64.3
GORWUF_clean,,,,75.4,141.1,181.4,221.0,221.8
GOSBOH_clean,385.5,239.3,197.1,62.9,80.9,98.3,179.9,220.0
GOSDID_clean,2385.9,1012.3,406.1,157.0,264.7,346.1,445.6,465.5
GOSKEG_clean,788.0,355.0,257.2,87.6,132.1,170.1,256.6,267.9
GOTDIE_clean,2400.3,1233.7,1039.5,349.0,532.3,687.7,1097.1,1144.2
GOTNEK_clean,813.7,428.6,233.5,92.8,149.2,201.3,240.9,241.9
GOVHOQ_clean,1426.8,771.1,625.5,205.4,291.3,377.7,662.1,711.4
GOVWOF_clean,793.5,315.2,200.1,70.7,108.1,139.3,211.1,215.9
GOVXIA_clean,2780.5,1276.3,465.0,186.1,320.8,431.7,574.3,547.0
GOZNAM_clean,831.1,314.5,235.0,79.9,114.6,146.8,260.6,273.8
GOZNEQ_clean,403.6,184.9,147.7,48.6,67.0,83.2,154.9,175.7
GUANZS_clean,232.5,105.7,78.8,26.5,37.2,48.0,85.9,94.8
GUBBAG_clean,335.6,177.5,141.6,46.1,60.2,74.3,142.9,164.0
GUBKUL_clean,1648.5,636.5,252.0,97.6,161.2,211.0,286.3,281.6
GUBVUU_clean,680.5,284.5,189.9,66.2,99.0,129.2,215.0,223.8
GUBZAF_clean,833.6,338.1,266.3,89.3,124.9,159.5,283.1,306.8
GUCHUJ_clean,728.5,349.8,145.6,56.5,98.8,132.3,179.6,180.5
GUCJAQ_clean,1571.8,764.8,323.4,126.2,228.1,291.2,381.6,382.5
GUDJOG_clean,1000.3,397.1,272.5,94.3,138.9,180.2,276.1,280.4
GUFBOA_clean,1343.9,761.4,319.4,129.8,237.3,303.2,406.4,389.2
GUFBUG_clean,1718.0,958.0,320.9,125.3,225.8,277.2,317.4,326.9
GUFREF_clean,1787.7,896.3,437.7,174.9,280.5,379.5,520.0,534.4
GUFXEM_clean,1057.8,461.9,215.1,80.3,133.7,176.4,256.7,247.7
GUGNON_clean,1864.3,799.8,288.7,113.1,197.0,261.5,344.0,345.8
GUHMIH_clean,315.2,223.3,279.1,85.2,98.4,109.3,172.2,204.1
GUHNUU_clean,943.7,361.4,263.6,88.5,130.7,173.0,258.2,272.0
GUHPAC_clean,944.1,359.8,266.6,91.4,130.3,168.9,263.0,270.0
GUHPEG_clean,2224.5,1012.7,438.4,169.1,278.2,374.5,484.0,483.7
GUJREK01_clean,698.0,287.7,226.5,76.0,107.1,141.0,231.8,240.8
GUJREK_clean,661.7,278.6,232.9,76.2,107.4,136.4,228.7,246.5
GUKCIA_clean,3594.9,1471.3,379.8,161.8,296.5,348.2,376.1,410.8
GUKFEY_clean,802.1,325.7,182.8,65.5,100.5,129.6,190.0,192.2
GUKYUI_clean,310.9,283.6,233.5,77.9,94.4,115.9,220.3,260.3
GUKZAO_clean,808.7,339.8,150.6,55.9,92.6,125.8,184.2,183.7
GULBAR_clean,1434.5,836.2,265.1,119.6,222.3,279.6,317.1,320.1
GULCAS_clean,2395.5,1342.1,252.4,125.8,240.3,282.8,301.6,363.8
GULPIN_clean,1960.6,1008.6,384.8,156.0,282.1,363.8,467.6,449.3
GULVUF_clean,1393.9,532.5,377.9,125.8,193.8,257.1,387.9,377.0
GULWAM_clean,1195.1,444.9,287.7,103.1,150.6,189.6,287.6,294.3
GULWEQ_clean,5516.7,1961.7,1720.6,600.6,767.0,895.0,1164.1,1139.8
GULWIU_clean,1204.1,422.8,255.3,89.1,135.5,171.4,262.4,265.8
GULWOA_clean,545.2,223.3,174.1,57.9,80.0,103.6,185.8,205.6
GUMDEZ_clean,1978.2,1397.0,273.8,160.1,293.0,324.0,353.1,516.2
GUNFAW01_neutral,120.2,98.6,79.9,25.0,29.3,34.5,62.6,80.0
GUNZIA_clean,4425.9,2241.3,546.8,240.0,451.0,528.1,593.7,616.3
GUPBEZ02_clean,1214.6,667.1,925.4,282.9,355.5,369.4,541.0,638.7
GUPBOJ03_clean,762.8,493.6,688.7,189.7,227.1,229.2,372.0,423.3
GUPBUP_SL,310.3,223.6,190.0,58.9,71.3,87.2,158.5,197.8
GUPCAW_clean,903.7,352.0,299.7,95.2,129.3,165.0,294.6,318.5
GUPCEA_clean,3453.8,1447.2,2544.9,628.2,760.4,879.3,1268.0,1355.9
GUPDEB_clean,2462.7,864.9,473.4,167.4,257.5,339.3,517.1,529.3
GUPREQ_clean,2244.1,1059.9,418.7,166.6,289.3,376.0,492.6,526.4
GUQWOG_clean,636.1,265.4,200.1,68.2,97.0,126.5,210.3,221.6
GURPIT_clean,383.5,168.9,138.7,44.6,60.1,74.3,136.7,155.6
GURPOZ_clean,6174.7,4093.4,553.2,332.3,535.5,553.8,741.7,1358.1
GURPUF_clean,341.3,146.2,118.6,38.7,50.8,63.6,119.0,135.5
GURTIX_charged,,,,75.2,130.7,164.7,221.7,223.5
GUSJOU_clean,759.5,322.5,180.2,64.7,103.1,136.2,212.6,215.8
GUSMAJ_clean,5452.6,3039.6,822.8,379.5,692.0,841.9,872.4,966.5
GUTYIE_clean,759.9,346.7,140.3,54.8,95.3,127.6,172.7,172.6
GUVBOQ_clean,13208.6,6036.1,1534.3,678.1,1255.0,1437.2,1485.5,1811.6
GUVCOP_clean,1415.1,512.2,350.3,123.5,182.1,226.4,374.1,393.5
GUVKUE_clean,3703.4,1394.8,407.4,164.3,278.0,341.1,426.0,421.6
GUVLAL_clean,3878.9,1411.2,411.9,170.6,278.3,370.1,434.1,432.4
GUVZII_clean,2778.6,992.9,288.8,116.6,203.8,267.1,358.6,358.8
GUWDUY_clean,1803.4,764.6,279.3,110.5,190.4,252.7,332.1,333.6
GUXJUF_clean,989.8,489.7,441.9,152.7,202.1,252.5,418.9,473.1
GUXPOF_clean,581.5,328.6,272.1,92.3,124.2,156.2,285.9,317.2
GUXSEY_clean,4305.9,2274.2,356.2,194.2,329.4,378.9,390.5,554.7
GUXSIC_clean,4179.3,2251.7,348.3,182.5,332.6,371.6,395.3,577.9
GUXZIJ_clean,651.9,283.5,144.7,53.2,86.4,116.3,175.8,175.8
GUXZUV_clean,1317.6,577.7,187.8,77.1,136.9,181.6,231.8,235.9
GUYBAE_clean,1061.1,458.1,184.5,70.3,119.9,159.8,223.2,221.3
GUZVOO_clean,1200.9,511.9,337.9,111.0,161.5,214.1,303.3,299.7
HABCEV_clean,1809.3,615.8,269.5,88.4,143.6,190.3,261.8,261.2
HABCIZ_clean,1349.9,460.1,249.1,79.0,124.5,160.8,244.8,247.5
HABCOF_clean,1350.8,445.4,252.1,79.8,126.9,158.2,248.6,245.9
HABDAS_clean,1395.3,451.6,254.4,79.4,122.7,159.3,241.7,240.5
HABQUY_clean,457.0,230.8,270.9,86.8,104.3,121.4,208.0,217.9
HABRAF_manual,350.4,208.2,250.0,76.7,89.7,103.7,169.7,192.8
HABREJ_clean,3952.9,1620.6,373.8,164.7,303.1,367.5,420.4,445.9
HABRUZ_clean,1177.1,511.3,242.9,88.5,150.2,200.8,280.2,276.6
HACDOH_clean,4715.3,2454.7,590.6,249.7,429.4,464.3,488.6,703.8
HACDUN_clean,5595.1,3196.4,539.8,325.5,487.3,511.0,647.0,1074.5
HACRAH_clean,4591.9,2451.2,435.3,230.1,383.4,408.0,441.7,695.2
HACREL_clean,5187.0,2936.4,485.0,268.2,429.7,441.8,531.9,890.4
HADLOQ01_clean,597.9,205.6,136.4,47.0,71.3,93.8,159.7,167.6
HADPOU_clean,470.0,243.1,112.7,43.4,75.1,99.2,139.7,141.5
HADQUA_clean,7452.9,3946.6,544.0,345.3,574.5,607.2,695.2,1259.2
HADXIW_clean,366.1,179.7,144.6,48.9,63.6,80.2,151.1,171.8
HAFGUQ_clean,1245.3,614.6,137.7,62.6,115.9,144.1,163.7,174.0
HAFQOW_clean,,,,82.8,150.5,194.3,250.8,247.1
HAFQUC_clean,,,,52.0,80.2,106.1,172.9,178.6
HAFTOZ_clean,256.7,136.3,108.9,35.4,45.0,55.5,105.8,122.9
HAFVOB_clean,3114.5,1401.5,317.8,145.0,268.8,336.0,383.0,404.6
HAFVUH_SL,871.7,350.5,161.8,56.2,91.9,121.3,178.9,179.1
HAFWAO_charged,,,,131.7,200.1,267.6,407.8,416.8
HAFWIW_clean,541.3,220.7,192.7,62.8,91.7,114.9,181.0,191.6
HAFWUI_charged,,,,130.9,222.8,288.7,400.4,393.6
HAHCUR_clean,1954.7,847.5,310.3,125.6,206.7,283.5,356.6,359.6
HAHPIQ_charged,,,,132.6,155.4,178.0,313.4,416.9
HAHPOW_clean,815.4,437.6,368.5,120.2,163.3,199.7,358.1,412.5
HAJDII_clean,1540.5,608.4,391.8,135.3,207.9,271.0,446.7,441.7
HAJLEK_clean,471.8,374.1,312.1,107.7,161.9,208.8,353.9,370.8
HAJLIO_clean,472.0,377.6,311.5,108.5,158.9,206.0,356.2,373.9
HAJLOU_clean,481.0,378.1,314.5,108.2,161.5,206.0,354.4,367.2
HAJLUA_clean,480.7,377.0,312.0,112.3,156.0,204.6,346.1,371.7
HAJMEL_clean,455.1,368.7,304.7,105.3,149.1,195.3,343.8,359.4
HAJMIQ_clean,8148.6,3228.5,567.9,289.2,520.2,614.5,638.2,731.6
HAJPEQ_clean,1346.2,685.2,299.4,122.3,238.3,277.3,346.0,335.4
HAJRES_clean,6047.3,3608.4,2907.4,1061.2,1522.0,1721.4,2002.5,1963.6
HAJYEZ_clean,889.0,545.8,240.6,100.8,184.0,240.3,287.8,287.2
HAKCAZ_clean,1270.0,532.0,283.4,99.8,156.9,211.6,291.8,290.0
HAKSAQ_clean,2521.9,1105.3,230.4,104.2,198.5,243.7,278.5,299.0
HAKSEU_clean,2488.2,1072.2,242.8,105.4,197.1,248.3,286.9,296.5
HAKSIY_clean,2151.2,844.8,239.9,99.5,178.3,231.1,289.7,290.6
HAKVOH_clean,1053.6,389.3,183.8,66.8,108.3,147.1,217.3,219.0
HAKVUN_clean,1603.9,639.5,163.2,69.7,127.3,161.1,198.2,199.9
HAKWAU_clean,967.9,369.0,167.7,63.3,100.6,131.6,192.8,205.6
HALQUJ_clean,1470.1,550.7,232.0,86.8,144.5,193.9,280.8,277.3
HALVAU_clean,595.3,238.4,163.3,55.8,83.3,110.9,185.3,195.6
HAMJOW_clean,3401.6,1373.1,288.1,133.0,241.0,302.9,354.5,355.0
HAMJUC_clean,5937.1,3086.5,510.2,298.8,484.3,473.2,571.6,1030.0
HAMLIT_clean,2617.3,1110.3,291.8,123.3,230.9,302.2,346.9,344.2
HAMREU_clean,949.1,424.9,298.1,105.1,160.5,209.9,352.7,355.5
HAMRIY_clean,905.9,435.8,300.7,106.3,164.3,216.5,347.5,353.1
HANKIS_clean,38534.4,14173.4,4676.2,1664.2,2365.3,2890.4,2929.8,3176.7
HANKOY_clean,40062.4,14572.1,4882.6,1706.7,2584.4,2809.7,3182.6,3239.2
HANKUE_clean,35831.3,13460.0,4297.8,1591.6,2322.1,2634.3,2859.1,3089.9
HANWAW_clean,5789.6,2200.4,448.4,206.4,375.0,446.3,552.0,537.9
HAPBAE_clean,4246.2,1609.8,564.6,215.5,375.7,492.9,636.0,617.3
HAPBEI_clean,4118.2,1608.5,545.5,216.2,369.1,492.4,632.8,636.7
HAPBIM_clean,11402.3,4306.5,1477.9,576.6,873.9,1106.6,1294.8,1288.5
HAPGIR_clean,354.4,172.3,133.4,45.4,65.7,85.6,147.6,156.5
HAPHUD_clean,784.6,285.4,207.6,70.4,102.1,132.6,222.1,239.6
HAPNEU_clean,4322.8,1626.3,564.2,220.9,386.7,480.8,624.5,601.9
HAPNOE_clean,1993.2,826.3,352.6,134.3,216.5,288.8,412.8,409.0
HAPNUK_clean,2007.0,814.5,346.3,129.6,214.0,281.6,400.3,401.0
HAPPAS_clean,2038.1,849.2,348.5,132.3,228.3,299.5,427.4,411.6
HAPVEB_clean,721.6,324.4,166.6,61.1,103.9,132.2,193.4,198.9
HAQJIV_clean,959.2,345.5,218.9,76.8,114.8,148.4,224.5,226.4
HAQKES_clean,8784.8,3327.1,1062.9,404.5,710.8,871.8,1070.6,1015.7
HAQRID_clean,1711.7,624.9,261.1,94.3,155.3,200.9,282.0,286.0
HASMIZ_clean,665.1,251.0,186.7,63.4,90.2,118.0,206.1,223.0
HASNIB_clean,367.7,173.6,139.1,45.9,64.1,82.3,149.1,164.1
HASNOH_clean,453.2,201.1,151.9,51.7,75.3,98.1,170.7,177.4
HASNUN_clean,354.2,173.9,138.9,46.3,63.4,81.1,147.2,162.9
HASTAY_clean,3911.0,1748.9,428.0,194.3,348.1,423.6,496.6,495.3
HATZOS02_clean,251.5,166.1,144.9,43.5,57.9,73.0,135.9,151.3
HATZOS_clean,248.8,159.5,132.6,43.5,57.3,71.4,133.1,151.8
HAVVUX_clean,916.3,362.2,257.0,88.3,131.4,170.9,288.1,298.7
HAVZIP_clean,316.4,157.4,127.1,41.0,53.6,66.8,124.7,146.5
HAWGIX_charged,,,,86.1,138.2,173.9,270.7,274.9
HAWGIY_clean,1224.1,677.8,400.5,144.5,231.4,310.5,433.8,429.8
HAWREE_clean,1566.4,722.8,290.8,114.1,197.3,258.5,345.5,343.1
HAWVAE_clean,1073.3,551.2,183.2,77.0,144.9,184.3,221.4,228.5
HAWVEI_clean,1063.2,540.2,185.2,77.0,140.7,182.1,223.9,225.6
HAWVIM_clean,1080.5,551.5,183.2,77.4,145.5,184.9,224.5,249.2
HAWVOS_clean,1091.9,576.4,190.0,81.1,147.9,185.9,225.4,223.5
HAWVUY_clean,1077.5,560.0,183.6,78.1,145.0,182.9,225.1,223.0
HAWWAF_clean,1086.1,574.7,187.4,79.0,146.3,190.7,222.8,224.2
HAWWEK_clean,677.8,234.9,151.0,52.4,76.6,99.6,169.8,178.9
HAWWIN_clean,1327.3,471.0,210.6,77.0,125.5,168.8,252.4,252.4
HAWWOT_clean,1256.4,446.1,207.9,74.7,121.5,161.4,241.0,246.2
HAWWUZ_clean,1269.7,454.7,208.3,77.1,127.9,164.0,242.6,244.5
HAWZEM_clean,1796.9,1144.1,252.8,139.4,251.7,295.1,306.2,372.2
HAXMUP_clean,252.4,245.7,205.1,63.3,73.9,84.2,149.7,196.7
HAXNOJ_clean,401.2,154.8,132.0,39.9,54.5,70.3,128.3,141.9
HAYLIE_clean,1292.6,493.6,294.6,103.8,161.9,215.6,341.3,346.9
HAZSIL_clean,1497.2,524.0,253.9,91.8,150.7,198.5,302.4,303.8
HAZWIP_clean,959.8,314.1,163.6,58.3,90.5,120.0,197.3,199.1
HEBJAB_clean,398.0,297.5,248.4,80.9,104.1,127.8,239.5,290.6
HEBKEG_clean,581.0,300.0,178.2,63.7,102.8,137.9,207.5,212.0
HEBNIN_clean,532.7,220.4,168.3,57.5,79.5,103.1,183.9,197.2
HEBNOT_clean,510.0,213.0,165.3,58.7,78.5,100.5,179.0,194.1
HEDBEZ_clean,725.0,284.3,180.7,63.7,95.8,126.7,207.1,215.1
HEDBID_clean,710.8,286.6,179.3,62.7,96.4,128.6,209.0,215.2
HEDBOJ_clean,532.1,211.4,156.0,52.0,76.7,96.6,170.3,182.3
HEDBUP_clean,532.9,209.4,154.4,52.3,74.5,98.4,170.2,184.2
HEDCAW_clean,1588.7,603.2,288.3,105.4,170.7,230.2,336.6,334.7
HEDCIE_clean,896.9,369.2,244.5,89.4,128.5,172.4,272.8,283.4
HEFDED_clean,4096.3,1637.9,1427.0,467.2,671.0,856.1,1267.3,1348.1
HEFDON_clean,1105.7,466.0,234.2,85.7,139.2,182.4,275.5,279.8
HEFFAB_charged,,,,122.9,200.6,253.9,371.0,388.9
HEFFEF_clean,893.3,374.2,231.2,81.8,131.1,171.8,266.9,271.1
HEFVAR_clean,299.7,296.8,257.0,81.6,101.4,121.0,219.1,267.9
HEGCEB_clean,380.9,225.8,183.7,59.4,75.9,94.3,177.9,211.5
HEGJUZ_clean,1911.4,934.8,339.0,140.0,242.4,324.0,398.7,384.2
HEGKAP_clean,,,,244.6,333.0,340.0,711.6,1186.8
HEGNAJ_clean,2964.6,1568.0,727.2,286.8,475.9,623.6,850.4,825.4
HEGNEN_clean,3244.8,1652.0,711.2,264.9,467.6,600.6,779.1,753.5
HEGNIR_clean,3011.1,1636.4,763.5,294.0,491.5,659.1,835.0,824.6
HEGNOX_clean,3368.4,1805.3,751.3,294.7,543.3,682.3,814.9,821.2
HEGNUD_clean,3474.5,1704.6,730.9,294.2,496.7,632.0,839.8,810.5
HEGPAL_clean,3187.8,1728.7,720.8,284.4,499.2,644.8,816.2,788.7
HEKTAU_clean,1030.3,472.6,205.7,78.2,134.1,178.0,248.9,248.8
HELDEJ_SL,1016.2,599.4,357.9,141.1,231.3,312.8,415.7,423.8
HELDOT_clean,2543.5,874.8,349.1,131.2,217.4,291.8,415.8,406.2
HEMTEZ_clean,2367.6,884.4,321.9,126.9,217.4,268.0,357.4,359.7
HETZOW_clean,594.8,257.8,180.8,62.0,94.6,122.5,200.6,203.6
HETZUC_charged,,,,68.6,102.0,130.1,220.8,232.5
HEWFUL_ion_b,329.2,323.7,267.6,84.8,120.1,127.6,237.9,292.6
HEXNII_clean,,,,78.1,135.0,176.9,244.5,246.1
HEXVEM_clean,122.7,106.2,111.5,34.5,39.0,43.0,69.5,87.6
HEZPIL01_clean,724.3,287.0,124.1,45.9,76.4,100.2,147.2,149.5
HGCNCO_clean,261.1,127.5,103.8,33.3,44.7,57.1,105.1,118.7
HIBGEF_clean,511.4,264.4,205.0,68.6,102.7,137.1,225.0,239.4
HIBGIJ_clean,388.5,246.3,200.1,65.7,87.8,113.3,205.0,231.3
HICGEG_clean,2580.7,1054.7,512.5,183.1,278.0,357.9,492.5,468.1
HICVOG_clean,2595.4,1609.0,241.8,137.5,254.5,294.0,300.8,463.5
HICVUM_clean,2547.9,1312.8,289.8,135.2,250.1,319.7,346.2,375.2
HICZAW_clean,725.5,419.9,219.9,83.9,142.0,188.7,238.8,238.4
HICZEA_clean,832.8,468.6,206.5,84.4,147.6,195.0,238.2,240.2
HICZIE_clean,747.9,418.1,241.6,83.1,145.6,188.1,239.5,243.4
HIDCUU_clean,678.0,388.3,201.9,81.4,141.3,183.0,234.5,233.1
HIDDAB_clean,1058.0,504.2,238.5,87.7,158.9,196.9,237.8,236.6
HIFGEK_clean,788.0,334.1,291.6,100.9,139.7,175.3,294.0,300.0
HIFGIO_SL,674.4,250.5,176.2,60.2,89.6,120.6,201.8,213.9
HIFTOG01_clean,224.2,125.1,100.4,32.3,42.6,49.6,94.6,112.6
HIFTOG02_clean,967.4,415.9,207.3,75.6,122.7,165.3,239.5,238.3
HIFTOG_clean,997.4,422.6,201.3,75.0,123.2,164.0,235.8,235.6
HIFTUM_clean,787.2,448.4,375.4,122.2,164.9,201.2,373.4,429.8
HIFVOI_clean,826.7,328.7,203.5,70.8,111.4,143.8,222.0,232.8
HIFWAV_clean,2481.1,1112.3,417.8,171.2,293.4,381.2,483.6,479.3
HIFZAY_charged,,,,110.2,154.0,196.5,343.4,385.5
HIGRIA_clean,446.2,170.2,130.2,44.6,61.0,77.8,140.4,153.9
HIHFOV_clean,950.7,549.5,243.5,97.2,181.3,231.8,297.7,295.3
HIHFUB_clean,2776.3,1102.1,372.1,144.5,247.9,320.4,420.3,413.6
HIHGAI_clean,1653.3,661.3,304.9,110.7,187.2,239.6,335.6,341.7
HIHGEM_manual,1164.9,441.0,185.6,72.6,116.1,156.0,231.0,226.4
HIHGIQ_clean,2272.3,936.1,326.5,129.5,228.3,292.3,367.2,364.8
HIHGUC_clean,1177.6,410.5,248.0,85.9,132.1,174.9,279.5,287.1
HIJSOK_clean,1181.2,486.9,287.2,104.5,165.8,213.3,313.8,328.0
HILJUJ_clean,675.8,449.7,374.1,122.9,168.1,201.3,363.2,433.7
HIMSAY_clean,1061.1,575.2,165.8,76.7,145.0,178.6,201.3,210.0
HIQKID_clean,1185.5,562.8,240.2,82.0,145.7,187.4,240.0,242.0
HIQNAY_clean,1501.2,737.0,293.3,116.3,205.7,267.1,347.9,356.6
HIQWOV_clean,2795.9,1080.4,435.4,171.8,274.1,360.1,451.6,441.1
HISGAT_clean,2713.0,1381.4,491.2,202.3,365.0,469.8,563.2,563.0
HISGIB_clean,827.4,405.3,228.6,84.1,136.1,180.3,270.0,272.9
HISJIE_clean,954.8,476.1,411.6,135.2,186.1,242.8,414.7,447.4
HISSIN_clean,4752.1,2002.0,408.6,184.5,346.7,424.4,474.1,507.3
HIVSAI_clean,,,,110.1,202.5,247.0,277.0,300.0
HIWKEE_clean,470.1,242.5,199.2,65.9,89.5,115.2,208.7,231.2
HIWKII_clean,264.7,193.6,160.9,50.6,61.8,75.5,141.2,170.1
HIWLIK_clean,791.4,380.6,138.8,54.7,97.6,128.5,168.1,167.1
HIWLOQ_clean,1010.3,468.8,176.4,69.8,121.5,160.7,219.6,217.0
HIWLUW_clean,1801.5,854.1,206.5,89.7,167.6,212.0,245.1,251.3
HIWMAD_clean,1866.9,741.4,211.3,88.2,155.9,202.1,253.0,249.5
HIYBUN_clean,1326.7,463.5,305.1,104.7,154.4,204.6,356.2,353.6
HIYGIH_clean,682.8,269.7,237.7,79.9,108.3,133.5,222.6,238.2
HIYYEU_clean,435.0,401.6,343.4,106.9,128.8,151.7,275.4,340.8
HIZQEN01_clean,593.9,275.2,156.9,57.3,93.6,124.1,185.3,190.0
HIZQEN_clean,659.0,310.3,173.9,62.0,103.7,135.9,206.0,209.5
HIZQUD_clean,1661.8,784.1,275.7,107.9,189.8,251.6,316.4,314.6
HIZSEQ_clean,866.0,287.9,181.7,60.6,90.2,121.5,199.7,204.7
HIZTUG_clean,1196.2,586.2,339.2,122.6,197.4,242.6,292.0,320.1
HOBGAH_clean,802.0,411.4,309.1,107.7,155.5,209.7,340.7,358.1
HOBGEL_clean,920.2,502.7,216.9,85.1,151.2,199.5,255.1,254.7
HOBGIP_clean,1730.3,992.9,341.6,148.2,281.3,350.3,432.3,419.8
HOBGOV_clean,1870.6,1030.2,348.6,151.1,278.1,358.5,440.4,443.0
HOCDOU_clean,289.6,155.6,124.9,40.8,56.2,71.4,131.7,147.1
HOFJIX_clean,2602.5,964.1,540.1,186.5,288.3,369.2,559.5,562.0
HOFSOL_clean,492.1,188.2,142.6,46.8,67.1,86.4,152.2,166.0
HOFSUS_clean,859.1,389.9,187.9,70.7,117.0,153.5,227.0,224.9
HOGJET_clean,1100.3,383.5,244.2,83.3,122.5,155.2,242.9,252.5
HOGJIX_clean,1014.1,346.5,181.2,65.2,100.7,133.3,209.2,214.5
HOGJOD_clean,3807.6,1952.1,499.1,217.2,385.1,488.0,563.3,566.1
HOGJUK_clean,427.2,240.6,206.6,66.1,85.7,107.3,197.5,225.0
HOGLEV01_clean,1015.9,389.1,184.0,68.2,117.4,149.6,212.6,216.7
HOGLEV_clean,1245.6,487.3,344.3,119.8,170.3,206.4,301.6,310.9
HOGSIG_clean,1122.6,480.0,276.9,100.5,160.4,213.4,336.9,335.9
HOGTOM_clean,431.6,240.5,192.6,63.5,85.7,108.7,199.4,225.6
HOHMEX_manual,1770.9,561.6,289.4,100.3,157.1,209.6,331.7,334.6
HOJJUN_clean,1789.6,851.7,293.5,122.8,218.8,268.0,295.6,299.0
HOJLID_clean,1242.6,449.6,265.5,96.7,141.2,184.8,275.2,281.8
HOJLUP_clean,2536.5,1075.4,409.3,149.5,254.9,327.2,422.4,434.8
HOKGUJ_clean,399.3,174.2,142.1,46.2,64.9,81.5,143.6,157.0
HOKLIE_clean,5731.3,2942.3,643.3,309.3,522.5,659.7,703.2,797.8
HOLQIK_clean,9125.7,3487.9,711.2,320.9,568.7,668.0,735.5,798.8
HOMRIL_clean,748.4,305.2,240.8,81.1,111.7,142.2,255.9,282.0
HOMXIR_manual,411.1,189.4,189.8,60.4,74.8,90.6,155.7,179.7
HOMZEP_clean,1662.0,763.7,196.7,85.5,158.7,197.6,230.4,230.7
HONXAL_clean,3978.8,2797.7,611.5,393.8,473.8,476.1,878.9,1276.7
HOQMIL01_clean,1177.4,614.2,269.9,106.9,188.0,242.7,324.1,320.8
HOQMIL02_clean,1197.0,632.0,271.4,106.9,185.5,241.3,325.0,318.8
HOQMIL03_clean,1204.5,626.8,269.4,106.9,185.7,244.1,327.3,322.9
HOQMIL04_clean,1459.6,746.2,299.4,121.4,215.9,280.7,357.6,360.9
HOQMIL_clean,1237.0,630.5,273.0,107.7,187.9,247.2,325.4,325.5
HOQMUX_clean,962.9,531.6,272.2,105.2,178.6,237.8,317.7,323.5
HOQNEI_clean,1126.1,602.4,270.3,106.5,188.3,246.9,324.8,323.3
HOQNOS_clean,1279.1,668.6,280.0,103.1,182.7,237.2,302.7,304.1
HOVGEG_clean,1331.7,786.5,401.2,149.1,259.2,341.9,437.4,428.9
HOVGIK_clean,2160.0,1075.9,340.8,142.3,265.9,324.8,391.9,402.1
HOVQAM_clean,1791.6,649.5,264.1,93.2,154.9,203.2,278.8,284.9
HOWJEK_clean,522.9,227.0,138.1,49.8,76.6,102.1,163.2,166.3
HOWPEQ_clean,801.6,293.3,197.4,66.8,100.3,133.4,218.3,228.2
HOWPOZ_clean,2197.2,844.2,293.4,116.1,202.6,258.4,348.3,344.0
HOWPUF_clean,1741.7,646.4,229.7,91.0,153.0,203.4,272.6,286.4
HOWQAM_clean,3347.4,1304.4,305.5,130.0,238.3,298.7,345.8,354.0
HOWQEQ_clean,1332.1,729.0,262.7,110.1,204.0,259.7,312.2,311.9
HOWSAP_clean,1962.7,795.5,346.9,123.6,210.2,274.5,381.7,389.9
HOWSET_clean,7385.5,3395.3,566.7,282.5,503.7,591.0,617.0,802.3
HOWSIX_clean,6729.0,3365.5,568.0,283.6,505.6,579.1,620.1,776.2
HOXGEH_clean,490.2,402.4,350.1,109.6,138.8,168.1,314.6,366.4
HOXJIO_charged,,,,122.7,198.3,263.7,380.7,363.7
HOXKIP_clean,962.4,479.1,197.3,79.2,136.7,179.1,237.4,231.7
HOXKUB_clean,1201.9,603.3,197.7,82.7,152.7,195.0,236.0,237.0
HOXSUK_clean,2004.1,905.0,364.7,134.8,234.5,314.9,411.3,398.4
HOYREU_clean,410.2,166.9,113.2,37.6,60.1,76.9,126.1,130.7
HOYRIY_clean,448.8,186.9,111.7,39.8,61.2,81.2,132.8,135.9
HOYROE_clean,671.2,305.0,172.1,59.9,97.5,129.4,195.0,197.1
HOYTUL_clean,806.7,359.5,284.9,96.3,139.0,182.8,313.9,332.6
HOZBUV_clean,437.9,263.9,214.2,69.5,90.2,109.9,207.9,251.1
HOZFEJ_clean,389.1,276.4,236.8,75.4,90.4,110.6,204.4,252.9
HOZFIN_clean,742.0,272.4,221.7,69.3,100.7,126.8,223.2,242.3
HOZTOG_clean,3777.1,1316.6,535.4,204.9,326.8,434.7,597.8,576.6
HOZXEB_clean,1553.2,733.8,285.2,113.3,206.9,260.5,328.8,325.4
HUBQEC_clean,1177.2,537.8,475.3,158.8,195.1,245.3,451.1,509.3
HUCBAJ_charged,,,,120.7,222.8,272.8,296.9,317.9
HUCBEN_manual,910.8,430.0,178.2,69.3,122.5,160.2,216.2,214.6
HUCSEF_clean,4100.4,1786.0,453.0,180.7,322.2,390.6,432.7,473.8
HUCWOT_clean,1271.2,535.1,245.5,91.7,150.6,202.1,292.8,301.1
HUCWUZ_clean,1313.7,538.2,262.2,92.0,153.9,202.7,295.8,292.2
HUCXAG_clean,1335.1,558.6,252.3,94.9,158.3,207.4,296.3,305.7
HUCXEK_clean,1311.2,542.5,250.3,93.6,154.6,206.7,301.4,296.2
HUCXIO_clean,1295.8,540.5,248.5,92.7,154.0,207.4,296.7,297.5
HUCXOU_clean,1336.9,548.7,248.0,93.1,155.9,207.1,292.9,296.1
HUCXUA_clean,1335.5,559.7,248.5,97.1,157.1,206.9,292.5,296.2
HUDCEQ_clean,,,,70.8,133.0,167.1,195.2,202.8
HUDMAW_clean,703.5,373.1,288.7,103.7,161.9,204.1,330.5,342.6
HUDWUA_clean,1700.1,788.9,252.6,100.3,185.1,244.1,302.0,297.6
HUFHEX_clean,493.9,232.9,210.5,70.8,86.7,107.9,192.1,224.8
HUFHIB_clean,1031.3,359.8,268.7,92.2,132.3,166.7,287.6,293.5
HUFHOH_clean,470.0,234.6,208.3,66.5,86.2,106.0,190.8,213.8
HUFHUN_clean,478.2,217.9,199.0,65.8,82.2,100.9,183.0,211.4
HUFJAV_clean,458.7,227.7,210.4,66.2,84.0,103.7,186.6,218.3
HUFJEZ_clean,1000.2,352.2,268.7,90.5,137.3,169.5,285.3,301.6
HUFKUQ_clean,1301.3,456.6,302.2,109.3,152.2,194.9,306.9,317.6
HUFLUR_clean,220.7,124.6,101.2,32.1,41.8,53.4,97.9,114.1
HUFMUS_clean,155.9,128.9,102.7,32.8,41.0,50.3,95.5,116.3
HUFYIS_clean,967.0,435.4,272.0,102.0,150.3,193.5,311.8,321.1
HUGTOT_clean,3986.5,1481.7,1174.6,390.5,548.6,675.8,1004.6,995.3
HUHBET_clean,2681.8,1019.6,971.6,299.7,419.5,526.4,853.8,888.2
HUHBUJ_clean,7542.6,3130.9,1335.6,475.8,800.4,1001.6,1335.8,1281.5
HUHNIJ_clean,5787.7,2382.5,860.2,353.2,589.3,768.6,977.8,955.6
HUJGEA_clean,676.6,263.6,155.1,54.3,83.0,108.9,160.6,163.6
HUJVOX_clean,736.3,281.1,159.9,58.0,88.5,119.3,188.9,191.3
HULCOI_clean,1247.3,475.8,655.8,203.0,261.0,283.8,397.3,445.6
HULRIR_clean,3202.9,1158.4,361.5,137.5,254.2,312.8,402.5,407.9
HULTEN_clean,1462.3,938.9,170.9,98.0,177.1,199.7,207.2,301.4
HULTEP_clean,4069.6,1507.3,410.9,162.3,288.8,374.2,472.5,462.4
HUMWIX_clean,3591.0,1428.3,532.0,204.0,347.7,441.1,563.3,560.0
HUNCIE_clean,814.4,271.3,260.7,81.6,107.7,131.6,209.9,222.2
HUPQIU_clean,3345.2,1233.5,1360.5,463.7,543.1,669.8,980.3,1030.9
HUQGOR_clean,1459.1,530.2,283.6,103.3,155.5,206.1,318.8,318.6
HUQGUX_clean,1349.4,487.7,279.6,98.4,153.1,198.9,310.4,323.7
HUQHAE_clean,1502.0,547.5,292.0,103.8,163.1,213.8,326.6,338.8
HUQHEI_clean,1388.3,484.9,268.5,96.8,151.3,196.9,299.3,307.9
HUQHIM_clean,1816.4,636.5,390.0,133.3,194.7,259.5,384.4,386.2
HUQHOS_clean,1386.0,507.0,286.0,99.3,153.9,203.2,319.1,318.9
HUQHUY_clean,3001.2,1088.6,911.3,297.5,441.3,497.9,678.7,746.7
HURFEH_clean,2033.0,914.7,274.5,118.5,210.9,276.6,311.3,313.4
HURFIL_clean,2830.1,1473.7,391.9,173.8,308.1,360.3,398.7,410.3
HURFOR_clean,2524.2,1113.5,333.5,133.0,234.7,292.5,340.8,353.1
HURFUX_clean,2337.4,1018.7,297.2,129.4,237.6,297.7,340.3,346.1
HURGAE_clean,3003.0,1575.1,375.1,175.1,318.7,387.1,391.3,458.3
HURGEH_clean,830.4,304.0,201.5,69.1,104.6,135.3,224.7,233.5
HURGUX01_clean,1164.4,672.3,307.3,124.7,218.8,292.0,373.8,395.8
HURGUX_clean,1165.8,692.3,306.3,129.5,225.0,283.4,370.0,367.5
HUVHOX_clean,1299.9,696.1,176.3,81.4,154.4,191.5,217.7,222.8
HUVNAP_clean,5475.4,1935.9,1359.7,433.4,639.0,770.4,959.4,974.3
HUWDEJ_clean,617.8,376.1,234.2,86.2,142.3,190.0,275.4,275.1
HUWHOY_clean,863.8,358.9,186.4,67.0,108.5,144.4,213.0,215.2
HUWLUI_clean,1086.2,394.2,200.1,72.6,113.6,150.9,236.5,243.2
HUWPIA_clean,1330.6,705.7,316.3,122.7,201.5,268.5,307.0,309.1
HUWSUN_clean,1993.5,797.7,297.3,114.5,192.4,255.0,335.0,330.2
HUXHUF_clean,1838.2,633.6,300.7,103.5,164.7,220.1,305.8,300.2
HUXWAY_clean,256.6,231.7,195.2,65.4,71.8,84.4,153.2,194.9
HUYFAJ_clean,2201.7,826.1,689.7,195.1,261.3,327.2,444.5,440.5
HUYJOA_clean,614.8,258.6,205.7,71.8,101.9,128.3,202.1,213.1
HUYJUG_clean,2026.1,787.8,449.4,165.1,261.4,341.7,491.4,493.6
HUYKAN_clean,1954.7,818.1,454.6,164.9,256.5,345.6,503.4,509.8
HUYKER_clean,570.3,505.1,752.9,241.7,254.0,281.7,387.3,493.2
HUYKIV_clean,151.4,145.3,168.9,51.1,58.6,64.6,98.8,122.5
HUYKOB_clean,456.6,393.4,567.3,170.8,194.4,228.0,348.1,382.9
HUYKUH_clean,2172.0,806.6,497.5,182.2,262.8,350.9,558.5,555.6
HUZFEO_clean,2639.0,1383.2,334.1,154.1,295.1,354.3,401.9,436.6
HUZFOY_charged,,,,167.3,312.6,385.0,459.5,458.3
HUZSOL_clean,2131.4,855.9,383.3,146.9,259.6,313.0,424.6,426.2
HUZSUR_clean,611.0,262.8,206.3,68.9,101.9,132.7,227.5,233.6
HUZXAD_clean,2752.8,1020.3,544.3,182.2,311.3,373.7,518.6,484.7
HUZXEH_clean,3193.6,1115.1,584.6,208.0,305.2,398.2,524.3,538.5
HUZXIL_clean,3494.8,1271.4,581.0,219.2,331.4,435.9,552.8,559.2
HUZXOR_clean,3490.3,1262.5,644.3,239.1,356.2,450.2,609.7,595.2
HUZXUX_clean,4052.4,1527.2,762.4,259.5,414.2,515.0,676.0,693.0
HUZYAE_clean,4280.4,1681.0,661.1,273.0,428.9,521.4,636.7,639.2
HUZYEI_clean,4102.3,1425.6,748.7,253.8,389.1,483.1,654.5,639.2
HUZYIM_clean,5988.5,2480.5,938.2,351.0,546.4,688.8,811.9,792.3
IBABOF01_clean,1917.0,883.1,288.9,113.2,198.2,262.1,318.4,319.4
IBABOF_clean,1889.6,847.0,260.2,107.3,195.6,250.0,321.2,308.5
IBABUL_clean,1970.7,869.6,268.3,108.2,195.2,249.4,300.2,307.2
IBACAS_clean,2031.9,948.7,289.1,114.1,212.0,274.1,325.2,323.1
IBAPOS_clean,648.4,217.6,170.3,50.5,73.3,93.6,156.6,165.9
IBAQAF_clean,695.6,227.6,172.9,51.0,75.2,97.8,163.4,170.0
IBAQEJ_clean,796.6,224.6,175.0,50.4,74.2,96.2,163.1,168.8
IBARUA_clean,906.1,422.1,303.8,107.3,164.4,216.8,348.1,357.5
IBASAH_clean,896.3,412.8,306.7,106.8,162.5,212.7,350.5,357.9
IBASEL_clean,947.6,415.5,299.2,104.9,158.0,208.9,342.4,352.2
IBASOV_clean,938.2,420.4,300.8,106.8,160.0,207.9,339.8,358.3
IBASUB_clean,919.3,415.9,318.5,111.3,159.7,207.9,342.7,367.0
IBATEM_clean,914.0,417.5,304.3,104.8,160.8,212.3,342.1,362.3
IBEYOE_clean,737.9,274.8,182.9,63.1,94.7,121.7,206.9,220.1
IBICAZ_clean,391.4,266.1,224.3,71.2,88.9,107.2,202.0,241.5
IBICED_clean,402.6,269.7,224.7,71.6,89.8,107.8,202.5,244.0
IBICIH_clean,396.5,276.4,227.5,75.4,89.7,107.6,205.2,245.4
IBICON_clean,401.3,275.2,225.4,71.8,89.9,108.2,207.1,249.6
IBIRES_clean,2051.9,888.5,394.6,150.1,249.6,319.9,431.0,437.9
IBITUK_clean,1394.8,602.3,372.5,131.6,204.6,268.6,438.0,441.6
IBIYOI_ion_b,2196.1,1101.3,505.9,208.5,355.4,454.8,579.5,588.8
IBIYUO_clean,2174.8,1210.3,675.3,255.3,389.2,478.5,612.3,617.5
IBOTEY_clean,10796.4,3940.9,1055.2,432.6,730.5,913.2,1056.0,1062.0
IBOTIC_clean,2446.5,930.6,317.9,122.9,216.6,280.9,359.5,358.5
IBOTOI_clean,658.2,232.3,180.1,58.2,82.5,106.9,195.0,205.2
IBOZIK_clean,723.2,284.5,203.0,68.9,103.0,133.6,230.5,236.1
IBUBAL_clean,856.3,339.1,282.3,95.3,135.6,168.6,272.7,285.5
IBUBIT_clean,575.9,226.6,182.9,61.5,83.4,106.4,190.3,205.5
IBUDOZ_clean,485.2,268.6,175.4,64.2,102.5,137.1,207.3,212.3
IBURAZ_clean,1811.6,1105.7,202.8,113.7,208.2,233.6,245.8,357.1
IBUYAH_clean,862.8,546.0,463.6,157.1,210.5,261.7,479.9,528.6
ICAGOK_clean,1167.9,414.3,246.2,86.9,132.0,172.4,279.4,289.8
ICAQIO_clean,4403.9,1485.7,483.8,183.3,305.5,405.4,525.4,511.2
ICAQOU_clean,4545.4,1431.6,469.8,186.2,308.4,394.9,527.7,522.2
ICAREL_clean,1795.4,613.1,544.4,181.9,230.2,276.3,437.1,468.2
ICAROV_clean,4512.8,1438.5,464.6,187.1,303.2,415.0,527.8,514.2
ICAWUF_clean,3123.6,1207.7,546.5,195.8,330.7,431.2,597.4,590.6
ICEGED_clean,754.2,262.8,159.5,57.2,85.1,111.8,187.0,194.8
ICIKAH_clean,6641.8,2475.3,2251.1,713.4,964.3,1107.5,1678.8,1630.5
ICISAP_clean,699.2,260.4,151.2,53.5,83.4,110.4,178.3,183.3
ICITEU_charged,,,,125.0,210.8,272.5,378.9,376.1
ICITIY_clean,2413.0,908.0,265.7,105.6,193.0,239.4,295.8,294.2
ICIVAS_clean,918.1,399.8,233.8,86.1,135.7,185.3,272.1,280.9
ICIVEW_clean,986.6,354.4,165.2,54.0,93.1,119.4,166.4,167.3
ICODIP01_clean,1428.4,498.6,496.0,168.3,208.2,271.5,421.6,427.8
ICODIP_clean,1380.5,510.6,517.0,160.6,221.2,262.5,435.6,433.9
ICORAV_ion_b,409.7,232.6,190.4,62.1,85.9,105.4,194.3,224.9
ICOWON_clean,566.1,251.8,190.6,64.0,93.6,124.3,212.9,227.5
IDAGEA_charged,,,,92.4,126.0,161.5,294.1,323.3
IDEYOF_clean,375.0,159.2,140.9,43.3,58.8,70.6,133.4,154.5
IDIWIB_clean,824.2,326.9,162.9,57.3,93.1,123.0,188.1,189.7
IDIWUN_clean,1591.9,551.6,276.9,105.1,159.1,208.1,320.0,322.4
IDIXAU_clean,1395.2,495.5,232.3,83.1,133.3,179.8,265.4,266.1
IDORAW_clean,615.9,226.1,189.0,62.1,86.1,107.1,179.0,191.6
IDUDIW_clean,1839.5,780.8,237.6,96.4,175.9,228.7,292.2,287.8
IDUTUW_clean,247.1,160.1,126.7,43.2,57.1,70.3,131.9,149.4
IDUYOX_clean,1295.8,460.8,212.8,74.9,124.0,163.7,240.8,244.7
IFAGON_clean,3653.8,1411.0,476.7,183.0,330.4,412.1,535.8,539.2
IFAHEC_clean,3555.7,2108.4,209.9,177.7,245.7,250.5,440.4,728.8
IFAREN_charged,,,,132.7,157.3,191.4,333.0,397.0
IFASOZ_clean,1541.2,527.5,359.8,124.9,181.3,237.2,394.7,426.6
IFEHUY_clean,505.4,191.1,153.2,48.0,68.0,88.4,160.2,171.3
IFENOY01_SL,397.4,370.8,314.1,97.9,119.0,135.1,243.1,311.2
IFENOY02_SL,1321.3,643.5,553.4,179.6,244.7,300.5,549.4,620.1
IFENOY03_SL,1434.6,646.2,542.0,180.9,240.0,306.8,568.0,597.9
IFENOY_clean,399.1,374.4,318.0,99.7,117.1,149.5,247.1,309.6
IFEPUG01_clean,5253.1,2519.0,817.0,323.4,536.6,708.0,871.3,885.5
IFEPUG02_clean,4001.8,1823.4,705.0,263.4,462.3,600.7,764.7,755.7
IFEPUG03_clean,4144.2,1758.9,717.7,249.6,449.4,580.5,772.0,735.5
IFEPUG04_clean,4179.0,1781.9,709.9,262.3,450.0,577.9,790.2,764.5
IFEPUG05_clean,3664.6,1593.8,731.9,244.7,428.8,584.4,772.9,761.0
IFEPUG06_clean,4156.6,1847.3,704.3,261.0,466.2,586.1,795.3,792.9
IFEPUG07_clean,4301.4,2072.1,761.9,275.0,483.3,625.8,782.7,792.9
IFEPUG08_clean,4818.5,2051.4,702.8,271.2,472.2,600.8,834.6,759.9
IFEPUG09_clean,5606.3,2394.3,867.6,312.9,552.9,716.9,925.2,891.7
IFEPUG10_clean,6691.5,2972.3,845.4,318.1,597.8,773.6,901.9,870.2
IFEPUG_SL,2815.0,1097.7,531.1,187.3,307.5,423.1,638.4,618.4
IFEQER_clean,4011.9,1777.1,699.2,247.2,434.0,562.2,773.2,784.5
IFEQIV_SL,710.9,395.2,336.7,108.1,143.7,177.1,335.7,376.0
IFEYIB_clean,349.4,143.5,110.3,37.3,51.9,67.3,120.1,130.3
IFOSIG_clean,767.7,306.3,236.0,79.7,110.7,142.3,258.8,280.6
IFUNUU_clean,1372.0,660.1,216.3,91.0,165.8,217.7,258.9,260.6
IFUPAC_clean,1492.5,725.7,244.8,96.0,176.0,226.9,281.7,280.5
IGAGAA_clean,1140.2,561.4,233.6,93.5,150.5,194.1,236.7,239.5
IGAGUU_clean,1831.9,628.5,366.8,130.8,197.6,247.8,379.0,380.3
IGAHAB_clean,3036.4,1377.4,398.7,172.0,320.4,400.3,439.8,454.9
IGETUL_clean,898.8,426.7,221.1,79.2,137.8,175.8,244.3,243.3
IGEXOH_clean,638.8,244.2,106.4,38.0,64.0,84.5,126.1,129.1
IGINIX01_clean,770.0,348.5,160.2,61.1,102.5,134.2,192.9,196.1
IGINIX_clean,768.0,354.0,163.0,60.9,102.1,138.0,195.9,198.1
IGITOJ_clean,1539.0,546.8,411.2,143.1,201.7,262.2,431.4,460.1
IGIZAA_clean,264.4,255.8,222.6,68.5,80.2,91.8,160.0,204.1
IGIZEF_clean,1312.0,785.3,280.3,119.3,216.5,279.2,340.5,337.1
IGOJEV_clean,1016.6,435.0,272.6,97.9,145.6,188.1,277.2,274.6
IGORUS_clean,1003.5,316.4,177.8,54.6,84.2,111.7,173.2,174.2
IGUCEU_clean,2532.6,1158.6,689.4,251.0,404.6,510.4,761.8,750.3
IGUCIY_clean,1333.6,642.9,424.0,154.8,243.8,324.1,488.6,489.6
IGUVIR01_clean,671.1,368.6,211.8,80.7,132.9,177.7,254.8,253.2
IGUVIR_clean,598.2,345.0,212.8,79.9,138.5,177.1,249.2,253.4
IHAJEH_clean,628.2,238.4,178.5,58.6,86.8,109.4,190.8,204.7
IHAJIL_clean,405.3,195.0,103.9,38.3,63.0,84.5,123.8,125.9
IHILUI_clean,519.0,305.8,245.1,82.4,113.7,144.0,275.1,297.9
IHIMAP01_clean,494.5,265.0,223.7,72.0,99.2,125.0,231.8,255.5
IHIMAP_clean,507.3,303.0,242.1,80.5,115.9,140.1,257.5,285.2
IHUTIQ_clean,1042.0,534.0,454.6,149.5,215.5,260.0,474.9,504.5
IJAPIU_clean,1633.5,613.3,290.3,108.9,173.7,222.7,296.5,290.1
IJAPOA_clean,1455.5,582.4,297.9,105.1,172.1,216.6,294.3,309.8
IJASOC_clean,946.4,382.4,207.1,74.3,120.4,156.3,242.9,245.7
IJENIV_clean,1061.6,512.6,413.4,141.1,210.5,279.5,433.2,434.0
IJENOB_clean,1819.5,1111.2,473.1,394.2,508.8,505.0,518.0,550.5
IJEVEA_clean,1084.3,557.5,247.0,102.8,167.9,215.3,261.5,261.5
IJEVIE_clean,1481.2,680.1,217.9,89.4,161.4,207.7,263.2,266.1
IJEXIF01_clean,737.8,291.3,140.9,50.7,81.4,107.5,152.0,154.9
IJEXIF_clean,719.5,287.4,141.2,51.0,80.7,104.9,154.9,157.7
IJEXUS_clean,486.0,332.1,390.8,113.0,139.1,149.6,248.7,284.3
IJIGOX_clean,1333.5,754.5,161.3,83.0,157.4,184.4,198.9,229.0
IJUTEM_clean,5110.6,3203.4,243.2,223.0,287.7,287.4,667.7,1148.9
IKAYAU_clean,705.8,498.0,431.9,141.1,182.9,224.4,414.9,494.7
IKEBUV01_clean,781.4,288.0,138.1,51.0,84.5,114.7,166.6,169.1
IKEBUV_clean,804.4,301.8,144.2,54.8,87.4,113.1,176.5,176.5
IKETAU_clean,643.5,275.2,161.6,59.6,89.4,118.9,192.2,196.4
IKETEY_clean,650.9,278.9,160.1,66.2,91.7,122.9,191.7,197.1
IKETIB_clean,6515.2,2403.2,484.5,213.9,395.3,479.4,531.9,562.2
IKETIC_clean,651.3,281.3,161.1,57.3,91.9,122.1,192.9,195.6
IKETOH_manual,562.4,223.5,156.9,52.9,80.8,107.7,171.8,180.3
IKETOI_clean,650.9,284.4,160.4,58.9,92.3,121.9,192.7,195.7
IKETUN_clean,6586.5,2368.1,480.1,224.3,402.3,498.9,517.8,575.9
IKETUO_clean,656.3,285.4,159.8,61.1,94.4,126.4,191.7,197.9
IKEVAW_clean,654.0,291.8,161.2,58.6,93.8,124.6,192.2,196.5
IKOPEF_clean,1176.0,487.1,212.5,81.8,137.4,184.2,256.3,255.0
IKOPIJ_clean,4080.7,1561.1,407.1,174.4,320.7,410.4,513.2,492.8
IKOSOQ_clean,2218.2,1081.5,406.3,169.4,282.0,371.9,439.0,438.7
IKOSUW_charged,,,,89.2,119.8,151.0,269.8,304.6
IKOTEH_clean,4602.5,1815.1,439.0,180.4,340.1,412.5,446.9,496.7
IKOTUZ_clean,2402.5,755.7,324.0,124.1,199.3,256.3,336.8,345.5
IKOVAH_clean,1861.3,758.8,325.0,122.4,199.5,252.9,334.7,346.3
IKOVEL_clean,1854.6,763.2,332.3,123.9,205.6,270.7,346.3,352.9
IKUBUL01_clean,1881.7,1058.1,199.2,101.6,188.5,229.9,240.6,279.8
IKUBUL_clean,1541.5,811.5,161.3,78.3,150.6,184.1,200.9,219.2
IKUTIT_clean,836.5,326.7,169.9,61.8,98.9,131.1,203.6,212.2
IKUTOZ_clean,897.2,341.5,209.0,73.9,113.1,152.5,245.4,254.3
ILAGUY_charged,,,,220.0,332.1,446.9,685.4,692.1
ILEHUD_clean,2556.2,1459.9,322.6,158.9,296.5,348.9,372.5,430.8
ILENOC_clean,2484.4,1631.1,226.5,145.4,250.3,262.6,332.2,573.5
ILIFOY_clean,941.2,525.5,240.2,94.6,165.0,218.0,295.9,304.5
ILIFUE_clean,952.2,535.1,256.9,97.1,174.0,221.6,292.1,287.2
ILIGAL_clean,973.2,556.6,239.1,96.8,173.3,228.2,289.1,287.3
ILIGEP_clean,978.2,588.9,243.6,98.4,178.7,233.4,288.3,291.2
ILIMOH_clean,2110.8,776.9,540.2,193.4,284.1,373.5,607.2,626.0
ILIMUN_clean,623.9,305.8,223.8,78.2,118.9,156.0,259.4,269.3
ILINIC_clean,137.0,107.7,86.5,28.8,33.9,39.8,75.4,92.9
ILITON_clean,1095.7,346.7,265.9,83.3,117.9,148.8,233.4,250.6
ILITUT_manual,1295.0,438.8,451.9,146.1,195.8,231.4,360.0,374.3
ILOJOJ_clean,573.3,300.5,240.1,82.9,121.0,158.4,271.8,278.2
ILOWAI_clean,2512.3,1152.3,366.1,148.8,268.0,343.5,414.0,419.1
IMACND_clean,176.9,128.8,99.5,31.9,40.7,49.7,94.7,112.5
IMACZN01_clean,,,,87.1,128.6,171.3,289.0,305.1
IMAGAG_clean,639.3,248.3,172.4,59.0,86.2,111.8,194.5,206.6
IMAXOL_clean,2342.8,965.6,338.6,121.3,203.0,263.1,323.3,323.0
IMAXUR_clean,1737.9,653.0,265.1,97.2,165.4,218.8,290.5,288.7
IMEDOV_clean,3384.3,1303.8,1059.6,419.6,561.5,678.4,992.7,1113.3
IMISIH_clean,1652.8,806.9,326.0,127.1,226.5,281.2,382.0,362.5
IMULEH_clean,2893.5,1026.1,437.4,172.9,260.2,344.6,496.3,469.0
IMUTUG_ion_b,2962.2,1147.2,274.1,120.8,223.6,269.0,305.7,314.9
IMUVES_clean,29075.4,13441.8,596.9,494.8,608.4,610.4,1790.2,3478.9
INAMUG_clean,517.6,421.6,364.5,118.5,157.9,198.1,363.6,412.1
INARUM_clean,1115.8,524.3,235.3,92.7,152.2,200.9,294.0,281.4
INASAT_clean,2993.5,1605.7,348.5,156.9,291.5,352.5,385.9,439.5
INECIP_clean,2364.4,1130.4,429.9,168.2,284.0,371.7,457.4,458.4
INECOV_clean,,,,118.2,218.6,280.8,328.6,324.3
INEPEY_clean,1026.1,497.4,251.4,97.1,171.3,223.5,280.4,278.9
INEXEG_clean,2832.0,1393.5,351.0,151.9,299.6,350.7,388.5,418.9
INIDAL_clean,2239.7,1630.0,156.3,159.1,192.5,196.2,529.7,789.7
INIGET_clean,1739.0,868.6,400.7,152.0,265.1,351.2,487.8,475.2
INIQUR_clean,376.9,321.5,282.1,86.4,105.7,128.1,241.5,297.2
INIRAA_clean,1739.1,869.9,406.9,153.9,269.5,346.2,490.4,479.2
INIRAY01_clean,703.3,431.6,367.4,118.8,161.5,194.1,368.0,422.8
INIRAY_clean,382.0,321.7,271.6,85.8,104.5,126.0,237.4,290.1
INIRII_clean,1433.0,602.7,499.4,168.2,237.3,297.6,506.7,555.8
INIROO_clean,1041.5,434.2,359.5,115.8,161.9,207.5,356.4,386.5
INOMIJ_clean,1440.2,521.2,189.0,73.6,120.5,160.4,224.2,231.9
INOMOP01_clean,669.0,276.2,157.2,54.1,85.9,114.8,181.6,183.8
INOMOP_clean,647.7,276.6,152.4,56.4,89.3,116.6,182.0,189.5
INOVEN_clean,729.5,287.0,156.2,57.4,88.9,118.1,183.5,186.9
IPEBEM_clean,6856.7,4332.5,620.9,448.4,646.3,673.3,966.6,1636.3
IPICOA_clean,432.0,210.1,96.9,37.3,63.0,84.4,119.2,120.0
IPICUG_charged,,,,114.7,215.7,244.4,256.6,288.7
IPIDUH_clean,872.4,386.7,243.5,86.6,136.1,181.5,274.7,273.0
IPIFAP_clean,578.3,283.3,236.8,75.4,103.2,129.3,238.9,267.6
IPIHIA_clean,1783.0,721.7,384.5,135.2,218.6,287.2,439.3,437.5
IPIJEY_clean,732.4,340.3,226.3,81.2,126.2,161.0,244.2,248.1
IPIJUM_clean,578.5,232.8,180.2,59.9,85.2,110.1,197.4,216.8
IPIVOT_clean,1432.8,854.5,314.5,140.2,262.1,325.1,358.2,362.4
IQABEJ_clean,528.2,276.3,225.8,73.7,103.2,135.1,240.5,261.1
IQECIS_clean,3707.6,1242.7,448.4,173.2,298.5,373.6,483.2,482.2
IQEKOG_clean,2315.2,930.2,278.5,113.3,191.2,248.2,304.6,295.2
IQEKUM_clean,1443.2,680.2,217.0,87.1,154.0,199.1,249.9,247.7
IQEWOQ_clean,420.5,246.5,199.4,70.2,90.7,115.6,211.9,234.9
IQILIF_clean,1829.6,745.8,369.1,134.0,215.4,263.0,344.9,347.6
IQOHUT_clean,1452.1,554.0,269.8,98.0,157.3,208.1,321.4,321.1
IQOJAB_clean,2159.1,1063.0,322.0,135.4,245.4,308.6,358.3,366.6
IQOJEF_clean,2460.0,1152.7,427.7,171.5,294.5,385.7,479.5,476.1
IQOKEG_clean,1509.1,569.9,251.5,91.8,151.4,204.5,296.7,307.0
IQOKIK_clean,3525.8,1417.9,409.5,171.3,296.5,387.5,476.7,474.7
IQUCOO_clean,1189.1,539.2,226.5,92.8,149.6,196.8,273.0,277.6
IRAGEN_charged,,,,203.4,377.5,471.8,574.7,566.9
IRAHUF_clean,2110.4,1532.8,160.3,160.4,192.6,194.5,512.4,760.7
IRAJER_clean,2609.3,1855.0,229.0,210.5,270.4,277.0,558.7,852.1
IRAYOQ_clean,2007.5,821.9,251.0,103.4,179.3,235.8,299.9,302.0
IREGOD_clean,2263.7,950.5,343.9,131.6,215.2,286.2,360.1,354.6
IRELAU_clean,1331.5,631.5,192.4,83.7,159.4,196.1,239.1,233.4
IROVAO_clean,500.4,201.6,140.4,47.2,71.5,94.0,159.6,166.8
IROVES_clean,857.6,362.9,228.9,94.0,128.1,168.9,274.3,285.9
IRUVUO_clean,,,,385.7,647.4,771.8,838.0,800.9
ISEQIH_clean,,,,76.5,109.6,138.8,249.6,270.2
ISUCUV_clean,1497.1,689.5,242.7,96.7,173.3,229.1,293.2,301.1
ITAPAU_clean,337.7,161.9,126.6,41.1,53.9,68.4,128.6,147.7
ITAPIC_clean,259.2,151.1,120.7,38.9,49.1,60.3,114.1,138.2
ITIBOD_clean,1076.1,584.4,242.7,97.3,172.9,225.8,286.4,285.2
ITIPAE_clean,621.4,324.6,197.9,71.6,116.3,156.5,230.7,234.8
ITIPOS_clean,540.5,244.3,202.0,65.6,89.4,113.3,206.9,234.4
ITIWAK_clean,1359.9,657.3,262.6,100.8,177.4,234.1,290.2,374.0
ITIWEO_clean,1499.4,746.1,254.6,110.4,188.7,235.1,282.8,288.0
ITIWIS_charged,,,,114.2,205.3,259.3,324.7,332.8
ITIWOY_charged,,,,114.8,201.8,270.7,325.7,328.7
ITIWUE_charged,,,,114.2,201.3,269.0,327.2,330.1
ITOSEQ_clean,3041.0,1380.9,260.1,122.6,234.7,286.5,317.8,348.1
IVEHEW_manual,601.2,221.7,162.0,55.6,79.0,102.7,184.0,190.9
IVEKEA_clean,9775.5,3439.6,1995.8,609.8,838.4,1006.8,1112.2,1222.1
IVEQAC_clean,716.2,342.8,189.0,70.1,112.8,152.2,231.6,228.8
IVETOT_clean,252.5,152.5,139.5,44.6,54.6,68.1,118.8,142.2
IVILEG_clean,337.0,177.1,174.3,56.4,70.6,85.5,150.1,168.0
IVIPEK_clean,2426.1,1325.9,314.9,147.7,280.8,334.7,371.3,395.1
IVOCON_clean,1190.7,517.9,124.6,52.6,97.3,125.0,152.3,157.9
IVOGUX_clean,1367.1,640.9,181.6,80.4,149.2,187.6,223.0,223.9
IVUVIG_clean,823.0,369.9,175.5,64.5,108.4,145.4,205.6,208.7
IWAHIZ_clean,,,,160.4,229.8,232.3,434.7,747.2
IWAHUK_clean,,,,300.8,435.1,442.5,836.6,1356.6
IWAXUZ_clean,434.4,267.3,329.4,105.7,124.3,149.5,222.7,253.8
IWAYAG_clean,212.7,152.0,125.7,40.5,49.5,60.4,111.6,136.0
IWAYEK_clean,178.1,137.1,111.9,35.4,42.2,51.8,93.2,116.6
IWAYIO_clean,501.0,270.4,333.8,108.4,125.0,142.4,229.8,256.9
IWAYOU_clean,364.4,279.8,336.0,110.3,118.0,135.2,212.5,242.6
IWAYUA_clean,387.3,276.1,338.9,105.0,122.4,133.5,210.7,248.4
IWAZEL_clean,515.9,277.2,343.7,110.6,125.6,149.5,246.0,264.6
IWAZIP_clean,191.0,136.3,112.6,35.7,43.6,51.7,96.4,121.3
IWELIG01_clean,1119.1,819.9,220.7,121.3,226.9,265.1,272.0,321.0
IWELIG_clean,1156.1,844.0,230.5,122.5,229.9,264.1,277.9,330.4
IWEVAJ_clean,2233.4,765.2,328.4,118.3,186.7,248.8,323.9,331.6
IWEVUD_clean,1031.6,410.9,292.3,98.9,140.8,183.4,273.5,268.7
IWEWAK_clean,1118.5,480.5,306.0,107.3,159.5,197.1,276.0,274.4
IWEWEO_clean,889.1,363.2,289.4,94.9,129.9,164.7,252.5,253.9
IWEWIS_clean,1170.8,577.8,307.4,112.7,167.7,214.0,286.3,281.2
IWEWOY_clean,1851.6,751.7,407.5,145.6,227.1,295.4,411.8,403.7
IWIPIO_clean,168.5,115.3,94.9,29.8,35.9,43.5,84.1,102.1
IWOKUC_clean,2481.8,1078.8,533.4,202.7,304.9,409.3,537.5,562.2
IWOSAP_clean,483.9,300.0,237.2,79.7,109.0,138.3,265.2,280.8
IXAKAU_clean,1673.4,598.9,245.3,93.1,153.4,201.5,287.3,287.3
IXAZEO_clean,341.0,197.5,163.2,54.2,69.1,87.4,160.0,188.6
IXEBEU_clean,3035.2,1274.3,467.9,186.5,323.0,418.8,537.0,510.4
IXECET_clean,1923.8,1132.6,136.8,86.1,153.8,165.7,186.9,335.7
IXEDOE_charged,,,,160.6,281.2,356.3,423.0,431.2
IXEFAS_charged,,,,260.8,449.2,588.7,767.2,733.5
IXEJIG_clean,624.9,254.8,233.1,76.4,102.5,125.6,207.8,230.0
IXEJOL_clean,1537.6,652.9,335.8,123.8,202.7,265.4,347.9,353.6
IXEJOM_clean,1021.1,339.6,180.8,66.4,101.1,129.7,199.9,208.5
IXIKOR01_clean,6801.9,4513.1,804.0,495.6,831.3,848.9,978.6,1681.7
IXIKOR_clean,,,,504.5,824.6,866.8,1042.3,1745.7
IXIPAG_clean,611.1,241.6,192.3,65.4,90.4,117.4,203.0,215.6
IXIPEK_clean,620.7,248.7,190.9,64.1,92.3,120.7,208.6,217.5
IXIPIO_clean,607.3,244.1,191.3,63.4,89.4,113.9,201.2,219.7
IXISAJ_clean,2335.2,1390.5,332.3,162.1,304.1,357.7,379.7,425.5
IXISOX_clean,2321.1,1398.5,325.4,162.6,308.9,366.4,408.6,437.6
IXISOZ02_clean,2575.5,1238.6,318.2,139.4,263.9,328.1,387.5,389.1
IXISUD_clean,1552.6,755.5,354.9,136.8,223.8,304.5,391.3,387.0
IXODUV_clean,984.8,364.4,167.0,59.4,99.0,132.0,194.8,197.6
IXOFAD_clean,996.7,354.6,159.3,59.1,95.6,127.9,192.0,193.7
IXOFEH_clean,918.4,341.3,159.5,58.4,96.6,126.6,195.7,194.9
IXOFIL_clean,961.0,348.2,164.5,59.2,98.3,129.3,195.2,202.1
IXOFOR_clean,920.4,355.2,156.9,61.7,95.9,127.1,193.0,189.9
IXOFUX01_clean,994.0,366.8,164.5,60.7,98.3,131.5,201.6,203.9
IXOFUX_clean,986.0,360.6,171.8,60.4,98.3,131.4,204.4,202.2
IXUQOJ_clean,2620.6,1324.0,495.4,197.7,352.2,436.3,572.3,541.8
IXUQUO_clean,1169.2,611.1,329.8,132.2,218.0,279.2,353.8,338.2
IXURID_clean,1082.8,496.0,189.9,75.0,132.3,171.2,231.7,229.7
IXUWII_clean,1052.8,450.0,231.5,84.4,136.0,180.9,269.8,269.7
IYAJID_clean,944.2,418.6,233.0,83.2,131.0,171.8,248.3,253.2
IYAJOJ_clean,922.0,409.8,233.2,80.9,130.1,168.5,243.3,246.1
IYAJUP_clean,3149.7,1388.4,365.2,168.5,290.4,359.1,422.9,418.1
IYAKAW_clean,914.4,405.1,226.9,80.0,126.8,169.6,238.4,242.4
IYAKIE_clean,1088.4,393.1,242.0,84.7,127.3,164.8,240.7,248.7
IYALUR_clean,,,,843.6,878.7,928.2,2199.6,2666.2
IYASOS_clean,1243.2,591.7,207.5,83.8,146.0,194.6,260.1,248.9
IYAYUE_clean,725.3,302.9,142.0,54.1,87.4,115.7,170.9,175.3
IYEHAX_clean,941.6,340.9,191.8,67.6,105.7,139.2,217.6,216.4
IYEPUZ_clean,682.5,248.5,181.4,62.3,89.8,117.6,196.4,211.6
IYESUC_clean,702.3,274.2,246.6,82.3,110.2,139.0,215.7,225.3
IYEXOZ_clean,2081.9,764.0,360.3,128.1,210.8,285.7,412.8,414.9
IYICUP_clean,1500.6,614.4,257.8,98.3,164.8,216.2,311.4,294.9
IYIHUU_manual,890.1,323.3,290.5,93.7,123.1,154.3,242.9,251.6
IYITOB_clean,562.2,251.9,267.8,82.5,106.0,122.8,212.8,233.5
IYOBAA_clean,1405.8,566.2,388.5,137.8,196.0,257.2,430.4,444.5
IYOCIK_clean,466.3,241.6,256.2,81.4,99.1,119.8,207.8,226.4
IYOCOQ_clean,492.7,240.5,253.0,80.9,101.6,121.9,204.1,229.7
IYOCUW_clean,549.8,250.9,265.2,81.9,103.3,122.1,213.3,233.9
IYODAD_clean,478.3,237.2,251.6,81.9,99.1,120.2,206.9,234.2
IYOQAQ_clean,1480.2,755.1,191.2,83.7,162.5,207.3,249.4,238.5
IYOSUM_clean,1947.1,754.5,256.2,101.5,169.9,223.5,284.8,286.8
IYOTAT_clean,1942.3,761.3,249.3,97.8,169.1,224.6,279.1,284.7
IYOVEY_clean,,,,60.6,105.2,142.7,187.4,186.5
IYOVIC_clean,1026.5,546.7,159.2,70.7,131.3,166.0,194.3,196.4
IYOWID_manual,4515.6,1435.5,481.0,186.8,310.4,401.6,525.0,524.4
IYUCEM_clean,529.2,276.2,228.3,74.6,99.0,122.6,226.8,258.1
IYUCIQ_clean,513.9,222.6,198.6,65.5,86.1,105.1,186.4,207.1
IYUHOA_clean,3631.3,1682.2,359.4,162.1,302.0,366.3,413.3,427.1
IYUHOB_clean,2236.0,957.9,240.7,99.2,182.9,231.2,265.1,322.0
IYUHUG_ion_b,1638.1,563.3,395.5,132.6,202.6,248.2,381.2,374.0
IYUJAO_clean,752.8,370.5,221.3,81.4,131.1,178.0,253.9,254.8
IYUQEZ_clean,435.6,249.0,310.7,99.7,116.7,134.7,206.7,240.3
IYUQID_clean,319.2,211.8,260.1,78.1,92.2,103.6,166.4,194.6
IZEBAR_clean,801.7,313.8,162.1,61.3,93.5,124.9,189.9,193.8
IZEBEV_clean,380.1,299.9,247.6,80.9,107.6,140.6,252.4,288.3
IZEFEZ_charged,,,,197.2,334.5,427.6,514.4,545.5
IZENEI_clean,5689.7,2408.9,390.8,189.7,345.9,412.6,444.3,524.1
IZENIM_clean,5757.5,2459.1,383.1,188.1,357.5,400.7,426.0,548.4
IZENUY_clean,3745.9,1313.9,327.3,138.5,244.8,312.6,381.0,375.8
IZEPAF_clean,206.6,165.7,189.3,58.9,67.2,75.8,122.4,145.5
IZEPEJ_clean,904.1,327.3,250.7,85.0,121.9,156.9,257.9,279.4
IZEQUB_clean,3077.4,1339.7,281.0,130.3,250.9,303.9,338.1,355.3
IZERAI_clean,2475.7,919.4,287.2,121.0,221.3,281.3,338.7,333.8
IZEWAN_clean,830.1,342.9,169.2,61.5,107.1,137.2,195.3,194.9
IZIGUV_clean,3822.5,1407.7,438.8,175.5,297.2,382.0,487.4,482.2
IZIHAC_clean,1419.7,532.9,339.1,121.6,176.7,225.5,330.9,341.8
IZIHEG_clean,1434.6,542.7,334.2,119.9,177.6,229.6,327.7,334.0
IZIHIK_clean,2014.7,804.3,520.9,157.1,237.0,300.9,400.6,395.7
IZIHOQ_clean,1333.8,536.8,335.3,118.1,180.0,227.4,339.1,339.3
IZISEQ_clean,3397.3,1620.7,516.8,227.4,396.4,503.9,585.5,572.3
IZOWAW_clean,567.9,221.1,178.1,57.6,79.2,101.2,181.2,205.5
IZOWEA_clean,658.1,240.5,194.3,65.4,87.2,112.9,205.3,224.6
IZULUL_clean,,,,184.5,294.3,335.2,435.4,749.5
IZUMUM_clean,506.5,276.6,228.2,74.6,101.8,128.1,238.0,262.9
IZUSEC_clean,2458.4,1010.8,399.8,145.6,246.0,329.0,428.1,424.9
IZUVUV_clean,1184.7,409.3,342.1,114.3,167.4,200.3,323.4,332.3
JABMEF_clean,884.0,416.9,148.1,60.5,104.8,136.4,184.7,180.3
JADBEY_clean,2157.9,996.0,346.9,134.8,238.0,307.9,391.0,381.6
JADBIC_clean,809.4,331.0,182.0,65.6,103.5,137.3,216.2,221.7
JADJOQ_clean,830.8,293.6,140.4,49.8,83.2,107.8,162.5,166.1
JADMAF_clean,2372.0,1193.0,759.1,293.8,430.2,562.4,796.0,766.7
JADMIN_clean,5146.2,3030.1,929.8,419.6,778.9,878.2,925.1,1040.0
JAFPIQ_clean,300.1,192.5,157.4,50.3,62.8,76.5,144.6,173.1
JAJZAY_clean,1110.2,385.4,201.0,70.0,112.2,144.5,208.9,211.1
JAKBIJ_clean,249.7,120.6,96.6,32.8,42.5,53.0,98.3,115.8
JAKBOP01_clean,305.8,159.2,126.6,41.2,53.9,67.9,127.8,147.8
JAKBOP_clean,251.0,124.8,94.6,31.3,41.7,52.5,100.6,112.4
JAKBUV_clean,258.0,145.3,116.4,38.0,48.2,60.4,114.5,135.6
JALCAD_clean,4869.8,1878.5,350.2,156.8,303.6,354.9,388.1,427.6
JALLEQ_clean,1323.1,574.1,786.3,237.4,296.8,331.4,497.4,564.1
JALLIU_clean,4362.8,1421.9,451.1,171.0,290.6,387.1,492.9,493.3
JALLOA_clean,267.7,199.1,231.4,71.5,83.3,94.6,153.5,178.6
JALTUL_clean,381.4,269.0,223.4,70.8,86.6,104.6,194.4,237.9
JASNAT_clean,793.0,406.7,181.3,70.8,124.7,166.5,220.7,218.7
JAVNIE_clean,502.9,189.3,126.7,45.2,66.4,87.2,145.0,151.9
JAVSUV_clean,3503.8,2446.9,225.1,198.5,258.4,263.6,650.0,1066.2
JAVTEG_clean,2248.2,1387.9,188.0,116.3,202.9,213.1,253.2,467.0
JAVWUY_clean,610.6,264.1,167.3,59.7,91.4,119.3,195.2,210.2
JEBCOJ_clean,927.9,428.0,302.7,107.9,164.2,212.0,352.2,358.3
JEDJUY_clean,652.1,274.4,149.5,53.4,87.3,115.6,177.3,177.9
JEDKEJ_clean,1276.5,478.9,392.0,133.1,179.6,227.5,557.2,429.3
JEJWOL_clean,658.1,234.6,172.9,58.7,82.5,106.4,191.4,200.6
JELPAS_clean,1495.2,682.9,227.3,91.5,165.0,213.9,276.1,277.7
JENKET_SL,887.7,340.9,338.0,109.8,143.5,184.2,289.8,306.7
JENKIX_SL,1683.2,756.6,824.3,278.5,352.7,423.2,608.6,661.8
JETZAK_clean,1936.8,772.1,271.5,104.3,181.9,242.5,324.1,322.2
JEWYAM_charged,,,,67.0,100.4,132.9,220.3,227.4
JILWIL_clean,2095.9,1333.3,133.5,95.9,156.4,165.3,234.0,416.8
JILWOR_clean,4652.5,2539.5,244.1,175.6,274.3,282.8,415.2,760.4
JILXOS_clean,1098.6,587.3,302.3,120.9,202.9,268.8,347.6,354.2
JISVAJ_clean,929.0,319.6,192.1,67.1,100.1,131.7,217.5,228.6
JITPOS_SL,2853.7,1207.6,520.5,200.1,335.6,430.0,576.9,568.1
JITQEI_clean,1632.6,654.2,347.1,128.3,198.8,265.7,389.9,400.4
JIVFUQ_clean,860.5,358.1,171.1,62.7,102.2,137.2,208.9,210.4
JIVHIG_clean,1498.9,680.5,432.8,154.8,244.5,316.2,474.1,493.4
JIVQOU_clean,1901.8,1448.6,240.3,200.5,278.8,280.9,487.7,755.0
JIVSAJ01_clean,2363.1,2112.8,483.4,521.9,577.4,657.2,1353.2,1592.5
JIVSEN01_clean,1393.8,1201.7,385.9,370.3,432.1,434.0,638.6,821.7
JIVSEN_clean,361.2,256.4,220.4,72.5,96.2,126.9,228.8,254.0
JIVSIR01_clean,1613.1,1288.1,395.8,411.3,442.4,447.9,791.5,959.1
JIXWUJ01_clean,449.4,259.7,211.2,70.9,94.7,121.2,219.4,244.2
JIXWUJ02_clean,416.1,249.1,216.1,67.2,91.7,116.9,211.6,236.7
JIXWUJ_clean,429.4,253.9,212.7,68.9,94.7,118.9,216.3,242.4
JIYXUL_clean,202.2,189.4,160.3,53.2,56.7,64.0,110.5,145.8
JIZJAF_clean,389.4,214.5,182.0,60.8,75.9,95.6,171.6,202.7
JIZJEJ_clean,374.4,207.2,177.2,57.5,76.1,91.7,167.6,192.4
JIZJOT_clean,473.5,273.1,237.5,77.5,98.8,122.7,221.4,260.5
JIZJUZ_clean,450.1,260.5,223.6,75.8,92.4,115.2,209.1,239.9
JIZWEW_clean,869.5,394.9,165.9,63.6,108.5,147.5,203.4,203.6
JIZWIA_clean,882.2,420.7,165.4,64.8,115.0,152.6,203.9,202.4
JIZWOG_clean,1326.1,616.5,200.8,82.7,148.7,196.0,244.0,246.4
JOBFEM_clean,3313.1,1403.1,502.9,199.6,343.2,452.4,545.7,560.0
JOBFIQ_clean,4855.0,2227.1,583.9,249.5,462.5,594.8,676.6,672.4
JOCWIJ_clean,1246.9,427.9,301.4,102.0,148.5,194.0,315.8,333.6
JOFGOC_clean,538.7,356.0,293.9,101.4,142.7,185.5,323.3,348.4
JOFKIA01_clean,1356.5,551.2,339.5,113.3,176.4,238.1,372.9,390.6
JOFKIA_clean,789.0,335.3,249.0,85.1,124.3,162.5,277.3,291.9
JOGHEU_clean,751.2,285.0,225.9,77.5,104.5,137.5,237.3,251.1
JOGHIY_clean,776.7,308.5,214.8,72.4,107.6,139.9,239.6,257.2
JOGSAA_clean,266.9,135.5,110.0,35.9,45.4,58.0,106.9,125.2
JOHFIW_manual,516.3,220.9,118.1,42.2,68.2,89.6,142.0,142.1
JOHQUT_clean,1008.3,453.1,286.7,87.0,151.9,196.2,287.4,285.0
JOHSIJ_clean,,,,181.1,252.8,257.2,513.1,853.7
JOJKUQ_clean,352.9,213.5,261.2,80.8,93.3,105.7,169.9,197.2
JOKXAI10_clean,341.6,228.2,185.4,59.4,76.2,94.6,176.4,208.6
JOKXAI_clean,337.0,227.3,184.1,59.3,76.1,94.2,175.4,207.5
JOKXEM10_clean,715.6,343.4,276.4,90.6,124.2,160.2,290.7,318.0
JOKXEM_clean,704.4,343.2,286.0,89.6,125.5,157.5,292.4,318.4
JOKXOW10_clean,319.5,221.4,183.5,58.5,75.8,92.3,173.9,205.3
JOKXOW_clean,326.1,222.8,181.7,59.1,75.7,92.7,172.9,210.8
JOKXUC10_clean,701.8,321.6,252.7,84.2,120.0,150.7,273.9,299.9
JOKXUC_clean,647.7,311.0,257.1,86.5,113.9,146.4,265.9,295.4
JOKYAJ_clean,263.8,181.1,147.0,48.7,60.9,75.4,142.1,166.7
JOKYEN_clean,260.6,184.8,165.0,48.7,62.7,77.9,146.4,171.1
JOKYIR10_clean,252.6,181.9,147.8,47.8,60.8,77.1,140.8,167.3
JOKYIR_clean,255.2,181.1,147.1,47.5,62.8,76.8,141.7,167.3
JOKYOX10_clean,243.8,181.2,147.5,47.8,61.5,74.7,142.7,167.9
JOKYOX_clean,258.6,182.6,151.5,48.1,62.4,76.0,143.7,166.7
JOLYEQ_clean,1485.1,601.7,529.3,178.1,242.3,300.6,537.6,547.9
JOQSIT_clean,738.1,310.8,248.3,80.1,115.6,152.8,258.8,277.6
JOQSOZ_clean,740.7,308.9,226.8,79.5,111.8,146.9,250.6,266.9
JOQZUM_clean,519.7,260.7,211.0,68.7,91.5,114.2,217.5,243.3
JORBAV_clean,512.3,250.9,204.5,66.8,91.6,110.9,207.7,235.8
JORLEJ_clean,3687.1,1340.8,523.1,200.3,335.8,430.0,589.1,584.0
JORRAL_clean,836.3,384.3,272.6,96.2,141.5,183.9,273.9,286.8
JORSEQ_clean,1569.5,922.6,291.0,131.8,247.1,309.4,351.4,360.6
JORVET_clean,1570.6,623.4,341.4,122.5,195.0,247.6,365.4,356.5
JOSNAG01_clean,696.2,329.2,249.9,85.4,125.3,159.2,280.9,294.2
JOSNAG_clean,647.4,303.7,236.4,81.0,116.2,149.2,267.2,278.7
JOVXEZ_clean,1112.6,457.1,260.5,94.4,149.7,200.5,305.2,310.5
JOWFOQ_clean,440.3,221.7,183.9,57.8,75.8,94.4,175.7,206.0
JOXPIX_clean,747.1,386.6,314.4,104.0,147.9,188.5,335.6,372.1
JOYKUF_clean,439.4,165.4,125.2,41.7,58.8,76.5,138.2,152.8
JOZWOM_clean,3827.8,1277.2,427.1,159.0,272.3,353.0,450.4,453.6
JOZWUS_clean,3871.9,1288.7,420.1,160.7,281.1,358.0,453.3,459.9
JUCGUL_clean,761.8,330.8,179.9,64.2,106.8,140.5,211.2,212.5
JUCXEK_clean,245.7,157.3,136.3,42.1,52.6,63.5,122.7,144.9
JUFREJ_clean,380.9,302.5,246.5,79.9,103.3,135.2,235.1,278.2
JUGQIN_clean,791.1,289.4,174.0,60.7,94.4,123.1,202.0,210.0
JUGQOT_clean,772.9,283.8,167.9,57.9,90.7,119.3,194.1,199.4
JUJMOS_clean,5949.8,2411.4,858.3,356.2,581.4,709.5,792.0,815.3
JUJTAL_clean,954.0,468.0,223.3,85.9,146.4,193.3,265.3,275.3
JUKPAI_clean,2997.2,1020.1,651.7,212.8,327.4,406.7,663.8,654.2
JUMCOL_clean,468.9,168.8,106.4,36.7,57.9,72.3,124.2,129.9
JUMCUR_clean,914.9,351.8,156.8,61.7,99.7,128.1,194.0,196.1
JUMDAY_clean,892.1,360.6,155.8,58.9,100.3,131.3,189.2,190.6
JUMDEC_clean,945.2,355.7,155.2,57.4,98.1,127.5,188.9,189.3
JUNBOL_clean,944.2,439.3,272.7,97.9,154.2,205.9,316.2,323.3
JUNBUR_clean,1477.9,541.3,190.6,73.8,125.6,168.3,233.6,232.9
JUQVAU_clean,1139.4,469.0,226.6,88.2,136.7,179.9,260.4,262.2
JURKIS_clean,1085.8,445.2,386.8,125.6,176.8,226.2,394.7,422.2
JUSBAC_clean,2116.2,1201.6,410.2,177.6,327.3,410.7,478.0,489.5
JUSGUB_clean,4679.7,2596.7,567.3,297.6,531.4,588.4,600.1,854.1
JUSKAL_clean,1281.8,598.8,461.6,159.2,233.7,313.8,509.9,534.9
JUTCIM_clean,1457.4,598.6,288.5,110.8,164.3,209.0,285.0,289.6
JUTCOS_clean,2314.1,984.0,536.6,171.1,269.2,360.5,433.0,479.2
JUTCUW_SL,136.4,89.3,70.9,22.2,27.5,33.8,63.3,79.9
JUVROJ_clean,1082.0,479.4,205.5,80.1,135.1,179.5,251.5,252.0
JUXFAL_clean,732.2,322.3,195.0,68.9,111.0,143.5,227.3,231.5
JUXFOZ_clean,1947.3,725.2,252.2,99.3,168.4,227.3,300.6,306.5
JUYBEM_clean,756.8,379.7,189.3,69.1,123.3,160.1,211.2,211.6
JUYJIY_clean,395.2,165.4,145.5,46.0,63.1,83.1,142.8,148.9
JUYROM_clean,1910.2,803.1,248.2,103.4,176.5,232.5,299.9,298.4
KABNIL_clean,727.7,336.4,158.2,59.7,99.0,135.0,193.9,195.7
KABXAO_clean,389.5,221.3,178.9,57.8,76.5,95.2,174.4,206.0
KABXES_clean,1223.3,520.0,203.0,78.0,135.2,178.9,241.9,243.4
KABXIW_clean,1233.0,511.7,206.9,78.3,134.5,177.9,243.1,244.2
KABXOC_clean,1269.0,540.0,210.3,80.8,139.8,183.9,248.7,248.5
KACGAZ_clean,945.6,378.6,286.1,94.8,138.3,177.0,250.3,264.1
KACGED_clean,,,,202.8,286.8,373.7,498.1,504.4
KACKIL_clean,780.8,258.4,138.1,45.7,78.6,100.8,143.0,141.0
KACZEV_clean,2968.0,1134.5,555.3,210.7,320.6,402.6,504.6,518.5
KACZIZ_clean,3138.1,1229.7,627.1,215.4,333.7,415.6,543.0,527.5
KADLOT_clean,733.5,277.4,268.8,88.1,114.2,139.4,223.2,237.0
KADLUZ_clean,1156.7,466.2,365.0,122.4,184.3,208.4,307.8,311.8
KAGCAY_charged,,,,89.2,131.3,169.6,283.4,293.1
KAGVUL_clean,1071.0,447.6,172.1,64.2,110.5,145.4,203.7,202.3
KAGWEW_clean,368.3,156.3,127.7,42.3,55.6,70.6,129.6,166.0
KAHMOW_clean,1191.9,840.7,352.6,172.2,321.8,390.8,422.2,425.6
KAHNOX_clean,95.4,91.1,75.8,22.9,25.9,29.3,49.5,65.4
KAHPUE_clean,296.1,141.2,107.9,35.9,50.9,65.4,117.8,132.1
KAHYEY_clean,324.6,191.0,150.2,49.9,69.7,89.5,162.5,181.7
KAHYID_clean,273.6,152.7,130.5,41.8,53.5,64.9,119.9,138.7
KAHYOJ_clean,287.1,161.3,138.2,45.7,56.8,68.0,125.0,147.9
KAHYUP_clean,287.0,161.6,139.4,44.7,55.6,68.5,125.1,147.5
KAHZAW_clean,326.5,172.2,156.9,48.6,60.6,73.7,135.9,158.9
KAJZIH_clean,1099.4,444.8,235.2,84.6,134.4,179.9,276.4,285.2
KAKCAD_clean,949.7,378.8,375.4,124.2,158.6,200.5,296.7,333.1
KAKCEH01_clean,1064.0,392.5,230.3,78.9,131.0,165.2,261.1,266.8
KAKCEH02_clean,1146.6,415.9,243.6,85.7,132.8,185.8,280.7,287.1
KAKCEH_clean,1101.9,401.9,232.7,85.1,128.9,167.2,261.4,273.9
KALFEK_clean,1748.2,756.6,326.2,124.5,204.6,266.1,338.2,321.1
KALFOU_clean,1071.9,473.0,215.5,81.4,137.3,181.0,257.5,260.8
KALFUA_clean,2951.3,1420.8,470.0,176.6,301.9,361.7,405.1,412.0
KALGAH_clean,1019.5,451.6,208.4,79.0,132.0,170.4,249.7,250.3
KALGEL_clean,1008.4,429.1,220.7,77.6,128.3,169.4,250.3,255.4
KANDIO_clean,1003.3,468.0,211.6,78.6,134.8,176.4,247.8,244.5
KANMIX_clean,1464.1,598.2,241.0,93.3,159.3,212.3,281.8,284.6
KARLUM_clean,2814.3,981.6,381.8,141.9,236.5,311.1,431.4,438.6
KARMUN_clean,,,,334.3,455.3,505.9,685.0,698.3
KARNAU_clean,1523.9,518.5,307.7,106.5,160.7,209.6,333.3,330.7
KARNID_clean,1257.2,474.2,321.6,114.6,165.0,200.8,287.8,273.5
KARTAA_clean,1474.9,593.5,229.9,88.6,152.1,200.6,268.5,265.2
KASRAZ_clean,2056.2,794.2,257.5,100.9,176.4,236.6,307.4,304.4
KASRED_clean,1919.7,754.9,245.5,96.7,166.4,223.4,290.7,289.3
KATDAM_clean,488.0,474.3,408.3,130.4,153.7,176.3,325.5,403.9
KAVGAQ_clean,1116.2,553.5,220.6,88.8,156.2,206.3,268.9,268.3
KAVJAT_charged,,,,116.3,179.3,234.1,362.8,374.3
KAVJEX01_clean,1619.0,549.7,349.2,121.8,181.9,238.7,386.7,383.8
KAVJEX_clean,11554.6,4149.2,1209.8,485.2,839.6,1032.1,1200.9,1191.8
KAVKIC_clean,329.7,223.8,190.1,63.6,91.5,121.3,204.9,217.6
KAVNIH_clean,1160.2,519.9,424.4,139.2,198.4,259.7,391.9,403.2
KAVTEI_clean,1218.7,528.9,290.0,109.2,167.4,221.9,317.7,328.2
KAVTUY_clean,742.6,384.0,290.8,102.1,152.2,202.8,333.0,350.5
KAVXAI_clean,3265.4,1422.6,303.5,126.7,240.1,281.6,312.3,343.4
KAWBOB_clean,1264.5,460.6,269.0,95.7,146.9,203.5,317.4,326.1
KAWHEY_clean,579.5,314.6,428.8,143.3,159.7,168.4,278.0,299.6
KAXQIL_clean,1751.4,1384.5,385.8,231.7,417.9,465.6,478.8,643.8
KAYBIX_clean,960.4,505.4,179.7,76.0,135.3,175.7,216.8,217.7
KAYBUJ_clean,970.3,487.7,183.3,72.6,131.8,169.9,219.0,222.1
KAYCIY_clean,1914.0,768.0,246.6,98.4,176.6,229.0,298.1,303.0
KEBDIG_charged,,,,127.7,226.9,296.4,358.7,357.4
KEBFII_clean,726.7,307.4,237.6,79.3,119.5,153.3,261.5,275.1
KECRAL10_clean,139.4,96.1,74.7,24.4,30.3,35.6,68.3,83.5
KECRAL11_clean,602.0,210.2,111.0,39.7,62.3,82.8,133.9,138.4
KECRAL12_clean,210.3,104.4,81.8,26.5,34.3,43.1,83.5,95.9
KECRAL_clean,201.5,101.6,81.8,25.4,33.2,42.3,79.6,94.5
KEDJAG01_clean,455.7,170.4,130.6,42.9,59.4,79.6,140.0,156.0
KEDJAG02_clean,454.1,170.5,131.7,43.1,60.1,78.4,139.0,156.7
KEDJAG03_clean,468.4,171.8,131.4,42.8,60.9,77.9,139.4,153.0
KEDJAG04_clean,434.7,165.0,125.3,42.0,59.4,74.6,137.3,148.7
KEDJAG06_clean,447.2,165.0,126.1,42.3,58.9,75.4,136.7,150.7
KEDJAG08_clean,440.5,165.7,124.8,42.1,58.8,75.3,137.5,150.1
KEDJAG10_clean,459.5,170.9,128.2,44.0,60.0,77.5,140.7,153.9
KEDJAG12_clean,450.0,170.6,130.1,43.5,61.4,76.7,139.5,153.0
KEDJAG14_clean,458.3,170.2,130.2,42.8,59.9,77.8,144.5,154.8
KEDJAG16_clean,457.2,170.8,128.6,42.7,62.5,77.2,140.0,153.5
KEDJAG18_clean,462.4,169.9,127.8,43.1,61.6,76.4,143.0,159.2
KEDJAG20_clean,460.4,173.3,135.4,43.1,60.0,80.7,141.5,153.3
KEDJAG22_clean,467.0,175.7,128.6,45.9,60.4,78.1,141.7,154.3
KEDJAG24_clean,463.1,172.7,127.8,42.6,60.2,78.8,140.3,152.9
KEDJAG26_clean,465.5,168.0,126.4,42.4,61.1,77.6,139.0,151.7
KEDJAG28_clean,469.2,169.8,127.0,42.7,60.0,76.8,139.6,154.5
KEDJAG_clean,439.3,165.3,126.1,42.0,59.0,75.7,138.0,149.7
KEDNOY_clean,549.5,331.2,162.2,62.4,111.2,143.0,186.9,187.2
KEDQAN_clean,1364.9,651.5,303.1,111.3,188.9,261.4,369.8,338.0
KEFBEE_clean,275.2,125.9,98.6,33.2,44.0,55.6,101.2,115.4
KEFBII_clean,469.8,170.0,121.4,41.1,59.8,79.0,129.4,134.7
KEFBOO_clean,285.4,132.4,105.8,33.9,45.9,58.0,107.2,120.2
KEFWAV_clean,1251.4,538.4,243.2,91.3,153.2,206.5,294.7,302.5
KEFWEZ_charged,,,,87.4,141.2,187.8,273.9,274.5
KEFWID_clean,595.2,304.1,198.3,72.0,118.2,149.8,233.6,236.9
KEGYAX_clean,327.9,263.1,210.5,68.8,91.4,112.0,208.3,242.8
KEGZOL01_clean,348.0,140.0,103.9,34.9,48.6,62.4,115.3,126.8
KEGZOL02_clean,352.4,144.9,109.4,37.1,50.4,65.9,119.7,132.5
KEGZOL03_clean,357.8,140.2,106.0,35.2,49.6,63.1,116.3,128.0
KEGZOL_clean,361.9,138.8,104.7,34.9,48.5,62.5,115.1,126.6
KEHFUA_clean,2073.1,971.1,410.7,158.8,279.0,358.7,483.8,471.4
KEHGAH_charged,,,,81.4,118.7,154.4,257.8,274.1
KEHGIP_clean,2385.0,1128.4,259.2,116.4,216.6,278.3,309.3,315.4
KEJBOQ_clean_h,1600.2,880.6,217.4,100.7,188.8,229.4,257.6,269.1
KEJHIQ_clean_h,1515.3,815.8,225.1,98.4,186.1,227.1,261.5,266.2
KELJAN_clean,11681.2,4429.7,959.4,390.6,699.2,865.7,898.0,1009.1
KENJEU_clean,2868.8,1153.3,598.7,205.1,344.7,457.1,644.1,630.7
KEPPIF_clean,529.0,196.7,145.3,49.6,70.4,92.4,160.2,169.3
KEQDER_clean,1168.4,407.5,208.1,77.3,118.9,159.8,244.5,243.2
KESBIU_charged,,,,171.6,287.9,384.6,534.0,502.3
KESBOA_clean,2421.5,890.2,402.9,157.3,243.0,308.5,414.6,425.3
KESBUG_clean,2252.4,856.2,398.6,147.0,232.6,310.3,420.0,402.1
KESGAS_clean,671.8,325.8,216.6,76.8,118.4,155.6,246.8,258.6
KESHAT_clean,968.0,391.4,277.5,96.8,141.9,186.7,313.7,333.9
KETHEY01_clean,1228.0,723.9,258.8,108.9,202.3,256.0,304.6,365.2
KETHEY02_clean,1075.3,623.2,213.5,92.4,169.0,219.8,257.3,261.9
KETHEY_clean,1123.4,665.4,239.6,101.4,187.8,235.8,282.9,284.3
KEVBIY_clean,15752.3,9518.0,1041.9,640.7,915.3,876.3,1644.7,3015.9
KEVBOE_clean,16244.1,9604.6,1180.6,615.6,892.7,902.1,1547.0,2829.5
KEVVIS_clean,980.8,438.4,302.9,107.4,167.5,213.3,342.5,352.7
KEVWUF_clean,249.1,142.3,117.5,37.4,47.2,59.5,108.9,129.5
KEWBUL_clean,2869.7,1357.0,472.4,184.4,338.3,444.9,582.3,554.3
KEWJIG_clean,3116.8,1365.4,461.1,171.7,305.6,370.5,425.4,428.0
KEWNUX_clean,725.6,298.3,265.2,85.9,111.6,138.2,251.7,269.4
KEWZET_clean,1025.2,426.3,226.4,80.6,134.0,176.0,261.5,265.3
KEXFAU_clean,920.8,384.1,231.1,81.9,126.4,167.6,268.9,278.4
KEXFIC10_clean,486.7,246.1,200.4,69.8,92.1,115.5,214.6,234.9
KEXFIC_clean,480.5,247.0,200.4,66.8,96.1,114.0,214.1,242.7
KEYFUR_clean,1883.9,907.6,696.9,249.7,379.1,491.6,794.8,799.5
KEYMUY_clean,595.4,270.7,139.5,50.8,84.5,112.9,165.8,166.9
KEYROX_clean,576.5,280.5,239.6,77.7,102.6,128.3,236.3,271.9
KEYYET_clean,205.6,132.5,110.2,35.1,43.9,51.9,97.1,119.4
KIBDEF_clean,1679.0,781.1,261.4,100.6,183.7,279.4,308.1,303.3
KIBDIJ_clean,1698.9,788.1,246.4,100.8,185.7,236.7,299.4,299.3
KICXAX_clean,374.6,361.4,318.9,98.6,118.3,139.2,249.9,310.7
KICXEB_clean,361.3,349.0,309.3,98.8,116.3,141.6,247.3,310.1
KIDDIM_clean,1276.5,639.0,261.8,101.7,180.5,232.9,298.1,298.3
KIDDOS_clean,2748.9,1479.8,347.5,163.2,312.5,378.5,412.0,442.3
KIDVIE_clean,392.9,175.4,137.2,46.3,63.8,82.7,149.3,162.9
KIFDIM_clean,898.8,323.8,201.7,68.6,105.1,140.8,225.0,231.1
KIFJIT_charged,,,,88.8,138.8,186.1,291.1,310.8
KIFWUT_clean,340.7,317.0,268.3,89.7,123.5,157.3,283.1,308.4
KIGCEK_clean,432.7,249.5,222.0,66.4,84.1,103.3,196.3,230.8
KIJPUQ_clean,1087.9,408.4,169.2,64.2,108.0,141.3,203.9,211.7
KIJRUS_clean,1557.0,581.7,245.2,90.5,156.8,200.5,278.7,278.3
KIKDAL_clean,1806.7,907.5,722.9,247.6,382.9,501.2,787.2,783.3
KIKFIV_clean,1273.0,520.8,300.6,111.6,170.9,223.8,356.3,357.8
KINDOC_clean,999.0,401.2,209.5,75.2,124.2,161.1,245.8,248.8
KINFAQ_clean,976.9,374.7,179.7,64.7,105.2,141.2,210.6,212.7
KINFEU_clean,1587.0,684.8,240.3,95.6,164.6,218.1,285.2,281.4
KINMUR_clean,2206.1,1200.9,164.9,84.6,156.4,170.4,186.8,330.8
KINNIG_clean,943.9,347.1,127.0,49.6,80.9,110.3,153.8,150.8
KINPUU_clean,768.2,414.6,322.2,111.4,166.0,217.3,369.0,383.3
KINQAB_clean,736.8,402.0,320.1,110.9,164.9,219.9,362.9,388.7
KINRIK_clean,1617.1,690.9,922.1,297.5,358.1,418.0,607.5,674.9
KINROQ_clean,1563.9,716.7,979.1,305.0,344.9,403.1,619.8,659.9
KINSEH_clean,1117.0,405.2,210.5,65.7,109.1,143.3,222.3,212.2
KIPJIE_clean,730.8,344.2,284.4,95.4,139.3,168.7,293.0,316.3
KIPJOK_clean,765.7,340.4,282.4,94.1,134.1,169.9,300.8,320.9
KIPJUQ_clean,680.8,420.5,357.1,119.6,148.9,184.4,340.0,393.8
KIPKAX_clean,876.3,429.6,363.5,123.4,162.8,206.0,372.3,429.3
KIPKEB_clean,768.8,427.0,377.0,118.4,158.3,196.8,355.7,404.9
KIPZEQ_clean,1397.9,676.9,274.6,114.7,188.8,247.6,329.8,331.8
KIRFIA_clean,283.8,133.7,104.9,34.3,46.0,56.9,106.7,123.5
KIRTUC_clean,1604.2,961.0,165.9,88.6,165.3,187.7,199.3,277.1
KISVEO_clean,332.0,157.1,151.9,50.3,61.9,75.4,129.4,145.3
KITVEQ_clean,512.0,254.6,208.5,70.0,98.7,128.3,222.1,234.8
KIVDUQ_clean,470.9,232.4,190.3,63.0,86.9,110.9,202.8,220.9
KIVFAY_clean,464.5,232.0,189.3,62.9,88.2,110.8,199.5,219.8
KIVFEC_clean,462.1,233.1,194.1,62.9,87.5,112.0,200.4,220.2
KIYMIQ_clean,1022.4,470.8,232.4,85.6,142.6,189.0,274.5,273.1
KIYQEQ_clean,1582.9,706.4,213.9,88.0,160.9,209.6,257.9,271.2
KIYQIU_clean,1868.6,886.9,250.0,108.1,191.0,247.2,299.6,296.3
KIYQOA_clean,1523.0,802.2,247.1,105.8,196.9,254.6,296.5,294.8
KIYTOD_clean,955.1,357.4,311.9,103.6,143.4,166.4,258.5,269.7
KIYXUN_clean,784.1,333.8,328.8,108.9,135.2,170.9,290.7,315.4
KOBFIR_clean,808.4,309.0,169.6,60.7,96.4,126.3,196.0,199.7
KOBRAV01_clean,867.5,483.8,705.0,208.7,246.5,285.9,473.2,479.4
KOBRAV_clean,812.0,456.5,555.7,201.5,241.0,309.4,477.9,470.1
KOCCUC_clean,494.5,210.4,163.3,54.8,78.8,95.7,174.9,193.2
KOCWEF_clean,1772.7,689.8,301.3,110.3,180.7,238.7,331.8,325.5
KODPUP_clean,1305.7,520.4,216.9,72.1,128.2,162.8,219.9,217.3
KOFPEB01_clean,963.1,427.6,301.9,105.1,158.2,209.6,344.3,357.7
KOFPEB02_clean,980.4,427.7,317.2,105.5,159.9,210.5,345.1,355.7
KOFPEB03_clean,962.3,430.7,300.6,107.6,159.1,210.5,343.1,358.6
KOFPEB04_clean,1002.9,453.1,304.4,107.4,166.6,217.3,351.5,364.0
KOFPEB_clean,980.2,428.0,300.9,107.6,159.3,212.9,347.5,355.6
KOFVOS_clean,2422.5,1170.3,301.5,127.4,240.3,304.6,359.9,375.6
KOGSOQ_clean,2501.6,1093.0,372.5,140.4,246.4,319.3,406.5,394.1
KOGYIP_clean,317.5,218.7,175.6,57.9,78.5,98.2,182.6,205.6
KOHDIW_clean,743.7,269.5,190.8,65.5,94.5,120.3,192.6,197.1
KOHKIC_clean,2540.1,895.8,722.0,266.5,343.6,435.8,619.8,606.9
KOHKOI_clean,2295.9,933.1,848.1,240.1,344.5,447.4,644.0,618.3
KOHLIE_clean,4324.0,1720.7,440.8,186.5,357.3,425.7,483.9,503.4
KOJTOU_clean,772.6,313.3,221.8,78.2,113.4,148.3,242.8,253.9
KOJZEP_manual,1203.2,417.3,205.7,77.3,119.4,158.8,244.7,246.6
KOJZIT_clean,1348.6,472.6,235.7,81.4,129.0,172.3,262.0,263.1
KOJZOZ_clean,1127.6,417.1,405.7,124.7,164.7,200.5,321.6,328.0
KOJZUF_clean,2345.9,1071.4,416.7,161.2,286.7,394.6,500.3,480.9
KOKKOL_clean,912.7,458.3,187.2,76.0,135.4,179.8,227.7,227.9
KOMCOG_clean,1547.5,617.6,308.5,118.0,177.2,234.7,336.3,334.0
KOMDAT_clean,1923.1,683.1,516.3,174.0,254.5,317.6,460.2,469.7
KOMGUP_clean,477.4,268.3,153.1,56.2,93.8,126.1,182.6,185.0
KOMHEB_clean,2254.2,1322.7,392.7,184.0,344.8,395.0,445.1,473.0
KOMHIF_clean,2367.7,1466.0,383.5,201.8,371.3,421.1,438.1,535.7
KOMHOL_clean,2715.5,1478.1,388.3,195.6,365.3,417.0,444.6,542.3
KOMHUR_clean,2469.0,1461.9,378.8,201.7,368.4,427.2,443.5,552.2
KOMJAZ_clean,2811.1,1585.1,400.8,206.5,387.6,413.5,442.6,563.7
KOMVIT_clean,630.5,303.8,247.3,83.7,111.8,143.2,256.9,290.0
KONCIA_clean,857.1,397.9,192.7,72.0,117.7,158.1,232.8,236.5
KONSAJ_clean,2186.5,768.8,558.4,198.7,273.0,355.5,588.4,623.8
KONYOB_clean,413.1,331.0,270.2,87.4,111.5,138.1,263.8,320.7
KOQGAA_clean,,,,84.5,150.8,192.7,253.3,249.4
KOQLUZ_clean,713.3,325.2,268.0,92.1,121.7,156.1,281.9,309.7
KORNAI_clean,600.2,316.2,260.5,86.2,121.3,159.0,278.3,305.1
KOSJAF_clean,670.1,241.1,166.6,57.1,82.1,106.6,187.8,195.7
KOSJEJ_clean,676.8,244.4,164.1,55.4,82.3,108.8,185.0,202.5
KOSJIN_clean,684.2,241.1,161.8,56.8,81.7,107.1,188.1,195.7
KOSJOT_clean,683.2,240.5,166.5,55.3,82.2,108.9,186.7,195.9
KOSJUZ_clean,680.7,242.4,162.1,55.7,82.0,108.7,185.2,196.5
KOSKAG_clean,685.3,245.6,163.6,56.5,82.6,108.7,188.1,196.0
KOSKEK_clean,683.3,240.6,161.4,55.4,82.4,108.6,189.1,196.5
KOSKIO01_clean,636.2,229.1,162.3,54.8,79.8,104.9,183.0,197.9
KOSKIO_clean,664.6,239.2,162.6,55.7,83.4,107.1,185.0,195.2
KOSKUA_clean,712.1,251.2,162.8,55.8,83.1,108.5,189.3,196.1
KOSLAH_clean,705.3,246.1,163.8,56.1,82.6,108.7,191.5,196.8
KOSLIP_clean,675.7,239.6,161.7,56.3,81.9,107.5,185.8,198.9
KOSLOV_clean,684.4,245.2,159.3,59.1,82.0,107.3,184.7,193.7
KOSLUB_clean,675.6,245.3,164.3,55.3,82.8,106.4,184.1,195.7
KOSMAI_clean,660.3,239.3,162.7,56.3,82.5,108.7,185.7,197.4
KOTSIX_clean,580.6,337.0,289.6,95.1,126.3,164.6,286.9,325.8
KOVGOT01_clean,1665.6,526.1,320.5,107.4,165.7,209.5,342.9,353.8
KOVGOT_clean,1724.0,530.9,320.4,108.0,162.5,215.0,347.8,357.8
KOVJAI01_clean,1615.4,625.8,247.0,92.3,157.0,209.3,286.1,291.6
KOVJAI_clean,856.0,337.0,170.1,61.1,98.0,132.9,201.1,206.1
KOXFUA_clean,944.5,420.0,332.8,111.9,159.4,207.5,328.2,352.4
KOXGAH_clean,3952.8,1914.0,521.0,224.8,393.2,501.1,565.7,555.4
KOXGIP_clean,1525.8,621.4,344.9,124.7,199.6,258.3,398.2,408.9
KOYRAT_charged,,,,173.7,304.7,389.3,479.3,474.9
KOZNEU_clean,3222.5,1431.9,311.7,141.8,261.1,324.3,349.2,378.5
KOZNIY_clean,464.9,193.3,146.4,49.8,71.6,91.3,160.4,173.7
KOZQEX_clean,4424.5,1473.7,456.5,179.1,316.0,396.3,505.7,489.0
KOZQIB_clean,329.1,202.8,233.0,71.2,80.7,95.0,150.7,177.3
KOZSID_clean,388.1,384.5,379.3,117.0,126.6,135.3,206.6,259.4
KOZSOJ_clean,322.5,306.4,318.6,103.2,109.0,117.1,156.1,189.8
KUBQAA_charged,,,,160.3,272.5,351.7,483.4,486.9
KUCDIW_clean,8678.6,3520.2,1289.5,500.9,803.9,1038.6,1223.3,1283.7
KUCDOD_clean,960.3,414.5,200.6,71.7,122.0,162.3,233.7,234.1
KUDLUR_clean,901.2,421.5,302.6,106.3,161.5,215.0,345.2,363.6
KUDMAY_clean,926.6,423.5,299.6,106.5,161.3,212.2,344.6,354.4
KUDWAJ_clean,2653.8,926.7,406.4,147.4,244.9,313.8,434.6,435.2
KUFBEU_clean,257.0,175.2,138.7,45.7,60.9,76.9,146.5,164.8
KUFTAI_clean,1963.7,868.2,282.8,113.3,199.7,258.8,334.4,322.0
KUFVAK_clean,834.6,290.8,151.9,56.9,85.4,113.6,178.3,181.6
KUGFAU_clean,731.4,304.1,241.8,83.6,115.2,145.0,251.9,265.8
KUGZIW_clean,932.7,341.2,220.9,76.2,114.4,149.4,256.0,266.5
KUHNEI_clean,1044.4,510.3,153.9,64.9,119.4,155.0,188.8,183.8
KUHZET_clean,4595.2,3350.3,740.9,461.7,755.1,765.9,922.1,1468.3
KUJMEJ_clean,735.8,281.6,129.5,47.9,77.9,103.6,156.4,162.6
KUJMIN_clean,1172.2,417.4,175.4,70.2,107.9,148.3,210.7,213.7
KUJNEJ_clean,2949.1,986.4,379.2,147.2,244.6,314.7,436.4,434.1
KUJNOT_clean,3755.6,1428.3,636.4,234.9,387.1,486.8,593.6,598.0
KUJNUZ_clean,3676.2,1550.2,658.0,250.6,405.8,510.5,610.3,603.6
KUJPAH_clean,1375.9,590.6,840.0,251.9,298.4,347.0,513.4,568.2
KUJTUG_clean,2748.0,1488.1,519.0,220.7,415.4,525.9,625.0,618.7
KUKMUA_clean,2936.9,1100.7,360.2,142.4,232.8,289.1,359.1,352.3
KUKPOX_clean,2397.5,1124.8,352.6,139.3,256.2,339.7,401.4,396.2
KUKPUD_clean,782.7,293.5,184.5,55.3,86.3,114.8,174.4,178.9
KUKQAK_clean,2408.9,1431.4,565.0,259.9,389.9,486.2,514.3,535.7
KUKZOH_clean,13436.5,5413.8,889.2,430.4,772.3,900.5,911.3,1232.7
KULLAG_clean,1543.5,541.3,373.5,130.3,189.0,246.5,385.4,381.5
KULLEK_clean,1250.2,434.9,377.6,123.4,170.8,217.2,360.8,381.2
KULMAG_clean,3843.1,1626.5,458.5,226.1,397.1,464.5,472.9,509.1
KULMEK_clean,799.0,274.3,213.5,72.5,101.5,132.4,218.3,230.4
KULMIO_clean,3431.2,1415.6,362.4,151.4,281.9,351.6,393.8,401.1
KULRIT_clean,1337.4,546.7,217.2,87.2,140.7,184.4,260.5,261.0
KULZEY_clean,2200.5,1209.1,741.0,269.8,423.9,562.3,741.9,730.3
KUMGIK_clean,6622.0,3092.8,400.5,225.3,403.4,449.1,484.6,745.7
KUMGOQ_clean,398.8,188.2,150.9,49.8,68.3,88.1,160.1,176.8
KUNLAH_clean,1469.7,649.7,417.7,138.6,217.1,258.8,331.5,324.2
KUNMUD_clean,1182.8,594.3,257.3,99.5,168.5,216.5,287.7,284.7
KUNSUJ_clean,4300.4,1553.7,1422.2,467.4,613.8,726.2,998.2,980.2
KUNWEW_clean,527.5,310.3,254.8,85.2,119.0,151.8,269.5,303.8
KUQWIE_clean,956.1,569.5,328.7,123.5,206.8,282.8,401.3,387.5
KUQXIE_clean,695.4,358.8,181.6,68.4,118.4,154.3,220.6,221.9
KUSDOT_clean,,,,154.0,250.4,332.2,380.4,383.1
KUSZED_clean,326.7,129.5,101.1,33.5,45.7,57.8,106.1,120.1
KUTDAG_clean,1427.0,652.5,686.7,217.6,299.7,339.1,500.3,513.9
KUTRUO_clean,2358.0,985.1,576.9,208.5,322.4,417.9,626.3,624.8
KUVJIW_clean,456.6,200.2,127.7,46.5,70.5,95.0,151.2,159.2
KUVMIZ_clean,646.8,264.7,279.2,92.2,115.0,139.4,231.4,259.7
KUVMUL_clean,1583.8,610.0,348.5,121.5,189.4,255.3,373.5,373.7
KUVYAD_clean,491.4,199.5,154.8,51.8,72.6,94.0,164.6,178.7
KUXLUL_clean,864.6,333.4,139.9,52.0,86.8,116.0,169.3,169.3
KUXREC_clean,450.5,171.2,134.4,43.0,61.1,78.1,140.2,153.7
KUXROM_clean,,,,99.1,188.6,235.1,231.4,277.6
KUXSAZ_clean,1348.2,550.8,223.8,78.3,130.4,172.3,240.6,240.8
KUYPIF_clean,1038.8,605.4,152.9,75.5,146.1,173.3,188.2,203.2
KUZPEC_clean,715.4,382.2,375.7,126.4,183.8,220.3,355.9,353.3
KUZYUB_clean,1980.3,674.6,249.5,91.6,158.2,210.8,284.9,288.3
KUZZAI_clean,1099.6,507.4,257.9,99.2,154.0,207.7,301.0,298.5
LABJUV_clean,284.6,247.5,206.5,64.5,82.4,98.8,188.1,225.4
LABMOT_clean,789.8,325.0,279.1,89.4,123.4,155.2,237.7,253.2
LABMUZ_clean,,,,316.8,494.7,548.4,595.7,582.0
LABNAG_clean,478.6,234.5,248.2,81.0,98.6,119.9,201.2,231.7
LABNEK_clean,1257.6,553.4,305.3,107.5,162.8,207.1,270.4,277.8
LABNIO_clean,497.5,229.8,243.2,77.6,100.6,122.9,205.0,219.3
LABNOU_clean,1281.4,807.7,910.1,311.2,472.1,603.9,804.8,760.7
LABNUA_clean,763.3,302.9,272.8,88.3,120.5,152.3,237.0,252.5
LABPEM_clean,1434.8,870.7,940.1,303.9,422.5,498.7,753.4,742.0
LABPIQ_clean,,,,91.2,153.4,199.6,266.4,266.9
LABPOV_clean,716.3,579.8,493.9,159.3,202.1,244.5,450.7,540.9
LABPOW_clean,,,,108.3,190.6,240.0,301.7,287.5
LABPUB_clean,715.7,583.0,503.0,160.5,203.1,244.3,458.9,545.6
LABPUC_clean,,,,105.8,187.3,238.4,286.3,288.6
LABQAI_clean,705.7,580.6,495.7,156.8,201.7,239.8,460.2,542.4
LABQAJ_clean,1053.7,402.7,293.0,97.0,139.9,174.7,264.4,259.3
LABQEN_clean,1053.2,443.6,299.7,103.0,154.8,186.1,274.2,274.1
LABRUE_clean,1152.4,530.1,540.0,174.4,224.6,279.5,421.5,440.6
LACBID_clean,1291.4,474.4,460.0,152.7,201.7,247.5,364.2,380.5
LACGED_clean,396.0,252.9,184.9,72.5,121.6,161.6,221.6,224.9
LACNUB_clean,1619.5,697.5,605.0,192.3,286.4,344.4,479.5,479.4
LACQIS_clean,800.2,297.6,168.7,59.9,94.5,122.3,197.1,204.6
LACYEW_clean,1777.1,609.1,282.7,88.4,148.1,193.2,261.1,263.3
LACYIA_clean,2289.1,867.6,263.9,102.0,181.6,239.9,306.5,296.4
LACYOG_clean,867.0,332.9,244.2,78.5,110.0,140.9,200.1,198.9
LACYUM_clean,3004.2,1199.5,309.6,128.5,231.8,292.2,345.2,351.5
LACZAT_clean,2476.9,838.0,344.2,118.7,187.8,250.2,310.6,321.6
LACZEX_clean,396.7,156.9,144.2,46.7,61.3,76.2,131.4,144.6
LACZIB_clean,409.7,159.6,158.3,47.2,61.4,76.7,132.0,144.1
LADHEF_clean,1571.4,635.1,239.8,92.3,157.1,210.9,286.7,288.6
LADHIJ_clean,1488.3,611.7,236.9,91.3,154.0,208.7,284.1,274.0
LADKEJ_clean,1533.0,696.4,244.1,106.0,176.2,229.1,295.1,294.1
LADQEP_clean,2052.3,934.5,322.1,128.0,230.1,306.8,388.7,385.4
LADQIT_clean,2071.8,903.8,327.3,127.1,234.4,298.1,395.2,407.2
LADQOZ_clean,2099.7,910.4,325.6,129.7,235.9,303.8,387.8,387.7
LADQUF_clean,2039.8,917.6,323.3,131.4,231.7,293.5,388.4,384.6
LAFFEG02_clean,2142.5,884.0,435.6,169.8,258.1,339.6,428.7,437.5
LAFQOA_clean,8342.4,3549.9,2273.7,786.7,1117.3,1295.1,1609.4,1589.1
LAFQUG_clean,8783.0,3650.8,2251.6,841.2,1054.0,1266.0,1631.1,1538.3
LAFRAN_manual,8468.1,3646.1,2307.6,812.9,1093.5,1282.3,1555.2,1569.3
LAFRER_manual,7839.1,3380.4,2296.3,817.7,1048.5,1267.1,1595.9,1488.8
LAFRIV_manual,8000.4,3509.6,2267.8,812.1,1061.2,1292.1,1520.5,1487.3
LAFROB_manual,8328.9,3573.5,2262.4,790.1,1127.4,1314.8,1522.6,1556.2
LAGBUS_clean,809.1,322.9,234.4,80.3,119.4,160.5,264.6,278.5
LAGDII_ion_b,736.2,321.9,258.8,85.2,122.6,158.0,275.7,301.7
LAGHIL_clean,1232.9,719.7,233.0,140.4,192.6,239.7,284.5,281.1
LAGMUD_clean,632.1,273.5,140.5,51.6,82.8,111.9,169.9,173.7
LAGNAK_clean,564.0,222.4,149.0,51.0,77.5,104.5,168.8,177.6
LAGNEO_clean,977.0,392.7,178.2,66.0,109.4,147.2,214.6,216.7
LAGNIS_clean,925.3,379.6,175.9,66.0,108.8,145.5,216.5,215.7
LAGNOY_clean,1004.8,434.4,184.2,71.6,121.5,156.7,224.4,224.4
LAGNUE_clean,838.4,415.4,179.6,70.4,121.7,160.8,221.7,219.2
LAGPAM_clean,428.0,213.7,144.3,50.1,77.7,103.8,166.0,171.7
LAGQER_clean,575.8,242.8,139.3,52.6,77.9,102.8,165.8,171.4
LAGQOB_clean,588.0,242.4,140.7,50.0,77.3,104.4,167.3,173.2
LAGTIY_clean,340.1,130.8,98.0,32.8,45.6,58.1,108.3,120.2
LAGVEX_clean,599.1,281.6,220.4,71.8,106.5,143.9,231.3,243.0
LAGVOG_clean,590.3,210.5,153.4,49.8,71.7,93.8,163.3,177.6
LAGWEX_clean_h,1852.2,755.0,270.8,108.1,184.1,246.2,327.0,323.0
LAGWIB_clean,434.8,175.2,148.8,48.1,65.0,81.4,146.4,162.4
LAGWUN_clean,785.1,308.7,175.6,62.8,97.6,127.8,207.1,208.2
LAHTUM_clean,2048.5,866.5,280.4,111.8,198.3,256.0,340.4,329.1
LAHVAU_clean,2869.7,1164.5,330.1,136.8,250.0,315.0,404.9,386.4
LAHYOL_clean,3501.1,2082.9,474.8,230.8,427.0,507.2,529.7,602.2
LAJFAG_clean,5024.0,3036.3,661.7,314.1,575.1,626.3,651.1,1018.0
LAJJAK_clean,1089.2,498.9,172.7,71.6,122.5,160.3,219.9,214.7
LAJKUE_charged,,,,440.6,730.3,960.8,1104.1,1108.7
LAJLAL_charged,,,,404.5,668.4,833.7,1127.2,1140.9
LAJLEP_charged,,,,454.8,764.4,948.1,1137.7,1107.5
LAJLIT_charged,,,,452.0,751.8,939.3,1174.2,1122.0
LAJTIC_clean,178.1,168.9,143.8,44.3,46.8,50.8,77.2,102.3
LAKFIN_clean,3779.1,1394.3,433.0,168.7,292.6,364.0,450.7,429.8
LALFEL_clean,419.7,159.6,125.1,40.5,59.2,72.7,131.5,142.9
LALFUB_clean,679.0,296.2,184.9,66.9,103.0,139.0,220.8,224.6
LAMFEK_clean,660.5,315.7,253.2,87.8,116.2,146.3,266.8,298.6
LAMFIO_clean,254.0,211.4,174.5,55.0,67.3,80.3,150.8,187.1
LAMFOU_clean,324.1,227.2,193.3,59.4,76.2,98.7,178.8,209.7
LAMHAI_clean,260.6,187.9,154.1,49.3,63.0,87.7,145.1,172.3
LAPLEW01_clean,3645.8,1720.5,370.0,176.6,308.8,350.6,372.0,459.2
LAPLEW_clean,7637.9,4705.0,672.4,403.0,482.9,490.8,969.9,1557.5
LAPLOG01_clean,7975.4,4685.1,625.9,399.6,493.5,480.1,1012.6,1615.1
LAPLOG_clean,8211.2,5907.5,598.1,486.3,505.8,569.9,1669.7,2509.6
LAPLUM_clean,9896.6,6543.1,703.0,574.3,574.5,637.1,1884.4,2853.0
LAPMAT_clean,8304.5,5196.6,620.6,496.4,553.0,568.9,1353.8,2177.5
LAPMEX_clean,,,,593.9,648.0,902.0,2449.9,3552.0
LAPMIB_clean,6743.8,4672.6,590.3,442.7,503.1,495.0,1336.0,1860.5
LAPMOH_clean,,,,535.0,512.9,625.3,1629.3,2434.3
LAPMUN_clean,9418.0,7178.6,685.4,546.7,603.7,815.8,2224.7,3311.2
LAPNAU_clean,6824.6,4786.7,687.1,440.9,513.9,502.2,1195.4,1802.3
LAPNEY_clean,6535.8,4822.3,612.1,444.6,498.1,503.6,1218.1,1926.9
LAPNIC_clean,7766.4,4556.5,695.1,361.2,474.8,475.6,923.9,1577.4
LAPNOI_clean,6987.5,4319.6,616.6,385.7,529.5,470.2,919.2,1454.5
LAPNUO_clean,7691.9,3977.0,615.8,335.5,491.1,497.8,744.5,1265.0
LAPZEK_clean,1935.0,696.3,313.0,109.0,169.4,221.3,271.4,289.8
LAPZIO_clean,2135.0,837.5,316.3,126.8,198.0,264.4,316.8,302.9
LAQNID_clean,761.9,282.0,183.3,62.9,95.0,121.6,183.3,183.9
LAQNOJ_clean,1847.9,665.3,293.3,99.3,165.9,213.4,261.3,261.0
LAQNUP_clean,1946.6,735.6,310.5,106.1,174.5,222.0,283.6,277.5
LAQZOV_clean,1483.4,580.1,226.4,85.4,143.2,192.4,267.1,268.7
LARNIE_clean,663.1,305.9,163.8,61.6,99.0,129.8,192.3,196.0
LARPEC_clean,2356.1,954.9,243.2,102.6,182.4,242.6,277.8,280.6
LARPOL_charged,,,,116.2,181.1,231.8,365.9,379.1
LARVIM_clean,1120.8,386.9,226.1,79.4,121.9,159.3,247.8,248.2
LARXUA_clean,499.6,295.9,388.3,122.8,142.8,150.3,241.0,284.8
LASDEQ_clean,3962.9,1505.2,492.8,189.4,311.6,393.9,463.7,451.8
LASMAV_neutral,2738.8,1160.5,420.7,160.7,284.6,373.3,455.8,470.2
LASRAB_clean,241.1,132.6,106.7,34.2,43.0,52.5,98.5,116.5
LASREF_clean,297.8,152.9,127.2,41.8,52.0,63.5,119.8,140.3
LASRIJ_clean,258.4,138.1,140.6,36.1,46.5,56.6,105.7,126.0
LASWEJ_clean,883.4,382.3,198.6,72.5,118.8,161.1,236.4,284.3
LASWIN_clean,1275.4,735.7,218.7,98.8,181.8,232.5,268.1,270.9
LASYOU_clean,2397.6,861.1,245.8,98.5,174.6,229.2,292.7,299.4
LATBUG_clean,864.4,365.3,473.2,138.9,169.0,200.0,286.1,315.5
LATCAN_clean,832.5,344.5,519.4,139.0,172.6,189.4,285.9,322.9
LATCEO_clean,330.0,141.4,111.9,35.7,48.3,62.2,116.6,130.9
LATCIS_clean,165.6,103.7,84.9,26.4,32.5,39.2,74.7,93.2
LATPIG_clean,764.0,319.1,206.4,73.0,110.8,146.5,235.7,243.7
LATYOX_clean,826.0,304.5,226.8,76.1,108.3,140.9,249.6,269.9
LAVCOD_clean,782.1,357.3,111.1,45.9,83.8,108.7,142.2,143.4
LAVCUJ_clean,142.0,135.5,110.8,33.9,38.0,42.5,69.4,93.3
LAVDOE_clean,725.3,335.7,263.5,93.9,135.1,170.9,275.1,290.1
LAVMAY_clean,1022.1,478.9,199.5,77.3,134.1,175.6,230.9,230.6
LAVSUY_clean,561.8,235.5,124.7,45.5,72.2,95.9,148.9,151.1
LAVTAF_clean,512.2,212.4,127.2,43.9,68.4,90.6,148.4,151.5
LAVTEJ_clean,517.5,213.3,122.3,44.1,69.1,91.8,146.4,151.8
LAVTIN_clean,488.0,205.0,120.0,41.6,66.2,88.8,137.3,144.6
LAVTOT_clean,520.8,219.8,122.6,44.1,70.5,96.7,148.6,152.3
LAVTUZ_clean,575.7,243.1,117.3,43.9,71.2,94.6,144.1,142.2
LAVZOA_clean,397.6,210.1,161.2,56.0,83.2,108.9,180.5,188.6
LAVZUG_clean,333.6,140.4,113.8,37.7,50.5,63.9,117.6,129.6
LAWFOF_clean,3051.8,1006.6,376.1,136.3,231.8,294.5,407.4,414.0
LAWFUL_clean,3122.0,1002.3,361.6,136.9,225.9,297.3,403.6,403.2
LAWFUN_clean,1307.2,637.2,283.1,108.6,182.4,243.6,329.2,317.5
LAWGAS_clean,3048.1,1020.4,356.2,134.8,227.5,304.4,402.8,411.1
LAWGEW_clean,230.1,125.1,99.7,32.1,41.0,50.4,95.4,112.7
LAWGIA_clean,229.5,125.3,99.7,32.3,40.8,51.1,95.1,112.6
LAWGOG_clean,233.4,125.4,99.9,32.0,41.1,49.9,94.1,112.4
LAWGOI_clean,597.7,343.5,352.2,105.4,138.1,167.8,287.2,317.1
LAWGUM_clean,228.2,124.7,100.2,32.4,41.4,50.6,96.2,112.4
LAWGUO_clean,771.7,325.5,344.8,97.9,144.8,169.2,275.9,301.1
LAWHEZ01_clean,663.9,328.5,333.0,99.8,132.2,165.6,288.3,304.0
LAWHEZ_clean,675.1,333.5,346.3,100.1,131.2,175.6,287.6,298.1
LAWHID_clean,624.6,319.7,331.8,97.4,131.9,172.6,279.7,292.5
LAWHOJ_clean,1612.6,618.3,272.3,102.1,165.1,220.6,313.1,313.5
LAWHUP_clean,1601.9,629.5,280.0,102.4,166.1,218.4,310.7,308.5
LAXCUK_clean,861.7,337.3,336.7,109.3,138.2,165.4,273.8,282.2
LAXJAX_clean,8633.4,3526.1,2270.0,791.5,1084.7,1308.7,1585.3,1488.9
LAYGAV_clean,5293.8,2253.4,536.9,230.1,438.1,536.5,606.5,620.5
LAZGOK_manual,445.3,295.4,241.8,77.7,99.5,122.8,229.5,269.6
LAZJIH_clean,721.1,333.8,147.2,56.2,93.9,119.7,160.3,161.1
LAZKUU_clean,1927.0,806.3,325.1,126.2,212.6,277.2,384.1,368.7
LAZXIV_clean,,,,88.4,141.5,184.6,271.4,276.7
LAZXOB_clean,521.2,220.6,170.9,58.0,83.6,106.1,187.4,197.3
LECFAC_clean,1995.3,791.0,277.4,107.7,187.7,252.0,311.2,312.5
LECFEG_clean,1943.7,788.4,292.1,107.5,189.4,242.2,313.8,314.3
LECFUW_charged,,,,118.5,199.6,267.2,358.1,358.4
LECGIL_clean,195.2,152.5,127.6,39.6,47.8,56.7,103.9,131.8
LEDHEJ_clean,842.6,501.7,246.4,97.8,174.4,232.4,297.6,293.8
LEDHIN_clean,837.1,501.9,246.6,101.5,176.0,228.8,299.2,297.3
LEDLAJ_clean,1432.0,658.3,396.2,151.6,229.4,304.2,465.9,451.9
LEDLEN_clean,1303.2,481.3,255.6,94.8,147.3,191.4,298.4,302.6
LEDNEP_charged,,,,116.8,198.6,256.7,359.5,360.2
LEDNIT_charged,,,,98.4,150.4,201.2,336.0,331.1
LEGGEK_clean,1222.4,695.7,230.0,94.6,178.4,230.7,268.0,276.3
LEGGIO_clean,5690.9,2624.6,461.3,218.2,435.0,498.6,524.4,639.3
LEHXUT_clean,410.3,232.6,275.1,86.3,103.5,119.8,188.3,215.7
LEJBUX_clean,253.6,119.8,95.4,30.7,40.9,50.5,95.5,110.5
LEJCAE_clean,271.9,120.4,95.8,31.6,42.0,53.4,98.7,111.7
LEJCEK_clean,224.2,168.0,193.2,58.2,65.5,74.6,118.3,141.5
LEJKIW_clean,1521.8,741.2,193.9,85.5,155.3,200.2,232.8,235.0
LEJRIC_clean,694.0,244.9,155.9,54.8,80.1,104.7,180.4,189.2
LEJZOQ_clean,2232.7,1012.1,590.6,206.5,324.1,432.6,604.6,602.9
LELDOX_clean,6754.6,2256.2,2098.6,656.3,829.6,991.9,1284.1,1329.3
LELDUD_clean,1918.2,651.2,864.4,275.0,329.3,391.8,524.1,577.4
LELMIA01_clean,826.7,426.6,158.7,63.8,114.7,147.5,187.0,187.9
LELMIA_clean,812.6,395.1,148.8,59.6,106.9,139.6,183.7,182.2
LELROL_clean,1671.5,581.3,281.8,101.6,163.4,209.7,332.4,329.2
LELRUR_clean,1144.2,430.1,292.3,100.4,144.6,187.0,301.7,312.9
LEMVOP_clean,1583.8,732.2,481.0,170.5,269.0,354.8,537.2,542.1
LENGAO_clean,1029.9,395.8,249.2,87.9,134.8,178.2,273.8,273.8
LENGES_clean,2970.7,2471.3,438.8,468.2,607.0,920.8,1793.6,2079.8
LENKIA_clean,637.0,230.5,153.5,52.7,78.5,103.3,178.7,188.0
LEQBUG_clean,1872.5,620.1,282.4,94.6,155.9,197.4,247.7,250.5
LEQCAN_clean,1676.5,638.1,270.4,92.0,153.3,193.3,239.6,246.1
LEQQAA_clean,1687.2,638.5,256.8,90.9,154.5,201.4,277.9,279.0
LEQQII_clean,981.5,347.3,278.9,92.4,129.1,167.7,281.5,302.2
LEQVUZ_clean,3591.1,1257.5,451.9,168.7,286.2,378.7,500.6,468.7
LESWAI_clean,1226.8,638.0,243.9,98.1,173.1,232.0,291.5,289.7
LETDEU_clean,149.5,144.5,129.0,40.2,44.2,49.4,76.5,98.3
LETDUK_clean,371.1,159.5,126.2,45.3,56.2,71.1,133.4,148.9
LETPOR_clean,2493.8,911.5,503.9,176.9,248.4,345.1,450.8,429.9
LETPUX01_clean,1132.8,420.2,285.5,98.8,143.1,186.6,267.1,276.6
LETPUX_clean,1146.7,447.4,293.9,99.0,143.8,185.7,277.2,274.9
LETQAE01_ion_b,1226.2,484.8,241.4,90.9,149.2,203.4,299.3,305.5
LETQAE_clean,1939.0,747.3,390.8,136.2,225.6,273.2,375.6,368.1
LETQEI_clean,2793.6,1112.8,527.0,176.9,300.2,348.4,469.1,471.1
LETRAF_clean,3546.5,1247.9,580.3,224.3,333.7,410.7,511.7,527.0
LETREJ_clean,6331.9,2209.0,1036.1,326.0,479.6,590.2,741.8,725.8
LEVBAQ_clean,6051.4,3254.1,342.4,212.9,383.9,422.9,462.5,828.4
LEVDIB_clean,765.6,283.5,169.1,60.1,90.6,122.9,189.7,195.2
LEVLEF_clean,1855.7,854.7,589.2,212.5,311.9,425.9,501.4,493.3
LEVNOQ01_clean,1553.6,740.7,248.8,100.5,180.1,236.8,297.8,295.7
LEVNOQ_clean,1592.9,742.6,245.1,98.7,176.4,234.4,298.0,299.5
LEVPAF_clean,1771.1,640.6,365.3,132.2,199.8,278.1,396.3,398.5
LEVYOC_clean,873.8,468.5,236.4,90.8,156.3,206.5,283.6,284.2
LEWMUX_clean,2986.8,1330.4,273.2,132.6,263.4,302.4,328.8,371.0
LEWZET_clean,631.7,340.9,138.0,49.9,89.0,119.2,148.3,147.9
LEYFUS_clean,624.8,321.7,306.9,96.1,128.0,153.9,270.0,303.0
LEYPAI_clean,333.8,171.4,136.6,45.1,62.3,77.2,141.7,163.1
LEYQUD_clean,268.0,159.0,137.2,44.2,54.2,67.4,122.4,143.1
LEYRAK_clean,274.1,158.9,139.3,43.6,55.5,67.4,123.1,148.7
LEYREO_clean,269.5,158.6,135.8,43.1,54.2,65.4,120.3,142.8
LEZJOQ_clean,696.9,405.7,279.6,98.1,167.5,221.8,310.6,310.5
LEZJUW_clean,,,,344.7,571.5,567.6,605.2,888.1
LEZLAF_clean,893.0,408.0,303.7,110.9,155.1,203.4,340.7,356.5
LEZMIN_clean,1425.4,692.1,166.5,74.0,142.9,175.9,206.2,209.8
LEZWUK_clean,659.1,339.0,318.8,100.1,133.4,156.2,286.8,324.6
LEZXAR_clean,732.2,334.2,312.8,103.0,131.1,167.9,295.2,327.3
LIBQIY_clean,267.5,158.2,139.2,43.8,54.8,65.5,120.8,144.4
LIBZIG_clean,705.2,275.8,168.2,59.4,91.4,120.9,196.6,204.1
LICKAL_clean,427.1,246.5,192.7,67.2,103.9,135.6,221.8,225.4
LIDSAU_clean,1772.5,878.2,256.6,105.0,191.0,238.2,280.4,280.6
LIDSEY01_clean,4842.9,2738.9,380.0,230.7,386.6,413.4,465.0,830.2
LIDSEY_clean,1753.7,864.8,249.8,102.4,184.2,238.3,274.0,285.8
LIDSIC_clean,2879.7,1260.3,299.2,126.8,236.2,292.8,343.9,339.0
LIDWIG_clean,1420.7,688.4,298.3,117.5,200.0,261.4,356.3,351.5
LIDZOP_clean,1320.6,951.0,326.2,163.9,312.1,368.4,391.8,422.9
LIDZUV_clean,1666.9,1318.1,375.4,227.3,418.3,449.6,459.7,615.2
LIFSAW_clean,3630.2,1663.0,468.9,200.0,368.9,461.5,540.0,538.7
LIFSEA_clean,4583.1,2139.3,516.9,239.8,443.5,549.0,618.0,618.4
LIFWEE_clean,,,,43.3,61.2,78.4,138.2,152.5
LIFWOO_clean,1047.0,554.5,225.1,88.0,158.0,203.4,251.0,248.0
LIGHAM_clean,862.9,379.7,261.3,90.8,138.0,180.4,300.9,310.6
LIHKAQ_clean,3444.0,2258.2,228.9,218.6,236.3,266.4,798.8,1164.1
LIJNOJ01_clean,812.1,458.8,289.6,109.5,182.6,238.4,336.1,344.2
LIJNOJ_clean,793.0,459.7,298.6,110.8,180.7,238.6,333.4,336.7
LIKCOY_charged,,,,57.9,71.6,85.2,159.4,191.7
LIKDOA_clean,438.4,211.9,253.6,77.4,94.5,110.1,179.7,198.5
LIPQOR_clean,6182.2,2200.2,581.3,257.3,443.1,551.5,653.4,641.2
LIQDAS_clean,1559.3,516.4,272.8,97.4,152.9,199.8,304.7,312.1
LIQFEY_clean,806.4,388.6,178.3,66.6,113.8,153.0,211.6,213.2
LIQJEC_clean,440.4,223.8,199.2,64.4,83.8,102.7,187.0,210.7
LIQTUC_clean,2512.6,1161.3,449.8,171.8,296.6,375.9,471.6,480.6
LIRFIB_clean,109.4,91.2,73.5,22.8,27.0,31.5,58.2,73.6
LIRNOR_clean,4310.5,2155.7,814.9,313.4,474.5,597.5,702.6,679.8
LIRTUC_clean,2145.9,840.0,460.2,151.4,234.8,306.6,449.6,457.5
LIRVAK_charged,,,,132.5,224.8,295.3,404.1,404.2
LITCIC_clean,691.4,274.5,178.8,60.9,92.9,124.7,200.3,207.0
LITCOI_clean,3087.9,1275.6,341.5,143.9,263.6,329.9,403.2,400.2
LITDAV_clean,2513.7,1155.8,343.1,140.9,258.6,338.5,397.8,398.2
LITHUR_clean,489.5,187.7,144.8,48.9,66.7,86.8,156.1,170.9
LIVLUZ_clean,954.1,475.0,183.5,76.1,135.3,171.0,219.2,217.4
LIVTEP_charged,,,,69.4,99.9,126.7,222.0,244.1
LIVTIT_clean,666.1,255.8,134.7,49.1,78.9,104.5,161.2,164.9
LIVWAQ_clean,464.9,230.1,126.6,44.4,73.9,98.0,143.4,146.0
LIWFOM_clean,383.2,207.9,166.3,56.3,79.4,102.6,181.6,198.3
LIWVIY_clean,459.8,195.0,146.3,49.7,70.7,92.2,162.3,175.7
LIWXIZ_clean,513.7,476.2,396.3,126.0,157.1,189.1,352.9,425.2
LIWXOG_clean,882.1,354.0,191.5,70.4,108.3,144.5,224.0,228.4
LIXWAR01_clean,1410.9,695.7,253.5,94.9,167.1,216.3,300.4,300.1
LIXWAR_clean,1443.4,639.8,253.3,97.7,167.6,226.0,302.2,303.9
LIXXAS_clean,735.2,287.6,158.8,57.5,88.8,118.8,190.3,192.3
LIXXEW_clean,1580.7,957.8,274.1,125.2,241.7,297.5,312.6,336.3
LIZWEX_charged,,,,148.7,232.5,305.1,425.7,423.8
LOBHAM_clean,1733.3,654.4,276.7,103.9,178.9,230.8,329.5,329.5
LOCRUR_clean,703.1,273.2,152.2,47.3,76.4,102.4,153.7,155.1
LOCZIO_clean,993.2,443.6,228.3,82.8,132.8,176.7,263.1,265.5
LODCUC_clean,816.7,396.0,349.0,105.6,166.8,223.0,341.8,356.6
LODKIA_clean,2207.3,912.0,286.6,114.7,205.2,264.4,339.6,348.1
LODPUQ_clean,6905.1,3543.3,635.7,331.3,597.7,676.2,676.2,965.3
LODTAB_clean,992.1,401.2,188.6,60.7,104.7,136.7,188.7,185.3
LOFJAT_clean,978.7,372.3,204.7,74.9,114.8,150.9,206.2,209.0
LOFVUY01_clean,5895.9,2182.5,618.4,250.1,439.8,555.9,680.8,662.1
LOFVUY_clean,5784.6,2145.4,611.8,246.4,433.5,558.2,658.0,697.6
LOFZUB_clean,2091.6,1273.1,134.0,92.6,152.6,158.7,213.4,406.2
LOGBAK_clean,2231.1,1381.9,147.0,103.2,175.0,177.3,237.0,438.8
LOGBEO_clean,2100.9,1310.0,137.6,99.4,162.4,168.2,229.7,420.2
LOGXEM_clean,1202.8,582.0,788.3,266.0,300.7,342.7,495.5,539.4
LOJFOF_clean,4698.2,2229.6,574.0,248.2,470.5,571.5,649.1,657.9
LOJFUL_clean,523.6,204.3,144.5,50.2,75.6,97.2,160.8,169.1
LOJLAZ01_clean,521.7,209.6,134.7,48.7,71.5,94.3,161.2,164.5
LOJLAZ_clean,551.5,232.2,136.6,48.7,77.0,101.3,160.3,165.3
LOLREL_clean,4988.2,1820.7,564.9,231.0,397.8,502.2,614.4,600.6
LOLVAJ_clean,1729.3,769.9,597.9,200.1,299.4,377.0,619.2,622.4
LOMLOQ_clean,1580.2,593.9,166.4,67.6,120.1,157.2,207.4,203.0
LOMLUW_clean,1553.6,643.2,168.1,69.4,128.8,164.3,200.5,201.3
LONVAN_clean,1860.2,645.1,270.6,98.3,161.8,214.4,316.7,322.6
LONVIV_clean,1998.8,693.9,262.1,97.9,169.6,221.5,313.8,311.8
LONWIW_clean,1984.9,729.0,263.0,106.4,176.1,234.0,314.1,311.5
LOPZAS_clean,16994.5,7290.1,1856.6,800.0,1318.1,1591.4,1686.5,1814.7
LOQLEJ_manual,1061.6,454.6,187.4,73.4,125.1,166.8,228.1,226.9
LOQLIN_SL,1432.1,617.3,213.2,90.7,154.9,205.2,262.1,259.5
LORMOW_clean,551.3,326.3,260.0,90.5,135.6,176.8,294.9,309.7
LORNEL_clean,302.3,137.4,111.0,34.4,46.1,58.0,110.3,124.4
LORROB_clean,612.6,325.1,297.9,100.3,139.2,176.1,296.3,313.2
LOSBOM_clean,2021.1,802.7,232.3,93.1,169.0,215.5,279.0,280.1
LOSXIC_clean,1290.2,630.7,178.1,77.8,146.6,182.6,204.1,207.1
LOSYAV_clean,1120.9,561.7,197.2,77.2,138.7,180.3,229.3,230.1
LOTDIJ_clean,2118.3,1076.9,443.7,165.9,291.3,371.9,453.2,483.4
LOVLEP_clean,2775.9,1055.9,975.1,325.0,436.0,541.9,826.5,839.0
LOXBEH_clean,846.7,539.5,716.9,241.8,272.2,325.9,554.7,517.0
LOXKAM_clean,622.5,272.4,244.3,81.9,115.8,148.1,232.0,246.9
LOXVUR_clean,2615.5,1601.4,565.8,240.4,437.9,567.5,658.0,663.9
LOXWAY_clean,1357.9,652.4,375.6,139.5,219.3,292.3,444.8,450.9
LOXWEC_clean,1365.0,567.5,409.8,137.2,206.0,282.0,449.1,472.3
LOZSOK_clean,2058.8,1191.5,429.8,187.0,336.7,413.0,455.2,461.6
LOZSUQ_clean,1954.8,1197.5,430.5,182.9,348.0,430.5,459.3,484.7
LUBMAW_clean,1111.6,418.6,319.3,106.1,158.1,197.6,351.0,359.4
LUBNAZ_clean,1199.2,442.9,236.7,80.9,128.9,171.3,264.7,270.0
LUCDAO_clean,836.6,286.6,170.2,59.6,92.0,118.2,203.2,207.3
LUCDES_clean,829.0,284.2,170.0,60.2,90.2,118.4,197.6,209.2
LUCDIW_clean,829.0,281.4,173.5,59.3,90.7,118.7,195.4,204.5
LUDCUK_clean,1246.4,777.2,278.7,138.9,255.0,301.8,335.5,340.8
LUDKIG_clean,718.6,494.3,440.8,159.2,282.6,366.2,478.0,488.9
LUDKOM_clean,1528.6,941.1,283.5,140.3,269.0,319.8,349.9,357.2
LUDKUS_clean,1569.9,1055.3,285.5,158.7,298.7,339.3,348.2,426.0
LUDLED_clean,8213.5,3329.2,564.6,281.8,527.6,637.6,652.9,772.1
LUDLIH_clean,8493.3,3274.2,586.6,273.6,527.2,607.3,654.2,761.5
LUDTUZ_clean,931.4,336.0,282.3,93.3,130.7,163.4,255.2,252.9
LUDVAH_clean,1378.7,636.5,287.5,112.5,184.8,238.9,319.1,320.6
LUDVEL_clean,573.8,238.0,262.5,81.6,100.8,121.3,209.6,222.8
LUDVIP_clean,725.8,312.3,241.2,80.6,117.0,151.6,256.5,269.5
LUDVOV_clean,574.5,255.8,263.2,82.9,104.1,125.4,214.8,233.3
LUFBUL_clean,1082.5,645.9,217.9,98.3,180.0,229.9,267.8,272.8
LUFCAS_clean,795.6,402.1,233.3,89.4,142.9,188.1,282.6,279.8
LUFNAC01_clean,1263.2,536.0,235.1,86.8,145.9,194.0,279.5,279.2
LUFNAC02_clean,1186.2,510.3,215.8,80.8,137.4,181.6,256.2,261.7
LUFNAC03_clean,1205.6,506.6,217.2,82.4,140.6,181.8,258.4,259.8
LUFNAC04_clean,1194.3,501.9,215.4,81.6,136.4,179.8,257.1,259.0
LUFNAC05_clean,1202.0,502.2,216.9,81.1,138.1,183.6,259.9,258.6
LUFNAC_clean,1191.9,510.3,221.3,82.3,138.9,183.0,256.0,259.1
LUFNEG_clean,1251.0,650.6,226.0,95.5,175.5,219.0,267.4,267.4
LUFQUZ01_clean,631.3,318.7,108.5,45.6,82.9,108.0,139.9,142.1
LUFQUZ02_clean,383.5,182.6,94.6,35.5,58.7,79.2,122.1,122.3
LUFQUZ_clean,888.1,487.8,128.9,57.4,110.2,138.4,166.1,163.0
LUJBAV_clean,337.9,279.9,251.8,86.3,119.3,154.0,266.2,285.4
LUJPUC_clean,329.0,191.6,152.4,49.4,64.4,79.8,149.7,174.7
LUJSOA_clean,337.8,279.2,231.4,72.8,89.9,107.6,201.6,249.2
LUKLIN_clean,2043.2,648.8,268.6,96.8,160.6,212.4,305.7,298.9
LUKREO_clean,1929.6,884.9,438.3,159.5,272.9,365.6,515.3,520.0
LUKRIS_clean,365.6,332.7,292.4,93.9,124.2,154.8,295.7,321.0
LULVOF_clean,1939.5,1093.9,448.4,187.6,360.4,411.9,485.5,479.0
LULXAS_clean,964.1,449.7,193.2,74.7,126.4,169.2,228.8,232.2
LUMDEC_clean,472.9,273.8,232.6,76.2,98.1,123.3,224.8,257.9
LUMLIQ_clean,1092.9,686.3,204.0,98.8,187.4,227.0,250.6,259.2
LUMYEZ_clean,996.7,390.3,168.1,63.5,103.9,137.9,200.3,207.2
LUMYID_clean,1001.5,398.0,172.2,63.4,108.4,139.7,204.8,205.4
LUMYOJ_clean,1007.1,394.9,170.9,63.1,105.4,141.8,206.5,206.9
LUMYUP_clean,964.2,375.4,169.0,62.4,103.1,137.3,200.5,201.3
LUMZAW_clean,1674.2,662.1,214.2,86.7,150.4,197.2,258.6,257.7
LUMZUO_clean,271.5,143.3,114.4,36.8,50.9,58.8,112.3,131.4
LUNBAX_clean,261.0,145.7,115.6,37.5,48.2,60.4,110.6,131.6
LUNBEB_clean,267.1,144.5,117.7,37.5,49.6,61.2,112.0,135.2
LUNBIF_clean,119.2,84.3,67.6,21.5,26.0,31.2,58.4,72.4
LUPTAS_clean,829.4,459.6,259.1,99.6,169.1,222.5,309.8,307.4
LUPYAX_clean,1615.9,610.9,223.4,85.9,146.3,192.5,263.0,272.1
LUQGAG_clean,1048.1,468.7,244.3,90.3,145.5,193.1,293.4,295.5
LURLOB_clean,1007.9,361.4,158.6,58.4,95.0,130.1,195.1,196.5
LURRIA_clean,408.8,215.9,258.7,78.7,92.2,106.6,181.0,202.3
LURRUM_clean,3349.1,2749.0,288.7,269.1,364.0,602.3,1380.7,1792.6
LUSHIR_clean,1394.7,697.1,288.8,115.2,197.9,260.2,346.7,349.3
LUSHOX01_clean,1143.9,540.1,233.6,88.2,151.9,201.9,272.4,272.4
LUSHOX02_clean,1179.1,543.1,227.4,88.7,150.4,198.5,270.8,269.6
LUSHOX03_clean,1157.8,536.7,223.6,86.2,150.8,199.9,262.7,264.3
LUSHOX04_clean,1142.3,524.2,224.4,84.9,145.5,190.3,266.1,261.9
LUSHOX_clean,913.9,435.7,183.8,69.9,123.8,156.7,240.2,213.4
LUSHUD_clean,1374.5,706.1,285.9,115.1,202.1,275.2,351.3,342.6
LUSJEP_clean,1553.4,722.2,288.7,111.8,195.1,255.5,339.5,336.0
LUSJIT_clean,1474.0,695.7,281.5,110.2,193.8,252.3,383.5,344.1
LUSJOZ_clean,1501.9,719.8,288.7,109.4,203.6,257.4,335.0,337.4
LUSQOH_clean,10224.8,3825.1,1244.2,452.2,805.8,998.8,1211.5,1214.2
LUSYEF_clean,1107.9,406.7,225.7,80.1,122.7,158.4,236.1,245.2
LUTSEA_clean,276.6,187.4,153.1,50.1,61.9,75.2,145.1,169.3
LUTZEH_clean,5814.5,1861.0,2006.2,600.3,752.4,892.0,1197.7,1286.6
LUVTAY_clean,1912.2,682.3,427.8,146.6,216.3,287.6,436.4,439.6
LUVWUU_clean,2502.1,989.1,503.7,199.5,282.7,385.2,525.4,554.8
LUWMEX_clean,2262.1,1022.8,287.0,124.6,220.8,287.6,337.9,337.3
LUWMIB_clean,2208.8,955.8,260.5,115.0,199.1,255.1,317.5,321.1
LUWMOH_clean,2136.0,933.0,258.8,109.7,207.6,252.5,309.1,312.8
LUWMUN_clean,665.3,228.0,188.2,61.2,86.7,113.1,185.4,196.7
LUWNAU_clean,659.1,231.6,192.8,60.9,85.2,109.3,183.0,198.2
LUXDUE_clean,7385.5,2675.6,581.9,249.4,571.7,556.9,619.7,657.6
LUXFEQ_charged,,,,243.2,438.3,561.7,631.0,651.2
LUXFOA_clean,5823.6,2032.0,568.6,237.0,405.6,501.6,615.1,609.5
LUXFUG_clean,5802.2,2017.0,623.3,227.4,412.7,515.1,632.4,619.8
LUYBIS_clean,2506.3,1183.5,271.0,131.4,241.0,285.7,303.4,335.1
LUYBOY_clean,2027.7,749.7,283.1,108.6,185.1,244.5,336.3,333.2
LUYHAP_clean,284.9,129.4,104.2,35.1,45.7,57.4,106.4,120.8
LUYSEF_clean,785.8,299.4,197.3,68.6,106.0,132.8,227.2,232.8
LUYSOP_clean,1178.6,482.6,212.3,81.7,138.0,181.2,251.8,254.0
LUZBOY_clean,261.8,117.2,88.1,29.6,41.8,53.6,99.7,107.8
LUZJAT_clean,2187.4,895.2,243.4,101.4,184.8,226.9,275.1,276.1
MABCUQ_clean,248.9,123.7,98.9,33.2,44.0,56.0,101.8,119.7
MABJUV01_clean,899.3,464.2,329.5,115.4,182.8,238.0,391.4,402.1
MABJUV_clean,885.9,462.1,326.1,115.7,179.5,238.9,403.0,399.6
MABKEG_clean,1071.7,588.9,361.4,136.3,219.8,283.5,439.3,430.3
MABKIK01_clean,1154.3,558.0,362.0,126.5,201.8,266.2,418.3,426.7
MABKIK_clean,1859.4,993.2,504.8,195.4,320.3,428.4,569.2,581.1
MABLAD_clean,1682.6,940.2,316.5,134.7,255.3,323.7,381.0,384.0
MACHIJ_clean,3088.6,1066.1,667.6,231.6,340.8,460.6,612.3,625.4
MACKAE_clean,436.0,187.1,146.6,48.3,67.6,87.3,158.4,173.3
MADVUJ_clean,823.3,439.8,262.9,104.1,160.3,216.5,310.8,312.5
MADWAQ_clean,809.4,438.6,253.0,95.9,160.3,211.0,304.8,304.1
MAFDII_SL,4162.8,1917.1,553.1,235.3,417.2,483.2,520.7,575.8
MAFFUW_clean,5023.9,2279.1,533.5,245.5,389.5,445.0,443.1,653.4
MAFJIO_clean,1260.1,440.8,217.7,77.9,122.8,164.1,246.3,251.3
MAFLUD_clean,849.2,370.5,163.2,61.9,102.0,135.8,200.1,198.8
MAFMAK01_clean,821.9,338.1,161.1,61.9,97.5,130.4,193.3,195.0
MAFZIE_charged,,,,114.5,191.5,244.9,333.7,333.4
MAGBAZ_clean,637.9,226.3,122.2,43.8,68.7,89.7,145.0,149.5
MAGBON_clean,2782.6,1080.1,226.6,99.3,182.2,228.3,254.4,264.8
MAGNEQ01_clean,276.5,128.1,97.5,32.0,45.3,56.8,104.8,117.3
MAGNEQ_clean,273.6,126.5,98.6,32.2,43.6,55.1,105.8,119.2
MAHCEG_clean,648.1,298.9,370.8,121.5,140.7,161.9,243.0,289.5
MAHCIK_clean,637.1,283.5,371.2,122.6,141.5,161.4,258.4,285.2
MAHCOQ_clean,673.4,303.3,396.8,123.2,139.0,166.1,253.4,275.3
MAHTAR01_clean,1290.9,667.6,264.1,105.7,193.1,252.9,317.4,317.5
MAHTAR_clean,1278.0,674.4,265.9,106.4,212.0,246.8,321.8,316.6
MAJHUC_clean,532.1,462.5,398.4,125.3,171.9,201.0,372.3,420.0
MAJJUF_clean,319.5,154.3,161.3,47.0,59.2,70.3,125.3,141.6
MAJKAM_clean,5485.8,2034.0,439.1,180.8,342.0,414.9,448.4,499.5
MAKFIQ_clean,648.5,258.8,199.4,66.8,98.0,126.5,216.0,230.9
MAKFOW_clean,617.4,251.4,180.7,61.5,90.2,117.0,201.2,210.1
MAKGAJ_clean,610.8,246.2,177.2,62.6,89.7,115.3,197.3,206.3
MAKHAJ_clean,1031.3,547.8,160.6,69.3,128.9,167.4,198.8,203.5
MAKRAU_clean,744.1,313.0,226.5,78.6,118.1,152.7,252.7,270.1
MAKRIC_clean,1100.0,589.0,237.1,92.0,167.9,216.6,269.0,266.4
MAKXAZ_clean,2823.4,1599.6,433.9,193.8,385.0,459.9,527.6,541.4
MALFUD_clean,413.0,175.2,144.6,47.3,64.3,82.1,151.0,166.5
MALROJ_clean,655.6,228.2,154.7,52.0,76.0,99.0,174.0,180.6
MALRUM_clean,584.6,332.5,276.5,91.6,122.7,158.7,289.9,322.3
MALRUP_clean,715.6,247.8,147.7,51.4,78.1,102.8,175.4,179.8
MALSAW_clean,711.5,237.8,147.4,53.4,77.2,101.9,172.0,180.2
MALSEA_clean,708.0,241.7,146.9,55.1,78.4,101.6,171.6,180.6
MALSIE_clean,712.3,239.9,147.4,51.3,77.7,103.5,172.3,180.2
MALSOK_clean,720.0,243.2,147.5,51.8,78.8,102.5,172.2,178.6
MALYIJ_charged,,,,193.9,330.0,410.8,556.9,537.4
MAMVED_charged,,,,733.1,1202.6,1365.2,1523.1,1626.4
MANDUD_clean,2281.6,873.8,400.3,141.1,230.7,291.0,393.1,395.8
MANLAP_ion_b,1922.9,724.5,365.1,131.6,210.2,280.0,427.9,438.0
MANLIX_charged,,,,383.5,634.8,823.6,953.3,941.5
MANLOD_manual,2586.7,853.5,613.5,210.6,298.0,376.1,583.4,601.8
MAPCIP_clean,482.8,183.7,116.8,42.1,60.3,80.1,126.3,131.4
MAPCUE_clean,3151.5,1427.3,383.3,166.8,299.2,381.7,448.9,446.2
MAPFIS_clean,1211.0,541.7,252.6,92.0,153.7,207.1,288.4,296.1
MAPLEX_clean,3272.7,1474.3,394.6,165.1,308.9,432.2,478.8,453.5
MAQBEO_clean,1028.8,439.3,219.5,80.5,130.1,175.3,248.5,248.1
MAQBIS_clean,1290.3,498.9,282.1,102.1,154.9,207.0,301.2,300.3
MAQMEZ_clean,2072.9,1097.8,304.0,128.8,239.0,304.0,349.8,356.2
MAQRAA_clean,755.4,308.6,148.5,54.7,92.6,121.1,178.8,182.0
MARDAM_charged,,,,181.6,274.2,350.6,577.6,569.8
MARJAQ_clean,1420.0,689.2,156.5,72.8,133.0,160.8,179.4,186.7
MARNOL_clean,1154.5,484.9,226.8,84.1,144.9,181.4,254.5,257.8
MARPOL_clean,837.5,557.8,586.8,196.8,231.6,282.7,505.6,544.9
MARXEK_clean,546.7,234.1,121.0,44.8,72.4,96.8,149.0,150.2
MASMIC_clean,406.3,163.4,123.8,41.4,56.0,72.1,132.7,149.5
MASZOX_clean,540.3,263.5,207.5,70.4,102.5,134.2,228.3,238.0
MASZUD_clean,522.9,260.7,205.9,70.2,99.5,129.8,224.5,238.2
MATBAM_clean,1557.4,677.6,288.1,108.9,184.2,241.6,344.9,349.9
MATBEQ_clean,2018.5,917.6,402.3,150.9,258.6,327.8,429.6,432.2
MATFIY_clean,1178.7,415.4,296.3,100.3,152.3,191.5,325.7,344.2
MATPOP_clean,5292.5,2047.2,530.8,227.4,418.0,527.0,616.0,625.7
MATPUV_clean,1361.5,554.5,322.9,117.5,170.5,229.3,339.6,335.0
MATTOR_clean,755.8,408.9,180.4,71.7,128.4,167.7,220.5,218.3
MATTUX_clean,2505.4,1147.7,297.3,129.5,246.4,304.2,353.0,366.4
MATWUC_clean,1193.0,489.6,176.9,69.3,120.1,156.2,206.5,207.6
MATXAJ_clean,1235.4,400.2,238.9,83.6,128.9,163.5,250.2,261.0
MAVFEV01_clean,612.6,218.8,136.8,48.3,72.5,96.5,159.7,166.4
MAVFEV_clean,617.6,225.1,137.7,49.7,74.4,96.8,160.6,169.3
MAVNUU_manual,1553.0,696.7,261.7,105.0,182.5,236.1,299.7,294.4
MAVRAE_clean,1270.3,429.5,299.5,100.5,146.7,180.2,300.9,297.8
MAWFAT_charged,,,,184.1,288.2,379.0,554.6,554.8
MAWFEY_clean,1202.5,548.6,745.8,231.6,289.1,326.2,444.9,534.7
MAWFIC_clean,794.2,280.9,242.5,81.6,108.1,138.5,233.1,249.7
MAWTUC_clean,931.5,435.0,188.6,71.0,117.7,157.0,218.0,220.1
MAWVAK_clean,951.9,417.7,188.7,69.1,113.4,152.6,222.3,221.6
MAXFIA_charged,,,,74.3,142.4,166.4,242.9,232.9
MAXHOJ01_clean,212.5,213.7,178.7,55.0,63.8,68.6,114.8,147.8
MAXHOJ02_clean,212.8,208.1,179.2,57.3,61.2,68.5,116.2,149.2
MAXHOJ_clean,470.8,385.7,341.8,109.1,131.5,157.9,281.2,353.2
MAXHUP_clean,309.9,295.0,301.8,75.7,88.0,103.3,183.8,240.5
MAYJOM_clean,1056.8,451.2,201.5,74.8,123.1,161.5,224.1,226.7
MAYKOO_clean,689.2,252.8,216.1,70.5,96.0,122.9,213.5,225.9
MAZSOX_clean,1055.3,467.2,194.3,72.0,127.5,170.4,223.3,217.7
MAZSUD_clean,908.3,391.1,175.6,65.2,108.9,151.8,208.4,209.2
MEBMEM01_clean,314.8,299.4,254.8,75.8,97.7,102.4,179.8,230.8
MECWIB_clean,5038.5,2202.6,700.0,276.0,491.6,614.7,747.2,733.4
MEFJUE_clean,1366.7,497.7,202.0,75.9,126.8,169.5,234.8,238.4
MEFYUT_clean,1420.9,620.2,241.9,93.3,158.1,217.2,292.8,292.9
MEFZUU_manual,2080.9,774.4,989.6,302.2,386.2,456.7,637.2,680.6
MEGBAD_clean,681.7,252.1,172.5,59.5,86.5,115.0,192.5,200.0
MEGBEH_manual,693.0,242.5,170.2,58.4,85.0,112.3,189.0,199.7
MEGFIN_clean,601.9,308.6,317.3,101.7,130.6,162.3,284.6,281.3
MEHMET_clean,206.3,147.8,162.4,50.4,59.2,65.8,108.7,130.9
MEJMOE_clean,2935.5,948.2,353.4,128.9,219.4,281.6,388.0,394.9
MEJQEZ_clean,1064.6,633.6,207.3,94.6,168.2,216.9,249.0,252.4
MEJQID_clean,1150.3,658.0,204.4,88.8,168.5,214.2,248.6,249.5
MEJQOJ_clean,1202.5,661.0,203.7,90.2,166.6,210.0,245.5,248.8
MEJZEI_clean,517.3,343.5,290.4,98.7,132.1,170.0,305.1,335.6
MEJZIM_clean,528.1,342.7,286.9,101.1,133.5,173.6,300.8,330.1
MEJZOS_clean,945.5,493.4,384.9,137.4,197.3,258.5,441.4,473.1
MEJZUY_clean,904.3,482.4,388.5,135.0,202.3,264.4,436.4,453.1
MEKBAH_clean,942.0,494.7,400.8,133.3,201.1,270.3,431.5,450.3
MEKDUC_clean,877.0,531.0,235.5,97.3,174.9,229.2,285.4,285.1
MEMGAN_clean,1009.5,521.6,140.1,61.6,114.1,146.9,170.3,176.4
MEQHUL01_clean,409.2,215.2,180.8,58.3,75.7,95.3,175.0,200.1
MEQHUL_clean,419.1,218.2,181.4,58.8,76.6,96.5,180.0,206.6
METYIU_clean,455.8,272.8,227.6,74.8,98.0,120.6,226.1,258.7
MEWNEH_clean,669.4,316.5,211.5,74.0,114.4,154.9,242.8,242.5
MEXDEY_clean,1178.5,650.5,242.5,100.9,187.3,233.8,299.3,297.1
MEXJAC_clean,171.9,94.8,74.6,24.3,31.8,39.1,74.4,86.2
MIBMER_clean,1455.2,502.3,314.3,109.8,158.7,217.3,303.7,315.0
MIBQAR16_clean,,,,33.2,42.2,52.0,96.7,115.2
MICDEJ_clean,755.2,346.8,207.8,75.7,121.7,161.2,248.6,247.2
MIDCAF_clean,2284.8,753.5,368.6,135.5,204.3,274.5,418.0,417.2
MIDSUP01_clean,427.2,184.4,147.9,48.3,65.4,82.9,151.0,170.0
MIDSUP_clean,831.2,300.2,222.6,74.8,110.6,141.8,240.8,259.8
MIFGEP01_clean,2343.9,994.6,307.9,127.5,227.4,294.5,368.8,364.5
MIFGEP_clean,2364.0,1011.5,311.7,125.9,227.0,293.4,380.8,370.3
MIFKUJ_clean,2189.0,920.7,276.2,113.6,207.6,264.8,341.2,340.2
MIFLIY_clean,461.4,195.7,156.2,50.7,72.6,91.3,165.0,180.4
MIFNUM_clean,594.8,389.1,423.4,131.4,168.9,205.1,338.7,366.0
MIFPUO_clean,1180.3,623.6,305.3,119.7,200.2,266.9,356.3,342.5
MIFQOJ_clean,547.4,292.2,217.8,76.6,117.8,154.6,247.7,255.7
MIFROK_clean,645.2,386.2,422.8,128.3,169.6,211.6,351.4,372.5
MIFSAX_clean,648.9,383.3,412.5,127.1,168.1,201.5,347.7,369.2
MIFSUR_clean,703.3,433.7,427.6,140.4,180.2,219.5,387.1,423.9
MIFTEC_clean,641.2,379.5,382.4,127.4,164.8,205.1,345.4,379.1
MIFTIG_clean,633.0,387.9,377.4,131.4,165.7,196.4,337.8,377.4
MIFTUS_clean,623.4,403.1,412.4,130.1,169.9,205.0,356.1,375.9
MIFVEE_clean,637.8,386.7,406.5,125.8,166.8,204.2,340.5,364.5
MIHLAR_clean,700.8,369.4,315.2,106.2,145.7,186.5,321.8,350.6
MIHLEV_clean,502.1,282.1,219.0,78.1,112.1,146.9,251.9,261.8
MIHLIZ_clean,730.7,379.8,303.7,102.7,150.0,195.2,333.3,349.6
MIHLOF_clean,701.2,359.7,277.2,99.4,140.7,184.4,311.8,324.9
MIJHOD_clean,904.5,423.7,158.7,65.1,108.4,145.1,188.2,189.9
MIJMAU_clean,677.3,398.4,334.1,107.2,141.3,172.0,328.2,375.5
MIKDUH_clean,912.4,355.0,186.2,67.8,106.2,143.9,219.6,223.6
MIKJAR_clean,1864.4,996.0,489.5,187.3,328.1,433.7,572.0,576.8
MILQIJ_clean,792.6,541.8,151.3,79.8,151.6,181.7,194.0,210.3
MILROQ_clean,2514.1,910.4,964.2,333.2,437.1,502.7,734.5,757.7
MIMFOF_clean,1955.2,1503.8,205.0,161.5,242.9,250.8,402.8,683.3
MIMKIE_clean,531.6,229.9,144.0,52.0,81.0,106.2,172.3,175.1
MIMSIM_clean,1746.9,756.1,394.7,148.7,245.4,316.2,403.1,393.0
MIMSOS_clean,1937.6,856.5,452.7,170.9,279.7,367.8,500.9,486.1
MIMSUY_clean,1695.5,751.4,364.7,139.2,232.3,310.3,418.9,417.1
MIMVEJ_clean,1529.7,1118.2,221.3,134.2,242.6,264.0,282.2,422.2
MINCET_clean,3874.7,1286.6,500.0,178.2,289.3,377.5,508.4,506.3
MINCIX_clean,1015.7,348.0,197.6,69.8,105.5,142.9,229.3,232.6
MINCUJ_clean,1025.3,333.7,202.5,74.4,106.8,140.7,236.4,239.8
MINVOU01_clean,524.1,198.7,123.4,44.8,66.2,88.3,143.3,150.2
MINVOU_clean,522.4,198.4,124.0,44.0,65.7,88.0,144.5,150.3
MINVUA01_SL,926.3,341.8,181.9,60.9,99.1,130.6,202.1,207.2
MINVUA_SL,949.8,356.5,174.6,63.8,102.2,138.5,212.6,225.2
MIPHEA_clean,10287.1,3661.0,2947.1,945.7,1222.9,1458.6,1951.3,1913.4
MIQLII_clean,962.8,383.9,159.7,57.5,96.3,129.7,184.2,185.0
MIRLAB_clean,232.7,217.2,188.3,55.4,64.6,75.0,138.5,172.9
MISQIQ01_clean,1560.5,1408.7,206.1,233.4,256.6,275.2,737.7,1011.4
MISQIQ02_clean,1513.8,1360.5,201.3,230.0,250.2,274.5,756.4,954.3
MISQIQ03_clean,1070.1,921.5,172.1,185.8,211.6,217.3,494.5,645.2
MISQIQ04_clean,1533.2,1364.4,202.6,231.0,250.6,273.5,726.1,960.4
MISQIQ05_clean,1551.5,1368.0,207.0,232.3,255.0,273.3,730.1,983.6
MISQIQ06_clean,1561.7,1377.3,205.8,234.0,256.0,276.7,746.9,990.7
MISQIQ07_clean,1524.0,1383.6,201.2,232.7,248.3,277.4,717.7,961.7
MISQIQ_clean,1563.4,1378.6,208.0,230.8,252.7,276.3,742.5,974.1
MITGOL_clean,454.2,221.5,176.4,57.0,84.2,110.7,191.0,201.6
MITSAK_clean,624.6,233.7,130.3,46.1,70.9,97.3,153.6,155.4
MITSIS_charged,,,,71.9,104.7,135.7,223.4,241.0
MITSUE_clean,652.7,234.6,126.7,45.7,71.4,93.8,153.0,156.3
MITTAL_charged,,,,104.7,173.4,228.9,322.4,326.0
MIVFEE_clean,904.9,338.3,197.3,70.2,108.2,146.4,222.7,227.1
MIVFOO_clean,849.3,305.9,187.1,65.5,99.5,131.1,208.3,218.6
MIVFUU_clean,,,,78.2,131.7,171.7,232.9,233.7
MIXBAY_clean,470.4,169.7,125.9,42.4,59.8,80.9,141.0,148.5
MIXBEC_clean,1286.3,469.3,346.7,117.4,168.8,202.6,298.6,303.4
MIXBIG_auto,637.5,229.8,169.0,57.2,81.2,105.8,173.9,185.0
MIXYID_clean,1214.2,518.2,233.2,88.8,152.2,196.2,268.7,270.0
MIXYOJ_clean,2755.3,1636.5,304.0,159.5,288.2,327.7,340.2,483.0
MIXZOK_clean,976.5,319.4,194.7,68.0,100.4,134.9,223.1,233.3
MIYWIB_clean,623.1,268.2,209.2,71.0,96.1,121.3,224.5,248.5
MIZKAI_clean,2423.0,1224.3,316.6,136.3,247.3,301.4,335.3,362.1
MIZKOW_clean,606.5,371.8,317.7,102.3,132.9,166.0,310.5,348.8
MIZPUI_clean,568.3,226.9,168.6,55.7,84.3,110.2,182.5,188.3
MOCKAR_clean,288.5,127.8,101.3,33.3,44.9,57.0,104.6,118.2
MOCKEV_clean,246.9,124.4,100.2,32.2,42.7,52.5,98.2,113.6
MODJOG_clean,902.0,314.1,143.3,54.0,84.8,112.8,170.0,171.6
MODMIB_clean,283.8,152.5,126.0,40.3,52.0,63.7,119.9,140.9
MODNAU_charged,,,,122.5,177.3,240.3,403.6,408.4
MODNIC_clean,,,,72.1,107.4,142.1,228.7,240.7
MODNOI_ion_b,1352.1,488.3,321.5,112.5,169.1,231.2,381.6,383.8
MODNUO_ion_b,1286.0,473.3,316.3,122.1,180.2,216.2,380.2,381.5
MOFBIU_clean,1830.3,933.9,455.8,261.7,307.2,395.8,523.3,525.3
MOFKUO_clean,460.0,260.7,225.3,71.9,91.9,113.6,209.1,240.7
MOFLAV_clean,1828.5,665.2,590.5,188.1,254.5,331.9,548.6,583.7
MOGNAY_clean,987.8,401.1,199.0,74.5,121.2,155.9,234.3,242.1
MOGXUB_clean,481.4,240.9,189.3,65.1,95.1,123.0,211.2,229.7
MOJNAC_clean,857.3,357.6,216.8,76.2,119.5,157.6,250.5,251.5
MOKVOZ_clean,2333.1,837.7,274.5,104.4,181.3,232.2,285.2,278.5
MOLKAB_clean,1287.5,564.2,268.8,101.4,164.0,218.8,307.8,304.9
MOLQEL_clean,902.1,336.1,146.3,57.2,88.7,119.2,176.0,178.1
MOLRIP_clean,312.3,250.8,212.2,69.3,85.3,105.9,194.0,231.1
MOMRIR_clean,3252.4,2003.4,695.6,300.0,548.0,656.9,712.1,729.3
MOMSIS_clean,1367.0,543.7,216.2,81.1,140.2,183.2,246.0,246.5
MOPKEJ_clean,3832.0,2569.9,217.7,217.4,266.9,267.7,735.4,1175.2
MOPQIT_clean,547.2,279.5,212.9,73.3,110.3,143.1,241.1,251.3
MORFEG_clean,1975.4,1005.6,505.5,189.3,304.7,371.1,475.8,465.4
MORZID_clean,2062.9,1786.2,177.8,204.3,219.5,287.4,911.9,1198.7
MOSBIG_clean,325.3,162.6,136.7,46.5,58.2,72.7,134.5,152.7
MOSDUT_clean,1334.9,554.0,248.6,91.9,152.4,202.9,284.3,288.2
MOTMAK_clean,893.8,451.0,207.1,78.9,132.1,179.5,239.3,243.7
MOTVOI_clean,957.1,386.7,209.7,74.0,116.1,153.1,234.3,238.4
MOVGUB_clean,1638.9,702.5,247.8,97.9,172.4,218.3,288.3,289.9
MOVHEM_clean,1618.7,700.4,248.7,98.0,167.1,217.0,284.0,285.9
MOVKOZ_clean,1957.0,825.9,250.0,100.4,175.6,239.0,294.9,288.8
MOXBOS_clean,898.6,346.7,276.3,87.1,132.7,159.7,291.1,322.1
MOXDOT_charged,,,,162.1,269.9,359.9,490.5,500.0
MOXKAN_clean,1828.7,836.4,553.2,195.5,309.9,397.9,595.2,599.8
MOXNIY_clean,819.2,372.1,242.9,87.9,134.3,177.7,281.5,284.6
MOXNUJ_clean,283.3,175.7,145.3,46.6,57.9,71.2,133.4,161.9
MOXNUK_clean,1737.1,794.9,363.1,134.1,227.9,300.6,428.2,398.2
MOXPAR_clean,7082.5,4571.0,742.1,487.4,806.1,815.1,1048.8,1662.7
MOXPEV_charged,,,,111.7,176.9,226.1,361.8,368.8
MOXPIZ_charged,,,,60.4,82.0,93.6,170.3,189.8
MOXPUL_clean,235.9,164.3,149.3,47.4,59.7,73.4,130.2,152.2
MOYMET_clean,1252.0,481.0,322.5,106.7,160.4,205.8,348.0,362.9
MOYMUJ_clean,3394.7,1623.6,607.1,234.1,402.6,515.7,634.0,626.3
MOYNIY_clean,2104.9,1027.3,430.7,165.5,289.4,374.9,490.4,493.2
MOYTUR_clean,4030.4,1705.0,603.0,221.7,365.8,505.9,641.4,616.0
MOYYEF_clean,1584.3,600.1,266.3,98.8,165.1,220.8,317.6,317.7
MOYYIJ_clean,414.4,177.0,131.9,45.0,63.1,82.8,144.0,156.6
MOYZIK_clean,483.8,146.7,121.7,36.8,53.5,65.1,114.3,122.2
MUBQIJ_clean,6162.4,2856.6,758.8,348.4,575.2,624.4,703.5,777.8
MUBZOA_auto,637.6,263.9,213.9,74.1,96.3,118.8,222.0,242.7
MUBZUG_auto,722.0,281.6,224.8,74.1,102.7,129.2,235.0,257.5
MUDLON_clean,1330.0,515.9,262.8,94.8,154.0,205.3,295.9,296.7
MUDTAH_clean,1789.6,597.7,302.4,107.7,165.6,221.5,321.8,337.7
MUDTEL_clean,1662.4,551.0,298.5,105.5,164.3,220.4,322.5,336.5
MUFXUI_clean,1466.1,585.2,262.7,99.2,160.8,216.8,313.6,313.2
MUFYAP_clean,1463.6,577.3,262.7,99.1,162.5,215.8,311.9,315.0
MUFZIY_clean,2218.4,1105.3,295.6,128.0,241.5,296.5,330.0,343.9
MUGFOK_clean,1558.4,665.4,383.4,139.0,215.2,294.3,442.6,463.9
MUGHED_clean,1622.2,783.0,251.5,98.2,181.4,234.5,282.5,280.9
MUGQAI_clean,641.7,432.9,237.1,98.8,179.6,229.7,292.1,289.8
MUGXIX_clean,3216.3,1404.7,326.9,142.3,257.4,325.8,380.2,387.7
MUHNAG_clean,783.9,481.9,202.9,84.8,154.5,204.5,257.0,252.7
MUHNUA_clean,1063.4,511.6,329.3,114.7,181.6,236.0,352.2,357.4
MUHPAI_clean,458.5,276.7,211.3,75.7,121.6,159.4,245.6,265.6
MUJRIT_clean,366.9,248.7,213.1,68.7,87.8,107.0,198.1,229.1
MUKQUG_clean,1821.9,727.9,291.0,108.8,185.6,238.8,305.5,298.2
MUKRAN_clean,1887.1,742.7,315.1,120.7,195.6,253.4,310.0,315.1
MULQOA_clean,1392.8,550.4,208.3,80.7,138.8,185.4,252.4,251.8
MULSER_clean,1073.9,416.6,167.2,64.7,109.6,141.0,201.3,200.9
MULXOH_clean,1085.1,428.4,238.5,85.6,132.8,175.1,283.0,291.0
MULXUO_clean,1685.8,737.5,318.7,107.2,182.5,231.1,312.7,308.1
MUMLOX_clean,,,,145.1,267.3,342.9,409.7,439.0
MUMYAW_clean,388.9,378.4,358.8,110.9,123.4,128.2,191.3,242.7
MUNDAC_clean,599.1,236.8,140.5,50.6,81.1,108.4,165.8,166.4
MUNDEG_clean,2341.4,777.8,328.1,117.1,193.7,261.4,372.6,369.1
MUNDOQ_clean,594.7,218.5,176.2,59.6,83.1,104.1,182.0,192.2
MUNLUE_clean,623.3,251.1,184.2,63.9,91.3,119.2,207.1,211.9
MUNNUF_clean,2275.4,922.7,299.9,115.2,209.5,264.2,338.0,334.3
MUNPAN_clean,2128.3,769.1,279.8,107.0,182.7,246.0,332.5,330.1
MUNPER_clean,2172.7,850.5,280.5,113.9,198.1,254.5,330.5,331.6
MUPTAU_clean,1388.6,576.4,265.1,97.8,163.9,218.3,321.4,317.9
MUQSAU_clean,940.8,353.6,247.5,84.0,125.2,166.9,275.6,275.3
MURBEI_clean,974.7,366.1,126.1,51.1,84.5,109.7,151.5,152.9
MURCAD_clean,602.2,245.5,162.1,56.6,84.7,114.8,189.1,194.3
MURCIL_clean,257.3,233.0,194.2,61.1,72.3,84.4,153.9,193.3
MURCOR_clean,257.5,234.2,198.4,66.4,73.7,86.8,158.4,198.4
MURFIQ_clean,405.4,371.9,353.8,114.2,129.3,143.3,253.5,306.3
MURTUO_clean,930.1,428.6,321.1,115.0,166.3,227.9,370.3,394.1
MUSCAG_clean,2574.6,1144.7,435.3,175.2,293.7,406.2,506.9,495.9
MUSCIN_clean,1977.8,713.3,287.7,107.7,179.2,236.4,333.3,331.0
MUSSIE_clean,1833.3,884.1,229.8,99.4,184.9,232.6,275.7,276.1
MUTCEL_clean,1512.3,626.5,401.9,120.0,193.6,243.2,337.6,337.7
MUTDIQ_clean,1108.9,390.5,228.9,84.8,126.7,161.5,247.9,256.5
MUTVUT_clean,951.0,514.2,405.6,139.9,208.4,280.0,476.3,477.0
MUVGOA_clean,1852.7,950.4,235.6,111.4,212.5,262.8,279.2,296.6
MUVGUG_clean,1121.1,603.2,178.2,79.5,150.4,186.1,211.1,211.5
MUVHER_clean,1175.6,627.0,174.4,82.0,150.7,196.2,209.2,215.3
MUVJAP_clean,1607.9,662.1,240.7,88.2,154.7,200.2,247.5,247.7
MUVJIX_clean,1398.0,601.9,228.1,89.0,162.8,204.6,272.6,275.7
MUVLUM_clean,1140.6,422.8,216.3,77.5,126.0,168.3,250.2,257.1
MUVMOG_clean,3388.4,2343.8,226.7,171.7,282.6,274.0,445.8,842.1
MUVNAT_clean,600.8,244.0,185.7,62.8,88.7,115.4,204.2,220.5
MUVNEX_clean,1941.3,674.1,356.5,121.9,196.9,257.4,382.8,395.9
MUVROM_clean,3792.5,2101.3,711.9,290.2,515.8,613.9,637.5,722.9
MUWQEB_clean,868.6,311.0,177.1,62.0,95.1,125.0,198.2,208.3
MUWRON_clean,1295.0,489.7,244.6,86.4,137.1,179.0,247.9,246.6
MUZGAQ_clean,1352.2,626.5,629.1,199.5,280.6,335.3,556.6,591.3
MUZHUL_charged,,,,58.3,109.4,142.0,170.7,171.9
MUZKAV_clean,1269.7,457.0,521.1,180.4,237.3,274.9,406.8,398.0
MUZKEZ_clean,949.0,414.4,506.4,141.1,173.7,199.5,300.2,339.9
MUZVUA_clean,644.8,257.6,180.0,61.5,91.5,120.2,204.3,208.4
NABCEA_charged,,,,100.6,153.2,203.3,284.3,296.1
NABMUA01_clean,1088.3,539.1,182.0,74.5,137.5,174.8,222.2,221.0
NABMUA_clean,1064.0,534.9,183.1,74.3,134.5,176.5,221.0,219.1
NACVUI_clean,831.5,409.7,187.8,70.8,125.1,162.2,227.2,225.9
NACYAU_clean,486.6,195.1,211.2,66.4,84.0,100.1,167.7,181.6
NACYOG_clean,1091.1,504.9,261.9,97.2,161.5,211.4,311.1,314.4
NACYUM_clean,965.1,477.3,261.0,99.8,159.8,212.3,307.1,311.9
NACZUP01_clean,,,,359.9,412.9,424.4,1241.5,1927.1
NACZUP03_clean,,,,374.9,433.3,437.0,1228.5,1903.6
NACZUP_clean,,,,368.7,421.1,430.9,1289.8,1967.5
NADKEK_clean,172.1,154.9,144.8,44.2,46.8,49.4,67.8,86.6
NADNEM_clean,773.0,402.1,225.1,88.0,146.5,194.8,262.2,272.2
NADZEZ_clean,2012.2,1253.7,269.7,144.5,271.0,312.2,337.6,415.3
NADZID_clean,1486.2,946.0,191.4,104.0,199.9,228.3,236.4,318.3
NAFSOF_clean,199.8,107.7,97.3,31.2,39.6,46.3,83.6,97.5
NAGBUU_clean,2111.8,1098.1,479.4,185.7,323.6,443.3,565.6,548.0
NAGCAB_clean,610.2,419.1,565.1,178.4,190.6,204.5,321.0,373.9
NAGQET_clean,699.5,340.5,242.5,84.0,131.2,175.8,272.2,285.0
NAGQOD_clean,2105.7,806.8,564.7,199.2,287.3,371.4,614.0,621.7
NAHFIO_clean,3786.2,1535.9,602.8,239.1,404.3,524.6,715.8,704.9
NAHHAI_clean,670.1,278.4,158.3,55.2,87.7,116.6,181.2,185.5
NAHHOW_clean,1333.0,472.1,238.8,84.3,133.1,169.2,241.8,242.0
NAHNES_clean,2011.4,676.2,360.4,129.2,195.4,253.8,358.0,373.3
NAJMIV_charged,,,,133.3,206.6,266.4,416.5,414.8
NAJQUN_clean,3080.2,1460.9,348.8,161.3,298.0,374.5,422.0,443.6
NAJSUP_clean,1954.6,856.2,246.1,101.8,187.3,238.6,288.3,285.2
NAJTAW_clean,918.4,396.0,184.6,68.5,113.7,149.1,213.1,211.9
NAKLIW_clean,957.9,406.9,173.1,64.2,109.0,143.6,194.2,199.5
NALWOO_clean,1229.9,459.0,254.7,90.6,140.7,194.9,294.0,303.6
NALYEG_clean,443.7,189.6,148.8,49.1,67.5,86.2,160.1,171.8
NAMDUD_clean,10762.9,4141.7,703.5,340.7,614.9,739.1,753.3,892.3
NANPUN_clean,156.0,92.8,83.0,23.8,30.3,36.9,69.6,82.8
NANTII_clean,563.5,192.0,157.9,47.7,67.2,87.2,154.2,162.8
NANYUX03_clean,628.7,256.2,129.9,47.0,77.1,101.9,155.6,155.8
NANYUX_charged,,,,75.5,127.5,171.2,242.5,242.4
NAPNEA_clean,1828.2,987.3,1199.1,426.5,558.3,642.5,895.0,895.1
NAPZOV_clean,590.3,306.0,146.0,55.4,92.5,125.9,175.9,179.7
NAQLAT_clean,3301.0,1831.7,368.8,185.9,347.2,417.3,437.1,515.2
NAQQED_clean,715.7,245.3,166.8,56.6,80.8,105.5,182.5,189.5
NAQQIH_clean,809.2,264.2,168.2,57.9,86.3,113.5,182.1,193.0
NAQQON_clean,726.1,239.2,166.0,57.3,84.2,107.4,207.1,189.4
NAQQUT_clean,729.0,240.8,171.9,57.0,82.9,108.5,181.4,194.5
NAQRAA_clean,715.4,246.7,167.1,56.7,81.7,105.1,182.0,190.0
NAQREE_clean,739.5,239.1,172.1,56.7,82.2,107.0,178.8,191.0
NARMUR_clean,417.9,301.8,245.0,80.3,102.5,129.1,239.1,278.7
NARPOO_clean,828.3,404.1,221.4,83.5,141.3,180.6,264.2,267.8
NARPUU_clean,804.8,391.7,214.5,80.8,132.5,172.8,255.9,255.9
NASREH_clean,405.4,159.7,113.1,38.8,58.6,74.2,123.7,130.5
NASRIL_clean,429.1,158.6,116.5,41.2,58.1,74.3,126.6,133.1
NASROR_clean,2571.8,1029.7,300.3,126.8,221.6,278.6,345.2,341.1
NATFAS_clean,2384.8,1176.1,248.2,113.1,209.4,252.9,279.3,300.2
NATHOH_ion_b,1159.0,457.8,317.4,114.6,173.8,212.9,365.1,369.4
NATHOI_clean,,,,222.1,390.5,434.4,461.1,763.5
NATHUO_clean,1436.6,561.4,263.0,97.3,158.7,215.8,295.5,294.6
NATKIF_clean,966.8,317.6,209.9,73.5,104.1,136.1,228.0,220.4
NATKOL_clean,955.4,339.5,227.0,78.0,112.9,145.8,228.4,239.3
NATXOW_clean,743.5,304.4,261.9,78.7,115.4,147.8,249.6,260.3
NAVJAW01_clean,636.0,225.3,156.1,53.5,79.4,102.5,178.8,190.4
NAVJAW_clean,698.9,242.7,157.5,54.0,80.2,105.0,183.8,191.7
NAVLIG_clean,835.5,404.1,216.3,80.2,131.0,177.7,259.3,261.8
NAWDUN_clean,1619.4,676.5,339.9,124.8,190.7,248.4,344.1,350.0
NAWKII_clean,2602.1,1194.4,311.9,133.7,246.8,311.4,363.9,369.4
NAWWUG_clean,1530.9,671.7,233.8,94.6,167.7,225.4,282.7,280.8
NAWXER_clean,590.5,200.4,130.0,45.0,67.9,87.9,145.7,150.9
NAXKOO_clean,2000.7,910.4,170.6,81.0,151.4,186.3,209.0,227.1
NAXLII_clean,681.6,324.8,247.0,88.4,123.0,157.2,277.3,294.3
NAYGUR_clean,485.9,194.3,144.9,48.2,67.8,89.3,157.7,171.7
NAYHAY_clean,1367.8,478.5,310.0,96.8,143.5,187.1,305.6,319.5
NAYMOQ_clean,291.3,268.0,223.4,69.6,84.8,99.7,187.4,228.9
NAYNIK_clean,266.1,253.1,218.5,66.9,77.6,90.0,155.9,203.9
NAYPIM_clean,3396.9,2304.1,207.6,193.7,254.6,256.6,608.5,999.3
NAYXOC_clean,2964.2,1121.6,324.9,130.2,233.4,305.6,365.9,359.5
NAYZOE_clean,1848.7,598.5,286.7,107.5,165.4,214.5,325.7,329.1
NAYZUK_SL,1461.8,579.6,230.8,86.7,147.2,199.3,274.3,270.9
NAZZEV_clean,1518.9,578.1,256.4,94.0,160.8,207.6,301.8,294.3
NDAIAH_clean,553.5,235.3,174.8,58.7,85.4,113.3,197.8,208.7
NEBNOZ_clean,1204.0,542.0,266.3,99.3,165.5,217.7,319.9,323.7
NEBYOK_clean,1259.0,590.1,415.2,140.5,215.9,287.5,475.1,455.0
NEDLOZ_clean,1835.2,1204.8,245.8,151.4,242.6,254.5,318.8,514.5
NEDVOJ_charged,,,,67.1,99.2,131.5,219.5,230.8
NEDVUP_clean,632.0,250.3,188.9,63.6,90.3,116.6,207.5,220.5
NEDWAW_clean,615.6,242.8,186.0,61.4,85.7,113.2,199.7,216.7
NEDWEA_clean,585.0,228.0,171.5,58.2,82.9,106.1,188.6,201.7
NEDWIE_clean,256.1,148.6,123.2,40.0,50.1,62.2,116.0,136.7
NEDXOL_clean,2030.1,1066.9,289.4,130.5,239.6,299.7,345.5,342.0
NEFZOO_clean,2401.8,1349.7,194.5,108.7,206.0,240.3,246.1,361.8
NEGMUI_clean,848.8,318.3,242.4,82.5,118.8,154.5,265.8,293.8
NEGZUW_clean,927.6,352.6,233.1,79.3,119.8,154.4,257.0,262.0
NEHGEO_clean,7778.4,3776.7,696.0,326.6,579.4,672.0,723.6,925.7
NEHGIS_clean,7807.6,3724.7,657.2,334.7,594.0,662.6,708.7,948.7
NEHMET_clean,963.8,419.9,138.2,55.6,97.1,128.4,168.2,168.4
NEHZIK_clean,485.9,268.5,223.0,74.3,97.6,127.6,227.0,252.5
NEJRUR_clean,656.4,328.0,180.5,66.9,108.9,145.9,215.9,218.1
NEJSAY_clean,2544.7,1260.5,340.3,146.9,279.6,357.7,402.2,406.2
NEJSEC_clean,1091.5,574.3,243.9,100.2,172.7,224.9,290.6,287.4
NEJSOM_clean,1093.9,495.0,204.9,78.4,134.4,177.4,250.6,244.7
NEKBEL_clean,246.2,215.1,179.0,56.7,67.5,78.8,145.4,185.3
NEKMUN_clean,1780.2,991.9,280.4,130.1,242.4,298.9,328.5,337.4
NEKREB_clean,561.3,266.8,199.9,69.9,105.9,138.2,220.3,229.5
NELVAC_clean,1012.4,657.6,230.9,102.7,195.6,241.3,263.3,271.6
NELVEG_clean,1074.3,752.9,222.9,110.4,206.2,244.6,257.1,301.6
NENFAN_clean,4482.9,2785.0,243.2,184.8,285.6,292.7,469.2,904.8
NENHAQ_clean,1104.1,360.4,252.8,86.2,125.5,162.0,274.2,288.0
NENHEU_clean,7444.4,3134.1,445.7,228.8,401.4,449.3,483.9,710.8
NEPWIQ_clean,1743.8,812.8,247.1,104.1,189.5,241.9,303.8,301.9
NERMON_clean,302.2,275.4,226.6,75.5,85.1,102.3,185.0,233.3
NERNON_charged,,,,143.4,246.8,327.4,418.1,414.8
NERTAH_clean,2211.7,1091.1,510.0,199.4,341.2,435.7,595.1,580.0
NERVAJ_clean,1046.1,716.2,988.6,327.9,382.2,417.1,651.9,720.2
NERVEN_clean,984.7,720.1,1084.3,339.4,347.1,398.6,614.2,688.9
NESVAK_charged,,,,105.9,174.5,235.7,328.7,329.7
NESVEO_charged,,,,70.5,112.7,150.1,221.9,225.6
NETHOJ_clean_h,900.9,366.0,191.1,71.2,112.2,147.3,229.5,235.8
NETYIV01_clean,1288.6,438.7,279.3,98.8,143.7,190.1,313.0,314.1
NETYIV_clean,1219.5,422.8,273.4,96.7,140.6,184.9,300.0,315.4
NEVJEF_clean,960.3,391.1,285.7,96.2,145.1,192.4,308.7,323.8
NEVPOU_clean,1129.5,469.6,212.4,78.2,129.8,175.9,250.4,248.6
NEVPUA_charged,,,,92.3,150.9,196.9,290.6,297.2
NEVQAH_charged,,,,93.5,158.2,200.2,289.9,290.5
NEVVAM01_clean,703.6,305.7,206.3,72.9,108.7,145.9,237.6,242.8
NEVVAM02_clean,803.7,344.5,207.7,75.1,116.0,154.4,246.1,252.7
NEVVAM_clean,769.1,331.5,192.5,68.9,111.1,146.4,231.8,232.5
NEVVEQ_clean,1563.4,989.5,255.8,124.6,235.6,278.1,306.2,336.6
NEXDOK_charged,,,,233.4,348.9,452.3,690.3,708.0
NEXVET_clean,2747.7,845.1,356.2,138.0,212.7,278.0,398.9,398.6
NEXVUI_clean,475.9,307.4,317.9,101.3,124.1,145.6,247.3,297.3
NEXXEV_clean,1757.4,654.8,280.8,105.1,176.1,233.6,325.7,334.1
NEXXIZ_clean,1838.5,708.5,298.8,111.0,185.2,244.0,346.4,343.6
NEYVEU_clean,7001.3,2423.5,664.1,263.4,459.9,572.9,711.7,695.2
NEYYUN_clean,1133.9,534.2,128.4,56.4,106.9,134.8,162.3,162.0
NEYZAU_clean,1213.6,567.6,127.7,57.7,113.5,135.9,158.6,164.1
NEZWOG01_clean,748.6,287.4,201.1,68.2,100.3,131.2,228.5,248.3
NEZWOG_clean,1162.6,412.1,225.3,75.0,120.0,158.7,250.1,247.7
NIBHUC_clean,440.8,261.0,299.4,95.8,109.8,125.5,201.3,235.1
NIBJAK_clean,137.6,110.9,117.1,35.7,41.0,46.4,76.3,92.8
NIBXUT_clean,1511.4,590.2,252.7,95.6,154.4,207.9,301.1,304.1
NIFTIH_clean,867.4,431.4,212.9,82.6,135.1,180.7,248.3,249.6
NIGBOW_clean,324.8,156.3,123.8,40.4,54.6,66.8,126.5,147.4
NIGDEO_clean,1958.6,653.3,263.2,98.1,163.5,213.3,314.3,305.0
NIGDIS_clean,1842.0,647.8,257.0,94.8,160.5,210.3,300.5,300.1
NIGFIT_clean,656.3,234.5,137.1,47.4,75.1,96.6,157.3,163.3
NIGFOZ_clean,668.5,239.3,137.8,48.7,74.3,97.7,164.2,167.8
NIGFUF_clean,699.5,246.5,140.9,50.2,76.8,102.0,164.1,169.1
NIGGAM_clean,656.9,232.2,137.1,47.8,73.7,96.5,158.1,164.5
NIGGEQ_clean,687.0,248.2,139.1,49.1,76.1,101.6,164.6,170.5
NIGGIU_clean,797.6,298.0,133.4,49.0,81.1,105.9,161.0,163.3
NIGNUO_clean,2824.5,1040.1,366.8,140.0,239.4,318.4,406.7,403.9
NIGPEA_clean,2128.9,803.5,273.8,113.3,180.6,229.5,315.0,301.7
NIHBAI01_clean,586.7,305.2,194.3,68.9,110.5,147.3,228.1,227.7
NIHBAI02_clean,590.2,311.1,191.4,70.3,110.6,150.5,224.2,227.0
NIHBAI_clean,580.9,308.2,195.1,72.1,111.1,147.5,227.5,229.5
NIHBEM01_clean,598.3,314.0,200.4,75.5,116.7,155.9,236.0,241.6
NIHBEM02_clean,611.3,318.0,200.6,74.7,118.0,156.2,235.7,241.3
NIHBEM_clean,608.5,318.7,201.3,73.2,117.4,156.7,238.6,241.7
NIHBIQ01_clean,600.0,308.0,201.7,72.8,114.2,153.1,237.4,244.4
NIHBIQ02_clean,660.0,305.6,200.9,72.7,113.7,151.1,238.8,240.5
NIHBIQ_clean,608.6,312.9,199.1,72.7,115.1,153.3,239.8,242.7
NIHVUX_clean,426.9,275.8,238.4,76.7,98.7,123.3,223.2,259.1
NIJTOR_clean,958.1,536.9,302.5,115.9,200.4,263.4,355.0,357.6
NIJZIP01_clean,267.4,246.0,205.3,64.4,75.5,87.5,160.8,204.2
NIJZIP_clean,197.7,174.2,142.7,45.1,53.4,61.9,112.9,145.1
NIJZOV_clean,187.2,172.4,143.3,44.6,53.0,61.5,109.3,139.9
NIKDAM_clean,562.0,275.0,224.9,75.5,100.1,126.0,232.4,264.6
NIKHAS_clean,1098.4,544.7,340.0,119.7,188.0,248.8,350.8,354.9
NIKJIB_clean,1792.4,740.8,341.9,123.8,204.0,276.7,393.8,392.0
NIKKIC_clean,1217.0,564.2,287.8,107.7,178.9,230.2,322.9,328.6
NIKYOW01_clean,586.6,305.5,204.9,73.7,114.9,154.4,241.0,245.7
NIKYOW02_clean,605.9,316.2,201.7,74.1,117.5,154.5,239.3,243.5
NIKYOW_clean,581.9,301.7,203.8,72.6,115.6,152.1,238.9,247.2
NIKYUC01_clean,604.5,319.1,201.4,72.5,116.7,155.5,236.4,245.3
NIKYUC02_clean,604.1,314.2,202.3,73.6,117.2,152.7,238.5,242.4
NIKYUC_clean,601.0,316.1,202.6,73.3,117.3,160.1,239.8,242.1
NIKZAJ01_clean,604.1,312.5,204.3,73.0,116.5,152.7,237.8,242.5
NIKZAJ02_clean,604.1,317.0,205.5,73.7,117.3,155.9,239.2,244.9
NIKZAJ_clean,594.7,306.5,201.7,72.1,115.1,154.5,245.8,246.8
NIKZEN01_clean,603.7,315.4,199.7,72.5,115.6,156.7,235.6,239.5
NIKZEN02_clean,608.0,314.1,204.6,73.9,118.4,156.7,238.8,243.7
NIKZEN_clean,614.6,321.3,201.7,73.3,118.1,157.7,239.9,241.9
NIMPEG01_clean,584.0,220.0,170.6,57.3,80.0,102.6,182.0,195.6
NIMPEG_clean,667.0,254.1,189.0,64.6,91.2,118.3,208.8,216.5
NIMPOQ_clean,2241.0,779.8,343.2,126.7,203.4,267.8,383.3,391.1
NIMQAC_clean,2012.5,1110.2,389.2,168.4,308.1,379.5,426.7,433.0
NIMQAD_clean,,,,108.9,169.0,212.7,337.7,341.8
NIMQEH_clean,,,,85.3,107.8,134.3,227.7,256.7
NIMTAE_clean,1150.2,523.2,365.3,131.9,182.1,235.2,332.4,333.1
NIMXAK_clean,962.7,346.9,197.1,67.7,104.2,137.8,209.7,215.5
NIMXIS_clean,623.0,241.7,187.5,63.7,86.3,110.5,202.0,223.0
NINHOH_clean,110.2,83.6,66.0,20.7,25.5,30.0,56.5,71.2
NINVAI_clean,639.6,250.6,154.8,54.7,85.5,113.6,174.8,177.9
NIRFIE_clean,1254.4,748.7,341.4,144.7,256.2,325.9,373.7,374.5
NIRGAY_clean,971.1,371.3,266.5,91.4,132.2,172.5,287.3,302.3
NISBEX_clean,1597.5,642.2,387.8,140.4,217.7,286.9,460.2,468.3
NISPEL_charged,,,,195.9,346.3,427.8,496.0,499.3
NIVZOJ_clean,260.3,194.7,159.8,50.3,61.7,80.7,133.3,167.6
NIXFUX_clean,3456.8,1861.8,644.6,265.4,506.5,532.3,506.5,647.4
NIXGIM_clean,2199.9,1148.9,639.8,224.0,357.4,480.1,570.3,604.8
NIXKIQ_clean,6159.3,2250.6,411.6,182.1,327.9,375.0,395.6,490.4
NIYJAI_clean,2501.1,1167.6,498.3,194.2,324.2,422.4,550.8,554.5
NIYZIG_clean,1308.1,487.5,215.2,78.1,129.7,169.5,258.6,253.2
NIZNAN_clean,2649.8,1263.2,388.6,159.2,297.5,374.5,438.1,448.1
NIZZAY_clean,3922.3,1457.4,410.1,172.4,281.4,363.9,430.0,429.9
NIZZEC_clean,1187.4,435.6,276.3,98.3,139.0,182.8,266.6,263.9
NIZZIG_clean,644.6,242.4,233.2,76.0,101.1,127.6,199.2,208.5
NIZZOM_clean,658.6,245.9,233.2,76.4,102.0,125.6,202.2,213.8
NOBVOR_clean,1155.3,572.6,230.2,92.0,164.8,216.1,280.4,278.6
NOBWEI_clean,,,,305.6,527.4,657.6,727.5,777.6
NOCKOG_clean,1241.3,607.1,225.0,90.6,161.3,208.8,266.9,266.2
NOCKUM_clean,1437.5,637.2,265.9,100.9,172.8,228.7,313.0,315.4
NOCLOH01_clean,810.1,399.1,176.0,68.1,118.5,156.5,218.5,219.0
NOCLOH02_clean,805.1,392.5,178.9,67.0,114.8,155.3,214.9,217.1
NOCLOH03_clean,802.8,383.7,171.1,65.6,111.2,148.8,209.9,211.7
NOCLOH_clean,786.5,384.7,172.6,65.8,113.8,153.9,214.2,215.0
NOCLUN_clean,788.2,298.1,151.4,55.4,87.4,117.0,181.9,182.3
NOCYUB_clean,962.9,429.9,323.2,114.4,163.2,216.6,374.3,387.1
NOCZAI_clean,858.9,416.5,335.0,110.3,160.2,207.2,365.1,386.7
NODKAT_clean,1811.2,937.1,289.3,124.2,229.9,297.3,344.9,339.7
NODKEX_clean,880.9,351.4,160.1,52.0,88.8,118.1,165.5,167.0
NODKIB_clean,2556.8,1414.7,455.9,175.2,322.0,387.2,466.3,453.5
NODKOH_clean,2135.8,1003.9,326.1,135.9,232.3,298.8,351.9,354.2
NODKUN_clean,908.3,342.9,156.1,57.3,93.2,124.3,180.8,183.2
NOFDUI_clean,1762.2,819.3,350.5,136.0,227.0,316.6,428.9,408.4
NOFHOG_clean,879.1,320.6,168.4,59.0,93.5,124.4,190.8,198.2
NOFQAB_clean,8973.9,4388.4,2396.9,906.4,1270.9,1479.1,1584.5,1589.9
NOFQIK_clean,461.4,246.1,196.5,65.9,94.9,119.0,220.0,236.7
NOFQOQ_clean,555.4,274.9,193.0,67.9,105.2,135.7,227.8,234.5
NOFRIK_clean,2354.0,2211.5,489.2,528.9,563.1,612.4,1308.0,1535.6
NOGDAP_clean,3002.5,1883.8,181.7,134.5,215.2,221.7,336.4,637.5
NOHFOG_clean,500.4,233.0,158.7,55.2,84.8,111.0,179.6,185.7
NOHLAZ_clean,367.4,170.5,132.7,44.2,61.7,78.5,143.2,158.7
NOHQEI_clean,9166.0,3410.7,2282.4,713.6,989.1,1188.7,1475.4,1404.3
NOHSIM01_clean,1462.2,669.6,193.4,81.0,147.2,186.1,228.2,232.4
NOHSIM_clean,968.5,406.6,149.8,61.2,100.4,132.9,184.4,184.2
NOHSUA_clean,1924.6,748.5,345.7,126.0,203.7,270.2,388.0,386.4
NOKJON_clean,530.0,186.3,125.8,43.0,63.4,83.7,144.6,153.7
NOKLIJ_clean,687.6,239.6,154.8,53.3,82.7,105.4,180.0,190.0
NOKPEJ_clean,385.8,256.7,211.2,68.6,90.9,111.7,212.7,242.1
NOMPOW_clean,1600.6,530.0,358.0,117.0,169.5,221.5,327.7,338.1
NOMQAJ01_clean,759.9,515.6,219.0,96.3,181.8,225.2,264.7,266.0
NOPJOT_clean,1100.8,441.1,201.6,76.6,121.3,160.1,237.3,237.7
NOQKOV_clean,927.3,417.6,230.8,84.4,136.3,184.4,273.4,277.7
NOQKUB_clean,1410.3,631.6,239.7,94.0,166.0,221.5,286.3,294.6
NORBUT_clean,2027.6,962.0,824.9,301.7,415.4,519.8,936.3,936.9
NORGOS_clean,419.2,420.1,357.0,111.0,127.2,161.5,244.2,326.1
NORPIV_clean,8182.6,4028.5,465.6,277.1,479.4,497.6,587.9,1063.9
NOSHEK_clean,664.5,261.6,137.3,50.0,80.1,105.3,213.3,167.8
NOSJIQ_charged,,,,371.7,495.6,610.2,1067.6,1072.7
NOSTUM01_clean,1943.3,795.8,239.4,96.4,173.8,225.8,291.6,283.8
NOSTUM_clean,912.1,387.4,165.0,62.0,106.1,142.0,200.6,208.3
NOWGIR_clean,1052.4,369.1,251.5,89.2,126.9,164.8,281.5,304.9
NUBBAP_clean,1124.1,365.8,193.4,65.9,104.7,140.0,217.9,213.3
NUBPIL_clean,210.5,127.2,106.9,33.7,42.6,51.6,96.6,115.2
NUCBIY_clean,2415.7,1292.9,1108.6,363.6,533.0,648.2,855.0,835.6
NUCCEV_clean,3882.0,1703.5,461.3,189.4,353.6,443.9,501.3,512.3
NUCPEI_clean,981.0,442.3,170.3,64.9,109.3,142.9,189.2,186.4
NUCPIM_clean,1159.8,506.7,189.5,71.6,120.5,158.5,199.5,202.2
NUCYAN_clean,248.4,180.6,148.7,49.5,67.0,84.9,153.7,173.0
NUCYER_clean,244.8,182.8,149.0,48.8,68.4,85.9,156.0,176.7
NUCYIV_clean,856.9,420.7,262.2,101.2,152.5,201.6,328.7,314.4
NUDLAB_clean,826.2,354.1,299.3,90.5,132.6,170.7,279.7,292.8
NUDLEF_clean,1528.3,607.8,665.9,181.4,234.5,288.7,461.9,472.9
NUDLIJ_clean,641.5,285.2,167.1,61.0,95.5,126.3,199.4,202.8
NUDMAC_clean,1310.1,596.4,236.6,92.0,161.0,212.6,290.3,288.5
NUDMEG_clean,1241.0,582.4,242.1,93.7,164.3,212.8,284.7,283.5
NUDMOQ_clean,1336.9,602.3,241.0,94.5,161.7,210.3,296.2,288.2
NUDMUW_clean,1274.0,582.5,236.3,91.9,159.2,213.5,281.8,281.4
NUDNEH_clean,1307.2,592.0,242.6,93.9,161.7,216.1,289.4,290.2
NUFBEX_clean,430.4,220.9,178.9,58.8,77.2,98.5,183.6,208.8
NUFBOH_clean,3361.8,1488.8,300.8,142.0,264.0,326.1,359.4,389.1
NUFBUN_clean,1064.4,396.0,179.5,66.6,108.4,142.4,212.2,214.9
NUFCAU_clean,715.7,244.5,176.1,60.0,86.1,114.6,195.0,205.8
NUFTOY_charged,,,,86.5,136.7,177.7,232.7,236.5
NUGRIR_clean,4087.0,1388.8,553.1,205.0,331.8,438.3,580.0,583.9
NUGROX_clean,4638.1,1649.9,595.4,242.7,391.6,522.7,641.8,631.6
NUHNUA_clean,1772.6,742.1,390.9,141.7,219.5,276.6,401.6,423.0
NUHPAI_clean,1193.4,503.8,290.2,107.8,163.3,218.2,331.0,338.6
NUHQAK_clean,2161.5,980.8,273.6,114.6,215.6,269.3,324.2,321.7
NUHQIS_clean,4545.3,1922.9,385.5,174.5,327.1,412.9,464.4,482.3
NUHQOY_clean,4739.6,1888.8,380.1,176.6,333.6,403.1,460.5,503.7
NUHQUE_clean,4626.7,1965.6,386.1,175.6,332.5,431.9,459.5,480.1
NUHRAL_clean,4541.2,1897.6,378.8,190.4,338.3,421.9,460.7,483.0
NUHZAS_clean,1240.8,729.4,324.4,137.4,243.4,323.1,388.9,382.4
NUJCEA_clean,404.9,320.8,271.2,85.9,108.3,127.3,237.2,287.7
NUJCIE_clean,404.5,319.2,268.9,85.5,106.3,129.2,241.6,289.0
NULMAJ_clean,265.5,223.4,191.8,59.7,72.0,86.2,158.0,195.9
NUMPAO_clean,481.4,188.8,178.6,50.4,69.2,89.1,158.0,177.3
NUNCEG_clean,1761.7,640.0,277.5,107.4,169.2,225.0,327.8,324.7
NUNNUH_clean,457.6,167.0,113.5,39.0,60.3,74.8,125.9,133.1
NUNPAP_clean,417.7,155.2,110.0,37.7,54.4,70.9,124.8,130.6
NUNSIA_clean,1816.1,898.9,487.7,179.7,291.3,375.8,506.8,544.7
NUNSOG_clean,1906.4,917.8,491.5,173.4,282.6,373.2,519.2,527.0
NUNZUT_clean,1466.1,722.1,305.8,103.0,188.3,246.9,304.2,311.3
NURMUJ_clean,559.7,213.2,139.4,48.2,72.0,94.1,184.4,167.8
NUSXEG_clean,1798.7,654.8,861.6,279.4,300.7,387.2,550.2,581.2
NUTQAV_clean,247.7,122.1,99.1,31.9,42.0,53.1,96.9,112.5
NUTQEZ_clean,,,,47.6,69.9,92.2,157.5,168.1
NUTYEI_clean,1709.8,579.3,518.8,180.6,227.6,274.6,397.6,397.8
NUTYIM_clean,1614.4,581.7,511.2,168.4,217.7,270.6,404.6,419.2
NUTYOS_clean,,,,92.4,145.3,190.8,291.9,295.7
NUVBIQ_clean,484.3,229.7,165.0,57.6,87.2,115.2,194.1,201.9
NUVWEH_clean,914.8,391.4,278.3,95.3,139.8,185.1,316.9,332.5
NUVWIL_clean,,,,62.4,73.3,86.6,156.7,196.3
NUVXOT_clean,1343.1,439.3,212.4,75.0,122.4,158.9,235.8,235.6
NUVXUZ_clean,1545.6,558.7,756.0,245.4,281.2,306.9,456.8,488.0
NUVYOT_clean,1721.1,824.6,339.9,134.2,233.6,308.5,408.5,422.0
NUWBOX_clean,610.1,244.5,187.6,63.6,90.0,118.7,209.5,220.9
NUWPOM_clean,630.0,275.7,219.3,73.8,97.4,123.8,229.1,254.7
NUWVIM_clean,2856.4,1493.4,1050.3,407.9,559.8,668.7,854.1,829.8
NUYNEC_clean,497.4,190.2,140.7,47.3,66.8,86.1,154.1,170.4
NUYQUU_clean,857.6,443.7,152.4,63.4,113.8,149.0,187.8,189.7
NUZCIV_clean,3976.0,1939.0,660.6,264.7,461.4,591.5,676.9,666.7
OBAFEF_clean,294.0,189.8,157.7,51.3,70.8,86.1,159.5,179.1
OBAFOP_clean,847.9,368.0,311.7,105.5,151.5,197.7,311.1,322.8
OBAHIL_clean,2425.8,1004.2,448.5,176.9,285.9,359.7,451.9,460.5
OBAHOR_clean,2484.4,1103.1,461.2,183.6,307.2,355.7,465.6,446.4
OBAHUX_clean,2268.3,982.9,452.7,176.1,274.7,353.9,441.0,461.7
OBAJAF_clean,2334.6,996.8,468.7,173.9,282.3,358.3,451.0,457.2
OBEDAA_charged,,,,120.3,210.5,274.9,350.7,349.6
OBEDEE_clean,1534.2,581.6,272.5,102.6,161.6,218.3,323.0,326.8
OBIBAF_clean,1307.7,539.3,352.2,125.2,186.6,243.6,359.0,359.4
OBIBEJ_clean,923.2,362.8,240.1,85.4,126.9,167.3,273.6,276.8
OBIBOT_clean,1427.5,622.7,342.6,123.3,189.6,250.7,352.3,344.8
OBODEQ_clean,613.5,245.6,136.1,48.8,76.7,101.1,160.8,164.1
OBOGUK_clean,358.4,131.2,96.8,32.1,45.2,59.0,104.8,113.9
OBONUO_charged,,,,141.8,216.2,276.1,448.3,460.3
OBUBIW_clean,624.0,341.9,296.8,91.0,119.1,143.8,266.9,315.1
OBUBOC_manual,561.8,335.3,280.6,93.2,118.7,140.7,265.4,312.6
OBUFEX_clean,1278.7,510.8,239.8,87.3,143.1,193.2,293.3,306.1
OBUFIB_SL,1510.9,684.5,369.4,135.9,222.5,294.2,466.6,438.5
OCACUR_clean,883.0,362.7,153.5,57.3,96.2,128.1,187.0,188.4
OCAQOY_clean,491.8,307.1,259.4,84.4,120.8,156.0,277.3,295.4
OCILEU_clean,1036.9,501.7,277.0,97.6,163.4,211.8,287.7,284.7
OCILIY_clean,594.0,297.0,271.2,81.8,108.3,138.1,259.4,276.4
OCIMAR_clean,1011.2,494.9,273.1,98.1,165.3,217.1,306.8,313.0
OCIMEV_clean,948.3,445.7,255.2,88.9,148.6,196.4,282.2,285.7
OCIMIZ_clean,392.9,209.0,185.0,56.9,79.6,101.9,182.7,197.8
OCIMOF_clean,914.4,411.0,258.7,87.9,142.2,188.5,286.0,290.0
OCIMUL_clean,955.0,438.3,272.7,93.6,149.3,199.1,302.5,308.2
OCINAS_clean,1095.0,532.6,260.5,101.4,177.9,231.8,293.8,295.8
OCIZAD_clean,1652.0,663.1,343.9,119.8,198.6,255.9,382.6,382.7
OCOKUP_clean,968.8,494.6,243.9,95.7,163.8,215.8,296.3,299.5
OCUGEZ01_clean,560.1,258.8,192.3,65.0,94.1,124.8,217.4,245.5
OCUGEZ_clean,568.5,255.5,185.7,63.6,94.1,123.8,212.9,227.3
OCUMIL_clean,2195.2,826.0,337.9,128.3,214.4,285.7,391.8,398.2
OCUMOR_clean,2629.3,1072.5,358.9,149.0,254.2,329.3,430.7,432.2
OCUMUX_clean,2337.8,905.6,370.0,134.0,228.7,307.6,405.1,401.8
OCUNAC_manual,18659.8,6775.3,4034.6,1332.6,1879.6,2234.2,2656.0,2604.4
OCUNAE_clean,2129.3,834.3,339.1,126.6,209.2,287.2,383.9,378.0
OCUPOS_clean,738.4,436.5,200.4,77.2,140.0,180.9,232.8,235.3
OCUPUY_clean,936.1,494.8,200.5,80.6,145.7,186.4,252.0,248.7
OCURAG_clean,832.4,402.8,202.9,78.1,125.6,170.2,235.1,237.3
OCUSIP_clean,900.8,406.1,211.9,79.8,129.3,173.6,255.7,259.9
OCUSOV_clean,891.8,444.2,193.8,76.9,129.5,171.0,235.4,233.9
OCUSUB_clean,786.6,380.9,197.8,69.5,115.9,155.7,221.1,221.0
OCUTAI_clean,980.2,494.2,224.1,80.5,137.7,185.0,246.4,248.4
OCUTEM_clean,872.3,427.5,205.9,76.4,126.8,167.9,234.9,235.9
OCUVUF_clean,581.7,378.7,437.1,138.8,160.4,183.0,290.5,346.3
ODAHIK_charged,,,,77.0,105.9,133.2,239.6,263.9
ODERIZ_clean,654.3,332.0,215.9,78.4,125.0,163.4,244.0,246.5
ODEZAB_clean,1577.1,591.0,260.7,97.2,157.5,199.2,278.1,277.4
ODIMAQ_clean,268.1,230.3,194.4,64.5,73.7,86.6,159.5,198.8
ODIVUU_clean,1352.1,520.3,208.8,75.9,128.6,169.5,240.7,238.2
ODIXEG_clean,848.1,286.5,153.5,54.9,87.7,114.5,182.9,192.4
ODIXIK_clean,4939.8,2206.1,471.8,210.9,398.1,479.5,538.1,585.7
ODODES_clean,3490.5,1431.6,370.9,162.8,289.0,381.9,446.6,457.1
ODODIW_clean,2447.8,962.5,288.2,114.7,204.3,270.6,337.8,340.6
ODODOC_clean,1855.0,694.0,277.9,104.7,176.3,240.1,339.0,346.9
ODODUI_clean,1408.9,495.4,437.6,137.5,196.3,237.4,359.2,368.7
ODOMIF_clean,808.9,375.8,143.1,57.1,98.5,130.6,177.4,176.5
ODOXEK_clean,1211.6,788.2,267.4,121.9,229.6,283.5,324.1,324.2
ODUNEH_clean,1759.2,701.0,277.2,101.5,171.6,228.1,307.2,306.4
OFAMUF_clean,291.9,219.5,225.8,59.7,82.2,100.0,191.8,209.9
OFAWAV_clean,193.3,119.7,97.4,31.1,39.5,46.8,88.0,107.3
OFAWEZ_clean,416.8,173.2,136.1,44.6,61.1,76.5,143.3,167.9
OFEHAK_clean,616.9,266.8,183.1,65.9,96.8,129.3,208.0,216.5
OFEREX_clean,536.7,222.4,125.2,45.3,71.0,93.9,150.5,153.4
OFERUN06_clean,457.3,233.7,192.9,62.8,81.8,102.5,190.4,219.6
OFERUN_clean,733.4,308.2,253.2,83.2,113.6,143.3,259.6,288.9
OFESAU_clean,925.7,434.0,307.6,108.9,162.6,219.2,354.1,363.2
OFESEY_clean,974.1,427.8,305.7,106.9,162.6,218.4,342.7,352.5
OFESIC_clean,961.6,425.8,302.3,105.6,163.8,227.5,344.5,356.5
OFOCUI_clean,3545.5,1223.6,361.2,142.5,242.7,318.1,403.3,396.6
OFODAP_clean,,,,50.2,76.8,100.0,166.5,172.3
OFODET_clean,1146.2,499.9,247.8,90.8,151.2,198.4,291.4,294.4
OFORUX_clean,,,,90.0,132.7,173.0,295.6,302.8
OFUCAV_clean,865.1,390.5,195.7,71.5,117.7,156.8,234.2,235.1
OFUCEZ_clean,837.5,326.4,175.0,63.7,109.1,135.3,208.9,215.8
OFUYUL_SL,2133.2,891.1,245.0,102.7,184.8,243.9,297.1,294.5
OGAGAF_clean,721.2,364.5,229.6,84.3,131.3,182.5,272.9,275.5
OGAGEJ_clean,540.1,220.2,168.0,56.5,81.5,107.2,186.7,197.0
OGAGIN_clean,903.5,490.7,287.4,104.8,178.1,230.1,339.6,337.9
OGAXUR_clean,867.0,419.9,253.3,92.9,150.8,200.1,299.9,304.3
OGEBAF01_clean,876.0,305.6,230.5,77.0,110.9,144.5,240.6,252.0
OGECOU_clean,840.4,438.4,251.0,95.1,154.7,211.2,303.2,306.6
OGIBOV_clean,2471.7,2043.8,186.3,210.7,227.4,305.3,991.3,1352.0
OGIBUD_clean,855.4,356.1,148.8,56.7,96.8,129.3,181.5,183.2
OGIJIY_clean,1676.3,1055.2,301.3,137.3,259.7,315.1,342.4,372.2
OGIKAR_clean,12098.6,4653.7,895.5,405.2,703.3,875.4,929.4,1080.2
OGIYOT_charged,,,,122.2,206.5,270.7,348.3,337.2
OGIYUZ_clean,1511.0,679.7,296.9,114.2,200.0,262.5,323.1,323.1
OGOJAX_clean,686.9,239.0,268.1,80.5,102.4,126.4,200.7,214.3
OGOJOJ_charged,,,,133.1,160.9,191.5,350.7,430.0
OGOWAJ_clean,1537.4,617.5,299.3,113.0,176.5,234.3,352.0,343.8
OGUJIL_clean,1125.7,467.9,283.2,99.3,150.9,202.4,316.0,333.1
OGUPIQ_clean,1909.7,1057.3,396.6,165.3,290.0,374.0,460.7,455.0
OGURAK_charged,,,,74.2,134.0,174.7,237.0,234.9
OHAKEO_clean,1111.7,593.2,204.4,84.8,170.2,200.1,244.8,245.6
OHAKIS_clean,1345.5,786.8,245.1,111.2,208.2,248.3,279.6,289.2
OHAQAR_clean,19656.0,8380.8,2577.7,975.5,1495.9,1698.4,1728.8,2112.5
OHIHET_clean,1333.3,688.4,301.8,120.9,210.3,285.2,366.2,371.1
OHOLIH_clean,,,,95.2,171.6,220.1,282.5,273.5
OHOMIH_clean,720.5,398.4,204.8,78.4,135.8,180.1,250.0,249.4
OHUMEL_clean,5578.9,1838.1,2046.2,657.7,820.5,970.5,1397.2,1339.9
OJAZOP_clean,1815.0,744.5,1024.7,311.8,410.4,471.1,677.4,681.4
OJICEQ_charged,,,,173.9,281.0,365.4,555.9,523.4
OJICUG_clean,419.7,174.8,136.2,45.4,62.0,79.9,145.4,161.9
OJIDAN_clean,1085.8,403.4,354.1,118.1,163.2,207.9,338.8,368.9
OJIFAP_clean,1918.5,1023.5,368.0,133.1,240.5,311.6,352.6,353.4
OJIWAG_clean,1670.1,746.3,270.7,107.7,186.8,243.0,311.0,311.5
OJIWEK_clean,2488.6,1323.0,303.1,131.5,249.0,299.1,311.3,369.8
OJIWIO_clean,1030.6,542.3,274.4,105.3,180.9,239.7,330.0,331.2
OJONOQ_clean,175.1,130.6,105.3,33.5,40.2,49.1,90.9,114.5
OJORUC_clean,1249.6,508.7,205.8,84.0,133.7,173.8,235.9,242.9
OJOSEN_clean,1406.5,582.7,177.4,72.2,136.4,168.4,200.1,202.4
OJOSIR_clean,3330.2,1551.1,289.2,137.3,251.8,296.7,319.9,390.4
OJUPEQ_clean,3223.0,1542.2,1148.0,359.2,539.1,634.1,815.0,817.0
OKABAE_clean,645.3,227.8,177.4,59.7,84.0,107.2,183.7,194.8
OKABEI_clean,702.0,244.4,186.2,64.7,89.6,114.0,190.9,200.5
OKAYAC_clean,1627.9,1287.3,374.9,226.5,402.3,448.1,458.7,606.5
OKAYEG_clean,1614.9,1302.4,374.6,234.7,415.4,462.1,474.5,632.7
OKAYOQ_clean,650.5,374.1,193.1,77.2,129.0,171.6,234.5,237.7
OKAYUW_clean,645.2,374.0,193.1,75.7,132.3,179.4,235.1,236.5
OKAZAD_clean,647.5,378.0,194.4,78.5,133.2,178.8,238.9,239.7
OKELOH_clean,1059.0,386.4,198.5,68.5,108.1,143.4,221.7,225.2
OKIJUO_charged,,,,97.6,157.0,205.8,282.4,277.9
OKIKAV_charged,,,,90.9,163.1,213.3,271.5,274.9
OKIKEZ_charged,,,,95.5,169.6,222.7,291.8,289.5
OKILEA_clean,301.8,219.3,182.6,58.5,75.9,93.4,174.4,206.2
OKIQEG_clean,2617.0,1276.5,377.5,158.2,295.6,370.9,437.8,435.5
OKITAE_clean,381.0,203.7,138.4,49.7,77.3,104.5,162.7,204.7
OKITIM01_charged,,,,127.6,234.2,298.8,349.1,334.4
OKITIM02_charged,,,,128.5,227.8,290.3,344.5,337.0
OKITIM_charged,,,,115.9,207.9,270.7,322.4,328.8
OKIVAG01_charged,,,,126.4,220.4,287.0,335.6,336.7
OKIVAG_charged,,,,121.9,219.9,274.9,337.1,333.8
OKIVIO01_charged,,,,126.4,235.3,287.2,339.8,333.8
OKIVIO02_charged,,,,128.2,224.1,280.1,347.9,345.1
OKIVIO_charged,,,,127.3,222.0,286.6,334.6,340.9
OKIVUA_clean,1413.8,692.1,252.7,103.2,176.1,228.6,282.6,283.6
OKIWEL01_charged,,,,123.6,226.3,284.0,340.6,338.7
OKIWEL02_charged,,,,124.6,231.2,285.5,336.2,334.7
OKIWEL_charged,,,,126.1,222.0,284.8,345.1,350.2
OKIWUB01_charged,,,,115.2,203.2,260.4,323.0,323.3
OKIWUB02_clean,1312.5,636.2,257.2,99.3,172.8,220.8,292.7,286.7
OKIWUB_charged,,,,114.9,200.1,259.7,322.6,319.2
OKIXIQ01_charged,,,,121.9,201.1,258.4,317.5,326.7
OKIXIQ02_charged,,,,127.1,219.1,292.8,350.7,353.1
OKIXIQ_charged,,,,112.7,201.2,255.0,318.7,354.0
OKIYAJ01_clean,1413.1,676.3,252.2,102.0,177.7,225.8,290.8,285.2
OKIYAJ_charged,,,,124.7,215.5,271.8,349.8,334.7
OKIYIR01_charged,,,,114.1,200.5,255.9,320.7,327.8
OKIYIR02_charged,,,,123.8,241.3,278.8,335.3,341.2
OKIYIR03_charged,,,,123.4,216.8,281.7,379.9,343.8
OKIYIR_charged,,,,123.0,227.1,279.7,355.4,346.1
OKIZIT_clean,,,,204.1,339.7,345.3,400.8,609.8
OKOSUE_clean,1495.3,557.5,305.9,112.8,166.2,220.3,316.2,317.8
OKUJOV_clean,,,,640.9,1071.2,1157.4,1391.6,2437.4
OKUJUB_clean,19701.3,9189.5,4594.2,1692.6,2541.4,2734.6,2747.6,2987.9
OKUKEM_clean,15286.3,7084.4,2598.3,917.1,1456.8,1546.9,1597.6,2076.1
OKUKOW_clean,3699.5,1445.9,1330.2,421.2,522.3,645.3,871.7,859.1
OKUSUK_clean,2940.5,955.4,1062.8,337.4,450.0,523.8,805.8,757.0
OKUTAR_clean,2537.6,968.1,1075.7,360.1,445.0,512.1,717.4,738.9
OKUTEV_clean,2998.9,1003.1,1066.7,350.6,452.4,526.6,756.9,763.6
OLAGIR_clean,3880.4,1678.4,266.2,132.2,265.9,303.6,309.5,379.5
OLANAS_clean,782.6,322.2,260.5,86.6,122.1,158.1,270.9,283.4
OLANEW_clean,1309.8,489.9,326.8,115.5,168.4,222.5,357.2,366.8
OLAQOI_clean,781.0,689.8,855.2,265.3,305.0,342.5,503.6,609.0
OLEKUM_manual,3179.5,1215.9,419.5,162.8,283.3,362.8,476.6,555.5
OLICIX_clean,3723.2,1413.7,1185.0,389.3,535.1,642.7,873.4,841.0
OLODEA_clean,4701.2,1727.5,623.7,229.9,390.4,506.2,651.7,666.6
OLOGAY_clean,,,,138.2,255.9,307.4,335.3,391.1
OLOGEC_clean,2355.4,790.3,315.2,116.9,194.6,257.0,359.0,365.3
OLOPEM_clean,4420.3,2634.7,551.5,282.9,518.0,609.5,631.4,795.6
OLOPIQ_clean,,,,271.7,526.3,607.7,625.8,735.7
OLOPOW_clean,3592.8,2803.0,562.6,465.4,636.9,651.0,1093.0,1548.0
OLOYOF_clean,1408.0,483.6,248.3,89.2,140.0,186.3,267.7,264.1
OLUCAZ_clean,497.4,268.5,221.7,75.2,103.4,133.7,233.7,252.9
OLUROC_clean,1770.9,1175.3,285.7,141.5,248.4,293.3,312.2,373.0
OLURUI01_charged,,,,114.6,215.1,254.3,270.5,327.8
OLURUI_charged,,,,110.8,209.2,251.7,270.0,307.9
OMAMEU_clean,1150.3,650.7,181.5,82.7,154.0,190.7,216.7,222.1
OMIMEE_clean,7727.5,2742.5,2078.5,688.1,913.9,1092.4,1370.2,1453.5
OMIPAD_clean,3050.5,1867.9,527.4,264.4,511.8,604.1,621.4,693.6
OMIPEH_clean,5190.3,1805.2,1624.6,554.2,711.7,816.3,1069.6,1071.8
OMITUB_clean,5214.4,1825.2,1584.1,495.3,682.3,779.2,1070.1,1102.7
OMOVET_clean,1569.1,667.3,199.0,81.9,143.8,195.7,230.1,236.4
OMOWEU_clean,,,,190.9,313.7,346.7,355.1,547.5
OMUHUB_clean,,,,405.8,680.9,823.4,848.6,868.4
OMUMEQ_clean,7211.5,3348.7,1222.0,437.3,721.9,826.9,920.3,956.9
OMUMIU_clean,6706.1,3084.6,935.9,359.1,606.0,719.0,782.7,872.1
OMUSAS_clean,173.0,135.7,158.6,48.5,55.0,61.9,98.2,119.1
ONEJUN_clean,704.4,352.8,363.3,112.8,145.3,169.1,310.6,326.5
ONEYIQ_clean,21327.6,7511.6,6827.6,2161.3,2731.5,3281.4,4237.1,4258.4
ONEYOW_clean,636.4,308.9,357.9,115.0,134.5,170.1,262.0,288.6
ONUJUE_clean,2032.5,859.0,374.7,135.5,221.3,294.8,413.8,412.9
ONUKAL_clean,1452.6,749.1,207.3,99.5,184.7,226.9,253.9,262.1
ONUQOE_clean,3634.6,1744.8,369.1,174.6,335.8,400.9,456.7,482.1
OPAGIX_clean,3018.4,1037.8,298.5,118.5,215.3,278.6,351.4,347.9
OPAHIY_clean,3169.2,1233.8,611.8,201.4,329.8,407.7,504.1,470.0
OPAMOI_clean,712.6,286.5,147.6,50.8,84.4,110.3,172.5,173.4
OPENUT_clean,387.4,192.5,166.7,52.0,70.3,89.7,161.9,183.8
OPIFUQ_clean,4804.7,2029.9,1177.7,420.5,583.4,692.0,858.6,829.7
OPINIL_clean,171.5,162.0,132.0,41.7,48.6,55.1,99.1,127.9
OPIPUZ_clean,1517.4,759.8,372.0,145.1,246.2,328.7,456.3,441.5
OPIWEQ_clean,1580.2,897.5,281.6,122.3,234.2,288.0,355.4,353.3
OPIXUI_clean,1752.9,662.3,718.0,225.9,306.8,341.1,499.5,525.7
OPIYAP_clean,1590.0,694.3,306.6,116.1,197.3,249.3,347.8,343.5
OPOBIF_clean,410.4,366.7,309.1,106.0,144.1,183.3,330.9,362.2
OPOZEZ_clean,493.7,276.6,256.8,82.9,107.8,135.1,238.5,269.0
OPUDOT_clean,915.8,634.8,247.0,118.8,230.4,277.2,308.4,309.9
OQANIE_clean,1466.5,700.3,244.5,107.3,195.4,255.8,279.7,285.1
OQEPUW_clean,1899.5,897.3,368.9,150.6,245.9,329.1,438.8,430.8
OQEROS_clean,948.0,489.1,209.2,81.5,142.4,187.8,248.7,252.1
OQERUY_clean,1634.6,856.9,278.7,121.4,218.4,272.1,326.1,325.2
OQESAF_clean,896.1,482.2,205.4,81.1,145.0,189.8,248.2,250.7
OQESEJ_clean,940.4,487.9,208.8,82.0,143.2,185.4,248.5,248.6
OQETEK_clean,237.0,108.9,85.9,29.0,39.6,50.5,93.0,101.3
OQIQEM_clean,790.1,442.6,159.4,66.2,119.9,157.5,189.1,190.8
OQIQIQ_clean,807.4,442.5,163.0,69.4,121.6,156.5,190.7,192.7
OQIQOW_clean,855.3,479.2,158.2,68.1,129.7,160.0,190.2,190.1
OQIQUB01_charged,,,,134.0,197.1,256.5,407.0,412.6
OQIQUB_charged,,,,136.6,190.5,240.0,409.6,452.6
OQIRAI_charged,,,,114.9,146.4,184.5,327.5,381.0
OQIZUL_clean,8670.5,3162.1,601.4,278.1,508.0,607.0,648.1,782.8
OQOJUB_clean,823.9,406.5,306.6,108.2,162.3,211.1,354.1,355.9
OQUCOU_clean,1393.0,473.6,236.2,84.9,135.3,176.9,272.8,273.7
OQUFAJ01_clean,1712.7,593.6,276.5,95.8,147.1,188.6,262.6,266.3
OQUFAJ02_clean,1292.9,519.8,314.2,112.1,167.2,210.7,299.2,300.8
OQUFAJ03_clean,1569.1,553.0,275.9,86.1,147.1,186.8,261.0,258.9
OQUFAJ04_clean,1535.1,570.2,250.7,90.4,144.3,192.8,264.2,260.6
OQUFAJ_clean,1529.8,549.0,238.5,85.8,140.9,185.0,258.9,260.3
OQUFIR_clean,2520.1,1043.9,354.5,130.1,233.1,283.5,328.2,341.9
OQUFOX_clean,855.6,327.4,317.1,100.2,134.0,168.6,258.3,268.0
OQUFUD_clean,2777.8,1203.9,324.8,135.7,248.0,287.6,342.8,341.3
OQUGAK_clean,6313.4,3188.9,833.2,336.6,606.0,668.2,705.1,920.5
OQUGUE_clean,1966.3,799.9,293.2,112.2,193.2,247.9,313.6,317.4
OQUWUU_clean,6662.3,2654.8,1333.3,484.0,708.8,892.5,1248.9,1192.5
OQUXAB_clean,2454.7,1068.5,385.5,149.9,263.5,341.9,484.6,437.2
OQUXEF_clean,2389.1,1006.3,388.2,147.8,261.2,329.0,442.6,459.4
OQUXIJ_clean,2293.0,1031.8,385.2,155.0,265.5,343.0,445.7,462.7
OQUZIL_clean,2477.6,1056.3,396.2,155.6,268.9,342.1,453.6,433.5
ORAGEU_clean,300.1,269.2,228.6,72.0,84.6,99.4,179.8,230.8
ORAGOF_clean,1510.2,507.5,316.2,109.4,167.8,216.8,344.6,355.4
ORAQUU_clean,5233.9,2156.4,614.5,245.3,437.1,542.4,617.6,639.2
ORAWAH_clean,5895.0,2278.1,1516.5,486.9,693.7,818.1,1080.1,982.5
OREZES_clean,360.1,331.4,281.9,89.3,104.6,117.4,205.6,267.2
OREZUI_clean,5339.3,4120.8,663.8,517.1,638.7,642.4,1396.3,2130.6
ORIBAU_clean,576.9,226.9,142.4,49.4,75.3,97.3,158.3,160.0
ORIVOC_clean,2701.4,931.2,298.8,114.9,202.4,269.8,356.4,356.9
ORIVUI_clean,2623.6,913.6,291.5,113.8,200.2,262.9,349.5,349.1
ORIWAP_clean,2580.0,869.2,293.0,123.2,194.7,257.5,349.9,349.4
ORIWET_clean,2410.3,774.6,297.2,111.2,188.7,250.8,356.4,360.4
OROKEN_clean,836.4,306.7,176.1,61.7,96.6,126.3,208.2,214.5
OROLUD_clean,1049.5,483.8,172.3,67.3,117.8,159.6,207.8,207.3
ORUKET_clean,472.9,205.4,177.5,59.2,80.6,99.9,176.9,190.8
ORUKOD_clean,2572.6,1395.2,433.9,196.6,354.2,456.7,506.9,507.3
ORULEU_clean,1383.5,739.2,269.4,112.8,203.6,261.0,321.5,319.6
OSAVEK_clean,630.9,261.2,147.4,57.2,83.3,113.9,176.9,179.3
OSAVUA_clean,511.5,199.0,136.0,49.3,70.0,91.9,157.3,167.5
OSAWEL_clean,872.6,467.5,180.7,74.3,134.7,177.9,223.2,223.6
OSIKIL_clean,3691.8,1381.8,405.9,184.1,275.3,367.8,427.3,421.9
OSIKUX_clean_h,3555.9,1301.3,416.2,164.3,283.7,351.7,433.3,435.2
OSILOS_charged,,,,90.2,142.5,187.9,292.2,297.9
OSIWUJ_clean,543.7,336.9,274.4,92.1,133.8,170.1,302.6,323.2
OSIXEU_clean,518.9,331.1,267.8,91.0,135.5,165.9,291.4,320.1
OSIXIY_clean,957.2,488.7,369.5,130.2,202.0,261.4,434.0,453.0
OSOTIB_clean,1225.0,443.2,226.7,76.8,126.2,158.0,230.0,229.7
OSOTUN_clean,5672.3,2845.4,1698.8,635.1,913.6,1034.4,1245.2,1244.0
OSUVIJ_clean,2170.5,943.6,339.5,134.1,236.8,308.8,416.3,415.6
OSUWEF_clean,3319.2,2247.2,434.9,264.5,477.8,522.7,546.6,792.4
OTABES_clean,509.1,190.7,95.6,34.0,54.1,74.9,107.4,112.5
OTALUS_clean,4849.5,1742.1,1130.1,411.6,557.6,727.1,917.9,912.4
OTAQAD_clean,647.8,253.4,103.7,40.1,68.6,90.4,125.1,128.9
OTATOT_clean,591.9,263.2,203.9,68.8,95.9,162.1,216.4,235.0
OTAVAH_clean,591.1,257.8,206.6,70.1,96.4,124.2,222.6,244.7
OTAVOV_clean,594.9,254.8,205.7,69.6,101.0,122.1,221.3,242.1
OTAVUB_clean,598.7,252.7,202.0,68.2,95.1,122.3,216.4,236.2
OTAWIR_clean,1688.7,647.1,241.3,92.4,159.3,207.4,273.1,271.7
OTECAT_clean,4239.0,1397.1,627.3,207.9,351.9,435.3,542.7,555.2
OTEGUR_clean,1197.6,526.8,147.8,58.7,106.6,138.8,172.0,171.9
OTEHAY_clean,1084.1,461.2,137.9,55.4,99.0,129.3,168.6,168.5
OTIBUQ_clean,1024.5,449.0,147.3,64.5,115.5,147.9,170.9,173.2
OTIJAE_clean,3297.7,1141.0,404.4,149.7,253.5,336.9,445.5,441.9
OTIPAK_clean,2239.1,1301.3,246.5,129.5,247.4,289.2,307.4,370.8
OTIPEO_clean,1455.3,786.0,200.5,93.0,176.2,217.7,242.4,260.5
OTIPUE_clean,889.8,542.1,252.0,103.8,185.9,243.1,305.2,303.1
OTIQAL_clean,1041.3,528.9,236.6,90.2,153.9,203.9,281.3,285.5
OTODEI_clean,2351.9,878.8,451.4,162.2,267.3,362.6,540.4,542.1
OTODOS_clean,2718.7,1085.8,450.9,174.5,294.9,390.8,548.3,534.7
OTOLIU_clean,3665.1,1290.1,337.0,137.7,242.8,315.3,390.8,388.7
OTOVAW_clean,903.0,540.0,261.6,105.3,186.6,245.6,315.3,314.2
OTOVIE_clean,893.2,526.3,221.4,91.3,161.6,210.3,273.4,268.6
OTOYUT_clean,,,,103.0,199.5,223.8,232.8,291.9
OTOZAA_clean,1425.4,625.8,201.4,75.0,138.1,172.9,199.8,207.7
OTOZEE_clean,,,,118.2,213.7,251.6,257.7,314.4
OTUDEO_clean,632.5,256.0,177.9,63.7,92.2,118.8,204.4,214.2
OTUDIS_clean,680.0,268.0,193.2,65.6,96.9,126.7,214.6,227.9
OTUXUX_clean,4042.3,2607.1,422.7,253.8,480.5,504.1,543.9,872.9
OTUYEJ_clean,437.2,176.8,137.3,47.5,64.7,83.7,148.1,162.1
OVADAR_clean,1571.5,891.5,245.1,114.0,212.1,255.5,282.7,300.2
OVEDAW_clean,810.4,397.0,527.7,152.9,173.7,189.7,305.9,334.1
OVEHUT_clean,1398.7,506.6,175.3,69.7,118.4,155.4,214.6,213.7
OVEJIJ_clean,588.0,241.4,138.8,50.6,79.1,104.6,164.0,166.8
OVEXOD_clean,1028.7,564.7,498.6,178.9,251.8,316.0,521.7,556.8
OVICUS_clean,1202.2,731.1,266.9,121.3,221.7,282.0,336.3,334.4
OVIWIA_clean,468.2,200.8,144.6,48.7,72.0,96.3,162.6,171.1
OVIWOG_clean,489.1,215.9,182.7,57.6,79.7,103.8,183.7,200.4
OVIZID_clean,1587.5,733.6,332.9,129.1,213.9,278.9,395.3,392.7
OVUCOY_clean,663.0,291.5,185.8,66.8,102.0,134.0,215.8,223.5
OVUDAL_clean,685.6,264.8,173.5,60.6,92.4,121.0,204.6,212.5
OVUNIE_clean,2617.3,1184.2,243.1,107.2,194.5,234.1,254.2,285.0
OVUVIL_clean,1468.5,688.6,194.7,74.5,137.2,172.7,202.2,202.9
OWAVIS_clean,2841.8,990.6,310.4,117.0,197.7,277.4,330.5,340.1
OWAVOY_clean,1213.7,491.8,203.4,79.9,130.2,172.0,240.8,255.4
OWETIU_clean,440.3,312.6,271.9,87.3,108.4,130.0,244.0,291.2
OWEYOF_clean,3143.7,1623.4,406.4,181.4,326.2,383.4,401.3,473.3
OWIHEJ_clean,1151.7,492.7,140.7,57.0,102.5,135.9,173.0,170.6
OWIHIN_clean,1155.1,502.3,137.3,57.2,103.2,134.8,170.0,169.8
OWIHOT_clean,1171.8,503.6,146.7,57.2,105.6,138.1,169.2,170.1
OWIHUZ_clean,1141.2,499.1,137.0,56.8,101.1,131.9,167.8,168.6
OWIJAH_clean,1144.2,488.9,137.9,56.0,103.6,132.5,168.4,168.6
OWIJEL_clean,1135.8,486.2,136.9,56.5,101.4,135.0,170.9,168.8
OWIJIP_clean,1172.0,502.5,136.5,57.5,104.1,133.4,171.7,170.9
OWIJOV_clean,1154.3,509.3,137.8,56.3,102.0,138.6,169.0,171.6
OWILAJ_clean,1341.0,505.3,289.0,109.7,166.5,210.5,334.0,330.5
OWIYUP_clean,8562.4,3756.2,1415.7,540.7,798.1,976.8,1123.5,1232.0
OWIZAW_clean,721.0,249.0,205.3,68.4,97.0,119.5,205.5,218.6
OWUWOU_clean,2548.4,1139.0,450.4,176.3,299.9,393.6,528.5,523.7
OWUWUA_clean,2576.2,1224.5,463.4,195.3,320.7,436.8,524.7,522.3
OXALAB_clean,602.9,230.4,165.1,56.1,82.4,106.9,183.9,198.4
OXALEF_clean,632.2,237.2,166.0,57.7,84.2,109.0,189.2,200.3
OXALIJ_ion_b,544.0,234.0,181.4,61.8,85.6,109.4,195.7,216.1
OXALOP_clean,788.2,344.7,245.7,84.6,124.4,159.3,224.3,228.6
OXALUV_SL,1704.3,607.4,255.5,96.8,158.6,209.0,299.7,295.4
OXAMEG_clean,817.3,341.9,264.8,85.3,126.0,160.4,232.9,235.9
OXANOR_clean,2135.8,904.9,278.8,100.7,184.7,236.4,276.8,281.4
OXANUX_clean,2106.7,926.1,282.5,104.3,189.3,237.7,291.5,291.0
OXAPAF_clean,2093.5,897.8,292.2,104.8,191.4,243.1,284.0,293.4
OXAPEJ_charged,,,,149.3,249.7,305.9,411.6,408.6
OXEVOE_clean,513.5,244.9,171.3,60.4,96.6,123.4,192.9,195.1
OXITOF_clean,352.3,193.0,153.9,50.3,66.8,83.7,159.2,181.3
OXOLAP_SL,994.0,446.8,297.6,111.6,187.4,240.3,313.7,315.7
OXOZUY_clean,4579.7,2108.9,430.0,207.7,386.0,466.1,524.8,548.2
OXUPUT_clean,963.7,364.2,178.3,65.4,105.6,141.9,211.2,214.7
OYAJIJ02_clean,4201.6,1650.7,438.0,168.2,329.0,382.0,472.5,476.4
OYAKAC02_clean,4005.4,1494.0,420.9,166.2,298.8,377.8,450.8,450.0
OYEJOS_clean,1166.7,414.3,292.6,101.1,145.7,191.1,324.5,337.7
OYERER_clean,393.6,168.3,134.1,45.3,59.2,76.2,139.4,158.3
OYERIV_clean,1481.2,681.1,266.3,116.6,195.8,256.5,311.3,307.3
OYEROB_clean,1343.8,455.6,228.2,86.4,128.8,167.8,257.3,258.2
OYERUH_clean,2260.5,1030.1,365.9,157.8,282.7,329.9,377.3,385.9
OYEWEW_clean,698.5,254.9,228.0,77.1,102.0,125.2,202.0,205.1
OYEWIA_clean,555.9,210.0,154.3,51.5,74.6,96.3,156.5,160.6
OYIVEY_clean,1175.0,418.2,213.5,78.9,121.6,159.9,239.4,233.0
OYIVIC_clean,839.8,356.0,170.0,64.4,108.3,140.3,206.5,207.1
OYIVOI_clean,885.1,387.0,179.2,67.6,112.9,149.0,223.0,215.5
OYOSAX_clean,1439.3,694.5,270.7,108.6,189.7,248.2,331.5,331.9
OYOVOP_clean,1075.9,454.9,565.2,159.2,192.8,247.6,384.0,397.8
OYUSAD_charged,,,,86.4,153.1,201.8,256.7,256.0
OZASOZ_clean,4793.0,1797.1,583.7,232.5,377.7,505.3,622.2,608.1
OZAVES_clean,514.5,227.3,139.4,50.2,78.4,103.6,166.2,169.6
OZAVOC_clean,890.7,395.2,151.8,59.4,103.0,136.8,187.0,187.5
OZAVUI_clean,710.7,289.3,145.8,54.3,87.1,116.6,178.1,185.1
OZUKOL_clean,1615.0,548.9,243.4,89.4,146.6,192.0,287.5,289.7
OZUKUR01_clean,1363.2,445.6,217.6,78.4,125.2,165.4,257.8,263.5
OZUKUR_clean,1620.5,544.2,238.8,88.2,146.6,191.1,286.5,298.0
OZULAY_clean,1574.2,533.7,255.7,88.9,141.6,190.5,285.0,289.9
OZULUS_clean,2347.1,817.0,291.0,112.2,191.1,253.0,352.5,361.1
OZUMAZ01_clean,2337.1,821.7,291.2,113.8,201.2,258.2,358.6,366.3
OZUMAZ_clean,2374.9,811.1,296.5,112.7,194.5,251.6,353.2,353.7
OZUMIH_clean,2483.5,858.6,292.2,113.5,193.4,262.4,356.8,358.2
PACGIM_clean,3142.4,1208.0,414.2,167.7,278.3,346.6,436.4,421.0
PACHUZ_clean,715.4,445.9,452.3,134.6,173.7,213.7,387.9,431.3
PACZOK_clean,3380.2,1121.5,429.0,161.2,272.6,351.1,491.0,483.4
PACZUQ_clean,469.3,424.9,354.6,111.4,134.3,159.2,287.9,361.0
PADBAZ_charged,,,,101.8,123.7,153.7,282.7,334.9
PAFMUH_clean,514.0,312.1,262.2,87.4,129.9,168.7,281.5,293.1
PAHPOG_clean,2878.9,1150.1,389.1,154.4,272.0,355.5,442.1,443.0
PAJSAX_clean,977.4,349.4,230.9,80.5,121.3,154.5,250.9,250.8
PAKFAL_clean,591.0,381.3,320.2,103.4,146.3,173.3,325.6,370.1
PAKFEP_clean,590.0,381.9,314.2,120.1,138.2,173.0,321.5,362.0
PAKXIK_clean,1388.5,591.6,276.5,98.4,167.1,220.0,312.2,319.0
PALTIH_clean,1227.6,525.6,615.4,203.5,230.5,293.2,435.8,444.6
PALTON_clean,3083.3,1318.8,356.3,150.3,273.9,355.7,419.7,425.5
PAMHIW_clean,2519.1,1054.4,327.0,134.2,243.5,310.1,375.2,378.3
PAMTII_clean,614.9,247.8,165.4,56.8,88.3,116.8,181.6,187.7
PAMTOO_clean,611.5,240.7,157.6,56.5,87.8,118.7,181.6,186.8
PAMTUU_clean,638.0,249.7,164.1,59.4,90.5,120.8,188.3,191.1
PAMVEG_clean,344.7,326.2,296.0,85.8,104.7,121.1,228.6,281.8
PANYOU_charged,,,,129.7,223.8,299.4,421.6,411.4
PAPROO_clean,932.4,420.2,300.5,107.3,163.8,211.7,353.3,358.0
PAPRUU_clean,752.1,372.8,282.2,99.1,147.8,197.2,328.6,340.4
PAPVAF_clean,1777.3,624.6,267.0,99.3,163.3,216.6,305.4,306.4
PAPXUB_clean,947.2,548.1,287.7,114.1,200.8,263.3,356.1,351.6
PAQMAY_clean,1411.9,489.1,689.4,215.8,258.2,266.1,389.4,448.7
PAQMEB_clean,588.8,238.6,181.8,61.7,87.5,112.7,199.1,214.4
PAQTIM_clean,1025.7,610.4,334.0,123.6,209.8,273.5,358.5,361.4
PAQTOS_clean,1040.8,616.8,331.8,121.1,208.4,276.1,370.0,360.0
PAQVEK_clean,1540.9,833.4,279.9,121.8,215.4,273.1,321.9,324.6
PARHAS_clean,226.2,157.6,126.6,40.7,51.1,60.3,115.5,140.0
PARHEW_clean,249.3,157.0,125.3,40.3,50.5,62.0,116.1,140.1
PARKUQ01_clean,653.6,245.1,130.9,48.3,73.6,97.8,157.5,162.1
PARKUQ_charged,,,,81.0,142.7,190.5,249.1,253.7
PARMIG_clean,1315.5,1017.6,188.4,127.2,212.3,221.4,271.4,448.3
PARNIH_clean,601.8,248.8,205.5,66.6,91.8,119.2,210.6,231.5
PARNON_clean,1499.4,573.9,273.7,101.6,162.5,216.3,322.7,326.9
PARSAF_clean,6006.0,2468.2,440.1,223.9,386.7,426.6,443.6,619.6
PARSEJ_clean,5402.4,3016.8,447.8,206.3,376.2,418.3,439.8,640.3
PASMUT_clean,1012.4,424.0,221.5,80.9,131.8,172.6,267.0,266.9
PASNAA01_clean,1223.6,504.8,252.0,91.1,147.4,194.3,289.1,302.0
PASNAA_clean,1201.6,500.9,248.2,91.2,151.8,195.2,299.7,301.1
PASTOU_clean,1273.6,570.8,348.2,132.2,207.0,268.5,421.2,421.9
PATNAB_clean,254.2,142.8,113.4,37.4,48.1,60.2,110.1,128.8
PATWOY_clean,955.7,403.4,229.0,83.9,134.8,179.8,272.5,276.4
PAVKIH_charged,,,,207.3,274.1,335.0,570.0,559.4
PAVLOO_clean,1439.8,856.6,175.5,96.9,179.5,200.0,212.6,266.2
PAVMAB_clean,1393.2,839.9,171.1,87.8,168.0,200.5,216.4,249.9
PEBNEP_clean,1094.6,592.0,378.0,143.2,225.1,298.7,471.9,458.0
PECLEP_clean,2647.9,1484.5,363.1,169.2,315.9,387.0,436.4,452.5
PEDMER_clean,706.6,358.8,170.7,66.3,110.9,148.2,207.9,210.0
PEDMOB_clean,896.6,392.8,266.2,94.0,141.5,186.8,303.1,313.9
PEDRIA_clean,3000.3,989.0,359.9,136.0,221.5,304.5,402.7,412.7
PEFJUF_clean,1158.0,593.5,126.2,58.1,111.0,134.5,152.0,164.6
PEFRID01_clean,2744.4,1300.1,357.0,148.6,280.2,354.7,418.6,419.1
PEFRID_clean,1489.7,549.3,251.4,95.2,151.9,198.2,289.7,293.9
PEFRUP01_clean,2868.8,1307.1,359.4,156.7,279.1,362.9,428.3,440.4
PEFRUP_clean,1452.0,548.1,260.4,92.7,155.3,200.0,288.0,290.8
PEFSUQ_clean,418.0,332.5,288.4,87.3,110.5,130.5,253.9,300.6
PEGBAG_clean,607.5,356.4,302.0,101.9,141.1,170.0,312.7,341.0
PEGBUA_clean,686.4,362.7,287.8,103.2,142.6,183.0,321.0,355.1
PEGCAH_clean,895.6,432.1,288.9,107.5,165.6,217.1,338.5,346.6
PEGCEL_clean,968.5,470.3,292.8,107.1,167.9,220.6,351.4,346.3
PEGCIP_clean,2250.5,1088.5,322.9,137.1,245.4,315.3,366.5,374.1
PEGPOI_clean,1096.4,602.9,280.7,113.6,206.6,251.7,314.9,316.6
PEGQID_clean,319.8,216.2,177.5,61.0,86.7,113.4,198.5,208.3
PEGQOJ_clean,331.9,221.2,182.1,62.2,90.4,117.3,202.1,213.3
PEGQUP_clean,334.0,223.9,183.5,63.7,92.6,121.8,207.3,220.9
PEHQID_neutral,1328.7,564.8,322.1,118.1,188.8,252.1,388.8,401.8
PEHTON_clean,1611.2,680.0,439.4,161.0,230.9,317.9,507.8,526.1
PEJFOA_clean,2223.5,1689.4,193.5,184.0,237.8,238.8,528.7,814.8
PEJFUG_clean,2335.3,1585.5,214.9,162.4,250.2,260.7,381.2,651.5
PEJMOI_clean,463.9,222.3,185.9,60.5,84.1,108.1,192.1,209.4
PEJMUN_charged,,,,142.6,233.6,307.7,430.6,429.9
PEJMUO_clean,2927.9,922.0,331.1,121.4,206.2,267.6,365.7,355.6
PEJNUP_clean,633.3,216.9,137.5,47.7,71.5,94.3,162.5,169.4
PEJPAX_charged,,,,59.6,88.0,115.8,194.7,202.2
PEJPIF_charged,,,,96.0,168.3,223.7,292.9,294.9
PEKCUF_clean,1713.4,610.5,313.8,115.5,176.5,231.0,348.7,343.9
PEKDAM_clean,933.1,351.0,212.5,74.3,114.0,148.8,242.0,249.1
PEKDEQ_clean,2104.4,714.2,324.2,112.0,181.4,240.8,338.2,347.3
PEKVUY_clean,997.7,496.3,202.8,76.5,140.4,181.3,227.4,227.1
PEKZIP_clean,543.0,292.6,196.5,70.4,111.2,146.3,236.2,245.1
PELGOE_clean,805.4,378.4,232.5,83.7,133.3,174.7,264.8,268.5
PELQII_clean,1801.5,652.0,381.6,135.7,207.6,261.0,368.9,363.5
PELRIJ_clean,589.3,300.7,388.2,120.3,143.8,161.2,275.1,312.9
PELXIP_clean,1285.9,668.0,276.7,110.8,197.2,255.3,325.5,335.5
PEMGEV_clean,5170.2,2555.8,720.7,294.1,532.3,643.0,682.6,749.2
PEMGIZ_charged,,,,132.4,197.8,262.7,432.5,443.2
PEMREG_clean,1562.8,545.3,315.6,115.0,170.9,222.7,354.1,356.3
PEMRIK_clean,1831.6,927.0,296.1,125.4,230.7,293.7,348.1,348.7
PENNAZ_clean,1134.9,412.8,222.8,80.4,129.5,169.5,256.5,264.9
PENNIH_clean,3298.1,1151.2,425.3,151.1,263.5,339.6,411.9,401.2
PENNON_clean,467.0,171.4,130.2,44.5,60.9,79.2,141.1,154.1
PENNUT_clean,1994.2,887.4,344.7,136.4,234.6,301.6,417.5,417.5
PENYIR_clean,1083.7,496.7,227.0,90.3,151.3,200.2,278.5,279.2
PENZIS_clean,1221.2,491.7,162.9,64.9,115.5,154.2,204.0,204.4
PEPBAO_clean,751.8,402.7,233.6,87.7,141.8,186.7,282.7,280.5
PEPFAT_clean,5699.1,2087.7,433.4,198.8,356.4,435.0,485.9,520.3
PEPKOL_clean,1584.6,919.6,325.2,142.5,259.8,336.7,403.2,397.9
PEPKUR_clean,1595.4,927.9,279.2,121.9,230.4,299.7,339.0,339.7
PEPLAY_clean,871.7,337.4,151.3,56.9,94.3,123.4,185.5,191.4
PEPLEC_clean,909.3,346.3,166.7,60.2,95.2,126.8,194.8,201.3
PEPLIG_clean,876.8,338.4,158.2,59.4,94.7,127.8,195.6,193.3
PEPLOM_clean,742.2,351.2,159.9,63.1,103.9,138.9,195.0,198.7
PEQFAT_clean,1506.9,558.6,677.0,197.5,242.3,299.8,425.7,463.2
PEQRUZ_clean,1240.4,724.3,218.5,101.1,189.7,238.3,267.1,269.9
PEQTUB_clean,,,,51.7,91.2,120.2,160.8,161.0
PEQWAK_clean,963.9,420.2,215.5,79.4,130.5,176.5,258.5,264.2
PESTUD_clean,1533.5,893.8,274.0,123.9,232.6,294.8,334.6,349.5
PETWES_clean,,,,79.1,150.5,186.9,213.8,220.7
PETWIW_clean,,,,77.1,145.7,182.3,212.0,219.7
PETWOC_clean,949.5,363.0,209.7,76.1,118.0,155.7,255.0,254.9
PETWUI_clean,22307.3,11523.4,658.6,502.6,695.5,676.2,1600.5,3099.7
PETXAP_clean,15214.8,5137.3,688.4,331.2,617.2,727.5,761.8,1047.9
PEVFON_clean,584.9,275.7,230.6,80.1,101.3,126.0,228.0,263.4
PEVLIN_clean,465.7,244.2,189.0,64.9,93.4,121.7,214.9,234.5
PEVQIS_clean_h,3080.9,1022.2,364.1,139.8,234.4,309.6,435.4,426.8
PEVQOY_clean_h,3391.5,1081.6,377.4,148.0,248.8,327.2,427.2,436.0
PEVXAQ_clean,704.2,365.2,303.8,103.7,148.4,191.2,328.5,349.3
PEWGEF_clean,352.4,204.7,174.2,53.7,69.2,85.0,161.9,190.3
PEWLUA_clean,705.3,265.0,236.8,79.2,103.6,128.4,214.7,231.5
PEWXUL01_clean,2239.1,1025.9,346.1,140.9,254.8,329.7,442.7,425.1
PEWXUL_clean,2429.3,1160.2,348.1,146.5,269.3,354.8,422.4,426.8
PEXFAA_clean,376.9,148.8,106.1,35.8,51.5,66.0,117.4,131.5
PEXTUI_clean,627.8,266.3,145.6,53.4,87.1,112.0,171.6,177.0
PEYPAM_SL,3468.7,1891.0,304.7,164.5,308.6,356.7,364.2,538.4
PEYPIU_clean,1870.2,1184.9,300.9,153.5,289.8,341.9,367.0,404.0
PEYSIW_clean,2138.1,970.5,349.3,140.9,248.6,333.5,421.1,417.0
PEYVEV_clean,1791.1,781.9,194.2,82.6,152.9,196.0,227.1,230.4
PEZCII_clean,1011.8,376.3,297.8,101.5,140.0,178.1,308.0,329.9
PIBGAK_clean,806.9,301.5,173.5,62.3,97.3,128.1,204.8,211.4
PIBNUK01_clean,1965.9,604.6,335.5,114.8,178.2,230.9,363.2,368.8
PIBNUK_clean,1887.6,594.5,316.4,113.7,176.6,233.6,357.6,374.7
PIBPAS01_clean,1336.7,478.9,273.8,98.2,149.4,193.8,298.9,313.1
PIBPAS_clean,1380.9,485.1,304.8,97.3,144.7,193.4,298.6,296.2
PIBPIA_clean,1870.3,595.2,323.5,114.9,179.1,233.7,367.7,367.6
PICTIG_clean,682.5,256.6,170.5,60.1,89.5,115.6,195.0,206.9
PIDMEV01_clean,1023.4,416.1,203.0,74.7,124.2,161.7,244.0,252.4
PIDMEV_clean,990.5,399.8,198.5,72.4,116.1,155.0,234.9,239.6
PIDNEX_clean,1577.2,474.6,228.9,72.8,119.1,156.9,232.7,229.6
PIDNOH_clean,10907.2,7504.3,811.1,620.5,877.7,904.6,1632.1,2764.8
PIGXUZ_clean,956.4,547.9,366.4,131.0,229.6,295.4,411.2,408.8
PIHNUQ_clean,1039.1,615.2,336.0,130.4,230.4,310.0,413.7,413.1
PIHWAG_clean,687.2,269.4,179.0,62.5,96.4,125.8,208.3,219.8
PIHWOU_clean,1054.6,584.8,145.5,68.8,131.6,166.8,183.4,188.9
PIJDIX_clean,871.3,447.6,170.5,71.8,123.4,161.5,199.7,200.6
PIJJEZ_clean,24911.7,11553.6,1641.2,874.8,1336.2,1445.1,1677.3,2966.8
PIJJOI_clean,1016.4,512.2,262.3,96.9,161.2,220.6,289.6,286.3
PIJROR_clean,722.6,286.6,189.6,66.9,104.8,131.5,221.9,233.9
PILJAX_clean,855.1,362.2,272.9,89.2,131.5,174.6,324.1,305.8
PIQFIG_clean,399.0,174.5,139.5,46.0,60.6,76.0,142.0,163.5
PIQMOT_clean,2287.8,1149.9,324.3,143.7,270.3,343.0,402.8,393.0
PIQMUZ_clean,915.8,448.7,357.8,128.2,187.7,248.7,392.2,396.3
PITPEP_clean,1503.2,574.7,326.6,123.7,183.0,246.6,382.7,381.9
PITRIU_clean,2568.3,1586.3,318.9,163.2,309.0,334.4,352.8,483.6
PIVBEC_clean,1502.0,547.1,268.6,93.6,147.6,190.2,266.8,275.8
PIWSEV_clean,1388.8,516.4,268.7,97.5,155.6,204.3,308.1,311.5
PIYZAZ_clean,133.2,88.6,66.9,21.5,27.4,33.0,62.9,77.9
PIYZED01_clean,358.2,143.2,109.8,36.9,50.2,65.0,117.3,131.6
PIYZED02_clean,365.8,146.3,109.0,36.8,49.9,64.1,119.2,134.5
PIYZED03_clean,364.4,146.7,113.4,36.8,50.8,64.3,118.6,134.3
PIYZED_clean,366.4,149.5,113.3,37.8,51.9,66.2,124.1,137.7
PIZHOX_clean,635.4,250.2,155.4,54.8,84.5,109.5,181.6,188.3
PIZNOB_clean_h,542.9,218.5,148.4,51.3,75.7,99.0,171.5,181.8
PIZPAP_clean_h,873.6,359.0,189.5,70.2,112.2,146.0,227.4,235.7
PIZPET_clean_h,991.8,411.3,191.1,70.7,117.5,158.3,232.4,232.7
PIZPIX02_clean,918.2,378.5,185.0,67.8,111.4,149.1,219.6,220.7
PIZPIX_clean_h,903.7,369.6,192.5,70.2,113.8,149.6,230.0,232.5
PIZPOD_clean_h,985.3,413.2,191.0,71.8,120.2,159.2,231.0,234.4
PIZQUM_clean,1188.8,574.7,258.7,102.6,176.2,232.1,304.7,316.2
PIZRAT_clean,971.0,477.0,257.5,97.2,158.9,211.8,306.9,302.9
PIZRUN_clean,1121.6,561.2,272.3,100.3,173.0,228.8,306.4,304.0
PIZSAU_clean,956.0,459.7,253.2,94.4,156.2,203.2,292.5,304.5
POBGAQ01_clean,835.8,359.2,411.6,122.7,147.5,180.1,303.3,332.3
POBGAQ_clean,555.5,234.8,224.5,69.3,93.6,109.6,195.5,218.1
POBJIB_clean,2380.5,1643.3,225.7,142.4,249.6,256.1,335.1,546.1
POBMOJ01_clean,2910.2,1080.1,330.2,133.7,230.5,299.7,389.5,377.9
POBNEA_clean,184.3,122.3,98.9,31.7,40.0,47.5,88.9,107.7
POBVIN_clean,2126.3,740.5,808.0,324.9,381.4,439.4,595.6,610.9
POBYAH_charged,,,,93.8,120.9,148.8,270.2,319.2
POCPAZ_clean,3307.1,1274.1,392.9,162.0,289.6,383.7,465.5,461.5
POCRAB_clean,785.2,364.2,296.8,95.3,137.7,180.7,314.4,332.5
PODKOK_clean,1395.0,487.8,392.5,132.4,184.5,227.2,362.2,376.9
PODKUQ_clean,1632.2,550.6,427.5,157.1,214.6,255.7,438.1,405.9
PODVIP_clean,631.3,391.8,320.2,112.0,168.2,219.4,365.6,402.3
PODXEN_clean,1613.9,859.8,460.6,173.2,298.5,389.8,537.2,539.9
POFGUO_clean,4453.4,1932.1,414.3,187.8,364.2,419.5,469.8,489.6
POFSIN01_clean,369.8,148.1,113.2,38.4,52.0,66.6,122.9,137.7
POFSIN02_clean,358.0,144.6,110.6,37.6,50.0,64.2,119.4,131.1
POFSIN03_clean,356.3,143.5,109.3,36.4,52.5,64.2,118.6,132.0
POFSIN04_clean,359.1,143.9,109.2,36.7,50.0,64.1,118.5,131.2
POFSIN_clean,358.9,143.1,109.9,36.5,49.9,64.5,117.2,131.3
POHCOG_clean,724.6,321.0,197.8,69.8,106.9,140.1,216.1,219.8
POHWIU_clean,478.4,170.5,147.4,48.0,64.4,82.0,139.5,156.5
POKGEC_clean,311.7,260.5,218.5,70.5,91.2,117.7,205.5,241.0
POKSAL_clean,1093.7,502.1,352.7,124.3,191.0,259.5,416.5,416.2
POKSEP_clean,959.5,451.2,346.5,118.4,176.9,229.3,400.2,421.2
POKSIT_clean,928.8,447.7,341.7,119.3,174.4,222.3,397.2,412.0
POKSOZ_clean,927.0,439.2,348.3,117.7,170.4,221.7,384.9,410.7
POKTIU_clean,843.7,405.8,304.9,106.0,155.7,205.4,355.9,373.1
POKVAO_clean,946.2,451.1,344.1,122.5,175.1,231.4,389.4,408.3
POLBEX_clean,3866.9,2267.0,205.3,201.1,250.0,252.5,571.0,894.7
POLBIB_clean,609.0,222.7,108.6,42.6,63.9,85.4,132.4,132.8
POLBUN_clean,1852.4,1320.1,154.5,150.3,186.1,191.4,455.4,685.3
POLDOK_clean,1942.8,1001.3,340.3,151.0,275.5,351.8,435.2,435.8
POLDUQ_clean,1744.2,900.9,362.4,151.5,265.2,348.0,423.0,431.3
POLYEW_clean,1955.4,1135.9,382.7,182.6,325.8,408.6,460.8,468.0
POMMAH_clean,709.3,299.2,179.2,67.7,108.0,137.0,195.6,197.6
POMSER_clean,1289.8,562.8,274.4,97.4,162.4,215.4,312.9,310.8
POMSOB_clean,687.9,320.3,202.4,74.0,114.9,152.0,237.6,244.9
PONPOX_clean,2219.9,1660.5,158.4,165.2,191.4,202.2,557.7,838.3
PONSOC_clean,3774.9,1427.8,404.7,163.6,299.0,392.3,485.0,486.9
PORGAE_clean,1100.0,820.7,176.9,115.6,202.5,214.4,237.4,361.2
PORLAL_clean,566.4,298.8,254.1,84.3,108.9,134.5,249.4,282.4
PORLEP_clean,640.9,501.1,505.8,178.2,223.4,281.8,439.3,470.5
PORVID_clean,831.6,332.0,173.8,62.1,101.8,134.2,206.6,215.2
PORVUO_clean,1043.8,531.6,200.8,82.6,144.9,190.6,246.3,247.4
POSFIO_clean,1143.5,550.7,292.3,109.1,180.2,240.9,342.5,344.0
POSGAH_clean,780.7,347.5,151.9,57.9,99.2,131.5,182.5,183.6
POTNET_clean,883.4,385.9,195.0,71.1,118.5,156.3,232.7,235.0
POTREX_clean,2197.5,718.7,323.6,122.5,192.8,260.4,377.1,381.2
POYPAW_clean,3087.8,1425.8,378.6,162.0,297.2,356.0,412.2,409.5
POZHUI_ion_b,328.4,203.1,161.7,57.2,85.9,112.8,187.4,197.2
PUBROU_clean,3049.6,1289.3,318.0,138.2,242.3,287.8,324.6,336.8
PUBRUA_clean,7015.8,3521.3,739.8,340.8,584.7,651.5,645.3,944.2
PUBSAH_clean,1187.4,443.9,243.5,84.7,132.2,176.7,245.4,253.0
PUBSEL_clean,1727.0,673.6,327.0,115.0,192.0,241.6,314.4,329.1
PUBSIP_clean,1283.2,466.1,246.5,90.9,142.7,183.2,257.0,258.5
PUBSOV_clean,4959.8,2591.5,385.0,200.9,339.9,357.8,416.3,759.7
PUCKUV_clean,1973.6,1011.8,285.6,120.7,222.1,279.4,327.7,329.4
PUDSIR01_clean,579.5,229.3,165.0,57.3,85.2,108.1,176.0,183.1
PUDSIR_clean,589.8,231.2,166.4,57.3,84.6,109.1,177.9,182.8
PUDSOX_clean,581.5,235.6,169.4,57.8,84.5,108.5,176.0,182.3
PUDSUD_clean,584.6,227.5,167.3,58.4,83.0,108.7,175.2,187.3
PUFRIR_clean,651.2,277.5,214.4,73.1,104.8,137.9,235.4,248.4
PUGGOP_clean,2054.8,915.7,276.7,119.0,221.6,288.5,376.6,339.4
PUGPEO_clean,496.7,200.0,159.2,52.8,74.6,97.2,163.8,175.7
PUGSER_clean,2958.4,1014.8,306.8,124.1,215.7,282.8,388.8,362.4
PUGSOB_clean,3944.7,1538.7,353.6,156.8,290.4,361.8,413.5,422.7
PUGSUH_clean,3640.2,1248.3,326.0,134.9,251.1,322.8,387.5,383.8
PUJJEL_clean,1438.5,531.6,306.3,108.7,169.5,232.9,353.0,366.4
PUJQEQ_clean,1633.8,559.3,298.8,115.2,165.1,223.9,336.0,337.6
PUKSUL_clean,223.1,117.0,91.4,31.0,38.5,49.0,91.1,107.1
PUKVAU_clean,1044.2,411.4,286.5,97.7,144.4,192.9,317.2,332.8
PULMIU_clean,1962.2,843.2,287.9,113.4,202.6,259.3,340.6,329.4
PUMDIM_clean,828.2,375.6,170.4,65.2,110.8,145.1,202.3,204.2
PUMGIP01_clean,1789.1,953.4,513.6,192.9,303.4,388.2,485.0,464.5
PUMGIP_clean,2431.2,1168.6,641.3,215.0,354.9,423.6,523.9,510.5
PUMNIV_clean,295.1,129.3,97.6,33.1,46.2,59.7,108.8,117.6
PUMNOB_clean,255.6,127.4,100.0,32.6,44.3,57.0,103.8,117.2
PUNSIB_clean,1404.7,593.5,336.1,121.5,192.6,257.8,405.3,403.0
PUPHUE_clean,1711.1,708.5,379.7,144.7,227.0,301.2,456.6,454.9
PUPJER_clean,2140.3,835.1,281.3,110.0,191.2,245.5,288.0,286.3
PUQDOW_clean,2112.0,1099.9,381.1,164.8,298.1,363.0,454.5,437.3
PUQXUV_clean,1110.1,778.3,322.3,164.3,304.0,361.1,387.7,389.8
PUQYAC_clean,1089.5,777.1,318.8,158.0,308.0,377.5,380.9,392.2
PURJES_clean,4116.0,2149.7,372.9,192.7,372.8,437.5,453.7,569.4
PURJIW_clean,2362.2,916.2,350.3,135.6,224.6,298.3,404.8,401.1
PURNEX_clean,1253.8,506.2,336.6,120.9,180.1,233.3,383.5,404.3
PURNIB_clean,1277.6,583.4,483.5,164.7,238.7,318.1,530.3,544.5
PURSOK_clean,672.1,289.6,178.3,63.6,99.4,130.9,207.3,213.2
PUSSEC_clean,808.6,403.3,403.1,124.5,167.5,207.8,342.8,369.6
PUSXIL_charged,,,,57.8,98.7,130.3,178.1,181.5
PUTYAE_charged,,,,112.9,219.3,261.2,293.9,312.5
PUTYEI_clean,1583.8,658.1,182.5,79.8,138.0,177.1,219.5,226.1
PUVJOG_clean,494.6,211.9,133.2,50.4,76.3,97.2,156.2,165.4
PUWCEP_charged,,,,343.1,518.1,505.4,956.0,1745.3
PUWCIT_clean,1328.5,407.2,265.3,82.5,123.3,161.0,255.6,265.1
PUWCUF_clean,1049.3,465.3,193.3,74.1,124.2,163.1,227.7,224.2
PUWDAM_clean,1807.5,710.2,187.9,80.7,147.8,195.6,229.7,232.2
PUWDEQ_charged,,,,73.7,111.5,148.4,243.8,259.9
PUWDIU_clean,1714.0,632.0,207.1,81.2,139.7,182.5,237.4,234.6
PUWDOA_clean,2316.0,872.5,304.7,114.9,200.5,257.7,328.7,341.7
PUWVAG_clean,1656.5,1016.4,251.9,120.0,226.1,280.8,297.4,317.7
PUWXAH_clean,783.1,369.1,274.8,97.0,139.9,186.0,314.0,332.8
PUWZOX_clean,6561.3,3879.1,595.1,382.3,543.4,547.0,911.2,1560.1
PUYHOI_clean,240.9,220.6,183.2,58.0,69.5,81.3,146.6,186.7
PUYZUF_clean,620.7,311.8,146.5,56.5,97.2,129.9,179.7,181.1
PUZJOL_clean,648.6,345.7,150.8,60.1,105.1,138.8,187.2,185.5
PUZKOM_clean,1328.5,706.6,289.1,120.8,207.4,269.5,325.8,328.4
PUZKUS_clean,1178.7,599.4,189.8,80.3,148.5,192.7,231.4,229.6
PUZLAZ_clean,1499.8,580.5,138.6,60.1,111.5,141.7,170.5,178.8
PUZLUS_clean,1998.3,667.7,330.1,122.5,181.3,232.6,338.3,330.8
PUZMAZ_manual,8082.0,2847.2,2276.7,767.8,1020.7,1181.2,1516.8,1493.4
PUZTOV_clean,3836.3,1447.0,339.2,150.4,275.8,344.4,413.6,409.5
PYDCUT_clean,489.6,229.8,113.1,43.0,70.7,93.6,140.1,140.1
QADBII_clean,762.8,423.7,247.0,93.1,155.2,207.6,301.2,300.5
QADWEA_clean,704.9,371.3,185.3,73.1,121.3,164.3,227.4,230.9
QADWIE_clean,676.9,370.7,186.2,73.3,122.0,167.3,227.0,228.4
QADWOK_clean,681.5,375.6,185.7,74.0,124.1,163.6,227.3,232.9
QADWUQ_clean,678.1,369.4,186.3,71.8,122.6,163.8,229.6,232.2
QADXAX_clean,672.8,374.1,188.1,73.7,122.8,161.9,228.4,228.6
QAGDIO_clean,1076.7,382.8,230.8,80.9,120.5,152.8,237.7,239.5
QAGQEW_clean,6056.5,2450.4,418.2,206.9,370.7,450.7,489.0,560.1
QAGTOH_clean,1356.6,715.5,297.1,121.7,210.0,279.0,361.0,362.0
QAHDOU_clean,,,,48.4,61.6,75.6,132.8,144.8
QAHDUA_clean,384.8,153.7,147.1,45.9,59.1,72.4,124.6,138.4
QAHQOH_clean,1314.2,612.7,198.6,82.1,148.1,195.3,247.3,245.0
QAJKIV_clean,2122.9,1493.9,161.8,161.1,195.6,199.1,500.8,744.0
QALGUH_SL,501.4,190.0,130.0,44.0,64.2,84.7,146.3,157.7
QALHAO_clean,6051.3,2329.0,547.5,234.9,418.7,529.2,607.0,628.4
QALHES_clean,6295.7,2277.1,534.5,231.6,418.6,521.8,604.1,589.1
QALHIX_clean,1604.5,566.7,399.6,141.5,197.3,263.1,365.2,366.0
QALWUV_clean,873.8,322.1,251.6,84.6,120.0,155.2,270.2,287.6
QAMHAQ_clean,882.7,522.4,208.3,85.8,158.6,200.1,232.9,234.7
QAMLEY_clean,373.2,153.0,132.7,41.7,56.9,72.0,126.8,140.6
QAMVEH01_clean,1769.3,764.3,249.5,100.5,176.2,228.8,295.4,290.0
QAPPON_clean,862.1,417.0,256.3,87.7,144.0,183.4,266.8,267.8
QAPQEE_clean,532.9,237.3,182.1,62.4,90.7,115.0,200.9,214.5
QAQHOG_clean,1824.9,1154.7,248.2,141.9,264.9,297.9,314.4,414.2
QAQMON_clean,723.6,264.2,241.7,79.7,106.6,133.6,215.6,225.1
QAQNOO_clean,573.6,279.5,257.2,85.3,113.4,130.0,233.1,269.7
QAQRUW_clean,1630.0,648.1,243.6,92.4,166.4,212.7,287.4,288.2
QAQSAD_clean,579.5,284.9,181.6,68.5,107.2,143.0,216.2,220.8
QARCET_clean,845.9,470.3,266.8,104.9,172.3,229.4,315.3,319.2
QARLON_clean,816.7,305.9,271.1,87.6,117.7,148.0,234.0,238.3
QARLUT_clean,711.9,291.6,264.9,84.4,111.2,137.0,218.7,232.2
QARMAA_clean,652.4,270.4,267.0,84.6,110.8,138.8,227.4,244.7
QASSUZ_clean,320.7,312.9,271.6,84.8,94.4,102.8,169.2,221.2
QATHOK_clean,758.2,330.4,262.6,89.3,122.7,157.5,287.8,304.2
QATKII_clean,1326.9,669.8,222.8,95.6,172.7,212.4,269.1,263.6
QATKOO_clean,1306.4,645.9,218.1,89.4,168.5,215.2,264.5,259.0
QATLEE_clean,3782.7,2572.4,489.1,299.2,523.0,559.4,598.1,950.2
QATPOR_clean,1647.0,1145.9,261.6,150.1,277.6,314.6,327.2,432.8
QATVUE_clean,2444.4,1300.0,267.6,133.1,237.1,278.4,300.0,343.7
QATXIU_clean,1215.1,591.7,804.1,265.2,351.4,383.2,572.1,594.2
QAVBUL_clean,444.4,217.2,182.5,59.2,77.1,96.4,179.3,207.1
QAVPIO_clean,1933.9,1394.1,199.5,135.1,234.1,244.0,289.3,507.0
QAVPOU_clean,4153.8,2591.3,236.7,219.0,252.0,256.2,710.9,1090.3
QAVWAN_clean,2506.0,1238.2,329.8,144.7,272.2,350.7,409.4,408.4
QAWDID_clean,115.2,79.7,62.6,21.5,24.5,29.6,55.1,69.4
QAWPIO_clean,543.3,233.0,165.0,57.2,85.7,113.8,185.4,197.0
QAWREM_clean,1274.0,733.1,284.4,119.1,221.2,278.2,334.6,333.1
QAWRIQ_clean,1314.1,792.1,281.4,122.7,231.5,293.0,344.1,336.6
QAYTOZ_charged,,,,134.0,213.1,301.6,435.2,432.1
QEBGAH_clean,911.5,475.2,213.6,84.5,147.7,190.7,252.4,252.7
QEBGEL_clean,1515.8,669.1,268.8,103.7,177.5,240.7,321.7,315.6
QEBKUF_SL,1638.6,602.5,456.8,154.2,226.8,264.7,421.0,399.7
QEFNAQ_clean,647.1,332.9,196.0,72.5,118.1,156.8,227.3,229.0
QEFWUV_clean,507.0,209.7,201.9,66.5,85.4,103.9,175.4,190.8
QEGGUE_charged,,,,321.0,510.8,633.9,755.0,730.2
QEGHEP_clean,2197.6,1021.9,745.6,269.4,415.2,507.0,807.0,805.0
QEJYIP_clean,1517.4,754.2,232.7,100.4,187.2,237.0,286.9,283.6
QEPZOB_clean,650.1,290.3,244.5,82.8,110.4,141.3,248.9,272.1
QEPZUH_charged,,,,139.0,189.5,253.2,383.5,405.3
QEQZUH_clean,1516.9,996.9,213.1,119.9,226.4,256.3,265.1,346.7
QERWAL_clean,1545.1,690.1,282.7,107.3,183.7,238.8,321.0,330.2
QERZUI01_clean,1463.5,956.7,265.9,127.7,241.2,299.5,330.9,344.4
QESLOQ_clean,1342.7,614.6,158.3,64.7,120.6,157.0,181.6,187.3
QESYOD_clean,436.8,285.7,243.1,77.5,98.3,122.2,224.8,266.2
QETCUO_clean,832.8,335.2,186.4,69.4,106.2,143.7,221.5,225.7
QETHUT_clean,3492.3,2451.5,209.6,199.5,263.1,265.0,634.5,1066.9
QETQIP_clean,2389.3,1005.0,566.1,180.3,322.4,363.5,497.0,515.8
QEVKOS_clean,951.6,470.4,268.3,100.3,164.8,220.9,327.6,323.4
QEWDON_clean,1067.3,612.2,241.9,103.7,186.3,231.7,255.1,252.5
QEZZOL_clean,683.1,296.9,221.4,76.6,112.6,145.7,249.3,267.0
QIBTAW_charged,,,,329.7,492.2,564.2,878.2,876.3
QIBTEA_charged,,,,353.2,501.4,611.0,880.5,949.3
QIGBIR_clean,223.6,117.6,94.0,30.8,39.5,48.7,91.9,106.5
QIHXIQ_clean,501.2,222.9,179.2,60.6,81.6,101.5,187.5,216.2
QIJLAW_clean,404.7,156.3,122.5,39.9,55.9,71.4,130.4,143.9
QIKYOA_clean,1314.7,441.9,212.5,66.7,123.9,152.6,208.3,213.2
QILBUK_clean,3331.5,1301.7,970.8,330.7,434.8,534.1,679.9,702.9
QIPROY_clean,724.3,261.5,147.0,51.6,81.7,107.8,176.8,183.0
QIQTAN_clean,918.5,443.2,318.3,113.5,169.8,224.9,361.5,368.1
QIQZIB_clean,2294.0,859.3,249.9,98.9,173.2,225.0,284.2,280.0
QIRWAR_clean,1117.9,477.3,182.7,71.2,124.0,165.5,222.4,223.2
QIRYAS_clean,775.8,339.6,186.6,67.7,108.7,144.8,223.8,227.8
QISNAJ_clean,293.6,116.5,88.3,29.4,40.8,52.2,96.2,107.6
QISNEN_clean,299.9,117.9,88.8,29.8,41.1,52.9,97.4,106.6
QISNIR_clean,286.4,117.2,91.5,29.4,40.7,52.0,97.1,107.9
QITDOO_clean,748.0,425.6,466.4,157.3,215.2,267.3,395.8,413.7
QITHAC_clean,3744.3,1711.9,1903.0,551.8,729.5,869.9,1191.0,1280.8
QITHEG_clean,4871.4,2511.5,2116.9,674.3,1022.6,1176.0,1381.2,1336.8
QITXAU_clean,811.0,361.1,219.0,80.1,123.6,164.5,259.3,264.8
QITYOI_clean,497.9,260.7,200.6,67.9,96.5,122.5,227.8,244.1
QIVJAG_clean,248.9,125.1,101.0,32.4,42.2,52.7,98.8,115.7
QIVQAP_clean,15406.2,7354.3,1676.8,747.8,1325.5,1584.8,1692.8,1736.5
QIVYUR_clean,1570.7,829.1,336.6,135.3,242.4,328.2,409.4,409.8
QIWCOQ_clean,2005.6,760.4,256.4,108.6,181.1,237.7,310.5,318.3
QIWDOR_clean,837.7,481.2,295.8,116.3,187.3,249.1,364.6,353.2
QIWGOU_clean,1966.1,874.6,604.1,217.9,330.2,433.1,644.3,677.4
QIWHEL_clean,3125.8,1416.4,382.0,162.1,304.3,381.1,422.0,438.4
QIWPET_clean,882.7,346.7,166.0,62.5,100.9,132.2,204.8,211.0
QIWQES_clean,2120.1,735.4,226.1,86.0,151.0,200.4,255.9,257.6
QIXNES_clean,523.2,237.5,151.0,54.5,85.2,112.1,177.7,183.4
QIXNIW_clean,488.7,224.3,151.7,53.6,82.2,109.0,175.4,180.3
QIXSOG01_clean,168.7,109.2,90.6,28.2,35.4,42.4,78.8,96.7
QIXSOG_clean,172.0,109.7,124.6,28.2,34.9,42.0,81.2,96.7
QIYDAF01_clean,635.2,308.5,358.1,109.3,127.8,149.7,241.3,298.6
QIYDAF_clean,1068.1,354.2,270.1,91.9,132.0,171.2,279.6,306.7
QIYDEJ_clean,1359.1,444.1,299.5,103.8,153.3,192.5,309.8,321.9
QIYDIN01_clean,2590.6,913.1,1137.8,354.9,474.1,520.7,714.4,800.4
QIYDIN_clean,144.9,117.9,125.1,39.3,44.7,50.4,81.4,100.2
QIYDOT_clean,169.8,134.9,144.5,44.5,51.9,58.0,94.1,115.3
QIZLIW_clean,1934.3,780.0,312.7,125.7,203.2,260.1,364.6,356.6
QOBGEV_clean,2276.7,910.4,221.3,95.2,173.5,225.3,255.3,257.0
QOBPEE_clean,3557.3,2146.5,343.3,185.7,357.9,426.9,426.8,578.3
QOCBUH_clean,3350.9,1895.4,342.5,182.3,349.2,404.2,427.0,506.1
QOCRUW_clean,455.5,201.2,129.3,45.8,71.1,94.7,154.9,158.2
QOCSAD_clean,499.9,222.1,144.3,53.5,78.9,105.2,172.7,177.4
QOCSEH_clean,448.0,199.0,132.9,46.5,71.2,93.9,152.9,158.5
QODHUO01_clean,2563.5,1147.7,543.7,211.8,338.5,438.8,635.2,651.1
QODHUO02_clean,2656.6,1163.9,570.8,217.0,332.6,462.1,653.6,624.5
QODHUO03_clean,2623.2,1176.3,569.2,215.6,360.4,455.7,628.2,624.4
QODHUO04_clean,2628.1,1140.0,574.3,213.8,341.0,451.9,639.7,616.1
QODHUO05_clean,2682.0,1163.8,562.5,216.0,351.1,461.5,603.5,636.6
QODHUO06_clean,2644.0,1146.2,578.2,219.0,354.7,468.2,623.8,629.7
QODHUO07_clean,2548.6,1153.1,553.7,214.8,348.0,446.0,627.9,623.0
QODHUO08_clean,2619.0,1141.6,562.5,212.9,340.2,450.0,623.1,628.5
QODHUO09_clean,2656.0,1135.3,560.4,228.4,359.7,459.8,617.9,614.5
QODHUO10_clean,2646.8,1206.1,587.7,216.6,344.3,466.2,619.6,627.5
QODHUO11_clean,2716.0,1155.2,560.8,214.3,350.1,468.6,628.7,611.3
QODHUO12_clean,2645.9,1194.4,548.0,206.7,350.0,463.9,626.5,657.4
QODHUO13_clean,2645.1,1178.5,580.0,218.4,360.7,467.5,616.2,631.1
QODHUO_clean,3094.1,1359.3,544.3,214.2,368.8,483.4,658.6,633.6
QODPOQ_clean,2586.3,1155.5,558.1,208.3,363.9,458.9,630.6,627.3
QODQEH_clean,2543.2,1182.1,548.9,217.8,342.9,446.6,608.0,615.9
QODSUZ_clean,2558.0,1118.5,552.4,207.8,337.3,445.6,628.4,630.4
QOFBIY01_clean,2512.1,1130.8,541.8,202.8,335.2,435.9,616.0,593.5
QOFBIY02_clean,2700.3,1197.6,573.8,226.1,343.3,443.3,635.7,633.3
QOFBIY_clean,2589.2,1149.9,547.5,216.0,352.3,462.5,621.8,614.7
QOFCAR_clean,2654.6,1148.5,577.7,223.9,371.0,460.6,644.5,623.4
QOFCIZ_clean,2638.6,1229.8,580.2,223.8,346.2,464.2,637.1,630.6
QOFCOF_clean,2653.7,1170.9,562.3,216.2,342.3,457.6,638.9,651.1
QOFDAS_clean,2730.5,1197.6,573.7,214.5,351.2,464.4,639.8,633.0
QOFDEW_clean,2687.2,1185.1,568.3,211.0,350.1,456.3,610.2,628.8
QOFDIA01_clean,2719.7,1180.1,545.1,208.5,341.2,458.2,639.9,638.2
QOFDIA02_clean,2622.3,1183.8,556.1,212.8,356.7,454.5,620.2,628.2
QOFDIA05_clean,2633.2,1180.3,566.2,214.3,341.9,448.8,621.7,618.9
QOFDIA06_clean,2654.4,1129.4,553.1,221.4,344.4,461.3,621.9,636.1
QOFDIA07_clean,2629.4,1176.9,570.2,227.8,347.4,457.5,625.1,630.0
QOFDIA08_clean,2584.0,1163.0,563.9,210.6,335.3,460.3,635.1,632.0
QOFDIA_clean,2604.0,1198.0,558.8,221.0,343.0,463.2,640.8,613.6
QOFDOG_clean,2609.6,1125.0,563.1,212.5,347.6,452.0,624.3,619.6
QOFKUT_clean,1453.4,802.7,261.3,112.6,214.2,265.0,317.4,318.9
QOFLAA_clean,323.2,165.2,132.6,42.8,56.2,69.3,131.5,152.8
QOFPAE_clean,315.6,137.4,104.0,35.0,48.9,63.8,115.5,123.7
QOGGID_clean,1230.6,908.7,229.2,136.0,235.9,256.3,275.0,394.1
QOGPIM_clean,849.3,523.9,955.2,211.0,261.2,299.9,392.0,439.5
QOHTUD_clean,449.6,318.3,269.8,84.6,107.1,133.5,242.4,293.5
QOHYET_clean,2123.0,1129.6,312.4,140.5,248.6,319.1,382.4,377.1
QOJTUE_clean,595.9,290.7,129.7,51.6,87.0,115.5,157.8,157.2
QOJVAM_clean,782.0,381.6,156.0,61.2,106.8,139.7,188.7,189.0
QOKCID_clean,946.7,643.0,323.4,137.2,247.2,322.6,397.9,402.1
QOKKAE_clean,745.8,297.6,180.8,62.3,95.7,129.9,209.1,213.9
QOLVET_clean,2054.6,1780.9,176.9,210.4,220.7,289.1,897.4,1195.0
QOMDUS_clean,672.3,315.4,177.0,66.5,108.7,144.1,216.8,220.4
QOMFEE_clean,3246.0,1381.3,319.0,141.6,262.9,332.8,384.7,394.2
QOMRUH_clean,667.3,257.0,157.1,55.5,83.7,110.6,181.2,187.0
QOMSAO_clean,621.9,233.8,163.2,53.2,80.1,104.2,176.5,184.3
QOMSES_clean,631.3,242.7,153.8,54.0,84.1,110.5,178.5,184.7
QOMTET_clean,2393.0,1252.9,295.0,137.3,258.8,325.2,357.3,371.6
QONKUB_clean,627.1,240.4,157.7,54.4,80.7,106.3,178.0,186.2
QONLAI_clean,654.0,248.0,157.1,54.9,84.0,109.0,182.5,189.5
QONLEM_clean,650.3,245.6,155.2,55.4,82.6,110.3,179.7,186.9
QONLIQ_clean,692.9,267.3,167.0,59.6,88.8,120.8,199.7,200.5
QONQAM_clean,920.4,353.1,130.5,50.6,86.3,115.2,160.7,163.5
QONQEQ_manual,1366.0,556.9,167.6,67.8,117.7,157.9,207.6,209.5
QOPCEE_clean,495.3,295.2,198.9,74.0,122.8,163.5,247.1,247.8
QOPDAA_clean,2397.6,1468.5,225.0,142.3,246.4,264.6,292.6,499.2
QOPDEE_clean,1169.1,719.2,154.5,94.2,169.7,188.3,201.5,268.1
QOPPES_clean,569.3,232.4,181.5,60.6,86.1,115.7,192.2,203.8
QOPPOC_clean,1616.0,910.6,217.5,100.6,198.9,235.4,257.6,275.3
QOPZIF_clean,992.6,406.4,172.6,65.2,107.7,141.5,199.7,198.4
QOQWOK01_clean,918.9,356.9,208.2,73.0,113.8,153.5,243.3,245.9
QOQWOK_clean,905.6,354.7,206.3,75.0,114.6,152.0,240.9,250.9
QOSJEP_clean,1414.4,587.6,247.1,94.7,159.9,211.7,300.0,298.5
QOSJIT_clean,1502.7,578.5,298.2,109.3,174.0,223.2,336.8,333.3
QOSJOZ_clean,1532.7,577.4,302.2,111.4,171.1,224.0,334.8,337.0
QOSJUF_clean,1617.1,662.2,287.8,107.2,182.8,238.0,341.3,341.0
QOSKAM_clean,1557.4,601.5,315.5,115.0,179.3,235.7,353.2,350.6
QOSXOM_clean,2303.0,1069.5,444.8,182.3,297.8,365.8,423.9,428.6
QOTHOY_clean,877.8,437.0,239.1,86.5,144.4,188.4,236.3,234.9
QOTZEG_clean,998.3,415.9,164.1,62.7,115.0,148.2,197.4,197.5
QOVDAH_clean,1257.6,422.7,285.1,99.3,147.9,193.1,334.5,349.3
QOVDEL_clean,1179.8,410.1,296.4,101.9,147.4,190.5,331.8,360.3
QOVSOL_clean,3158.9,1576.9,417.6,186.4,351.0,435.8,496.9,509.9
QOWLEU_clean_h,319.4,235.0,186.2,60.1,76.0,90.4,168.4,208.2
QOWQUO_manual,2574.0,985.0,339.0,131.3,233.5,293.9,386.4,390.0
QOWRAV02_clean,11113.0,4039.5,775.0,349.7,618.2,756.8,810.8,862.8
QOWRAV04_clean,10712.6,3956.9,747.6,341.6,604.7,762.9,839.8,888.4
QOWRAV05_clean,10599.3,4019.8,748.0,342.2,631.8,752.2,803.6,896.5
QOWRAV06_clean,10945.9,3918.3,760.4,350.4,642.0,757.4,845.2,886.1
QOWRAV07_clean,10882.8,3945.5,746.0,344.3,620.6,735.9,812.4,872.3
QOWRAV08_clean,10615.6,3921.2,775.2,340.4,609.3,754.5,822.5,910.0
QOWRAV09_clean,10934.8,4026.1,743.0,356.6,746.1,753.7,814.3,929.1
QOWRAV10_clean,11078.1,3966.4,709.6,354.7,627.4,750.9,830.8,913.8
QOWRAV11_clean,11145.7,4159.6,757.4,347.0,614.5,753.7,817.3,976.4
QOWRAV12_clean,10815.9,4000.8,766.5,347.1,614.6,718.1,798.6,884.3
QOXFIU_clean,656.9,338.9,313.9,103.7,134.6,168.0,294.2,329.2
QOXNIB_clean,1317.6,658.4,271.1,114.6,191.6,252.1,327.4,341.2
QOYLOG_clean,1106.3,643.9,210.1,92.6,175.3,219.3,256.9,257.3
QOZDOY_clean,2533.5,1615.7,264.1,159.8,290.1,322.2,339.5,544.1
QOZFUG_charged,,,,140.2,211.7,275.3,442.2,457.1
QOZGAP_clean,874.0,466.2,167.3,69.3,125.1,162.1,210.4,212.6
QOZPEC_clean,1337.7,558.5,229.0,83.0,141.5,186.9,262.2,257.4
QOZPIG_clean,793.8,352.9,175.3,64.2,104.9,139.5,204.2,205.2
QOZPOM_clean,995.5,468.5,206.1,78.5,134.3,178.6,249.8,250.0
QOZWAF_clean,3459.8,1127.6,790.0,267.7,363.4,503.7,814.3,788.2
QUBWIU_clean,1000.9,354.1,234.2,85.2,120.3,157.7,255.6,265.4
QUBZAP_clean,1158.6,484.7,377.8,137.8,185.6,248.0,403.3,431.6
QUDGED_clean,2875.9,1036.7,332.5,130.9,233.9,287.6,385.8,363.1
QUDJIJ_clean,1079.5,492.8,190.1,74.5,130.3,170.4,231.9,231.1
QUDJOP_clean,1225.2,594.0,209.6,81.1,146.1,195.4,241.9,249.0
QUFTAM_clean,790.3,425.7,236.2,89.4,150.8,200.4,285.3,283.4
QUGPAJ_charged,,,,101.3,118.7,141.3,248.3,309.4
QUJJUC_clean,2951.3,1012.7,246.3,108.0,185.4,240.0,294.1,289.4
QUJWEZ_clean,2215.5,1103.0,197.0,95.8,178.7,208.5,223.2,286.5
QULLEP_clean,337.2,246.1,203.0,73.7,105.9,137.2,229.9,239.5
QULMIU_clean,588.7,265.6,204.5,69.8,97.2,122.3,221.0,240.8
QUMFUB_clean,533.6,233.6,146.2,52.4,81.9,109.6,176.1,182.1
QUNMUI_clean,,,,74.8,100.3,125.5,233.3,262.7
QUNVIG_clean,5392.2,1756.3,665.8,255.5,409.6,536.5,695.0,684.4
QUNWAZ_clean,1809.1,857.9,342.3,134.2,239.3,312.1,387.8,383.5
QUPDEL01_clean,1433.2,651.6,209.6,86.9,154.6,206.5,255.7,252.5
QUPDEL_clean,1793.3,875.1,238.4,104.3,189.2,243.9,296.7,298.2
QUPHUF_clean,1895.5,1084.9,402.3,171.6,329.4,415.3,495.9,476.4
QUPJAN_clean,1269.0,717.1,344.0,133.2,236.4,303.3,382.7,380.4
QUQBAH_clean,2783.8,1003.3,311.8,126.5,216.9,285.6,371.3,370.7
QUQFIS_clean,1463.3,588.9,192.3,77.4,131.3,173.0,228.3,226.8
QUQFOY_clean,1340.3,481.3,200.9,72.0,120.1,159.4,225.2,222.2
QUQGAL_clean,854.6,370.5,175.0,66.8,110.4,144.5,207.9,209.2
QUQGEP_neutral,475.1,459.2,423.8,122.5,142.6,156.9,263.4,345.7
QUQHAM_clean,544.8,326.4,250.9,87.6,129.1,173.2,290.6,310.0
QUQMOG_clean,4259.6,2401.7,466.2,259.4,467.0,512.5,535.9,813.0
QUQPIC_clean,,,,92.7,155.9,213.4,291.9,291.3
QUQPOI_SL,898.4,369.3,147.7,55.6,93.9,124.6,181.4,181.8
QUQQOJ_clean,2745.0,1629.1,540.0,243.2,444.8,564.9,614.4,616.2
QUQWOQ_clean,536.1,201.7,157.4,53.2,73.8,96.1,161.1,172.6
QUQWUW_clean,1340.7,492.2,195.6,74.8,124.5,166.4,241.6,238.8
QUQYUY_clean,2792.5,1246.6,313.8,139.9,258.8,326.5,378.4,368.5
QUQZOS_clean,2082.6,1456.9,342.2,327.0,393.9,389.9,632.0,877.3
QURPIE_clean,14966.3,6013.9,923.2,444.7,753.3,846.0,906.3,1363.3
QURSEC_clean,2707.3,1236.2,360.1,154.4,286.0,362.9,442.1,432.0
QUSBIP_clean,835.6,288.5,207.8,71.4,101.5,127.6,207.4,227.8
QUSBIQ_charged,,,,103.5,187.6,247.4,312.8,306.4
QUSCAJ_clean,914.2,384.7,273.5,95.7,143.0,185.2,308.4,324.1
QUSCEN_clean,3414.4,2006.0,292.6,185.4,334.1,364.8,415.2,624.5
QUSHUJ_clean,2328.8,891.3,884.3,301.8,377.7,457.6,671.6,652.0
QUSQIG_clean,1844.4,788.9,634.9,218.7,308.1,389.7,586.5,561.8
QUSRIH_clean,1090.1,484.3,229.4,89.3,141.9,193.5,268.8,271.1
QUSRUT_clean,234.0,192.2,160.8,53.2,63.1,77.0,145.4,173.0
QUSSAA_clean,1213.0,633.4,481.8,170.8,277.8,359.0,526.8,537.9
QUSSII_clean,1159.4,637.4,245.7,103.4,192.3,239.4,290.6,295.3
QUSSOO_clean,593.2,353.7,287.4,104.1,176.4,231.6,320.3,322.0
QUTDAM_clean,1178.9,433.0,237.6,84.2,128.4,167.6,246.6,246.8
QUTTII01_clean,599.8,274.8,144.6,53.7,86.6,118.6,175.2,179.6
QUTTII_clean,639.6,295.2,157.6,59.1,93.2,125.3,188.5,193.0
QUWYEO_clean,1606.1,1269.0,377.5,223.9,404.6,448.3,457.4,661.8
QUXQUX_clean,1673.0,1304.7,368.5,217.7,393.1,437.5,449.3,595.1
QUXRAE_clean,1623.5,1305.7,362.4,226.3,410.0,443.1,448.9,613.6
QUXREI_clean,1616.5,1269.1,362.7,221.3,400.5,440.4,454.6,610.5
QUXRIM_clean,1823.7,1319.4,348.9,215.6,377.5,417.0,433.4,583.6
QUXROS_clean,1673.1,1307.9,364.6,226.5,409.1,450.7,460.4,621.1
QUXRUY_clean,1584.0,1252.5,358.0,235.2,420.1,437.9,464.0,617.9
QUZVEO_clean,311.2,153.9,123.8,40.6,55.6,67.8,125.8,144.2
QUZZES_clean,1550.0,748.3,243.8,101.0,182.0,232.4,296.2,291.7
RABHAZ_clean,873.8,352.4,275.4,91.6,129.3,166.9,295.5,321.5
RABHIH_clean,1342.3,466.1,253.5,92.1,145.9,200.5,308.9,306.3
RACHUA_clean,7578.0,2642.8,1171.7,449.5,658.0,822.2,1076.2,1033.6
RACZEC_clean,1246.5,626.3,271.6,107.6,179.9,264.4,347.0,337.3
RACZIG_clean,,,,108.6,199.3,250.7,356.1,343.2
RAFNIV_clean,1146.8,607.2,356.0,126.1,207.0,281.8,402.2,389.6
RAFNUH01_clean,1443.2,580.7,321.8,120.0,186.9,246.3,389.5,389.8
RAFNUH_clean,315.2,208.9,180.6,60.6,89.2,114.2,191.1,198.2
RAGMOE_clean,767.1,522.9,267.0,113.5,200.9,252.2,289.1,285.9
RAGREY_charged,,,,70.1,104.2,139.1,225.5,235.8
RAHBUZ_clean,1146.2,453.8,189.5,72.1,119.9,158.5,241.9,232.7
RAHMAP_clean,573.6,284.8,155.0,58.5,96.1,128.2,189.5,193.4
RAHNOF_clean,1932.4,651.0,326.2,120.1,183.5,240.8,353.1,362.8
RAHNUL_clean,,,,1517.0,2177.8,2512.9,2697.0,2953.6
RAHPAT_clean,19430.1,6859.8,3825.5,1188.4,1634.8,1893.6,2221.0,2249.0
RAJFAM_clean,1224.7,600.5,226.4,92.7,161.3,212.5,290.1,275.2
RAJFEQ_clean,1252.8,598.4,232.8,91.5,160.5,211.5,278.0,279.1
RAKCUC_clean,1094.4,405.7,258.3,90.3,131.1,165.6,240.1,247.2
RAKDAJ_clean,3526.7,1322.0,390.1,160.7,263.9,345.5,402.2,398.7
RAKDEN_clean,1076.1,401.5,261.1,90.8,128.6,164.6,256.0,261.0
RAKMOF_clean,235.1,125.6,98.3,33.1,41.7,51.9,97.9,115.0
RANCEQ_clean,703.9,325.6,329.2,98.5,124.5,151.5,264.0,294.1
RANNOM_clean,964.9,390.3,211.4,76.9,122.0,162.9,257.1,263.1
RANNUS_clean,925.6,372.8,213.1,75.9,119.1,157.9,251.3,258.2
RANPAA_clean,1269.4,513.6,208.9,79.9,138.9,179.5,261.4,258.6
RANVUA_clean,3906.3,1657.2,251.9,129.2,237.7,278.0,292.0,393.1
RANWAH_clean,4776.5,1799.4,1111.1,432.5,559.3,704.0,801.7,817.6
RAPBOZ_clean,993.5,509.3,145.2,65.7,123.5,156.2,184.1,185.3
RAPYUE_clean,453.6,170.3,124.7,42.2,59.7,76.8,138.9,150.5
RASGAT_clean,411.8,151.2,109.7,37.7,52.7,68.0,123.7,135.7
RASKIH_clean,1970.9,1218.0,280.9,143.3,272.4,324.7,347.4,398.4
RASKON_clean,932.2,470.2,195.0,82.3,133.2,174.3,228.9,227.2
RASXEP01_clean,317.4,218.7,178.8,60.9,86.8,114.3,196.3,210.1
RASXIT_clean,324.9,227.6,187.5,66.7,90.2,116.3,201.6,218.3
RATRUB_clean,854.1,463.5,170.3,71.4,128.9,164.9,204.7,209.3
RATSAI_clean,918.1,498.3,185.1,77.9,137.0,178.3,223.4,218.6
RAVJOP_clean,4679.3,1968.6,455.8,200.2,363.2,484.5,523.1,539.1
RAVVIU01_clean,457.2,256.6,205.6,71.0,97.7,123.8,223.4,244.8
RAVVIU_clean,446.2,253.3,203.1,69.9,95.7,122.6,221.3,240.0
RAVVUH_clean,752.9,263.1,156.9,55.4,83.5,114.7,186.3,193.8
RAVWAO_clean,1357.4,493.5,237.2,87.7,144.1,187.2,290.4,289.3
RAVWES_clean,756.1,274.4,188.4,67.3,97.1,126.6,217.8,229.3
RAVWIW_clean,273.9,159.3,139.6,43.2,55.1,67.8,124.6,148.5
RAVWOC_clean,257.1,165.9,141.1,45.6,57.4,70.7,128.0,152.8
RAVWUI_clean,411.6,191.9,168.6,53.7,70.4,86.9,159.4,183.4
RAVXAP_clean,812.6,311.0,250.1,83.4,117.1,149.8,260.6,282.5
RAVXET_clean,743.5,307.0,271.9,88.8,120.7,148.6,270.2,291.8
RAVXIX_clean,1406.9,475.9,329.1,116.1,168.7,217.1,361.2,372.9
RAVXOD_clean,1947.4,644.0,431.9,162.5,223.0,280.6,439.5,450.8
RAWZIA_clean,1915.5,1074.5,225.1,111.6,212.0,256.8,280.3,309.3
RAXBOJ_clean,720.3,303.5,239.5,77.7,110.6,145.6,251.9,269.5
RAXCAW_charged,,,,88.0,123.5,164.7,281.6,289.4
RAXQEO_clean,893.2,361.1,284.5,96.6,134.9,175.6,310.8,327.8
RAYFAA_clean,1413.0,480.1,285.8,101.4,159.9,205.9,338.7,341.4
RAYFEE_clean,864.4,321.3,195.5,68.8,108.1,139.7,223.4,227.0
RAYKIN_clean,1329.6,551.1,365.4,126.1,194.7,246.7,390.8,395.8
RAYLAG_clean,1368.5,583.7,360.3,130.2,199.5,262.5,403.7,406.8
RAYLOU_clean,1452.5,630.8,363.5,132.7,206.3,265.5,430.8,395.3
RAYMAG_clean,1129.8,453.1,201.8,75.2,123.9,171.2,254.1,246.0
RAYMIP_clean,1186.8,385.5,201.1,72.6,111.8,152.3,233.5,243.2
RAYMOV_clean,976.9,314.8,203.1,69.7,103.2,140.7,227.5,238.6
RAZGOQ_clean,588.6,274.9,225.7,72.8,102.6,131.0,235.0,259.9
RAZXIA01_clean,408.6,292.0,291.3,80.8,96.2,120.5,219.3,259.4
RAZXIA02_clean,644.2,276.9,231.1,76.7,104.2,139.6,241.2,257.6
RAZXIA_clean,785.4,345.9,270.7,91.3,124.8,159.4,293.2,319.3
RAZYIC_clean,1203.0,483.1,221.3,80.6,138.4,179.3,256.4,265.7
RAZYOI_clean,953.3,378.5,174.9,66.3,106.5,140.9,209.3,216.1
REDROI_clean,1046.5,682.6,233.5,106.4,198.9,249.2,285.0,287.9
REDYEG_clean,736.6,374.1,227.0,82.6,134.3,178.8,271.3,282.8
REFJET_clean,957.8,448.2,205.9,78.7,130.9,175.7,249.8,256.0
REFTON_SL,808.0,372.9,292.1,101.8,145.7,192.7,324.9,348.9
REFTUT_clean,760.9,369.3,289.7,100.3,142.6,190.8,331.3,348.3
REGJIW01_clean,1054.0,634.3,202.6,90.9,171.1,215.3,253.5,256.0
REGJIW02_clean,1008.8,576.7,200.9,86.0,159.2,210.3,253.5,250.3
REGJIW_clean,1071.0,658.8,202.0,93.9,176.5,223.5,256.1,258.2
REGMOH_clean,1669.1,850.1,486.4,184.5,303.1,400.4,544.2,551.1
REGMUN_clean,1663.8,824.0,476.1,188.1,296.3,392.9,539.1,532.5
REGQUR_clean,1084.5,422.5,179.1,66.6,109.2,147.9,206.1,209.4
REGRAY_clean,820.2,287.4,163.3,58.9,90.4,117.0,184.9,188.8
REGREC_clean,2696.7,947.1,275.8,108.8,193.8,252.7,323.8,323.3
REGRIG_clean,1158.5,401.1,190.3,69.5,112.2,151.6,226.5,229.3
REHHET_clean,2471.0,1052.6,358.6,143.0,244.8,320.6,382.8,359.2
REHHIX_clean,1669.5,644.6,309.3,109.9,174.1,223.6,309.4,316.5
REHHOD_clean,1219.3,443.0,228.8,84.7,133.9,171.6,265.3,275.6
REHHUJ_clean,1877.2,817.6,343.3,127.8,209.7,277.1,351.5,340.9
REHJAR_clean,2545.8,1168.4,358.6,150.5,265.4,321.8,347.9,358.8
REHTUV_clean,9501.9,7627.8,777.7,805.8,868.3,1316.2,3710.4,4604.7
REHVAD_clean,2750.3,1620.4,457.6,216.4,401.1,482.3,556.3,561.8
REHVEH_clean,2692.6,1575.4,526.2,233.1,407.2,496.7,539.6,554.8
REJLAU_clean,513.0,386.4,330.7,108.3,130.0,154.3,283.5,341.2
REJLEY_clean,1115.4,559.7,217.2,90.3,157.6,207.6,267.6,269.2
REJLIC_clean,1537.1,727.2,249.7,101.5,185.2,236.5,292.9,296.0
REJLOI_clean,2043.5,1671.1,273.5,294.2,319.4,357.6,874.1,1112.4
REJVOS_clean,527.0,267.7,197.9,72.7,104.4,137.9,228.3,239.0
REKZIR_clean,846.4,720.3,717.3,235.2,294.1,353.7,590.1,693.8
RELLAW_clean,,,,86.4,143.2,188.7,268.5,271.7
RESDUQ_clean,1400.3,492.0,288.3,102.9,152.6,205.1,290.0,297.9
RESQAJ_clean,841.4,470.3,308.1,122.4,189.9,249.8,369.2,367.9
RESSAK_clean,911.1,381.0,230.0,87.1,127.5,170.6,272.7,281.5
RESZIA_clean,2057.3,944.3,310.9,118.8,215.8,270.8,321.7,329.3
RETBEZ_clean,2153.0,1113.2,383.8,155.6,291.3,379.1,437.9,435.4
RETVIW_clean,1298.2,768.2,342.6,128.7,230.8,304.0,347.0,387.9
REVYUO_clean,1976.7,947.5,337.8,136.1,246.6,305.4,382.6,386.0
REWLEM_clean_h,2040.9,788.2,302.1,119.1,182.9,236.6,309.1,316.0
REWNEO01_clean,718.5,265.8,234.3,79.8,105.1,130.2,221.6,232.9
REWNEO_clean,721.2,259.6,237.5,78.9,104.4,131.8,219.1,237.7
REWSUJ_clean,1096.0,445.7,265.0,94.5,147.3,192.7,307.0,309.9
REXCEE_clean,979.4,391.7,343.0,113.3,146.3,184.6,286.5,287.5
REXCII_clean,373.6,192.5,167.9,55.3,72.2,88.9,160.5,181.8
REXCOO_clean,372.5,191.6,169.5,55.2,71.4,88.2,157.9,180.2
REXCUU_clean,380.2,190.1,167.4,54.4,70.6,88.4,158.5,178.9
REXDEF_clean,378.7,191.1,168.9,56.0,72.0,91.2,160.9,181.0
REXDIJ_clean,386.0,195.5,170.6,55.6,71.7,90.7,161.3,183.5
REXDOP_clean,384.3,191.2,167.5,54.3,71.1,90.8,157.5,180.7
REXDUV_clean,397.3,198.3,173.5,56.3,73.3,90.8,164.6,184.1
REXFAD_clean,367.2,188.0,166.1,56.9,70.2,86.3,156.5,176.9
REXFEH_clean,376.2,191.4,169.5,55.0,71.1,88.2,158.2,181.1
REXFIL_clean,385.4,195.0,169.9,56.2,72.3,90.1,163.3,184.9
REXFOR_clean,378.3,193.0,169.5,55.2,70.7,87.9,157.3,184.8
REXGAE_clean,2766.3,1042.3,612.7,194.3,299.5,364.3,490.4,480.8
REYBAA_clean,629.9,352.3,281.2,96.3,136.3,184.6,311.5,334.4
REYJEM_clean,2331.4,915.4,206.8,102.2,190.1,226.5,257.7,266.7
REYMOZ_clean,8523.1,3297.5,570.2,290.4,511.3,604.3,651.7,757.2
REYPES_clean,1401.4,629.9,475.8,172.5,243.1,310.9,504.9,538.8
REYPIW_clean,1234.8,629.5,220.7,93.1,167.8,220.6,272.1,273.2
REZVAU_clean,1103.2,495.3,250.0,92.7,152.7,201.7,290.8,292.9
REZXEA_clean,276.9,134.1,109.0,34.3,44.8,56.8,106.0,124.1
REZXIE01_clean,548.3,190.0,135.7,48.3,65.8,86.8,149.5,159.6
REZXIE_clean,560.1,192.0,130.1,46.5,65.7,85.0,151.1,160.5
REZXOK_clean,218.7,107.3,85.3,27.8,35.8,45.9,83.6,98.8
REZXUQ_clean,290.4,127.5,100.2,32.7,43.2,54.1,103.2,118.6
RIBDAJ_clean,655.1,242.6,145.9,50.3,77.4,103.8,170.5,174.7
RIBDEN_clean,675.0,249.4,147.2,52.0,81.6,105.2,174.4,182.8
RIBTAZ_clean,1370.9,481.2,211.2,77.7,127.0,171.3,251.9,247.6
RICBEM_clean,1335.1,421.3,233.2,83.7,127.0,172.8,275.5,281.1
RICHIV_clean,282.4,277.9,229.6,73.3,87.0,103.0,188.5,235.8
RIDCEN_charged,,,,176.5,305.4,403.2,507.5,487.2
RIDKOE_charged,,,,119.0,157.7,199.5,364.6,396.9
RIFDUG01_clean,645.8,251.0,146.8,53.6,85.8,112.7,171.2,173.9
RIFGAQ_clean,8688.5,3437.5,594.1,288.9,524.0,594.5,645.7,831.5
RIFMIE_clean,697.5,335.2,267.8,93.0,136.0,178.5,294.9,311.7
RIFQUT_clean,655.8,294.9,222.8,76.8,112.2,143.6,250.2,272.5
RIFSOQ_clean,8714.8,3529.2,2182.5,771.1,1098.2,1264.5,1519.5,1530.4
RIGPEE01_clean,1047.9,435.6,319.3,110.1,160.1,208.5,363.9,386.1
RIGPEE_clean,636.5,330.3,261.8,93.9,118.1,154.3,276.4,315.1
RIGTIL_clean,883.9,393.6,157.5,60.5,106.2,142.1,194.1,196.0
RIGVOU_clean,599.1,339.3,210.7,78.7,132.6,191.8,249.7,252.9
RIGWIP_clean,542.7,298.5,205.9,78.1,117.7,156.1,236.7,243.3
RINPEJ_charged,,,,223.1,427.5,517.8,578.3,574.2
RINSEM_clean,351.6,136.5,88.9,30.9,48.2,61.3,103.5,109.7
RIPKIM01_clean,539.2,333.5,280.0,91.8,117.8,147.6,276.4,316.4
RIPKIM_clean,556.3,337.6,305.4,91.6,120.5,152.3,280.8,323.2
RIPNIP_clean,1126.8,482.2,234.9,88.0,142.9,191.7,279.2,282.0
RIPTEQ_clean,781.7,284.0,184.0,64.0,95.8,126.7,214.1,226.0
RIRDED_clean,4865.0,2123.5,524.1,233.0,426.7,521.9,603.0,600.0
RIRDIH_clean,5546.5,2545.7,573.6,243.0,450.3,546.1,588.8,630.9
RITGEI_clean,1254.9,473.6,336.1,110.9,158.9,203.9,355.0,368.0
RITGIM_clean,1016.9,368.2,242.1,79.5,122.5,160.7,262.2,271.8
RITGUY_clean,413.7,215.6,179.5,55.6,77.2,97.2,173.3,198.1
RIVDEF_clean,723.5,375.2,307.3,103.0,140.9,182.4,329.0,361.3
RIWMUH_clean,4108.6,1538.8,420.1,173.9,316.8,401.0,489.3,480.6
RIWNAO_clean,3912.8,1460.8,989.3,312.0,447.9,545.7,727.7,789.4
RIWSUM_clean,1057.2,423.1,319.4,110.0,158.7,209.3,341.6,362.1
RIXBEG_clean,2294.8,1247.8,482.5,198.2,367.6,465.5,582.9,560.3
RIXBIK_clean,2601.5,1284.7,398.4,180.8,309.9,392.2,480.6,486.8
RIXPIZ_clean,900.2,316.0,198.6,70.6,103.8,135.0,207.3,206.6
RIYBAE_clean,3708.3,1302.4,383.6,151.2,265.7,341.2,404.8,398.6
RIYBEI_clean,4567.0,1595.6,468.9,191.7,332.3,428.2,501.8,501.6
RIYBIM_clean,4694.4,1733.2,478.9,193.9,335.4,434.2,501.6,500.2
RIYBOS_clean,4725.7,1658.0,488.8,193.4,338.4,420.4,517.5,498.9
RIYWED_clean,1729.1,802.1,371.3,144.1,256.3,340.6,491.6,465.8
RIYWIH_clean,1607.0,713.9,334.7,131.2,216.6,291.5,410.8,406.4
RIYXIG_clean,648.7,261.9,208.3,67.9,96.9,125.5,218.1,238.3
RIZXUT_clean,330.2,129.5,104.8,33.8,45.4,59.1,105.7,116.7
ROBWAH_clean,975.7,460.0,247.8,90.3,153.4,197.1,293.8,289.5
ROBYOY_clean,5397.5,3354.1,422.0,281.5,473.8,480.8,624.3,1089.7
ROCZAM_clean,1109.8,412.4,198.9,73.2,116.8,155.6,237.3,240.4
ROCZEQ_clean,1127.2,423.0,199.7,73.6,117.7,157.1,238.2,240.7
ROCZIU_clean,432.2,169.7,118.1,41.1,59.5,79.3,134.5,145.6
ROCZOA_clean,662.5,234.6,155.0,53.7,80.0,104.1,177.6,190.9
ROCZUG_clean,639.3,229.9,158.2,55.9,80.0,106.0,179.6,191.2
RODBAP_clean,625.3,223.0,155.7,52.8,76.2,100.3,174.0,189.1
ROGLOP_clean,1181.0,525.5,277.8,102.7,167.5,224.6,330.3,336.4
ROGSAI_clean,843.9,317.3,214.1,75.1,114.3,144.5,246.9,264.2
ROKRIU_clean,12430.7,9233.6,488.3,589.6,1487.8,1943.0,3720.8,4810.1
ROKROA_clean,13479.4,8332.8,449.1,442.9,508.0,656.0,2087.6,3092.7
ROLZEZ_clean,1017.9,453.4,234.4,87.1,143.2,190.0,280.5,288.2
ROMMAJ_clean,1776.3,746.6,291.5,112.7,206.5,251.9,307.6,299.0
ROMQAN_clean,851.0,437.0,332.5,118.5,173.5,226.2,381.8,399.0
RONCIG_clean,193.2,173.1,141.4,44.3,53.3,61.8,113.0,141.8
RONSIY_clean,1545.2,989.7,380.3,167.5,309.8,390.9,458.5,446.0
RONSOC_clean,299.1,137.5,115.9,38.4,50.3,63.4,117.0,127.5
RONSOE_clean,1322.9,805.7,351.3,138.8,253.5,322.4,377.4,388.8
RONWIA_clean,277.3,154.0,122.0,39.7,52.4,64.1,120.6,141.7
RONZID_clean,215.4,105.3,79.6,26.3,34.5,43.2,81.4,95.3
ROQVIE_clean,621.7,231.6,164.9,57.8,81.2,105.6,185.2,196.0
RORLIV_clean,433.1,191.2,145.4,49.2,69.9,91.3,161.9,176.8
RORRIB_clean,964.4,381.9,229.3,81.3,125.3,173.0,276.0,280.5
RORTAV_clean,3694.3,1297.2,423.9,170.2,294.1,362.5,478.2,474.6
RORTID_clean,1539.5,602.6,289.8,102.4,162.4,209.9,308.9,314.4
RORTOJ_clean,1381.6,518.6,289.0,98.7,154.5,207.0,312.1,312.4
RORTUP_clean,1586.4,608.8,298.6,104.4,168.6,219.5,313.0,314.2
RORVAX_clean,948.4,351.3,152.9,57.3,93.1,124.5,187.1,190.2
ROTQIC_clean,1166.6,516.2,326.8,118.9,185.7,240.8,386.6,399.3
ROTTOL_clean,1047.4,467.4,227.5,84.0,139.3,183.6,269.0,267.6
ROYJUM_clean,996.0,441.6,182.6,70.8,119.3,155.6,216.2,224.1
ROYREE_clean,789.4,427.5,227.6,90.0,150.2,191.2,235.8,234.2
ROYRII_clean,896.8,465.6,254.1,100.1,170.8,217.3,269.5,269.9
ROYROO_clean,941.1,506.0,258.7,106.9,181.1,222.2,276.6,272.1
RUBDUP_clean,195.3,151.1,177.7,55.3,62.8,71.7,110.6,135.6
RUBGUS_clean,1187.5,649.7,264.4,102.4,178.2,244.4,297.7,294.8
RUBLUX_clean,,,,92.7,123.6,155.7,235.4,249.7
RUBTAK01_SL,1012.6,425.9,220.1,81.8,134.0,179.5,266.1,273.3
RUBTAK02_SL,877.5,374.1,206.8,79.6,123.7,163.9,247.8,250.9
RUBTAK03_auto,1104.4,454.9,387.9,130.5,179.1,219.7,393.3,428.7
RUBTAK04_clean,7063.5,3395.9,551.0,280.1,494.2,580.4,594.4,880.5
RUBTAK06_clean,7034.7,3436.3,615.1,295.0,508.0,580.0,600.9,881.7
RUBTAK07_clean,7143.8,3385.7,558.0,290.9,508.6,604.9,599.7,905.1
RUBTAK08_clean,7312.1,3447.8,567.7,288.2,515.6,576.1,600.5,859.4
RUBTAK09_clean,7416.2,3553.8,565.2,282.0,517.3,567.9,583.6,893.2
RUCGOM_clean,1697.2,696.5,383.8,141.8,225.8,292.4,457.0,463.1
RUDPOW_clean,1039.4,441.2,288.3,97.2,149.1,195.4,298.4,315.2
RUDQEN_clean,1097.7,548.4,385.4,132.0,207.8,267.2,417.9,432.9
RUDQOX_clean,385.4,262.3,228.5,69.3,88.3,110.1,204.4,241.3
RUFDUT_clean,1488.8,781.9,226.4,100.3,183.7,228.6,276.7,278.8
RUFPUF_clean,157.0,146.1,168.3,50.4,55.7,61.6,92.0,112.7
RUFRIV_clean,1389.6,610.3,350.4,127.1,205.5,270.0,420.2,424.0
RUFTET_clean,972.3,403.8,259.0,94.9,142.6,190.3,308.4,326.1
RUFZID_clean,1639.6,578.4,300.6,107.7,167.5,224.6,344.9,345.7
RUFZOJ_clean,1035.2,387.4,278.5,92.1,131.8,170.0,268.0,272.0
RUGKOV_clean,855.6,308.5,153.1,54.8,85.3,113.2,173.3,178.5
RUGXIC_clean,8368.3,3521.6,430.8,231.0,422.8,474.4,513.0,795.9
RUGXOI01_clean,2011.8,816.3,236.4,96.5,174.5,227.6,280.7,286.5
RUGXOI_clean,1042.4,487.9,177.3,74.2,124.4,164.8,214.2,215.1
RUGXUO_clean,2434.0,1096.5,351.6,133.3,232.2,288.2,326.6,327.3
RUGYOJ_clean,1309.8,571.3,285.4,108.4,173.4,232.6,330.0,331.9
RUGZAW_clean,1422.7,571.5,296.6,107.5,172.7,222.1,332.4,330.1
RUHCED_SL,1304.4,640.1,198.9,84.8,152.8,201.5,243.3,245.8
RUHFEH_clean,250.2,136.0,110.6,34.9,43.9,54.7,104.0,122.1
RUHFIL_clean,242.1,132.5,106.8,34.5,44.5,54.2,101.1,122.3
RUHFOR_clean,249.7,138.5,110.1,36.1,45.6,54.9,103.5,124.4
RUHFUX_clean,237.9,129.1,104.5,34.0,43.2,53.4,98.9,119.5
RUJMAM_clean,,,,178.4,246.4,314.6,394.0,390.0
RUKHAI_clean,4875.3,1802.7,565.8,210.5,320.5,410.6,451.8,464.8
RULBOQ_clean,742.3,305.6,238.9,80.5,113.5,144.9,254.4,278.0
RULMUI_clean,2984.7,1063.6,570.6,201.9,307.5,375.5,532.7,502.8
RULQIY_clean,190.2,174.8,144.0,45.2,53.0,61.1,111.4,144.2
RULVUP_clean,1538.2,858.6,307.6,129.3,241.8,304.5,374.5,373.8
RULXOM_clean,2941.8,1173.4,328.7,135.5,238.2,306.7,375.9,375.9
RUMRUO_clean,606.1,324.8,197.9,73.9,119.8,164.6,241.1,242.2
RUMWUS_clean,,,,170.9,318.6,384.8,411.0,469.3
RUNXUV_clean,1858.0,953.5,270.7,119.9,228.8,285.0,332.3,348.7
RUPTED_clean,197.2,180.5,152.4,49.6,63.3,80.1,144.6,168.1
RUPVAB_clean,5422.1,1988.7,402.9,185.9,339.4,406.4,467.4,486.8
RUQVEF_clean,,,,56.1,95.0,127.5,182.2,183.6
RURPAW_clean,657.5,359.6,108.8,49.1,87.7,114.1,140.7,142.2
RURPEA_clean,459.4,210.4,122.7,44.2,70.5,95.7,146.5,149.6
RUSHIY_clean,2999.3,1370.6,1925.4,658.0,727.6,858.7,1313.6,1507.9
RUSWIN_clean,996.4,415.2,213.6,82.8,126.5,166.4,269.1,262.3
RUSWOT_clean,1019.5,413.6,215.0,78.9,127.4,171.0,259.0,262.3
RUSWUZ_clean,1029.4,420.7,218.2,80.1,127.2,169.5,257.4,261.1
RUSXAG_clean,1017.7,428.4,217.5,80.0,130.3,172.9,257.5,263.1
RUSXEK_clean,1028.7,424.3,213.8,79.9,128.0,171.0,260.0,261.0
RUTNOK_manual,503.9,204.0,167.9,56.6,74.8,95.7,173.4,191.5
RUVBOB_clean,1610.1,708.0,294.5,111.5,192.8,251.0,341.3,337.4
RUVCES_clean,276.9,113.1,75.1,26.1,38.2,50.9,89.3,95.7
RUVKAV_clean,277.4,132.6,108.4,34.3,45.8,57.2,106.0,124.7
RUVMAX_clean,1971.1,935.8,238.3,103.4,192.5,244.2,289.7,292.2
RUVMUR_clean,251.2,228.0,185.2,59.0,71.8,84.1,157.0,194.7
RUWWOW01_clean,958.6,476.4,199.3,78.7,136.3,179.6,247.9,246.7
RUWWUC_clean,965.1,492.2,218.3,86.3,147.4,196.9,273.4,272.3
RUWXAJ_clean,429.5,243.1,174.5,61.9,98.1,128.0,207.2,211.0
RUWXEN_clean,590.7,297.6,161.2,59.5,97.8,128.9,193.4,196.3
RUWZIU_clean,1172.9,628.3,568.3,182.2,238.8,291.8,524.2,575.1
RUWZOA_clean,1492.1,676.4,573.4,198.8,272.7,337.3,583.6,648.9
RUWZUG_clean,1737.4,750.9,633.9,218.3,295.4,388.9,663.0,705.3
RUYNEG_clean,3979.1,1688.2,440.0,186.2,328.5,416.6,467.8,472.0
RUYNIK_clean,984.2,404.8,219.3,79.7,129.2,173.7,264.5,264.3
RUYQIN01_clean,3038.4,1077.5,430.3,164.3,272.5,355.2,492.6,502.7
RUYQIN02_clean,2904.0,1045.5,433.0,157.0,268.4,352.2,498.8,484.2
RUYQIN03_clean,2969.3,1070.9,427.1,162.5,266.9,350.9,499.5,486.1
RUYQIN_clean,3009.5,1064.1,435.1,159.6,264.5,374.5,495.6,518.6
RUYQOT_clean,2891.5,1048.5,428.5,159.6,261.5,349.4,499.1,494.2
RUYTIQ_clean,2862.1,1052.3,428.1,160.4,263.2,342.4,489.2,493.1
RUYTUC_clean,2919.7,1032.5,424.7,157.9,269.4,346.9,485.5,503.2
RUYVAK_clean,3106.3,1109.5,413.6,166.5,272.4,373.7,486.2,494.3
RUYVEO_clean,1288.3,463.8,304.5,106.9,160.0,206.9,331.4,347.6
RUYVIS_clean,489.6,232.9,219.4,71.9,91.3,112.3,197.7,217.5
RUYZUH_clean,547.5,244.0,194.5,66.5,90.3,116.4,211.2,228.0
RUZCOF_clean,828.5,413.7,130.2,54.8,100.5,131.9,162.2,163.0
RUZDAS_clean,283.6,136.9,108.2,35.5,49.1,63.6,117.3,130.2
S2052520616005515_bm5080sup1_clean,1010.2,437.2,160.1,62.5,107.3,142.4,190.1,191.4
S2056989016007027_zl2661sup1_clean,1215.5,558.4,185.8,76.5,137.2,177.4,228.7,228.0
SABFUX_clean,423.9,164.4,131.3,42.0,58.2,74.7,136.6,151.4
SABKIS_clean,907.8,353.3,154.7,57.0,94.1,125.3,181.3,187.0
SABVOH01_clean,1195.0,547.4,159.2,67.8,122.5,159.4,201.0,197.3
SABVOH_manual,1168.7,522.6,160.0,66.4,120.4,158.3,197.6,199.8
SABVUN_clean_h_min,3974.1,1675.1,334.8,155.0,286.6,364.1,392.8,425.7
SACDOR_clean,3787.1,1379.6,398.1,167.2,280.8,362.3,428.9,452.1
SADLEQ_clean,531.8,218.9,124.7,44.8,71.0,94.2,151.1,157.0
SADLIU_clean,599.6,262.0,121.8,45.7,76.2,101.4,150.2,153.4
SADMUH_SL,547.3,198.0,133.4,44.4,66.8,87.1,149.1,157.0
SADVEB_clean,1359.0,577.2,328.8,127.8,187.9,249.7,390.5,410.8
SAHXAD_clean,713.6,243.2,122.9,44.9,69.5,92.0,150.7,151.7
SAHYAD01_charged,,,,121.1,205.9,268.7,331.4,330.8
SAHYAD02_charged,,,,114.5,207.5,262.0,324.6,320.3
SAHYAD03_charged,,,,114.0,201.9,264.4,326.4,326.2
SAHYAD_charged,,,,112.1,199.4,256.0,322.2,320.2
SAHYIL_charged,,,,111.9,196.3,256.5,326.1,324.6
SAJDIT_clean,772.4,344.7,296.0,99.0,136.8,173.1,282.9,309.8
SAJHUJ_clean,3872.1,2157.5,471.7,234.0,433.5,503.4,532.8,640.3
SAJRAW10_clean,368.8,146.6,111.0,37.4,50.8,65.6,120.4,135.1
SAJRAW11_clean,376.2,151.9,116.6,38.4,52.2,66.2,123.3,136.8
SAJRAW_clean,362.1,141.5,109.8,37.9,49.6,64.3,119.0,129.7
SAJRUT_clean,1572.3,554.9,225.2,87.0,139.3,184.9,263.0,264.8
SAJSAA_clean,2902.3,1329.0,315.7,139.2,261.5,334.7,374.0,385.4
SAKNOJ_clean,5924.8,2085.0,717.6,273.8,439.4,528.9,656.8,636.0
SAKRAZ_clean,916.2,333.8,157.3,57.4,91.5,121.9,189.7,189.4
SAKRED_clean,864.2,316.9,155.2,56.5,90.8,120.4,186.6,193.9
SALROO_clean,1976.9,979.4,243.0,108.4,199.1,237.5,253.7,283.5
SALRUU_clean,783.4,326.4,159.9,51.2,89.5,116.0,162.2,160.0
SALXEL_clean,2083.4,706.3,281.8,109.3,178.6,229.1,338.2,328.3
SALXIP_clean,1945.5,647.1,291.8,106.4,172.7,228.9,331.3,344.9
SALZAH_clean,866.6,357.5,293.6,97.4,132.6,173.7,305.0,334.0
SAMLAV_manual,625.7,251.4,165.2,55.4,85.7,111.5,184.4,192.3
SAMVEK_clean,666.4,244.4,157.3,58.3,82.3,107.6,181.4,190.4
SAMVIO_clean,806.8,292.9,205.6,60.4,93.1,122.6,206.3,205.3
SAMXUC_clean,1405.5,710.7,578.7,197.0,313.9,400.8,588.6,600.2
SAMYAJ_clean,1322.6,703.9,612.2,191.5,292.4,405.8,578.9,598.6
SAMYEN_clean,1423.9,736.4,583.4,213.0,315.7,408.4,614.4,599.5
SAMYIR_clean,1331.8,715.8,594.6,202.4,304.6,395.4,611.2,595.7
SANGEW_clean,2055.9,1015.5,275.8,116.1,218.6,274.5,307.0,318.6
SANGIA_clean,2486.5,1325.2,284.5,132.7,251.4,299.7,325.6,364.5
SANGOG_clean,2452.1,1333.7,283.6,132.1,254.5,298.4,320.0,367.4
SANGUM_clean,1570.8,710.4,230.0,95.8,168.5,218.5,278.0,280.5
SANHEX_clean,2532.2,1363.3,283.2,134.2,250.5,298.6,321.7,378.1
SANHIB_clean,1839.7,958.0,266.7,117.7,215.5,269.6,315.0,315.5
SANHOH_clean,1466.3,681.2,222.3,92.5,162.3,213.2,268.5,279.7
SANHUN_clean,1964.0,1033.8,253.0,113.9,212.7,263.6,308.1,311.5
SANJAV_clean,2122.9,1088.4,270.3,123.8,229.8,284.7,321.6,334.4
SAPHOI_clean,2067.2,972.2,488.1,174.2,261.8,335.7,399.7,390.2
SAQQAD_clean,445.3,181.4,140.0,47.5,66.2,85.2,151.8,164.8
SAQQEH_clean,464.7,187.7,141.3,48.3,68.3,90.3,157.6,168.0
SAQQIL_clean,469.2,188.1,141.5,47.9,68.7,90.0,156.8,170.2
SAQQOR_clean_h,454.0,182.7,140.6,47.7,67.1,85.6,152.4,165.4
SAQSOU_clean,2057.9,797.0,435.4,157.2,246.0,328.8,469.1,476.6
SARGID_clean,2870.6,1025.5,298.2,116.2,204.7,272.8,351.1,350.6
SARGOJ_clean,2844.4,989.7,299.7,116.9,206.9,272.8,354.9,361.0
SARGUP_clean,817.3,278.9,155.3,55.3,86.6,116.4,187.0,197.4
SARHAW_clean,768.2,263.1,154.3,54.8,83.3,109.1,183.6,191.3
SARHEA_clean,812.6,281.8,156.2,58.4,86.5,115.9,186.0,194.9
SARMEE_clean,1886.1,941.9,463.8,182.6,307.6,406.2,524.1,536.7
SARNOQ_clean,601.8,242.0,176.9,61.0,87.9,113.0,199.8,214.9
SARPIL_clean,2066.5,729.4,203.4,81.7,147.4,187.7,238.8,234.7
SARTIR_clean,575.0,217.7,167.6,55.2,78.2,103.5,184.6,196.4
SATRIP_clean,427.0,171.7,124.0,43.4,61.6,79.7,142.9,154.5
SATROV_clean,723.9,269.0,157.0,55.1,85.3,113.2,183.6,191.2
SAXLEK_clean,156.3,107.3,82.7,27.0,33.3,39.8,76.2,103.5
SAXRIS_clean,960.6,343.5,260.4,88.3,126.5,158.8,276.6,294.3
SAYTOD_clean,161.8,120.7,97.2,30.9,37.8,44.9,85.5,103.4
SAYTUJ_clean,148.6,118.5,91.8,29.9,35.4,42.2,78.9,99.2
SEFSOM_clean,844.6,386.9,291.8,101.0,148.1,191.8,328.9,359.0
SEFTOO_clean,,,,78.8,105.4,130.0,239.8,264.8
SEFVAC_clean,560.5,276.9,228.4,74.8,99.1,124.2,223.7,258.1
SEFVEG02_clean,510.2,268.4,226.6,75.5,95.1,118.5,219.7,248.4
SEFVEG_clean,509.8,266.3,227.1,75.0,95.9,118.0,225.2,248.0
SEFVOQ_clean,,,,80.0,106.1,129.6,239.4,273.8
SEFVUW_clean,581.0,283.5,235.1,78.0,102.1,129.5,233.1,264.7
SEFWEH_clean,590.8,271.1,246.0,75.3,102.9,126.9,226.8,259.6
SEFWIL_clean,551.0,276.6,235.0,78.2,99.6,123.0,228.7,260.1
SEFWOR_clean,471.5,277.7,232.9,76.5,97.6,118.9,215.2,254.6
SEGBIR_clean,415.7,290.4,238.6,75.0,94.2,113.2,211.8,259.1
SEGMEW_clean,462.5,259.2,211.2,70.0,91.7,116.7,226.3,247.5
SEHMUO_clean,1187.5,436.7,362.3,114.0,152.7,197.5,340.6,350.5
SEHNEZ_clean,1457.9,518.4,363.6,113.6,171.6,218.8,365.7,358.2
SEHNID_clean,1052.8,400.3,294.6,99.0,141.9,184.2,319.7,332.1
SEHSII_clean,654.0,254.9,127.9,45.4,73.4,97.1,149.6,153.4
SEHSUU_clean,689.4,263.7,130.7,49.8,77.0,102.9,157.2,162.0
SEHTAB_clean,853.9,343.5,133.8,51.6,87.7,115.8,167.9,164.3
SEHTEF_clean,746.2,293.4,131.2,49.2,79.7,106.7,159.0,163.9
SEHVOQ_clean,1002.0,485.3,144.9,60.9,108.7,140.1,168.7,171.6
SEHXIN_clean,507.9,210.8,120.6,42.9,67.4,91.4,145.8,148.1
SEHZUB_clean,759.0,333.9,227.4,82.5,120.5,158.2,266.4,281.2
SEJBAL_clean,708.5,302.9,228.4,78.6,114.0,148.4,256.0,273.6
SEMFEX_charged,,,,245.0,448.9,493.5,514.3,757.8
SEMFIB_charged,,,,231.7,433.1,474.3,498.9,671.1
SEMPUX_clean,,,,222.6,412.6,454.5,479.2,713.5
SENQAE_clean,1945.0,1670.1,225.1,211.9,238.7,254.7,798.8,1125.7
SENVIR_clean,2924.6,1172.4,344.8,135.2,241.9,310.9,377.2,380.2
SENWAL_clean,,,,28.8,38.3,48.1,93.1,102.8
SENWIT_clean,,,,27.9,36.9,46.2,87.0,99.0
SENWOZ_clean,,,,27.6,36.9,47.7,87.1,99.4
SEQSIS_clean,3016.5,1640.9,347.4,175.1,327.3,395.7,435.7,469.8
SEQSOY_clean,2068.3,929.4,259.0,112.5,206.8,270.3,313.0,317.7
SEQTEP_clean,1156.7,482.9,283.0,106.2,163.4,215.9,318.3,322.2
SERCEZ_clean,1681.9,611.9,227.5,87.9,148.4,190.8,269.2,264.6
SERJOP_clean,1163.7,442.7,247.3,88.1,138.5,190.7,291.9,300.3
SERJUV_clean,350.6,179.2,153.8,47.8,64.3,82.3,148.0,166.4
SERKEG_clean,,,,49.2,62.6,75.9,146.1,170.9
SERLEI_clean,954.9,338.5,187.7,67.1,103.6,135.0,201.0,202.9
SERWAP_clean,2769.4,1255.2,319.3,153.5,256.4,313.9,356.5,363.2
SERWET_clean,3055.9,1610.2,344.5,144.1,270.0,310.0,324.0,430.9
SERWIX_clean,2315.3,972.7,317.2,113.6,204.3,256.2,296.2,296.6
SESLUZ_clean,3694.2,1898.9,348.5,166.8,314.2,364.5,400.7,471.4
SETDUS_clean,1532.2,626.0,243.1,93.1,157.5,213.7,294.3,300.8
SETPEO_clean,704.0,236.2,149.9,51.7,78.0,102.3,169.3,178.1
SETQAL_clean,1583.5,860.1,244.3,111.2,208.8,259.6,295.2,302.2
SETQEP_clean,1612.5,872.8,243.7,109.7,204.8,259.9,295.7,306.8
SETQIT_clean,1552.1,840.7,240.6,107.4,210.9,264.4,306.8,301.4
SETQOZ_SL,528.5,192.9,122.7,43.0,64.3,86.5,145.2,155.5
SETQUF_SL,1065.7,385.9,194.2,70.0,110.1,147.4,230.5,232.1
SETRAM_clean,599.2,213.3,146.8,49.3,73.4,96.4,152.2,161.8
SETSIV_clean,305.2,139.0,109.7,36.8,49.5,62.0,114.3,128.0
SETSOB_clean,466.8,187.3,138.2,47.6,68.4,89.9,153.5,163.1
SETSUH_clean,3176.8,1052.8,318.5,121.0,211.0,277.9,366.3,357.3
SETTAO_clean,1085.8,365.3,237.5,78.7,116.4,155.0,248.5,259.1
SETXEW_clean,1180.9,561.2,465.7,160.6,223.9,290.0,485.5,526.7
SEVLEM_clean,1949.5,775.5,744.0,262.7,349.4,441.9,674.9,659.2
SEWCED_clean,2380.0,779.7,525.7,188.7,261.7,346.7,515.4,479.2
SEYQIW_clean,376.7,143.2,102.3,34.6,49.4,63.9,115.2,123.2
SEZPIY_clean,1033.0,590.9,155.9,71.5,136.0,162.7,181.0,190.8
SEZPOE_clean,1009.8,451.3,166.9,66.5,114.3,152.0,207.8,203.9
SICZOV_clean,1441.5,461.1,217.5,80.4,127.7,168.2,253.3,255.8
SIDCAL_clean,970.8,383.6,256.8,96.4,139.9,185.5,297.4,306.2
SIFVAG_clean,310.4,256.3,222.2,73.4,91.6,112.1,206.0,241.1
SIKGAW_clean,706.8,259.4,185.3,63.6,92.9,122.2,205.2,218.9
SIKYER_clean,1815.0,679.9,238.7,93.5,165.0,215.0,291.3,291.6
SINLAE_clean,691.8,325.2,250.2,81.4,122.4,161.1,268.6,279.7
SINQEL_clean,674.1,265.3,104.4,42.4,68.2,92.8,130.1,136.4
SINXET_charged,,,,108.9,145.1,178.4,334.5,363.7
SIPCID_clean,287.4,217.5,185.1,59.5,76.6,94.6,169.2,201.9
SIQCOM_clean,2295.8,1029.3,307.8,131.9,233.4,305.2,373.8,398.5
SIQQEO_clean,907.4,356.8,203.8,72.0,112.5,149.8,241.5,249.3
SISFEH_clean,608.7,324.3,247.7,86.3,127.1,169.8,282.6,296.8
SISPUH_clean,1167.9,593.6,227.5,92.0,162.2,215.2,270.2,267.6
SISQAO_clean,1171.5,589.0,229.8,91.4,160.3,211.9,271.9,269.5
SISQES_clean,1170.7,587.6,225.2,93.0,160.0,214.4,274.9,268.2
SISQIW_clean,1191.1,585.7,227.9,90.2,159.2,214.3,269.0,269.9
SITFUY_clean,4891.1,2470.5,330.4,203.7,341.7,350.5,422.1,736.9
SITTUM_clean,2233.1,1061.8,574.4,221.0,351.4,478.4,666.1,670.9
SIVGAH_clean,906.3,390.1,205.4,64.9,108.5,148.1,204.4,209.4
SIVGIP_clean,1357.9,563.4,239.8,91.3,153.8,203.7,294.4,290.9
SIVGOV_clean,1347.6,557.5,237.1,90.9,154.4,202.4,289.4,298.6
SIVGUB_clean,913.3,308.9,169.7,61.4,92.5,122.2,201.2,200.8
SIVJIS_clean,1224.9,604.9,247.5,99.3,173.6,226.9,302.6,314.8
SIVKAK_clean,220.8,215.9,184.0,56.5,62.4,66.2,102.2,127.3
SIVQAR_clean,792.5,311.9,161.6,58.9,93.9,125.3,199.3,201.5
SIVWUR_clean,1347.5,995.8,377.1,187.2,364.4,437.2,451.3,471.0
SIWSUO_clean,859.2,492.5,187.4,79.2,144.3,187.7,231.0,230.5
SIWTEZ_clean,1126.8,499.7,265.8,100.8,164.5,215.0,322.2,327.9
SIWTOJ_clean,1868.1,1058.2,235.5,117.1,219.0,267.0,289.2,318.4
SIZJUH_clean,278.9,271.6,240.1,75.2,84.9,97.8,165.8,211.1
SIZPUN_clean,2526.2,871.4,321.5,125.0,210.7,265.0,352.7,347.6
SOBTUY_clean,492.3,208.7,165.2,55.5,79.4,104.6,177.1,193.5
SOBZEQ_clean,880.4,300.6,170.3,60.6,91.1,121.4,196.7,238.9
SOCLAZ_clean,334.8,320.7,271.0,84.0,93.6,102.6,164.1,220.2
SODNAA_clean,509.2,261.3,168.8,60.8,97.5,133.0,199.5,201.0
SODQOT_clean,818.3,307.1,170.5,61.8,94.7,125.3,202.4,206.2
SODXUG_clean,2910.4,1652.8,412.8,196.7,374.6,441.5,467.2,533.6
SODZIV_clean,440.1,233.8,187.2,63.7,87.7,113.5,196.6,217.4
SOHBUO_clean,978.9,479.7,309.8,111.3,182.3,235.6,361.0,373.1
SOHGUS_clean,1333.8,455.4,245.1,87.3,136.5,189.4,287.0,293.7
SOHMEI_clean,1191.8,422.8,271.3,96.6,140.8,176.1,253.8,270.8
SOHMIM_clean,3557.7,1294.7,388.7,178.6,268.1,349.8,412.5,431.0
SOHMOS_clean,2458.6,1167.1,1151.5,345.3,492.5,629.8,813.7,863.7
SOHMUY_clean,1150.1,401.3,269.4,92.8,138.3,172.1,252.2,312.9
SOHNAF_clean,1117.6,403.1,258.7,92.4,132.1,165.5,253.6,254.0
SOHNEJ_clean,1125.5,435.7,262.4,93.1,135.5,185.4,251.4,259.3
SOHNIN_clean,3569.4,1355.2,389.6,157.4,267.7,333.0,406.4,405.6
SOJGOO_clean,1811.1,896.4,332.2,135.5,237.6,307.5,385.2,380.0
SOJSUH_clean,1108.6,407.2,276.7,97.3,144.4,186.6,282.3,301.6
SOKKOT_ion_b,1302.8,587.6,224.8,90.1,155.0,212.0,277.6,277.8
SOKKUZ_clean,1550.3,596.9,146.3,63.5,111.8,151.9,174.4,174.8
SOKWAS01_clean,578.3,227.0,112.6,41.5,69.7,91.0,138.2,140.2
SOKWAS_clean,1046.5,415.1,147.7,58.0,101.2,133.8,183.0,182.3
SOKWUM_clean,410.6,181.5,144.3,48.2,65.3,82.6,153.9,167.8
SOKXIB_clean,3359.1,1355.5,443.9,174.4,302.6,383.3,433.1,418.1
SOKXOH_clean,2011.0,731.2,580.9,186.0,247.8,290.8,468.3,483.0
SOMCON_clean,3573.5,1318.8,412.6,171.0,273.4,355.2,446.4,463.9
SOMFAC_clean,1542.5,590.4,141.6,60.2,111.7,149.1,174.8,175.8
SOMFEG_clean,1535.2,590.1,141.9,62.9,111.2,143.4,176.4,175.2
SOMFIK_clean,1534.7,589.8,139.2,64.0,107.8,140.8,172.8,174.2
SOMSIY_clean,763.8,378.1,115.5,49.3,90.6,118.2,147.9,145.3
SONTAR_manual,523.4,202.1,148.8,50.1,72.6,93.7,167.0,180.6
SONTEV_clean,1431.2,775.0,252.3,105.2,198.2,250.2,296.6,298.6
SONTIZ_clean,498.2,191.2,129.8,45.5,65.7,88.3,150.6,160.4
SONTOF_clean,495.8,191.9,129.5,44.7,66.7,87.5,152.0,161.3
SONTUL_neutral_b,583.0,226.4,151.0,52.7,80.8,106.6,169.9,175.6
SONVAT_neutral_b,592.4,227.6,147.9,52.6,81.0,106.5,172.0,174.0
SONVEX_neutral_b,586.7,230.2,148.5,53.1,81.1,107.6,170.5,175.8
SONVIB_neutral_b,590.6,229.4,152.6,54.2,83.1,110.1,174.2,178.1
SOPLAM_clean,366.1,155.8,123.5,40.7,56.1,71.8,129.0,145.7
SOPLEQ_clean,2106.2,757.3,440.9,152.7,227.6,307.9,433.3,438.1
SOPLIU_clean,815.3,291.0,203.6,69.9,97.7,128.9,214.5,223.0
SOPLOA_clean,748.0,284.5,218.4,71.6,103.5,132.5,229.1,245.4
SOSSEA_clean,1297.2,725.6,310.5,130.5,233.5,300.7,371.6,367.1
SOTWOP_clean,676.6,243.8,159.9,55.9,83.2,109.0,184.7,193.4
SOTWUV_clean,684.0,251.2,160.0,56.4,84.0,112.0,186.9,197.4
SOTXAC_clean,703.1,261.8,160.8,56.8,85.5,112.6,188.3,195.2
SOTXEG_neutral,1647.3,846.8,393.5,154.8,263.3,349.2,478.0,472.4
SOVHAM_clean,430.1,207.7,158.0,54.0,77.7,99.1,180.6,195.6
SOVHIU_clean,3392.1,2375.4,378.5,259.3,390.8,390.9,576.1,958.4
SOVHOA_clean,616.3,279.6,225.1,72.1,102.3,135.7,241.1,256.5
SOVLEW_clean,7167.3,2618.6,566.7,250.5,443.2,544.9,633.3,639.8
SOXDAM_clean,1147.6,535.6,274.9,100.0,164.1,218.6,324.4,321.1
SOXDEQ_clean,1193.2,544.8,261.0,100.7,168.5,218.5,317.4,319.6
SOYFUJ_clean,2012.7,972.9,292.7,122.8,222.0,283.8,342.6,353.1
SOYWOT_neutral_b,581.8,230.8,147.7,52.6,82.1,106.2,170.9,174.8
SOYWUZ_clean,6673.4,2466.2,477.4,226.4,411.6,501.6,545.5,576.1
SOZBIS_clean,366.9,146.6,110.9,37.3,51.5,65.2,121.0,134.0
SOZGIZ_clean,3509.6,1376.5,358.3,148.7,266.5,330.9,398.7,396.9
SOZGOF_clean,3783.7,1525.1,345.1,150.9,284.7,348.4,394.3,406.0
SOZRUW_clean,3359.5,1318.1,352.2,144.6,263.0,324.1,389.3,392.2
SOZSAD_clean,3368.5,1322.3,341.9,142.6,263.9,325.6,380.5,392.4
SOZSEH_clean,3424.2,1333.1,346.7,143.5,259.4,332.9,408.1,391.7
SOZSIL_clean,3448.3,1368.7,344.5,145.2,286.9,336.4,387.4,397.9
SOZSOR_clean,3431.7,1333.8,342.2,144.5,265.5,329.6,384.6,398.0
SOZSUX_clean,3382.0,1371.2,347.2,144.7,262.8,328.0,389.0,394.9
SUBMIN_clean,3031.9,1146.6,919.1,306.5,441.5,534.4,706.0,756.5
SUCLOT_clean,367.7,154.6,111.6,38.2,54.1,71.3,129.4,139.5
SUFBAY_clean,1404.7,643.4,234.1,97.5,168.0,223.4,274.2,294.0
SUFHIM_clean,779.7,321.8,283.5,95.1,123.8,159.0,280.2,306.6
SUFJOU_clean,6496.6,3611.3,408.8,249.2,443.5,459.6,554.1,1003.5
SUFROA_clean,322.3,131.6,102.6,33.1,47.7,61.6,106.0,114.0
SUGDIJ_auto,651.4,219.6,151.6,52.8,75.2,96.9,167.2,178.3
SUGSEU_clean,,,,393.2,458.3,515.0,752.4,818.1
SUGVUM_clean,1026.3,488.1,205.8,78.9,135.9,176.5,246.5,247.4
SUHBAA_clean,674.0,315.9,427.0,140.0,159.9,176.2,279.5,338.1
SUHMEP_clean,1060.0,409.0,195.7,71.8,117.2,154.7,228.7,232.2
SUJNUH_clean,1106.9,428.3,282.8,93.7,143.5,186.7,306.4,316.0
SUKKUF_clean,733.8,351.3,171.5,61.9,104.5,142.0,200.5,197.8
SUKKUG_clean,5414.5,3120.8,495.6,306.5,461.5,461.3,597.5,1017.6
SUKMAO_clean,4887.8,2589.4,470.0,314.0,446.1,441.8,564.5,923.3
SUKNOC_charged,,,,97.7,140.2,174.4,303.9,331.6
SUKNUI_charged,,,,98.6,132.2,166.1,295.5,333.8
SUKREX_clean,665.0,316.6,203.1,73.5,117.4,155.8,247.3,248.3
SUKRIB_clean,651.1,316.0,202.2,73.8,122.0,156.8,239.4,253.9
SUKYIH_clean,814.8,294.8,152.7,56.4,85.5,117.2,180.3,183.7
SUKYON_clean,669.8,227.9,170.1,58.1,81.0,103.4,173.6,180.7
SUNHUF_clean,614.3,258.9,169.7,60.3,90.8,120.7,197.4,205.5
SUNJER_clean,718.4,321.5,142.6,54.6,91.6,121.7,176.6,180.1
SUNJIV_clean,572.9,240.8,136.9,49.4,78.1,104.2,165.5,170.7
SUNJOB01_clean,600.6,250.7,141.6,51.8,80.1,107.5,170.6,174.2
SUNJOB_clean,600.8,252.7,142.8,51.5,81.6,109.1,173.2,177.9
SUNLAP_clean,2956.6,937.4,480.2,161.5,219.1,293.5,406.1,409.1
SUPLOF_clean,1197.8,431.7,236.4,83.6,128.7,170.1,265.1,282.4
SUPQAW_clean,425.0,234.4,304.3,89.7,103.6,120.5,194.7,214.5
SUQHUJ_clean,2852.1,1038.8,213.0,95.3,175.6,224.4,262.9,271.4
SUQJEV_clean,2172.9,1113.3,212.3,108.2,204.5,244.1,263.2,304.9
SURDOA_clean,1199.4,569.4,368.3,132.4,204.7,272.3,437.5,440.3
SURHEU01_clean,7539.9,3578.0,560.4,288.7,519.3,566.5,601.7,917.8
SURHEU02_clean,7075.2,3428.2,563.8,297.0,514.2,596.4,620.8,877.9
SURHEU_clean,7492.3,3560.0,555.5,292.4,501.1,577.4,607.8,915.0
SURKUN01_clean,6969.2,3312.5,552.8,284.0,518.1,595.2,593.7,873.4
SURKUN_clean,7190.7,3463.7,569.4,276.4,513.9,563.6,601.7,868.0
SURLEY_clean,7226.6,3393.6,583.7,284.7,540.8,577.4,597.1,867.5
SUSZIQ_clean,1717.8,1243.9,226.5,149.6,259.4,280.7,303.0,522.5
SUSZOW_clean,1702.6,1301.1,228.4,146.1,259.5,271.8,295.5,490.6
SUVNEE_clean,10855.4,3955.6,2731.7,933.4,1216.0,1459.8,1824.1,1806.9
SUWBET_clean,4392.1,1867.4,496.3,211.2,386.4,485.6,573.6,589.4
SUWQEI_clean,2329.0,839.6,396.0,145.6,231.6,309.6,489.1,450.1
SUWZOB_clean,,,,264.2,485.1,582.1,634.3,724.8
SUXGUP_clean,1027.3,784.2,934.4,301.7,468.7,581.5,789.8,764.9
SUXNIJ_clean,3296.3,1345.7,367.4,147.5,264.3,349.1,432.9,432.0
SUXSEL_clean,,,,159.6,297.7,366.7,398.7,429.2
TACFIN01_clean,948.4,582.5,165.0,69.0,130.3,160.8,178.6,185.6
TACFIN_clean,845.7,494.3,135.1,60.2,114.1,141.4,164.6,167.1
TACPAP_clean,642.2,359.2,253.5,94.9,144.1,194.7,303.8,306.7
TACPET_clean,590.9,332.6,234.3,86.0,136.7,180.1,275.1,278.1
TACPIX_clean,572.2,318.0,242.1,83.8,130.2,172.2,274.6,279.4
TACWOM_clean,1367.6,487.4,223.1,83.3,133.7,179.8,257.7,262.3
TACWUS_clean,1328.1,481.8,222.5,81.9,131.3,175.5,259.9,260.8
TADCOS_clean,960.9,366.5,118.2,46.4,83.4,111.3,148.3,152.1
TADWEC_manual,4154.6,1758.5,475.4,205.1,369.2,480.7,562.1,549.4
TADWIG_manual,3716.8,1595.1,413.0,179.2,335.0,415.7,480.2,491.2
TADWOM_clean,1761.2,706.4,445.0,136.3,209.2,275.2,340.9,354.7
TADYEE_clean,387.9,275.9,228.3,74.4,94.1,116.9,218.1,256.0
TADYII_clean,682.7,359.8,294.8,101.7,131.4,166.5,300.8,341.9
TAGBUZ_clean,613.1,342.9,187.4,74.2,123.3,169.2,228.8,229.6
TAGSEB_clean,1757.0,721.6,417.7,153.5,236.0,322.0,475.9,460.7
TAGTED_clean,1202.3,438.9,183.0,70.6,113.1,146.0,220.1,222.7
TAGTIH_clean,839.5,285.1,161.7,57.0,87.6,115.3,188.5,192.8
TAGTUT_clean,3147.0,1217.7,469.6,180.2,292.7,355.3,484.4,467.6
TAGVAB_clean,1679.4,609.7,260.3,96.4,161.1,212.2,296.7,293.6
TAHNEY_clean,384.2,173.4,138.1,46.2,59.8,75.3,140.3,165.2
TAJXIO01_clean,322.3,308.2,271.6,83.1,86.8,101.3,140.6,184.1
TAJXIO02_clean,320.1,299.1,271.9,84.0,94.9,95.2,130.1,169.8
TAJXIO03_clean,326.2,282.0,266.7,82.0,92.3,91.6,125.4,163.9
TAJXIO04_clean,331.5,281.9,295.4,82.9,86.6,91.7,125.3,158.4
TAJXIO_clean,318.0,295.9,268.4,85.6,90.3,102.0,135.4,177.5
TAKGOE_clean,509.8,234.4,177.5,63.0,88.4,112.8,198.1,212.4
TAKGUK_clean,510.2,227.9,177.5,62.3,87.0,112.3,199.1,211.4
TAKHAR_clean,513.0,227.9,178.0,60.5,87.2,112.7,200.3,210.9
TAKHEV_clean,533.8,235.1,177.6,63.2,86.4,115.5,198.6,211.9
TAKTIL_clean,1153.8,525.4,136.3,57.4,108.0,134.8,167.9,169.2
TAKTOR_clean,898.8,371.3,139.4,52.8,93.7,121.6,169.1,165.2
TAKVAF_clean,920.2,382.2,135.9,53.6,94.1,122.4,167.3,168.3
TAMHUM_clean,1535.4,504.7,326.1,120.2,167.8,216.7,354.9,370.2
TAMJAU_charged,,,,66.0,87.0,110.1,201.8,229.0
TAMJEY_charged,,,,66.1,92.4,118.1,210.7,231.2
TAMZUE_charged,,,,128.7,207.5,272.3,403.6,405.3
TANBAN_charged,,,,124.8,203.5,269.5,407.4,409.2
TANBER_charged,,,,125.0,203.9,274.7,406.6,404.1
TANBIV_charged,,,,127.0,206.0,269.9,409.1,411.0
TANBOZ_clean,220.6,146.3,116.0,37.3,46.5,56.8,106.3,133.0
TAPLED_clean,1277.9,487.9,340.8,118.3,172.7,229.7,369.0,383.5
TAPXIT01_clean,460.9,314.3,249.4,85.8,127.9,170.9,287.7,301.6
TAQGEZ_clean,587.1,217.1,164.7,53.2,78.6,98.7,177.4,193.2
TAQGOK_clean,1166.8,664.4,449.8,166.2,271.5,374.1,535.9,523.9
TARVOX_clean,569.2,319.7,260.7,86.3,115.2,147.1,267.8,306.9
TARVUD_clean,593.9,319.1,258.9,85.9,115.5,146.2,269.8,302.4
TARWAK_clean,545.3,315.1,259.6,85.8,114.1,144.6,271.1,301.2
TARWEO_clean,449.7,271.4,217.7,73.6,95.5,118.9,223.1,259.1
TASFAU_clean,4691.3,1582.0,1901.1,630.3,773.1,896.3,1299.8,1270.7
TASJUT_charged,,,,199.5,342.9,441.2,516.8,512.4
TASVUG_clean,1763.8,640.2,238.7,92.4,154.4,205.4,279.3,275.9
TASWAN_clean,1790.4,660.0,228.9,91.5,155.8,201.8,263.6,274.1
TASWER_clean,1830.4,671.5,230.1,90.9,152.1,207.6,267.9,265.9
TASWIV_clean,1837.4,656.4,230.7,88.5,155.9,202.0,273.8,271.5
TASWOB_clean,1789.8,661.8,235.5,93.2,156.5,209.0,273.2,273.3
TASXIW_clean,1189.6,469.7,202.9,76.8,128.9,170.5,246.3,249.0
TASYUJ_charged,,,,141.2,223.1,286.9,410.1,403.0
TASZAQ_charged,,,,141.5,203.7,259.6,409.7,421.6
TASZEU_charged,,,,127.8,208.2,268.9,375.4,378.9
TATPOV_clean,2775.5,1010.9,267.8,112.8,205.0,255.4,323.1,321.9
TATSAK_clean,2092.9,893.7,279.4,105.4,182.1,237.7,284.1,283.9
TAVSER_clean,3024.3,1962.5,323.8,190.8,341.0,366.2,399.2,656.7
TAWHOO_clean,1804.4,1347.0,173.4,174.4,203.2,206.1,519.2,757.1
TAWSUI_clean,979.5,459.4,144.6,53.2,100.0,126.4,152.2,153.7
TAWTAP_clean,1117.7,553.7,151.3,64.8,119.6,153.2,186.6,189.9
TAWYUO_clean,911.5,381.9,257.9,90.2,134.6,174.8,288.7,291.3
TAYNEN_clean,840.7,408.3,325.2,109.8,155.4,213.3,356.8,388.8
TAZLAJ_clean,1736.1,641.6,246.3,86.4,152.0,204.7,255.3,255.7
TAZLEN_clean,1795.7,669.1,256.6,89.2,155.0,208.6,260.5,267.4
TAZLIR_clean,1723.2,613.5,217.9,85.4,147.2,200.0,250.8,251.2
TAZLOX_clean,1622.9,606.7,223.3,86.3,147.9,191.2,253.1,250.2
TAZLUD_clean,1638.6,614.8,217.7,86.5,149.3,203.5,255.6,255.0
TAZSAP02_clean,522.6,288.8,231.9,78.2,106.6,134.9,251.1,281.2
TAZYAV_clean,628.5,205.6,118.6,43.1,61.2,81.0,131.5,135.1
TEBSAW_clean,1308.0,600.5,262.5,98.7,166.9,224.8,311.6,314.3
TECTUS_clean,694.4,319.0,176.0,69.2,105.2,139.4,213.7,213.7
TECVEE_clean,779.8,372.5,210.5,78.7,129.2,170.3,258.0,258.2
TEDXOR_clean,1465.6,730.1,295.2,122.5,208.0,277.6,349.6,357.5
TEFWIL_clean,5221.2,2095.4,600.6,258.3,476.4,570.6,658.5,657.9
TEFWOR_clean,5423.3,2997.0,602.1,312.9,564.3,621.7,651.9,936.1
TEHRUU_clean,829.4,329.3,239.8,84.0,122.3,159.0,273.8,289.9
TEHWEK_clean,347.8,158.9,122.6,42.1,61.1,77.7,131.2,135.8
TEJBAN_clean,3081.3,1317.7,671.6,247.6,440.6,541.7,756.5,748.4
TEJBOB_clean,2530.1,1068.2,538.2,201.2,312.0,428.8,608.2,620.2
TEJGAS_clean,901.1,375.0,262.3,91.7,135.9,178.4,303.1,314.2
TEJGEW_clean,903.7,384.7,269.7,98.0,142.7,181.4,307.1,320.3
TEJGIA01_clean,891.3,373.1,266.0,93.5,138.5,178.0,304.6,320.9
TEJGIA_clean,901.6,375.7,267.7,93.4,136.8,179.7,299.7,317.3
TEJLOL_clean,909.0,349.6,218.8,77.8,117.1,154.4,256.2,262.0
TEMPAE_clean,2648.8,989.7,408.9,159.8,260.7,348.2,465.6,469.4
TEMPEI_clean,695.5,269.7,241.7,79.6,111.7,135.0,233.3,254.7
TENLIJ_clean,810.9,394.4,208.0,77.8,129.0,168.0,245.5,245.8
TENQOS_clean,1617.9,574.6,301.1,111.3,178.6,225.8,344.7,354.5
TEPJAB_clean,7017.1,4911.3,481.2,389.5,561.7,558.9,1079.4,1917.2
TEQLIM_clean,2215.8,822.1,327.8,127.5,211.8,273.5,360.6,365.0
TEQPAI_clean,1433.6,682.1,207.8,86.3,152.3,199.9,240.8,245.6
TEQPEM_SL,404.7,160.8,131.9,43.2,57.3,73.7,135.4,148.1
TEQVAO_manual,1417.8,674.3,308.4,118.6,200.5,270.7,361.1,357.5
TEQVOC_clean,396.7,329.8,283.1,88.3,112.3,138.4,262.6,303.1
TEQWER01_clean,359.9,157.0,112.2,39.5,58.4,74.6,131.2,141.2
TEQWER_clean,354.1,160.3,116.5,39.2,57.8,77.2,132.3,140.7
TERFED_clean,707.2,337.4,200.2,69.2,111.4,147.8,216.7,216.0
TERFUT_clean,354.4,160.6,126.1,42.6,57.7,74.4,133.4,148.3
TERNUA_clean,899.7,384.0,180.9,68.7,115.2,152.1,216.8,220.0
TESGOO_clean,621.3,337.0,204.8,74.4,120.7,161.7,238.8,240.6
TESGUU_clean,626.2,340.5,199.0,74.6,121.7,160.7,237.4,245.4
TESHAB_clean,619.2,331.4,198.3,74.0,119.4,160.4,240.2,240.9
TETVIZ_clean,611.7,247.1,185.4,63.2,89.9,118.9,206.6,221.8
TETWEW_clean,709.3,264.1,189.5,65.6,95.0,122.8,211.9,226.4
TETZEX_clean,3851.8,1819.6,202.4,117.1,212.8,233.2,258.7,438.3
TETZEZ_clean,3965.3,1438.2,485.7,193.5,322.4,425.0,539.3,530.3
TETZID_clean,1343.4,664.4,354.6,132.6,213.3,284.1,409.1,402.0
TEVHEJ_clean,1275.9,593.0,591.7,187.4,250.8,325.3,410.3,396.3
TEVZEA_clean,610.9,336.0,202.6,74.2,119.9,157.5,240.4,247.3
TEVZIE_clean,622.9,345.8,200.5,75.1,122.4,163.5,238.7,243.6
TEVZOK_clean,604.6,325.8,200.9,74.2,117.9,158.2,240.3,245.1
TEVZUQ_clean,615.2,336.0,201.2,74.1,121.7,161.2,239.0,246.6
TEWFOS_clean,2067.9,1090.7,341.5,152.5,276.5,347.5,409.8,398.9
TEWFUY_clean,1419.0,757.1,297.5,123.4,220.9,283.1,362.5,356.0
TEWGEJ_clean,1501.0,773.3,296.4,128.7,219.0,283.8,358.4,352.7
TEXTOH_clean,803.8,360.7,259.6,92.8,146.1,187.4,309.1,318.5
TEYHIP_charged,,,,134.9,222.1,293.4,403.1,412.6
TEZKAM_clean,1687.3,871.9,282.8,118.0,209.0,268.7,319.8,327.6
TIDKAS_clean,2226.4,1016.5,758.4,276.5,354.4,468.6,673.8,649.1
TIDLEZ_clean,598.0,215.7,148.9,50.7,72.3,94.6,168.9,178.9
TIDLID_clean,403.3,205.4,163.2,54.5,75.9,97.4,175.1,195.1
TIDMEA_clean,694.0,282.3,199.8,68.7,98.9,128.8,230.4,245.7
TIFBOA_clean,212.4,176.7,139.8,45.1,56.4,68.5,127.7,157.5
TIFHAT_charged,,,,90.7,137.2,180.4,291.5,296.5
TIFHEX_charged,,,,90.7,137.0,180.9,289.6,297.2
TIFZIR_clean,923.5,436.0,148.8,61.8,107.2,141.7,183.0,184.2
TIGSOT_clean,477.1,258.9,198.9,68.3,103.3,138.1,222.1,234.6
TIGVUC_clean,1153.2,532.9,310.8,115.1,186.7,237.1,352.3,361.3
TIJPOT_clean,850.7,392.4,314.3,105.0,146.7,188.1,340.4,365.3
TIKMEH_clean,2910.8,1577.0,442.0,201.9,379.8,469.5,526.9,560.9
TILBIB01_clean,2953.5,1160.9,313.8,126.1,233.5,295.9,352.6,347.8
TILBIB_clean,3053.3,1150.0,314.2,132.7,237.8,294.6,357.8,355.3
TILBOH_clean,2626.3,937.4,297.9,115.8,202.5,260.8,344.3,334.3
TILHAZ_clean,421.7,238.3,237.9,78.3,95.2,114.4,195.1,226.3
TILPUA_clean,6775.8,4540.4,745.3,754.1,927.3,1111.0,1756.5,2205.1
TILVOZ_clean,358.8,141.7,108.2,35.7,49.8,62.8,118.3,130.5
TILVUF_clean,224.6,104.1,78.9,26.0,35.1,44.4,82.8,95.6
TILWAM_clean,231.7,102.7,80.3,25.9,36.1,44.6,85.1,95.0
TILWEQ_clean,304.0,121.9,100.6,31.3,40.9,52.4,98.3,107.6
TIMMEI_clean,10729.2,6793.2,1085.3,591.2,962.8,1014.3,1187.5,1898.7
TIPZOJ_clean,1176.8,494.7,373.7,124.7,182.2,247.7,398.6,423.1
TIPZUP_clean,564.1,382.5,344.2,109.2,155.8,195.9,344.2,373.7
TIQGOQ_clean,707.1,324.5,227.1,81.2,120.7,157.8,266.9,272.8
TIQGUW_clean,676.5,310.9,229.1,80.1,117.7,158.1,260.6,275.9
TIQHAD_clean,666.3,308.6,231.8,80.6,117.8,153.9,262.0,289.5
TIQHEH_clean,688.8,317.5,240.7,83.4,120.0,158.5,281.5,290.7
TIQHIL_clean,682.5,316.3,233.7,79.8,124.3,155.7,263.7,303.7
TIRHIL_clean,111.1,91.9,73.7,23.9,27.1,31.8,58.3,75.9
TIRKEM_clean,1156.4,574.5,319.3,105.0,178.1,226.2,320.4,316.8
TIRLIQ_clean,1439.6,702.8,351.3,134.0,231.0,296.6,410.5,407.0
TIRQOB_clean,9237.3,4835.0,699.9,430.2,718.9,772.9,829.7,1366.6
TIRRIW_clean,2442.9,1162.4,294.1,140.8,242.4,307.6,361.7,367.2
TISGUY_clean,245.0,241.9,205.7,64.2,73.4,81.6,141.6,180.0
TISHAF_clean,3492.7,1386.4,344.3,149.4,268.1,341.7,406.9,408.8
TISPAO_clean,711.4,293.8,164.7,62.5,98.7,130.1,192.4,194.0
TIVXOM_charged,,,,74.2,81.2,89.0,141.4,185.1
TIVYAZ01_clean,428.0,164.9,139.5,48.2,62.7,78.9,139.2,152.7
TIVYAZ_clean,654.9,232.8,199.5,60.9,85.0,109.2,180.4,191.0
TIXCIO_clean,1321.2,522.7,207.5,78.8,129.6,176.7,243.3,240.7
TIXMET_clean,851.8,302.4,168.8,60.0,92.6,124.1,194.8,199.8
TIXMIX_clean,309.8,142.0,96.1,33.7,51.7,67.7,112.9,118.1
TIXVON_clean,3860.4,1745.9,371.1,171.3,313.8,394.4,428.6,455.9
TIZVED01_charged,,,,88.6,149.1,194.7,281.3,284.8
TIZVED_charged,,,,87.8,149.0,194.8,281.5,282.0
TIZVIH01_charged,,,,90.4,166.7,206.2,284.0,284.6
TIZVIH_charged,,,,91.8,152.8,203.0,287.9,287.9
TOBJUR_clean,1127.1,399.7,194.9,70.9,113.9,155.9,239.1,238.6
TOBKAY_clean,1159.7,405.9,199.0,70.9,117.3,152.6,234.1,238.7
TOBKEC_clean,1140.8,405.3,197.7,73.0,115.2,152.8,237.5,240.1
TOFLIL_clean,1163.6,509.4,280.7,97.6,166.3,207.7,295.0,296.9
TOFQEM_clean,1798.4,916.2,220.7,102.4,196.8,242.7,272.9,280.7
TOFTIT_clean,854.0,319.8,286.4,94.7,129.5,161.0,269.0,288.0
TOHDAX_clean,14947.6,11380.7,1351.1,1286.6,1380.0,1592.5,4573.8,6499.8
TOHJIL_clean,659.3,274.4,166.9,60.7,92.4,122.3,199.4,204.5
TOHMIO_clean,3402.4,1821.2,392.9,181.8,335.6,405.5,422.5,504.6
TOHQEO_clean,2229.5,1047.6,314.4,137.4,239.3,299.3,355.2,364.3
TOHSAL_clean,3154.7,1109.1,472.8,171.2,269.9,361.4,488.6,464.4
TOHYUL_clean,1729.7,651.8,283.7,106.9,173.6,225.6,338.0,327.6
TOHYUM_clean,1626.1,725.5,239.9,98.9,175.3,234.8,286.5,291.5
TOHZAS_clean,,,,72.4,119.4,160.0,228.6,235.9
TOJLOT_clean,916.3,324.7,231.3,79.0,115.2,151.3,251.3,269.1
TOKDON_clean,851.2,339.2,138.6,52.3,88.4,116.5,168.2,170.1
TOKLEM_clean,1350.4,582.2,275.5,91.7,155.1,209.5,292.7,304.1
TOKLIQ_clean,1068.4,489.2,249.8,90.3,150.1,193.8,270.4,268.5
TOLGOR_clean,1371.2,626.7,292.0,110.9,186.8,245.7,333.1,337.5
TOLYOJ_clean,502.6,214.7,157.0,55.6,80.2,102.3,180.2,193.2
TONBOO_clean,1166.6,654.9,299.1,123.0,217.5,282.7,364.1,361.2
TONBUU_charged,,,,112.5,174.9,231.6,346.5,349.5
TONKIR_clean,,,,257.2,407.3,422.7,576.7,1063.8
TONLOY_clean,797.0,409.7,332.6,112.8,153.2,197.2,361.0,387.4
TONLOZ_clean,1644.3,736.3,214.8,90.2,166.9,213.3,261.9,263.4
TONTIB_clean,4073.9,1473.0,364.6,145.3,269.5,349.1,410.1,413.7
TONTOH_clean,3619.3,1346.9,336.4,140.6,253.3,342.4,409.9,393.0
TONTUN_clean,3829.2,1351.8,338.1,141.7,264.4,331.8,415.8,398.9
TONVAV_clean,3982.3,1474.8,337.8,149.1,261.7,337.1,394.7,407.6
TONWUO01_clean,907.1,469.6,215.3,81.1,137.7,180.4,240.4,236.9
TONWUO_clean,6977.7,5048.7,785.3,503.5,836.8,897.3,1047.0,1814.4
TOPKIT_clean,952.2,366.8,137.3,54.2,91.8,119.3,166.0,168.6
TORJAN_clean,844.8,349.3,224.9,80.5,122.8,163.5,258.5,263.4
TORJER_clean,841.9,360.9,220.9,79.8,124.6,161.0,255.2,264.1
TORJIV_clean,714.7,308.4,188.3,68.4,102.7,139.8,217.1,224.0
TORJOB_clean,857.4,354.4,223.2,80.4,122.1,162.4,255.9,262.6
TORJUH_clean,736.0,312.5,192.6,70.3,103.9,141.0,222.5,224.0
TORKAO_clean,855.0,365.0,224.3,79.6,122.1,164.2,256.0,259.7
TORKES_clean,757.9,305.7,187.0,67.1,103.1,138.1,216.6,222.7
TORPUN_clean,2114.5,800.3,371.3,136.8,229.0,297.3,444.9,436.9
TORXAB_clean,418.3,327.7,268.6,94.0,113.9,139.7,282.8,304.9
TORXEE_clean,3257.3,2085.0,267.4,165.3,268.0,261.5,403.1,734.2
TOTVEF_clean,796.8,517.2,458.4,150.9,229.0,304.2,474.6,492.2
TOVGUI_clean,,,,266.2,346.1,412.2,590.7,579.8
TOVHET_clean,1731.8,726.3,746.2,212.1,270.4,340.5,473.3,491.8
TOVHIX_clean,,,,496.2,815.5,965.9,1019.0,1179.3
TOVHUJ_clean,721.3,257.6,152.9,52.3,81.0,104.0,172.8,177.6
TOVJAP_charged,,,,92.3,159.6,207.0,279.6,279.7
TOVJAR_clean,970.2,333.7,346.2,113.9,138.7,171.8,275.7,294.5
TOVJEV_clean,793.0,273.6,209.0,73.5,99.4,130.1,214.5,226.1
TOVJIZ_clean,911.5,314.7,244.7,86.7,116.3,151.8,250.9,271.1
TOVJOF_clean,1158.5,408.9,288.1,100.9,145.8,190.0,307.6,312.3
TOVJUL_clean,6439.1,2619.2,594.6,272.5,481.8,596.5,665.2,689.7
TOVKAS_clean,,,,130.8,194.5,237.4,359.4,368.2
TOVKEW_clean,1292.0,504.1,448.7,149.7,203.2,255.9,397.6,407.9
TOVKIA_clean,1711.2,626.3,270.4,100.5,161.8,211.8,305.1,299.9
TOVKOG_clean,1743.2,578.3,268.8,98.9,158.6,213.3,313.9,319.9
TOWLIC_clean,797.6,287.3,161.6,58.3,90.0,118.5,191.8,197.2
TOWMOJ_clean,,,,72.7,126.4,166.0,215.7,219.2
TOWNEA_clean,1694.5,597.5,380.8,129.8,193.9,253.4,361.1,383.9
TOWNOK_clean,3610.4,1769.7,314.4,165.7,319.1,365.0,388.2,497.1
TOWNUQ_clean,1820.4,843.9,302.0,117.6,203.9,265.2,331.2,315.4
TOWPEC_clean,3367.1,1313.4,1078.5,378.9,477.5,552.2,760.0,773.8
TOWXEK_clean,3143.7,1374.2,483.1,201.3,339.4,436.7,574.8,570.8
TOXHAR_clean,659.2,326.2,252.9,86.8,129.7,171.5,285.8,298.1
TOXMUQ_clean,1203.3,558.3,137.6,59.7,112.0,141.1,169.7,174.0
TOXNEB_clean,1151.5,536.4,144.9,60.4,110.7,140.7,167.4,175.5
TOXNIF_clean,1870.1,880.2,200.9,89.0,165.7,215.9,250.4,250.8
TOZFOF_clean,1212.0,516.3,539.3,184.1,224.7,268.8,423.9,456.2
TOZHAR_clean,304.5,150.8,118.8,38.7,52.2,66.7,121.9,140.0
TUBCEA_clean,549.1,293.4,200.1,72.5,116.4,153.4,240.3,243.8
TUBJAD_clean,443.8,293.8,244.9,80.2,109.0,138.0,256.5,285.8
TUBLIN_clean,1569.1,736.2,346.7,132.5,220.1,291.6,423.2,420.7
TUBWEU_clean,,,,936.7,1476.8,1628.0,1820.3,2616.6
TUCJAD_clean,1169.5,529.7,208.5,82.0,145.0,186.3,253.1,250.5
TUDQOZ_clean,3008.3,1807.7,633.9,289.1,534.2,620.5,701.3,685.1
TUGTAR_clean,2348.5,1179.8,356.2,152.6,276.0,349.9,424.4,421.7
TUJGAI_clean,6214.7,4755.4,567.3,493.1,643.9,635.3,1525.1,2326.1
TUJGIQ_clean,2070.6,961.7,382.3,151.3,262.2,358.4,450.8,443.0
TUKCOT_clean,2754.7,1265.4,314.5,138.2,252.4,305.7,358.3,360.1
TUMDAI_clean,1391.2,756.1,218.5,97.3,179.8,226.9,268.0,268.5
TUMQID_clean,1112.8,542.5,208.5,84.0,146.7,194.1,256.2,255.7
TUMRIE_clean,1252.9,638.2,221.8,90.7,164.1,211.9,265.1,265.9
TUMROK_clean,1336.2,677.8,220.8,96.2,170.8,221.1,275.6,277.5
TUNJET_clean,2193.6,1096.8,507.9,186.1,312.8,392.0,491.6,514.9
TUPDOZ_clean,1115.6,674.9,240.0,100.5,190.4,233.2,273.0,271.2
TUPGIU_clean,384.9,186.6,146.2,53.1,65.4,83.2,154.7,175.4
TUQWIL01_clean,584.4,300.5,105.2,43.3,77.4,102.8,134.0,131.0
TURDIV_clean,2008.9,874.0,326.4,125.4,220.0,290.0,385.8,386.8
TURDOB_clean,3504.7,1514.0,474.3,191.7,351.8,429.3,542.2,545.5
TURDUH_clean,3602.3,1575.8,481.3,204.6,363.3,450.8,562.9,576.3
TURFAP_clean,1816.6,792.3,322.6,126.2,218.9,283.9,388.1,390.7
TURFET_clean,2049.4,883.6,327.2,130.5,230.7,300.4,394.7,395.7
TUTHIA_clean,942.6,386.6,195.3,73.2,114.7,156.2,228.7,230.6
TUTHOG_clean,1204.4,507.2,216.5,82.4,138.7,185.0,258.7,260.8
TUTJAU_clean,1007.8,457.8,222.1,83.1,137.2,181.5,256.2,260.3
TUWFUN_clean,4074.4,2578.9,240.4,223.9,252.1,259.6,734.3,1088.3
TUYFIE_clean,677.9,376.4,152.7,62.1,114.3,145.9,187.9,192.2
TUYHOL_clean,368.5,250.0,204.1,65.5,83.4,103.6,192.1,229.0
TUYHUR_clean,718.8,237.2,165.1,57.5,83.2,106.4,181.1,192.3
TUYJAZ_clean,751.2,263.4,202.6,68.4,96.0,123.1,213.7,221.1
TUYJED_clean,714.0,238.0,166.2,57.2,81.8,108.2,179.9,189.5
TUYLIJ_clean,2042.4,1488.4,169.7,159.6,194.3,197.9,524.2,754.7
TUYNEI_clean,842.4,405.1,178.5,68.7,119.7,160.4,227.7,224.3
TUZVUH_clean,446.8,245.6,198.7,65.0,84.5,106.1,198.0,228.7
UBACUX_clean,1014.7,393.0,264.1,91.8,132.9,175.2,280.5,292.2
UBECEM_clean,1371.8,551.6,221.6,83.7,142.8,193.0,274.8,278.1
UBIBUF_clean,2049.2,713.2,264.8,99.4,167.9,222.9,306.1,300.9
UBIPAY_clean,1264.0,557.3,253.2,95.8,161.0,215.6,312.8,306.5
UBULIO_SL,562.9,227.6,230.3,74.4,94.3,113.8,192.6,210.6
UBULUA_clean,3786.9,1407.6,397.8,161.2,284.0,355.1,419.6,451.2
UBUMAH_clean,639.9,221.7,147.3,49.7,78.4,96.9,156.7,161.9
UBUROY_clean,93.9,89.1,72.1,22.3,25.7,28.6,48.9,64.6
UCABAE_clean,1256.6,643.0,263.0,104.0,187.0,239.7,310.7,311.8
UCAJUF_clean,4886.4,1761.1,1295.6,401.1,564.9,653.6,848.9,827.4
UCAXEC_clean,882.8,446.3,253.4,89.2,146.9,192.7,279.1,283.5
UCEGAM_clean,171.5,160.2,129.9,41.4,47.8,55.1,98.4,127.0
UCEGEQ_clean,172.4,160.5,131.2,40.9,47.8,56.0,98.9,132.1
UCEXAC_clean,1534.9,677.3,254.6,100.5,174.7,232.1,314.5,306.0
UCEXEG_clean,1551.8,684.5,254.7,101.8,175.5,233.0,305.7,310.4
UCEXIK_clean,1570.2,700.4,257.1,102.7,176.0,232.6,313.5,309.8
UCEXOQ_clean,1588.9,703.8,254.8,101.5,185.7,231.1,312.1,307.7
UCOCUM_neutral,587.3,228.5,147.6,52.5,81.1,107.4,171.4,175.3
UCOHUR_clean,3716.5,1377.5,386.8,164.5,274.1,353.5,415.5,410.1
UCOJAZ_clean,3740.9,1381.5,418.8,180.2,281.8,365.9,444.9,431.6
UCOJED_clean,3778.6,1401.3,403.9,167.0,323.3,358.0,422.5,451.4
UCOJIH_clean,1156.9,408.4,260.0,92.6,134.8,165.7,245.0,254.4
UCOXOZ_clean,2212.6,686.2,362.3,135.0,205.2,281.0,416.4,439.3
UCUJOU_clean,1049.4,404.1,398.1,128.4,166.9,199.7,333.9,338.0
UCUTIW_clean,893.2,342.7,194.4,68.4,105.7,141.5,227.1,234.2
UDALUI_clean,,,,60.9,78.8,97.1,161.3,176.3
UDAMET_clean,676.2,224.8,161.7,54.2,76.6,100.0,174.8,188.4
UDANEV_clean,3517.5,1297.7,278.4,124.4,230.4,284.1,324.1,333.5
UDANIY_clean,464.9,181.4,177.8,55.8,71.6,87.4,148.7,164.0
UDAWOO_clean,764.6,315.1,291.1,92.4,121.8,153.9,250.6,273.5
UDAWUU_clean,462.0,194.3,174.2,55.9,72.9,91.8,163.2,182.2
UDAXAB_clean,815.4,321.7,275.5,89.6,123.9,150.7,244.3,252.9
UDAXEF_clean,674.6,304.4,284.7,90.3,119.8,147.4,237.6,258.1
UDAXIJ_clean,886.6,353.2,303.1,97.0,132.6,166.8,265.8,275.0
UDEMEW_manual,7679.7,3435.8,2239.5,799.1,1159.7,1391.5,1545.1,1540.4
UDICAN_clean,2786.6,1938.1,323.8,196.2,353.4,381.3,411.9,670.9
UDIQII_clean,1118.2,469.9,284.4,87.3,137.7,186.9,299.9,278.4
UDOVOA_clean,3721.0,2042.7,1096.4,435.1,617.9,709.0,830.1,772.1
UDOVUG_charged,,,,133.5,252.0,302.4,323.0,374.1
UDUMIP02_clean,1270.7,477.6,329.6,113.3,161.4,212.5,328.9,332.9
UDUMIP03_clean,1226.2,439.6,311.0,107.9,159.0,200.0,347.4,304.2
UDUMIP_clean,1190.5,445.5,310.3,108.7,156.1,192.9,302.3,311.0
UFASEA_ion_b,722.0,374.2,246.3,90.6,142.5,189.6,324.4,290.8
UFEMIC_clean,201.0,123.6,98.7,32.1,40.2,51.0,93.9,113.8
UFENAW_clean,398.8,152.4,117.1,39.4,54.4,70.4,125.3,136.6
UFEVIL_clean,1341.5,525.7,301.1,109.9,168.8,225.0,352.3,362.2
UFEXEJ_clean,952.7,424.0,222.5,83.2,135.5,180.9,275.4,274.5
UFEXIN_clean,1407.9,639.9,269.1,102.0,175.2,231.6,324.3,324.5
UFEXOT_clean,5761.2,2687.4,565.2,257.9,497.3,578.5,649.9,680.6
UFOFIF_clean,211.3,172.2,139.1,45.0,55.0,69.2,125.2,153.3
UFUNIS_clean,2534.0,1721.3,338.5,186.2,363.3,404.8,426.8,547.2
UFUQIV_clean,1724.6,613.5,291.2,107.9,168.5,232.4,335.1,337.2
UGAQEY_clean,1138.8,529.1,276.7,103.4,169.9,230.6,320.3,316.4
UGELIB_clean,4150.0,2088.6,201.7,123.1,222.8,237.6,272.5,498.5
UGEMOK_clean,7823.2,2487.2,907.0,321.9,511.9,618.1,734.4,705.4
UGOCAW_clean,35408.9,15368.0,4776.8,1763.6,2549.4,2894.3,3051.7,3485.4
UGOFED_clean,1623.0,901.6,284.0,125.1,230.1,287.1,326.9,338.0
UGOSOY_charged,,,,147.2,247.6,332.3,445.2,454.2
UGUGUZ_clean,1153.3,407.1,250.9,88.9,133.8,183.9,294.9,302.7
UGUHAG_clean,1123.9,407.8,245.4,91.8,132.6,174.7,285.7,295.5
UGUHEK_clean,852.6,333.0,251.8,85.2,119.7,159.0,283.1,299.1
UGUQOC_charged,,,,78.8,129.0,174.6,257.7,267.9
UHASED_clean,1819.7,819.2,201.2,88.8,164.0,212.0,247.7,255.9
UHAXUW_clean,1082.5,553.1,289.4,110.5,188.3,245.3,346.3,352.9
UHUPET_clean,4071.6,1378.3,552.0,202.2,321.3,414.7,540.3,535.8
UHUPOD01_clean,2627.0,908.4,914.5,287.9,366.4,416.3,650.3,596.7
UJAQEC_clean,1295.3,558.3,191.1,75.4,134.7,175.1,239.8,234.0
UJAQUS_clean,1785.3,650.8,212.3,83.3,143.6,190.1,258.1,251.7
UJEDIX_clean,1795.1,748.6,393.7,143.0,237.2,309.8,460.8,463.7
UJEGUL_clean,1209.8,664.3,206.9,79.6,154.5,186.3,217.9,217.2
UJILAA_clean,219.9,135.8,127.2,40.3,49.2,57.9,101.7,122.7
UJIZET_clean,936.4,341.1,220.7,76.2,113.9,148.9,251.6,262.3
UJOWEW_clean,327.5,198.8,163.0,54.8,69.4,85.7,160.1,185.6
UJULIW_clean,708.4,403.9,224.8,86.1,147.1,199.5,275.4,274.0
UJUPUM_clean,2486.8,875.3,385.6,137.6,223.9,288.6,410.7,413.4
UJUQIB_clean,733.3,262.5,175.7,61.0,89.1,117.6,198.2,207.8
UKAJOH_clean,3817.9,2509.4,813.1,399.1,679.2,821.2,868.1,940.7
UKAPUS_clean,1232.3,516.2,220.1,84.5,144.1,190.3,271.4,276.3
UKAQAZ_clean,1235.3,531.2,220.4,86.4,144.3,190.3,270.6,278.4
UKAQED_clean,1244.9,534.5,228.7,86.3,145.4,195.3,271.1,279.3
UKAQIH_clean,1246.4,535.7,220.8,84.7,144.0,196.0,275.1,269.9
UKAZEM_clean,186.5,110.6,88.1,28.3,35.3,44.1,82.2,98.7
UKEXEP_clean,1451.7,640.7,318.5,120.3,197.0,269.7,371.6,383.4
UKIQIP_clean,444.4,189.3,150.6,50.6,69.1,89.0,161.5,177.3
UKIQOV_clean,724.6,251.6,183.9,64.6,90.3,116.2,194.5,200.3
UKIQUB_clean,1328.1,474.7,240.5,83.7,130.1,173.2,245.5,248.8
UKOLOV_clean,13057.1,7240.9,790.8,518.2,824.4,847.6,1234.7,2330.6
UKOZOK_clean,1585.5,710.9,289.0,113.6,194.1,244.7,332.8,324.0
UKOZOL_clean,1231.5,481.5,306.9,102.4,156.9,206.5,319.6,332.2
UKUBOS_clean,3134.2,1775.8,340.0,173.8,349.5,386.3,419.7,488.2
UKUBUY_clean,3486.8,1931.0,349.1,186.2,346.4,408.0,421.7,553.0
UKUCAF_clean,3331.3,1882.4,337.2,187.2,354.3,395.7,407.9,543.5
UKUPIB_clean,650.3,248.6,196.1,65.3,91.3,117.1,207.2,225.2
UKUPUL_clean,728.6,331.9,172.8,67.0,112.4,154.5,195.0,198.6
ULAQAB_clean,2011.7,1000.7,360.0,142.1,258.3,327.7,414.3,413.3
ULAQEF_clean,1806.9,838.9,343.3,138.5,235.8,307.9,415.7,410.9
ULASAD_clean,303.8,162.2,131.1,42.5,54.3,66.9,127.0,150.4
ULEGOH_clean,4563.5,2554.0,2961.7,1019.7,1342.5,1548.0,2060.2,2113.5
ULILEI_clean,1369.0,653.7,389.7,131.9,215.1,268.4,365.2,377.3
ULIMIN_clean,1369.8,785.1,329.1,138.2,245.9,307.4,368.4,372.7
ULOGAE_clean,1182.9,460.3,202.0,75.3,123.1,164.1,235.3,231.1
ULOJUC01_clean,872.0,332.4,288.9,95.3,128.7,164.8,250.4,259.2
ULOJUC_clean,701.9,294.2,284.5,89.7,121.7,146.6,244.9,268.3
ULOKAJ_clean,528.2,263.4,267.7,86.4,110.0,129.8,226.4,263.9
ULOKEN_clean,598.8,280.3,288.9,91.4,112.0,135.3,235.6,261.6
ULOKOX_clean,611.6,272.2,269.8,85.2,110.0,131.9,224.9,248.9
ULOKUD01_clean,907.2,371.7,309.3,103.0,138.9,173.4,275.6,281.9
ULOKUD_clean,726.8,283.7,285.8,90.8,123.5,148.1,248.3,278.4
ULOLAK_clean,621.3,287.7,284.4,87.8,113.5,139.2,238.6,257.3
ULOLEO_clean,515.9,270.6,268.4,87.2,105.8,128.8,224.3,244.2
ULOLIS_clean,504.9,254.2,260.8,85.9,106.2,128.6,217.9,243.9
ULOMAL_clean,529.4,259.8,268.6,86.7,109.3,129.2,225.9,250.1
ULUVUT_clean,696.3,289.4,159.9,57.9,94.8,128.1,196.0,202.8
UMABIV_clean,1580.0,658.1,199.5,81.3,145.0,189.9,240.1,239.9
UMABOB_clean,1555.3,649.7,236.4,92.4,163.3,209.8,279.1,283.4
UMALUQ_clean,974.0,362.8,301.0,98.9,144.2,178.1,295.0,306.3
UMARAC_charged,,,,211.9,322.6,413.5,609.5,612.3
UMEDEX_clean,533.5,267.4,275.2,92.1,113.4,135.3,237.9,256.9
UMEDIB_clean,484.4,249.4,252.8,83.3,103.2,122.4,214.4,236.1
UMEDOH_clean,541.7,266.4,275.6,90.8,112.3,137.5,229.2,260.6
UMEHOL_clean,1239.8,564.4,200.7,80.3,143.8,185.5,237.7,240.9
UMEJUT_clean,,,,33.9,46.6,61.2,105.1,116.2
UMEKAA_clean,1690.5,643.6,239.9,81.0,141.7,190.6,246.3,244.6
UMEKEE_clean,355.1,138.6,108.6,36.9,51.0,63.8,114.1,126.8
UMEKII_clean,1113.4,550.9,185.7,77.9,139.0,177.7,224.5,226.1
UMELAB_clean,2099.0,1037.4,287.4,122.7,219.5,279.1,322.9,321.7
UMELEF_clean,1056.2,508.4,195.9,79.4,138.5,184.7,234.9,235.8
UMEPOT_clean,2142.3,1050.9,288.4,125.7,227.0,277.4,313.7,323.7
UMEQAG_clean,1215.2,556.5,202.3,79.5,140.2,184.8,235.6,243.6
UMESIQ_clean,1508.9,710.9,208.7,87.9,162.0,208.5,249.4,254.5
UMESOW_clean,1227.2,554.1,202.1,79.7,139.7,183.2,240.4,239.5
UMEXUF01_clean,734.6,361.3,149.5,59.2,102.1,135.5,184.4,185.3
UMEXUF_clean,760.4,376.6,156.9,61.7,106.5,144.3,195.6,192.2
UMIGAA_clean,1660.4,634.9,213.3,82.7,139.8,182.7,243.3,236.4
UMIZEX_clean,7662.2,3289.5,707.8,323.9,577.4,705.1,748.9,821.8
UMIZIB_clean,7842.3,3348.2,708.7,309.6,558.5,674.6,743.9,777.4
UMOBEF01_clean,838.0,296.7,285.9,96.8,121.0,156.5,248.5,265.7
UMOBEF02_clean,853.2,301.0,286.1,94.2,125.0,149.5,240.2,255.1
UMOBEF03_clean,872.2,311.1,285.1,92.1,123.1,151.2,246.5,266.5
UMOBEF04_clean,929.2,338.4,280.5,95.5,130.4,162.9,249.3,262.3
UMOBEF05_clean,876.0,336.1,282.5,98.1,131.3,163.6,264.8,274.2
UMOBEF06_clean,858.5,335.7,292.8,94.6,131.5,164.6,265.1,254.7
UMOBEF07_clean,858.8,340.1,283.7,96.6,130.4,162.3,252.5,261.6
UMOBEF08_clean,864.9,337.2,281.6,94.3,132.3,166.5,252.4,267.1
UMOBEF09_clean,851.4,338.9,286.0,94.1,132.9,168.1,254.6,259.8
UMOBEF_clean,816.1,284.0,288.8,94.8,122.5,147.3,251.7,272.8
UMODEH01_clean,942.4,337.3,321.9,106.8,138.7,169.4,264.5,285.1
UMODEH03_clean,926.0,338.8,322.6,105.8,139.3,167.4,274.3,292.4
UMODEH04_clean,957.8,325.4,312.3,104.4,136.6,165.5,270.5,277.8
UMODEH05_clean,,,,110.3,151.4,173.8,283.6,294.3
UMODEH06_clean,1008.8,365.1,324.7,106.8,144.2,180.6,269.6,292.1
UMODEH07_clean,993.0,365.8,312.3,108.4,144.0,174.5,272.7,294.4
UMODEH08_clean,1092.6,386.0,309.1,105.3,146.8,182.3,271.9,278.8
UMODEH09_clean,1042.3,395.3,309.2,108.5,156.4,187.2,285.5,281.6
UMODEH10_clean,959.2,409.5,308.8,109.3,148.6,189.2,275.4,280.6
UMODEH11_clean,968.0,386.3,316.1,107.1,145.8,184.2,280.1,275.8
UMODEH12_clean,994.8,400.2,317.9,110.0,150.8,194.7,280.9,290.5
UMODEH13_clean,960.5,384.3,318.5,111.2,152.2,184.6,280.9,284.9
UMODEH14_clean,978.8,344.9,317.4,105.2,143.7,180.5,273.7,294.0
UMODEH15_clean,993.2,336.8,316.1,105.4,142.4,171.4,282.8,284.1
UMODEH16_clean,912.2,333.2,323.5,110.0,137.5,173.0,276.9,299.8
UMODEH17_clean,995.3,353.6,314.5,106.9,137.4,181.4,272.7,285.9
UMODEH18_clean,953.5,333.1,314.7,106.0,134.8,167.3,277.8,285.7
UMODEH19_clean,890.2,330.1,275.0,91.1,124.1,154.9,242.0,256.6
UMODEH20_clean,1032.6,344.4,318.8,106.6,149.4,172.3,280.3,290.5
UMODEH21_clean,981.3,346.2,311.8,107.2,142.2,172.6,270.9,295.3
UMODEH22_clean,978.1,340.8,314.0,108.3,137.4,172.8,276.1,281.1
UMODEH23_clean,931.6,330.1,316.1,106.0,135.4,166.9,275.4,281.7
UMODEH24_clean,960.5,344.9,316.8,104.8,144.6,170.0,279.9,284.1
UMODEH25_clean,1047.8,352.1,319.9,104.7,143.8,172.9,276.1,287.4
UMODEH_clean,958.6,333.5,314.0,103.0,136.3,171.2,275.1,284.8
UMOKIS_clean,1885.8,674.9,357.5,125.5,199.7,248.1,390.8,397.7
UMOVEZ01_clean,868.4,308.4,281.8,94.6,127.9,156.7,251.3,266.8
UMOVEZ02_clean,890.3,306.2,280.3,95.3,128.4,152.7,246.0,264.4
UMOVEZ03_clean,890.0,312.9,282.6,94.7,129.0,164.0,254.1,264.5
UMOVEZ04_clean,848.8,305.8,285.4,95.2,127.6,154.4,259.1,266.8
UMOVEZ05_clean,878.2,308.1,284.5,97.3,127.4,155.3,249.5,264.6
UMOVEZ_clean,863.4,308.5,291.5,95.9,127.6,153.0,256.7,268.9
UMOVID_clean,819.9,295.6,291.3,97.7,124.3,151.7,251.0,258.1
UMOVOJ_clean,825.5,296.4,286.9,95.6,121.5,151.2,241.3,278.2
UMOYOM01_clean,1174.7,381.1,319.0,102.9,145.8,175.6,262.8,282.1
UMOYOM02_clean,1140.9,390.5,310.9,102.5,141.7,174.9,271.1,274.0
UMOYOM03_clean,976.6,335.5,295.0,98.7,132.0,166.7,267.9,276.9
UMOYOM04_clean,1010.5,341.8,300.7,99.2,128.4,162.8,253.5,268.4
UMOYOM06_clean,1019.9,359.5,329.5,114.5,146.2,180.1,292.3,300.4
UMOYOM07_clean,1025.3,365.7,343.6,115.9,152.9,186.8,298.5,317.4
UMOYOM08_clean,936.8,330.2,300.2,99.7,133.2,164.2,264.9,283.6
UMOYOM09_clean,992.0,359.2,309.2,97.8,137.5,169.3,258.4,269.9
UMOYOM10_clean,1021.1,332.4,305.1,99.9,133.8,166.4,265.9,281.8
UMOYOM11_clean,987.6,343.5,293.0,97.8,135.0,169.3,258.1,263.5
UMOYOM12_clean,930.0,325.7,273.3,87.7,121.4,150.7,238.6,263.8
UMOYOM13_clean,1075.9,393.3,291.1,98.4,143.9,172.5,258.9,274.0
UMOYOM14_clean,1158.4,440.2,306.7,102.7,141.9,180.7,263.1,267.5
UMOYOM15_clean,1167.0,420.9,323.8,101.7,139.1,176.4,264.7,270.7
UMOYOM16_clean,1015.8,393.7,294.0,101.3,141.7,174.8,273.8,275.9
UMOYOM17_clean,801.2,323.9,272.0,92.9,127.7,158.8,247.8,248.8
UMOYOM18_clean,1198.3,476.1,315.5,105.2,175.3,189.9,280.6,284.4
UMOYOM19_clean,1040.6,389.9,304.6,101.0,144.6,180.5,268.7,275.9
UMOYOM_clean,1202.2,388.2,317.9,102.1,141.4,171.9,262.2,268.0
UMOZUT_clean,1000.8,345.6,316.1,108.6,147.5,171.1,263.7,294.4
UMUBAH_clean,1049.6,358.0,315.9,103.7,139.8,176.6,285.9,282.1
UMUBEL_clean,984.0,354.3,318.9,107.5,147.4,170.7,274.7,290.4
UMUBIP_clean,981.7,359.4,314.8,102.2,139.2,174.6,273.5,283.8
UMUBOV_clean,1031.1,359.5,315.1,105.0,148.5,172.8,270.0,283.7
UMUXEG_clean,448.0,221.3,175.8,58.4,78.2,97.8,182.3,211.0
UNABIV_charged,,,,134.6,209.4,273.4,408.2,410.0
UNABOB_clean,3157.9,1112.2,421.4,153.7,262.2,347.6,490.2,463.3
UNACES01_clean,3088.6,1621.3,377.5,169.5,296.7,345.3,375.3,425.6
UNADIX_clean,3440.0,1538.0,346.0,153.1,259.6,322.4,363.7,374.6
UNAGOH_clean,1096.8,399.2,165.1,63.9,102.6,136.5,202.9,207.5
UNAGUN_clean,1128.7,400.6,165.5,63.7,104.4,138.3,202.6,206.4
UNECOH_clean,1518.9,559.0,208.1,79.1,134.6,172.4,233.7,235.2
UNECUN_clean,1648.7,624.0,201.7,80.4,135.0,179.0,232.2,231.6
UNIFII_clean,21847.2,8114.0,1428.6,642.6,1033.6,1179.8,1226.2,1607.3
UNIGEE_clean,,,,32.3,41.2,51.3,95.3,113.7
UNIMAG_clean,2347.5,843.5,642.7,264.7,325.4,383.1,592.9,606.1
UNUNEY_clean,4033.4,1347.2,1193.0,413.1,501.1,595.6,818.6,836.8
UPIBOM_clean,451.7,186.0,113.8,40.4,60.0,79.3,128.1,132.7
UQEGII_clean,345.4,262.1,226.6,72.3,91.0,106.1,189.0,229.9
UQERIT_clean,1245.3,615.5,215.6,87.8,160.9,210.0,266.4,259.9
UQETOB_clean,5819.8,2157.4,674.2,239.2,402.0,477.5,537.8,574.1
UQOWUU_clean,1459.8,596.8,256.6,96.8,163.8,222.3,309.4,314.7
UQOYOP_clean,2166.0,1015.0,323.1,134.9,246.2,319.0,386.4,404.0
UQULAU_clean,1732.0,686.5,335.2,123.9,201.0,266.7,403.9,399.6
URENEM_clean,905.0,312.8,167.3,58.3,90.8,119.6,186.3,189.0
UREVIY_clean,961.6,461.7,210.1,81.2,136.9,179.3,253.7,252.6
UREVOE_clean,949.2,445.4,205.9,79.1,135.4,176.6,248.7,256.5
URUVUA_clean,630.7,240.9,170.5,59.8,87.2,116.2,184.2,188.1
URUWEL_clean,433.5,266.6,236.2,76.5,95.4,115.9,210.6,249.7
URUWIP_clean,429.3,265.7,234.2,75.7,94.8,119.5,211.5,246.4
USAHAZ_clean,2942.8,986.3,351.8,124.6,197.1,255.7,332.9,334.1
USAWIW_clean,721.2,284.3,227.1,77.5,109.1,138.2,237.5,254.3
USEVOF_clean,1164.6,469.1,198.0,71.9,123.6,162.7,208.3,215.0
USIRUL_clean,1041.4,640.9,342.6,134.3,242.2,321.1,421.3,420.6
USISEW_clean,1109.1,725.7,345.8,149.9,267.0,350.0,441.8,419.9
USORUR_clean,1975.7,745.3,245.7,97.0,166.3,221.5,297.1,295.0
USOXEH_clean,1411.3,575.7,272.0,100.6,166.0,224.2,324.0,333.4
USOXIL_clean,,,,167.2,292.4,371.1,486.4,573.1
USUBUG_clean,691.7,286.2,155.4,56.6,90.4,120.3,188.7,196.4
USUPUV_clean,372.9,239.1,194.3,63.8,80.7,100.0,187.2,223.7
USUVIP_clean,402.8,207.7,172.7,56.4,77.6,99.6,178.6,197.5
USUWUC_clean,1244.9,528.1,148.5,62.4,113.6,148.4,183.6,185.5
UTACOJ_clean,555.6,242.8,191.2,64.1,86.8,111.8,202.3,223.8
UTACUP_clean,567.4,262.9,226.0,74.8,98.8,124.5,225.4,251.2
UTADIE_clean,467.1,184.1,132.4,45.3,65.8,86.4,149.3,161.3
UTELIQ_clean,2391.0,1031.9,296.4,124.0,221.4,283.4,339.8,335.0
UTEMAJ_clean,2499.0,920.0,311.2,120.1,202.9,273.7,355.8,359.5
UTEWOG_clean,1255.7,468.5,216.4,78.3,128.7,169.4,251.2,251.6
UTEWUM_clean,,,,78.3,126.3,166.4,245.2,246.7
UTEXAT_clean,,,,74.8,120.0,161.0,225.2,228.2
UTEXIB_clean,847.0,354.4,193.5,73.0,112.4,151.0,220.5,224.7
UTOCAJ_clean,3243.2,1469.7,340.1,157.0,296.4,360.2,408.8,419.2
UTOCEN_clean,3295.2,1524.3,338.1,161.5,313.7,363.8,427.8,441.2
UTULEB_clean,488.1,234.4,118.9,40.0,67.9,91.8,124.7,126.1
UTULIF_clean,1537.4,786.5,173.3,77.9,148.2,186.1,219.7,225.7
UTULUR_SL_part,2691.5,1465.9,272.9,144.6,272.2,300.1,297.5,429.3
UVANOW_clean,1142.1,413.7,230.8,82.7,127.0,165.2,245.8,247.9
UVANUC_clean,880.8,398.9,186.6,71.1,118.6,157.6,228.4,228.3
UVEVAT_clean,1256.5,505.7,171.3,67.3,117.6,155.8,207.3,208.5
UVEVUN_clean,6531.5,2400.6,511.2,225.4,396.1,520.0,581.3,583.3
UVEXAV_clean,,,,137.9,220.1,225.6,284.0,455.8
UVINAP_clean,270.0,223.0,181.9,61.1,80.2,97.1,181.2,210.8
UVIPIZ_clean,6440.7,2416.6,495.2,223.2,396.1,469.9,532.8,561.8
UVIPOF_clean,6538.2,2376.8,494.9,212.5,397.1,494.0,522.7,560.4
UVOBUE_clean,534.7,273.5,216.0,71.4,96.4,121.2,225.6,254.7
UVOTOQ_clean,604.7,227.6,181.3,61.1,85.9,109.9,176.4,182.4
UVUCEV_clean,1320.5,666.0,452.9,155.3,243.1,320.6,456.6,449.7
UVUDEW_clean,2238.1,1033.9,870.9,297.1,406.4,543.0,865.9,879.6
UVUDUM_clean,3004.4,1191.6,854.0,316.0,446.3,575.8,895.5,893.5
UVUFUN_clean,4933.4,2240.9,520.3,238.9,433.9,540.3,565.7,610.2
UVUPOR_clean,,,,81.5,137.4,177.2,244.2,244.3
UVUQAE_clean,2259.7,1102.8,315.0,136.7,244.2,316.6,373.1,366.8
UVUQOT_clean,951.2,366.7,281.4,92.9,129.6,162.8,245.8,246.9
UVUWAL_clean,1239.4,585.6,235.1,88.9,149.3,192.2,240.3,241.3
UWALEL_clean,1568.2,660.7,257.2,98.8,168.0,234.6,312.7,301.5
UWELIS_clean,3584.5,1567.9,281.6,135.4,261.3,313.1,345.0,373.6
UWODAN_clean,705.0,298.9,226.8,75.0,113.9,146.1,230.9,242.7
UWOWAF_clean,1429.5,710.0,210.0,90.6,167.8,212.9,256.8,261.6
UWUKII_clean,626.3,243.2,184.6,64.0,92.3,118.6,189.3,197.9
UWUTIQ_clean,2752.2,1245.1,319.6,140.0,260.4,325.8,384.7,390.0
UXABOL_clean,352.3,292.8,239.0,75.9,92.4,110.5,203.7,256.2
UXABUR_clean,315.0,310.0,261.1,81.3,93.3,105.4,176.6,226.6
UXACAY_clean,423.2,287.7,250.9,77.9,95.1,117.2,214.0,260.3
UXAXEY_clean,1921.4,959.2,311.8,128.7,235.4,302.2,362.9,369.5
UXINAR_clean,2376.1,1114.4,285.2,127.4,233.3,305.3,345.3,344.7
UXIQOJ_clean,698.9,265.5,130.5,48.5,78.4,102.8,157.0,158.8
UXISUR_clean,8355.8,3170.1,584.0,288.3,501.5,600.4,655.3,758.3
UXOHOG_clean,1454.9,539.9,282.9,97.1,160.7,204.9,280.4,282.7
UXUNUX_clean,1669.2,581.9,278.6,102.5,164.3,214.0,324.8,317.8
UXUPEJ_clean,1678.9,592.2,280.9,102.2,158.5,218.4,322.6,327.9
UXUPIN_clean,1693.1,620.0,277.7,102.0,163.8,213.9,319.5,319.0
UXUZAP_clean,1096.5,638.0,197.0,87.8,165.9,206.8,240.7,245.7
UYAMIS_clean,1368.4,564.5,386.4,126.5,183.1,245.4,355.1,358.1
UYAMOY_clean,3477.1,1605.9,380.2,167.1,309.9,374.1,423.0,439.0
UYAQAN_clean,567.6,352.7,289.1,96.2,130.4,168.6,294.3,338.6
UYOFIY_clean,2121.6,1103.3,277.2,124.1,227.0,282.1,324.4,336.3
UZANOZ_clean,1005.3,427.1,226.5,85.6,135.8,181.2,273.0,282.3
UZATAR_clean,469.8,235.3,177.5,60.8,90.7,119.0,202.7,213.4
UZEKEQ_clean,776.4,380.0,296.7,104.2,146.7,191.5,335.4,349.7
UZIJUJ_clean,1239.9,508.1,231.2,88.1,142.3,187.7,269.7,268.9
UZIZOU_clean,1737.9,875.8,261.0,107.7,197.0,251.4,295.5,299.1
UZOBAN_clean,1743.3,667.6,251.6,96.4,160.7,208.5,285.6,271.4
UZOBAO_clean,1681.0,865.1,257.4,106.4,191.4,253.1,301.7,295.9
UZOBER_clean,504.9,235.1,181.8,61.5,86.6,111.5,204.1,217.8
UZOBES_clean,1716.0,836.4,259.6,103.9,197.1,250.1,301.6,297.2
UZOBIW_clean,1768.4,903.7,260.9,112.4,205.6,258.1,295.6,301.6
UZUNAF01_clean,1284.3,534.5,375.8,128.3,189.4,246.6,419.4,447.3
UZUNAF_clean,1297.1,517.4,358.2,129.0,188.7,246.1,414.5,435.5
UZUTUG_clean,1042.6,432.5,299.9,97.9,142.1,181.9,264.3,269.6
UZUXOE_clean,1754.6,841.9,849.9,290.0,400.9,448.9,627.6,637.8
UZUZUL_clean,984.7,578.5,145.6,69.6,132.1,163.3,181.6,191.3
VABJIS_clean,377.7,195.2,155.5,50.4,73.8,94.5,165.7,179.8
VABJUE_clean,2007.0,1785.1,303.0,295.9,344.8,541.3,1172.0,1426.1
VABKAL_clean,1959.5,1741.1,298.2,289.9,307.4,449.8,1124.7,1339.9
VABKAN_clean,536.2,253.7,351.0,100.6,131.1,127.8,206.2,228.9
VABKEP_clean,,,,262.4,284.3,339.7,901.3,1355.6
VABKER_clean,583.5,246.0,338.6,99.9,119.2,135.9,206.4,241.4
VACFOV_clean_h,1307.6,543.6,168.9,69.7,126.9,165.4,206.3,215.0
VACFUB01_clean,743.5,304.4,219.3,77.3,107.9,142.2,248.9,267.8
VACFUB_clean_h,737.1,313.2,236.2,83.0,114.6,146.0,262.1,287.1
VACLIX_clean,929.0,421.2,545.6,166.9,210.9,235.3,372.8,413.2
VADWON_clean,1441.6,646.7,445.2,157.3,236.6,318.5,498.2,511.2
VAFWAB_clean,949.0,463.6,167.0,68.9,119.6,156.5,204.2,200.2
VAGBEN_clean,1696.6,756.8,354.1,135.0,223.2,298.0,430.3,432.7
VAGBOX_clean,1046.0,527.8,415.4,150.9,217.9,265.2,444.9,461.9
VAGBUD_clean,525.3,233.4,179.7,61.7,90.7,116.8,201.1,214.7
VAGJET_clean,1131.2,552.7,323.0,119.4,190.4,260.7,385.3,402.1
VAGMAT_clean,446.7,172.5,136.4,45.9,61.6,79.1,144.9,164.5
VAGMEX_clean,438.8,177.0,141.2,45.7,61.6,79.0,144.4,161.2
VAGTAA01_clean,1112.2,460.2,179.4,71.7,118.2,158.9,218.8,219.0
VAGTAA_clean,517.6,205.7,145.2,50.6,72.2,96.6,166.9,176.8
VAGTAB_clean,1934.0,1363.7,403.8,219.2,377.9,407.6,442.3,565.4
VAGTUU_clean,1470.1,720.1,238.6,102.4,182.9,235.1,281.8,279.8
VAHJEW_clean,1351.8,637.9,253.5,103.1,177.7,230.7,308.7,313.4
VAHJIA_clean,835.6,453.6,233.3,93.4,160.8,218.2,284.7,282.0
VAHPUR_clean,952.6,470.0,319.7,117.7,185.9,243.2,363.0,380.7
VAHQAY_clean,943.7,486.8,323.3,114.9,184.9,247.5,359.2,359.3
VAHSON_clean,1181.3,953.3,161.1,122.8,194.4,200.0,279.2,469.0
VAHTOQ_clean,1721.0,800.2,381.3,151.2,238.0,298.9,415.4,418.9
VAHTUW_clean,22279.9,9380.6,2540.4,1060.0,1706.9,1982.8,2236.3,2341.4
VAHVOR_clean,778.7,309.2,158.6,58.1,92.7,125.3,191.3,193.2
VAJGAR_clean,6286.1,3655.5,490.1,282.0,482.3,537.4,594.8,1000.8
VAJTEH_clean,1175.3,584.7,362.3,126.3,206.3,266.9,384.7,381.4
VAJVEJ_clean,2171.1,1454.1,456.7,207.1,405.4,466.0,514.7,527.8
VAKLIF_clean,905.3,317.3,236.5,77.5,110.0,140.3,229.0,237.1
VAKNAZ_clean,903.6,320.6,238.9,77.5,106.0,134.9,217.0,218.3
VAKNED_clean,777.9,277.5,192.4,63.4,94.4,123.8,207.5,217.0
VAKPOP_clean,623.2,271.3,261.7,82.2,106.3,131.4,214.5,234.5
VAKPUV_clean,1232.2,593.1,670.9,208.1,258.2,334.4,480.0,540.7
VAKQAC_clean,646.2,265.5,261.1,82.5,110.6,136.1,218.6,231.0
VALVAI_clean,1291.8,654.5,231.9,95.5,171.7,224.8,279.1,273.0
VALVIQ_clean,1088.5,488.2,226.9,86.1,143.0,195.0,270.8,271.8
VALWUD_clean,3106.6,1076.7,327.9,132.8,234.5,297.4,370.7,406.2
VALXAK_clean,3386.2,1184.8,336.7,135.2,240.5,302.1,378.2,384.7
VALXEO_clean,2979.1,1040.9,337.0,133.8,225.2,292.9,381.2,387.2
VALXIS_clean,3189.9,1133.3,333.4,133.3,236.7,307.6,373.4,400.5
VALXOY_clean,3533.6,1315.0,335.8,138.1,247.1,312.4,387.4,383.8
VAMPUX_clean,2606.0,895.2,285.9,113.1,198.3,263.1,352.5,353.7
VAMQAE_clean,1422.6,507.0,351.7,122.0,178.1,233.5,396.1,422.9
VAMQIM_clean,2548.3,886.0,283.0,112.1,207.7,268.4,341.4,347.2
VAMQOS_clean,2556.7,869.3,286.2,112.1,193.1,260.2,345.9,346.0
VAMYEQ_clean,1989.3,628.1,371.0,120.2,178.1,230.2,326.5,325.1
VAMYIU_clean,,,,119.5,179.6,235.2,331.2,326.9
VAMYOA_clean,,,,469.2,791.5,920.9,931.3,1245.2
VAMYUG_clean,1893.7,613.8,382.9,118.0,172.2,224.3,332.1,340.4
VAMZAN_clean,,,,433.2,782.0,866.8,912.8,1204.6
VAMZER_clean,16933.4,6330.8,1041.4,455.5,778.8,926.1,971.8,1242.3
VANHEA_clean,990.9,375.4,243.6,84.2,124.9,164.5,258.2,266.5
VANNEG_clean,1453.0,521.2,521.6,169.0,205.6,264.1,401.8,432.2
VANNIK_clean,204.0,163.3,190.7,59.0,66.2,74.2,115.0,139.2
VAPBEV_clean,2611.9,1425.5,429.0,217.7,381.9,463.5,521.6,528.9
VAPBIZ_clean,2574.6,1418.3,466.9,209.8,394.4,466.0,517.4,531.3
VAPFUP_clean,390.0,251.6,203.1,68.8,102.1,132.0,232.4,242.6
VAPHOM_clean,840.7,418.3,145.4,57.9,104.8,136.5,179.7,180.0
VAQTUF_clean,881.7,345.6,226.6,75.9,110.5,142.5,211.8,209.4
VARHIH_clean,2540.0,965.1,298.8,114.5,195.8,261.5,324.3,317.8
VARHON_clean,1475.0,541.2,213.1,72.5,123.2,161.3,215.9,217.0
VARJAB_clean,4389.4,2026.2,348.2,150.0,283.6,338.1,350.9,457.0
VARJEF_clean,1849.5,699.4,230.3,90.4,155.8,201.7,271.9,266.9
VARWOC_clean,738.1,277.6,215.9,78.0,100.6,127.7,228.5,256.8
VARWUI_clean,696.3,270.6,208.0,68.9,96.7,123.2,226.2,240.7
VASFAZ_clean,608.4,249.5,172.7,59.9,88.1,115.8,200.7,213.7
VASFED_clean,629.8,259.2,184.6,62.4,92.3,124.9,211.4,219.3
VASFIH_clean,543.0,236.7,180.6,61.2,85.8,111.4,200.3,219.9
VASFON_clean,628.0,258.5,181.6,62.5,92.0,121.0,206.9,220.0
VASFUT_clean,635.9,263.2,179.2,63.3,94.3,123.2,208.1,221.3
VASGUU_clean,2371.2,1003.7,283.3,120.8,213.6,271.3,333.0,331.6
VASKOR_clean,712.4,320.8,170.5,63.4,102.0,137.8,204.9,211.9
VATVIY_clean,1286.3,527.3,391.2,134.9,191.4,260.4,432.7,446.4
VATVOE_clean,1271.3,525.3,386.2,134.6,194.6,258.5,442.9,452.0
VATVUK_clean,927.9,422.2,267.2,98.5,152.3,200.9,324.1,324.5
VATXEU_clean,1111.7,446.5,242.4,88.3,140.5,186.0,285.3,289.0
VATYAR_clean,420.8,168.6,127.1,42.1,61.5,78.3,142.8,152.5
VATYEV_clean,711.2,263.4,154.5,55.5,84.7,113.7,183.3,189.3
VATYIZ_clean,702.2,261.6,156.5,55.0,84.0,113.0,184.1,191.5
VATYOF_clean,669.1,244.4,152.7,54.5,81.6,107.2,181.7,190.4
VAXMUF_clean,1092.4,446.6,315.2,110.2,162.9,214.2,355.9,374.7
VAXTEV_clean,1055.3,464.1,382.4,132.7,185.3,245.6,391.0,407.0
VAZROF_clean,1884.1,1093.5,328.9,147.7,286.4,346.9,391.0,384.8
VAZTOG_clean,224.7,123.8,101.1,32.0,40.3,51.6,94.0,112.6
VAZTUM_clean,3013.3,962.5,351.0,137.1,233.1,299.5,410.9,401.4
VEBHUG_SL,341.0,128.3,99.2,32.5,44.6,56.7,104.4,118.2
VECVUW_clean,2074.3,930.1,340.8,133.0,235.6,311.6,388.5,386.3
VECWUX_clean,566.8,301.5,207.8,74.4,117.0,153.3,235.5,241.3
VECZAG_clean,535.7,207.5,158.0,53.3,73.4,95.5,172.2,189.3
VECZEI_clean,113.5,97.2,73.7,24.5,28.7,34.3,67.6,81.7
VECZEK_clean,245.4,136.4,109.1,35.5,45.2,55.8,106.2,125.2
VEDDIT_charged,,,,156.4,288.9,371.2,406.9,411.2
VEDFAN_clean,2749.1,1207.8,304.8,135.3,241.3,315.5,363.9,368.9
VEDFIV_clean,2843.8,1258.3,331.9,145.6,260.9,341.9,410.1,402.6
VEDFOB_clean,2893.0,1303.7,328.3,147.3,260.6,345.7,391.4,409.9
VEDFUH_clean,2729.3,1149.9,319.6,134.5,241.8,309.6,390.1,384.7
VEDGAO_clean,2801.0,1216.9,333.1,141.2,262.7,330.5,396.8,394.9
VEDGES_clean,3050.8,1285.3,335.6,154.8,262.7,343.1,401.7,400.8
VEDGIW_clean,2945.2,1266.7,350.0,144.4,261.3,341.5,404.3,400.8
VEFMAW_charged,,,,254.9,429.6,517.1,615.1,619.1
VEGBUG_clean,226.0,147.0,158.2,50.1,59.2,67.3,112.6,131.5
VEGCAN_clean,229.5,147.6,158.3,50.1,58.6,68.5,113.1,132.2
VEGMIE01_charged,,,,80.8,118.8,153.9,259.4,271.8
VEGMIE_charged,,,,81.1,121.1,158.8,263.6,272.9
VEGMOK01_charged,,,,85.1,130.5,172.2,267.8,274.1
VEGMOK02_charged,,,,83.5,128.9,170.2,271.5,278.3
VEGMOK03_charged,,,,84.7,133.2,177.1,276.1,280.8
VEGMOK04_charged,,,,84.0,133.4,174.1,272.5,275.5
VEGMOK_charged,,,,87.5,137.2,181.3,279.4,290.1
VEHJID01_clean,271.6,123.9,98.2,32.3,43.9,54.7,99.5,116.7
VEHJID_clean,649.5,253.8,145.5,44.9,73.6,96.9,147.0,150.3
VEHJOJ_clean,1201.0,390.6,201.1,72.0,112.0,150.1,228.2,238.4
VEHJUP_clean,1160.7,371.3,201.1,73.5,108.6,141.1,222.4,226.7
VEHKIE_SL,1339.3,490.9,196.6,72.8,125.3,160.2,225.8,227.9
VEHKOK_charged,,,,105.8,172.5,222.3,278.2,282.9
VEHLAW_clean,915.1,493.3,149.3,63.3,118.8,149.4,185.4,185.3
VEHLIE_clean,808.9,403.4,130.2,53.7,96.7,127.5,160.3,158.3
VEHNAZ_charged,,,,112.8,162.5,210.5,356.9,373.0
VEHPUU_clean,283.7,252.6,192.9,61.8,75.8,90.9,172.3,212.8
VEHRIL_clean,283.1,160.1,131.5,42.7,54.2,67.3,125.3,147.7
VEHXEN_clean,866.2,285.8,273.9,89.8,121.2,147.1,228.4,251.8
VEHYUE_clean,442.0,283.6,238.2,82.1,100.2,123.0,229.6,268.0
VEJHEZ_clean,1083.1,459.4,585.2,185.2,221.3,263.0,400.3,433.2
VEJHID_clean,1432.7,457.4,229.6,82.7,129.0,170.9,264.6,264.5
VEJYIT01_clean,2026.4,805.2,265.5,105.9,184.7,252.0,313.1,311.0
VEJYIT_clean,2162.9,850.9,290.5,110.2,192.3,254.3,335.1,326.9
VEJYOZ_clean,736.6,300.9,170.5,61.9,98.3,127.3,189.7,194.5
VEJZIU_clean,4774.1,1534.4,577.1,202.6,344.6,446.2,551.7,540.8
VELBAQ_clean,907.1,325.6,226.6,75.0,112.5,146.4,239.1,243.4
VELVEO_clean,579.2,291.4,155.8,58.9,96.4,126.8,192.0,193.8
VELVOY_clean,1073.3,391.4,301.3,103.5,141.1,180.0,307.0,323.8
VEMDAT_clean,806.7,403.7,263.5,96.4,148.4,193.0,296.0,296.5
VEMMAC_clean,871.8,311.9,172.2,62.8,95.1,128.7,212.3,214.8
VEMMEG_clean,765.9,267.2,173.7,60.8,88.3,118.9,203.7,207.3
VEMMIK_clean,304.5,146.0,115.4,37.8,50.7,62.4,116.4,135.9
VEMMOQ_clean,757.6,255.1,147.6,52.4,79.5,106.0,175.3,182.5
VEMSUC01_clean,630.3,297.5,145.6,54.2,89.7,122.0,169.5,171.9
VEMSUC_clean,1316.6,647.4,199.5,82.6,149.0,192.5,241.6,242.4
VEQBID_clean,671.4,301.0,251.2,83.6,110.9,139.4,254.1,287.8
VEQBOJ_charged,,,,145.2,176.6,206.5,379.4,465.2
VEQBUP_charged,,,,145.1,183.6,216.6,390.5,475.1
VEQCAW_charged,,,,157.7,180.5,210.7,391.2,479.0
VERPOZ_clean,3857.0,2208.8,999.8,397.0,639.4,834.2,956.6,950.5
VETMIS_clean,650.2,256.0,248.7,83.0,103.6,126.9,212.1,236.4
VETSOE_charged,,,,161.2,205.4,227.6,353.0,388.7
VETTAR_charged,,,,171.2,205.0,244.3,381.9,419.1
VETTIZ_charged,,,,170.8,228.7,260.4,396.7,412.9
VETTOE_clean,890.7,329.3,165.6,59.7,95.8,127.2,200.8,198.3
VEWKUF_clean,569.4,223.2,191.4,63.9,87.2,107.6,186.9,203.3
VEWLAM_clean,906.8,333.0,244.7,84.1,122.0,157.5,267.6,281.9
VEWXAY_clean,3109.6,1271.0,385.0,160.9,282.0,364.7,442.0,439.9
VEXTUO_manual,612.5,246.6,199.3,66.6,91.1,115.8,208.7,226.4
VEXVAW_clean,820.8,296.8,192.8,68.9,101.3,131.8,217.3,225.7
VEXYON_charged,,,,66.6,102.3,136.0,217.6,223.8
VEYREX_clean,1015.3,399.0,250.8,85.6,130.0,172.6,282.6,307.6
VEYREY_clean,7298.9,2560.0,781.5,304.5,521.9,670.3,796.8,815.1
VEYVEC_clean,925.1,473.3,229.7,89.3,158.2,203.4,277.2,307.7
VEYWED_clean,1939.7,821.9,626.2,205.7,301.4,382.7,564.2,549.5
VICDOC_clean,2139.9,1184.4,332.4,146.4,279.4,342.8,394.3,404.0
VICLAW_clean,1706.7,732.3,650.3,223.6,299.9,372.3,622.9,647.9
VICSIL_clean,779.5,344.3,225.4,78.3,122.0,162.7,263.0,267.5
VIDJID_clean,1478.7,559.6,220.8,81.9,139.2,184.1,250.2,250.1
VIDWIQ_clean,1252.4,674.3,228.5,94.1,170.1,222.8,259.5,259.3
VIDXOX_clean,490.8,222.7,174.5,59.1,80.2,104.3,192.7,209.8
VIFBOD_clean,607.2,250.4,174.4,62.2,90.3,117.0,204.1,211.6
VIGDIY_clean,1538.0,666.4,561.5,184.1,269.3,335.1,554.1,590.8
VIJNIN_clean,11647.1,6202.7,580.5,382.3,589.9,582.7,959.7,1813.5
VILXOE_clean,584.9,287.7,149.8,57.0,94.4,125.1,184.7,186.2
VIMRAM_clean,2493.4,909.3,277.4,109.7,194.9,252.6,335.2,327.7
VINHIL_clean,269.7,147.8,123.6,38.9,48.5,59.1,109.5,131.7
VINHOR_clean,1112.8,369.2,232.6,78.3,116.8,153.8,262.2,260.4
VIPYOK_clean,1025.1,531.6,235.4,92.6,158.5,208.8,283.3,282.3
VIQFIL_clean,259.6,155.5,124.3,40.2,51.5,64.3,120.0,144.8
VIQQUJ_clean,1729.6,962.3,212.1,113.0,192.3,232.3,254.1,281.8
VIRKIQ_clean,563.6,269.5,154.3,55.8,90.4,120.0,185.0,190.2
VIRPOC_clean,643.6,257.3,193.7,66.3,93.9,122.8,211.9,227.4
VIRQES_clean,628.9,283.9,198.9,70.2,104.2,140.2,233.8,242.6
VIRVEY_clean,788.4,271.3,146.4,52.7,81.0,109.0,173.1,181.0
VIRXIF_clean,892.6,370.1,167.8,63.1,104.2,139.7,200.8,202.8
VITYOO_clean,2468.7,923.7,304.0,119.5,211.0,269.4,364.3,360.0
VITYUU_clean,1423.0,583.6,230.1,89.4,155.3,207.2,285.9,292.3
VITZAB_clean,1368.0,580.2,223.1,86.9,145.7,194.2,274.1,274.1
VITZEF_clean,1415.0,585.9,231.6,89.3,151.6,200.9,283.1,290.7
VITZIJ_clean,1423.1,606.4,235.1,92.0,157.6,208.5,287.8,286.6
VIVXOP_clean,1008.1,410.7,307.4,107.0,158.7,204.9,339.1,358.1
VIWHUG_clean,826.9,429.0,342.6,121.6,178.2,232.3,391.3,405.8
VIWKIX_clean,1221.2,432.2,291.9,100.6,150.1,194.7,321.2,333.2
VIWKOD_clean,1227.2,433.7,286.6,99.9,148.3,193.5,324.8,336.7
VIWLAQ_clean,1237.1,441.3,289.1,101.1,153.3,196.0,319.8,337.6
VIWLEU_clean,1212.6,450.0,288.3,99.5,150.2,195.1,324.4,339.5
VIWLIY_clean,1286.0,510.5,280.2,103.5,159.8,212.3,325.8,332.9
VIWMAR_clean,1272.3,508.5,281.6,102.4,159.4,215.6,331.4,330.1
VIWMEV_clean,1330.9,512.9,284.0,101.3,162.0,214.6,328.1,330.2
VIWMIZ_clean,10308.4,4514.7,909.9,430.9,750.9,837.4,950.6,1091.3
VIWMOF_clean,10192.9,4366.6,902.3,419.4,757.7,885.4,926.4,1096.8
VIWQUP_clean,2832.5,1235.5,646.5,218.3,322.9,395.2,530.7,503.1
VIWRAW_clean,629.0,315.1,377.1,128.2,138.5,159.7,247.6,282.1
VIWZOR_clean,914.3,342.6,147.5,56.2,94.0,124.9,181.6,182.5
VIXCUB_clean,675.0,251.6,178.7,60.1,90.2,118.4,196.1,206.6
VIXGAM01_clean,320.6,204.4,170.1,55.5,78.0,98.9,175.8,196.1
VIXPUP01_clean,1493.8,524.8,295.8,105.2,162.7,206.3,314.2,330.9
VIXPUP_clean,446.6,185.5,188.4,59.3,76.1,93.3,157.0,170.9
VIXWEF_clean,518.0,259.2,330.0,106.6,121.4,144.9,223.0,246.8
VIYMAT_clean,691.1,300.1,157.9,58.4,93.5,125.4,192.2,194.6
VIYSON_clean,2024.6,1122.7,213.5,111.1,211.5,240.4,254.7,314.0
VIYTAA_clean,2090.9,1176.0,213.2,112.1,207.2,241.7,262.2,323.9
VIYVIK_clean,2083.3,1159.1,215.3,109.8,212.7,243.3,258.7,325.0
VIZSOO_clean,2049.7,707.5,227.5,89.0,157.3,204.4,260.2,263.4
VIZSUU_clean,2046.0,689.5,944.3,312.8,360.4,437.0,623.8,660.2
VIZTIJ_clean,470.6,236.8,245.9,80.4,100.1,118.9,203.1,231.9
VOBGAW_clean,1103.0,529.5,400.3,142.0,210.8,270.4,437.8,461.0
VOBGEA_clean,1138.7,532.7,404.6,139.2,208.5,266.6,445.1,460.3
VOBKAA_clean,1397.6,572.2,235.3,89.8,153.5,204.9,285.8,286.9
VOBRUB_clean,1252.6,553.0,220.2,85.6,144.3,191.7,262.4,275.0
VOCPEK_clean,1292.9,622.1,468.2,165.8,243.6,314.7,514.5,541.3
VOCQAF_clean,863.6,456.3,236.4,90.1,151.2,197.6,279.6,278.3
VODQIP_clean,549.4,239.6,151.1,54.2,84.4,113.5,176.2,181.3
VODSEM_clean,198.2,192.7,158.4,49.3,57.3,65.9,116.9,154.5
VOFFED_clean,345.4,281.1,271.7,85.5,104.5,125.3,223.6,261.7
VOGPEO_clean,1551.1,576.4,252.0,96.7,152.7,196.4,259.3,273.2
VOGTIV_clean_h,757.7,266.6,161.8,57.0,85.6,112.6,187.0,196.4
VOHQIS_clean,2657.0,2063.5,207.8,201.1,246.7,253.8,684.5,1105.8
VOJGOS_clean,2490.5,1055.1,233.0,104.7,194.6,242.5,284.6,295.0
VOKNAM_clean,,,,395.3,575.3,689.0,852.7,834.8
VOLPET_clean,302.3,131.5,102.8,34.0,46.0,58.2,106.5,121.8
VOLQOD_clean,705.3,262.2,203.2,70.1,101.4,130.8,210.2,220.2
VOLRAQ01_clean,274.6,167.0,195.5,59.7,68.9,78.5,129.6,149.9
VONCOS_clean,2613.3,1053.4,341.7,140.1,253.0,345.5,421.7,417.4
VONDEJ_clean,953.8,603.4,216.9,98.3,183.0,227.6,266.2,269.5
VONDIN_clean,3347.9,2431.7,501.4,307.6,510.5,539.7,616.9,1026.4
VONDOT_clean,1665.7,1053.6,316.5,151.6,268.3,345.0,356.1,377.1
VONROH_clean,2303.4,848.4,397.0,124.6,209.8,277.1,399.0,379.4
VONRUN_clean,3843.2,1776.6,438.7,173.8,325.0,402.7,447.1,493.8
VOPCEK_clean,2786.7,1316.8,350.5,155.4,286.8,355.1,422.2,417.4
VOPCIO_clean,1956.8,782.5,404.0,146.5,220.1,290.6,415.7,407.0
VOQXIK_clean,733.3,275.9,186.8,61.1,91.0,119.9,188.8,190.3
VORHER_clean,1574.2,777.2,860.3,280.1,355.3,449.1,564.4,552.2
VOSTUU_clean,862.3,331.5,224.4,78.8,116.5,150.8,234.2,253.3
VOSVAC_clean,,,,167.2,250.6,313.5,498.9,522.5
VOSVEG_clean,3505.1,1606.2,584.7,227.6,379.7,503.1,608.5,559.1
VOSWIL_clean,426.1,241.1,221.7,68.6,86.9,105.2,190.2,218.5
VOTKEW_clean,2409.6,1165.8,288.4,129.2,251.9,313.0,345.8,359.1
VOVKUO_clean,723.0,251.0,183.5,61.4,86.8,117.0,201.5,217.1
VOVQEE_clean,452.8,174.0,138.7,44.4,61.7,80.8,143.6,157.0
VOXKIE_clean,1205.3,496.1,245.4,89.9,150.2,194.0,290.2,296.5
VOXQOQ_clean,1116.4,508.8,263.5,99.2,162.2,216.3,313.7,307.7
VOXTOT_clean,,,,494.0,704.7,840.0,963.2,903.8
VOXTUZ_clean,1381.0,761.0,164.7,74.3,142.9,170.4,186.0,211.1
VOXVAH_clean,3769.7,1847.5,279.7,143.0,266.3,299.9,317.0,427.9
VOXVEL_clean,1864.9,949.4,222.0,103.3,191.9,237.6,271.5,280.4
VOXYUE_clean,217.6,136.0,108.1,34.7,44.7,54.3,101.1,122.3
VOYGOH_clean,497.3,236.2,243.2,78.8,98.7,114.1,200.6,220.9
VOZVAJ01_clean,426.7,228.2,233.8,75.6,96.9,111.6,189.3,217.8
VOZVEN01_clean,754.2,305.5,273.1,86.0,121.9,147.3,232.3,240.3
VOZVIR01_clean,412.6,221.3,232.9,76.5,93.1,110.7,186.5,210.8
VUCTUK_clean,599.4,272.3,186.4,65.8,101.1,134.1,220.8,225.8
VUDQOB_clean,1792.5,807.1,260.5,109.2,193.5,248.2,313.8,320.2
VUDXID_clean,501.0,201.3,160.6,53.7,73.5,93.0,167.7,185.9
VUFBEE_clean,706.0,274.6,139.1,51.5,82.4,108.6,168.0,175.8
VUGWUR_clean,1115.9,473.5,226.2,88.3,143.7,185.8,275.9,280.4
VUGXAY_clean,1078.5,455.2,224.0,84.1,136.9,185.4,269.4,274.6
VUGXEC_clean,1146.4,483.1,238.3,89.6,146.0,192.2,286.2,290.4
VUGXIG_clean,1122.4,486.2,231.3,87.5,145.0,191.2,278.6,287.1
VUGXOM_clean,1085.2,460.6,243.1,86.5,137.1,189.5,275.7,276.1
VUGXUS_clean,1101.0,466.4,238.4,86.2,140.3,189.2,277.9,282.2
VUGYAZ_clean,1108.7,460.1,239.7,87.6,144.7,190.1,286.6,292.9
VUGYED_clean,1053.9,438.7,231.6,85.5,135.5,186.7,275.4,285.6
VUGYIH_clean,1153.1,486.9,224.4,88.6,138.6,187.0,268.7,277.0
VUHJAK_clean,862.7,570.0,285.3,119.5,304.2,277.4,337.0,337.9
VUHMOC_clean,943.2,400.2,293.5,97.1,137.7,177.5,252.7,258.9
VUHNAP_clean,669.4,288.1,275.5,87.0,114.7,143.1,228.3,248.8
VUHNET_clean,495.4,232.3,242.5,79.8,100.9,120.5,196.8,218.0
VUHNIX_clean,825.1,332.9,278.2,89.3,127.0,152.3,243.8,250.3
VUHNUJ_clean,806.2,328.9,281.3,92.0,127.8,161.6,246.1,248.6
VUHPAR_clean,1054.7,425.8,291.2,97.7,144.4,186.6,260.2,269.9
VUHPOF_clean,1046.6,451.2,307.5,99.8,147.0,183.8,263.2,272.1
VUHPUL_clean,1094.7,524.1,303.1,104.5,161.3,203.0,275.2,273.6
VUJBEI_clean,1803.7,611.1,302.3,108.7,172.4,223.2,325.1,321.8
VUJBIM_clean,1778.8,609.8,324.0,107.2,163.9,218.7,321.0,323.5
VUKHOZ_clean,198.0,160.7,142.1,45.8,53.3,63.5,112.0,140.1
VUKJOC_clean,1197.8,615.1,399.1,136.0,205.9,271.6,422.9,391.8
VUKJUI_clean,1239.9,635.0,366.1,134.1,222.0,282.4,371.1,383.0
VUKRUQ_clean,560.0,219.6,169.4,55.8,79.9,104.2,184.8,198.0
VUKSAX_clean,448.0,194.8,150.9,50.6,67.6,85.7,159.4,180.6
VUKSIF_clean,2427.1,1122.3,279.5,117.4,221.6,278.8,323.5,325.6
VUKSOL_clean,512.1,200.1,132.9,46.7,69.2,93.5,156.6,160.5
VUKTAY_clean,1295.4,648.6,307.0,117.9,196.4,261.9,351.9,356.3
VUKTEC_clean,1226.9,611.4,300.7,112.6,189.0,248.1,338.3,339.3
VUKTIG_clean,1165.2,575.0,272.1,105.7,173.7,232.9,320.1,317.7
VUKTOM_clean,1278.5,611.5,285.3,110.5,185.1,241.8,330.2,327.8
VUKTUS_clean,1270.6,583.8,276.9,108.3,180.2,241.9,321.4,320.2
VUKYOR_clean,1053.5,400.8,306.4,102.3,141.7,184.0,265.1,266.0
VUKYUX_clean,811.3,315.1,294.6,93.4,123.6,155.9,251.2,264.4
VULFIT_clean,2421.9,1471.6,316.9,163.4,302.1,354.2,381.9,441.9
VULKIX_clean,1123.3,481.5,202.2,77.6,132.9,173.7,248.8,254.2
VULKOD_clean,1864.3,1016.3,290.5,131.0,246.9,307.4,366.7,364.5
VUMBIQ_clean,538.4,266.8,197.9,70.6,103.8,138.9,219.0,226.7
VUMBOW_clean,769.3,370.4,348.3,105.2,151.0,189.8,323.1,335.8
VUMCEM_clean,2645.6,1470.8,326.1,162.2,323.5,372.3,407.0,437.7
VUMYUZ_clean,2686.3,980.5,594.0,224.5,308.9,409.8,647.5,666.7
VUNHAO_clean,269.3,119.3,99.2,31.2,41.7,52.7,93.8,109.2
VUNNEZ_clean,363.3,189.7,152.6,55.0,70.4,87.8,161.3,183.8
VUQJUN01_clean,1692.0,677.0,245.2,97.1,174.4,226.0,300.7,291.0
VUQKAU01_clean,1762.0,809.2,249.2,105.4,185.5,241.3,301.0,301.7
VUQKAU02_clean,1891.4,851.9,267.9,114.4,199.3,266.7,336.2,323.7
VUQKAU_clean,1995.2,866.9,269.6,110.4,198.3,259.5,325.9,326.3
VUQKOI_clean,545.1,316.3,253.2,84.3,111.1,137.7,258.0,292.6
VURLIF_clean,2572.4,1000.5,230.8,98.7,185.4,233.1,273.6,279.7
VURNED01_clean,1607.3,604.1,228.5,76.0,134.3,174.8,232.7,239.9
VURNED02_clean,1554.8,592.8,228.0,75.1,131.7,173.8,232.8,233.7
VURNED03_clean,1586.6,597.7,231.7,76.1,130.7,175.3,232.7,236.5
VURNED04_clean,784.5,280.3,164.0,49.7,78.6,103.5,160.1,163.2
VURNED_clean,1590.7,581.2,222.2,78.3,126.2,164.5,219.8,223.9
VURYIR_clean,763.3,419.4,338.1,113.8,156.7,198.9,363.9,406.8
VURYOX_clean,265.5,224.9,185.8,59.2,72.5,86.0,160.5,198.7
VUSKAW_clean,235.2,126.0,100.5,32.8,42.0,52.0,96.3,114.9
VUSQIK_charged,,,,162.8,246.3,338.2,479.8,490.0
VUVZAP_clean,958.2,472.7,148.7,63.7,116.0,147.5,185.7,186.0
VUWROW_clean,2090.4,805.7,217.7,87.4,158.3,206.2,255.9,257.2
VUWRUC_clean,2039.2,806.8,244.7,102.9,174.9,228.7,286.2,291.5
VUWSAJ_clean,1503.1,615.1,222.3,85.8,150.0,199.8,276.4,265.8
VUZNOV_clean,4046.2,1453.2,395.8,175.7,293.6,373.5,458.4,458.3
WABTOK_clean,265.0,151.1,121.1,39.3,52.4,64.4,121.1,142.7
WABVIF02_clean,560.0,200.7,120.2,42.1,64.0,84.8,140.9,149.2
WABVIF03_clean,555.4,202.3,120.3,42.1,65.6,86.8,141.6,145.7
WABVIF04_clean,507.6,182.1,118.7,40.9,60.9,79.4,136.2,143.1
WABVIF_clean,520.0,187.1,120.5,41.5,65.5,81.6,138.4,147.3
WABVOL_clean,190.1,145.8,117.6,38.3,46.4,56.1,103.6,126.4
WABVUR_clean,220.3,138.6,117.4,36.4,45.6,55.7,102.9,125.0
WABWAY_clean,203.6,137.0,113.3,36.1,44.5,52.8,99.6,121.6
WABWEC_clean,181.7,131.8,105.2,34.6,40.8,49.1,92.6,114.4
WACLEU_clean,728.0,328.8,161.0,61.1,100.8,134.6,197.3,202.5
WAFKAQ_clean,1354.6,514.9,230.6,86.3,139.8,188.1,278.7,279.1
WAFKEU05_clean,,,,68.5,123.2,160.5,200.7,197.6
WAFKEU06_clean,,,,77.8,141.8,178.9,210.3,214.8
WAFKEU07_clean,,,,67.4,127.9,167.6,201.3,200.1
WAFKIY_clean,1551.3,580.6,220.5,71.9,126.9,168.5,225.0,219.1
WAGDAL_clean,2233.7,1085.4,363.3,147.4,266.1,364.6,427.7,429.0
WAGPOM_clean,585.6,267.5,211.8,68.7,100.8,133.7,229.9,235.1
WAGQAY_clean,866.5,386.1,508.1,146.0,167.3,193.7,311.8,343.4
WAHDIT_clean,300.6,292.2,298.2,81.8,98.7,118.8,203.5,259.5
WAHFUJ01_clean,1824.2,802.6,361.8,137.6,231.3,308.9,441.2,440.1
WAHGIY_clean,1121.5,612.9,300.6,116.0,201.6,267.5,357.2,351.7
WAHKUO_clean,1708.3,543.8,259.0,93.9,156.5,197.3,289.0,296.2
WAHNEB_clean,1486.5,482.5,238.0,87.7,137.6,176.6,265.4,275.4
WAHNIF_clean,1679.4,569.1,256.3,97.5,151.1,201.2,291.6,295.9
WAHNOL_clean,1466.3,483.7,236.8,89.3,136.3,177.0,266.4,268.9
WAHNUQ_charged,,,,155.3,217.7,272.1,463.2,477.9
WAHROP_clean,1726.2,854.2,328.6,129.8,235.2,322.4,364.5,362.5
WAJHOG_clean,762.6,325.3,161.3,61.7,97.8,129.7,190.9,192.3
WAJLEA_charged,,,,111.8,181.1,240.3,355.3,356.0
WAKTOS_clean,331.8,249.9,216.4,68.6,85.2,106.4,211.0,234.4
WALKAY_clean,1345.1,753.3,244.7,105.5,200.2,254.0,299.8,291.8
WAMREJ_clean,1173.6,401.3,207.0,74.4,115.8,152.7,238.5,242.3
WAMRIN01_clean,1772.7,758.0,251.2,102.2,180.6,242.9,289.6,293.7
WAMRIN02_clean,1143.2,494.4,215.1,77.0,130.4,174.7,240.4,243.0
WAMRIN_clean,910.0,397.5,164.5,63.8,106.5,144.7,197.4,199.0
WANBIY_clean,1061.6,548.7,598.8,175.7,210.2,255.6,445.3,501.8
WANBOE_clean,716.8,352.8,304.4,101.0,129.2,160.4,300.5,338.3
WANHAX_clean,2107.6,915.4,340.0,134.3,233.4,289.8,340.9,326.1
WANHEB_clean,1720.1,684.5,318.5,114.3,185.3,243.2,319.5,312.2
WANHIF_clean,982.8,353.1,191.0,68.9,108.8,140.9,206.2,209.3
WANHOL_clean,1391.6,526.1,263.0,94.1,151.9,199.4,267.2,268.3
WANHUR_clean,2041.9,817.8,336.2,124.7,212.9,262.0,334.8,335.6
WANJIF_clean,1016.0,554.9,206.3,92.7,160.0,202.4,256.6,253.0
WANKOO_clean,1433.0,647.5,572.9,178.7,256.3,330.1,544.0,568.5
WANNEH_clean,4134.4,2931.4,599.2,350.5,622.7,684.8,724.4,1115.9
WANNIL_clean,4136.4,2961.9,602.1,346.2,612.6,697.8,734.3,1027.5
WAPSUE_clean,467.2,245.8,205.0,66.9,85.3,105.6,195.8,233.6
WAPTAL_clean,485.5,255.7,222.5,69.8,92.9,110.4,201.8,238.9
WAPTEP_clean,516.6,259.7,226.9,70.2,89.9,110.4,205.7,237.4
WAPTIT_clean,499.4,258.1,223.2,69.7,94.2,110.6,205.8,237.0
WAQDOJ_charged,,,,66.7,99.5,131.2,214.5,222.0
WAQFAX_clean,1817.1,655.8,318.6,116.8,178.0,221.9,329.8,320.5
WAQFAY_clean,,,,157.1,292.0,346.1,372.6,395.0
WAQFIG_clean,464.8,163.1,112.9,39.1,57.2,73.2,128.6,137.4
WAQKUX_clean,1254.8,454.4,230.9,82.1,128.4,164.8,234.6,240.1
WAQTEQ_clean,1437.4,486.8,268.9,96.0,142.5,192.5,286.0,290.6
WARFAY01_clean,3959.0,2736.4,355.0,233.5,327.0,342.1,648.1,1097.1
WARFAY02_clean,,,,92.8,170.0,209.3,239.4,249.7
WARFAY03_clean,1799.3,890.9,237.5,87.0,162.9,202.2,232.2,236.2
WARFAY04_clean,1819.5,1011.4,237.5,89.9,170.1,200.9,230.8,239.6
WARFAY05_clean,1579.5,717.8,212.8,76.6,141.1,178.4,218.1,214.6
WARFAY06_clean,1572.9,712.3,213.2,77.4,139.6,177.8,214.7,215.2
WARFAZ_clean,1050.4,444.6,342.5,119.9,177.9,243.0,371.3,386.8
WARFIG_clean,3939.0,2672.0,346.1,232.4,332.4,337.5,622.3,1060.9
WARJAC_clean,422.4,179.5,138.7,49.2,65.2,85.2,150.7,165.2
WARXUL_clean,1749.7,632.8,298.9,102.0,162.2,209.3,290.1,286.7
WASMUB01_clean,1101.7,585.7,225.4,90.9,164.7,196.0,213.6,219.4
WASMUB02_clean,996.1,528.8,230.2,84.8,159.2,191.9,221.4,223.2
WASMUB_clean,1037.9,574.1,189.4,89.3,166.3,197.3,212.5,220.8
WASPAK_clean,389.8,156.9,119.1,42.1,58.1,75.2,129.5,139.2
WASQEP_clean,1014.8,347.0,298.6,104.5,139.0,169.9,264.7,270.8
WASQIT_clean,1069.0,367.8,303.2,103.0,140.9,172.8,268.6,281.3
WASTUG_clean,461.6,193.6,158.6,52.4,69.9,87.3,162.4,184.6
WASVES_clean,652.0,286.1,225.6,74.4,102.6,127.3,239.2,270.9
WAVQAN_clean,1542.4,773.1,217.3,93.8,174.1,217.9,258.3,258.4
WAVQER_clean,1499.4,752.1,215.5,91.3,166.9,211.4,251.2,252.2
WAVQIV_ion_b,5172.5,1697.7,666.7,237.2,389.0,515.4,701.9,646.9
WAVQOB_clean,5416.4,1803.0,546.6,221.7,366.9,467.5,595.3,603.6
WAVQUH_clean,1227.9,499.5,259.1,91.9,146.7,193.3,282.9,285.7
WAVRAO_clean,3328.0,1322.4,361.6,159.8,268.0,347.0,421.1,425.4
WAVRES_clean,4544.9,1954.4,739.1,308.9,446.1,544.1,618.0,605.7
WAVRIW_clean,5341.4,2681.0,886.6,344.5,526.1,594.3,691.3,674.4
WAVROC_clean,1085.0,406.5,374.7,119.6,164.3,210.8,324.4,339.5
WAWGOQ_clean,525.5,209.6,174.1,60.1,80.7,102.4,175.2,189.1
WAYKAK_clean,818.8,338.3,175.4,64.2,108.9,135.6,210.9,213.8
WAYMAM_clean,596.0,218.8,131.4,47.5,70.5,91.9,158.2,167.4
WAYMEQ_SL,1330.8,565.6,178.7,73.8,130.4,171.3,223.0,223.3
WAYMIU_manual,1423.2,595.7,166.8,69.0,125.5,164.8,207.3,208.3
WAYMOA_manual,1276.3,517.1,168.8,70.2,122.0,157.7,212.8,207.8
WAZCUX_clean,1166.9,622.7,292.3,112.8,193.9,264.9,354.5,357.6
WAZQIZ_clean,1394.8,580.4,317.0,110.6,181.1,238.7,354.6,349.4
WEBJIY_clean,2676.5,1094.9,361.9,134.4,228.3,295.1,348.0,337.3
WEBJOE_clean,1238.4,439.6,216.7,78.1,127.1,159.6,231.1,230.3
WEBJUK_clean,2273.3,820.2,299.4,115.9,193.6,245.7,314.4,310.4
WEBKAR_clean,622.6,256.0,285.6,89.6,113.4,137.1,210.8,226.2
WEBKEV_clean,980.2,370.9,318.6,103.5,143.3,169.1,247.8,260.0
WEBKIX_charged,,,,226.5,408.6,506.7,588.9,613.0
WEBKOD_clean,1255.8,543.7,242.0,92.3,152.6,202.5,285.5,288.6
WEBLAQ_charged,,,,276.5,564.6,615.3,642.1,732.7
WEBREC_clean,1845.5,1036.0,314.5,141.5,259.9,325.3,380.2,382.9
WECBEN_clean,390.1,148.0,108.1,37.5,51.4,67.0,118.9,130.6
WECBOX_clean,368.6,174.9,133.0,45.6,66.4,86.9,141.5,148.8
WECFAN01_clean,422.3,274.8,222.4,74.6,103.3,137.7,242.1,267.8
WECFAN_clean,440.9,260.0,209.5,70.0,99.2,126.9,228.4,247.5
WECJIZ_clean,5402.2,2636.0,900.3,365.8,629.6,798.3,957.1,940.9
WEDQED_clean,1635.2,879.7,330.3,140.8,251.6,321.8,397.1,405.1
WEFCAN_clean,2319.2,984.6,277.5,117.2,213.9,277.0,334.0,340.2
WEFXEM_clean,715.1,307.6,186.2,66.7,102.9,135.3,218.0,224.4
WEFZIS_clean,1858.0,892.9,271.6,112.3,201.6,266.5,329.0,330.9
WEGDIX_charged,,,,94.6,161.0,213.9,297.8,298.0
WEGFUL_clean,942.0,522.9,239.6,96.3,165.2,218.5,288.3,287.6
WEGGAS_clean,981.7,537.4,248.3,98.7,171.8,225.3,295.2,297.7
WEGKIE_clean,1539.1,653.0,655.9,229.3,303.6,340.3,534.0,540.0
WEHHEY_clean,3935.6,1534.7,306.4,150.9,271.9,326.1,375.8,399.9
WEHHIC_clean,3866.9,1505.8,300.7,143.5,268.0,326.2,358.0,380.1
WEHHOI_clean,3949.8,1514.8,302.5,147.2,277.1,339.1,354.8,472.3
WEHHUO_clean,3841.0,1492.1,295.8,152.3,265.0,324.6,350.9,402.4
WEHJAW_clean,1866.2,736.8,222.0,93.6,169.4,217.1,254.1,256.4
WEHJEA_clean,2159.9,719.0,311.4,115.6,180.8,240.4,326.4,336.4
WEHJIE_clean,740.5,280.8,236.0,80.6,110.2,139.8,213.7,218.0
WEHJOK_clean,2238.0,761.3,323.9,118.9,196.1,248.1,334.2,326.6
WEHJUQ_clean,6008.3,2060.7,688.3,266.5,446.8,544.4,639.2,634.1
WEHQAC_charged,,,,76.3,113.8,152.0,246.2,248.3
WEHRIL_charged,,,,74.6,117.2,152.8,242.9,248.2
WEMBUN_clean,658.0,241.0,140.7,50.1,76.7,101.9,166.9,174.7
WEMCAU_clean,836.2,324.0,144.0,52.9,86.3,116.6,170.2,171.5
WEMCEY_clean,315.5,218.7,179.3,61.5,86.5,112.9,195.0,210.4
WEMCIC_clean,333.1,225.8,185.0,63.0,90.6,117.1,204.1,215.6
WEMCOI_clean,326.5,223.9,184.4,62.9,90.7,116.2,202.4,218.3
WEMCUO_clean,329.2,223.5,185.0,63.3,91.1,118.9,205.4,219.1
WEMDAV_clean,333.6,223.1,184.0,63.5,92.5,118.9,204.8,217.2
WEMDID_clean,584.4,211.8,140.1,47.4,72.5,93.2,158.7,165.6
WEMDOJ_clean,616.7,225.1,140.8,49.1,74.0,99.5,165.0,172.8
WEMDUP_clean,618.3,224.4,137.8,48.5,73.4,97.1,162.2,169.3
WEMFAX_clean,615.6,221.9,137.3,48.1,72.9,95.9,159.8,167.3
WEMFEB_clean,636.2,231.0,141.1,50.5,75.5,100.2,166.3,174.1
WEMFIF_clean,642.0,242.8,148.4,50.2,79.7,101.9,170.9,172.9
WEMFOL_clean,669.3,243.3,143.8,50.9,77.3,104.2,170.7,176.4
WEMNAF_clean,1693.9,850.5,293.5,121.2,222.7,286.2,347.1,351.2
WENDIE_clean,1346.9,822.6,216.4,106.0,203.1,249.3,270.6,280.9
WENKEH_clean,496.5,311.5,256.5,84.6,111.6,140.7,261.1,294.1
WENKOR_clean,898.0,414.0,324.4,110.6,161.2,208.3,354.4,385.4
WENKUX_manual,1021.5,453.5,317.2,111.3,166.3,223.1,367.8,373.8
WENLAE_manual,931.1,421.6,310.0,112.3,166.4,209.2,354.1,373.1
WENLEI_clean,957.9,414.7,306.8,107.0,160.2,207.3,346.8,364.8
WERHIK_clean,3503.8,2403.9,208.7,198.1,262.7,263.5,622.0,1019.3
WESYAV_clean,767.3,435.8,175.7,73.2,132.3,171.2,218.6,217.5
WETPES_clean,929.1,369.7,216.5,74.0,115.0,150.6,213.5,214.9
WEVQIX_clean,270.5,243.1,206.7,66.1,76.3,90.1,163.2,206.5
WEVQOD01_clean,240.7,231.0,183.0,58.3,70.2,80.1,143.9,186.2
WEVQOD_clean,270.9,245.1,204.9,64.9,76.6,87.6,161.1,202.4
WEVQUJ_clean,267.4,243.8,203.3,64.4,75.3,88.8,161.0,201.2
WEVRUK_clean,270.3,246.5,209.3,64.7,76.7,88.3,160.4,204.5
WEVZUT_clean,992.1,455.5,359.5,122.4,177.1,230.7,389.5,409.2
WEXSEZ_clean,1396.3,536.4,259.8,89.0,144.1,185.8,253.5,257.2
WEXTAV_clean,552.7,243.1,167.8,60.0,89.7,114.1,194.5,202.6
WEYQAU01_clean,688.2,279.1,122.9,46.2,75.0,100.3,145.5,147.2
WEYQAU02_clean,921.2,401.6,139.5,55.6,98.6,129.1,168.4,174.0
WEYQAU03_clean,945.4,415.3,142.5,57.2,98.6,131.1,172.9,173.6
WEYQAU04_clean,907.7,393.4,150.3,57.5,98.6,133.3,173.4,174.6
WEYQAU05_clean,929.9,401.8,143.1,57.0,98.8,128.3,176.2,172.9
WEYQAU06_clean,913.5,396.4,149.8,56.3,98.0,127.2,174.7,172.7
WEYQAU07_clean,919.2,399.4,141.4,55.4,99.4,127.6,170.4,171.6
WEYQAU08_clean,958.5,404.2,139.8,55.5,97.5,130.0,170.5,170.8
WEYQAU09_clean,944.9,404.2,141.0,57.2,98.4,129.1,171.8,175.9
WEYQAU10_clean,746.0,290.9,119.7,45.7,76.3,101.1,145.9,145.8
WEYQAU12_clean,891.4,384.6,158.0,58.1,97.4,128.8,177.2,176.3
WEZCIO_clean,266.4,231.2,193.5,61.7,73.7,85.9,155.5,197.2
WIBSAD_clean,1197.6,671.5,943.2,319.2,356.6,380.7,605.8,679.8
WICGEV_clean,434.3,248.9,202.3,67.9,92.3,118.0,215.1,238.6
WIDQEG_clean,915.7,322.7,142.7,55.0,86.0,120.0,175.7,175.9
WIDWOX_clean,5646.5,2064.0,1399.8,509.2,706.3,859.7,1178.9,1175.3
WIDZUG_clean,1140.2,469.9,324.5,113.8,179.1,232.6,379.9,389.7
WIFBAQ_clean,528.8,260.9,206.3,69.6,100.0,126.7,224.8,243.8
WIHDUN_clean,467.7,230.2,106.5,41.5,69.9,94.1,134.0,133.9
WIHVAL_clean,436.7,248.5,203.3,68.1,93.4,116.7,216.6,237.8
WIHVEP_clean,426.0,244.2,198.8,67.6,90.6,114.8,210.3,233.3
WIHWAN_clean,2279.9,835.6,355.6,134.8,218.3,289.1,414.9,405.6
WIJDAV_clean,2106.0,979.8,322.5,136.6,234.6,306.0,390.9,388.2
WIJXAQ_clean,,,,108.3,187.5,240.3,314.0,316.0
WIJXEU_clean,1629.3,539.6,345.7,120.4,176.1,229.2,363.2,368.1
WIJXIY_clean,769.8,249.0,198.3,67.2,93.4,118.0,198.5,209.6
WIKGII_clean,2412.6,811.6,695.1,220.9,300.5,368.1,559.0,577.4
WIKLOT_clean,2185.8,795.1,330.1,119.6,203.3,265.5,374.6,380.5
WIKXAQ_clean,362.6,146.3,115.3,38.2,51.5,65.0,123.6,137.0
WIKXUJ_charged,,,,214.1,288.0,358.2,599.7,687.9
WIKYAQ_clean,1238.0,632.9,616.6,202.3,259.7,331.5,564.2,647.2
WILDUR_clean,809.9,434.7,171.4,71.9,127.8,171.1,206.5,206.5
WILFAZ_clean,772.7,409.8,173.6,72.2,122.9,161.3,208.7,211.7
WILGII_clean,1268.5,529.7,237.4,90.8,156.6,203.5,291.0,290.9
WILGUV_clean,1076.6,476.7,340.7,103.9,164.3,212.8,332.8,331.2
WILHIK_clean,1078.2,627.3,227.6,96.1,178.6,233.8,279.2,279.4
WILNEL01_clean,1626.2,709.9,304.5,123.2,192.7,251.5,343.2,348.5
WILRAK_clean,127.9,93.4,75.2,23.5,29.1,34.2,63.7,80.3
WILREO_clean,128.0,91.5,73.7,23.3,28.5,33.9,63.4,78.5
WILRIS_clean,149.6,103.7,80.9,25.8,32.1,38.4,72.5,90.0
WIMWEW_clean,1983.8,870.9,245.4,104.5,192.6,249.4,291.0,290.6
WIMWIA_clean,1141.7,554.6,181.6,75.1,134.1,172.3,216.4,214.0
WINCEC_clean,470.0,235.6,107.2,40.6,71.9,93.4,133.8,135.3
WIPLOY_clean,1194.3,554.4,188.0,76.4,136.6,176.2,234.9,228.5
WIPPIW_clean,3936.3,1473.8,912.8,336.5,469.2,566.1,733.7,693.9
WIPZEC_clean,978.3,502.2,233.2,89.6,148.2,194.3,250.0,250.1
WIRKOZ_clean,22988.0,8871.4,7036.3,2392.3,3101.8,3599.3,4660.0,4493.3
WIRMOB_clean,3222.8,1566.5,460.3,217.1,396.8,471.2,513.0,508.3
WIRMUH_clean,1119.7,503.5,237.5,88.4,145.2,191.1,274.1,272.4
WIRNAO_clean,1820.2,885.7,323.1,124.8,225.6,300.1,365.7,367.2
WISKOA_clean,1124.7,595.6,260.9,104.9,188.5,244.5,299.5,300.7
WISTID_clean,1252.7,690.6,227.2,97.8,181.1,237.3,286.3,280.1
WISVEB_clean,452.9,172.9,136.2,45.7,61.3,78.6,143.1,157.5
WITJOA_clean,2129.2,956.2,308.0,128.4,233.5,342.2,355.9,351.7
WITJUG_clean,2432.9,1029.2,318.6,128.5,226.1,292.7,360.6,360.1
WITKIV_clean,1919.8,707.6,859.7,310.8,349.9,440.0,627.7,687.9
WIVKOD_clean,703.6,272.9,195.0,67.7,97.9,127.9,224.1,237.6
WIVRIE_clean,5973.9,2963.1,718.2,317.3,538.5,606.8,663.1,755.6
WIWKIX_clean,4324.8,2227.0,422.8,202.2,380.7,447.9,463.4,606.3
WIWQOI_clean,594.0,202.2,145.7,49.7,71.8,92.2,162.2,173.0
WIWQUO_clean,602.0,203.3,147.0,49.5,71.3,92.5,167.3,172.4
WIYFAM_clean,1308.3,455.6,200.6,75.8,121.5,162.8,243.3,265.7
WIYMOG_charged,,,,51.1,66.2,81.6,148.8,171.7
WIYWAE_clean,3064.6,1421.4,492.7,202.8,369.7,485.0,584.5,589.0
WIYWEI_clean,2884.3,1316.1,495.2,199.7,347.8,457.9,600.0,587.4
WIYWOS_clean,3040.9,1390.4,495.2,199.3,353.8,460.3,579.6,577.9
WIYWUY_clean,3103.9,1438.8,509.7,199.4,358.9,467.6,594.1,583.5
WIYZOU_clean,444.8,204.0,162.9,54.3,71.9,90.6,167.5,197.4
WIZDEP_clean,757.6,263.4,166.4,56.4,84.4,110.8,227.8,194.5
WIZKOH_clean,2054.9,794.4,226.8,91.8,167.1,255.3,272.2,272.8
WIZMAV02_auto,5062.5,1579.3,679.4,249.3,408.4,521.2,750.9,724.5
WOBHEB_clean,792.2,274.7,156.6,56.1,85.3,115.5,187.7,194.0
WOBHOL_clean,845.4,294.4,153.0,55.1,85.9,114.6,186.2,193.3
WOBHOM_clean,1086.5,405.1,166.7,63.7,121.4,140.6,204.8,204.2
WOBQEL_clean,2406.1,1234.2,317.2,144.6,264.7,328.5,372.9,391.5
WOCWAN_clean,1235.3,565.6,350.2,124.0,202.5,259.3,408.9,408.8
WODFOL_clean,1594.2,976.8,283.3,132.5,263.7,308.7,343.1,355.8
WODREO_clean,3136.9,1621.3,381.1,177.7,334.7,394.8,427.1,477.6
WODVOB_clean,1271.3,507.1,209.2,79.4,133.4,184.2,254.1,252.1
WODXEU_clean,864.8,373.9,221.7,80.6,126.1,167.9,268.7,270.0
WOFWET_clean,119.6,87.3,68.7,21.8,27.5,32.1,60.7,75.5
WOHBIF_clean,991.0,513.8,364.0,138.3,204.1,280.5,449.5,443.9
WOHDON_clean,573.4,197.1,127.0,44.0,65.6,86.1,147.5,156.0
WOHQAN_clean,568.0,283.4,227.2,76.5,106.7,127.7,239.8,276.7
WOHSIV_clean,742.0,446.5,381.2,129.2,174.8,213.2,397.4,440.8
WOHSOB_clean,648.0,460.5,402.4,126.8,165.3,201.7,375.5,450.1
WOJJOV_SL,2436.6,1297.6,271.2,155.4,294.6,316.1,329.8,425.0
WOJYEB_clean,9581.0,6074.1,887.8,570.2,880.6,928.2,1215.9,2111.2
WOJYIF_clean,9450.5,6258.8,929.1,617.5,895.0,894.1,1431.7,2391.2
WOJYOL_clean,9579.2,6279.1,935.6,612.4,905.1,880.8,1417.5,2383.6
WOJYUR_clean,9333.8,5968.6,935.5,597.2,875.7,910.5,1293.6,2195.6
WOJZAY_clean,2169.8,939.4,257.5,110.2,199.1,260.9,308.3,313.6
WOJZEC_clean,2205.9,936.8,267.3,110.2,204.3,260.4,339.3,310.0
WOJZIG_clean,2250.6,937.3,254.9,111.0,199.8,258.1,313.8,304.9
WOJZOM_clean,4824.0,2126.7,366.3,184.3,342.7,415.5,447.7,501.7
WOLMUG_clean,1559.2,680.4,305.9,114.6,188.8,247.4,346.8,350.0
WOLREV_clean,984.8,352.7,319.0,113.2,151.5,184.7,297.0,308.8
WOLRIZ_clean,328.9,152.1,124.5,40.4,54.3,69.0,126.8,142.8
WOLROF_clean,312.6,138.2,134.3,39.2,51.6,64.8,117.6,127.8
WOLYON_clean,460.3,251.6,260.7,82.7,103.2,120.7,212.8,231.1
WOMFAG_clean,,,,3076.9,3740.2,3883.7,4176.9,4273.6
WOMFEK_clean,5577.7,4996.1,352.3,3907.2,4400.8,4570.3,4981.0,4712.8
WOMXED_clean,,,,1008.5,1499.0,1743.9,1895.0,1978.6
WONBAD_clean,1999.7,1069.2,194.7,93.3,169.0,195.5,206.3,276.7
WONJUG_clean,13726.7,9809.1,945.4,724.9,792.9,987.9,3048.3,4463.1
WONZOP_clean,,,,64.8,92.1,122.9,213.9,233.5
WONZUV_clean,,,,43.1,56.8,70.0,130.8,149.6
WOPSAX01_clean,2981.9,1400.2,590.2,220.5,385.0,503.2,678.7,660.6
WOPSAX02_clean,3039.2,1019.0,288.2,116.5,205.3,272.2,348.2,347.0
WOPSAX_clean,2965.2,1033.5,290.3,116.8,210.0,269.6,349.9,347.0
WOPSOL01_clean,3026.6,1048.4,311.4,118.1,238.6,274.5,352.5,351.0
WOPSOL_clean,2670.0,882.6,260.4,104.3,183.8,241.6,319.5,318.8
WOPWOO_clean,754.4,354.9,280.8,97.0,139.2,178.3,301.9,322.8
WOQDUB_charged,,,,66.8,85.9,105.5,192.5,223.6
WOQTUT_clean,1851.9,662.3,483.8,172.0,239.6,305.1,561.6,574.4
WORKOF_clean,1943.4,748.5,365.6,135.6,215.9,272.4,384.1,387.2
WORKUL_clean,1727.7,671.4,268.4,107.8,174.2,230.6,312.6,306.7
WORLAS_clean,1696.0,664.8,268.3,101.3,172.7,224.3,312.0,312.1
WORREC_clean,343.4,147.1,115.3,38.1,51.8,65.2,123.4,136.3
WORSUT_clean,630.5,305.7,242.8,83.3,120.2,153.9,271.1,282.9
WOSHET_clean,424.8,337.5,279.8,91.8,120.1,152.1,281.0,326.5
WOSZEL_charged,,,,183.7,303.7,406.7,561.1,563.8
WOTLOI_clean,390.2,214.3,174.4,58.0,76.7,96.5,180.1,204.2
WOTSEF_clean,1109.7,406.7,177.3,66.2,107.9,144.2,218.3,220.1
WOVDES_clean,1252.5,673.1,391.5,144.8,239.6,326.9,457.1,456.7
WOYHUP_clean,580.6,220.7,133.4,47.7,72.4,92.5,141.9,145.8
WOYJAX_clean,11822.3,4870.3,987.1,429.0,702.5,803.0,765.6,1150.0
WOYJEB_clean,12414.3,4736.8,978.1,436.7,713.3,792.1,817.9,1068.6
WOYJIF_clean,1867.7,706.8,213.7,86.7,155.1,200.7,249.2,254.4
WOYJOL_clean,10868.0,4044.3,851.8,434.3,646.7,753.2,802.5,955.9
WOYWIS_clean,3252.4,1653.0,539.2,223.2,402.9,475.3,534.0,582.7
WOYWOY_clean,2536.2,1374.3,398.2,185.6,343.6,402.4,428.8,453.1
WOZGUP_clean,2337.9,888.8,387.6,149.0,238.1,320.3,432.2,425.9
WOZSOT_charged,,,,137.2,191.7,251.3,431.0,450.2
WOZWEP_clean,2361.7,1035.2,326.7,149.2,242.8,320.7,403.4,398.3
WUCRUH_clean,646.1,355.5,182.3,72.1,125.4,165.2,227.5,227.1
WUDTUM_clean,409.0,319.6,353.2,92.4,116.8,136.9,248.2,295.0
WUDVEY_clean,410.9,299.5,270.6,91.6,112.9,135.6,245.3,292.3
WUDYUR_clean,1517.6,765.6,763.3,253.8,362.9,450.9,586.3,563.3
WUDZAY_clean,,,,184.3,284.7,357.5,463.2,473.7
WUDZIG_clean,1004.8,391.9,289.9,99.4,135.6,180.0,257.8,273.0
WUDZOM_clean,903.3,363.6,282.1,94.6,132.5,167.9,252.1,266.3
WUDZUS_clean,,,,98.9,137.3,170.0,260.4,279.6
WUGPUL_clean,1141.5,392.9,199.9,69.0,113.3,145.0,205.3,213.2
WUGQAS_clean,1102.6,384.5,190.2,69.4,109.1,144.4,208.1,209.2
WUHJIT_clean,495.8,192.0,145.3,49.3,69.8,91.2,161.1,170.2
WUJPIC_clean,561.6,257.9,167.0,52.4,85.4,111.6,164.9,168.2
WUKXEH_clean,1473.1,500.0,662.9,207.5,243.3,285.4,403.8,450.0
WULJUJ_clean,8166.6,3024.7,591.5,277.8,514.0,600.0,641.0,744.3
WULKAQ_clean,8296.7,3015.9,568.6,278.2,521.2,600.3,646.3,743.0
WULQUR_clean,703.2,246.6,128.7,46.6,77.6,97.6,154.6,158.6
WUNSEE01_charged,,,,116.7,211.4,269.8,318.2,318.6
WUNSEE02_charged,,,,113.6,194.7,254.5,323.7,315.3
WUNSEE_charged,,,,117.2,208.6,280.2,322.5,319.2
WUNSII01_charged,,,,115.4,208.9,263.5,323.4,324.3
WUNSII02_charged,,,,115.2,206.1,261.2,326.7,324.4
WUNSII_charged,,,,123.4,217.7,270.9,347.8,335.4
WUNTAB_charged,,,,113.0,191.1,252.8,324.1,323.6
WUNTEF_clean,1386.0,669.0,254.1,101.1,178.2,228.0,290.1,285.8
WUNTIJ_clean,1393.6,659.6,247.1,103.8,171.9,228.2,285.1,284.9
WUNTOP_clean,1386.1,649.4,254.5,101.6,174.3,226.9,298.1,284.5
WUNTUV_clean,1344.6,632.4,252.3,98.7,175.3,224.1,283.2,279.9
WUNVAD_clean,1400.8,655.4,260.7,105.2,174.5,232.0,297.0,284.2
WUNVEH_charged,,,,119.1,188.9,252.4,328.2,328.3
WUNVIL_charged,,,,110.6,192.9,254.6,313.8,316.9
WUNVOR_clean,1445.1,678.5,260.2,105.8,174.8,227.6,295.7,290.8
WUNVUX_clean,1329.3,683.0,255.5,99.6,175.3,233.2,290.2,284.4
WUPZUE_clean,759.5,390.1,165.3,66.6,114.4,153.1,207.9,205.0
WURKEB_clean,1039.2,409.7,189.7,71.0,111.3,147.4,217.9,216.4
WURNOO_clean,921.8,393.6,419.5,127.9,166.2,215.1,340.7,383.5
WUSCUJ_clean,213.0,131.4,106.8,33.1,42.5,51.5,97.6,116.9
WUSGIC_clean,1145.1,485.4,225.4,84.4,140.6,188.2,268.4,269.5
WUSLED_clean,1283.0,429.6,229.1,83.5,128.5,200.6,262.3,271.3
WUSSEK_clean,1752.7,652.1,325.1,116.8,187.9,248.1,370.1,379.0
WUSXEP_clean,3310.0,1263.8,284.7,136.2,240.9,317.9,332.2,357.8
WUTBES_clean,989.8,423.1,300.3,106.0,161.0,208.9,356.1,360.9
WUTBEU_clean,194.3,93.2,71.4,24.0,32.2,42.0,74.8,86.9
WUTBIW_clean,934.7,425.6,295.9,104.8,160.4,209.4,339.9,353.9
WUTBOC_clean,948.3,437.1,304.9,107.2,167.0,218.8,349.3,357.6
WUTBUI_clean,951.7,418.4,298.5,105.4,157.5,207.3,342.5,353.4
WUTCAP_clean,948.3,438.6,302.2,108.7,167.2,217.8,359.0,363.9
WUTCET_clean,1816.8,852.8,336.1,119.5,209.4,261.0,312.4,325.4
WUTKIG_clean,926.1,355.4,220.0,80.9,121.2,159.2,261.2,270.0
WUWQEL_clean,463.4,249.2,201.1,66.8,88.3,110.2,222.7,237.8
WUYLOS_clean,,,,52.3,68.1,86.5,158.2,181.1
WUYWIY_clean,380.9,176.1,143.1,47.0,63.1,82.1,147.5,164.9
WUYWOE_clean,1505.4,518.6,287.2,104.8,164.3,209.2,335.4,333.2
WUYWUK_clean,403.1,176.5,140.4,47.0,63.8,81.4,150.4,165.3
WUYXAR_clean,374.9,174.0,141.1,46.3,62.3,79.8,146.1,163.0
WUYXEV_clean,1610.4,569.5,311.7,105.1,169.1,220.3,338.3,337.7
WUYXIZ_clean,1536.3,537.5,280.2,104.2,159.0,212.0,324.4,323.0
WUYXOF_clean,356.3,172.8,140.4,46.6,63.2,77.9,144.6,162.5
WUYXUL_clean,1598.8,554.1,295.9,103.2,165.6,213.7,331.6,335.6
WUYYAS_clean,1576.0,556.1,286.0,104.1,166.2,219.5,326.6,331.2
WUYYEW_clean,1525.7,549.2,282.8,102.1,160.4,211.4,322.8,326.3
WUYYOG_clean,474.7,201.9,157.5,53.0,74.0,95.0,169.8,185.3
WUZDOL_clean,887.9,345.8,261.1,91.0,127.9,160.8,296.5,292.4
WUZGAB_clean,1448.5,499.6,288.6,103.9,158.7,205.4,327.1,335.4
WUZQOZ_clean,668.1,255.9,178.5,62.9,89.7,118.6,207.0,216.5
XACGIT_charged,,,,112.2,153.1,194.8,345.4,392.7
XACQAT_clean,3124.9,2407.6,250.3,237.6,306.7,312.6,729.7,1192.4
XACSIG_clean,1012.9,479.9,310.0,114.4,174.5,232.3,345.6,372.3
XACYAB_clean,3846.6,2101.0,307.5,168.7,315.4,353.3,371.3,570.3
XACZEH_clean,368.5,224.7,185.7,60.1,78.1,96.4,178.5,205.4
XADCEM_clean,1537.7,603.0,174.2,70.1,128.5,163.4,212.0,211.1
XADDAJ01_clean,4758.3,1971.6,381.5,177.4,329.0,408.4,460.6,485.1
XADDAJ_clean,5001.7,2011.0,407.8,186.6,358.2,440.3,484.3,516.1
XADDEN_manual,596.5,226.9,147.6,55.0,81.2,108.2,173.2,177.9
XADDIR_manual,590.0,222.4,147.4,52.2,80.3,106.9,170.0,176.7
XADDOX_clean,779.9,302.5,212.3,73.7,110.2,138.5,228.4,241.1
XADDUD_clean,2100.5,785.4,312.7,118.4,203.9,263.8,362.9,370.2
XADGAM_clean,819.8,534.3,212.2,94.9,180.0,223.3,255.9,256.1
XADGOA_clean,617.9,289.0,146.6,55.8,90.3,119.4,179.5,180.0
XAFBEN_clean,1824.2,901.7,210.9,97.1,183.9,232.1,257.8,269.4
XAFFAN_clean,434.8,171.0,135.8,45.1,61.1,77.8,140.1,159.2
XAFFER_clean,419.1,168.1,132.2,43.7,60.1,76.5,136.2,156.9
XAFFIV_clean,415.2,169.7,134.1,45.4,60.7,77.0,141.2,158.7
XAFFOB_clean,425.4,176.7,138.0,46.4,62.2,77.9,146.5,163.0
XAFFUH_clean,560.0,222.3,219.3,72.1,93.5,112.7,183.8,200.3
XAFXOT_clean,642.6,355.6,282.1,96.5,142.4,184.1,320.8,340.6
XAGPUT_clean,877.7,337.5,138.8,52.9,88.5,117.7,170.8,172.3
XAHPAZ_clean,701.8,243.9,172.4,58.0,84.3,109.5,190.5,199.6
XAHPED_clean,387.3,170.1,147.8,48.4,62.9,77.9,140.1,162.2
XAHPIH_clean,313.3,145.3,123.3,40.3,52.0,65.7,118.1,135.3
XAHPON_clean,675.6,227.1,179.8,60.4,83.3,106.0,183.3,196.2
XAHPUT_clean,132.2,109.5,112.1,34.9,39.7,45.0,75.4,92.0
XAHQAA_clean,128.2,105.3,105.3,33.0,37.9,42.4,70.9,87.8
XAHWAG_clean,529.0,197.0,100.3,36.3,57.7,77.5,121.2,124.0
XAJQAC_SL,1327.6,544.0,183.8,74.1,132.6,173.5,224.8,220.0
XAJSEJ_clean,1292.8,436.6,147.8,58.2,102.7,132.2,182.7,180.1
XAKLIH_clean,1904.8,1097.9,317.5,147.6,273.7,327.8,344.9,372.9
XAKQOR_clean,2044.6,857.9,302.6,121.5,212.2,283.2,368.3,365.6
XAKVUB_clean,1684.0,1553.9,182.7,222.4,328.9,546.0,1080.7,1264.9
XAKYUE_clean,641.5,326.5,351.9,120.3,147.5,179.4,305.4,321.2
XAKZAL_clean,859.5,481.2,522.0,177.4,218.1,262.7,390.3,452.9
XAKZEP_clean,590.4,304.2,322.1,101.7,127.8,159.4,260.5,279.8
XAKZIT_clean,2589.6,1069.8,916.7,329.6,420.4,464.0,663.0,675.1
XAKZOZ_clean,593.5,289.3,309.0,98.9,134.7,156.7,254.9,292.6
XAKZUF_clean,3050.8,1223.9,1026.7,327.8,471.1,543.5,754.6,766.0
XALBAO_clean,2819.4,1153.0,955.8,331.5,496.0,558.1,752.6,711.4
XALBES_clean,619.9,318.0,337.2,107.2,140.1,167.9,286.7,295.6
XALBIW_clean,652.5,317.2,331.0,113.1,138.8,174.5,295.8,299.2
XALBUI_clean,3091.9,1257.2,977.5,359.2,451.6,584.5,762.6,737.5
XALCAP_clean,638.1,343.7,349.6,118.5,150.2,194.3,308.9,326.8
XALCET_clean,640.0,331.0,355.6,115.2,146.9,185.0,316.4,324.6
XALCIX_clean,3847.1,1719.4,1468.2,514.9,687.5,830.0,1094.9,1179.9
XALCOD_clean,3793.8,1751.4,1501.3,500.8,697.2,825.3,1121.4,1036.3
XALCUJ_clean,848.2,429.8,500.8,162.5,227.7,254.5,428.9,444.1
XALDAQ_clean,767.9,447.2,518.7,169.1,227.8,272.8,406.6,447.2
XALDAS_clean,1859.4,661.0,262.3,103.8,168.1,223.0,302.2,307.4
XALDEU_clean,756.5,443.7,524.8,170.7,209.1,254.1,409.7,424.5
XALDIY_clean,806.1,446.7,497.3,174.7,217.9,258.7,415.6,443.3
XALDOE_clean,824.2,460.4,533.2,174.7,210.4,274.5,443.0,452.5
XALMII_clean,2575.4,904.0,360.1,139.3,224.8,291.6,413.7,409.8
XALTIP_clean,554.7,194.1,143.2,48.0,70.9,88.2,155.8,168.3
XALXUF01_clean,4991.8,1744.7,419.9,179.5,326.1,408.4,483.4,480.7
XALXUF_clean,4887.2,1785.1,425.2,185.4,324.6,416.8,504.4,490.1
XAMDUM01_clean,594.9,226.4,151.2,53.4,82.8,108.0,173.2,177.7
XAMDUM02_clean,600.2,232.5,150.2,53.9,83.3,111.4,173.6,177.8
XAMDUM03_clean,592.7,234.1,150.7,53.9,84.8,110.3,175.5,178.6
XAMDUM04_clean,653.9,251.4,155.2,55.4,87.8,116.2,175.0,181.0
XAMDUM05_clean,614.3,235.1,150.3,54.3,85.1,112.2,176.2,178.3
XAMDUM06_clean,591.2,227.5,151.9,53.1,81.5,108.5,173.4,178.7
XAMDUM07_clean,,,,53.3,81.4,106.8,173.2,177.3
XAMDUM_clean,588.0,227.2,153.1,53.5,84.5,108.1,173.2,178.8
XAMGUQ_clean,3575.2,1301.3,529.8,198.1,326.6,419.2,569.2,556.8
XAMHEA_manual,490.1,186.6,140.1,48.3,70.6,88.6,152.8,162.4
XANKOO_clean,6110.6,2113.9,1140.9,420.7,562.3,705.3,877.7,908.6
XANLAA_clean,2839.8,1094.5,290.0,121.1,216.4,277.4,338.8,350.3
XANLEE_clean,2901.4,1101.0,286.6,121.4,221.0,273.7,337.9,343.3
XANMIJ_clean,861.3,315.4,192.5,69.5,102.5,136.4,226.2,234.2
XANMUX01_clean,542.4,219.4,193.9,55.3,79.2,103.6,181.6,198.0
XANMUX02_clean,569.9,225.4,203.7,58.0,81.2,110.9,188.2,202.5
XANMUX03_clean,606.7,227.7,195.4,56.2,79.6,104.1,185.3,201.8
XANMUX04_clean,632.7,235.7,201.1,59.5,86.0,111.3,191.9,208.8
XANMUX05_clean,634.3,252.8,202.1,58.6,87.1,113.5,193.0,204.0
XANMUX06_clean,824.3,302.2,200.0,60.7,96.4,120.5,198.8,204.3
XANMUX07_clean,643.0,247.6,199.8,58.0,85.7,110.0,191.1,202.7
XANMUX08_clean,1413.9,628.2,196.2,71.8,133.1,168.4,199.3,203.2
XANMUX_clean,577.8,224.7,202.6,58.8,81.5,106.6,194.6,204.3
XANZAQ01_clean,1159.1,398.4,264.5,80.0,123.3,161.6,260.4,269.7
XANZAQ02_clean,1122.4,391.4,267.9,78.7,123.4,165.7,262.5,267.7
XANZAQ03_clean,444.0,169.7,147.9,44.1,60.0,76.4,139.9,152.9
XANZAQ04_clean,702.6,245.9,192.8,55.4,82.4,108.3,185.2,192.4
XANZAQ05_clean,681.8,249.8,195.1,57.1,83.5,109.8,189.6,203.0
XANZAQ06_clean,741.5,262.7,195.9,57.2,84.9,111.9,189.7,201.2
XANZAQ07_clean,723.3,252.6,193.2,58.8,90.6,113.3,189.0,200.2
XANZAQ08_clean,674.9,243.2,193.8,56.7,83.7,110.1,186.8,196.4
XANZAQ_clean,620.8,225.7,194.1,57.9,79.9,103.1,181.7,194.4
XAPCOH_clean,3813.0,1412.6,390.2,160.9,270.6,341.7,409.0,430.6
XAPCOJ01_clean,790.1,297.0,136.8,50.7,81.7,109.8,167.4,166.3
XAPCOJ02_clean,782.8,305.5,137.4,50.7,82.3,109.4,165.0,167.4
XAPCOJ03_clean,764.5,296.1,137.0,51.5,84.3,109.9,167.7,166.8
XAPCOJ04_clean,776.8,296.3,137.0,50.4,83.4,113.1,167.1,168.6
XAPCOJ05_clean,763.6,293.2,141.7,50.2,81.8,109.2,164.2,171.0
XAPCOJ06_clean,749.7,289.5,142.7,50.1,81.9,110.0,166.6,167.9
XAPCOJ07_clean,786.4,298.2,138.2,51.1,83.6,110.5,166.9,168.8
XAPCOJ_clean,804.8,305.8,137.5,53.4,83.8,110.3,164.9,168.4
XAPCUN_clean,3711.4,1352.8,386.4,160.0,272.1,336.2,411.1,397.9
XAPDAU_clean,3786.8,1362.8,388.6,158.5,281.7,343.6,413.5,421.3
XAPDEY_clean,3915.0,1433.0,415.6,163.1,297.6,358.1,427.4,442.2
XAPGAZ_clean,2420.3,755.6,362.1,130.7,206.4,267.6,400.3,398.9
XAPGED_clean,2149.8,668.0,327.0,119.8,192.3,239.7,364.5,369.6
XAPGOK_clean,872.3,354.6,154.5,58.1,96.0,128.3,190.4,188.3
XAPGUQ_clean,504.0,198.0,119.1,43.7,66.3,87.7,145.3,147.6
XAPNIN_clean,659.0,245.4,129.5,48.0,74.0,98.6,156.0,162.3
XAPSIS_clean,539.9,208.6,125.9,44.7,69.7,90.0,147.5,153.1
XAPTEQ_clean,1261.9,664.3,234.1,97.7,177.9,226.0,275.4,273.3
XAPTUE_clean,941.7,400.3,186.6,70.2,116.5,154.2,225.2,226.6
XARPAK_clean,921.5,363.1,191.9,68.1,109.5,149.6,219.0,222.7
XASFAY_clean,1554.6,651.5,352.9,129.9,204.2,270.6,412.5,409.6
XASJUZ_clean,1068.3,449.9,213.0,79.6,137.2,175.9,253.6,257.2
XASNUD_clean,5428.2,2027.8,403.5,181.8,331.0,405.6,462.5,475.5
XASPEP_clean,1703.4,645.8,216.1,81.3,139.3,182.8,232.5,230.9
XATLIQ_clean,1537.6,565.8,259.8,95.9,157.5,210.8,308.4,317.3
XATZOK_clean,827.1,310.9,176.9,64.6,99.5,133.1,204.8,208.1
XATZUQ_clean,949.1,364.1,248.6,87.7,129.4,166.6,269.6,271.6
XAVDEF_clean_h,776.0,271.6,160.1,56.1,85.6,113.7,184.5,189.1
XAVKIR_clean,5428.3,1908.4,1556.9,526.9,702.9,873.8,1091.1,1054.3
XAVQIU01_clean,549.3,213.7,144.7,49.3,75.6,96.2,160.7,171.0
XAVQIU_clean,561.4,215.9,140.9,48.5,73.6,96.8,164.4,168.8
XAWVUN_clean,307.1,147.2,117.6,38.6,50.2,62.7,118.1,139.7
XAYMUF_charged,,,,90.4,167.9,214.7,250.0,254.5
XAZFEJ_clean,696.7,281.1,192.4,66.6,100.0,133.0,220.3,238.1
XAZGAG_charged,,,,96.1,112.1,130.5,240.6,285.2
XAZGEK_clean,1243.8,458.1,352.3,116.5,166.1,217.6,377.3,404.4
XEBHOC_clean,310.1,150.9,121.0,39.5,51.8,63.7,120.9,140.2
XEDGIY_clean,935.6,358.6,288.4,98.1,138.0,176.8,287.4,304.1
XEDLUN01_clean,737.0,337.2,159.5,60.1,98.5,133.0,191.0,194.2
XEDLUN_clean,768.2,345.9,166.8,62.4,103.1,136.7,199.9,203.0
XEDPED_clean,4094.4,1711.9,559.9,228.8,388.2,503.9,630.0,606.2
XEDPIH_clean,780.3,472.2,200.6,85.2,155.6,199.1,245.1,244.6
XEDPON_clean,664.2,259.6,146.6,52.4,83.0,111.5,177.1,177.0
XEDPUT_clean,2128.1,1091.3,904.8,390.3,642.7,662.4,717.0,693.3
XEFGAQ_clean,769.4,372.4,203.7,76.4,126.6,170.0,247.1,248.0
XEFKOI_clean,772.6,391.7,197.9,76.5,132.1,172.0,241.4,247.6
XEGJIE02_clean,1718.3,650.2,281.1,110.3,180.0,226.5,322.8,327.1
XEGJIE_clean,1746.5,663.6,288.2,112.5,176.2,231.3,322.3,327.8
XEGJOK_clean,1582.1,580.1,237.3,92.1,151.3,198.5,284.4,282.9
XEGJUQ_clean,1844.6,666.3,289.3,110.1,179.8,232.1,321.4,320.7
XEGKAX_clean,1827.2,641.7,292.9,107.0,174.4,227.0,329.1,324.2
XEGKEB_clean,1591.8,567.1,236.1,88.7,147.6,191.3,278.2,281.8
XEGKIF_clean,931.0,444.7,218.9,83.3,137.6,184.8,261.3,258.8
XEGKOL_clean,843.5,313.3,222.5,75.7,110.7,143.8,239.3,251.1
XEGKUR_clean,768.9,331.5,171.1,60.5,93.3,119.2,196.7,202.5
XEHDEV_clean,1723.3,587.1,291.6,106.6,167.2,216.6,324.0,334.0
XEHRUY_clean,501.6,255.6,186.2,65.3,99.3,132.1,218.1,224.6
XEHSAF_clean,523.0,268.3,197.4,70.9,102.8,136.6,233.5,237.5
XEHSEJ_clean,530.9,266.7,197.0,69.1,103.7,134.2,231.4,235.4
XEHSIN_clean,538.1,275.4,197.0,69.1,104.7,138.1,229.8,237.5
XEHSOT_clean,522.7,266.9,197.2,69.7,103.2,137.7,228.3,236.8
XEHSUZ_clean,536.5,270.7,197.8,69.5,103.9,139.6,228.2,239.2
XEJWUG_clean,1344.0,791.3,261.5,123.0,225.2,286.7,325.5,327.3
XEJXAN_clean,1462.5,884.5,263.8,121.7,234.3,286.7,323.7,331.0
XEJXER_clean,547.7,331.6,273.1,93.2,134.7,167.4,312.5,321.7
XEKCAT01_clean,1281.6,508.8,201.3,73.0,123.9,164.2,228.8,229.5
XEKCAT_clean,1357.4,521.7,196.7,75.0,128.0,169.4,234.6,237.0
XEKDOI_clean,215.5,208.1,170.1,55.8,63.3,72.4,134.5,167.4
XEKJIH_clean,1945.1,1491.9,242.5,171.2,274.0,290.2,406.0,670.1
XEKJON_clean,2607.5,2123.8,277.2,260.4,317.7,321.5,828.8,1252.7
XEKJUT_clean,3072.3,2372.9,280.8,292.7,323.4,354.1,1061.2,1464.3
XEKMIL_clean,919.8,384.5,268.6,94.3,139.8,183.4,312.6,319.7
XEMHOM_clean,658.7,369.1,337.3,97.9,143.8,190.5,320.8,339.8
XENCAU_clean,1124.0,375.0,303.3,105.0,139.5,184.3,316.7,337.4
XENKIM_clean,2011.5,702.2,264.2,100.7,172.2,221.7,319.2,311.7
XENMIO_SL,1155.4,770.8,243.8,124.7,243.4,279.8,304.0,320.3
XENMOU_SL,1178.7,759.7,245.9,124.0,234.8,279.5,299.8,321.2
XENZEX_clean,1333.6,1272.6,389.2,385.9,406.4,578.8,934.3,1046.8
XEPBAX_clean,673.8,251.9,154.2,54.3,83.0,109.3,182.7,226.1
XEQGAC_clean,466.2,203.0,109.1,40.9,65.8,87.4,134.4,136.0
XEQRAO_clean,506.4,266.0,226.8,72.0,103.4,131.5,234.3,252.8
XESKAJ_clean,405.5,215.8,179.7,58.4,74.6,92.6,172.4,203.0
XESKEN_SL,700.2,333.8,271.9,91.0,118.7,147.6,274.4,316.0
XESKIR_clean_h,239.9,188.6,155.2,49.1,58.9,70.6,128.5,160.2
XESKUD_clean,446.5,213.0,167.0,55.4,71.9,90.4,169.6,195.3
XESLAK_clean,369.3,209.2,167.1,54.0,70.7,85.3,159.1,189.5
XEVHAJ_clean,2462.6,1543.7,385.8,206.5,367.0,416.2,428.3,554.9
XEVHEN_clean,2413.2,1495.7,390.5,202.8,371.1,432.1,450.9,548.2
XEWDUA_clean,533.5,346.9,286.7,92.3,114.1,141.1,261.2,313.0
XEWFAI_clean,709.6,338.4,278.1,91.7,121.4,161.0,283.4,318.6
XEXLAP_clean,1514.1,530.7,299.3,106.5,165.0,221.3,362.3,372.0
XEXLET_clean,1486.4,526.1,285.3,104.7,162.2,212.5,337.3,346.7
XEXLIX_clean,1485.3,623.5,261.8,99.2,166.9,223.9,317.7,318.5
XEXLOD_clean,1958.2,781.1,302.4,117.2,196.0,273.6,370.0,365.2
XEXLUJ_clean,1394.5,520.1,255.9,96.1,151.3,199.1,306.2,317.1
XEXMAQ_clean,1898.8,712.8,294.6,111.3,191.9,248.6,355.3,353.8
XEXMEU_clean,1313.8,473.8,257.1,92.8,145.6,191.8,307.3,314.6
XEYMAR_clean,1214.3,451.5,243.6,90.0,137.1,180.7,276.4,282.4
XIBZUF_clean,1462.8,569.1,196.5,75.7,135.2,170.4,224.4,225.0
XICDUI_charged,,,,156.4,284.2,360.4,470.5,492.9
XICNOO01_clean,3108.6,1027.1,376.2,139.7,238.0,320.9,429.4,436.8
XICNOO02_clean,3129.9,1000.6,397.8,147.3,245.5,315.5,431.2,432.4
XICNOO_clean,3135.1,1029.0,368.1,144.3,238.0,316.9,433.8,441.5
XICYAL_clean,4224.8,1912.6,536.4,238.8,423.5,543.8,616.1,609.0
XICYEP_SL,1000.9,412.7,188.7,74.2,115.8,151.0,215.3,214.2
XICYIT_SL,1011.3,421.6,188.4,71.2,116.2,153.5,211.1,213.1
XICZAM_clean,3053.6,1004.4,369.3,141.2,238.1,310.8,424.7,428.3
XIDBUJ_clean,1335.4,552.9,235.4,91.3,156.4,206.5,284.5,287.9
XIDMED_clean,1114.8,425.8,192.7,70.3,116.8,168.2,221.1,219.7
XIDSUZ_clean,832.5,303.4,331.8,106.3,136.5,170.7,261.5,295.8
XIFHIF_clean,297.8,151.3,129.4,41.1,53.3,67.5,124.1,145.6
XIGFOJ_manual,1210.4,411.1,222.6,82.4,125.2,161.1,250.2,258.4
XIGHAX_clean,418.6,208.8,180.5,58.5,76.4,94.5,171.1,194.3
XIGHEB_clean,480.1,247.5,251.9,81.3,103.1,122.7,204.1,238.5
XIGHIF_clean,392.7,193.7,169.5,56.2,72.0,89.8,163.6,182.8
XIGWUF_clean,181.2,123.2,100.5,30.7,38.2,45.6,86.3,106.3
XIHRIQ_clean,1654.7,836.6,329.7,134.9,238.0,313.8,410.4,402.0
XIHSAJ01_clean,1197.3,507.1,222.2,83.3,137.4,179.3,259.5,257.3
XIHSAJ_clean,1460.6,605.3,249.6,92.1,155.3,205.2,286.8,285.7
XIHSEN01_clean,1489.4,652.6,247.7,97.1,167.5,222.7,300.1,300.4
XIHSEN_clean,1488.2,653.3,249.5,96.6,168.8,222.0,296.5,295.6
XIJJEH_clean,,,,1575.7,2183.8,2497.5,2876.9,2936.4
XILDUT_clean,1106.5,463.1,215.1,77.6,128.0,172.1,248.9,250.9
XILLEL_clean,5004.7,2089.1,1550.0,538.2,706.8,887.1,1156.9,1073.7
XILLIP_clean,3186.6,1257.0,339.4,137.2,243.5,310.2,372.0,373.3
XILSUI_clean,1153.2,411.0,206.3,75.5,117.9,159.1,241.6,239.5
XILTAP_clean,2361.0,907.1,288.2,116.3,201.6,261.0,340.8,336.3
XILVIZ_clean,1424.8,521.9,219.3,83.8,138.5,186.2,264.7,271.7
XINFUW_clean,,,,47.1,73.2,97.7,155.1,159.2
XINHOT_clean,968.1,526.6,290.9,111.2,188.1,249.5,346.4,347.6
XINRAP_clean,686.0,275.3,210.6,70.3,98.5,128.1,226.7,250.0
XINWUO_clean,669.1,281.1,222.5,74.7,100.0,131.4,236.4,263.4
XINZEB_clean,1452.2,728.5,209.5,90.3,161.4,209.1,257.6,255.7
XIPGUA_clean,194.0,177.8,148.4,45.9,53.7,62.1,110.7,141.7
XISDIO_clean,3312.5,1456.9,413.5,162.5,283.5,357.8,423.4,420.2
XISDOU_clean,3286.2,1458.3,401.9,157.1,283.6,353.9,400.6,415.5
XISDUA_clean,3169.7,1459.8,398.8,162.5,284.1,358.9,412.2,422.9
XISLAM_clean,2184.7,1770.1,227.0,250.7,288.8,292.2,826.0,1140.5
XISLUI_clean,,,,208.6,378.0,418.9,427.7,583.9
XISPEW01_clean,352.0,150.7,111.3,38.1,56.9,71.6,128.1,139.6
XISPEW02_clean,329.4,147.1,110.4,37.2,52.2,68.6,123.1,132.2
XISPEW_clean,760.7,294.4,154.9,56.5,89.9,122.3,191.4,194.8
XISPUM01_clean,226.5,109.2,86.0,28.2,38.0,48.2,90.2,101.7
XISPUM_clean,750.4,299.7,152.0,54.6,88.8,119.1,179.8,185.4
XISVUR_clean,902.4,373.9,160.3,61.4,106.9,133.3,188.0,189.2
XISXEE_clean,735.5,252.9,158.1,56.2,86.7,109.1,178.8,188.0
XITYEF_clean,,,,1476.6,2126.9,2522.9,2784.8,2736.7
XITYOP_clean,2349.8,908.7,310.9,123.8,211.7,272.8,348.7,342.0
XIVMEW01_clean,908.1,449.1,185.8,74.9,133.0,176.4,225.3,227.2
XIVVEF_clean,1947.5,953.2,204.3,87.2,164.3,197.9,220.3,244.1
XIWLAQ_clean,920.5,403.3,184.0,71.9,116.5,158.2,232.8,227.1
XIWYEH_clean,1122.4,803.8,267.3,135.2,265.1,308.1,329.8,345.6
XIYYEL_clean,147.8,106.0,84.3,27.0,32.9,38.9,71.2,89.1
XIZCUG_clean,,,,109.8,157.9,205.1,333.7,352.5
XIZJEW_clean,1114.6,674.0,281.6,105.5,197.5,248.4,282.7,290.5
XOBDUO_clean,288.9,223.1,234.4,58.3,73.7,93.0,169.5,210.0
XOCQUD_clean,708.9,400.0,347.0,112.4,151.0,190.5,348.8,382.1
XOCWET_clean,673.3,270.4,164.9,59.0,91.8,123.5,195.2,204.0
XOCWIX_clean,641.9,259.1,164.9,58.8,90.2,118.1,194.6,202.7
XOCWOD_clean,639.4,257.7,166.1,59.1,89.9,119.1,198.3,205.2
XOCWUJ_clean,623.1,252.9,164.3,59.5,88.4,116.9,193.7,200.7
XODNUB_clean,1319.4,645.9,428.0,151.3,226.7,303.6,475.9,485.1
XODPUD_clean,1287.3,434.1,237.1,85.1,131.9,172.9,280.6,279.3
XOFGAC_clean,2794.0,1049.2,656.5,216.2,326.3,396.4,542.5,546.8
XOFGEG_clean,5360.1,2101.3,1627.0,521.7,695.2,831.1,1062.2,1042.3
XOFPEP01_clean,668.0,293.1,192.0,68.3,109.1,139.7,226.2,236.0
XOFPEP_clean,651.4,287.6,195.9,70.9,110.3,138.7,232.6,242.5
XOGXAU_clean,3495.0,1674.7,497.3,204.8,373.5,474.6,579.2,563.2
XOHLEM_clean,787.0,359.3,154.4,61.4,99.7,134.0,186.9,189.1
XOHTUJ_clean,440.4,191.7,152.3,51.5,71.1,90.2,161.8,178.8
XOJPIW_charged,,,,161.2,252.9,327.4,435.6,473.2
XOJWEZ_clean,513.3,276.3,209.2,73.2,110.6,143.2,241.8,256.5
XOJWOJ_clean,821.8,344.9,166.4,64.1,99.4,132.3,196.3,200.2
XOKHIP_clean,350.8,227.2,190.1,68.7,96.8,127.2,211.1,221.0
XOMCIN_clean,5276.3,2212.9,401.8,204.3,388.1,451.2,490.1,553.4
XOMCOT_clean,3138.2,1992.9,400.9,217.0,386.1,434.3,484.4,636.4
XOMCUZ_clean,243.2,233.0,232.4,63.9,84.0,104.6,193.6,222.1
XOMDOU_clean,2473.8,1341.0,422.0,186.0,347.9,410.7,465.4,474.5
XOMGIQ_clean,3058.3,1239.6,421.7,169.9,302.1,389.7,498.8,498.7
XOMHEO_clean,1756.0,860.7,234.9,97.9,176.1,220.8,243.9,256.8
XOMHIS_clean,8177.7,3105.7,934.4,374.2,534.3,635.5,694.5,726.5
XOMJOY_clean,3381.7,1732.3,442.1,203.4,380.1,465.3,511.4,548.4
XOMJUE_clean,3388.1,1768.9,443.5,209.2,390.1,471.9,520.5,541.0
XOMNEU_clean,2960.1,1818.1,623.0,243.9,428.6,482.8,529.3,600.8
XONGUD_clean,698.2,413.0,343.7,113.7,141.3,173.8,323.9,371.9
XONLES01_clean,2753.7,889.1,376.4,143.6,227.0,282.8,394.6,403.5
XONLES_clean,2930.1,947.6,450.5,137.7,222.6,286.0,378.6,379.4
XOPJAO_clean,1814.3,1108.9,344.1,162.9,311.4,362.2,389.9,416.1
XOPLOE_clean,707.1,273.5,192.2,67.1,97.4,128.0,212.5,226.4
XOPMIA_clean,1646.2,728.2,288.5,114.6,193.0,255.9,341.0,348.8
XOQXIL_clean,569.0,259.7,207.7,71.3,101.4,132.4,225.5,238.2
XORHET_clean,1132.2,466.3,273.9,98.6,149.2,201.1,302.2,313.6
XOSPOK_clean,1211.8,518.9,157.8,66.3,118.6,153.6,193.6,195.0
XOTGUI_clean,739.4,268.9,155.8,54.1,83.4,111.0,180.1,184.5
XOTHAP_clean,406.9,165.1,122.8,41.8,61.5,76.9,138.7,153.0
XOTKIA_charged,,,,159.0,196.4,239.3,434.5,512.7
XOTSEG_clean,1818.7,701.8,340.2,124.8,202.1,263.4,392.3,400.8
XOTSIK_clean,2718.5,1029.3,628.8,224.5,317.6,411.1,603.4,569.2
XOTXAG_clean,1273.7,556.1,232.5,87.9,149.2,201.3,278.3,276.1
XOTXUB_clean,1108.6,627.2,519.1,181.5,234.4,288.6,533.7,605.6
XOTZIR_clean,1641.3,869.8,362.4,147.6,267.4,346.5,435.3,428.1
XOVPIH_clean,714.2,333.1,247.3,86.3,125.3,169.2,284.7,306.8
XOVPON_clean,574.6,257.1,189.8,65.1,95.3,126.7,217.8,227.7
XOVPUU_clean,104.1,81.9,76.4,24.0,27.9,32.8,55.3,69.0
XOVQAB_clean,2044.8,756.2,942.3,339.1,375.5,429.0,672.1,658.2
XOVQEF_SL,459.0,248.2,315.9,100.5,116.0,134.3,203.2,235.4
XOVQIJ_clean,1922.7,770.7,358.6,136.0,221.0,281.9,408.0,406.3
XOVVOU_clean,1007.2,401.8,185.6,72.2,113.0,150.5,223.2,227.0
XOXMED_clean,2480.7,785.9,437.8,163.1,244.8,314.3,443.9,457.3
XUBGUY_clean,246.4,116.0,99.5,33.0,42.6,53.2,97.7,110.1
XUCSOF_clean,1177.0,665.9,207.8,93.4,173.9,218.4,250.8,256.9
XUDNAN_clean,2578.6,936.7,312.5,127.4,217.5,284.9,380.8,376.2
XUDNUH_clean,3834.1,1224.9,362.4,141.3,256.1,317.1,405.0,396.2
XUDPET_clean,10094.5,3570.6,678.9,286.5,506.6,560.2,641.1,699.8
XUDPIX_clean,2550.9,866.3,676.6,218.4,305.5,382.8,514.1,533.2
XUDPOD_clean,5262.1,1725.8,535.4,188.4,326.1,414.2,484.3,487.2
XUDPUJ_clean,,,,649.9,1085.8,1096.3,1359.4,2658.2
XUDQAQ_clean,,,,486.5,841.6,946.4,942.1,1511.4
XUDQEU_clean,,,,423.5,684.0,786.9,858.8,1024.9
XUDVAV_clean,1246.1,685.2,220.0,93.3,172.5,221.0,252.6,255.9
XUDYEC_clean,757.5,296.1,166.9,60.1,96.8,122.9,194.4,199.2
XUDYOM_clean,2856.9,1508.0,229.8,134.2,227.0,266.8,279.4,387.3
XUFPIZ_clean,818.5,533.6,435.3,158.0,233.5,302.5,513.4,535.7
XUFWAX_clean,1169.0,476.1,178.6,65.1,117.0,152.5,180.9,181.6
XUFWEB_clean,1180.7,479.0,174.8,63.9,116.0,151.3,182.3,176.3
XUFWIF_clean,987.0,381.4,160.9,58.4,101.2,129.7,161.9,162.5
XUFWOL_clean,1970.2,908.5,212.2,91.5,166.7,198.2,216.4,239.4
XUFWOM_clean,1270.5,413.9,261.7,93.8,135.5,170.0,266.5,282.1
XUFYAA_clean,10686.4,3798.5,726.3,340.2,611.1,735.0,771.6,844.9
XUFYEE_clean,16759.6,6113.3,982.8,448.2,819.1,960.3,1031.5,1269.2
XUGROI_clean,2450.9,885.9,268.5,108.9,195.7,248.4,316.0,320.9
XUGSEY_clean,813.2,285.0,164.7,58.8,89.8,118.5,195.4,200.3
XUGWUS_clean,2748.8,1244.5,492.5,212.2,354.7,463.7,580.2,591.6
XUJPEY_clean,1780.8,880.4,256.0,109.5,203.8,256.6,306.6,305.3
XUJPIC_clean,1792.7,879.7,249.3,109.7,201.8,260.1,303.3,306.8
XUJPOI_clean,673.3,314.1,151.3,54.5,90.0,118.7,168.2,171.6
XUJQAV_clean,667.8,307.3,143.1,54.9,91.0,120.6,168.2,170.3
XUJSAY_clean,917.4,582.9,319.4,168.5,322.8,350.0,362.9,368.3
XUKHUI_clean,1451.5,724.3,234.7,101.5,185.5,234.3,281.6,286.6
XUKLAS_clean,532.0,268.9,193.7,69.0,109.1,138.0,230.5,234.6
XUKNIC_clean,1975.5,753.1,223.1,92.6,162.7,208.9,260.3,257.0
XUKYEI_neutral,230.1,141.2,111.5,35.9,44.7,54.6,101.5,124.5
XUMMOJ_clean,673.7,275.1,212.0,71.8,104.6,135.4,234.5,253.0
XUMMUP_clean,766.8,316.5,263.6,80.5,114.1,148.8,271.6,282.9
XUMNAW_clean,1699.1,750.1,506.2,162.7,238.4,310.8,395.7,396.9
XUMNEA_clean,3328.5,1913.9,522.0,257.4,496.8,580.2,617.5,643.9
XUMNIE_clean,3100.8,1281.0,380.3,153.9,261.2,336.0,392.5,385.0
XUMTUV_clean,1209.4,522.9,189.3,73.8,133.3,172.7,228.6,227.7
XUMVAD_clean,1295.8,547.3,205.9,79.9,140.8,184.1,244.9,244.7
XUMVEH_clean,1150.7,475.9,187.4,72.3,126.6,163.4,227.8,229.3
XUNGOD_clean,1555.4,929.3,257.2,119.4,226.2,279.6,317.3,324.0
XUNGUJ_clean,1539.8,873.0,270.8,120.8,215.8,274.3,321.9,319.8
XUNHAQ_clean,1645.0,884.2,259.7,114.8,218.0,271.5,318.3,320.6
XUNSAC_clean,766.3,429.3,207.9,81.8,142.9,192.6,252.4,252.5
XUNSEG_clean,651.9,364.6,190.6,68.6,118.3,156.9,212.6,213.7
XUNSIK_clean,1468.8,809.4,245.0,108.3,207.1,255.0,297.5,308.2
XUNSOQ_clean,1336.3,790.1,267.0,116.9,213.7,275.3,330.6,323.3
XUNTIL_clean,524.2,264.7,170.6,62.4,100.0,134.2,208.8,208.2
XUPSAE_clean,1190.2,543.6,142.1,59.0,107.7,141.0,169.7,175.3
XUTQEI_clean,254.2,134.0,120.2,38.8,48.2,57.8,105.3,123.7
XUVGUQ_charged,,,,113.6,196.1,259.1,336.6,335.8
XUVHEB_clean,1807.3,868.4,292.3,119.6,212.9,290.2,340.0,336.0
XUVQOW_clean,2251.0,904.1,253.4,105.6,184.1,235.4,289.7,287.7
XUWFUR_clean,471.3,273.2,312.5,104.4,121.7,152.2,240.0,278.5
XUWKEH_clean,161.8,141.2,112.7,36.1,43.8,52.5,96.9,120.7
XUWSUD_clean,1055.3,688.0,140.9,77.2,145.5,164.2,173.5,228.4
XUWTAK_clean,1077.6,711.2,141.2,79.7,150.5,167.1,177.8,243.3
XUWVUG_clean_h,289.5,282.1,243.5,74.5,86.6,99.0,175.4,243.7
XUYXAR_clean,1096.0,502.0,314.1,112.9,183.8,239.8,371.1,378.1
YABHER_clean,984.8,342.5,214.9,76.8,114.7,146.2,213.9,218.1
YABHIV_clean,4002.4,1447.1,1590.3,443.0,551.5,650.6,905.2,891.3
YABPAU_clean,1381.3,653.7,215.3,89.2,158.5,205.9,257.1,259.7
YAFJEX_clean,2312.4,892.8,288.4,114.8,201.1,244.7,291.3,290.7
YAGHAS_clean,3461.2,1725.4,560.4,226.5,391.1,520.8,605.8,574.6
YAGHUM_clean,652.9,228.8,188.2,58.0,82.5,106.1,178.0,185.4
YAGJOI_clean,982.2,454.0,204.1,78.7,135.7,179.8,246.2,251.0
YAHPED_clean,941.7,385.4,195.0,71.7,117.7,155.9,232.9,238.3
YAHWAI_clean,626.4,264.3,266.8,82.8,110.1,134.7,220.6,232.7
YAJXIT_clean,1751.0,783.3,355.5,139.4,229.2,301.7,423.1,406.8
YAJXUF_clean,1644.1,792.1,362.2,140.8,241.4,318.4,412.7,412.1
YAMYUJ_clean,6283.2,2565.7,628.0,262.6,459.5,538.0,588.4,648.9
YANBAR01_clean,479.6,259.1,208.9,70.3,101.4,128.6,228.8,246.9
YANBAR02_clean,438.9,240.1,192.5,66.0,92.8,117.2,212.6,227.6
YANBAR03_clean,418.6,229.3,181.6,63.8,88.0,113.3,200.4,219.6
YANBAR_clean,460.0,248.7,199.6,67.4,94.9,123.1,220.0,234.0
YAPLIM_clean,1487.1,572.5,516.9,187.2,246.6,273.4,444.7,470.0
YAPLOS_clean,1108.4,492.3,547.6,181.4,215.4,258.3,444.3,445.6
YAPLUY_clean,3557.6,1356.5,711.4,258.7,378.2,495.0,662.7,684.3
YAPMAF_clean,4199.7,1501.0,740.5,286.5,421.5,509.4,690.5,704.9
YAPRUE_charged,,,,105.8,154.7,200.3,338.5,354.8
YAPSAL_charged,,,,173.8,265.5,347.8,529.6,547.4
YAPTIT_clean,3659.9,1419.1,530.4,185.7,313.9,404.4,508.2,502.5
YAPXIX_clean,1070.9,741.6,305.0,152.5,286.3,341.2,373.8,376.3
YAQCEY_clean,2296.9,909.0,322.1,126.7,216.7,278.9,367.7,374.7
YAQKEI_clean,1217.6,666.1,310.4,119.5,208.9,266.2,355.1,351.2
YARBAW_clean,670.4,384.1,334.5,114.7,148.3,193.0,343.8,373.4
YARBIE_clean,2360.3,1601.0,463.8,228.6,407.4,450.0,470.6,633.6
YARBUQ_clean,5735.4,3577.0,762.2,439.2,794.6,853.7,891.7,1392.2
YARDEC_clean,1528.3,741.3,262.8,106.9,188.0,247.9,328.5,323.4
YARDIG_clean,1392.0,657.8,255.6,102.8,178.5,235.9,317.2,318.1
YARGAB_clean,878.8,312.7,201.4,71.9,105.9,138.2,241.5,251.0
YARGOP_clean,518.2,205.6,184.8,54.3,76.2,97.7,162.8,172.8
YARKEJ_clean,3146.5,1672.0,397.1,184.4,354.9,428.1,479.0,499.6
YARKOT_clean,1490.9,602.4,164.8,68.3,126.5,161.2,207.6,203.1
YARSAN_clean,884.0,544.4,219.5,95.8,182.2,220.0,259.5,253.1
YARYEV_clean,166.9,143.6,115.9,37.1,44.6,51.5,94.4,119.3
YARYIZ_clean,199.6,160.5,129.9,41.8,49.6,61.5,109.5,136.6
YARYOF_clean,220.7,182.0,146.8,46.0,55.7,65.9,121.4,155.2
YARYUL_clean,118.3,91.7,71.5,22.8,27.5,33.1,61.2,76.8
YARZEZ01_clean,387.0,140.1,118.2,35.0,50.5,65.3,114.3,122.0
YARZEZ02_clean,158.9,95.3,77.9,25.0,31.0,37.7,70.1,84.7
YARZEZ03_clean,211.1,107.8,87.4,28.6,38.1,45.6,85.9,102.1
YARZEZ_clean,303.9,152.0,116.4,39.8,51.5,64.7,120.6,140.9
YASLOW_clean,10341.7,3496.0,847.3,368.4,624.7,804.3,929.5,901.8
YASLUA_clean,268.7,116.5,82.2,28.5,41.6,54.5,95.8,104.2
YASVOG_clean,7699.2,4098.7,438.0,319.0,415.0,439.0,778.9,1244.5
YASVUM_clean,719.0,261.7,128.0,44.1,71.8,93.6,141.1,144.1
YATDUV_clean,1395.6,458.5,210.0,78.0,122.6,163.8,238.9,248.0
YATTUK_clean,608.0,220.3,138.9,47.4,71.2,94.7,156.7,160.7
YATVUN_clean,8425.9,3443.9,603.1,256.3,459.8,529.5,545.5,789.7
YATWAU_clean,8637.4,3559.8,570.8,269.4,482.5,555.7,557.6,798.4
YAVSOG_clean,1793.2,867.5,347.5,140.4,241.8,321.1,415.5,434.4
YAVTUN_clean,453.7,185.9,146.1,49.0,68.4,84.6,156.3,174.4
YAVVAV_clean,577.3,225.8,170.7,59.0,84.6,108.8,188.5,206.5
YAVVEZ_clean,479.2,200.9,152.7,52.1,73.2,94.4,165.0,182.1
YAVVID_clean,2572.7,1160.0,326.0,141.9,255.1,341.8,401.4,406.4
YAVVOJ_clean,2670.0,1205.2,324.1,139.7,261.5,336.5,396.8,406.3
YAVVUP_clean,2591.1,1216.0,333.9,140.6,256.1,326.4,397.0,408.2
YAVWAW_clean,2584.7,1206.8,325.3,139.5,262.7,329.2,395.7,401.1
YAVWUQ_clean,4884.2,1922.7,547.2,219.4,355.6,471.1,538.2,518.5
YAVZAX_clean,384.9,169.6,91.0,33.5,55.9,74.6,109.6,113.3
YAVZUT_clean,1290.7,492.3,308.8,116.0,160.4,213.6,312.0,318.5
YAWBAC_clean,1187.9,460.6,250.5,92.7,146.0,188.7,264.0,268.6
YAWFEI_charged,,,,75.4,107.5,133.1,238.6,266.9
YAWFOS_clean,583.0,263.3,215.8,71.6,98.2,122.6,225.5,256.1
YAWKOX_clean,704.1,262.2,186.3,64.1,94.8,121.0,212.9,236.6
YAXBOP_SL,1070.0,461.4,207.2,76.9,128.9,172.5,244.9,248.6
YAYLER_clean,620.2,271.4,192.8,67.9,104.8,133.2,222.0,238.3
YAYPOF_clean,682.0,288.9,188.9,67.6,104.3,141.0,220.1,228.0
YAYRAT_clean,6086.1,2425.3,375.6,184.2,343.4,401.1,451.8,511.9
YAZFOW_clean,,,,80.3,145.4,192.2,230.8,234.0
YAZWOM_clean,634.5,430.8,363.8,120.9,152.7,186.7,350.4,411.9
YEBLAT_clean,514.2,224.8,172.2,57.6,83.3,104.9,187.7,205.8
YEDKOI_clean,452.7,184.1,128.6,44.8,65.3,87.2,149.5,159.9
YEDKUO_clean,1456.9,496.9,189.4,72.5,121.1,160.7,236.5,230.9
YEDLAV_clean,1920.2,956.1,214.3,103.4,194.9,239.3,261.8,280.1
YEFNEC_clean,371.2,146.8,116.6,37.5,50.7,65.4,121.0,135.6
YEFNIG_clean,373.1,147.2,114.4,37.7,51.2,65.8,121.6,134.9
YEFNOM_clean,365.5,148.9,111.0,37.3,51.2,66.4,123.3,135.2
YEFPAA_clean,369.8,147.2,114.6,37.7,51.5,65.8,120.9,136.0
YEFPEE_clean,401.0,149.8,108.5,37.1,52.1,68.9,121.1,135.8
YEFPII_clean,7381.6,5420.7,239.4,259.0,277.3,331.7,1429.7,2339.4
YEGCUJ_clean,643.7,302.4,215.3,76.1,116.7,154.4,245.9,247.1
YEGHEZ_clean,574.4,298.6,139.5,48.0,83.8,110.2,154.2,154.7
YEGHIC_clean,211.3,191.7,170.1,53.1,62.0,70.1,124.2,154.3
YEGKOM_clean,946.4,351.1,162.7,60.4,99.0,131.7,198.1,203.6
YEHGID_clean,5540.4,2628.4,1442.1,530.4,746.0,904.6,1039.9,1011.0
YEKQOW_clean,10405.4,4644.4,746.4,369.3,673.5,766.3,800.5,1145.8
YEKXET_clean,886.6,328.0,169.7,61.5,96.8,126.3,196.9,195.7
YEKXOD_clean,718.3,278.8,197.0,70.3,102.2,130.2,226.6,230.7
YEKXUJ_clean,554.7,210.3,154.9,53.6,77.4,99.2,171.8,176.9
YELYOE_clean,760.6,455.6,162.8,72.3,131.2,168.3,195.2,197.9
YEMFOM_clean,2498.6,1240.4,241.8,116.4,221.5,271.2,290.4,319.1
YEMJAC_clean,484.8,199.9,115.2,41.8,65.1,88.4,138.7,141.3
YEMLUY_charged,,,,153.1,200.7,259.0,462.2,522.2
YEMMAF_clean,1295.5,416.2,283.9,99.1,146.1,186.0,327.4,345.0
YENLUA_ion_b,323.8,228.5,258.1,80.7,95.2,110.1,174.6,216.7
YEQRER_clean,113.9,93.1,75.6,24.5,28.3,33.1,60.1,77.4
YEQRIV_clean,107.8,94.6,75.0,23.6,28.0,32.2,58.7,75.9
YEVQOG_clean,2869.9,1223.1,626.2,243.8,372.3,491.3,714.9,686.0
YEVQUM_manual,14961.7,6326.4,3888.1,1342.2,1852.8,2270.5,2865.8,2734.1
YEYCUC_SL,1303.0,468.8,266.0,95.1,147.5,193.4,302.1,313.6
YEYDAJ_clean,3298.9,1653.7,1332.5,459.0,639.7,761.9,880.4,871.1
YEYFEP_clean,1973.2,665.8,252.9,96.5,159.3,211.3,297.4,298.8
YEZFIU_clean,868.7,337.7,248.2,85.9,122.4,160.3,281.0,300.7
YEZKEV_clean,1998.9,952.1,385.5,163.6,284.7,369.4,467.3,463.0
YIBMUT_clean,1310.4,692.6,238.6,103.1,193.1,248.4,297.6,295.0
YICDAR_clean,4051.3,1541.1,332.4,148.0,276.0,372.6,403.3,408.9
YICREI_clean,1284.6,656.3,185.2,80.8,151.4,193.0,226.6,226.8
YIDSOT_clean,1062.7,518.1,235.9,82.5,149.2,190.8,252.7,253.1
YIJCEB_clean,2309.9,1481.5,226.1,170.5,251.8,262.4,391.6,636.2
YIKJOT_clean,1229.3,615.6,849.4,264.9,316.3,353.9,522.3,561.7
YIKJUZ_clean,1191.5,627.4,776.2,271.0,313.7,374.1,549.9,621.4
YILJAG_clean,1278.4,455.6,207.3,77.0,123.6,163.5,250.7,253.0
YILJUA_clean,1769.4,725.1,265.3,103.9,179.0,235.4,320.6,316.2
YILKAH_clean,899.5,357.4,202.4,72.7,116.9,149.2,232.8,237.0
YINCEF_clean,869.4,392.0,222.1,81.6,129.7,170.9,262.9,263.7
YINCIJ_clean,865.8,391.2,237.2,85.5,134.5,179.1,274.4,281.5
YINCOP_clean,810.8,369.2,224.1,81.3,130.5,172.2,264.6,264.2
YINCUV_clean,4401.9,2243.2,631.4,277.0,509.7,638.4,736.0,726.1
YINDOQ_clean,2723.5,1667.5,454.0,223.1,413.8,499.6,539.3,570.9
YINPEQ_clean,282.9,115.1,90.1,30.0,40.4,51.1,94.0,107.7
YINTEW_clean,848.0,398.4,148.5,52.8,97.8,122.5,152.8,155.1
YINXIE_clean,857.7,382.2,251.2,90.9,139.0,183.6,303.8,303.2
YINXUQ_clean,,,,54.5,76.4,97.4,176.8,191.5
YIRHOY_clean,2933.7,1466.1,297.5,142.1,271.6,333.0,378.0,398.3
YISFEL_clean,175.0,159.8,128.7,41.1,50.2,59.2,110.2,137.0
YIVNIC_clean,544.4,335.2,274.8,94.7,133.6,171.6,308.4,325.6
YIVTII_clean,1929.2,946.5,258.8,107.1,203.1,249.1,279.4,289.1
YIVZIO_clean,656.8,280.6,222.3,75.1,105.8,132.0,234.9,257.4
YIVZOU_clean,2702.4,1034.9,346.5,138.6,235.9,317.3,395.2,391.7
YIWBEN_clean,756.3,347.1,202.1,76.7,115.0,153.7,233.1,236.5
YIWBIR_clean,3924.5,2007.4,394.1,178.5,378.9,413.3,437.5,500.5
YIWLEV_clean,152.6,108.5,84.4,26.6,32.8,40.1,76.8,93.5
YIWLIZ_clean,162.0,112.3,87.7,28.5,35.5,43.0,81.2,99.0
YIWMEW_clean,275.7,128.1,101.0,33.0,44.3,55.9,103.5,120.1
YIWMIA_clean,,,,44.2,63.4,81.4,146.4,160.2
YIWMOG_clean,458.4,169.3,125.0,42.6,60.2,79.0,139.7,151.8
YIWMUM_clean,455.0,171.3,124.0,43.9,60.2,77.6,139.3,154.7
YIWNAT_clean,460.7,171.4,125.9,41.9,60.9,77.5,139.9,154.7
YIWNEX_clean,474.2,189.9,168.5,49.7,67.8,87.9,158.3,176.4
YIWNIB_clean,259.4,138.0,107.5,35.4,46.3,58.7,107.8,126.3
YIWNUN_clean,263.2,133.1,108.1,33.9,44.5,56.2,107.8,123.2
YIWPAV_clean,254.0,131.8,109.4,33.7,44.1,55.4,104.3,122.2
YIWPEZ_SL_part,267.9,139.8,111.7,36.6,46.5,58.8,110.0,131.6
YIWPID_clean,496.6,182.4,133.1,45.4,66.1,84.3,149.9,166.4
YIXBIQ_clean,2037.3,636.8,219.4,81.9,137.2,180.9,249.7,251.1
YIXFIW_clean,2818.5,1348.8,340.2,148.6,279.7,351.7,417.4,416.7
YIXYUB_clean,1540.6,624.9,306.3,111.6,179.6,251.3,360.6,376.5
YIXZEM_clean,1211.6,467.5,260.9,98.9,146.1,192.2,309.1,322.0
YIYHAQ_clean,2452.7,975.5,380.9,146.2,252.6,329.8,447.8,443.5
YIZGEV_clean,2235.2,1370.8,147.7,106.3,173.7,180.0,249.9,446.5
YIZGIZ_clean,2279.1,1417.1,149.8,105.6,178.0,181.6,244.9,450.2
YIZGOF_clean,2273.7,1423.1,145.2,105.6,170.2,181.8,246.5,450.6
YIZJEY_clean,810.2,378.1,263.0,87.8,135.6,178.6,292.0,298.5
YIZWIN_clean,522.0,275.6,219.3,72.2,96.5,124.6,236.0,256.6
YOBYAR_clean,2202.8,714.5,316.8,119.0,188.1,257.3,365.1,369.0
YOBYEV_clean,1826.2,591.4,313.0,115.5,166.0,217.8,301.9,312.1
YOCCIE_clean,1226.0,711.2,280.7,121.6,212.8,267.3,310.0,302.0
YOCDUR_clean,2290.7,753.3,317.9,119.0,191.4,246.8,363.2,357.4
YOCLEJ_clean,599.2,230.3,154.0,55.1,84.1,112.1,176.3,182.7
YOCLIN_clean,601.3,232.1,155.4,54.3,84.1,110.5,173.9,179.3
YOCNAH_clean,1399.7,826.1,302.9,138.3,264.7,326.3,361.4,370.5
YOCNIP_clean,937.8,550.0,405.6,155.4,275.1,357.4,450.3,449.8
YOCSEQ_clean,684.9,353.3,190.3,72.1,118.7,162.0,239.1,239.0
YODRAM_clean,2231.9,978.0,317.9,129.7,247.4,304.2,378.4,370.6
YODWOF_clean,189.7,128.0,146.1,46.4,52.3,60.0,96.9,116.4
YODWUL_clean,203.9,145.7,166.7,51.9,59.7,67.7,108.7,127.8
YOFGOR_clean,1945.7,1086.8,289.5,132.1,247.6,312.8,348.0,357.1
YOFXEY_clean,1036.3,489.5,429.1,155.7,210.8,276.3,397.5,375.5
YOFXIC_clean,1036.8,473.0,439.8,148.7,201.9,252.2,396.7,384.0
YOGKEM_clean,6615.7,3109.1,386.8,199.4,355.5,399.7,423.8,753.7
YOGKIQ_clean,14082.3,7718.3,979.0,576.7,824.2,881.0,1133.8,2103.9
YOGKOW_clean,2973.9,1088.7,410.7,163.2,272.4,351.2,486.8,470.7
YOGVEX_clean,1407.6,574.4,272.3,98.9,164.9,218.8,317.2,321.9
YOKKIU_clean,2547.5,1281.7,353.3,149.8,279.3,353.2,402.5,410.4
YOLGUB_clean,204.3,130.3,103.4,33.3,41.8,50.7,94.7,116.2
YOMBAE_charged,,,,90.4,136.3,183.3,297.3,312.7
YOMZIL_clean,397.9,333.3,292.7,95.0,119.0,149.3,268.5,320.6
YONNAR_clean,2860.5,949.7,372.2,135.3,233.0,288.3,374.2,373.5
YONNUL_clean,2490.4,1142.2,334.5,142.3,259.4,334.0,390.2,397.2
YOPPAW_clean,583.7,357.1,300.2,96.0,127.0,161.9,296.5,348.5
YOQLAT_clean,725.8,342.2,200.3,73.7,117.1,154.7,236.2,242.0
YORCEP_clean,,,,92.1,133.4,172.0,288.3,304.7
YORCIT_clean,600.6,620.9,918.9,257.8,275.2,308.1,427.2,482.6
YORGOD_clean,680.0,265.4,188.1,64.7,96.7,125.5,209.0,224.3
YORLEY_clean,3199.1,1310.8,1505.5,512.0,672.0,822.4,1209.5,1205.9
YORNIE_clean,1377.3,499.6,253.4,93.2,149.8,200.6,305.8,312.1
YORRII_clean,3298.5,1508.3,298.2,128.0,231.1,273.3,292.9,351.2
YORSOP_clean,2980.5,1295.2,339.8,139.2,252.1,332.9,381.0,385.9
YOSWUA_clean,1171.4,878.5,359.5,180.0,339.8,391.4,408.9,440.3
YOTXOW_clean,538.1,266.1,197.6,69.6,106.3,145.8,227.3,239.3
YOYBUL_clean,1432.5,587.8,226.0,89.5,148.9,198.2,270.2,276.5
YOYCEV_clean,7077.0,3308.9,929.8,353.0,626.0,771.1,853.4,868.2
YOYNUX_clean,1186.0,626.8,285.0,116.1,200.8,261.8,343.5,353.8
YOYPAF_clean,1179.8,641.8,283.5,114.4,211.0,264.3,344.9,340.0
YOYPEJ_clean,1156.2,622.5,283.5,113.2,202.2,263.8,336.2,346.4
YOYPIN_clean,554.2,295.0,207.7,75.4,120.8,155.5,244.7,245.5
YOYPOT_clean,1218.3,628.6,287.3,112.3,197.5,259.5,337.4,336.3
YOYPUZ_clean,1172.0,629.0,282.1,114.0,196.7,257.3,344.9,337.0
YOYQAG_clean,1196.2,629.5,290.7,115.5,203.8,259.9,351.2,344.6
YOYQEK_clean,1187.5,673.7,285.8,114.4,201.3,266.1,343.9,331.9
YOYQIO_clean,686.9,375.5,275.2,101.6,157.2,202.4,300.6,298.5
YOYQOU_clean,2311.0,1269.2,453.3,194.9,355.4,443.1,508.0,508.5
YOYQUA_clean,561.0,305.6,201.3,76.1,119.8,157.7,236.2,239.5
YOYRAH_clean,548.3,287.3,208.1,75.5,115.5,154.6,243.4,246.8
YOYREL_clean,562.7,290.6,209.1,75.5,120.8,156.9,242.4,247.4
YOYRIP_clean,565.7,302.7,204.3,75.3,121.9,162.1,240.4,242.8
YOYTOX_clean,3137.3,1335.4,388.1,157.5,282.4,368.7,465.4,448.8
YOYTUD_clean,3165.0,1445.0,379.4,169.3,297.8,378.8,447.1,462.5
YOYVAL_clean,3143.5,1376.2,381.6,164.6,290.9,372.9,451.6,447.2
YOYVEP01_clean,2930.8,1231.1,379.7,158.3,307.1,360.5,459.8,460.0
YOYVOZ01_clean,3207.7,1413.8,381.7,162.1,299.7,374.2,457.3,445.1
YOYVOZ_clean,2969.3,1294.1,370.3,159.5,283.0,358.6,433.5,431.4
YOYWEQ01_clean,2722.9,1133.2,375.4,151.5,278.0,351.3,436.4,451.4
YOYWEQ_clean,2724.9,1151.2,383.7,154.3,265.6,360.7,458.0,457.1
YOYYUI_clean,11904.2,6272.1,3356.6,1278.6,1911.9,2081.2,2075.1,2260.6
YOYZET_clean,1639.0,649.6,467.5,167.7,251.9,313.3,508.4,511.4
YOZBEW_clean,2240.4,772.8,417.2,142.6,229.2,320.3,449.1,457.1
YOZBIZ01_clean,11709.1,6437.0,858.4,482.2,818.5,893.7,1025.5,1867.1
YOZBIZ_clean,10908.1,6351.2,897.8,498.7,806.4,860.5,1007.1,1851.3
YOZBOF01_clean,8350.4,3881.0,824.7,354.6,654.7,757.0,785.9,941.2
YOZBOF_SL,4604.0,1953.6,631.7,259.9,446.7,577.3,690.7,682.9
YOZCAS_manual,4118.0,1715.2,553.8,232.6,427.9,510.4,638.1,615.2
YOZCEW_clean,5392.0,2096.6,584.0,248.1,431.2,525.4,639.7,619.7
YOZJEE01_clean,3072.0,1330.9,385.8,161.1,296.6,374.8,447.0,446.6
YOZJEE_clean,2930.2,1214.9,386.7,156.7,282.2,363.9,450.1,437.1
YOZKOP_clean,514.2,292.6,241.7,85.1,118.6,152.9,263.4,277.4
YOZNAE_clean,8270.6,3176.8,585.9,287.1,517.0,597.5,641.1,758.4
YOZQAG_charged,,,,110.9,175.1,229.8,349.1,358.5
YOZQEK_clean,1170.4,387.4,243.7,86.3,126.3,163.3,274.1,291.8
YOZYOD_clean,1093.1,463.7,214.1,84.8,133.1,173.8,251.5,250.9
YOZYUJ_clean,1801.1,667.7,256.7,98.6,163.3,211.4,301.3,286.3
YUBFOR_clean,557.6,257.5,201.4,69.3,96.5,124.4,221.4,242.2
YUBGIN_clean,359.4,167.8,125.5,43.7,62.9,81.7,144.6,154.3
YUBQET_clean,2027.7,983.6,329.1,135.6,256.9,317.3,389.2,386.7
YUBTUM_clean,1570.1,622.7,464.9,163.1,233.7,308.6,511.2,505.3
YUCZOM_clean,533.0,221.7,167.0,56.9,80.4,105.7,189.4,202.2
YUDDEH_clean,1631.8,593.2,253.0,90.9,154.3,197.1,281.4,286.0
YUDFEK_clean,1755.2,682.6,288.3,108.3,175.8,231.2,321.1,313.8
YUDFIO_clean,1953.2,672.9,344.6,125.9,196.6,267.6,390.4,389.9
YUDFOU_clean,1919.4,629.6,342.2,122.6,187.5,247.5,372.4,391.5
YUFLIW_clean,1344.6,495.3,195.3,73.7,126.4,166.4,233.4,231.5
YUFLOC_clean,682.5,246.5,149.7,53.0,80.4,106.6,176.7,186.8
YUGLES_clean,258.5,126.8,102.4,33.7,43.2,54.7,101.5,118.6
YUGZIK_clean,2718.2,875.8,380.7,135.3,222.3,287.3,415.0,423.1
YUHHIU_clean,776.6,278.5,159.4,56.8,88.0,114.6,189.1,195.9
YUJCOX_clean,702.5,335.4,143.8,56.7,96.3,129.8,179.8,178.0
YUJNOH_clean,718.7,333.3,174.4,65.1,107.1,144.6,210.8,219.2
YUKCAJ_clean,1028.1,488.8,242.8,91.2,154.4,210.0,292.2,302.4
YUKKAR_clean,1107.8,477.4,225.6,84.9,141.2,189.5,276.4,278.0
YULNOK_clean,591.8,350.4,308.0,96.5,137.1,178.1,304.9,331.9
YUMFUJ_clean,1502.0,578.7,189.5,76.0,131.6,170.5,225.6,225.5
YUMJAS_clean,775.0,280.8,209.7,70.7,102.1,132.1,229.0,241.0
YUMKAU_clean,1158.2,391.2,216.4,77.8,119.6,157.7,255.0,261.5
YUMYUC_clean,423.6,209.9,168.5,59.3,73.0,94.0,174.3,198.8
YUNJUO_clean,651.4,374.1,192.1,83.9,131.0,178.4,238.4,236.3
YUNKAV_clean,638.3,364.4,194.7,75.8,131.7,176.4,237.4,266.1
YUNKIC_charged,,,,132.1,216.2,286.4,401.3,396.9
YUNXAI_clean,4467.4,1728.3,491.2,207.0,351.0,450.8,547.0,549.0
YUPSIM_clean,428.3,311.1,262.7,84.8,106.4,128.5,242.8,287.5
YURJUR_clean,405.4,165.9,133.6,46.0,61.1,75.7,138.8,155.2
YURKAY_clean,1158.0,395.3,188.5,71.4,112.6,145.1,218.8,225.2
YURKEC_clean,2139.4,815.1,311.0,123.6,197.9,257.2,349.3,353.5
YURKIG_clean,638.5,249.2,186.3,63.6,93.4,120.7,194.9,204.5
YUSGID_clean,876.8,378.5,280.9,96.7,144.0,186.7,321.3,332.6
YUSGOJ_SL,659.4,338.9,288.3,99.3,130.3,168.7,296.8,323.3
YUSWEP_manual,20034.6,6181.7,3882.7,1373.6,1773.2,2203.2,2651.4,2716.5
YUSWEQ_clean,1961.2,816.0,254.4,105.1,186.5,244.5,311.9,311.0
YUSWIU_clean,1943.2,819.5,243.6,104.4,189.4,237.0,296.1,294.4
YUTDUO_clean,2097.3,1219.3,173.2,103.8,189.3,208.9,225.6,369.1
YUTGEZ_clean,213.6,146.1,119.1,39.3,49.9,61.3,114.1,170.9
YUTJAA_clean,,,,81.5,134.4,179.2,267.8,267.2
YUXLEJ_clean,8403.8,3088.6,1338.7,471.7,766.6,934.2,1067.5,1139.1
YUXLIN_clean,8185.0,2679.8,1153.0,470.2,720.9,894.1,1094.5,1123.3
YUXQIS_clean,1594.9,553.8,261.2,97.3,155.3,220.6,309.1,336.1
YUXQOY_clean,1278.9,446.3,198.7,80.4,120.6,162.3,241.0,242.5
YUYBIF_clean,1132.5,572.4,234.2,95.5,170.2,222.5,287.0,287.8
YUYGOQ_clean,1225.0,540.2,273.7,104.6,166.9,220.8,315.6,324.6
YUYLIP_clean,1193.3,536.1,303.3,111.4,174.0,227.6,335.3,338.6
YUYLOV_clean,953.2,416.4,272.0,95.7,147.2,196.4,302.1,313.6
YUZCON_clean,1128.0,476.3,600.9,188.3,247.4,278.1,421.0,487.6
YUZPEQ_clean,2575.9,850.2,936.7,288.0,403.4,451.7,633.7,627.2
YUZPIU_clean,3137.1,1105.0,1113.9,355.2,455.7,525.1,782.8,760.6
YUZPOA_clean,1378.2,481.8,639.5,203.4,246.9,289.0,418.6,446.1
YUZRAO_clean,854.2,342.2,230.5,80.5,119.6,160.2,266.3,276.2
YUZRES_clean,844.3,338.7,233.1,86.8,121.1,159.1,263.5,273.8
YUZXAT_clean,1113.7,627.2,313.5,130.6,228.1,305.1,380.5,389.5
ZABQIC_ion_b,487.3,213.8,189.2,61.5,81.0,100.8,179.7,197.9
ZACHIX_clean,8691.1,3341.0,568.6,283.9,510.2,604.2,636.1,765.0
ZADQUT_clean,2805.2,1621.9,227.6,172.0,226.4,223.8,378.6,604.1
ZADRAA_clean,2594.6,1482.0,228.6,173.7,226.0,225.5,371.3,557.9
ZADREE_clean,2931.8,1652.2,224.2,174.2,222.2,224.0,379.8,614.2
ZADROO_clean,2777.2,1583.6,228.4,175.1,226.5,229.2,368.6,580.8
ZAFXAI_clean,1066.8,446.8,245.2,88.6,140.7,183.3,277.9,284.2
ZAGHAT_clean,776.1,340.9,184.0,68.8,113.5,150.9,223.0,227.6
ZAHLEC_clean,269.1,129.1,124.3,39.2,48.6,58.4,103.6,120.4
ZALDUO_clean,441.8,197.8,153.8,51.5,73.5,92.1,168.2,184.0
ZALGEB_clean,463.9,273.4,226.9,72.5,93.6,113.2,214.4,252.4
ZALREM_clean,1373.4,591.3,198.6,80.5,145.1,186.9,243.1,239.9
ZAQWEW_clean,1094.8,414.1,293.5,103.7,151.2,192.1,304.4,325.5
ZAQZOG_clean,2106.3,864.8,269.6,110.2,196.7,254.9,322.0,318.9
ZARLEL_clean,528.4,210.9,194.9,64.3,83.8,101.7,184.2,198.2
ZARLIP_clean,1553.2,551.2,307.7,110.6,174.3,228.2,343.3,351.7
ZARLOV_clean,12035.7,4951.6,604.2,308.7,527.8,574.8,643.8,1116.0
ZARLUB_charged,,,,90.2,147.2,193.8,282.4,283.7
ZARMAI_charged,,,,81.2,122.0,159.2,249.9,257.1
ZARPUF_clean,452.2,172.0,129.6,45.5,61.5,81.4,144.1,156.1
ZARQAM_clean,857.2,310.1,214.6,74.7,107.4,140.5,243.8,258.9
ZARTAP03_clean,638.0,296.3,234.2,78.1,107.6,136.9,257.6,285.1
ZARVIZ_clean,1160.4,379.1,245.8,88.1,127.9,168.1,266.0,277.6
ZARZAV_clean,1451.5,864.0,288.8,132.6,251.5,321.8,357.0,361.8
ZASJAG_clean,570.1,281.0,221.2,75.5,97.4,125.0,233.9,261.0
ZAVPET_clean,2173.4,887.5,301.6,120.9,207.3,276.1,355.3,354.9
ZAVPIX_clean,1255.7,517.8,223.1,84.7,142.2,192.8,270.6,272.3
ZAVPOD_clean,2161.7,887.6,298.5,118.6,212.9,282.7,357.1,357.2
ZAVPUJ_clean,2118.6,893.7,297.2,126.1,213.0,283.3,358.2,350.7
ZAVQAQ_clean,2235.2,916.9,300.0,120.6,214.3,277.9,356.2,353.1
ZAVQEU_clean,2233.6,928.9,303.9,120.9,215.0,286.6,362.8,364.9
ZAVQIY_clean,2184.3,920.4,299.0,121.0,216.8,278.2,358.0,355.6
ZAVQOE_clean,2179.5,907.7,299.5,123.8,215.0,276.6,356.4,354.4
ZAVQUK_clean,2202.0,938.5,301.3,122.1,217.3,286.0,365.7,356.9
ZAVRAR_clean,2226.8,937.1,300.9,122.8,215.9,282.9,362.2,356.0
ZAVREV_clean,2275.3,953.8,303.0,122.8,216.5,282.1,357.6,359.9
ZAVRIZ_clean,2206.3,915.1,300.8,123.0,223.7,285.2,357.5,362.5
ZAXQOG_clean,903.9,395.6,160.6,63.0,106.0,139.1,191.0,193.5
ZAXQUM_charged,,,,78.6,120.1,155.5,250.0,253.1
ZAXTAV_clean,2664.5,1765.8,358.0,194.3,330.5,339.7,405.2,656.2
ZAYJOA_charged,,,,138.0,155.3,162.6,252.0,333.4
ZAYJUG_clean,1113.8,438.3,365.9,116.3,162.2,204.1,360.7,404.4
ZAZBUZ_clean,592.2,246.9,153.0,54.7,84.7,112.4,184.3,189.8
ZEBMAW_clean,1560.4,612.1,265.0,96.0,163.0,216.1,302.8,312.0
ZEBMEA_clean,1855.4,770.9,317.9,116.2,199.0,262.9,367.2,367.5
ZECKID_clean,300.4,170.0,132.7,42.9,54.7,67.7,127.5,152.8
ZECKOJ_clean,607.2,225.4,171.9,58.2,80.3,103.4,187.5,206.5
ZEDLOL_clean,829.2,393.1,259.6,92.3,148.2,192.0,300.3,308.2
ZEDQEG_clean,883.6,327.9,161.4,59.2,97.3,125.1,189.8,192.4
ZEDROR_clean,1651.9,799.8,313.9,123.1,212.0,277.7,369.6,356.8
ZEDVOV_charged,,,,135.3,194.5,261.5,433.4,452.3
ZEDVUB_charged,,,,183.3,253.9,323.1,521.0,545.5
ZEDWAI_charged,,,,171.6,258.0,321.3,531.3,537.8
ZEDZAL01_clean,1616.2,725.8,237.5,98.5,172.3,221.9,277.9,274.8
ZEDZAL_clean,1670.9,749.6,253.8,101.4,179.8,238.3,293.7,286.1
ZEKRIS_clean,946.0,477.3,183.2,74.3,137.7,174.7,225.0,224.5
ZELQAK_clean,7220.5,2503.7,447.2,212.9,376.9,460.7,492.2,525.9
ZELROZ_manual,151.6,95.2,76.6,25.0,30.3,37.1,68.8,84.0
ZERQOE_clean,1867.5,1352.4,394.1,213.0,402.5,461.3,469.9,558.9
ZESFUY_clean,,,,43.5,66.3,88.3,148.2,155.7
ZETLER_clean,1271.4,546.2,307.2,110.3,176.0,228.6,357.6,355.9
ZEVXAB_clean,6056.1,2095.4,898.0,312.9,507.5,633.9,724.1,806.3
ZEVYAC_clean,6043.6,3528.1,378.8,301.5,371.0,379.9,741.5,1224.3
ZEXKUK_clean,1716.4,790.6,286.5,113.3,198.4,262.6,346.0,346.8
ZEXSOM_clean,2184.9,865.4,365.1,125.8,211.4,263.6,330.7,326.0
ZEZFIV_clean,1015.8,332.4,228.0,81.3,112.6,145.3,227.4,234.2
ZEZPAX_clean,944.4,402.4,198.5,72.7,119.6,158.0,237.1,238.8
ZEZPIF_clean,1214.3,528.3,217.1,79.8,136.9,183.5,251.3,251.8
ZEZPUR_clean,862.0,353.4,193.4,69.1,109.3,146.2,228.2,233.8
ZEZQAY_clean,879.7,358.9,188.4,69.5,111.6,146.7,227.8,229.8
ZEZQEC_clean,899.3,357.0,188.7,68.5,112.2,147.7,228.5,232.3
ZEZQIG_clean,874.8,354.2,198.8,69.6,110.3,146.0,238.0,239.5
ZICCIZ_clean,1567.8,492.8,229.5,84.5,132.0,175.9,261.6,266.7
ZIDBEV_clean,428.3,219.3,177.5,58.8,74.3,94.2,175.1,203.9
ZIDNEH_clean,5737.2,2387.3,720.2,294.8,491.0,605.4,668.7,695.3
ZIDVAL_clean,2454.2,1532.9,466.6,229.6,436.3,522.8,563.1,584.8
ZIGFIG_clean,8408.4,3322.5,616.5,297.8,542.5,618.1,647.7,808.1
ZIHFUR01_clean,1445.9,599.7,324.4,124.0,190.6,257.5,399.9,395.4
ZIHFUR_clean,1409.1,587.3,319.4,122.1,189.0,256.1,386.9,394.5
ZIHTEP_clean,289.6,274.0,225.7,71.6,87.2,102.7,188.6,240.8
ZIJSAO_clean,549.7,255.3,322.1,106.1,122.2,140.3,225.8,256.0
ZIJVOF01_clean,857.6,427.9,185.5,75.4,129.6,169.9,226.3,227.5
ZIKJIO_clean,918.7,324.2,169.7,62.0,95.5,128.3,200.2,207.8
ZIKJOU_clean,950.9,378.0,180.0,66.1,109.2,142.8,214.3,217.3
ZILBAZ_clean,1413.2,569.7,314.8,114.9,181.8,244.8,369.7,377.6
ZILBED_clean,1031.4,378.6,246.7,88.1,129.5,169.3,275.9,287.1
ZILBIH_clean,3971.0,1536.4,403.8,169.4,300.3,388.9,460.4,461.3
ZILBUT_clean,278.1,139.7,127.7,37.5,49.5,59.6,112.0,129.8
ZILFOR_manual,2579.9,858.4,287.7,111.0,185.2,239.4,308.5,308.2
ZIMLAK_clean,722.2,244.6,164.3,56.7,83.0,114.0,181.4,189.2
ZIMLEO_clean,729.5,240.3,165.2,57.1,83.2,108.4,184.5,194.5
ZIMLIS_clean,721.7,237.2,176.1,56.2,82.1,106.8,180.3,189.8
ZIMTAS_clean,952.6,306.0,185.8,62.9,96.9,130.2,203.8,210.3
ZINDAD_clean,5006.4,1774.5,420.8,183.8,324.8,423.7,478.7,511.8
ZIQJEQ_clean,637.9,268.0,244.1,79.5,103.0,128.6,221.1,250.9
ZIQVAY_clean,2181.7,1120.3,323.1,144.2,278.0,325.2,354.5,377.3
ZISFEO01_clean,674.3,354.8,168.7,65.5,110.4,146.6,204.6,204.4
ZISFEO_clean,517.4,247.7,140.7,51.4,82.3,111.2,172.7,173.9
ZISNEW_clean,941.0,375.7,201.7,74.1,124.0,159.5,206.4,207.0
ZISXEG_clean,10444.7,9429.3,965.4,962.7,1160.2,1963.3,4918.3,6229.5
ZISYAD_clean,1353.1,741.4,260.2,111.5,204.5,264.0,318.4,316.6
ZITRUP_clean,338.5,135.9,102.8,34.4,47.5,61.4,112.4,126.1
ZIVCOY_clean,212.1,121.7,149.2,44.9,52.6,60.6,97.1,112.1
ZIWLUO_clean,4131.3,1817.6,519.5,212.4,370.9,469.7,530.9,538.2
ZIZTEJ_clean,2253.8,885.4,352.6,133.3,217.1,289.7,399.5,398.0
ZODXAT_clean,4482.3,1705.1,1527.9,491.1,634.5,747.9,1010.7,960.2
ZOFZIF_clean,1550.1,522.6,206.2,76.8,126.9,169.6,237.1,241.1
ZOFZOL_clean,1044.2,354.8,176.0,65.2,101.8,135.8,209.6,213.0
ZOFZUR_clean,1486.9,511.7,423.5,139.1,193.9,242.9,361.8,362.5
ZOGBAA_clean,1735.7,614.8,158.3,57.1,107.8,134.9,161.7,165.1
ZOHFUZ_clean,10400.6,3920.1,610.5,302.0,557.4,635.0,664.1,869.9
ZOJWAY_clean,,,,597.3,723.8,970.3,2345.9,3647.4
ZOKGAJ_clean,2020.2,869.4,629.6,216.5,316.2,431.6,608.5,599.4
ZOMNEW_clean,1248.4,536.8,239.2,90.6,152.9,200.4,292.5,289.7
ZOMNIA_clean,1287.9,512.8,243.7,95.6,157.1,204.0,302.3,300.0
ZOMNUM_clean,1782.8,768.1,279.2,111.5,194.8,259.6,345.1,345.3
ZOQSUV_clean,946.0,385.3,293.7,97.4,133.4,169.2,268.6,258.4
ZOQTAC_clean,966.3,414.5,303.7,99.1,142.4,185.2,265.5,275.9
ZOQTIK_clean,1166.0,512.9,335.3,113.8,166.2,220.1,296.5,319.9
ZOTKAW_clean,699.9,377.7,323.8,110.4,147.6,192.2,328.7,371.6
ZOXFEZ_clean,1044.4,415.4,172.2,68.9,107.1,144.8,198.9,195.5
ZOXGOK_clean,1069.5,402.4,265.4,94.8,139.5,184.6,308.8,317.6
ZOXNAD_clean,4847.3,3123.9,328.0,235.8,371.7,364.5,622.0,1151.4
ZOXNEH_clean,1523.0,660.0,143.9,66.3,126.7,155.1,180.6,185.5
ZOZCIC_clean,929.9,455.0,299.1,108.6,168.0,231.1,350.0,362.6
ZOZHON_clean,2539.3,1139.5,640.5,236.9,333.8,413.0,507.1,517.1
ZOZKAC_clean,1598.4,834.4,255.6,106.1,194.3,250.2,303.9,300.4
ZOZKEG_clean,2261.1,1039.4,437.0,181.0,315.9,400.7,462.3,477.5
ZOZPUB_clean,783.0,340.9,275.2,92.6,127.8,162.3,287.3,310.7
ZUBFIN_clean,10268.5,5014.1,1437.4,581.3,893.8,1064.9,1159.1,1403.0
ZUDQUM_clean,1021.0,441.0,201.8,76.5,127.0,170.6,238.1,241.9
ZUDRAT_clean,1939.7,772.7,284.3,109.8,186.8,245.6,328.9,332.8
ZUDXAZ_clean,1118.9,511.3,234.9,85.6,154.0,195.1,273.9,272.5
ZUGDEM_clean,956.3,322.3,177.0,63.7,98.1,130.6,206.7,218.2
ZUKNAW_clean,220.0,151.1,158.1,49.2,59.8,67.1,111.5,133.5
ZULNAX_clean,5153.1,2575.4,1201.0,406.7,609.7,753.7,802.7,787.8
ZUNZIT_clean,804.8,392.2,195.6,75.8,129.1,174.0,241.3,242.0
ZUPBET_clean,749.8,370.2,186.6,72.0,120.0,160.6,233.1,233.4
ZUQBUK_clean,4897.8,2123.1,344.9,154.2,287.4,332.4,352.3,485.4
ZUQMAB_clean,1466.5,617.9,310.9,118.7,185.6,242.9,344.9,351.4
ZURQOS_clean,643.8,276.9,169.3,62.4,96.7,127.6,203.5,211.5
ZURROT_clean,789.7,317.2,216.9,76.8,110.2,149.3,246.9,258.3
ZUSBIA_clean,1307.9,640.0,198.9,83.8,150.8,195.6,257.3,248.3
ZUSBOG_clean,524.5,252.8,136.2,50.4,82.5,109.0,166.7,170.8
ZUSNOS_clean,8189.1,3432.5,822.8,318.0,502.9,586.9,633.6,798.3
ZUTBIB_clean,3572.1,2420.7,199.4,183.7,244.3,245.6,592.4,1000.4
ZUTBUN_clean,7894.6,6163.2,354.9,370.0,407.0,467.2,1821.7,2996.6
ZUWXUM_clean,2955.0,1113.4,240.7,106.4,192.5,241.3,284.1,287.0
ZUXPOZ_clean,468.0,207.0,149.0,53.5,76.0,101.9,171.7,183.4
ZUZZEB_clean,436.6,270.0,353.4,106.4,122.8,131.2,216.2,247.2
ac403674p_si_001_clean,567.6,335.5,294.2,91.2,114.9,141.0,262.6,313.2
acs.cgd.5b01554_VAGNUP1452791_clean,1044.5,381.0,310.2,90.5,129.6,177.6,282.5,297.0
acs.cgd.5b01686_WAHFUJ1434675_clean,1971.1,848.0,375.8,139.6,236.2,309.5,435.6,431.8
acs.cgd.6b00463_OLOMUZ1451936_clean,3903.9,1279.3,800.6,280.9,397.5,493.2,678.4,702.0
acs.chemmater.5b03723_cm5b03723_si_004_clean,1213.9,602.0,753.9,221.1,344.9,387.2,466.7,456.8
acs.chemmater.5b03723_cm5b03723_si_005_clean,660.5,313.0,396.6,119.5,157.3,178.0,264.1,295.2
acs.chemmater.6b02817_cm6b02817_si_004_clean,3767.1,1376.0,353.9,141.5,250.5,321.1,377.1,383.3
acs.chemrev.6b00346_cr6b00346_si_001_clean,1153.1,399.8,180.3,64.5,105.2,135.9,199.8,204.6
acs.inorgchem.5b02108_ic5b02108_si_002_clean,1179.5,519.7,165.1,57.7,104.5,138.4,169.3,172.8
acs.inorgchem.5b02316_ic5b02316_si_002_clean,12509.7,7235.6,419.3,412.2,451.2,587.7,1860.0,2681.4
acs.inorgchem.5b02378_ic5b02378_si_002_clean,7604.4,5738.3,588.5,480.6,645.0,653.9,1617.8,2540.8
acs.inorgchem.5b02973_ic5b02973_si_002_clean,1191.1,569.7,272.2,106.4,185.1,259.8,307.1,305.8
acs.inorgchem.6b00081_ic6b00081_si_001_clean,1316.9,599.8,646.3,187.3,245.6,304.3,517.8,544.5
acs.inorgchem.6b00136_ic6b00136_si_002_clean,4386.8,1918.2,385.8,170.6,323.6,377.7,412.3,530.4
acs.inorgchem.6b00276_ic6b00276_si_006_clean,30356.3,12604.4,3454.2,1336.3,2162.2,2261.3,2409.3,3386.8
acs.inorgchem.6b00433_ic6b00433_si_002_clean,1720.1,724.0,352.0,123.6,206.1,278.5,404.2,401.1
acs.inorgchem.6b00894_ic6b00894_si_002_clean,4396.4,2270.3,526.4,234.7,438.0,521.1,568.0,624.4
acs.inorgchem.6b01211_ic6b01211_si_002_clean,1091.5,412.9,254.1,85.0,135.4,165.5,243.0,253.8
acs.inorgchem.6b01416_ic6b01416_si_004_clean,1072.1,537.3,314.0,99.0,162.7,210.4,270.4,300.1
acs.inorgchem.6b01569_ic6b01569_si_002_clean,821.7,433.8,394.3,124.1,160.6,196.6,367.6,420.9
acs.inorgchem.6b01740_ic6b01740_si_002_clean,1791.6,604.1,762.4,233.9,277.5,338.3,480.3,534.7
acs.inorgchem.6b01762_ic6b01762_si_002_clean,507.0,291.2,316.2,96.9,118.0,133.0,227.3,264.3
acs.inorgchem.6b02407_ic6b02407_si_002_clean,1318.8,582.2,176.8,70.8,123.7,162.1,204.3,201.7
acs.inorgchem.6b02407_ic6b02407_si_003_clean,4100.6,2101.0,335.2,175.9,323.5,359.3,380.3,514.9
acs.inorgchem.6b02413_ic6b02413_si_002_clean,8032.4,2726.0,699.1,281.3,492.3,609.8,730.8,713.7
acs.inorgchem.6b02514_ic6b02514_si_002_clean,750.9,298.2,254.7,75.3,122.9,141.6,246.8,269.5
acs.inorgchem.6b02696_ic6b02696_si_002_clean,12642.5,5049.9,2771.5,908.5,1238.0,1463.6,1691.1,1745.4
acs.jpcc.6b04690_jp6b04690_si_005_clean,,,,507.3,690.4,706.4,731.6,797.9
acs.jpcc.6b08594_UiO66_Ce2Zr4_opt_clean,679.1,284.7,212.3,67.2,104.9,135.6,214.6,219.0
acs.jpcc.6b08594_Zn2Cd6MOF5_opt_clean,557.8,222.5,193.9,61.9,82.8,102.9,182.3,208.0
acscombsci.5b00188_24205_clean,1240.0,665.3,186.5,77.2,148.5,184.1,213.5,217.8
acscombsci.5b00188_3001288_clean,124.6,98.4,92.1,25.4,30.7,35.2,64.2,81.5
acscombsci.5b00188_34903_clean,2305.3,1518.8,190.4,131.8,214.2,222.0,297.2,532.8
acscombsci.5b00188_5013797_clean,710.5,251.4,205.6,63.3,89.8,116.2,203.8,219.0
acscombsci.5b00188_5020072_clean,342.4,145.8,120.3,38.2,50.8,65.5,119.7,138.5
acscombsci.5b00188_5024922_clean,249.9,119.5,97.2,30.9,40.6,50.1,94.3,110.7
acscombsci.5b00188_5036495_clean,87.9,73.4,61.1,18.6,21.4,25.1,45.7,59.8
acscombsci.5b00188_5040209_clean,467.3,223.0,132.8,46.9,77.9,103.8,150.6,155.6
acscombsci.5b00188_8372_clean,686.8,234.7,141.7,47.4,72.3,98.6,158.0,164.4
am301365h_si_002_clean,763.3,315.4,266.9,84.9,115.9,147.2,263.9,286.0
c4ce00408f_c4ce00408f2_clean,10306.0,4326.8,760.9,396.9,666.1,756.0,845.4,1107.2
c4dt02048k_c4dt02048k2_clean,672.5,336.4,320.6,94.8,131.9,164.7,301.0,316.9
c4dt03702b_c4dt03702b2_clean,567.4,205.0,172.5,50.2,70.9,91.8,158.4,173.6
c4ra13058h_c4ra13058h2_clean,,,,166.7,266.6,282.8,388.0,672.1
c5cc04223b_c5cc04223b2_clean,559.6,209.3,160.7,52.2,73.5,94.7,171.7,188.8
c5cc09432a_c5cc09432a2_clean,1947.7,801.4,381.0,136.2,220.1,302.3,395.0,399.7
c5cc09935h_c5cc09935h2_clean,1782.3,584.0,257.0,89.0,148.8,195.7,278.4,279.6
c5cc10203k_c5cc10203k2_clean,1482.3,471.4,251.6,87.3,134.3,176.3,268.2,272.4
c5ce00862j_c5ce00862j2_clean,1620.1,665.1,300.2,108.1,184.2,241.5,338.1,343.8
c5ce00923e_c5ce00923e2_clean,,,,178.5,292.2,302.1,353.5,527.5
c5ce00931f_c5ce00931f2_clean,1537.7,748.7,228.2,92.8,168.6,216.1,265.3,265.5
c5ce01790d_c5ce01790d1_clean,1752.4,953.4,488.4,182.5,302.9,395.3,512.1,515.9
c5ce01948f_c5ce01948f2_clean,415.8,338.0,309.9,92.1,119.5,150.8,281.5,316.7
c5ce02194d_c5ce02194d2_clean,1367.6,607.5,493.2,145.4,226.1,264.8,391.7,385.3
c5ce02503f_c5ce02503f2_clean,15746.8,11112.1,771.4,782.7,1580.1,2442.6,5242.1,6526.9
c5cp03920g_c5cp03920g2_clean,470.0,225.8,179.6,58.0,84.3,110.8,194.5,207.2
c5dt01100k_c5dt01100k2_clean,1866.1,613.5,318.0,107.3,171.1,226.8,351.9,353.6
c5dt02651b_c5dt02651b2_clean,808.1,374.7,318.9,104.4,131.4,165.3,309.6,341.0
c5dt03038b_c5dt03038b2_clean,1259.8,551.0,188.8,68.6,124.1,161.0,199.8,201.4
c5dt03091a_c5dt03091a2_clean,429.7,258.3,373.8,110.3,119.2,131.6,200.0,249.1
c5dt03710g_c5dt03710g2_clean,,,,70.3,126.5,158.7,193.1,197.2
c5dt04943a_c5dt04943a2_clean,1087.9,377.3,214.9,75.2,113.6,148.2,216.8,217.0
c5dt05023e_c5dt05023e2_clean,1827.2,908.5,343.5,138.5,247.8,315.2,372.3,375.1
c5gc02393a_c5gc02393a2_clean,1236.4,544.7,290.8,102.0,168.9,217.4,314.2,322.5
c5nj01930c_c5nj01930c2_clean,1278.1,627.7,294.4,109.4,183.3,245.1,332.9,321.0
c5nj02236c_c5nj02236c2_clean,2297.8,1229.2,349.4,134.5,250.2,317.9,341.6,378.5
c5nj02634b_c5nj02634b2_clean,4785.4,2044.2,499.7,210.4,379.9,483.2,567.8,580.0
c5nj03044g_c5nj03044g2_clean,4115.9,2058.5,464.4,192.6,370.8,438.7,450.9,537.5
c5qi00128e_c5qi00128e2_clean,4292.3,1969.4,346.8,149.5,287.6,335.8,354.8,439.5
c5sc00614g_c5sc00614g2_clean,8283.6,4439.4,565.7,321.2,523.1,569.7,667.4,1208.6
c5sc03494a_c5sc03494a2_clean,2901.0,1086.0,253.7,106.2,189.0,240.0,281.6,282.8
c5ta03835a_c5ta03835a2_clean,1894.3,666.4,336.3,116.6,182.1,244.0,365.4,372.9
c5ta04989j_c5ta04989j2_clean,1388.1,571.4,234.2,84.8,147.8,193.7,266.7,264.4
c5ta05481h_c5ta05481h2_clean,5755.7,3078.2,493.4,307.8,449.5,472.8,619.9,1019.9
c5ta09507g_c5ta09507g2_clean,10886.9,6999.7,2482.9,906.4,1364.5,1539.6,1531.1,2012.4
c5ta10401g_c5ta10401g2_clean,,,,580.9,779.6,750.7,986.3,1622.7
c6cc00589f_c6cc00589f2_clean,823.4,315.2,258.7,84.6,116.2,147.6,260.4,279.7
c6cc00589f_c6cc00589f3_clean,146.3,108.3,102.3,29.1,33.9,40.1,74.7,92.5
c6cc00862c_c6cc00862c2_clean,2192.2,806.8,301.1,111.2,194.3,251.4,340.2,339.2
c6cc01597b_c6cc01597b2_clean,1655.4,887.0,223.4,111.8,204.2,222.4,234.3,333.8
c6cc02494g_c6cc02494g1_clean,1816.1,611.6,288.4,104.2,162.7,212.2,316.1,319.2
c6cc02494g_c6cc02494g3_clean,1955.1,677.2,287.9,109.4,166.0,224.4,329.4,322.0
c6cc02494g_c6cc02494g4_clean,1973.9,666.5,291.1,104.2,165.5,223.0,316.7,325.4
c6cc02494g_c6cc02494g5_clean,1775.6,583.9,253.0,90.6,149.0,196.6,285.3,291.6
c6cc02494g_c6cc02494g6_clean,1800.9,609.9,288.9,101.2,162.4,217.4,315.8,322.2
c6cc03787a_c6cc03787a2_clean,802.6,422.5,496.4,140.7,183.8,196.3,324.8,339.6
c6ce00126b_c6ce00126b2_clean,1373.7,803.7,271.2,110.5,208.3,254.1,281.6,291.0
c6ce00141f_c6ce00141f2_clean,3241.5,1113.5,521.9,177.0,280.6,381.9,484.9,499.6
c6ce00407e_c6ce00407e1_clean,952.7,326.2,192.7,66.0,105.3,133.2,215.0,219.1
c6ce00407e_c6ce00407e2_clean,898.5,309.7,207.7,69.1,104.7,137.1,223.8,232.6
c6ce00407e_c6ce00407e3_clean,610.7,234.6,140.9,49.5,78.7,107.4,161.2,164.5
c6ce00407e_c6ce00407e4_clean,4161.9,1340.7,778.7,278.1,390.3,428.6,599.9,599.8
c6ce00407e_c6ce00407e7_clean,979.7,367.1,469.1,134.4,181.6,215.0,307.1,345.1
c6ce00407e_c6ce00407e8_clean,783.9,275.8,150.3,51.6,81.4,107.6,170.3,175.5
c6ce00407e_c6ce00407e9_clean,163.8,106.6,86.4,26.7,32.6,39.6,75.7,94.3
c6ce00465b_c6ce00465b2_clean,711.5,243.4,130.3,39.8,65.1,85.2,127.5,129.1
c6dt01288d_c6dt01288d2_clean,,,,266.1,489.5,563.7,603.8,690.9
c6dt03852b_c6dt03852b2_clean,419.6,152.1,123.3,37.2,53.8,69.6,118.6,127.0
c6dt04165e_c6dt04165e2_clean,560.8,229.6,225.3,69.6,92.5,112.9,197.7,215.8
c6ta00429f_c6ta00429f2_clean,6693.7,2432.0,1574.5,505.4,702.9,861.6,1068.7,1102.0
c6ta07145g_c6ta07145g2_clean,8027.1,3898.0,1148.9,435.2,776.1,899.8,988.7,1017.0
cg034025wsi20030214_115651_clean,899.8,391.9,240.1,81.1,128.8,171.0,265.4,271.3
cg050585esi20051105_115011_clean,855.2,533.3,293.0,125.2,236.9,289.4,333.2,332.4
cg060732osi20070605_042406_clean,937.1,350.1,157.5,56.1,91.9,121.6,176.9,179.9
cg100357q_si_002_clean,1755.0,1072.9,483.5,199.8,352.7,441.6,492.0,499.5
cg200332y_si_002_clean,1641.5,681.5,152.1,63.1,119.8,153.3,184.2,183.3
cg200606r_si_001_clean,994.0,586.4,173.7,70.4,133.5,163.6,189.2,189.5
cg2007167_si_002_clean,1437.8,520.9,404.5,134.5,190.3,244.6,424.7,436.8
cg3002866_si_001_clean,8855.2,3000.7,706.7,279.4,493.7,613.5,703.6,726.2
cg300302n_si_004_clean,237.5,235.8,213.6,62.9,73.7,84.7,154.0,198.9
cg300827e_si_003_clean,10516.4,4523.8,827.0,372.3,688.5,811.0,866.1,1044.8
cg300979c_si_002_clean,1005.7,440.2,392.5,123.3,174.0,211.8,368.8,400.8
cg3015354_si_002_clean,1204.4,448.5,321.2,102.5,152.1,202.3,324.3,327.3
cg301577a_si_002_clean,699.0,258.6,196.3,61.2,91.0,119.4,180.3,186.0
cg301725z_si_004_clean,1205.6,533.2,199.3,71.4,124.3,163.0,205.5,209.3
cg400449c_si_001_clean,1195.2,416.6,244.9,78.3,117.8,155.5,226.2,229.2
cg4012185_si_002_clean,,,,346.6,562.0,531.9,863.9,1536.3
cg401858s_si_002_clean,1058.7,435.1,278.1,97.3,147.5,191.5,302.8,313.7
cg401887b_si_003_clean,1735.0,598.2,235.9,86.7,143.6,193.4,270.9,274.4
cg401887b_si_004_clean,1651.5,556.7,237.3,87.9,142.7,188.6,272.7,271.2
cg500033b_si_002_clean,3031.2,1344.0,448.9,180.5,321.1,417.8,508.5,500.1
cg500033b_si_003_clean,2656.3,1493.7,442.8,202.6,374.1,460.2,510.5,520.3
cg500091k_si_002_clean,1054.1,378.1,239.2,80.8,122.3,162.8,260.1,265.0
cg500121f_si_004_clean,637.9,341.9,197.2,70.1,117.5,154.4,223.2,227.1
cg500149s_si_002_clean,692.3,439.8,386.8,125.1,171.6,217.4,385.6,422.7
cg500192d_si_002_clean,3063.8,1468.4,361.5,152.5,278.7,344.4,381.1,401.8
cg500192d_si_003_clean,505.8,192.6,156.7,50.6,69.8,89.4,160.4,177.3
cg5008236_si_002_clean,,,,1220.2,1700.9,2072.5,2529.3,2472.5
cg501012e_si_002_clean,1216.7,541.1,257.3,92.9,146.9,199.1,290.7,289.5
cg5010616_si_003_clean,1218.1,613.3,231.4,87.8,156.2,207.9,262.9,262.4
cg5010616_si_007_clean,1144.3,580.7,221.0,85.1,151.3,199.9,257.9,256.7
cg501141m_si_002_clean,4477.1,1902.7,515.0,210.0,394.2,484.8,550.5,568.0
cg501141m_si_003_clean,2973.9,1433.3,387.6,163.3,305.9,377.3,432.6,440.7
cg501231v_si_001_clean,2620.2,971.8,981.9,300.8,408.9,487.1,703.9,711.3
cg5012617_si_002_clean,714.8,458.2,499.7,146.1,192.1,233.8,389.4,447.0
cg501279y_si_002_clean,1313.4,729.9,339.3,128.6,227.3,298.8,380.0,374.1
cg501332u_si_002_clean,480.7,322.4,300.6,88.3,115.8,141.2,267.5,301.6
cg501560z_si_002_clean,1672.7,551.3,316.5,108.8,165.2,216.1,341.2,351.6
cg501560z_si_003_clean,134.5,110.9,95.7,29.4,34.5,39.8,71.0,92.4
cg501730q_si_002_clean,1607.2,621.1,273.2,99.1,160.6,212.6,310.1,304.7
cg800424t_si_002_clean,1196.1,424.4,292.3,95.5,143.9,190.5,315.3,326.7
cg801267m_si_001_clean,,,,125.3,223.8,296.2,360.0,366.6
cg801267m_si_002_clean,,,,124.3,221.8,298.8,364.0,366.8
cg801267m_si_003_clean,,,,101.5,169.8,225.0,314.2,317.3
cg801267m_si_004_clean,,,,100.3,168.4,221.1,315.3,317.8
cg8013317_si_003_clean,2113.1,998.4,347.3,136.9,246.3,329.5,400.1,392.7
cg900153m_si_001_clean,2597.3,855.9,445.7,154.2,233.8,310.8,460.3,439.4
cg901114e_si_002_clean,543.9,277.2,231.9,73.5,110.2,138.0,241.1,257.1
cg901128k_si_004_clean,613.5,394.1,354.3,110.5,149.7,189.6,342.5,383.7
cg901312t_si_002_clean,4884.9,1792.2,1602.2,513.4,667.6,797.2,1079.7,1110.5
cm071462f-file004_clean,878.0,366.5,168.3,60.2,100.1,130.2,184.3,187.1
cm1008587_si_003_clean,675.2,294.9,176.4,60.0,96.2,129.1,204.3,205.5
cm202876r_si_002_clean,2682.9,1653.6,355.7,182.4,340.0,396.1,416.0,526.1
cm301726k_si_004_clean,890.3,412.7,248.3,87.1,139.4,186.8,278.3,280.2
cm303749m_si_001_clean,401.1,149.9,129.0,36.4,54.9,68.5,120.3,129.4
cm303749m_si_002_clean,274.7,140.6,122.9,36.9,48.0,61.3,113.4,129.7
cm500700z_si_002_clean,2231.1,881.8,277.2,108.1,191.5,247.9,313.9,311.6
cm500700z_si_003_clean,5928.0,2369.0,842.9,291.6,484.9,596.1,696.9,690.0
cm501138g_si_002_clean,596.8,233.5,160.1,54.5,83.8,113.0,175.2,180.0
cm501138g_si_005_clean,628.8,239.8,159.7,54.7,84.7,111.8,176.4,180.1
cm501138g_si_006_clean,604.0,236.8,158.9,54.8,84.1,110.7,175.0,184.6
cm501138g_si_008_clean,610.3,236.9,157.9,56.5,84.2,111.8,174.6,179.4
cm501138g_si_009_clean,609.0,231.4,165.2,54.7,83.8,110.4,174.2,178.8
cm501138g_si_010_clean,605.0,231.8,159.7,55.8,84.1,110.9,175.7,180.8
cm501138g_si_011_clean,615.1,234.1,157.8,54.7,82.4,110.9,175.3,180.9
cm501138g_si_012_clean,607.1,236.0,158.3,54.2,82.9,110.5,176.7,182.9
cm503311x_F-mil-53-Al-lp-mono_clean,2321.1,921.2,265.8,104.7,191.3,246.2,305.2,304.7
cm503311x_F-mil-53-Al-lp-ortho_clean,1891.6,772.7,232.0,88.8,172.6,209.5,247.3,249.9
cm503311x_OH-mil-53-Al-lp-ortho_clean,1836.8,749.2,244.6,90.1,158.5,206.7,263.7,258.4
cm503311x_alf100K_clean,1094.1,419.9,174.8,63.0,108.0,142.1,205.8,204.4
cm503311x_alf11K_clean,1063.3,405.0,172.8,61.7,103.5,138.5,199.9,203.9
cm503311x_alf125K_clean,1073.4,405.9,174.9,65.3,103.8,140.2,202.8,205.5
cm503311x_alf150K_clean,1090.1,410.6,172.4,62.9,104.1,139.2,203.9,205.6
cm503311x_alf175K_clean,876.5,337.0,156.3,50.8,90.7,114.6,163.0,166.4
cm503311x_alf200K_clean,895.0,342.8,153.0,50.7,86.0,113.0,163.1,168.9
cm503311x_alf225K_clean,880.3,339.0,155.0,50.6,85.6,113.9,164.7,166.9
cm503311x_alf250K_clean,889.3,337.0,155.4,50.8,85.9,114.2,166.4,166.2
cm503311x_alf275K_clean,884.0,338.3,154.9,50.6,87.6,114.1,162.6,163.7
cm503311x_alf290K_clean,894.6,340.4,155.4,50.7,85.5,116.8,163.1,170.6
cm503311x_alf300K_clean,902.6,341.5,154.1,50.3,90.8,114.6,163.9,165.3
cm503311x_alf325K_clean,867.9,333.9,153.0,52.8,86.1,113.0,165.6,164.9
cm503311x_alf350K_clean,854.6,326.2,154.5,50.2,85.0,113.6,162.8,167.3
cm503311x_alf375K_clean,839.7,326.7,154.5,50.3,85.3,113.1,165.2,167.5
cm503311x_alf400K_clean,857.9,332.6,152.8,50.5,84.9,112.7,166.6,164.6
cm503311x_alf40K_clean,1070.8,406.4,172.0,62.6,104.0,138.5,202.8,203.6
cm503311x_alf425K_clean,868.2,330.4,153.9,50.1,85.6,114.8,162.4,164.0
cm503311x_alf475K_clean,867.3,342.9,155.0,50.6,84.6,115.3,163.6,166.3
cm503311x_alf500K_clean,830.0,324.5,154.5,50.5,85.6,113.5,162.8,166.9
cm503311x_alf70K_clean,1076.1,404.8,172.4,62.2,104.3,138.9,200.7,201.4
cm503311x_aloh150K_clean,895.2,342.7,154.7,50.7,85.6,117.9,164.7,165.0
cm503311x_aloh175K_clean,913.7,342.1,155.9,54.9,86.2,114.1,164.8,166.5
cm503311x_aloh200K_clean,913.6,348.6,153.4,51.8,86.4,115.1,164.5,168.4
cm503311x_aloh225K_clean,914.4,344.4,155.6,51.8,85.8,114.8,164.7,168.4
cm503311x_aloh250K_clean,909.8,345.2,156.9,50.8,85.4,118.5,163.2,168.4
cm503311x_aloh275K_clean,911.4,351.7,153.1,50.7,85.8,116.3,165.6,167.4
cm503311x_aloh300K_clean,909.6,341.3,155.3,50.7,84.6,113.1,163.1,165.2
cm503311x_aloh325K_clean,893.4,343.5,155.3,51.6,85.6,114.8,162.4,165.9
cm503311x_aloh350K_clean,901.4,345.9,153.2,50.7,88.1,115.0,163.4,166.1
cm503311x_aloh375K_clean,907.9,347.8,153.5,51.4,86.1,114.1,163.3,168.0
cm503311x_aloh400K_clean,910.4,347.4,153.5,50.9,86.2,114.3,163.4,167.1
cm503311x_aloh425K_clean,920.0,349.7,153.7,52.2,86.8,116.7,164.7,167.1
cm503311x_aloh450K_clean,931.1,348.6,154.4,51.6,86.4,114.0,163.7,167.4
cm503311x_aloh475K_clean,918.0,346.0,153.0,52.6,85.8,118.8,164.4,166.1
cm503311x_aloh500K_clean,944.5,348.1,154.7,50.9,87.3,117.1,169.0,167.5
cm504350q_si_002_clean,10687.4,5031.2,1200.5,531.4,912.9,1077.2,1167.1,1281.0
cm901983a_si_001_clean,11806.6,5397.3,2592.1,1149.3,1604.8,1737.5,1719.2,1940.9
comp2_clean,2371.6,1038.2,501.7,182.7,300.0,390.0,534.7,541.3
ic025743v_s1_clean,353.7,178.2,142.1,45.3,61.1,77.7,140.3,161.6
ic034943jsi20030807_040506_clean,2868.0,1519.0,530.5,220.1,406.1,509.4,607.5,615.9
ic050064gsi20050115_040515_clean,1057.2,400.1,192.0,70.1,113.8,150.4,228.0,229.3
ic051810ksi20060220_094504_clean,1467.9,556.3,216.2,83.1,139.2,185.7,253.8,255.4
ic0520162si20051122_054836_clean,3136.8,1338.1,598.3,231.7,382.8,522.1,701.8,690.7
ic060030osi20060309_091447_clean,648.2,269.6,204.9,69.6,101.1,130.7,221.8,234.3
ic060608urom20060410_101638_clean,1654.6,951.3,263.6,119.6,229.5,282.3,320.4,328.6
ic060771psi20060614_113937_clean,439.4,197.9,113.7,40.9,65.5,87.8,136.4,143.2
ic062019u-file003_clean,2091.6,934.1,432.3,151.9,252.0,342.7,448.0,435.9
ic070274o-file006_clean,1157.9,403.9,261.7,89.9,135.9,177.3,287.9,297.5
ic100188w_si_002_clean,984.9,517.0,305.8,113.4,190.7,248.6,360.1,365.5
ic1010083_si_002_clean,12926.4,6936.1,1117.6,589.0,1004.3,1108.5,1169.6,1906.3
ic101789u_si_002_clean,839.0,335.5,153.9,56.1,92.4,122.3,179.0,182.3
ic101935f_si_002_auto,2943.7,935.9,368.6,138.7,226.8,293.2,406.0,407.1
ic102347b_si_001_clean,1456.4,533.7,217.2,82.6,142.3,182.7,261.3,261.5
ic200054b_si_002_clean,2426.1,1479.2,297.9,171.8,306.0,330.7,354.8,532.5
ic2017598_si_001_clean_h,244.5,135.1,109.8,35.2,44.9,54.6,103.3,135.2
ic202626c_si_002_clean,1562.2,669.0,304.5,114.7,189.6,252.1,363.3,372.8
ic202769e_si_002_clean,878.8,486.2,299.7,110.2,180.6,240.4,364.7,351.7
ic300665a_si_002_clean,3291.1,1349.9,463.9,191.6,327.4,423.4,503.0,502.0
ic3019502_si_002_clean,966.1,350.4,185.0,64.9,102.0,136.8,217.7,221.7
ic302758g_si_002_clean,3529.7,2231.4,750.6,363.3,603.1,682.0,685.0,801.1
ic400607w_si_001_clean,994.9,362.2,228.6,80.0,120.2,159.1,261.6,265.2
ic400777c_si_002_clean,1586.1,807.7,252.3,108.8,196.4,248.4,296.2,295.3
ic401157n_si_002_clean,1190.5,440.5,303.0,104.2,151.7,201.3,317.2,329.4
ic401157n_si_003_clean,1442.6,566.7,242.0,91.2,150.1,197.3,283.1,284.2
ic402058f_si_002_clean,1150.9,630.0,282.2,113.7,207.8,260.1,327.8,329.6
ic402058f_si_003_clean,1564.3,864.8,285.9,122.4,223.4,285.9,339.7,337.9
ic402058f_si_004_clean,1494.3,762.4,283.2,117.6,213.1,272.2,333.2,332.5
ic402058f_si_005_clean,1986.8,1143.7,408.8,178.2,319.7,402.2,484.2,466.1
ic402692p_si_002_clean,1584.3,634.5,236.9,92.2,159.4,207.9,280.8,275.8
ic402692p_si_003_clean,2417.4,1183.7,308.6,131.7,246.7,303.6,354.0,357.8
ic402692p_si_004_clean,1308.8,484.9,221.4,81.0,132.3,175.0,252.5,257.2
ic402692p_si_005_clean,1447.9,551.8,227.5,86.6,139.2,184.3,260.6,264.3
ic403134c_si_002_clean,1816.3,932.5,251.4,119.3,226.8,285.1,307.6,321.3
ic403175w_si_002_clean,860.1,602.7,335.4,151.0,284.7,352.0,383.9,379.2
ic500323r_si_001_clean,589.2,272.7,208.9,73.0,101.6,133.8,239.2,254.8
ic500323r_si_002_clean,692.0,318.0,243.5,82.8,120.1,155.9,271.5,290.3
ic5005374_si_003_clean,3035.2,1025.4,642.8,214.9,294.2,376.2,517.1,518.0
ic5008457_si_002_clean,759.9,296.2,192.5,66.8,101.8,132.9,216.7,223.6
ic5011133_si_002_clean,1191.7,499.6,245.3,89.2,143.3,188.4,270.9,275.3
ic5011133_si_003_clean,624.2,244.3,153.9,54.6,82.5,109.6,179.2,184.4
ic5011133_si_004_clean,927.6,333.9,208.7,72.3,110.8,146.1,241.9,247.1
ic501477u_si_002_clean,589.8,247.2,199.1,66.6,90.2,114.5,205.3,227.2
ic501801f_si_002_clean,1255.1,503.5,369.2,125.8,181.1,233.8,393.8,415.7
ic501801f_si_003_clean,2791.9,1166.4,1433.8,474.5,568.2,661.2,1058.6,1102.8
ic501849g_si_002_clean,1135.6,461.2,254.0,90.7,143.1,191.1,297.4,299.6
ic5021302_si_002_clean,1684.9,696.1,289.5,112.5,183.9,247.1,327.2,331.0
ic502254c_si_002_clean,1423.5,479.5,301.2,105.4,155.0,204.7,331.1,334.4
ic502478u_si_003_clean,1363.6,935.9,1014.6,321.6,380.7,426.3,735.7,845.2
ic502488c_si_002_clean,2232.3,1082.9,389.9,158.6,281.3,362.4,438.9,443.6
ic502643m_si_003_clean,3937.0,1307.7,364.8,147.0,264.9,345.7,424.4,421.5
ic502643m_si_006_clean,3401.8,1241.8,325.8,135.8,242.2,303.0,377.6,374.3
ic502643m_si_007_clean,368.5,170.1,156.4,49.5,64.6,80.4,143.0,160.1
ic502643m_si_008_clean,1279.9,488.9,238.4,84.7,136.6,179.8,254.1,255.9
ic502643m_si_009_clean,407.5,179.6,159.0,51.9,68.4,85.2,152.2,168.9
ic502643m_si_010_clean,415.6,180.4,162.1,53.0,69.9,86.0,152.7,168.7
ic502643m_si_011_clean,612.8,212.1,187.5,59.6,80.7,99.9,172.9,184.1
ic502643m_si_012_clean,849.5,295.0,230.9,75.9,106.7,136.5,224.2,232.0
ic502725y_si_004_clean,1053.0,383.8,226.0,77.3,124.8,165.8,263.5,266.6
ic502730y_si_002_clean,1360.5,529.5,229.1,85.9,151.4,192.6,272.5,274.7
ic502921j_si_002_clean,1573.7,566.5,332.5,95.5,152.1,202.7,287.0,298.8
ic502921j_si_003_clean,1493.4,592.6,308.6,112.1,178.7,235.4,353.3,361.3
ic5029383_si_002_clean,916.9,334.2,302.6,103.9,134.4,169.1,275.7,296.7
ic5b00096_auto,4691.7,1642.7,719.0,255.6,409.4,527.8,721.0,715.0
ic5b00096_si_002_clean,17423.4,7142.9,993.7,474.4,851.3,958.5,1014.5,1508.6
ic5b00130_si_002_clean,715.0,398.6,313.3,115.2,175.8,230.3,375.6,371.2
ic5b00194_si_002_clean,766.6,294.0,230.8,78.0,112.3,139.6,221.9,225.4
ic5b00535_si_002_clean,1151.0,403.7,238.6,81.1,127.7,170.8,262.0,269.8
ic5b00561_si_002_clean,2846.5,1603.0,573.1,293.5,544.1,598.3,626.1,650.0
ic5b01023_si_002_clean,6053.9,2622.8,586.7,258.8,478.8,583.6,631.2,690.9
ic700893w-file001_clean,595.7,351.3,281.5,96.1,140.1,177.8,313.7,339.9
ic7014034-file001_clean,1244.8,516.4,300.7,107.0,168.8,219.0,312.2,321.5
ic7025158-file001_clean,156.2,68.4,48.4,16.2,22.6,28.9,54.1,60.9
ic800131r-file003_clean,327.7,164.4,139.9,44.0,56.2,69.9,129.9,151.9
ic8004536-file004_clean,1069.2,395.5,299.2,101.2,142.6,183.6,324.6,357.0
ic8008859_si_001_clean,4232.2,1754.0,722.1,280.5,449.9,584.1,768.8,737.9
ic801677y_si_001_clean,,,,98.9,166.5,220.7,316.6,319.4
ic9002115_si_001_clean,5138.9,2797.9,584.0,281.1,523.7,624.8,670.3,746.4
j.ica.2016.05.002_2_clean,1621.7,623.4,383.3,127.5,195.3,265.6,401.4,422.0
j.ica.2016.08.030_3_clean,913.5,360.9,207.5,73.8,117.4,150.8,243.5,243.4
j.inoche.2015.01.025_INC05862-mmc2_clean,2453.9,1219.7,226.7,114.2,212.7,256.1,288.8,317.3
j.inoche.2015.02.023_INC05895-mmc1_clean,1400.4,832.1,248.3,108.6,211.6,256.3,282.4,295.0
j.inoche.2015.03.005_INC05902-mmc1_clean,,,,561.1,632.2,618.2,717.4,959.5
j.inoche.2015.03.028_inc05925-mmc2_clean,3209.4,1348.3,275.8,124.1,230.9,289.6,340.8,339.6
j.inoche.2015.03.054_CIFs_clean,417.3,151.8,117.0,39.3,54.7,69.7,124.2,134.9
j.inoche.2015.12.019_1_clean,1793.1,743.9,236.8,97.6,168.6,219.3,279.3,284.2
j.jssc.2014.11.015_mmc2_clean,2666.5,1399.8,324.5,179.3,308.2,363.0,394.9,422.1
j.jssc.2015.05.012_mmc6_clean,1491.5,718.5,280.6,110.5,191.9,253.5,339.2,335.2
j.jssc.2015.08.048_mmc2_clean,4816.3,3329.9,325.6,262.2,364.6,372.4,771.8,1357.1
j.jssc.2016.06.015_ZJU-10_clean,1252.3,443.5,222.9,80.3,128.8,165.2,232.7,235.0
j.jssc.2016.09.008_mmc8_clean,524.9,253.7,193.6,66.2,96.2,127.3,218.6,229.9
ja039022msi20031007_110612_clean,901.9,496.1,316.0,117.3,191.8,252.5,373.3,377.5
ja0660047si20060818_060256_clean,3238.4,1158.3,320.0,118.7,211.4,268.6,317.7,321.9
ja0660047si20060818_060458_clean,3508.6,1622.4,317.2,143.1,271.9,336.5,381.2,397.3
ja0734952si20070516_030528_clean,8477.1,3930.2,751.2,382.6,691.9,775.0,807.3,1076.7
ja074366osi20070816_031204_clean,258.1,136.5,110.2,35.4,44.8,56.0,104.4,123.9
ja0752540-file002_clean,4174.2,1567.8,471.7,189.9,323.6,419.4,506.7,514.4
ja076167asi20070815_063752_clean,1426.4,528.6,348.2,117.1,174.5,227.8,341.0,346.1
ja078060t-file002_clean,5575.4,1924.7,1364.7,452.0,606.2,698.4,972.8,916.0
ja101440z_si_001_clean,1475.8,675.9,226.4,87.7,160.1,208.5,260.9,259.5
ja102862j_si_005_clean,2255.2,867.8,323.7,121.1,207.6,278.9,359.3,357.8
ja109659k_si_002_clean,627.4,253.5,154.2,54.6,84.3,111.6,181.3,181.6
ja110042b_si_003_clean,2128.8,740.2,362.3,129.9,201.7,264.2,377.5,393.1
ja111042f_si_002_clean,583.1,170.5,143.1,40.6,59.8,75.6,130.3,138.2
ja202154j_si_003_clean,1188.9,441.6,335.9,108.8,157.4,208.7,355.3,377.2
ja203898s_si_004_clean,726.4,309.7,183.0,65.2,101.7,135.3,208.8,214.1
ja205976v_si_004_clean,690.6,269.9,197.2,67.2,95.6,122.8,219.1,236.1
ja205976v_si_006_clean,826.4,295.0,165.8,57.7,88.3,117.5,193.0,198.6
ja206029a_si_003_clean,,,,153.3,284.3,339.3,357.8,419.1
ja206917z_si_001_clean,373.5,270.8,232.8,73.5,94.2,115.2,213.6,254.3
ja300034j_si_002_clean,821.8,275.2,172.9,60.0,89.3,117.5,196.4,205.3
ja302110d_si_001_clean,1939.4,663.7,306.6,112.2,177.5,246.4,357.7,361.7
ja302340b_si_002_clean,1147.2,505.1,378.7,136.5,188.8,246.9,393.9,403.4
ja302380x_si_003_clean,1571.4,704.4,267.7,105.1,174.9,226.8,289.0,288.8
ja3082523_si_004_clean,4477.6,1539.4,1606.1,534.4,700.8,788.3,1136.1,1175.3
ja308995t_si_002_clean,588.1,286.1,216.8,75.6,111.2,148.2,245.1,255.8
ja4012707_si_003_clean,640.5,238.4,101.5,37.8,63.1,83.2,127.4,131.9
ja4012707_si_004_clean,487.2,171.6,100.4,34.9,54.5,71.4,120.1,123.5
ja4015666_si_002_clean,659.2,228.6,164.4,54.5,78.9,103.2,183.0,188.4
ja4015666_si_003_clean,663.8,226.8,165.2,55.7,79.9,104.6,177.6,188.7
ja4015666_si_005_clean,692.8,239.9,168.5,57.0,83.2,105.8,180.7,191.5
ja403810k_si_002_clean,5750.4,2046.0,2028.5,653.3,804.9,966.3,1363.0,1364.8
ja403810k_si_003_clean,11620.1,3977.2,2758.4,883.3,1202.4,1384.0,1904.9,1897.8
ja4050828_auto,345.0,195.3,195.4,61.6,76.0,92.0,155.9,177.4
ja406030p_si_002_manual,747.2,296.3,171.4,61.1,96.7,129.2,200.0,204.8
ja406030p_si_003_clean,612.2,249.2,191.7,66.4,98.4,127.6,201.1,208.1
ja406030p_si_004_clean,740.1,295.3,215.7,73.5,110.5,142.9,223.9,231.4
ja406030p_si_005_manual,850.7,331.4,236.5,84.6,124.3,160.6,248.3,253.4
ja406030p_si_006_manual,855.4,331.6,232.5,80.5,121.0,161.1,241.7,250.5
ja406030p_si_007_manual,781.6,311.5,181.1,65.0,103.9,138.7,212.6,216.0
ja406030p_si_008_manual,839.5,336.9,233.7,81.0,122.2,157.5,241.5,251.2
ja406030p_si_009_manual,973.0,389.8,251.5,88.4,131.7,170.0,264.3,267.9
ja406030p_si_010_clean,,,,570.1,763.7,776.3,1369.0,2410.8
ja406844r_si_002_clean,878.4,336.3,228.5,79.6,117.5,153.9,239.2,245.4
ja407778a_si_003_clean,567.1,218.5,148.3,51.4,76.9,101.7,171.6,182.0
ja408959g_si_002_clean,470.7,216.1,216.3,72.2,87.3,104.6,184.7,209.0
ja408959g_si_003_clean,951.2,377.1,370.0,122.6,156.6,198.8,326.5,352.8
ja410368j_si_002_clean,1368.3,501.3,340.8,111.5,167.4,221.3,359.3,372.1
ja411887c_si_002_clean,2936.9,1016.2,367.8,140.0,234.2,302.4,424.9,418.4
ja500330a_si_005_clean,1708.6,669.8,306.9,113.8,188.1,251.4,354.6,347.6
ja500330a_si_006_auto,5480.9,1758.1,741.2,271.8,441.6,573.9,805.0,787.8
ja500330a_si_007_auto,470.5,472.5,665.3,185.1,208.7,211.3,311.6,365.8
ja500330a_si_009_auto,1888.3,643.4,442.9,142.1,213.6,284.3,437.0,439.4
ja501810r_si_002_clean,572.4,207.0,146.7,48.3,71.8,95.8,156.5,164.2
ja5063423_si_002_clean,560.2,200.8,143.4,47.3,69.9,89.8,162.3,171.2
ja506357n_si_002_clean,1227.7,740.2,265.2,114.3,210.0,265.5,309.5,309.5
ja507119n_si_002_clean,4001.5,1599.4,478.6,223.4,422.8,497.6,528.2,536.8
ja507269n_si_002_clean,373.1,162.9,138.7,45.6,60.3,74.3,136.3,154.5
ja507269n_si_003_clean,384.7,164.6,136.7,45.0,60.0,75.8,135.1,151.6
ja507947d_si_001_auto,350.3,261.9,337.7,105.1,122.2,133.6,204.1,242.7
ja507971r_si_004_clean,791.0,517.7,192.4,86.8,163.9,198.6,219.8,228.0
ja508679h_si_001_clean,13638.9,7020.6,599.7,612.7,650.3,804.2,1996.4,2796.7
ja5103103_si_002_auto,1144.5,522.7,756.9,237.2,278.1,317.1,494.1,501.2
ja510525s_si_002_clean,1577.0,557.5,265.8,96.0,153.9,201.5,305.3,304.8
ja510525s_si_003-1_clean,1362.7,473.5,244.6,92.5,138.1,180.8,279.9,289.7
ja5109535_si_002_clean,7895.4,2958.0,563.9,250.6,461.3,552.7,595.5,689.2
ja5111317_ja5111317_si_002_auto,2356.3,769.5,333.8,126.1,201.5,263.7,383.0,382.4
ja5111317_ja5111317_si_003_clean,2871.0,1031.7,1386.5,386.3,507.1,560.0,817.0,876.9
ja512137t_si_002_clean,784.9,307.1,175.4,62.3,97.0,128.0,199.8,203.4
ja512311a_si_003_auto,333.9,319.4,387.9,117.9,130.5,142.6,218.0,258.5
ja512311a_si_007_auto,265.2,251.4,327.6,102.4,108.8,118.8,160.6,204.5
ja512437u_si_002_clean,2368.2,1116.5,375.2,151.8,269.8,343.9,425.7,430.0
ja512437u_si_003_clean,2351.2,1102.1,379.0,151.9,272.8,343.2,452.3,420.5
ja512437u_si_004_clean,2537.5,1212.7,398.7,161.2,278.6,365.8,418.9,426.7
ja512762r_si_002_auto,606.6,255.0,212.2,70.7,92.8,117.5,212.0,237.4
ja512973b_si_002_auto,1785.9,582.1,367.1,126.1,191.3,252.9,397.3,407.8
ja512973b_si_003_auto,1793.2,575.4,346.2,119.6,183.6,242.1,383.9,390.5
ja512973b_si_004_auto,1901.9,613.0,337.8,117.2,182.6,228.5,370.3,377.6
ja512973b_si_005_auto,99.6,95.8,103.3,31.8,34.8,37.2,55.4,68.6
ja5131269_si_002_clean,521.7,200.3,150.2,51.4,74.3,96.5,163.7,173.9
ja5131269_si_003_clean,535.5,204.5,150.5,51.1,74.9,97.9,166.6,172.3
ja5b00365_si_002_clean,300.8,207.9,242.2,75.6,85.2,98.3,157.0,189.0
ja5b00450_si_002_clean,,,,150.8,284.7,356.8,407.3,409.4
ja5b00450_si_003_clean,19567.5,9629.7,1884.4,916.1,1484.0,1636.1,1728.3,2678.3
ja5b02556_si_002_clean,675.7,405.8,193.7,77.8,138.8,190.5,232.9,235.3
ja5b02897_si_003_clean,647.9,228.6,158.0,50.6,73.8,97.0,162.9,169.3
ja5b02999_si_002_clean,680.8,227.0,164.2,55.0,79.2,102.7,176.5,187.4
ja5b02999_si_003_clean,2693.6,896.1,325.1,131.2,207.7,278.4,380.8,363.9
ja5b02999_si_004_clean,2660.6,914.5,333.4,126.6,221.1,274.0,371.4,373.3
ja5b02999_si_006_clean,647.6,224.4,164.3,55.7,79.3,106.4,176.1,187.4
ja5b02999_si_007_clean,613.7,205.6,149.2,50.7,71.7,92.1,161.1,173.2
ja808995d_si_002_clean,1080.5,573.8,737.0,271.8,348.7,425.4,612.8,613.8
ja809985t_si_002_clean,2595.3,846.7,943.6,327.3,380.6,455.5,628.1,696.9
ja903726m_si_002_clean,441.4,202.4,166.8,53.9,72.1,89.8,169.1,188.5
ja905009e_si_002_clean,725.9,260.7,199.8,67.2,93.6,121.1,215.9,233.4
ja907023c_si_001_clean,1175.0,409.4,261.4,90.6,135.5,175.9,285.2,301.8
ja907023c_si_002_clean,1176.2,402.3,266.7,89.9,136.0,179.6,289.9,298.0
ja907023c_si_003_clean,1185.3,414.8,264.0,91.5,134.1,176.1,294.6,297.1
ja907023c_si_004_clean,1155.7,403.2,264.0,91.5,133.7,177.1,284.3,297.2
jacs.5b11034_ja5b11034_si_002_clean,3837.7,1515.9,347.9,147.4,273.2,330.9,352.3,381.0
jacs.5b11079_ja5b11079_si_002_clean,1850.7,662.0,500.9,149.1,207.0,261.5,343.3,364.1
jacs.5b12516_ja5b12516_si_002_clean,1803.5,613.1,429.1,148.3,219.0,290.4,466.7,483.3
jacs.5b12516_ja5b12516_si_003_clean,1871.2,651.4,442.5,150.5,223.1,292.6,468.6,498.6
jacs.5b12516_ja5b12516_si_004_clean,1899.6,631.3,437.1,155.6,221.0,293.3,478.6,482.4
jacs.5b13491_ja5b13491_si_002_clean,3427.2,1239.1,336.2,135.8,242.9,314.0,378.3,382.0
jacs.6b01345_ja6b01345_si_001_clean,2393.9,1086.4,1095.0,397.4,497.3,610.1,712.6,700.1
jacs.6b01663_ja6b01663_si_002_clean,157.7,137.6,162.0,48.1,53.2,60.1,93.9,113.5
jacs.6b01663_ja6b01663_si_003_clean,194.7,154.7,182.8,57.2,64.9,70.4,111.0,133.7
jacs.6b02030_ja6b02030_si_002_clean,2110.6,763.7,298.5,111.4,190.0,246.2,343.0,344.5
jacs.6b02030_ja6b02030_si_003_clean,2282.9,878.3,287.9,114.8,189.9,246.7,333.7,321.3
jacs.6b02030_ja6b02030_si_004_clean,2532.9,908.5,393.9,144.0,229.3,298.4,418.3,415.7
jacs.6b03263_ja6b03263_si_002_clean,4897.6,2584.0,440.4,456.7,458.1,471.4,616.0,870.0
jacs.6b04608_ja6b04608_si_002_clean,7708.7,2548.2,2310.0,701.3,921.9,1040.9,1413.8,1449.1
jacs.6b04608_ja6b04608_si_003_clean,7389.3,2445.7,2094.4,710.1,911.4,1061.1,1439.1,1476.5
jacs.6b06375_ja6b06375_si_001_clean,14213.8,6681.3,823.3,406.5,687.0,741.0,870.3,1505.5
jacs.6b06759_ja6b06759_si_002_clean,4611.8,1632.1,1620.6,522.2,664.6,771.1,1099.1,1072.7
jacs.6b06759_ja6b06759_si_003_clean,2470.6,881.7,1011.3,324.4,374.1,458.2,659.8,710.5
jacs.6b06759_ja6b06759_si_004_clean,2493.9,886.9,947.1,313.3,394.6,426.3,633.5,672.0
jacs.6b08724_ja6b08724_si_009_clean,398.6,163.9,136.5,45.1,60.4,76.6,136.4,156.1
jacs.6b08724_ja6b08724_si_010_clean,429.0,171.2,138.5,44.6,60.7,77.3,140.9,152.2
jacs.6b08724_ja6b08724_si_011_clean,436.1,166.4,140.3,45.0,60.5,76.9,142.4,153.9
jacs.6b08724_ja6b08724_si_012_clean,113.3,91.6,87.0,26.5,30.5,35.0,60.4,75.4
jacs.6b08724_ja6b08724_si_013_clean,418.4,165.7,139.8,45.3,60.2,75.4,138.3,154.4
jacs.6b08724_ja6b08724_si_014_clean,415.1,165.4,137.6,46.2,60.8,77.1,138.9,154.1
jacs.6b08724_ja6b08724_si_015_clean,430.1,166.6,141.2,45.4,60.9,76.8,139.8,153.1
jacs.6b08724_ja6b08724_si_016_clean,391.2,161.1,134.7,44.1,58.5,74.1,135.0,152.2
jacs.6b09113_ja6b09113_si_002_clean,542.5,213.8,169.9,55.1,75.4,96.7,175.0,195.8
jacs.6b09155_ja6b09155_si_009_clean,810.3,280.6,192.2,63.4,94.9,124.3,207.2,217.4
jp102463p_si_002_clean,683.5,253.5,158.0,55.5,84.4,113.2,185.0,192.8
jp102463p_si_004_clean,804.2,294.7,158.1,57.1,88.3,118.4,188.0,200.3
jp2064408_si_002_clean,689.0,270.9,156.9,56.9,93.4,120.0,182.1,184.9
jp209895d_si_002_clean,5426.7,2600.0,594.5,267.0,477.7,608.3,635.4,700.6
jp302979a_si_002_clean,2013.6,636.8,266.2,90.1,146.0,199.9,272.3,269.1
jz4002345_si_002_clean,935.2,388.9,227.2,81.7,131.6,182.6,266.6,272.3
jz4002345_si_003_clean,909.5,392.2,225.3,81.5,130.8,174.2,268.8,273.1
jz4002345_si_005_clean,874.8,404.4,228.6,87.7,140.6,186.5,278.7,280.0
jz4002345_si_006_clean,930.2,381.3,224.9,81.5,128.5,171.3,265.5,271.5
la304204k_si_003_clean,4165.1,1597.8,525.4,213.6,358.9,475.3,590.6,634.8
la4012839_si_002_auto,9726.5,3675.3,599.4,310.9,573.4,644.2,655.8,860.0
nchem.2258-s3_clean,1710.9,597.2,255.3,94.5,156.3,206.8,289.8,291.3
ncomms11831_ncomms11831-s2_clean,1595.2,1245.7,371.6,221.6,412.3,430.7,455.7,587.6
ncomms11831_ncomms11831-s3_clean,1828.9,1313.7,376.0,203.1,386.0,437.6,467.0,525.0
ncomms7350-s2_clean,1269.7,530.9,365.0,124.2,190.0,248.3,409.0,426.4
om701262m-file004_clean,2294.9,902.1,290.5,114.4,206.5,270.1,344.3,344.9
science.1056698_manual,2901.7,1088.2,379.6,147.1,253.2,335.7,431.6,423.6
