MOF,HENRY_AR_313_CORE,time_below_50_313_0.01,time_below_50_313_0.05,time_below_50_313_0.1,time_below_50_313_0.5,time_below_50_313_1,5bar_AR_313_CORE,15bar_AR_313_CORE
1499489-acs.cgd.6b01265_1499490_clean,445.7,172.2,279.3,381.2,427.6,418.3,1377.6,3207.4
ABAYIO_clean,732.7,331.0,591.2,688.3,741.2,926.4,4053.7,10225.7
ABAYOU_clean,684.9,332.8,604.9,687.3,729.6,960.4,4185.9,10379.9
ABESUX_clean,156.5,51.6,92.3,118.3,166.8,163.2,381.7,1008.1
ABETAE_clean,157.9,53.7,89.9,117.9,161.9,162.5,385.9,997.8
ABETIN_clean,719.7,274.7,466.0,582.4,677.6,686.6,2595.3,7950.3
ABEXEM_clean,231.8,74.8,114.6,153.8,231.4,233.7,357.1,825.1
ABEXEN_clean,248.0,93.0,148.0,184.9,257.0,254.7,502.5,1340.5
ABEXOW_clean,229.5,75.3,114.8,212.0,244.3,238.6,354.8,823.9
ABEXUC_clean,228.9,73.1,113.1,153.2,235.3,235.5,347.8,812.3
ABEYAJ_clean,232.1,72.4,115.9,152.5,234.5,238.1,347.1,794.5
ABEYEN_clean,231.7,72.2,115.6,153.2,232.0,236.4,345.3,776.6
ABEYIR_clean,233.7,72.8,114.9,152.3,231.9,237.8,340.1,768.2
ABIXOZ_clean,146.4,45.7,60.5,76.6,145.1,163.6,174.2,374.5
ABIYIV_clean,411.0,128.2,197.9,254.1,406.2,427.7,515.6,1157.1
ABULOB_clean,190.7,86.0,164.0,188.8,200.7,271.1,981.4,1631.2
ABUWOJ_clean,188.0,64.1,110.3,144.4,200.7,204.6,405.0,971.7
ACAJIY_clean,339.8,119.4,221.6,262.9,361.5,353.0,736.1,1688.9
ACAJIZ_clean,518.9,176.8,290.9,393.0,605.2,581.2,948.4,2260.9
ACAJOF_clean,276.2,80.0,110.9,139.4,249.7,278.1,296.9,606.0
ACIBOE_clean,158.3,53.1,79.6,106.0,172.0,178.1,241.7,656.0
ACOCOM_clean,1567.3,526.2,658.8,740.8,1025.5,1025.6,1693.4,5317.3
ACOCUS_clean,1629.7,516.2,644.3,780.5,1040.3,1117.9,1771.9,5482.4
ACODAZ_clean,1527.0,495.4,666.8,755.4,1026.8,1071.3,1758.0,5289.4
ACODON_clean,235.4,87.0,136.5,180.1,262.8,265.7,472.4,1180.6
ACOGAB_clean,225.3,80.5,134.6,177.6,251.3,253.1,440.5,916.9
ACOGEF_clean,235.1,83.0,139.2,183.8,260.3,260.8,444.0,950.4
ACOLIP_clean,294.2,103.4,180.2,238.6,316.8,323.2,672.5,1456.7
ACOLOV_clean,329.1,113.8,177.5,242.7,338.9,351.0,638.9,1793.0
ACUBAB_clean,234.2,100.6,189.7,240.5,273.7,282.1,875.7,1660.1
ACUFEK_clean,331.2,109.2,140.2,174.2,283.6,305.9,379.5,1004.0
ACUJOZ_manual,834.3,289.7,370.2,445.6,670.1,687.9,1274.4,3966.7
ACUTOI_clean,361.6,124.7,213.5,281.5,376.0,380.9,708.1,1411.2
ADARAA_clean,1498.6,528.5,671.7,785.9,1022.6,1055.4,2091.7,5446.8
ADASEF_clean,272.0,86.2,101.1,117.5,192.7,221.9,236.0,455.4
ADASIJ_clean,313.7,109.2,170.7,214.5,327.5,317.2,592.1,1797.3
ADASOP_clean,214.6,68.9,92.4,112.9,193.2,203.3,229.8,621.0
ADASUV_clean,225.0,74.0,93.2,112.1,192.8,212.0,234.3,558.3
ADATAC_clean,298.0,95.2,109.3,126.6,205.2,228.0,248.5,537.0
ADATEG_manual,543.7,162.3,207.7,246.0,398.7,390.2,482.1,1235.2
ADATIK_clean,317.4,101.0,120.4,135.8,217.6,240.8,290.1,543.1
ADATOQ_clean,657.5,248.2,402.2,514.8,682.3,663.6,1811.1,5520.1
ADATUW_clean,668.2,245.4,393.4,515.0,684.4,670.3,1806.0,5383.6
ADAVAE_clean,752.0,245.7,416.9,536.8,683.8,685.8,1858.2,5628.8
ADAVEI_clean,685.2,249.4,421.1,532.8,682.0,666.3,1913.5,5671.8
ADAXEK_clean,202.4,75.7,123.8,162.8,229.3,224.9,396.0,808.7
ADAXIO_clean,280.9,106.6,178.7,229.6,319.4,315.6,564.3,1165.6
ADIQEL_clean,239.1,119.9,229.8,262.8,286.0,343.9,1066.9,1660.0
ADOBIF_clean,203.3,61.7,91.6,117.2,193.0,196.7,249.2,589.3
ADOCEC_clean,195.2,57.8,85.3,111.6,184.9,191.5,229.4,539.2
ADODOO_clean,192.9,65.1,102.2,135.9,213.0,218.8,260.5,502.1
ADODUU_clean,193.6,66.2,103.6,137.4,214.0,217.9,266.4,508.4
ADOGEH_clean,1022.2,632.2,991.1,1046.7,1291.1,2360.8,8072.3,19023.3
ADUROI_clean,1490.6,521.1,608.4,729.8,1077.4,1118.5,1281.3,3830.6
ADUWIH_clean,389.1,149.5,238.0,316.5,434.1,423.4,1033.2,3079.2
ADUWON_clean,318.2,97.4,114.4,132.2,209.9,230.9,247.1,527.8
AFEJOK_ion_b,270.6,100.7,171.2,225.6,314.2,317.9,692.9,1669.7
AFENEE_clean,232.7,64.3,99.8,128.9,211.9,222.8,284.6,704.2
AFIPAH_clean,183.8,64.1,103.2,135.5,212.0,216.8,320.2,740.1
AFITEP_clean,206.1,80.3,141.5,184.0,238.6,237.8,528.0,1026.4
AFITUF_clean,267.6,87.8,131.2,171.1,265.7,284.2,356.5,796.7
AFIXAO_clean,451.4,168.4,251.6,342.4,471.6,479.8,844.7,2040.3
AFIXES_clean,449.7,161.2,263.5,346.2,492.4,488.0,854.0,2041.2
AFOTOF_clean,187.2,65.6,109.0,143.0,221.2,215.3,355.7,876.9
AFOTUL_clean,189.4,65.5,105.8,142.9,212.4,216.6,349.6,875.7
AFOVAT_clean,188.5,66.0,106.3,141.7,213.1,216.0,352.2,886.8
AFOVEX_clean,186.1,64.8,106.4,140.1,212.6,217.1,339.1,857.1
AFOVIB_clean,188.7,66.4,108.4,145.9,211.4,218.1,358.9,886.2
AFOVOH_clean,192.1,68.3,107.3,143.7,215.6,219.4,359.8,889.7
AFOYAW_clean,309.2,114.8,204.8,257.6,350.1,349.9,839.5,2054.7
AFOYEB_clean,253.6,69.5,100.9,131.3,237.1,245.9,258.2,411.0
AFOYIE_clean,145.0,43.4,57.1,72.0,132.0,145.7,158.3,408.5
AFOYOK_clean,292.5,98.8,157.5,210.3,321.7,331.3,542.0,1516.2
AFUKET_clean,427.8,163.6,302.8,383.1,436.6,440.9,1118.3,2525.1
AFUKIX_clean,362.9,122.1,177.3,228.7,361.9,386.7,502.3,1410.3
AFUPEX_clean,140.1,48.2,76.9,103.8,159.7,162.3,275.0,705.2
AGABIU_clean,103.8,33.2,39.0,47.9,86.8,111.9,122.9,185.7
AGARUW_clean,198.2,61.3,92.1,119.1,198.8,206.8,257.8,612.8
AGIREP_clean,493.7,215.8,394.7,496.5,553.8,556.1,2331.8,6457.6
AGOFEJ_clean,457.8,144.8,180.4,219.6,337.7,378.7,410.6,1040.2
AGONAM_clean,195.9,72.2,122.4,161.7,226.5,226.7,438.6,976.6
AGONEQ_clean,134.4,40.8,65.7,89.2,140.3,139.3,224.0,617.6
AGOVOJ_clean,141.0,42.2,49.9,55.6,92.3,108.4,120.5,184.5
AGUBUA_clean,151.6,74.1,138.1,159.7,164.2,238.7,745.2,1358.4
AHAMAY_clean,279.4,107.9,199.1,261.2,305.8,304.0,552.3,834.1
AHEQAH_clean,163.1,49.2,77.9,100.2,156.7,164.0,245.0,745.6
AHIYOH_clean,510.9,201.6,368.2,432.3,487.4,521.0,1574.0,2783.8
AHOKIR01_clean,223.6,89.4,158.7,205.4,262.8,259.3,608.5,1079.0
AHOKIR_clean,185.3,67.4,119.2,155.9,214.3,218.0,447.5,1010.8
AHOKOX_clean,174.7,57.6,105.9,136.1,180.5,182.5,447.8,1120.6
AHUFIU_clean,272.7,85.9,110.8,138.5,246.3,268.6,294.7,719.9
AJAKON_clean,296.2,101.7,167.3,221.8,323.9,332.5,497.8,1107.4
AJAYIT_clean,342.2,115.0,173.2,230.0,371.0,379.6,454.2,958.9
AJIGIL_clean,653.9,212.1,288.6,375.8,620.5,647.5,761.4,1989.5
AJOTEY_clean,116.1,37.6,57.7,76.4,121.9,124.9,192.1,525.7
AJOVEB_clean,393.3,140.9,249.2,327.1,434.3,444.7,958.5,1964.9
AJOXAA_clean,223.2,81.7,143.1,187.7,246.0,251.7,550.5,1222.7
AKEDIF_clean,222.8,81.4,135.2,178.0,245.9,250.8,472.1,1091.7
AKOBAF_clean,432.7,162.5,279.3,369.5,480.2,465.0,1094.6,2231.5
AKOHEO_clean,209.3,66.9,96.6,124.3,215.6,230.5,262.3,654.1
AKOXIJ_clean,435.7,314.4,440.0,451.0,772.9,1261.1,3244.6,5071.1
AKUKUO_clean,231.3,75.9,123.3,163.1,248.0,249.1,357.2,717.4
ALAHUS_clean,364.6,116.7,170.8,224.7,402.8,329.2,589.3,1479.8
ALAMUW_clean,147.1,48.5,72.2,93.6,161.8,168.1,208.7,589.4
ALANAD_clean,221.7,73.2,115.0,145.5,222.5,229.5,375.1,1091.6
ALEJAE_clean,216.9,73.7,107.8,143.0,228.4,233.4,339.3,1100.0
ALEJEI_clean,586.2,167.3,214.9,248.6,340.5,369.1,449.0,1170.6
ALEJIM_clean,601.8,167.1,209.5,257.7,361.6,388.2,540.0,1186.8
ALEQIT_clean,254.7,88.5,139.9,185.5,290.9,295.5,367.5,742.7
ALIBUT_clean,504.9,184.0,305.0,405.6,530.6,528.7,1221.0,3119.8
ALICAA_clean,504.9,176.8,294.0,390.3,538.5,512.2,1142.9,2948.3
ALIXAU_clean_h,234.3,80.4,109.6,143.3,239.4,255.5,288.7,640.5
ALIXOJ_clean,203.9,67.4,100.3,133.4,222.2,238.3,296.2,814.7
ALIXUP_clean,226.6,62.6,78.0,98.8,174.2,211.8,236.9,357.5
ALOLES_ion_b,248.6,73.3,86.5,98.1,173.8,225.5,281.9,290.0
ALOLIY_clean,238.4,70.9,82.6,96.6,170.8,214.9,258.1,294.7
ALONEV_clean,520.7,148.7,182.2,227.8,363.4,379.8,420.9,743.3
ALUJEX_clean,233.1,82.6,132.1,172.1,257.5,261.0,407.7,892.2
ALUJIB_clean,227.8,79.6,126.5,172.3,253.8,250.0,389.4,871.0
ALUJOH_clean,226.9,76.8,121.6,158.5,244.6,242.6,366.1,845.9
ALUKIC_clean,158.1,52.0,72.0,93.3,163.9,178.1,203.5,578.3
ALUKOI_clean,156.9,51.4,73.4,92.8,164.9,177.9,203.5,580.3
ALUKUO_clean,157.0,50.2,70.5,91.0,162.7,174.9,201.7,575.6
ALULAV_clean,156.5,51.7,71.1,92.9,163.7,177.4,202.9,582.5
ALULEZ_clean,216.9,65.1,73.0,80.4,125.8,152.6,185.6,215.3
ALULID_clean,153.9,48.6,67.2,87.8,156.1,167.8,186.0,467.8
ALURAB_clean,382.2,134.5,222.3,280.1,395.7,406.4,816.1,2102.0
ALUREF_clean,396.5,126.8,218.9,280.8,389.9,389.0,854.6,2122.7
ALURIJ_clean,391.9,136.9,221.9,294.0,403.5,395.4,866.0,2114.9
AMAFOK_clean,255.9,100.0,164.1,219.5,291.4,286.2,489.4,916.9
AMAGAX_clean,486.6,204.3,383.8,481.7,552.7,558.4,1752.4,3301.0
AMILOY_clean,405.6,151.4,248.6,310.9,421.7,422.0,792.7,1759.3
AMILUE_clean,329.6,121.6,209.2,280.9,367.3,363.0,658.1,1509.0
AMIMAL_clean,409.4,151.8,249.1,324.9,413.4,422.1,772.3,1741.2
AMIMEP_clean,356.4,125.8,217.8,283.0,380.1,383.7,676.9,1561.0
AMIZIG_clean,348.9,99.6,145.6,192.0,328.4,343.8,386.4,789.0
AMODUC_clean,168.7,54.1,77.9,100.3,176.9,189.0,223.5,661.2
AMOFAK_clean,180.0,53.9,73.4,94.1,159.1,173.0,198.7,600.8
AMOYOR_clean,339.3,130.2,205.3,271.2,391.9,387.0,599.2,1156.1
AMUFOF_clean,222.4,72.7,106.3,140.1,239.3,255.7,276.0,602.7
AMUPOP_clean,482.6,190.8,350.7,430.8,519.1,517.1,1173.3,1997.1
AMUWUB_clean,197.9,59.5,76.4,94.9,173.6,207.3,224.1,385.8
AMUXAI_clean,234.1,71.6,90.5,110.6,207.8,248.7,271.0,440.2
ANAWIX_clean,188.6,68.5,116.1,151.3,217.0,213.2,389.3,853.8
ANAWOD_clean,255.3,102.3,180.3,223.3,274.6,268.0,938.8,2292.8
ANEHEI_clean,260.7,89.3,138.8,186.3,292.0,331.5,414.2,932.8
ANENEN_clean,221.6,67.0,95.9,122.8,215.6,233.3,246.1,440.1
ANENIR_clean,233.9,70.2,103.3,129.9,227.3,245.1,256.6,428.9
ANIDIL_clean,838.0,291.8,467.7,617.2,893.6,871.3,1452.7,3240.3
ANOMOG_clean,198.2,66.7,102.3,131.1,199.9,203.7,313.6,915.1
ANOMUM_clean,150.9,51.9,79.6,104.0,168.3,174.9,251.9,699.0
ANONAT_manual,154.9,51.8,77.4,103.2,170.0,181.2,233.5,662.3
ANUGEW_clean,295.4,101.3,163.0,209.3,320.1,323.2,604.0,1917.2
ANUGIA_clean,141.5,47.0,63.5,79.1,142.2,156.2,176.6,475.7
ANUGOG_clean,193.8,64.3,95.0,126.9,207.8,215.2,292.2,903.0
APACAX_clean,157.2,50.4,77.2,100.5,148.0,150.6,251.5,557.1
APARAM_clean,280.1,106.2,189.6,248.1,323.9,325.1,564.7,1172.4
APAYIB_clean,283.3,114.9,214.4,268.8,315.3,315.4,1037.8,2377.6
APAYOH_clean,287.5,115.4,206.4,263.3,318.7,326.9,1031.4,2421.3
APAYUN_clean,206.6,73.9,121.8,162.1,223.4,223.8,444.7,1049.0
APAZAU_clean,267.6,98.6,163.8,216.3,280.1,285.4,675.9,1691.3
APAZEY_clean,266.1,102.0,162.9,217.1,282.3,286.2,661.8,1682.6
APAZIC_clean,268.5,96.5,158.3,203.7,287.2,285.2,616.5,1644.3
APAZOI_clean,276.1,110.2,203.2,259.9,310.9,314.8,938.6,2274.7
APEBED_clean,196.7,69.8,126.2,165.5,209.4,210.9,405.0,686.7
APEBEE_clean,260.0,99.0,171.8,224.3,296.8,298.0,619.7,1245.9
APEBII_clean,384.0,250.3,370.2,374.1,434.1,642.5,1826.3,3574.3
APEBOO_clean,466.6,341.4,399.5,408.6,851.2,1379.6,3950.0,7106.7
APEBUU_clean,426.1,145.1,215.9,282.1,435.4,440.5,564.8,1273.6
APUPEH_clean,86.6,26.2,29.2,33.8,53.6,66.1,81.0,93.5
AQEGUY_clean,267.7,106.0,191.4,248.6,305.5,302.1,724.1,1475.6
AQEQES_clean,152.4,52.9,84.7,117.7,171.6,174.3,288.0,715.3
AQEQIW_clean,156.8,53.7,90.1,120.2,170.3,179.8,341.5,816.5
AQERUL_clean,1241.2,1020.1,1119.7,1213.3,4237.5,6061.0,11913.0,14935.0
AQIQAU_clean,450.8,173.9,307.1,407.8,503.4,508.1,1561.3,4274.9
AQIXUU_clean,313.6,132.6,247.3,322.7,368.3,364.2,808.2,1132.7
AQIXUV_clean,476.4,150.6,208.2,267.9,463.4,500.6,556.4,1391.5
AQOLEZ_clean,217.0,78.0,127.5,165.4,241.3,245.9,427.4,1154.3
AQOLID_clean,1753.8,566.2,762.9,969.9,1148.4,1153.0,2365.0,5570.0
AQOLOJ_clean,248.2,114.9,210.7,252.1,283.8,295.9,1068.1,2353.7
AQOLUP_clean,1258.1,411.1,533.3,622.4,800.8,808.9,1425.1,3750.3
AQOMAW_clean,254.0,90.6,153.7,201.6,275.1,275.0,593.7,1503.9
AQOMEA01_clean,1503.0,402.6,548.9,666.4,805.6,813.3,1391.9,3541.6
AQOMEA_clean,1388.8,411.4,525.8,642.1,821.2,813.2,1390.2,3662.4
AQOTIK_clean,135.3,43.3,77.0,102.2,137.1,143.3,312.2,726.8
AQUCOF_clean,255.9,86.6,132.7,173.1,290.2,294.2,404.7,1196.6
AQUCOG_clean,295.9,110.7,191.5,252.3,343.3,346.6,867.7,2559.6
AQUCUM_clean,298.8,112.7,195.4,254.2,343.3,344.4,884.3,2618.9
AQUDAS_clean,256.1,86.7,130.8,174.5,286.1,290.0,407.4,1162.1
AQUDAT_clean,286.4,92.9,134.2,178.3,309.4,322.2,344.4,626.8
AQUDEX_clean,290.9,93.2,137.7,182.7,305.2,323.5,354.1,629.3
AQUDIB_clean,301.7,111.9,191.8,251.7,341.3,349.4,856.4,2549.8
AQUDOH_clean,290.2,92.4,135.8,179.7,305.7,331.3,348.0,620.8
ARADEE_clean,245.2,95.1,166.4,216.2,275.5,276.9,791.9,2180.0
ARAFEF_clean,207.5,65.9,101.0,134.1,215.1,213.9,357.9,1051.2
ARAFIJ_clean,213.9,65.5,105.3,147.1,215.4,220.8,368.6,1053.0
ARAFOP_clean,324.8,111.4,204.3,262.6,330.3,329.4,807.6,1759.8
ARAGOR_clean,278.1,108.9,194.0,251.9,313.2,317.7,859.9,2026.3
ARINOF_clean,333.3,120.0,197.7,262.6,383.7,379.2,636.8,1300.1
ARINUL_clean,355.7,107.9,173.5,243.5,358.4,345.5,551.2,1149.1
AROFAP_clean,220.6,81.2,137.8,179.5,247.0,248.9,442.8,913.0
AROFET_clean,200.0,65.0,96.0,124.5,211.0,222.5,279.4,760.9
ARUYES_clean,230.0,88.6,158.5,208.2,256.5,258.0,651.5,1372.5
ARUYUH01_clean,197.6,80.9,156.0,189.4,215.1,236.8,919.2,1812.7
ARUYUH_clean,197.8,78.7,149.1,186.4,214.1,221.7,796.2,1639.2
ASACON_clean,212.7,74.2,122.4,160.3,220.9,224.0,364.7,729.2
ASADAA_clean,223.9,76.3,114.2,149.1,240.5,250.3,317.2,727.9
ASAHEJ_clean,260.4,82.2,107.0,136.1,248.7,284.2,294.6,666.5
ASANAL_clean,311.6,107.1,166.1,224.9,334.4,331.6,480.8,1012.1
ASECUY_clean,419.3,143.8,218.7,287.1,440.6,447.6,707.8,1707.9
ASEJOZ01_clean,321.4,100.2,155.4,198.1,341.7,341.4,402.9,909.7
ASEJOZ_clean,201.4,62.9,87.3,109.0,195.9,215.1,226.9,399.9
ASEKAM_clean,240.8,93.3,166.8,219.7,280.0,280.6,687.6,1543.9
ASINAT_clean,310.7,106.6,170.9,221.4,337.7,343.6,581.0,1566.7
ASINEX_clean,2520.4,770.7,986.0,1198.6,1515.0,1570.3,2474.9,6834.8
ASINIB_clean,2723.6,807.7,1007.3,1170.4,1629.2,1582.7,2547.4,7070.1
ASIQEA_clean,249.7,74.7,116.2,148.1,245.6,250.3,345.6,979.2
ASIQIE_clean,249.4,73.5,112.9,146.3,242.3,260.1,341.2,977.4
ASIVAB_clean,251.2,77.2,93.6,112.2,190.4,203.4,238.9,601.0
ASIVEF_clean,315.3,96.9,121.6,147.2,241.2,246.3,291.3,945.1
ASOHUL_clean,146.3,42.4,63.6,83.7,142.9,148.8,187.2,499.0
ASOSUY_clean,220.5,81.7,139.7,183.0,248.6,247.0,551.7,1424.6
ASOVEL_clean,229.9,66.4,106.4,129.0,223.0,224.0,267.4,588.0
ASOYOY_clean,434.5,142.2,212.1,270.2,361.1,350.8,747.5,1968.1
ASUBIB_clean,189.6,68.2,117.2,156.5,215.0,216.2,417.7,899.2
ASUKEE01_clean,642.4,208.4,326.4,417.3,548.7,533.0,1124.9,2336.6
ASUKEE_clean,619.1,205.9,336.8,407.4,543.3,529.1,1143.9,2318.1
ASUWUI_clean,292.9,95.7,145.0,185.7,306.1,320.2,383.2,900.6
ATAFIK_clean,194.4,67.3,116.2,152.0,197.5,199.8,513.6,1350.8
ATAYAX_clean,226.9,82.2,138.9,183.8,253.4,252.4,576.9,1600.0
ATAYEB_clean,232.5,83.4,141.9,184.5,258.2,258.3,569.2,1630.6
ATEJOA_clean,367.3,291.7,415.1,420.2,716.8,1065.2,1971.2,2749.2
ATEYED_clean,179.9,59.1,79.4,99.3,180.4,194.6,219.0,573.7
ATEYOP_clean,663.5,199.0,302.2,346.8,479.1,439.5,970.8,2722.8
ATEYUV_clean,622.6,220.8,305.1,410.6,485.4,457.1,1056.9,2863.9
ATEZAC_clean,211.5,66.0,86.3,104.1,171.7,197.3,214.7,509.0
ATEZEG_clean,246.3,79.7,108.2,132.4,206.3,216.7,265.7,737.8
ATEZIK_clean,241.8,78.3,103.3,127.6,203.2,216.7,256.8,734.3
ATIBAG_clean,214.1,66.5,90.1,114.3,208.7,232.0,245.5,420.8
ATIBOU01_clean,213.1,68.6,92.2,118.1,213.1,237.2,248.9,430.6
ATIBOU02_clean,206.5,64.3,89.4,112.6,203.8,226.0,243.1,414.5
ATIBOU_clean,212.8,67.2,91.7,116.5,217.9,236.4,248.4,430.9
ATIBUA_clean,212.7,66.4,90.3,115.0,211.3,236.2,247.3,423.3
ATICAH_clean,212.7,67.9,90.8,114.1,209.3,235.0,245.4,413.7
ATICEL_clean,212.4,66.6,89.3,114.0,209.1,233.0,246.4,406.4
ATIJUJ_manual,241.8,74.4,93.5,115.8,215.2,257.8,285.9,503.8
ATIRUS_clean,392.4,133.7,161.9,195.4,372.4,426.2,464.9,698.2
ATIXAE_clean,160.5,50.9,72.9,95.3,165.4,176.5,199.4,479.3
ATIXUX_clean,366.6,159.2,297.8,362.2,371.2,434.0,1756.0,3561.6
ATOGEV_clean,127.1,45.2,74.9,102.1,145.0,148.0,233.3,497.1
ATOWIQ_clean,261.3,92.1,149.8,201.5,305.3,307.1,567.0,1594.4
ATOWOW_clean,198.0,64.9,94.9,128.6,215.5,229.2,282.3,779.1
ATULIM_clean,234.6,79.0,143.0,187.3,240.6,239.6,359.0,548.3
ATUXIY_clean,340.5,149.0,282.4,352.6,378.3,403.3,1572.0,3414.8
ATUZEW_clean,268.3,103.2,174.8,229.5,277.7,276.1,699.2,1725.0
AVAGIP_clean,284.6,79.8,105.1,125.2,227.5,248.0,270.5,424.9
AVAGOV_clean,289.5,81.9,108.1,131.7,229.0,249.3,277.5,441.2
AVAGUB_clean,394.0,117.2,189.0,260.0,383.6,402.2,545.6,1378.6
AVAJUE_clean,1862.2,613.9,803.9,992.8,1232.8,1210.6,2572.9,8222.2
AVAKAL_clean,157.2,48.6,56.8,62.5,102.4,120.6,137.4,201.1
AVAKEP_clean,232.3,70.9,81.9,92.0,147.6,172.5,195.4,302.4
AVAQIX01_clean,226.3,88.6,166.5,205.3,236.2,236.0,754.2,1429.3
AVAQIX_clean,247.0,100.8,192.0,235.7,257.7,266.2,840.1,1583.6
AVEHAM_clean,524.6,200.1,343.0,431.2,564.3,579.5,1135.8,2374.9
AVELOD_clean,463.2,157.2,252.8,338.8,461.1,489.5,1076.7,2941.3
AVELUJ_clean,446.8,162.5,274.7,344.6,469.3,464.6,1111.6,2937.6
AVEMAQ_clean,458.1,154.7,256.5,341.7,474.4,471.0,994.6,2813.1
AVEQID_clean,206.2,72.9,126.5,160.3,231.8,233.9,485.9,1416.5
AVESOL_clean,212.9,91.8,164.3,207.5,241.9,247.1,894.8,2159.5
AVESUR_clean,223.0,77.7,126.5,164.7,218.3,221.9,550.3,1434.9
AVETAY_clean,157.7,50.4,79.3,101.9,146.2,148.8,255.3,647.9
AVETEC_clean,162.7,54.2,85.9,112.4,152.0,152.9,298.5,683.8
AVEVEE_clean,192.5,65.5,107.0,138.4,213.5,214.2,309.5,677.4
AVIHIY_clean,134.2,41.4,65.5,88.4,140.1,144.5,206.9,500.4
AVIHOE_clean,125.3,37.7,60.2,80.1,124.1,128.3,189.8,459.2
AVILEY_clean,554.5,170.9,208.9,236.0,394.3,391.4,441.3,1008.3
AVIMIC_clean,356.2,117.0,176.7,242.4,383.2,394.5,433.1,753.2
AVIMOI_clean,384.8,175.3,324.2,403.6,440.5,461.8,1440.0,2650.6
AVIMUO_clean,305.2,105.5,176.0,235.2,336.6,347.0,513.5,1093.3
AVIPAX_clean,196.1,68.8,111.9,148.3,216.9,219.4,373.2,892.4
AVIPOL_clean,219.5,79.6,136.7,182.0,249.7,248.5,549.1,1384.8
AVITUU_clean,399.3,129.9,195.0,244.4,338.7,343.7,801.2,2088.2
AVIVAC_clean,401.1,125.2,194.7,251.4,331.5,326.7,732.9,2212.1
AVIVEG_clean,410.7,129.5,197.0,245.1,342.2,322.9,765.2,2231.7
AVIVIK_clean,406.6,127.7,209.2,260.6,345.4,340.6,810.5,2164.4
AVIVOQ_clean,408.5,126.8,212.7,262.6,354.0,362.9,811.8,2174.6
AVIVUW_clean,402.2,129.1,208.8,267.1,345.3,343.3,795.5,2189.3
AVUCEA_clean,279.2,92.4,134.1,171.4,248.1,253.8,394.9,1032.8
AVUDAX_clean,406.5,139.9,221.7,298.0,438.0,444.0,762.7,1969.3
AWAGEL_clean,358.3,117.5,180.6,242.6,390.2,397.8,561.3,1568.2
AWAGOV_clean,565.6,204.3,354.3,456.7,576.7,559.8,1354.2,3069.0
AWAHEM_clean,171.1,55.0,74.1,94.3,172.0,192.3,210.0,477.0
AWAKEQ_clean,279.3,88.2,117.8,150.0,272.4,307.9,325.0,450.6
AWAREV_clean,334.0,116.0,188.9,254.9,367.1,367.9,498.4,914.8
AWARIZ_clean,336.7,117.6,188.6,249.0,361.9,368.9,485.8,919.9
AWASAU_clean,174.1,55.0,77.5,96.5,172.2,190.5,199.7,366.6
AWASEY_clean,252.4,76.8,97.5,113.0,195.7,220.4,249.7,510.4
AWASOI_clean,326.1,105.6,156.5,203.5,318.6,318.2,415.1,909.6
AWAWUR_clean,357.2,130.5,219.4,296.5,381.3,392.5,888.6,2317.4
AWEGEP_clean,267.3,83.0,124.5,167.6,263.1,275.3,367.7,1042.1
AWEJIW_clean,248.3,89.4,148.7,198.4,283.2,287.0,490.4,1134.1
AWEVIJ_clean,1127.8,392.0,547.0,654.9,887.0,862.7,1450.8,3719.4
AWEWOP_clean,377.4,138.1,234.8,323.7,395.6,402.9,1071.7,2686.5
AWEZOS01_clean,1156.8,350.2,484.1,584.8,964.0,1030.9,1105.4,1406.7
AWEZOS_clean,1187.9,359.6,488.8,611.6,1020.2,1065.5,1134.8,1546.0
AWIBAK_clean,1194.3,365.2,485.5,591.2,1031.2,1069.7,1141.9,1459.1
AWIBAL_clean,250.7,98.7,174.7,226.4,300.1,297.2,635.2,1228.2
AWIBEO_clean,1247.8,347.0,450.8,525.9,895.3,1074.3,1134.4,1414.5
AWIBIS_clean,1176.2,342.0,465.6,561.0,919.8,1038.2,1078.9,1417.3
AWOFOI_clean,199.3,74.3,131.7,173.7,228.4,233.0,583.3,1495.6
AWUPAL_clean,165.4,50.8,68.1,85.9,147.3,156.7,184.7,579.1
AWUPOZ_clean,166.3,50.2,68.5,89.4,151.1,160.4,191.3,584.5
AXAFAG_clean,217.3,73.0,119.2,150.6,240.3,243.4,374.7,1066.2
AXIGAR_clean,182.6,59.3,87.3,112.4,196.1,209.3,250.4,718.8
AXIMUP_clean,265.5,87.7,136.5,177.9,307.8,293.6,449.2,1277.6
AXINAX01_clean,176.2,52.7,59.5,67.5,108.1,129.4,148.3,183.8
AXINAX_clean,308.6,99.3,128.9,160.6,265.7,277.0,318.9,927.4
AXINEA_clean,574.5,175.6,267.9,350.2,481.1,476.1,741.3,1313.8
AXINIF_clean,341.0,123.9,217.8,279.3,358.7,356.9,963.7,2633.6
AXIPEE01_clean,161.0,48.9,66.4,83.2,149.5,161.2,176.7,396.0
AXIPEE02_clean,461.9,161.2,200.2,249.1,368.1,398.9,519.2,1337.3
AXIPEE03_clean,165.2,54.3,71.7,91.6,160.0,173.3,189.0,414.3
AXIPEE_clean,156.9,48.8,67.5,83.8,149.7,160.3,173.1,372.6
AXUBAW_manual,169.8,53.4,68.6,84.7,159.5,183.0,196.9,393.0
AXUBOL_clean,261.5,94.4,155.0,202.0,289.9,290.0,544.8,1335.6
AXUHAD_clean,646.7,238.2,372.5,496.2,657.9,660.1,1483.0,4193.8
AXUHEH_clean,474.0,168.4,260.9,333.8,474.2,493.3,656.8,1445.5
AYOQEM_clean,869.1,323.8,522.9,669.6,856.7,807.7,2552.6,7354.7
AYOXUJ_clean,409.4,133.7,163.6,201.4,368.9,420.8,445.6,825.5
AYUJIP_clean,1257.3,406.2,538.9,649.6,885.0,936.7,1402.3,3529.5
AZAFIS_clean,127.3,45.4,76.7,102.6,147.2,147.6,247.8,512.5
AZAVOO_clean,244.6,88.3,151.9,197.6,263.9,255.7,505.5,958.7
AZAVUU_clean,214.7,69.9,116.3,154.1,201.2,198.6,381.4,739.5
AZAWAB_clean,426.6,189.5,341.0,428.6,497.4,487.4,1708.1,3584.6
AZEBUE_clean,194.8,72.7,130.1,167.5,207.5,206.3,470.4,876.7
AZEWEH_clean,185.6,73.3,132.2,168.3,219.3,220.6,408.0,778.9
AZIVAI_clean,225.4,67.1,111.5,148.3,223.0,209.1,459.4,1348.0
AZIXUD_clean,228.4,79.2,138.6,181.5,235.6,242.9,623.1,1639.8
BABREE_clean,423.9,171.3,301.0,400.3,480.3,471.0,1428.5,3956.8
BACGAQ_clean,329.3,117.7,198.5,266.7,376.2,368.5,658.9,1338.6
BADXAI_clean,769.8,250.1,323.1,433.6,701.9,767.2,845.3,1988.0
BADYAJ_clean,222.7,70.4,95.5,120.0,209.9,226.3,250.0,633.0
BAEDTA01_clean,379.9,137.8,257.9,316.8,390.4,385.1,804.8,1385.5
BAFHAU_clean,95.2,26.7,33.3,40.2,77.6,92.8,107.4,166.0
BAKGIF_manual,237.3,77.5,114.0,150.3,262.5,277.9,335.9,924.7
BAKJEE_clean,190.1,65.1,102.1,133.9,207.6,212.4,335.2,857.2
BAKJII_clean,273.3,106.6,194.2,251.1,306.0,307.2,965.6,2424.6
BAKJOO_clean,281.1,106.6,165.5,223.7,312.4,317.9,665.8,1811.0
BAKYIY_clean,219.5,71.0,118.0,155.8,225.7,219.6,467.7,1413.5
BAKYOE_clean,196.4,60.5,100.1,135.1,193.3,193.6,350.1,877.7
BAMKIM_clean,259.3,82.2,112.6,141.1,257.3,284.1,305.1,742.9
BAMKOS_clean,261.6,82.3,116.4,146.7,266.5,283.8,308.2,765.8
BANMAG_clean,205.1,61.4,72.8,84.5,152.9,195.1,230.7,267.2
BAPDAA_clean,244.9,90.4,154.6,201.8,293.9,289.8,627.5,1912.2
BAQWIC_clean,271.1,87.4,119.4,154.3,276.9,302.0,335.2,812.4
BARZUR_clean,289.3,111.8,199.1,260.6,324.4,331.1,831.5,1830.8
BASJUB_clean,424.6,165.0,313.0,402.2,467.2,453.3,1649.9,3727.1
BAWROI_clean,280.0,83.4,98.4,109.0,173.9,197.8,218.0,345.2
BAWRUO_clean,151.9,48.5,67.9,88.1,157.4,167.5,191.3,443.2
BAXFIR01_clean,283.8,101.6,168.7,227.9,321.5,323.0,613.1,1409.8
BAXFIR02_clean,291.3,101.5,176.4,231.9,323.9,336.6,635.4,1448.0
BAXSIE_clean,202.2,65.2,108.0,144.1,210.5,211.4,300.5,587.7
BAZFUF01_clean,340.6,122.9,213.3,270.2,383.6,385.9,857.1,2814.5
BAZFUF_clean,361.4,131.8,222.1,292.8,404.0,406.2,913.5,2929.1
BAZGAM_clean,198.2,63.0,75.9,88.7,152.2,172.6,188.5,401.2
BAZGEQ_clean,683.9,179.4,218.7,241.1,373.1,419.7,402.7,1018.1
BAZJET_clean,186.3,66.2,101.0,135.2,210.6,213.8,357.1,1018.5
BAZJIX_clean,209.3,70.2,109.2,144.8,229.4,230.9,342.9,928.3
BEDYEQ_clean,212.6,67.0,87.4,107.2,183.2,222.8,213.9,539.9
BEFGEA_manual,345.4,133.3,233.2,295.0,388.6,384.9,1021.1,2885.9
BEFLUV_clean,120.7,81.8,121.3,125.3,187.5,312.9,597.6,719.0
BEFMAC_clean,132.0,97.8,148.8,155.7,245.5,415.8,917.4,1271.0
BEGDEY_clean,421.5,208.0,336.1,353.9,377.4,578.0,1710.9,3171.5
BEJZAS_clean,142.1,46.5,78.1,103.0,152.3,155.8,283.3,696.8
BELJIL_clean,381.7,121.5,169.1,216.2,402.2,422.6,447.7,938.2
BELTOD_clean,601.9,234.8,450.5,532.6,596.8,594.7,2348.5,5664.2
BELTUJ_clean,590.3,252.5,441.8,556.0,593.9,645.9,2495.1,5864.7
BENXUP_clean,258.9,94.6,157.5,206.7,296.3,298.1,489.8,977.9
BENZOL_clean,171.8,59.1,96.9,203.2,195.1,198.3,297.4,611.9
BENZUR_clean,169.2,59.9,98.0,129.7,191.5,192.7,282.3,596.6
BEPBAB_clean,172.5,59.6,96.0,128.7,195.8,199.7,274.7,574.4
BEPLUF_clean,188.2,57.8,68.9,83.8,157.4,190.0,217.5,301.4
BEPMAM_clean,188.0,56.2,69.6,83.3,154.3,189.2,213.5,303.0
BEPMIU_clean,202.4,59.1,71.7,84.6,154.9,193.1,227.7,279.3
BEPNIV_clean,184.3,55.6,68.5,83.3,150.4,187.2,209.4,292.2
BEPNOB_clean,185.5,54.9,69.2,80.7,150.7,183.2,217.9,286.2
BEPNUH_clean,199.4,60.2,74.3,89.7,167.9,201.8,235.6,321.2
BEPPAP_clean,199.9,59.3,70.9,83.2,153.4,199.5,232.9,274.2
BEPPIX_clean,231.2,70.8,89.2,104.4,195.0,234.8,273.6,385.1
BEPPOD_clean,228.5,68.9,84.6,101.5,189.8,233.0,262.1,379.4
BEPREV01_clean,539.6,209.4,366.2,429.9,497.2,515.1,1942.3,4661.8
BEPREV02_clean,519.4,202.1,345.1,427.5,489.6,508.6,1671.8,4602.1
BEPREV03_clean,548.6,218.3,359.7,455.7,532.6,493.7,1868.7,4703.5
BEPREV_clean,551.4,206.2,353.9,448.4,498.8,526.4,1897.2,4625.2
BEPRIZ_clean,200.7,66.8,98.0,127.0,211.8,219.8,294.7,824.5
BEPROF_clean,238.9,84.7,136.0,178.0,263.5,264.8,505.5,1411.5
BEPVEZ_clean,279.7,88.0,126.2,169.2,288.5,309.0,325.0,617.1
BEPVID_clean,295.0,89.0,128.0,171.0,295.1,317.5,335.2,607.4
BEPVOJ01_clean,283.6,92.7,134.5,175.2,308.7,322.0,349.7,623.0
BEPVOJ_clean,269.1,89.1,126.2,162.5,289.0,302.4,314.3,555.5
BEPWEA_clean,254.3,76.6,96.2,114.1,218.7,313.8,290.2,388.3
BERQIA_clean,764.0,284.9,479.3,544.6,555.6,718.0,2815.8,5586.7
BETDAH_clean,166.7,58.7,97.1,134.5,193.4,194.7,332.2,824.0
BETDEL_clean,229.5,85.0,150.6,198.6,260.0,257.7,681.3,1650.6
BETDIP_clean,236.7,90.1,163.1,211.0,271.6,271.9,723.2,1737.9
BETDOV_clean,251.5,85.5,136.7,177.7,268.6,268.9,402.3,868.9
BETDUB_clean,168.4,59.8,94.4,126.0,188.1,194.5,319.7,767.4
BETFAJ_clean,169.9,60.0,99.9,131.3,192.6,195.0,340.4,823.8
BETFEN_clean,168.1,61.1,95.9,128.9,192.6,193.3,331.7,812.5
BETFOX_clean,254.5,88.3,139.8,184.4,270.4,274.7,383.9,849.6
BETFUD_clean,172.0,60.1,98.3,132.2,193.3,199.1,334.7,821.1
BETGAK_clean,169.3,59.5,96.1,131.9,191.7,196.2,334.4,809.4
BETGEO_clean,216.1,78.2,128.7,171.8,239.0,242.5,444.0,1064.5
BETGIS_clean,217.8,76.6,120.1,156.2,238.5,245.5,389.9,974.4
BETGOY_clean,209.7,75.2,113.7,148.3,228.8,228.5,388.5,989.6
BETGUE_clean,169.7,56.4,83.6,110.6,180.7,188.6,251.0,729.0
BETHEP_clean,204.0,73.6,112.3,148.9,229.6,230.6,393.2,1107.5
BETHIT_clean,170.3,57.1,85.3,112.9,187.6,198.7,260.3,785.6
BETZOR_clean,316.5,120.7,206.0,271.9,341.2,347.6,761.2,1700.8
BEVWAB_clean,500.3,212.8,406.1,503.4,533.8,591.4,2211.1,5190.0
BEWCUD_clean,214.4,63.1,71.9,81.4,129.3,151.1,169.2,260.9
BEWVEG_clean,220.6,78.9,115.1,150.5,242.3,248.3,353.0,953.7
BEWVOQ_clean,114.2,35.7,44.2,54.4,105.5,123.8,138.5,247.2
BEWWEH_clean,128.5,37.8,50.3,61.6,115.2,134.4,145.5,326.4
BEXPAX_clean,139.3,49.1,79.7,103.7,157.6,160.7,292.1,824.9
BEXQIF_clean,169.6,39.3,56.1,73.0,126.2,138.4,162.3,467.6
BEXQOL_clean,134.0,38.9,53.9,68.5,126.5,135.2,156.4,412.4
BEXQUR_clean,135.2,38.8,53.8,69.8,124.6,135.7,152.8,423.7
BEXRAY_clean,103.6,29.6,37.5,47.1,86.3,104.6,111.6,212.9
BEXREC_clean,104.3,29.6,38.6,47.5,89.5,103.3,113.8,224.6
BEXRIG_clean,104.5,29.4,38.9,48.2,92.1,103.1,113.7,234.6
BEXRUT_clean,224.8,75.5,116.7,153.6,271.5,252.2,349.7,895.4
BEXSAA_clean,220.5,77.2,113.8,149.8,241.9,250.9,352.8,894.5
BEXSEE_clean,218.4,73.0,111.4,148.7,242.4,246.0,335.9,879.1
BEXSII_clean,168.6,57.9,91.1,121.4,188.8,194.0,292.4,768.3
BEXTUV_clean,248.6,103.7,194.0,253.5,287.5,288.2,789.1,1481.2
BEXVAD01_clean,228.0,85.2,150.1,196.4,258.6,259.8,501.3,1055.6
BEXVAD_clean,229.3,91.2,167.4,225.9,260.0,261.7,610.3,1163.9
BEXVEH_clean,232.2,80.7,118.8,155.8,237.5,245.0,391.5,1152.0
BEXVIL_clean,140.0,45.5,66.0,84.8,152.5,157.5,188.5,556.9
BEYKEX_clean,290.3,97.1,160.5,212.1,308.4,315.1,547.3,1527.6
BEYSEF_clean,274.9,85.8,119.2,152.3,276.0,300.8,326.3,723.9
BIBXIV_clean,750.3,225.3,270.0,355.2,489.3,481.1,553.7,1603.5
BIBXOB_clean,182.0,58.6,83.0,105.4,189.1,205.7,229.8,652.6
BIBXUH_clean,157.1,49.8,67.5,86.1,156.6,178.0,188.8,449.9
BICPOT_clean,253.6,205.4,289.9,292.3,577.5,1035.2,2967.5,4471.3
BICPUA_clean,208.0,70.8,105.2,138.6,229.1,235.2,334.4,1068.6
BIDPOV_clean,303.0,110.9,179.0,228.5,308.9,300.0,699.2,1929.2
BIFGOO_clean,278.9,87.0,112.9,142.2,262.0,293.5,310.3,657.9
BIFKEI_clean,248.2,91.0,159.1,207.5,287.0,285.7,622.8,1491.4
BIGZUO_clean,186.2,58.9,73.9,90.2,153.1,175.6,188.7,438.1
BIHBAX_clean,415.2,132.0,213.9,268.8,395.4,410.6,791.9,2528.1
BIHBEB_clean,215.2,89.6,164.4,206.1,241.4,244.5,583.4,1315.6
BIJDUV_clean,379.0,112.1,146.0,188.9,300.6,318.7,354.8,910.7
BIJFAD_clean,369.5,110.6,155.7,190.7,300.0,313.6,389.9,1024.3
BIMDEF_clean,229.2,78.0,140.6,177.2,243.7,244.3,483.1,1061.3
BIMDIL_clean,212.5,74.3,132.1,172.9,224.6,225.2,532.2,1089.7
BINCUY_manual,395.0,140.8,215.9,285.3,408.5,423.4,818.1,2332.8
BINDAF_manual,385.2,142.7,217.0,282.4,411.6,422.9,819.5,2362.5
BINMIW_clean,410.4,185.2,341.3,409.9,434.5,426.5,1066.1,2178.1
BINROH_clean,476.7,140.4,166.3,208.2,308.9,327.3,341.4,756.5
BINRUN_clean,491.7,161.7,180.0,195.7,300.0,340.9,367.0,787.0
BINSAU_clean,565.6,163.6,196.4,234.6,384.2,370.1,400.9,856.4
BIPBAF_clean,233.3,78.2,117.9,155.1,234.3,236.7,402.7,1200.2
BIPLIX_clean,355.7,116.7,173.6,221.9,378.5,389.5,480.3,1298.3
BIPSUQ_clean,372.5,107.9,127.2,155.0,252.3,261.2,272.9,578.0
BIQHEQ_clean,221.9,80.7,143.9,188.7,235.4,234.4,521.6,1057.4
BIQVII_clean,255.3,84.4,125.8,166.9,277.0,292.6,324.1,652.8
BIRGIU_clean,289.7,93.5,133.7,179.0,301.5,312.3,377.6,1032.9
BIRMUM_clean,362.6,109.7,146.1,180.6,335.6,381.6,395.0,514.8
BIRSEC_clean,377.4,135.1,233.8,303.7,399.1,388.5,932.1,2101.5
BIRSIG_clean,379.2,137.3,247.8,316.1,396.7,390.4,995.9,2184.3
BIWSEG_ion_b,53.6,16.3,19.4,23.1,42.2,54.0,66.0,74.5
BIWSIK_ion_b,381.4,142.0,241.6,312.5,415.7,418.5,1014.6,2876.3
BIWSOQ_clean,427.0,129.9,193.1,222.0,296.3,326.8,490.4,1101.1
BIWYAH10_clean,91.6,29.4,34.6,41.7,79.0,99.7,113.4,172.0
BIXXIR_clean,387.4,133.0,200.8,273.1,416.1,425.0,721.6,1898.2
BIXYEO_clean,416.3,141.0,225.8,295.8,456.3,454.6,774.6,2055.0
BIYSUZ_clean,151.0,45.1,57.3,73.8,133.8,150.5,163.3,329.5
BIYTAG_clean,162.4,48.5,65.6,82.0,148.4,170.0,184.3,367.3
BIYTOU_clean,199.1,66.9,102.5,135.0,222.7,224.6,299.6,786.8
BIYVEM_clean,162.1,47.7,64.5,80.9,149.2,166.8,179.3,359.3
BIYVIQ_clean,278.4,89.2,133.7,182.3,287.6,295.8,432.4,1178.7
BIZLUT_clean,513.1,196.0,344.5,436.9,549.0,535.0,1568.6,4161.7
BIZMAA_clean,518.5,195.3,347.6,437.7,532.8,535.1,1618.3,4340.8
BIZMEE_clean,509.7,197.3,334.5,439.8,541.3,523.3,1626.2,4296.9
BIZMII_clean,514.2,200.8,331.2,438.3,538.8,548.1,1633.0,4261.7
BOCKOT_clean,211.3,69.9,104.1,135.7,229.1,236.6,313.0,801.7
BOHJOZ_auto,302.9,89.4,102.4,115.6,195.6,251.1,327.8,347.7
BOHWOM_clean,312.1,110.6,186.5,232.4,314.2,316.0,676.3,1948.4
BOJCIN_clean,411.8,137.6,186.1,233.0,417.1,473.4,466.6,917.0
BOKQEZ_clean,255.9,84.6,125.4,163.2,274.7,294.0,365.6,954.2
BOLPAU_clean,414.1,131.8,175.0,218.7,328.8,321.3,525.2,1295.5
BOLZIN_clean,485.1,153.2,187.0,204.8,348.4,376.7,408.0,808.2
BOMCOX_clean,391.9,156.5,272.5,368.5,440.5,435.0,1208.2,2590.7
BOPHIZ_clean,206.7,76.9,121.3,161.5,228.0,226.4,448.4,1017.9
BORBEQ_clean,253.2,77.4,119.7,157.5,245.5,252.2,338.6,802.3
BOSHIC_clean,365.4,161.8,286.1,339.1,364.5,402.2,1406.0,3104.5
BOVHEB_clean,375.1,196.2,363.3,407.9,428.5,608.1,1978.7,3287.1
BOWDIC_clean,362.6,138.5,235.7,307.0,380.1,381.8,936.5,2178.4
BOWNUY_clean,176.1,61.8,88.1,115.8,189.7,199.6,273.2,757.9
BOWRAH_clean,283.2,213.4,322.0,328.2,488.0,757.8,1457.2,1758.3
BOWSOW_clean,140.6,58.5,110.2,138.3,165.3,187.1,471.8,859.8
BOWZUK_clean,198.7,56.1,68.8,82.7,148.5,168.7,186.8,280.7
BOXFOK_clean,831.1,265.4,310.0,414.3,585.0,565.0,557.1,1049.7
BOXYIY_clean,166.6,53.6,80.8,107.3,176.6,187.6,229.0,502.1
BOYCEY_auto,259.5,89.9,140.2,183.6,272.8,271.7,474.9,1334.7
BOYTEQ_clean,280.0,95.8,158.5,207.9,305.7,314.9,377.8,652.3
BOYYOF_clean,402.3,124.8,185.4,232.9,370.7,378.0,554.3,1607.2
BOZFIH_clean,411.3,186.0,348.0,420.8,463.0,484.6,1920.2,4317.4
BOZFON_clean,424.4,142.9,234.4,296.9,387.7,375.7,851.2,1704.3
BUBQOE_clean,233.9,79.0,138.2,179.0,253.0,260.1,464.1,1035.0
BUBTUP_clean,425.5,130.4,175.2,224.5,379.5,371.2,438.6,1025.4
BUCSAU_clean,328.4,149.3,275.9,332.7,361.4,385.5,1067.3,1849.3
BUCSEY_clean,267.8,95.7,156.4,207.2,295.7,295.7,504.1,1001.3
BUCSIC01_clean,319.3,158.5,303.5,339.1,357.9,419.6,1175.4,1790.4
BUCVAY_clean,520.0,198.5,302.3,377.9,499.6,490.8,714.0,1307.3
BUCWAZ_clean,189.7,62.1,95.8,126.2,205.9,207.2,293.8,817.8
BUGSAY_clean,336.0,109.7,162.9,217.7,365.1,375.1,445.9,1089.1
BUGSEC_clean,332.0,109.4,159.0,206.2,365.3,379.5,448.6,1069.3
BUGSIG_clean,334.1,109.4,160.9,207.1,362.4,376.4,447.4,1069.5
BUGSOM_clean,334.2,109.4,162.2,209.2,356.5,392.0,450.1,1121.2
BUKMUQ01_clean,108.5,32.2,48.4,65.9,108.6,114.6,148.2,420.5
BUKRUW01_clean,230.6,78.0,121.7,160.5,248.5,251.2,417.8,1296.0
BUKRUW02_clean,205.2,69.6,105.8,141.0,222.5,230.8,350.4,1082.6
BUKRUW03_clean,200.2,65.3,98.9,124.4,209.7,219.8,287.5,880.2
BUKYAJ_clean,250.0,94.9,162.6,212.4,282.6,278.9,555.2,1091.7
BULBER_clean,298.8,99.5,158.2,208.7,305.0,317.4,563.7,1500.5
BUNKUS_clean,261.7,83.9,111.2,134.7,231.5,237.0,274.2,681.8
BUNLAZ_clean,232.5,74.6,96.2,116.5,195.9,215.8,230.8,637.7
BUPDOH_clean,294.1,120.0,216.4,257.1,289.8,309.2,951.8,2479.7
BUPVEP_clean,205.4,70.6,103.7,138.1,218.5,223.5,312.9,836.7
BUQWER_clean,300.8,126.1,230.6,284.4,336.2,343.0,912.6,1608.2
BURJOO_clean,234.6,75.7,108.8,138.4,240.9,261.6,270.7,467.3
BURQIQ_clean,391.7,161.1,295.3,394.4,429.4,455.3,1585.7,3861.5
BUSNAF_clean,308.0,95.0,127.8,163.6,301.1,332.3,351.9,566.6
BUSQEM_clean,196.6,73.8,141.9,175.5,204.5,204.6,536.9,1073.9
BUSQIQ_clean,233.9,181.9,270.7,272.2,416.5,644.4,1261.0,1599.9
BUSRUE_clean,268.1,97.8,167.7,216.3,296.0,306.3,621.2,1436.0
BUVHEH_clean,174.2,63.4,95.7,128.3,201.9,203.9,325.3,843.4
BUVVIZ_clean,473.2,143.8,191.6,237.7,416.2,434.7,470.6,777.0
BUVVOF_clean,513.0,156.1,190.8,249.2,434.0,482.1,521.6,716.2
BUVWOF02_clean,350.3,109.3,153.5,191.3,349.2,387.3,418.2,842.1
BUVWOF03_clean,306.5,93.8,123.0,150.1,282.0,327.2,328.7,535.6
BUVXOG_clean,356.4,110.1,154.4,197.4,357.7,387.7,408.8,849.6
BUVYEX_clean,280.5,88.6,116.2,142.2,263.8,296.9,312.7,517.3
BUVYIB01_clean,190.8,69.3,106.1,140.6,215.7,218.0,360.8,964.3
BUVYIB_clean,202.3,66.3,106.3,140.5,211.3,214.9,367.1,947.9
BUWLUC_clean,253.3,74.3,109.7,141.6,242.5,251.1,325.8,851.4
BUWMAJ_clean,200.4,58.7,87.0,116.6,193.6,203.5,269.4,815.2
BUWMEN_clean,184.3,59.8,79.1,101.6,183.4,199.3,222.5,570.1
BUWMIR_clean,169.9,53.8,73.9,94.9,175.6,189.3,206.8,535.0
BUXNOZ_clean,410.1,140.7,218.5,289.1,351.3,354.3,886.0,2480.3
BUXTOF_clean,498.6,222.8,405.6,498.2,529.7,609.0,2485.7,4858.5
BUXTUL_clean,584.6,240.4,426.6,548.4,661.4,633.8,2070.7,5321.1
BUXZAX_clean,212.4,69.0,86.2,107.3,178.0,200.2,213.8,540.0
CABJOH_clean,186.1,64.8,111.8,146.5,198.6,199.5,433.4,914.4
CACBUG_clean,243.0,72.8,92.8,113.4,213.8,253.5,273.4,394.0
CACNOM_clean,255.3,106.9,203.7,254.4,295.9,297.9,953.1,2024.0
CADPII_clean,306.6,101.4,156.6,203.1,327.3,339.2,346.5,432.0
CADQAB_clean,162.4,55.0,85.4,115.0,184.9,185.9,274.4,730.4
CADQOP_clean,154.7,51.9,79.5,107.3,174.6,182.2,240.2,649.2
CADZIT_clean,384.3,129.4,202.8,263.7,429.3,428.3,593.6,1449.2
CAGSAG_clean,250.9,92.7,156.9,201.8,279.2,284.8,600.8,1526.0
CAGXIU_clean,244.2,90.5,160.0,211.9,274.6,273.5,518.9,924.3
CAJQEL_clean,160.2,54.7,86.6,114.2,176.7,181.2,247.9,648.9
CAJQIP_clean,141.4,44.9,61.6,78.4,137.1,151.5,161.4,379.8
CAJWIV_ion_b,249.7,93.5,157.0,208.7,297.8,297.7,525.0,1173.1
CANRIU_clean,269.9,100.8,172.1,228.8,314.8,309.8,665.7,1615.9
CANROA_clean,268.3,98.9,165.7,219.8,307.7,309.6,623.2,1521.9
CANRUG_clean,380.8,168.8,299.8,372.7,452.0,441.6,1624.7,3942.6
CANYIB_clean,325.3,115.9,197.2,260.9,366.9,368.3,774.8,2072.9
CAPLOX_clean,178.8,62.4,102.9,135.7,208.0,208.2,361.6,898.2
CAQCAZ_clean,207.7,97.9,186.0,226.8,243.4,277.4,1017.9,1824.3
CARGEI_clean,191.0,56.6,60.5,65.1,96.4,127.4,216.0,226.5
CASTEW_clean,211.7,99.7,195.7,227.4,242.6,283.2,1033.9,1832.5
CASWIE_clean,122.2,50.6,95.5,122.4,144.3,146.6,423.5,990.6
CAVMIX_clean,606.5,207.0,339.8,431.7,514.4,521.7,1399.0,3406.3
CAVMOD_clean,380.0,125.2,176.5,224.3,375.9,388.4,433.3,1048.4
CAVNOE_clean,218.3,74.5,135.5,173.6,226.4,221.2,433.7,775.1
CAVPEW_manual,525.9,180.6,304.5,392.9,528.8,535.4,1346.7,4368.8
CAVPIA_manual,488.2,182.4,301.2,391.0,524.3,527.2,1389.8,4229.7
CAVPUM_manual,483.1,179.9,311.8,404.8,538.8,533.6,1456.7,4516.4
CAVRAU_clean,315.0,120.4,220.6,273.5,322.5,327.8,904.1,2136.0
CAVREY_clean,320.2,123.9,227.2,296.2,326.2,335.6,996.3,2246.9
CAVSUP_clean,164.1,52.7,75.3,98.5,172.9,186.9,209.2,495.8
CAVVUS_clean,177.5,62.4,99.5,132.6,201.1,203.6,336.0,873.0
CAWDOU02_clean,227.4,73.8,121.4,153.0,233.9,235.6,388.8,964.9
CAWVIH_SL,345.0,115.6,200.0,268.7,347.1,354.8,695.3,1408.0
CAXSUR_SL,249.8,80.3,108.5,144.4,249.9,257.4,308.7,887.0
CAXTAY_clean,215.7,69.1,95.8,120.0,206.2,233.0,252.0,697.7
CAXTEC_clean,253.0,85.9,129.8,170.3,258.0,260.5,406.2,1141.6
CAXVII_clean,170.3,57.1,85.0,113.4,189.1,195.0,274.4,784.6
CAXVOO_clean,166.8,55.2,83.8,111.6,191.8,197.1,268.0,773.7
CAXVUU_clean,165.0,54.7,82.4,109.6,185.6,189.6,262.6,761.9
CAXWAB_clean,162.2,56.1,84.0,110.2,181.4,189.7,266.2,774.1
CAXWEF_clean,163.6,58.3,83.1,110.4,182.4,189.2,268.4,784.6
CAXWIJ_clean,162.8,55.4,83.5,110.1,182.9,196.3,272.4,788.1
CAXXEG_clean,399.2,152.0,245.8,327.7,445.7,443.6,978.9,2401.8
CAXZOS_clean,838.1,369.1,665.8,825.9,861.0,940.6,4009.3,10140.1
CAXZUY_clean,1095.6,338.4,460.4,536.8,703.0,726.5,1573.6,3999.7
CAYCAI_clean,271.2,83.1,98.9,118.4,212.9,263.3,306.1,363.8
CAYDEN_clean,278.2,76.6,106.5,136.8,248.2,273.3,286.8,449.9
CAYDIR_clean,280.4,77.4,109.9,134.8,258.8,274.6,291.5,461.3
CAYDUD_clean,370.6,76.6,109.5,134.1,244.6,263.9,280.7,446.4
CAYKEU_clean,259.1,92.9,156.7,208.7,296.1,298.2,578.6,1386.8
CAYMIZ_clean,261.3,94.2,156.5,208.9,292.3,295.8,485.0,970.8
CAYQAV_clean,316.9,105.0,169.4,226.6,347.7,351.8,555.2,1553.0
CAYQIE_clean,193.4,64.6,106.5,143.7,194.3,196.1,416.8,1183.6
CAYQOK_clean,360.4,133.6,243.4,315.2,351.9,371.8,1450.0,4146.1
CAYQUQ_clean,229.5,77.4,132.9,170.8,233.6,232.8,535.8,1682.3
CAYSIE_clean,361.6,110.1,133.7,161.5,302.3,366.7,402.3,564.4
CAYSOK_clean,296.6,88.6,105.8,123.2,232.0,282.9,333.6,394.9
CAYYEG_clean,361.0,110.8,134.8,165.0,297.3,354.0,399.6,550.8
CAZGIT_clean,435.1,161.4,274.9,355.1,469.2,462.2,877.6,1675.7
CAZNEY_clean,216.1,72.5,111.4,149.7,232.4,235.5,370.9,1007.4
CEBDOD_clean,245.5,82.7,127.5,171.1,282.2,286.6,365.2,831.9
CECVAI_clean,401.0,131.6,209.1,279.6,395.6,400.4,816.3,2418.4
CEDFIC_clean,219.1,81.7,139.4,185.0,251.9,251.4,543.2,1291.3
CEDFOI_clean,433.5,193.5,359.1,438.4,485.4,502.8,2043.0,5165.4
CEDFUO_clean,320.4,133.7,249.0,314.4,363.0,371.8,1199.6,2842.9
CEGDUO_clean,306.3,91.5,134.4,176.3,303.5,315.6,350.1,737.0
CEGFAW_clean,334.2,109.8,159.8,212.3,363.6,375.0,418.2,923.0
CEGWER_clean,260.6,95.2,161.9,213.2,292.6,293.7,467.5,823.7
CEHLAD_clean,277.7,92.7,160.8,211.8,274.8,271.0,736.7,2173.6
CEJBEA_clean,339.0,107.0,137.1,255.4,319.2,360.8,381.2,575.2
CEJCAW_clean,210.4,64.6,93.8,123.8,210.3,222.0,253.4,613.3
CEJZAU_clean,373.3,145.8,254.6,329.4,410.3,408.6,1040.5,2395.1
CEKHIL_clean,132.8,42.4,59.9,77.5,138.5,149.9,169.9,470.0
CEKNIQ_clean,598.1,166.1,180.3,216.6,322.3,395.7,393.4,1040.3
CEKROB_clean,263.8,82.3,120.5,156.6,269.2,281.0,304.5,629.4
CELZEA_clean,195.7,65.5,99.0,132.8,217.9,225.3,286.5,708.1
CEMKOV_clean,235.3,78.0,133.8,173.7,219.5,231.2,531.6,1159.4
CEMYUQ_clean,124.2,41.0,75.5,95.6,125.6,128.4,327.6,791.5
CENJIQ_clean,215.5,67.2,93.5,117.2,209.7,234.1,247.3,535.2
CENKAJ_clean,218.8,74.1,91.2,112.1,206.9,232.8,246.8,519.1
CENPUI_clean,341.2,158.2,299.6,368.4,395.3,415.8,1319.3,2405.0
CESFIQ_clean,356.0,131.5,224.8,284.9,360.8,339.8,924.8,2555.3
CESFOW_clean,238.8,84.2,129.9,170.5,240.4,242.5,453.7,1247.0
CETFOX_clean,207.5,65.9,87.6,111.9,202.6,229.0,241.8,442.9
CETFUD_clean,267.5,92.8,148.9,200.9,303.4,309.6,440.3,935.0
CETGOY_clean,404.4,132.2,196.4,255.8,414.4,433.6,570.4,1628.5
CETHEQ_clean,183.0,53.8,68.2,83.5,164.4,188.7,206.3,344.4
CETJAN_clean_h,434.8,150.0,257.4,348.8,459.4,459.3,944.9,2157.7
CETNUL_clean,362.1,135.6,235.5,305.9,387.6,382.5,953.3,2088.8
CEXHET_clean,537.7,162.9,222.4,279.2,446.0,432.4,475.8,1018.2
CEXHOD_clean,512.6,177.1,288.2,350.0,509.9,502.2,955.2,2663.0
CEXJOF_clean,1582.1,605.0,923.9,1167.6,1201.2,1303.2,5017.8,11583.5
CEYPUT01_clean,238.2,107.1,208.4,257.0,276.5,289.7,781.9,1248.0
CEYPUT_clean,241.8,108.8,201.4,248.4,272.8,283.1,768.8,1226.0
CEYYIQ_clean,248.3,75.4,108.1,137.7,245.0,260.5,301.4,795.2
CEZFIY_clean,501.1,160.4,262.9,343.0,448.5,431.7,1017.7,2126.5
CIDKUX_clean,154.1,50.7,78.7,106.1,169.0,175.8,222.8,572.0
CIFDOM_clean,245.0,89.3,151.8,200.1,287.9,280.9,592.9,1509.4
CIFDUS_clean,254.4,92.1,154.9,206.4,293.3,293.4,589.4,1481.4
CIFJAE_clean,183.1,66.4,115.0,148.7,208.7,213.8,388.1,824.8
CIFLUA_clean,371.0,135.8,227.0,289.2,399.2,400.5,952.9,2727.0
CIFMAH_clean,320.7,111.4,187.4,255.0,320.0,314.2,835.9,2308.5
CIFMEL_clean,86.5,26.7,32.5,39.4,74.5,90.4,102.8,161.2
CIFMIP_clean,225.5,78.6,123.9,164.8,254.6,257.9,424.9,1184.4
CIGDUT_clean,240.5,88.3,151.7,199.2,272.8,272.5,551.6,1191.1
CIGFAB_clean,227.6,82.0,140.1,185.9,256.3,258.6,493.1,1083.3
CIGFEF_clean,173.7,60.7,100.1,133.3,198.1,199.9,328.9,743.5
CIGXIA_manual,2583.2,941.0,1407.5,1560.2,1654.1,1662.9,4091.5,9247.7
CIJVOH01_clean,145.1,44.9,67.2,85.6,147.9,153.6,195.5,573.0
CIJVOH_clean,143.9,44.1,64.0,85.0,146.6,154.9,189.0,547.5
CIPCUB_clean,314.9,124.6,224.5,286.5,360.3,357.9,866.3,1694.6
CIPLIX_clean,175.8,59.1,104.2,138.4,182.2,181.2,428.2,977.3
CIQQIE_clean,971.7,358.0,534.7,632.1,772.7,732.5,2016.6,4136.8
CIRTUU_clean,687.9,234.3,250.3,300.5,442.9,442.6,543.4,1477.6
CISLUN_clean,186.9,59.6,90.5,118.7,195.0,201.7,268.6,692.3
CISXEJ_clean,464.5,170.7,284.3,366.7,459.2,450.2,997.0,2147.9
CITZIP_manual,202.2,71.0,104.2,138.1,227.9,233.3,309.3,744.2
CIVTEH_clean,310.1,108.1,180.7,239.0,339.8,351.0,644.4,1538.2
CIWREG_clean,469.0,168.8,287.4,352.7,424.2,421.6,1409.3,3780.2
CIWRIK_clean,445.5,166.3,289.3,342.5,402.7,430.7,1357.6,3700.2
CIWROQ_clean,475.6,168.4,289.6,375.7,428.8,439.6,1421.6,3949.7
CIWRUW_clean,468.0,163.5,275.4,366.3,460.9,437.2,1350.1,3727.4
CIWSAD_clean,455.0,160.8,295.1,365.4,421.5,438.1,1370.8,3812.7
CIWYUD_clean,187.4,63.3,99.4,132.9,208.0,213.9,315.0,735.7
CIWZEP_clean,788.4,245.2,349.8,442.4,714.3,743.0,828.5,1891.7
CIWZIT_clean,807.8,250.3,363.6,437.0,715.3,780.7,843.1,1917.1
CIXBUH_clean,467.5,160.7,264.5,354.1,422.5,408.5,1352.4,3659.5
CIXCAO_clean,465.3,165.7,299.6,357.9,435.3,435.0,1430.6,3912.8
CIYZUG_clean,336.3,95.5,120.0,141.8,271.8,333.3,370.5,394.5
CIZMIJ_clean,183.6,62.3,98.3,133.2,206.4,212.0,321.1,846.4
CIZPOS_clean,305.2,119.4,209.5,263.3,301.3,320.9,795.8,1810.7
COBWEV_clean,213.7,63.8,77.7,92.8,174.9,222.4,246.6,290.5
COCMAJ_clean,317.4,114.1,207.5,261.5,345.8,332.5,1000.2,3016.2
COCMOY_clean,220.8,74.9,110.4,141.8,232.5,239.6,341.5,1039.2
COCMUE_clean,940.8,305.3,328.2,423.2,570.8,636.6,689.2,1923.7
COCNAL_clean,376.7,118.7,162.4,202.6,326.2,338.7,404.9,1166.0
COCNEP_clean,1176.7,304.0,330.6,398.5,619.9,628.1,647.6,1924.0
CODFEH_clean,231.0,63.0,83.2,106.7,192.7,219.0,232.6,428.9
CODMUF_clean,192.7,70.8,128.8,165.7,202.1,200.8,585.3,1189.6
CODNAM_clean,155.6,63.1,118.6,149.4,180.9,182.5,547.0,1140.0
CODROD_clean,255.0,97.4,168.9,223.7,303.2,297.1,684.3,1564.4
CODRUJ_clean,251.6,95.8,167.0,219.5,293.4,290.7,695.9,1529.0
CODSUL_clean,472.4,158.9,243.2,310.1,509.7,531.7,665.1,1389.6
CODVAU_clean,501.0,532.0,668.3,1155.9,2553.4,3108.1,4430.7,5227.1
COGNAO_clean,735.0,322.7,585.9,711.7,756.9,835.2,3620.8,7770.1
COJGEO_clean,251.3,92.6,155.7,202.4,277.3,275.8,572.2,1367.5
COJHIT_clean,212.2,66.5,105.8,144.6,217.9,222.0,370.4,1134.8
COJMIZ_clean,390.4,164.6,286.9,370.8,433.9,432.3,1421.4,3453.4
COJMOF02_clean,417.9,136.3,208.9,280.8,384.8,387.4,771.1,1997.3
COKFAK_clean,332.6,113.9,184.3,240.9,359.5,359.6,508.3,1021.9
COKMEW_clean,300.8,117.4,213.3,280.1,358.3,346.2,1055.4,3058.8
COKMIA_clean,315.7,112.4,193.2,258.6,351.5,358.1,872.7,2572.1
COKMOG_clean,306.1,113.0,191.2,251.4,347.6,352.9,831.0,2412.5
COKMUM_clean,249.9,90.3,142.7,191.0,285.0,291.7,539.8,1602.1
COKNAT_clean,302.7,118.3,213.1,279.2,365.3,349.9,1109.9,3082.0
COKPEZ_clean,302.5,116.7,209.9,271.9,350.7,345.5,1039.1,3024.2
COKPID_clean,302.7,116.2,207.3,277.6,358.9,347.6,1038.9,3037.8
COKPOJ_clean,299.2,113.9,195.2,258.8,353.6,356.2,907.5,2709.4
COKPUP_clean,327.8,132.1,217.5,288.2,360.9,362.8,1128.2,3293.0
COKQAW_clean,276.7,97.8,163.6,220.8,320.6,320.4,672.7,1968.1
COKQEA_clean,308.8,114.7,198.7,261.0,357.0,353.1,893.5,2641.8
COKQIE_clean,310.0,120.0,214.4,288.3,363.4,360.2,1067.7,3143.5
COKQOK_clean,300.6,120.3,211.2,278.5,351.1,348.6,1083.2,3199.4
COKROL_clean,301.4,140.8,263.6,317.6,337.8,372.7,1210.5,2054.5
COKRUR_clean,1707.0,636.8,902.0,1066.0,1163.1,1269.1,4070.4,9602.0
COMDOY_clean,221.7,88.5,164.4,210.6,255.7,256.3,707.9,1415.7
COPXOV_clean,639.4,253.2,434.2,570.7,700.2,688.2,1176.9,1855.4
COQGAS_clean,324.5,106.3,165.0,218.6,337.5,343.5,493.1,1212.0
COQHUN_clean,334.7,126.2,216.4,281.1,403.9,367.6,761.3,1652.5
COQJID_clean,394.6,164.5,293.2,361.3,424.6,416.3,1226.9,2224.4
COQJOJ_clean,338.0,135.0,243.2,304.4,369.7,370.3,921.5,1897.9
COQJUP_clean,374.0,146.0,273.1,336.0,386.5,388.7,982.7,2072.3
COQLAX_clean,2063.7,688.2,915.7,1162.1,1574.6,1566.9,2146.4,4748.9
COQNIF_clean,160.6,80.6,152.3,185.1,188.6,264.6,1171.1,2449.7
COQTEJ_clean,161.5,55.1,83.3,110.1,175.4,179.7,272.9,766.9
CORZIU_clean,219.2,73.1,126.3,169.6,230.5,225.4,587.7,1745.3
COSMII_clean,154.8,54.0,86.4,116.5,174.1,176.3,294.4,724.1
COTVOY_clean,212.6,70.5,110.6,150.8,219.0,225.8,360.8,843.2
COTVUE_clean,201.7,68.3,109.6,146.1,222.1,222.1,348.5,847.3
COTXEQ_clean,302.6,101.2,178.5,226.9,289.4,290.6,641.7,1375.1
COTXIU_clean,298.8,103.8,176.9,225.6,293.1,285.5,658.0,1346.6
COTXOA_clean,304.3,98.7,177.3,228.0,296.0,283.4,662.7,1355.0
COTYIV_clean,759.6,243.5,297.0,369.7,524.3,516.9,751.5,2191.2
COVPAG_clean,298.8,106.6,204.4,249.6,298.8,297.1,796.5,1633.3
COWBEX_clean,377.0,122.9,186.7,237.1,399.3,419.4,451.1,804.3
COWDEZ_clean,706.3,315.1,528.1,624.8,645.0,768.4,2667.6,5447.4
COWMAD_clean,197.8,59.8,85.5,110.2,195.6,212.7,240.2,632.3
COWMEH_clean,186.9,59.7,84.6,110.3,193.7,214.2,239.7,637.4
COWMIL_clean,187.9,60.4,88.5,111.8,195.8,210.7,243.0,640.1
COWMOR_clean,184.6,58.9,84.4,109.8,193.6,208.9,238.0,622.5
COWMUX_clean,184.3,59.9,86.2,109.8,193.7,211.3,238.6,638.9
COXDIE_clean,453.7,163.1,276.6,360.3,501.6,495.0,959.4,2249.7
COXHED_clean,85.8,26.1,30.8,37.2,65.3,83.3,104.3,125.0
COXHIH_clean,84.8,25.8,30.5,35.5,64.4,81.2,101.9,121.9
COXHON_clean,85.3,26.1,31.5,38.3,69.9,87.0,104.5,148.0
COXXIX_clean,132.4,40.0,48.8,57.3,103.7,129.4,154.0,179.6
COYCEZ_clean,312.2,111.6,180.9,247.0,353.3,380.3,668.3,1763.6
COYCID_clean,203.1,68.1,91.1,115.3,205.8,229.6,250.4,637.6
COZMUA_clean,180.1,54.8,82.4,107.3,175.9,188.0,250.4,724.1
CUBHOY_clean,301.6,101.8,152.5,199.6,315.5,329.4,443.2,1114.5
CUCSAU_clean,284.9,88.5,118.1,147.3,271.8,317.3,327.3,558.0
CUCTAX_clean,263.2,85.9,127.9,170.9,264.3,273.4,281.9,447.1
CUFDUD_clean,256.2,97.7,166.0,214.5,263.4,270.9,818.8,2111.9
CUFFAL_clean,247.3,93.8,160.8,205.1,258.9,266.8,745.1,1994.6
CUFFEP_clean,214.2,86.6,155.0,199.5,243.6,245.5,844.5,2404.9
CUFGIV_clean,311.1,101.9,163.8,211.8,276.2,290.7,630.5,1768.8
CUFGOB_clean,268.1,73.7,78.2,87.5,123.8,162.3,273.3,285.7
CUFGUH_clean,256.2,75.9,78.9,83.1,126.4,163.3,268.9,289.1
CUFQUR_clean,329.6,103.0,120.2,139.7,229.5,268.8,300.2,396.6
CUGLIB_clean,208.7,54.8,65.1,75.1,136.5,175.1,209.2,218.2
CUGVUW_clean,338.6,106.7,152.0,195.5,349.3,376.0,399.4,780.8
CUGXAF_clean,1414.9,419.9,572.9,692.3,916.4,932.0,1399.3,3380.8
CUGYIO_clean,210.0,55.2,66.0,75.2,137.5,179.9,202.3,266.3
CUGYOU_clean,210.6,54.4,62.0,70.0,118.6,152.7,208.2,218.2
CUGYUA_clean,309.5,76.7,94.4,107.7,180.0,229.6,300.7,301.2
CUGZAH_clean,215.6,57.1,67.7,77.9,137.9,174.7,213.6,271.6
CUHLUO_clean,702.9,462.9,768.9,816.8,1091.1,2036.6,7198.0,11758.7
CUIMDZ01_clean_h,346.0,106.4,125.9,147.6,270.4,343.6,400.8,406.8
CUKXIR_clean,192.6,64.0,107.9,140.4,195.3,195.9,394.7,896.2
CUKXOW_clean,178.4,57.1,84.7,110.3,193.3,200.2,231.8,525.4
CUKXUC_clean,177.2,60.1,84.6,111.1,187.5,198.2,228.1,519.9
CUKYAJ_clean,174.9,56.8,87.2,109.5,187.5,196.7,231.1,523.4
CUKZOY_clean,385.8,143.8,251.0,332.3,436.1,435.6,1030.7,2380.6
CUMDEU_clean,190.1,57.0,70.7,83.9,161.2,191.6,220.2,251.1
CUMDIY_clean,277.4,97.3,167.4,218.5,309.8,312.3,404.1,690.0
CUMDOE_clean,236.5,73.1,102.0,129.0,235.3,259.2,281.2,525.4
CUMDUK_clean,285.4,81.5,114.7,149.6,259.5,272.5,291.2,581.6
CUMJEB_clean,411.5,140.0,212.5,286.2,448.8,448.2,553.6,1173.6
CUMLUT_clean,188.7,73.8,134.4,173.6,218.2,218.1,671.4,1698.1
CUMQOQ_clean,181.6,58.9,88.1,117.1,196.9,206.0,255.4,660.1
CUNFOH01_clean,185.0,56.0,67.9,80.6,147.5,184.4,219.4,278.2
CUNFOH_clean,176.2,52.3,64.7,75.2,137.4,173.2,204.9,256.2
CUNQOT_clean,139.9,46.8,72.7,96.6,155.3,159.7,206.8,436.9
CUNQUZ_clean,122.8,40.8,63.0,84.2,136.7,143.3,172.0,371.0
CUNWEO_clean,347.2,122.6,200.7,265.0,388.6,384.4,748.4,1823.4
CUPHIG_clean,223.6,77.7,122.0,156.7,228.5,230.9,427.8,1196.0
CUPHUS_clean,254.1,79.7,102.0,124.5,203.4,222.0,241.4,581.6
CUQKOQ_clean,175.3,56.8,96.4,128.8,179.4,180.7,382.5,953.8
CUQRIR_clean,266.4,95.3,159.5,212.0,298.5,296.7,583.0,1352.6
CUQROX_clean,211.1,75.4,111.3,147.9,233.1,242.5,332.7,783.6
CUQRUD_clean,172.7,63.2,102.7,137.4,192.9,195.2,383.1,903.2
CUQSAK_clean,1261.6,395.5,516.8,668.6,896.7,879.0,1429.5,3832.3
CUQTAL_clean,289.0,96.8,130.2,148.4,243.7,258.5,287.3,752.3
CUQXUI_clean,289.0,91.0,122.2,159.4,284.2,313.0,333.7,827.5
CURBOH_clean,172.3,54.0,70.9,89.1,160.1,181.1,190.0,413.9
CURQEN_clean,350.4,152.7,273.6,343.6,389.8,387.5,847.3,1454.1
CURYOE01_clean,594.3,231.9,404.1,506.9,636.8,656.6,1834.3,5134.8
CURZAR_clean,574.5,169.3,243.9,310.7,496.7,518.2,685.1,1899.0
CURZEV_clean,328.1,105.7,169.2,222.0,302.6,297.8,650.7,1395.3
CUSXIY_clean,476.0,129.5,175.3,175.1,290.7,323.3,381.0,965.9
CUSXOE_clean,886.7,264.9,311.2,387.4,560.7,598.0,727.7,2313.7
CUSYAR_clean,1309.8,452.3,572.9,701.2,952.6,1082.5,1436.8,4646.6
CUSYIA_clean,206.5,75.9,132.9,172.7,237.4,236.4,547.5,1557.2
CUSZEX_clean,197.8,69.7,117.4,158.0,225.7,226.8,464.0,1309.0
CUSZIB_clean,138.0,43.8,72.5,95.6,146.5,145.3,268.5,754.6
CUTBEA_clean,153.9,49.6,71.4,93.0,162.4,171.3,201.1,527.6
CUTBIE_clean,149.5,48.7,69.5,90.2,157.9,166.2,193.3,509.4
CUTCAX_clean,256.1,98.6,172.3,225.1,291.5,289.9,657.4,1383.2
CUTFII_clean,253.3,98.6,178.5,228.2,283.2,283.6,685.0,1374.7
CUTGEF_clean,186.2,79.1,151.4,177.2,193.7,223.8,772.8,1409.9
CUVGIK_clean,255.1,99.4,181.1,234.1,299.4,299.7,762.5,1542.5
CUVGOQ_clean,233.8,92.6,160.7,214.8,283.3,272.6,653.1,1336.7
CUVHEH_clean,156.7,51.4,70.9,91.1,152.9,163.0,180.8,426.8
CUVHIL01_clean,165.4,57.2,87.2,117.8,182.4,187.2,267.8,667.3
CUVHIL02_clean_h,171.2,59.5,92.5,123.5,196.3,199.0,277.6,693.3
CUVHIL_clean_h,174.1,59.1,93.1,123.3,198.4,197.0,276.9,688.8
CUVTUJ_clean,163.9,55.0,78.7,103.2,178.4,188.8,239.8,691.8
CUVVOG_clean,401.2,142.1,240.7,310.2,393.5,400.1,977.8,2317.8
CUVXAT_clean,402.6,142.2,240.9,316.8,421.8,418.3,1014.8,2391.7
CUWHUZ_clean,881.7,442.7,773.3,905.4,916.4,1511.5,6974.3,17475.4
CUWNIT_clean,331.7,110.2,164.5,207.7,324.0,317.2,498.2,1281.1
CUWNOZ_clean,317.0,129.8,216.7,281.6,344.7,342.7,899.3,1787.6
CUWTUL_clean,193.6,75.1,136.3,176.7,224.4,228.3,464.1,864.5
CUWVAT_clean,168.2,62.7,104.3,134.8,191.6,197.9,344.2,733.7
CUWVIB_clean,209.1,81.3,147.5,191.7,242.4,241.4,509.8,925.2
CUWWEY_clean,223.3,77.0,125.7,172.0,251.2,252.7,408.1,935.9
CUWXAV_clean,245.0,87.8,147.1,189.1,265.2,265.3,465.2,1032.2
CUWXID_clean,130.1,40.6,55.4,70.9,123.6,135.0,150.2,341.3
CUWXOJ_clean,336.3,152.5,274.0,332.8,366.8,387.4,1185.0,2150.3
CUWXUP_clean,309.4,135.7,249.7,313.9,337.9,351.5,1135.2,2105.7
CUWYAW_clean,174.9,61.0,94.1,123.9,189.1,192.4,300.6,755.8
CUWZAX_clean,169.1,58.1,92.6,124.5,188.1,186.3,314.6,782.2
CUWZIF_clean,219.1,81.9,142.7,185.3,246.6,250.3,485.5,998.3
CUXFIL_clean,344.2,142.8,268.7,338.0,393.2,396.9,1339.6,2591.8
CUXFUX_clean,426.1,207.5,404.3,468.9,499.7,625.4,2505.6,5319.3
CUXJAI_clean,140.4,45.7,68.1,88.2,153.3,163.8,193.4,519.3
CUXJEM_clean,199.5,74.3,130.4,172.3,233.6,230.2,421.9,801.4
CUXLEO_clean,200.5,72.8,121.9,164.5,233.9,235.7,480.2,1313.5
CUYWUP_clean,313.2,118.5,222.0,283.6,324.8,325.2,1193.4,2811.0
CUYYAX_clean,356.9,147.4,272.5,333.6,374.6,387.6,1407.9,3082.5
CUYYEB_clean,373.1,149.3,280.9,360.2,390.7,408.8,1531.8,3326.6
DABFIX_clean,1023.9,423.0,733.8,863.3,990.9,1032.6,3800.2,7990.3
DABMUR_clean,166.4,56.5,88.4,116.2,184.7,190.2,299.0,855.8
DACFAR_clean,405.6,167.2,322.4,384.6,443.7,431.2,1516.0,3401.3
DACSEI_clean,381.9,240.5,365.1,361.4,406.2,617.9,1938.8,4197.7
DACYUE_clean,163.3,58.1,90.6,121.7,185.9,189.9,337.5,981.0
DACZUF_clean,260.1,96.6,169.6,223.8,292.9,296.9,632.0,1334.7
DADLEC_clean,399.5,122.9,178.4,231.6,355.2,369.1,449.9,1047.4
DADLIG_clean,399.7,136.0,209.5,273.9,430.1,448.1,594.9,1453.8
DADLOM_clean,292.1,91.5,123.1,150.6,252.9,270.8,300.7,773.3
DADNII_clean,182.3,57.6,94.7,111.3,187.8,198.0,250.0,726.1
DADNOO_clean,177.5,58.9,88.1,116.2,191.8,198.9,271.8,778.2
DADNUU_clean,177.6,57.5,86.6,114.1,189.1,200.1,261.5,733.8
DADPAC_clean,176.4,59.4,84.4,110.7,189.5,198.5,253.3,701.1
DADPEG_clean,178.0,58.2,90.7,115.2,192.4,203.3,278.3,777.6
DADXUE_clean,482.5,245.9,438.5,496.4,519.7,639.9,1615.4,2315.7
DAFJOM_clean,175.7,63.5,108.3,144.4,197.4,197.3,419.1,987.7
DAFSOV_clean,281.1,90.7,130.4,174.4,296.4,318.2,350.7,797.2
DAFYAN_clean,157.8,52.7,79.3,108.6,174.2,179.7,249.5,732.9
DAFYOB_clean,114.8,36.0,50.8,63.5,114.8,127.1,139.3,348.8
DAGDIZ_clean,258.8,87.7,137.1,179.4,283.3,289.1,408.9,954.2
DAGDUL_clean,410.8,152.2,263.9,345.7,450.3,412.8,1130.8,2407.4
DAGJED_clean,252.1,88.0,148.8,194.6,277.4,287.0,462.8,990.5
DAHNOQ_clean,142.3,42.2,55.0,63.4,119.7,147.4,163.6,203.4
DAHNUW_clean,170.0,56.3,85.1,113.9,187.1,195.3,251.6,666.7
DAHPAE_clean,150.1,47.1,73.8,98.0,160.3,158.8,250.6,667.9
DAKVIW_clean,169.6,55.1,91.6,122.8,174.4,172.1,325.1,884.0
DAKVOC_clean,344.5,144.7,271.4,327.6,355.9,384.8,1518.4,3866.5
DAKVUI_clean,345.5,138.9,264.2,318.3,344.8,369.6,1367.5,3526.3
DAKZUN_clean,254.4,72.6,109.1,148.5,243.9,254.5,314.0,864.5
DALSUH_clean,203.5,65.5,108.8,145.5,197.5,202.0,393.4,869.7
DALTAO_clean,203.0,64.6,107.2,142.9,196.2,197.5,388.7,864.8
DALVAQ_clean,152.9,44.9,72.8,96.3,148.7,157.8,218.7,459.6
DALVEU_clean,430.5,178.2,323.9,379.7,403.5,472.6,1887.0,4807.6
DALVIY_clean,757.7,214.4,322.4,387.1,503.0,475.3,896.2,2471.3
DAMDUT_clean,242.8,73.8,96.5,118.7,200.5,209.7,236.4,617.3
DAMYOI_clean,253.9,84.2,126.6,160.8,248.3,255.2,385.8,1082.6
DAMYUO_clean,252.1,83.6,123.9,157.3,245.0,260.6,357.3,1041.3
DAMZEZ_clean,340.8,112.7,194.2,254.8,353.1,341.4,568.8,1023.4
DANFUW_clean,807.3,294.2,464.1,621.7,786.4,766.8,1583.0,3602.7
DANZOJ_neutral,173.8,60.0,92.5,121.8,191.2,195.8,255.1,677.3
DAPBED_clean,629.2,306.8,558.0,635.6,659.6,949.1,3893.1,10155.2
DAPBIH_neutral,179.7,60.7,98.0,126.8,193.8,197.0,268.3,675.5
DAPHOU_clean,606.7,192.6,240.6,312.3,465.5,446.6,530.0,1538.8
DAPXID_ion_b,217.8,62.8,76.3,88.5,149.6,169.1,181.2,327.4
DAPYAW_clean,365.7,126.4,201.1,262.5,384.9,393.7,673.9,1705.1
DARBUU_clean,124.0,36.2,43.0,50.5,92.6,117.5,141.5,165.4
DARSEV_SL,216.5,72.2,112.1,146.8,237.3,244.3,334.4,848.6
DATHAJ_clean,412.7,126.0,187.1,251.7,418.8,404.4,530.2,1258.1
DATPIY_clean,192.7,61.4,87.9,115.0,199.4,211.3,221.0,324.6
DAWBIO_clean,318.4,110.1,204.3,269.9,332.0,319.4,752.7,1444.4
DAWBOU_clean,319.3,118.7,208.0,267.5,329.6,327.8,790.2,1452.6
DAWBUA_clean,336.8,128.0,226.7,298.0,354.6,357.7,874.9,1751.9
DAWCAH_clean,333.5,124.9,230.1,290.8,340.7,343.4,918.8,1692.3
DAWCIP_clean,410.8,136.0,227.2,285.5,345.4,344.0,858.7,2134.7
DAWCOV_clean,225.0,83.8,135.1,180.6,253.9,255.1,507.1,1240.3
DAWDAI_clean,358.0,136.7,251.9,313.5,404.5,410.5,768.2,1496.2
DAWWAB_clean,336.5,112.4,174.9,222.4,363.5,387.3,519.0,1397.1
DAWWEF_clean,287.2,98.1,152.9,203.2,302.8,305.1,595.2,1757.5
DAXHIV01_clean,199.8,64.5,105.8,136.0,212.5,219.0,377.0,1043.7
DAXHIV_clean,184.5,64.2,102.5,137.0,215.9,216.0,360.6,1035.3
DAXHUH01_clean,184.9,64.3,104.0,138.8,213.0,218.3,372.7,1064.6
DAXHUH_clean,189.6,64.2,102.7,134.6,216.2,221.6,361.4,1023.2
DAZCAK_clean,847.6,303.0,387.1,424.9,592.7,582.4,879.5,2171.6
DEBGIA_clean,261.1,87.4,133.3,175.1,290.2,292.8,332.9,648.1
DEBWAK_clean,360.9,113.0,157.4,204.7,349.7,377.0,422.0,1095.6
DEFKUU_clean,213.4,72.8,115.8,154.3,242.0,248.6,370.2,847.7
DEFRIR_clean,227.0,71.6,106.0,139.4,232.9,244.1,312.0,808.2
DEGJIK_clean,235.6,85.2,145.4,193.3,265.3,267.3,444.3,783.4
DEJCIF_clean,162.3,58.2,99.6,137.1,183.4,184.4,322.2,611.8
DEJJIN_clean,189.4,60.4,84.2,102.3,185.6,209.2,221.0,568.6
DEJRUH_clean,231.6,76.9,117.8,157.1,253.8,259.6,351.1,822.2
DEKHEH_clean,315.0,116.9,217.2,269.7,363.7,367.4,805.9,1820.3
DEKHUX_clean,213.3,74.7,118.6,157.0,240.3,248.7,376.1,854.6
DEKPUF_clean,220.4,85.9,151.1,201.2,260.2,259.6,693.8,1727.4
DELGEI_manual,148.5,45.9,59.0,74.1,136.4,159.5,172.9,338.5
DEPSEW_clean,169.0,130.6,191.8,197.3,300.6,485.9,1136.3,1719.1
DEPTOH_clean,149.9,106.1,157.5,162.1,244.7,394.6,946.5,1423.3
DEPXAY_clean,209.6,74.8,127.4,162.0,213.2,215.4,554.0,1368.8
DEPXIG_clean,245.1,95.6,165.1,219.9,278.2,276.2,654.4,1453.1
DEPXOM_clean,197.3,69.1,111.6,149.2,223.7,228.2,401.0,1087.4
DEQFOU_clean,275.4,88.8,130.8,166.4,289.9,307.8,362.2,950.2
DEQVIF_clean,323.7,116.4,192.9,255.2,361.2,362.2,724.1,1688.0
DEWQUS_clean,389.8,126.5,213.5,287.3,368.5,369.9,904.6,2452.2
DEWRIH_clean,298.1,103.2,152.9,203.8,336.0,348.0,449.8,1154.4
DEYJIC_clean,231.5,81.5,130.6,175.4,257.1,260.2,447.7,1015.3
DEYJOI_clean,225.9,80.0,132.6,177.0,260.8,262.1,458.7,1084.7
DEYLOJ_clean,307.7,96.3,121.0,148.9,276.2,324.2,348.2,627.4
DEYLUQ_clean,246.1,83.0,128.0,172.8,273.2,280.3,380.6,885.4
DEYNIG_clean,190.3,55.6,69.9,87.6,161.2,184.9,199.3,222.0
DEZKAW_clean,160.1,50.0,65.0,82.0,152.6,172.3,184.9,361.2
DIBJEF_clean,667.1,290.2,529.6,670.7,748.2,780.5,2439.3,5085.5
DIBJIJ_clean,521.8,206.4,353.9,478.7,627.4,590.0,1391.9,3067.1
DIBPAH_clean,372.5,152.7,288.0,356.3,430.7,425.6,1232.4,2555.6
DIBQEM_clean,396.8,146.6,253.6,324.5,420.6,423.2,1062.6,2907.2
DIBQIQ_clean,328.2,116.3,204.5,264.6,329.6,325.6,973.3,2626.0
DIBQOW_clean,322.6,113.5,194.1,252.5,326.0,331.7,883.9,2478.8
DIBQUC_clean,316.0,105.9,189.7,240.1,301.7,301.9,834.5,2268.9
DICKEH_clean,136.1,43.6,61.5,78.9,146.3,157.5,173.1,455.0
DICVAO_clean,394.2,154.3,275.0,356.5,448.0,445.0,1230.4,2842.6
DICVES_clean,418.7,158.5,277.1,364.0,452.0,468.3,1230.7,2789.9
DICVIW_clean,405.4,155.3,281.1,361.9,447.1,443.3,1257.5,2824.7
DIDBAV_clean,404.4,156.6,268.0,360.3,410.8,417.3,1473.9,3637.8
DIDBEZ_clean,404.9,156.5,270.3,350.4,406.0,423.4,1459.1,3696.7
DIDDOK_clean,157.6,47.1,67.8,83.9,154.6,171.1,183.7,489.6
DIHVIB01_clean,631.5,277.6,486.2,608.1,635.3,715.9,3123.3,8223.1
DIHVIB_clean,627.1,273.5,504.5,602.7,656.5,724.3,3000.0,8265.8
DIKJUD_clean,297.1,97.0,175.4,227.2,283.3,291.9,609.0,1177.9
DIMQIB_clean,323.9,147.7,265.4,313.7,338.7,371.1,1364.1,2867.1
DINNIZ_clean,427.2,144.8,224.0,297.8,457.2,465.7,699.6,1737.6
DIPMAS_clean,213.0,68.8,98.3,128.9,231.4,248.1,272.2,699.2
DIRPIF_clean,218.0,72.8,111.2,144.9,232.7,243.3,327.0,803.4
DITJIB_clean,177.7,57.7,81.6,102.3,186.8,200.9,224.2,647.8
DITJOH_clean,176.0,56.5,79.2,101.5,183.4,198.4,221.5,621.5
DITPED_clean,1086.6,410.8,620.3,722.8,828.0,838.2,2655.7,5845.3
DITTEH_clean,259.9,90.8,165.4,211.0,267.3,274.5,752.9,1929.1
DITXOU_clean,150.1,54.0,87.8,118.4,173.4,175.8,316.8,808.0
DITYEM_clean,255.2,71.7,86.4,102.4,189.6,246.0,285.8,287.9
DITYOW_clean,377.8,122.0,216.5,285.0,372.9,376.1,807.9,1756.6
DIVGIA_clean,748.8,287.5,457.9,590.2,773.2,809.5,1582.5,3607.8
DIVPUU_clean,157.0,51.4,83.6,110.3,169.8,174.1,240.3,497.5
DIVSUY_clean,276.1,115.0,206.7,268.9,319.6,314.0,983.7,2228.9
DIWMON_clean,454.8,150.9,230.2,313.0,384.8,407.4,870.7,2421.9
DIWMUT_clean,437.9,171.7,288.0,353.2,423.3,427.0,1389.5,3646.0
DIWNAA_clean,160.8,57.5,95.7,131.4,185.7,187.0,384.0,1048.8
DIXKOL_clean,205.1,68.9,108.7,145.1,227.2,240.1,333.8,770.0
DIYKAZ_clean,305.9,115.1,203.4,266.4,342.1,336.1,530.6,823.8
DIYKED_clean,309.9,84.8,107.8,131.4,251.2,296.4,322.5,412.9
DIYTEM_clean,357.5,134.1,233.5,307.7,399.5,399.9,946.1,2160.7
DIZVAK_clean,190.6,75.6,137.0,171.8,198.2,204.5,769.8,1672.8
DOCKOW_clean,312.2,96.1,130.2,162.2,297.6,344.3,352.0,565.1
DODMIT_clean,254.7,95.6,171.6,225.1,291.2,292.8,674.9,1461.0
DOFTID_clean,250.2,86.1,152.0,193.8,249.9,251.8,693.1,1958.0
DOFTOJ_clean,250.8,91.9,157.1,203.4,246.6,250.0,757.8,2077.6
DOGBAE_clean,897.7,262.1,363.1,431.2,592.3,590.3,890.8,2575.0
DOGMET_clean,432.1,150.9,260.1,344.9,471.9,473.8,746.1,1437.6
DOHNUL_clean,278.7,92.0,133.2,164.9,286.8,297.3,318.9,568.6
DOJXOR_clean,409.0,152.2,262.6,348.8,424.5,423.1,1239.7,3030.5
DOKDEN_clean,253.7,90.1,146.0,188.4,284.5,293.6,499.4,1318.5
DOKHIV_clean,251.6,87.7,141.3,187.2,282.7,288.0,418.9,887.5
DOLRAZ_clean,327.4,141.2,266.1,319.8,366.8,373.5,1158.3,2148.9
DOLWEI_clean,628.6,243.8,436.4,555.5,640.4,619.1,2567.4,7841.3
DOLXOR01_clean,76.4,22.4,25.4,28.6,49.0,64.4,90.6,95.9
DOLXOR02_clean,77.5,22.5,25.5,28.6,49.0,64.1,92.1,96.7
DOLXOR_clean,76.9,22.7,25.5,29.0,48.9,64.9,91.4,96.1
DOMCUE_clean,300.6,106.0,171.6,221.0,347.5,350.0,579.8,1839.8
DOMDAL_clean,200.0,60.4,67.8,76.1,119.3,143.3,161.0,218.0
DOMFUI_clean,386.5,132.2,207.5,258.9,376.7,376.0,648.9,1541.9
DOMGAP_clean,398.8,137.6,213.6,279.6,378.0,382.7,740.1,1744.6
DOMKEX_clean,265.6,83.2,122.0,158.8,277.1,288.9,319.9,703.6
DONKIC_clean,307.5,104.5,169.0,221.2,338.2,330.9,544.4,1432.8
DONKOI_clean,324.3,105.3,165.1,217.7,323.2,329.0,544.5,1421.7
DONKUO_clean,277.3,98.6,163.4,220.6,310.5,314.2,490.4,1007.8
DONNAW01_SL,193.1,65.1,117.2,152.0,197.5,198.5,503.1,1141.7
DONNAW_clean,182.9,63.8,119.3,157.5,195.2,187.8,563.9,1224.7
DONNEA_clean,178.7,67.7,119.1,158.4,210.5,214.8,428.5,859.3
DONNIE_clean,190.6,66.4,123.1,160.0,199.8,200.2,569.7,1366.7
DONXUB_clean,297.1,140.2,261.0,290.5,306.2,392.3,1154.3,1729.6
DOPHOH_clean,1323.6,383.3,445.8,544.7,809.0,902.5,891.3,2516.7
DOPHUN_clean,1229.6,386.5,478.4,535.7,762.8,864.3,929.6,2471.6
DOPJAV_clean,391.7,122.2,178.5,244.8,373.5,378.0,499.4,1268.5
DORFAS_clean,291.2,103.5,173.1,228.2,328.9,326.1,613.4,1483.0
DORFOG_clean,230.1,66.3,102.1,134.5,219.4,228.9,289.5,648.2
DORFUM_clean,325.3,140.0,249.0,316.5,364.4,373.1,864.3,1593.1
DORYUG_clean,448.4,236.5,435.8,486.8,504.8,661.2,1860.0,2839.1
DOTFOJ_clean,944.0,315.6,493.4,591.1,645.1,681.4,2842.6,6782.2
DOTTEM_clean,193.0,66.8,127.5,170.3,194.6,197.1,574.3,1279.5
DOTYES_clean,994.8,310.7,404.5,510.6,771.5,779.1,889.9,2256.9
DOYBAV_clean,387.8,141.7,229.5,301.5,411.9,407.6,821.6,2032.5
DOYBEA_clean,215.5,91.1,174.6,224.3,251.4,263.0,799.7,1527.4
DOYBUQ01_clean,158.7,50.4,78.3,103.9,153.4,153.1,234.9,481.2
DOYBUQ_clean,155.8,48.8,76.0,99.2,147.9,150.6,211.0,460.2
DOYHOQ_clean,186.6,67.0,114.0,151.0,211.2,210.5,429.6,1050.5
DOYHUW_clean,244.3,105.0,193.1,238.8,276.8,282.2,992.5,2286.6
DOYLEI_clean,187.1,57.1,76.1,94.8,177.6,203.4,219.7,401.6
DOZCEC_clean,146.8,43.1,61.1,78.7,140.2,148.5,169.3,487.5
DOZKIO_clean,155.0,55.5,95.8,126.8,174.9,178.7,376.2,922.7
DUBBEI_clean,174.0,60.9,98.1,130.7,192.8,198.1,322.9,734.7
DUBJUH_clean,326.8,122.7,209.9,277.1,360.0,360.6,844.0,2028.2
DUBKAO_clean,327.8,128.2,207.7,278.8,357.6,363.2,851.8,2025.7
DUBWON_clean,209.8,86.0,159.3,203.6,242.4,247.0,782.6,1729.9
DUDKEU_clean,406.4,121.2,184.0,239.2,393.5,403.6,502.7,1247.8
DUDKIY_clean,237.5,87.7,151.3,197.5,268.8,272.9,628.2,1559.5
DUDKOE_clean,220.9,73.9,110.0,143.9,220.2,221.5,358.4,1076.6
DUDKUK_clean,127.7,40.9,55.5,70.9,128.7,144.1,157.3,415.1
DUFGOB_clean,230.0,72.1,95.5,117.7,213.9,246.5,267.2,513.4
DUFKAS_clean,632.9,172.9,193.1,216.0,377.0,380.3,388.6,784.3
DUGMOJ_clean,839.3,238.7,295.7,320.9,460.9,491.6,542.1,972.5
DUHXIP_clean,561.9,234.0,429.8,548.0,566.6,609.1,1818.7,3162.3
DUJRAD_clean,178.0,61.5,107.6,143.2,187.1,188.2,451.3,1041.3
DUKNEE_clean,808.8,304.4,517.0,664.1,754.5,762.4,1941.7,3594.3
DUKNII_clean,735.5,268.0,429.6,563.1,717.9,726.1,1168.8,2159.9
DUMXEQ01_clean,252.8,96.5,169.2,224.0,287.5,286.6,544.9,964.5
DUMXEQ_clean,260.7,97.0,173.6,228.3,296.9,296.2,551.2,1009.5
DUMXIU_clean,247.2,87.2,143.3,192.7,276.8,286.4,417.2,805.5
DUNJON_clean,515.2,138.5,178.2,210.9,339.8,379.3,398.5,549.8
DUNXUH01_clean,211.4,91.3,175.7,216.3,249.7,259.6,972.3,2093.7
DUNXUH02_clean,213.9,92.8,175.0,226.8,249.6,257.7,963.8,2086.1
DUNXUH03_clean,215.0,92.9,172.8,218.4,250.2,260.5,909.0,2002.0
DUNXUH04_clean,213.2,88.6,166.7,211.1,242.4,250.2,913.2,1939.4
DUNXUH05_clean,209.6,89.8,170.5,217.1,252.7,251.7,908.1,2003.4
DUNXUH06_clean,199.9,85.3,161.1,202.2,235.8,239.8,876.8,1888.3
DUNXUH12_clean,215.7,91.3,174.7,219.2,250.1,265.1,905.6,1985.6
DUNXUH13_clean,216.0,92.1,178.1,220.7,250.9,262.8,913.8,1991.8
DUNXUH14_clean,215.4,92.1,173.8,219.9,253.9,258.7,933.7,2024.3
DUNXUH15_clean,216.5,92.8,176.6,220.0,250.1,262.0,962.0,2073.7
DUNXUH21_clean,215.0,93.1,176.3,218.5,249.5,258.9,963.4,2105.5
DUNXUH_clean,213.7,96.9,175.0,224.0,254.2,257.9,941.3,2069.2
DUNYOC_clean,642.1,210.2,254.4,325.7,489.4,513.4,653.0,1906.6
DUPJAB_clean,501.4,180.2,296.6,377.5,448.3,448.8,1072.6,2636.0
DUPKAC_clean,1224.8,468.0,761.0,935.6,1036.7,1108.7,4207.6,12326.7
DUPVER_clean,190.6,64.9,98.5,132.2,210.6,218.8,328.9,991.6
DUQRUD_clean,680.1,187.9,247.0,307.3,480.8,531.2,595.9,1199.3
DUQSEO_clean,270.0,82.3,91.9,105.9,186.5,242.1,310.0,322.2
DUQYEU01_clean,150.0,50.2,76.3,102.5,169.8,173.3,241.0,659.5
DUQYEU_clean,157.1,52.7,81.7,106.7,179.4,182.6,254.8,695.0
DURDAX_clean,185.9,59.4,96.7,128.8,191.3,193.5,382.0,1157.6
DURDIF_clean,121.6,38.7,56.2,73.7,128.5,138.3,163.1,439.7
DUSHEG_clean,3716.9,1305.5,1873.7,2161.4,2328.6,2366.8,8798.1,20335.2
DUSHIK_clean,3640.9,1287.8,1850.5,2101.9,2271.7,2371.1,9035.7,20134.2
DUTKAG_clean,270.6,97.5,167.6,215.8,302.6,302.9,676.3,1811.1
DUWBEE_clean,257.0,83.1,123.9,162.3,237.6,238.4,456.7,1408.9
DUWFOS_clean,241.4,70.8,115.3,151.1,236.3,240.2,308.6,594.2
DUWGEJ_clean,205.3,66.7,108.3,143.9,217.4,219.5,336.9,838.6
DUWROE_clean,236.5,92.7,165.0,216.2,269.1,272.3,699.2,1479.7
DUWRUK_clean,177.5,64.1,112.8,148.6,204.9,204.6,365.0,727.3
DUWSAR_clean,186.1,61.8,98.7,126.4,209.1,213.8,310.2,866.5
DUXKUD_clean,308.0,98.7,142.1,182.9,328.6,345.0,383.6,1080.9
DUXMAL_clean,261.8,106.0,198.6,243.1,281.3,285.5,990.2,1793.1
DUYJIS_clean,355.1,150.4,273.5,348.4,399.5,400.8,1314.0,2813.1
DUYRAR_clean,455.4,133.0,170.7,202.5,348.8,417.7,413.6,815.9
DUYREV_clean,433.1,136.3,162.2,207.2,345.9,384.4,391.5,838.5
DUYRIZ_clean,477.7,139.6,178.1,222.5,381.7,418.3,439.3,906.5
DUYROF_clean,446.2,138.1,184.5,220.0,363.8,396.4,423.9,889.9
DUYVEA_clean,250.5,65.8,78.9,94.1,174.4,218.2,255.6,271.5
DUZKAM_clean,402.7,112.3,134.7,151.8,261.9,287.1,323.9,658.8
DUZKEQ_clean,307.1,87.8,103.9,119.9,193.5,229.9,275.1,404.5
DUZPUL_clean,154.9,53.9,89.3,117.8,173.0,179.8,332.8,915.7
DUZWOM_clean,232.7,74.7,102.4,133.0,238.0,256.9,273.2,510.8
EBAMUS_clean,729.3,395.5,683.3,743.4,791.9,1202.3,4505.5,11274.6
EBATUY_clean,191.7,65.9,104.7,138.6,213.5,220.2,299.1,648.1
EBATUZ_clean,243.2,83.3,132.6,173.4,248.9,258.6,452.6,1288.4
EBAVAH_auto,228.6,77.4,116.5,153.4,237.8,236.6,364.9,1105.0
EBAVIP_clean,655.3,319.9,594.6,683.1,744.2,946.0,3647.8,6742.6
EBAVOV_clean,636.2,315.1,586.0,697.4,709.1,956.5,3493.4,6496.9
EBAVUB_clean,637.7,331.8,587.1,693.9,713.5,947.8,3603.7,6570.6
EBELUU_clean,221.3,89.8,153.4,203.5,257.3,260.8,680.5,1581.5
EBEMEE_clean,368.9,122.6,181.8,238.4,395.9,404.7,472.0,969.0
EBEMEF_clean,124.9,37.2,45.9,53.9,100.2,125.0,147.2,191.6
EBEMII_clean,394.3,133.7,213.6,299.0,441.7,439.7,580.9,1150.5
EBEWIT_clean,136.9,42.6,70.3,89.4,143.6,151.0,207.8,515.8
EBEXAM_clean,138.3,43.3,65.3,88.0,145.5,150.1,198.1,495.2
EBEXEQ01_clean,141.7,43.9,69.2,93.1,146.8,153.3,218.3,529.9
EBEXEQ_clean,140.5,45.1,71.5,94.4,151.5,156.8,219.3,533.5
EBEXIU02_clean,234.9,96.8,187.1,224.5,239.1,256.8,644.9,974.3
EBIDOK_ion_b,489.2,194.9,350.4,431.9,540.8,529.1,1575.8,4004.7
EBIHII_clean,193.9,72.1,112.6,147.9,220.8,226.9,389.0,963.6
EBIJAC_clean,441.0,136.9,183.1,242.1,373.4,389.6,411.5,806.3
EBIMEJ_clean,261.2,104.7,179.0,235.9,303.7,299.1,682.8,1378.3
EBIPOX_clean,170.7,48.5,75.8,103.0,161.2,166.7,246.7,658.8
EBIZUN_clean,285.6,105.4,176.8,230.6,319.2,318.1,737.4,2104.7
EBOBIJ_clean,307.3,132.4,243.7,308.7,351.0,363.1,1301.6,2823.9
EBOCOQ_clean,249.1,79.9,139.2,184.6,250.7,246.1,519.4,1118.2
EBOJOV_clean,278.4,85.3,116.1,143.9,256.5,298.2,322.1,564.0
EBOXEA_clean,302.0,88.4,131.8,157.0,278.7,307.9,337.3,823.0
EBUQIB_clean,615.4,229.3,374.0,471.0,572.0,571.7,1619.1,3331.1
EBUREA_clean,209.9,70.2,107.3,140.3,231.8,235.5,300.5,667.2
ECAFOG_clean,336.1,107.7,157.3,205.7,341.8,359.3,440.9,1173.3
ECAHAT_clean,283.2,113.2,198.5,256.1,329.0,324.3,592.1,1197.2
ECAHEX_clean,290.6,93.4,132.1,174.8,305.8,335.2,358.3,736.1
ECAHOH_clean,293.4,92.1,130.4,167.4,298.1,321.6,344.4,692.8
ECASAD_clean,241.5,78.3,96.2,120.0,220.8,259.1,280.4,365.5
ECEDAU_clean,185.9,70.5,123.9,164.2,213.1,214.0,332.3,527.4
ECEDEY_clean,242.1,84.6,138.1,186.6,276.1,281.1,457.8,1097.2
ECEZAO01_clean,223.5,76.4,116.9,155.2,249.9,258.7,305.1,576.3
ECEZAO_clean,223.8,78.9,131.4,177.3,255.5,253.8,384.3,820.1
ECIWIW_clean,856.4,271.2,361.8,485.5,703.3,733.2,878.8,1869.1
ECIWOC_clean,599.6,278.9,504.8,622.4,681.4,710.3,2154.9,3346.7
ECODEG_clean,248.0,105.3,197.8,240.9,261.4,276.1,868.3,1546.2
ECODIK_clean,214.3,78.5,137.4,178.2,239.6,243.0,542.7,1273.4
ECOGEI_clean,394.8,140.3,258.6,329.7,391.7,375.5,1180.5,2461.2
ECOKAJ_clean,111.0,33.4,36.9,40.0,61.2,77.2,99.5,105.5
ECOLEP_clean,101.0,32.4,40.3,48.9,91.6,112.1,122.6,224.3
ECOLOX_clean,99.5,32.4,48.2,63.6,109.7,116.8,139.3,337.9
ECUDOX_clean,185.8,63.1,98.7,130.2,209.1,220.6,295.0,750.6
ECUGEQ_clean,164.0,54.1,77.6,99.0,172.1,183.7,212.9,528.8
EDADIX_clean,192.1,74.0,125.4,168.9,216.2,214.7,413.6,750.4
EDAFUM_clean,209.9,66.6,94.9,121.5,216.6,234.1,251.1,444.5
EDAGAT_clean,217.3,69.5,95.9,122.2,219.9,241.5,255.0,442.0
EDAGEX_clean,207.3,67.2,95.2,123.3,215.2,234.2,249.2,453.2
EDAPIK_clean_h,296.1,93.7,155.4,207.0,304.8,294.0,581.4,1614.8
EDATOT_clean,141.4,44.4,59.5,75.3,136.7,155.4,169.6,398.2
EDAVOV_clean,361.6,110.9,151.2,179.5,333.6,396.5,409.7,469.4
EDECOG_clean,202.8,60.9,104.9,115.4,193.0,205.6,251.1,757.4
EDEPAG_clean,192.9,69.3,110.0,146.0,219.5,224.2,344.9,755.5
EDIKIL_clean,165.1,57.2,87.7,119.9,188.3,195.8,281.4,764.1
EDOMAM_clean,180.6,58.8,89.9,118.0,195.0,201.9,258.7,690.0
EDUSIF_clean,107.3,33.4,42.2,51.9,98.3,116.6,129.1,237.6
EDUSOL_clean,647.8,415.3,624.9,642.2,1164.1,2200.5,8931.8,19548.9
EDUSUR_clean,378.1,140.6,243.1,315.9,421.7,414.0,1126.8,3478.9
EDUTIG_clean,621.9,245.0,420.3,528.1,645.6,646.7,2212.7,6345.4
EDUVAA_clean,277.6,95.7,163.8,210.7,273.5,275.9,726.0,1987.5
EDUVEE_clean,829.6,378.2,630.9,716.4,801.2,986.1,3938.3,9984.7
EDUVII_clean,256.6,80.6,96.7,110.0,184.0,201.7,216.6,522.6
EDUVOO_clean,167.2,56.0,84.0,108.6,187.6,194.6,251.4,772.6
EDUWAB_clean,110.1,36.4,54.0,69.1,121.1,129.3,155.8,489.1
EFAYEQ_clean_h,229.6,69.6,78.5,87.6,136.6,167.6,198.0,227.9
EFAYIU_clean,177.8,52.4,59.1,66.0,102.9,124.6,148.5,181.4
EFEGOM_clean,270.4,101.9,179.1,237.6,315.7,308.5,729.3,1671.7
EFESEP_clean,753.1,320.9,580.4,690.3,685.3,840.4,3414.0,7564.1
EFESOZ_clean,720.3,339.1,596.3,670.4,680.1,862.8,3477.2,8143.2
EFIMOV_clean,257.0,96.4,171.3,227.3,293.2,291.5,624.3,1192.1
EFOSUO_clean,111.4,35.1,44.2,54.8,101.9,119.2,131.8,247.3
EFOTAV_clean,99.3,30.0,38.3,47.5,88.0,104.6,114.9,213.2
EFOTEZ_clean,98.9,29.3,36.9,44.7,82.4,100.0,112.7,179.8
EFOTID_clean,103.2,30.5,39.3,48.3,89.4,108.1,118.9,210.3
EGABAR_clean,239.2,99.5,185.5,234.8,273.4,276.1,642.3,1156.7
EGATAI_clean,96.1,29.4,38.3,48.0,90.4,104.2,115.6,223.0
EGATEM_clean,373.0,145.9,236.5,297.0,376.7,362.0,999.5,2288.1
EGATIQ_clean,368.8,135.6,231.2,309.8,373.5,375.5,958.0,2376.8
EGATOW_clean,198.8,65.4,113.2,147.8,198.8,198.9,493.5,1269.7
EGEJIK_manual,138.6,43.8,61.5,79.0,141.0,150.0,166.1,398.1
EGEJOQ_clean,651.7,280.4,479.3,634.3,683.1,673.8,2234.6,5066.4
EGEJUW_clean,451.0,170.9,287.9,366.5,502.2,501.4,1031.0,2613.1
EGELUY01_manual,199.2,69.4,122.7,161.3,212.2,212.9,564.5,1427.9
EGELUY_SL,197.5,65.5,117.9,155.3,203.0,203.4,555.2,1354.6
EGIFUV_clean,631.0,286.6,534.9,629.3,685.9,656.7,1765.7,4060.1
EGOXII_clean,237.4,100.0,185.9,232.1,274.0,278.1,809.6,1573.9
EGOZAB_clean,332.5,124.0,206.2,283.5,371.2,369.4,861.1,2086.1
EHAFEA_clean,178.5,60.3,96.4,127.5,200.8,203.2,294.1,718.6
EHAFIE_clean,176.0,59.6,90.9,120.6,198.3,205.9,270.8,679.6
EHAFOK_clean,176.3,59.5,91.0,121.0,198.1,202.6,269.7,680.0
EHAFUQ_clean,175.1,58.6,90.9,120.4,199.7,203.3,272.1,674.2
EHAGAX_clean,177.6,60.3,89.9,121.7,194.4,205.7,258.7,645.2
EHAGEB_clean,176.6,58.6,91.5,120.6,196.5,203.3,265.8,653.8
EHAGIF_clean,176.0,58.9,92.4,124.1,195.0,202.4,273.6,658.8
EHAGOL_clean,177.3,58.9,93.1,120.1,196.8,202.7,263.7,644.0
EHAGUR_clean,175.9,58.3,89.9,117.8,199.2,206.5,262.7,621.5
EHALOP_manual,200.4,69.5,122.1,160.6,217.7,211.9,561.9,1448.8
EHEKUY_clean,396.9,150.5,257.7,350.8,444.4,442.6,847.5,1729.5
EHIPOC_clean,268.6,79.4,96.9,115.9,207.2,261.7,306.4,332.2
EHODOV_SL,461.4,218.6,409.6,507.7,542.6,588.0,2459.1,5368.9
EHUSUX_clean,604.1,209.4,342.1,421.9,501.1,485.3,1450.7,3431.0
EHUTAE_clean,657.7,277.6,451.3,559.4,606.7,603.6,1947.1,4751.8
EJATIS_clean,267.6,282.3,312.0,477.3,1092.9,1330.2,1779.2,2030.3
EJAXIW_clean,251.6,83.4,132.3,172.9,271.0,278.2,408.7,1053.9
EJESUJ_clean,209.9,71.4,101.5,130.4,211.1,219.4,309.0,946.1
EJETAQ_clean,200.8,67.9,95.5,122.1,201.9,215.0,268.9,790.3
EJIDUW02_clean,259.4,84.9,122.2,158.8,270.6,286.0,326.2,698.1
EJONOH_clean,226.0,75.2,117.7,150.5,247.7,257.8,319.3,738.6
EJOQOL_clean,502.1,194.3,316.5,422.7,540.0,531.2,1293.7,3039.3
EJOQUR_clean,271.9,86.9,136.3,169.5,250.5,240.6,457.8,1217.7
EJORAY_clean,178.7,63.1,104.8,140.5,213.9,206.3,366.5,835.4
EJOZOU_clean,490.8,162.4,235.6,302.6,492.4,493.8,604.3,1363.0
EKADIF_clean,2331.3,792.2,1147.6,1367.9,1496.5,1450.6,4262.9,9379.7
EKEKIQ_clean,234.0,73.3,98.8,122.5,225.2,256.6,266.4,548.2
EKEKOW_clean,457.9,231.9,433.1,492.1,522.5,682.5,2573.3,5266.5
EKEMEO_clean,497.0,358.0,444.8,469.8,564.5,775.3,2089.4,4406.6
EKEQIV_clean,314.6,102.4,149.9,191.6,330.2,363.6,394.9,835.0
EKETOF_clean,420.6,163.7,304.3,383.3,460.0,456.0,1033.0,1654.0
EKETUL_clean,399.9,161.5,286.9,366.5,454.5,453.6,989.4,1604.1
EKEVAT_clean,395.7,160.8,297.8,408.6,456.2,451.2,1014.4,1612.0
EKIDEH_clean,183.3,101.4,180.5,188.3,216.6,372.7,1126.4,1810.8
EKIDIL_clean,193.1,102.8,181.4,196.7,212.7,335.2,931.1,1366.7
EKOKIA_clean,206.6,69.1,108.5,142.8,225.7,230.9,311.6,749.0
EKOPEA_clean,192.5,64.4,113.1,148.4,195.4,194.5,458.4,1019.4
EKOPIE_clean,193.7,77.1,120.9,156.9,209.0,204.0,534.3,1327.7
EKOPOK_clean,268.1,102.3,183.0,237.8,311.4,308.7,713.3,1585.5
EKOPUQ_clean,253.4,76.0,112.3,146.5,241.6,253.1,317.6,780.6
EKUPEG_clean,766.5,238.8,374.9,488.7,711.5,748.0,1181.2,3514.4
ELECIJ_clean,381.4,169.9,320.0,371.7,399.9,498.1,2062.2,4782.1
ELELEN_clean,352.7,120.6,173.6,228.5,392.2,406.4,491.2,1202.7
ELEREU_clean,2300.3,832.4,1198.1,1380.1,1495.2,1563.8,4217.0,9201.6
ELERIY_clean,483.4,153.9,194.1,213.5,353.4,354.9,362.9,892.7
ELEROE_clean,797.9,259.5,330.3,357.9,548.4,526.2,754.5,2090.4
ELIJOZ_clean,218.2,81.4,139.1,181.1,257.6,262.4,483.6,1001.2
ELIJUF_clean,220.8,79.8,139.7,183.9,251.5,251.1,480.4,970.8
ELIKAM_clean,217.3,80.6,139.2,183.0,250.5,251.3,486.8,999.9
ELIKEQ_clean,236.9,81.7,143.9,191.3,261.0,260.4,498.7,1024.0
ELIKIU_clean,214.6,77.3,133.8,177.7,243.3,244.3,453.6,932.3
ELIKOA_clean,216.3,78.1,133.5,183.3,247.9,252.9,456.6,938.4
ELIKUG_clean,272.9,107.5,190.7,259.2,315.1,314.0,792.8,1637.2
ELILAN_clean,210.1,76.5,128.8,171.9,241.2,240.1,439.1,914.5
ELILER_clean,218.4,80.7,134.1,181.8,252.1,251.8,459.0,935.4
ELILIV_clean,214.3,79.4,134.2,182.8,249.4,253.5,458.6,942.0
ELOGUJ_clean,448.5,154.9,256.9,356.8,451.8,449.6,1041.3,2416.4
ELOHOE_clean,396.9,164.5,304.7,389.3,432.9,457.0,1273.7,2403.6
ELOZEK_clean,341.9,96.4,104.6,114.8,158.6,203.7,351.3,367.7
ELUJAY_clean,408.6,155.4,274.6,347.3,417.0,422.9,1395.6,2806.2
ELUJEC_clean,411.7,153.4,273.2,354.2,431.1,415.6,1229.7,2646.3
ELUZES_clean,134.3,41.6,51.4,61.4,116.1,141.2,160.2,234.2
EMAGAB_clean,265.1,87.3,126.1,166.8,281.2,301.2,326.5,653.3
EMAMOW_clean,379.9,120.9,157.7,201.4,382.7,400.7,413.3,848.6
EMAMUC_clean,359.2,111.7,142.0,180.6,324.8,376.6,397.5,625.8
EMAPAK_clean,242.7,75.6,98.9,126.3,228.8,255.2,270.7,593.5
EMIFOW_clean,159.0,60.4,107.9,134.5,157.8,165.1,635.9,1739.7
EMIGOX_clean,208.9,86.2,154.6,186.5,204.1,218.5,944.5,2326.1
EMIYUW_clean,254.0,77.2,98.2,125.6,194.8,204.3,233.4,590.0
EMIZAD_clean,197.0,62.6,78.5,94.9,162.7,180.6,195.3,479.3
EMOHIZ_clean,335.6,100.3,138.5,179.4,310.7,347.5,361.8,602.8
EMUBIZ_clean,156.3,48.7,77.6,103.4,165.0,160.4,228.2,573.0
EMUBOF_clean,210.4,70.1,122.7,160.6,218.4,209.8,465.8,1123.1
ENAFAB_clean,738.6,206.0,231.2,286.0,373.3,442.2,508.9,520.6
ENAFOP_ion_b,458.0,144.1,176.7,218.0,396.3,466.4,487.6,944.3
ENANIS_clean,262.5,102.2,188.4,237.7,270.6,279.4,673.4,1102.1
ENCDBZ01_clean,183.0,53.7,79.4,105.1,177.8,189.7,227.9,597.2
ENCDBZ_clean,103.9,31.9,51.7,68.6,107.6,109.1,180.4,482.0
ENCNBZ01_clean,112.0,36.1,61.9,83.0,115.7,116.7,245.4,592.1
ENEQUL_clean,444.9,157.4,274.5,349.7,481.4,471.7,1102.0,2937.4
ENESOH_clean,476.1,140.3,208.3,281.8,391.1,400.4,778.9,2191.8
ENESUN_clean,433.3,147.4,221.2,290.8,396.7,392.5,767.2,2213.2
ENIHUG01_clean,400.0,152.1,264.3,331.9,425.8,423.3,1218.1,3658.7
ENIHUG_clean,401.4,152.9,260.7,342.9,451.3,461.0,1272.9,3822.2
ENISOK_clean,205.6,68.2,103.7,136.9,232.1,237.4,313.9,820.4
ENISUQ_clean,282.4,99.0,163.0,216.2,324.2,327.2,609.8,1582.0
ENITAX_clean,180.3,57.9,89.8,117.1,185.8,196.1,294.5,840.0
ENITEB_clean,279.7,99.5,167.5,222.1,316.7,327.3,643.6,1722.2
ENITIF_clean,374.1,151.1,291.7,361.9,433.9,440.7,1390.6,3506.2
ENITOL_clean,348.8,118.7,208.2,270.4,345.5,338.4,864.9,2097.4
ENIXUV_clean,437.4,158.0,275.4,358.4,463.7,465.1,1071.2,2532.6
ENOSAD_clean,296.1,107.9,184.6,250.7,332.2,334.5,661.8,1339.4
ENOVAG_clean,206.4,65.2,84.6,101.2,180.8,209.1,223.8,430.2
EPAGEJ_clean,501.3,162.4,203.0,248.0,426.3,491.0,490.7,1061.4
EPECEJ_clean,442.0,173.8,318.0,401.6,469.3,498.8,1598.8,3777.0
EPECOT_clean,542.8,231.5,435.7,525.1,560.0,580.9,1665.4,2979.6
EPEWAY_clean,369.7,141.3,239.2,319.2,397.6,397.1,1008.2,2211.4
EPEWEC_clean,373.8,129.5,231.0,299.8,376.3,369.2,998.9,2196.1
EPEXUU_clean,541.8,208.6,360.6,462.5,589.1,558.5,1451.7,3169.4
EPEYAB_clean,518.1,224.9,375.8,486.4,555.3,561.4,1577.6,3404.5
EPISOM_clean,201.2,62.4,95.5,125.1,182.5,183.8,299.2,799.5
EPONAA_clean,93.0,27.4,34.9,41.9,79.3,96.6,109.9,184.2
EPONEE_clean,67.9,19.9,23.6,27.3,50.1,64.5,81.2,96.9
EPOPEG_clean,280.4,102.1,174.9,232.1,318.9,322.4,708.4,1818.9
EPOTAF_clean,106.9,32.3,41.9,50.2,93.3,111.6,123.8,215.5
EPOXAJ_clean,176.9,54.2,68.3,84.8,164.8,188.2,204.3,333.1
EPUSUE_clean,288.0,99.0,130.4,162.3,299.6,332.0,346.8,880.7
EQAMUG_clean,379.1,122.5,215.9,281.6,374.6,371.6,927.5,2237.9
EQERAU_clean,309.3,115.0,206.0,270.1,348.4,345.0,957.6,2539.5
EQEREY_clean,227.5,81.4,133.8,176.1,251.9,254.1,445.7,1000.9
EQERIC_clean,231.6,91.3,165.3,214.7,261.1,269.1,667.5,1323.6
EQETAX_clean,212.2,72.5,123.1,162.5,216.0,211.5,503.6,1130.1
EQOCOC01_clean,322.6,113.8,194.0,256.7,319.5,317.0,936.6,2419.2
EQOXIT_clean,253.9,80.5,118.5,151.3,260.9,270.7,318.6,749.7
EQUBIC_clean,230.8,73.8,121.8,161.1,236.0,236.0,401.7,846.9
EQUBOI_clean,232.5,74.0,123.5,163.7,236.0,240.1,405.5,863.0
EQUBUO_clean,229.4,74.9,121.2,163.4,231.6,235.4,405.4,829.2
EQUNEL_clean,346.1,153.2,295.2,349.0,378.0,432.4,1968.7,5481.2
EQUNIP_clean,337.0,134.6,237.4,295.0,343.5,347.4,1284.9,3413.5
ERAHOV_clean,152.9,43.8,61.8,80.1,145.8,159.3,180.3,520.0
ERALEQ_clean,375.9,181.7,320.8,350.6,385.9,630.2,2324.4,4537.0
ERALIU_clean,323.9,135.0,260.9,292.9,318.4,393.4,1693.1,4072.6
ERALUG_clean,292.2,88.6,128.5,156.7,244.0,248.1,337.1,866.0
ERAMAN_clean,272.0,89.4,154.8,195.3,266.6,259.6,659.0,1885.1
ERAMER_clean,251.9,75.5,116.1,149.8,231.4,241.0,370.3,1095.0
ERAMUH_clean,347.6,313.4,337.3,362.7,893.8,1237.3,2380.0,4169.5
ERANES_clean,289.8,94.1,157.5,204.7,274.3,281.7,620.4,1655.5
ERAQAR_clean,181.1,67.4,122.6,156.4,189.5,192.3,654.7,1492.4
EREFEN01_SL,382.2,190.0,339.3,435.8,440.7,490.9,1769.1,3479.9
EREGOY_clean,238.6,79.0,124.5,161.3,246.9,247.5,440.6,1218.1
ERELIX_clean,307.2,106.8,167.4,219.1,297.6,304.0,616.3,1277.5
ERIGER_clean,556.7,180.7,230.2,294.3,497.2,521.7,598.7,1428.5
ERIRIG_auto,268.6,81.6,92.2,98.7,151.7,181.1,212.7,243.7
ERIWAF_clean,254.8,92.8,158.9,211.8,281.9,277.0,631.6,1660.3
EROCIZ_clean,569.2,250.7,443.4,551.9,586.7,602.9,1184.9,2382.2
ERUFUS_clean,164.6,52.9,80.4,104.9,178.4,187.5,209.5,412.3
ERULEK_clean,553.5,189.3,286.1,368.7,526.7,521.8,922.8,2602.0
ERUNOW_clean,575.8,194.9,303.4,367.8,503.8,480.2,984.6,2547.7
ERUNUC_clean,1240.0,424.2,700.2,794.6,1018.9,1020.7,3343.8,9248.3
ESANET_clean,442.5,155.2,238.8,300.2,474.1,486.3,761.7,2058.7
ESARIB_clean,620.0,608.5,649.8,697.5,1616.7,2029.2,2717.5,3436.2
ESAROH_clean,341.5,116.8,216.1,279.3,348.5,343.2,623.9,1062.7
ESARUN_clean,318.5,119.4,210.0,274.8,364.9,357.1,774.7,1583.0
ESASAU_clean,578.8,239.9,439.3,574.6,653.5,648.2,1685.6,2796.2
ESASEY_clean,529.5,210.5,389.1,501.4,576.2,572.5,1492.5,2599.4
ESEBOV_clean,158.9,48.0,54.0,59.1,89.9,110.3,138.2,154.5
ESEDIQ_clean,219.3,82.1,136.3,178.4,250.7,249.1,553.0,1426.6
ESEHIV_clean,268.7,105.2,191.0,251.8,310.7,334.3,643.7,1165.8
ESEQUO_clean,190.9,61.6,89.9,118.5,204.8,212.2,244.0,547.0
ESEVIH_clean,206.3,69.2,112.4,152.6,219.6,221.7,390.9,853.5
ESIDOB_clean,227.5,98.1,184.5,229.7,259.5,265.5,856.2,1624.0
ESIFET_clean,295.0,113.1,193.6,234.7,325.6,321.9,630.4,1493.7
ESIGES01_clean,246.7,98.8,179.5,225.5,259.8,266.1,1058.7,2221.0
ESIGES02_clean,278.0,122.9,224.9,292.2,333.8,332.8,1243.5,2683.2
ESIGES_clean,270.8,119.7,226.1,284.0,316.5,334.6,1283.3,2770.8
ESURER01_clean,241.9,88.5,153.5,205.7,277.3,271.3,586.8,1318.3
ESURER02_clean,241.4,88.5,153.2,207.9,274.0,271.0,596.2,1303.0
ESURER03_clean,241.3,88.6,155.8,205.6,271.4,282.1,605.7,1305.3
ESURER04_clean,242.5,90.6,154.8,203.5,276.4,278.3,621.7,1404.3
ESURER_clean,242.3,89.0,157.5,204.2,281.1,272.4,612.7,1357.6
ESUSAO01_clean,190.8,64.0,107.0,145.1,211.4,214.6,340.6,741.2
ESUSAO_clean,184.7,65.7,105.2,144.7,211.0,211.1,345.5,750.7
ESUSIW_clean,241.8,90.1,154.2,204.1,274.9,276.9,590.4,1350.0
ESUSOC01_clean,183.4,63.3,107.0,139.5,206.0,207.8,354.1,839.6
ESUSOC02_clean,183.2,63.4,104.5,140.0,206.1,210.3,350.0,825.9
ESUSOC_clean,185.7,64.4,106.5,143.8,216.6,212.7,358.4,857.6
ESUTAP_clean,171.1,60.3,93.6,122.4,189.3,193.6,292.2,689.3
ESUTIX_clean,235.6,80.0,120.1,158.5,236.8,238.2,350.7,828.8
ESUVAR01_clean,191.9,67.7,114.2,155.0,217.7,218.5,356.6,720.4
ESUVAR_clean,188.0,68.2,110.2,145.7,212.7,218.9,361.8,746.0
ESUVOF_clean,241.5,95.0,159.4,205.4,273.1,273.5,615.4,1361.9
ETAXUT_clean,813.0,220.1,320.3,394.1,520.0,517.6,954.8,2388.4
ETECIR_clean,270.8,108.0,209.5,249.6,288.6,297.7,1199.5,2935.4
ETECOX_clean,224.5,77.6,137.0,181.6,238.0,243.8,687.6,2128.5
ETEJIX01_clean,144.9,48.1,73.8,97.5,160.0,167.7,228.4,612.6
ETEJIX_clean,149.4,49.6,76.8,101.1,167.3,176.4,239.5,649.1
ETEJOD01_clean,146.3,49.0,77.8,101.4,164.5,169.6,246.6,673.0
ETEJOD_clean,156.5,53.7,87.6,116.8,178.4,181.7,288.8,771.4
ETEJUJ_clean,156.6,52.9,82.3,109.7,176.8,182.7,262.8,697.8
ETEKAQ01_manual,169.7,55.9,78.9,102.5,184.2,192.2,222.7,562.3
ETEKAQ_clean,157.0,52.8,82.6,108.1,177.9,182.6,260.8,699.3
ETEKEU_clean,155.6,52.4,82.1,111.0,175.3,180.9,261.0,692.9
ETEPID_clean,1143.8,653.7,918.0,944.0,1528.9,2507.5,7810.8,14061.6
ETEQUQ_clean,213.1,65.1,94.8,125.7,217.0,229.2,270.6,719.0
ETESIG_clean,306.6,120.3,208.4,276.2,343.6,340.4,754.6,1384.4
ETEXEI01_clean,171.0,64.3,107.0,143.9,198.4,199.7,394.9,888.2
ETEXEI_clean,169.2,63.0,105.1,140.3,199.1,196.4,395.3,892.4
ETIPII_clean,303.9,152.8,287.4,324.8,340.5,437.3,1453.2,2534.8
ETIXAI_clean,477.8,193.4,376.1,454.6,499.8,516.9,1495.1,2608.2
ETIXIQ_clean,296.8,102.3,162.3,208.5,302.6,296.7,509.8,1227.1
ETIYEN_clean,367.4,199.0,374.7,420.5,435.1,636.4,2060.6,3200.0
ETUWEW_clean,148.2,49.5,73.9,98.0,168.6,175.2,228.5,623.5
ETUWIA_clean,147.0,51.9,82.2,108.4,166.7,172.8,275.0,738.1
ETUXEW_clean,156.5,55.3,100.4,131.5,166.8,164.9,411.7,818.9
EVADEK_clean,753.9,378.6,690.5,756.0,788.8,1108.6,3474.1,5938.6
EVADIO_clean,801.3,442.9,774.1,822.5,908.8,1420.9,4099.8,6762.0
EVADIQ_clean,263.2,94.3,159.0,213.9,295.8,296.0,659.3,1791.1
EVAKIV_clean,638.8,260.9,460.7,568.1,667.2,659.4,2198.5,5617.8
EVEGIV_clean,796.2,303.7,500.0,665.3,798.1,778.8,1792.8,3912.0
EVEGOB_clean,154.6,50.4,72.8,94.1,159.4,173.9,195.4,392.4
EVEGUH_clean,155.6,50.6,73.1,94.8,159.8,171.3,192.2,402.8
EVIMUT_clean,258.1,88.8,125.4,166.3,283.7,287.2,366.7,924.6
EVOTIT_SL,1015.9,356.3,595.5,725.9,883.4,807.9,2083.3,4343.5
EVUDAA_clean,317.8,123.5,227.5,284.4,320.0,333.5,1274.9,2852.6
EVUPOC_clean,182.6,65.7,107.5,140.7,208.8,207.5,359.3,838.0
EVUQOC_clean,178.2,63.7,107.1,141.5,200.8,203.6,315.4,583.5
EVUQUI_clean,228.0,84.0,145.6,192.4,265.0,264.9,508.2,977.9
EVURAP_clean,231.3,84.3,147.9,197.9,265.5,267.2,507.7,1015.1
EWASIG01_clean,167.8,57.6,92.1,123.6,190.9,193.7,331.8,918.9
EWASIG_clean,165.3,57.8,92.5,123.4,188.5,195.0,339.6,936.7
EWECOY_clean,147.9,48.6,72.5,95.4,160.3,167.8,216.9,557.4
EWESAC_clean,369.4,125.1,209.2,256.5,329.1,321.2,569.1,920.5
EWETUW_clean,269.0,126.7,237.9,284.0,317.5,328.6,1077.7,1900.5
EWIPIL_clean,210.5,91.3,172.1,215.2,247.4,255.3,936.3,2060.8
EWUCOP_clean,223.0,84.9,150.4,200.8,258.7,258.6,684.8,1577.0
EWUGEK_clean,288.3,87.6,117.4,143.4,274.1,310.6,322.8,332.0
EWUKAK_clean,244.3,83.5,140.9,184.4,238.8,248.6,620.8,1678.3
EWUKEO_clean,178.8,62.6,103.7,136.9,197.2,204.2,394.9,1040.8
EWUKIS_clean,183.3,65.1,108.3,147.4,201.7,203.2,413.6,1045.8
EWUSOF_clean,228.2,69.7,86.7,103.1,186.5,221.0,239.9,411.5
EWUSUL_clean,218.5,70.3,83.2,102.4,180.1,215.2,229.9,395.0
EWUTEW_clean,302.6,109.1,188.7,248.0,346.8,345.2,675.5,1662.4
EXALAR_clean,262.6,83.5,116.2,155.3,266.2,301.8,317.6,781.1
EXALIZ_clean,328.6,106.8,146.1,187.7,334.5,367.1,399.4,1002.9
EXAPEA_clean,191.7,56.6,85.4,111.7,186.7,198.4,202.1,253.0
EXAXAE01_clean,156.6,49.6,78.5,103.5,159.9,164.7,229.0,564.6
EXAXAE_clean,164.4,50.7,79.9,105.8,164.3,165.3,239.5,590.4
EXEMUR_clean,252.8,80.0,102.6,125.9,227.5,260.6,277.6,377.1
EXENAX_clean,226.6,82.0,131.1,175.1,272.4,281.6,438.2,1058.2
EXEQAA_clean,262.7,106.6,188.2,237.3,316.0,314.1,797.0,2029.3
EXEQII_SL,191.0,70.9,116.3,154.4,230.2,234.2,433.6,1131.7
EXEWIO_clean,525.5,239.8,440.6,534.5,572.3,636.6,2144.6,3870.9
EXEXAH_clean,186.3,60.6,80.7,104.9,189.5,215.6,228.4,487.3
EXIDOF_clean,148.8,53.7,83.8,109.8,161.1,161.5,271.1,633.6
EXOFIH_clean,188.2,101.4,192.7,221.0,233.4,324.0,1264.7,2243.5
EXOTOB_clean,501.0,166.3,235.2,303.8,494.3,534.8,640.5,1844.9
EXOTUH_SL,246.7,93.0,156.8,211.4,292.5,294.5,617.2,1489.0
EXOZIB_clean,196.0,66.7,96.7,124.5,220.3,237.0,278.2,774.5
EXUHEM_clean,260.7,92.5,141.8,188.4,289.9,300.9,379.5,714.8
EXUHUC_clean,368.6,124.5,176.3,223.7,380.1,414.5,431.9,868.0
EYACOX_clean,176.5,63.5,101.5,133.8,202.4,204.1,362.1,1003.1
EYINOR_clean,219.3,80.5,123.8,160.8,227.8,234.6,446.5,1252.1
EYIYES_clean,218.3,77.9,115.8,153.5,231.8,230.7,377.2,1062.0
EYOCIG_clean,216.5,78.8,116.7,148.2,230.4,233.4,378.8,1058.4
EYOCOM_clean,219.7,76.8,117.5,151.8,232.0,234.5,388.3,1085.8
EYULOA_clean,293.0,119.9,221.0,281.5,329.6,332.2,769.1,1301.2
EYUWAW_clean_h,261.6,98.9,166.0,230.9,291.4,290.1,647.5,1479.6
EZABEN_clean,169.5,63.4,103.4,136.2,201.2,202.6,355.4,821.3
EZEQEH_clean,290.6,113.5,202.3,259.6,341.7,340.5,596.0,1061.2
EZEQIL_clean,289.2,113.3,197.9,259.0,334.1,343.5,646.8,1219.7
EZEQOR_clean,290.7,118.5,205.0,259.4,338.8,338.7,670.3,1258.1
EZEQUX_clean,287.0,114.0,202.3,262.7,351.5,341.2,706.9,1272.4
EZESAF_clean,271.5,104.8,180.7,240.5,325.2,325.6,473.2,793.0
EZIMEG_clean,334.6,142.3,256.2,306.3,327.5,347.5,1313.5,2938.4
EZIMIK_clean,334.3,135.9,244.6,303.8,334.1,340.6,1253.6,2736.6
EZIPEK_clean,373.4,170.1,320.7,382.2,419.1,445.4,1735.3,4306.3
EZITUE_clean,656.0,265.5,493.8,624.0,763.0,736.4,1746.3,3211.7
EZIVAM_clean,396.8,142.6,255.9,325.0,462.6,466.7,632.8,1159.8
EZOBUR01_clean,1288.3,683.7,1080.1,1109.1,1370.1,2299.0,6191.5,9620.4
EZOBUR02_clean,331.8,108.3,156.1,195.1,326.0,346.8,364.1,689.4
EZOBUR_clean,308.7,105.8,147.2,186.2,308.8,328.0,347.7,672.8
EZOFEF_clean,254.3,103.7,182.7,236.6,294.0,290.3,679.1,1517.7
EZOFUV_clean,145.1,47.0,74.8,95.9,149.1,152.1,257.4,735.3
EZUCIM_clean,196.0,78.5,135.3,182.0,236.9,237.4,557.9,1245.8
EZULAO_clean,160.7,54.1,87.3,117.0,182.1,185.5,240.1,487.0
FABCUI_clean,614.9,220.8,339.4,409.0,588.4,593.1,927.1,2160.0
FABGUM_clean,185.2,63.3,93.4,124.4,209.9,219.3,270.0,683.9
FAFDEX_clean,235.8,91.1,149.5,193.7,284.4,285.6,445.2,873.4
FAFMAC_clean,231.5,75.7,100.0,124.7,229.8,265.6,281.5,474.8
FAFQEJ01_clean,186.2,60.9,84.4,102.2,184.1,209.9,226.2,493.2
FAGMAE_clean,652.5,264.1,412.9,545.1,660.4,698.5,1851.7,4285.3
FAGMEI_clean,631.7,257.3,482.6,571.7,696.5,669.2,2331.3,5076.1
FAGMOS_clean,653.7,278.7,503.4,619.9,672.2,687.8,2531.3,5193.0
FAGQAI_clean,227.2,75.6,106.4,134.9,225.2,246.6,279.2,797.9
FAGREM_clean,177.9,63.1,97.9,129.1,202.6,206.5,312.3,825.4
FAGXIX_clean,360.9,211.0,379.1,414.9,440.1,636.6,2101.2,3498.8
FAHGAY_clean,200.4,73.7,126.2,166.7,238.0,235.9,476.3,1205.0
FAHPOV_clean,246.6,91.6,152.3,207.5,280.7,279.8,601.3,1817.1
FAHQIQ_clean,1106.0,429.2,665.9,764.6,851.7,887.2,3076.2,7159.0
FAHQIR_clean,500.9,225.0,424.6,514.9,587.5,585.5,1678.2,2908.6
FAJYAS_clean,396.6,139.9,208.9,270.1,421.8,419.8,663.3,1887.1
FAJZOI_clean,444.2,207.4,388.5,451.2,463.8,580.1,1793.8,2960.1
FAKHIK_clean,467.1,200.1,363.0,436.9,490.4,515.5,2038.5,4178.6
FAKLIO_clean,160.3,54.4,80.5,107.1,183.9,191.1,241.8,689.3
FAKLOU_clean,159.7,52.9,79.4,104.9,178.6,186.2,243.4,670.5
FAKLUA_clean,149.4,52.5,81.4,107.9,176.4,181.9,271.9,742.0
FAKMAH_clean,216.6,79.3,127.2,171.8,255.8,262.3,461.9,1303.5
FAKNIR_clean,136.9,46.5,65.3,83.9,150.6,162.8,178.7,420.8
FALBAX_manual,2324.4,780.5,994.2,1265.1,1467.9,1509.3,2842.6,8545.1
FALDAA_clean,230.4,79.1,117.2,150.7,243.6,254.5,318.2,777.8
FALLOT_clean,92.8,32.4,44.7,58.3,103.3,112.8,123.8,256.0
FALPOY_clean,165.7,99.3,178.1,197.7,212.4,341.6,1111.7,1793.8
FALRIV01_clean,363.6,139.0,258.1,323.3,394.2,398.5,1047.4,2255.4
FALRIV_clean,404.9,145.5,264.7,347.0,421.7,410.7,1137.1,2388.5
FALROB_clean,379.4,137.1,251.8,323.5,399.1,406.4,1019.2,2285.4
FALSAO_clean,364.3,143.6,258.6,343.5,426.4,411.9,1076.5,2405.0
FALVOF_clean,259.8,92.2,133.8,175.1,294.2,301.7,397.6,1105.7
FAMPUH_clean,160.7,56.6,82.7,108.5,163.9,166.2,265.1,730.5
FAMQAO_clean,160.3,59.1,82.2,106.9,166.9,168.6,254.5,725.3
FAMQES_clean,159.6,55.3,82.8,105.7,164.3,165.6,263.0,730.6
FANCIJ_clean,220.7,79.0,128.0,168.0,267.0,265.1,407.2,1013.4
FANCOP_clean,227.0,85.6,141.0,188.1,280.1,275.3,474.6,1133.1
FANDEG_clean,241.2,90.3,147.1,196.0,288.8,290.6,486.3,1136.5
FANQER_clean,179.0,57.0,68.5,83.2,154.6,188.0,217.3,285.3
FAPXEC_clean,136.8,50.1,81.6,107.5,161.9,165.7,290.9,740.6
FAPXIG_clean,127.3,47.4,76.4,102.6,154.0,153.9,281.7,715.6
FAPXOM_clean,130.3,47.8,78.2,107.1,155.4,159.9,291.3,747.9
FAQGEL_clean,244.8,93.8,160.9,216.1,285.9,280.4,581.9,1143.0
FAQGIP_clean,239.7,91.3,157.9,206.1,284.3,281.5,540.3,1103.7
FAQLUH_clean,136.1,49.3,82.0,108.8,161.7,164.1,290.0,744.6
FARBIL_clean,205.0,75.9,127.1,173.5,237.3,240.5,462.1,1036.8
FARFIO_clean,170.3,55.8,70.8,87.6,158.9,178.7,192.6,369.9
FARFOU_clean,171.1,55.6,71.2,88.4,161.5,184.6,193.4,392.2
FARFUA_clean,176.6,56.0,72.0,89.8,162.3,186.5,199.1,380.6
FARHIR_ion_b,256.4,102.7,194.9,242.0,300.9,295.3,714.2,1312.8
FARHOX_ion_b,423.9,193.6,362.0,439.4,507.0,517.9,1919.2,3834.8
FASGIS_clean,319.0,127.1,229.2,292.4,359.2,372.2,714.4,1345.4
FASHAK_clean,182.5,62.5,90.2,115.7,207.0,224.9,249.9,595.8
FASHOX_clean,120.2,43.1,67.6,90.6,143.4,146.9,223.2,578.9
FASVIH_clean,164.4,58.4,87.2,115.8,190.4,197.8,275.9,754.4
FATKAO_clean,274.7,97.0,142.9,188.2,311.7,323.6,393.8,941.2
FATKES_clean,271.5,94.6,138.5,184.3,314.6,322.9,390.4,917.0
FATKIV_clean,683.2,236.6,302.5,396.5,619.8,598.8,703.1,1626.0
FATKIW_clean,274.6,94.8,146.5,194.7,311.5,324.1,405.0,942.9
FATKOC_clean,275.2,95.0,143.5,186.6,312.9,324.1,393.6,929.1
FATKUI_clean,272.0,93.5,138.7,184.3,310.4,321.7,381.7,931.5
FATLUJ_clean,354.7,123.6,193.0,260.8,402.2,422.3,537.8,1250.9
FATQID_clean,215.9,66.1,74.6,83.8,133.0,154.8,171.5,253.9
FATVOM_clean,250.7,98.1,168.7,219.2,298.9,301.9,503.2,948.0
FAVDAK_clean,421.8,154.0,240.9,295.2,337.6,331.6,653.0,1295.0
FAVDEO_clean,321.1,107.1,170.0,212.0,280.1,291.2,399.0,886.6
FAVDIS_clean,333.6,113.4,165.8,207.3,305.6,308.9,382.2,806.1
FAVFUG_clean,889.2,329.7,460.7,600.3,727.2,724.7,1637.5,3992.9
FAVGAN_clean,352.6,125.2,213.7,281.0,400.9,405.4,689.9,1651.9
FAVGER_clean,352.1,130.8,208.4,278.8,412.0,429.9,647.4,1551.3
FAVGIV_clean,311.1,108.6,166.5,216.4,362.2,373.9,459.5,978.0
FAVGOB_clean,318.1,110.9,172.3,222.0,365.6,371.1,451.6,975.3
FAVGUH_clean,317.5,110.0,167.0,224.8,370.6,372.5,441.4,980.3
FAVHAO_clean,314.3,112.3,171.8,224.6,365.8,379.4,463.5,1012.3
FAVHES_clean,312.9,110.1,168.2,218.6,358.1,369.6,443.2,949.8
FAVHIW_clean,315.1,112.1,173.8,227.8,363.0,371.8,477.7,1032.4
FAVKAP_clean,94.7,32.5,47.6,62.0,109.1,114.7,135.9,356.4
FAWCEN02_SL,228.7,75.4,104.6,133.0,243.4,265.4,288.2,670.7
FAYLIC_clean,131.8,45.2,84.6,110.3,137.6,133.4,363.4,784.9
FAYPAY_clean,371.0,131.5,187.6,246.2,392.3,380.2,576.9,1671.5
FAYPEC_clean,483.1,175.3,264.8,304.5,490.3,481.9,743.2,2022.7
FAYPIG_clean,287.9,101.1,161.5,205.1,316.9,323.6,471.6,1335.1
FAYPOM_clean,323.5,112.0,171.2,220.1,345.5,354.9,516.1,1388.9
FAYQAZ_clean,439.4,151.8,215.2,278.9,426.5,441.4,580.7,1600.3
FAYQED_clean,382.8,141.4,243.8,320.5,429.5,432.0,981.9,2621.0
FAYQUT_clean,796.3,348.1,568.2,717.6,844.0,837.3,3048.9,8038.4
FAZFET_clean,950.3,378.1,641.2,825.8,1007.7,1023.2,2554.8,6490.0
FAZPED_clean,346.0,127.8,181.4,239.7,398.7,403.8,497.5,1123.5
FAZZEM_clean,254.2,84.1,119.0,148.4,272.2,297.6,319.0,653.3
FEBPUY_clean,226.7,93.5,166.6,214.6,273.4,268.2,685.6,1400.5
FEBXIV_clean,189.5,61.6,87.9,110.5,189.4,201.3,239.2,710.9
FECCIZ_clean,106.6,102.6,131.6,133.7,305.1,467.8,869.0,1056.5
FECFAV_clean,395.7,119.9,146.8,174.9,328.6,393.2,446.8,540.8
FECJUT_clean,751.7,241.9,329.2,437.6,524.9,555.5,1292.7,3176.3
FECKAA_clean,312.9,125.6,222.0,284.4,376.0,368.2,821.3,1682.0
FECXAO_clean,252.1,99.6,177.1,227.6,288.2,291.7,727.8,1723.8
FECXES_clean,314.0,138.6,261.4,320.7,361.5,366.2,1398.0,3544.0
FECXUI_clean,354.6,129.7,207.0,261.9,362.0,367.9,708.6,1782.3
FECYUJ_clean,269.6,100.2,166.6,217.9,309.3,303.6,618.7,1587.0
FECZAQ_manual,187.2,65.4,101.5,132.8,209.6,213.8,323.0,893.5
FEDBEX_clean,189.0,64.2,90.1,116.2,208.8,227.0,249.8,557.9
FEFCUQ_clean,123.5,41.1,56.3,71.3,130.4,147.0,158.1,344.3
FEFDAX_clean,130.1,44.2,58.2,72.7,135.2,150.3,162.6,354.9
FEFDEB_manual,110.8,37.8,45.7,56.0,106.1,123.9,136.3,253.2
FEFZOF_clean,88.0,30.2,45.4,59.7,101.3,106.2,128.0,297.7
FEGNIQ_clean,397.4,150.1,254.5,332.6,459.4,457.3,950.4,2286.0
FEHCIG_manual,263.1,94.6,149.5,200.1,310.3,324.7,503.2,1375.3
FEJDII01_clean,171.3,64.6,113.1,149.5,194.1,195.4,435.6,874.6
FEJDII_clean,201.1,87.9,166.7,212.9,249.4,255.6,748.2,1529.8
FENROG_clean,164.7,55.4,75.8,99.8,176.7,195.7,214.9,480.2
FEQSIF_clean,164.3,62.7,105.4,138.0,195.4,193.0,395.9,1020.1
FERHAN_clean,174.2,62.7,95.6,126.3,195.4,199.1,258.4,642.4
FERVEF_clean,385.0,154.0,263.1,342.3,448.0,443.8,1140.7,2591.2
FERVIJ_clean,198.1,70.4,111.9,144.2,231.4,238.6,326.0,758.7
FERVUV_clean,388.3,155.8,275.1,351.6,446.2,444.7,1206.7,2809.2
FERWAC_clean,196.3,72.6,115.3,152.5,233.8,237.6,371.5,828.3
FESTUT_clean,204.9,98.2,187.7,234.2,252.1,271.8,826.2,1457.7
FEVNOL_clean,486.1,546.8,729.0,1420.9,5059.9,7143.3,10937.1,12755.6
FEVSAC_clean,257.7,89.4,122.4,157.0,276.1,296.5,320.0,718.8
FEWGUL_clean,410.1,180.3,350.1,434.0,496.3,494.4,1323.6,2302.8
FEWQIJ_manual,527.9,216.5,378.0,478.1,566.3,581.0,1746.6,3873.3
FEWQOP_clean,271.0,102.2,175.7,231.7,321.2,324.4,630.4,1402.1
FEWWEL_clean,535.4,266.7,484.3,504.4,577.4,920.5,3584.6,7543.6
FEWWIP_clean,526.7,303.8,529.6,534.6,672.4,1253.4,4465.3,9009.2
FEWWOV_clean,292.2,120.0,210.5,270.3,338.0,339.1,927.1,2035.5
FEWWUB_clean,909.7,421.9,760.6,886.7,937.0,1122.6,4576.2,9742.8
FEWXEM_clean,823.3,266.6,326.6,362.1,526.9,624.3,748.3,2335.8
FEWXIQ_clean,822.7,253.6,310.3,364.8,520.8,591.7,727.6,2086.1
FEXCES_clean,268.6,112.8,205.6,267.5,315.9,315.7,926.4,2035.6
FEYDET_clean,187.7,83.0,157.1,197.0,228.8,232.8,511.0,800.1
FEYJID_clean,493.1,147.1,179.2,218.9,343.6,355.2,402.9,954.4
FEYJOJ_clean,156.7,56.7,90.9,120.0,186.4,187.7,318.4,886.7
FEYQIK_clean,187.9,63.8,93.8,122.8,214.2,225.0,258.9,564.1
FEYQUW_clean,278.4,88.7,146.1,192.2,286.9,283.5,486.0,1396.6
FEYZUF_clean,391.1,139.2,238.3,306.1,382.8,401.4,982.4,2365.5
FEZCIX_clean,215.5,69.9,95.6,121.1,221.0,245.4,266.0,730.0
FEZQEI_clean,407.2,136.3,191.0,249.7,434.8,452.4,483.2,1024.3
FEZREJ_clean,169.6,66.0,116.1,150.5,203.8,199.6,505.9,1282.5
FEZTIP_clean,141.6,51.3,79.3,105.4,166.0,172.3,230.5,509.6
FIBHIJ_clean,262.6,89.3,133.1,170.8,294.8,316.3,336.8,644.3
FIBKEI_clean,227.7,82.2,127.1,164.4,241.2,235.0,443.9,1268.2
FIDMIP_clean,417.3,149.3,248.9,332.5,462.7,456.7,914.0,1982.7
FIDRIV_clean,231.4,75.8,105.2,132.9,237.9,255.4,282.7,740.5
FIFGAE_clean,147.1,53.3,85.9,113.4,172.9,174.6,315.6,948.9
FIFGEI_clean,136.2,46.0,66.2,84.7,148.1,158.3,190.7,568.6
FIFGIM_clean,202.2,72.6,115.9,150.2,228.9,234.2,405.9,1167.3
FIFMIS01_clean,426.8,173.4,320.7,399.3,472.2,481.1,1325.8,2507.5
FIFMIS_clean,414.6,175.2,313.8,416.1,476.1,471.7,1305.2,2435.7
FIFMOX_clean,415.1,155.4,267.7,324.2,421.8,436.2,921.6,2557.9
FIFMOY_clean,406.6,172.3,316.9,397.5,482.0,478.1,1309.3,2392.1
FIFMUD_clean,410.2,161.6,240.5,319.4,426.9,431.1,914.5,2341.0
FIFNUE01_clean,174.6,57.4,79.2,101.1,185.8,206.4,219.6,489.7
FIFNUE_clean,174.8,58.9,80.3,104.2,188.5,209.3,226.6,513.6
FIFPAM01_clean,176.8,59.2,81.0,104.1,190.5,211.6,229.8,509.9
FIFPAM_clean,179.5,57.0,76.1,98.0,179.9,207.5,221.3,430.9
FIHFAF_clean,310.4,123.7,231.1,296.1,377.6,377.0,1006.4,2240.2
FIHHOV_clean,233.8,70.0,93.4,118.1,197.1,210.0,218.2,360.1
FIHHUB_SL,376.9,129.4,211.4,270.4,410.2,398.0,780.8,2266.7
FIHRIZ_clean,191.0,68.5,109.5,145.2,226.6,228.6,345.0,796.6
FIJCUX01_clean,209.4,75.3,117.6,154.9,237.4,240.5,377.2,968.9
FIJDIM01_clean,264.2,106.4,194.6,250.7,326.1,316.8,739.4,1532.6
FIJDIM02_clean,263.7,106.4,190.0,246.5,321.0,321.1,744.5,1557.3
FIJDIM03_clean,267.8,106.8,191.6,249.3,317.3,329.3,744.7,1568.5
FIJDIM04_clean,269.7,108.1,187.5,247.8,319.3,317.8,740.5,1578.2
FIJDIM05_clean,263.5,104.6,186.7,245.6,316.5,316.0,732.6,1563.7
FIJDIM06_clean,263.7,106.8,190.3,245.7,318.4,318.5,741.7,1580.4
FIJDIM07_clean,262.4,106.9,188.5,246.7,318.9,318.1,741.3,1594.1
FIJDIM08_clean,267.3,105.2,187.0,249.4,319.8,317.4,742.8,1588.3
FIJDIM09_clean,262.9,105.5,187.6,246.2,318.1,321.6,737.1,1591.6
FIJDIM10_clean,281.9,109.5,184.3,239.4,317.0,321.7,684.6,1463.7
FIJDIM11_clean,263.4,104.7,188.4,242.3,328.3,318.4,709.7,1503.5
FIJDIM12_clean,283.2,108.0,186.7,248.1,315.6,320.6,743.7,1535.3
FIJDIM_clean,264.0,106.2,187.7,246.9,326.7,321.0,728.8,1533.0
FIJDOS_clean,160.1,55.4,86.7,113.5,184.1,188.7,282.9,817.5
FIJDUY_clean,138.6,45.1,64.8,85.0,149.8,157.2,185.8,465.8
FIJFEK_manual,127.3,45.7,72.8,96.2,151.7,155.9,223.1,529.3
FIJFIO_clean,247.2,86.3,146.7,197.7,274.0,271.7,508.5,1032.4
FIJFOU_clean,262.9,90.4,147.1,195.9,295.5,306.4,420.6,1009.7
FIJFUA_clean,233.8,86.6,139.1,190.1,286.4,285.2,462.9,1095.9
FIJXUR_clean,404.8,129.6,166.2,213.6,373.1,422.0,448.3,777.1
FIJYED_clean,236.3,264.3,290.5,321.9,973.7,1326.5,2169.2,2579.9
FIJZEE_clean,235.5,161.8,281.0,285.0,360.0,677.7,1999.8,3108.7
FILYEG_clean,250.2,84.7,125.5,160.1,272.6,276.5,352.5,952.6
FIMNIA_clean,310.6,102.9,152.1,190.8,339.7,366.0,411.2,1111.2
FIMXUW_clean,267.2,91.5,133.3,170.3,294.4,321.8,344.5,662.6
FIMZAE_clean,789.9,313.5,567.1,718.6,805.8,789.4,2964.8,7765.8
FINQOK_clean,293.2,99.3,143.9,186.8,326.8,349.2,411.3,1104.3
FINQUQ_clean,299.5,101.8,145.6,188.5,341.8,350.1,405.2,1078.0
FIPJAR_clean,175.8,62.5,98.6,133.1,208.2,213.4,275.1,575.7
FIPJEV_clean,288.4,141.0,267.2,316.0,332.5,380.6,1176.4,2164.8
FIPKOG01_clean,172.0,62.5,97.3,129.8,202.6,207.2,306.1,730.5
FIPKOG_clean,168.5,60.8,95.7,127.5,199.7,205.1,297.8,713.9
FIPKUM_clean,162.8,58.6,95.3,123.7,191.4,197.3,290.8,685.6
FIPWOS_clean,256.5,110.3,203.7,259.2,317.5,312.0,718.8,1167.4
FIPXAF_clean,305.3,154.2,301.5,352.3,376.0,423.8,1311.7,2096.0
FIPXEJ_clean,274.1,100.1,161.0,215.6,322.4,323.7,468.6,953.1
FIQKIB_clean,429.3,151.4,247.8,334.9,413.4,432.2,931.9,2309.7
FIQYOU_clean,199.6,72.2,113.5,152.2,234.2,238.5,307.6,585.8
FIQYUA_clean,201.2,67.9,94.8,122.8,220.4,238.2,252.8,450.4
FIQZAH_clean,180.6,67.2,111.6,147.4,215.9,218.7,315.4,571.7
FIRMUQ_clean,219.6,78.8,125.8,167.3,254.3,266.3,434.7,1228.7
FIRNAX01_clean,222.9,78.3,121.6,162.9,258.8,263.8,394.4,1150.8
FIRNAX_clean,235.8,79.4,120.4,160.3,257.5,266.3,390.6,1109.5
FIRNIF_clean,222.9,78.0,121.1,160.9,256.2,263.6,398.4,1145.0
FIRNOL_clean,238.1,92.0,144.5,190.6,281.3,288.7,552.4,1522.1
FIRNUR_clean,238.0,85.6,135.3,179.8,274.4,284.1,481.0,1357.0
FIRPAZ_clean,223.6,77.5,122.0,154.7,257.4,263.8,382.6,1090.1
FIRZOX_clean,322.6,103.3,131.7,161.4,306.4,353.6,380.5,658.1
FISGOF_clean,155.1,50.2,69.2,88.7,159.6,177.4,192.8,561.5
FISXEM_clean,326.6,138.2,240.6,313.4,365.1,366.9,1193.8,2936.4
FITGEW_clean,868.5,294.5,354.5,417.7,599.4,643.8,724.6,1328.2
FITHIA_clean,406.1,168.0,266.1,358.4,500.6,494.0,1011.6,2493.9
FIVNAZ_clean,108.7,34.9,43.0,52.4,98.2,121.6,140.8,192.7
FIVQOR_clean,192.0,176.7,237.4,243.3,525.1,870.0,1908.7,2450.5
FIVYEP01_clean,172.8,57.9,86.2,110.3,193.7,205.1,227.5,479.9
FIVYEP_clean,179.9,59.0,87.6,111.1,194.2,206.6,229.3,486.3
FIVYUF_clean,425.1,161.0,264.2,353.5,500.7,520.1,817.5,1563.7
FIWKUT_clean,650.4,188.5,273.2,329.4,448.7,406.1,1130.2,2923.9
FIXVUE_clean,455.8,134.7,169.4,157.6,226.1,280.0,334.4,386.7
FIYDOH_clean,250.3,85.0,118.2,153.6,272.1,293.4,304.0,475.6
FIZPOV_clean,204.9,83.2,143.2,191.9,239.6,238.9,682.8,1768.8
FOBNAN_clean,277.9,96.4,145.4,184.0,293.0,294.0,413.8,1117.8
FOCZAA_clean,198.4,80.4,144.6,191.2,244.4,247.9,413.1,694.9
FOCZEE_clean,364.5,132.9,206.7,292.1,401.3,406.2,437.9,695.1
FOFCIO_clean,327.3,114.4,188.9,255.0,368.7,365.5,397.7,610.8
FOFCOU_clean,205.8,84.7,144.3,188.5,246.3,239.1,410.9,681.9
FOFHAK_clean,193.1,127.2,222.4,238.8,276.9,485.4,1460.0,2189.7
FOFHEO_clean,235.2,116.7,218.6,255.8,272.6,319.8,1087.5,1923.5
FOFTIF_clean,186.5,70.9,116.0,153.5,222.4,219.1,381.5,844.2
FOFTOL_clean,225.7,79.4,132.8,172.7,248.7,248.9,437.9,1007.7
FOFTUR_clean,195.9,70.7,120.6,152.8,222.3,224.4,367.9,843.5
FOHCIP_clean,87.0,30.5,45.2,59.5,100.3,105.3,130.0,304.0
FOHQUO_clean,162.6,51.2,62.0,73.0,133.1,169.4,203.7,218.5
FOJKIA_clean,227.6,91.6,169.4,219.8,270.6,268.9,679.4,1400.5
FOJLOH_clean,316.0,104.1,152.9,202.2,297.6,311.4,442.2,1082.5
FOKWIN_clean,198.0,70.3,96.8,125.3,217.8,233.5,244.3,446.9
FOKYEL_clean,338.5,147.8,267.1,336.7,393.5,394.4,1218.5,2689.4
FOKYIP_clean,376.5,177.9,332.6,413.0,443.6,496.2,2101.4,4836.9
FOLLEZ_clean,200.3,97.7,190.4,222.0,241.8,264.7,849.7,1369.8
FOMWOV_clean,389.1,148.5,230.4,299.3,396.4,425.5,873.4,2319.8
FONKEA_clean,236.2,84.7,130.0,173.6,274.3,278.5,331.7,630.8
FONPUV_clean,458.1,186.0,328.2,435.6,530.5,529.5,1340.6,2762.9
FONQIJ_clean,207.0,78.0,123.6,163.3,251.2,246.1,381.4,833.1
FOPBAP_clean,303.0,102.7,145.2,180.7,310.8,321.3,340.9,612.4
FOPFAS_clean,4088.6,1376.2,1899.0,2141.1,2544.2,2589.2,8076.2,23072.8
FOPTOU_clean,813.7,267.8,342.5,414.5,640.3,681.0,765.5,1807.5
FOQNIK_clean,219.8,76.8,129.9,166.4,237.6,236.5,362.9,811.8
FOQNOQ01_clean,206.0,70.8,114.3,149.4,220.0,222.3,304.2,638.2
FOQNOQ02_clean,207.0,70.3,114.6,150.3,220.7,222.9,311.6,625.8
FOQNOQ_clean,199.1,66.1,99.3,132.0,211.2,215.4,252.6,528.3
FOQNUW01_clean,206.9,70.4,111.6,146.3,221.7,222.9,295.3,659.2
FOQNUW02_clean,206.2,69.8,113.2,142.9,216.9,221.4,291.6,602.0
FOQNUW_clean,202.9,69.7,110.9,145.7,217.5,230.2,292.2,614.7
FOQPAE01_clean,212.4,75.5,125.2,168.1,229.7,229.7,359.9,734.5
FOQPAE02_clean,212.1,75.4,124.9,165.5,228.7,228.8,359.0,811.6
FOQPAE_clean,183.2,64.0,93.7,121.8,201.1,211.1,231.7,481.8
FORKUU_clean,114.2,41.2,67.1,88.9,134.7,140.7,234.9,639.7
FORPIM_clean,134.9,42.8,53.8,64.9,121.4,142.9,158.1,266.0
FORPOS_clean,132.6,42.4,52.7,64.2,119.4,141.4,153.4,260.8
FORPUY_clean,154.8,49.5,62.5,75.6,137.3,162.9,176.3,312.7
FORQAF_clean,142.8,45.3,56.3,68.7,125.0,150.4,164.8,271.5
FORQEJ_clean,131.9,44.1,53.6,63.9,117.7,139.0,154.5,263.4
FORQIN_clean,131.1,42.0,52.9,63.5,117.8,137.1,152.5,255.3
FORTIR_clean,691.6,264.2,421.0,542.7,726.5,725.9,1553.5,3993.8
FORTUD_clean,1074.2,343.7,374.8,449.6,688.5,731.5,771.2,1266.8
FORWAL_clean,260.2,85.3,125.8,164.3,271.3,278.9,343.3,840.6
FORXAM_clean,3308.5,1094.0,1564.2,1879.9,2025.5,2041.9,7126.1,17192.7
FOSTOY_clean,1933.0,661.4,937.9,1106.7,1300.3,1258.1,3840.9,10203.5
FOSTUE_clean,1912.7,648.0,834.9,976.6,1266.2,1281.4,2493.8,6985.8
FOTNIN_clean,123.1,37.7,44.7,51.3,88.2,105.4,121.9,159.0
FOVPEN_clean,590.6,193.7,247.1,278.7,453.4,513.1,496.2,881.8
FOVPOX_clean,292.7,108.3,164.6,223.1,328.5,330.2,493.2,1107.7
FOVPUD_clean,281.9,102.6,162.5,218.8,322.9,332.8,477.7,1107.6
FOWTOC_clean,330.1,118.6,183.6,244.5,365.8,369.7,563.5,1203.7
FOXHUX_clean,327.9,118.7,183.6,244.5,362.1,365.2,543.1,1164.4
FOXNIQ_clean,262.8,88.3,126.0,158.0,279.8,306.3,314.3,534.9
FUBDAI_clean,386.8,165.0,264.9,338.1,407.6,411.4,1373.3,3750.0
FUBDEM_clean,277.8,97.1,140.0,173.3,255.0,260.6,429.3,1167.3
FUBDIQ_clean,401.7,166.3,282.3,353.5,443.8,431.5,1370.7,3918.1
FUBNOH_clean,209.1,91.9,170.9,220.3,256.1,253.7,506.7,727.8
FUDGES_clean,158.8,56.7,89.4,121.3,189.1,190.8,306.1,889.9
FUDHAP_clean,136.0,46.3,71.1,93.9,149.8,154.3,239.3,677.2
FUDHET_clean,222.4,85.3,147.9,193.1,262.8,257.5,628.8,1698.5
FUHJOJ_clean,421.0,153.9,262.6,351.4,462.2,455.8,970.7,2122.5
FUHMOM_clean,220.4,96.8,183.5,228.4,271.5,268.9,835.0,1667.6
FUHNED_clean,212.9,92.4,170.1,222.7,257.7,261.2,806.0,1744.7
FUHNIH_clean,215.8,86.6,149.9,195.1,249.3,255.6,599.7,1288.0
FULQOT_clean,205.9,85.3,145.9,191.4,252.3,242.8,533.2,1016.1
FULQUZ_clean,173.1,69.9,120.7,154.0,206.0,205.9,442.5,954.3
FUMHOL_clean,138.9,43.9,50.5,59.2,107.2,137.4,172.7,185.2
FUMJAA_clean,183.8,69.3,125.3,162.6,225.8,221.4,516.5,1409.6
FUNBAS_clean,205.7,75.3,115.5,151.0,238.2,243.2,326.8,680.4
FUNCAT_clean,177.3,63.2,98.7,128.9,203.3,209.7,282.5,674.0
FUNCEX_clean,114.6,38.2,52.7,66.2,120.9,137.0,146.1,332.6
FUNFOL_clean,162.7,54.4,76.8,102.1,177.0,191.9,214.7,491.7
FUNGAY_clean,353.8,130.7,189.9,244.9,385.0,400.3,516.0,1194.8
FUNLAD_clean,362.9,155.2,279.2,348.8,420.3,422.5,1190.3,2384.2
FUQJUX_clean,357.8,127.9,199.8,262.4,400.7,400.5,711.4,2267.2
FURFIJ01_clean,206.7,73.2,109.4,144.7,237.2,245.7,275.0,480.2
FURFIJ_clean,204.3,72.3,112.6,148.4,238.6,243.2,271.3,466.1
FURFOP_clean,245.3,99.8,180.9,234.8,295.3,298.1,580.8,1063.2
FURQOZ01_ion_b,332.3,103.6,124.3,140.9,258.3,321.0,357.4,439.6
FURQUF_ion_b,325.1,101.7,122.4,146.2,248.9,311.7,350.5,438.7
FURRAM_clean,205.4,64.7,79.1,91.0,164.1,199.7,221.7,310.2
FURREQ_clean,204.8,65.0,79.0,92.4,170.1,199.3,222.8,322.4
FURRIU_clean,208.1,65.8,80.5,96.6,173.2,204.3,224.3,339.5
FURROA_clean,207.8,65.7,79.0,96.0,174.7,204.0,227.3,347.1
FURRUG01_ion_b,358.1,109.4,120.1,128.9,205.0,267.2,369.9,367.9
FURRUG_ion_b,357.8,111.4,129.5,148.2,263.4,319.7,385.4,404.0
FURSES_clean,190.7,71.4,116.5,159.0,236.7,235.8,381.9,811.8
FUSGOR_clean,187.4,71.5,114.1,151.1,229.8,230.1,374.9,851.5
FUSMEM_clean,206.3,65.1,78.5,91.5,163.7,200.5,223.4,313.9
FUSMIQ_clean,204.9,64.6,81.6,93.6,165.7,199.3,224.5,306.7
FUSMOW_clean,204.1,64.6,78.9,93.8,166.1,203.2,223.0,315.7
FUSMUC_clean,206.8,64.2,78.9,92.5,164.7,200.0,225.6,317.1
FUSNAJ_clean,207.8,65.7,82.0,96.5,176.2,209.4,225.2,350.3
FUSNEN_clean,206.4,66.0,80.1,95.4,174.7,207.1,224.2,346.5
FUSNIR_clean,208.1,65.5,81.2,94.3,170.5,206.0,222.9,320.4
FUSQUH_clean,785.8,285.8,397.2,518.1,671.7,667.7,1104.8,2206.4
FUTCAZ_clean,91.8,30.2,39.6,50.5,92.9,107.9,115.3,248.7
FUTDII_clean,195.6,67.5,97.4,129.7,219.1,233.8,275.7,724.6
FUTKEL_manual,249.0,88.3,134.4,177.2,285.5,294.7,373.2,885.6
FUTTIZ_clean,513.1,202.3,357.6,436.8,566.8,555.4,1645.7,5095.4
FUTYEA_clean,129.9,49.8,82.5,109.8,158.7,161.2,311.0,762.8
FUTYOK_clean,128.4,46.2,75.2,101.0,153.5,155.2,254.4,651.9
FUTYUQ_clean,315.5,145.0,271.1,376.1,387.1,401.2,1695.2,4257.9
FUTZAX_clean,125.5,44.9,68.9,91.9,144.3,150.0,221.8,609.4
FUTZEB_clean,165.0,67.7,122.1,156.8,202.0,203.1,546.7,1266.0
FUTZIF_clean,288.5,107.8,184.1,232.4,287.6,284.1,767.4,1763.9
FUTZOK_clean,170.7,57.4,83.4,110.3,187.7,197.3,228.5,510.0
FUTZOL_clean,394.3,164.5,294.1,371.3,455.1,448.7,1457.2,3782.7
FUVBAB_clean,130.4,49.1,79.6,109.4,157.1,160.5,303.1,754.1
FUVBOP_clean,286.8,94.5,155.4,207.8,285.8,284.9,602.6,1722.0
FUVDEH01_clean,714.8,270.4,487.5,658.0,791.9,786.2,2046.3,4380.8
FUVDEH02_clean,712.9,259.6,474.0,613.1,787.3,751.7,1912.8,4070.1
FUVDEH03_clean,695.2,265.1,460.0,620.1,819.1,750.8,1989.8,4126.0
FUVDEH04_clean,742.0,266.0,453.5,623.2,762.2,753.7,1818.9,4216.9
FUVDEH05_clean,833.6,323.1,610.2,748.7,927.6,917.0,2397.4,4587.7
FUVDEH06_clean,699.7,234.9,342.6,435.2,754.9,776.1,837.1,1635.4
FUVDEH07_clean,687.1,233.0,348.2,468.7,772.2,824.6,859.0,1755.4
FUVDEH08_clean,732.8,242.4,348.2,446.8,784.3,794.6,858.7,1631.1
FUVDEH09_clean,702.5,270.1,501.2,628.4,794.3,790.7,2101.9,4329.7
FUVDEH10_clean,735.8,272.8,484.2,603.5,764.9,758.4,2003.4,3981.0
FUVDEH11_clean,772.8,273.3,484.0,642.1,775.4,733.7,1974.5,3995.8
FUVDEH13_clean,689.8,271.0,470.7,640.9,782.4,768.5,2051.6,4234.4
FUVDEH_clean,756.8,263.1,506.3,651.8,789.3,743.5,2174.3,4752.1
FUVFUZ_clean,727.9,244.3,346.1,444.9,766.3,789.8,813.2,1585.3
FUVGAG01_clean,693.3,241.0,349.7,446.3,749.9,812.0,881.1,1540.0
FUVGAG02_clean,781.9,243.2,351.2,454.3,767.3,814.5,855.3,1581.9
FUVGAG_clean,682.0,243.2,345.6,450.1,770.9,802.5,821.0,1643.3
FUWFIO_clean,212.9,80.0,124.6,165.7,236.7,244.7,431.0,1186.9
FUWFUA_clean,345.6,123.5,206.5,265.0,353.6,355.3,858.1,2168.2
FUWQIZ_clean,269.7,97.6,157.9,198.1,267.8,281.8,560.6,1541.9
FUWXOL_SL,172.2,93.6,176.1,197.5,208.0,290.9,861.9,1285.3
FUWYAY_clean,204.4,73.0,114.0,151.0,238.4,245.2,324.6,701.1
FUXCOS_clean,337.0,125.0,173.7,220.8,324.0,329.2,391.5,735.9
FUXXIH_clean,377.3,136.0,214.9,283.3,431.1,439.1,678.3,1800.2
FUYCAE_clean,224.5,70.7,106.8,139.2,202.0,206.0,327.7,897.3
FUYCEJ_clean,205.1,82.5,146.5,188.9,239.2,238.4,675.6,1598.5
FUYCIN_clean,109.8,36.6,47.8,61.0,111.5,126.8,141.0,329.3
FUYKER_clean,327.6,123.4,211.3,284.3,355.4,361.3,734.5,1575.6
FUZPUN_clean,320.9,143.5,262.1,314.4,373.8,377.2,1264.5,2701.3
GABYUG_clean,444.8,182.5,343.1,412.3,476.5,478.7,1980.9,4583.8
GACBIY_clean,327.6,130.1,241.6,304.4,346.8,359.5,1200.7,2866.0
GACBOE_clean,241.4,91.5,162.6,202.8,265.5,269.1,712.0,1797.5
GACPUX_clean,141.2,49.3,78.0,98.8,157.9,163.5,219.1,525.3
GACQAE_clean,159.7,57.5,91.2,120.9,186.3,197.3,300.0,807.9
GACVIS_clean,111.1,39.5,62.1,82.5,130.6,133.4,205.6,547.7
GACYER_clean,329.3,118.3,205.7,253.3,313.8,315.5,939.3,3092.1
GADDOH_clean,152.4,54.5,84.5,112.0,180.1,189.0,269.3,729.4
GADFAV_clean,216.4,92.7,175.0,223.2,264.1,264.3,715.7,1406.6
GADMAA01_clean,185.4,59.4,70.4,83.5,152.8,192.3,224.7,257.9
GADMAA_clean,197.2,63.1,75.3,90.4,162.5,201.6,236.9,276.4
GADNUX_clean,516.8,204.2,338.8,443.0,493.9,471.3,1729.6,4886.5
GADRAH_clean,210.5,78.6,126.4,167.3,246.0,247.1,447.8,1114.9
GAFGEC_clean,407.7,140.6,224.9,273.5,361.9,365.6,818.1,2136.6
GAFROX_clean,221.7,81.6,135.8,184.1,250.2,251.9,560.2,1510.5
GAFRUD_clean,219.2,80.2,129.6,175.4,252.2,254.9,503.9,1377.1
GAGQAI_clean,170.6,61.2,95.8,125.1,194.8,199.7,320.6,868.2
GAGSUF_clean,139.6,48.8,63.3,80.9,150.3,164.1,176.6,412.9
GAGZEV_clean,278.9,86.7,108.7,120.7,192.6,235.9,230.4,497.0
GAHSEQ_clean,368.2,115.0,156.3,203.0,355.1,389.2,434.9,1017.2
GAHWIX_clean,518.3,186.7,237.3,305.9,457.8,480.1,686.8,2193.1
GAHXUL_clean,210.8,71.6,103.1,135.5,238.9,254.3,283.2,647.1
GAJYUN_clean,293.9,95.3,139.7,171.2,308.1,332.7,356.8,792.1
GAJZAU_clean,284.1,95.1,136.0,172.8,307.9,335.8,365.6,803.3
GAJZEY_clean,327.5,113.8,166.2,220.5,371.3,409.2,460.9,1135.4
GAJZIC_clean,331.2,114.6,168.3,221.4,376.1,394.5,469.4,1185.5
GAJZOI_clean,327.7,112.3,170.5,220.5,369.7,385.6,474.9,1158.9
GAJZUO_clean,325.0,119.0,174.2,231.3,374.0,393.4,508.9,1220.3
GAKBAX_clean,338.0,113.8,169.2,223.2,374.9,398.1,477.9,1166.4
GALCAZ_clean,299.0,104.5,163.3,211.6,339.4,334.6,515.2,1274.6
GALFAB_clean,333.3,143.6,262.9,326.8,378.5,368.8,1001.6,1825.0
GALHOS_ion_b,337.2,115.6,172.7,220.3,338.0,345.6,391.2,801.4
GALJAG_clean,187.3,73.5,125.7,163.0,219.5,224.0,523.1,1404.6
GAMFEI_clean,317.8,110.5,159.9,202.9,315.4,311.5,397.8,927.2
GAMXAV_clean,236.0,85.0,139.9,183.4,267.0,271.8,475.1,1231.6
GANBAZ01_clean,203.7,127.9,202.0,206.7,327.2,614.2,1898.1,2819.7
GANBAZ02_clean,161.6,58.7,105.3,136.3,166.8,167.5,529.2,1252.8
GANBAZ_clean,204.6,121.7,198.3,205.4,302.2,564.7,1852.7,2819.5
GANBED02_clean,258.4,95.7,168.3,217.6,273.5,266.5,893.8,2701.9
GANBED_clean,272.9,104.6,183.2,238.0,279.2,281.7,1011.3,2746.0
GANBIH_clean,389.6,122.6,203.0,264.5,385.7,378.0,595.9,1504.4
GAPNOD_clean,145.3,50.2,72.4,96.5,163.1,175.6,209.0,540.8
GAQYIH_clean,257.4,79.7,87.7,95.4,143.7,179.7,226.4,237.0
GARLAP_clean,214.6,86.6,158.2,199.4,254.2,257.6,602.6,1259.9
GARLET_clean,233.6,94.7,169.9,219.2,280.1,285.3,657.8,1374.4
GARLIX_clean,234.6,94.4,166.9,221.9,276.0,278.1,658.1,1387.6
GARLOD_clean,217.6,88.2,161.7,210.3,261.6,259.3,641.0,1302.7
GARLUJ_clean,220.7,89.7,159.9,208.7,259.7,257.9,648.7,1324.9
GARMAQ_clean,224.1,91.1,162.4,207.4,261.2,260.7,664.2,1354.6
GARQAU_clean,534.5,203.4,302.0,404.7,513.2,509.4,991.2,1939.7
GARSUQ_clean,250.9,104.1,186.1,244.1,307.8,306.3,706.5,1447.4
GARTAX_clean,251.8,109.6,197.0,252.8,310.8,310.5,822.6,1655.4
GARTEB_clean,249.0,100.0,180.3,231.8,306.5,314.4,654.4,1366.5
GARTIF_clean,253.2,104.6,195.0,260.0,315.9,311.7,767.0,1548.5
GARTUR_clean,500.4,175.5,267.7,347.2,440.4,442.0,924.0,2390.6
GASSEB_clean,192.0,70.5,110.1,147.0,230.7,230.0,366.3,885.0
GASSUR_clean,154.3,55.5,87.6,116.4,182.4,185.5,289.3,710.0
GASTIG_clean,239.2,115.3,215.3,254.8,272.5,296.1,767.1,1154.5
GATQIE_clean,536.5,157.2,232.2,281.5,382.8,392.1,764.2,2120.2
GATQOK_clean,1034.6,322.2,478.9,553.2,699.2,658.1,2030.5,4926.3
GAVYAG_clean,210.9,96.3,180.9,237.2,258.6,266.6,843.5,1540.8
GAWCUF_clean,291.7,116.7,189.0,250.4,349.4,345.4,655.8,1459.3
GAWLIB_clean,367.8,119.1,156.5,202.5,358.5,418.5,433.1,732.1
GAWMOJ_clean,199.0,62.8,77.0,90.7,154.6,176.9,189.0,336.7
GAXDIS10_clean,100.3,32.7,44.0,56.6,104.3,119.7,130.7,273.5
GAXKOH_clean,247.9,86.2,122.9,159.9,276.3,290.9,347.7,843.3
GAXQIH_clean,217.5,73.8,107.8,133.6,237.6,255.3,268.3,438.9
GAYFUJ_clean,209.3,82.3,143.4,188.7,253.1,256.7,569.9,1396.9
GAYGAQ_clean_h,183.0,73.9,130.7,169.5,225.7,230.5,446.4,843.5
GAYPED_clean,203.3,67.8,90.0,114.3,183.4,185.3,230.5,597.0
GAYTEH_ion_b,799.5,312.7,537.3,706.3,920.1,838.2,2120.9,5258.6
GAZLAW_clean,245.2,87.4,121.4,155.7,263.7,280.4,312.5,663.4
GEBCAT_clean,285.6,98.3,124.1,157.3,290.9,324.7,359.5,700.5
GEBPEK_clean,193.7,59.2,67.4,76.6,125.6,146.3,167.4,250.2
GEBSAJ_clean,428.5,452.7,1451.2,2130.7,3703.3,3884.7,5007.7,5755.5
GEDDAW_clean,169.7,56.6,78.5,99.5,178.5,197.4,216.5,597.1
GEDDEA_clean,286.4,101.1,156.1,203.4,324.9,320.2,475.0,1173.0
GEDPAH_clean,273.2,79.5,89.9,101.7,176.5,228.3,310.6,344.8
GEDQIR_clean,222.5,85.0,146.5,193.6,274.3,263.3,604.1,1577.9
GEDQOX_clean,160.4,59.8,96.2,128.0,190.5,192.4,329.4,805.0
GEDRAK_clean,219.7,90.9,164.9,212.4,267.8,268.9,743.6,1738.7
GEDROY_clean,227.5,84.6,141.6,187.9,268.6,277.6,543.3,1408.1
GEDRUE_clean,168.2,61.2,102.2,134.6,195.2,197.1,355.6,850.2
GEDSAL_clean,230.1,94.1,169.9,225.9,273.2,271.8,764.4,1812.4
GEDSEP_clean,279.0,132.3,247.6,299.5,335.2,354.1,1187.5,2150.9
GEDSOZ_clean,163.1,59.7,98.4,133.0,191.9,194.9,354.6,838.4
GEDSUF_clean,211.4,81.8,142.6,190.8,251.5,253.1,486.9,990.2
GEDTAM_clean,162.3,59.2,99.4,128.7,192.6,194.0,334.9,831.3
GEFYUN_clean,333.9,113.3,161.9,209.2,351.9,375.2,415.8,971.4
GEFZAU_clean,350.5,114.3,157.9,198.7,337.9,374.2,407.0,861.8
GEGDED_clean,322.9,139.2,265.9,320.9,350.8,370.0,1407.8,3658.8
GEGGEG01_clean,299.3,160.4,299.5,353.0,359.9,446.5,1466.9,2334.6
GEGGIK01_clean,297.8,160.4,319.8,342.7,359.6,462.9,1512.9,2366.5
GEGGIK_clean,304.0,159.7,299.5,354.0,365.6,445.6,1438.6,2342.8
GEGGUW_clean,302.2,158.5,318.7,344.4,368.3,459.6,1475.7,2353.3
GEGHAD_clean,297.7,162.1,299.8,348.5,374.7,456.2,1467.7,2355.6
GEJJEL01_clean,223.8,71.6,99.6,127.0,232.8,256.6,269.5,488.5
GEKVEZ_clean,162.5,51.9,65.4,78.4,149.2,178.7,201.6,293.3
GEPDEM_clean,202.2,67.3,93.3,119.7,220.7,238.0,250.9,421.0
GERNOI_clean,341.4,128.9,230.7,292.5,387.3,386.0,857.4,2126.9
GERPUP_clean,194.4,60.7,74.2,87.7,149.3,193.7,231.2,252.0
GERWEH_clean,169.6,67.9,117.9,154.9,201.6,202.8,454.8,1092.3
GESDUF_clean,284.3,91.1,114.2,138.2,260.6,313.6,339.0,512.6
GESFAN_clean,283.4,91.5,115.7,138.8,260.1,313.6,343.1,511.9
GESNIC_clean,299.4,98.2,150.1,199.7,316.7,323.4,432.0,963.5
GESNOI_clean,271.1,94.2,144.5,191.3,298.7,307.7,387.3,838.1
GEVXIQ_clean,166.2,54.6,73.8,91.8,170.6,194.8,209.2,386.0
GEWXAJ_clean,236.7,85.1,136.5,182.2,276.5,282.3,319.7,515.2
GEZRAG_clean,1305.5,536.6,885.1,1085.1,1260.5,1247.8,4644.3,13427.7
GEZYOB_clean,376.5,148.0,254.6,330.2,464.1,446.9,1090.7,2778.4
GEZYUH_clean,367.8,143.9,238.1,312.8,420.2,421.5,1059.9,2810.5
GIDKOU_clean,167.5,78.0,146.4,178.4,201.5,201.9,477.9,722.2
GIFKEL_clean,178.9,64.0,101.5,135.3,218.2,219.5,289.7,624.6
GIJXAA_clean,255.6,98.7,170.3,218.7,251.9,254.8,873.8,2410.9
GIKQIC_clean,178.3,57.3,76.5,97.4,180.6,196.6,206.5,348.0
GIMSIG_clean,176.6,63.8,103.6,136.2,209.4,218.7,343.0,829.9
GINLIA_clean,185.5,70.1,119.8,157.5,219.4,219.5,460.6,1084.4
GINNUO_clean,463.1,140.2,194.7,244.0,424.6,450.5,496.5,1097.7
GIQXEK_clean,133.2,43.4,63.1,80.3,141.0,153.1,170.7,397.7
GIQXIO_clean,130.2,44.7,63.6,83.7,147.1,155.4,178.1,433.7
GIQXOU_clean,136.2,44.7,66.4,86.7,146.7,155.7,186.0,452.6
GIQXUA_clean,128.9,43.9,64.6,85.1,146.9,155.8,181.7,436.8
GIQYAH_clean,129.0,46.3,65.1,85.2,149.1,156.9,186.7,463.1
GIQYEL_clean,129.0,44.3,62.4,82.6,144.5,152.1,169.0,395.7
GIQYIP_clean,130.0,45.6,63.5,82.6,144.7,154.9,181.4,437.1
GIQYOV_clean,152.2,49.6,67.8,85.7,158.5,177.8,190.4,380.2
GIQYUB_clean,129.3,44.2,64.8,84.3,146.4,155.0,181.3,439.6
GIRDUI_clean,216.5,72.2,104.5,129.9,234.3,256.2,265.0,405.3
GIRXUC_clean,69.4,22.1,27.6,33.7,62.7,75.7,87.6,129.5
GIRYAJ_clean,220.4,81.4,126.9,164.9,247.5,254.9,484.8,1432.7
GIRYEN_clean,411.2,162.7,281.2,380.6,475.7,483.2,771.4,1194.4
GIRYUD_clean,418.4,162.8,297.5,377.0,503.1,472.6,769.9,1176.3
GIRZAK_clean,470.4,183.4,323.3,416.8,553.7,556.1,847.7,1464.2
GISMAY_clean,844.7,377.4,692.0,788.6,923.9,955.4,3850.8,7952.2
GISNED_clean,1145.9,423.4,696.5,831.2,965.4,980.9,3258.8,10435.4
GISZUD_clean,76.5,25.2,34.5,43.5,83.5,93.3,103.3,231.2
GISZUF_clean,357.6,142.6,205.1,279.5,402.7,399.6,654.1,1549.3
GITPIK_clean,207.2,73.1,110.1,143.5,234.7,239.3,312.2,729.2
GITSUY_clean,644.5,221.0,401.9,493.6,623.0,586.6,1912.9,5698.8
GITTUZ_clean,554.5,220.8,364.2,489.5,611.1,609.2,1604.1,3870.9
GITVAH01_clean,741.7,408.8,664.7,757.6,826.8,1406.3,5358.5,10266.6
GITVAH_clean,804.1,443.9,737.4,803.0,939.3,1587.5,5086.7,8855.4
GITVEL01_clean,402.1,143.3,221.3,292.7,425.5,439.3,811.8,2242.6
GITVEL_clean,380.7,140.6,220.5,297.3,435.5,432.8,806.8,2280.3
GITWIQ_clean,260.4,96.7,161.9,214.5,310.2,309.3,486.7,969.8
GIVHIC_clean,365.0,154.2,273.6,341.0,386.1,399.5,1279.5,2534.9
GIVNIK_clean,317.4,113.6,168.8,222.1,347.1,352.7,530.3,1535.4
GIVNOQ_clean,294.2,106.5,167.1,220.3,321.8,331.5,561.0,1531.2
GIWCAR_ion_b,235.0,82.2,123.6,159.7,254.3,266.7,349.7,853.3
GIWCIZ_ion_b,519.4,198.3,289.1,334.7,474.4,486.3,594.0,1137.3
GIWCOF_ion_b,260.5,89.5,142.1,177.6,284.1,286.0,409.0,1081.7
GIXGOK_clean,582.0,218.1,335.7,456.4,633.1,628.3,1224.2,3169.0
GIXNAE_clean,126.2,41.6,58.1,74.4,139.5,147.7,167.2,394.8
GIYSEN_clean,244.2,88.5,140.7,185.3,292.1,292.0,387.6,745.5
GIYSIR_clean,243.0,88.5,143.2,194.1,285.4,289.5,380.8,750.6
GIYSOX_clean,248.4,89.7,147.6,194.3,294.7,295.1,382.2,730.7
GIYSUD_clean,208.6,77.2,126.1,166.7,253.7,253.0,421.2,993.7
GIYTAK_clean,208.6,78.2,128.3,168.1,249.0,254.6,434.1,1049.8
GIYTIS_SL,224.0,84.2,138.8,178.3,266.6,270.6,461.3,1114.5
GIZXET_clean,303.8,148.4,268.6,319.6,346.0,392.9,1548.0,3144.3
GOBGAG_clean,575.0,219.0,356.4,451.7,612.3,625.6,1199.7,3150.3
GOBSUM_clean,190.1,66.7,98.5,128.7,209.3,213.9,271.8,638.1
GOBTAT_clean,374.0,148.8,262.4,327.5,396.0,399.5,1184.5,2978.8
GOGSIF_clean,228.4,75.7,101.8,128.7,233.4,257.4,276.8,566.7
GOGWAB_clean,149.9,64.8,121.2,156.5,184.3,188.2,646.5,1392.0
GOGWEF_clean,154.3,61.1,113.4,150.6,184.0,185.4,528.9,1239.3
GOJDOZ_clean,182.9,63.8,97.1,129.0,212.4,219.7,279.8,688.5
GOKBUE_clean,196.4,65.7,84.9,102.8,193.4,227.2,240.4,367.8
GOMFOF_clean,344.3,114.2,156.0,211.1,315.3,331.3,391.8,1016.8
GOMREG_clean,180.8,124.3,208.3,225.2,253.5,407.3,877.0,1122.8
GONMUT_clean,1802.3,809.2,1321.7,1374.4,1475.3,2601.9,9432.1,14710.7
GONNAA_clean,184.2,62.2,86.6,111.5,197.6,214.3,239.3,603.5
GONSUZ_clean,207.0,61.2,100.0,129.4,206.1,207.0,290.8,687.6
GOPLUS_clean,239.4,76.5,109.9,145.1,243.6,262.6,294.2,658.6
GOPTIQ_clean,290.9,107.6,184.9,240.2,338.5,341.2,657.0,1657.7
GOQSIQ_clean,353.3,124.2,185.1,245.8,337.3,339.4,514.6,1104.3
GOQWOY_clean,190.2,62.5,94.2,124.4,204.4,219.0,283.4,848.5
GOQXAN_clean,187.4,66.3,104.5,135.3,220.0,228.8,317.0,764.1
GORJEE_clean,393.3,235.5,428.4,398.1,592.7,1089.8,3838.1,7286.6
GORQAF_clean,61.7,19.2,23.6,27.8,51.4,64.3,78.4,97.2
GOSBOH_clean,197.1,62.9,80.9,98.3,179.9,220.0,239.3,385.5
GOSDID_clean,406.1,157.0,264.7,346.1,445.6,465.5,1012.3,2385.9
GOSKEG_clean,257.2,87.6,132.1,170.1,256.6,267.9,355.0,788.0
GOTDIE_clean,1039.5,349.0,532.3,687.7,1097.1,1144.2,1233.7,2400.3
GOTNEK_clean,233.5,92.8,149.2,201.3,240.9,241.9,428.6,813.7
GOVHOQ_clean,625.5,205.4,291.3,377.7,662.1,711.4,771.1,1426.8
GOVWOF_clean,200.1,70.7,108.1,139.3,211.1,215.9,315.2,793.5
GOVXIA_clean,465.0,186.1,320.8,431.7,574.3,547.0,1276.3,2780.5
GOZNAM_clean,235.0,79.9,114.6,146.8,260.6,273.8,314.5,831.1
GOZNEQ_clean,147.7,48.6,67.0,83.2,154.9,175.7,184.9,403.6
GUANZS_clean,78.8,26.5,37.2,48.0,85.9,94.8,105.7,232.5
GUBBAG_clean,141.6,46.1,60.2,74.3,142.9,164.0,177.5,335.6
GUBKUL_clean,252.0,97.6,161.2,211.0,286.3,281.6,636.5,1648.5
GUBVUU_clean,189.9,66.2,99.0,129.2,215.0,223.8,284.5,680.5
GUBZAF_clean,266.3,89.3,124.9,159.5,283.1,306.8,338.1,833.6
GUCHUJ_clean,145.6,56.5,98.8,132.3,179.6,180.5,349.8,728.5
GUCJAQ_clean,323.4,126.2,228.1,291.2,381.6,382.5,764.8,1571.8
GUDJOG_clean,272.5,94.3,138.9,180.2,276.1,280.4,397.1,1000.3
GUFBOA_clean,319.4,129.8,237.3,303.2,406.4,389.2,761.4,1343.9
GUFBUG_clean,320.9,125.3,225.8,277.2,317.4,326.9,958.0,1718.0
GUFREF_clean,437.7,174.9,280.5,379.5,520.0,534.4,896.3,1787.7
GUFXEM_clean,215.1,80.3,133.7,176.4,256.7,247.7,461.9,1057.8
GUGNON_clean,288.7,113.1,197.0,261.5,344.0,345.8,799.8,1864.3
GUHMIH_clean,279.1,85.2,98.4,109.3,172.2,204.1,223.3,315.2
GUHNUU_clean,263.6,88.5,130.7,173.0,258.2,272.0,361.4,943.7
GUHPAC_clean,266.6,91.4,130.3,168.9,263.0,270.0,359.8,944.1
GUHPEG_clean,438.4,169.1,278.2,374.5,484.0,483.7,1012.7,2224.5
GUJREK01_clean,226.5,76.0,107.1,141.0,231.8,240.8,287.7,698.0
GUJREK_clean,232.9,76.2,107.4,136.4,228.7,246.5,278.6,661.7
GUKCIA_clean,379.8,161.8,296.5,348.2,376.1,410.8,1471.3,3594.9
GUKFEY_clean,182.8,65.5,100.5,129.6,190.0,192.2,325.7,802.1
GUKYUI_clean,233.5,77.9,94.4,115.9,220.3,260.3,283.6,310.9
GUKZAO_clean,150.6,55.9,92.6,125.8,184.2,183.7,339.8,808.7
GULBAR_clean,265.1,119.6,222.3,279.6,317.1,320.1,836.2,1434.5
GULCAS_clean,252.4,125.8,240.3,282.8,301.6,363.8,1342.1,2395.5
GULPIN_clean,384.8,156.0,282.1,363.8,467.6,449.3,1008.6,1960.6
GULVUF_clean,377.9,125.8,193.8,257.1,387.9,377.0,532.5,1393.9
GULWAM_clean,287.7,103.1,150.6,189.6,287.6,294.3,444.9,1195.1
GULWEQ_clean,1720.6,600.6,767.0,895.0,1164.1,1139.8,1961.7,5516.7
GULWIU_clean,255.3,89.1,135.5,171.4,262.4,265.8,422.8,1204.1
GULWOA_clean,174.1,57.9,80.0,103.6,185.8,205.6,223.3,545.2
GUMDEZ_clean,273.8,160.1,293.0,324.0,353.1,516.2,1397.0,1978.2
GUNFAW01_neutral,79.9,25.0,29.3,34.5,62.6,80.0,98.6,120.2
GUNZIA_clean,546.8,240.0,451.0,528.1,593.7,616.3,2241.3,4425.9
GUPBEZ02_clean,925.4,282.9,355.5,369.4,541.0,638.7,667.1,1214.6
GUPBOJ03_clean,688.7,189.7,227.1,229.2,372.0,423.3,493.6,762.8
GUPBUP_SL,190.0,58.9,71.3,87.2,158.5,197.8,223.6,310.3
GUPCAW_clean,299.7,95.2,129.3,165.0,294.6,318.5,352.0,903.7
GUPCEA_clean,2544.9,628.2,760.4,879.3,1268.0,1355.9,1447.2,3453.8
GUPDEB_clean,473.4,167.4,257.5,339.3,517.1,529.3,864.9,2462.7
GUPREQ_clean,418.7,166.6,289.3,376.0,492.6,526.4,1059.9,2244.1
GUQWOG_clean,200.1,68.2,97.0,126.5,210.3,221.6,265.4,636.1
GURPIT_clean,138.7,44.6,60.1,74.3,136.7,155.6,168.9,383.5
GURPOZ_clean,553.2,332.3,535.5,553.8,741.7,1358.1,4093.4,6174.7
GURPUF_clean,118.6,38.7,50.8,63.6,119.0,135.5,146.2,341.3
GUSJOU_clean,180.2,64.7,103.1,136.2,212.6,215.8,322.5,759.5
GUSMAJ_clean,822.8,379.5,692.0,841.9,872.4,966.5,3039.6,5452.6
GUTYIE_clean,140.3,54.8,95.3,127.6,172.7,172.6,346.7,759.9
GUVBOQ_clean,1534.3,678.1,1255.0,1437.2,1485.5,1811.6,6036.1,13208.6
GUVCOP_clean,350.3,123.5,182.1,226.4,374.1,393.5,512.2,1415.1
GUVKUE_clean,407.4,164.3,278.0,341.1,426.0,421.6,1394.8,3703.4
GUVLAL_clean,411.9,170.6,278.3,370.1,434.1,432.4,1411.2,3878.9
GUVZII_clean,288.8,116.6,203.8,267.1,358.6,358.8,992.9,2778.6
GUWDUY_clean,279.3,110.5,190.4,252.7,332.1,333.6,764.6,1803.4
GUXJUF_clean,441.9,152.7,202.1,252.5,418.9,473.1,489.7,989.8
GUXPOF_clean,272.1,92.3,124.2,156.2,285.9,317.2,328.6,581.5
GUXSEY_clean,356.2,194.2,329.4,378.9,390.5,554.7,2274.2,4305.9
GUXSIC_clean,348.3,182.5,332.6,371.6,395.3,577.9,2251.7,4179.3
GUXZIJ_clean,144.7,53.2,86.4,116.3,175.8,175.8,283.5,651.9
GUXZUV_clean,187.8,77.1,136.9,181.6,231.8,235.9,577.7,1317.6
GUYBAE_clean,184.5,70.3,119.9,159.8,223.2,221.3,458.1,1061.1
GUZVOO_clean,337.9,111.0,161.5,214.1,303.3,299.7,511.9,1200.9
HABCEV_clean,269.5,88.4,143.6,190.3,261.8,261.2,615.8,1809.3
HABCIZ_clean,249.1,79.0,124.5,160.8,244.8,247.5,460.1,1349.9
HABCOF_clean,252.1,79.8,126.9,158.2,248.6,245.9,445.4,1350.8
HABDAS_clean,254.4,79.4,122.7,159.3,241.7,240.5,451.6,1395.3
HABQUY_clean,270.9,86.8,104.3,121.4,208.0,217.9,230.8,457.0
HABRAF_manual,250.0,76.7,89.7,103.7,169.7,192.8,208.2,350.4
HABREJ_clean,373.8,164.7,303.1,367.5,420.4,445.9,1620.6,3952.9
HABRUZ_clean,242.9,88.5,150.2,200.8,280.2,276.6,511.3,1177.1
HACDOH_clean,590.6,249.7,429.4,464.3,488.6,703.8,2454.7,4715.3
HACDUN_clean,539.8,325.5,487.3,511.0,647.0,1074.5,3196.4,5595.1
HACRAH_clean,435.3,230.1,383.4,408.0,441.7,695.2,2451.2,4591.9
HACREL_clean,485.0,268.2,429.7,441.8,531.9,890.4,2936.4,5187.0
HADLOQ01_clean,136.4,47.0,71.3,93.8,159.7,167.6,205.6,597.9
HADPOU_clean,112.7,43.4,75.1,99.2,139.7,141.5,243.1,470.0
HADQUA_clean,544.0,345.3,574.5,607.2,695.2,1259.2,3946.6,7452.9
HADXIW_clean,144.6,48.9,63.6,80.2,151.1,171.8,179.7,366.1
HAFGUQ_clean,137.7,62.6,115.9,144.1,163.7,174.0,614.6,1245.3
HAFTOZ_clean,108.9,35.4,45.0,55.5,105.8,122.9,136.3,256.7
HAFVOB_clean,317.8,145.0,268.8,336.0,383.0,404.6,1401.5,3114.5
HAFVUH_SL,161.8,56.2,91.9,121.3,178.9,179.1,350.5,871.7
HAFWIW_clean,192.7,62.8,91.7,114.9,181.0,191.6,220.7,541.3
HAHCUR_clean,310.3,125.6,206.7,283.5,356.6,359.6,847.5,1954.7
HAHPOW_clean,368.5,120.2,163.3,199.7,358.1,412.5,437.6,815.4
HAJDII_clean,391.8,135.3,207.9,271.0,446.7,441.7,608.4,1540.5
HAJLEK_clean,312.1,107.7,161.9,208.8,353.9,370.8,374.1,471.8
HAJLIO_clean,311.5,108.5,158.9,206.0,356.2,373.9,377.6,472.0
HAJLOU_clean,314.5,108.2,161.5,206.0,354.4,367.2,378.1,481.0
HAJLUA_clean,312.0,112.3,156.0,204.6,346.1,371.7,377.0,480.7
HAJMEL_clean,304.7,105.3,149.1,195.3,343.8,359.4,368.7,455.1
HAJMIQ_clean,567.9,289.2,520.2,614.5,638.2,731.6,3228.5,8148.6
HAJPEQ_clean,299.4,122.3,238.3,277.3,346.0,335.4,685.2,1346.2
HAJRES_clean,2907.4,1061.2,1522.0,1721.4,2002.5,1963.6,3608.4,6047.3
HAJYEZ_clean,240.6,100.8,184.0,240.3,287.8,287.2,545.8,889.0
HAKCAZ_clean,283.4,99.8,156.9,211.6,291.8,290.0,532.0,1270.0
HAKSAQ_clean,230.4,104.2,198.5,243.7,278.5,299.0,1105.3,2521.9
HAKSEU_clean,242.8,105.4,197.1,248.3,286.9,296.5,1072.2,2488.2
HAKSIY_clean,239.9,99.5,178.3,231.1,289.7,290.6,844.8,2151.2
HAKVOH_clean,183.8,66.8,108.3,147.1,217.3,219.0,389.3,1053.6
HAKVUN_clean,163.2,69.7,127.3,161.1,198.2,199.9,639.5,1603.9
HAKWAU_clean,167.7,63.3,100.6,131.6,192.8,205.6,369.0,967.9
HALQUJ_clean,232.0,86.8,144.5,193.9,280.8,277.3,550.7,1470.1
HALVAU_clean,163.3,55.8,83.3,110.9,185.3,195.6,238.4,595.3
HAMJOW_clean,288.1,133.0,241.0,302.9,354.5,355.0,1373.1,3401.6
HAMJUC_clean,510.2,298.8,484.3,473.2,571.6,1030.0,3086.5,5937.1
HAMLIT_clean,291.8,123.3,230.9,302.2,346.9,344.2,1110.3,2617.3
HAMREU_clean,298.1,105.1,160.5,209.9,352.7,355.5,424.9,949.1
HAMRIY_clean,300.7,106.3,164.3,216.5,347.5,353.1,435.8,905.9
HANKIS_clean,4676.2,1664.2,2365.3,2890.4,2929.8,3176.7,14173.4,38534.4
HANKOY_clean,4882.6,1706.7,2584.4,2809.7,3182.6,3239.2,14572.1,40062.4
HANKUE_clean,4297.8,1591.6,2322.1,2634.3,2859.1,3089.9,13460.0,35831.3
HANWAW_clean,448.4,206.4,375.0,446.3,552.0,537.9,2200.4,5789.6
HAPBAE_clean,564.6,215.5,375.7,492.9,636.0,617.3,1609.8,4246.2
HAPBEI_clean,545.5,216.2,369.1,492.4,632.8,636.7,1608.5,4118.2
HAPBIM_clean,1477.9,576.6,873.9,1106.6,1294.8,1288.5,4306.5,11402.3
HAPGIR_clean,133.4,45.4,65.7,85.6,147.6,156.5,172.3,354.4
HAPHUD_clean,207.6,70.4,102.1,132.6,222.1,239.6,285.4,784.6
HAPNEU_clean,564.2,220.9,386.7,480.8,624.5,601.9,1626.3,4322.8
HAPNOE_clean,352.6,134.3,216.5,288.8,412.8,409.0,826.3,1993.2
HAPNUK_clean,346.3,129.6,214.0,281.6,400.3,401.0,814.5,2007.0
HAPPAS_clean,348.5,132.3,228.3,299.5,427.4,411.6,849.2,2038.1
HAPVEB_clean,166.6,61.1,103.9,132.2,193.4,198.9,324.4,721.6
HAQJIV_clean,218.9,76.8,114.8,148.4,224.5,226.4,345.5,959.2
HAQKES_clean,1062.9,404.5,710.8,871.8,1070.6,1015.7,3327.1,8784.8
HAQRID_clean,261.1,94.3,155.3,200.9,282.0,286.0,624.9,1711.7
HASMIZ_clean,186.7,63.4,90.2,118.0,206.1,223.0,251.0,665.1
HASNIB_clean,139.1,45.9,64.1,82.3,149.1,164.1,173.6,367.7
HASNOH_clean,151.9,51.7,75.3,98.1,170.7,177.4,201.1,453.2
HASNUN_clean,138.9,46.3,63.4,81.1,147.2,162.9,173.9,354.2
HASTAY_clean,428.0,194.3,348.1,423.6,496.6,495.3,1748.9,3911.0
HATZOS02_clean,144.9,43.5,57.9,73.0,135.9,151.3,166.1,251.5
HATZOS_clean,132.6,43.5,57.3,71.4,133.1,151.8,159.5,248.8
HAVVUX_clean,257.0,88.3,131.4,170.9,288.1,298.7,362.2,916.3
HAVZIP_clean,127.1,41.0,53.6,66.8,124.7,146.5,157.4,316.4
HAWGIY_clean,400.5,144.5,231.4,310.5,433.8,429.8,677.8,1224.1
HAWREE_clean,290.8,114.1,197.3,258.5,345.5,343.1,722.8,1566.4
HAWVAE_clean,183.2,77.0,144.9,184.3,221.4,228.5,551.2,1073.3
HAWVEI_clean,185.2,77.0,140.7,182.1,223.9,225.6,540.2,1063.2
HAWVIM_clean,183.2,77.4,145.5,184.9,224.5,249.2,551.5,1080.5
HAWVOS_clean,190.0,81.1,147.9,185.9,225.4,223.5,576.4,1091.9
HAWVUY_clean,183.6,78.1,145.0,182.9,225.1,223.0,560.0,1077.5
HAWWAF_clean,187.4,79.0,146.3,190.7,222.8,224.2,574.7,1086.1
HAWWEK_clean,151.0,52.4,76.6,99.6,169.8,178.9,234.9,677.8
HAWWIN_clean,210.6,77.0,125.5,168.8,252.4,252.4,471.0,1327.3
HAWWOT_clean,207.9,74.7,121.5,161.4,241.0,246.2,446.1,1256.4
HAWWUZ_clean,208.3,77.1,127.9,164.0,242.6,244.5,454.7,1269.7
HAWZEM_clean,252.8,139.4,251.7,295.1,306.2,372.2,1144.1,1796.9
HAXMUP_clean,205.1,63.3,73.9,84.2,149.7,196.7,245.7,252.4
HAXNOJ_clean,132.0,39.9,54.5,70.3,128.3,141.9,154.8,401.2
HAYLIE_clean,294.6,103.8,161.9,215.6,341.3,346.9,493.6,1292.6
HAZSIL_clean,253.9,91.8,150.7,198.5,302.4,303.8,524.0,1497.2
HAZWIP_clean,163.6,58.3,90.5,120.0,197.3,199.1,314.1,959.8
HEBJAB_clean,248.4,80.9,104.1,127.8,239.5,290.6,297.5,398.0
HEBKEG_clean,178.2,63.7,102.8,137.9,207.5,212.0,300.0,581.0
HEBNIN_clean,168.3,57.5,79.5,103.1,183.9,197.2,220.4,532.7
HEBNOT_clean,165.3,58.7,78.5,100.5,179.0,194.1,213.0,510.0
HEDBEZ_clean,180.7,63.7,95.8,126.7,207.1,215.1,284.3,725.0
HEDBID_clean,179.3,62.7,96.4,128.6,209.0,215.2,286.6,710.8
HEDBOJ_clean,156.0,52.0,76.7,96.6,170.3,182.3,211.4,532.1
HEDBUP_clean,154.4,52.3,74.5,98.4,170.2,184.2,209.4,532.9
HEDCAW_clean,288.3,105.4,170.7,230.2,336.6,334.7,603.2,1588.7
HEDCIE_clean,244.5,89.4,128.5,172.4,272.8,283.4,369.2,896.9
HEFDED_clean,1427.0,467.2,671.0,856.1,1267.3,1348.1,1637.9,4096.3
HEFDON_clean,234.2,85.7,139.2,182.4,275.5,279.8,466.0,1105.7
HEFFEF_clean,231.2,81.8,131.1,171.8,266.9,271.1,374.2,893.3
HEFVAR_clean,257.0,81.6,101.4,121.0,219.1,267.9,296.8,299.7
HEGCEB_clean,183.7,59.4,75.9,94.3,177.9,211.5,225.8,380.9
HEGJUZ_clean,339.0,140.0,242.4,324.0,398.7,384.2,934.8,1911.4
HEGNAJ_clean,727.2,286.8,475.9,623.6,850.4,825.4,1568.0,2964.6
HEGNEN_clean,711.2,264.9,467.6,600.6,779.1,753.5,1652.0,3244.8
HEGNIR_clean,763.5,294.0,491.5,659.1,835.0,824.6,1636.4,3011.1
HEGNOX_clean,751.3,294.7,543.3,682.3,814.9,821.2,1805.3,3368.4
HEGNUD_clean,730.9,294.2,496.7,632.0,839.8,810.5,1704.6,3474.5
HEGPAL_clean,720.8,284.4,499.2,644.8,816.2,788.7,1728.7,3187.8
HEKTAU_clean,205.7,78.2,134.1,178.0,248.9,248.8,472.6,1030.3
HELDEJ_SL,357.9,141.1,231.3,312.8,415.7,423.8,599.4,1016.2
HELDOT_clean,349.1,131.2,217.4,291.8,415.8,406.2,874.8,2543.5
HEMTEZ_clean,321.9,126.9,217.4,268.0,357.4,359.7,884.4,2367.6
HETZOW_clean,180.8,62.0,94.6,122.5,200.6,203.6,257.8,594.8
HEWFUL_ion_b,267.6,84.8,120.1,127.6,237.9,292.6,323.7,329.2
HEXVEM_clean,111.5,34.5,39.0,43.0,69.5,87.6,106.2,122.7
HEZPIL01_clean,124.1,45.9,76.4,100.2,147.2,149.5,287.0,724.3
HGCNCO_clean,103.8,33.3,44.7,57.1,105.1,118.7,127.5,261.1
HIBGEF_clean,205.0,68.6,102.7,137.1,225.0,239.4,264.4,511.4
HIBGIJ_clean,200.1,65.7,87.8,113.3,205.0,231.3,246.3,388.5
HICGEG_clean,512.5,183.1,278.0,357.9,492.5,468.1,1054.7,2580.7
HICVOG_clean,241.8,137.5,254.5,294.0,300.8,463.5,1609.0,2595.4
HICVUM_clean,289.8,135.2,250.1,319.7,346.2,375.2,1312.8,2547.9
HICZAW_clean,219.9,83.9,142.0,188.7,238.8,238.4,419.9,725.5
HICZEA_clean,206.5,84.4,147.6,195.0,238.2,240.2,468.6,832.8
HICZIE_clean,241.6,83.1,145.6,188.1,239.5,243.4,418.1,747.9
HIDCUU_clean,201.9,81.4,141.3,183.0,234.5,233.1,388.3,678.0
HIDDAB_clean,238.5,87.7,158.9,196.9,237.8,236.6,504.2,1058.0
HIFGEK_clean,291.6,100.9,139.7,175.3,294.0,300.0,334.1,788.0
HIFGIO_SL,176.2,60.2,89.6,120.6,201.8,213.9,250.5,674.4
HIFTOG01_clean,100.4,32.3,42.6,49.6,94.6,112.6,125.1,224.2
HIFTOG02_clean,207.3,75.6,122.7,165.3,239.5,238.3,415.9,967.4
HIFTOG_clean,201.3,75.0,123.2,164.0,235.8,235.6,422.6,997.4
HIFTUM_clean,375.4,122.2,164.9,201.2,373.4,429.8,448.4,787.2
HIFVOI_clean,203.5,70.8,111.4,143.8,222.0,232.8,328.7,826.7
HIFWAV_clean,417.8,171.2,293.4,381.2,483.6,479.3,1112.3,2481.1
HIGRIA_clean,130.2,44.6,61.0,77.8,140.4,153.9,170.2,446.2
HIHFOV_clean,243.5,97.2,181.3,231.8,297.7,295.3,549.5,950.7
HIHFUB_clean,372.1,144.5,247.9,320.4,420.3,413.6,1102.1,2776.3
HIHGAI_clean,304.9,110.7,187.2,239.6,335.6,341.7,661.3,1653.3
HIHGEM_manual,185.6,72.6,116.1,156.0,231.0,226.4,441.0,1164.9
HIHGIQ_clean,326.5,129.5,228.3,292.3,367.2,364.8,936.1,2272.3
HIHGUC_clean,248.0,85.9,132.1,174.9,279.5,287.1,410.5,1177.6
HIJSOK_clean,287.2,104.5,165.8,213.3,313.8,328.0,486.9,1181.2
HILJUJ_clean,374.1,122.9,168.1,201.3,363.2,433.7,449.7,675.8
HIMSAY_clean,165.8,76.7,145.0,178.6,201.3,210.0,575.2,1061.1
HIQKID_clean,240.2,82.0,145.7,187.4,240.0,242.0,562.8,1185.5
HIQNAY_clean,293.3,116.3,205.7,267.1,347.9,356.6,737.0,1501.2
HIQWOV_clean,435.4,171.8,274.1,360.1,451.6,441.1,1080.4,2795.9
HISGAT_clean,491.2,202.3,365.0,469.8,563.2,563.0,1381.4,2713.0
HISGIB_clean,228.6,84.1,136.1,180.3,270.0,272.9,405.3,827.4
HISJIE_clean,411.6,135.2,186.1,242.8,414.7,447.4,476.1,954.8
HISSIN_clean,408.6,184.5,346.7,424.4,474.1,507.3,2002.0,4752.1
HIWKEE_clean,199.2,65.9,89.5,115.2,208.7,231.2,242.5,470.1
HIWKII_clean,160.9,50.6,61.8,75.5,141.2,170.1,193.6,264.7
HIWLIK_clean,138.8,54.7,97.6,128.5,168.1,167.1,380.6,791.4
HIWLOQ_clean,176.4,69.8,121.5,160.7,219.6,217.0,468.8,1010.3
HIWLUW_clean,206.5,89.7,167.6,212.0,245.1,251.3,854.1,1801.5
HIWMAD_clean,211.3,88.2,155.9,202.1,253.0,249.5,741.4,1866.9
HIYBUN_clean,305.1,104.7,154.4,204.6,356.2,353.6,463.5,1326.7
HIYGIH_clean,237.7,79.9,108.3,133.5,222.6,238.2,269.7,682.8
HIYYEU_clean,343.4,106.9,128.8,151.7,275.4,340.8,401.6,435.0
HIZQEN01_clean,156.9,57.3,93.6,124.1,185.3,190.0,275.2,593.9
HIZQEN_clean,173.9,62.0,103.7,135.9,206.0,209.5,310.3,659.0
HIZQUD_clean,275.7,107.9,189.8,251.6,316.4,314.6,784.1,1661.8
HIZSEQ_clean,181.7,60.6,90.2,121.5,199.7,204.7,287.9,866.0
HIZTUG_clean,339.2,122.6,197.4,242.6,292.0,320.1,586.2,1196.2
HOBGAH_clean,309.1,107.7,155.5,209.7,340.7,358.1,411.4,802.0
HOBGEL_clean,216.9,85.1,151.2,199.5,255.1,254.7,502.7,920.2
HOBGIP_clean,341.6,148.2,281.3,350.3,432.3,419.8,992.9,1730.3
HOBGOV_clean,348.6,151.1,278.1,358.5,440.4,443.0,1030.2,1870.6
HOCDOU_clean,124.9,40.8,56.2,71.4,131.7,147.1,155.6,289.6
HOFJIX_clean,540.1,186.5,288.3,369.2,559.5,562.0,964.1,2602.5
HOFSOL_clean,142.6,46.8,67.1,86.4,152.2,166.0,188.2,492.1
HOFSUS_clean,187.9,70.7,117.0,153.5,227.0,224.9,389.9,859.1
HOGJET_clean,244.2,83.3,122.5,155.2,242.9,252.5,383.5,1100.3
HOGJIX_clean,181.2,65.2,100.7,133.3,209.2,214.5,346.5,1014.1
HOGJOD_clean,499.1,217.2,385.1,488.0,563.3,566.1,1952.1,3807.6
HOGJUK_clean,206.6,66.1,85.7,107.3,197.5,225.0,240.6,427.2
HOGLEV01_clean,184.0,68.2,117.4,149.6,212.6,216.7,389.1,1015.9
HOGLEV_clean,344.3,119.8,170.3,206.4,301.6,310.9,487.3,1245.6
HOGSIG_clean,276.9,100.5,160.4,213.4,336.9,335.9,480.0,1122.6
HOGTOM_clean,192.6,63.5,85.7,108.7,199.4,225.6,240.5,431.6
HOHMEX_manual,289.4,100.3,157.1,209.6,331.7,334.6,561.6,1770.9
HOJJUN_clean,293.5,122.8,218.8,268.0,295.6,299.0,851.7,1789.6
HOJLID_clean,265.5,96.7,141.2,184.8,275.2,281.8,449.6,1242.6
HOJLUP_clean,409.3,149.5,254.9,327.2,422.4,434.8,1075.4,2536.5
HOKGUJ_clean,142.1,46.2,64.9,81.5,143.6,157.0,174.2,399.3
HOKLIE_clean,643.3,309.3,522.5,659.7,703.2,797.8,2942.3,5731.3
HOLQIK_clean,711.2,320.9,568.7,668.0,735.5,798.8,3487.9,9125.7
HOMRIL_clean,240.8,81.1,111.7,142.2,255.9,282.0,305.2,748.4
HOMXIR_manual,189.8,60.4,74.8,90.6,155.7,179.7,189.4,411.1
HOMZEP_clean,196.7,85.5,158.7,197.6,230.4,230.7,763.7,1662.0
HONXAL_clean,611.5,393.8,473.8,476.1,878.9,1276.7,2797.7,3978.8
HOQMIL01_clean,269.9,106.9,188.0,242.7,324.1,320.8,614.2,1177.4
HOQMIL02_clean,271.4,106.9,185.5,241.3,325.0,318.8,632.0,1197.0
HOQMIL03_clean,269.4,106.9,185.7,244.1,327.3,322.9,626.8,1204.5
HOQMIL04_clean,299.4,121.4,215.9,280.7,357.6,360.9,746.2,1459.6
HOQMIL_clean,273.0,107.7,187.9,247.2,325.4,325.5,630.5,1237.0
HOQMUX_clean,272.2,105.2,178.6,237.8,317.7,323.5,531.6,962.9
HOQNEI_clean,270.3,106.5,188.3,246.9,324.8,323.3,602.4,1126.1
HOQNOS_clean,280.0,103.1,182.7,237.2,302.7,304.1,668.6,1279.1
HOVGEG_clean,401.2,149.1,259.2,341.9,437.4,428.9,786.5,1331.7
HOVGIK_clean,340.8,142.3,265.9,324.8,391.9,402.1,1075.9,2160.0
HOVQAM_clean,264.1,93.2,154.9,203.2,278.8,284.9,649.5,1791.6
HOWJEK_clean,138.1,49.8,76.6,102.1,163.2,166.3,227.0,522.9
HOWPEQ_clean,197.4,66.8,100.3,133.4,218.3,228.2,293.3,801.6
HOWPOZ_clean,293.4,116.1,202.6,258.4,348.3,344.0,844.2,2197.2
HOWPUF_clean,229.7,91.0,153.0,203.4,272.6,286.4,646.4,1741.7
HOWQAM_clean,305.5,130.0,238.3,298.7,345.8,354.0,1304.4,3347.4
HOWQEQ_clean,262.7,110.1,204.0,259.7,312.2,311.9,729.0,1332.1
HOWSAP_clean,346.9,123.6,210.2,274.5,381.7,389.9,795.5,1962.7
HOWSET_clean,566.7,282.5,503.7,591.0,617.0,802.3,3395.3,7385.5
HOWSIX_clean,568.0,283.6,505.6,579.1,620.1,776.2,3365.5,6729.0
HOXGEH_clean,350.1,109.6,138.8,168.1,314.6,366.4,402.4,490.2
HOXKIP_clean,197.3,79.2,136.7,179.1,237.4,231.7,479.1,962.4
HOXKUB_clean,197.7,82.7,152.7,195.0,236.0,237.0,603.3,1201.9
HOXSUK_clean,364.7,134.8,234.5,314.9,411.3,398.4,905.0,2004.1
HOYREU_clean,113.2,37.6,60.1,76.9,126.1,130.7,166.9,410.2
HOYRIY_clean,111.7,39.8,61.2,81.2,132.8,135.9,186.9,448.8
HOYROE_clean,172.1,59.9,97.5,129.4,195.0,197.1,305.0,671.2
HOYTUL_clean,284.9,96.3,139.0,182.8,313.9,332.6,359.5,806.7
HOZBUV_clean,214.2,69.5,90.2,109.9,207.9,251.1,263.9,437.9
HOZFEJ_clean,236.8,75.4,90.4,110.6,204.4,252.9,276.4,389.1
HOZFIN_clean,221.7,69.3,100.7,126.8,223.2,242.3,272.4,742.0
HOZTOG_clean,535.4,204.9,326.8,434.7,597.8,576.6,1316.6,3777.1
HOZXEB_clean,285.2,113.3,206.9,260.5,328.8,325.4,733.8,1553.2
HUBQEC_clean,475.3,158.8,195.1,245.3,451.1,509.3,537.8,1177.2
HUCBEN_manual,178.2,69.3,122.5,160.2,216.2,214.6,430.0,910.8
HUCSEF_clean,453.0,180.7,322.2,390.6,432.7,473.8,1786.0,4100.4
HUCWOT_clean,245.5,91.7,150.6,202.1,292.8,301.1,535.1,1271.2
HUCWUZ_clean,262.2,92.0,153.9,202.7,295.8,292.2,538.2,1313.7
HUCXAG_clean,252.3,94.9,158.3,207.4,296.3,305.7,558.6,1335.1
HUCXEK_clean,250.3,93.6,154.6,206.7,301.4,296.2,542.5,1311.2
HUCXIO_clean,248.5,92.7,154.0,207.4,296.7,297.5,540.5,1295.8
HUCXOU_clean,248.0,93.1,155.9,207.1,292.9,296.1,548.7,1336.9
HUCXUA_clean,248.5,97.1,157.1,206.9,292.5,296.2,559.7,1335.5
HUDMAW_clean,288.7,103.7,161.9,204.1,330.5,342.6,373.1,703.5
HUDWUA_clean,252.6,100.3,185.1,244.1,302.0,297.6,788.9,1700.1
HUFHEX_clean,210.5,70.8,86.7,107.9,192.1,224.8,232.9,493.9
HUFHIB_clean,268.7,92.2,132.3,166.7,287.6,293.5,359.8,1031.3
HUFHOH_clean,208.3,66.5,86.2,106.0,190.8,213.8,234.6,470.0
HUFHUN_clean,199.0,65.8,82.2,100.9,183.0,211.4,217.9,478.2
HUFJAV_clean,210.4,66.2,84.0,103.7,186.6,218.3,227.7,458.7
HUFJEZ_clean,268.7,90.5,137.3,169.5,285.3,301.6,352.2,1000.2
HUFKUQ_clean,302.2,109.3,152.2,194.9,306.9,317.6,456.6,1301.3
HUFLUR_clean,101.2,32.1,41.8,53.4,97.9,114.1,124.6,220.7
HUFMUS_clean,102.7,32.8,41.0,50.3,95.5,116.3,128.9,155.9
HUFYIS_clean,272.0,102.0,150.3,193.5,311.8,321.1,435.4,967.0
HUGTOT_clean,1174.6,390.5,548.6,675.8,1004.6,995.3,1481.7,3986.5
HUHBET_clean,971.6,299.7,419.5,526.4,853.8,888.2,1019.6,2681.8
HUHBUJ_clean,1335.6,475.8,800.4,1001.6,1335.8,1281.5,3130.9,7542.6
HUHNIJ_clean,860.2,353.2,589.3,768.6,977.8,955.6,2382.5,5787.7
HUJGEA_clean,155.1,54.3,83.0,108.9,160.6,163.6,263.6,676.6
HUJVOX_clean,159.9,58.0,88.5,119.3,188.9,191.3,281.1,736.3
HULCOI_clean,655.8,203.0,261.0,283.8,397.3,445.6,475.8,1247.3
HULRIR_clean,361.5,137.5,254.2,312.8,402.5,407.9,1158.4,3202.9
HULTEN_clean,170.9,98.0,177.1,199.7,207.2,301.4,938.9,1462.3
HULTEP_clean,410.9,162.3,288.8,374.2,472.5,462.4,1507.3,4069.6
HUMWIX_clean,532.0,204.0,347.7,441.1,563.3,560.0,1428.3,3591.0
HUNCIE_clean,260.7,81.6,107.7,131.6,209.9,222.2,271.3,814.4
HUPQIU_clean,1360.5,463.7,543.1,669.8,980.3,1030.9,1233.5,3345.2
HUQGOR_clean,283.6,103.3,155.5,206.1,318.8,318.6,530.2,1459.1
HUQGUX_clean,279.6,98.4,153.1,198.9,310.4,323.7,487.7,1349.4
HUQHAE_clean,292.0,103.8,163.1,213.8,326.6,338.8,547.5,1502.0
HUQHEI_clean,268.5,96.8,151.3,196.9,299.3,307.9,484.9,1388.3
HUQHIM_clean,390.0,133.3,194.7,259.5,384.4,386.2,636.5,1816.4
HUQHOS_clean,286.0,99.3,153.9,203.2,319.1,318.9,507.0,1386.0
HUQHUY_clean,911.3,297.5,441.3,497.9,678.7,746.7,1088.6,3001.2
HURFEH_clean,274.5,118.5,210.9,276.6,311.3,313.4,914.7,2033.0
HURFIL_clean,391.9,173.8,308.1,360.3,398.7,410.3,1473.7,2830.1
HURFOR_clean,333.5,133.0,234.7,292.5,340.8,353.1,1113.5,2524.2
HURFUX_clean,297.2,129.4,237.6,297.7,340.3,346.1,1018.7,2337.4
HURGAE_clean,375.1,175.1,318.7,387.1,391.3,458.3,1575.1,3003.0
HURGEH_clean,201.5,69.1,104.6,135.3,224.7,233.5,304.0,830.4
HURGUX01_clean,307.3,124.7,218.8,292.0,373.8,395.8,672.3,1164.4
HURGUX_clean,306.3,129.5,225.0,283.4,370.0,367.5,692.3,1165.8
HUVHOX_clean,176.3,81.4,154.4,191.5,217.7,222.8,696.1,1299.9
HUVNAP_clean,1359.7,433.4,639.0,770.4,959.4,974.3,1935.9,5475.4
HUWDEJ_clean,234.2,86.2,142.3,190.0,275.4,275.1,376.1,617.8
HUWHOY_clean,186.4,67.0,108.5,144.4,213.0,215.2,358.9,863.8
HUWLUI_clean,200.1,72.6,113.6,150.9,236.5,243.2,394.2,1086.2
HUWPIA_clean,316.3,122.7,201.5,268.5,307.0,309.1,705.7,1330.6
HUWSUN_clean,297.3,114.5,192.4,255.0,335.0,330.2,797.7,1993.5
HUXHUF_clean,300.7,103.5,164.7,220.1,305.8,300.2,633.6,1838.2
HUXWAY_clean,195.2,65.4,71.8,84.4,153.2,194.9,231.7,256.6
HUYFAJ_clean,689.7,195.1,261.3,327.2,444.5,440.5,826.1,2201.7
HUYJOA_clean,205.7,71.8,101.9,128.3,202.1,213.1,258.6,614.8
HUYJUG_clean,449.4,165.1,261.4,341.7,491.4,493.6,787.8,2026.1
HUYKAN_clean,454.6,164.9,256.5,345.6,503.4,509.8,818.1,1954.7
HUYKER_clean,752.9,241.7,254.0,281.7,387.3,493.2,505.1,570.3
HUYKIV_clean,168.9,51.1,58.6,64.6,98.8,122.5,145.3,151.4
HUYKOB_clean,567.3,170.8,194.4,228.0,348.1,382.9,393.4,456.6
HUYKUH_clean,497.5,182.2,262.8,350.9,558.5,555.6,806.6,2172.0
HUZFEO_clean,334.1,154.1,295.1,354.3,401.9,436.6,1383.2,2639.0
HUZSOL_clean,383.3,146.9,259.6,313.0,424.6,426.2,855.9,2131.4
HUZSUR_clean,206.3,68.9,101.9,132.7,227.5,233.6,262.8,611.0
HUZXAD_clean,544.3,182.2,311.3,373.7,518.6,484.7,1020.3,2752.8
HUZXEH_clean,584.6,208.0,305.2,398.2,524.3,538.5,1115.1,3193.6
HUZXIL_clean,581.0,219.2,331.4,435.9,552.8,559.2,1271.4,3494.8
HUZXOR_clean,644.3,239.1,356.2,450.2,609.7,595.2,1262.5,3490.3
HUZXUX_clean,762.4,259.5,414.2,515.0,676.0,693.0,1527.2,4052.4
HUZYAE_clean,661.1,273.0,428.9,521.4,636.7,639.2,1681.0,4280.4
HUZYEI_clean,748.7,253.8,389.1,483.1,654.5,639.2,1425.6,4102.3
HUZYIM_clean,938.2,351.0,546.4,688.8,811.9,792.3,2480.5,5988.5
IBABOF01_clean,288.9,113.2,198.2,262.1,318.4,319.4,883.1,1917.0
IBABOF_clean,260.2,107.3,195.6,250.0,321.2,308.5,847.0,1889.6
IBABUL_clean,268.3,108.2,195.2,249.4,300.2,307.2,869.6,1970.7
IBACAS_clean,289.1,114.1,212.0,274.1,325.2,323.1,948.7,2031.9
IBAPOS_clean,170.3,50.5,73.3,93.6,156.6,165.9,217.6,648.4
IBAQAF_clean,172.9,51.0,75.2,97.8,163.4,170.0,227.6,695.6
IBAQEJ_clean,175.0,50.4,74.2,96.2,163.1,168.8,224.6,796.6
IBARUA_clean,303.8,107.3,164.4,216.8,348.1,357.5,422.1,906.1
IBASAH_clean,306.7,106.8,162.5,212.7,350.5,357.9,412.8,896.3
IBASEL_clean,299.2,104.9,158.0,208.9,342.4,352.2,415.5,947.6
IBASOV_clean,300.8,106.8,160.0,207.9,339.8,358.3,420.4,938.2
IBASUB_clean,318.5,111.3,159.7,207.9,342.7,367.0,415.9,919.3
IBATEM_clean,304.3,104.8,160.8,212.3,342.1,362.3,417.5,914.0
IBEYOE_clean,182.9,63.1,94.7,121.7,206.9,220.1,274.8,737.9
IBICAZ_clean,224.3,71.2,88.9,107.2,202.0,241.5,266.1,391.4
IBICED_clean,224.7,71.6,89.8,107.8,202.5,244.0,269.7,402.6
IBICIH_clean,227.5,75.4,89.7,107.6,205.2,245.4,276.4,396.5
IBICON_clean,225.4,71.8,89.9,108.2,207.1,249.6,275.2,401.3
IBIRES_clean,394.6,150.1,249.6,319.9,431.0,437.9,888.5,2051.9
IBITUK_clean,372.5,131.6,204.6,268.6,438.0,441.6,602.3,1394.8
IBIYOI_ion_b,505.9,208.5,355.4,454.8,579.5,588.8,1101.3,2196.1
IBIYUO_clean,675.3,255.3,389.2,478.5,612.3,617.5,1210.3,2174.8
IBOTEY_clean,1055.2,432.6,730.5,913.2,1056.0,1062.0,3940.9,10796.4
IBOTIC_clean,317.9,122.9,216.6,280.9,359.5,358.5,930.6,2446.5
IBOTOI_clean,180.1,58.2,82.5,106.9,195.0,205.2,232.3,658.2
IBOZIK_clean,203.0,68.9,103.0,133.6,230.5,236.1,284.5,723.2
IBUBAL_clean,282.3,95.3,135.6,168.6,272.7,285.5,339.1,856.3
IBUBIT_clean,182.9,61.5,83.4,106.4,190.3,205.5,226.6,575.9
IBUDOZ_clean,175.4,64.2,102.5,137.1,207.3,212.3,268.6,485.2
IBURAZ_clean,202.8,113.7,208.2,233.6,245.8,357.1,1105.7,1811.6
IBUYAH_clean,463.6,157.1,210.5,261.7,479.9,528.6,546.0,862.8
ICAGOK_clean,246.2,86.9,132.0,172.4,279.4,289.8,414.3,1167.9
ICAQIO_clean,483.8,183.3,305.5,405.4,525.4,511.2,1485.7,4403.9
ICAQOU_clean,469.8,186.2,308.4,394.9,527.7,522.2,1431.6,4545.4
ICAREL_clean,544.4,181.9,230.2,276.3,437.1,468.2,613.1,1795.4
ICAROV_clean,464.6,187.1,303.2,415.0,527.8,514.2,1438.5,4512.8
ICAWUF_clean,546.5,195.8,330.7,431.2,597.4,590.6,1207.7,3123.6
ICEGED_clean,159.5,57.2,85.1,111.8,187.0,194.8,262.8,754.2
ICIKAH_clean,2251.1,713.4,964.3,1107.5,1678.8,1630.5,2475.3,6641.8
ICISAP_clean,151.2,53.5,83.4,110.4,178.3,183.3,260.4,699.2
ICITIY_clean,265.7,105.6,193.0,239.4,295.8,294.2,908.0,2413.0
ICIVAS_clean,233.8,86.1,135.7,185.3,272.1,280.9,399.8,918.1
ICIVEW_clean,165.2,54.0,93.1,119.4,166.4,167.3,354.4,986.6
ICODIP01_clean,496.0,168.3,208.2,271.5,421.6,427.8,498.6,1428.4
ICODIP_clean,517.0,160.6,221.2,262.5,435.6,433.9,510.6,1380.5
ICORAV_ion_b,190.4,62.1,85.9,105.4,194.3,224.9,232.6,409.7
ICOWON_clean,190.6,64.0,93.6,124.3,212.9,227.5,251.8,566.1
IDEYOF_clean,140.9,43.3,58.8,70.6,133.4,154.5,159.2,375.0
IDIWIB_clean,162.9,57.3,93.1,123.0,188.1,189.7,326.9,824.2
IDIWUN_clean,276.9,105.1,159.1,208.1,320.0,322.4,551.6,1591.9
IDIXAU_clean,232.3,83.1,133.3,179.8,265.4,266.1,495.5,1395.2
IDORAW_clean,189.0,62.1,86.1,107.1,179.0,191.6,226.1,615.9
IDUDIW_clean,237.6,96.4,175.9,228.7,292.2,287.8,780.8,1839.5
IDUTUW_clean,126.7,43.2,57.1,70.3,131.9,149.4,160.1,247.1
IDUYOX_clean,212.8,74.9,124.0,163.7,240.8,244.7,460.8,1295.8
IFAGON_clean,476.7,183.0,330.4,412.1,535.8,539.2,1411.0,3653.8
IFAHEC_clean,209.9,177.7,245.7,250.5,440.4,728.8,2108.4,3555.7
IFASOZ_clean,359.8,124.9,181.3,237.2,394.7,426.6,527.5,1541.2
IFEHUY_clean,153.2,48.0,68.0,88.4,160.2,171.3,191.1,505.4
IFENOY01_SL,314.1,97.9,119.0,135.1,243.1,311.2,370.8,397.4
IFENOY02_SL,553.4,179.6,244.7,300.5,549.4,620.1,643.5,1321.3
IFENOY03_SL,542.0,180.9,240.0,306.8,568.0,597.9,646.2,1434.6
IFENOY_clean,318.0,99.7,117.1,149.5,247.1,309.6,374.4,399.1
IFEPUG01_clean,817.0,323.4,536.6,708.0,871.3,885.5,2519.0,5253.1
IFEPUG02_clean,705.0,263.4,462.3,600.7,764.7,755.7,1823.4,4001.8
IFEPUG03_clean,717.7,249.6,449.4,580.5,772.0,735.5,1758.9,4144.2
IFEPUG04_clean,709.9,262.3,450.0,577.9,790.2,764.5,1781.9,4179.0
IFEPUG05_clean,731.9,244.7,428.8,584.4,772.9,761.0,1593.8,3664.6
IFEPUG06_clean,704.3,261.0,466.2,586.1,795.3,792.9,1847.3,4156.6
IFEPUG07_clean,761.9,275.0,483.3,625.8,782.7,792.9,2072.1,4301.4
IFEPUG08_clean,702.8,271.2,472.2,600.8,834.6,759.9,2051.4,4818.5
IFEPUG09_clean,867.6,312.9,552.9,716.9,925.2,891.7,2394.3,5606.3
IFEPUG10_clean,845.4,318.1,597.8,773.6,901.9,870.2,2972.3,6691.5
IFEPUG_SL,531.1,187.3,307.5,423.1,638.4,618.4,1097.7,2815.0
IFEQER_clean,699.2,247.2,434.0,562.2,773.2,784.5,1777.1,4011.9
IFEQIV_SL,336.7,108.1,143.7,177.1,335.7,376.0,395.2,710.9
IFEYIB_clean,110.3,37.3,51.9,67.3,120.1,130.3,143.5,349.4
IFOSIG_clean,236.0,79.7,110.7,142.3,258.8,280.6,306.3,767.7
IFUNUU_clean,216.3,91.0,165.8,217.7,258.9,260.6,660.1,1372.0
IFUPAC_clean,244.8,96.0,176.0,226.9,281.7,280.5,725.7,1492.5
IGAGAA_clean,233.6,93.5,150.5,194.1,236.7,239.5,561.4,1140.2
IGAGUU_clean,366.8,130.8,197.6,247.8,379.0,380.3,628.5,1831.9
IGAHAB_clean,398.7,172.0,320.4,400.3,439.8,454.9,1377.4,3036.4
IGETUL_clean,221.1,79.2,137.8,175.8,244.3,243.3,426.7,898.8
IGEXOH_clean,106.4,38.0,64.0,84.5,126.1,129.1,244.2,638.8
IGINIX01_clean,160.2,61.1,102.5,134.2,192.9,196.1,348.5,770.0
IGINIX_clean,163.0,60.9,102.1,138.0,195.9,198.1,354.0,768.0
IGITOJ_clean,411.2,143.1,201.7,262.2,431.4,460.1,546.8,1539.0
IGIZAA_clean,222.6,68.5,80.2,91.8,160.0,204.1,255.8,264.4
IGIZEF_clean,280.3,119.3,216.5,279.2,340.5,337.1,785.3,1312.0
IGOJEV_clean,272.6,97.9,145.6,188.1,277.2,274.6,435.0,1016.6
IGORUS_clean,177.8,54.6,84.2,111.7,173.2,174.2,316.4,1003.5
IGUCEU_clean,689.4,251.0,404.6,510.4,761.8,750.3,1158.6,2532.6
IGUCIY_clean,424.0,154.8,243.8,324.1,488.6,489.6,642.9,1333.6
IGUVIR01_clean,211.8,80.7,132.9,177.7,254.8,253.2,368.6,671.1
IGUVIR_clean,212.8,79.9,138.5,177.1,249.2,253.4,345.0,598.2
IHAJEH_clean,178.5,58.6,86.8,109.4,190.8,204.7,238.4,628.2
IHAJIL_clean,103.9,38.3,63.0,84.5,123.8,125.9,195.0,405.3
IHILUI_clean,245.1,82.4,113.7,144.0,275.1,297.9,305.8,519.0
IHIMAP01_clean,223.7,72.0,99.2,125.0,231.8,255.5,265.0,494.5
IHIMAP_clean,242.1,80.5,115.9,140.1,257.5,285.2,303.0,507.3
IHUTIQ_clean,454.6,149.5,215.5,260.0,474.9,504.5,534.0,1042.0
IJAPIU_clean,290.3,108.9,173.7,222.7,296.5,290.1,613.3,1633.5
IJAPOA_clean,297.9,105.1,172.1,216.6,294.3,309.8,582.4,1455.5
IJASOC_clean,207.1,74.3,120.4,156.3,242.9,245.7,382.4,946.4
IJENIV_clean,413.4,141.1,210.5,279.5,433.2,434.0,512.6,1061.6
IJENOB_clean,473.1,394.2,508.8,505.0,518.0,550.5,1111.2,1819.5
IJEVEA_clean,247.0,102.8,167.9,215.3,261.5,261.5,557.5,1084.3
IJEVIE_clean,217.9,89.4,161.4,207.7,263.2,266.1,680.1,1481.2
IJEXIF01_clean,140.9,50.7,81.4,107.5,152.0,154.9,291.3,737.8
IJEXIF_clean,141.2,51.0,80.7,104.9,154.9,157.7,287.4,719.5
IJEXUS_clean,390.8,113.0,139.1,149.6,248.7,284.3,332.1,486.0
IJIGOX_clean,161.3,83.0,157.4,184.4,198.9,229.0,754.5,1333.5
IJUTEM_clean,243.2,223.0,287.7,287.4,667.7,1148.9,3203.4,5110.6
IKAYAU_clean,431.9,141.1,182.9,224.4,414.9,494.7,498.0,705.8
IKEBUV01_clean,138.1,51.0,84.5,114.7,166.6,169.1,288.0,781.4
IKEBUV_clean,144.2,54.8,87.4,113.1,176.5,176.5,301.8,804.4
IKETAU_clean,161.6,59.6,89.4,118.9,192.2,196.4,275.2,643.5
IKETEY_clean,160.1,66.2,91.7,122.9,191.7,197.1,278.9,650.9
IKETIB_clean,484.5,213.9,395.3,479.4,531.9,562.2,2403.2,6515.2
IKETIC_clean,161.1,57.3,91.9,122.1,192.9,195.6,281.3,651.3
IKETOH_manual,156.9,52.9,80.8,107.7,171.8,180.3,223.5,562.4
IKETOI_clean,160.4,58.9,92.3,121.9,192.7,195.7,284.4,650.9
IKETUN_clean,480.1,224.3,402.3,498.9,517.8,575.9,2368.1,6586.5
IKETUO_clean,159.8,61.1,94.4,126.4,191.7,197.9,285.4,656.3
IKEVAW_clean,161.2,58.6,93.8,124.6,192.2,196.5,291.8,654.0
IKOPEF_clean,212.5,81.8,137.4,184.2,256.3,255.0,487.1,1176.0
IKOPIJ_clean,407.1,174.4,320.7,410.4,513.2,492.8,1561.1,4080.7
IKOSOQ_clean,406.3,169.4,282.0,371.9,439.0,438.7,1081.5,2218.2
IKOTEH_clean,439.0,180.4,340.1,412.5,446.9,496.7,1815.1,4602.5
IKOTUZ_clean,324.0,124.1,199.3,256.3,336.8,345.5,755.7,2402.5
IKOVAH_clean,325.0,122.4,199.5,252.9,334.7,346.3,758.8,1861.3
IKOVEL_clean,332.3,123.9,205.6,270.7,346.3,352.9,763.2,1854.6
IKUBUL01_clean,199.2,101.6,188.5,229.9,240.6,279.8,1058.1,1881.7
IKUBUL_clean,161.3,78.3,150.6,184.1,200.9,219.2,811.5,1541.5
IKUTIT_clean,169.9,61.8,98.9,131.1,203.6,212.2,326.7,836.5
IKUTOZ_clean,209.0,73.9,113.1,152.5,245.4,254.3,341.5,897.2
ILEHUD_clean,322.6,158.9,296.5,348.9,372.5,430.8,1459.9,2556.2
ILENOC_clean,226.5,145.4,250.3,262.6,332.2,573.5,1631.1,2484.4
ILIFOY_clean,240.2,94.6,165.0,218.0,295.9,304.5,525.5,941.2
ILIFUE_clean,256.9,97.1,174.0,221.6,292.1,287.2,535.1,952.2
ILIGAL_clean,239.1,96.8,173.3,228.2,289.1,287.3,556.6,973.2
ILIGEP_clean,243.6,98.4,178.7,233.4,288.3,291.2,588.9,978.2
ILIMOH_clean,540.2,193.4,284.1,373.5,607.2,626.0,776.9,2110.8
ILIMUN_clean,223.8,78.2,118.9,156.0,259.4,269.3,305.8,623.9
ILINIC_clean,86.5,28.8,33.9,39.8,75.4,92.9,107.7,137.0
ILITON_clean,265.9,83.3,117.9,148.8,233.4,250.6,346.7,1095.7
ILITUT_manual,451.9,146.1,195.8,231.4,360.0,374.3,438.8,1295.0
ILOJOJ_clean,240.1,82.9,121.0,158.4,271.8,278.2,300.5,573.3
ILOWAI_clean,366.1,148.8,268.0,343.5,414.0,419.1,1152.3,2512.3
IMACND_clean,99.5,31.9,40.7,49.7,94.7,112.5,128.8,176.9
IMAGAG_clean,172.4,59.0,86.2,111.8,194.5,206.6,248.3,639.3
IMAXOL_clean,338.6,121.3,203.0,263.1,323.3,323.0,965.6,2342.8
IMAXUR_clean,265.1,97.2,165.4,218.8,290.5,288.7,653.0,1737.9
IMEDOV_clean,1059.6,419.6,561.5,678.4,992.7,1113.3,1303.8,3384.3
IMISIH_clean,326.0,127.1,226.5,281.2,382.0,362.5,806.9,1652.8
IMULEH_clean,437.4,172.9,260.2,344.6,496.3,469.0,1026.1,2893.5
IMUTUG_ion_b,274.1,120.8,223.6,269.0,305.7,314.9,1147.2,2962.2
IMUVES_clean,596.9,494.8,608.4,610.4,1790.2,3478.9,13441.8,29075.4
INAMUG_clean,364.5,118.5,157.9,198.1,363.6,412.1,421.6,517.6
INARUM_clean,235.3,92.7,152.2,200.9,294.0,281.4,524.3,1115.8
INASAT_clean,348.5,156.9,291.5,352.5,385.9,439.5,1605.7,2993.5
INECIP_clean,429.9,168.2,284.0,371.7,457.4,458.4,1130.4,2364.4
INEPEY_clean,251.4,97.1,171.3,223.5,280.4,278.9,497.4,1026.1
INEXEG_clean,351.0,151.9,299.6,350.7,388.5,418.9,1393.5,2832.0
INIDAL_clean,156.3,159.1,192.5,196.2,529.7,789.7,1630.0,2239.7
INIGET_clean,400.7,152.0,265.1,351.2,487.8,475.2,868.6,1739.0
INIQUR_clean,282.1,86.4,105.7,128.1,241.5,297.2,321.5,376.9
INIRAA_clean,406.9,153.9,269.5,346.2,490.4,479.2,869.9,1739.1
INIRAY01_clean,367.4,118.8,161.5,194.1,368.0,422.8,431.6,703.3
INIRAY_clean,271.6,85.8,104.5,126.0,237.4,290.1,321.7,382.0
INIRII_clean,499.4,168.2,237.3,297.6,506.7,555.8,602.7,1433.0
INIROO_clean,359.5,115.8,161.9,207.5,356.4,386.5,434.2,1041.5
INOMIJ_clean,189.0,73.6,120.5,160.4,224.2,231.9,521.2,1440.2
INOMOP01_clean,157.2,54.1,85.9,114.8,181.6,183.8,276.2,669.0
INOMOP_clean,152.4,56.4,89.3,116.6,182.0,189.5,276.6,647.7
INOVEN_clean,156.2,57.4,88.9,118.1,183.5,186.9,287.0,729.5
IPEBEM_clean,620.9,448.4,646.3,673.3,966.6,1636.3,4332.5,6856.7
IPICOA_clean,96.9,37.3,63.0,84.4,119.2,120.0,210.1,432.0
IPIDUH_clean,243.5,86.6,136.1,181.5,274.7,273.0,386.7,872.4
IPIFAP_clean,236.8,75.4,103.2,129.3,238.9,267.6,283.3,578.3
IPIHIA_clean,384.5,135.2,218.6,287.2,439.3,437.5,721.7,1783.0
IPIJEY_clean,226.3,81.2,126.2,161.0,244.2,248.1,340.3,732.4
IPIJUM_clean,180.2,59.9,85.2,110.1,197.4,216.8,232.8,578.5
IPIVOT_clean,314.5,140.2,262.1,325.1,358.2,362.4,854.5,1432.8
IQABEJ_clean,225.8,73.7,103.2,135.1,240.5,261.1,276.3,528.2
IQECIS_clean,448.4,173.2,298.5,373.6,483.2,482.2,1242.7,3707.6
IQEKOG_clean,278.5,113.3,191.2,248.2,304.6,295.2,930.2,2315.2
IQEKUM_clean,217.0,87.1,154.0,199.1,249.9,247.7,680.2,1443.2
IQEWOQ_clean,199.4,70.2,90.7,115.6,211.9,234.9,246.5,420.5
IQILIF_clean,369.1,134.0,215.4,263.0,344.9,347.6,745.8,1829.6
IQOHUT_clean,269.8,98.0,157.3,208.1,321.4,321.1,554.0,1452.1
IQOJAB_clean,322.0,135.4,245.4,308.6,358.3,366.6,1063.0,2159.1
IQOJEF_clean,427.7,171.5,294.5,385.7,479.5,476.1,1152.7,2460.0
IQOKEG_clean,251.5,91.8,151.4,204.5,296.7,307.0,569.9,1509.1
IQOKIK_clean,409.5,171.3,296.5,387.5,476.7,474.7,1417.9,3525.8
IQUCOO_clean,226.5,92.8,149.6,196.8,273.0,277.6,539.2,1189.1
IRAHUF_clean,160.3,160.4,192.6,194.5,512.4,760.7,1532.8,2110.4
IRAJER_clean,229.0,210.5,270.4,277.0,558.7,852.1,1855.0,2609.3
IRAYOQ_clean,251.0,103.4,179.3,235.8,299.9,302.0,821.9,2007.5
IREGOD_clean,343.9,131.6,215.2,286.2,360.1,354.6,950.5,2263.7
IRELAU_clean,192.4,83.7,159.4,196.1,239.1,233.4,631.5,1331.5
IROVAO_clean,140.4,47.2,71.5,94.0,159.6,166.8,201.6,500.4
IROVES_clean,228.9,94.0,128.1,168.9,274.3,285.9,362.9,857.6
ISUCUV_clean,242.7,96.7,173.3,229.1,293.2,301.1,689.5,1497.1
ITAPAU_clean,126.6,41.1,53.9,68.4,128.6,147.7,161.9,337.7
ITAPIC_clean,120.7,38.9,49.1,60.3,114.1,138.2,151.1,259.2
ITIBOD_clean,242.7,97.3,172.9,225.8,286.4,285.2,584.4,1076.1
ITIPAE_clean,197.9,71.6,116.3,156.5,230.7,234.8,324.6,621.4
ITIPOS_clean,202.0,65.6,89.4,113.3,206.9,234.4,244.3,540.5
ITIWAK_clean,262.6,100.8,177.4,234.1,290.2,374.0,657.3,1359.9
ITIWEO_clean,254.6,110.4,188.7,235.1,282.8,288.0,746.1,1499.4
ITOSEQ_clean,260.1,122.6,234.7,286.5,317.8,348.1,1380.9,3041.0
IVEHEW_manual,162.0,55.6,79.0,102.7,184.0,190.9,221.7,601.2
IVEKEA_clean,1995.8,609.8,838.4,1006.8,1112.2,1222.1,3439.6,9775.5
IVEQAC_clean,189.0,70.1,112.8,152.2,231.6,228.8,342.8,716.2
IVETOT_clean,139.5,44.6,54.6,68.1,118.8,142.2,152.5,252.5
IVILEG_clean,174.3,56.4,70.6,85.5,150.1,168.0,177.1,337.0
IVIPEK_clean,314.9,147.7,280.8,334.7,371.3,395.1,1325.9,2426.1
IVOCON_clean,124.6,52.6,97.3,125.0,152.3,157.9,517.9,1190.7
IVOGUX_clean,181.6,80.4,149.2,187.6,223.0,223.9,640.9,1367.1
IVUVIG_clean,175.5,64.5,108.4,145.4,205.6,208.7,369.9,823.0
IWAXUZ_clean,329.4,105.7,124.3,149.5,222.7,253.8,267.3,434.4
IWAYAG_clean,125.7,40.5,49.5,60.4,111.6,136.0,152.0,212.7
IWAYEK_clean,111.9,35.4,42.2,51.8,93.2,116.6,137.1,178.1
IWAYIO_clean,333.8,108.4,125.0,142.4,229.8,256.9,270.4,501.0
IWAYOU_clean,336.0,110.3,118.0,135.2,212.5,242.6,279.8,364.4
IWAYUA_clean,338.9,105.0,122.4,133.5,210.7,248.4,276.1,387.3
IWAZEL_clean,343.7,110.6,125.6,149.5,246.0,264.6,277.2,515.9
IWAZIP_clean,112.6,35.7,43.6,51.7,96.4,121.3,136.3,191.0
IWELIG01_clean,220.7,121.3,226.9,265.1,272.0,321.0,819.9,1119.1
IWELIG_clean,230.5,122.5,229.9,264.1,277.9,330.4,844.0,1156.1
IWEVAJ_clean,328.4,118.3,186.7,248.8,323.9,331.6,765.2,2233.4
IWEVUD_clean,292.3,98.9,140.8,183.4,273.5,268.7,410.9,1031.6
IWEWAK_clean,306.0,107.3,159.5,197.1,276.0,274.4,480.5,1118.5
IWEWEO_clean,289.4,94.9,129.9,164.7,252.5,253.9,363.2,889.1
IWEWIS_clean,307.4,112.7,167.7,214.0,286.3,281.2,577.8,1170.8
IWEWOY_clean,407.5,145.6,227.1,295.4,411.8,403.7,751.7,1851.6
IWIPIO_clean,94.9,29.8,35.9,43.5,84.1,102.1,115.3,168.5
IWOKUC_clean,533.4,202.7,304.9,409.3,537.5,562.2,1078.8,2481.8
IWOSAP_clean,237.2,79.7,109.0,138.3,265.2,280.8,300.0,483.9
IXAKAU_clean,245.3,93.1,153.4,201.5,287.3,287.3,598.9,1673.4
IXAZEO_clean,163.2,54.2,69.1,87.4,160.0,188.6,197.5,341.0
IXEBEU_clean,467.9,186.5,323.0,418.8,537.0,510.4,1274.3,3035.2
IXECET_clean,136.8,86.1,153.8,165.7,186.9,335.7,1132.6,1923.8
IXEJIG_clean,233.1,76.4,102.5,125.6,207.8,230.0,254.8,624.9
IXEJOL_clean,335.8,123.8,202.7,265.4,347.9,353.6,652.9,1537.6
IXEJOM_clean,180.8,66.4,101.1,129.7,199.9,208.5,339.6,1021.1
IXIKOR01_clean,804.0,495.6,831.3,848.9,978.6,1681.7,4513.1,6801.9
IXIPAG_clean,192.3,65.4,90.4,117.4,203.0,215.6,241.6,611.1
IXIPEK_clean,190.9,64.1,92.3,120.7,208.6,217.5,248.7,620.7
IXIPIO_clean,191.3,63.4,89.4,113.9,201.2,219.7,244.1,607.3
IXISAJ_clean,332.3,162.1,304.1,357.7,379.7,425.5,1390.5,2335.2
IXISOX_clean,325.4,162.6,308.9,366.4,408.6,437.6,1398.5,2321.1
IXISOZ02_clean,318.2,139.4,263.9,328.1,387.5,389.1,1238.6,2575.5
IXISUD_clean,354.9,136.8,223.8,304.5,391.3,387.0,755.5,1552.6
IXODUV_clean,167.0,59.4,99.0,132.0,194.8,197.6,364.4,984.8
IXOFAD_clean,159.3,59.1,95.6,127.9,192.0,193.7,354.6,996.7
IXOFEH_clean,159.5,58.4,96.6,126.6,195.7,194.9,341.3,918.4
IXOFIL_clean,164.5,59.2,98.3,129.3,195.2,202.1,348.2,961.0
IXOFOR_clean,156.9,61.7,95.9,127.1,193.0,189.9,355.2,920.4
IXOFUX01_clean,164.5,60.7,98.3,131.5,201.6,203.9,366.8,994.0
IXOFUX_clean,171.8,60.4,98.3,131.4,204.4,202.2,360.6,986.0
IXUQOJ_clean,495.4,197.7,352.2,436.3,572.3,541.8,1324.0,2620.6
IXUQUO_clean,329.8,132.2,218.0,279.2,353.8,338.2,611.1,1169.2
IXURID_clean,189.9,75.0,132.3,171.2,231.7,229.7,496.0,1082.8
IXUWII_clean,231.5,84.4,136.0,180.9,269.8,269.7,450.0,1052.8
IYAJID_clean,233.0,83.2,131.0,171.8,248.3,253.2,418.6,944.2
IYAJOJ_clean,233.2,80.9,130.1,168.5,243.3,246.1,409.8,922.0
IYAJUP_clean,365.2,168.5,290.4,359.1,422.9,418.1,1388.4,3149.7
IYAKAW_clean,226.9,80.0,126.8,169.6,238.4,242.4,405.1,914.4
IYAKIE_clean,242.0,84.7,127.3,164.8,240.7,248.7,393.1,1088.4
IYASOS_clean,207.5,83.8,146.0,194.6,260.1,248.9,591.7,1243.2
IYAYUE_clean,142.0,54.1,87.4,115.7,170.9,175.3,302.9,725.3
IYEHAX_clean,191.8,67.6,105.7,139.2,217.6,216.4,340.9,941.6
IYEPUZ_clean,181.4,62.3,89.8,117.6,196.4,211.6,248.5,682.5
IYESUC_clean,246.6,82.3,110.2,139.0,215.7,225.3,274.2,702.3
IYEXOZ_clean,360.3,128.1,210.8,285.7,412.8,414.9,764.0,2081.9
IYICUP_clean,257.8,98.3,164.8,216.2,311.4,294.9,614.4,1500.6
IYIHUU_manual,290.5,93.7,123.1,154.3,242.9,251.6,323.3,890.1
IYITOB_clean,267.8,82.5,106.0,122.8,212.8,233.5,251.9,562.2
IYOBAA_clean,388.5,137.8,196.0,257.2,430.4,444.5,566.2,1405.8
IYOCIK_clean,256.2,81.4,99.1,119.8,207.8,226.4,241.6,466.3
IYOCOQ_clean,253.0,80.9,101.6,121.9,204.1,229.7,240.5,492.7
IYOCUW_clean,265.2,81.9,103.3,122.1,213.3,233.9,250.9,549.8
IYODAD_clean,251.6,81.9,99.1,120.2,206.9,234.2,237.2,478.3
IYOQAQ_clean,191.2,83.7,162.5,207.3,249.4,238.5,755.1,1480.2
IYOSUM_clean,256.2,101.5,169.9,223.5,284.8,286.8,754.5,1947.1
IYOTAT_clean,249.3,97.8,169.1,224.6,279.1,284.7,761.3,1942.3
IYOVIC_clean,159.2,70.7,131.3,166.0,194.3,196.4,546.7,1026.5
IYOWID_manual,481.0,186.8,310.4,401.6,525.0,524.4,1435.5,4515.6
IYUCEM_clean,228.3,74.6,99.0,122.6,226.8,258.1,276.2,529.2
IYUCIQ_clean,198.6,65.5,86.1,105.1,186.4,207.1,222.6,513.9
IYUHOA_clean,359.4,162.1,302.0,366.3,413.3,427.1,1682.2,3631.3
IYUHOB_clean,240.7,99.2,182.9,231.2,265.1,322.0,957.9,2236.0
IYUHUG_ion_b,395.5,132.6,202.6,248.2,381.2,374.0,563.3,1638.1
IYUJAO_clean,221.3,81.4,131.1,178.0,253.9,254.8,370.5,752.8
IYUQEZ_clean,310.7,99.7,116.7,134.7,206.7,240.3,249.0,435.6
IYUQID_clean,260.1,78.1,92.2,103.6,166.4,194.6,211.8,319.2
IZEBAR_clean,162.1,61.3,93.5,124.9,189.9,193.8,313.8,801.7
IZEBEV_clean,247.6,80.9,107.6,140.6,252.4,288.3,299.9,380.1
IZENEI_clean,390.8,189.7,345.9,412.6,444.3,524.1,2408.9,5689.7
IZENIM_clean,383.1,188.1,357.5,400.7,426.0,548.4,2459.1,5757.5
IZENUY_clean,327.3,138.5,244.8,312.6,381.0,375.8,1313.9,3745.9
IZEPAF_clean,189.3,58.9,67.2,75.8,122.4,145.5,165.7,206.6
IZEPEJ_clean,250.7,85.0,121.9,156.9,257.9,279.4,327.3,904.1
IZEQUB_clean,281.0,130.3,250.9,303.9,338.1,355.3,1339.7,3077.4
IZERAI_clean,287.2,121.0,221.3,281.3,338.7,333.8,919.4,2475.7
IZEWAN_clean,169.2,61.5,107.1,137.2,195.3,194.9,342.9,830.1
IZIGUV_clean,438.8,175.5,297.2,382.0,487.4,482.2,1407.7,3822.5
IZIHAC_clean,339.1,121.6,176.7,225.5,330.9,341.8,532.9,1419.7
IZIHEG_clean,334.2,119.9,177.6,229.6,327.7,334.0,542.7,1434.6
IZIHIK_clean,520.9,157.1,237.0,300.9,400.6,395.7,804.3,2014.7
IZIHOQ_clean,335.3,118.1,180.0,227.4,339.1,339.3,536.8,1333.8
IZISEQ_clean,516.8,227.4,396.4,503.9,585.5,572.3,1620.7,3397.3
IZOWAW_clean,178.1,57.6,79.2,101.2,181.2,205.5,221.1,567.9
IZOWEA_clean,194.3,65.4,87.2,112.9,205.3,224.6,240.5,658.1
IZUMUM_clean,228.2,74.6,101.8,128.1,238.0,262.9,276.6,506.5
IZUSEC_clean,399.8,145.6,246.0,329.0,428.1,424.9,1010.8,2458.4
IZUVUV_clean,342.1,114.3,167.4,200.3,323.4,332.3,409.3,1184.7
JABMEF_clean,148.1,60.5,104.8,136.4,184.7,180.3,416.9,884.0
JADBEY_clean,346.9,134.8,238.0,307.9,391.0,381.6,996.0,2157.9
JADBIC_clean,182.0,65.6,103.5,137.3,216.2,221.7,331.0,809.4
JADJOQ_clean,140.4,49.8,83.2,107.8,162.5,166.1,293.6,830.8
JADMAF_clean,759.1,293.8,430.2,562.4,796.0,766.7,1193.0,2372.0
JADMIN_clean,929.8,419.6,778.9,878.2,925.1,1040.0,3030.1,5146.2
JAFPIQ_clean,157.4,50.3,62.8,76.5,144.6,173.1,192.5,300.1
JAJZAY_clean,201.0,70.0,112.2,144.5,208.9,211.1,385.4,1110.2
JAKBIJ_clean,96.6,32.8,42.5,53.0,98.3,115.8,120.6,249.7
JAKBOP01_clean,126.6,41.2,53.9,67.9,127.8,147.8,159.2,305.8
JAKBOP_clean,94.6,31.3,41.7,52.5,100.6,112.4,124.8,251.0
JAKBUV_clean,116.4,38.0,48.2,60.4,114.5,135.6,145.3,258.0
JALCAD_clean,350.2,156.8,303.6,354.9,388.1,427.6,1878.5,4869.8
JALLEQ_clean,786.3,237.4,296.8,331.4,497.4,564.1,574.1,1323.1
JALLIU_clean,451.1,171.0,290.6,387.1,492.9,493.3,1421.9,4362.8
JALLOA_clean,231.4,71.5,83.3,94.6,153.5,178.6,199.1,267.7
JALTUL_clean,223.4,70.8,86.6,104.6,194.4,237.9,269.0,381.4
JASNAT_clean,181.3,70.8,124.7,166.5,220.7,218.7,406.7,793.0
JAVNIE_clean,126.7,45.2,66.4,87.2,145.0,151.9,189.3,502.9
JAVSUV_clean,225.1,198.5,258.4,263.6,650.0,1066.2,2446.9,3503.8
JAVTEG_clean,188.0,116.3,202.9,213.1,253.2,467.0,1387.9,2248.2
JAVWUY_clean,167.3,59.7,91.4,119.3,195.2,210.2,264.1,610.6
JEBCOJ_clean,302.7,107.9,164.2,212.0,352.2,358.3,428.0,927.9
JEDJUY_clean,149.5,53.4,87.3,115.6,177.3,177.9,274.4,652.1
JEDKEJ_clean,392.0,133.1,179.6,227.5,557.2,429.3,478.9,1276.5
JEJWOL_clean,172.9,58.7,82.5,106.4,191.4,200.6,234.6,658.1
JELPAS_clean,227.3,91.5,165.0,213.9,276.1,277.7,682.9,1495.2
JENKET_SL,338.0,109.8,143.5,184.2,289.8,306.7,340.9,887.7
JENKIX_SL,824.3,278.5,352.7,423.2,608.6,661.8,756.6,1683.2
JETZAK_clean,271.5,104.3,181.9,242.5,324.1,322.2,772.1,1936.8
JILWIL_clean,133.5,95.9,156.4,165.3,234.0,416.8,1333.3,2095.9
JILWOR_clean,244.1,175.6,274.3,282.8,415.2,760.4,2539.5,4652.5
JILXOS_clean,302.3,120.9,202.9,268.8,347.6,354.2,587.3,1098.6
JISVAJ_clean,192.1,67.1,100.1,131.7,217.5,228.6,319.6,929.0
JITPOS_SL,520.5,200.1,335.6,430.0,576.9,568.1,1207.6,2853.7
JITQEI_clean,347.1,128.3,198.8,265.7,389.9,400.4,654.2,1632.6
JIVFUQ_clean,171.1,62.7,102.2,137.2,208.9,210.4,358.1,860.5
JIVHIG_clean,432.8,154.8,244.5,316.2,474.1,493.4,680.5,1498.9
JIVQOU_clean,240.3,200.5,278.8,280.9,487.7,755.0,1448.6,1901.8
JIVSAJ01_clean,483.4,521.9,577.4,657.2,1353.2,1592.5,2112.8,2363.1
JIVSEN01_clean,385.9,370.3,432.1,434.0,638.6,821.7,1201.7,1393.8
JIVSEN_clean,220.4,72.5,96.2,126.9,228.8,254.0,256.4,361.2
JIVSIR01_clean,395.8,411.3,442.4,447.9,791.5,959.1,1288.1,1613.1
JIXWUJ01_clean,211.2,70.9,94.7,121.2,219.4,244.2,259.7,449.4
JIXWUJ02_clean,216.1,67.2,91.7,116.9,211.6,236.7,249.1,416.1
JIXWUJ_clean,212.7,68.9,94.7,118.9,216.3,242.4,253.9,429.4
JIYXUL_clean,160.3,53.2,56.7,64.0,110.5,145.8,189.4,202.2
JIZJAF_clean,182.0,60.8,75.9,95.6,171.6,202.7,214.5,389.4
JIZJEJ_clean,177.2,57.5,76.1,91.7,167.6,192.4,207.2,374.4
JIZJOT_clean,237.5,77.5,98.8,122.7,221.4,260.5,273.1,473.5
JIZJUZ_clean,223.6,75.8,92.4,115.2,209.1,239.9,260.5,450.1
JIZWEW_clean,165.9,63.6,108.5,147.5,203.4,203.6,394.9,869.5
JIZWIA_clean,165.4,64.8,115.0,152.6,203.9,202.4,420.7,882.2
JIZWOG_clean,200.8,82.7,148.7,196.0,244.0,246.4,616.5,1326.1
JOBFEM_clean,502.9,199.6,343.2,452.4,545.7,560.0,1403.1,3313.1
JOBFIQ_clean,583.9,249.5,462.5,594.8,676.6,672.4,2227.1,4855.0
JOCWIJ_clean,301.4,102.0,148.5,194.0,315.8,333.6,427.9,1246.9
JOFGOC_clean,293.9,101.4,142.7,185.5,323.3,348.4,356.0,538.7
JOFKIA01_clean,339.5,113.3,176.4,238.1,372.9,390.6,551.2,1356.5
JOFKIA_clean,249.0,85.1,124.3,162.5,277.3,291.9,335.3,789.0
JOGHEU_clean,225.9,77.5,104.5,137.5,237.3,251.1,285.0,751.2
JOGHIY_clean,214.8,72.4,107.6,139.9,239.6,257.2,308.5,776.7
JOGSAA_clean,110.0,35.9,45.4,58.0,106.9,125.2,135.5,266.9
JOHFIW_manual,118.1,42.2,68.2,89.6,142.0,142.1,220.9,516.3
JOHQUT_clean,286.7,87.0,151.9,196.2,287.4,285.0,453.1,1008.3
JOJKUQ_clean,261.2,80.8,93.3,105.7,169.9,197.2,213.5,352.9
JOKXAI10_clean,185.4,59.4,76.2,94.6,176.4,208.6,228.2,341.6
JOKXAI_clean,184.1,59.3,76.1,94.2,175.4,207.5,227.3,337.0
JOKXEM10_clean,276.4,90.6,124.2,160.2,290.7,318.0,343.4,715.6
JOKXEM_clean,286.0,89.6,125.5,157.5,292.4,318.4,343.2,704.4
JOKXOW10_clean,183.5,58.5,75.8,92.3,173.9,205.3,221.4,319.5
JOKXOW_clean,181.7,59.1,75.7,92.7,172.9,210.8,222.8,326.1
JOKXUC10_clean,252.7,84.2,120.0,150.7,273.9,299.9,321.6,701.8
JOKXUC_clean,257.1,86.5,113.9,146.4,265.9,295.4,311.0,647.7
JOKYAJ_clean,147.0,48.7,60.9,75.4,142.1,166.7,181.1,263.8
JOKYEN_clean,165.0,48.7,62.7,77.9,146.4,171.1,184.8,260.6
JOKYIR10_clean,147.8,47.8,60.8,77.1,140.8,167.3,181.9,252.6
JOKYIR_clean,147.1,47.5,62.8,76.8,141.7,167.3,181.1,255.2
JOKYOX10_clean,147.5,47.8,61.5,74.7,142.7,167.9,181.2,243.8
JOKYOX_clean,151.5,48.1,62.4,76.0,143.7,166.7,182.6,258.6
JOLYEQ_clean,529.3,178.1,242.3,300.6,537.6,547.9,601.7,1485.1
JOQSIT_clean,248.3,80.1,115.6,152.8,258.8,277.6,310.8,738.1
JOQSOZ_clean,226.8,79.5,111.8,146.9,250.6,266.9,308.9,740.7
JOQZUM_clean,211.0,68.7,91.5,114.2,217.5,243.3,260.7,519.7
JORBAV_clean,204.5,66.8,91.6,110.9,207.7,235.8,250.9,512.3
JORLEJ_clean,523.1,200.3,335.8,430.0,589.1,584.0,1340.8,3687.1
JORRAL_clean,272.6,96.2,141.5,183.9,273.9,286.8,384.3,836.3
JORSEQ_clean,291.0,131.8,247.1,309.4,351.4,360.6,922.6,1569.5
JORVET_clean,341.4,122.5,195.0,247.6,365.4,356.5,623.4,1570.6
JOSNAG01_clean,249.9,85.4,125.3,159.2,280.9,294.2,329.2,696.2
JOSNAG_clean,236.4,81.0,116.2,149.2,267.2,278.7,303.7,647.4
JOVXEZ_clean,260.5,94.4,149.7,200.5,305.2,310.5,457.1,1112.6
JOWFOQ_clean,183.9,57.8,75.8,94.4,175.7,206.0,221.7,440.3
JOXPIX_clean,314.4,104.0,147.9,188.5,335.6,372.1,386.6,747.1
JOYKUF_clean,125.2,41.7,58.8,76.5,138.2,152.8,165.4,439.4
JOZWOM_clean,427.1,159.0,272.3,353.0,450.4,453.6,1277.2,3827.8
JOZWUS_clean,420.1,160.7,281.1,358.0,453.3,459.9,1288.7,3871.9
JUCGUL_clean,179.9,64.2,106.8,140.5,211.2,212.5,330.8,761.8
JUCXEK_clean,136.3,42.1,52.6,63.5,122.7,144.9,157.3,245.7
JUFREJ_clean,246.5,79.9,103.3,135.2,235.1,278.2,302.5,380.9
JUGQIN_clean,174.0,60.7,94.4,123.1,202.0,210.0,289.4,791.1
JUGQOT_clean,167.9,57.9,90.7,119.3,194.1,199.4,283.8,772.9
JUJMOS_clean,858.3,356.2,581.4,709.5,792.0,815.3,2411.4,5949.8
JUJTAL_clean,223.3,85.9,146.4,193.3,265.3,275.3,468.0,954.0
JUKPAI_clean,651.7,212.8,327.4,406.7,663.8,654.2,1020.1,2997.2
JUMCOL_clean,106.4,36.7,57.9,72.3,124.2,129.9,168.8,468.9
JUMCUR_clean,156.8,61.7,99.7,128.1,194.0,196.1,351.8,914.9
JUMDAY_clean,155.8,58.9,100.3,131.3,189.2,190.6,360.6,892.1
JUMDEC_clean,155.2,57.4,98.1,127.5,188.9,189.3,355.7,945.2
JUNBOL_clean,272.7,97.9,154.2,205.9,316.2,323.3,439.3,944.2
JUNBUR_clean,190.6,73.8,125.6,168.3,233.6,232.9,541.3,1477.9
JUQVAU_clean,226.6,88.2,136.7,179.9,260.4,262.2,469.0,1139.4
JURKIS_clean,386.8,125.6,176.8,226.2,394.7,422.2,445.2,1085.8
JUSBAC_clean,410.2,177.6,327.3,410.7,478.0,489.5,1201.6,2116.2
JUSGUB_clean,567.3,297.6,531.4,588.4,600.1,854.1,2596.7,4679.7
JUSKAL_clean,461.6,159.2,233.7,313.8,509.9,534.9,598.8,1281.8
JUTCIM_clean,288.5,110.8,164.3,209.0,285.0,289.6,598.6,1457.4
JUTCOS_clean,536.6,171.1,269.2,360.5,433.0,479.2,984.0,2314.1
JUTCUW_SL,70.9,22.2,27.5,33.8,63.3,79.9,89.3,136.4
JUVROJ_clean,205.5,80.1,135.1,179.5,251.5,252.0,479.4,1082.0
JUXFAL_clean,195.0,68.9,111.0,143.5,227.3,231.5,322.3,732.2
JUXFOZ_clean,252.2,99.3,168.4,227.3,300.6,306.5,725.2,1947.3
JUYBEM_clean,189.3,69.1,123.3,160.1,211.2,211.6,379.7,756.8
JUYJIY_clean,145.5,46.0,63.1,83.1,142.8,148.9,165.4,395.2
JUYROM_clean,248.2,103.4,176.5,232.5,299.9,298.4,803.1,1910.2
KABNIL_clean,158.2,59.7,99.0,135.0,193.9,195.7,336.4,727.7
KABXAO_clean,178.9,57.8,76.5,95.2,174.4,206.0,221.3,389.5
KABXES_clean,203.0,78.0,135.2,178.9,241.9,243.4,520.0,1223.3
KABXIW_clean,206.9,78.3,134.5,177.9,243.1,244.2,511.7,1233.0
KABXOC_clean,210.3,80.8,139.8,183.9,248.7,248.5,540.0,1269.0
KACGAZ_clean,286.1,94.8,138.3,177.0,250.3,264.1,378.6,945.6
KACKIL_clean,138.1,45.7,78.6,100.8,143.0,141.0,258.4,780.8
KACZEV_clean,555.3,210.7,320.6,402.6,504.6,518.5,1134.5,2968.0
KACZIZ_clean,627.1,215.4,333.7,415.6,543.0,527.5,1229.7,3138.1
KADLOT_clean,268.8,88.1,114.2,139.4,223.2,237.0,277.4,733.5
KADLUZ_clean,365.0,122.4,184.3,208.4,307.8,311.8,466.2,1156.7
KAGVUL_clean,172.1,64.2,110.5,145.4,203.7,202.3,447.6,1071.0
KAGWEW_clean,127.7,42.3,55.6,70.6,129.6,166.0,156.3,368.3
KAHMOW_clean,352.6,172.2,321.8,390.8,422.2,425.6,840.7,1191.9
KAHNOX_clean,75.8,22.9,25.9,29.3,49.5,65.4,91.1,95.4
KAHPUE_clean,107.9,35.9,50.9,65.4,117.8,132.1,141.2,296.1
KAHYEY_clean,150.2,49.9,69.7,89.5,162.5,181.7,191.0,324.6
KAHYID_clean,130.5,41.8,53.5,64.9,119.9,138.7,152.7,273.6
KAHYOJ_clean,138.2,45.7,56.8,68.0,125.0,147.9,161.3,287.1
KAHYUP_clean,139.4,44.7,55.6,68.5,125.1,147.5,161.6,287.0
KAHZAW_clean,156.9,48.6,60.6,73.7,135.9,158.9,172.2,326.5
KAJZIH_clean,235.2,84.6,134.4,179.9,276.4,285.2,444.8,1099.4
KAKCAD_clean,375.4,124.2,158.6,200.5,296.7,333.1,378.8,949.7
KAKCEH01_clean,230.3,78.9,131.0,165.2,261.1,266.8,392.5,1064.0
KAKCEH02_clean,243.6,85.7,132.8,185.8,280.7,287.1,415.9,1146.6
KAKCEH_clean,232.7,85.1,128.9,167.2,261.4,273.9,401.9,1101.9
KALFEK_clean,326.2,124.5,204.6,266.1,338.2,321.1,756.6,1748.2
KALFOU_clean,215.5,81.4,137.3,181.0,257.5,260.8,473.0,1071.9
KALFUA_clean,470.0,176.6,301.9,361.7,405.1,412.0,1420.8,2951.3
KALGAH_clean,208.4,79.0,132.0,170.4,249.7,250.3,451.6,1019.5
KALGEL_clean,220.7,77.6,128.3,169.4,250.3,255.4,429.1,1008.4
KANDIO_clean,211.6,78.6,134.8,176.4,247.8,244.5,468.0,1003.3
KANMIX_clean,241.0,93.3,159.3,212.3,281.8,284.6,598.2,1464.1
KARLUM_clean,381.8,141.9,236.5,311.1,431.4,438.6,981.6,2814.3
KARNAU_clean,307.7,106.5,160.7,209.6,333.3,330.7,518.5,1523.9
KARNID_clean,321.6,114.6,165.0,200.8,287.8,273.5,474.2,1257.2
KARTAA_clean,229.9,88.6,152.1,200.6,268.5,265.2,593.5,1474.9
KASRAZ_clean,257.5,100.9,176.4,236.6,307.4,304.4,794.2,2056.2
KASRED_clean,245.5,96.7,166.4,223.4,290.7,289.3,754.9,1919.7
KATDAM_clean,408.3,130.4,153.7,176.3,325.5,403.9,474.3,488.0
KAVGAQ_clean,220.6,88.8,156.2,206.3,268.9,268.3,553.5,1116.2
KAVJEX01_clean,349.2,121.8,181.9,238.7,386.7,383.8,549.7,1619.0
KAVJEX_clean,1209.8,485.2,839.6,1032.1,1200.9,1191.8,4149.2,11554.6
KAVKIC_clean,190.1,63.6,91.5,121.3,204.9,217.6,223.8,329.7
KAVNIH_clean,424.4,139.2,198.4,259.7,391.9,403.2,519.9,1160.2
KAVTEI_clean,290.0,109.2,167.4,221.9,317.7,328.2,528.9,1218.7
KAVTUY_clean,290.8,102.1,152.2,202.8,333.0,350.5,384.0,742.6
KAVXAI_clean,303.5,126.7,240.1,281.6,312.3,343.4,1422.6,3265.4
KAWBOB_clean,269.0,95.7,146.9,203.5,317.4,326.1,460.6,1264.5
KAWHEY_clean,428.8,143.3,159.7,168.4,278.0,299.6,314.6,579.5
KAXQIL_clean,385.8,231.7,417.9,465.6,478.8,643.8,1384.5,1751.4
KAYBIX_clean,179.7,76.0,135.3,175.7,216.8,217.7,505.4,960.4
KAYBUJ_clean,183.3,72.6,131.8,169.9,219.0,222.1,487.7,970.3
KAYCIY_clean,246.6,98.4,176.6,229.0,298.1,303.0,768.0,1914.0
KEBFII_clean,237.6,79.3,119.5,153.3,261.5,275.1,307.4,726.7
KECRAL10_clean,74.7,24.4,30.3,35.6,68.3,83.5,96.1,139.4
KECRAL11_clean,111.0,39.7,62.3,82.8,133.9,138.4,210.2,602.0
KECRAL12_clean,81.8,26.5,34.3,43.1,83.5,95.9,104.4,210.3
KECRAL_clean,81.8,25.4,33.2,42.3,79.6,94.5,101.6,201.5
KEDJAG01_clean,130.6,42.9,59.4,79.6,140.0,156.0,170.4,455.7
KEDJAG02_clean,131.7,43.1,60.1,78.4,139.0,156.7,170.5,454.1
KEDJAG03_clean,131.4,42.8,60.9,77.9,139.4,153.0,171.8,468.4
KEDJAG04_clean,125.3,42.0,59.4,74.6,137.3,148.7,165.0,434.7
KEDJAG06_clean,126.1,42.3,58.9,75.4,136.7,150.7,165.0,447.2
KEDJAG08_clean,124.8,42.1,58.8,75.3,137.5,150.1,165.7,440.5
KEDJAG10_clean,128.2,44.0,60.0,77.5,140.7,153.9,170.9,459.5
KEDJAG12_clean,130.1,43.5,61.4,76.7,139.5,153.0,170.6,450.0
KEDJAG14_clean,130.2,42.8,59.9,77.8,144.5,154.8,170.2,458.3
KEDJAG16_clean,128.6,42.7,62.5,77.2,140.0,153.5,170.8,457.2
KEDJAG18_clean,127.8,43.1,61.6,76.4,143.0,159.2,169.9,462.4
KEDJAG20_clean,135.4,43.1,60.0,80.7,141.5,153.3,173.3,460.4
KEDJAG22_clean,128.6,45.9,60.4,78.1,141.7,154.3,175.7,467.0
KEDJAG24_clean,127.8,42.6,60.2,78.8,140.3,152.9,172.7,463.1
KEDJAG26_clean,126.4,42.4,61.1,77.6,139.0,151.7,168.0,465.5
KEDJAG28_clean,127.0,42.7,60.0,76.8,139.6,154.5,169.8,469.2
KEDJAG_clean,126.1,42.0,59.0,75.7,138.0,149.7,165.3,439.3
KEDNOY_clean,162.2,62.4,111.2,143.0,186.9,187.2,331.2,549.5
KEDQAN_clean,303.1,111.3,188.9,261.4,369.8,338.0,651.5,1364.9
KEFBEE_clean,98.6,33.2,44.0,55.6,101.2,115.4,125.9,275.2
KEFBII_clean,121.4,41.1,59.8,79.0,129.4,134.7,170.0,469.8
KEFBOO_clean,105.8,33.9,45.9,58.0,107.2,120.2,132.4,285.4
KEFWAV_clean,243.2,91.3,153.2,206.5,294.7,302.5,538.4,1251.4
KEFWID_clean,198.3,72.0,118.2,149.8,233.6,236.9,304.1,595.2
KEGYAX_clean,210.5,68.8,91.4,112.0,208.3,242.8,263.1,327.9
KEGZOL01_clean,103.9,34.9,48.6,62.4,115.3,126.8,140.0,348.0
KEGZOL02_clean,109.4,37.1,50.4,65.9,119.7,132.5,144.9,352.4
KEGZOL03_clean,106.0,35.2,49.6,63.1,116.3,128.0,140.2,357.8
KEGZOL_clean,104.7,34.9,48.5,62.5,115.1,126.6,138.8,361.9
KEHFUA_clean,410.7,158.8,279.0,358.7,483.8,471.4,971.1,2073.1
KEHGIP_clean,259.2,116.4,216.6,278.3,309.3,315.4,1128.4,2385.0
KEJBOQ_clean_h,217.4,100.7,188.8,229.4,257.6,269.1,880.6,1600.2
KEJHIQ_clean_h,225.1,98.4,186.1,227.1,261.5,266.2,815.8,1515.3
KELJAN_clean,959.4,390.6,699.2,865.7,898.0,1009.1,4429.7,11681.2
KENJEU_clean,598.7,205.1,344.7,457.1,644.1,630.7,1153.3,2868.8
KEPPIF_clean,145.3,49.6,70.4,92.4,160.2,169.3,196.7,529.0
KEQDER_clean,208.1,77.3,118.9,159.8,244.5,243.2,407.5,1168.4
KESBOA_clean,402.9,157.3,243.0,308.5,414.6,425.3,890.2,2421.5
KESBUG_clean,398.6,147.0,232.6,310.3,420.0,402.1,856.2,2252.4
KESGAS_clean,216.6,76.8,118.4,155.6,246.8,258.6,325.8,671.8
KESHAT_clean,277.5,96.8,141.9,186.7,313.7,333.9,391.4,968.0
KETHEY01_clean,258.8,108.9,202.3,256.0,304.6,365.2,723.9,1228.0
KETHEY02_clean,213.5,92.4,169.0,219.8,257.3,261.9,623.2,1075.3
KETHEY_clean,239.6,101.4,187.8,235.8,282.9,284.3,665.4,1123.4
KEVBIY_clean,1041.9,640.7,915.3,876.3,1644.7,3015.9,9518.0,15752.3
KEVBOE_clean,1180.6,615.6,892.7,902.1,1547.0,2829.5,9604.6,16244.1
KEVVIS_clean,302.9,107.4,167.5,213.3,342.5,352.7,438.4,980.8
KEVWUF_clean,117.5,37.4,47.2,59.5,108.9,129.5,142.3,249.1
KEWBUL_clean,472.4,184.4,338.3,444.9,582.3,554.3,1357.0,2869.7
KEWJIG_clean,461.1,171.7,305.6,370.5,425.4,428.0,1365.4,3116.8
KEWNUX_clean,265.2,85.9,111.6,138.2,251.7,269.4,298.3,725.6
KEWZET_clean,226.4,80.6,134.0,176.0,261.5,265.3,426.3,1025.2
KEXFAU_clean,231.1,81.9,126.4,167.6,268.9,278.4,384.1,920.8
KEXFIC10_clean,200.4,69.8,92.1,115.5,214.6,234.9,246.1,486.7
KEXFIC_clean,200.4,66.8,96.1,114.0,214.1,242.7,247.0,480.5
KEYFUR_clean,696.9,249.7,379.1,491.6,794.8,799.5,907.6,1883.9
KEYMUY_clean,139.5,50.8,84.5,112.9,165.8,166.9,270.7,595.4
KEYROX_clean,239.6,77.7,102.6,128.3,236.3,271.9,280.5,576.5
KEYYET_clean,110.2,35.1,43.9,51.9,97.1,119.4,132.5,205.6
KIBDEF_clean,261.4,100.6,183.7,279.4,308.1,303.3,781.1,1679.0
KIBDIJ_clean,246.4,100.8,185.7,236.7,299.4,299.3,788.1,1698.9
KICXAX_clean,318.9,98.6,118.3,139.2,249.9,310.7,361.4,374.6
KICXEB_clean,309.3,98.8,116.3,141.6,247.3,310.1,349.0,361.3
KIDDIM_clean,261.8,101.7,180.5,232.9,298.1,298.3,639.0,1276.5
KIDDOS_clean,347.5,163.2,312.5,378.5,412.0,442.3,1479.8,2748.9
KIDVIE_clean,137.2,46.3,63.8,82.7,149.3,162.9,175.4,392.9
KIFDIM_clean,201.7,68.6,105.1,140.8,225.0,231.1,323.8,898.8
KIFWUT_clean,268.3,89.7,123.5,157.3,283.1,308.4,317.0,340.7
KIGCEK_clean,222.0,66.4,84.1,103.3,196.3,230.8,249.5,432.7
KIJPUQ_clean,169.2,64.2,108.0,141.3,203.9,211.7,408.4,1087.9
KIJRUS_clean,245.2,90.5,156.8,200.5,278.7,278.3,581.7,1557.0
KIKDAL_clean,722.9,247.6,382.9,501.2,787.2,783.3,907.5,1806.7
KIKFIV_clean,300.6,111.6,170.9,223.8,356.3,357.8,520.8,1273.0
KINDOC_clean,209.5,75.2,124.2,161.1,245.8,248.8,401.2,999.0
KINFAQ_clean,179.7,64.7,105.2,141.2,210.6,212.7,374.7,976.9
KINFEU_clean,240.3,95.6,164.6,218.1,285.2,281.4,684.8,1587.0
KINMUR_clean,164.9,84.6,156.4,170.4,186.8,330.8,1200.9,2206.1
KINNIG_clean,127.0,49.6,80.9,110.3,153.8,150.8,347.1,943.9
KINPUU_clean,322.2,111.4,166.0,217.3,369.0,383.3,414.6,768.2
KINQAB_clean,320.1,110.9,164.9,219.9,362.9,388.7,402.0,736.8
KINRIK_clean,922.1,297.5,358.1,418.0,607.5,674.9,690.9,1617.1
KINROQ_clean,979.1,305.0,344.9,403.1,619.8,659.9,716.7,1563.9
KINSEH_clean,210.5,65.7,109.1,143.3,222.3,212.2,405.2,1117.0
KIPJIE_clean,284.4,95.4,139.3,168.7,293.0,316.3,344.2,730.8
KIPJOK_clean,282.4,94.1,134.1,169.9,300.8,320.9,340.4,765.7
KIPJUQ_clean,357.1,119.6,148.9,184.4,340.0,393.8,420.5,680.8
KIPKAX_clean,363.5,123.4,162.8,206.0,372.3,429.3,429.6,876.3
KIPKEB_clean,377.0,118.4,158.3,196.8,355.7,404.9,427.0,768.8
KIPZEQ_clean,274.6,114.7,188.8,247.6,329.8,331.8,676.9,1397.9
KIRFIA_clean,104.9,34.3,46.0,56.9,106.7,123.5,133.7,283.8
KIRTUC_clean,165.9,88.6,165.3,187.7,199.3,277.1,961.0,1604.2
KISVEO_clean,151.9,50.3,61.9,75.4,129.4,145.3,157.1,332.0
KITVEQ_clean,208.5,70.0,98.7,128.3,222.1,234.8,254.6,512.0
KIVDUQ_clean,190.3,63.0,86.9,110.9,202.8,220.9,232.4,470.9
KIVFAY_clean,189.3,62.9,88.2,110.8,199.5,219.8,232.0,464.5
KIVFEC_clean,194.1,62.9,87.5,112.0,200.4,220.2,233.1,462.1
KIYMIQ_clean,232.4,85.6,142.6,189.0,274.5,273.1,470.8,1022.4
KIYQEQ_clean,213.9,88.0,160.9,209.6,257.9,271.2,706.4,1582.9
KIYQIU_clean,250.0,108.1,191.0,247.2,299.6,296.3,886.9,1868.6
KIYQOA_clean,247.1,105.8,196.9,254.6,296.5,294.8,802.2,1523.0
KIYTOD_clean,311.9,103.6,143.4,166.4,258.5,269.7,357.4,955.1
KIYXUN_clean,328.8,108.9,135.2,170.9,290.7,315.4,333.8,784.1
KOBFIR_clean,169.6,60.7,96.4,126.3,196.0,199.7,309.0,808.4
KOBRAV01_clean,705.0,208.7,246.5,285.9,473.2,479.4,483.8,867.5
KOBRAV_clean,555.7,201.5,241.0,309.4,477.9,470.1,456.5,812.0
KOCCUC_clean,163.3,54.8,78.8,95.7,174.9,193.2,210.4,494.5
KOCWEF_clean,301.3,110.3,180.7,238.7,331.8,325.5,689.8,1772.7
KODPUP_clean,216.9,72.1,128.2,162.8,219.9,217.3,520.4,1305.7
KOFPEB01_clean,301.9,105.1,158.2,209.6,344.3,357.7,427.6,963.1
KOFPEB02_clean,317.2,105.5,159.9,210.5,345.1,355.7,427.7,980.4
KOFPEB03_clean,300.6,107.6,159.1,210.5,343.1,358.6,430.7,962.3
KOFPEB04_clean,304.4,107.4,166.6,217.3,351.5,364.0,453.1,1002.9
KOFPEB_clean,300.9,107.6,159.3,212.9,347.5,355.6,428.0,980.2
KOFVOS_clean,301.5,127.4,240.3,304.6,359.9,375.6,1170.3,2422.5
KOGSOQ_clean,372.5,140.4,246.4,319.3,406.5,394.1,1093.0,2501.6
KOGYIP_clean,175.6,57.9,78.5,98.2,182.6,205.6,218.7,317.5
KOHDIW_clean,190.8,65.5,94.5,120.3,192.6,197.1,269.5,743.7
KOHKIC_clean,722.0,266.5,343.6,435.8,619.8,606.9,895.8,2540.1
KOHKOI_clean,848.1,240.1,344.5,447.4,644.0,618.3,933.1,2295.9
KOHLIE_clean,440.8,186.5,357.3,425.7,483.9,503.4,1720.7,4324.0
KOJTOU_clean,221.8,78.2,113.4,148.3,242.8,253.9,313.3,772.6
KOJZEP_manual,205.7,77.3,119.4,158.8,244.7,246.6,417.3,1203.2
KOJZIT_clean,235.7,81.4,129.0,172.3,262.0,263.1,472.6,1348.6
KOJZOZ_clean,405.7,124.7,164.7,200.5,321.6,328.0,417.1,1127.6
KOJZUF_clean,416.7,161.2,286.7,394.6,500.3,480.9,1071.4,2345.9
KOKKOL_clean,187.2,76.0,135.4,179.8,227.7,227.9,458.3,912.7
KOMCOG_clean,308.5,118.0,177.2,234.7,336.3,334.0,617.6,1547.5
KOMDAT_clean,516.3,174.0,254.5,317.6,460.2,469.7,683.1,1923.1
KOMGUP_clean,153.1,56.2,93.8,126.1,182.6,185.0,268.3,477.4
KOMHEB_clean,392.7,184.0,344.8,395.0,445.1,473.0,1322.7,2254.2
KOMHIF_clean,383.5,201.8,371.3,421.1,438.1,535.7,1466.0,2367.7
KOMHOL_clean,388.3,195.6,365.3,417.0,444.6,542.3,1478.1,2715.5
KOMHUR_clean,378.8,201.7,368.4,427.2,443.5,552.2,1461.9,2469.0
KOMJAZ_clean,400.8,206.5,387.6,413.5,442.6,563.7,1585.1,2811.1
KOMVIT_clean,247.3,83.7,111.8,143.2,256.9,290.0,303.8,630.5
KONCIA_clean,192.7,72.0,117.7,158.1,232.8,236.5,397.9,857.1
KONSAJ_clean,558.4,198.7,273.0,355.5,588.4,623.8,768.8,2186.5
KONYOB_clean,270.2,87.4,111.5,138.1,263.8,320.7,331.0,413.1
KOQLUZ_clean,268.0,92.1,121.7,156.1,281.9,309.7,325.2,713.3
KORNAI_clean,260.5,86.2,121.3,159.0,278.3,305.1,316.2,600.2
KOSJAF_clean,166.6,57.1,82.1,106.6,187.8,195.7,241.1,670.1
KOSJEJ_clean,164.1,55.4,82.3,108.8,185.0,202.5,244.4,676.8
KOSJIN_clean,161.8,56.8,81.7,107.1,188.1,195.7,241.1,684.2
KOSJOT_clean,166.5,55.3,82.2,108.9,186.7,195.9,240.5,683.2
KOSJUZ_clean,162.1,55.7,82.0,108.7,185.2,196.5,242.4,680.7
KOSKAG_clean,163.6,56.5,82.6,108.7,188.1,196.0,245.6,685.3
KOSKEK_clean,161.4,55.4,82.4,108.6,189.1,196.5,240.6,683.3
KOSKIO01_clean,162.3,54.8,79.8,104.9,183.0,197.9,229.1,636.2
KOSKIO_clean,162.6,55.7,83.4,107.1,185.0,195.2,239.2,664.6
KOSKUA_clean,162.8,55.8,83.1,108.5,189.3,196.1,251.2,712.1
KOSLAH_clean,163.8,56.1,82.6,108.7,191.5,196.8,246.1,705.3
KOSLIP_clean,161.7,56.3,81.9,107.5,185.8,198.9,239.6,675.7
KOSLOV_clean,159.3,59.1,82.0,107.3,184.7,193.7,245.2,684.4
KOSLUB_clean,164.3,55.3,82.8,106.4,184.1,195.7,245.3,675.6
KOSMAI_clean,162.7,56.3,82.5,108.7,185.7,197.4,239.3,660.3
KOTSIX_clean,289.6,95.1,126.3,164.6,286.9,325.8,337.0,580.6
KOVGOT01_clean,320.5,107.4,165.7,209.5,342.9,353.8,526.1,1665.6
KOVGOT_clean,320.4,108.0,162.5,215.0,347.8,357.8,530.9,1724.0
KOVJAI01_clean,247.0,92.3,157.0,209.3,286.1,291.6,625.8,1615.4
KOVJAI_clean,170.1,61.1,98.0,132.9,201.1,206.1,337.0,856.0
KOXFUA_clean,332.8,111.9,159.4,207.5,328.2,352.4,420.0,944.5
KOXGAH_clean,521.0,224.8,393.2,501.1,565.7,555.4,1914.0,3952.8
KOXGIP_clean,344.9,124.7,199.6,258.3,398.2,408.9,621.4,1525.8
KOZNEU_clean,311.7,141.8,261.1,324.3,349.2,378.5,1431.9,3222.5
KOZNIY_clean,146.4,49.8,71.6,91.3,160.4,173.7,193.3,464.9
KOZQEX_clean,456.5,179.1,316.0,396.3,505.7,489.0,1473.7,4424.5
KOZQIB_clean,233.0,71.2,80.7,95.0,150.7,177.3,202.8,329.1
KOZSID_clean,379.3,117.0,126.6,135.3,206.6,259.4,384.5,388.1
KOZSOJ_clean,318.6,103.2,109.0,117.1,156.1,189.8,306.4,322.5
KUCDIW_clean,1289.5,500.9,803.9,1038.6,1223.3,1283.7,3520.2,8678.6
KUCDOD_clean,200.6,71.7,122.0,162.3,233.7,234.1,414.5,960.3
KUDLUR_clean,302.6,106.3,161.5,215.0,345.2,363.6,421.5,901.2
KUDMAY_clean,299.6,106.5,161.3,212.2,344.6,354.4,423.5,926.6
KUDWAJ_clean,406.4,147.4,244.9,313.8,434.6,435.2,926.7,2653.8
KUFBEU_clean,138.7,45.7,60.9,76.9,146.5,164.8,175.2,257.0
KUFTAI_clean,282.8,113.3,199.7,258.8,334.4,322.0,868.2,1963.7
KUFVAK_clean,151.9,56.9,85.4,113.6,178.3,181.6,290.8,834.6
KUGFAU_clean,241.8,83.6,115.2,145.0,251.9,265.8,304.1,731.4
KUGZIW_clean,220.9,76.2,114.4,149.4,256.0,266.5,341.2,932.7
KUHNEI_clean,153.9,64.9,119.4,155.0,188.8,183.8,510.3,1044.4
KUHZET_clean,740.9,461.7,755.1,765.9,922.1,1468.3,3350.3,4595.2
KUJMEJ_clean,129.5,47.9,77.9,103.6,156.4,162.6,281.6,735.8
KUJMIN_clean,175.4,70.2,107.9,148.3,210.7,213.7,417.4,1172.2
KUJNEJ_clean,379.2,147.2,244.6,314.7,436.4,434.1,986.4,2949.1
KUJNOT_clean,636.4,234.9,387.1,486.8,593.6,598.0,1428.3,3755.6
KUJNUZ_clean,658.0,250.6,405.8,510.5,610.3,603.6,1550.2,3676.2
KUJPAH_clean,840.0,251.9,298.4,347.0,513.4,568.2,590.6,1375.9
KUJTUG_clean,519.0,220.7,415.4,525.9,625.0,618.7,1488.1,2748.0
KUKMUA_clean,360.2,142.4,232.8,289.1,359.1,352.3,1100.7,2936.9
KUKPOX_clean,352.6,139.3,256.2,339.7,401.4,396.2,1124.8,2397.5
KUKPUD_clean,184.5,55.3,86.3,114.8,174.4,178.9,293.5,782.7
KUKQAK_clean,565.0,259.9,389.9,486.2,514.3,535.7,1431.4,2408.9
KUKZOH_clean,889.2,430.4,772.3,900.5,911.3,1232.7,5413.8,13436.5
KULLAG_clean,373.5,130.3,189.0,246.5,385.4,381.5,541.3,1543.5
KULLEK_clean,377.6,123.4,170.8,217.2,360.8,381.2,434.9,1250.2
KULMAG_clean,458.5,226.1,397.1,464.5,472.9,509.1,1626.5,3843.1
KULMEK_clean,213.5,72.5,101.5,132.4,218.3,230.4,274.3,799.0
KULMIO_clean,362.4,151.4,281.9,351.6,393.8,401.1,1415.6,3431.2
KULRIT_clean,217.2,87.2,140.7,184.4,260.5,261.0,546.7,1337.4
KULZEY_clean,741.0,269.8,423.9,562.3,741.9,730.3,1209.1,2200.5
KUMGIK_clean,400.5,225.3,403.4,449.1,484.6,745.7,3092.8,6622.0
KUMGOQ_clean,150.9,49.8,68.3,88.1,160.1,176.8,188.2,398.8
KUNLAH_clean,417.7,138.6,217.1,258.8,331.5,324.2,649.7,1469.7
KUNMUD_clean,257.3,99.5,168.5,216.5,287.7,284.7,594.3,1182.8
KUNSUJ_clean,1422.2,467.4,613.8,726.2,998.2,980.2,1553.7,4300.4
KUNWEW_clean,254.8,85.2,119.0,151.8,269.5,303.8,310.3,527.5
KUQWIE_clean,328.7,123.5,206.8,282.8,401.3,387.5,569.5,956.1
KUQXIE_clean,181.6,68.4,118.4,154.3,220.6,221.9,358.8,695.4
KUSZED_clean,101.1,33.5,45.7,57.8,106.1,120.1,129.5,326.7
KUTDAG_clean,686.7,217.6,299.7,339.1,500.3,513.9,652.5,1427.0
KUTRUO_clean,576.9,208.5,322.4,417.9,626.3,624.8,985.1,2358.0
KUVJIW_clean,127.7,46.5,70.5,95.0,151.2,159.2,200.2,456.6
KUVMIZ_clean,279.2,92.2,115.0,139.4,231.4,259.7,264.7,646.8
KUVMUL_clean,348.5,121.5,189.4,255.3,373.5,373.7,610.0,1583.8
KUVYAD_clean,154.8,51.8,72.6,94.0,164.6,178.7,199.5,491.4
KUXLUL_clean,139.9,52.0,86.8,116.0,169.3,169.3,333.4,864.6
KUXREC_clean,134.4,43.0,61.1,78.1,140.2,153.7,171.2,450.5
KUXSAZ_clean,223.8,78.3,130.4,172.3,240.6,240.8,550.8,1348.2
KUYPIF_clean,152.9,75.5,146.1,173.3,188.2,203.2,605.4,1038.8
KUZPEC_clean,375.7,126.4,183.8,220.3,355.9,353.3,382.2,715.4
KUZYUB_clean,249.5,91.6,158.2,210.8,284.9,288.3,674.6,1980.3
KUZZAI_clean,257.9,99.2,154.0,207.7,301.0,298.5,507.4,1099.6
LABJUV_clean,206.5,64.5,82.4,98.8,188.1,225.4,247.5,284.6
LABMOT_clean,279.1,89.4,123.4,155.2,237.7,253.2,325.0,789.8
LABNAG_clean,248.2,81.0,98.6,119.9,201.2,231.7,234.5,478.6
LABNEK_clean,305.3,107.5,162.8,207.1,270.4,277.8,553.4,1257.6
LABNIO_clean,243.2,77.6,100.6,122.9,205.0,219.3,229.8,497.5
LABNOU_clean,910.1,311.2,472.1,603.9,804.8,760.7,807.7,1281.4
LABNUA_clean,272.8,88.3,120.5,152.3,237.0,252.5,302.9,763.3
LABPEM_clean,940.1,303.9,422.5,498.7,753.4,742.0,870.7,1434.8
LABPOV_clean,493.9,159.3,202.1,244.5,450.7,540.9,579.8,716.3
LABPUB_clean,503.0,160.5,203.1,244.3,458.9,545.6,583.0,715.7
LABQAI_clean,495.7,156.8,201.7,239.8,460.2,542.4,580.6,705.7
LABQAJ_clean,293.0,97.0,139.9,174.7,264.4,259.3,402.7,1053.7
LABQEN_clean,299.7,103.0,154.8,186.1,274.2,274.1,443.6,1053.2
LABRUE_clean,540.0,174.4,224.6,279.5,421.5,440.6,530.1,1152.4
LACBID_clean,460.0,152.7,201.7,247.5,364.2,380.5,474.4,1291.4
LACGED_clean,184.9,72.5,121.6,161.6,221.6,224.9,252.9,396.0
LACNUB_clean,605.0,192.3,286.4,344.4,479.5,479.4,697.5,1619.5
LACQIS_clean,168.7,59.9,94.5,122.3,197.1,204.6,297.6,800.2
LACYEW_clean,282.7,88.4,148.1,193.2,261.1,263.3,609.1,1777.1
LACYIA_clean,263.9,102.0,181.6,239.9,306.5,296.4,867.6,2289.1
LACYOG_clean,244.2,78.5,110.0,140.9,200.1,198.9,332.9,867.0
LACYUM_clean,309.6,128.5,231.8,292.2,345.2,351.5,1199.5,3004.2
LACZAT_clean,344.2,118.7,187.8,250.2,310.6,321.6,838.0,2476.9
LACZEX_clean,144.2,46.7,61.3,76.2,131.4,144.6,156.9,396.7
LACZIB_clean,158.3,47.2,61.4,76.7,132.0,144.1,159.6,409.7
LADHEF_clean,239.8,92.3,157.1,210.9,286.7,288.6,635.1,1571.4
LADHIJ_clean,236.9,91.3,154.0,208.7,284.1,274.0,611.7,1488.3
LADKEJ_clean,244.1,106.0,176.2,229.1,295.1,294.1,696.4,1533.0
LADQEP_clean,322.1,128.0,230.1,306.8,388.7,385.4,934.5,2052.3
LADQIT_clean,327.3,127.1,234.4,298.1,395.2,407.2,903.8,2071.8
LADQOZ_clean,325.6,129.7,235.9,303.8,387.8,387.7,910.4,2099.7
LADQUF_clean,323.3,131.4,231.7,293.5,388.4,384.6,917.6,2039.8
LAFFEG02_clean,435.6,169.8,258.1,339.6,428.7,437.5,884.0,2142.5
LAFQOA_clean,2273.7,786.7,1117.3,1295.1,1609.4,1589.1,3549.9,8342.4
LAFQUG_clean,2251.6,841.2,1054.0,1266.0,1631.1,1538.3,3650.8,8783.0
LAFRAN_manual,2307.6,812.9,1093.5,1282.3,1555.2,1569.3,3646.1,8468.1
LAFRER_manual,2296.3,817.7,1048.5,1267.1,1595.9,1488.8,3380.4,7839.1
LAFRIV_manual,2267.8,812.1,1061.2,1292.1,1520.5,1487.3,3509.6,8000.4
LAFROB_manual,2262.4,790.1,1127.4,1314.8,1522.6,1556.2,3573.5,8328.9
LAGBUS_clean,234.4,80.3,119.4,160.5,264.6,278.5,322.9,809.1
LAGDII_ion_b,258.8,85.2,122.6,158.0,275.7,301.7,321.9,736.2
LAGHIL_clean,233.0,140.4,192.6,239.7,284.5,281.1,719.7,1232.9
LAGMUD_clean,140.5,51.6,82.8,111.9,169.9,173.7,273.5,632.1
LAGNAK_clean,149.0,51.0,77.5,104.5,168.8,177.6,222.4,564.0
LAGNEO_clean,178.2,66.0,109.4,147.2,214.6,216.7,392.7,977.0
LAGNIS_clean,175.9,66.0,108.8,145.5,216.5,215.7,379.6,925.3
LAGNOY_clean,184.2,71.6,121.5,156.7,224.4,224.4,434.4,1004.8
LAGNUE_clean,179.6,70.4,121.7,160.8,221.7,219.2,415.4,838.4
LAGPAM_clean,144.3,50.1,77.7,103.8,166.0,171.7,213.7,428.0
LAGQER_clean,139.3,52.6,77.9,102.8,165.8,171.4,242.8,575.8
LAGQOB_clean,140.7,50.0,77.3,104.4,167.3,173.2,242.4,588.0
LAGTIY_clean,98.0,32.8,45.6,58.1,108.3,120.2,130.8,340.1
LAGVEX_clean,220.4,71.8,106.5,143.9,231.3,243.0,281.6,599.1
LAGVOG_clean,153.4,49.8,71.7,93.8,163.3,177.6,210.5,590.3
LAGWEX_clean_h,270.8,108.1,184.1,246.2,327.0,323.0,755.0,1852.2
LAGWIB_clean,148.8,48.1,65.0,81.4,146.4,162.4,175.2,434.8
LAGWUN_clean,175.6,62.8,97.6,127.8,207.1,208.2,308.7,785.1
LAHTUM_clean,280.4,111.8,198.3,256.0,340.4,329.1,866.5,2048.5
LAHVAU_clean,330.1,136.8,250.0,315.0,404.9,386.4,1164.5,2869.7
LAHYOL_clean,474.8,230.8,427.0,507.2,529.7,602.2,2082.9,3501.1
LAJFAG_clean,661.7,314.1,575.1,626.3,651.1,1018.0,3036.3,5024.0
LAJJAK_clean,172.7,71.6,122.5,160.3,219.9,214.7,498.9,1089.2
LAJTIC_clean,143.8,44.3,46.8,50.8,77.2,102.3,168.9,178.1
LAKFIN_clean,433.0,168.7,292.6,364.0,450.7,429.8,1394.3,3779.1
LALFEL_clean,125.1,40.5,59.2,72.7,131.5,142.9,159.6,419.7
LALFUB_clean,184.9,66.9,103.0,139.0,220.8,224.6,296.2,679.0
LAMFEK_clean,253.2,87.8,116.2,146.3,266.8,298.6,315.7,660.5
LAMFIO_clean,174.5,55.0,67.3,80.3,150.8,187.1,211.4,254.0
LAMFOU_clean,193.3,59.4,76.2,98.7,178.8,209.7,227.2,324.1
LAMHAI_clean,154.1,49.3,63.0,87.7,145.1,172.3,187.9,260.6
LAPLEW01_clean,370.0,176.6,308.8,350.6,372.0,459.2,1720.5,3645.8
LAPLEW_clean,672.4,403.0,482.9,490.8,969.9,1557.5,4705.0,7637.9
LAPLOG01_clean,625.9,399.6,493.5,480.1,1012.6,1615.1,4685.1,7975.4
LAPLOG_clean,598.1,486.3,505.8,569.9,1669.7,2509.6,5907.5,8211.2
LAPLUM_clean,703.0,574.3,574.5,637.1,1884.4,2853.0,6543.1,9896.6
LAPMAT_clean,620.6,496.4,553.0,568.9,1353.8,2177.5,5196.6,8304.5
LAPMIB_clean,590.3,442.7,503.1,495.0,1336.0,1860.5,4672.6,6743.8
LAPMUN_clean,685.4,546.7,603.7,815.8,2224.7,3311.2,7178.6,9418.0
LAPNAU_clean,687.1,440.9,513.9,502.2,1195.4,1802.3,4786.7,6824.6
LAPNEY_clean,612.1,444.6,498.1,503.6,1218.1,1926.9,4822.3,6535.8
LAPNIC_clean,695.1,361.2,474.8,475.6,923.9,1577.4,4556.5,7766.4
LAPNOI_clean,616.6,385.7,529.5,470.2,919.2,1454.5,4319.6,6987.5
LAPNUO_clean,615.8,335.5,491.1,497.8,744.5,1265.0,3977.0,7691.9
LAPZEK_clean,313.0,109.0,169.4,221.3,271.4,289.8,696.3,1935.0
LAPZIO_clean,316.3,126.8,198.0,264.4,316.8,302.9,837.5,2135.0
LAQNID_clean,183.3,62.9,95.0,121.6,183.3,183.9,282.0,761.9
LAQNOJ_clean,293.3,99.3,165.9,213.4,261.3,261.0,665.3,1847.9
LAQNUP_clean,310.5,106.1,174.5,222.0,283.6,277.5,735.6,1946.6
LAQZOV_clean,226.4,85.4,143.2,192.4,267.1,268.7,580.1,1483.4
LARNIE_clean,163.8,61.6,99.0,129.8,192.3,196.0,305.9,663.1
LARPEC_clean,243.2,102.6,182.4,242.6,277.8,280.6,954.9,2356.1
LARVIM_clean,226.1,79.4,121.9,159.3,247.8,248.2,386.9,1120.8
LARXUA_clean,388.3,122.8,142.8,150.3,241.0,284.8,295.9,499.6
LASDEQ_clean,492.8,189.4,311.6,393.9,463.7,451.8,1505.2,3962.9
LASMAV_neutral,420.7,160.7,284.6,373.3,455.8,470.2,1160.5,2738.8
LASRAB_clean,106.7,34.2,43.0,52.5,98.5,116.5,132.6,241.1
LASREF_clean,127.2,41.8,52.0,63.5,119.8,140.3,152.9,297.8
LASRIJ_clean,140.6,36.1,46.5,56.6,105.7,126.0,138.1,258.4
LASWEJ_clean,198.6,72.5,118.8,161.1,236.4,284.3,382.3,883.4
LASWIN_clean,218.7,98.8,181.8,232.5,268.1,270.9,735.7,1275.4
LASYOU_clean,245.8,98.5,174.6,229.2,292.7,299.4,861.1,2397.6
LATBUG_clean,473.2,138.9,169.0,200.0,286.1,315.5,365.3,864.4
LATCAN_clean,519.4,139.0,172.6,189.4,285.9,322.9,344.5,832.5
LATCEO_clean,111.9,35.7,48.3,62.2,116.6,130.9,141.4,330.0
LATCIS_clean,84.9,26.4,32.5,39.2,74.7,93.2,103.7,165.6
LATPIG_clean,206.4,73.0,110.8,146.5,235.7,243.7,319.1,764.0
LATYOX_clean,226.8,76.1,108.3,140.9,249.6,269.9,304.5,826.0
LAVCOD_clean,111.1,45.9,83.8,108.7,142.2,143.4,357.3,782.1
LAVCUJ_clean,110.8,33.9,38.0,42.5,69.4,93.3,135.5,142.0
LAVDOE_clean,263.5,93.9,135.1,170.9,275.1,290.1,335.7,725.3
LAVMAY_clean,199.5,77.3,134.1,175.6,230.9,230.6,478.9,1022.1
LAVSUY_clean,124.7,45.5,72.2,95.9,148.9,151.1,235.5,561.8
LAVTAF_clean,127.2,43.9,68.4,90.6,148.4,151.5,212.4,512.2
LAVTEJ_clean,122.3,44.1,69.1,91.8,146.4,151.8,213.3,517.5
LAVTIN_clean,120.0,41.6,66.2,88.8,137.3,144.6,205.0,488.0
LAVTOT_clean,122.6,44.1,70.5,96.7,148.6,152.3,219.8,520.8
LAVTUZ_clean,117.3,43.9,71.2,94.6,144.1,142.2,243.1,575.7
LAVZOA_clean,161.2,56.0,83.2,108.9,180.5,188.6,210.1,397.6
LAVZUG_clean,113.8,37.7,50.5,63.9,117.6,129.6,140.4,333.6
LAWFOF_clean,376.1,136.3,231.8,294.5,407.4,414.0,1006.6,3051.8
LAWFUL_clean,361.6,136.9,225.9,297.3,403.6,403.2,1002.3,3122.0
LAWFUN_clean,283.1,108.6,182.4,243.6,329.2,317.5,637.2,1307.2
LAWGAS_clean,356.2,134.8,227.5,304.4,402.8,411.1,1020.4,3048.1
LAWGEW_clean,99.7,32.1,41.0,50.4,95.4,112.7,125.1,230.1
LAWGIA_clean,99.7,32.3,40.8,51.1,95.1,112.6,125.3,229.5
LAWGOG_clean,99.9,32.0,41.1,49.9,94.1,112.4,125.4,233.4
LAWGOI_clean,352.2,105.4,138.1,167.8,287.2,317.1,343.5,597.7
LAWGUM_clean,100.2,32.4,41.4,50.6,96.2,112.4,124.7,228.2
LAWGUO_clean,344.8,97.9,144.8,169.2,275.9,301.1,325.5,771.7
LAWHEZ01_clean,333.0,99.8,132.2,165.6,288.3,304.0,328.5,663.9
LAWHEZ_clean,346.3,100.1,131.2,175.6,287.6,298.1,333.5,675.1
LAWHID_clean,331.8,97.4,131.9,172.6,279.7,292.5,319.7,624.6
LAWHOJ_clean,272.3,102.1,165.1,220.6,313.1,313.5,618.3,1612.6
LAWHUP_clean,280.0,102.4,166.1,218.4,310.7,308.5,629.5,1601.9
LAXCUK_clean,336.7,109.3,138.2,165.4,273.8,282.2,337.3,861.7
LAXJAX_clean,2270.0,791.5,1084.7,1308.7,1585.3,1488.9,3526.1,8633.4
LAYGAV_clean,536.9,230.1,438.1,536.5,606.5,620.5,2253.4,5293.8
LAZGOK_manual,241.8,77.7,99.5,122.8,229.5,269.6,295.4,445.3
LAZJIH_clean,147.2,56.2,93.9,119.7,160.3,161.1,333.8,721.1
LAZKUU_clean,325.1,126.2,212.6,277.2,384.1,368.7,806.3,1927.0
LAZXOB_clean,170.9,58.0,83.6,106.1,187.4,197.3,220.6,521.2
LECFAC_clean,277.4,107.7,187.7,252.0,311.2,312.5,791.0,1995.3
LECFEG_clean,292.1,107.5,189.4,242.2,313.8,314.3,788.4,1943.7
LECGIL_clean,127.6,39.6,47.8,56.7,103.9,131.8,152.5,195.2
LEDHEJ_clean,246.4,97.8,174.4,232.4,297.6,293.8,501.7,842.6
LEDHIN_clean,246.6,101.5,176.0,228.8,299.2,297.3,501.9,837.1
LEDLAJ_clean,396.2,151.6,229.4,304.2,465.9,451.9,658.3,1432.0
LEDLEN_clean,255.6,94.8,147.3,191.4,298.4,302.6,481.3,1303.2
LEGGEK_clean,230.0,94.6,178.4,230.7,268.0,276.3,695.7,1222.4
LEGGIO_clean,461.3,218.2,435.0,498.6,524.4,639.3,2624.6,5690.9
LEHXUT_clean,275.1,86.3,103.5,119.8,188.3,215.7,232.6,410.3
LEJBUX_clean,95.4,30.7,40.9,50.5,95.5,110.5,119.8,253.6
LEJCAE_clean,95.8,31.6,42.0,53.4,98.7,111.7,120.4,271.9
LEJCEK_clean,193.2,58.2,65.5,74.6,118.3,141.5,168.0,224.2
LEJKIW_clean,193.9,85.5,155.3,200.2,232.8,235.0,741.2,1521.8
LEJRIC_clean,155.9,54.8,80.1,104.7,180.4,189.2,244.9,694.0
LEJZOQ_clean,590.6,206.5,324.1,432.6,604.6,602.9,1012.1,2232.7
LELDOX_clean,2098.6,656.3,829.6,991.9,1284.1,1329.3,2256.2,6754.6
LELDUD_clean,864.4,275.0,329.3,391.8,524.1,577.4,651.2,1918.2
LELMIA01_clean,158.7,63.8,114.7,147.5,187.0,187.9,426.6,826.7
LELMIA_clean,148.8,59.6,106.9,139.6,183.7,182.2,395.1,812.6
LELROL_clean,281.8,101.6,163.4,209.7,332.4,329.2,581.3,1671.5
LELRUR_clean,292.3,100.4,144.6,187.0,301.7,312.9,430.1,1144.2
LEMVOP_clean,481.0,170.5,269.0,354.8,537.2,542.1,732.2,1583.8
LENGAO_clean,249.2,87.9,134.8,178.2,273.8,273.8,395.8,1029.9
LENGES_clean,438.8,468.2,607.0,920.8,1793.6,2079.8,2471.3,2970.7
LENKIA_clean,153.5,52.7,78.5,103.3,178.7,188.0,230.5,637.0
LEQBUG_clean,282.4,94.6,155.9,197.4,247.7,250.5,620.1,1872.5
LEQCAN_clean,270.4,92.0,153.3,193.3,239.6,246.1,638.1,1676.5
LEQQAA_clean,256.8,90.9,154.5,201.4,277.9,279.0,638.5,1687.2
LEQQII_clean,278.9,92.4,129.1,167.7,281.5,302.2,347.3,981.5
LEQVUZ_clean,451.9,168.7,286.2,378.7,500.6,468.7,1257.5,3591.1
LESWAI_clean,243.9,98.1,173.1,232.0,291.5,289.7,638.0,1226.8
LETDEU_clean,129.0,40.2,44.2,49.4,76.5,98.3,144.5,149.5
LETDUK_clean,126.2,45.3,56.2,71.1,133.4,148.9,159.5,371.1
LETPOR_clean,503.9,176.9,248.4,345.1,450.8,429.9,911.5,2493.8
LETPUX01_clean,285.5,98.8,143.1,186.6,267.1,276.6,420.2,1132.8
LETPUX_clean,293.9,99.0,143.8,185.7,277.2,274.9,447.4,1146.7
LETQAE01_ion_b,241.4,90.9,149.2,203.4,299.3,305.5,484.8,1226.2
LETQAE_clean,390.8,136.2,225.6,273.2,375.6,368.1,747.3,1939.0
LETQEI_clean,527.0,176.9,300.2,348.4,469.1,471.1,1112.8,2793.6
LETRAF_clean,580.3,224.3,333.7,410.7,511.7,527.0,1247.9,3546.5
LETREJ_clean,1036.1,326.0,479.6,590.2,741.8,725.8,2209.0,6331.9
LEVBAQ_clean,342.4,212.9,383.9,422.9,462.5,828.4,3254.1,6051.4
LEVDIB_clean,169.1,60.1,90.6,122.9,189.7,195.2,283.5,765.6
LEVLEF_clean,589.2,212.5,311.9,425.9,501.4,493.3,854.7,1855.7
LEVNOQ01_clean,248.8,100.5,180.1,236.8,297.8,295.7,740.7,1553.6
LEVNOQ_clean,245.1,98.7,176.4,234.4,298.0,299.5,742.6,1592.9
LEVPAF_clean,365.3,132.2,199.8,278.1,396.3,398.5,640.6,1771.1
LEVYOC_clean,236.4,90.8,156.3,206.5,283.6,284.2,468.5,873.8
LEWMUX_clean,273.2,132.6,263.4,302.4,328.8,371.0,1330.4,2986.8
LEWZET_clean,138.0,49.9,89.0,119.2,148.3,147.9,340.9,631.7
LEYFUS_clean,306.9,96.1,128.0,153.9,270.0,303.0,321.7,624.8
LEYPAI_clean,136.6,45.1,62.3,77.2,141.7,163.1,171.4,333.8
LEYQUD_clean,137.2,44.2,54.2,67.4,122.4,143.1,159.0,268.0
LEYRAK_clean,139.3,43.6,55.5,67.4,123.1,148.7,158.9,274.1
LEYREO_clean,135.8,43.1,54.2,65.4,120.3,142.8,158.6,269.5
LEZJOQ_clean,279.6,98.1,167.5,221.8,310.6,310.5,405.7,696.9
LEZLAF_clean,303.7,110.9,155.1,203.4,340.7,356.5,408.0,893.0
LEZMIN_clean,166.5,74.0,142.9,175.9,206.2,209.8,692.1,1425.4
LEZWUK_clean,318.8,100.1,133.4,156.2,286.8,324.6,339.0,659.1
LEZXAR_clean,312.8,103.0,131.1,167.9,295.2,327.3,334.2,732.2
LIBQIY_clean,139.2,43.8,54.8,65.5,120.8,144.4,158.2,267.5
LIBZIG_clean,168.2,59.4,91.4,120.9,196.6,204.1,275.8,705.2
LICKAL_clean,192.7,67.2,103.9,135.6,221.8,225.4,246.5,427.1
LIDSAU_clean,256.6,105.0,191.0,238.2,280.4,280.6,878.2,1772.5
LIDSEY01_clean,380.0,230.7,386.6,413.4,465.0,830.2,2738.9,4842.9
LIDSEY_clean,249.8,102.4,184.2,238.3,274.0,285.8,864.8,1753.7
LIDSIC_clean,299.2,126.8,236.2,292.8,343.9,339.0,1260.3,2879.7
LIDWIG_clean,298.3,117.5,200.0,261.4,356.3,351.5,688.4,1420.7
LIDZOP_clean,326.2,163.9,312.1,368.4,391.8,422.9,951.0,1320.6
LIDZUV_clean,375.4,227.3,418.3,449.6,459.7,615.2,1318.1,1666.9
LIFSAW_clean,468.9,200.0,368.9,461.5,540.0,538.7,1663.0,3630.2
LIFSEA_clean,516.9,239.8,443.5,549.0,618.0,618.4,2139.3,4583.1
LIFWOO_clean,225.1,88.0,158.0,203.4,251.0,248.0,554.5,1047.0
LIGHAM_clean,261.3,90.8,138.0,180.4,300.9,310.6,379.7,862.9
LIHKAQ_clean,228.9,218.6,236.3,266.4,798.8,1164.1,2258.2,3444.0
LIJNOJ01_clean,289.6,109.5,182.6,238.4,336.1,344.2,458.8,812.1
LIJNOJ_clean,298.6,110.8,180.7,238.6,333.4,336.7,459.7,793.0
LIKDOA_clean,253.6,77.4,94.5,110.1,179.7,198.5,211.9,438.4
LIPQOR_clean,581.3,257.3,443.1,551.5,653.4,641.2,2200.2,6182.2
LIQDAS_clean,272.8,97.4,152.9,199.8,304.7,312.1,516.4,1559.3
LIQFEY_clean,178.3,66.6,113.8,153.0,211.6,213.2,388.6,806.4
LIQJEC_clean,199.2,64.4,83.8,102.7,187.0,210.7,223.8,440.4
LIQTUC_clean,449.8,171.8,296.6,375.9,471.6,480.6,1161.3,2512.6
LIRFIB_clean,73.5,22.8,27.0,31.5,58.2,73.6,91.2,109.4
LIRNOR_clean,814.9,313.4,474.5,597.5,702.6,679.8,2155.7,4310.5
LIRTUC_clean,460.2,151.4,234.8,306.6,449.6,457.5,840.0,2145.9
LITCIC_clean,178.8,60.9,92.9,124.7,200.3,207.0,274.5,691.4
LITCOI_clean,341.5,143.9,263.6,329.9,403.2,400.2,1275.6,3087.9
LITDAV_clean,343.1,140.9,258.6,338.5,397.8,398.2,1155.8,2513.7
LITHUR_clean,144.8,48.9,66.7,86.8,156.1,170.9,187.7,489.5
LIVLUZ_clean,183.5,76.1,135.3,171.0,219.2,217.4,475.0,954.1
LIVTIT_clean,134.7,49.1,78.9,104.5,161.2,164.9,255.8,666.1
LIVWAQ_clean,126.6,44.4,73.9,98.0,143.4,146.0,230.1,464.9
LIWFOM_clean,166.3,56.3,79.4,102.6,181.6,198.3,207.9,383.2
LIWVIY_clean,146.3,49.7,70.7,92.2,162.3,175.7,195.0,459.8
LIWXIZ_clean,396.3,126.0,157.1,189.1,352.9,425.2,476.2,513.7
LIWXOG_clean,191.5,70.4,108.3,144.5,224.0,228.4,354.0,882.1
LIXWAR01_clean,253.5,94.9,167.1,216.3,300.4,300.1,695.7,1410.9
LIXWAR_clean,253.3,97.7,167.6,226.0,302.2,303.9,639.8,1443.4
LIXXAS_clean,158.8,57.5,88.8,118.8,190.3,192.3,287.6,735.2
LIXXEW_clean,274.1,125.2,241.7,297.5,312.6,336.3,957.8,1580.7
LOBHAM_clean,276.7,103.9,178.9,230.8,329.5,329.5,654.4,1733.3
LOCRUR_clean,152.2,47.3,76.4,102.4,153.7,155.1,273.2,703.1
LOCZIO_clean,228.3,82.8,132.8,176.7,263.1,265.5,443.6,993.2
LODCUC_clean,349.0,105.6,166.8,223.0,341.8,356.6,396.0,816.7
LODKIA_clean,286.6,114.7,205.2,264.4,339.6,348.1,912.0,2207.3
LODPUQ_clean,635.7,331.3,597.7,676.2,676.2,965.3,3543.3,6905.1
LODTAB_clean,188.6,60.7,104.7,136.7,188.7,185.3,401.2,992.1
LOFJAT_clean,204.7,74.9,114.8,150.9,206.2,209.0,372.3,978.7
LOFVUY01_clean,618.4,250.1,439.8,555.9,680.8,662.1,2182.5,5895.9
LOFVUY_clean,611.8,246.4,433.5,558.2,658.0,697.6,2145.4,5784.6
LOFZUB_clean,134.0,92.6,152.6,158.7,213.4,406.2,1273.1,2091.6
LOGBAK_clean,147.0,103.2,175.0,177.3,237.0,438.8,1381.9,2231.1
LOGBEO_clean,137.6,99.4,162.4,168.2,229.7,420.2,1310.0,2100.9
LOGXEM_clean,788.3,266.0,300.7,342.7,495.5,539.4,582.0,1202.8
LOJFOF_clean,574.0,248.2,470.5,571.5,649.1,657.9,2229.6,4698.2
LOJFUL_clean,144.5,50.2,75.6,97.2,160.8,169.1,204.3,523.6
LOJLAZ01_clean,134.7,48.7,71.5,94.3,161.2,164.5,209.6,521.7
LOJLAZ_clean,136.6,48.7,77.0,101.3,160.3,165.3,232.2,551.5
LOLREL_clean,564.9,231.0,397.8,502.2,614.4,600.6,1820.7,4988.2
LOLVAJ_clean,597.9,200.1,299.4,377.0,619.2,622.4,769.9,1729.3
LOMLOQ_clean,166.4,67.6,120.1,157.2,207.4,203.0,593.9,1580.2
LOMLUW_clean,168.1,69.4,128.8,164.3,200.5,201.3,643.2,1553.6
LONVAN_clean,270.6,98.3,161.8,214.4,316.7,322.6,645.1,1860.2
LONVIV_clean,262.1,97.9,169.6,221.5,313.8,311.8,693.9,1998.8
LONWIW_clean,263.0,106.4,176.1,234.0,314.1,311.5,729.0,1984.9
LOPZAS_clean,1856.6,800.0,1318.1,1591.4,1686.5,1814.7,7290.1,16994.5
LOQLEJ_manual,187.4,73.4,125.1,166.8,228.1,226.9,454.6,1061.6
LOQLIN_SL,213.2,90.7,154.9,205.2,262.1,259.5,617.3,1432.1
LORMOW_clean,260.0,90.5,135.6,176.8,294.9,309.7,326.3,551.3
LORNEL_clean,111.0,34.4,46.1,58.0,110.3,124.4,137.4,302.3
LORROB_clean,297.9,100.3,139.2,176.1,296.3,313.2,325.1,612.6
LOSBOM_clean,232.3,93.1,169.0,215.5,279.0,280.1,802.7,2021.1
LOSXIC_clean,178.1,77.8,146.6,182.6,204.1,207.1,630.7,1290.2
LOSYAV_clean,197.2,77.2,138.7,180.3,229.3,230.1,561.7,1120.9
LOTDIJ_clean,443.7,165.9,291.3,371.9,453.2,483.4,1076.9,2118.3
LOVLEP_clean,975.1,325.0,436.0,541.9,826.5,839.0,1055.9,2775.9
LOXBEH_clean,716.9,241.8,272.2,325.9,554.7,517.0,539.5,846.7
LOXKAM_clean,244.3,81.9,115.8,148.1,232.0,246.9,272.4,622.5
LOXVUR_clean,565.8,240.4,437.9,567.5,658.0,663.9,1601.4,2615.5
LOXWAY_clean,375.6,139.5,219.3,292.3,444.8,450.9,652.4,1357.9
LOXWEC_clean,409.8,137.2,206.0,282.0,449.1,472.3,567.5,1365.0
LOZSOK_clean,429.8,187.0,336.7,413.0,455.2,461.6,1191.5,2058.8
LOZSUQ_clean,430.5,182.9,348.0,430.5,459.3,484.7,1197.5,1954.8
LUBMAW_clean,319.3,106.1,158.1,197.6,351.0,359.4,418.6,1111.6
LUBNAZ_clean,236.7,80.9,128.9,171.3,264.7,270.0,442.9,1199.2
LUCDAO_clean,170.2,59.6,92.0,118.2,203.2,207.3,286.6,836.6
LUCDES_clean,170.0,60.2,90.2,118.4,197.6,209.2,284.2,829.0
LUCDIW_clean,173.5,59.3,90.7,118.7,195.4,204.5,281.4,829.0
LUDCUK_clean,278.7,138.9,255.0,301.8,335.5,340.8,777.2,1246.4
LUDKIG_clean,440.8,159.2,282.6,366.2,478.0,488.9,494.3,718.6
LUDKOM_clean,283.5,140.3,269.0,319.8,349.9,357.2,941.1,1528.6
LUDKUS_clean,285.5,158.7,298.7,339.3,348.2,426.0,1055.3,1569.9
LUDLED_clean,564.6,281.8,527.6,637.6,652.9,772.1,3329.2,8213.5
LUDLIH_clean,586.6,273.6,527.2,607.3,654.2,761.5,3274.2,8493.3
LUDTUZ_clean,282.3,93.3,130.7,163.4,255.2,252.9,336.0,931.4
LUDVAH_clean,287.5,112.5,184.8,238.9,319.1,320.6,636.5,1378.7
LUDVEL_clean,262.5,81.6,100.8,121.3,209.6,222.8,238.0,573.8
LUDVIP_clean,241.2,80.6,117.0,151.6,256.5,269.5,312.3,725.8
LUDVOV_clean,263.2,82.9,104.1,125.4,214.8,233.3,255.8,574.5
LUFBUL_clean,217.9,98.3,180.0,229.9,267.8,272.8,645.9,1082.5
LUFCAS_clean,233.3,89.4,142.9,188.1,282.6,279.8,402.1,795.6
LUFNAC01_clean,235.1,86.8,145.9,194.0,279.5,279.2,536.0,1263.2
LUFNAC02_clean,215.8,80.8,137.4,181.6,256.2,261.7,510.3,1186.2
LUFNAC03_clean,217.2,82.4,140.6,181.8,258.4,259.8,506.6,1205.6
LUFNAC04_clean,215.4,81.6,136.4,179.8,257.1,259.0,501.9,1194.3
LUFNAC05_clean,216.9,81.1,138.1,183.6,259.9,258.6,502.2,1202.0
LUFNAC_clean,221.3,82.3,138.9,183.0,256.0,259.1,510.3,1191.9
LUFNEG_clean,226.0,95.5,175.5,219.0,267.4,267.4,650.6,1251.0
LUFQUZ01_clean,108.5,45.6,82.9,108.0,139.9,142.1,318.7,631.3
LUFQUZ02_clean,94.6,35.5,58.7,79.2,122.1,122.3,182.6,383.5
LUFQUZ_clean,128.9,57.4,110.2,138.4,166.1,163.0,487.8,888.1
LUJBAV_clean,251.8,86.3,119.3,154.0,266.2,285.4,279.9,337.9
LUJPUC_clean,152.4,49.4,64.4,79.8,149.7,174.7,191.6,329.0
LUJSOA_clean,231.4,72.8,89.9,107.6,201.6,249.2,279.2,337.8
LUKLIN_clean,268.6,96.8,160.6,212.4,305.7,298.9,648.8,2043.2
LUKREO_clean,438.3,159.5,272.9,365.6,515.3,520.0,884.9,1929.6
LUKRIS_clean,292.4,93.9,124.2,154.8,295.7,321.0,332.7,365.6
LULVOF_clean,448.4,187.6,360.4,411.9,485.5,479.0,1093.9,1939.5
LULXAS_clean,193.2,74.7,126.4,169.2,228.8,232.2,449.7,964.1
LUMDEC_clean,232.6,76.2,98.1,123.3,224.8,257.9,273.8,472.9
LUMLIQ_clean,204.0,98.8,187.4,227.0,250.6,259.2,686.3,1092.9
LUMYEZ_clean,168.1,63.5,103.9,137.9,200.3,207.2,390.3,996.7
LUMYID_clean,172.2,63.4,108.4,139.7,204.8,205.4,398.0,1001.5
LUMYOJ_clean,170.9,63.1,105.4,141.8,206.5,206.9,394.9,1007.1
LUMYUP_clean,169.0,62.4,103.1,137.3,200.5,201.3,375.4,964.2
LUMZAW_clean,214.2,86.7,150.4,197.2,258.6,257.7,662.1,1674.2
LUMZUO_clean,114.4,36.8,50.9,58.8,112.3,131.4,143.3,271.5
LUNBAX_clean,115.6,37.5,48.2,60.4,110.6,131.6,145.7,261.0
LUNBEB_clean,117.7,37.5,49.6,61.2,112.0,135.2,144.5,267.1
LUNBIF_clean,67.6,21.5,26.0,31.2,58.4,72.4,84.3,119.2
LUPTAS_clean,259.1,99.6,169.1,222.5,309.8,307.4,459.6,829.4
LUPYAX_clean,223.4,85.9,146.3,192.5,263.0,272.1,610.9,1615.9
LUQGAG_clean,244.3,90.3,145.5,193.1,293.4,295.5,468.7,1048.1
LURLOB_clean,158.6,58.4,95.0,130.1,195.1,196.5,361.4,1007.9
LURRIA_clean,258.7,78.7,92.2,106.6,181.0,202.3,215.9,408.8
LURRUM_clean,288.7,269.1,364.0,602.3,1380.7,1792.6,2749.0,3349.1
LUSHIR_clean,288.8,115.2,197.9,260.2,346.7,349.3,697.1,1394.7
LUSHOX01_clean,233.6,88.2,151.9,201.9,272.4,272.4,540.1,1143.9
LUSHOX02_clean,227.4,88.7,150.4,198.5,270.8,269.6,543.1,1179.1
LUSHOX03_clean,223.6,86.2,150.8,199.9,262.7,264.3,536.7,1157.8
LUSHOX04_clean,224.4,84.9,145.5,190.3,266.1,261.9,524.2,1142.3
LUSHOX_clean,183.8,69.9,123.8,156.7,240.2,213.4,435.7,913.9
LUSHUD_clean,285.9,115.1,202.1,275.2,351.3,342.6,706.1,1374.5
LUSJEP_clean,288.7,111.8,195.1,255.5,339.5,336.0,722.2,1553.4
LUSJIT_clean,281.5,110.2,193.8,252.3,383.5,344.1,695.7,1474.0
LUSJOZ_clean,288.7,109.4,203.6,257.4,335.0,337.4,719.8,1501.9
LUSQOH_clean,1244.2,452.2,805.8,998.8,1211.5,1214.2,3825.1,10224.8
LUSYEF_clean,225.7,80.1,122.7,158.4,236.1,245.2,406.7,1107.9
LUTSEA_clean,153.1,50.1,61.9,75.2,145.1,169.3,187.4,276.6
LUTZEH_clean,2006.2,600.3,752.4,892.0,1197.7,1286.6,1861.0,5814.5
LUVTAY_clean,427.8,146.6,216.3,287.6,436.4,439.6,682.3,1912.2
LUVWUU_clean,503.7,199.5,282.7,385.2,525.4,554.8,989.1,2502.1
LUWMEX_clean,287.0,124.6,220.8,287.6,337.9,337.3,1022.8,2262.1
LUWMIB_clean,260.5,115.0,199.1,255.1,317.5,321.1,955.8,2208.8
LUWMOH_clean,258.8,109.7,207.6,252.5,309.1,312.8,933.0,2136.0
LUWMUN_clean,188.2,61.2,86.7,113.1,185.4,196.7,228.0,665.3
LUWNAU_clean,192.8,60.9,85.2,109.3,183.0,198.2,231.6,659.1
LUXDUE_clean,581.9,249.4,571.7,556.9,619.7,657.6,2675.6,7385.5
LUXFOA_clean,568.6,237.0,405.6,501.6,615.1,609.5,2032.0,5823.6
LUXFUG_clean,623.3,227.4,412.7,515.1,632.4,619.8,2017.0,5802.2
LUYBIS_clean,271.0,131.4,241.0,285.7,303.4,335.1,1183.5,2506.3
LUYBOY_clean,283.1,108.6,185.1,244.5,336.3,333.2,749.7,2027.7
LUYHAP_clean,104.2,35.1,45.7,57.4,106.4,120.8,129.4,284.9
LUYSEF_clean,197.3,68.6,106.0,132.8,227.2,232.8,299.4,785.8
LUYSOP_clean,212.3,81.7,138.0,181.2,251.8,254.0,482.6,1178.6
LUZBOY_clean,88.1,29.6,41.8,53.6,99.7,107.8,117.2,261.8
LUZJAT_clean,243.4,101.4,184.8,226.9,275.1,276.1,895.2,2187.4
MABCUQ_clean,98.9,33.2,44.0,56.0,101.8,119.7,123.7,248.9
MABJUV01_clean,329.5,115.4,182.8,238.0,391.4,402.1,464.2,899.3
MABJUV_clean,326.1,115.7,179.5,238.9,403.0,399.6,462.1,885.9
MABKEG_clean,361.4,136.3,219.8,283.5,439.3,430.3,588.9,1071.7
MABKIK01_clean,362.0,126.5,201.8,266.2,418.3,426.7,558.0,1154.3
MABKIK_clean,504.8,195.4,320.3,428.4,569.2,581.1,993.2,1859.4
MABLAD_clean,316.5,134.7,255.3,323.7,381.0,384.0,940.2,1682.6
MACHIJ_clean,667.6,231.6,340.8,460.6,612.3,625.4,1066.1,3088.6
MACKAE_clean,146.6,48.3,67.6,87.3,158.4,173.3,187.1,436.0
MADVUJ_clean,262.9,104.1,160.3,216.5,310.8,312.5,439.8,823.3
MADWAQ_clean,253.0,95.9,160.3,211.0,304.8,304.1,438.6,809.4
MAFDII_SL,553.1,235.3,417.2,483.2,520.7,575.8,1917.1,4162.8
MAFFUW_clean,533.5,245.5,389.5,445.0,443.1,653.4,2279.1,5023.9
MAFJIO_clean,217.7,77.9,122.8,164.1,246.3,251.3,440.8,1260.1
MAFLUD_clean,163.2,61.9,102.0,135.8,200.1,198.8,370.5,849.2
MAFMAK01_clean,161.1,61.9,97.5,130.4,193.3,195.0,338.1,821.9
MAGBAZ_clean,122.2,43.8,68.7,89.7,145.0,149.5,226.3,637.9
MAGBON_clean,226.6,99.3,182.2,228.3,254.4,264.8,1080.1,2782.6
MAGNEQ01_clean,97.5,32.0,45.3,56.8,104.8,117.3,128.1,276.5
MAGNEQ_clean,98.6,32.2,43.6,55.1,105.8,119.2,126.5,273.6
MAHCEG_clean,370.8,121.5,140.7,161.9,243.0,289.5,298.9,648.1
MAHCIK_clean,371.2,122.6,141.5,161.4,258.4,285.2,283.5,637.1
MAHCOQ_clean,396.8,123.2,139.0,166.1,253.4,275.3,303.3,673.4
MAHTAR01_clean,264.1,105.7,193.1,252.9,317.4,317.5,667.6,1290.9
MAHTAR_clean,265.9,106.4,212.0,246.8,321.8,316.6,674.4,1278.0
MAJHUC_clean,398.4,125.3,171.9,201.0,372.3,420.0,462.5,532.1
MAJJUF_clean,161.3,47.0,59.2,70.3,125.3,141.6,154.3,319.5
MAJKAM_clean,439.1,180.8,342.0,414.9,448.4,499.5,2034.0,5485.8
MAKFIQ_clean,199.4,66.8,98.0,126.5,216.0,230.9,258.8,648.5
MAKFOW_clean,180.7,61.5,90.2,117.0,201.2,210.1,251.4,617.4
MAKGAJ_clean,177.2,62.6,89.7,115.3,197.3,206.3,246.2,610.8
MAKHAJ_clean,160.6,69.3,128.9,167.4,198.8,203.5,547.8,1031.3
MAKRAU_clean,226.5,78.6,118.1,152.7,252.7,270.1,313.0,744.1
MAKRIC_clean,237.1,92.0,167.9,216.6,269.0,266.4,589.0,1100.0
MAKXAZ_clean,433.9,193.8,385.0,459.9,527.6,541.4,1599.6,2823.4
MALFUD_clean,144.6,47.3,64.3,82.1,151.0,166.5,175.2,413.0
MALROJ_clean,154.7,52.0,76.0,99.0,174.0,180.6,228.2,655.6
MALRUM_clean,276.5,91.6,122.7,158.7,289.9,322.3,332.5,584.6
MALRUP_clean,147.7,51.4,78.1,102.8,175.4,179.8,247.8,715.6
MALSAW_clean,147.4,53.4,77.2,101.9,172.0,180.2,237.8,711.5
MALSEA_clean,146.9,55.1,78.4,101.6,171.6,180.6,241.7,708.0
MALSIE_clean,147.4,51.3,77.7,103.5,172.3,180.2,239.9,712.3
MALSOK_clean,147.5,51.8,78.8,102.5,172.2,178.6,243.2,720.0
MANDUD_clean,400.3,141.1,230.7,291.0,393.1,395.8,873.8,2281.6
MANLAP_ion_b,365.1,131.6,210.2,280.0,427.9,438.0,724.5,1922.9
MANLOD_manual,613.5,210.6,298.0,376.1,583.4,601.8,853.5,2586.7
MAPCIP_clean,116.8,42.1,60.3,80.1,126.3,131.4,183.7,482.8
MAPCUE_clean,383.3,166.8,299.2,381.7,448.9,446.2,1427.3,3151.5
MAPFIS_clean,252.6,92.0,153.7,207.1,288.4,296.1,541.7,1211.0
MAPLEX_clean,394.6,165.1,308.9,432.2,478.8,453.5,1474.3,3272.7
MAQBEO_clean,219.5,80.5,130.1,175.3,248.5,248.1,439.3,1028.8
MAQBIS_clean,282.1,102.1,154.9,207.0,301.2,300.3,498.9,1290.3
MAQMEZ_clean,304.0,128.8,239.0,304.0,349.8,356.2,1097.8,2072.9
MAQRAA_clean,148.5,54.7,92.6,121.1,178.8,182.0,308.6,755.4
MARJAQ_clean,156.5,72.8,133.0,160.8,179.4,186.7,689.2,1420.0
MARNOL_clean,226.8,84.1,144.9,181.4,254.5,257.8,484.9,1154.5
MARPOL_clean,586.8,196.8,231.6,282.7,505.6,544.9,557.8,837.5
MARXEK_clean,121.0,44.8,72.4,96.8,149.0,150.2,234.1,546.7
MASMIC_clean,123.8,41.4,56.0,72.1,132.7,149.5,163.4,406.3
MASZOX_clean,207.5,70.4,102.5,134.2,228.3,238.0,263.5,540.3
MASZUD_clean,205.9,70.2,99.5,129.8,224.5,238.2,260.7,522.9
MATBAM_clean,288.1,108.9,184.2,241.6,344.9,349.9,677.6,1557.4
MATBEQ_clean,402.3,150.9,258.6,327.8,429.6,432.2,917.6,2018.5
MATFIY_clean,296.3,100.3,152.3,191.5,325.7,344.2,415.4,1178.7
MATPOP_clean,530.8,227.4,418.0,527.0,616.0,625.7,2047.2,5292.5
MATPUV_clean,322.9,117.5,170.5,229.3,339.6,335.0,554.5,1361.5
MATTOR_clean,180.4,71.7,128.4,167.7,220.5,218.3,408.9,755.8
MATTUX_clean,297.3,129.5,246.4,304.2,353.0,366.4,1147.7,2505.4
MATWUC_clean,176.9,69.3,120.1,156.2,206.5,207.6,489.6,1193.0
MATXAJ_clean,238.9,83.6,128.9,163.5,250.2,261.0,400.2,1235.4
MAVFEV01_clean,136.8,48.3,72.5,96.5,159.7,166.4,218.8,612.6
MAVFEV_clean,137.7,49.7,74.4,96.8,160.6,169.3,225.1,617.6
MAVNUU_manual,261.7,105.0,182.5,236.1,299.7,294.4,696.7,1553.0
MAVRAE_clean,299.5,100.5,146.7,180.2,300.9,297.8,429.5,1270.3
MAWFEY_clean,745.8,231.6,289.1,326.2,444.9,534.7,548.6,1202.5
MAWFIC_clean,242.5,81.6,108.1,138.5,233.1,249.7,280.9,794.2
MAWTUC_clean,188.6,71.0,117.7,157.0,218.0,220.1,435.0,931.5
MAWVAK_clean,188.7,69.1,113.4,152.6,222.3,221.6,417.7,951.9
MAXHOJ01_clean,178.7,55.0,63.8,68.6,114.8,147.8,213.7,212.5
MAXHOJ02_clean,179.2,57.3,61.2,68.5,116.2,149.2,208.1,212.8
MAXHOJ_clean,341.8,109.1,131.5,157.9,281.2,353.2,385.7,470.8
MAXHUP_clean,301.8,75.7,88.0,103.3,183.8,240.5,295.0,309.9
MAYJOM_clean,201.5,74.8,123.1,161.5,224.1,226.7,451.2,1056.8
MAYKOO_clean,216.1,70.5,96.0,122.9,213.5,225.9,252.8,689.2
MAZSOX_clean,194.3,72.0,127.5,170.4,223.3,217.7,467.2,1055.3
MAZSUD_clean,175.6,65.2,108.9,151.8,208.4,209.2,391.1,908.3
MEBMEM01_clean,254.8,75.8,97.7,102.4,179.8,230.8,299.4,314.8
MECWIB_clean,700.0,276.0,491.6,614.7,747.2,733.4,2202.6,5038.5
MEFJUE_clean,202.0,75.9,126.8,169.5,234.8,238.4,497.7,1366.7
MEFYUT_clean,241.9,93.3,158.1,217.2,292.8,292.9,620.2,1420.9
MEFZUU_manual,989.6,302.2,386.2,456.7,637.2,680.6,774.4,2080.9
MEGBAD_clean,172.5,59.5,86.5,115.0,192.5,200.0,252.1,681.7
MEGBEH_manual,170.2,58.4,85.0,112.3,189.0,199.7,242.5,693.0
MEGFIN_clean,317.3,101.7,130.6,162.3,284.6,281.3,308.6,601.9
MEHMET_clean,162.4,50.4,59.2,65.8,108.7,130.9,147.8,206.3
MEJMOE_clean,353.4,128.9,219.4,281.6,388.0,394.9,948.2,2935.5
MEJQEZ_clean,207.3,94.6,168.2,216.9,249.0,252.4,633.6,1064.6
MEJQID_clean,204.4,88.8,168.5,214.2,248.6,249.5,658.0,1150.3
MEJQOJ_clean,203.7,90.2,166.6,210.0,245.5,248.8,661.0,1202.5
MEJZEI_clean,290.4,98.7,132.1,170.0,305.1,335.6,343.5,517.3
MEJZIM_clean,286.9,101.1,133.5,173.6,300.8,330.1,342.7,528.1
MEJZOS_clean,384.9,137.4,197.3,258.5,441.4,473.1,493.4,945.5
MEJZUY_clean,388.5,135.0,202.3,264.4,436.4,453.1,482.4,904.3
MEKBAH_clean,400.8,133.3,201.1,270.3,431.5,450.3,494.7,942.0
MEKDUC_clean,235.5,97.3,174.9,229.2,285.4,285.1,531.0,877.0
MEMGAN_clean,140.1,61.6,114.1,146.9,170.3,176.4,521.6,1009.5
MEQHUL01_clean,180.8,58.3,75.7,95.3,175.0,200.1,215.2,409.2
MEQHUL_clean,181.4,58.8,76.6,96.5,180.0,206.6,218.2,419.1
METYIU_clean,227.6,74.8,98.0,120.6,226.1,258.7,272.8,455.8
MEWNEH_clean,211.5,74.0,114.4,154.9,242.8,242.5,316.5,669.4
MEXDEY_clean,242.5,100.9,187.3,233.8,299.3,297.1,650.5,1178.5
MEXJAC_clean,74.6,24.3,31.8,39.1,74.4,86.2,94.8,171.9
MIBMER_clean,314.3,109.8,158.7,217.3,303.7,315.0,502.3,1455.2
MICDEJ_clean,207.8,75.7,121.7,161.2,248.6,247.2,346.8,755.2
MIDCAF_clean,368.6,135.5,204.3,274.5,418.0,417.2,753.5,2284.8
MIDSUP01_clean,147.9,48.3,65.4,82.9,151.0,170.0,184.4,427.2
MIDSUP_clean,222.6,74.8,110.6,141.8,240.8,259.8,300.2,831.2
MIFGEP01_clean,307.9,127.5,227.4,294.5,368.8,364.5,994.6,2343.9
MIFGEP_clean,311.7,125.9,227.0,293.4,380.8,370.3,1011.5,2364.0
MIFKUJ_clean,276.2,113.6,207.6,264.8,341.2,340.2,920.7,2189.0
MIFLIY_clean,156.2,50.7,72.6,91.3,165.0,180.4,195.7,461.4
MIFNUM_clean,423.4,131.4,168.9,205.1,338.7,366.0,389.1,594.8
MIFPUO_clean,305.3,119.7,200.2,266.9,356.3,342.5,623.6,1180.3
MIFQOJ_clean,217.8,76.6,117.8,154.6,247.7,255.7,292.2,547.4
MIFROK_clean,422.8,128.3,169.6,211.6,351.4,372.5,386.2,645.2
MIFSAX_clean,412.5,127.1,168.1,201.5,347.7,369.2,383.3,648.9
MIFSUR_clean,427.6,140.4,180.2,219.5,387.1,423.9,433.7,703.3
MIFTEC_clean,382.4,127.4,164.8,205.1,345.4,379.1,379.5,641.2
MIFTIG_clean,377.4,131.4,165.7,196.4,337.8,377.4,387.9,633.0
MIFTUS_clean,412.4,130.1,169.9,205.0,356.1,375.9,403.1,623.4
MIFVEE_clean,406.5,125.8,166.8,204.2,340.5,364.5,386.7,637.8
MIHLAR_clean,315.2,106.2,145.7,186.5,321.8,350.6,369.4,700.8
MIHLEV_clean,219.0,78.1,112.1,146.9,251.9,261.8,282.1,502.1
MIHLIZ_clean,303.7,102.7,150.0,195.2,333.3,349.6,379.8,730.7
MIHLOF_clean,277.2,99.4,140.7,184.4,311.8,324.9,359.7,701.2
MIJHOD_clean,158.7,65.1,108.4,145.1,188.2,189.9,423.7,904.5
MIJMAU_clean,334.1,107.2,141.3,172.0,328.2,375.5,398.4,677.3
MIKDUH_clean,186.2,67.8,106.2,143.9,219.6,223.6,355.0,912.4
MIKJAR_clean,489.5,187.3,328.1,433.7,572.0,576.8,996.0,1864.4
MILQIJ_clean,151.3,79.8,151.6,181.7,194.0,210.3,541.8,792.6
MILROQ_clean,964.2,333.2,437.1,502.7,734.5,757.7,910.4,2514.1
MIMFOF_clean,205.0,161.5,242.9,250.8,402.8,683.3,1503.8,1955.2
MIMKIE_clean,144.0,52.0,81.0,106.2,172.3,175.1,229.9,531.6
MIMSIM_clean,394.7,148.7,245.4,316.2,403.1,393.0,756.1,1746.9
MIMSOS_clean,452.7,170.9,279.7,367.8,500.9,486.1,856.5,1937.6
MIMSUY_clean,364.7,139.2,232.3,310.3,418.9,417.1,751.4,1695.5
MIMVEJ_clean,221.3,134.2,242.6,264.0,282.2,422.2,1118.2,1529.7
MINCET_clean,500.0,178.2,289.3,377.5,508.4,506.3,1286.6,3874.7
MINCIX_clean,197.6,69.8,105.5,142.9,229.3,232.6,348.0,1015.7
MINCUJ_clean,202.5,74.4,106.8,140.7,236.4,239.8,333.7,1025.3
MINVOU01_clean,123.4,44.8,66.2,88.3,143.3,150.2,198.7,524.1
MINVOU_clean,124.0,44.0,65.7,88.0,144.5,150.3,198.4,522.4
MINVUA01_SL,181.9,60.9,99.1,130.6,202.1,207.2,341.8,926.3
MINVUA_SL,174.6,63.8,102.2,138.5,212.6,225.2,356.5,949.8
MIPHEA_clean,2947.1,945.7,1222.9,1458.6,1951.3,1913.4,3661.0,10287.1
MIQLII_clean,159.7,57.5,96.3,129.7,184.2,185.0,383.9,962.8
MIRLAB_clean,188.3,55.4,64.6,75.0,138.5,172.9,217.2,232.7
MISQIQ01_clean,206.1,233.4,256.6,275.2,737.7,1011.4,1408.7,1560.5
MISQIQ02_clean,201.3,230.0,250.2,274.5,756.4,954.3,1360.5,1513.8
MISQIQ03_clean,172.1,185.8,211.6,217.3,494.5,645.2,921.5,1070.1
MISQIQ04_clean,202.6,231.0,250.6,273.5,726.1,960.4,1364.4,1533.2
MISQIQ05_clean,207.0,232.3,255.0,273.3,730.1,983.6,1368.0,1551.5
MISQIQ06_clean,205.8,234.0,256.0,276.7,746.9,990.7,1377.3,1561.7
MISQIQ07_clean,201.2,232.7,248.3,277.4,717.7,961.7,1383.6,1524.0
MISQIQ_clean,208.0,230.8,252.7,276.3,742.5,974.1,1378.6,1563.4
MITGOL_clean,176.4,57.0,84.2,110.7,191.0,201.6,221.5,454.2
MITSAK_clean,130.3,46.1,70.9,97.3,153.6,155.4,233.7,624.6
MITSUE_clean,126.7,45.7,71.4,93.8,153.0,156.3,234.6,652.7
MIVFEE_clean,197.3,70.2,108.2,146.4,222.7,227.1,338.3,904.9
MIVFOO_clean,187.1,65.5,99.5,131.1,208.3,218.6,305.9,849.3
MIXBAY_clean,125.9,42.4,59.8,80.9,141.0,148.5,169.7,470.4
MIXBEC_clean,346.7,117.4,168.8,202.6,298.6,303.4,469.3,1286.3
MIXBIG_auto,169.0,57.2,81.2,105.8,173.9,185.0,229.8,637.5
MIXYID_clean,233.2,88.8,152.2,196.2,268.7,270.0,518.2,1214.2
MIXYOJ_clean,304.0,159.5,288.2,327.7,340.2,483.0,1636.5,2755.3
MIXZOK_clean,194.7,68.0,100.4,134.9,223.1,233.3,319.4,976.5
MIYWIB_clean,209.2,71.0,96.1,121.3,224.5,248.5,268.2,623.1
MIZKAI_clean,316.6,136.3,247.3,301.4,335.3,362.1,1224.3,2423.0
MIZKOW_clean,317.7,102.3,132.9,166.0,310.5,348.8,371.8,606.5
MIZPUI_clean,168.6,55.7,84.3,110.2,182.5,188.3,226.9,568.3
MOCKAR_clean,101.3,33.3,44.9,57.0,104.6,118.2,127.8,288.5
MOCKEV_clean,100.2,32.2,42.7,52.5,98.2,113.6,124.4,246.9
MODJOG_clean,143.3,54.0,84.8,112.8,170.0,171.6,314.1,902.0
MODMIB_clean,126.0,40.3,52.0,63.7,119.9,140.9,152.5,283.8
MODNOI_ion_b,321.5,112.5,169.1,231.2,381.6,383.8,488.3,1352.1
MODNUO_ion_b,316.3,122.1,180.2,216.2,380.2,381.5,473.3,1286.0
MOFBIU_clean,455.8,261.7,307.2,395.8,523.3,525.3,933.9,1830.3
MOFKUO_clean,225.3,71.9,91.9,113.6,209.1,240.7,260.7,460.0
MOFLAV_clean,590.5,188.1,254.5,331.9,548.6,583.7,665.2,1828.5
MOGNAY_clean,199.0,74.5,121.2,155.9,234.3,242.1,401.1,987.8
MOGXUB_clean,189.3,65.1,95.1,123.0,211.2,229.7,240.9,481.4
MOJNAC_clean,216.8,76.2,119.5,157.6,250.5,251.5,357.6,857.3
MOKVOZ_clean,274.5,104.4,181.3,232.2,285.2,278.5,837.7,2333.1
MOLKAB_clean,268.8,101.4,164.0,218.8,307.8,304.9,564.2,1287.5
MOLQEL_clean,146.3,57.2,88.7,119.2,176.0,178.1,336.1,902.1
MOLRIP_clean,212.2,69.3,85.3,105.9,194.0,231.1,250.8,312.3
MOMRIR_clean,695.6,300.0,548.0,656.9,712.1,729.3,2003.4,3252.4
MOMSIS_clean,216.2,81.1,140.2,183.2,246.0,246.5,543.7,1367.0
MOPKEJ_clean,217.7,217.4,266.9,267.7,735.4,1175.2,2569.9,3832.0
MOPQIT_clean,212.9,73.3,110.3,143.1,241.1,251.3,279.5,547.2
MORFEG_clean,505.5,189.3,304.7,371.1,475.8,465.4,1005.6,1975.4
MORZID_clean,177.8,204.3,219.5,287.4,911.9,1198.7,1786.2,2062.9
MOSBIG_clean,136.7,46.5,58.2,72.7,134.5,152.7,162.6,325.3
MOSDUT_clean,248.6,91.9,152.4,202.9,284.3,288.2,554.0,1334.9
MOTMAK_clean,207.1,78.9,132.1,179.5,239.3,243.7,451.0,893.8
MOTVOI_clean,209.7,74.0,116.1,153.1,234.3,238.4,386.7,957.1
MOVGUB_clean,247.8,97.9,172.4,218.3,288.3,289.9,702.5,1638.9
MOVHEM_clean,248.7,98.0,167.1,217.0,284.0,285.9,700.4,1618.7
MOVKOZ_clean,250.0,100.4,175.6,239.0,294.9,288.8,825.9,1957.0
MOXBOS_clean,276.3,87.1,132.7,159.7,291.1,322.1,346.7,898.6
MOXKAN_clean,553.2,195.5,309.9,397.9,595.2,599.8,836.4,1828.7
MOXNIY_clean,242.9,87.9,134.3,177.7,281.5,284.6,372.1,819.2
MOXNUJ_clean,145.3,46.6,57.9,71.2,133.4,161.9,175.7,283.3
MOXNUK_clean,363.1,134.1,227.9,300.6,428.2,398.2,794.9,1737.1
MOXPAR_clean,742.1,487.4,806.1,815.1,1048.8,1662.7,4571.0,7082.5
MOXPUL_clean,149.3,47.4,59.7,73.4,130.2,152.2,164.3,235.9
MOYMET_clean,322.5,106.7,160.4,205.8,348.0,362.9,481.0,1252.0
MOYMUJ_clean,607.1,234.1,402.6,515.7,634.0,626.3,1623.6,3394.7
MOYNIY_clean,430.7,165.5,289.4,374.9,490.4,493.2,1027.3,2104.9
MOYTUR_clean,603.0,221.7,365.8,505.9,641.4,616.0,1705.0,4030.4
MOYYEF_clean,266.3,98.8,165.1,220.8,317.6,317.7,600.1,1584.3
MOYYIJ_clean,131.9,45.0,63.1,82.8,144.0,156.6,177.0,414.4
MOYZIK_clean,121.7,36.8,53.5,65.1,114.3,122.2,146.7,483.8
MUBQIJ_clean,758.8,348.4,575.2,624.4,703.5,777.8,2856.6,6162.4
MUBZOA_auto,213.9,74.1,96.3,118.8,222.0,242.7,263.9,637.6
MUBZUG_auto,224.8,74.1,102.7,129.2,235.0,257.5,281.6,722.0
MUDLON_clean,262.8,94.8,154.0,205.3,295.9,296.7,515.9,1330.0
MUDTAH_clean,302.4,107.7,165.6,221.5,321.8,337.7,597.7,1789.6
MUDTEL_clean,298.5,105.5,164.3,220.4,322.5,336.5,551.0,1662.4
MUFXUI_clean,262.7,99.2,160.8,216.8,313.6,313.2,585.2,1466.1
MUFYAP_clean,262.7,99.1,162.5,215.8,311.9,315.0,577.3,1463.6
MUFZIY_clean,295.6,128.0,241.5,296.5,330.0,343.9,1105.3,2218.4
MUGFOK_clean,383.4,139.0,215.2,294.3,442.6,463.9,665.4,1558.4
MUGHED_clean,251.5,98.2,181.4,234.5,282.5,280.9,783.0,1622.2
MUGQAI_clean,237.1,98.8,179.6,229.7,292.1,289.8,432.9,641.7
MUGXIX_clean,326.9,142.3,257.4,325.8,380.2,387.7,1404.7,3216.3
MUHNAG_clean,202.9,84.8,154.5,204.5,257.0,252.7,481.9,783.9
MUHNUA_clean,329.3,114.7,181.6,236.0,352.2,357.4,511.6,1063.4
MUHPAI_clean,211.3,75.7,121.6,159.4,245.6,265.6,276.7,458.5
MUJRIT_clean,213.1,68.7,87.8,107.0,198.1,229.1,248.7,366.9
MUKQUG_clean,291.0,108.8,185.6,238.8,305.5,298.2,727.9,1821.9
MUKRAN_clean,315.1,120.7,195.6,253.4,310.0,315.1,742.7,1887.1
MULQOA_clean,208.3,80.7,138.8,185.4,252.4,251.8,550.4,1392.8
MULSER_clean,167.2,64.7,109.6,141.0,201.3,200.9,416.6,1073.9
MULXOH_clean,238.5,85.6,132.8,175.1,283.0,291.0,428.4,1085.1
MULXUO_clean,318.7,107.2,182.5,231.1,312.7,308.1,737.5,1685.8
MUMYAW_clean,358.8,110.9,123.4,128.2,191.3,242.7,378.4,388.9
MUNDAC_clean,140.5,50.6,81.1,108.4,165.8,166.4,236.8,599.1
MUNDEG_clean,328.1,117.1,193.7,261.4,372.6,369.1,777.8,2341.4
MUNDOQ_clean,176.2,59.6,83.1,104.1,182.0,192.2,218.5,594.7
MUNLUE_clean,184.2,63.9,91.3,119.2,207.1,211.9,251.1,623.3
MUNNUF_clean,299.9,115.2,209.5,264.2,338.0,334.3,922.7,2275.4
MUNPAN_clean,279.8,107.0,182.7,246.0,332.5,330.1,769.1,2128.3
MUNPER_clean,280.5,113.9,198.1,254.5,330.5,331.6,850.5,2172.7
MUPTAU_clean,265.1,97.8,163.9,218.3,321.4,317.9,576.4,1388.6
MUQSAU_clean,247.5,84.0,125.2,166.9,275.6,275.3,353.6,940.8
MURBEI_clean,126.1,51.1,84.5,109.7,151.5,152.9,366.1,974.7
MURCAD_clean,162.1,56.6,84.7,114.8,189.1,194.3,245.5,602.2
MURCIL_clean,194.2,61.1,72.3,84.4,153.9,193.3,233.0,257.3
MURCOR_clean,198.4,66.4,73.7,86.8,158.4,198.4,234.2,257.5
MURFIQ_clean,353.8,114.2,129.3,143.3,253.5,306.3,371.9,405.4
MURTUO_clean,321.1,115.0,166.3,227.9,370.3,394.1,428.6,930.1
MUSCAG_clean,435.3,175.2,293.7,406.2,506.9,495.9,1144.7,2574.6
MUSCIN_clean,287.7,107.7,179.2,236.4,333.3,331.0,713.3,1977.8
MUSSIE_clean,229.8,99.4,184.9,232.6,275.7,276.1,884.1,1833.3
MUTCEL_clean,401.9,120.0,193.6,243.2,337.6,337.7,626.5,1512.3
MUTDIQ_clean,228.9,84.8,126.7,161.5,247.9,256.5,390.5,1108.9
MUTVUT_clean,405.6,139.9,208.4,280.0,476.3,477.0,514.2,951.0
MUVGOA_clean,235.6,111.4,212.5,262.8,279.2,296.6,950.4,1852.7
MUVGUG_clean,178.2,79.5,150.4,186.1,211.1,211.5,603.2,1121.1
MUVHER_clean,174.4,82.0,150.7,196.2,209.2,215.3,627.0,1175.6
MUVJAP_clean,240.7,88.2,154.7,200.2,247.5,247.7,662.1,1607.9
MUVJIX_clean,228.1,89.0,162.8,204.6,272.6,275.7,601.9,1398.0
MUVLUM_clean,216.3,77.5,126.0,168.3,250.2,257.1,422.8,1140.6
MUVMOG_clean,226.7,171.7,282.6,274.0,445.8,842.1,2343.8,3388.4
MUVNAT_clean,185.7,62.8,88.7,115.4,204.2,220.5,244.0,600.8
MUVNEX_clean,356.5,121.9,196.9,257.4,382.8,395.9,674.1,1941.3
MUVROM_clean,711.9,290.2,515.8,613.9,637.5,722.9,2101.3,3792.5
MUWQEB_clean,177.1,62.0,95.1,125.0,198.2,208.3,311.0,868.6
MUWRON_clean,244.6,86.4,137.1,179.0,247.9,246.6,489.7,1295.0
MUZGAQ_clean,629.1,199.5,280.6,335.3,556.6,591.3,626.5,1352.2
MUZKAV_clean,521.1,180.4,237.3,274.9,406.8,398.0,457.0,1269.7
MUZKEZ_clean,506.4,141.1,173.7,199.5,300.2,339.9,414.4,949.0
MUZVUA_clean,180.0,61.5,91.5,120.2,204.3,208.4,257.6,644.8
NABMUA01_clean,182.0,74.5,137.5,174.8,222.2,221.0,539.1,1088.3
NABMUA_clean,183.1,74.3,134.5,176.5,221.0,219.1,534.9,1064.0
NACVUI_clean,187.8,70.8,125.1,162.2,227.2,225.9,409.7,831.5
NACYAU_clean,211.2,66.4,84.0,100.1,167.7,181.6,195.1,486.6
NACYOG_clean,261.9,97.2,161.5,211.4,311.1,314.4,504.9,1091.1
NACYUM_clean,261.0,99.8,159.8,212.3,307.1,311.9,477.3,965.1
NADKEK_clean,144.8,44.2,46.8,49.4,67.8,86.6,154.9,172.1
NADNEM_clean,225.1,88.0,146.5,194.8,262.2,272.2,402.1,773.0
NADZEZ_clean,269.7,144.5,271.0,312.2,337.6,415.3,1253.7,2012.2
NADZID_clean,191.4,104.0,199.9,228.3,236.4,318.3,946.0,1486.2
NAFSOF_clean,97.3,31.2,39.6,46.3,83.6,97.5,107.7,199.8
NAGBUU_clean,479.4,185.7,323.6,443.3,565.6,548.0,1098.1,2111.8
NAGCAB_clean,565.1,178.4,190.6,204.5,321.0,373.9,419.1,610.2
NAGQET_clean,242.5,84.0,131.2,175.8,272.2,285.0,340.5,699.5
NAGQOD_clean,564.7,199.2,287.3,371.4,614.0,621.7,806.8,2105.7
NAHFIO_clean,602.8,239.1,404.3,524.6,715.8,704.9,1535.9,3786.2
NAHHAI_clean,158.3,55.2,87.7,116.6,181.2,185.5,278.4,670.1
NAHHOW_clean,238.8,84.3,133.1,169.2,241.8,242.0,472.1,1333.0
NAHNES_clean,360.4,129.2,195.4,253.8,358.0,373.3,676.2,2011.4
NAJQUN_clean,348.8,161.3,298.0,374.5,422.0,443.6,1460.9,3080.2
NAJSUP_clean,246.1,101.8,187.3,238.6,288.3,285.2,856.2,1954.6
NAJTAW_clean,184.6,68.5,113.7,149.1,213.1,211.9,396.0,918.4
NAKLIW_clean,173.1,64.2,109.0,143.6,194.2,199.5,406.9,957.9
NALWOO_clean,254.7,90.6,140.7,194.9,294.0,303.6,459.0,1229.9
NALYEG_clean,148.8,49.1,67.5,86.2,160.1,171.8,189.6,443.7
NAMDUD_clean,703.5,340.7,614.9,739.1,753.3,892.3,4141.7,10762.9
NANPUN_clean,83.0,23.8,30.3,36.9,69.6,82.8,92.8,156.0
NANTII_clean,157.9,47.7,67.2,87.2,154.2,162.8,192.0,563.5
NANYUX03_clean,129.9,47.0,77.1,101.9,155.6,155.8,256.2,628.7
NAPNEA_clean,1199.1,426.5,558.3,642.5,895.0,895.1,987.3,1828.2
NAPZOV_clean,146.0,55.4,92.5,125.9,175.9,179.7,306.0,590.3
NAQLAT_clean,368.8,185.9,347.2,417.3,437.1,515.2,1831.7,3301.0
NAQQED_clean,166.8,56.6,80.8,105.5,182.5,189.5,245.3,715.7
NAQQIH_clean,168.2,57.9,86.3,113.5,182.1,193.0,264.2,809.2
NAQQON_clean,166.0,57.3,84.2,107.4,207.1,189.4,239.2,726.1
NAQQUT_clean,171.9,57.0,82.9,108.5,181.4,194.5,240.8,729.0
NAQRAA_clean,167.1,56.7,81.7,105.1,182.0,190.0,246.7,715.4
NAQREE_clean,172.1,56.7,82.2,107.0,178.8,191.0,239.1,739.5
NARMUR_clean,245.0,80.3,102.5,129.1,239.1,278.7,301.8,417.9
NARPOO_clean,221.4,83.5,141.3,180.6,264.2,267.8,404.1,828.3
NARPUU_clean,214.5,80.8,132.5,172.8,255.9,255.9,391.7,804.8
NASREH_clean,113.1,38.8,58.6,74.2,123.7,130.5,159.7,405.4
NASRIL_clean,116.5,41.2,58.1,74.3,126.6,133.1,158.6,429.1
NASROR_clean,300.3,126.8,221.6,278.6,345.2,341.1,1029.7,2571.8
NATFAS_clean,248.2,113.1,209.4,252.9,279.3,300.2,1176.1,2384.8
NATHOH_ion_b,317.4,114.6,173.8,212.9,365.1,369.4,457.8,1159.0
NATHUO_clean,263.0,97.3,158.7,215.8,295.5,294.6,561.4,1436.6
NATKIF_clean,209.9,73.5,104.1,136.1,228.0,220.4,317.6,966.8
NATKOL_clean,227.0,78.0,112.9,145.8,228.4,239.3,339.5,955.4
NATXOW_clean,261.9,78.7,115.4,147.8,249.6,260.3,304.4,743.5
NAVJAW01_clean,156.1,53.5,79.4,102.5,178.8,190.4,225.3,636.0
NAVJAW_clean,157.5,54.0,80.2,105.0,183.8,191.7,242.7,698.9
NAVLIG_clean,216.3,80.2,131.0,177.7,259.3,261.8,404.1,835.5
NAWDUN_clean,339.9,124.8,190.7,248.4,344.1,350.0,676.5,1619.4
NAWKII_clean,311.9,133.7,246.8,311.4,363.9,369.4,1194.4,2602.1
NAWWUG_clean,233.8,94.6,167.7,225.4,282.7,280.8,671.7,1530.9
NAWXER_clean,130.0,45.0,67.9,87.9,145.7,150.9,200.4,590.5
NAXKOO_clean,170.6,81.0,151.4,186.3,209.0,227.1,910.4,2000.7
NAXLII_clean,247.0,88.4,123.0,157.2,277.3,294.3,324.8,681.6
NAYGUR_clean,144.9,48.2,67.8,89.3,157.7,171.7,194.3,485.9
NAYHAY_clean,310.0,96.8,143.5,187.1,305.6,319.5,478.5,1367.8
NAYMOQ_clean,223.4,69.6,84.8,99.7,187.4,228.9,268.0,291.3
NAYNIK_clean,218.5,66.9,77.6,90.0,155.9,203.9,253.1,266.1
NAYPIM_clean,207.6,193.7,254.6,256.6,608.5,999.3,2304.1,3396.9
NAYXOC_clean,324.9,130.2,233.4,305.6,365.9,359.5,1121.6,2964.2
NAYZOE_clean,286.7,107.5,165.4,214.5,325.7,329.1,598.5,1848.7
NAYZUK_SL,230.8,86.7,147.2,199.3,274.3,270.9,579.6,1461.8
NAZZEV_clean,256.4,94.0,160.8,207.6,301.8,294.3,578.1,1518.9
NDAIAH_clean,174.8,58.7,85.4,113.3,197.8,208.7,235.3,553.5
NEBNOZ_clean,266.3,99.3,165.5,217.7,319.9,323.7,542.0,1204.0
NEBYOK_clean,415.2,140.5,215.9,287.5,475.1,455.0,590.1,1259.0
NEDLOZ_clean,245.8,151.4,242.6,254.5,318.8,514.5,1204.8,1835.2
NEDVUP_clean,188.9,63.6,90.3,116.6,207.5,220.5,250.3,632.0
NEDWAW_clean,186.0,61.4,85.7,113.2,199.7,216.7,242.8,615.6
NEDWEA_clean,171.5,58.2,82.9,106.1,188.6,201.7,228.0,585.0
NEDWIE_clean,123.2,40.0,50.1,62.2,116.0,136.7,148.6,256.1
NEDXOL_clean,289.4,130.5,239.6,299.7,345.5,342.0,1066.9,2030.1
NEFZOO_clean,194.5,108.7,206.0,240.3,246.1,361.8,1349.7,2401.8
NEGMUI_clean,242.4,82.5,118.8,154.5,265.8,293.8,318.3,848.8
NEGZUW_clean,233.1,79.3,119.8,154.4,257.0,262.0,352.6,927.6
NEHGEO_clean,696.0,326.6,579.4,672.0,723.6,925.7,3776.7,7778.4
NEHGIS_clean,657.2,334.7,594.0,662.6,708.7,948.7,3724.7,7807.6
NEHMET_clean,138.2,55.6,97.1,128.4,168.2,168.4,419.9,963.8
NEHZIK_clean,223.0,74.3,97.6,127.6,227.0,252.5,268.5,485.9
NEJRUR_clean,180.5,66.9,108.9,145.9,215.9,218.1,328.0,656.4
NEJSAY_clean,340.3,146.9,279.6,357.7,402.2,406.2,1260.5,2544.7
NEJSEC_clean,243.9,100.2,172.7,224.9,290.6,287.4,574.3,1091.5
NEJSOM_clean,204.9,78.4,134.4,177.4,250.6,244.7,495.0,1093.9
NEKBEL_clean,179.0,56.7,67.5,78.8,145.4,185.3,215.1,246.2
NEKMUN_clean,280.4,130.1,242.4,298.9,328.5,337.4,991.9,1780.2
NEKREB_clean,199.9,69.9,105.9,138.2,220.3,229.5,266.8,561.3
NELVAC_clean,230.9,102.7,195.6,241.3,263.3,271.6,657.6,1012.4
NELVEG_clean,222.9,110.4,206.2,244.6,257.1,301.6,752.9,1074.3
NENFAN_clean,243.2,184.8,285.6,292.7,469.2,904.8,2785.0,4482.9
NENHAQ_clean,252.8,86.2,125.5,162.0,274.2,288.0,360.4,1104.1
NENHEU_clean,445.7,228.8,401.4,449.3,483.9,710.8,3134.1,7444.4
NEPWIQ_clean,247.1,104.1,189.5,241.9,303.8,301.9,812.8,1743.8
NERMON_clean,226.6,75.5,85.1,102.3,185.0,233.3,275.4,302.2
NERTAH_clean,510.0,199.4,341.2,435.7,595.1,580.0,1091.1,2211.7
NERVAJ_clean,988.6,327.9,382.2,417.1,651.9,720.2,716.2,1046.1
NERVEN_clean,1084.3,339.4,347.1,398.6,614.2,688.9,720.1,984.7
NETHOJ_clean_h,191.1,71.2,112.2,147.3,229.5,235.8,366.0,900.9
NETYIV01_clean,279.3,98.8,143.7,190.1,313.0,314.1,438.7,1288.6
NETYIV_clean,273.4,96.7,140.6,184.9,300.0,315.4,422.8,1219.5
NEVJEF_clean,285.7,96.2,145.1,192.4,308.7,323.8,391.1,960.3
NEVPOU_clean,212.4,78.2,129.8,175.9,250.4,248.6,469.6,1129.5
NEVVAM01_clean,206.3,72.9,108.7,145.9,237.6,242.8,305.7,703.6
NEVVAM02_clean,207.7,75.1,116.0,154.4,246.1,252.7,344.5,803.7
NEVVAM_clean,192.5,68.9,111.1,146.4,231.8,232.5,331.5,769.1
NEVVEQ_clean,255.8,124.6,235.6,278.1,306.2,336.6,989.5,1563.4
NEXVET_clean,356.2,138.0,212.7,278.0,398.9,398.6,845.1,2747.7
NEXVUI_clean,317.9,101.3,124.1,145.6,247.3,297.3,307.4,475.9
NEXXEV_clean,280.8,105.1,176.1,233.6,325.7,334.1,654.8,1757.4
NEXXIZ_clean,298.8,111.0,185.2,244.0,346.4,343.6,708.5,1838.5
NEYVEU_clean,664.1,263.4,459.9,572.9,711.7,695.2,2423.5,7001.3
NEYYUN_clean,128.4,56.4,106.9,134.8,162.3,162.0,534.2,1133.9
NEYZAU_clean,127.7,57.7,113.5,135.9,158.6,164.1,567.6,1213.6
NEZWOG01_clean,201.1,68.2,100.3,131.2,228.5,248.3,287.4,748.6
NEZWOG_clean,225.3,75.0,120.0,158.7,250.1,247.7,412.1,1162.6
NIBHUC_clean,299.4,95.8,109.8,125.5,201.3,235.1,261.0,440.8
NIBJAK_clean,117.1,35.7,41.0,46.4,76.3,92.8,110.9,137.6
NIBXUT_clean,252.7,95.6,154.4,207.9,301.1,304.1,590.2,1511.4
NIFTIH_clean,212.9,82.6,135.1,180.7,248.3,249.6,431.4,867.4
NIGBOW_clean,123.8,40.4,54.6,66.8,126.5,147.4,156.3,324.8
NIGDEO_clean,263.2,98.1,163.5,213.3,314.3,305.0,653.3,1958.6
NIGDIS_clean,257.0,94.8,160.5,210.3,300.5,300.1,647.8,1842.0
NIGFIT_clean,137.1,47.4,75.1,96.6,157.3,163.3,234.5,656.3
NIGFOZ_clean,137.8,48.7,74.3,97.7,164.2,167.8,239.3,668.5
NIGFUF_clean,140.9,50.2,76.8,102.0,164.1,169.1,246.5,699.5
NIGGAM_clean,137.1,47.8,73.7,96.5,158.1,164.5,232.2,656.9
NIGGEQ_clean,139.1,49.1,76.1,101.6,164.6,170.5,248.2,687.0
NIGGIU_clean,133.4,49.0,81.1,105.9,161.0,163.3,298.0,797.6
NIGNUO_clean,366.8,140.0,239.4,318.4,406.7,403.9,1040.1,2824.5
NIGPEA_clean,273.8,113.3,180.6,229.5,315.0,301.7,803.5,2128.9
NIHBAI01_clean,194.3,68.9,110.5,147.3,228.1,227.7,305.2,586.7
NIHBAI02_clean,191.4,70.3,110.6,150.5,224.2,227.0,311.1,590.2
NIHBAI_clean,195.1,72.1,111.1,147.5,227.5,229.5,308.2,580.9
NIHBEM01_clean,200.4,75.5,116.7,155.9,236.0,241.6,314.0,598.3
NIHBEM02_clean,200.6,74.7,118.0,156.2,235.7,241.3,318.0,611.3
NIHBEM_clean,201.3,73.2,117.4,156.7,238.6,241.7,318.7,608.5
NIHBIQ01_clean,201.7,72.8,114.2,153.1,237.4,244.4,308.0,600.0
NIHBIQ02_clean,200.9,72.7,113.7,151.1,238.8,240.5,305.6,660.0
NIHBIQ_clean,199.1,72.7,115.1,153.3,239.8,242.7,312.9,608.6
NIHVUX_clean,238.4,76.7,98.7,123.3,223.2,259.1,275.8,426.9
NIJTOR_clean,302.5,115.9,200.4,263.4,355.0,357.6,536.9,958.1
NIJZIP01_clean,205.3,64.4,75.5,87.5,160.8,204.2,246.0,267.4
NIJZIP_clean,142.7,45.1,53.4,61.9,112.9,145.1,174.2,197.7
NIJZOV_clean,143.3,44.6,53.0,61.5,109.3,139.9,172.4,187.2
NIKDAM_clean,224.9,75.5,100.1,126.0,232.4,264.6,275.0,562.0
NIKHAS_clean,340.0,119.7,188.0,248.8,350.8,354.9,544.7,1098.4
NIKJIB_clean,341.9,123.8,204.0,276.7,393.8,392.0,740.8,1792.4
NIKKIC_clean,287.8,107.7,178.9,230.2,322.9,328.6,564.2,1217.0
NIKYOW01_clean,204.9,73.7,114.9,154.4,241.0,245.7,305.5,586.6
NIKYOW02_clean,201.7,74.1,117.5,154.5,239.3,243.5,316.2,605.9
NIKYOW_clean,203.8,72.6,115.6,152.1,238.9,247.2,301.7,581.9
NIKYUC01_clean,201.4,72.5,116.7,155.5,236.4,245.3,319.1,604.5
NIKYUC02_clean,202.3,73.6,117.2,152.7,238.5,242.4,314.2,604.1
NIKYUC_clean,202.6,73.3,117.3,160.1,239.8,242.1,316.1,601.0
NIKZAJ01_clean,204.3,73.0,116.5,152.7,237.8,242.5,312.5,604.1
NIKZAJ02_clean,205.5,73.7,117.3,155.9,239.2,244.9,317.0,604.1
NIKZAJ_clean,201.7,72.1,115.1,154.5,245.8,246.8,306.5,594.7
NIKZEN01_clean,199.7,72.5,115.6,156.7,235.6,239.5,315.4,603.7
NIKZEN02_clean,204.6,73.9,118.4,156.7,238.8,243.7,314.1,608.0
NIKZEN_clean,201.7,73.3,118.1,157.7,239.9,241.9,321.3,614.6
NIMPEG01_clean,170.6,57.3,80.0,102.6,182.0,195.6,220.0,584.0
NIMPEG_clean,189.0,64.6,91.2,118.3,208.8,216.5,254.1,667.0
NIMPOQ_clean,343.2,126.7,203.4,267.8,383.3,391.1,779.8,2241.0
NIMQAC_clean,389.2,168.4,308.1,379.5,426.7,433.0,1110.2,2012.5
NIMTAE_clean,365.3,131.9,182.1,235.2,332.4,333.1,523.2,1150.2
NIMXAK_clean,197.1,67.7,104.2,137.8,209.7,215.5,346.9,962.7
NIMXIS_clean,187.5,63.7,86.3,110.5,202.0,223.0,241.7,623.0
NINHOH_clean,66.0,20.7,25.5,30.0,56.5,71.2,83.6,110.2
NINVAI_clean,154.8,54.7,85.5,113.6,174.8,177.9,250.6,639.6
NIRFIE_clean,341.4,144.7,256.2,325.9,373.7,374.5,748.7,1254.4
NIRGAY_clean,266.5,91.4,132.2,172.5,287.3,302.3,371.3,971.1
NISBEX_clean,387.8,140.4,217.7,286.9,460.2,468.3,642.2,1597.5
NIVZOJ_clean,159.8,50.3,61.7,80.7,133.3,167.6,194.7,260.3
NIXFUX_clean,644.6,265.4,506.5,532.3,506.5,647.4,1861.8,3456.8
NIXGIM_clean,639.8,224.0,357.4,480.1,570.3,604.8,1148.9,2199.9
NIXKIQ_clean,411.6,182.1,327.9,375.0,395.6,490.4,2250.6,6159.3
NIYJAI_clean,498.3,194.2,324.2,422.4,550.8,554.5,1167.6,2501.1
NIYZIG_clean,215.2,78.1,129.7,169.5,258.6,253.2,487.5,1308.1
NIZNAN_clean,388.6,159.2,297.5,374.5,438.1,448.1,1263.2,2649.8
NIZZAY_clean,410.1,172.4,281.4,363.9,430.0,429.9,1457.4,3922.3
NIZZEC_clean,276.3,98.3,139.0,182.8,266.6,263.9,435.6,1187.4
NIZZIG_clean,233.2,76.0,101.1,127.6,199.2,208.5,242.4,644.6
NIZZOM_clean,233.2,76.4,102.0,125.6,202.2,213.8,245.9,658.6
NOBVOR_clean,230.2,92.0,164.8,216.1,280.4,278.6,572.6,1155.3
NOCKOG_clean,225.0,90.6,161.3,208.8,266.9,266.2,607.1,1241.3
NOCKUM_clean,265.9,100.9,172.8,228.7,313.0,315.4,637.2,1437.5
NOCLOH01_clean,176.0,68.1,118.5,156.5,218.5,219.0,399.1,810.1
NOCLOH02_clean,178.9,67.0,114.8,155.3,214.9,217.1,392.5,805.1
NOCLOH03_clean,171.1,65.6,111.2,148.8,209.9,211.7,383.7,802.8
NOCLOH_clean,172.6,65.8,113.8,153.9,214.2,215.0,384.7,786.5
NOCLUN_clean,151.4,55.4,87.4,117.0,181.9,182.3,298.1,788.2
NOCYUB_clean,323.2,114.4,163.2,216.6,374.3,387.1,429.9,962.9
NOCZAI_clean,335.0,110.3,160.2,207.2,365.1,386.7,416.5,858.9
NODKAT_clean,289.3,124.2,229.9,297.3,344.9,339.7,937.1,1811.2
NODKEX_clean,160.1,52.0,88.8,118.1,165.5,167.0,351.4,880.9
NODKIB_clean,455.9,175.2,322.0,387.2,466.3,453.5,1414.7,2556.8
NODKOH_clean,326.1,135.9,232.3,298.8,351.9,354.2,1003.9,2135.8
NODKUN_clean,156.1,57.3,93.2,124.3,180.8,183.2,342.9,908.3
NOFDUI_clean,350.5,136.0,227.0,316.6,428.9,408.4,819.3,1762.2
NOFHOG_clean,168.4,59.0,93.5,124.4,190.8,198.2,320.6,879.1
NOFQAB_clean,2396.9,906.4,1270.9,1479.1,1584.5,1589.9,4388.4,8973.9
NOFQIK_clean,196.5,65.9,94.9,119.0,220.0,236.7,246.1,461.4
NOFQOQ_clean,193.0,67.9,105.2,135.7,227.8,234.5,274.9,555.4
NOFRIK_clean,489.2,528.9,563.1,612.4,1308.0,1535.6,2211.5,2354.0
NOGDAP_clean,181.7,134.5,215.2,221.7,336.4,637.5,1883.8,3002.5
NOHFOG_clean,158.7,55.2,84.8,111.0,179.6,185.7,233.0,500.4
NOHLAZ_clean,132.7,44.2,61.7,78.5,143.2,158.7,170.5,367.4
NOHQEI_clean,2282.4,713.6,989.1,1188.7,1475.4,1404.3,3410.7,9166.0
NOHSIM01_clean,193.4,81.0,147.2,186.1,228.2,232.4,669.6,1462.2
NOHSIM_clean,149.8,61.2,100.4,132.9,184.4,184.2,406.6,968.5
NOHSUA_clean,345.7,126.0,203.7,270.2,388.0,386.4,748.5,1924.6
NOKJON_clean,125.8,43.0,63.4,83.7,144.6,153.7,186.3,530.0
NOKLIJ_clean,154.8,53.3,82.7,105.4,180.0,190.0,239.6,687.6
NOKPEJ_clean,211.2,68.6,90.9,111.7,212.7,242.1,256.7,385.8
NOMPOW_clean,358.0,117.0,169.5,221.5,327.7,338.1,530.0,1600.6
NOMQAJ01_clean,219.0,96.3,181.8,225.2,264.7,266.0,515.6,759.9
NOPJOT_clean,201.6,76.6,121.3,160.1,237.3,237.7,441.1,1100.8
NOQKOV_clean,230.8,84.4,136.3,184.4,273.4,277.7,417.6,927.3
NOQKUB_clean,239.7,94.0,166.0,221.5,286.3,294.6,631.6,1410.3
NORBUT_clean,824.9,301.7,415.4,519.8,936.3,936.9,962.0,2027.6
NORGOS_clean,357.0,111.0,127.2,161.5,244.2,326.1,420.1,419.2
NORPIV_clean,465.6,277.1,479.4,497.6,587.9,1063.9,4028.5,8182.6
NOSHEK_clean,137.3,50.0,80.1,105.3,213.3,167.8,261.6,664.5
NOSTUM01_clean,239.4,96.4,173.8,225.8,291.6,283.8,795.8,1943.3
NOSTUM_clean,165.0,62.0,106.1,142.0,200.6,208.3,387.4,912.1
NOWGIR_clean,251.5,89.2,126.9,164.8,281.5,304.9,369.1,1052.4
NUBBAP_clean,193.4,65.9,104.7,140.0,217.9,213.3,365.8,1124.1
NUBPIL_clean,106.9,33.7,42.6,51.6,96.6,115.2,127.2,210.5
NUCBIY_clean,1108.6,363.6,533.0,648.2,855.0,835.6,1292.9,2415.7
NUCCEV_clean,461.3,189.4,353.6,443.9,501.3,512.3,1703.5,3882.0
NUCPEI_clean,170.3,64.9,109.3,142.9,189.2,186.4,442.3,981.0
NUCPIM_clean,189.5,71.6,120.5,158.5,199.5,202.2,506.7,1159.8
NUCYAN_clean,148.7,49.5,67.0,84.9,153.7,173.0,180.6,248.4
NUCYER_clean,149.0,48.8,68.4,85.9,156.0,176.7,182.8,244.8
NUCYIV_clean,262.2,101.2,152.5,201.6,328.7,314.4,420.7,856.9
NUDLAB_clean,299.3,90.5,132.6,170.7,279.7,292.8,354.1,826.2
NUDLEF_clean,665.9,181.4,234.5,288.7,461.9,472.9,607.8,1528.3
NUDLIJ_clean,167.1,61.0,95.5,126.3,199.4,202.8,285.2,641.5
NUDMAC_clean,236.6,92.0,161.0,212.6,290.3,288.5,596.4,1310.1
NUDMEG_clean,242.1,93.7,164.3,212.8,284.7,283.5,582.4,1241.0
NUDMOQ_clean,241.0,94.5,161.7,210.3,296.2,288.2,602.3,1336.9
NUDMUW_clean,236.3,91.9,159.2,213.5,281.8,281.4,582.5,1274.0
NUDNEH_clean,242.6,93.9,161.7,216.1,289.4,290.2,592.0,1307.2
NUFBEX_clean,178.9,58.8,77.2,98.5,183.6,208.8,220.9,430.4
NUFBOH_clean,300.8,142.0,264.0,326.1,359.4,389.1,1488.8,3361.8
NUFBUN_clean,179.5,66.6,108.4,142.4,212.2,214.9,396.0,1064.4
NUFCAU_clean,176.1,60.0,86.1,114.6,195.0,205.8,244.5,715.7
NUGRIR_clean,553.1,205.0,331.8,438.3,580.0,583.9,1388.8,4087.0
NUGROX_clean,595.4,242.7,391.6,522.7,641.8,631.6,1649.9,4638.1
NUHNUA_clean,390.9,141.7,219.5,276.6,401.6,423.0,742.1,1772.6
NUHPAI_clean,290.2,107.8,163.3,218.2,331.0,338.6,503.8,1193.4
NUHQAK_clean,273.6,114.6,215.6,269.3,324.2,321.7,980.8,2161.5
NUHQIS_clean,385.5,174.5,327.1,412.9,464.4,482.3,1922.9,4545.3
NUHQOY_clean,380.1,176.6,333.6,403.1,460.5,503.7,1888.8,4739.6
NUHQUE_clean,386.1,175.6,332.5,431.9,459.5,480.1,1965.6,4626.7
NUHRAL_clean,378.8,190.4,338.3,421.9,460.7,483.0,1897.6,4541.2
NUHZAS_clean,324.4,137.4,243.4,323.1,388.9,382.4,729.4,1240.8
NUJCEA_clean,271.2,85.9,108.3,127.3,237.2,287.7,320.8,404.9
NUJCIE_clean,268.9,85.5,106.3,129.2,241.6,289.0,319.2,404.5
NULMAJ_clean,191.8,59.7,72.0,86.2,158.0,195.9,223.4,265.5
NUMPAO_clean,178.6,50.4,69.2,89.1,158.0,177.3,188.8,481.4
NUNCEG_clean,277.5,107.4,169.2,225.0,327.8,324.7,640.0,1761.7
NUNNUH_clean,113.5,39.0,60.3,74.8,125.9,133.1,167.0,457.6
NUNPAP_clean,110.0,37.7,54.4,70.9,124.8,130.6,155.2,417.7
NUNSIA_clean,487.7,179.7,291.3,375.8,506.8,544.7,898.9,1816.1
NUNSOG_clean,491.5,173.4,282.6,373.2,519.2,527.0,917.8,1906.4
NUNZUT_clean,305.8,103.0,188.3,246.9,304.2,311.3,722.1,1466.1
NURMUJ_clean,139.4,48.2,72.0,94.1,184.4,167.8,213.2,559.7
NUSXEG_clean,861.6,279.4,300.7,387.2,550.2,581.2,654.8,1798.7
NUTQAV_clean,99.1,31.9,42.0,53.1,96.9,112.5,122.1,247.7
NUTYEI_clean,518.8,180.6,227.6,274.6,397.6,397.8,579.3,1709.8
NUTYIM_clean,511.2,168.4,217.7,270.6,404.6,419.2,581.7,1614.4
NUVBIQ_clean,165.0,57.6,87.2,115.2,194.1,201.9,229.7,484.3
NUVWEH_clean,278.3,95.3,139.8,185.1,316.9,332.5,391.4,914.8
NUVXOT_clean,212.4,75.0,122.4,158.9,235.8,235.6,439.3,1343.1
NUVXUZ_clean,756.0,245.4,281.2,306.9,456.8,488.0,558.7,1545.6
NUVYOT_clean,339.9,134.2,233.6,308.5,408.5,422.0,824.6,1721.1
NUWBOX_clean,187.6,63.6,90.0,118.7,209.5,220.9,244.5,610.1
NUWPOM_clean,219.3,73.8,97.4,123.8,229.1,254.7,275.7,630.0
NUWVIM_clean,1050.3,407.9,559.8,668.7,854.1,829.8,1493.4,2856.4
NUYNEC_clean,140.7,47.3,66.8,86.1,154.1,170.4,190.2,497.4
NUYQUU_clean,152.4,63.4,113.8,149.0,187.8,189.7,443.7,857.6
NUZCIV_clean,660.6,264.7,461.4,591.5,676.9,666.7,1939.0,3976.0
OBAFEF_clean,157.7,51.3,70.8,86.1,159.5,179.1,189.8,294.0
OBAFOP_clean,311.7,105.5,151.5,197.7,311.1,322.8,368.0,847.9
OBAHIL_clean,448.5,176.9,285.9,359.7,451.9,460.5,1004.2,2425.8
OBAHOR_clean,461.2,183.6,307.2,355.7,465.6,446.4,1103.1,2484.4
OBAHUX_clean,452.7,176.1,274.7,353.9,441.0,461.7,982.9,2268.3
OBAJAF_clean,468.7,173.9,282.3,358.3,451.0,457.2,996.8,2334.6
OBEDEE_clean,272.5,102.6,161.6,218.3,323.0,326.8,581.6,1534.2
OBIBAF_clean,352.2,125.2,186.6,243.6,359.0,359.4,539.3,1307.7
OBIBEJ_clean,240.1,85.4,126.9,167.3,273.6,276.8,362.8,923.2
OBIBOT_clean,342.6,123.3,189.6,250.7,352.3,344.8,622.7,1427.5
OBODEQ_clean,136.1,48.8,76.7,101.1,160.8,164.1,245.6,613.5
OBOGUK_clean,96.8,32.1,45.2,59.0,104.8,113.9,131.2,358.4
OBUBIW_clean,296.8,91.0,119.1,143.8,266.9,315.1,341.9,624.0
OBUBOC_manual,280.6,93.2,118.7,140.7,265.4,312.6,335.3,561.8
OBUFEX_clean,239.8,87.3,143.1,193.2,293.3,306.1,510.8,1278.7
OBUFIB_SL,369.4,135.9,222.5,294.2,466.6,438.5,684.5,1510.9
OCACUR_clean,153.5,57.3,96.2,128.1,187.0,188.4,362.7,883.0
OCAQOY_clean,259.4,84.4,120.8,156.0,277.3,295.4,307.1,491.8
OCILEU_clean,277.0,97.6,163.4,211.8,287.7,284.7,501.7,1036.9
OCILIY_clean,271.2,81.8,108.3,138.1,259.4,276.4,297.0,594.0
OCIMAR_clean,273.1,98.1,165.3,217.1,306.8,313.0,494.9,1011.2
OCIMEV_clean,255.2,88.9,148.6,196.4,282.2,285.7,445.7,948.3
OCIMIZ_clean,185.0,56.9,79.6,101.9,182.7,197.8,209.0,392.9
OCIMOF_clean,258.7,87.9,142.2,188.5,286.0,290.0,411.0,914.4
OCIMUL_clean,272.7,93.6,149.3,199.1,302.5,308.2,438.3,955.0
OCINAS_clean,260.5,101.4,177.9,231.8,293.8,295.8,532.6,1095.0
OCIZAD_clean,343.9,119.8,198.6,255.9,382.6,382.7,663.1,1652.0
OCOKUP_clean,243.9,95.7,163.8,215.8,296.3,299.5,494.6,968.8
OCUGEZ01_clean,192.3,65.0,94.1,124.8,217.4,245.5,258.8,560.1
OCUGEZ_clean,185.7,63.6,94.1,123.8,212.9,227.3,255.5,568.5
OCUMIL_clean,337.9,128.3,214.4,285.7,391.8,398.2,826.0,2195.2
OCUMOR_clean,358.9,149.0,254.2,329.3,430.7,432.2,1072.5,2629.3
OCUMUX_clean,370.0,134.0,228.7,307.6,405.1,401.8,905.6,2337.8
OCUNAC_manual,4034.6,1332.6,1879.6,2234.2,2656.0,2604.4,6775.3,18659.8
OCUNAE_clean,339.1,126.6,209.2,287.2,383.9,378.0,834.3,2129.3
OCUPOS_clean,200.4,77.2,140.0,180.9,232.8,235.3,436.5,738.4
OCUPUY_clean,200.5,80.6,145.7,186.4,252.0,248.7,494.8,936.1
OCURAG_clean,202.9,78.1,125.6,170.2,235.1,237.3,402.8,832.4
OCUSIP_clean,211.9,79.8,129.3,173.6,255.7,259.9,406.1,900.8
OCUSOV_clean,193.8,76.9,129.5,171.0,235.4,233.9,444.2,891.8
OCUSUB_clean,197.8,69.5,115.9,155.7,221.1,221.0,380.9,786.6
OCUTAI_clean,224.1,80.5,137.7,185.0,246.4,248.4,494.2,980.2
OCUTEM_clean,205.9,76.4,126.8,167.9,234.9,235.9,427.5,872.3
OCUVUF_clean,437.1,138.8,160.4,183.0,290.5,346.3,378.7,581.7
ODERIZ_clean,215.9,78.4,125.0,163.4,244.0,246.5,332.0,654.3
ODEZAB_clean,260.7,97.2,157.5,199.2,278.1,277.4,591.0,1577.1
ODIMAQ_clean,194.4,64.5,73.7,86.6,159.5,198.8,230.3,268.1
ODIVUU_clean,208.8,75.9,128.6,169.5,240.7,238.2,520.3,1352.1
ODIXEG_clean,153.5,54.9,87.7,114.5,182.9,192.4,286.5,848.1
ODIXIK_clean,471.8,210.9,398.1,479.5,538.1,585.7,2206.1,4939.8
ODODES_clean,370.9,162.8,289.0,381.9,446.6,457.1,1431.6,3490.5
ODODIW_clean,288.2,114.7,204.3,270.6,337.8,340.6,962.5,2447.8
ODODOC_clean,277.9,104.7,176.3,240.1,339.0,346.9,694.0,1855.0
ODODUI_clean,437.6,137.5,196.3,237.4,359.2,368.7,495.4,1408.9
ODOMIF_clean,143.1,57.1,98.5,130.6,177.4,176.5,375.8,808.9
ODOXEK_clean,267.4,121.9,229.6,283.5,324.1,324.2,788.2,1211.6
ODUNEH_clean,277.2,101.5,171.6,228.1,307.2,306.4,701.0,1759.2
OFAMUF_clean,225.8,59.7,82.2,100.0,191.8,209.9,219.5,291.9
OFAWAV_clean,97.4,31.1,39.5,46.8,88.0,107.3,119.7,193.3
OFAWEZ_clean,136.1,44.6,61.1,76.5,143.3,167.9,173.2,416.8
OFEHAK_clean,183.1,65.9,96.8,129.3,208.0,216.5,266.8,616.9
OFEREX_clean,125.2,45.3,71.0,93.9,150.5,153.4,222.4,536.7
OFERUN06_clean,192.9,62.8,81.8,102.5,190.4,219.6,233.7,457.3
OFERUN_clean,253.2,83.2,113.6,143.3,259.6,288.9,308.2,733.4
OFESAU_clean,307.6,108.9,162.6,219.2,354.1,363.2,434.0,925.7
OFESEY_clean,305.7,106.9,162.6,218.4,342.7,352.5,427.8,974.1
OFESIC_clean,302.3,105.6,163.8,227.5,344.5,356.5,425.8,961.6
OFOCUI_clean,361.2,142.5,242.7,318.1,403.3,396.6,1223.6,3545.5
OFODET_clean,247.8,90.8,151.2,198.4,291.4,294.4,499.9,1146.2
OFUCAV_clean,195.7,71.5,117.7,156.8,234.2,235.1,390.5,865.1
OFUCEZ_clean,175.0,63.7,109.1,135.3,208.9,215.8,326.4,837.5
OFUYUL_SL,245.0,102.7,184.8,243.9,297.1,294.5,891.1,2133.2
OGAGAF_clean,229.6,84.3,131.3,182.5,272.9,275.5,364.5,721.2
OGAGEJ_clean,168.0,56.5,81.5,107.2,186.7,197.0,220.2,540.1
OGAGIN_clean,287.4,104.8,178.1,230.1,339.6,337.9,490.7,903.5
OGAXUR_clean,253.3,92.9,150.8,200.1,299.9,304.3,419.9,867.0
OGEBAF01_clean,230.5,77.0,110.9,144.5,240.6,252.0,305.6,876.0
OGECOU_clean,251.0,95.1,154.7,211.2,303.2,306.6,438.4,840.4
OGIBOV_clean,186.3,210.7,227.4,305.3,991.3,1352.0,2043.8,2471.7
OGIBUD_clean,148.8,56.7,96.8,129.3,181.5,183.2,356.1,855.4
OGIJIY_clean,301.3,137.3,259.7,315.1,342.4,372.2,1055.2,1676.3
OGIKAR_clean,895.5,405.2,703.3,875.4,929.4,1080.2,4653.7,12098.6
OGIYUZ_clean,296.9,114.2,200.0,262.5,323.1,323.1,679.7,1511.0
OGOJAX_clean,268.1,80.5,102.4,126.4,200.7,214.3,239.0,686.9
OGOWAJ_clean,299.3,113.0,176.5,234.3,352.0,343.8,617.5,1537.4
OGUJIL_clean,283.2,99.3,150.9,202.4,316.0,333.1,467.9,1125.7
OGUPIQ_clean,396.6,165.3,290.0,374.0,460.7,455.0,1057.3,1909.7
OHAKEO_clean,204.4,84.8,170.2,200.1,244.8,245.6,593.2,1111.7
OHAKIS_clean,245.1,111.2,208.2,248.3,279.6,289.2,786.8,1345.5
OHAQAR_clean,2577.7,975.5,1495.9,1698.4,1728.8,2112.5,8380.8,19656.0
OHIHET_clean,301.8,120.9,210.3,285.2,366.2,371.1,688.4,1333.3
OHOMIH_clean,204.8,78.4,135.8,180.1,250.0,249.4,398.4,720.5
OHUMEL_clean,2046.2,657.7,820.5,970.5,1397.2,1339.9,1838.1,5578.9
OJAZOP_clean,1024.7,311.8,410.4,471.1,677.4,681.4,744.5,1815.0
OJICUG_clean,136.2,45.4,62.0,79.9,145.4,161.9,174.8,419.7
OJIDAN_clean,354.1,118.1,163.2,207.9,338.8,368.9,403.4,1085.8
OJIFAP_clean,368.0,133.1,240.5,311.6,352.6,353.4,1023.5,1918.5
OJIWAG_clean,270.7,107.7,186.8,243.0,311.0,311.5,746.3,1670.1
OJIWEK_clean,303.1,131.5,249.0,299.1,311.3,369.8,1323.0,2488.6
OJIWIO_clean,274.4,105.3,180.9,239.7,330.0,331.2,542.3,1030.6
OJONOQ_clean,105.3,33.5,40.2,49.1,90.9,114.5,130.6,175.1
OJORUC_clean,205.8,84.0,133.7,173.8,235.9,242.9,508.7,1249.6
OJOSEN_clean,177.4,72.2,136.4,168.4,200.1,202.4,582.7,1406.5
OJOSIR_clean,289.2,137.3,251.8,296.7,319.9,390.4,1551.1,3330.2
OJUPEQ_clean,1148.0,359.2,539.1,634.1,815.0,817.0,1542.2,3223.0
OKABAE_clean,177.4,59.7,84.0,107.2,183.7,194.8,227.8,645.3
OKABEI_clean,186.2,64.7,89.6,114.0,190.9,200.5,244.4,702.0
OKAYAC_clean,374.9,226.5,402.3,448.1,458.7,606.5,1287.3,1627.9
OKAYEG_clean,374.6,234.7,415.4,462.1,474.5,632.7,1302.4,1614.9
OKAYOQ_clean,193.1,77.2,129.0,171.6,234.5,237.7,374.1,650.5
OKAYUW_clean,193.1,75.7,132.3,179.4,235.1,236.5,374.0,645.2
OKAZAD_clean,194.4,78.5,133.2,178.8,238.9,239.7,378.0,647.5
OKELOH_clean,198.5,68.5,108.1,143.4,221.7,225.2,386.4,1059.0
OKILEA_clean,182.6,58.5,75.9,93.4,174.4,206.2,219.3,301.8
OKIQEG_clean,377.5,158.2,295.6,370.9,437.8,435.5,1276.5,2617.0
OKITAE_clean,138.4,49.7,77.3,104.5,162.7,204.7,203.7,381.0
OKIVUA_clean,252.7,103.2,176.1,228.6,282.6,283.6,692.1,1413.8
OKIWUB02_clean,257.2,99.3,172.8,220.8,292.7,286.7,636.2,1312.5
OKIYAJ01_clean,252.2,102.0,177.7,225.8,290.8,285.2,676.3,1413.1
OKOSUE_clean,305.9,112.8,166.2,220.3,316.2,317.8,557.5,1495.3
OKUJUB_clean,4594.2,1692.6,2541.4,2734.6,2747.6,2987.9,9189.5,19701.3
OKUKEM_clean,2598.3,917.1,1456.8,1546.9,1597.6,2076.1,7084.4,15286.3
OKUKOW_clean,1330.2,421.2,522.3,645.3,871.7,859.1,1445.9,3699.5
OKUSUK_clean,1062.8,337.4,450.0,523.8,805.8,757.0,955.4,2940.5
OKUTAR_clean,1075.7,360.1,445.0,512.1,717.4,738.9,968.1,2537.6
OKUTEV_clean,1066.7,350.6,452.4,526.6,756.9,763.6,1003.1,2998.9
OLAGIR_clean,266.2,132.2,265.9,303.6,309.5,379.5,1678.4,3880.4
OLANAS_clean,260.5,86.6,122.1,158.1,270.9,283.4,322.2,782.6
OLANEW_clean,326.8,115.5,168.4,222.5,357.2,366.8,489.9,1309.8
OLAQOI_clean,855.2,265.3,305.0,342.5,503.6,609.0,689.8,781.0
OLEKUM_manual,419.5,162.8,283.3,362.8,476.6,555.5,1215.9,3179.5
OLICIX_clean,1185.0,389.3,535.1,642.7,873.4,841.0,1413.7,3723.2
OLODEA_clean,623.7,229.9,390.4,506.2,651.7,666.6,1727.5,4701.2
OLOGEC_clean,315.2,116.9,194.6,257.0,359.0,365.3,790.3,2355.4
OLOPEM_clean,551.5,282.9,518.0,609.5,631.4,795.6,2634.7,4420.3
OLOPOW_clean,562.6,465.4,636.9,651.0,1093.0,1548.0,2803.0,3592.8
OLOYOF_clean,248.3,89.2,140.0,186.3,267.7,264.1,483.6,1408.0
OLUCAZ_clean,221.7,75.2,103.4,133.7,233.7,252.9,268.5,497.4
OLUROC_clean,285.7,141.5,248.4,293.3,312.2,373.0,1175.3,1770.9
OMAMEU_clean,181.5,82.7,154.0,190.7,216.7,222.1,650.7,1150.3
OMIMEE_clean,2078.5,688.1,913.9,1092.4,1370.2,1453.5,2742.5,7727.5
OMIPAD_clean,527.4,264.4,511.8,604.1,621.4,693.6,1867.9,3050.5
OMIPEH_clean,1624.6,554.2,711.7,816.3,1069.6,1071.8,1805.2,5190.3
OMITUB_clean,1584.1,495.3,682.3,779.2,1070.1,1102.7,1825.2,5214.4
OMOVET_clean,199.0,81.9,143.8,195.7,230.1,236.4,667.3,1569.1
OMUMEQ_clean,1222.0,437.3,721.9,826.9,920.3,956.9,3348.7,7211.5
OMUMIU_clean,935.9,359.1,606.0,719.0,782.7,872.1,3084.6,6706.1
OMUSAS_clean,158.6,48.5,55.0,61.9,98.2,119.1,135.7,173.0
ONEJUN_clean,363.3,112.8,145.3,169.1,310.6,326.5,352.8,704.4
ONEYIQ_clean,6827.6,2161.3,2731.5,3281.4,4237.1,4258.4,7511.6,21327.6
ONEYOW_clean,357.9,115.0,134.5,170.1,262.0,288.6,308.9,636.4
ONUJUE_clean,374.7,135.5,221.3,294.8,413.8,412.9,859.0,2032.5
ONUKAL_clean,207.3,99.5,184.7,226.9,253.9,262.1,749.1,1452.6
ONUQOE_clean,369.1,174.6,335.8,400.9,456.7,482.1,1744.8,3634.6
OPAGIX_clean,298.5,118.5,215.3,278.6,351.4,347.9,1037.8,3018.4
OPAHIY_clean,611.8,201.4,329.8,407.7,504.1,470.0,1233.8,3169.2
OPAMOI_clean,147.6,50.8,84.4,110.3,172.5,173.4,286.5,712.6
OPENUT_clean,166.7,52.0,70.3,89.7,161.9,183.8,192.5,387.4
OPIFUQ_clean,1177.7,420.5,583.4,692.0,858.6,829.7,2029.9,4804.7
OPINIL_clean,132.0,41.7,48.6,55.1,99.1,127.9,162.0,171.5
OPIPUZ_clean,372.0,145.1,246.2,328.7,456.3,441.5,759.8,1517.4
OPIWEQ_clean,281.6,122.3,234.2,288.0,355.4,353.3,897.5,1580.2
OPIXUI_clean,718.0,225.9,306.8,341.1,499.5,525.7,662.3,1752.9
OPIYAP_clean,306.6,116.1,197.3,249.3,347.8,343.5,694.3,1590.0
OPOBIF_clean,309.1,106.0,144.1,183.3,330.9,362.2,366.7,410.4
OPOZEZ_clean,256.8,82.9,107.8,135.1,238.5,269.0,276.6,493.7
OPUDOT_clean,247.0,118.8,230.4,277.2,308.4,309.9,634.8,915.8
OQANIE_clean,244.5,107.3,195.4,255.8,279.7,285.1,700.3,1466.5
OQEPUW_clean,368.9,150.6,245.9,329.1,438.8,430.8,897.3,1899.5
OQEROS_clean,209.2,81.5,142.4,187.8,248.7,252.1,489.1,948.0
OQERUY_clean,278.7,121.4,218.4,272.1,326.1,325.2,856.9,1634.6
OQESAF_clean,205.4,81.1,145.0,189.8,248.2,250.7,482.2,896.1
OQESEJ_clean,208.8,82.0,143.2,185.4,248.5,248.6,487.9,940.4
OQETEK_clean,85.9,29.0,39.6,50.5,93.0,101.3,108.9,237.0
OQIQEM_clean,159.4,66.2,119.9,157.5,189.1,190.8,442.6,790.1
OQIQIQ_clean,163.0,69.4,121.6,156.5,190.7,192.7,442.5,807.4
OQIQOW_clean,158.2,68.1,129.7,160.0,190.2,190.1,479.2,855.3
OQIZUL_clean,601.4,278.1,508.0,607.0,648.1,782.8,3162.1,8670.5
OQOJUB_clean,306.6,108.2,162.3,211.1,354.1,355.9,406.5,823.9
OQUCOU_clean,236.2,84.9,135.3,176.9,272.8,273.7,473.6,1393.0
OQUFAJ01_clean,276.5,95.8,147.1,188.6,262.6,266.3,593.6,1712.7
OQUFAJ02_clean,314.2,112.1,167.2,210.7,299.2,300.8,519.8,1292.9
OQUFAJ03_clean,275.9,86.1,147.1,186.8,261.0,258.9,553.0,1569.1
OQUFAJ04_clean,250.7,90.4,144.3,192.8,264.2,260.6,570.2,1535.1
OQUFAJ_clean,238.5,85.8,140.9,185.0,258.9,260.3,549.0,1529.8
OQUFIR_clean,354.5,130.1,233.1,283.5,328.2,341.9,1043.9,2520.1
OQUFOX_clean,317.1,100.2,134.0,168.6,258.3,268.0,327.4,855.6
OQUFUD_clean,324.8,135.7,248.0,287.6,342.8,341.3,1203.9,2777.8
OQUGAK_clean,833.2,336.6,606.0,668.2,705.1,920.5,3188.9,6313.4
OQUGUE_clean,293.2,112.2,193.2,247.9,313.6,317.4,799.9,1966.3
OQUWUU_clean,1333.3,484.0,708.8,892.5,1248.9,1192.5,2654.8,6662.3
OQUXAB_clean,385.5,149.9,263.5,341.9,484.6,437.2,1068.5,2454.7
OQUXEF_clean,388.2,147.8,261.2,329.0,442.6,459.4,1006.3,2389.1
OQUXIJ_clean,385.2,155.0,265.5,343.0,445.7,462.7,1031.8,2293.0
OQUZIL_clean,396.2,155.6,268.9,342.1,453.6,433.5,1056.3,2477.6
ORAGEU_clean,228.6,72.0,84.6,99.4,179.8,230.8,269.2,300.1
ORAGOF_clean,316.2,109.4,167.8,216.8,344.6,355.4,507.5,1510.2
ORAQUU_clean,614.5,245.3,437.1,542.4,617.6,639.2,2156.4,5233.9
ORAWAH_clean,1516.5,486.9,693.7,818.1,1080.1,982.5,2278.1,5895.0
OREZES_clean,281.9,89.3,104.6,117.4,205.6,267.2,331.4,360.1
OREZUI_clean,663.8,517.1,638.7,642.4,1396.3,2130.6,4120.8,5339.3
ORIBAU_clean,142.4,49.4,75.3,97.3,158.3,160.0,226.9,576.9
ORIVOC_clean,298.8,114.9,202.4,269.8,356.4,356.9,931.2,2701.4
ORIVUI_clean,291.5,113.8,200.2,262.9,349.5,349.1,913.6,2623.6
ORIWAP_clean,293.0,123.2,194.7,257.5,349.9,349.4,869.2,2580.0
ORIWET_clean,297.2,111.2,188.7,250.8,356.4,360.4,774.6,2410.3
OROKEN_clean,176.1,61.7,96.6,126.3,208.2,214.5,306.7,836.4
OROLUD_clean,172.3,67.3,117.8,159.6,207.8,207.3,483.8,1049.5
ORUKET_clean,177.5,59.2,80.6,99.9,176.9,190.8,205.4,472.9
ORUKOD_clean,433.9,196.6,354.2,456.7,506.9,507.3,1395.2,2572.6
ORULEU_clean,269.4,112.8,203.6,261.0,321.5,319.6,739.2,1383.5
OSAVEK_clean,147.4,57.2,83.3,113.9,176.9,179.3,261.2,630.9
OSAVUA_clean,136.0,49.3,70.0,91.9,157.3,167.5,199.0,511.5
OSAWEL_clean,180.7,74.3,134.7,177.9,223.2,223.6,467.5,872.6
OSIKIL_clean,405.9,184.1,275.3,367.8,427.3,421.9,1381.8,3691.8
OSIKUX_clean_h,416.2,164.3,283.7,351.7,433.3,435.2,1301.3,3555.9
OSIWUJ_clean,274.4,92.1,133.8,170.1,302.6,323.2,336.9,543.7
OSIXEU_clean,267.8,91.0,135.5,165.9,291.4,320.1,331.1,518.9
OSIXIY_clean,369.5,130.2,202.0,261.4,434.0,453.0,488.7,957.2
OSOTIB_clean,226.7,76.8,126.2,158.0,230.0,229.7,443.2,1225.0
OSOTUN_clean,1698.8,635.1,913.6,1034.4,1245.2,1244.0,2845.4,5672.3
OSUVIJ_clean,339.5,134.1,236.8,308.8,416.3,415.6,943.6,2170.5
OSUWEF_clean,434.9,264.5,477.8,522.7,546.6,792.4,2247.2,3319.2
OTABES_clean,95.6,34.0,54.1,74.9,107.4,112.5,190.7,509.1
OTALUS_clean,1130.1,411.6,557.6,727.1,917.9,912.4,1742.1,4849.5
OTAQAD_clean,103.7,40.1,68.6,90.4,125.1,128.9,253.4,647.8
OTATOT_clean,203.9,68.8,95.9,162.1,216.4,235.0,263.2,591.9
OTAVAH_clean,206.6,70.1,96.4,124.2,222.6,244.7,257.8,591.1
OTAVOV_clean,205.7,69.6,101.0,122.1,221.3,242.1,254.8,594.9
OTAVUB_clean,202.0,68.2,95.1,122.3,216.4,236.2,252.7,598.7
OTAWIR_clean,241.3,92.4,159.3,207.4,273.1,271.7,647.1,1688.7
OTECAT_clean,627.3,207.9,351.9,435.3,542.7,555.2,1397.1,4239.0
OTEGUR_clean,147.8,58.7,106.6,138.8,172.0,171.9,526.8,1197.6
OTEHAY_clean,137.9,55.4,99.0,129.3,168.6,168.5,461.2,1084.1
OTIBUQ_clean,147.3,64.5,115.5,147.9,170.9,173.2,449.0,1024.5
OTIJAE_clean,404.4,149.7,253.5,336.9,445.5,441.9,1141.0,3297.7
OTIPAK_clean,246.5,129.5,247.4,289.2,307.4,370.8,1301.3,2239.1
OTIPEO_clean,200.5,93.0,176.2,217.7,242.4,260.5,786.0,1455.3
OTIPUE_clean,252.0,103.8,185.9,243.1,305.2,303.1,542.1,889.8
OTIQAL_clean,236.6,90.2,153.9,203.9,281.3,285.5,528.9,1041.3
OTODEI_clean,451.4,162.2,267.3,362.6,540.4,542.1,878.8,2351.9
OTODOS_clean,450.9,174.5,294.9,390.8,548.3,534.7,1085.8,2718.7
OTOLIU_clean,337.0,137.7,242.8,315.3,390.8,388.7,1290.1,3665.1
OTOVAW_clean,261.6,105.3,186.6,245.6,315.3,314.2,540.0,903.0
OTOVIE_clean,221.4,91.3,161.6,210.3,273.4,268.6,526.3,893.2
OTOZAA_clean,201.4,75.0,138.1,172.9,199.8,207.7,625.8,1425.4
OTUDEO_clean,177.9,63.7,92.2,118.8,204.4,214.2,256.0,632.5
OTUDIS_clean,193.2,65.6,96.9,126.7,214.6,227.9,268.0,680.0
OTUXUX_clean,422.7,253.8,480.5,504.1,543.9,872.9,2607.1,4042.3
OTUYEJ_clean,137.3,47.5,64.7,83.7,148.1,162.1,176.8,437.2
OVADAR_clean,245.1,114.0,212.1,255.5,282.7,300.2,891.5,1571.5
OVEDAW_clean,527.7,152.9,173.7,189.7,305.9,334.1,397.0,810.4
OVEHUT_clean,175.3,69.7,118.4,155.4,214.6,213.7,506.6,1398.7
OVEJIJ_clean,138.8,50.6,79.1,104.6,164.0,166.8,241.4,588.0
OVEXOD_clean,498.6,178.9,251.8,316.0,521.7,556.8,564.7,1028.7
OVICUS_clean,266.9,121.3,221.7,282.0,336.3,334.4,731.1,1202.2
OVIWIA_clean,144.6,48.7,72.0,96.3,162.6,171.1,200.8,468.2
OVIWOG_clean,182.7,57.6,79.7,103.8,183.7,200.4,215.9,489.1
OVIZID_clean,332.9,129.1,213.9,278.9,395.3,392.7,733.6,1587.5
OVUCOY_clean,185.8,66.8,102.0,134.0,215.8,223.5,291.5,663.0
OVUDAL_clean,173.5,60.6,92.4,121.0,204.6,212.5,264.8,685.6
OVUNIE_clean,243.1,107.2,194.5,234.1,254.2,285.0,1184.2,2617.3
OVUVIL_clean,194.7,74.5,137.2,172.7,202.2,202.9,688.6,1468.5
OWAVIS_clean,310.4,117.0,197.7,277.4,330.5,340.1,990.6,2841.8
OWAVOY_clean,203.4,79.9,130.2,172.0,240.8,255.4,491.8,1213.7
OWETIU_clean,271.9,87.3,108.4,130.0,244.0,291.2,312.6,440.3
OWEYOF_clean,406.4,181.4,326.2,383.4,401.3,473.3,1623.4,3143.7
OWIHEJ_clean,140.7,57.0,102.5,135.9,173.0,170.6,492.7,1151.7
OWIHIN_clean,137.3,57.2,103.2,134.8,170.0,169.8,502.3,1155.1
OWIHOT_clean,146.7,57.2,105.6,138.1,169.2,170.1,503.6,1171.8
OWIHUZ_clean,137.0,56.8,101.1,131.9,167.8,168.6,499.1,1141.2
OWIJAH_clean,137.9,56.0,103.6,132.5,168.4,168.6,488.9,1144.2
OWIJEL_clean,136.9,56.5,101.4,135.0,170.9,168.8,486.2,1135.8
OWIJIP_clean,136.5,57.5,104.1,133.4,171.7,170.9,502.5,1172.0
OWIJOV_clean,137.8,56.3,102.0,138.6,169.0,171.6,509.3,1154.3
OWILAJ_clean,289.0,109.7,166.5,210.5,334.0,330.5,505.3,1341.0
OWIYUP_clean,1415.7,540.7,798.1,976.8,1123.5,1232.0,3756.2,8562.4
OWIZAW_clean,205.3,68.4,97.0,119.5,205.5,218.6,249.0,721.0
OWUWOU_clean,450.4,176.3,299.9,393.6,528.5,523.7,1139.0,2548.4
OWUWUA_clean,463.4,195.3,320.7,436.8,524.7,522.3,1224.5,2576.2
OXALAB_clean,165.1,56.1,82.4,106.9,183.9,198.4,230.4,602.9
OXALEF_clean,166.0,57.7,84.2,109.0,189.2,200.3,237.2,632.2
OXALIJ_ion_b,181.4,61.8,85.6,109.4,195.7,216.1,234.0,544.0
OXALOP_clean,245.7,84.6,124.4,159.3,224.3,228.6,344.7,788.2
OXALUV_SL,255.5,96.8,158.6,209.0,299.7,295.4,607.4,1704.3
OXAMEG_clean,264.8,85.3,126.0,160.4,232.9,235.9,341.9,817.3
OXANOR_clean,278.8,100.7,184.7,236.4,276.8,281.4,904.9,2135.8
OXANUX_clean,282.5,104.3,189.3,237.7,291.5,291.0,926.1,2106.7
OXAPAF_clean,292.2,104.8,191.4,243.1,284.0,293.4,897.8,2093.5
OXEVOE_clean,171.3,60.4,96.6,123.4,192.9,195.1,244.9,513.5
OXITOF_clean,153.9,50.3,66.8,83.7,159.2,181.3,193.0,352.3
OXOLAP_SL,297.6,111.6,187.4,240.3,313.7,315.7,446.8,994.0
OXOZUY_clean,430.0,207.7,386.0,466.1,524.8,548.2,2108.9,4579.7
OXUPUT_clean,178.3,65.4,105.6,141.9,211.2,214.7,364.2,963.7
OYAJIJ02_clean,438.0,168.2,329.0,382.0,472.5,476.4,1650.7,4201.6
OYAKAC02_clean,420.9,166.2,298.8,377.8,450.8,450.0,1494.0,4005.4
OYEJOS_clean,292.6,101.1,145.7,191.1,324.5,337.7,414.3,1166.7
OYERER_clean,134.1,45.3,59.2,76.2,139.4,158.3,168.3,393.6
OYERIV_clean,266.3,116.6,195.8,256.5,311.3,307.3,681.1,1481.2
OYEROB_clean,228.2,86.4,128.8,167.8,257.3,258.2,455.6,1343.8
OYERUH_clean,365.9,157.8,282.7,329.9,377.3,385.9,1030.1,2260.5
OYEWEW_clean,228.0,77.1,102.0,125.2,202.0,205.1,254.9,698.5
OYEWIA_clean,154.3,51.5,74.6,96.3,156.5,160.6,210.0,555.9
OYIVEY_clean,213.5,78.9,121.6,159.9,239.4,233.0,418.2,1175.0
OYIVIC_clean,170.0,64.4,108.3,140.3,206.5,207.1,356.0,839.8
OYIVOI_clean,179.2,67.6,112.9,149.0,223.0,215.5,387.0,885.1
OYOSAX_clean,270.7,108.6,189.7,248.2,331.5,331.9,694.5,1439.3
OYOVOP_clean,565.2,159.2,192.8,247.6,384.0,397.8,454.9,1075.9
OZASOZ_clean,583.7,232.5,377.7,505.3,622.2,608.1,1797.1,4793.0
OZAVES_clean,139.4,50.2,78.4,103.6,166.2,169.6,227.3,514.5
OZAVOC_clean,151.8,59.4,103.0,136.8,187.0,187.5,395.2,890.7
OZAVUI_clean,145.8,54.3,87.1,116.6,178.1,185.1,289.3,710.7
OZUKOL_clean,243.4,89.4,146.6,192.0,287.5,289.7,548.9,1615.0
OZUKUR01_clean,217.6,78.4,125.2,165.4,257.8,263.5,445.6,1363.2
OZUKUR_clean,238.8,88.2,146.6,191.1,286.5,298.0,544.2,1620.5
OZULAY_clean,255.7,88.9,141.6,190.5,285.0,289.9,533.7,1574.2
OZULUS_clean,291.0,112.2,191.1,253.0,352.5,361.1,817.0,2347.1
OZUMAZ01_clean,291.2,113.8,201.2,258.2,358.6,366.3,821.7,2337.1
OZUMAZ_clean,296.5,112.7,194.5,251.6,353.2,353.7,811.1,2374.9
OZUMIH_clean,292.2,113.5,193.4,262.4,356.8,358.2,858.6,2483.5
PACGIM_clean,414.2,167.7,278.3,346.6,436.4,421.0,1208.0,3142.4
PACHUZ_clean,452.3,134.6,173.7,213.7,387.9,431.3,445.9,715.4
PACZOK_clean,429.0,161.2,272.6,351.1,491.0,483.4,1121.5,3380.2
PACZUQ_clean,354.6,111.4,134.3,159.2,287.9,361.0,424.9,469.3
PAFMUH_clean,262.2,87.4,129.9,168.7,281.5,293.1,312.1,514.0
PAHPOG_clean,389.1,154.4,272.0,355.5,442.1,443.0,1150.1,2878.9
PAJSAX_clean,230.9,80.5,121.3,154.5,250.9,250.8,349.4,977.4
PAKFAL_clean,320.2,103.4,146.3,173.3,325.6,370.1,381.3,591.0
PAKFEP_clean,314.2,120.1,138.2,173.0,321.5,362.0,381.9,590.0
PAKXIK_clean,276.5,98.4,167.1,220.0,312.2,319.0,591.6,1388.5
PALTIH_clean,615.4,203.5,230.5,293.2,435.8,444.6,525.6,1227.6
PALTON_clean,356.3,150.3,273.9,355.7,419.7,425.5,1318.8,3083.3
PAMHIW_clean,327.0,134.2,243.5,310.1,375.2,378.3,1054.4,2519.1
PAMTII_clean,165.4,56.8,88.3,116.8,181.6,187.7,247.8,614.9
PAMTOO_clean,157.6,56.5,87.8,118.7,181.6,186.8,240.7,611.5
PAMTUU_clean,164.1,59.4,90.5,120.8,188.3,191.1,249.7,638.0
PAMVEG_clean,296.0,85.8,104.7,121.1,228.6,281.8,326.2,344.7
PAPROO_clean,300.5,107.3,163.8,211.7,353.3,358.0,420.2,932.4
PAPRUU_clean,282.2,99.1,147.8,197.2,328.6,340.4,372.8,752.1
PAPVAF_clean,267.0,99.3,163.3,216.6,305.4,306.4,624.6,1777.3
PAPXUB_clean,287.7,114.1,200.8,263.3,356.1,351.6,548.1,947.2
PAQMAY_clean,689.4,215.8,258.2,266.1,389.4,448.7,489.1,1411.9
PAQMEB_clean,181.8,61.7,87.5,112.7,199.1,214.4,238.6,588.8
PAQTIM_clean,334.0,123.6,209.8,273.5,358.5,361.4,610.4,1025.7
PAQTOS_clean,331.8,121.1,208.4,276.1,370.0,360.0,616.8,1040.8
PAQVEK_clean,279.9,121.8,215.4,273.1,321.9,324.6,833.4,1540.9
PARHAS_clean,126.6,40.7,51.1,60.3,115.5,140.0,157.6,226.2
PARHEW_clean,125.3,40.3,50.5,62.0,116.1,140.1,157.0,249.3
PARKUQ01_clean,130.9,48.3,73.6,97.8,157.5,162.1,245.1,653.6
PARMIG_clean,188.4,127.2,212.3,221.4,271.4,448.3,1017.6,1315.5
PARNIH_clean,205.5,66.6,91.8,119.2,210.6,231.5,248.8,601.8
PARNON_clean,273.7,101.6,162.5,216.3,322.7,326.9,573.9,1499.4
PARSAF_clean,440.1,223.9,386.7,426.6,443.6,619.6,2468.2,6006.0
PARSEJ_clean,447.8,206.3,376.2,418.3,439.8,640.3,3016.8,5402.4
PASMUT_clean,221.5,80.9,131.8,172.6,267.0,266.9,424.0,1012.4
PASNAA01_clean,252.0,91.1,147.4,194.3,289.1,302.0,504.8,1223.6
PASNAA_clean,248.2,91.2,151.8,195.2,299.7,301.1,500.9,1201.6
PASTOU_clean,348.2,132.2,207.0,268.5,421.2,421.9,570.8,1273.6
PATNAB_clean,113.4,37.4,48.1,60.2,110.1,128.8,142.8,254.2
PATWOY_clean,229.0,83.9,134.8,179.8,272.5,276.4,403.4,955.7
PAVLOO_clean,175.5,96.9,179.5,200.0,212.6,266.2,856.6,1439.8
PAVMAB_clean,171.1,87.8,168.0,200.5,216.4,249.9,839.9,1393.2
PEBNEP_clean,378.0,143.2,225.1,298.7,471.9,458.0,592.0,1094.6
PECLEP_clean,363.1,169.2,315.9,387.0,436.4,452.5,1484.5,2647.9
PEDMER_clean,170.7,66.3,110.9,148.2,207.9,210.0,358.8,706.6
PEDMOB_clean,266.2,94.0,141.5,186.8,303.1,313.9,392.8,896.6
PEDRIA_clean,359.9,136.0,221.5,304.5,402.7,412.7,989.0,3000.3
PEFJUF_clean,126.2,58.1,111.0,134.5,152.0,164.6,593.5,1158.0
PEFRID01_clean,357.0,148.6,280.2,354.7,418.6,419.1,1300.1,2744.4
PEFRID_clean,251.4,95.2,151.9,198.2,289.7,293.9,549.3,1489.7
PEFRUP01_clean,359.4,156.7,279.1,362.9,428.3,440.4,1307.1,2868.8
PEFRUP_clean,260.4,92.7,155.3,200.0,288.0,290.8,548.1,1452.0
PEFSUQ_clean,288.4,87.3,110.5,130.5,253.9,300.6,332.5,418.0
PEGBAG_clean,302.0,101.9,141.1,170.0,312.7,341.0,356.4,607.5
PEGBUA_clean,287.8,103.2,142.6,183.0,321.0,355.1,362.7,686.4
PEGCAH_clean,288.9,107.5,165.6,217.1,338.5,346.6,432.1,895.6
PEGCEL_clean,292.8,107.1,167.9,220.6,351.4,346.3,470.3,968.5
PEGCIP_clean,322.9,137.1,245.4,315.3,366.5,374.1,1088.5,2250.5
PEGPOI_clean,280.7,113.6,206.6,251.7,314.9,316.6,602.9,1096.4
PEGQID_clean,177.5,61.0,86.7,113.4,198.5,208.3,216.2,319.8
PEGQOJ_clean,182.1,62.2,90.4,117.3,202.1,213.3,221.2,331.9
PEGQUP_clean,183.5,63.7,92.6,121.8,207.3,220.9,223.9,334.0
PEHQID_neutral,322.1,118.1,188.8,252.1,388.8,401.8,564.8,1328.7
PEHTON_clean,439.4,161.0,230.9,317.9,507.8,526.1,680.0,1611.2
PEJFOA_clean,193.5,184.0,237.8,238.8,528.7,814.8,1689.4,2223.5
PEJFUG_clean,214.9,162.4,250.2,260.7,381.2,651.5,1585.5,2335.3
PEJMOI_clean,185.9,60.5,84.1,108.1,192.1,209.4,222.3,463.9
PEJMUO_clean,331.1,121.4,206.2,267.6,365.7,355.6,922.0,2927.9
PEJNUP_clean,137.5,47.7,71.5,94.3,162.5,169.4,216.9,633.3
PEKCUF_clean,313.8,115.5,176.5,231.0,348.7,343.9,610.5,1713.4
PEKDAM_clean,212.5,74.3,114.0,148.8,242.0,249.1,351.0,933.1
PEKDEQ_clean,324.2,112.0,181.4,240.8,338.2,347.3,714.2,2104.4
PEKVUY_clean,202.8,76.5,140.4,181.3,227.4,227.1,496.3,997.7
PEKZIP_clean,196.5,70.4,111.2,146.3,236.2,245.1,292.6,543.0
PELGOE_clean,232.5,83.7,133.3,174.7,264.8,268.5,378.4,805.4
PELQII_clean,381.6,135.7,207.6,261.0,368.9,363.5,652.0,1801.5
PELRIJ_clean,388.2,120.3,143.8,161.2,275.1,312.9,300.7,589.3
PELXIP_clean,276.7,110.8,197.2,255.3,325.5,335.5,668.0,1285.9
PEMGEV_clean,720.7,294.1,532.3,643.0,682.6,749.2,2555.8,5170.2
PEMREG_clean,315.6,115.0,170.9,222.7,354.1,356.3,545.3,1562.8
PEMRIK_clean,296.1,125.4,230.7,293.7,348.1,348.7,927.0,1831.6
PENNAZ_clean,222.8,80.4,129.5,169.5,256.5,264.9,412.8,1134.9
PENNIH_clean,425.3,151.1,263.5,339.6,411.9,401.2,1151.2,3298.1
PENNON_clean,130.2,44.5,60.9,79.2,141.1,154.1,171.4,467.0
PENNUT_clean,344.7,136.4,234.6,301.6,417.5,417.5,887.4,1994.2
PENYIR_clean,227.0,90.3,151.3,200.2,278.5,279.2,496.7,1083.7
PENZIS_clean,162.9,64.9,115.5,154.2,204.0,204.4,491.7,1221.2
PEPBAO_clean,233.6,87.7,141.8,186.7,282.7,280.5,402.7,751.8
PEPFAT_clean,433.4,198.8,356.4,435.0,485.9,520.3,2087.7,5699.1
PEPKOL_clean,325.2,142.5,259.8,336.7,403.2,397.9,919.6,1584.6
PEPKUR_clean,279.2,121.9,230.4,299.7,339.0,339.7,927.9,1595.4
PEPLAY_clean,151.3,56.9,94.3,123.4,185.5,191.4,337.4,871.7
PEPLEC_clean,166.7,60.2,95.2,126.8,194.8,201.3,346.3,909.3
PEPLIG_clean,158.2,59.4,94.7,127.8,195.6,193.3,338.4,876.8
PEPLOM_clean,159.9,63.1,103.9,138.9,195.0,198.7,351.2,742.2
PEQFAT_clean,677.0,197.5,242.3,299.8,425.7,463.2,558.6,1506.9
PEQRUZ_clean,218.5,101.1,189.7,238.3,267.1,269.9,724.3,1240.4
PEQWAK_clean,215.5,79.4,130.5,176.5,258.5,264.2,420.2,963.9
PESTUD_clean,274.0,123.9,232.6,294.8,334.6,349.5,893.8,1533.5
PETWOC_clean,209.7,76.1,118.0,155.7,255.0,254.9,363.0,949.5
PETWUI_clean,658.6,502.6,695.5,676.2,1600.5,3099.7,11523.4,22307.3
PETXAP_clean,688.4,331.2,617.2,727.5,761.8,1047.9,5137.3,15214.8
PEVFON_clean,230.6,80.1,101.3,126.0,228.0,263.4,275.7,584.9
PEVLIN_clean,189.0,64.9,93.4,121.7,214.9,234.5,244.2,465.7
PEVQIS_clean_h,364.1,139.8,234.4,309.6,435.4,426.8,1022.2,3080.9
PEVQOY_clean_h,377.4,148.0,248.8,327.2,427.2,436.0,1081.6,3391.5
PEVXAQ_clean,303.8,103.7,148.4,191.2,328.5,349.3,365.2,704.2
PEWGEF_clean,174.2,53.7,69.2,85.0,161.9,190.3,204.7,352.4
PEWLUA_clean,236.8,79.2,103.6,128.4,214.7,231.5,265.0,705.3
PEWXUL01_clean,346.1,140.9,254.8,329.7,442.7,425.1,1025.9,2239.1
PEWXUL_clean,348.1,146.5,269.3,354.8,422.4,426.8,1160.2,2429.3
PEXFAA_clean,106.1,35.8,51.5,66.0,117.4,131.5,148.8,376.9
PEXTUI_clean,145.6,53.4,87.1,112.0,171.6,177.0,266.3,627.8
PEYPAM_SL,304.7,164.5,308.6,356.7,364.2,538.4,1891.0,3468.7
PEYPIU_clean,300.9,153.5,289.8,341.9,367.0,404.0,1184.9,1870.2
PEYSIW_clean,349.3,140.9,248.6,333.5,421.1,417.0,970.5,2138.1
PEYVEV_clean,194.2,82.6,152.9,196.0,227.1,230.4,781.9,1791.1
PEZCII_clean,297.8,101.5,140.0,178.1,308.0,329.9,376.3,1011.8
PIBGAK_clean,173.5,62.3,97.3,128.1,204.8,211.4,301.5,806.9
PIBNUK01_clean,335.5,114.8,178.2,230.9,363.2,368.8,604.6,1965.9
PIBNUK_clean,316.4,113.7,176.6,233.6,357.6,374.7,594.5,1887.6
PIBPAS01_clean,273.8,98.2,149.4,193.8,298.9,313.1,478.9,1336.7
PIBPAS_clean,304.8,97.3,144.7,193.4,298.6,296.2,485.1,1380.9
PIBPIA_clean,323.5,114.9,179.1,233.7,367.7,367.6,595.2,1870.3
PICTIG_clean,170.5,60.1,89.5,115.6,195.0,206.9,256.6,682.5
PIDMEV01_clean,203.0,74.7,124.2,161.7,244.0,252.4,416.1,1023.4
PIDMEV_clean,198.5,72.4,116.1,155.0,234.9,239.6,399.8,990.5
PIDNEX_clean,228.9,72.8,119.1,156.9,232.7,229.6,474.6,1577.2
PIDNOH_clean,811.1,620.5,877.7,904.6,1632.1,2764.8,7504.3,10907.2
PIGXUZ_clean,366.4,131.0,229.6,295.4,411.2,408.8,547.9,956.4
PIHNUQ_clean,336.0,130.4,230.4,310.0,413.7,413.1,615.2,1039.1
PIHWAG_clean,179.0,62.5,96.4,125.8,208.3,219.8,269.4,687.2
PIHWOU_clean,145.5,68.8,131.6,166.8,183.4,188.9,584.8,1054.6
PIJDIX_clean,170.5,71.8,123.4,161.5,199.7,200.6,447.6,871.3
PIJJEZ_clean,1641.2,874.8,1336.2,1445.1,1677.3,2966.8,11553.6,24911.7
PIJJOI_clean,262.3,96.9,161.2,220.6,289.6,286.3,512.2,1016.4
PIJROR_clean,189.6,66.9,104.8,131.5,221.9,233.9,286.6,722.6
PILJAX_clean,272.9,89.2,131.5,174.6,324.1,305.8,362.2,855.1
PIQFIG_clean,139.5,46.0,60.6,76.0,142.0,163.5,174.5,399.0
PIQMOT_clean,324.3,143.7,270.3,343.0,402.8,393.0,1149.9,2287.8
PIQMUZ_clean,357.8,128.2,187.7,248.7,392.2,396.3,448.7,915.8
PITPEP_clean,326.6,123.7,183.0,246.6,382.7,381.9,574.7,1503.2
PITRIU_clean,318.9,163.2,309.0,334.4,352.8,483.6,1586.3,2568.3
PIVBEC_clean,268.6,93.6,147.6,190.2,266.8,275.8,547.1,1502.0
PIWSEV_clean,268.7,97.5,155.6,204.3,308.1,311.5,516.4,1388.8
PIYZAZ_clean,66.9,21.5,27.4,33.0,62.9,77.9,88.6,133.2
PIYZED01_clean,109.8,36.9,50.2,65.0,117.3,131.6,143.2,358.2
PIYZED02_clean,109.0,36.8,49.9,64.1,119.2,134.5,146.3,365.8
PIYZED03_clean,113.4,36.8,50.8,64.3,118.6,134.3,146.7,364.4
PIYZED_clean,113.3,37.8,51.9,66.2,124.1,137.7,149.5,366.4
PIZHOX_clean,155.4,54.8,84.5,109.5,181.6,188.3,250.2,635.4
PIZNOB_clean_h,148.4,51.3,75.7,99.0,171.5,181.8,218.5,542.9
PIZPAP_clean_h,189.5,70.2,112.2,146.0,227.4,235.7,359.0,873.6
PIZPET_clean_h,191.1,70.7,117.5,158.3,232.4,232.7,411.3,991.8
PIZPIX02_clean,185.0,67.8,111.4,149.1,219.6,220.7,378.5,918.2
PIZPIX_clean_h,192.5,70.2,113.8,149.6,230.0,232.5,369.6,903.7
PIZPOD_clean_h,191.0,71.8,120.2,159.2,231.0,234.4,413.2,985.3
PIZQUM_clean,258.7,102.6,176.2,232.1,304.7,316.2,574.7,1188.8
PIZRAT_clean,257.5,97.2,158.9,211.8,306.9,302.9,477.0,971.0
PIZRUN_clean,272.3,100.3,173.0,228.8,306.4,304.0,561.2,1121.6
PIZSAU_clean,253.2,94.4,156.2,203.2,292.5,304.5,459.7,956.0
POBGAQ01_clean,411.6,122.7,147.5,180.1,303.3,332.3,359.2,835.8
POBGAQ_clean,224.5,69.3,93.6,109.6,195.5,218.1,234.8,555.5
POBJIB_clean,225.7,142.4,249.6,256.1,335.1,546.1,1643.3,2380.5
POBMOJ01_clean,330.2,133.7,230.5,299.7,389.5,377.9,1080.1,2910.2
POBNEA_clean,98.9,31.7,40.0,47.5,88.9,107.7,122.3,184.3
POBVIN_clean,808.0,324.9,381.4,439.4,595.6,610.9,740.5,2126.3
POCPAZ_clean,392.9,162.0,289.6,383.7,465.5,461.5,1274.1,3307.1
POCRAB_clean,296.8,95.3,137.7,180.7,314.4,332.5,364.2,785.2
PODKOK_clean,392.5,132.4,184.5,227.2,362.2,376.9,487.8,1395.0
PODKUQ_clean,427.5,157.1,214.6,255.7,438.1,405.9,550.6,1632.2
PODVIP_clean,320.2,112.0,168.2,219.4,365.6,402.3,391.8,631.3
PODXEN_clean,460.6,173.2,298.5,389.8,537.2,539.9,859.8,1613.9
POFGUO_clean,414.3,187.8,364.2,419.5,469.8,489.6,1932.1,4453.4
POFSIN01_clean,113.2,38.4,52.0,66.6,122.9,137.7,148.1,369.8
POFSIN02_clean,110.6,37.6,50.0,64.2,119.4,131.1,144.6,358.0
POFSIN03_clean,109.3,36.4,52.5,64.2,118.6,132.0,143.5,356.3
POFSIN04_clean,109.2,36.7,50.0,64.1,118.5,131.2,143.9,359.1
POFSIN_clean,109.9,36.5,49.9,64.5,117.2,131.3,143.1,358.9
POHCOG_clean,197.8,69.8,106.9,140.1,216.1,219.8,321.0,724.6
POHWIU_clean,147.4,48.0,64.4,82.0,139.5,156.5,170.5,478.4
POKGEC_clean,218.5,70.5,91.2,117.7,205.5,241.0,260.5,311.7
POKSAL_clean,352.7,124.3,191.0,259.5,416.5,416.2,502.1,1093.7
POKSEP_clean,346.5,118.4,176.9,229.3,400.2,421.2,451.2,959.5
POKSIT_clean,341.7,119.3,174.4,222.3,397.2,412.0,447.7,928.8
POKSOZ_clean,348.3,117.7,170.4,221.7,384.9,410.7,439.2,927.0
POKTIU_clean,304.9,106.0,155.7,205.4,355.9,373.1,405.8,843.7
POKVAO_clean,344.1,122.5,175.1,231.4,389.4,408.3,451.1,946.2
POLBEX_clean,205.3,201.1,250.0,252.5,571.0,894.7,2267.0,3866.9
POLBIB_clean,108.6,42.6,63.9,85.4,132.4,132.8,222.7,609.0
POLBUN_clean,154.5,150.3,186.1,191.4,455.4,685.3,1320.1,1852.4
POLDOK_clean,340.3,151.0,275.5,351.8,435.2,435.8,1001.3,1942.8
POLDUQ_clean,362.4,151.5,265.2,348.0,423.0,431.3,900.9,1744.2
POLYEW_clean,382.7,182.6,325.8,408.6,460.8,468.0,1135.9,1955.4
POMMAH_clean,179.2,67.7,108.0,137.0,195.6,197.6,299.2,709.3
POMSER_clean,274.4,97.4,162.4,215.4,312.9,310.8,562.8,1289.8
POMSOB_clean,202.4,74.0,114.9,152.0,237.6,244.9,320.3,687.9
PONPOX_clean,158.4,165.2,191.4,202.2,557.7,838.3,1660.5,2219.9
PONSOC_clean,404.7,163.6,299.0,392.3,485.0,486.9,1427.8,3774.9
PORGAE_clean,176.9,115.6,202.5,214.4,237.4,361.2,820.7,1100.0
PORLAL_clean,254.1,84.3,108.9,134.5,249.4,282.4,298.8,566.4
PORLEP_clean,505.8,178.2,223.4,281.8,439.3,470.5,501.1,640.9
PORVID_clean,173.8,62.1,101.8,134.2,206.6,215.2,332.0,831.6
PORVUO_clean,200.8,82.6,144.9,190.6,246.3,247.4,531.6,1043.8
POSFIO_clean,292.3,109.1,180.2,240.9,342.5,344.0,550.7,1143.5
POSGAH_clean,151.9,57.9,99.2,131.5,182.5,183.6,347.5,780.7
POTNET_clean,195.0,71.1,118.5,156.3,232.7,235.0,385.9,883.4
POTREX_clean,323.6,122.5,192.8,260.4,377.1,381.2,718.7,2197.5
POYPAW_clean,378.6,162.0,297.2,356.0,412.2,409.5,1425.8,3087.8
POZHUI_ion_b,161.7,57.2,85.9,112.8,187.4,197.2,203.1,328.4
PUBROU_clean,318.0,138.2,242.3,287.8,324.6,336.8,1289.3,3049.6
PUBRUA_clean,739.8,340.8,584.7,651.5,645.3,944.2,3521.3,7015.8
PUBSAH_clean,243.5,84.7,132.2,176.7,245.4,253.0,443.9,1187.4
PUBSEL_clean,327.0,115.0,192.0,241.6,314.4,329.1,673.6,1727.0
PUBSIP_clean,246.5,90.9,142.7,183.2,257.0,258.5,466.1,1283.2
PUBSOV_clean,385.0,200.9,339.9,357.8,416.3,759.7,2591.5,4959.8
PUCKUV_clean,285.6,120.7,222.1,279.4,327.7,329.4,1011.8,1973.6
PUDSIR01_clean,165.0,57.3,85.2,108.1,176.0,183.1,229.3,579.5
PUDSIR_clean,166.4,57.3,84.6,109.1,177.9,182.8,231.2,589.8
PUDSOX_clean,169.4,57.8,84.5,108.5,176.0,182.3,235.6,581.5
PUDSUD_clean,167.3,58.4,83.0,108.7,175.2,187.3,227.5,584.6
PUFRIR_clean,214.4,73.1,104.8,137.9,235.4,248.4,277.5,651.2
PUGGOP_clean,276.7,119.0,221.6,288.5,376.6,339.4,915.7,2054.8
PUGPEO_clean,159.2,52.8,74.6,97.2,163.8,175.7,200.0,496.7
PUGSER_clean,306.8,124.1,215.7,282.8,388.8,362.4,1014.8,2958.4
PUGSOB_clean,353.6,156.8,290.4,361.8,413.5,422.7,1538.7,3944.7
PUGSUH_clean,326.0,134.9,251.1,322.8,387.5,383.8,1248.3,3640.2
PUJJEL_clean,306.3,108.7,169.5,232.9,353.0,366.4,531.6,1438.5
PUJQEQ_clean,298.8,115.2,165.1,223.9,336.0,337.6,559.3,1633.8
PUKSUL_clean,91.4,31.0,38.5,49.0,91.1,107.1,117.0,223.1
PUKVAU_clean,286.5,97.7,144.4,192.9,317.2,332.8,411.4,1044.2
PULMIU_clean,287.9,113.4,202.6,259.3,340.6,329.4,843.2,1962.2
PUMDIM_clean,170.4,65.2,110.8,145.1,202.3,204.2,375.6,828.2
PUMGIP01_clean,513.6,192.9,303.4,388.2,485.0,464.5,953.4,1789.1
PUMGIP_clean,641.3,215.0,354.9,423.6,523.9,510.5,1168.6,2431.2
PUMNIV_clean,97.6,33.1,46.2,59.7,108.8,117.6,129.3,295.1
PUMNOB_clean,100.0,32.6,44.3,57.0,103.8,117.2,127.4,255.6
PUNSIB_clean,336.1,121.5,192.6,257.8,405.3,403.0,593.5,1404.7
PUPHUE_clean,379.7,144.7,227.0,301.2,456.6,454.9,708.5,1711.1
PUPJER_clean,281.3,110.0,191.2,245.5,288.0,286.3,835.1,2140.3
PUQDOW_clean,381.1,164.8,298.1,363.0,454.5,437.3,1099.9,2112.0
PUQXUV_clean,322.3,164.3,304.0,361.1,387.7,389.8,778.3,1110.1
PUQYAC_clean,318.8,158.0,308.0,377.5,380.9,392.2,777.1,1089.5
PURJES_clean,372.9,192.7,372.8,437.5,453.7,569.4,2149.7,4116.0
PURJIW_clean,350.3,135.6,224.6,298.3,404.8,401.1,916.2,2362.2
PURNEX_clean,336.6,120.9,180.1,233.3,383.5,404.3,506.2,1253.8
PURNIB_clean,483.5,164.7,238.7,318.1,530.3,544.5,583.4,1277.6
PURSOK_clean,178.3,63.6,99.4,130.9,207.3,213.2,289.6,672.1
PUSSEC_clean,403.1,124.5,167.5,207.8,342.8,369.6,403.3,808.6
PUTYEI_clean,182.5,79.8,138.0,177.1,219.5,226.1,658.1,1583.8
PUVJOG_clean,133.2,50.4,76.3,97.2,156.2,165.4,211.9,494.6
PUWCIT_clean,265.3,82.5,123.3,161.0,255.6,265.1,407.2,1328.5
PUWCUF_clean,193.3,74.1,124.2,163.1,227.7,224.2,465.3,1049.3
PUWDAM_clean,187.9,80.7,147.8,195.6,229.7,232.2,710.2,1807.5
PUWDIU_clean,207.1,81.2,139.7,182.5,237.4,234.6,632.0,1714.0
PUWDOA_clean,304.7,114.9,200.5,257.7,328.7,341.7,872.5,2316.0
PUWVAG_clean,251.9,120.0,226.1,280.8,297.4,317.7,1016.4,1656.5
PUWXAH_clean,274.8,97.0,139.9,186.0,314.0,332.8,369.1,783.1
PUWZOX_clean,595.1,382.3,543.4,547.0,911.2,1560.1,3879.1,6561.3
PUYHOI_clean,183.2,58.0,69.5,81.3,146.6,186.7,220.6,240.9
PUYZUF_clean,146.5,56.5,97.2,129.9,179.7,181.1,311.8,620.7
PUZJOL_clean,150.8,60.1,105.1,138.8,187.2,185.5,345.7,648.6
PUZKOM_clean,289.1,120.8,207.4,269.5,325.8,328.4,706.6,1328.5
PUZKUS_clean,189.8,80.3,148.5,192.7,231.4,229.6,599.4,1178.7
PUZLAZ_clean,138.6,60.1,111.5,141.7,170.5,178.8,580.5,1499.8
PUZLUS_clean,330.1,122.5,181.3,232.6,338.3,330.8,667.7,1998.3
PUZMAZ_manual,2276.7,767.8,1020.7,1181.2,1516.8,1493.4,2847.2,8082.0
PUZTOV_clean,339.2,150.4,275.8,344.4,413.6,409.5,1447.0,3836.3
PYDCUT_clean,113.1,43.0,70.7,93.6,140.1,140.1,229.8,489.6
QADBII_clean,247.0,93.1,155.2,207.6,301.2,300.5,423.7,762.8
QADWEA_clean,185.3,73.1,121.3,164.3,227.4,230.9,371.3,704.9
QADWIE_clean,186.2,73.3,122.0,167.3,227.0,228.4,370.7,676.9
QADWOK_clean,185.7,74.0,124.1,163.6,227.3,232.9,375.6,681.5
QADWUQ_clean,186.3,71.8,122.6,163.8,229.6,232.2,369.4,678.1
QADXAX_clean,188.1,73.7,122.8,161.9,228.4,228.6,374.1,672.8
QAGDIO_clean,230.8,80.9,120.5,152.8,237.7,239.5,382.8,1076.7
QAGQEW_clean,418.2,206.9,370.7,450.7,489.0,560.1,2450.4,6056.5
QAGTOH_clean,297.1,121.7,210.0,279.0,361.0,362.0,715.5,1356.6
QAHDUA_clean,147.1,45.9,59.1,72.4,124.6,138.4,153.7,384.8
QAHQOH_clean,198.6,82.1,148.1,195.3,247.3,245.0,612.7,1314.2
QAJKIV_clean,161.8,161.1,195.6,199.1,500.8,744.0,1493.9,2122.9
QALGUH_SL,130.0,44.0,64.2,84.7,146.3,157.7,190.0,501.4
QALHAO_clean,547.5,234.9,418.7,529.2,607.0,628.4,2329.0,6051.3
QALHES_clean,534.5,231.6,418.6,521.8,604.1,589.1,2277.1,6295.7
QALHIX_clean,399.6,141.5,197.3,263.1,365.2,366.0,566.7,1604.5
QALWUV_clean,251.6,84.6,120.0,155.2,270.2,287.6,322.1,873.8
QAMHAQ_clean,208.3,85.8,158.6,200.1,232.9,234.7,522.4,882.7
QAMLEY_clean,132.7,41.7,56.9,72.0,126.8,140.6,153.0,373.2
QAMVEH01_clean,249.5,100.5,176.2,228.8,295.4,290.0,764.3,1769.3
QAPPON_clean,256.3,87.7,144.0,183.4,266.8,267.8,417.0,862.1
QAPQEE_clean,182.1,62.4,90.7,115.0,200.9,214.5,237.3,532.9
QAQHOG_clean,248.2,141.9,264.9,297.9,314.4,414.2,1154.7,1824.9
QAQMON_clean,241.7,79.7,106.6,133.6,215.6,225.1,264.2,723.6
QAQNOO_clean,257.2,85.3,113.4,130.0,233.1,269.7,279.5,573.6
QAQRUW_clean,243.6,92.4,166.4,212.7,287.4,288.2,648.1,1630.0
QAQSAD_clean,181.6,68.5,107.2,143.0,216.2,220.8,284.9,579.5
QARCET_clean,266.8,104.9,172.3,229.4,315.3,319.2,470.3,845.9
QARLON_clean,271.1,87.6,117.7,148.0,234.0,238.3,305.9,816.7
QARLUT_clean,264.9,84.4,111.2,137.0,218.7,232.2,291.6,711.9
QARMAA_clean,267.0,84.6,110.8,138.8,227.4,244.7,270.4,652.4
QASSUZ_clean,271.6,84.8,94.4,102.8,169.2,221.2,312.9,320.7
QATHOK_clean,262.6,89.3,122.7,157.5,287.8,304.2,330.4,758.2
QATKII_clean,222.8,95.6,172.7,212.4,269.1,263.6,669.8,1326.9
QATKOO_clean,218.1,89.4,168.5,215.2,264.5,259.0,645.9,1306.4
QATLEE_clean,489.1,299.2,523.0,559.4,598.1,950.2,2572.4,3782.7
QATPOR_clean,261.6,150.1,277.6,314.6,327.2,432.8,1145.9,1647.0
QATVUE_clean,267.6,133.1,237.1,278.4,300.0,343.7,1300.0,2444.4
QATXIU_clean,804.1,265.2,351.4,383.2,572.1,594.2,591.7,1215.1
QAVBUL_clean,182.5,59.2,77.1,96.4,179.3,207.1,217.2,444.4
QAVPIO_clean,199.5,135.1,234.1,244.0,289.3,507.0,1394.1,1933.9
QAVPOU_clean,236.7,219.0,252.0,256.2,710.9,1090.3,2591.3,4153.8
QAVWAN_clean,329.8,144.7,272.2,350.7,409.4,408.4,1238.2,2506.0
QAWDID_clean,62.6,21.5,24.5,29.6,55.1,69.4,79.7,115.2
QAWPIO_clean,165.0,57.2,85.7,113.8,185.4,197.0,233.0,543.3
QAWREM_clean,284.4,119.1,221.2,278.2,334.6,333.1,733.1,1274.0
QAWRIQ_clean,281.4,122.7,231.5,293.0,344.1,336.6,792.1,1314.1
QEBGAH_clean,213.6,84.5,147.7,190.7,252.4,252.7,475.2,911.5
QEBGEL_clean,268.8,103.7,177.5,240.7,321.7,315.6,669.1,1515.8
QEBKUF_SL,456.8,154.2,226.8,264.7,421.0,399.7,602.5,1638.6
QEFNAQ_clean,196.0,72.5,118.1,156.8,227.3,229.0,332.9,647.1
QEFWUV_clean,201.9,66.5,85.4,103.9,175.4,190.8,209.7,507.0
QEGHEP_clean,745.6,269.4,415.2,507.0,807.0,805.0,1021.9,2197.6
QEJYIP_clean,232.7,100.4,187.2,237.0,286.9,283.6,754.2,1517.4
QEPZOB_clean,244.5,82.8,110.4,141.3,248.9,272.1,290.3,650.1
QEQZUH_clean,213.1,119.9,226.4,256.3,265.1,346.7,996.9,1516.9
QERWAL_clean,282.7,107.3,183.7,238.8,321.0,330.2,690.1,1545.1
QERZUI01_clean,265.9,127.7,241.2,299.5,330.9,344.4,956.7,1463.5
QESLOQ_clean,158.3,64.7,120.6,157.0,181.6,187.3,614.6,1342.7
QESYOD_clean,243.1,77.5,98.3,122.2,224.8,266.2,285.7,436.8
QETCUO_clean,186.4,69.4,106.2,143.7,221.5,225.7,335.2,832.8
QETHUT_clean,209.6,199.5,263.1,265.0,634.5,1066.9,2451.5,3492.3
QETQIP_clean,566.1,180.3,322.4,363.5,497.0,515.8,1005.0,2389.3
QEVKOS_clean,268.3,100.3,164.8,220.9,327.6,323.4,470.4,951.6
QEWDON_clean,241.9,103.7,186.3,231.7,255.1,252.5,612.2,1067.3
QEZZOL_clean,221.4,76.6,112.6,145.7,249.3,267.0,296.9,683.1
QIGBIR_clean,94.0,30.8,39.5,48.7,91.9,106.5,117.6,223.6
QIHXIQ_clean,179.2,60.6,81.6,101.5,187.5,216.2,222.9,501.2
QIJLAW_clean,122.5,39.9,55.9,71.4,130.4,143.9,156.3,404.7
QIKYOA_clean,212.5,66.7,123.9,152.6,208.3,213.2,441.9,1314.7
QILBUK_clean,970.8,330.7,434.8,534.1,679.9,702.9,1301.7,3331.5
QIPROY_clean,147.0,51.6,81.7,107.8,176.8,183.0,261.5,724.3
QIQTAN_clean,318.3,113.5,169.8,224.9,361.5,368.1,443.2,918.5
QIQZIB_clean,249.9,98.9,173.2,225.0,284.2,280.0,859.3,2294.0
QIRWAR_clean,182.7,71.2,124.0,165.5,222.4,223.2,477.3,1117.9
QIRYAS_clean,186.6,67.7,108.7,144.8,223.8,227.8,339.6,775.8
QISNAJ_clean,88.3,29.4,40.8,52.2,96.2,107.6,116.5,293.6
QISNEN_clean,88.8,29.8,41.1,52.9,97.4,106.6,117.9,299.9
QISNIR_clean,91.5,29.4,40.7,52.0,97.1,107.9,117.2,286.4
QITDOO_clean,466.4,157.3,215.2,267.3,395.8,413.7,425.6,748.0
QITHAC_clean,1903.0,551.8,729.5,869.9,1191.0,1280.8,1711.9,3744.3
QITHEG_clean,2116.9,674.3,1022.6,1176.0,1381.2,1336.8,2511.5,4871.4
QITXAU_clean,219.0,80.1,123.6,164.5,259.3,264.8,361.1,811.0
QITYOI_clean,200.6,67.9,96.5,122.5,227.8,244.1,260.7,497.9
QIVJAG_clean,101.0,32.4,42.2,52.7,98.8,115.7,125.1,248.9
QIVQAP_clean,1676.8,747.8,1325.5,1584.8,1692.8,1736.5,7354.3,15406.2
QIVYUR_clean,336.6,135.3,242.4,328.2,409.4,409.8,829.1,1570.7
QIWCOQ_clean,256.4,108.6,181.1,237.7,310.5,318.3,760.4,2005.6
QIWDOR_clean,295.8,116.3,187.3,249.1,364.6,353.2,481.2,837.7
QIWGOU_clean,604.1,217.9,330.2,433.1,644.3,677.4,874.6,1966.1
QIWHEL_clean,382.0,162.1,304.3,381.1,422.0,438.4,1416.4,3125.8
QIWPET_clean,166.0,62.5,100.9,132.2,204.8,211.0,346.7,882.7
QIWQES_clean,226.1,86.0,151.0,200.4,255.9,257.6,735.4,2120.1
QIXNES_clean,151.0,54.5,85.2,112.1,177.7,183.4,237.5,523.2
QIXNIW_clean,151.7,53.6,82.2,109.0,175.4,180.3,224.3,488.7
QIXSOG01_clean,90.6,28.2,35.4,42.4,78.8,96.7,109.2,168.7
QIXSOG_clean,124.6,28.2,34.9,42.0,81.2,96.7,109.7,172.0
QIYDAF01_clean,358.1,109.3,127.8,149.7,241.3,298.6,308.5,635.2
QIYDAF_clean,270.1,91.9,132.0,171.2,279.6,306.7,354.2,1068.1
QIYDEJ_clean,299.5,103.8,153.3,192.5,309.8,321.9,444.1,1359.1
QIYDIN01_clean,1137.8,354.9,474.1,520.7,714.4,800.4,913.1,2590.6
QIYDIN_clean,125.1,39.3,44.7,50.4,81.4,100.2,117.9,144.9
QIYDOT_clean,144.5,44.5,51.9,58.0,94.1,115.3,134.9,169.8
QIZLIW_clean,312.7,125.7,203.2,260.1,364.6,356.6,780.0,1934.3
QOBGEV_clean,221.3,95.2,173.5,225.3,255.3,257.0,910.4,2276.7
QOBPEE_clean,343.3,185.7,357.9,426.9,426.8,578.3,2146.5,3557.3
QOCBUH_clean,342.5,182.3,349.2,404.2,427.0,506.1,1895.4,3350.9
QOCRUW_clean,129.3,45.8,71.1,94.7,154.9,158.2,201.2,455.5
QOCSAD_clean,144.3,53.5,78.9,105.2,172.7,177.4,222.1,499.9
QOCSEH_clean,132.9,46.5,71.2,93.9,152.9,158.5,199.0,448.0
QODHUO01_clean,543.7,211.8,338.5,438.8,635.2,651.1,1147.7,2563.5
QODHUO02_clean,570.8,217.0,332.6,462.1,653.6,624.5,1163.9,2656.6
QODHUO03_clean,569.2,215.6,360.4,455.7,628.2,624.4,1176.3,2623.2
QODHUO04_clean,574.3,213.8,341.0,451.9,639.7,616.1,1140.0,2628.1
QODHUO05_clean,562.5,216.0,351.1,461.5,603.5,636.6,1163.8,2682.0
QODHUO06_clean,578.2,219.0,354.7,468.2,623.8,629.7,1146.2,2644.0
QODHUO07_clean,553.7,214.8,348.0,446.0,627.9,623.0,1153.1,2548.6
QODHUO08_clean,562.5,212.9,340.2,450.0,623.1,628.5,1141.6,2619.0
QODHUO09_clean,560.4,228.4,359.7,459.8,617.9,614.5,1135.3,2656.0
QODHUO10_clean,587.7,216.6,344.3,466.2,619.6,627.5,1206.1,2646.8
QODHUO11_clean,560.8,214.3,350.1,468.6,628.7,611.3,1155.2,2716.0
QODHUO12_clean,548.0,206.7,350.0,463.9,626.5,657.4,1194.4,2645.9
QODHUO13_clean,580.0,218.4,360.7,467.5,616.2,631.1,1178.5,2645.1
QODHUO_clean,544.3,214.2,368.8,483.4,658.6,633.6,1359.3,3094.1
QODPOQ_clean,558.1,208.3,363.9,458.9,630.6,627.3,1155.5,2586.3
QODQEH_clean,548.9,217.8,342.9,446.6,608.0,615.9,1182.1,2543.2
QODSUZ_clean,552.4,207.8,337.3,445.6,628.4,630.4,1118.5,2558.0
QOFBIY01_clean,541.8,202.8,335.2,435.9,616.0,593.5,1130.8,2512.1
QOFBIY02_clean,573.8,226.1,343.3,443.3,635.7,633.3,1197.6,2700.3
QOFBIY_clean,547.5,216.0,352.3,462.5,621.8,614.7,1149.9,2589.2
QOFCAR_clean,577.7,223.9,371.0,460.6,644.5,623.4,1148.5,2654.6
QOFCIZ_clean,580.2,223.8,346.2,464.2,637.1,630.6,1229.8,2638.6
QOFCOF_clean,562.3,216.2,342.3,457.6,638.9,651.1,1170.9,2653.7
QOFDAS_clean,573.7,214.5,351.2,464.4,639.8,633.0,1197.6,2730.5
QOFDEW_clean,568.3,211.0,350.1,456.3,610.2,628.8,1185.1,2687.2
QOFDIA01_clean,545.1,208.5,341.2,458.2,639.9,638.2,1180.1,2719.7
QOFDIA02_clean,556.1,212.8,356.7,454.5,620.2,628.2,1183.8,2622.3
QOFDIA05_clean,566.2,214.3,341.9,448.8,621.7,618.9,1180.3,2633.2
QOFDIA06_clean,553.1,221.4,344.4,461.3,621.9,636.1,1129.4,2654.4
QOFDIA07_clean,570.2,227.8,347.4,457.5,625.1,630.0,1176.9,2629.4
QOFDIA08_clean,563.9,210.6,335.3,460.3,635.1,632.0,1163.0,2584.0
QOFDIA_clean,558.8,221.0,343.0,463.2,640.8,613.6,1198.0,2604.0
QOFDOG_clean,563.1,212.5,347.6,452.0,624.3,619.6,1125.0,2609.6
QOFKUT_clean,261.3,112.6,214.2,265.0,317.4,318.9,802.7,1453.4
QOFLAA_clean,132.6,42.8,56.2,69.3,131.5,152.8,165.2,323.2
QOFPAE_clean,104.0,35.0,48.9,63.8,115.5,123.7,137.4,315.6
QOGGID_clean,229.2,136.0,235.9,256.3,275.0,394.1,908.7,1230.6
QOGPIM_clean,955.2,211.0,261.2,299.9,392.0,439.5,523.9,849.3
QOHTUD_clean,269.8,84.6,107.1,133.5,242.4,293.5,318.3,449.6
QOHYET_clean,312.4,140.5,248.6,319.1,382.4,377.1,1129.6,2123.0
QOJTUE_clean,129.7,51.6,87.0,115.5,157.8,157.2,290.7,595.9
QOJVAM_clean,156.0,61.2,106.8,139.7,188.7,189.0,381.6,782.0
QOKCID_clean,323.4,137.2,247.2,322.6,397.9,402.1,643.0,946.7
QOKKAE_clean,180.8,62.3,95.7,129.9,209.1,213.9,297.6,745.8
QOLVET_clean,176.9,210.4,220.7,289.1,897.4,1195.0,1780.9,2054.6
QOMDUS_clean,177.0,66.5,108.7,144.1,216.8,220.4,315.4,672.3
QOMFEE_clean,319.0,141.6,262.9,332.8,384.7,394.2,1381.3,3246.0
QOMRUH_clean,157.1,55.5,83.7,110.6,181.2,187.0,257.0,667.3
QOMSAO_clean,163.2,53.2,80.1,104.2,176.5,184.3,233.8,621.9
QOMSES_clean,153.8,54.0,84.1,110.5,178.5,184.7,242.7,631.3
QOMTET_clean,295.0,137.3,258.8,325.2,357.3,371.6,1252.9,2393.0
QONKUB_clean,157.7,54.4,80.7,106.3,178.0,186.2,240.4,627.1
QONLAI_clean,157.1,54.9,84.0,109.0,182.5,189.5,248.0,654.0
QONLEM_clean,155.2,55.4,82.6,110.3,179.7,186.9,245.6,650.3
QONLIQ_clean,167.0,59.6,88.8,120.8,199.7,200.5,267.3,692.9
QONQAM_clean,130.5,50.6,86.3,115.2,160.7,163.5,353.1,920.4
QONQEQ_manual,167.6,67.8,117.7,157.9,207.6,209.5,556.9,1366.0
QOPCEE_clean,198.9,74.0,122.8,163.5,247.1,247.8,295.2,495.3
QOPDAA_clean,225.0,142.3,246.4,264.6,292.6,499.2,1468.5,2397.6
QOPDEE_clean,154.5,94.2,169.7,188.3,201.5,268.1,719.2,1169.1
QOPPES_clean,181.5,60.6,86.1,115.7,192.2,203.8,232.4,569.3
QOPPOC_clean,217.5,100.6,198.9,235.4,257.6,275.3,910.6,1616.0
QOPZIF_clean,172.6,65.2,107.7,141.5,199.7,198.4,406.4,992.6
QOQWOK01_clean,208.2,73.0,113.8,153.5,243.3,245.9,356.9,918.9
QOQWOK_clean,206.3,75.0,114.6,152.0,240.9,250.9,354.7,905.6
QOSJEP_clean,247.1,94.7,159.9,211.7,300.0,298.5,587.6,1414.4
QOSJIT_clean,298.2,109.3,174.0,223.2,336.8,333.3,578.5,1502.7
QOSJOZ_clean,302.2,111.4,171.1,224.0,334.8,337.0,577.4,1532.7
QOSJUF_clean,287.8,107.2,182.8,238.0,341.3,341.0,662.2,1617.1
QOSKAM_clean,315.5,115.0,179.3,235.7,353.2,350.6,601.5,1557.4
QOSXOM_clean,444.8,182.3,297.8,365.8,423.9,428.6,1069.5,2303.0
QOTHOY_clean,239.1,86.5,144.4,188.4,236.3,234.9,437.0,877.8
QOTZEG_clean,164.1,62.7,115.0,148.2,197.4,197.5,415.9,998.3
QOVDAH_clean,285.1,99.3,147.9,193.1,334.5,349.3,422.7,1257.6
QOVDEL_clean,296.4,101.9,147.4,190.5,331.8,360.3,410.1,1179.8
QOVSOL_clean,417.6,186.4,351.0,435.8,496.9,509.9,1576.9,3158.9
QOWLEU_clean_h,186.2,60.1,76.0,90.4,168.4,208.2,235.0,319.4
QOWQUO_manual,339.0,131.3,233.5,293.9,386.4,390.0,985.0,2574.0
QOWRAV02_clean,775.0,349.7,618.2,756.8,810.8,862.8,4039.5,11113.0
QOWRAV04_clean,747.6,341.6,604.7,762.9,839.8,888.4,3956.9,10712.6
QOWRAV05_clean,748.0,342.2,631.8,752.2,803.6,896.5,4019.8,10599.3
QOWRAV06_clean,760.4,350.4,642.0,757.4,845.2,886.1,3918.3,10945.9
QOWRAV07_clean,746.0,344.3,620.6,735.9,812.4,872.3,3945.5,10882.8
QOWRAV08_clean,775.2,340.4,609.3,754.5,822.5,910.0,3921.2,10615.6
QOWRAV09_clean,743.0,356.6,746.1,753.7,814.3,929.1,4026.1,10934.8
QOWRAV10_clean,709.6,354.7,627.4,750.9,830.8,913.8,3966.4,11078.1
QOWRAV11_clean,757.4,347.0,614.5,753.7,817.3,976.4,4159.6,11145.7
QOWRAV12_clean,766.5,347.1,614.6,718.1,798.6,884.3,4000.8,10815.9
QOXFIU_clean,313.9,103.7,134.6,168.0,294.2,329.2,338.9,656.9
QOXNIB_clean,271.1,114.6,191.6,252.1,327.4,341.2,658.4,1317.6
QOYLOG_clean,210.1,92.6,175.3,219.3,256.9,257.3,643.9,1106.3
QOZDOY_clean,264.1,159.8,290.1,322.2,339.5,544.1,1615.7,2533.5
QOZGAP_clean,167.3,69.3,125.1,162.1,210.4,212.6,466.2,874.0
QOZPEC_clean,229.0,83.0,141.5,186.9,262.2,257.4,558.5,1337.7
QOZPIG_clean,175.3,64.2,104.9,139.5,204.2,205.2,352.9,793.8
QOZPOM_clean,206.1,78.5,134.3,178.6,249.8,250.0,468.5,995.5
QOZWAF_clean,790.0,267.7,363.4,503.7,814.3,788.2,1127.6,3459.8
QUBWIU_clean,234.2,85.2,120.3,157.7,255.6,265.4,354.1,1000.9
QUBZAP_clean,377.8,137.8,185.6,248.0,403.3,431.6,484.7,1158.6
QUDGED_clean,332.5,130.9,233.9,287.6,385.8,363.1,1036.7,2875.9
QUDJIJ_clean,190.1,74.5,130.3,170.4,231.9,231.1,492.8,1079.5
QUDJOP_clean,209.6,81.1,146.1,195.4,241.9,249.0,594.0,1225.2
QUFTAM_clean,236.2,89.4,150.8,200.4,285.3,283.4,425.7,790.3
QUJJUC_clean,246.3,108.0,185.4,240.0,294.1,289.4,1012.7,2951.3
QUJWEZ_clean,197.0,95.8,178.7,208.5,223.2,286.5,1103.0,2215.5
QULLEP_clean,203.0,73.7,105.9,137.2,229.9,239.5,246.1,337.2
QULMIU_clean,204.5,69.8,97.2,122.3,221.0,240.8,265.6,588.7
QUMFUB_clean,146.2,52.4,81.9,109.6,176.1,182.1,233.6,533.6
QUNVIG_clean,665.8,255.5,409.6,536.5,695.0,684.4,1756.3,5392.2
QUNWAZ_clean,342.3,134.2,239.3,312.1,387.8,383.5,857.9,1809.1
QUPDEL01_clean,209.6,86.9,154.6,206.5,255.7,252.5,651.6,1433.2
QUPDEL_clean,238.4,104.3,189.2,243.9,296.7,298.2,875.1,1793.3
QUPHUF_clean,402.3,171.6,329.4,415.3,495.9,476.4,1084.9,1895.5
QUPJAN_clean,344.0,133.2,236.4,303.3,382.7,380.4,717.1,1269.0
QUQBAH_clean,311.8,126.5,216.9,285.6,371.3,370.7,1003.3,2783.8
QUQFIS_clean,192.3,77.4,131.3,173.0,228.3,226.8,588.9,1463.3
QUQFOY_clean,200.9,72.0,120.1,159.4,225.2,222.2,481.3,1340.3
QUQGAL_clean,175.0,66.8,110.4,144.5,207.9,209.2,370.5,854.6
QUQGEP_neutral,423.8,122.5,142.6,156.9,263.4,345.7,459.2,475.1
QUQHAM_clean,250.9,87.6,129.1,173.2,290.6,310.0,326.4,544.8
QUQMOG_clean,466.2,259.4,467.0,512.5,535.9,813.0,2401.7,4259.6
QUQPOI_SL,147.7,55.6,93.9,124.6,181.4,181.8,369.3,898.4
QUQQOJ_clean,540.0,243.2,444.8,564.9,614.4,616.2,1629.1,2745.0
QUQWOQ_clean,157.4,53.2,73.8,96.1,161.1,172.6,201.7,536.1
QUQWUW_clean,195.6,74.8,124.5,166.4,241.6,238.8,492.2,1340.7
QUQYUY_clean,313.8,139.9,258.8,326.5,378.4,368.5,1246.6,2792.5
QUQZOS_clean,342.2,327.0,393.9,389.9,632.0,877.3,1456.9,2082.6
QURPIE_clean,923.2,444.7,753.3,846.0,906.3,1363.3,6013.9,14966.3
QURSEC_clean,360.1,154.4,286.0,362.9,442.1,432.0,1236.2,2707.3
QUSBIP_clean,207.8,71.4,101.5,127.6,207.4,227.8,288.5,835.6
QUSCAJ_clean,273.5,95.7,143.0,185.2,308.4,324.1,384.7,914.2
QUSCEN_clean,292.6,185.4,334.1,364.8,415.2,624.5,2006.0,3414.4
QUSHUJ_clean,884.3,301.8,377.7,457.6,671.6,652.0,891.3,2328.8
QUSQIG_clean,634.9,218.7,308.1,389.7,586.5,561.8,788.9,1844.4
QUSRIH_clean,229.4,89.3,141.9,193.5,268.8,271.1,484.3,1090.1
QUSRUT_clean,160.8,53.2,63.1,77.0,145.4,173.0,192.2,234.0
QUSSAA_clean,481.8,170.8,277.8,359.0,526.8,537.9,633.4,1213.0
QUSSII_clean,245.7,103.4,192.3,239.4,290.6,295.3,637.4,1159.4
QUSSOO_clean,287.4,104.1,176.4,231.6,320.3,322.0,353.7,593.2
QUTDAM_clean,237.6,84.2,128.4,167.6,246.6,246.8,433.0,1178.9
QUTTII01_clean,144.6,53.7,86.6,118.6,175.2,179.6,274.8,599.8
QUTTII_clean,157.6,59.1,93.2,125.3,188.5,193.0,295.2,639.6
QUWYEO_clean,377.5,223.9,404.6,448.3,457.4,661.8,1269.0,1606.1
QUXQUX_clean,368.5,217.7,393.1,437.5,449.3,595.1,1304.7,1673.0
QUXRAE_clean,362.4,226.3,410.0,443.1,448.9,613.6,1305.7,1623.5
QUXREI_clean,362.7,221.3,400.5,440.4,454.6,610.5,1269.1,1616.5
QUXRIM_clean,348.9,215.6,377.5,417.0,433.4,583.6,1319.4,1823.7
QUXROS_clean,364.6,226.5,409.1,450.7,460.4,621.1,1307.9,1673.1
QUXRUY_clean,358.0,235.2,420.1,437.9,464.0,617.9,1252.5,1584.0
QUZVEO_clean,123.8,40.6,55.6,67.8,125.8,144.2,153.9,311.2
QUZZES_clean,243.8,101.0,182.0,232.4,296.2,291.7,748.3,1550.0
RABHAZ_clean,275.4,91.6,129.3,166.9,295.5,321.5,352.4,873.8
RABHIH_clean,253.5,92.1,145.9,200.5,308.9,306.3,466.1,1342.3
RACHUA_clean,1171.7,449.5,658.0,822.2,1076.2,1033.6,2642.8,7578.0
RACZEC_clean,271.6,107.6,179.9,264.4,347.0,337.3,626.3,1246.5
RAFNIV_clean,356.0,126.1,207.0,281.8,402.2,389.6,607.2,1146.8
RAFNUH01_clean,321.8,120.0,186.9,246.3,389.5,389.8,580.7,1443.2
RAFNUH_clean,180.6,60.6,89.2,114.2,191.1,198.2,208.9,315.2
RAGMOE_clean,267.0,113.5,200.9,252.2,289.1,285.9,522.9,767.1
RAHBUZ_clean,189.5,72.1,119.9,158.5,241.9,232.7,453.8,1146.2
RAHMAP_clean,155.0,58.5,96.1,128.2,189.5,193.4,284.8,573.6
RAHNOF_clean,326.2,120.1,183.5,240.8,353.1,362.8,651.0,1932.4
RAHPAT_clean,3825.5,1188.4,1634.8,1893.6,2221.0,2249.0,6859.8,19430.1
RAJFAM_clean,226.4,92.7,161.3,212.5,290.1,275.2,600.5,1224.7
RAJFEQ_clean,232.8,91.5,160.5,211.5,278.0,279.1,598.4,1252.8
RAKCUC_clean,258.3,90.3,131.1,165.6,240.1,247.2,405.7,1094.4
RAKDAJ_clean,390.1,160.7,263.9,345.5,402.2,398.7,1322.0,3526.7
RAKDEN_clean,261.1,90.8,128.6,164.6,256.0,261.0,401.5,1076.1
RAKMOF_clean,98.3,33.1,41.7,51.9,97.9,115.0,125.6,235.1
RANCEQ_clean,329.2,98.5,124.5,151.5,264.0,294.1,325.6,703.9
RANNOM_clean,211.4,76.9,122.0,162.9,257.1,263.1,390.3,964.9
RANNUS_clean,213.1,75.9,119.1,157.9,251.3,258.2,372.8,925.6
RANPAA_clean,208.9,79.9,138.9,179.5,261.4,258.6,513.6,1269.4
RANVUA_clean,251.9,129.2,237.7,278.0,292.0,393.1,1657.2,3906.3
RANWAH_clean,1111.1,432.5,559.3,704.0,801.7,817.6,1799.4,4776.5
RAPBOZ_clean,145.2,65.7,123.5,156.2,184.1,185.3,509.3,993.5
RAPYUE_clean,124.7,42.2,59.7,76.8,138.9,150.5,170.3,453.6
RASGAT_clean,109.7,37.7,52.7,68.0,123.7,135.7,151.2,411.8
RASKIH_clean,280.9,143.3,272.4,324.7,347.4,398.4,1218.0,1970.9
RASKON_clean,195.0,82.3,133.2,174.3,228.9,227.2,470.2,932.2
RASXEP01_clean,178.8,60.9,86.8,114.3,196.3,210.1,218.7,317.4
RASXIT_clean,187.5,66.7,90.2,116.3,201.6,218.3,227.6,324.9
RATRUB_clean,170.3,71.4,128.9,164.9,204.7,209.3,463.5,854.1
RATSAI_clean,185.1,77.9,137.0,178.3,223.4,218.6,498.3,918.1
RAVJOP_clean,455.8,200.2,363.2,484.5,523.1,539.1,1968.6,4679.3
RAVVIU01_clean,205.6,71.0,97.7,123.8,223.4,244.8,256.6,457.2
RAVVIU_clean,203.1,69.9,95.7,122.6,221.3,240.0,253.3,446.2
RAVVUH_clean,156.9,55.4,83.5,114.7,186.3,193.8,263.1,752.9
RAVWAO_clean,237.2,87.7,144.1,187.2,290.4,289.3,493.5,1357.4
RAVWES_clean,188.4,67.3,97.1,126.6,217.8,229.3,274.4,756.1
RAVWIW_clean,139.6,43.2,55.1,67.8,124.6,148.5,159.3,273.9
RAVWOC_clean,141.1,45.6,57.4,70.7,128.0,152.8,165.9,257.1
RAVWUI_clean,168.6,53.7,70.4,86.9,159.4,183.4,191.9,411.6
RAVXAP_clean,250.1,83.4,117.1,149.8,260.6,282.5,311.0,812.6
RAVXET_clean,271.9,88.8,120.7,148.6,270.2,291.8,307.0,743.5
RAVXIX_clean,329.1,116.1,168.7,217.1,361.2,372.9,475.9,1406.9
RAVXOD_clean,431.9,162.5,223.0,280.6,439.5,450.8,644.0,1947.4
RAWZIA_clean,225.1,111.6,212.0,256.8,280.3,309.3,1074.5,1915.5
RAXBOJ_clean,239.5,77.7,110.6,145.6,251.9,269.5,303.5,720.3
RAXQEO_clean,284.5,96.6,134.9,175.6,310.8,327.8,361.1,893.2
RAYFAA_clean,285.8,101.4,159.9,205.9,338.7,341.4,480.1,1413.0
RAYFEE_clean,195.5,68.8,108.1,139.7,223.4,227.0,321.3,864.4
RAYKIN_clean,365.4,126.1,194.7,246.7,390.8,395.8,551.1,1329.6
RAYLAG_clean,360.3,130.2,199.5,262.5,403.7,406.8,583.7,1368.5
RAYLOU_clean,363.5,132.7,206.3,265.5,430.8,395.3,630.8,1452.5
RAYMAG_clean,201.8,75.2,123.9,171.2,254.1,246.0,453.1,1129.8
RAYMIP_clean,201.1,72.6,111.8,152.3,233.5,243.2,385.5,1186.8
RAYMOV_clean,203.1,69.7,103.2,140.7,227.5,238.6,314.8,976.9
RAZGOQ_clean,225.7,72.8,102.6,131.0,235.0,259.9,274.9,588.6
RAZXIA01_clean,291.3,80.8,96.2,120.5,219.3,259.4,292.0,408.6
RAZXIA02_clean,231.1,76.7,104.2,139.6,241.2,257.6,276.9,644.2
RAZXIA_clean,270.7,91.3,124.8,159.4,293.2,319.3,345.9,785.4
RAZYIC_clean,221.3,80.6,138.4,179.3,256.4,265.7,483.1,1203.0
RAZYOI_clean,174.9,66.3,106.5,140.9,209.3,216.1,378.5,953.3
REDROI_clean,233.5,106.4,198.9,249.2,285.0,287.9,682.6,1046.5
REDYEG_clean,227.0,82.6,134.3,178.8,271.3,282.8,374.1,736.6
REFJET_clean,205.9,78.7,130.9,175.7,249.8,256.0,448.2,957.8
REFTON_SL,292.1,101.8,145.7,192.7,324.9,348.9,372.9,808.0
REFTUT_clean,289.7,100.3,142.6,190.8,331.3,348.3,369.3,760.9
REGJIW01_clean,202.6,90.9,171.1,215.3,253.5,256.0,634.3,1054.0
REGJIW02_clean,200.9,86.0,159.2,210.3,253.5,250.3,576.7,1008.8
REGJIW_clean,202.0,93.9,176.5,223.5,256.1,258.2,658.8,1071.0
REGMOH_clean,486.4,184.5,303.1,400.4,544.2,551.1,850.1,1669.1
REGMUN_clean,476.1,188.1,296.3,392.9,539.1,532.5,824.0,1663.8
REGQUR_clean,179.1,66.6,109.2,147.9,206.1,209.4,422.5,1084.5
REGRAY_clean,163.3,58.9,90.4,117.0,184.9,188.8,287.4,820.2
REGREC_clean,275.8,108.8,193.8,252.7,323.8,323.3,947.1,2696.7
REGRIG_clean,190.3,69.5,112.2,151.6,226.5,229.3,401.1,1158.5
REHHET_clean,358.6,143.0,244.8,320.6,382.8,359.2,1052.6,2471.0
REHHIX_clean,309.3,109.9,174.1,223.6,309.4,316.5,644.6,1669.5
REHHOD_clean,228.8,84.7,133.9,171.6,265.3,275.6,443.0,1219.3
REHHUJ_clean,343.3,127.8,209.7,277.1,351.5,340.9,817.6,1877.2
REHJAR_clean,358.6,150.5,265.4,321.8,347.9,358.8,1168.4,2545.8
REHTUV_clean,777.7,805.8,868.3,1316.2,3710.4,4604.7,7627.8,9501.9
REHVAD_clean,457.6,216.4,401.1,482.3,556.3,561.8,1620.4,2750.3
REHVEH_clean,526.2,233.1,407.2,496.7,539.6,554.8,1575.4,2692.6
REJLAU_clean,330.7,108.3,130.0,154.3,283.5,341.2,386.4,513.0
REJLEY_clean,217.2,90.3,157.6,207.6,267.6,269.2,559.7,1115.4
REJLIC_clean,249.7,101.5,185.2,236.5,292.9,296.0,727.2,1537.1
REJLOI_clean,273.5,294.2,319.4,357.6,874.1,1112.4,1671.1,2043.5
REJVOS_clean,197.9,72.7,104.4,137.9,228.3,239.0,267.7,527.0
REKZIR_clean,717.3,235.2,294.1,353.7,590.1,693.8,720.3,846.4
RESDUQ_clean,288.3,102.9,152.6,205.1,290.0,297.9,492.0,1400.3
RESQAJ_clean,308.1,122.4,189.9,249.8,369.2,367.9,470.3,841.4
RESSAK_clean,230.0,87.1,127.5,170.6,272.7,281.5,381.0,911.1
RESZIA_clean,310.9,118.8,215.8,270.8,321.7,329.3,944.3,2057.3
RETBEZ_clean,383.8,155.6,291.3,379.1,437.9,435.4,1113.2,2153.0
RETVIW_clean,342.6,128.7,230.8,304.0,347.0,387.9,768.2,1298.2
REVYUO_clean,337.8,136.1,246.6,305.4,382.6,386.0,947.5,1976.7
REWLEM_clean_h,302.1,119.1,182.9,236.6,309.1,316.0,788.2,2040.9
REWNEO01_clean,234.3,79.8,105.1,130.2,221.6,232.9,265.8,718.5
REWNEO_clean,237.5,78.9,104.4,131.8,219.1,237.7,259.6,721.2
REWSUJ_clean,265.0,94.5,147.3,192.7,307.0,309.9,445.7,1096.0
REXCEE_clean,343.0,113.3,146.3,184.6,286.5,287.5,391.7,979.4
REXCII_clean,167.9,55.3,72.2,88.9,160.5,181.8,192.5,373.6
REXCOO_clean,169.5,55.2,71.4,88.2,157.9,180.2,191.6,372.5
REXCUU_clean,167.4,54.4,70.6,88.4,158.5,178.9,190.1,380.2
REXDEF_clean,168.9,56.0,72.0,91.2,160.9,181.0,191.1,378.7
REXDIJ_clean,170.6,55.6,71.7,90.7,161.3,183.5,195.5,386.0
REXDOP_clean,167.5,54.3,71.1,90.8,157.5,180.7,191.2,384.3
REXDUV_clean,173.5,56.3,73.3,90.8,164.6,184.1,198.3,397.3
REXFAD_clean,166.1,56.9,70.2,86.3,156.5,176.9,188.0,367.2
REXFEH_clean,169.5,55.0,71.1,88.2,158.2,181.1,191.4,376.2
REXFIL_clean,169.9,56.2,72.3,90.1,163.3,184.9,195.0,385.4
REXFOR_clean,169.5,55.2,70.7,87.9,157.3,184.8,193.0,378.3
REXGAE_clean,612.7,194.3,299.5,364.3,490.4,480.8,1042.3,2766.3
REYBAA_clean,281.2,96.3,136.3,184.6,311.5,334.4,352.3,629.9
REYJEM_clean,206.8,102.2,190.1,226.5,257.7,266.7,915.4,2331.4
REYMOZ_clean,570.2,290.4,511.3,604.3,651.7,757.2,3297.5,8523.1
REYPES_clean,475.8,172.5,243.1,310.9,504.9,538.8,629.9,1401.4
REYPIW_clean,220.7,93.1,167.8,220.6,272.1,273.2,629.5,1234.8
REZVAU_clean,250.0,92.7,152.7,201.7,290.8,292.9,495.3,1103.2
REZXEA_clean,109.0,34.3,44.8,56.8,106.0,124.1,134.1,276.9
REZXIE01_clean,135.7,48.3,65.8,86.8,149.5,159.6,190.0,548.3
REZXIE_clean,130.1,46.5,65.7,85.0,151.1,160.5,192.0,560.1
REZXOK_clean,85.3,27.8,35.8,45.9,83.6,98.8,107.3,218.7
REZXUQ_clean,100.2,32.7,43.2,54.1,103.2,118.6,127.5,290.4
RIBDAJ_clean,145.9,50.3,77.4,103.8,170.5,174.7,242.6,655.1
RIBDEN_clean,147.2,52.0,81.6,105.2,174.4,182.8,249.4,675.0
RIBTAZ_clean,211.2,77.7,127.0,171.3,251.9,247.6,481.2,1370.9
RICBEM_clean,233.2,83.7,127.0,172.8,275.5,281.1,421.3,1335.1
RICHIV_clean,229.6,73.3,87.0,103.0,188.5,235.8,277.9,282.4
RIFDUG01_clean,146.8,53.6,85.8,112.7,171.2,173.9,251.0,645.8
RIFGAQ_clean,594.1,288.9,524.0,594.5,645.7,831.5,3437.5,8688.5
RIFMIE_clean,267.8,93.0,136.0,178.5,294.9,311.7,335.2,697.5
RIFQUT_clean,222.8,76.8,112.2,143.6,250.2,272.5,294.9,655.8
RIFSOQ_clean,2182.5,771.1,1098.2,1264.5,1519.5,1530.4,3529.2,8714.8
RIGPEE01_clean,319.3,110.1,160.1,208.5,363.9,386.1,435.6,1047.9
RIGPEE_clean,261.8,93.9,118.1,154.3,276.4,315.1,330.3,636.5
RIGTIL_clean,157.5,60.5,106.2,142.1,194.1,196.0,393.6,883.9
RIGVOU_clean,210.7,78.7,132.6,191.8,249.7,252.9,339.3,599.1
RIGWIP_clean,205.9,78.1,117.7,156.1,236.7,243.3,298.5,542.7
RINSEM_clean,88.9,30.9,48.2,61.3,103.5,109.7,136.5,351.6
RIPKIM01_clean,280.0,91.8,117.8,147.6,276.4,316.4,333.5,539.2
RIPKIM_clean,305.4,91.6,120.5,152.3,280.8,323.2,337.6,556.3
RIPNIP_clean,234.9,88.0,142.9,191.7,279.2,282.0,482.2,1126.8
RIPTEQ_clean,184.0,64.0,95.8,126.7,214.1,226.0,284.0,781.7
RIRDED_clean,524.1,233.0,426.7,521.9,603.0,600.0,2123.5,4865.0
RIRDIH_clean,573.6,243.0,450.3,546.1,588.8,630.9,2545.7,5546.5
RITGEI_clean,336.1,110.9,158.9,203.9,355.0,368.0,473.6,1254.9
RITGIM_clean,242.1,79.5,122.5,160.7,262.2,271.8,368.2,1016.9
RITGUY_clean,179.5,55.6,77.2,97.2,173.3,198.1,215.6,413.7
RIVDEF_clean,307.3,103.0,140.9,182.4,329.0,361.3,375.2,723.5
RIWMUH_clean,420.1,173.9,316.8,401.0,489.3,480.6,1538.8,4108.6
RIWNAO_clean,989.3,312.0,447.9,545.7,727.7,789.4,1460.8,3912.8
RIWSUM_clean,319.4,110.0,158.7,209.3,341.6,362.1,423.1,1057.2
RIXBEG_clean,482.5,198.2,367.6,465.5,582.9,560.3,1247.8,2294.8
RIXBIK_clean,398.4,180.8,309.9,392.2,480.6,486.8,1284.7,2601.5
RIXPIZ_clean,198.6,70.6,103.8,135.0,207.3,206.6,316.0,900.2
RIYBAE_clean,383.6,151.2,265.7,341.2,404.8,398.6,1302.4,3708.3
RIYBEI_clean,468.9,191.7,332.3,428.2,501.8,501.6,1595.6,4567.0
RIYBIM_clean,478.9,193.9,335.4,434.2,501.6,500.2,1733.2,4694.4
RIYBOS_clean,488.8,193.4,338.4,420.4,517.5,498.9,1658.0,4725.7
RIYWED_clean,371.3,144.1,256.3,340.6,491.6,465.8,802.1,1729.1
RIYWIH_clean,334.7,131.2,216.6,291.5,410.8,406.4,713.9,1607.0
RIYXIG_clean,208.3,67.9,96.9,125.5,218.1,238.3,261.9,648.7
RIZXUT_clean,104.8,33.8,45.4,59.1,105.7,116.7,129.5,330.2
ROBWAH_clean,247.8,90.3,153.4,197.1,293.8,289.5,460.0,975.7
ROBYOY_clean,422.0,281.5,473.8,480.8,624.3,1089.7,3354.1,5397.5
ROCZAM_clean,198.9,73.2,116.8,155.6,237.3,240.4,412.4,1109.8
ROCZEQ_clean,199.7,73.6,117.7,157.1,238.2,240.7,423.0,1127.2
ROCZIU_clean,118.1,41.1,59.5,79.3,134.5,145.6,169.7,432.2
ROCZOA_clean,155.0,53.7,80.0,104.1,177.6,190.9,234.6,662.5
ROCZUG_clean,158.2,55.9,80.0,106.0,179.6,191.2,229.9,639.3
RODBAP_clean,155.7,52.8,76.2,100.3,174.0,189.1,223.0,625.3
ROGLOP_clean,277.8,102.7,167.5,224.6,330.3,336.4,525.5,1181.0
ROGSAI_clean,214.1,75.1,114.3,144.5,246.9,264.2,317.3,843.9
ROKRIU_clean,488.3,589.6,1487.8,1943.0,3720.8,4810.1,9233.6,12430.7
ROKROA_clean,449.1,442.9,508.0,656.0,2087.6,3092.7,8332.8,13479.4
ROLZEZ_clean,234.4,87.1,143.2,190.0,280.5,288.2,453.4,1017.9
ROMMAJ_clean,291.5,112.7,206.5,251.9,307.6,299.0,746.6,1776.3
ROMQAN_clean,332.5,118.5,173.5,226.2,381.8,399.0,437.0,851.0
RONCIG_clean,141.4,44.3,53.3,61.8,113.0,141.8,173.1,193.2
RONSIY_clean,380.3,167.5,309.8,390.9,458.5,446.0,989.7,1545.2
RONSOC_clean,115.9,38.4,50.3,63.4,117.0,127.5,137.5,299.1
RONSOE_clean,351.3,138.8,253.5,322.4,377.4,388.8,805.7,1322.9
RONWIA_clean,122.0,39.7,52.4,64.1,120.6,141.7,154.0,277.3
RONZID_clean,79.6,26.3,34.5,43.2,81.4,95.3,105.3,215.4
ROQVIE_clean,164.9,57.8,81.2,105.6,185.2,196.0,231.6,621.7
RORLIV_clean,145.4,49.2,69.9,91.3,161.9,176.8,191.2,433.1
RORRIB_clean,229.3,81.3,125.3,173.0,276.0,280.5,381.9,964.4
RORTAV_clean,423.9,170.2,294.1,362.5,478.2,474.6,1297.2,3694.3
RORTID_clean,289.8,102.4,162.4,209.9,308.9,314.4,602.6,1539.5
RORTOJ_clean,289.0,98.7,154.5,207.0,312.1,312.4,518.6,1381.6
RORTUP_clean,298.6,104.4,168.6,219.5,313.0,314.2,608.8,1586.4
RORVAX_clean,152.9,57.3,93.1,124.5,187.1,190.2,351.3,948.4
ROTQIC_clean,326.8,118.9,185.7,240.8,386.6,399.3,516.2,1166.6
ROTTOL_clean,227.5,84.0,139.3,183.6,269.0,267.6,467.4,1047.4
ROYJUM_clean,182.6,70.8,119.3,155.6,216.2,224.1,441.6,996.0
ROYREE_clean,227.6,90.0,150.2,191.2,235.8,234.2,427.5,789.4
ROYRII_clean,254.1,100.1,170.8,217.3,269.5,269.9,465.6,896.8
ROYROO_clean,258.7,106.9,181.1,222.2,276.6,272.1,506.0,941.1
RUBDUP_clean,177.7,55.3,62.8,71.7,110.6,135.6,151.1,195.3
RUBGUS_clean,264.4,102.4,178.2,244.4,297.7,294.8,649.7,1187.5
RUBTAK01_SL,220.1,81.8,134.0,179.5,266.1,273.3,425.9,1012.6
RUBTAK02_SL,206.8,79.6,123.7,163.9,247.8,250.9,374.1,877.5
RUBTAK03_auto,387.9,130.5,179.1,219.7,393.3,428.7,454.9,1104.4
RUBTAK04_clean,551.0,280.1,494.2,580.4,594.4,880.5,3395.9,7063.5
RUBTAK06_clean,615.1,295.0,508.0,580.0,600.9,881.7,3436.3,7034.7
RUBTAK07_clean,558.0,290.9,508.6,604.9,599.7,905.1,3385.7,7143.8
RUBTAK08_clean,567.7,288.2,515.6,576.1,600.5,859.4,3447.8,7312.1
RUBTAK09_clean,565.2,282.0,517.3,567.9,583.6,893.2,3553.8,7416.2
RUCGOM_clean,383.8,141.8,225.8,292.4,457.0,463.1,696.5,1697.2
RUDPOW_clean,288.3,97.2,149.1,195.4,298.4,315.2,441.2,1039.4
RUDQEN_clean,385.4,132.0,207.8,267.2,417.9,432.9,548.4,1097.7
RUDQOX_clean,228.5,69.3,88.3,110.1,204.4,241.3,262.3,385.4
RUFDUT_clean,226.4,100.3,183.7,228.6,276.7,278.8,781.9,1488.8
RUFPUF_clean,168.3,50.4,55.7,61.6,92.0,112.7,146.1,157.0
RUFRIV_clean,350.4,127.1,205.5,270.0,420.2,424.0,610.3,1389.6
RUFTET_clean,259.0,94.9,142.6,190.3,308.4,326.1,403.8,972.3
RUFZID_clean,300.6,107.7,167.5,224.6,344.9,345.7,578.4,1639.6
RUFZOJ_clean,278.5,92.1,131.8,170.0,268.0,272.0,387.4,1035.2
RUGKOV_clean,153.1,54.8,85.3,113.2,173.3,178.5,308.5,855.6
RUGXIC_clean,430.8,231.0,422.8,474.4,513.0,795.9,3521.6,8368.3
RUGXOI01_clean,236.4,96.5,174.5,227.6,280.7,286.5,816.3,2011.8
RUGXOI_clean,177.3,74.2,124.4,164.8,214.2,215.1,487.9,1042.4
RUGXUO_clean,351.6,133.3,232.2,288.2,326.6,327.3,1096.5,2434.0
RUGYOJ_clean,285.4,108.4,173.4,232.6,330.0,331.9,571.3,1309.8
RUGZAW_clean,296.6,107.5,172.7,222.1,332.4,330.1,571.5,1422.7
RUHCED_SL,198.9,84.8,152.8,201.5,243.3,245.8,640.1,1304.4
RUHFEH_clean,110.6,34.9,43.9,54.7,104.0,122.1,136.0,250.2
RUHFIL_clean,106.8,34.5,44.5,54.2,101.1,122.3,132.5,242.1
RUHFOR_clean,110.1,36.1,45.6,54.9,103.5,124.4,138.5,249.7
RUHFUX_clean,104.5,34.0,43.2,53.4,98.9,119.5,129.1,237.9
RUKHAI_clean,565.8,210.5,320.5,410.6,451.8,464.8,1802.7,4875.3
RULBOQ_clean,238.9,80.5,113.5,144.9,254.4,278.0,305.6,742.3
RULMUI_clean,570.6,201.9,307.5,375.5,532.7,502.8,1063.6,2984.7
RULQIY_clean,144.0,45.2,53.0,61.1,111.4,144.2,174.8,190.2
RULVUP_clean,307.6,129.3,241.8,304.5,374.5,373.8,858.6,1538.2
RULXOM_clean,328.7,135.5,238.2,306.7,375.9,375.9,1173.4,2941.8
RUMRUO_clean,197.9,73.9,119.8,164.6,241.1,242.2,324.8,606.1
RUNXUV_clean,270.7,119.9,228.8,285.0,332.3,348.7,953.5,1858.0
RUPTED_clean,152.4,49.6,63.3,80.1,144.6,168.1,180.5,197.2
RUPVAB_clean,402.9,185.9,339.4,406.4,467.4,486.8,1988.7,5422.1
RURPAW_clean,108.8,49.1,87.7,114.1,140.7,142.2,359.6,657.5
RURPEA_clean,122.7,44.2,70.5,95.7,146.5,149.6,210.4,459.4
RUSHIY_clean,1925.4,658.0,727.6,858.7,1313.6,1507.9,1370.6,2999.3
RUSWIN_clean,213.6,82.8,126.5,166.4,269.1,262.3,415.2,996.4
RUSWOT_clean,215.0,78.9,127.4,171.0,259.0,262.3,413.6,1019.5
RUSWUZ_clean,218.2,80.1,127.2,169.5,257.4,261.1,420.7,1029.4
RUSXAG_clean,217.5,80.0,130.3,172.9,257.5,263.1,428.4,1017.7
RUSXEK_clean,213.8,79.9,128.0,171.0,260.0,261.0,424.3,1028.7
RUTNOK_manual,167.9,56.6,74.8,95.7,173.4,191.5,204.0,503.9
RUVBOB_clean,294.5,111.5,192.8,251.0,341.3,337.4,708.0,1610.1
RUVCES_clean,75.1,26.1,38.2,50.9,89.3,95.7,113.1,276.9
RUVKAV_clean,108.4,34.3,45.8,57.2,106.0,124.7,132.6,277.4
RUVMAX_clean,238.3,103.4,192.5,244.2,289.7,292.2,935.8,1971.1
RUVMUR_clean,185.2,59.0,71.8,84.1,157.0,194.7,228.0,251.2
RUWWOW01_clean,199.3,78.7,136.3,179.6,247.9,246.7,476.4,958.6
RUWWUC_clean,218.3,86.3,147.4,196.9,273.4,272.3,492.2,965.1
RUWXAJ_clean,174.5,61.9,98.1,128.0,207.2,211.0,243.1,429.5
RUWXEN_clean,161.2,59.5,97.8,128.9,193.4,196.3,297.6,590.7
RUWZIU_clean,568.3,182.2,238.8,291.8,524.2,575.1,628.3,1172.9
RUWZOA_clean,573.4,198.8,272.7,337.3,583.6,648.9,676.4,1492.1
RUWZUG_clean,633.9,218.3,295.4,388.9,663.0,705.3,750.9,1737.4
RUYNEG_clean,440.0,186.2,328.5,416.6,467.8,472.0,1688.2,3979.1
RUYNIK_clean,219.3,79.7,129.2,173.7,264.5,264.3,404.8,984.2
RUYQIN01_clean,430.3,164.3,272.5,355.2,492.6,502.7,1077.5,3038.4
RUYQIN02_clean,433.0,157.0,268.4,352.2,498.8,484.2,1045.5,2904.0
RUYQIN03_clean,427.1,162.5,266.9,350.9,499.5,486.1,1070.9,2969.3
RUYQIN_clean,435.1,159.6,264.5,374.5,495.6,518.6,1064.1,3009.5
RUYQOT_clean,428.5,159.6,261.5,349.4,499.1,494.2,1048.5,2891.5
RUYTIQ_clean,428.1,160.4,263.2,342.4,489.2,493.1,1052.3,2862.1
RUYTUC_clean,424.7,157.9,269.4,346.9,485.5,503.2,1032.5,2919.7
RUYVAK_clean,413.6,166.5,272.4,373.7,486.2,494.3,1109.5,3106.3
RUYVEO_clean,304.5,106.9,160.0,206.9,331.4,347.6,463.8,1288.3
RUYVIS_clean,219.4,71.9,91.3,112.3,197.7,217.5,232.9,489.6
RUYZUH_clean,194.5,66.5,90.3,116.4,211.2,228.0,244.0,547.5
RUZCOF_clean,130.2,54.8,100.5,131.9,162.2,163.0,413.7,828.5
RUZDAS_clean,108.2,35.5,49.1,63.6,117.3,130.2,136.9,283.6
S2052520616005515_bm5080sup1_clean,160.1,62.5,107.3,142.4,190.1,191.4,437.2,1010.2
S2056989016007027_zl2661sup1_clean,185.8,76.5,137.2,177.4,228.7,228.0,558.4,1215.5
SABFUX_clean,131.3,42.0,58.2,74.7,136.6,151.4,164.4,423.9
SABKIS_clean,154.7,57.0,94.1,125.3,181.3,187.0,353.3,907.8
SABVOH01_clean,159.2,67.8,122.5,159.4,201.0,197.3,547.4,1195.0
SABVOH_manual,160.0,66.4,120.4,158.3,197.6,199.8,522.6,1168.7
SABVUN_clean_h_min,334.8,155.0,286.6,364.1,392.8,425.7,1675.1,3974.1
SACDOR_clean,398.1,167.2,280.8,362.3,428.9,452.1,1379.6,3787.1
SADLEQ_clean,124.7,44.8,71.0,94.2,151.1,157.0,218.9,531.8
SADLIU_clean,121.8,45.7,76.2,101.4,150.2,153.4,262.0,599.6
SADMUH_SL,133.4,44.4,66.8,87.1,149.1,157.0,198.0,547.3
SADVEB_clean,328.8,127.8,187.9,249.7,390.5,410.8,577.2,1359.0
SAHXAD_clean,122.9,44.9,69.5,92.0,150.7,151.7,243.2,713.6
SAJDIT_clean,296.0,99.0,136.8,173.1,282.9,309.8,344.7,772.4
SAJHUJ_clean,471.7,234.0,433.5,503.4,532.8,640.3,2157.5,3872.1
SAJRAW10_clean,111.0,37.4,50.8,65.6,120.4,135.1,146.6,368.8
SAJRAW11_clean,116.6,38.4,52.2,66.2,123.3,136.8,151.9,376.2
SAJRAW_clean,109.8,37.9,49.6,64.3,119.0,129.7,141.5,362.1
SAJRUT_clean,225.2,87.0,139.3,184.9,263.0,264.8,554.9,1572.3
SAJSAA_clean,315.7,139.2,261.5,334.7,374.0,385.4,1329.0,2902.3
SAKNOJ_clean,717.6,273.8,439.4,528.9,656.8,636.0,2085.0,5924.8
SAKRAZ_clean,157.3,57.4,91.5,121.9,189.7,189.4,333.8,916.2
SAKRED_clean,155.2,56.5,90.8,120.4,186.6,193.9,316.9,864.2
SALROO_clean,243.0,108.4,199.1,237.5,253.7,283.5,979.4,1976.9
SALRUU_clean,159.9,51.2,89.5,116.0,162.2,160.0,326.4,783.4
SALXEL_clean,281.8,109.3,178.6,229.1,338.2,328.3,706.3,2083.4
SALXIP_clean,291.8,106.4,172.7,228.9,331.3,344.9,647.1,1945.5
SALZAH_clean,293.6,97.4,132.6,173.7,305.0,334.0,357.5,866.6
SAMLAV_manual,165.2,55.4,85.7,111.5,184.4,192.3,251.4,625.7
SAMVEK_clean,157.3,58.3,82.3,107.6,181.4,190.4,244.4,666.4
SAMVIO_clean,205.6,60.4,93.1,122.6,206.3,205.3,292.9,806.8
SAMXUC_clean,578.7,197.0,313.9,400.8,588.6,600.2,710.7,1405.5
SAMYAJ_clean,612.2,191.5,292.4,405.8,578.9,598.6,703.9,1322.6
SAMYEN_clean,583.4,213.0,315.7,408.4,614.4,599.5,736.4,1423.9
SAMYIR_clean,594.6,202.4,304.6,395.4,611.2,595.7,715.8,1331.8
SANGEW_clean,275.8,116.1,218.6,274.5,307.0,318.6,1015.5,2055.9
SANGIA_clean,284.5,132.7,251.4,299.7,325.6,364.5,1325.2,2486.5
SANGOG_clean,283.6,132.1,254.5,298.4,320.0,367.4,1333.7,2452.1
SANGUM_clean,230.0,95.8,168.5,218.5,278.0,280.5,710.4,1570.8
SANHEX_clean,283.2,134.2,250.5,298.6,321.7,378.1,1363.3,2532.2
SANHIB_clean,266.7,117.7,215.5,269.6,315.0,315.5,958.0,1839.7
SANHOH_clean,222.3,92.5,162.3,213.2,268.5,279.7,681.2,1466.3
SANHUN_clean,253.0,113.9,212.7,263.6,308.1,311.5,1033.8,1964.0
SANJAV_clean,270.3,123.8,229.8,284.7,321.6,334.4,1088.4,2122.9
SAPHOI_clean,488.1,174.2,261.8,335.7,399.7,390.2,972.2,2067.2
SAQQAD_clean,140.0,47.5,66.2,85.2,151.8,164.8,181.4,445.3
SAQQEH_clean,141.3,48.3,68.3,90.3,157.6,168.0,187.7,464.7
SAQQIL_clean,141.5,47.9,68.7,90.0,156.8,170.2,188.1,469.2
SAQQOR_clean_h,140.6,47.7,67.1,85.6,152.4,165.4,182.7,454.0
SAQSOU_clean,435.4,157.2,246.0,328.8,469.1,476.6,797.0,2057.9
SARGID_clean,298.2,116.2,204.7,272.8,351.1,350.6,1025.5,2870.6
SARGOJ_clean,299.7,116.9,206.9,272.8,354.9,361.0,989.7,2844.4
SARGUP_clean,155.3,55.3,86.6,116.4,187.0,197.4,278.9,817.3
SARHAW_clean,154.3,54.8,83.3,109.1,183.6,191.3,263.1,768.2
SARHEA_clean,156.2,58.4,86.5,115.9,186.0,194.9,281.8,812.6
SARMEE_clean,463.8,182.6,307.6,406.2,524.1,536.7,941.9,1886.1
SARNOQ_clean,176.9,61.0,87.9,113.0,199.8,214.9,242.0,601.8
SARPIL_clean,203.4,81.7,147.4,187.7,238.8,234.7,729.4,2066.5
SARTIR_clean,167.6,55.2,78.2,103.5,184.6,196.4,217.7,575.0
SATRIP_clean,124.0,43.4,61.6,79.7,142.9,154.5,171.7,427.0
SATROV_clean,157.0,55.1,85.3,113.2,183.6,191.2,269.0,723.9
SAXLEK_clean,82.7,27.0,33.3,39.8,76.2,103.5,107.3,156.3
SAXRIS_clean,260.4,88.3,126.5,158.8,276.6,294.3,343.5,960.6
SAYTOD_clean,97.2,30.9,37.8,44.9,85.5,103.4,120.7,161.8
SAYTUJ_clean,91.8,29.9,35.4,42.2,78.9,99.2,118.5,148.6
SEFSOM_clean,291.8,101.0,148.1,191.8,328.9,359.0,386.9,844.6
SEFVAC_clean,228.4,74.8,99.1,124.2,223.7,258.1,276.9,560.5
SEFVEG02_clean,226.6,75.5,95.1,118.5,219.7,248.4,268.4,510.2
SEFVEG_clean,227.1,75.0,95.9,118.0,225.2,248.0,266.3,509.8
SEFVUW_clean,235.1,78.0,102.1,129.5,233.1,264.7,283.5,581.0
SEFWEH_clean,246.0,75.3,102.9,126.9,226.8,259.6,271.1,590.8
SEFWIL_clean,235.0,78.2,99.6,123.0,228.7,260.1,276.6,551.0
SEFWOR_clean,232.9,76.5,97.6,118.9,215.2,254.6,277.7,471.5
SEGBIR_clean,238.6,75.0,94.2,113.2,211.8,259.1,290.4,415.7
SEGMEW_clean,211.2,70.0,91.7,116.7,226.3,247.5,259.2,462.5
SEHMUO_clean,362.3,114.0,152.7,197.5,340.6,350.5,436.7,1187.5
SEHNEZ_clean,363.6,113.6,171.6,218.8,365.7,358.2,518.4,1457.9
SEHNID_clean,294.6,99.0,141.9,184.2,319.7,332.1,400.3,1052.8
SEHSII_clean,127.9,45.4,73.4,97.1,149.6,153.4,254.9,654.0
SEHSUU_clean,130.7,49.8,77.0,102.9,157.2,162.0,263.7,689.4
SEHTAB_clean,133.8,51.6,87.7,115.8,167.9,164.3,343.5,853.9
SEHTEF_clean,131.2,49.2,79.7,106.7,159.0,163.9,293.4,746.2
SEHVOQ_clean,144.9,60.9,108.7,140.1,168.7,171.6,485.3,1002.0
SEHXIN_clean,120.6,42.9,67.4,91.4,145.8,148.1,210.8,507.9
SEHZUB_clean,227.4,82.5,120.5,158.2,266.4,281.2,333.9,759.0
SEJBAL_clean,228.4,78.6,114.0,148.4,256.0,273.6,302.9,708.5
SENQAE_clean,225.1,211.9,238.7,254.7,798.8,1125.7,1670.1,1945.0
SENVIR_clean,344.8,135.2,241.9,310.9,377.2,380.2,1172.4,2924.6
SEQSIS_clean,347.4,175.1,327.3,395.7,435.7,469.8,1640.9,3016.5
SEQSOY_clean,259.0,112.5,206.8,270.3,313.0,317.7,929.4,2068.3
SEQTEP_clean,283.0,106.2,163.4,215.9,318.3,322.2,482.9,1156.7
SERCEZ_clean,227.5,87.9,148.4,190.8,269.2,264.6,611.9,1681.9
SERJOP_clean,247.3,88.1,138.5,190.7,291.9,300.3,442.7,1163.7
SERJUV_clean,153.8,47.8,64.3,82.3,148.0,166.4,179.2,350.6
SERLEI_clean,187.7,67.1,103.6,135.0,201.0,202.9,338.5,954.9
SERWAP_clean,319.3,153.5,256.4,313.9,356.5,363.2,1255.2,2769.4
SERWET_clean,344.5,144.1,270.0,310.0,324.0,430.9,1610.2,3055.9
SERWIX_clean,317.2,113.6,204.3,256.2,296.2,296.6,972.7,2315.3
SESLUZ_clean,348.5,166.8,314.2,364.5,400.7,471.4,1898.9,3694.2
SETDUS_clean,243.1,93.1,157.5,213.7,294.3,300.8,626.0,1532.2
SETPEO_clean,149.9,51.7,78.0,102.3,169.3,178.1,236.2,704.0
SETQAL_clean,244.3,111.2,208.8,259.6,295.2,302.2,860.1,1583.5
SETQEP_clean,243.7,109.7,204.8,259.9,295.7,306.8,872.8,1612.5
SETQIT_clean,240.6,107.4,210.9,264.4,306.8,301.4,840.7,1552.1
SETQOZ_SL,122.7,43.0,64.3,86.5,145.2,155.5,192.9,528.5
SETQUF_SL,194.2,70.0,110.1,147.4,230.5,232.1,385.9,1065.7
SETRAM_clean,146.8,49.3,73.4,96.4,152.2,161.8,213.3,599.2
SETSIV_clean,109.7,36.8,49.5,62.0,114.3,128.0,139.0,305.2
SETSOB_clean,138.2,47.6,68.4,89.9,153.5,163.1,187.3,466.8
SETSUH_clean,318.5,121.0,211.0,277.9,366.3,357.3,1052.8,3176.8
SETTAO_clean,237.5,78.7,116.4,155.0,248.5,259.1,365.3,1085.8
SETXEW_clean,465.7,160.6,223.9,290.0,485.5,526.7,561.2,1180.9
SEVLEM_clean,744.0,262.7,349.4,441.9,674.9,659.2,775.5,1949.5
SEWCED_clean,525.7,188.7,261.7,346.7,515.4,479.2,779.7,2380.0
SEYQIW_clean,102.3,34.6,49.4,63.9,115.2,123.2,143.2,376.7
SEZPIY_clean,155.9,71.5,136.0,162.7,181.0,190.8,590.9,1033.0
SEZPOE_clean,166.9,66.5,114.3,152.0,207.8,203.9,451.3,1009.8
SICZOV_clean,217.5,80.4,127.7,168.2,253.3,255.8,461.1,1441.5
SIDCAL_clean,256.8,96.4,139.9,185.5,297.4,306.2,383.6,970.8
SIFVAG_clean,222.2,73.4,91.6,112.1,206.0,241.1,256.3,310.4
SIKGAW_clean,185.3,63.6,92.9,122.2,205.2,218.9,259.4,706.8
SIKYER_clean,238.7,93.5,165.0,215.0,291.3,291.6,679.9,1815.0
SINLAE_clean,250.2,81.4,122.4,161.1,268.6,279.7,325.2,691.8
SINQEL_clean,104.4,42.4,68.2,92.8,130.1,136.4,265.3,674.1
SIPCID_clean,185.1,59.5,76.6,94.6,169.2,201.9,217.5,287.4
SIQCOM_clean,307.8,131.9,233.4,305.2,373.8,398.5,1029.3,2295.8
SIQQEO_clean,203.8,72.0,112.5,149.8,241.5,249.3,356.8,907.4
SISFEH_clean,247.7,86.3,127.1,169.8,282.6,296.8,324.3,608.7
SISPUH_clean,227.5,92.0,162.2,215.2,270.2,267.6,593.6,1167.9
SISQAO_clean,229.8,91.4,160.3,211.9,271.9,269.5,589.0,1171.5
SISQES_clean,225.2,93.0,160.0,214.4,274.9,268.2,587.6,1170.7
SISQIW_clean,227.9,90.2,159.2,214.3,269.0,269.9,585.7,1191.1
SITFUY_clean,330.4,203.7,341.7,350.5,422.1,736.9,2470.5,4891.1
SITTUM_clean,574.4,221.0,351.4,478.4,666.1,670.9,1061.8,2233.1
SIVGAH_clean,205.4,64.9,108.5,148.1,204.4,209.4,390.1,906.3
SIVGIP_clean,239.8,91.3,153.8,203.7,294.4,290.9,563.4,1357.9
SIVGOV_clean,237.1,90.9,154.4,202.4,289.4,298.6,557.5,1347.6
SIVGUB_clean,169.7,61.4,92.5,122.2,201.2,200.8,308.9,913.3
SIVJIS_clean,247.5,99.3,173.6,226.9,302.6,314.8,604.9,1224.9
SIVKAK_clean,184.0,56.5,62.4,66.2,102.2,127.3,215.9,220.8
SIVQAR_clean,161.6,58.9,93.9,125.3,199.3,201.5,311.9,792.5
SIVWUR_clean,377.1,187.2,364.4,437.2,451.3,471.0,995.8,1347.5
SIWSUO_clean,187.4,79.2,144.3,187.7,231.0,230.5,492.5,859.2
SIWTEZ_clean,265.8,100.8,164.5,215.0,322.2,327.9,499.7,1126.8
SIWTOJ_clean,235.5,117.1,219.0,267.0,289.2,318.4,1058.2,1868.1
SIZJUH_clean,240.1,75.2,84.9,97.8,165.8,211.1,271.6,278.9
SIZPUN_clean,321.5,125.0,210.7,265.0,352.7,347.6,871.4,2526.2
SOBTUY_clean,165.2,55.5,79.4,104.6,177.1,193.5,208.7,492.3
SOBZEQ_clean,170.3,60.6,91.1,121.4,196.7,238.9,300.6,880.4
SOCLAZ_clean,271.0,84.0,93.6,102.6,164.1,220.2,320.7,334.8
SODNAA_clean,168.8,60.8,97.5,133.0,199.5,201.0,261.3,509.2
SODQOT_clean,170.5,61.8,94.7,125.3,202.4,206.2,307.1,818.3
SODXUG_clean,412.8,196.7,374.6,441.5,467.2,533.6,1652.8,2910.4
SODZIV_clean,187.2,63.7,87.7,113.5,196.6,217.4,233.8,440.1
SOHBUO_clean,309.8,111.3,182.3,235.6,361.0,373.1,479.7,978.9
SOHGUS_clean,245.1,87.3,136.5,189.4,287.0,293.7,455.4,1333.8
SOHMEI_clean,271.3,96.6,140.8,176.1,253.8,270.8,422.8,1191.8
SOHMIM_clean,388.7,178.6,268.1,349.8,412.5,431.0,1294.7,3557.7
SOHMOS_clean,1151.5,345.3,492.5,629.8,813.7,863.7,1167.1,2458.6
SOHMUY_clean,269.4,92.8,138.3,172.1,252.2,312.9,401.3,1150.1
SOHNAF_clean,258.7,92.4,132.1,165.5,253.6,254.0,403.1,1117.6
SOHNEJ_clean,262.4,93.1,135.5,185.4,251.4,259.3,435.7,1125.5
SOHNIN_clean,389.6,157.4,267.7,333.0,406.4,405.6,1355.2,3569.4
SOJGOO_clean,332.2,135.5,237.6,307.5,385.2,380.0,896.4,1811.1
SOJSUH_clean,276.7,97.3,144.4,186.6,282.3,301.6,407.2,1108.6
SOKKOT_ion_b,224.8,90.1,155.0,212.0,277.6,277.8,587.6,1302.8
SOKKUZ_clean,146.3,63.5,111.8,151.9,174.4,174.8,596.9,1550.3
SOKWAS01_clean,112.6,41.5,69.7,91.0,138.2,140.2,227.0,578.3
SOKWAS_clean,147.7,58.0,101.2,133.8,183.0,182.3,415.1,1046.5
SOKWUM_clean,144.3,48.2,65.3,82.6,153.9,167.8,181.5,410.6
SOKXIB_clean,443.9,174.4,302.6,383.3,433.1,418.1,1355.5,3359.1
SOKXOH_clean,580.9,186.0,247.8,290.8,468.3,483.0,731.2,2011.0
SOMCON_clean,412.6,171.0,273.4,355.2,446.4,463.9,1318.8,3573.5
SOMFAC_clean,141.6,60.2,111.7,149.1,174.8,175.8,590.4,1542.5
SOMFEG_clean,141.9,62.9,111.2,143.4,176.4,175.2,590.1,1535.2
SOMFIK_clean,139.2,64.0,107.8,140.8,172.8,174.2,589.8,1534.7
SOMSIY_clean,115.5,49.3,90.6,118.2,147.9,145.3,378.1,763.8
SONTAR_manual,148.8,50.1,72.6,93.7,167.0,180.6,202.1,523.4
SONTEV_clean,252.3,105.2,198.2,250.2,296.6,298.6,775.0,1431.2
SONTIZ_clean,129.8,45.5,65.7,88.3,150.6,160.4,191.2,498.2
SONTOF_clean,129.5,44.7,66.7,87.5,152.0,161.3,191.9,495.8
SONTUL_neutral_b,151.0,52.7,80.8,106.6,169.9,175.6,226.4,583.0
SONVAT_neutral_b,147.9,52.6,81.0,106.5,172.0,174.0,227.6,592.4
SONVEX_neutral_b,148.5,53.1,81.1,107.6,170.5,175.8,230.2,586.7
SONVIB_neutral_b,152.6,54.2,83.1,110.1,174.2,178.1,229.4,590.6
SOPLAM_clean,123.5,40.7,56.1,71.8,129.0,145.7,155.8,366.1
SOPLEQ_clean,440.9,152.7,227.6,307.9,433.3,438.1,757.3,2106.2
SOPLIU_clean,203.6,69.9,97.7,128.9,214.5,223.0,291.0,815.3
SOPLOA_clean,218.4,71.6,103.5,132.5,229.1,245.4,284.5,748.0
SOSSEA_clean,310.5,130.5,233.5,300.7,371.6,367.1,725.6,1297.2
SOTWOP_clean,159.9,55.9,83.2,109.0,184.7,193.4,243.8,676.6
SOTWUV_clean,160.0,56.4,84.0,112.0,186.9,197.4,251.2,684.0
SOTXAC_clean,160.8,56.8,85.5,112.6,188.3,195.2,261.8,703.1
SOTXEG_neutral,393.5,154.8,263.3,349.2,478.0,472.4,846.8,1647.3
SOVHAM_clean,158.0,54.0,77.7,99.1,180.6,195.6,207.7,430.1
SOVHIU_clean,378.5,259.3,390.8,390.9,576.1,958.4,2375.4,3392.1
SOVHOA_clean,225.1,72.1,102.3,135.7,241.1,256.5,279.6,616.3
SOVLEW_clean,566.7,250.5,443.2,544.9,633.3,639.8,2618.6,7167.3
SOXDAM_clean,274.9,100.0,164.1,218.6,324.4,321.1,535.6,1147.6
SOXDEQ_clean,261.0,100.7,168.5,218.5,317.4,319.6,544.8,1193.2
SOYFUJ_clean,292.7,122.8,222.0,283.8,342.6,353.1,972.9,2012.7
SOYWOT_neutral_b,147.7,52.6,82.1,106.2,170.9,174.8,230.8,581.8
SOYWUZ_clean,477.4,226.4,411.6,501.6,545.5,576.1,2466.2,6673.4
SOZBIS_clean,110.9,37.3,51.5,65.2,121.0,134.0,146.6,366.9
SOZGIZ_clean,358.3,148.7,266.5,330.9,398.7,396.9,1376.5,3509.6
SOZGOF_clean,345.1,150.9,284.7,348.4,394.3,406.0,1525.1,3783.7
SOZRUW_clean,352.2,144.6,263.0,324.1,389.3,392.2,1318.1,3359.5
SOZSAD_clean,341.9,142.6,263.9,325.6,380.5,392.4,1322.3,3368.5
SOZSEH_clean,346.7,143.5,259.4,332.9,408.1,391.7,1333.1,3424.2
SOZSIL_clean,344.5,145.2,286.9,336.4,387.4,397.9,1368.7,3448.3
SOZSOR_clean,342.2,144.5,265.5,329.6,384.6,398.0,1333.8,3431.7
SOZSUX_clean,347.2,144.7,262.8,328.0,389.0,394.9,1371.2,3382.0
SUBMIN_clean,919.1,306.5,441.5,534.4,706.0,756.5,1146.6,3031.9
SUCLOT_clean,111.6,38.2,54.1,71.3,129.4,139.5,154.6,367.7
SUFBAY_clean,234.1,97.5,168.0,223.4,274.2,294.0,643.4,1404.7
SUFHIM_clean,283.5,95.1,123.8,159.0,280.2,306.6,321.8,779.7
SUFJOU_clean,408.8,249.2,443.5,459.6,554.1,1003.5,3611.3,6496.6
SUFROA_clean,102.6,33.1,47.7,61.6,106.0,114.0,131.6,322.3
SUGDIJ_auto,151.6,52.8,75.2,96.9,167.2,178.3,219.6,651.4
SUGVUM_clean,205.8,78.9,135.9,176.5,246.5,247.4,488.1,1026.3
SUHBAA_clean,427.0,140.0,159.9,176.2,279.5,338.1,315.9,674.0
SUHMEP_clean,195.7,71.8,117.2,154.7,228.7,232.2,409.0,1060.0
SUJNUH_clean,282.8,93.7,143.5,186.7,306.4,316.0,428.3,1106.9
SUKKUF_clean,171.5,61.9,104.5,142.0,200.5,197.8,351.3,733.8
SUKKUG_clean,495.6,306.5,461.5,461.3,597.5,1017.6,3120.8,5414.5
SUKMAO_clean,470.0,314.0,446.1,441.8,564.5,923.3,2589.4,4887.8
SUKREX_clean,203.1,73.5,117.4,155.8,247.3,248.3,316.6,665.0
SUKRIB_clean,202.2,73.8,122.0,156.8,239.4,253.9,316.0,651.1
SUKYIH_clean,152.7,56.4,85.5,117.2,180.3,183.7,294.8,814.8
SUKYON_clean,170.1,58.1,81.0,103.4,173.6,180.7,227.9,669.8
SUNHUF_clean,169.7,60.3,90.8,120.7,197.4,205.5,258.9,614.3
SUNJER_clean,142.6,54.6,91.6,121.7,176.6,180.1,321.5,718.4
SUNJIV_clean,136.9,49.4,78.1,104.2,165.5,170.7,240.8,572.9
SUNJOB01_clean,141.6,51.8,80.1,107.5,170.6,174.2,250.7,600.6
SUNJOB_clean,142.8,51.5,81.6,109.1,173.2,177.9,252.7,600.8
SUNLAP_clean,480.2,161.5,219.1,293.5,406.1,409.1,937.4,2956.6
SUPLOF_clean,236.4,83.6,128.7,170.1,265.1,282.4,431.7,1197.8
SUPQAW_clean,304.3,89.7,103.6,120.5,194.7,214.5,234.4,425.0
SUQHUJ_clean,213.0,95.3,175.6,224.4,262.9,271.4,1038.8,2852.1
SUQJEV_clean,212.3,108.2,204.5,244.1,263.2,304.9,1113.3,2172.9
SURDOA_clean,368.3,132.4,204.7,272.3,437.5,440.3,569.4,1199.4
SURHEU01_clean,560.4,288.7,519.3,566.5,601.7,917.8,3578.0,7539.9
SURHEU02_clean,563.8,297.0,514.2,596.4,620.8,877.9,3428.2,7075.2
SURHEU_clean,555.5,292.4,501.1,577.4,607.8,915.0,3560.0,7492.3
SURKUN01_clean,552.8,284.0,518.1,595.2,593.7,873.4,3312.5,6969.2
SURKUN_clean,569.4,276.4,513.9,563.6,601.7,868.0,3463.7,7190.7
SURLEY_clean,583.7,284.7,540.8,577.4,597.1,867.5,3393.6,7226.6
SUSZIQ_clean,226.5,149.6,259.4,280.7,303.0,522.5,1243.9,1717.8
SUSZOW_clean,228.4,146.1,259.5,271.8,295.5,490.6,1301.1,1702.6
SUVNEE_clean,2731.7,933.4,1216.0,1459.8,1824.1,1806.9,3955.6,10855.4
SUWBET_clean,496.3,211.2,386.4,485.6,573.6,589.4,1867.4,4392.1
SUWQEI_clean,396.0,145.6,231.6,309.6,489.1,450.1,839.6,2329.0
SUXGUP_clean,934.4,301.7,468.7,581.5,789.8,764.9,784.2,1027.3
SUXNIJ_clean,367.4,147.5,264.3,349.1,432.9,432.0,1345.7,3296.3
TACFIN01_clean,165.0,69.0,130.3,160.8,178.6,185.6,582.5,948.4
TACFIN_clean,135.1,60.2,114.1,141.4,164.6,167.1,494.3,845.7
TACPAP_clean,253.5,94.9,144.1,194.7,303.8,306.7,359.2,642.2
TACPET_clean,234.3,86.0,136.7,180.1,275.1,278.1,332.6,590.9
TACPIX_clean,242.1,83.8,130.2,172.2,274.6,279.4,318.0,572.2
TACWOM_clean,223.1,83.3,133.7,179.8,257.7,262.3,487.4,1367.6
TACWUS_clean,222.5,81.9,131.3,175.5,259.9,260.8,481.8,1328.1
TADCOS_clean,118.2,46.4,83.4,111.3,148.3,152.1,366.5,960.9
TADWEC_manual,475.4,205.1,369.2,480.7,562.1,549.4,1758.5,4154.6
TADWIG_manual,413.0,179.2,335.0,415.7,480.2,491.2,1595.1,3716.8
TADWOM_clean,445.0,136.3,209.2,275.2,340.9,354.7,706.4,1761.2
TADYEE_clean,228.3,74.4,94.1,116.9,218.1,256.0,275.9,387.9
TADYII_clean,294.8,101.7,131.4,166.5,300.8,341.9,359.8,682.7
TAGBUZ_clean,187.4,74.2,123.3,169.2,228.8,229.6,342.9,613.1
TAGSEB_clean,417.7,153.5,236.0,322.0,475.9,460.7,721.6,1757.0
TAGTED_clean,183.0,70.6,113.1,146.0,220.1,222.7,438.9,1202.3
TAGTIH_clean,161.7,57.0,87.6,115.3,188.5,192.8,285.1,839.5
TAGTUT_clean,469.6,180.2,292.7,355.3,484.4,467.6,1217.7,3147.0
TAGVAB_clean,260.3,96.4,161.1,212.2,296.7,293.6,609.7,1679.4
TAHNEY_clean,138.1,46.2,59.8,75.3,140.3,165.2,173.4,384.2
TAJXIO01_clean,271.6,83.1,86.8,101.3,140.6,184.1,308.2,322.3
TAJXIO02_clean,271.9,84.0,94.9,95.2,130.1,169.8,299.1,320.1
TAJXIO03_clean,266.7,82.0,92.3,91.6,125.4,163.9,282.0,326.2
TAJXIO04_clean,295.4,82.9,86.6,91.7,125.3,158.4,281.9,331.5
TAJXIO_clean,268.4,85.6,90.3,102.0,135.4,177.5,295.9,318.0
TAKGOE_clean,177.5,63.0,88.4,112.8,198.1,212.4,234.4,509.8
TAKGUK_clean,177.5,62.3,87.0,112.3,199.1,211.4,227.9,510.2
TAKHAR_clean,178.0,60.5,87.2,112.7,200.3,210.9,227.9,513.0
TAKHEV_clean,177.6,63.2,86.4,115.5,198.6,211.9,235.1,533.8
TAKTIL_clean,136.3,57.4,108.0,134.8,167.9,169.2,525.4,1153.8
TAKTOR_clean,139.4,52.8,93.7,121.6,169.1,165.2,371.3,898.8
TAKVAF_clean,135.9,53.6,94.1,122.4,167.3,168.3,382.2,920.2
TAMHUM_clean,326.1,120.2,167.8,216.7,354.9,370.2,504.7,1535.4
TANBOZ_clean,116.0,37.3,46.5,56.8,106.3,133.0,146.3,220.6
TAPLED_clean,340.8,118.3,172.7,229.7,369.0,383.5,487.9,1277.9
TAPXIT01_clean,249.4,85.8,127.9,170.9,287.7,301.6,314.3,460.9
TAQGEZ_clean,164.7,53.2,78.6,98.7,177.4,193.2,217.1,587.1
TAQGOK_clean,449.8,166.2,271.5,374.1,535.9,523.9,664.4,1166.8
TARVOX_clean,260.7,86.3,115.2,147.1,267.8,306.9,319.7,569.2
TARVUD_clean,258.9,85.9,115.5,146.2,269.8,302.4,319.1,593.9
TARWAK_clean,259.6,85.8,114.1,144.6,271.1,301.2,315.1,545.3
TARWEO_clean,217.7,73.6,95.5,118.9,223.1,259.1,271.4,449.7
TASFAU_clean,1901.1,630.3,773.1,896.3,1299.8,1270.7,1582.0,4691.3
TASVUG_clean,238.7,92.4,154.4,205.4,279.3,275.9,640.2,1763.8
TASWAN_clean,228.9,91.5,155.8,201.8,263.6,274.1,660.0,1790.4
TASWER_clean,230.1,90.9,152.1,207.6,267.9,265.9,671.5,1830.4
TASWIV_clean,230.7,88.5,155.9,202.0,273.8,271.5,656.4,1837.4
TASWOB_clean,235.5,93.2,156.5,209.0,273.2,273.3,661.8,1789.8
TASXIW_clean,202.9,76.8,128.9,170.5,246.3,249.0,469.7,1189.6
TATPOV_clean,267.8,112.8,205.0,255.4,323.1,321.9,1010.9,2775.5
TATSAK_clean,279.4,105.4,182.1,237.7,284.1,283.9,893.7,2092.9
TAVSER_clean,323.8,190.8,341.0,366.2,399.2,656.7,1962.5,3024.3
TAWHOO_clean,173.4,174.4,203.2,206.1,519.2,757.1,1347.0,1804.4
TAWSUI_clean,144.6,53.2,100.0,126.4,152.2,153.7,459.4,979.5
TAWTAP_clean,151.3,64.8,119.6,153.2,186.6,189.9,553.7,1117.7
TAWYUO_clean,257.9,90.2,134.6,174.8,288.7,291.3,381.9,911.5
TAYNEN_clean,325.2,109.8,155.4,213.3,356.8,388.8,408.3,840.7
TAZLAJ_clean,246.3,86.4,152.0,204.7,255.3,255.7,641.6,1736.1
TAZLEN_clean,256.6,89.2,155.0,208.6,260.5,267.4,669.1,1795.7
TAZLIR_clean,217.9,85.4,147.2,200.0,250.8,251.2,613.5,1723.2
TAZLOX_clean,223.3,86.3,147.9,191.2,253.1,250.2,606.7,1622.9
TAZLUD_clean,217.7,86.5,149.3,203.5,255.6,255.0,614.8,1638.6
TAZSAP02_clean,231.9,78.2,106.6,134.9,251.1,281.2,288.8,522.6
TAZYAV_clean,118.6,43.1,61.2,81.0,131.5,135.1,205.6,628.5
TEBSAW_clean,262.5,98.7,166.9,224.8,311.6,314.3,600.5,1308.0
TECTUS_clean,176.0,69.2,105.2,139.4,213.7,213.7,319.0,694.4
TECVEE_clean,210.5,78.7,129.2,170.3,258.0,258.2,372.5,779.8
TEDXOR_clean,295.2,122.5,208.0,277.6,349.6,357.5,730.1,1465.6
TEFWIL_clean,600.6,258.3,476.4,570.6,658.5,657.9,2095.4,5221.2
TEFWOR_clean,602.1,312.9,564.3,621.7,651.9,936.1,2997.0,5423.3
TEHRUU_clean,239.8,84.0,122.3,159.0,273.8,289.9,329.3,829.4
TEHWEK_clean,122.6,42.1,61.1,77.7,131.2,135.8,158.9,347.8
TEJBAN_clean,671.6,247.6,440.6,541.7,756.5,748.4,1317.7,3081.3
TEJBOB_clean,538.2,201.2,312.0,428.8,608.2,620.2,1068.2,2530.1
TEJGAS_clean,262.3,91.7,135.9,178.4,303.1,314.2,375.0,901.1
TEJGEW_clean,269.7,98.0,142.7,181.4,307.1,320.3,384.7,903.7
TEJGIA01_clean,266.0,93.5,138.5,178.0,304.6,320.9,373.1,891.3
TEJGIA_clean,267.7,93.4,136.8,179.7,299.7,317.3,375.7,901.6
TEJLOL_clean,218.8,77.8,117.1,154.4,256.2,262.0,349.6,909.0
TEMPAE_clean,408.9,159.8,260.7,348.2,465.6,469.4,989.7,2648.8
TEMPEI_clean,241.7,79.6,111.7,135.0,233.3,254.7,269.7,695.5
TENLIJ_clean,208.0,77.8,129.0,168.0,245.5,245.8,394.4,810.9
TENQOS_clean,301.1,111.3,178.6,225.8,344.7,354.5,574.6,1617.9
TEPJAB_clean,481.2,389.5,561.7,558.9,1079.4,1917.2,4911.3,7017.1
TEQLIM_clean,327.8,127.5,211.8,273.5,360.6,365.0,822.1,2215.8
TEQPAI_clean,207.8,86.3,152.3,199.9,240.8,245.6,682.1,1433.6
TEQPEM_SL,131.9,43.2,57.3,73.7,135.4,148.1,160.8,404.7
TEQVAO_manual,308.4,118.6,200.5,270.7,361.1,357.5,674.3,1417.8
TEQVOC_clean,283.1,88.3,112.3,138.4,262.6,303.1,329.8,396.7
TEQWER01_clean,112.2,39.5,58.4,74.6,131.2,141.2,157.0,359.9
TEQWER_clean,116.5,39.2,57.8,77.2,132.3,140.7,160.3,354.1
TERFED_clean,200.2,69.2,111.4,147.8,216.7,216.0,337.4,707.2
TERFUT_clean,126.1,42.6,57.7,74.4,133.4,148.3,160.6,354.4
TERNUA_clean,180.9,68.7,115.2,152.1,216.8,220.0,384.0,899.7
TESGOO_clean,204.8,74.4,120.7,161.7,238.8,240.6,337.0,621.3
TESGUU_clean,199.0,74.6,121.7,160.7,237.4,245.4,340.5,626.2
TESHAB_clean,198.3,74.0,119.4,160.4,240.2,240.9,331.4,619.2
TETVIZ_clean,185.4,63.2,89.9,118.9,206.6,221.8,247.1,611.7
TETWEW_clean,189.5,65.6,95.0,122.8,211.9,226.4,264.1,709.3
TETZEX_clean,202.4,117.1,212.8,233.2,258.7,438.3,1819.6,3851.8
TETZEZ_clean,485.7,193.5,322.4,425.0,539.3,530.3,1438.2,3965.3
TETZID_clean,354.6,132.6,213.3,284.1,409.1,402.0,664.4,1343.4
TEVHEJ_clean,591.7,187.4,250.8,325.3,410.3,396.3,593.0,1275.9
TEVZEA_clean,202.6,74.2,119.9,157.5,240.4,247.3,336.0,610.9
TEVZIE_clean,200.5,75.1,122.4,163.5,238.7,243.6,345.8,622.9
TEVZOK_clean,200.9,74.2,117.9,158.2,240.3,245.1,325.8,604.6
TEVZUQ_clean,201.2,74.1,121.7,161.2,239.0,246.6,336.0,615.2
TEWFOS_clean,341.5,152.5,276.5,347.5,409.8,398.9,1090.7,2067.9
TEWFUY_clean,297.5,123.4,220.9,283.1,362.5,356.0,757.1,1419.0
TEWGEJ_clean,296.4,128.7,219.0,283.8,358.4,352.7,773.3,1501.0
TEXTOH_clean,259.6,92.8,146.1,187.4,309.1,318.5,360.7,803.8
TEZKAM_clean,282.8,118.0,209.0,268.7,319.8,327.6,871.9,1687.3
TIDKAS_clean,758.4,276.5,354.4,468.6,673.8,649.1,1016.5,2226.4
TIDLEZ_clean,148.9,50.7,72.3,94.6,168.9,178.9,215.7,598.0
TIDLID_clean,163.2,54.5,75.9,97.4,175.1,195.1,205.4,403.3
TIDMEA_clean,199.8,68.7,98.9,128.8,230.4,245.7,282.3,694.0
TIFBOA_clean,139.8,45.1,56.4,68.5,127.7,157.5,176.7,212.4
TIFZIR_clean,148.8,61.8,107.2,141.7,183.0,184.2,436.0,923.5
TIGSOT_clean,198.9,68.3,103.3,138.1,222.1,234.6,258.9,477.1
TIGVUC_clean,310.8,115.1,186.7,237.1,352.3,361.3,532.9,1153.2
TIJPOT_clean,314.3,105.0,146.7,188.1,340.4,365.3,392.4,850.7
TIKMEH_clean,442.0,201.9,379.8,469.5,526.9,560.9,1577.0,2910.8
TILBIB01_clean,313.8,126.1,233.5,295.9,352.6,347.8,1160.9,2953.5
TILBIB_clean,314.2,132.7,237.8,294.6,357.8,355.3,1150.0,3053.3
TILBOH_clean,297.9,115.8,202.5,260.8,344.3,334.3,937.4,2626.3
TILHAZ_clean,237.9,78.3,95.2,114.4,195.1,226.3,238.3,421.7
TILPUA_clean,745.3,754.1,927.3,1111.0,1756.5,2205.1,4540.4,6775.8
TILVOZ_clean,108.2,35.7,49.8,62.8,118.3,130.5,141.7,358.8
TILVUF_clean,78.9,26.0,35.1,44.4,82.8,95.6,104.1,224.6
TILWAM_clean,80.3,25.9,36.1,44.6,85.1,95.0,102.7,231.7
TILWEQ_clean,100.6,31.3,40.9,52.4,98.3,107.6,121.9,304.0
TIMMEI_clean,1085.3,591.2,962.8,1014.3,1187.5,1898.7,6793.2,10729.2
TIPZOJ_clean,373.7,124.7,182.2,247.7,398.6,423.1,494.7,1176.8
TIPZUP_clean,344.2,109.2,155.8,195.9,344.2,373.7,382.5,564.1
TIQGOQ_clean,227.1,81.2,120.7,157.8,266.9,272.8,324.5,707.1
TIQGUW_clean,229.1,80.1,117.7,158.1,260.6,275.9,310.9,676.5
TIQHAD_clean,231.8,80.6,117.8,153.9,262.0,289.5,308.6,666.3
TIQHEH_clean,240.7,83.4,120.0,158.5,281.5,290.7,317.5,688.8
TIQHIL_clean,233.7,79.8,124.3,155.7,263.7,303.7,316.3,682.5
TIRHIL_clean,73.7,23.9,27.1,31.8,58.3,75.9,91.9,111.1
TIRKEM_clean,319.3,105.0,178.1,226.2,320.4,316.8,574.5,1156.4
TIRLIQ_clean,351.3,134.0,231.0,296.6,410.5,407.0,702.8,1439.6
TIRQOB_clean,699.9,430.2,718.9,772.9,829.7,1366.6,4835.0,9237.3
TIRRIW_clean,294.1,140.8,242.4,307.6,361.7,367.2,1162.4,2442.9
TISGUY_clean,205.7,64.2,73.4,81.6,141.6,180.0,241.9,245.0
TISHAF_clean,344.3,149.4,268.1,341.7,406.9,408.8,1386.4,3492.7
TISPAO_clean,164.7,62.5,98.7,130.1,192.4,194.0,293.8,711.4
TIVYAZ01_clean,139.5,48.2,62.7,78.9,139.2,152.7,164.9,428.0
TIVYAZ_clean,199.5,60.9,85.0,109.2,180.4,191.0,232.8,654.9
TIXCIO_clean,207.5,78.8,129.6,176.7,243.3,240.7,522.7,1321.2
TIXMET_clean,168.8,60.0,92.6,124.1,194.8,199.8,302.4,851.8
TIXMIX_clean,96.1,33.7,51.7,67.7,112.9,118.1,142.0,309.8
TIXVON_clean,371.1,171.3,313.8,394.4,428.6,455.9,1745.9,3860.4
TOBJUR_clean,194.9,70.9,113.9,155.9,239.1,238.6,399.7,1127.1
TOBKAY_clean,199.0,70.9,117.3,152.6,234.1,238.7,405.9,1159.7
TOBKEC_clean,197.7,73.0,115.2,152.8,237.5,240.1,405.3,1140.8
TOFLIL_clean,280.7,97.6,166.3,207.7,295.0,296.9,509.4,1163.6
TOFQEM_clean,220.7,102.4,196.8,242.7,272.9,280.7,916.2,1798.4
TOFTIT_clean,286.4,94.7,129.5,161.0,269.0,288.0,319.8,854.0
TOHDAX_clean,1351.1,1286.6,1380.0,1592.5,4573.8,6499.8,11380.7,14947.6
TOHJIL_clean,166.9,60.7,92.4,122.3,199.4,204.5,274.4,659.3
TOHMIO_clean,392.9,181.8,335.6,405.5,422.5,504.6,1821.2,3402.4
TOHQEO_clean,314.4,137.4,239.3,299.3,355.2,364.3,1047.6,2229.5
TOHSAL_clean,472.8,171.2,269.9,361.4,488.6,464.4,1109.1,3154.7
TOHYUL_clean,283.7,106.9,173.6,225.6,338.0,327.6,651.8,1729.7
TOHYUM_clean,239.9,98.9,175.3,234.8,286.5,291.5,725.5,1626.1
TOJLOT_clean,231.3,79.0,115.2,151.3,251.3,269.1,324.7,916.3
TOKDON_clean,138.6,52.3,88.4,116.5,168.2,170.1,339.2,851.2
TOKLEM_clean,275.5,91.7,155.1,209.5,292.7,304.1,582.2,1350.4
TOKLIQ_clean,249.8,90.3,150.1,193.8,270.4,268.5,489.2,1068.4
TOLGOR_clean,292.0,110.9,186.8,245.7,333.1,337.5,626.7,1371.2
TOLYOJ_clean,157.0,55.6,80.2,102.3,180.2,193.2,214.7,502.6
TONBOO_clean,299.1,123.0,217.5,282.7,364.1,361.2,654.9,1166.6
TONLOY_clean,332.6,112.8,153.2,197.2,361.0,387.4,409.7,797.0
TONLOZ_clean,214.8,90.2,166.9,213.3,261.9,263.4,736.3,1644.3
TONTIB_clean,364.6,145.3,269.5,349.1,410.1,413.7,1473.0,4073.9
TONTOH_clean,336.4,140.6,253.3,342.4,409.9,393.0,1346.9,3619.3
TONTUN_clean,338.1,141.7,264.4,331.8,415.8,398.9,1351.8,3829.2
TONVAV_clean,337.8,149.1,261.7,337.1,394.7,407.6,1474.8,3982.3
TONWUO01_clean,215.3,81.1,137.7,180.4,240.4,236.9,469.6,907.1
TONWUO_clean,785.3,503.5,836.8,897.3,1047.0,1814.4,5048.7,6977.7
TOPKIT_clean,137.3,54.2,91.8,119.3,166.0,168.6,366.8,952.2
TORJAN_clean,224.9,80.5,122.8,163.5,258.5,263.4,349.3,844.8
TORJER_clean,220.9,79.8,124.6,161.0,255.2,264.1,360.9,841.9
TORJIV_clean,188.3,68.4,102.7,139.8,217.1,224.0,308.4,714.7
TORJOB_clean,223.2,80.4,122.1,162.4,255.9,262.6,354.4,857.4
TORJUH_clean,192.6,70.3,103.9,141.0,222.5,224.0,312.5,736.0
TORKAO_clean,224.3,79.6,122.1,164.2,256.0,259.7,365.0,855.0
TORKES_clean,187.0,67.1,103.1,138.1,216.6,222.7,305.7,757.9
TORPUN_clean,371.3,136.8,229.0,297.3,444.9,436.9,800.3,2114.5
TORXAB_clean,268.6,94.0,113.9,139.7,282.8,304.9,327.7,418.3
TORXEE_clean,267.4,165.3,268.0,261.5,403.1,734.2,2085.0,3257.3
TOTVEF_clean,458.4,150.9,229.0,304.2,474.6,492.2,517.2,796.8
TOVHET_clean,746.2,212.1,270.4,340.5,473.3,491.8,726.3,1731.8
TOVHUJ_clean,152.9,52.3,81.0,104.0,172.8,177.6,257.6,721.3
TOVJAR_clean,346.2,113.9,138.7,171.8,275.7,294.5,333.7,970.2
TOVJEV_clean,209.0,73.5,99.4,130.1,214.5,226.1,273.6,793.0
TOVJIZ_clean,244.7,86.7,116.3,151.8,250.9,271.1,314.7,911.5
TOVJOF_clean,288.1,100.9,145.8,190.0,307.6,312.3,408.9,1158.5
TOVJUL_clean,594.6,272.5,481.8,596.5,665.2,689.7,2619.2,6439.1
TOVKEW_clean,448.7,149.7,203.2,255.9,397.6,407.9,504.1,1292.0
TOVKIA_clean,270.4,100.5,161.8,211.8,305.1,299.9,626.3,1711.2
TOVKOG_clean,268.8,98.9,158.6,213.3,313.9,319.9,578.3,1743.2
TOWLIC_clean,161.6,58.3,90.0,118.5,191.8,197.2,287.3,797.6
TOWNEA_clean,380.8,129.8,193.9,253.4,361.1,383.9,597.5,1694.5
TOWNOK_clean,314.4,165.7,319.1,365.0,388.2,497.1,1769.7,3610.4
TOWNUQ_clean,302.0,117.6,203.9,265.2,331.2,315.4,843.9,1820.4
TOWPEC_clean,1078.5,378.9,477.5,552.2,760.0,773.8,1313.4,3367.1
TOWXEK_clean,483.1,201.3,339.4,436.7,574.8,570.8,1374.2,3143.7
TOXHAR_clean,252.9,86.8,129.7,171.5,285.8,298.1,326.2,659.2
TOXMUQ_clean,137.6,59.7,112.0,141.1,169.7,174.0,558.3,1203.3
TOXNEB_clean,144.9,60.4,110.7,140.7,167.4,175.5,536.4,1151.5
TOXNIF_clean,200.9,89.0,165.7,215.9,250.4,250.8,880.2,1870.1
TOZFOF_clean,539.3,184.1,224.7,268.8,423.9,456.2,516.3,1212.0
TOZHAR_clean,118.8,38.7,52.2,66.7,121.9,140.0,150.8,304.5
TUBCEA_clean,200.1,72.5,116.4,153.4,240.3,243.8,293.4,549.1
TUBJAD_clean,244.9,80.2,109.0,138.0,256.5,285.8,293.8,443.8
TUBLIN_clean,346.7,132.5,220.1,291.6,423.2,420.7,736.2,1569.1
TUCJAD_clean,208.5,82.0,145.0,186.3,253.1,250.5,529.7,1169.5
TUDQOZ_clean,633.9,289.1,534.2,620.5,701.3,685.1,1807.7,3008.3
TUGTAR_clean,356.2,152.6,276.0,349.9,424.4,421.7,1179.8,2348.5
TUJGAI_clean,567.3,493.1,643.9,635.3,1525.1,2326.1,4755.4,6214.7
TUJGIQ_clean,382.3,151.3,262.2,358.4,450.8,443.0,961.7,2070.6
TUKCOT_clean,314.5,138.2,252.4,305.7,358.3,360.1,1265.4,2754.7
TUMDAI_clean,218.5,97.3,179.8,226.9,268.0,268.5,756.1,1391.2
TUMQID_clean,208.5,84.0,146.7,194.1,256.2,255.7,542.5,1112.8
TUMRIE_clean,221.8,90.7,164.1,211.9,265.1,265.9,638.2,1252.9
TUMROK_clean,220.8,96.2,170.8,221.1,275.6,277.5,677.8,1336.2
TUNJET_clean,507.9,186.1,312.8,392.0,491.6,514.9,1096.8,2193.6
TUPDOZ_clean,240.0,100.5,190.4,233.2,273.0,271.2,674.9,1115.6
TUPGIU_clean,146.2,53.1,65.4,83.2,154.7,175.4,186.6,384.9
TUQWIL01_clean,105.2,43.3,77.4,102.8,134.0,131.0,300.5,584.4
TURDIV_clean,326.4,125.4,220.0,290.0,385.8,386.8,874.0,2008.9
TURDOB_clean,474.3,191.7,351.8,429.3,542.2,545.5,1514.0,3504.7
TURDUH_clean,481.3,204.6,363.3,450.8,562.9,576.3,1575.8,3602.3
TURFAP_clean,322.6,126.2,218.9,283.9,388.1,390.7,792.3,1816.6
TURFET_clean,327.2,130.5,230.7,300.4,394.7,395.7,883.6,2049.4
TUTHIA_clean,195.3,73.2,114.7,156.2,228.7,230.6,386.6,942.6
TUTHOG_clean,216.5,82.4,138.7,185.0,258.7,260.8,507.2,1204.4
TUTJAU_clean,222.1,83.1,137.2,181.5,256.2,260.3,457.8,1007.8
TUWFUN_clean,240.4,223.9,252.1,259.6,734.3,1088.3,2578.9,4074.4
TUYFIE_clean,152.7,62.1,114.3,145.9,187.9,192.2,376.4,677.9
TUYHOL_clean,204.1,65.5,83.4,103.6,192.1,229.0,250.0,368.5
TUYHUR_clean,165.1,57.5,83.2,106.4,181.1,192.3,237.2,718.8
TUYJAZ_clean,202.6,68.4,96.0,123.1,213.7,221.1,263.4,751.2
TUYJED_clean,166.2,57.2,81.8,108.2,179.9,189.5,238.0,714.0
TUYLIJ_clean,169.7,159.6,194.3,197.9,524.2,754.7,1488.4,2042.4
TUYNEI_clean,178.5,68.7,119.7,160.4,227.7,224.3,405.1,842.4
TUZVUH_clean,198.7,65.0,84.5,106.1,198.0,228.7,245.6,446.8
UBACUX_clean,264.1,91.8,132.9,175.2,280.5,292.2,393.0,1014.7
UBECEM_clean,221.6,83.7,142.8,193.0,274.8,278.1,551.6,1371.8
UBIBUF_clean,264.8,99.4,167.9,222.9,306.1,300.9,713.2,2049.2
UBIPAY_clean,253.2,95.8,161.0,215.6,312.8,306.5,557.3,1264.0
UBULIO_SL,230.3,74.4,94.3,113.8,192.6,210.6,227.6,562.9
UBULUA_clean,397.8,161.2,284.0,355.1,419.6,451.2,1407.6,3786.9
UBUMAH_clean,147.3,49.7,78.4,96.9,156.7,161.9,221.7,639.9
UBUROY_clean,72.1,22.3,25.7,28.6,48.9,64.6,89.1,93.9
UCABAE_clean,263.0,104.0,187.0,239.7,310.7,311.8,643.0,1256.6
UCAJUF_clean,1295.6,401.1,564.9,653.6,848.9,827.4,1761.1,4886.4
UCAXEC_clean,253.4,89.2,146.9,192.7,279.1,283.5,446.3,882.8
UCEGAM_clean,129.9,41.4,47.8,55.1,98.4,127.0,160.2,171.5
UCEGEQ_clean,131.2,40.9,47.8,56.0,98.9,132.1,160.5,172.4
UCEXAC_clean,254.6,100.5,174.7,232.1,314.5,306.0,677.3,1534.9
UCEXEG_clean,254.7,101.8,175.5,233.0,305.7,310.4,684.5,1551.8
UCEXIK_clean,257.1,102.7,176.0,232.6,313.5,309.8,700.4,1570.2
UCEXOQ_clean,254.8,101.5,185.7,231.1,312.1,307.7,703.8,1588.9
UCOCUM_neutral,147.6,52.5,81.1,107.4,171.4,175.3,228.5,587.3
UCOHUR_clean,386.8,164.5,274.1,353.5,415.5,410.1,1377.5,3716.5
UCOJAZ_clean,418.8,180.2,281.8,365.9,444.9,431.6,1381.5,3740.9
UCOJED_clean,403.9,167.0,323.3,358.0,422.5,451.4,1401.3,3778.6
UCOJIH_clean,260.0,92.6,134.8,165.7,245.0,254.4,408.4,1156.9
UCOXOZ_clean,362.3,135.0,205.2,281.0,416.4,439.3,686.2,2212.6
UCUJOU_clean,398.1,128.4,166.9,199.7,333.9,338.0,404.1,1049.4
UCUTIW_clean,194.4,68.4,105.7,141.5,227.1,234.2,342.7,893.2
UDAMET_clean,161.7,54.2,76.6,100.0,174.8,188.4,224.8,676.2
UDANEV_clean,278.4,124.4,230.4,284.1,324.1,333.5,1297.7,3517.5
UDANIY_clean,177.8,55.8,71.6,87.4,148.7,164.0,181.4,464.9
UDAWOO_clean,291.1,92.4,121.8,153.9,250.6,273.5,315.1,764.6
UDAWUU_clean,174.2,55.9,72.9,91.8,163.2,182.2,194.3,462.0
UDAXAB_clean,275.5,89.6,123.9,150.7,244.3,252.9,321.7,815.4
UDAXEF_clean,284.7,90.3,119.8,147.4,237.6,258.1,304.4,674.6
UDAXIJ_clean,303.1,97.0,132.6,166.8,265.8,275.0,353.2,886.6
UDEMEW_manual,2239.5,799.1,1159.7,1391.5,1545.1,1540.4,3435.8,7679.7
UDICAN_clean,323.8,196.2,353.4,381.3,411.9,670.9,1938.1,2786.6
UDIQII_clean,284.4,87.3,137.7,186.9,299.9,278.4,469.9,1118.2
UDOVOA_clean,1096.4,435.1,617.9,709.0,830.1,772.1,2042.7,3721.0
UDUMIP02_clean,329.6,113.3,161.4,212.5,328.9,332.9,477.6,1270.7
UDUMIP03_clean,311.0,107.9,159.0,200.0,347.4,304.2,439.6,1226.2
UDUMIP_clean,310.3,108.7,156.1,192.9,302.3,311.0,445.5,1190.5
UFASEA_ion_b,246.3,90.6,142.5,189.6,324.4,290.8,374.2,722.0
UFEMIC_clean,98.7,32.1,40.2,51.0,93.9,113.8,123.6,201.0
UFENAW_clean,117.1,39.4,54.4,70.4,125.3,136.6,152.4,398.8
UFEVIL_clean,301.1,109.9,168.8,225.0,352.3,362.2,525.7,1341.5
UFEXEJ_clean,222.5,83.2,135.5,180.9,275.4,274.5,424.0,952.7
UFEXIN_clean,269.1,102.0,175.2,231.6,324.3,324.5,639.9,1407.9
UFEXOT_clean,565.2,257.9,497.3,578.5,649.9,680.6,2687.4,5761.2
UFOFIF_clean,139.1,45.0,55.0,69.2,125.2,153.3,172.2,211.3
UFUNIS_clean,338.5,186.2,363.3,404.8,426.8,547.2,1721.3,2534.0
UFUQIV_clean,291.2,107.9,168.5,232.4,335.1,337.2,613.5,1724.6
UGAQEY_clean,276.7,103.4,169.9,230.6,320.3,316.4,529.1,1138.8
UGELIB_clean,201.7,123.1,222.8,237.6,272.5,498.5,2088.6,4150.0
UGEMOK_clean,907.0,321.9,511.9,618.1,734.4,705.4,2487.2,7823.2
UGOCAW_clean,4776.8,1763.6,2549.4,2894.3,3051.7,3485.4,15368.0,35408.9
UGOFED_clean,284.0,125.1,230.1,287.1,326.9,338.0,901.6,1623.0
UGUGUZ_clean,250.9,88.9,133.8,183.9,294.9,302.7,407.1,1153.3
UGUHAG_clean,245.4,91.8,132.6,174.7,285.7,295.5,407.8,1123.9
UGUHEK_clean,251.8,85.2,119.7,159.0,283.1,299.1,333.0,852.6
UHASED_clean,201.2,88.8,164.0,212.0,247.7,255.9,819.2,1819.7
UHAXUW_clean,289.4,110.5,188.3,245.3,346.3,352.9,553.1,1082.5
UHUPET_clean,552.0,202.2,321.3,414.7,540.3,535.8,1378.3,4071.6
UHUPOD01_clean,914.5,287.9,366.4,416.3,650.3,596.7,908.4,2627.0
UJAQEC_clean,191.1,75.4,134.7,175.1,239.8,234.0,558.3,1295.3
UJAQUS_clean,212.3,83.3,143.6,190.1,258.1,251.7,650.8,1785.3
UJEDIX_clean,393.7,143.0,237.2,309.8,460.8,463.7,748.6,1795.1
UJEGUL_clean,206.9,79.6,154.5,186.3,217.9,217.2,664.3,1209.8
UJILAA_clean,127.2,40.3,49.2,57.9,101.7,122.7,135.8,219.9
UJIZET_clean,220.7,76.2,113.9,148.9,251.6,262.3,341.1,936.4
UJOWEW_clean,163.0,54.8,69.4,85.7,160.1,185.6,198.8,327.5
UJULIW_clean,224.8,86.1,147.1,199.5,275.4,274.0,403.9,708.4
UJUPUM_clean,385.6,137.6,223.9,288.6,410.7,413.4,875.3,2486.8
UJUQIB_clean,175.7,61.0,89.1,117.6,198.2,207.8,262.5,733.3
UKAJOH_clean,813.1,399.1,679.2,821.2,868.1,940.7,2509.4,3817.9
UKAPUS_clean,220.1,84.5,144.1,190.3,271.4,276.3,516.2,1232.3
UKAQAZ_clean,220.4,86.4,144.3,190.3,270.6,278.4,531.2,1235.3
UKAQED_clean,228.7,86.3,145.4,195.3,271.1,279.3,534.5,1244.9
UKAQIH_clean,220.8,84.7,144.0,196.0,275.1,269.9,535.7,1246.4
UKAZEM_clean,88.1,28.3,35.3,44.1,82.2,98.7,110.6,186.5
UKEXEP_clean,318.5,120.3,197.0,269.7,371.6,383.4,640.7,1451.7
UKIQIP_clean,150.6,50.6,69.1,89.0,161.5,177.3,189.3,444.4
UKIQOV_clean,183.9,64.6,90.3,116.2,194.5,200.3,251.6,724.6
UKIQUB_clean,240.5,83.7,130.1,173.2,245.5,248.8,474.7,1328.1
UKOLOV_clean,790.8,518.2,824.4,847.6,1234.7,2330.6,7240.9,13057.1
UKOZOK_clean,289.0,113.6,194.1,244.7,332.8,324.0,710.9,1585.5
UKOZOL_clean,306.9,102.4,156.9,206.5,319.6,332.2,481.5,1231.5
UKUBOS_clean,340.0,173.8,349.5,386.3,419.7,488.2,1775.8,3134.2
UKUBUY_clean,349.1,186.2,346.4,408.0,421.7,553.0,1931.0,3486.8
UKUCAF_clean,337.2,187.2,354.3,395.7,407.9,543.5,1882.4,3331.3
UKUPIB_clean,196.1,65.3,91.3,117.1,207.2,225.2,248.6,650.3
UKUPUL_clean,172.8,67.0,112.4,154.5,195.0,198.6,331.9,728.6
ULAQAB_clean,360.0,142.1,258.3,327.7,414.3,413.3,1000.7,2011.7
ULAQEF_clean,343.3,138.5,235.8,307.9,415.7,410.9,838.9,1806.9
ULASAD_clean,131.1,42.5,54.3,66.9,127.0,150.4,162.2,303.8
ULEGOH_clean,2961.7,1019.7,1342.5,1548.0,2060.2,2113.5,2554.0,4563.5
ULILEI_clean,389.7,131.9,215.1,268.4,365.2,377.3,653.7,1369.0
ULIMIN_clean,329.1,138.2,245.9,307.4,368.4,372.7,785.1,1369.8
ULOGAE_clean,202.0,75.3,123.1,164.1,235.3,231.1,460.3,1182.9
ULOJUC01_clean,288.9,95.3,128.7,164.8,250.4,259.2,332.4,872.0
ULOJUC_clean,284.5,89.7,121.7,146.6,244.9,268.3,294.2,701.9
ULOKAJ_clean,267.7,86.4,110.0,129.8,226.4,263.9,263.4,528.2
ULOKEN_clean,288.9,91.4,112.0,135.3,235.6,261.6,280.3,598.8
ULOKOX_clean,269.8,85.2,110.0,131.9,224.9,248.9,272.2,611.6
ULOKUD01_clean,309.3,103.0,138.9,173.4,275.6,281.9,371.7,907.2
ULOKUD_clean,285.8,90.8,123.5,148.1,248.3,278.4,283.7,726.8
ULOLAK_clean,284.4,87.8,113.5,139.2,238.6,257.3,287.7,621.3
ULOLEO_clean,268.4,87.2,105.8,128.8,224.3,244.2,270.6,515.9
ULOLIS_clean,260.8,85.9,106.2,128.6,217.9,243.9,254.2,504.9
ULOMAL_clean,268.6,86.7,109.3,129.2,225.9,250.1,259.8,529.4
ULUVUT_clean,159.9,57.9,94.8,128.1,196.0,202.8,289.4,696.3
UMABIV_clean,199.5,81.3,145.0,189.9,240.1,239.9,658.1,1580.0
UMABOB_clean,236.4,92.4,163.3,209.8,279.1,283.4,649.7,1555.3
UMALUQ_clean,301.0,98.9,144.2,178.1,295.0,306.3,362.8,974.0
UMEDEX_clean,275.2,92.1,113.4,135.3,237.9,256.9,267.4,533.5
UMEDIB_clean,252.8,83.3,103.2,122.4,214.4,236.1,249.4,484.4
UMEDOH_clean,275.6,90.8,112.3,137.5,229.2,260.6,266.4,541.7
UMEHOL_clean,200.7,80.3,143.8,185.5,237.7,240.9,564.4,1239.8
UMEKAA_clean,239.9,81.0,141.7,190.6,246.3,244.6,643.6,1690.5
UMEKEE_clean,108.6,36.9,51.0,63.8,114.1,126.8,138.6,355.1
UMEKII_clean,185.7,77.9,139.0,177.7,224.5,226.1,550.9,1113.4
UMELAB_clean,287.4,122.7,219.5,279.1,322.9,321.7,1037.4,2099.0
UMELEF_clean,195.9,79.4,138.5,184.7,234.9,235.8,508.4,1056.2
UMEPOT_clean,288.4,125.7,227.0,277.4,313.7,323.7,1050.9,2142.3
UMEQAG_clean,202.3,79.5,140.2,184.8,235.6,243.6,556.5,1215.2
UMESIQ_clean,208.7,87.9,162.0,208.5,249.4,254.5,710.9,1508.9
UMESOW_clean,202.1,79.7,139.7,183.2,240.4,239.5,554.1,1227.2
UMEXUF01_clean,149.5,59.2,102.1,135.5,184.4,185.3,361.3,734.6
UMEXUF_clean,156.9,61.7,106.5,144.3,195.6,192.2,376.6,760.4
UMIGAA_clean,213.3,82.7,139.8,182.7,243.3,236.4,634.9,1660.4
UMIZEX_clean,707.8,323.9,577.4,705.1,748.9,821.8,3289.5,7662.2
UMIZIB_clean,708.7,309.6,558.5,674.6,743.9,777.4,3348.2,7842.3
UMOBEF01_clean,285.9,96.8,121.0,156.5,248.5,265.7,296.7,838.0
UMOBEF02_clean,286.1,94.2,125.0,149.5,240.2,255.1,301.0,853.2
UMOBEF03_clean,285.1,92.1,123.1,151.2,246.5,266.5,311.1,872.2
UMOBEF04_clean,280.5,95.5,130.4,162.9,249.3,262.3,338.4,929.2
UMOBEF05_clean,282.5,98.1,131.3,163.6,264.8,274.2,336.1,876.0
UMOBEF06_clean,292.8,94.6,131.5,164.6,265.1,254.7,335.7,858.5
UMOBEF07_clean,283.7,96.6,130.4,162.3,252.5,261.6,340.1,858.8
UMOBEF08_clean,281.6,94.3,132.3,166.5,252.4,267.1,337.2,864.9
UMOBEF09_clean,286.0,94.1,132.9,168.1,254.6,259.8,338.9,851.4
UMOBEF_clean,288.8,94.8,122.5,147.3,251.7,272.8,284.0,816.1
UMODEH01_clean,321.9,106.8,138.7,169.4,264.5,285.1,337.3,942.4
UMODEH03_clean,322.6,105.8,139.3,167.4,274.3,292.4,338.8,926.0
UMODEH04_clean,312.3,104.4,136.6,165.5,270.5,277.8,325.4,957.8
UMODEH06_clean,324.7,106.8,144.2,180.6,269.6,292.1,365.1,1008.8
UMODEH07_clean,312.3,108.4,144.0,174.5,272.7,294.4,365.8,993.0
UMODEH08_clean,309.1,105.3,146.8,182.3,271.9,278.8,386.0,1092.6
UMODEH09_clean,309.2,108.5,156.4,187.2,285.5,281.6,395.3,1042.3
UMODEH10_clean,308.8,109.3,148.6,189.2,275.4,280.6,409.5,959.2
UMODEH11_clean,316.1,107.1,145.8,184.2,280.1,275.8,386.3,968.0
UMODEH12_clean,317.9,110.0,150.8,194.7,280.9,290.5,400.2,994.8
UMODEH13_clean,318.5,111.2,152.2,184.6,280.9,284.9,384.3,960.5
UMODEH14_clean,317.4,105.2,143.7,180.5,273.7,294.0,344.9,978.8
UMODEH15_clean,316.1,105.4,142.4,171.4,282.8,284.1,336.8,993.2
UMODEH16_clean,323.5,110.0,137.5,173.0,276.9,299.8,333.2,912.2
UMODEH17_clean,314.5,106.9,137.4,181.4,272.7,285.9,353.6,995.3
UMODEH18_clean,314.7,106.0,134.8,167.3,277.8,285.7,333.1,953.5
UMODEH19_clean,275.0,91.1,124.1,154.9,242.0,256.6,330.1,890.2
UMODEH20_clean,318.8,106.6,149.4,172.3,280.3,290.5,344.4,1032.6
UMODEH21_clean,311.8,107.2,142.2,172.6,270.9,295.3,346.2,981.3
UMODEH22_clean,314.0,108.3,137.4,172.8,276.1,281.1,340.8,978.1
UMODEH23_clean,316.1,106.0,135.4,166.9,275.4,281.7,330.1,931.6
UMODEH24_clean,316.8,104.8,144.6,170.0,279.9,284.1,344.9,960.5
UMODEH25_clean,319.9,104.7,143.8,172.9,276.1,287.4,352.1,1047.8
UMODEH_clean,314.0,103.0,136.3,171.2,275.1,284.8,333.5,958.6
UMOKIS_clean,357.5,125.5,199.7,248.1,390.8,397.7,674.9,1885.8
UMOVEZ01_clean,281.8,94.6,127.9,156.7,251.3,266.8,308.4,868.4
UMOVEZ02_clean,280.3,95.3,128.4,152.7,246.0,264.4,306.2,890.3
UMOVEZ03_clean,282.6,94.7,129.0,164.0,254.1,264.5,312.9,890.0
UMOVEZ04_clean,285.4,95.2,127.6,154.4,259.1,266.8,305.8,848.8
UMOVEZ05_clean,284.5,97.3,127.4,155.3,249.5,264.6,308.1,878.2
UMOVEZ_clean,291.5,95.9,127.6,153.0,256.7,268.9,308.5,863.4
UMOVID_clean,291.3,97.7,124.3,151.7,251.0,258.1,295.6,819.9
UMOVOJ_clean,286.9,95.6,121.5,151.2,241.3,278.2,296.4,825.5
UMOYOM01_clean,319.0,102.9,145.8,175.6,262.8,282.1,381.1,1174.7
UMOYOM02_clean,310.9,102.5,141.7,174.9,271.1,274.0,390.5,1140.9
UMOYOM03_clean,295.0,98.7,132.0,166.7,267.9,276.9,335.5,976.6
UMOYOM04_clean,300.7,99.2,128.4,162.8,253.5,268.4,341.8,1010.5
UMOYOM06_clean,329.5,114.5,146.2,180.1,292.3,300.4,359.5,1019.9
UMOYOM07_clean,343.6,115.9,152.9,186.8,298.5,317.4,365.7,1025.3
UMOYOM08_clean,300.2,99.7,133.2,164.2,264.9,283.6,330.2,936.8
UMOYOM09_clean,309.2,97.8,137.5,169.3,258.4,269.9,359.2,992.0
UMOYOM10_clean,305.1,99.9,133.8,166.4,265.9,281.8,332.4,1021.1
UMOYOM11_clean,293.0,97.8,135.0,169.3,258.1,263.5,343.5,987.6
UMOYOM12_clean,273.3,87.7,121.4,150.7,238.6,263.8,325.7,930.0
UMOYOM13_clean,291.1,98.4,143.9,172.5,258.9,274.0,393.3,1075.9
UMOYOM14_clean,306.7,102.7,141.9,180.7,263.1,267.5,440.2,1158.4
UMOYOM15_clean,323.8,101.7,139.1,176.4,264.7,270.7,420.9,1167.0
UMOYOM16_clean,294.0,101.3,141.7,174.8,273.8,275.9,393.7,1015.8
UMOYOM17_clean,272.0,92.9,127.7,158.8,247.8,248.8,323.9,801.2
UMOYOM18_clean,315.5,105.2,175.3,189.9,280.6,284.4,476.1,1198.3
UMOYOM19_clean,304.6,101.0,144.6,180.5,268.7,275.9,389.9,1040.6
UMOYOM_clean,317.9,102.1,141.4,171.9,262.2,268.0,388.2,1202.2
UMOZUT_clean,316.1,108.6,147.5,171.1,263.7,294.4,345.6,1000.8
UMUBAH_clean,315.9,103.7,139.8,176.6,285.9,282.1,358.0,1049.6
UMUBEL_clean,318.9,107.5,147.4,170.7,274.7,290.4,354.3,984.0
UMUBIP_clean,314.8,102.2,139.2,174.6,273.5,283.8,359.4,981.7
UMUBOV_clean,315.1,105.0,148.5,172.8,270.0,283.7,359.5,1031.1
UMUXEG_clean,175.8,58.4,78.2,97.8,182.3,211.0,221.3,448.0
UNABOB_clean,421.4,153.7,262.2,347.6,490.2,463.3,1112.2,3157.9
UNACES01_clean,377.5,169.5,296.7,345.3,375.3,425.6,1621.3,3088.6
UNADIX_clean,346.0,153.1,259.6,322.4,363.7,374.6,1538.0,3440.0
UNAGOH_clean,165.1,63.9,102.6,136.5,202.9,207.5,399.2,1096.8
UNAGUN_clean,165.5,63.7,104.4,138.3,202.6,206.4,400.6,1128.7
UNECOH_clean,208.1,79.1,134.6,172.4,233.7,235.2,559.0,1518.9
UNECUN_clean,201.7,80.4,135.0,179.0,232.2,231.6,624.0,1648.7
UNIFII_clean,1428.6,642.6,1033.6,1179.8,1226.2,1607.3,8114.0,21847.2
UNIMAG_clean,642.7,264.7,325.4,383.1,592.9,606.1,843.5,2347.5
UNUNEY_clean,1193.0,413.1,501.1,595.6,818.6,836.8,1347.2,4033.4
UPIBOM_clean,113.8,40.4,60.0,79.3,128.1,132.7,186.0,451.7
UQEGII_clean,226.6,72.3,91.0,106.1,189.0,229.9,262.1,345.4
UQERIT_clean,215.6,87.8,160.9,210.0,266.4,259.9,615.5,1245.3
UQETOB_clean,674.2,239.2,402.0,477.5,537.8,574.1,2157.4,5819.8
UQOWUU_clean,256.6,96.8,163.8,222.3,309.4,314.7,596.8,1459.8
UQOYOP_clean,323.1,134.9,246.2,319.0,386.4,404.0,1015.0,2166.0
UQULAU_clean,335.2,123.9,201.0,266.7,403.9,399.6,686.5,1732.0
URENEM_clean,167.3,58.3,90.8,119.6,186.3,189.0,312.8,905.0
UREVIY_clean,210.1,81.2,136.9,179.3,253.7,252.6,461.7,961.6
UREVOE_clean,205.9,79.1,135.4,176.6,248.7,256.5,445.4,949.2
URUVUA_clean,170.5,59.8,87.2,116.2,184.2,188.1,240.9,630.7
URUWEL_clean,236.2,76.5,95.4,115.9,210.6,249.7,266.6,433.5
URUWIP_clean,234.2,75.7,94.8,119.5,211.5,246.4,265.7,429.3
USAHAZ_clean,351.8,124.6,197.1,255.7,332.9,334.1,986.3,2942.8
USAWIW_clean,227.1,77.5,109.1,138.2,237.5,254.3,284.3,721.2
USEVOF_clean,198.0,71.9,123.6,162.7,208.3,215.0,469.1,1164.6
USIRUL_clean,342.6,134.3,242.2,321.1,421.3,420.6,640.9,1041.4
USISEW_clean,345.8,149.9,267.0,350.0,441.8,419.9,725.7,1109.1
USORUR_clean,245.7,97.0,166.3,221.5,297.1,295.0,745.3,1975.7
USOXEH_clean,272.0,100.6,166.0,224.2,324.0,333.4,575.7,1411.3
USUBUG_clean,155.4,56.6,90.4,120.3,188.7,196.4,286.2,691.7
USUPUV_clean,194.3,63.8,80.7,100.0,187.2,223.7,239.1,372.9
USUVIP_clean,172.7,56.4,77.6,99.6,178.6,197.5,207.7,402.8
USUWUC_clean,148.5,62.4,113.6,148.4,183.6,185.5,528.1,1244.9
UTACOJ_clean,191.2,64.1,86.8,111.8,202.3,223.8,242.8,555.6
UTACUP_clean,226.0,74.8,98.8,124.5,225.4,251.2,262.9,567.4
UTADIE_clean,132.4,45.3,65.8,86.4,149.3,161.3,184.1,467.1
UTELIQ_clean,296.4,124.0,221.4,283.4,339.8,335.0,1031.9,2391.0
UTEMAJ_clean,311.2,120.1,202.9,273.7,355.8,359.5,920.0,2499.0
UTEWOG_clean,216.4,78.3,128.7,169.4,251.2,251.6,468.5,1255.7
UTEXIB_clean,193.5,73.0,112.4,151.0,220.5,224.7,354.4,847.0
UTOCAJ_clean,340.1,157.0,296.4,360.2,408.8,419.2,1469.7,3243.2
UTOCEN_clean,338.1,161.5,313.7,363.8,427.8,441.2,1524.3,3295.2
UTULEB_clean,118.9,40.0,67.9,91.8,124.7,126.1,234.4,488.1
UTULIF_clean,173.3,77.9,148.2,186.1,219.7,225.7,786.5,1537.4
UTULUR_SL_part,272.9,144.6,272.2,300.1,297.5,429.3,1465.9,2691.5
UVANOW_clean,230.8,82.7,127.0,165.2,245.8,247.9,413.7,1142.1
UVANUC_clean,186.6,71.1,118.6,157.6,228.4,228.3,398.9,880.8
UVEVAT_clean,171.3,67.3,117.6,155.8,207.3,208.5,505.7,1256.5
UVEVUN_clean,511.2,225.4,396.1,520.0,581.3,583.3,2400.6,6531.5
UVINAP_clean,181.9,61.1,80.2,97.1,181.2,210.8,223.0,270.0
UVIPIZ_clean,495.2,223.2,396.1,469.9,532.8,561.8,2416.6,6440.7
UVIPOF_clean,494.9,212.5,397.1,494.0,522.7,560.4,2376.8,6538.2
UVOBUE_clean,216.0,71.4,96.4,121.2,225.6,254.7,273.5,534.7
UVOTOQ_clean,181.3,61.1,85.9,109.9,176.4,182.4,227.6,604.7
UVUCEV_clean,452.9,155.3,243.1,320.6,456.6,449.7,666.0,1320.5
UVUDEW_clean,870.9,297.1,406.4,543.0,865.9,879.6,1033.9,2238.1
UVUDUM_clean,854.0,316.0,446.3,575.8,895.5,893.5,1191.6,3004.4
UVUFUN_clean,520.3,238.9,433.9,540.3,565.7,610.2,2240.9,4933.4
UVUQAE_clean,315.0,136.7,244.2,316.6,373.1,366.8,1102.8,2259.7
UVUQOT_clean,281.4,92.9,129.6,162.8,245.8,246.9,366.7,951.2
UVUWAL_clean,235.1,88.9,149.3,192.2,240.3,241.3,585.6,1239.4
UWALEL_clean,257.2,98.8,168.0,234.6,312.7,301.5,660.7,1568.2
UWELIS_clean,281.6,135.4,261.3,313.1,345.0,373.6,1567.9,3584.5
UWODAN_clean,226.8,75.0,113.9,146.1,230.9,242.7,298.9,705.0
UWOWAF_clean,210.0,90.6,167.8,212.9,256.8,261.6,710.0,1429.5
UWUKII_clean,184.6,64.0,92.3,118.6,189.3,197.9,243.2,626.3
UWUTIQ_clean,319.6,140.0,260.4,325.8,384.7,390.0,1245.1,2752.2
UXABOL_clean,239.0,75.9,92.4,110.5,203.7,256.2,292.8,352.3
UXABUR_clean,261.1,81.3,93.3,105.4,176.6,226.6,310.0,315.0
UXACAY_clean,250.9,77.9,95.1,117.2,214.0,260.3,287.7,423.2
UXAXEY_clean,311.8,128.7,235.4,302.2,362.9,369.5,959.2,1921.4
UXINAR_clean,285.2,127.4,233.3,305.3,345.3,344.7,1114.4,2376.1
UXIQOJ_clean,130.5,48.5,78.4,102.8,157.0,158.8,265.5,698.9
UXISUR_clean,584.0,288.3,501.5,600.4,655.3,758.3,3170.1,8355.8
UXOHOG_clean,282.9,97.1,160.7,204.9,280.4,282.7,539.9,1454.9
UXUNUX_clean,278.6,102.5,164.3,214.0,324.8,317.8,581.9,1669.2
UXUPEJ_clean,280.9,102.2,158.5,218.4,322.6,327.9,592.2,1678.9
UXUPIN_clean,277.7,102.0,163.8,213.9,319.5,319.0,620.0,1693.1
UXUZAP_clean,197.0,87.8,165.9,206.8,240.7,245.7,638.0,1096.5
UYAMIS_clean,386.4,126.5,183.1,245.4,355.1,358.1,564.5,1368.4
UYAMOY_clean,380.2,167.1,309.9,374.1,423.0,439.0,1605.9,3477.1
UYAQAN_clean,289.1,96.2,130.4,168.6,294.3,338.6,352.7,567.6
UYOFIY_clean,277.2,124.1,227.0,282.1,324.4,336.3,1103.3,2121.6
UZANOZ_clean,226.5,85.6,135.8,181.2,273.0,282.3,427.1,1005.3
UZATAR_clean,177.5,60.8,90.7,119.0,202.7,213.4,235.3,469.8
UZEKEQ_clean,296.7,104.2,146.7,191.5,335.4,349.7,380.0,776.4
UZIJUJ_clean,231.2,88.1,142.3,187.7,269.7,268.9,508.1,1239.9
UZIZOU_clean,261.0,107.7,197.0,251.4,295.5,299.1,875.8,1737.9
UZOBAN_clean,251.6,96.4,160.7,208.5,285.6,271.4,667.6,1743.3
UZOBAO_clean,257.4,106.4,191.4,253.1,301.7,295.9,865.1,1681.0
UZOBER_clean,181.8,61.5,86.6,111.5,204.1,217.8,235.1,504.9
UZOBES_clean,259.6,103.9,197.1,250.1,301.6,297.2,836.4,1716.0
UZOBIW_clean,260.9,112.4,205.6,258.1,295.6,301.6,903.7,1768.4
UZUNAF01_clean,375.8,128.3,189.4,246.6,419.4,447.3,534.5,1284.3
UZUNAF_clean,358.2,129.0,188.7,246.1,414.5,435.5,517.4,1297.1
UZUTUG_clean,299.9,97.9,142.1,181.9,264.3,269.6,432.5,1042.6
UZUXOE_clean,849.9,290.0,400.9,448.9,627.6,637.8,841.9,1754.6
UZUZUL_clean,145.6,69.6,132.1,163.3,181.6,191.3,578.5,984.7
VABJIS_clean,155.5,50.4,73.8,94.5,165.7,179.8,195.2,377.7
VABJUE_clean,303.0,295.9,344.8,541.3,1172.0,1426.1,1785.1,2007.0
VABKAL_clean,298.2,289.9,307.4,449.8,1124.7,1339.9,1741.1,1959.5
VABKAN_clean,351.0,100.6,131.1,127.8,206.2,228.9,253.7,536.2
VABKER_clean,338.6,99.9,119.2,135.9,206.4,241.4,246.0,583.5
VACFOV_clean_h,168.9,69.7,126.9,165.4,206.3,215.0,543.6,1307.6
VACFUB01_clean,219.3,77.3,107.9,142.2,248.9,267.8,304.4,743.5
VACFUB_clean_h,236.2,83.0,114.6,146.0,262.1,287.1,313.2,737.1
VACLIX_clean,545.6,166.9,210.9,235.3,372.8,413.2,421.2,929.0
VADWON_clean,445.2,157.3,236.6,318.5,498.2,511.2,646.7,1441.6
VAFWAB_clean,167.0,68.9,119.6,156.5,204.2,200.2,463.6,949.0
VAGBEN_clean,354.1,135.0,223.2,298.0,430.3,432.7,756.8,1696.6
VAGBOX_clean,415.4,150.9,217.9,265.2,444.9,461.9,527.8,1046.0
VAGBUD_clean,179.7,61.7,90.7,116.8,201.1,214.7,233.4,525.3
VAGJET_clean,323.0,119.4,190.4,260.7,385.3,402.1,552.7,1131.2
VAGMAT_clean,136.4,45.9,61.6,79.1,144.9,164.5,172.5,446.7
VAGMEX_clean,141.2,45.7,61.6,79.0,144.4,161.2,177.0,438.8
VAGTAA01_clean,179.4,71.7,118.2,158.9,218.8,219.0,460.2,1112.2
VAGTAA_clean,145.2,50.6,72.2,96.6,166.9,176.8,205.7,517.6
VAGTAB_clean,403.8,219.2,377.9,407.6,442.3,565.4,1363.7,1934.0
VAGTUU_clean,238.6,102.4,182.9,235.1,281.8,279.8,720.1,1470.1
VAHJEW_clean,253.5,103.1,177.7,230.7,308.7,313.4,637.9,1351.8
VAHJIA_clean,233.3,93.4,160.8,218.2,284.7,282.0,453.6,835.6
VAHPUR_clean,319.7,117.7,185.9,243.2,363.0,380.7,470.0,952.6
VAHQAY_clean,323.3,114.9,184.9,247.5,359.2,359.3,486.8,943.7
VAHSON_clean,161.1,122.8,194.4,200.0,279.2,469.0,953.3,1181.3
VAHTOQ_clean,381.3,151.2,238.0,298.9,415.4,418.9,800.2,1721.0
VAHTUW_clean,2540.4,1060.0,1706.9,1982.8,2236.3,2341.4,9380.6,22279.9
VAHVOR_clean,158.6,58.1,92.7,125.3,191.3,193.2,309.2,778.7
VAJGAR_clean,490.1,282.0,482.3,537.4,594.8,1000.8,3655.5,6286.1
VAJTEH_clean,362.3,126.3,206.3,266.9,384.7,381.4,584.7,1175.3
VAJVEJ_clean,456.7,207.1,405.4,466.0,514.7,527.8,1454.1,2171.1
VAKLIF_clean,236.5,77.5,110.0,140.3,229.0,237.1,317.3,905.3
VAKNAZ_clean,238.9,77.5,106.0,134.9,217.0,218.3,320.6,903.6
VAKNED_clean,192.4,63.4,94.4,123.8,207.5,217.0,277.5,777.9
VAKPOP_clean,261.7,82.2,106.3,131.4,214.5,234.5,271.3,623.2
VAKPUV_clean,670.9,208.1,258.2,334.4,480.0,540.7,593.1,1232.2
VAKQAC_clean,261.1,82.5,110.6,136.1,218.6,231.0,265.5,646.2
VALVAI_clean,231.9,95.5,171.7,224.8,279.1,273.0,654.5,1291.8
VALVIQ_clean,226.9,86.1,143.0,195.0,270.8,271.8,488.2,1088.5
VALWUD_clean,327.9,132.8,234.5,297.4,370.7,406.2,1076.7,3106.6
VALXAK_clean,336.7,135.2,240.5,302.1,378.2,384.7,1184.8,3386.2
VALXEO_clean,337.0,133.8,225.2,292.9,381.2,387.2,1040.9,2979.1
VALXIS_clean,333.4,133.3,236.7,307.6,373.4,400.5,1133.3,3189.9
VALXOY_clean,335.8,138.1,247.1,312.4,387.4,383.8,1315.0,3533.6
VAMPUX_clean,285.9,113.1,198.3,263.1,352.5,353.7,895.2,2606.0
VAMQAE_clean,351.7,122.0,178.1,233.5,396.1,422.9,507.0,1422.6
VAMQIM_clean,283.0,112.1,207.7,268.4,341.4,347.2,886.0,2548.3
VAMQOS_clean,286.2,112.1,193.1,260.2,345.9,346.0,869.3,2556.7
VAMYEQ_clean,371.0,120.2,178.1,230.2,326.5,325.1,628.1,1989.3
VAMYUG_clean,382.9,118.0,172.2,224.3,332.1,340.4,613.8,1893.7
VAMZER_clean,1041.4,455.5,778.8,926.1,971.8,1242.3,6330.8,16933.4
VANHEA_clean,243.6,84.2,124.9,164.5,258.2,266.5,375.4,990.9
VANNEG_clean,521.6,169.0,205.6,264.1,401.8,432.2,521.2,1453.0
VANNIK_clean,190.7,59.0,66.2,74.2,115.0,139.2,163.3,204.0
VAPBEV_clean,429.0,217.7,381.9,463.5,521.6,528.9,1425.5,2611.9
VAPBIZ_clean,466.9,209.8,394.4,466.0,517.4,531.3,1418.3,2574.6
VAPFUP_clean,203.1,68.8,102.1,132.0,232.4,242.6,251.6,390.0
VAPHOM_clean,145.4,57.9,104.8,136.5,179.7,180.0,418.3,840.7
VAQTUF_clean,226.6,75.9,110.5,142.5,211.8,209.4,345.6,881.7
VARHIH_clean,298.8,114.5,195.8,261.5,324.3,317.8,965.1,2540.0
VARHON_clean,213.1,72.5,123.2,161.3,215.9,217.0,541.2,1475.0
VARJAB_clean,348.2,150.0,283.6,338.1,350.9,457.0,2026.2,4389.4
VARJEF_clean,230.3,90.4,155.8,201.7,271.9,266.9,699.4,1849.5
VARWOC_clean,215.9,78.0,100.6,127.7,228.5,256.8,277.6,738.1
VARWUI_clean,208.0,68.9,96.7,123.2,226.2,240.7,270.6,696.3
VASFAZ_clean,172.7,59.9,88.1,115.8,200.7,213.7,249.5,608.4
VASFED_clean,184.6,62.4,92.3,124.9,211.4,219.3,259.2,629.8
VASFIH_clean,180.6,61.2,85.8,111.4,200.3,219.9,236.7,543.0
VASFON_clean,181.6,62.5,92.0,121.0,206.9,220.0,258.5,628.0
VASFUT_clean,179.2,63.3,94.3,123.2,208.1,221.3,263.2,635.9
VASGUU_clean,283.3,120.8,213.6,271.3,333.0,331.6,1003.7,2371.2
VASKOR_clean,170.5,63.4,102.0,137.8,204.9,211.9,320.8,712.4
VATVIY_clean,391.2,134.9,191.4,260.4,432.7,446.4,527.3,1286.3
VATVOE_clean,386.2,134.6,194.6,258.5,442.9,452.0,525.3,1271.3
VATVUK_clean,267.2,98.5,152.3,200.9,324.1,324.5,422.2,927.9
VATXEU_clean,242.4,88.3,140.5,186.0,285.3,289.0,446.5,1111.7
VATYAR_clean,127.1,42.1,61.5,78.3,142.8,152.5,168.6,420.8
VATYEV_clean,154.5,55.5,84.7,113.7,183.3,189.3,263.4,711.2
VATYIZ_clean,156.5,55.0,84.0,113.0,184.1,191.5,261.6,702.2
VATYOF_clean,152.7,54.5,81.6,107.2,181.7,190.4,244.4,669.1
VAXMUF_clean,315.2,110.2,162.9,214.2,355.9,374.7,446.6,1092.4
VAXTEV_clean,382.4,132.7,185.3,245.6,391.0,407.0,464.1,1055.3
VAZROF_clean,328.9,147.7,286.4,346.9,391.0,384.8,1093.5,1884.1
VAZTOG_clean,101.1,32.0,40.3,51.6,94.0,112.6,123.8,224.7
VAZTUM_clean,351.0,137.1,233.1,299.5,410.9,401.4,962.5,3013.3
VEBHUG_SL,99.2,32.5,44.6,56.7,104.4,118.2,128.3,341.0
VECVUW_clean,340.8,133.0,235.6,311.6,388.5,386.3,930.1,2074.3
VECWUX_clean,207.8,74.4,117.0,153.3,235.5,241.3,301.5,566.8
VECZAG_clean,158.0,53.3,73.4,95.5,172.2,189.3,207.5,535.7
VECZEI_clean,73.7,24.5,28.7,34.3,67.6,81.7,97.2,113.5
VECZEK_clean,109.1,35.5,45.2,55.8,106.2,125.2,136.4,245.4
VEDFAN_clean,304.8,135.3,241.3,315.5,363.9,368.9,1207.8,2749.1
VEDFIV_clean,331.9,145.6,260.9,341.9,410.1,402.6,1258.3,2843.8
VEDFOB_clean,328.3,147.3,260.6,345.7,391.4,409.9,1303.7,2893.0
VEDFUH_clean,319.6,134.5,241.8,309.6,390.1,384.7,1149.9,2729.3
VEDGAO_clean,333.1,141.2,262.7,330.5,396.8,394.9,1216.9,2801.0
VEDGES_clean,335.6,154.8,262.7,343.1,401.7,400.8,1285.3,3050.8
VEDGIW_clean,350.0,144.4,261.3,341.5,404.3,400.8,1266.7,2945.2
VEGBUG_clean,158.2,50.1,59.2,67.3,112.6,131.5,147.0,226.0
VEGCAN_clean,158.3,50.1,58.6,68.5,113.1,132.2,147.6,229.5
VEHJID01_clean,98.2,32.3,43.9,54.7,99.5,116.7,123.9,271.6
VEHJID_clean,145.5,44.9,73.6,96.9,147.0,150.3,253.8,649.5
VEHJOJ_clean,201.1,72.0,112.0,150.1,228.2,238.4,390.6,1201.0
VEHJUP_clean,201.1,73.5,108.6,141.1,222.4,226.7,371.3,1160.7
VEHKIE_SL,196.6,72.8,125.3,160.2,225.8,227.9,490.9,1339.3
VEHLAW_clean,149.3,63.3,118.8,149.4,185.4,185.3,493.3,915.1
VEHLIE_clean,130.2,53.7,96.7,127.5,160.3,158.3,403.4,808.9
VEHPUU_clean,192.9,61.8,75.8,90.9,172.3,212.8,252.6,283.7
VEHRIL_clean,131.5,42.7,54.2,67.3,125.3,147.7,160.1,283.1
VEHXEN_clean,273.9,89.8,121.2,147.1,228.4,251.8,285.8,866.2
VEHYUE_clean,238.2,82.1,100.2,123.0,229.6,268.0,283.6,442.0
VEJHEZ_clean,585.2,185.2,221.3,263.0,400.3,433.2,459.4,1083.1
VEJHID_clean,229.6,82.7,129.0,170.9,264.6,264.5,457.4,1432.7
VEJYIT01_clean,265.5,105.9,184.7,252.0,313.1,311.0,805.2,2026.4
VEJYIT_clean,290.5,110.2,192.3,254.3,335.1,326.9,850.9,2162.9
VEJYOZ_clean,170.5,61.9,98.3,127.3,189.7,194.5,300.9,736.6
VEJZIU_clean,577.1,202.6,344.6,446.2,551.7,540.8,1534.4,4774.1
VELBAQ_clean,226.6,75.0,112.5,146.4,239.1,243.4,325.6,907.1
VELVEO_clean,155.8,58.9,96.4,126.8,192.0,193.8,291.4,579.2
VELVOY_clean,301.3,103.5,141.1,180.0,307.0,323.8,391.4,1073.3
VEMDAT_clean,263.5,96.4,148.4,193.0,296.0,296.5,403.7,806.7
VEMMAC_clean,172.2,62.8,95.1,128.7,212.3,214.8,311.9,871.8
VEMMEG_clean,173.7,60.8,88.3,118.9,203.7,207.3,267.2,765.9
VEMMIK_clean,115.4,37.8,50.7,62.4,116.4,135.9,146.0,304.5
VEMMOQ_clean,147.6,52.4,79.5,106.0,175.3,182.5,255.1,757.6
VEMSUC01_clean,145.6,54.2,89.7,122.0,169.5,171.9,297.5,630.3
VEMSUC_clean,199.5,82.6,149.0,192.5,241.6,242.4,647.4,1316.6
VEQBID_clean,251.2,83.6,110.9,139.4,254.1,287.8,301.0,671.4
VERPOZ_clean,999.8,397.0,639.4,834.2,956.6,950.5,2208.8,3857.0
VETMIS_clean,248.7,83.0,103.6,126.9,212.1,236.4,256.0,650.2
VETTOE_clean,165.6,59.7,95.8,127.2,200.8,198.3,329.3,890.7
VEWKUF_clean,191.4,63.9,87.2,107.6,186.9,203.3,223.2,569.4
VEWLAM_clean,244.7,84.1,122.0,157.5,267.6,281.9,333.0,906.8
VEWXAY_clean,385.0,160.9,282.0,364.7,442.0,439.9,1271.0,3109.6
VEXTUO_manual,199.3,66.6,91.1,115.8,208.7,226.4,246.6,612.5
VEXVAW_clean,192.8,68.9,101.3,131.8,217.3,225.7,296.8,820.8
VEYREX_clean,250.8,85.6,130.0,172.6,282.6,307.6,399.0,1015.3
VEYREY_clean,781.5,304.5,521.9,670.3,796.8,815.1,2560.0,7298.9
VEYVEC_clean,229.7,89.3,158.2,203.4,277.2,307.7,473.3,925.1
VEYWED_clean,626.2,205.7,301.4,382.7,564.2,549.5,821.9,1939.7
VICDOC_clean,332.4,146.4,279.4,342.8,394.3,404.0,1184.4,2139.9
VICLAW_clean,650.3,223.6,299.9,372.3,622.9,647.9,732.3,1706.7
VICSIL_clean,225.4,78.3,122.0,162.7,263.0,267.5,344.3,779.5
VIDJID_clean,220.8,81.9,139.2,184.1,250.2,250.1,559.6,1478.7
VIDWIQ_clean,228.5,94.1,170.1,222.8,259.5,259.3,674.3,1252.4
VIDXOX_clean,174.5,59.1,80.2,104.3,192.7,209.8,222.7,490.8
VIFBOD_clean,174.4,62.2,90.3,117.0,204.1,211.6,250.4,607.2
VIGDIY_clean,561.5,184.1,269.3,335.1,554.1,590.8,666.4,1538.0
VIJNIN_clean,580.5,382.3,589.9,582.7,959.7,1813.5,6202.7,11647.1
VILXOE_clean,149.8,57.0,94.4,125.1,184.7,186.2,287.7,584.9
VIMRAM_clean,277.4,109.7,194.9,252.6,335.2,327.7,909.3,2493.4
VINHIL_clean,123.6,38.9,48.5,59.1,109.5,131.7,147.8,269.7
VINHOR_clean,232.6,78.3,116.8,153.8,262.2,260.4,369.2,1112.8
VIPYOK_clean,235.4,92.6,158.5,208.8,283.3,282.3,531.6,1025.1
VIQFIL_clean,124.3,40.2,51.5,64.3,120.0,144.8,155.5,259.6
VIQQUJ_clean,212.1,113.0,192.3,232.3,254.1,281.8,962.3,1729.6
VIRKIQ_clean,154.3,55.8,90.4,120.0,185.0,190.2,269.5,563.6
VIRPOC_clean,193.7,66.3,93.9,122.8,211.9,227.4,257.3,643.6
VIRQES_clean,198.9,70.2,104.2,140.2,233.8,242.6,283.9,628.9
VIRVEY_clean,146.4,52.7,81.0,109.0,173.1,181.0,271.3,788.4
VIRXIF_clean,167.8,63.1,104.2,139.7,200.8,202.8,370.1,892.6
VITYOO_clean,304.0,119.5,211.0,269.4,364.3,360.0,923.7,2468.7
VITYUU_clean,230.1,89.4,155.3,207.2,285.9,292.3,583.6,1423.0
VITZAB_clean,223.1,86.9,145.7,194.2,274.1,274.1,580.2,1368.0
VITZEF_clean,231.6,89.3,151.6,200.9,283.1,290.7,585.9,1415.0
VITZIJ_clean,235.1,92.0,157.6,208.5,287.8,286.6,606.4,1423.1
VIVXOP_clean,307.4,107.0,158.7,204.9,339.1,358.1,410.7,1008.1
VIWHUG_clean,342.6,121.6,178.2,232.3,391.3,405.8,429.0,826.9
VIWKIX_clean,291.9,100.6,150.1,194.7,321.2,333.2,432.2,1221.2
VIWKOD_clean,286.6,99.9,148.3,193.5,324.8,336.7,433.7,1227.2
VIWLAQ_clean,289.1,101.1,153.3,196.0,319.8,337.6,441.3,1237.1
VIWLEU_clean,288.3,99.5,150.2,195.1,324.4,339.5,450.0,1212.6
VIWLIY_clean,280.2,103.5,159.8,212.3,325.8,332.9,510.5,1286.0
VIWMAR_clean,281.6,102.4,159.4,215.6,331.4,330.1,508.5,1272.3
VIWMEV_clean,284.0,101.3,162.0,214.6,328.1,330.2,512.9,1330.9
VIWMIZ_clean,909.9,430.9,750.9,837.4,950.6,1091.3,4514.7,10308.4
VIWMOF_clean,902.3,419.4,757.7,885.4,926.4,1096.8,4366.6,10192.9
VIWQUP_clean,646.5,218.3,322.9,395.2,530.7,503.1,1235.5,2832.5
VIWRAW_clean,377.1,128.2,138.5,159.7,247.6,282.1,315.1,629.0
VIWZOR_clean,147.5,56.2,94.0,124.9,181.6,182.5,342.6,914.3
VIXCUB_clean,178.7,60.1,90.2,118.4,196.1,206.6,251.6,675.0
VIXGAM01_clean,170.1,55.5,78.0,98.9,175.8,196.1,204.4,320.6
VIXPUP01_clean,295.8,105.2,162.7,206.3,314.2,330.9,524.8,1493.8
VIXPUP_clean,188.4,59.3,76.1,93.3,157.0,170.9,185.5,446.6
VIXWEF_clean,330.0,106.6,121.4,144.9,223.0,246.8,259.2,518.0
VIYMAT_clean,157.9,58.4,93.5,125.4,192.2,194.6,300.1,691.1
VIYSON_clean,213.5,111.1,211.5,240.4,254.7,314.0,1122.7,2024.6
VIYTAA_clean,213.2,112.1,207.2,241.7,262.2,323.9,1176.0,2090.9
VIYVIK_clean,215.3,109.8,212.7,243.3,258.7,325.0,1159.1,2083.3
VIZSOO_clean,227.5,89.0,157.3,204.4,260.2,263.4,707.5,2049.7
VIZSUU_clean,944.3,312.8,360.4,437.0,623.8,660.2,689.5,2046.0
VIZTIJ_clean,245.9,80.4,100.1,118.9,203.1,231.9,236.8,470.6
VOBGAW_clean,400.3,142.0,210.8,270.4,437.8,461.0,529.5,1103.0
VOBGEA_clean,404.6,139.2,208.5,266.6,445.1,460.3,532.7,1138.7
VOBKAA_clean,235.3,89.8,153.5,204.9,285.8,286.9,572.2,1397.6
VOBRUB_clean,220.2,85.6,144.3,191.7,262.4,275.0,553.0,1252.6
VOCPEK_clean,468.2,165.8,243.6,314.7,514.5,541.3,622.1,1292.9
VOCQAF_clean,236.4,90.1,151.2,197.6,279.6,278.3,456.3,863.6
VODQIP_clean,151.1,54.2,84.4,113.5,176.2,181.3,239.6,549.4
VODSEM_clean,158.4,49.3,57.3,65.9,116.9,154.5,192.7,198.2
VOFFED_clean,271.7,85.5,104.5,125.3,223.6,261.7,281.1,345.4
VOGPEO_clean,252.0,96.7,152.7,196.4,259.3,273.2,576.4,1551.1
VOGTIV_clean_h,161.8,57.0,85.6,112.6,187.0,196.4,266.6,757.7
VOHQIS_clean,207.8,201.1,246.7,253.8,684.5,1105.8,2063.5,2657.0
VOJGOS_clean,233.0,104.7,194.6,242.5,284.6,295.0,1055.1,2490.5
VOLPET_clean,102.8,34.0,46.0,58.2,106.5,121.8,131.5,302.3
VOLQOD_clean,203.2,70.1,101.4,130.8,210.2,220.2,262.2,705.3
VOLRAQ01_clean,195.5,59.7,68.9,78.5,129.6,149.9,167.0,274.6
VONCOS_clean,341.7,140.1,253.0,345.5,421.7,417.4,1053.4,2613.3
VONDEJ_clean,216.9,98.3,183.0,227.6,266.2,269.5,603.4,953.8
VONDIN_clean,501.4,307.6,510.5,539.7,616.9,1026.4,2431.7,3347.9
VONDOT_clean,316.5,151.6,268.3,345.0,356.1,377.1,1053.6,1665.7
VONROH_clean,397.0,124.6,209.8,277.1,399.0,379.4,848.4,2303.4
VONRUN_clean,438.7,173.8,325.0,402.7,447.1,493.8,1776.6,3843.2
VOPCEK_clean,350.5,155.4,286.8,355.1,422.2,417.4,1316.8,2786.7
VOPCIO_clean,404.0,146.5,220.1,290.6,415.7,407.0,782.5,1956.8
VOQXIK_clean,186.8,61.1,91.0,119.9,188.8,190.3,275.9,733.3
VORHER_clean,860.3,280.1,355.3,449.1,564.4,552.2,777.2,1574.2
VOSTUU_clean,224.4,78.8,116.5,150.8,234.2,253.3,331.5,862.3
VOSVEG_clean,584.7,227.6,379.7,503.1,608.5,559.1,1606.2,3505.1
VOSWIL_clean,221.7,68.6,86.9,105.2,190.2,218.5,241.1,426.1
VOTKEW_clean,288.4,129.2,251.9,313.0,345.8,359.1,1165.8,2409.6
VOVKUO_clean,183.5,61.4,86.8,117.0,201.5,217.1,251.0,723.0
VOVQEE_clean,138.7,44.4,61.7,80.8,143.6,157.0,174.0,452.8
VOXKIE_clean,245.4,89.9,150.2,194.0,290.2,296.5,496.1,1205.3
VOXQOQ_clean,263.5,99.2,162.2,216.3,313.7,307.7,508.8,1116.4
VOXTUZ_clean,164.7,74.3,142.9,170.4,186.0,211.1,761.0,1381.0
VOXVAH_clean,279.7,143.0,266.3,299.9,317.0,427.9,1847.5,3769.7
VOXVEL_clean,222.0,103.3,191.9,237.6,271.5,280.4,949.4,1864.9
VOXYUE_clean,108.1,34.7,44.7,54.3,101.1,122.3,136.0,217.6
VOYGOH_clean,243.2,78.8,98.7,114.1,200.6,220.9,236.2,497.3
VOZVAJ01_clean,233.8,75.6,96.9,111.6,189.3,217.8,228.2,426.7
VOZVEN01_clean,273.1,86.0,121.9,147.3,232.3,240.3,305.5,754.2
VOZVIR01_clean,232.9,76.5,93.1,110.7,186.5,210.8,221.3,412.6
VUCTUK_clean,186.4,65.8,101.1,134.1,220.8,225.8,272.3,599.4
VUDQOB_clean,260.5,109.2,193.5,248.2,313.8,320.2,807.1,1792.5
VUDXID_clean,160.6,53.7,73.5,93.0,167.7,185.9,201.3,501.0
VUFBEE_clean,139.1,51.5,82.4,108.6,168.0,175.8,274.6,706.0
VUGWUR_clean,226.2,88.3,143.7,185.8,275.9,280.4,473.5,1115.9
VUGXAY_clean,224.0,84.1,136.9,185.4,269.4,274.6,455.2,1078.5
VUGXEC_clean,238.3,89.6,146.0,192.2,286.2,290.4,483.1,1146.4
VUGXIG_clean,231.3,87.5,145.0,191.2,278.6,287.1,486.2,1122.4
VUGXOM_clean,243.1,86.5,137.1,189.5,275.7,276.1,460.6,1085.2
VUGXUS_clean,238.4,86.2,140.3,189.2,277.9,282.2,466.4,1101.0
VUGYAZ_clean,239.7,87.6,144.7,190.1,286.6,292.9,460.1,1108.7
VUGYED_clean,231.6,85.5,135.5,186.7,275.4,285.6,438.7,1053.9
VUGYIH_clean,224.4,88.6,138.6,187.0,268.7,277.0,486.9,1153.1
VUHJAK_clean,285.3,119.5,304.2,277.4,337.0,337.9,570.0,862.7
VUHMOC_clean,293.5,97.1,137.7,177.5,252.7,258.9,400.2,943.2
VUHNAP_clean,275.5,87.0,114.7,143.1,228.3,248.8,288.1,669.4
VUHNET_clean,242.5,79.8,100.9,120.5,196.8,218.0,232.3,495.4
VUHNIX_clean,278.2,89.3,127.0,152.3,243.8,250.3,332.9,825.1
VUHNUJ_clean,281.3,92.0,127.8,161.6,246.1,248.6,328.9,806.2
VUHPAR_clean,291.2,97.7,144.4,186.6,260.2,269.9,425.8,1054.7
VUHPOF_clean,307.5,99.8,147.0,183.8,263.2,272.1,451.2,1046.6
VUHPUL_clean,303.1,104.5,161.3,203.0,275.2,273.6,524.1,1094.7
VUJBEI_clean,302.3,108.7,172.4,223.2,325.1,321.8,611.1,1803.7
VUJBIM_clean,324.0,107.2,163.9,218.7,321.0,323.5,609.8,1778.8
VUKHOZ_clean,142.1,45.8,53.3,63.5,112.0,140.1,160.7,198.0
VUKJOC_clean,399.1,136.0,205.9,271.6,422.9,391.8,615.1,1197.8
VUKJUI_clean,366.1,134.1,222.0,282.4,371.1,383.0,635.0,1239.9
VUKRUQ_clean,169.4,55.8,79.9,104.2,184.8,198.0,219.6,560.0
VUKSAX_clean,150.9,50.6,67.6,85.7,159.4,180.6,194.8,448.0
VUKSIF_clean,279.5,117.4,221.6,278.8,323.5,325.6,1122.3,2427.1
VUKSOL_clean,132.9,46.7,69.2,93.5,156.6,160.5,200.1,512.1
VUKTAY_clean,307.0,117.9,196.4,261.9,351.9,356.3,648.6,1295.4
VUKTEC_clean,300.7,112.6,189.0,248.1,338.3,339.3,611.4,1226.9
VUKTIG_clean,272.1,105.7,173.7,232.9,320.1,317.7,575.0,1165.2
VUKTOM_clean,285.3,110.5,185.1,241.8,330.2,327.8,611.5,1278.5
VUKTUS_clean,276.9,108.3,180.2,241.9,321.4,320.2,583.8,1270.6
VUKYOR_clean,306.4,102.3,141.7,184.0,265.1,266.0,400.8,1053.5
VUKYUX_clean,294.6,93.4,123.6,155.9,251.2,264.4,315.1,811.3
VULFIT_clean,316.9,163.4,302.1,354.2,381.9,441.9,1471.6,2421.9
VULKIX_clean,202.2,77.6,132.9,173.7,248.8,254.2,481.5,1123.3
VULKOD_clean,290.5,131.0,246.9,307.4,366.7,364.5,1016.3,1864.3
VUMBIQ_clean,197.9,70.6,103.8,138.9,219.0,226.7,266.8,538.4
VUMBOW_clean,348.3,105.2,151.0,189.8,323.1,335.8,370.4,769.3
VUMCEM_clean,326.1,162.2,323.5,372.3,407.0,437.7,1470.8,2645.6
VUMYUZ_clean,594.0,224.5,308.9,409.8,647.5,666.7,980.5,2686.3
VUNHAO_clean,99.2,31.2,41.7,52.7,93.8,109.2,119.3,269.3
VUNNEZ_clean,152.6,55.0,70.4,87.8,161.3,183.8,189.7,363.3
VUQJUN01_clean,245.2,97.1,174.4,226.0,300.7,291.0,677.0,1692.0
VUQKAU01_clean,249.2,105.4,185.5,241.3,301.0,301.7,809.2,1762.0
VUQKAU02_clean,267.9,114.4,199.3,266.7,336.2,323.7,851.9,1891.4
VUQKAU_clean,269.6,110.4,198.3,259.5,325.9,326.3,866.9,1995.2
VUQKOI_clean,253.2,84.3,111.1,137.7,258.0,292.6,316.3,545.1
VURLIF_clean,230.8,98.7,185.4,233.1,273.6,279.7,1000.5,2572.4
VURNED01_clean,228.5,76.0,134.3,174.8,232.7,239.9,604.1,1607.3
VURNED02_clean,228.0,75.1,131.7,173.8,232.8,233.7,592.8,1554.8
VURNED03_clean,231.7,76.1,130.7,175.3,232.7,236.5,597.7,1586.6
VURNED04_clean,164.0,49.7,78.6,103.5,160.1,163.2,280.3,784.5
VURNED_clean,222.2,78.3,126.2,164.5,219.8,223.9,581.2,1590.7
VURYIR_clean,338.1,113.8,156.7,198.9,363.9,406.8,419.4,763.3
VURYOX_clean,185.8,59.2,72.5,86.0,160.5,198.7,224.9,265.5
VUSKAW_clean,100.5,32.8,42.0,52.0,96.3,114.9,126.0,235.2
VUVZAP_clean,148.7,63.7,116.0,147.5,185.7,186.0,472.7,958.2
VUWROW_clean,217.7,87.4,158.3,206.2,255.9,257.2,805.7,2090.4
VUWRUC_clean,244.7,102.9,174.9,228.7,286.2,291.5,806.8,2039.2
VUWSAJ_clean,222.3,85.8,150.0,199.8,276.4,265.8,615.1,1503.1
VUZNOV_clean,395.8,175.7,293.6,373.5,458.4,458.3,1453.2,4046.2
WABTOK_clean,121.1,39.3,52.4,64.4,121.1,142.7,151.1,265.0
WABVIF02_clean,120.2,42.1,64.0,84.8,140.9,149.2,200.7,560.0
WABVIF03_clean,120.3,42.1,65.6,86.8,141.6,145.7,202.3,555.4
WABVIF04_clean,118.7,40.9,60.9,79.4,136.2,143.1,182.1,507.6
WABVIF_clean,120.5,41.5,65.5,81.6,138.4,147.3,187.1,520.0
WABVOL_clean,117.6,38.3,46.4,56.1,103.6,126.4,145.8,190.1
WABVUR_clean,117.4,36.4,45.6,55.7,102.9,125.0,138.6,220.3
WABWAY_clean,113.3,36.1,44.5,52.8,99.6,121.6,137.0,203.6
WABWEC_clean,105.2,34.6,40.8,49.1,92.6,114.4,131.8,181.7
WACLEU_clean,161.0,61.1,100.8,134.6,197.3,202.5,328.8,728.0
WAFKAQ_clean,230.6,86.3,139.8,188.1,278.7,279.1,514.9,1354.6
WAFKIY_clean,220.5,71.9,126.9,168.5,225.0,219.1,580.6,1551.3
WAGDAL_clean,363.3,147.4,266.1,364.6,427.7,429.0,1085.4,2233.7
WAGPOM_clean,211.8,68.7,100.8,133.7,229.9,235.1,267.5,585.6
WAGQAY_clean,508.1,146.0,167.3,193.7,311.8,343.4,386.1,866.5
WAHDIT_clean,298.2,81.8,98.7,118.8,203.5,259.5,292.2,300.6
WAHFUJ01_clean,361.8,137.6,231.3,308.9,441.2,440.1,802.6,1824.2
WAHGIY_clean,300.6,116.0,201.6,267.5,357.2,351.7,612.9,1121.5
WAHKUO_clean,259.0,93.9,156.5,197.3,289.0,296.2,543.8,1708.3
WAHNEB_clean,238.0,87.7,137.6,176.6,265.4,275.4,482.5,1486.5
WAHNIF_clean,256.3,97.5,151.1,201.2,291.6,295.9,569.1,1679.4
WAHNOL_clean,236.8,89.3,136.3,177.0,266.4,268.9,483.7,1466.3
WAHROP_clean,328.6,129.8,235.2,322.4,364.5,362.5,854.2,1726.2
WAJHOG_clean,161.3,61.7,97.8,129.7,190.9,192.3,325.3,762.6
WAKTOS_clean,216.4,68.6,85.2,106.4,211.0,234.4,249.9,331.8
WALKAY_clean,244.7,105.5,200.2,254.0,299.8,291.8,753.3,1345.1
WAMREJ_clean,207.0,74.4,115.8,152.7,238.5,242.3,401.3,1173.6
WAMRIN01_clean,251.2,102.2,180.6,242.9,289.6,293.7,758.0,1772.7
WAMRIN02_clean,215.1,77.0,130.4,174.7,240.4,243.0,494.4,1143.2
WAMRIN_clean,164.5,63.8,106.5,144.7,197.4,199.0,397.5,910.0
WANBIY_clean,598.8,175.7,210.2,255.6,445.3,501.8,548.7,1061.6
WANBOE_clean,304.4,101.0,129.2,160.4,300.5,338.3,352.8,716.8
WANHAX_clean,340.0,134.3,233.4,289.8,340.9,326.1,915.4,2107.6
WANHEB_clean,318.5,114.3,185.3,243.2,319.5,312.2,684.5,1720.1
WANHIF_clean,191.0,68.9,108.8,140.9,206.2,209.3,353.1,982.8
WANHOL_clean,263.0,94.1,151.9,199.4,267.2,268.3,526.1,1391.6
WANHUR_clean,336.2,124.7,212.9,262.0,334.8,335.6,817.8,2041.9
WANJIF_clean,206.3,92.7,160.0,202.4,256.6,253.0,554.9,1016.0
WANKOO_clean,572.9,178.7,256.3,330.1,544.0,568.5,647.5,1433.0
WANNEH_clean,599.2,350.5,622.7,684.8,724.4,1115.9,2931.4,4134.4
WANNIL_clean,602.1,346.2,612.6,697.8,734.3,1027.5,2961.9,4136.4
WAPSUE_clean,205.0,66.9,85.3,105.6,195.8,233.6,245.8,467.2
WAPTAL_clean,222.5,69.8,92.9,110.4,201.8,238.9,255.7,485.5
WAPTEP_clean,226.9,70.2,89.9,110.4,205.7,237.4,259.7,516.6
WAPTIT_clean,223.2,69.7,94.2,110.6,205.8,237.0,258.1,499.4
WAQFAX_clean,318.6,116.8,178.0,221.9,329.8,320.5,655.8,1817.1
WAQFIG_clean,112.9,39.1,57.2,73.2,128.6,137.4,163.1,464.8
WAQKUX_clean,230.9,82.1,128.4,164.8,234.6,240.1,454.4,1254.8
WAQTEQ_clean,268.9,96.0,142.5,192.5,286.0,290.6,486.8,1437.4
WARFAY01_clean,355.0,233.5,327.0,342.1,648.1,1097.1,2736.4,3959.0
WARFAY03_clean,237.5,87.0,162.9,202.2,232.2,236.2,890.9,1799.3
WARFAY04_clean,237.5,89.9,170.1,200.9,230.8,239.6,1011.4,1819.5
WARFAY05_clean,212.8,76.6,141.1,178.4,218.1,214.6,717.8,1579.5
WARFAY06_clean,213.2,77.4,139.6,177.8,214.7,215.2,712.3,1572.9
WARFAZ_clean,342.5,119.9,177.9,243.0,371.3,386.8,444.6,1050.4
WARFIG_clean,346.1,232.4,332.4,337.5,622.3,1060.9,2672.0,3939.0
WARJAC_clean,138.7,49.2,65.2,85.2,150.7,165.2,179.5,422.4
WARXUL_clean,298.9,102.0,162.2,209.3,290.1,286.7,632.8,1749.7
WASMUB01_clean,225.4,90.9,164.7,196.0,213.6,219.4,585.7,1101.7
WASMUB02_clean,230.2,84.8,159.2,191.9,221.4,223.2,528.8,996.1
WASMUB_clean,189.4,89.3,166.3,197.3,212.5,220.8,574.1,1037.9
WASPAK_clean,119.1,42.1,58.1,75.2,129.5,139.2,156.9,389.8
WASQEP_clean,298.6,104.5,139.0,169.9,264.7,270.8,347.0,1014.8
WASQIT_clean,303.2,103.0,140.9,172.8,268.6,281.3,367.8,1069.0
WASTUG_clean,158.6,52.4,69.9,87.3,162.4,184.6,193.6,461.6
WASVES_clean,225.6,74.4,102.6,127.3,239.2,270.9,286.1,652.0
WAVQAN_clean,217.3,93.8,174.1,217.9,258.3,258.4,773.1,1542.4
WAVQER_clean,215.5,91.3,166.9,211.4,251.2,252.2,752.1,1499.4
WAVQIV_ion_b,666.7,237.2,389.0,515.4,701.9,646.9,1697.7,5172.5
WAVQOB_clean,546.6,221.7,366.9,467.5,595.3,603.6,1803.0,5416.4
WAVQUH_clean,259.1,91.9,146.7,193.3,282.9,285.7,499.5,1227.9
WAVRAO_clean,361.6,159.8,268.0,347.0,421.1,425.4,1322.4,3328.0
WAVRES_clean,739.1,308.9,446.1,544.1,618.0,605.7,1954.4,4544.9
WAVRIW_clean,886.6,344.5,526.1,594.3,691.3,674.4,2681.0,5341.4
WAVROC_clean,374.7,119.6,164.3,210.8,324.4,339.5,406.5,1085.0
WAWGOQ_clean,174.1,60.1,80.7,102.4,175.2,189.1,209.6,525.5
WAYKAK_clean,175.4,64.2,108.9,135.6,210.9,213.8,338.3,818.8
WAYMAM_clean,131.4,47.5,70.5,91.9,158.2,167.4,218.8,596.0
WAYMEQ_SL,178.7,73.8,130.4,171.3,223.0,223.3,565.6,1330.8
WAYMIU_manual,166.8,69.0,125.5,164.8,207.3,208.3,595.7,1423.2
WAYMOA_manual,168.8,70.2,122.0,157.7,212.8,207.8,517.1,1276.3
WAZCUX_clean,292.3,112.8,193.9,264.9,354.5,357.6,622.7,1166.9
WAZQIZ_clean,317.0,110.6,181.1,238.7,354.6,349.4,580.4,1394.8
WEBJIY_clean,361.9,134.4,228.3,295.1,348.0,337.3,1094.9,2676.5
WEBJOE_clean,216.7,78.1,127.1,159.6,231.1,230.3,439.6,1238.4
WEBJUK_clean,299.4,115.9,193.6,245.7,314.4,310.4,820.2,2273.3
WEBKAR_clean,285.6,89.6,113.4,137.1,210.8,226.2,256.0,622.6
WEBKEV_clean,318.6,103.5,143.3,169.1,247.8,260.0,370.9,980.2
WEBKOD_clean,242.0,92.3,152.6,202.5,285.5,288.6,543.7,1255.8
WEBREC_clean,314.5,141.5,259.9,325.3,380.2,382.9,1036.0,1845.5
WECBEN_clean,108.1,37.5,51.4,67.0,118.9,130.6,148.0,390.1
WECBOX_clean,133.0,45.6,66.4,86.9,141.5,148.8,174.9,368.6
WECFAN01_clean,222.4,74.6,103.3,137.7,242.1,267.8,274.8,422.3
WECFAN_clean,209.5,70.0,99.2,126.9,228.4,247.5,260.0,440.9
WECJIZ_clean,900.3,365.8,629.6,798.3,957.1,940.9,2636.0,5402.2
WEDQED_clean,330.3,140.8,251.6,321.8,397.1,405.1,879.7,1635.2
WEFCAN_clean,277.5,117.2,213.9,277.0,334.0,340.2,984.6,2319.2
WEFXEM_clean,186.2,66.7,102.9,135.3,218.0,224.4,307.6,715.1
WEFZIS_clean,271.6,112.3,201.6,266.5,329.0,330.9,892.9,1858.0
WEGFUL_clean,239.6,96.3,165.2,218.5,288.3,287.6,522.9,942.0
WEGGAS_clean,248.3,98.7,171.8,225.3,295.2,297.7,537.4,981.7
WEGKIE_clean,655.9,229.3,303.6,340.3,534.0,540.0,653.0,1539.1
WEHHEY_clean,306.4,150.9,271.9,326.1,375.8,399.9,1534.7,3935.6
WEHHIC_clean,300.7,143.5,268.0,326.2,358.0,380.1,1505.8,3866.9
WEHHOI_clean,302.5,147.2,277.1,339.1,354.8,472.3,1514.8,3949.8
WEHHUO_clean,295.8,152.3,265.0,324.6,350.9,402.4,1492.1,3841.0
WEHJAW_clean,222.0,93.6,169.4,217.1,254.1,256.4,736.8,1866.2
WEHJEA_clean,311.4,115.6,180.8,240.4,326.4,336.4,719.0,2159.9
WEHJIE_clean,236.0,80.6,110.2,139.8,213.7,218.0,280.8,740.5
WEHJOK_clean,323.9,118.9,196.1,248.1,334.2,326.6,761.3,2238.0
WEHJUQ_clean,688.3,266.5,446.8,544.4,639.2,634.1,2060.7,6008.3
WEMBUN_clean,140.7,50.1,76.7,101.9,166.9,174.7,241.0,658.0
WEMCAU_clean,144.0,52.9,86.3,116.6,170.2,171.5,324.0,836.2
WEMCEY_clean,179.3,61.5,86.5,112.9,195.0,210.4,218.7,315.5
WEMCIC_clean,185.0,63.0,90.6,117.1,204.1,215.6,225.8,333.1
WEMCOI_clean,184.4,62.9,90.7,116.2,202.4,218.3,223.9,326.5
WEMCUO_clean,185.0,63.3,91.1,118.9,205.4,219.1,223.5,329.2
WEMDAV_clean,184.0,63.5,92.5,118.9,204.8,217.2,223.1,333.6
WEMDID_clean,140.1,47.4,72.5,93.2,158.7,165.6,211.8,584.4
WEMDOJ_clean,140.8,49.1,74.0,99.5,165.0,172.8,225.1,616.7
WEMDUP_clean,137.8,48.5,73.4,97.1,162.2,169.3,224.4,618.3
WEMFAX_clean,137.3,48.1,72.9,95.9,159.8,167.3,221.9,615.6
WEMFEB_clean,141.1,50.5,75.5,100.2,166.3,174.1,231.0,636.2
WEMFIF_clean,148.4,50.2,79.7,101.9,170.9,172.9,242.8,642.0
WEMFOL_clean,143.8,50.9,77.3,104.2,170.7,176.4,243.3,669.3
WEMNAF_clean,293.5,121.2,222.7,286.2,347.1,351.2,850.5,1693.9
WENDIE_clean,216.4,106.0,203.1,249.3,270.6,280.9,822.6,1346.9
WENKEH_clean,256.5,84.6,111.6,140.7,261.1,294.1,311.5,496.5
WENKOR_clean,324.4,110.6,161.2,208.3,354.4,385.4,414.0,898.0
WENKUX_manual,317.2,111.3,166.3,223.1,367.8,373.8,453.5,1021.5
WENLAE_manual,310.0,112.3,166.4,209.2,354.1,373.1,421.6,931.1
WENLEI_clean,306.8,107.0,160.2,207.3,346.8,364.8,414.7,957.9
WERHIK_clean,208.7,198.1,262.7,263.5,622.0,1019.3,2403.9,3503.8
WESYAV_clean,175.7,73.2,132.3,171.2,218.6,217.5,435.8,767.3
WETPES_clean,216.5,74.0,115.0,150.6,213.5,214.9,369.7,929.1
WEVQIX_clean,206.7,66.1,76.3,90.1,163.2,206.5,243.1,270.5
WEVQOD01_clean,183.0,58.3,70.2,80.1,143.9,186.2,231.0,240.7
WEVQOD_clean,204.9,64.9,76.6,87.6,161.1,202.4,245.1,270.9
WEVQUJ_clean,203.3,64.4,75.3,88.8,161.0,201.2,243.8,267.4
WEVRUK_clean,209.3,64.7,76.7,88.3,160.4,204.5,246.5,270.3
WEVZUT_clean,359.5,122.4,177.1,230.7,389.5,409.2,455.5,992.1
WEXSEZ_clean,259.8,89.0,144.1,185.8,253.5,257.2,536.4,1396.3
WEXTAV_clean,167.8,60.0,89.7,114.1,194.5,202.6,243.1,552.7
WEYQAU01_clean,122.9,46.2,75.0,100.3,145.5,147.2,279.1,688.2
WEYQAU02_clean,139.5,55.6,98.6,129.1,168.4,174.0,401.6,921.2
WEYQAU03_clean,142.5,57.2,98.6,131.1,172.9,173.6,415.3,945.4
WEYQAU04_clean,150.3,57.5,98.6,133.3,173.4,174.6,393.4,907.7
WEYQAU05_clean,143.1,57.0,98.8,128.3,176.2,172.9,401.8,929.9
WEYQAU06_clean,149.8,56.3,98.0,127.2,174.7,172.7,396.4,913.5
WEYQAU07_clean,141.4,55.4,99.4,127.6,170.4,171.6,399.4,919.2
WEYQAU08_clean,139.8,55.5,97.5,130.0,170.5,170.8,404.2,958.5
WEYQAU09_clean,141.0,57.2,98.4,129.1,171.8,175.9,404.2,944.9
WEYQAU10_clean,119.7,45.7,76.3,101.1,145.9,145.8,290.9,746.0
WEYQAU12_clean,158.0,58.1,97.4,128.8,177.2,176.3,384.6,891.4
WEZCIO_clean,193.5,61.7,73.7,85.9,155.5,197.2,231.2,266.4
WIBSAD_clean,943.2,319.2,356.6,380.7,605.8,679.8,671.5,1197.6
WICGEV_clean,202.3,67.9,92.3,118.0,215.1,238.6,248.9,434.3
WIDQEG_clean,142.7,55.0,86.0,120.0,175.7,175.9,322.7,915.7
WIDWOX_clean,1399.8,509.2,706.3,859.7,1178.9,1175.3,2064.0,5646.5
WIDZUG_clean,324.5,113.8,179.1,232.6,379.9,389.7,469.9,1140.2
WIFBAQ_clean,206.3,69.6,100.0,126.7,224.8,243.8,260.9,528.8
WIHDUN_clean,106.5,41.5,69.9,94.1,134.0,133.9,230.2,467.7
WIHVAL_clean,203.3,68.1,93.4,116.7,216.6,237.8,248.5,436.7
WIHVEP_clean,198.8,67.6,90.6,114.8,210.3,233.3,244.2,426.0
WIHWAN_clean,355.6,134.8,218.3,289.1,414.9,405.6,835.6,2279.9
WIJDAV_clean,322.5,136.6,234.6,306.0,390.9,388.2,979.8,2106.0
WIJXEU_clean,345.7,120.4,176.1,229.2,363.2,368.1,539.6,1629.3
WIJXIY_clean,198.3,67.2,93.4,118.0,198.5,209.6,249.0,769.8
WIKGII_clean,695.1,220.9,300.5,368.1,559.0,577.4,811.6,2412.6
WIKLOT_clean,330.1,119.6,203.3,265.5,374.6,380.5,795.1,2185.8
WIKXAQ_clean,115.3,38.2,51.5,65.0,123.6,137.0,146.3,362.6
WIKYAQ_clean,616.6,202.3,259.7,331.5,564.2,647.2,632.9,1238.0
WILDUR_clean,171.4,71.9,127.8,171.1,206.5,206.5,434.7,809.9
WILFAZ_clean,173.6,72.2,122.9,161.3,208.7,211.7,409.8,772.7
WILGII_clean,237.4,90.8,156.6,203.5,291.0,290.9,529.7,1268.5
WILGUV_clean,340.7,103.9,164.3,212.8,332.8,331.2,476.7,1076.6
WILHIK_clean,227.6,96.1,178.6,233.8,279.2,279.4,627.3,1078.2
WILNEL01_clean,304.5,123.2,192.7,251.5,343.2,348.5,709.9,1626.2
WILRAK_clean,75.2,23.5,29.1,34.2,63.7,80.3,93.4,127.9
WILREO_clean,73.7,23.3,28.5,33.9,63.4,78.5,91.5,128.0
WILRIS_clean,80.9,25.8,32.1,38.4,72.5,90.0,103.7,149.6
WIMWEW_clean,245.4,104.5,192.6,249.4,291.0,290.6,870.9,1983.8
WIMWIA_clean,181.6,75.1,134.1,172.3,216.4,214.0,554.6,1141.7
WINCEC_clean,107.2,40.6,71.9,93.4,133.8,135.3,235.6,470.0
WIPLOY_clean,188.0,76.4,136.6,176.2,234.9,228.5,554.4,1194.3
WIPPIW_clean,912.8,336.5,469.2,566.1,733.7,693.9,1473.8,3936.3
WIPZEC_clean,233.2,89.6,148.2,194.3,250.0,250.1,502.2,978.3
WIRKOZ_clean,7036.3,2392.3,3101.8,3599.3,4660.0,4493.3,8871.4,22988.0
WIRMOB_clean,460.3,217.1,396.8,471.2,513.0,508.3,1566.5,3222.8
WIRMUH_clean,237.5,88.4,145.2,191.1,274.1,272.4,503.5,1119.7
WIRNAO_clean,323.1,124.8,225.6,300.1,365.7,367.2,885.7,1820.2
WISKOA_clean,260.9,104.9,188.5,244.5,299.5,300.7,595.6,1124.7
WISTID_clean,227.2,97.8,181.1,237.3,286.3,280.1,690.6,1252.7
WISVEB_clean,136.2,45.7,61.3,78.6,143.1,157.5,172.9,452.9
WITJOA_clean,308.0,128.4,233.5,342.2,355.9,351.7,956.2,2129.2
WITJUG_clean,318.6,128.5,226.1,292.7,360.6,360.1,1029.2,2432.9
WITKIV_clean,859.7,310.8,349.9,440.0,627.7,687.9,707.6,1919.8
WIVKOD_clean,195.0,67.7,97.9,127.9,224.1,237.6,272.9,703.6
WIVRIE_clean,718.2,317.3,538.5,606.8,663.1,755.6,2963.1,5973.9
WIWKIX_clean,422.8,202.2,380.7,447.9,463.4,606.3,2227.0,4324.8
WIWQOI_clean,145.7,49.7,71.8,92.2,162.2,173.0,202.2,594.0
WIWQUO_clean,147.0,49.5,71.3,92.5,167.3,172.4,203.3,602.0
WIYFAM_clean,200.6,75.8,121.5,162.8,243.3,265.7,455.6,1308.3
WIYWAE_clean,492.7,202.8,369.7,485.0,584.5,589.0,1421.4,3064.6
WIYWEI_clean,495.2,199.7,347.8,457.9,600.0,587.4,1316.1,2884.3
WIYWOS_clean,495.2,199.3,353.8,460.3,579.6,577.9,1390.4,3040.9
WIYWUY_clean,509.7,199.4,358.9,467.6,594.1,583.5,1438.8,3103.9
WIYZOU_clean,162.9,54.3,71.9,90.6,167.5,197.4,204.0,444.8
WIZDEP_clean,166.4,56.4,84.4,110.8,227.8,194.5,263.4,757.6
WIZKOH_clean,226.8,91.8,167.1,255.3,272.2,272.8,794.4,2054.9
WIZMAV02_auto,679.4,249.3,408.4,521.2,750.9,724.5,1579.3,5062.5
WOBHEB_clean,156.6,56.1,85.3,115.5,187.7,194.0,274.7,792.2
WOBHOL_clean,153.0,55.1,85.9,114.6,186.2,193.3,294.4,845.4
WOBHOM_clean,166.7,63.7,121.4,140.6,204.8,204.2,405.1,1086.5
WOBQEL_clean,317.2,144.6,264.7,328.5,372.9,391.5,1234.2,2406.1
WOCWAN_clean,350.2,124.0,202.5,259.3,408.9,408.8,565.6,1235.3
WODFOL_clean,283.3,132.5,263.7,308.7,343.1,355.8,976.8,1594.2
WODREO_clean,381.1,177.7,334.7,394.8,427.1,477.6,1621.3,3136.9
WODVOB_clean,209.2,79.4,133.4,184.2,254.1,252.1,507.1,1271.3
WODXEU_clean,221.7,80.6,126.1,167.9,268.7,270.0,373.9,864.8
WOFWET_clean,68.7,21.8,27.5,32.1,60.7,75.5,87.3,119.6
WOHBIF_clean,364.0,138.3,204.1,280.5,449.5,443.9,513.8,991.0
WOHDON_clean,127.0,44.0,65.6,86.1,147.5,156.0,197.1,573.4
WOHQAN_clean,227.2,76.5,106.7,127.7,239.8,276.7,283.4,568.0
WOHSIV_clean,381.2,129.2,174.8,213.2,397.4,440.8,446.5,742.0
WOHSOB_clean,402.4,126.8,165.3,201.7,375.5,450.1,460.5,648.0
WOJJOV_SL,271.2,155.4,294.6,316.1,329.8,425.0,1297.6,2436.6
WOJYEB_clean,887.8,570.2,880.6,928.2,1215.9,2111.2,6074.1,9581.0
WOJYIF_clean,929.1,617.5,895.0,894.1,1431.7,2391.2,6258.8,9450.5
WOJYOL_clean,935.6,612.4,905.1,880.8,1417.5,2383.6,6279.1,9579.2
WOJYUR_clean,935.5,597.2,875.7,910.5,1293.6,2195.6,5968.6,9333.8
WOJZAY_clean,257.5,110.2,199.1,260.9,308.3,313.6,939.4,2169.8
WOJZEC_clean,267.3,110.2,204.3,260.4,339.3,310.0,936.8,2205.9
WOJZIG_clean,254.9,111.0,199.8,258.1,313.8,304.9,937.3,2250.6
WOJZOM_clean,366.3,184.3,342.7,415.5,447.7,501.7,2126.7,4824.0
WOLMUG_clean,305.9,114.6,188.8,247.4,346.8,350.0,680.4,1559.2
WOLREV_clean,319.0,113.2,151.5,184.7,297.0,308.8,352.7,984.8
WOLRIZ_clean,124.5,40.4,54.3,69.0,126.8,142.8,152.1,328.9
WOLROF_clean,134.3,39.2,51.6,64.8,117.6,127.8,138.2,312.6
WOLYON_clean,260.7,82.7,103.2,120.7,212.8,231.1,251.6,460.3
WOMFEK_clean,352.3,3907.2,4400.8,4570.3,4981.0,4712.8,4996.1,5577.7
WONBAD_clean,194.7,93.3,169.0,195.5,206.3,276.7,1069.2,1999.7
WONJUG_clean,945.4,724.9,792.9,987.9,3048.3,4463.1,9809.1,13726.7
WOPSAX01_clean,590.2,220.5,385.0,503.2,678.7,660.6,1400.2,2981.9
WOPSAX02_clean,288.2,116.5,205.3,272.2,348.2,347.0,1019.0,3039.2
WOPSAX_clean,290.3,116.8,210.0,269.6,349.9,347.0,1033.5,2965.2
WOPSOL01_clean,311.4,118.1,238.6,274.5,352.5,351.0,1048.4,3026.6
WOPSOL_clean,260.4,104.3,183.8,241.6,319.5,318.8,882.6,2670.0
WOPWOO_clean,280.8,97.0,139.2,178.3,301.9,322.8,354.9,754.4
WOQTUT_clean,483.8,172.0,239.6,305.1,561.6,574.4,662.3,1851.9
WORKOF_clean,365.6,135.6,215.9,272.4,384.1,387.2,748.5,1943.4
WORKUL_clean,268.4,107.8,174.2,230.6,312.6,306.7,671.4,1727.7
WORLAS_clean,268.3,101.3,172.7,224.3,312.0,312.1,664.8,1696.0
WORREC_clean,115.3,38.1,51.8,65.2,123.4,136.3,147.1,343.4
WORSUT_clean,242.8,83.3,120.2,153.9,271.1,282.9,305.7,630.5
WOSHET_clean,279.8,91.8,120.1,152.1,281.0,326.5,337.5,424.8
WOTLOI_clean,174.4,58.0,76.7,96.5,180.1,204.2,214.3,390.2
WOTSEF_clean,177.3,66.2,107.9,144.2,218.3,220.1,406.7,1109.7
WOVDES_clean,391.5,144.8,239.6,326.9,457.1,456.7,673.1,1252.5
WOYHUP_clean,133.4,47.7,72.4,92.5,141.9,145.8,220.7,580.6
WOYJAX_clean,987.1,429.0,702.5,803.0,765.6,1150.0,4870.3,11822.3
WOYJEB_clean,978.1,436.7,713.3,792.1,817.9,1068.6,4736.8,12414.3
WOYJIF_clean,213.7,86.7,155.1,200.7,249.2,254.4,706.8,1867.7
WOYJOL_clean,851.8,434.3,646.7,753.2,802.5,955.9,4044.3,10868.0
WOYWIS_clean,539.2,223.2,402.9,475.3,534.0,582.7,1653.0,3252.4
WOYWOY_clean,398.2,185.6,343.6,402.4,428.8,453.1,1374.3,2536.2
WOZGUP_clean,387.6,149.0,238.1,320.3,432.2,425.9,888.8,2337.9
WOZWEP_clean,326.7,149.2,242.8,320.7,403.4,398.3,1035.2,2361.7
WUCRUH_clean,182.3,72.1,125.4,165.2,227.5,227.1,355.5,646.1
WUDTUM_clean,353.2,92.4,116.8,136.9,248.2,295.0,319.6,409.0
WUDVEY_clean,270.6,91.6,112.9,135.6,245.3,292.3,299.5,410.9
WUDYUR_clean,763.3,253.8,362.9,450.9,586.3,563.3,765.6,1517.6
WUDZIG_clean,289.9,99.4,135.6,180.0,257.8,273.0,391.9,1004.8
WUDZOM_clean,282.1,94.6,132.5,167.9,252.1,266.3,363.6,903.3
WUGPUL_clean,199.9,69.0,113.3,145.0,205.3,213.2,392.9,1141.5
WUGQAS_clean,190.2,69.4,109.1,144.4,208.1,209.2,384.5,1102.6
WUHJIT_clean,145.3,49.3,69.8,91.2,161.1,170.2,192.0,495.8
WUJPIC_clean,167.0,52.4,85.4,111.6,164.9,168.2,257.9,561.6
WUKXEH_clean,662.9,207.5,243.3,285.4,403.8,450.0,500.0,1473.1
WULJUJ_clean,591.5,277.8,514.0,600.0,641.0,744.3,3024.7,8166.6
WULKAQ_clean,568.6,278.2,521.2,600.3,646.3,743.0,3015.9,8296.7
WULQUR_clean,128.7,46.6,77.6,97.6,154.6,158.6,246.6,703.2
WUNTEF_clean,254.1,101.1,178.2,228.0,290.1,285.8,669.0,1386.0
WUNTIJ_clean,247.1,103.8,171.9,228.2,285.1,284.9,659.6,1393.6
WUNTOP_clean,254.5,101.6,174.3,226.9,298.1,284.5,649.4,1386.1
WUNTUV_clean,252.3,98.7,175.3,224.1,283.2,279.9,632.4,1344.6
WUNVAD_clean,260.7,105.2,174.5,232.0,297.0,284.2,655.4,1400.8
WUNVOR_clean,260.2,105.8,174.8,227.6,295.7,290.8,678.5,1445.1
WUNVUX_clean,255.5,99.6,175.3,233.2,290.2,284.4,683.0,1329.3
WUPZUE_clean,165.3,66.6,114.4,153.1,207.9,205.0,390.1,759.5
WURKEB_clean,189.7,71.0,111.3,147.4,217.9,216.4,409.7,1039.2
WURNOO_clean,419.5,127.9,166.2,215.1,340.7,383.5,393.6,921.8
WUSCUJ_clean,106.8,33.1,42.5,51.5,97.6,116.9,131.4,213.0
WUSGIC_clean,225.4,84.4,140.6,188.2,268.4,269.5,485.4,1145.1
WUSLED_clean,229.1,83.5,128.5,200.6,262.3,271.3,429.6,1283.0
WUSSEK_clean,325.1,116.8,187.9,248.1,370.1,379.0,652.1,1752.7
WUSXEP_clean,284.7,136.2,240.9,317.9,332.2,357.8,1263.8,3310.0
WUTBES_clean,300.3,106.0,161.0,208.9,356.1,360.9,423.1,989.8
WUTBEU_clean,71.4,24.0,32.2,42.0,74.8,86.9,93.2,194.3
WUTBIW_clean,295.9,104.8,160.4,209.4,339.9,353.9,425.6,934.7
WUTBOC_clean,304.9,107.2,167.0,218.8,349.3,357.6,437.1,948.3
WUTBUI_clean,298.5,105.4,157.5,207.3,342.5,353.4,418.4,951.7
WUTCAP_clean,302.2,108.7,167.2,217.8,359.0,363.9,438.6,948.3
WUTCET_clean,336.1,119.5,209.4,261.0,312.4,325.4,852.8,1816.8
WUTKIG_clean,220.0,80.9,121.2,159.2,261.2,270.0,355.4,926.1
WUWQEL_clean,201.1,66.8,88.3,110.2,222.7,237.8,249.2,463.4
WUYWIY_clean,143.1,47.0,63.1,82.1,147.5,164.9,176.1,380.9
WUYWOE_clean,287.2,104.8,164.3,209.2,335.4,333.2,518.6,1505.4
WUYWUK_clean,140.4,47.0,63.8,81.4,150.4,165.3,176.5,403.1
WUYXAR_clean,141.1,46.3,62.3,79.8,146.1,163.0,174.0,374.9
WUYXEV_clean,311.7,105.1,169.1,220.3,338.3,337.7,569.5,1610.4
WUYXIZ_clean,280.2,104.2,159.0,212.0,324.4,323.0,537.5,1536.3
WUYXOF_clean,140.4,46.6,63.2,77.9,144.6,162.5,172.8,356.3
WUYXUL_clean,295.9,103.2,165.6,213.7,331.6,335.6,554.1,1598.8
WUYYAS_clean,286.0,104.1,166.2,219.5,326.6,331.2,556.1,1576.0
WUYYEW_clean,282.8,102.1,160.4,211.4,322.8,326.3,549.2,1525.7
WUYYOG_clean,157.5,53.0,74.0,95.0,169.8,185.3,201.9,474.7
WUZDOL_clean,261.1,91.0,127.9,160.8,296.5,292.4,345.8,887.9
WUZGAB_clean,288.6,103.9,158.7,205.4,327.1,335.4,499.6,1448.5
WUZQOZ_clean,178.5,62.9,89.7,118.6,207.0,216.5,255.9,668.1
XACQAT_clean,250.3,237.6,306.7,312.6,729.7,1192.4,2407.6,3124.9
XACSIG_clean,310.0,114.4,174.5,232.3,345.6,372.3,479.9,1012.9
XACYAB_clean,307.5,168.7,315.4,353.3,371.3,570.3,2101.0,3846.6
XACZEH_clean,185.7,60.1,78.1,96.4,178.5,205.4,224.7,368.5
XADCEM_clean,174.2,70.1,128.5,163.4,212.0,211.1,603.0,1537.7
XADDAJ01_clean,381.5,177.4,329.0,408.4,460.6,485.1,1971.6,4758.3
XADDAJ_clean,407.8,186.6,358.2,440.3,484.3,516.1,2011.0,5001.7
XADDEN_manual,147.6,55.0,81.2,108.2,173.2,177.9,226.9,596.5
XADDIR_manual,147.4,52.2,80.3,106.9,170.0,176.7,222.4,590.0
XADDOX_clean,212.3,73.7,110.2,138.5,228.4,241.1,302.5,779.9
XADDUD_clean,312.7,118.4,203.9,263.8,362.9,370.2,785.4,2100.5
XADGAM_clean,212.2,94.9,180.0,223.3,255.9,256.1,534.3,819.8
XADGOA_clean,146.6,55.8,90.3,119.4,179.5,180.0,289.0,617.9
XAFBEN_clean,210.9,97.1,183.9,232.1,257.8,269.4,901.7,1824.2
XAFFAN_clean,135.8,45.1,61.1,77.8,140.1,159.2,171.0,434.8
XAFFER_clean,132.2,43.7,60.1,76.5,136.2,156.9,168.1,419.1
XAFFIV_clean,134.1,45.4,60.7,77.0,141.2,158.7,169.7,415.2
XAFFOB_clean,138.0,46.4,62.2,77.9,146.5,163.0,176.7,425.4
XAFFUH_clean,219.3,72.1,93.5,112.7,183.8,200.3,222.3,560.0
XAFXOT_clean,282.1,96.5,142.4,184.1,320.8,340.6,355.6,642.6
XAGPUT_clean,138.8,52.9,88.5,117.7,170.8,172.3,337.5,877.7
XAHPAZ_clean,172.4,58.0,84.3,109.5,190.5,199.6,243.9,701.8
XAHPED_clean,147.8,48.4,62.9,77.9,140.1,162.2,170.1,387.3
XAHPIH_clean,123.3,40.3,52.0,65.7,118.1,135.3,145.3,313.3
XAHPON_clean,179.8,60.4,83.3,106.0,183.3,196.2,227.1,675.6
XAHPUT_clean,112.1,34.9,39.7,45.0,75.4,92.0,109.5,132.2
XAHQAA_clean,105.3,33.0,37.9,42.4,70.9,87.8,105.3,128.2
XAHWAG_clean,100.3,36.3,57.7,77.5,121.2,124.0,197.0,529.0
XAJQAC_SL,183.8,74.1,132.6,173.5,224.8,220.0,544.0,1327.6
XAJSEJ_clean,147.8,58.2,102.7,132.2,182.7,180.1,436.6,1292.8
XAKLIH_clean,317.5,147.6,273.7,327.8,344.9,372.9,1097.9,1904.8
XAKQOR_clean,302.6,121.5,212.2,283.2,368.3,365.6,857.9,2044.6
XAKVUB_clean,182.7,222.4,328.9,546.0,1080.7,1264.9,1553.9,1684.0
XAKYUE_clean,351.9,120.3,147.5,179.4,305.4,321.2,326.5,641.5
XAKZAL_clean,522.0,177.4,218.1,262.7,390.3,452.9,481.2,859.5
XAKZEP_clean,322.1,101.7,127.8,159.4,260.5,279.8,304.2,590.4
XAKZIT_clean,916.7,329.6,420.4,464.0,663.0,675.1,1069.8,2589.6
XAKZOZ_clean,309.0,98.9,134.7,156.7,254.9,292.6,289.3,593.5
XAKZUF_clean,1026.7,327.8,471.1,543.5,754.6,766.0,1223.9,3050.8
XALBAO_clean,955.8,331.5,496.0,558.1,752.6,711.4,1153.0,2819.4
XALBES_clean,337.2,107.2,140.1,167.9,286.7,295.6,318.0,619.9
XALBIW_clean,331.0,113.1,138.8,174.5,295.8,299.2,317.2,652.5
XALBUI_clean,977.5,359.2,451.6,584.5,762.6,737.5,1257.2,3091.9
XALCAP_clean,349.6,118.5,150.2,194.3,308.9,326.8,343.7,638.1
XALCET_clean,355.6,115.2,146.9,185.0,316.4,324.6,331.0,640.0
XALCIX_clean,1468.2,514.9,687.5,830.0,1094.9,1179.9,1719.4,3847.1
XALCOD_clean,1501.3,500.8,697.2,825.3,1121.4,1036.3,1751.4,3793.8
XALCUJ_clean,500.8,162.5,227.7,254.5,428.9,444.1,429.8,848.2
XALDAQ_clean,518.7,169.1,227.8,272.8,406.6,447.2,447.2,767.9
XALDAS_clean,262.3,103.8,168.1,223.0,302.2,307.4,661.0,1859.4
XALDEU_clean,524.8,170.7,209.1,254.1,409.7,424.5,443.7,756.5
XALDIY_clean,497.3,174.7,217.9,258.7,415.6,443.3,446.7,806.1
XALDOE_clean,533.2,174.7,210.4,274.5,443.0,452.5,460.4,824.2
XALMII_clean,360.1,139.3,224.8,291.6,413.7,409.8,904.0,2575.4
XALTIP_clean,143.2,48.0,70.9,88.2,155.8,168.3,194.1,554.7
XALXUF01_clean,419.9,179.5,326.1,408.4,483.4,480.7,1744.7,4991.8
XALXUF_clean,425.2,185.4,324.6,416.8,504.4,490.1,1785.1,4887.2
XAMDUM01_clean,151.2,53.4,82.8,108.0,173.2,177.7,226.4,594.9
XAMDUM02_clean,150.2,53.9,83.3,111.4,173.6,177.8,232.5,600.2
XAMDUM03_clean,150.7,53.9,84.8,110.3,175.5,178.6,234.1,592.7
XAMDUM04_clean,155.2,55.4,87.8,116.2,175.0,181.0,251.4,653.9
XAMDUM05_clean,150.3,54.3,85.1,112.2,176.2,178.3,235.1,614.3
XAMDUM06_clean,151.9,53.1,81.5,108.5,173.4,178.7,227.5,591.2
XAMDUM_clean,153.1,53.5,84.5,108.1,173.2,178.8,227.2,588.0
XAMGUQ_clean,529.8,198.1,326.6,419.2,569.2,556.8,1301.3,3575.2
XAMHEA_manual,140.1,48.3,70.6,88.6,152.8,162.4,186.6,490.1
XANKOO_clean,1140.9,420.7,562.3,705.3,877.7,908.6,2113.9,6110.6
XANLAA_clean,290.0,121.1,216.4,277.4,338.8,350.3,1094.5,2839.8
XANLEE_clean,286.6,121.4,221.0,273.7,337.9,343.3,1101.0,2901.4
XANMIJ_clean,192.5,69.5,102.5,136.4,226.2,234.2,315.4,861.3
XANMUX01_clean,193.9,55.3,79.2,103.6,181.6,198.0,219.4,542.4
XANMUX02_clean,203.7,58.0,81.2,110.9,188.2,202.5,225.4,569.9
XANMUX03_clean,195.4,56.2,79.6,104.1,185.3,201.8,227.7,606.7
XANMUX04_clean,201.1,59.5,86.0,111.3,191.9,208.8,235.7,632.7
XANMUX05_clean,202.1,58.6,87.1,113.5,193.0,204.0,252.8,634.3
XANMUX06_clean,200.0,60.7,96.4,120.5,198.8,204.3,302.2,824.3
XANMUX07_clean,199.8,58.0,85.7,110.0,191.1,202.7,247.6,643.0
XANMUX08_clean,196.2,71.8,133.1,168.4,199.3,203.2,628.2,1413.9
XANMUX_clean,202.6,58.8,81.5,106.6,194.6,204.3,224.7,577.8
XANZAQ01_clean,264.5,80.0,123.3,161.6,260.4,269.7,398.4,1159.1
XANZAQ02_clean,267.9,78.7,123.4,165.7,262.5,267.7,391.4,1122.4
XANZAQ03_clean,147.9,44.1,60.0,76.4,139.9,152.9,169.7,444.0
XANZAQ04_clean,192.8,55.4,82.4,108.3,185.2,192.4,245.9,702.6
XANZAQ05_clean,195.1,57.1,83.5,109.8,189.6,203.0,249.8,681.8
XANZAQ06_clean,195.9,57.2,84.9,111.9,189.7,201.2,262.7,741.5
XANZAQ07_clean,193.2,58.8,90.6,113.3,189.0,200.2,252.6,723.3
XANZAQ08_clean,193.8,56.7,83.7,110.1,186.8,196.4,243.2,674.9
XANZAQ_clean,194.1,57.9,79.9,103.1,181.7,194.4,225.7,620.8
XAPCOH_clean,390.2,160.9,270.6,341.7,409.0,430.6,1412.6,3813.0
XAPCOJ01_clean,136.8,50.7,81.7,109.8,167.4,166.3,297.0,790.1
XAPCOJ02_clean,137.4,50.7,82.3,109.4,165.0,167.4,305.5,782.8
XAPCOJ03_clean,137.0,51.5,84.3,109.9,167.7,166.8,296.1,764.5
XAPCOJ04_clean,137.0,50.4,83.4,113.1,167.1,168.6,296.3,776.8
XAPCOJ05_clean,141.7,50.2,81.8,109.2,164.2,171.0,293.2,763.6
XAPCOJ06_clean,142.7,50.1,81.9,110.0,166.6,167.9,289.5,749.7
XAPCOJ07_clean,138.2,51.1,83.6,110.5,166.9,168.8,298.2,786.4
XAPCOJ_clean,137.5,53.4,83.8,110.3,164.9,168.4,305.8,804.8
XAPCUN_clean,386.4,160.0,272.1,336.2,411.1,397.9,1352.8,3711.4
XAPDAU_clean,388.6,158.5,281.7,343.6,413.5,421.3,1362.8,3786.8
XAPDEY_clean,415.6,163.1,297.6,358.1,427.4,442.2,1433.0,3915.0
XAPGAZ_clean,362.1,130.7,206.4,267.6,400.3,398.9,755.6,2420.3
XAPGED_clean,327.0,119.8,192.3,239.7,364.5,369.6,668.0,2149.8
XAPGOK_clean,154.5,58.1,96.0,128.3,190.4,188.3,354.6,872.3
XAPGUQ_clean,119.1,43.7,66.3,87.7,145.3,147.6,198.0,504.0
XAPNIN_clean,129.5,48.0,74.0,98.6,156.0,162.3,245.4,659.0
XAPSIS_clean,125.9,44.7,69.7,90.0,147.5,153.1,208.6,539.9
XAPTEQ_clean,234.1,97.7,177.9,226.0,275.4,273.3,664.3,1261.9
XAPTUE_clean,186.6,70.2,116.5,154.2,225.2,226.6,400.3,941.7
XARPAK_clean,191.9,68.1,109.5,149.6,219.0,222.7,363.1,921.5
XASFAY_clean,352.9,129.9,204.2,270.6,412.5,409.6,651.5,1554.6
XASJUZ_clean,213.0,79.6,137.2,175.9,253.6,257.2,449.9,1068.3
XASNUD_clean,403.5,181.8,331.0,405.6,462.5,475.5,2027.8,5428.2
XASPEP_clean,216.1,81.3,139.3,182.8,232.5,230.9,645.8,1703.4
XATLIQ_clean,259.8,95.9,157.5,210.8,308.4,317.3,565.8,1537.6
XATZOK_clean,176.9,64.6,99.5,133.1,204.8,208.1,310.9,827.1
XATZUQ_clean,248.6,87.7,129.4,166.6,269.6,271.6,364.1,949.1
XAVDEF_clean_h,160.1,56.1,85.6,113.7,184.5,189.1,271.6,776.0
XAVKIR_clean,1556.9,526.9,702.9,873.8,1091.1,1054.3,1908.4,5428.3
XAVQIU01_clean,144.7,49.3,75.6,96.2,160.7,171.0,213.7,549.3
XAVQIU_clean,140.9,48.5,73.6,96.8,164.4,168.8,215.9,561.4
XAWVUN_clean,117.6,38.6,50.2,62.7,118.1,139.7,147.2,307.1
XAZFEJ_clean,192.4,66.6,100.0,133.0,220.3,238.1,281.1,696.7
XAZGEK_clean,352.3,116.5,166.1,217.6,377.3,404.4,458.1,1243.8
XEBHOC_clean,121.0,39.5,51.8,63.7,120.9,140.2,150.9,310.1
XEDGIY_clean,288.4,98.1,138.0,176.8,287.4,304.1,358.6,935.6
XEDLUN01_clean,159.5,60.1,98.5,133.0,191.0,194.2,337.2,737.0
XEDLUN_clean,166.8,62.4,103.1,136.7,199.9,203.0,345.9,768.2
XEDPED_clean,559.9,228.8,388.2,503.9,630.0,606.2,1711.9,4094.4
XEDPIH_clean,200.6,85.2,155.6,199.1,245.1,244.6,472.2,780.3
XEDPON_clean,146.6,52.4,83.0,111.5,177.1,177.0,259.6,664.2
XEDPUT_clean,904.8,390.3,642.7,662.4,717.0,693.3,1091.3,2128.1
XEFGAQ_clean,203.7,76.4,126.6,170.0,247.1,248.0,372.4,769.4
XEFKOI_clean,197.9,76.5,132.1,172.0,241.4,247.6,391.7,772.6
XEGJIE02_clean,281.1,110.3,180.0,226.5,322.8,327.1,650.2,1718.3
XEGJIE_clean,288.2,112.5,176.2,231.3,322.3,327.8,663.6,1746.5
XEGJOK_clean,237.3,92.1,151.3,198.5,284.4,282.9,580.1,1582.1
XEGJUQ_clean,289.3,110.1,179.8,232.1,321.4,320.7,666.3,1844.6
XEGKAX_clean,292.9,107.0,174.4,227.0,329.1,324.2,641.7,1827.2
XEGKEB_clean,236.1,88.7,147.6,191.3,278.2,281.8,567.1,1591.8
XEGKIF_clean,218.9,83.3,137.6,184.8,261.3,258.8,444.7,931.0
XEGKOL_clean,222.5,75.7,110.7,143.8,239.3,251.1,313.3,843.5
XEGKUR_clean,171.1,60.5,93.3,119.2,196.7,202.5,331.5,768.9
XEHDEV_clean,291.6,106.6,167.2,216.6,324.0,334.0,587.1,1723.3
XEHRUY_clean,186.2,65.3,99.3,132.1,218.1,224.6,255.6,501.6
XEHSAF_clean,197.4,70.9,102.8,136.6,233.5,237.5,268.3,523.0
XEHSEJ_clean,197.0,69.1,103.7,134.2,231.4,235.4,266.7,530.9
XEHSIN_clean,197.0,69.1,104.7,138.1,229.8,237.5,275.4,538.1
XEHSOT_clean,197.2,69.7,103.2,137.7,228.3,236.8,266.9,522.7
XEHSUZ_clean,197.8,69.5,103.9,139.6,228.2,239.2,270.7,536.5
XEJWUG_clean,261.5,123.0,225.2,286.7,325.5,327.3,791.3,1344.0
XEJXAN_clean,263.8,121.7,234.3,286.7,323.7,331.0,884.5,1462.5
XEJXER_clean,273.1,93.2,134.7,167.4,312.5,321.7,331.6,547.7
XEKCAT01_clean,201.3,73.0,123.9,164.2,228.8,229.5,508.8,1281.6
XEKCAT_clean,196.7,75.0,128.0,169.4,234.6,237.0,521.7,1357.4
XEKDOI_clean,170.1,55.8,63.3,72.4,134.5,167.4,208.1,215.5
XEKJIH_clean,242.5,171.2,274.0,290.2,406.0,670.1,1491.9,1945.1
XEKJON_clean,277.2,260.4,317.7,321.5,828.8,1252.7,2123.8,2607.5
XEKJUT_clean,280.8,292.7,323.4,354.1,1061.2,1464.3,2372.9,3072.3
XEKMIL_clean,268.6,94.3,139.8,183.4,312.6,319.7,384.5,919.8
XEMHOM_clean,337.3,97.9,143.8,190.5,320.8,339.8,369.1,658.7
XENCAU_clean,303.3,105.0,139.5,184.3,316.7,337.4,375.0,1124.0
XENKIM_clean,264.2,100.7,172.2,221.7,319.2,311.7,702.2,2011.5
XENMIO_SL,243.8,124.7,243.4,279.8,304.0,320.3,770.8,1155.4
XENMOU_SL,245.9,124.0,234.8,279.5,299.8,321.2,759.7,1178.7
XENZEX_clean,389.2,385.9,406.4,578.8,934.3,1046.8,1272.6,1333.6
XEPBAX_clean,154.2,54.3,83.0,109.3,182.7,226.1,251.9,673.8
XEQGAC_clean,109.1,40.9,65.8,87.4,134.4,136.0,203.0,466.2
XEQRAO_clean,226.8,72.0,103.4,131.5,234.3,252.8,266.0,506.4
XESKAJ_clean,179.7,58.4,74.6,92.6,172.4,203.0,215.8,405.5
XESKEN_SL,271.9,91.0,118.7,147.6,274.4,316.0,333.8,700.2
XESKIR_clean_h,155.2,49.1,58.9,70.6,128.5,160.2,188.6,239.9
XESKUD_clean,167.0,55.4,71.9,90.4,169.6,195.3,213.0,446.5
XESLAK_clean,167.1,54.0,70.7,85.3,159.1,189.5,209.2,369.3
XEVHAJ_clean,385.8,206.5,367.0,416.2,428.3,554.9,1543.7,2462.6
XEVHEN_clean,390.5,202.8,371.1,432.1,450.9,548.2,1495.7,2413.2
XEWDUA_clean,286.7,92.3,114.1,141.1,261.2,313.0,346.9,533.5
XEWFAI_clean,278.1,91.7,121.4,161.0,283.4,318.6,338.4,709.6
XEXLAP_clean,299.3,106.5,165.0,221.3,362.3,372.0,530.7,1514.1
XEXLET_clean,285.3,104.7,162.2,212.5,337.3,346.7,526.1,1486.4
XEXLIX_clean,261.8,99.2,166.9,223.9,317.7,318.5,623.5,1485.3
XEXLOD_clean,302.4,117.2,196.0,273.6,370.0,365.2,781.1,1958.2
XEXLUJ_clean,255.9,96.1,151.3,199.1,306.2,317.1,520.1,1394.5
XEXMAQ_clean,294.6,111.3,191.9,248.6,355.3,353.8,712.8,1898.8
XEXMEU_clean,257.1,92.8,145.6,191.8,307.3,314.6,473.8,1313.8
XEYMAR_clean,243.6,90.0,137.1,180.7,276.4,282.4,451.5,1214.3
XIBZUF_clean,196.5,75.7,135.2,170.4,224.4,225.0,569.1,1462.8
XICNOO01_clean,376.2,139.7,238.0,320.9,429.4,436.8,1027.1,3108.6
XICNOO02_clean,397.8,147.3,245.5,315.5,431.2,432.4,1000.6,3129.9
XICNOO_clean,368.1,144.3,238.0,316.9,433.8,441.5,1029.0,3135.1
XICYAL_clean,536.4,238.8,423.5,543.8,616.1,609.0,1912.6,4224.8
XICYEP_SL,188.7,74.2,115.8,151.0,215.3,214.2,412.7,1000.9
XICYIT_SL,188.4,71.2,116.2,153.5,211.1,213.1,421.6,1011.3
XICZAM_clean,369.3,141.2,238.1,310.8,424.7,428.3,1004.4,3053.6
XIDBUJ_clean,235.4,91.3,156.4,206.5,284.5,287.9,552.9,1335.4
XIDMED_clean,192.7,70.3,116.8,168.2,221.1,219.7,425.8,1114.8
XIDSUZ_clean,331.8,106.3,136.5,170.7,261.5,295.8,303.4,832.5
XIFHIF_clean,129.4,41.1,53.3,67.5,124.1,145.6,151.3,297.8
XIGFOJ_manual,222.6,82.4,125.2,161.1,250.2,258.4,411.1,1210.4
XIGHAX_clean,180.5,58.5,76.4,94.5,171.1,194.3,208.8,418.6
XIGHEB_clean,251.9,81.3,103.1,122.7,204.1,238.5,247.5,480.1
XIGHIF_clean,169.5,56.2,72.0,89.8,163.6,182.8,193.7,392.7
XIGWUF_clean,100.5,30.7,38.2,45.6,86.3,106.3,123.2,181.2
XIHRIQ_clean,329.7,134.9,238.0,313.8,410.4,402.0,836.6,1654.7
XIHSAJ01_clean,222.2,83.3,137.4,179.3,259.5,257.3,507.1,1197.3
XIHSAJ_clean,249.6,92.1,155.3,205.2,286.8,285.7,605.3,1460.6
XIHSEN01_clean,247.7,97.1,167.5,222.7,300.1,300.4,652.6,1489.4
XIHSEN_clean,249.5,96.6,168.8,222.0,296.5,295.6,653.3,1488.2
XILDUT_clean,215.1,77.6,128.0,172.1,248.9,250.9,463.1,1106.5
XILLEL_clean,1550.0,538.2,706.8,887.1,1156.9,1073.7,2089.1,5004.7
XILLIP_clean,339.4,137.2,243.5,310.2,372.0,373.3,1257.0,3186.6
XILSUI_clean,206.3,75.5,117.9,159.1,241.6,239.5,411.0,1153.2
XILTAP_clean,288.2,116.3,201.6,261.0,340.8,336.3,907.1,2361.0
XILVIZ_clean,219.3,83.8,138.5,186.2,264.7,271.7,521.9,1424.8
XINHOT_clean,290.9,111.2,188.1,249.5,346.4,347.6,526.6,968.1
XINRAP_clean,210.6,70.3,98.5,128.1,226.7,250.0,275.3,686.0
XINWUO_clean,222.5,74.7,100.0,131.4,236.4,263.4,281.1,669.1
XINZEB_clean,209.5,90.3,161.4,209.1,257.6,255.7,728.5,1452.2
XIPGUA_clean,148.4,45.9,53.7,62.1,110.7,141.7,177.8,194.0
XISDIO_clean,413.5,162.5,283.5,357.8,423.4,420.2,1456.9,3312.5
XISDOU_clean,401.9,157.1,283.6,353.9,400.6,415.5,1458.3,3286.2
XISDUA_clean,398.8,162.5,284.1,358.9,412.2,422.9,1459.8,3169.7
XISLAM_clean,227.0,250.7,288.8,292.2,826.0,1140.5,1770.1,2184.7
XISPEW01_clean,111.3,38.1,56.9,71.6,128.1,139.6,150.7,352.0
XISPEW02_clean,110.4,37.2,52.2,68.6,123.1,132.2,147.1,329.4
XISPEW_clean,154.9,56.5,89.9,122.3,191.4,194.8,294.4,760.7
XISPUM01_clean,86.0,28.2,38.0,48.2,90.2,101.7,109.2,226.5
XISPUM_clean,152.0,54.6,88.8,119.1,179.8,185.4,299.7,750.4
XISVUR_clean,160.3,61.4,106.9,133.3,188.0,189.2,373.9,902.4
XISXEE_clean,158.1,56.2,86.7,109.1,178.8,188.0,252.9,735.5
XITYOP_clean,310.9,123.8,211.7,272.8,348.7,342.0,908.7,2349.8
XIVMEW01_clean,185.8,74.9,133.0,176.4,225.3,227.2,449.1,908.1
XIVVEF_clean,204.3,87.2,164.3,197.9,220.3,244.1,953.2,1947.5
XIWLAQ_clean,184.0,71.9,116.5,158.2,232.8,227.1,403.3,920.5
XIWYEH_clean,267.3,135.2,265.1,308.1,329.8,345.6,803.8,1122.4
XIYYEL_clean,84.3,27.0,32.9,38.9,71.2,89.1,106.0,147.8
XIZJEW_clean,281.6,105.5,197.5,248.4,282.7,290.5,674.0,1114.6
XOBDUO_clean,234.4,58.3,73.7,93.0,169.5,210.0,223.1,288.9
XOCQUD_clean,347.0,112.4,151.0,190.5,348.8,382.1,400.0,708.9
XOCWET_clean,164.9,59.0,91.8,123.5,195.2,204.0,270.4,673.3
XOCWIX_clean,164.9,58.8,90.2,118.1,194.6,202.7,259.1,641.9
XOCWOD_clean,166.1,59.1,89.9,119.1,198.3,205.2,257.7,639.4
XOCWUJ_clean,164.3,59.5,88.4,116.9,193.7,200.7,252.9,623.1
XODNUB_clean,428.0,151.3,226.7,303.6,475.9,485.1,645.9,1319.4
XODPUD_clean,237.1,85.1,131.9,172.9,280.6,279.3,434.1,1287.3
XOFGAC_clean,656.5,216.2,326.3,396.4,542.5,546.8,1049.2,2794.0
XOFGEG_clean,1627.0,521.7,695.2,831.1,1062.2,1042.3,2101.3,5360.1
XOFPEP01_clean,192.0,68.3,109.1,139.7,226.2,236.0,293.1,668.0
XOFPEP_clean,195.9,70.9,110.3,138.7,232.6,242.5,287.6,651.4
XOGXAU_clean,497.3,204.8,373.5,474.6,579.2,563.2,1674.7,3495.0
XOHLEM_clean,154.4,61.4,99.7,134.0,186.9,189.1,359.3,787.0
XOHTUJ_clean,152.3,51.5,71.1,90.2,161.8,178.8,191.7,440.4
XOJWEZ_clean,209.2,73.2,110.6,143.2,241.8,256.5,276.3,513.3
XOJWOJ_clean,166.4,64.1,99.4,132.3,196.3,200.2,344.9,821.8
XOKHIP_clean,190.1,68.7,96.8,127.2,211.1,221.0,227.2,350.8
XOMCIN_clean,401.8,204.3,388.1,451.2,490.1,553.4,2212.9,5276.3
XOMCOT_clean,400.9,217.0,386.1,434.3,484.4,636.4,1992.9,3138.2
XOMCUZ_clean,232.4,63.9,84.0,104.6,193.6,222.1,233.0,243.2
XOMDOU_clean,422.0,186.0,347.9,410.7,465.4,474.5,1341.0,2473.8
XOMGIQ_clean,421.7,169.9,302.1,389.7,498.8,498.7,1239.6,3058.3
XOMHEO_clean,234.9,97.9,176.1,220.8,243.9,256.8,860.7,1756.0
XOMHIS_clean,934.4,374.2,534.3,635.5,694.5,726.5,3105.7,8177.7
XOMJOY_clean,442.1,203.4,380.1,465.3,511.4,548.4,1732.3,3381.7
XOMJUE_clean,443.5,209.2,390.1,471.9,520.5,541.0,1768.9,3388.1
XOMNEU_clean,623.0,243.9,428.6,482.8,529.3,600.8,1818.1,2960.1
XONGUD_clean,343.7,113.7,141.3,173.8,323.9,371.9,413.0,698.2
XONLES01_clean,376.4,143.6,227.0,282.8,394.6,403.5,889.1,2753.7
XONLES_clean,450.5,137.7,222.6,286.0,378.6,379.4,947.6,2930.1
XOPJAO_clean,344.1,162.9,311.4,362.2,389.9,416.1,1108.9,1814.3
XOPLOE_clean,192.2,67.1,97.4,128.0,212.5,226.4,273.5,707.1
XOPMIA_clean,288.5,114.6,193.0,255.9,341.0,348.8,728.2,1646.2
XOQXIL_clean,207.7,71.3,101.4,132.4,225.5,238.2,259.7,569.0
XORHET_clean,273.9,98.6,149.2,201.1,302.2,313.6,466.3,1132.2
XOSPOK_clean,157.8,66.3,118.6,153.6,193.6,195.0,518.9,1211.8
XOTGUI_clean,155.8,54.1,83.4,111.0,180.1,184.5,268.9,739.4
XOTHAP_clean,122.8,41.8,61.5,76.9,138.7,153.0,165.1,406.9
XOTSEG_clean,340.2,124.8,202.1,263.4,392.3,400.8,701.8,1818.7
XOTSIK_clean,628.8,224.5,317.6,411.1,603.4,569.2,1029.3,2718.5
XOTXAG_clean,232.5,87.9,149.2,201.3,278.3,276.1,556.1,1273.7
XOTXUB_clean,519.1,181.5,234.4,288.6,533.7,605.6,627.2,1108.6
XOTZIR_clean,362.4,147.6,267.4,346.5,435.3,428.1,869.8,1641.3
XOVPIH_clean,247.3,86.3,125.3,169.2,284.7,306.8,333.1,714.2
XOVPON_clean,189.8,65.1,95.3,126.7,217.8,227.7,257.1,574.6
XOVPUU_clean,76.4,24.0,27.9,32.8,55.3,69.0,81.9,104.1
XOVQAB_clean,942.3,339.1,375.5,429.0,672.1,658.2,756.2,2044.8
XOVQEF_SL,315.9,100.5,116.0,134.3,203.2,235.4,248.2,459.0
XOVQIJ_clean,358.6,136.0,221.0,281.9,408.0,406.3,770.7,1922.7
XOVVOU_clean,185.6,72.2,113.0,150.5,223.2,227.0,401.8,1007.2
XOXMED_clean,437.8,163.1,244.8,314.3,443.9,457.3,785.9,2480.7
XUBGUY_clean,99.5,33.0,42.6,53.2,97.7,110.1,116.0,246.4
XUCSOF_clean,207.8,93.4,173.9,218.4,250.8,256.9,665.9,1177.0
XUDNAN_clean,312.5,127.4,217.5,284.9,380.8,376.2,936.7,2578.6
XUDNUH_clean,362.4,141.3,256.1,317.1,405.0,396.2,1224.9,3834.1
XUDPET_clean,678.9,286.5,506.6,560.2,641.1,699.8,3570.6,10094.5
XUDPIX_clean,676.6,218.4,305.5,382.8,514.1,533.2,866.3,2550.9
XUDPOD_clean,535.4,188.4,326.1,414.2,484.3,487.2,1725.8,5262.1
XUDVAV_clean,220.0,93.3,172.5,221.0,252.6,255.9,685.2,1246.1
XUDYEC_clean,166.9,60.1,96.8,122.9,194.4,199.2,296.1,757.5
XUDYOM_clean,229.8,134.2,227.0,266.8,279.4,387.3,1508.0,2856.9
XUFPIZ_clean,435.3,158.0,233.5,302.5,513.4,535.7,533.6,818.5
XUFWAX_clean,178.6,65.1,117.0,152.5,180.9,181.6,476.1,1169.0
XUFWEB_clean,174.8,63.9,116.0,151.3,182.3,176.3,479.0,1180.7
XUFWIF_clean,160.9,58.4,101.2,129.7,161.9,162.5,381.4,987.0
XUFWOL_clean,212.2,91.5,166.7,198.2,216.4,239.4,908.5,1970.2
XUFWOM_clean,261.7,93.8,135.5,170.0,266.5,282.1,413.9,1270.5
XUFYAA_clean,726.3,340.2,611.1,735.0,771.6,844.9,3798.5,10686.4
XUFYEE_clean,982.8,448.2,819.1,960.3,1031.5,1269.2,6113.3,16759.6
XUGROI_clean,268.5,108.9,195.7,248.4,316.0,320.9,885.9,2450.9
XUGSEY_clean,164.7,58.8,89.8,118.5,195.4,200.3,285.0,813.2
XUGWUS_clean,492.5,212.2,354.7,463.7,580.2,591.6,1244.5,2748.8
XUJPEY_clean,256.0,109.5,203.8,256.6,306.6,305.3,880.4,1780.8
XUJPIC_clean,249.3,109.7,201.8,260.1,303.3,306.8,879.7,1792.7
XUJPOI_clean,151.3,54.5,90.0,118.7,168.2,171.6,314.1,673.3
XUJQAV_clean,143.1,54.9,91.0,120.6,168.2,170.3,307.3,667.8
XUJSAY_clean,319.4,168.5,322.8,350.0,362.9,368.3,582.9,917.4
XUKHUI_clean,234.7,101.5,185.5,234.3,281.6,286.6,724.3,1451.5
XUKLAS_clean,193.7,69.0,109.1,138.0,230.5,234.6,268.9,532.0
XUKNIC_clean,223.1,92.6,162.7,208.9,260.3,257.0,753.1,1975.5
XUKYEI_neutral,111.5,35.9,44.7,54.6,101.5,124.5,141.2,230.1
XUMMOJ_clean,212.0,71.8,104.6,135.4,234.5,253.0,275.1,673.7
XUMMUP_clean,263.6,80.5,114.1,148.8,271.6,282.9,316.5,766.8
XUMNAW_clean,506.2,162.7,238.4,310.8,395.7,396.9,750.1,1699.1
XUMNEA_clean,522.0,257.4,496.8,580.2,617.5,643.9,1913.9,3328.5
XUMNIE_clean,380.3,153.9,261.2,336.0,392.5,385.0,1281.0,3100.8
XUMTUV_clean,189.3,73.8,133.3,172.7,228.6,227.7,522.9,1209.4
XUMVAD_clean,205.9,79.9,140.8,184.1,244.9,244.7,547.3,1295.8
XUMVEH_clean,187.4,72.3,126.6,163.4,227.8,229.3,475.9,1150.7
XUNGOD_clean,257.2,119.4,226.2,279.6,317.3,324.0,929.3,1555.4
XUNGUJ_clean,270.8,120.8,215.8,274.3,321.9,319.8,873.0,1539.8
XUNHAQ_clean,259.7,114.8,218.0,271.5,318.3,320.6,884.2,1645.0
XUNSAC_clean,207.9,81.8,142.9,192.6,252.4,252.5,429.3,766.3
XUNSEG_clean,190.6,68.6,118.3,156.9,212.6,213.7,364.6,651.9
XUNSIK_clean,245.0,108.3,207.1,255.0,297.5,308.2,809.4,1468.8
XUNSOQ_clean,267.0,116.9,213.7,275.3,330.6,323.3,790.1,1336.3
XUNTIL_clean,170.6,62.4,100.0,134.2,208.8,208.2,264.7,524.2
XUPSAE_clean,142.1,59.0,107.7,141.0,169.7,175.3,543.6,1190.2
XUTQEI_clean,120.2,38.8,48.2,57.8,105.3,123.7,134.0,254.2
XUVHEB_clean,292.3,119.6,212.9,290.2,340.0,336.0,868.4,1807.3
XUVQOW_clean,253.4,105.6,184.1,235.4,289.7,287.7,904.1,2251.0
XUWFUR_clean,312.5,104.4,121.7,152.2,240.0,278.5,273.2,471.3
XUWKEH_clean,112.7,36.1,43.8,52.5,96.9,120.7,141.2,161.8
XUWSUD_clean,140.9,77.2,145.5,164.2,173.5,228.4,688.0,1055.3
XUWTAK_clean,141.2,79.7,150.5,167.1,177.8,243.3,711.2,1077.6
XUWVUG_clean_h,243.5,74.5,86.6,99.0,175.4,243.7,282.1,289.5
XUYXAR_clean,314.1,112.9,183.8,239.8,371.1,378.1,502.0,1096.0
YABHER_clean,214.9,76.8,114.7,146.2,213.9,218.1,342.5,984.8
YABHIV_clean,1590.3,443.0,551.5,650.6,905.2,891.3,1447.1,4002.4
YABPAU_clean,215.3,89.2,158.5,205.9,257.1,259.7,653.7,1381.3
YAFJEX_clean,288.4,114.8,201.1,244.7,291.3,290.7,892.8,2312.4
YAGHAS_clean,560.4,226.5,391.1,520.8,605.8,574.6,1725.4,3461.2
YAGHUM_clean,188.2,58.0,82.5,106.1,178.0,185.4,228.8,652.9
YAGJOI_clean,204.1,78.7,135.7,179.8,246.2,251.0,454.0,982.2
YAHPED_clean,195.0,71.7,117.7,155.9,232.9,238.3,385.4,941.7
YAHWAI_clean,266.8,82.8,110.1,134.7,220.6,232.7,264.3,626.4
YAJXIT_clean,355.5,139.4,229.2,301.7,423.1,406.8,783.3,1751.0
YAJXUF_clean,362.2,140.8,241.4,318.4,412.7,412.1,792.1,1644.1
YAMYUJ_clean,628.0,262.6,459.5,538.0,588.4,648.9,2565.7,6283.2
YANBAR01_clean,208.9,70.3,101.4,128.6,228.8,246.9,259.1,479.6
YANBAR02_clean,192.5,66.0,92.8,117.2,212.6,227.6,240.1,438.9
YANBAR03_clean,181.6,63.8,88.0,113.3,200.4,219.6,229.3,418.6
YANBAR_clean,199.6,67.4,94.9,123.1,220.0,234.0,248.7,460.0
YAPLIM_clean,516.9,187.2,246.6,273.4,444.7,470.0,572.5,1487.1
YAPLOS_clean,547.6,181.4,215.4,258.3,444.3,445.6,492.3,1108.4
YAPLUY_clean,711.4,258.7,378.2,495.0,662.7,684.3,1356.5,3557.6
YAPMAF_clean,740.5,286.5,421.5,509.4,690.5,704.9,1501.0,4199.7
YAPTIT_clean,530.4,185.7,313.9,404.4,508.2,502.5,1419.1,3659.9
YAPXIX_clean,305.0,152.5,286.3,341.2,373.8,376.3,741.6,1070.9
YAQCEY_clean,322.1,126.7,216.7,278.9,367.7,374.7,909.0,2296.9
YAQKEI_clean,310.4,119.5,208.9,266.2,355.1,351.2,666.1,1217.6
YARBAW_clean,334.5,114.7,148.3,193.0,343.8,373.4,384.1,670.4
YARBIE_clean,463.8,228.6,407.4,450.0,470.6,633.6,1601.0,2360.3
YARBUQ_clean,762.2,439.2,794.6,853.7,891.7,1392.2,3577.0,5735.4
YARDEC_clean,262.8,106.9,188.0,247.9,328.5,323.4,741.3,1528.3
YARDIG_clean,255.6,102.8,178.5,235.9,317.2,318.1,657.8,1392.0
YARGAB_clean,201.4,71.9,105.9,138.2,241.5,251.0,312.7,878.8
YARGOP_clean,184.8,54.3,76.2,97.7,162.8,172.8,205.6,518.2
YARKEJ_clean,397.1,184.4,354.9,428.1,479.0,499.6,1672.0,3146.5
YARKOT_clean,164.8,68.3,126.5,161.2,207.6,203.1,602.4,1490.9
YARSAN_clean,219.5,95.8,182.2,220.0,259.5,253.1,544.4,884.0
YARYEV_clean,115.9,37.1,44.6,51.5,94.4,119.3,143.6,166.9
YARYIZ_clean,129.9,41.8,49.6,61.5,109.5,136.6,160.5,199.6
YARYOF_clean,146.8,46.0,55.7,65.9,121.4,155.2,182.0,220.7
YARYUL_clean,71.5,22.8,27.5,33.1,61.2,76.8,91.7,118.3
YARZEZ01_clean,118.2,35.0,50.5,65.3,114.3,122.0,140.1,387.0
YARZEZ02_clean,77.9,25.0,31.0,37.7,70.1,84.7,95.3,158.9
YARZEZ03_clean,87.4,28.6,38.1,45.6,85.9,102.1,107.8,211.1
YARZEZ_clean,116.4,39.8,51.5,64.7,120.6,140.9,152.0,303.9
YASLOW_clean,847.3,368.4,624.7,804.3,929.5,901.8,3496.0,10341.7
YASLUA_clean,82.2,28.5,41.6,54.5,95.8,104.2,116.5,268.7
YASVOG_clean,438.0,319.0,415.0,439.0,778.9,1244.5,4098.7,7699.2
YASVUM_clean,128.0,44.1,71.8,93.6,141.1,144.1,261.7,719.0
YATDUV_clean,210.0,78.0,122.6,163.8,238.9,248.0,458.5,1395.6
YATTUK_clean,138.9,47.4,71.2,94.7,156.7,160.7,220.3,608.0
YATVUN_clean,603.1,256.3,459.8,529.5,545.5,789.7,3443.9,8425.9
YATWAU_clean,570.8,269.4,482.5,555.7,557.6,798.4,3559.8,8637.4
YAVSOG_clean,347.5,140.4,241.8,321.1,415.5,434.4,867.5,1793.2
YAVTUN_clean,146.1,49.0,68.4,84.6,156.3,174.4,185.9,453.7
YAVVAV_clean,170.7,59.0,84.6,108.8,188.5,206.5,225.8,577.3
YAVVEZ_clean,152.7,52.1,73.2,94.4,165.0,182.1,200.9,479.2
YAVVID_clean,326.0,141.9,255.1,341.8,401.4,406.4,1160.0,2572.7
YAVVOJ_clean,324.1,139.7,261.5,336.5,396.8,406.3,1205.2,2670.0
YAVVUP_clean,333.9,140.6,256.1,326.4,397.0,408.2,1216.0,2591.1
YAVWAW_clean,325.3,139.5,262.7,329.2,395.7,401.1,1206.8,2584.7
YAVWUQ_clean,547.2,219.4,355.6,471.1,538.2,518.5,1922.7,4884.2
YAVZAX_clean,91.0,33.5,55.9,74.6,109.6,113.3,169.6,384.9
YAVZUT_clean,308.8,116.0,160.4,213.6,312.0,318.5,492.3,1290.7
YAWBAC_clean,250.5,92.7,146.0,188.7,264.0,268.6,460.6,1187.9
YAWFOS_clean,215.8,71.6,98.2,122.6,225.5,256.1,263.3,583.0
YAWKOX_clean,186.3,64.1,94.8,121.0,212.9,236.6,262.2,704.1
YAXBOP_SL,207.2,76.9,128.9,172.5,244.9,248.6,461.4,1070.0
YAYLER_clean,192.8,67.9,104.8,133.2,222.0,238.3,271.4,620.2
YAYPOF_clean,188.9,67.6,104.3,141.0,220.1,228.0,288.9,682.0
YAYRAT_clean,375.6,184.2,343.4,401.1,451.8,511.9,2425.3,6086.1
YAZWOM_clean,363.8,120.9,152.7,186.7,350.4,411.9,430.8,634.5
YEBLAT_clean,172.2,57.6,83.3,104.9,187.7,205.8,224.8,514.2
YEDKOI_clean,128.6,44.8,65.3,87.2,149.5,159.9,184.1,452.7
YEDKUO_clean,189.4,72.5,121.1,160.7,236.5,230.9,496.9,1456.9
YEDLAV_clean,214.3,103.4,194.9,239.3,261.8,280.1,956.1,1920.2
YEFNEC_clean,116.6,37.5,50.7,65.4,121.0,135.6,146.8,371.2
YEFNIG_clean,114.4,37.7,51.2,65.8,121.6,134.9,147.2,373.1
YEFNOM_clean,111.0,37.3,51.2,66.4,123.3,135.2,148.9,365.5
YEFPAA_clean,114.6,37.7,51.5,65.8,120.9,136.0,147.2,369.8
YEFPEE_clean,108.5,37.1,52.1,68.9,121.1,135.8,149.8,401.0
YEFPII_clean,239.4,259.0,277.3,331.7,1429.7,2339.4,5420.7,7381.6
YEGCUJ_clean,215.3,76.1,116.7,154.4,245.9,247.1,302.4,643.7
YEGHEZ_clean,139.5,48.0,83.8,110.2,154.2,154.7,298.6,574.4
YEGHIC_clean,170.1,53.1,62.0,70.1,124.2,154.3,191.7,211.3
YEGKOM_clean,162.7,60.4,99.0,131.7,198.1,203.6,351.1,946.4
YEHGID_clean,1442.1,530.4,746.0,904.6,1039.9,1011.0,2628.4,5540.4
YEKQOW_clean,746.4,369.3,673.5,766.3,800.5,1145.8,4644.4,10405.4
YEKXET_clean,169.7,61.5,96.8,126.3,196.9,195.7,328.0,886.6
YEKXOD_clean,197.0,70.3,102.2,130.2,226.6,230.7,278.8,718.3
YEKXUJ_clean,154.9,53.6,77.4,99.2,171.8,176.9,210.3,554.7
YELYOE_clean,162.8,72.3,131.2,168.3,195.2,197.9,455.6,760.6
YEMFOM_clean,241.8,116.4,221.5,271.2,290.4,319.1,1240.4,2498.6
YEMJAC_clean,115.2,41.8,65.1,88.4,138.7,141.3,199.9,484.8
YEMMAF_clean,283.9,99.1,146.1,186.0,327.4,345.0,416.2,1295.5
YENLUA_ion_b,258.1,80.7,95.2,110.1,174.6,216.7,228.5,323.8
YEQRER_clean,75.6,24.5,28.3,33.1,60.1,77.4,93.1,113.9
YEQRIV_clean,75.0,23.6,28.0,32.2,58.7,75.9,94.6,107.8
YEVQOG_clean,626.2,243.8,372.3,491.3,714.9,686.0,1223.1,2869.9
YEVQUM_manual,3888.1,1342.2,1852.8,2270.5,2865.8,2734.1,6326.4,14961.7
YEYCUC_SL,266.0,95.1,147.5,193.4,302.1,313.6,468.8,1303.0
YEYDAJ_clean,1332.5,459.0,639.7,761.9,880.4,871.1,1653.7,3298.9
YEYFEP_clean,252.9,96.5,159.3,211.3,297.4,298.8,665.8,1973.2
YEZFIU_clean,248.2,85.9,122.4,160.3,281.0,300.7,337.7,868.7
YEZKEV_clean,385.5,163.6,284.7,369.4,467.3,463.0,952.1,1998.9
YIBMUT_clean,238.6,103.1,193.1,248.4,297.6,295.0,692.6,1310.4
YICDAR_clean,332.4,148.0,276.0,372.6,403.3,408.9,1541.1,4051.3
YICREI_clean,185.2,80.8,151.4,193.0,226.6,226.8,656.3,1284.6
YIDSOT_clean,235.9,82.5,149.2,190.8,252.7,253.1,518.1,1062.7
YIJCEB_clean,226.1,170.5,251.8,262.4,391.6,636.2,1481.5,2309.9
YIKJOT_clean,849.4,264.9,316.3,353.9,522.3,561.7,615.6,1229.3
YIKJUZ_clean,776.2,271.0,313.7,374.1,549.9,621.4,627.4,1191.5
YILJAG_clean,207.3,77.0,123.6,163.5,250.7,253.0,455.6,1278.4
YILJUA_clean,265.3,103.9,179.0,235.4,320.6,316.2,725.1,1769.4
YILKAH_clean,202.4,72.7,116.9,149.2,232.8,237.0,357.4,899.5
YINCEF_clean,222.1,81.6,129.7,170.9,262.9,263.7,392.0,869.4
YINCIJ_clean,237.2,85.5,134.5,179.1,274.4,281.5,391.2,865.8
YINCOP_clean,224.1,81.3,130.5,172.2,264.6,264.2,369.2,810.8
YINCUV_clean,631.4,277.0,509.7,638.4,736.0,726.1,2243.2,4401.9
YINDOQ_clean,454.0,223.1,413.8,499.6,539.3,570.9,1667.5,2723.5
YINPEQ_clean,90.1,30.0,40.4,51.1,94.0,107.7,115.1,282.9
YINTEW_clean,148.5,52.8,97.8,122.5,152.8,155.1,398.4,848.0
YINXIE_clean,251.2,90.9,139.0,183.6,303.8,303.2,382.2,857.7
YIRHOY_clean,297.5,142.1,271.6,333.0,378.0,398.3,1466.1,2933.7
YISFEL_clean,128.7,41.1,50.2,59.2,110.2,137.0,159.8,175.0
YIVNIC_clean,274.8,94.7,133.6,171.6,308.4,325.6,335.2,544.4
YIVTII_clean,258.8,107.1,203.1,249.1,279.4,289.1,946.5,1929.2
YIVZIO_clean,222.3,75.1,105.8,132.0,234.9,257.4,280.6,656.8
YIVZOU_clean,346.5,138.6,235.9,317.3,395.2,391.7,1034.9,2702.4
YIWBEN_clean,202.1,76.7,115.0,153.7,233.1,236.5,347.1,756.3
YIWBIR_clean,394.1,178.5,378.9,413.3,437.5,500.5,2007.4,3924.5
YIWLEV_clean,84.4,26.6,32.8,40.1,76.8,93.5,108.5,152.6
YIWLIZ_clean,87.7,28.5,35.5,43.0,81.2,99.0,112.3,162.0
YIWMEW_clean,101.0,33.0,44.3,55.9,103.5,120.1,128.1,275.7
YIWMOG_clean,125.0,42.6,60.2,79.0,139.7,151.8,169.3,458.4
YIWMUM_clean,124.0,43.9,60.2,77.6,139.3,154.7,171.3,455.0
YIWNAT_clean,125.9,41.9,60.9,77.5,139.9,154.7,171.4,460.7
YIWNEX_clean,168.5,49.7,67.8,87.9,158.3,176.4,189.9,474.2
YIWNIB_clean,107.5,35.4,46.3,58.7,107.8,126.3,138.0,259.4
YIWNUN_clean,108.1,33.9,44.5,56.2,107.8,123.2,133.1,263.2
YIWPAV_clean,109.4,33.7,44.1,55.4,104.3,122.2,131.8,254.0
YIWPEZ_SL_part,111.7,36.6,46.5,58.8,110.0,131.6,139.8,267.9
YIWPID_clean,133.1,45.4,66.1,84.3,149.9,166.4,182.4,496.6
YIXBIQ_clean,219.4,81.9,137.2,180.9,249.7,251.1,636.8,2037.3
YIXFIW_clean,340.2,148.6,279.7,351.7,417.4,416.7,1348.8,2818.5
YIXYUB_clean,306.3,111.6,179.6,251.3,360.6,376.5,624.9,1540.6
YIXZEM_clean,260.9,98.9,146.1,192.2,309.1,322.0,467.5,1211.6
YIYHAQ_clean,380.9,146.2,252.6,329.8,447.8,443.5,975.5,2452.7
YIZGEV_clean,147.7,106.3,173.7,180.0,249.9,446.5,1370.8,2235.2
YIZGIZ_clean,149.8,105.6,178.0,181.6,244.9,450.2,1417.1,2279.1
YIZGOF_clean,145.2,105.6,170.2,181.8,246.5,450.6,1423.1,2273.7
YIZJEY_clean,263.0,87.8,135.6,178.6,292.0,298.5,378.1,810.2
YIZWIN_clean,219.3,72.2,96.5,124.6,236.0,256.6,275.6,522.0
YOBYAR_clean,316.8,119.0,188.1,257.3,365.1,369.0,714.5,2202.8
YOBYEV_clean,313.0,115.5,166.0,217.8,301.9,312.1,591.4,1826.2
YOCCIE_clean,280.7,121.6,212.8,267.3,310.0,302.0,711.2,1226.0
YOCDUR_clean,317.9,119.0,191.4,246.8,363.2,357.4,753.3,2290.7
YOCLEJ_clean,154.0,55.1,84.1,112.1,176.3,182.7,230.3,599.2
YOCLIN_clean,155.4,54.3,84.1,110.5,173.9,179.3,232.1,601.3
YOCNAH_clean,302.9,138.3,264.7,326.3,361.4,370.5,826.1,1399.7
YOCNIP_clean,405.6,155.4,275.1,357.4,450.3,449.8,550.0,937.8
YOCSEQ_clean,190.3,72.1,118.7,162.0,239.1,239.0,353.3,684.9
YODRAM_clean,317.9,129.7,247.4,304.2,378.4,370.6,978.0,2231.9
YODWOF_clean,146.1,46.4,52.3,60.0,96.9,116.4,128.0,189.7
YODWUL_clean,166.7,51.9,59.7,67.7,108.7,127.8,145.7,203.9
YOFGOR_clean,289.5,132.1,247.6,312.8,348.0,357.1,1086.8,1945.7
YOFXEY_clean,429.1,155.7,210.8,276.3,397.5,375.5,489.5,1036.3
YOFXIC_clean,439.8,148.7,201.9,252.2,396.7,384.0,473.0,1036.8
YOGKEM_clean,386.8,199.4,355.5,399.7,423.8,753.7,3109.1,6615.7
YOGKIQ_clean,979.0,576.7,824.2,881.0,1133.8,2103.9,7718.3,14082.3
YOGKOW_clean,410.7,163.2,272.4,351.2,486.8,470.7,1088.7,2973.9
YOGVEX_clean,272.3,98.9,164.9,218.8,317.2,321.9,574.4,1407.6
YOKKIU_clean,353.3,149.8,279.3,353.2,402.5,410.4,1281.7,2547.5
YOLGUB_clean,103.4,33.3,41.8,50.7,94.7,116.2,130.3,204.3
YOMZIL_clean,292.7,95.0,119.0,149.3,268.5,320.6,333.3,397.9
YONNAR_clean,372.2,135.3,233.0,288.3,374.2,373.5,949.7,2860.5
YONNUL_clean,334.5,142.3,259.4,334.0,390.2,397.2,1142.2,2490.4
YOPPAW_clean,300.2,96.0,127.0,161.9,296.5,348.5,357.1,583.7
YOQLAT_clean,200.3,73.7,117.1,154.7,236.2,242.0,342.2,725.8
YORCIT_clean,918.9,257.8,275.2,308.1,427.2,482.6,620.9,600.6
YORGOD_clean,188.1,64.7,96.7,125.5,209.0,224.3,265.4,680.0
YORLEY_clean,1505.5,512.0,672.0,822.4,1209.5,1205.9,1310.8,3199.1
YORNIE_clean,253.4,93.2,149.8,200.6,305.8,312.1,499.6,1377.3
YORRII_clean,298.2,128.0,231.1,273.3,292.9,351.2,1508.3,3298.5
YORSOP_clean,339.8,139.2,252.1,332.9,381.0,385.9,1295.2,2980.5
YOSWUA_clean,359.5,180.0,339.8,391.4,408.9,440.3,878.5,1171.4
YOTXOW_clean,197.6,69.6,106.3,145.8,227.3,239.3,266.1,538.1
YOYBUL_clean,226.0,89.5,148.9,198.2,270.2,276.5,587.8,1432.5
YOYCEV_clean,929.8,353.0,626.0,771.1,853.4,868.2,3308.9,7077.0
YOYNUX_clean,285.0,116.1,200.8,261.8,343.5,353.8,626.8,1186.0
YOYPAF_clean,283.5,114.4,211.0,264.3,344.9,340.0,641.8,1179.8
YOYPEJ_clean,283.5,113.2,202.2,263.8,336.2,346.4,622.5,1156.2
YOYPIN_clean,207.7,75.4,120.8,155.5,244.7,245.5,295.0,554.2
YOYPOT_clean,287.3,112.3,197.5,259.5,337.4,336.3,628.6,1218.3
YOYPUZ_clean,282.1,114.0,196.7,257.3,344.9,337.0,629.0,1172.0
YOYQAG_clean,290.7,115.5,203.8,259.9,351.2,344.6,629.5,1196.2
YOYQEK_clean,285.8,114.4,201.3,266.1,343.9,331.9,673.7,1187.5
YOYQIO_clean,275.2,101.6,157.2,202.4,300.6,298.5,375.5,686.9
YOYQOU_clean,453.3,194.9,355.4,443.1,508.0,508.5,1269.2,2311.0
YOYQUA_clean,201.3,76.1,119.8,157.7,236.2,239.5,305.6,561.0
YOYRAH_clean,208.1,75.5,115.5,154.6,243.4,246.8,287.3,548.3
YOYREL_clean,209.1,75.5,120.8,156.9,242.4,247.4,290.6,562.7
YOYRIP_clean,204.3,75.3,121.9,162.1,240.4,242.8,302.7,565.7
YOYTOX_clean,388.1,157.5,282.4,368.7,465.4,448.8,1335.4,3137.3
YOYTUD_clean,379.4,169.3,297.8,378.8,447.1,462.5,1445.0,3165.0
YOYVAL_clean,381.6,164.6,290.9,372.9,451.6,447.2,1376.2,3143.5
YOYVEP01_clean,379.7,158.3,307.1,360.5,459.8,460.0,1231.1,2930.8
YOYVOZ01_clean,381.7,162.1,299.7,374.2,457.3,445.1,1413.8,3207.7
YOYVOZ_clean,370.3,159.5,283.0,358.6,433.5,431.4,1294.1,2969.3
YOYWEQ01_clean,375.4,151.5,278.0,351.3,436.4,451.4,1133.2,2722.9
YOYWEQ_clean,383.7,154.3,265.6,360.7,458.0,457.1,1151.2,2724.9
YOYYUI_clean,3356.6,1278.6,1911.9,2081.2,2075.1,2260.6,6272.1,11904.2
YOYZET_clean,467.5,167.7,251.9,313.3,508.4,511.4,649.6,1639.0
YOZBEW_clean,417.2,142.6,229.2,320.3,449.1,457.1,772.8,2240.4
YOZBIZ01_clean,858.4,482.2,818.5,893.7,1025.5,1867.1,6437.0,11709.1
YOZBIZ_clean,897.8,498.7,806.4,860.5,1007.1,1851.3,6351.2,10908.1
YOZBOF01_clean,824.7,354.6,654.7,757.0,785.9,941.2,3881.0,8350.4
YOZBOF_SL,631.7,259.9,446.7,577.3,690.7,682.9,1953.6,4604.0
YOZCAS_manual,553.8,232.6,427.9,510.4,638.1,615.2,1715.2,4118.0
YOZCEW_clean,584.0,248.1,431.2,525.4,639.7,619.7,2096.6,5392.0
YOZJEE01_clean,385.8,161.1,296.6,374.8,447.0,446.6,1330.9,3072.0
YOZJEE_clean,386.7,156.7,282.2,363.9,450.1,437.1,1214.9,2930.2
YOZKOP_clean,241.7,85.1,118.6,152.9,263.4,277.4,292.6,514.2
YOZNAE_clean,585.9,287.1,517.0,597.5,641.1,758.4,3176.8,8270.6
YOZQEK_clean,243.7,86.3,126.3,163.3,274.1,291.8,387.4,1170.4
YOZYOD_clean,214.1,84.8,133.1,173.8,251.5,250.9,463.7,1093.1
YOZYUJ_clean,256.7,98.6,163.3,211.4,301.3,286.3,667.7,1801.1
YUBFOR_clean,201.4,69.3,96.5,124.4,221.4,242.2,257.5,557.6
YUBGIN_clean,125.5,43.7,62.9,81.7,144.6,154.3,167.8,359.4
YUBQET_clean,329.1,135.6,256.9,317.3,389.2,386.7,983.6,2027.7
YUBTUM_clean,464.9,163.1,233.7,308.6,511.2,505.3,622.7,1570.1
YUCZOM_clean,167.0,56.9,80.4,105.7,189.4,202.2,221.7,533.0
YUDDEH_clean,253.0,90.9,154.3,197.1,281.4,286.0,593.2,1631.8
YUDFEK_clean,288.3,108.3,175.8,231.2,321.1,313.8,682.6,1755.2
YUDFIO_clean,344.6,125.9,196.6,267.6,390.4,389.9,672.9,1953.2
YUDFOU_clean,342.2,122.6,187.5,247.5,372.4,391.5,629.6,1919.4
YUFLIW_clean,195.3,73.7,126.4,166.4,233.4,231.5,495.3,1344.6
YUFLOC_clean,149.7,53.0,80.4,106.6,176.7,186.8,246.5,682.5
YUGLES_clean,102.4,33.7,43.2,54.7,101.5,118.6,126.8,258.5
YUGZIK_clean,380.7,135.3,222.3,287.3,415.0,423.1,875.8,2718.2
YUHHIU_clean,159.4,56.8,88.0,114.6,189.1,195.9,278.5,776.6
YUJCOX_clean,143.8,56.7,96.3,129.8,179.8,178.0,335.4,702.5
YUJNOH_clean,174.4,65.1,107.1,144.6,210.8,219.2,333.3,718.7
YUKCAJ_clean,242.8,91.2,154.4,210.0,292.2,302.4,488.8,1028.1
YUKKAR_clean,225.6,84.9,141.2,189.5,276.4,278.0,477.4,1107.8
YULNOK_clean,308.0,96.5,137.1,178.1,304.9,331.9,350.4,591.8
YUMFUJ_clean,189.5,76.0,131.6,170.5,225.6,225.5,578.7,1502.0
YUMJAS_clean,209.7,70.7,102.1,132.1,229.0,241.0,280.8,775.0
YUMKAU_clean,216.4,77.8,119.6,157.7,255.0,261.5,391.2,1158.2
YUMYUC_clean,168.5,59.3,73.0,94.0,174.3,198.8,209.9,423.6
YUNJUO_clean,192.1,83.9,131.0,178.4,238.4,236.3,374.1,651.4
YUNKAV_clean,194.7,75.8,131.7,176.4,237.4,266.1,364.4,638.3
YUNXAI_clean,491.2,207.0,351.0,450.8,547.0,549.0,1728.3,4467.4
YUPSIM_clean,262.7,84.8,106.4,128.5,242.8,287.5,311.1,428.3
YURJUR_clean,133.6,46.0,61.1,75.7,138.8,155.2,165.9,405.4
YURKAY_clean,188.5,71.4,112.6,145.1,218.8,225.2,395.3,1158.0
YURKEC_clean,311.0,123.6,197.9,257.2,349.3,353.5,815.1,2139.4
YURKIG_clean,186.3,63.6,93.4,120.7,194.9,204.5,249.2,638.5
YUSGID_clean,280.9,96.7,144.0,186.7,321.3,332.6,378.5,876.8
YUSGOJ_SL,288.3,99.3,130.3,168.7,296.8,323.3,338.9,659.4
YUSWEP_manual,3882.7,1373.6,1773.2,2203.2,2651.4,2716.5,6181.7,20034.6
YUSWEQ_clean,254.4,105.1,186.5,244.5,311.9,311.0,816.0,1961.2
YUSWIU_clean,243.6,104.4,189.4,237.0,296.1,294.4,819.5,1943.2
YUTDUO_clean,173.2,103.8,189.3,208.9,225.6,369.1,1219.3,2097.3
YUTGEZ_clean,119.1,39.3,49.9,61.3,114.1,170.9,146.1,213.6
YUXLEJ_clean,1338.7,471.7,766.6,934.2,1067.5,1139.1,3088.6,8403.8
YUXLIN_clean,1153.0,470.2,720.9,894.1,1094.5,1123.3,2679.8,8185.0
YUXQIS_clean,261.2,97.3,155.3,220.6,309.1,336.1,553.8,1594.9
YUXQOY_clean,198.7,80.4,120.6,162.3,241.0,242.5,446.3,1278.9
YUYBIF_clean,234.2,95.5,170.2,222.5,287.0,287.8,572.4,1132.5
YUYGOQ_clean,273.7,104.6,166.9,220.8,315.6,324.6,540.2,1225.0
YUYLIP_clean,303.3,111.4,174.0,227.6,335.3,338.6,536.1,1193.3
YUYLOV_clean,272.0,95.7,147.2,196.4,302.1,313.6,416.4,953.2
YUZCON_clean,600.9,188.3,247.4,278.1,421.0,487.6,476.3,1128.0
YUZPEQ_clean,936.7,288.0,403.4,451.7,633.7,627.2,850.2,2575.9
YUZPIU_clean,1113.9,355.2,455.7,525.1,782.8,760.6,1105.0,3137.1
YUZPOA_clean,639.5,203.4,246.9,289.0,418.6,446.1,481.8,1378.2
YUZRAO_clean,230.5,80.5,119.6,160.2,266.3,276.2,342.2,854.2
YUZRES_clean,233.1,86.8,121.1,159.1,263.5,273.8,338.7,844.3
YUZXAT_clean,313.5,130.6,228.1,305.1,380.5,389.5,627.2,1113.7
ZABQIC_ion_b,189.2,61.5,81.0,100.8,179.7,197.9,213.8,487.3
ZACHIX_clean,568.6,283.9,510.2,604.2,636.1,765.0,3341.0,8691.1
ZADQUT_clean,227.6,172.0,226.4,223.8,378.6,604.1,1621.9,2805.2
ZADRAA_clean,228.6,173.7,226.0,225.5,371.3,557.9,1482.0,2594.6
ZADREE_clean,224.2,174.2,222.2,224.0,379.8,614.2,1652.2,2931.8
ZADROO_clean,228.4,175.1,226.5,229.2,368.6,580.8,1583.6,2777.2
ZAFXAI_clean,245.2,88.6,140.7,183.3,277.9,284.2,446.8,1066.8
ZAGHAT_clean,184.0,68.8,113.5,150.9,223.0,227.6,340.9,776.1
ZAHLEC_clean,124.3,39.2,48.6,58.4,103.6,120.4,129.1,269.1
ZALDUO_clean,153.8,51.5,73.5,92.1,168.2,184.0,197.8,441.8
ZALGEB_clean,226.9,72.5,93.6,113.2,214.4,252.4,273.4,463.9
ZALREM_clean,198.6,80.5,145.1,186.9,243.1,239.9,591.3,1373.4
ZAQWEW_clean,293.5,103.7,151.2,192.1,304.4,325.5,414.1,1094.8
ZAQZOG_clean,269.6,110.2,196.7,254.9,322.0,318.9,864.8,2106.3
ZARLEL_clean,194.9,64.3,83.8,101.7,184.2,198.2,210.9,528.4
ZARLIP_clean,307.7,110.6,174.3,228.2,343.3,351.7,551.2,1553.2
ZARLOV_clean,604.2,308.7,527.8,574.8,643.8,1116.0,4951.6,12035.7
ZARPUF_clean,129.6,45.5,61.5,81.4,144.1,156.1,172.0,452.2
ZARQAM_clean,214.6,74.7,107.4,140.5,243.8,258.9,310.1,857.2
ZARTAP03_clean,234.2,78.1,107.6,136.9,257.6,285.1,296.3,638.0
ZARVIZ_clean,245.8,88.1,127.9,168.1,266.0,277.6,379.1,1160.4
ZARZAV_clean,288.8,132.6,251.5,321.8,357.0,361.8,864.0,1451.5
ZASJAG_clean,221.2,75.5,97.4,125.0,233.9,261.0,281.0,570.1
ZAVPET_clean,301.6,120.9,207.3,276.1,355.3,354.9,887.5,2173.4
ZAVPIX_clean,223.1,84.7,142.2,192.8,270.6,272.3,517.8,1255.7
ZAVPOD_clean,298.5,118.6,212.9,282.7,357.1,357.2,887.6,2161.7
ZAVPUJ_clean,297.2,126.1,213.0,283.3,358.2,350.7,893.7,2118.6
ZAVQAQ_clean,300.0,120.6,214.3,277.9,356.2,353.1,916.9,2235.2
ZAVQEU_clean,303.9,120.9,215.0,286.6,362.8,364.9,928.9,2233.6
ZAVQIY_clean,299.0,121.0,216.8,278.2,358.0,355.6,920.4,2184.3
ZAVQOE_clean,299.5,123.8,215.0,276.6,356.4,354.4,907.7,2179.5
ZAVQUK_clean,301.3,122.1,217.3,286.0,365.7,356.9,938.5,2202.0
ZAVRAR_clean,300.9,122.8,215.9,282.9,362.2,356.0,937.1,2226.8
ZAVREV_clean,303.0,122.8,216.5,282.1,357.6,359.9,953.8,2275.3
ZAVRIZ_clean,300.8,123.0,223.7,285.2,357.5,362.5,915.1,2206.3
ZAXQOG_clean,160.6,63.0,106.0,139.1,191.0,193.5,395.6,903.9
ZAXTAV_clean,358.0,194.3,330.5,339.7,405.2,656.2,1765.8,2664.5
ZAYJUG_clean,365.9,116.3,162.2,204.1,360.7,404.4,438.3,1113.8
ZAZBUZ_clean,153.0,54.7,84.7,112.4,184.3,189.8,246.9,592.2
ZEBMAW_clean,265.0,96.0,163.0,216.1,302.8,312.0,612.1,1560.4
ZEBMEA_clean,317.9,116.2,199.0,262.9,367.2,367.5,770.9,1855.4
ZECKID_clean,132.7,42.9,54.7,67.7,127.5,152.8,170.0,300.4
ZECKOJ_clean,171.9,58.2,80.3,103.4,187.5,206.5,225.4,607.2
ZEDLOL_clean,259.6,92.3,148.2,192.0,300.3,308.2,393.1,829.2
ZEDQEG_clean,161.4,59.2,97.3,125.1,189.8,192.4,327.9,883.6
ZEDROR_clean,313.9,123.1,212.0,277.7,369.6,356.8,799.8,1651.9
ZEDZAL01_clean,237.5,98.5,172.3,221.9,277.9,274.8,725.8,1616.2
ZEDZAL_clean,253.8,101.4,179.8,238.3,293.7,286.1,749.6,1670.9
ZEKRIS_clean,183.2,74.3,137.7,174.7,225.0,224.5,477.3,946.0
ZELQAK_clean,447.2,212.9,376.9,460.7,492.2,525.9,2503.7,7220.5
ZELROZ_manual,76.6,25.0,30.3,37.1,68.8,84.0,95.2,151.6
ZERQOE_clean,394.1,213.0,402.5,461.3,469.9,558.9,1352.4,1867.5
ZETLER_clean,307.2,110.3,176.0,228.6,357.6,355.9,546.2,1271.4
ZEVXAB_clean,898.0,312.9,507.5,633.9,724.1,806.3,2095.4,6056.1
ZEVYAC_clean,378.8,301.5,371.0,379.9,741.5,1224.3,3528.1,6043.6
ZEXKUK_clean,286.5,113.3,198.4,262.6,346.0,346.8,790.6,1716.4
ZEXSOM_clean,365.1,125.8,211.4,263.6,330.7,326.0,865.4,2184.9
ZEZFIV_clean,228.0,81.3,112.6,145.3,227.4,234.2,332.4,1015.8
ZEZPAX_clean,198.5,72.7,119.6,158.0,237.1,238.8,402.4,944.4
ZEZPIF_clean,217.1,79.8,136.9,183.5,251.3,251.8,528.3,1214.3
ZEZPUR_clean,193.4,69.1,109.3,146.2,228.2,233.8,353.4,862.0
ZEZQAY_clean,188.4,69.5,111.6,146.7,227.8,229.8,358.9,879.7
ZEZQEC_clean,188.7,68.5,112.2,147.7,228.5,232.3,357.0,899.3
ZEZQIG_clean,198.8,69.6,110.3,146.0,238.0,239.5,354.2,874.8
ZICCIZ_clean,229.5,84.5,132.0,175.9,261.6,266.7,492.8,1567.8
ZIDBEV_clean,177.5,58.8,74.3,94.2,175.1,203.9,219.3,428.3
ZIDNEH_clean,720.2,294.8,491.0,605.4,668.7,695.3,2387.3,5737.2
ZIDVAL_clean,466.6,229.6,436.3,522.8,563.1,584.8,1532.9,2454.2
ZIGFIG_clean,616.5,297.8,542.5,618.1,647.7,808.1,3322.5,8408.4
ZIHFUR01_clean,324.4,124.0,190.6,257.5,399.9,395.4,599.7,1445.9
ZIHFUR_clean,319.4,122.1,189.0,256.1,386.9,394.5,587.3,1409.1
ZIHTEP_clean,225.7,71.6,87.2,102.7,188.6,240.8,274.0,289.6
ZIJSAO_clean,322.1,106.1,122.2,140.3,225.8,256.0,255.3,549.7
ZIJVOF01_clean,185.5,75.4,129.6,169.9,226.3,227.5,427.9,857.6
ZIKJIO_clean,169.7,62.0,95.5,128.3,200.2,207.8,324.2,918.7
ZIKJOU_clean,180.0,66.1,109.2,142.8,214.3,217.3,378.0,950.9
ZILBAZ_clean,314.8,114.9,181.8,244.8,369.7,377.6,569.7,1413.2
ZILBED_clean,246.7,88.1,129.5,169.3,275.9,287.1,378.6,1031.4
ZILBIH_clean,403.8,169.4,300.3,388.9,460.4,461.3,1536.4,3971.0
ZILBUT_clean,127.7,37.5,49.5,59.6,112.0,129.8,139.7,278.1
ZILFOR_manual,287.7,111.0,185.2,239.4,308.5,308.2,858.4,2579.9
ZIMLAK_clean,164.3,56.7,83.0,114.0,181.4,189.2,244.6,722.2
ZIMLEO_clean,165.2,57.1,83.2,108.4,184.5,194.5,240.3,729.5
ZIMLIS_clean,176.1,56.2,82.1,106.8,180.3,189.8,237.2,721.7
ZIMTAS_clean,185.8,62.9,96.9,130.2,203.8,210.3,306.0,952.6
ZINDAD_clean,420.8,183.8,324.8,423.7,478.7,511.8,1774.5,5006.4
ZIQJEQ_clean,244.1,79.5,103.0,128.6,221.1,250.9,268.0,637.9
ZIQVAY_clean,323.1,144.2,278.0,325.2,354.5,377.3,1120.3,2181.7
ZISFEO01_clean,168.7,65.5,110.4,146.6,204.6,204.4,354.8,674.3
ZISFEO_clean,140.7,51.4,82.3,111.2,172.7,173.9,247.7,517.4
ZISNEW_clean,201.7,74.1,124.0,159.5,206.4,207.0,375.7,941.0
ZISXEG_clean,965.4,962.7,1160.2,1963.3,4918.3,6229.5,9429.3,10444.7
ZISYAD_clean,260.2,111.5,204.5,264.0,318.4,316.6,741.4,1353.1
ZITRUP_clean,102.8,34.4,47.5,61.4,112.4,126.1,135.9,338.5
ZIVCOY_clean,149.2,44.9,52.6,60.6,97.1,112.1,121.7,212.1
ZIWLUO_clean,519.5,212.4,370.9,469.7,530.9,538.2,1817.6,4131.3
ZIZTEJ_clean,352.6,133.3,217.1,289.7,399.5,398.0,885.4,2253.8
ZODXAT_clean,1527.9,491.1,634.5,747.9,1010.7,960.2,1705.1,4482.3
ZOFZIF_clean,206.2,76.8,126.9,169.6,237.1,241.1,522.6,1550.1
ZOFZOL_clean,176.0,65.2,101.8,135.8,209.6,213.0,354.8,1044.2
ZOFZUR_clean,423.5,139.1,193.9,242.9,361.8,362.5,511.7,1486.9
ZOGBAA_clean,158.3,57.1,107.8,134.9,161.7,165.1,614.8,1735.7
ZOHFUZ_clean,610.5,302.0,557.4,635.0,664.1,869.9,3920.1,10400.6
ZOKGAJ_clean,629.6,216.5,316.2,431.6,608.5,599.4,869.4,2020.2
ZOMNEW_clean,239.2,90.6,152.9,200.4,292.5,289.7,536.8,1248.4
ZOMNIA_clean,243.7,95.6,157.1,204.0,302.3,300.0,512.8,1287.9
ZOMNUM_clean,279.2,111.5,194.8,259.6,345.1,345.3,768.1,1782.8
ZOQSUV_clean,293.7,97.4,133.4,169.2,268.6,258.4,385.3,946.0
ZOQTAC_clean,303.7,99.1,142.4,185.2,265.5,275.9,414.5,966.3
ZOQTIK_clean,335.3,113.8,166.2,220.1,296.5,319.9,512.9,1166.0
ZOTKAW_clean,323.8,110.4,147.6,192.2,328.7,371.6,377.7,699.9
ZOXFEZ_clean,172.2,68.9,107.1,144.8,198.9,195.5,415.4,1044.4
ZOXGOK_clean,265.4,94.8,139.5,184.6,308.8,317.6,402.4,1069.5
ZOXNAD_clean,328.0,235.8,371.7,364.5,622.0,1151.4,3123.9,4847.3
ZOXNEH_clean,143.9,66.3,126.7,155.1,180.6,185.5,660.0,1523.0
ZOZCIC_clean,299.1,108.6,168.0,231.1,350.0,362.6,455.0,929.9
ZOZHON_clean,640.5,236.9,333.8,413.0,507.1,517.1,1139.5,2539.3
ZOZKAC_clean,255.6,106.1,194.3,250.2,303.9,300.4,834.4,1598.4
ZOZKEG_clean,437.0,181.0,315.9,400.7,462.3,477.5,1039.4,2261.1
ZOZPUB_clean,275.2,92.6,127.8,162.3,287.3,310.7,340.9,783.0
ZUBFIN_clean,1437.4,581.3,893.8,1064.9,1159.1,1403.0,5014.1,10268.5
ZUDQUM_clean,201.8,76.5,127.0,170.6,238.1,241.9,441.0,1021.0
ZUDRAT_clean,284.3,109.8,186.8,245.6,328.9,332.8,772.7,1939.7
ZUDXAZ_clean,234.9,85.6,154.0,195.1,273.9,272.5,511.3,1118.9
ZUGDEM_clean,177.0,63.7,98.1,130.6,206.7,218.2,322.3,956.3
ZUKNAW_clean,158.1,49.2,59.8,67.1,111.5,133.5,151.1,220.0
ZULNAX_clean,1201.0,406.7,609.7,753.7,802.7,787.8,2575.4,5153.1
ZUNZIT_clean,195.6,75.8,129.1,174.0,241.3,242.0,392.2,804.8
ZUPBET_clean,186.6,72.0,120.0,160.6,233.1,233.4,370.2,749.8
ZUQBUK_clean,344.9,154.2,287.4,332.4,352.3,485.4,2123.1,4897.8
ZUQMAB_clean,310.9,118.7,185.6,242.9,344.9,351.4,617.9,1466.5
ZURQOS_clean,169.3,62.4,96.7,127.6,203.5,211.5,276.9,643.8
ZURROT_clean,216.9,76.8,110.2,149.3,246.9,258.3,317.2,789.7
ZUSBIA_clean,198.9,83.8,150.8,195.6,257.3,248.3,640.0,1307.9
ZUSBOG_clean,136.2,50.4,82.5,109.0,166.7,170.8,252.8,524.5
ZUSNOS_clean,822.8,318.0,502.9,586.9,633.6,798.3,3432.5,8189.1
ZUTBIB_clean,199.4,183.7,244.3,245.6,592.4,1000.4,2420.7,3572.1
ZUTBUN_clean,354.9,370.0,407.0,467.2,1821.7,2996.6,6163.2,7894.6
ZUWXUM_clean,240.7,106.4,192.5,241.3,284.1,287.0,1113.4,2955.0
ZUXPOZ_clean,149.0,53.5,76.0,101.9,171.7,183.4,207.0,468.0
ZUZZEB_clean,353.4,106.4,122.8,131.2,216.2,247.2,270.0,436.6
ac403674p_si_001_clean,294.2,91.2,114.9,141.0,262.6,313.2,335.5,567.6
acs.cgd.5b01554_VAGNUP1452791_clean,310.2,90.5,129.6,177.6,282.5,297.0,381.0,1044.5
acs.cgd.5b01686_WAHFUJ1434675_clean,375.8,139.6,236.2,309.5,435.6,431.8,848.0,1971.1
acs.cgd.6b00463_OLOMUZ1451936_clean,800.6,280.9,397.5,493.2,678.4,702.0,1279.3,3903.9
acs.chemmater.5b03723_cm5b03723_si_004_clean,753.9,221.1,344.9,387.2,466.7,456.8,602.0,1213.9
acs.chemmater.5b03723_cm5b03723_si_005_clean,396.6,119.5,157.3,178.0,264.1,295.2,313.0,660.5
acs.chemmater.6b02817_cm6b02817_si_004_clean,353.9,141.5,250.5,321.1,377.1,383.3,1376.0,3767.1
acs.chemrev.6b00346_cr6b00346_si_001_clean,180.3,64.5,105.2,135.9,199.8,204.6,399.8,1153.1
acs.inorgchem.5b02108_ic5b02108_si_002_clean,165.1,57.7,104.5,138.4,169.3,172.8,519.7,1179.5
acs.inorgchem.5b02316_ic5b02316_si_002_clean,419.3,412.2,451.2,587.7,1860.0,2681.4,7235.6,12509.7
acs.inorgchem.5b02378_ic5b02378_si_002_clean,588.5,480.6,645.0,653.9,1617.8,2540.8,5738.3,7604.4
acs.inorgchem.5b02973_ic5b02973_si_002_clean,272.2,106.4,185.1,259.8,307.1,305.8,569.7,1191.1
acs.inorgchem.6b00081_ic6b00081_si_001_clean,646.3,187.3,245.6,304.3,517.8,544.5,599.8,1316.9
acs.inorgchem.6b00136_ic6b00136_si_002_clean,385.8,170.6,323.6,377.7,412.3,530.4,1918.2,4386.8
acs.inorgchem.6b00276_ic6b00276_si_006_clean,3454.2,1336.3,2162.2,2261.3,2409.3,3386.8,12604.4,30356.3
acs.inorgchem.6b00433_ic6b00433_si_002_clean,352.0,123.6,206.1,278.5,404.2,401.1,724.0,1720.1
acs.inorgchem.6b00894_ic6b00894_si_002_clean,526.4,234.7,438.0,521.1,568.0,624.4,2270.3,4396.4
acs.inorgchem.6b01211_ic6b01211_si_002_clean,254.1,85.0,135.4,165.5,243.0,253.8,412.9,1091.5
acs.inorgchem.6b01416_ic6b01416_si_004_clean,314.0,99.0,162.7,210.4,270.4,300.1,537.3,1072.1
acs.inorgchem.6b01569_ic6b01569_si_002_clean,394.3,124.1,160.6,196.6,367.6,420.9,433.8,821.7
acs.inorgchem.6b01740_ic6b01740_si_002_clean,762.4,233.9,277.5,338.3,480.3,534.7,604.1,1791.6
acs.inorgchem.6b01762_ic6b01762_si_002_clean,316.2,96.9,118.0,133.0,227.3,264.3,291.2,507.0
acs.inorgchem.6b02407_ic6b02407_si_002_clean,176.8,70.8,123.7,162.1,204.3,201.7,582.2,1318.8
acs.inorgchem.6b02407_ic6b02407_si_003_clean,335.2,175.9,323.5,359.3,380.3,514.9,2101.0,4100.6
acs.inorgchem.6b02413_ic6b02413_si_002_clean,699.1,281.3,492.3,609.8,730.8,713.7,2726.0,8032.4
acs.inorgchem.6b02514_ic6b02514_si_002_clean,254.7,75.3,122.9,141.6,246.8,269.5,298.2,750.9
acs.inorgchem.6b02696_ic6b02696_si_002_clean,2771.5,908.5,1238.0,1463.6,1691.1,1745.4,5049.9,12642.5
acs.jpcc.6b08594_UiO66_Ce2Zr4_opt_clean,212.3,67.2,104.9,135.6,214.6,219.0,284.7,679.1
acs.jpcc.6b08594_Zn2Cd6MOF5_opt_clean,193.9,61.9,82.8,102.9,182.3,208.0,222.5,557.8
acscombsci.5b00188_24205_clean,186.5,77.2,148.5,184.1,213.5,217.8,665.3,1240.0
acscombsci.5b00188_3001288_clean,92.1,25.4,30.7,35.2,64.2,81.5,98.4,124.6
acscombsci.5b00188_34903_clean,190.4,131.8,214.2,222.0,297.2,532.8,1518.8,2305.3
acscombsci.5b00188_5013797_clean,205.6,63.3,89.8,116.2,203.8,219.0,251.4,710.5
acscombsci.5b00188_5020072_clean,120.3,38.2,50.8,65.5,119.7,138.5,145.8,342.4
acscombsci.5b00188_5024922_clean,97.2,30.9,40.6,50.1,94.3,110.7,119.5,249.9
acscombsci.5b00188_5036495_clean,61.1,18.6,21.4,25.1,45.7,59.8,73.4,87.9
acscombsci.5b00188_5040209_clean,132.8,46.9,77.9,103.8,150.6,155.6,223.0,467.3
acscombsci.5b00188_8372_clean,141.7,47.4,72.3,98.6,158.0,164.4,234.7,686.8
am301365h_si_002_clean,266.9,84.9,115.9,147.2,263.9,286.0,315.4,763.3
c4ce00408f_c4ce00408f2_clean,760.9,396.9,666.1,756.0,845.4,1107.2,4326.8,10306.0
c4dt02048k_c4dt02048k2_clean,320.6,94.8,131.9,164.7,301.0,316.9,336.4,672.5
c4dt03702b_c4dt03702b2_clean,172.5,50.2,70.9,91.8,158.4,173.6,205.0,567.4
c5cc04223b_c5cc04223b2_clean,160.7,52.2,73.5,94.7,171.7,188.8,209.3,559.6
c5cc09432a_c5cc09432a2_clean,381.0,136.2,220.1,302.3,395.0,399.7,801.4,1947.7
c5cc09935h_c5cc09935h2_clean,257.0,89.0,148.8,195.7,278.4,279.6,584.0,1782.3
c5cc10203k_c5cc10203k2_clean,251.6,87.3,134.3,176.3,268.2,272.4,471.4,1482.3
c5ce00862j_c5ce00862j2_clean,300.2,108.1,184.2,241.5,338.1,343.8,665.1,1620.1
c5ce00931f_c5ce00931f2_clean,228.2,92.8,168.6,216.1,265.3,265.5,748.7,1537.7
c5ce01790d_c5ce01790d1_clean,488.4,182.5,302.9,395.3,512.1,515.9,953.4,1752.4
c5ce01948f_c5ce01948f2_clean,309.9,92.1,119.5,150.8,281.5,316.7,338.0,415.8
c5ce02194d_c5ce02194d2_clean,493.2,145.4,226.1,264.8,391.7,385.3,607.5,1367.6
c5ce02503f_c5ce02503f2_clean,771.4,782.7,1580.1,2442.6,5242.1,6526.9,11112.1,15746.8
c5cp03920g_c5cp03920g2_clean,179.6,58.0,84.3,110.8,194.5,207.2,225.8,470.0
c5dt01100k_c5dt01100k2_clean,318.0,107.3,171.1,226.8,351.9,353.6,613.5,1866.1
c5dt02651b_c5dt02651b2_clean,318.9,104.4,131.4,165.3,309.6,341.0,374.7,808.1
c5dt03038b_c5dt03038b2_clean,188.8,68.6,124.1,161.0,199.8,201.4,551.0,1259.8
c5dt03091a_c5dt03091a2_clean,373.8,110.3,119.2,131.6,200.0,249.1,258.3,429.7
c5dt04943a_c5dt04943a2_clean,214.9,75.2,113.6,148.2,216.8,217.0,377.3,1087.9
c5dt05023e_c5dt05023e2_clean,343.5,138.5,247.8,315.2,372.3,375.1,908.5,1827.2
c5gc02393a_c5gc02393a2_clean,290.8,102.0,168.9,217.4,314.2,322.5,544.7,1236.4
c5nj01930c_c5nj01930c2_clean,294.4,109.4,183.3,245.1,332.9,321.0,627.7,1278.1
c5nj02236c_c5nj02236c2_clean,349.4,134.5,250.2,317.9,341.6,378.5,1229.2,2297.8
c5nj02634b_c5nj02634b2_clean,499.7,210.4,379.9,483.2,567.8,580.0,2044.2,4785.4
c5nj03044g_c5nj03044g2_clean,464.4,192.6,370.8,438.7,450.9,537.5,2058.5,4115.9
c5qi00128e_c5qi00128e2_clean,346.8,149.5,287.6,335.8,354.8,439.5,1969.4,4292.3
c5sc00614g_c5sc00614g2_clean,565.7,321.2,523.1,569.7,667.4,1208.6,4439.4,8283.6
c5sc03494a_c5sc03494a2_clean,253.7,106.2,189.0,240.0,281.6,282.8,1086.0,2901.0
c5ta03835a_c5ta03835a2_clean,336.3,116.6,182.1,244.0,365.4,372.9,666.4,1894.3
c5ta04989j_c5ta04989j2_clean,234.2,84.8,147.8,193.7,266.7,264.4,571.4,1388.1
c5ta05481h_c5ta05481h2_clean,493.4,307.8,449.5,472.8,619.9,1019.9,3078.2,5755.7
c5ta09507g_c5ta09507g2_clean,2482.9,906.4,1364.5,1539.6,1531.1,2012.4,6999.7,10886.9
c6cc00589f_c6cc00589f2_clean,258.7,84.6,116.2,147.6,260.4,279.7,315.2,823.4
c6cc00589f_c6cc00589f3_clean,102.3,29.1,33.9,40.1,74.7,92.5,108.3,146.3
c6cc00862c_c6cc00862c2_clean,301.1,111.2,194.3,251.4,340.2,339.2,806.8,2192.2
c6cc01597b_c6cc01597b2_clean,223.4,111.8,204.2,222.4,234.3,333.8,887.0,1655.4
c6cc02494g_c6cc02494g1_clean,288.4,104.2,162.7,212.2,316.1,319.2,611.6,1816.1
c6cc02494g_c6cc02494g3_clean,287.9,109.4,166.0,224.4,329.4,322.0,677.2,1955.1
c6cc02494g_c6cc02494g4_clean,291.1,104.2,165.5,223.0,316.7,325.4,666.5,1973.9
c6cc02494g_c6cc02494g5_clean,253.0,90.6,149.0,196.6,285.3,291.6,583.9,1775.6
c6cc02494g_c6cc02494g6_clean,288.9,101.2,162.4,217.4,315.8,322.2,609.9,1800.9
c6cc03787a_c6cc03787a2_clean,496.4,140.7,183.8,196.3,324.8,339.6,422.5,802.6
c6ce00126b_c6ce00126b2_clean,271.2,110.5,208.3,254.1,281.6,291.0,803.7,1373.7
c6ce00141f_c6ce00141f2_clean,521.9,177.0,280.6,381.9,484.9,499.6,1113.5,3241.5
c6ce00407e_c6ce00407e1_clean,192.7,66.0,105.3,133.2,215.0,219.1,326.2,952.7
c6ce00407e_c6ce00407e2_clean,207.7,69.1,104.7,137.1,223.8,232.6,309.7,898.5
c6ce00407e_c6ce00407e3_clean,140.9,49.5,78.7,107.4,161.2,164.5,234.6,610.7
c6ce00407e_c6ce00407e4_clean,778.7,278.1,390.3,428.6,599.9,599.8,1340.7,4161.9
c6ce00407e_c6ce00407e7_clean,469.1,134.4,181.6,215.0,307.1,345.1,367.1,979.7
c6ce00407e_c6ce00407e8_clean,150.3,51.6,81.4,107.6,170.3,175.5,275.8,783.9
c6ce00407e_c6ce00407e9_clean,86.4,26.7,32.6,39.6,75.7,94.3,106.6,163.8
c6ce00465b_c6ce00465b2_clean,130.3,39.8,65.1,85.2,127.5,129.1,243.4,711.5
c6dt03852b_c6dt03852b2_clean,123.3,37.2,53.8,69.6,118.6,127.0,152.1,419.6
c6dt04165e_c6dt04165e2_clean,225.3,69.6,92.5,112.9,197.7,215.8,229.6,560.8
c6ta00429f_c6ta00429f2_clean,1574.5,505.4,702.9,861.6,1068.7,1102.0,2432.0,6693.7
c6ta07145g_c6ta07145g2_clean,1148.9,435.2,776.1,899.8,988.7,1017.0,3898.0,8027.1
cg034025wsi20030214_115651_clean,240.1,81.1,128.8,171.0,265.4,271.3,391.9,899.8
cg050585esi20051105_115011_clean,293.0,125.2,236.9,289.4,333.2,332.4,533.3,855.2
cg060732osi20070605_042406_clean,157.5,56.1,91.9,121.6,176.9,179.9,350.1,937.1
cg100357q_si_002_clean,483.5,199.8,352.7,441.6,492.0,499.5,1072.9,1755.0
cg200332y_si_002_clean,152.1,63.1,119.8,153.3,184.2,183.3,681.5,1641.5
cg200606r_si_001_clean,173.7,70.4,133.5,163.6,189.2,189.5,586.4,994.0
cg2007167_si_002_clean,404.5,134.5,190.3,244.6,424.7,436.8,520.9,1437.8
cg3002866_si_001_clean,706.7,279.4,493.7,613.5,703.6,726.2,3000.7,8855.2
cg300302n_si_004_clean,213.6,62.9,73.7,84.7,154.0,198.9,235.8,237.5
cg300827e_si_003_clean,827.0,372.3,688.5,811.0,866.1,1044.8,4523.8,10516.4
cg300979c_si_002_clean,392.5,123.3,174.0,211.8,368.8,400.8,440.2,1005.7
cg3015354_si_002_clean,321.2,102.5,152.1,202.3,324.3,327.3,448.5,1204.4
cg301577a_si_002_clean,196.3,61.2,91.0,119.4,180.3,186.0,258.6,699.0
cg301725z_si_004_clean,199.3,71.4,124.3,163.0,205.5,209.3,533.2,1205.6
cg400449c_si_001_clean,244.9,78.3,117.8,155.5,226.2,229.2,416.6,1195.2
cg401858s_si_002_clean,278.1,97.3,147.5,191.5,302.8,313.7,435.1,1058.7
cg401887b_si_003_clean,235.9,86.7,143.6,193.4,270.9,274.4,598.2,1735.0
cg401887b_si_004_clean,237.3,87.9,142.7,188.6,272.7,271.2,556.7,1651.5
cg500033b_si_002_clean,448.9,180.5,321.1,417.8,508.5,500.1,1344.0,3031.2
cg500033b_si_003_clean,442.8,202.6,374.1,460.2,510.5,520.3,1493.7,2656.3
cg500091k_si_002_clean,239.2,80.8,122.3,162.8,260.1,265.0,378.1,1054.1
cg500121f_si_004_clean,197.2,70.1,117.5,154.4,223.2,227.1,341.9,637.9
cg500149s_si_002_clean,386.8,125.1,171.6,217.4,385.6,422.7,439.8,692.3
cg500192d_si_002_clean,361.5,152.5,278.7,344.4,381.1,401.8,1468.4,3063.8
cg500192d_si_003_clean,156.7,50.6,69.8,89.4,160.4,177.3,192.6,505.8
cg501012e_si_002_clean,257.3,92.9,146.9,199.1,290.7,289.5,541.1,1216.7
cg5010616_si_003_clean,231.4,87.8,156.2,207.9,262.9,262.4,613.3,1218.1
cg5010616_si_007_clean,221.0,85.1,151.3,199.9,257.9,256.7,580.7,1144.3
cg501141m_si_002_clean,515.0,210.0,394.2,484.8,550.5,568.0,1902.7,4477.1
cg501141m_si_003_clean,387.6,163.3,305.9,377.3,432.6,440.7,1433.3,2973.9
cg501231v_si_001_clean,981.9,300.8,408.9,487.1,703.9,711.3,971.8,2620.2
cg5012617_si_002_clean,499.7,146.1,192.1,233.8,389.4,447.0,458.2,714.8
cg501279y_si_002_clean,339.3,128.6,227.3,298.8,380.0,374.1,729.9,1313.4
cg501332u_si_002_clean,300.6,88.3,115.8,141.2,267.5,301.6,322.4,480.7
cg501560z_si_002_clean,316.5,108.8,165.2,216.1,341.2,351.6,551.3,1672.7
cg501560z_si_003_clean,95.7,29.4,34.5,39.8,71.0,92.4,110.9,134.5
cg501730q_si_002_clean,273.2,99.1,160.6,212.6,310.1,304.7,621.1,1607.2
cg800424t_si_002_clean,292.3,95.5,143.9,190.5,315.3,326.7,424.4,1196.1
cg8013317_si_003_clean,347.3,136.9,246.3,329.5,400.1,392.7,998.4,2113.1
cg900153m_si_001_clean,445.7,154.2,233.8,310.8,460.3,439.4,855.9,2597.3
cg901114e_si_002_clean,231.9,73.5,110.2,138.0,241.1,257.1,277.2,543.9
cg901128k_si_004_clean,354.3,110.5,149.7,189.6,342.5,383.7,394.1,613.5
cg901312t_si_002_clean,1602.2,513.4,667.6,797.2,1079.7,1110.5,1792.2,4884.9
cm071462f-file004_clean,168.3,60.2,100.1,130.2,184.3,187.1,366.5,878.0
cm1008587_si_003_clean,176.4,60.0,96.2,129.1,204.3,205.5,294.9,675.2
cm202876r_si_002_clean,355.7,182.4,340.0,396.1,416.0,526.1,1653.6,2682.9
cm301726k_si_004_clean,248.3,87.1,139.4,186.8,278.3,280.2,412.7,890.3
cm303749m_si_001_clean,129.0,36.4,54.9,68.5,120.3,129.4,149.9,401.1
cm303749m_si_002_clean,122.9,36.9,48.0,61.3,113.4,129.7,140.6,274.7
cm500700z_si_002_clean,277.2,108.1,191.5,247.9,313.9,311.6,881.8,2231.1
cm500700z_si_003_clean,842.9,291.6,484.9,596.1,696.9,690.0,2369.0,5928.0
cm501138g_si_002_clean,160.1,54.5,83.8,113.0,175.2,180.0,233.5,596.8
cm501138g_si_005_clean,159.7,54.7,84.7,111.8,176.4,180.1,239.8,628.8
cm501138g_si_006_clean,158.9,54.8,84.1,110.7,175.0,184.6,236.8,604.0
cm501138g_si_008_clean,157.9,56.5,84.2,111.8,174.6,179.4,236.9,610.3
cm501138g_si_009_clean,165.2,54.7,83.8,110.4,174.2,178.8,231.4,609.0
cm501138g_si_010_clean,159.7,55.8,84.1,110.9,175.7,180.8,231.8,605.0
cm501138g_si_011_clean,157.8,54.7,82.4,110.9,175.3,180.9,234.1,615.1
cm501138g_si_012_clean,158.3,54.2,82.9,110.5,176.7,182.9,236.0,607.1
cm503311x_F-mil-53-Al-lp-mono_clean,265.8,104.7,191.3,246.2,305.2,304.7,921.2,2321.1
cm503311x_F-mil-53-Al-lp-ortho_clean,232.0,88.8,172.6,209.5,247.3,249.9,772.7,1891.6
cm503311x_OH-mil-53-Al-lp-ortho_clean,244.6,90.1,158.5,206.7,263.7,258.4,749.2,1836.8
cm503311x_alf100K_clean,174.8,63.0,108.0,142.1,205.8,204.4,419.9,1094.1
cm503311x_alf11K_clean,172.8,61.7,103.5,138.5,199.9,203.9,405.0,1063.3
cm503311x_alf125K_clean,174.9,65.3,103.8,140.2,202.8,205.5,405.9,1073.4
cm503311x_alf150K_clean,172.4,62.9,104.1,139.2,203.9,205.6,410.6,1090.1
cm503311x_alf175K_clean,156.3,50.8,90.7,114.6,163.0,166.4,337.0,876.5
cm503311x_alf200K_clean,153.0,50.7,86.0,113.0,163.1,168.9,342.8,895.0
cm503311x_alf225K_clean,155.0,50.6,85.6,113.9,164.7,166.9,339.0,880.3
cm503311x_alf250K_clean,155.4,50.8,85.9,114.2,166.4,166.2,337.0,889.3
cm503311x_alf275K_clean,154.9,50.6,87.6,114.1,162.6,163.7,338.3,884.0
cm503311x_alf290K_clean,155.4,50.7,85.5,116.8,163.1,170.6,340.4,894.6
cm503311x_alf300K_clean,154.1,50.3,90.8,114.6,163.9,165.3,341.5,902.6
cm503311x_alf325K_clean,153.0,52.8,86.1,113.0,165.6,164.9,333.9,867.9
cm503311x_alf350K_clean,154.5,50.2,85.0,113.6,162.8,167.3,326.2,854.6
cm503311x_alf375K_clean,154.5,50.3,85.3,113.1,165.2,167.5,326.7,839.7
cm503311x_alf400K_clean,152.8,50.5,84.9,112.7,166.6,164.6,332.6,857.9
cm503311x_alf40K_clean,172.0,62.6,104.0,138.5,202.8,203.6,406.4,1070.8
cm503311x_alf425K_clean,153.9,50.1,85.6,114.8,162.4,164.0,330.4,868.2
cm503311x_alf475K_clean,155.0,50.6,84.6,115.3,163.6,166.3,342.9,867.3
cm503311x_alf500K_clean,154.5,50.5,85.6,113.5,162.8,166.9,324.5,830.0
cm503311x_alf70K_clean,172.4,62.2,104.3,138.9,200.7,201.4,404.8,1076.1
cm503311x_aloh150K_clean,154.7,50.7,85.6,117.9,164.7,165.0,342.7,895.2
cm503311x_aloh175K_clean,155.9,54.9,86.2,114.1,164.8,166.5,342.1,913.7
cm503311x_aloh200K_clean,153.4,51.8,86.4,115.1,164.5,168.4,348.6,913.6
cm503311x_aloh225K_clean,155.6,51.8,85.8,114.8,164.7,168.4,344.4,914.4
cm503311x_aloh250K_clean,156.9,50.8,85.4,118.5,163.2,168.4,345.2,909.8
cm503311x_aloh275K_clean,153.1,50.7,85.8,116.3,165.6,167.4,351.7,911.4
cm503311x_aloh300K_clean,155.3,50.7,84.6,113.1,163.1,165.2,341.3,909.6
cm503311x_aloh325K_clean,155.3,51.6,85.6,114.8,162.4,165.9,343.5,893.4
cm503311x_aloh350K_clean,153.2,50.7,88.1,115.0,163.4,166.1,345.9,901.4
cm503311x_aloh375K_clean,153.5,51.4,86.1,114.1,163.3,168.0,347.8,907.9
cm503311x_aloh400K_clean,153.5,50.9,86.2,114.3,163.4,167.1,347.4,910.4
cm503311x_aloh425K_clean,153.7,52.2,86.8,116.7,164.7,167.1,349.7,920.0
cm503311x_aloh450K_clean,154.4,51.6,86.4,114.0,163.7,167.4,348.6,931.1
cm503311x_aloh475K_clean,153.0,52.6,85.8,118.8,164.4,166.1,346.0,918.0
cm503311x_aloh500K_clean,154.7,50.9,87.3,117.1,169.0,167.5,348.1,944.5
cm504350q_si_002_clean,1200.5,531.4,912.9,1077.2,1167.1,1281.0,5031.2,10687.4
cm901983a_si_001_clean,2592.1,1149.3,1604.8,1737.5,1719.2,1940.9,5397.3,11806.6
comp2_clean,501.7,182.7,300.0,390.0,534.7,541.3,1038.2,2371.6
ic025743v_s1_clean,142.1,45.3,61.1,77.7,140.3,161.6,178.2,353.7
ic034943jsi20030807_040506_clean,530.5,220.1,406.1,509.4,607.5,615.9,1519.0,2868.0
ic050064gsi20050115_040515_clean,192.0,70.1,113.8,150.4,228.0,229.3,400.1,1057.2
ic051810ksi20060220_094504_clean,216.2,83.1,139.2,185.7,253.8,255.4,556.3,1467.9
ic0520162si20051122_054836_clean,598.3,231.7,382.8,522.1,701.8,690.7,1338.1,3136.8
ic060030osi20060309_091447_clean,204.9,69.6,101.1,130.7,221.8,234.3,269.6,648.2
ic060608urom20060410_101638_clean,263.6,119.6,229.5,282.3,320.4,328.6,951.3,1654.6
ic060771psi20060614_113937_clean,113.7,40.9,65.5,87.8,136.4,143.2,197.9,439.4
ic062019u-file003_clean,432.3,151.9,252.0,342.7,448.0,435.9,934.1,2091.6
ic070274o-file006_clean,261.7,89.9,135.9,177.3,287.9,297.5,403.9,1157.9
ic100188w_si_002_clean,305.8,113.4,190.7,248.6,360.1,365.5,517.0,984.9
ic1010083_si_002_clean,1117.6,589.0,1004.3,1108.5,1169.6,1906.3,6936.1,12926.4
ic101789u_si_002_clean,153.9,56.1,92.4,122.3,179.0,182.3,335.5,839.0
ic101935f_si_002_auto,368.6,138.7,226.8,293.2,406.0,407.1,935.9,2943.7
ic102347b_si_001_clean,217.2,82.6,142.3,182.7,261.3,261.5,533.7,1456.4
ic200054b_si_002_clean,297.9,171.8,306.0,330.7,354.8,532.5,1479.2,2426.1
ic2017598_si_001_clean_h,109.8,35.2,44.9,54.6,103.3,135.2,135.1,244.5
ic202626c_si_002_clean,304.5,114.7,189.6,252.1,363.3,372.8,669.0,1562.2
ic202769e_si_002_clean,299.7,110.2,180.6,240.4,364.7,351.7,486.2,878.8
ic300665a_si_002_clean,463.9,191.6,327.4,423.4,503.0,502.0,1349.9,3291.1
ic3019502_si_002_clean,185.0,64.9,102.0,136.8,217.7,221.7,350.4,966.1
ic302758g_si_002_clean,750.6,363.3,603.1,682.0,685.0,801.1,2231.4,3529.7
ic400607w_si_001_clean,228.6,80.0,120.2,159.1,261.6,265.2,362.2,994.9
ic400777c_si_002_clean,252.3,108.8,196.4,248.4,296.2,295.3,807.7,1586.1
ic401157n_si_002_clean,303.0,104.2,151.7,201.3,317.2,329.4,440.5,1190.5
ic401157n_si_003_clean,242.0,91.2,150.1,197.3,283.1,284.2,566.7,1442.6
ic402058f_si_002_clean,282.2,113.7,207.8,260.1,327.8,329.6,630.0,1150.9
ic402058f_si_003_clean,285.9,122.4,223.4,285.9,339.7,337.9,864.8,1564.3
ic402058f_si_004_clean,283.2,117.6,213.1,272.2,333.2,332.5,762.4,1494.3
ic402058f_si_005_clean,408.8,178.2,319.7,402.2,484.2,466.1,1143.7,1986.8
ic402692p_si_002_clean,236.9,92.2,159.4,207.9,280.8,275.8,634.5,1584.3
ic402692p_si_003_clean,308.6,131.7,246.7,303.6,354.0,357.8,1183.7,2417.4
ic402692p_si_004_clean,221.4,81.0,132.3,175.0,252.5,257.2,484.9,1308.8
ic402692p_si_005_clean,227.5,86.6,139.2,184.3,260.6,264.3,551.8,1447.9
ic403134c_si_002_clean,251.4,119.3,226.8,285.1,307.6,321.3,932.5,1816.3
ic403175w_si_002_clean,335.4,151.0,284.7,352.0,383.9,379.2,602.7,860.1
ic500323r_si_001_clean,208.9,73.0,101.6,133.8,239.2,254.8,272.7,589.2
ic500323r_si_002_clean,243.5,82.8,120.1,155.9,271.5,290.3,318.0,692.0
ic5005374_si_003_clean,642.8,214.9,294.2,376.2,517.1,518.0,1025.4,3035.2
ic5008457_si_002_clean,192.5,66.8,101.8,132.9,216.7,223.6,296.2,759.9
ic5011133_si_002_clean,245.3,89.2,143.3,188.4,270.9,275.3,499.6,1191.7
ic5011133_si_003_clean,153.9,54.6,82.5,109.6,179.2,184.4,244.3,624.2
ic5011133_si_004_clean,208.7,72.3,110.8,146.1,241.9,247.1,333.9,927.6
ic501477u_si_002_clean,199.1,66.6,90.2,114.5,205.3,227.2,247.2,589.8
ic501801f_si_002_clean,369.2,125.8,181.1,233.8,393.8,415.7,503.5,1255.1
ic501801f_si_003_clean,1433.8,474.5,568.2,661.2,1058.6,1102.8,1166.4,2791.9
ic501849g_si_002_clean,254.0,90.7,143.1,191.1,297.4,299.6,461.2,1135.6
ic5021302_si_002_clean,289.5,112.5,183.9,247.1,327.2,331.0,696.1,1684.9
ic502254c_si_002_clean,301.2,105.4,155.0,204.7,331.1,334.4,479.5,1423.5
ic502478u_si_003_clean,1014.6,321.6,380.7,426.3,735.7,845.2,935.9,1363.6
ic502488c_si_002_clean,389.9,158.6,281.3,362.4,438.9,443.6,1082.9,2232.3
ic502643m_si_003_clean,364.8,147.0,264.9,345.7,424.4,421.5,1307.7,3937.0
ic502643m_si_006_clean,325.8,135.8,242.2,303.0,377.6,374.3,1241.8,3401.8
ic502643m_si_007_clean,156.4,49.5,64.6,80.4,143.0,160.1,170.1,368.5
ic502643m_si_008_clean,238.4,84.7,136.6,179.8,254.1,255.9,488.9,1279.9
ic502643m_si_009_clean,159.0,51.9,68.4,85.2,152.2,168.9,179.6,407.5
ic502643m_si_010_clean,162.1,53.0,69.9,86.0,152.7,168.7,180.4,415.6
ic502643m_si_011_clean,187.5,59.6,80.7,99.9,172.9,184.1,212.1,612.8
ic502643m_si_012_clean,230.9,75.9,106.7,136.5,224.2,232.0,295.0,849.5
ic502725y_si_004_clean,226.0,77.3,124.8,165.8,263.5,266.6,383.8,1053.0
ic502730y_si_002_clean,229.1,85.9,151.4,192.6,272.5,274.7,529.5,1360.5
ic502921j_si_002_clean,332.5,95.5,152.1,202.7,287.0,298.8,566.5,1573.7
ic502921j_si_003_clean,308.6,112.1,178.7,235.4,353.3,361.3,592.6,1493.4
ic5029383_si_002_clean,302.6,103.9,134.4,169.1,275.7,296.7,334.2,916.9
ic5b00096_auto,719.0,255.6,409.4,527.8,721.0,715.0,1642.7,4691.7
ic5b00096_si_002_clean,993.7,474.4,851.3,958.5,1014.5,1508.6,7142.9,17423.4
ic5b00130_si_002_clean,313.3,115.2,175.8,230.3,375.6,371.2,398.6,715.0
ic5b00194_si_002_clean,230.8,78.0,112.3,139.6,221.9,225.4,294.0,766.6
ic5b00535_si_002_clean,238.6,81.1,127.7,170.8,262.0,269.8,403.7,1151.0
ic5b00561_si_002_clean,573.1,293.5,544.1,598.3,626.1,650.0,1603.0,2846.5
ic5b01023_si_002_clean,586.7,258.8,478.8,583.6,631.2,690.9,2622.8,6053.9
ic700893w-file001_clean,281.5,96.1,140.1,177.8,313.7,339.9,351.3,595.7
ic7014034-file001_clean,300.7,107.0,168.8,219.0,312.2,321.5,516.4,1244.8
ic7025158-file001_clean,48.4,16.2,22.6,28.9,54.1,60.9,68.4,156.2
ic800131r-file003_clean,139.9,44.0,56.2,69.9,129.9,151.9,164.4,327.7
ic8004536-file004_clean,299.2,101.2,142.6,183.6,324.6,357.0,395.5,1069.2
ic8008859_si_001_clean,722.1,280.5,449.9,584.1,768.8,737.9,1754.0,4232.2
ic9002115_si_001_clean,584.0,281.1,523.7,624.8,670.3,746.4,2797.9,5138.9
j.ica.2016.05.002_2_clean,383.3,127.5,195.3,265.6,401.4,422.0,623.4,1621.7
j.ica.2016.08.030_3_clean,207.5,73.8,117.4,150.8,243.5,243.4,360.9,913.5
j.inoche.2015.01.025_INC05862-mmc2_clean,226.7,114.2,212.7,256.1,288.8,317.3,1219.7,2453.9
j.inoche.2015.02.023_INC05895-mmc1_clean,248.3,108.6,211.6,256.3,282.4,295.0,832.1,1400.4
j.inoche.2015.03.028_inc05925-mmc2_clean,275.8,124.1,230.9,289.6,340.8,339.6,1348.3,3209.4
j.inoche.2015.03.054_CIFs_clean,117.0,39.3,54.7,69.7,124.2,134.9,151.8,417.3
j.inoche.2015.12.019_1_clean,236.8,97.6,168.6,219.3,279.3,284.2,743.9,1793.1
j.jssc.2014.11.015_mmc2_clean,324.5,179.3,308.2,363.0,394.9,422.1,1399.8,2666.5
j.jssc.2015.05.012_mmc6_clean,280.6,110.5,191.9,253.5,339.2,335.2,718.5,1491.5
j.jssc.2015.08.048_mmc2_clean,325.6,262.2,364.6,372.4,771.8,1357.1,3329.9,4816.3
j.jssc.2016.06.015_ZJU-10_clean,222.9,80.3,128.8,165.2,232.7,235.0,443.5,1252.3
j.jssc.2016.09.008_mmc8_clean,193.6,66.2,96.2,127.3,218.6,229.9,253.7,524.9
ja039022msi20031007_110612_clean,316.0,117.3,191.8,252.5,373.3,377.5,496.1,901.9
ja0660047si20060818_060256_clean,320.0,118.7,211.4,268.6,317.7,321.9,1158.3,3238.4
ja0660047si20060818_060458_clean,317.2,143.1,271.9,336.5,381.2,397.3,1622.4,3508.6
ja0734952si20070516_030528_clean,751.2,382.6,691.9,775.0,807.3,1076.7,3930.2,8477.1
ja074366osi20070816_031204_clean,110.2,35.4,44.8,56.0,104.4,123.9,136.5,258.1
ja0752540-file002_clean,471.7,189.9,323.6,419.4,506.7,514.4,1567.8,4174.2
ja076167asi20070815_063752_clean,348.2,117.1,174.5,227.8,341.0,346.1,528.6,1426.4
ja078060t-file002_clean,1364.7,452.0,606.2,698.4,972.8,916.0,1924.7,5575.4
ja101440z_si_001_clean,226.4,87.7,160.1,208.5,260.9,259.5,675.9,1475.8
ja102862j_si_005_clean,323.7,121.1,207.6,278.9,359.3,357.8,867.8,2255.2
ja109659k_si_002_clean,154.2,54.6,84.3,111.6,181.3,181.6,253.5,627.4
ja110042b_si_003_clean,362.3,129.9,201.7,264.2,377.5,393.1,740.2,2128.8
ja111042f_si_002_clean,143.1,40.6,59.8,75.6,130.3,138.2,170.5,583.1
ja202154j_si_003_clean,335.9,108.8,157.4,208.7,355.3,377.2,441.6,1188.9
ja203898s_si_004_clean,183.0,65.2,101.7,135.3,208.8,214.1,309.7,726.4
ja205976v_si_004_clean,197.2,67.2,95.6,122.8,219.1,236.1,269.9,690.6
ja205976v_si_006_clean,165.8,57.7,88.3,117.5,193.0,198.6,295.0,826.4
ja206917z_si_001_clean,232.8,73.5,94.2,115.2,213.6,254.3,270.8,373.5
ja300034j_si_002_clean,172.9,60.0,89.3,117.5,196.4,205.3,275.2,821.8
ja302110d_si_001_clean,306.6,112.2,177.5,246.4,357.7,361.7,663.7,1939.4
ja302340b_si_002_clean,378.7,136.5,188.8,246.9,393.9,403.4,505.1,1147.2
ja302380x_si_003_clean,267.7,105.1,174.9,226.8,289.0,288.8,704.4,1571.4
ja3082523_si_004_clean,1606.1,534.4,700.8,788.3,1136.1,1175.3,1539.4,4477.6
ja308995t_si_002_clean,216.8,75.6,111.2,148.2,245.1,255.8,286.1,588.1
ja4012707_si_003_clean,101.5,37.8,63.1,83.2,127.4,131.9,238.4,640.5
ja4012707_si_004_clean,100.4,34.9,54.5,71.4,120.1,123.5,171.6,487.2
ja4015666_si_002_clean,164.4,54.5,78.9,103.2,183.0,188.4,228.6,659.2
ja4015666_si_003_clean,165.2,55.7,79.9,104.6,177.6,188.7,226.8,663.8
ja4015666_si_005_clean,168.5,57.0,83.2,105.8,180.7,191.5,239.9,692.8
ja403810k_si_002_clean,2028.5,653.3,804.9,966.3,1363.0,1364.8,2046.0,5750.4
ja403810k_si_003_clean,2758.4,883.3,1202.4,1384.0,1904.9,1897.8,3977.2,11620.1
ja4050828_auto,195.4,61.6,76.0,92.0,155.9,177.4,195.3,345.0
ja406030p_si_002_manual,171.4,61.1,96.7,129.2,200.0,204.8,296.3,747.2
ja406030p_si_003_clean,191.7,66.4,98.4,127.6,201.1,208.1,249.2,612.2
ja406030p_si_004_clean,215.7,73.5,110.5,142.9,223.9,231.4,295.3,740.1
ja406030p_si_005_manual,236.5,84.6,124.3,160.6,248.3,253.4,331.4,850.7
ja406030p_si_006_manual,232.5,80.5,121.0,161.1,241.7,250.5,331.6,855.4
ja406030p_si_007_manual,181.1,65.0,103.9,138.7,212.6,216.0,311.5,781.6
ja406030p_si_008_manual,233.7,81.0,122.2,157.5,241.5,251.2,336.9,839.5
ja406030p_si_009_manual,251.5,88.4,131.7,170.0,264.3,267.9,389.8,973.0
ja406844r_si_002_clean,228.5,79.6,117.5,153.9,239.2,245.4,336.3,878.4
ja407778a_si_003_clean,148.3,51.4,76.9,101.7,171.6,182.0,218.5,567.1
ja408959g_si_002_clean,216.3,72.2,87.3,104.6,184.7,209.0,216.1,470.7
ja408959g_si_003_clean,370.0,122.6,156.6,198.8,326.5,352.8,377.1,951.2
ja410368j_si_002_clean,340.8,111.5,167.4,221.3,359.3,372.1,501.3,1368.3
ja411887c_si_002_clean,367.8,140.0,234.2,302.4,424.9,418.4,1016.2,2936.9
ja500330a_si_005_clean,306.9,113.8,188.1,251.4,354.6,347.6,669.8,1708.6
ja500330a_si_006_auto,741.2,271.8,441.6,573.9,805.0,787.8,1758.1,5480.9
ja500330a_si_007_auto,665.3,185.1,208.7,211.3,311.6,365.8,472.5,470.5
ja500330a_si_009_auto,442.9,142.1,213.6,284.3,437.0,439.4,643.4,1888.3
ja501810r_si_002_clean,146.7,48.3,71.8,95.8,156.5,164.2,207.0,572.4
ja5063423_si_002_clean,143.4,47.3,69.9,89.8,162.3,171.2,200.8,560.2
ja506357n_si_002_clean,265.2,114.3,210.0,265.5,309.5,309.5,740.2,1227.7
ja507119n_si_002_clean,478.6,223.4,422.8,497.6,528.2,536.8,1599.4,4001.5
ja507269n_si_002_clean,138.7,45.6,60.3,74.3,136.3,154.5,162.9,373.1
ja507269n_si_003_clean,136.7,45.0,60.0,75.8,135.1,151.6,164.6,384.7
ja507947d_si_001_auto,337.7,105.1,122.2,133.6,204.1,242.7,261.9,350.3
ja507971r_si_004_clean,192.4,86.8,163.9,198.6,219.8,228.0,517.7,791.0
ja508679h_si_001_clean,599.7,612.7,650.3,804.2,1996.4,2796.7,7020.6,13638.9
ja5103103_si_002_auto,756.9,237.2,278.1,317.1,494.1,501.2,522.7,1144.5
ja510525s_si_002_clean,265.8,96.0,153.9,201.5,305.3,304.8,557.5,1577.0
ja510525s_si_003-1_clean,244.6,92.5,138.1,180.8,279.9,289.7,473.5,1362.7
ja5109535_si_002_clean,563.9,250.6,461.3,552.7,595.5,689.2,2958.0,7895.4
ja5111317_ja5111317_si_002_auto,333.8,126.1,201.5,263.7,383.0,382.4,769.5,2356.3
ja5111317_ja5111317_si_003_clean,1386.5,386.3,507.1,560.0,817.0,876.9,1031.7,2871.0
ja512137t_si_002_clean,175.4,62.3,97.0,128.0,199.8,203.4,307.1,784.9
ja512311a_si_003_auto,387.9,117.9,130.5,142.6,218.0,258.5,319.4,333.9
ja512311a_si_007_auto,327.6,102.4,108.8,118.8,160.6,204.5,251.4,265.2
ja512437u_si_002_clean,375.2,151.8,269.8,343.9,425.7,430.0,1116.5,2368.2
ja512437u_si_003_clean,379.0,151.9,272.8,343.2,452.3,420.5,1102.1,2351.2
ja512437u_si_004_clean,398.7,161.2,278.6,365.8,418.9,426.7,1212.7,2537.5
ja512762r_si_002_auto,212.2,70.7,92.8,117.5,212.0,237.4,255.0,606.6
ja512973b_si_002_auto,367.1,126.1,191.3,252.9,397.3,407.8,582.1,1785.9
ja512973b_si_003_auto,346.2,119.6,183.6,242.1,383.9,390.5,575.4,1793.2
ja512973b_si_004_auto,337.8,117.2,182.6,228.5,370.3,377.6,613.0,1901.9
ja512973b_si_005_auto,103.3,31.8,34.8,37.2,55.4,68.6,95.8,99.6
ja5131269_si_002_clean,150.2,51.4,74.3,96.5,163.7,173.9,200.3,521.7
ja5131269_si_003_clean,150.5,51.1,74.9,97.9,166.6,172.3,204.5,535.5
ja5b00365_si_002_clean,242.2,75.6,85.2,98.3,157.0,189.0,207.9,300.8
ja5b00450_si_003_clean,1884.4,916.1,1484.0,1636.1,1728.3,2678.3,9629.7,19567.5
ja5b02556_si_002_clean,193.7,77.8,138.8,190.5,232.9,235.3,405.8,675.7
ja5b02897_si_003_clean,158.0,50.6,73.8,97.0,162.9,169.3,228.6,647.9
ja5b02999_si_002_clean,164.2,55.0,79.2,102.7,176.5,187.4,227.0,680.8
ja5b02999_si_003_clean,325.1,131.2,207.7,278.4,380.8,363.9,896.1,2693.6
ja5b02999_si_004_clean,333.4,126.6,221.1,274.0,371.4,373.3,914.5,2660.6
ja5b02999_si_006_clean,164.3,55.7,79.3,106.4,176.1,187.4,224.4,647.6
ja5b02999_si_007_clean,149.2,50.7,71.7,92.1,161.1,173.2,205.6,613.7
ja808995d_si_002_clean,737.0,271.8,348.7,425.4,612.8,613.8,573.8,1080.5
ja809985t_si_002_clean,943.6,327.3,380.6,455.5,628.1,696.9,846.7,2595.3
ja903726m_si_002_clean,166.8,53.9,72.1,89.8,169.1,188.5,202.4,441.4
ja905009e_si_002_clean,199.8,67.2,93.6,121.1,215.9,233.4,260.7,725.9
ja907023c_si_001_clean,261.4,90.6,135.5,175.9,285.2,301.8,409.4,1175.0
ja907023c_si_002_clean,266.7,89.9,136.0,179.6,289.9,298.0,402.3,1176.2
ja907023c_si_003_clean,264.0,91.5,134.1,176.1,294.6,297.1,414.8,1185.3
ja907023c_si_004_clean,264.0,91.5,133.7,177.1,284.3,297.2,403.2,1155.7
jacs.5b11034_ja5b11034_si_002_clean,347.9,147.4,273.2,330.9,352.3,381.0,1515.9,3837.7
jacs.5b11079_ja5b11079_si_002_clean,500.9,149.1,207.0,261.5,343.3,364.1,662.0,1850.7
jacs.5b12516_ja5b12516_si_002_clean,429.1,148.3,219.0,290.4,466.7,483.3,613.1,1803.5
jacs.5b12516_ja5b12516_si_003_clean,442.5,150.5,223.1,292.6,468.6,498.6,651.4,1871.2
jacs.5b12516_ja5b12516_si_004_clean,437.1,155.6,221.0,293.3,478.6,482.4,631.3,1899.6
jacs.5b13491_ja5b13491_si_002_clean,336.2,135.8,242.9,314.0,378.3,382.0,1239.1,3427.2
jacs.6b01345_ja6b01345_si_001_clean,1095.0,397.4,497.3,610.1,712.6,700.1,1086.4,2393.9
jacs.6b01663_ja6b01663_si_002_clean,162.0,48.1,53.2,60.1,93.9,113.5,137.6,157.7
jacs.6b01663_ja6b01663_si_003_clean,182.8,57.2,64.9,70.4,111.0,133.7,154.7,194.7
jacs.6b02030_ja6b02030_si_002_clean,298.5,111.4,190.0,246.2,343.0,344.5,763.7,2110.6
jacs.6b02030_ja6b02030_si_003_clean,287.9,114.8,189.9,246.7,333.7,321.3,878.3,2282.9
jacs.6b02030_ja6b02030_si_004_clean,393.9,144.0,229.3,298.4,418.3,415.7,908.5,2532.9
jacs.6b03263_ja6b03263_si_002_clean,440.4,456.7,458.1,471.4,616.0,870.0,2584.0,4897.6
jacs.6b04608_ja6b04608_si_002_clean,2310.0,701.3,921.9,1040.9,1413.8,1449.1,2548.2,7708.7
jacs.6b04608_ja6b04608_si_003_clean,2094.4,710.1,911.4,1061.1,1439.1,1476.5,2445.7,7389.3
jacs.6b06375_ja6b06375_si_001_clean,823.3,406.5,687.0,741.0,870.3,1505.5,6681.3,14213.8
jacs.6b06759_ja6b06759_si_002_clean,1620.6,522.2,664.6,771.1,1099.1,1072.7,1632.1,4611.8
jacs.6b06759_ja6b06759_si_003_clean,1011.3,324.4,374.1,458.2,659.8,710.5,881.7,2470.6
jacs.6b06759_ja6b06759_si_004_clean,947.1,313.3,394.6,426.3,633.5,672.0,886.9,2493.9
jacs.6b08724_ja6b08724_si_009_clean,136.5,45.1,60.4,76.6,136.4,156.1,163.9,398.6
jacs.6b08724_ja6b08724_si_010_clean,138.5,44.6,60.7,77.3,140.9,152.2,171.2,429.0
jacs.6b08724_ja6b08724_si_011_clean,140.3,45.0,60.5,76.9,142.4,153.9,166.4,436.1
jacs.6b08724_ja6b08724_si_012_clean,87.0,26.5,30.5,35.0,60.4,75.4,91.6,113.3
jacs.6b08724_ja6b08724_si_013_clean,139.8,45.3,60.2,75.4,138.3,154.4,165.7,418.4
jacs.6b08724_ja6b08724_si_014_clean,137.6,46.2,60.8,77.1,138.9,154.1,165.4,415.1
jacs.6b08724_ja6b08724_si_015_clean,141.2,45.4,60.9,76.8,139.8,153.1,166.6,430.1
jacs.6b08724_ja6b08724_si_016_clean,134.7,44.1,58.5,74.1,135.0,152.2,161.1,391.2
jacs.6b09113_ja6b09113_si_002_clean,169.9,55.1,75.4,96.7,175.0,195.8,213.8,542.5
jacs.6b09155_ja6b09155_si_009_clean,192.2,63.4,94.9,124.3,207.2,217.4,280.6,810.3
jp102463p_si_002_clean,158.0,55.5,84.4,113.2,185.0,192.8,253.5,683.5
jp102463p_si_004_clean,158.1,57.1,88.3,118.4,188.0,200.3,294.7,804.2
jp2064408_si_002_clean,156.9,56.9,93.4,120.0,182.1,184.9,270.9,689.0
jp209895d_si_002_clean,594.5,267.0,477.7,608.3,635.4,700.6,2600.0,5426.7
jp302979a_si_002_clean,266.2,90.1,146.0,199.9,272.3,269.1,636.8,2013.6
jz4002345_si_002_clean,227.2,81.7,131.6,182.6,266.6,272.3,388.9,935.2
jz4002345_si_003_clean,225.3,81.5,130.8,174.2,268.8,273.1,392.2,909.5
jz4002345_si_005_clean,228.6,87.7,140.6,186.5,278.7,280.0,404.4,874.8
jz4002345_si_006_clean,224.9,81.5,128.5,171.3,265.5,271.5,381.3,930.2
la304204k_si_003_clean,525.4,213.6,358.9,475.3,590.6,634.8,1597.8,4165.1
la4012839_si_002_auto,599.4,310.9,573.4,644.2,655.8,860.0,3675.3,9726.5
nchem.2258-s3_clean,255.3,94.5,156.3,206.8,289.8,291.3,597.2,1710.9
ncomms11831_ncomms11831-s2_clean,371.6,221.6,412.3,430.7,455.7,587.6,1245.7,1595.2
ncomms11831_ncomms11831-s3_clean,376.0,203.1,386.0,437.6,467.0,525.0,1313.7,1828.9
ncomms7350-s2_clean,365.0,124.2,190.0,248.3,409.0,426.4,530.9,1269.7
om701262m-file004_clean,290.5,114.4,206.5,270.1,344.3,344.9,902.1,2294.9
science.1056698_manual,379.6,147.1,253.2,335.7,431.6,423.6,1088.2,2901.7
