MOF,Total time (s)
1499489-acs.cgd.6b01265_1499490_clean,279.3
ACOCOM_clean,658.8
ACOCUS_clean,644.3
ACODAZ_clean,666.8
acs.cgd.5b01554_VAGNUP1452791_clean,129.6
acs.chemmater.5b03723_cm5b03723_si_004_clean,344.9
acs.chemmater.5b03723_cm5b03723_si_005_clean,157.3
acscombsci.5b00188_34903_clean,214.2
acscombsci.5b00188_5013797_clean,89.8
acs.inorgchem.5b02316_ic5b02316_si_002_clean,451.2
acs.inorgchem.5b02378_ic5b02378_si_002_clean,645.0
acs.inorgchem.6b00136_ic6b00136_si_002_clean,323.6
acs.inorgchem.6b00276_ic6b00276_si_006_clean,2162.2
acs.inorgchem.6b01211_ic6b01211_si_002_clean,135.4
acs.inorgchem.6b01416_ic6b01416_si_004_clean,162.7
acs.inorgchem.6b01762_ic6b01762_si_002_clean,118.0
acs.jpcc.6b04690_jp6b04690_si_005_clean,690.4
ADOBIF_clean,91.6
AFEKAX_clean,137.6
AGUBUA_clean,138.1
AHIYOH_clean,368.2
AHUFIU_clean,110.8
AKOXIJ_clean,440.0
am301365h_si_002_clean,115.9
AMIZIG_clean,145.6
ANOMOG_clean,102.3
APEBII_clean,370.2
APEBOO_clean,399.5
AQEGUY_clean,191.4
AQERUL_clean,1119.7
AQIXUU_clean,247.3
AQOLOJ_clean,210.7
AQOTIK_clean,77.0
ASANAL_clean,166.1
ASEKAM_clean,166.8
ASEXED_clean,392.6
ASIVEF_clean,121.6
ATEJOA_clean,415.1
ATEZEG_clean,108.2
ATEZIK_clean,103.3
ATUZEW_clean,174.8
AVETAY_clean,79.3
AWEJES_clean,222.8
AWEWOP_clean,234.8
AWUPOZ_clean,68.5
AXIGAR_clean,87.3
AXINAX_clean,128.9
BABREE_clean,301.0
BADXAI_clean,323.1
BAKYIY_clean,118.0
BEGDEY_clean,336.1
BERQIA_clean,479.3
BETDOV_clean,136.7
BETFOX_clean,139.8
BEWCUD_clean,71.9
BEWVEG_clean,115.1
BEXTUV_clean,194.0
BEXVAD01_clean,150.1
BEXVAD_clean,167.4
BEXVIL_clean,66.0
BICDAU_clean,61.4
BIHBEB_clean,164.4
BIJFAD_clean,155.7
BINMIW_clean,341.3
BIPBAF_clean,117.9
BIRGIU_clean,133.7
BIWSOQ_clean,193.1
BOHWOM_clean,186.5
BORBEQ_clean,119.7
BOSHIC_clean,286.1
BOWSOW_clean,110.2
BUBDIL_clean,779.8
BUCSAU_clean,275.9
BUCSIC01_clean,303.5
BUKMUQ_clean,52.9
BUPDOH_clean,216.4
BUVVIZ_clean,191.6
BUVVOF_clean,190.8
BUXTUL_clean,426.6
c4dt02048k_c4dt02048k2_clean,131.9
c4ra13058h_c4ra13058h2_clean,266.6
c5cc09935h_c5cc09935h2_clean,148.8
c5ce00923e_c5ce00923e2_clean,292.2
c5ce00931f_c5ce00931f2_clean,168.6
c5ce01790d_c5ce01790d1_clean,302.9
c5ce02503f_c5ce02503f2_clean,1580.1
c5dt01100k_c5dt01100k2_clean,171.1
c5dt02651b_c5dt02651b2_clean,131.4
c5dt03038b_c5dt03038b2_clean,124.1
c5dt03710g_c5dt03710g2_clean,126.5
c5dt04943a_c5dt04943a2_clean,113.6
c5dt05023e_c5dt05023e2_clean,247.8
c5nj02236c_c5nj02236c2_clean,250.2
c5nj03044g_c5nj03044g2_clean,370.8
c5qi00128e_c5qi00128e2_clean,287.6
c5sc00614g_c5sc00614g2_clean,523.1
c5ta03835a_c5ta03835a2_clean,182.1
c5ta05481h_c5ta05481h2_clean,449.5
c5ta09507g_c5ta09507g2_clean,1364.5
c5ta10401g_c5ta10401g2_clean,779.6
c6cc00589f_c6cc00589f2_clean,116.2
c6cc00589f_c6cc00589f3_clean,33.9
c6cc01597b_c6cc01597b2_clean,204.2
c6cc03787a_c6cc03787a2_clean,183.8
c6ce00465b_c6ce00465b2_clean,65.1
c6dt01288d_c6dt01288d2_clean,489.5
c6ta07145g_c6ta07145g2_clean,776.1
CACNOM_clean,203.7
CASWIE_clean,95.5
CAVMIX_clean,339.8
CAXSUR_SL,108.5
CAYQIE_clean,106.5
CAYQOK_clean,243.4
CAYQUQ_clean,132.9
CEDFOI_clean,359.1
CEDFUO_clean,249.0
CEKNIQ_clean,180.3
CEMKOV_clean,133.8
CESFIQ_clean,224.8
CESFOW_clean,129.9
CEYYIQ_clean,108.1
cg050585esi20051105_115011_clean,236.9
cg100357q_si_002_clean,352.7
cg2007167_si_002_clean,190.3
cg3002866_si_001_clean,493.7
cg300979c_si_002_clean,174.0
cg3015354_si_002_clean,152.1
cg4012185_si_002_clean,562.0
cg500192d_si_002_clean,278.7
cg5008236_si_002_clean,1700.9
cg501141m_si_003_clean,305.9
cg801267m_si_001_clean,223.8
cg801267m_si_002_clean,221.8
cg801267m_si_003_clean,169.8
cg801267m_si_004_clean,168.4
CILFIN_clean,113.0
CIPLIX_clean,104.2
CIQQIE_clean,534.7
cm071462f-file004_clean,100.1
CODVAU_clean,668.3
COJMIZ_clean,286.9
COJMOF02_clean,208.9
comp2_clean,300.0
COQJID_clean,293.2
COQJOJ_clean,243.2
COQJUP_clean,273.1
COWDEZ_clean,528.1
COXDIE_clean,276.6
COYMIN_clean,435.9
CUFQUR_clean,120.2
CUGLIB_clean,65.1
CUGYIO_clean,66.0
CUGZAH_clean,67.7
CUHLUO_clean,768.9
CUPHIG_clean,122.0
CUQRUD_clean,102.7
CURZAR_clean,243.9
CUSXIY_clean,175.3
CUSXOE_clean,311.2
CUTCAX_clean,172.3
CUTFII_clean,178.5
CUVTIX_clean,566.0
CUVVOG_clean,240.7
CUWHUZ_clean,773.3
CUWXAV_clean,147.1
CUXFUX_clean,404.3
DACSAE_clean,357.4
DACSEI_clean,365.1
DADXUE_clean,438.5
DAFXUG_clean,316.7
DALVEU_clean,323.9
DAMRAN_clean,116.7
DANZOJ_neutral,92.5
DAZCAK_clean,387.1
DEKPUF_clean,151.1
DEYDOA_clean,68.7
DEYLOJ_clean,121.0
DIMQIB_clean,265.4
DITPED_clean,620.3
DIWMUT_clean,288.0
DIZVAK_clean,137.0
DOFTID_clean,152.0
DOFTOJ_clean,157.1
DOGBAE_clean,363.1
DOJXOR_clean,262.6
DOLWEI_clean,436.4
DOMGAP_clean,213.6
DONXOV_clean,301.5
DOTFOJ_clean,493.4
DUDKIY_clean,151.3
DUKNEE_clean,517.0
DUNYOC_clean,254.4
DUQRUD_clean,247.0
DUSHEG_clean,1873.7
DUSHIK_clean,1850.5
DUXZIG01_clean,36.8
DUZKAM_clean,134.7
DUZKEQ_clean,103.9
EBEWUG_clean,89.1
EBEXAN_clean,83.7
EBEXIU02_clean,187.1
EBEXIV_clean,81.0
EBOXEA_clean,131.8
ECEZAO_clean,131.4
EDUSOL_clean,624.9
EDUTUS_clean,72.1
EDUVAA_clean,163.8
EDUVEE_clean,630.9
EDUVII_clean,96.7
EDUWAB_clean,54.0
EFEGEC_clean,260.2
EFESIT_clean,624.0
EGABAR_clean,185.5
EGEJOQ_clean,479.3
EGEJUW_clean,287.9
EHUSUX_clean,342.1
EHUTAE_clean,451.3
EJATIS_clean,312.0
EJESUJ_clean,101.5
EKADIF_clean,1147.6
EKEKIQ_clean,98.8
EKEKOW_clean,433.1
EKEMEO_clean,444.8
ELECIJ_clean,320.0
ELEROE_clean,330.3
ELOZIQ_clean,587.4
EMIREX_clean,152.7
ENCDBZ01_clean,79.4
ENCDBZ_clean,51.7
ENCNBZ01_clean,61.9
ENEQUL_clean,274.5
EPECOT_clean,435.7
EPUSUE_clean,130.4
EQOCOC01_clean,194.0
ERALEQ_clean,320.8
ERALIU_clean,260.9
ERAMUH_clean,337.3
ERANES_clean,157.5
ERANOC_clean,171.8
ERAQAR_clean,122.6
ERUNUC_clean,700.2
ESARIB_clean,649.8
ESEBOV_clean,54.0
ETIPII_clean,287.4
ETIXAI_clean,376.1
ETIYEN_clean,374.7
EVADEK_clean,690.5
EVADIO_clean,774.1
EVOTIT_SL,595.5
EWETOR_clean,435.9
EYOCUS_clean,399.6
EZIMEG_clean,256.2
EZIMIK_clean,244.6
EZOBUR01_clean,1080.1
EZOFUV_clean,74.8
FAKHIK_clean,363.0
FALRIV01_clean,258.1
FALRIV_clean,264.7
FALROB_clean,251.8
FALSAO_clean,258.6
FASGIS_clean,229.2
FAVDAK_clean,240.9
FAVDEO_clean,170.0
FAVDIS_clean,165.8
FAVFOA_clean,1060.8
FAYLIC_clean,84.6
FECFAV_clean,146.8
FECJUT_clean,329.2
FECYOD_clean,474.3
FEVNEA_charged,255.6
FEVNOL_clean,729.0
FEWWEL_clean,484.3
FEWWIP_clean,529.6
FEWXEM_clean,326.6
FEWXIQ_clean,310.3
FEYJID_clean,179.2
FEYQUW_clean,146.1
FEYZUF_clean,238.3
FEZCIX_clean,95.6
FIDMIP_clean,248.9
FIHHOV_clean,93.4
FIHHUB_SL,211.4
FIJCUX_clean,118.3
FIJFIO_clean,146.7
FIJFOU_clean,147.1
FIPJEV_clean,267.2
FIPWUY_clean,322.8
FIQCEN_clean,81.7
FIQKIB_clean,247.8
FISGOF_clean,69.2
FISXEM_clean,240.6
FIWKUT_clean,273.2
FOCZEE_clean,206.7
FOFCIO_clean,188.9
FOFHEO_clean,218.6
FOFTOL_clean,132.8
FOPFAS_clean,1899.0
FOPTOU_clean,342.5
FOQNIK_clean,129.9
FOQNOQ01_clean,114.3
FOQNOQ02_clean,114.6
FOQNOQ_clean,99.3
FOQNUW01_clean,111.6
FOQNUW02_clean,113.2
FOQNUW_clean,110.9
FOQPAE01_clean,125.2
FOQPAE02_clean,124.9
FORWAL_clean,125.8
FORXAM_clean,1564.2
FOSTOY_clean,937.9
FUDQIF_clean,116.9
FUHJOJ_clean,262.6
FUSWIA_clean,69.0
FUTZIF_clean,184.1
FUVBOP_clean,155.4
FUVDEH01_clean,487.5
FUVDEH02_clean,474.0
FUVDEH03_clean,460.0
FUVDEH04_clean,453.5
FUVDEH05_clean,610.2
FUVDEH09_clean,501.2
FUVDEH10_clean,484.2
FUVDEH11_clean,484.0
FUVDEH13_clean,470.7
FUVDEH_clean,506.3
FUVGAG02_clean,351.2
FUWFUA_clean,206.5
FUWQIZ_clean,157.9
FUYCAE_clean,106.8
FUYCUZ_clean,702.2
GABYUG_clean,343.1
GACBIY_clean,241.6
GACYER_clean,205.7
GAFGEC_clean,224.9
GAHSEQ_clean,156.3
GALFAB_clean,262.9
GANBAZ01_clean,202.0
GANBAZ02_clean,105.3
GANBAZ_clean,198.3
GANBED02_clean,168.3
GANBED_clean,183.2
GANBIH_clean,203.0
GASTIG_clean,215.3
GATQIE_clean,232.2
GATQOK_clean,478.9
GAYFOD_clean,103.2
GEBPEK_clean,67.4
GEBSAJ_clean,1451.2
GEDPAH_clean,89.9
GESNIC_clean,150.1
GEYFIB_clean,306.3
GEZYUH_clean,238.1
GIFKIP_clean,72.4
GIJXAA_clean,170.3
GINNUO_clean,194.7
GITSUY_clean,401.9
GITVAH01_clean,664.7
GITVAH_clean,737.4
GOBTAT_clean,262.4
GOLDAO_clean,484.0
GONMUT_clean,1321.7
GONSUZ_clean,100.0
GOPLUS_clean,109.9
GOQWOY_clean,94.2
GORJEE_clean,428.4
GORWUF_clean,141.1
GUKCIA_clean,296.5
GUPBOJ03_clean,227.1
GUPCEA_clean,760.4
GURPOZ_clean,535.5
GUZVOO_clean,161.5
HABCEV_clean,143.6
HABCIZ_clean,124.5
HABCOF_clean,126.9
HABDAS_clean,122.7
HABRUZ_clean,150.2
HACDOH_clean,429.4
HACDUN_clean,487.3
HACRAH_clean,383.4
HACREL_clean,429.7
HAFQOW_clean,150.5
HAFQUC_clean,80.2
HAMJUC_clean,484.3
HANKIS_clean,2365.3
HANKOY_clean,2584.4
HAWGIY_clean,231.4
HAXNOJ_clean,54.5
HEGKAP_clean,333.0
HEXNII_clean,135.0
HICGEG_clean,278.0
HICZIE_clean,145.6
HIDDAB_clean,158.9
HIQKID_clean,145.7
HIVSAI_clean,202.5
HIWMAD_clean,155.9
HIZSEQ_clean,90.2
HIZTUG_clean,197.4
HOGJET_clean,122.5
HOJJUN_clean,218.8
HONXAL_clean,473.8
HOQNOS_clean,182.7
HOVGEG_clean,259.2
HOZFIN_clean,100.7
HUBQEC_clean,195.1
HUCSEF_clean,322.2
HUDCEQ_clean,133.0
HUGTOT_clean,548.6
HUHBUJ_clean,800.4
HUNCIE_clean,107.7
HURFIL_clean,308.1
HURFOR_clean,234.7
HUVNAP_clean,639.0
HUXHUF_clean,164.7
HUYFAJ_clean,261.3
HUZYEI_clean,389.1
HUZYIM_clean,546.4
IBAPOS_clean,73.3
IBAQAF_clean,75.2
IBAQEJ_clean,74.2
IBIYUO_clean,389.2
IBURAZ_clean,208.2
ic062019u-file003_clean,252.0
ic1010083_si_002_clean,1004.3
ic200054b_si_002_clean,306.0
ic302758g_si_002_clean,603.1
ic403175w_si_002_clean,284.7
ic5005374_si_003_clean,294.2
ic502478u_si_003_clean,380.7
ic502488c_si_002_clean,281.3
ic502643m_si_011_clean,80.7
ic502643m_si_012_clean,106.7
ic5b00096_si_002_clean,851.3
ic5b00561_si_002_clean,544.1
ic8008859_si_001_clean,449.9
ic801677y_si_001_clean,166.5
ICAREL_clean,230.2
ICIKAH_clean,964.3
ICITIY_clean,193.0
ICIVEW_clean,93.1
IDUYOX_clean,124.0
IFEPUG01_clean,536.6
IFEPUG02_clean,462.3
IFEPUG03_clean,449.4
IFEPUG04_clean,450.0
IFEPUG05_clean,428.8
IFEPUG06_clean,466.2
IFEPUG07_clean,483.3
IFEPUG08_clean,472.2
IFEPUG09_clean,552.9
IFEPUG10_clean,597.8
IFEQER_clean,434.0
IFUPAC_clean,176.0
IGORUS_clean,84.2
IGUCEU_clean,404.6
IJAPIU_clean,173.7
IJAPOA_clean,172.1
IJENIV_clean,210.5
IJENOB_clean,508.8
IJEXUS_clean,139.1
IKOTEH_clean,340.1
ILITON_clean,117.9
ILOWAI_clean,268.0
IMACZN01_clean,128.6
IMAXOL_clean,203.0
IMULEH_clean,260.2
IMUVES_clean,608.4
INASAT_clean,291.5
INECIP_clean,284.0
INECOV_clean,218.6
INEPEY_clean,171.3
INEXEG_clean,299.6
INIROO_clean,161.9
IPEBEM_clean,646.3
IPIVOT_clean,262.1
IREGOD_clean,215.2
IRUVUO_clean,647.4
ISEQIH_clean,109.6
IVEKEA_clean,838.4
IVIPEK_clean,280.8
IWAHIZ_clean,229.8
IWAHUK_clean,435.1
IWEVUD_clean,140.8
IWEWAK_clean,159.5
IWEWEO_clean,129.9
IWEWIS_clean,167.7
IWEWOY_clean,227.1
IXIKOR01_clean,831.3
IXIKOR_clean,824.6
IYALUR_clean,878.7
IYIHUU_manual,123.1
IYITOB_clean,106.0
IYOCUW_clean,103.3
IYOVEY_clean,105.2
IYUHOB_clean,182.9
IZIHIK_clean,237.0
IZULUL_clean,294.3
IZUSEC_clean,246.0
ja0660047si20060818_060256_clean,211.4
ja0660047si20060818_060458_clean,271.9
ja0734952si20070516_030528_clean,691.9
ja078060t-file002_clean,606.2
ja101440z_si_001_clean,160.1
ja102862j_si_005_clean,207.6
ja111042f_si_002_clean,59.8
ja202154j_si_003_clean,157.4
ja206029a_si_003_clean,284.3
ja4015666_si_002_clean,78.9
ja4015666_si_003_clean,79.9
ja4015666_si_005_clean,83.2
ja403810k_si_003_clean,1202.4
ja406030p_si_010_clean,763.7
ja410368j_si_002_clean,167.4
ja501810r_si_002_clean,71.8
ja507119n_si_002_clean,422.8
ja507971r_si_004_clean,163.9
ja508679h_si_001_clean,650.3
ja5109535_si_002_clean,461.3
ja5111317_ja5111317_si_003_clean,507.1
ja5b00450_si_002_clean,284.7
ja5b00450_si_003_clean,1484.0
jacs.5b11034_ja5b11034_si_002_clean,273.2
jacs.5b11079_ja5b11079_si_002_clean,207.0
jacs.6b01663_ja6b01663_si_002_clean,53.2
jacs.6b02030_ja6b02030_si_004_clean,229.3
jacs.6b03263_ja6b03263_si_002_clean,458.1
jacs.6b04608_ja6b04608_si_002_clean,921.9
jacs.6b06375_ja6b06375_si_001_clean,687.0
jacs.6b08724_ja6b08724_si_010_clean,60.7
jacs.6b08724_ja6b08724_si_011_clean,60.5
jacs.6b08724_ja6b08724_si_012_clean,30.5
jacs.6b08724_ja6b08724_si_013_clean,60.2
jacs.6b08724_ja6b08724_si_015_clean,60.9
JADBEY_clean,238.0
JADMIN_clean,778.9
JAJZAY_clean,112.2
JALLIU_clean,290.6
j.inoche.2015.02.023_INC05895-mmc1_clean,211.6
j.inoche.2015.03.005_INC05902-mmc1_clean,632.2
JIVQOU_clean,278.8
JIVSAJ01_clean,577.4
JIVSEN01_clean,432.1
JIVSIR01_clean,442.4
j.jssc.2015.08.048_mmc2_clean,364.6
j.jssc.2016.06.015_ZJU-10_clean,128.8
JOBFEM_clean,343.2
JOBFIQ_clean,462.5
JOHQUT_clean,151.9
JOHSIJ_clean,252.8
JOQSIT_clean,115.6
JOZWOM_clean,272.3
JOZWUS_clean,281.1
jp302979a_si_002_clean,146.0
JUKPAI_clean,327.4
JUSGUB_clean,531.4
JUTCOS_clean,269.2
JUYBEM_clean,123.3
KACGAZ_clean,138.3
KACGED_clean,286.8
KACKIL_clean,78.6
KAHZAW_clean,60.6
KALFUA_clean,301.9
KARMUN_clean,455.3
KAVXAI_clean,240.1
KELJAN_clean,699.2
KEVBIY_clean,915.3
KEVBOE_clean,892.7
KEWJIG_clean,305.6
KIFDIM_clean,105.1
KINMUR_clean,156.4
KINSEH_clean,109.1
KODPUP_clean,128.2
KOGSOQ_clean,246.4
KOJZOZ_clean,164.7
KOMHEB_clean,344.8
KOMHIF_clean,371.3
KOMHOL_clean,365.3
KOMHUR_clean,368.4
KOMJAZ_clean,387.6
KOQGAA_clean,150.8
KOVGOT01_clean,165.7
KOVGOT_clean,162.5
KOZNEU_clean,261.1
KOZQIB_clean,80.7
KUGFAU_clean,115.2
KUHZET_clean,755.1
KUKPUD_clean,86.3
KUKQAK_clean,389.9
KULMAG_clean,397.1
KULMIO_clean,281.9
KUNLAH_clean,217.1
KUSDOT_clean,250.4
KUXROM_clean,188.6
KUXSAZ_clean,130.4
KUZYUB_clean,158.2
LABMOT_clean,123.4
LABMUZ_clean,494.7
LABNEK_clean,162.8
LABNOU_clean,472.1
LABNUA_clean,120.5
LABPEM_clean,422.5
LABPIQ_clean,153.4
LABPOW_clean,190.6
LABPUC_clean,187.3
LABQAJ_clean,139.9
LABQEN_clean,154.8
LACYEW_clean,148.1
LACYIA_clean,181.6
LACYOG_clean,110.0
LACYUM_clean,231.8
LACZAT_clean,187.8
LACZIB_clean,61.4
LAGVEX_clean,106.5
LAGWIB_clean,65.0
LAJFAG_clean,575.1
LAJKUE_charged,730.3
LAJLAL_charged,668.4
LAJLEP_charged,764.4
LAPLEW_clean,482.9
LAPLOG01_clean,493.5
LAPLOG_clean,505.8
LAPLUM_clean,574.5
LAPMAT_clean,553.0
LAPMEX_clean,648.0
LAPMIB_clean,503.1
LAPMOH_clean,512.9
LAPMUN_clean,603.7
LAPNAU_clean,513.9
LAPNEY_clean,498.1
LAPNIC_clean,474.8
LAPNOI_clean,529.5
LAPNUO_clean,491.1
LAPZEK_clean,169.4
LAQNOJ_clean,165.9
LAQNUP_clean,174.5
LATBUG_clean,169.0
LATCAN_clean,172.6
LATCIS_clean,32.5
LAVMAY_clean,134.1
LAWGOI_clean,138.1
LAWGUO_clean,144.8
LAWHEZ01_clean,132.2
LAWHEZ_clean,131.2
LAWHID_clean,131.9
LAXCUK_clean,138.2
LAZXIV_clean,141.5
LEJCEK_clean,65.5
LEJZOQ_clean,324.1
LELDOX_clean,829.6
LENGES_clean,607.0
LEQBUG_clean,155.9
LEQCAN_clean,153.3
LETREJ_clean,479.6
LEWZET_clean,89.0
LEZJOQ_clean,167.5
LEZJUW_clean,571.5
LIDSAU_clean,191.0
LIDSEY01_clean,386.6
LIDSEY_clean,184.2
LIDSIC_clean,236.2
LIFWEE_clean,61.2
LIHKAQ_clean,236.3
LIKCOY_charged,71.6
LIQTUC_clean,296.6
LIRTUC_clean,234.8
LIXXEW_clean,241.7
LOCRUR_clean,76.4
LODCUC_clean,166.8
LODTAB_clean,104.7
LOFJAT_clean,114.8
LORNEL_clean,46.1
LOSYAV_clean,138.7
LOXVUR_clean,437.9
LOZSOK_clean,336.7
LOZSUQ_clean,348.0
LUDKIG_clean,282.6
LUDTUZ_clean,130.7
LUDVAH_clean,184.8
LUDVEL_clean,100.8
LUDVOV_clean,104.1
LUKLIN_clean,160.6
LURRIA_clean,92.2
LURRUM_clean,364.0
LUSQOH_clean,805.8
LUTZEH_clean,752.4
LUWMUN_clean,86.7
LUWNAU_clean,85.2
LUXFEQ_charged,438.3
LUYBIS_clean,241.0
MAFFUW_clean,389.5
MAJJUF_clean,59.2
MAJKAM_clean,342.0
MAMVED_charged,1202.6
MAQMEZ_clean,239.0
MAVRAE_clean,146.7
MAXHUP_clean,88.0
MAZSOX_clean,127.5
MIBQAR16_clean,42.2
MIMSIM_clean,245.4
MINCET_clean,289.3
MIPHEA_clean,1222.9
MIVFUU_clean,131.7
MIXYOJ_clean,288.2
MIZKAI_clean,247.3
MIZPUI_clean,84.3
MODNIC_clean,107.4
MOKVOZ_clean,181.3
MOXBOS_clean,132.7
MOXPAR_clean,806.1
MOYMUJ_clean,402.6
MOYTUR_clean,365.8
MOYZIK_clean,53.5
MUFZIY_clean,241.5
MUGXIX_clean,257.4
MUKQUG_clean,185.6
MUKRAN_clean,195.6
MULXUO_clean,182.5
MUMLOX_clean,267.3
MUTCEL_clean,193.6
MUVJAP_clean,154.7
MUWRON_clean,137.1
MUZKEZ_clean,173.7
NACZUP01_clean,412.9
NACZUP03_clean,433.3
NACZUP_clean,421.1
NAHHOW_clean,133.1
NANPUN_clean,30.3
NATHOI_clean,390.5
NATXOW_clean,115.4
NAYHAY_clean,143.5
NEBYOK_clean,215.9
NEDLOZ_clean,242.6
NENHEU_clean,401.4
NIKHAS_clean,188.0
NIMQAC_clean,308.1
NIMQAD_clean,169.0
NIMQEH_clean,107.8
NIRFIE_clean,256.2
NIXFUX_clean,506.5
NIXGIM_clean,357.4
NIXKIQ_clean,327.9
NOBWEI_clean,527.4
NODKEX_clean,88.8
NODKIB_clean,322.0
NOFRIK_clean,563.1
NOHQEI_clean,989.1
NOMPOW_clean,169.5
NORPIV_clean,479.4
NUCPIM_clean,120.5
NUDLAB_clean,132.6
NUDLEF_clean,234.5
NUMPAO_clean,69.2
NUNZUT_clean,188.3
NUSXEG_clean,300.7
NUTQEZ_clean,69.9
NUTYOS_clean,145.3
NUVWIL_clean,73.3
NUVXUZ_clean,281.2
NUZCIV_clean,461.4
OBUBIW_clean,119.1
OCILEU_clean,163.4
OCILIY_clean,108.3
OCIMAR_clean,165.3
OCIMEV_clean,148.6
OCIMIZ_clean,79.6
OCIMOF_clean,142.2
OCIMUL_clean,149.3
OCINAS_clean,177.9
OCIZAD_clean,198.6
OCUMUX_clean,228.7
OCUPOS_clean,140.0
OCUTAI_clean,137.7
ODIXIK_clean,398.1
OFAMUF_clean,82.2
OFODAP_clean,76.8
OFORUX_clean,132.7
OGIJIY_clean,259.7
OGOJAX_clean,102.4
OHAQAR_clean,1495.9
OHOLIH_clean,171.6
OJIFAP_clean,240.5
OJIWEK_clean,249.0
OJOSEN_clean,136.4
OJOSIR_clean,251.8
OJUPEQ_clean,539.1
OKIZIT_clean,339.7
OKUJOV_clean,1071.2
OKUJUB_clean,2541.4
OKUKEM_clean,1456.8
OLODEA_clean,390.4
OLOGAY_clean,255.9
OLOPIQ_clean,526.3
OLOPOW_clean,636.9
OMOWEU_clean,313.7
OMUHUB_clean,680.9
OMUMEQ_clean,721.9
OMUMIU_clean,606.0
ONEYIQ_clean,2731.5
ONUJUE_clean,221.3
OPAHIY_clean,329.8
OQUFAJ01_clean,147.1
OQUFAJ03_clean,147.1
OQUFIR_clean,233.1
OQUFUD_clean,248.0
OQUGAK_clean,606.0
ORAWAH_clean,693.7
OREZUI_clean,638.7
OSOTIB_clean,126.2
OTOYUT_clean,199.5
OTOZAA_clean,138.1
OTOZEE_clean,213.7
OVADAR_clean,212.1
OVEDAW_clean,173.7
OVIWOG_clean,79.7
OVUNIE_clean,194.5
OVUVIL_clean,137.2
OXAMEG_clean,126.0
OXANOR_clean,184.7
OXANUX_clean,189.3
OXAPAF_clean,191.4
OYAJIJ02_clean,329.0
OYAKAC02_clean,298.8
OYOVOP_clean,192.8
OZASOZ_clean,377.7
PACHUZ_clean,173.7
PALTIH_clean,230.5
PAQMAY_clean,258.2
PAQTIM_clean,209.8
PAQTOS_clean,208.4
PARSAF_clean,386.7
PARSEJ_clean,376.2
PEJMUO_clean,206.2
PEKDEQ_clean,181.4
PEKVUY_clean,140.4
PEMGEV_clean,532.3
PENNIH_clean,263.5
PEQFAT_clean,242.3
PEQTUB_clean,91.2
PETWES_clean,150.5
PETWIW_clean,145.7
PETWUI_clean,695.5
PETXAP_clean,617.2
PIBPAS_clean,144.7
PIDNEX_clean,119.1
PIDNOH_clean,877.7
PILJAX_clean,131.5
PITRIU_clean,309.0
PIVBEC_clean,147.6
POBGAQ01_clean,147.5
POBGAQ_clean,93.6
POBJIB_clean,249.6
POCRAB_clean,137.7
PUBROU_clean,242.3
PUBRUA_clean,584.7
PUBSAH_clean,132.2
PUBSEL_clean,192.0
PUBSIP_clean,142.7
PUBSOV_clean,339.9
PUCKUV_clean,222.1
PUMGIP_clean,354.9
PUPJER_clean,191.2
PUSSEC_clean,167.5
PUWCEP_charged,518.1
PUWCIT_clean,123.3
PUWZOX_clean,543.4
QAHDOU_clean,61.6
QAHDUA_clean,59.1
QAMHAQ_clean,158.6
QAMLEY_clean,56.9
QAPPON_clean,144.0
QARLON_clean,117.7
QARLUT_clean,111.2
QARMAA_clean,110.8
QAVPOU_clean,252.0
QETQIP_clean,322.4
QIKYOA_clean,123.9
QILBUK_clean,434.8
QITHAC_clean,729.5
QITHEG_clean,1022.6
QIWHEL_clean,304.3
QIWQES_clean,151.0
QIYDAF01_clean,127.8
QOGGID_clean,235.9
QOGPIM_clean,261.2
QOPDAA_clean,246.4
QOTHOY_clean,144.4
QOZPEC_clean,141.5
QUJWEZ_clean,178.7
QUNMUI_clean,100.3
QUQGEP_neutral,142.6
QUQMOG_clean,467.0
QUQPIC_clean,155.9
QUQQOJ_clean,444.8
QUQZOS_clean,393.9
QURPIE_clean,753.3
QUSSAA_clean,277.8
QUSSOO_clean,176.4
QUTDAM_clean,128.4
RACZIG_clean,199.3
RAHNUL_clean,2177.8
RAHPAT_clean,1634.8
RANCEQ_clean,124.5
RANVUA_clean,237.7
RAXBOJ_clean,110.6
RAZXIA01_clean,96.2
REHHET_clean,244.8
REHHIX_clean,174.1
REHHUJ_clean,209.7
REHJAR_clean,265.4
REHTUV_clean,868.3
REJLOI_clean,319.4
REKZIR_clean,294.1
RELLAW_clean,143.2
RESDUQ_clean,152.6
RESZIA_clean,215.8
RETVIW_clean,230.8
REXCEE_clean,146.3
REXGAE_clean,299.5
RIRDIH_clean,450.3
RITGEI_clean,158.9
RITGUY_clean,77.2
RIWNAO_clean,447.9
RIZXUT_clean,45.4
ROBYOY_clean,473.8
ROKRIU_clean,1487.8
ROKROA_clean,508.0
ROMMAJ_clean,206.5
RONSOE_clean,253.5
RORTID_clean,162.4
RORTOJ_clean,154.5
RORTUP_clean,168.6
RUBLUX_clean,123.6
RUBTAK04_clean,494.2
RUBTAK06_clean,508.0
RUBTAK07_clean,508.6
RUBTAK08_clean,515.6
RUBTAK09_clean,517.3
RUDPOW_clean,149.1
RUDQEN_clean,207.8
RUDQOX_clean,88.3
RUFPUF_clean,55.7
RUFZOJ_clean,131.8
RUGXIC_clean,422.8
RUGXUO_clean,232.2
RUJMAM_clean,246.4
RUKHAI_clean,320.5
RULMUI_clean,307.5
RUMWUS_clean,318.6
RUQVEF_clean,95.0
RUYNEG_clean,328.5
SABFUX_clean,58.2
SAJHUJ_clean,433.5
SAJRAW11_clean,52.2
SAKNOJ_clean,439.4
SALROO_clean,199.1
SALRUU_clean,89.5
SAMVIO_clean,93.1
SAMXUC_clean,313.9
SAMYAJ_clean,292.4
SAMYEN_clean,315.7
SAMYIR_clean,304.6
SANGIA_clean,251.4
SANGOG_clean,254.5
SANHEX_clean,250.5
SAPHOI_clean,261.8
SARPIL_clean,147.4
SEFTOO_clean,105.4
SEFVOQ_clean,106.1
SEHMUO_clean,152.7
SEHNEZ_clean,171.6
SEMPUX_clean,412.6
SENQAE_clean,238.7
SENWAL_clean,38.3
SENWIT_clean,36.9
SENWOZ_clean,36.9
SERKEG_clean,62.6
SERWET_clean,270.0
SERWIX_clean,204.3
SESLUZ_clean,314.2
SETSUH_clean,211.0
SETTAO_clean,116.4
SEZPIY_clean,136.0
SINLAE_clean,122.4
SITFUY_clean,341.7
SIVGAH_clean,108.5
SOHMOS_clean,492.5
SOKXIB_clean,302.6
SOKXOH_clean,247.8
SONTEV_clean,198.2
SOPLIU_clean,97.7
SOVHIU_clean,390.8
SUGSEU_clean,458.3
SUKKUG_clean,461.5
SUKMAO_clean,446.1
SUNLAP_clean,219.1
SUPQAW_clean,103.6
SURHEU01_clean,519.3
SURHEU02_clean,514.2
SURHEU_clean,501.1
SURKUN01_clean,518.1
SURKUN_clean,513.9
SURLEY_clean,540.8
SUWZOB_clean,485.1
SUXGUP_clean,468.7
SUXNIJ_clean,264.3
SUXSEL_clean,297.7
TACFIN01_clean,130.3
TADWOM_clean,209.2
TAPLED_clean,172.7
TATSAK_clean,182.1
TAVSER_clean,341.0
TAWSUI_clean,100.0
TAZLAJ_clean,152.0
TAZLEN_clean,155.0
TEPJAB_clean,561.7
TEQLIM_clean,211.8
TEQPEM_SL,57.3
TEQVOC_clean,112.3
TERFED_clean,111.4
TEVHEJ_clean,250.8
TILBIB01_clean,233.5
TILBIB_clean,237.8
TILBOH_clean,202.5
TILPUA_clean,927.3
TILWEQ_clean,40.9
TIMMEI_clean,962.8
TIPZOJ_clean,182.2
TIPZUP_clean,155.8
TIRKEM_clean,178.1
TIVYAZ_clean,85.0
TOFLIL_clean,166.3
TOHDAX_clean,1380.0
TOHMIO_clean,335.6
TOHZAS_clean,119.4
TOKLEM_clean,155.1
TOKLIQ_clean,150.1
TONKIR_clean,407.3
TORXEE_clean,268.0
TOTVEF_clean,229.0
TOVGUI_clean,346.1
TOVHET_clean,270.4
TOVHIX_clean,815.5
TOVKAS_clean,194.5
TOWMOJ_clean,126.4
TUBWEU_clean,1476.8
TUJGAI_clean,643.9
TUWFUN_clean,252.1
UBACUX_clean,132.9
UCAJUF_clean,564.9
UDALUI_clean,78.8
UDAMET_clean,76.6
UDANIY_clean,71.6
UDAWOO_clean,121.8
UDAWUU_clean,72.9
UDAXAB_clean,123.9
UDAXEF_clean,119.8
UDAXIJ_clean,132.6
UDIQII_clean,137.7
UFEXOT_clean,497.3
UGEMOK_clean,511.9
UGOCAW_clean,2549.4
UJEGUL_clean,154.5
UKIQUB_clean,130.1
UKOLOV_clean,824.4
UKOZOL_clean,156.9
ULILEI_clean,215.1
ULOJUC01_clean,128.7
ULOJUC_clean,121.7
ULOKEN_clean,112.0
ULOKOX_clean,110.0
ULOKUD01_clean,138.9
ULOKUD_clean,123.5
ULOLAK_clean,113.5
UMEJUT_clean,46.6
UMEKAA_clean,141.7
UMIZIB_clean,558.5
UMODEH05_clean,151.4
UMOYOM01_clean,145.8
UMOYOM02_clean,141.7
UMOYOM04_clean,128.4
UMOYOM09_clean,137.5
UMOYOM12_clean,121.4
UMOYOM14_clean,141.9
UMOYOM15_clean,139.1
UMOYOM18_clean,175.3
UMOYOM19_clean,144.6
UMOYOM_clean,141.4
UNABOB_clean,262.2
UNACES01_clean,296.7
UNIFII_clean,1033.6
UNIGEE_clean,41.2
UQETOB_clean,402.0
USAHAZ_clean,197.1
USOXIL_clean,292.4
UTEWUM_clean,126.3
UTEXAT_clean,120.0
UTULEB_clean,67.9
UVEXAV_clean,220.1
UVUCEV_clean,243.1
UVUDEW_clean,406.4
UVUPOR_clean,137.4
UVUQOT_clean,129.6
UXACAY_clean,95.1
UXOHOG_clean,160.7
UYAMIS_clean,183.1
UYAMOY_clean,309.9
UZIZOU_clean,197.0
UZOBAO_clean,191.4
UZOBES_clean,197.1
UZOBIW_clean,205.6
UZUTUG_clean,142.1
UZUXOE_clean,400.9
VABJUE_clean,344.8
VABKAL_clean,307.4
VABKAN_clean,131.1
VABKEP_clean,284.3
VABKER_clean,119.2
VAGTAB_clean,377.9
VAJGAR_clean,482.3
VAJTEH_clean,206.3
VAJVEJ_clean,405.4
VAKLIF_clean,110.0
VAKNAZ_clean,106.0
VAKNED_clean,94.4
VAKPOP_clean,106.3
VAKPUV_clean,258.2
VAKQAC_clean,110.6
VAMYEQ_clean,178.1
VAMYIU_clean,179.6
VAMYOA_clean,791.5
VAMYUG_clean,172.2
VAMZAN_clean,782.0
VAMZER_clean,778.8
VARHON_clean,123.2
VARJAB_clean,283.6
VECVUW_clean,235.6
VEHJID_clean,73.6
VEJZIU_clean,344.6
VELBAQ_clean,112.5
VELVOY_clean,141.1
VEYREX_clean,130.0
VEYREY_clean,521.9
VEYWED_clean,301.4
VIDJID_clean,139.2
VIDWIQ_clean,170.1
VIGDIY_clean,269.3
VIJNIN_clean,589.9
VINHIL_clean,48.5
VIWQUP_clean,322.9
VIWRAW_clean,138.5
VIXPUP_clean,76.1
VOKNAM_clean,575.3
VOLRAQ01_clean,68.9
VONDIN_clean,510.5
VONDOT_clean,268.3
VONROH_clean,209.8
VONRUN_clean,325.0
VOQXIK_clean,91.0
VORHER_clean,355.3
VOSVAC_clean,250.6
VOSVEG_clean,379.7
VOSWIL_clean,86.9
VOVQEE_clean,61.7
VOXTOT_clean,704.7
VOXTUZ_clean,142.9
VOXVAH_clean,266.3
VOZVEN01_clean,121.9
VUHMOC_clean,137.7
VUHNAP_clean,114.7
VUHNIX_clean,127.0
VUHNUJ_clean,127.8
VUHPAR_clean,144.4
VUHPOF_clean,147.0
VUHPUL_clean,161.3
VUJBIM_clean,163.9
VUKSIF_clean,221.6
VUKYOR_clean,141.7
VUKYUX_clean,123.6
VUMBOW_clean,151.0
VURNED01_clean,134.3
VURNED02_clean,131.7
VURNED03_clean,130.7
VURNED04_clean,78.6
VURNED_clean,126.2
VUWROW_clean,158.3
WAFKEU05_clean,123.2
WAFKEU06_clean,141.8
WAFKEU07_clean,127.9
WAFKIY_clean,126.9
WAGPOM_clean,100.8
WAGQAY_clean,167.3
WAHDIT_clean,98.7
WAHROP_clean,235.2
WAKTOS_clean,85.2
WAMRIN02_clean,130.4
WANBIY_clean,210.2
WANHAX_clean,233.4
WANHEB_clean,185.3
WANHOL_clean,151.9
WANHUR_clean,212.9
WANKOO_clean,256.3
WANNEH_clean,622.7
WANNIL_clean,612.6
WAPTAL_clean,92.9
WAPTEP_clean,89.9
WAPTIT_clean,94.2
WAQFAY_clean,292.0
WARFAY01_clean,327.0
WARFAY02_clean,170.0
WARFAY03_clean,162.9
WARFAY04_clean,170.1
WARFAY05_clean,141.1
WARFAY06_clean,139.6
WARFIG_clean,332.4
WARXUL_clean,162.2
WASMUB01_clean,164.7
WASMUB02_clean,159.2
WAVQIV_ion_b,389.0
WAVRES_clean,446.1
WAVRIW_clean,526.1
WAZQIZ_clean,181.1
WEBJIY_clean,228.3
WEBJUK_clean,193.6
WEBKAR_clean,113.4
WEBKEV_clean,143.3
WETPES_clean,115.0
WEXSEZ_clean,144.1
WIJXAQ_clean,187.5
WIKGII_clean,300.5
WIKLOT_clean,203.3
WILGUV_clean,164.3
WIRMUH_clean,145.2
WIRNAO_clean,225.6
WISKOA_clean,188.5
WIWKIX_clean,380.7
WODREO_clean,334.7
WOJYEB_clean,880.6
WOJYIF_clean,895.0
WOJYOL_clean,905.1
WOJYUR_clean,875.7
WOLROF_clean,51.6
WOMFAG_clean,3740.2
WOMFEK_clean,4400.8
WOMXED_clean,1499.0
WONBAD_clean,169.0
WONJUG_clean,792.9
WONZOP_clean,92.1
WONZUV_clean,56.8
WOPSAX01_clean,385.0
WOYWIS_clean,402.9
WOYWOY_clean,343.6
WUDTUM_clean,116.8
WUDYUR_clean,362.9
WUDZAY_clean,284.7
WUDZIG_clean,135.6
WUDZOM_clean,132.5
WUDZUS_clean,137.3
WUGPUL_clean,113.3
WUJPIC_clean,85.4
WUTCET_clean,209.4
WUYLOS_clean,68.1
XACYAB_clean,315.4
XAKLIH_clean,273.7
XAKZEP_clean,127.8
XAMDUM07_clean,81.4
XANMUX01_clean,79.2
XANMUX02_clean,81.2
XANMUX03_clean,79.6
XANMUX04_clean,86.0
XANMUX05_clean,87.1
XANMUX06_clean,96.4
XANMUX07_clean,85.7
XANMUX08_clean,133.1
XANMUX_clean,81.5
XANZAQ01_clean,123.3
XANZAQ02_clean,123.4
XANZAQ03_clean,60.0
XANZAQ04_clean,82.4
XANZAQ05_clean,83.5
XANZAQ06_clean,84.9
XANZAQ07_clean,90.6
XANZAQ08_clean,83.7
XANZAQ_clean,79.9
XEKJIH_clean,274.0
XEKJON_clean,317.7
XEKJUT_clean,323.4
XEMHOM_clean,143.8
XENZEX_clean,406.4
XEVHAJ_clean,367.0
XEVHEN_clean,371.1
XIDMED_clean,116.8
XIJJEH_clean,2183.8
XILDUT_clean,128.0
XINFUW_clean,73.2
XISDIO_clean,283.5
XISDOU_clean,283.6
XISDUA_clean,284.1
XISLUI_clean,378.0
XITYEF_clean,2126.9
XIVVEF_clean,164.3
XIZCUG_clean,157.9
XIZJEW_clean,197.5
XOBDUO_clean,73.7
XOCQUD_clean,151.0
XODNUB_clean,226.7
XOFGEG_clean,695.2
XOMCUZ_clean,84.0
XOMHEO_clean,176.1
XOMHIS_clean,534.3
XOMNEU_clean,428.6
XONLES_clean,222.6
XOPJAO_clean,311.4
XUDPET_clean,506.6
XUDPOD_clean,326.1
XUDPUJ_clean,1085.8
XUDQAQ_clean,841.6
XUDQEU_clean,684.0
XUDVAV_clean,172.5
XUFWAX_clean,117.0
XUFWEB_clean,116.0
XUFWIF_clean,101.2
XUFWOL_clean,166.7
XUFYEE_clean,819.1
XUMNAW_clean,238.4
YABHIV_clean,551.5
YAFJEX_clean,201.1
YAGHAS_clean,391.1
YAGHUM_clean,82.5
YAHWAI_clean,110.1
YAMYUJ_clean,459.5
YAPTIT_clean,313.9
YARBIE_clean,407.4
YARGOP_clean,76.2
YARZEZ01_clean,50.5
YASVOG_clean,415.0
YASVUM_clean,71.8
YATVUN_clean,459.8
YATWAU_clean,482.5
YAZFOW_clean,145.4
YEFNIG_clean,51.2
YEFPAA_clean,51.5
YEFPII_clean,277.3
YEGHEZ_clean,83.8
YEYDAJ_clean,639.7
YIDSOT_clean,149.2
YIJCEB_clean,251.8
YINTEW_clean,97.8
YINXUQ_clean,76.4
YIVTII_clean,203.1
YIWBIR_clean,378.9
YIWMIA_clean,63.4
YIWNEX_clean,67.8
YIWNUN_clean,44.5
YIXBIQ_clean,137.2
YIZJEY_clean,135.6
YOCNIP_clean,275.1
YOGKEM_clean,355.5
YOGKIQ_clean,824.2
YORCEP_clean,133.4
YORCIT_clean,275.2
YORRII_clean,231.1
YORSOP_clean,252.1
YOSWUA_clean,339.8
YOYCEV_clean,626.0
YOYYUI_clean,1911.9
YOZBEW_clean,229.2
YOZBIZ01_clean,818.5
YOZBIZ_clean,806.4
YOZBOF01_clean,654.7
YOZCEW_clean,431.2
YUDDEH_clean,154.3
YUTJAA_clean,134.4
ZADQUT_clean,226.4
ZADRAA_clean,226.0
ZADREE_clean,222.2
ZADROO_clean,226.5
ZARLOV_clean,527.8
ZAXTAV_clean,330.5
ZAYJUG_clean,162.2
ZEBMEA_clean,199.0
ZESFUY_clean,66.3
ZEVYAC_clean,371.0
ZEXSOM_clean,211.4
ZEZPIF_clean,136.9
ZILBUT_clean,49.5
ZIQVAY_clean,278.0
ZISNEW_clean,124.0
ZISXEG_clean,1160.2
ZIVCOY_clean,52.6
ZIZTEJ_clean,217.1
ZODXAT_clean,634.5
ZOGBAA_clean,107.8
ZOJWAY_clean,723.8
ZOKGAJ_clean,316.2
ZOQSUV_clean,133.4
ZOQTAC_clean,142.4
ZOQTIK_clean,166.2
ZOXNAD_clean,371.7
ZULNAX_clean,609.7
ZUQBUK_clean,287.4
ZUSNOS_clean,502.9
ABAYIO_clean,591.2
ABAYOU_clean,604.9
ABESUX_clean,92.3
ABETAE_clean,89.9
ABETIN_clean,466.0
ABEXEM_clean,114.6
ABEXEN_clean,148.0
ABEXOW_clean,114.8
ABEXUC_clean,113.1
ABEYAJ_clean,115.9
ABEYEN_clean,115.6
ABEYIR_clean,114.9
ABIXOZ_clean,60.5
ABIYIV_clean,197.9
ABULOB_clean,164.0
ABUWOJ_clean,110.3
ac403674p_si_001_clean,114.9
ACAJIY_clean,221.6
ACAJIZ_clean,290.9
ACAJOF_clean,110.9
ACIBOE_clean,79.6
ACODON_clean,136.5
ACOGAB_clean,134.6
ACOGEF_clean,139.2
ACOLIP_clean,180.2
ACOLOV_clean,177.5
acs.cgd.5b01686_WAHFUJ1434675_clean,236.2
acs.cgd.6b00463_OLOMUZ1451936_clean,397.5
acs.chemmater.6b02817_cm6b02817_si_004_clean,250.5
acs.chemrev.6b00346_cr6b00346_si_001_clean,105.2
acscombsci.5b00188_24205_clean,148.5
acscombsci.5b00188_3001288_clean,30.7
acscombsci.5b00188_5020072_clean,50.8
acscombsci.5b00188_5024922_clean,40.6
acscombsci.5b00188_5036495_clean,21.4
acscombsci.5b00188_5040209_clean,77.9
acscombsci.5b00188_8372_clean,72.3
acs.inorgchem.5b02108_ic5b02108_si_002_clean,104.5
acs.inorgchem.5b02973_ic5b02973_si_002_clean,185.1
acs.inorgchem.6b00081_ic6b00081_si_001_clean,245.6
acs.inorgchem.6b00433_ic6b00433_si_002_clean,206.1
acs.inorgchem.6b00894_ic6b00894_si_002_clean,438.0
acs.inorgchem.6b01569_ic6b01569_si_002_clean,160.6
acs.inorgchem.6b01740_ic6b01740_si_002_clean,277.5
acs.inorgchem.6b02407_ic6b02407_si_002_clean,123.7
acs.inorgchem.6b02407_ic6b02407_si_003_clean,323.5
acs.inorgchem.6b02413_ic6b02413_si_002_clean,492.3
acs.inorgchem.6b02514_ic6b02514_si_002_clean,122.9
acs.inorgchem.6b02696_ic6b02696_si_002_clean,1238.0
acs.jpcc.6b08594_UiO66_Ce2Zr4_opt_clean,104.9
acs.jpcc.6b08594_Zn2Cd6MOF5_opt_clean,82.8
ACUBAB_clean,189.7
ACUFEK_clean,140.2
ACUJOZ_manual,370.2
ACUTOI_clean,213.5
ADARAA_clean,671.7
ADASAB_charged,166.2
ADASEF_clean,101.1
ADASIJ_clean,170.7
ADASOP_clean,92.4
ADASUV_clean,93.2
ADATAC_clean,109.3
ADATEG_manual,207.7
ADATIK_clean,120.4
ADATOQ_clean,402.2
ADATUW_clean,393.4
ADAVAE_clean,416.9
ADAVEI_clean,421.1
ADAXEK_clean,123.8
ADAXIO_clean,178.7
ADIQEL_clean,229.8
ADOBAX_charged,102.4
ADOBEB_charged,105.5
ADOBOL_charged,96.5
ADOBUR_charged,103.9
ADOCEC_clean,85.3
ADODAA_charged,124.2
ADODOO_clean,102.2
ADODUU_clean,103.6
ADOGEH_clean,991.1
ADUROI_clean,608.4
ADUWIH_clean,238.0
ADUWON_clean,114.4
AFEJOK_ion_b,171.2
AFENEE_clean,99.8
AFIPAH_clean,103.2
AFITEP_clean,141.5
AFITUF_clean,131.2
AFIXAO_clean,251.6
AFIXES_clean,263.5
AFOTOF_clean,109.0
AFOTUL_clean,105.8
AFOVAT_clean,106.3
AFOVEX_clean,106.4
AFOVIB_clean,108.4
AFOVOH_clean,107.3
AFOYAW_clean,204.8
AFOYEB_clean,100.9
AFOYIE_clean,57.1
AFOYOK_clean,157.5
AFUKET_clean,302.8
AFUKIX_clean,177.3
AFUPEX_clean,76.9
AGABIU_clean,39.0
AGARUW_clean,92.1
AGIREP_clean,394.7
AGOFEJ_clean,180.4
AGONAM_clean,122.4
AGONEQ_clean,65.7
AGOVOJ_clean,49.9
AGUVOO_charged,278.9
AHAMAY_clean,199.1
AHEQAH_clean,77.9
AHOKIR01_clean,158.7
AHOKIR_clean,119.2
AHOKOX_clean,105.9
AJAKON_clean,167.3
AJAYIT_clean,173.2
AJIGIL_clean,288.6
AJOTEY_clean,57.7
AJOVEB_clean,249.2
AJOXAA_clean,143.1
AKEDIF_clean,135.2
AKOBAF_clean,279.3
AKOHEO_clean,96.6
AKUKUO_clean,123.3
ALAHUS_clean,170.8
ALAMUW_clean,72.2
ALANAD_clean,115.0
ALEJAE_clean,107.8
ALEJEI_clean,214.9
ALEJIM_clean,209.5
ALEQIT_clean,139.9
ALIBUT_clean,305.0
ALICAA_clean,294.0
ALIXAU_clean_h,109.6
ALIXOJ_clean,100.3
ALIXUP_clean,78.0
ALOLES_ion_b,86.5
ALOLET_charged,330.5
ALOLIX_charged,277.9
ALOLIY_clean,82.6
ALONEV_clean,182.2
ALUJEX_clean,132.1
ALUJIB_clean,126.5
ALUJOH_clean,121.6
ALUKIC_clean,72.0
ALUKOI_clean,73.4
ALUKUO_clean,70.5
ALULAV_clean,71.1
ALULEZ_clean,73.0
ALULID_clean,67.2
ALURAB_clean,222.3
ALUREF_clean,218.9
ALURIJ_clean,221.9
AMAFOK_clean,164.1
AMAGAX_clean,383.8
AMILOY_clean,248.6
AMILUE_clean,209.2
AMIMAL_clean,249.1
AMIMEP_clean,217.8
AMODUC_clean,77.9
AMOFAK_clean,73.4
AMOYOR_clean,205.3
AMUFOF_clean,106.3
AMUPOP_clean,350.7
AMUWIP_charged,174.6
AMUWUB_clean,76.4
AMUXAI_clean,90.5
ANAWIX_clean,116.1
ANAWOD_clean,180.3
ANEHEI_clean,138.8
ANENEN_clean,95.9
ANENIR_clean,103.3
ANIDIL_clean,467.7
ANOMUM_clean,79.6
ANONAT_manual,77.4
ANUGEW_clean,163.0
ANUGIA_clean,63.5
ANUGOG_clean,95.0
APACAX_clean,77.2
APARAM_clean,189.6
APAYIB_clean,214.4
APAYOH_clean,206.4
APAYUN_clean,121.8
APAZAU_clean,163.8
APAZEY_clean,162.9
APAZIC_clean,158.3
APAZOI_clean,203.2
APEBED_clean,126.2
APEBEE_clean,171.8
APEBUU_clean,215.9
APUPEH_clean,29.2
AQEQES_clean,84.7
AQEQIW_clean,90.1
AQIQAU_clean,307.1
AQIXUV_clean,208.2
AQOLEZ_clean,127.5
AQOLID_clean,762.9
AQOLUP_clean,533.3
AQOMAW_clean,153.7
AQOMEA01_clean,548.9
AQOMEA_clean,525.8
AQUCOF_clean,132.7
AQUCOG_clean,191.5
AQUCUM_clean,195.4
AQUDAS_clean,130.8
AQUDAT_clean,134.2
AQUDEX_clean,137.7
AQUDIB_clean,191.8
AQUDOH_clean,135.8
ARADEE_clean,166.4
ARAFEF_clean,101.0
ARAFIJ_clean,105.3
ARAFOP_clean,204.3
ARAGOR_clean,194.0
ARINOF_clean,197.7
ARINUL_clean,173.5
AROFAP_clean,137.8
AROFET_clean,96.0
ARUYES_clean,158.5
ARUYUH01_clean,156.0
ARUYUH_clean,149.1
ASACON_clean,122.4
ASADAA_clean,114.2
ASAHEJ_clean,107.0
ASECUY_clean,218.7
ASEJOZ01_clean,155.4
ASEJOZ_clean,87.3
ASINAT_clean,170.9
ASINEX_clean,986.0
ASINIB_clean,1007.3
ASIQEA_clean,116.2
ASIQIE_clean,112.9
ASIVAB_clean,93.6
ASOHUL_clean,63.6
ASOSUY_clean,139.7
ASOVEL_clean,106.4
ASOYOY_clean,212.1
ASUBIB_clean,117.2
ASUKEE01_clean,326.4
ASUKEE_clean,336.8
ASUWUI_clean,145.0
ATAFIK_clean,116.2
ATAYAX_clean,138.9
ATAYEB_clean,141.9
ATEYED_clean,79.4
ATEYOP_clean,302.2
ATEYUV_clean,305.1
ATEZAC_clean,86.3
ATIBAG_clean,90.1
ATIBOU01_clean,92.2
ATIBOU02_clean,89.4
ATIBOU_clean,91.7
ATIBUA_clean,90.3
ATICAH_clean,90.8
ATICEL_clean,89.3
ATIJUJ_manual,93.5
ATIRUS_clean,161.9
ATIXAE_clean,72.9
ATIXUX_clean,297.8
ATOGEV_clean,74.9
ATOWIQ_clean,149.8
ATOWOW_clean,94.9
ATULIM_clean,143.0
ATUXIY_clean,282.4
AVAGIP_clean,105.1
AVAGOV_clean,108.1
AVAGUB_clean,189.0
AVAJUE_clean,803.9
AVAKAL_clean,56.8
AVAKEP_clean,81.9
AVAQIX01_clean,166.5
AVAQIX_clean,192.0
AVEHAM_clean,343.0
AVELOD_clean,252.8
AVELUJ_clean,274.7
AVEMAQ_clean,256.5
AVEQID_clean,126.5
AVESOL_clean,164.3
AVESUR_clean,126.5
AVETEC_clean,85.9
AVEVEE_clean,107.0
AVIHIY_clean,65.5
AVIHOE_clean,60.2
AVILEY_clean,208.9
AVIMIC_clean,176.7
AVIMOI_clean,324.2
AVIMUO_clean,176.0
AVIPAX_clean,111.9
AVIPOL_clean,136.7
AVITUU_clean,195.0
AVIVAC_clean,194.7
AVIVEG_clean,197.0
AVIVIK_clean,209.2
AVIVOQ_clean,212.7
AVIVUW_clean,208.8
AVOSIO_charged,283.4
AVUCEA_clean,134.1
AVUDAX_clean,221.7
AWAGEL_clean,180.6
AWAGOV_clean,354.3
AWAHEM_clean,74.1
AWAKEQ_clean,117.8
AWAREV_clean,188.9
AWARIZ_clean,188.6
AWASAU_clean,77.5
AWASEY_clean,97.5
AWASOI_clean,156.5
AWAWUR_clean,219.4
AWEDOW_charged,151.5
AWEGEP_clean,124.5
AWEJIW_clean,148.7
AWEVIJ_clean,547.0
AWEZOS01_clean,484.1
AWEZOS_clean,488.8
AWIBAK_clean,485.5
AWIBAL_clean,174.7
AWIBEO_clean,450.8
AWIBIS_clean,465.6
AWOFOI_clean,131.7
AWUPAL_clean,68.1
AXAFAG_clean,119.2
AXIMUP_clean,136.5
AXINAX01_clean,59.5
AXINEA_clean,267.9
AXINIF_clean,217.8
AXIPEE01_clean,66.4
AXIPEE02_clean,200.2
AXIPEE03_clean,71.7
AXIPEE_clean,67.5
AXUBAW_manual,68.6
AXUBOL_clean,155.0
AXUHAD_clean,372.5
AXUHEH_clean,260.9
AYOQEM_clean,522.9
AYOXUJ_clean,163.6
AYUJIP_clean,538.9
AZAFIS_clean,76.7
AZAVOO_clean,151.9
AZAVUU_clean,116.3
AZAWAB_clean,341.0
AZEBUE_clean,130.1
AZEWEH_clean,132.2
AZIVAI_clean,111.5
AZIXUD_clean,138.6
BACGAQ_clean,198.5
BADYAJ_clean,95.5
BAEDTA01_clean,257.9
BAFHAU_clean,33.3
BAKGIF_manual,114.0
BAKJEE_clean,102.1
BAKJII_clean,194.2
BAKJOO_clean,165.5
BAKYOE_clean,100.1
BAMKIM_clean,112.6
BAMKOS_clean,116.4
BANMAG_clean,72.8
BAPDAA_clean,154.6
BAQWIC_clean,119.4
BARZOL_charged,429.9
BARZUR_clean,199.1
BASJUB_clean,313.0
BAWROI_clean,98.4
BAWRUO_clean,67.9
BAXFIR01_clean,168.7
BAXFIR02_clean,176.4
BAXSIE_clean,108.0
BAZFUF01_clean,213.3
BAZFUF_clean,222.1
BAZGAM_clean,75.9
BAZGEQ_clean,218.7
BAZJET_clean,101.0
BAZJIX_clean,109.2
BEDYEQ_clean,87.4
BEFGEA_manual,233.2
BEFLUV_clean,121.3
BEFMAC_clean,148.8
BEJZAS_clean,78.1
BELJIL_clean,169.1
BELTOD_clean,450.5
BELTUJ_clean,441.8
BELVEV_charged,141.7
BENXUP_clean,157.5
BENZOL_clean,96.9
BENZUR_clean,98.0
BEPBAB_clean,96.0
BEPLUF_clean,68.9
BEPMAM_clean,69.6
BEPMIU_clean,71.7
BEPNIV_clean,68.5
BEPNOB_clean,69.2
BEPNUH_clean,74.3
BEPPAP_clean,70.9
BEPPIX_clean,89.2
BEPPOD_clean,84.6
BEPREV01_clean,366.2
BEPREV02_clean,345.1
BEPREV03_clean,359.7
BEPREV_clean,353.9
BEPRIZ_clean,98.0
BEPROF_clean,136.0
BEPVEZ_clean,126.2
BEPVID_clean,128.0
BEPVOJ01_clean,134.5
BEPVOJ_clean,126.2
BEPWEA_clean,96.2
BETDAH_clean,97.1
BETDEL_clean,150.6
BETDIP_clean,163.1
BETDUB_clean,94.4
BETFAJ_clean,99.9
BETFEN_clean,95.9
BETFUD_clean,98.3
BETGAK_clean,96.1
BETGEO_clean,128.7
BETGIS_clean,120.1
BETGOY_clean,113.7
BETGUE_clean,83.6
BETHEP_clean,112.3
BETHIT_clean,85.3
BETZOR_clean,206.0
BEVWAB_clean,406.1
BEWVOQ_clean,44.2
BEWWEH_clean,50.3
BEXPAX_clean,79.7
BEXQIF_clean,56.1
BEXQOL_clean,53.9
BEXQUR_clean,53.8
BEXRAY_clean,37.5
BEXREC_clean,38.6
BEXRIG_clean,38.9
BEXRUT_clean,116.7
BEXSAA_clean,113.8
BEXSEE_clean,111.4
BEXSII_clean,91.1
BEXVEH_clean,118.8
BEYKEX_clean,160.5
BEYSEF_clean,119.2
BIBXIV_clean,270.0
BIBXOB_clean,83.0
BIBXUH_clean,67.5
BICPOT_clean,289.9
BICPUA_clean,105.2
BIDPOV_clean,179.0
BIFGOO_clean,112.9
BIFKEI_clean,159.1
BIGZUO_clean,73.9
BIHBAX_clean,213.9
BIJDUV_clean,146.0
BIMDEF_clean,140.6
BIMDIL_clean,132.1
BINCUY_manual,215.9
BINDAF_manual,217.0
BINROH_clean,166.3
BINRUN_clean,180.0
BINSAU_clean,196.4
BIPLIX_clean,173.6
BIPSUQ_clean,127.2
BIQHEQ_clean,143.9
BIQVII_clean,125.8
BIRMUM_clean,146.1
BIRSEC_clean,233.8
BIRSIG_clean,247.8
BIWSEG_ion_b,19.4
BIWSIK_ion_b,241.6
BIWYAH10_clean,34.6
BIXXIR_clean,200.8
BIXYEO_clean,225.8
BIYSUZ_clean,57.3
BIYTAG_clean,65.6
BIYTOU_clean,102.5
BIYVEM_clean,64.5
BIYVIQ_clean,133.7
BIYXUE_charged,397.5
BIYYAL_charged,407.9
BIYYEP_charged,513.6
BIZLUT_clean,344.5
BIZMAA_clean,347.6
BIZMEE_clean,334.5
BIZMII_clean,331.2
BOCKOT_clean,104.1
BOHJOZ_auto,102.4
BOJCIN_clean,186.1
BOKQEZ_clean,125.4
BOLPAU_clean,175.0
BOLZIN_clean,187.0
BOMCOX_clean,272.5
BOPHIZ_clean,121.3
BOVHEB_clean,363.3
BOWDIC_clean,235.7
BOWNUY_clean,88.1
BOWRAH_clean,322.0
BOWZUK_clean,68.8
BOXFOK_clean,310.0
BOXYIY_clean,80.8
BOYCEY_auto,140.2
BOYTEQ_clean,158.5
BOYYOF_clean,185.4
BOZFIH_clean,348.0
BOZFON_clean,234.4
BUBQOE_clean,138.2
BUBTUP_clean,175.2
BUCSEY_clean,156.4
BUCVAY_clean,302.3
BUCWAZ_clean,95.8
BUFNEW_charged,513.7
BUFNOG_charged,513.0
BUGSAY_clean,162.9
BUGSEC_clean,159.0
BUGSIG_clean,160.9
BUGSOM_clean,162.2
BUKMUQ01_clean,48.4
BUKRUW01_clean,121.7
BUKRUW02_clean,105.8
BUKRUW03_clean,98.9
BUKYAJ_clean,162.6
BULBER_clean,158.2
BUNKUS_clean,111.2
BUNLAZ_clean,96.2
BUPVEP_clean,103.7
BUQWER_clean,230.6
BURJOO_clean,108.8
BURQIQ_clean,295.3
BUSNAF_clean,127.8
BUSQEM_clean,141.9
BUSQIQ_clean,270.7
BUSRUE_clean,167.7
BUVHEH_clean,95.7
BUVWOF02_clean,153.5
BUVWOF03_clean,123.0
BUVXOG_clean,154.4
BUVYEX_clean,116.2
BUVYIB01_clean,106.1
BUVYIB_clean,106.3
BUWLUC_clean,109.7
BUWMAJ_clean,87.0
BUWMEN_clean,79.1
BUWMIR_clean,73.9
BUXNOZ_clean,218.5
BUXTOF_clean,405.6
BUXZAX_clean,86.2
BUYNAL_charged,147.1
c4ce00408f_c4ce00408f2_clean,666.1
c4dt03702b_c4dt03702b2_clean,70.9
c5cc04223b_c5cc04223b2_clean,73.5
c5cc09432a_c5cc09432a2_clean,220.1
c5cc10203k_c5cc10203k2_clean,134.3
c5ce00862j_c5ce00862j2_clean,184.2
c5ce01948f_c5ce01948f2_clean,119.5
c5ce02194d_c5ce02194d2_clean,226.1
c5cp03920g_c5cp03920g2_clean,84.3
c5dt03091a_c5dt03091a2_clean,119.2
c5gc02393a_c5gc02393a2_clean,168.9
c5nj01930c_c5nj01930c2_clean,183.3
c5nj02634b_c5nj02634b2_clean,379.9
c5sc03494a_c5sc03494a2_clean,189.0
c5ta04989j_c5ta04989j2_clean,147.8
c6cc00862c_c6cc00862c2_clean,194.3
c6cc02494g_c6cc02494g1_clean,162.7
c6cc02494g_c6cc02494g3_clean,166.0
c6cc02494g_c6cc02494g4_clean,165.5
c6cc02494g_c6cc02494g5_clean,149.0
c6cc02494g_c6cc02494g6_clean,162.4
c6ce00126b_c6ce00126b2_clean,208.3
c6ce00141f_c6ce00141f2_clean,280.6
c6ce00407e_c6ce00407e1_clean,105.3
c6ce00407e_c6ce00407e2_clean,104.7
c6ce00407e_c6ce00407e3_clean,78.7
c6ce00407e_c6ce00407e4_clean,390.3
c6ce00407e_c6ce00407e7_clean,181.6
c6ce00407e_c6ce00407e8_clean,81.4
c6ce00407e_c6ce00407e9_clean,32.6
c6dt03852b_c6dt03852b2_clean,53.8
c6dt04165e_c6dt04165e2_clean,92.5
c6ta00429f_c6ta00429f2_clean,702.9
CABJOH_clean,111.8
CACBUG_clean,92.8
CADPII_clean,156.6
CADQAB_clean,85.4
CADQOP_clean,79.5
CADZIT_clean,202.8
CAGSAG_clean,156.9
CAGXIU_clean,160.0
CAJQEL_clean,86.6
CAJQIP_clean,61.6
CAJWIV_ion_b,157.0
CANRIU_clean,172.1
CANROA_clean,165.7
CANRUG_clean,299.8
CANYIB_clean,197.2
CAPLOX_clean,102.9
CAQCAZ_clean,186.0
CARGEI_clean,60.5
CASTEW_clean,195.7
CAVMOD_clean,176.5
CAVNOE_clean,135.5
CAVPEW_manual,304.5
CAVPIA_manual,301.2
CAVPUM_manual,311.8
CAVRAU_clean,220.6
CAVREY_clean,227.2
CAVSUP_clean,75.3
CAVVUS_clean,99.5
CAWDOU02_clean,121.4
CAWDOU_charged,153.3
CAWVIH_SL,200.0
CAXTAY_clean,95.8
CAXTEC_clean,129.8
CAXVII_clean,85.0
CAXVOO_clean,83.8
CAXVUU_clean,82.4
CAXWAB_clean,84.0
CAXWEF_clean,83.1
CAXWIJ_clean,83.5
CAXXEG_clean,245.8
CAXZOS_clean,665.8
CAXZUY_clean,460.4
CAYCAI_clean,98.9
CAYDEN_clean,106.5
CAYDIR_clean,109.9
CAYDUD_clean,109.5
CAYKEU_clean,156.7
CAYMIZ_clean,156.5
CAYQAV_clean,169.4
CAYSIE_clean,133.7
CAYSOK_clean,105.8
CAYYEG_clean,134.8
CAZGIT_clean,274.9
CAZNEY_clean,111.4
CAZNOI_charged,68.0
CAZNUO_charged,64.5
CEBDOD_clean,127.5
CECVAI_clean,209.1
CEDFIC_clean,139.4
CEGDUO_clean,134.4
CEGFAW_clean,159.8
CEGWER_clean,161.9
CEHLAD_clean,160.8
CEJBEA_clean,137.1
CEJCAW_clean,93.8
CEJZAU_clean,254.6
CEKHIL_clean,59.9
CEKROB_clean,120.5
CELZEA_clean,99.0
CEMYUQ_clean,75.5
CENJIQ_clean,93.5
CENKAJ_clean,91.2
CENPUI_clean,299.6
CEQBUV_charged,140.0
CETFOX_clean,87.6
CETFUD_clean,148.9
CETGOY_clean,196.4
CETHEQ_clean,68.2
CETJAN_clean_h,257.4
CETNUL_clean,235.5
CEXHET_clean,222.4
CEXHOD_clean,288.2
CEXJOF_clean,923.9
CEXSEE_charged,273.9
CEYPUT01_clean,208.4
CEYPUT_clean,201.4
CEZFIY_clean,262.9
cg034025wsi20030214_115651_clean,128.8
cg060732osi20070605_042406_clean,91.9
cg200332y_si_002_clean,119.8
cg200606r_si_001_clean,133.5
cg300302n_si_004_clean,73.7
cg300827e_si_003_clean,688.5
cg301577a_si_002_clean,91.0
cg301725z_si_004_clean,124.3
cg400449c_si_001_clean,117.8
cg401858s_si_002_clean,147.5
cg401887b_si_003_clean,143.6
cg401887b_si_004_clean,142.7
cg500033b_si_002_clean,321.1
cg500033b_si_003_clean,374.1
cg500091k_si_002_clean,122.3
cg500121f_si_004_clean,117.5
cg500149s_si_002_clean,171.6
cg500192d_si_003_clean,69.8
cg501012e_si_002_clean,146.9
cg5010616_si_003_clean,156.2
cg5010616_si_007_clean,151.3
cg501141m_si_002_clean,394.2
cg501231v_si_001_clean,408.9
cg5012617_si_002_clean,192.1
cg501279y_si_002_clean,227.3
cg501332u_si_002_clean,115.8
cg501560z_si_002_clean,165.2
cg501560z_si_003_clean,34.5
cg501730q_si_002_clean,160.6
cg800424t_si_002_clean,143.9
cg8013317_si_003_clean,246.3
cg900153m_si_001_clean,233.8
cg901114e_si_002_clean,110.2
cg901128k_si_004_clean,149.7
cg901312t_si_002_clean,667.6
CIDKUX_clean,78.7
CIFDOM_clean,151.8
CIFDUS_clean,154.9
CIFJAE_clean,115.0
CIFLUA_clean,227.0
CIFMAH_clean,187.4
CIFMEL_clean,32.5
CIFMIP_clean,123.9
CIGDUT_clean,151.7
CIGFAB_clean,140.1
CIGFEF_clean,100.1
CIGXIA_manual,1407.5
CIJVOH01_clean,67.2
CIJVOH_clean,64.0
CIMTAV_charged,540.4
CIMTEZ_charged,591.8
CIPCUB_clean,224.5
CIRTUU_clean,250.3
CISLUN_clean,90.5
CISXEJ_clean,284.3
CITZIP_manual,104.2
CIVTEH_clean,180.7
CIWREG_clean,287.4
CIWRIK_clean,289.3
CIWROQ_clean,289.6
CIWRUW_clean,275.4
CIWSAD_clean,295.1
CIWYUD_clean,99.4
CIWZEP_clean,349.8
CIWZIT_clean,363.6
CIXBUH_clean,264.5
CIXCAO_clean,299.6
CIYZUG_clean,120.0
CIZMIJ_clean,98.3
CIZPOS_clean,209.5
cm1008587_si_003_clean,96.2
cm202876r_si_002_clean,340.0
cm301726k_si_004_clean,139.4
cm303749m_si_001_clean,54.9
cm303749m_si_002_clean,48.0
cm500700z_si_002_clean,191.5
cm500700z_si_003_clean,484.9
cm501138g_si_002_clean,83.8
cm501138g_si_005_clean,84.7
cm501138g_si_006_clean,84.1
cm501138g_si_008_clean,84.2
cm501138g_si_009_clean,83.8
cm501138g_si_010_clean,84.1
cm501138g_si_011_clean,82.4
cm501138g_si_012_clean,82.9
cm503311x_alf100K_clean,108.0
cm503311x_alf11K_clean,103.5
cm503311x_alf125K_clean,103.8
cm503311x_alf150K_clean,104.1
cm503311x_alf175K_clean,90.7
cm503311x_alf200K_clean,86.0
cm503311x_alf225K_clean,85.6
cm503311x_alf250K_clean,85.9
cm503311x_alf275K_clean,87.6
cm503311x_alf290K_clean,85.5
cm503311x_alf300K_clean,90.8
cm503311x_alf325K_clean,86.1
cm503311x_alf350K_clean,85.0
cm503311x_alf375K_clean,85.3
cm503311x_alf400K_clean,84.9
cm503311x_alf40K_clean,104.0
cm503311x_alf425K_clean,85.6
cm503311x_alf475K_clean,84.6
cm503311x_alf500K_clean,85.6
cm503311x_alf70K_clean,104.3
cm503311x_aloh150K_clean,85.6
cm503311x_aloh175K_clean,86.2
cm503311x_aloh200K_clean,86.4
cm503311x_aloh225K_clean,85.8
cm503311x_aloh250K_clean,85.4
cm503311x_aloh275K_clean,85.8
cm503311x_aloh300K_clean,84.6
cm503311x_aloh325K_clean,85.6
cm503311x_aloh350K_clean,88.1
cm503311x_aloh375K_clean,86.1
cm503311x_aloh400K_clean,86.2
cm503311x_aloh425K_clean,86.8
cm503311x_aloh450K_clean,86.4
cm503311x_aloh475K_clean,85.8
cm503311x_aloh500K_clean,87.3
cm503311x_F-mil-53-Al-lp-mono_clean,191.3
cm503311x_F-mil-53-Al-lp-ortho_clean,172.6
cm503311x_OH-mil-53-Al-lp-ortho_clean,158.5
cm504350q_si_002_clean,912.9
cm901983a_si_001_clean,1604.8
COBWEV_clean,77.7
COCMAJ_clean,207.5
COCMOY_clean,110.4
COCMUE_clean,328.2
COCNAL_clean,162.4
COCNEP_clean,330.6
CODFEH_clean,83.2
CODMUF_clean,128.8
CODNAM_clean,118.6
CODROD_clean,168.9
CODRUJ_clean,167.0
CODSUL_clean,243.2
COGNAO_clean,585.9
COJGEO_clean,155.7
COJHIT_clean,105.8
COKFAK_clean,184.3
COKMEW_clean,213.3
COKMIA_clean,193.2
COKMOG_clean,191.2
COKMUM_clean,142.7
COKNAT_clean,213.1
COKPEZ_clean,209.9
COKPID_clean,207.3
COKPOJ_clean,195.2
COKPUP_clean,217.5
COKQAW_clean,163.6
COKQEA_clean,198.7
COKQIE_clean,214.4
COKQOK_clean,211.2
COKROL_clean,263.6
COKRUR_clean,902.0
COMDOY_clean,164.4
COPXOV_clean,434.2
COQGAS_clean,165.0
COQHUN_clean,216.4
COQLAX_clean,915.7
COQNIF_clean,152.3
COQTEJ_clean,83.3
CORZIU_clean,126.3
COSMII_clean,86.4
COTVOY_clean,110.6
COTVUE_clean,109.6
COTXEQ_clean,178.5
COTXIU_clean,176.9
COTXOA_clean,177.3
COTYIV_clean,297.0
COVPAG_clean,204.4
COWBEX_clean,186.7
COWMAD_clean,85.5
COWMEH_clean,84.6
COWMIL_clean,88.5
COWMOR_clean,84.4
COWMUX_clean,86.2
COXHED_clean,30.8
COXHIH_clean,30.5
COXHON_clean,31.5
COXXIX_clean,48.8
COYCEZ_clean,180.9
COYCID_clean,91.1
COZMUA_clean,82.4
CUBHOY_clean,152.5
CUCKIV_charged,81.4
CUCSAU_clean,118.1
CUCTAX_clean,127.9
CUFDUD_clean,166.0
CUFFAL_clean,160.8
CUFFEP_clean,155.0
CUFGIV_clean,163.8
CUFGOB_clean,78.2
CUFGUH_clean,78.9
CUGVUW_clean,152.0
CUGXAF_clean,572.9
CUGYOU_clean,62.0
CUGYUA_clean,94.4
CUIMDZ01_clean_h,125.9
CUKXIR_clean,107.9
CUKXOW_clean,84.7
CUKXUC_clean,84.6
CUKYAJ_clean,87.2
CUKZOY_clean,251.0
CUMDEU_clean,70.7
CUMDIY_clean,167.4
CUMDOE_clean,102.0
CUMDUK_clean,114.7
CUMJEB_clean,212.5
CUMLUT_clean,134.4
CUMQOQ_clean,88.1
CUNFOH01_clean,67.9
CUNFOH_clean,64.7
CUNQOT_clean,72.7
CUNQUZ_clean,63.0
CUNWEO_clean,200.7
CUPHUS_clean,102.0
CUQKOQ_clean,96.4
CUQRIR_clean,159.5
CUQROX_clean,111.3
CUQSAK_clean,516.8
CUQTAL_clean,130.2
CUQXUI_clean,122.2
CURBOH_clean,70.9
CURQEN_clean,273.6
CURYOE01_clean,404.1
CURZEV_clean,169.2
CUSDIE_charged,83.7
CUSYAR_clean,572.9
CUSYIA_clean,132.9
CUSZEX_clean,117.4
CUSZIB_clean,72.5
CUTBEA_clean,71.4
CUTBIE_clean,69.5
CUTFON_charged,369.0
CUTFUT_charged,385.1
CUTGEF_clean,151.4
CUVGIK_clean,181.1
CUVGOQ_clean,160.7
CUVHEH_clean,70.9
CUVHIL01_clean,87.2
CUVHIL02_clean_h,92.5
CUVHIL_clean_h,93.1
CUVTUJ_clean,78.7
CUVXAT_clean,240.9
CUWNIT_clean,164.5
CUWNOZ_clean,216.7
CUWTUL_clean,136.3
CUWVAT_clean,104.3
CUWVIB_clean,147.5
CUWWEY_clean,125.7
CUWXID_clean,55.4
CUWXOJ_clean,274.0
CUWXUP_clean,249.7
CUWYAW_clean,94.1
CUWZAX_clean,92.6
CUWZIF_clean,142.7
CUXFIL_clean,268.7
CUXJAI_clean,68.1
CUXJEM_clean,130.4
CUXLEO_clean,121.9
CUYWUP_clean,222.0
CUYYAX_clean,272.5
CUYYEB_clean,280.9
DABFIX_clean,733.8
DABMUR_clean,88.4
DACFAR_clean,322.4
DACYUE_clean,90.6
DACZUF_clean,169.6
DADLEC_clean,178.4
DADLIG_clean,209.5
DADLOM_clean,123.1
DADNII_clean,94.7
DADNOO_clean,88.1
DADNUU_clean,86.6
DADPAC_clean,84.4
DADPEG_clean,90.7
DAFJOM_clean,108.3
DAFSOV_clean,130.4
DAFYAN_clean,79.3
DAFYOB_clean,50.8
DAGDIZ_clean,137.1
DAGDUL_clean,263.9
DAGJED_clean,148.8
DAHNOQ_clean,55.0
DAHNUW_clean,85.1
DAHPAE_clean,73.8
DAKVIW_clean,91.6
DAKVOC_clean,271.4
DAKVUI_clean,264.2
DAKZUN_clean,109.1
DALSUH_clean,108.8
DALTAO_clean,107.2
DALVAQ_clean,72.8
DALVIY_clean,322.4
DAMDUT_clean,96.5
DAMYOI_clean,126.6
DAMYUO_clean,123.9
DAMZEZ_clean,194.2
DANFUW_clean,464.1
DANZAV_charged,70.4
DANZEZ_charged,74.5
DANZID_charged,72.8
DAPBED_clean,558.0
DAPBIH_neutral,98.0
DAPHOU_clean,240.6
DAPXID_ion_b,76.3
DAPYAW_clean,201.1
DARBUU_clean,43.0
DARSEV_SL,112.1
DATHAJ_clean,187.1
DATPIY_clean,87.9
DAWBIO_clean,204.3
DAWBOU_clean,208.0
DAWBUA_clean,226.7
DAWCAH_clean,230.1
DAWCIP_clean,227.2
DAWCOV_clean,135.1
DAWDAI_clean,251.9
DAWWAB_clean,174.9
DAWWEF_clean,152.9
DAXHIV01_clean,105.8
DAXHIV_clean,102.5
DAXHUH01_clean,104.0
DAXHUH_clean,102.7
DEBGIA_clean,133.3
DEBWAK_clean,157.4
DEFKUU_clean,115.8
DEFRIR_clean,106.0
DEGJIK_clean,145.4
DEGPEL_charged,96.9
DEJCIF_clean,99.6
DEJJIN_clean,84.2
DEJRUH_clean,117.8
DEKHEH_clean,217.2
DEKHUX_clean,118.6
DELGEI_manual,59.0
DEPSEW_clean,191.8
DEPTOH_clean,157.5
DEPXAY_clean,127.4
DEPXIG_clean,165.1
DEPXOM_clean,111.6
DEQFOU_clean,130.8
DEQVIF_clean,192.9
DEWQUS_clean,213.5
DEWRIH_clean,152.9
DEYJIC_clean,130.6
DEYJOI_clean,132.6
DEYLUQ_clean,128.0
DEYNIG_clean,69.9
DEZKAW_clean,65.0
DIBJEF_clean,529.6
DIBJIJ_clean,353.9
DIBPAH_clean,288.0
DIBQEM_clean,253.6
DIBQIQ_clean,204.5
DIBQOW_clean,194.1
DIBQUC_clean,189.7
DICKEH_clean,61.5
DICVAO_clean,275.0
DICVES_clean,277.1
DICVIW_clean,281.1
DIDBAV_clean,268.0
DIDBEZ_clean,270.3
DIDDOK_clean,67.8
DIHVIB01_clean,486.2
DIHVIB_clean,504.5
DIKJUD_clean,175.4
DINNIZ_clean,224.0
DIPMAS_clean,98.3
DIRPIF_clean,111.2
DITJIB_clean,81.6
DITJOH_clean,79.2
DITTEH_clean,165.4
DITXOU_clean,87.8
DITYEM_clean,86.4
DITYOW_clean,216.5
DIVGIA_clean,457.9
DIVPUU_clean,83.6
DIVSUY_clean,206.7
DIWMON_clean,230.2
DIWNAA_clean,95.7
DIXKOL_clean,108.7
DIYKAZ_clean,203.4
DIYKED_clean,107.8
DIYTEM_clean,233.5
DOCKOW_clean,130.2
DODMIT_clean,171.6
DOGMET_clean,260.1
DOHNUL_clean,133.2
DOKDEN_clean,146.0
DOKHIV_clean,141.3
DOLRAZ_clean,266.1
DOLXOR01_clean,25.4
DOLXOR02_clean,25.5
DOLXOR_clean,25.5
DOMCUE_clean,171.6
DOMDAL_clean,67.8
DOMFUI_clean,207.5
DOMKEX_clean,122.0
DONKIC_clean,169.0
DONKOI_clean,165.1
DONKUO_clean,163.4
DONNAW01_SL,117.2
DONNAW_clean,119.3
DONNEA_clean,119.1
DONNIE_clean,123.1
DONXUB_clean,261.0
DOPHOH_clean,445.8
DOPHUN_clean,478.4
DOPJAV_clean,178.5
DORFAS_clean,173.1
DORFOG_clean,102.1
DORFUM_clean,249.0
DORYUG_clean,435.8
DOTTEM_clean,127.5
DOTTUC_charged,267.0
DOTYES_clean,404.5
DOYBAV_clean,229.5
DOYBEA_clean,174.6
DOYBUQ01_clean,78.3
DOYBUQ_clean,76.0
DOYHOQ_clean,114.0
DOYHUW_clean,193.1
DOYLEI_clean,76.1
DOZCEC_clean,61.1
DOZKIO_clean,95.8
DUBBEI_clean,98.1
DUBJUH_clean,209.9
DUBKAO_clean,207.7
DUBWON_clean,159.3
DUDKEU_clean,184.0
DUDKOE_clean,110.0
DUDKUK_clean,55.5
DUFGOB_clean,95.5
DUFKAS_clean,193.1
DUGMOJ_clean,295.7
DUHXIP_clean,429.8
DUJRAD_clean,107.6
DUKNII_clean,429.6
DUMXEQ01_clean,169.2
DUMXEQ_clean,173.6
DUMXIU_clean,143.3
DUNJON_clean,178.2
DUNXUH01_clean,175.7
DUNXUH02_clean,175.0
DUNXUH03_clean,172.8
DUNXUH04_clean,166.7
DUNXUH05_clean,170.5
DUNXUH06_clean,161.1
DUNXUH12_clean,174.7
DUNXUH13_clean,178.1
DUNXUH14_clean,173.8
DUNXUH15_clean,176.6
DUNXUH21_clean,176.3
DUNXUH_clean,175.0
DUPJAB_clean,296.6
DUPKAC_clean,761.0
DUPVER_clean,98.5
DUQSEO_clean,91.9
DUQYEU01_clean,76.3
DUQYEU_clean,81.7
DURDAX_clean,96.7
DURDIF_clean,56.2
DUTKAG_clean,167.6
DUVNIS01_charged,378.6
DUVNIS_charged,317.9
DUWBEE_clean,123.9
DUWFOS_clean,115.3
DUWGEJ_clean,108.3
DUWROE_clean,165.0
DUWRUK_clean,112.8
DUWSAR_clean,98.7
DUXKUD_clean,142.1
DUXMAL_clean,198.6
DUYJIS_clean,273.5
DUYRAR_clean,170.7
DUYREV_clean,162.2
DUYRIZ_clean,178.1
DUYROF_clean,184.5
DUYVEA_clean,78.9
DUZPUL_clean,89.3
DUZWOM_clean,102.4
EBAMUS_clean,683.3
EBATUY_clean,104.7
EBATUZ_clean,132.6
EBAVAH_auto,116.5
EBAVIP_clean,594.6
EBAVOV_clean,586.0
EBAVUB_clean,587.1
EBELUU_clean,153.4
EBEMEE_clean,181.8
EBEMEF_clean,45.9
EBEMII_clean,213.6
EBEWIT_clean,70.3
EBEXAM_clean,65.3
EBEXEQ01_clean,69.2
EBEXEQ_clean,71.5
EBIDOK_ion_b,350.4
EBIHII_clean,112.6
EBIJAC_clean,183.1
EBIMEJ_clean,179.0
EBIPOX_clean,75.8
EBIZUN_clean,176.8
EBOBIJ_clean,243.7
EBOCOQ_clean,139.2
EBOJOV_clean,116.1
EBUQIB_clean,374.0
EBUREA_clean,107.3
ECAFOG_clean,157.3
ECAHAT_clean,198.5
ECAHEX_clean,132.1
ECAHOH_clean,130.4
ECASAD_clean,96.2
ECEDAU_clean,123.9
ECEDEY_clean,138.1
ECEZAO01_clean,116.9
ECIWIW_clean,361.8
ECIWOC_clean,504.8
ECODEG_clean,197.8
ECODIK_clean,137.4
ECOGEI_clean,258.6
ECOKAJ_clean,36.9
ECOLEP_clean,40.3
ECOLOX_clean,48.2
ECUDIR_charged,93.7
ECUDOX_clean,98.7
ECUFAL_charged,81.8
ECUFEP_charged,87.4
ECUGEQ_clean,77.6
EDADIX_clean,125.4
EDAFUM_clean,94.9
EDAGAT_clean,95.9
EDAGEX_clean,95.2
EDAPIK_clean_h,155.4
EDATOT_clean,59.5
EDAVOV_clean,151.2
EDECOG_clean,104.9
EDEPAG_clean,110.0
EDIKIL_clean,87.7
EDOMAM_clean,89.9
EDORIY_charged,307.3
EDUSIF_clean,42.2
EDUSUR_clean,243.1
EDUTIG_clean,420.3
EDUVOO_clean,84.0
EFAYEQ_clean_h,78.5
EFAYIU_clean,59.1
EFEGOM_clean,179.1
EFESEP_clean,580.4
EFESOZ_clean,596.3
EFIMOV_clean,171.3
EFOSUO_clean,44.2
EFOTAV_clean,38.3
EFOTEZ_clean,36.9
EFOTID_clean,39.3
EGATAI_clean,38.3
EGATEM_clean,236.5
EGATIQ_clean,231.2
EGATOW_clean,113.2
EGEHOO_charged,270.4
EGEJIK_manual,61.5
EGELUY01_manual,122.7
EGELUY_SL,117.9
EGIFUV_clean,534.9
EGOXII_clean,185.9
EGOZAB_clean,206.2
EHAFEA_clean,96.4
EHAFIE_clean,90.9
EHAFOK_clean,91.0
EHAFUQ_clean,90.9
EHAGAX_clean,89.9
EHAGEB_clean,91.5
EHAGIF_clean,92.4
EHAGOL_clean,93.1
EHAGUR_clean,89.9
EHALOP_manual,122.1
EHEKUY_clean,257.7
EHIPOC_clean,96.9
EHODOV_SL,409.6
EJAXIW_clean,132.3
EJETAQ_clean,95.5
EJIDUW02_clean,122.2
EJONOH_clean,117.7
EJOQOL_clean,316.5
EJOQUR_clean,136.3
EJORAY_clean,104.8
EJOZOU_clean,235.6
EKEQIV_clean,149.9
EKETOF_clean,304.3
EKETUL_clean,286.9
EKEVAT_clean,297.8
EKIDEH_clean,180.5
EKIDIL_clean,181.4
EKOKIA_clean,108.5
EKOPEA_clean,113.1
EKOPIE_clean,120.9
EKOPOK_clean,183.0
EKOPUQ_clean,112.3
EKUPEG_clean,374.9
ELELEN_clean,173.6
ELEREU_clean,1198.1
ELERIY_clean,194.1
ELIJOZ_clean,139.1
ELIJUF_clean,139.7
ELIKAM_clean,139.2
ELIKEQ_clean,143.9
ELIKIU_clean,133.8
ELIKOA_clean,133.5
ELIKUG_clean,190.7
ELILAN_clean,128.8
ELILER_clean,134.1
ELILIV_clean,134.2
ELOGUJ_clean,256.9
ELOHOE_clean,304.7
ELOZEK_clean,104.6
ELUJAY_clean,274.6
ELUJEC_clean,273.2
ELUZES_clean,51.4
EMAGAB_clean,126.1
EMAMOW_clean,157.7
EMAMUC_clean,142.0
EMAPAK_clean,98.9
EMIFOW_clean,107.9
EMIGAJ_charged,193.8
EMIGEN_charged,133.6
EMIGIR_charged,113.8
EMIGOX_clean,154.6
EMIGUD_charged,169.9
EMIHEO_charged,82.7
EMIYUW_clean,98.2
EMIZAD_clean,78.5
EMOHIZ_clean,138.5
EMUBIZ_clean,77.6
EMUBOF_clean,122.7
ENAFAB_clean,231.2
ENAFOP_ion_b,176.7
ENANIS_clean,188.4
ENESOH_clean,208.3
ENESUN_clean,221.2
ENIHUG01_clean,264.3
ENIHUG_clean,260.7
ENISOK_clean,103.7
ENISUQ_clean,163.0
ENITAX_clean,89.8
ENITEB_clean,167.5
ENITIF_clean,291.7
ENITOL_clean,208.2
ENIXUV_clean,275.4
ENOSAD_clean,184.6
ENOVAG_clean,84.6
EPAGEJ_clean,203.0
EPECEJ_clean,318.0
EPEWAY_clean,239.2
EPEWEC_clean,231.0
EPEXUU_clean,360.6
EPEYAB_clean,375.8
EPISOM_clean,95.5
EPONAA_clean,34.9
EPONEE_clean,23.6
EPOPEG_clean,174.9
EPOTAF_clean,41.9
EPOXAJ_clean,68.3
EQAMUG_clean,215.9
EQERAU_clean,206.0
EQEREY_clean,133.8
EQERIC_clean,165.3
EQETAX_clean,123.1
EQOXIT_clean,118.5
EQUBIC_clean,121.8
EQUBOI_clean,123.5
EQUBUO_clean,121.2
EQUNEL_clean,295.2
EQUNIP_clean,237.4
ERAHOV_clean,61.8
ERALUG_clean,128.5
ERAMAN_clean,154.8
ERAMER_clean,116.1
EREFEN01_SL,339.3
EREGOY_clean,124.5
ERELIX_clean,167.4
ERIGER_clean,230.2
ERIRIG_auto,92.2
ERIWAF_clean,158.9
EROCIZ_clean,443.4
ERUFUS_clean,80.4
ERULEK_clean,286.1
ERUNOW_clean,303.4
ESANET_clean,238.8
ESAROH_clean,216.1
ESARUN_clean,210.0
ESASAU_clean,439.3
ESASEY_clean,389.1
ESEDIQ_clean,136.3
ESEHIV_clean,191.0
ESEQUO_clean,89.9
ESEVIH_clean,112.4
ESIDOB_clean,184.5
ESIFET_clean,193.6
ESIGES01_clean,179.5
ESIGES02_clean,224.9
ESIGES_clean,226.1
ESURER01_clean,153.5
ESURER02_clean,153.2
ESURER03_clean,155.8
ESURER04_clean,154.8
ESURER_clean,157.5
ESUSAO01_clean,107.0
ESUSAO_clean,105.2
ESUSIW_clean,154.2
ESUSOC01_clean,107.0
ESUSOC02_clean,104.5
ESUSOC_clean,106.5
ESUTAP_clean,93.6
ESUTIX_clean,120.1
ESUVAR01_clean,114.2
ESUVAR_clean,110.2
ESUVOF_clean,159.4
ETAXUT_clean,320.3
ETECIR_clean,209.5
ETECOX_clean,137.0
ETEJIX01_clean,73.8
ETEJIX_clean,76.8
ETEJOD01_clean,77.8
ETEJOD_clean,87.6
ETEJUJ_clean,82.3
ETEKAQ01_manual,78.9
ETEKAQ_clean,82.6
ETEKEU_clean,82.1
ETEPID_clean,918.0
ETEQUQ_clean,94.8
ETESIG_clean,208.4
ETEXEI01_clean,107.0
ETEXEI_clean,105.1
ETIXIQ_clean,162.3
ETUWEW_clean,73.9
ETUWIA_clean,82.2
ETUXEW_clean,100.4
EVADIQ_clean,159.0
EVAKIV_clean,460.7
EVAKOB_charged,182.4
EVEGIV_clean,500.0
EVEGOB_clean,72.8
EVEGUH_clean,73.1
EVIMUT_clean,125.4
EVUDAA_clean,227.5
EVUPOC_clean,107.5
EVUQOC_clean,107.1
EVUQUI_clean,145.6
EVURAP_clean,147.9
EWASIG01_clean,92.1
EWASIG_clean,92.5
EWECOY_clean,72.5
EWESAC_clean,209.2
EWETUW_clean,237.9
EWEWUZ_charged,138.9
EWIPIL_clean,172.1
EWUCOP_clean,150.4
EWUGEK_clean,117.4
EWUKAK_clean,140.9
EWUKEO_clean,103.7
EWUKIS_clean,108.3
EWUSOF_clean,86.7
EWUSUL_clean,83.2
EWUTEW_clean,188.7
EXALAR_clean,116.2
EXALIZ_clean,146.1
EXAPEA_clean,85.4
EXAXAE01_clean,78.5
EXAXAE_clean,79.9
EXEMUR_clean,102.6
EXENAX_clean,131.1
EXEQAA_clean,188.2
EXEQII_SL,116.3
EXEWIO_clean,440.6
EXEXAH_clean,80.7
EXIDOF_clean,83.8
EXOFIH_clean,192.7
EXOTOB_clean,235.2
EXOTUH_SL,156.8
EXOZIB_clean,96.7
EXUHEM_clean,141.8
EXUHUC_clean,176.3
EYACOX_clean,101.5
EYINOR_clean,123.8
EYIYES_clean,115.8
EYOCIG_clean,116.7
EYOCOM_clean,117.5
EYULOA_clean,221.0
EYUWAW_clean_h,166.0
EZABEN_clean,103.4
EZEQEH_clean,202.3
EZEQIL_clean,197.9
EZEQOR_clean,205.0
EZEQUX_clean,202.3
EZESAF_clean,180.7
EZIPEK_clean,320.7
EZITUE_clean,493.8
EZIVAM_clean,255.9
EZOBUR02_clean,156.1
EZOBUR_clean,147.2
EZOFEF_clean,182.7
EZUCIM_clean,135.3
EZULAO_clean,87.3
FABCUI_clean,339.4
FABGUM_clean,93.4
FAFDEX_clean,149.5
FAFMAC_clean,100.0
FAFQEJ01_clean,84.4
FAGMAE_clean,412.9
FAGMEI_clean,482.6
FAGMOS_clean,503.4
FAGQAI_clean,106.4
FAGREM_clean,97.9
FAGXIX_clean,379.1
FAHGAY_clean,126.2
FAHPOV_clean,152.3
FAHQIQ_clean,665.9
FAHQIR_clean,424.6
FAJYAS_clean,208.9
FAJZOI_clean,388.5
FAKLIO_clean,80.5
FAKLOU_clean,79.4
FAKLUA_clean,81.4
FAKMAH_clean,127.2
FAKNIR_clean,65.3
FALBAX_manual,994.2
FALDAA_clean,117.2
FALLOT_clean,44.7
FALPOY_clean,178.1
FALVOF_clean,133.8
FAMPUH_clean,82.7
FAMQAO_clean,82.2
FAMQES_clean,82.8
FANCIJ_clean,128.0
FANCOP_clean,141.0
FANDEG_clean,147.1
FANQER_clean,68.5
FAPXEC_clean,81.6
FAPXIG_clean,76.4
FAPXOM_clean,78.2
FAQGEL_clean,160.9
FAQGIP_clean,157.9
FAQLUH_clean,82.0
FARBIL_clean,127.1
FARFIO_clean,70.8
FARFOU_clean,71.2
FARFUA_clean,72.0
FARHIR_ion_b,194.9
FARHOX_ion_b,362.0
FASHAK_clean,90.2
FASHOX_clean,67.6
FASVIH_clean,87.2
FASYUU_charged,340.2
FATKAO_clean,142.9
FATKES_clean,138.5
FATKIV_clean,302.5
FATKIW_clean,146.5
FATKOC_clean,143.5
FATKUI_clean,138.7
FATLUJ_clean,193.0
FATQID_clean,74.6
FATVOM_clean,168.7
FAVFUG_clean,460.7
FAVGAN_clean,213.7
FAVGER_clean,208.4
FAVGIV_clean,166.5
FAVGOB_clean,172.3
FAVGUH_clean,167.0
FAVHAO_clean,171.8
FAVHES_clean,168.2
FAVHIW_clean,173.8
FAVKAP_clean,47.6
FAWCEN02_SL,104.6
FAYPAY_clean,187.6
FAYPEC_clean,264.8
FAYPIG_clean,161.5
FAYPOM_clean,171.2
FAYQAZ_clean,215.2
FAYQED_clean,243.8
FAYQUT_clean,568.2
FAZFET_clean,641.2
FAZPED_clean,181.4
FAZRAA_charged,177.5
FAZZEM_clean,119.0
FEBPUY_clean,166.6
FEBXIV_clean,87.9
FECCIZ_clean,131.6
FECKAA_clean,222.0
FECXAO_clean,177.1
FECXES_clean,261.4
FECXUI_clean,207.0
FECYUJ_clean,166.6
FECZAQ_manual,101.5
FEDBEX_clean,90.1
FEDJUU_charged,122.3
FEFCUQ_clean,56.3
FEFDAX_clean,58.2
FEFDEB_manual,45.7
FEFZOF_clean,45.4
FEGNIQ_clean,254.5
FEHCIG_manual,149.5
FEJDII01_clean,113.1
FEJDII_clean,166.7
FENROG_clean,75.8
FENVOL_charged,144.9
FEQSIF_clean,105.4
FERHAN_clean,95.6
FERVEF_clean,263.1
FERVIJ_clean,111.9
FERVUV_clean,275.1
FERWAC_clean,115.3
FESTUT_clean,187.7
FEVNIE_charged,224.5
FEVSAC_clean,122.4
FEVVIM_charged,211.3
FEWGUL_clean,350.1
FEWQIJ_manual,378.0
FEWQOP_clean,175.7
FEWWOV_clean,210.5
FEWWUB_clean,760.6
FEXCES_clean,205.6
FEYDET_clean,157.1
FEYJOJ_clean,90.9
FEYQIK_clean,93.8
FEZCOD_charged,167.5
FEZCUJ_charged,156.7
FEZQEI_clean,191.0
FEZREJ_clean,116.1
FEZTIP_clean,79.3
FIBHIJ_clean,133.1
FIBKEI_clean,127.1
FIDRIV_clean,105.2
FIFGAE_clean,85.9
FIFGEI_clean,66.2
FIFGIM_clean,115.9
FIFMIS01_clean,320.7
FIFMIS_clean,313.8
FIFMOX_clean,267.7
FIFMOY_clean,316.9
FIFMUD_clean,240.5
FIFNUE01_clean,79.2
FIFNUE_clean,80.3
FIFPAM01_clean,81.0
FIFPAM_clean,76.1
FIHFAF_clean,231.1
FIHRIZ_clean,109.5
FIJCUX01_clean,117.6
FIJDIM01_clean,194.6
FIJDIM02_clean,190.0
FIJDIM03_clean,191.6
FIJDIM04_clean,187.5
FIJDIM05_clean,186.7
FIJDIM06_clean,190.3
FIJDIM07_clean,188.5
FIJDIM08_clean,187.0
FIJDIM09_clean,187.6
FIJDIM10_clean,184.3
FIJDIM11_clean,188.4
FIJDIM12_clean,186.7
FIJDIM_clean,187.7
FIJDOS_clean,86.7
FIJDUY_clean,64.8
FIJFEK_manual,72.8
FIJFUA_clean,139.1
FIJXUR_clean,166.2
FIJYED_clean,290.5
FIJZEE_clean,281.0
FILYEG_clean,125.5
FIMNIA_clean,152.1
FIMXUW_clean,133.3
FIMZAE_clean,567.1
FINQOK_clean,143.9
FINQUQ_clean,145.6
FIPJAR_clean,98.6
FIPKOG01_clean,97.3
FIPKOG_clean,95.7
FIPKUM_clean,95.3
FIPWOS_clean,203.7
FIPXAF_clean,301.5
FIPXEJ_clean,161.0
FIQYOU_clean,113.5
FIQYUA_clean,94.8
FIQZAH_clean,111.6
FIRMUQ_clean,125.8
FIRNAX01_clean,121.6
FIRNAX_clean,120.4
FIRNIF_clean,121.1
FIRNOL_clean,144.5
FIRNUR_clean,135.3
FIRPAZ_clean,122.0
FIRZOX_clean,131.7
FITGEW_clean,354.5
FITHIA_clean,266.1
FIVNAZ_clean,43.0
FIVQOR_clean,237.4
FIVYEP01_clean,86.2
FIVYEP_clean,87.6
FIVYUF_clean,264.2
FIXVUE_clean,169.4
FIYDOH_clean,118.2
FIZPOV_clean,143.2
FOBNAN_clean,145.4
FOCZAA_clean,144.6
FOFCOU_clean,144.3
FOFHAK_clean,222.4
FOFTIF_clean,116.0
FOFTUR_clean,120.6
FOHCIP_clean,45.2
FOHQUO_clean,62.0
FOJKIA_clean,169.4
FOJLOH_clean,152.9
FOKWIN_clean,96.8
FOKYEL_clean,267.1
FOKYIP_clean,332.6
FOLLEZ_clean,190.4
FOMWOV_clean,230.4
FONKEA_clean,130.0
FONPUV_clean,328.2
FONQIJ_clean,123.6
FOPBAP_clean,145.2
FOQPAE_clean,93.7
FORKUU_clean,67.1
FORPIM_clean,53.8
FORPOS_clean,52.7
FORPUY_clean,62.5
FORQAF_clean,56.3
FORQEJ_clean,53.6
FORQIN_clean,52.9
FORTIR_clean,421.0
FORTUD_clean,374.8
FOSTUE_clean,834.9
FOTNIN_clean,44.7
FOVPEN_clean,247.1
FOVPOX_clean,164.6
FOVPUD_clean,162.5
FOWTOC_clean,183.6
FOXHUX_clean,183.6
FOXNIQ_clean,126.0
FUBDAI_clean,264.9
FUBDEM_clean,140.0
FUBDIQ_clean,282.3
FUBNOH_clean,170.9
FUDGES_clean,89.4
FUDHAP_clean,71.1
FUDHET_clean,147.9
FUHMOM_clean,183.5
FUHNED_clean,170.1
FUHNIH_clean,149.9
FULQOT_clean,145.9
FULQUZ_clean,120.7
FUMHOL_clean,50.5
FUMJAA_clean,125.3
FUNBAS_clean,115.5
FUNCAT_clean,98.7
FUNCEX_clean,52.7
FUNFOL_clean,76.8
FUNGAY_clean,189.9
FUNLAD_clean,279.2
FUQJUX_clean,199.8
FURFIJ01_clean,109.4
FURFIJ_clean,112.6
FURFOP_clean,180.9
FURQOZ01_ion_b,124.3
FURQUF_ion_b,122.4
FURRAM_clean,79.1
FURREQ_clean,79.0
FURRIU_clean,80.5
FURROA_clean,79.0
FURRUG01_ion_b,120.1
FURRUG_ion_b,129.5
FURSES_clean,116.5
FUSGOR_clean,114.1
FUSMEM_clean,78.5
FUSMIQ_clean,81.6
FUSMOW_clean,78.9
FUSMUC_clean,78.9
FUSNAJ_clean,82.0
FUSNEN_clean,80.1
FUSNIR_clean,81.2
FUSQUH_clean,397.2
FUTCAZ_clean,39.6
FUTDII_clean,97.4
FUTKEL_manual,134.4
FUTTIZ_clean,357.6
FUTYEA_clean,82.5
FUTYOK_clean,75.2
FUTYUQ_clean,271.1
FUTZAX_clean,68.9
FUTZEB_clean,122.1
FUTZOK_clean,83.4
FUTZOL_clean,294.1
FUVBAB_clean,79.6
FUVDEH06_clean,342.6
FUVDEH07_clean,348.2
FUVDEH08_clean,348.2
FUVFUZ_clean,346.1
FUVGAG01_clean,349.7
FUVGAG_clean,345.6
FUWFIO_clean,124.6
FUWXOL_SL,176.1
FUWYAY_clean,114.0
FUXCOS_clean,173.7
FUXXIH_clean,214.9
FUYCEJ_clean,146.5
FUYCIN_clean,47.8
FUYKER_clean,211.3
FUZPUN_clean,262.1
GACBOE_clean,162.6
GACPUX_clean,78.0
GACQAE_clean,91.2
GACVIS_clean,62.1
GADDOH_clean,84.5
GADFAV_clean,175.0
GADMAA01_clean,70.4
GADMAA_clean,75.3
GADNUX_clean,338.8
GADRAH_clean,126.4
GAFROX_clean,135.8
GAFRUD_clean,129.6
GAGQAI_clean,95.8
GAGSUF_clean,63.3
GAGZEV_clean,108.7
GAHWIX_clean,237.3
GAHXUL_clean,103.1
GAJVEU_charged,103.3
GAJVIY_charged,278.1
GAJYUN_clean,139.7
GAJZAU_clean,136.0
GAJZEY_clean,166.2
GAJZIC_clean,168.3
GAJZOI_clean,170.5
GAJZUO_clean,174.2
GAKBAX_clean,169.2
GALCAZ_clean,163.3
GALHOS_ion_b,172.7
GALJAG_clean,125.7
GAMFEI_clean,159.9
GAMXAV_clean,139.9
GAPNOD_clean,72.4
GAQYIH_clean,87.7
GARLAP_clean,158.2
GARLET_clean,169.9
GARLIX_clean,166.9
GARLOD_clean,161.7
GARLUJ_clean,159.9
GARMAQ_clean,162.4
GARQAU_clean,302.0
GARSUQ_clean,186.1
GARTAX_clean,197.0
GARTEB_clean,180.3
GARTIF_clean,195.0
GARTUR_clean,267.7
GASSEB_clean,110.1
GASSUR_clean,87.6
GATBUZ_charged,133.8
GATJIV_charged,411.1
GAVYAG_clean,180.9
GAWCUF_clean,189.0
GAWLIB_clean,156.5
GAWMOJ_clean,77.0
GAXDIS10_clean,44.0
GAXKOH_clean,122.9
GAXQIH_clean,107.8
GAYFUJ_clean,143.4
GAYGAQ_clean_h,130.7
GAYPED_clean,90.0
GAYTEH_ion_b,537.3
GAZLAW_clean,121.4
GAZZIS01_charged,163.3
GAZZIS02_charged,159.3
GAZZIS03_charged,161.4
GAZZIS04_charged,159.1
GAZZIS05_charged,155.1
GAZZIS_charged,157.8
GEBCAT_clean,124.1
GEDDAW_clean,78.5
GEDDEA_clean,156.1
GEDQIR_clean,146.5
GEDQOX_clean,96.2
GEDQUD_charged,101.0
GEDRAK_clean,164.9
GEDROY_clean,141.6
GEDRUE_clean,102.2
GEDSAL_clean,169.9
GEDSEP_clean,247.6
GEDSOZ_clean,98.4
GEDSUF_clean,142.6
GEDTAM_clean,99.4
GEFYUN_clean,161.9
GEFZAU_clean,157.9
GEGDED_clean,265.9
GEGGEG01_clean,299.5
GEGGIK01_clean,319.8
GEGGIK_clean,299.5
GEGGUW_clean,318.7
GEGHAD_clean,299.8
GEJJEL01_clean,99.6
GEKVEZ_clean,65.4
GEPDEM_clean,93.3
GERNOI_clean,230.7
GERPUP_clean,74.2
GERWEH_clean,117.9
GESBOW_charged,428.4
GESBUC_charged,373.2
GESDUF_clean,114.2
GESFAN_clean,115.7
GESNOI_clean,144.5
GEVXIQ_clean,73.8
GEWXAJ_clean,136.5
GEZRAG_clean,885.1
GEZYOB_clean,254.6
GIDKOU_clean,146.4
GIFKEL_clean,101.5
GIKQIC_clean,76.5
GIMSIG_clean,103.6
GINLIA_clean,119.8
GIQXEK_clean,63.1
GIQXIO_clean,63.6
GIQXOU_clean,66.4
GIQXUA_clean,64.6
GIQYAH_clean,65.1
GIQYEL_clean,62.4
GIQYIP_clean,63.5
GIQYOV_clean,67.8
GIQYUB_clean,64.8
GIRDUI_clean,104.5
GIRXUC_clean,27.6
GIRYAJ_clean,126.9
GIRYEN_clean,281.2
GIRYUD_clean,297.5
GIRZAK_clean,323.3
GISMAY_clean,692.0
GISNED_clean,696.5
GISZUD_clean,34.5
GISZUF_clean,205.1
GITPIK_clean,110.1
GITTUZ_clean,364.2
GITVEL01_clean,221.3
GITVEL_clean,220.5
GITWIQ_clean,161.9
GIVHIC_clean,273.6
GIVNIK_clean,168.8
GIVNOQ_clean,167.1
GIWBEU_charged,136.1
GIWBIY_charged,136.5
GIWBOE_charged,308.8
GIWCAR_ion_b,123.6
GIWCIZ_ion_b,289.1
GIWCOF_ion_b,142.1
GIXGOK_clean,335.7
GIXNAE_clean,58.1
GIYSEN_clean,140.7
GIYSIR_clean,143.2
GIYSOX_clean,147.6
GIYSUD_clean,126.1
GIYTAK_clean,128.3
GIYTIS_SL,138.8
GIZXET_clean,268.6
GOBGAG_clean,356.4
GOBSUM_clean,98.5
GOGSIF_clean,101.8
GOGWAB_clean,121.2
GOGWEF_clean,113.4
GOJDOZ_clean,97.1
GOJFAN_charged,155.2
GOKBUE_clean,84.9
GOMFOF_clean,156.0
GOMREG_clean,208.3
GONNAA_clean,86.6
GOPTIQ_clean,184.9
GOQSIQ_clean,185.1
GOQXAN_clean,104.5
GORQAF_clean,23.6
GOSBOH_clean,80.9
GOSDID_clean,264.7
GOSKEG_clean,132.1
GOTDIE_clean,532.3
GOTNEK_clean,149.2
GOVHOQ_clean,291.3
GOVWOF_clean,108.1
GOVXIA_clean,320.8
GOZNAM_clean,114.6
GOZNEQ_clean,67.0
GUANZS_clean,37.2
GUBBAG_clean,60.2
GUBKUL_clean,161.2
GUBVUU_clean,99.0
GUBZAF_clean,124.9
GUCHUJ_clean,98.8
GUCJAQ_clean,228.1
GUDJOG_clean,138.9
GUFBOA_clean,237.3
GUFBUG_clean,225.8
GUFREF_clean,280.5
GUFXEM_clean,133.7
GUGNON_clean,197.0
GUHMIH_clean,98.4
GUHNUU_clean,130.7
GUHPAC_clean,130.3
GUHPEG_clean,278.2
GUJREK01_clean,107.1
GUJREK_clean,107.4
GUKFEY_clean,100.5
GUKYUI_clean,94.4
GUKZAO_clean,92.6
GULBAR_clean,222.3
GULCAS_clean,240.3
GULPIN_clean,282.1
GULVUF_clean,193.8
GULWAM_clean,150.6
GULWEQ_clean,767.0
GULWIU_clean,135.5
GULWOA_clean,80.0
GUMDEZ_clean,293.0
GUNFAW01_neutral,29.3
GUNZIA_clean,451.0
GUPBEZ02_clean,355.5
GUPBUP_SL,71.3
GUPCAW_clean,129.3
GUPDEB_clean,257.5
GUPREQ_clean,289.3
GUQWOG_clean,97.0
GURPIT_clean,60.1
GURPUF_clean,50.8
GURTIX_charged,130.7
GUSJOU_clean,103.1
GUSMAJ_clean,692.0
GUTYIE_clean,95.3
GUVBOQ_clean,1255.0
GUVCOP_clean,182.1
GUVKUE_clean,278.0
GUVLAL_clean,278.3
GUVZII_clean,203.8
GUWDUY_clean,190.4
GUXJUF_clean,202.1
GUXPOF_clean,124.2
GUXSEY_clean,329.4
GUXSIC_clean,332.6
GUXZIJ_clean,86.4
GUXZUV_clean,136.9
GUYBAE_clean,119.9
HABQUY_clean,104.3
HABRAF_manual,89.7
HABREJ_clean,303.1
HADLOQ01_clean,71.3
HADPOU_clean,75.1
HADQUA_clean,574.5
HADXIW_clean,63.6
HAFGUQ_clean,115.9
HAFTOZ_clean,45.0
HAFVOB_clean,268.8
HAFVUH_SL,91.9
HAFWAO_charged,200.1
HAFWIW_clean,91.7
HAFWUI_charged,222.8
HAHCUR_clean,206.7
HAHPIQ_charged,155.4
HAHPOW_clean,163.3
HAJDII_clean,207.9
HAJLEK_clean,161.9
HAJLIO_clean,158.9
HAJLOU_clean,161.5
HAJLUA_clean,156.0
HAJMEL_clean,149.1
HAJMIQ_clean,520.2
HAJPEQ_clean,238.3
HAJRES_clean,1522.0
HAJYEZ_clean,184.0
HAKCAZ_clean,156.9
HAKSAQ_clean,198.5
HAKSEU_clean,197.1
HAKSIY_clean,178.3
HAKVOH_clean,108.3
HAKVUN_clean,127.3
HAKWAU_clean,100.6
HALQUJ_clean,144.5
HALVAU_clean,83.3
HAMJOW_clean,241.0
HAMLIT_clean,230.9
HAMREU_clean,160.5
HAMRIY_clean,164.3
HANKUE_clean,2322.1
HANWAW_clean,375.0
HAPBAE_clean,375.7
HAPBEI_clean,369.1
HAPBIM_clean,873.9
HAPGIR_clean,65.7
HAPHUD_clean,102.1
HAPNEU_clean,386.7
HAPNOE_clean,216.5
HAPNUK_clean,214.0
HAPPAS_clean,228.3
HAPVEB_clean,103.9
HAQJIV_clean,114.8
HAQKES_clean,710.8
HAQRID_clean,155.3
HASMIZ_clean,90.2
HASNIB_clean,64.1
HASNOH_clean,75.3
HASNUN_clean,63.4
HASTAY_clean,348.1
HATZOS02_clean,57.9
HATZOS_clean,57.3
HAVVUX_clean,131.4
HAVZIP_clean,53.6
HAWGIX_charged,138.2
HAWREE_clean,197.3
HAWVAE_clean,144.9
HAWVEI_clean,140.7
HAWVIM_clean,145.5
HAWVOS_clean,147.9
HAWVUY_clean,145.0
HAWWAF_clean,146.3
HAWWEK_clean,76.6
HAWWIN_clean,125.5
HAWWOT_clean,121.5
HAWWUZ_clean,127.9
HAWZEM_clean,251.7
HAXMUP_clean,73.9
HAYLIE_clean,161.9
HAZSIL_clean,150.7
HAZWIP_clean,90.5
HEBJAB_clean,104.1
HEBKEG_clean,102.8
HEBNIN_clean,79.5
HEBNOT_clean,78.5
HEDBEZ_clean,95.8
HEDBID_clean,96.4
HEDBOJ_clean,76.7
HEDBUP_clean,74.5
HEDCAW_clean,170.7
HEDCIE_clean,128.5
HEFDED_clean,671.0
HEFDON_clean,139.2
HEFFAB_charged,200.6
HEFFEF_clean,131.1
HEFVAR_clean,101.4
HEGCEB_clean,75.9
HEGJUZ_clean,242.4
HEGNAJ_clean,475.9
HEGNEN_clean,467.6
HEGNIR_clean,491.5
HEGNOX_clean,543.3
HEGNUD_clean,496.7
HEGPAL_clean,499.2
HEKTAU_clean,134.1
HELDEJ_SL,231.3
HELDOT_clean,217.4
HEMTEZ_clean,217.4
HETZOW_clean,94.6
HETZUC_charged,102.0
HEWFUL_ion_b,120.1
HEXVEM_clean,39.0
HEZPIL01_clean,76.4
HGCNCO_clean,44.7
HIBGEF_clean,102.7
HIBGIJ_clean,87.8
HICVOG_clean,254.5
HICVUM_clean,250.1
HICZAW_clean,142.0
HICZEA_clean,147.6
HIDCUU_clean,141.3
HIFGEK_clean,139.7
HIFGIO_SL,89.6
HIFTOG01_clean,42.6
HIFTOG02_clean,122.7
HIFTOG_clean,123.2
HIFTUM_clean,164.9
HIFVOI_clean,111.4
HIFWAV_clean,293.4
HIFZAY_charged,154.0
HIGRIA_clean,61.0
HIHFOV_clean,181.3
HIHFUB_clean,247.9
HIHGAI_clean,187.2
HIHGEM_manual,116.1
HIHGIQ_clean,228.3
HIHGUC_clean,132.1
HIJSOK_clean,165.8
HILJUJ_clean,168.1
HIMSAY_clean,145.0
HIQNAY_clean,205.7
HIQWOV_clean,274.1
HISGAT_clean,365.0
HISGIB_clean,136.1
HISJIE_clean,186.1
HISSIN_clean,346.7
HIWKEE_clean,89.5
HIWKII_clean,61.8
HIWLIK_clean,97.6
HIWLOQ_clean,121.5
HIWLUW_clean,167.6
HIYBUN_clean,154.4
HIYGIH_clean,108.3
HIYYEU_clean,128.8
HIZQEN01_clean,93.6
HIZQEN_clean,103.7
HIZQUD_clean,189.8
HOBGAH_clean,155.5
HOBGEL_clean,151.2
HOBGIP_clean,281.3
HOBGOV_clean,278.1
HOCDOU_clean,56.2
HOFJIX_clean,288.3
HOFSOL_clean,67.1
HOFSUS_clean,117.0
HOGJIX_clean,100.7
HOGJOD_clean,385.1
HOGJUK_clean,85.7
HOGLEV01_clean,117.4
HOGLEV_clean,170.3
HOGSIG_clean,160.4
HOGTOM_clean,85.7
HOHMEX_manual,157.1
HOJLID_clean,141.2
HOJLUP_clean,254.9
HOKGUJ_clean,64.9
HOKLIE_clean,522.5
HOLQIK_clean,568.7
HOMRIL_clean,111.7
HOMXIR_manual,74.8
HOMZEP_clean,158.7
HOQMIL01_clean,188.0
HOQMIL02_clean,185.5
HOQMIL03_clean,185.7
HOQMIL04_clean,215.9
HOQMIL_clean,187.9
HOQMUX_clean,178.6
HOQNEI_clean,188.3
HOVGIK_clean,265.9
HOVQAM_clean,154.9
HOWJEK_clean,76.6
HOWPEQ_clean,100.3
HOWPOZ_clean,202.6
HOWPUF_clean,153.0
HOWQAM_clean,238.3
HOWQEQ_clean,204.0
HOWSAP_clean,210.2
HOWSET_clean,503.7
HOWSIX_clean,505.6
HOXGEH_clean,138.8
HOXJIO_charged,198.3
HOXKIP_clean,136.7
HOXKUB_clean,152.7
HOXSUK_clean,234.5
HOYREU_clean,60.1
HOYRIY_clean,61.2
HOYROE_clean,97.5
HOYTUL_clean,139.0
HOZBUV_clean,90.2
HOZFEJ_clean,90.4
HOZTOG_clean,326.8
HOZXEB_clean,206.9
HUCBAJ_charged,222.8
HUCBEN_manual,122.5
HUCWOT_clean,150.6
HUCWUZ_clean,153.9
HUCXAG_clean,158.3
HUCXEK_clean,154.6
HUCXIO_clean,154.0
HUCXOU_clean,155.9
HUCXUA_clean,157.1
HUDMAW_clean,161.9
HUDWUA_clean,185.1
HUFHEX_clean,86.7
HUFHIB_clean,132.3
HUFHOH_clean,86.2
HUFHUN_clean,82.2
HUFJAV_clean,84.0
HUFJEZ_clean,137.3
HUFKUQ_clean,152.2
HUFLUR_clean,41.8
HUFMUS_clean,41.0
HUFYIS_clean,150.3
HUHBET_clean,419.5
HUHNIJ_clean,589.3
HUJGEA_clean,83.0
HUJVOX_clean,88.5
HULCOI_clean,261.0
HULRIR_clean,254.2
HULTEN_clean,177.1
HULTEP_clean,288.8
HUMWIX_clean,347.7
HUPQIU_clean,543.1
HUQGOR_clean,155.5
HUQGUX_clean,153.1
HUQHAE_clean,163.1
HUQHEI_clean,151.3
HUQHIM_clean,194.7
HUQHOS_clean,153.9
HUQHUY_clean,441.3
HURFEH_clean,210.9
HURFUX_clean,237.6
HURGAE_clean,318.7
HURGEH_clean,104.6
HURGUX01_clean,218.8
HURGUX_clean,225.0
HUVHOX_clean,154.4
HUWDEJ_clean,142.3
HUWHOY_clean,108.5
HUWLUI_clean,113.6
HUWPIA_clean,201.5
HUWSUN_clean,192.4
HUXWAY_clean,71.8
HUYJOA_clean,101.9
HUYJUG_clean,261.4
HUYKAN_clean,256.5
HUYKER_clean,254.0
HUYKIV_clean,58.6
HUYKOB_clean,194.4
HUYKUH_clean,262.8
HUZFEO_clean,295.1
HUZFOY_charged,312.6
HUZSOL_clean,259.6
HUZSUR_clean,101.9
HUZXAD_clean,311.3
HUZXEH_clean,305.2
HUZXIL_clean,331.4
HUZXOR_clean,356.2
HUZXUX_clean,414.2
HUZYAE_clean,428.9
IBABOF01_clean,198.2
IBABOF_clean,195.6
IBABUL_clean,195.2
IBACAS_clean,212.0
IBARUA_clean,164.4
IBASAH_clean,162.5
IBASEL_clean,158.0
IBASOV_clean,160.0
IBASUB_clean,159.7
IBATEM_clean,160.8
IBEYOE_clean,94.7
IBICAZ_clean,88.9
IBICED_clean,89.8
IBICIH_clean,89.7
IBICON_clean,89.9
IBIRES_clean,249.6
IBITUK_clean,204.6
IBIYOI_ion_b,355.4
IBOTEY_clean,730.5
IBOTIC_clean,216.6
IBOTOI_clean,82.5
IBOZIK_clean,103.0
IBUBAL_clean,135.6
IBUBIT_clean,83.4
IBUDOZ_clean,102.5
IBUYAH_clean,210.5
ic025743v_s1_clean,61.1
ic034943jsi20030807_040506_clean,406.1
ic050064gsi20050115_040515_clean,113.8
ic051810ksi20060220_094504_clean,139.2
ic0520162si20051122_054836_clean,382.8
ic060030osi20060309_091447_clean,101.1
ic060608urom20060410_101638_clean,229.5
ic060771psi20060614_113937_clean,65.5
ic070274o-file006_clean,135.9
ic100188w_si_002_clean,190.7
ic101789u_si_002_clean,92.4
ic101935f_si_002_auto,226.8
ic102347b_si_001_clean,142.3
ic2017598_si_001_clean_h,44.9
ic202626c_si_002_clean,189.6
ic202769e_si_002_clean,180.6
ic300665a_si_002_clean,327.4
ic3019502_si_002_clean,102.0
ic400607w_si_001_clean,120.2
ic400777c_si_002_clean,196.4
ic401157n_si_002_clean,151.7
ic401157n_si_003_clean,150.1
ic402058f_si_002_clean,207.8
ic402058f_si_003_clean,223.4
ic402058f_si_004_clean,213.1
ic402058f_si_005_clean,319.7
ic402692p_si_002_clean,159.4
ic402692p_si_003_clean,246.7
ic402692p_si_004_clean,132.3
ic402692p_si_005_clean,139.2
ic403134c_si_002_clean,226.8
ic500323r_si_001_clean,101.6
ic500323r_si_002_clean,120.1
ic5008457_si_002_clean,101.8
ic5011133_si_002_clean,143.3
ic5011133_si_003_clean,82.5
ic5011133_si_004_clean,110.8
ic501477u_si_002_clean,90.2
ic501801f_si_002_clean,181.1
ic501801f_si_003_clean,568.2
ic501849g_si_002_clean,143.1
ic5021302_si_002_clean,183.9
ic502254c_si_002_clean,155.0
ic502643m_si_003_clean,264.9
ic502643m_si_006_clean,242.2
ic502643m_si_007_clean,64.6
ic502643m_si_008_clean,136.6
ic502643m_si_009_clean,68.4
ic502643m_si_010_clean,69.9
ic502725y_si_004_clean,124.8
ic502730y_si_002_clean,151.4
ic502921j_si_002_clean,152.1
ic502921j_si_003_clean,178.7
ic5029383_si_002_clean,134.4
ic5b00096_auto,409.4
ic5b00130_si_002_clean,175.8
ic5b00194_si_002_clean,112.3
ic5b00535_si_002_clean,127.7
ic5b01023_si_002_clean,478.8
ic700893w-file001_clean,140.1
ic7014034-file001_clean,168.8
ic7025158-file001_clean,22.6
ic800131r-file003_clean,56.2
ic8004536-file004_clean,142.6
ic9002115_si_001_clean,523.7
ICAGOK_clean,132.0
ICAQIO_clean,305.5
ICAQOU_clean,308.4
ICAROV_clean,303.2
ICAWUF_clean,330.7
ICEGED_clean,85.1
ICISAP_clean,83.4
ICITEU_charged,210.8
ICIVAS_clean,135.7
ICODIP01_clean,208.2
ICODIP_clean,221.2
ICORAV_ion_b,85.9
ICOWON_clean,93.6
IDAGEA_charged,126.0
IDEYOF_clean,58.8
IDIWIB_clean,93.1
IDIWUN_clean,159.1
IDIXAU_clean,133.3
IDORAW_clean,86.1
IDUDIW_clean,175.9
IDUTUW_clean,57.1
IFAGON_clean,330.4
IFAHEC_clean,245.7
IFAREN_charged,157.3
IFASOZ_clean,181.3
IFEHUY_clean,68.0
IFENOY01_SL,119.0
IFENOY02_SL,244.7
IFENOY03_SL,240.0
IFENOY_clean,117.1
IFEPUG_SL,307.5
IFEQIV_SL,143.7
IFEYIB_clean,51.9
IFOSIG_clean,110.7
IFUNUU_clean,165.8
IGAGAA_clean,150.5
IGAGUU_clean,197.6
IGAHAB_clean,320.4
IGETUL_clean,137.8
IGEXOH_clean,64.0
IGINIX01_clean,102.5
IGINIX_clean,102.1
IGITOJ_clean,201.7
IGIZAA_clean,80.2
IGIZEF_clean,216.5
IGOJEV_clean,145.6
IGUCIY_clean,243.8
IGUVIR01_clean,132.9
IGUVIR_clean,138.5
IHAJEH_clean,86.8
IHAJIL_clean,63.0
IHILUI_clean,113.7
IHIMAP01_clean,99.2
IHIMAP_clean,115.9
IHUTIQ_clean,215.5
IJASOC_clean,120.4
IJEVEA_clean,167.9
IJEVIE_clean,161.4
IJEXIF01_clean,81.4
IJEXIF_clean,80.7
IJIGOX_clean,157.4
IJUTEM_clean,287.7
IKAYAU_clean,182.9
IKEBUV01_clean,84.5
IKEBUV_clean,87.4
IKETAU_clean,89.4
IKETEY_clean,91.7
IKETIB_clean,395.3
IKETIC_clean,91.9
IKETOH_manual,80.8
IKETOI_clean,92.3
IKETUN_clean,402.3
IKETUO_clean,94.4
IKEVAW_clean,93.8
IKOPEF_clean,137.4
IKOPIJ_clean,320.7
IKOSOQ_clean,282.0
IKOSUW_charged,119.8
IKOTUZ_clean,199.3
IKOVAH_clean,199.5
IKOVEL_clean,205.6
IKUBUL01_clean,188.5
IKUBUL_clean,150.6
IKUTIT_clean,98.9
IKUTOZ_clean,113.1
ILAGUY_charged,332.1
ILEHUD_clean,296.5
ILENOC_clean,250.3
ILIFOY_clean,165.0
ILIFUE_clean,174.0
ILIGAL_clean,173.3
ILIGEP_clean,178.7
ILIMOH_clean,284.1
ILIMUN_clean,118.9
ILINIC_clean,33.9
ILITUT_manual,195.8
ILOJOJ_clean,121.0
IMACND_clean,40.7
IMAGAG_clean,86.2
IMAXUR_clean,165.4
IMEDOV_clean,561.5
IMISIH_clean,226.5
IMUTUG_ion_b,223.6
INAMUG_clean,157.9
INARUM_clean,152.2
INIDAL_clean,192.5
INIGET_clean,265.1
INIQUR_clean,105.7
INIRAA_clean,269.5
INIRAY01_clean,161.5
INIRAY_clean,104.5
INIRII_clean,237.3
INOMIJ_clean,120.5
INOMOP01_clean,85.9
INOMOP_clean,89.3
INOVEN_clean,88.9
IPICOA_clean,63.0
IPICUG_charged,215.7
IPIDUH_clean,136.1
IPIFAP_clean,103.2
IPIHIA_clean,218.6
IPIJEY_clean,126.2
IPIJUM_clean,85.2
IQABEJ_clean,103.2
IQECIS_clean,298.5
IQEKOG_clean,191.2
IQEKUM_clean,154.0
IQEWOQ_clean,90.7
IQILIF_clean,215.4
IQOHUT_clean,157.3
IQOJAB_clean,245.4
IQOJEF_clean,294.5
IQOKEG_clean,151.4
IQOKIK_clean,296.5
IQUCOO_clean,149.6
IRAGEN_charged,377.5
IRAHUF_clean,192.6
IRAJER_clean,270.4
IRAYOQ_clean,179.3
IRELAU_clean,159.4
IROVAO_clean,71.5
IROVES_clean,128.1
ISUCUV_clean,173.3
ITAPAU_clean,53.9
ITAPIC_clean,49.1
ITIBOD_clean,172.9
ITIPAE_clean,116.3
ITIPOS_clean,89.4
ITIWAK_clean,177.4
ITIWEO_clean,188.7
ITIWIS_charged,205.3
ITIWOY_charged,201.8
ITIWUE_charged,201.3
ITOSEQ_clean,234.7
IVEHEW_manual,79.0
IVEQAC_clean,112.8
IVETOT_clean,54.6
IVILEG_clean,70.6
IVOCON_clean,97.3
IVOGUX_clean,149.2
IVUVIG_clean,108.4
IWAXUZ_clean,124.3
IWAYAG_clean,49.5
IWAYEK_clean,42.2
IWAYIO_clean,125.0
IWAYOU_clean,118.0
IWAYUA_clean,122.4
IWAZEL_clean,125.6
IWAZIP_clean,43.6
IWELIG01_clean,226.9
IWELIG_clean,229.9
IWEVAJ_clean,186.7
IWIPIO_clean,35.9
IWOKUC_clean,304.9
IWOSAP_clean,109.0
IXAKAU_clean,153.4
IXAZEO_clean,69.1
IXEBEU_clean,323.0
IXECET_clean,153.8
IXEDOE_charged,281.2
IXEFAS_charged,449.2
IXEJIG_clean,102.5
IXEJOL_clean,202.7
IXEJOM_clean,101.1
IXIPAG_clean,90.4
IXIPEK_clean,92.3
IXIPIO_clean,89.4
IXISAJ_clean,304.1
IXISOX_clean,308.9
IXISOZ02_clean,263.9
IXISUD_clean,223.8
IXODUV_clean,99.0
IXOFAD_clean,95.6
IXOFEH_clean,96.6
IXOFIL_clean,98.3
IXOFOR_clean,95.9
IXOFUX01_clean,98.3
IXOFUX_clean,98.3
IXUQOJ_clean,352.2
IXUQUO_clean,218.0
IXURID_clean,132.3
IXUWII_clean,136.0
IYAJID_clean,131.0
IYAJOJ_clean,130.1
IYAJUP_clean,290.4
IYAKAW_clean,126.8
IYAKIE_clean,127.3
IYASOS_clean,146.0
IYAYUE_clean,87.4
IYEHAX_clean,105.7
IYEPUZ_clean,89.8
IYESUC_clean,110.2
IYEXOZ_clean,210.8
IYICUP_clean,164.8
IYOBAA_clean,196.0
IYOCIK_clean,99.1
IYOCOQ_clean,101.6
IYODAD_clean,99.1
IYOQAQ_clean,162.5
IYOSUM_clean,169.9
IYOTAT_clean,169.1
IYOVIC_clean,131.3
IYOWID_manual,310.4
IYUCEM_clean,99.0
IYUCIQ_clean,86.1
IYUHOA_clean,302.0
IYUHUG_ion_b,202.6
IYUJAO_clean,131.1
IYUQEZ_clean,116.7
IYUQID_clean,92.2
IZEBAR_clean,93.5
IZEBEV_clean,107.6
IZEFEZ_charged,334.5
IZENEI_clean,345.9
IZENIM_clean,357.5
IZENUY_clean,244.8
IZEPAF_clean,67.2
IZEPEJ_clean,121.9
IZEQUB_clean,250.9
IZERAI_clean,221.3
IZEWAN_clean,107.1
IZIGUV_clean,297.2
IZIHAC_clean,176.7
IZIHEG_clean,177.6
IZIHOQ_clean,180.0
IZISEQ_clean,396.4
IZOWAW_clean,79.2
IZOWEA_clean,87.2
IZUMUM_clean,101.8
IZUVUV_clean,167.4
ja039022msi20031007_110612_clean,191.8
ja074366osi20070816_031204_clean,44.8
ja0752540-file002_clean,323.6
ja076167asi20070815_063752_clean,174.5
ja109659k_si_002_clean,84.3
ja110042b_si_003_clean,201.7
ja203898s_si_004_clean,101.7
ja205976v_si_004_clean,95.6
ja205976v_si_006_clean,88.3
ja206917z_si_001_clean,94.2
ja300034j_si_002_clean,89.3
ja302110d_si_001_clean,177.5
ja302340b_si_002_clean,188.8
ja302380x_si_003_clean,174.9
ja3082523_si_004_clean,700.8
ja308995t_si_002_clean,111.2
ja4012707_si_003_clean,63.1
ja4012707_si_004_clean,54.5
ja403810k_si_002_clean,804.9
ja4050828_auto,76.0
ja406030p_si_002_manual,96.7
ja406030p_si_003_clean,98.4
ja406030p_si_004_clean,110.5
ja406030p_si_005_manual,124.3
ja406030p_si_006_manual,121.0
ja406030p_si_007_manual,103.9
ja406030p_si_008_manual,122.2
ja406030p_si_009_manual,131.7
ja406844r_si_002_clean,117.5
ja407778a_si_003_clean,76.9
ja408959g_si_002_clean,87.3
ja408959g_si_003_clean,156.6
ja411887c_si_002_clean,234.2
ja500330a_si_005_clean,188.1
ja500330a_si_006_auto,441.6
ja500330a_si_007_auto,208.7
ja500330a_si_009_auto,213.6
ja5063423_si_002_clean,69.9
ja506357n_si_002_clean,210.0
ja507269n_si_002_clean,60.3
ja507269n_si_003_clean,60.0
ja507947d_si_001_auto,122.2
ja5103103_si_002_auto,278.1
ja510525s_si_002_clean,153.9
ja510525s_si_003-1_clean,138.1
ja5111317_ja5111317_si_002_auto,201.5
ja512137t_si_002_clean,97.0
ja512311a_si_003_auto,130.5
ja512311a_si_007_auto,108.8
ja512437u_si_002_clean,269.8
ja512437u_si_003_clean,272.8
ja512437u_si_004_clean,278.6
ja512762r_si_002_auto,92.8
ja512973b_si_002_auto,191.3
ja512973b_si_003_auto,183.6
ja512973b_si_004_auto,182.6
ja512973b_si_005_auto,34.8
ja5131269_si_002_clean,74.3
ja5131269_si_003_clean,74.9
ja5b00365_si_002_clean,85.2
ja5b02556_si_002_clean,138.8
ja5b02897_si_003_clean,73.8
ja5b02999_si_002_clean,79.2
ja5b02999_si_003_clean,207.7
ja5b02999_si_004_clean,221.1
ja5b02999_si_006_clean,79.3
ja5b02999_si_007_clean,71.7
ja808995d_si_002_clean,348.7
ja809985t_si_002_clean,380.6
ja903726m_si_002_clean,72.1
ja905009e_si_002_clean,93.6
ja907023c_si_001_clean,135.5
ja907023c_si_002_clean,136.0
ja907023c_si_003_clean,134.1
ja907023c_si_004_clean,133.7
JABMEF_clean,104.8
jacs.5b12516_ja5b12516_si_002_clean,219.0
jacs.5b12516_ja5b12516_si_003_clean,223.1
jacs.5b12516_ja5b12516_si_004_clean,221.0
jacs.5b13491_ja5b13491_si_002_clean,242.9
jacs.6b01345_ja6b01345_si_001_clean,497.3
jacs.6b01663_ja6b01663_si_003_clean,64.9
jacs.6b02030_ja6b02030_si_002_clean,190.0
jacs.6b02030_ja6b02030_si_003_clean,189.9
jacs.6b04608_ja6b04608_si_003_clean,911.4
jacs.6b06759_ja6b06759_si_002_clean,664.6
jacs.6b06759_ja6b06759_si_003_clean,374.1
jacs.6b06759_ja6b06759_si_004_clean,394.6
jacs.6b08724_ja6b08724_si_009_clean,60.4
jacs.6b08724_ja6b08724_si_014_clean,60.8
jacs.6b08724_ja6b08724_si_016_clean,58.5
jacs.6b09113_ja6b09113_si_002_clean,75.4
jacs.6b09155_ja6b09155_si_009_clean,94.9
JADBIC_clean,103.5
JADJOQ_clean,83.2
JADMAF_clean,430.2
JAFPIQ_clean,62.8
JAKBIJ_clean,42.5
JAKBOP01_clean,53.9
JAKBOP_clean,41.7
JAKBUV_clean,48.2
JALCAD_clean,303.6
JALLEQ_clean,296.8
JALLOA_clean,83.3
JALTUL_clean,86.6
JASNAT_clean,124.7
JAVNIE_clean,66.4
JAVSUV_clean,258.4
JAVTEG_clean,202.9
JAVWUY_clean,91.4
JEBCOJ_clean,164.2
JEDJUY_clean,87.3
JEDKEJ_clean,179.6
JEJWOL_clean,82.5
JELPAS_clean,165.0
JENKET_SL,143.5
JENKIX_SL,352.7
JETZAK_clean,181.9
JEWYAM_charged,100.4
j.ica.2016.05.002_2_clean,195.3
j.ica.2016.08.030_3_clean,117.4
JILWIL_clean,156.4
JILWOR_clean,274.3
JILXOS_clean,202.9
j.inoche.2015.01.025_INC05862-mmc2_clean,212.7
j.inoche.2015.03.028_inc05925-mmc2_clean,230.9
j.inoche.2015.03.054_CIFs_clean,54.7
j.inoche.2015.12.019_1_clean,168.6
JISVAJ_clean,100.1
JITPOS_SL,335.6
JITQEI_clean,198.8
JIVFUQ_clean,102.2
JIVHIG_clean,244.5
JIVSEN_clean,96.2
JIXWUJ01_clean,94.7
JIXWUJ02_clean,91.7
JIXWUJ_clean,94.7
JIYXUL_clean,56.7
JIZJAF_clean,75.9
JIZJEJ_clean,76.1
JIZJOT_clean,98.8
JIZJUZ_clean,92.4
JIZWEW_clean,108.5
JIZWIA_clean,115.0
JIZWOG_clean,148.7
j.jssc.2014.11.015_mmc2_clean,308.2
j.jssc.2015.05.012_mmc6_clean,191.9
j.jssc.2016.09.008_mmc8_clean,96.2
JOCWIJ_clean,148.5
JOFGOC_clean,142.7
JOFKIA01_clean,176.4
JOFKIA_clean,124.3
JOGHEU_clean,104.5
JOGHIY_clean,107.6
JOGSAA_clean,45.4
JOHFIW_manual,68.2
JOJKUQ_clean,93.3
JOKXAI10_clean,76.2
JOKXAI_clean,76.1
JOKXEM10_clean,124.2
JOKXEM_clean,125.5
JOKXOW10_clean,75.8
JOKXOW_clean,75.7
JOKXUC10_clean,120.0
JOKXUC_clean,113.9
JOKYAJ_clean,60.9
JOKYEN_clean,62.7
JOKYIR10_clean,60.8
JOKYIR_clean,62.8
JOKYOX10_clean,61.5
JOKYOX_clean,62.4
JOLYEQ_clean,242.3
JOQSOZ_clean,111.8
JOQZUM_clean,91.5
JORBAV_clean,91.6
JORLEJ_clean,335.8
JORRAL_clean,141.5
JORSEQ_clean,247.1
JORVET_clean,195.0
JOSNAG01_clean,125.3
JOSNAG_clean,116.2
JOVXEZ_clean,149.7
JOWFOQ_clean,75.8
JOXPIX_clean,147.9
JOYKUF_clean,58.8
jp102463p_si_002_clean,84.4
jp102463p_si_004_clean,88.3
jp2064408_si_002_clean,93.4
jp209895d_si_002_clean,477.7
JUCGUL_clean,106.8
JUCXEK_clean,52.6
JUFREJ_clean,103.3
JUGQIN_clean,94.4
JUGQOT_clean,90.7
JUJMOS_clean,581.4
JUJTAL_clean,146.4
JUMCOL_clean,57.9
JUMCUR_clean,99.7
JUMDAY_clean,100.3
JUMDEC_clean,98.1
JUNBOL_clean,154.2
JUNBUR_clean,125.6
JUQVAU_clean,136.7
JURKIS_clean,176.8
JUSBAC_clean,327.3
JUSKAL_clean,233.7
JUTCIM_clean,164.3
JUTCUW_SL,27.5
JUVROJ_clean,135.1
JUXFAL_clean,111.0
JUXFOZ_clean,168.4
JUYJIY_clean,63.1
JUYROM_clean,176.5
jz4002345_si_002_clean,131.6
jz4002345_si_003_clean,130.8
jz4002345_si_005_clean,140.6
jz4002345_si_006_clean,128.5
KABNIL_clean,99.0
KABXAO_clean,76.5
KABXES_clean,135.2
KABXIW_clean,134.5
KABXOC_clean,139.8
KACZEV_clean,320.6
KACZIZ_clean,333.7
KADLOT_clean,114.2
KADLUZ_clean,184.3
KAGCAY_charged,131.3
KAGVUL_clean,110.5
KAGWEW_clean,55.6
KAHMOW_clean,321.8
KAHNOX_clean,25.9
KAHPUE_clean,50.9
KAHYEY_clean,69.7
KAHYID_clean,53.5
KAHYOJ_clean,56.8
KAHYUP_clean,55.6
KAJZIH_clean,134.4
KAKCAD_clean,158.6
KAKCEH01_clean,131.0
KAKCEH02_clean,132.8
KAKCEH_clean,128.9
KALFEK_clean,204.6
KALFOU_clean,137.3
KALGAH_clean,132.0
KALGEL_clean,128.3
KANDIO_clean,134.8
KANMIX_clean,159.3
KARLUM_clean,236.5
KARNAU_clean,160.7
KARNID_clean,165.0
KARTAA_clean,152.1
KASRAZ_clean,176.4
KASRED_clean,166.4
KATDAM_clean,153.7
KAVGAQ_clean,156.2
KAVJAT_charged,179.3
KAVJEX01_clean,181.9
KAVJEX_clean,839.6
KAVKIC_clean,91.5
KAVNIH_clean,198.4
KAVTEI_clean,167.4
KAVTUY_clean,152.2
KAWBOB_clean,146.9
KAWHEY_clean,159.7
KAXQIL_clean,417.9
KAYBIX_clean,135.3
KAYBUJ_clean,131.8
KAYCIY_clean,176.6
KEBDIG_charged,226.9
KEBFII_clean,119.5
KECRAL10_clean,30.3
KECRAL11_clean,62.3
KECRAL12_clean,34.3
KECRAL_clean,33.2
KEDJAG01_clean,59.4
KEDJAG02_clean,60.1
KEDJAG03_clean,60.9
KEDJAG04_clean,59.4
KEDJAG06_clean,58.9
KEDJAG08_clean,58.8
KEDJAG10_clean,60.0
KEDJAG12_clean,61.4
KEDJAG14_clean,59.9
KEDJAG16_clean,62.5
KEDJAG18_clean,61.6
KEDJAG20_clean,60.0
KEDJAG22_clean,60.4
KEDJAG24_clean,60.2
KEDJAG26_clean,61.1
KEDJAG28_clean,60.0
KEDJAG_clean,59.0
KEDNOY_clean,111.2
KEDQAN_clean,188.9
KEFBEE_clean,44.0
KEFBII_clean,59.8
KEFBOO_clean,45.9
KEFWAV_clean,153.2
KEFWEZ_charged,141.2
KEFWID_clean,118.2
KEGYAX_clean,91.4
KEGZOL01_clean,48.6
KEGZOL02_clean,50.4
KEGZOL03_clean,49.6
KEGZOL_clean,48.5
KEHFUA_clean,279.0
KEHGAH_charged,118.7
KEHGIP_clean,216.6
KEJBOQ_clean_h,188.8
KEJHIQ_clean_h,186.1
KENJEU_clean,344.7
KEPPIF_clean,70.4
KEQDER_clean,118.9
KESBIU_charged,287.9
KESBOA_clean,243.0
KESBUG_clean,232.6
KESGAS_clean,118.4
KESHAT_clean,141.9
KETHEY01_clean,202.3
KETHEY02_clean,169.0
KETHEY_clean,187.8
KEVVIS_clean,167.5
KEVWUF_clean,47.2
KEWBUL_clean,338.3
KEWNUX_clean,111.6
KEWZET_clean,134.0
KEXFAU_clean,126.4
KEXFIC10_clean,92.1
KEXFIC_clean,96.1
KEYFUR_clean,379.1
KEYMUY_clean,84.5
KEYROX_clean,102.6
KEYYET_clean,43.9
KIBDEF_clean,183.7
KIBDIJ_clean,185.7
KICXAX_clean,118.3
KICXEB_clean,116.3
KIDDIM_clean,180.5
KIDDOS_clean,312.5
KIDVIE_clean,63.8
KIFJIT_charged,138.8
KIFWUT_clean,123.5
KIGCEK_clean,84.1
KIJPUQ_clean,108.0
KIJRUS_clean,156.8
KIKDAL_clean,382.9
KIKFIV_clean,170.9
KINDOC_clean,124.2
KINFAQ_clean,105.2
KINFEU_clean,164.6
KINNIG_clean,80.9
KINPUU_clean,166.0
KINQAB_clean,164.9
KINRIK_clean,358.1
KINROQ_clean,344.9
KIPJIE_clean,139.3
KIPJOK_clean,134.1
KIPJUQ_clean,148.9
KIPKAX_clean,162.8
KIPKEB_clean,158.3
KIPZEQ_clean,188.8
KIRFIA_clean,46.0
KIRTUC_clean,165.3
KISVEO_clean,61.9
KITVEQ_clean,98.7
KIVDUQ_clean,86.9
KIVFAY_clean,88.2
KIVFEC_clean,87.5
KIYMIQ_clean,142.6
KIYQEQ_clean,160.9
KIYQIU_clean,191.0
KIYQOA_clean,196.9
KIYTOD_clean,143.4
KIYXUN_clean,135.2
KOBFIR_clean,96.4
KOBRAV01_clean,246.5
KOBRAV_clean,241.0
KOCCUC_clean,78.8
KOCWEF_clean,180.7
KOFPEB01_clean,158.2
KOFPEB02_clean,159.9
KOFPEB03_clean,159.1
KOFPEB04_clean,166.6
KOFPEB_clean,159.3
KOFVOS_clean,240.3
KOGYIP_clean,78.5
KOHDIW_clean,94.5
KOHKIC_clean,343.6
KOHKOI_clean,344.5
KOHLIE_clean,357.3
KOJTOU_clean,113.4
KOJZEP_manual,119.4
KOJZIT_clean,129.0
KOJZUF_clean,286.7
KOKKOL_clean,135.4
KOMCOG_clean,177.2
KOMDAT_clean,254.5
KOMGUP_clean,93.8
KOMVIT_clean,111.8
KONCIA_clean,117.7
KONSAJ_clean,273.0
KONYOB_clean,111.5
KOQLUZ_clean,121.7
KORNAI_clean,121.3
KOSJAF_clean,82.1
KOSJEJ_clean,82.3
KOSJIN_clean,81.7
KOSJOT_clean,82.2
KOSJUZ_clean,82.0
KOSKAG_clean,82.6
KOSKEK_clean,82.4
KOSKIO01_clean,79.8
KOSKIO_clean,83.4
KOSKUA_clean,83.1
KOSLAH_clean,82.6
KOSLIP_clean,81.9
KOSLOV_clean,82.0
KOSLUB_clean,82.8
KOSMAI_clean,82.5
KOTSIX_clean,126.3
KOVJAI01_clean,157.0
KOVJAI_clean,98.0
KOXFUA_clean,159.4
KOXGAH_clean,393.2
KOXGIP_clean,199.6
KOYRAT_charged,304.7
KOZNIY_clean,71.6
KOZQEX_clean,316.0
KOZSID_clean,126.6
KOZSOJ_clean,109.0
KUBQAA_charged,272.5
KUCDIW_clean,803.9
KUCDOD_clean,122.0
KUDLUR_clean,161.5
KUDMAY_clean,161.3
KUDWAJ_clean,244.9
KUFBEU_clean,60.9
KUFTAI_clean,199.7
KUFVAK_clean,85.4
KUGZIW_clean,114.4
KUHNEI_clean,119.4
KUJMEJ_clean,77.9
KUJMIN_clean,107.9
KUJNEJ_clean,244.6
KUJNOT_clean,387.1
KUJNUZ_clean,405.8
KUJPAH_clean,298.4
KUJTUG_clean,415.4
KUKMUA_clean,232.8
KUKPOX_clean,256.2
KUKZOH_clean,772.3
KULLAG_clean,189.0
KULLEK_clean,170.8
KULMEK_clean,101.5
KULRIT_clean,140.7
KULZEY_clean,423.9
KUMGIK_clean,403.4
KUMGOQ_clean,68.3
KUNMUD_clean,168.5
KUNSUJ_clean,613.8
KUNWEW_clean,119.0
KUQWIE_clean,206.8
KUQXIE_clean,118.4
KUSZED_clean,45.7
KUTDAG_clean,299.7
KUTRUO_clean,322.4
KUVJIW_clean,70.5
KUVMIZ_clean,115.0
KUVMUL_clean,189.4
KUVYAD_clean,72.6
KUXLUL_clean,86.8
KUXREC_clean,61.1
KUYPIF_clean,146.1
KUZPEC_clean,183.8
KUZZAI_clean,154.0
la304204k_si_003_clean,358.9
la4012839_si_002_auto,573.4
LABJUV_clean,82.4
LABNAG_clean,98.6
LABNIO_clean,100.6
LABPOV_clean,202.1
LABPUB_clean,203.1
LABQAI_clean,201.7
LABRUE_clean,224.6
LACBID_clean,201.7
LACGED_clean,121.6
LACNUB_clean,286.4
LACQIS_clean,94.5
LACZEX_clean,61.3
LADHEF_clean,157.1
LADHIJ_clean,154.0
LADKEJ_clean,176.2
LADQEP_clean,230.1
LADQIT_clean,234.4
LADQOZ_clean,235.9
LADQUF_clean,231.7
LAFFEG02_clean,258.1
LAFQOA_clean,1117.3
LAFQUG_clean,1054.0
LAFRAN_manual,1093.5
LAFRER_manual,1048.5
LAFRIV_manual,1061.2
LAFROB_manual,1127.4
LAGBUS_clean,119.4
LAGDII_ion_b,122.6
LAGHIL_clean,192.6
LAGMUD_clean,82.8
LAGNAK_clean,77.5
LAGNEO_clean,109.4
LAGNIS_clean,108.8
LAGNOY_clean,121.5
LAGNUE_clean,121.7
LAGPAM_clean,77.7
LAGQER_clean,77.9
LAGQOB_clean,77.3
LAGTIY_clean,45.6
LAGVOG_clean,71.7
LAGWEX_clean_h,184.1
LAGWUN_clean,97.6
LAHTUM_clean,198.3
LAHVAU_clean,250.0
LAHYOL_clean,427.0
LAJJAK_clean,122.5
LAJLIT_charged,751.8
LAJTIC_clean,46.8
LAKFIN_clean,292.6
LALFEL_clean,59.2
LALFUB_clean,103.0
LAMFEK_clean,116.2
LAMFIO_clean,67.3
LAMFOU_clean,76.2
LAMHAI_clean,63.0
LAPLEW01_clean,308.8
LAPZIO_clean,198.0
LAQNID_clean,95.0
LAQZOV_clean,143.2
LARNIE_clean,99.0
LARPEC_clean,182.4
LARPOL_charged,181.1
LARVIM_clean,121.9
LARXUA_clean,142.8
LASDEQ_clean,311.6
LASMAV_neutral,284.6
LASRAB_clean,43.0
LASREF_clean,52.0
LASRIJ_clean,46.5
LASWEJ_clean,118.8
LASWIN_clean,181.8
LASYOU_clean,174.6
LATCEO_clean,48.3
LATPIG_clean,110.8
LATYOX_clean,108.3
LAVCOD_clean,83.8
LAVCUJ_clean,38.0
LAVDOE_clean,135.1
LAVSUY_clean,72.2
LAVTAF_clean,68.4
LAVTEJ_clean,69.1
LAVTIN_clean,66.2
LAVTOT_clean,70.5
LAVTUZ_clean,71.2
LAVZOA_clean,83.2
LAVZUG_clean,50.5
LAWFOF_clean,231.8
LAWFUL_clean,225.9
LAWFUN_clean,182.4
LAWGAS_clean,227.5
LAWGEW_clean,41.0
LAWGIA_clean,40.8
LAWGOG_clean,41.1
LAWGUM_clean,41.4
LAWHOJ_clean,165.1
LAWHUP_clean,166.1
LAXJAX_clean,1084.7
LAYGAV_clean,438.1
LAZGOK_manual,99.5
LAZJIH_clean,93.9
LAZKUU_clean,212.6
LAZXOB_clean,83.6
LECFAC_clean,187.7
LECFEG_clean,189.4
LECFUW_charged,199.6
LECGIL_clean,47.8
LEDHEJ_clean,174.4
LEDHIN_clean,176.0
LEDLAJ_clean,229.4
LEDLEN_clean,147.3
LEDNEP_charged,198.6
LEDNIT_charged,150.4
LEGGEK_clean,178.4
LEGGIO_clean,435.0
LEHXUT_clean,103.5
LEJBUX_clean,40.9
LEJCAE_clean,42.0
LEJKIW_clean,155.3
LEJRIC_clean,80.1
LELDUD_clean,329.3
LELMIA01_clean,114.7
LELMIA_clean,106.9
LELROL_clean,163.4
LELRUR_clean,144.6
LEMVOP_clean,269.0
LENGAO_clean,134.8
LENKIA_clean,78.5
LEQQAA_clean,154.5
LEQQII_clean,129.1
LEQVUZ_clean,286.2
LESWAI_clean,173.1
LETDEU_clean,44.2
LETDUK_clean,56.2
LETPOR_clean,248.4
LETPUX01_clean,143.1
LETPUX_clean,143.8
LETQAE01_ion_b,149.2
LETQAE_clean,225.6
LETQEI_clean,300.2
LETRAF_clean,333.7
LEVBAQ_clean,383.9
LEVDIB_clean,90.6
LEVLEF_clean,311.9
LEVNOQ01_clean,180.1
LEVNOQ_clean,176.4
LEVPAF_clean,199.8
LEVYOC_clean,156.3
LEWMUX_clean,263.4
LEYFUS_clean,128.0
LEYPAI_clean,62.3
LEYQUD_clean,54.2
LEYRAK_clean,55.5
LEYREO_clean,54.2
LEZLAF_clean,155.1
LEZMIN_clean,142.9
LEZWUK_clean,133.4
LEZXAR_clean,131.1
LIBQIY_clean,54.8
LIBZIG_clean,91.4
LICKAL_clean,103.9
LIDWIG_clean,200.0
LIDZOP_clean,312.1
LIDZUV_clean,418.3
LIFSAW_clean,368.9
LIFSEA_clean,443.5
LIFWOO_clean,158.0
LIGHAM_clean,138.0
LIJNOJ01_clean,182.6
LIJNOJ_clean,180.7
LIKDOA_clean,94.5
LIPQOR_clean,443.1
LIQDAS_clean,152.9
LIQFEY_clean,113.8
LIQJEC_clean,83.8
LIRFIB_clean,27.0
LIRNOR_clean,474.5
LIRVAK_charged,224.8
LITCIC_clean,92.9
LITCOI_clean,263.6
LITDAV_clean,258.6
LITHUR_clean,66.7
LIVLUZ_clean,135.3
LIVTEP_charged,99.9
LIVTIT_clean,78.9
LIVWAQ_clean,73.9
LIWFOM_clean,79.4
LIWVIY_clean,70.7
LIWXIZ_clean,157.1
LIWXOG_clean,108.3
LIXWAR01_clean,167.1
LIXWAR_clean,167.6
LIXXAS_clean,88.8
LIZWEX_charged,232.5
LOBHAM_clean,178.9
LOCZIO_clean,132.8
LODKIA_clean,205.2
LODPUQ_clean,597.7
LOFVUY01_clean,439.8
LOFVUY_clean,433.5
LOFZUB_clean,152.6
LOGBAK_clean,175.0
LOGBEO_clean,162.4
LOGXEM_clean,300.7
LOJFOF_clean,470.5
LOJFUL_clean,75.6
LOJLAZ01_clean,71.5
LOJLAZ_clean,77.0
LOLREL_clean,397.8
LOLVAJ_clean,299.4
LOMLOQ_clean,120.1
LOMLUW_clean,128.8
LONVAN_clean,161.8
LONVIV_clean,169.6
LONWIW_clean,176.1
LOPZAS_clean,1318.1
LOQLEJ_manual,125.1
LOQLIN_SL,154.9
LORMOW_clean,135.6
LORROB_clean,139.2
LOSBOM_clean,169.0
LOSXIC_clean,146.6
LOTDIJ_clean,291.3
LOVLEP_clean,436.0
LOXBEH_clean,272.2
LOXKAM_clean,115.8
LOXWAY_clean,219.3
LOXWEC_clean,206.0
LUBMAW_clean,158.1
LUBNAZ_clean,128.9
LUCDAO_clean,92.0
LUCDES_clean,90.2
LUCDIW_clean,90.7
LUDCUK_clean,255.0
LUDKOM_clean,269.0
LUDKUS_clean,298.7
LUDLED_clean,527.6
LUDLIH_clean,527.2
LUDVIP_clean,117.0
LUFBUL_clean,180.0
LUFCAS_clean,142.9
LUFNAC01_clean,145.9
LUFNAC02_clean,137.4
LUFNAC03_clean,140.6
LUFNAC04_clean,136.4
LUFNAC05_clean,138.1
LUFNAC_clean,138.9
LUFNEG_clean,175.5
LUFQUZ01_clean,82.9
LUFQUZ02_clean,58.7
LUFQUZ_clean,110.2
LUJBAV_clean,119.3
LUJPUC_clean,64.4
LUJSOA_clean,89.9
LUKREO_clean,272.9
LUKRIS_clean,124.2
LULVOF_clean,360.4
LULXAS_clean,126.4
LUMDEC_clean,98.1
LUMLIQ_clean,187.4
LUMYEZ_clean,103.9
LUMYID_clean,108.4
LUMYOJ_clean,105.4
LUMYUP_clean,103.1
LUMZAW_clean,150.4
LUMZUO_clean,50.9
LUNBAX_clean,48.2
LUNBEB_clean,49.6
LUNBIF_clean,26.0
LUPTAS_clean,169.1
LUPYAX_clean,146.3
LUQGAG_clean,145.5
LURLOB_clean,95.0
LUSHIR_clean,197.9
LUSHOX01_clean,151.9
LUSHOX02_clean,150.4
LUSHOX03_clean,150.8
LUSHOX04_clean,145.5
LUSHOX_clean,123.8
LUSHUD_clean,202.1
LUSJEP_clean,195.1
LUSJIT_clean,193.8
LUSJOZ_clean,203.6
LUSYEF_clean,122.7
LUTSEA_clean,61.9
LUVTAY_clean,216.3
LUVWUU_clean,282.7
LUWMEX_clean,220.8
LUWMIB_clean,199.1
LUWMOH_clean,207.6
LUXDUE_clean,571.7
LUXFOA_clean,405.6
LUXFUG_clean,412.7
LUYBOY_clean,185.1
LUYHAP_clean,45.7
LUYSEF_clean,106.0
LUYSOP_clean,138.0
LUZBOY_clean,41.8
LUZJAT_clean,184.8
MABCUQ_clean,44.0
MABJUV01_clean,182.8
MABJUV_clean,179.5
MABKEG_clean,219.8
MABKIK01_clean,201.8
MABKIK_clean,320.3
MABLAD_clean,255.3
MACHIJ_clean,340.8
MACKAE_clean,67.6
MADVUJ_clean,160.3
MADWAQ_clean,160.3
MAFDII_SL,417.2
MAFJIO_clean,122.8
MAFLUD_clean,102.0
MAFMAK01_clean,97.5
MAFZIE_charged,191.5
MAGBAZ_clean,68.7
MAGBON_clean,182.2
MAGNEQ01_clean,45.3
MAGNEQ_clean,43.6
MAHCEG_clean,140.7
MAHCIK_clean,141.5
MAHCOQ_clean,139.0
MAHTAR01_clean,193.1
MAHTAR_clean,212.0
MAJHUC_clean,171.9
MAKFIQ_clean,98.0
MAKFOW_clean,90.2
MAKGAJ_clean,89.7
MAKHAJ_clean,128.9
MAKRAU_clean,118.1
MAKRIC_clean,167.9
MAKXAZ_clean,385.0
MALFUD_clean,64.3
MALROJ_clean,76.0
MALRUM_clean,122.7
MALRUP_clean,78.1
MALSAW_clean,77.2
MALSEA_clean,78.4
MALSIE_clean,77.7
MALSOK_clean,78.8
MALYIJ_charged,330.0
MANDUD_clean,230.7
MANLAP_ion_b,210.2
MANLIX_charged,634.8
MANLOD_manual,298.0
MAPCIP_clean,60.3
MAPCUE_clean,299.2
MAPFIS_clean,153.7
MAPLEX_clean,308.9
MAQBEO_clean,130.1
MAQBIS_clean,154.9
MAQRAA_clean,92.6
MARDAM_charged,274.2
MARJAQ_clean,133.0
MARNOL_clean,144.9
MARPOL_clean,231.6
MARXEK_clean,72.4
MASMIC_clean,56.0
MASZOX_clean,102.5
MASZUD_clean,99.5
MATBAM_clean,184.2
MATBEQ_clean,258.6
MATFIY_clean,152.3
MATPOP_clean,418.0
MATPUV_clean,170.5
MATTOR_clean,128.4
MATTUX_clean,246.4
MATWUC_clean,120.1
MATXAJ_clean,128.9
MAVFEV01_clean,72.5
MAVFEV_clean,74.4
MAVNUU_manual,182.5
MAWFAT_charged,288.2
MAWFEY_clean,289.1
MAWFIC_clean,108.1
MAWTUC_clean,117.7
MAWVAK_clean,113.4
MAXFIA_charged,142.4
MAXHOJ01_clean,63.8
MAXHOJ02_clean,61.2
MAXHOJ_clean,131.5
MAYJOM_clean,123.1
MAYKOO_clean,96.0
MAZSUD_clean,108.9
MEBMEM01_clean,97.7
MECWIB_clean,491.6
MEFJUE_clean,126.8
MEFYUT_clean,158.1
MEFZUU_manual,386.2
MEGBAD_clean,86.5
MEGBEH_manual,85.0
MEGFIN_clean,130.6
MEHMET_clean,59.2
MEJMOE_clean,219.4
MEJQEZ_clean,168.2
MEJQID_clean,168.5
MEJQOJ_clean,166.6
MEJZEI_clean,132.1
MEJZIM_clean,133.5
MEJZOS_clean,197.3
MEJZUY_clean,202.3
MEKBAH_clean,201.1
MEKDUC_clean,174.9
MEMGAN_clean,114.1
MEQHUL01_clean,75.7
MEQHUL_clean,76.6
METYIU_clean,98.0
MEWNEH_clean,114.4
MEXDEY_clean,187.3
MEXJAC_clean,31.8
MIBMER_clean,158.7
MICDEJ_clean,121.7
MIDCAF_clean,204.3
MIDSUP01_clean,65.4
MIDSUP_clean,110.6
MIFGEP01_clean,227.4
MIFGEP_clean,227.0
MIFKUJ_clean,207.6
MIFLIY_clean,72.6
MIFNUM_clean,168.9
MIFPUO_clean,200.2
MIFQOJ_clean,117.8
MIFROK_clean,169.6
MIFSAX_clean,168.1
MIFSUR_clean,180.2
MIFTEC_clean,164.8
MIFTIG_clean,165.7
MIFTUS_clean,169.9
MIFVEE_clean,166.8
MIHLAR_clean,145.7
MIHLEV_clean,112.1
MIHLIZ_clean,150.0
MIHLOF_clean,140.7
MIJHOD_clean,108.4
MIJMAU_clean,141.3
MIKDUH_clean,106.2
MIKJAR_clean,328.1
MILQIJ_clean,151.6
MILROQ_clean,437.1
MIMFOF_clean,242.9
MIMKIE_clean,81.0
MIMSOS_clean,279.7
MIMSUY_clean,232.3
MIMVEJ_clean,242.6
MINCIX_clean,105.5
MINCUJ_clean,106.8
MINVOU01_clean,66.2
MINVOU_clean,65.7
MINVUA01_SL,99.1
MINVUA_SL,102.2
MIQLII_clean,96.3
MIRLAB_clean,64.6
MISQIQ01_clean,256.6
MISQIQ02_clean,250.2
MISQIQ03_clean,211.6
MISQIQ04_clean,250.6
MISQIQ05_clean,255.0
MISQIQ06_clean,256.0
MISQIQ07_clean,248.3
MISQIQ_clean,252.7
MITGOL_clean,84.2
MITSAK_clean,70.9
MITSIS_charged,104.7
MITSUE_clean,71.4
MITTAL_charged,173.4
MIVFEE_clean,108.2
MIVFOO_clean,99.5
MIXBAY_clean,59.8
MIXBEC_clean,168.8
MIXBIG_auto,81.2
MIXYID_clean,152.2
MIXZOK_clean,100.4
MIYWIB_clean,96.1
MIZKOW_clean,132.9
MOCKAR_clean,44.9
MOCKEV_clean,42.7
MODJOG_clean,84.8
MODMIB_clean,52.0
MODNAU_charged,177.3
MODNOI_ion_b,169.1
MODNUO_ion_b,180.2
MOFBIU_clean,307.2
MOFKUO_clean,91.9
MOFLAV_clean,254.5
MOGNAY_clean,121.2
MOGXUB_clean,95.1
MOJNAC_clean,119.5
MOLKAB_clean,164.0
MOLQEL_clean,88.7
MOLRIP_clean,85.3
MOMRIR_clean,548.0
MOMSIS_clean,140.2
MOPKEJ_clean,266.9
MOPQIT_clean,110.3
MORFEG_clean,304.7
MORZID_clean,219.5
MOSBIG_clean,58.2
MOSDUT_clean,152.4
MOTMAK_clean,132.1
MOTVOI_clean,116.1
MOVGUB_clean,172.4
MOVHEM_clean,167.1
MOVKOZ_clean,175.6
MOXDOT_charged,269.9
MOXKAN_clean,309.9
MOXNIY_clean,134.3
MOXNUJ_clean,57.9
MOXNUK_clean,227.9
MOXPEV_charged,176.9
MOXPIZ_charged,82.0
MOXPUL_clean,59.7
MOYMET_clean,160.4
MOYNIY_clean,289.4
MOYYEF_clean,165.1
MOYYIJ_clean,63.1
MUBQIJ_clean,575.2
MUBZOA_auto,96.3
MUBZUG_auto,102.7
MUDLON_clean,154.0
MUDTAH_clean,165.6
MUDTEL_clean,164.3
MUFXUI_clean,160.8
MUFYAP_clean,162.5
MUGFOK_clean,215.2
MUGHED_clean,181.4
MUGQAI_clean,179.6
MUHNAG_clean,154.5
MUHNUA_clean,181.6
MUHPAI_clean,121.6
MUJRIT_clean,87.8
MULQOA_clean,138.8
MULSER_clean,109.6
MULXOH_clean,132.8
MUMYAW_clean,123.4
MUNDAC_clean,81.1
MUNDEG_clean,193.7
MUNDOQ_clean,83.1
MUNLUE_clean,91.3
MUNNUF_clean,209.5
MUNPAN_clean,182.7
MUNPER_clean,198.1
MUPTAU_clean,163.9
MUQSAU_clean,125.2
MURBEI_clean,84.5
MURCAD_clean,84.7
MURCIL_clean,72.3
MURCOR_clean,73.7
MURFIQ_clean,129.3
MURTUO_clean,166.3
MUSCAG_clean,293.7
MUSCIN_clean,179.2
MUSSIE_clean,184.9
MUTDIQ_clean,126.7
MUTVUT_clean,208.4
MUVGOA_clean,212.5
MUVGUG_clean,150.4
MUVHER_clean,150.7
MUVJIX_clean,162.8
MUVLUM_clean,126.0
MUVMOG_clean,282.6
MUVNAT_clean,88.7
MUVNEX_clean,196.9
MUVROM_clean,515.8
MUWQEB_clean,95.1
MUZGAQ_clean,280.6
MUZHUL_charged,109.4
MUZKAV_clean,237.3
MUZVUA_clean,91.5
NABCEA_charged,153.2
NABMUA01_clean,137.5
NABMUA_clean,134.5
NACVUI_clean,125.1
NACYAU_clean,84.0
NACYOG_clean,161.5
NACYUM_clean,159.8
NADKEK_clean,46.8
NADNEM_clean,146.5
NADZEZ_clean,271.0
NADZID_clean,199.9
NAFSOF_clean,39.6
NAGBUU_clean,323.6
NAGCAB_clean,190.6
NAGQET_clean,131.2
NAGQOD_clean,287.3
NAHFIO_clean,404.3
NAHHAI_clean,87.7
NAHNES_clean,195.4
NAJMIV_charged,206.6
NAJQUN_clean,298.0
NAJSUP_clean,187.3
NAJTAW_clean,113.7
NAKLIW_clean,109.0
NALWOO_clean,140.7
NALYEG_clean,67.5
NAMDUD_clean,614.9
NANTII_clean,67.2
NANYUX03_clean,77.1
NANYUX_charged,127.5
NAPNEA_clean,558.3
NAPZOV_clean,92.5
NAQLAT_clean,347.2
NAQQED_clean,80.8
NAQQIH_clean,86.3
NAQQON_clean,84.2
NAQQUT_clean,82.9
NAQRAA_clean,81.7
NAQREE_clean,82.2
NARMUR_clean,102.5
NARPOO_clean,141.3
NARPUU_clean,132.5
NASREH_clean,58.6
NASRIL_clean,58.1
NASROR_clean,221.6
NATFAS_clean,209.4
NATHOH_ion_b,173.8
NATHUO_clean,158.7
NATKIF_clean,104.1
NATKOL_clean,112.9
NAVJAW01_clean,79.4
NAVJAW_clean,80.2
NAVLIG_clean,131.0
NAWDUN_clean,190.7
NAWKII_clean,246.8
NAWWUG_clean,167.7
NAWXER_clean,67.9
NAXKOO_clean,151.4
NAXLII_clean,123.0
NAYGUR_clean,67.8
NAYMOQ_clean,84.8
NAYNIK_clean,77.6
NAYPIM_clean,254.6
NAYXOC_clean,233.4
NAYZOE_clean,165.4
NAYZUK_SL,147.2
NAZZEV_clean,160.8
nchem.2258-s3_clean,156.3
ncomms11831_ncomms11831-s2_clean,412.3
ncomms11831_ncomms11831-s3_clean,386.0
ncomms7350-s2_clean,190.0
NDAIAH_clean,85.4
NEBNOZ_clean,165.5
NEDVOJ_charged,99.2
NEDVUP_clean,90.3
NEDWAW_clean,85.7
NEDWEA_clean,82.9
NEDWIE_clean,50.1
NEDXOL_clean,239.6
NEFZOO_clean,206.0
NEGMUI_clean,118.8
NEGZUW_clean,119.8
NEHGEO_clean,579.4
NEHGIS_clean,594.0
NEHMET_clean,97.1
NEHZIK_clean,97.6
NEJRUR_clean,108.9
NEJSAY_clean,279.6
NEJSEC_clean,172.7
NEJSOM_clean,134.4
NEKBEL_clean,67.5
NEKMUN_clean,242.4
NEKREB_clean,105.9
NELVAC_clean,195.6
NELVEG_clean,206.2
NENFAN_clean,285.6
NENHAQ_clean,125.5
NEPWIQ_clean,189.5
NERMON_clean,85.1
NERNON_charged,246.8
NERTAH_clean,341.2
NERVAJ_clean,382.2
NERVEN_clean,347.1
NESVAK_charged,174.5
NESVEO_charged,112.7
NETHOJ_clean_h,112.2
NETYIV01_clean,143.7
NETYIV_clean,140.6
NEVJEF_clean,145.1
NEVPOU_clean,129.8
NEVPUA_charged,150.9
NEVQAH_charged,158.2
NEVVAM01_clean,108.7
NEVVAM02_clean,116.0
NEVVAM_clean,111.1
NEVVEQ_clean,235.6
NEXDOK_charged,348.9
NEXVET_clean,212.7
NEXVUI_clean,124.1
NEXXEV_clean,176.1
NEXXIZ_clean,185.2
NEYVEU_clean,459.9
NEYYUN_clean,106.9
NEYZAU_clean,113.5
NEZWOG01_clean,100.3
NEZWOG_clean,120.0
NIBHUC_clean,109.8
NIBJAK_clean,41.0
NIBXUT_clean,154.4
NIFTIH_clean,135.1
NIGBOW_clean,54.6
NIGDEO_clean,163.5
NIGDIS_clean,160.5
NIGFIT_clean,75.1
NIGFOZ_clean,74.3
NIGFUF_clean,76.8
NIGGAM_clean,73.7
NIGGEQ_clean,76.1
NIGGIU_clean,81.1
NIGNUO_clean,239.4
NIGPEA_clean,180.6
NIHBAI01_clean,110.5
NIHBAI02_clean,110.6
NIHBAI_clean,111.1
NIHBEM01_clean,116.7
NIHBEM02_clean,118.0
NIHBEM_clean,117.4
NIHBIQ01_clean,114.2
NIHBIQ02_clean,113.7
NIHBIQ_clean,115.1
NIHVUX_clean,98.7
NIJTOR_clean,200.4
NIJZIP01_clean,75.5
NIJZIP_clean,53.4
NIJZOV_clean,53.0
NIKDAM_clean,100.1
NIKJIB_clean,204.0
NIKKIC_clean,178.9
NIKYOW01_clean,114.9
NIKYOW02_clean,117.5
NIKYOW_clean,115.6
NIKYUC01_clean,116.7
NIKYUC02_clean,117.2
NIKYUC_clean,117.3
NIKZAJ01_clean,116.5
NIKZAJ02_clean,117.3
NIKZAJ_clean,115.1
NIKZEN01_clean,115.6
NIKZEN02_clean,118.4
NIKZEN_clean,118.1
NIMPEG01_clean,80.0
NIMPEG_clean,91.2
NIMPOQ_clean,203.4
NIMTAE_clean,182.1
NIMXAK_clean,104.2
NIMXIS_clean,86.3
NINHOH_clean,25.5
NINVAI_clean,85.5
NIRGAY_clean,132.2
NISBEX_clean,217.7
NISPEL_charged,346.3
NIVZOJ_clean,61.7
NIYJAI_clean,324.2
NIYZIG_clean,129.7
NIZNAN_clean,297.5
NIZZAY_clean,281.4
NIZZEC_clean,139.0
NIZZIG_clean,101.1
NIZZOM_clean,102.0
NOBVOR_clean,164.8
NOCKOG_clean,161.3
NOCKUM_clean,172.8
NOCLOH01_clean,118.5
NOCLOH02_clean,114.8
NOCLOH03_clean,111.2
NOCLOH_clean,113.8
NOCLUN_clean,87.4
NOCYUB_clean,163.2
NOCZAI_clean,160.2
NODKAT_clean,229.9
NODKOH_clean,232.3
NODKUN_clean,93.2
NOFDUI_clean,227.0
NOFHOG_clean,93.5
NOFQAB_clean,1270.9
NOFQIK_clean,94.9
NOFQOQ_clean,105.2
NOGDAP_clean,215.2
NOHFOG_clean,84.8
NOHLAZ_clean,61.7
NOHSIM01_clean,147.2
NOHSIM_clean,100.4
NOHSUA_clean,203.7
NOKJON_clean,63.4
NOKLIJ_clean,82.7
NOKPEJ_clean,90.9
NOMQAJ01_clean,181.8
NOPJOT_clean,121.3
NOQKOV_clean,136.3
NOQKUB_clean,166.0
NORBUT_clean,415.4
NORGOS_clean,127.2
NOSHEK_clean,80.1
NOSJIQ_charged,495.6
NOSTUM01_clean,173.8
NOSTUM_clean,106.1
NOWGIR_clean,126.9
NUBBAP_clean,104.7
NUBPIL_clean,42.6
NUCBIY_clean,533.0
NUCCEV_clean,353.6
NUCPEI_clean,109.3
NUCYAN_clean,67.0
NUCYER_clean,68.4
NUCYIV_clean,152.5
NUDLIJ_clean,95.5
NUDMAC_clean,161.0
NUDMEG_clean,164.3
NUDMOQ_clean,161.7
NUDMUW_clean,159.2
NUDNEH_clean,161.7
NUFBEX_clean,77.2
NUFBOH_clean,264.0
NUFBUN_clean,108.4
NUFCAU_clean,86.1
NUFTOY_charged,136.7
NUGRIR_clean,331.8
NUGROX_clean,391.6
NUHNUA_clean,219.5
NUHPAI_clean,163.3
NUHQAK_clean,215.6
NUHQIS_clean,327.1
NUHQOY_clean,333.6
NUHQUE_clean,332.5
NUHRAL_clean,338.3
NUHZAS_clean,243.4
NUJCEA_clean,108.3
NUJCIE_clean,106.3
NULMAJ_clean,72.0
NUNCEG_clean,169.2
NUNNUH_clean,60.3
NUNPAP_clean,54.4
NUNSIA_clean,291.3
NUNSOG_clean,282.6
NURMUJ_clean,72.0
NUTQAV_clean,42.0
NUTYEI_clean,227.6
NUTYIM_clean,217.7
NUVBIQ_clean,87.2
NUVWEH_clean,139.8
NUVXOT_clean,122.4
NUVYOT_clean,233.6
NUWBOX_clean,90.0
NUWPOM_clean,97.4
NUWVIM_clean,559.8
NUYNEC_clean,66.8
NUYQUU_clean,113.8
OBAFEF_clean,70.8
OBAFOP_clean,151.5
OBAHIL_clean,285.9
OBAHOR_clean,307.2
OBAHUX_clean,274.7
OBAJAF_clean,282.3
OBEDAA_charged,210.5
OBEDEE_clean,161.6
OBIBAF_clean,186.6
OBIBEJ_clean,126.9
OBIBOT_clean,189.6
OBODEQ_clean,76.7
OBOGUK_clean,45.2
OBONUO_charged,216.2
OBUBOC_manual,118.7
OBUFEX_clean,143.1
OBUFIB_SL,222.5
OCACUR_clean,96.2
OCAQOY_clean,120.8
OCOKUP_clean,163.8
OCUGEZ01_clean,94.1
OCUGEZ_clean,94.1
OCUMIL_clean,214.4
OCUMOR_clean,254.2
OCUNAC_manual,1879.6
OCUNAE_clean,209.2
OCUPUY_clean,145.7
OCURAG_clean,125.6
OCUSIP_clean,129.3
OCUSOV_clean,129.5
OCUSUB_clean,115.9
OCUTEM_clean,126.8
OCUVUF_clean,160.4
ODAHIK_charged,105.9
ODERIZ_clean,125.0
ODEZAB_clean,157.5
ODIMAQ_clean,73.7
ODIVUU_clean,128.6
ODIXEG_clean,87.7
ODODES_clean,289.0
ODODIW_clean,204.3
ODODOC_clean,176.3
ODODUI_clean,196.3
ODOMIF_clean,98.5
ODOXEK_clean,229.6
ODUNEH_clean,171.6
OFAWAV_clean,39.5
OFAWEZ_clean,61.1
OFEHAK_clean,96.8
OFEREX_clean,71.0
OFERUN06_clean,81.8
OFERUN_clean,113.6
OFESAU_clean,162.6
OFESEY_clean,162.6
OFESIC_clean,163.8
OFOCUI_clean,242.7
OFODET_clean,151.2
OFUCAV_clean,117.7
OFUCEZ_clean,109.1
OFUYUL_SL,184.8
OGAGAF_clean,131.3
OGAGEJ_clean,81.5
OGAGIN_clean,178.1
OGAXUR_clean,150.8
OGEBAF01_clean,110.9
OGECOU_clean,154.7
OGIBOV_clean,227.4
OGIBUD_clean,96.8
OGIKAR_clean,703.3
OGIYOT_charged,206.5
OGIYUZ_clean,200.0
OGOJOJ_charged,160.9
OGOWAJ_clean,176.5
OGUJIL_clean,150.9
OGUPIQ_clean,290.0
OGURAK_charged,134.0
OHAKEO_clean,170.2
OHAKIS_clean,208.2
OHIHET_clean,210.3
OHOMIH_clean,135.8
OHUMEL_clean,820.5
OJAZOP_clean,410.4
OJICEQ_charged,281.0
OJICUG_clean,62.0
OJIDAN_clean,163.2
OJIWAG_clean,186.8
OJIWIO_clean,180.9
OJONOQ_clean,40.2
OJORUC_clean,133.7
OKABAE_clean,84.0
OKABEI_clean,89.6
OKAYAC_clean,402.3
OKAYEG_clean,415.4
OKAYOQ_clean,129.0
OKAYUW_clean,132.3
OKAZAD_clean,133.2
OKELOH_clean,108.1
OKIJUO_charged,157.0
OKIKAV_charged,163.1
OKIKEZ_charged,169.6
OKILEA_clean,75.9
OKIQEG_clean,295.6
OKITAE_clean,77.3
OKITIM01_charged,234.2
OKITIM02_charged,227.8
OKITIM_charged,207.9
OKIVAG01_charged,220.4
OKIVAG_charged,219.9
OKIVIO01_charged,235.3
OKIVIO02_charged,224.1
OKIVIO_charged,222.0
OKIVUA_clean,176.1
OKIWEL01_charged,226.3
OKIWEL02_charged,231.2
OKIWEL_charged,222.0
OKIWUB01_charged,203.2
OKIWUB02_clean,172.8
OKIWUB_charged,200.1
OKIXIQ01_charged,201.1
OKIXIQ02_charged,219.1
OKIXIQ_charged,201.2
OKIYAJ01_clean,177.7
OKIYAJ_charged,215.5
OKIYIR01_charged,200.5
OKIYIR02_charged,241.3
OKIYIR03_charged,216.8
OKIYIR_charged,227.1
OKOSUE_clean,166.2
OKUKOW_clean,522.3
OKUSUK_clean,450.0
OKUTAR_clean,445.0
OKUTEV_clean,452.4
OLAGIR_clean,265.9
OLANAS_clean,122.1
OLANEW_clean,168.4
OLAQOI_clean,305.0
OLEKUM_manual,283.3
OLICIX_clean,535.1
OLOGEC_clean,194.6
OLOPEM_clean,518.0
OLOYOF_clean,140.0
OLUCAZ_clean,103.4
OLUROC_clean,248.4
OLURUI01_charged,215.1
OLURUI_charged,209.2
om701262m-file004_clean,206.5
OMAMEU_clean,154.0
OMIMEE_clean,913.9
OMIPAD_clean,511.8
OMIPEH_clean,711.7
OMITUB_clean,682.3
OMOVET_clean,143.8
OMUSAS_clean,55.0
ONEJUN_clean,145.3
ONEYOW_clean,134.5
ONUKAL_clean,184.7
ONUQOE_clean,335.8
OPAGIX_clean,215.3
OPAMOI_clean,84.4
OPENUT_clean,70.3
OPIFUQ_clean,583.4
OPINIL_clean,48.6
OPIPUZ_clean,246.2
OPIWEQ_clean,234.2
OPIXUI_clean,306.8
OPIYAP_clean,197.3
OPOBIF_clean,144.1
OPOZEZ_clean,107.8
OPUDOT_clean,230.4
OQANIE_clean,195.4
OQEPUW_clean,245.9
OQEROS_clean,142.4
OQERUY_clean,218.4
OQESAF_clean,145.0
OQESEJ_clean,143.2
OQETEK_clean,39.6
OQIQEM_clean,119.9
OQIQIQ_clean,121.6
OQIQOW_clean,129.7
OQIQUB01_charged,197.1
OQIQUB_charged,190.5
OQIRAI_charged,146.4
OQIZUL_clean,508.0
OQOJUB_clean,162.3
OQUCOU_clean,135.3
OQUFAJ02_clean,167.2
OQUFAJ04_clean,144.3
OQUFAJ_clean,140.9
OQUFOX_clean,134.0
OQUGUE_clean,193.2
OQUWUU_clean,708.8
OQUXAB_clean,263.5
OQUXEF_clean,261.2
OQUXIJ_clean,265.5
OQUZIL_clean,268.9
ORAGEU_clean,84.6
ORAGOF_clean,167.8
ORAQUU_clean,437.1
OREZES_clean,104.6
ORIBAU_clean,75.3
ORIVOC_clean,202.4
ORIVUI_clean,200.2
ORIWAP_clean,194.7
ORIWET_clean,188.7
OROKEN_clean,96.6
OROLUD_clean,117.8
ORUKET_clean,80.6
ORUKOD_clean,354.2
ORULEU_clean,203.6
OSAVEK_clean,83.3
OSAVUA_clean,70.0
OSAWEL_clean,134.7
OSIKIL_clean,275.3
OSIKUX_clean_h,283.7
OSILOS_charged,142.5
OSIWUJ_clean,133.8
OSIXEU_clean,135.5
OSIXIY_clean,202.0
OSOTUN_clean,913.6
OSUVIJ_clean,236.8
OSUWEF_clean,477.8
OTABES_clean,54.1
OTALUS_clean,557.6
OTAQAD_clean,68.6
OTATOT_clean,95.9
OTAVAH_clean,96.4
OTAVOV_clean,101.0
OTAVUB_clean,95.1
OTAWIR_clean,159.3
OTECAT_clean,351.9
OTEGUR_clean,106.6
OTEHAY_clean,99.0
OTIBUQ_clean,115.5
OTIJAE_clean,253.5
OTIPAK_clean,247.4
OTIPEO_clean,176.2
OTIPUE_clean,185.9
OTIQAL_clean,153.9
OTODEI_clean,267.3
OTODOS_clean,294.9
OTOLIU_clean,242.8
OTOVAW_clean,186.6
OTOVIE_clean,161.6
OTUDEO_clean,92.2
OTUDIS_clean,96.9
OTUXUX_clean,480.5
OTUYEJ_clean,64.7
OVEHUT_clean,118.4
OVEJIJ_clean,79.1
OVEXOD_clean,251.8
OVICUS_clean,221.7
OVIWIA_clean,72.0
OVIZID_clean,213.9
OVUCOY_clean,102.0
OVUDAL_clean,92.4
OWAVIS_clean,197.7
OWAVOY_clean,130.2
OWETIU_clean,108.4
OWEYOF_clean,326.2
OWIHEJ_clean,102.5
OWIHIN_clean,103.2
OWIHOT_clean,105.6
OWIHUZ_clean,101.1
OWIJAH_clean,103.6
OWIJEL_clean,101.4
OWIJIP_clean,104.1
OWIJOV_clean,102.0
OWILAJ_clean,166.5
OWIYUP_clean,798.1
OWIZAW_clean,97.0
OWUWOU_clean,299.9
OWUWUA_clean,320.7
OXALAB_clean,82.4
OXALEF_clean,84.2
OXALIJ_ion_b,85.6
OXALOP_clean,124.4
OXALUV_SL,158.6
OXAPEJ_charged,249.7
OXEVOE_clean,96.6
OXITOF_clean,66.8
OXOLAP_SL,187.4
OXOZUY_clean,386.0
OXUPUT_clean,105.6
OYEJOS_clean,145.7
OYERER_clean,59.2
OYERIV_clean,195.8
OYEROB_clean,128.8
OYERUH_clean,282.7
OYEWEW_clean,102.0
OYEWIA_clean,74.6
OYIVEY_clean,121.6
OYIVIC_clean,108.3
OYIVOI_clean,112.9
OYOSAX_clean,189.7
OYUSAD_charged,153.1
OZAVES_clean,78.4
OZAVOC_clean,103.0
OZAVUI_clean,87.1
OZUKOL_clean,146.6
OZUKUR01_clean,125.2
OZUKUR_clean,146.6
OZULAY_clean,141.6
OZULUS_clean,191.1
OZUMAZ01_clean,201.2
OZUMAZ_clean,194.5
OZUMIH_clean,193.4
PACGIM_clean,278.3
PACZOK_clean,272.6
PACZUQ_clean,134.3
PADBAZ_charged,123.7
PAFMUH_clean,129.9
PAHPOG_clean,272.0
PAJSAX_clean,121.3
PAKFAL_clean,146.3
PAKFEP_clean,138.2
PAKXIK_clean,167.1
PALTON_clean,273.9
PAMHIW_clean,243.5
PAMTII_clean,88.3
PAMTOO_clean,87.8
PAMTUU_clean,90.5
PAMVEG_clean,104.7
PANYOU_charged,223.8
PAPROO_clean,163.8
PAPRUU_clean,147.8
PAPVAF_clean,163.3
PAPXUB_clean,200.8
PAQMEB_clean,87.5
PAQVEK_clean,215.4
PARHAS_clean,51.1
PARHEW_clean,50.5
PARKUQ01_clean,73.6
PARKUQ_charged,142.7
PARMIG_clean,212.3
PARNIH_clean,91.8
PARNON_clean,162.5
PASMUT_clean,131.8
PASNAA01_clean,147.4
PASNAA_clean,151.8
PASTOU_clean,207.0
PATNAB_clean,48.1
PATWOY_clean,134.8
PAVKIH_charged,274.1
PAVLOO_clean,179.5
PAVMAB_clean,168.0
PEBNEP_clean,225.1
PECLEP_clean,315.9
PEDMER_clean,110.9
PEDMOB_clean,141.5
PEDRIA_clean,221.5
PEFJUF_clean,111.0
PEFRID01_clean,280.2
PEFRID_clean,151.9
PEFRUP01_clean,279.1
PEFRUP_clean,155.3
PEFSUQ_clean,110.5
PEGBAG_clean,141.1
PEGBUA_clean,142.6
PEGCAH_clean,165.6
PEGCEL_clean,167.9
PEGCIP_clean,245.4
PEGPOI_clean,206.6
PEGQID_clean,86.7
PEGQOJ_clean,90.4
PEGQUP_clean,92.6
PEHQID_neutral,188.8
PEHTON_clean,230.9
PEJFOA_clean,237.8
PEJFUG_clean,250.2
PEJMOI_clean,84.1
PEJMUN_charged,233.6
PEJNUP_clean,71.5
PEJPAX_charged,88.0
PEJPIF_charged,168.3
PEKCUF_clean,176.5
PEKDAM_clean,114.0
PEKZIP_clean,111.2
PELGOE_clean,133.3
PELQII_clean,207.6
PELRIJ_clean,143.8
PELXIP_clean,197.2
PEMGIZ_charged,197.8
PEMREG_clean,170.9
PEMRIK_clean,230.7
PENNAZ_clean,129.5
PENNON_clean,60.9
PENNUT_clean,234.6
PENYIR_clean,151.3
PENZIS_clean,115.5
PEPBAO_clean,141.8
PEPFAT_clean,356.4
PEPKOL_clean,259.8
PEPKUR_clean,230.4
PEPLAY_clean,94.3
PEPLEC_clean,95.2
PEPLIG_clean,94.7
PEPLOM_clean,103.9
PEQRUZ_clean,189.7
PEQWAK_clean,130.5
PESTUD_clean,232.6
PETWOC_clean,118.0
PEVFON_clean,101.3
PEVLIN_clean,93.4
PEVQIS_clean_h,234.4
PEVQOY_clean_h,248.8
PEVXAQ_clean,148.4
PEWGEF_clean,69.2
PEWLUA_clean,103.6
PEWXUL01_clean,254.8
PEWXUL_clean,269.3
PEXFAA_clean,51.5
PEXTUI_clean,87.1
PEYPAM_SL,308.6
PEYPIU_clean,289.8
PEYSIW_clean,248.6
PEYVEV_clean,152.9
PEZCII_clean,140.0
PIBGAK_clean,97.3
PIBNUK01_clean,178.2
PIBNUK_clean,176.6
PIBPAS01_clean,149.4
PIBPIA_clean,179.1
PICTIG_clean,89.5
PIDMEV01_clean,124.2
PIDMEV_clean,116.1
PIGXUZ_clean,229.6
PIHNUQ_clean,230.4
PIHWAG_clean,96.4
PIHWOU_clean,131.6
PIJDIX_clean,123.4
PIJJEZ_clean,1336.2
PIJJOI_clean,161.2
PIJROR_clean,104.8
PIQFIG_clean,60.6
PIQMOT_clean,270.3
PIQMUZ_clean,187.7
PITPEP_clean,183.0
PIWSEV_clean,155.6
PIYZAZ_clean,27.4
PIYZED01_clean,50.2
PIYZED02_clean,49.9
PIYZED03_clean,50.8
PIYZED_clean,51.9
PIZHOX_clean,84.5
PIZNOB_clean_h,75.7
PIZPAP_clean_h,112.2
PIZPET_clean_h,117.5
PIZPIX02_clean,111.4
PIZPIX_clean_h,113.8
PIZPOD_clean_h,120.2
PIZQUM_clean,176.2
PIZRAT_clean,158.9
PIZRUN_clean,173.0
PIZSAU_clean,156.2
POBMOJ01_clean,230.5
POBNEA_clean,40.0
POBVIN_clean,381.4
POBYAH_charged,120.9
POCPAZ_clean,289.6
PODKOK_clean,184.5
PODKUQ_clean,214.6
PODVIP_clean,168.2
PODXEN_clean,298.5
POFGUO_clean,364.2
POFSIN01_clean,52.0
POFSIN02_clean,50.0
POFSIN03_clean,52.5
POFSIN04_clean,50.0
POFSIN_clean,49.9
POHCOG_clean,106.9
POHWIU_clean,64.4
POKGEC_clean,91.2
POKSAL_clean,191.0
POKSEP_clean,176.9
POKSIT_clean,174.4
POKSOZ_clean,170.4
POKTIU_clean,155.7
POKVAO_clean,175.1
POLBEX_clean,250.0
POLBIB_clean,63.9
POLBUN_clean,186.1
POLDOK_clean,275.5
POLDUQ_clean,265.2
POLYEW_clean,325.8
POMMAH_clean,108.0
POMSER_clean,162.4
POMSOB_clean,114.9
PONPOX_clean,191.4
PONSOC_clean,299.0
PORGAE_clean,202.5
PORLAL_clean,108.9
PORLEP_clean,223.4
PORVID_clean,101.8
PORVUO_clean,144.9
POSFIO_clean,180.2
POSGAH_clean,99.2
POTNET_clean,118.5
POTREX_clean,192.8
POYPAW_clean,297.2
POZHUI_ion_b,85.9
PUDSIR01_clean,85.2
PUDSIR_clean,84.6
PUDSOX_clean,84.5
PUDSUD_clean,83.0
PUFRIR_clean,104.8
PUGGOP_clean,221.6
PUGPEO_clean,74.6
PUGSER_clean,215.7
PUGSOB_clean,290.4
PUGSUH_clean,251.1
PUJJEL_clean,169.5
PUJQEQ_clean,165.1
PUKSUL_clean,38.5
PUKVAU_clean,144.4
PULMIU_clean,202.6
PUMDIM_clean,110.8
PUMGIP01_clean,303.4
PUMNIV_clean,46.2
PUMNOB_clean,44.3
PUNSIB_clean,192.6
PUPHUE_clean,227.0
PUQDOW_clean,298.1
PUQXUV_clean,304.0
PUQYAC_clean,308.0
PURJES_clean,372.8
PURJIW_clean,224.6
PURNEX_clean,180.1
PURNIB_clean,238.7
PURSOK_clean,99.4
PUSXIL_charged,98.7
PUTYAE_charged,219.3
PUTYEI_clean,138.0
PUVJOG_clean,76.3
PUWCUF_clean,124.2
PUWDAM_clean,147.8
PUWDEQ_charged,111.5
PUWDIU_clean,139.7
PUWDOA_clean,200.5
PUWVAG_clean,226.1
PUWXAH_clean,139.9
PUYHOI_clean,69.5
PUYZUF_clean,97.2
PUZJOL_clean,105.1
PUZKOM_clean,207.4
PUZKUS_clean,148.5
PUZLAZ_clean,111.5
PUZLUS_clean,181.3
PUZMAZ_manual,1020.7
PUZTOV_clean,275.8
PYDCUT_clean,70.7
QADBII_clean,155.2
QADWEA_clean,121.3
QADWIE_clean,122.0
QADWOK_clean,124.1
QADWUQ_clean,122.6
QADXAX_clean,122.8
QAGDIO_clean,120.5
QAGQEW_clean,370.7
QAGTOH_clean,210.0
QAHQOH_clean,148.1
QAJKIV_clean,195.6
QALGUH_SL,64.2
QALHAO_clean,418.7
QALHES_clean,418.6
QALHIX_clean,197.3
QALWUV_clean,120.0
QAMVEH01_clean,176.2
QAPQEE_clean,90.7
QAQHOG_clean,264.9
QAQMON_clean,106.6
QAQNOO_clean,113.4
QAQRUW_clean,166.4
QAQSAD_clean,107.2
QARCET_clean,172.3
QASSUZ_clean,94.4
QATHOK_clean,122.7
QATKII_clean,172.7
QATKOO_clean,168.5
QATLEE_clean,523.0
QATPOR_clean,277.6
QATVUE_clean,237.1
QATXIU_clean,351.4
QAVBUL_clean,77.1
QAVPIO_clean,234.1
QAVWAN_clean,272.2
QAWDID_clean,24.5
QAWPIO_clean,85.7
QAWREM_clean,221.2
QAWRIQ_clean,231.5
QAYTOZ_charged,213.1
QEBGAH_clean,147.7
QEBGEL_clean,177.5
QEBKUF_SL,226.8
QEFNAQ_clean,118.1
QEFWUV_clean,85.4
QEGGUE_charged,510.8
QEGHEP_clean,415.2
QEJYIP_clean,187.2
QEPZOB_clean,110.4
QEPZUH_charged,189.5
QEQZUH_clean,226.4
QERWAL_clean,183.7
QERZUI01_clean,241.2
QESLOQ_clean,120.6
QESYOD_clean,98.3
QETCUO_clean,106.2
QETHUT_clean,263.1
QEVKOS_clean,164.8
QEWDON_clean,186.3
QEZZOL_clean,112.6
QIBTAW_charged,492.2
QIBTEA_charged,501.4
QIGBIR_clean,39.5
QIHXIQ_clean,81.6
QIJLAW_clean,55.9
QIPROY_clean,81.7
QIQTAN_clean,169.8
QIQZIB_clean,173.2
QIRWAR_clean,124.0
QIRYAS_clean,108.7
QISNAJ_clean,40.8
QISNEN_clean,41.1
QISNIR_clean,40.7
QITDOO_clean,215.2
QITXAU_clean,123.6
QITYOI_clean,96.5
QIVJAG_clean,42.2
QIVQAP_clean,1325.5
QIVYUR_clean,242.4
QIWCOQ_clean,181.1
QIWDOR_clean,187.3
QIWGOU_clean,330.2
QIWPET_clean,100.9
QIXNES_clean,85.2
QIXNIW_clean,82.2
QIXSOG01_clean,35.4
QIXSOG_clean,34.9
QIYDAF_clean,132.0
QIYDEJ_clean,153.3
QIYDIN01_clean,474.1
QIYDIN_clean,44.7
QIYDOT_clean,51.9
QIZLIW_clean,203.2
QOBGEV_clean,173.5
QOBPEE_clean,357.9
QOCBUH_clean,349.2
QOCRUW_clean,71.1
QOCSAD_clean,78.9
QOCSEH_clean,71.2
QODHUO01_clean,338.5
QODHUO02_clean,332.6
QODHUO03_clean,360.4
QODHUO04_clean,341.0
QODHUO05_clean,351.1
QODHUO06_clean,354.7
QODHUO07_clean,348.0
QODHUO08_clean,340.2
QODHUO09_clean,359.7
QODHUO10_clean,344.3
QODHUO11_clean,350.1
QODHUO12_clean,350.0
QODHUO13_clean,360.7
QODHUO_clean,368.8
QODPOQ_clean,363.9
QODQEH_clean,342.9
QODSUZ_clean,337.3
QOFBIY01_clean,335.2
QOFBIY02_clean,343.3
QOFBIY_clean,352.3
QOFCAR_clean,371.0
QOFCIZ_clean,346.2
QOFCOF_clean,342.3
QOFDAS_clean,351.2
QOFDEW_clean,350.1
QOFDIA01_clean,341.2
QOFDIA02_clean,356.7
QOFDIA05_clean,341.9
QOFDIA06_clean,344.4
QOFDIA07_clean,347.4
QOFDIA08_clean,335.3
QOFDIA_clean,343.0
QOFDOG_clean,347.6
QOFKUT_clean,214.2
QOFLAA_clean,56.2
QOFPAE_clean,48.9
QOHTUD_clean,107.1
QOHYET_clean,248.6
QOJTUE_clean,87.0
QOJVAM_clean,106.8
QOKCID_clean,247.2
QOKKAE_clean,95.7
QOLVET_clean,220.7
QOMDUS_clean,108.7
QOMFEE_clean,262.9
QOMRUH_clean,83.7
QOMSAO_clean,80.1
QOMSES_clean,84.1
QOMTET_clean,258.8
QONKUB_clean,80.7
QONLAI_clean,84.0
QONLEM_clean,82.6
QONLIQ_clean,88.8
QONQAM_clean,86.3
QONQEQ_manual,117.7
QOPCEE_clean,122.8
QOPDEE_clean,169.7
QOPPES_clean,86.1
QOPPOC_clean,198.9
QOPZIF_clean,107.7
QOQWOK01_clean,113.8
QOQWOK_clean,114.6
QOSJEP_clean,159.9
QOSJIT_clean,174.0
QOSJOZ_clean,171.1
QOSJUF_clean,182.8
QOSKAM_clean,179.3
QOSXOM_clean,297.8
QOTZEG_clean,115.0
QOVDAH_clean,147.9
QOVDEL_clean,147.4
QOVSOL_clean,351.0
QOWLEU_clean_h,76.0
QOWQUO_manual,233.5
QOWRAV02_clean,618.2
QOWRAV04_clean,604.7
QOWRAV05_clean,631.8
QOWRAV06_clean,642.0
QOWRAV07_clean,620.6
QOWRAV08_clean,609.3
QOWRAV09_clean,746.1
QOWRAV10_clean,627.4
QOWRAV11_clean,614.5
QOWRAV12_clean,614.6
QOXFIU_clean,134.6
QOXNIB_clean,191.6
QOYLOG_clean,175.3
QOZDOY_clean,290.1
QOZFUG_charged,211.7
QOZGAP_clean,125.1
QOZPIG_clean,104.9
QOZPOM_clean,134.3
QOZWAF_clean,363.4
QUBWIU_clean,120.3
QUBZAP_clean,185.6
QUDGED_clean,233.9
QUDJIJ_clean,130.3
QUDJOP_clean,146.1
QUFTAM_clean,150.8
QUGPAJ_charged,118.7
QUJJUC_clean,185.4
QULLEP_clean,105.9
QULMIU_clean,97.2
QUMFUB_clean,81.9
QUNVIG_clean,409.6
QUNWAZ_clean,239.3
QUPDEL01_clean,154.6
QUPDEL_clean,189.2
QUPHUF_clean,329.4
QUPJAN_clean,236.4
QUQBAH_clean,216.9
QUQFIS_clean,131.3
QUQFOY_clean,120.1
QUQGAL_clean,110.4
QUQHAM_clean,129.1
QUQPOI_SL,93.9
QUQWOQ_clean,73.8
QUQWUW_clean,124.5
QUQYUY_clean,258.8
QURSEC_clean,286.0
QUSBIP_clean,101.5
QUSBIQ_charged,187.6
QUSCAJ_clean,143.0
QUSCEN_clean,334.1
QUSHUJ_clean,377.7
QUSQIG_clean,308.1
QUSRIH_clean,141.9
QUSRUT_clean,63.1
QUSSII_clean,192.3
QUTTII01_clean,86.6
QUTTII_clean,93.2
QUWYEO_clean,404.6
QUXQUX_clean,393.1
QUXRAE_clean,410.0
QUXREI_clean,400.5
QUXRIM_clean,377.5
QUXROS_clean,409.1
QUXRUY_clean,420.1
QUZVEO_clean,55.6
QUZZES_clean,182.0
RABHAZ_clean,129.3
RABHIH_clean,145.9
RACHUA_clean,658.0
RACZEC_clean,179.9
RAFNIV_clean,207.0
RAFNUH01_clean,186.9
RAFNUH_clean,89.2
RAGMOE_clean,200.9
RAGREY_charged,104.2
RAHBUZ_clean,119.9
RAHMAP_clean,96.1
RAHNOF_clean,183.5
RAJFAM_clean,161.3
RAJFEQ_clean,160.5
RAKCUC_clean,131.1
RAKDAJ_clean,263.9
RAKDEN_clean,128.6
RAKMOF_clean,41.7
RANNOM_clean,122.0
RANNUS_clean,119.1
RANPAA_clean,138.9
RANWAH_clean,559.3
RAPBOZ_clean,123.5
RAPYUE_clean,59.7
RASGAT_clean,52.7
RASKIH_clean,272.4
RASKON_clean,133.2
RASXEP01_clean,86.8
RASXIT_clean,90.2
RATRUB_clean,128.9
RATSAI_clean,137.0
RAVJOP_clean,363.2
RAVVIU01_clean,97.7
RAVVIU_clean,95.7
RAVVUH_clean,83.5
RAVWAO_clean,144.1
RAVWES_clean,97.1
RAVWIW_clean,55.1
RAVWOC_clean,57.4
RAVWUI_clean,70.4
RAVXAP_clean,117.1
RAVXET_clean,120.7
RAVXIX_clean,168.7
RAVXOD_clean,223.0
RAWZIA_clean,212.0
RAXCAW_charged,123.5
RAXQEO_clean,134.9
RAYFAA_clean,159.9
RAYFEE_clean,108.1
RAYKIN_clean,194.7
RAYLAG_clean,199.5
RAYLOU_clean,206.3
RAYMAG_clean,123.9
RAYMIP_clean,111.8
RAYMOV_clean,103.2
RAZGOQ_clean,102.6
RAZXIA02_clean,104.2
RAZXIA_clean,124.8
RAZYIC_clean,138.4
RAZYOI_clean,106.5
REDROI_clean,198.9
REDYEG_clean,134.3
REFJET_clean,130.9
REFTON_SL,145.7
REFTUT_clean,142.6
REGJIW01_clean,171.1
REGJIW02_clean,159.2
REGJIW_clean,176.5
REGMOH_clean,303.1
REGMUN_clean,296.3
REGQUR_clean,109.2
REGRAY_clean,90.4
REGREC_clean,193.8
REGRIG_clean,112.2
REHHOD_clean,133.9
REHVAD_clean,401.1
REHVEH_clean,407.2
REJLAU_clean,130.0
REJLEY_clean,157.6
REJLIC_clean,185.2
REJVOS_clean,104.4
RESQAJ_clean,189.9
RESSAK_clean,127.5
RETBEZ_clean,291.3
REVYUO_clean,246.6
REWLEM_clean_h,182.9
REWNEO01_clean,105.1
REWNEO_clean,104.4
REWSUJ_clean,147.3
REXCII_clean,72.2
REXCOO_clean,71.4
REXCUU_clean,70.6
REXDEF_clean,72.0
REXDIJ_clean,71.7
REXDOP_clean,71.1
REXDUV_clean,73.3
REXFAD_clean,70.2
REXFEH_clean,71.1
REXFIL_clean,72.3
REXFOR_clean,70.7
REYBAA_clean,136.3
REYJEM_clean,190.1
REYMOZ_clean,511.3
REYPES_clean,243.1
REYPIW_clean,167.8
REZVAU_clean,152.7
REZXEA_clean,44.8
REZXIE01_clean,65.8
REZXIE_clean,65.7
REZXOK_clean,35.8
REZXUQ_clean,43.2
RIBDAJ_clean,77.4
RIBDEN_clean,81.6
RIBTAZ_clean,127.0
RICBEM_clean,127.0
RICHIV_clean,87.0
RIDCEN_charged,305.4
RIDKOE_charged,157.7
RIFDUG01_clean,85.8
RIFGAQ_clean,524.0
RIFMIE_clean,136.0
RIFQUT_clean,112.2
RIFSOQ_clean,1098.2
RIGPEE01_clean,160.1
RIGPEE_clean,118.1
RIGTIL_clean,106.2
RIGVOU_clean,132.6
RIGWIP_clean,117.7
RINPEJ_charged,427.5
RINSEM_clean,48.2
RIPKIM01_clean,117.8
RIPKIM_clean,120.5
RIPNIP_clean,142.9
RIPTEQ_clean,95.8
RIRDED_clean,426.7
RITGIM_clean,122.5
RIVDEF_clean,140.9
RIWMUH_clean,316.8
RIWSUM_clean,158.7
RIXBEG_clean,367.6
RIXBIK_clean,309.9
RIXPIZ_clean,103.8
RIYBAE_clean,265.7
RIYBEI_clean,332.3
RIYBIM_clean,335.4
RIYBOS_clean,338.4
RIYWED_clean,256.3
RIYWIH_clean,216.6
RIYXIG_clean,96.9
ROBWAH_clean,153.4
ROCZAM_clean,116.8
ROCZEQ_clean,117.7
ROCZIU_clean,59.5
ROCZOA_clean,80.0
ROCZUG_clean,80.0
RODBAP_clean,76.2
ROGLOP_clean,167.5
ROGSAI_clean,114.3
ROLZEZ_clean,143.2
ROMQAN_clean,173.5
RONCIG_clean,53.3
RONSIY_clean,309.8
RONSOC_clean,50.3
RONWIA_clean,52.4
RONZID_clean,34.5
ROQVIE_clean,81.2
RORLIV_clean,69.9
RORRIB_clean,125.3
RORTAV_clean,294.1
RORVAX_clean,93.1
ROTQIC_clean,185.7
ROTTOL_clean,139.3
ROYJUM_clean,119.3
ROYREE_clean,150.2
ROYRII_clean,170.8
ROYROO_clean,181.1
RUBDUP_clean,62.8
RUBGUS_clean,178.2
RUBTAK01_SL,134.0
RUBTAK02_SL,123.7
RUBTAK03_auto,179.1
RUCGOM_clean,225.8
RUFDUT_clean,183.7
RUFRIV_clean,205.5
RUFTET_clean,142.6
RUFZID_clean,167.5
RUGKOV_clean,85.3
RUGXOI01_clean,174.5
RUGXOI_clean,124.4
RUGYOJ_clean,173.4
RUGZAW_clean,172.7
RUHCED_SL,152.8
RUHFEH_clean,43.9
RUHFIL_clean,44.5
RUHFOR_clean,45.6
RUHFUX_clean,43.2
RULBOQ_clean,113.5
RULQIY_clean,53.0
RULVUP_clean,241.8
RULXOM_clean,238.2
RUMRUO_clean,119.8
RUNXUV_clean,228.8
RUPTED_clean,63.3
RUPVAB_clean,339.4
RURPAW_clean,87.7
RURPEA_clean,70.5
RUSHIY_clean,727.6
RUSWIN_clean,126.5
RUSWOT_clean,127.4
RUSWUZ_clean,127.2
RUSXAG_clean,130.3
RUSXEK_clean,128.0
RUTNOK_manual,74.8
RUVBOB_clean,192.8
RUVCES_clean,38.2
RUVKAV_clean,45.8
RUVMAX_clean,192.5
RUVMUR_clean,71.8
RUWWOW01_clean,136.3
RUWWUC_clean,147.4
RUWXAJ_clean,98.1
RUWXEN_clean,97.8
RUWZIU_clean,238.8
RUWZOA_clean,272.7
RUWZUG_clean,295.4
RUYNIK_clean,129.2
RUYQIN01_clean,272.5
RUYQIN02_clean,268.4
RUYQIN03_clean,266.9
RUYQIN_clean,264.5
RUYQOT_clean,261.5
RUYTIQ_clean,263.2
RUYTUC_clean,269.4
RUYVAK_clean,272.4
RUYVEO_clean,160.0
RUYVIS_clean,91.3
RUYZUH_clean,90.3
RUZCOF_clean,100.5
RUZDAS_clean,49.1
S2052520616005515_bm5080sup1_clean,107.3
S2056989016007027_zl2661sup1_clean,137.2
SABKIS_clean,94.1
SABVOH01_clean,122.5
SABVOH_manual,120.4
SABVUN_clean_h_min,286.6
SACDOR_clean,280.8
SADLEQ_clean,71.0
SADLIU_clean,76.2
SADMUH_SL,66.8
SADVEB_clean,187.9
SAHXAD_clean,69.5
SAHYAD01_charged,205.9
SAHYAD02_charged,207.5
SAHYAD03_charged,201.9
SAHYAD_charged,199.4
SAHYIL_charged,196.3
SAJDIT_clean,136.8
SAJRAW10_clean,50.8
SAJRAW_clean,49.6
SAJRUT_clean,139.3
SAJSAA_clean,261.5
SAKRAZ_clean,91.5
SAKRED_clean,90.8
SALXEL_clean,178.6
SALXIP_clean,172.7
SALZAH_clean,132.6
SAMLAV_manual,85.7
SAMVEK_clean,82.3
SANGEW_clean,218.6
SANGUM_clean,168.5
SANHIB_clean,215.5
SANHOH_clean,162.3
SANHUN_clean,212.7
SANJAV_clean,229.8
SAQQAD_clean,66.2
SAQQEH_clean,68.3
SAQQIL_clean,68.7
SAQQOR_clean_h,67.1
SAQSOU_clean,246.0
SARGID_clean,204.7
SARGOJ_clean,206.9
SARGUP_clean,86.6
SARHAW_clean,83.3
SARHEA_clean,86.5
SARMEE_clean,307.6
SARNOQ_clean,87.9
SARTIR_clean,78.2
SATRIP_clean,61.6
SATROV_clean,85.3
SAXLEK_clean,33.3
SAXRIS_clean,126.5
SAYTOD_clean,37.8
SAYTUJ_clean,35.4
science.1056698_manual,253.2
SEFSOM_clean,148.1
SEFVAC_clean,99.1
SEFVEG02_clean,95.1
SEFVEG_clean,95.9
SEFVUW_clean,102.1
SEFWEH_clean,102.9
SEFWIL_clean,99.6
SEFWOR_clean,97.6
SEGBIR_clean,94.2
SEGMEW_clean,91.7
SEHNID_clean,141.9
SEHSII_clean,73.4
SEHSUU_clean,77.0
SEHTAB_clean,87.7
SEHTEF_clean,79.7
SEHVOQ_clean,108.7
SEHXIN_clean,67.4
SEHZUB_clean,120.5
SEJBAL_clean,114.0
SEMFEX_charged,448.9
SEMFIB_charged,433.1
SENVIR_clean,241.9
SEQSIS_clean,327.3
SEQSOY_clean,206.8
SEQTEP_clean,163.4
SERCEZ_clean,148.4
SERJOP_clean,138.5
SERJUV_clean,64.3
SERLEI_clean,103.6
SERWAP_clean,256.4
SETDUS_clean,157.5
SETPEO_clean,78.0
SETQAL_clean,208.8
SETQEP_clean,204.8
SETQIT_clean,210.9
SETQOZ_SL,64.3
SETQUF_SL,110.1
SETRAM_clean,73.4
SETSIV_clean,49.5
SETSOB_clean,68.4
SETXEW_clean,223.9
SEVLEM_clean,349.4
SEWCED_clean,261.7
SEYQIW_clean,49.4
SEZPOE_clean,114.3
SICZOV_clean,127.7
SIDCAL_clean,139.9
SIFVAG_clean,91.6
SIKGAW_clean,92.9
SIKYER_clean,165.0
SINQEL_clean,68.2
SINXET_charged,145.1
SIPCID_clean,76.6
SIQCOM_clean,233.4
SIQQEO_clean,112.5
SISFEH_clean,127.1
SISPUH_clean,162.2
SISQAO_clean,160.3
SISQES_clean,160.0
SISQIW_clean,159.2
SITTUM_clean,351.4
SIVGIP_clean,153.8
SIVGOV_clean,154.4
SIVGUB_clean,92.5
SIVJIS_clean,173.6
SIVKAK_clean,62.4
SIVQAR_clean,93.9
SIVWUR_clean,364.4
SIWSUO_clean,144.3
SIWTEZ_clean,164.5
SIWTOJ_clean,219.0
SIZJUH_clean,84.9
SIZPUN_clean,210.7
SOBTUY_clean,79.4
SOBZEQ_clean,91.1
SOCLAZ_clean,93.6
SODNAA_clean,97.5
SODQOT_clean,94.7
SODXUG_clean,374.6
SODZIV_clean,87.7
SOHBUO_clean,182.3
SOHGUS_clean,136.5
SOHMEI_clean,140.8
SOHMIM_clean,268.1
SOHMUY_clean,138.3
SOHNAF_clean,132.1
SOHNEJ_clean,135.5
SOHNIN_clean,267.7
SOJGOO_clean,237.6
SOJSUH_clean,144.4
SOKKOT_ion_b,155.0
SOKKUZ_clean,111.8
SOKWAS01_clean,69.7
SOKWAS_clean,101.2
SOKWUM_clean,65.3
SOMCON_clean,273.4
SOMFAC_clean,111.7
SOMFEG_clean,111.2
SOMFIK_clean,107.8
SOMSIY_clean,90.6
SONTAR_manual,72.6
SONTIZ_clean,65.7
SONTOF_clean,66.7
SONTUL_neutral_b,80.8
SONVAT_neutral_b,81.0
SONVEX_neutral_b,81.1
SONVIB_neutral_b,83.1
SOPLAM_clean,56.1
SOPLEQ_clean,227.6
SOPLOA_clean,103.5
SOSSEA_clean,233.5
SOTWOP_clean,83.2
SOTWUV_clean,84.0
SOTXAC_clean,85.5
SOTXEG_neutral,263.3
SOVHAM_clean,77.7
SOVHOA_clean,102.3
SOVLEW_clean,443.2
SOXDAM_clean,164.1
SOXDEQ_clean,168.5
SOYFUJ_clean,222.0
SOYWOT_neutral_b,82.1
SOYWUZ_clean,411.6
SOZBIS_clean,51.5
SOZGIZ_clean,266.5
SOZGOF_clean,284.7
SOZRUW_clean,263.0
SOZSAD_clean,263.9
SOZSEH_clean,259.4
SOZSIL_clean,286.9
SOZSOR_clean,265.5
SOZSUX_clean,262.8
SUBMIN_clean,441.5
SUCLOT_clean,54.1
SUFBAY_clean,168.0
SUFHIM_clean,123.8
SUFJOU_clean,443.5
SUFROA_clean,47.7
SUGDIJ_auto,75.2
SUGVUM_clean,135.9
SUHBAA_clean,159.9
SUHMEP_clean,117.2
SUJNUH_clean,143.5
SUKKUF_clean,104.5
SUKNOC_charged,140.2
SUKNUI_charged,132.2
SUKREX_clean,117.4
SUKRIB_clean,122.0
SUKYIH_clean,85.5
SUKYON_clean,81.0
SUNHUF_clean,90.8
SUNJER_clean,91.6
SUNJIV_clean,78.1
SUNJOB01_clean,80.1
SUNJOB_clean,81.6
SUPLOF_clean,128.7
SUQHUJ_clean,175.6
SUQJEV_clean,204.5
SURDOA_clean,204.7
SUSZIQ_clean,259.4
SUSZOW_clean,259.5
SUVNEE_clean,1216.0
SUWBET_clean,386.4
SUWQEI_clean,231.6
TACFIN_clean,114.1
TACPAP_clean,144.1
TACPET_clean,136.7
TACPIX_clean,130.2
TACWOM_clean,133.7
TACWUS_clean,131.3
TADCOS_clean,83.4
TADWEC_manual,369.2
TADWIG_manual,335.0
TADYEE_clean,94.1
TADYII_clean,131.4
TAGBUZ_clean,123.3
TAGSEB_clean,236.0
TAGTED_clean,113.1
TAGTIH_clean,87.6
TAGTUT_clean,292.7
TAGVAB_clean,161.1
TAHNEY_clean,59.8
TAJXIO01_clean,86.8
TAJXIO02_clean,94.9
TAJXIO03_clean,92.3
TAJXIO04_clean,86.6
TAJXIO_clean,90.3
TAKGOE_clean,88.4
TAKGUK_clean,87.0
TAKHAR_clean,87.2
TAKHEV_clean,86.4
TAKTIL_clean,108.0
TAKTOR_clean,93.7
TAKVAF_clean,94.1
TAMHUM_clean,167.8
TAMJAU_charged,87.0
TAMJEY_charged,92.4
TAMZUE_charged,207.5
TANBAN_charged,203.5
TANBER_charged,203.9
TANBIV_charged,206.0
TANBOZ_clean,46.5
TAPXIT01_clean,127.9
TAQGEZ_clean,78.6
TAQGOK_clean,271.5
TARVOX_clean,115.2
TARVUD_clean,115.5
TARWAK_clean,114.1
TARWEO_clean,95.5
TASFAU_clean,773.1
TASJUT_charged,342.9
TASVUG_clean,154.4
TASWAN_clean,155.8
TASWER_clean,152.1
TASWIV_clean,155.9
TASWOB_clean,156.5
TASXIW_clean,128.9
TASYUJ_charged,223.1
TASZAQ_charged,203.7
TASZEU_charged,208.2
TATPOV_clean,205.0
TAWHOO_clean,203.2
TAWTAP_clean,119.6
TAWYUO_clean,134.6
TAYNEN_clean,155.4
TAZLIR_clean,147.2
TAZLOX_clean,147.9
TAZLUD_clean,149.3
TAZSAP02_clean,106.6
TAZYAV_clean,61.2
TEBSAW_clean,166.9
TECTUS_clean,105.2
TECVEE_clean,129.2
TEDXOR_clean,208.0
TEFWIL_clean,476.4
TEFWOR_clean,564.3
TEHRUU_clean,122.3
TEHWEK_clean,61.1
TEJBAN_clean,440.6
TEJBOB_clean,312.0
TEJGAS_clean,135.9
TEJGEW_clean,142.7
TEJGIA01_clean,138.5
TEJGIA_clean,136.8
TEJLOL_clean,117.1
TEMPAE_clean,260.7
TEMPEI_clean,111.7
TENLIJ_clean,129.0
TENQOS_clean,178.6
TEQPAI_clean,152.3
TEQVAO_manual,200.5
TEQWER01_clean,58.4
TEQWER_clean,57.8
TERFUT_clean,57.7
TERNUA_clean,115.2
TESGOO_clean,120.7
TESGUU_clean,121.7
TESHAB_clean,119.4
TETVIZ_clean,89.9
TETWEW_clean,95.0
TETZEX_clean,212.8
TETZEZ_clean,322.4
TETZID_clean,213.3
TEVZEA_clean,119.9
TEVZIE_clean,122.4
TEVZOK_clean,117.9
TEVZUQ_clean,121.7
TEWFOS_clean,276.5
TEWFUY_clean,220.9
TEWGEJ_clean,219.0
TEXTOH_clean,146.1
TEYHIP_charged,222.1
TEZKAM_clean,209.0
TIDKAS_clean,354.4
TIDLEZ_clean,72.3
TIDLID_clean,75.9
TIDMEA_clean,98.9
TIFBOA_clean,56.4
TIFHAT_charged,137.2
TIFHEX_charged,137.0
TIFZIR_clean,107.2
TIGSOT_clean,103.3
TIGVUC_clean,186.7
TIJPOT_clean,146.7
TIKMEH_clean,379.8
TILHAZ_clean,95.2
TILVOZ_clean,49.8
TILVUF_clean,35.1
TILWAM_clean,36.1
TIQGOQ_clean,120.7
TIQGUW_clean,117.7
TIQHAD_clean,117.8
TIQHEH_clean,120.0
TIQHIL_clean,124.3
TIRHIL_clean,27.1
TIRLIQ_clean,231.0
TIRQOB_clean,718.9
TIRRIW_clean,242.4
TISGUY_clean,73.4
TISHAF_clean,268.1
TISPAO_clean,98.7
TIVXOM_charged,81.2
TIVYAZ01_clean,62.7
TIXCIO_clean,129.6
TIXMET_clean,92.6
TIXMIX_clean,51.7
TIXVON_clean,313.8
TIZVED01_charged,149.1
TIZVED_charged,149.0
TIZVIH01_charged,166.7
TIZVIH_charged,152.8
TOBJUR_clean,113.9
TOBKAY_clean,117.3
TOBKEC_clean,115.2
TOFQEM_clean,196.8
TOFTIT_clean,129.5
TOHJIL_clean,92.4
TOHQEO_clean,239.3
TOHSAL_clean,269.9
TOHYUL_clean,173.6
TOHYUM_clean,175.3
TOJLOT_clean,115.2
TOKDON_clean,88.4
TOLGOR_clean,186.8
TOLYOJ_clean,80.2
TONBOO_clean,217.5
TONBUU_charged,174.9
TONLOY_clean,153.2
TONLOZ_clean,166.9
TONTIB_clean,269.5
TONTOH_clean,253.3
TONTUN_clean,264.4
TONVAV_clean,261.7
TONWUO01_clean,137.7
TONWUO_clean,836.8
TOPKIT_clean,91.8
TORJAN_clean,122.8
TORJER_clean,124.6
TORJIV_clean,102.7
TORJOB_clean,122.1
TORJUH_clean,103.9
TORKAO_clean,122.1
TORKES_clean,103.1
TORPUN_clean,229.0
TORXAB_clean,113.9
TOVHUJ_clean,81.0
TOVJAP_charged,159.6
TOVJAR_clean,138.7
TOVJEV_clean,99.4
TOVJIZ_clean,116.3
TOVJOF_clean,145.8
TOVJUL_clean,481.8
TOVKEW_clean,203.2
TOVKIA_clean,161.8
TOVKOG_clean,158.6
TOWLIC_clean,90.0
TOWNEA_clean,193.9
TOWNOK_clean,319.1
TOWNUQ_clean,203.9
TOWPEC_clean,477.5
TOWXEK_clean,339.4
TOXHAR_clean,129.7
TOXMUQ_clean,112.0
TOXNEB_clean,110.7
TOXNIF_clean,165.7
TOZFOF_clean,224.7
TOZHAR_clean,52.2
TUBCEA_clean,116.4
TUBJAD_clean,109.0
TUBLIN_clean,220.1
TUCJAD_clean,145.0
TUDQOZ_clean,534.2
TUGTAR_clean,276.0
TUJGIQ_clean,262.2
TUKCOT_clean,252.4
TUMDAI_clean,179.8
TUMQID_clean,146.7
TUMRIE_clean,164.1
TUMROK_clean,170.8
TUNJET_clean,312.8
TUPDOZ_clean,190.4
TUPGIU_clean,65.4
TUQWIL01_clean,77.4
TURDIV_clean,220.0
TURDOB_clean,351.8
TURDUH_clean,363.3
TURFAP_clean,218.9
TURFET_clean,230.7
TUTHIA_clean,114.7
TUTHOG_clean,138.7
TUTJAU_clean,137.2
TUYFIE_clean,114.3
TUYHOL_clean,83.4
TUYHUR_clean,83.2
TUYJAZ_clean,96.0
TUYJED_clean,81.8
TUYLIJ_clean,194.3
TUYNEI_clean,119.7
TUZVUH_clean,84.5
UBECEM_clean,142.8
UBIBUF_clean,167.9
UBIPAY_clean,161.0
UBULIO_SL,94.3
UBULUA_clean,284.0
UBUMAH_clean,78.4
UBUROY_clean,25.7
UCABAE_clean,187.0
UCAXEC_clean,146.9
UCEGAM_clean,47.8
UCEGEQ_clean,47.8
UCEXAC_clean,174.7
UCEXEG_clean,175.5
UCEXIK_clean,176.0
UCEXOQ_clean,185.7
UCOCUM_neutral,81.1
UCOHUR_clean,274.1
UCOJAZ_clean,281.8
UCOJED_clean,323.3
UCOJIH_clean,134.8
UCOXOZ_clean,205.2
UCUJOU_clean,166.9
UCUTIW_clean,105.7
UDANEV_clean,230.4
UDEMEW_manual,1159.7
UDICAN_clean,353.4
UDOVOA_clean,617.9
UDOVUG_charged,252.0
UDUMIP02_clean,161.4
UDUMIP03_clean,159.0
UDUMIP_clean,156.1
UFASEA_ion_b,142.5
UFEMIC_clean,40.2
UFENAW_clean,54.4
UFEVIL_clean,168.8
UFEXEJ_clean,135.5
UFEXIN_clean,175.2
UFOFIF_clean,55.0
UFUNIS_clean,363.3
UFUQIV_clean,168.5
UGAQEY_clean,169.9
UGELIB_clean,222.8
UGOFED_clean,230.1
UGOSOY_charged,247.6
UGUGUZ_clean,133.8
UGUHAG_clean,132.6
UGUHEK_clean,119.7
UGUQOC_charged,129.0
UHASED_clean,164.0
UHAXUW_clean,188.3
UHUPET_clean,321.3
UHUPOD01_clean,366.4
UJAQEC_clean,134.7
UJAQUS_clean,143.6
UJEDIX_clean,237.2
UJILAA_clean,49.2
UJIZET_clean,113.9
UJOWEW_clean,69.4
UJULIW_clean,147.1
UJUPUM_clean,223.9
UJUQIB_clean,89.1
UKAJOH_clean,679.2
UKAPUS_clean,144.1
UKAQAZ_clean,144.3
UKAQED_clean,145.4
UKAQIH_clean,144.0
UKAZEM_clean,35.3
UKEXEP_clean,197.0
UKIQIP_clean,69.1
UKIQOV_clean,90.3
UKOZOK_clean,194.1
UKUBOS_clean,349.5
UKUBUY_clean,346.4
UKUCAF_clean,354.3
UKUPIB_clean,91.3
UKUPUL_clean,112.4
ULAQAB_clean,258.3
ULAQEF_clean,235.8
ULASAD_clean,54.3
ULEGOH_clean,1342.5
ULIMIN_clean,245.9
ULOGAE_clean,123.1
ULOKAJ_clean,110.0
ULOLEO_clean,105.8
ULOLIS_clean,106.2
ULOMAL_clean,109.3
ULUVUT_clean,94.8
UMABIV_clean,145.0
UMABOB_clean,163.3
UMALUQ_clean,144.2
UMARAC_charged,322.6
UMEDEX_clean,113.4
UMEDIB_clean,103.2
UMEDOH_clean,112.3
UMEHOL_clean,143.8
UMEKEE_clean,51.0
UMEKII_clean,139.0
UMELAB_clean,219.5
UMELEF_clean,138.5
UMEPOT_clean,227.0
UMEQAG_clean,140.2
UMESIQ_clean,162.0
UMESOW_clean,139.7
UMEXUF01_clean,102.1
UMEXUF_clean,106.5
UMIGAA_clean,139.8
UMIZEX_clean,577.4
UMOBEF01_clean,121.0
UMOBEF02_clean,125.0
UMOBEF03_clean,123.1
UMOBEF04_clean,130.4
UMOBEF05_clean,131.3
UMOBEF06_clean,131.5
UMOBEF07_clean,130.4
UMOBEF08_clean,132.3
UMOBEF09_clean,132.9
UMOBEF_clean,122.5
UMODEH01_clean,138.7
UMODEH03_clean,139.3
UMODEH04_clean,136.6
UMODEH06_clean,144.2
UMODEH07_clean,144.0
UMODEH08_clean,146.8
UMODEH09_clean,156.4
UMODEH10_clean,148.6
UMODEH11_clean,145.8
UMODEH12_clean,150.8
UMODEH13_clean,152.2
UMODEH14_clean,143.7
UMODEH15_clean,142.4
UMODEH16_clean,137.5
UMODEH17_clean,137.4
UMODEH18_clean,134.8
UMODEH19_clean,124.1
UMODEH20_clean,149.4
UMODEH21_clean,142.2
UMODEH22_clean,137.4
UMODEH23_clean,135.4
UMODEH24_clean,144.6
UMODEH25_clean,143.8
UMODEH_clean,136.3
UMOKIS_clean,199.7
UMOVEZ01_clean,127.9
UMOVEZ02_clean,128.4
UMOVEZ03_clean,129.0
UMOVEZ04_clean,127.6
UMOVEZ05_clean,127.4
UMOVEZ_clean,127.6
UMOVID_clean,124.3
UMOVOJ_clean,121.5
UMOYOM03_clean,132.0
UMOYOM06_clean,146.2
UMOYOM07_clean,152.9
UMOYOM08_clean,133.2
UMOYOM10_clean,133.8
UMOYOM11_clean,135.0
UMOYOM13_clean,143.9
UMOYOM16_clean,141.7
UMOYOM17_clean,127.7
UMOZUT_clean,147.5
UMUBAH_clean,139.8
UMUBEL_clean,147.4
UMUBIP_clean,139.2
UMUBOV_clean,148.5
UMUXEG_clean,78.2
UNABIV_charged,209.4
UNADIX_clean,259.6
UNAGOH_clean,102.6
UNAGUN_clean,104.4
UNECOH_clean,134.6
UNECUN_clean,135.0
UNIMAG_clean,325.4
UNUNEY_clean,501.1
UPIBOM_clean,60.0
UQEGII_clean,91.0
UQERIT_clean,160.9
UQOWUU_clean,163.8
UQOYOP_clean,246.2
UQULAU_clean,201.0
URENEM_clean,90.8
UREVIY_clean,136.9
UREVOE_clean,135.4
URUVUA_clean,87.2
URUWEL_clean,95.4
URUWIP_clean,94.8
USAWIW_clean,109.1
USEVOF_clean,123.6
USIRUL_clean,242.2
USISEW_clean,267.0
USORUR_clean,166.3
USOXEH_clean,166.0
USUBUG_clean,90.4
USUPUV_clean,80.7
USUVIP_clean,77.6
USUWUC_clean,113.6
UTACOJ_clean,86.8
UTACUP_clean,98.8
UTADIE_clean,65.8
UTELIQ_clean,221.4
UTEMAJ_clean,202.9
UTEWOG_clean,128.7
UTEXIB_clean,112.4
UTOCAJ_clean,296.4
UTOCEN_clean,313.7
UTULIF_clean,148.2
UTULUR_SL_part,272.2
UVANOW_clean,127.0
UVANUC_clean,118.6
UVEVAT_clean,117.6
UVEVUN_clean,396.1
UVINAP_clean,80.2
UVIPIZ_clean,396.1
UVIPOF_clean,397.1
UVOBUE_clean,96.4
UVOTOQ_clean,85.9
UVUDUM_clean,446.3
UVUFUN_clean,433.9
UVUQAE_clean,244.2
UVUWAL_clean,149.3
UWALEL_clean,168.0
UWELIS_clean,261.3
UWODAN_clean,113.9
UWOWAF_clean,167.8
UWUKII_clean,92.3
UWUTIQ_clean,260.4
UXABOL_clean,92.4
UXABUR_clean,93.3
UXAXEY_clean,235.4
UXINAR_clean,233.3
UXIQOJ_clean,78.4
UXISUR_clean,501.5
UXUNUX_clean,164.3
UXUPEJ_clean,158.5
UXUPIN_clean,163.8
UXUZAP_clean,165.9
UYAQAN_clean,130.4
UYOFIY_clean,227.0
UZANOZ_clean,135.8
UZATAR_clean,90.7
UZEKEQ_clean,146.7
UZIJUJ_clean,142.3
UZOBAN_clean,160.7
UZOBER_clean,86.6
UZUNAF01_clean,189.4
UZUNAF_clean,188.7
UZUZUL_clean,132.1
VABJIS_clean,73.8
VACFOV_clean_h,126.9
VACFUB01_clean,107.9
VACFUB_clean_h,114.6
VACLIX_clean,210.9
VADWON_clean,236.6
VAFWAB_clean,119.6
VAGBEN_clean,223.2
VAGBOX_clean,217.9
VAGBUD_clean,90.7
VAGJET_clean,190.4
VAGMAT_clean,61.6
VAGMEX_clean,61.6
VAGTAA01_clean,118.2
VAGTAA_clean,72.2
VAGTUU_clean,182.9
VAHJEW_clean,177.7
VAHJIA_clean,160.8
VAHPUR_clean,185.9
VAHQAY_clean,184.9
VAHSON_clean,194.4
VAHTOQ_clean,238.0
VAHTUW_clean,1706.9
VAHVOR_clean,92.7
VALVAI_clean,171.7
VALVIQ_clean,143.0
VALWUD_clean,234.5
VALXAK_clean,240.5
VALXEO_clean,225.2
VALXIS_clean,236.7
VALXOY_clean,247.1
VAMPUX_clean,198.3
VAMQAE_clean,178.1
VAMQIM_clean,207.7
VAMQOS_clean,193.1
VANHEA_clean,124.9
VANNEG_clean,205.6
VANNIK_clean,66.2
VAPBEV_clean,381.9
VAPBIZ_clean,394.4
VAPFUP_clean,102.1
VAPHOM_clean,104.8
VAQTUF_clean,110.5
VARHIH_clean,195.8
VARJEF_clean,155.8
VARWOC_clean,100.6
VARWUI_clean,96.7
VASFAZ_clean,88.1
VASFED_clean,92.3
VASFIH_clean,85.8
VASFON_clean,92.0
VASFUT_clean,94.3
VASGUU_clean,213.6
VASKOR_clean,102.0
VATVIY_clean,191.4
VATVOE_clean,194.6
VATVUK_clean,152.3
VATXEU_clean,140.5
VATYAR_clean,61.5
VATYEV_clean,84.7
VATYIZ_clean,84.0
VATYOF_clean,81.6
VAXMUF_clean,162.9
VAXTEV_clean,185.3
VAZROF_clean,286.4
VAZTOG_clean,40.3
VAZTUM_clean,233.1
VEBHUG_SL,44.6
VECWUX_clean,117.0
VECZAG_clean,73.4
VECZEI_clean,28.7
VECZEK_clean,45.2
VEDDIT_charged,288.9
VEDFAN_clean,241.3
VEDFIV_clean,260.9
VEDFOB_clean,260.6
VEDFUH_clean,241.8
VEDGAO_clean,262.7
VEDGES_clean,262.7
VEDGIW_clean,261.3
VEFMAW_charged,429.6
VEGBUG_clean,59.2
VEGCAN_clean,58.6
VEGMIE01_charged,118.8
VEGMIE_charged,121.1
VEGMOK01_charged,130.5
VEGMOK02_charged,128.9
VEGMOK03_charged,133.2
VEGMOK04_charged,133.4
VEGMOK_charged,137.2
VEHJID01_clean,43.9
VEHJOJ_clean,112.0
VEHJUP_clean,108.6
VEHKIE_SL,125.3
VEHKOK_charged,172.5
VEHLAW_clean,118.8
VEHLIE_clean,96.7
VEHNAZ_charged,162.5
VEHPUU_clean,75.8
VEHRIL_clean,54.2
VEHXEN_clean,121.2
VEHYUE_clean,100.2
VEJHEZ_clean,221.3
VEJHID_clean,129.0
VEJYIT01_clean,184.7
VEJYIT_clean,192.3
VEJYOZ_clean,98.3
VELVEO_clean,96.4
VEMDAT_clean,148.4
VEMMAC_clean,95.1
VEMMEG_clean,88.3
VEMMIK_clean,50.7
VEMMOQ_clean,79.5
VEMSUC01_clean,89.7
VEMSUC_clean,149.0
VEQBID_clean,110.9
VEQBOJ_charged,176.6
VEQBUP_charged,183.6
VEQCAW_charged,180.5
VERPOZ_clean,639.4
VETMIS_clean,103.6
VETSOE_charged,205.4
VETTAR_charged,205.0
VETTIZ_charged,228.7
VETTOE_clean,95.8
VEWKUF_clean,87.2
VEWLAM_clean,122.0
VEWXAY_clean,282.0
VEXTUO_manual,91.1
VEXVAW_clean,101.3
VEXYON_charged,102.3
VEYVEC_clean,158.2
VICDOC_clean,279.4
VICLAW_clean,299.9
VICSIL_clean,122.0
VIDXOX_clean,80.2
VIFBOD_clean,90.3
VILXOE_clean,94.4
VIMRAM_clean,194.9
VINHOR_clean,116.8
VIPYOK_clean,158.5
VIQFIL_clean,51.5
VIQQUJ_clean,192.3
VIRKIQ_clean,90.4
VIRPOC_clean,93.9
VIRQES_clean,104.2
VIRVEY_clean,81.0
VIRXIF_clean,104.2
VITYOO_clean,211.0
VITYUU_clean,155.3
VITZAB_clean,145.7
VITZEF_clean,151.6
VITZIJ_clean,157.6
VIVXOP_clean,158.7
VIWHUG_clean,178.2
VIWKIX_clean,150.1
VIWKOD_clean,148.3
VIWLAQ_clean,153.3
VIWLEU_clean,150.2
VIWLIY_clean,159.8
VIWMAR_clean,159.4
VIWMEV_clean,162.0
VIWMIZ_clean,750.9
VIWMOF_clean,757.7
VIWZOR_clean,94.0
VIXCUB_clean,90.2
VIXGAM01_clean,78.0
VIXPUP01_clean,162.7
VIXWEF_clean,121.4
VIYMAT_clean,93.5
VIYSON_clean,211.5
VIYTAA_clean,207.2
VIYVIK_clean,212.7
VIZSOO_clean,157.3
VIZSUU_clean,360.4
VIZTIJ_clean,100.1
VOBGAW_clean,210.8
VOBGEA_clean,208.5
VOBKAA_clean,153.5
VOBRUB_clean,144.3
VOCPEK_clean,243.6
VOCQAF_clean,151.2
VODQIP_clean,84.4
VODSEM_clean,57.3
VOFFED_clean,104.5
VOGPEO_clean,152.7
VOGTIV_clean_h,85.6
VOHQIS_clean,246.7
VOJGOS_clean,194.6
VOLPET_clean,46.0
VOLQOD_clean,101.4
VONCOS_clean,253.0
VONDEJ_clean,183.0
VOPCEK_clean,286.8
VOPCIO_clean,220.1
VOSTUU_clean,116.5
VOTKEW_clean,251.9
VOVKUO_clean,86.8
VOXKIE_clean,150.2
VOXQOQ_clean,162.2
VOXVEL_clean,191.9
VOXYUE_clean,44.7
VOYGOH_clean,98.7
VOZVAJ01_clean,96.9
VOZVIR01_clean,93.1
VUCTUK_clean,101.1
VUDQOB_clean,193.5
VUDXID_clean,73.5
VUFBEE_clean,82.4
VUGWUR_clean,143.7
VUGXAY_clean,136.9
VUGXEC_clean,146.0
VUGXIG_clean,145.0
VUGXOM_clean,137.1
VUGXUS_clean,140.3
VUGYAZ_clean,144.7
VUGYED_clean,135.5
VUGYIH_clean,138.6
VUHJAK_clean,304.2
VUHNET_clean,100.9
VUJBEI_clean,172.4
VUKHOZ_clean,53.3
VUKJOC_clean,205.9
VUKJUI_clean,222.0
VUKRUQ_clean,79.9
VUKSAX_clean,67.6
VUKSOL_clean,69.2
VUKTAY_clean,196.4
VUKTEC_clean,189.0
VUKTIG_clean,173.7
VUKTOM_clean,185.1
VUKTUS_clean,180.2
VULFIT_clean,302.1
VULKIX_clean,132.9
VULKOD_clean,246.9
VUMBIQ_clean,103.8
VUMCEM_clean,323.5
VUMYUZ_clean,308.9
VUNHAO_clean,41.7
VUNNEZ_clean,70.4
VUQJUN01_clean,174.4
VUQKAU01_clean,185.5
VUQKAU02_clean,199.3
VUQKAU_clean,198.3
VUQKOI_clean,111.1
VURLIF_clean,185.4
VURYIR_clean,156.7
VURYOX_clean,72.5
VUSKAW_clean,42.0
VUSQIK_charged,246.3
VUVZAP_clean,116.0
VUWRUC_clean,174.9
VUWSAJ_clean,150.0
VUZNOV_clean,293.6
WABTOK_clean,52.4
WABVIF02_clean,64.0
WABVIF03_clean,65.6
WABVIF04_clean,60.9
WABVIF_clean,65.5
WABVOL_clean,46.4
WABVUR_clean,45.6
WABWAY_clean,44.5
WABWEC_clean,40.8
WACLEU_clean,100.8
WAFKAQ_clean,139.8
WAGDAL_clean,266.1
WAHFUJ01_clean,231.3
WAHGIY_clean,201.6
WAHKUO_clean,156.5
WAHNEB_clean,137.6
WAHNIF_clean,151.1
WAHNOL_clean,136.3
WAHNUQ_charged,217.7
WAJHOG_clean,97.8
WAJLEA_charged,181.1
WALKAY_clean,200.2
WAMREJ_clean,115.8
WAMRIN01_clean,180.6
WAMRIN_clean,106.5
WANBOE_clean,129.2
WANHIF_clean,108.8
WANJIF_clean,160.0
WAPSUE_clean,85.3
WAQDOJ_charged,99.5
WAQFAX_clean,178.0
WAQFIG_clean,57.2
WAQKUX_clean,128.4
WAQTEQ_clean,142.5
WARFAZ_clean,177.9
WARJAC_clean,65.2
WASMUB_clean,166.3
WASPAK_clean,58.1
WASQEP_clean,139.0
WASQIT_clean,140.9
WASTUG_clean,69.9
WASVES_clean,102.6
WAVQAN_clean,174.1
WAVQER_clean,166.9
WAVQOB_clean,366.9
WAVQUH_clean,146.7
WAVRAO_clean,268.0
WAVROC_clean,164.3
WAWGOQ_clean,80.7
WAYKAK_clean,108.9
WAYMAM_clean,70.5
WAYMEQ_SL,130.4
WAYMIU_manual,125.5
WAYMOA_manual,122.0
WAZCUX_clean,193.9
WEBJOE_clean,127.1
WEBKIX_charged,408.6
WEBKOD_clean,152.6
WEBLAQ_charged,564.6
WEBREC_clean,259.9
WECBEN_clean,51.4
WECBOX_clean,66.4
WECFAN01_clean,103.3
WECFAN_clean,99.2
WECJIZ_clean,629.6
WEDQED_clean,251.6
WEFCAN_clean,213.9
WEFXEM_clean,102.9
WEFZIS_clean,201.6
WEGDIX_charged,161.0
WEGFUL_clean,165.2
WEGGAS_clean,171.8
WEGKIE_clean,303.6
WEHHEY_clean,271.9
WEHHIC_clean,268.0
WEHHOI_clean,277.1
WEHHUO_clean,265.0
WEHJAW_clean,169.4
WEHJEA_clean,180.8
WEHJIE_clean,110.2
WEHJOK_clean,196.1
WEHJUQ_clean,446.8
WEHQAC_charged,113.8
WEHRIL_charged,117.2
WEMBUN_clean,76.7
WEMCAU_clean,86.3
WEMCEY_clean,86.5
WEMCIC_clean,90.6
WEMCOI_clean,90.7
WEMCUO_clean,91.1
WEMDAV_clean,92.5
WEMDID_clean,72.5
WEMDOJ_clean,74.0
WEMDUP_clean,73.4
WEMFAX_clean,72.9
WEMFEB_clean,75.5
WEMFIF_clean,79.7
WEMFOL_clean,77.3
WEMNAF_clean,222.7
WENDIE_clean,203.1
WENKEH_clean,111.6
WENKOR_clean,161.2
WENKUX_manual,166.3
WENLAE_manual,166.4
WENLEI_clean,160.2
WERHIK_clean,262.7
WESYAV_clean,132.3
WEVQIX_clean,76.3
WEVQOD01_clean,70.2
WEVQOD_clean,76.6
WEVQUJ_clean,75.3
WEVRUK_clean,76.7
WEVZUT_clean,177.1
WEXTAV_clean,89.7
WEYQAU01_clean,75.0
WEYQAU02_clean,98.6
WEYQAU03_clean,98.6
WEYQAU04_clean,98.6
WEYQAU05_clean,98.8
WEYQAU06_clean,98.0
WEYQAU07_clean,99.4
WEYQAU08_clean,97.5
WEYQAU09_clean,98.4
WEYQAU10_clean,76.3
WEYQAU12_clean,97.4
WEZCIO_clean,73.7
WIBSAD_clean,356.6
WICGEV_clean,92.3
WIDQEG_clean,86.0
WIDWOX_clean,706.3
WIDZUG_clean,179.1
WIFBAQ_clean,100.0
WIHDUN_clean,69.9
WIHVAL_clean,93.4
WIHVEP_clean,90.6
WIHWAN_clean,218.3
WIJDAV_clean,234.6
WIJXEU_clean,176.1
WIJXIY_clean,93.4
WIKXAQ_clean,51.5
WIKXUJ_charged,288.0
WIKYAQ_clean,259.7
WILDUR_clean,127.8
WILFAZ_clean,122.9
WILGII_clean,156.6
WILHIK_clean,178.6
WILNEL01_clean,192.7
WILRAK_clean,29.1
WILREO_clean,28.5
WILRIS_clean,32.1
WIMWEW_clean,192.6
WIMWIA_clean,134.1
WINCEC_clean,71.9
WIPLOY_clean,136.6
WIPPIW_clean,469.2
WIPZEC_clean,148.2
WIRKOZ_clean,3101.8
WIRMOB_clean,396.8
WISTID_clean,181.1
WISVEB_clean,61.3
WITJOA_clean,233.5
WITJUG_clean,226.1
WITKIV_clean,349.9
WIVKOD_clean,97.9
WIVRIE_clean,538.5
WIWQOI_clean,71.8
WIWQUO_clean,71.3
WIYFAM_clean,121.5
WIYMOG_charged,66.2
WIYWAE_clean,369.7
WIYWEI_clean,347.8
WIYWOS_clean,353.8
WIYWUY_clean,358.9
WIYZOU_clean,71.9
WIZDEP_clean,84.4
WIZKOH_clean,167.1
WIZMAV02_auto,408.4
WOBHEB_clean,85.3
WOBHOL_clean,85.9
WOBHOM_clean,121.4
WOBQEL_clean,264.7
WOCWAN_clean,202.5
WODFOL_clean,263.7
WODVOB_clean,133.4
WODXEU_clean,126.1
WOFWET_clean,27.5
WOHBIF_clean,204.1
WOHDON_clean,65.6
WOHQAN_clean,106.7
WOHSIV_clean,174.8
WOHSOB_clean,165.3
WOJJOV_SL,294.6
WOJZAY_clean,199.1
WOJZEC_clean,204.3
WOJZIG_clean,199.8
WOJZOM_clean,342.7
WOLMUG_clean,188.8
WOLREV_clean,151.5
WOLRIZ_clean,54.3
WOLYON_clean,103.2
WOPSAX02_clean,205.3
WOPSAX_clean,210.0
WOPSOL01_clean,238.6
WOPSOL_clean,183.8
WOPWOO_clean,139.2
WOQDUB_charged,85.9
WOQTUT_clean,239.6
WORKOF_clean,215.9
WORKUL_clean,174.2
WORLAS_clean,172.7
WORREC_clean,51.8
WORSUT_clean,120.2
WOSHET_clean,120.1
WOSZEL_charged,303.7
WOTLOI_clean,76.7
WOTSEF_clean,107.9
WOVDES_clean,239.6
WOYHUP_clean,72.4
WOYJAX_clean,702.5
WOYJEB_clean,713.3
WOYJIF_clean,155.1
WOYJOL_clean,646.7
WOZGUP_clean,238.1
WOZSOT_charged,191.7
WOZWEP_clean,242.8
WUCRUH_clean,125.4
WUDVEY_clean,112.9
WUGQAS_clean,109.1
WUHJIT_clean,69.8
WUKXEH_clean,243.3
WULJUJ_clean,514.0
WULKAQ_clean,521.2
WULQUR_clean,77.6
WUNSEE01_charged,211.4
WUNSEE02_charged,194.7
WUNSEE_charged,208.6
WUNSII01_charged,208.9
WUNSII02_charged,206.1
WUNSII_charged,217.7
WUNTAB_charged,191.1
WUNTEF_clean,178.2
WUNTIJ_clean,171.9
WUNTOP_clean,174.3
WUNTUV_clean,175.3
WUNVAD_clean,174.5
WUNVEH_charged,188.9
WUNVIL_charged,192.9
WUNVOR_clean,174.8
WUNVUX_clean,175.3
WUPZUE_clean,114.4
WURKEB_clean,111.3
WURNOO_clean,166.2
WUSCUJ_clean,42.5
WUSGIC_clean,140.6
WUSLED_clean,128.5
WUSSEK_clean,187.9
WUSXEP_clean,240.9
WUTBES_clean,161.0
WUTBEU_clean,32.2
WUTBIW_clean,160.4
WUTBOC_clean,167.0
WUTBUI_clean,157.5
WUTCAP_clean,167.2
WUTKIG_clean,121.2
WUWQEL_clean,88.3
WUYWIY_clean,63.1
WUYWOE_clean,164.3
WUYWUK_clean,63.8
WUYXAR_clean,62.3
WUYXEV_clean,169.1
WUYXIZ_clean,159.0
WUYXOF_clean,63.2
WUYXUL_clean,165.6
WUYYAS_clean,166.2
WUYYEW_clean,160.4
WUYYOG_clean,74.0
WUZDOL_clean,127.9
WUZGAB_clean,158.7
WUZQOZ_clean,89.7
XACGIT_charged,153.1
XACQAT_clean,306.7
XACSIG_clean,174.5
XACZEH_clean,78.1
XADCEM_clean,128.5
XADDAJ01_clean,329.0
XADDAJ_clean,358.2
XADDEN_manual,81.2
XADDIR_manual,80.3
XADDOX_clean,110.2
XADDUD_clean,203.9
XADGAM_clean,180.0
XADGOA_clean,90.3
XAFBEN_clean,183.9
XAFFAN_clean,61.1
XAFFER_clean,60.1
XAFFIV_clean,60.7
XAFFOB_clean,62.2
XAFFUH_clean,93.5
XAFXOT_clean,142.4
XAGPUT_clean,88.5
XAHPAZ_clean,84.3
XAHPED_clean,62.9
XAHPIH_clean,52.0
XAHPON_clean,83.3
XAHPUT_clean,39.7
XAHQAA_clean,37.9
XAHWAG_clean,57.7
XAJQAC_SL,132.6
XAJSEJ_clean,102.7
XAKQOR_clean,212.2
XAKVUB_clean,328.9
XAKYUE_clean,147.5
XAKZAL_clean,218.1
XAKZIT_clean,420.4
XAKZOZ_clean,134.7
XAKZUF_clean,471.1
XALBAO_clean,496.0
XALBES_clean,140.1
XALBIW_clean,138.8
XALBUI_clean,451.6
XALCAP_clean,150.2
XALCET_clean,146.9
XALCIX_clean,687.5
XALCOD_clean,697.2
XALCUJ_clean,227.7
XALDAQ_clean,227.8
XALDAS_clean,168.1
XALDEU_clean,209.1
XALDIY_clean,217.9
XALDOE_clean,210.4
XALMII_clean,224.8
XALTIP_clean,70.9
XALXUF01_clean,326.1
XALXUF_clean,324.6
XAMDUM01_clean,82.8
XAMDUM02_clean,83.3
XAMDUM03_clean,84.8
XAMDUM04_clean,87.8
XAMDUM05_clean,85.1
XAMDUM06_clean,81.5
XAMDUM_clean,84.5
XAMGUQ_clean,326.6
XAMHEA_manual,70.6
XANKOO_clean,562.3
XANLAA_clean,216.4
XANLEE_clean,221.0
XANMIJ_clean,102.5
XAPCOH_clean,270.6
XAPCOJ01_clean,81.7
XAPCOJ02_clean,82.3
XAPCOJ03_clean,84.3
XAPCOJ04_clean,83.4
XAPCOJ05_clean,81.8
XAPCOJ06_clean,81.9
XAPCOJ07_clean,83.6
XAPCOJ_clean,83.8
XAPCUN_clean,272.1
XAPDAU_clean,281.7
XAPDEY_clean,297.6
XAPGAZ_clean,206.4
XAPGED_clean,192.3
XAPGOK_clean,96.0
XAPGUQ_clean,66.3
XAPNIN_clean,74.0
XAPSIS_clean,69.7
XAPTEQ_clean,177.9
XAPTUE_clean,116.5
XARPAK_clean,109.5
XASFAY_clean,204.2
XASJUZ_clean,137.2
XASNUD_clean,331.0
XASPEP_clean,139.3
XATLIQ_clean,157.5
XATZOK_clean,99.5
XATZUQ_clean,129.4
XAVDEF_clean_h,85.6
XAVKIR_clean,702.9
XAVQIU01_clean,75.6
XAVQIU_clean,73.6
XAWVUN_clean,50.2
XAYMUF_charged,167.9
XAZFEJ_clean,100.0
XAZGAG_charged,112.1
XAZGEK_clean,166.1
XEBHOC_clean,51.8
XEDGIY_clean,138.0
XEDLUN01_clean,98.5
XEDLUN_clean,103.1
XEDPED_clean,388.2
XEDPIH_clean,155.6
XEDPON_clean,83.0
XEDPUT_clean,642.7
XEFGAQ_clean,126.6
XEFKOI_clean,132.1
XEGJIE02_clean,180.0
XEGJIE_clean,176.2
XEGJOK_clean,151.3
XEGJUQ_clean,179.8
XEGKAX_clean,174.4
XEGKEB_clean,147.6
XEGKIF_clean,137.6
XEGKOL_clean,110.7
XEGKUR_clean,93.3
XEHDEV_clean,167.2
XEHRUY_clean,99.3
XEHSAF_clean,102.8
XEHSEJ_clean,103.7
XEHSIN_clean,104.7
XEHSOT_clean,103.2
XEHSUZ_clean,103.9
XEJWUG_clean,225.2
XEJXAN_clean,234.3
XEJXER_clean,134.7
XEKCAT01_clean,123.9
XEKCAT_clean,128.0
XEKDOI_clean,63.3
XEKMIL_clean,139.8
XENCAU_clean,139.5
XENKIM_clean,172.2
XENMIO_SL,243.4
XENMOU_SL,234.8
XEPBAX_clean,83.0
XEQGAC_clean,65.8
XEQRAO_clean,103.4
XESKAJ_clean,74.6
XESKEN_SL,118.7
XESKIR_clean_h,58.9
XESKUD_clean,71.9
XESLAK_clean,70.7
XEWDUA_clean,114.1
XEWFAI_clean,121.4
XEXLAP_clean,165.0
XEXLET_clean,162.2
XEXLIX_clean,166.9
XEXLOD_clean,196.0
XEXLUJ_clean,151.3
XEXMAQ_clean,191.9
XEXMEU_clean,145.6
XEYMAR_clean,137.1
XIBZUF_clean,135.2
XICDUI_charged,284.2
XICNOO01_clean,238.0
XICNOO02_clean,245.5
XICNOO_clean,238.0
XICYAL_clean,423.5
XICYEP_SL,115.8
XICYIT_SL,116.2
XICZAM_clean,238.1
XIDBUJ_clean,156.4
XIDSUZ_clean,136.5
XIFHIF_clean,53.3
XIGFOJ_manual,125.2
XIGHAX_clean,76.4
XIGHEB_clean,103.1
XIGHIF_clean,72.0
XIGWUF_clean,38.2
XIHRIQ_clean,238.0
XIHSAJ01_clean,137.4
XIHSAJ_clean,155.3
XIHSEN01_clean,167.5
XIHSEN_clean,168.8
XILLEL_clean,706.8
XILLIP_clean,243.5
XILSUI_clean,117.9
XILTAP_clean,201.6
XILVIZ_clean,138.5
XINHOT_clean,188.1
XINRAP_clean,98.5
XINWUO_clean,100.0
XINZEB_clean,161.4
XIPGUA_clean,53.7
XISLAM_clean,288.8
XISPEW01_clean,56.9
XISPEW02_clean,52.2
XISPEW_clean,89.9
XISPUM01_clean,38.0
XISPUM_clean,88.8
XISVUR_clean,106.9
XISXEE_clean,86.7
XITYOP_clean,211.7
XIVMEW01_clean,133.0
XIWLAQ_clean,116.5
XIWYEH_clean,265.1
XIYYEL_clean,32.9
XOCWET_clean,91.8
XOCWIX_clean,90.2
XOCWOD_clean,89.9
XOCWUJ_clean,88.4
XODPUD_clean,131.9
XOFGAC_clean,326.3
XOFPEP01_clean,109.1
XOFPEP_clean,110.3
XOGXAU_clean,373.5
XOHLEM_clean,99.7
XOHTUJ_clean,71.1
XOJPIW_charged,252.9
XOJWEZ_clean,110.6
XOJWOJ_clean,99.4
XOKHIP_clean,96.8
XOMCIN_clean,388.1
XOMCOT_clean,386.1
XOMDOU_clean,347.9
XOMGIQ_clean,302.1
XOMJOY_clean,380.1
XOMJUE_clean,390.1
XONGUD_clean,141.3
XONLES01_clean,227.0
XOPLOE_clean,97.4
XOPMIA_clean,193.0
XOQXIL_clean,101.4
XORHET_clean,149.2
XOSPOK_clean,118.6
XOTGUI_clean,83.4
XOTHAP_clean,61.5
XOTKIA_charged,196.4
XOTSEG_clean,202.1
XOTSIK_clean,317.6
XOTXAG_clean,149.2
XOTXUB_clean,234.4
XOTZIR_clean,267.4
XOVPIH_clean,125.3
XOVPON_clean,95.3
XOVPUU_clean,27.9
XOVQAB_clean,375.5
XOVQEF_SL,116.0
XOVQIJ_clean,221.0
XOVVOU_clean,113.0
XOXMED_clean,244.8
XUBGUY_clean,42.6
XUCSOF_clean,173.9
XUDNAN_clean,217.5
XUDNUH_clean,256.1
XUDPIX_clean,305.5
XUDYEC_clean,96.8
XUDYOM_clean,227.0
XUFPIZ_clean,233.5
XUFWOM_clean,135.5
XUFYAA_clean,611.1
XUGROI_clean,195.7
XUGSEY_clean,89.8
XUGWUS_clean,354.7
XUJPEY_clean,203.8
XUJPIC_clean,201.8
XUJPOI_clean,90.0
XUJQAV_clean,91.0
XUJSAY_clean,322.8
XUKHUI_clean,185.5
XUKLAS_clean,109.1
XUKNIC_clean,162.7
XUKYEI_neutral,44.7
XUMMOJ_clean,104.6
XUMMUP_clean,114.1
XUMNEA_clean,496.8
XUMNIE_clean,261.2
XUMTUV_clean,133.3
XUMVAD_clean,140.8
XUMVEH_clean,126.6
XUNGOD_clean,226.2
XUNGUJ_clean,215.8
XUNHAQ_clean,218.0
XUNSAC_clean,142.9
XUNSEG_clean,118.3
XUNSIK_clean,207.1
XUNSOQ_clean,213.7
XUNTIL_clean,100.0
XUPSAE_clean,107.7
XUTQEI_clean,48.2
XUVGUQ_charged,196.1
XUVHEB_clean,212.9
XUVQOW_clean,184.1
XUWFUR_clean,121.7
XUWKEH_clean,43.8
XUWSUD_clean,145.5
XUWTAK_clean,150.5
XUWVUG_clean_h,86.6
XUYXAR_clean,183.8
YABHER_clean,114.7
YABPAU_clean,158.5
YAGJOI_clean,135.7
YAHPED_clean,117.7
YAJXIT_clean,229.2
YAJXUF_clean,241.4
YANBAR01_clean,101.4
YANBAR02_clean,92.8
YANBAR03_clean,88.0
YANBAR_clean,94.9
YAPLIM_clean,246.6
YAPLOS_clean,215.4
YAPLUY_clean,378.2
YAPMAF_clean,421.5
YAPRUE_charged,154.7
YAPSAL_charged,265.5
YAPXIX_clean,286.3
YAQCEY_clean,216.7
YAQKEI_clean,208.9
YARBAW_clean,148.3
YARBUQ_clean,794.6
YARDEC_clean,188.0
YARDIG_clean,178.5
YARGAB_clean,105.9
YARKEJ_clean,354.9
YARKOT_clean,126.5
YARSAN_clean,182.2
YARYEV_clean,44.6
YARYIZ_clean,49.6
YARYOF_clean,55.7
YARYUL_clean,27.5
YARZEZ02_clean,31.0
YARZEZ03_clean,38.1
YARZEZ_clean,51.5
YASLOW_clean,624.7
YASLUA_clean,41.6
YATDUV_clean,122.6
YATTUK_clean,71.2
YAVSOG_clean,241.8
YAVTUN_clean,68.4
YAVVAV_clean,84.6
YAVVEZ_clean,73.2
YAVVID_clean,255.1
YAVVOJ_clean,261.5
YAVVUP_clean,256.1
YAVWAW_clean,262.7
YAVWUQ_clean,355.6
YAVZAX_clean,55.9
YAVZUT_clean,160.4
YAWBAC_clean,146.0
YAWFEI_charged,107.5
YAWFOS_clean,98.2
YAWKOX_clean,94.8
YAXBOP_SL,128.9
YAYLER_clean,104.8
YAYPOF_clean,104.3
YAYRAT_clean,343.4
YAZWOM_clean,152.7
YEBLAT_clean,83.3
YEDKOI_clean,65.3
YEDKUO_clean,121.1
YEDLAV_clean,194.9
YEFNEC_clean,50.7
YEFNOM_clean,51.2
YEFPEE_clean,52.1
YEGCUJ_clean,116.7
YEGHIC_clean,62.0
YEGKOM_clean,99.0
YEHGID_clean,746.0
YEKQOW_clean,673.5
YEKXET_clean,96.8
YEKXOD_clean,102.2
YEKXUJ_clean,77.4
YELYOE_clean,131.2
YEMFOM_clean,221.5
YEMJAC_clean,65.1
YEMLUY_charged,200.7
YEMMAF_clean,146.1
YENLUA_ion_b,95.2
YEQRER_clean,28.3
YEQRIV_clean,28.0
YEVQOG_clean,372.3
YEVQUM_manual,1852.8
YEYCUC_SL,147.5
YEYFEP_clean,159.3
YEZFIU_clean,122.4
YEZKEV_clean,284.7
YIBMUT_clean,193.1
YICDAR_clean,276.0
YICREI_clean,151.4
YIKJOT_clean,316.3
YIKJUZ_clean,313.7
YILJAG_clean,123.6
YILJUA_clean,179.0
YILKAH_clean,116.9
YINCEF_clean,129.7
YINCIJ_clean,134.5
YINCOP_clean,130.5
YINCUV_clean,509.7
YINDOQ_clean,413.8
YINPEQ_clean,40.4
YINXIE_clean,139.0
YIRHOY_clean,271.6
YISFEL_clean,50.2
YIVNIC_clean,133.6
YIVZIO_clean,105.8
YIVZOU_clean,235.9
YIWBEN_clean,115.0
YIWLEV_clean,32.8
YIWLIZ_clean,35.5
YIWMEW_clean,44.3
YIWMOG_clean,60.2
YIWMUM_clean,60.2
YIWNAT_clean,60.9
YIWNIB_clean,46.3
YIWPAV_clean,44.1
YIWPEZ_SL_part,46.5
YIWPID_clean,66.1
YIXFIW_clean,279.7
YIXYUB_clean,179.6
YIXZEM_clean,146.1
YIYHAQ_clean,252.6
YIZGEV_clean,173.7
YIZGIZ_clean,178.0
YIZGOF_clean,170.2
YIZWIN_clean,96.5
YOBYAR_clean,188.1
YOBYEV_clean,166.0
YOCCIE_clean,212.8
YOCDUR_clean,191.4
YOCLEJ_clean,84.1
YOCLIN_clean,84.1
YOCNAH_clean,264.7
YOCSEQ_clean,118.7
YODRAM_clean,247.4
YODWOF_clean,52.3
YODWUL_clean,59.7
YOFGOR_clean,247.6
YOFXEY_clean,210.8
YOFXIC_clean,201.9
YOGKOW_clean,272.4
YOGVEX_clean,164.9
YOKKIU_clean,279.3
YOLGUB_clean,41.8
YOMBAE_charged,136.3
YOMZIL_clean,119.0
YONNAR_clean,233.0
YONNUL_clean,259.4
YOPPAW_clean,127.0
YOQLAT_clean,117.1
YORGOD_clean,96.7
YORLEY_clean,672.0
YORNIE_clean,149.8
YOTXOW_clean,106.3
YOYBUL_clean,148.9
YOYNUX_clean,200.8
YOYPAF_clean,211.0
YOYPEJ_clean,202.2
YOYPIN_clean,120.8
YOYPOT_clean,197.5
YOYPUZ_clean,196.7
YOYQAG_clean,203.8
YOYQEK_clean,201.3
YOYQIO_clean,157.2
YOYQOU_clean,355.4
YOYQUA_clean,119.8
YOYRAH_clean,115.5
YOYREL_clean,120.8
YOYRIP_clean,121.9
YOYTOX_clean,282.4
YOYTUD_clean,297.8
YOYVAL_clean,290.9
YOYVEP01_clean,307.1
YOYVOZ01_clean,299.7
YOYVOZ_clean,283.0
YOYWEQ01_clean,278.0
YOYWEQ_clean,265.6
YOYZET_clean,251.9
YOZBOF_SL,446.7
YOZCAS_manual,427.9
YOZJEE01_clean,296.6
YOZJEE_clean,282.2
YOZKOP_clean,118.6
YOZNAE_clean,517.0
YOZQAG_charged,175.1
YOZQEK_clean,126.3
YOZYOD_clean,133.1
YOZYUJ_clean,163.3
YUBFOR_clean,96.5
YUBGIN_clean,62.9
YUBQET_clean,256.9
YUBTUM_clean,233.7
YUCZOM_clean,80.4
YUDFEK_clean,175.8
YUDFIO_clean,196.6
YUDFOU_clean,187.5
YUFLIW_clean,126.4
YUFLOC_clean,80.4
YUGLES_clean,43.2
YUGZIK_clean,222.3
YUHHIU_clean,88.0
YUJCOX_clean,96.3
YUJNOH_clean,107.1
YUKCAJ_clean,154.4
YUKKAR_clean,141.2
YULNOK_clean,137.1
YUMFUJ_clean,131.6
YUMJAS_clean,102.1
YUMKAU_clean,119.6
YUMYUC_clean,73.0
YUNJUO_clean,131.0
YUNKAV_clean,131.7
YUNKIC_charged,216.2
YUNXAI_clean,351.0
YUPSIM_clean,106.4
YURJUR_clean,61.1
YURKAY_clean,112.6
YURKEC_clean,197.9
YURKIG_clean,93.4
YUSGID_clean,144.0
YUSGOJ_SL,130.3
YUSWEP_manual,1773.2
YUSWEQ_clean,186.5
YUSWIU_clean,189.4
YUTDUO_clean,189.3
YUTGEZ_clean,49.9
YUXLEJ_clean,766.6
YUXLIN_clean,720.9
YUXQIS_clean,155.3
YUXQOY_clean,120.6
YUYBIF_clean,170.2
YUYGOQ_clean,166.9
YUYLIP_clean,174.0
YUYLOV_clean,147.2
YUZCON_clean,247.4
YUZPEQ_clean,403.4
YUZPIU_clean,455.7
YUZPOA_clean,246.9
YUZRAO_clean,119.6
YUZRES_clean,121.1
YUZXAT_clean,228.1
ZABQIC_ion_b,81.0
ZACHIX_clean,510.2
ZAFXAI_clean,140.7
ZAGHAT_clean,113.5
ZAHLEC_clean,48.6
ZALDUO_clean,73.5
ZALGEB_clean,93.6
ZALREM_clean,145.1
ZAQWEW_clean,151.2
ZAQZOG_clean,196.7
ZARLEL_clean,83.8
ZARLIP_clean,174.3
ZARLUB_charged,147.2
ZARMAI_charged,122.0
ZARPUF_clean,61.5
ZARQAM_clean,107.4
ZARTAP03_clean,107.6
ZARVIZ_clean,127.9
ZARZAV_clean,251.5
ZASJAG_clean,97.4
ZAVPET_clean,207.3
ZAVPIX_clean,142.2
ZAVPOD_clean,212.9
ZAVPUJ_clean,213.0
ZAVQAQ_clean,214.3
ZAVQEU_clean,215.0
ZAVQIY_clean,216.8
ZAVQOE_clean,215.0
ZAVQUK_clean,217.3
ZAVRAR_clean,215.9
ZAVREV_clean,216.5
ZAVRIZ_clean,223.7
ZAXQOG_clean,106.0
ZAXQUM_charged,120.1
ZAYJOA_charged,155.3
ZAZBUZ_clean,84.7
ZEBMAW_clean,163.0
ZECKID_clean,54.7
ZECKOJ_clean,80.3
ZEDLOL_clean,148.2
ZEDQEG_clean,97.3
ZEDROR_clean,212.0
ZEDVOV_charged,194.5
ZEDVUB_charged,253.9
ZEDWAI_charged,258.0
ZEDZAL01_clean,172.3
ZEDZAL_clean,179.8
ZEKRIS_clean,137.7
ZELQAK_clean,376.9
ZELROZ_manual,30.3
ZERQOE_clean,402.5
ZETLER_clean,176.0
ZEVXAB_clean,507.5
ZEXKUK_clean,198.4
ZEZFIV_clean,112.6
ZEZPAX_clean,119.6
ZEZPUR_clean,109.3
ZEZQAY_clean,111.6
ZEZQEC_clean,112.2
ZEZQIG_clean,110.3
ZICCIZ_clean,132.0
ZIDBEV_clean,74.3
ZIDNEH_clean,491.0
ZIDVAL_clean,436.3
ZIGFIG_clean,542.5
ZIHFUR01_clean,190.6
ZIHFUR_clean,189.0
ZIHTEP_clean,87.2
ZIJSAO_clean,122.2
ZIJVOF01_clean,129.6
ZIKJIO_clean,95.5
ZIKJOU_clean,109.2
ZILBAZ_clean,181.8
ZILBED_clean,129.5
ZILBIH_clean,300.3
ZILFOR_manual,185.2
ZIMLAK_clean,83.0
ZIMLEO_clean,83.2
ZIMLIS_clean,82.1
ZIMTAS_clean,96.9
ZINDAD_clean,324.8
ZIQJEQ_clean,103.0
ZISFEO01_clean,110.4
ZISFEO_clean,82.3
ZISYAD_clean,204.5
ZITRUP_clean,47.5
ZIWLUO_clean,370.9
ZOFZIF_clean,126.9
ZOFZOL_clean,101.8
ZOFZUR_clean,193.9
ZOHFUZ_clean,557.4
ZOMNEW_clean,152.9
ZOMNIA_clean,157.1
ZOMNUM_clean,194.8
ZOTKAW_clean,147.6
ZOXFEZ_clean,107.1
ZOXGOK_clean,139.5
ZOXNEH_clean,126.7
ZOZCIC_clean,168.0
ZOZHON_clean,333.8
ZOZKAC_clean,194.3
ZOZKEG_clean,315.9
ZOZPUB_clean,127.8
ZUBFIN_clean,893.8
ZUDQUM_clean,127.0
ZUDRAT_clean,186.8
ZUDXAZ_clean,154.0
ZUGDEM_clean,98.1
ZUKNAW_clean,59.8
ZUNZIT_clean,129.1
ZUPBET_clean,120.0
ZUQMAB_clean,185.6
ZURQOS_clean,96.7
ZURROT_clean,110.2
ZUSBIA_clean,150.8
ZUSBOG_clean,82.5
ZUTBIB_clean,244.3
ZUTBUN_clean,407.0
ZUWXUM_clean,192.5
ZUXPOZ_clean,76.0
ZUZZEB_clean,122.8
