MOF,Total time (s)
1499489-acs.cgd.6b01265_1499490_clean,1377.6
ABAYIO_clean,4053.7
ABAYOU_clean,4185.9
ABESUX_clean,381.7
ABETAE_clean,385.9
ABETIN_clean,2595.3
ABEXEM_clean,357.1
ABEXEN_clean,502.5
ABEXOW_clean,354.8
ABEXUC_clean,347.8
ABEYAJ_clean,347.1
ABEYEN_clean,345.3
ABEYIR_clean,340.1
ABIXOZ_clean,174.2
ABIYIV_clean,515.6
ABULOB_clean,981.4
ABUWOJ_clean,405.0
ACAJIY_clean,736.1
ACAJIZ_clean,948.4
ACAJOF_clean,296.9
ACIBOE_clean,241.7
ACOCOM_clean,1693.4
ACOCUS_clean,1771.9
ACODAZ_clean,1758.0
ACODON_clean,472.4
ACOGAB_clean,440.5
ACOGEF_clean,444.0
ACOLIP_clean,672.5
ACOLOV_clean,638.9
ACUBAB_clean,875.7
ACUFEK_clean,379.5
ACUJOZ_manual,1274.4
ACUTOI_clean,708.1
ADARAA_clean,2091.7
ADASEF_clean,236.0
ADASIJ_clean,592.1
ADASOP_clean,229.8
ADASUV_clean,234.3
ADATAC_clean,248.5
ADATEG_manual,482.1
ADATIK_clean,290.1
ADATOQ_clean,1811.1
ADATUW_clean,1806.0
ADAVAE_clean,1858.2
ADAVEI_clean,1913.5
ADAXEK_clean,396.0
ADAXIO_clean,564.3
ADIQEL_clean,1066.9
ADOBIF_clean,249.2
ADOCEC_clean,229.4
ADODOO_clean,260.5
ADODUU_clean,266.4
ADOGEH_clean,8072.3
ADUROI_clean,1281.3
ADUWIH_clean,1033.2
ADUWON_clean,247.1
AFEJOK_ion_b,692.9
AFENEE_clean,284.6
AFIPAH_clean,320.2
AFITEP_clean,528.0
AFITUF_clean,356.5
AFIXAO_clean,844.7
AFIXES_clean,854.0
AFOTOF_clean,355.7
AFOTUL_clean,349.6
AFOVAT_clean,352.2
AFOVEX_clean,339.1
AFOVIB_clean,358.9
AFOVOH_clean,359.8
AFOYAW_clean,839.5
AFOYEB_clean,258.2
AFOYIE_clean,158.3
AFOYOK_clean,542.0
AFUKET_clean,1118.3
AFUKIX_clean,502.3
AFUPEX_clean,275.0
AGABIU_clean,122.9
AGARUW_clean,257.8
AGIREP_clean,2331.8
AGOFEJ_clean,410.6
AGONAM_clean,438.6
AGONEQ_clean,224.0
AGOVOJ_clean,120.5
AGUBUA_clean,745.2
AHAMAY_clean,552.3
AHEQAH_clean,245.0
AHIYOH_clean,1574.0
AHOKIR01_clean,608.5
AHOKIR_clean,447.5
AHOKOX_clean,447.8
AHUFIU_clean,294.7
AJAKON_clean,497.8
AJAYIT_clean,454.2
AJIGIL_clean,761.4
AJOTEY_clean,192.1
AJOVEB_clean,958.5
AJOXAA_clean,550.5
AKEDIF_clean,472.1
AKOBAF_clean,1094.6
AKOHEO_clean,262.3
AKOXIJ_clean,3244.6
AKUKUO_clean,357.2
ALAHUS_clean,589.3
ALAMUW_clean,208.7
ALANAD_clean,375.1
ALEJAE_clean,339.3
ALEJEI_clean,449.0
ALEJIM_clean,540.0
ALEQIT_clean,367.5
ALIBUT_clean,1221.0
ALICAA_clean,1142.9
ALIXAU_clean_h,288.7
ALIXOJ_clean,296.2
ALIXUP_clean,236.9
ALOLES_ion_b,281.9
ALOLIY_clean,258.1
ALONEV_clean,420.9
ALUJEX_clean,407.7
ALUJIB_clean,389.4
ALUJOH_clean,366.1
ALUKIC_clean,203.5
ALUKOI_clean,203.5
ALUKUO_clean,201.7
ALULAV_clean,202.9
ALULEZ_clean,185.6
ALULID_clean,186.0
ALURAB_clean,816.1
ALUREF_clean,854.6
ALURIJ_clean,866.0
AMAFOK_clean,489.4
AMAGAX_clean,1752.4
AMILOY_clean,792.7
AMILUE_clean,658.1
AMIMAL_clean,772.3
AMIMEP_clean,676.9
AMIZIG_clean,386.4
AMODUC_clean,223.5
AMOFAK_clean,198.7
AMOYOR_clean,599.2
AMUFOF_clean,276.0
AMUPOP_clean,1173.3
AMUWUB_clean,224.1
AMUXAI_clean,271.0
ANAWIX_clean,389.3
ANAWOD_clean,938.8
ANEHEI_clean,414.2
ANENEN_clean,246.1
ANENIR_clean,256.6
ANIDIL_clean,1452.7
ANOMOG_clean,313.6
ANOMUM_clean,251.9
ANONAT_manual,233.5
ANUGEW_clean,604.0
ANUGIA_clean,176.6
ANUGOG_clean,292.2
APACAX_clean,251.5
APARAM_clean,564.7
APAYIB_clean,1037.8
APAYOH_clean,1031.4
APAYUN_clean,444.7
APAZAU_clean,675.9
APAZEY_clean,661.8
APAZIC_clean,616.5
APAZOI_clean,938.6
APEBED_clean,405.0
APEBEE_clean,619.7
APEBII_clean,1826.3
APEBOO_clean,3950.0
APEBUU_clean,564.8
APUPEH_clean,81.0
AQEGUY_clean,724.1
AQEQES_clean,288.0
AQEQIW_clean,341.5
AQERUL_clean,11913.0
AQIQAU_clean,1561.3
AQIXUU_clean,808.2
AQIXUV_clean,556.4
AQOLEZ_clean,427.4
AQOLID_clean,2365.0
AQOLOJ_clean,1068.1
AQOLUP_clean,1425.1
AQOMAW_clean,593.7
AQOMEA01_clean,1391.9
AQOMEA_clean,1390.2
AQOTIK_clean,312.2
AQUCOF_clean,404.7
AQUCOG_clean,867.7
AQUCUM_clean,884.3
AQUDAS_clean,407.4
AQUDAT_clean,344.4
AQUDEX_clean,354.1
AQUDIB_clean,856.4
AQUDOH_clean,348.0
ARADEE_clean,791.9
ARAFEF_clean,357.9
ARAFIJ_clean,368.6
ARAFOP_clean,807.6
ARAGOR_clean,859.9
ARINOF_clean,636.8
ARINUL_clean,551.2
AROFAP_clean,442.8
AROFET_clean,279.4
ARUYES_clean,651.5
ARUYUH01_clean,919.2
ARUYUH_clean,796.2
ASACON_clean,364.7
ASADAA_clean,317.2
ASAHEJ_clean,294.6
ASANAL_clean,480.8
ASECUY_clean,707.8
ASEJOZ01_clean,402.9
ASEJOZ_clean,226.9
ASEKAM_clean,687.6
ASINAT_clean,581.0
ASINEX_clean,2474.9
ASINIB_clean,2547.4
ASIQEA_clean,345.6
ASIQIE_clean,341.2
ASIVAB_clean,238.9
ASIVEF_clean,291.3
ASOHUL_clean,187.2
ASOSUY_clean,551.7
ASOVEL_clean,267.4
ASOYOY_clean,747.5
ASUBIB_clean,417.7
ASUKEE01_clean,1124.9
ASUKEE_clean,1143.9
ASUWUI_clean,383.2
ATAFIK_clean,513.6
ATAYAX_clean,576.9
ATAYEB_clean,569.2
ATEJOA_clean,1971.2
ATEYED_clean,219.0
ATEYOP_clean,970.8
ATEYUV_clean,1056.9
ATEZAC_clean,214.7
ATEZEG_clean,265.7
ATEZIK_clean,256.8
ATIBAG_clean,245.5
ATIBOU01_clean,248.9
ATIBOU02_clean,243.1
ATIBOU_clean,248.4
ATIBUA_clean,247.3
ATICAH_clean,245.4
ATICEL_clean,246.4
ATIJUJ_manual,285.9
ATIRUS_clean,464.9
ATIXAE_clean,199.4
ATIXUX_clean,1756.0
ATOGEV_clean,233.3
ATOWIQ_clean,567.0
ATOWOW_clean,282.3
ATULIM_clean,359.0
ATUXIY_clean,1572.0
ATUZEW_clean,699.2
AVAGIP_clean,270.5
AVAGOV_clean,277.5
AVAGUB_clean,545.6
AVAJUE_clean,2572.9
AVAKAL_clean,137.4
AVAKEP_clean,195.4
AVAQIX01_clean,754.2
AVAQIX_clean,840.1
AVEHAM_clean,1135.8
AVELOD_clean,1076.7
AVELUJ_clean,1111.6
AVEMAQ_clean,994.6
AVEQID_clean,485.9
AVESOL_clean,894.8
AVESUR_clean,550.3
AVETAY_clean,255.3
AVETEC_clean,298.5
AVEVEE_clean,309.5
AVIHIY_clean,206.9
AVIHOE_clean,189.8
AVILEY_clean,441.3
AVIMIC_clean,433.1
AVIMOI_clean,1440.0
AVIMUO_clean,513.5
AVIPAX_clean,373.2
AVIPOL_clean,549.1
AVITUU_clean,801.2
AVIVAC_clean,732.9
AVIVEG_clean,765.2
AVIVIK_clean,810.5
AVIVOQ_clean,811.8
AVIVUW_clean,795.5
AVUCEA_clean,394.9
AVUDAX_clean,762.7
AWAGEL_clean,561.3
AWAGOV_clean,1354.2
AWAHEM_clean,210.0
AWAKEQ_clean,325.0
AWAREV_clean,498.4
AWARIZ_clean,485.8
AWASAU_clean,199.7
AWASEY_clean,249.7
AWASOI_clean,415.1
AWAWUR_clean,888.6
AWEGEP_clean,367.7
AWEJIW_clean,490.4
AWEVIJ_clean,1450.8
AWEWOP_clean,1071.7
AWEZOS01_clean,1105.4
AWEZOS_clean,1134.8
AWIBAK_clean,1141.9
AWIBAL_clean,635.2
AWIBEO_clean,1134.4
AWIBIS_clean,1078.9
AWOFOI_clean,583.3
AWUPAL_clean,184.7
AWUPOZ_clean,191.3
AXAFAG_clean,374.7
AXIGAR_clean,250.4
AXIMUP_clean,449.2
AXINAX01_clean,148.3
AXINAX_clean,318.9
AXINEA_clean,741.3
AXINIF_clean,963.7
AXIPEE01_clean,176.7
AXIPEE02_clean,519.2
AXIPEE03_clean,189.0
AXIPEE_clean,173.1
AXUBAW_manual,196.9
AXUBOL_clean,544.8
AXUHAD_clean,1483.0
AXUHEH_clean,656.8
AYOQEM_clean,2552.6
AYOXUJ_clean,445.6
AYUJIP_clean,1402.3
AZAFIS_clean,247.8
AZAVOO_clean,505.5
AZAVUU_clean,381.4
AZAWAB_clean,1708.1
AZEBUE_clean,470.4
AZEWEH_clean,408.0
AZIVAI_clean,459.4
AZIXUD_clean,623.1
BABREE_clean,1428.5
BACGAQ_clean,658.9
BADXAI_clean,845.3
BADYAJ_clean,250.0
BAEDTA01_clean,804.8
BAFHAU_clean,107.4
BAKGIF_manual,335.9
BAKJEE_clean,335.2
BAKJII_clean,965.6
BAKJOO_clean,665.8
BAKYIY_clean,467.7
BAKYOE_clean,350.1
BAMKIM_clean,305.1
BAMKOS_clean,308.2
BANMAG_clean,230.7
BAPDAA_clean,627.5
BAQWIC_clean,335.2
BARZUR_clean,831.5
BASJUB_clean,1649.9
BAWROI_clean,218.0
BAWRUO_clean,191.3
BAXFIR01_clean,613.1
BAXFIR02_clean,635.4
BAXSIE_clean,300.5
BAZFUF01_clean,857.1
BAZFUF_clean,913.5
BAZGAM_clean,188.5
BAZGEQ_clean,402.7
BAZJET_clean,357.1
BAZJIX_clean,342.9
BEDYEQ_clean,213.9
BEFGEA_manual,1021.1
BEFLUV_clean,597.6
BEFMAC_clean,917.4
BEGDEY_clean,1710.9
BEJZAS_clean,283.3
BELJIL_clean,447.7
BELTOD_clean,2348.5
BELTUJ_clean,2495.1
BENXUP_clean,489.8
BENZOL_clean,297.4
BENZUR_clean,282.3
BEPBAB_clean,274.7
BEPLUF_clean,217.5
BEPMAM_clean,213.5
BEPMIU_clean,227.7
BEPNIV_clean,209.4
BEPNOB_clean,217.9
BEPNUH_clean,235.6
BEPPAP_clean,232.9
BEPPIX_clean,273.6
BEPPOD_clean,262.1
BEPREV01_clean,1942.3
BEPREV02_clean,1671.8
BEPREV03_clean,1868.7
BEPREV_clean,1897.2
BEPRIZ_clean,294.7
BEPROF_clean,505.5
BEPVEZ_clean,325.0
BEPVID_clean,335.2
BEPVOJ01_clean,349.7
BEPVOJ_clean,314.3
BEPWEA_clean,290.2
BERQIA_clean,2815.8
BETDAH_clean,332.2
BETDEL_clean,681.3
BETDIP_clean,723.2
BETDOV_clean,402.3
BETDUB_clean,319.7
BETFAJ_clean,340.4
BETFEN_clean,331.7
BETFOX_clean,383.9
BETFUD_clean,334.7
BETGAK_clean,334.4
BETGEO_clean,444.0
BETGIS_clean,389.9
BETGOY_clean,388.5
BETGUE_clean,251.0
BETHEP_clean,393.2
BETHIT_clean,260.3
BETZOR_clean,761.2
BEVWAB_clean,2211.1
BEWCUD_clean,169.2
BEWVEG_clean,353.0
BEWVOQ_clean,138.5
BEWWEH_clean,145.5
BEXPAX_clean,292.1
BEXQIF_clean,162.3
BEXQOL_clean,156.4
BEXQUR_clean,152.8
BEXRAY_clean,111.6
BEXREC_clean,113.8
BEXRIG_clean,113.7
BEXRUT_clean,349.7
BEXSAA_clean,352.8
BEXSEE_clean,335.9
BEXSII_clean,292.4
BEXTUV_clean,789.1
BEXVAD01_clean,501.3
BEXVAD_clean,610.3
BEXVEH_clean,391.5
BEXVIL_clean,188.5
BEYKEX_clean,547.3
BEYSEF_clean,326.3
BIBXIV_clean,553.7
BIBXOB_clean,229.8
BIBXUH_clean,188.8
BICPOT_clean,2967.5
BICPUA_clean,334.4
BIDPOV_clean,699.2
BIFGOO_clean,310.3
BIFKEI_clean,622.8
BIGZUO_clean,188.7
BIHBAX_clean,791.9
BIHBEB_clean,583.4
BIJDUV_clean,354.8
BIJFAD_clean,389.9
BIMDEF_clean,483.1
BIMDIL_clean,532.2
BINCUY_manual,818.1
BINDAF_manual,819.5
BINMIW_clean,1066.1
BINROH_clean,341.4
BINRUN_clean,367.0
BINSAU_clean,400.9
BIPBAF_clean,402.7
BIPLIX_clean,480.3
BIPSUQ_clean,272.9
BIQHEQ_clean,521.6
BIQVII_clean,324.1
BIRGIU_clean,377.6
BIRMUM_clean,395.0
BIRSEC_clean,932.1
BIRSIG_clean,995.9
BIWSEG_ion_b,66.0
BIWSIK_ion_b,1014.6
BIWSOQ_clean,490.4
BIWYAH10_clean,113.4
BIXXIR_clean,721.6
BIXYEO_clean,774.6
BIYSUZ_clean,163.3
BIYTAG_clean,184.3
BIYTOU_clean,299.6
BIYVEM_clean,179.3
BIYVIQ_clean,432.4
BIZLUT_clean,1568.6
BIZMAA_clean,1618.3
BIZMEE_clean,1626.2
BIZMII_clean,1633.0
BOCKOT_clean,313.0
BOHJOZ_auto,327.8
BOHWOM_clean,676.3
BOJCIN_clean,466.6
BOKQEZ_clean,365.6
BOLPAU_clean,525.2
BOLZIN_clean,408.0
BOMCOX_clean,1208.2
BOPHIZ_clean,448.4
BORBEQ_clean,338.6
BOSHIC_clean,1406.0
BOVHEB_clean,1978.7
BOWDIC_clean,936.5
BOWNUY_clean,273.2
BOWRAH_clean,1457.2
BOWSOW_clean,471.8
BOWZUK_clean,186.8
BOXFOK_clean,557.1
BOXYIY_clean,229.0
BOYCEY_auto,474.9
BOYTEQ_clean,377.8
BOYYOF_clean,554.3
BOZFIH_clean,1920.2
BOZFON_clean,851.2
BUBQOE_clean,464.1
BUBTUP_clean,438.6
BUCSAU_clean,1067.3
BUCSEY_clean,504.1
BUCSIC01_clean,1175.4
BUCVAY_clean,714.0
BUCWAZ_clean,293.8
BUGSAY_clean,445.9
BUGSEC_clean,448.6
BUGSIG_clean,447.4
BUGSOM_clean,450.1
BUKMUQ01_clean,148.2
BUKRUW01_clean,417.8
BUKRUW02_clean,350.4
BUKRUW03_clean,287.5
BUKYAJ_clean,555.2
BULBER_clean,563.7
BUNKUS_clean,274.2
BUNLAZ_clean,230.8
BUPDOH_clean,951.8
BUPVEP_clean,312.9
BUQWER_clean,912.6
BURJOO_clean,270.7
BURQIQ_clean,1585.7
BUSNAF_clean,351.9
BUSQEM_clean,536.9
BUSQIQ_clean,1261.0
BUSRUE_clean,621.2
BUVHEH_clean,325.3
BUVVIZ_clean,470.6
BUVVOF_clean,521.6
BUVWOF02_clean,418.2
BUVWOF03_clean,328.7
BUVXOG_clean,408.8
BUVYEX_clean,312.7
BUVYIB01_clean,360.8
BUVYIB_clean,367.1
BUWLUC_clean,325.8
BUWMAJ_clean,269.4
BUWMEN_clean,222.5
BUWMIR_clean,206.8
BUXNOZ_clean,886.0
BUXTOF_clean,2485.7
BUXTUL_clean,2070.7
BUXZAX_clean,213.8
CABJOH_clean,433.4
CACBUG_clean,273.4
CACNOM_clean,953.1
CADPII_clean,346.5
CADQAB_clean,274.4
CADQOP_clean,240.2
CADZIT_clean,593.6
CAGSAG_clean,600.8
CAGXIU_clean,518.9
CAJQEL_clean,247.9
CAJQIP_clean,161.4
CAJWIV_ion_b,525.0
CANRIU_clean,665.7
CANROA_clean,623.2
CANRUG_clean,1624.7
CANYIB_clean,774.8
CAPLOX_clean,361.6
CAQCAZ_clean,1017.9
CARGEI_clean,216.0
CASTEW_clean,1033.9
CASWIE_clean,423.5
CAVMIX_clean,1399.0
CAVMOD_clean,433.3
CAVNOE_clean,433.7
CAVPEW_manual,1346.7
CAVPIA_manual,1389.8
CAVPUM_manual,1456.7
CAVRAU_clean,904.1
CAVREY_clean,996.3
CAVSUP_clean,209.2
CAVVUS_clean,336.0
CAWDOU02_clean,388.8
CAWVIH_SL,695.3
CAXSUR_SL,308.7
CAXTAY_clean,252.0
CAXTEC_clean,406.2
CAXVII_clean,274.4
CAXVOO_clean,268.0
CAXVUU_clean,262.6
CAXWAB_clean,266.2
CAXWEF_clean,268.4
CAXWIJ_clean,272.4
CAXXEG_clean,978.9
CAXZOS_clean,4009.3
CAXZUY_clean,1573.6
CAYCAI_clean,306.1
CAYDEN_clean,286.8
CAYDIR_clean,291.5
CAYDUD_clean,280.7
CAYKEU_clean,578.6
CAYMIZ_clean,485.0
CAYQAV_clean,555.2
CAYQIE_clean,416.8
CAYQOK_clean,1450.0
CAYQUQ_clean,535.8
CAYSIE_clean,402.3
CAYSOK_clean,333.6
CAYYEG_clean,399.6
CAZGIT_clean,877.6
CAZNEY_clean,370.9
CEBDOD_clean,365.2
CECVAI_clean,816.3
CEDFIC_clean,543.2
CEDFOI_clean,2043.0
CEDFUO_clean,1199.6
CEGDUO_clean,350.1
CEGFAW_clean,418.2
CEGWER_clean,467.5
CEHLAD_clean,736.7
CEJBEA_clean,381.2
CEJCAW_clean,253.4
CEJZAU_clean,1040.5
CEKHIL_clean,169.9
CEKNIQ_clean,393.4
CEKROB_clean,304.5
CELZEA_clean,286.5
CEMKOV_clean,531.6
CEMYUQ_clean,327.6
CENJIQ_clean,247.3
CENKAJ_clean,246.8
CENPUI_clean,1319.3
CESFIQ_clean,924.8
CESFOW_clean,453.7
CETFOX_clean,241.8
CETFUD_clean,440.3
CETGOY_clean,570.4
CETHEQ_clean,206.3
CETJAN_clean_h,944.9
CETNUL_clean,953.3
CEXHET_clean,475.8
CEXHOD_clean,955.2
CEXJOF_clean,5017.8
CEYPUT01_clean,781.9
CEYPUT_clean,768.8
CEYYIQ_clean,301.4
CEZFIY_clean,1017.7
CIDKUX_clean,222.8
CIFDOM_clean,592.9
CIFDUS_clean,589.4
CIFJAE_clean,388.1
CIFLUA_clean,952.9
CIFMAH_clean,835.9
CIFMEL_clean,102.8
CIFMIP_clean,424.9
CIGDUT_clean,551.6
CIGFAB_clean,493.1
CIGFEF_clean,328.9
CIGXIA_manual,4091.5
CIJVOH01_clean,195.5
CIJVOH_clean,189.0
CIPCUB_clean,866.3
CIPLIX_clean,428.2
CIQQIE_clean,2016.6
CIRTUU_clean,543.4
CISLUN_clean,268.6
CISXEJ_clean,997.0
CITZIP_manual,309.3
CIVTEH_clean,644.4
CIWREG_clean,1409.3
CIWRIK_clean,1357.6
CIWROQ_clean,1421.6
CIWRUW_clean,1350.1
CIWSAD_clean,1370.8
CIWYUD_clean,315.0
CIWZEP_clean,828.5
CIWZIT_clean,843.1
CIXBUH_clean,1352.4
CIXCAO_clean,1430.6
CIYZUG_clean,370.5
CIZMIJ_clean,321.1
CIZPOS_clean,795.8
COBWEV_clean,246.6
COCMAJ_clean,1000.2
COCMOY_clean,341.5
COCMUE_clean,689.2
COCNAL_clean,404.9
COCNEP_clean,647.6
CODFEH_clean,232.6
CODMUF_clean,585.3
CODNAM_clean,547.0
CODROD_clean,684.3
CODRUJ_clean,695.9
CODSUL_clean,665.1
CODVAU_clean,4430.7
COGNAO_clean,3620.8
COJGEO_clean,572.2
COJHIT_clean,370.4
COJMIZ_clean,1421.4
COJMOF02_clean,771.1
COKFAK_clean,508.3
COKMEW_clean,1055.4
COKMIA_clean,872.7
COKMOG_clean,831.0
COKMUM_clean,539.8
COKNAT_clean,1109.9
COKPEZ_clean,1039.1
COKPID_clean,1038.9
COKPOJ_clean,907.5
COKPUP_clean,1128.2
COKQAW_clean,672.7
COKQEA_clean,893.5
COKQIE_clean,1067.7
COKQOK_clean,1083.2
COKROL_clean,1210.5
COKRUR_clean,4070.4
COMDOY_clean,707.9
COPXOV_clean,1176.9
COQGAS_clean,493.1
COQHUN_clean,761.3
COQJID_clean,1226.9
COQJOJ_clean,921.5
COQJUP_clean,982.7
COQLAX_clean,2146.4
COQNIF_clean,1171.1
COQTEJ_clean,272.9
CORZIU_clean,587.7
COSMII_clean,294.4
COTVOY_clean,360.8
COTVUE_clean,348.5
COTXEQ_clean,641.7
COTXIU_clean,658.0
COTXOA_clean,662.7
COTYIV_clean,751.5
COVPAG_clean,796.5
COWBEX_clean,451.1
COWDEZ_clean,2667.6
COWMAD_clean,240.2
COWMEH_clean,239.7
COWMIL_clean,243.0
COWMOR_clean,238.0
COWMUX_clean,238.6
COXDIE_clean,959.4
COXHED_clean,104.3
COXHIH_clean,101.9
COXHON_clean,104.5
COXXIX_clean,154.0
COYCEZ_clean,668.3
COYCID_clean,250.4
COZMUA_clean,250.4
CUBHOY_clean,443.2
CUCSAU_clean,327.3
CUCTAX_clean,281.9
CUFDUD_clean,818.8
CUFFAL_clean,745.1
CUFFEP_clean,844.5
CUFGIV_clean,630.5
CUFGOB_clean,273.3
CUFGUH_clean,268.9
CUFQUR_clean,300.2
CUGLIB_clean,209.2
CUGVUW_clean,399.4
CUGXAF_clean,1399.3
CUGYIO_clean,202.3
CUGYOU_clean,208.2
CUGYUA_clean,300.7
CUGZAH_clean,213.6
CUHLUO_clean,7198.0
CUIMDZ01_clean_h,400.8
CUKXIR_clean,394.7
CUKXOW_clean,231.8
CUKXUC_clean,228.1
CUKYAJ_clean,231.1
CUKZOY_clean,1030.7
CUMDEU_clean,220.2
CUMDIY_clean,404.1
CUMDOE_clean,281.2
CUMDUK_clean,291.2
CUMJEB_clean,553.6
CUMLUT_clean,671.4
CUMQOQ_clean,255.4
CUNFOH01_clean,219.4
CUNFOH_clean,204.9
CUNQOT_clean,206.8
CUNQUZ_clean,172.0
CUNWEO_clean,748.4
CUPHIG_clean,427.8
CUPHUS_clean,241.4
CUQKOQ_clean,382.5
CUQRIR_clean,583.0
CUQROX_clean,332.7
CUQRUD_clean,383.1
CUQSAK_clean,1429.5
CUQTAL_clean,287.3
CUQXUI_clean,333.7
CURBOH_clean,190.0
CURQEN_clean,847.3
CURYOE01_clean,1834.3
CURZAR_clean,685.1
CURZEV_clean,650.7
CUSXIY_clean,381.0
CUSXOE_clean,727.7
CUSYAR_clean,1436.8
CUSYIA_clean,547.5
CUSZEX_clean,464.0
CUSZIB_clean,268.5
CUTBEA_clean,201.1
CUTBIE_clean,193.3
CUTCAX_clean,657.4
CUTFII_clean,685.0
CUTGEF_clean,772.8
CUVGIK_clean,762.5
CUVGOQ_clean,653.1
CUVHEH_clean,180.8
CUVHIL01_clean,267.8
CUVHIL02_clean_h,277.6
CUVHIL_clean_h,276.9
CUVTUJ_clean,239.8
CUVVOG_clean,977.8
CUVXAT_clean,1014.8
CUWHUZ_clean,6974.3
CUWNIT_clean,498.2
CUWNOZ_clean,899.3
CUWTUL_clean,464.1
CUWVAT_clean,344.2
CUWVIB_clean,509.8
CUWWEY_clean,408.1
CUWXAV_clean,465.2
CUWXID_clean,150.2
CUWXOJ_clean,1185.0
CUWXUP_clean,1135.2
CUWYAW_clean,300.6
CUWZAX_clean,314.6
CUWZIF_clean,485.5
CUXFIL_clean,1339.6
CUXFUX_clean,2505.6
CUXJAI_clean,193.4
CUXJEM_clean,421.9
CUXLEO_clean,480.2
CUYWUP_clean,1193.4
CUYYAX_clean,1407.9
CUYYEB_clean,1531.8
DABFIX_clean,3800.2
DABMUR_clean,299.0
DACFAR_clean,1516.0
DACSEI_clean,1938.8
DACYUE_clean,337.5
DACZUF_clean,632.0
DADLEC_clean,449.9
DADLIG_clean,594.9
DADLOM_clean,300.7
DADNII_clean,250.0
DADNOO_clean,271.8
DADNUU_clean,261.5
DADPAC_clean,253.3
DADPEG_clean,278.3
DADXUE_clean,1615.4
DAFJOM_clean,419.1
DAFSOV_clean,350.7
DAFYAN_clean,249.5
DAFYOB_clean,139.3
DAGDIZ_clean,408.9
DAGDUL_clean,1130.8
DAGJED_clean,462.8
DAHNOQ_clean,163.6
DAHNUW_clean,251.6
DAHPAE_clean,250.6
DAKVIW_clean,325.1
DAKVOC_clean,1518.4
DAKVUI_clean,1367.5
DAKZUN_clean,314.0
DALSUH_clean,393.4
DALTAO_clean,388.7
DALVAQ_clean,218.7
DALVEU_clean,1887.0
DALVIY_clean,896.2
DAMDUT_clean,236.4
DAMYOI_clean,385.8
DAMYUO_clean,357.3
DAMZEZ_clean,568.8
DANFUW_clean,1583.0
DANZOJ_neutral,255.1
DAPBED_clean,3893.1
DAPBIH_neutral,268.3
DAPHOU_clean,530.0
DAPXID_ion_b,181.2
DAPYAW_clean,673.9
DARBUU_clean,141.5
DARSEV_SL,334.4
DATHAJ_clean,530.2
DATPIY_clean,221.0
DAWBIO_clean,752.7
DAWBOU_clean,790.2
DAWBUA_clean,874.9
DAWCAH_clean,918.8
DAWCIP_clean,858.7
DAWCOV_clean,507.1
DAWDAI_clean,768.2
DAWWAB_clean,519.0
DAWWEF_clean,595.2
DAXHIV01_clean,377.0
DAXHIV_clean,360.6
DAXHUH01_clean,372.7
DAXHUH_clean,361.4
DAZCAK_clean,879.5
DEBGIA_clean,332.9
DEBWAK_clean,422.0
DEFKUU_clean,370.2
DEFRIR_clean,312.0
DEGJIK_clean,444.3
DEJCIF_clean,322.2
DEJJIN_clean,221.0
DEJRUH_clean,351.1
DEKHEH_clean,805.9
DEKHUX_clean,376.1
DEKPUF_clean,693.8
DELGEI_manual,172.9
DEPSEW_clean,1136.3
DEPTOH_clean,946.5
DEPXAY_clean,554.0
DEPXIG_clean,654.4
DEPXOM_clean,401.0
DEQFOU_clean,362.2
DEQVIF_clean,724.1
DEWQUS_clean,904.6
DEWRIH_clean,449.8
DEYJIC_clean,447.7
DEYJOI_clean,458.7
DEYLOJ_clean,348.2
DEYLUQ_clean,380.6
DEYNIG_clean,199.3
DEZKAW_clean,184.9
DIBJEF_clean,2439.3
DIBJIJ_clean,1391.9
DIBPAH_clean,1232.4
DIBQEM_clean,1062.6
DIBQIQ_clean,973.3
DIBQOW_clean,883.9
DIBQUC_clean,834.5
DICKEH_clean,173.1
DICVAO_clean,1230.4
DICVES_clean,1230.7
DICVIW_clean,1257.5
DIDBAV_clean,1473.9
DIDBEZ_clean,1459.1
DIDDOK_clean,183.7
DIHVIB01_clean,3123.3
DIHVIB_clean,3000.0
DIKJUD_clean,609.0
DIMQIB_clean,1364.1
DINNIZ_clean,699.6
DIPMAS_clean,272.2
DIRPIF_clean,327.0
DITJIB_clean,224.2
DITJOH_clean,221.5
DITPED_clean,2655.7
DITTEH_clean,752.9
DITXOU_clean,316.8
DITYEM_clean,285.8
DITYOW_clean,807.9
DIVGIA_clean,1582.5
DIVPUU_clean,240.3
DIVSUY_clean,983.7
DIWMON_clean,870.7
DIWMUT_clean,1389.5
DIWNAA_clean,384.0
DIXKOL_clean,333.8
DIYKAZ_clean,530.6
DIYKED_clean,322.5
DIYTEM_clean,946.1
DIZVAK_clean,769.8
DOCKOW_clean,352.0
DODMIT_clean,674.9
DOFTID_clean,693.1
DOFTOJ_clean,757.8
DOGBAE_clean,890.8
DOGMET_clean,746.1
DOHNUL_clean,318.9
DOJXOR_clean,1239.7
DOKDEN_clean,499.4
DOKHIV_clean,418.9
DOLRAZ_clean,1158.3
DOLWEI_clean,2567.4
DOLXOR01_clean,90.6
DOLXOR02_clean,92.1
DOLXOR_clean,91.4
DOMCUE_clean,579.8
DOMDAL_clean,161.0
DOMFUI_clean,648.9
DOMGAP_clean,740.1
DOMKEX_clean,319.9
DONKIC_clean,544.4
DONKOI_clean,544.5
DONKUO_clean,490.4
DONNAW01_SL,503.1
DONNAW_clean,563.9
DONNEA_clean,428.5
DONNIE_clean,569.7
DONXUB_clean,1154.3
DOPHOH_clean,891.3
DOPHUN_clean,929.6
DOPJAV_clean,499.4
DORFAS_clean,613.4
DORFOG_clean,289.5
DORFUM_clean,864.3
DORYUG_clean,1860.0
DOTFOJ_clean,2842.6
DOTTEM_clean,574.3
DOTYES_clean,889.9
DOYBAV_clean,821.6
DOYBEA_clean,799.7
DOYBUQ01_clean,234.9
DOYBUQ_clean,211.0
DOYHOQ_clean,429.6
DOYHUW_clean,992.5
DOYLEI_clean,219.7
DOZCEC_clean,169.3
DOZKIO_clean,376.2
DUBBEI_clean,322.9
DUBJUH_clean,844.0
DUBKAO_clean,851.8
DUBWON_clean,782.6
DUDKEU_clean,502.7
DUDKIY_clean,628.2
DUDKOE_clean,358.4
DUDKUK_clean,157.3
DUFGOB_clean,267.2
DUFKAS_clean,388.6
DUGMOJ_clean,542.1
DUHXIP_clean,1818.7
DUJRAD_clean,451.3
DUKNEE_clean,1941.7
DUKNII_clean,1168.8
DUMXEQ01_clean,544.9
DUMXEQ_clean,551.2
DUMXIU_clean,417.2
DUNJON_clean,398.5
DUNXUH01_clean,972.3
DUNXUH02_clean,963.8
DUNXUH03_clean,909.0
DUNXUH04_clean,913.2
DUNXUH05_clean,908.1
DUNXUH06_clean,876.8
DUNXUH12_clean,905.6
DUNXUH13_clean,913.8
DUNXUH14_clean,933.7
DUNXUH15_clean,962.0
DUNXUH21_clean,963.4
DUNXUH_clean,941.3
DUNYOC_clean,653.0
DUPJAB_clean,1072.6
DUPKAC_clean,4207.6
DUPVER_clean,328.9
DUQRUD_clean,595.9
DUQSEO_clean,310.0
DUQYEU01_clean,241.0
DUQYEU_clean,254.8
DURDAX_clean,382.0
DURDIF_clean,163.1
DUSHEG_clean,8798.1
DUSHIK_clean,9035.7
DUTKAG_clean,676.3
DUWBEE_clean,456.7
DUWFOS_clean,308.6
DUWGEJ_clean,336.9
DUWROE_clean,699.2
DUWRUK_clean,365.0
DUWSAR_clean,310.2
DUXKUD_clean,383.6
DUXMAL_clean,990.2
DUYJIS_clean,1314.0
DUYRAR_clean,413.6
DUYREV_clean,391.5
DUYRIZ_clean,439.3
DUYROF_clean,423.9
DUYVEA_clean,255.6
DUZKAM_clean,323.9
DUZKEQ_clean,275.1
DUZPUL_clean,332.8
DUZWOM_clean,273.2
EBAMUS_clean,4505.5
EBATUY_clean,299.1
EBATUZ_clean,452.6
EBAVAH_auto,364.9
EBAVIP_clean,3647.8
EBAVOV_clean,3493.4
EBAVUB_clean,3603.7
EBELUU_clean,680.5
EBEMEE_clean,472.0
EBEMEF_clean,147.2
EBEMII_clean,580.9
EBEWIT_clean,207.8
EBEXAM_clean,198.1
EBEXEQ01_clean,218.3
EBEXEQ_clean,219.3
EBEXIU02_clean,644.9
EBIDOK_ion_b,1575.8
EBIHII_clean,389.0
EBIJAC_clean,411.5
EBIMEJ_clean,682.8
EBIPOX_clean,246.7
EBIZUN_clean,737.4
EBOBIJ_clean,1301.6
EBOCOQ_clean,519.4
EBOJOV_clean,322.1
EBOXEA_clean,337.3
EBUQIB_clean,1619.1
EBUREA_clean,300.5
ECAFOG_clean,440.9
ECAHAT_clean,592.1
ECAHEX_clean,358.3
ECAHOH_clean,344.4
ECASAD_clean,280.4
ECEDAU_clean,332.3
ECEDEY_clean,457.8
ECEZAO01_clean,305.1
ECEZAO_clean,384.3
ECIWIW_clean,878.8
ECIWOC_clean,2154.9
ECODEG_clean,868.3
ECODIK_clean,542.7
ECOGEI_clean,1180.5
ECOKAJ_clean,99.5
ECOLEP_clean,122.6
ECOLOX_clean,139.3
ECUDOX_clean,295.0
ECUGEQ_clean,212.9
EDADIX_clean,413.6
EDAFUM_clean,251.1
EDAGAT_clean,255.0
EDAGEX_clean,249.2
EDAPIK_clean_h,581.4
EDATOT_clean,169.6
EDAVOV_clean,409.7
EDECOG_clean,251.1
EDEPAG_clean,344.9
EDIKIL_clean,281.4
EDOMAM_clean,258.7
EDUSIF_clean,129.1
EDUSOL_clean,8931.8
EDUSUR_clean,1126.8
EDUTIG_clean,2212.7
EDUVAA_clean,726.0
EDUVEE_clean,3938.3
EDUVII_clean,216.6
EDUVOO_clean,251.4
EDUWAB_clean,155.8
EFAYEQ_clean_h,198.0
EFAYIU_clean,148.5
EFEGOM_clean,729.3
EFESEP_clean,3414.0
EFESOZ_clean,3477.2
EFIMOV_clean,624.3
EFOSUO_clean,131.8
EFOTAV_clean,114.9
EFOTEZ_clean,112.7
EFOTID_clean,118.9
EGABAR_clean,642.3
EGATAI_clean,115.6
EGATEM_clean,999.5
EGATIQ_clean,958.0
EGATOW_clean,493.5
EGEJIK_manual,166.1
EGEJOQ_clean,2234.6
EGEJUW_clean,1031.0
EGELUY01_manual,564.5
EGELUY_SL,555.2
EGIFUV_clean,1765.7
EGOXII_clean,809.6
EGOZAB_clean,861.1
EHAFEA_clean,294.1
EHAFIE_clean,270.8
EHAFOK_clean,269.7
EHAFUQ_clean,272.1
EHAGAX_clean,258.7
EHAGEB_clean,265.8
EHAGIF_clean,273.6
EHAGOL_clean,263.7
EHAGUR_clean,262.7
EHALOP_manual,561.9
EHEKUY_clean,847.5
EHIPOC_clean,306.4
EHODOV_SL,2459.1
EHUSUX_clean,1450.7
EHUTAE_clean,1947.1
EJATIS_clean,1779.2
EJAXIW_clean,408.7
EJESUJ_clean,309.0
EJETAQ_clean,268.9
EJIDUW02_clean,326.2
EJONOH_clean,319.3
EJOQOL_clean,1293.7
EJOQUR_clean,457.8
EJORAY_clean,366.5
EJOZOU_clean,604.3
EKADIF_clean,4262.9
EKEKIQ_clean,266.4
EKEKOW_clean,2573.3
EKEMEO_clean,2089.4
EKEQIV_clean,394.9
EKETOF_clean,1033.0
EKETUL_clean,989.4
EKEVAT_clean,1014.4
EKIDEH_clean,1126.4
EKIDIL_clean,931.1
EKOKIA_clean,311.6
EKOPEA_clean,458.4
EKOPIE_clean,534.3
EKOPOK_clean,713.3
EKOPUQ_clean,317.6
EKUPEG_clean,1181.2
ELECIJ_clean,2062.2
ELELEN_clean,491.2
ELEREU_clean,4217.0
ELERIY_clean,362.9
ELEROE_clean,754.5
ELIJOZ_clean,483.6
ELIJUF_clean,480.4
ELIKAM_clean,486.8
ELIKEQ_clean,498.7
ELIKIU_clean,453.6
ELIKOA_clean,456.6
ELIKUG_clean,792.8
ELILAN_clean,439.1
ELILER_clean,459.0
ELILIV_clean,458.6
ELOGUJ_clean,1041.3
ELOHOE_clean,1273.7
ELOZEK_clean,351.3
ELUJAY_clean,1395.6
ELUJEC_clean,1229.7
ELUZES_clean,160.2
EMAGAB_clean,326.5
EMAMOW_clean,413.3
EMAMUC_clean,397.5
EMAPAK_clean,270.7
EMIFOW_clean,635.9
EMIGOX_clean,944.5
EMIYUW_clean,233.4
EMIZAD_clean,195.3
EMOHIZ_clean,361.8
EMUBIZ_clean,228.2
EMUBOF_clean,465.8
ENAFAB_clean,508.9
ENAFOP_ion_b,487.6
ENANIS_clean,673.4
ENCDBZ01_clean,227.9
ENCDBZ_clean,180.4
ENCNBZ01_clean,245.4
ENEQUL_clean,1102.0
ENESOH_clean,778.9
ENESUN_clean,767.2
ENIHUG01_clean,1218.1
ENIHUG_clean,1272.9
ENISOK_clean,313.9
ENISUQ_clean,609.8
ENITAX_clean,294.5
ENITEB_clean,643.6
ENITIF_clean,1390.6
ENITOL_clean,864.9
ENIXUV_clean,1071.2
ENOSAD_clean,661.8
ENOVAG_clean,223.8
EPAGEJ_clean,490.7
EPECEJ_clean,1598.8
EPECOT_clean,1665.4
EPEWAY_clean,1008.2
EPEWEC_clean,998.9
EPEXUU_clean,1451.7
EPEYAB_clean,1577.6
EPISOM_clean,299.2
EPONAA_clean,109.9
EPONEE_clean,81.2
EPOPEG_clean,708.4
EPOTAF_clean,123.8
EPOXAJ_clean,204.3
EPUSUE_clean,346.8
EQAMUG_clean,927.5
EQERAU_clean,957.6
EQEREY_clean,445.7
EQERIC_clean,667.5
EQETAX_clean,503.6
EQOCOC01_clean,936.6
EQOXIT_clean,318.6
EQUBIC_clean,401.7
EQUBOI_clean,405.5
EQUBUO_clean,405.4
EQUNEL_clean,1968.7
EQUNIP_clean,1284.9
ERAHOV_clean,180.3
ERALEQ_clean,2324.4
ERALIU_clean,1693.1
ERALUG_clean,337.1
ERAMAN_clean,659.0
ERAMER_clean,370.3
ERAMUH_clean,2380.0
ERANES_clean,620.4
ERAQAR_clean,654.7
EREFEN01_SL,1769.1
EREGOY_clean,440.6
ERELIX_clean,616.3
ERIGER_clean,598.7
ERIRIG_auto,212.7
ERIWAF_clean,631.6
EROCIZ_clean,1184.9
ERUFUS_clean,209.5
ERULEK_clean,922.8
ERUNOW_clean,984.6
ERUNUC_clean,3343.8
ESANET_clean,761.7
ESARIB_clean,2717.5
ESAROH_clean,623.9
ESARUN_clean,774.7
ESASAU_clean,1685.6
ESASEY_clean,1492.5
ESEBOV_clean,138.2
ESEDIQ_clean,553.0
ESEHIV_clean,643.7
ESEQUO_clean,244.0
ESEVIH_clean,390.9
ESIDOB_clean,856.2
ESIFET_clean,630.4
ESIGES01_clean,1058.7
ESIGES02_clean,1243.5
ESIGES_clean,1283.3
ESURER01_clean,586.8
ESURER02_clean,596.2
ESURER03_clean,605.7
ESURER04_clean,621.7
ESURER_clean,612.7
ESUSAO01_clean,340.6
ESUSAO_clean,345.5
ESUSIW_clean,590.4
ESUSOC01_clean,354.1
ESUSOC02_clean,350.0
ESUSOC_clean,358.4
ESUTAP_clean,292.2
ESUTIX_clean,350.7
ESUVAR01_clean,356.6
ESUVAR_clean,361.8
ESUVOF_clean,615.4
ETAXUT_clean,954.8
ETECIR_clean,1199.5
ETECOX_clean,687.6
ETEJIX01_clean,228.4
ETEJIX_clean,239.5
ETEJOD01_clean,246.6
ETEJOD_clean,288.8
ETEJUJ_clean,262.8
ETEKAQ01_manual,222.7
ETEKAQ_clean,260.8
ETEKEU_clean,261.0
ETEPID_clean,7810.8
ETEQUQ_clean,270.6
ETESIG_clean,754.6
ETEXEI01_clean,394.9
ETEXEI_clean,395.3
ETIPII_clean,1453.2
ETIXAI_clean,1495.1
ETIXIQ_clean,509.8
ETIYEN_clean,2060.6
ETUWEW_clean,228.5
ETUWIA_clean,275.0
ETUXEW_clean,411.7
EVADEK_clean,3474.1
EVADIO_clean,4099.8
EVADIQ_clean,659.3
EVAKIV_clean,2198.5
EVEGIV_clean,1792.8
EVEGOB_clean,195.4
EVEGUH_clean,192.2
EVIMUT_clean,366.7
EVOTIT_SL,2083.3
EVUDAA_clean,1274.9
EVUPOC_clean,359.3
EVUQOC_clean,315.4
EVUQUI_clean,508.2
EVURAP_clean,507.7
EWASIG01_clean,331.8
EWASIG_clean,339.6
EWECOY_clean,216.9
EWESAC_clean,569.1
EWETUW_clean,1077.7
EWIPIL_clean,936.3
EWUCOP_clean,684.8
EWUGEK_clean,322.8
EWUKAK_clean,620.8
EWUKEO_clean,394.9
EWUKIS_clean,413.6
EWUSOF_clean,239.9
EWUSUL_clean,229.9
EWUTEW_clean,675.5
EXALAR_clean,317.6
EXALIZ_clean,399.4
EXAPEA_clean,202.1
EXAXAE01_clean,229.0
EXAXAE_clean,239.5
EXEMUR_clean,277.6
EXENAX_clean,438.2
EXEQAA_clean,797.0
EXEQII_SL,433.6
EXEWIO_clean,2144.6
EXEXAH_clean,228.4
EXIDOF_clean,271.1
EXOFIH_clean,1264.7
EXOTOB_clean,640.5
EXOTUH_SL,617.2
EXOZIB_clean,278.2
EXUHEM_clean,379.5
EXUHUC_clean,431.9
EYACOX_clean,362.1
EYINOR_clean,446.5
EYIYES_clean,377.2
EYOCIG_clean,378.8
EYOCOM_clean,388.3
EYULOA_clean,769.1
EYUWAW_clean_h,647.5
EZABEN_clean,355.4
EZEQEH_clean,596.0
EZEQIL_clean,646.8
EZEQOR_clean,670.3
EZEQUX_clean,706.9
EZESAF_clean,473.2
EZIMEG_clean,1313.5
EZIMIK_clean,1253.6
EZIPEK_clean,1735.3
EZITUE_clean,1746.3
EZIVAM_clean,632.8
EZOBUR01_clean,6191.5
EZOBUR02_clean,364.1
EZOBUR_clean,347.7
EZOFEF_clean,679.1
EZOFUV_clean,257.4
EZUCIM_clean,557.9
EZULAO_clean,240.1
FABCUI_clean,927.1
FABGUM_clean,270.0
FAFDEX_clean,445.2
FAFMAC_clean,281.5
FAFQEJ01_clean,226.2
FAGMAE_clean,1851.7
FAGMEI_clean,2331.3
FAGMOS_clean,2531.3
FAGQAI_clean,279.2
FAGREM_clean,312.3
FAGXIX_clean,2101.2
FAHGAY_clean,476.3
FAHPOV_clean,601.3
FAHQIQ_clean,3076.2
FAHQIR_clean,1678.2
FAJYAS_clean,663.3
FAJZOI_clean,1793.8
FAKHIK_clean,2038.5
FAKLIO_clean,241.8
FAKLOU_clean,243.4
FAKLUA_clean,271.9
FAKMAH_clean,461.9
FAKNIR_clean,178.7
FALBAX_manual,2842.6
FALDAA_clean,318.2
FALLOT_clean,123.8
FALPOY_clean,1111.7
FALRIV01_clean,1047.4
FALRIV_clean,1137.1
FALROB_clean,1019.2
FALSAO_clean,1076.5
FALVOF_clean,397.6
FAMPUH_clean,265.1
FAMQAO_clean,254.5
FAMQES_clean,263.0
FANCIJ_clean,407.2
FANCOP_clean,474.6
FANDEG_clean,486.3
FANQER_clean,217.3
FAPXEC_clean,290.9
FAPXIG_clean,281.7
FAPXOM_clean,291.3
FAQGEL_clean,581.9
FAQGIP_clean,540.3
FAQLUH_clean,290.0
FARBIL_clean,462.1
FARFIO_clean,192.6
FARFOU_clean,193.4
FARFUA_clean,199.1
FARHIR_ion_b,714.2
FARHOX_ion_b,1919.2
FASGIS_clean,714.4
FASHAK_clean,249.9
FASHOX_clean,223.2
FASVIH_clean,275.9
FATKAO_clean,393.8
FATKES_clean,390.4
FATKIV_clean,703.1
FATKIW_clean,405.0
FATKOC_clean,393.6
FATKUI_clean,381.7
FATLUJ_clean,537.8
FATQID_clean,171.5
FATVOM_clean,503.2
FAVDAK_clean,653.0
FAVDEO_clean,399.0
FAVDIS_clean,382.2
FAVFUG_clean,1637.5
FAVGAN_clean,689.9
FAVGER_clean,647.4
FAVGIV_clean,459.5
FAVGOB_clean,451.6
FAVGUH_clean,441.4
FAVHAO_clean,463.5
FAVHES_clean,443.2
FAVHIW_clean,477.7
FAVKAP_clean,135.9
FAWCEN02_SL,288.2
FAYLIC_clean,363.4
FAYPAY_clean,576.9
FAYPEC_clean,743.2
FAYPIG_clean,471.6
FAYPOM_clean,516.1
FAYQAZ_clean,580.7
FAYQED_clean,981.9
FAYQUT_clean,3048.9
FAZFET_clean,2554.8
FAZPED_clean,497.5
FAZZEM_clean,319.0
FEBPUY_clean,685.6
FEBXIV_clean,239.2
FECCIZ_clean,869.0
FECFAV_clean,446.8
FECJUT_clean,1292.7
FECKAA_clean,821.3
FECXAO_clean,727.8
FECXES_clean,1398.0
FECXUI_clean,708.6
FECYUJ_clean,618.7
FECZAQ_manual,323.0
FEDBEX_clean,249.8
FEFCUQ_clean,158.1
FEFDAX_clean,162.6
FEFDEB_manual,136.3
FEFZOF_clean,128.0
FEGNIQ_clean,950.4
FEHCIG_manual,503.2
FEJDII01_clean,435.6
FEJDII_clean,748.2
FENROG_clean,214.9
FEQSIF_clean,395.9
FERHAN_clean,258.4
FERVEF_clean,1140.7
FERVIJ_clean,326.0
FERVUV_clean,1206.7
FERWAC_clean,371.5
FESTUT_clean,826.2
FEVNOL_clean,10937.1
FEVSAC_clean,320.0
FEWGUL_clean,1323.6
FEWQIJ_manual,1746.6
FEWQOP_clean,630.4
FEWWEL_clean,3584.6
FEWWIP_clean,4465.3
FEWWOV_clean,927.1
FEWWUB_clean,4576.2
FEWXEM_clean,748.3
FEWXIQ_clean,727.6
FEXCES_clean,926.4
FEYDET_clean,511.0
FEYJID_clean,402.9
FEYJOJ_clean,318.4
FEYQIK_clean,258.9
FEYQUW_clean,486.0
FEYZUF_clean,982.4
FEZCIX_clean,266.0
FEZQEI_clean,483.2
FEZREJ_clean,505.9
FEZTIP_clean,230.5
FIBHIJ_clean,336.8
FIBKEI_clean,443.9
FIDMIP_clean,914.0
FIDRIV_clean,282.7
FIFGAE_clean,315.6
FIFGEI_clean,190.7
FIFGIM_clean,405.9
FIFMIS01_clean,1325.8
FIFMIS_clean,1305.2
FIFMOX_clean,921.6
FIFMOY_clean,1309.3
FIFMUD_clean,914.5
FIFNUE01_clean,219.6
FIFNUE_clean,226.6
FIFPAM01_clean,229.8
FIFPAM_clean,221.3
FIHFAF_clean,1006.4
FIHHOV_clean,218.2
FIHHUB_SL,780.8
FIHRIZ_clean,345.0
FIJCUX01_clean,377.2
FIJDIM01_clean,739.4
FIJDIM02_clean,744.5
FIJDIM03_clean,744.7
FIJDIM04_clean,740.5
FIJDIM05_clean,732.6
FIJDIM06_clean,741.7
FIJDIM07_clean,741.3
FIJDIM08_clean,742.8
FIJDIM09_clean,737.1
FIJDIM10_clean,684.6
FIJDIM11_clean,709.7
FIJDIM12_clean,743.7
FIJDIM_clean,728.8
FIJDOS_clean,282.9
FIJDUY_clean,185.8
FIJFEK_manual,223.1
FIJFIO_clean,508.5
FIJFOU_clean,420.6
FIJFUA_clean,462.9
FIJXUR_clean,448.3
FIJYED_clean,2169.2
FIJZEE_clean,1999.8
FILYEG_clean,352.5
FIMNIA_clean,411.2
FIMXUW_clean,344.5
FIMZAE_clean,2964.8
FINQOK_clean,411.3
FINQUQ_clean,405.2
FIPJAR_clean,275.1
FIPJEV_clean,1176.4
FIPKOG01_clean,306.1
FIPKOG_clean,297.8
FIPKUM_clean,290.8
FIPWOS_clean,718.8
FIPXAF_clean,1311.7
FIPXEJ_clean,468.6
FIQKIB_clean,931.9
FIQYOU_clean,307.6
FIQYUA_clean,252.8
FIQZAH_clean,315.4
FIRMUQ_clean,434.7
FIRNAX01_clean,394.4
FIRNAX_clean,390.6
FIRNIF_clean,398.4
FIRNOL_clean,552.4
FIRNUR_clean,481.0
FIRPAZ_clean,382.6
FIRZOX_clean,380.5
FISGOF_clean,192.8
FISXEM_clean,1193.8
FITGEW_clean,724.6
FITHIA_clean,1011.6
FIVNAZ_clean,140.8
FIVQOR_clean,1908.7
FIVYEP01_clean,227.5
FIVYEP_clean,229.3
FIVYUF_clean,817.5
FIWKUT_clean,1130.2
FIXVUE_clean,334.4
FIYDOH_clean,304.0
FIZPOV_clean,682.8
FOBNAN_clean,413.8
FOCZAA_clean,413.1
FOCZEE_clean,437.9
FOFCIO_clean,397.7
FOFCOU_clean,410.9
FOFHAK_clean,1460.0
FOFHEO_clean,1087.5
FOFTIF_clean,381.5
FOFTOL_clean,437.9
FOFTUR_clean,367.9
FOHCIP_clean,130.0
FOHQUO_clean,203.7
FOJKIA_clean,679.4
FOJLOH_clean,442.2
FOKWIN_clean,244.3
FOKYEL_clean,1218.5
FOKYIP_clean,2101.4
FOLLEZ_clean,849.7
FOMWOV_clean,873.4
FONKEA_clean,331.7
FONPUV_clean,1340.6
FONQIJ_clean,381.4
FOPBAP_clean,340.9
FOPFAS_clean,8076.2
FOPTOU_clean,765.5
FOQNIK_clean,362.9
FOQNOQ01_clean,304.2
FOQNOQ02_clean,311.6
FOQNOQ_clean,252.6
FOQNUW01_clean,295.3
FOQNUW02_clean,291.6
FOQNUW_clean,292.2
FOQPAE01_clean,359.9
FOQPAE02_clean,359.0
FOQPAE_clean,231.7
FORKUU_clean,234.9
FORPIM_clean,158.1
FORPOS_clean,153.4
FORPUY_clean,176.3
FORQAF_clean,164.8
FORQEJ_clean,154.5
FORQIN_clean,152.5
FORTIR_clean,1553.5
FORTUD_clean,771.2
FORWAL_clean,343.3
FORXAM_clean,7126.1
FOSTOY_clean,3840.9
FOSTUE_clean,2493.8
FOTNIN_clean,121.9
FOVPEN_clean,496.2
FOVPOX_clean,493.2
FOVPUD_clean,477.7
FOWTOC_clean,563.5
FOXHUX_clean,543.1
FOXNIQ_clean,314.3
FUBDAI_clean,1373.3
FUBDEM_clean,429.3
FUBDIQ_clean,1370.7
FUBNOH_clean,506.7
FUDGES_clean,306.1
FUDHAP_clean,239.3
FUDHET_clean,628.8
FUHJOJ_clean,970.7
FUHMOM_clean,835.0
FUHNED_clean,806.0
FUHNIH_clean,599.7
FULQOT_clean,533.2
FULQUZ_clean,442.5
FUMHOL_clean,172.7
FUMJAA_clean,516.5
FUNBAS_clean,326.8
FUNCAT_clean,282.5
FUNCEX_clean,146.1
FUNFOL_clean,214.7
FUNGAY_clean,516.0
FUNLAD_clean,1190.3
FUQJUX_clean,711.4
FURFIJ01_clean,275.0
FURFIJ_clean,271.3
FURFOP_clean,580.8
FURQOZ01_ion_b,357.4
FURQUF_ion_b,350.5
FURRAM_clean,221.7
FURREQ_clean,222.8
FURRIU_clean,224.3
FURROA_clean,227.3
FURRUG01_ion_b,369.9
FURRUG_ion_b,385.4
FURSES_clean,381.9
FUSGOR_clean,374.9
FUSMEM_clean,223.4
FUSMIQ_clean,224.5
FUSMOW_clean,223.0
FUSMUC_clean,225.6
FUSNAJ_clean,225.2
FUSNEN_clean,224.2
FUSNIR_clean,222.9
FUSQUH_clean,1104.8
FUTCAZ_clean,115.3
FUTDII_clean,275.7
FUTKEL_manual,373.2
FUTTIZ_clean,1645.7
FUTYEA_clean,311.0
FUTYOK_clean,254.4
FUTYUQ_clean,1695.2
FUTZAX_clean,221.8
FUTZEB_clean,546.7
FUTZIF_clean,767.4
FUTZOK_clean,228.5
FUTZOL_clean,1457.2
FUVBAB_clean,303.1
FUVBOP_clean,602.6
FUVDEH01_clean,2046.3
FUVDEH02_clean,1912.8
FUVDEH03_clean,1989.8
FUVDEH04_clean,1818.9
FUVDEH05_clean,2397.4
FUVDEH06_clean,837.1
FUVDEH07_clean,859.0
FUVDEH08_clean,858.7
FUVDEH09_clean,2101.9
FUVDEH10_clean,2003.4
FUVDEH11_clean,1974.5
FUVDEH13_clean,2051.6
FUVDEH_clean,2174.3
FUVFUZ_clean,813.2
FUVGAG01_clean,881.1
FUVGAG02_clean,855.3
FUVGAG_clean,821.0
FUWFIO_clean,431.0
FUWFUA_clean,858.1
FUWQIZ_clean,560.6
FUWXOL_SL,861.9
FUWYAY_clean,324.6
FUXCOS_clean,391.5
FUXXIH_clean,678.3
FUYCAE_clean,327.7
FUYCEJ_clean,675.6
FUYCIN_clean,141.0
FUYKER_clean,734.5
FUZPUN_clean,1264.5
GABYUG_clean,1980.9
GACBIY_clean,1200.7
GACBOE_clean,712.0
GACPUX_clean,219.1
GACQAE_clean,300.0
GACVIS_clean,205.6
GACYER_clean,939.3
GADDOH_clean,269.3
GADFAV_clean,715.7
GADMAA01_clean,224.7
GADMAA_clean,236.9
GADNUX_clean,1729.6
GADRAH_clean,447.8
GAFGEC_clean,818.1
GAFROX_clean,560.2
GAFRUD_clean,503.9
GAGQAI_clean,320.6
GAGSUF_clean,176.6
GAGZEV_clean,230.4
GAHSEQ_clean,434.9
GAHWIX_clean,686.8
GAHXUL_clean,283.2
GAJYUN_clean,356.8
GAJZAU_clean,365.6
GAJZEY_clean,460.9
GAJZIC_clean,469.4
GAJZOI_clean,474.9
GAJZUO_clean,508.9
GAKBAX_clean,477.9
GALCAZ_clean,515.2
GALFAB_clean,1001.6
GALHOS_ion_b,391.2
GALJAG_clean,523.1
GAMFEI_clean,397.8
GAMXAV_clean,475.1
GANBAZ01_clean,1898.1
GANBAZ02_clean,529.2
GANBAZ_clean,1852.7
GANBED02_clean,893.8
GANBED_clean,1011.3
GANBIH_clean,595.9
GAPNOD_clean,209.0
GAQYIH_clean,226.4
GARLAP_clean,602.6
GARLET_clean,657.8
GARLIX_clean,658.1
GARLOD_clean,641.0
GARLUJ_clean,648.7
GARMAQ_clean,664.2
GARQAU_clean,991.2
GARSUQ_clean,706.5
GARTAX_clean,822.6
GARTEB_clean,654.4
GARTIF_clean,767.0
GARTUR_clean,924.0
GASSEB_clean,366.3
GASSUR_clean,289.3
GASTIG_clean,767.1
GATQIE_clean,764.2
GATQOK_clean,2030.5
GAVYAG_clean,843.5
GAWCUF_clean,655.8
GAWLIB_clean,433.1
GAWMOJ_clean,189.0
GAXDIS10_clean,130.7
GAXKOH_clean,347.7
GAXQIH_clean,268.3
GAYFUJ_clean,569.9
GAYGAQ_clean_h,446.4
GAYPED_clean,230.5
GAYTEH_ion_b,2120.9
GAZLAW_clean,312.5
GEBCAT_clean,359.5
GEBPEK_clean,167.4
GEBSAJ_clean,5007.7
GEDDAW_clean,216.5
GEDDEA_clean,475.0
GEDPAH_clean,310.6
GEDQIR_clean,604.1
GEDQOX_clean,329.4
GEDRAK_clean,743.6
GEDROY_clean,543.3
GEDRUE_clean,355.6
GEDSAL_clean,764.4
GEDSEP_clean,1187.5
GEDSOZ_clean,354.6
GEDSUF_clean,486.9
GEDTAM_clean,334.9
GEFYUN_clean,415.8
GEFZAU_clean,407.0
GEGDED_clean,1407.8
GEGGEG01_clean,1466.9
GEGGIK01_clean,1512.9
GEGGIK_clean,1438.6
GEGGUW_clean,1475.7
GEGHAD_clean,1467.7
GEJJEL01_clean,269.5
GEKVEZ_clean,201.6
GEPDEM_clean,250.9
GERNOI_clean,857.4
GERPUP_clean,231.2
GERWEH_clean,454.8
GESDUF_clean,339.0
GESFAN_clean,343.1
GESNIC_clean,432.0
GESNOI_clean,387.3
GEVXIQ_clean,209.2
GEWXAJ_clean,319.7
GEZRAG_clean,4644.3
GEZYOB_clean,1090.7
GEZYUH_clean,1059.9
GIDKOU_clean,477.9
GIFKEL_clean,289.7
GIJXAA_clean,873.8
GIKQIC_clean,206.5
GIMSIG_clean,343.0
GINLIA_clean,460.6
GINNUO_clean,496.5
GIQXEK_clean,170.7
GIQXIO_clean,178.1
GIQXOU_clean,186.0
GIQXUA_clean,181.7
GIQYAH_clean,186.7
GIQYEL_clean,169.0
GIQYIP_clean,181.4
GIQYOV_clean,190.4
GIQYUB_clean,181.3
GIRDUI_clean,265.0
GIRXUC_clean,87.6
GIRYAJ_clean,484.8
GIRYEN_clean,771.4
GIRYUD_clean,769.9
GIRZAK_clean,847.7
GISMAY_clean,3850.8
GISNED_clean,3258.8
GISZUD_clean,103.3
GISZUF_clean,654.1
GITPIK_clean,312.2
GITSUY_clean,1912.9
GITTUZ_clean,1604.1
GITVAH01_clean,5358.5
GITVAH_clean,5086.7
GITVEL01_clean,811.8
GITVEL_clean,806.8
GITWIQ_clean,486.7
GIVHIC_clean,1279.5
GIVNIK_clean,530.3
GIVNOQ_clean,561.0
GIWCAR_ion_b,349.7
GIWCIZ_ion_b,594.0
GIWCOF_ion_b,409.0
GIXGOK_clean,1224.2
GIXNAE_clean,167.2
GIYSEN_clean,387.6
GIYSIR_clean,380.8
GIYSOX_clean,382.2
GIYSUD_clean,421.2
GIYTAK_clean,434.1
GIYTIS_SL,461.3
GIZXET_clean,1548.0
GOBGAG_clean,1199.7
GOBSUM_clean,271.8
GOBTAT_clean,1184.5
GOGSIF_clean,276.8
GOGWAB_clean,646.5
GOGWEF_clean,528.9
GOJDOZ_clean,279.8
GOKBUE_clean,240.4
GOMFOF_clean,391.8
GOMREG_clean,877.0
GONMUT_clean,9432.1
GONNAA_clean,239.3
GONSUZ_clean,290.8
GOPLUS_clean,294.2
GOPTIQ_clean,657.0
GOQSIQ_clean,514.6
GOQWOY_clean,283.4
GOQXAN_clean,317.0
GORJEE_clean,3838.1
GORQAF_clean,78.4
GOSBOH_clean,239.3
GOSDID_clean,1012.3
GOSKEG_clean,355.0
GOTDIE_clean,1233.7
GOTNEK_clean,428.6
GOVHOQ_clean,771.1
GOVWOF_clean,315.2
GOVXIA_clean,1276.3
GOZNAM_clean,314.5
GOZNEQ_clean,184.9
GUANZS_clean,105.7
GUBBAG_clean,177.5
GUBKUL_clean,636.5
GUBVUU_clean,284.5
GUBZAF_clean,338.1
GUCHUJ_clean,349.8
GUCJAQ_clean,764.8
GUDJOG_clean,397.1
GUFBOA_clean,761.4
GUFBUG_clean,958.0
GUFREF_clean,896.3
GUFXEM_clean,461.9
GUGNON_clean,799.8
GUHMIH_clean,223.3
GUHNUU_clean,361.4
GUHPAC_clean,359.8
GUHPEG_clean,1012.7
GUJREK01_clean,287.7
GUJREK_clean,278.6
GUKCIA_clean,1471.3
GUKFEY_clean,325.7
GUKYUI_clean,283.6
GUKZAO_clean,339.8
GULBAR_clean,836.2
GULCAS_clean,1342.1
GULPIN_clean,1008.6
GULVUF_clean,532.5
GULWAM_clean,444.9
GULWEQ_clean,1961.7
GULWIU_clean,422.8
GULWOA_clean,223.3
GUMDEZ_clean,1397.0
GUNFAW01_neutral,98.6
GUNZIA_clean,2241.3
GUPBEZ02_clean,667.1
GUPBOJ03_clean,493.6
GUPBUP_SL,223.6
GUPCAW_clean,352.0
GUPCEA_clean,1447.2
GUPDEB_clean,864.9
GUPREQ_clean,1059.9
GUQWOG_clean,265.4
GURPIT_clean,168.9
GURPOZ_clean,4093.4
GURPUF_clean,146.2
GUSJOU_clean,322.5
GUSMAJ_clean,3039.6
GUTYIE_clean,346.7
GUVBOQ_clean,6036.1
GUVCOP_clean,512.2
GUVKUE_clean,1394.8
GUVLAL_clean,1411.2
GUVZII_clean,992.9
GUWDUY_clean,764.6
GUXJUF_clean,489.7
GUXPOF_clean,328.6
GUXSEY_clean,2274.2
GUXSIC_clean,2251.7
GUXZIJ_clean,283.5
GUXZUV_clean,577.7
GUYBAE_clean,458.1
GUZVOO_clean,511.9
HABCEV_clean,615.8
HABCIZ_clean,460.1
HABCOF_clean,445.4
HABDAS_clean,451.6
HABQUY_clean,230.8
HABRAF_manual,208.2
HABREJ_clean,1620.6
HABRUZ_clean,511.3
HACDOH_clean,2454.7
HACDUN_clean,3196.4
HACRAH_clean,2451.2
HACREL_clean,2936.4
HADLOQ01_clean,205.6
HADPOU_clean,243.1
HADQUA_clean,3946.6
HADXIW_clean,179.7
HAFGUQ_clean,614.6
HAFTOZ_clean,136.3
HAFVOB_clean,1401.5
HAFVUH_SL,350.5
HAFWIW_clean,220.7
HAHCUR_clean,847.5
HAHPOW_clean,437.6
HAJDII_clean,608.4
HAJLEK_clean,374.1
HAJLIO_clean,377.6
HAJLOU_clean,378.1
HAJLUA_clean,377.0
HAJMEL_clean,368.7
HAJMIQ_clean,3228.5
HAJPEQ_clean,685.2
HAJRES_clean,3608.4
HAJYEZ_clean,545.8
HAKCAZ_clean,532.0
HAKSAQ_clean,1105.3
HAKSEU_clean,1072.2
HAKSIY_clean,844.8
HAKVOH_clean,389.3
HAKVUN_clean,639.5
HAKWAU_clean,369.0
HALQUJ_clean,550.7
HALVAU_clean,238.4
HAMJOW_clean,1373.1
HAMJUC_clean,3086.5
HAMLIT_clean,1110.3
HAMREU_clean,424.9
HAMRIY_clean,435.8
HANKIS_clean,14173.4
HANKOY_clean,14572.1
HANKUE_clean,13460.0
HANWAW_clean,2200.4
HAPBAE_clean,1609.8
HAPBEI_clean,1608.5
HAPBIM_clean,4306.5
HAPGIR_clean,172.3
HAPHUD_clean,285.4
HAPNEU_clean,1626.3
HAPNOE_clean,826.3
HAPNUK_clean,814.5
HAPPAS_clean,849.2
HAPVEB_clean,324.4
HAQJIV_clean,345.5
HAQKES_clean,3327.1
HAQRID_clean,624.9
HASMIZ_clean,251.0
HASNIB_clean,173.6
HASNOH_clean,201.1
HASNUN_clean,173.9
HASTAY_clean,1748.9
HATZOS02_clean,166.1
HATZOS_clean,159.5
HAVVUX_clean,362.2
HAVZIP_clean,157.4
HAWGIY_clean,677.8
HAWREE_clean,722.8
HAWVAE_clean,551.2
HAWVEI_clean,540.2
HAWVIM_clean,551.5
HAWVOS_clean,576.4
HAWVUY_clean,560.0
HAWWAF_clean,574.7
HAWWEK_clean,234.9
HAWWIN_clean,471.0
HAWWOT_clean,446.1
HAWWUZ_clean,454.7
HAWZEM_clean,1144.1
HAXMUP_clean,245.7
HAXNOJ_clean,154.8
HAYLIE_clean,493.6
HAZSIL_clean,524.0
HAZWIP_clean,314.1
HEBJAB_clean,297.5
HEBKEG_clean,300.0
HEBNIN_clean,220.4
HEBNOT_clean,213.0
HEDBEZ_clean,284.3
HEDBID_clean,286.6
HEDBOJ_clean,211.4
HEDBUP_clean,209.4
HEDCAW_clean,603.2
HEDCIE_clean,369.2
HEFDED_clean,1637.9
HEFDON_clean,466.0
HEFFEF_clean,374.2
HEFVAR_clean,296.8
HEGCEB_clean,225.8
HEGJUZ_clean,934.8
HEGNAJ_clean,1568.0
HEGNEN_clean,1652.0
HEGNIR_clean,1636.4
HEGNOX_clean,1805.3
HEGNUD_clean,1704.6
HEGPAL_clean,1728.7
HEKTAU_clean,472.6
HELDEJ_SL,599.4
HELDOT_clean,874.8
HEMTEZ_clean,884.4
HETZOW_clean,257.8
HEWFUL_ion_b,323.7
HEXVEM_clean,106.2
HEZPIL01_clean,287.0
HGCNCO_clean,127.5
HIBGEF_clean,264.4
HIBGIJ_clean,246.3
HICGEG_clean,1054.7
HICVOG_clean,1609.0
HICVUM_clean,1312.8
HICZAW_clean,419.9
HICZEA_clean,468.6
HICZIE_clean,418.1
HIDCUU_clean,388.3
HIDDAB_clean,504.2
HIFGEK_clean,334.1
HIFGIO_SL,250.5
HIFTOG01_clean,125.1
HIFTOG02_clean,415.9
HIFTOG_clean,422.6
HIFTUM_clean,448.4
HIFVOI_clean,328.7
HIFWAV_clean,1112.3
HIGRIA_clean,170.2
HIHFOV_clean,549.5
HIHFUB_clean,1102.1
HIHGAI_clean,661.3
HIHGEM_manual,441.0
HIHGIQ_clean,936.1
HIHGUC_clean,410.5
HIJSOK_clean,486.9
HILJUJ_clean,449.7
HIMSAY_clean,575.2
HIQKID_clean,562.8
HIQNAY_clean,737.0
HIQWOV_clean,1080.4
HISGAT_clean,1381.4
HISGIB_clean,405.3
HISJIE_clean,476.1
HISSIN_clean,2002.0
HIWKEE_clean,242.5
HIWKII_clean,193.6
HIWLIK_clean,380.6
HIWLOQ_clean,468.8
HIWLUW_clean,854.1
HIWMAD_clean,741.4
HIYBUN_clean,463.5
HIYGIH_clean,269.7
HIYYEU_clean,401.6
HIZQEN01_clean,275.2
HIZQEN_clean,310.3
HIZQUD_clean,784.1
HIZSEQ_clean,287.9
HIZTUG_clean,586.2
HOBGAH_clean,411.4
HOBGEL_clean,502.7
HOBGIP_clean,992.9
HOBGOV_clean,1030.2
HOCDOU_clean,155.6
HOFJIX_clean,964.1
HOFSOL_clean,188.2
HOFSUS_clean,389.9
HOGJET_clean,383.5
HOGJIX_clean,346.5
HOGJOD_clean,1952.1
HOGJUK_clean,240.6
HOGLEV01_clean,389.1
HOGLEV_clean,487.3
HOGSIG_clean,480.0
HOGTOM_clean,240.5
HOHMEX_manual,561.6
HOJJUN_clean,851.7
HOJLID_clean,449.6
HOJLUP_clean,1075.4
HOKGUJ_clean,174.2
HOKLIE_clean,2942.3
HOLQIK_clean,3487.9
HOMRIL_clean,305.2
HOMXIR_manual,189.4
HOMZEP_clean,763.7
HONXAL_clean,2797.7
HOQMIL01_clean,614.2
HOQMIL02_clean,632.0
HOQMIL03_clean,626.8
HOQMIL04_clean,746.2
HOQMIL_clean,630.5
HOQMUX_clean,531.6
HOQNEI_clean,602.4
HOQNOS_clean,668.6
HOVGEG_clean,786.5
HOVGIK_clean,1075.9
HOVQAM_clean,649.5
HOWJEK_clean,227.0
HOWPEQ_clean,293.3
HOWPOZ_clean,844.2
HOWPUF_clean,646.4
HOWQAM_clean,1304.4
HOWQEQ_clean,729.0
HOWSAP_clean,795.5
HOWSET_clean,3395.3
HOWSIX_clean,3365.5
HOXGEH_clean,402.4
HOXKIP_clean,479.1
HOXKUB_clean,603.3
HOXSUK_clean,905.0
HOYREU_clean,166.9
HOYRIY_clean,186.9
HOYROE_clean,305.0
HOYTUL_clean,359.5
HOZBUV_clean,263.9
HOZFEJ_clean,276.4
HOZFIN_clean,272.4
HOZTOG_clean,1316.6
HOZXEB_clean,733.8
HUBQEC_clean,537.8
HUCBEN_manual,430.0
HUCSEF_clean,1786.0
HUCWOT_clean,535.1
HUCWUZ_clean,538.2
HUCXAG_clean,558.6
HUCXEK_clean,542.5
HUCXIO_clean,540.5
HUCXOU_clean,548.7
HUCXUA_clean,559.7
HUDMAW_clean,373.1
HUDWUA_clean,788.9
HUFHEX_clean,232.9
HUFHIB_clean,359.8
HUFHOH_clean,234.6
HUFHUN_clean,217.9
HUFJAV_clean,227.7
HUFJEZ_clean,352.2
HUFKUQ_clean,456.6
HUFLUR_clean,124.6
HUFMUS_clean,128.9
HUFYIS_clean,435.4
HUGTOT_clean,1481.7
HUHBET_clean,1019.6
HUHBUJ_clean,3130.9
HUHNIJ_clean,2382.5
HUJGEA_clean,263.6
HUJVOX_clean,281.1
HULCOI_clean,475.8
HULRIR_clean,1158.4
HULTEN_clean,938.9
HULTEP_clean,1507.3
HUMWIX_clean,1428.3
HUNCIE_clean,271.3
HUPQIU_clean,1233.5
HUQGOR_clean,530.2
HUQGUX_clean,487.7
HUQHAE_clean,547.5
HUQHEI_clean,484.9
HUQHIM_clean,636.5
HUQHOS_clean,507.0
HUQHUY_clean,1088.6
HURFEH_clean,914.7
HURFIL_clean,1473.7
HURFOR_clean,1113.5
HURFUX_clean,1018.7
HURGAE_clean,1575.1
HURGEH_clean,304.0
HURGUX01_clean,672.3
HURGUX_clean,692.3
HUVHOX_clean,696.1
HUVNAP_clean,1935.9
HUWDEJ_clean,376.1
HUWHOY_clean,358.9
HUWLUI_clean,394.2
HUWPIA_clean,705.7
HUWSUN_clean,797.7
HUXHUF_clean,633.6
HUXWAY_clean,231.7
HUYFAJ_clean,826.1
HUYJOA_clean,258.6
HUYJUG_clean,787.8
HUYKAN_clean,818.1
HUYKER_clean,505.1
HUYKIV_clean,145.3
HUYKOB_clean,393.4
HUYKUH_clean,806.6
HUZFEO_clean,1383.2
HUZSOL_clean,855.9
HUZSUR_clean,262.8
HUZXAD_clean,1020.3
HUZXEH_clean,1115.1
HUZXIL_clean,1271.4
HUZXOR_clean,1262.5
HUZXUX_clean,1527.2
HUZYAE_clean,1681.0
HUZYEI_clean,1425.6
HUZYIM_clean,2480.5
IBABOF01_clean,883.1
IBABOF_clean,847.0
IBABUL_clean,869.6
IBACAS_clean,948.7
IBAPOS_clean,217.6
IBAQAF_clean,227.6
IBAQEJ_clean,224.6
IBARUA_clean,422.1
IBASAH_clean,412.8
IBASEL_clean,415.5
IBASOV_clean,420.4
IBASUB_clean,415.9
IBATEM_clean,417.5
IBEYOE_clean,274.8
IBICAZ_clean,266.1
IBICED_clean,269.7
IBICIH_clean,276.4
IBICON_clean,275.2
IBIRES_clean,888.5
IBITUK_clean,602.3
IBIYOI_ion_b,1101.3
IBIYUO_clean,1210.3
IBOTEY_clean,3940.9
IBOTIC_clean,930.6
IBOTOI_clean,232.3
IBOZIK_clean,284.5
IBUBAL_clean,339.1
IBUBIT_clean,226.6
IBUDOZ_clean,268.6
IBURAZ_clean,1105.7
IBUYAH_clean,546.0
ICAGOK_clean,414.3
ICAQIO_clean,1485.7
ICAQOU_clean,1431.6
ICAREL_clean,613.1
ICAROV_clean,1438.5
ICAWUF_clean,1207.7
ICEGED_clean,262.8
ICIKAH_clean,2475.3
ICISAP_clean,260.4
ICITIY_clean,908.0
ICIVAS_clean,399.8
ICIVEW_clean,354.4
ICODIP01_clean,498.6
ICODIP_clean,510.6
ICORAV_ion_b,232.6
ICOWON_clean,251.8
IDEYOF_clean,159.2
IDIWIB_clean,326.9
IDIWUN_clean,551.6
IDIXAU_clean,495.5
IDORAW_clean,226.1
IDUDIW_clean,780.8
IDUTUW_clean,160.1
IDUYOX_clean,460.8
IFAGON_clean,1411.0
IFAHEC_clean,2108.4
IFASOZ_clean,527.5
IFEHUY_clean,191.1
IFENOY01_SL,370.8
IFENOY02_SL,643.5
IFENOY03_SL,646.2
IFENOY_clean,374.4
IFEPUG01_clean,2519.0
IFEPUG02_clean,1823.4
IFEPUG03_clean,1758.9
IFEPUG04_clean,1781.9
IFEPUG05_clean,1593.8
IFEPUG06_clean,1847.3
IFEPUG07_clean,2072.1
IFEPUG08_clean,2051.4
IFEPUG09_clean,2394.3
IFEPUG10_clean,2972.3
IFEPUG_SL,1097.7
IFEQER_clean,1777.1
IFEQIV_SL,395.2
IFEYIB_clean,143.5
IFOSIG_clean,306.3
IFUNUU_clean,660.1
IFUPAC_clean,725.7
IGAGAA_clean,561.4
IGAGUU_clean,628.5
IGAHAB_clean,1377.4
IGETUL_clean,426.7
IGEXOH_clean,244.2
IGINIX01_clean,348.5
IGINIX_clean,354.0
IGITOJ_clean,546.8
IGIZAA_clean,255.8
IGIZEF_clean,785.3
IGOJEV_clean,435.0
IGORUS_clean,316.4
IGUCEU_clean,1158.6
IGUCIY_clean,642.9
IGUVIR01_clean,368.6
IGUVIR_clean,345.0
IHAJEH_clean,238.4
IHAJIL_clean,195.0
IHILUI_clean,305.8
IHIMAP01_clean,265.0
IHIMAP_clean,303.0
IHUTIQ_clean,534.0
IJAPIU_clean,613.3
IJAPOA_clean,582.4
IJASOC_clean,382.4
IJENIV_clean,512.6
IJENOB_clean,1111.2
IJEVEA_clean,557.5
IJEVIE_clean,680.1
IJEXIF01_clean,291.3
IJEXIF_clean,287.4
IJEXUS_clean,332.1
IJIGOX_clean,754.5
IJUTEM_clean,3203.4
IKAYAU_clean,498.0
IKEBUV01_clean,288.0
IKEBUV_clean,301.8
IKETAU_clean,275.2
IKETEY_clean,278.9
IKETIB_clean,2403.2
IKETIC_clean,281.3
IKETOH_manual,223.5
IKETOI_clean,284.4
IKETUN_clean,2368.1
IKETUO_clean,285.4
IKEVAW_clean,291.8
IKOPEF_clean,487.1
IKOPIJ_clean,1561.1
IKOSOQ_clean,1081.5
IKOTEH_clean,1815.1
IKOTUZ_clean,755.7
IKOVAH_clean,758.8
IKOVEL_clean,763.2
IKUBUL01_clean,1058.1
IKUBUL_clean,811.5
IKUTIT_clean,326.7
IKUTOZ_clean,341.5
ILEHUD_clean,1459.9
ILENOC_clean,1631.1
ILIFOY_clean,525.5
ILIFUE_clean,535.1
ILIGAL_clean,556.6
ILIGEP_clean,588.9
ILIMOH_clean,776.9
ILIMUN_clean,305.8
ILINIC_clean,107.7
ILITON_clean,346.7
ILITUT_manual,438.8
ILOJOJ_clean,300.5
ILOWAI_clean,1152.3
IMACND_clean,128.8
IMAGAG_clean,248.3
IMAXOL_clean,965.6
IMAXUR_clean,653.0
IMEDOV_clean,1303.8
IMISIH_clean,806.9
IMULEH_clean,1026.1
IMUTUG_ion_b,1147.2
IMUVES_clean,13441.8
INAMUG_clean,421.6
INARUM_clean,524.3
INASAT_clean,1605.7
INECIP_clean,1130.4
INEPEY_clean,497.4
INEXEG_clean,1393.5
INIDAL_clean,1630.0
INIGET_clean,868.6
INIQUR_clean,321.5
INIRAA_clean,869.9
INIRAY01_clean,431.6
INIRAY_clean,321.7
INIRII_clean,602.7
INIROO_clean,434.2
INOMIJ_clean,521.2
INOMOP01_clean,276.2
INOMOP_clean,276.6
INOVEN_clean,287.0
IPEBEM_clean,4332.5
IPICOA_clean,210.1
IPIDUH_clean,386.7
IPIFAP_clean,283.3
IPIHIA_clean,721.7
IPIJEY_clean,340.3
IPIJUM_clean,232.8
IPIVOT_clean,854.5
IQABEJ_clean,276.3
IQECIS_clean,1242.7
IQEKOG_clean,930.2
IQEKUM_clean,680.2
IQEWOQ_clean,246.5
IQILIF_clean,745.8
IQOHUT_clean,554.0
IQOJAB_clean,1063.0
IQOJEF_clean,1152.7
IQOKEG_clean,569.9
IQOKIK_clean,1417.9
IQUCOO_clean,539.2
IRAHUF_clean,1532.8
IRAJER_clean,1855.0
IRAYOQ_clean,821.9
IREGOD_clean,950.5
IRELAU_clean,631.5
IROVAO_clean,201.6
IROVES_clean,362.9
ISUCUV_clean,689.5
ITAPAU_clean,161.9
ITAPIC_clean,151.1
ITIBOD_clean,584.4
ITIPAE_clean,324.6
ITIPOS_clean,244.3
ITIWAK_clean,657.3
ITIWEO_clean,746.1
ITOSEQ_clean,1380.9
IVEHEW_manual,221.7
IVEKEA_clean,3439.6
IVEQAC_clean,342.8
IVETOT_clean,152.5
IVILEG_clean,177.1
IVIPEK_clean,1325.9
IVOCON_clean,517.9
IVOGUX_clean,640.9
IVUVIG_clean,369.9
IWAXUZ_clean,267.3
IWAYAG_clean,152.0
IWAYEK_clean,137.1
IWAYIO_clean,270.4
IWAYOU_clean,279.8
IWAYUA_clean,276.1
IWAZEL_clean,277.2
IWAZIP_clean,136.3
IWELIG01_clean,819.9
IWELIG_clean,844.0
IWEVAJ_clean,765.2
IWEVUD_clean,410.9
IWEWAK_clean,480.5
IWEWEO_clean,363.2
IWEWIS_clean,577.8
IWEWOY_clean,751.7
IWIPIO_clean,115.3
IWOKUC_clean,1078.8
IWOSAP_clean,300.0
IXAKAU_clean,598.9
IXAZEO_clean,197.5
IXEBEU_clean,1274.3
IXECET_clean,1132.6
IXEJIG_clean,254.8
IXEJOL_clean,652.9
IXEJOM_clean,339.6
IXIKOR01_clean,4513.1
IXIPAG_clean,241.6
IXIPEK_clean,248.7
IXIPIO_clean,244.1
IXISAJ_clean,1390.5
IXISOX_clean,1398.5
IXISOZ02_clean,1238.6
IXISUD_clean,755.5
IXODUV_clean,364.4
IXOFAD_clean,354.6
IXOFEH_clean,341.3
IXOFIL_clean,348.2
IXOFOR_clean,355.2
IXOFUX01_clean,366.8
IXOFUX_clean,360.6
IXUQOJ_clean,1324.0
IXUQUO_clean,611.1
IXURID_clean,496.0
IXUWII_clean,450.0
IYAJID_clean,418.6
IYAJOJ_clean,409.8
IYAJUP_clean,1388.4
IYAKAW_clean,405.1
IYAKIE_clean,393.1
IYASOS_clean,591.7
IYAYUE_clean,302.9
IYEHAX_clean,340.9
IYEPUZ_clean,248.5
IYESUC_clean,274.2
IYEXOZ_clean,764.0
IYICUP_clean,614.4
IYIHUU_manual,323.3
IYITOB_clean,251.9
IYOBAA_clean,566.2
IYOCIK_clean,241.6
IYOCOQ_clean,240.5
IYOCUW_clean,250.9
IYODAD_clean,237.2
IYOQAQ_clean,755.1
IYOSUM_clean,754.5
IYOTAT_clean,761.3
IYOVIC_clean,546.7
IYOWID_manual,1435.5
IYUCEM_clean,276.2
IYUCIQ_clean,222.6
IYUHOA_clean,1682.2
IYUHOB_clean,957.9
IYUHUG_ion_b,563.3
IYUJAO_clean,370.5
IYUQEZ_clean,249.0
IYUQID_clean,211.8
IZEBAR_clean,313.8
IZEBEV_clean,299.9
IZENEI_clean,2408.9
IZENIM_clean,2459.1
IZENUY_clean,1313.9
IZEPAF_clean,165.7
IZEPEJ_clean,327.3
IZEQUB_clean,1339.7
IZERAI_clean,919.4
IZEWAN_clean,342.9
IZIGUV_clean,1407.7
IZIHAC_clean,532.9
IZIHEG_clean,542.7
IZIHIK_clean,804.3
IZIHOQ_clean,536.8
IZISEQ_clean,1620.7
IZOWAW_clean,221.1
IZOWEA_clean,240.5
IZUMUM_clean,276.6
IZUSEC_clean,1010.8
IZUVUV_clean,409.3
JABMEF_clean,416.9
JADBEY_clean,996.0
JADBIC_clean,331.0
JADJOQ_clean,293.6
JADMAF_clean,1193.0
JADMIN_clean,3030.1
JAFPIQ_clean,192.5
JAJZAY_clean,385.4
JAKBIJ_clean,120.6
JAKBOP01_clean,159.2
JAKBOP_clean,124.8
JAKBUV_clean,145.3
JALCAD_clean,1878.5
JALLEQ_clean,574.1
JALLIU_clean,1421.9
JALLOA_clean,199.1
JALTUL_clean,269.0
JASNAT_clean,406.7
JAVNIE_clean,189.3
JAVSUV_clean,2446.9
JAVTEG_clean,1387.9
JAVWUY_clean,264.1
JEBCOJ_clean,428.0
JEDJUY_clean,274.4
JEDKEJ_clean,478.9
JEJWOL_clean,234.6
JELPAS_clean,682.9
JENKET_SL,340.9
JENKIX_SL,756.6
JETZAK_clean,772.1
JILWIL_clean,1333.3
JILWOR_clean,2539.5
JILXOS_clean,587.3
JISVAJ_clean,319.6
JITPOS_SL,1207.6
JITQEI_clean,654.2
JIVFUQ_clean,358.1
JIVHIG_clean,680.5
JIVQOU_clean,1448.6
JIVSAJ01_clean,2112.8
JIVSEN01_clean,1201.7
JIVSEN_clean,256.4
JIVSIR01_clean,1288.1
JIXWUJ01_clean,259.7
JIXWUJ02_clean,249.1
JIXWUJ_clean,253.9
JIYXUL_clean,189.4
JIZJAF_clean,214.5
JIZJEJ_clean,207.2
JIZJOT_clean,273.1
JIZJUZ_clean,260.5
JIZWEW_clean,394.9
JIZWIA_clean,420.7
JIZWOG_clean,616.5
JOBFEM_clean,1403.1
JOBFIQ_clean,2227.1
JOCWIJ_clean,427.9
JOFGOC_clean,356.0
JOFKIA01_clean,551.2
JOFKIA_clean,335.3
JOGHEU_clean,285.0
JOGHIY_clean,308.5
JOGSAA_clean,135.5
JOHFIW_manual,220.9
JOHQUT_clean,453.1
JOJKUQ_clean,213.5
JOKXAI10_clean,228.2
JOKXAI_clean,227.3
JOKXEM10_clean,343.4
JOKXEM_clean,343.2
JOKXOW10_clean,221.4
JOKXOW_clean,222.8
JOKXUC10_clean,321.6
JOKXUC_clean,311.0
JOKYAJ_clean,181.1
JOKYEN_clean,184.8
JOKYIR10_clean,181.9
JOKYIR_clean,181.1
JOKYOX10_clean,181.2
JOKYOX_clean,182.6
JOLYEQ_clean,601.7
JOQSIT_clean,310.8
JOQSOZ_clean,308.9
JOQZUM_clean,260.7
JORBAV_clean,250.9
JORLEJ_clean,1340.8
JORRAL_clean,384.3
JORSEQ_clean,922.6
JORVET_clean,623.4
JOSNAG01_clean,329.2
JOSNAG_clean,303.7
JOVXEZ_clean,457.1
JOWFOQ_clean,221.7
JOXPIX_clean,386.6
JOYKUF_clean,165.4
JOZWOM_clean,1277.2
JOZWUS_clean,1288.7
JUCGUL_clean,330.8
JUCXEK_clean,157.3
JUFREJ_clean,302.5
JUGQIN_clean,289.4
JUGQOT_clean,283.8
JUJMOS_clean,2411.4
JUJTAL_clean,468.0
JUKPAI_clean,1020.1
JUMCOL_clean,168.8
JUMCUR_clean,351.8
JUMDAY_clean,360.6
JUMDEC_clean,355.7
JUNBOL_clean,439.3
JUNBUR_clean,541.3
JUQVAU_clean,469.0
JURKIS_clean,445.2
JUSBAC_clean,1201.6
JUSGUB_clean,2596.7
JUSKAL_clean,598.8
JUTCIM_clean,598.6
JUTCOS_clean,984.0
JUTCUW_SL,89.3
JUVROJ_clean,479.4
JUXFAL_clean,322.3
JUXFOZ_clean,725.2
JUYBEM_clean,379.7
JUYJIY_clean,165.4
JUYROM_clean,803.1
KABNIL_clean,336.4
KABXAO_clean,221.3
KABXES_clean,520.0
KABXIW_clean,511.7
KABXOC_clean,540.0
KACGAZ_clean,378.6
KACKIL_clean,258.4
KACZEV_clean,1134.5
KACZIZ_clean,1229.7
KADLOT_clean,277.4
KADLUZ_clean,466.2
KAGVUL_clean,447.6
KAGWEW_clean,156.3
KAHMOW_clean,840.7
KAHNOX_clean,91.1
KAHPUE_clean,141.2
KAHYEY_clean,191.0
KAHYID_clean,152.7
KAHYOJ_clean,161.3
KAHYUP_clean,161.6
KAHZAW_clean,172.2
KAJZIH_clean,444.8
KAKCAD_clean,378.8
KAKCEH01_clean,392.5
KAKCEH02_clean,415.9
KAKCEH_clean,401.9
KALFEK_clean,756.6
KALFOU_clean,473.0
KALFUA_clean,1420.8
KALGAH_clean,451.6
KALGEL_clean,429.1
KANDIO_clean,468.0
KANMIX_clean,598.2
KARLUM_clean,981.6
KARNAU_clean,518.5
KARNID_clean,474.2
KARTAA_clean,593.5
KASRAZ_clean,794.2
KASRED_clean,754.9
KATDAM_clean,474.3
KAVGAQ_clean,553.5
KAVJEX01_clean,549.7
KAVJEX_clean,4149.2
KAVKIC_clean,223.8
KAVNIH_clean,519.9
KAVTEI_clean,528.9
KAVTUY_clean,384.0
KAVXAI_clean,1422.6
KAWBOB_clean,460.6
KAWHEY_clean,314.6
KAXQIL_clean,1384.5
KAYBIX_clean,505.4
KAYBUJ_clean,487.7
KAYCIY_clean,768.0
KEBFII_clean,307.4
KECRAL10_clean,96.1
KECRAL11_clean,210.2
KECRAL12_clean,104.4
KECRAL_clean,101.6
KEDJAG01_clean,170.4
KEDJAG02_clean,170.5
KEDJAG03_clean,171.8
KEDJAG04_clean,165.0
KEDJAG06_clean,165.0
KEDJAG08_clean,165.7
KEDJAG10_clean,170.9
KEDJAG12_clean,170.6
KEDJAG14_clean,170.2
KEDJAG16_clean,170.8
KEDJAG18_clean,169.9
KEDJAG20_clean,173.3
KEDJAG22_clean,175.7
KEDJAG24_clean,172.7
KEDJAG26_clean,168.0
KEDJAG28_clean,169.8
KEDJAG_clean,165.3
KEDNOY_clean,331.2
KEDQAN_clean,651.5
KEFBEE_clean,125.9
KEFBII_clean,170.0
KEFBOO_clean,132.4
KEFWAV_clean,538.4
KEFWID_clean,304.1
KEGYAX_clean,263.1
KEGZOL01_clean,140.0
KEGZOL02_clean,144.9
KEGZOL03_clean,140.2
KEGZOL_clean,138.8
KEHFUA_clean,971.1
KEHGIP_clean,1128.4
KEJBOQ_clean_h,880.6
KEJHIQ_clean_h,815.8
KELJAN_clean,4429.7
KENJEU_clean,1153.3
KEPPIF_clean,196.7
KEQDER_clean,407.5
KESBOA_clean,890.2
KESBUG_clean,856.2
KESGAS_clean,325.8
KESHAT_clean,391.4
KETHEY01_clean,723.9
KETHEY02_clean,623.2
KETHEY_clean,665.4
KEVBIY_clean,9518.0
KEVBOE_clean,9604.6
KEVVIS_clean,438.4
KEVWUF_clean,142.3
KEWBUL_clean,1357.0
KEWJIG_clean,1365.4
KEWNUX_clean,298.3
KEWZET_clean,426.3
KEXFAU_clean,384.1
KEXFIC10_clean,246.1
KEXFIC_clean,247.0
KEYFUR_clean,907.6
KEYMUY_clean,270.7
KEYROX_clean,280.5
KEYYET_clean,132.5
KIBDEF_clean,781.1
KIBDIJ_clean,788.1
KICXAX_clean,361.4
KICXEB_clean,349.0
KIDDIM_clean,639.0
KIDDOS_clean,1479.8
KIDVIE_clean,175.4
KIFDIM_clean,323.8
KIFWUT_clean,317.0
KIGCEK_clean,249.5
KIJPUQ_clean,408.4
KIJRUS_clean,581.7
KIKDAL_clean,907.5
KIKFIV_clean,520.8
KINDOC_clean,401.2
KINFAQ_clean,374.7
KINFEU_clean,684.8
KINMUR_clean,1200.9
KINNIG_clean,347.1
KINPUU_clean,414.6
KINQAB_clean,402.0
KINRIK_clean,690.9
KINROQ_clean,716.7
KINSEH_clean,405.2
KIPJIE_clean,344.2
KIPJOK_clean,340.4
KIPJUQ_clean,420.5
KIPKAX_clean,429.6
KIPKEB_clean,427.0
KIPZEQ_clean,676.9
KIRFIA_clean,133.7
KIRTUC_clean,961.0
KISVEO_clean,157.1
KITVEQ_clean,254.6
KIVDUQ_clean,232.4
KIVFAY_clean,232.0
KIVFEC_clean,233.1
KIYMIQ_clean,470.8
KIYQEQ_clean,706.4
KIYQIU_clean,886.9
KIYQOA_clean,802.2
KIYTOD_clean,357.4
KIYXUN_clean,333.8
KOBFIR_clean,309.0
KOBRAV01_clean,483.8
KOBRAV_clean,456.5
KOCCUC_clean,210.4
KOCWEF_clean,689.8
KODPUP_clean,520.4
KOFPEB01_clean,427.6
KOFPEB02_clean,427.7
KOFPEB03_clean,430.7
KOFPEB04_clean,453.1
KOFPEB_clean,428.0
KOFVOS_clean,1170.3
KOGSOQ_clean,1093.0
KOGYIP_clean,218.7
KOHDIW_clean,269.5
KOHKIC_clean,895.8
KOHKOI_clean,933.1
KOHLIE_clean,1720.7
KOJTOU_clean,313.3
KOJZEP_manual,417.3
KOJZIT_clean,472.6
KOJZOZ_clean,417.1
KOJZUF_clean,1071.4
KOKKOL_clean,458.3
KOMCOG_clean,617.6
KOMDAT_clean,683.1
KOMGUP_clean,268.3
KOMHEB_clean,1322.7
KOMHIF_clean,1466.0
KOMHOL_clean,1478.1
KOMHUR_clean,1461.9
KOMJAZ_clean,1585.1
KOMVIT_clean,303.8
KONCIA_clean,397.9
KONSAJ_clean,768.8
KONYOB_clean,331.0
KOQLUZ_clean,325.2
KORNAI_clean,316.2
KOSJAF_clean,241.1
KOSJEJ_clean,244.4
KOSJIN_clean,241.1
KOSJOT_clean,240.5
KOSJUZ_clean,242.4
KOSKAG_clean,245.6
KOSKEK_clean,240.6
KOSKIO01_clean,229.1
KOSKIO_clean,239.2
KOSKUA_clean,251.2
KOSLAH_clean,246.1
KOSLIP_clean,239.6
KOSLOV_clean,245.2
KOSLUB_clean,245.3
KOSMAI_clean,239.3
KOTSIX_clean,337.0
KOVGOT01_clean,526.1
KOVGOT_clean,530.9
KOVJAI01_clean,625.8
KOVJAI_clean,337.0
KOXFUA_clean,420.0
KOXGAH_clean,1914.0
KOXGIP_clean,621.4
KOZNEU_clean,1431.9
KOZNIY_clean,193.3
KOZQEX_clean,1473.7
KOZQIB_clean,202.8
KOZSID_clean,384.5
KOZSOJ_clean,306.4
KUCDIW_clean,3520.2
KUCDOD_clean,414.5
KUDLUR_clean,421.5
KUDMAY_clean,423.5
KUDWAJ_clean,926.7
KUFBEU_clean,175.2
KUFTAI_clean,868.2
KUFVAK_clean,290.8
KUGFAU_clean,304.1
KUGZIW_clean,341.2
KUHNEI_clean,510.3
KUHZET_clean,3350.3
KUJMEJ_clean,281.6
KUJMIN_clean,417.4
KUJNEJ_clean,986.4
KUJNOT_clean,1428.3
KUJNUZ_clean,1550.2
KUJPAH_clean,590.6
KUJTUG_clean,1488.1
KUKMUA_clean,1100.7
KUKPOX_clean,1124.8
KUKPUD_clean,293.5
KUKQAK_clean,1431.4
KUKZOH_clean,5413.8
KULLAG_clean,541.3
KULLEK_clean,434.9
KULMAG_clean,1626.5
KULMEK_clean,274.3
KULMIO_clean,1415.6
KULRIT_clean,546.7
KULZEY_clean,1209.1
KUMGIK_clean,3092.8
KUMGOQ_clean,188.2
KUNLAH_clean,649.7
KUNMUD_clean,594.3
KUNSUJ_clean,1553.7
KUNWEW_clean,310.3
KUQWIE_clean,569.5
KUQXIE_clean,358.8
KUSZED_clean,129.5
KUTDAG_clean,652.5
KUTRUO_clean,985.1
KUVJIW_clean,200.2
KUVMIZ_clean,264.7
KUVMUL_clean,610.0
KUVYAD_clean,199.5
KUXLUL_clean,333.4
KUXREC_clean,171.2
KUXSAZ_clean,550.8
KUYPIF_clean,605.4
KUZPEC_clean,382.2
KUZYUB_clean,674.6
KUZZAI_clean,507.4
LABJUV_clean,247.5
LABMOT_clean,325.0
LABNAG_clean,234.5
LABNEK_clean,553.4
LABNIO_clean,229.8
LABNOU_clean,807.7
LABNUA_clean,302.9
LABPEM_clean,870.7
LABPOV_clean,579.8
LABPUB_clean,583.0
LABQAI_clean,580.6
LABQAJ_clean,402.7
LABQEN_clean,443.6
LABRUE_clean,530.1
LACBID_clean,474.4
LACGED_clean,252.9
LACNUB_clean,697.5
LACQIS_clean,297.6
LACYEW_clean,609.1
LACYIA_clean,867.6
LACYOG_clean,332.9
LACYUM_clean,1199.5
LACZAT_clean,838.0
LACZEX_clean,156.9
LACZIB_clean,159.6
LADHEF_clean,635.1
LADHIJ_clean,611.7
LADKEJ_clean,696.4
LADQEP_clean,934.5
LADQIT_clean,903.8
LADQOZ_clean,910.4
LADQUF_clean,917.6
LAFFEG02_clean,884.0
LAFQOA_clean,3549.9
LAFQUG_clean,3650.8
LAFRAN_manual,3646.1
LAFRER_manual,3380.4
LAFRIV_manual,3509.6
LAFROB_manual,3573.5
LAGBUS_clean,322.9
LAGDII_ion_b,321.9
LAGHIL_clean,719.7
LAGMUD_clean,273.5
LAGNAK_clean,222.4
LAGNEO_clean,392.7
LAGNIS_clean,379.6
LAGNOY_clean,434.4
LAGNUE_clean,415.4
LAGPAM_clean,213.7
LAGQER_clean,242.8
LAGQOB_clean,242.4
LAGTIY_clean,130.8
LAGVEX_clean,281.6
LAGVOG_clean,210.5
LAGWEX_clean_h,755.0
LAGWIB_clean,175.2
LAGWUN_clean,308.7
LAHTUM_clean,866.5
LAHVAU_clean,1164.5
LAHYOL_clean,2082.9
LAJFAG_clean,3036.3
LAJJAK_clean,498.9
LAJTIC_clean,168.9
LAKFIN_clean,1394.3
LALFEL_clean,159.6
LALFUB_clean,296.2
LAMFEK_clean,315.7
LAMFIO_clean,211.4
LAMFOU_clean,227.2
LAMHAI_clean,187.9
LAPLEW01_clean,1720.5
LAPLEW_clean,4705.0
LAPLOG01_clean,4685.1
LAPLOG_clean,5907.5
LAPLUM_clean,6543.1
LAPMAT_clean,5196.6
LAPMIB_clean,4672.6
LAPMUN_clean,7178.6
LAPNAU_clean,4786.7
LAPNEY_clean,4822.3
LAPNIC_clean,4556.5
LAPNOI_clean,4319.6
LAPNUO_clean,3977.0
LAPZEK_clean,696.3
LAPZIO_clean,837.5
LAQNID_clean,282.0
LAQNOJ_clean,665.3
LAQNUP_clean,735.6
LAQZOV_clean,580.1
LARNIE_clean,305.9
LARPEC_clean,954.9
LARVIM_clean,386.9
LARXUA_clean,295.9
LASDEQ_clean,1505.2
LASMAV_neutral,1160.5
LASRAB_clean,132.6
LASREF_clean,152.9
LASRIJ_clean,138.1
LASWEJ_clean,382.3
LASWIN_clean,735.7
LASYOU_clean,861.1
LATBUG_clean,365.3
LATCAN_clean,344.5
LATCEO_clean,141.4
LATCIS_clean,103.7
LATPIG_clean,319.1
LATYOX_clean,304.5
LAVCOD_clean,357.3
LAVCUJ_clean,135.5
LAVDOE_clean,335.7
LAVMAY_clean,478.9
LAVSUY_clean,235.5
LAVTAF_clean,212.4
LAVTEJ_clean,213.3
LAVTIN_clean,205.0
LAVTOT_clean,219.8
LAVTUZ_clean,243.1
LAVZOA_clean,210.1
LAVZUG_clean,140.4
LAWFOF_clean,1006.6
LAWFUL_clean,1002.3
LAWFUN_clean,637.2
LAWGAS_clean,1020.4
LAWGEW_clean,125.1
LAWGIA_clean,125.3
LAWGOG_clean,125.4
LAWGOI_clean,343.5
LAWGUM_clean,124.7
LAWGUO_clean,325.5
LAWHEZ01_clean,328.5
LAWHEZ_clean,333.5
LAWHID_clean,319.7
LAWHOJ_clean,618.3
LAWHUP_clean,629.5
LAXCUK_clean,337.3
LAXJAX_clean,3526.1
LAYGAV_clean,2253.4
LAZGOK_manual,295.4
LAZJIH_clean,333.8
LAZKUU_clean,806.3
LAZXOB_clean,220.6
LECFAC_clean,791.0
LECFEG_clean,788.4
LECGIL_clean,152.5
LEDHEJ_clean,501.7
LEDHIN_clean,501.9
LEDLAJ_clean,658.3
LEDLEN_clean,481.3
LEGGEK_clean,695.7
LEGGIO_clean,2624.6
LEHXUT_clean,232.6
LEJBUX_clean,119.8
LEJCAE_clean,120.4
LEJCEK_clean,168.0
LEJKIW_clean,741.2
LEJRIC_clean,244.9
LEJZOQ_clean,1012.1
LELDOX_clean,2256.2
LELDUD_clean,651.2
LELMIA01_clean,426.6
LELMIA_clean,395.1
LELROL_clean,581.3
LELRUR_clean,430.1
LEMVOP_clean,732.2
LENGAO_clean,395.8
LENGES_clean,2471.3
LENKIA_clean,230.5
LEQBUG_clean,620.1
LEQCAN_clean,638.1
LEQQAA_clean,638.5
LEQQII_clean,347.3
LEQVUZ_clean,1257.5
LESWAI_clean,638.0
LETDEU_clean,144.5
LETDUK_clean,159.5
LETPOR_clean,911.5
LETPUX01_clean,420.2
LETPUX_clean,447.4
LETQAE01_ion_b,484.8
LETQAE_clean,747.3
LETQEI_clean,1112.8
LETRAF_clean,1247.9
LETREJ_clean,2209.0
LEVBAQ_clean,3254.1
LEVDIB_clean,283.5
LEVLEF_clean,854.7
LEVNOQ01_clean,740.7
LEVNOQ_clean,742.6
LEVPAF_clean,640.6
LEVYOC_clean,468.5
LEWMUX_clean,1330.4
LEWZET_clean,340.9
LEYFUS_clean,321.7
LEYPAI_clean,171.4
LEYQUD_clean,159.0
LEYRAK_clean,158.9
LEYREO_clean,158.6
LEZJOQ_clean,405.7
LEZLAF_clean,408.0
LEZMIN_clean,692.1
LEZWUK_clean,339.0
LEZXAR_clean,334.2
LIBQIY_clean,158.2
LIBZIG_clean,275.8
LICKAL_clean,246.5
LIDSAU_clean,878.2
LIDSEY01_clean,2738.9
LIDSEY_clean,864.8
LIDSIC_clean,1260.3
LIDWIG_clean,688.4
LIDZOP_clean,951.0
LIDZUV_clean,1318.1
LIFSAW_clean,1663.0
LIFSEA_clean,2139.3
LIFWOO_clean,554.5
LIGHAM_clean,379.7
LIHKAQ_clean,2258.2
LIJNOJ01_clean,458.8
LIJNOJ_clean,459.7
LIKDOA_clean,211.9
LIPQOR_clean,2200.2
LIQDAS_clean,516.4
LIQFEY_clean,388.6
LIQJEC_clean,223.8
LIQTUC_clean,1161.3
LIRFIB_clean,91.2
LIRNOR_clean,2155.7
LIRTUC_clean,840.0
LITCIC_clean,274.5
LITCOI_clean,1275.6
LITDAV_clean,1155.8
LITHUR_clean,187.7
LIVLUZ_clean,475.0
LIVTIT_clean,255.8
LIVWAQ_clean,230.1
LIWFOM_clean,207.9
LIWVIY_clean,195.0
LIWXIZ_clean,476.2
LIWXOG_clean,354.0
LIXWAR01_clean,695.7
LIXWAR_clean,639.8
LIXXAS_clean,287.6
LIXXEW_clean,957.8
LOBHAM_clean,654.4
LOCRUR_clean,273.2
LOCZIO_clean,443.6
LODCUC_clean,396.0
LODKIA_clean,912.0
LODPUQ_clean,3543.3
LODTAB_clean,401.2
LOFJAT_clean,372.3
LOFVUY01_clean,2182.5
LOFVUY_clean,2145.4
LOFZUB_clean,1273.1
LOGBAK_clean,1381.9
LOGBEO_clean,1310.0
LOGXEM_clean,582.0
LOJFOF_clean,2229.6
LOJFUL_clean,204.3
LOJLAZ01_clean,209.6
LOJLAZ_clean,232.2
LOLREL_clean,1820.7
LOLVAJ_clean,769.9
LOMLOQ_clean,593.9
LOMLUW_clean,643.2
LONVAN_clean,645.1
LONVIV_clean,693.9
LONWIW_clean,729.0
LOPZAS_clean,7290.1
LOQLEJ_manual,454.6
LOQLIN_SL,617.3
LORMOW_clean,326.3
LORNEL_clean,137.4
LORROB_clean,325.1
LOSBOM_clean,802.7
LOSXIC_clean,630.7
LOSYAV_clean,561.7
LOTDIJ_clean,1076.9
LOVLEP_clean,1055.9
LOXBEH_clean,539.5
LOXKAM_clean,272.4
LOXVUR_clean,1601.4
LOXWAY_clean,652.4
LOXWEC_clean,567.5
LOZSOK_clean,1191.5
LOZSUQ_clean,1197.5
LUBMAW_clean,418.6
LUBNAZ_clean,442.9
LUCDAO_clean,286.6
LUCDES_clean,284.2
LUCDIW_clean,281.4
LUDCUK_clean,777.2
LUDKIG_clean,494.3
LUDKOM_clean,941.1
LUDKUS_clean,1055.3
LUDLED_clean,3329.2
LUDLIH_clean,3274.2
LUDTUZ_clean,336.0
LUDVAH_clean,636.5
LUDVEL_clean,238.0
LUDVIP_clean,312.3
LUDVOV_clean,255.8
LUFBUL_clean,645.9
LUFCAS_clean,402.1
LUFNAC01_clean,536.0
LUFNAC02_clean,510.3
LUFNAC03_clean,506.6
LUFNAC04_clean,501.9
LUFNAC05_clean,502.2
LUFNAC_clean,510.3
LUFNEG_clean,650.6
LUFQUZ01_clean,318.7
LUFQUZ02_clean,182.6
LUFQUZ_clean,487.8
LUJBAV_clean,279.9
LUJPUC_clean,191.6
LUJSOA_clean,279.2
LUKLIN_clean,648.8
LUKREO_clean,884.9
LUKRIS_clean,332.7
LULVOF_clean,1093.9
LULXAS_clean,449.7
LUMDEC_clean,273.8
LUMLIQ_clean,686.3
LUMYEZ_clean,390.3
LUMYID_clean,398.0
LUMYOJ_clean,394.9
LUMYUP_clean,375.4
LUMZAW_clean,662.1
LUMZUO_clean,143.3
LUNBAX_clean,145.7
LUNBEB_clean,144.5
LUNBIF_clean,84.3
LUPTAS_clean,459.6
LUPYAX_clean,610.9
LUQGAG_clean,468.7
LURLOB_clean,361.4
LURRIA_clean,215.9
LURRUM_clean,2749.0
LUSHIR_clean,697.1
LUSHOX01_clean,540.1
LUSHOX02_clean,543.1
LUSHOX03_clean,536.7
LUSHOX04_clean,524.2
LUSHOX_clean,435.7
LUSHUD_clean,706.1
LUSJEP_clean,722.2
LUSJIT_clean,695.7
LUSJOZ_clean,719.8
LUSQOH_clean,3825.1
LUSYEF_clean,406.7
LUTSEA_clean,187.4
LUTZEH_clean,1861.0
LUVTAY_clean,682.3
LUVWUU_clean,989.1
LUWMEX_clean,1022.8
LUWMIB_clean,955.8
LUWMOH_clean,933.0
LUWMUN_clean,228.0
LUWNAU_clean,231.6
LUXDUE_clean,2675.6
LUXFOA_clean,2032.0
LUXFUG_clean,2017.0
LUYBIS_clean,1183.5
LUYBOY_clean,749.7
LUYHAP_clean,129.4
LUYSEF_clean,299.4
LUYSOP_clean,482.6
LUZBOY_clean,117.2
LUZJAT_clean,895.2
MABCUQ_clean,123.7
MABJUV01_clean,464.2
MABJUV_clean,462.1
MABKEG_clean,588.9
MABKIK01_clean,558.0
MABKIK_clean,993.2
MABLAD_clean,940.2
MACHIJ_clean,1066.1
MACKAE_clean,187.1
MADVUJ_clean,439.8
MADWAQ_clean,438.6
MAFDII_SL,1917.1
MAFFUW_clean,2279.1
MAFJIO_clean,440.8
MAFLUD_clean,370.5
MAFMAK01_clean,338.1
MAGBAZ_clean,226.3
MAGBON_clean,1080.1
MAGNEQ01_clean,128.1
MAGNEQ_clean,126.5
MAHCEG_clean,298.9
MAHCIK_clean,283.5
MAHCOQ_clean,303.3
MAHTAR01_clean,667.6
MAHTAR_clean,674.4
MAJHUC_clean,462.5
MAJJUF_clean,154.3
MAJKAM_clean,2034.0
MAKFIQ_clean,258.8
MAKFOW_clean,251.4
MAKGAJ_clean,246.2
MAKHAJ_clean,547.8
MAKRAU_clean,313.0
MAKRIC_clean,589.0
MAKXAZ_clean,1599.6
MALFUD_clean,175.2
MALROJ_clean,228.2
MALRUM_clean,332.5
MALRUP_clean,247.8
MALSAW_clean,237.8
MALSEA_clean,241.7
MALSIE_clean,239.9
MALSOK_clean,243.2
MANDUD_clean,873.8
MANLAP_ion_b,724.5
MANLOD_manual,853.5
MAPCIP_clean,183.7
MAPCUE_clean,1427.3
MAPFIS_clean,541.7
MAPLEX_clean,1474.3
MAQBEO_clean,439.3
MAQBIS_clean,498.9
MAQMEZ_clean,1097.8
MAQRAA_clean,308.6
MARJAQ_clean,689.2
MARNOL_clean,484.9
MARPOL_clean,557.8
MARXEK_clean,234.1
MASMIC_clean,163.4
MASZOX_clean,263.5
MASZUD_clean,260.7
MATBAM_clean,677.6
MATBEQ_clean,917.6
MATFIY_clean,415.4
MATPOP_clean,2047.2
MATPUV_clean,554.5
MATTOR_clean,408.9
MATTUX_clean,1147.7
MATWUC_clean,489.6
MATXAJ_clean,400.2
MAVFEV01_clean,218.8
MAVFEV_clean,225.1
MAVNUU_manual,696.7
MAVRAE_clean,429.5
MAWFEY_clean,548.6
MAWFIC_clean,280.9
MAWTUC_clean,435.0
MAWVAK_clean,417.7
MAXHOJ01_clean,213.7
MAXHOJ02_clean,208.1
MAXHOJ_clean,385.7
MAXHUP_clean,295.0
MAYJOM_clean,451.2
MAYKOO_clean,252.8
MAZSOX_clean,467.2
MAZSUD_clean,391.1
MEBMEM01_clean,299.4
MECWIB_clean,2202.6
MEFJUE_clean,497.7
MEFYUT_clean,620.2
MEFZUU_manual,774.4
MEGBAD_clean,252.1
MEGBEH_manual,242.5
MEGFIN_clean,308.6
MEHMET_clean,147.8
MEJMOE_clean,948.2
MEJQEZ_clean,633.6
MEJQID_clean,658.0
MEJQOJ_clean,661.0
MEJZEI_clean,343.5
MEJZIM_clean,342.7
MEJZOS_clean,493.4
MEJZUY_clean,482.4
MEKBAH_clean,494.7
MEKDUC_clean,531.0
MEMGAN_clean,521.6
MEQHUL01_clean,215.2
MEQHUL_clean,218.2
METYIU_clean,272.8
MEWNEH_clean,316.5
MEXDEY_clean,650.5
MEXJAC_clean,94.8
MIBMER_clean,502.3
MICDEJ_clean,346.8
MIDCAF_clean,753.5
MIDSUP01_clean,184.4
MIDSUP_clean,300.2
MIFGEP01_clean,994.6
MIFGEP_clean,1011.5
MIFKUJ_clean,920.7
MIFLIY_clean,195.7
MIFNUM_clean,389.1
MIFPUO_clean,623.6
MIFQOJ_clean,292.2
MIFROK_clean,386.2
MIFSAX_clean,383.3
MIFSUR_clean,433.7
MIFTEC_clean,379.5
MIFTIG_clean,387.9
MIFTUS_clean,403.1
MIFVEE_clean,386.7
MIHLAR_clean,369.4
MIHLEV_clean,282.1
MIHLIZ_clean,379.8
MIHLOF_clean,359.7
MIJHOD_clean,423.7
MIJMAU_clean,398.4
MIKDUH_clean,355.0
MIKJAR_clean,996.0
MILQIJ_clean,541.8
MILROQ_clean,910.4
MIMFOF_clean,1503.8
MIMKIE_clean,229.9
MIMSIM_clean,756.1
MIMSOS_clean,856.5
MIMSUY_clean,751.4
MIMVEJ_clean,1118.2
MINCET_clean,1286.6
MINCIX_clean,348.0
MINCUJ_clean,333.7
MINVOU01_clean,198.7
MINVOU_clean,198.4
MINVUA01_SL,341.8
MINVUA_SL,356.5
MIPHEA_clean,3661.0
MIQLII_clean,383.9
MIRLAB_clean,217.2
MISQIQ01_clean,1408.7
MISQIQ02_clean,1360.5
MISQIQ03_clean,921.5
MISQIQ04_clean,1364.4
MISQIQ05_clean,1368.0
MISQIQ06_clean,1377.3
MISQIQ07_clean,1383.6
MISQIQ_clean,1378.6
MITGOL_clean,221.5
MITSAK_clean,233.7
MITSUE_clean,234.6
MIVFEE_clean,338.3
MIVFOO_clean,305.9
MIXBAY_clean,169.7
MIXBEC_clean,469.3
MIXBIG_auto,229.8
MIXYID_clean,518.2
MIXYOJ_clean,1636.5
MIXZOK_clean,319.4
MIYWIB_clean,268.2
MIZKAI_clean,1224.3
MIZKOW_clean,371.8
MIZPUI_clean,226.9
MOCKAR_clean,127.8
MOCKEV_clean,124.4
MODJOG_clean,314.1
MODMIB_clean,152.5
MODNOI_ion_b,488.3
MODNUO_ion_b,473.3
MOFBIU_clean,933.9
MOFKUO_clean,260.7
MOFLAV_clean,665.2
MOGNAY_clean,401.1
MOGXUB_clean,240.9
MOJNAC_clean,357.6
MOKVOZ_clean,837.7
MOLKAB_clean,564.2
MOLQEL_clean,336.1
MOLRIP_clean,250.8
MOMRIR_clean,2003.4
MOMSIS_clean,543.7
MOPKEJ_clean,2569.9
MOPQIT_clean,279.5
MORFEG_clean,1005.6
MORZID_clean,1786.2
MOSBIG_clean,162.6
MOSDUT_clean,554.0
MOTMAK_clean,451.0
MOTVOI_clean,386.7
MOVGUB_clean,702.5
MOVHEM_clean,700.4
MOVKOZ_clean,825.9
MOXBOS_clean,346.7
MOXKAN_clean,836.4
MOXNIY_clean,372.1
MOXNUJ_clean,175.7
MOXNUK_clean,794.9
MOXPAR_clean,4571.0
MOXPUL_clean,164.3
MOYMET_clean,481.0
MOYMUJ_clean,1623.6
MOYNIY_clean,1027.3
MOYTUR_clean,1705.0
MOYYEF_clean,600.1
MOYYIJ_clean,177.0
MOYZIK_clean,146.7
MUBQIJ_clean,2856.6
MUBZOA_auto,263.9
MUBZUG_auto,281.6
MUDLON_clean,515.9
MUDTAH_clean,597.7
MUDTEL_clean,551.0
MUFXUI_clean,585.2
MUFYAP_clean,577.3
MUFZIY_clean,1105.3
MUGFOK_clean,665.4
MUGHED_clean,783.0
MUGQAI_clean,432.9
MUGXIX_clean,1404.7
MUHNAG_clean,481.9
MUHNUA_clean,511.6
MUHPAI_clean,276.7
MUJRIT_clean,248.7
MUKQUG_clean,727.9
MUKRAN_clean,742.7
MULQOA_clean,550.4
MULSER_clean,416.6
MULXOH_clean,428.4
MULXUO_clean,737.5
MUMYAW_clean,378.4
MUNDAC_clean,236.8
MUNDEG_clean,777.8
MUNDOQ_clean,218.5
MUNLUE_clean,251.1
MUNNUF_clean,922.7
MUNPAN_clean,769.1
MUNPER_clean,850.5
MUPTAU_clean,576.4
MUQSAU_clean,353.6
MURBEI_clean,366.1
MURCAD_clean,245.5
MURCIL_clean,233.0
MURCOR_clean,234.2
MURFIQ_clean,371.9
MURTUO_clean,428.6
MUSCAG_clean,1144.7
MUSCIN_clean,713.3
MUSSIE_clean,884.1
MUTCEL_clean,626.5
MUTDIQ_clean,390.5
MUTVUT_clean,514.2
MUVGOA_clean,950.4
MUVGUG_clean,603.2
MUVHER_clean,627.0
MUVJAP_clean,662.1
MUVJIX_clean,601.9
MUVLUM_clean,422.8
MUVMOG_clean,2343.8
MUVNAT_clean,244.0
MUVNEX_clean,674.1
MUVROM_clean,2101.3
MUWQEB_clean,311.0
MUWRON_clean,489.7
MUZGAQ_clean,626.5
MUZKAV_clean,457.0
MUZKEZ_clean,414.4
MUZVUA_clean,257.6
NABMUA01_clean,539.1
NABMUA_clean,534.9
NACVUI_clean,409.7
NACYAU_clean,195.1
NACYOG_clean,504.9
NACYUM_clean,477.3
NADKEK_clean,154.9
NADNEM_clean,402.1
NADZEZ_clean,1253.7
NADZID_clean,946.0
NAFSOF_clean,107.7
NAGBUU_clean,1098.1
NAGCAB_clean,419.1
NAGQET_clean,340.5
NAGQOD_clean,806.8
NAHFIO_clean,1535.9
NAHHAI_clean,278.4
NAHHOW_clean,472.1
NAHNES_clean,676.2
NAJQUN_clean,1460.9
NAJSUP_clean,856.2
NAJTAW_clean,396.0
NAKLIW_clean,406.9
NALWOO_clean,459.0
NALYEG_clean,189.6
NAMDUD_clean,4141.7
NANPUN_clean,92.8
NANTII_clean,192.0
NANYUX03_clean,256.2
NAPNEA_clean,987.3
NAPZOV_clean,306.0
NAQLAT_clean,1831.7
NAQQED_clean,245.3
NAQQIH_clean,264.2
NAQQON_clean,239.2
NAQQUT_clean,240.8
NAQRAA_clean,246.7
NAQREE_clean,239.1
NARMUR_clean,301.8
NARPOO_clean,404.1
NARPUU_clean,391.7
NASREH_clean,159.7
NASRIL_clean,158.6
NASROR_clean,1029.7
NATFAS_clean,1176.1
NATHOH_ion_b,457.8
NATHUO_clean,561.4
NATKIF_clean,317.6
NATKOL_clean,339.5
NATXOW_clean,304.4
NAVJAW01_clean,225.3
NAVJAW_clean,242.7
NAVLIG_clean,404.1
NAWDUN_clean,676.5
NAWKII_clean,1194.4
NAWWUG_clean,671.7
NAWXER_clean,200.4
NAXKOO_clean,910.4
NAXLII_clean,324.8
NAYGUR_clean,194.3
NAYHAY_clean,478.5
NAYMOQ_clean,268.0
NAYNIK_clean,253.1
NAYPIM_clean,2304.1
NAYXOC_clean,1121.6
NAYZOE_clean,598.5
NAYZUK_SL,579.6
NAZZEV_clean,578.1
NDAIAH_clean,235.3
NEBNOZ_clean,542.0
NEBYOK_clean,590.1
NEDLOZ_clean,1204.8
NEDVUP_clean,250.3
NEDWAW_clean,242.8
NEDWEA_clean,228.0
NEDWIE_clean,148.6
NEDXOL_clean,1066.9
NEFZOO_clean,1349.7
NEGMUI_clean,318.3
NEGZUW_clean,352.6
NEHGEO_clean,3776.7
NEHGIS_clean,3724.7
NEHMET_clean,419.9
NEHZIK_clean,268.5
NEJRUR_clean,328.0
NEJSAY_clean,1260.5
NEJSEC_clean,574.3
NEJSOM_clean,495.0
NEKBEL_clean,215.1
NEKMUN_clean,991.9
NEKREB_clean,266.8
NELVAC_clean,657.6
NELVEG_clean,752.9
NENFAN_clean,2785.0
NENHAQ_clean,360.4
NENHEU_clean,3134.1
NEPWIQ_clean,812.8
NERMON_clean,275.4
NERTAH_clean,1091.1
NERVAJ_clean,716.2
NERVEN_clean,720.1
NETHOJ_clean_h,366.0
NETYIV01_clean,438.7
NETYIV_clean,422.8
NEVJEF_clean,391.1
NEVPOU_clean,469.6
NEVVAM01_clean,305.7
NEVVAM02_clean,344.5
NEVVAM_clean,331.5
NEVVEQ_clean,989.5
NEXVET_clean,845.1
NEXVUI_clean,307.4
NEXXEV_clean,654.8
NEXXIZ_clean,708.5
NEYVEU_clean,2423.5
NEYYUN_clean,534.2
NEYZAU_clean,567.6
NEZWOG01_clean,287.4
NEZWOG_clean,412.1
NIBHUC_clean,261.0
NIBJAK_clean,110.9
NIBXUT_clean,590.2
NIFTIH_clean,431.4
NIGBOW_clean,156.3
NIGDEO_clean,653.3
NIGDIS_clean,647.8
NIGFIT_clean,234.5
NIGFOZ_clean,239.3
NIGFUF_clean,246.5
NIGGAM_clean,232.2
NIGGEQ_clean,248.2
NIGGIU_clean,298.0
NIGNUO_clean,1040.1
NIGPEA_clean,803.5
NIHBAI01_clean,305.2
NIHBAI02_clean,311.1
NIHBAI_clean,308.2
NIHBEM01_clean,314.0
NIHBEM02_clean,318.0
NIHBEM_clean,318.7
NIHBIQ01_clean,308.0
NIHBIQ02_clean,305.6
NIHBIQ_clean,312.9
NIHVUX_clean,275.8
NIJTOR_clean,536.9
NIJZIP01_clean,246.0
NIJZIP_clean,174.2
NIJZOV_clean,172.4
NIKDAM_clean,275.0
NIKHAS_clean,544.7
NIKJIB_clean,740.8
NIKKIC_clean,564.2
NIKYOW01_clean,305.5
NIKYOW02_clean,316.2
NIKYOW_clean,301.7
NIKYUC01_clean,319.1
NIKYUC02_clean,314.2
NIKYUC_clean,316.1
NIKZAJ01_clean,312.5
NIKZAJ02_clean,317.0
NIKZAJ_clean,306.5
NIKZEN01_clean,315.4
NIKZEN02_clean,314.1
NIKZEN_clean,321.3
NIMPEG01_clean,220.0
NIMPEG_clean,254.1
NIMPOQ_clean,779.8
NIMQAC_clean,1110.2
NIMTAE_clean,523.2
NIMXAK_clean,346.9
NIMXIS_clean,241.7
NINHOH_clean,83.6
NINVAI_clean,250.6
NIRFIE_clean,748.7
NIRGAY_clean,371.3
NISBEX_clean,642.2
NIVZOJ_clean,194.7
NIXFUX_clean,1861.8
NIXGIM_clean,1148.9
NIXKIQ_clean,2250.6
NIYJAI_clean,1167.6
NIYZIG_clean,487.5
NIZNAN_clean,1263.2
NIZZAY_clean,1457.4
NIZZEC_clean,435.6
NIZZIG_clean,242.4
NIZZOM_clean,245.9
NOBVOR_clean,572.6
NOCKOG_clean,607.1
NOCKUM_clean,637.2
NOCLOH01_clean,399.1
NOCLOH02_clean,392.5
NOCLOH03_clean,383.7
NOCLOH_clean,384.7
NOCLUN_clean,298.1
NOCYUB_clean,429.9
NOCZAI_clean,416.5
NODKAT_clean,937.1
NODKEX_clean,351.4
NODKIB_clean,1414.7
NODKOH_clean,1003.9
NODKUN_clean,342.9
NOFDUI_clean,819.3
NOFHOG_clean,320.6
NOFQAB_clean,4388.4
NOFQIK_clean,246.1
NOFQOQ_clean,274.9
NOFRIK_clean,2211.5
NOGDAP_clean,1883.8
NOHFOG_clean,233.0
NOHLAZ_clean,170.5
NOHQEI_clean,3410.7
NOHSIM01_clean,669.6
NOHSIM_clean,406.6
NOHSUA_clean,748.5
NOKJON_clean,186.3
NOKLIJ_clean,239.6
NOKPEJ_clean,256.7
NOMPOW_clean,530.0
NOMQAJ01_clean,515.6
NOPJOT_clean,441.1
NOQKOV_clean,417.6
NOQKUB_clean,631.6
NORBUT_clean,962.0
NORGOS_clean,420.1
NORPIV_clean,4028.5
NOSHEK_clean,261.6
NOSTUM01_clean,795.8
NOSTUM_clean,387.4
NOWGIR_clean,369.1
NUBBAP_clean,365.8
NUBPIL_clean,127.2
NUCBIY_clean,1292.9
NUCCEV_clean,1703.5
NUCPEI_clean,442.3
NUCPIM_clean,506.7
NUCYAN_clean,180.6
NUCYER_clean,182.8
NUCYIV_clean,420.7
NUDLAB_clean,354.1
NUDLEF_clean,607.8
NUDLIJ_clean,285.2
NUDMAC_clean,596.4
NUDMEG_clean,582.4
NUDMOQ_clean,602.3
NUDMUW_clean,582.5
NUDNEH_clean,592.0
NUFBEX_clean,220.9
NUFBOH_clean,1488.8
NUFBUN_clean,396.0
NUFCAU_clean,244.5
NUGRIR_clean,1388.8
NUGROX_clean,1649.9
NUHNUA_clean,742.1
NUHPAI_clean,503.8
NUHQAK_clean,980.8
NUHQIS_clean,1922.9
NUHQOY_clean,1888.8
NUHQUE_clean,1965.6
NUHRAL_clean,1897.6
NUHZAS_clean,729.4
NUJCEA_clean,320.8
NUJCIE_clean,319.2
NULMAJ_clean,223.4
NUMPAO_clean,188.8
NUNCEG_clean,640.0
NUNNUH_clean,167.0
NUNPAP_clean,155.2
NUNSIA_clean,898.9
NUNSOG_clean,917.8
NUNZUT_clean,722.1
NURMUJ_clean,213.2
NUSXEG_clean,654.8
NUTQAV_clean,122.1
NUTYEI_clean,579.3
NUTYIM_clean,581.7
NUVBIQ_clean,229.7
NUVWEH_clean,391.4
NUVXOT_clean,439.3
NUVXUZ_clean,558.7
NUVYOT_clean,824.6
NUWBOX_clean,244.5
NUWPOM_clean,275.7
NUWVIM_clean,1493.4
NUYNEC_clean,190.2
NUYQUU_clean,443.7
NUZCIV_clean,1939.0
OBAFEF_clean,189.8
OBAFOP_clean,368.0
OBAHIL_clean,1004.2
OBAHOR_clean,1103.1
OBAHUX_clean,982.9
OBAJAF_clean,996.8
OBEDEE_clean,581.6
OBIBAF_clean,539.3
OBIBEJ_clean,362.8
OBIBOT_clean,622.7
OBODEQ_clean,245.6
OBOGUK_clean,131.2
OBUBIW_clean,341.9
OBUBOC_manual,335.3
OBUFEX_clean,510.8
OBUFIB_SL,684.5
OCACUR_clean,362.7
OCAQOY_clean,307.1
OCILEU_clean,501.7
OCILIY_clean,297.0
OCIMAR_clean,494.9
OCIMEV_clean,445.7
OCIMIZ_clean,209.0
OCIMOF_clean,411.0
OCIMUL_clean,438.3
OCINAS_clean,532.6
OCIZAD_clean,663.1
OCOKUP_clean,494.6
OCUGEZ01_clean,258.8
OCUGEZ_clean,255.5
OCUMIL_clean,826.0
OCUMOR_clean,1072.5
OCUMUX_clean,905.6
OCUNAC_manual,6775.3
OCUNAE_clean,834.3
OCUPOS_clean,436.5
OCUPUY_clean,494.8
OCURAG_clean,402.8
OCUSIP_clean,406.1
OCUSOV_clean,444.2
OCUSUB_clean,380.9
OCUTAI_clean,494.2
OCUTEM_clean,427.5
OCUVUF_clean,378.7
ODERIZ_clean,332.0
ODEZAB_clean,591.0
ODIMAQ_clean,230.3
ODIVUU_clean,520.3
ODIXEG_clean,286.5
ODIXIK_clean,2206.1
ODODES_clean,1431.6
ODODIW_clean,962.5
ODODOC_clean,694.0
ODODUI_clean,495.4
ODOMIF_clean,375.8
ODOXEK_clean,788.2
ODUNEH_clean,701.0
OFAMUF_clean,219.5
OFAWAV_clean,119.7
OFAWEZ_clean,173.2
OFEHAK_clean,266.8
OFEREX_clean,222.4
OFERUN06_clean,233.7
OFERUN_clean,308.2
OFESAU_clean,434.0
OFESEY_clean,427.8
OFESIC_clean,425.8
OFOCUI_clean,1223.6
OFODET_clean,499.9
OFUCAV_clean,390.5
OFUCEZ_clean,326.4
OFUYUL_SL,891.1
OGAGAF_clean,364.5
OGAGEJ_clean,220.2
OGAGIN_clean,490.7
OGAXUR_clean,419.9
OGEBAF01_clean,305.6
OGECOU_clean,438.4
OGIBOV_clean,2043.8
OGIBUD_clean,356.1
OGIJIY_clean,1055.2
OGIKAR_clean,4653.7
OGIYUZ_clean,679.7
OGOJAX_clean,239.0
OGOWAJ_clean,617.5
OGUJIL_clean,467.9
OGUPIQ_clean,1057.3
OHAKEO_clean,593.2
OHAKIS_clean,786.8
OHAQAR_clean,8380.8
OHIHET_clean,688.4
OHOMIH_clean,398.4
OHUMEL_clean,1838.1
OJAZOP_clean,744.5
OJICUG_clean,174.8
OJIDAN_clean,403.4
OJIFAP_clean,1023.5
OJIWAG_clean,746.3
OJIWEK_clean,1323.0
OJIWIO_clean,542.3
OJONOQ_clean,130.6
OJORUC_clean,508.7
OJOSEN_clean,582.7
OJOSIR_clean,1551.1
OJUPEQ_clean,1542.2
OKABAE_clean,227.8
OKABEI_clean,244.4
OKAYAC_clean,1287.3
OKAYEG_clean,1302.4
OKAYOQ_clean,374.1
OKAYUW_clean,374.0
OKAZAD_clean,378.0
OKELOH_clean,386.4
OKILEA_clean,219.3
OKIQEG_clean,1276.5
OKITAE_clean,203.7
OKIVUA_clean,692.1
OKIWUB02_clean,636.2
OKIYAJ01_clean,676.3
OKOSUE_clean,557.5
OKUJUB_clean,9189.5
OKUKEM_clean,7084.4
OKUKOW_clean,1445.9
OKUSUK_clean,955.4
OKUTAR_clean,968.1
OKUTEV_clean,1003.1
OLAGIR_clean,1678.4
OLANAS_clean,322.2
OLANEW_clean,489.9
OLAQOI_clean,689.8
OLEKUM_manual,1215.9
OLICIX_clean,1413.7
OLODEA_clean,1727.5
OLOGEC_clean,790.3
OLOPEM_clean,2634.7
OLOPOW_clean,2803.0
OLOYOF_clean,483.6
OLUCAZ_clean,268.5
OLUROC_clean,1175.3
OMAMEU_clean,650.7
OMIMEE_clean,2742.5
OMIPAD_clean,1867.9
OMIPEH_clean,1805.2
OMITUB_clean,1825.2
OMOVET_clean,667.3
OMUMEQ_clean,3348.7
OMUMIU_clean,3084.6
OMUSAS_clean,135.7
ONEJUN_clean,352.8
ONEYIQ_clean,7511.6
ONEYOW_clean,308.9
ONUJUE_clean,859.0
ONUKAL_clean,749.1
ONUQOE_clean,1744.8
OPAGIX_clean,1037.8
OPAHIY_clean,1233.8
OPAMOI_clean,286.5
OPENUT_clean,192.5
OPIFUQ_clean,2029.9
OPINIL_clean,162.0
OPIPUZ_clean,759.8
OPIWEQ_clean,897.5
OPIXUI_clean,662.3
OPIYAP_clean,694.3
OPOBIF_clean,366.7
OPOZEZ_clean,276.6
OPUDOT_clean,634.8
OQANIE_clean,700.3
OQEPUW_clean,897.3
OQEROS_clean,489.1
OQERUY_clean,856.9
OQESAF_clean,482.2
OQESEJ_clean,487.9
OQETEK_clean,108.9
OQIQEM_clean,442.6
OQIQIQ_clean,442.5
OQIQOW_clean,479.2
OQIZUL_clean,3162.1
OQOJUB_clean,406.5
OQUCOU_clean,473.6
OQUFAJ01_clean,593.6
OQUFAJ02_clean,519.8
OQUFAJ03_clean,553.0
OQUFAJ04_clean,570.2
OQUFAJ_clean,549.0
OQUFIR_clean,1043.9
OQUFOX_clean,327.4
OQUFUD_clean,1203.9
OQUGAK_clean,3188.9
OQUGUE_clean,799.9
OQUWUU_clean,2654.8
OQUXAB_clean,1068.5
OQUXEF_clean,1006.3
OQUXIJ_clean,1031.8
OQUZIL_clean,1056.3
ORAGEU_clean,269.2
ORAGOF_clean,507.5
ORAQUU_clean,2156.4
ORAWAH_clean,2278.1
OREZES_clean,331.4
OREZUI_clean,4120.8
ORIBAU_clean,226.9
ORIVOC_clean,931.2
ORIVUI_clean,913.6
ORIWAP_clean,869.2
ORIWET_clean,774.6
OROKEN_clean,306.7
OROLUD_clean,483.8
ORUKET_clean,205.4
ORUKOD_clean,1395.2
ORULEU_clean,739.2
OSAVEK_clean,261.2
OSAVUA_clean,199.0
OSAWEL_clean,467.5
OSIKIL_clean,1381.8
OSIKUX_clean_h,1301.3
OSIWUJ_clean,336.9
OSIXEU_clean,331.1
OSIXIY_clean,488.7
OSOTIB_clean,443.2
OSOTUN_clean,2845.4
OSUVIJ_clean,943.6
OSUWEF_clean,2247.2
OTABES_clean,190.7
OTALUS_clean,1742.1
OTAQAD_clean,253.4
OTATOT_clean,263.2
OTAVAH_clean,257.8
OTAVOV_clean,254.8
OTAVUB_clean,252.7
OTAWIR_clean,647.1
OTECAT_clean,1397.1
OTEGUR_clean,526.8
OTEHAY_clean,461.2
OTIBUQ_clean,449.0
OTIJAE_clean,1141.0
OTIPAK_clean,1301.3
OTIPEO_clean,786.0
OTIPUE_clean,542.1
OTIQAL_clean,528.9
OTODEI_clean,878.8
OTODOS_clean,1085.8
OTOLIU_clean,1290.1
OTOVAW_clean,540.0
OTOVIE_clean,526.3
OTOZAA_clean,625.8
OTUDEO_clean,256.0
OTUDIS_clean,268.0
OTUXUX_clean,2607.1
OTUYEJ_clean,176.8
OVADAR_clean,891.5
OVEDAW_clean,397.0
OVEHUT_clean,506.6
OVEJIJ_clean,241.4
OVEXOD_clean,564.7
OVICUS_clean,731.1
OVIWIA_clean,200.8
OVIWOG_clean,215.9
OVIZID_clean,733.6
OVUCOY_clean,291.5
OVUDAL_clean,264.8
OVUNIE_clean,1184.2
OVUVIL_clean,688.6
OWAVIS_clean,990.6
OWAVOY_clean,491.8
OWETIU_clean,312.6
OWEYOF_clean,1623.4
OWIHEJ_clean,492.7
OWIHIN_clean,502.3
OWIHOT_clean,503.6
OWIHUZ_clean,499.1
OWIJAH_clean,488.9
OWIJEL_clean,486.2
OWIJIP_clean,502.5
OWIJOV_clean,509.3
OWILAJ_clean,505.3
OWIYUP_clean,3756.2
OWIZAW_clean,249.0
OWUWOU_clean,1139.0
OWUWUA_clean,1224.5
OXALAB_clean,230.4
OXALEF_clean,237.2
OXALIJ_ion_b,234.0
OXALOP_clean,344.7
OXALUV_SL,607.4
OXAMEG_clean,341.9
OXANOR_clean,904.9
OXANUX_clean,926.1
OXAPAF_clean,897.8
OXEVOE_clean,244.9
OXITOF_clean,193.0
OXOLAP_SL,446.8
OXOZUY_clean,2108.9
OXUPUT_clean,364.2
OYAJIJ02_clean,1650.7
OYAKAC02_clean,1494.0
OYEJOS_clean,414.3
OYERER_clean,168.3
OYERIV_clean,681.1
OYEROB_clean,455.6
OYERUH_clean,1030.1
OYEWEW_clean,254.9
OYEWIA_clean,210.0
OYIVEY_clean,418.2
OYIVIC_clean,356.0
OYIVOI_clean,387.0
OYOSAX_clean,694.5
OYOVOP_clean,454.9
OZASOZ_clean,1797.1
OZAVES_clean,227.3
OZAVOC_clean,395.2
OZAVUI_clean,289.3
OZUKOL_clean,548.9
OZUKUR01_clean,445.6
OZUKUR_clean,544.2
OZULAY_clean,533.7
OZULUS_clean,817.0
OZUMAZ01_clean,821.7
OZUMAZ_clean,811.1
OZUMIH_clean,858.6
PACGIM_clean,1208.0
PACHUZ_clean,445.9
PACZOK_clean,1121.5
PACZUQ_clean,424.9
PAFMUH_clean,312.1
PAHPOG_clean,1150.1
PAJSAX_clean,349.4
PAKFAL_clean,381.3
PAKFEP_clean,381.9
PAKXIK_clean,591.6
PALTIH_clean,525.6
PALTON_clean,1318.8
PAMHIW_clean,1054.4
PAMTII_clean,247.8
PAMTOO_clean,240.7
PAMTUU_clean,249.7
PAMVEG_clean,326.2
PAPROO_clean,420.2
PAPRUU_clean,372.8
PAPVAF_clean,624.6
PAPXUB_clean,548.1
PAQMAY_clean,489.1
PAQMEB_clean,238.6
PAQTIM_clean,610.4
PAQTOS_clean,616.8
PAQVEK_clean,833.4
PARHAS_clean,157.6
PARHEW_clean,157.0
PARKUQ01_clean,245.1
PARMIG_clean,1017.6
PARNIH_clean,248.8
PARNON_clean,573.9
PARSAF_clean,2468.2
PARSEJ_clean,3016.8
PASMUT_clean,424.0
PASNAA01_clean,504.8
PASNAA_clean,500.9
PASTOU_clean,570.8
PATNAB_clean,142.8
PATWOY_clean,403.4
PAVLOO_clean,856.6
PAVMAB_clean,839.9
PEBNEP_clean,592.0
PECLEP_clean,1484.5
PEDMER_clean,358.8
PEDMOB_clean,392.8
PEDRIA_clean,989.0
PEFJUF_clean,593.5
PEFRID01_clean,1300.1
PEFRID_clean,549.3
PEFRUP01_clean,1307.1
PEFRUP_clean,548.1
PEFSUQ_clean,332.5
PEGBAG_clean,356.4
PEGBUA_clean,362.7
PEGCAH_clean,432.1
PEGCEL_clean,470.3
PEGCIP_clean,1088.5
PEGPOI_clean,602.9
PEGQID_clean,216.2
PEGQOJ_clean,221.2
PEGQUP_clean,223.9
PEHQID_neutral,564.8
PEHTON_clean,680.0
PEJFOA_clean,1689.4
PEJFUG_clean,1585.5
PEJMOI_clean,222.3
PEJMUO_clean,922.0
PEJNUP_clean,216.9
PEKCUF_clean,610.5
PEKDAM_clean,351.0
PEKDEQ_clean,714.2
PEKVUY_clean,496.3
PEKZIP_clean,292.6
PELGOE_clean,378.4
PELQII_clean,652.0
PELRIJ_clean,300.7
PELXIP_clean,668.0
PEMGEV_clean,2555.8
PEMREG_clean,545.3
PEMRIK_clean,927.0
PENNAZ_clean,412.8
PENNIH_clean,1151.2
PENNON_clean,171.4
PENNUT_clean,887.4
PENYIR_clean,496.7
PENZIS_clean,491.7
PEPBAO_clean,402.7
PEPFAT_clean,2087.7
PEPKOL_clean,919.6
PEPKUR_clean,927.9
PEPLAY_clean,337.4
PEPLEC_clean,346.3
PEPLIG_clean,338.4
PEPLOM_clean,351.2
PEQFAT_clean,558.6
PEQRUZ_clean,724.3
PEQWAK_clean,420.2
PESTUD_clean,893.8
PETWOC_clean,363.0
PETWUI_clean,11523.4
PETXAP_clean,5137.3
PEVFON_clean,275.7
PEVLIN_clean,244.2
PEVQIS_clean_h,1022.2
PEVQOY_clean_h,1081.6
PEVXAQ_clean,365.2
PEWGEF_clean,204.7
PEWLUA_clean,265.0
PEWXUL01_clean,1025.9
PEWXUL_clean,1160.2
PEXFAA_clean,148.8
PEXTUI_clean,266.3
PEYPAM_SL,1891.0
PEYPIU_clean,1184.9
PEYSIW_clean,970.5
PEYVEV_clean,781.9
PEZCII_clean,376.3
PIBGAK_clean,301.5
PIBNUK01_clean,604.6
PIBNUK_clean,594.5
PIBPAS01_clean,478.9
PIBPAS_clean,485.1
PIBPIA_clean,595.2
PICTIG_clean,256.6
PIDMEV01_clean,416.1
PIDMEV_clean,399.8
PIDNEX_clean,474.6
PIDNOH_clean,7504.3
PIGXUZ_clean,547.9
PIHNUQ_clean,615.2
PIHWAG_clean,269.4
PIHWOU_clean,584.8
PIJDIX_clean,447.6
PIJJEZ_clean,11553.6
PIJJOI_clean,512.2
PIJROR_clean,286.6
PILJAX_clean,362.2
PIQFIG_clean,174.5
PIQMOT_clean,1149.9
PIQMUZ_clean,448.7
PITPEP_clean,574.7
PITRIU_clean,1586.3
PIVBEC_clean,547.1
PIWSEV_clean,516.4
PIYZAZ_clean,88.6
PIYZED01_clean,143.2
PIYZED02_clean,146.3
PIYZED03_clean,146.7
PIYZED_clean,149.5
PIZHOX_clean,250.2
PIZNOB_clean_h,218.5
PIZPAP_clean_h,359.0
PIZPET_clean_h,411.3
PIZPIX02_clean,378.5
PIZPIX_clean_h,369.6
PIZPOD_clean_h,413.2
PIZQUM_clean,574.7
PIZRAT_clean,477.0
PIZRUN_clean,561.2
PIZSAU_clean,459.7
POBGAQ01_clean,359.2
POBGAQ_clean,234.8
POBJIB_clean,1643.3
POBMOJ01_clean,1080.1
POBNEA_clean,122.3
POBVIN_clean,740.5
POCPAZ_clean,1274.1
POCRAB_clean,364.2
PODKOK_clean,487.8
PODKUQ_clean,550.6
PODVIP_clean,391.8
PODXEN_clean,859.8
POFGUO_clean,1932.1
POFSIN01_clean,148.1
POFSIN02_clean,144.6
POFSIN03_clean,143.5
POFSIN04_clean,143.9
POFSIN_clean,143.1
POHCOG_clean,321.0
POHWIU_clean,170.5
POKGEC_clean,260.5
POKSAL_clean,502.1
POKSEP_clean,451.2
POKSIT_clean,447.7
POKSOZ_clean,439.2
POKTIU_clean,405.8
POKVAO_clean,451.1
POLBEX_clean,2267.0
POLBIB_clean,222.7
POLBUN_clean,1320.1
POLDOK_clean,1001.3
POLDUQ_clean,900.9
POLYEW_clean,1135.9
POMMAH_clean,299.2
POMSER_clean,562.8
POMSOB_clean,320.3
PONPOX_clean,1660.5
PONSOC_clean,1427.8
PORGAE_clean,820.7
PORLAL_clean,298.8
PORLEP_clean,501.1
PORVID_clean,332.0
PORVUO_clean,531.6
POSFIO_clean,550.7
POSGAH_clean,347.5
POTNET_clean,385.9
POTREX_clean,718.7
POYPAW_clean,1425.8
POZHUI_ion_b,203.1
PUBROU_clean,1289.3
PUBRUA_clean,3521.3
PUBSAH_clean,443.9
PUBSEL_clean,673.6
PUBSIP_clean,466.1
PUBSOV_clean,2591.5
PUCKUV_clean,1011.8
PUDSIR01_clean,229.3
PUDSIR_clean,231.2
PUDSOX_clean,235.6
PUDSUD_clean,227.5
PUFRIR_clean,277.5
PUGGOP_clean,915.7
PUGPEO_clean,200.0
PUGSER_clean,1014.8
PUGSOB_clean,1538.7
PUGSUH_clean,1248.3
PUJJEL_clean,531.6
PUJQEQ_clean,559.3
PUKSUL_clean,117.0
PUKVAU_clean,411.4
PULMIU_clean,843.2
PUMDIM_clean,375.6
PUMGIP01_clean,953.4
PUMGIP_clean,1168.6
PUMNIV_clean,129.3
PUMNOB_clean,127.4
PUNSIB_clean,593.5
PUPHUE_clean,708.5
PUPJER_clean,835.1
PUQDOW_clean,1099.9
PUQXUV_clean,778.3
PUQYAC_clean,777.1
PURJES_clean,2149.7
PURJIW_clean,916.2
PURNEX_clean,506.2
PURNIB_clean,583.4
PURSOK_clean,289.6
PUSSEC_clean,403.3
PUTYEI_clean,658.1
PUVJOG_clean,211.9
PUWCIT_clean,407.2
PUWCUF_clean,465.3
PUWDAM_clean,710.2
PUWDIU_clean,632.0
PUWDOA_clean,872.5
PUWVAG_clean,1016.4
PUWXAH_clean,369.1
PUWZOX_clean,3879.1
PUYHOI_clean,220.6
PUYZUF_clean,311.8
PUZJOL_clean,345.7
PUZKOM_clean,706.6
PUZKUS_clean,599.4
PUZLAZ_clean,580.5
PUZLUS_clean,667.7
PUZMAZ_manual,2847.2
PUZTOV_clean,1447.0
PYDCUT_clean,229.8
QADBII_clean,423.7
QADWEA_clean,371.3
QADWIE_clean,370.7
QADWOK_clean,375.6
QADWUQ_clean,369.4
QADXAX_clean,374.1
QAGDIO_clean,382.8
QAGQEW_clean,2450.4
QAGTOH_clean,715.5
QAHDUA_clean,153.7
QAHQOH_clean,612.7
QAJKIV_clean,1493.9
QALGUH_SL,190.0
QALHAO_clean,2329.0
QALHES_clean,2277.1
QALHIX_clean,566.7
QALWUV_clean,322.1
QAMHAQ_clean,522.4
QAMLEY_clean,153.0
QAMVEH01_clean,764.3
QAPPON_clean,417.0
QAPQEE_clean,237.3
QAQHOG_clean,1154.7
QAQMON_clean,264.2
QAQNOO_clean,279.5
QAQRUW_clean,648.1
QAQSAD_clean,284.9
QARCET_clean,470.3
QARLON_clean,305.9
QARLUT_clean,291.6
QARMAA_clean,270.4
QASSUZ_clean,312.9
QATHOK_clean,330.4
QATKII_clean,669.8
QATKOO_clean,645.9
QATLEE_clean,2572.4
QATPOR_clean,1145.9
QATVUE_clean,1300.0
QATXIU_clean,591.7
QAVBUL_clean,217.2
QAVPIO_clean,1394.1
QAVPOU_clean,2591.3
QAVWAN_clean,1238.2
QAWDID_clean,79.7
QAWPIO_clean,233.0
QAWREM_clean,733.1
QAWRIQ_clean,792.1
QEBGAH_clean,475.2
QEBGEL_clean,669.1
QEBKUF_SL,602.5
QEFNAQ_clean,332.9
QEFWUV_clean,209.7
QEGHEP_clean,1021.9
QEJYIP_clean,754.2
QEPZOB_clean,290.3
QEQZUH_clean,996.9
QERWAL_clean,690.1
QERZUI01_clean,956.7
QESLOQ_clean,614.6
QESYOD_clean,285.7
QETCUO_clean,335.2
QETHUT_clean,2451.5
QETQIP_clean,1005.0
QEVKOS_clean,470.4
QEWDON_clean,612.2
QEZZOL_clean,296.9
QIGBIR_clean,117.6
QIHXIQ_clean,222.9
QIJLAW_clean,156.3
QIKYOA_clean,441.9
QILBUK_clean,1301.7
QIPROY_clean,261.5
QIQTAN_clean,443.2
QIQZIB_clean,859.3
QIRWAR_clean,477.3
QIRYAS_clean,339.6
QISNAJ_clean,116.5
QISNEN_clean,117.9
QISNIR_clean,117.2
QITDOO_clean,425.6
QITHAC_clean,1711.9
QITHEG_clean,2511.5
QITXAU_clean,361.1
QITYOI_clean,260.7
QIVJAG_clean,125.1
QIVQAP_clean,7354.3
QIVYUR_clean,829.1
QIWCOQ_clean,760.4
QIWDOR_clean,481.2
QIWGOU_clean,874.6
QIWHEL_clean,1416.4
QIWPET_clean,346.7
QIWQES_clean,735.4
QIXNES_clean,237.5
QIXNIW_clean,224.3
QIXSOG01_clean,109.2
QIXSOG_clean,109.7
QIYDAF01_clean,308.5
QIYDAF_clean,354.2
QIYDEJ_clean,444.1
QIYDIN01_clean,913.1
QIYDIN_clean,117.9
QIYDOT_clean,134.9
QIZLIW_clean,780.0
QOBGEV_clean,910.4
QOBPEE_clean,2146.5
QOCBUH_clean,1895.4
QOCRUW_clean,201.2
QOCSAD_clean,222.1
QOCSEH_clean,199.0
QODHUO01_clean,1147.7
QODHUO02_clean,1163.9
QODHUO03_clean,1176.3
QODHUO04_clean,1140.0
QODHUO05_clean,1163.8
QODHUO06_clean,1146.2
QODHUO07_clean,1153.1
QODHUO08_clean,1141.6
QODHUO09_clean,1135.3
QODHUO10_clean,1206.1
QODHUO11_clean,1155.2
QODHUO12_clean,1194.4
QODHUO13_clean,1178.5
QODHUO_clean,1359.3
QODPOQ_clean,1155.5
QODQEH_clean,1182.1
QODSUZ_clean,1118.5
QOFBIY01_clean,1130.8
QOFBIY02_clean,1197.6
QOFBIY_clean,1149.9
QOFCAR_clean,1148.5
QOFCIZ_clean,1229.8
QOFCOF_clean,1170.9
QOFDAS_clean,1197.6
QOFDEW_clean,1185.1
QOFDIA01_clean,1180.1
QOFDIA02_clean,1183.8
QOFDIA05_clean,1180.3
QOFDIA06_clean,1129.4
QOFDIA07_clean,1176.9
QOFDIA08_clean,1163.0
QOFDIA_clean,1198.0
QOFDOG_clean,1125.0
QOFKUT_clean,802.7
QOFLAA_clean,165.2
QOFPAE_clean,137.4
QOGGID_clean,908.7
QOGPIM_clean,523.9
QOHTUD_clean,318.3
QOHYET_clean,1129.6
QOJTUE_clean,290.7
QOJVAM_clean,381.6
QOKCID_clean,643.0
QOKKAE_clean,297.6
QOLVET_clean,1780.9
QOMDUS_clean,315.4
QOMFEE_clean,1381.3
QOMRUH_clean,257.0
QOMSAO_clean,233.8
QOMSES_clean,242.7
QOMTET_clean,1252.9
QONKUB_clean,240.4
QONLAI_clean,248.0
QONLEM_clean,245.6
QONLIQ_clean,267.3
QONQAM_clean,353.1
QONQEQ_manual,556.9
QOPCEE_clean,295.2
QOPDAA_clean,1468.5
QOPDEE_clean,719.2
QOPPES_clean,232.4
QOPPOC_clean,910.6
QOPZIF_clean,406.4
QOQWOK01_clean,356.9
QOQWOK_clean,354.7
QOSJEP_clean,587.6
QOSJIT_clean,578.5
QOSJOZ_clean,577.4
QOSJUF_clean,662.2
QOSKAM_clean,601.5
QOSXOM_clean,1069.5
QOTHOY_clean,437.0
QOTZEG_clean,415.9
QOVDAH_clean,422.7
QOVDEL_clean,410.1
QOVSOL_clean,1576.9
QOWLEU_clean_h,235.0
QOWQUO_manual,985.0
QOWRAV02_clean,4039.5
QOWRAV04_clean,3956.9
QOWRAV05_clean,4019.8
QOWRAV06_clean,3918.3
QOWRAV07_clean,3945.5
QOWRAV08_clean,3921.2
QOWRAV09_clean,4026.1
QOWRAV10_clean,3966.4
QOWRAV11_clean,4159.6
QOWRAV12_clean,4000.8
QOXFIU_clean,338.9
QOXNIB_clean,658.4
QOYLOG_clean,643.9
QOZDOY_clean,1615.7
QOZGAP_clean,466.2
QOZPEC_clean,558.5
QOZPIG_clean,352.9
QOZPOM_clean,468.5
QOZWAF_clean,1127.6
QUBWIU_clean,354.1
QUBZAP_clean,484.7
QUDGED_clean,1036.7
QUDJIJ_clean,492.8
QUDJOP_clean,594.0
QUFTAM_clean,425.7
QUJJUC_clean,1012.7
QUJWEZ_clean,1103.0
QULLEP_clean,246.1
QULMIU_clean,265.6
QUMFUB_clean,233.6
QUNVIG_clean,1756.3
QUNWAZ_clean,857.9
QUPDEL01_clean,651.6
QUPDEL_clean,875.1
QUPHUF_clean,1084.9
QUPJAN_clean,717.1
QUQBAH_clean,1003.3
QUQFIS_clean,588.9
QUQFOY_clean,481.3
QUQGAL_clean,370.5
QUQGEP_neutral,459.2
QUQHAM_clean,326.4
QUQMOG_clean,2401.7
QUQPOI_SL,369.3
QUQQOJ_clean,1629.1
QUQWOQ_clean,201.7
QUQWUW_clean,492.2
QUQYUY_clean,1246.6
QUQZOS_clean,1456.9
QURPIE_clean,6013.9
QURSEC_clean,1236.2
QUSBIP_clean,288.5
QUSCAJ_clean,384.7
QUSCEN_clean,2006.0
QUSHUJ_clean,891.3
QUSQIG_clean,788.9
QUSRIH_clean,484.3
QUSRUT_clean,192.2
QUSSAA_clean,633.4
QUSSII_clean,637.4
QUSSOO_clean,353.7
QUTDAM_clean,433.0
QUTTII01_clean,274.8
QUTTII_clean,295.2
QUWYEO_clean,1269.0
QUXQUX_clean,1304.7
QUXRAE_clean,1305.7
QUXREI_clean,1269.1
QUXRIM_clean,1319.4
QUXROS_clean,1307.9
QUXRUY_clean,1252.5
QUZVEO_clean,153.9
QUZZES_clean,748.3
RABHAZ_clean,352.4
RABHIH_clean,466.1
RACHUA_clean,2642.8
RACZEC_clean,626.3
RAFNIV_clean,607.2
RAFNUH01_clean,580.7
RAFNUH_clean,208.9
RAGMOE_clean,522.9
RAHBUZ_clean,453.8
RAHMAP_clean,284.8
RAHNOF_clean,651.0
RAHPAT_clean,6859.8
RAJFAM_clean,600.5
RAJFEQ_clean,598.4
RAKCUC_clean,405.7
RAKDAJ_clean,1322.0
RAKDEN_clean,401.5
RAKMOF_clean,125.6
RANCEQ_clean,325.6
RANNOM_clean,390.3
RANNUS_clean,372.8
RANPAA_clean,513.6
RANVUA_clean,1657.2
RANWAH_clean,1799.4
RAPBOZ_clean,509.3
RAPYUE_clean,170.3
RASGAT_clean,151.2
RASKIH_clean,1218.0
RASKON_clean,470.2
RASXEP01_clean,218.7
RASXIT_clean,227.6
RATRUB_clean,463.5
RATSAI_clean,498.3
RAVJOP_clean,1968.6
RAVVIU01_clean,256.6
RAVVIU_clean,253.3
RAVVUH_clean,263.1
RAVWAO_clean,493.5
RAVWES_clean,274.4
RAVWIW_clean,159.3
RAVWOC_clean,165.9
RAVWUI_clean,191.9
RAVXAP_clean,311.0
RAVXET_clean,307.0
RAVXIX_clean,475.9
RAVXOD_clean,644.0
RAWZIA_clean,1074.5
RAXBOJ_clean,303.5
RAXQEO_clean,361.1
RAYFAA_clean,480.1
RAYFEE_clean,321.3
RAYKIN_clean,551.1
RAYLAG_clean,583.7
RAYLOU_clean,630.8
RAYMAG_clean,453.1
RAYMIP_clean,385.5
RAYMOV_clean,314.8
RAZGOQ_clean,274.9
RAZXIA01_clean,292.0
RAZXIA02_clean,276.9
RAZXIA_clean,345.9
RAZYIC_clean,483.1
RAZYOI_clean,378.5
REDROI_clean,682.6
REDYEG_clean,374.1
REFJET_clean,448.2
REFTON_SL,372.9
REFTUT_clean,369.3
REGJIW01_clean,634.3
REGJIW02_clean,576.7
REGJIW_clean,658.8
REGMOH_clean,850.1
REGMUN_clean,824.0
REGQUR_clean,422.5
REGRAY_clean,287.4
REGREC_clean,947.1
REGRIG_clean,401.1
REHHET_clean,1052.6
REHHIX_clean,644.6
REHHOD_clean,443.0
REHHUJ_clean,817.6
REHJAR_clean,1168.4
REHTUV_clean,7627.8
REHVAD_clean,1620.4
REHVEH_clean,1575.4
REJLAU_clean,386.4
REJLEY_clean,559.7
REJLIC_clean,727.2
REJLOI_clean,1671.1
REJVOS_clean,267.7
REKZIR_clean,720.3
RESDUQ_clean,492.0
RESQAJ_clean,470.3
RESSAK_clean,381.0
RESZIA_clean,944.3
RETBEZ_clean,1113.2
RETVIW_clean,768.2
REVYUO_clean,947.5
REWLEM_clean_h,788.2
REWNEO01_clean,265.8
REWNEO_clean,259.6
REWSUJ_clean,445.7
REXCEE_clean,391.7
REXCII_clean,192.5
REXCOO_clean,191.6
REXCUU_clean,190.1
REXDEF_clean,191.1
REXDIJ_clean,195.5
REXDOP_clean,191.2
REXDUV_clean,198.3
REXFAD_clean,188.0
REXFEH_clean,191.4
REXFIL_clean,195.0
REXFOR_clean,193.0
REXGAE_clean,1042.3
REYBAA_clean,352.3
REYJEM_clean,915.4
REYMOZ_clean,3297.5
REYPES_clean,629.9
REYPIW_clean,629.5
REZVAU_clean,495.3
REZXEA_clean,134.1
REZXIE01_clean,190.0
REZXIE_clean,192.0
REZXOK_clean,107.3
REZXUQ_clean,127.5
RIBDAJ_clean,242.6
RIBDEN_clean,249.4
RIBTAZ_clean,481.2
RICBEM_clean,421.3
RICHIV_clean,277.9
RIFDUG01_clean,251.0
RIFGAQ_clean,3437.5
RIFMIE_clean,335.2
RIFQUT_clean,294.9
RIFSOQ_clean,3529.2
RIGPEE01_clean,435.6
RIGPEE_clean,330.3
RIGTIL_clean,393.6
RIGVOU_clean,339.3
RIGWIP_clean,298.5
RINSEM_clean,136.5
RIPKIM01_clean,333.5
RIPKIM_clean,337.6
RIPNIP_clean,482.2
RIPTEQ_clean,284.0
RIRDED_clean,2123.5
RIRDIH_clean,2545.7
RITGEI_clean,473.6
RITGIM_clean,368.2
RITGUY_clean,215.6
RIVDEF_clean,375.2
RIWMUH_clean,1538.8
RIWNAO_clean,1460.8
RIWSUM_clean,423.1
RIXBEG_clean,1247.8
RIXBIK_clean,1284.7
RIXPIZ_clean,316.0
RIYBAE_clean,1302.4
RIYBEI_clean,1595.6
RIYBIM_clean,1733.2
RIYBOS_clean,1658.0
RIYWED_clean,802.1
RIYWIH_clean,713.9
RIYXIG_clean,261.9
RIZXUT_clean,129.5
ROBWAH_clean,460.0
ROBYOY_clean,3354.1
ROCZAM_clean,412.4
ROCZEQ_clean,423.0
ROCZIU_clean,169.7
ROCZOA_clean,234.6
ROCZUG_clean,229.9
RODBAP_clean,223.0
ROGLOP_clean,525.5
ROGSAI_clean,317.3
ROKRIU_clean,9233.6
ROKROA_clean,8332.8
ROLZEZ_clean,453.4
ROMMAJ_clean,746.6
ROMQAN_clean,437.0
RONCIG_clean,173.1
RONSIY_clean,989.7
RONSOC_clean,137.5
RONSOE_clean,805.7
RONWIA_clean,154.0
RONZID_clean,105.3
ROQVIE_clean,231.6
RORLIV_clean,191.2
RORRIB_clean,381.9
RORTAV_clean,1297.2
RORTID_clean,602.6
RORTOJ_clean,518.6
RORTUP_clean,608.8
RORVAX_clean,351.3
ROTQIC_clean,516.2
ROTTOL_clean,467.4
ROYJUM_clean,441.6
ROYREE_clean,427.5
ROYRII_clean,465.6
ROYROO_clean,506.0
RUBDUP_clean,151.1
RUBGUS_clean,649.7
RUBTAK01_SL,425.9
RUBTAK02_SL,374.1
RUBTAK03_auto,454.9
RUBTAK04_clean,3395.9
RUBTAK06_clean,3436.3
RUBTAK07_clean,3385.7
RUBTAK08_clean,3447.8
RUBTAK09_clean,3553.8
RUCGOM_clean,696.5
RUDPOW_clean,441.2
RUDQEN_clean,548.4
RUDQOX_clean,262.3
RUFDUT_clean,781.9
RUFPUF_clean,146.1
RUFRIV_clean,610.3
RUFTET_clean,403.8
RUFZID_clean,578.4
RUFZOJ_clean,387.4
RUGKOV_clean,308.5
RUGXIC_clean,3521.6
RUGXOI01_clean,816.3
RUGXOI_clean,487.9
RUGXUO_clean,1096.5
RUGYOJ_clean,571.3
RUGZAW_clean,571.5
RUHCED_SL,640.1
RUHFEH_clean,136.0
RUHFIL_clean,132.5
RUHFOR_clean,138.5
RUHFUX_clean,129.1
RUKHAI_clean,1802.7
RULBOQ_clean,305.6
RULMUI_clean,1063.6
RULQIY_clean,174.8
RULVUP_clean,858.6
RULXOM_clean,1173.4
RUMRUO_clean,324.8
RUNXUV_clean,953.5
RUPTED_clean,180.5
RUPVAB_clean,1988.7
RURPAW_clean,359.6
RURPEA_clean,210.4
RUSHIY_clean,1370.6
RUSWIN_clean,415.2
RUSWOT_clean,413.6
RUSWUZ_clean,420.7
RUSXAG_clean,428.4
RUSXEK_clean,424.3
RUTNOK_manual,204.0
RUVBOB_clean,708.0
RUVCES_clean,113.1
RUVKAV_clean,132.6
RUVMAX_clean,935.8
RUVMUR_clean,228.0
RUWWOW01_clean,476.4
RUWWUC_clean,492.2
RUWXAJ_clean,243.1
RUWXEN_clean,297.6
RUWZIU_clean,628.3
RUWZOA_clean,676.4
RUWZUG_clean,750.9
RUYNEG_clean,1688.2
RUYNIK_clean,404.8
RUYQIN01_clean,1077.5
RUYQIN02_clean,1045.5
RUYQIN03_clean,1070.9
RUYQIN_clean,1064.1
RUYQOT_clean,1048.5
RUYTIQ_clean,1052.3
RUYTUC_clean,1032.5
RUYVAK_clean,1109.5
RUYVEO_clean,463.8
RUYVIS_clean,232.9
RUYZUH_clean,244.0
RUZCOF_clean,413.7
RUZDAS_clean,136.9
S2052520616005515_bm5080sup1_clean,437.2
S2056989016007027_zl2661sup1_clean,558.4
SABFUX_clean,164.4
SABKIS_clean,353.3
SABVOH01_clean,547.4
SABVOH_manual,522.6
SABVUN_clean_h_min,1675.1
SACDOR_clean,1379.6
SADLEQ_clean,218.9
SADLIU_clean,262.0
SADMUH_SL,198.0
SADVEB_clean,577.2
SAHXAD_clean,243.2
SAJDIT_clean,344.7
SAJHUJ_clean,2157.5
SAJRAW10_clean,146.6
SAJRAW11_clean,151.9
SAJRAW_clean,141.5
SAJRUT_clean,554.9
SAJSAA_clean,1329.0
SAKNOJ_clean,2085.0
SAKRAZ_clean,333.8
SAKRED_clean,316.9
SALROO_clean,979.4
SALRUU_clean,326.4
SALXEL_clean,706.3
SALXIP_clean,647.1
SALZAH_clean,357.5
SAMLAV_manual,251.4
SAMVEK_clean,244.4
SAMVIO_clean,292.9
SAMXUC_clean,710.7
SAMYAJ_clean,703.9
SAMYEN_clean,736.4
SAMYIR_clean,715.8
SANGEW_clean,1015.5
SANGIA_clean,1325.2
SANGOG_clean,1333.7
SANGUM_clean,710.4
SANHEX_clean,1363.3
SANHIB_clean,958.0
SANHOH_clean,681.2
SANHUN_clean,1033.8
SANJAV_clean,1088.4
SAPHOI_clean,972.2
SAQQAD_clean,181.4
SAQQEH_clean,187.7
SAQQIL_clean,188.1
SAQQOR_clean_h,182.7
SAQSOU_clean,797.0
SARGID_clean,1025.5
SARGOJ_clean,989.7
SARGUP_clean,278.9
SARHAW_clean,263.1
SARHEA_clean,281.8
SARMEE_clean,941.9
SARNOQ_clean,242.0
SARPIL_clean,729.4
SARTIR_clean,217.7
SATRIP_clean,171.7
SATROV_clean,269.0
SAXLEK_clean,107.3
SAXRIS_clean,343.5
SAYTOD_clean,120.7
SAYTUJ_clean,118.5
SEFSOM_clean,386.9
SEFVAC_clean,276.9
SEFVEG02_clean,268.4
SEFVEG_clean,266.3
SEFVUW_clean,283.5
SEFWEH_clean,271.1
SEFWIL_clean,276.6
SEFWOR_clean,277.7
SEGBIR_clean,290.4
SEGMEW_clean,259.2
SEHMUO_clean,436.7
SEHNEZ_clean,518.4
SEHNID_clean,400.3
SEHSII_clean,254.9
SEHSUU_clean,263.7
SEHTAB_clean,343.5
SEHTEF_clean,293.4
SEHVOQ_clean,485.3
SEHXIN_clean,210.8
SEHZUB_clean,333.9
SEJBAL_clean,302.9
SENQAE_clean,1670.1
SENVIR_clean,1172.4
SEQSIS_clean,1640.9
SEQSOY_clean,929.4
SEQTEP_clean,482.9
SERCEZ_clean,611.9
SERJOP_clean,442.7
SERJUV_clean,179.2
SERLEI_clean,338.5
SERWAP_clean,1255.2
SERWET_clean,1610.2
SERWIX_clean,972.7
SESLUZ_clean,1898.9
SETDUS_clean,626.0
SETPEO_clean,236.2
SETQAL_clean,860.1
SETQEP_clean,872.8
SETQIT_clean,840.7
SETQOZ_SL,192.9
SETQUF_SL,385.9
SETRAM_clean,213.3
SETSIV_clean,139.0
SETSOB_clean,187.3
SETSUH_clean,1052.8
SETTAO_clean,365.3
SETXEW_clean,561.2
SEVLEM_clean,775.5
SEWCED_clean,779.7
SEYQIW_clean,143.2
SEZPIY_clean,590.9
SEZPOE_clean,451.3
SICZOV_clean,461.1
SIDCAL_clean,383.6
SIFVAG_clean,256.3
SIKGAW_clean,259.4
SIKYER_clean,679.9
SINLAE_clean,325.2
SINQEL_clean,265.3
SIPCID_clean,217.5
SIQCOM_clean,1029.3
SIQQEO_clean,356.8
SISFEH_clean,324.3
SISPUH_clean,593.6
SISQAO_clean,589.0
SISQES_clean,587.6
SISQIW_clean,585.7
SITFUY_clean,2470.5
SITTUM_clean,1061.8
SIVGAH_clean,390.1
SIVGIP_clean,563.4
SIVGOV_clean,557.5
SIVGUB_clean,308.9
SIVJIS_clean,604.9
SIVKAK_clean,215.9
SIVQAR_clean,311.9
SIVWUR_clean,995.8
SIWSUO_clean,492.5
SIWTEZ_clean,499.7
SIWTOJ_clean,1058.2
SIZJUH_clean,271.6
SIZPUN_clean,871.4
SOBTUY_clean,208.7
SOBZEQ_clean,300.6
SOCLAZ_clean,320.7
SODNAA_clean,261.3
SODQOT_clean,307.1
SODXUG_clean,1652.8
SODZIV_clean,233.8
SOHBUO_clean,479.7
SOHGUS_clean,455.4
SOHMEI_clean,422.8
SOHMIM_clean,1294.7
SOHMOS_clean,1167.1
SOHMUY_clean,401.3
SOHNAF_clean,403.1
SOHNEJ_clean,435.7
SOHNIN_clean,1355.2
SOJGOO_clean,896.4
SOJSUH_clean,407.2
SOKKOT_ion_b,587.6
SOKKUZ_clean,596.9
SOKWAS01_clean,227.0
SOKWAS_clean,415.1
SOKWUM_clean,181.5
SOKXIB_clean,1355.5
SOKXOH_clean,731.2
SOMCON_clean,1318.8
SOMFAC_clean,590.4
SOMFEG_clean,590.1
SOMFIK_clean,589.8
SOMSIY_clean,378.1
SONTAR_manual,202.1
SONTEV_clean,775.0
SONTIZ_clean,191.2
SONTOF_clean,191.9
SONTUL_neutral_b,226.4
SONVAT_neutral_b,227.6
SONVEX_neutral_b,230.2
SONVIB_neutral_b,229.4
SOPLAM_clean,155.8
SOPLEQ_clean,757.3
SOPLIU_clean,291.0
SOPLOA_clean,284.5
SOSSEA_clean,725.6
SOTWOP_clean,243.8
SOTWUV_clean,251.2
SOTXAC_clean,261.8
SOTXEG_neutral,846.8
SOVHAM_clean,207.7
SOVHIU_clean,2375.4
SOVHOA_clean,279.6
SOVLEW_clean,2618.6
SOXDAM_clean,535.6
SOXDEQ_clean,544.8
SOYFUJ_clean,972.9
SOYWOT_neutral_b,230.8
SOYWUZ_clean,2466.2
SOZBIS_clean,146.6
SOZGIZ_clean,1376.5
SOZGOF_clean,1525.1
SOZRUW_clean,1318.1
SOZSAD_clean,1322.3
SOZSEH_clean,1333.1
SOZSIL_clean,1368.7
SOZSOR_clean,1333.8
SOZSUX_clean,1371.2
SUBMIN_clean,1146.6
SUCLOT_clean,154.6
SUFBAY_clean,643.4
SUFHIM_clean,321.8
SUFJOU_clean,3611.3
SUFROA_clean,131.6
SUGDIJ_auto,219.6
SUGVUM_clean,488.1
SUHBAA_clean,315.9
SUHMEP_clean,409.0
SUJNUH_clean,428.3
SUKKUF_clean,351.3
SUKKUG_clean,3120.8
SUKMAO_clean,2589.4
SUKREX_clean,316.6
SUKRIB_clean,316.0
SUKYIH_clean,294.8
SUKYON_clean,227.9
SUNHUF_clean,258.9
SUNJER_clean,321.5
SUNJIV_clean,240.8
SUNJOB01_clean,250.7
SUNJOB_clean,252.7
SUNLAP_clean,937.4
SUPLOF_clean,431.7
SUPQAW_clean,234.4
SUQHUJ_clean,1038.8
SUQJEV_clean,1113.3
SURDOA_clean,569.4
SURHEU01_clean,3578.0
SURHEU02_clean,3428.2
SURHEU_clean,3560.0
SURKUN01_clean,3312.5
SURKUN_clean,3463.7
SURLEY_clean,3393.6
SUSZIQ_clean,1243.9
SUSZOW_clean,1301.1
SUVNEE_clean,3955.6
SUWBET_clean,1867.4
SUWQEI_clean,839.6
SUXGUP_clean,784.2
SUXNIJ_clean,1345.7
TACFIN01_clean,582.5
TACFIN_clean,494.3
TACPAP_clean,359.2
TACPET_clean,332.6
TACPIX_clean,318.0
TACWOM_clean,487.4
TACWUS_clean,481.8
TADCOS_clean,366.5
TADWEC_manual,1758.5
TADWIG_manual,1595.1
TADWOM_clean,706.4
TADYEE_clean,275.9
TADYII_clean,359.8
TAGBUZ_clean,342.9
TAGSEB_clean,721.6
TAGTED_clean,438.9
TAGTIH_clean,285.1
TAGTUT_clean,1217.7
TAGVAB_clean,609.7
TAHNEY_clean,173.4
TAJXIO01_clean,308.2
TAJXIO02_clean,299.1
TAJXIO03_clean,282.0
TAJXIO04_clean,281.9
TAJXIO_clean,295.9
TAKGOE_clean,234.4
TAKGUK_clean,227.9
TAKHAR_clean,227.9
TAKHEV_clean,235.1
TAKTIL_clean,525.4
TAKTOR_clean,371.3
TAKVAF_clean,382.2
TAMHUM_clean,504.7
TANBOZ_clean,146.3
TAPLED_clean,487.9
TAPXIT01_clean,314.3
TAQGEZ_clean,217.1
TAQGOK_clean,664.4
TARVOX_clean,319.7
TARVUD_clean,319.1
TARWAK_clean,315.1
TARWEO_clean,271.4
TASFAU_clean,1582.0
TASVUG_clean,640.2
TASWAN_clean,660.0
TASWER_clean,671.5
TASWIV_clean,656.4
TASWOB_clean,661.8
TASXIW_clean,469.7
TATPOV_clean,1010.9
TATSAK_clean,893.7
TAVSER_clean,1962.5
TAWHOO_clean,1347.0
TAWSUI_clean,459.4
TAWTAP_clean,553.7
TAWYUO_clean,381.9
TAYNEN_clean,408.3
TAZLAJ_clean,641.6
TAZLEN_clean,669.1
TAZLIR_clean,613.5
TAZLOX_clean,606.7
TAZLUD_clean,614.8
TAZSAP02_clean,288.8
TAZYAV_clean,205.6
TEBSAW_clean,600.5
TECTUS_clean,319.0
TECVEE_clean,372.5
TEDXOR_clean,730.1
TEFWIL_clean,2095.4
TEFWOR_clean,2997.0
TEHRUU_clean,329.3
TEHWEK_clean,158.9
TEJBAN_clean,1317.7
TEJBOB_clean,1068.2
TEJGAS_clean,375.0
TEJGEW_clean,384.7
TEJGIA01_clean,373.1
TEJGIA_clean,375.7
TEJLOL_clean,349.6
TEMPAE_clean,989.7
TEMPEI_clean,269.7
TENLIJ_clean,394.4
TENQOS_clean,574.6
TEPJAB_clean,4911.3
TEQLIM_clean,822.1
TEQPAI_clean,682.1
TEQPEM_SL,160.8
TEQVAO_manual,674.3
TEQVOC_clean,329.8
TEQWER01_clean,157.0
TEQWER_clean,160.3
TERFED_clean,337.4
TERFUT_clean,160.6
TERNUA_clean,384.0
TESGOO_clean,337.0
TESGUU_clean,340.5
TESHAB_clean,331.4
TETVIZ_clean,247.1
TETWEW_clean,264.1
TETZEX_clean,1819.6
TETZEZ_clean,1438.2
TETZID_clean,664.4
TEVHEJ_clean,593.0
TEVZEA_clean,336.0
TEVZIE_clean,345.8
TEVZOK_clean,325.8
TEVZUQ_clean,336.0
TEWFOS_clean,1090.7
TEWFUY_clean,757.1
TEWGEJ_clean,773.3
TEXTOH_clean,360.7
TEZKAM_clean,871.9
TIDKAS_clean,1016.5
TIDLEZ_clean,215.7
TIDLID_clean,205.4
TIDMEA_clean,282.3
TIFBOA_clean,176.7
TIFZIR_clean,436.0
TIGSOT_clean,258.9
TIGVUC_clean,532.9
TIJPOT_clean,392.4
TIKMEH_clean,1577.0
TILBIB01_clean,1160.9
TILBIB_clean,1150.0
TILBOH_clean,937.4
TILHAZ_clean,238.3
TILPUA_clean,4540.4
TILVOZ_clean,141.7
TILVUF_clean,104.1
TILWAM_clean,102.7
TILWEQ_clean,121.9
TIMMEI_clean,6793.2
TIPZOJ_clean,494.7
TIPZUP_clean,382.5
TIQGOQ_clean,324.5
TIQGUW_clean,310.9
TIQHAD_clean,308.6
TIQHEH_clean,317.5
TIQHIL_clean,316.3
TIRHIL_clean,91.9
TIRKEM_clean,574.5
TIRLIQ_clean,702.8
TIRQOB_clean,4835.0
TIRRIW_clean,1162.4
TISGUY_clean,241.9
TISHAF_clean,1386.4
TISPAO_clean,293.8
TIVYAZ01_clean,164.9
TIVYAZ_clean,232.8
TIXCIO_clean,522.7
TIXMET_clean,302.4
TIXMIX_clean,142.0
TIXVON_clean,1745.9
TOBJUR_clean,399.7
TOBKAY_clean,405.9
TOBKEC_clean,405.3
TOFLIL_clean,509.4
TOFQEM_clean,916.2
TOFTIT_clean,319.8
TOHDAX_clean,11380.7
TOHJIL_clean,274.4
TOHMIO_clean,1821.2
TOHQEO_clean,1047.6
TOHSAL_clean,1109.1
TOHYUL_clean,651.8
TOHYUM_clean,725.5
TOJLOT_clean,324.7
TOKDON_clean,339.2
TOKLEM_clean,582.2
TOKLIQ_clean,489.2
TOLGOR_clean,626.7
TOLYOJ_clean,214.7
TONBOO_clean,654.9
TONLOY_clean,409.7
TONLOZ_clean,736.3
TONTIB_clean,1473.0
TONTOH_clean,1346.9
TONTUN_clean,1351.8
TONVAV_clean,1474.8
TONWUO01_clean,469.6
TONWUO_clean,5048.7
TOPKIT_clean,366.8
TORJAN_clean,349.3
TORJER_clean,360.9
TORJIV_clean,308.4
TORJOB_clean,354.4
TORJUH_clean,312.5
TORKAO_clean,365.0
TORKES_clean,305.7
TORPUN_clean,800.3
TORXAB_clean,327.7
TORXEE_clean,2085.0
TOTVEF_clean,517.2
TOVHET_clean,726.3
TOVHUJ_clean,257.6
TOVJAR_clean,333.7
TOVJEV_clean,273.6
TOVJIZ_clean,314.7
TOVJOF_clean,408.9
TOVJUL_clean,2619.2
TOVKEW_clean,504.1
TOVKIA_clean,626.3
TOVKOG_clean,578.3
TOWLIC_clean,287.3
TOWNEA_clean,597.5
TOWNOK_clean,1769.7
TOWNUQ_clean,843.9
TOWPEC_clean,1313.4
TOWXEK_clean,1374.2
TOXHAR_clean,326.2
TOXMUQ_clean,558.3
TOXNEB_clean,536.4
TOXNIF_clean,880.2
TOZFOF_clean,516.3
TOZHAR_clean,150.8
TUBCEA_clean,293.4
TUBJAD_clean,293.8
TUBLIN_clean,736.2
TUCJAD_clean,529.7
TUDQOZ_clean,1807.7
TUGTAR_clean,1179.8
TUJGAI_clean,4755.4
TUJGIQ_clean,961.7
TUKCOT_clean,1265.4
TUMDAI_clean,756.1
TUMQID_clean,542.5
TUMRIE_clean,638.2
TUMROK_clean,677.8
TUNJET_clean,1096.8
TUPDOZ_clean,674.9
TUPGIU_clean,186.6
TUQWIL01_clean,300.5
TURDIV_clean,874.0
TURDOB_clean,1514.0
TURDUH_clean,1575.8
TURFAP_clean,792.3
TURFET_clean,883.6
TUTHIA_clean,386.6
TUTHOG_clean,507.2
TUTJAU_clean,457.8
TUWFUN_clean,2578.9
TUYFIE_clean,376.4
TUYHOL_clean,250.0
TUYHUR_clean,237.2
TUYJAZ_clean,263.4
TUYJED_clean,238.0
TUYLIJ_clean,1488.4
TUYNEI_clean,405.1
TUZVUH_clean,245.6
UBACUX_clean,393.0
UBECEM_clean,551.6
UBIBUF_clean,713.2
UBIPAY_clean,557.3
UBULIO_SL,227.6
UBULUA_clean,1407.6
UBUMAH_clean,221.7
UBUROY_clean,89.1
UCABAE_clean,643.0
UCAJUF_clean,1761.1
UCAXEC_clean,446.3
UCEGAM_clean,160.2
UCEGEQ_clean,160.5
UCEXAC_clean,677.3
UCEXEG_clean,684.5
UCEXIK_clean,700.4
UCEXOQ_clean,703.8
UCOCUM_neutral,228.5
UCOHUR_clean,1377.5
UCOJAZ_clean,1381.5
UCOJED_clean,1401.3
UCOJIH_clean,408.4
UCOXOZ_clean,686.2
UCUJOU_clean,404.1
UCUTIW_clean,342.7
UDAMET_clean,224.8
UDANEV_clean,1297.7
UDANIY_clean,181.4
UDAWOO_clean,315.1
UDAWUU_clean,194.3
UDAXAB_clean,321.7
UDAXEF_clean,304.4
UDAXIJ_clean,353.2
UDEMEW_manual,3435.8
UDICAN_clean,1938.1
UDIQII_clean,469.9
UDOVOA_clean,2042.7
UDUMIP02_clean,477.6
UDUMIP03_clean,439.6
UDUMIP_clean,445.5
UFASEA_ion_b,374.2
UFEMIC_clean,123.6
UFENAW_clean,152.4
UFEVIL_clean,525.7
UFEXEJ_clean,424.0
UFEXIN_clean,639.9
UFEXOT_clean,2687.4
UFOFIF_clean,172.2
UFUNIS_clean,1721.3
UFUQIV_clean,613.5
UGAQEY_clean,529.1
UGELIB_clean,2088.6
UGEMOK_clean,2487.2
UGOCAW_clean,15368.0
UGOFED_clean,901.6
UGUGUZ_clean,407.1
UGUHAG_clean,407.8
UGUHEK_clean,333.0
UHASED_clean,819.2
UHAXUW_clean,553.1
UHUPET_clean,1378.3
UHUPOD01_clean,908.4
UJAQEC_clean,558.3
UJAQUS_clean,650.8
UJEDIX_clean,748.6
UJEGUL_clean,664.3
UJILAA_clean,135.8
UJIZET_clean,341.1
UJOWEW_clean,198.8
UJULIW_clean,403.9
UJUPUM_clean,875.3
UJUQIB_clean,262.5
UKAJOH_clean,2509.4
UKAPUS_clean,516.2
UKAQAZ_clean,531.2
UKAQED_clean,534.5
UKAQIH_clean,535.7
UKAZEM_clean,110.6
UKEXEP_clean,640.7
UKIQIP_clean,189.3
UKIQOV_clean,251.6
UKIQUB_clean,474.7
UKOLOV_clean,7240.9
UKOZOK_clean,710.9
UKOZOL_clean,481.5
UKUBOS_clean,1775.8
UKUBUY_clean,1931.0
UKUCAF_clean,1882.4
UKUPIB_clean,248.6
UKUPUL_clean,331.9
ULAQAB_clean,1000.7
ULAQEF_clean,838.9
ULASAD_clean,162.2
ULEGOH_clean,2554.0
ULILEI_clean,653.7
ULIMIN_clean,785.1
ULOGAE_clean,460.3
ULOJUC01_clean,332.4
ULOJUC_clean,294.2
ULOKAJ_clean,263.4
ULOKEN_clean,280.3
ULOKOX_clean,272.2
ULOKUD01_clean,371.7
ULOKUD_clean,283.7
ULOLAK_clean,287.7
ULOLEO_clean,270.6
ULOLIS_clean,254.2
ULOMAL_clean,259.8
ULUVUT_clean,289.4
UMABIV_clean,658.1
UMABOB_clean,649.7
UMALUQ_clean,362.8
UMEDEX_clean,267.4
UMEDIB_clean,249.4
UMEDOH_clean,266.4
UMEHOL_clean,564.4
UMEKAA_clean,643.6
UMEKEE_clean,138.6
UMEKII_clean,550.9
UMELAB_clean,1037.4
UMELEF_clean,508.4
UMEPOT_clean,1050.9
UMEQAG_clean,556.5
UMESIQ_clean,710.9
UMESOW_clean,554.1
UMEXUF01_clean,361.3
UMEXUF_clean,376.6
UMIGAA_clean,634.9
UMIZEX_clean,3289.5
UMIZIB_clean,3348.2
UMOBEF01_clean,296.7
UMOBEF02_clean,301.0
UMOBEF03_clean,311.1
UMOBEF04_clean,338.4
UMOBEF05_clean,336.1
UMOBEF06_clean,335.7
UMOBEF07_clean,340.1
UMOBEF08_clean,337.2
UMOBEF09_clean,338.9
UMOBEF_clean,284.0
UMODEH01_clean,337.3
UMODEH03_clean,338.8
UMODEH04_clean,325.4
UMODEH06_clean,365.1
UMODEH07_clean,365.8
UMODEH08_clean,386.0
UMODEH09_clean,395.3
UMODEH10_clean,409.5
UMODEH11_clean,386.3
UMODEH12_clean,400.2
UMODEH13_clean,384.3
UMODEH14_clean,344.9
UMODEH15_clean,336.8
UMODEH16_clean,333.2
UMODEH17_clean,353.6
UMODEH18_clean,333.1
UMODEH19_clean,330.1
UMODEH20_clean,344.4
UMODEH21_clean,346.2
UMODEH22_clean,340.8
UMODEH23_clean,330.1
UMODEH24_clean,344.9
UMODEH25_clean,352.1
UMODEH_clean,333.5
UMOKIS_clean,674.9
UMOVEZ01_clean,308.4
UMOVEZ02_clean,306.2
UMOVEZ03_clean,312.9
UMOVEZ04_clean,305.8
UMOVEZ05_clean,308.1
UMOVEZ_clean,308.5
UMOVID_clean,295.6
UMOVOJ_clean,296.4
UMOYOM01_clean,381.1
UMOYOM02_clean,390.5
UMOYOM03_clean,335.5
UMOYOM04_clean,341.8
UMOYOM06_clean,359.5
UMOYOM07_clean,365.7
UMOYOM08_clean,330.2
UMOYOM09_clean,359.2
UMOYOM10_clean,332.4
UMOYOM11_clean,343.5
UMOYOM12_clean,325.7
UMOYOM13_clean,393.3
UMOYOM14_clean,440.2
UMOYOM15_clean,420.9
UMOYOM16_clean,393.7
UMOYOM17_clean,323.9
UMOYOM18_clean,476.1
UMOYOM19_clean,389.9
UMOYOM_clean,388.2
UMOZUT_clean,345.6
UMUBAH_clean,358.0
UMUBEL_clean,354.3
UMUBIP_clean,359.4
UMUBOV_clean,359.5
UMUXEG_clean,221.3
UNABOB_clean,1112.2
UNACES01_clean,1621.3
UNADIX_clean,1538.0
UNAGOH_clean,399.2
UNAGUN_clean,400.6
UNECOH_clean,559.0
UNECUN_clean,624.0
UNIFII_clean,8114.0
UNIMAG_clean,843.5
UNUNEY_clean,1347.2
UPIBOM_clean,186.0
UQEGII_clean,262.1
UQERIT_clean,615.5
UQETOB_clean,2157.4
UQOWUU_clean,596.8
UQOYOP_clean,1015.0
UQULAU_clean,686.5
URENEM_clean,312.8
UREVIY_clean,461.7
UREVOE_clean,445.4
URUVUA_clean,240.9
URUWEL_clean,266.6
URUWIP_clean,265.7
USAHAZ_clean,986.3
USAWIW_clean,284.3
USEVOF_clean,469.1
USIRUL_clean,640.9
USISEW_clean,725.7
USORUR_clean,745.3
USOXEH_clean,575.7
USUBUG_clean,286.2
USUPUV_clean,239.1
USUVIP_clean,207.7
USUWUC_clean,528.1
UTACOJ_clean,242.8
UTACUP_clean,262.9
UTADIE_clean,184.1
UTELIQ_clean,1031.9
UTEMAJ_clean,920.0
UTEWOG_clean,468.5
UTEXIB_clean,354.4
UTOCAJ_clean,1469.7
UTOCEN_clean,1524.3
UTULEB_clean,234.4
UTULIF_clean,786.5
UTULUR_SL_part,1465.9
UVANOW_clean,413.7
UVANUC_clean,398.9
UVEVAT_clean,505.7
UVEVUN_clean,2400.6
UVINAP_clean,223.0
UVIPIZ_clean,2416.6
UVIPOF_clean,2376.8
UVOBUE_clean,273.5
UVOTOQ_clean,227.6
UVUCEV_clean,666.0
UVUDEW_clean,1033.9
UVUDUM_clean,1191.6
UVUFUN_clean,2240.9
UVUQAE_clean,1102.8
UVUQOT_clean,366.7
UVUWAL_clean,585.6
UWALEL_clean,660.7
UWELIS_clean,1567.9
UWODAN_clean,298.9
UWOWAF_clean,710.0
UWUKII_clean,243.2
UWUTIQ_clean,1245.1
UXABOL_clean,292.8
UXABUR_clean,310.0
UXACAY_clean,287.7
UXAXEY_clean,959.2
UXINAR_clean,1114.4
UXIQOJ_clean,265.5
UXISUR_clean,3170.1
UXOHOG_clean,539.9
UXUNUX_clean,581.9
UXUPEJ_clean,592.2
UXUPIN_clean,620.0
UXUZAP_clean,638.0
UYAMIS_clean,564.5
UYAMOY_clean,1605.9
UYAQAN_clean,352.7
UYOFIY_clean,1103.3
UZANOZ_clean,427.1
UZATAR_clean,235.3
UZEKEQ_clean,380.0
UZIJUJ_clean,508.1
UZIZOU_clean,875.8
UZOBAN_clean,667.6
UZOBAO_clean,865.1
UZOBER_clean,235.1
UZOBES_clean,836.4
UZOBIW_clean,903.7
UZUNAF01_clean,534.5
UZUNAF_clean,517.4
UZUTUG_clean,432.5
UZUXOE_clean,841.9
UZUZUL_clean,578.5
VABJIS_clean,195.2
VABJUE_clean,1785.1
VABKAL_clean,1741.1
VABKAN_clean,253.7
VABKER_clean,246.0
VACFOV_clean_h,543.6
VACFUB01_clean,304.4
VACFUB_clean_h,313.2
VACLIX_clean,421.2
VADWON_clean,646.7
VAFWAB_clean,463.6
VAGBEN_clean,756.8
VAGBOX_clean,527.8
VAGBUD_clean,233.4
VAGJET_clean,552.7
VAGMAT_clean,172.5
VAGMEX_clean,177.0
VAGTAA01_clean,460.2
VAGTAA_clean,205.7
VAGTAB_clean,1363.7
VAGTUU_clean,720.1
VAHJEW_clean,637.9
VAHJIA_clean,453.6
VAHPUR_clean,470.0
VAHQAY_clean,486.8
VAHSON_clean,953.3
VAHTOQ_clean,800.2
VAHTUW_clean,9380.6
VAHVOR_clean,309.2
VAJGAR_clean,3655.5
VAJTEH_clean,584.7
VAJVEJ_clean,1454.1
VAKLIF_clean,317.3
VAKNAZ_clean,320.6
VAKNED_clean,277.5
VAKPOP_clean,271.3
VAKPUV_clean,593.1
VAKQAC_clean,265.5
VALVAI_clean,654.5
VALVIQ_clean,488.2
VALWUD_clean,1076.7
VALXAK_clean,1184.8
VALXEO_clean,1040.9
VALXIS_clean,1133.3
VALXOY_clean,1315.0
VAMPUX_clean,895.2
VAMQAE_clean,507.0
VAMQIM_clean,886.0
VAMQOS_clean,869.3
VAMYEQ_clean,628.1
VAMYUG_clean,613.8
VAMZER_clean,6330.8
VANHEA_clean,375.4
VANNEG_clean,521.2
VANNIK_clean,163.3
VAPBEV_clean,1425.5
VAPBIZ_clean,1418.3
VAPFUP_clean,251.6
VAPHOM_clean,418.3
VAQTUF_clean,345.6
VARHIH_clean,965.1
VARHON_clean,541.2
VARJAB_clean,2026.2
VARJEF_clean,699.4
VARWOC_clean,277.6
VARWUI_clean,270.6
VASFAZ_clean,249.5
VASFED_clean,259.2
VASFIH_clean,236.7
VASFON_clean,258.5
VASFUT_clean,263.2
VASGUU_clean,1003.7
VASKOR_clean,320.8
VATVIY_clean,527.3
VATVOE_clean,525.3
VATVUK_clean,422.2
VATXEU_clean,446.5
VATYAR_clean,168.6
VATYEV_clean,263.4
VATYIZ_clean,261.6
VATYOF_clean,244.4
VAXMUF_clean,446.6
VAXTEV_clean,464.1
VAZROF_clean,1093.5
VAZTOG_clean,123.8
VAZTUM_clean,962.5
VEBHUG_SL,128.3
VECVUW_clean,930.1
VECWUX_clean,301.5
VECZAG_clean,207.5
VECZEI_clean,97.2
VECZEK_clean,136.4
VEDFAN_clean,1207.8
VEDFIV_clean,1258.3
VEDFOB_clean,1303.7
VEDFUH_clean,1149.9
VEDGAO_clean,1216.9
VEDGES_clean,1285.3
VEDGIW_clean,1266.7
VEGBUG_clean,147.0
VEGCAN_clean,147.6
VEHJID01_clean,123.9
VEHJID_clean,253.8
VEHJOJ_clean,390.6
VEHJUP_clean,371.3
VEHKIE_SL,490.9
VEHLAW_clean,493.3
VEHLIE_clean,403.4
VEHPUU_clean,252.6
VEHRIL_clean,160.1
VEHXEN_clean,285.8
VEHYUE_clean,283.6
VEJHEZ_clean,459.4
VEJHID_clean,457.4
VEJYIT01_clean,805.2
VEJYIT_clean,850.9
VEJYOZ_clean,300.9
VEJZIU_clean,1534.4
VELBAQ_clean,325.6
VELVEO_clean,291.4
VELVOY_clean,391.4
VEMDAT_clean,403.7
VEMMAC_clean,311.9
VEMMEG_clean,267.2
VEMMIK_clean,146.0
VEMMOQ_clean,255.1
VEMSUC01_clean,297.5
VEMSUC_clean,647.4
VEQBID_clean,301.0
VERPOZ_clean,2208.8
VETMIS_clean,256.0
VETTOE_clean,329.3
VEWKUF_clean,223.2
VEWLAM_clean,333.0
VEWXAY_clean,1271.0
VEXTUO_manual,246.6
VEXVAW_clean,296.8
VEYREX_clean,399.0
VEYREY_clean,2560.0
VEYVEC_clean,473.3
VEYWED_clean,821.9
VICDOC_clean,1184.4
VICLAW_clean,732.3
VICSIL_clean,344.3
VIDJID_clean,559.6
VIDWIQ_clean,674.3
VIDXOX_clean,222.7
VIFBOD_clean,250.4
VIGDIY_clean,666.4
VIJNIN_clean,6202.7
VILXOE_clean,287.7
VIMRAM_clean,909.3
VINHIL_clean,147.8
VINHOR_clean,369.2
VIPYOK_clean,531.6
VIQFIL_clean,155.5
VIQQUJ_clean,962.3
VIRKIQ_clean,269.5
VIRPOC_clean,257.3
VIRQES_clean,283.9
VIRVEY_clean,271.3
VIRXIF_clean,370.1
VITYOO_clean,923.7
VITYUU_clean,583.6
VITZAB_clean,580.2
VITZEF_clean,585.9
VITZIJ_clean,606.4
VIVXOP_clean,410.7
VIWHUG_clean,429.0
VIWKIX_clean,432.2
VIWKOD_clean,433.7
VIWLAQ_clean,441.3
VIWLEU_clean,450.0
VIWLIY_clean,510.5
VIWMAR_clean,508.5
VIWMEV_clean,512.9
VIWMIZ_clean,4514.7
VIWMOF_clean,4366.6
VIWQUP_clean,1235.5
VIWRAW_clean,315.1
VIWZOR_clean,342.6
VIXCUB_clean,251.6
VIXGAM01_clean,204.4
VIXPUP01_clean,524.8
VIXPUP_clean,185.5
VIXWEF_clean,259.2
VIYMAT_clean,300.1
VIYSON_clean,1122.7
VIYTAA_clean,1176.0
VIYVIK_clean,1159.1
VIZSOO_clean,707.5
VIZSUU_clean,689.5
VIZTIJ_clean,236.8
VOBGAW_clean,529.5
VOBGEA_clean,532.7
VOBKAA_clean,572.2
VOBRUB_clean,553.0
VOCPEK_clean,622.1
VOCQAF_clean,456.3
VODQIP_clean,239.6
VODSEM_clean,192.7
VOFFED_clean,281.1
VOGPEO_clean,576.4
VOGTIV_clean_h,266.6
VOHQIS_clean,2063.5
VOJGOS_clean,1055.1
VOLPET_clean,131.5
VOLQOD_clean,262.2
VOLRAQ01_clean,167.0
VONCOS_clean,1053.4
VONDEJ_clean,603.4
VONDIN_clean,2431.7
VONDOT_clean,1053.6
VONROH_clean,848.4
VONRUN_clean,1776.6
VOPCEK_clean,1316.8
VOPCIO_clean,782.5
VOQXIK_clean,275.9
VORHER_clean,777.2
VOSTUU_clean,331.5
VOSVEG_clean,1606.2
VOSWIL_clean,241.1
VOTKEW_clean,1165.8
VOVKUO_clean,251.0
VOVQEE_clean,174.0
VOXKIE_clean,496.1
VOXQOQ_clean,508.8
VOXTUZ_clean,761.0
VOXVAH_clean,1847.5
VOXVEL_clean,949.4
VOXYUE_clean,136.0
VOYGOH_clean,236.2
VOZVAJ01_clean,228.2
VOZVEN01_clean,305.5
VOZVIR01_clean,221.3
VUCTUK_clean,272.3
VUDQOB_clean,807.1
VUDXID_clean,201.3
VUFBEE_clean,274.6
VUGWUR_clean,473.5
VUGXAY_clean,455.2
VUGXEC_clean,483.1
VUGXIG_clean,486.2
VUGXOM_clean,460.6
VUGXUS_clean,466.4
VUGYAZ_clean,460.1
VUGYED_clean,438.7
VUGYIH_clean,486.9
VUHJAK_clean,570.0
VUHMOC_clean,400.2
VUHNAP_clean,288.1
VUHNET_clean,232.3
VUHNIX_clean,332.9
VUHNUJ_clean,328.9
VUHPAR_clean,425.8
VUHPOF_clean,451.2
VUHPUL_clean,524.1
VUJBEI_clean,611.1
VUJBIM_clean,609.8
VUKHOZ_clean,160.7
VUKJOC_clean,615.1
VUKJUI_clean,635.0
VUKRUQ_clean,219.6
VUKSAX_clean,194.8
VUKSIF_clean,1122.3
VUKSOL_clean,200.1
VUKTAY_clean,648.6
VUKTEC_clean,611.4
VUKTIG_clean,575.0
VUKTOM_clean,611.5
VUKTUS_clean,583.8
VUKYOR_clean,400.8
VUKYUX_clean,315.1
VULFIT_clean,1471.6
VULKIX_clean,481.5
VULKOD_clean,1016.3
VUMBIQ_clean,266.8
VUMBOW_clean,370.4
VUMCEM_clean,1470.8
VUMYUZ_clean,980.5
VUNHAO_clean,119.3
VUNNEZ_clean,189.7
VUQJUN01_clean,677.0
VUQKAU01_clean,809.2
VUQKAU02_clean,851.9
VUQKAU_clean,866.9
VUQKOI_clean,316.3
VURLIF_clean,1000.5
VURNED01_clean,604.1
VURNED02_clean,592.8
VURNED03_clean,597.7
VURNED04_clean,280.3
VURNED_clean,581.2
VURYIR_clean,419.4
VURYOX_clean,224.9
VUSKAW_clean,126.0
VUVZAP_clean,472.7
VUWROW_clean,805.7
VUWRUC_clean,806.8
VUWSAJ_clean,615.1
VUZNOV_clean,1453.2
WABTOK_clean,151.1
WABVIF02_clean,200.7
WABVIF03_clean,202.3
WABVIF04_clean,182.1
WABVIF_clean,187.1
WABVOL_clean,145.8
WABVUR_clean,138.6
WABWAY_clean,137.0
WABWEC_clean,131.8
WACLEU_clean,328.8
WAFKAQ_clean,514.9
WAFKIY_clean,580.6
WAGDAL_clean,1085.4
WAGPOM_clean,267.5
WAGQAY_clean,386.1
WAHDIT_clean,292.2
WAHFUJ01_clean,802.6
WAHGIY_clean,612.9
WAHKUO_clean,543.8
WAHNEB_clean,482.5
WAHNIF_clean,569.1
WAHNOL_clean,483.7
WAHROP_clean,854.2
WAJHOG_clean,325.3
WAKTOS_clean,249.9
WALKAY_clean,753.3
WAMREJ_clean,401.3
WAMRIN01_clean,758.0
WAMRIN02_clean,494.4
WAMRIN_clean,397.5
WANBIY_clean,548.7
WANBOE_clean,352.8
WANHAX_clean,915.4
WANHEB_clean,684.5
WANHIF_clean,353.1
WANHOL_clean,526.1
WANHUR_clean,817.8
WANJIF_clean,554.9
WANKOO_clean,647.5
WANNEH_clean,2931.4
WANNIL_clean,2961.9
WAPSUE_clean,245.8
WAPTAL_clean,255.7
WAPTEP_clean,259.7
WAPTIT_clean,258.1
WAQFAX_clean,655.8
WAQFIG_clean,163.1
WAQKUX_clean,454.4
WAQTEQ_clean,486.8
WARFAY01_clean,2736.4
WARFAY03_clean,890.9
WARFAY04_clean,1011.4
WARFAY05_clean,717.8
WARFAY06_clean,712.3
WARFAZ_clean,444.6
WARFIG_clean,2672.0
WARJAC_clean,179.5
WARXUL_clean,632.8
WASMUB01_clean,585.7
WASMUB02_clean,528.8
WASMUB_clean,574.1
WASPAK_clean,156.9
WASQEP_clean,347.0
WASQIT_clean,367.8
WASTUG_clean,193.6
WASVES_clean,286.1
WAVQAN_clean,773.1
WAVQER_clean,752.1
WAVQIV_ion_b,1697.7
WAVQOB_clean,1803.0
WAVQUH_clean,499.5
WAVRAO_clean,1322.4
WAVRES_clean,1954.4
WAVRIW_clean,2681.0
WAVROC_clean,406.5
WAWGOQ_clean,209.6
WAYKAK_clean,338.3
WAYMAM_clean,218.8
WAYMEQ_SL,565.6
WAYMIU_manual,595.7
WAYMOA_manual,517.1
WAZCUX_clean,622.7
WAZQIZ_clean,580.4
WEBJIY_clean,1094.9
WEBJOE_clean,439.6
WEBJUK_clean,820.2
WEBKAR_clean,256.0
WEBKEV_clean,370.9
WEBKOD_clean,543.7
WEBREC_clean,1036.0
WECBEN_clean,148.0
WECBOX_clean,174.9
WECFAN01_clean,274.8
WECFAN_clean,260.0
WECJIZ_clean,2636.0
WEDQED_clean,879.7
WEFCAN_clean,984.6
WEFXEM_clean,307.6
WEFZIS_clean,892.9
WEGFUL_clean,522.9
WEGGAS_clean,537.4
WEGKIE_clean,653.0
WEHHEY_clean,1534.7
WEHHIC_clean,1505.8
WEHHOI_clean,1514.8
WEHHUO_clean,1492.1
WEHJAW_clean,736.8
WEHJEA_clean,719.0
WEHJIE_clean,280.8
WEHJOK_clean,761.3
WEHJUQ_clean,2060.7
WEMBUN_clean,241.0
WEMCAU_clean,324.0
WEMCEY_clean,218.7
WEMCIC_clean,225.8
WEMCOI_clean,223.9
WEMCUO_clean,223.5
WEMDAV_clean,223.1
WEMDID_clean,211.8
WEMDOJ_clean,225.1
WEMDUP_clean,224.4
WEMFAX_clean,221.9
WEMFEB_clean,231.0
WEMFIF_clean,242.8
WEMFOL_clean,243.3
WEMNAF_clean,850.5
WENDIE_clean,822.6
WENKEH_clean,311.5
WENKOR_clean,414.0
WENKUX_manual,453.5
WENLAE_manual,421.6
WENLEI_clean,414.7
WERHIK_clean,2403.9
WESYAV_clean,435.8
WETPES_clean,369.7
WEVQIX_clean,243.1
WEVQOD01_clean,231.0
WEVQOD_clean,245.1
WEVQUJ_clean,243.8
WEVRUK_clean,246.5
WEVZUT_clean,455.5
WEXSEZ_clean,536.4
WEXTAV_clean,243.1
WEYQAU01_clean,279.1
WEYQAU02_clean,401.6
WEYQAU03_clean,415.3
WEYQAU04_clean,393.4
WEYQAU05_clean,401.8
WEYQAU06_clean,396.4
WEYQAU07_clean,399.4
WEYQAU08_clean,404.2
WEYQAU09_clean,404.2
WEYQAU10_clean,290.9
WEYQAU12_clean,384.6
WEZCIO_clean,231.2
WIBSAD_clean,671.5
WICGEV_clean,248.9
WIDQEG_clean,322.7
WIDWOX_clean,2064.0
WIDZUG_clean,469.9
WIFBAQ_clean,260.9
WIHDUN_clean,230.2
WIHVAL_clean,248.5
WIHVEP_clean,244.2
WIHWAN_clean,835.6
WIJDAV_clean,979.8
WIJXEU_clean,539.6
WIJXIY_clean,249.0
WIKGII_clean,811.6
WIKLOT_clean,795.1
WIKXAQ_clean,146.3
WIKYAQ_clean,632.9
WILDUR_clean,434.7
WILFAZ_clean,409.8
WILGII_clean,529.7
WILGUV_clean,476.7
WILHIK_clean,627.3
WILNEL01_clean,709.9
WILRAK_clean,93.4
WILREO_clean,91.5
WILRIS_clean,103.7
WIMWEW_clean,870.9
WIMWIA_clean,554.6
WINCEC_clean,235.6
WIPLOY_clean,554.4
WIPPIW_clean,1473.8
WIPZEC_clean,502.2
WIRKOZ_clean,8871.4
WIRMOB_clean,1566.5
WIRMUH_clean,503.5
WIRNAO_clean,885.7
WISKOA_clean,595.6
WISTID_clean,690.6
WISVEB_clean,172.9
WITJOA_clean,956.2
WITJUG_clean,1029.2
WITKIV_clean,707.6
WIVKOD_clean,272.9
WIVRIE_clean,2963.1
WIWKIX_clean,2227.0
WIWQOI_clean,202.2
WIWQUO_clean,203.3
WIYFAM_clean,455.6
WIYWAE_clean,1421.4
WIYWEI_clean,1316.1
WIYWOS_clean,1390.4
WIYWUY_clean,1438.8
WIYZOU_clean,204.0
WIZDEP_clean,263.4
WIZKOH_clean,794.4
WIZMAV02_auto,1579.3
WOBHEB_clean,274.7
WOBHOL_clean,294.4
WOBHOM_clean,405.1
WOBQEL_clean,1234.2
WOCWAN_clean,565.6
WODFOL_clean,976.8
WODREO_clean,1621.3
WODVOB_clean,507.1
WODXEU_clean,373.9
WOFWET_clean,87.3
WOHBIF_clean,513.8
WOHDON_clean,197.1
WOHQAN_clean,283.4
WOHSIV_clean,446.5
WOHSOB_clean,460.5
WOJJOV_SL,1297.6
WOJYEB_clean,6074.1
WOJYIF_clean,6258.8
WOJYOL_clean,6279.1
WOJYUR_clean,5968.6
WOJZAY_clean,939.4
WOJZEC_clean,936.8
WOJZIG_clean,937.3
WOJZOM_clean,2126.7
WOLMUG_clean,680.4
WOLREV_clean,352.7
WOLRIZ_clean,152.1
WOLROF_clean,138.2
WOLYON_clean,251.6
WOMFEK_clean,4996.1
WONBAD_clean,1069.2
WONJUG_clean,9809.1
WOPSAX01_clean,1400.2
WOPSAX02_clean,1019.0
WOPSAX_clean,1033.5
WOPSOL01_clean,1048.4
WOPSOL_clean,882.6
WOPWOO_clean,354.9
WOQTUT_clean,662.3
WORKOF_clean,748.5
WORKUL_clean,671.4
WORLAS_clean,664.8
WORREC_clean,147.1
WORSUT_clean,305.7
WOSHET_clean,337.5
WOTLOI_clean,214.3
WOTSEF_clean,406.7
WOVDES_clean,673.1
WOYHUP_clean,220.7
WOYJAX_clean,4870.3
WOYJEB_clean,4736.8
WOYJIF_clean,706.8
WOYJOL_clean,4044.3
WOYWIS_clean,1653.0
WOYWOY_clean,1374.3
WOZGUP_clean,888.8
WOZWEP_clean,1035.2
WUCRUH_clean,355.5
WUDTUM_clean,319.6
WUDVEY_clean,299.5
WUDYUR_clean,765.6
WUDZIG_clean,391.9
WUDZOM_clean,363.6
WUGPUL_clean,392.9
WUGQAS_clean,384.5
WUHJIT_clean,192.0
WUJPIC_clean,257.9
WUKXEH_clean,500.0
WULJUJ_clean,3024.7
WULKAQ_clean,3015.9
WULQUR_clean,246.6
WUNTEF_clean,669.0
WUNTIJ_clean,659.6
WUNTOP_clean,649.4
WUNTUV_clean,632.4
WUNVAD_clean,655.4
WUNVOR_clean,678.5
WUNVUX_clean,683.0
WUPZUE_clean,390.1
WURKEB_clean,409.7
WURNOO_clean,393.6
WUSCUJ_clean,131.4
WUSGIC_clean,485.4
WUSLED_clean,429.6
WUSSEK_clean,652.1
WUSXEP_clean,1263.8
WUTBES_clean,423.1
WUTBEU_clean,93.2
WUTBIW_clean,425.6
WUTBOC_clean,437.1
WUTBUI_clean,418.4
WUTCAP_clean,438.6
WUTCET_clean,852.8
WUTKIG_clean,355.4
WUWQEL_clean,249.2
WUYWIY_clean,176.1
WUYWOE_clean,518.6
WUYWUK_clean,176.5
WUYXAR_clean,174.0
WUYXEV_clean,569.5
WUYXIZ_clean,537.5
WUYXOF_clean,172.8
WUYXUL_clean,554.1
WUYYAS_clean,556.1
WUYYEW_clean,549.2
WUYYOG_clean,201.9
WUZDOL_clean,345.8
WUZGAB_clean,499.6
WUZQOZ_clean,255.9
XACQAT_clean,2407.6
XACSIG_clean,479.9
XACYAB_clean,2101.0
XACZEH_clean,224.7
XADCEM_clean,603.0
XADDAJ01_clean,1971.6
XADDAJ_clean,2011.0
XADDEN_manual,226.9
XADDIR_manual,222.4
XADDOX_clean,302.5
XADDUD_clean,785.4
XADGAM_clean,534.3
XADGOA_clean,289.0
XAFBEN_clean,901.7
XAFFAN_clean,171.0
XAFFER_clean,168.1
XAFFIV_clean,169.7
XAFFOB_clean,176.7
XAFFUH_clean,222.3
XAFXOT_clean,355.6
XAGPUT_clean,337.5
XAHPAZ_clean,243.9
XAHPED_clean,170.1
XAHPIH_clean,145.3
XAHPON_clean,227.1
XAHPUT_clean,109.5
XAHQAA_clean,105.3
XAHWAG_clean,197.0
XAJQAC_SL,544.0
XAJSEJ_clean,436.6
XAKLIH_clean,1097.9
XAKQOR_clean,857.9
XAKVUB_clean,1553.9
XAKYUE_clean,326.5
XAKZAL_clean,481.2
XAKZEP_clean,304.2
XAKZIT_clean,1069.8
XAKZOZ_clean,289.3
XAKZUF_clean,1223.9
XALBAO_clean,1153.0
XALBES_clean,318.0
XALBIW_clean,317.2
XALBUI_clean,1257.2
XALCAP_clean,343.7
XALCET_clean,331.0
XALCIX_clean,1719.4
XALCOD_clean,1751.4
XALCUJ_clean,429.8
XALDAQ_clean,447.2
XALDAS_clean,661.0
XALDEU_clean,443.7
XALDIY_clean,446.7
XALDOE_clean,460.4
XALMII_clean,904.0
XALTIP_clean,194.1
XALXUF01_clean,1744.7
XALXUF_clean,1785.1
XAMDUM01_clean,226.4
XAMDUM02_clean,232.5
XAMDUM03_clean,234.1
XAMDUM04_clean,251.4
XAMDUM05_clean,235.1
XAMDUM06_clean,227.5
XAMDUM_clean,227.2
XAMGUQ_clean,1301.3
XAMHEA_manual,186.6
XANKOO_clean,2113.9
XANLAA_clean,1094.5
XANLEE_clean,1101.0
XANMIJ_clean,315.4
XANMUX01_clean,219.4
XANMUX02_clean,225.4
XANMUX03_clean,227.7
XANMUX04_clean,235.7
XANMUX05_clean,252.8
XANMUX06_clean,302.2
XANMUX07_clean,247.6
XANMUX08_clean,628.2
XANMUX_clean,224.7
XANZAQ01_clean,398.4
XANZAQ02_clean,391.4
XANZAQ03_clean,169.7
XANZAQ04_clean,245.9
XANZAQ05_clean,249.8
XANZAQ06_clean,262.7
XANZAQ07_clean,252.6
XANZAQ08_clean,243.2
XANZAQ_clean,225.7
XAPCOH_clean,1412.6
XAPCOJ01_clean,297.0
XAPCOJ02_clean,305.5
XAPCOJ03_clean,296.1
XAPCOJ04_clean,296.3
XAPCOJ05_clean,293.2
XAPCOJ06_clean,289.5
XAPCOJ07_clean,298.2
XAPCOJ_clean,305.8
XAPCUN_clean,1352.8
XAPDAU_clean,1362.8
XAPDEY_clean,1433.0
XAPGAZ_clean,755.6
XAPGED_clean,668.0
XAPGOK_clean,354.6
XAPGUQ_clean,198.0
XAPNIN_clean,245.4
XAPSIS_clean,208.6
XAPTEQ_clean,664.3
XAPTUE_clean,400.3
XARPAK_clean,363.1
XASFAY_clean,651.5
XASJUZ_clean,449.9
XASNUD_clean,2027.8
XASPEP_clean,645.8
XATLIQ_clean,565.8
XATZOK_clean,310.9
XATZUQ_clean,364.1
XAVDEF_clean_h,271.6
XAVKIR_clean,1908.4
XAVQIU01_clean,213.7
XAVQIU_clean,215.9
XAWVUN_clean,147.2
XAZFEJ_clean,281.1
XAZGEK_clean,458.1
XEBHOC_clean,150.9
XEDGIY_clean,358.6
XEDLUN01_clean,337.2
XEDLUN_clean,345.9
XEDPED_clean,1711.9
XEDPIH_clean,472.2
XEDPON_clean,259.6
XEDPUT_clean,1091.3
XEFGAQ_clean,372.4
XEFKOI_clean,391.7
XEGJIE02_clean,650.2
XEGJIE_clean,663.6
XEGJOK_clean,580.1
XEGJUQ_clean,666.3
XEGKAX_clean,641.7
XEGKEB_clean,567.1
XEGKIF_clean,444.7
XEGKOL_clean,313.3
XEGKUR_clean,331.5
XEHDEV_clean,587.1
XEHRUY_clean,255.6
XEHSAF_clean,268.3
XEHSEJ_clean,266.7
XEHSIN_clean,275.4
XEHSOT_clean,266.9
XEHSUZ_clean,270.7
XEJWUG_clean,791.3
XEJXAN_clean,884.5
XEJXER_clean,331.6
XEKCAT01_clean,508.8
XEKCAT_clean,521.7
XEKDOI_clean,208.1
XEKJIH_clean,1491.9
XEKJON_clean,2123.8
XEKJUT_clean,2372.9
XEKMIL_clean,384.5
XEMHOM_clean,369.1
XENCAU_clean,375.0
XENKIM_clean,702.2
XENMIO_SL,770.8
XENMOU_SL,759.7
XENZEX_clean,1272.6
XEPBAX_clean,251.9
XEQGAC_clean,203.0
XEQRAO_clean,266.0
XESKAJ_clean,215.8
XESKEN_SL,333.8
XESKIR_clean_h,188.6
XESKUD_clean,213.0
XESLAK_clean,209.2
XEVHAJ_clean,1543.7
XEVHEN_clean,1495.7
XEWDUA_clean,346.9
XEWFAI_clean,338.4
XEXLAP_clean,530.7
XEXLET_clean,526.1
XEXLIX_clean,623.5
XEXLOD_clean,781.1
XEXLUJ_clean,520.1
XEXMAQ_clean,712.8
XEXMEU_clean,473.8
XEYMAR_clean,451.5
XIBZUF_clean,569.1
XICNOO01_clean,1027.1
XICNOO02_clean,1000.6
XICNOO_clean,1029.0
XICYAL_clean,1912.6
XICYEP_SL,412.7
XICYIT_SL,421.6
XICZAM_clean,1004.4
XIDBUJ_clean,552.9
XIDMED_clean,425.8
XIDSUZ_clean,303.4
XIFHIF_clean,151.3
XIGFOJ_manual,411.1
XIGHAX_clean,208.8
XIGHEB_clean,247.5
XIGHIF_clean,193.7
XIGWUF_clean,123.2
XIHRIQ_clean,836.6
XIHSAJ01_clean,507.1
XIHSAJ_clean,605.3
XIHSEN01_clean,652.6
XIHSEN_clean,653.3
XILDUT_clean,463.1
XILLEL_clean,2089.1
XILLIP_clean,1257.0
XILSUI_clean,411.0
XILTAP_clean,907.1
XILVIZ_clean,521.9
XINHOT_clean,526.6
XINRAP_clean,275.3
XINWUO_clean,281.1
XINZEB_clean,728.5
XIPGUA_clean,177.8
XISDIO_clean,1456.9
XISDOU_clean,1458.3
XISDUA_clean,1459.8
XISLAM_clean,1770.1
XISPEW01_clean,150.7
XISPEW02_clean,147.1
XISPEW_clean,294.4
XISPUM01_clean,109.2
XISPUM_clean,299.7
XISVUR_clean,373.9
XISXEE_clean,252.9
XITYOP_clean,908.7
XIVMEW01_clean,449.1
XIVVEF_clean,953.2
XIWLAQ_clean,403.3
XIWYEH_clean,803.8
XIYYEL_clean,106.0
XIZJEW_clean,674.0
XOBDUO_clean,223.1
XOCQUD_clean,400.0
XOCWET_clean,270.4
XOCWIX_clean,259.1
XOCWOD_clean,257.7
XOCWUJ_clean,252.9
XODNUB_clean,645.9
XODPUD_clean,434.1
XOFGAC_clean,1049.2
XOFGEG_clean,2101.3
XOFPEP01_clean,293.1
XOFPEP_clean,287.6
XOGXAU_clean,1674.7
XOHLEM_clean,359.3
XOHTUJ_clean,191.7
XOJWEZ_clean,276.3
XOJWOJ_clean,344.9
XOKHIP_clean,227.2
XOMCIN_clean,2212.9
XOMCOT_clean,1992.9
XOMCUZ_clean,233.0
XOMDOU_clean,1341.0
XOMGIQ_clean,1239.6
XOMHEO_clean,860.7
XOMHIS_clean,3105.7
XOMJOY_clean,1732.3
XOMJUE_clean,1768.9
XOMNEU_clean,1818.1
XONGUD_clean,413.0
XONLES01_clean,889.1
XONLES_clean,947.6
XOPJAO_clean,1108.9
XOPLOE_clean,273.5
XOPMIA_clean,728.2
XOQXIL_clean,259.7
XORHET_clean,466.3
XOSPOK_clean,518.9
XOTGUI_clean,268.9
XOTHAP_clean,165.1
XOTSEG_clean,701.8
XOTSIK_clean,1029.3
XOTXAG_clean,556.1
XOTXUB_clean,627.2
XOTZIR_clean,869.8
XOVPIH_clean,333.1
XOVPON_clean,257.1
XOVPUU_clean,81.9
XOVQAB_clean,756.2
XOVQEF_SL,248.2
XOVQIJ_clean,770.7
XOVVOU_clean,401.8
XOXMED_clean,785.9
XUBGUY_clean,116.0
XUCSOF_clean,665.9
XUDNAN_clean,936.7
XUDNUH_clean,1224.9
XUDPET_clean,3570.6
XUDPIX_clean,866.3
XUDPOD_clean,1725.8
XUDVAV_clean,685.2
XUDYEC_clean,296.1
XUDYOM_clean,1508.0
XUFPIZ_clean,533.6
XUFWAX_clean,476.1
XUFWEB_clean,479.0
XUFWIF_clean,381.4
XUFWOL_clean,908.5
XUFWOM_clean,413.9
XUFYAA_clean,3798.5
XUFYEE_clean,6113.3
XUGROI_clean,885.9
XUGSEY_clean,285.0
XUGWUS_clean,1244.5
XUJPEY_clean,880.4
XUJPIC_clean,879.7
XUJPOI_clean,314.1
XUJQAV_clean,307.3
XUJSAY_clean,582.9
XUKHUI_clean,724.3
XUKLAS_clean,268.9
XUKNIC_clean,753.1
XUKYEI_neutral,141.2
XUMMOJ_clean,275.1
XUMMUP_clean,316.5
XUMNAW_clean,750.1
XUMNEA_clean,1913.9
XUMNIE_clean,1281.0
XUMTUV_clean,522.9
XUMVAD_clean,547.3
XUMVEH_clean,475.9
XUNGOD_clean,929.3
XUNGUJ_clean,873.0
XUNHAQ_clean,884.2
XUNSAC_clean,429.3
XUNSEG_clean,364.6
XUNSIK_clean,809.4
XUNSOQ_clean,790.1
XUNTIL_clean,264.7
XUPSAE_clean,543.6
XUTQEI_clean,134.0
XUVHEB_clean,868.4
XUVQOW_clean,904.1
XUWFUR_clean,273.2
XUWKEH_clean,141.2
XUWSUD_clean,688.0
XUWTAK_clean,711.2
XUWVUG_clean_h,282.1
XUYXAR_clean,502.0
YABHER_clean,342.5
YABHIV_clean,1447.1
YABPAU_clean,653.7
YAFJEX_clean,892.8
YAGHAS_clean,1725.4
YAGHUM_clean,228.8
YAGJOI_clean,454.0
YAHPED_clean,385.4
YAHWAI_clean,264.3
YAJXIT_clean,783.3
YAJXUF_clean,792.1
YAMYUJ_clean,2565.7
YANBAR01_clean,259.1
YANBAR02_clean,240.1
YANBAR03_clean,229.3
YANBAR_clean,248.7
YAPLIM_clean,572.5
YAPLOS_clean,492.3
YAPLUY_clean,1356.5
YAPMAF_clean,1501.0
YAPTIT_clean,1419.1
YAPXIX_clean,741.6
YAQCEY_clean,909.0
YAQKEI_clean,666.1
YARBAW_clean,384.1
YARBIE_clean,1601.0
YARBUQ_clean,3577.0
YARDEC_clean,741.3
YARDIG_clean,657.8
YARGAB_clean,312.7
YARGOP_clean,205.6
YARKEJ_clean,1672.0
YARKOT_clean,602.4
YARSAN_clean,544.4
YARYEV_clean,143.6
YARYIZ_clean,160.5
YARYOF_clean,182.0
YARYUL_clean,91.7
YARZEZ01_clean,140.1
YARZEZ02_clean,95.3
YARZEZ03_clean,107.8
YARZEZ_clean,152.0
YASLOW_clean,3496.0
YASLUA_clean,116.5
YASVOG_clean,4098.7
YASVUM_clean,261.7
YATDUV_clean,458.5
YATTUK_clean,220.3
YATVUN_clean,3443.9
YATWAU_clean,3559.8
YAVSOG_clean,867.5
YAVTUN_clean,185.9
YAVVAV_clean,225.8
YAVVEZ_clean,200.9
YAVVID_clean,1160.0
YAVVOJ_clean,1205.2
YAVVUP_clean,1216.0
YAVWAW_clean,1206.8
YAVWUQ_clean,1922.7
YAVZAX_clean,169.6
YAVZUT_clean,492.3
YAWBAC_clean,460.6
YAWFOS_clean,263.3
YAWKOX_clean,262.2
YAXBOP_SL,461.4
YAYLER_clean,271.4
YAYPOF_clean,288.9
YAYRAT_clean,2425.3
YAZWOM_clean,430.8
YEBLAT_clean,224.8
YEDKOI_clean,184.1
YEDKUO_clean,496.9
YEDLAV_clean,956.1
YEFNEC_clean,146.8
YEFNIG_clean,147.2
YEFNOM_clean,148.9
YEFPAA_clean,147.2
YEFPEE_clean,149.8
YEFPII_clean,5420.7
YEGCUJ_clean,302.4
YEGHEZ_clean,298.6
YEGHIC_clean,191.7
YEGKOM_clean,351.1
YEHGID_clean,2628.4
YEKQOW_clean,4644.4
YEKXET_clean,328.0
YEKXOD_clean,278.8
YEKXUJ_clean,210.3
YELYOE_clean,455.6
YEMFOM_clean,1240.4
YEMJAC_clean,199.9
YEMMAF_clean,416.2
YENLUA_ion_b,228.5
YEQRER_clean,93.1
YEQRIV_clean,94.6
YEVQOG_clean,1223.1
YEVQUM_manual,6326.4
YEYCUC_SL,468.8
YEYDAJ_clean,1653.7
YEYFEP_clean,665.8
YEZFIU_clean,337.7
YEZKEV_clean,952.1
YIBMUT_clean,692.6
YICDAR_clean,1541.1
YICREI_clean,656.3
YIDSOT_clean,518.1
YIJCEB_clean,1481.5
YIKJOT_clean,615.6
YIKJUZ_clean,627.4
YILJAG_clean,455.6
YILJUA_clean,725.1
YILKAH_clean,357.4
YINCEF_clean,392.0
YINCIJ_clean,391.2
YINCOP_clean,369.2
YINCUV_clean,2243.2
YINDOQ_clean,1667.5
YINPEQ_clean,115.1
YINTEW_clean,398.4
YINXIE_clean,382.2
YIRHOY_clean,1466.1
YISFEL_clean,159.8
YIVNIC_clean,335.2
YIVTII_clean,946.5
YIVZIO_clean,280.6
YIVZOU_clean,1034.9
YIWBEN_clean,347.1
YIWBIR_clean,2007.4
YIWLEV_clean,108.5
YIWLIZ_clean,112.3
YIWMEW_clean,128.1
YIWMOG_clean,169.3
YIWMUM_clean,171.3
YIWNAT_clean,171.4
YIWNEX_clean,189.9
YIWNIB_clean,138.0
YIWNUN_clean,133.1
YIWPAV_clean,131.8
YIWPEZ_SL_part,139.8
YIWPID_clean,182.4
YIXBIQ_clean,636.8
YIXFIW_clean,1348.8
YIXYUB_clean,624.9
YIXZEM_clean,467.5
YIYHAQ_clean,975.5
YIZGEV_clean,1370.8
YIZGIZ_clean,1417.1
YIZGOF_clean,1423.1
YIZJEY_clean,378.1
YIZWIN_clean,275.6
YOBYAR_clean,714.5
YOBYEV_clean,591.4
YOCCIE_clean,711.2
YOCDUR_clean,753.3
YOCLEJ_clean,230.3
YOCLIN_clean,232.1
YOCNAH_clean,826.1
YOCNIP_clean,550.0
YOCSEQ_clean,353.3
YODRAM_clean,978.0
YODWOF_clean,128.0
YODWUL_clean,145.7
YOFGOR_clean,1086.8
YOFXEY_clean,489.5
YOFXIC_clean,473.0
YOGKEM_clean,3109.1
YOGKIQ_clean,7718.3
YOGKOW_clean,1088.7
YOGVEX_clean,574.4
YOKKIU_clean,1281.7
YOLGUB_clean,130.3
YOMZIL_clean,333.3
YONNAR_clean,949.7
YONNUL_clean,1142.2
YOPPAW_clean,357.1
YOQLAT_clean,342.2
YORCIT_clean,620.9
YORGOD_clean,265.4
YORLEY_clean,1310.8
YORNIE_clean,499.6
YORRII_clean,1508.3
YORSOP_clean,1295.2
YOSWUA_clean,878.5
YOTXOW_clean,266.1
YOYBUL_clean,587.8
YOYCEV_clean,3308.9
YOYNUX_clean,626.8
YOYPAF_clean,641.8
YOYPEJ_clean,622.5
YOYPIN_clean,295.0
YOYPOT_clean,628.6
YOYPUZ_clean,629.0
YOYQAG_clean,629.5
YOYQEK_clean,673.7
YOYQIO_clean,375.5
YOYQOU_clean,1269.2
YOYQUA_clean,305.6
YOYRAH_clean,287.3
YOYREL_clean,290.6
YOYRIP_clean,302.7
YOYTOX_clean,1335.4
YOYTUD_clean,1445.0
YOYVAL_clean,1376.2
YOYVEP01_clean,1231.1
YOYVOZ01_clean,1413.8
YOYVOZ_clean,1294.1
YOYWEQ01_clean,1133.2
YOYWEQ_clean,1151.2
YOYYUI_clean,6272.1
YOYZET_clean,649.6
YOZBEW_clean,772.8
YOZBIZ01_clean,6437.0
YOZBIZ_clean,6351.2
YOZBOF01_clean,3881.0
YOZBOF_SL,1953.6
YOZCAS_manual,1715.2
YOZCEW_clean,2096.6
YOZJEE01_clean,1330.9
YOZJEE_clean,1214.9
YOZKOP_clean,292.6
YOZNAE_clean,3176.8
YOZQEK_clean,387.4
YOZYOD_clean,463.7
YOZYUJ_clean,667.7
YUBFOR_clean,257.5
YUBGIN_clean,167.8
YUBQET_clean,983.6
YUBTUM_clean,622.7
YUCZOM_clean,221.7
YUDDEH_clean,593.2
YUDFEK_clean,682.6
YUDFIO_clean,672.9
YUDFOU_clean,629.6
YUFLIW_clean,495.3
YUFLOC_clean,246.5
YUGLES_clean,126.8
YUGZIK_clean,875.8
YUHHIU_clean,278.5
YUJCOX_clean,335.4
YUJNOH_clean,333.3
YUKCAJ_clean,488.8
YUKKAR_clean,477.4
YULNOK_clean,350.4
YUMFUJ_clean,578.7
YUMJAS_clean,280.8
YUMKAU_clean,391.2
YUMYUC_clean,209.9
YUNJUO_clean,374.1
YUNKAV_clean,364.4
YUNXAI_clean,1728.3
YUPSIM_clean,311.1
YURJUR_clean,165.9
YURKAY_clean,395.3
YURKEC_clean,815.1
YURKIG_clean,249.2
YUSGID_clean,378.5
YUSGOJ_SL,338.9
YUSWEP_manual,6181.7
YUSWEQ_clean,816.0
YUSWIU_clean,819.5
YUTDUO_clean,1219.3
YUTGEZ_clean,146.1
YUXLEJ_clean,3088.6
YUXLIN_clean,2679.8
YUXQIS_clean,553.8
YUXQOY_clean,446.3
YUYBIF_clean,572.4
YUYGOQ_clean,540.2
YUYLIP_clean,536.1
YUYLOV_clean,416.4
YUZCON_clean,476.3
YUZPEQ_clean,850.2
YUZPIU_clean,1105.0
YUZPOA_clean,481.8
YUZRAO_clean,342.2
YUZRES_clean,338.7
YUZXAT_clean,627.2
ZABQIC_ion_b,213.8
ZACHIX_clean,3341.0
ZADQUT_clean,1621.9
ZADRAA_clean,1482.0
ZADREE_clean,1652.2
ZADROO_clean,1583.6
ZAFXAI_clean,446.8
ZAGHAT_clean,340.9
ZAHLEC_clean,129.1
ZALDUO_clean,197.8
ZALGEB_clean,273.4
ZALREM_clean,591.3
ZAQWEW_clean,414.1
ZAQZOG_clean,864.8
ZARLEL_clean,210.9
ZARLIP_clean,551.2
ZARLOV_clean,4951.6
ZARPUF_clean,172.0
ZARQAM_clean,310.1
ZARTAP03_clean,296.3
ZARVIZ_clean,379.1
ZARZAV_clean,864.0
ZASJAG_clean,281.0
ZAVPET_clean,887.5
ZAVPIX_clean,517.8
ZAVPOD_clean,887.6
ZAVPUJ_clean,893.7
ZAVQAQ_clean,916.9
ZAVQEU_clean,928.9
ZAVQIY_clean,920.4
ZAVQOE_clean,907.7
ZAVQUK_clean,938.5
ZAVRAR_clean,937.1
ZAVREV_clean,953.8
ZAVRIZ_clean,915.1
ZAXQOG_clean,395.6
ZAXTAV_clean,1765.8
ZAYJUG_clean,438.3
ZAZBUZ_clean,246.9
ZEBMAW_clean,612.1
ZEBMEA_clean,770.9
ZECKID_clean,170.0
ZECKOJ_clean,225.4
ZEDLOL_clean,393.1
ZEDQEG_clean,327.9
ZEDROR_clean,799.8
ZEDZAL01_clean,725.8
ZEDZAL_clean,749.6
ZEKRIS_clean,477.3
ZELQAK_clean,2503.7
ZELROZ_manual,95.2
ZERQOE_clean,1352.4
ZETLER_clean,546.2
ZEVXAB_clean,2095.4
ZEVYAC_clean,3528.1
ZEXKUK_clean,790.6
ZEXSOM_clean,865.4
ZEZFIV_clean,332.4
ZEZPAX_clean,402.4
ZEZPIF_clean,528.3
ZEZPUR_clean,353.4
ZEZQAY_clean,358.9
ZEZQEC_clean,357.0
ZEZQIG_clean,354.2
ZICCIZ_clean,492.8
ZIDBEV_clean,219.3
ZIDNEH_clean,2387.3
ZIDVAL_clean,1532.9
ZIGFIG_clean,3322.5
ZIHFUR01_clean,599.7
ZIHFUR_clean,587.3
ZIHTEP_clean,274.0
ZIJSAO_clean,255.3
ZIJVOF01_clean,427.9
ZIKJIO_clean,324.2
ZIKJOU_clean,378.0
ZILBAZ_clean,569.7
ZILBED_clean,378.6
ZILBIH_clean,1536.4
ZILBUT_clean,139.7
ZILFOR_manual,858.4
ZIMLAK_clean,244.6
ZIMLEO_clean,240.3
ZIMLIS_clean,237.2
ZIMTAS_clean,306.0
ZINDAD_clean,1774.5
ZIQJEQ_clean,268.0
ZIQVAY_clean,1120.3
ZISFEO01_clean,354.8
ZISFEO_clean,247.7
ZISNEW_clean,375.7
ZISXEG_clean,9429.3
ZISYAD_clean,741.4
ZITRUP_clean,135.9
ZIVCOY_clean,121.7
ZIWLUO_clean,1817.6
ZIZTEJ_clean,885.4
ZODXAT_clean,1705.1
ZOFZIF_clean,522.6
ZOFZOL_clean,354.8
ZOFZUR_clean,511.7
ZOGBAA_clean,614.8
ZOHFUZ_clean,3920.1
ZOKGAJ_clean,869.4
ZOMNEW_clean,536.8
ZOMNIA_clean,512.8
ZOMNUM_clean,768.1
ZOQSUV_clean,385.3
ZOQTAC_clean,414.5
ZOQTIK_clean,512.9
ZOTKAW_clean,377.7
ZOXFEZ_clean,415.4
ZOXGOK_clean,402.4
ZOXNAD_clean,3123.9
ZOXNEH_clean,660.0
ZOZCIC_clean,455.0
ZOZHON_clean,1139.5
ZOZKAC_clean,834.4
ZOZKEG_clean,1039.4
ZOZPUB_clean,340.9
ZUBFIN_clean,5014.1
ZUDQUM_clean,441.0
ZUDRAT_clean,772.7
ZUDXAZ_clean,511.3
ZUGDEM_clean,322.3
ZUKNAW_clean,151.1
ZULNAX_clean,2575.4
ZUNZIT_clean,392.2
ZUPBET_clean,370.2
ZUQBUK_clean,2123.1
ZUQMAB_clean,617.9
ZURQOS_clean,276.9
ZURROT_clean,317.2
ZUSBIA_clean,640.0
ZUSBOG_clean,252.8
ZUSNOS_clean,3432.5
ZUTBIB_clean,2420.7
ZUTBUN_clean,6163.2
ZUWXUM_clean,1113.4
ZUXPOZ_clean,207.0
ZUZZEB_clean,270.0
ac403674p_si_001_clean,335.5
acs.cgd.5b01554_VAGNUP1452791_clean,381.0
acs.cgd.5b01686_WAHFUJ1434675_clean,848.0
acs.cgd.6b00463_OLOMUZ1451936_clean,1279.3
acs.chemmater.5b03723_cm5b03723_si_004_clean,602.0
acs.chemmater.5b03723_cm5b03723_si_005_clean,313.0
acs.chemmater.6b02817_cm6b02817_si_004_clean,1376.0
acs.chemrev.6b00346_cr6b00346_si_001_clean,399.8
acs.inorgchem.5b02108_ic5b02108_si_002_clean,519.7
acs.inorgchem.5b02316_ic5b02316_si_002_clean,7235.6
acs.inorgchem.5b02378_ic5b02378_si_002_clean,5738.3
acs.inorgchem.5b02973_ic5b02973_si_002_clean,569.7
acs.inorgchem.6b00081_ic6b00081_si_001_clean,599.8
acs.inorgchem.6b00136_ic6b00136_si_002_clean,1918.2
acs.inorgchem.6b00276_ic6b00276_si_006_clean,12604.4
acs.inorgchem.6b00433_ic6b00433_si_002_clean,724.0
acs.inorgchem.6b00894_ic6b00894_si_002_clean,2270.3
acs.inorgchem.6b01211_ic6b01211_si_002_clean,412.9
acs.inorgchem.6b01416_ic6b01416_si_004_clean,537.3
acs.inorgchem.6b01569_ic6b01569_si_002_clean,433.8
acs.inorgchem.6b01740_ic6b01740_si_002_clean,604.1
acs.inorgchem.6b01762_ic6b01762_si_002_clean,291.2
acs.inorgchem.6b02407_ic6b02407_si_002_clean,582.2
acs.inorgchem.6b02407_ic6b02407_si_003_clean,2101.0
acs.inorgchem.6b02413_ic6b02413_si_002_clean,2726.0
acs.inorgchem.6b02514_ic6b02514_si_002_clean,298.2
acs.inorgchem.6b02696_ic6b02696_si_002_clean,5049.9
acs.jpcc.6b08594_UiO66_Ce2Zr4_opt_clean,284.7
acs.jpcc.6b08594_Zn2Cd6MOF5_opt_clean,222.5
acscombsci.5b00188_24205_clean,665.3
acscombsci.5b00188_3001288_clean,98.4
acscombsci.5b00188_34903_clean,1518.8
acscombsci.5b00188_5013797_clean,251.4
acscombsci.5b00188_5020072_clean,145.8
acscombsci.5b00188_5024922_clean,119.5
acscombsci.5b00188_5036495_clean,73.4
acscombsci.5b00188_5040209_clean,223.0
acscombsci.5b00188_8372_clean,234.7
am301365h_si_002_clean,315.4
c4ce00408f_c4ce00408f2_clean,4326.8
c4dt02048k_c4dt02048k2_clean,336.4
c4dt03702b_c4dt03702b2_clean,205.0
c5cc04223b_c5cc04223b2_clean,209.3
c5cc09432a_c5cc09432a2_clean,801.4
c5cc09935h_c5cc09935h2_clean,584.0
c5cc10203k_c5cc10203k2_clean,471.4
c5ce00862j_c5ce00862j2_clean,665.1
c5ce00931f_c5ce00931f2_clean,748.7
c5ce01790d_c5ce01790d1_clean,953.4
c5ce01948f_c5ce01948f2_clean,338.0
c5ce02194d_c5ce02194d2_clean,607.5
c5ce02503f_c5ce02503f2_clean,11112.1
c5cp03920g_c5cp03920g2_clean,225.8
c5dt01100k_c5dt01100k2_clean,613.5
c5dt02651b_c5dt02651b2_clean,374.7
c5dt03038b_c5dt03038b2_clean,551.0
c5dt03091a_c5dt03091a2_clean,258.3
c5dt04943a_c5dt04943a2_clean,377.3
c5dt05023e_c5dt05023e2_clean,908.5
c5gc02393a_c5gc02393a2_clean,544.7
c5nj01930c_c5nj01930c2_clean,627.7
c5nj02236c_c5nj02236c2_clean,1229.2
c5nj02634b_c5nj02634b2_clean,2044.2
c5nj03044g_c5nj03044g2_clean,2058.5
c5qi00128e_c5qi00128e2_clean,1969.4
c5sc00614g_c5sc00614g2_clean,4439.4
c5sc03494a_c5sc03494a2_clean,1086.0
c5ta03835a_c5ta03835a2_clean,666.4
c5ta04989j_c5ta04989j2_clean,571.4
c5ta05481h_c5ta05481h2_clean,3078.2
c5ta09507g_c5ta09507g2_clean,6999.7
c6cc00589f_c6cc00589f2_clean,315.2
c6cc00589f_c6cc00589f3_clean,108.3
c6cc00862c_c6cc00862c2_clean,806.8
c6cc01597b_c6cc01597b2_clean,887.0
c6cc02494g_c6cc02494g1_clean,611.6
c6cc02494g_c6cc02494g3_clean,677.2
c6cc02494g_c6cc02494g4_clean,666.5
c6cc02494g_c6cc02494g5_clean,583.9
c6cc02494g_c6cc02494g6_clean,609.9
c6cc03787a_c6cc03787a2_clean,422.5
c6ce00126b_c6ce00126b2_clean,803.7
c6ce00141f_c6ce00141f2_clean,1113.5
c6ce00407e_c6ce00407e1_clean,326.2
c6ce00407e_c6ce00407e2_clean,309.7
c6ce00407e_c6ce00407e3_clean,234.6
c6ce00407e_c6ce00407e4_clean,1340.7
c6ce00407e_c6ce00407e7_clean,367.1
c6ce00407e_c6ce00407e8_clean,275.8
c6ce00407e_c6ce00407e9_clean,106.6
c6ce00465b_c6ce00465b2_clean,243.4
c6dt03852b_c6dt03852b2_clean,152.1
c6dt04165e_c6dt04165e2_clean,229.6
c6ta00429f_c6ta00429f2_clean,2432.0
c6ta07145g_c6ta07145g2_clean,3898.0
cg034025wsi20030214_115651_clean,391.9
cg050585esi20051105_115011_clean,533.3
cg060732osi20070605_042406_clean,350.1
cg100357q_si_002_clean,1072.9
cg200332y_si_002_clean,681.5
cg200606r_si_001_clean,586.4
cg2007167_si_002_clean,520.9
cg3002866_si_001_clean,3000.7
cg300302n_si_004_clean,235.8
cg300827e_si_003_clean,4523.8
cg300979c_si_002_clean,440.2
cg3015354_si_002_clean,448.5
cg301577a_si_002_clean,258.6
cg301725z_si_004_clean,533.2
cg400449c_si_001_clean,416.6
cg401858s_si_002_clean,435.1
cg401887b_si_003_clean,598.2
cg401887b_si_004_clean,556.7
cg500033b_si_002_clean,1344.0
cg500033b_si_003_clean,1493.7
cg500091k_si_002_clean,378.1
cg500121f_si_004_clean,341.9
cg500149s_si_002_clean,439.8
cg500192d_si_002_clean,1468.4
cg500192d_si_003_clean,192.6
cg501012e_si_002_clean,541.1
cg5010616_si_003_clean,613.3
cg5010616_si_007_clean,580.7
cg501141m_si_002_clean,1902.7
cg501141m_si_003_clean,1433.3
cg501231v_si_001_clean,971.8
cg5012617_si_002_clean,458.2
cg501279y_si_002_clean,729.9
cg501332u_si_002_clean,322.4
cg501560z_si_002_clean,551.3
cg501560z_si_003_clean,110.9
cg501730q_si_002_clean,621.1
cg800424t_si_002_clean,424.4
cg8013317_si_003_clean,998.4
cg900153m_si_001_clean,855.9
cg901114e_si_002_clean,277.2
cg901128k_si_004_clean,394.1
cg901312t_si_002_clean,1792.2
cm071462f-file004_clean,366.5
cm1008587_si_003_clean,294.9
cm202876r_si_002_clean,1653.6
cm301726k_si_004_clean,412.7
cm303749m_si_001_clean,149.9
cm303749m_si_002_clean,140.6
cm500700z_si_002_clean,881.8
cm500700z_si_003_clean,2369.0
cm501138g_si_002_clean,233.5
cm501138g_si_005_clean,239.8
cm501138g_si_006_clean,236.8
cm501138g_si_008_clean,236.9
cm501138g_si_009_clean,231.4
cm501138g_si_010_clean,231.8
cm501138g_si_011_clean,234.1
cm501138g_si_012_clean,236.0
cm503311x_F-mil-53-Al-lp-mono_clean,921.2
cm503311x_F-mil-53-Al-lp-ortho_clean,772.7
cm503311x_OH-mil-53-Al-lp-ortho_clean,749.2
cm503311x_alf100K_clean,419.9
cm503311x_alf11K_clean,405.0
cm503311x_alf125K_clean,405.9
cm503311x_alf150K_clean,410.6
cm503311x_alf175K_clean,337.0
cm503311x_alf200K_clean,342.8
cm503311x_alf225K_clean,339.0
cm503311x_alf250K_clean,337.0
cm503311x_alf275K_clean,338.3
cm503311x_alf290K_clean,340.4
cm503311x_alf300K_clean,341.5
cm503311x_alf325K_clean,333.9
cm503311x_alf350K_clean,326.2
cm503311x_alf375K_clean,326.7
cm503311x_alf400K_clean,332.6
cm503311x_alf40K_clean,406.4
cm503311x_alf425K_clean,330.4
cm503311x_alf475K_clean,342.9
cm503311x_alf500K_clean,324.5
cm503311x_alf70K_clean,404.8
cm503311x_aloh150K_clean,342.7
cm503311x_aloh175K_clean,342.1
cm503311x_aloh200K_clean,348.6
cm503311x_aloh225K_clean,344.4
cm503311x_aloh250K_clean,345.2
cm503311x_aloh275K_clean,351.7
cm503311x_aloh300K_clean,341.3
cm503311x_aloh325K_clean,343.5
cm503311x_aloh350K_clean,345.9
cm503311x_aloh375K_clean,347.8
cm503311x_aloh400K_clean,347.4
cm503311x_aloh425K_clean,349.7
cm503311x_aloh450K_clean,348.6
cm503311x_aloh475K_clean,346.0
cm503311x_aloh500K_clean,348.1
cm504350q_si_002_clean,5031.2
cm901983a_si_001_clean,5397.3
comp2_clean,1038.2
ic025743v_s1_clean,178.2
ic034943jsi20030807_040506_clean,1519.0
ic050064gsi20050115_040515_clean,400.1
ic051810ksi20060220_094504_clean,556.3
ic0520162si20051122_054836_clean,1338.1
ic060030osi20060309_091447_clean,269.6
ic060608urom20060410_101638_clean,951.3
ic060771psi20060614_113937_clean,197.9
ic062019u-file003_clean,934.1
ic070274o-file006_clean,403.9
ic100188w_si_002_clean,517.0
ic1010083_si_002_clean,6936.1
ic101789u_si_002_clean,335.5
ic101935f_si_002_auto,935.9
ic102347b_si_001_clean,533.7
ic200054b_si_002_clean,1479.2
ic2017598_si_001_clean_h,135.1
ic202626c_si_002_clean,669.0
ic202769e_si_002_clean,486.2
ic300665a_si_002_clean,1349.9
ic3019502_si_002_clean,350.4
ic302758g_si_002_clean,2231.4
ic400607w_si_001_clean,362.2
ic400777c_si_002_clean,807.7
ic401157n_si_002_clean,440.5
ic401157n_si_003_clean,566.7
ic402058f_si_002_clean,630.0
ic402058f_si_003_clean,864.8
ic402058f_si_004_clean,762.4
ic402058f_si_005_clean,1143.7
ic402692p_si_002_clean,634.5
ic402692p_si_003_clean,1183.7
ic402692p_si_004_clean,484.9
ic402692p_si_005_clean,551.8
ic403134c_si_002_clean,932.5
ic403175w_si_002_clean,602.7
ic500323r_si_001_clean,272.7
ic500323r_si_002_clean,318.0
ic5005374_si_003_clean,1025.4
ic5008457_si_002_clean,296.2
ic5011133_si_002_clean,499.6
ic5011133_si_003_clean,244.3
ic5011133_si_004_clean,333.9
ic501477u_si_002_clean,247.2
ic501801f_si_002_clean,503.5
ic501801f_si_003_clean,1166.4
ic501849g_si_002_clean,461.2
ic5021302_si_002_clean,696.1
ic502254c_si_002_clean,479.5
ic502478u_si_003_clean,935.9
ic502488c_si_002_clean,1082.9
ic502643m_si_003_clean,1307.7
ic502643m_si_006_clean,1241.8
ic502643m_si_007_clean,170.1
ic502643m_si_008_clean,488.9
ic502643m_si_009_clean,179.6
ic502643m_si_010_clean,180.4
ic502643m_si_011_clean,212.1
ic502643m_si_012_clean,295.0
ic502725y_si_004_clean,383.8
ic502730y_si_002_clean,529.5
ic502921j_si_002_clean,566.5
ic502921j_si_003_clean,592.6
ic5029383_si_002_clean,334.2
ic5b00096_auto,1642.7
ic5b00096_si_002_clean,7142.9
ic5b00130_si_002_clean,398.6
ic5b00194_si_002_clean,294.0
ic5b00535_si_002_clean,403.7
ic5b00561_si_002_clean,1603.0
ic5b01023_si_002_clean,2622.8
ic700893w-file001_clean,351.3
ic7014034-file001_clean,516.4
ic7025158-file001_clean,68.4
ic800131r-file003_clean,164.4
ic8004536-file004_clean,395.5
ic8008859_si_001_clean,1754.0
ic9002115_si_001_clean,2797.9
j.ica.2016.05.002_2_clean,623.4
j.ica.2016.08.030_3_clean,360.9
j.inoche.2015.01.025_INC05862-mmc2_clean,1219.7
j.inoche.2015.02.023_INC05895-mmc1_clean,832.1
j.inoche.2015.03.028_inc05925-mmc2_clean,1348.3
j.inoche.2015.03.054_CIFs_clean,151.8
j.inoche.2015.12.019_1_clean,743.9
j.jssc.2014.11.015_mmc2_clean,1399.8
j.jssc.2015.05.012_mmc6_clean,718.5
j.jssc.2015.08.048_mmc2_clean,3329.9
j.jssc.2016.06.015_ZJU-10_clean,443.5
j.jssc.2016.09.008_mmc8_clean,253.7
ja039022msi20031007_110612_clean,496.1
ja0660047si20060818_060256_clean,1158.3
ja0660047si20060818_060458_clean,1622.4
ja0734952si20070516_030528_clean,3930.2
ja074366osi20070816_031204_clean,136.5
ja0752540-file002_clean,1567.8
ja076167asi20070815_063752_clean,528.6
ja078060t-file002_clean,1924.7
ja101440z_si_001_clean,675.9
ja102862j_si_005_clean,867.8
ja109659k_si_002_clean,253.5
ja110042b_si_003_clean,740.2
ja111042f_si_002_clean,170.5
ja202154j_si_003_clean,441.6
ja203898s_si_004_clean,309.7
ja205976v_si_004_clean,269.9
ja205976v_si_006_clean,295.0
ja206917z_si_001_clean,270.8
ja300034j_si_002_clean,275.2
ja302110d_si_001_clean,663.7
ja302340b_si_002_clean,505.1
ja302380x_si_003_clean,704.4
ja3082523_si_004_clean,1539.4
ja308995t_si_002_clean,286.1
ja4012707_si_003_clean,238.4
ja4012707_si_004_clean,171.6
ja4015666_si_002_clean,228.6
ja4015666_si_003_clean,226.8
ja4015666_si_005_clean,239.9
ja403810k_si_002_clean,2046.0
ja403810k_si_003_clean,3977.2
ja4050828_auto,195.3
ja406030p_si_002_manual,296.3
ja406030p_si_003_clean,249.2
ja406030p_si_004_clean,295.3
ja406030p_si_005_manual,331.4
ja406030p_si_006_manual,331.6
ja406030p_si_007_manual,311.5
ja406030p_si_008_manual,336.9
ja406030p_si_009_manual,389.8
ja406844r_si_002_clean,336.3
ja407778a_si_003_clean,218.5
ja408959g_si_002_clean,216.1
ja408959g_si_003_clean,377.1
ja410368j_si_002_clean,501.3
ja411887c_si_002_clean,1016.2
ja500330a_si_005_clean,669.8
ja500330a_si_006_auto,1758.1
ja500330a_si_007_auto,472.5
ja500330a_si_009_auto,643.4
ja501810r_si_002_clean,207.0
ja5063423_si_002_clean,200.8
ja506357n_si_002_clean,740.2
ja507119n_si_002_clean,1599.4
ja507269n_si_002_clean,162.9
ja507269n_si_003_clean,164.6
ja507947d_si_001_auto,261.9
ja507971r_si_004_clean,517.7
ja508679h_si_001_clean,7020.6
ja5103103_si_002_auto,522.7
ja510525s_si_002_clean,557.5
ja510525s_si_003-1_clean,473.5
ja5109535_si_002_clean,2958.0
ja5111317_ja5111317_si_002_auto,769.5
ja5111317_ja5111317_si_003_clean,1031.7
ja512137t_si_002_clean,307.1
ja512311a_si_003_auto,319.4
ja512311a_si_007_auto,251.4
ja512437u_si_002_clean,1116.5
ja512437u_si_003_clean,1102.1
ja512437u_si_004_clean,1212.7
ja512762r_si_002_auto,255.0
ja512973b_si_002_auto,582.1
ja512973b_si_003_auto,575.4
ja512973b_si_004_auto,613.0
ja512973b_si_005_auto,95.8
ja5131269_si_002_clean,200.3
ja5131269_si_003_clean,204.5
ja5b00365_si_002_clean,207.9
ja5b00450_si_003_clean,9629.7
ja5b02556_si_002_clean,405.8
ja5b02897_si_003_clean,228.6
ja5b02999_si_002_clean,227.0
ja5b02999_si_003_clean,896.1
ja5b02999_si_004_clean,914.5
ja5b02999_si_006_clean,224.4
ja5b02999_si_007_clean,205.6
ja808995d_si_002_clean,573.8
ja809985t_si_002_clean,846.7
ja903726m_si_002_clean,202.4
ja905009e_si_002_clean,260.7
ja907023c_si_001_clean,409.4
ja907023c_si_002_clean,402.3
ja907023c_si_003_clean,414.8
ja907023c_si_004_clean,403.2
jacs.5b11034_ja5b11034_si_002_clean,1515.9
jacs.5b11079_ja5b11079_si_002_clean,662.0
jacs.5b12516_ja5b12516_si_002_clean,613.1
jacs.5b12516_ja5b12516_si_003_clean,651.4
jacs.5b12516_ja5b12516_si_004_clean,631.3
jacs.5b13491_ja5b13491_si_002_clean,1239.1
jacs.6b01345_ja6b01345_si_001_clean,1086.4
jacs.6b01663_ja6b01663_si_002_clean,137.6
jacs.6b01663_ja6b01663_si_003_clean,154.7
jacs.6b02030_ja6b02030_si_002_clean,763.7
jacs.6b02030_ja6b02030_si_003_clean,878.3
jacs.6b02030_ja6b02030_si_004_clean,908.5
jacs.6b03263_ja6b03263_si_002_clean,2584.0
jacs.6b04608_ja6b04608_si_002_clean,2548.2
jacs.6b04608_ja6b04608_si_003_clean,2445.7
jacs.6b06375_ja6b06375_si_001_clean,6681.3
jacs.6b06759_ja6b06759_si_002_clean,1632.1
jacs.6b06759_ja6b06759_si_003_clean,881.7
jacs.6b06759_ja6b06759_si_004_clean,886.9
jacs.6b08724_ja6b08724_si_009_clean,163.9
jacs.6b08724_ja6b08724_si_010_clean,171.2
jacs.6b08724_ja6b08724_si_011_clean,166.4
jacs.6b08724_ja6b08724_si_012_clean,91.6
jacs.6b08724_ja6b08724_si_013_clean,165.7
jacs.6b08724_ja6b08724_si_014_clean,165.4
jacs.6b08724_ja6b08724_si_015_clean,166.6
jacs.6b08724_ja6b08724_si_016_clean,161.1
jacs.6b09113_ja6b09113_si_002_clean,213.8
jacs.6b09155_ja6b09155_si_009_clean,280.6
jp102463p_si_002_clean,253.5
jp102463p_si_004_clean,294.7
jp2064408_si_002_clean,270.9
jp209895d_si_002_clean,2600.0
jp302979a_si_002_clean,636.8
jz4002345_si_002_clean,388.9
jz4002345_si_003_clean,392.2
jz4002345_si_005_clean,404.4
jz4002345_si_006_clean,381.3
la304204k_si_003_clean,1597.8
la4012839_si_002_auto,3675.3
nchem.2258-s3_clean,597.2
ncomms11831_ncomms11831-s2_clean,1245.7
ncomms11831_ncomms11831-s3_clean,1313.7
ncomms7350-s2_clean,530.9
om701262m-file004_clean,902.1
science.1056698_manual,1088.2
