MOF,Total time (s)
1499489-acs.cgd.6b01265_1499490_clean,418.3
ACOCOM_clean,1025.6
ACOCUS_clean,1117.9
ACODAZ_clean,1071.3
acs.cgd.5b01554_VAGNUP1452791_clean,297.0
acs.chemmater.5b03723_cm5b03723_si_004_clean,456.8
acs.chemmater.5b03723_cm5b03723_si_005_clean,295.2
acscombsci.5b00188_34903_clean,532.8
acscombsci.5b00188_5013797_clean,219.0
acs.inorgchem.5b02316_ic5b02316_si_002_clean,2681.4
acs.inorgchem.5b02378_ic5b02378_si_002_clean,2540.8
acs.inorgchem.6b00136_ic6b00136_si_002_clean,530.4
acs.inorgchem.6b00276_ic6b00276_si_006_clean,3386.8
acs.inorgchem.6b01211_ic6b01211_si_002_clean,253.8
acs.inorgchem.6b01416_ic6b01416_si_004_clean,300.1
acs.inorgchem.6b01762_ic6b01762_si_002_clean,264.3
acs.jpcc.6b04690_jp6b04690_si_005_clean,797.9
ADOBIF_clean,196.7
AFEKAX_clean,216.6
AGUBUA_clean,238.7
AHIYOH_clean,521.0
AHUFIU_clean,268.6
AKOXIJ_clean,1261.1
am301365h_si_002_clean,286.0
AMIZIG_clean,343.8
ANOMOG_clean,203.7
APEBII_clean,642.5
APEBOO_clean,1379.6
AQEGUY_clean,302.1
AQERUL_clean,6061.0
AQIXUU_clean,364.2
AQOLOJ_clean,295.9
AQOTIK_clean,143.3
ASANAL_clean,331.6
ASEKAM_clean,280.6
ASEXED_clean,817.1
ASIVEF_clean,246.3
ATEJOA_clean,1065.2
ATEZEG_clean,216.7
ATEZIK_clean,216.7
ATUZEW_clean,276.1
AVETAY_clean,148.8
AWEJES_clean,399.1
AWEWOP_clean,402.9
AWUPOZ_clean,160.4
AXIGAR_clean,209.3
AXINAX_clean,277.0
BABREE_clean,471.0
BADXAI_clean,767.2
BAKYIY_clean,219.6
BEGDEY_clean,578.0
BERQIA_clean,718.0
BETDOV_clean,268.9
BETFOX_clean,274.7
BEWCUD_clean,151.1
BEWVEG_clean,248.3
BEXTUV_clean,288.2
BEXVAD01_clean,259.8
BEXVAD_clean,261.7
BEXVIL_clean,157.5
BICDAU_clean,151.1
BIHBEB_clean,244.5
BIJFAD_clean,313.6
BINMIW_clean,426.5
BIPBAF_clean,236.7
BIRGIU_clean,312.3
BIWSOQ_clean,326.8
BOHWOM_clean,316.0
BORBEQ_clean,252.2
BOSHIC_clean,402.2
BOWSOW_clean,187.1
BUBDIL_clean,3642.3
BUCSAU_clean,385.5
BUCSIC01_clean,419.6
BUKMUQ_clean,124.8
BUPDOH_clean,309.2
BUVVIZ_clean,434.7
BUVVOF_clean,482.1
BUXTUL_clean,633.8
c4dt02048k_c4dt02048k2_clean,316.9
c4ra13058h_c4ra13058h2_clean,672.1
c5cc09935h_c5cc09935h2_clean,279.6
c5ce00923e_c5ce00923e2_clean,527.5
c5ce00931f_c5ce00931f2_clean,265.5
c5ce01790d_c5ce01790d1_clean,515.9
c5ce02503f_c5ce02503f2_clean,6526.9
c5dt01100k_c5dt01100k2_clean,353.6
c5dt02651b_c5dt02651b2_clean,341.0
c5dt03038b_c5dt03038b2_clean,201.4
c5dt03710g_c5dt03710g2_clean,197.2
c5dt04943a_c5dt04943a2_clean,217.0
c5dt05023e_c5dt05023e2_clean,375.1
c5nj02236c_c5nj02236c2_clean,378.5
c5nj03044g_c5nj03044g2_clean,537.5
c5qi00128e_c5qi00128e2_clean,439.5
c5sc00614g_c5sc00614g2_clean,1208.6
c5ta03835a_c5ta03835a2_clean,372.9
c5ta05481h_c5ta05481h2_clean,1019.9
c5ta09507g_c5ta09507g2_clean,2012.4
c5ta10401g_c5ta10401g2_clean,1622.7
c6cc00589f_c6cc00589f2_clean,279.7
c6cc00589f_c6cc00589f3_clean,92.5
c6cc01597b_c6cc01597b2_clean,333.8
c6cc03787a_c6cc03787a2_clean,339.6
c6ce00465b_c6ce00465b2_clean,129.1
c6dt01288d_c6dt01288d2_clean,690.9
c6ta07145g_c6ta07145g2_clean,1017.0
CACNOM_clean,297.9
CASWIE_clean,146.6
CAVMIX_clean,521.7
CAXSUR_SL,257.4
CAYQIE_clean,196.1
CAYQOK_clean,371.8
CAYQUQ_clean,232.8
CEDFOI_clean,502.8
CEDFUO_clean,371.8
CEKNIQ_clean,395.7
CEMKOV_clean,231.2
CESFIQ_clean,339.8
CESFOW_clean,242.5
CEYYIQ_clean,260.5
cg050585esi20051105_115011_clean,332.4
cg100357q_si_002_clean,499.5
cg2007167_si_002_clean,436.8
cg3002866_si_001_clean,726.2
cg300979c_si_002_clean,400.8
cg3015354_si_002_clean,327.3
cg4012185_si_002_clean,1536.3
cg500192d_si_002_clean,401.8
cg5008236_si_002_clean,2472.5
cg501141m_si_003_clean,440.7
cg801267m_si_001_clean,366.6
cg801267m_si_002_clean,366.8
cg801267m_si_003_clean,317.3
cg801267m_si_004_clean,317.8
CILFIN_clean,184.0
CIPLIX_clean,181.2
CIQQIE_clean,732.5
cm071462f-file004_clean,187.1
CODVAU_clean,3108.1
COJMIZ_clean,432.3
COJMOF02_clean,387.4
comp2_clean,541.3
COQJID_clean,416.3
COQJOJ_clean,370.3
COQJUP_clean,388.7
COWDEZ_clean,768.4
COXDIE_clean,495.0
COYMIN_clean,641.9
CUFQUR_clean,268.8
CUGLIB_clean,175.1
CUGYIO_clean,179.9
CUGZAH_clean,174.7
CUHLUO_clean,2036.6
CUPHIG_clean,230.9
CUQRUD_clean,195.2
CURZAR_clean,518.2
CUSXIY_clean,323.3
CUSXOE_clean,598.0
CUTCAX_clean,289.9
CUTFII_clean,283.6
CUVTIX_clean,2836.9
CUVVOG_clean,400.1
CUWHUZ_clean,1511.5
CUWXAV_clean,265.3
CUXFUX_clean,625.4
DACSAE_clean,587.6
DACSEI_clean,617.9
DADXUE_clean,639.9
DAFXUG_clean,769.3
DALVEU_clean,472.6
DAMRAN_clean,226.0
DANZOJ_neutral,195.8
DAZCAK_clean,582.4
DEKPUF_clean,259.6
DEYDOA_clean,183.1
DEYLOJ_clean,324.2
DIMQIB_clean,371.1
DITPED_clean,838.2
DIWMUT_clean,427.0
DIZVAK_clean,204.5
DOFTID_clean,251.8
DOFTOJ_clean,250.0
DOGBAE_clean,590.3
DOJXOR_clean,423.1
DOLWEI_clean,619.1
DOMGAP_clean,382.7
DONXOV_clean,598.1
DOTFOJ_clean,681.4
DUDKIY_clean,272.9
DUKNEE_clean,762.4
DUNYOC_clean,513.4
DUQRUD_clean,531.2
DUSHEG_clean,2366.8
DUSHIK_clean,2371.1
DUXZIG01_clean,97.5
DUZKAM_clean,287.1
DUZKEQ_clean,229.9
EBEWUG_clean,212.4
EBEXAN_clean,201.3
EBEXIU02_clean,256.8
EBEXIV_clean,197.7
EBOXEA_clean,307.9
ECEZAO_clean,253.8
EDUSOL_clean,2200.5
EDUTUS_clean,149.8
EDUVAA_clean,275.9
EDUVEE_clean,986.1
EDUVII_clean,201.7
EDUWAB_clean,129.3
EFEGEC_clean,563.2
EFESIT_clean,1002.2
EGABAR_clean,276.1
EGEJOQ_clean,673.8
EGEJUW_clean,501.4
EHUSUX_clean,485.3
EHUTAE_clean,603.6
EJATIS_clean,1330.2
EJESUJ_clean,219.4
EKADIF_clean,1450.6
EKEKIQ_clean,256.6
EKEKOW_clean,682.5
EKEMEO_clean,775.3
ELECIJ_clean,498.1
ELEROE_clean,526.2
ELOZIQ_clean,1016.9
EMIREX_clean,414.7
ENCDBZ01_clean,189.7
ENCDBZ_clean,109.1
ENCNBZ01_clean,116.7
ENEQUL_clean,471.7
EPECOT_clean,580.9
EPUSUE_clean,332.0
EQOCOC01_clean,317.0
ERALEQ_clean,630.2
ERALIU_clean,393.4
ERAMUH_clean,1237.3
ERANES_clean,281.7
ERANOC_clean,281.1
ERAQAR_clean,192.3
ERUNUC_clean,1020.7
ESARIB_clean,2029.2
ESEBOV_clean,110.3
ETIPII_clean,437.3
ETIXAI_clean,516.9
ETIYEN_clean,636.4
EVADEK_clean,1108.6
EVADIO_clean,1420.9
EVOTIT_SL,807.9
EWETOR_clean,717.8
EYOCUS_clean,517.9
EZIMEG_clean,347.5
EZIMIK_clean,340.6
EZOBUR01_clean,2299.0
EZOFUV_clean,152.1
FAKHIK_clean,515.5
FALRIV01_clean,398.5
FALRIV_clean,410.7
FALROB_clean,406.4
FALSAO_clean,411.9
FASGIS_clean,372.2
FAVDAK_clean,331.6
FAVDEO_clean,291.2
FAVDIS_clean,308.9
FAVFOA_clean,2353.9
FAYLIC_clean,133.4
FECFAV_clean,393.2
FECJUT_clean,555.5
FECYOD_clean,789.0
FEVNEA_charged,432.3
FEVNOL_clean,7143.3
FEWWEL_clean,920.5
FEWWIP_clean,1253.4
FEWXEM_clean,624.3
FEWXIQ_clean,591.7
FEYJID_clean,355.2
FEYQUW_clean,283.5
FEYZUF_clean,401.4
FEZCIX_clean,245.4
FIDMIP_clean,456.7
FIHHOV_clean,210.0
FIHHUB_SL,398.0
FIJCUX_clean,241.7
FIJFIO_clean,271.7
FIJFOU_clean,306.4
FIPJEV_clean,380.6
FIPWUY_clean,481.1
FIQCEN_clean,177.0
FIQKIB_clean,432.2
FISGOF_clean,177.4
FISXEM_clean,366.9
FIWKUT_clean,406.1
FOCZEE_clean,406.2
FOFCIO_clean,365.5
FOFHEO_clean,319.8
FOFTOL_clean,248.9
FOPFAS_clean,2589.2
FOPTOU_clean,681.0
FOQNIK_clean,236.5
FOQNOQ01_clean,222.3
FOQNOQ02_clean,222.9
FOQNOQ_clean,215.4
FOQNUW01_clean,222.9
FOQNUW02_clean,221.4
FOQNUW_clean,230.2
FOQPAE01_clean,229.7
FOQPAE02_clean,228.8
FORWAL_clean,278.9
FORXAM_clean,2041.9
FOSTOY_clean,1258.1
FUDQIF_clean,167.6
FUHJOJ_clean,455.8
FUSWIA_clean,156.3
FUTZIF_clean,284.1
FUVBOP_clean,284.9
FUVDEH01_clean,786.2
FUVDEH02_clean,751.7
FUVDEH03_clean,750.8
FUVDEH04_clean,753.7
FUVDEH05_clean,917.0
FUVDEH09_clean,790.7
FUVDEH10_clean,758.4
FUVDEH11_clean,733.7
FUVDEH13_clean,768.5
FUVDEH_clean,743.5
FUVGAG02_clean,814.5
FUWFUA_clean,355.3
FUWQIZ_clean,281.8
FUYCAE_clean,206.0
FUYCUZ_clean,1407.8
GABYUG_clean,478.7
GACBIY_clean,359.5
GACYER_clean,315.5
GAFGEC_clean,365.6
GAHSEQ_clean,389.2
GALFAB_clean,368.8
GANBAZ01_clean,614.2
GANBAZ02_clean,167.5
GANBAZ_clean,564.7
GANBED02_clean,266.5
GANBED_clean,281.7
GANBIH_clean,378.0
GASTIG_clean,296.1
GATQIE_clean,392.1
GATQOK_clean,658.1
GAYFOD_clean,166.3
GEBPEK_clean,146.3
GEBSAJ_clean,3884.7
GEDPAH_clean,228.3
GESNIC_clean,323.4
GEYFIB_clean,1004.1
GEZYUH_clean,421.5
GIFKIP_clean,191.4
GIJXAA_clean,254.8
GINNUO_clean,450.5
GITSUY_clean,586.6
GITVAH01_clean,1406.3
GITVAH_clean,1587.5
GOBTAT_clean,399.5
GOLDAO_clean,694.0
GONMUT_clean,2601.9
GONSUZ_clean,207.0
GOPLUS_clean,262.6
GOQWOY_clean,219.0
GORJEE_clean,1089.8
GORWUF_clean,221.8
GUKCIA_clean,410.8
GUPBOJ03_clean,423.3
GUPCEA_clean,1355.9
GURPOZ_clean,1358.1
GUZVOO_clean,299.7
HABCEV_clean,261.2
HABCIZ_clean,247.5
HABCOF_clean,245.9
HABDAS_clean,240.5
HABRUZ_clean,276.6
HACDOH_clean,703.8
HACDUN_clean,1074.5
HACRAH_clean,695.2
HACREL_clean,890.4
HAFQOW_clean,247.1
HAFQUC_clean,178.6
HAMJUC_clean,1030.0
HANKIS_clean,3176.7
HANKOY_clean,3239.2
HAWGIY_clean,429.8
HAXNOJ_clean,141.9
HEGKAP_clean,1186.8
HEXNII_clean,246.1
HICGEG_clean,468.1
HICZIE_clean,243.4
HIDDAB_clean,236.6
HIQKID_clean,242.0
HIVSAI_clean,300.0
HIWMAD_clean,249.5
HIZSEQ_clean,204.7
HIZTUG_clean,320.1
HOGJET_clean,252.5
HOJJUN_clean,299.0
HONXAL_clean,1276.7
HOQNOS_clean,304.1
HOVGEG_clean,428.9
HOZFIN_clean,242.3
HUBQEC_clean,509.3
HUCSEF_clean,473.8
HUDCEQ_clean,202.8
HUGTOT_clean,995.3
HUHBUJ_clean,1281.5
HUNCIE_clean,222.2
HURFIL_clean,410.3
HURFOR_clean,353.1
HUVNAP_clean,974.3
HUXHUF_clean,300.2
HUYFAJ_clean,440.5
HUZYEI_clean,639.2
HUZYIM_clean,792.3
IBAPOS_clean,165.9
IBAQAF_clean,170.0
IBAQEJ_clean,168.8
IBIYUO_clean,617.5
IBURAZ_clean,357.1
ic062019u-file003_clean,435.9
ic1010083_si_002_clean,1906.3
ic200054b_si_002_clean,532.5
ic302758g_si_002_clean,801.1
ic403175w_si_002_clean,379.2
ic5005374_si_003_clean,518.0
ic502478u_si_003_clean,845.2
ic502488c_si_002_clean,443.6
ic502643m_si_011_clean,184.1
ic502643m_si_012_clean,232.0
ic5b00096_si_002_clean,1508.6
ic5b00561_si_002_clean,650.0
ic8008859_si_001_clean,737.9
ic801677y_si_001_clean,319.4
ICAREL_clean,468.2
ICIKAH_clean,1630.5
ICITIY_clean,294.2
ICIVEW_clean,167.3
IDUYOX_clean,244.7
IFEPUG01_clean,885.5
IFEPUG02_clean,755.7
IFEPUG03_clean,735.5
IFEPUG04_clean,764.5
IFEPUG05_clean,761.0
IFEPUG06_clean,792.9
IFEPUG07_clean,792.9
IFEPUG08_clean,759.9
IFEPUG09_clean,891.7
IFEPUG10_clean,870.2
IFEQER_clean,784.5
IFUPAC_clean,280.5
IGORUS_clean,174.2
IGUCEU_clean,750.3
IJAPIU_clean,290.1
IJAPOA_clean,309.8
IJENIV_clean,434.0
IJENOB_clean,550.5
IJEXUS_clean,284.3
IKOTEH_clean,496.7
ILITON_clean,250.6
ILOWAI_clean,419.1
IMACZN01_clean,305.1
IMAXOL_clean,323.0
IMULEH_clean,469.0
IMUVES_clean,3478.9
INASAT_clean,439.5
INECIP_clean,458.4
INECOV_clean,324.3
INEPEY_clean,278.9
INEXEG_clean,418.9
INIROO_clean,386.5
IPEBEM_clean,1636.3
IPIVOT_clean,362.4
IREGOD_clean,354.6
IRUVUO_clean,800.9
ISEQIH_clean,270.2
IVEKEA_clean,1222.1
IVIPEK_clean,395.1
IWAHIZ_clean,747.2
IWAHUK_clean,1356.6
IWEVUD_clean,268.7
IWEWAK_clean,274.4
IWEWEO_clean,253.9
IWEWIS_clean,281.2
IWEWOY_clean,403.7
IXIKOR01_clean,1681.7
IXIKOR_clean,1745.7
IYALUR_clean,2666.2
IYIHUU_manual,251.6
IYITOB_clean,233.5
IYOCUW_clean,233.9
IYOVEY_clean,186.5
IYUHOB_clean,322.0
IZIHIK_clean,395.7
IZULUL_clean,749.5
IZUSEC_clean,424.9
ja0660047si20060818_060256_clean,321.9
ja0660047si20060818_060458_clean,397.3
ja0734952si20070516_030528_clean,1076.7
ja078060t-file002_clean,916.0
ja101440z_si_001_clean,259.5
ja102862j_si_005_clean,357.8
ja111042f_si_002_clean,138.2
ja202154j_si_003_clean,377.2
ja206029a_si_003_clean,419.1
ja4015666_si_002_clean,188.4
ja4015666_si_003_clean,188.7
ja4015666_si_005_clean,191.5
ja403810k_si_003_clean,1897.8
ja406030p_si_010_clean,2410.8
ja410368j_si_002_clean,372.1
ja501810r_si_002_clean,164.2
ja507119n_si_002_clean,536.8
ja507971r_si_004_clean,228.0
ja508679h_si_001_clean,2796.7
ja5109535_si_002_clean,689.2
ja5111317_ja5111317_si_003_clean,876.9
ja5b00450_si_002_clean,409.4
ja5b00450_si_003_clean,2678.3
jacs.5b11034_ja5b11034_si_002_clean,381.0
jacs.5b11079_ja5b11079_si_002_clean,364.1
jacs.6b01663_ja6b01663_si_002_clean,113.5
jacs.6b02030_ja6b02030_si_004_clean,415.7
jacs.6b03263_ja6b03263_si_002_clean,870.0
jacs.6b04608_ja6b04608_si_002_clean,1449.1
jacs.6b06375_ja6b06375_si_001_clean,1505.5
jacs.6b08724_ja6b08724_si_010_clean,152.2
jacs.6b08724_ja6b08724_si_011_clean,153.9
jacs.6b08724_ja6b08724_si_012_clean,75.4
jacs.6b08724_ja6b08724_si_013_clean,154.4
jacs.6b08724_ja6b08724_si_015_clean,153.1
JADBEY_clean,381.6
JADMIN_clean,1040.0
JAJZAY_clean,211.1
JALLIU_clean,493.3
j.inoche.2015.02.023_INC05895-mmc1_clean,295.0
j.inoche.2015.03.005_INC05902-mmc1_clean,959.5
JIVQOU_clean,755.0
JIVSAJ01_clean,1592.5
JIVSEN01_clean,821.7
JIVSIR01_clean,959.1
j.jssc.2015.08.048_mmc2_clean,1357.1
j.jssc.2016.06.015_ZJU-10_clean,235.0
JOBFEM_clean,560.0
JOBFIQ_clean,672.4
JOHQUT_clean,285.0
JOHSIJ_clean,853.7
JOQSIT_clean,277.6
JOZWOM_clean,453.6
JOZWUS_clean,459.9
jp302979a_si_002_clean,269.1
JUKPAI_clean,654.2
JUSGUB_clean,854.1
JUTCOS_clean,479.2
JUYBEM_clean,211.6
KACGAZ_clean,264.1
KACGED_clean,504.4
KACKIL_clean,141.0
KAHZAW_clean,158.9
KALFUA_clean,412.0
KARMUN_clean,698.3
KAVXAI_clean,343.4
KELJAN_clean,1009.1
KEVBIY_clean,3015.9
KEVBOE_clean,2829.5
KEWJIG_clean,428.0
KIFDIM_clean,231.1
KINMUR_clean,330.8
KINSEH_clean,212.2
KODPUP_clean,217.3
KOGSOQ_clean,394.1
KOJZOZ_clean,328.0
KOMHEB_clean,473.0
KOMHIF_clean,535.7
KOMHOL_clean,542.3
KOMHUR_clean,552.2
KOMJAZ_clean,563.7
KOQGAA_clean,249.4
KOVGOT01_clean,353.8
KOVGOT_clean,357.8
KOZNEU_clean,378.5
KOZQIB_clean,177.3
KUGFAU_clean,265.8
KUHZET_clean,1468.3
KUKPUD_clean,178.9
KUKQAK_clean,535.7
KULMAG_clean,509.1
KULMIO_clean,401.1
KUNLAH_clean,324.2
KUSDOT_clean,383.1
KUXROM_clean,277.6
KUXSAZ_clean,240.8
KUZYUB_clean,288.3
LABMOT_clean,253.2
LABMUZ_clean,582.0
LABNEK_clean,277.8
LABNOU_clean,760.7
LABNUA_clean,252.5
LABPEM_clean,742.0
LABPIQ_clean,266.9
LABPOW_clean,287.5
LABPUC_clean,288.6
LABQAJ_clean,259.3
LABQEN_clean,274.1
LACYEW_clean,263.3
LACYIA_clean,296.4
LACYOG_clean,198.9
LACYUM_clean,351.5
LACZAT_clean,321.6
LACZIB_clean,144.1
LAGVEX_clean,243.0
LAGWIB_clean,162.4
LAJFAG_clean,1018.0
LAJKUE_charged,1108.7
LAJLAL_charged,1140.9
LAJLEP_charged,1107.5
LAPLEW_clean,1557.5
LAPLOG01_clean,1615.1
LAPLOG_clean,2509.6
LAPLUM_clean,2853.0
LAPMAT_clean,2177.5
LAPMEX_clean,3552.0
LAPMIB_clean,1860.5
LAPMOH_clean,2434.3
LAPMUN_clean,3311.2
LAPNAU_clean,1802.3
LAPNEY_clean,1926.9
LAPNIC_clean,1577.4
LAPNOI_clean,1454.5
LAPNUO_clean,1265.0
LAPZEK_clean,289.8
LAQNOJ_clean,261.0
LAQNUP_clean,277.5
LATBUG_clean,315.5
LATCAN_clean,322.9
LATCIS_clean,93.2
LAVMAY_clean,230.6
LAWGOI_clean,317.1
LAWGUO_clean,301.1
LAWHEZ01_clean,304.0
LAWHEZ_clean,298.1
LAWHID_clean,292.5
LAXCUK_clean,282.2
LAZXIV_clean,276.7
LEJCEK_clean,141.5
LEJZOQ_clean,602.9
LELDOX_clean,1329.3
LENGES_clean,2079.8
LEQBUG_clean,250.5
LEQCAN_clean,246.1
LETREJ_clean,725.8
LEWZET_clean,147.9
LEZJOQ_clean,310.5
LEZJUW_clean,888.1
LIDSAU_clean,280.6
LIDSEY01_clean,830.2
LIDSEY_clean,285.8
LIDSIC_clean,339.0
LIFWEE_clean,152.5
LIHKAQ_clean,1164.1
LIKCOY_charged,191.7
LIQTUC_clean,480.6
LIRTUC_clean,457.5
LIXXEW_clean,336.3
LOCRUR_clean,155.1
LODCUC_clean,356.6
LODTAB_clean,185.3
LOFJAT_clean,209.0
LORNEL_clean,124.4
LOSYAV_clean,230.1
LOXVUR_clean,663.9
LOZSOK_clean,461.6
LOZSUQ_clean,484.7
LUDKIG_clean,488.9
LUDTUZ_clean,252.9
LUDVAH_clean,320.6
LUDVEL_clean,222.8
LUDVOV_clean,233.3
LUKLIN_clean,298.9
LURRIA_clean,202.3
LURRUM_clean,1792.6
LUSQOH_clean,1214.2
LUTZEH_clean,1286.6
LUWMUN_clean,196.7
LUWNAU_clean,198.2
LUXFEQ_charged,651.2
LUYBIS_clean,335.1
MAFFUW_clean,653.4
MAJJUF_clean,141.6
MAJKAM_clean,499.5
MAMVED_charged,1626.4
MAQMEZ_clean,356.2
MAVRAE_clean,297.8
MAXHUP_clean,240.5
MAZSOX_clean,217.7
MIBQAR16_clean,115.2
MIMSIM_clean,393.0
MINCET_clean,506.3
MIPHEA_clean,1913.4
MIVFUU_clean,233.7
MIXYOJ_clean,483.0
MIZKAI_clean,362.1
MIZPUI_clean,188.3
MODNIC_clean,240.7
MOKVOZ_clean,278.5
MOXBOS_clean,322.1
MOXPAR_clean,1662.7
MOYMUJ_clean,626.3
MOYTUR_clean,616.0
MOYZIK_clean,122.2
MUFZIY_clean,343.9
MUGXIX_clean,387.7
MUKQUG_clean,298.2
MUKRAN_clean,315.1
MULXUO_clean,308.1
MUMLOX_clean,439.0
MUTCEL_clean,337.7
MUVJAP_clean,247.7
MUWRON_clean,246.6
MUZKEZ_clean,339.9
NACZUP01_clean,1927.1
NACZUP03_clean,1903.6
NACZUP_clean,1967.5
NAHHOW_clean,242.0
NANPUN_clean,82.8
NATHOI_clean,763.5
NATXOW_clean,260.3
NAYHAY_clean,319.5
NEBYOK_clean,455.0
NEDLOZ_clean,514.5
NENHEU_clean,710.8
NIKHAS_clean,354.9
NIMQAC_clean,433.0
NIMQAD_clean,341.8
NIMQEH_clean,256.7
NIRFIE_clean,374.5
NIXFUX_clean,647.4
NIXGIM_clean,604.8
NIXKIQ_clean,490.4
NOBWEI_clean,777.6
NODKEX_clean,167.0
NODKIB_clean,453.5
NOFRIK_clean,1535.6
NOHQEI_clean,1404.3
NOMPOW_clean,338.1
NORPIV_clean,1063.9
NUCPIM_clean,202.2
NUDLAB_clean,292.8
NUDLEF_clean,472.9
NUMPAO_clean,177.3
NUNZUT_clean,311.3
NUSXEG_clean,581.2
NUTQEZ_clean,168.1
NUTYOS_clean,295.7
NUVWIL_clean,196.3
NUVXUZ_clean,488.0
NUZCIV_clean,666.7
OBUBIW_clean,315.1
OCILEU_clean,284.7
OCILIY_clean,276.4
OCIMAR_clean,313.0
OCIMEV_clean,285.7
OCIMIZ_clean,197.8
OCIMOF_clean,290.0
OCIMUL_clean,308.2
OCINAS_clean,295.8
OCIZAD_clean,382.7
OCUMUX_clean,401.8
OCUPOS_clean,235.3
OCUTAI_clean,248.4
ODIXIK_clean,585.7
OFAMUF_clean,209.9
OFODAP_clean,172.3
OFORUX_clean,302.8
OGIJIY_clean,372.2
OGOJAX_clean,214.3
OHAQAR_clean,2112.5
OHOLIH_clean,273.5
OJIFAP_clean,353.4
OJIWEK_clean,369.8
OJOSEN_clean,202.4
OJOSIR_clean,390.4
OJUPEQ_clean,817.0
OKIZIT_clean,609.8
OKUJOV_clean,2437.4
OKUJUB_clean,2987.9
OKUKEM_clean,2076.1
OLODEA_clean,666.6
OLOGAY_clean,391.1
OLOPIQ_clean,735.7
OLOPOW_clean,1548.0
OMOWEU_clean,547.5
OMUHUB_clean,868.4
OMUMEQ_clean,956.9
OMUMIU_clean,872.1
ONEYIQ_clean,4258.4
ONUJUE_clean,412.9
OPAHIY_clean,470.0
OQUFAJ01_clean,266.3
OQUFAJ03_clean,258.9
OQUFIR_clean,341.9
OQUFUD_clean,341.3
OQUGAK_clean,920.5
ORAWAH_clean,982.5
OREZUI_clean,2130.6
OSOTIB_clean,229.7
OTOYUT_clean,291.9
OTOZAA_clean,207.7
OTOZEE_clean,314.4
OVADAR_clean,300.2
OVEDAW_clean,334.1
OVIWOG_clean,200.4
OVUNIE_clean,285.0
OVUVIL_clean,202.9
OXAMEG_clean,235.9
OXANOR_clean,281.4
OXANUX_clean,291.0
OXAPAF_clean,293.4
OYAJIJ02_clean,476.4
OYAKAC02_clean,450.0
OYOVOP_clean,397.8
OZASOZ_clean,608.1
PACHUZ_clean,431.3
PALTIH_clean,444.6
PAQMAY_clean,448.7
PAQTIM_clean,361.4
PAQTOS_clean,360.0
PARSAF_clean,619.6
PARSEJ_clean,640.3
PEJMUO_clean,355.6
PEKDEQ_clean,347.3
PEKVUY_clean,227.1
PEMGEV_clean,749.2
PENNIH_clean,401.2
PEQFAT_clean,463.2
PEQTUB_clean,161.0
PETWES_clean,220.7
PETWIW_clean,219.7
PETWUI_clean,3099.7
PETXAP_clean,1047.9
PIBPAS_clean,296.2
PIDNEX_clean,229.6
PIDNOH_clean,2764.8
PILJAX_clean,305.8
PITRIU_clean,483.6
PIVBEC_clean,275.8
POBGAQ01_clean,332.3
POBGAQ_clean,218.1
POBJIB_clean,546.1
POCRAB_clean,332.5
PUBROU_clean,336.8
PUBRUA_clean,944.2
PUBSAH_clean,253.0
PUBSEL_clean,329.1
PUBSIP_clean,258.5
PUBSOV_clean,759.7
PUCKUV_clean,329.4
PUMGIP_clean,510.5
PUPJER_clean,286.3
PUSSEC_clean,369.6
PUWCEP_charged,1745.3
PUWCIT_clean,265.1
PUWZOX_clean,1560.1
QAHDOU_clean,144.8
QAHDUA_clean,138.4
QAMHAQ_clean,234.7
QAMLEY_clean,140.6
QAPPON_clean,267.8
QARLON_clean,238.3
QARLUT_clean,232.2
QARMAA_clean,244.7
QAVPOU_clean,1090.3
QETQIP_clean,515.8
QIKYOA_clean,213.2
QILBUK_clean,702.9
QITHAC_clean,1280.8
QITHEG_clean,1336.8
QIWHEL_clean,438.4
QIWQES_clean,257.6
QIYDAF01_clean,298.6
QOGGID_clean,394.1
QOGPIM_clean,439.5
QOPDAA_clean,499.2
QOTHOY_clean,234.9
QOZPEC_clean,257.4
QUJWEZ_clean,286.5
QUNMUI_clean,262.7
QUQGEP_neutral,345.7
QUQMOG_clean,813.0
QUQPIC_clean,291.3
QUQQOJ_clean,616.2
QUQZOS_clean,877.3
QURPIE_clean,1363.3
QUSSAA_clean,537.9
QUSSOO_clean,322.0
QUTDAM_clean,246.8
RACZIG_clean,343.2
RAHNUL_clean,2953.6
RAHPAT_clean,2249.0
RANCEQ_clean,294.1
RANVUA_clean,393.1
RAXBOJ_clean,269.5
RAZXIA01_clean,259.4
REHHET_clean,359.2
REHHIX_clean,316.5
REHHUJ_clean,340.9
REHJAR_clean,358.8
REHTUV_clean,4604.7
REJLOI_clean,1112.4
REKZIR_clean,693.8
RELLAW_clean,271.7
RESDUQ_clean,297.9
RESZIA_clean,329.3
RETVIW_clean,387.9
REXCEE_clean,287.5
REXGAE_clean,480.8
RIRDIH_clean,630.9
RITGEI_clean,368.0
RITGUY_clean,198.1
RIWNAO_clean,789.4
RIZXUT_clean,116.7
ROBYOY_clean,1089.7
ROKRIU_clean,4810.1
ROKROA_clean,3092.7
ROMMAJ_clean,299.0
RONSOE_clean,388.8
RORTID_clean,314.4
RORTOJ_clean,312.4
RORTUP_clean,314.2
RUBLUX_clean,249.7
RUBTAK04_clean,880.5
RUBTAK06_clean,881.7
RUBTAK07_clean,905.1
RUBTAK08_clean,859.4
RUBTAK09_clean,893.2
RUDPOW_clean,315.2
RUDQEN_clean,432.9
RUDQOX_clean,241.3
RUFPUF_clean,112.7
RUFZOJ_clean,272.0
RUGXIC_clean,795.9
RUGXUO_clean,327.3
RUJMAM_clean,390.0
RUKHAI_clean,464.8
RULMUI_clean,502.8
RUMWUS_clean,469.3
RUQVEF_clean,183.6
RUYNEG_clean,472.0
SABFUX_clean,151.4
SAJHUJ_clean,640.3
SAJRAW11_clean,136.8
SAKNOJ_clean,636.0
SALROO_clean,283.5
SALRUU_clean,160.0
SAMVIO_clean,205.3
SAMXUC_clean,600.2
SAMYAJ_clean,598.6
SAMYEN_clean,599.5
SAMYIR_clean,595.7
SANGIA_clean,364.5
SANGOG_clean,367.4
SANHEX_clean,378.1
SAPHOI_clean,390.2
SARPIL_clean,234.7
SEFTOO_clean,264.8
SEFVOQ_clean,273.8
SEHMUO_clean,350.5
SEHNEZ_clean,358.2
SEMPUX_clean,713.5
SENQAE_clean,1125.7
SENWAL_clean,102.8
SENWIT_clean,99.0
SENWOZ_clean,99.4
SERKEG_clean,170.9
SERWET_clean,430.9
SERWIX_clean,296.6
SESLUZ_clean,471.4
SETSUH_clean,357.3
SETTAO_clean,259.1
SEZPIY_clean,190.8
SINLAE_clean,279.7
SITFUY_clean,736.9
SIVGAH_clean,209.4
SOHMOS_clean,863.7
SOKXIB_clean,418.1
SOKXOH_clean,483.0
SONTEV_clean,298.6
SOPLIU_clean,223.0
SOVHIU_clean,958.4
SUGSEU_clean,818.1
SUKKUG_clean,1017.6
SUKMAO_clean,923.3
SUNLAP_clean,409.1
SUPQAW_clean,214.5
SURHEU01_clean,917.8
SURHEU02_clean,877.9
SURHEU_clean,915.0
SURKUN01_clean,873.4
SURKUN_clean,868.0
SURLEY_clean,867.5
SUWZOB_clean,724.8
SUXGUP_clean,764.9
SUXNIJ_clean,432.0
SUXSEL_clean,429.2
TACFIN01_clean,185.6
TADWOM_clean,354.7
TAPLED_clean,383.5
TATSAK_clean,283.9
TAVSER_clean,656.7
TAWSUI_clean,153.7
TAZLAJ_clean,255.7
TAZLEN_clean,267.4
TEPJAB_clean,1917.2
TEQLIM_clean,365.0
TEQPEM_SL,148.1
TEQVOC_clean,303.1
TERFED_clean,216.0
TEVHEJ_clean,396.3
TILBIB01_clean,347.8
TILBIB_clean,355.3
TILBOH_clean,334.3
TILPUA_clean,2205.1
TILWEQ_clean,107.6
TIMMEI_clean,1898.7
TIPZOJ_clean,423.1
TIPZUP_clean,373.7
TIRKEM_clean,316.8
TIVYAZ_clean,191.0
TOFLIL_clean,296.9
TOHDAX_clean,6499.8
TOHMIO_clean,504.6
TOHZAS_clean,235.9
TOKLEM_clean,304.1
TOKLIQ_clean,268.5
TONKIR_clean,1063.8
TORXEE_clean,734.2
TOTVEF_clean,492.2
TOVGUI_clean,579.8
TOVHET_clean,491.8
TOVHIX_clean,1179.3
TOVKAS_clean,368.2
TOWMOJ_clean,219.2
TUBWEU_clean,2616.6
TUJGAI_clean,2326.1
TUWFUN_clean,1088.3
UBACUX_clean,292.2
UCAJUF_clean,827.4
UDALUI_clean,176.3
UDAMET_clean,188.4
UDANIY_clean,164.0
UDAWOO_clean,273.5
UDAWUU_clean,182.2
UDAXAB_clean,252.9
UDAXEF_clean,258.1
UDAXIJ_clean,275.0
UDIQII_clean,278.4
UFEXOT_clean,680.6
UGEMOK_clean,705.4
UGOCAW_clean,3485.4
UJEGUL_clean,217.2
UKIQUB_clean,248.8
UKOLOV_clean,2330.6
UKOZOL_clean,332.2
ULILEI_clean,377.3
ULOJUC01_clean,259.2
ULOJUC_clean,268.3
ULOKEN_clean,261.6
ULOKOX_clean,248.9
ULOKUD01_clean,281.9
ULOKUD_clean,278.4
ULOLAK_clean,257.3
UMEJUT_clean,116.2
UMEKAA_clean,244.6
UMIZIB_clean,777.4
UMODEH05_clean,294.3
UMOYOM01_clean,282.1
UMOYOM02_clean,274.0
UMOYOM04_clean,268.4
UMOYOM09_clean,269.9
UMOYOM12_clean,263.8
UMOYOM14_clean,267.5
UMOYOM15_clean,270.7
UMOYOM18_clean,284.4
UMOYOM19_clean,275.9
UMOYOM_clean,268.0
UNABOB_clean,463.3
UNACES01_clean,425.6
UNIFII_clean,1607.3
UNIGEE_clean,113.7
UQETOB_clean,574.1
USAHAZ_clean,334.1
USOXIL_clean,573.1
UTEWUM_clean,246.7
UTEXAT_clean,228.2
UTULEB_clean,126.1
UVEXAV_clean,455.8
UVUCEV_clean,449.7
UVUDEW_clean,879.6
UVUPOR_clean,244.3
UVUQOT_clean,246.9
UXACAY_clean,260.3
UXOHOG_clean,282.7
UYAMIS_clean,358.1
UYAMOY_clean,439.0
UZIZOU_clean,299.1
UZOBAO_clean,295.9
UZOBES_clean,297.2
UZOBIW_clean,301.6
UZUTUG_clean,269.6
UZUXOE_clean,637.8
VABJUE_clean,1426.1
VABKAL_clean,1339.9
VABKAN_clean,228.9
VABKEP_clean,1355.6
VABKER_clean,241.4
VAGTAB_clean,565.4
VAJGAR_clean,1000.8
VAJTEH_clean,381.4
VAJVEJ_clean,527.8
VAKLIF_clean,237.1
VAKNAZ_clean,218.3
VAKNED_clean,217.0
VAKPOP_clean,234.5
VAKPUV_clean,540.7
VAKQAC_clean,231.0
VAMYEQ_clean,325.1
VAMYIU_clean,326.9
VAMYOA_clean,1245.2
VAMYUG_clean,340.4
VAMZAN_clean,1204.6
VAMZER_clean,1242.3
VARHON_clean,217.0
VARJAB_clean,457.0
VECVUW_clean,386.3
VEHJID_clean,150.3
VEJZIU_clean,540.8
VELBAQ_clean,243.4
VELVOY_clean,323.8
VEYREX_clean,307.6
VEYREY_clean,815.1
VEYWED_clean,549.5
VIDJID_clean,250.1
VIDWIQ_clean,259.3
VIGDIY_clean,590.8
VIJNIN_clean,1813.5
VINHIL_clean,131.7
VIWQUP_clean,503.1
VIWRAW_clean,282.1
VIXPUP_clean,170.9
VOKNAM_clean,834.8
VOLRAQ01_clean,149.9
VONDIN_clean,1026.4
VONDOT_clean,377.1
VONROH_clean,379.4
VONRUN_clean,493.8
VOQXIK_clean,190.3
VORHER_clean,552.2
VOSVAC_clean,522.5
VOSVEG_clean,559.1
VOSWIL_clean,218.5
VOVQEE_clean,157.0
VOXTOT_clean,903.8
VOXTUZ_clean,211.1
VOXVAH_clean,427.9
VOZVEN01_clean,240.3
VUHMOC_clean,258.9
VUHNAP_clean,248.8
VUHNIX_clean,250.3
VUHNUJ_clean,248.6
VUHPAR_clean,269.9
VUHPOF_clean,272.1
VUHPUL_clean,273.6
VUJBIM_clean,323.5
VUKSIF_clean,325.6
VUKYOR_clean,266.0
VUKYUX_clean,264.4
VUMBOW_clean,335.8
VURNED01_clean,239.9
VURNED02_clean,233.7
VURNED03_clean,236.5
VURNED04_clean,163.2
VURNED_clean,223.9
VUWROW_clean,257.2
WAFKEU05_clean,197.6
WAFKEU06_clean,214.8
WAFKEU07_clean,200.1
WAFKIY_clean,219.1
WAGPOM_clean,235.1
WAGQAY_clean,343.4
WAHDIT_clean,259.5
WAHROP_clean,362.5
WAKTOS_clean,234.4
WAMRIN02_clean,243.0
WANBIY_clean,501.8
WANHAX_clean,326.1
WANHEB_clean,312.2
WANHOL_clean,268.3
WANHUR_clean,335.6
WANKOO_clean,568.5
WANNEH_clean,1115.9
WANNIL_clean,1027.5
WAPTAL_clean,238.9
WAPTEP_clean,237.4
WAPTIT_clean,237.0
WAQFAY_clean,395.0
WARFAY01_clean,1097.1
WARFAY02_clean,249.7
WARFAY03_clean,236.2
WARFAY04_clean,239.6
WARFAY05_clean,214.6
WARFAY06_clean,215.2
WARFIG_clean,1060.9
WARXUL_clean,286.7
WASMUB01_clean,219.4
WASMUB02_clean,223.2
WAVQIV_ion_b,646.9
WAVRES_clean,605.7
WAVRIW_clean,674.4
WAZQIZ_clean,349.4
WEBJIY_clean,337.3
WEBJUK_clean,310.4
WEBKAR_clean,226.2
WEBKEV_clean,260.0
WETPES_clean,214.9
WEXSEZ_clean,257.2
WIJXAQ_clean,316.0
WIKGII_clean,577.4
WIKLOT_clean,380.5
WILGUV_clean,331.2
WIRMUH_clean,272.4
WIRNAO_clean,367.2
WISKOA_clean,300.7
WIWKIX_clean,606.3
WODREO_clean,477.6
WOJYEB_clean,2111.2
WOJYIF_clean,2391.2
WOJYOL_clean,2383.6
WOJYUR_clean,2195.6
WOLROF_clean,127.8
WOMFAG_clean,4273.6
WOMFEK_clean,4712.8
WOMXED_clean,1978.6
WONBAD_clean,276.7
WONJUG_clean,4463.1
WONZOP_clean,233.5
WONZUV_clean,149.6
WOPSAX01_clean,660.6
WOYWIS_clean,582.7
WOYWOY_clean,453.1
WUDTUM_clean,295.0
WUDYUR_clean,563.3
WUDZAY_clean,473.7
WUDZIG_clean,273.0
WUDZOM_clean,266.3
WUDZUS_clean,279.6
WUGPUL_clean,213.2
WUJPIC_clean,168.2
WUTCET_clean,325.4
WUYLOS_clean,181.1
XACYAB_clean,570.3
XAKLIH_clean,372.9
XAKZEP_clean,279.8
XAMDUM07_clean,177.3
XANMUX01_clean,198.0
XANMUX02_clean,202.5
XANMUX03_clean,201.8
XANMUX04_clean,208.8
XANMUX05_clean,204.0
XANMUX06_clean,204.3
XANMUX07_clean,202.7
XANMUX08_clean,203.2
XANMUX_clean,204.3
XANZAQ01_clean,269.7
XANZAQ02_clean,267.7
XANZAQ03_clean,152.9
XANZAQ04_clean,192.4
XANZAQ05_clean,203.0
XANZAQ06_clean,201.2
XANZAQ07_clean,200.2
XANZAQ08_clean,196.4
XANZAQ_clean,194.4
XEKJIH_clean,670.1
XEKJON_clean,1252.7
XEKJUT_clean,1464.3
XEMHOM_clean,339.8
XENZEX_clean,1046.8
XEVHAJ_clean,554.9
XEVHEN_clean,548.2
XIDMED_clean,219.7
XIJJEH_clean,2936.4
XILDUT_clean,250.9
XINFUW_clean,159.2
XISDIO_clean,420.2
XISDOU_clean,415.5
XISDUA_clean,422.9
XISLUI_clean,583.9
XITYEF_clean,2736.7
XIVVEF_clean,244.1
XIZCUG_clean,352.5
XIZJEW_clean,290.5
XOBDUO_clean,210.0
XOCQUD_clean,382.1
XODNUB_clean,485.1
XOFGEG_clean,1042.3
XOMCUZ_clean,222.1
XOMHEO_clean,256.8
XOMHIS_clean,726.5
XOMNEU_clean,600.8
XONLES_clean,379.4
XOPJAO_clean,416.1
XUDPET_clean,699.8
XUDPOD_clean,487.2
XUDPUJ_clean,2658.2
XUDQAQ_clean,1511.4
XUDQEU_clean,1024.9
XUDVAV_clean,255.9
XUFWAX_clean,181.6
XUFWEB_clean,176.3
XUFWIF_clean,162.5
XUFWOL_clean,239.4
XUFYEE_clean,1269.2
XUMNAW_clean,396.9
YABHIV_clean,891.3
YAFJEX_clean,290.7
YAGHAS_clean,574.6
YAGHUM_clean,185.4
YAHWAI_clean,232.7
YAMYUJ_clean,648.9
YAPTIT_clean,502.5
YARBIE_clean,633.6
YARGOP_clean,172.8
YARZEZ01_clean,122.0
YASVOG_clean,1244.5
YASVUM_clean,144.1
YATVUN_clean,789.7
YATWAU_clean,798.4
YAZFOW_clean,234.0
YEFNIG_clean,134.9
YEFPAA_clean,136.0
YEFPII_clean,2339.4
YEGHEZ_clean,154.7
YEYDAJ_clean,871.1
YIDSOT_clean,253.1
YIJCEB_clean,636.2
YINTEW_clean,155.1
YINXUQ_clean,191.5
YIVTII_clean,289.1
YIWBIR_clean,500.5
YIWMIA_clean,160.2
YIWNEX_clean,176.4
YIWNUN_clean,123.2
YIXBIQ_clean,251.1
YIZJEY_clean,298.5
YOCNIP_clean,449.8
YOGKEM_clean,753.7
YOGKIQ_clean,2103.9
YORCEP_clean,304.7
YORCIT_clean,482.6
YORRII_clean,351.2
YORSOP_clean,385.9
YOSWUA_clean,440.3
YOYCEV_clean,868.2
YOYYUI_clean,2260.6
YOZBEW_clean,457.1
YOZBIZ01_clean,1867.1
YOZBIZ_clean,1851.3
YOZBOF01_clean,941.2
YOZCEW_clean,619.7
YUDDEH_clean,286.0
YUTJAA_clean,267.2
ZADQUT_clean,604.1
ZADRAA_clean,557.9
ZADREE_clean,614.2
ZADROO_clean,580.8
ZARLOV_clean,1116.0
ZAXTAV_clean,656.2
ZAYJUG_clean,404.4
ZEBMEA_clean,367.5
ZESFUY_clean,155.7
ZEVYAC_clean,1224.3
ZEXSOM_clean,326.0
ZEZPIF_clean,251.8
ZILBUT_clean,129.8
ZIQVAY_clean,377.3
ZISNEW_clean,207.0
ZISXEG_clean,6229.5
ZIVCOY_clean,112.1
ZIZTEJ_clean,398.0
ZODXAT_clean,960.2
ZOGBAA_clean,165.1
ZOJWAY_clean,3647.4
ZOKGAJ_clean,599.4
ZOQSUV_clean,258.4
ZOQTAC_clean,275.9
ZOQTIK_clean,319.9
ZOXNAD_clean,1151.4
ZULNAX_clean,787.8
ZUQBUK_clean,485.4
ZUSNOS_clean,798.3
ABAYIO_clean,926.4
ABAYOU_clean,960.4
ABESUX_clean,163.2
ABETAE_clean,162.5
ABETIN_clean,686.6
ABEXEM_clean,233.7
ABEXEN_clean,254.7
ABEXOW_clean,238.6
ABEXUC_clean,235.5
ABEYAJ_clean,238.1
ABEYEN_clean,236.4
ABEYIR_clean,237.8
ABIXOZ_clean,163.6
ABIYIV_clean,427.7
ABULOB_clean,271.1
ABUWOJ_clean,204.6
ac403674p_si_001_clean,313.2
ACAJIY_clean,353.0
ACAJIZ_clean,581.2
ACAJOF_clean,278.1
ACIBOE_clean,178.1
ACODON_clean,265.7
ACOGAB_clean,253.1
ACOGEF_clean,260.8
ACOLIP_clean,323.2
ACOLOV_clean,351.0
acs.cgd.5b01686_WAHFUJ1434675_clean,431.8
acs.cgd.6b00463_OLOMUZ1451936_clean,702.0
acs.chemmater.6b02817_cm6b02817_si_004_clean,383.3
acs.chemrev.6b00346_cr6b00346_si_001_clean,204.6
acscombsci.5b00188_24205_clean,217.8
acscombsci.5b00188_3001288_clean,81.5
acscombsci.5b00188_5020072_clean,138.5
acscombsci.5b00188_5024922_clean,110.7
acscombsci.5b00188_5036495_clean,59.8
acscombsci.5b00188_5040209_clean,155.6
acscombsci.5b00188_8372_clean,164.4
acs.inorgchem.5b02108_ic5b02108_si_002_clean,172.8
acs.inorgchem.5b02973_ic5b02973_si_002_clean,305.8
acs.inorgchem.6b00081_ic6b00081_si_001_clean,544.5
acs.inorgchem.6b00433_ic6b00433_si_002_clean,401.1
acs.inorgchem.6b00894_ic6b00894_si_002_clean,624.4
acs.inorgchem.6b01569_ic6b01569_si_002_clean,420.9
acs.inorgchem.6b01740_ic6b01740_si_002_clean,534.7
acs.inorgchem.6b02407_ic6b02407_si_002_clean,201.7
acs.inorgchem.6b02407_ic6b02407_si_003_clean,514.9
acs.inorgchem.6b02413_ic6b02413_si_002_clean,713.7
acs.inorgchem.6b02514_ic6b02514_si_002_clean,269.5
acs.inorgchem.6b02696_ic6b02696_si_002_clean,1745.4
acs.jpcc.6b08594_UiO66_Ce2Zr4_opt_clean,219.0
acs.jpcc.6b08594_Zn2Cd6MOF5_opt_clean,208.0
ACUBAB_clean,282.1
ACUFEK_clean,305.9
ACUJOZ_manual,687.9
ACUTOI_clean,380.9
ADARAA_clean,1055.4
ADASAB_charged,346.6
ADASEF_clean,221.9
ADASIJ_clean,317.2
ADASOP_clean,203.3
ADASUV_clean,212.0
ADATAC_clean,228.0
ADATEG_manual,390.2
ADATIK_clean,240.8
ADATOQ_clean,663.6
ADATUW_clean,670.3
ADAVAE_clean,685.8
ADAVEI_clean,666.3
ADAXEK_clean,224.9
ADAXIO_clean,315.6
ADIQEL_clean,343.9
ADOBAX_charged,238.4
ADOBEB_charged,236.3
ADOBOL_charged,228.2
ADOBUR_charged,231.1
ADOCEC_clean,191.5
ADODAA_charged,280.3
ADODOO_clean,218.8
ADODUU_clean,217.9
ADOGEH_clean,2360.8
ADUROI_clean,1118.5
ADUWIH_clean,423.4
ADUWON_clean,230.9
AFEJOK_ion_b,317.9
AFENEE_clean,222.8
AFIPAH_clean,216.8
AFITEP_clean,237.8
AFITUF_clean,284.2
AFIXAO_clean,479.8
AFIXES_clean,488.0
AFOTOF_clean,215.3
AFOTUL_clean,216.6
AFOVAT_clean,216.0
AFOVEX_clean,217.1
AFOVIB_clean,218.1
AFOVOH_clean,219.4
AFOYAW_clean,349.9
AFOYEB_clean,245.9
AFOYIE_clean,145.7
AFOYOK_clean,331.3
AFUKET_clean,440.9
AFUKIX_clean,386.7
AFUPEX_clean,162.3
AGABIU_clean,111.9
AGARUW_clean,206.8
AGIREP_clean,556.1
AGOFEJ_clean,378.7
AGONAM_clean,226.7
AGONEQ_clean,139.3
AGOVOJ_clean,108.4
AGUVOO_charged,454.7
AHAMAY_clean,304.0
AHEQAH_clean,164.0
AHOKIR01_clean,259.3
AHOKIR_clean,218.0
AHOKOX_clean,182.5
AJAKON_clean,332.5
AJAYIT_clean,379.6
AJIGIL_clean,647.5
AJOTEY_clean,124.9
AJOVEB_clean,444.7
AJOXAA_clean,251.7
AKEDIF_clean,250.8
AKOBAF_clean,465.0
AKOHEO_clean,230.5
AKUKUO_clean,249.1
ALAHUS_clean,329.2
ALAMUW_clean,168.1
ALANAD_clean,229.5
ALEJAE_clean,233.4
ALEJEI_clean,369.1
ALEJIM_clean,388.2
ALEQIT_clean,295.5
ALIBUT_clean,528.7
ALICAA_clean,512.2
ALIXAU_clean_h,255.5
ALIXOJ_clean,238.3
ALIXUP_clean,211.8
ALOLES_ion_b,225.5
ALOLET_charged,510.0
ALOLIX_charged,480.5
ALOLIY_clean,214.9
ALONEV_clean,379.8
ALUJEX_clean,261.0
ALUJIB_clean,250.0
ALUJOH_clean,242.6
ALUKIC_clean,178.1
ALUKOI_clean,177.9
ALUKUO_clean,174.9
ALULAV_clean,177.4
ALULEZ_clean,152.6
ALULID_clean,167.8
ALURAB_clean,406.4
ALUREF_clean,389.0
ALURIJ_clean,395.4
AMAFOK_clean,286.2
AMAGAX_clean,558.4
AMILOY_clean,422.0
AMILUE_clean,363.0
AMIMAL_clean,422.1
AMIMEP_clean,383.7
AMODUC_clean,189.0
AMOFAK_clean,173.0
AMOYOR_clean,387.0
AMUFOF_clean,255.7
AMUPOP_clean,517.1
AMUWIP_charged,335.1
AMUWUB_clean,207.3
AMUXAI_clean,248.7
ANAWIX_clean,213.2
ANAWOD_clean,268.0
ANEHEI_clean,331.5
ANENEN_clean,233.3
ANENIR_clean,245.1
ANIDIL_clean,871.3
ANOMUM_clean,174.9
ANONAT_manual,181.2
ANUGEW_clean,323.2
ANUGIA_clean,156.2
ANUGOG_clean,215.2
APACAX_clean,150.6
APARAM_clean,325.1
APAYIB_clean,315.4
APAYOH_clean,326.9
APAYUN_clean,223.8
APAZAU_clean,285.4
APAZEY_clean,286.2
APAZIC_clean,285.2
APAZOI_clean,314.8
APEBED_clean,210.9
APEBEE_clean,298.0
APEBUU_clean,440.5
APUPEH_clean,66.1
AQEQES_clean,174.3
AQEQIW_clean,179.8
AQIQAU_clean,508.1
AQIXUV_clean,500.6
AQOLEZ_clean,245.9
AQOLID_clean,1153.0
AQOLUP_clean,808.9
AQOMAW_clean,275.0
AQOMEA01_clean,813.3
AQOMEA_clean,813.2
AQUCOF_clean,294.2
AQUCOG_clean,346.6
AQUCUM_clean,344.4
AQUDAS_clean,290.0
AQUDAT_clean,322.2
AQUDEX_clean,323.5
AQUDIB_clean,349.4
AQUDOH_clean,331.3
ARADEE_clean,276.9
ARAFEF_clean,213.9
ARAFIJ_clean,220.8
ARAFOP_clean,329.4
ARAGOR_clean,317.7
ARINOF_clean,379.2
ARINUL_clean,345.5
AROFAP_clean,248.9
AROFET_clean,222.5
ARUYES_clean,258.0
ARUYUH01_clean,236.8
ARUYUH_clean,221.7
ASACON_clean,224.0
ASADAA_clean,250.3
ASAHEJ_clean,284.2
ASECUY_clean,447.6
ASEJOZ01_clean,341.4
ASEJOZ_clean,215.1
ASINAT_clean,343.6
ASINEX_clean,1570.3
ASINIB_clean,1582.7
ASIQEA_clean,250.3
ASIQIE_clean,260.1
ASIVAB_clean,203.4
ASOHUL_clean,148.8
ASOSUY_clean,247.0
ASOVEL_clean,224.0
ASOYOY_clean,350.8
ASUBIB_clean,216.2
ASUKEE01_clean,533.0
ASUKEE_clean,529.1
ASUWUI_clean,320.2
ATAFIK_clean,199.8
ATAYAX_clean,252.4
ATAYEB_clean,258.3
ATEYED_clean,194.6
ATEYOP_clean,439.5
ATEYUV_clean,457.1
ATEZAC_clean,197.3
ATIBAG_clean,232.0
ATIBOU01_clean,237.2
ATIBOU02_clean,226.0
ATIBOU_clean,236.4
ATIBUA_clean,236.2
ATICAH_clean,235.0
ATICEL_clean,233.0
ATIJUJ_manual,257.8
ATIRUS_clean,426.2
ATIXAE_clean,176.5
ATIXUX_clean,434.0
ATOGEV_clean,148.0
ATOWIQ_clean,307.1
ATOWOW_clean,229.2
ATULIM_clean,239.6
ATUXIY_clean,403.3
AVAGIP_clean,248.0
AVAGOV_clean,249.3
AVAGUB_clean,402.2
AVAJUE_clean,1210.6
AVAKAL_clean,120.6
AVAKEP_clean,172.5
AVAQIX01_clean,236.0
AVAQIX_clean,266.2
AVEHAM_clean,579.5
AVELOD_clean,489.5
AVELUJ_clean,464.6
AVEMAQ_clean,471.0
AVEQID_clean,233.9
AVESOL_clean,247.1
AVESUR_clean,221.9
AVETEC_clean,152.9
AVEVEE_clean,214.2
AVIHIY_clean,144.5
AVIHOE_clean,128.3
AVILEY_clean,391.4
AVIMIC_clean,394.5
AVIMOI_clean,461.8
AVIMUO_clean,347.0
AVIPAX_clean,219.4
AVIPOL_clean,248.5
AVITUU_clean,343.7
AVIVAC_clean,326.7
AVIVEG_clean,322.9
AVIVIK_clean,340.6
AVIVOQ_clean,362.9
AVIVUW_clean,343.3
AVOSIO_charged,653.6
AVUCEA_clean,253.8
AVUDAX_clean,444.0
AWAGEL_clean,397.8
AWAGOV_clean,559.8
AWAHEM_clean,192.3
AWAKEQ_clean,307.9
AWAREV_clean,367.9
AWARIZ_clean,368.9
AWASAU_clean,190.5
AWASEY_clean,220.4
AWASOI_clean,318.2
AWAWUR_clean,392.5
AWEDOW_charged,335.4
AWEGEP_clean,275.3
AWEJIW_clean,287.0
AWEVIJ_clean,862.7
AWEZOS01_clean,1030.9
AWEZOS_clean,1065.5
AWIBAK_clean,1069.7
AWIBAL_clean,297.2
AWIBEO_clean,1074.3
AWIBIS_clean,1038.2
AWOFOI_clean,233.0
AWUPAL_clean,156.7
AXAFAG_clean,243.4
AXIMUP_clean,293.6
AXINAX01_clean,129.4
AXINEA_clean,476.1
AXINIF_clean,356.9
AXIPEE01_clean,161.2
AXIPEE02_clean,398.9
AXIPEE03_clean,173.3
AXIPEE_clean,160.3
AXUBAW_manual,183.0
AXUBOL_clean,290.0
AXUHAD_clean,660.1
AXUHEH_clean,493.3
AYOQEM_clean,807.7
AYOXUJ_clean,420.8
AYUJIP_clean,936.7
AZAFIS_clean,147.6
AZAVOO_clean,255.7
AZAVUU_clean,198.6
AZAWAB_clean,487.4
AZEBUE_clean,206.3
AZEWEH_clean,220.6
AZIVAI_clean,209.1
AZIXUD_clean,242.9
BACGAQ_clean,368.5
BADYAJ_clean,226.3
BAEDTA01_clean,385.1
BAFHAU_clean,92.8
BAKGIF_manual,277.9
BAKJEE_clean,212.4
BAKJII_clean,307.2
BAKJOO_clean,317.9
BAKYOE_clean,193.6
BAMKIM_clean,284.1
BAMKOS_clean,283.8
BANMAG_clean,195.1
BAPDAA_clean,289.8
BAQWIC_clean,302.0
BARZOL_charged,564.2
BARZUR_clean,331.1
BASJUB_clean,453.3
BAWROI_clean,197.8
BAWRUO_clean,167.5
BAXFIR01_clean,323.0
BAXFIR02_clean,336.6
BAXSIE_clean,211.4
BAZFUF01_clean,385.9
BAZFUF_clean,406.2
BAZGAM_clean,172.6
BAZGEQ_clean,419.7
BAZJET_clean,213.8
BAZJIX_clean,230.9
BEDYEQ_clean,222.8
BEFGEA_manual,384.9
BEFLUV_clean,312.9
BEFMAC_clean,415.8
BEJZAS_clean,155.8
BELJIL_clean,422.6
BELTOD_clean,594.7
BELTUJ_clean,645.9
BELVEV_charged,309.6
BENXUP_clean,298.1
BENZOL_clean,198.3
BENZUR_clean,192.7
BEPBAB_clean,199.7
BEPLUF_clean,190.0
BEPMAM_clean,189.2
BEPMIU_clean,193.1
BEPNIV_clean,187.2
BEPNOB_clean,183.2
BEPNUH_clean,201.8
BEPPAP_clean,199.5
BEPPIX_clean,234.8
BEPPOD_clean,233.0
BEPREV01_clean,515.1
BEPREV02_clean,508.6
BEPREV03_clean,493.7
BEPREV_clean,526.4
BEPRIZ_clean,219.8
BEPROF_clean,264.8
BEPVEZ_clean,309.0
BEPVID_clean,317.5
BEPVOJ01_clean,322.0
BEPVOJ_clean,302.4
BEPWEA_clean,313.8
BETDAH_clean,194.7
BETDEL_clean,257.7
BETDIP_clean,271.9
BETDUB_clean,194.5
BETFAJ_clean,195.0
BETFEN_clean,193.3
BETFUD_clean,199.1
BETGAK_clean,196.2
BETGEO_clean,242.5
BETGIS_clean,245.5
BETGOY_clean,228.5
BETGUE_clean,188.6
BETHEP_clean,230.6
BETHIT_clean,198.7
BETZOR_clean,347.6
BEVWAB_clean,591.4
BEWVOQ_clean,123.8
BEWWEH_clean,134.4
BEXPAX_clean,160.7
BEXQIF_clean,138.4
BEXQOL_clean,135.2
BEXQUR_clean,135.7
BEXRAY_clean,104.6
BEXREC_clean,103.3
BEXRIG_clean,103.1
BEXRUT_clean,252.2
BEXSAA_clean,250.9
BEXSEE_clean,246.0
BEXSII_clean,194.0
BEXVEH_clean,245.0
BEYKEX_clean,315.1
BEYSEF_clean,300.8
BIBXIV_clean,481.1
BIBXOB_clean,205.7
BIBXUH_clean,178.0
BICPOT_clean,1035.2
BICPUA_clean,235.2
BIDPOV_clean,300.0
BIFGOO_clean,293.5
BIFKEI_clean,285.7
BIGZUO_clean,175.6
BIHBAX_clean,410.6
BIJDUV_clean,318.7
BIMDEF_clean,244.3
BIMDIL_clean,225.2
BINCUY_manual,423.4
BINDAF_manual,422.9
BINROH_clean,327.3
BINRUN_clean,340.9
BINSAU_clean,370.1
BIPLIX_clean,389.5
BIPSUQ_clean,261.2
BIQHEQ_clean,234.4
BIQVII_clean,292.6
BIRMUM_clean,381.6
BIRSEC_clean,388.5
BIRSIG_clean,390.4
BIWSEG_ion_b,54.0
BIWSIK_ion_b,418.5
BIWYAH10_clean,99.7
BIXXIR_clean,425.0
BIXYEO_clean,454.6
BIYSUZ_clean,150.5
BIYTAG_clean,170.0
BIYTOU_clean,224.6
BIYVEM_clean,166.8
BIYVIQ_clean,295.8
BIYXUE_charged,648.0
BIYYAL_charged,600.2
BIYYEP_charged,826.8
BIZLUT_clean,535.0
BIZMAA_clean,535.1
BIZMEE_clean,523.3
BIZMII_clean,548.1
BOCKOT_clean,236.6
BOHJOZ_auto,251.1
BOJCIN_clean,473.4
BOKQEZ_clean,294.0
BOLPAU_clean,321.3
BOLZIN_clean,376.7
BOMCOX_clean,435.0
BOPHIZ_clean,226.4
BOVHEB_clean,608.1
BOWDIC_clean,381.8
BOWNUY_clean,199.6
BOWRAH_clean,757.8
BOWZUK_clean,168.7
BOXFOK_clean,565.0
BOXYIY_clean,187.6
BOYCEY_auto,271.7
BOYTEQ_clean,314.9
BOYYOF_clean,378.0
BOZFIH_clean,484.6
BOZFON_clean,375.7
BUBQOE_clean,260.1
BUBTUP_clean,371.2
BUCSEY_clean,295.7
BUCVAY_clean,490.8
BUCWAZ_clean,207.2
BUFNEW_charged,764.0
BUFNOG_charged,743.3
BUGSAY_clean,375.1
BUGSEC_clean,379.5
BUGSIG_clean,376.4
BUGSOM_clean,392.0
BUKMUQ01_clean,114.6
BUKRUW01_clean,251.2
BUKRUW02_clean,230.8
BUKRUW03_clean,219.8
BUKYAJ_clean,278.9
BULBER_clean,317.4
BUNKUS_clean,237.0
BUNLAZ_clean,215.8
BUPVEP_clean,223.5
BUQWER_clean,343.0
BURJOO_clean,261.6
BURQIQ_clean,455.3
BUSNAF_clean,332.3
BUSQEM_clean,204.6
BUSQIQ_clean,644.4
BUSRUE_clean,306.3
BUVHEH_clean,203.9
BUVWOF02_clean,387.3
BUVWOF03_clean,327.2
BUVXOG_clean,387.7
BUVYEX_clean,296.9
BUVYIB01_clean,218.0
BUVYIB_clean,214.9
BUWLUC_clean,251.1
BUWMAJ_clean,203.5
BUWMEN_clean,199.3
BUWMIR_clean,189.3
BUXNOZ_clean,354.3
BUXTOF_clean,609.0
BUXZAX_clean,200.2
BUYNAL_charged,312.6
c4ce00408f_c4ce00408f2_clean,1107.2
c4dt03702b_c4dt03702b2_clean,173.6
c5cc04223b_c5cc04223b2_clean,188.8
c5cc09432a_c5cc09432a2_clean,399.7
c5cc10203k_c5cc10203k2_clean,272.4
c5ce00862j_c5ce00862j2_clean,343.8
c5ce01948f_c5ce01948f2_clean,316.7
c5ce02194d_c5ce02194d2_clean,385.3
c5cp03920g_c5cp03920g2_clean,207.2
c5dt03091a_c5dt03091a2_clean,249.1
c5gc02393a_c5gc02393a2_clean,322.5
c5nj01930c_c5nj01930c2_clean,321.0
c5nj02634b_c5nj02634b2_clean,580.0
c5sc03494a_c5sc03494a2_clean,282.8
c5ta04989j_c5ta04989j2_clean,264.4
c6cc00862c_c6cc00862c2_clean,339.2
c6cc02494g_c6cc02494g1_clean,319.2
c6cc02494g_c6cc02494g3_clean,322.0
c6cc02494g_c6cc02494g4_clean,325.4
c6cc02494g_c6cc02494g5_clean,291.6
c6cc02494g_c6cc02494g6_clean,322.2
c6ce00126b_c6ce00126b2_clean,291.0
c6ce00141f_c6ce00141f2_clean,499.6
c6ce00407e_c6ce00407e1_clean,219.1
c6ce00407e_c6ce00407e2_clean,232.6
c6ce00407e_c6ce00407e3_clean,164.5
c6ce00407e_c6ce00407e4_clean,599.8
c6ce00407e_c6ce00407e7_clean,345.1
c6ce00407e_c6ce00407e8_clean,175.5
c6ce00407e_c6ce00407e9_clean,94.3
c6dt03852b_c6dt03852b2_clean,127.0
c6dt04165e_c6dt04165e2_clean,215.8
c6ta00429f_c6ta00429f2_clean,1102.0
CABJOH_clean,199.5
CACBUG_clean,253.5
CADPII_clean,339.2
CADQAB_clean,185.9
CADQOP_clean,182.2
CADZIT_clean,428.3
CAGSAG_clean,284.8
CAGXIU_clean,273.5
CAJQEL_clean,181.2
CAJQIP_clean,151.5
CAJWIV_ion_b,297.7
CANRIU_clean,309.8
CANROA_clean,309.6
CANRUG_clean,441.6
CANYIB_clean,368.3
CAPLOX_clean,208.2
CAQCAZ_clean,277.4
CARGEI_clean,127.4
CASTEW_clean,283.2
CAVMOD_clean,388.4
CAVNOE_clean,221.2
CAVPEW_manual,535.4
CAVPIA_manual,527.2
CAVPUM_manual,533.6
CAVRAU_clean,327.8
CAVREY_clean,335.6
CAVSUP_clean,186.9
CAVVUS_clean,203.6
CAWDOU02_clean,235.6
CAWDOU_charged,270.7
CAWVIH_SL,354.8
CAXTAY_clean,233.0
CAXTEC_clean,260.5
CAXVII_clean,195.0
CAXVOO_clean,197.1
CAXVUU_clean,189.6
CAXWAB_clean,189.7
CAXWEF_clean,189.2
CAXWIJ_clean,196.3
CAXXEG_clean,443.6
CAXZOS_clean,940.6
CAXZUY_clean,726.5
CAYCAI_clean,263.3
CAYDEN_clean,273.3
CAYDIR_clean,274.6
CAYDUD_clean,263.9
CAYKEU_clean,298.2
CAYMIZ_clean,295.8
CAYQAV_clean,351.8
CAYSIE_clean,366.7
CAYSOK_clean,282.9
CAYYEG_clean,354.0
CAZGIT_clean,462.2
CAZNEY_clean,235.5
CAZNOI_charged,167.2
CAZNUO_charged,166.0
CEBDOD_clean,286.6
CECVAI_clean,400.4
CEDFIC_clean,251.4
CEGDUO_clean,315.6
CEGFAW_clean,375.0
CEGWER_clean,293.7
CEHLAD_clean,271.0
CEJBEA_clean,360.8
CEJCAW_clean,222.0
CEJZAU_clean,408.6
CEKHIL_clean,149.9
CEKROB_clean,281.0
CELZEA_clean,225.3
CEMYUQ_clean,128.4
CENJIQ_clean,234.1
CENKAJ_clean,232.8
CENPUI_clean,415.8
CEQBUV_charged,370.4
CETFOX_clean,229.0
CETFUD_clean,309.6
CETGOY_clean,433.6
CETHEQ_clean,188.7
CETJAN_clean_h,459.3
CETNUL_clean,382.5
CEXHET_clean,432.4
CEXHOD_clean,502.2
CEXJOF_clean,1303.2
CEXSEE_charged,470.2
CEYPUT01_clean,289.7
CEYPUT_clean,283.1
CEZFIY_clean,431.7
cg034025wsi20030214_115651_clean,271.3
cg060732osi20070605_042406_clean,179.9
cg200332y_si_002_clean,183.3
cg200606r_si_001_clean,189.5
cg300302n_si_004_clean,198.9
cg300827e_si_003_clean,1044.8
cg301577a_si_002_clean,186.0
cg301725z_si_004_clean,209.3
cg400449c_si_001_clean,229.2
cg401858s_si_002_clean,313.7
cg401887b_si_003_clean,274.4
cg401887b_si_004_clean,271.2
cg500033b_si_002_clean,500.1
cg500033b_si_003_clean,520.3
cg500091k_si_002_clean,265.0
cg500121f_si_004_clean,227.1
cg500149s_si_002_clean,422.7
cg500192d_si_003_clean,177.3
cg501012e_si_002_clean,289.5
cg5010616_si_003_clean,262.4
cg5010616_si_007_clean,256.7
cg501141m_si_002_clean,568.0
cg501231v_si_001_clean,711.3
cg5012617_si_002_clean,447.0
cg501279y_si_002_clean,374.1
cg501332u_si_002_clean,301.6
cg501560z_si_002_clean,351.6
cg501560z_si_003_clean,92.4
cg501730q_si_002_clean,304.7
cg800424t_si_002_clean,326.7
cg8013317_si_003_clean,392.7
cg900153m_si_001_clean,439.4
cg901114e_si_002_clean,257.1
cg901128k_si_004_clean,383.7
cg901312t_si_002_clean,1110.5
CIDKUX_clean,175.8
CIFDOM_clean,280.9
CIFDUS_clean,293.4
CIFJAE_clean,213.8
CIFLUA_clean,400.5
CIFMAH_clean,314.2
CIFMEL_clean,90.4
CIFMIP_clean,257.9
CIGDUT_clean,272.5
CIGFAB_clean,258.6
CIGFEF_clean,199.9
CIGXIA_manual,1662.9
CIJVOH01_clean,153.6
CIJVOH_clean,154.9
CIMTAV_charged,1094.2
CIMTEZ_charged,1005.6
CIPCUB_clean,357.9
CIRTUU_clean,442.6
CISLUN_clean,201.7
CISXEJ_clean,450.2
CITZIP_manual,233.3
CIVTEH_clean,351.0
CIWREG_clean,421.6
CIWRIK_clean,430.7
CIWROQ_clean,439.6
CIWRUW_clean,437.2
CIWSAD_clean,438.1
CIWYUD_clean,213.9
CIWZEP_clean,743.0
CIWZIT_clean,780.7
CIXBUH_clean,408.5
CIXCAO_clean,435.0
CIYZUG_clean,333.3
CIZMIJ_clean,212.0
CIZPOS_clean,320.9
cm1008587_si_003_clean,205.5
cm202876r_si_002_clean,526.1
cm301726k_si_004_clean,280.2
cm303749m_si_001_clean,129.4
cm303749m_si_002_clean,129.7
cm500700z_si_002_clean,311.6
cm500700z_si_003_clean,690.0
cm501138g_si_002_clean,180.0
cm501138g_si_005_clean,180.1
cm501138g_si_006_clean,184.6
cm501138g_si_008_clean,179.4
cm501138g_si_009_clean,178.8
cm501138g_si_010_clean,180.8
cm501138g_si_011_clean,180.9
cm501138g_si_012_clean,182.9
cm503311x_alf100K_clean,204.4
cm503311x_alf11K_clean,203.9
cm503311x_alf125K_clean,205.5
cm503311x_alf150K_clean,205.6
cm503311x_alf175K_clean,166.4
cm503311x_alf200K_clean,168.9
cm503311x_alf225K_clean,166.9
cm503311x_alf250K_clean,166.2
cm503311x_alf275K_clean,163.7
cm503311x_alf290K_clean,170.6
cm503311x_alf300K_clean,165.3
cm503311x_alf325K_clean,164.9
cm503311x_alf350K_clean,167.3
cm503311x_alf375K_clean,167.5
cm503311x_alf400K_clean,164.6
cm503311x_alf40K_clean,203.6
cm503311x_alf425K_clean,164.0
cm503311x_alf475K_clean,166.3
cm503311x_alf500K_clean,166.9
cm503311x_alf70K_clean,201.4
cm503311x_aloh150K_clean,165.0
cm503311x_aloh175K_clean,166.5
cm503311x_aloh200K_clean,168.4
cm503311x_aloh225K_clean,168.4
cm503311x_aloh250K_clean,168.4
cm503311x_aloh275K_clean,167.4
cm503311x_aloh300K_clean,165.2
cm503311x_aloh325K_clean,165.9
cm503311x_aloh350K_clean,166.1
cm503311x_aloh375K_clean,168.0
cm503311x_aloh400K_clean,167.1
cm503311x_aloh425K_clean,167.1
cm503311x_aloh450K_clean,167.4
cm503311x_aloh475K_clean,166.1
cm503311x_aloh500K_clean,167.5
cm503311x_F-mil-53-Al-lp-mono_clean,304.7
cm503311x_F-mil-53-Al-lp-ortho_clean,249.9
cm503311x_OH-mil-53-Al-lp-ortho_clean,258.4
cm504350q_si_002_clean,1281.0
cm901983a_si_001_clean,1940.9
COBWEV_clean,222.4
COCMAJ_clean,332.5
COCMOY_clean,239.6
COCMUE_clean,636.6
COCNAL_clean,338.7
COCNEP_clean,628.1
CODFEH_clean,219.0
CODMUF_clean,200.8
CODNAM_clean,182.5
CODROD_clean,297.1
CODRUJ_clean,290.7
CODSUL_clean,531.7
COGNAO_clean,835.2
COJGEO_clean,275.8
COJHIT_clean,222.0
COKFAK_clean,359.6
COKMEW_clean,346.2
COKMIA_clean,358.1
COKMOG_clean,352.9
COKMUM_clean,291.7
COKNAT_clean,349.9
COKPEZ_clean,345.5
COKPID_clean,347.6
COKPOJ_clean,356.2
COKPUP_clean,362.8
COKQAW_clean,320.4
COKQEA_clean,353.1
COKQIE_clean,360.2
COKQOK_clean,348.6
COKROL_clean,372.7
COKRUR_clean,1269.1
COMDOY_clean,256.3
COPXOV_clean,688.2
COQGAS_clean,343.5
COQHUN_clean,367.6
COQLAX_clean,1566.9
COQNIF_clean,264.6
COQTEJ_clean,179.7
CORZIU_clean,225.4
COSMII_clean,176.3
COTVOY_clean,225.8
COTVUE_clean,222.1
COTXEQ_clean,290.6
COTXIU_clean,285.5
COTXOA_clean,283.4
COTYIV_clean,516.9
COVPAG_clean,297.1
COWBEX_clean,419.4
COWMAD_clean,212.7
COWMEH_clean,214.2
COWMIL_clean,210.7
COWMOR_clean,208.9
COWMUX_clean,211.3
COXHED_clean,83.3
COXHIH_clean,81.2
COXHON_clean,87.0
COXXIX_clean,129.4
COYCEZ_clean,380.3
COYCID_clean,229.6
COZMUA_clean,188.0
CUBHOY_clean,329.4
CUCKIV_charged,192.2
CUCSAU_clean,317.3
CUCTAX_clean,273.4
CUFDUD_clean,270.9
CUFFAL_clean,266.8
CUFFEP_clean,245.5
CUFGIV_clean,290.7
CUFGOB_clean,162.3
CUFGUH_clean,163.3
CUGVUW_clean,376.0
CUGXAF_clean,932.0
CUGYOU_clean,152.7
CUGYUA_clean,229.6
CUIMDZ01_clean_h,343.6
CUKXIR_clean,195.9
CUKXOW_clean,200.2
CUKXUC_clean,198.2
CUKYAJ_clean,196.7
CUKZOY_clean,435.6
CUMDEU_clean,191.6
CUMDIY_clean,312.3
CUMDOE_clean,259.2
CUMDUK_clean,272.5
CUMJEB_clean,448.2
CUMLUT_clean,218.1
CUMQOQ_clean,206.0
CUNFOH01_clean,184.4
CUNFOH_clean,173.2
CUNQOT_clean,159.7
CUNQUZ_clean,143.3
CUNWEO_clean,384.4
CUPHUS_clean,222.0
CUQKOQ_clean,180.7
CUQRIR_clean,296.7
CUQROX_clean,242.5
CUQSAK_clean,879.0
CUQTAL_clean,258.5
CUQXUI_clean,313.0
CURBOH_clean,181.1
CURQEN_clean,387.5
CURYOE01_clean,656.6
CURZEV_clean,297.8
CUSDIE_charged,212.3
CUSYAR_clean,1082.5
CUSYIA_clean,236.4
CUSZEX_clean,226.8
CUSZIB_clean,145.3
CUTBEA_clean,171.3
CUTBIE_clean,166.2
CUTFON_charged,755.4
CUTFUT_charged,714.9
CUTGEF_clean,223.8
CUVGIK_clean,299.7
CUVGOQ_clean,272.6
CUVHEH_clean,163.0
CUVHIL01_clean,187.2
CUVHIL02_clean_h,199.0
CUVHIL_clean_h,197.0
CUVTUJ_clean,188.8
CUVXAT_clean,418.3
CUWNIT_clean,317.2
CUWNOZ_clean,342.7
CUWTUL_clean,228.3
CUWVAT_clean,197.9
CUWVIB_clean,241.4
CUWWEY_clean,252.7
CUWXID_clean,135.0
CUWXOJ_clean,387.4
CUWXUP_clean,351.5
CUWYAW_clean,192.4
CUWZAX_clean,186.3
CUWZIF_clean,250.3
CUXFIL_clean,396.9
CUXJAI_clean,163.8
CUXJEM_clean,230.2
CUXLEO_clean,235.7
CUYWUP_clean,325.2
CUYYAX_clean,387.6
CUYYEB_clean,408.8
DABFIX_clean,1032.6
DABMUR_clean,190.2
DACFAR_clean,431.2
DACYUE_clean,189.9
DACZUF_clean,296.9
DADLEC_clean,369.1
DADLIG_clean,448.1
DADLOM_clean,270.8
DADNII_clean,198.0
DADNOO_clean,198.9
DADNUU_clean,200.1
DADPAC_clean,198.5
DADPEG_clean,203.3
DAFJOM_clean,197.3
DAFSOV_clean,318.2
DAFYAN_clean,179.7
DAFYOB_clean,127.1
DAGDIZ_clean,289.1
DAGDUL_clean,412.8
DAGJED_clean,287.0
DAHNOQ_clean,147.4
DAHNUW_clean,195.3
DAHPAE_clean,158.8
DAKVIW_clean,172.1
DAKVOC_clean,384.8
DAKVUI_clean,369.6
DAKZUN_clean,254.5
DALSUH_clean,202.0
DALTAO_clean,197.5
DALVAQ_clean,157.8
DALVIY_clean,475.3
DAMDUT_clean,209.7
DAMYOI_clean,255.2
DAMYUO_clean,260.6
DAMZEZ_clean,341.4
DANFUW_clean,766.8
DANZAV_charged,170.7
DANZEZ_charged,184.8
DANZID_charged,168.6
DAPBED_clean,949.1
DAPBIH_neutral,197.0
DAPHOU_clean,446.6
DAPXID_ion_b,169.1
DAPYAW_clean,393.7
DARBUU_clean,117.5
DARSEV_SL,244.3
DATHAJ_clean,404.4
DATPIY_clean,211.3
DAWBIO_clean,319.4
DAWBOU_clean,327.8
DAWBUA_clean,357.7
DAWCAH_clean,343.4
DAWCIP_clean,344.0
DAWCOV_clean,255.1
DAWDAI_clean,410.5
DAWWAB_clean,387.3
DAWWEF_clean,305.1
DAXHIV01_clean,219.0
DAXHIV_clean,216.0
DAXHUH01_clean,218.3
DAXHUH_clean,221.6
DEBGIA_clean,292.8
DEBWAK_clean,377.0
DEFKUU_clean,248.6
DEFRIR_clean,244.1
DEGJIK_clean,267.3
DEGPEL_charged,228.5
DEJCIF_clean,184.4
DEJJIN_clean,209.2
DEJRUH_clean,259.6
DEKHEH_clean,367.4
DEKHUX_clean,248.7
DELGEI_manual,159.5
DEPSEW_clean,485.9
DEPTOH_clean,394.6
DEPXAY_clean,215.4
DEPXIG_clean,276.2
DEPXOM_clean,228.2
DEQFOU_clean,307.8
DEQVIF_clean,362.2
DEWQUS_clean,369.9
DEWRIH_clean,348.0
DEYJIC_clean,260.2
DEYJOI_clean,262.1
DEYLUQ_clean,280.3
DEYNIG_clean,184.9
DEZKAW_clean,172.3
DIBJEF_clean,780.5
DIBJIJ_clean,590.0
DIBPAH_clean,425.6
DIBQEM_clean,423.2
DIBQIQ_clean,325.6
DIBQOW_clean,331.7
DIBQUC_clean,301.9
DICKEH_clean,157.5
DICVAO_clean,445.0
DICVES_clean,468.3
DICVIW_clean,443.3
DIDBAV_clean,417.3
DIDBEZ_clean,423.4
DIDDOK_clean,171.1
DIHVIB01_clean,715.9
DIHVIB_clean,724.3
DIKJUD_clean,291.9
DINNIZ_clean,465.7
DIPMAS_clean,248.1
DIRPIF_clean,243.3
DITJIB_clean,200.9
DITJOH_clean,198.4
DITTEH_clean,274.5
DITXOU_clean,175.8
DITYEM_clean,246.0
DITYOW_clean,376.1
DIVGIA_clean,809.5
DIVPUU_clean,174.1
DIVSUY_clean,314.0
DIWMON_clean,407.4
DIWNAA_clean,187.0
DIXKOL_clean,240.1
DIYKAZ_clean,336.1
DIYKED_clean,296.4
DIYTEM_clean,399.9
DOCKOW_clean,344.3
DODMIT_clean,292.8
DOGMET_clean,473.8
DOHNUL_clean,297.3
DOKDEN_clean,293.6
DOKHIV_clean,288.0
DOLRAZ_clean,373.5
DOLXOR01_clean,64.4
DOLXOR02_clean,64.1
DOLXOR_clean,64.9
DOMCUE_clean,350.0
DOMDAL_clean,143.3
DOMFUI_clean,376.0
DOMKEX_clean,288.9
DONKIC_clean,330.9
DONKOI_clean,329.0
DONKUO_clean,314.2
DONNAW01_SL,198.5
DONNAW_clean,187.8
DONNEA_clean,214.8
DONNIE_clean,200.2
DONXUB_clean,392.3
DOPHOH_clean,902.5
DOPHUN_clean,864.3
DOPJAV_clean,378.0
DORFAS_clean,326.1
DORFOG_clean,228.9
DORFUM_clean,373.1
DORYUG_clean,661.2
DOTTEM_clean,197.1
DOTTUC_charged,440.8
DOTYES_clean,779.1
DOYBAV_clean,407.6
DOYBEA_clean,263.0
DOYBUQ01_clean,153.1
DOYBUQ_clean,150.6
DOYHOQ_clean,210.5
DOYHUW_clean,282.2
DOYLEI_clean,203.4
DOZCEC_clean,148.5
DOZKIO_clean,178.7
DUBBEI_clean,198.1
DUBJUH_clean,360.6
DUBKAO_clean,363.2
DUBWON_clean,247.0
DUDKEU_clean,403.6
DUDKOE_clean,221.5
DUDKUK_clean,144.1
DUFGOB_clean,246.5
DUFKAS_clean,380.3
DUGMOJ_clean,491.6
DUHXIP_clean,609.1
DUJRAD_clean,188.2
DUKNII_clean,726.1
DUMXEQ01_clean,286.6
DUMXEQ_clean,296.2
DUMXIU_clean,286.4
DUNJON_clean,379.3
DUNXUH01_clean,259.6
DUNXUH02_clean,257.7
DUNXUH03_clean,260.5
DUNXUH04_clean,250.2
DUNXUH05_clean,251.7
DUNXUH06_clean,239.8
DUNXUH12_clean,265.1
DUNXUH13_clean,262.8
DUNXUH14_clean,258.7
DUNXUH15_clean,262.0
DUNXUH21_clean,258.9
DUNXUH_clean,257.9
DUPJAB_clean,448.8
DUPKAC_clean,1108.7
DUPVER_clean,218.8
DUQSEO_clean,242.1
DUQYEU01_clean,173.3
DUQYEU_clean,182.6
DURDAX_clean,193.5
DURDIF_clean,138.3
DUTKAG_clean,302.9
DUVNIS01_charged,582.3
DUVNIS_charged,501.7
DUWBEE_clean,238.4
DUWFOS_clean,240.2
DUWGEJ_clean,219.5
DUWROE_clean,272.3
DUWRUK_clean,204.6
DUWSAR_clean,213.8
DUXKUD_clean,345.0
DUXMAL_clean,285.5
DUYJIS_clean,400.8
DUYRAR_clean,417.7
DUYREV_clean,384.4
DUYRIZ_clean,418.3
DUYROF_clean,396.4
DUYVEA_clean,218.2
DUZPUL_clean,179.8
DUZWOM_clean,256.9
EBAMUS_clean,1202.3
EBATUY_clean,220.2
EBATUZ_clean,258.6
EBAVAH_auto,236.6
EBAVIP_clean,946.0
EBAVOV_clean,956.5
EBAVUB_clean,947.8
EBELUU_clean,260.8
EBEMEE_clean,404.7
EBEMEF_clean,125.0
EBEMII_clean,439.7
EBEWIT_clean,151.0
EBEXAM_clean,150.1
EBEXEQ01_clean,153.3
EBEXEQ_clean,156.8
EBIDOK_ion_b,529.1
EBIHII_clean,226.9
EBIJAC_clean,389.6
EBIMEJ_clean,299.1
EBIPOX_clean,166.7
EBIZUN_clean,318.1
EBOBIJ_clean,363.1
EBOCOQ_clean,246.1
EBOJOV_clean,298.2
EBUQIB_clean,571.7
EBUREA_clean,235.5
ECAFOG_clean,359.3
ECAHAT_clean,324.3
ECAHEX_clean,335.2
ECAHOH_clean,321.6
ECASAD_clean,259.1
ECEDAU_clean,214.0
ECEDEY_clean,281.1
ECEZAO01_clean,258.7
ECIWIW_clean,733.2
ECIWOC_clean,710.3
ECODEG_clean,276.1
ECODIK_clean,243.0
ECOGEI_clean,375.5
ECOKAJ_clean,77.2
ECOLEP_clean,112.1
ECOLOX_clean,116.8
ECUDIR_charged,244.7
ECUDOX_clean,220.6
ECUFAL_charged,214.5
ECUFEP_charged,228.4
ECUGEQ_clean,183.7
EDADIX_clean,214.7
EDAFUM_clean,234.1
EDAGAT_clean,241.5
EDAGEX_clean,234.2
EDAPIK_clean_h,294.0
EDATOT_clean,155.4
EDAVOV_clean,396.5
EDECOG_clean,205.6
EDEPAG_clean,224.2
EDIKIL_clean,195.8
EDOMAM_clean,201.9
EDORIY_charged,663.1
EDUSIF_clean,116.6
EDUSUR_clean,414.0
EDUTIG_clean,646.7
EDUVOO_clean,194.6
EFAYEQ_clean_h,167.6
EFAYIU_clean,124.6
EFEGOM_clean,308.5
EFESEP_clean,840.4
EFESOZ_clean,862.8
EFIMOV_clean,291.5
EFOSUO_clean,119.2
EFOTAV_clean,104.6
EFOTEZ_clean,100.0
EFOTID_clean,108.1
EGATAI_clean,104.2
EGATEM_clean,362.0
EGATIQ_clean,375.5
EGATOW_clean,198.9
EGEHOO_charged,499.7
EGEJIK_manual,150.0
EGELUY01_manual,212.9
EGELUY_SL,203.4
EGIFUV_clean,656.7
EGOXII_clean,278.1
EGOZAB_clean,369.4
EHAFEA_clean,203.2
EHAFIE_clean,205.9
EHAFOK_clean,202.6
EHAFUQ_clean,203.3
EHAGAX_clean,205.7
EHAGEB_clean,203.3
EHAGIF_clean,202.4
EHAGOL_clean,202.7
EHAGUR_clean,206.5
EHALOP_manual,211.9
EHEKUY_clean,442.6
EHIPOC_clean,261.7
EHODOV_SL,588.0
EJAXIW_clean,278.2
EJETAQ_clean,215.0
EJIDUW02_clean,286.0
EJONOH_clean,257.8
EJOQOL_clean,531.2
EJOQUR_clean,240.6
EJORAY_clean,206.3
EJOZOU_clean,493.8
EKEQIV_clean,363.6
EKETOF_clean,456.0
EKETUL_clean,453.6
EKEVAT_clean,451.2
EKIDEH_clean,372.7
EKIDIL_clean,335.2
EKOKIA_clean,230.9
EKOPEA_clean,194.5
EKOPIE_clean,204.0
EKOPOK_clean,308.7
EKOPUQ_clean,253.1
EKUPEG_clean,748.0
ELELEN_clean,406.4
ELEREU_clean,1563.8
ELERIY_clean,354.9
ELIJOZ_clean,262.4
ELIJUF_clean,251.1
ELIKAM_clean,251.3
ELIKEQ_clean,260.4
ELIKIU_clean,244.3
ELIKOA_clean,252.9
ELIKUG_clean,314.0
ELILAN_clean,240.1
ELILER_clean,251.8
ELILIV_clean,253.5
ELOGUJ_clean,449.6
ELOHOE_clean,457.0
ELOZEK_clean,203.7
ELUJAY_clean,422.9
ELUJEC_clean,415.6
ELUZES_clean,141.2
EMAGAB_clean,301.2
EMAMOW_clean,400.7
EMAMUC_clean,376.6
EMAPAK_clean,255.2
EMIFOW_clean,165.1
EMIGAJ_charged,300.2
EMIGEN_charged,233.5
EMIGIR_charged,173.5
EMIGOX_clean,218.5
EMIGUD_charged,250.6
EMIHEO_charged,161.7
EMIYUW_clean,204.3
EMIZAD_clean,180.6
EMOHIZ_clean,347.5
EMUBIZ_clean,160.4
EMUBOF_clean,209.8
ENAFAB_clean,442.2
ENAFOP_ion_b,466.4
ENANIS_clean,279.4
ENESOH_clean,400.4
ENESUN_clean,392.5
ENIHUG01_clean,423.3
ENIHUG_clean,461.0
ENISOK_clean,237.4
ENISUQ_clean,327.2
ENITAX_clean,196.1
ENITEB_clean,327.3
ENITIF_clean,440.7
ENITOL_clean,338.4
ENIXUV_clean,465.1
ENOSAD_clean,334.5
ENOVAG_clean,209.1
EPAGEJ_clean,491.0
EPECEJ_clean,498.8
EPEWAY_clean,397.1
EPEWEC_clean,369.2
EPEXUU_clean,558.5
EPEYAB_clean,561.4
EPISOM_clean,183.8
EPONAA_clean,96.6
EPONEE_clean,64.5
EPOPEG_clean,322.4
EPOTAF_clean,111.6
EPOXAJ_clean,188.2
EQAMUG_clean,371.6
EQERAU_clean,345.0
EQEREY_clean,254.1
EQERIC_clean,269.1
EQETAX_clean,211.5
EQOXIT_clean,270.7
EQUBIC_clean,236.0
EQUBOI_clean,240.1
EQUBUO_clean,235.4
EQUNEL_clean,432.4
EQUNIP_clean,347.4
ERAHOV_clean,159.3
ERALUG_clean,248.1
ERAMAN_clean,259.6
ERAMER_clean,241.0
EREFEN01_SL,490.9
EREGOY_clean,247.5
ERELIX_clean,304.0
ERIGER_clean,521.7
ERIRIG_auto,181.1
ERIWAF_clean,277.0
EROCIZ_clean,602.9
ERUFUS_clean,187.5
ERULEK_clean,521.8
ERUNOW_clean,480.2
ESANET_clean,486.3
ESAROH_clean,343.2
ESARUN_clean,357.1
ESASAU_clean,648.2
ESASEY_clean,572.5
ESEDIQ_clean,249.1
ESEHIV_clean,334.3
ESEQUO_clean,212.2
ESEVIH_clean,221.7
ESIDOB_clean,265.5
ESIFET_clean,321.9
ESIGES01_clean,266.1
ESIGES02_clean,332.8
ESIGES_clean,334.6
ESURER01_clean,271.3
ESURER02_clean,271.0
ESURER03_clean,282.1
ESURER04_clean,278.3
ESURER_clean,272.4
ESUSAO01_clean,214.6
ESUSAO_clean,211.1
ESUSIW_clean,276.9
ESUSOC01_clean,207.8
ESUSOC02_clean,210.3
ESUSOC_clean,212.7
ESUTAP_clean,193.6
ESUTIX_clean,238.2
ESUVAR01_clean,218.5
ESUVAR_clean,218.9
ESUVOF_clean,273.5
ETAXUT_clean,517.6
ETECIR_clean,297.7
ETECOX_clean,243.8
ETEJIX01_clean,167.7
ETEJIX_clean,176.4
ETEJOD01_clean,169.6
ETEJOD_clean,181.7
ETEJUJ_clean,182.7
ETEKAQ01_manual,192.2
ETEKAQ_clean,182.6
ETEKEU_clean,180.9
ETEPID_clean,2507.5
ETEQUQ_clean,229.2
ETESIG_clean,340.4
ETEXEI01_clean,199.7
ETEXEI_clean,196.4
ETIXIQ_clean,296.7
ETUWEW_clean,175.2
ETUWIA_clean,172.8
ETUXEW_clean,164.9
EVADIQ_clean,296.0
EVAKIV_clean,659.4
EVAKOB_charged,347.5
EVEGIV_clean,778.8
EVEGOB_clean,173.9
EVEGUH_clean,171.3
EVIMUT_clean,287.2
EVUDAA_clean,333.5
EVUPOC_clean,207.5
EVUQOC_clean,203.6
EVUQUI_clean,264.9
EVURAP_clean,267.2
EWASIG01_clean,193.7
EWASIG_clean,195.0
EWECOY_clean,167.8
EWESAC_clean,321.2
EWETUW_clean,328.6
EWEWUZ_charged,326.8
EWIPIL_clean,255.3
EWUCOP_clean,258.6
EWUGEK_clean,310.6
EWUKAK_clean,248.6
EWUKEO_clean,204.2
EWUKIS_clean,203.2
EWUSOF_clean,221.0
EWUSUL_clean,215.2
EWUTEW_clean,345.2
EXALAR_clean,301.8
EXALIZ_clean,367.1
EXAPEA_clean,198.4
EXAXAE01_clean,164.7
EXAXAE_clean,165.3
EXEMUR_clean,260.6
EXENAX_clean,281.6
EXEQAA_clean,314.1
EXEQII_SL,234.2
EXEWIO_clean,636.6
EXEXAH_clean,215.6
EXIDOF_clean,161.5
EXOFIH_clean,324.0
EXOTOB_clean,534.8
EXOTUH_SL,294.5
EXOZIB_clean,237.0
EXUHEM_clean,300.9
EXUHUC_clean,414.5
EYACOX_clean,204.1
EYINOR_clean,234.6
EYIYES_clean,230.7
EYOCIG_clean,233.4
EYOCOM_clean,234.5
EYULOA_clean,332.2
EYUWAW_clean_h,290.1
EZABEN_clean,202.6
EZEQEH_clean,340.5
EZEQIL_clean,343.5
EZEQOR_clean,338.7
EZEQUX_clean,341.2
EZESAF_clean,325.6
EZIPEK_clean,445.4
EZITUE_clean,736.4
EZIVAM_clean,466.7
EZOBUR02_clean,346.8
EZOBUR_clean,328.0
EZOFEF_clean,290.3
EZUCIM_clean,237.4
EZULAO_clean,185.5
FABCUI_clean,593.1
FABGUM_clean,219.3
FAFDEX_clean,285.6
FAFMAC_clean,265.6
FAFQEJ01_clean,209.9
FAGMAE_clean,698.5
FAGMEI_clean,669.2
FAGMOS_clean,687.8
FAGQAI_clean,246.6
FAGREM_clean,206.5
FAGXIX_clean,636.6
FAHGAY_clean,235.9
FAHPOV_clean,279.8
FAHQIQ_clean,887.2
FAHQIR_clean,585.5
FAJYAS_clean,419.8
FAJZOI_clean,580.1
FAKLIO_clean,191.1
FAKLOU_clean,186.2
FAKLUA_clean,181.9
FAKMAH_clean,262.3
FAKNIR_clean,162.8
FALBAX_manual,1509.3
FALDAA_clean,254.5
FALLOT_clean,112.8
FALPOY_clean,341.6
FALVOF_clean,301.7
FAMPUH_clean,166.2
FAMQAO_clean,168.6
FAMQES_clean,165.6
FANCIJ_clean,265.1
FANCOP_clean,275.3
FANDEG_clean,290.6
FANQER_clean,188.0
FAPXEC_clean,165.7
FAPXIG_clean,153.9
FAPXOM_clean,159.9
FAQGEL_clean,280.4
FAQGIP_clean,281.5
FAQLUH_clean,164.1
FARBIL_clean,240.5
FARFIO_clean,178.7
FARFOU_clean,184.6
FARFUA_clean,186.5
FARHIR_ion_b,295.3
FARHOX_ion_b,517.9
FASHAK_clean,224.9
FASHOX_clean,146.9
FASVIH_clean,197.8
FASYUU_charged,557.0
FATKAO_clean,323.6
FATKES_clean,322.9
FATKIV_clean,598.8
FATKIW_clean,324.1
FATKOC_clean,324.1
FATKUI_clean,321.7
FATLUJ_clean,422.3
FATQID_clean,154.8
FATVOM_clean,301.9
FAVFUG_clean,724.7
FAVGAN_clean,405.4
FAVGER_clean,429.9
FAVGIV_clean,373.9
FAVGOB_clean,371.1
FAVGUH_clean,372.5
FAVHAO_clean,379.4
FAVHES_clean,369.6
FAVHIW_clean,371.8
FAVKAP_clean,114.7
FAWCEN02_SL,265.4
FAYPAY_clean,380.2
FAYPEC_clean,481.9
FAYPIG_clean,323.6
FAYPOM_clean,354.9
FAYQAZ_clean,441.4
FAYQED_clean,432.0
FAYQUT_clean,837.3
FAZFET_clean,1023.2
FAZPED_clean,403.8
FAZRAA_charged,277.9
FAZZEM_clean,297.6
FEBPUY_clean,268.2
FEBXIV_clean,201.3
FECCIZ_clean,467.8
FECKAA_clean,368.2
FECXAO_clean,291.7
FECXES_clean,366.2
FECXUI_clean,367.9
FECYUJ_clean,303.6
FECZAQ_manual,213.8
FEDBEX_clean,227.0
FEDJUU_charged,325.6
FEFCUQ_clean,147.0
FEFDAX_clean,150.3
FEFDEB_manual,123.9
FEFZOF_clean,106.2
FEGNIQ_clean,457.3
FEHCIG_manual,324.7
FEJDII01_clean,195.4
FEJDII_clean,255.6
FENROG_clean,195.7
FENVOL_charged,255.3
FEQSIF_clean,193.0
FERHAN_clean,199.1
FERVEF_clean,443.8
FERVIJ_clean,238.6
FERVUV_clean,444.7
FERWAC_clean,237.6
FESTUT_clean,271.8
FEVNIE_charged,410.4
FEVSAC_clean,296.5
FEVVIM_charged,424.1
FEWGUL_clean,494.4
FEWQIJ_manual,581.0
FEWQOP_clean,324.4
FEWWOV_clean,339.1
FEWWUB_clean,1122.6
FEXCES_clean,315.7
FEYDET_clean,232.8
FEYJOJ_clean,187.7
FEYQIK_clean,225.0
FEZCOD_charged,430.2
FEZCUJ_charged,411.2
FEZQEI_clean,452.4
FEZREJ_clean,199.6
FEZTIP_clean,172.3
FIBHIJ_clean,316.3
FIBKEI_clean,235.0
FIDRIV_clean,255.4
FIFGAE_clean,174.6
FIFGEI_clean,158.3
FIFGIM_clean,234.2
FIFMIS01_clean,481.1
FIFMIS_clean,471.7
FIFMOX_clean,436.2
FIFMOY_clean,478.1
FIFMUD_clean,431.1
FIFNUE01_clean,206.4
FIFNUE_clean,209.3
FIFPAM01_clean,211.6
FIFPAM_clean,207.5
FIHFAF_clean,377.0
FIHRIZ_clean,228.6
FIJCUX01_clean,240.5
FIJDIM01_clean,316.8
FIJDIM02_clean,321.1
FIJDIM03_clean,329.3
FIJDIM04_clean,317.8
FIJDIM05_clean,316.0
FIJDIM06_clean,318.5
FIJDIM07_clean,318.1
FIJDIM08_clean,317.4
FIJDIM09_clean,321.6
FIJDIM10_clean,321.7
FIJDIM11_clean,318.4
FIJDIM12_clean,320.6
FIJDIM_clean,321.0
FIJDOS_clean,188.7
FIJDUY_clean,157.2
FIJFEK_manual,155.9
FIJFUA_clean,285.2
FIJXUR_clean,422.0
FIJYED_clean,1326.5
FIJZEE_clean,677.7
FILYEG_clean,276.5
FIMNIA_clean,366.0
FIMXUW_clean,321.8
FIMZAE_clean,789.4
FINQOK_clean,349.2
FINQUQ_clean,350.1
FIPJAR_clean,213.4
FIPKOG01_clean,207.2
FIPKOG_clean,205.1
FIPKUM_clean,197.3
FIPWOS_clean,312.0
FIPXAF_clean,423.8
FIPXEJ_clean,323.7
FIQYOU_clean,238.5
FIQYUA_clean,238.2
FIQZAH_clean,218.7
FIRMUQ_clean,266.3
FIRNAX01_clean,263.8
FIRNAX_clean,266.3
FIRNIF_clean,263.6
FIRNOL_clean,288.7
FIRNUR_clean,284.1
FIRPAZ_clean,263.8
FIRZOX_clean,353.6
FITGEW_clean,643.8
FITHIA_clean,494.0
FIVNAZ_clean,121.6
FIVQOR_clean,870.0
FIVYEP01_clean,205.1
FIVYEP_clean,206.6
FIVYUF_clean,520.1
FIXVUE_clean,280.0
FIYDOH_clean,293.4
FIZPOV_clean,238.9
FOBNAN_clean,294.0
FOCZAA_clean,247.9
FOFCOU_clean,239.1
FOFHAK_clean,485.4
FOFTIF_clean,219.1
FOFTUR_clean,224.4
FOHCIP_clean,105.3
FOHQUO_clean,169.4
FOJKIA_clean,268.9
FOJLOH_clean,311.4
FOKWIN_clean,233.5
FOKYEL_clean,394.4
FOKYIP_clean,496.2
FOLLEZ_clean,264.7
FOMWOV_clean,425.5
FONKEA_clean,278.5
FONPUV_clean,529.5
FONQIJ_clean,246.1
FOPBAP_clean,321.3
FOQPAE_clean,211.1
FORKUU_clean,140.7
FORPIM_clean,142.9
FORPOS_clean,141.4
FORPUY_clean,162.9
FORQAF_clean,150.4
FORQEJ_clean,139.0
FORQIN_clean,137.1
FORTIR_clean,725.9
FORTUD_clean,731.5
FOSTUE_clean,1281.4
FOTNIN_clean,105.4
FOVPEN_clean,513.1
FOVPOX_clean,330.2
FOVPUD_clean,332.8
FOWTOC_clean,369.7
FOXHUX_clean,365.2
FOXNIQ_clean,306.3
FUBDAI_clean,411.4
FUBDEM_clean,260.6
FUBDIQ_clean,431.5
FUBNOH_clean,253.7
FUDGES_clean,190.8
FUDHAP_clean,154.3
FUDHET_clean,257.5
FUHMOM_clean,268.9
FUHNED_clean,261.2
FUHNIH_clean,255.6
FULQOT_clean,242.8
FULQUZ_clean,205.9
FUMHOL_clean,137.4
FUMJAA_clean,221.4
FUNBAS_clean,243.2
FUNCAT_clean,209.7
FUNCEX_clean,137.0
FUNFOL_clean,191.9
FUNGAY_clean,400.3
FUNLAD_clean,422.5
FUQJUX_clean,400.5
FURFIJ01_clean,245.7
FURFIJ_clean,243.2
FURFOP_clean,298.1
FURQOZ01_ion_b,321.0
FURQUF_ion_b,311.7
FURRAM_clean,199.7
FURREQ_clean,199.3
FURRIU_clean,204.3
FURROA_clean,204.0
FURRUG01_ion_b,267.2
FURRUG_ion_b,319.7
FURSES_clean,235.8
FUSGOR_clean,230.1
FUSMEM_clean,200.5
FUSMIQ_clean,199.3
FUSMOW_clean,203.2
FUSMUC_clean,200.0
FUSNAJ_clean,209.4
FUSNEN_clean,207.1
FUSNIR_clean,206.0
FUSQUH_clean,667.7
FUTCAZ_clean,107.9
FUTDII_clean,233.8
FUTKEL_manual,294.7
FUTTIZ_clean,555.4
FUTYEA_clean,161.2
FUTYOK_clean,155.2
FUTYUQ_clean,401.2
FUTZAX_clean,150.0
FUTZEB_clean,203.1
FUTZOK_clean,197.3
FUTZOL_clean,448.7
FUVBAB_clean,160.5
FUVDEH06_clean,776.1
FUVDEH07_clean,824.6
FUVDEH08_clean,794.6
FUVFUZ_clean,789.8
FUVGAG01_clean,812.0
FUVGAG_clean,802.5
FUWFIO_clean,244.7
FUWXOL_SL,290.9
FUWYAY_clean,245.2
FUXCOS_clean,329.2
FUXXIH_clean,439.1
FUYCEJ_clean,238.4
FUYCIN_clean,126.8
FUYKER_clean,361.3
FUZPUN_clean,377.2
GACBOE_clean,269.1
GACPUX_clean,163.5
GACQAE_clean,197.3
GACVIS_clean,133.4
GADDOH_clean,189.0
GADFAV_clean,264.3
GADMAA01_clean,192.3
GADMAA_clean,201.6
GADNUX_clean,471.3
GADRAH_clean,247.1
GAFROX_clean,251.9
GAFRUD_clean,254.9
GAGQAI_clean,199.7
GAGSUF_clean,164.1
GAGZEV_clean,235.9
GAHWIX_clean,480.1
GAHXUL_clean,254.3
GAJVEU_charged,237.9
GAJVIY_charged,410.6
GAJYUN_clean,332.7
GAJZAU_clean,335.8
GAJZEY_clean,409.2
GAJZIC_clean,394.5
GAJZOI_clean,385.6
GAJZUO_clean,393.4
GAKBAX_clean,398.1
GALCAZ_clean,334.6
GALHOS_ion_b,345.6
GALJAG_clean,224.0
GAMFEI_clean,311.5
GAMXAV_clean,271.8
GAPNOD_clean,175.6
GAQYIH_clean,179.7
GARLAP_clean,257.6
GARLET_clean,285.3
GARLIX_clean,278.1
GARLOD_clean,259.3
GARLUJ_clean,257.9
GARMAQ_clean,260.7
GARQAU_clean,509.4
GARSUQ_clean,306.3
GARTAX_clean,310.5
GARTEB_clean,314.4
GARTIF_clean,311.7
GARTUR_clean,442.0
GASSEB_clean,230.0
GASSUR_clean,185.5
GATBUZ_charged,287.1
GATJIV_charged,611.9
GAVYAG_clean,266.6
GAWCUF_clean,345.4
GAWLIB_clean,418.5
GAWMOJ_clean,176.9
GAXDIS10_clean,119.7
GAXKOH_clean,290.9
GAXQIH_clean,255.3
GAYFUJ_clean,256.7
GAYGAQ_clean_h,230.5
GAYPED_clean,185.3
GAYTEH_ion_b,838.2
GAZLAW_clean,280.4
GAZZIS01_charged,331.9
GAZZIS02_charged,325.7
GAZZIS03_charged,358.5
GAZZIS04_charged,333.1
GAZZIS05_charged,332.6
GAZZIS_charged,330.0
GEBCAT_clean,324.7
GEDDAW_clean,197.4
GEDDEA_clean,320.2
GEDQIR_clean,263.3
GEDQOX_clean,192.4
GEDQUD_charged,231.7
GEDRAK_clean,268.9
GEDROY_clean,277.6
GEDRUE_clean,197.1
GEDSAL_clean,271.8
GEDSEP_clean,354.1
GEDSOZ_clean,194.9
GEDSUF_clean,253.1
GEDTAM_clean,194.0
GEFYUN_clean,375.2
GEFZAU_clean,374.2
GEGDED_clean,370.0
GEGGEG01_clean,446.5
GEGGIK01_clean,462.9
GEGGIK_clean,445.6
GEGGUW_clean,459.6
GEGHAD_clean,456.2
GEJJEL01_clean,256.6
GEKVEZ_clean,178.7
GEPDEM_clean,238.0
GERNOI_clean,386.0
GERPUP_clean,193.7
GERWEH_clean,202.8
GESBOW_charged,943.9
GESBUC_charged,833.4
GESDUF_clean,313.6
GESFAN_clean,313.6
GESNOI_clean,307.7
GEVXIQ_clean,194.8
GEWXAJ_clean,282.3
GEZRAG_clean,1247.8
GEZYOB_clean,446.9
GIDKOU_clean,201.9
GIFKEL_clean,219.5
GIKQIC_clean,196.6
GIMSIG_clean,218.7
GINLIA_clean,219.5
GIQXEK_clean,153.1
GIQXIO_clean,155.4
GIQXOU_clean,155.7
GIQXUA_clean,155.8
GIQYAH_clean,156.9
GIQYEL_clean,152.1
GIQYIP_clean,154.9
GIQYOV_clean,177.8
GIQYUB_clean,155.0
GIRDUI_clean,256.2
GIRXUC_clean,75.7
GIRYAJ_clean,254.9
GIRYEN_clean,483.2
GIRYUD_clean,472.6
GIRZAK_clean,556.1
GISMAY_clean,955.4
GISNED_clean,980.9
GISZUD_clean,93.3
GISZUF_clean,399.6
GITPIK_clean,239.3
GITTUZ_clean,609.2
GITVEL01_clean,439.3
GITVEL_clean,432.8
GITWIQ_clean,309.3
GIVHIC_clean,399.5
GIVNIK_clean,352.7
GIVNOQ_clean,331.5
GIWBEU_charged,292.1
GIWBIY_charged,287.0
GIWBOE_charged,483.4
GIWCAR_ion_b,266.7
GIWCIZ_ion_b,486.3
GIWCOF_ion_b,286.0
GIXGOK_clean,628.3
GIXNAE_clean,147.7
GIYSEN_clean,292.0
GIYSIR_clean,289.5
GIYSOX_clean,295.1
GIYSUD_clean,253.0
GIYTAK_clean,254.6
GIYTIS_SL,270.6
GIZXET_clean,392.9
GOBGAG_clean,625.6
GOBSUM_clean,213.9
GOGSIF_clean,257.4
GOGWAB_clean,188.2
GOGWEF_clean,185.4
GOJDOZ_clean,219.7
GOJFAN_charged,342.7
GOKBUE_clean,227.2
GOMFOF_clean,331.3
GOMREG_clean,407.3
GONNAA_clean,214.3
GOPTIQ_clean,341.2
GOQSIQ_clean,339.4
GOQXAN_clean,228.8
GORQAF_clean,64.3
GOSBOH_clean,220.0
GOSDID_clean,465.5
GOSKEG_clean,267.9
GOTDIE_clean,1144.2
GOTNEK_clean,241.9
GOVHOQ_clean,711.4
GOVWOF_clean,215.9
GOVXIA_clean,547.0
GOZNAM_clean,273.8
GOZNEQ_clean,175.7
GUANZS_clean,94.8
GUBBAG_clean,164.0
GUBKUL_clean,281.6
GUBVUU_clean,223.8
GUBZAF_clean,306.8
GUCHUJ_clean,180.5
GUCJAQ_clean,382.5
GUDJOG_clean,280.4
GUFBOA_clean,389.2
GUFBUG_clean,326.9
GUFREF_clean,534.4
GUFXEM_clean,247.7
GUGNON_clean,345.8
GUHMIH_clean,204.1
GUHNUU_clean,272.0
GUHPAC_clean,270.0
GUHPEG_clean,483.7
GUJREK01_clean,240.8
GUJREK_clean,246.5
GUKFEY_clean,192.2
GUKYUI_clean,260.3
GUKZAO_clean,183.7
GULBAR_clean,320.1
GULCAS_clean,363.8
GULPIN_clean,449.3
GULVUF_clean,377.0
GULWAM_clean,294.3
GULWEQ_clean,1139.8
GULWIU_clean,265.8
GULWOA_clean,205.6
GUMDEZ_clean,516.2
GUNFAW01_neutral,80.0
GUNZIA_clean,616.3
GUPBEZ02_clean,638.7
GUPBUP_SL,197.8
GUPCAW_clean,318.5
GUPDEB_clean,529.3
GUPREQ_clean,526.4
GUQWOG_clean,221.6
GURPIT_clean,155.6
GURPUF_clean,135.5
GURTIX_charged,223.5
GUSJOU_clean,215.8
GUSMAJ_clean,966.5
GUTYIE_clean,172.6
GUVBOQ_clean,1811.6
GUVCOP_clean,393.5
GUVKUE_clean,421.6
GUVLAL_clean,432.4
GUVZII_clean,358.8
GUWDUY_clean,333.6
GUXJUF_clean,473.1
GUXPOF_clean,317.2
GUXSEY_clean,554.7
GUXSIC_clean,577.9
GUXZIJ_clean,175.8
GUXZUV_clean,235.9
GUYBAE_clean,221.3
HABQUY_clean,217.9
HABRAF_manual,192.8
HABREJ_clean,445.9
HADLOQ01_clean,167.6
HADPOU_clean,141.5
HADQUA_clean,1259.2
HADXIW_clean,171.8
HAFGUQ_clean,174.0
HAFTOZ_clean,122.9
HAFVOB_clean,404.6
HAFVUH_SL,179.1
HAFWAO_charged,416.8
HAFWIW_clean,191.6
HAFWUI_charged,393.6
HAHCUR_clean,359.6
HAHPIQ_charged,416.9
HAHPOW_clean,412.5
HAJDII_clean,441.7
HAJLEK_clean,370.8
HAJLIO_clean,373.9
HAJLOU_clean,367.2
HAJLUA_clean,371.7
HAJMEL_clean,359.4
HAJMIQ_clean,731.6
HAJPEQ_clean,335.4
HAJRES_clean,1963.6
HAJYEZ_clean,287.2
HAKCAZ_clean,290.0
HAKSAQ_clean,299.0
HAKSEU_clean,296.5
HAKSIY_clean,290.6
HAKVOH_clean,219.0
HAKVUN_clean,199.9
HAKWAU_clean,205.6
HALQUJ_clean,277.3
HALVAU_clean,195.6
HAMJOW_clean,355.0
HAMLIT_clean,344.2
HAMREU_clean,355.5
HAMRIY_clean,353.1
HANKUE_clean,3089.9
HANWAW_clean,537.9
HAPBAE_clean,617.3
HAPBEI_clean,636.7
HAPBIM_clean,1288.5
HAPGIR_clean,156.5
HAPHUD_clean,239.6
HAPNEU_clean,601.9
HAPNOE_clean,409.0
HAPNUK_clean,401.0
HAPPAS_clean,411.6
HAPVEB_clean,198.9
HAQJIV_clean,226.4
HAQKES_clean,1015.7
HAQRID_clean,286.0
HASMIZ_clean,223.0
HASNIB_clean,164.1
HASNOH_clean,177.4
HASNUN_clean,162.9
HASTAY_clean,495.3
HATZOS02_clean,151.3
HATZOS_clean,151.8
HAVVUX_clean,298.7
HAVZIP_clean,146.5
HAWGIX_charged,274.9
HAWREE_clean,343.1
HAWVAE_clean,228.5
HAWVEI_clean,225.6
HAWVIM_clean,249.2
HAWVOS_clean,223.5
HAWVUY_clean,223.0
HAWWAF_clean,224.2
HAWWEK_clean,178.9
HAWWIN_clean,252.4
HAWWOT_clean,246.2
HAWWUZ_clean,244.5
HAWZEM_clean,372.2
HAXMUP_clean,196.7
HAYLIE_clean,346.9
HAZSIL_clean,303.8
HAZWIP_clean,199.1
HEBJAB_clean,290.6
HEBKEG_clean,212.0
HEBNIN_clean,197.2
HEBNOT_clean,194.1
HEDBEZ_clean,215.1
HEDBID_clean,215.2
HEDBOJ_clean,182.3
HEDBUP_clean,184.2
HEDCAW_clean,334.7
HEDCIE_clean,283.4
HEFDED_clean,1348.1
HEFDON_clean,279.8
HEFFAB_charged,388.9
HEFFEF_clean,271.1
HEFVAR_clean,267.9
HEGCEB_clean,211.5
HEGJUZ_clean,384.2
HEGNAJ_clean,825.4
HEGNEN_clean,753.5
HEGNIR_clean,824.6
HEGNOX_clean,821.2
HEGNUD_clean,810.5
HEGPAL_clean,788.7
HEKTAU_clean,248.8
HELDEJ_SL,423.8
HELDOT_clean,406.2
HEMTEZ_clean,359.7
HETZOW_clean,203.6
HETZUC_charged,232.5
HEWFUL_ion_b,292.6
HEXVEM_clean,87.6
HEZPIL01_clean,149.5
HGCNCO_clean,118.7
HIBGEF_clean,239.4
HIBGIJ_clean,231.3
HICVOG_clean,463.5
HICVUM_clean,375.2
HICZAW_clean,238.4
HICZEA_clean,240.2
HIDCUU_clean,233.1
HIFGEK_clean,300.0
HIFGIO_SL,213.9
HIFTOG01_clean,112.6
HIFTOG02_clean,238.3
HIFTOG_clean,235.6
HIFTUM_clean,429.8
HIFVOI_clean,232.8
HIFWAV_clean,479.3
HIFZAY_charged,385.5
HIGRIA_clean,153.9
HIHFOV_clean,295.3
HIHFUB_clean,413.6
HIHGAI_clean,341.7
HIHGEM_manual,226.4
HIHGIQ_clean,364.8
HIHGUC_clean,287.1
HIJSOK_clean,328.0
HILJUJ_clean,433.7
HIMSAY_clean,210.0
HIQNAY_clean,356.6
HIQWOV_clean,441.1
HISGAT_clean,563.0
HISGIB_clean,272.9
HISJIE_clean,447.4
HISSIN_clean,507.3
HIWKEE_clean,231.2
HIWKII_clean,170.1
HIWLIK_clean,167.1
HIWLOQ_clean,217.0
HIWLUW_clean,251.3
HIYBUN_clean,353.6
HIYGIH_clean,238.2
HIYYEU_clean,340.8
HIZQEN01_clean,190.0
HIZQEN_clean,209.5
HIZQUD_clean,314.6
HOBGAH_clean,358.1
HOBGEL_clean,254.7
HOBGIP_clean,419.8
HOBGOV_clean,443.0
HOCDOU_clean,147.1
HOFJIX_clean,562.0
HOFSOL_clean,166.0
HOFSUS_clean,224.9
HOGJIX_clean,214.5
HOGJOD_clean,566.1
HOGJUK_clean,225.0
HOGLEV01_clean,216.7
HOGLEV_clean,310.9
HOGSIG_clean,335.9
HOGTOM_clean,225.6
HOHMEX_manual,334.6
HOJLID_clean,281.8
HOJLUP_clean,434.8
HOKGUJ_clean,157.0
HOKLIE_clean,797.8
HOLQIK_clean,798.8
HOMRIL_clean,282.0
HOMXIR_manual,179.7
HOMZEP_clean,230.7
HOQMIL01_clean,320.8
HOQMIL02_clean,318.8
HOQMIL03_clean,322.9
HOQMIL04_clean,360.9
HOQMIL_clean,325.5
HOQMUX_clean,323.5
HOQNEI_clean,323.3
HOVGIK_clean,402.1
HOVQAM_clean,284.9
HOWJEK_clean,166.3
HOWPEQ_clean,228.2
HOWPOZ_clean,344.0
HOWPUF_clean,286.4
HOWQAM_clean,354.0
HOWQEQ_clean,311.9
HOWSAP_clean,389.9
HOWSET_clean,802.3
HOWSIX_clean,776.2
HOXGEH_clean,366.4
HOXJIO_charged,363.7
HOXKIP_clean,231.7
HOXKUB_clean,237.0
HOXSUK_clean,398.4
HOYREU_clean,130.7
HOYRIY_clean,135.9
HOYROE_clean,197.1
HOYTUL_clean,332.6
HOZBUV_clean,251.1
HOZFEJ_clean,252.9
HOZTOG_clean,576.6
HOZXEB_clean,325.4
HUCBAJ_charged,317.9
HUCBEN_manual,214.6
HUCWOT_clean,301.1
HUCWUZ_clean,292.2
HUCXAG_clean,305.7
HUCXEK_clean,296.2
HUCXIO_clean,297.5
HUCXOU_clean,296.1
HUCXUA_clean,296.2
HUDMAW_clean,342.6
HUDWUA_clean,297.6
HUFHEX_clean,224.8
HUFHIB_clean,293.5
HUFHOH_clean,213.8
HUFHUN_clean,211.4
HUFJAV_clean,218.3
HUFJEZ_clean,301.6
HUFKUQ_clean,317.6
HUFLUR_clean,114.1
HUFMUS_clean,116.3
HUFYIS_clean,321.1
HUHBET_clean,888.2
HUHNIJ_clean,955.6
HUJGEA_clean,163.6
HUJVOX_clean,191.3
HULCOI_clean,445.6
HULRIR_clean,407.9
HULTEN_clean,301.4
HULTEP_clean,462.4
HUMWIX_clean,560.0
HUPQIU_clean,1030.9
HUQGOR_clean,318.6
HUQGUX_clean,323.7
HUQHAE_clean,338.8
HUQHEI_clean,307.9
HUQHIM_clean,386.2
HUQHOS_clean,318.9
HUQHUY_clean,746.7
HURFEH_clean,313.4
HURFUX_clean,346.1
HURGAE_clean,458.3
HURGEH_clean,233.5
HURGUX01_clean,395.8
HURGUX_clean,367.5
HUVHOX_clean,222.8
HUWDEJ_clean,275.1
HUWHOY_clean,215.2
HUWLUI_clean,243.2
HUWPIA_clean,309.1
HUWSUN_clean,330.2
HUXWAY_clean,194.9
HUYJOA_clean,213.1
HUYJUG_clean,493.6
HUYKAN_clean,509.8
HUYKER_clean,493.2
HUYKIV_clean,122.5
HUYKOB_clean,382.9
HUYKUH_clean,555.6
HUZFEO_clean,436.6
HUZFOY_charged,458.3
HUZSOL_clean,426.2
HUZSUR_clean,233.6
HUZXAD_clean,484.7
HUZXEH_clean,538.5
HUZXIL_clean,559.2
HUZXOR_clean,595.2
HUZXUX_clean,693.0
HUZYAE_clean,639.2
IBABOF01_clean,319.4
IBABOF_clean,308.5
IBABUL_clean,307.2
IBACAS_clean,323.1
IBARUA_clean,357.5
IBASAH_clean,357.9
IBASEL_clean,352.2
IBASOV_clean,358.3
IBASUB_clean,367.0
IBATEM_clean,362.3
IBEYOE_clean,220.1
IBICAZ_clean,241.5
IBICED_clean,244.0
IBICIH_clean,245.4
IBICON_clean,249.6
IBIRES_clean,437.9
IBITUK_clean,441.6
IBIYOI_ion_b,588.8
IBOTEY_clean,1062.0
IBOTIC_clean,358.5
IBOTOI_clean,205.2
IBOZIK_clean,236.1
IBUBAL_clean,285.5
IBUBIT_clean,205.5
IBUDOZ_clean,212.3
IBUYAH_clean,528.6
ic025743v_s1_clean,161.6
ic034943jsi20030807_040506_clean,615.9
ic050064gsi20050115_040515_clean,229.3
ic051810ksi20060220_094504_clean,255.4
ic0520162si20051122_054836_clean,690.7
ic060030osi20060309_091447_clean,234.3
ic060608urom20060410_101638_clean,328.6
ic060771psi20060614_113937_clean,143.2
ic070274o-file006_clean,297.5
ic100188w_si_002_clean,365.5
ic101789u_si_002_clean,182.3
ic101935f_si_002_auto,407.1
ic102347b_si_001_clean,261.5
ic2017598_si_001_clean_h,135.2
ic202626c_si_002_clean,372.8
ic202769e_si_002_clean,351.7
ic300665a_si_002_clean,502.0
ic3019502_si_002_clean,221.7
ic400607w_si_001_clean,265.2
ic400777c_si_002_clean,295.3
ic401157n_si_002_clean,329.4
ic401157n_si_003_clean,284.2
ic402058f_si_002_clean,329.6
ic402058f_si_003_clean,337.9
ic402058f_si_004_clean,332.5
ic402058f_si_005_clean,466.1
ic402692p_si_002_clean,275.8
ic402692p_si_003_clean,357.8
ic402692p_si_004_clean,257.2
ic402692p_si_005_clean,264.3
ic403134c_si_002_clean,321.3
ic500323r_si_001_clean,254.8
ic500323r_si_002_clean,290.3
ic5008457_si_002_clean,223.6
ic5011133_si_002_clean,275.3
ic5011133_si_003_clean,184.4
ic5011133_si_004_clean,247.1
ic501477u_si_002_clean,227.2
ic501801f_si_002_clean,415.7
ic501801f_si_003_clean,1102.8
ic501849g_si_002_clean,299.6
ic5021302_si_002_clean,331.0
ic502254c_si_002_clean,334.4
ic502643m_si_003_clean,421.5
ic502643m_si_006_clean,374.3
ic502643m_si_007_clean,160.1
ic502643m_si_008_clean,255.9
ic502643m_si_009_clean,168.9
ic502643m_si_010_clean,168.7
ic502725y_si_004_clean,266.6
ic502730y_si_002_clean,274.7
ic502921j_si_002_clean,298.8
ic502921j_si_003_clean,361.3
ic5029383_si_002_clean,296.7
ic5b00096_auto,715.0
ic5b00130_si_002_clean,371.2
ic5b00194_si_002_clean,225.4
ic5b00535_si_002_clean,269.8
ic5b01023_si_002_clean,690.9
ic700893w-file001_clean,339.9
ic7014034-file001_clean,321.5
ic7025158-file001_clean,60.9
ic800131r-file003_clean,151.9
ic8004536-file004_clean,357.0
ic9002115_si_001_clean,746.4
ICAGOK_clean,289.8
ICAQIO_clean,511.2
ICAQOU_clean,522.2
ICAROV_clean,514.2
ICAWUF_clean,590.6
ICEGED_clean,194.8
ICISAP_clean,183.3
ICITEU_charged,376.1
ICIVAS_clean,280.9
ICODIP01_clean,427.8
ICODIP_clean,433.9
ICORAV_ion_b,224.9
ICOWON_clean,227.5
IDAGEA_charged,323.3
IDEYOF_clean,154.5
IDIWIB_clean,189.7
IDIWUN_clean,322.4
IDIXAU_clean,266.1
IDORAW_clean,191.6
IDUDIW_clean,287.8
IDUTUW_clean,149.4
IFAGON_clean,539.2
IFAHEC_clean,728.8
IFAREN_charged,397.0
IFASOZ_clean,426.6
IFEHUY_clean,171.3
IFENOY01_SL,311.2
IFENOY02_SL,620.1
IFENOY03_SL,597.9
IFENOY_clean,309.6
IFEPUG_SL,618.4
IFEQIV_SL,376.0
IFEYIB_clean,130.3
IFOSIG_clean,280.6
IFUNUU_clean,260.6
IGAGAA_clean,239.5
IGAGUU_clean,380.3
IGAHAB_clean,454.9
IGETUL_clean,243.3
IGEXOH_clean,129.1
IGINIX01_clean,196.1
IGINIX_clean,198.1
IGITOJ_clean,460.1
IGIZAA_clean,204.1
IGIZEF_clean,337.1
IGOJEV_clean,274.6
IGUCIY_clean,489.6
IGUVIR01_clean,253.2
IGUVIR_clean,253.4
IHAJEH_clean,204.7
IHAJIL_clean,125.9
IHILUI_clean,297.9
IHIMAP01_clean,255.5
IHIMAP_clean,285.2
IHUTIQ_clean,504.5
IJASOC_clean,245.7
IJEVEA_clean,261.5
IJEVIE_clean,266.1
IJEXIF01_clean,154.9
IJEXIF_clean,157.7
IJIGOX_clean,229.0
IJUTEM_clean,1148.9
IKAYAU_clean,494.7
IKEBUV01_clean,169.1
IKEBUV_clean,176.5
IKETAU_clean,196.4
IKETEY_clean,197.1
IKETIB_clean,562.2
IKETIC_clean,195.6
IKETOH_manual,180.3
IKETOI_clean,195.7
IKETUN_clean,575.9
IKETUO_clean,197.9
IKEVAW_clean,196.5
IKOPEF_clean,255.0
IKOPIJ_clean,492.8
IKOSOQ_clean,438.7
IKOSUW_charged,304.6
IKOTUZ_clean,345.5
IKOVAH_clean,346.3
IKOVEL_clean,352.9
IKUBUL01_clean,279.8
IKUBUL_clean,219.2
IKUTIT_clean,212.2
IKUTOZ_clean,254.3
ILAGUY_charged,692.1
ILEHUD_clean,430.8
ILENOC_clean,573.5
ILIFOY_clean,304.5
ILIFUE_clean,287.2
ILIGAL_clean,287.3
ILIGEP_clean,291.2
ILIMOH_clean,626.0
ILIMUN_clean,269.3
ILINIC_clean,92.9
ILITUT_manual,374.3
ILOJOJ_clean,278.2
IMACND_clean,112.5
IMAGAG_clean,206.6
IMAXUR_clean,288.7
IMEDOV_clean,1113.3
IMISIH_clean,362.5
IMUTUG_ion_b,314.9
INAMUG_clean,412.1
INARUM_clean,281.4
INIDAL_clean,789.7
INIGET_clean,475.2
INIQUR_clean,297.2
INIRAA_clean,479.2
INIRAY01_clean,422.8
INIRAY_clean,290.1
INIRII_clean,555.8
INOMIJ_clean,231.9
INOMOP01_clean,183.8
INOMOP_clean,189.5
INOVEN_clean,186.9
IPICOA_clean,120.0
IPICUG_charged,288.7
IPIDUH_clean,273.0
IPIFAP_clean,267.6
IPIHIA_clean,437.5
IPIJEY_clean,248.1
IPIJUM_clean,216.8
IQABEJ_clean,261.1
IQECIS_clean,482.2
IQEKOG_clean,295.2
IQEKUM_clean,247.7
IQEWOQ_clean,234.9
IQILIF_clean,347.6
IQOHUT_clean,321.1
IQOJAB_clean,366.6
IQOJEF_clean,476.1
IQOKEG_clean,307.0
IQOKIK_clean,474.7
IQUCOO_clean,277.6
IRAGEN_charged,566.9
IRAHUF_clean,760.7
IRAJER_clean,852.1
IRAYOQ_clean,302.0
IRELAU_clean,233.4
IROVAO_clean,166.8
IROVES_clean,285.9
ISUCUV_clean,301.1
ITAPAU_clean,147.7
ITAPIC_clean,138.2
ITIBOD_clean,285.2
ITIPAE_clean,234.8
ITIPOS_clean,234.4
ITIWAK_clean,374.0
ITIWEO_clean,288.0
ITIWIS_charged,332.8
ITIWOY_charged,328.7
ITIWUE_charged,330.1
ITOSEQ_clean,348.1
IVEHEW_manual,190.9
IVEQAC_clean,228.8
IVETOT_clean,142.2
IVILEG_clean,168.0
IVOCON_clean,157.9
IVOGUX_clean,223.9
IVUVIG_clean,208.7
IWAXUZ_clean,253.8
IWAYAG_clean,136.0
IWAYEK_clean,116.6
IWAYIO_clean,256.9
IWAYOU_clean,242.6
IWAYUA_clean,248.4
IWAZEL_clean,264.6
IWAZIP_clean,121.3
IWELIG01_clean,321.0
IWELIG_clean,330.4
IWEVAJ_clean,331.6
IWIPIO_clean,102.1
IWOKUC_clean,562.2
IWOSAP_clean,280.8
IXAKAU_clean,287.3
IXAZEO_clean,188.6
IXEBEU_clean,510.4
IXECET_clean,335.7
IXEDOE_charged,431.2
IXEFAS_charged,733.5
IXEJIG_clean,230.0
IXEJOL_clean,353.6
IXEJOM_clean,208.5
IXIPAG_clean,215.6
IXIPEK_clean,217.5
IXIPIO_clean,219.7
IXISAJ_clean,425.5
IXISOX_clean,437.6
IXISOZ02_clean,389.1
IXISUD_clean,387.0
IXODUV_clean,197.6
IXOFAD_clean,193.7
IXOFEH_clean,194.9
IXOFIL_clean,202.1
IXOFOR_clean,189.9
IXOFUX01_clean,203.9
IXOFUX_clean,202.2
IXUQOJ_clean,541.8
IXUQUO_clean,338.2
IXURID_clean,229.7
IXUWII_clean,269.7
IYAJID_clean,253.2
IYAJOJ_clean,246.1
IYAJUP_clean,418.1
IYAKAW_clean,242.4
IYAKIE_clean,248.7
IYASOS_clean,248.9
IYAYUE_clean,175.3
IYEHAX_clean,216.4
IYEPUZ_clean,211.6
IYESUC_clean,225.3
IYEXOZ_clean,414.9
IYICUP_clean,294.9
IYOBAA_clean,444.5
IYOCIK_clean,226.4
IYOCOQ_clean,229.7
IYODAD_clean,234.2
IYOQAQ_clean,238.5
IYOSUM_clean,286.8
IYOTAT_clean,284.7
IYOVIC_clean,196.4
IYOWID_manual,524.4
IYUCEM_clean,258.1
IYUCIQ_clean,207.1
IYUHOA_clean,427.1
IYUHUG_ion_b,374.0
IYUJAO_clean,254.8
IYUQEZ_clean,240.3
IYUQID_clean,194.6
IZEBAR_clean,193.8
IZEBEV_clean,288.3
IZEFEZ_charged,545.5
IZENEI_clean,524.1
IZENIM_clean,548.4
IZENUY_clean,375.8
IZEPAF_clean,145.5
IZEPEJ_clean,279.4
IZEQUB_clean,355.3
IZERAI_clean,333.8
IZEWAN_clean,194.9
IZIGUV_clean,482.2
IZIHAC_clean,341.8
IZIHEG_clean,334.0
IZIHOQ_clean,339.3
IZISEQ_clean,572.3
IZOWAW_clean,205.5
IZOWEA_clean,224.6
IZUMUM_clean,262.9
IZUVUV_clean,332.3
ja039022msi20031007_110612_clean,377.5
ja074366osi20070816_031204_clean,123.9
ja0752540-file002_clean,514.4
ja076167asi20070815_063752_clean,346.1
ja109659k_si_002_clean,181.6
ja110042b_si_003_clean,393.1
ja203898s_si_004_clean,214.1
ja205976v_si_004_clean,236.1
ja205976v_si_006_clean,198.6
ja206917z_si_001_clean,254.3
ja300034j_si_002_clean,205.3
ja302110d_si_001_clean,361.7
ja302340b_si_002_clean,403.4
ja302380x_si_003_clean,288.8
ja3082523_si_004_clean,1175.3
ja308995t_si_002_clean,255.8
ja4012707_si_003_clean,131.9
ja4012707_si_004_clean,123.5
ja403810k_si_002_clean,1364.8
ja4050828_auto,177.4
ja406030p_si_002_manual,204.8
ja406030p_si_003_clean,208.1
ja406030p_si_004_clean,231.4
ja406030p_si_005_manual,253.4
ja406030p_si_006_manual,250.5
ja406030p_si_007_manual,216.0
ja406030p_si_008_manual,251.2
ja406030p_si_009_manual,267.9
ja406844r_si_002_clean,245.4
ja407778a_si_003_clean,182.0
ja408959g_si_002_clean,209.0
ja408959g_si_003_clean,352.8
ja411887c_si_002_clean,418.4
ja500330a_si_005_clean,347.6
ja500330a_si_006_auto,787.8
ja500330a_si_007_auto,365.8
ja500330a_si_009_auto,439.4
ja5063423_si_002_clean,171.2
ja506357n_si_002_clean,309.5
ja507269n_si_002_clean,154.5
ja507269n_si_003_clean,151.6
ja507947d_si_001_auto,242.7
ja5103103_si_002_auto,501.2
ja510525s_si_002_clean,304.8
ja510525s_si_003-1_clean,289.7
ja5111317_ja5111317_si_002_auto,382.4
ja512137t_si_002_clean,203.4
ja512311a_si_003_auto,258.5
ja512311a_si_007_auto,204.5
ja512437u_si_002_clean,430.0
ja512437u_si_003_clean,420.5
ja512437u_si_004_clean,426.7
ja512762r_si_002_auto,237.4
ja512973b_si_002_auto,407.8
ja512973b_si_003_auto,390.5
ja512973b_si_004_auto,377.6
ja512973b_si_005_auto,68.6
ja5131269_si_002_clean,173.9
ja5131269_si_003_clean,172.3
ja5b00365_si_002_clean,189.0
ja5b02556_si_002_clean,235.3
ja5b02897_si_003_clean,169.3
ja5b02999_si_002_clean,187.4
ja5b02999_si_003_clean,363.9
ja5b02999_si_004_clean,373.3
ja5b02999_si_006_clean,187.4
ja5b02999_si_007_clean,173.2
ja808995d_si_002_clean,613.8
ja809985t_si_002_clean,696.9
ja903726m_si_002_clean,188.5
ja905009e_si_002_clean,233.4
ja907023c_si_001_clean,301.8
ja907023c_si_002_clean,298.0
ja907023c_si_003_clean,297.1
ja907023c_si_004_clean,297.2
JABMEF_clean,180.3
jacs.5b12516_ja5b12516_si_002_clean,483.3
jacs.5b12516_ja5b12516_si_003_clean,498.6
jacs.5b12516_ja5b12516_si_004_clean,482.4
jacs.5b13491_ja5b13491_si_002_clean,382.0
jacs.6b01345_ja6b01345_si_001_clean,700.1
jacs.6b01663_ja6b01663_si_003_clean,133.7
jacs.6b02030_ja6b02030_si_002_clean,344.5
jacs.6b02030_ja6b02030_si_003_clean,321.3
jacs.6b04608_ja6b04608_si_003_clean,1476.5
jacs.6b06759_ja6b06759_si_002_clean,1072.7
jacs.6b06759_ja6b06759_si_003_clean,710.5
jacs.6b06759_ja6b06759_si_004_clean,672.0
jacs.6b08724_ja6b08724_si_009_clean,156.1
jacs.6b08724_ja6b08724_si_014_clean,154.1
jacs.6b08724_ja6b08724_si_016_clean,152.2
jacs.6b09113_ja6b09113_si_002_clean,195.8
jacs.6b09155_ja6b09155_si_009_clean,217.4
JADBIC_clean,221.7
JADJOQ_clean,166.1
JADMAF_clean,766.7
JAFPIQ_clean,173.1
JAKBIJ_clean,115.8
JAKBOP01_clean,147.8
JAKBOP_clean,112.4
JAKBUV_clean,135.6
JALCAD_clean,427.6
JALLEQ_clean,564.1
JALLOA_clean,178.6
JALTUL_clean,237.9
JASNAT_clean,218.7
JAVNIE_clean,151.9
JAVSUV_clean,1066.2
JAVTEG_clean,467.0
JAVWUY_clean,210.2
JEBCOJ_clean,358.3
JEDJUY_clean,177.9
JEDKEJ_clean,429.3
JEJWOL_clean,200.6
JELPAS_clean,277.7
JENKET_SL,306.7
JENKIX_SL,661.8
JETZAK_clean,322.2
JEWYAM_charged,227.4
j.ica.2016.05.002_2_clean,422.0
j.ica.2016.08.030_3_clean,243.4
JILWIL_clean,416.8
JILWOR_clean,760.4
JILXOS_clean,354.2
j.inoche.2015.01.025_INC05862-mmc2_clean,317.3
j.inoche.2015.03.028_inc05925-mmc2_clean,339.6
j.inoche.2015.03.054_CIFs_clean,134.9
j.inoche.2015.12.019_1_clean,284.2
JISVAJ_clean,228.6
JITPOS_SL,568.1
JITQEI_clean,400.4
JIVFUQ_clean,210.4
JIVHIG_clean,493.4
JIVSEN_clean,254.0
JIXWUJ01_clean,244.2
JIXWUJ02_clean,236.7
JIXWUJ_clean,242.4
JIYXUL_clean,145.8
JIZJAF_clean,202.7
JIZJEJ_clean,192.4
JIZJOT_clean,260.5
JIZJUZ_clean,239.9
JIZWEW_clean,203.6
JIZWIA_clean,202.4
JIZWOG_clean,246.4
j.jssc.2014.11.015_mmc2_clean,422.1
j.jssc.2015.05.012_mmc6_clean,335.2
j.jssc.2016.09.008_mmc8_clean,229.9
JOCWIJ_clean,333.6
JOFGOC_clean,348.4
JOFKIA01_clean,390.6
JOFKIA_clean,291.9
JOGHEU_clean,251.1
JOGHIY_clean,257.2
JOGSAA_clean,125.2
JOHFIW_manual,142.1
JOJKUQ_clean,197.2
JOKXAI10_clean,208.6
JOKXAI_clean,207.5
JOKXEM10_clean,318.0
JOKXEM_clean,318.4
JOKXOW10_clean,205.3
JOKXOW_clean,210.8
JOKXUC10_clean,299.9
JOKXUC_clean,295.4
JOKYAJ_clean,166.7
JOKYEN_clean,171.1
JOKYIR10_clean,167.3
JOKYIR_clean,167.3
JOKYOX10_clean,167.9
JOKYOX_clean,166.7
JOLYEQ_clean,547.9
JOQSOZ_clean,266.9
JOQZUM_clean,243.3
JORBAV_clean,235.8
JORLEJ_clean,584.0
JORRAL_clean,286.8
JORSEQ_clean,360.6
JORVET_clean,356.5
JOSNAG01_clean,294.2
JOSNAG_clean,278.7
JOVXEZ_clean,310.5
JOWFOQ_clean,206.0
JOXPIX_clean,372.1
JOYKUF_clean,152.8
jp102463p_si_002_clean,192.8
jp102463p_si_004_clean,200.3
jp2064408_si_002_clean,184.9
jp209895d_si_002_clean,700.6
JUCGUL_clean,212.5
JUCXEK_clean,144.9
JUFREJ_clean,278.2
JUGQIN_clean,210.0
JUGQOT_clean,199.4
JUJMOS_clean,815.3
JUJTAL_clean,275.3
JUMCOL_clean,129.9
JUMCUR_clean,196.1
JUMDAY_clean,190.6
JUMDEC_clean,189.3
JUNBOL_clean,323.3
JUNBUR_clean,232.9
JUQVAU_clean,262.2
JURKIS_clean,422.2
JUSBAC_clean,489.5
JUSKAL_clean,534.9
JUTCIM_clean,289.6
JUTCUW_SL,79.9
JUVROJ_clean,252.0
JUXFAL_clean,231.5
JUXFOZ_clean,306.5
JUYJIY_clean,148.9
JUYROM_clean,298.4
jz4002345_si_002_clean,272.3
jz4002345_si_003_clean,273.1
jz4002345_si_005_clean,280.0
jz4002345_si_006_clean,271.5
KABNIL_clean,195.7
KABXAO_clean,206.0
KABXES_clean,243.4
KABXIW_clean,244.2
KABXOC_clean,248.5
KACZEV_clean,518.5
KACZIZ_clean,527.5
KADLOT_clean,237.0
KADLUZ_clean,311.8
KAGCAY_charged,293.1
KAGVUL_clean,202.3
KAGWEW_clean,166.0
KAHMOW_clean,425.6
KAHNOX_clean,65.4
KAHPUE_clean,132.1
KAHYEY_clean,181.7
KAHYID_clean,138.7
KAHYOJ_clean,147.9
KAHYUP_clean,147.5
KAJZIH_clean,285.2
KAKCAD_clean,333.1
KAKCEH01_clean,266.8
KAKCEH02_clean,287.1
KAKCEH_clean,273.9
KALFEK_clean,321.1
KALFOU_clean,260.8
KALGAH_clean,250.3
KALGEL_clean,255.4
KANDIO_clean,244.5
KANMIX_clean,284.6
KARLUM_clean,438.6
KARNAU_clean,330.7
KARNID_clean,273.5
KARTAA_clean,265.2
KASRAZ_clean,304.4
KASRED_clean,289.3
KATDAM_clean,403.9
KAVGAQ_clean,268.3
KAVJAT_charged,374.3
KAVJEX01_clean,383.8
KAVJEX_clean,1191.8
KAVKIC_clean,217.6
KAVNIH_clean,403.2
KAVTEI_clean,328.2
KAVTUY_clean,350.5
KAWBOB_clean,326.1
KAWHEY_clean,299.6
KAXQIL_clean,643.8
KAYBIX_clean,217.7
KAYBUJ_clean,222.1
KAYCIY_clean,303.0
KEBDIG_charged,357.4
KEBFII_clean,275.1
KECRAL10_clean,83.5
KECRAL11_clean,138.4
KECRAL12_clean,95.9
KECRAL_clean,94.5
KEDJAG01_clean,156.0
KEDJAG02_clean,156.7
KEDJAG03_clean,153.0
KEDJAG04_clean,148.7
KEDJAG06_clean,150.7
KEDJAG08_clean,150.1
KEDJAG10_clean,153.9
KEDJAG12_clean,153.0
KEDJAG14_clean,154.8
KEDJAG16_clean,153.5
KEDJAG18_clean,159.2
KEDJAG20_clean,153.3
KEDJAG22_clean,154.3
KEDJAG24_clean,152.9
KEDJAG26_clean,151.7
KEDJAG28_clean,154.5
KEDJAG_clean,149.7
KEDNOY_clean,187.2
KEDQAN_clean,338.0
KEFBEE_clean,115.4
KEFBII_clean,134.7
KEFBOO_clean,120.2
KEFWAV_clean,302.5
KEFWEZ_charged,274.5
KEFWID_clean,236.9
KEGYAX_clean,242.8
KEGZOL01_clean,126.8
KEGZOL02_clean,132.5
KEGZOL03_clean,128.0
KEGZOL_clean,126.6
KEHFUA_clean,471.4
KEHGAH_charged,274.1
KEHGIP_clean,315.4
KEJBOQ_clean_h,269.1
KEJHIQ_clean_h,266.2
KENJEU_clean,630.7
KEPPIF_clean,169.3
KEQDER_clean,243.2
KESBIU_charged,502.3
KESBOA_clean,425.3
KESBUG_clean,402.1
KESGAS_clean,258.6
KESHAT_clean,333.9
KETHEY01_clean,365.2
KETHEY02_clean,261.9
KETHEY_clean,284.3
KEVVIS_clean,352.7
KEVWUF_clean,129.5
KEWBUL_clean,554.3
KEWNUX_clean,269.4
KEWZET_clean,265.3
KEXFAU_clean,278.4
KEXFIC10_clean,234.9
KEXFIC_clean,242.7
KEYFUR_clean,799.5
KEYMUY_clean,166.9
KEYROX_clean,271.9
KEYYET_clean,119.4
KIBDEF_clean,303.3
KIBDIJ_clean,299.3
KICXAX_clean,310.7
KICXEB_clean,310.1
KIDDIM_clean,298.3
KIDDOS_clean,442.3
KIDVIE_clean,162.9
KIFJIT_charged,310.8
KIFWUT_clean,308.4
KIGCEK_clean,230.8
KIJPUQ_clean,211.7
KIJRUS_clean,278.3
KIKDAL_clean,783.3
KIKFIV_clean,357.8
KINDOC_clean,248.8
KINFAQ_clean,212.7
KINFEU_clean,281.4
KINNIG_clean,150.8
KINPUU_clean,383.3
KINQAB_clean,388.7
KINRIK_clean,674.9
KINROQ_clean,659.9
KIPJIE_clean,316.3
KIPJOK_clean,320.9
KIPJUQ_clean,393.8
KIPKAX_clean,429.3
KIPKEB_clean,404.9
KIPZEQ_clean,331.8
KIRFIA_clean,123.5
KIRTUC_clean,277.1
KISVEO_clean,145.3
KITVEQ_clean,234.8
KIVDUQ_clean,220.9
KIVFAY_clean,219.8
KIVFEC_clean,220.2
KIYMIQ_clean,273.1
KIYQEQ_clean,271.2
KIYQIU_clean,296.3
KIYQOA_clean,294.8
KIYTOD_clean,269.7
KIYXUN_clean,315.4
KOBFIR_clean,199.7
KOBRAV01_clean,479.4
KOBRAV_clean,470.1
KOCCUC_clean,193.2
KOCWEF_clean,325.5
KOFPEB01_clean,357.7
KOFPEB02_clean,355.7
KOFPEB03_clean,358.6
KOFPEB04_clean,364.0
KOFPEB_clean,355.6
KOFVOS_clean,375.6
KOGYIP_clean,205.6
KOHDIW_clean,197.1
KOHKIC_clean,606.9
KOHKOI_clean,618.3
KOHLIE_clean,503.4
KOJTOU_clean,253.9
KOJZEP_manual,246.6
KOJZIT_clean,263.1
KOJZUF_clean,480.9
KOKKOL_clean,227.9
KOMCOG_clean,334.0
KOMDAT_clean,469.7
KOMGUP_clean,185.0
KOMVIT_clean,290.0
KONCIA_clean,236.5
KONSAJ_clean,623.8
KONYOB_clean,320.7
KOQLUZ_clean,309.7
KORNAI_clean,305.1
KOSJAF_clean,195.7
KOSJEJ_clean,202.5
KOSJIN_clean,195.7
KOSJOT_clean,195.9
KOSJUZ_clean,196.5
KOSKAG_clean,196.0
KOSKEK_clean,196.5
KOSKIO01_clean,197.9
KOSKIO_clean,195.2
KOSKUA_clean,196.1
KOSLAH_clean,196.8
KOSLIP_clean,198.9
KOSLOV_clean,193.7
KOSLUB_clean,195.7
KOSMAI_clean,197.4
KOTSIX_clean,325.8
KOVJAI01_clean,291.6
KOVJAI_clean,206.1
KOXFUA_clean,352.4
KOXGAH_clean,555.4
KOXGIP_clean,408.9
KOYRAT_charged,474.9
KOZNIY_clean,173.7
KOZQEX_clean,489.0
KOZSID_clean,259.4
KOZSOJ_clean,189.8
KUBQAA_charged,486.9
KUCDIW_clean,1283.7
KUCDOD_clean,234.1
KUDLUR_clean,363.6
KUDMAY_clean,354.4
KUDWAJ_clean,435.2
KUFBEU_clean,164.8
KUFTAI_clean,322.0
KUFVAK_clean,181.6
KUGZIW_clean,266.5
KUHNEI_clean,183.8
KUJMEJ_clean,162.6
KUJMIN_clean,213.7
KUJNEJ_clean,434.1
KUJNOT_clean,598.0
KUJNUZ_clean,603.6
KUJPAH_clean,568.2
KUJTUG_clean,618.7
KUKMUA_clean,352.3
KUKPOX_clean,396.2
KUKZOH_clean,1232.7
KULLAG_clean,381.5
KULLEK_clean,381.2
KULMEK_clean,230.4
KULRIT_clean,261.0
KULZEY_clean,730.3
KUMGIK_clean,745.7
KUMGOQ_clean,176.8
KUNMUD_clean,284.7
KUNSUJ_clean,980.2
KUNWEW_clean,303.8
KUQWIE_clean,387.5
KUQXIE_clean,221.9
KUSZED_clean,120.1
KUTDAG_clean,513.9
KUTRUO_clean,624.8
KUVJIW_clean,159.2
KUVMIZ_clean,259.7
KUVMUL_clean,373.7
KUVYAD_clean,178.7
KUXLUL_clean,169.3
KUXREC_clean,153.7
KUYPIF_clean,203.2
KUZPEC_clean,353.3
KUZZAI_clean,298.5
la304204k_si_003_clean,634.8
la4012839_si_002_auto,860.0
LABJUV_clean,225.4
LABNAG_clean,231.7
LABNIO_clean,219.3
LABPOV_clean,540.9
LABPUB_clean,545.6
LABQAI_clean,542.4
LABRUE_clean,440.6
LACBID_clean,380.5
LACGED_clean,224.9
LACNUB_clean,479.4
LACQIS_clean,204.6
LACZEX_clean,144.6
LADHEF_clean,288.6
LADHIJ_clean,274.0
LADKEJ_clean,294.1
LADQEP_clean,385.4
LADQIT_clean,407.2
LADQOZ_clean,387.7
LADQUF_clean,384.6
LAFFEG02_clean,437.5
LAFQOA_clean,1589.1
LAFQUG_clean,1538.3
LAFRAN_manual,1569.3
LAFRER_manual,1488.8
LAFRIV_manual,1487.3
LAFROB_manual,1556.2
LAGBUS_clean,278.5
LAGDII_ion_b,301.7
LAGHIL_clean,281.1
LAGMUD_clean,173.7
LAGNAK_clean,177.6
LAGNEO_clean,216.7
LAGNIS_clean,215.7
LAGNOY_clean,224.4
LAGNUE_clean,219.2
LAGPAM_clean,171.7
LAGQER_clean,171.4
LAGQOB_clean,173.2
LAGTIY_clean,120.2
LAGVOG_clean,177.6
LAGWEX_clean_h,323.0
LAGWUN_clean,208.2
LAHTUM_clean,329.1
LAHVAU_clean,386.4
LAHYOL_clean,602.2
LAJJAK_clean,214.7
LAJLIT_charged,1122.0
LAJTIC_clean,102.3
LAKFIN_clean,429.8
LALFEL_clean,142.9
LALFUB_clean,224.6
LAMFEK_clean,298.6
LAMFIO_clean,187.1
LAMFOU_clean,209.7
LAMHAI_clean,172.3
LAPLEW01_clean,459.2
LAPZIO_clean,302.9
LAQNID_clean,183.9
LAQZOV_clean,268.7
LARNIE_clean,196.0
LARPEC_clean,280.6
LARPOL_charged,379.1
LARVIM_clean,248.2
LARXUA_clean,284.8
LASDEQ_clean,451.8
LASMAV_neutral,470.2
LASRAB_clean,116.5
LASREF_clean,140.3
LASRIJ_clean,126.0
LASWEJ_clean,284.3
LASWIN_clean,270.9
LASYOU_clean,299.4
LATCEO_clean,130.9
LATPIG_clean,243.7
LATYOX_clean,269.9
LAVCOD_clean,143.4
LAVCUJ_clean,93.3
LAVDOE_clean,290.1
LAVSUY_clean,151.1
LAVTAF_clean,151.5
LAVTEJ_clean,151.8
LAVTIN_clean,144.6
LAVTOT_clean,152.3
LAVTUZ_clean,142.2
LAVZOA_clean,188.6
LAVZUG_clean,129.6
LAWFOF_clean,414.0
LAWFUL_clean,403.2
LAWFUN_clean,317.5
LAWGAS_clean,411.1
LAWGEW_clean,112.7
LAWGIA_clean,112.6
LAWGOG_clean,112.4
LAWGUM_clean,112.4
LAWHOJ_clean,313.5
LAWHUP_clean,308.5
LAXJAX_clean,1488.9
LAYGAV_clean,620.5
LAZGOK_manual,269.6
LAZJIH_clean,161.1
LAZKUU_clean,368.7
LAZXOB_clean,197.3
LECFAC_clean,312.5
LECFEG_clean,314.3
LECFUW_charged,358.4
LECGIL_clean,131.8
LEDHEJ_clean,293.8
LEDHIN_clean,297.3
LEDLAJ_clean,451.9
LEDLEN_clean,302.6
LEDNEP_charged,360.2
LEDNIT_charged,331.1
LEGGEK_clean,276.3
LEGGIO_clean,639.3
LEHXUT_clean,215.7
LEJBUX_clean,110.5
LEJCAE_clean,111.7
LEJKIW_clean,235.0
LEJRIC_clean,189.2
LELDUD_clean,577.4
LELMIA01_clean,187.9
LELMIA_clean,182.2
LELROL_clean,329.2
LELRUR_clean,312.9
LEMVOP_clean,542.1
LENGAO_clean,273.8
LENKIA_clean,188.0
LEQQAA_clean,279.0
LEQQII_clean,302.2
LEQVUZ_clean,468.7
LESWAI_clean,289.7
LETDEU_clean,98.3
LETDUK_clean,148.9
LETPOR_clean,429.9
LETPUX01_clean,276.6
LETPUX_clean,274.9
LETQAE01_ion_b,305.5
LETQAE_clean,368.1
LETQEI_clean,471.1
LETRAF_clean,527.0
LEVBAQ_clean,828.4
LEVDIB_clean,195.2
LEVLEF_clean,493.3
LEVNOQ01_clean,295.7
LEVNOQ_clean,299.5
LEVPAF_clean,398.5
LEVYOC_clean,284.2
LEWMUX_clean,371.0
LEYFUS_clean,303.0
LEYPAI_clean,163.1
LEYQUD_clean,143.1
LEYRAK_clean,148.7
LEYREO_clean,142.8
LEZLAF_clean,356.5
LEZMIN_clean,209.8
LEZWUK_clean,324.6
LEZXAR_clean,327.3
LIBQIY_clean,144.4
LIBZIG_clean,204.1
LICKAL_clean,225.4
LIDWIG_clean,351.5
LIDZOP_clean,422.9
LIDZUV_clean,615.2
LIFSAW_clean,538.7
LIFSEA_clean,618.4
LIFWOO_clean,248.0
LIGHAM_clean,310.6
LIJNOJ01_clean,344.2
LIJNOJ_clean,336.7
LIKDOA_clean,198.5
LIPQOR_clean,641.2
LIQDAS_clean,312.1
LIQFEY_clean,213.2
LIQJEC_clean,210.7
LIRFIB_clean,73.6
LIRNOR_clean,679.8
LIRVAK_charged,404.2
LITCIC_clean,207.0
LITCOI_clean,400.2
LITDAV_clean,398.2
LITHUR_clean,170.9
LIVLUZ_clean,217.4
LIVTEP_charged,244.1
LIVTIT_clean,164.9
LIVWAQ_clean,146.0
LIWFOM_clean,198.3
LIWVIY_clean,175.7
LIWXIZ_clean,425.2
LIWXOG_clean,228.4
LIXWAR01_clean,300.1
LIXWAR_clean,303.9
LIXXAS_clean,192.3
LIZWEX_charged,423.8
LOBHAM_clean,329.5
LOCZIO_clean,265.5
LODKIA_clean,348.1
LODPUQ_clean,965.3
LOFVUY01_clean,662.1
LOFVUY_clean,697.6
LOFZUB_clean,406.2
LOGBAK_clean,438.8
LOGBEO_clean,420.2
LOGXEM_clean,539.4
LOJFOF_clean,657.9
LOJFUL_clean,169.1
LOJLAZ01_clean,164.5
LOJLAZ_clean,165.3
LOLREL_clean,600.6
LOLVAJ_clean,622.4
LOMLOQ_clean,203.0
LOMLUW_clean,201.3
LONVAN_clean,322.6
LONVIV_clean,311.8
LONWIW_clean,311.5
LOPZAS_clean,1814.7
LOQLEJ_manual,226.9
LOQLIN_SL,259.5
LORMOW_clean,309.7
LORROB_clean,313.2
LOSBOM_clean,280.1
LOSXIC_clean,207.1
LOTDIJ_clean,483.4
LOVLEP_clean,839.0
LOXBEH_clean,517.0
LOXKAM_clean,246.9
LOXWAY_clean,450.9
LOXWEC_clean,472.3
LUBMAW_clean,359.4
LUBNAZ_clean,270.0
LUCDAO_clean,207.3
LUCDES_clean,209.2
LUCDIW_clean,204.5
LUDCUK_clean,340.8
LUDKOM_clean,357.2
LUDKUS_clean,426.0
LUDLED_clean,772.1
LUDLIH_clean,761.5
LUDVIP_clean,269.5
LUFBUL_clean,272.8
LUFCAS_clean,279.8
LUFNAC01_clean,279.2
LUFNAC02_clean,261.7
LUFNAC03_clean,259.8
LUFNAC04_clean,259.0
LUFNAC05_clean,258.6
LUFNAC_clean,259.1
LUFNEG_clean,267.4
LUFQUZ01_clean,142.1
LUFQUZ02_clean,122.3
LUFQUZ_clean,163.0
LUJBAV_clean,285.4
LUJPUC_clean,174.7
LUJSOA_clean,249.2
LUKREO_clean,520.0
LUKRIS_clean,321.0
LULVOF_clean,479.0
LULXAS_clean,232.2
LUMDEC_clean,257.9
LUMLIQ_clean,259.2
LUMYEZ_clean,207.2
LUMYID_clean,205.4
LUMYOJ_clean,206.9
LUMYUP_clean,201.3
LUMZAW_clean,257.7
LUMZUO_clean,131.4
LUNBAX_clean,131.6
LUNBEB_clean,135.2
LUNBIF_clean,72.4
LUPTAS_clean,307.4
LUPYAX_clean,272.1
LUQGAG_clean,295.5
LURLOB_clean,196.5
LUSHIR_clean,349.3
LUSHOX01_clean,272.4
LUSHOX02_clean,269.6
LUSHOX03_clean,264.3
LUSHOX04_clean,261.9
LUSHOX_clean,213.4
LUSHUD_clean,342.6
LUSJEP_clean,336.0
LUSJIT_clean,344.1
LUSJOZ_clean,337.4
LUSYEF_clean,245.2
LUTSEA_clean,169.3
LUVTAY_clean,439.6
LUVWUU_clean,554.8
LUWMEX_clean,337.3
LUWMIB_clean,321.1
LUWMOH_clean,312.8
LUXDUE_clean,657.6
LUXFOA_clean,609.5
LUXFUG_clean,619.8
LUYBOY_clean,333.2
LUYHAP_clean,120.8
LUYSEF_clean,232.8
LUYSOP_clean,254.0
LUZBOY_clean,107.8
LUZJAT_clean,276.1
MABCUQ_clean,119.7
MABJUV01_clean,402.1
MABJUV_clean,399.6
MABKEG_clean,430.3
MABKIK01_clean,426.7
MABKIK_clean,581.1
MABLAD_clean,384.0
MACHIJ_clean,625.4
MACKAE_clean,173.3
MADVUJ_clean,312.5
MADWAQ_clean,304.1
MAFDII_SL,575.8
MAFJIO_clean,251.3
MAFLUD_clean,198.8
MAFMAK01_clean,195.0
MAFZIE_charged,333.4
MAGBAZ_clean,149.5
MAGBON_clean,264.8
MAGNEQ01_clean,117.3
MAGNEQ_clean,119.2
MAHCEG_clean,289.5
MAHCIK_clean,285.2
MAHCOQ_clean,275.3
MAHTAR01_clean,317.5
MAHTAR_clean,316.6
MAJHUC_clean,420.0
MAKFIQ_clean,230.9
MAKFOW_clean,210.1
MAKGAJ_clean,206.3
MAKHAJ_clean,203.5
MAKRAU_clean,270.1
MAKRIC_clean,266.4
MAKXAZ_clean,541.4
MALFUD_clean,166.5
MALROJ_clean,180.6
MALRUM_clean,322.3
MALRUP_clean,179.8
MALSAW_clean,180.2
MALSEA_clean,180.6
MALSIE_clean,180.2
MALSOK_clean,178.6
MALYIJ_charged,537.4
MANDUD_clean,395.8
MANLAP_ion_b,438.0
MANLIX_charged,941.5
MANLOD_manual,601.8
MAPCIP_clean,131.4
MAPCUE_clean,446.2
MAPFIS_clean,296.1
MAPLEX_clean,453.5
MAQBEO_clean,248.1
MAQBIS_clean,300.3
MAQRAA_clean,182.0
MARDAM_charged,569.8
MARJAQ_clean,186.7
MARNOL_clean,257.8
MARPOL_clean,544.9
MARXEK_clean,150.2
MASMIC_clean,149.5
MASZOX_clean,238.0
MASZUD_clean,238.2
MATBAM_clean,349.9
MATBEQ_clean,432.2
MATFIY_clean,344.2
MATPOP_clean,625.7
MATPUV_clean,335.0
MATTOR_clean,218.3
MATTUX_clean,366.4
MATWUC_clean,207.6
MATXAJ_clean,261.0
MAVFEV01_clean,166.4
MAVFEV_clean,169.3
MAVNUU_manual,294.4
MAWFAT_charged,554.8
MAWFEY_clean,534.7
MAWFIC_clean,249.7
MAWTUC_clean,220.1
MAWVAK_clean,221.6
MAXFIA_charged,232.9
MAXHOJ01_clean,147.8
MAXHOJ02_clean,149.2
MAXHOJ_clean,353.2
MAYJOM_clean,226.7
MAYKOO_clean,225.9
MAZSUD_clean,209.2
MEBMEM01_clean,230.8
MECWIB_clean,733.4
MEFJUE_clean,238.4
MEFYUT_clean,292.9
MEFZUU_manual,680.6
MEGBAD_clean,200.0
MEGBEH_manual,199.7
MEGFIN_clean,281.3
MEHMET_clean,130.9
MEJMOE_clean,394.9
MEJQEZ_clean,252.4
MEJQID_clean,249.5
MEJQOJ_clean,248.8
MEJZEI_clean,335.6
MEJZIM_clean,330.1
MEJZOS_clean,473.1
MEJZUY_clean,453.1
MEKBAH_clean,450.3
MEKDUC_clean,285.1
MEMGAN_clean,176.4
MEQHUL01_clean,200.1
MEQHUL_clean,206.6
METYIU_clean,258.7
MEWNEH_clean,242.5
MEXDEY_clean,297.1
MEXJAC_clean,86.2
MIBMER_clean,315.0
MICDEJ_clean,247.2
MIDCAF_clean,417.2
MIDSUP01_clean,170.0
MIDSUP_clean,259.8
MIFGEP01_clean,364.5
MIFGEP_clean,370.3
MIFKUJ_clean,340.2
MIFLIY_clean,180.4
MIFNUM_clean,366.0
MIFPUO_clean,342.5
MIFQOJ_clean,255.7
MIFROK_clean,372.5
MIFSAX_clean,369.2
MIFSUR_clean,423.9
MIFTEC_clean,379.1
MIFTIG_clean,377.4
MIFTUS_clean,375.9
MIFVEE_clean,364.5
MIHLAR_clean,350.6
MIHLEV_clean,261.8
MIHLIZ_clean,349.6
MIHLOF_clean,324.9
MIJHOD_clean,189.9
MIJMAU_clean,375.5
MIKDUH_clean,223.6
MIKJAR_clean,576.8
MILQIJ_clean,210.3
MILROQ_clean,757.7
MIMFOF_clean,683.3
MIMKIE_clean,175.1
MIMSOS_clean,486.1
MIMSUY_clean,417.1
MIMVEJ_clean,422.2
MINCIX_clean,232.6
MINCUJ_clean,239.8
MINVOU01_clean,150.2
MINVOU_clean,150.3
MINVUA01_SL,207.2
MINVUA_SL,225.2
MIQLII_clean,185.0
MIRLAB_clean,172.9
MISQIQ01_clean,1011.4
MISQIQ02_clean,954.3
MISQIQ03_clean,645.2
MISQIQ04_clean,960.4
MISQIQ05_clean,983.6
MISQIQ06_clean,990.7
MISQIQ07_clean,961.7
MISQIQ_clean,974.1
MITGOL_clean,201.6
MITSAK_clean,155.4
MITSIS_charged,241.0
MITSUE_clean,156.3
MITTAL_charged,326.0
MIVFEE_clean,227.1
MIVFOO_clean,218.6
MIXBAY_clean,148.5
MIXBEC_clean,303.4
MIXBIG_auto,185.0
MIXYID_clean,270.0
MIXZOK_clean,233.3
MIYWIB_clean,248.5
MIZKOW_clean,348.8
MOCKAR_clean,118.2
MOCKEV_clean,113.6
MODJOG_clean,171.6
MODMIB_clean,140.9
MODNAU_charged,408.4
MODNOI_ion_b,383.8
MODNUO_ion_b,381.5
MOFBIU_clean,525.3
MOFKUO_clean,240.7
MOFLAV_clean,583.7
MOGNAY_clean,242.1
MOGXUB_clean,229.7
MOJNAC_clean,251.5
MOLKAB_clean,304.9
MOLQEL_clean,178.1
MOLRIP_clean,231.1
MOMRIR_clean,729.3
MOMSIS_clean,246.5
MOPKEJ_clean,1175.2
MOPQIT_clean,251.3
MORFEG_clean,465.4
MORZID_clean,1198.7
MOSBIG_clean,152.7
MOSDUT_clean,288.2
MOTMAK_clean,243.7
MOTVOI_clean,238.4
MOVGUB_clean,289.9
MOVHEM_clean,285.9
MOVKOZ_clean,288.8
MOXDOT_charged,500.0
MOXKAN_clean,599.8
MOXNIY_clean,284.6
MOXNUJ_clean,161.9
MOXNUK_clean,398.2
MOXPEV_charged,368.8
MOXPIZ_charged,189.8
MOXPUL_clean,152.2
MOYMET_clean,362.9
MOYNIY_clean,493.2
MOYYEF_clean,317.7
MOYYIJ_clean,156.6
MUBQIJ_clean,777.8
MUBZOA_auto,242.7
MUBZUG_auto,257.5
MUDLON_clean,296.7
MUDTAH_clean,337.7
MUDTEL_clean,336.5
MUFXUI_clean,313.2
MUFYAP_clean,315.0
MUGFOK_clean,463.9
MUGHED_clean,280.9
MUGQAI_clean,289.8
MUHNAG_clean,252.7
MUHNUA_clean,357.4
MUHPAI_clean,265.6
MUJRIT_clean,229.1
MULQOA_clean,251.8
MULSER_clean,200.9
MULXOH_clean,291.0
MUMYAW_clean,242.7
MUNDAC_clean,166.4
MUNDEG_clean,369.1
MUNDOQ_clean,192.2
MUNLUE_clean,211.9
MUNNUF_clean,334.3
MUNPAN_clean,330.1
MUNPER_clean,331.6
MUPTAU_clean,317.9
MUQSAU_clean,275.3
MURBEI_clean,152.9
MURCAD_clean,194.3
MURCIL_clean,193.3
MURCOR_clean,198.4
MURFIQ_clean,306.3
MURTUO_clean,394.1
MUSCAG_clean,495.9
MUSCIN_clean,331.0
MUSSIE_clean,276.1
MUTDIQ_clean,256.5
MUTVUT_clean,477.0
MUVGOA_clean,296.6
MUVGUG_clean,211.5
MUVHER_clean,215.3
MUVJIX_clean,275.7
MUVLUM_clean,257.1
MUVMOG_clean,842.1
MUVNAT_clean,220.5
MUVNEX_clean,395.9
MUVROM_clean,722.9
MUWQEB_clean,208.3
MUZGAQ_clean,591.3
MUZHUL_charged,171.9
MUZKAV_clean,398.0
MUZVUA_clean,208.4
NABCEA_charged,296.1
NABMUA01_clean,221.0
NABMUA_clean,219.1
NACVUI_clean,225.9
NACYAU_clean,181.6
NACYOG_clean,314.4
NACYUM_clean,311.9
NADKEK_clean,86.6
NADNEM_clean,272.2
NADZEZ_clean,415.3
NADZID_clean,318.3
NAFSOF_clean,97.5
NAGBUU_clean,548.0
NAGCAB_clean,373.9
NAGQET_clean,285.0
NAGQOD_clean,621.7
NAHFIO_clean,704.9
NAHHAI_clean,185.5
NAHNES_clean,373.3
NAJMIV_charged,414.8
NAJQUN_clean,443.6
NAJSUP_clean,285.2
NAJTAW_clean,211.9
NAKLIW_clean,199.5
NALWOO_clean,303.6
NALYEG_clean,171.8
NAMDUD_clean,892.3
NANTII_clean,162.8
NANYUX03_clean,155.8
NANYUX_charged,242.4
NAPNEA_clean,895.1
NAPZOV_clean,179.7
NAQLAT_clean,515.2
NAQQED_clean,189.5
NAQQIH_clean,193.0
NAQQON_clean,189.4
NAQQUT_clean,194.5
NAQRAA_clean,190.0
NAQREE_clean,191.0
NARMUR_clean,278.7
NARPOO_clean,267.8
NARPUU_clean,255.9
NASREH_clean,130.5
NASRIL_clean,133.1
NASROR_clean,341.1
NATFAS_clean,300.2
NATHOH_ion_b,369.4
NATHUO_clean,294.6
NATKIF_clean,220.4
NATKOL_clean,239.3
NAVJAW01_clean,190.4
NAVJAW_clean,191.7
NAVLIG_clean,261.8
NAWDUN_clean,350.0
NAWKII_clean,369.4
NAWWUG_clean,280.8
NAWXER_clean,150.9
NAXKOO_clean,227.1
NAXLII_clean,294.3
NAYGUR_clean,171.7
NAYMOQ_clean,228.9
NAYNIK_clean,203.9
NAYPIM_clean,999.3
NAYXOC_clean,359.5
NAYZOE_clean,329.1
NAYZUK_SL,270.9
NAZZEV_clean,294.3
nchem.2258-s3_clean,291.3
ncomms11831_ncomms11831-s2_clean,587.6
ncomms11831_ncomms11831-s3_clean,525.0
ncomms7350-s2_clean,426.4
NDAIAH_clean,208.7
NEBNOZ_clean,323.7
NEDVOJ_charged,230.8
NEDVUP_clean,220.5
NEDWAW_clean,216.7
NEDWEA_clean,201.7
NEDWIE_clean,136.7
NEDXOL_clean,342.0
NEFZOO_clean,361.8
NEGMUI_clean,293.8
NEGZUW_clean,262.0
NEHGEO_clean,925.7
NEHGIS_clean,948.7
NEHMET_clean,168.4
NEHZIK_clean,252.5
NEJRUR_clean,218.1
NEJSAY_clean,406.2
NEJSEC_clean,287.4
NEJSOM_clean,244.7
NEKBEL_clean,185.3
NEKMUN_clean,337.4
NEKREB_clean,229.5
NELVAC_clean,271.6
NELVEG_clean,301.6
NENFAN_clean,904.8
NENHAQ_clean,288.0
NEPWIQ_clean,301.9
NERMON_clean,233.3
NERNON_charged,414.8
NERTAH_clean,580.0
NERVAJ_clean,720.2
NERVEN_clean,688.9
NESVAK_charged,329.7
NESVEO_charged,225.6
NETHOJ_clean_h,235.8
NETYIV01_clean,314.1
NETYIV_clean,315.4
NEVJEF_clean,323.8
NEVPOU_clean,248.6
NEVPUA_charged,297.2
NEVQAH_charged,290.5
NEVVAM01_clean,242.8
NEVVAM02_clean,252.7
NEVVAM_clean,232.5
NEVVEQ_clean,336.6
NEXDOK_charged,708.0
NEXVET_clean,398.6
NEXVUI_clean,297.3
NEXXEV_clean,334.1
NEXXIZ_clean,343.6
NEYVEU_clean,695.2
NEYYUN_clean,162.0
NEYZAU_clean,164.1
NEZWOG01_clean,248.3
NEZWOG_clean,247.7
NIBHUC_clean,235.1
NIBJAK_clean,92.8
NIBXUT_clean,304.1
NIFTIH_clean,249.6
NIGBOW_clean,147.4
NIGDEO_clean,305.0
NIGDIS_clean,300.1
NIGFIT_clean,163.3
NIGFOZ_clean,167.8
NIGFUF_clean,169.1
NIGGAM_clean,164.5
NIGGEQ_clean,170.5
NIGGIU_clean,163.3
NIGNUO_clean,403.9
NIGPEA_clean,301.7
NIHBAI01_clean,227.7
NIHBAI02_clean,227.0
NIHBAI_clean,229.5
NIHBEM01_clean,241.6
NIHBEM02_clean,241.3
NIHBEM_clean,241.7
NIHBIQ01_clean,244.4
NIHBIQ02_clean,240.5
NIHBIQ_clean,242.7
NIHVUX_clean,259.1
NIJTOR_clean,357.6
NIJZIP01_clean,204.2
NIJZIP_clean,145.1
NIJZOV_clean,139.9
NIKDAM_clean,264.6
NIKJIB_clean,392.0
NIKKIC_clean,328.6
NIKYOW01_clean,245.7
NIKYOW02_clean,243.5
NIKYOW_clean,247.2
NIKYUC01_clean,245.3
NIKYUC02_clean,242.4
NIKYUC_clean,242.1
NIKZAJ01_clean,242.5
NIKZAJ02_clean,244.9
NIKZAJ_clean,246.8
NIKZEN01_clean,239.5
NIKZEN02_clean,243.7
NIKZEN_clean,241.9
NIMPEG01_clean,195.6
NIMPEG_clean,216.5
NIMPOQ_clean,391.1
NIMTAE_clean,333.1
NIMXAK_clean,215.5
NIMXIS_clean,223.0
NINHOH_clean,71.2
NINVAI_clean,177.9
NIRGAY_clean,302.3
NISBEX_clean,468.3
NISPEL_charged,499.3
NIVZOJ_clean,167.6
NIYJAI_clean,554.5
NIYZIG_clean,253.2
NIZNAN_clean,448.1
NIZZAY_clean,429.9
NIZZEC_clean,263.9
NIZZIG_clean,208.5
NIZZOM_clean,213.8
NOBVOR_clean,278.6
NOCKOG_clean,266.2
NOCKUM_clean,315.4
NOCLOH01_clean,219.0
NOCLOH02_clean,217.1
NOCLOH03_clean,211.7
NOCLOH_clean,215.0
NOCLUN_clean,182.3
NOCYUB_clean,387.1
NOCZAI_clean,386.7
NODKAT_clean,339.7
NODKOH_clean,354.2
NODKUN_clean,183.2
NOFDUI_clean,408.4
NOFHOG_clean,198.2
NOFQAB_clean,1589.9
NOFQIK_clean,236.7
NOFQOQ_clean,234.5
NOGDAP_clean,637.5
NOHFOG_clean,185.7
NOHLAZ_clean,158.7
NOHSIM01_clean,232.4
NOHSIM_clean,184.2
NOHSUA_clean,386.4
NOKJON_clean,153.7
NOKLIJ_clean,190.0
NOKPEJ_clean,242.1
NOMQAJ01_clean,266.0
NOPJOT_clean,237.7
NOQKOV_clean,277.7
NOQKUB_clean,294.6
NORBUT_clean,936.9
NORGOS_clean,326.1
NOSHEK_clean,167.8
NOSJIQ_charged,1072.7
NOSTUM01_clean,283.8
NOSTUM_clean,208.3
NOWGIR_clean,304.9
NUBBAP_clean,213.3
NUBPIL_clean,115.2
NUCBIY_clean,835.6
NUCCEV_clean,512.3
NUCPEI_clean,186.4
NUCYAN_clean,173.0
NUCYER_clean,176.7
NUCYIV_clean,314.4
NUDLIJ_clean,202.8
NUDMAC_clean,288.5
NUDMEG_clean,283.5
NUDMOQ_clean,288.2
NUDMUW_clean,281.4
NUDNEH_clean,290.2
NUFBEX_clean,208.8
NUFBOH_clean,389.1
NUFBUN_clean,214.9
NUFCAU_clean,205.8
NUFTOY_charged,236.5
NUGRIR_clean,583.9
NUGROX_clean,631.6
NUHNUA_clean,423.0
NUHPAI_clean,338.6
NUHQAK_clean,321.7
NUHQIS_clean,482.3
NUHQOY_clean,503.7
NUHQUE_clean,480.1
NUHRAL_clean,483.0
NUHZAS_clean,382.4
NUJCEA_clean,287.7
NUJCIE_clean,289.0
NULMAJ_clean,195.9
NUNCEG_clean,324.7
NUNNUH_clean,133.1
NUNPAP_clean,130.6
NUNSIA_clean,544.7
NUNSOG_clean,527.0
NURMUJ_clean,167.8
NUTQAV_clean,112.5
NUTYEI_clean,397.8
NUTYIM_clean,419.2
NUVBIQ_clean,201.9
NUVWEH_clean,332.5
NUVXOT_clean,235.6
NUVYOT_clean,422.0
NUWBOX_clean,220.9
NUWPOM_clean,254.7
NUWVIM_clean,829.8
NUYNEC_clean,170.4
NUYQUU_clean,189.7
OBAFEF_clean,179.1
OBAFOP_clean,322.8
OBAHIL_clean,460.5
OBAHOR_clean,446.4
OBAHUX_clean,461.7
OBAJAF_clean,457.2
OBEDAA_charged,349.6
OBEDEE_clean,326.8
OBIBAF_clean,359.4
OBIBEJ_clean,276.8
OBIBOT_clean,344.8
OBODEQ_clean,164.1
OBOGUK_clean,113.9
OBONUO_charged,460.3
OBUBOC_manual,312.6
OBUFEX_clean,306.1
OBUFIB_SL,438.5
OCACUR_clean,188.4
OCAQOY_clean,295.4
OCOKUP_clean,299.5
OCUGEZ01_clean,245.5
OCUGEZ_clean,227.3
OCUMIL_clean,398.2
OCUMOR_clean,432.2
OCUNAC_manual,2604.4
OCUNAE_clean,378.0
OCUPUY_clean,248.7
OCURAG_clean,237.3
OCUSIP_clean,259.9
OCUSOV_clean,233.9
OCUSUB_clean,221.0
OCUTEM_clean,235.9
OCUVUF_clean,346.3
ODAHIK_charged,263.9
ODERIZ_clean,246.5
ODEZAB_clean,277.4
ODIMAQ_clean,198.8
ODIVUU_clean,238.2
ODIXEG_clean,192.4
ODODES_clean,457.1
ODODIW_clean,340.6
ODODOC_clean,346.9
ODODUI_clean,368.7
ODOMIF_clean,176.5
ODOXEK_clean,324.2
ODUNEH_clean,306.4
OFAWAV_clean,107.3
OFAWEZ_clean,167.9
OFEHAK_clean,216.5
OFEREX_clean,153.4
OFERUN06_clean,219.6
OFERUN_clean,288.9
OFESAU_clean,363.2
OFESEY_clean,352.5
OFESIC_clean,356.5
OFOCUI_clean,396.6
OFODET_clean,294.4
OFUCAV_clean,235.1
OFUCEZ_clean,215.8
OFUYUL_SL,294.5
OGAGAF_clean,275.5
OGAGEJ_clean,197.0
OGAGIN_clean,337.9
OGAXUR_clean,304.3
OGEBAF01_clean,252.0
OGECOU_clean,306.6
OGIBOV_clean,1352.0
OGIBUD_clean,183.2
OGIKAR_clean,1080.2
OGIYOT_charged,337.2
OGIYUZ_clean,323.1
OGOJOJ_charged,430.0
OGOWAJ_clean,343.8
OGUJIL_clean,333.1
OGUPIQ_clean,455.0
OGURAK_charged,234.9
OHAKEO_clean,245.6
OHAKIS_clean,289.2
OHIHET_clean,371.1
OHOMIH_clean,249.4
OHUMEL_clean,1339.9
OJAZOP_clean,681.4
OJICEQ_charged,523.4
OJICUG_clean,161.9
OJIDAN_clean,368.9
OJIWAG_clean,311.5
OJIWIO_clean,331.2
OJONOQ_clean,114.5
OJORUC_clean,242.9
OKABAE_clean,194.8
OKABEI_clean,200.5
OKAYAC_clean,606.5
OKAYEG_clean,632.7
OKAYOQ_clean,237.7
OKAYUW_clean,236.5
OKAZAD_clean,239.7
OKELOH_clean,225.2
OKIJUO_charged,277.9
OKIKAV_charged,274.9
OKIKEZ_charged,289.5
OKILEA_clean,206.2
OKIQEG_clean,435.5
OKITAE_clean,204.7
OKITIM01_charged,334.4
OKITIM02_charged,337.0
OKITIM_charged,328.8
OKIVAG01_charged,336.7
OKIVAG_charged,333.8
OKIVIO01_charged,333.8
OKIVIO02_charged,345.1
OKIVIO_charged,340.9
OKIVUA_clean,283.6
OKIWEL01_charged,338.7
OKIWEL02_charged,334.7
OKIWEL_charged,350.2
OKIWUB01_charged,323.3
OKIWUB02_clean,286.7
OKIWUB_charged,319.2
OKIXIQ01_charged,326.7
OKIXIQ02_charged,353.1
OKIXIQ_charged,354.0
OKIYAJ01_clean,285.2
OKIYAJ_charged,334.7
OKIYIR01_charged,327.8
OKIYIR02_charged,341.2
OKIYIR03_charged,343.8
OKIYIR_charged,346.1
OKOSUE_clean,317.8
OKUKOW_clean,859.1
OKUSUK_clean,757.0
OKUTAR_clean,738.9
OKUTEV_clean,763.6
OLAGIR_clean,379.5
OLANAS_clean,283.4
OLANEW_clean,366.8
OLAQOI_clean,609.0
OLEKUM_manual,555.5
OLICIX_clean,841.0
OLOGEC_clean,365.3
OLOPEM_clean,795.6
OLOYOF_clean,264.1
OLUCAZ_clean,252.9
OLUROC_clean,373.0
OLURUI01_charged,327.8
OLURUI_charged,307.9
om701262m-file004_clean,344.9
OMAMEU_clean,222.1
OMIMEE_clean,1453.5
OMIPAD_clean,693.6
OMIPEH_clean,1071.8
OMITUB_clean,1102.7
OMOVET_clean,236.4
OMUSAS_clean,119.1
ONEJUN_clean,326.5
ONEYOW_clean,288.6
ONUKAL_clean,262.1
ONUQOE_clean,482.1
OPAGIX_clean,347.9
OPAMOI_clean,173.4
OPENUT_clean,183.8
OPIFUQ_clean,829.7
OPINIL_clean,127.9
OPIPUZ_clean,441.5
OPIWEQ_clean,353.3
OPIXUI_clean,525.7
OPIYAP_clean,343.5
OPOBIF_clean,362.2
OPOZEZ_clean,269.0
OPUDOT_clean,309.9
OQANIE_clean,285.1
OQEPUW_clean,430.8
OQEROS_clean,252.1
OQERUY_clean,325.2
OQESAF_clean,250.7
OQESEJ_clean,248.6
OQETEK_clean,101.3
OQIQEM_clean,190.8
OQIQIQ_clean,192.7
OQIQOW_clean,190.1
OQIQUB01_charged,412.6
OQIQUB_charged,452.6
OQIRAI_charged,381.0
OQIZUL_clean,782.8
OQOJUB_clean,355.9
OQUCOU_clean,273.7
OQUFAJ02_clean,300.8
OQUFAJ04_clean,260.6
OQUFAJ_clean,260.3
OQUFOX_clean,268.0
OQUGUE_clean,317.4
OQUWUU_clean,1192.5
OQUXAB_clean,437.2
OQUXEF_clean,459.4
OQUXIJ_clean,462.7
OQUZIL_clean,433.5
ORAGEU_clean,230.8
ORAGOF_clean,355.4
ORAQUU_clean,639.2
OREZES_clean,267.2
ORIBAU_clean,160.0
ORIVOC_clean,356.9
ORIVUI_clean,349.1
ORIWAP_clean,349.4
ORIWET_clean,360.4
OROKEN_clean,214.5
OROLUD_clean,207.3
ORUKET_clean,190.8
ORUKOD_clean,507.3
ORULEU_clean,319.6
OSAVEK_clean,179.3
OSAVUA_clean,167.5
OSAWEL_clean,223.6
OSIKIL_clean,421.9
OSIKUX_clean_h,435.2
OSILOS_charged,297.9
OSIWUJ_clean,323.2
OSIXEU_clean,320.1
OSIXIY_clean,453.0
OSOTUN_clean,1244.0
OSUVIJ_clean,415.6
OSUWEF_clean,792.4
OTABES_clean,112.5
OTALUS_clean,912.4
OTAQAD_clean,128.9
OTATOT_clean,235.0
OTAVAH_clean,244.7
OTAVOV_clean,242.1
OTAVUB_clean,236.2
OTAWIR_clean,271.7
OTECAT_clean,555.2
OTEGUR_clean,171.9
OTEHAY_clean,168.5
OTIBUQ_clean,173.2
OTIJAE_clean,441.9
OTIPAK_clean,370.8
OTIPEO_clean,260.5
OTIPUE_clean,303.1
OTIQAL_clean,285.5
OTODEI_clean,542.1
OTODOS_clean,534.7
OTOLIU_clean,388.7
OTOVAW_clean,314.2
OTOVIE_clean,268.6
OTUDEO_clean,214.2
OTUDIS_clean,227.9
OTUXUX_clean,872.9
OTUYEJ_clean,162.1
OVEHUT_clean,213.7
OVEJIJ_clean,166.8
OVEXOD_clean,556.8
OVICUS_clean,334.4
OVIWIA_clean,171.1
OVIZID_clean,392.7
OVUCOY_clean,223.5
OVUDAL_clean,212.5
OWAVIS_clean,340.1
OWAVOY_clean,255.4
OWETIU_clean,291.2
OWEYOF_clean,473.3
OWIHEJ_clean,170.6
OWIHIN_clean,169.8
OWIHOT_clean,170.1
OWIHUZ_clean,168.6
OWIJAH_clean,168.6
OWIJEL_clean,168.8
OWIJIP_clean,170.9
OWIJOV_clean,171.6
OWILAJ_clean,330.5
OWIYUP_clean,1232.0
OWIZAW_clean,218.6
OWUWOU_clean,523.7
OWUWUA_clean,522.3
OXALAB_clean,198.4
OXALEF_clean,200.3
OXALIJ_ion_b,216.1
OXALOP_clean,228.6
OXALUV_SL,295.4
OXAPEJ_charged,408.6
OXEVOE_clean,195.1
OXITOF_clean,181.3
OXOLAP_SL,315.7
OXOZUY_clean,548.2
OXUPUT_clean,214.7
OYEJOS_clean,337.7
OYERER_clean,158.3
OYERIV_clean,307.3
OYEROB_clean,258.2
OYERUH_clean,385.9
OYEWEW_clean,205.1
OYEWIA_clean,160.6
OYIVEY_clean,233.0
OYIVIC_clean,207.1
OYIVOI_clean,215.5
OYOSAX_clean,331.9
OYUSAD_charged,256.0
OZAVES_clean,169.6
OZAVOC_clean,187.5
OZAVUI_clean,185.1
OZUKOL_clean,289.7
OZUKUR01_clean,263.5
OZUKUR_clean,298.0
OZULAY_clean,289.9
OZULUS_clean,361.1
OZUMAZ01_clean,366.3
OZUMAZ_clean,353.7
OZUMIH_clean,358.2
PACGIM_clean,421.0
PACZOK_clean,483.4
PACZUQ_clean,361.0
PADBAZ_charged,334.9
PAFMUH_clean,293.1
PAHPOG_clean,443.0
PAJSAX_clean,250.8
PAKFAL_clean,370.1
PAKFEP_clean,362.0
PAKXIK_clean,319.0
PALTON_clean,425.5
PAMHIW_clean,378.3
PAMTII_clean,187.7
PAMTOO_clean,186.8
PAMTUU_clean,191.1
PAMVEG_clean,281.8
PANYOU_charged,411.4
PAPROO_clean,358.0
PAPRUU_clean,340.4
PAPVAF_clean,306.4
PAPXUB_clean,351.6
PAQMEB_clean,214.4
PAQVEK_clean,324.6
PARHAS_clean,140.0
PARHEW_clean,140.1
PARKUQ01_clean,162.1
PARKUQ_charged,253.7
PARMIG_clean,448.3
PARNIH_clean,231.5
PARNON_clean,326.9
PASMUT_clean,266.9
PASNAA01_clean,302.0
PASNAA_clean,301.1
PASTOU_clean,421.9
PATNAB_clean,128.8
PATWOY_clean,276.4
PAVKIH_charged,559.4
PAVLOO_clean,266.2
PAVMAB_clean,249.9
PEBNEP_clean,458.0
PECLEP_clean,452.5
PEDMER_clean,210.0
PEDMOB_clean,313.9
PEDRIA_clean,412.7
PEFJUF_clean,164.6
PEFRID01_clean,419.1
PEFRID_clean,293.9
PEFRUP01_clean,440.4
PEFRUP_clean,290.8
PEFSUQ_clean,300.6
PEGBAG_clean,341.0
PEGBUA_clean,355.1
PEGCAH_clean,346.6
PEGCEL_clean,346.3
PEGCIP_clean,374.1
PEGPOI_clean,316.6
PEGQID_clean,208.3
PEGQOJ_clean,213.3
PEGQUP_clean,220.9
PEHQID_neutral,401.8
PEHTON_clean,526.1
PEJFOA_clean,814.8
PEJFUG_clean,651.5
PEJMOI_clean,209.4
PEJMUN_charged,429.9
PEJNUP_clean,169.4
PEJPAX_charged,202.2
PEJPIF_charged,294.9
PEKCUF_clean,343.9
PEKDAM_clean,249.1
PEKZIP_clean,245.1
PELGOE_clean,268.5
PELQII_clean,363.5
PELRIJ_clean,312.9
PELXIP_clean,335.5
PEMGIZ_charged,443.2
PEMREG_clean,356.3
PEMRIK_clean,348.7
PENNAZ_clean,264.9
PENNON_clean,154.1
PENNUT_clean,417.5
PENYIR_clean,279.2
PENZIS_clean,204.4
PEPBAO_clean,280.5
PEPFAT_clean,520.3
PEPKOL_clean,397.9
PEPKUR_clean,339.7
PEPLAY_clean,191.4
PEPLEC_clean,201.3
PEPLIG_clean,193.3
PEPLOM_clean,198.7
PEQRUZ_clean,269.9
PEQWAK_clean,264.2
PESTUD_clean,349.5
PETWOC_clean,254.9
PEVFON_clean,263.4
PEVLIN_clean,234.5
PEVQIS_clean_h,426.8
PEVQOY_clean_h,436.0
PEVXAQ_clean,349.3
PEWGEF_clean,190.3
PEWLUA_clean,231.5
PEWXUL01_clean,425.1
PEWXUL_clean,426.8
PEXFAA_clean,131.5
PEXTUI_clean,177.0
PEYPAM_SL,538.4
PEYPIU_clean,404.0
PEYSIW_clean,417.0
PEYVEV_clean,230.4
PEZCII_clean,329.9
PIBGAK_clean,211.4
PIBNUK01_clean,368.8
PIBNUK_clean,374.7
PIBPAS01_clean,313.1
PIBPIA_clean,367.6
PICTIG_clean,206.9
PIDMEV01_clean,252.4
PIDMEV_clean,239.6
PIGXUZ_clean,408.8
PIHNUQ_clean,413.1
PIHWAG_clean,219.8
PIHWOU_clean,188.9
PIJDIX_clean,200.6
PIJJEZ_clean,2966.8
PIJJOI_clean,286.3
PIJROR_clean,233.9
PIQFIG_clean,163.5
PIQMOT_clean,393.0
PIQMUZ_clean,396.3
PITPEP_clean,381.9
PIWSEV_clean,311.5
PIYZAZ_clean,77.9
PIYZED01_clean,131.6
PIYZED02_clean,134.5
PIYZED03_clean,134.3
PIYZED_clean,137.7
PIZHOX_clean,188.3
PIZNOB_clean_h,181.8
PIZPAP_clean_h,235.7
PIZPET_clean_h,232.7
PIZPIX02_clean,220.7
PIZPIX_clean_h,232.5
PIZPOD_clean_h,234.4
PIZQUM_clean,316.2
PIZRAT_clean,302.9
PIZRUN_clean,304.0
PIZSAU_clean,304.5
POBMOJ01_clean,377.9
POBNEA_clean,107.7
POBVIN_clean,610.9
POBYAH_charged,319.2
POCPAZ_clean,461.5
PODKOK_clean,376.9
PODKUQ_clean,405.9
PODVIP_clean,402.3
PODXEN_clean,539.9
POFGUO_clean,489.6
POFSIN01_clean,137.7
POFSIN02_clean,131.1
POFSIN03_clean,132.0
POFSIN04_clean,131.2
POFSIN_clean,131.3
POHCOG_clean,219.8
POHWIU_clean,156.5
POKGEC_clean,241.0
POKSAL_clean,416.2
POKSEP_clean,421.2
POKSIT_clean,412.0
POKSOZ_clean,410.7
POKTIU_clean,373.1
POKVAO_clean,408.3
POLBEX_clean,894.7
POLBIB_clean,132.8
POLBUN_clean,685.3
POLDOK_clean,435.8
POLDUQ_clean,431.3
POLYEW_clean,468.0
POMMAH_clean,197.6
POMSER_clean,310.8
POMSOB_clean,244.9
PONPOX_clean,838.3
PONSOC_clean,486.9
PORGAE_clean,361.2
PORLAL_clean,282.4
PORLEP_clean,470.5
PORVID_clean,215.2
PORVUO_clean,247.4
POSFIO_clean,344.0
POSGAH_clean,183.6
POTNET_clean,235.0
POTREX_clean,381.2
POYPAW_clean,409.5
POZHUI_ion_b,197.2
PUDSIR01_clean,183.1
PUDSIR_clean,182.8
PUDSOX_clean,182.3
PUDSUD_clean,187.3
PUFRIR_clean,248.4
PUGGOP_clean,339.4
PUGPEO_clean,175.7
PUGSER_clean,362.4
PUGSOB_clean,422.7
PUGSUH_clean,383.8
PUJJEL_clean,366.4
PUJQEQ_clean,337.6
PUKSUL_clean,107.1
PUKVAU_clean,332.8
PULMIU_clean,329.4
PUMDIM_clean,204.2
PUMGIP01_clean,464.5
PUMNIV_clean,117.6
PUMNOB_clean,117.2
PUNSIB_clean,403.0
PUPHUE_clean,454.9
PUQDOW_clean,437.3
PUQXUV_clean,389.8
PUQYAC_clean,392.2
PURJES_clean,569.4
PURJIW_clean,401.1
PURNEX_clean,404.3
PURNIB_clean,544.5
PURSOK_clean,213.2
PUSXIL_charged,181.5
PUTYAE_charged,312.5
PUTYEI_clean,226.1
PUVJOG_clean,165.4
PUWCUF_clean,224.2
PUWDAM_clean,232.2
PUWDEQ_charged,259.9
PUWDIU_clean,234.6
PUWDOA_clean,341.7
PUWVAG_clean,317.7
PUWXAH_clean,332.8
PUYHOI_clean,186.7
PUYZUF_clean,181.1
PUZJOL_clean,185.5
PUZKOM_clean,328.4
PUZKUS_clean,229.6
PUZLAZ_clean,178.8
PUZLUS_clean,330.8
PUZMAZ_manual,1493.4
PUZTOV_clean,409.5
PYDCUT_clean,140.1
QADBII_clean,300.5
QADWEA_clean,230.9
QADWIE_clean,228.4
QADWOK_clean,232.9
QADWUQ_clean,232.2
QADXAX_clean,228.6
QAGDIO_clean,239.5
QAGQEW_clean,560.1
QAGTOH_clean,362.0
QAHQOH_clean,245.0
QAJKIV_clean,744.0
QALGUH_SL,157.7
QALHAO_clean,628.4
QALHES_clean,589.1
QALHIX_clean,366.0
QALWUV_clean,287.6
QAMVEH01_clean,290.0
QAPQEE_clean,214.5
QAQHOG_clean,414.2
QAQMON_clean,225.1
QAQNOO_clean,269.7
QAQRUW_clean,288.2
QAQSAD_clean,220.8
QARCET_clean,319.2
QASSUZ_clean,221.2
QATHOK_clean,304.2
QATKII_clean,263.6
QATKOO_clean,259.0
QATLEE_clean,950.2
QATPOR_clean,432.8
QATVUE_clean,343.7
QATXIU_clean,594.2
QAVBUL_clean,207.1
QAVPIO_clean,507.0
QAVWAN_clean,408.4
QAWDID_clean,69.4
QAWPIO_clean,197.0
QAWREM_clean,333.1
QAWRIQ_clean,336.6
QAYTOZ_charged,432.1
QEBGAH_clean,252.7
QEBGEL_clean,315.6
QEBKUF_SL,399.7
QEFNAQ_clean,229.0
QEFWUV_clean,190.8
QEGGUE_charged,730.2
QEGHEP_clean,805.0
QEJYIP_clean,283.6
QEPZOB_clean,272.1
QEPZUH_charged,405.3
QEQZUH_clean,346.7
QERWAL_clean,330.2
QERZUI01_clean,344.4
QESLOQ_clean,187.3
QESYOD_clean,266.2
QETCUO_clean,225.7
QETHUT_clean,1066.9
QEVKOS_clean,323.4
QEWDON_clean,252.5
QEZZOL_clean,267.0
QIBTAW_charged,876.3
QIBTEA_charged,949.3
QIGBIR_clean,106.5
QIHXIQ_clean,216.2
QIJLAW_clean,143.9
QIPROY_clean,183.0
QIQTAN_clean,368.1
QIQZIB_clean,280.0
QIRWAR_clean,223.2
QIRYAS_clean,227.8
QISNAJ_clean,107.6
QISNEN_clean,106.6
QISNIR_clean,107.9
QITDOO_clean,413.7
QITXAU_clean,264.8
QITYOI_clean,244.1
QIVJAG_clean,115.7
QIVQAP_clean,1736.5
QIVYUR_clean,409.8
QIWCOQ_clean,318.3
QIWDOR_clean,353.2
QIWGOU_clean,677.4
QIWPET_clean,211.0
QIXNES_clean,183.4
QIXNIW_clean,180.3
QIXSOG01_clean,96.7
QIXSOG_clean,96.7
QIYDAF_clean,306.7
QIYDEJ_clean,321.9
QIYDIN01_clean,800.4
QIYDIN_clean,100.2
QIYDOT_clean,115.3
QIZLIW_clean,356.6
QOBGEV_clean,257.0
QOBPEE_clean,578.3
QOCBUH_clean,506.1
QOCRUW_clean,158.2
QOCSAD_clean,177.4
QOCSEH_clean,158.5
QODHUO01_clean,651.1
QODHUO02_clean,624.5
QODHUO03_clean,624.4
QODHUO04_clean,616.1
QODHUO05_clean,636.6
QODHUO06_clean,629.7
QODHUO07_clean,623.0
QODHUO08_clean,628.5
QODHUO09_clean,614.5
QODHUO10_clean,627.5
QODHUO11_clean,611.3
QODHUO12_clean,657.4
QODHUO13_clean,631.1
QODHUO_clean,633.6
QODPOQ_clean,627.3
QODQEH_clean,615.9
QODSUZ_clean,630.4
QOFBIY01_clean,593.5
QOFBIY02_clean,633.3
QOFBIY_clean,614.7
QOFCAR_clean,623.4
QOFCIZ_clean,630.6
QOFCOF_clean,651.1
QOFDAS_clean,633.0
QOFDEW_clean,628.8
QOFDIA01_clean,638.2
QOFDIA02_clean,628.2
QOFDIA05_clean,618.9
QOFDIA06_clean,636.1
QOFDIA07_clean,630.0
QOFDIA08_clean,632.0
QOFDIA_clean,613.6
QOFDOG_clean,619.6
QOFKUT_clean,318.9
QOFLAA_clean,152.8
QOFPAE_clean,123.7
QOHTUD_clean,293.5
QOHYET_clean,377.1
QOJTUE_clean,157.2
QOJVAM_clean,189.0
QOKCID_clean,402.1
QOKKAE_clean,213.9
QOLVET_clean,1195.0
QOMDUS_clean,220.4
QOMFEE_clean,394.2
QOMRUH_clean,187.0
QOMSAO_clean,184.3
QOMSES_clean,184.7
QOMTET_clean,371.6
QONKUB_clean,186.2
QONLAI_clean,189.5
QONLEM_clean,186.9
QONLIQ_clean,200.5
QONQAM_clean,163.5
QONQEQ_manual,209.5
QOPCEE_clean,247.8
QOPDEE_clean,268.1
QOPPES_clean,203.8
QOPPOC_clean,275.3
QOPZIF_clean,198.4
QOQWOK01_clean,245.9
QOQWOK_clean,250.9
QOSJEP_clean,298.5
QOSJIT_clean,333.3
QOSJOZ_clean,337.0
QOSJUF_clean,341.0
QOSKAM_clean,350.6
QOSXOM_clean,428.6
QOTZEG_clean,197.5
QOVDAH_clean,349.3
QOVDEL_clean,360.3
QOVSOL_clean,509.9
QOWLEU_clean_h,208.2
QOWQUO_manual,390.0
QOWRAV02_clean,862.8
QOWRAV04_clean,888.4
QOWRAV05_clean,896.5
QOWRAV06_clean,886.1
QOWRAV07_clean,872.3
QOWRAV08_clean,910.0
QOWRAV09_clean,929.1
QOWRAV10_clean,913.8
QOWRAV11_clean,976.4
QOWRAV12_clean,884.3
QOXFIU_clean,329.2
QOXNIB_clean,341.2
QOYLOG_clean,257.3
QOZDOY_clean,544.1
QOZFUG_charged,457.1
QOZGAP_clean,212.6
QOZPIG_clean,205.2
QOZPOM_clean,250.0
QOZWAF_clean,788.2
QUBWIU_clean,265.4
QUBZAP_clean,431.6
QUDGED_clean,363.1
QUDJIJ_clean,231.1
QUDJOP_clean,249.0
QUFTAM_clean,283.4
QUGPAJ_charged,309.4
QUJJUC_clean,289.4
QULLEP_clean,239.5
QULMIU_clean,240.8
QUMFUB_clean,182.1
QUNVIG_clean,684.4
QUNWAZ_clean,383.5
QUPDEL01_clean,252.5
QUPDEL_clean,298.2
QUPHUF_clean,476.4
QUPJAN_clean,380.4
QUQBAH_clean,370.7
QUQFIS_clean,226.8
QUQFOY_clean,222.2
QUQGAL_clean,209.2
QUQHAM_clean,310.0
QUQPOI_SL,181.8
QUQWOQ_clean,172.6
QUQWUW_clean,238.8
QUQYUY_clean,368.5
QURSEC_clean,432.0
QUSBIP_clean,227.8
QUSBIQ_charged,306.4
QUSCAJ_clean,324.1
QUSCEN_clean,624.5
QUSHUJ_clean,652.0
QUSQIG_clean,561.8
QUSRIH_clean,271.1
QUSRUT_clean,173.0
QUSSII_clean,295.3
QUTTII01_clean,179.6
QUTTII_clean,193.0
QUWYEO_clean,661.8
QUXQUX_clean,595.1
QUXRAE_clean,613.6
QUXREI_clean,610.5
QUXRIM_clean,583.6
QUXROS_clean,621.1
QUXRUY_clean,617.9
QUZVEO_clean,144.2
QUZZES_clean,291.7
RABHAZ_clean,321.5
RABHIH_clean,306.3
RACHUA_clean,1033.6
RACZEC_clean,337.3
RAFNIV_clean,389.6
RAFNUH01_clean,389.8
RAFNUH_clean,198.2
RAGMOE_clean,285.9
RAGREY_charged,235.8
RAHBUZ_clean,232.7
RAHMAP_clean,193.4
RAHNOF_clean,362.8
RAJFAM_clean,275.2
RAJFEQ_clean,279.1
RAKCUC_clean,247.2
RAKDAJ_clean,398.7
RAKDEN_clean,261.0
RAKMOF_clean,115.0
RANNOM_clean,263.1
RANNUS_clean,258.2
RANPAA_clean,258.6
RANWAH_clean,817.6
RAPBOZ_clean,185.3
RAPYUE_clean,150.5
RASGAT_clean,135.7
RASKIH_clean,398.4
RASKON_clean,227.2
RASXEP01_clean,210.1
RASXIT_clean,218.3
RATRUB_clean,209.3
RATSAI_clean,218.6
RAVJOP_clean,539.1
RAVVIU01_clean,244.8
RAVVIU_clean,240.0
RAVVUH_clean,193.8
RAVWAO_clean,289.3
RAVWES_clean,229.3
RAVWIW_clean,148.5
RAVWOC_clean,152.8
RAVWUI_clean,183.4
RAVXAP_clean,282.5
RAVXET_clean,291.8
RAVXIX_clean,372.9
RAVXOD_clean,450.8
RAWZIA_clean,309.3
RAXCAW_charged,289.4
RAXQEO_clean,327.8
RAYFAA_clean,341.4
RAYFEE_clean,227.0
RAYKIN_clean,395.8
RAYLAG_clean,406.8
RAYLOU_clean,395.3
RAYMAG_clean,246.0
RAYMIP_clean,243.2
RAYMOV_clean,238.6
RAZGOQ_clean,259.9
RAZXIA02_clean,257.6
RAZXIA_clean,319.3
RAZYIC_clean,265.7
RAZYOI_clean,216.1
REDROI_clean,287.9
REDYEG_clean,282.8
REFJET_clean,256.0
REFTON_SL,348.9
REFTUT_clean,348.3
REGJIW01_clean,256.0
REGJIW02_clean,250.3
REGJIW_clean,258.2
REGMOH_clean,551.1
REGMUN_clean,532.5
REGQUR_clean,209.4
REGRAY_clean,188.8
REGREC_clean,323.3
REGRIG_clean,229.3
REHHOD_clean,275.6
REHVAD_clean,561.8
REHVEH_clean,554.8
REJLAU_clean,341.2
REJLEY_clean,269.2
REJLIC_clean,296.0
REJVOS_clean,239.0
RESQAJ_clean,367.9
RESSAK_clean,281.5
RETBEZ_clean,435.4
REVYUO_clean,386.0
REWLEM_clean_h,316.0
REWNEO01_clean,232.9
REWNEO_clean,237.7
REWSUJ_clean,309.9
REXCII_clean,181.8
REXCOO_clean,180.2
REXCUU_clean,178.9
REXDEF_clean,181.0
REXDIJ_clean,183.5
REXDOP_clean,180.7
REXDUV_clean,184.1
REXFAD_clean,176.9
REXFEH_clean,181.1
REXFIL_clean,184.9
REXFOR_clean,184.8
REYBAA_clean,334.4
REYJEM_clean,266.7
REYMOZ_clean,757.2
REYPES_clean,538.8
REYPIW_clean,273.2
REZVAU_clean,292.9
REZXEA_clean,124.1
REZXIE01_clean,159.6
REZXIE_clean,160.5
REZXOK_clean,98.8
REZXUQ_clean,118.6
RIBDAJ_clean,174.7
RIBDEN_clean,182.8
RIBTAZ_clean,247.6
RICBEM_clean,281.1
RICHIV_clean,235.8
RIDCEN_charged,487.2
RIDKOE_charged,396.9
RIFDUG01_clean,173.9
RIFGAQ_clean,831.5
RIFMIE_clean,311.7
RIFQUT_clean,272.5
RIFSOQ_clean,1530.4
RIGPEE01_clean,386.1
RIGPEE_clean,315.1
RIGTIL_clean,196.0
RIGVOU_clean,252.9
RIGWIP_clean,243.3
RINPEJ_charged,574.2
RINSEM_clean,109.7
RIPKIM01_clean,316.4
RIPKIM_clean,323.2
RIPNIP_clean,282.0
RIPTEQ_clean,226.0
RIRDED_clean,600.0
RITGIM_clean,271.8
RIVDEF_clean,361.3
RIWMUH_clean,480.6
RIWSUM_clean,362.1
RIXBEG_clean,560.3
RIXBIK_clean,486.8
RIXPIZ_clean,206.6
RIYBAE_clean,398.6
RIYBEI_clean,501.6
RIYBIM_clean,500.2
RIYBOS_clean,498.9
RIYWED_clean,465.8
RIYWIH_clean,406.4
RIYXIG_clean,238.3
ROBWAH_clean,289.5
ROCZAM_clean,240.4
ROCZEQ_clean,240.7
ROCZIU_clean,145.6
ROCZOA_clean,190.9
ROCZUG_clean,191.2
RODBAP_clean,189.1
ROGLOP_clean,336.4
ROGSAI_clean,264.2
ROLZEZ_clean,288.2
ROMQAN_clean,399.0
RONCIG_clean,141.8
RONSIY_clean,446.0
RONSOC_clean,127.5
RONWIA_clean,141.7
RONZID_clean,95.3
ROQVIE_clean,196.0
RORLIV_clean,176.8
RORRIB_clean,280.5
RORTAV_clean,474.6
RORVAX_clean,190.2
ROTQIC_clean,399.3
ROTTOL_clean,267.6
ROYJUM_clean,224.1
ROYREE_clean,234.2
ROYRII_clean,269.9
ROYROO_clean,272.1
RUBDUP_clean,135.6
RUBGUS_clean,294.8
RUBTAK01_SL,273.3
RUBTAK02_SL,250.9
RUBTAK03_auto,428.7
RUCGOM_clean,463.1
RUFDUT_clean,278.8
RUFRIV_clean,424.0
RUFTET_clean,326.1
RUFZID_clean,345.7
RUGKOV_clean,178.5
RUGXOI01_clean,286.5
RUGXOI_clean,215.1
RUGYOJ_clean,331.9
RUGZAW_clean,330.1
RUHCED_SL,245.8
RUHFEH_clean,122.1
RUHFIL_clean,122.3
RUHFOR_clean,124.4
RUHFUX_clean,119.5
RULBOQ_clean,278.0
RULQIY_clean,144.2
RULVUP_clean,373.8
RULXOM_clean,375.9
RUMRUO_clean,242.2
RUNXUV_clean,348.7
RUPTED_clean,168.1
RUPVAB_clean,486.8
RURPAW_clean,142.2
RURPEA_clean,149.6
RUSHIY_clean,1507.9
RUSWIN_clean,262.3
RUSWOT_clean,262.3
RUSWUZ_clean,261.1
RUSXAG_clean,263.1
RUSXEK_clean,261.0
RUTNOK_manual,191.5
RUVBOB_clean,337.4
RUVCES_clean,95.7
RUVKAV_clean,124.7
RUVMAX_clean,292.2
RUVMUR_clean,194.7
RUWWOW01_clean,246.7
RUWWUC_clean,272.3
RUWXAJ_clean,211.0
RUWXEN_clean,196.3
RUWZIU_clean,575.1
RUWZOA_clean,648.9
RUWZUG_clean,705.3
RUYNIK_clean,264.3
RUYQIN01_clean,502.7
RUYQIN02_clean,484.2
RUYQIN03_clean,486.1
RUYQIN_clean,518.6
RUYQOT_clean,494.2
RUYTIQ_clean,493.1
RUYTUC_clean,503.2
RUYVAK_clean,494.3
RUYVEO_clean,347.6
RUYVIS_clean,217.5
RUYZUH_clean,228.0
RUZCOF_clean,163.0
RUZDAS_clean,130.2
S2052520616005515_bm5080sup1_clean,191.4
S2056989016007027_zl2661sup1_clean,228.0
SABKIS_clean,187.0
SABVOH01_clean,197.3
SABVOH_manual,199.8
SABVUN_clean_h_min,425.7
SACDOR_clean,452.1
SADLEQ_clean,157.0
SADLIU_clean,153.4
SADMUH_SL,157.0
SADVEB_clean,410.8
SAHXAD_clean,151.7
SAHYAD01_charged,330.8
SAHYAD02_charged,320.3
SAHYAD03_charged,326.2
SAHYAD_charged,320.2
SAHYIL_charged,324.6
SAJDIT_clean,309.8
SAJRAW10_clean,135.1
SAJRAW_clean,129.7
SAJRUT_clean,264.8
SAJSAA_clean,385.4
SAKRAZ_clean,189.4
SAKRED_clean,193.9
SALXEL_clean,328.3
SALXIP_clean,344.9
SALZAH_clean,334.0
SAMLAV_manual,192.3
SAMVEK_clean,190.4
SANGEW_clean,318.6
SANGUM_clean,280.5
SANHIB_clean,315.5
SANHOH_clean,279.7
SANHUN_clean,311.5
SANJAV_clean,334.4
SAQQAD_clean,164.8
SAQQEH_clean,168.0
SAQQIL_clean,170.2
SAQQOR_clean_h,165.4
SAQSOU_clean,476.6
SARGID_clean,350.6
SARGOJ_clean,361.0
SARGUP_clean,197.4
SARHAW_clean,191.3
SARHEA_clean,194.9
SARMEE_clean,536.7
SARNOQ_clean,214.9
SARTIR_clean,196.4
SATRIP_clean,154.5
SATROV_clean,191.2
SAXLEK_clean,103.5
SAXRIS_clean,294.3
SAYTOD_clean,103.4
SAYTUJ_clean,99.2
science.1056698_manual,423.6
SEFSOM_clean,359.0
SEFVAC_clean,258.1
SEFVEG02_clean,248.4
SEFVEG_clean,248.0
SEFVUW_clean,264.7
SEFWEH_clean,259.6
SEFWIL_clean,260.1
SEFWOR_clean,254.6
SEGBIR_clean,259.1
SEGMEW_clean,247.5
SEHNID_clean,332.1
SEHSII_clean,153.4
SEHSUU_clean,162.0
SEHTAB_clean,164.3
SEHTEF_clean,163.9
SEHVOQ_clean,171.6
SEHXIN_clean,148.1
SEHZUB_clean,281.2
SEJBAL_clean,273.6
SEMFEX_charged,757.8
SEMFIB_charged,671.1
SENVIR_clean,380.2
SEQSIS_clean,469.8
SEQSOY_clean,317.7
SEQTEP_clean,322.2
SERCEZ_clean,264.6
SERJOP_clean,300.3
SERJUV_clean,166.4
SERLEI_clean,202.9
SERWAP_clean,363.2
SETDUS_clean,300.8
SETPEO_clean,178.1
SETQAL_clean,302.2
SETQEP_clean,306.8
SETQIT_clean,301.4
SETQOZ_SL,155.5
SETQUF_SL,232.1
SETRAM_clean,161.8
SETSIV_clean,128.0
SETSOB_clean,163.1
SETXEW_clean,526.7
SEVLEM_clean,659.2
SEWCED_clean,479.2
SEYQIW_clean,123.2
SEZPOE_clean,203.9
SICZOV_clean,255.8
SIDCAL_clean,306.2
SIFVAG_clean,241.1
SIKGAW_clean,218.9
SIKYER_clean,291.6
SINQEL_clean,136.4
SINXET_charged,363.7
SIPCID_clean,201.9
SIQCOM_clean,398.5
SIQQEO_clean,249.3
SISFEH_clean,296.8
SISPUH_clean,267.6
SISQAO_clean,269.5
SISQES_clean,268.2
SISQIW_clean,269.9
SITTUM_clean,670.9
SIVGIP_clean,290.9
SIVGOV_clean,298.6
SIVGUB_clean,200.8
SIVJIS_clean,314.8
SIVKAK_clean,127.3
SIVQAR_clean,201.5
SIVWUR_clean,471.0
SIWSUO_clean,230.5
SIWTEZ_clean,327.9
SIWTOJ_clean,318.4
SIZJUH_clean,211.1
SIZPUN_clean,347.6
SOBTUY_clean,193.5
SOBZEQ_clean,238.9
SOCLAZ_clean,220.2
SODNAA_clean,201.0
SODQOT_clean,206.2
SODXUG_clean,533.6
SODZIV_clean,217.4
SOHBUO_clean,373.1
SOHGUS_clean,293.7
SOHMEI_clean,270.8
SOHMIM_clean,431.0
SOHMUY_clean,312.9
SOHNAF_clean,254.0
SOHNEJ_clean,259.3
SOHNIN_clean,405.6
SOJGOO_clean,380.0
SOJSUH_clean,301.6
SOKKOT_ion_b,277.8
SOKKUZ_clean,174.8
SOKWAS01_clean,140.2
SOKWAS_clean,182.3
SOKWUM_clean,167.8
SOMCON_clean,463.9
SOMFAC_clean,175.8
SOMFEG_clean,175.2
SOMFIK_clean,174.2
SOMSIY_clean,145.3
SONTAR_manual,180.6
SONTIZ_clean,160.4
SONTOF_clean,161.3
SONTUL_neutral_b,175.6
SONVAT_neutral_b,174.0
SONVEX_neutral_b,175.8
SONVIB_neutral_b,178.1
SOPLAM_clean,145.7
SOPLEQ_clean,438.1
SOPLOA_clean,245.4
SOSSEA_clean,367.1
SOTWOP_clean,193.4
SOTWUV_clean,197.4
SOTXAC_clean,195.2
SOTXEG_neutral,472.4
SOVHAM_clean,195.6
SOVHOA_clean,256.5
SOVLEW_clean,639.8
SOXDAM_clean,321.1
SOXDEQ_clean,319.6
SOYFUJ_clean,353.1
SOYWOT_neutral_b,174.8
SOYWUZ_clean,576.1
SOZBIS_clean,134.0
SOZGIZ_clean,396.9
SOZGOF_clean,406.0
SOZRUW_clean,392.2
SOZSAD_clean,392.4
SOZSEH_clean,391.7
SOZSIL_clean,397.9
SOZSOR_clean,398.0
SOZSUX_clean,394.9
SUBMIN_clean,756.5
SUCLOT_clean,139.5
SUFBAY_clean,294.0
SUFHIM_clean,306.6
SUFJOU_clean,1003.5
SUFROA_clean,114.0
SUGDIJ_auto,178.3
SUGVUM_clean,247.4
SUHBAA_clean,338.1
SUHMEP_clean,232.2
SUJNUH_clean,316.0
SUKKUF_clean,197.8
SUKNOC_charged,331.6
SUKNUI_charged,333.8
SUKREX_clean,248.3
SUKRIB_clean,253.9
SUKYIH_clean,183.7
SUKYON_clean,180.7
SUNHUF_clean,205.5
SUNJER_clean,180.1
SUNJIV_clean,170.7
SUNJOB01_clean,174.2
SUNJOB_clean,177.9
SUPLOF_clean,282.4
SUQHUJ_clean,271.4
SUQJEV_clean,304.9
SURDOA_clean,440.3
SUSZIQ_clean,522.5
SUSZOW_clean,490.6
SUVNEE_clean,1806.9
SUWBET_clean,589.4
SUWQEI_clean,450.1
TACFIN_clean,167.1
TACPAP_clean,306.7
TACPET_clean,278.1
TACPIX_clean,279.4
TACWOM_clean,262.3
TACWUS_clean,260.8
TADCOS_clean,152.1
TADWEC_manual,549.4
TADWIG_manual,491.2
TADYEE_clean,256.0
TADYII_clean,341.9
TAGBUZ_clean,229.6
TAGSEB_clean,460.7
TAGTED_clean,222.7
TAGTIH_clean,192.8
TAGTUT_clean,467.6
TAGVAB_clean,293.6
TAHNEY_clean,165.2
TAJXIO01_clean,184.1
TAJXIO02_clean,169.8
TAJXIO03_clean,163.9
TAJXIO04_clean,158.4
TAJXIO_clean,177.5
TAKGOE_clean,212.4
TAKGUK_clean,211.4
TAKHAR_clean,210.9
TAKHEV_clean,211.9
TAKTIL_clean,169.2
TAKTOR_clean,165.2
TAKVAF_clean,168.3
TAMHUM_clean,370.2
TAMJAU_charged,229.0
TAMJEY_charged,231.2
TAMZUE_charged,405.3
TANBAN_charged,409.2
TANBER_charged,404.1
TANBIV_charged,411.0
TANBOZ_clean,133.0
TAPXIT01_clean,301.6
TAQGEZ_clean,193.2
TAQGOK_clean,523.9
TARVOX_clean,306.9
TARVUD_clean,302.4
TARWAK_clean,301.2
TARWEO_clean,259.1
TASFAU_clean,1270.7
TASJUT_charged,512.4
TASVUG_clean,275.9
TASWAN_clean,274.1
TASWER_clean,265.9
TASWIV_clean,271.5
TASWOB_clean,273.3
TASXIW_clean,249.0
TASYUJ_charged,403.0
TASZAQ_charged,421.6
TASZEU_charged,378.9
TATPOV_clean,321.9
TAWHOO_clean,757.1
TAWTAP_clean,189.9
TAWYUO_clean,291.3
TAYNEN_clean,388.8
TAZLIR_clean,251.2
TAZLOX_clean,250.2
TAZLUD_clean,255.0
TAZSAP02_clean,281.2
TAZYAV_clean,135.1
TEBSAW_clean,314.3
TECTUS_clean,213.7
TECVEE_clean,258.2
TEDXOR_clean,357.5
TEFWIL_clean,657.9
TEFWOR_clean,936.1
TEHRUU_clean,289.9
TEHWEK_clean,135.8
TEJBAN_clean,748.4
TEJBOB_clean,620.2
TEJGAS_clean,314.2
TEJGEW_clean,320.3
TEJGIA01_clean,320.9
TEJGIA_clean,317.3
TEJLOL_clean,262.0
TEMPAE_clean,469.4
TEMPEI_clean,254.7
TENLIJ_clean,245.8
TENQOS_clean,354.5
TEQPAI_clean,245.6
TEQVAO_manual,357.5
TEQWER01_clean,141.2
TEQWER_clean,140.7
TERFUT_clean,148.3
TERNUA_clean,220.0
TESGOO_clean,240.6
TESGUU_clean,245.4
TESHAB_clean,240.9
TETVIZ_clean,221.8
TETWEW_clean,226.4
TETZEX_clean,438.3
TETZEZ_clean,530.3
TETZID_clean,402.0
TEVZEA_clean,247.3
TEVZIE_clean,243.6
TEVZOK_clean,245.1
TEVZUQ_clean,246.6
TEWFOS_clean,398.9
TEWFUY_clean,356.0
TEWGEJ_clean,352.7
TEXTOH_clean,318.5
TEYHIP_charged,412.6
TEZKAM_clean,327.6
TIDKAS_clean,649.1
TIDLEZ_clean,178.9
TIDLID_clean,195.1
TIDMEA_clean,245.7
TIFBOA_clean,157.5
TIFHAT_charged,296.5
TIFHEX_charged,297.2
TIFZIR_clean,184.2
TIGSOT_clean,234.6
TIGVUC_clean,361.3
TIJPOT_clean,365.3
TIKMEH_clean,560.9
TILHAZ_clean,226.3
TILVOZ_clean,130.5
TILVUF_clean,95.6
TILWAM_clean,95.0
TIQGOQ_clean,272.8
TIQGUW_clean,275.9
TIQHAD_clean,289.5
TIQHEH_clean,290.7
TIQHIL_clean,303.7
TIRHIL_clean,75.9
TIRLIQ_clean,407.0
TIRQOB_clean,1366.6
TIRRIW_clean,367.2
TISGUY_clean,180.0
TISHAF_clean,408.8
TISPAO_clean,194.0
TIVXOM_charged,185.1
TIVYAZ01_clean,152.7
TIXCIO_clean,240.7
TIXMET_clean,199.8
TIXMIX_clean,118.1
TIXVON_clean,455.9
TIZVED01_charged,284.8
TIZVED_charged,282.0
TIZVIH01_charged,284.6
TIZVIH_charged,287.9
TOBJUR_clean,238.6
TOBKAY_clean,238.7
TOBKEC_clean,240.1
TOFQEM_clean,280.7
TOFTIT_clean,288.0
TOHJIL_clean,204.5
TOHQEO_clean,364.3
TOHSAL_clean,464.4
TOHYUL_clean,327.6
TOHYUM_clean,291.5
TOJLOT_clean,269.1
TOKDON_clean,170.1
TOLGOR_clean,337.5
TOLYOJ_clean,193.2
TONBOO_clean,361.2
TONBUU_charged,349.5
TONLOY_clean,387.4
TONLOZ_clean,263.4
TONTIB_clean,413.7
TONTOH_clean,393.0
TONTUN_clean,398.9
TONVAV_clean,407.6
TONWUO01_clean,236.9
TONWUO_clean,1814.4
TOPKIT_clean,168.6
TORJAN_clean,263.4
TORJER_clean,264.1
TORJIV_clean,224.0
TORJOB_clean,262.6
TORJUH_clean,224.0
TORKAO_clean,259.7
TORKES_clean,222.7
TORPUN_clean,436.9
TORXAB_clean,304.9
TOVHUJ_clean,177.6
TOVJAP_charged,279.7
TOVJAR_clean,294.5
TOVJEV_clean,226.1
TOVJIZ_clean,271.1
TOVJOF_clean,312.3
TOVJUL_clean,689.7
TOVKEW_clean,407.9
TOVKIA_clean,299.9
TOVKOG_clean,319.9
TOWLIC_clean,197.2
TOWNEA_clean,383.9
TOWNOK_clean,497.1
TOWNUQ_clean,315.4
TOWPEC_clean,773.8
TOWXEK_clean,570.8
TOXHAR_clean,298.1
TOXMUQ_clean,174.0
TOXNEB_clean,175.5
TOXNIF_clean,250.8
TOZFOF_clean,456.2
TOZHAR_clean,140.0
TUBCEA_clean,243.8
TUBJAD_clean,285.8
TUBLIN_clean,420.7
TUCJAD_clean,250.5
TUDQOZ_clean,685.1
TUGTAR_clean,421.7
TUJGIQ_clean,443.0
TUKCOT_clean,360.1
TUMDAI_clean,268.5
TUMQID_clean,255.7
TUMRIE_clean,265.9
TUMROK_clean,277.5
TUNJET_clean,514.9
TUPDOZ_clean,271.2
TUPGIU_clean,175.4
TUQWIL01_clean,131.0
TURDIV_clean,386.8
TURDOB_clean,545.5
TURDUH_clean,576.3
TURFAP_clean,390.7
TURFET_clean,395.7
TUTHIA_clean,230.6
TUTHOG_clean,260.8
TUTJAU_clean,260.3
TUYFIE_clean,192.2
TUYHOL_clean,229.0
TUYHUR_clean,192.3
TUYJAZ_clean,221.1
TUYJED_clean,189.5
TUYLIJ_clean,754.7
TUYNEI_clean,224.3
TUZVUH_clean,228.7
UBECEM_clean,278.1
UBIBUF_clean,300.9
UBIPAY_clean,306.5
UBULIO_SL,210.6
UBULUA_clean,451.2
UBUMAH_clean,161.9
UBUROY_clean,64.6
UCABAE_clean,311.8
UCAXEC_clean,283.5
UCEGAM_clean,127.0
UCEGEQ_clean,132.1
UCEXAC_clean,306.0
UCEXEG_clean,310.4
UCEXIK_clean,309.8
UCEXOQ_clean,307.7
UCOCUM_neutral,175.3
UCOHUR_clean,410.1
UCOJAZ_clean,431.6
UCOJED_clean,451.4
UCOJIH_clean,254.4
UCOXOZ_clean,439.3
UCUJOU_clean,338.0
UCUTIW_clean,234.2
UDANEV_clean,333.5
UDEMEW_manual,1540.4
UDICAN_clean,670.9
UDOVOA_clean,772.1
UDOVUG_charged,374.1
UDUMIP02_clean,332.9
UDUMIP03_clean,304.2
UDUMIP_clean,311.0
UFASEA_ion_b,290.8
UFEMIC_clean,113.8
UFENAW_clean,136.6
UFEVIL_clean,362.2
UFEXEJ_clean,274.5
UFEXIN_clean,324.5
UFOFIF_clean,153.3
UFUNIS_clean,547.2
UFUQIV_clean,337.2
UGAQEY_clean,316.4
UGELIB_clean,498.5
UGOFED_clean,338.0
UGOSOY_charged,454.2
UGUGUZ_clean,302.7
UGUHAG_clean,295.5
UGUHEK_clean,299.1
UGUQOC_charged,267.9
UHASED_clean,255.9
UHAXUW_clean,352.9
UHUPET_clean,535.8
UHUPOD01_clean,596.7
UJAQEC_clean,234.0
UJAQUS_clean,251.7
UJEDIX_clean,463.7
UJILAA_clean,122.7
UJIZET_clean,262.3
UJOWEW_clean,185.6
UJULIW_clean,274.0
UJUPUM_clean,413.4
UJUQIB_clean,207.8
UKAJOH_clean,940.7
UKAPUS_clean,276.3
UKAQAZ_clean,278.4
UKAQED_clean,279.3
UKAQIH_clean,269.9
UKAZEM_clean,98.7
UKEXEP_clean,383.4
UKIQIP_clean,177.3
UKIQOV_clean,200.3
UKOZOK_clean,324.0
UKUBOS_clean,488.2
UKUBUY_clean,553.0
UKUCAF_clean,543.5
UKUPIB_clean,225.2
UKUPUL_clean,198.6
ULAQAB_clean,413.3
ULAQEF_clean,410.9
ULASAD_clean,150.4
ULEGOH_clean,2113.5
ULIMIN_clean,372.7
ULOGAE_clean,231.1
ULOKAJ_clean,263.9
ULOLEO_clean,244.2
ULOLIS_clean,243.9
ULOMAL_clean,250.1
ULUVUT_clean,202.8
UMABIV_clean,239.9
UMABOB_clean,283.4
UMALUQ_clean,306.3
UMARAC_charged,612.3
UMEDEX_clean,256.9
UMEDIB_clean,236.1
UMEDOH_clean,260.6
UMEHOL_clean,240.9
UMEKEE_clean,126.8
UMEKII_clean,226.1
UMELAB_clean,321.7
UMELEF_clean,235.8
UMEPOT_clean,323.7
UMEQAG_clean,243.6
UMESIQ_clean,254.5
UMESOW_clean,239.5
UMEXUF01_clean,185.3
UMEXUF_clean,192.2
UMIGAA_clean,236.4
UMIZEX_clean,821.8
UMOBEF01_clean,265.7
UMOBEF02_clean,255.1
UMOBEF03_clean,266.5
UMOBEF04_clean,262.3
UMOBEF05_clean,274.2
UMOBEF06_clean,254.7
UMOBEF07_clean,261.6
UMOBEF08_clean,267.1
UMOBEF09_clean,259.8
UMOBEF_clean,272.8
UMODEH01_clean,285.1
UMODEH03_clean,292.4
UMODEH04_clean,277.8
UMODEH06_clean,292.1
UMODEH07_clean,294.4
UMODEH08_clean,278.8
UMODEH09_clean,281.6
UMODEH10_clean,280.6
UMODEH11_clean,275.8
UMODEH12_clean,290.5
UMODEH13_clean,284.9
UMODEH14_clean,294.0
UMODEH15_clean,284.1
UMODEH16_clean,299.8
UMODEH17_clean,285.9
UMODEH18_clean,285.7
UMODEH19_clean,256.6
UMODEH20_clean,290.5
UMODEH21_clean,295.3
UMODEH22_clean,281.1
UMODEH23_clean,281.7
UMODEH24_clean,284.1
UMODEH25_clean,287.4
UMODEH_clean,284.8
UMOKIS_clean,397.7
UMOVEZ01_clean,266.8
UMOVEZ02_clean,264.4
UMOVEZ03_clean,264.5
UMOVEZ04_clean,266.8
UMOVEZ05_clean,264.6
UMOVEZ_clean,268.9
UMOVID_clean,258.1
UMOVOJ_clean,278.2
UMOYOM03_clean,276.9
UMOYOM06_clean,300.4
UMOYOM07_clean,317.4
UMOYOM08_clean,283.6
UMOYOM10_clean,281.8
UMOYOM11_clean,263.5
UMOYOM13_clean,274.0
UMOYOM16_clean,275.9
UMOYOM17_clean,248.8
UMOZUT_clean,294.4
UMUBAH_clean,282.1
UMUBEL_clean,290.4
UMUBIP_clean,283.8
UMUBOV_clean,283.7
UMUXEG_clean,211.0
UNABIV_charged,410.0
UNADIX_clean,374.6
UNAGOH_clean,207.5
UNAGUN_clean,206.4
UNECOH_clean,235.2
UNECUN_clean,231.6
UNIMAG_clean,606.1
UNUNEY_clean,836.8
UPIBOM_clean,132.7
UQEGII_clean,229.9
UQERIT_clean,259.9
UQOWUU_clean,314.7
UQOYOP_clean,404.0
UQULAU_clean,399.6
URENEM_clean,189.0
UREVIY_clean,252.6
UREVOE_clean,256.5
URUVUA_clean,188.1
URUWEL_clean,249.7
URUWIP_clean,246.4
USAWIW_clean,254.3
USEVOF_clean,215.0
USIRUL_clean,420.6
USISEW_clean,419.9
USORUR_clean,295.0
USOXEH_clean,333.4
USUBUG_clean,196.4
USUPUV_clean,223.7
USUVIP_clean,197.5
USUWUC_clean,185.5
UTACOJ_clean,223.8
UTACUP_clean,251.2
UTADIE_clean,161.3
UTELIQ_clean,335.0
UTEMAJ_clean,359.5
UTEWOG_clean,251.6
UTEXIB_clean,224.7
UTOCAJ_clean,419.2
UTOCEN_clean,441.2
UTULIF_clean,225.7
UTULUR_SL_part,429.3
UVANOW_clean,247.9
UVANUC_clean,228.3
UVEVAT_clean,208.5
UVEVUN_clean,583.3
UVINAP_clean,210.8
UVIPIZ_clean,561.8
UVIPOF_clean,560.4
UVOBUE_clean,254.7
UVOTOQ_clean,182.4
UVUDUM_clean,893.5
UVUFUN_clean,610.2
UVUQAE_clean,366.8
UVUWAL_clean,241.3
UWALEL_clean,301.5
UWELIS_clean,373.6
UWODAN_clean,242.7
UWOWAF_clean,261.6
UWUKII_clean,197.9
UWUTIQ_clean,390.0
UXABOL_clean,256.2
UXABUR_clean,226.6
UXAXEY_clean,369.5
UXINAR_clean,344.7
UXIQOJ_clean,158.8
UXISUR_clean,758.3
UXUNUX_clean,317.8
UXUPEJ_clean,327.9
UXUPIN_clean,319.0
UXUZAP_clean,245.7
UYAQAN_clean,338.6
UYOFIY_clean,336.3
UZANOZ_clean,282.3
UZATAR_clean,213.4
UZEKEQ_clean,349.7
UZIJUJ_clean,268.9
UZOBAN_clean,271.4
UZOBER_clean,217.8
UZUNAF01_clean,447.3
UZUNAF_clean,435.5
UZUZUL_clean,191.3
VABJIS_clean,179.8
VACFOV_clean_h,215.0
VACFUB01_clean,267.8
VACFUB_clean_h,287.1
VACLIX_clean,413.2
VADWON_clean,511.2
VAFWAB_clean,200.2
VAGBEN_clean,432.7
VAGBOX_clean,461.9
VAGBUD_clean,214.7
VAGJET_clean,402.1
VAGMAT_clean,164.5
VAGMEX_clean,161.2
VAGTAA01_clean,219.0
VAGTAA_clean,176.8
VAGTUU_clean,279.8
VAHJEW_clean,313.4
VAHJIA_clean,282.0
VAHPUR_clean,380.7
VAHQAY_clean,359.3
VAHSON_clean,469.0
VAHTOQ_clean,418.9
VAHTUW_clean,2341.4
VAHVOR_clean,193.2
VALVAI_clean,273.0
VALVIQ_clean,271.8
VALWUD_clean,406.2
VALXAK_clean,384.7
VALXEO_clean,387.2
VALXIS_clean,400.5
VALXOY_clean,383.8
VAMPUX_clean,353.7
VAMQAE_clean,422.9
VAMQIM_clean,347.2
VAMQOS_clean,346.0
VANHEA_clean,266.5
VANNEG_clean,432.2
VANNIK_clean,139.2
VAPBEV_clean,528.9
VAPBIZ_clean,531.3
VAPFUP_clean,242.6
VAPHOM_clean,180.0
VAQTUF_clean,209.4
VARHIH_clean,317.8
VARJEF_clean,266.9
VARWOC_clean,256.8
VARWUI_clean,240.7
VASFAZ_clean,213.7
VASFED_clean,219.3
VASFIH_clean,219.9
VASFON_clean,220.0
VASFUT_clean,221.3
VASGUU_clean,331.6
VASKOR_clean,211.9
VATVIY_clean,446.4
VATVOE_clean,452.0
VATVUK_clean,324.5
VATXEU_clean,289.0
VATYAR_clean,152.5
VATYEV_clean,189.3
VATYIZ_clean,191.5
VATYOF_clean,190.4
VAXMUF_clean,374.7
VAXTEV_clean,407.0
VAZROF_clean,384.8
VAZTOG_clean,112.6
VAZTUM_clean,401.4
VEBHUG_SL,118.2
VECWUX_clean,241.3
VECZAG_clean,189.3
VECZEI_clean,81.7
VECZEK_clean,125.2
VEDDIT_charged,411.2
VEDFAN_clean,368.9
VEDFIV_clean,402.6
VEDFOB_clean,409.9
VEDFUH_clean,384.7
VEDGAO_clean,394.9
VEDGES_clean,400.8
VEDGIW_clean,400.8
VEFMAW_charged,619.1
VEGBUG_clean,131.5
VEGCAN_clean,132.2
VEGMIE01_charged,271.8
VEGMIE_charged,272.9
VEGMOK01_charged,274.1
VEGMOK02_charged,278.3
VEGMOK03_charged,280.8
VEGMOK04_charged,275.5
VEGMOK_charged,290.1
VEHJID01_clean,116.7
VEHJOJ_clean,238.4
VEHJUP_clean,226.7
VEHKIE_SL,227.9
VEHKOK_charged,282.9
VEHLAW_clean,185.3
VEHLIE_clean,158.3
VEHNAZ_charged,373.0
VEHPUU_clean,212.8
VEHRIL_clean,147.7
VEHXEN_clean,251.8
VEHYUE_clean,268.0
VEJHEZ_clean,433.2
VEJHID_clean,264.5
VEJYIT01_clean,311.0
VEJYIT_clean,326.9
VEJYOZ_clean,194.5
VELVEO_clean,193.8
VEMDAT_clean,296.5
VEMMAC_clean,214.8
VEMMEG_clean,207.3
VEMMIK_clean,135.9
VEMMOQ_clean,182.5
VEMSUC01_clean,171.9
VEMSUC_clean,242.4
VEQBID_clean,287.8
VEQBOJ_charged,465.2
VEQBUP_charged,475.1
VEQCAW_charged,479.0
VERPOZ_clean,950.5
VETMIS_clean,236.4
VETSOE_charged,388.7
VETTAR_charged,419.1
VETTIZ_charged,412.9
VETTOE_clean,198.3
VEWKUF_clean,203.3
VEWLAM_clean,281.9
VEWXAY_clean,439.9
VEXTUO_manual,226.4
VEXVAW_clean,225.7
VEXYON_charged,223.8
VEYVEC_clean,307.7
VICDOC_clean,404.0
VICLAW_clean,647.9
VICSIL_clean,267.5
VIDXOX_clean,209.8
VIFBOD_clean,211.6
VILXOE_clean,186.2
VIMRAM_clean,327.7
VINHOR_clean,260.4
VIPYOK_clean,282.3
VIQFIL_clean,144.8
VIQQUJ_clean,281.8
VIRKIQ_clean,190.2
VIRPOC_clean,227.4
VIRQES_clean,242.6
VIRVEY_clean,181.0
VIRXIF_clean,202.8
VITYOO_clean,360.0
VITYUU_clean,292.3
VITZAB_clean,274.1
VITZEF_clean,290.7
VITZIJ_clean,286.6
VIVXOP_clean,358.1
VIWHUG_clean,405.8
VIWKIX_clean,333.2
VIWKOD_clean,336.7
VIWLAQ_clean,337.6
VIWLEU_clean,339.5
VIWLIY_clean,332.9
VIWMAR_clean,330.1
VIWMEV_clean,330.2
VIWMIZ_clean,1091.3
VIWMOF_clean,1096.8
VIWZOR_clean,182.5
VIXCUB_clean,206.6
VIXGAM01_clean,196.1
VIXPUP01_clean,330.9
VIXWEF_clean,246.8
VIYMAT_clean,194.6
VIYSON_clean,314.0
VIYTAA_clean,323.9
VIYVIK_clean,325.0
VIZSOO_clean,263.4
VIZSUU_clean,660.2
VIZTIJ_clean,231.9
VOBGAW_clean,461.0
VOBGEA_clean,460.3
VOBKAA_clean,286.9
VOBRUB_clean,275.0
VOCPEK_clean,541.3
VOCQAF_clean,278.3
VODQIP_clean,181.3
VODSEM_clean,154.5
VOFFED_clean,261.7
VOGPEO_clean,273.2
VOGTIV_clean_h,196.4
VOHQIS_clean,1105.8
VOJGOS_clean,295.0
VOLPET_clean,121.8
VOLQOD_clean,220.2
VONCOS_clean,417.4
VONDEJ_clean,269.5
VOPCEK_clean,417.4
VOPCIO_clean,407.0
VOSTUU_clean,253.3
VOTKEW_clean,359.1
VOVKUO_clean,217.1
VOXKIE_clean,296.5
VOXQOQ_clean,307.7
VOXVEL_clean,280.4
VOXYUE_clean,122.3
VOYGOH_clean,220.9
VOZVAJ01_clean,217.8
VOZVIR01_clean,210.8
VUCTUK_clean,225.8
VUDQOB_clean,320.2
VUDXID_clean,185.9
VUFBEE_clean,175.8
VUGWUR_clean,280.4
VUGXAY_clean,274.6
VUGXEC_clean,290.4
VUGXIG_clean,287.1
VUGXOM_clean,276.1
VUGXUS_clean,282.2
VUGYAZ_clean,292.9
VUGYED_clean,285.6
VUGYIH_clean,277.0
VUHJAK_clean,337.9
VUHNET_clean,218.0
VUJBEI_clean,321.8
VUKHOZ_clean,140.1
VUKJOC_clean,391.8
VUKJUI_clean,383.0
VUKRUQ_clean,198.0
VUKSAX_clean,180.6
VUKSOL_clean,160.5
VUKTAY_clean,356.3
VUKTEC_clean,339.3
VUKTIG_clean,317.7
VUKTOM_clean,327.8
VUKTUS_clean,320.2
VULFIT_clean,441.9
VULKIX_clean,254.2
VULKOD_clean,364.5
VUMBIQ_clean,226.7
VUMCEM_clean,437.7
VUMYUZ_clean,666.7
VUNHAO_clean,109.2
VUNNEZ_clean,183.8
VUQJUN01_clean,291.0
VUQKAU01_clean,301.7
VUQKAU02_clean,323.7
VUQKAU_clean,326.3
VUQKOI_clean,292.6
VURLIF_clean,279.7
VURYIR_clean,406.8
VURYOX_clean,198.7
VUSKAW_clean,114.9
VUSQIK_charged,490.0
VUVZAP_clean,186.0
VUWRUC_clean,291.5
VUWSAJ_clean,265.8
VUZNOV_clean,458.3
WABTOK_clean,142.7
WABVIF02_clean,149.2
WABVIF03_clean,145.7
WABVIF04_clean,143.1
WABVIF_clean,147.3
WABVOL_clean,126.4
WABVUR_clean,125.0
WABWAY_clean,121.6
WABWEC_clean,114.4
WACLEU_clean,202.5
WAFKAQ_clean,279.1
WAGDAL_clean,429.0
WAHFUJ01_clean,440.1
WAHGIY_clean,351.7
WAHKUO_clean,296.2
WAHNEB_clean,275.4
WAHNIF_clean,295.9
WAHNOL_clean,268.9
WAHNUQ_charged,477.9
WAJHOG_clean,192.3
WAJLEA_charged,356.0
WALKAY_clean,291.8
WAMREJ_clean,242.3
WAMRIN01_clean,293.7
WAMRIN_clean,199.0
WANBOE_clean,338.3
WANHIF_clean,209.3
WANJIF_clean,253.0
WAPSUE_clean,233.6
WAQDOJ_charged,222.0
WAQFAX_clean,320.5
WAQFIG_clean,137.4
WAQKUX_clean,240.1
WAQTEQ_clean,290.6
WARFAZ_clean,386.8
WARJAC_clean,165.2
WASMUB_clean,220.8
WASPAK_clean,139.2
WASQEP_clean,270.8
WASQIT_clean,281.3
WASTUG_clean,184.6
WASVES_clean,270.9
WAVQAN_clean,258.4
WAVQER_clean,252.2
WAVQOB_clean,603.6
WAVQUH_clean,285.7
WAVRAO_clean,425.4
WAVROC_clean,339.5
WAWGOQ_clean,189.1
WAYKAK_clean,213.8
WAYMAM_clean,167.4
WAYMEQ_SL,223.3
WAYMIU_manual,208.3
WAYMOA_manual,207.8
WAZCUX_clean,357.6
WEBJOE_clean,230.3
WEBKIX_charged,613.0
WEBKOD_clean,288.6
WEBLAQ_charged,732.7
WEBREC_clean,382.9
WECBEN_clean,130.6
WECBOX_clean,148.8
WECFAN01_clean,267.8
WECFAN_clean,247.5
WECJIZ_clean,940.9
WEDQED_clean,405.1
WEFCAN_clean,340.2
WEFXEM_clean,224.4
WEFZIS_clean,330.9
WEGDIX_charged,298.0
WEGFUL_clean,287.6
WEGGAS_clean,297.7
WEGKIE_clean,540.0
WEHHEY_clean,399.9
WEHHIC_clean,380.1
WEHHOI_clean,472.3
WEHHUO_clean,402.4
WEHJAW_clean,256.4
WEHJEA_clean,336.4
WEHJIE_clean,218.0
WEHJOK_clean,326.6
WEHJUQ_clean,634.1
WEHQAC_charged,248.3
WEHRIL_charged,248.2
WEMBUN_clean,174.7
WEMCAU_clean,171.5
WEMCEY_clean,210.4
WEMCIC_clean,215.6
WEMCOI_clean,218.3
WEMCUO_clean,219.1
WEMDAV_clean,217.2
WEMDID_clean,165.6
WEMDOJ_clean,172.8
WEMDUP_clean,169.3
WEMFAX_clean,167.3
WEMFEB_clean,174.1
WEMFIF_clean,172.9
WEMFOL_clean,176.4
WEMNAF_clean,351.2
WENDIE_clean,280.9
WENKEH_clean,294.1
WENKOR_clean,385.4
WENKUX_manual,373.8
WENLAE_manual,373.1
WENLEI_clean,364.8
WERHIK_clean,1019.3
WESYAV_clean,217.5
WEVQIX_clean,206.5
WEVQOD01_clean,186.2
WEVQOD_clean,202.4
WEVQUJ_clean,201.2
WEVRUK_clean,204.5
WEVZUT_clean,409.2
WEXTAV_clean,202.6
WEYQAU01_clean,147.2
WEYQAU02_clean,174.0
WEYQAU03_clean,173.6
WEYQAU04_clean,174.6
WEYQAU05_clean,172.9
WEYQAU06_clean,172.7
WEYQAU07_clean,171.6
WEYQAU08_clean,170.8
WEYQAU09_clean,175.9
WEYQAU10_clean,145.8
WEYQAU12_clean,176.3
WEZCIO_clean,197.2
WIBSAD_clean,679.8
WICGEV_clean,238.6
WIDQEG_clean,175.9
WIDWOX_clean,1175.3
WIDZUG_clean,389.7
WIFBAQ_clean,243.8
WIHDUN_clean,133.9
WIHVAL_clean,237.8
WIHVEP_clean,233.3
WIHWAN_clean,405.6
WIJDAV_clean,388.2
WIJXEU_clean,368.1
WIJXIY_clean,209.6
WIKXAQ_clean,137.0
WIKXUJ_charged,687.9
WIKYAQ_clean,647.2
WILDUR_clean,206.5
WILFAZ_clean,211.7
WILGII_clean,290.9
WILHIK_clean,279.4
WILNEL01_clean,348.5
WILRAK_clean,80.3
WILREO_clean,78.5
WILRIS_clean,90.0
WIMWEW_clean,290.6
WIMWIA_clean,214.0
WINCEC_clean,135.3
WIPLOY_clean,228.5
WIPPIW_clean,693.9
WIPZEC_clean,250.1
WIRKOZ_clean,4493.3
WIRMOB_clean,508.3
WISTID_clean,280.1
WISVEB_clean,157.5
WITJOA_clean,351.7
WITJUG_clean,360.1
WITKIV_clean,687.9
WIVKOD_clean,237.6
WIVRIE_clean,755.6
WIWQOI_clean,173.0
WIWQUO_clean,172.4
WIYFAM_clean,265.7
WIYMOG_charged,171.7
WIYWAE_clean,589.0
WIYWEI_clean,587.4
WIYWOS_clean,577.9
WIYWUY_clean,583.5
WIYZOU_clean,197.4
WIZDEP_clean,194.5
WIZKOH_clean,272.8
WIZMAV02_auto,724.5
WOBHEB_clean,194.0
WOBHOL_clean,193.3
WOBHOM_clean,204.2
WOBQEL_clean,391.5
WOCWAN_clean,408.8
WODFOL_clean,355.8
WODVOB_clean,252.1
WODXEU_clean,270.0
WOFWET_clean,75.5
WOHBIF_clean,443.9
WOHDON_clean,156.0
WOHQAN_clean,276.7
WOHSIV_clean,440.8
WOHSOB_clean,450.1
WOJJOV_SL,425.0
WOJZAY_clean,313.6
WOJZEC_clean,310.0
WOJZIG_clean,304.9
WOJZOM_clean,501.7
WOLMUG_clean,350.0
WOLREV_clean,308.8
WOLRIZ_clean,142.8
WOLYON_clean,231.1
WOPSAX02_clean,347.0
WOPSAX_clean,347.0
WOPSOL01_clean,351.0
WOPSOL_clean,318.8
WOPWOO_clean,322.8
WOQDUB_charged,223.6
WOQTUT_clean,574.4
WORKOF_clean,387.2
WORKUL_clean,306.7
WORLAS_clean,312.1
WORREC_clean,136.3
WORSUT_clean,282.9
WOSHET_clean,326.5
WOSZEL_charged,563.8
WOTLOI_clean,204.2
WOTSEF_clean,220.1
WOVDES_clean,456.7
WOYHUP_clean,145.8
WOYJAX_clean,1150.0
WOYJEB_clean,1068.6
WOYJIF_clean,254.4
WOYJOL_clean,955.9
WOZGUP_clean,425.9
WOZSOT_charged,450.2
WOZWEP_clean,398.3
WUCRUH_clean,227.1
WUDVEY_clean,292.3
WUGQAS_clean,209.2
WUHJIT_clean,170.2
WUKXEH_clean,450.0
WULJUJ_clean,744.3
WULKAQ_clean,743.0
WULQUR_clean,158.6
WUNSEE01_charged,318.6
WUNSEE02_charged,315.3
WUNSEE_charged,319.2
WUNSII01_charged,324.3
WUNSII02_charged,324.4
WUNSII_charged,335.4
WUNTAB_charged,323.6
WUNTEF_clean,285.8
WUNTIJ_clean,284.9
WUNTOP_clean,284.5
WUNTUV_clean,279.9
WUNVAD_clean,284.2
WUNVEH_charged,328.3
WUNVIL_charged,316.9
WUNVOR_clean,290.8
WUNVUX_clean,284.4
WUPZUE_clean,205.0
WURKEB_clean,216.4
WURNOO_clean,383.5
WUSCUJ_clean,116.9
WUSGIC_clean,269.5
WUSLED_clean,271.3
WUSSEK_clean,379.0
WUSXEP_clean,357.8
WUTBES_clean,360.9
WUTBEU_clean,86.9
WUTBIW_clean,353.9
WUTBOC_clean,357.6
WUTBUI_clean,353.4
WUTCAP_clean,363.9
WUTKIG_clean,270.0
WUWQEL_clean,237.8
WUYWIY_clean,164.9
WUYWOE_clean,333.2
WUYWUK_clean,165.3
WUYXAR_clean,163.0
WUYXEV_clean,337.7
WUYXIZ_clean,323.0
WUYXOF_clean,162.5
WUYXUL_clean,335.6
WUYYAS_clean,331.2
WUYYEW_clean,326.3
WUYYOG_clean,185.3
WUZDOL_clean,292.4
WUZGAB_clean,335.4
WUZQOZ_clean,216.5
XACGIT_charged,392.7
XACQAT_clean,1192.4
XACSIG_clean,372.3
XACZEH_clean,205.4
XADCEM_clean,211.1
XADDAJ01_clean,485.1
XADDAJ_clean,516.1
XADDEN_manual,177.9
XADDIR_manual,176.7
XADDOX_clean,241.1
XADDUD_clean,370.2
XADGAM_clean,256.1
XADGOA_clean,180.0
XAFBEN_clean,269.4
XAFFAN_clean,159.2
XAFFER_clean,156.9
XAFFIV_clean,158.7
XAFFOB_clean,163.0
XAFFUH_clean,200.3
XAFXOT_clean,340.6
XAGPUT_clean,172.3
XAHPAZ_clean,199.6
XAHPED_clean,162.2
XAHPIH_clean,135.3
XAHPON_clean,196.2
XAHPUT_clean,92.0
XAHQAA_clean,87.8
XAHWAG_clean,124.0
XAJQAC_SL,220.0
XAJSEJ_clean,180.1
XAKQOR_clean,365.6
XAKVUB_clean,1264.9
XAKYUE_clean,321.2
XAKZAL_clean,452.9
XAKZIT_clean,675.1
XAKZOZ_clean,292.6
XAKZUF_clean,766.0
XALBAO_clean,711.4
XALBES_clean,295.6
XALBIW_clean,299.2
XALBUI_clean,737.5
XALCAP_clean,326.8
XALCET_clean,324.6
XALCIX_clean,1179.9
XALCOD_clean,1036.3
XALCUJ_clean,444.1
XALDAQ_clean,447.2
XALDAS_clean,307.4
XALDEU_clean,424.5
XALDIY_clean,443.3
XALDOE_clean,452.5
XALMII_clean,409.8
XALTIP_clean,168.3
XALXUF01_clean,480.7
XALXUF_clean,490.1
XAMDUM01_clean,177.7
XAMDUM02_clean,177.8
XAMDUM03_clean,178.6
XAMDUM04_clean,181.0
XAMDUM05_clean,178.3
XAMDUM06_clean,178.7
XAMDUM_clean,178.8
XAMGUQ_clean,556.8
XAMHEA_manual,162.4
XANKOO_clean,908.6
XANLAA_clean,350.3
XANLEE_clean,343.3
XANMIJ_clean,234.2
XAPCOH_clean,430.6
XAPCOJ01_clean,166.3
XAPCOJ02_clean,167.4
XAPCOJ03_clean,166.8
XAPCOJ04_clean,168.6
XAPCOJ05_clean,171.0
XAPCOJ06_clean,167.9
XAPCOJ07_clean,168.8
XAPCOJ_clean,168.4
XAPCUN_clean,397.9
XAPDAU_clean,421.3
XAPDEY_clean,442.2
XAPGAZ_clean,398.9
XAPGED_clean,369.6
XAPGOK_clean,188.3
XAPGUQ_clean,147.6
XAPNIN_clean,162.3
XAPSIS_clean,153.1
XAPTEQ_clean,273.3
XAPTUE_clean,226.6
XARPAK_clean,222.7
XASFAY_clean,409.6
XASJUZ_clean,257.2
XASNUD_clean,475.5
XASPEP_clean,230.9
XATLIQ_clean,317.3
XATZOK_clean,208.1
XATZUQ_clean,271.6
XAVDEF_clean_h,189.1
XAVKIR_clean,1054.3
XAVQIU01_clean,171.0
XAVQIU_clean,168.8
XAWVUN_clean,139.7
XAYMUF_charged,254.5
XAZFEJ_clean,238.1
XAZGAG_charged,285.2
XAZGEK_clean,404.4
XEBHOC_clean,140.2
XEDGIY_clean,304.1
XEDLUN01_clean,194.2
XEDLUN_clean,203.0
XEDPED_clean,606.2
XEDPIH_clean,244.6
XEDPON_clean,177.0
XEDPUT_clean,693.3
XEFGAQ_clean,248.0
XEFKOI_clean,247.6
XEGJIE02_clean,327.1
XEGJIE_clean,327.8
XEGJOK_clean,282.9
XEGJUQ_clean,320.7
XEGKAX_clean,324.2
XEGKEB_clean,281.8
XEGKIF_clean,258.8
XEGKOL_clean,251.1
XEGKUR_clean,202.5
XEHDEV_clean,334.0
XEHRUY_clean,224.6
XEHSAF_clean,237.5
XEHSEJ_clean,235.4
XEHSIN_clean,237.5
XEHSOT_clean,236.8
XEHSUZ_clean,239.2
XEJWUG_clean,327.3
XEJXAN_clean,331.0
XEJXER_clean,321.7
XEKCAT01_clean,229.5
XEKCAT_clean,237.0
XEKDOI_clean,167.4
XEKMIL_clean,319.7
XENCAU_clean,337.4
XENKIM_clean,311.7
XENMIO_SL,320.3
XENMOU_SL,321.2
XEPBAX_clean,226.1
XEQGAC_clean,136.0
XEQRAO_clean,252.8
XESKAJ_clean,203.0
XESKEN_SL,316.0
XESKIR_clean_h,160.2
XESKUD_clean,195.3
XESLAK_clean,189.5
XEWDUA_clean,313.0
XEWFAI_clean,318.6
XEXLAP_clean,372.0
XEXLET_clean,346.7
XEXLIX_clean,318.5
XEXLOD_clean,365.2
XEXLUJ_clean,317.1
XEXMAQ_clean,353.8
XEXMEU_clean,314.6
XEYMAR_clean,282.4
XIBZUF_clean,225.0
XICDUI_charged,492.9
XICNOO01_clean,436.8
XICNOO02_clean,432.4
XICNOO_clean,441.5
XICYAL_clean,609.0
XICYEP_SL,214.2
XICYIT_SL,213.1
XICZAM_clean,428.3
XIDBUJ_clean,287.9
XIDSUZ_clean,295.8
XIFHIF_clean,145.6
XIGFOJ_manual,258.4
XIGHAX_clean,194.3
XIGHEB_clean,238.5
XIGHIF_clean,182.8
XIGWUF_clean,106.3
XIHRIQ_clean,402.0
XIHSAJ01_clean,257.3
XIHSAJ_clean,285.7
XIHSEN01_clean,300.4
XIHSEN_clean,295.6
XILLEL_clean,1073.7
XILLIP_clean,373.3
XILSUI_clean,239.5
XILTAP_clean,336.3
XILVIZ_clean,271.7
XINHOT_clean,347.6
XINRAP_clean,250.0
XINWUO_clean,263.4
XINZEB_clean,255.7
XIPGUA_clean,141.7
XISLAM_clean,1140.5
XISPEW01_clean,139.6
XISPEW02_clean,132.2
XISPEW_clean,194.8
XISPUM01_clean,101.7
XISPUM_clean,185.4
XISVUR_clean,189.2
XISXEE_clean,188.0
XITYOP_clean,342.0
XIVMEW01_clean,227.2
XIWLAQ_clean,227.1
XIWYEH_clean,345.6
XIYYEL_clean,89.1
XOCWET_clean,204.0
XOCWIX_clean,202.7
XOCWOD_clean,205.2
XOCWUJ_clean,200.7
XODPUD_clean,279.3
XOFGAC_clean,546.8
XOFPEP01_clean,236.0
XOFPEP_clean,242.5
XOGXAU_clean,563.2
XOHLEM_clean,189.1
XOHTUJ_clean,178.8
XOJPIW_charged,473.2
XOJWEZ_clean,256.5
XOJWOJ_clean,200.2
XOKHIP_clean,221.0
XOMCIN_clean,553.4
XOMCOT_clean,636.4
XOMDOU_clean,474.5
XOMGIQ_clean,498.7
XOMJOY_clean,548.4
XOMJUE_clean,541.0
XONGUD_clean,371.9
XONLES01_clean,403.5
XOPLOE_clean,226.4
XOPMIA_clean,348.8
XOQXIL_clean,238.2
XORHET_clean,313.6
XOSPOK_clean,195.0
XOTGUI_clean,184.5
XOTHAP_clean,153.0
XOTKIA_charged,512.7
XOTSEG_clean,400.8
XOTSIK_clean,569.2
XOTXAG_clean,276.1
XOTXUB_clean,605.6
XOTZIR_clean,428.1
XOVPIH_clean,306.8
XOVPON_clean,227.7
XOVPUU_clean,69.0
XOVQAB_clean,658.2
XOVQEF_SL,235.4
XOVQIJ_clean,406.3
XOVVOU_clean,227.0
XOXMED_clean,457.3
XUBGUY_clean,110.1
XUCSOF_clean,256.9
XUDNAN_clean,376.2
XUDNUH_clean,396.2
XUDPIX_clean,533.2
XUDYEC_clean,199.2
XUDYOM_clean,387.3
XUFPIZ_clean,535.7
XUFWOM_clean,282.1
XUFYAA_clean,844.9
XUGROI_clean,320.9
XUGSEY_clean,200.3
XUGWUS_clean,591.6
XUJPEY_clean,305.3
XUJPIC_clean,306.8
XUJPOI_clean,171.6
XUJQAV_clean,170.3
XUJSAY_clean,368.3
XUKHUI_clean,286.6
XUKLAS_clean,234.6
XUKNIC_clean,257.0
XUKYEI_neutral,124.5
XUMMOJ_clean,253.0
XUMMUP_clean,282.9
XUMNEA_clean,643.9
XUMNIE_clean,385.0
XUMTUV_clean,227.7
XUMVAD_clean,244.7
XUMVEH_clean,229.3
XUNGOD_clean,324.0
XUNGUJ_clean,319.8
XUNHAQ_clean,320.6
XUNSAC_clean,252.5
XUNSEG_clean,213.7
XUNSIK_clean,308.2
XUNSOQ_clean,323.3
XUNTIL_clean,208.2
XUPSAE_clean,175.3
XUTQEI_clean,123.7
XUVGUQ_charged,335.8
XUVHEB_clean,336.0
XUVQOW_clean,287.7
XUWFUR_clean,278.5
XUWKEH_clean,120.7
XUWSUD_clean,228.4
XUWTAK_clean,243.3
XUWVUG_clean_h,243.7
XUYXAR_clean,378.1
YABHER_clean,218.1
YABPAU_clean,259.7
YAGJOI_clean,251.0
YAHPED_clean,238.3
YAJXIT_clean,406.8
YAJXUF_clean,412.1
YANBAR01_clean,246.9
YANBAR02_clean,227.6
YANBAR03_clean,219.6
YANBAR_clean,234.0
YAPLIM_clean,470.0
YAPLOS_clean,445.6
YAPLUY_clean,684.3
YAPMAF_clean,704.9
YAPRUE_charged,354.8
YAPSAL_charged,547.4
YAPXIX_clean,376.3
YAQCEY_clean,374.7
YAQKEI_clean,351.2
YARBAW_clean,373.4
YARBUQ_clean,1392.2
YARDEC_clean,323.4
YARDIG_clean,318.1
YARGAB_clean,251.0
YARKEJ_clean,499.6
YARKOT_clean,203.1
YARSAN_clean,253.1
YARYEV_clean,119.3
YARYIZ_clean,136.6
YARYOF_clean,155.2
YARYUL_clean,76.8
YARZEZ02_clean,84.7
YARZEZ03_clean,102.1
YARZEZ_clean,140.9
YASLOW_clean,901.8
YASLUA_clean,104.2
YATDUV_clean,248.0
YATTUK_clean,160.7
YAVSOG_clean,434.4
YAVTUN_clean,174.4
YAVVAV_clean,206.5
YAVVEZ_clean,182.1
YAVVID_clean,406.4
YAVVOJ_clean,406.3
YAVVUP_clean,408.2
YAVWAW_clean,401.1
YAVWUQ_clean,518.5
YAVZAX_clean,113.3
YAVZUT_clean,318.5
YAWBAC_clean,268.6
YAWFEI_charged,266.9
YAWFOS_clean,256.1
YAWKOX_clean,236.6
YAXBOP_SL,248.6
YAYLER_clean,238.3
YAYPOF_clean,228.0
YAYRAT_clean,511.9
YAZWOM_clean,411.9
YEBLAT_clean,205.8
YEDKOI_clean,159.9
YEDKUO_clean,230.9
YEDLAV_clean,280.1
YEFNEC_clean,135.6
YEFNOM_clean,135.2
YEFPEE_clean,135.8
YEGCUJ_clean,247.1
YEGHIC_clean,154.3
YEGKOM_clean,203.6
YEHGID_clean,1011.0
YEKQOW_clean,1145.8
YEKXET_clean,195.7
YEKXOD_clean,230.7
YEKXUJ_clean,176.9
YELYOE_clean,197.9
YEMFOM_clean,319.1
YEMJAC_clean,141.3
YEMLUY_charged,522.2
YEMMAF_clean,345.0
YENLUA_ion_b,216.7
YEQRER_clean,77.4
YEQRIV_clean,75.9
YEVQOG_clean,686.0
YEVQUM_manual,2734.1
YEYCUC_SL,313.6
YEYFEP_clean,298.8
YEZFIU_clean,300.7
YEZKEV_clean,463.0
YIBMUT_clean,295.0
YICDAR_clean,408.9
YICREI_clean,226.8
YIKJOT_clean,561.7
YIKJUZ_clean,621.4
YILJAG_clean,253.0
YILJUA_clean,316.2
YILKAH_clean,237.0
YINCEF_clean,263.7
YINCIJ_clean,281.5
YINCOP_clean,264.2
YINCUV_clean,726.1
YINDOQ_clean,570.9
YINPEQ_clean,107.7
YINXIE_clean,303.2
YIRHOY_clean,398.3
YISFEL_clean,137.0
YIVNIC_clean,325.6
YIVZIO_clean,257.4
YIVZOU_clean,391.7
YIWBEN_clean,236.5
YIWLEV_clean,93.5
YIWLIZ_clean,99.0
YIWMEW_clean,120.1
YIWMOG_clean,151.8
YIWMUM_clean,154.7
YIWNAT_clean,154.7
YIWNIB_clean,126.3
YIWPAV_clean,122.2
YIWPEZ_SL_part,131.6
YIWPID_clean,166.4
YIXFIW_clean,416.7
YIXYUB_clean,376.5
YIXZEM_clean,322.0
YIYHAQ_clean,443.5
YIZGEV_clean,446.5
YIZGIZ_clean,450.2
YIZGOF_clean,450.6
YIZWIN_clean,256.6
YOBYAR_clean,369.0
YOBYEV_clean,312.1
YOCCIE_clean,302.0
YOCDUR_clean,357.4
YOCLEJ_clean,182.7
YOCLIN_clean,179.3
YOCNAH_clean,370.5
YOCSEQ_clean,239.0
YODRAM_clean,370.6
YODWOF_clean,116.4
YODWUL_clean,127.8
YOFGOR_clean,357.1
YOFXEY_clean,375.5
YOFXIC_clean,384.0
YOGKOW_clean,470.7
YOGVEX_clean,321.9
YOKKIU_clean,410.4
YOLGUB_clean,116.2
YOMBAE_charged,312.7
YOMZIL_clean,320.6
YONNAR_clean,373.5
YONNUL_clean,397.2
YOPPAW_clean,348.5
YOQLAT_clean,242.0
YORGOD_clean,224.3
YORLEY_clean,1205.9
YORNIE_clean,312.1
YOTXOW_clean,239.3
YOYBUL_clean,276.5
YOYNUX_clean,353.8
YOYPAF_clean,340.0
YOYPEJ_clean,346.4
YOYPIN_clean,245.5
YOYPOT_clean,336.3
YOYPUZ_clean,337.0
YOYQAG_clean,344.6
YOYQEK_clean,331.9
YOYQIO_clean,298.5
YOYQOU_clean,508.5
YOYQUA_clean,239.5
YOYRAH_clean,246.8
YOYREL_clean,247.4
YOYRIP_clean,242.8
YOYTOX_clean,448.8
YOYTUD_clean,462.5
YOYVAL_clean,447.2
YOYVEP01_clean,460.0
YOYVOZ01_clean,445.1
YOYVOZ_clean,431.4
YOYWEQ01_clean,451.4
YOYWEQ_clean,457.1
YOYZET_clean,511.4
YOZBOF_SL,682.9
YOZCAS_manual,615.2
YOZJEE01_clean,446.6
YOZJEE_clean,437.1
YOZKOP_clean,277.4
YOZNAE_clean,758.4
YOZQAG_charged,358.5
YOZQEK_clean,291.8
YOZYOD_clean,250.9
YOZYUJ_clean,286.3
YUBFOR_clean,242.2
YUBGIN_clean,154.3
YUBQET_clean,386.7
YUBTUM_clean,505.3
YUCZOM_clean,202.2
YUDFEK_clean,313.8
YUDFIO_clean,389.9
YUDFOU_clean,391.5
YUFLIW_clean,231.5
YUFLOC_clean,186.8
YUGLES_clean,118.6
YUGZIK_clean,423.1
YUHHIU_clean,195.9
YUJCOX_clean,178.0
YUJNOH_clean,219.2
YUKCAJ_clean,302.4
YUKKAR_clean,278.0
YULNOK_clean,331.9
YUMFUJ_clean,225.5
YUMJAS_clean,241.0
YUMKAU_clean,261.5
YUMYUC_clean,198.8
YUNJUO_clean,236.3
YUNKAV_clean,266.1
YUNKIC_charged,396.9
YUNXAI_clean,549.0
YUPSIM_clean,287.5
YURJUR_clean,155.2
YURKAY_clean,225.2
YURKEC_clean,353.5
YURKIG_clean,204.5
YUSGID_clean,332.6
YUSGOJ_SL,323.3
YUSWEP_manual,2716.5
YUSWEQ_clean,311.0
YUSWIU_clean,294.4
YUTDUO_clean,369.1
YUTGEZ_clean,170.9
YUXLEJ_clean,1139.1
YUXLIN_clean,1123.3
YUXQIS_clean,336.1
YUXQOY_clean,242.5
YUYBIF_clean,287.8
YUYGOQ_clean,324.6
YUYLIP_clean,338.6
YUYLOV_clean,313.6
YUZCON_clean,487.6
YUZPEQ_clean,627.2
YUZPIU_clean,760.6
YUZPOA_clean,446.1
YUZRAO_clean,276.2
YUZRES_clean,273.8
YUZXAT_clean,389.5
ZABQIC_ion_b,197.9
ZACHIX_clean,765.0
ZAFXAI_clean,284.2
ZAGHAT_clean,227.6
ZAHLEC_clean,120.4
ZALDUO_clean,184.0
ZALGEB_clean,252.4
ZALREM_clean,239.9
ZAQWEW_clean,325.5
ZAQZOG_clean,318.9
ZARLEL_clean,198.2
ZARLIP_clean,351.7
ZARLUB_charged,283.7
ZARMAI_charged,257.1
ZARPUF_clean,156.1
ZARQAM_clean,258.9
ZARTAP03_clean,285.1
ZARVIZ_clean,277.6
ZARZAV_clean,361.8
ZASJAG_clean,261.0
ZAVPET_clean,354.9
ZAVPIX_clean,272.3
ZAVPOD_clean,357.2
ZAVPUJ_clean,350.7
ZAVQAQ_clean,353.1
ZAVQEU_clean,364.9
ZAVQIY_clean,355.6
ZAVQOE_clean,354.4
ZAVQUK_clean,356.9
ZAVRAR_clean,356.0
ZAVREV_clean,359.9
ZAVRIZ_clean,362.5
ZAXQOG_clean,193.5
ZAXQUM_charged,253.1
ZAYJOA_charged,333.4
ZAZBUZ_clean,189.8
ZEBMAW_clean,312.0
ZECKID_clean,152.8
ZECKOJ_clean,206.5
ZEDLOL_clean,308.2
ZEDQEG_clean,192.4
ZEDROR_clean,356.8
ZEDVOV_charged,452.3
ZEDVUB_charged,545.5
ZEDWAI_charged,537.8
ZEDZAL01_clean,274.8
ZEDZAL_clean,286.1
ZEKRIS_clean,224.5
ZELQAK_clean,525.9
ZELROZ_manual,84.0
ZERQOE_clean,558.9
ZETLER_clean,355.9
ZEVXAB_clean,806.3
ZEXKUK_clean,346.8
ZEZFIV_clean,234.2
ZEZPAX_clean,238.8
ZEZPUR_clean,233.8
ZEZQAY_clean,229.8
ZEZQEC_clean,232.3
ZEZQIG_clean,239.5
ZICCIZ_clean,266.7
ZIDBEV_clean,203.9
ZIDNEH_clean,695.3
ZIDVAL_clean,584.8
ZIGFIG_clean,808.1
ZIHFUR01_clean,395.4
ZIHFUR_clean,394.5
ZIHTEP_clean,240.8
ZIJSAO_clean,256.0
ZIJVOF01_clean,227.5
ZIKJIO_clean,207.8
ZIKJOU_clean,217.3
ZILBAZ_clean,377.6
ZILBED_clean,287.1
ZILBIH_clean,461.3
ZILFOR_manual,308.2
ZIMLAK_clean,189.2
ZIMLEO_clean,194.5
ZIMLIS_clean,189.8
ZIMTAS_clean,210.3
ZINDAD_clean,511.8
ZIQJEQ_clean,250.9
ZISFEO01_clean,204.4
ZISFEO_clean,173.9
ZISYAD_clean,316.6
ZITRUP_clean,126.1
ZIWLUO_clean,538.2
ZOFZIF_clean,241.1
ZOFZOL_clean,213.0
ZOFZUR_clean,362.5
ZOHFUZ_clean,869.9
ZOMNEW_clean,289.7
ZOMNIA_clean,300.0
ZOMNUM_clean,345.3
ZOTKAW_clean,371.6
ZOXFEZ_clean,195.5
ZOXGOK_clean,317.6
ZOXNEH_clean,185.5
ZOZCIC_clean,362.6
ZOZHON_clean,517.1
ZOZKAC_clean,300.4
ZOZKEG_clean,477.5
ZOZPUB_clean,310.7
ZUBFIN_clean,1403.0
ZUDQUM_clean,241.9
ZUDRAT_clean,332.8
ZUDXAZ_clean,272.5
ZUGDEM_clean,218.2
ZUKNAW_clean,133.5
ZUNZIT_clean,242.0
ZUPBET_clean,233.4
ZUQMAB_clean,351.4
ZURQOS_clean,211.5
ZURROT_clean,258.3
ZUSBIA_clean,248.3
ZUSBOG_clean,170.8
ZUTBIB_clean,1000.4
ZUTBUN_clean,2996.6
ZUWXUM_clean,287.0
ZUXPOZ_clean,183.4
ZUZZEB_clean,247.2
