MOF,Total time (s)
1499489-acs.cgd.6b01265_1499490_clean,172.2
ACOCOM_clean,526.2
ACOCUS_clean,516.2
ACODAZ_clean,495.4
acs.cgd.5b01554_VAGNUP1452791_clean,90.5
acs.chemmater.5b03723_cm5b03723_si_004_clean,221.1
acs.chemmater.5b03723_cm5b03723_si_005_clean,119.5
acscombsci.5b00188_34903_clean,131.8
acscombsci.5b00188_5013797_clean,63.3
acs.inorgchem.5b02316_ic5b02316_si_002_clean,412.2
acs.inorgchem.5b02378_ic5b02378_si_002_clean,480.6
acs.inorgchem.6b00136_ic6b00136_si_002_clean,170.6
acs.inorgchem.6b00276_ic6b00276_si_006_clean,1336.3
acs.inorgchem.6b01211_ic6b01211_si_002_clean,85.0
acs.inorgchem.6b01416_ic6b01416_si_004_clean,99.0
acs.inorgchem.6b01762_ic6b01762_si_002_clean,96.9
acs.jpcc.6b04690_jp6b04690_si_005_clean,507.3
ADOBIF_clean,61.7
AFEKAX_clean,73.0
AGUBUA_clean,74.1
AHIYOH_clean,201.6
AHUFIU_clean,85.9
AKOXIJ_clean,314.4
am301365h_si_002_clean,84.9
AMIZIG_clean,99.6
ANOMOG_clean,66.7
APEBII_clean,250.3
APEBOO_clean,341.4
AQEGUY_clean,106.0
AQERUL_clean,1020.1
AQIXUU_clean,132.6
AQOLOJ_clean,114.9
AQOTIK_clean,43.3
ASANAL_clean,107.1
ASEKAM_clean,93.3
ASEXED_clean,225.6
ASIVEF_clean,96.9
ATEJOA_clean,291.7
ATEZEG_clean,79.7
ATEZIK_clean,78.3
ATUZEW_clean,103.2
AVETAY_clean,50.4
AWEJES_clean,140.3
AWEWOP_clean,138.1
AWUPOZ_clean,50.2
AXIGAR_clean,59.3
AXINAX_clean,99.3
BABREE_clean,171.3
BADXAI_clean,250.1
BAKYIY_clean,71.0
BEGDEY_clean,208.0
BERQIA_clean,284.9
BETDOV_clean,85.5
BETFOX_clean,88.3
BEWCUD_clean,63.1
BEWVEG_clean,78.9
BEXTUV_clean,103.7
BEXVAD01_clean,85.2
BEXVAD_clean,91.2
BEXVIL_clean,45.5
BICDAU_clean,43.6
BIHBEB_clean,89.6
BIJFAD_clean,110.6
BINMIW_clean,185.2
BIPBAF_clean,78.2
BIRGIU_clean,93.5
BIWSOQ_clean,129.9
BOHWOM_clean,110.6
BORBEQ_clean,77.4
BOSHIC_clean,161.8
BOWSOW_clean,58.5
BUBDIL_clean,547.9
BUCSAU_clean,149.3
BUCSIC01_clean,158.5
BUKMUQ_clean,35.8
BUPDOH_clean,120.0
BUVVIZ_clean,143.8
BUVVOF_clean,156.1
BUXTUL_clean,240.4
c4dt02048k_c4dt02048k2_clean,94.8
c4ra13058h_c4ra13058h2_clean,166.7
c5cc09935h_c5cc09935h2_clean,89.0
c5ce00923e_c5ce00923e2_clean,178.5
c5ce00931f_c5ce00931f2_clean,92.8
c5ce01790d_c5ce01790d1_clean,182.5
c5ce02503f_c5ce02503f2_clean,782.7
c5dt01100k_c5dt01100k2_clean,107.3
c5dt02651b_c5dt02651b2_clean,104.4
c5dt03038b_c5dt03038b2_clean,68.6
c5dt03710g_c5dt03710g2_clean,70.3
c5dt04943a_c5dt04943a2_clean,75.2
c5dt05023e_c5dt05023e2_clean,138.5
c5nj02236c_c5nj02236c2_clean,134.5
c5nj03044g_c5nj03044g2_clean,192.6
c5qi00128e_c5qi00128e2_clean,149.5
c5sc00614g_c5sc00614g2_clean,321.2
c5ta03835a_c5ta03835a2_clean,116.6
c5ta05481h_c5ta05481h2_clean,307.8
c5ta09507g_c5ta09507g2_clean,906.4
c5ta10401g_c5ta10401g2_clean,580.9
c6cc00589f_c6cc00589f2_clean,84.6
c6cc00589f_c6cc00589f3_clean,29.1
c6cc01597b_c6cc01597b2_clean,111.8
c6cc03787a_c6cc03787a2_clean,140.7
c6ce00465b_c6ce00465b2_clean,39.8
c6dt01288d_c6dt01288d2_clean,266.1
c6ta07145g_c6ta07145g2_clean,435.2
CACNOM_clean,106.9
CASWIE_clean,50.6
CAVMIX_clean,207.0
CAXSUR_SL,80.3
CAYQIE_clean,64.6
CAYQOK_clean,133.6
CAYQUQ_clean,77.4
CEDFOI_clean,193.5
CEDFUO_clean,133.7
CEKNIQ_clean,166.1
CEMKOV_clean,78.0
CESFIQ_clean,131.5
CESFOW_clean,84.2
CEYYIQ_clean,75.4
cg050585esi20051105_115011_clean,125.2
cg100357q_si_002_clean,199.8
cg2007167_si_002_clean,134.5
cg3002866_si_001_clean,279.4
cg300979c_si_002_clean,123.3
cg3015354_si_002_clean,102.5
cg4012185_si_002_clean,346.6
cg500192d_si_002_clean,152.5
cg5008236_si_002_clean,1220.2
cg501141m_si_003_clean,163.3
cg801267m_si_001_clean,125.3
cg801267m_si_002_clean,124.3
cg801267m_si_003_clean,101.5
cg801267m_si_004_clean,100.3
CILFIN_clean,62.0
CIPLIX_clean,59.1
CIQQIE_clean,358.0
cm071462f-file004_clean,60.2
CODVAU_clean,532.0
COJMIZ_clean,164.6
COJMOF02_clean,136.3
comp2_clean,182.7
COQJID_clean,164.5
COQJOJ_clean,135.0
COQJUP_clean,146.0
COWDEZ_clean,315.1
COXDIE_clean,163.1
COYMIN_clean,249.6
CUFQUR_clean,103.0
CUGLIB_clean,54.8
CUGYIO_clean,55.2
CUGZAH_clean,57.1
CUHLUO_clean,462.9
CUPHIG_clean,77.7
CUQRUD_clean,63.2
CURZAR_clean,169.3
CUSXIY_clean,129.5
CUSXOE_clean,264.9
CUTCAX_clean,98.6
CUTFII_clean,98.6
CUVTIX_clean,439.9
CUVVOG_clean,142.1
CUWHUZ_clean,442.7
CUWXAV_clean,87.8
CUXFUX_clean,207.5
DACSAE_clean,228.2
DACSEI_clean,240.5
DADXUE_clean,245.9
DAFXUG_clean,209.1
DALVEU_clean,178.2
DAMRAN_clean,74.7
DANZOJ_neutral,60.0
DAZCAK_clean,303.0
DEKPUF_clean,85.9
DEYDOA_clean,50.3
DEYLOJ_clean,96.3
DIMQIB_clean,147.7
DITPED_clean,410.8
DIWMUT_clean,171.7
DIZVAK_clean,75.6
DOFTID_clean,86.1
DOFTOJ_clean,91.9
DOGBAE_clean,262.1
DOJXOR_clean,152.2
DOLWEI_clean,243.8
DOMGAP_clean,137.6
DONXOV_clean,174.7
DOTFOJ_clean,315.6
DUDKIY_clean,87.7
DUKNEE_clean,304.4
DUNYOC_clean,210.2
DUQRUD_clean,187.9
DUSHEG_clean,1305.5
DUSHIK_clean,1287.8
DUXZIG01_clean,26.3
DUZKAM_clean,112.3
DUZKEQ_clean,87.8
EBEWUG_clean,66.9
EBEXAN_clean,64.4
EBEXIU02_clean,96.8
EBEXIV_clean,62.5
EBOXEA_clean,88.4
ECEZAO_clean,78.9
EDUSOL_clean,415.3
EDUTUS_clean,57.2
EDUVAA_clean,95.7
EDUVEE_clean,378.2
EDUVII_clean,80.6
EDUWAB_clean,36.4
EFEGEC_clean,175.8
EFESIT_clean,354.7
EGABAR_clean,99.5
EGEJOQ_clean,280.4
EGEJUW_clean,170.9
EHUSUX_clean,209.4
EHUTAE_clean,277.6
EJATIS_clean,282.3
EJESUJ_clean,71.4
EKADIF_clean,792.2
EKEKIQ_clean,73.3
EKEKOW_clean,231.9
EKEMEO_clean,358.0
ELECIJ_clean,169.9
ELEROE_clean,259.5
ELOZIQ_clean,334.2
EMIREX_clean,123.3
ENCDBZ01_clean,53.7
ENCDBZ_clean,31.9
ENCNBZ01_clean,36.1
ENEQUL_clean,157.4
EPECOT_clean,231.5
EPUSUE_clean,99.0
EQOCOC01_clean,113.8
ERALEQ_clean,181.7
ERALIU_clean,135.0
ERAMUH_clean,313.4
ERANES_clean,94.1
ERANOC_clean,115.3
ERAQAR_clean,67.4
ERUNUC_clean,424.2
ESARIB_clean,608.5
ESEBOV_clean,48.0
ETIPII_clean,152.8
ETIXAI_clean,193.4
ETIYEN_clean,199.0
EVADEK_clean,378.6
EVADIO_clean,442.9
EVOTIT_SL,356.3
EWETOR_clean,363.5
EYOCUS_clean,235.5
EZIMEG_clean,142.3
EZIMIK_clean,135.9
EZOBUR01_clean,683.7
EZOFUV_clean,47.0
FAKHIK_clean,200.1
FALRIV01_clean,139.0
FALRIV_clean,145.5
FALROB_clean,137.1
FALSAO_clean,143.6
FASGIS_clean,127.1
FAVDAK_clean,154.0
FAVDEO_clean,107.1
FAVDIS_clean,113.4
FAVFOA_clean,710.7
FAYLIC_clean,45.2
FECFAV_clean,119.9
FECJUT_clean,241.9
FECYOD_clean,276.0
FEVNEA_charged,150.8
FEVNOL_clean,546.8
FEWWEL_clean,266.7
FEWWIP_clean,303.8
FEWXEM_clean,266.6
FEWXIQ_clean,253.6
FEYJID_clean,147.1
FEYQUW_clean,88.7
FEYZUF_clean,139.2
FEZCIX_clean,69.9
FIDMIP_clean,149.3
FIHHOV_clean,70.0
FIHHUB_SL,129.4
FIJCUX_clean,74.0
FIJFIO_clean,86.3
FIJFOU_clean,90.4
FIPJEV_clean,141.0
FIPWUY_clean,172.3
FIQCEN_clean,53.6
FIQKIB_clean,151.4
FISGOF_clean,50.2
FISXEM_clean,138.2
FIWKUT_clean,188.5
FOCZEE_clean,132.9
FOFCIO_clean,114.4
FOFHEO_clean,116.7
FOFTOL_clean,79.4
FOPFAS_clean,1376.2
FOPTOU_clean,267.8
FOQNIK_clean,76.8
FOQNOQ01_clean,70.8
FOQNOQ02_clean,70.3
FOQNOQ_clean,66.1
FOQNUW01_clean,70.4
FOQNUW02_clean,69.8
FOQNUW_clean,69.7
FOQPAE01_clean,75.5
FOQPAE02_clean,75.4
FORWAL_clean,85.3
FORXAM_clean,1094.0
FOSTOY_clean,661.4
FUDQIF_clean,63.2
FUHJOJ_clean,153.9
FUSWIA_clean,45.2
FUTZIF_clean,107.8
FUVBOP_clean,94.5
FUVDEH01_clean,270.4
FUVDEH02_clean,259.6
FUVDEH03_clean,265.1
FUVDEH04_clean,266.0
FUVDEH05_clean,323.1
FUVDEH09_clean,270.1
FUVDEH10_clean,272.8
FUVDEH11_clean,273.3
FUVDEH13_clean,271.0
FUVDEH_clean,263.1
FUVGAG02_clean,243.2
FUWFUA_clean,123.5
FUWQIZ_clean,97.6
FUYCAE_clean,70.7
FUYCUZ_clean,392.2
GABYUG_clean,182.5
GACBIY_clean,130.1
GACYER_clean,118.3
GAFGEC_clean,140.6
GAHSEQ_clean,115.0
GALFAB_clean,143.6
GANBAZ01_clean,127.9
GANBAZ02_clean,58.7
GANBAZ_clean,121.7
GANBED02_clean,95.7
GANBED_clean,104.6
GANBIH_clean,122.6
GASTIG_clean,115.3
GATQIE_clean,157.2
GATQOK_clean,322.2
GAYFOD_clean,54.3
GEBPEK_clean,59.2
GEBSAJ_clean,452.7
GEDPAH_clean,79.5
GESNIC_clean,98.2
GEYFIB_clean,241.6
GEZYUH_clean,143.9
GIFKIP_clean,52.7
GIJXAA_clean,98.7
GINNUO_clean,140.2
GITSUY_clean,221.0
GITVAH01_clean,408.8
GITVAH_clean,443.9
GOBTAT_clean,148.8
GOLDAO_clean,250.5
GONMUT_clean,809.2
GONSUZ_clean,61.2
GOPLUS_clean,76.5
GOQWOY_clean,62.5
GORJEE_clean,235.5
GORWUF_clean,75.4
GUKCIA_clean,161.8
GUPBOJ03_clean,189.7
GUPCEA_clean,628.2
GURPOZ_clean,332.3
GUZVOO_clean,111.0
HABCEV_clean,88.4
HABCIZ_clean,79.0
HABCOF_clean,79.8
HABDAS_clean,79.4
HABRUZ_clean,88.5
HACDOH_clean,249.7
HACDUN_clean,325.5
HACRAH_clean,230.1
HACREL_clean,268.2
HAFQOW_clean,82.8
HAFQUC_clean,52.0
HAMJUC_clean,298.8
HANKIS_clean,1664.2
HANKOY_clean,1706.7
HAWGIY_clean,144.5
HAXNOJ_clean,39.9
HEGKAP_clean,244.6
HEXNII_clean,78.1
HICGEG_clean,183.1
HICZIE_clean,83.1
HIDDAB_clean,87.7
HIQKID_clean,82.0
HIVSAI_clean,110.1
HIWMAD_clean,88.2
HIZSEQ_clean,60.6
HIZTUG_clean,122.6
HOGJET_clean,83.3
HOJJUN_clean,122.8
HONXAL_clean,393.8
HOQNOS_clean,103.1
HOVGEG_clean,149.1
HOZFIN_clean,69.3
HUBQEC_clean,158.8
HUCSEF_clean,180.7
HUDCEQ_clean,70.8
HUGTOT_clean,390.5
HUHBUJ_clean,475.8
HUNCIE_clean,81.6
HURFIL_clean,173.8
HURFOR_clean,133.0
HUVNAP_clean,433.4
HUXHUF_clean,103.5
HUYFAJ_clean,195.1
HUZYEI_clean,253.8
HUZYIM_clean,351.0
IBAPOS_clean,50.5
IBAQAF_clean,51.0
IBAQEJ_clean,50.4
IBIYUO_clean,255.3
IBURAZ_clean,113.7
ic062019u-file003_clean,151.9
ic1010083_si_002_clean,589.0
ic200054b_si_002_clean,171.8
ic302758g_si_002_clean,363.3
ic403175w_si_002_clean,151.0
ic5005374_si_003_clean,214.9
ic502478u_si_003_clean,321.6
ic502488c_si_002_clean,158.6
ic502643m_si_011_clean,59.6
ic502643m_si_012_clean,75.9
ic5b00096_si_002_clean,474.4
ic5b00561_si_002_clean,293.5
ic8008859_si_001_clean,280.5
ic801677y_si_001_clean,98.9
ICAREL_clean,181.9
ICIKAH_clean,713.4
ICITIY_clean,105.6
ICIVEW_clean,54.0
IDUYOX_clean,74.9
IFEPUG01_clean,323.4
IFEPUG02_clean,263.4
IFEPUG03_clean,249.6
IFEPUG04_clean,262.3
IFEPUG05_clean,244.7
IFEPUG06_clean,261.0
IFEPUG07_clean,275.0
IFEPUG08_clean,271.2
IFEPUG09_clean,312.9
IFEPUG10_clean,318.1
IFEQER_clean,247.2
IFUPAC_clean,96.0
IGORUS_clean,54.6
IGUCEU_clean,251.0
IJAPIU_clean,108.9
IJAPOA_clean,105.1
IJENIV_clean,141.1
IJENOB_clean,394.2
IJEXUS_clean,113.0
IKOTEH_clean,180.4
ILITON_clean,83.3
ILOWAI_clean,148.8
IMACZN01_clean,87.1
IMAXOL_clean,121.3
IMULEH_clean,172.9
IMUVES_clean,494.8
INASAT_clean,156.9
INECIP_clean,168.2
INECOV_clean,118.2
INEPEY_clean,97.1
INEXEG_clean,151.9
INIROO_clean,115.8
IPEBEM_clean,448.4
IPIVOT_clean,140.2
IREGOD_clean,131.6
IRUVUO_clean,385.7
ISEQIH_clean,76.5
IVEKEA_clean,609.8
IVIPEK_clean,147.7
IWAHIZ_clean,160.4
IWAHUK_clean,300.8
IWEVUD_clean,98.9
IWEWAK_clean,107.3
IWEWEO_clean,94.9
IWEWIS_clean,112.7
IWEWOY_clean,145.6
IXIKOR01_clean,495.6
IXIKOR_clean,504.5
IYALUR_clean,843.6
IYIHUU_manual,93.7
IYITOB_clean,82.5
IYOCUW_clean,81.9
IYOVEY_clean,60.6
IYUHOB_clean,99.2
IZIHIK_clean,157.1
IZULUL_clean,184.5
IZUSEC_clean,145.6
ja0660047si20060818_060256_clean,118.7
ja0660047si20060818_060458_clean,143.1
ja0734952si20070516_030528_clean,382.6
ja078060t-file002_clean,452.0
ja101440z_si_001_clean,87.7
ja102862j_si_005_clean,121.1
ja111042f_si_002_clean,40.6
ja202154j_si_003_clean,108.8
ja206029a_si_003_clean,153.3
ja4015666_si_002_clean,54.5
ja4015666_si_003_clean,55.7
ja4015666_si_005_clean,57.0
ja403810k_si_003_clean,883.3
ja406030p_si_010_clean,570.1
ja410368j_si_002_clean,111.5
ja501810r_si_002_clean,48.3
ja507119n_si_002_clean,223.4
ja507971r_si_004_clean,86.8
ja508679h_si_001_clean,612.7
ja5109535_si_002_clean,250.6
ja5111317_ja5111317_si_003_clean,386.3
ja5b00450_si_002_clean,150.8
ja5b00450_si_003_clean,916.1
jacs.5b11034_ja5b11034_si_002_clean,147.4
jacs.5b11079_ja5b11079_si_002_clean,149.1
jacs.6b01663_ja6b01663_si_002_clean,48.1
jacs.6b02030_ja6b02030_si_004_clean,144.0
jacs.6b03263_ja6b03263_si_002_clean,456.7
jacs.6b04608_ja6b04608_si_002_clean,701.3
jacs.6b06375_ja6b06375_si_001_clean,406.5
jacs.6b08724_ja6b08724_si_010_clean,44.6
jacs.6b08724_ja6b08724_si_011_clean,45.0
jacs.6b08724_ja6b08724_si_012_clean,26.5
jacs.6b08724_ja6b08724_si_013_clean,45.3
jacs.6b08724_ja6b08724_si_015_clean,45.4
JADBEY_clean,134.8
JADMIN_clean,419.6
JAJZAY_clean,70.0
JALLIU_clean,171.0
j.inoche.2015.02.023_INC05895-mmc1_clean,108.6
j.inoche.2015.03.005_INC05902-mmc1_clean,561.1
JIVQOU_clean,200.5
JIVSAJ01_clean,521.9
JIVSEN01_clean,370.3
JIVSIR01_clean,411.3
j.jssc.2015.08.048_mmc2_clean,262.2
j.jssc.2016.06.015_ZJU-10_clean,80.3
JOBFEM_clean,199.6
JOBFIQ_clean,249.5
JOHQUT_clean,87.0
JOHSIJ_clean,181.1
JOQSIT_clean,80.1
JOZWOM_clean,159.0
JOZWUS_clean,160.7
jp302979a_si_002_clean,90.1
JUKPAI_clean,212.8
JUSGUB_clean,297.6
JUTCOS_clean,171.1
JUYBEM_clean,69.1
KACGAZ_clean,94.8
KACGED_clean,202.8
KACKIL_clean,45.7
KAHZAW_clean,48.6
KALFUA_clean,176.6
KARMUN_clean,334.3
KAVXAI_clean,126.7
KELJAN_clean,390.6
KEVBIY_clean,640.7
KEVBOE_clean,615.6
KEWJIG_clean,171.7
KIFDIM_clean,68.6
KINMUR_clean,84.6
KINSEH_clean,65.7
KODPUP_clean,72.1
KOGSOQ_clean,140.4
KOJZOZ_clean,124.7
KOMHEB_clean,184.0
KOMHIF_clean,201.8
KOMHOL_clean,195.6
KOMHUR_clean,201.7
KOMJAZ_clean,206.5
KOQGAA_clean,84.5
KOVGOT01_clean,107.4
KOVGOT_clean,108.0
KOZNEU_clean,141.8
KOZQIB_clean,71.2
KUGFAU_clean,83.6
KUHZET_clean,461.7
KUKPUD_clean,55.3
KUKQAK_clean,259.9
KULMAG_clean,226.1
KULMIO_clean,151.4
KUNLAH_clean,138.6
KUSDOT_clean,154.0
KUXROM_clean,99.1
KUXSAZ_clean,78.3
KUZYUB_clean,91.6
LABMOT_clean,89.4
LABMUZ_clean,316.8
LABNEK_clean,107.5
LABNOU_clean,311.2
LABNUA_clean,88.3
LABPEM_clean,303.9
LABPIQ_clean,91.2
LABPOW_clean,108.3
LABPUC_clean,105.8
LABQAJ_clean,97.0
LABQEN_clean,103.0
LACYEW_clean,88.4
LACYIA_clean,102.0
LACYOG_clean,78.5
LACYUM_clean,128.5
LACZAT_clean,118.7
LACZIB_clean,47.2
LAGVEX_clean,71.8
LAGWIB_clean,48.1
LAJFAG_clean,314.1
LAJKUE_charged,440.6
LAJLAL_charged,404.5
LAJLEP_charged,454.8
LAPLEW_clean,403.0
LAPLOG01_clean,399.6
LAPLOG_clean,486.3
LAPLUM_clean,574.3
LAPMAT_clean,496.4
LAPMEX_clean,593.9
LAPMIB_clean,442.7
LAPMOH_clean,535.0
LAPMUN_clean,546.7
LAPNAU_clean,440.9
LAPNEY_clean,444.6
LAPNIC_clean,361.2
LAPNOI_clean,385.7
LAPNUO_clean,335.5
LAPZEK_clean,109.0
LAQNOJ_clean,99.3
LAQNUP_clean,106.1
LATBUG_clean,138.9
LATCAN_clean,139.0
LATCIS_clean,26.4
LAVMAY_clean,77.3
LAWGOI_clean,105.4
LAWGUO_clean,97.9
LAWHEZ01_clean,99.8
LAWHEZ_clean,100.1
LAWHID_clean,97.4
LAXCUK_clean,109.3
LAZXIV_clean,88.4
LEJCEK_clean,58.2
LEJZOQ_clean,206.5
LELDOX_clean,656.3
LENGES_clean,468.2
LEQBUG_clean,94.6
LEQCAN_clean,92.0
LETREJ_clean,326.0
LEWZET_clean,49.9
LEZJOQ_clean,98.1
LEZJUW_clean,344.7
LIDSAU_clean,105.0
LIDSEY01_clean,230.7
LIDSEY_clean,102.4
LIDSIC_clean,126.8
LIFWEE_clean,43.3
LIHKAQ_clean,218.6
LIKCOY_charged,57.9
LIQTUC_clean,171.8
LIRTUC_clean,151.4
LIXXEW_clean,125.2
LOCRUR_clean,47.3
LODCUC_clean,105.6
LODTAB_clean,60.7
LOFJAT_clean,74.9
LORNEL_clean,34.4
LOSYAV_clean,77.2
LOXVUR_clean,240.4
LOZSOK_clean,187.0
LOZSUQ_clean,182.9
LUDKIG_clean,159.2
LUDTUZ_clean,93.3
LUDVAH_clean,112.5
LUDVEL_clean,81.6
LUDVOV_clean,82.9
LUKLIN_clean,96.8
LURRIA_clean,78.7
LURRUM_clean,269.1
LUSQOH_clean,452.2
LUTZEH_clean,600.3
LUWMUN_clean,61.2
LUWNAU_clean,60.9
LUXFEQ_charged,243.2
LUYBIS_clean,131.4
MAFFUW_clean,245.5
MAJJUF_clean,47.0
MAJKAM_clean,180.8
MAMVED_charged,733.1
MAQMEZ_clean,128.8
MAVRAE_clean,100.5
MAXHUP_clean,75.7
MAZSOX_clean,72.0
MIBQAR16_clean,33.2
MIMSIM_clean,148.7
MINCET_clean,178.2
MIPHEA_clean,945.7
MIVFUU_clean,78.2
MIXYOJ_clean,159.5
MIZKAI_clean,136.3
MIZPUI_clean,55.7
MODNIC_clean,72.1
MOKVOZ_clean,104.4
MOXBOS_clean,87.1
MOXPAR_clean,487.4
MOYMUJ_clean,234.1
MOYTUR_clean,221.7
MOYZIK_clean,36.8
MUFZIY_clean,128.0
MUGXIX_clean,142.3
MUKQUG_clean,108.8
MUKRAN_clean,120.7
MULXUO_clean,107.2
MUMLOX_clean,145.1
MUTCEL_clean,120.0
MUVJAP_clean,88.2
MUWRON_clean,86.4
MUZKEZ_clean,141.1
NACZUP01_clean,359.9
NACZUP03_clean,374.9
NACZUP_clean,368.7
NAHHOW_clean,84.3
NANPUN_clean,23.8
NATHOI_clean,222.1
NATXOW_clean,78.7
NAYHAY_clean,96.8
NEBYOK_clean,140.5
NEDLOZ_clean,151.4
NENHEU_clean,228.8
NIKHAS_clean,119.7
NIMQAC_clean,168.4
NIMQAD_clean,108.9
NIMQEH_clean,85.3
NIRFIE_clean,144.7
NIXFUX_clean,265.4
NIXGIM_clean,224.0
NIXKIQ_clean,182.1
NOBWEI_clean,305.6
NODKEX_clean,52.0
NODKIB_clean,175.2
NOFRIK_clean,528.9
NOHQEI_clean,713.6
NOMPOW_clean,117.0
NORPIV_clean,277.1
NUCPIM_clean,71.6
NUDLAB_clean,90.5
NUDLEF_clean,181.4
NUMPAO_clean,50.4
NUNZUT_clean,103.0
NUSXEG_clean,279.4
NUTQEZ_clean,47.6
NUTYOS_clean,92.4
NUVWIL_clean,62.4
NUVXUZ_clean,245.4
NUZCIV_clean,264.7
OBUBIW_clean,91.0
OCILEU_clean,97.6
OCILIY_clean,81.8
OCIMAR_clean,98.1
OCIMEV_clean,88.9
OCIMIZ_clean,56.9
OCIMOF_clean,87.9
OCIMUL_clean,93.6
OCINAS_clean,101.4
OCIZAD_clean,119.8
OCUMUX_clean,134.0
OCUPOS_clean,77.2
OCUTAI_clean,80.5
ODIXIK_clean,210.9
OFAMUF_clean,59.7
OFODAP_clean,50.2
OFORUX_clean,90.0
OGIJIY_clean,137.3
OGOJAX_clean,80.5
OHAQAR_clean,975.5
OHOLIH_clean,95.2
OJIFAP_clean,133.1
OJIWEK_clean,131.5
OJOSEN_clean,72.2
OJOSIR_clean,137.3
OJUPEQ_clean,359.2
OKIZIT_clean,204.1
OKUJOV_clean,640.9
OKUJUB_clean,1692.6
OKUKEM_clean,917.1
OLODEA_clean,229.9
OLOGAY_clean,138.2
OLOPIQ_clean,271.7
OLOPOW_clean,465.4
OMOWEU_clean,190.9
OMUHUB_clean,405.8
OMUMEQ_clean,437.3
OMUMIU_clean,359.1
ONEYIQ_clean,2161.3
ONUJUE_clean,135.5
OPAHIY_clean,201.4
OQUFAJ01_clean,95.8
OQUFAJ03_clean,86.1
OQUFIR_clean,130.1
OQUFUD_clean,135.7
OQUGAK_clean,336.6
ORAWAH_clean,486.9
OREZUI_clean,517.1
OSOTIB_clean,76.8
OTOYUT_clean,103.0
OTOZAA_clean,75.0
OTOZEE_clean,118.2
OVADAR_clean,114.0
OVEDAW_clean,152.9
OVIWOG_clean,57.6
OVUNIE_clean,107.2
OVUVIL_clean,74.5
OXAMEG_clean,85.3
OXANOR_clean,100.7
OXANUX_clean,104.3
OXAPAF_clean,104.8
OYAJIJ02_clean,168.2
OYAKAC02_clean,166.2
OYOVOP_clean,159.2
OZASOZ_clean,232.5
PACHUZ_clean,134.6
PALTIH_clean,203.5
PAQMAY_clean,215.8
PAQTIM_clean,123.6
PAQTOS_clean,121.1
PARSAF_clean,223.9
PARSEJ_clean,206.3
PEJMUO_clean,121.4
PEKDEQ_clean,112.0
PEKVUY_clean,76.5
PEMGEV_clean,294.1
PENNIH_clean,151.1
PEQFAT_clean,197.5
PEQTUB_clean,51.7
PETWES_clean,79.1
PETWIW_clean,77.1
PETWUI_clean,502.6
PETXAP_clean,331.2
PIBPAS_clean,97.3
PIDNEX_clean,72.8
PIDNOH_clean,620.5
PILJAX_clean,89.2
PITRIU_clean,163.2
PIVBEC_clean,93.6
POBGAQ01_clean,122.7
POBGAQ_clean,69.3
POBJIB_clean,142.4
POCRAB_clean,95.3
PUBROU_clean,138.2
PUBRUA_clean,340.8
PUBSAH_clean,84.7
PUBSEL_clean,115.0
PUBSIP_clean,90.9
PUBSOV_clean,200.9
PUCKUV_clean,120.7
PUMGIP_clean,215.0
PUPJER_clean,110.0
PUSSEC_clean,124.5
PUWCEP_charged,343.1
PUWCIT_clean,82.5
PUWZOX_clean,382.3
QAHDOU_clean,48.4
QAHDUA_clean,45.9
QAMHAQ_clean,85.8
QAMLEY_clean,41.7
QAPPON_clean,87.7
QARLON_clean,87.6
QARLUT_clean,84.4
QARMAA_clean,84.6
QAVPOU_clean,219.0
QETQIP_clean,180.3
QIKYOA_clean,66.7
QILBUK_clean,330.7
QITHAC_clean,551.8
QITHEG_clean,674.3
QIWHEL_clean,162.1
QIWQES_clean,86.0
QIYDAF01_clean,109.3
QOGGID_clean,136.0
QOGPIM_clean,211.0
QOPDAA_clean,142.3
QOTHOY_clean,86.5
QOZPEC_clean,83.0
QUJWEZ_clean,95.8
QUNMUI_clean,74.8
QUQGEP_neutral,122.5
QUQMOG_clean,259.4
QUQPIC_clean,92.7
QUQQOJ_clean,243.2
QUQZOS_clean,327.0
QURPIE_clean,444.7
QUSSAA_clean,170.8
QUSSOO_clean,104.1
QUTDAM_clean,84.2
RACZIG_clean,108.6
RAHNUL_clean,1517.0
RAHPAT_clean,1188.4
RANCEQ_clean,98.5
RANVUA_clean,129.2
RAXBOJ_clean,77.7
RAZXIA01_clean,80.8
REHHET_clean,143.0
REHHIX_clean,109.9
REHHUJ_clean,127.8
REHJAR_clean,150.5
REHTUV_clean,805.8
REJLOI_clean,294.2
REKZIR_clean,235.2
RELLAW_clean,86.4
RESDUQ_clean,102.9
RESZIA_clean,118.8
RETVIW_clean,128.7
REXCEE_clean,113.3
REXGAE_clean,194.3
RIRDIH_clean,243.0
RITGEI_clean,110.9
RITGUY_clean,55.6
RIWNAO_clean,312.0
RIZXUT_clean,33.8
ROBYOY_clean,281.5
ROKRIU_clean,589.6
ROKROA_clean,442.9
ROMMAJ_clean,112.7
RONSOE_clean,138.8
RORTID_clean,102.4
RORTOJ_clean,98.7
RORTUP_clean,104.4
RUBLUX_clean,92.7
RUBTAK04_clean,280.1
RUBTAK06_clean,295.0
RUBTAK07_clean,290.9
RUBTAK08_clean,288.2
RUBTAK09_clean,282.0
RUDPOW_clean,97.2
RUDQEN_clean,132.0
RUDQOX_clean,69.3
RUFPUF_clean,50.4
RUFZOJ_clean,92.1
RUGXIC_clean,231.0
RUGXUO_clean,133.3
RUJMAM_clean,178.4
RUKHAI_clean,210.5
RULMUI_clean,201.9
RUMWUS_clean,170.9
RUQVEF_clean,56.1
RUYNEG_clean,186.2
SABFUX_clean,42.0
SAJHUJ_clean,234.0
SAJRAW11_clean,38.4
SAKNOJ_clean,273.8
SALROO_clean,108.4
SALRUU_clean,51.2
SAMVIO_clean,60.4
SAMXUC_clean,197.0
SAMYAJ_clean,191.5
SAMYEN_clean,213.0
SAMYIR_clean,202.4
SANGIA_clean,132.7
SANGOG_clean,132.1
SANHEX_clean,134.2
SAPHOI_clean,174.2
SARPIL_clean,81.7
SEFTOO_clean,78.8
SEFVOQ_clean,80.0
SEHMUO_clean,114.0
SEHNEZ_clean,113.6
SEMPUX_clean,222.6
SENQAE_clean,211.9
SENWAL_clean,28.8
SENWIT_clean,27.9
SENWOZ_clean,27.6
SERKEG_clean,49.2
SERWET_clean,144.1
SERWIX_clean,113.6
SESLUZ_clean,166.8
SETSUH_clean,121.0
SETTAO_clean,78.7
SEZPIY_clean,71.5
SINLAE_clean,81.4
SITFUY_clean,203.7
SIVGAH_clean,64.9
SOHMOS_clean,345.3
SOKXIB_clean,174.4
SOKXOH_clean,186.0
SONTEV_clean,105.2
SOPLIU_clean,69.9
SOVHIU_clean,259.3
SUGSEU_clean,393.2
SUKKUG_clean,306.5
SUKMAO_clean,314.0
SUNLAP_clean,161.5
SUPQAW_clean,89.7
SURHEU01_clean,288.7
SURHEU02_clean,297.0
SURHEU_clean,292.4
SURKUN01_clean,284.0
SURKUN_clean,276.4
SURLEY_clean,284.7
SUWZOB_clean,264.2
SUXGUP_clean,301.7
SUXNIJ_clean,147.5
SUXSEL_clean,159.6
TACFIN01_clean,69.0
TADWOM_clean,136.3
TAPLED_clean,118.3
TATSAK_clean,105.4
TAVSER_clean,190.8
TAWSUI_clean,53.2
TAZLAJ_clean,86.4
TAZLEN_clean,89.2
TEPJAB_clean,389.5
TEQLIM_clean,127.5
TEQPEM_SL,43.2
TEQVOC_clean,88.3
TERFED_clean,69.2
TEVHEJ_clean,187.4
TILBIB01_clean,126.1
TILBIB_clean,132.7
TILBOH_clean,115.8
TILPUA_clean,754.1
TILWEQ_clean,31.3
TIMMEI_clean,591.2
TIPZOJ_clean,124.7
TIPZUP_clean,109.2
TIRKEM_clean,105.0
TIVYAZ_clean,60.9
TOFLIL_clean,97.6
TOHDAX_clean,1286.6
TOHMIO_clean,181.8
TOHZAS_clean,72.4
TOKLEM_clean,91.7
TOKLIQ_clean,90.3
TONKIR_clean,257.2
TORXEE_clean,165.3
TOTVEF_clean,150.9
TOVGUI_clean,266.2
TOVHET_clean,212.1
TOVHIX_clean,496.2
TOVKAS_clean,130.8
TOWMOJ_clean,72.7
TUBWEU_clean,936.7
TUJGAI_clean,493.1
TUWFUN_clean,223.9
UBACUX_clean,91.8
UCAJUF_clean,401.1
UDALUI_clean,60.9
UDAMET_clean,54.2
UDANIY_clean,55.8
UDAWOO_clean,92.4
UDAWUU_clean,55.9
UDAXAB_clean,89.6
UDAXEF_clean,90.3
UDAXIJ_clean,97.0
UDIQII_clean,87.3
UFEXOT_clean,257.9
UGEMOK_clean,321.9
UGOCAW_clean,1763.6
UJEGUL_clean,79.6
UKIQUB_clean,83.7
UKOLOV_clean,518.2
UKOZOL_clean,102.4
ULILEI_clean,131.9
ULOJUC01_clean,95.3
ULOJUC_clean,89.7
ULOKEN_clean,91.4
ULOKOX_clean,85.2
ULOKUD01_clean,103.0
ULOKUD_clean,90.8
ULOLAK_clean,87.8
UMEJUT_clean,33.9
UMEKAA_clean,81.0
UMIZIB_clean,309.6
UMODEH05_clean,110.3
UMOYOM01_clean,102.9
UMOYOM02_clean,102.5
UMOYOM04_clean,99.2
UMOYOM09_clean,97.8
UMOYOM12_clean,87.7
UMOYOM14_clean,102.7
UMOYOM15_clean,101.7
UMOYOM18_clean,105.2
UMOYOM19_clean,101.0
UMOYOM_clean,102.1
UNABOB_clean,153.7
UNACES01_clean,169.5
UNIFII_clean,642.6
UNIGEE_clean,32.3
UQETOB_clean,239.2
USAHAZ_clean,124.6
USOXIL_clean,167.2
UTEWUM_clean,78.3
UTEXAT_clean,74.8
UTULEB_clean,40.0
UVEXAV_clean,137.9
UVUCEV_clean,155.3
UVUDEW_clean,297.1
UVUPOR_clean,81.5
UVUQOT_clean,92.9
UXACAY_clean,77.9
UXOHOG_clean,97.1
UYAMIS_clean,126.5
UYAMOY_clean,167.1
UZIZOU_clean,107.7
UZOBAO_clean,106.4
UZOBES_clean,103.9
UZOBIW_clean,112.4
UZUTUG_clean,97.9
UZUXOE_clean,290.0
VABJUE_clean,295.9
VABKAL_clean,289.9
VABKAN_clean,100.6
VABKEP_clean,262.4
VABKER_clean,99.9
VAGTAB_clean,219.2
VAJGAR_clean,282.0
VAJTEH_clean,126.3
VAJVEJ_clean,207.1
VAKLIF_clean,77.5
VAKNAZ_clean,77.5
VAKNED_clean,63.4
VAKPOP_clean,82.2
VAKPUV_clean,208.1
VAKQAC_clean,82.5
VAMYEQ_clean,120.2
VAMYIU_clean,119.5
VAMYOA_clean,469.2
VAMYUG_clean,118.0
VAMZAN_clean,433.2
VAMZER_clean,455.5
VARHON_clean,72.5
VARJAB_clean,150.0
VECVUW_clean,133.0
VEHJID_clean,44.9
VEJZIU_clean,202.6
VELBAQ_clean,75.0
VELVOY_clean,103.5
VEYREX_clean,85.6
VEYREY_clean,304.5
VEYWED_clean,205.7
VIDJID_clean,81.9
VIDWIQ_clean,94.1
VIGDIY_clean,184.1
VIJNIN_clean,382.3
VINHIL_clean,38.9
VIWQUP_clean,218.3
VIWRAW_clean,128.2
VIXPUP_clean,59.3
VOKNAM_clean,395.3
VOLRAQ01_clean,59.7
VONDIN_clean,307.6
VONDOT_clean,151.6
VONROH_clean,124.6
VONRUN_clean,173.8
VOQXIK_clean,61.1
VORHER_clean,280.1
VOSVAC_clean,167.2
VOSVEG_clean,227.6
VOSWIL_clean,68.6
VOVQEE_clean,44.4
VOXTOT_clean,494.0
VOXTUZ_clean,74.3
VOXVAH_clean,143.0
VOZVEN01_clean,86.0
VUHMOC_clean,97.1
VUHNAP_clean,87.0
VUHNIX_clean,89.3
VUHNUJ_clean,92.0
VUHPAR_clean,97.7
VUHPOF_clean,99.8
VUHPUL_clean,104.5
VUJBIM_clean,107.2
VUKSIF_clean,117.4
VUKYOR_clean,102.3
VUKYUX_clean,93.4
VUMBOW_clean,105.2
VURNED01_clean,76.0
VURNED02_clean,75.1
VURNED03_clean,76.1
VURNED04_clean,49.7
VURNED_clean,78.3
VUWROW_clean,87.4
WAFKEU05_clean,68.5
WAFKEU06_clean,77.8
WAFKEU07_clean,67.4
WAFKIY_clean,71.9
WAGPOM_clean,68.7
WAGQAY_clean,146.0
WAHDIT_clean,81.8
WAHROP_clean,129.8
WAKTOS_clean,68.6
WAMRIN02_clean,77.0
WANBIY_clean,175.7
WANHAX_clean,134.3
WANHEB_clean,114.3
WANHOL_clean,94.1
WANHUR_clean,124.7
WANKOO_clean,178.7
WANNEH_clean,350.5
WANNIL_clean,346.2
WAPTAL_clean,69.8
WAPTEP_clean,70.2
WAPTIT_clean,69.7
WAQFAY_clean,157.1
WARFAY01_clean,233.5
WARFAY02_clean,92.8
WARFAY03_clean,87.0
WARFAY04_clean,89.9
WARFAY05_clean,76.6
WARFAY06_clean,77.4
WARFIG_clean,232.4
WARXUL_clean,102.0
WASMUB01_clean,90.9
WASMUB02_clean,84.8
WAVQIV_ion_b,237.2
WAVRES_clean,308.9
WAVRIW_clean,344.5
WAZQIZ_clean,110.6
WEBJIY_clean,134.4
WEBJUK_clean,115.9
WEBKAR_clean,89.6
WEBKEV_clean,103.5
WETPES_clean,74.0
WEXSEZ_clean,89.0
WIJXAQ_clean,108.3
WIKGII_clean,220.9
WIKLOT_clean,119.6
WILGUV_clean,103.9
WIRMUH_clean,88.4
WIRNAO_clean,124.8
WISKOA_clean,104.9
WIWKIX_clean,202.2
WODREO_clean,177.7
WOJYEB_clean,570.2
WOJYIF_clean,617.5
WOJYOL_clean,612.4
WOJYUR_clean,597.2
WOLROF_clean,39.2
WOMFAG_clean,3076.9
WOMFEK_clean,3907.2
WOMXED_clean,1008.5
WONBAD_clean,93.3
WONJUG_clean,724.9
WONZOP_clean,64.8
WONZUV_clean,43.1
WOPSAX01_clean,220.5
WOYWIS_clean,223.2
WOYWOY_clean,185.6
WUDTUM_clean,92.4
WUDYUR_clean,253.8
WUDZAY_clean,184.3
WUDZIG_clean,99.4
WUDZOM_clean,94.6
WUDZUS_clean,98.9
WUGPUL_clean,69.0
WUJPIC_clean,52.4
WUTCET_clean,119.5
WUYLOS_clean,52.3
XACYAB_clean,168.7
XAKLIH_clean,147.6
XAKZEP_clean,101.7
XAMDUM07_clean,53.3
XANMUX01_clean,55.3
XANMUX02_clean,58.0
XANMUX03_clean,56.2
XANMUX04_clean,59.5
XANMUX05_clean,58.6
XANMUX06_clean,60.7
XANMUX07_clean,58.0
XANMUX08_clean,71.8
XANMUX_clean,58.8
XANZAQ01_clean,80.0
XANZAQ02_clean,78.7
XANZAQ03_clean,44.1
XANZAQ04_clean,55.4
XANZAQ05_clean,57.1
XANZAQ06_clean,57.2
XANZAQ07_clean,58.8
XANZAQ08_clean,56.7
XANZAQ_clean,57.9
XEKJIH_clean,171.2
XEKJON_clean,260.4
XEKJUT_clean,292.7
XEMHOM_clean,97.9
XENZEX_clean,385.9
XEVHAJ_clean,206.5
XEVHEN_clean,202.8
XIDMED_clean,70.3
XIJJEH_clean,1575.7
XILDUT_clean,77.6
XINFUW_clean,47.1
XISDIO_clean,162.5
XISDOU_clean,157.1
XISDUA_clean,162.5
XISLUI_clean,208.6
XITYEF_clean,1476.6
XIVVEF_clean,87.2
XIZCUG_clean,109.8
XIZJEW_clean,105.5
XOBDUO_clean,58.3
XOCQUD_clean,112.4
XODNUB_clean,151.3
XOFGEG_clean,521.7
XOMCUZ_clean,63.9
XOMHEO_clean,97.9
XOMHIS_clean,374.2
XOMNEU_clean,243.9
XONLES_clean,137.7
XOPJAO_clean,162.9
XUDPET_clean,286.5
XUDPOD_clean,188.4
XUDPUJ_clean,649.9
XUDQAQ_clean,486.5
XUDQEU_clean,423.5
XUDVAV_clean,93.3
XUFWAX_clean,65.1
XUFWEB_clean,63.9
XUFWIF_clean,58.4
XUFWOL_clean,91.5
XUFYEE_clean,448.2
XUMNAW_clean,162.7
YABHIV_clean,443.0
YAFJEX_clean,114.8
YAGHAS_clean,226.5
YAGHUM_clean,58.0
YAHWAI_clean,82.8
YAMYUJ_clean,262.6
YAPTIT_clean,185.7
YARBIE_clean,228.6
YARGOP_clean,54.3
YARZEZ01_clean,35.0
YASVOG_clean,319.0
YASVUM_clean,44.1
YATVUN_clean,256.3
YATWAU_clean,269.4
YAZFOW_clean,80.3
YEFNIG_clean,37.7
YEFPAA_clean,37.7
YEFPII_clean,259.0
YEGHEZ_clean,48.0
YEYDAJ_clean,459.0
YIDSOT_clean,82.5
YIJCEB_clean,170.5
YINTEW_clean,52.8
YINXUQ_clean,54.5
YIVTII_clean,107.1
YIWBIR_clean,178.5
YIWMIA_clean,44.2
YIWNEX_clean,49.7
YIWNUN_clean,33.9
YIXBIQ_clean,81.9
YIZJEY_clean,87.8
YOCNIP_clean,155.4
YOGKEM_clean,199.4
YOGKIQ_clean,576.7
YORCEP_clean,92.1
YORCIT_clean,257.8
YORRII_clean,128.0
YORSOP_clean,139.2
YOSWUA_clean,180.0
YOYCEV_clean,353.0
YOYYUI_clean,1278.6
YOZBEW_clean,142.6
YOZBIZ01_clean,482.2
YOZBIZ_clean,498.7
YOZBOF01_clean,354.6
YOZCEW_clean,248.1
YUDDEH_clean,90.9
YUTJAA_clean,81.5
ZADQUT_clean,172.0
ZADRAA_clean,173.7
ZADREE_clean,174.2
ZADROO_clean,175.1
ZARLOV_clean,308.7
ZAXTAV_clean,194.3
ZAYJUG_clean,116.3
ZEBMEA_clean,116.2
ZESFUY_clean,43.5
ZEVYAC_clean,301.5
ZEXSOM_clean,125.8
ZEZPIF_clean,79.8
ZILBUT_clean,37.5
ZIQVAY_clean,144.2
ZISNEW_clean,74.1
ZISXEG_clean,962.7
ZIVCOY_clean,44.9
ZIZTEJ_clean,133.3
ZODXAT_clean,491.1
ZOGBAA_clean,57.1
ZOJWAY_clean,597.3
ZOKGAJ_clean,216.5
ZOQSUV_clean,97.4
ZOQTAC_clean,99.1
ZOQTIK_clean,113.8
ZOXNAD_clean,235.8
ZULNAX_clean,406.7
ZUQBUK_clean,154.2
ZUSNOS_clean,318.0
ABAYIO_clean,331.0
ABAYOU_clean,332.8
ABESUX_clean,51.6
ABETAE_clean,53.7
ABETIN_clean,274.7
ABEXEM_clean,74.8
ABEXEN_clean,93.0
ABEXOW_clean,75.3
ABEXUC_clean,73.1
ABEYAJ_clean,72.4
ABEYEN_clean,72.2
ABEYIR_clean,72.8
ABIXOZ_clean,45.7
ABIYIV_clean,128.2
ABULOB_clean,86.0
ABUWOJ_clean,64.1
ac403674p_si_001_clean,91.2
ACAJIY_clean,119.4
ACAJIZ_clean,176.8
ACAJOF_clean,80.0
ACIBOE_clean,53.1
ACODON_clean,87.0
ACOGAB_clean,80.5
ACOGEF_clean,83.0
ACOLIP_clean,103.4
ACOLOV_clean,113.8
acs.cgd.5b01686_WAHFUJ1434675_clean,139.6
acs.cgd.6b00463_OLOMUZ1451936_clean,280.9
acs.chemmater.6b02817_cm6b02817_si_004_clean,141.5
acs.chemrev.6b00346_cr6b00346_si_001_clean,64.5
acscombsci.5b00188_24205_clean,77.2
acscombsci.5b00188_3001288_clean,25.4
acscombsci.5b00188_5020072_clean,38.2
acscombsci.5b00188_5024922_clean,30.9
acscombsci.5b00188_5036495_clean,18.6
acscombsci.5b00188_5040209_clean,46.9
acscombsci.5b00188_8372_clean,47.4
acs.inorgchem.5b02108_ic5b02108_si_002_clean,57.7
acs.inorgchem.5b02973_ic5b02973_si_002_clean,106.4
acs.inorgchem.6b00081_ic6b00081_si_001_clean,187.3
acs.inorgchem.6b00433_ic6b00433_si_002_clean,123.6
acs.inorgchem.6b00894_ic6b00894_si_002_clean,234.7
acs.inorgchem.6b01569_ic6b01569_si_002_clean,124.1
acs.inorgchem.6b01740_ic6b01740_si_002_clean,233.9
acs.inorgchem.6b02407_ic6b02407_si_002_clean,70.8
acs.inorgchem.6b02407_ic6b02407_si_003_clean,175.9
acs.inorgchem.6b02413_ic6b02413_si_002_clean,281.3
acs.inorgchem.6b02514_ic6b02514_si_002_clean,75.3
acs.inorgchem.6b02696_ic6b02696_si_002_clean,908.5
acs.jpcc.6b08594_UiO66_Ce2Zr4_opt_clean,67.2
acs.jpcc.6b08594_Zn2Cd6MOF5_opt_clean,61.9
ACUBAB_clean,100.6
ACUFEK_clean,109.2
ACUJOZ_manual,289.7
ACUTOI_clean,124.7
ADARAA_clean,528.5
ADASAB_charged,175.7
ADASEF_clean,86.2
ADASIJ_clean,109.2
ADASOP_clean,68.9
ADASUV_clean,74.0
ADATAC_clean,95.2
ADATEG_manual,162.3
ADATIK_clean,101.0
ADATOQ_clean,248.2
ADATUW_clean,245.4
ADAVAE_clean,245.7
ADAVEI_clean,249.4
ADAXEK_clean,75.7
ADAXIO_clean,106.6
ADIQEL_clean,119.9
ADOBAX_charged,70.0
ADOBEB_charged,72.7
ADOBOL_charged,67.3
ADOBUR_charged,72.4
ADOCEC_clean,57.8
ADODAA_charged,84.1
ADODOO_clean,65.1
ADODUU_clean,66.2
ADOGEH_clean,632.2
ADUROI_clean,521.1
ADUWIH_clean,149.5
ADUWON_clean,97.4
AFEJOK_ion_b,100.7
AFENEE_clean,64.3
AFIPAH_clean,64.1
AFITEP_clean,80.3
AFITUF_clean,87.8
AFIXAO_clean,168.4
AFIXES_clean,161.2
AFOTOF_clean,65.6
AFOTUL_clean,65.5
AFOVAT_clean,66.0
AFOVEX_clean,64.8
AFOVIB_clean,66.4
AFOVOH_clean,68.3
AFOYAW_clean,114.8
AFOYEB_clean,69.5
AFOYIE_clean,43.4
AFOYOK_clean,98.8
AFUKET_clean,163.6
AFUKIX_clean,122.1
AFUPEX_clean,48.2
AGABIU_clean,33.2
AGARUW_clean,61.3
AGIREP_clean,215.8
AGOFEJ_clean,144.8
AGONAM_clean,72.2
AGONEQ_clean,40.8
AGOVOJ_clean,42.2
AGUVOO_charged,171.6
AHAMAY_clean,107.9
AHEQAH_clean,49.2
AHOKIR01_clean,89.4
AHOKIR_clean,67.4
AHOKOX_clean,57.6
AJAKON_clean,101.7
AJAYIT_clean,115.0
AJIGIL_clean,212.1
AJOTEY_clean,37.6
AJOVEB_clean,140.9
AJOXAA_clean,81.7
AKEDIF_clean,81.4
AKOBAF_clean,162.5
AKOHEO_clean,66.9
AKUKUO_clean,75.9
ALAHUS_clean,116.7
ALAMUW_clean,48.5
ALANAD_clean,73.2
ALEJAE_clean,73.7
ALEJEI_clean,167.3
ALEJIM_clean,167.1
ALEQIT_clean,88.5
ALIBUT_clean,184.0
ALICAA_clean,176.8
ALIXAU_clean_h,80.4
ALIXOJ_clean,67.4
ALIXUP_clean,62.6
ALOLES_ion_b,73.3
ALOLET_charged,201.0
ALOLIX_charged,177.6
ALOLIY_clean,70.9
ALONEV_clean,148.7
ALUJEX_clean,82.6
ALUJIB_clean,79.6
ALUJOH_clean,76.8
ALUKIC_clean,52.0
ALUKOI_clean,51.4
ALUKUO_clean,50.2
ALULAV_clean,51.7
ALULEZ_clean,65.1
ALULID_clean,48.6
ALURAB_clean,134.5
ALUREF_clean,126.8
ALURIJ_clean,136.9
AMAFOK_clean,100.0
AMAGAX_clean,204.3
AMILOY_clean,151.4
AMILUE_clean,121.6
AMIMAL_clean,151.8
AMIMEP_clean,125.8
AMODUC_clean,54.1
AMOFAK_clean,53.9
AMOYOR_clean,130.2
AMUFOF_clean,72.7
AMUPOP_clean,190.8
AMUWIP_charged,121.7
AMUWUB_clean,59.5
AMUXAI_clean,71.6
ANAWIX_clean,68.5
ANAWOD_clean,102.3
ANEHEI_clean,89.3
ANENEN_clean,67.0
ANENIR_clean,70.2
ANIDIL_clean,291.8
ANOMUM_clean,51.9
ANONAT_manual,51.8
ANUGEW_clean,101.3
ANUGIA_clean,47.0
ANUGOG_clean,64.3
APACAX_clean,50.4
APARAM_clean,106.2
APAYIB_clean,114.9
APAYOH_clean,115.4
APAYUN_clean,73.9
APAZAU_clean,98.6
APAZEY_clean,102.0
APAZIC_clean,96.5
APAZOI_clean,110.2
APEBED_clean,69.8
APEBEE_clean,99.0
APEBUU_clean,145.1
APUPEH_clean,26.2
AQEQES_clean,52.9
AQEQIW_clean,53.7
AQIQAU_clean,173.9
AQIXUV_clean,150.6
AQOLEZ_clean,78.0
AQOLID_clean,566.2
AQOLUP_clean,411.1
AQOMAW_clean,90.6
AQOMEA01_clean,402.6
AQOMEA_clean,411.4
AQUCOF_clean,86.6
AQUCOG_clean,110.7
AQUCUM_clean,112.7
AQUDAS_clean,86.7
AQUDAT_clean,92.9
AQUDEX_clean,93.2
AQUDIB_clean,111.9
AQUDOH_clean,92.4
ARADEE_clean,95.1
ARAFEF_clean,65.9
ARAFIJ_clean,65.5
ARAFOP_clean,111.4
ARAGOR_clean,108.9
ARINOF_clean,120.0
ARINUL_clean,107.9
AROFAP_clean,81.2
AROFET_clean,65.0
ARUYES_clean,88.6
ARUYUH01_clean,80.9
ARUYUH_clean,78.7
ASACON_clean,74.2
ASADAA_clean,76.3
ASAHEJ_clean,82.2
ASECUY_clean,143.8
ASEJOZ01_clean,100.2
ASEJOZ_clean,62.9
ASINAT_clean,106.6
ASINEX_clean,770.7
ASINIB_clean,807.7
ASIQEA_clean,74.7
ASIQIE_clean,73.5
ASIVAB_clean,77.2
ASOHUL_clean,42.4
ASOSUY_clean,81.7
ASOVEL_clean,66.4
ASOYOY_clean,142.2
ASUBIB_clean,68.2
ASUKEE01_clean,208.4
ASUKEE_clean,205.9
ASUWUI_clean,95.7
ATAFIK_clean,67.3
ATAYAX_clean,82.2
ATAYEB_clean,83.4
ATEYED_clean,59.1
ATEYOP_clean,199.0
ATEYUV_clean,220.8
ATEZAC_clean,66.0
ATIBAG_clean,66.5
ATIBOU01_clean,68.6
ATIBOU02_clean,64.3
ATIBOU_clean,67.2
ATIBUA_clean,66.4
ATICAH_clean,67.9
ATICEL_clean,66.6
ATIJUJ_manual,74.4
ATIRUS_clean,133.7
ATIXAE_clean,50.9
ATIXUX_clean,159.2
ATOGEV_clean,45.2
ATOWIQ_clean,92.1
ATOWOW_clean,64.9
ATULIM_clean,79.0
ATUXIY_clean,149.0
AVAGIP_clean,79.8
AVAGOV_clean,81.9
AVAGUB_clean,117.2
AVAJUE_clean,613.9
AVAKAL_clean,48.6
AVAKEP_clean,70.9
AVAQIX01_clean,88.6
AVAQIX_clean,100.8
AVEHAM_clean,200.1
AVELOD_clean,157.2
AVELUJ_clean,162.5
AVEMAQ_clean,154.7
AVEQID_clean,72.9
AVESOL_clean,91.8
AVESUR_clean,77.7
AVETEC_clean,54.2
AVEVEE_clean,65.5
AVIHIY_clean,41.4
AVIHOE_clean,37.7
AVILEY_clean,170.9
AVIMIC_clean,117.0
AVIMOI_clean,175.3
AVIMUO_clean,105.5
AVIPAX_clean,68.8
AVIPOL_clean,79.6
AVITUU_clean,129.9
AVIVAC_clean,125.2
AVIVEG_clean,129.5
AVIVIK_clean,127.7
AVIVOQ_clean,126.8
AVIVUW_clean,129.1
AVOSIO_charged,195.8
AVUCEA_clean,92.4
AVUDAX_clean,139.9
AWAGEL_clean,117.5
AWAGOV_clean,204.3
AWAHEM_clean,55.0
AWAKEQ_clean,88.2
AWAREV_clean,116.0
AWARIZ_clean,117.6
AWASAU_clean,55.0
AWASEY_clean,76.8
AWASOI_clean,105.6
AWAWUR_clean,130.5
AWEDOW_charged,108.3
AWEGEP_clean,83.0
AWEJIW_clean,89.4
AWEVIJ_clean,392.0
AWEZOS01_clean,350.2
AWEZOS_clean,359.6
AWIBAK_clean,365.2
AWIBAL_clean,98.7
AWIBEO_clean,347.0
AWIBIS_clean,342.0
AWOFOI_clean,74.3
AWUPAL_clean,50.8
AXAFAG_clean,73.0
AXIMUP_clean,87.7
AXINAX01_clean,52.7
AXINEA_clean,175.6
AXINIF_clean,123.9
AXIPEE01_clean,48.9
AXIPEE02_clean,161.2
AXIPEE03_clean,54.3
AXIPEE_clean,48.8
AXUBAW_manual,53.4
AXUBOL_clean,94.4
AXUHAD_clean,238.2
AXUHEH_clean,168.4
AYOQEM_clean,323.8
AYOXUJ_clean,133.7
AYUJIP_clean,406.2
AZAFIS_clean,45.4
AZAVOO_clean,88.3
AZAVUU_clean,69.9
AZAWAB_clean,189.5
AZEBUE_clean,72.7
AZEWEH_clean,73.3
AZIVAI_clean,67.1
AZIXUD_clean,79.2
BACGAQ_clean,117.7
BADYAJ_clean,70.4
BAEDTA01_clean,137.8
BAFHAU_clean,26.7
BAKGIF_manual,77.5
BAKJEE_clean,65.1
BAKJII_clean,106.6
BAKJOO_clean,106.6
BAKYOE_clean,60.5
BAMKIM_clean,82.2
BAMKOS_clean,82.3
BANMAG_clean,61.4
BAPDAA_clean,90.4
BAQWIC_clean,87.4
BARZOL_charged,244.4
BARZUR_clean,111.8
BASJUB_clean,165.0
BAWROI_clean,83.4
BAWRUO_clean,48.5
BAXFIR01_clean,101.6
BAXFIR02_clean,101.5
BAXSIE_clean,65.2
BAZFUF01_clean,122.9
BAZFUF_clean,131.8
BAZGAM_clean,63.0
BAZGEQ_clean,179.4
BAZJET_clean,66.2
BAZJIX_clean,70.2
BEDYEQ_clean,67.0
BEFGEA_manual,133.3
BEFLUV_clean,81.8
BEFMAC_clean,97.8
BEJZAS_clean,46.5
BELJIL_clean,121.5
BELTOD_clean,234.8
BELTUJ_clean,252.5
BELVEV_charged,92.5
BENXUP_clean,94.6
BENZOL_clean,59.1
BENZUR_clean,59.9
BEPBAB_clean,59.6
BEPLUF_clean,57.8
BEPMAM_clean,56.2
BEPMIU_clean,59.1
BEPNIV_clean,55.6
BEPNOB_clean,54.9
BEPNUH_clean,60.2
BEPPAP_clean,59.3
BEPPIX_clean,70.8
BEPPOD_clean,68.9
BEPREV01_clean,209.4
BEPREV02_clean,202.1
BEPREV03_clean,218.3
BEPREV_clean,206.2
BEPRIZ_clean,66.8
BEPROF_clean,84.7
BEPVEZ_clean,88.0
BEPVID_clean,89.0
BEPVOJ01_clean,92.7
BEPVOJ_clean,89.1
BEPWEA_clean,76.6
BETDAH_clean,58.7
BETDEL_clean,85.0
BETDIP_clean,90.1
BETDUB_clean,59.8
BETFAJ_clean,60.0
BETFEN_clean,61.1
BETFUD_clean,60.1
BETGAK_clean,59.5
BETGEO_clean,78.2
BETGIS_clean,76.6
BETGOY_clean,75.2
BETGUE_clean,56.4
BETHEP_clean,73.6
BETHIT_clean,57.1
BETZOR_clean,120.7
BEVWAB_clean,212.8
BEWVOQ_clean,35.7
BEWWEH_clean,37.8
BEXPAX_clean,49.1
BEXQIF_clean,39.3
BEXQOL_clean,38.9
BEXQUR_clean,38.8
BEXRAY_clean,29.6
BEXREC_clean,29.6
BEXRIG_clean,29.4
BEXRUT_clean,75.5
BEXSAA_clean,77.2
BEXSEE_clean,73.0
BEXSII_clean,57.9
BEXVEH_clean,80.7
BEYKEX_clean,97.1
BEYSEF_clean,85.8
BIBXIV_clean,225.3
BIBXOB_clean,58.6
BIBXUH_clean,49.8
BICPOT_clean,205.4
BICPUA_clean,70.8
BIDPOV_clean,110.9
BIFGOO_clean,87.0
BIFKEI_clean,91.0
BIGZUO_clean,58.9
BIHBAX_clean,132.0
BIJDUV_clean,112.1
BIMDEF_clean,78.0
BIMDIL_clean,74.3
BINCUY_manual,140.8
BINDAF_manual,142.7
BINROH_clean,140.4
BINRUN_clean,161.7
BINSAU_clean,163.6
BIPLIX_clean,116.7
BIPSUQ_clean,107.9
BIQHEQ_clean,80.7
BIQVII_clean,84.4
BIRMUM_clean,109.7
BIRSEC_clean,135.1
BIRSIG_clean,137.3
BIWSEG_ion_b,16.3
BIWSIK_ion_b,142.0
BIWYAH10_clean,29.4
BIXXIR_clean,133.0
BIXYEO_clean,141.0
BIYSUZ_clean,45.1
BIYTAG_clean,48.5
BIYTOU_clean,66.9
BIYVEM_clean,47.7
BIYVIQ_clean,89.2
BIYXUE_charged,232.9
BIYYAL_charged,224.4
BIYYEP_charged,295.8
BIZLUT_clean,196.0
BIZMAA_clean,195.3
BIZMEE_clean,197.3
BIZMII_clean,200.8
BOCKOT_clean,69.9
BOHJOZ_auto,89.4
BOJCIN_clean,137.6
BOKQEZ_clean,84.6
BOLPAU_clean,131.8
BOLZIN_clean,153.2
BOMCOX_clean,156.5
BOPHIZ_clean,76.9
BOVHEB_clean,196.2
BOWDIC_clean,138.5
BOWNUY_clean,61.8
BOWRAH_clean,213.4
BOWZUK_clean,56.1
BOXFOK_clean,265.4
BOXYIY_clean,53.6
BOYCEY_auto,89.9
BOYTEQ_clean,95.8
BOYYOF_clean,124.8
BOZFIH_clean,186.0
BOZFON_clean,142.9
BUBQOE_clean,79.0
BUBTUP_clean,130.4
BUCSEY_clean,95.7
BUCVAY_clean,198.5
BUCWAZ_clean,62.1
BUFNEW_charged,351.8
BUFNOG_charged,371.6
BUGSAY_clean,109.7
BUGSEC_clean,109.4
BUGSIG_clean,109.4
BUGSOM_clean,109.4
BUKMUQ01_clean,32.2
BUKRUW01_clean,78.0
BUKRUW02_clean,69.6
BUKRUW03_clean,65.3
BUKYAJ_clean,94.9
BULBER_clean,99.5
BUNKUS_clean,83.9
BUNLAZ_clean,74.6
BUPVEP_clean,70.6
BUQWER_clean,126.1
BURJOO_clean,75.7
BURQIQ_clean,161.1
BUSNAF_clean,95.0
BUSQEM_clean,73.8
BUSQIQ_clean,181.9
BUSRUE_clean,97.8
BUVHEH_clean,63.4
BUVWOF02_clean,109.3
BUVWOF03_clean,93.8
BUVXOG_clean,110.1
BUVYEX_clean,88.6
BUVYIB01_clean,69.3
BUVYIB_clean,66.3
BUWLUC_clean,74.3
BUWMAJ_clean,58.7
BUWMEN_clean,59.8
BUWMIR_clean,53.8
BUXNOZ_clean,140.7
BUXTOF_clean,222.8
BUXZAX_clean,69.0
BUYNAL_charged,92.5
c4ce00408f_c4ce00408f2_clean,396.9
c4dt03702b_c4dt03702b2_clean,50.2
c5cc04223b_c5cc04223b2_clean,52.2
c5cc09432a_c5cc09432a2_clean,136.2
c5cc10203k_c5cc10203k2_clean,87.3
c5ce00862j_c5ce00862j2_clean,108.1
c5ce01948f_c5ce01948f2_clean,92.1
c5ce02194d_c5ce02194d2_clean,145.4
c5cp03920g_c5cp03920g2_clean,58.0
c5dt03091a_c5dt03091a2_clean,110.3
c5gc02393a_c5gc02393a2_clean,102.0
c5nj01930c_c5nj01930c2_clean,109.4
c5nj02634b_c5nj02634b2_clean,210.4
c5sc03494a_c5sc03494a2_clean,106.2
c5ta04989j_c5ta04989j2_clean,84.8
c6cc00862c_c6cc00862c2_clean,111.2
c6cc02494g_c6cc02494g1_clean,104.2
c6cc02494g_c6cc02494g3_clean,109.4
c6cc02494g_c6cc02494g4_clean,104.2
c6cc02494g_c6cc02494g5_clean,90.6
c6cc02494g_c6cc02494g6_clean,101.2
c6ce00126b_c6ce00126b2_clean,110.5
c6ce00141f_c6ce00141f2_clean,177.0
c6ce00407e_c6ce00407e1_clean,66.0
c6ce00407e_c6ce00407e2_clean,69.1
c6ce00407e_c6ce00407e3_clean,49.5
c6ce00407e_c6ce00407e4_clean,278.1
c6ce00407e_c6ce00407e7_clean,134.4
c6ce00407e_c6ce00407e8_clean,51.6
c6ce00407e_c6ce00407e9_clean,26.7
c6dt03852b_c6dt03852b2_clean,37.2
c6dt04165e_c6dt04165e2_clean,69.6
c6ta00429f_c6ta00429f2_clean,505.4
CABJOH_clean,64.8
CACBUG_clean,72.8
CADPII_clean,101.4
CADQAB_clean,55.0
CADQOP_clean,51.9
CADZIT_clean,129.4
CAGSAG_clean,92.7
CAGXIU_clean,90.5
CAJQEL_clean,54.7
CAJQIP_clean,44.9
CAJWIV_ion_b,93.5
CANRIU_clean,100.8
CANROA_clean,98.9
CANRUG_clean,168.8
CANYIB_clean,115.9
CAPLOX_clean,62.4
CAQCAZ_clean,97.9
CARGEI_clean,56.6
CASTEW_clean,99.7
CAVMOD_clean,125.2
CAVNOE_clean,74.5
CAVPEW_manual,180.6
CAVPIA_manual,182.4
CAVPUM_manual,179.9
CAVRAU_clean,120.4
CAVREY_clean,123.9
CAVSUP_clean,52.7
CAVVUS_clean,62.4
CAWDOU02_clean,73.8
CAWDOU_charged,91.1
CAWVIH_SL,115.6
CAXTAY_clean,69.1
CAXTEC_clean,85.9
CAXVII_clean,57.1
CAXVOO_clean,55.2
CAXVUU_clean,54.7
CAXWAB_clean,56.1
CAXWEF_clean,58.3
CAXWIJ_clean,55.4
CAXXEG_clean,152.0
CAXZOS_clean,369.1
CAXZUY_clean,338.4
CAYCAI_clean,83.1
CAYDEN_clean,76.6
CAYDIR_clean,77.4
CAYDUD_clean,76.6
CAYKEU_clean,92.9
CAYMIZ_clean,94.2
CAYQAV_clean,105.0
CAYSIE_clean,110.1
CAYSOK_clean,88.6
CAYYEG_clean,110.8
CAZGIT_clean,161.4
CAZNEY_clean,72.5
CAZNOI_charged,51.0
CAZNUO_charged,47.8
CEBDOD_clean,82.7
CECVAI_clean,131.6
CEDFIC_clean,81.7
CEGDUO_clean,91.5
CEGFAW_clean,109.8
CEGWER_clean,95.2
CEHLAD_clean,92.7
CEJBEA_clean,107.0
CEJCAW_clean,64.6
CEJZAU_clean,145.8
CEKHIL_clean,42.4
CEKROB_clean,82.3
CELZEA_clean,65.5
CEMYUQ_clean,41.0
CENJIQ_clean,67.2
CENKAJ_clean,74.1
CENPUI_clean,158.2
CEQBUV_charged,119.0
CETFOX_clean,65.9
CETFUD_clean,92.8
CETGOY_clean,132.2
CETHEQ_clean,53.8
CETJAN_clean_h,150.0
CETNUL_clean,135.6
CEXHET_clean,162.9
CEXHOD_clean,177.1
CEXJOF_clean,605.0
CEXSEE_charged,169.7
CEYPUT01_clean,107.1
CEYPUT_clean,108.8
CEZFIY_clean,160.4
cg034025wsi20030214_115651_clean,81.1
cg060732osi20070605_042406_clean,56.1
cg200332y_si_002_clean,63.1
cg200606r_si_001_clean,70.4
cg300302n_si_004_clean,62.9
cg300827e_si_003_clean,372.3
cg301577a_si_002_clean,61.2
cg301725z_si_004_clean,71.4
cg400449c_si_001_clean,78.3
cg401858s_si_002_clean,97.3
cg401887b_si_003_clean,86.7
cg401887b_si_004_clean,87.9
cg500033b_si_002_clean,180.5
cg500033b_si_003_clean,202.6
cg500091k_si_002_clean,80.8
cg500121f_si_004_clean,70.1
cg500149s_si_002_clean,125.1
cg500192d_si_003_clean,50.6
cg501012e_si_002_clean,92.9
cg5010616_si_003_clean,87.8
cg5010616_si_007_clean,85.1
cg501141m_si_002_clean,210.0
cg501231v_si_001_clean,300.8
cg5012617_si_002_clean,146.1
cg501279y_si_002_clean,128.6
cg501332u_si_002_clean,88.3
cg501560z_si_002_clean,108.8
cg501560z_si_003_clean,29.4
cg501730q_si_002_clean,99.1
cg800424t_si_002_clean,95.5
cg8013317_si_003_clean,136.9
cg900153m_si_001_clean,154.2
cg901114e_si_002_clean,73.5
cg901128k_si_004_clean,110.5
cg901312t_si_002_clean,513.4
CIDKUX_clean,50.7
CIFDOM_clean,89.3
CIFDUS_clean,92.1
CIFJAE_clean,66.4
CIFLUA_clean,135.8
CIFMAH_clean,111.4
CIFMEL_clean,26.7
CIFMIP_clean,78.6
CIGDUT_clean,88.3
CIGFAB_clean,82.0
CIGFEF_clean,60.7
CIGXIA_manual,941.0
CIJVOH01_clean,44.9
CIJVOH_clean,44.1
CIMTAV_charged,447.7
CIMTEZ_charged,425.4
CIPCUB_clean,124.6
CIRTUU_clean,234.3
CISLUN_clean,59.6
CISXEJ_clean,170.7
CITZIP_manual,71.0
CIVTEH_clean,108.1
CIWREG_clean,168.8
CIWRIK_clean,166.3
CIWROQ_clean,168.4
CIWRUW_clean,163.5
CIWSAD_clean,160.8
CIWYUD_clean,63.3
CIWZEP_clean,245.2
CIWZIT_clean,250.3
CIXBUH_clean,160.7
CIXCAO_clean,165.7
CIYZUG_clean,95.5
CIZMIJ_clean,62.3
CIZPOS_clean,119.4
cm1008587_si_003_clean,60.0
cm202876r_si_002_clean,182.4
cm301726k_si_004_clean,87.1
cm303749m_si_001_clean,36.4
cm303749m_si_002_clean,36.9
cm500700z_si_002_clean,108.1
cm500700z_si_003_clean,291.6
cm501138g_si_002_clean,54.5
cm501138g_si_005_clean,54.7
cm501138g_si_006_clean,54.8
cm501138g_si_008_clean,56.5
cm501138g_si_009_clean,54.7
cm501138g_si_010_clean,55.8
cm501138g_si_011_clean,54.7
cm501138g_si_012_clean,54.2
cm503311x_alf100K_clean,63.0
cm503311x_alf11K_clean,61.7
cm503311x_alf125K_clean,65.3
cm503311x_alf150K_clean,62.9
cm503311x_alf175K_clean,50.8
cm503311x_alf200K_clean,50.7
cm503311x_alf225K_clean,50.6
cm503311x_alf250K_clean,50.8
cm503311x_alf275K_clean,50.6
cm503311x_alf290K_clean,50.7
cm503311x_alf300K_clean,50.3
cm503311x_alf325K_clean,52.8
cm503311x_alf350K_clean,50.2
cm503311x_alf375K_clean,50.3
cm503311x_alf400K_clean,50.5
cm503311x_alf40K_clean,62.6
cm503311x_alf425K_clean,50.1
cm503311x_alf475K_clean,50.6
cm503311x_alf500K_clean,50.5
cm503311x_alf70K_clean,62.2
cm503311x_aloh150K_clean,50.7
cm503311x_aloh175K_clean,54.9
cm503311x_aloh200K_clean,51.8
cm503311x_aloh225K_clean,51.8
cm503311x_aloh250K_clean,50.8
cm503311x_aloh275K_clean,50.7
cm503311x_aloh300K_clean,50.7
cm503311x_aloh325K_clean,51.6
cm503311x_aloh350K_clean,50.7
cm503311x_aloh375K_clean,51.4
cm503311x_aloh400K_clean,50.9
cm503311x_aloh425K_clean,52.2
cm503311x_aloh450K_clean,51.6
cm503311x_aloh475K_clean,52.6
cm503311x_aloh500K_clean,50.9
cm503311x_F-mil-53-Al-lp-mono_clean,104.7
cm503311x_F-mil-53-Al-lp-ortho_clean,88.8
cm503311x_OH-mil-53-Al-lp-ortho_clean,90.1
cm504350q_si_002_clean,531.4
cm901983a_si_001_clean,1149.3
COBWEV_clean,63.8
COCMAJ_clean,114.1
COCMOY_clean,74.9
COCMUE_clean,305.3
COCNAL_clean,118.7
COCNEP_clean,304.0
CODFEH_clean,63.0
CODMUF_clean,70.8
CODNAM_clean,63.1
CODROD_clean,97.4
CODRUJ_clean,95.8
CODSUL_clean,158.9
COGNAO_clean,322.7
COJGEO_clean,92.6
COJHIT_clean,66.5
COKFAK_clean,113.9
COKMEW_clean,117.4
COKMIA_clean,112.4
COKMOG_clean,113.0
COKMUM_clean,90.3
COKNAT_clean,118.3
COKPEZ_clean,116.7
COKPID_clean,116.2
COKPOJ_clean,113.9
COKPUP_clean,132.1
COKQAW_clean,97.8
COKQEA_clean,114.7
COKQIE_clean,120.0
COKQOK_clean,120.3
COKROL_clean,140.8
COKRUR_clean,636.8
COMDOY_clean,88.5
COPXOV_clean,253.2
COQGAS_clean,106.3
COQHUN_clean,126.2
COQLAX_clean,688.2
COQNIF_clean,80.6
COQTEJ_clean,55.1
CORZIU_clean,73.1
COSMII_clean,54.0
COTVOY_clean,70.5
COTVUE_clean,68.3
COTXEQ_clean,101.2
COTXIU_clean,103.8
COTXOA_clean,98.7
COTYIV_clean,243.5
COVPAG_clean,106.6
COWBEX_clean,122.9
COWMAD_clean,59.8
COWMEH_clean,59.7
COWMIL_clean,60.4
COWMOR_clean,58.9
COWMUX_clean,59.9
COXHED_clean,26.1
COXHIH_clean,25.8
COXHON_clean,26.1
COXXIX_clean,40.0
COYCEZ_clean,111.6
COYCID_clean,68.1
COZMUA_clean,54.8
CUBHOY_clean,101.8
CUCKIV_charged,55.0
CUCSAU_clean,88.5
CUCTAX_clean,85.9
CUFDUD_clean,97.7
CUFFAL_clean,93.8
CUFFEP_clean,86.6
CUFGIV_clean,101.9
CUFGOB_clean,73.7
CUFGUH_clean,75.9
CUGVUW_clean,106.7
CUGXAF_clean,419.9
CUGYOU_clean,54.4
CUGYUA_clean,76.7
CUIMDZ01_clean_h,106.4
CUKXIR_clean,64.0
CUKXOW_clean,57.1
CUKXUC_clean,60.1
CUKYAJ_clean,56.8
CUKZOY_clean,143.8
CUMDEU_clean,57.0
CUMDIY_clean,97.3
CUMDOE_clean,73.1
CUMDUK_clean,81.5
CUMJEB_clean,140.0
CUMLUT_clean,73.8
CUMQOQ_clean,58.9
CUNFOH01_clean,56.0
CUNFOH_clean,52.3
CUNQOT_clean,46.8
CUNQUZ_clean,40.8
CUNWEO_clean,122.6
CUPHUS_clean,79.7
CUQKOQ_clean,56.8
CUQRIR_clean,95.3
CUQROX_clean,75.4
CUQSAK_clean,395.5
CUQTAL_clean,96.8
CUQXUI_clean,91.0
CURBOH_clean,54.0
CURQEN_clean,152.7
CURYOE01_clean,231.9
CURZEV_clean,105.7
CUSDIE_charged,60.8
CUSYAR_clean,452.3
CUSYIA_clean,75.9
CUSZEX_clean,69.7
CUSZIB_clean,43.8
CUTBEA_clean,49.6
CUTBIE_clean,48.7
CUTFON_charged,256.8
CUTFUT_charged,271.3
CUTGEF_clean,79.1
CUVGIK_clean,99.4
CUVGOQ_clean,92.6
CUVHEH_clean,51.4
CUVHIL01_clean,57.2
CUVHIL02_clean_h,59.5
CUVHIL_clean_h,59.1
CUVTUJ_clean,55.0
CUVXAT_clean,142.2
CUWNIT_clean,110.2
CUWNOZ_clean,129.8
CUWTUL_clean,75.1
CUWVAT_clean,62.7
CUWVIB_clean,81.3
CUWWEY_clean,77.0
CUWXID_clean,40.6
CUWXOJ_clean,152.5
CUWXUP_clean,135.7
CUWYAW_clean,61.0
CUWZAX_clean,58.1
CUWZIF_clean,81.9
CUXFIL_clean,142.8
CUXJAI_clean,45.7
CUXJEM_clean,74.3
CUXLEO_clean,72.8
CUYWUP_clean,118.5
CUYYAX_clean,147.4
CUYYEB_clean,149.3
DABFIX_clean,423.0
DABMUR_clean,56.5
DACFAR_clean,167.2
DACYUE_clean,58.1
DACZUF_clean,96.6
DADLEC_clean,122.9
DADLIG_clean,136.0
DADLOM_clean,91.5
DADNII_clean,57.6
DADNOO_clean,58.9
DADNUU_clean,57.5
DADPAC_clean,59.4
DADPEG_clean,58.2
DAFJOM_clean,63.5
DAFSOV_clean,90.7
DAFYAN_clean,52.7
DAFYOB_clean,36.0
DAGDIZ_clean,87.7
DAGDUL_clean,152.2
DAGJED_clean,88.0
DAHNOQ_clean,42.2
DAHNUW_clean,56.3
DAHPAE_clean,47.1
DAKVIW_clean,55.1
DAKVOC_clean,144.7
DAKVUI_clean,138.9
DAKZUN_clean,72.6
DALSUH_clean,65.5
DALTAO_clean,64.6
DALVAQ_clean,44.9
DALVIY_clean,214.4
DAMDUT_clean,73.8
DAMYOI_clean,84.2
DAMYUO_clean,83.6
DAMZEZ_clean,112.7
DANFUW_clean,294.2
DANZAV_charged,55.1
DANZEZ_charged,60.2
DANZID_charged,53.9
DAPBED_clean,306.8
DAPBIH_neutral,60.7
DAPHOU_clean,192.6
DAPXID_ion_b,62.8
DAPYAW_clean,126.4
DARBUU_clean,36.2
DARSEV_SL,72.2
DATHAJ_clean,126.0
DATPIY_clean,61.4
DAWBIO_clean,110.1
DAWBOU_clean,118.7
DAWBUA_clean,128.0
DAWCAH_clean,124.9
DAWCIP_clean,136.0
DAWCOV_clean,83.8
DAWDAI_clean,136.7
DAWWAB_clean,112.4
DAWWEF_clean,98.1
DAXHIV01_clean,64.5
DAXHIV_clean,64.2
DAXHUH01_clean,64.3
DAXHUH_clean,64.2
DEBGIA_clean,87.4
DEBWAK_clean,113.0
DEFKUU_clean,72.8
DEFRIR_clean,71.6
DEGJIK_clean,85.2
DEGPEL_charged,67.4
DEJCIF_clean,58.2
DEJJIN_clean,60.4
DEJRUH_clean,76.9
DEKHEH_clean,116.9
DEKHUX_clean,74.7
DELGEI_manual,45.9
DEPSEW_clean,130.6
DEPTOH_clean,106.1
DEPXAY_clean,74.8
DEPXIG_clean,95.6
DEPXOM_clean,69.1
DEQFOU_clean,88.8
DEQVIF_clean,116.4
DEWQUS_clean,126.5
DEWRIH_clean,103.2
DEYJIC_clean,81.5
DEYJOI_clean,80.0
DEYLUQ_clean,83.0
DEYNIG_clean,55.6
DEZKAW_clean,50.0
DIBJEF_clean,290.2
DIBJIJ_clean,206.4
DIBPAH_clean,152.7
DIBQEM_clean,146.6
DIBQIQ_clean,116.3
DIBQOW_clean,113.5
DIBQUC_clean,105.9
DICKEH_clean,43.6
DICVAO_clean,154.3
DICVES_clean,158.5
DICVIW_clean,155.3
DIDBAV_clean,156.6
DIDBEZ_clean,156.5
DIDDOK_clean,47.1
DIHVIB01_clean,277.6
DIHVIB_clean,273.5
DIKJUD_clean,97.0
DINNIZ_clean,144.8
DIPMAS_clean,68.8
DIRPIF_clean,72.8
DITJIB_clean,57.7
DITJOH_clean,56.5
DITTEH_clean,90.8
DITXOU_clean,54.0
DITYEM_clean,71.7
DITYOW_clean,122.0
DIVGIA_clean,287.5
DIVPUU_clean,51.4
DIVSUY_clean,115.0
DIWMON_clean,150.9
DIWNAA_clean,57.5
DIXKOL_clean,68.9
DIYKAZ_clean,115.1
DIYKED_clean,84.8
DIYTEM_clean,134.1
DOCKOW_clean,96.1
DODMIT_clean,95.6
DOGMET_clean,150.9
DOHNUL_clean,92.0
DOKDEN_clean,90.1
DOKHIV_clean,87.7
DOLRAZ_clean,141.2
DOLXOR01_clean,22.4
DOLXOR02_clean,22.5
DOLXOR_clean,22.7
DOMCUE_clean,106.0
DOMDAL_clean,60.4
DOMFUI_clean,132.2
DOMKEX_clean,83.2
DONKIC_clean,104.5
DONKOI_clean,105.3
DONKUO_clean,98.6
DONNAW01_SL,65.1
DONNAW_clean,63.8
DONNEA_clean,67.7
DONNIE_clean,66.4
DONXUB_clean,140.2
DOPHOH_clean,383.3
DOPHUN_clean,386.5
DOPJAV_clean,122.2
DORFAS_clean,103.5
DORFOG_clean,66.3
DORFUM_clean,140.0
DORYUG_clean,236.5
DOTTEM_clean,66.8
DOTTUC_charged,151.6
DOTYES_clean,310.7
DOYBAV_clean,141.7
DOYBEA_clean,91.1
DOYBUQ01_clean,50.4
DOYBUQ_clean,48.8
DOYHOQ_clean,67.0
DOYHUW_clean,105.0
DOYLEI_clean,57.1
DOZCEC_clean,43.1
DOZKIO_clean,55.5
DUBBEI_clean,60.9
DUBJUH_clean,122.7
DUBKAO_clean,128.2
DUBWON_clean,86.0
DUDKEU_clean,121.2
DUDKOE_clean,73.9
DUDKUK_clean,40.9
DUFGOB_clean,72.1
DUFKAS_clean,172.9
DUGMOJ_clean,238.7
DUHXIP_clean,234.0
DUJRAD_clean,61.5
DUKNII_clean,268.0
DUMXEQ01_clean,96.5
DUMXEQ_clean,97.0
DUMXIU_clean,87.2
DUNJON_clean,138.5
DUNXUH01_clean,91.3
DUNXUH02_clean,92.8
DUNXUH03_clean,92.9
DUNXUH04_clean,88.6
DUNXUH05_clean,89.8
DUNXUH06_clean,85.3
DUNXUH12_clean,91.3
DUNXUH13_clean,92.1
DUNXUH14_clean,92.1
DUNXUH15_clean,92.8
DUNXUH21_clean,93.1
DUNXUH_clean,96.9
DUPJAB_clean,180.2
DUPKAC_clean,468.0
DUPVER_clean,64.9
DUQSEO_clean,82.3
DUQYEU01_clean,50.2
DUQYEU_clean,52.7
DURDAX_clean,59.4
DURDIF_clean,38.7
DUTKAG_clean,97.5
DUVNIS01_charged,246.5
DUVNIS_charged,186.8
DUWBEE_clean,83.1
DUWFOS_clean,70.8
DUWGEJ_clean,66.7
DUWROE_clean,92.7
DUWRUK_clean,64.1
DUWSAR_clean,61.8
DUXKUD_clean,98.7
DUXMAL_clean,106.0
DUYJIS_clean,150.4
DUYRAR_clean,133.0
DUYREV_clean,136.3
DUYRIZ_clean,139.6
DUYROF_clean,138.1
DUYVEA_clean,65.8
DUZPUL_clean,53.9
DUZWOM_clean,74.7
EBAMUS_clean,395.5
EBATUY_clean,65.9
EBATUZ_clean,83.3
EBAVAH_auto,77.4
EBAVIP_clean,319.9
EBAVOV_clean,315.1
EBAVUB_clean,331.8
EBELUU_clean,89.8
EBEMEE_clean,122.6
EBEMEF_clean,37.2
EBEMII_clean,133.7
EBEWIT_clean,42.6
EBEXAM_clean,43.3
EBEXEQ01_clean,43.9
EBEXEQ_clean,45.1
EBIDOK_ion_b,194.9
EBIHII_clean,72.1
EBIJAC_clean,136.9
EBIMEJ_clean,104.7
EBIPOX_clean,48.5
EBIZUN_clean,105.4
EBOBIJ_clean,132.4
EBOCOQ_clean,79.9
EBOJOV_clean,85.3
EBUQIB_clean,229.3
EBUREA_clean,70.2
ECAFOG_clean,107.7
ECAHAT_clean,113.2
ECAHEX_clean,93.4
ECAHOH_clean,92.1
ECASAD_clean,78.3
ECEDAU_clean,70.5
ECEDEY_clean,84.6
ECEZAO01_clean,76.4
ECIWIW_clean,271.2
ECIWOC_clean,278.9
ECODEG_clean,105.3
ECODIK_clean,78.5
ECOGEI_clean,140.3
ECOKAJ_clean,33.4
ECOLEP_clean,32.4
ECOLOX_clean,32.4
ECUDIR_charged,69.2
ECUDOX_clean,63.1
ECUFAL_charged,71.1
ECUFEP_charged,77.8
ECUGEQ_clean,54.1
EDADIX_clean,74.0
EDAFUM_clean,66.6
EDAGAT_clean,69.5
EDAGEX_clean,67.2
EDAPIK_clean_h,93.7
EDATOT_clean,44.4
EDAVOV_clean,110.9
EDECOG_clean,60.9
EDEPAG_clean,69.3
EDIKIL_clean,57.2
EDOMAM_clean,58.8
EDORIY_charged,216.5
EDUSIF_clean,33.4
EDUSUR_clean,140.6
EDUTIG_clean,245.0
EDUVOO_clean,56.0
EFAYEQ_clean_h,69.6
EFAYIU_clean,52.4
EFEGOM_clean,101.9
EFESEP_clean,320.9
EFESOZ_clean,339.1
EFIMOV_clean,96.4
EFOSUO_clean,35.1
EFOTAV_clean,30.0
EFOTEZ_clean,29.3
EFOTID_clean,30.5
EGATAI_clean,29.4
EGATEM_clean,145.9
EGATIQ_clean,135.6
EGATOW_clean,65.4
EGEHOO_charged,192.9
EGEJIK_manual,43.8
EGELUY01_manual,69.4
EGELUY_SL,65.5
EGIFUV_clean,286.6
EGOXII_clean,100.0
EGOZAB_clean,124.0
EHAFEA_clean,60.3
EHAFIE_clean,59.6
EHAFOK_clean,59.5
EHAFUQ_clean,58.6
EHAGAX_clean,60.3
EHAGEB_clean,58.6
EHAGIF_clean,58.9
EHAGOL_clean,58.9
EHAGUR_clean,58.3
EHALOP_manual,69.5
EHEKUY_clean,150.5
EHIPOC_clean,79.4
EHODOV_SL,218.6
EJAXIW_clean,83.4
EJETAQ_clean,67.9
EJIDUW02_clean,84.9
EJONOH_clean,75.2
EJOQOL_clean,194.3
EJOQUR_clean,86.9
EJORAY_clean,63.1
EJOZOU_clean,162.4
EKEQIV_clean,102.4
EKETOF_clean,163.7
EKETUL_clean,161.5
EKEVAT_clean,160.8
EKIDEH_clean,101.4
EKIDIL_clean,102.8
EKOKIA_clean,69.1
EKOPEA_clean,64.4
EKOPIE_clean,77.1
EKOPOK_clean,102.3
EKOPUQ_clean,76.0
EKUPEG_clean,238.8
ELELEN_clean,120.6
ELEREU_clean,832.4
ELERIY_clean,153.9
ELIJOZ_clean,81.4
ELIJUF_clean,79.8
ELIKAM_clean,80.6
ELIKEQ_clean,81.7
ELIKIU_clean,77.3
ELIKOA_clean,78.1
ELIKUG_clean,107.5
ELILAN_clean,76.5
ELILER_clean,80.7
ELILIV_clean,79.4
ELOGUJ_clean,154.9
ELOHOE_clean,164.5
ELOZEK_clean,96.4
ELUJAY_clean,155.4
ELUJEC_clean,153.4
ELUZES_clean,41.6
EMAGAB_clean,87.3
EMAMOW_clean,120.9
EMAMUC_clean,111.7
EMAPAK_clean,75.6
EMIFOW_clean,60.4
EMIGAJ_charged,120.6
EMIGEN_charged,76.5
EMIGIR_charged,65.6
EMIGOX_clean,86.2
EMIGUD_charged,96.3
EMIHEO_charged,49.4
EMIYUW_clean,77.2
EMIZAD_clean,62.6
EMOHIZ_clean,100.3
EMUBIZ_clean,48.7
EMUBOF_clean,70.1
ENAFAB_clean,206.0
ENAFOP_ion_b,144.1
ENANIS_clean,102.2
ENESOH_clean,140.3
ENESUN_clean,147.4
ENIHUG01_clean,152.1
ENIHUG_clean,152.9
ENISOK_clean,68.2
ENISUQ_clean,99.0
ENITAX_clean,57.9
ENITEB_clean,99.5
ENITIF_clean,151.1
ENITOL_clean,118.7
ENIXUV_clean,158.0
ENOSAD_clean,107.9
ENOVAG_clean,65.2
EPAGEJ_clean,162.4
EPECEJ_clean,173.8
EPEWAY_clean,141.3
EPEWEC_clean,129.5
EPEXUU_clean,208.6
EPEYAB_clean,224.9
EPISOM_clean,62.4
EPONAA_clean,27.4
EPONEE_clean,19.9
EPOPEG_clean,102.1
EPOTAF_clean,32.3
EPOXAJ_clean,54.2
EQAMUG_clean,122.5
EQERAU_clean,115.0
EQEREY_clean,81.4
EQERIC_clean,91.3
EQETAX_clean,72.5
EQOXIT_clean,80.5
EQUBIC_clean,73.8
EQUBOI_clean,74.0
EQUBUO_clean,74.9
EQUNEL_clean,153.2
EQUNIP_clean,134.6
ERAHOV_clean,43.8
ERALUG_clean,88.6
ERAMAN_clean,89.4
ERAMER_clean,75.5
EREFEN01_SL,190.0
EREGOY_clean,79.0
ERELIX_clean,106.8
ERIGER_clean,180.7
ERIRIG_auto,81.6
ERIWAF_clean,92.8
EROCIZ_clean,250.7
ERUFUS_clean,52.9
ERULEK_clean,189.3
ERUNOW_clean,194.9
ESANET_clean,155.2
ESAROH_clean,116.8
ESARUN_clean,119.4
ESASAU_clean,239.9
ESASEY_clean,210.5
ESEDIQ_clean,82.1
ESEHIV_clean,105.2
ESEQUO_clean,61.6
ESEVIH_clean,69.2
ESIDOB_clean,98.1
ESIFET_clean,113.1
ESIGES01_clean,98.8
ESIGES02_clean,122.9
ESIGES_clean,119.7
ESURER01_clean,88.5
ESURER02_clean,88.5
ESURER03_clean,88.6
ESURER04_clean,90.6
ESURER_clean,89.0
ESUSAO01_clean,64.0
ESUSAO_clean,65.7
ESUSIW_clean,90.1
ESUSOC01_clean,63.3
ESUSOC02_clean,63.4
ESUSOC_clean,64.4
ESUTAP_clean,60.3
ESUTIX_clean,80.0
ESUVAR01_clean,67.7
ESUVAR_clean,68.2
ESUVOF_clean,95.0
ETAXUT_clean,220.1
ETECIR_clean,108.0
ETECOX_clean,77.6
ETEJIX01_clean,48.1
ETEJIX_clean,49.6
ETEJOD01_clean,49.0
ETEJOD_clean,53.7
ETEJUJ_clean,52.9
ETEKAQ01_manual,55.9
ETEKAQ_clean,52.8
ETEKEU_clean,52.4
ETEPID_clean,653.7
ETEQUQ_clean,65.1
ETESIG_clean,120.3
ETEXEI01_clean,64.3
ETEXEI_clean,63.0
ETIXIQ_clean,102.3
ETUWEW_clean,49.5
ETUWIA_clean,51.9
ETUXEW_clean,55.3
EVADIQ_clean,94.3
EVAKIV_clean,260.9
EVAKOB_charged,112.9
EVEGIV_clean,303.7
EVEGOB_clean,50.4
EVEGUH_clean,50.6
EVIMUT_clean,88.8
EVUDAA_clean,123.5
EVUPOC_clean,65.7
EVUQOC_clean,63.7
EVUQUI_clean,84.0
EVURAP_clean,84.3
EWASIG01_clean,57.6
EWASIG_clean,57.8
EWECOY_clean,48.6
EWESAC_clean,125.1
EWETUW_clean,126.7
EWEWUZ_charged,95.4
EWIPIL_clean,91.3
EWUCOP_clean,84.9
EWUGEK_clean,87.6
EWUKAK_clean,83.5
EWUKEO_clean,62.6
EWUKIS_clean,65.1
EWUSOF_clean,69.7
EWUSUL_clean,70.3
EWUTEW_clean,109.1
EXALAR_clean,83.5
EXALIZ_clean,106.8
EXAPEA_clean,56.6
EXAXAE01_clean,49.6
EXAXAE_clean,50.7
EXEMUR_clean,80.0
EXENAX_clean,82.0
EXEQAA_clean,106.6
EXEQII_SL,70.9
EXEWIO_clean,239.8
EXEXAH_clean,60.6
EXIDOF_clean,53.7
EXOFIH_clean,101.4
EXOTOB_clean,166.3
EXOTUH_SL,93.0
EXOZIB_clean,66.7
EXUHEM_clean,92.5
EXUHUC_clean,124.5
EYACOX_clean,63.5
EYINOR_clean,80.5
EYIYES_clean,77.9
EYOCIG_clean,78.8
EYOCOM_clean,76.8
EYULOA_clean,119.9
EYUWAW_clean_h,98.9
EZABEN_clean,63.4
EZEQEH_clean,113.5
EZEQIL_clean,113.3
EZEQOR_clean,118.5
EZEQUX_clean,114.0
EZESAF_clean,104.8
EZIPEK_clean,170.1
EZITUE_clean,265.5
EZIVAM_clean,142.6
EZOBUR02_clean,108.3
EZOBUR_clean,105.8
EZOFEF_clean,103.7
EZUCIM_clean,78.5
EZULAO_clean,54.1
FABCUI_clean,220.8
FABGUM_clean,63.3
FAFDEX_clean,91.1
FAFMAC_clean,75.7
FAFQEJ01_clean,60.9
FAGMAE_clean,264.1
FAGMEI_clean,257.3
FAGMOS_clean,278.7
FAGQAI_clean,75.6
FAGREM_clean,63.1
FAGXIX_clean,211.0
FAHGAY_clean,73.7
FAHPOV_clean,91.6
FAHQIQ_clean,429.2
FAHQIR_clean,225.0
FAJYAS_clean,139.9
FAJZOI_clean,207.4
FAKLIO_clean,54.4
FAKLOU_clean,52.9
FAKLUA_clean,52.5
FAKMAH_clean,79.3
FAKNIR_clean,46.5
FALBAX_manual,780.5
FALDAA_clean,79.1
FALLOT_clean,32.4
FALPOY_clean,99.3
FALVOF_clean,92.2
FAMPUH_clean,56.6
FAMQAO_clean,59.1
FAMQES_clean,55.3
FANCIJ_clean,79.0
FANCOP_clean,85.6
FANDEG_clean,90.3
FANQER_clean,57.0
FAPXEC_clean,50.1
FAPXIG_clean,47.4
FAPXOM_clean,47.8
FAQGEL_clean,93.8
FAQGIP_clean,91.3
FAQLUH_clean,49.3
FARBIL_clean,75.9
FARFIO_clean,55.8
FARFOU_clean,55.6
FARFUA_clean,56.0
FARHIR_ion_b,102.7
FARHOX_ion_b,193.6
FASHAK_clean,62.5
FASHOX_clean,43.1
FASVIH_clean,58.4
FASYUU_charged,195.9
FATKAO_clean,97.0
FATKES_clean,94.6
FATKIV_clean,236.6
FATKIW_clean,94.8
FATKOC_clean,95.0
FATKUI_clean,93.5
FATLUJ_clean,123.6
FATQID_clean,66.1
FATVOM_clean,98.1
FAVFUG_clean,329.7
FAVGAN_clean,125.2
FAVGER_clean,130.8
FAVGIV_clean,108.6
FAVGOB_clean,110.9
FAVGUH_clean,110.0
FAVHAO_clean,112.3
FAVHES_clean,110.1
FAVHIW_clean,112.1
FAVKAP_clean,32.5
FAWCEN02_SL,75.4
FAYPAY_clean,131.5
FAYPEC_clean,175.3
FAYPIG_clean,101.1
FAYPOM_clean,112.0
FAYQAZ_clean,151.8
FAYQED_clean,141.4
FAYQUT_clean,348.1
FAZFET_clean,378.1
FAZPED_clean,127.8
FAZRAA_charged,97.3
FAZZEM_clean,84.1
FEBPUY_clean,93.5
FEBXIV_clean,61.6
FECCIZ_clean,102.6
FECKAA_clean,125.6
FECXAO_clean,99.6
FECXES_clean,138.6
FECXUI_clean,129.7
FECYUJ_clean,100.2
FECZAQ_manual,65.4
FEDBEX_clean,64.2
FEDJUU_charged,98.2
FEFCUQ_clean,41.1
FEFDAX_clean,44.2
FEFDEB_manual,37.8
FEFZOF_clean,30.2
FEGNIQ_clean,150.1
FEHCIG_manual,94.6
FEJDII01_clean,64.6
FEJDII_clean,87.9
FENROG_clean,55.4
FENVOL_charged,84.2
FEQSIF_clean,62.7
FERHAN_clean,62.7
FERVEF_clean,154.0
FERVIJ_clean,70.4
FERVUV_clean,155.8
FERWAC_clean,72.6
FESTUT_clean,98.2
FEVNIE_charged,139.2
FEVSAC_clean,89.4
FEVVIM_charged,132.7
FEWGUL_clean,180.3
FEWQIJ_manual,216.5
FEWQOP_clean,102.2
FEWWOV_clean,120.0
FEWWUB_clean,421.9
FEXCES_clean,112.8
FEYDET_clean,83.0
FEYJOJ_clean,56.7
FEYQIK_clean,63.8
FEZCOD_charged,137.0
FEZCUJ_charged,132.9
FEZQEI_clean,136.3
FEZREJ_clean,66.0
FEZTIP_clean,51.3
FIBHIJ_clean,89.3
FIBKEI_clean,82.2
FIDRIV_clean,75.8
FIFGAE_clean,53.3
FIFGEI_clean,46.0
FIFGIM_clean,72.6
FIFMIS01_clean,173.4
FIFMIS_clean,175.2
FIFMOX_clean,155.4
FIFMOY_clean,172.3
FIFMUD_clean,161.6
FIFNUE01_clean,57.4
FIFNUE_clean,58.9
FIFPAM01_clean,59.2
FIFPAM_clean,57.0
FIHFAF_clean,123.7
FIHRIZ_clean,68.5
FIJCUX01_clean,75.3
FIJDIM01_clean,106.4
FIJDIM02_clean,106.4
FIJDIM03_clean,106.8
FIJDIM04_clean,108.1
FIJDIM05_clean,104.6
FIJDIM06_clean,106.8
FIJDIM07_clean,106.9
FIJDIM08_clean,105.2
FIJDIM09_clean,105.5
FIJDIM10_clean,109.5
FIJDIM11_clean,104.7
FIJDIM12_clean,108.0
FIJDIM_clean,106.2
FIJDOS_clean,55.4
FIJDUY_clean,45.1
FIJFEK_manual,45.7
FIJFUA_clean,86.6
FIJXUR_clean,129.6
FIJYED_clean,264.3
FIJZEE_clean,161.8
FILYEG_clean,84.7
FIMNIA_clean,102.9
FIMXUW_clean,91.5
FIMZAE_clean,313.5
FINQOK_clean,99.3
FINQUQ_clean,101.8
FIPJAR_clean,62.5
FIPKOG01_clean,62.5
FIPKOG_clean,60.8
FIPKUM_clean,58.6
FIPWOS_clean,110.3
FIPXAF_clean,154.2
FIPXEJ_clean,100.1
FIQYOU_clean,72.2
FIQYUA_clean,67.9
FIQZAH_clean,67.2
FIRMUQ_clean,78.8
FIRNAX01_clean,78.3
FIRNAX_clean,79.4
FIRNIF_clean,78.0
FIRNOL_clean,92.0
FIRNUR_clean,85.6
FIRPAZ_clean,77.5
FIRZOX_clean,103.3
FITGEW_clean,294.5
FITHIA_clean,168.0
FIVNAZ_clean,34.9
FIVQOR_clean,176.7
FIVYEP01_clean,57.9
FIVYEP_clean,59.0
FIVYUF_clean,161.0
FIXVUE_clean,134.7
FIYDOH_clean,85.0
FIZPOV_clean,83.2
FOBNAN_clean,96.4
FOCZAA_clean,80.4
FOFCOU_clean,84.7
FOFHAK_clean,127.2
FOFTIF_clean,70.9
FOFTUR_clean,70.7
FOHCIP_clean,30.5
FOHQUO_clean,51.2
FOJKIA_clean,91.6
FOJLOH_clean,104.1
FOKWIN_clean,70.3
FOKYEL_clean,147.8
FOKYIP_clean,177.9
FOLLEZ_clean,97.7
FOMWOV_clean,148.5
FONKEA_clean,84.7
FONPUV_clean,186.0
FONQIJ_clean,78.0
FOPBAP_clean,102.7
FOQPAE_clean,64.0
FORKUU_clean,41.2
FORPIM_clean,42.8
FORPOS_clean,42.4
FORPUY_clean,49.5
FORQAF_clean,45.3
FORQEJ_clean,44.1
FORQIN_clean,42.0
FORTIR_clean,264.2
FORTUD_clean,343.7
FOSTUE_clean,648.0
FOTNIN_clean,37.7
FOVPEN_clean,193.7
FOVPOX_clean,108.3
FOVPUD_clean,102.6
FOWTOC_clean,118.6
FOXHUX_clean,118.7
FOXNIQ_clean,88.3
FUBDAI_clean,165.0
FUBDEM_clean,97.1
FUBDIQ_clean,166.3
FUBNOH_clean,91.9
FUDGES_clean,56.7
FUDHAP_clean,46.3
FUDHET_clean,85.3
FUHMOM_clean,96.8
FUHNED_clean,92.4
FUHNIH_clean,86.6
FULQOT_clean,85.3
FULQUZ_clean,69.9
FUMHOL_clean,43.9
FUMJAA_clean,69.3
FUNBAS_clean,75.3
FUNCAT_clean,63.2
FUNCEX_clean,38.2
FUNFOL_clean,54.4
FUNGAY_clean,130.7
FUNLAD_clean,155.2
FUQJUX_clean,127.9
FURFIJ01_clean,73.2
FURFIJ_clean,72.3
FURFOP_clean,99.8
FURQOZ01_ion_b,103.6
FURQUF_ion_b,101.7
FURRAM_clean,64.7
FURREQ_clean,65.0
FURRIU_clean,65.8
FURROA_clean,65.7
FURRUG01_ion_b,109.4
FURRUG_ion_b,111.4
FURSES_clean,71.4
FUSGOR_clean,71.5
FUSMEM_clean,65.1
FUSMIQ_clean,64.6
FUSMOW_clean,64.6
FUSMUC_clean,64.2
FUSNAJ_clean,65.7
FUSNEN_clean,66.0
FUSNIR_clean,65.5
FUSQUH_clean,285.8
FUTCAZ_clean,30.2
FUTDII_clean,67.5
FUTKEL_manual,88.3
FUTTIZ_clean,202.3
FUTYEA_clean,49.8
FUTYOK_clean,46.2
FUTYUQ_clean,145.0
FUTZAX_clean,44.9
FUTZEB_clean,67.7
FUTZOK_clean,57.4
FUTZOL_clean,164.5
FUVBAB_clean,49.1
FUVDEH06_clean,234.9
FUVDEH07_clean,233.0
FUVDEH08_clean,242.4
FUVFUZ_clean,244.3
FUVGAG01_clean,241.0
FUVGAG_clean,243.2
FUWFIO_clean,80.0
FUWXOL_SL,93.6
FUWYAY_clean,73.0
FUXCOS_clean,125.0
FUXXIH_clean,136.0
FUYCEJ_clean,82.5
FUYCIN_clean,36.6
FUYKER_clean,123.4
FUZPUN_clean,143.5
GACBOE_clean,91.5
GACPUX_clean,49.3
GACQAE_clean,57.5
GACVIS_clean,39.5
GADDOH_clean,54.5
GADFAV_clean,92.7
GADMAA01_clean,59.4
GADMAA_clean,63.1
GADNUX_clean,204.2
GADRAH_clean,78.6
GAFROX_clean,81.6
GAFRUD_clean,80.2
GAGQAI_clean,61.2
GAGSUF_clean,48.8
GAGZEV_clean,86.7
GAHWIX_clean,186.7
GAHXUL_clean,71.6
GAJVEU_charged,70.1
GAJVIY_charged,149.3
GAJYUN_clean,95.3
GAJZAU_clean,95.1
GAJZEY_clean,113.8
GAJZIC_clean,114.6
GAJZOI_clean,112.3
GAJZUO_clean,119.0
GAKBAX_clean,113.8
GALCAZ_clean,104.5
GALHOS_ion_b,115.6
GALJAG_clean,73.5
GAMFEI_clean,110.5
GAMXAV_clean,85.0
GAPNOD_clean,50.2
GAQYIH_clean,79.7
GARLAP_clean,86.6
GARLET_clean,94.7
GARLIX_clean,94.4
GARLOD_clean,88.2
GARLUJ_clean,89.7
GARMAQ_clean,91.1
GARQAU_clean,203.4
GARSUQ_clean,104.1
GARTAX_clean,109.6
GARTEB_clean,100.0
GARTIF_clean,104.6
GARTUR_clean,175.5
GASSEB_clean,70.5
GASSUR_clean,55.5
GATBUZ_charged,86.6
GATJIV_charged,233.8
GAVYAG_clean,96.3
GAWCUF_clean,116.7
GAWLIB_clean,119.1
GAWMOJ_clean,62.8
GAXDIS10_clean,32.7
GAXKOH_clean,86.2
GAXQIH_clean,73.8
GAYFUJ_clean,82.3
GAYGAQ_clean_h,73.9
GAYPED_clean,67.8
GAYTEH_ion_b,312.7
GAZLAW_clean,87.4
GAZZIS01_charged,102.3
GAZZIS02_charged,104.1
GAZZIS03_charged,103.3
GAZZIS04_charged,104.6
GAZZIS05_charged,102.5
GAZZIS_charged,104.3
GEBCAT_clean,98.3
GEDDAW_clean,56.6
GEDDEA_clean,101.1
GEDQIR_clean,85.0
GEDQOX_clean,59.8
GEDQUD_charged,66.5
GEDRAK_clean,90.9
GEDROY_clean,84.6
GEDRUE_clean,61.2
GEDSAL_clean,94.1
GEDSEP_clean,132.3
GEDSOZ_clean,59.7
GEDSUF_clean,81.8
GEDTAM_clean,59.2
GEFYUN_clean,113.3
GEFZAU_clean,114.3
GEGDED_clean,139.2
GEGGEG01_clean,160.4
GEGGIK01_clean,160.4
GEGGIK_clean,159.7
GEGGUW_clean,158.5
GEGHAD_clean,162.1
GEJJEL01_clean,71.6
GEKVEZ_clean,51.9
GEPDEM_clean,67.3
GERNOI_clean,128.9
GERPUP_clean,60.7
GERWEH_clean,67.9
GESBOW_charged,325.3
GESBUC_charged,274.4
GESDUF_clean,91.1
GESFAN_clean,91.5
GESNOI_clean,94.2
GEVXIQ_clean,54.6
GEWXAJ_clean,85.1
GEZRAG_clean,536.6
GEZYOB_clean,148.0
GIDKOU_clean,78.0
GIFKEL_clean,64.0
GIKQIC_clean,57.3
GIMSIG_clean,63.8
GINLIA_clean,70.1
GIQXEK_clean,43.4
GIQXIO_clean,44.7
GIQXOU_clean,44.7
GIQXUA_clean,43.9
GIQYAH_clean,46.3
GIQYEL_clean,44.3
GIQYIP_clean,45.6
GIQYOV_clean,49.6
GIQYUB_clean,44.2
GIRDUI_clean,72.2
GIRXUC_clean,22.1
GIRYAJ_clean,81.4
GIRYEN_clean,162.7
GIRYUD_clean,162.8
GIRZAK_clean,183.4
GISMAY_clean,377.4
GISNED_clean,423.4
GISZUD_clean,25.2
GISZUF_clean,142.6
GITPIK_clean,73.1
GITTUZ_clean,220.8
GITVEL01_clean,143.3
GITVEL_clean,140.6
GITWIQ_clean,96.7
GIVHIC_clean,154.2
GIVNIK_clean,113.6
GIVNOQ_clean,106.5
GIWBEU_charged,90.5
GIWBIY_charged,90.9
GIWBOE_charged,191.5
GIWCAR_ion_b,82.2
GIWCIZ_ion_b,198.3
GIWCOF_ion_b,89.5
GIXGOK_clean,218.1
GIXNAE_clean,41.6
GIYSEN_clean,88.5
GIYSIR_clean,88.5
GIYSOX_clean,89.7
GIYSUD_clean,77.2
GIYTAK_clean,78.2
GIYTIS_SL,84.2
GIZXET_clean,148.4
GOBGAG_clean,219.0
GOBSUM_clean,66.7
GOGSIF_clean,75.7
GOGWAB_clean,64.8
GOGWEF_clean,61.1
GOJDOZ_clean,63.8
GOJFAN_charged,106.8
GOKBUE_clean,65.7
GOMFOF_clean,114.2
GOMREG_clean,124.3
GONNAA_clean,62.2
GOPTIQ_clean,107.6
GOQSIQ_clean,124.2
GOQXAN_clean,66.3
GORQAF_clean,19.2
GOSBOH_clean,62.9
GOSDID_clean,157.0
GOSKEG_clean,87.6
GOTDIE_clean,349.0
GOTNEK_clean,92.8
GOVHOQ_clean,205.4
GOVWOF_clean,70.7
GOVXIA_clean,186.1
GOZNAM_clean,79.9
GOZNEQ_clean,48.6
GUANZS_clean,26.5
GUBBAG_clean,46.1
GUBKUL_clean,97.6
GUBVUU_clean,66.2
GUBZAF_clean,89.3
GUCHUJ_clean,56.5
GUCJAQ_clean,126.2
GUDJOG_clean,94.3
GUFBOA_clean,129.8
GUFBUG_clean,125.3
GUFREF_clean,174.9
GUFXEM_clean,80.3
GUGNON_clean,113.1
GUHMIH_clean,85.2
GUHNUU_clean,88.5
GUHPAC_clean,91.4
GUHPEG_clean,169.1
GUJREK01_clean,76.0
GUJREK_clean,76.2
GUKFEY_clean,65.5
GUKYUI_clean,77.9
GUKZAO_clean,55.9
GULBAR_clean,119.6
GULCAS_clean,125.8
GULPIN_clean,156.0
GULVUF_clean,125.8
GULWAM_clean,103.1
GULWEQ_clean,600.6
GULWIU_clean,89.1
GULWOA_clean,57.9
GUMDEZ_clean,160.1
GUNFAW01_neutral,25.0
GUNZIA_clean,240.0
GUPBEZ02_clean,282.9
GUPBUP_SL,58.9
GUPCAW_clean,95.2
GUPDEB_clean,167.4
GUPREQ_clean,166.6
GUQWOG_clean,68.2
GURPIT_clean,44.6
GURPUF_clean,38.7
GURTIX_charged,75.2
GUSJOU_clean,64.7
GUSMAJ_clean,379.5
GUTYIE_clean,54.8
GUVBOQ_clean,678.1
GUVCOP_clean,123.5
GUVKUE_clean,164.3
GUVLAL_clean,170.6
GUVZII_clean,116.6
GUWDUY_clean,110.5
GUXJUF_clean,152.7
GUXPOF_clean,92.3
GUXSEY_clean,194.2
GUXSIC_clean,182.5
GUXZIJ_clean,53.2
GUXZUV_clean,77.1
GUYBAE_clean,70.3
HABQUY_clean,86.8
HABRAF_manual,76.7
HABREJ_clean,164.7
HADLOQ01_clean,47.0
HADPOU_clean,43.4
HADQUA_clean,345.3
HADXIW_clean,48.9
HAFGUQ_clean,62.6
HAFTOZ_clean,35.4
HAFVOB_clean,145.0
HAFVUH_SL,56.2
HAFWAO_charged,131.7
HAFWIW_clean,62.8
HAFWUI_charged,130.9
HAHCUR_clean,125.6
HAHPIQ_charged,132.6
HAHPOW_clean,120.2
HAJDII_clean,135.3
HAJLEK_clean,107.7
HAJLIO_clean,108.5
HAJLOU_clean,108.2
HAJLUA_clean,112.3
HAJMEL_clean,105.3
HAJMIQ_clean,289.2
HAJPEQ_clean,122.3
HAJRES_clean,1061.2
HAJYEZ_clean,100.8
HAKCAZ_clean,99.8
HAKSAQ_clean,104.2
HAKSEU_clean,105.4
HAKSIY_clean,99.5
HAKVOH_clean,66.8
HAKVUN_clean,69.7
HAKWAU_clean,63.3
HALQUJ_clean,86.8
HALVAU_clean,55.8
HAMJOW_clean,133.0
HAMLIT_clean,123.3
HAMREU_clean,105.1
HAMRIY_clean,106.3
HANKUE_clean,1591.6
HANWAW_clean,206.4
HAPBAE_clean,215.5
HAPBEI_clean,216.2
HAPBIM_clean,576.6
HAPGIR_clean,45.4
HAPHUD_clean,70.4
HAPNEU_clean,220.9
HAPNOE_clean,134.3
HAPNUK_clean,129.6
HAPPAS_clean,132.3
HAPVEB_clean,61.1
HAQJIV_clean,76.8
HAQKES_clean,404.5
HAQRID_clean,94.3
HASMIZ_clean,63.4
HASNIB_clean,45.9
HASNOH_clean,51.7
HASNUN_clean,46.3
HASTAY_clean,194.3
HATZOS02_clean,43.5
HATZOS_clean,43.5
HAVVUX_clean,88.3
HAVZIP_clean,41.0
HAWGIX_charged,86.1
HAWREE_clean,114.1
HAWVAE_clean,77.0
HAWVEI_clean,77.0
HAWVIM_clean,77.4
HAWVOS_clean,81.1
HAWVUY_clean,78.1
HAWWAF_clean,79.0
HAWWEK_clean,52.4
HAWWIN_clean,77.0
HAWWOT_clean,74.7
HAWWUZ_clean,77.1
HAWZEM_clean,139.4
HAXMUP_clean,63.3
HAYLIE_clean,103.8
HAZSIL_clean,91.8
HAZWIP_clean,58.3
HEBJAB_clean,80.9
HEBKEG_clean,63.7
HEBNIN_clean,57.5
HEBNOT_clean,58.7
HEDBEZ_clean,63.7
HEDBID_clean,62.7
HEDBOJ_clean,52.0
HEDBUP_clean,52.3
HEDCAW_clean,105.4
HEDCIE_clean,89.4
HEFDED_clean,467.2
HEFDON_clean,85.7
HEFFAB_charged,122.9
HEFFEF_clean,81.8
HEFVAR_clean,81.6
HEGCEB_clean,59.4
HEGJUZ_clean,140.0
HEGNAJ_clean,286.8
HEGNEN_clean,264.9
HEGNIR_clean,294.0
HEGNOX_clean,294.7
HEGNUD_clean,294.2
HEGPAL_clean,284.4
HEKTAU_clean,78.2
HELDEJ_SL,141.1
HELDOT_clean,131.2
HEMTEZ_clean,126.9
HETZOW_clean,62.0
HETZUC_charged,68.6
HEWFUL_ion_b,84.8
HEXVEM_clean,34.5
HEZPIL01_clean,45.9
HGCNCO_clean,33.3
HIBGEF_clean,68.6
HIBGIJ_clean,65.7
HICVOG_clean,137.5
HICVUM_clean,135.2
HICZAW_clean,83.9
HICZEA_clean,84.4
HIDCUU_clean,81.4
HIFGEK_clean,100.9
HIFGIO_SL,60.2
HIFTOG01_clean,32.3
HIFTOG02_clean,75.6
HIFTOG_clean,75.0
HIFTUM_clean,122.2
HIFVOI_clean,70.8
HIFWAV_clean,171.2
HIFZAY_charged,110.2
HIGRIA_clean,44.6
HIHFOV_clean,97.2
HIHFUB_clean,144.5
HIHGAI_clean,110.7
HIHGEM_manual,72.6
HIHGIQ_clean,129.5
HIHGUC_clean,85.9
HIJSOK_clean,104.5
HILJUJ_clean,122.9
HIMSAY_clean,76.7
HIQNAY_clean,116.3
HIQWOV_clean,171.8
HISGAT_clean,202.3
HISGIB_clean,84.1
HISJIE_clean,135.2
HISSIN_clean,184.5
HIWKEE_clean,65.9
HIWKII_clean,50.6
HIWLIK_clean,54.7
HIWLOQ_clean,69.8
HIWLUW_clean,89.7
HIYBUN_clean,104.7
HIYGIH_clean,79.9
HIYYEU_clean,106.9
HIZQEN01_clean,57.3
HIZQEN_clean,62.0
HIZQUD_clean,107.9
HOBGAH_clean,107.7
HOBGEL_clean,85.1
HOBGIP_clean,148.2
HOBGOV_clean,151.1
HOCDOU_clean,40.8
HOFJIX_clean,186.5
HOFSOL_clean,46.8
HOFSUS_clean,70.7
HOGJIX_clean,65.2
HOGJOD_clean,217.2
HOGJUK_clean,66.1
HOGLEV01_clean,68.2
HOGLEV_clean,119.8
HOGSIG_clean,100.5
HOGTOM_clean,63.5
HOHMEX_manual,100.3
HOJLID_clean,96.7
HOJLUP_clean,149.5
HOKGUJ_clean,46.2
HOKLIE_clean,309.3
HOLQIK_clean,320.9
HOMRIL_clean,81.1
HOMXIR_manual,60.4
HOMZEP_clean,85.5
HOQMIL01_clean,106.9
HOQMIL02_clean,106.9
HOQMIL03_clean,106.9
HOQMIL04_clean,121.4
HOQMIL_clean,107.7
HOQMUX_clean,105.2
HOQNEI_clean,106.5
HOVGIK_clean,142.3
HOVQAM_clean,93.2
HOWJEK_clean,49.8
HOWPEQ_clean,66.8
HOWPOZ_clean,116.1
HOWPUF_clean,91.0
HOWQAM_clean,130.0
HOWQEQ_clean,110.1
HOWSAP_clean,123.6
HOWSET_clean,282.5
HOWSIX_clean,283.6
HOXGEH_clean,109.6
HOXJIO_charged,122.7
HOXKIP_clean,79.2
HOXKUB_clean,82.7
HOXSUK_clean,134.8
HOYREU_clean,37.6
HOYRIY_clean,39.8
HOYROE_clean,59.9
HOYTUL_clean,96.3
HOZBUV_clean,69.5
HOZFEJ_clean,75.4
HOZTOG_clean,204.9
HOZXEB_clean,113.3
HUCBAJ_charged,120.7
HUCBEN_manual,69.3
HUCWOT_clean,91.7
HUCWUZ_clean,92.0
HUCXAG_clean,94.9
HUCXEK_clean,93.6
HUCXIO_clean,92.7
HUCXOU_clean,93.1
HUCXUA_clean,97.1
HUDMAW_clean,103.7
HUDWUA_clean,100.3
HUFHEX_clean,70.8
HUFHIB_clean,92.2
HUFHOH_clean,66.5
HUFHUN_clean,65.8
HUFJAV_clean,66.2
HUFJEZ_clean,90.5
HUFKUQ_clean,109.3
HUFLUR_clean,32.1
HUFMUS_clean,32.8
HUFYIS_clean,102.0
HUHBET_clean,299.7
HUHNIJ_clean,353.2
HUJGEA_clean,54.3
HUJVOX_clean,58.0
HULCOI_clean,203.0
HULRIR_clean,137.5
HULTEN_clean,98.0
HULTEP_clean,162.3
HUMWIX_clean,204.0
HUPQIU_clean,463.7
HUQGOR_clean,103.3
HUQGUX_clean,98.4
HUQHAE_clean,103.8
HUQHEI_clean,96.8
HUQHIM_clean,133.3
HUQHOS_clean,99.3
HUQHUY_clean,297.5
HURFEH_clean,118.5
HURFUX_clean,129.4
HURGAE_clean,175.1
HURGEH_clean,69.1
HURGUX01_clean,124.7
HURGUX_clean,129.5
HUVHOX_clean,81.4
HUWDEJ_clean,86.2
HUWHOY_clean,67.0
HUWLUI_clean,72.6
HUWPIA_clean,122.7
HUWSUN_clean,114.5
HUXWAY_clean,65.4
HUYJOA_clean,71.8
HUYJUG_clean,165.1
HUYKAN_clean,164.9
HUYKER_clean,241.7
HUYKIV_clean,51.1
HUYKOB_clean,170.8
HUYKUH_clean,182.2
HUZFEO_clean,154.1
HUZFOY_charged,167.3
HUZSOL_clean,146.9
HUZSUR_clean,68.9
HUZXAD_clean,182.2
HUZXEH_clean,208.0
HUZXIL_clean,219.2
HUZXOR_clean,239.1
HUZXUX_clean,259.5
HUZYAE_clean,273.0
IBABOF01_clean,113.2
IBABOF_clean,107.3
IBABUL_clean,108.2
IBACAS_clean,114.1
IBARUA_clean,107.3
IBASAH_clean,106.8
IBASEL_clean,104.9
IBASOV_clean,106.8
IBASUB_clean,111.3
IBATEM_clean,104.8
IBEYOE_clean,63.1
IBICAZ_clean,71.2
IBICED_clean,71.6
IBICIH_clean,75.4
IBICON_clean,71.8
IBIRES_clean,150.1
IBITUK_clean,131.6
IBIYOI_ion_b,208.5
IBOTEY_clean,432.6
IBOTIC_clean,122.9
IBOTOI_clean,58.2
IBOZIK_clean,68.9
IBUBAL_clean,95.3
IBUBIT_clean,61.5
IBUDOZ_clean,64.2
IBUYAH_clean,157.1
ic025743v_s1_clean,45.3
ic034943jsi20030807_040506_clean,220.1
ic050064gsi20050115_040515_clean,70.1
ic051810ksi20060220_094504_clean,83.1
ic0520162si20051122_054836_clean,231.7
ic060030osi20060309_091447_clean,69.6
ic060608urom20060410_101638_clean,119.6
ic060771psi20060614_113937_clean,40.9
ic070274o-file006_clean,89.9
ic100188w_si_002_clean,113.4
ic101789u_si_002_clean,56.1
ic101935f_si_002_auto,138.7
ic102347b_si_001_clean,82.6
ic2017598_si_001_clean_h,35.2
ic202626c_si_002_clean,114.7
ic202769e_si_002_clean,110.2
ic300665a_si_002_clean,191.6
ic3019502_si_002_clean,64.9
ic400607w_si_001_clean,80.0
ic400777c_si_002_clean,108.8
ic401157n_si_002_clean,104.2
ic401157n_si_003_clean,91.2
ic402058f_si_002_clean,113.7
ic402058f_si_003_clean,122.4
ic402058f_si_004_clean,117.6
ic402058f_si_005_clean,178.2
ic402692p_si_002_clean,92.2
ic402692p_si_003_clean,131.7
ic402692p_si_004_clean,81.0
ic402692p_si_005_clean,86.6
ic403134c_si_002_clean,119.3
ic500323r_si_001_clean,73.0
ic500323r_si_002_clean,82.8
ic5008457_si_002_clean,66.8
ic5011133_si_002_clean,89.2
ic5011133_si_003_clean,54.6
ic5011133_si_004_clean,72.3
ic501477u_si_002_clean,66.6
ic501801f_si_002_clean,125.8
ic501801f_si_003_clean,474.5
ic501849g_si_002_clean,90.7
ic5021302_si_002_clean,112.5
ic502254c_si_002_clean,105.4
ic502643m_si_003_clean,147.0
ic502643m_si_006_clean,135.8
ic502643m_si_007_clean,49.5
ic502643m_si_008_clean,84.7
ic502643m_si_009_clean,51.9
ic502643m_si_010_clean,53.0
ic502725y_si_004_clean,77.3
ic502730y_si_002_clean,85.9
ic502921j_si_002_clean,95.5
ic502921j_si_003_clean,112.1
ic5029383_si_002_clean,103.9
ic5b00096_auto,255.6
ic5b00130_si_002_clean,115.2
ic5b00194_si_002_clean,78.0
ic5b00535_si_002_clean,81.1
ic5b01023_si_002_clean,258.8
ic700893w-file001_clean,96.1
ic7014034-file001_clean,107.0
ic7025158-file001_clean,16.2
ic800131r-file003_clean,44.0
ic8004536-file004_clean,101.2
ic9002115_si_001_clean,281.1
ICAGOK_clean,86.9
ICAQIO_clean,183.3
ICAQOU_clean,186.2
ICAROV_clean,187.1
ICAWUF_clean,195.8
ICEGED_clean,57.2
ICISAP_clean,53.5
ICITEU_charged,125.0
ICIVAS_clean,86.1
ICODIP01_clean,168.3
ICODIP_clean,160.6
ICORAV_ion_b,62.1
ICOWON_clean,64.0
IDAGEA_charged,92.4
IDEYOF_clean,43.3
IDIWIB_clean,57.3
IDIWUN_clean,105.1
IDIXAU_clean,83.1
IDORAW_clean,62.1
IDUDIW_clean,96.4
IDUTUW_clean,43.2
IFAGON_clean,183.0
IFAHEC_clean,177.7
IFAREN_charged,132.7
IFASOZ_clean,124.9
IFEHUY_clean,48.0
IFENOY01_SL,97.9
IFENOY02_SL,179.6
IFENOY03_SL,180.9
IFENOY_clean,99.7
IFEPUG_SL,187.3
IFEQIV_SL,108.1
IFEYIB_clean,37.3
IFOSIG_clean,79.7
IFUNUU_clean,91.0
IGAGAA_clean,93.5
IGAGUU_clean,130.8
IGAHAB_clean,172.0
IGETUL_clean,79.2
IGEXOH_clean,38.0
IGINIX01_clean,61.1
IGINIX_clean,60.9
IGITOJ_clean,143.1
IGIZAA_clean,68.5
IGIZEF_clean,119.3
IGOJEV_clean,97.9
IGUCIY_clean,154.8
IGUVIR01_clean,80.7
IGUVIR_clean,79.9
IHAJEH_clean,58.6
IHAJIL_clean,38.3
IHILUI_clean,82.4
IHIMAP01_clean,72.0
IHIMAP_clean,80.5
IHUTIQ_clean,149.5
IJASOC_clean,74.3
IJEVEA_clean,102.8
IJEVIE_clean,89.4
IJEXIF01_clean,50.7
IJEXIF_clean,51.0
IJIGOX_clean,83.0
IJUTEM_clean,223.0
IKAYAU_clean,141.1
IKEBUV01_clean,51.0
IKEBUV_clean,54.8
IKETAU_clean,59.6
IKETEY_clean,66.2
IKETIB_clean,213.9
IKETIC_clean,57.3
IKETOH_manual,52.9
IKETOI_clean,58.9
IKETUN_clean,224.3
IKETUO_clean,61.1
IKEVAW_clean,58.6
IKOPEF_clean,81.8
IKOPIJ_clean,174.4
IKOSOQ_clean,169.4
IKOSUW_charged,89.2
IKOTUZ_clean,124.1
IKOVAH_clean,122.4
IKOVEL_clean,123.9
IKUBUL01_clean,101.6
IKUBUL_clean,78.3
IKUTIT_clean,61.8
IKUTOZ_clean,73.9
ILAGUY_charged,220.0
ILEHUD_clean,158.9
ILENOC_clean,145.4
ILIFOY_clean,94.6
ILIFUE_clean,97.1
ILIGAL_clean,96.8
ILIGEP_clean,98.4
ILIMOH_clean,193.4
ILIMUN_clean,78.2
ILINIC_clean,28.8
ILITUT_manual,146.1
ILOJOJ_clean,82.9
IMACND_clean,31.9
IMAGAG_clean,59.0
IMAXUR_clean,97.2
IMEDOV_clean,419.6
IMISIH_clean,127.1
IMUTUG_ion_b,120.8
INAMUG_clean,118.5
INARUM_clean,92.7
INIDAL_clean,159.1
INIGET_clean,152.0
INIQUR_clean,86.4
INIRAA_clean,153.9
INIRAY01_clean,118.8
INIRAY_clean,85.8
INIRII_clean,168.2
INOMIJ_clean,73.6
INOMOP01_clean,54.1
INOMOP_clean,56.4
INOVEN_clean,57.4
IPICOA_clean,37.3
IPICUG_charged,114.7
IPIDUH_clean,86.6
IPIFAP_clean,75.4
IPIHIA_clean,135.2
IPIJEY_clean,81.2
IPIJUM_clean,59.9
IQABEJ_clean,73.7
IQECIS_clean,173.2
IQEKOG_clean,113.3
IQEKUM_clean,87.1
IQEWOQ_clean,70.2
IQILIF_clean,134.0
IQOHUT_clean,98.0
IQOJAB_clean,135.4
IQOJEF_clean,171.5
IQOKEG_clean,91.8
IQOKIK_clean,171.3
IQUCOO_clean,92.8
IRAGEN_charged,203.4
IRAHUF_clean,160.4
IRAJER_clean,210.5
IRAYOQ_clean,103.4
IRELAU_clean,83.7
IROVAO_clean,47.2
IROVES_clean,94.0
ISUCUV_clean,96.7
ITAPAU_clean,41.1
ITAPIC_clean,38.9
ITIBOD_clean,97.3
ITIPAE_clean,71.6
ITIPOS_clean,65.6
ITIWAK_clean,100.8
ITIWEO_clean,110.4
ITIWIS_charged,114.2
ITIWOY_charged,114.8
ITIWUE_charged,114.2
ITOSEQ_clean,122.6
IVEHEW_manual,55.6
IVEQAC_clean,70.1
IVETOT_clean,44.6
IVILEG_clean,56.4
IVOCON_clean,52.6
IVOGUX_clean,80.4
IVUVIG_clean,64.5
IWAXUZ_clean,105.7
IWAYAG_clean,40.5
IWAYEK_clean,35.4
IWAYIO_clean,108.4
IWAYOU_clean,110.3
IWAYUA_clean,105.0
IWAZEL_clean,110.6
IWAZIP_clean,35.7
IWELIG01_clean,121.3
IWELIG_clean,122.5
IWEVAJ_clean,118.3
IWIPIO_clean,29.8
IWOKUC_clean,202.7
IWOSAP_clean,79.7
IXAKAU_clean,93.1
IXAZEO_clean,54.2
IXEBEU_clean,186.5
IXECET_clean,86.1
IXEDOE_charged,160.6
IXEFAS_charged,260.8
IXEJIG_clean,76.4
IXEJOL_clean,123.8
IXEJOM_clean,66.4
IXIPAG_clean,65.4
IXIPEK_clean,64.1
IXIPIO_clean,63.4
IXISAJ_clean,162.1
IXISOX_clean,162.6
IXISOZ02_clean,139.4
IXISUD_clean,136.8
IXODUV_clean,59.4
IXOFAD_clean,59.1
IXOFEH_clean,58.4
IXOFIL_clean,59.2
IXOFOR_clean,61.7
IXOFUX01_clean,60.7
IXOFUX_clean,60.4
IXUQOJ_clean,197.7
IXUQUO_clean,132.2
IXURID_clean,75.0
IXUWII_clean,84.4
IYAJID_clean,83.2
IYAJOJ_clean,80.9
IYAJUP_clean,168.5
IYAKAW_clean,80.0
IYAKIE_clean,84.7
IYASOS_clean,83.8
IYAYUE_clean,54.1
IYEHAX_clean,67.6
IYEPUZ_clean,62.3
IYESUC_clean,82.3
IYEXOZ_clean,128.1
IYICUP_clean,98.3
IYOBAA_clean,137.8
IYOCIK_clean,81.4
IYOCOQ_clean,80.9
IYODAD_clean,81.9
IYOQAQ_clean,83.7
IYOSUM_clean,101.5
IYOTAT_clean,97.8
IYOVIC_clean,70.7
IYOWID_manual,186.8
IYUCEM_clean,74.6
IYUCIQ_clean,65.5
IYUHOA_clean,162.1
IYUHUG_ion_b,132.6
IYUJAO_clean,81.4
IYUQEZ_clean,99.7
IYUQID_clean,78.1
IZEBAR_clean,61.3
IZEBEV_clean,80.9
IZEFEZ_charged,197.2
IZENEI_clean,189.7
IZENIM_clean,188.1
IZENUY_clean,138.5
IZEPAF_clean,58.9
IZEPEJ_clean,85.0
IZEQUB_clean,130.3
IZERAI_clean,121.0
IZEWAN_clean,61.5
IZIGUV_clean,175.5
IZIHAC_clean,121.6
IZIHEG_clean,119.9
IZIHOQ_clean,118.1
IZISEQ_clean,227.4
IZOWAW_clean,57.6
IZOWEA_clean,65.4
IZUMUM_clean,74.6
IZUVUV_clean,114.3
ja039022msi20031007_110612_clean,117.3
ja074366osi20070816_031204_clean,35.4
ja0752540-file002_clean,189.9
ja076167asi20070815_063752_clean,117.1
ja109659k_si_002_clean,54.6
ja110042b_si_003_clean,129.9
ja203898s_si_004_clean,65.2
ja205976v_si_004_clean,67.2
ja205976v_si_006_clean,57.7
ja206917z_si_001_clean,73.5
ja300034j_si_002_clean,60.0
ja302110d_si_001_clean,112.2
ja302340b_si_002_clean,136.5
ja302380x_si_003_clean,105.1
ja3082523_si_004_clean,534.4
ja308995t_si_002_clean,75.6
ja4012707_si_003_clean,37.8
ja4012707_si_004_clean,34.9
ja403810k_si_002_clean,653.3
ja4050828_auto,61.6
ja406030p_si_002_manual,61.1
ja406030p_si_003_clean,66.4
ja406030p_si_004_clean,73.5
ja406030p_si_005_manual,84.6
ja406030p_si_006_manual,80.5
ja406030p_si_007_manual,65.0
ja406030p_si_008_manual,81.0
ja406030p_si_009_manual,88.4
ja406844r_si_002_clean,79.6
ja407778a_si_003_clean,51.4
ja408959g_si_002_clean,72.2
ja408959g_si_003_clean,122.6
ja411887c_si_002_clean,140.0
ja500330a_si_005_clean,113.8
ja500330a_si_006_auto,271.8
ja500330a_si_007_auto,185.1
ja500330a_si_009_auto,142.1
ja5063423_si_002_clean,47.3
ja506357n_si_002_clean,114.3
ja507269n_si_002_clean,45.6
ja507269n_si_003_clean,45.0
ja507947d_si_001_auto,105.1
ja5103103_si_002_auto,237.2
ja510525s_si_002_clean,96.0
ja510525s_si_003-1_clean,92.5
ja5111317_ja5111317_si_002_auto,126.1
ja512137t_si_002_clean,62.3
ja512311a_si_003_auto,117.9
ja512311a_si_007_auto,102.4
ja512437u_si_002_clean,151.8
ja512437u_si_003_clean,151.9
ja512437u_si_004_clean,161.2
ja512762r_si_002_auto,70.7
ja512973b_si_002_auto,126.1
ja512973b_si_003_auto,119.6
ja512973b_si_004_auto,117.2
ja512973b_si_005_auto,31.8
ja5131269_si_002_clean,51.4
ja5131269_si_003_clean,51.1
ja5b00365_si_002_clean,75.6
ja5b02556_si_002_clean,77.8
ja5b02897_si_003_clean,50.6
ja5b02999_si_002_clean,55.0
ja5b02999_si_003_clean,131.2
ja5b02999_si_004_clean,126.6
ja5b02999_si_006_clean,55.7
ja5b02999_si_007_clean,50.7
ja808995d_si_002_clean,271.8
ja809985t_si_002_clean,327.3
ja903726m_si_002_clean,53.9
ja905009e_si_002_clean,67.2
ja907023c_si_001_clean,90.6
ja907023c_si_002_clean,89.9
ja907023c_si_003_clean,91.5
ja907023c_si_004_clean,91.5
JABMEF_clean,60.5
jacs.5b12516_ja5b12516_si_002_clean,148.3
jacs.5b12516_ja5b12516_si_003_clean,150.5
jacs.5b12516_ja5b12516_si_004_clean,155.6
jacs.5b13491_ja5b13491_si_002_clean,135.8
jacs.6b01345_ja6b01345_si_001_clean,397.4
jacs.6b01663_ja6b01663_si_003_clean,57.2
jacs.6b02030_ja6b02030_si_002_clean,111.4
jacs.6b02030_ja6b02030_si_003_clean,114.8
jacs.6b04608_ja6b04608_si_003_clean,710.1
jacs.6b06759_ja6b06759_si_002_clean,522.2
jacs.6b06759_ja6b06759_si_003_clean,324.4
jacs.6b06759_ja6b06759_si_004_clean,313.3
jacs.6b08724_ja6b08724_si_009_clean,45.1
jacs.6b08724_ja6b08724_si_014_clean,46.2
jacs.6b08724_ja6b08724_si_016_clean,44.1
jacs.6b09113_ja6b09113_si_002_clean,55.1
jacs.6b09155_ja6b09155_si_009_clean,63.4
JADBIC_clean,65.6
JADJOQ_clean,49.8
JADMAF_clean,293.8
JAFPIQ_clean,50.3
JAKBIJ_clean,32.8
JAKBOP01_clean,41.2
JAKBOP_clean,31.3
JAKBUV_clean,38.0
JALCAD_clean,156.8
JALLEQ_clean,237.4
JALLOA_clean,71.5
JALTUL_clean,70.8
JASNAT_clean,70.8
JAVNIE_clean,45.2
JAVSUV_clean,198.5
JAVTEG_clean,116.3
JAVWUY_clean,59.7
JEBCOJ_clean,107.9
JEDJUY_clean,53.4
JEDKEJ_clean,133.1
JEJWOL_clean,58.7
JELPAS_clean,91.5
JENKET_SL,109.8
JENKIX_SL,278.5
JETZAK_clean,104.3
JEWYAM_charged,67.0
j.ica.2016.05.002_2_clean,127.5
j.ica.2016.08.030_3_clean,73.8
JILWIL_clean,95.9
JILWOR_clean,175.6
JILXOS_clean,120.9
j.inoche.2015.01.025_INC05862-mmc2_clean,114.2
j.inoche.2015.03.028_inc05925-mmc2_clean,124.1
j.inoche.2015.03.054_CIFs_clean,39.3
j.inoche.2015.12.019_1_clean,97.6
JISVAJ_clean,67.1
JITPOS_SL,200.1
JITQEI_clean,128.3
JIVFUQ_clean,62.7
JIVHIG_clean,154.8
JIVSEN_clean,72.5
JIXWUJ01_clean,70.9
JIXWUJ02_clean,67.2
JIXWUJ_clean,68.9
JIYXUL_clean,53.2
JIZJAF_clean,60.8
JIZJEJ_clean,57.5
JIZJOT_clean,77.5
JIZJUZ_clean,75.8
JIZWEW_clean,63.6
JIZWIA_clean,64.8
JIZWOG_clean,82.7
j.jssc.2014.11.015_mmc2_clean,179.3
j.jssc.2015.05.012_mmc6_clean,110.5
j.jssc.2016.09.008_mmc8_clean,66.2
JOCWIJ_clean,102.0
JOFGOC_clean,101.4
JOFKIA01_clean,113.3
JOFKIA_clean,85.1
JOGHEU_clean,77.5
JOGHIY_clean,72.4
JOGSAA_clean,35.9
JOHFIW_manual,42.2
JOJKUQ_clean,80.8
JOKXAI10_clean,59.4
JOKXAI_clean,59.3
JOKXEM10_clean,90.6
JOKXEM_clean,89.6
JOKXOW10_clean,58.5
JOKXOW_clean,59.1
JOKXUC10_clean,84.2
JOKXUC_clean,86.5
JOKYAJ_clean,48.7
JOKYEN_clean,48.7
JOKYIR10_clean,47.8
JOKYIR_clean,47.5
JOKYOX10_clean,47.8
JOKYOX_clean,48.1
JOLYEQ_clean,178.1
JOQSOZ_clean,79.5
JOQZUM_clean,68.7
JORBAV_clean,66.8
JORLEJ_clean,200.3
JORRAL_clean,96.2
JORSEQ_clean,131.8
JORVET_clean,122.5
JOSNAG01_clean,85.4
JOSNAG_clean,81.0
JOVXEZ_clean,94.4
JOWFOQ_clean,57.8
JOXPIX_clean,104.0
JOYKUF_clean,41.7
jp102463p_si_002_clean,55.5
jp102463p_si_004_clean,57.1
jp2064408_si_002_clean,56.9
jp209895d_si_002_clean,267.0
JUCGUL_clean,64.2
JUCXEK_clean,42.1
JUFREJ_clean,79.9
JUGQIN_clean,60.7
JUGQOT_clean,57.9
JUJMOS_clean,356.2
JUJTAL_clean,85.9
JUMCOL_clean,36.7
JUMCUR_clean,61.7
JUMDAY_clean,58.9
JUMDEC_clean,57.4
JUNBOL_clean,97.9
JUNBUR_clean,73.8
JUQVAU_clean,88.2
JURKIS_clean,125.6
JUSBAC_clean,177.6
JUSKAL_clean,159.2
JUTCIM_clean,110.8
JUTCUW_SL,22.2
JUVROJ_clean,80.1
JUXFAL_clean,68.9
JUXFOZ_clean,99.3
JUYJIY_clean,46.0
JUYROM_clean,103.4
jz4002345_si_002_clean,81.7
jz4002345_si_003_clean,81.5
jz4002345_si_005_clean,87.7
jz4002345_si_006_clean,81.5
KABNIL_clean,59.7
KABXAO_clean,57.8
KABXES_clean,78.0
KABXIW_clean,78.3
KABXOC_clean,80.8
KACZEV_clean,210.7
KACZIZ_clean,215.4
KADLOT_clean,88.1
KADLUZ_clean,122.4
KAGCAY_charged,89.2
KAGVUL_clean,64.2
KAGWEW_clean,42.3
KAHMOW_clean,172.2
KAHNOX_clean,22.9
KAHPUE_clean,35.9
KAHYEY_clean,49.9
KAHYID_clean,41.8
KAHYOJ_clean,45.7
KAHYUP_clean,44.7
KAJZIH_clean,84.6
KAKCAD_clean,124.2
KAKCEH01_clean,78.9
KAKCEH02_clean,85.7
KAKCEH_clean,85.1
KALFEK_clean,124.5
KALFOU_clean,81.4
KALGAH_clean,79.0
KALGEL_clean,77.6
KANDIO_clean,78.6
KANMIX_clean,93.3
KARLUM_clean,141.9
KARNAU_clean,106.5
KARNID_clean,114.6
KARTAA_clean,88.6
KASRAZ_clean,100.9
KASRED_clean,96.7
KATDAM_clean,130.4
KAVGAQ_clean,88.8
KAVJAT_charged,116.3
KAVJEX01_clean,121.8
KAVJEX_clean,485.2
KAVKIC_clean,63.6
KAVNIH_clean,139.2
KAVTEI_clean,109.2
KAVTUY_clean,102.1
KAWBOB_clean,95.7
KAWHEY_clean,143.3
KAXQIL_clean,231.7
KAYBIX_clean,76.0
KAYBUJ_clean,72.6
KAYCIY_clean,98.4
KEBDIG_charged,127.7
KEBFII_clean,79.3
KECRAL10_clean,24.4
KECRAL11_clean,39.7
KECRAL12_clean,26.5
KECRAL_clean,25.4
KEDJAG01_clean,42.9
KEDJAG02_clean,43.1
KEDJAG03_clean,42.8
KEDJAG04_clean,42.0
KEDJAG06_clean,42.3
KEDJAG08_clean,42.1
KEDJAG10_clean,44.0
KEDJAG12_clean,43.5
KEDJAG14_clean,42.8
KEDJAG16_clean,42.7
KEDJAG18_clean,43.1
KEDJAG20_clean,43.1
KEDJAG22_clean,45.9
KEDJAG24_clean,42.6
KEDJAG26_clean,42.4
KEDJAG28_clean,42.7
KEDJAG_clean,42.0
KEDNOY_clean,62.4
KEDQAN_clean,111.3
KEFBEE_clean,33.2
KEFBII_clean,41.1
KEFBOO_clean,33.9
KEFWAV_clean,91.3
KEFWEZ_charged,87.4
KEFWID_clean,72.0
KEGYAX_clean,68.8
KEGZOL01_clean,34.9
KEGZOL02_clean,37.1
KEGZOL03_clean,35.2
KEGZOL_clean,34.9
KEHFUA_clean,158.8
KEHGAH_charged,81.4
KEHGIP_clean,116.4
KEJBOQ_clean_h,100.7
KEJHIQ_clean_h,98.4
KENJEU_clean,205.1
KEPPIF_clean,49.6
KEQDER_clean,77.3
KESBIU_charged,171.6
KESBOA_clean,157.3
KESBUG_clean,147.0
KESGAS_clean,76.8
KESHAT_clean,96.8
KETHEY01_clean,108.9
KETHEY02_clean,92.4
KETHEY_clean,101.4
KEVVIS_clean,107.4
KEVWUF_clean,37.4
KEWBUL_clean,184.4
KEWNUX_clean,85.9
KEWZET_clean,80.6
KEXFAU_clean,81.9
KEXFIC10_clean,69.8
KEXFIC_clean,66.8
KEYFUR_clean,249.7
KEYMUY_clean,50.8
KEYROX_clean,77.7
KEYYET_clean,35.1
KIBDEF_clean,100.6
KIBDIJ_clean,100.8
KICXAX_clean,98.6
KICXEB_clean,98.8
KIDDIM_clean,101.7
KIDDOS_clean,163.2
KIDVIE_clean,46.3
KIFJIT_charged,88.8
KIFWUT_clean,89.7
KIGCEK_clean,66.4
KIJPUQ_clean,64.2
KIJRUS_clean,90.5
KIKDAL_clean,247.6
KIKFIV_clean,111.6
KINDOC_clean,75.2
KINFAQ_clean,64.7
KINFEU_clean,95.6
KINNIG_clean,49.6
KINPUU_clean,111.4
KINQAB_clean,110.9
KINRIK_clean,297.5
KINROQ_clean,305.0
KIPJIE_clean,95.4
KIPJOK_clean,94.1
KIPJUQ_clean,119.6
KIPKAX_clean,123.4
KIPKEB_clean,118.4
KIPZEQ_clean,114.7
KIRFIA_clean,34.3
KIRTUC_clean,88.6
KISVEO_clean,50.3
KITVEQ_clean,70.0
KIVDUQ_clean,63.0
KIVFAY_clean,62.9
KIVFEC_clean,62.9
KIYMIQ_clean,85.6
KIYQEQ_clean,88.0
KIYQIU_clean,108.1
KIYQOA_clean,105.8
KIYTOD_clean,103.6
KIYXUN_clean,108.9
KOBFIR_clean,60.7
KOBRAV01_clean,208.7
KOBRAV_clean,201.5
KOCCUC_clean,54.8
KOCWEF_clean,110.3
KOFPEB01_clean,105.1
KOFPEB02_clean,105.5
KOFPEB03_clean,107.6
KOFPEB04_clean,107.4
KOFPEB_clean,107.6
KOFVOS_clean,127.4
KOGYIP_clean,57.9
KOHDIW_clean,65.5
KOHKIC_clean,266.5
KOHKOI_clean,240.1
KOHLIE_clean,186.5
KOJTOU_clean,78.2
KOJZEP_manual,77.3
KOJZIT_clean,81.4
KOJZUF_clean,161.2
KOKKOL_clean,76.0
KOMCOG_clean,118.0
KOMDAT_clean,174.0
KOMGUP_clean,56.2
KOMVIT_clean,83.7
KONCIA_clean,72.0
KONSAJ_clean,198.7
KONYOB_clean,87.4
KOQLUZ_clean,92.1
KORNAI_clean,86.2
KOSJAF_clean,57.1
KOSJEJ_clean,55.4
KOSJIN_clean,56.8
KOSJOT_clean,55.3
KOSJUZ_clean,55.7
KOSKAG_clean,56.5
KOSKEK_clean,55.4
KOSKIO01_clean,54.8
KOSKIO_clean,55.7
KOSKUA_clean,55.8
KOSLAH_clean,56.1
KOSLIP_clean,56.3
KOSLOV_clean,59.1
KOSLUB_clean,55.3
KOSMAI_clean,56.3
KOTSIX_clean,95.1
KOVJAI01_clean,92.3
KOVJAI_clean,61.1
KOXFUA_clean,111.9
KOXGAH_clean,224.8
KOXGIP_clean,124.7
KOYRAT_charged,173.7
KOZNIY_clean,49.8
KOZQEX_clean,179.1
KOZSID_clean,117.0
KOZSOJ_clean,103.2
KUBQAA_charged,160.3
KUCDIW_clean,500.9
KUCDOD_clean,71.7
KUDLUR_clean,106.3
KUDMAY_clean,106.5
KUDWAJ_clean,147.4
KUFBEU_clean,45.7
KUFTAI_clean,113.3
KUFVAK_clean,56.9
KUGZIW_clean,76.2
KUHNEI_clean,64.9
KUJMEJ_clean,47.9
KUJMIN_clean,70.2
KUJNEJ_clean,147.2
KUJNOT_clean,234.9
KUJNUZ_clean,250.6
KUJPAH_clean,251.9
KUJTUG_clean,220.7
KUKMUA_clean,142.4
KUKPOX_clean,139.3
KUKZOH_clean,430.4
KULLAG_clean,130.3
KULLEK_clean,123.4
KULMEK_clean,72.5
KULRIT_clean,87.2
KULZEY_clean,269.8
KUMGIK_clean,225.3
KUMGOQ_clean,49.8
KUNMUD_clean,99.5
KUNSUJ_clean,467.4
KUNWEW_clean,85.2
KUQWIE_clean,123.5
KUQXIE_clean,68.4
KUSZED_clean,33.5
KUTDAG_clean,217.6
KUTRUO_clean,208.5
KUVJIW_clean,46.5
KUVMIZ_clean,92.2
KUVMUL_clean,121.5
KUVYAD_clean,51.8
KUXLUL_clean,52.0
KUXREC_clean,43.0
KUYPIF_clean,75.5
KUZPEC_clean,126.4
KUZZAI_clean,99.2
la304204k_si_003_clean,213.6
la4012839_si_002_auto,310.9
LABJUV_clean,64.5
LABNAG_clean,81.0
LABNIO_clean,77.6
LABPOV_clean,159.3
LABPUB_clean,160.5
LABQAI_clean,156.8
LABRUE_clean,174.4
LACBID_clean,152.7
LACGED_clean,72.5
LACNUB_clean,192.3
LACQIS_clean,59.9
LACZEX_clean,46.7
LADHEF_clean,92.3
LADHIJ_clean,91.3
LADKEJ_clean,106.0
LADQEP_clean,128.0
LADQIT_clean,127.1
LADQOZ_clean,129.7
LADQUF_clean,131.4
LAFFEG02_clean,169.8
LAFQOA_clean,786.7
LAFQUG_clean,841.2
LAFRAN_manual,812.9
LAFRER_manual,817.7
LAFRIV_manual,812.1
LAFROB_manual,790.1
LAGBUS_clean,80.3
LAGDII_ion_b,85.2
LAGHIL_clean,140.4
LAGMUD_clean,51.6
LAGNAK_clean,51.0
LAGNEO_clean,66.0
LAGNIS_clean,66.0
LAGNOY_clean,71.6
LAGNUE_clean,70.4
LAGPAM_clean,50.1
LAGQER_clean,52.6
LAGQOB_clean,50.0
LAGTIY_clean,32.8
LAGVOG_clean,49.8
LAGWEX_clean_h,108.1
LAGWUN_clean,62.8
LAHTUM_clean,111.8
LAHVAU_clean,136.8
LAHYOL_clean,230.8
LAJJAK_clean,71.6
LAJLIT_charged,452.0
LAJTIC_clean,44.3
LAKFIN_clean,168.7
LALFEL_clean,40.5
LALFUB_clean,66.9
LAMFEK_clean,87.8
LAMFIO_clean,55.0
LAMFOU_clean,59.4
LAMHAI_clean,49.3
LAPLEW01_clean,176.6
LAPZIO_clean,126.8
LAQNID_clean,62.9
LAQZOV_clean,85.4
LARNIE_clean,61.6
LARPEC_clean,102.6
LARPOL_charged,116.2
LARVIM_clean,79.4
LARXUA_clean,122.8
LASDEQ_clean,189.4
LASMAV_neutral,160.7
LASRAB_clean,34.2
LASREF_clean,41.8
LASRIJ_clean,36.1
LASWEJ_clean,72.5
LASWIN_clean,98.8
LASYOU_clean,98.5
LATCEO_clean,35.7
LATPIG_clean,73.0
LATYOX_clean,76.1
LAVCOD_clean,45.9
LAVCUJ_clean,33.9
LAVDOE_clean,93.9
LAVSUY_clean,45.5
LAVTAF_clean,43.9
LAVTEJ_clean,44.1
LAVTIN_clean,41.6
LAVTOT_clean,44.1
LAVTUZ_clean,43.9
LAVZOA_clean,56.0
LAVZUG_clean,37.7
LAWFOF_clean,136.3
LAWFUL_clean,136.9
LAWFUN_clean,108.6
LAWGAS_clean,134.8
LAWGEW_clean,32.1
LAWGIA_clean,32.3
LAWGOG_clean,32.0
LAWGUM_clean,32.4
LAWHOJ_clean,102.1
LAWHUP_clean,102.4
LAXJAX_clean,791.5
LAYGAV_clean,230.1
LAZGOK_manual,77.7
LAZJIH_clean,56.2
LAZKUU_clean,126.2
LAZXOB_clean,58.0
LECFAC_clean,107.7
LECFEG_clean,107.5
LECFUW_charged,118.5
LECGIL_clean,39.6
LEDHEJ_clean,97.8
LEDHIN_clean,101.5
LEDLAJ_clean,151.6
LEDLEN_clean,94.8
LEDNEP_charged,116.8
LEDNIT_charged,98.4
LEGGEK_clean,94.6
LEGGIO_clean,218.2
LEHXUT_clean,86.3
LEJBUX_clean,30.7
LEJCAE_clean,31.6
LEJKIW_clean,85.5
LEJRIC_clean,54.8
LELDUD_clean,275.0
LELMIA01_clean,63.8
LELMIA_clean,59.6
LELROL_clean,101.6
LELRUR_clean,100.4
LEMVOP_clean,170.5
LENGAO_clean,87.9
LENKIA_clean,52.7
LEQQAA_clean,90.9
LEQQII_clean,92.4
LEQVUZ_clean,168.7
LESWAI_clean,98.1
LETDEU_clean,40.2
LETDUK_clean,45.3
LETPOR_clean,176.9
LETPUX01_clean,98.8
LETPUX_clean,99.0
LETQAE01_ion_b,90.9
LETQAE_clean,136.2
LETQEI_clean,176.9
LETRAF_clean,224.3
LEVBAQ_clean,212.9
LEVDIB_clean,60.1
LEVLEF_clean,212.5
LEVNOQ01_clean,100.5
LEVNOQ_clean,98.7
LEVPAF_clean,132.2
LEVYOC_clean,90.8
LEWMUX_clean,132.6
LEYFUS_clean,96.1
LEYPAI_clean,45.1
LEYQUD_clean,44.2
LEYRAK_clean,43.6
LEYREO_clean,43.1
LEZLAF_clean,110.9
LEZMIN_clean,74.0
LEZWUK_clean,100.1
LEZXAR_clean,103.0
LIBQIY_clean,43.8
LIBZIG_clean,59.4
LICKAL_clean,67.2
LIDWIG_clean,117.5
LIDZOP_clean,163.9
LIDZUV_clean,227.3
LIFSAW_clean,200.0
LIFSEA_clean,239.8
LIFWOO_clean,88.0
LIGHAM_clean,90.8
LIJNOJ01_clean,109.5
LIJNOJ_clean,110.8
LIKDOA_clean,77.4
LIPQOR_clean,257.3
LIQDAS_clean,97.4
LIQFEY_clean,66.6
LIQJEC_clean,64.4
LIRFIB_clean,22.8
LIRNOR_clean,313.4
LIRVAK_charged,132.5
LITCIC_clean,60.9
LITCOI_clean,143.9
LITDAV_clean,140.9
LITHUR_clean,48.9
LIVLUZ_clean,76.1
LIVTEP_charged,69.4
LIVTIT_clean,49.1
LIVWAQ_clean,44.4
LIWFOM_clean,56.3
LIWVIY_clean,49.7
LIWXIZ_clean,126.0
LIWXOG_clean,70.4
LIXWAR01_clean,94.9
LIXWAR_clean,97.7
LIXXAS_clean,57.5
LIZWEX_charged,148.7
LOBHAM_clean,103.9
LOCZIO_clean,82.8
LODKIA_clean,114.7
LODPUQ_clean,331.3
LOFVUY01_clean,250.1
LOFVUY_clean,246.4
LOFZUB_clean,92.6
LOGBAK_clean,103.2
LOGBEO_clean,99.4
LOGXEM_clean,266.0
LOJFOF_clean,248.2
LOJFUL_clean,50.2
LOJLAZ01_clean,48.7
LOJLAZ_clean,48.7
LOLREL_clean,231.0
LOLVAJ_clean,200.1
LOMLOQ_clean,67.6
LOMLUW_clean,69.4
LONVAN_clean,98.3
LONVIV_clean,97.9
LONWIW_clean,106.4
LOPZAS_clean,800.0
LOQLEJ_manual,73.4
LOQLIN_SL,90.7
LORMOW_clean,90.5
LORROB_clean,100.3
LOSBOM_clean,93.1
LOSXIC_clean,77.8
LOTDIJ_clean,165.9
LOVLEP_clean,325.0
LOXBEH_clean,241.8
LOXKAM_clean,81.9
LOXWAY_clean,139.5
LOXWEC_clean,137.2
LUBMAW_clean,106.1
LUBNAZ_clean,80.9
LUCDAO_clean,59.6
LUCDES_clean,60.2
LUCDIW_clean,59.3
LUDCUK_clean,138.9
LUDKOM_clean,140.3
LUDKUS_clean,158.7
LUDLED_clean,281.8
LUDLIH_clean,273.6
LUDVIP_clean,80.6
LUFBUL_clean,98.3
LUFCAS_clean,89.4
LUFNAC01_clean,86.8
LUFNAC02_clean,80.8
LUFNAC03_clean,82.4
LUFNAC04_clean,81.6
LUFNAC05_clean,81.1
LUFNAC_clean,82.3
LUFNEG_clean,95.5
LUFQUZ01_clean,45.6
LUFQUZ02_clean,35.5
LUFQUZ_clean,57.4
LUJBAV_clean,86.3
LUJPUC_clean,49.4
LUJSOA_clean,72.8
LUKREO_clean,159.5
LUKRIS_clean,93.9
LULVOF_clean,187.6
LULXAS_clean,74.7
LUMDEC_clean,76.2
LUMLIQ_clean,98.8
LUMYEZ_clean,63.5
LUMYID_clean,63.4
LUMYOJ_clean,63.1
LUMYUP_clean,62.4
LUMZAW_clean,86.7
LUMZUO_clean,36.8
LUNBAX_clean,37.5
LUNBEB_clean,37.5
LUNBIF_clean,21.5
LUPTAS_clean,99.6
LUPYAX_clean,85.9
LUQGAG_clean,90.3
LURLOB_clean,58.4
LUSHIR_clean,115.2
LUSHOX01_clean,88.2
LUSHOX02_clean,88.7
LUSHOX03_clean,86.2
LUSHOX04_clean,84.9
LUSHOX_clean,69.9
LUSHUD_clean,115.1
LUSJEP_clean,111.8
LUSJIT_clean,110.2
LUSJOZ_clean,109.4
LUSYEF_clean,80.1
LUTSEA_clean,50.1
LUVTAY_clean,146.6
LUVWUU_clean,199.5
LUWMEX_clean,124.6
LUWMIB_clean,115.0
LUWMOH_clean,109.7
LUXDUE_clean,249.4
LUXFOA_clean,237.0
LUXFUG_clean,227.4
LUYBOY_clean,108.6
LUYHAP_clean,35.1
LUYSEF_clean,68.6
LUYSOP_clean,81.7
LUZBOY_clean,29.6
LUZJAT_clean,101.4
MABCUQ_clean,33.2
MABJUV01_clean,115.4
MABJUV_clean,115.7
MABKEG_clean,136.3
MABKIK01_clean,126.5
MABKIK_clean,195.4
MABLAD_clean,134.7
MACHIJ_clean,231.6
MACKAE_clean,48.3
MADVUJ_clean,104.1
MADWAQ_clean,95.9
MAFDII_SL,235.3
MAFJIO_clean,77.9
MAFLUD_clean,61.9
MAFMAK01_clean,61.9
MAFZIE_charged,114.5
MAGBAZ_clean,43.8
MAGBON_clean,99.3
MAGNEQ01_clean,32.0
MAGNEQ_clean,32.2
MAHCEG_clean,121.5
MAHCIK_clean,122.6
MAHCOQ_clean,123.2
MAHTAR01_clean,105.7
MAHTAR_clean,106.4
MAJHUC_clean,125.3
MAKFIQ_clean,66.8
MAKFOW_clean,61.5
MAKGAJ_clean,62.6
MAKHAJ_clean,69.3
MAKRAU_clean,78.6
MAKRIC_clean,92.0
MAKXAZ_clean,193.8
MALFUD_clean,47.3
MALROJ_clean,52.0
MALRUM_clean,91.6
MALRUP_clean,51.4
MALSAW_clean,53.4
MALSEA_clean,55.1
MALSIE_clean,51.3
MALSOK_clean,51.8
MALYIJ_charged,193.9
MANDUD_clean,141.1
MANLAP_ion_b,131.6
MANLIX_charged,383.5
MANLOD_manual,210.6
MAPCIP_clean,42.1
MAPCUE_clean,166.8
MAPFIS_clean,92.0
MAPLEX_clean,165.1
MAQBEO_clean,80.5
MAQBIS_clean,102.1
MAQRAA_clean,54.7
MARDAM_charged,181.6
MARJAQ_clean,72.8
MARNOL_clean,84.1
MARPOL_clean,196.8
MARXEK_clean,44.8
MASMIC_clean,41.4
MASZOX_clean,70.4
MASZUD_clean,70.2
MATBAM_clean,108.9
MATBEQ_clean,150.9
MATFIY_clean,100.3
MATPOP_clean,227.4
MATPUV_clean,117.5
MATTOR_clean,71.7
MATTUX_clean,129.5
MATWUC_clean,69.3
MATXAJ_clean,83.6
MAVFEV01_clean,48.3
MAVFEV_clean,49.7
MAVNUU_manual,105.0
MAWFAT_charged,184.1
MAWFEY_clean,231.6
MAWFIC_clean,81.6
MAWTUC_clean,71.0
MAWVAK_clean,69.1
MAXFIA_charged,74.3
MAXHOJ01_clean,55.0
MAXHOJ02_clean,57.3
MAXHOJ_clean,109.1
MAYJOM_clean,74.8
MAYKOO_clean,70.5
MAZSUD_clean,65.2
MEBMEM01_clean,75.8
MECWIB_clean,276.0
MEFJUE_clean,75.9
MEFYUT_clean,93.3
MEFZUU_manual,302.2
MEGBAD_clean,59.5
MEGBEH_manual,58.4
MEGFIN_clean,101.7
MEHMET_clean,50.4
MEJMOE_clean,128.9
MEJQEZ_clean,94.6
MEJQID_clean,88.8
MEJQOJ_clean,90.2
MEJZEI_clean,98.7
MEJZIM_clean,101.1
MEJZOS_clean,137.4
MEJZUY_clean,135.0
MEKBAH_clean,133.3
MEKDUC_clean,97.3
MEMGAN_clean,61.6
MEQHUL01_clean,58.3
MEQHUL_clean,58.8
METYIU_clean,74.8
MEWNEH_clean,74.0
MEXDEY_clean,100.9
MEXJAC_clean,24.3
MIBMER_clean,109.8
MICDEJ_clean,75.7
MIDCAF_clean,135.5
MIDSUP01_clean,48.3
MIDSUP_clean,74.8
MIFGEP01_clean,127.5
MIFGEP_clean,125.9
MIFKUJ_clean,113.6
MIFLIY_clean,50.7
MIFNUM_clean,131.4
MIFPUO_clean,119.7
MIFQOJ_clean,76.6
MIFROK_clean,128.3
MIFSAX_clean,127.1
MIFSUR_clean,140.4
MIFTEC_clean,127.4
MIFTIG_clean,131.4
MIFTUS_clean,130.1
MIFVEE_clean,125.8
MIHLAR_clean,106.2
MIHLEV_clean,78.1
MIHLIZ_clean,102.7
MIHLOF_clean,99.4
MIJHOD_clean,65.1
MIJMAU_clean,107.2
MIKDUH_clean,67.8
MIKJAR_clean,187.3
MILQIJ_clean,79.8
MILROQ_clean,333.2
MIMFOF_clean,161.5
MIMKIE_clean,52.0
MIMSOS_clean,170.9
MIMSUY_clean,139.2
MIMVEJ_clean,134.2
MINCIX_clean,69.8
MINCUJ_clean,74.4
MINVOU01_clean,44.8
MINVOU_clean,44.0
MINVUA01_SL,60.9
MINVUA_SL,63.8
MIQLII_clean,57.5
MIRLAB_clean,55.4
MISQIQ01_clean,233.4
MISQIQ02_clean,230.0
MISQIQ03_clean,185.8
MISQIQ04_clean,231.0
MISQIQ05_clean,232.3
MISQIQ06_clean,234.0
MISQIQ07_clean,232.7
MISQIQ_clean,230.8
MITGOL_clean,57.0
MITSAK_clean,46.1
MITSIS_charged,71.9
MITSUE_clean,45.7
MITTAL_charged,104.7
MIVFEE_clean,70.2
MIVFOO_clean,65.5
MIXBAY_clean,42.4
MIXBEC_clean,117.4
MIXBIG_auto,57.2
MIXYID_clean,88.8
MIXZOK_clean,68.0
MIYWIB_clean,71.0
MIZKOW_clean,102.3
MOCKAR_clean,33.3
MOCKEV_clean,32.2
MODJOG_clean,54.0
MODMIB_clean,40.3
MODNAU_charged,122.5
MODNOI_ion_b,112.5
MODNUO_ion_b,122.1
MOFBIU_clean,261.7
MOFKUO_clean,71.9
MOFLAV_clean,188.1
MOGNAY_clean,74.5
MOGXUB_clean,65.1
MOJNAC_clean,76.2
MOLKAB_clean,101.4
MOLQEL_clean,57.2
MOLRIP_clean,69.3
MOMRIR_clean,300.0
MOMSIS_clean,81.1
MOPKEJ_clean,217.4
MOPQIT_clean,73.3
MORFEG_clean,189.3
MORZID_clean,204.3
MOSBIG_clean,46.5
MOSDUT_clean,91.9
MOTMAK_clean,78.9
MOTVOI_clean,74.0
MOVGUB_clean,97.9
MOVHEM_clean,98.0
MOVKOZ_clean,100.4
MOXDOT_charged,162.1
MOXKAN_clean,195.5
MOXNIY_clean,87.9
MOXNUJ_clean,46.6
MOXNUK_clean,134.1
MOXPEV_charged,111.7
MOXPIZ_charged,60.4
MOXPUL_clean,47.4
MOYMET_clean,106.7
MOYNIY_clean,165.5
MOYYEF_clean,98.8
MOYYIJ_clean,45.0
MUBQIJ_clean,348.4
MUBZOA_auto,74.1
MUBZUG_auto,74.1
MUDLON_clean,94.8
MUDTAH_clean,107.7
MUDTEL_clean,105.5
MUFXUI_clean,99.2
MUFYAP_clean,99.1
MUGFOK_clean,139.0
MUGHED_clean,98.2
MUGQAI_clean,98.8
MUHNAG_clean,84.8
MUHNUA_clean,114.7
MUHPAI_clean,75.7
MUJRIT_clean,68.7
MULQOA_clean,80.7
MULSER_clean,64.7
MULXOH_clean,85.6
MUMYAW_clean,110.9
MUNDAC_clean,50.6
MUNDEG_clean,117.1
MUNDOQ_clean,59.6
MUNLUE_clean,63.9
MUNNUF_clean,115.2
MUNPAN_clean,107.0
MUNPER_clean,113.9
MUPTAU_clean,97.8
MUQSAU_clean,84.0
MURBEI_clean,51.1
MURCAD_clean,56.6
MURCIL_clean,61.1
MURCOR_clean,66.4
MURFIQ_clean,114.2
MURTUO_clean,115.0
MUSCAG_clean,175.2
MUSCIN_clean,107.7
MUSSIE_clean,99.4
MUTDIQ_clean,84.8
MUTVUT_clean,139.9
MUVGOA_clean,111.4
MUVGUG_clean,79.5
MUVHER_clean,82.0
MUVJIX_clean,89.0
MUVLUM_clean,77.5
MUVMOG_clean,171.7
MUVNAT_clean,62.8
MUVNEX_clean,121.9
MUVROM_clean,290.2
MUWQEB_clean,62.0
MUZGAQ_clean,199.5
MUZHUL_charged,58.3
MUZKAV_clean,180.4
MUZVUA_clean,61.5
NABCEA_charged,100.6
NABMUA01_clean,74.5
NABMUA_clean,74.3
NACVUI_clean,70.8
NACYAU_clean,66.4
NACYOG_clean,97.2
NACYUM_clean,99.8
NADKEK_clean,44.2
NADNEM_clean,88.0
NADZEZ_clean,144.5
NADZID_clean,104.0
NAFSOF_clean,31.2
NAGBUU_clean,185.7
NAGCAB_clean,178.4
NAGQET_clean,84.0
NAGQOD_clean,199.2
NAHFIO_clean,239.1
NAHHAI_clean,55.2
NAHNES_clean,129.2
NAJMIV_charged,133.3
NAJQUN_clean,161.3
NAJSUP_clean,101.8
NAJTAW_clean,68.5
NAKLIW_clean,64.2
NALWOO_clean,90.6
NALYEG_clean,49.1
NAMDUD_clean,340.7
NANTII_clean,47.7
NANYUX03_clean,47.0
NANYUX_charged,75.5
NAPNEA_clean,426.5
NAPZOV_clean,55.4
NAQLAT_clean,185.9
NAQQED_clean,56.6
NAQQIH_clean,57.9
NAQQON_clean,57.3
NAQQUT_clean,57.0
NAQRAA_clean,56.7
NAQREE_clean,56.7
NARMUR_clean,80.3
NARPOO_clean,83.5
NARPUU_clean,80.8
NASREH_clean,38.8
NASRIL_clean,41.2
NASROR_clean,126.8
NATFAS_clean,113.1
NATHOH_ion_b,114.6
NATHUO_clean,97.3
NATKIF_clean,73.5
NATKOL_clean,78.0
NAVJAW01_clean,53.5
NAVJAW_clean,54.0
NAVLIG_clean,80.2
NAWDUN_clean,124.8
NAWKII_clean,133.7
NAWWUG_clean,94.6
NAWXER_clean,45.0
NAXKOO_clean,81.0
NAXLII_clean,88.4
NAYGUR_clean,48.2
NAYMOQ_clean,69.6
NAYNIK_clean,66.9
NAYPIM_clean,193.7
NAYXOC_clean,130.2
NAYZOE_clean,107.5
NAYZUK_SL,86.7
NAZZEV_clean,94.0
nchem.2258-s3_clean,94.5
ncomms11831_ncomms11831-s2_clean,221.6
ncomms11831_ncomms11831-s3_clean,203.1
ncomms7350-s2_clean,124.2
NDAIAH_clean,58.7
NEBNOZ_clean,99.3
NEDVOJ_charged,67.1
NEDVUP_clean,63.6
NEDWAW_clean,61.4
NEDWEA_clean,58.2
NEDWIE_clean,40.0
NEDXOL_clean,130.5
NEFZOO_clean,108.7
NEGMUI_clean,82.5
NEGZUW_clean,79.3
NEHGEO_clean,326.6
NEHGIS_clean,334.7
NEHMET_clean,55.6
NEHZIK_clean,74.3
NEJRUR_clean,66.9
NEJSAY_clean,146.9
NEJSEC_clean,100.2
NEJSOM_clean,78.4
NEKBEL_clean,56.7
NEKMUN_clean,130.1
NEKREB_clean,69.9
NELVAC_clean,102.7
NELVEG_clean,110.4
NENFAN_clean,184.8
NENHAQ_clean,86.2
NEPWIQ_clean,104.1
NERMON_clean,75.5
NERNON_charged,143.4
NERTAH_clean,199.4
NERVAJ_clean,327.9
NERVEN_clean,339.4
NESVAK_charged,105.9
NESVEO_charged,70.5
NETHOJ_clean_h,71.2
NETYIV01_clean,98.8
NETYIV_clean,96.7
NEVJEF_clean,96.2
NEVPOU_clean,78.2
NEVPUA_charged,92.3
NEVQAH_charged,93.5
NEVVAM01_clean,72.9
NEVVAM02_clean,75.1
NEVVAM_clean,68.9
NEVVEQ_clean,124.6
NEXDOK_charged,233.4
NEXVET_clean,138.0
NEXVUI_clean,101.3
NEXXEV_clean,105.1
NEXXIZ_clean,111.0
NEYVEU_clean,263.4
NEYYUN_clean,56.4
NEYZAU_clean,57.7
NEZWOG01_clean,68.2
NEZWOG_clean,75.0
NIBHUC_clean,95.8
NIBJAK_clean,35.7
NIBXUT_clean,95.6
NIFTIH_clean,82.6
NIGBOW_clean,40.4
NIGDEO_clean,98.1
NIGDIS_clean,94.8
NIGFIT_clean,47.4
NIGFOZ_clean,48.7
NIGFUF_clean,50.2
NIGGAM_clean,47.8
NIGGEQ_clean,49.1
NIGGIU_clean,49.0
NIGNUO_clean,140.0
NIGPEA_clean,113.3
NIHBAI01_clean,68.9
NIHBAI02_clean,70.3
NIHBAI_clean,72.1
NIHBEM01_clean,75.5
NIHBEM02_clean,74.7
NIHBEM_clean,73.2
NIHBIQ01_clean,72.8
NIHBIQ02_clean,72.7
NIHBIQ_clean,72.7
NIHVUX_clean,76.7
NIJTOR_clean,115.9
NIJZIP01_clean,64.4
NIJZIP_clean,45.1
NIJZOV_clean,44.6
NIKDAM_clean,75.5
NIKJIB_clean,123.8
NIKKIC_clean,107.7
NIKYOW01_clean,73.7
NIKYOW02_clean,74.1
NIKYOW_clean,72.6
NIKYUC01_clean,72.5
NIKYUC02_clean,73.6
NIKYUC_clean,73.3
NIKZAJ01_clean,73.0
NIKZAJ02_clean,73.7
NIKZAJ_clean,72.1
NIKZEN01_clean,72.5
NIKZEN02_clean,73.9
NIKZEN_clean,73.3
NIMPEG01_clean,57.3
NIMPEG_clean,64.6
NIMPOQ_clean,126.7
NIMTAE_clean,131.9
NIMXAK_clean,67.7
NIMXIS_clean,63.7
NINHOH_clean,20.7
NINVAI_clean,54.7
NIRGAY_clean,91.4
NISBEX_clean,140.4
NISPEL_charged,195.9
NIVZOJ_clean,50.3
NIYJAI_clean,194.2
NIYZIG_clean,78.1
NIZNAN_clean,159.2
NIZZAY_clean,172.4
NIZZEC_clean,98.3
NIZZIG_clean,76.0
NIZZOM_clean,76.4
NOBVOR_clean,92.0
NOCKOG_clean,90.6
NOCKUM_clean,100.9
NOCLOH01_clean,68.1
NOCLOH02_clean,67.0
NOCLOH03_clean,65.6
NOCLOH_clean,65.8
NOCLUN_clean,55.4
NOCYUB_clean,114.4
NOCZAI_clean,110.3
NODKAT_clean,124.2
NODKOH_clean,135.9
NODKUN_clean,57.3
NOFDUI_clean,136.0
NOFHOG_clean,59.0
NOFQAB_clean,906.4
NOFQIK_clean,65.9
NOFQOQ_clean,67.9
NOGDAP_clean,134.5
NOHFOG_clean,55.2
NOHLAZ_clean,44.2
NOHSIM01_clean,81.0
NOHSIM_clean,61.2
NOHSUA_clean,126.0
NOKJON_clean,43.0
NOKLIJ_clean,53.3
NOKPEJ_clean,68.6
NOMQAJ01_clean,96.3
NOPJOT_clean,76.6
NOQKOV_clean,84.4
NOQKUB_clean,94.0
NORBUT_clean,301.7
NORGOS_clean,111.0
NOSHEK_clean,50.0
NOSJIQ_charged,371.7
NOSTUM01_clean,96.4
NOSTUM_clean,62.0
NOWGIR_clean,89.2
NUBBAP_clean,65.9
NUBPIL_clean,33.7
NUCBIY_clean,363.6
NUCCEV_clean,189.4
NUCPEI_clean,64.9
NUCYAN_clean,49.5
NUCYER_clean,48.8
NUCYIV_clean,101.2
NUDLIJ_clean,61.0
NUDMAC_clean,92.0
NUDMEG_clean,93.7
NUDMOQ_clean,94.5
NUDMUW_clean,91.9
NUDNEH_clean,93.9
NUFBEX_clean,58.8
NUFBOH_clean,142.0
NUFBUN_clean,66.6
NUFCAU_clean,60.0
NUFTOY_charged,86.5
NUGRIR_clean,205.0
NUGROX_clean,242.7
NUHNUA_clean,141.7
NUHPAI_clean,107.8
NUHQAK_clean,114.6
NUHQIS_clean,174.5
NUHQOY_clean,176.6
NUHQUE_clean,175.6
NUHRAL_clean,190.4
NUHZAS_clean,137.4
NUJCEA_clean,85.9
NUJCIE_clean,85.5
NULMAJ_clean,59.7
NUNCEG_clean,107.4
NUNNUH_clean,39.0
NUNPAP_clean,37.7
NUNSIA_clean,179.7
NUNSOG_clean,173.4
NURMUJ_clean,48.2
NUTQAV_clean,31.9
NUTYEI_clean,180.6
NUTYIM_clean,168.4
NUVBIQ_clean,57.6
NUVWEH_clean,95.3
NUVXOT_clean,75.0
NUVYOT_clean,134.2
NUWBOX_clean,63.6
NUWPOM_clean,73.8
NUWVIM_clean,407.9
NUYNEC_clean,47.3
NUYQUU_clean,63.4
OBAFEF_clean,51.3
OBAFOP_clean,105.5
OBAHIL_clean,176.9
OBAHOR_clean,183.6
OBAHUX_clean,176.1
OBAJAF_clean,173.9
OBEDAA_charged,120.3
OBEDEE_clean,102.6
OBIBAF_clean,125.2
OBIBEJ_clean,85.4
OBIBOT_clean,123.3
OBODEQ_clean,48.8
OBOGUK_clean,32.1
OBONUO_charged,141.8
OBUBOC_manual,93.2
OBUFEX_clean,87.3
OBUFIB_SL,135.9
OCACUR_clean,57.3
OCAQOY_clean,84.4
OCOKUP_clean,95.7
OCUGEZ01_clean,65.0
OCUGEZ_clean,63.6
OCUMIL_clean,128.3
OCUMOR_clean,149.0
OCUNAC_manual,1332.6
OCUNAE_clean,126.6
OCUPUY_clean,80.6
OCURAG_clean,78.1
OCUSIP_clean,79.8
OCUSOV_clean,76.9
OCUSUB_clean,69.5
OCUTEM_clean,76.4
OCUVUF_clean,138.8
ODAHIK_charged,77.0
ODERIZ_clean,78.4
ODEZAB_clean,97.2
ODIMAQ_clean,64.5
ODIVUU_clean,75.9
ODIXEG_clean,54.9
ODODES_clean,162.8
ODODIW_clean,114.7
ODODOC_clean,104.7
ODODUI_clean,137.5
ODOMIF_clean,57.1
ODOXEK_clean,121.9
ODUNEH_clean,101.5
OFAWAV_clean,31.1
OFAWEZ_clean,44.6
OFEHAK_clean,65.9
OFEREX_clean,45.3
OFERUN06_clean,62.8
OFERUN_clean,83.2
OFESAU_clean,108.9
OFESEY_clean,106.9
OFESIC_clean,105.6
OFOCUI_clean,142.5
OFODET_clean,90.8
OFUCAV_clean,71.5
OFUCEZ_clean,63.7
OFUYUL_SL,102.7
OGAGAF_clean,84.3
OGAGEJ_clean,56.5
OGAGIN_clean,104.8
OGAXUR_clean,92.9
OGEBAF01_clean,77.0
OGECOU_clean,95.1
OGIBOV_clean,210.7
OGIBUD_clean,56.7
OGIKAR_clean,405.2
OGIYOT_charged,122.2
OGIYUZ_clean,114.2
OGOJOJ_charged,133.1
OGOWAJ_clean,113.0
OGUJIL_clean,99.3
OGUPIQ_clean,165.3
OGURAK_charged,74.2
OHAKEO_clean,84.8
OHAKIS_clean,111.2
OHIHET_clean,120.9
OHOMIH_clean,78.4
OHUMEL_clean,657.7
OJAZOP_clean,311.8
OJICEQ_charged,173.9
OJICUG_clean,45.4
OJIDAN_clean,118.1
OJIWAG_clean,107.7
OJIWIO_clean,105.3
OJONOQ_clean,33.5
OJORUC_clean,84.0
OKABAE_clean,59.7
OKABEI_clean,64.7
OKAYAC_clean,226.5
OKAYEG_clean,234.7
OKAYOQ_clean,77.2
OKAYUW_clean,75.7
OKAZAD_clean,78.5
OKELOH_clean,68.5
OKIJUO_charged,97.6
OKIKAV_charged,90.9
OKIKEZ_charged,95.5
OKILEA_clean,58.5
OKIQEG_clean,158.2
OKITAE_clean,49.7
OKITIM01_charged,127.6
OKITIM02_charged,128.5
OKITIM_charged,115.9
OKIVAG01_charged,126.4
OKIVAG_charged,121.9
OKIVIO01_charged,126.4
OKIVIO02_charged,128.2
OKIVIO_charged,127.3
OKIVUA_clean,103.2
OKIWEL01_charged,123.6
OKIWEL02_charged,124.6
OKIWEL_charged,126.1
OKIWUB01_charged,115.2
OKIWUB02_clean,99.3
OKIWUB_charged,114.9
OKIXIQ01_charged,121.9
OKIXIQ02_charged,127.1
OKIXIQ_charged,112.7
OKIYAJ01_clean,102.0
OKIYAJ_charged,124.7
OKIYIR01_charged,114.1
OKIYIR02_charged,123.8
OKIYIR03_charged,123.4
OKIYIR_charged,123.0
OKOSUE_clean,112.8
OKUKOW_clean,421.2
OKUSUK_clean,337.4
OKUTAR_clean,360.1
OKUTEV_clean,350.6
OLAGIR_clean,132.2
OLANAS_clean,86.6
OLANEW_clean,115.5
OLAQOI_clean,265.3
OLEKUM_manual,162.8
OLICIX_clean,389.3
OLOGEC_clean,116.9
OLOPEM_clean,282.9
OLOYOF_clean,89.2
OLUCAZ_clean,75.2
OLUROC_clean,141.5
OLURUI01_charged,114.6
OLURUI_charged,110.8
om701262m-file004_clean,114.4
OMAMEU_clean,82.7
OMIMEE_clean,688.1
OMIPAD_clean,264.4
OMIPEH_clean,554.2
OMITUB_clean,495.3
OMOVET_clean,81.9
OMUSAS_clean,48.5
ONEJUN_clean,112.8
ONEYOW_clean,115.0
ONUKAL_clean,99.5
ONUQOE_clean,174.6
OPAGIX_clean,118.5
OPAMOI_clean,50.8
OPENUT_clean,52.0
OPIFUQ_clean,420.5
OPINIL_clean,41.7
OPIPUZ_clean,145.1
OPIWEQ_clean,122.3
OPIXUI_clean,225.9
OPIYAP_clean,116.1
OPOBIF_clean,106.0
OPOZEZ_clean,82.9
OPUDOT_clean,118.8
OQANIE_clean,107.3
OQEPUW_clean,150.6
OQEROS_clean,81.5
OQERUY_clean,121.4
OQESAF_clean,81.1
OQESEJ_clean,82.0
OQETEK_clean,29.0
OQIQEM_clean,66.2
OQIQIQ_clean,69.4
OQIQOW_clean,68.1
OQIQUB01_charged,134.0
OQIQUB_charged,136.6
OQIRAI_charged,114.9
OQIZUL_clean,278.1
OQOJUB_clean,108.2
OQUCOU_clean,84.9
OQUFAJ02_clean,112.1
OQUFAJ04_clean,90.4
OQUFAJ_clean,85.8
OQUFOX_clean,100.2
OQUGUE_clean,112.2
OQUWUU_clean,484.0
OQUXAB_clean,149.9
OQUXEF_clean,147.8
OQUXIJ_clean,155.0
OQUZIL_clean,155.6
ORAGEU_clean,72.0
ORAGOF_clean,109.4
ORAQUU_clean,245.3
OREZES_clean,89.3
ORIBAU_clean,49.4
ORIVOC_clean,114.9
ORIVUI_clean,113.8
ORIWAP_clean,123.2
ORIWET_clean,111.2
OROKEN_clean,61.7
OROLUD_clean,67.3
ORUKET_clean,59.2
ORUKOD_clean,196.6
ORULEU_clean,112.8
OSAVEK_clean,57.2
OSAVUA_clean,49.3
OSAWEL_clean,74.3
OSIKIL_clean,184.1
OSIKUX_clean_h,164.3
OSILOS_charged,90.2
OSIWUJ_clean,92.1
OSIXEU_clean,91.0
OSIXIY_clean,130.2
OSOTUN_clean,635.1
OSUVIJ_clean,134.1
OSUWEF_clean,264.5
OTABES_clean,34.0
OTALUS_clean,411.6
OTAQAD_clean,40.1
OTATOT_clean,68.8
OTAVAH_clean,70.1
OTAVOV_clean,69.6
OTAVUB_clean,68.2
OTAWIR_clean,92.4
OTECAT_clean,207.9
OTEGUR_clean,58.7
OTEHAY_clean,55.4
OTIBUQ_clean,64.5
OTIJAE_clean,149.7
OTIPAK_clean,129.5
OTIPEO_clean,93.0
OTIPUE_clean,103.8
OTIQAL_clean,90.2
OTODEI_clean,162.2
OTODOS_clean,174.5
OTOLIU_clean,137.7
OTOVAW_clean,105.3
OTOVIE_clean,91.3
OTUDEO_clean,63.7
OTUDIS_clean,65.6
OTUXUX_clean,253.8
OTUYEJ_clean,47.5
OVEHUT_clean,69.7
OVEJIJ_clean,50.6
OVEXOD_clean,178.9
OVICUS_clean,121.3
OVIWIA_clean,48.7
OVIZID_clean,129.1
OVUCOY_clean,66.8
OVUDAL_clean,60.6
OWAVIS_clean,117.0
OWAVOY_clean,79.9
OWETIU_clean,87.3
OWEYOF_clean,181.4
OWIHEJ_clean,57.0
OWIHIN_clean,57.2
OWIHOT_clean,57.2
OWIHUZ_clean,56.8
OWIJAH_clean,56.0
OWIJEL_clean,56.5
OWIJIP_clean,57.5
OWIJOV_clean,56.3
OWILAJ_clean,109.7
OWIYUP_clean,540.7
OWIZAW_clean,68.4
OWUWOU_clean,176.3
OWUWUA_clean,195.3
OXALAB_clean,56.1
OXALEF_clean,57.7
OXALIJ_ion_b,61.8
OXALOP_clean,84.6
OXALUV_SL,96.8
OXAPEJ_charged,149.3
OXEVOE_clean,60.4
OXITOF_clean,50.3
OXOLAP_SL,111.6
OXOZUY_clean,207.7
OXUPUT_clean,65.4
OYEJOS_clean,101.1
OYERER_clean,45.3
OYERIV_clean,116.6
OYEROB_clean,86.4
OYERUH_clean,157.8
OYEWEW_clean,77.1
OYEWIA_clean,51.5
OYIVEY_clean,78.9
OYIVIC_clean,64.4
OYIVOI_clean,67.6
OYOSAX_clean,108.6
OYUSAD_charged,86.4
OZAVES_clean,50.2
OZAVOC_clean,59.4
OZAVUI_clean,54.3
OZUKOL_clean,89.4
OZUKUR01_clean,78.4
OZUKUR_clean,88.2
OZULAY_clean,88.9
OZULUS_clean,112.2
OZUMAZ01_clean,113.8
OZUMAZ_clean,112.7
OZUMIH_clean,113.5
PACGIM_clean,167.7
PACZOK_clean,161.2
PACZUQ_clean,111.4
PADBAZ_charged,101.8
PAFMUH_clean,87.4
PAHPOG_clean,154.4
PAJSAX_clean,80.5
PAKFAL_clean,103.4
PAKFEP_clean,120.1
PAKXIK_clean,98.4
PALTON_clean,150.3
PAMHIW_clean,134.2
PAMTII_clean,56.8
PAMTOO_clean,56.5
PAMTUU_clean,59.4
PAMVEG_clean,85.8
PANYOU_charged,129.7
PAPROO_clean,107.3
PAPRUU_clean,99.1
PAPVAF_clean,99.3
PAPXUB_clean,114.1
PAQMEB_clean,61.7
PAQVEK_clean,121.8
PARHAS_clean,40.7
PARHEW_clean,40.3
PARKUQ01_clean,48.3
PARKUQ_charged,81.0
PARMIG_clean,127.2
PARNIH_clean,66.6
PARNON_clean,101.6
PASMUT_clean,80.9
PASNAA01_clean,91.1
PASNAA_clean,91.2
PASTOU_clean,132.2
PATNAB_clean,37.4
PATWOY_clean,83.9
PAVKIH_charged,207.3
PAVLOO_clean,96.9
PAVMAB_clean,87.8
PEBNEP_clean,143.2
PECLEP_clean,169.2
PEDMER_clean,66.3
PEDMOB_clean,94.0
PEDRIA_clean,136.0
PEFJUF_clean,58.1
PEFRID01_clean,148.6
PEFRID_clean,95.2
PEFRUP01_clean,156.7
PEFRUP_clean,92.7
PEFSUQ_clean,87.3
PEGBAG_clean,101.9
PEGBUA_clean,103.2
PEGCAH_clean,107.5
PEGCEL_clean,107.1
PEGCIP_clean,137.1
PEGPOI_clean,113.6
PEGQID_clean,61.0
PEGQOJ_clean,62.2
PEGQUP_clean,63.7
PEHQID_neutral,118.1
PEHTON_clean,161.0
PEJFOA_clean,184.0
PEJFUG_clean,162.4
PEJMOI_clean,60.5
PEJMUN_charged,142.6
PEJNUP_clean,47.7
PEJPAX_charged,59.6
PEJPIF_charged,96.0
PEKCUF_clean,115.5
PEKDAM_clean,74.3
PEKZIP_clean,70.4
PELGOE_clean,83.7
PELQII_clean,135.7
PELRIJ_clean,120.3
PELXIP_clean,110.8
PEMGIZ_charged,132.4
PEMREG_clean,115.0
PEMRIK_clean,125.4
PENNAZ_clean,80.4
PENNON_clean,44.5
PENNUT_clean,136.4
PENYIR_clean,90.3
PENZIS_clean,64.9
PEPBAO_clean,87.7
PEPFAT_clean,198.8
PEPKOL_clean,142.5
PEPKUR_clean,121.9
PEPLAY_clean,56.9
PEPLEC_clean,60.2
PEPLIG_clean,59.4
PEPLOM_clean,63.1
PEQRUZ_clean,101.1
PEQWAK_clean,79.4
PESTUD_clean,123.9
PETWOC_clean,76.1
PEVFON_clean,80.1
PEVLIN_clean,64.9
PEVQIS_clean_h,139.8
PEVQOY_clean_h,148.0
PEVXAQ_clean,103.7
PEWGEF_clean,53.7
PEWLUA_clean,79.2
PEWXUL01_clean,140.9
PEWXUL_clean,146.5
PEXFAA_clean,35.8
PEXTUI_clean,53.4
PEYPAM_SL,164.5
PEYPIU_clean,153.5
PEYSIW_clean,140.9
PEYVEV_clean,82.6
PEZCII_clean,101.5
PIBGAK_clean,62.3
PIBNUK01_clean,114.8
PIBNUK_clean,113.7
PIBPAS01_clean,98.2
PIBPIA_clean,114.9
PICTIG_clean,60.1
PIDMEV01_clean,74.7
PIDMEV_clean,72.4
PIGXUZ_clean,131.0
PIHNUQ_clean,130.4
PIHWAG_clean,62.5
PIHWOU_clean,68.8
PIJDIX_clean,71.8
PIJJEZ_clean,874.8
PIJJOI_clean,96.9
PIJROR_clean,66.9
PIQFIG_clean,46.0
PIQMOT_clean,143.7
PIQMUZ_clean,128.2
PITPEP_clean,123.7
PIWSEV_clean,97.5
PIYZAZ_clean,21.5
PIYZED01_clean,36.9
PIYZED02_clean,36.8
PIYZED03_clean,36.8
PIYZED_clean,37.8
PIZHOX_clean,54.8
PIZNOB_clean_h,51.3
PIZPAP_clean_h,70.2
PIZPET_clean_h,70.7
PIZPIX02_clean,67.8
PIZPIX_clean_h,70.2
PIZPOD_clean_h,71.8
PIZQUM_clean,102.6
PIZRAT_clean,97.2
PIZRUN_clean,100.3
PIZSAU_clean,94.4
POBMOJ01_clean,133.7
POBNEA_clean,31.7
POBVIN_clean,324.9
POBYAH_charged,93.8
POCPAZ_clean,162.0
PODKOK_clean,132.4
PODKUQ_clean,157.1
PODVIP_clean,112.0
PODXEN_clean,173.2
POFGUO_clean,187.8
POFSIN01_clean,38.4
POFSIN02_clean,37.6
POFSIN03_clean,36.4
POFSIN04_clean,36.7
POFSIN_clean,36.5
POHCOG_clean,69.8
POHWIU_clean,48.0
POKGEC_clean,70.5
POKSAL_clean,124.3
POKSEP_clean,118.4
POKSIT_clean,119.3
POKSOZ_clean,117.7
POKTIU_clean,106.0
POKVAO_clean,122.5
POLBEX_clean,201.1
POLBIB_clean,42.6
POLBUN_clean,150.3
POLDOK_clean,151.0
POLDUQ_clean,151.5
POLYEW_clean,182.6
POMMAH_clean,67.7
POMSER_clean,97.4
POMSOB_clean,74.0
PONPOX_clean,165.2
PONSOC_clean,163.6
PORGAE_clean,115.6
PORLAL_clean,84.3
PORLEP_clean,178.2
PORVID_clean,62.1
PORVUO_clean,82.6
POSFIO_clean,109.1
POSGAH_clean,57.9
POTNET_clean,71.1
POTREX_clean,122.5
POYPAW_clean,162.0
POZHUI_ion_b,57.2
PUDSIR01_clean,57.3
PUDSIR_clean,57.3
PUDSOX_clean,57.8
PUDSUD_clean,58.4
PUFRIR_clean,73.1
PUGGOP_clean,119.0
PUGPEO_clean,52.8
PUGSER_clean,124.1
PUGSOB_clean,156.8
PUGSUH_clean,134.9
PUJJEL_clean,108.7
PUJQEQ_clean,115.2
PUKSUL_clean,31.0
PUKVAU_clean,97.7
PULMIU_clean,113.4
PUMDIM_clean,65.2
PUMGIP01_clean,192.9
PUMNIV_clean,33.1
PUMNOB_clean,32.6
PUNSIB_clean,121.5
PUPHUE_clean,144.7
PUQDOW_clean,164.8
PUQXUV_clean,164.3
PUQYAC_clean,158.0
PURJES_clean,192.7
PURJIW_clean,135.6
PURNEX_clean,120.9
PURNIB_clean,164.7
PURSOK_clean,63.6
PUSXIL_charged,57.8
PUTYAE_charged,112.9
PUTYEI_clean,79.8
PUVJOG_clean,50.4
PUWCUF_clean,74.1
PUWDAM_clean,80.7
PUWDEQ_charged,73.7
PUWDIU_clean,81.2
PUWDOA_clean,114.9
PUWVAG_clean,120.0
PUWXAH_clean,97.0
PUYHOI_clean,58.0
PUYZUF_clean,56.5
PUZJOL_clean,60.1
PUZKOM_clean,120.8
PUZKUS_clean,80.3
PUZLAZ_clean,60.1
PUZLUS_clean,122.5
PUZMAZ_manual,767.8
PUZTOV_clean,150.4
PYDCUT_clean,43.0
QADBII_clean,93.1
QADWEA_clean,73.1
QADWIE_clean,73.3
QADWOK_clean,74.0
QADWUQ_clean,71.8
QADXAX_clean,73.7
QAGDIO_clean,80.9
QAGQEW_clean,206.9
QAGTOH_clean,121.7
QAHQOH_clean,82.1
QAJKIV_clean,161.1
QALGUH_SL,44.0
QALHAO_clean,234.9
QALHES_clean,231.6
QALHIX_clean,141.5
QALWUV_clean,84.6
QAMVEH01_clean,100.5
QAPQEE_clean,62.4
QAQHOG_clean,141.9
QAQMON_clean,79.7
QAQNOO_clean,85.3
QAQRUW_clean,92.4
QAQSAD_clean,68.5
QARCET_clean,104.9
QASSUZ_clean,84.8
QATHOK_clean,89.3
QATKII_clean,95.6
QATKOO_clean,89.4
QATLEE_clean,299.2
QATPOR_clean,150.1
QATVUE_clean,133.1
QATXIU_clean,265.2
QAVBUL_clean,59.2
QAVPIO_clean,135.1
QAVWAN_clean,144.7
QAWDID_clean,21.5
QAWPIO_clean,57.2
QAWREM_clean,119.1
QAWRIQ_clean,122.7
QAYTOZ_charged,134.0
QEBGAH_clean,84.5
QEBGEL_clean,103.7
QEBKUF_SL,154.2
QEFNAQ_clean,72.5
QEFWUV_clean,66.5
QEGGUE_charged,321.0
QEGHEP_clean,269.4
QEJYIP_clean,100.4
QEPZOB_clean,82.8
QEPZUH_charged,139.0
QEQZUH_clean,119.9
QERWAL_clean,107.3
QERZUI01_clean,127.7
QESLOQ_clean,64.7
QESYOD_clean,77.5
QETCUO_clean,69.4
QETHUT_clean,199.5
QEVKOS_clean,100.3
QEWDON_clean,103.7
QEZZOL_clean,76.6
QIBTAW_charged,329.7
QIBTEA_charged,353.2
QIGBIR_clean,30.8
QIHXIQ_clean,60.6
QIJLAW_clean,39.9
QIPROY_clean,51.6
QIQTAN_clean,113.5
QIQZIB_clean,98.9
QIRWAR_clean,71.2
QIRYAS_clean,67.7
QISNAJ_clean,29.4
QISNEN_clean,29.8
QISNIR_clean,29.4
QITDOO_clean,157.3
QITXAU_clean,80.1
QITYOI_clean,67.9
QIVJAG_clean,32.4
QIVQAP_clean,747.8
QIVYUR_clean,135.3
QIWCOQ_clean,108.6
QIWDOR_clean,116.3
QIWGOU_clean,217.9
QIWPET_clean,62.5
QIXNES_clean,54.5
QIXNIW_clean,53.6
QIXSOG01_clean,28.2
QIXSOG_clean,28.2
QIYDAF_clean,91.9
QIYDEJ_clean,103.8
QIYDIN01_clean,354.9
QIYDIN_clean,39.3
QIYDOT_clean,44.5
QIZLIW_clean,125.7
QOBGEV_clean,95.2
QOBPEE_clean,185.7
QOCBUH_clean,182.3
QOCRUW_clean,45.8
QOCSAD_clean,53.5
QOCSEH_clean,46.5
QODHUO01_clean,211.8
QODHUO02_clean,217.0
QODHUO03_clean,215.6
QODHUO04_clean,213.8
QODHUO05_clean,216.0
QODHUO06_clean,219.0
QODHUO07_clean,214.8
QODHUO08_clean,212.9
QODHUO09_clean,228.4
QODHUO10_clean,216.6
QODHUO11_clean,214.3
QODHUO12_clean,206.7
QODHUO13_clean,218.4
QODHUO_clean,214.2
QODPOQ_clean,208.3
QODQEH_clean,217.8
QODSUZ_clean,207.8
QOFBIY01_clean,202.8
QOFBIY02_clean,226.1
QOFBIY_clean,216.0
QOFCAR_clean,223.9
QOFCIZ_clean,223.8
QOFCOF_clean,216.2
QOFDAS_clean,214.5
QOFDEW_clean,211.0
QOFDIA01_clean,208.5
QOFDIA02_clean,212.8
QOFDIA05_clean,214.3
QOFDIA06_clean,221.4
QOFDIA07_clean,227.8
QOFDIA08_clean,210.6
QOFDIA_clean,221.0
QOFDOG_clean,212.5
QOFKUT_clean,112.6
QOFLAA_clean,42.8
QOFPAE_clean,35.0
QOHTUD_clean,84.6
QOHYET_clean,140.5
QOJTUE_clean,51.6
QOJVAM_clean,61.2
QOKCID_clean,137.2
QOKKAE_clean,62.3
QOLVET_clean,210.4
QOMDUS_clean,66.5
QOMFEE_clean,141.6
QOMRUH_clean,55.5
QOMSAO_clean,53.2
QOMSES_clean,54.0
QOMTET_clean,137.3
QONKUB_clean,54.4
QONLAI_clean,54.9
QONLEM_clean,55.4
QONLIQ_clean,59.6
QONQAM_clean,50.6
QONQEQ_manual,67.8
QOPCEE_clean,74.0
QOPDEE_clean,94.2
QOPPES_clean,60.6
QOPPOC_clean,100.6
QOPZIF_clean,65.2
QOQWOK01_clean,73.0
QOQWOK_clean,75.0
QOSJEP_clean,94.7
QOSJIT_clean,109.3
QOSJOZ_clean,111.4
QOSJUF_clean,107.2
QOSKAM_clean,115.0
QOSXOM_clean,182.3
QOTZEG_clean,62.7
QOVDAH_clean,99.3
QOVDEL_clean,101.9
QOVSOL_clean,186.4
QOWLEU_clean_h,60.1
QOWQUO_manual,131.3
QOWRAV02_clean,349.7
QOWRAV04_clean,341.6
QOWRAV05_clean,342.2
QOWRAV06_clean,350.4
QOWRAV07_clean,344.3
QOWRAV08_clean,340.4
QOWRAV09_clean,356.6
QOWRAV10_clean,354.7
QOWRAV11_clean,347.0
QOWRAV12_clean,347.1
QOXFIU_clean,103.7
QOXNIB_clean,114.6
QOYLOG_clean,92.6
QOZDOY_clean,159.8
QOZFUG_charged,140.2
QOZGAP_clean,69.3
QOZPIG_clean,64.2
QOZPOM_clean,78.5
QOZWAF_clean,267.7
QUBWIU_clean,85.2
QUBZAP_clean,137.8
QUDGED_clean,130.9
QUDJIJ_clean,74.5
QUDJOP_clean,81.1
QUFTAM_clean,89.4
QUGPAJ_charged,101.3
QUJJUC_clean,108.0
QULLEP_clean,73.7
QULMIU_clean,69.8
QUMFUB_clean,52.4
QUNVIG_clean,255.5
QUNWAZ_clean,134.2
QUPDEL01_clean,86.9
QUPDEL_clean,104.3
QUPHUF_clean,171.6
QUPJAN_clean,133.2
QUQBAH_clean,126.5
QUQFIS_clean,77.4
QUQFOY_clean,72.0
QUQGAL_clean,66.8
QUQHAM_clean,87.6
QUQPOI_SL,55.6
QUQWOQ_clean,53.2
QUQWUW_clean,74.8
QUQYUY_clean,139.9
QURSEC_clean,154.4
QUSBIP_clean,71.4
QUSBIQ_charged,103.5
QUSCAJ_clean,95.7
QUSCEN_clean,185.4
QUSHUJ_clean,301.8
QUSQIG_clean,218.7
QUSRIH_clean,89.3
QUSRUT_clean,53.2
QUSSII_clean,103.4
QUTTII01_clean,53.7
QUTTII_clean,59.1
QUWYEO_clean,223.9
QUXQUX_clean,217.7
QUXRAE_clean,226.3
QUXREI_clean,221.3
QUXRIM_clean,215.6
QUXROS_clean,226.5
QUXRUY_clean,235.2
QUZVEO_clean,40.6
QUZZES_clean,101.0
RABHAZ_clean,91.6
RABHIH_clean,92.1
RACHUA_clean,449.5
RACZEC_clean,107.6
RAFNIV_clean,126.1
RAFNUH01_clean,120.0
RAFNUH_clean,60.6
RAGMOE_clean,113.5
RAGREY_charged,70.1
RAHBUZ_clean,72.1
RAHMAP_clean,58.5
RAHNOF_clean,120.1
RAJFAM_clean,92.7
RAJFEQ_clean,91.5
RAKCUC_clean,90.3
RAKDAJ_clean,160.7
RAKDEN_clean,90.8
RAKMOF_clean,33.1
RANNOM_clean,76.9
RANNUS_clean,75.9
RANPAA_clean,79.9
RANWAH_clean,432.5
RAPBOZ_clean,65.7
RAPYUE_clean,42.2
RASGAT_clean,37.7
RASKIH_clean,143.3
RASKON_clean,82.3
RASXEP01_clean,60.9
RASXIT_clean,66.7
RATRUB_clean,71.4
RATSAI_clean,77.9
RAVJOP_clean,200.2
RAVVIU01_clean,71.0
RAVVIU_clean,69.9
RAVVUH_clean,55.4
RAVWAO_clean,87.7
RAVWES_clean,67.3
RAVWIW_clean,43.2
RAVWOC_clean,45.6
RAVWUI_clean,53.7
RAVXAP_clean,83.4
RAVXET_clean,88.8
RAVXIX_clean,116.1
RAVXOD_clean,162.5
RAWZIA_clean,111.6
RAXCAW_charged,88.0
RAXQEO_clean,96.6
RAYFAA_clean,101.4
RAYFEE_clean,68.8
RAYKIN_clean,126.1
RAYLAG_clean,130.2
RAYLOU_clean,132.7
RAYMAG_clean,75.2
RAYMIP_clean,72.6
RAYMOV_clean,69.7
RAZGOQ_clean,72.8
RAZXIA02_clean,76.7
RAZXIA_clean,91.3
RAZYIC_clean,80.6
RAZYOI_clean,66.3
REDROI_clean,106.4
REDYEG_clean,82.6
REFJET_clean,78.7
REFTON_SL,101.8
REFTUT_clean,100.3
REGJIW01_clean,90.9
REGJIW02_clean,86.0
REGJIW_clean,93.9
REGMOH_clean,184.5
REGMUN_clean,188.1
REGQUR_clean,66.6
REGRAY_clean,58.9
REGREC_clean,108.8
REGRIG_clean,69.5
REHHOD_clean,84.7
REHVAD_clean,216.4
REHVEH_clean,233.1
REJLAU_clean,108.3
REJLEY_clean,90.3
REJLIC_clean,101.5
REJVOS_clean,72.7
RESQAJ_clean,122.4
RESSAK_clean,87.1
RETBEZ_clean,155.6
REVYUO_clean,136.1
REWLEM_clean_h,119.1
REWNEO01_clean,79.8
REWNEO_clean,78.9
REWSUJ_clean,94.5
REXCII_clean,55.3
REXCOO_clean,55.2
REXCUU_clean,54.4
REXDEF_clean,56.0
REXDIJ_clean,55.6
REXDOP_clean,54.3
REXDUV_clean,56.3
REXFAD_clean,56.9
REXFEH_clean,55.0
REXFIL_clean,56.2
REXFOR_clean,55.2
REYBAA_clean,96.3
REYJEM_clean,102.2
REYMOZ_clean,290.4
REYPES_clean,172.5
REYPIW_clean,93.1
REZVAU_clean,92.7
REZXEA_clean,34.3
REZXIE01_clean,48.3
REZXIE_clean,46.5
REZXOK_clean,27.8
REZXUQ_clean,32.7
RIBDAJ_clean,50.3
RIBDEN_clean,52.0
RIBTAZ_clean,77.7
RICBEM_clean,83.7
RICHIV_clean,73.3
RIDCEN_charged,176.5
RIDKOE_charged,119.0
RIFDUG01_clean,53.6
RIFGAQ_clean,288.9
RIFMIE_clean,93.0
RIFQUT_clean,76.8
RIFSOQ_clean,771.1
RIGPEE01_clean,110.1
RIGPEE_clean,93.9
RIGTIL_clean,60.5
RIGVOU_clean,78.7
RIGWIP_clean,78.1
RINPEJ_charged,223.1
RINSEM_clean,30.9
RIPKIM01_clean,91.8
RIPKIM_clean,91.6
RIPNIP_clean,88.0
RIPTEQ_clean,64.0
RIRDED_clean,233.0
RITGIM_clean,79.5
RIVDEF_clean,103.0
RIWMUH_clean,173.9
RIWSUM_clean,110.0
RIXBEG_clean,198.2
RIXBIK_clean,180.8
RIXPIZ_clean,70.6
RIYBAE_clean,151.2
RIYBEI_clean,191.7
RIYBIM_clean,193.9
RIYBOS_clean,193.4
RIYWED_clean,144.1
RIYWIH_clean,131.2
RIYXIG_clean,67.9
ROBWAH_clean,90.3
ROCZAM_clean,73.2
ROCZEQ_clean,73.6
ROCZIU_clean,41.1
ROCZOA_clean,53.7
ROCZUG_clean,55.9
RODBAP_clean,52.8
ROGLOP_clean,102.7
ROGSAI_clean,75.1
ROLZEZ_clean,87.1
ROMQAN_clean,118.5
RONCIG_clean,44.3
RONSIY_clean,167.5
RONSOC_clean,38.4
RONWIA_clean,39.7
RONZID_clean,26.3
ROQVIE_clean,57.8
RORLIV_clean,49.2
RORRIB_clean,81.3
RORTAV_clean,170.2
RORVAX_clean,57.3
ROTQIC_clean,118.9
ROTTOL_clean,84.0
ROYJUM_clean,70.8
ROYREE_clean,90.0
ROYRII_clean,100.1
ROYROO_clean,106.9
RUBDUP_clean,55.3
RUBGUS_clean,102.4
RUBTAK01_SL,81.8
RUBTAK02_SL,79.6
RUBTAK03_auto,130.5
RUCGOM_clean,141.8
RUFDUT_clean,100.3
RUFRIV_clean,127.1
RUFTET_clean,94.9
RUFZID_clean,107.7
RUGKOV_clean,54.8
RUGXOI01_clean,96.5
RUGXOI_clean,74.2
RUGYOJ_clean,108.4
RUGZAW_clean,107.5
RUHCED_SL,84.8
RUHFEH_clean,34.9
RUHFIL_clean,34.5
RUHFOR_clean,36.1
RUHFUX_clean,34.0
RULBOQ_clean,80.5
RULQIY_clean,45.2
RULVUP_clean,129.3
RULXOM_clean,135.5
RUMRUO_clean,73.9
RUNXUV_clean,119.9
RUPTED_clean,49.6
RUPVAB_clean,185.9
RURPAW_clean,49.1
RURPEA_clean,44.2
RUSHIY_clean,658.0
RUSWIN_clean,82.8
RUSWOT_clean,78.9
RUSWUZ_clean,80.1
RUSXAG_clean,80.0
RUSXEK_clean,79.9
RUTNOK_manual,56.6
RUVBOB_clean,111.5
RUVCES_clean,26.1
RUVKAV_clean,34.3
RUVMAX_clean,103.4
RUVMUR_clean,59.0
RUWWOW01_clean,78.7
RUWWUC_clean,86.3
RUWXAJ_clean,61.9
RUWXEN_clean,59.5
RUWZIU_clean,182.2
RUWZOA_clean,198.8
RUWZUG_clean,218.3
RUYNIK_clean,79.7
RUYQIN01_clean,164.3
RUYQIN02_clean,157.0
RUYQIN03_clean,162.5
RUYQIN_clean,159.6
RUYQOT_clean,159.6
RUYTIQ_clean,160.4
RUYTUC_clean,157.9
RUYVAK_clean,166.5
RUYVEO_clean,106.9
RUYVIS_clean,71.9
RUYZUH_clean,66.5
RUZCOF_clean,54.8
RUZDAS_clean,35.5
S2052520616005515_bm5080sup1_clean,62.5
S2056989016007027_zl2661sup1_clean,76.5
SABKIS_clean,57.0
SABVOH01_clean,67.8
SABVOH_manual,66.4
SABVUN_clean_h_min,155.0
SACDOR_clean,167.2
SADLEQ_clean,44.8
SADLIU_clean,45.7
SADMUH_SL,44.4
SADVEB_clean,127.8
SAHXAD_clean,44.9
SAHYAD01_charged,121.1
SAHYAD02_charged,114.5
SAHYAD03_charged,114.0
SAHYAD_charged,112.1
SAHYIL_charged,111.9
SAJDIT_clean,99.0
SAJRAW10_clean,37.4
SAJRAW_clean,37.9
SAJRUT_clean,87.0
SAJSAA_clean,139.2
SAKRAZ_clean,57.4
SAKRED_clean,56.5
SALXEL_clean,109.3
SALXIP_clean,106.4
SALZAH_clean,97.4
SAMLAV_manual,55.4
SAMVEK_clean,58.3
SANGEW_clean,116.1
SANGUM_clean,95.8
SANHIB_clean,117.7
SANHOH_clean,92.5
SANHUN_clean,113.9
SANJAV_clean,123.8
SAQQAD_clean,47.5
SAQQEH_clean,48.3
SAQQIL_clean,47.9
SAQQOR_clean_h,47.7
SAQSOU_clean,157.2
SARGID_clean,116.2
SARGOJ_clean,116.9
SARGUP_clean,55.3
SARHAW_clean,54.8
SARHEA_clean,58.4
SARMEE_clean,182.6
SARNOQ_clean,61.0
SARTIR_clean,55.2
SATRIP_clean,43.4
SATROV_clean,55.1
SAXLEK_clean,27.0
SAXRIS_clean,88.3
SAYTOD_clean,30.9
SAYTUJ_clean,29.9
science.1056698_manual,147.1
SEFSOM_clean,101.0
SEFVAC_clean,74.8
SEFVEG02_clean,75.5
SEFVEG_clean,75.0
SEFVUW_clean,78.0
SEFWEH_clean,75.3
SEFWIL_clean,78.2
SEFWOR_clean,76.5
SEGBIR_clean,75.0
SEGMEW_clean,70.0
SEHNID_clean,99.0
SEHSII_clean,45.4
SEHSUU_clean,49.8
SEHTAB_clean,51.6
SEHTEF_clean,49.2
SEHVOQ_clean,60.9
SEHXIN_clean,42.9
SEHZUB_clean,82.5
SEJBAL_clean,78.6
SEMFEX_charged,245.0
SEMFIB_charged,231.7
SENVIR_clean,135.2
SEQSIS_clean,175.1
SEQSOY_clean,112.5
SEQTEP_clean,106.2
SERCEZ_clean,87.9
SERJOP_clean,88.1
SERJUV_clean,47.8
SERLEI_clean,67.1
SERWAP_clean,153.5
SETDUS_clean,93.1
SETPEO_clean,51.7
SETQAL_clean,111.2
SETQEP_clean,109.7
SETQIT_clean,107.4
SETQOZ_SL,43.0
SETQUF_SL,70.0
SETRAM_clean,49.3
SETSIV_clean,36.8
SETSOB_clean,47.6
SETXEW_clean,160.6
SEVLEM_clean,262.7
SEWCED_clean,188.7
SEYQIW_clean,34.6
SEZPOE_clean,66.5
SICZOV_clean,80.4
SIDCAL_clean,96.4
SIFVAG_clean,73.4
SIKGAW_clean,63.6
SIKYER_clean,93.5
SINQEL_clean,42.4
SINXET_charged,108.9
SIPCID_clean,59.5
SIQCOM_clean,131.9
SIQQEO_clean,72.0
SISFEH_clean,86.3
SISPUH_clean,92.0
SISQAO_clean,91.4
SISQES_clean,93.0
SISQIW_clean,90.2
SITTUM_clean,221.0
SIVGIP_clean,91.3
SIVGOV_clean,90.9
SIVGUB_clean,61.4
SIVJIS_clean,99.3
SIVKAK_clean,56.5
SIVQAR_clean,58.9
SIVWUR_clean,187.2
SIWSUO_clean,79.2
SIWTEZ_clean,100.8
SIWTOJ_clean,117.1
SIZJUH_clean,75.2
SIZPUN_clean,125.0
SOBTUY_clean,55.5
SOBZEQ_clean,60.6
SOCLAZ_clean,84.0
SODNAA_clean,60.8
SODQOT_clean,61.8
SODXUG_clean,196.7
SODZIV_clean,63.7
SOHBUO_clean,111.3
SOHGUS_clean,87.3
SOHMEI_clean,96.6
SOHMIM_clean,178.6
SOHMUY_clean,92.8
SOHNAF_clean,92.4
SOHNEJ_clean,93.1
SOHNIN_clean,157.4
SOJGOO_clean,135.5
SOJSUH_clean,97.3
SOKKOT_ion_b,90.1
SOKKUZ_clean,63.5
SOKWAS01_clean,41.5
SOKWAS_clean,58.0
SOKWUM_clean,48.2
SOMCON_clean,171.0
SOMFAC_clean,60.2
SOMFEG_clean,62.9
SOMFIK_clean,64.0
SOMSIY_clean,49.3
SONTAR_manual,50.1
SONTIZ_clean,45.5
SONTOF_clean,44.7
SONTUL_neutral_b,52.7
SONVAT_neutral_b,52.6
SONVEX_neutral_b,53.1
SONVIB_neutral_b,54.2
SOPLAM_clean,40.7
SOPLEQ_clean,152.7
SOPLOA_clean,71.6
SOSSEA_clean,130.5
SOTWOP_clean,55.9
SOTWUV_clean,56.4
SOTXAC_clean,56.8
SOTXEG_neutral,154.8
SOVHAM_clean,54.0
SOVHOA_clean,72.1
SOVLEW_clean,250.5
SOXDAM_clean,100.0
SOXDEQ_clean,100.7
SOYFUJ_clean,122.8
SOYWOT_neutral_b,52.6
SOYWUZ_clean,226.4
SOZBIS_clean,37.3
SOZGIZ_clean,148.7
SOZGOF_clean,150.9
SOZRUW_clean,144.6
SOZSAD_clean,142.6
SOZSEH_clean,143.5
SOZSIL_clean,145.2
SOZSOR_clean,144.5
SOZSUX_clean,144.7
SUBMIN_clean,306.5
SUCLOT_clean,38.2
SUFBAY_clean,97.5
SUFHIM_clean,95.1
SUFJOU_clean,249.2
SUFROA_clean,33.1
SUGDIJ_auto,52.8
SUGVUM_clean,78.9
SUHBAA_clean,140.0
SUHMEP_clean,71.8
SUJNUH_clean,93.7
SUKKUF_clean,61.9
SUKNOC_charged,97.7
SUKNUI_charged,98.6
SUKREX_clean,73.5
SUKRIB_clean,73.8
SUKYIH_clean,56.4
SUKYON_clean,58.1
SUNHUF_clean,60.3
SUNJER_clean,54.6
SUNJIV_clean,49.4
SUNJOB01_clean,51.8
SUNJOB_clean,51.5
SUPLOF_clean,83.6
SUQHUJ_clean,95.3
SUQJEV_clean,108.2
SURDOA_clean,132.4
SUSZIQ_clean,149.6
SUSZOW_clean,146.1
SUVNEE_clean,933.4
SUWBET_clean,211.2
SUWQEI_clean,145.6
TACFIN_clean,60.2
TACPAP_clean,94.9
TACPET_clean,86.0
TACPIX_clean,83.8
TACWOM_clean,83.3
TACWUS_clean,81.9
TADCOS_clean,46.4
TADWEC_manual,205.1
TADWIG_manual,179.2
TADYEE_clean,74.4
TADYII_clean,101.7
TAGBUZ_clean,74.2
TAGSEB_clean,153.5
TAGTED_clean,70.6
TAGTIH_clean,57.0
TAGTUT_clean,180.2
TAGVAB_clean,96.4
TAHNEY_clean,46.2
TAJXIO01_clean,83.1
TAJXIO02_clean,84.0
TAJXIO03_clean,82.0
TAJXIO04_clean,82.9
TAJXIO_clean,85.6
TAKGOE_clean,63.0
TAKGUK_clean,62.3
TAKHAR_clean,60.5
TAKHEV_clean,63.2
TAKTIL_clean,57.4
TAKTOR_clean,52.8
TAKVAF_clean,53.6
TAMHUM_clean,120.2
TAMJAU_charged,66.0
TAMJEY_charged,66.1
TAMZUE_charged,128.7
TANBAN_charged,124.8
TANBER_charged,125.0
TANBIV_charged,127.0
TANBOZ_clean,37.3
TAPXIT01_clean,85.8
TAQGEZ_clean,53.2
TAQGOK_clean,166.2
TARVOX_clean,86.3
TARVUD_clean,85.9
TARWAK_clean,85.8
TARWEO_clean,73.6
TASFAU_clean,630.3
TASJUT_charged,199.5
TASVUG_clean,92.4
TASWAN_clean,91.5
TASWER_clean,90.9
TASWIV_clean,88.5
TASWOB_clean,93.2
TASXIW_clean,76.8
TASYUJ_charged,141.2
TASZAQ_charged,141.5
TASZEU_charged,127.8
TATPOV_clean,112.8
TAWHOO_clean,174.4
TAWTAP_clean,64.8
TAWYUO_clean,90.2
TAYNEN_clean,109.8
TAZLIR_clean,85.4
TAZLOX_clean,86.3
TAZLUD_clean,86.5
TAZSAP02_clean,78.2
TAZYAV_clean,43.1
TEBSAW_clean,98.7
TECTUS_clean,69.2
TECVEE_clean,78.7
TEDXOR_clean,122.5
TEFWIL_clean,258.3
TEFWOR_clean,312.9
TEHRUU_clean,84.0
TEHWEK_clean,42.1
TEJBAN_clean,247.6
TEJBOB_clean,201.2
TEJGAS_clean,91.7
TEJGEW_clean,98.0
TEJGIA01_clean,93.5
TEJGIA_clean,93.4
TEJLOL_clean,77.8
TEMPAE_clean,159.8
TEMPEI_clean,79.6
TENLIJ_clean,77.8
TENQOS_clean,111.3
TEQPAI_clean,86.3
TEQVAO_manual,118.6
TEQWER01_clean,39.5
TEQWER_clean,39.2
TERFUT_clean,42.6
TERNUA_clean,68.7
TESGOO_clean,74.4
TESGUU_clean,74.6
TESHAB_clean,74.0
TETVIZ_clean,63.2
TETWEW_clean,65.6
TETZEX_clean,117.1
TETZEZ_clean,193.5
TETZID_clean,132.6
TEVZEA_clean,74.2
TEVZIE_clean,75.1
TEVZOK_clean,74.2
TEVZUQ_clean,74.1
TEWFOS_clean,152.5
TEWFUY_clean,123.4
TEWGEJ_clean,128.7
TEXTOH_clean,92.8
TEYHIP_charged,134.9
TEZKAM_clean,118.0
TIDKAS_clean,276.5
TIDLEZ_clean,50.7
TIDLID_clean,54.5
TIDMEA_clean,68.7
TIFBOA_clean,45.1
TIFHAT_charged,90.7
TIFHEX_charged,90.7
TIFZIR_clean,61.8
TIGSOT_clean,68.3
TIGVUC_clean,115.1
TIJPOT_clean,105.0
TIKMEH_clean,201.9
TILHAZ_clean,78.3
TILVOZ_clean,35.7
TILVUF_clean,26.0
TILWAM_clean,25.9
TIQGOQ_clean,81.2
TIQGUW_clean,80.1
TIQHAD_clean,80.6
TIQHEH_clean,83.4
TIQHIL_clean,79.8
TIRHIL_clean,23.9
TIRLIQ_clean,134.0
TIRQOB_clean,430.2
TIRRIW_clean,140.8
TISGUY_clean,64.2
TISHAF_clean,149.4
TISPAO_clean,62.5
TIVXOM_charged,74.2
TIVYAZ01_clean,48.2
TIXCIO_clean,78.8
TIXMET_clean,60.0
TIXMIX_clean,33.7
TIXVON_clean,171.3
TIZVED01_charged,88.6
TIZVED_charged,87.8
TIZVIH01_charged,90.4
TIZVIH_charged,91.8
TOBJUR_clean,70.9
TOBKAY_clean,70.9
TOBKEC_clean,73.0
TOFQEM_clean,102.4
TOFTIT_clean,94.7
TOHJIL_clean,60.7
TOHQEO_clean,137.4
TOHSAL_clean,171.2
TOHYUL_clean,106.9
TOHYUM_clean,98.9
TOJLOT_clean,79.0
TOKDON_clean,52.3
TOLGOR_clean,110.9
TOLYOJ_clean,55.6
TONBOO_clean,123.0
TONBUU_charged,112.5
TONLOY_clean,112.8
TONLOZ_clean,90.2
TONTIB_clean,145.3
TONTOH_clean,140.6
TONTUN_clean,141.7
TONVAV_clean,149.1
TONWUO01_clean,81.1
TONWUO_clean,503.5
TOPKIT_clean,54.2
TORJAN_clean,80.5
TORJER_clean,79.8
TORJIV_clean,68.4
TORJOB_clean,80.4
TORJUH_clean,70.3
TORKAO_clean,79.6
TORKES_clean,67.1
TORPUN_clean,136.8
TORXAB_clean,94.0
TOVHUJ_clean,52.3
TOVJAP_charged,92.3
TOVJAR_clean,113.9
TOVJEV_clean,73.5
TOVJIZ_clean,86.7
TOVJOF_clean,100.9
TOVJUL_clean,272.5
TOVKEW_clean,149.7
TOVKIA_clean,100.5
TOVKOG_clean,98.9
TOWLIC_clean,58.3
TOWNEA_clean,129.8
TOWNOK_clean,165.7
TOWNUQ_clean,117.6
TOWPEC_clean,378.9
TOWXEK_clean,201.3
TOXHAR_clean,86.8
TOXMUQ_clean,59.7
TOXNEB_clean,60.4
TOXNIF_clean,89.0
TOZFOF_clean,184.1
TOZHAR_clean,38.7
TUBCEA_clean,72.5
TUBJAD_clean,80.2
TUBLIN_clean,132.5
TUCJAD_clean,82.0
TUDQOZ_clean,289.1
TUGTAR_clean,152.6
TUJGIQ_clean,151.3
TUKCOT_clean,138.2
TUMDAI_clean,97.3
TUMQID_clean,84.0
TUMRIE_clean,90.7
TUMROK_clean,96.2
TUNJET_clean,186.1
TUPDOZ_clean,100.5
TUPGIU_clean,53.1
TUQWIL01_clean,43.3
TURDIV_clean,125.4
TURDOB_clean,191.7
TURDUH_clean,204.6
TURFAP_clean,126.2
TURFET_clean,130.5
TUTHIA_clean,73.2
TUTHOG_clean,82.4
TUTJAU_clean,83.1
TUYFIE_clean,62.1
TUYHOL_clean,65.5
TUYHUR_clean,57.5
TUYJAZ_clean,68.4
TUYJED_clean,57.2
TUYLIJ_clean,159.6
TUYNEI_clean,68.7
TUZVUH_clean,65.0
UBECEM_clean,83.7
UBIBUF_clean,99.4
UBIPAY_clean,95.8
UBULIO_SL,74.4
UBULUA_clean,161.2
UBUMAH_clean,49.7
UBUROY_clean,22.3
UCABAE_clean,104.0
UCAXEC_clean,89.2
UCEGAM_clean,41.4
UCEGEQ_clean,40.9
UCEXAC_clean,100.5
UCEXEG_clean,101.8
UCEXIK_clean,102.7
UCEXOQ_clean,101.5
UCOCUM_neutral,52.5
UCOHUR_clean,164.5
UCOJAZ_clean,180.2
UCOJED_clean,167.0
UCOJIH_clean,92.6
UCOXOZ_clean,135.0
UCUJOU_clean,128.4
UCUTIW_clean,68.4
UDANEV_clean,124.4
UDEMEW_manual,799.1
UDICAN_clean,196.2
UDOVOA_clean,435.1
UDOVUG_charged,133.5
UDUMIP02_clean,113.3
UDUMIP03_clean,107.9
UDUMIP_clean,108.7
UFASEA_ion_b,90.6
UFEMIC_clean,32.1
UFENAW_clean,39.4
UFEVIL_clean,109.9
UFEXEJ_clean,83.2
UFEXIN_clean,102.0
UFOFIF_clean,45.0
UFUNIS_clean,186.2
UFUQIV_clean,107.9
UGAQEY_clean,103.4
UGELIB_clean,123.1
UGOFED_clean,125.1
UGOSOY_charged,147.2
UGUGUZ_clean,88.9
UGUHAG_clean,91.8
UGUHEK_clean,85.2
UGUQOC_charged,78.8
UHASED_clean,88.8
UHAXUW_clean,110.5
UHUPET_clean,202.2
UHUPOD01_clean,287.9
UJAQEC_clean,75.4
UJAQUS_clean,83.3
UJEDIX_clean,143.0
UJILAA_clean,40.3
UJIZET_clean,76.2
UJOWEW_clean,54.8
UJULIW_clean,86.1
UJUPUM_clean,137.6
UJUQIB_clean,61.0
UKAJOH_clean,399.1
UKAPUS_clean,84.5
UKAQAZ_clean,86.4
UKAQED_clean,86.3
UKAQIH_clean,84.7
UKAZEM_clean,28.3
UKEXEP_clean,120.3
UKIQIP_clean,50.6
UKIQOV_clean,64.6
UKOZOK_clean,113.6
UKUBOS_clean,173.8
UKUBUY_clean,186.2
UKUCAF_clean,187.2
UKUPIB_clean,65.3
UKUPUL_clean,67.0
ULAQAB_clean,142.1
ULAQEF_clean,138.5
ULASAD_clean,42.5
ULEGOH_clean,1019.7
ULIMIN_clean,138.2
ULOGAE_clean,75.3
ULOKAJ_clean,86.4
ULOLEO_clean,87.2
ULOLIS_clean,85.9
ULOMAL_clean,86.7
ULUVUT_clean,57.9
UMABIV_clean,81.3
UMABOB_clean,92.4
UMALUQ_clean,98.9
UMARAC_charged,211.9
UMEDEX_clean,92.1
UMEDIB_clean,83.3
UMEDOH_clean,90.8
UMEHOL_clean,80.3
UMEKEE_clean,36.9
UMEKII_clean,77.9
UMELAB_clean,122.7
UMELEF_clean,79.4
UMEPOT_clean,125.7
UMEQAG_clean,79.5
UMESIQ_clean,87.9
UMESOW_clean,79.7
UMEXUF01_clean,59.2
UMEXUF_clean,61.7
UMIGAA_clean,82.7
UMIZEX_clean,323.9
UMOBEF01_clean,96.8
UMOBEF02_clean,94.2
UMOBEF03_clean,92.1
UMOBEF04_clean,95.5
UMOBEF05_clean,98.1
UMOBEF06_clean,94.6
UMOBEF07_clean,96.6
UMOBEF08_clean,94.3
UMOBEF09_clean,94.1
UMOBEF_clean,94.8
UMODEH01_clean,106.8
UMODEH03_clean,105.8
UMODEH04_clean,104.4
UMODEH06_clean,106.8
UMODEH07_clean,108.4
UMODEH08_clean,105.3
UMODEH09_clean,108.5
UMODEH10_clean,109.3
UMODEH11_clean,107.1
UMODEH12_clean,110.0
UMODEH13_clean,111.2
UMODEH14_clean,105.2
UMODEH15_clean,105.4
UMODEH16_clean,110.0
UMODEH17_clean,106.9
UMODEH18_clean,106.0
UMODEH19_clean,91.1
UMODEH20_clean,106.6
UMODEH21_clean,107.2
UMODEH22_clean,108.3
UMODEH23_clean,106.0
UMODEH24_clean,104.8
UMODEH25_clean,104.7
UMODEH_clean,103.0
UMOKIS_clean,125.5
UMOVEZ01_clean,94.6
UMOVEZ02_clean,95.3
UMOVEZ03_clean,94.7
UMOVEZ04_clean,95.2
UMOVEZ05_clean,97.3
UMOVEZ_clean,95.9
UMOVID_clean,97.7
UMOVOJ_clean,95.6
UMOYOM03_clean,98.7
UMOYOM06_clean,114.5
UMOYOM07_clean,115.9
UMOYOM08_clean,99.7
UMOYOM10_clean,99.9
UMOYOM11_clean,97.8
UMOYOM13_clean,98.4
UMOYOM16_clean,101.3
UMOYOM17_clean,92.9
UMOZUT_clean,108.6
UMUBAH_clean,103.7
UMUBEL_clean,107.5
UMUBIP_clean,102.2
UMUBOV_clean,105.0
UMUXEG_clean,58.4
UNABIV_charged,134.6
UNADIX_clean,153.1
UNAGOH_clean,63.9
UNAGUN_clean,63.7
UNECOH_clean,79.1
UNECUN_clean,80.4
UNIMAG_clean,264.7
UNUNEY_clean,413.1
UPIBOM_clean,40.4
UQEGII_clean,72.3
UQERIT_clean,87.8
UQOWUU_clean,96.8
UQOYOP_clean,134.9
UQULAU_clean,123.9
URENEM_clean,58.3
UREVIY_clean,81.2
UREVOE_clean,79.1
URUVUA_clean,59.8
URUWEL_clean,76.5
URUWIP_clean,75.7
USAWIW_clean,77.5
USEVOF_clean,71.9
USIRUL_clean,134.3
USISEW_clean,149.9
USORUR_clean,97.0
USOXEH_clean,100.6
USUBUG_clean,56.6
USUPUV_clean,63.8
USUVIP_clean,56.4
USUWUC_clean,62.4
UTACOJ_clean,64.1
UTACUP_clean,74.8
UTADIE_clean,45.3
UTELIQ_clean,124.0
UTEMAJ_clean,120.1
UTEWOG_clean,78.3
UTEXIB_clean,73.0
UTOCAJ_clean,157.0
UTOCEN_clean,161.5
UTULIF_clean,77.9
UTULUR_SL_part,144.6
UVANOW_clean,82.7
UVANUC_clean,71.1
UVEVAT_clean,67.3
UVEVUN_clean,225.4
UVINAP_clean,61.1
UVIPIZ_clean,223.2
UVIPOF_clean,212.5
UVOBUE_clean,71.4
UVOTOQ_clean,61.1
UVUDUM_clean,316.0
UVUFUN_clean,238.9
UVUQAE_clean,136.7
UVUWAL_clean,88.9
UWALEL_clean,98.8
UWELIS_clean,135.4
UWODAN_clean,75.0
UWOWAF_clean,90.6
UWUKII_clean,64.0
UWUTIQ_clean,140.0
UXABOL_clean,75.9
UXABUR_clean,81.3
UXAXEY_clean,128.7
UXINAR_clean,127.4
UXIQOJ_clean,48.5
UXISUR_clean,288.3
UXUNUX_clean,102.5
UXUPEJ_clean,102.2
UXUPIN_clean,102.0
UXUZAP_clean,87.8
UYAQAN_clean,96.2
UYOFIY_clean,124.1
UZANOZ_clean,85.6
UZATAR_clean,60.8
UZEKEQ_clean,104.2
UZIJUJ_clean,88.1
UZOBAN_clean,96.4
UZOBER_clean,61.5
UZUNAF01_clean,128.3
UZUNAF_clean,129.0
UZUZUL_clean,69.6
VABJIS_clean,50.4
VACFOV_clean_h,69.7
VACFUB01_clean,77.3
VACFUB_clean_h,83.0
VACLIX_clean,166.9
VADWON_clean,157.3
VAFWAB_clean,68.9
VAGBEN_clean,135.0
VAGBOX_clean,150.9
VAGBUD_clean,61.7
VAGJET_clean,119.4
VAGMAT_clean,45.9
VAGMEX_clean,45.7
VAGTAA01_clean,71.7
VAGTAA_clean,50.6
VAGTUU_clean,102.4
VAHJEW_clean,103.1
VAHJIA_clean,93.4
VAHPUR_clean,117.7
VAHQAY_clean,114.9
VAHSON_clean,122.8
VAHTOQ_clean,151.2
VAHTUW_clean,1060.0
VAHVOR_clean,58.1
VALVAI_clean,95.5
VALVIQ_clean,86.1
VALWUD_clean,132.8
VALXAK_clean,135.2
VALXEO_clean,133.8
VALXIS_clean,133.3
VALXOY_clean,138.1
VAMPUX_clean,113.1
VAMQAE_clean,122.0
VAMQIM_clean,112.1
VAMQOS_clean,112.1
VANHEA_clean,84.2
VANNEG_clean,169.0
VANNIK_clean,59.0
VAPBEV_clean,217.7
VAPBIZ_clean,209.8
VAPFUP_clean,68.8
VAPHOM_clean,57.9
VAQTUF_clean,75.9
VARHIH_clean,114.5
VARJEF_clean,90.4
VARWOC_clean,78.0
VARWUI_clean,68.9
VASFAZ_clean,59.9
VASFED_clean,62.4
VASFIH_clean,61.2
VASFON_clean,62.5
VASFUT_clean,63.3
VASGUU_clean,120.8
VASKOR_clean,63.4
VATVIY_clean,134.9
VATVOE_clean,134.6
VATVUK_clean,98.5
VATXEU_clean,88.3
VATYAR_clean,42.1
VATYEV_clean,55.5
VATYIZ_clean,55.0
VATYOF_clean,54.5
VAXMUF_clean,110.2
VAXTEV_clean,132.7
VAZROF_clean,147.7
VAZTOG_clean,32.0
VAZTUM_clean,137.1
VEBHUG_SL,32.5
VECWUX_clean,74.4
VECZAG_clean,53.3
VECZEI_clean,24.5
VECZEK_clean,35.5
VEDDIT_charged,156.4
VEDFAN_clean,135.3
VEDFIV_clean,145.6
VEDFOB_clean,147.3
VEDFUH_clean,134.5
VEDGAO_clean,141.2
VEDGES_clean,154.8
VEDGIW_clean,144.4
VEFMAW_charged,254.9
VEGBUG_clean,50.1
VEGCAN_clean,50.1
VEGMIE01_charged,80.8
VEGMIE_charged,81.1
VEGMOK01_charged,85.1
VEGMOK02_charged,83.5
VEGMOK03_charged,84.7
VEGMOK04_charged,84.0
VEGMOK_charged,87.5
VEHJID01_clean,32.3
VEHJOJ_clean,72.0
VEHJUP_clean,73.5
VEHKIE_SL,72.8
VEHKOK_charged,105.8
VEHLAW_clean,63.3
VEHLIE_clean,53.7
VEHNAZ_charged,112.8
VEHPUU_clean,61.8
VEHRIL_clean,42.7
VEHXEN_clean,89.8
VEHYUE_clean,82.1
VEJHEZ_clean,185.2
VEJHID_clean,82.7
VEJYIT01_clean,105.9
VEJYIT_clean,110.2
VEJYOZ_clean,61.9
VELVEO_clean,58.9
VEMDAT_clean,96.4
VEMMAC_clean,62.8
VEMMEG_clean,60.8
VEMMIK_clean,37.8
VEMMOQ_clean,52.4
VEMSUC01_clean,54.2
VEMSUC_clean,82.6
VEQBID_clean,83.6
VEQBOJ_charged,145.2
VEQBUP_charged,145.1
VEQCAW_charged,157.7
VERPOZ_clean,397.0
VETMIS_clean,83.0
VETSOE_charged,161.2
VETTAR_charged,171.2
VETTIZ_charged,170.8
VETTOE_clean,59.7
VEWKUF_clean,63.9
VEWLAM_clean,84.1
VEWXAY_clean,160.9
VEXTUO_manual,66.6
VEXVAW_clean,68.9
VEXYON_charged,66.6
VEYVEC_clean,89.3
VICDOC_clean,146.4
VICLAW_clean,223.6
VICSIL_clean,78.3
VIDXOX_clean,59.1
VIFBOD_clean,62.2
VILXOE_clean,57.0
VIMRAM_clean,109.7
VINHOR_clean,78.3
VIPYOK_clean,92.6
VIQFIL_clean,40.2
VIQQUJ_clean,113.0
VIRKIQ_clean,55.8
VIRPOC_clean,66.3
VIRQES_clean,70.2
VIRVEY_clean,52.7
VIRXIF_clean,63.1
VITYOO_clean,119.5
VITYUU_clean,89.4
VITZAB_clean,86.9
VITZEF_clean,89.3
VITZIJ_clean,92.0
VIVXOP_clean,107.0
VIWHUG_clean,121.6
VIWKIX_clean,100.6
VIWKOD_clean,99.9
VIWLAQ_clean,101.1
VIWLEU_clean,99.5
VIWLIY_clean,103.5
VIWMAR_clean,102.4
VIWMEV_clean,101.3
VIWMIZ_clean,430.9
VIWMOF_clean,419.4
VIWZOR_clean,56.2
VIXCUB_clean,60.1
VIXGAM01_clean,55.5
VIXPUP01_clean,105.2
VIXWEF_clean,106.6
VIYMAT_clean,58.4
VIYSON_clean,111.1
VIYTAA_clean,112.1
VIYVIK_clean,109.8
VIZSOO_clean,89.0
VIZSUU_clean,312.8
VIZTIJ_clean,80.4
VOBGAW_clean,142.0
VOBGEA_clean,139.2
VOBKAA_clean,89.8
VOBRUB_clean,85.6
VOCPEK_clean,165.8
VOCQAF_clean,90.1
VODQIP_clean,54.2
VODSEM_clean,49.3
VOFFED_clean,85.5
VOGPEO_clean,96.7
VOGTIV_clean_h,57.0
VOHQIS_clean,201.1
VOJGOS_clean,104.7
VOLPET_clean,34.0
VOLQOD_clean,70.1
VONCOS_clean,140.1
VONDEJ_clean,98.3
VOPCEK_clean,155.4
VOPCIO_clean,146.5
VOSTUU_clean,78.8
VOTKEW_clean,129.2
VOVKUO_clean,61.4
VOXKIE_clean,89.9
VOXQOQ_clean,99.2
VOXVEL_clean,103.3
VOXYUE_clean,34.7
VOYGOH_clean,78.8
VOZVAJ01_clean,75.6
VOZVIR01_clean,76.5
VUCTUK_clean,65.8
VUDQOB_clean,109.2
VUDXID_clean,53.7
VUFBEE_clean,51.5
VUGWUR_clean,88.3
VUGXAY_clean,84.1
VUGXEC_clean,89.6
VUGXIG_clean,87.5
VUGXOM_clean,86.5
VUGXUS_clean,86.2
VUGYAZ_clean,87.6
VUGYED_clean,85.5
VUGYIH_clean,88.6
VUHJAK_clean,119.5
VUHNET_clean,79.8
VUJBEI_clean,108.7
VUKHOZ_clean,45.8
VUKJOC_clean,136.0
VUKJUI_clean,134.1
VUKRUQ_clean,55.8
VUKSAX_clean,50.6
VUKSOL_clean,46.7
VUKTAY_clean,117.9
VUKTEC_clean,112.6
VUKTIG_clean,105.7
VUKTOM_clean,110.5
VUKTUS_clean,108.3
VULFIT_clean,163.4
VULKIX_clean,77.6
VULKOD_clean,131.0
VUMBIQ_clean,70.6
VUMCEM_clean,162.2
VUMYUZ_clean,224.5
VUNHAO_clean,31.2
VUNNEZ_clean,55.0
VUQJUN01_clean,97.1
VUQKAU01_clean,105.4
VUQKAU02_clean,114.4
VUQKAU_clean,110.4
VUQKOI_clean,84.3
VURLIF_clean,98.7
VURYIR_clean,113.8
VURYOX_clean,59.2
VUSKAW_clean,32.8
VUSQIK_charged,162.8
VUVZAP_clean,63.7
VUWRUC_clean,102.9
VUWSAJ_clean,85.8
VUZNOV_clean,175.7
WABTOK_clean,39.3
WABVIF02_clean,42.1
WABVIF03_clean,42.1
WABVIF04_clean,40.9
WABVIF_clean,41.5
WABVOL_clean,38.3
WABVUR_clean,36.4
WABWAY_clean,36.1
WABWEC_clean,34.6
WACLEU_clean,61.1
WAFKAQ_clean,86.3
WAGDAL_clean,147.4
WAHFUJ01_clean,137.6
WAHGIY_clean,116.0
WAHKUO_clean,93.9
WAHNEB_clean,87.7
WAHNIF_clean,97.5
WAHNOL_clean,89.3
WAHNUQ_charged,155.3
WAJHOG_clean,61.7
WAJLEA_charged,111.8
WALKAY_clean,105.5
WAMREJ_clean,74.4
WAMRIN01_clean,102.2
WAMRIN_clean,63.8
WANBOE_clean,101.0
WANHIF_clean,68.9
WANJIF_clean,92.7
WAPSUE_clean,66.9
WAQDOJ_charged,66.7
WAQFAX_clean,116.8
WAQFIG_clean,39.1
WAQKUX_clean,82.1
WAQTEQ_clean,96.0
WARFAZ_clean,119.9
WARJAC_clean,49.2
WASMUB_clean,89.3
WASPAK_clean,42.1
WASQEP_clean,104.5
WASQIT_clean,103.0
WASTUG_clean,52.4
WASVES_clean,74.4
WAVQAN_clean,93.8
WAVQER_clean,91.3
WAVQOB_clean,221.7
WAVQUH_clean,91.9
WAVRAO_clean,159.8
WAVROC_clean,119.6
WAWGOQ_clean,60.1
WAYKAK_clean,64.2
WAYMAM_clean,47.5
WAYMEQ_SL,73.8
WAYMIU_manual,69.0
WAYMOA_manual,70.2
WAZCUX_clean,112.8
WEBJOE_clean,78.1
WEBKIX_charged,226.5
WEBKOD_clean,92.3
WEBLAQ_charged,276.5
WEBREC_clean,141.5
WECBEN_clean,37.5
WECBOX_clean,45.6
WECFAN01_clean,74.6
WECFAN_clean,70.0
WECJIZ_clean,365.8
WEDQED_clean,140.8
WEFCAN_clean,117.2
WEFXEM_clean,66.7
WEFZIS_clean,112.3
WEGDIX_charged,94.6
WEGFUL_clean,96.3
WEGGAS_clean,98.7
WEGKIE_clean,229.3
WEHHEY_clean,150.9
WEHHIC_clean,143.5
WEHHOI_clean,147.2
WEHHUO_clean,152.3
WEHJAW_clean,93.6
WEHJEA_clean,115.6
WEHJIE_clean,80.6
WEHJOK_clean,118.9
WEHJUQ_clean,266.5
WEHQAC_charged,76.3
WEHRIL_charged,74.6
WEMBUN_clean,50.1
WEMCAU_clean,52.9
WEMCEY_clean,61.5
WEMCIC_clean,63.0
WEMCOI_clean,62.9
WEMCUO_clean,63.3
WEMDAV_clean,63.5
WEMDID_clean,47.4
WEMDOJ_clean,49.1
WEMDUP_clean,48.5
WEMFAX_clean,48.1
WEMFEB_clean,50.5
WEMFIF_clean,50.2
WEMFOL_clean,50.9
WEMNAF_clean,121.2
WENDIE_clean,106.0
WENKEH_clean,84.6
WENKOR_clean,110.6
WENKUX_manual,111.3
WENLAE_manual,112.3
WENLEI_clean,107.0
WERHIK_clean,198.1
WESYAV_clean,73.2
WEVQIX_clean,66.1
WEVQOD01_clean,58.3
WEVQOD_clean,64.9
WEVQUJ_clean,64.4
WEVRUK_clean,64.7
WEVZUT_clean,122.4
WEXTAV_clean,60.0
WEYQAU01_clean,46.2
WEYQAU02_clean,55.6
WEYQAU03_clean,57.2
WEYQAU04_clean,57.5
WEYQAU05_clean,57.0
WEYQAU06_clean,56.3
WEYQAU07_clean,55.4
WEYQAU08_clean,55.5
WEYQAU09_clean,57.2
WEYQAU10_clean,45.7
WEYQAU12_clean,58.1
WEZCIO_clean,61.7
WIBSAD_clean,319.2
WICGEV_clean,67.9
WIDQEG_clean,55.0
WIDWOX_clean,509.2
WIDZUG_clean,113.8
WIFBAQ_clean,69.6
WIHDUN_clean,41.5
WIHVAL_clean,68.1
WIHVEP_clean,67.6
WIHWAN_clean,134.8
WIJDAV_clean,136.6
WIJXEU_clean,120.4
WIJXIY_clean,67.2
WIKXAQ_clean,38.2
WIKXUJ_charged,214.1
WIKYAQ_clean,202.3
WILDUR_clean,71.9
WILFAZ_clean,72.2
WILGII_clean,90.8
WILHIK_clean,96.1
WILNEL01_clean,123.2
WILRAK_clean,23.5
WILREO_clean,23.3
WILRIS_clean,25.8
WIMWEW_clean,104.5
WIMWIA_clean,75.1
WINCEC_clean,40.6
WIPLOY_clean,76.4
WIPPIW_clean,336.5
WIPZEC_clean,89.6
WIRKOZ_clean,2392.3
WIRMOB_clean,217.1
WISTID_clean,97.8
WISVEB_clean,45.7
WITJOA_clean,128.4
WITJUG_clean,128.5
WITKIV_clean,310.8
WIVKOD_clean,67.7
WIVRIE_clean,317.3
WIWQOI_clean,49.7
WIWQUO_clean,49.5
WIYFAM_clean,75.8
WIYMOG_charged,51.1
WIYWAE_clean,202.8
WIYWEI_clean,199.7
WIYWOS_clean,199.3
WIYWUY_clean,199.4
WIYZOU_clean,54.3
WIZDEP_clean,56.4
WIZKOH_clean,91.8
WIZMAV02_auto,249.3
WOBHEB_clean,56.1
WOBHOL_clean,55.1
WOBHOM_clean,63.7
WOBQEL_clean,144.6
WOCWAN_clean,124.0
WODFOL_clean,132.5
WODVOB_clean,79.4
WODXEU_clean,80.6
WOFWET_clean,21.8
WOHBIF_clean,138.3
WOHDON_clean,44.0
WOHQAN_clean,76.5
WOHSIV_clean,129.2
WOHSOB_clean,126.8
WOJJOV_SL,155.4
WOJZAY_clean,110.2
WOJZEC_clean,110.2
WOJZIG_clean,111.0
WOJZOM_clean,184.3
WOLMUG_clean,114.6
WOLREV_clean,113.2
WOLRIZ_clean,40.4
WOLYON_clean,82.7
WOPSAX02_clean,116.5
WOPSAX_clean,116.8
WOPSOL01_clean,118.1
WOPSOL_clean,104.3
WOPWOO_clean,97.0
WOQDUB_charged,66.8
WOQTUT_clean,172.0
WORKOF_clean,135.6
WORKUL_clean,107.8
WORLAS_clean,101.3
WORREC_clean,38.1
WORSUT_clean,83.3
WOSHET_clean,91.8
WOSZEL_charged,183.7
WOTLOI_clean,58.0
WOTSEF_clean,66.2
WOVDES_clean,144.8
WOYHUP_clean,47.7
WOYJAX_clean,429.0
WOYJEB_clean,436.7
WOYJIF_clean,86.7
WOYJOL_clean,434.3
WOZGUP_clean,149.0
WOZSOT_charged,137.2
WOZWEP_clean,149.2
WUCRUH_clean,72.1
WUDVEY_clean,91.6
WUGQAS_clean,69.4
WUHJIT_clean,49.3
WUKXEH_clean,207.5
WULJUJ_clean,277.8
WULKAQ_clean,278.2
WULQUR_clean,46.6
WUNSEE01_charged,116.7
WUNSEE02_charged,113.6
WUNSEE_charged,117.2
WUNSII01_charged,115.4
WUNSII02_charged,115.2
WUNSII_charged,123.4
WUNTAB_charged,113.0
WUNTEF_clean,101.1
WUNTIJ_clean,103.8
WUNTOP_clean,101.6
WUNTUV_clean,98.7
WUNVAD_clean,105.2
WUNVEH_charged,119.1
WUNVIL_charged,110.6
WUNVOR_clean,105.8
WUNVUX_clean,99.6
WUPZUE_clean,66.6
WURKEB_clean,71.0
WURNOO_clean,127.9
WUSCUJ_clean,33.1
WUSGIC_clean,84.4
WUSLED_clean,83.5
WUSSEK_clean,116.8
WUSXEP_clean,136.2
WUTBES_clean,106.0
WUTBEU_clean,24.0
WUTBIW_clean,104.8
WUTBOC_clean,107.2
WUTBUI_clean,105.4
WUTCAP_clean,108.7
WUTKIG_clean,80.9
WUWQEL_clean,66.8
WUYWIY_clean,47.0
WUYWOE_clean,104.8
WUYWUK_clean,47.0
WUYXAR_clean,46.3
WUYXEV_clean,105.1
WUYXIZ_clean,104.2
WUYXOF_clean,46.6
WUYXUL_clean,103.2
WUYYAS_clean,104.1
WUYYEW_clean,102.1
WUYYOG_clean,53.0
WUZDOL_clean,91.0
WUZGAB_clean,103.9
WUZQOZ_clean,62.9
XACGIT_charged,112.2
XACQAT_clean,237.6
XACSIG_clean,114.4
XACZEH_clean,60.1
XADCEM_clean,70.1
XADDAJ01_clean,177.4
XADDAJ_clean,186.6
XADDEN_manual,55.0
XADDIR_manual,52.2
XADDOX_clean,73.7
XADDUD_clean,118.4
XADGAM_clean,94.9
XADGOA_clean,55.8
XAFBEN_clean,97.1
XAFFAN_clean,45.1
XAFFER_clean,43.7
XAFFIV_clean,45.4
XAFFOB_clean,46.4
XAFFUH_clean,72.1
XAFXOT_clean,96.5
XAGPUT_clean,52.9
XAHPAZ_clean,58.0
XAHPED_clean,48.4
XAHPIH_clean,40.3
XAHPON_clean,60.4
XAHPUT_clean,34.9
XAHQAA_clean,33.0
XAHWAG_clean,36.3
XAJQAC_SL,74.1
XAJSEJ_clean,58.2
XAKQOR_clean,121.5
XAKVUB_clean,222.4
XAKYUE_clean,120.3
XAKZAL_clean,177.4
XAKZIT_clean,329.6
XAKZOZ_clean,98.9
XAKZUF_clean,327.8
XALBAO_clean,331.5
XALBES_clean,107.2
XALBIW_clean,113.1
XALBUI_clean,359.2
XALCAP_clean,118.5
XALCET_clean,115.2
XALCIX_clean,514.9
XALCOD_clean,500.8
XALCUJ_clean,162.5
XALDAQ_clean,169.1
XALDAS_clean,103.8
XALDEU_clean,170.7
XALDIY_clean,174.7
XALDOE_clean,174.7
XALMII_clean,139.3
XALTIP_clean,48.0
XALXUF01_clean,179.5
XALXUF_clean,185.4
XAMDUM01_clean,53.4
XAMDUM02_clean,53.9
XAMDUM03_clean,53.9
XAMDUM04_clean,55.4
XAMDUM05_clean,54.3
XAMDUM06_clean,53.1
XAMDUM_clean,53.5
XAMGUQ_clean,198.1
XAMHEA_manual,48.3
XANKOO_clean,420.7
XANLAA_clean,121.1
XANLEE_clean,121.4
XANMIJ_clean,69.5
XAPCOH_clean,160.9
XAPCOJ01_clean,50.7
XAPCOJ02_clean,50.7
XAPCOJ03_clean,51.5
XAPCOJ04_clean,50.4
XAPCOJ05_clean,50.2
XAPCOJ06_clean,50.1
XAPCOJ07_clean,51.1
XAPCOJ_clean,53.4
XAPCUN_clean,160.0
XAPDAU_clean,158.5
XAPDEY_clean,163.1
XAPGAZ_clean,130.7
XAPGED_clean,119.8
XAPGOK_clean,58.1
XAPGUQ_clean,43.7
XAPNIN_clean,48.0
XAPSIS_clean,44.7
XAPTEQ_clean,97.7
XAPTUE_clean,70.2
XARPAK_clean,68.1
XASFAY_clean,129.9
XASJUZ_clean,79.6
XASNUD_clean,181.8
XASPEP_clean,81.3
XATLIQ_clean,95.9
XATZOK_clean,64.6
XATZUQ_clean,87.7
XAVDEF_clean_h,56.1
XAVKIR_clean,526.9
XAVQIU01_clean,49.3
XAVQIU_clean,48.5
XAWVUN_clean,38.6
XAYMUF_charged,90.4
XAZFEJ_clean,66.6
XAZGAG_charged,96.1
XAZGEK_clean,116.5
XEBHOC_clean,39.5
XEDGIY_clean,98.1
XEDLUN01_clean,60.1
XEDLUN_clean,62.4
XEDPED_clean,228.8
XEDPIH_clean,85.2
XEDPON_clean,52.4
XEDPUT_clean,390.3
XEFGAQ_clean,76.4
XEFKOI_clean,76.5
XEGJIE02_clean,110.3
XEGJIE_clean,112.5
XEGJOK_clean,92.1
XEGJUQ_clean,110.1
XEGKAX_clean,107.0
XEGKEB_clean,88.7
XEGKIF_clean,83.3
XEGKOL_clean,75.7
XEGKUR_clean,60.5
XEHDEV_clean,106.6
XEHRUY_clean,65.3
XEHSAF_clean,70.9
XEHSEJ_clean,69.1
XEHSIN_clean,69.1
XEHSOT_clean,69.7
XEHSUZ_clean,69.5
XEJWUG_clean,123.0
XEJXAN_clean,121.7
XEJXER_clean,93.2
XEKCAT01_clean,73.0
XEKCAT_clean,75.0
XEKDOI_clean,55.8
XEKMIL_clean,94.3
XENCAU_clean,105.0
XENKIM_clean,100.7
XENMIO_SL,124.7
XENMOU_SL,124.0
XEPBAX_clean,54.3
XEQGAC_clean,40.9
XEQRAO_clean,72.0
XESKAJ_clean,58.4
XESKEN_SL,91.0
XESKIR_clean_h,49.1
XESKUD_clean,55.4
XESLAK_clean,54.0
XEWDUA_clean,92.3
XEWFAI_clean,91.7
XEXLAP_clean,106.5
XEXLET_clean,104.7
XEXLIX_clean,99.2
XEXLOD_clean,117.2
XEXLUJ_clean,96.1
XEXMAQ_clean,111.3
XEXMEU_clean,92.8
XEYMAR_clean,90.0
XIBZUF_clean,75.7
XICDUI_charged,156.4
XICNOO01_clean,139.7
XICNOO02_clean,147.3
XICNOO_clean,144.3
XICYAL_clean,238.8
XICYEP_SL,74.2
XICYIT_SL,71.2
XICZAM_clean,141.2
XIDBUJ_clean,91.3
XIDSUZ_clean,106.3
XIFHIF_clean,41.1
XIGFOJ_manual,82.4
XIGHAX_clean,58.5
XIGHEB_clean,81.3
XIGHIF_clean,56.2
XIGWUF_clean,30.7
XIHRIQ_clean,134.9
XIHSAJ01_clean,83.3
XIHSAJ_clean,92.1
XIHSEN01_clean,97.1
XIHSEN_clean,96.6
XILLEL_clean,538.2
XILLIP_clean,137.2
XILSUI_clean,75.5
XILTAP_clean,116.3
XILVIZ_clean,83.8
XINHOT_clean,111.2
XINRAP_clean,70.3
XINWUO_clean,74.7
XINZEB_clean,90.3
XIPGUA_clean,45.9
XISLAM_clean,250.7
XISPEW01_clean,38.1
XISPEW02_clean,37.2
XISPEW_clean,56.5
XISPUM01_clean,28.2
XISPUM_clean,54.6
XISVUR_clean,61.4
XISXEE_clean,56.2
XITYOP_clean,123.8
XIVMEW01_clean,74.9
XIWLAQ_clean,71.9
XIWYEH_clean,135.2
XIYYEL_clean,27.0
XOCWET_clean,59.0
XOCWIX_clean,58.8
XOCWOD_clean,59.1
XOCWUJ_clean,59.5
XODPUD_clean,85.1
XOFGAC_clean,216.2
XOFPEP01_clean,68.3
XOFPEP_clean,70.9
XOGXAU_clean,204.8
XOHLEM_clean,61.4
XOHTUJ_clean,51.5
XOJPIW_charged,161.2
XOJWEZ_clean,73.2
XOJWOJ_clean,64.1
XOKHIP_clean,68.7
XOMCIN_clean,204.3
XOMCOT_clean,217.0
XOMDOU_clean,186.0
XOMGIQ_clean,169.9
XOMJOY_clean,203.4
XOMJUE_clean,209.2
XONGUD_clean,113.7
XONLES01_clean,143.6
XOPLOE_clean,67.1
XOPMIA_clean,114.6
XOQXIL_clean,71.3
XORHET_clean,98.6
XOSPOK_clean,66.3
XOTGUI_clean,54.1
XOTHAP_clean,41.8
XOTKIA_charged,159.0
XOTSEG_clean,124.8
XOTSIK_clean,224.5
XOTXAG_clean,87.9
XOTXUB_clean,181.5
XOTZIR_clean,147.6
XOVPIH_clean,86.3
XOVPON_clean,65.1
XOVPUU_clean,24.0
XOVQAB_clean,339.1
XOVQEF_SL,100.5
XOVQIJ_clean,136.0
XOVVOU_clean,72.2
XOXMED_clean,163.1
XUBGUY_clean,33.0
XUCSOF_clean,93.4
XUDNAN_clean,127.4
XUDNUH_clean,141.3
XUDPIX_clean,218.4
XUDYEC_clean,60.1
XUDYOM_clean,134.2
XUFPIZ_clean,158.0
XUFWOM_clean,93.8
XUFYAA_clean,340.2
XUGROI_clean,108.9
XUGSEY_clean,58.8
XUGWUS_clean,212.2
XUJPEY_clean,109.5
XUJPIC_clean,109.7
XUJPOI_clean,54.5
XUJQAV_clean,54.9
XUJSAY_clean,168.5
XUKHUI_clean,101.5
XUKLAS_clean,69.0
XUKNIC_clean,92.6
XUKYEI_neutral,35.9
XUMMOJ_clean,71.8
XUMMUP_clean,80.5
XUMNEA_clean,257.4
XUMNIE_clean,153.9
XUMTUV_clean,73.8
XUMVAD_clean,79.9
XUMVEH_clean,72.3
XUNGOD_clean,119.4
XUNGUJ_clean,120.8
XUNHAQ_clean,114.8
XUNSAC_clean,81.8
XUNSEG_clean,68.6
XUNSIK_clean,108.3
XUNSOQ_clean,116.9
XUNTIL_clean,62.4
XUPSAE_clean,59.0
XUTQEI_clean,38.8
XUVGUQ_charged,113.6
XUVHEB_clean,119.6
XUVQOW_clean,105.6
XUWFUR_clean,104.4
XUWKEH_clean,36.1
XUWSUD_clean,77.2
XUWTAK_clean,79.7
XUWVUG_clean_h,74.5
XUYXAR_clean,112.9
YABHER_clean,76.8
YABPAU_clean,89.2
YAGJOI_clean,78.7
YAHPED_clean,71.7
YAJXIT_clean,139.4
YAJXUF_clean,140.8
YANBAR01_clean,70.3
YANBAR02_clean,66.0
YANBAR03_clean,63.8
YANBAR_clean,67.4
YAPLIM_clean,187.2
YAPLOS_clean,181.4
YAPLUY_clean,258.7
YAPMAF_clean,286.5
YAPRUE_charged,105.8
YAPSAL_charged,173.8
YAPXIX_clean,152.5
YAQCEY_clean,126.7
YAQKEI_clean,119.5
YARBAW_clean,114.7
YARBUQ_clean,439.2
YARDEC_clean,106.9
YARDIG_clean,102.8
YARGAB_clean,71.9
YARKEJ_clean,184.4
YARKOT_clean,68.3
YARSAN_clean,95.8
YARYEV_clean,37.1
YARYIZ_clean,41.8
YARYOF_clean,46.0
YARYUL_clean,22.8
YARZEZ02_clean,25.0
YARZEZ03_clean,28.6
YARZEZ_clean,39.8
YASLOW_clean,368.4
YASLUA_clean,28.5
YATDUV_clean,78.0
YATTUK_clean,47.4
YAVSOG_clean,140.4
YAVTUN_clean,49.0
YAVVAV_clean,59.0
YAVVEZ_clean,52.1
YAVVID_clean,141.9
YAVVOJ_clean,139.7
YAVVUP_clean,140.6
YAVWAW_clean,139.5
YAVWUQ_clean,219.4
YAVZAX_clean,33.5
YAVZUT_clean,116.0
YAWBAC_clean,92.7
YAWFEI_charged,75.4
YAWFOS_clean,71.6
YAWKOX_clean,64.1
YAXBOP_SL,76.9
YAYLER_clean,67.9
YAYPOF_clean,67.6
YAYRAT_clean,184.2
YAZWOM_clean,120.9
YEBLAT_clean,57.6
YEDKOI_clean,44.8
YEDKUO_clean,72.5
YEDLAV_clean,103.4
YEFNEC_clean,37.5
YEFNOM_clean,37.3
YEFPEE_clean,37.1
YEGCUJ_clean,76.1
YEGHIC_clean,53.1
YEGKOM_clean,60.4
YEHGID_clean,530.4
YEKQOW_clean,369.3
YEKXET_clean,61.5
YEKXOD_clean,70.3
YEKXUJ_clean,53.6
YELYOE_clean,72.3
YEMFOM_clean,116.4
YEMJAC_clean,41.8
YEMLUY_charged,153.1
YEMMAF_clean,99.1
YENLUA_ion_b,80.7
YEQRER_clean,24.5
YEQRIV_clean,23.6
YEVQOG_clean,243.8
YEVQUM_manual,1342.2
YEYCUC_SL,95.1
YEYFEP_clean,96.5
YEZFIU_clean,85.9
YEZKEV_clean,163.6
YIBMUT_clean,103.1
YICDAR_clean,148.0
YICREI_clean,80.8
YIKJOT_clean,264.9
YIKJUZ_clean,271.0
YILJAG_clean,77.0
YILJUA_clean,103.9
YILKAH_clean,72.7
YINCEF_clean,81.6
YINCIJ_clean,85.5
YINCOP_clean,81.3
YINCUV_clean,277.0
YINDOQ_clean,223.1
YINPEQ_clean,30.0
YINXIE_clean,90.9
YIRHOY_clean,142.1
YISFEL_clean,41.1
YIVNIC_clean,94.7
YIVZIO_clean,75.1
YIVZOU_clean,138.6
YIWBEN_clean,76.7
YIWLEV_clean,26.6
YIWLIZ_clean,28.5
YIWMEW_clean,33.0
YIWMOG_clean,42.6
YIWMUM_clean,43.9
YIWNAT_clean,41.9
YIWNIB_clean,35.4
YIWPAV_clean,33.7
YIWPEZ_SL_part,36.6
YIWPID_clean,45.4
YIXFIW_clean,148.6
YIXYUB_clean,111.6
YIXZEM_clean,98.9
YIYHAQ_clean,146.2
YIZGEV_clean,106.3
YIZGIZ_clean,105.6
YIZGOF_clean,105.6
YIZWIN_clean,72.2
YOBYAR_clean,119.0
YOBYEV_clean,115.5
YOCCIE_clean,121.6
YOCDUR_clean,119.0
YOCLEJ_clean,55.1
YOCLIN_clean,54.3
YOCNAH_clean,138.3
YOCSEQ_clean,72.1
YODRAM_clean,129.7
YODWOF_clean,46.4
YODWUL_clean,51.9
YOFGOR_clean,132.1
YOFXEY_clean,155.7
YOFXIC_clean,148.7
YOGKOW_clean,163.2
YOGVEX_clean,98.9
YOKKIU_clean,149.8
YOLGUB_clean,33.3
YOMBAE_charged,90.4
YOMZIL_clean,95.0
YONNAR_clean,135.3
YONNUL_clean,142.3
YOPPAW_clean,96.0
YOQLAT_clean,73.7
YORGOD_clean,64.7
YORLEY_clean,512.0
YORNIE_clean,93.2
YOTXOW_clean,69.6
YOYBUL_clean,89.5
YOYNUX_clean,116.1
YOYPAF_clean,114.4
YOYPEJ_clean,113.2
YOYPIN_clean,75.4
YOYPOT_clean,112.3
YOYPUZ_clean,114.0
YOYQAG_clean,115.5
YOYQEK_clean,114.4
YOYQIO_clean,101.6
YOYQOU_clean,194.9
YOYQUA_clean,76.1
YOYRAH_clean,75.5
YOYREL_clean,75.5
YOYRIP_clean,75.3
YOYTOX_clean,157.5
YOYTUD_clean,169.3
YOYVAL_clean,164.6
YOYVEP01_clean,158.3
YOYVOZ01_clean,162.1
YOYVOZ_clean,159.5
YOYWEQ01_clean,151.5
YOYWEQ_clean,154.3
YOYZET_clean,167.7
YOZBOF_SL,259.9
YOZCAS_manual,232.6
YOZJEE01_clean,161.1
YOZJEE_clean,156.7
YOZKOP_clean,85.1
YOZNAE_clean,287.1
YOZQAG_charged,110.9
YOZQEK_clean,86.3
YOZYOD_clean,84.8
YOZYUJ_clean,98.6
YUBFOR_clean,69.3
YUBGIN_clean,43.7
YUBQET_clean,135.6
YUBTUM_clean,163.1
YUCZOM_clean,56.9
YUDFEK_clean,108.3
YUDFIO_clean,125.9
YUDFOU_clean,122.6
YUFLIW_clean,73.7
YUFLOC_clean,53.0
YUGLES_clean,33.7
YUGZIK_clean,135.3
YUHHIU_clean,56.8
YUJCOX_clean,56.7
YUJNOH_clean,65.1
YUKCAJ_clean,91.2
YUKKAR_clean,84.9
YULNOK_clean,96.5
YUMFUJ_clean,76.0
YUMJAS_clean,70.7
YUMKAU_clean,77.8
YUMYUC_clean,59.3
YUNJUO_clean,83.9
YUNKAV_clean,75.8
YUNKIC_charged,132.1
YUNXAI_clean,207.0
YUPSIM_clean,84.8
YURJUR_clean,46.0
YURKAY_clean,71.4
YURKEC_clean,123.6
YURKIG_clean,63.6
YUSGID_clean,96.7
YUSGOJ_SL,99.3
YUSWEP_manual,1373.6
YUSWEQ_clean,105.1
YUSWIU_clean,104.4
YUTDUO_clean,103.8
YUTGEZ_clean,39.3
YUXLEJ_clean,471.7
YUXLIN_clean,470.2
YUXQIS_clean,97.3
YUXQOY_clean,80.4
YUYBIF_clean,95.5
YUYGOQ_clean,104.6
YUYLIP_clean,111.4
YUYLOV_clean,95.7
YUZCON_clean,188.3
YUZPEQ_clean,288.0
YUZPIU_clean,355.2
YUZPOA_clean,203.4
YUZRAO_clean,80.5
YUZRES_clean,86.8
YUZXAT_clean,130.6
ZABQIC_ion_b,61.5
ZACHIX_clean,283.9
ZAFXAI_clean,88.6
ZAGHAT_clean,68.8
ZAHLEC_clean,39.2
ZALDUO_clean,51.5
ZALGEB_clean,72.5
ZALREM_clean,80.5
ZAQWEW_clean,103.7
ZAQZOG_clean,110.2
ZARLEL_clean,64.3
ZARLIP_clean,110.6
ZARLUB_charged,90.2
ZARMAI_charged,81.2
ZARPUF_clean,45.5
ZARQAM_clean,74.7
ZARTAP03_clean,78.1
ZARVIZ_clean,88.1
ZARZAV_clean,132.6
ZASJAG_clean,75.5
ZAVPET_clean,120.9
ZAVPIX_clean,84.7
ZAVPOD_clean,118.6
ZAVPUJ_clean,126.1
ZAVQAQ_clean,120.6
ZAVQEU_clean,120.9
ZAVQIY_clean,121.0
ZAVQOE_clean,123.8
ZAVQUK_clean,122.1
ZAVRAR_clean,122.8
ZAVREV_clean,122.8
ZAVRIZ_clean,123.0
ZAXQOG_clean,63.0
ZAXQUM_charged,78.6
ZAYJOA_charged,138.0
ZAZBUZ_clean,54.7
ZEBMAW_clean,96.0
ZECKID_clean,42.9
ZECKOJ_clean,58.2
ZEDLOL_clean,92.3
ZEDQEG_clean,59.2
ZEDROR_clean,123.1
ZEDVOV_charged,135.3
ZEDVUB_charged,183.3
ZEDWAI_charged,171.6
ZEDZAL01_clean,98.5
ZEDZAL_clean,101.4
ZEKRIS_clean,74.3
ZELQAK_clean,212.9
ZELROZ_manual,25.0
ZERQOE_clean,213.0
ZETLER_clean,110.3
ZEVXAB_clean,312.9
ZEXKUK_clean,113.3
ZEZFIV_clean,81.3
ZEZPAX_clean,72.7
ZEZPUR_clean,69.1
ZEZQAY_clean,69.5
ZEZQEC_clean,68.5
ZEZQIG_clean,69.6
ZICCIZ_clean,84.5
ZIDBEV_clean,58.8
ZIDNEH_clean,294.8
ZIDVAL_clean,229.6
ZIGFIG_clean,297.8
ZIHFUR01_clean,124.0
ZIHFUR_clean,122.1
ZIHTEP_clean,71.6
ZIJSAO_clean,106.1
ZIJVOF01_clean,75.4
ZIKJIO_clean,62.0
ZIKJOU_clean,66.1
ZILBAZ_clean,114.9
ZILBED_clean,88.1
ZILBIH_clean,169.4
ZILFOR_manual,111.0
ZIMLAK_clean,56.7
ZIMLEO_clean,57.1
ZIMLIS_clean,56.2
ZIMTAS_clean,62.9
ZINDAD_clean,183.8
ZIQJEQ_clean,79.5
ZISFEO01_clean,65.5
ZISFEO_clean,51.4
ZISYAD_clean,111.5
ZITRUP_clean,34.4
ZIWLUO_clean,212.4
ZOFZIF_clean,76.8
ZOFZOL_clean,65.2
ZOFZUR_clean,139.1
ZOHFUZ_clean,302.0
ZOMNEW_clean,90.6
ZOMNIA_clean,95.6
ZOMNUM_clean,111.5
ZOTKAW_clean,110.4
ZOXFEZ_clean,68.9
ZOXGOK_clean,94.8
ZOXNEH_clean,66.3
ZOZCIC_clean,108.6
ZOZHON_clean,236.9
ZOZKAC_clean,106.1
ZOZKEG_clean,181.0
ZOZPUB_clean,92.6
ZUBFIN_clean,581.3
ZUDQUM_clean,76.5
ZUDRAT_clean,109.8
ZUDXAZ_clean,85.6
ZUGDEM_clean,63.7
ZUKNAW_clean,49.2
ZUNZIT_clean,75.8
ZUPBET_clean,72.0
ZUQMAB_clean,118.7
ZURQOS_clean,62.4
ZURROT_clean,76.8
ZUSBIA_clean,83.8
ZUSBOG_clean,50.4
ZUTBIB_clean,183.7
ZUTBUN_clean,370.0
ZUWXUM_clean,106.4
ZUXPOZ_clean,53.5
ZUZZEB_clean,106.4
