MOF,Total time (s)
1499489-acs.cgd.6b01265_1499490_clean,427.6
ACOCOM_clean,1025.5
ACOCUS_clean,1040.3
ACODAZ_clean,1026.8
acs.cgd.5b01554_VAGNUP1452791_clean,282.5
acs.chemmater.5b03723_cm5b03723_si_004_clean,466.7
acs.chemmater.5b03723_cm5b03723_si_005_clean,264.1
acscombsci.5b00188_34903_clean,297.2
acscombsci.5b00188_5013797_clean,203.8
acs.inorgchem.5b02316_ic5b02316_si_002_clean,1860.0
acs.inorgchem.5b02378_ic5b02378_si_002_clean,1617.8
acs.inorgchem.6b00136_ic6b00136_si_002_clean,412.3
acs.inorgchem.6b00276_ic6b00276_si_006_clean,2409.3
acs.inorgchem.6b01211_ic6b01211_si_002_clean,243.0
acs.inorgchem.6b01416_ic6b01416_si_004_clean,270.4
acs.inorgchem.6b01762_ic6b01762_si_002_clean,227.3
acs.jpcc.6b04690_jp6b04690_si_005_clean,731.6
ADOBIF_clean,193.0
AFEKAX_clean,211.6
AGUBUA_clean,164.2
AHIYOH_clean,487.4
AHUFIU_clean,246.3
AKOXIJ_clean,772.9
am301365h_si_002_clean,263.9
AMIZIG_clean,328.4
ANOMOG_clean,199.9
APEBII_clean,434.1
APEBOO_clean,851.2
AQEGUY_clean,305.5
AQERUL_clean,4237.5
AQIXUU_clean,368.3
AQOLOJ_clean,283.8
AQOTIK_clean,137.1
ASANAL_clean,334.4
ASEKAM_clean,280.0
ASEXED_clean,470.9
ASIVEF_clean,241.2
ATEJOA_clean,716.8
ATEZEG_clean,206.3
ATEZIK_clean,203.2
ATUZEW_clean,277.7
AVETAY_clean,146.2
AWEJES_clean,425.1
AWEWOP_clean,395.6
AWUPOZ_clean,151.1
AXIGAR_clean,196.1
AXINAX_clean,265.7
BABREE_clean,480.3
BADXAI_clean,701.9
BAKYIY_clean,225.7
BEGDEY_clean,377.4
BERQIA_clean,555.6
BETDOV_clean,268.6
BETFOX_clean,270.4
BEWCUD_clean,129.3
BEWVEG_clean,242.3
BEXTUV_clean,287.5
BEXVAD01_clean,258.6
BEXVAD_clean,260.0
BEXVIL_clean,152.5
BICDAU_clean,139.4
BIHBEB_clean,241.4
BIJFAD_clean,300.0
BINMIW_clean,434.5
BIPBAF_clean,234.3
BIRGIU_clean,301.5
BIWSOQ_clean,296.3
BOHWOM_clean,314.2
BORBEQ_clean,245.5
BOSHIC_clean,364.5
BOWSOW_clean,165.3
BUBDIL_clean,3006.6
BUCSAU_clean,361.4
BUCSIC01_clean,357.9
BUKMUQ_clean,117.6
BUPDOH_clean,289.8
BUVVIZ_clean,416.2
BUVVOF_clean,434.0
BUXTUL_clean,661.4
c4dt02048k_c4dt02048k2_clean,301.0
c4ra13058h_c4ra13058h2_clean,388.0
c5cc09935h_c5cc09935h2_clean,278.4
c5ce00923e_c5ce00923e2_clean,353.5
c5ce00931f_c5ce00931f2_clean,265.3
c5ce01790d_c5ce01790d1_clean,512.1
c5ce02503f_c5ce02503f2_clean,5242.1
c5dt01100k_c5dt01100k2_clean,351.9
c5dt02651b_c5dt02651b2_clean,309.6
c5dt03038b_c5dt03038b2_clean,199.8
c5dt03710g_c5dt03710g2_clean,193.1
c5dt04943a_c5dt04943a2_clean,216.8
c5dt05023e_c5dt05023e2_clean,372.3
c5nj02236c_c5nj02236c2_clean,341.6
c5nj03044g_c5nj03044g2_clean,450.9
c5qi00128e_c5qi00128e2_clean,354.8
c5sc00614g_c5sc00614g2_clean,667.4
c5ta03835a_c5ta03835a2_clean,365.4
c5ta05481h_c5ta05481h2_clean,619.9
c5ta09507g_c5ta09507g2_clean,1531.1
c5ta10401g_c5ta10401g2_clean,986.3
c6cc00589f_c6cc00589f2_clean,260.4
c6cc00589f_c6cc00589f3_clean,74.7
c6cc01597b_c6cc01597b2_clean,234.3
c6cc03787a_c6cc03787a2_clean,324.8
c6ce00465b_c6ce00465b2_clean,127.5
c6dt01288d_c6dt01288d2_clean,603.8
c6ta07145g_c6ta07145g2_clean,988.7
CACNOM_clean,295.9
CASWIE_clean,144.3
CAVMIX_clean,514.4
CAXSUR_SL,249.9
CAYQIE_clean,194.3
CAYQOK_clean,351.9
CAYQUQ_clean,233.6
CEDFOI_clean,485.4
CEDFUO_clean,363.0
CEKNIQ_clean,322.3
CEMKOV_clean,219.5
CESFIQ_clean,360.8
CESFOW_clean,240.4
CEYYIQ_clean,245.0
cg050585esi20051105_115011_clean,333.2
cg100357q_si_002_clean,492.0
cg2007167_si_002_clean,424.7
cg3002866_si_001_clean,703.6
cg300979c_si_002_clean,368.8
cg3015354_si_002_clean,324.3
cg4012185_si_002_clean,863.9
cg500192d_si_002_clean,381.1
cg5008236_si_002_clean,2529.3
cg501141m_si_003_clean,432.6
cg801267m_si_001_clean,360.0
cg801267m_si_002_clean,364.0
cg801267m_si_003_clean,314.2
cg801267m_si_004_clean,315.3
CILFIN_clean,184.9
CIPLIX_clean,182.2
CIQQIE_clean,772.7
cm071462f-file004_clean,184.3
CODVAU_clean,2553.4
COJMIZ_clean,433.9
COJMOF02_clean,384.8
comp2_clean,534.7
COQJID_clean,424.6
COQJOJ_clean,369.7
COQJUP_clean,386.5
COWDEZ_clean,645.0
COXDIE_clean,501.6
COYMIN_clean,629.2
CUFQUR_clean,229.5
CUGLIB_clean,136.5
CUGYIO_clean,137.5
CUGZAH_clean,137.9
CUHLUO_clean,1091.1
CUPHIG_clean,228.5
CUQRUD_clean,192.9
CURZAR_clean,496.7
CUSXIY_clean,290.7
CUSXOE_clean,560.7
CUTCAX_clean,291.5
CUTFII_clean,283.2
CUVTIX_clean,1601.7
CUVVOG_clean,393.5
CUWHUZ_clean,916.4
CUWXAV_clean,265.2
CUXFUX_clean,499.7
DACSAE_clean,398.4
DACSEI_clean,406.2
DADXUE_clean,519.7
DAFXUG_clean,469.5
DALVEU_clean,403.5
DAMRAN_clean,228.6
DANZOJ_neutral,191.2
DAZCAK_clean,592.7
DEKPUF_clean,260.2
DEYDOA_clean,161.8
DEYLOJ_clean,276.2
DIMQIB_clean,338.7
DITPED_clean,828.0
DIWMUT_clean,423.3
DIZVAK_clean,198.2
DOFTID_clean,249.9
DOFTOJ_clean,246.6
DOGBAE_clean,592.3
DOJXOR_clean,424.5
DOLWEI_clean,640.4
DOMGAP_clean,378.0
DONXOV_clean,358.0
DOTFOJ_clean,645.1
DUDKIY_clean,268.8
DUKNEE_clean,754.5
DUNYOC_clean,489.4
DUQRUD_clean,480.8
DUSHEG_clean,2328.6
DUSHIK_clean,2271.7
DUXZIG01_clean,86.4
DUZKAM_clean,261.9
DUZKEQ_clean,193.5
EBEWUG_clean,190.1
EBEXAN_clean,182.6
EBEXIU02_clean,239.1
EBEXIV_clean,175.2
EBOXEA_clean,278.7
ECEZAO_clean,255.5
EDUSOL_clean,1164.1
EDUTUS_clean,140.6
EDUVAA_clean,273.5
EDUVEE_clean,801.2
EDUVII_clean,184.0
EDUWAB_clean,121.1
EFEGEC_clean,373.1
EFESIT_clean,773.2
EGABAR_clean,273.4
EGEJOQ_clean,683.1
EGEJUW_clean,502.2
EHUSUX_clean,501.1
EHUTAE_clean,606.7
EJATIS_clean,1092.9
EJESUJ_clean,211.1
EKADIF_clean,1496.5
EKEKIQ_clean,225.2
EKEKOW_clean,522.5
EKEMEO_clean,564.5
ELECIJ_clean,399.9
ELEROE_clean,548.4
ELOZIQ_clean,699.5
EMIREX_clean,358.2
ENCDBZ01_clean,177.8
ENCDBZ_clean,107.6
ENCNBZ01_clean,115.7
ENEQUL_clean,481.4
EPECOT_clean,560.0
EPUSUE_clean,299.6
EQOCOC01_clean,319.5
ERALEQ_clean,385.9
ERALIU_clean,318.4
ERAMUH_clean,893.8
ERANES_clean,274.3
ERANOC_clean,287.4
ERAQAR_clean,189.5
ERUNUC_clean,1018.9
ESARIB_clean,1616.7
ESEBOV_clean,89.9
ETIPII_clean,340.5
ETIXAI_clean,499.8
ETIYEN_clean,435.1
EVADEK_clean,788.8
EVADIO_clean,908.8
EVOTIT_SL,883.4
EWETOR_clean,699.6
EYOCUS_clean,512.9
EZIMEG_clean,327.5
EZIMIK_clean,334.1
EZOBUR01_clean,1370.1
EZOFUV_clean,149.1
FAKHIK_clean,490.4
FALRIV01_clean,394.2
FALRIV_clean,421.7
FALROB_clean,399.1
FALSAO_clean,426.4
FASGIS_clean,359.2
FAVDAK_clean,337.6
FAVDEO_clean,280.1
FAVDIS_clean,305.6
FAVFOA_clean,1335.7
FAYLIC_clean,137.6
FECFAV_clean,328.6
FECJUT_clean,524.9
FECYOD_clean,558.3
FEVNEA_charged,440.7
FEVNOL_clean,5059.9
FEWWEL_clean,577.4
FEWWIP_clean,672.4
FEWXEM_clean,526.9
FEWXIQ_clean,520.8
FEYJID_clean,343.6
FEYQUW_clean,286.9
FEYZUF_clean,382.8
FEZCIX_clean,221.0
FIDMIP_clean,462.7
FIHHOV_clean,197.1
FIHHUB_SL,410.2
FIJCUX_clean,238.4
FIJFIO_clean,274.0
FIJFOU_clean,295.5
FIPJEV_clean,332.5
FIPWUY_clean,399.2
FIQCEN_clean,172.4
FIQKIB_clean,413.4
FISGOF_clean,159.6
FISXEM_clean,365.1
FIWKUT_clean,448.7
FOCZEE_clean,401.3
FOFCIO_clean,368.7
FOFHEO_clean,272.6
FOFTOL_clean,248.7
FOPFAS_clean,2544.2
FOPTOU_clean,640.3
FOQNIK_clean,237.6
FOQNOQ01_clean,220.0
FOQNOQ02_clean,220.7
FOQNOQ_clean,211.2
FOQNUW01_clean,221.7
FOQNUW02_clean,216.9
FOQNUW_clean,217.5
FOQPAE01_clean,229.7
FOQPAE02_clean,228.7
FORWAL_clean,271.3
FORXAM_clean,2025.5
FOSTOY_clean,1300.3
FUDQIF_clean,157.9
FUHJOJ_clean,462.2
FUSWIA_clean,152.6
FUTZIF_clean,287.6
FUVBOP_clean,285.8
FUVDEH01_clean,791.9
FUVDEH02_clean,787.3
FUVDEH03_clean,819.1
FUVDEH04_clean,762.2
FUVDEH05_clean,927.6
FUVDEH09_clean,794.3
FUVDEH10_clean,764.9
FUVDEH11_clean,775.4
FUVDEH13_clean,782.4
FUVDEH_clean,789.3
FUVGAG02_clean,767.3
FUWFUA_clean,353.6
FUWQIZ_clean,267.8
FUYCAE_clean,202.0
FUYCUZ_clean,815.5
GABYUG_clean,476.5
GACBIY_clean,346.8
GACYER_clean,313.8
GAFGEC_clean,361.9
GAHSEQ_clean,355.1
GALFAB_clean,378.5
GANBAZ01_clean,327.2
GANBAZ02_clean,166.8
GANBAZ_clean,302.2
GANBED02_clean,273.5
GANBED_clean,279.2
GANBIH_clean,385.7
GASTIG_clean,272.5
GATQIE_clean,382.8
GATQOK_clean,699.2
GAYFOD_clean,166.1
GEBPEK_clean,125.6
GEBSAJ_clean,3703.3
GEDPAH_clean,176.5
GESNIC_clean,316.7
GEYFIB_clean,654.6
GEZYUH_clean,420.2
GIFKIP_clean,172.5
GIJXAA_clean,251.9
GINNUO_clean,424.6
GITSUY_clean,623.0
GITVAH01_clean,826.8
GITVAH_clean,939.3
GOBTAT_clean,396.0
GOLDAO_clean,545.1
GONMUT_clean,1475.3
GONSUZ_clean,206.1
GOPLUS_clean,243.6
GOQWOY_clean,204.4
GORJEE_clean,592.7
GORWUF_clean,221.0
GUKCIA_clean,376.1
GUPBOJ03_clean,372.0
GUPCEA_clean,1268.0
GURPOZ_clean,741.7
GUZVOO_clean,303.3
HABCEV_clean,261.8
HABCIZ_clean,244.8
HABCOF_clean,248.6
HABDAS_clean,241.7
HABRUZ_clean,280.2
HACDOH_clean,488.6
HACDUN_clean,647.0
HACRAH_clean,441.7
HACREL_clean,531.9
HAFQOW_clean,250.8
HAFQUC_clean,172.9
HAMJUC_clean,571.6
HANKIS_clean,2929.8
HANKOY_clean,3182.6
HAWGIY_clean,433.8
HAXNOJ_clean,128.3
HEGKAP_clean,711.6
HEXNII_clean,244.5
HICGEG_clean,492.5
HICZIE_clean,239.5
HIDDAB_clean,237.8
HIQKID_clean,240.0
HIVSAI_clean,277.0
HIWMAD_clean,253.0
HIZSEQ_clean,199.7
HIZTUG_clean,292.0
HOGJET_clean,242.9
HOJJUN_clean,295.6
HONXAL_clean,878.9
HOQNOS_clean,302.7
HOVGEG_clean,437.4
HOZFIN_clean,223.2
HUBQEC_clean,451.1
HUCSEF_clean,432.7
HUDCEQ_clean,195.2
HUGTOT_clean,1004.6
HUHBUJ_clean,1335.8
HUNCIE_clean,209.9
HURFIL_clean,398.7
HURFOR_clean,340.8
HUVNAP_clean,959.4
HUXHUF_clean,305.8
HUYFAJ_clean,444.5
HUZYEI_clean,654.5
HUZYIM_clean,811.9
IBAPOS_clean,156.6
IBAQAF_clean,163.4
IBAQEJ_clean,163.1
IBIYUO_clean,612.3
IBURAZ_clean,245.8
ic062019u-file003_clean,448.0
ic1010083_si_002_clean,1169.6
ic200054b_si_002_clean,354.8
ic302758g_si_002_clean,685.0
ic403175w_si_002_clean,383.9
ic5005374_si_003_clean,517.1
ic502478u_si_003_clean,735.7
ic502488c_si_002_clean,438.9
ic502643m_si_011_clean,172.9
ic502643m_si_012_clean,224.2
ic5b00096_si_002_clean,1014.5
ic5b00561_si_002_clean,626.1
ic8008859_si_001_clean,768.8
ic801677y_si_001_clean,316.6
ICAREL_clean,437.1
ICIKAH_clean,1678.8
ICITIY_clean,295.8
ICIVEW_clean,166.4
IDUYOX_clean,240.8
IFEPUG01_clean,871.3
IFEPUG02_clean,764.7
IFEPUG03_clean,772.0
IFEPUG04_clean,790.2
IFEPUG05_clean,772.9
IFEPUG06_clean,795.3
IFEPUG07_clean,782.7
IFEPUG08_clean,834.6
IFEPUG09_clean,925.2
IFEPUG10_clean,901.9
IFEQER_clean,773.2
IFUPAC_clean,281.7
IGORUS_clean,173.2
IGUCEU_clean,761.8
IJAPIU_clean,296.5
IJAPOA_clean,294.3
IJENIV_clean,433.2
IJENOB_clean,518.0
IJEXUS_clean,248.7
IKOTEH_clean,446.9
ILITON_clean,233.4
ILOWAI_clean,414.0
IMACZN01_clean,289.0
IMAXOL_clean,323.3
IMULEH_clean,496.3
IMUVES_clean,1790.2
INASAT_clean,385.9
INECIP_clean,457.4
INECOV_clean,328.6
INEPEY_clean,280.4
INEXEG_clean,388.5
INIROO_clean,356.4
IPEBEM_clean,966.6
IPIVOT_clean,358.2
IREGOD_clean,360.1
IRUVUO_clean,838.0
ISEQIH_clean,249.6
IVEKEA_clean,1112.2
IVIPEK_clean,371.3
IWAHIZ_clean,434.7
IWAHUK_clean,836.6
IWEVUD_clean,273.5
IWEWAK_clean,276.0
IWEWEO_clean,252.5
IWEWIS_clean,286.3
IWEWOY_clean,411.8
IXIKOR01_clean,978.6
IXIKOR_clean,1042.3
IYALUR_clean,2199.6
IYIHUU_manual,242.9
IYITOB_clean,212.8
IYOCUW_clean,213.3
IYOVEY_clean,187.4
IYUHOB_clean,265.1
IZIHIK_clean,400.6
IZULUL_clean,435.4
IZUSEC_clean,428.1
ja0660047si20060818_060256_clean,317.7
ja0660047si20060818_060458_clean,381.2
ja0734952si20070516_030528_clean,807.3
ja078060t-file002_clean,972.8
ja101440z_si_001_clean,260.9
ja102862j_si_005_clean,359.3
ja111042f_si_002_clean,130.3
ja202154j_si_003_clean,355.3
ja206029a_si_003_clean,357.8
ja4015666_si_002_clean,183.0
ja4015666_si_003_clean,177.6
ja4015666_si_005_clean,180.7
ja403810k_si_003_clean,1904.9
ja406030p_si_010_clean,1369.0
ja410368j_si_002_clean,359.3
ja501810r_si_002_clean,156.5
ja507119n_si_002_clean,528.2
ja507971r_si_004_clean,219.8
ja508679h_si_001_clean,1996.4
ja5109535_si_002_clean,595.5
ja5111317_ja5111317_si_003_clean,817.0
ja5b00450_si_002_clean,407.3
ja5b00450_si_003_clean,1728.3
jacs.5b11034_ja5b11034_si_002_clean,352.3
jacs.5b11079_ja5b11079_si_002_clean,343.3
jacs.6b01663_ja6b01663_si_002_clean,93.9
jacs.6b02030_ja6b02030_si_004_clean,418.3
jacs.6b03263_ja6b03263_si_002_clean,616.0
jacs.6b04608_ja6b04608_si_002_clean,1413.8
jacs.6b06375_ja6b06375_si_001_clean,870.3
jacs.6b08724_ja6b08724_si_010_clean,140.9
jacs.6b08724_ja6b08724_si_011_clean,142.4
jacs.6b08724_ja6b08724_si_012_clean,60.4
jacs.6b08724_ja6b08724_si_013_clean,138.3
jacs.6b08724_ja6b08724_si_015_clean,139.8
JADBEY_clean,391.0
JADMIN_clean,925.1
JAJZAY_clean,208.9
JALLIU_clean,492.9
j.inoche.2015.02.023_INC05895-mmc1_clean,282.4
j.inoche.2015.03.005_INC05902-mmc1_clean,717.4
JIVQOU_clean,487.7
JIVSAJ01_clean,1353.2
JIVSEN01_clean,638.6
JIVSIR01_clean,791.5
j.jssc.2015.08.048_mmc2_clean,771.8
j.jssc.2016.06.015_ZJU-10_clean,232.7
JOBFEM_clean,545.7
JOBFIQ_clean,676.6
JOHQUT_clean,287.4
JOHSIJ_clean,513.1
JOQSIT_clean,258.8
JOZWOM_clean,450.4
JOZWUS_clean,453.3
jp302979a_si_002_clean,272.3
JUKPAI_clean,663.8
JUSGUB_clean,600.1
JUTCOS_clean,433.0
JUYBEM_clean,211.2
KACGAZ_clean,250.3
KACGED_clean,498.1
KACKIL_clean,143.0
KAHZAW_clean,135.9
KALFUA_clean,405.1
KARMUN_clean,685.0
KAVXAI_clean,312.3
KELJAN_clean,898.0
KEVBIY_clean,1644.7
KEVBOE_clean,1547.0
KEWJIG_clean,425.4
KIFDIM_clean,225.0
KINMUR_clean,186.8
KINSEH_clean,222.3
KODPUP_clean,219.9
KOGSOQ_clean,406.5
KOJZOZ_clean,321.6
KOMHEB_clean,445.1
KOMHIF_clean,438.1
KOMHOL_clean,444.6
KOMHUR_clean,443.5
KOMJAZ_clean,442.6
KOQGAA_clean,253.3
KOVGOT01_clean,342.9
KOVGOT_clean,347.8
KOZNEU_clean,349.2
KOZQIB_clean,150.7
KUGFAU_clean,251.9
KUHZET_clean,922.1
KUKPUD_clean,174.4
KUKQAK_clean,514.3
KULMAG_clean,472.9
KULMIO_clean,393.8
KUNLAH_clean,331.5
KUSDOT_clean,380.4
KUXROM_clean,231.4
KUXSAZ_clean,240.6
KUZYUB_clean,284.9
LABMOT_clean,237.7
LABMUZ_clean,595.7
LABNEK_clean,270.4
LABNOU_clean,804.8
LABNUA_clean,237.0
LABPEM_clean,753.4
LABPIQ_clean,266.4
LABPOW_clean,301.7
LABPUC_clean,286.3
LABQAJ_clean,264.4
LABQEN_clean,274.2
LACYEW_clean,261.1
LACYIA_clean,306.5
LACYOG_clean,200.1
LACYUM_clean,345.2
LACZAT_clean,310.6
LACZIB_clean,132.0
LAGVEX_clean,231.3
LAGWIB_clean,146.4
LAJFAG_clean,651.1
LAJKUE_charged,1104.1
LAJLAL_charged,1127.2
LAJLEP_charged,1137.7
LAPLEW_clean,969.9
LAPLOG01_clean,1012.6
LAPLOG_clean,1669.7
LAPLUM_clean,1884.4
LAPMAT_clean,1353.8
LAPMEX_clean,2449.9
LAPMIB_clean,1336.0
LAPMOH_clean,1629.3
LAPMUN_clean,2224.7
LAPNAU_clean,1195.4
LAPNEY_clean,1218.1
LAPNIC_clean,923.9
LAPNOI_clean,919.2
LAPNUO_clean,744.5
LAPZEK_clean,271.4
LAQNOJ_clean,261.3
LAQNUP_clean,283.6
LATBUG_clean,286.1
LATCAN_clean,285.9
LATCIS_clean,74.7
LAVMAY_clean,230.9
LAWGOI_clean,287.2
LAWGUO_clean,275.9
LAWHEZ01_clean,288.3
LAWHEZ_clean,287.6
LAWHID_clean,279.7
LAXCUK_clean,273.8
LAZXIV_clean,271.4
LEJCEK_clean,118.3
LEJZOQ_clean,604.6
LELDOX_clean,1284.1
LENGES_clean,1793.6
LEQBUG_clean,247.7
LEQCAN_clean,239.6
LETREJ_clean,741.8
LEWZET_clean,148.3
LEZJOQ_clean,310.6
LEZJUW_clean,605.2
LIDSAU_clean,280.4
LIDSEY01_clean,465.0
LIDSEY_clean,274.0
LIDSIC_clean,343.9
LIFWEE_clean,138.2
LIHKAQ_clean,798.8
LIKCOY_charged,159.4
LIQTUC_clean,471.6
LIRTUC_clean,449.6
LIXXEW_clean,312.6
LOCRUR_clean,153.7
LODCUC_clean,341.8
LODTAB_clean,188.7
LOFJAT_clean,206.2
LORNEL_clean,110.3
LOSYAV_clean,229.3
LOXVUR_clean,658.0
LOZSOK_clean,455.2
LOZSUQ_clean,459.3
LUDKIG_clean,478.0
LUDTUZ_clean,255.2
LUDVAH_clean,319.1
LUDVEL_clean,209.6
LUDVOV_clean,214.8
LUKLIN_clean,305.7
LURRIA_clean,181.0
LURRUM_clean,1380.7
LUSQOH_clean,1211.5
LUTZEH_clean,1197.7
LUWMUN_clean,185.4
LUWNAU_clean,183.0
LUXFEQ_charged,631.0
LUYBIS_clean,303.4
MAFFUW_clean,443.1
MAJJUF_clean,125.3
MAJKAM_clean,448.4
MAMVED_charged,1523.1
MAQMEZ_clean,349.8
MAVRAE_clean,300.9
MAXHUP_clean,183.8
MAZSOX_clean,223.3
MIBQAR16_clean,96.7
MIMSIM_clean,403.1
MINCET_clean,508.4
MIPHEA_clean,1951.3
MIVFUU_clean,232.9
MIXYOJ_clean,340.2
MIZKAI_clean,335.3
MIZPUI_clean,182.5
MODNIC_clean,228.7
MOKVOZ_clean,285.2
MOXBOS_clean,291.1
MOXPAR_clean,1048.8
MOYMUJ_clean,634.0
MOYTUR_clean,641.4
MOYZIK_clean,114.3
MUFZIY_clean,330.0
MUGXIX_clean,380.2
MUKQUG_clean,305.5
MUKRAN_clean,310.0
MULXUO_clean,312.7
MUMLOX_clean,409.7
MUTCEL_clean,337.6
MUVJAP_clean,247.5
MUWRON_clean,247.9
MUZKEZ_clean,300.2
NACZUP01_clean,1241.5
NACZUP03_clean,1228.5
NACZUP_clean,1289.8
NAHHOW_clean,241.8
NANPUN_clean,69.6
NATHOI_clean,461.1
NATXOW_clean,249.6
NAYHAY_clean,305.6
NEBYOK_clean,475.1
NEDLOZ_clean,318.8
NENHEU_clean,483.9
NIKHAS_clean,350.8
NIMQAC_clean,426.7
NIMQAD_clean,337.7
NIMQEH_clean,227.7
NIRFIE_clean,373.7
NIXFUX_clean,506.5
NIXGIM_clean,570.3
NIXKIQ_clean,395.6
NOBWEI_clean,727.5
NODKEX_clean,165.5
NODKIB_clean,466.3
NOFRIK_clean,1308.0
NOHQEI_clean,1475.4
NOMPOW_clean,327.7
NORPIV_clean,587.9
NUCPIM_clean,199.5
NUDLAB_clean,279.7
NUDLEF_clean,461.9
NUMPAO_clean,158.0
NUNZUT_clean,304.2
NUSXEG_clean,550.2
NUTQEZ_clean,157.5
NUTYOS_clean,291.9
NUVWIL_clean,156.7
NUVXUZ_clean,456.8
NUZCIV_clean,676.9
OBUBIW_clean,266.9
OCILEU_clean,287.7
OCILIY_clean,259.4
OCIMAR_clean,306.8
OCIMEV_clean,282.2
OCIMIZ_clean,182.7
OCIMOF_clean,286.0
OCIMUL_clean,302.5
OCINAS_clean,293.8
OCIZAD_clean,382.6
OCUMUX_clean,405.1
OCUPOS_clean,232.8
OCUTAI_clean,246.4
ODIXIK_clean,538.1
OFAMUF_clean,191.8
OFODAP_clean,166.5
OFORUX_clean,295.6
OGIJIY_clean,342.4
OGOJAX_clean,200.7
OHAQAR_clean,1728.8
OHOLIH_clean,282.5
OJIFAP_clean,352.6
OJIWEK_clean,311.3
OJOSEN_clean,200.1
OJOSIR_clean,319.9
OJUPEQ_clean,815.0
OKIZIT_clean,400.8
OKUJOV_clean,1391.6
OKUJUB_clean,2747.6
OKUKEM_clean,1597.6
OLODEA_clean,651.7
OLOGAY_clean,335.3
OLOPIQ_clean,625.8
OLOPOW_clean,1093.0
OMOWEU_clean,355.1
OMUHUB_clean,848.6
OMUMEQ_clean,920.3
OMUMIU_clean,782.7
ONEYIQ_clean,4237.1
ONUJUE_clean,413.8
OPAHIY_clean,504.1
OQUFAJ01_clean,262.6
OQUFAJ03_clean,261.0
OQUFIR_clean,328.2
OQUFUD_clean,342.8
OQUGAK_clean,705.1
ORAWAH_clean,1080.1
OREZUI_clean,1396.3
OSOTIB_clean,230.0
OTOYUT_clean,232.8
OTOZAA_clean,199.8
OTOZEE_clean,257.7
OVADAR_clean,282.7
OVEDAW_clean,305.9
OVIWOG_clean,183.7
OVUNIE_clean,254.2
OVUVIL_clean,202.2
OXAMEG_clean,232.9
OXANOR_clean,276.8
OXANUX_clean,291.5
OXAPAF_clean,284.0
OYAJIJ02_clean,472.5
OYAKAC02_clean,450.8
OYOVOP_clean,384.0
OZASOZ_clean,622.2
PACHUZ_clean,387.9
PALTIH_clean,435.8
PAQMAY_clean,389.4
PAQTIM_clean,358.5
PAQTOS_clean,370.0
PARSAF_clean,443.6
PARSEJ_clean,439.8
PEJMUO_clean,365.7
PEKDEQ_clean,338.2
PEKVUY_clean,227.4
PEMGEV_clean,682.6
PENNIH_clean,411.9
PEQFAT_clean,425.7
PEQTUB_clean,160.8
PETWES_clean,213.8
PETWIW_clean,212.0
PETWUI_clean,1600.5
PETXAP_clean,761.8
PIBPAS_clean,298.6
PIDNEX_clean,232.7
PIDNOH_clean,1632.1
PILJAX_clean,324.1
PITRIU_clean,352.8
PIVBEC_clean,266.8
POBGAQ01_clean,303.3
POBGAQ_clean,195.5
POBJIB_clean,335.1
POCRAB_clean,314.4
PUBROU_clean,324.6
PUBRUA_clean,645.3
PUBSAH_clean,245.4
PUBSEL_clean,314.4
PUBSIP_clean,257.0
PUBSOV_clean,416.3
PUCKUV_clean,327.7
PUMGIP_clean,523.9
PUPJER_clean,288.0
PUSSEC_clean,342.8
PUWCEP_charged,956.0
PUWCIT_clean,255.6
PUWZOX_clean,911.2
QAHDOU_clean,132.8
QAHDUA_clean,124.6
QAMHAQ_clean,232.9
QAMLEY_clean,126.8
QAPPON_clean,266.8
QARLON_clean,234.0
QARLUT_clean,218.7
QARMAA_clean,227.4
QAVPOU_clean,710.9
QETQIP_clean,497.0
QIKYOA_clean,208.3
QILBUK_clean,679.9
QITHAC_clean,1191.0
QITHEG_clean,1381.2
QIWHEL_clean,422.0
QIWQES_clean,255.9
QIYDAF01_clean,241.3
QOGGID_clean,275.0
QOGPIM_clean,392.0
QOPDAA_clean,292.6
QOTHOY_clean,236.3
QOZPEC_clean,262.2
QUJWEZ_clean,223.2
QUNMUI_clean,233.3
QUQGEP_neutral,263.4
QUQMOG_clean,535.9
QUQPIC_clean,291.9
QUQQOJ_clean,614.4
QUQZOS_clean,632.0
QURPIE_clean,906.3
QUSSAA_clean,526.8
QUSSOO_clean,320.3
QUTDAM_clean,246.6
RACZIG_clean,356.1
RAHNUL_clean,2697.0
RAHPAT_clean,2221.0
RANCEQ_clean,264.0
RANVUA_clean,292.0
RAXBOJ_clean,251.9
RAZXIA01_clean,219.3
REHHET_clean,382.8
REHHIX_clean,309.4
REHHUJ_clean,351.5
REHJAR_clean,347.9
REHTUV_clean,3710.4
REJLOI_clean,874.1
REKZIR_clean,590.1
RELLAW_clean,268.5
RESDUQ_clean,290.0
RESZIA_clean,321.7
RETVIW_clean,347.0
REXCEE_clean,286.5
REXGAE_clean,490.4
RIRDIH_clean,588.8
RITGEI_clean,355.0
RITGUY_clean,173.3
RIWNAO_clean,727.7
RIZXUT_clean,105.7
ROBYOY_clean,624.3
ROKRIU_clean,3720.8
ROKROA_clean,2087.6
ROMMAJ_clean,307.6
RONSOE_clean,377.4
RORTID_clean,308.9
RORTOJ_clean,312.1
RORTUP_clean,313.0
RUBLUX_clean,235.4
RUBTAK04_clean,594.4
RUBTAK06_clean,600.9
RUBTAK07_clean,599.7
RUBTAK08_clean,600.5
RUBTAK09_clean,583.6
RUDPOW_clean,298.4
RUDQEN_clean,417.9
RUDQOX_clean,204.4
RUFPUF_clean,92.0
RUFZOJ_clean,268.0
RUGXIC_clean,513.0
RUGXUO_clean,326.6
RUJMAM_clean,394.0
RUKHAI_clean,451.8
RULMUI_clean,532.7
RUMWUS_clean,411.0
RUQVEF_clean,182.2
RUYNEG_clean,467.8
SABFUX_clean,136.6
SAJHUJ_clean,532.8
SAJRAW11_clean,123.3
SAKNOJ_clean,656.8
SALROO_clean,253.7
SALRUU_clean,162.2
SAMVIO_clean,206.3
SAMXUC_clean,588.6
SAMYAJ_clean,578.9
SAMYEN_clean,614.4
SAMYIR_clean,611.2
SANGIA_clean,325.6
SANGOG_clean,320.0
SANHEX_clean,321.7
SAPHOI_clean,399.7
SARPIL_clean,238.8
SEFTOO_clean,239.8
SEFVOQ_clean,239.4
SEHMUO_clean,340.6
SEHNEZ_clean,365.7
SEMPUX_clean,479.2
SENQAE_clean,798.8
SENWAL_clean,93.1
SENWIT_clean,87.0
SENWOZ_clean,87.1
SERKEG_clean,146.1
SERWET_clean,324.0
SERWIX_clean,296.2
SESLUZ_clean,400.7
SETSUH_clean,366.3
SETTAO_clean,248.5
SEZPIY_clean,181.0
SINLAE_clean,268.6
SITFUY_clean,422.1
SIVGAH_clean,204.4
SOHMOS_clean,813.7
SOKXIB_clean,433.1
SOKXOH_clean,468.3
SONTEV_clean,296.6
SOPLIU_clean,214.5
SOVHIU_clean,576.1
SUGSEU_clean,752.4
SUKKUG_clean,597.5
SUKMAO_clean,564.5
SUNLAP_clean,406.1
SUPQAW_clean,194.7
SURHEU01_clean,601.7
SURHEU02_clean,620.8
SURHEU_clean,607.8
SURKUN01_clean,593.7
SURKUN_clean,601.7
SURLEY_clean,597.1
SUWZOB_clean,634.3
SUXGUP_clean,789.8
SUXNIJ_clean,432.9
SUXSEL_clean,398.7
TACFIN01_clean,178.6
TADWOM_clean,340.9
TAPLED_clean,369.0
TATSAK_clean,284.1
TAVSER_clean,399.2
TAWSUI_clean,152.2
TAZLAJ_clean,255.3
TAZLEN_clean,260.5
TEPJAB_clean,1079.4
TEQLIM_clean,360.6
TEQPEM_SL,135.4
TEQVOC_clean,262.6
TERFED_clean,216.7
TEVHEJ_clean,410.3
TILBIB01_clean,352.6
TILBIB_clean,357.8
TILBOH_clean,344.3
TILPUA_clean,1756.5
TILWEQ_clean,98.3
TIMMEI_clean,1187.5
TIPZOJ_clean,398.6
TIPZUP_clean,344.2
TIRKEM_clean,320.4
TIVYAZ_clean,180.4
TOFLIL_clean,295.0
TOHDAX_clean,4573.8
TOHMIO_clean,422.5
TOHZAS_clean,228.6
TOKLEM_clean,292.7
TOKLIQ_clean,270.4
TONKIR_clean,576.7
TORXEE_clean,403.1
TOTVEF_clean,474.6
TOVGUI_clean,590.7
TOVHET_clean,473.3
TOVHIX_clean,1019.0
TOVKAS_clean,359.4
TOWMOJ_clean,215.7
TUBWEU_clean,1820.3
TUJGAI_clean,1525.1
TUWFUN_clean,734.3
UBACUX_clean,280.5
UCAJUF_clean,848.9
UDALUI_clean,161.3
UDAMET_clean,174.8
UDANIY_clean,148.7
UDAWOO_clean,250.6
UDAWUU_clean,163.2
UDAXAB_clean,244.3
UDAXEF_clean,237.6
UDAXIJ_clean,265.8
UDIQII_clean,299.9
UFEXOT_clean,649.9
UGEMOK_clean,734.4
UGOCAW_clean,3051.7
UJEGUL_clean,217.9
UKIQUB_clean,245.5
UKOLOV_clean,1234.7
UKOZOL_clean,319.6
ULILEI_clean,365.2
ULOJUC01_clean,250.4
ULOJUC_clean,244.9
ULOKEN_clean,235.6
ULOKOX_clean,224.9
ULOKUD01_clean,275.6
ULOKUD_clean,248.3
ULOLAK_clean,238.6
UMEJUT_clean,105.1
UMEKAA_clean,246.3
UMIZIB_clean,743.9
UMODEH05_clean,283.6
UMOYOM01_clean,262.8
UMOYOM02_clean,271.1
UMOYOM04_clean,253.5
UMOYOM09_clean,258.4
UMOYOM12_clean,238.6
UMOYOM14_clean,263.1
UMOYOM15_clean,264.7
UMOYOM18_clean,280.6
UMOYOM19_clean,268.7
UMOYOM_clean,262.2
UNABOB_clean,490.2
UNACES01_clean,375.3
UNIFII_clean,1226.2
UNIGEE_clean,95.3
UQETOB_clean,537.8
USAHAZ_clean,332.9
USOXIL_clean,486.4
UTEWUM_clean,245.2
UTEXAT_clean,225.2
UTULEB_clean,124.7
UVEXAV_clean,284.0
UVUCEV_clean,456.6
UVUDEW_clean,865.9
UVUPOR_clean,244.2
UVUQOT_clean,245.8
UXACAY_clean,214.0
UXOHOG_clean,280.4
UYAMIS_clean,355.1
UYAMOY_clean,423.0
UZIZOU_clean,295.5
UZOBAO_clean,301.7
UZOBES_clean,301.6
UZOBIW_clean,295.6
UZUTUG_clean,264.3
UZUXOE_clean,627.6
VABJUE_clean,1172.0
VABKAL_clean,1124.7
VABKAN_clean,206.2
VABKEP_clean,901.3
VABKER_clean,206.4
VAGTAB_clean,442.3
VAJGAR_clean,594.8
VAJTEH_clean,384.7
VAJVEJ_clean,514.7
VAKLIF_clean,229.0
VAKNAZ_clean,217.0
VAKNED_clean,207.5
VAKPOP_clean,214.5
VAKPUV_clean,480.0
VAKQAC_clean,218.6
VAMYEQ_clean,326.5
VAMYIU_clean,331.2
VAMYOA_clean,931.3
VAMYUG_clean,332.1
VAMZAN_clean,912.8
VAMZER_clean,971.8
VARHON_clean,215.9
VARJAB_clean,350.9
VECVUW_clean,388.5
VEHJID_clean,147.0
VEJZIU_clean,551.7
VELBAQ_clean,239.1
VELVOY_clean,307.0
VEYREX_clean,282.6
VEYREY_clean,796.8
VEYWED_clean,564.2
VIDJID_clean,250.2
VIDWIQ_clean,259.5
VIGDIY_clean,554.1
VIJNIN_clean,959.7
VINHIL_clean,109.5
VIWQUP_clean,530.7
VIWRAW_clean,247.6
VIXPUP_clean,157.0
VOKNAM_clean,852.7
VOLRAQ01_clean,129.6
VONDIN_clean,616.9
VONDOT_clean,356.1
VONROH_clean,399.0
VONRUN_clean,447.1
VOQXIK_clean,188.8
VORHER_clean,564.4
VOSVAC_clean,498.9
VOSVEG_clean,608.5
VOSWIL_clean,190.2
VOVQEE_clean,143.6
VOXTOT_clean,963.2
VOXTUZ_clean,186.0
VOXVAH_clean,317.0
VOZVEN01_clean,232.3
VUHMOC_clean,252.7
VUHNAP_clean,228.3
VUHNIX_clean,243.8
VUHNUJ_clean,246.1
VUHPAR_clean,260.2
VUHPOF_clean,263.2
VUHPUL_clean,275.2
VUJBIM_clean,321.0
VUKSIF_clean,323.5
VUKYOR_clean,265.1
VUKYUX_clean,251.2
VUMBOW_clean,323.1
VURNED01_clean,232.7
VURNED02_clean,232.8
VURNED03_clean,232.7
VURNED04_clean,160.1
VURNED_clean,219.8
VUWROW_clean,255.9
WAFKEU05_clean,200.7
WAFKEU06_clean,210.3
WAFKEU07_clean,201.3
WAFKIY_clean,225.0
WAGPOM_clean,229.9
WAGQAY_clean,311.8
WAHDIT_clean,203.5
WAHROP_clean,364.5
WAKTOS_clean,211.0
WAMRIN02_clean,240.4
WANBIY_clean,445.3
WANHAX_clean,340.9
WANHEB_clean,319.5
WANHOL_clean,267.2
WANHUR_clean,334.8
WANKOO_clean,544.0
WANNEH_clean,724.4
WANNIL_clean,734.3
WAPTAL_clean,201.8
WAPTEP_clean,205.7
WAPTIT_clean,205.8
WAQFAY_clean,372.6
WARFAY01_clean,648.1
WARFAY02_clean,239.4
WARFAY03_clean,232.2
WARFAY04_clean,230.8
WARFAY05_clean,218.1
WARFAY06_clean,214.7
WARFIG_clean,622.3
WARXUL_clean,290.1
WASMUB01_clean,213.6
WASMUB02_clean,221.4
WAVQIV_ion_b,701.9
WAVRES_clean,618.0
WAVRIW_clean,691.3
WAZQIZ_clean,354.6
WEBJIY_clean,348.0
WEBJUK_clean,314.4
WEBKAR_clean,210.8
WEBKEV_clean,247.8
WETPES_clean,213.5
WEXSEZ_clean,253.5
WIJXAQ_clean,314.0
WIKGII_clean,559.0
WIKLOT_clean,374.6
WILGUV_clean,332.8
WIRMUH_clean,274.1
WIRNAO_clean,365.7
WISKOA_clean,299.5
WIWKIX_clean,463.4
WODREO_clean,427.1
WOJYEB_clean,1215.9
WOJYIF_clean,1431.7
WOJYOL_clean,1417.5
WOJYUR_clean,1293.6
WOLROF_clean,117.6
WOMFAG_clean,4176.9
WOMFEK_clean,4981.0
WOMXED_clean,1895.0
WONBAD_clean,206.3
WONJUG_clean,3048.3
WONZOP_clean,213.9
WONZUV_clean,130.8
WOPSAX01_clean,678.7
WOYWIS_clean,534.0
WOYWOY_clean,428.8
WUDTUM_clean,248.2
WUDYUR_clean,586.3
WUDZAY_clean,463.2
WUDZIG_clean,257.8
WUDZOM_clean,252.1
WUDZUS_clean,260.4
WUGPUL_clean,205.3
WUJPIC_clean,164.9
WUTCET_clean,312.4
WUYLOS_clean,158.2
XACYAB_clean,371.3
XAKLIH_clean,344.9
XAKZEP_clean,260.5
XAMDUM07_clean,173.2
XANMUX01_clean,181.6
XANMUX02_clean,188.2
XANMUX03_clean,185.3
XANMUX04_clean,191.9
XANMUX05_clean,193.0
XANMUX06_clean,198.8
XANMUX07_clean,191.1
XANMUX08_clean,199.3
XANMUX_clean,194.6
XANZAQ01_clean,260.4
XANZAQ02_clean,262.5
XANZAQ03_clean,139.9
XANZAQ04_clean,185.2
XANZAQ05_clean,189.6
XANZAQ06_clean,189.7
XANZAQ07_clean,189.0
XANZAQ08_clean,186.8
XANZAQ_clean,181.7
XEKJIH_clean,406.0
XEKJON_clean,828.8
XEKJUT_clean,1061.2
XEMHOM_clean,320.8
XENZEX_clean,934.3
XEVHAJ_clean,428.3
XEVHEN_clean,450.9
XIDMED_clean,221.1
XIJJEH_clean,2876.9
XILDUT_clean,248.9
XINFUW_clean,155.1
XISDIO_clean,423.4
XISDOU_clean,400.6
XISDUA_clean,412.2
XISLUI_clean,427.7
XITYEF_clean,2784.8
XIVVEF_clean,220.3
XIZCUG_clean,333.7
XIZJEW_clean,282.7
XOBDUO_clean,169.5
XOCQUD_clean,348.8
XODNUB_clean,475.9
XOFGEG_clean,1062.2
XOMCUZ_clean,193.6
XOMHEO_clean,243.9
XOMHIS_clean,694.5
XOMNEU_clean,529.3
XONLES_clean,378.6
XOPJAO_clean,389.9
XUDPET_clean,641.1
XUDPOD_clean,484.3
XUDPUJ_clean,1359.4
XUDQAQ_clean,942.1
XUDQEU_clean,858.8
XUDVAV_clean,252.6
XUFWAX_clean,180.9
XUFWEB_clean,182.3
XUFWIF_clean,161.9
XUFWOL_clean,216.4
XUFYEE_clean,1031.5
XUMNAW_clean,395.7
YABHIV_clean,905.2
YAFJEX_clean,291.3
YAGHAS_clean,605.8
YAGHUM_clean,178.0
YAHWAI_clean,220.6
YAMYUJ_clean,588.4
YAPTIT_clean,508.2
YARBIE_clean,470.6
YARGOP_clean,162.8
YARZEZ01_clean,114.3
YASVOG_clean,778.9
YASVUM_clean,141.1
YATVUN_clean,545.5
YATWAU_clean,557.6
YAZFOW_clean,230.8
YEFNIG_clean,121.6
YEFPAA_clean,120.9
YEFPII_clean,1429.7
YEGHEZ_clean,154.2
YEYDAJ_clean,880.4
YIDSOT_clean,252.7
YIJCEB_clean,391.6
YINTEW_clean,152.8
YINXUQ_clean,176.8
YIVTII_clean,279.4
YIWBIR_clean,437.5
YIWMIA_clean,146.4
YIWNEX_clean,158.3
YIWNUN_clean,107.8
YIXBIQ_clean,249.7
YIZJEY_clean,292.0
YOCNIP_clean,450.3
YOGKEM_clean,423.8
YOGKIQ_clean,1133.8
YORCEP_clean,288.3
YORCIT_clean,427.2
YORRII_clean,292.9
YORSOP_clean,381.0
YOSWUA_clean,408.9
YOYCEV_clean,853.4
YOYYUI_clean,2075.1
YOZBEW_clean,449.1
YOZBIZ01_clean,1025.5
YOZBIZ_clean,1007.1
YOZBOF01_clean,785.9
YOZCEW_clean,639.7
YUDDEH_clean,281.4
YUTJAA_clean,267.8
ZADQUT_clean,378.6
ZADRAA_clean,371.3
ZADREE_clean,379.8
ZADROO_clean,368.6
ZARLOV_clean,643.8
ZAXTAV_clean,405.2
ZAYJUG_clean,360.7
ZEBMEA_clean,367.2
ZESFUY_clean,148.2
ZEVYAC_clean,741.5
ZEXSOM_clean,330.7
ZEZPIF_clean,251.3
ZILBUT_clean,112.0
ZIQVAY_clean,354.5
ZISNEW_clean,206.4
ZISXEG_clean,4918.3
ZIVCOY_clean,97.1
ZIZTEJ_clean,399.5
ZODXAT_clean,1010.7
ZOGBAA_clean,161.7
ZOJWAY_clean,2345.9
ZOKGAJ_clean,608.5
ZOQSUV_clean,268.6
ZOQTAC_clean,265.5
ZOQTIK_clean,296.5
ZOXNAD_clean,622.0
ZULNAX_clean,802.7
ZUQBUK_clean,352.3
ZUSNOS_clean,633.6
ABAYIO_clean,741.2
ABAYOU_clean,729.6
ABESUX_clean,166.8
ABETAE_clean,161.9
ABETIN_clean,677.6
ABEXEM_clean,231.4
ABEXEN_clean,257.0
ABEXOW_clean,244.3
ABEXUC_clean,235.3
ABEYAJ_clean,234.5
ABEYEN_clean,232.0
ABEYIR_clean,231.9
ABIXOZ_clean,145.1
ABIYIV_clean,406.2
ABULOB_clean,200.7
ABUWOJ_clean,200.7
ac403674p_si_001_clean,262.6
ACAJIY_clean,361.5
ACAJIZ_clean,605.2
ACAJOF_clean,249.7
ACIBOE_clean,172.0
ACODON_clean,262.8
ACOGAB_clean,251.3
ACOGEF_clean,260.3
ACOLIP_clean,316.8
ACOLOV_clean,338.9
acs.cgd.5b01686_WAHFUJ1434675_clean,435.6
acs.cgd.6b00463_OLOMUZ1451936_clean,678.4
acs.chemmater.6b02817_cm6b02817_si_004_clean,377.1
acs.chemrev.6b00346_cr6b00346_si_001_clean,199.8
acscombsci.5b00188_24205_clean,213.5
acscombsci.5b00188_3001288_clean,64.2
acscombsci.5b00188_5020072_clean,119.7
acscombsci.5b00188_5024922_clean,94.3
acscombsci.5b00188_5036495_clean,45.7
acscombsci.5b00188_5040209_clean,150.6
acscombsci.5b00188_8372_clean,158.0
acs.inorgchem.5b02108_ic5b02108_si_002_clean,169.3
acs.inorgchem.5b02973_ic5b02973_si_002_clean,307.1
acs.inorgchem.6b00081_ic6b00081_si_001_clean,517.8
acs.inorgchem.6b00433_ic6b00433_si_002_clean,404.2
acs.inorgchem.6b00894_ic6b00894_si_002_clean,568.0
acs.inorgchem.6b01569_ic6b01569_si_002_clean,367.6
acs.inorgchem.6b01740_ic6b01740_si_002_clean,480.3
acs.inorgchem.6b02407_ic6b02407_si_002_clean,204.3
acs.inorgchem.6b02407_ic6b02407_si_003_clean,380.3
acs.inorgchem.6b02413_ic6b02413_si_002_clean,730.8
acs.inorgchem.6b02514_ic6b02514_si_002_clean,246.8
acs.inorgchem.6b02696_ic6b02696_si_002_clean,1691.1
acs.jpcc.6b08594_UiO66_Ce2Zr4_opt_clean,214.6
acs.jpcc.6b08594_Zn2Cd6MOF5_opt_clean,182.3
ACUBAB_clean,273.7
ACUFEK_clean,283.6
ACUJOZ_manual,670.1
ACUTOI_clean,376.0
ADARAA_clean,1022.6
ADASAB_charged,313.2
ADASEF_clean,192.7
ADASIJ_clean,327.5
ADASOP_clean,193.2
ADASUV_clean,192.8
ADATAC_clean,205.2
ADATEG_manual,398.7
ADATIK_clean,217.6
ADATOQ_clean,682.3
ADATUW_clean,684.4
ADAVAE_clean,683.8
ADAVEI_clean,682.0
ADAXEK_clean,229.3
ADAXIO_clean,319.4
ADIQEL_clean,286.0
ADOBAX_charged,222.9
ADOBEB_charged,225.5
ADOBOL_charged,212.1
ADOBUR_charged,230.6
ADOCEC_clean,184.9
ADODAA_charged,267.3
ADODOO_clean,213.0
ADODUU_clean,214.0
ADOGEH_clean,1291.1
ADUROI_clean,1077.4
ADUWIH_clean,434.1
ADUWON_clean,209.9
AFEJOK_ion_b,314.2
AFENEE_clean,211.9
AFIPAH_clean,212.0
AFITEP_clean,238.6
AFITUF_clean,265.7
AFIXAO_clean,471.6
AFIXES_clean,492.4
AFOTOF_clean,221.2
AFOTUL_clean,212.4
AFOVAT_clean,213.1
AFOVEX_clean,212.6
AFOVIB_clean,211.4
AFOVOH_clean,215.6
AFOYAW_clean,350.1
AFOYEB_clean,237.1
AFOYIE_clean,132.0
AFOYOK_clean,321.7
AFUKET_clean,436.6
AFUKIX_clean,361.9
AFUPEX_clean,159.7
AGABIU_clean,86.8
AGARUW_clean,198.8
AGIREP_clean,553.8
AGOFEJ_clean,337.7
AGONAM_clean,226.5
AGONEQ_clean,140.3
AGOVOJ_clean,92.3
AGUVOO_charged,456.0
AHAMAY_clean,305.8
AHEQAH_clean,156.7
AHOKIR01_clean,262.8
AHOKIR_clean,214.3
AHOKOX_clean,180.5
AJAKON_clean,323.9
AJAYIT_clean,371.0
AJIGIL_clean,620.5
AJOTEY_clean,121.9
AJOVEB_clean,434.3
AJOXAA_clean,246.0
AKEDIF_clean,245.9
AKOBAF_clean,480.2
AKOHEO_clean,215.6
AKUKUO_clean,248.0
ALAHUS_clean,402.8
ALAMUW_clean,161.8
ALANAD_clean,222.5
ALEJAE_clean,228.4
ALEJEI_clean,340.5
ALEJIM_clean,361.6
ALEQIT_clean,290.9
ALIBUT_clean,530.6
ALICAA_clean,538.5
ALIXAU_clean_h,239.4
ALIXOJ_clean,222.2
ALIXUP_clean,174.2
ALOLES_ion_b,173.8
ALOLET_charged,514.8
ALOLIX_charged,472.9
ALOLIY_clean,170.8
ALONEV_clean,363.4
ALUJEX_clean,257.5
ALUJIB_clean,253.8
ALUJOH_clean,244.6
ALUKIC_clean,163.9
ALUKOI_clean,164.9
ALUKUO_clean,162.7
ALULAV_clean,163.7
ALULEZ_clean,125.8
ALULID_clean,156.1
ALURAB_clean,395.7
ALUREF_clean,389.9
ALURIJ_clean,403.5
AMAFOK_clean,291.4
AMAGAX_clean,552.7
AMILOY_clean,421.7
AMILUE_clean,367.3
AMIMAL_clean,413.4
AMIMEP_clean,380.1
AMODUC_clean,176.9
AMOFAK_clean,159.1
AMOYOR_clean,391.9
AMUFOF_clean,239.3
AMUPOP_clean,519.1
AMUWIP_charged,337.7
AMUWUB_clean,173.6
AMUXAI_clean,207.8
ANAWIX_clean,217.0
ANAWOD_clean,274.6
ANEHEI_clean,292.0
ANENEN_clean,215.6
ANENIR_clean,227.3
ANIDIL_clean,893.6
ANOMUM_clean,168.3
ANONAT_manual,170.0
ANUGEW_clean,320.1
ANUGIA_clean,142.2
ANUGOG_clean,207.8
APACAX_clean,148.0
APARAM_clean,323.9
APAYIB_clean,315.3
APAYOH_clean,318.7
APAYUN_clean,223.4
APAZAU_clean,280.1
APAZEY_clean,282.3
APAZIC_clean,287.2
APAZOI_clean,310.9
APEBED_clean,209.4
APEBEE_clean,296.8
APEBUU_clean,435.4
APUPEH_clean,53.6
AQEQES_clean,171.6
AQEQIW_clean,170.3
AQIQAU_clean,503.4
AQIXUV_clean,463.4
AQOLEZ_clean,241.3
AQOLID_clean,1148.4
AQOLUP_clean,800.8
AQOMAW_clean,275.1
AQOMEA01_clean,805.6
AQOMEA_clean,821.2
AQUCOF_clean,290.2
AQUCOG_clean,343.3
AQUCUM_clean,343.3
AQUDAS_clean,286.1
AQUDAT_clean,309.4
AQUDEX_clean,305.2
AQUDIB_clean,341.3
AQUDOH_clean,305.7
ARADEE_clean,275.5
ARAFEF_clean,215.1
ARAFIJ_clean,215.4
ARAFOP_clean,330.3
ARAGOR_clean,313.2
ARINOF_clean,383.7
ARINUL_clean,358.4
AROFAP_clean,247.0
AROFET_clean,211.0
ARUYES_clean,256.5
ARUYUH01_clean,215.1
ARUYUH_clean,214.1
ASACON_clean,220.9
ASADAA_clean,240.5
ASAHEJ_clean,248.7
ASECUY_clean,440.6
ASEJOZ01_clean,341.7
ASEJOZ_clean,195.9
ASINAT_clean,337.7
ASINEX_clean,1515.0
ASINIB_clean,1629.2
ASIQEA_clean,245.6
ASIQIE_clean,242.3
ASIVAB_clean,190.4
ASOHUL_clean,142.9
ASOSUY_clean,248.6
ASOVEL_clean,223.0
ASOYOY_clean,361.1
ASUBIB_clean,215.0
ASUKEE01_clean,548.7
ASUKEE_clean,543.3
ASUWUI_clean,306.1
ATAFIK_clean,197.5
ATAYAX_clean,253.4
ATAYEB_clean,258.2
ATEYED_clean,180.4
ATEYOP_clean,479.1
ATEYUV_clean,485.4
ATEZAC_clean,171.7
ATIBAG_clean,208.7
ATIBOU01_clean,213.1
ATIBOU02_clean,203.8
ATIBOU_clean,217.9
ATIBUA_clean,211.3
ATICAH_clean,209.3
ATICEL_clean,209.1
ATIJUJ_manual,215.2
ATIRUS_clean,372.4
ATIXAE_clean,165.4
ATIXUX_clean,371.2
ATOGEV_clean,145.0
ATOWIQ_clean,305.3
ATOWOW_clean,215.5
ATULIM_clean,240.6
ATUXIY_clean,378.3
AVAGIP_clean,227.5
AVAGOV_clean,229.0
AVAGUB_clean,383.6
AVAJUE_clean,1232.8
AVAKAL_clean,102.4
AVAKEP_clean,147.6
AVAQIX01_clean,236.2
AVAQIX_clean,257.7
AVEHAM_clean,564.3
AVELOD_clean,461.1
AVELUJ_clean,469.3
AVEMAQ_clean,474.4
AVEQID_clean,231.8
AVESOL_clean,241.9
AVESUR_clean,218.3
AVETEC_clean,152.0
AVEVEE_clean,213.5
AVIHIY_clean,140.1
AVIHOE_clean,124.1
AVILEY_clean,394.3
AVIMIC_clean,383.2
AVIMOI_clean,440.5
AVIMUO_clean,336.6
AVIPAX_clean,216.9
AVIPOL_clean,249.7
AVITUU_clean,338.7
AVIVAC_clean,331.5
AVIVEG_clean,342.2
AVIVIK_clean,345.4
AVIVOQ_clean,354.0
AVIVUW_clean,345.3
AVOSIO_charged,631.9
AVUCEA_clean,248.1
AVUDAX_clean,438.0
AWAGEL_clean,390.2
AWAGOV_clean,576.7
AWAHEM_clean,172.0
AWAKEQ_clean,272.4
AWAREV_clean,367.1
AWARIZ_clean,361.9
AWASAU_clean,172.2
AWASEY_clean,195.7
AWASOI_clean,318.6
AWAWUR_clean,381.3
AWEDOW_charged,317.8
AWEGEP_clean,263.1
AWEJIW_clean,283.2
AWEVIJ_clean,887.0
AWEZOS01_clean,964.0
AWEZOS_clean,1020.2
AWIBAK_clean,1031.2
AWIBAL_clean,300.1
AWIBEO_clean,895.3
AWIBIS_clean,919.8
AWOFOI_clean,228.4
AWUPAL_clean,147.3
AXAFAG_clean,240.3
AXIMUP_clean,307.8
AXINAX01_clean,108.1
AXINEA_clean,481.1
AXINIF_clean,358.7
AXIPEE01_clean,149.5
AXIPEE02_clean,368.1
AXIPEE03_clean,160.0
AXIPEE_clean,149.7
AXUBAW_manual,159.5
AXUBOL_clean,289.9
AXUHAD_clean,657.9
AXUHEH_clean,474.2
AYOQEM_clean,856.7
AYOXUJ_clean,368.9
AYUJIP_clean,885.0
AZAFIS_clean,147.2
AZAVOO_clean,263.9
AZAVUU_clean,201.2
AZAWAB_clean,497.4
AZEBUE_clean,207.5
AZEWEH_clean,219.3
AZIVAI_clean,223.0
AZIXUD_clean,235.6
BACGAQ_clean,376.2
BADYAJ_clean,209.9
BAEDTA01_clean,390.4
BAFHAU_clean,77.6
BAKGIF_manual,262.5
BAKJEE_clean,207.6
BAKJII_clean,306.0
BAKJOO_clean,312.4
BAKYOE_clean,193.3
BAMKIM_clean,257.3
BAMKOS_clean,266.5
BANMAG_clean,152.9
BAPDAA_clean,293.9
BAQWIC_clean,276.9
BARZOL_charged,568.8
BARZUR_clean,324.4
BASJUB_clean,467.2
BAWROI_clean,173.9
BAWRUO_clean,157.4
BAXFIR01_clean,321.5
BAXFIR02_clean,323.9
BAXSIE_clean,210.5
BAZFUF01_clean,383.6
BAZFUF_clean,404.0
BAZGAM_clean,152.2
BAZGEQ_clean,373.1
BAZJET_clean,210.6
BAZJIX_clean,229.4
BEDYEQ_clean,183.2
BEFGEA_manual,388.6
BEFLUV_clean,187.5
BEFMAC_clean,245.5
BEJZAS_clean,152.3
BELJIL_clean,402.2
BELTOD_clean,596.8
BELTUJ_clean,593.9
BELVEV_charged,299.0
BENXUP_clean,296.3
BENZOL_clean,195.1
BENZUR_clean,191.5
BEPBAB_clean,195.8
BEPLUF_clean,157.4
BEPMAM_clean,154.3
BEPMIU_clean,154.9
BEPNIV_clean,150.4
BEPNOB_clean,150.7
BEPNUH_clean,167.9
BEPPAP_clean,153.4
BEPPIX_clean,195.0
BEPPOD_clean,189.8
BEPREV01_clean,497.2
BEPREV02_clean,489.6
BEPREV03_clean,532.6
BEPREV_clean,498.8
BEPRIZ_clean,211.8
BEPROF_clean,263.5
BEPVEZ_clean,288.5
BEPVID_clean,295.1
BEPVOJ01_clean,308.7
BEPVOJ_clean,289.0
BEPWEA_clean,218.7
BETDAH_clean,193.4
BETDEL_clean,260.0
BETDIP_clean,271.6
BETDUB_clean,188.1
BETFAJ_clean,192.6
BETFEN_clean,192.6
BETFUD_clean,193.3
BETGAK_clean,191.7
BETGEO_clean,239.0
BETGIS_clean,238.5
BETGOY_clean,228.8
BETGUE_clean,180.7
BETHEP_clean,229.6
BETHIT_clean,187.6
BETZOR_clean,341.2
BEVWAB_clean,533.8
BEWVOQ_clean,105.5
BEWWEH_clean,115.2
BEXPAX_clean,157.6
BEXQIF_clean,126.2
BEXQOL_clean,126.5
BEXQUR_clean,124.6
BEXRAY_clean,86.3
BEXREC_clean,89.5
BEXRIG_clean,92.1
BEXRUT_clean,271.5
BEXSAA_clean,241.9
BEXSEE_clean,242.4
BEXSII_clean,188.8
BEXVEH_clean,237.5
BEYKEX_clean,308.4
BEYSEF_clean,276.0
BIBXIV_clean,489.3
BIBXOB_clean,189.1
BIBXUH_clean,156.6
BICPOT_clean,577.5
BICPUA_clean,229.1
BIDPOV_clean,308.9
BIFGOO_clean,262.0
BIFKEI_clean,287.0
BIGZUO_clean,153.1
BIHBAX_clean,395.4
BIJDUV_clean,300.6
BIMDEF_clean,243.7
BIMDIL_clean,224.6
BINCUY_manual,408.5
BINDAF_manual,411.6
BINROH_clean,308.9
BINRUN_clean,300.0
BINSAU_clean,384.2
BIPLIX_clean,378.5
BIPSUQ_clean,252.3
BIQHEQ_clean,235.4
BIQVII_clean,277.0
BIRMUM_clean,335.6
BIRSEC_clean,399.1
BIRSIG_clean,396.7
BIWSEG_ion_b,42.2
BIWSIK_ion_b,415.7
BIWYAH10_clean,79.0
BIXXIR_clean,416.1
BIXYEO_clean,456.3
BIYSUZ_clean,133.8
BIYTAG_clean,148.4
BIYTOU_clean,222.7
BIYVEM_clean,149.2
BIYVIQ_clean,287.6
BIYXUE_charged,613.3
BIYYAL_charged,611.2
BIYYEP_charged,794.3
BIZLUT_clean,549.0
BIZMAA_clean,532.8
BIZMEE_clean,541.3
BIZMII_clean,538.8
BOCKOT_clean,229.1
BOHJOZ_auto,195.6
BOJCIN_clean,417.1
BOKQEZ_clean,274.7
BOLPAU_clean,328.8
BOLZIN_clean,348.4
BOMCOX_clean,440.5
BOPHIZ_clean,228.0
BOVHEB_clean,428.5
BOWDIC_clean,380.1
BOWNUY_clean,189.7
BOWRAH_clean,488.0
BOWZUK_clean,148.5
BOXFOK_clean,585.0
BOXYIY_clean,176.6
BOYCEY_auto,272.8
BOYTEQ_clean,305.7
BOYYOF_clean,370.7
BOZFIH_clean,463.0
BOZFON_clean,387.7
BUBQOE_clean,253.0
BUBTUP_clean,379.5
BUCSEY_clean,295.7
BUCVAY_clean,499.6
BUCWAZ_clean,205.9
BUFNEW_charged,822.2
BUFNOG_charged,786.5
BUGSAY_clean,365.1
BUGSEC_clean,365.3
BUGSIG_clean,362.4
BUGSOM_clean,356.5
BUKMUQ01_clean,108.6
BUKRUW01_clean,248.5
BUKRUW02_clean,222.5
BUKRUW03_clean,209.7
BUKYAJ_clean,282.6
BULBER_clean,305.0
BUNKUS_clean,231.5
BUNLAZ_clean,195.9
BUPVEP_clean,218.5
BUQWER_clean,336.2
BURJOO_clean,240.9
BURQIQ_clean,429.4
BUSNAF_clean,301.1
BUSQEM_clean,204.5
BUSQIQ_clean,416.5
BUSRUE_clean,296.0
BUVHEH_clean,201.9
BUVWOF02_clean,349.2
BUVWOF03_clean,282.0
BUVXOG_clean,357.7
BUVYEX_clean,263.8
BUVYIB01_clean,215.7
BUVYIB_clean,211.3
BUWLUC_clean,242.5
BUWMAJ_clean,193.6
BUWMEN_clean,183.4
BUWMIR_clean,175.6
BUXNOZ_clean,351.3
BUXTOF_clean,529.7
BUXZAX_clean,178.0
BUYNAL_charged,308.4
c4ce00408f_c4ce00408f2_clean,845.4
c4dt03702b_c4dt03702b2_clean,158.4
c5cc04223b_c5cc04223b2_clean,171.7
c5cc09432a_c5cc09432a2_clean,395.0
c5cc10203k_c5cc10203k2_clean,268.2
c5ce00862j_c5ce00862j2_clean,338.1
c5ce01948f_c5ce01948f2_clean,281.5
c5ce02194d_c5ce02194d2_clean,391.7
c5cp03920g_c5cp03920g2_clean,194.5
c5dt03091a_c5dt03091a2_clean,200.0
c5gc02393a_c5gc02393a2_clean,314.2
c5nj01930c_c5nj01930c2_clean,332.9
c5nj02634b_c5nj02634b2_clean,567.8
c5sc03494a_c5sc03494a2_clean,281.6
c5ta04989j_c5ta04989j2_clean,266.7
c6cc00862c_c6cc00862c2_clean,340.2
c6cc02494g_c6cc02494g1_clean,316.1
c6cc02494g_c6cc02494g3_clean,329.4
c6cc02494g_c6cc02494g4_clean,316.7
c6cc02494g_c6cc02494g5_clean,285.3
c6cc02494g_c6cc02494g6_clean,315.8
c6ce00126b_c6ce00126b2_clean,281.6
c6ce00141f_c6ce00141f2_clean,484.9
c6ce00407e_c6ce00407e1_clean,215.0
c6ce00407e_c6ce00407e2_clean,223.8
c6ce00407e_c6ce00407e3_clean,161.2
c6ce00407e_c6ce00407e4_clean,599.9
c6ce00407e_c6ce00407e7_clean,307.1
c6ce00407e_c6ce00407e8_clean,170.3
c6ce00407e_c6ce00407e9_clean,75.7
c6dt03852b_c6dt03852b2_clean,118.6
c6dt04165e_c6dt04165e2_clean,197.7
c6ta00429f_c6ta00429f2_clean,1068.7
CABJOH_clean,198.6
CACBUG_clean,213.8
CADPII_clean,327.3
CADQAB_clean,184.9
CADQOP_clean,174.6
CADZIT_clean,429.3
CAGSAG_clean,279.2
CAGXIU_clean,274.6
CAJQEL_clean,176.7
CAJQIP_clean,137.1
CAJWIV_ion_b,297.8
CANRIU_clean,314.8
CANROA_clean,307.7
CANRUG_clean,452.0
CANYIB_clean,366.9
CAPLOX_clean,208.0
CAQCAZ_clean,243.4
CARGEI_clean,96.4
CASTEW_clean,242.6
CAVMOD_clean,375.9
CAVNOE_clean,226.4
CAVPEW_manual,528.8
CAVPIA_manual,524.3
CAVPUM_manual,538.8
CAVRAU_clean,322.5
CAVREY_clean,326.2
CAVSUP_clean,172.9
CAVVUS_clean,201.1
CAWDOU02_clean,233.9
CAWDOU_charged,276.0
CAWVIH_SL,347.1
CAXTAY_clean,206.2
CAXTEC_clean,258.0
CAXVII_clean,189.1
CAXVOO_clean,191.8
CAXVUU_clean,185.6
CAXWAB_clean,181.4
CAXWEF_clean,182.4
CAXWIJ_clean,182.9
CAXXEG_clean,445.7
CAXZOS_clean,861.0
CAXZUY_clean,703.0
CAYCAI_clean,212.9
CAYDEN_clean,248.2
CAYDIR_clean,258.8
CAYDUD_clean,244.6
CAYKEU_clean,296.1
CAYMIZ_clean,292.3
CAYQAV_clean,347.7
CAYSIE_clean,302.3
CAYSOK_clean,232.0
CAYYEG_clean,297.3
CAZGIT_clean,469.2
CAZNEY_clean,232.4
CAZNOI_charged,152.5
CAZNUO_charged,151.5
CEBDOD_clean,282.2
CECVAI_clean,395.6
CEDFIC_clean,251.9
CEGDUO_clean,303.5
CEGFAW_clean,363.6
CEGWER_clean,292.6
CEHLAD_clean,274.8
CEJBEA_clean,319.2
CEJCAW_clean,210.3
CEJZAU_clean,410.3
CEKHIL_clean,138.5
CEKROB_clean,269.2
CELZEA_clean,217.9
CEMYUQ_clean,125.6
CENJIQ_clean,209.7
CENKAJ_clean,206.9
CENPUI_clean,395.3
CEQBUV_charged,297.7
CETFOX_clean,202.6
CETFUD_clean,303.4
CETGOY_clean,414.4
CETHEQ_clean,164.4
CETJAN_clean_h,459.4
CETNUL_clean,387.6
CEXHET_clean,446.0
CEXHOD_clean,509.9
CEXJOF_clean,1201.2
CEXSEE_charged,455.8
CEYPUT01_clean,276.5
CEYPUT_clean,272.8
CEZFIY_clean,448.5
cg034025wsi20030214_115651_clean,265.4
cg060732osi20070605_042406_clean,176.9
cg200332y_si_002_clean,184.2
cg200606r_si_001_clean,189.2
cg300302n_si_004_clean,154.0
cg300827e_si_003_clean,866.1
cg301577a_si_002_clean,180.3
cg301725z_si_004_clean,205.5
cg400449c_si_001_clean,226.2
cg401858s_si_002_clean,302.8
cg401887b_si_003_clean,270.9
cg401887b_si_004_clean,272.7
cg500033b_si_002_clean,508.5
cg500033b_si_003_clean,510.5
cg500091k_si_002_clean,260.1
cg500121f_si_004_clean,223.2
cg500149s_si_002_clean,385.6
cg500192d_si_003_clean,160.4
cg501012e_si_002_clean,290.7
cg5010616_si_003_clean,262.9
cg5010616_si_007_clean,257.9
cg501141m_si_002_clean,550.5
cg501231v_si_001_clean,703.9
cg5012617_si_002_clean,389.4
cg501279y_si_002_clean,380.0
cg501332u_si_002_clean,267.5
cg501560z_si_002_clean,341.2
cg501560z_si_003_clean,71.0
cg501730q_si_002_clean,310.1
cg800424t_si_002_clean,315.3
cg8013317_si_003_clean,400.1
cg900153m_si_001_clean,460.3
cg901114e_si_002_clean,241.1
cg901128k_si_004_clean,342.5
cg901312t_si_002_clean,1079.7
CIDKUX_clean,169.0
CIFDOM_clean,287.9
CIFDUS_clean,293.3
CIFJAE_clean,208.7
CIFLUA_clean,399.2
CIFMAH_clean,320.0
CIFMEL_clean,74.5
CIFMIP_clean,254.6
CIGDUT_clean,272.8
CIGFAB_clean,256.3
CIGFEF_clean,198.1
CIGXIA_manual,1654.1
CIJVOH01_clean,147.9
CIJVOH_clean,146.6
CIMTAV_charged,1066.5
CIMTEZ_charged,1020.2
CIPCUB_clean,360.3
CIRTUU_clean,442.9
CISLUN_clean,195.0
CISXEJ_clean,459.2
CITZIP_manual,227.9
CIVTEH_clean,339.8
CIWREG_clean,424.2
CIWRIK_clean,402.7
CIWROQ_clean,428.8
CIWRUW_clean,460.9
CIWSAD_clean,421.5
CIWYUD_clean,208.0
CIWZEP_clean,714.3
CIWZIT_clean,715.3
CIXBUH_clean,422.5
CIXCAO_clean,435.3
CIYZUG_clean,271.8
CIZMIJ_clean,206.4
CIZPOS_clean,301.3
cm1008587_si_003_clean,204.3
cm202876r_si_002_clean,416.0
cm301726k_si_004_clean,278.3
cm303749m_si_001_clean,120.3
cm303749m_si_002_clean,113.4
cm500700z_si_002_clean,313.9
cm500700z_si_003_clean,696.9
cm501138g_si_002_clean,175.2
cm501138g_si_005_clean,176.4
cm501138g_si_006_clean,175.0
cm501138g_si_008_clean,174.6
cm501138g_si_009_clean,174.2
cm501138g_si_010_clean,175.7
cm501138g_si_011_clean,175.3
cm501138g_si_012_clean,176.7
cm503311x_alf100K_clean,205.8
cm503311x_alf11K_clean,199.9
cm503311x_alf125K_clean,202.8
cm503311x_alf150K_clean,203.9
cm503311x_alf175K_clean,163.0
cm503311x_alf200K_clean,163.1
cm503311x_alf225K_clean,164.7
cm503311x_alf250K_clean,166.4
cm503311x_alf275K_clean,162.6
cm503311x_alf290K_clean,163.1
cm503311x_alf300K_clean,163.9
cm503311x_alf325K_clean,165.6
cm503311x_alf350K_clean,162.8
cm503311x_alf375K_clean,165.2
cm503311x_alf400K_clean,166.6
cm503311x_alf40K_clean,202.8
cm503311x_alf425K_clean,162.4
cm503311x_alf475K_clean,163.6
cm503311x_alf500K_clean,162.8
cm503311x_alf70K_clean,200.7
cm503311x_aloh150K_clean,164.7
cm503311x_aloh175K_clean,164.8
cm503311x_aloh200K_clean,164.5
cm503311x_aloh225K_clean,164.7
cm503311x_aloh250K_clean,163.2
cm503311x_aloh275K_clean,165.6
cm503311x_aloh300K_clean,163.1
cm503311x_aloh325K_clean,162.4
cm503311x_aloh350K_clean,163.4
cm503311x_aloh375K_clean,163.3
cm503311x_aloh400K_clean,163.4
cm503311x_aloh425K_clean,164.7
cm503311x_aloh450K_clean,163.7
cm503311x_aloh475K_clean,164.4
cm503311x_aloh500K_clean,169.0
cm503311x_F-mil-53-Al-lp-mono_clean,305.2
cm503311x_F-mil-53-Al-lp-ortho_clean,247.3
cm503311x_OH-mil-53-Al-lp-ortho_clean,263.7
cm504350q_si_002_clean,1167.1
cm901983a_si_001_clean,1719.2
COBWEV_clean,174.9
COCMAJ_clean,345.8
COCMOY_clean,232.5
COCMUE_clean,570.8
COCNAL_clean,326.2
COCNEP_clean,619.9
CODFEH_clean,192.7
CODMUF_clean,202.1
CODNAM_clean,180.9
CODROD_clean,303.2
CODRUJ_clean,293.4
CODSUL_clean,509.7
COGNAO_clean,756.9
COJGEO_clean,277.3
COJHIT_clean,217.9
COKFAK_clean,359.5
COKMEW_clean,358.3
COKMIA_clean,351.5
COKMOG_clean,347.6
COKMUM_clean,285.0
COKNAT_clean,365.3
COKPEZ_clean,350.7
COKPID_clean,358.9
COKPOJ_clean,353.6
COKPUP_clean,360.9
COKQAW_clean,320.6
COKQEA_clean,357.0
COKQIE_clean,363.4
COKQOK_clean,351.1
COKROL_clean,337.8
COKRUR_clean,1163.1
COMDOY_clean,255.7
COPXOV_clean,700.2
COQGAS_clean,337.5
COQHUN_clean,403.9
COQLAX_clean,1574.6
COQNIF_clean,188.6
COQTEJ_clean,175.4
CORZIU_clean,230.5
COSMII_clean,174.1
COTVOY_clean,219.0
COTVUE_clean,222.1
COTXEQ_clean,289.4
COTXIU_clean,293.1
COTXOA_clean,296.0
COTYIV_clean,524.3
COVPAG_clean,298.8
COWBEX_clean,399.3
COWMAD_clean,195.6
COWMEH_clean,193.7
COWMIL_clean,195.8
COWMOR_clean,193.6
COWMUX_clean,193.7
COXHED_clean,65.3
COXHIH_clean,64.4
COXHON_clean,69.9
COXXIX_clean,103.7
COYCEZ_clean,353.3
COYCID_clean,205.8
COZMUA_clean,175.9
CUBHOY_clean,315.5
CUCKIV_charged,181.8
CUCSAU_clean,271.8
CUCTAX_clean,264.3
CUFDUD_clean,263.4
CUFFAL_clean,258.9
CUFFEP_clean,243.6
CUFGIV_clean,276.2
CUFGOB_clean,123.8
CUFGUH_clean,126.4
CUGVUW_clean,349.3
CUGXAF_clean,916.4
CUGYOU_clean,118.6
CUGYUA_clean,180.0
CUIMDZ01_clean_h,270.4
CUKXIR_clean,195.3
CUKXOW_clean,193.3
CUKXUC_clean,187.5
CUKYAJ_clean,187.5
CUKZOY_clean,436.1
CUMDEU_clean,161.2
CUMDIY_clean,309.8
CUMDOE_clean,235.3
CUMDUK_clean,259.5
CUMJEB_clean,448.8
CUMLUT_clean,218.2
CUMQOQ_clean,196.9
CUNFOH01_clean,147.5
CUNFOH_clean,137.4
CUNQOT_clean,155.3
CUNQUZ_clean,136.7
CUNWEO_clean,388.6
CUPHUS_clean,203.4
CUQKOQ_clean,179.4
CUQRIR_clean,298.5
CUQROX_clean,233.1
CUQSAK_clean,896.7
CUQTAL_clean,243.7
CUQXUI_clean,284.2
CURBOH_clean,160.1
CURQEN_clean,389.8
CURYOE01_clean,636.8
CURZEV_clean,302.6
CUSDIE_charged,192.5
CUSYAR_clean,952.6
CUSYIA_clean,237.4
CUSZEX_clean,225.7
CUSZIB_clean,146.5
CUTBEA_clean,162.4
CUTBIE_clean,157.9
CUTFON_charged,774.1
CUTFUT_charged,668.6
CUTGEF_clean,193.7
CUVGIK_clean,299.4
CUVGOQ_clean,283.3
CUVHEH_clean,152.9
CUVHIL01_clean,182.4
CUVHIL02_clean_h,196.3
CUVHIL_clean_h,198.4
CUVTUJ_clean,178.4
CUVXAT_clean,421.8
CUWNIT_clean,324.0
CUWNOZ_clean,344.7
CUWTUL_clean,224.4
CUWVAT_clean,191.6
CUWVIB_clean,242.4
CUWWEY_clean,251.2
CUWXID_clean,123.6
CUWXOJ_clean,366.8
CUWXUP_clean,337.9
CUWYAW_clean,189.1
CUWZAX_clean,188.1
CUWZIF_clean,246.6
CUXFIL_clean,393.2
CUXJAI_clean,153.3
CUXJEM_clean,233.6
CUXLEO_clean,233.9
CUYWUP_clean,324.8
CUYYAX_clean,374.6
CUYYEB_clean,390.7
DABFIX_clean,990.9
DABMUR_clean,184.7
DACFAR_clean,443.7
DACYUE_clean,185.9
DACZUF_clean,292.9
DADLEC_clean,355.2
DADLIG_clean,430.1
DADLOM_clean,252.9
DADNII_clean,187.8
DADNOO_clean,191.8
DADNUU_clean,189.1
DADPAC_clean,189.5
DADPEG_clean,192.4
DAFJOM_clean,197.4
DAFSOV_clean,296.4
DAFYAN_clean,174.2
DAFYOB_clean,114.8
DAGDIZ_clean,283.3
DAGDUL_clean,450.3
DAGJED_clean,277.4
DAHNOQ_clean,119.7
DAHNUW_clean,187.1
DAHPAE_clean,160.3
DAKVIW_clean,174.4
DAKVOC_clean,355.9
DAKVUI_clean,344.8
DAKZUN_clean,243.9
DALSUH_clean,197.5
DALTAO_clean,196.2
DALVAQ_clean,148.7
DALVIY_clean,503.0
DAMDUT_clean,200.5
DAMYOI_clean,248.3
DAMYUO_clean,245.0
DAMZEZ_clean,353.1
DANFUW_clean,786.4
DANZAV_charged,151.3
DANZEZ_charged,160.7
DANZID_charged,154.1
DAPBED_clean,659.6
DAPBIH_neutral,193.8
DAPHOU_clean,465.5
DAPXID_ion_b,149.6
DAPYAW_clean,384.9
DARBUU_clean,92.6
DARSEV_SL,237.3
DATHAJ_clean,418.8
DATPIY_clean,199.4
DAWBIO_clean,332.0
DAWBOU_clean,329.6
DAWBUA_clean,354.6
DAWCAH_clean,340.7
DAWCIP_clean,345.4
DAWCOV_clean,253.9
DAWDAI_clean,404.5
DAWWAB_clean,363.5
DAWWEF_clean,302.8
DAXHIV01_clean,212.5
DAXHIV_clean,215.9
DAXHUH01_clean,213.0
DAXHUH_clean,216.2
DEBGIA_clean,290.2
DEBWAK_clean,349.7
DEFKUU_clean,242.0
DEFRIR_clean,232.9
DEGJIK_clean,265.3
DEGPEL_charged,212.9
DEJCIF_clean,183.4
DEJJIN_clean,185.6
DEJRUH_clean,253.8
DEKHEH_clean,363.7
DEKHUX_clean,240.3
DELGEI_manual,136.4
DEPSEW_clean,300.6
DEPTOH_clean,244.7
DEPXAY_clean,213.2
DEPXIG_clean,278.2
DEPXOM_clean,223.7
DEQFOU_clean,289.9
DEQVIF_clean,361.2
DEWQUS_clean,368.5
DEWRIH_clean,336.0
DEYJIC_clean,257.1
DEYJOI_clean,260.8
DEYLUQ_clean,273.2
DEYNIG_clean,161.2
DEZKAW_clean,152.6
DIBJEF_clean,748.2
DIBJIJ_clean,627.4
DIBPAH_clean,430.7
DIBQEM_clean,420.6
DIBQIQ_clean,329.6
DIBQOW_clean,326.0
DIBQUC_clean,301.7
DICKEH_clean,146.3
DICVAO_clean,448.0
DICVES_clean,452.0
DICVIW_clean,447.1
DIDBAV_clean,410.8
DIDBEZ_clean,406.0
DIDDOK_clean,154.6
DIHVIB01_clean,635.3
DIHVIB_clean,656.5
DIKJUD_clean,283.3
DINNIZ_clean,457.2
DIPMAS_clean,231.4
DIRPIF_clean,232.7
DITJIB_clean,186.8
DITJOH_clean,183.4
DITTEH_clean,267.3
DITXOU_clean,173.4
DITYEM_clean,189.6
DITYOW_clean,372.9
DIVGIA_clean,773.2
DIVPUU_clean,169.8
DIVSUY_clean,319.6
DIWMON_clean,384.8
DIWNAA_clean,185.7
DIXKOL_clean,227.2
DIYKAZ_clean,342.1
DIYKED_clean,251.2
DIYTEM_clean,399.5
DOCKOW_clean,297.6
DODMIT_clean,291.2
DOGMET_clean,471.9
DOHNUL_clean,286.8
DOKDEN_clean,284.5
DOKHIV_clean,282.7
DOLRAZ_clean,366.8
DOLXOR01_clean,49.0
DOLXOR02_clean,49.0
DOLXOR_clean,48.9
DOMCUE_clean,347.5
DOMDAL_clean,119.3
DOMFUI_clean,376.7
DOMKEX_clean,277.1
DONKIC_clean,338.2
DONKOI_clean,323.2
DONKUO_clean,310.5
DONNAW01_SL,197.5
DONNAW_clean,195.2
DONNEA_clean,210.5
DONNIE_clean,199.8
DONXUB_clean,306.2
DOPHOH_clean,809.0
DOPHUN_clean,762.8
DOPJAV_clean,373.5
DORFAS_clean,328.9
DORFOG_clean,219.4
DORFUM_clean,364.4
DORYUG_clean,504.8
DOTTEM_clean,194.6
DOTTUC_charged,446.0
DOTYES_clean,771.5
DOYBAV_clean,411.9
DOYBEA_clean,251.4
DOYBUQ01_clean,153.4
DOYBUQ_clean,147.9
DOYHOQ_clean,211.2
DOYHUW_clean,276.8
DOYLEI_clean,177.6
DOZCEC_clean,140.2
DOZKIO_clean,174.9
DUBBEI_clean,192.8
DUBJUH_clean,360.0
DUBKAO_clean,357.6
DUBWON_clean,242.4
DUDKEU_clean,393.5
DUDKOE_clean,220.2
DUDKUK_clean,128.7
DUFGOB_clean,213.9
DUFKAS_clean,377.0
DUGMOJ_clean,460.9
DUHXIP_clean,566.6
DUJRAD_clean,187.1
DUKNII_clean,717.9
DUMXEQ01_clean,287.5
DUMXEQ_clean,296.9
DUMXIU_clean,276.8
DUNJON_clean,339.8
DUNXUH01_clean,249.7
DUNXUH02_clean,249.6
DUNXUH03_clean,250.2
DUNXUH04_clean,242.4
DUNXUH05_clean,252.7
DUNXUH06_clean,235.8
DUNXUH12_clean,250.1
DUNXUH13_clean,250.9
DUNXUH14_clean,253.9
DUNXUH15_clean,250.1
DUNXUH21_clean,249.5
DUNXUH_clean,254.2
DUPJAB_clean,448.3
DUPKAC_clean,1036.7
DUPVER_clean,210.6
DUQSEO_clean,186.5
DUQYEU01_clean,169.8
DUQYEU_clean,179.4
DURDAX_clean,191.3
DURDIF_clean,128.5
DUTKAG_clean,302.6
DUVNIS01_charged,561.4
DUVNIS_charged,491.7
DUWBEE_clean,237.6
DUWFOS_clean,236.3
DUWGEJ_clean,217.4
DUWROE_clean,269.1
DUWRUK_clean,204.9
DUWSAR_clean,209.1
DUXKUD_clean,328.6
DUXMAL_clean,281.3
DUYJIS_clean,399.5
DUYRAR_clean,348.8
DUYREV_clean,345.9
DUYRIZ_clean,381.7
DUYROF_clean,363.8
DUYVEA_clean,174.4
DUZPUL_clean,173.0
DUZWOM_clean,238.0
EBAMUS_clean,791.9
EBATUY_clean,213.5
EBATUZ_clean,248.9
EBAVAH_auto,237.8
EBAVIP_clean,744.2
EBAVOV_clean,709.1
EBAVUB_clean,713.5
EBELUU_clean,257.3
EBEMEE_clean,395.9
EBEMEF_clean,100.2
EBEMII_clean,441.7
EBEWIT_clean,143.6
EBEXAM_clean,145.5
EBEXEQ01_clean,146.8
EBEXEQ_clean,151.5
EBIDOK_ion_b,540.8
EBIHII_clean,220.8
EBIJAC_clean,373.4
EBIMEJ_clean,303.7
EBIPOX_clean,161.2
EBIZUN_clean,319.2
EBOBIJ_clean,351.0
EBOCOQ_clean,250.7
EBOJOV_clean,256.5
EBUQIB_clean,572.0
EBUREA_clean,231.8
ECAFOG_clean,341.8
ECAHAT_clean,329.0
ECAHEX_clean,305.8
ECAHOH_clean,298.1
ECASAD_clean,220.8
ECEDAU_clean,213.1
ECEDEY_clean,276.1
ECEZAO01_clean,249.9
ECIWIW_clean,703.3
ECIWOC_clean,681.4
ECODEG_clean,261.4
ECODIK_clean,239.6
ECOGEI_clean,391.7
ECOKAJ_clean,61.2
ECOLEP_clean,91.6
ECOLOX_clean,109.7
ECUDIR_charged,217.6
ECUDOX_clean,209.1
ECUFAL_charged,164.4
ECUFEP_charged,180.0
ECUGEQ_clean,172.1
EDADIX_clean,216.2
EDAFUM_clean,216.6
EDAGAT_clean,219.9
EDAGEX_clean,215.2
EDAPIK_clean_h,304.8
EDATOT_clean,136.7
EDAVOV_clean,333.6
EDECOG_clean,193.0
EDEPAG_clean,219.5
EDIKIL_clean,188.3
EDOMAM_clean,195.0
EDORIY_charged,647.4
EDUSIF_clean,98.3
EDUSUR_clean,421.7
EDUTIG_clean,645.6
EDUVOO_clean,187.6
EFAYEQ_clean_h,136.6
EFAYIU_clean,102.9
EFEGOM_clean,315.7
EFESEP_clean,685.3
EFESOZ_clean,680.1
EFIMOV_clean,293.2
EFOSUO_clean,101.9
EFOTAV_clean,88.0
EFOTEZ_clean,82.4
EFOTID_clean,89.4
EGATAI_clean,90.4
EGATEM_clean,376.7
EGATIQ_clean,373.5
EGATOW_clean,198.8
EGEHOO_charged,473.3
EGEJIK_manual,141.0
EGELUY01_manual,212.2
EGELUY_SL,203.0
EGIFUV_clean,685.9
EGOXII_clean,274.0
EGOZAB_clean,371.2
EHAFEA_clean,200.8
EHAFIE_clean,198.3
EHAFOK_clean,198.1
EHAFUQ_clean,199.7
EHAGAX_clean,194.4
EHAGEB_clean,196.5
EHAGIF_clean,195.0
EHAGOL_clean,196.8
EHAGUR_clean,199.2
EHALOP_manual,217.7
EHEKUY_clean,444.4
EHIPOC_clean,207.2
EHODOV_SL,542.6
EJAXIW_clean,271.0
EJETAQ_clean,201.9
EJIDUW02_clean,270.6
EJONOH_clean,247.7
EJOQOL_clean,540.0
EJOQUR_clean,250.5
EJORAY_clean,213.9
EJOZOU_clean,492.4
EKEQIV_clean,330.2
EKETOF_clean,460.0
EKETUL_clean,454.5
EKEVAT_clean,456.2
EKIDEH_clean,216.6
EKIDIL_clean,212.7
EKOKIA_clean,225.7
EKOPEA_clean,195.4
EKOPIE_clean,209.0
EKOPOK_clean,311.4
EKOPUQ_clean,241.6
EKUPEG_clean,711.5
ELELEN_clean,392.2
ELEREU_clean,1495.2
ELERIY_clean,353.4
ELIJOZ_clean,257.6
ELIJUF_clean,251.5
ELIKAM_clean,250.5
ELIKEQ_clean,261.0
ELIKIU_clean,243.3
ELIKOA_clean,247.9
ELIKUG_clean,315.1
ELILAN_clean,241.2
ELILER_clean,252.1
ELILIV_clean,249.4
ELOGUJ_clean,451.8
ELOHOE_clean,432.9
ELOZEK_clean,158.6
ELUJAY_clean,417.0
ELUJEC_clean,431.1
ELUZES_clean,116.1
EMAGAB_clean,281.2
EMAMOW_clean,382.7
EMAMUC_clean,324.8
EMAPAK_clean,228.8
EMIFOW_clean,157.8
EMIGAJ_charged,306.4
EMIGEN_charged,234.2
EMIGIR_charged,170.8
EMIGOX_clean,204.1
EMIGUD_charged,229.4
EMIHEO_charged,157.4
EMIYUW_clean,194.8
EMIZAD_clean,162.7
EMOHIZ_clean,310.7
EMUBIZ_clean,165.0
EMUBOF_clean,218.4
ENAFAB_clean,373.3
ENAFOP_ion_b,396.3
ENANIS_clean,270.6
ENESOH_clean,391.1
ENESUN_clean,396.7
ENIHUG01_clean,425.8
ENIHUG_clean,451.3
ENISOK_clean,232.1
ENISUQ_clean,324.2
ENITAX_clean,185.8
ENITEB_clean,316.7
ENITIF_clean,433.9
ENITOL_clean,345.5
ENIXUV_clean,463.7
ENOSAD_clean,332.2
ENOVAG_clean,180.8
EPAGEJ_clean,426.3
EPECEJ_clean,469.3
EPEWAY_clean,397.6
EPEWEC_clean,376.3
EPEXUU_clean,589.1
EPEYAB_clean,555.3
EPISOM_clean,182.5
EPONAA_clean,79.3
EPONEE_clean,50.1
EPOPEG_clean,318.9
EPOTAF_clean,93.3
EPOXAJ_clean,164.8
EQAMUG_clean,374.6
EQERAU_clean,348.4
EQEREY_clean,251.9
EQERIC_clean,261.1
EQETAX_clean,216.0
EQOXIT_clean,260.9
EQUBIC_clean,236.0
EQUBOI_clean,236.0
EQUBUO_clean,231.6
EQUNEL_clean,378.0
EQUNIP_clean,343.5
ERAHOV_clean,145.8
ERALUG_clean,244.0
ERAMAN_clean,266.6
ERAMER_clean,231.4
EREFEN01_SL,440.7
EREGOY_clean,246.9
ERELIX_clean,297.6
ERIGER_clean,497.2
ERIRIG_auto,151.7
ERIWAF_clean,281.9
EROCIZ_clean,586.7
ERUFUS_clean,178.4
ERULEK_clean,526.7
ERUNOW_clean,503.8
ESANET_clean,474.1
ESAROH_clean,348.5
ESARUN_clean,364.9
ESASAU_clean,653.5
ESASEY_clean,576.2
ESEDIQ_clean,250.7
ESEHIV_clean,310.7
ESEQUO_clean,204.8
ESEVIH_clean,219.6
ESIDOB_clean,259.5
ESIFET_clean,325.6
ESIGES01_clean,259.8
ESIGES02_clean,333.8
ESIGES_clean,316.5
ESURER01_clean,277.3
ESURER02_clean,274.0
ESURER03_clean,271.4
ESURER04_clean,276.4
ESURER_clean,281.1
ESUSAO01_clean,211.4
ESUSAO_clean,211.0
ESUSIW_clean,274.9
ESUSOC01_clean,206.0
ESUSOC02_clean,206.1
ESUSOC_clean,216.6
ESUTAP_clean,189.3
ESUTIX_clean,236.8
ESUVAR01_clean,217.7
ESUVAR_clean,212.7
ESUVOF_clean,273.1
ETAXUT_clean,520.0
ETECIR_clean,288.6
ETECOX_clean,238.0
ETEJIX01_clean,160.0
ETEJIX_clean,167.3
ETEJOD01_clean,164.5
ETEJOD_clean,178.4
ETEJUJ_clean,176.8
ETEKAQ01_manual,184.2
ETEKAQ_clean,177.9
ETEKEU_clean,175.3
ETEPID_clean,1528.9
ETEQUQ_clean,217.0
ETESIG_clean,343.6
ETEXEI01_clean,198.4
ETEXEI_clean,199.1
ETIXIQ_clean,302.6
ETUWEW_clean,168.6
ETUWIA_clean,166.7
ETUXEW_clean,166.8
EVADIQ_clean,295.8
EVAKIV_clean,667.2
EVAKOB_charged,348.2
EVEGIV_clean,798.1
EVEGOB_clean,159.4
EVEGUH_clean,159.8
EVIMUT_clean,283.7
EVUDAA_clean,320.0
EVUPOC_clean,208.8
EVUQOC_clean,200.8
EVUQUI_clean,265.0
EVURAP_clean,265.5
EWASIG01_clean,190.9
EWASIG_clean,188.5
EWECOY_clean,160.3
EWESAC_clean,329.1
EWETUW_clean,317.5
EWEWUZ_charged,307.0
EWIPIL_clean,247.4
EWUCOP_clean,258.7
EWUGEK_clean,274.1
EWUKAK_clean,238.8
EWUKEO_clean,197.2
EWUKIS_clean,201.7
EWUSOF_clean,186.5
EWUSUL_clean,180.1
EWUTEW_clean,346.8
EXALAR_clean,266.2
EXALIZ_clean,334.5
EXAPEA_clean,186.7
EXAXAE01_clean,159.9
EXAXAE_clean,164.3
EXEMUR_clean,227.5
EXENAX_clean,272.4
EXEQAA_clean,316.0
EXEQII_SL,230.2
EXEWIO_clean,572.3
EXEXAH_clean,189.5
EXIDOF_clean,161.1
EXOFIH_clean,233.4
EXOTOB_clean,494.3
EXOTUH_SL,292.5
EXOZIB_clean,220.3
EXUHEM_clean,289.9
EXUHUC_clean,380.1
EYACOX_clean,202.4
EYINOR_clean,227.8
EYIYES_clean,231.8
EYOCIG_clean,230.4
EYOCOM_clean,232.0
EYULOA_clean,329.6
EYUWAW_clean_h,291.4
EZABEN_clean,201.2
EZEQEH_clean,341.7
EZEQIL_clean,334.1
EZEQOR_clean,338.8
EZEQUX_clean,351.5
EZESAF_clean,325.2
EZIPEK_clean,419.1
EZITUE_clean,763.0
EZIVAM_clean,462.6
EZOBUR02_clean,326.0
EZOBUR_clean,308.8
EZOFEF_clean,294.0
EZUCIM_clean,236.9
EZULAO_clean,182.1
FABCUI_clean,588.4
FABGUM_clean,209.9
FAFDEX_clean,284.4
FAFMAC_clean,229.8
FAFQEJ01_clean,184.1
FAGMAE_clean,660.4
FAGMEI_clean,696.5
FAGMOS_clean,672.2
FAGQAI_clean,225.2
FAGREM_clean,202.6
FAGXIX_clean,440.1
FAHGAY_clean,238.0
FAHPOV_clean,280.7
FAHQIQ_clean,851.7
FAHQIR_clean,587.5
FAJYAS_clean,421.8
FAJZOI_clean,463.8
FAKLIO_clean,183.9
FAKLOU_clean,178.6
FAKLUA_clean,176.4
FAKMAH_clean,255.8
FAKNIR_clean,150.6
FALBAX_manual,1467.9
FALDAA_clean,243.6
FALLOT_clean,103.3
FALPOY_clean,212.4
FALVOF_clean,294.2
FAMPUH_clean,163.9
FAMQAO_clean,166.9
FAMQES_clean,164.3
FANCIJ_clean,267.0
FANCOP_clean,280.1
FANDEG_clean,288.8
FANQER_clean,154.6
FAPXEC_clean,161.9
FAPXIG_clean,154.0
FAPXOM_clean,155.4
FAQGEL_clean,285.9
FAQGIP_clean,284.3
FAQLUH_clean,161.7
FARBIL_clean,237.3
FARFIO_clean,158.9
FARFOU_clean,161.5
FARFUA_clean,162.3
FARHIR_ion_b,300.9
FARHOX_ion_b,507.0
FASHAK_clean,207.0
FASHOX_clean,143.4
FASVIH_clean,190.4
FASYUU_charged,568.9
FATKAO_clean,311.7
FATKES_clean,314.6
FATKIV_clean,619.8
FATKIW_clean,311.5
FATKOC_clean,312.9
FATKUI_clean,310.4
FATLUJ_clean,402.2
FATQID_clean,133.0
FATVOM_clean,298.9
FAVFUG_clean,727.2
FAVGAN_clean,400.9
FAVGER_clean,412.0
FAVGIV_clean,362.2
FAVGOB_clean,365.6
FAVGUH_clean,370.6
FAVHAO_clean,365.8
FAVHES_clean,358.1
FAVHIW_clean,363.0
FAVKAP_clean,109.1
FAWCEN02_SL,243.4
FAYPAY_clean,392.3
FAYPEC_clean,490.3
FAYPIG_clean,316.9
FAYPOM_clean,345.5
FAYQAZ_clean,426.5
FAYQED_clean,429.5
FAYQUT_clean,844.0
FAZFET_clean,1007.7
FAZPED_clean,398.7
FAZRAA_charged,279.1
FAZZEM_clean,272.2
FEBPUY_clean,273.4
FEBXIV_clean,189.4
FECCIZ_clean,305.1
FECKAA_clean,376.0
FECXAO_clean,288.2
FECXES_clean,361.5
FECXUI_clean,362.0
FECYUJ_clean,309.3
FECZAQ_manual,209.6
FEDBEX_clean,208.8
FEDJUU_charged,273.4
FEFCUQ_clean,130.4
FEFDAX_clean,135.2
FEFDEB_manual,106.1
FEFZOF_clean,101.3
FEGNIQ_clean,459.4
FEHCIG_manual,310.3
FEJDII01_clean,194.1
FEJDII_clean,249.4
FENROG_clean,176.7
FENVOL_charged,253.0
FEQSIF_clean,195.4
FERHAN_clean,195.4
FERVEF_clean,448.0
FERVIJ_clean,231.4
FERVUV_clean,446.2
FERWAC_clean,233.8
FESTUT_clean,252.1
FEVNIE_charged,410.9
FEVSAC_clean,276.1
FEVVIM_charged,430.8
FEWGUL_clean,496.3
FEWQIJ_manual,566.3
FEWQOP_clean,321.2
FEWWOV_clean,338.0
FEWWUB_clean,937.0
FEXCES_clean,315.9
FEYDET_clean,228.8
FEYJOJ_clean,186.4
FEYQIK_clean,214.2
FEZCOD_charged,346.9
FEZCUJ_charged,336.7
FEZQEI_clean,434.8
FEZREJ_clean,203.8
FEZTIP_clean,166.0
FIBHIJ_clean,294.8
FIBKEI_clean,241.2
FIDRIV_clean,237.9
FIFGAE_clean,172.9
FIFGEI_clean,148.1
FIFGIM_clean,228.9
FIFMIS01_clean,472.2
FIFMIS_clean,476.1
FIFMOX_clean,421.8
FIFMOY_clean,482.0
FIFMUD_clean,426.9
FIFNUE01_clean,185.8
FIFNUE_clean,188.5
FIFPAM01_clean,190.5
FIFPAM_clean,179.9
FIHFAF_clean,377.6
FIHRIZ_clean,226.6
FIJCUX01_clean,237.4
FIJDIM01_clean,326.1
FIJDIM02_clean,321.0
FIJDIM03_clean,317.3
FIJDIM04_clean,319.3
FIJDIM05_clean,316.5
FIJDIM06_clean,318.4
FIJDIM07_clean,318.9
FIJDIM08_clean,319.8
FIJDIM09_clean,318.1
FIJDIM10_clean,317.0
FIJDIM11_clean,328.3
FIJDIM12_clean,315.6
FIJDIM_clean,326.7
FIJDOS_clean,184.1
FIJDUY_clean,149.8
FIJFEK_manual,151.7
FIJFUA_clean,286.4
FIJXUR_clean,373.1
FIJYED_clean,973.7
FIJZEE_clean,360.0
FILYEG_clean,272.6
FIMNIA_clean,339.7
FIMXUW_clean,294.4
FIMZAE_clean,805.8
FINQOK_clean,326.8
FINQUQ_clean,341.8
FIPJAR_clean,208.2
FIPKOG01_clean,202.6
FIPKOG_clean,199.7
FIPKUM_clean,191.4
FIPWOS_clean,317.5
FIPXAF_clean,376.0
FIPXEJ_clean,322.4
FIQYOU_clean,234.2
FIQYUA_clean,220.4
FIQZAH_clean,215.9
FIRMUQ_clean,254.3
FIRNAX01_clean,258.8
FIRNAX_clean,257.5
FIRNIF_clean,256.2
FIRNOL_clean,281.3
FIRNUR_clean,274.4
FIRPAZ_clean,257.4
FIRZOX_clean,306.4
FITGEW_clean,599.4
FITHIA_clean,500.6
FIVNAZ_clean,98.2
FIVQOR_clean,525.1
FIVYEP01_clean,193.7
FIVYEP_clean,194.2
FIVYUF_clean,500.7
FIXVUE_clean,226.1
FIYDOH_clean,272.1
FIZPOV_clean,239.6
FOBNAN_clean,293.0
FOCZAA_clean,244.4
FOFCOU_clean,246.3
FOFHAK_clean,276.9
FOFTIF_clean,222.4
FOFTUR_clean,222.3
FOHCIP_clean,100.3
FOHQUO_clean,133.1
FOJKIA_clean,270.6
FOJLOH_clean,297.6
FOKWIN_clean,217.8
FOKYEL_clean,393.5
FOKYIP_clean,443.6
FOLLEZ_clean,241.8
FOMWOV_clean,396.4
FONKEA_clean,274.3
FONPUV_clean,530.5
FONQIJ_clean,251.2
FOPBAP_clean,310.8
FOQPAE_clean,201.1
FORKUU_clean,134.7
FORPIM_clean,121.4
FORPOS_clean,119.4
FORPUY_clean,137.3
FORQAF_clean,125.0
FORQEJ_clean,117.7
FORQIN_clean,117.8
FORTIR_clean,726.5
FORTUD_clean,688.5
FOSTUE_clean,1266.2
FOTNIN_clean,88.2
FOVPEN_clean,453.4
FOVPOX_clean,328.5
FOVPUD_clean,322.9
FOWTOC_clean,365.8
FOXHUX_clean,362.1
FOXNIQ_clean,279.8
FUBDAI_clean,407.6
FUBDEM_clean,255.0
FUBDIQ_clean,443.8
FUBNOH_clean,256.1
FUDGES_clean,189.1
FUDHAP_clean,149.8
FUDHET_clean,262.8
FUHMOM_clean,271.5
FUHNED_clean,257.7
FUHNIH_clean,249.3
FULQOT_clean,252.3
FULQUZ_clean,206.0
FUMHOL_clean,107.2
FUMJAA_clean,225.8
FUNBAS_clean,238.2
FUNCAT_clean,203.3
FUNCEX_clean,120.9
FUNFOL_clean,177.0
FUNGAY_clean,385.0
FUNLAD_clean,420.3
FUQJUX_clean,400.7
FURFIJ01_clean,237.2
FURFIJ_clean,238.6
FURFOP_clean,295.3
FURQOZ01_ion_b,258.3
FURQUF_ion_b,248.9
FURRAM_clean,164.1
FURREQ_clean,170.1
FURRIU_clean,173.2
FURROA_clean,174.7
FURRUG01_ion_b,205.0
FURRUG_ion_b,263.4
FURSES_clean,236.7
FUSGOR_clean,229.8
FUSMEM_clean,163.7
FUSMIQ_clean,165.7
FUSMOW_clean,166.1
FUSMUC_clean,164.7
FUSNAJ_clean,176.2
FUSNEN_clean,174.7
FUSNIR_clean,170.5
FUSQUH_clean,671.7
FUTCAZ_clean,92.9
FUTDII_clean,219.1
FUTKEL_manual,285.5
FUTTIZ_clean,566.8
FUTYEA_clean,158.7
FUTYOK_clean,153.5
FUTYUQ_clean,387.1
FUTZAX_clean,144.3
FUTZEB_clean,202.0
FUTZOK_clean,187.7
FUTZOL_clean,455.1
FUVBAB_clean,157.1
FUVDEH06_clean,754.9
FUVDEH07_clean,772.2
FUVDEH08_clean,784.3
FUVFUZ_clean,766.3
FUVGAG01_clean,749.9
FUVGAG_clean,770.9
FUWFIO_clean,236.7
FUWXOL_SL,208.0
FUWYAY_clean,238.4
FUXCOS_clean,324.0
FUXXIH_clean,431.1
FUYCEJ_clean,239.2
FUYCIN_clean,111.5
FUYKER_clean,355.4
FUZPUN_clean,373.8
GACBOE_clean,265.5
GACPUX_clean,157.9
GACQAE_clean,186.3
GACVIS_clean,130.6
GADDOH_clean,180.1
GADFAV_clean,264.1
GADMAA01_clean,152.8
GADMAA_clean,162.5
GADNUX_clean,493.9
GADRAH_clean,246.0
GAFROX_clean,250.2
GAFRUD_clean,252.2
GAGQAI_clean,194.8
GAGSUF_clean,150.3
GAGZEV_clean,192.6
GAHWIX_clean,457.8
GAHXUL_clean,238.9
GAJVEU_charged,224.8
GAJVIY_charged,407.5
GAJYUN_clean,308.1
GAJZAU_clean,307.9
GAJZEY_clean,371.3
GAJZIC_clean,376.1
GAJZOI_clean,369.7
GAJZUO_clean,374.0
GAKBAX_clean,374.9
GALCAZ_clean,339.4
GALHOS_ion_b,338.0
GALJAG_clean,219.5
GAMFEI_clean,315.4
GAMXAV_clean,267.0
GAPNOD_clean,163.1
GAQYIH_clean,143.7
GARLAP_clean,254.2
GARLET_clean,280.1
GARLIX_clean,276.0
GARLOD_clean,261.6
GARLUJ_clean,259.7
GARMAQ_clean,261.2
GARQAU_clean,513.2
GARSUQ_clean,307.8
GARTAX_clean,310.8
GARTEB_clean,306.5
GARTIF_clean,315.9
GARTUR_clean,440.4
GASSEB_clean,230.7
GASSUR_clean,182.4
GATBUZ_charged,277.6
GATJIV_charged,614.8
GAVYAG_clean,258.6
GAWCUF_clean,349.4
GAWLIB_clean,358.5
GAWMOJ_clean,154.6
GAXDIS10_clean,104.3
GAXKOH_clean,276.3
GAXQIH_clean,237.6
GAYFUJ_clean,253.1
GAYGAQ_clean_h,225.7
GAYPED_clean,183.4
GAYTEH_ion_b,920.1
GAZLAW_clean,263.7
GAZZIS01_charged,329.9
GAZZIS02_charged,325.6
GAZZIS03_charged,327.4
GAZZIS04_charged,331.4
GAZZIS05_charged,321.8
GAZZIS_charged,329.0
GEBCAT_clean,290.9
GEDDAW_clean,178.5
GEDDEA_clean,324.9
GEDQIR_clean,274.3
GEDQOX_clean,190.5
GEDQUD_charged,222.1
GEDRAK_clean,267.8
GEDROY_clean,268.6
GEDRUE_clean,195.2
GEDSAL_clean,273.2
GEDSEP_clean,335.2
GEDSOZ_clean,191.9
GEDSUF_clean,251.5
GEDTAM_clean,192.6
GEFYUN_clean,351.9
GEFZAU_clean,337.9
GEGDED_clean,350.8
GEGGEG01_clean,359.9
GEGGIK01_clean,359.6
GEGGIK_clean,365.6
GEGGUW_clean,368.3
GEGHAD_clean,374.7
GEJJEL01_clean,232.8
GEKVEZ_clean,149.2
GEPDEM_clean,220.7
GERNOI_clean,387.3
GERPUP_clean,149.3
GERWEH_clean,201.6
GESBOW_charged,893.4
GESBUC_charged,810.9
GESDUF_clean,260.6
GESFAN_clean,260.1
GESNOI_clean,298.7
GEVXIQ_clean,170.6
GEWXAJ_clean,276.5
GEZRAG_clean,1260.5
GEZYOB_clean,464.1
GIDKOU_clean,201.5
GIFKEL_clean,218.2
GIKQIC_clean,180.6
GIMSIG_clean,209.4
GINLIA_clean,219.4
GIQXEK_clean,141.0
GIQXIO_clean,147.1
GIQXOU_clean,146.7
GIQXUA_clean,146.9
GIQYAH_clean,149.1
GIQYEL_clean,144.5
GIQYIP_clean,144.7
GIQYOV_clean,158.5
GIQYUB_clean,146.4
GIRDUI_clean,234.3
GIRXUC_clean,62.7
GIRYAJ_clean,247.5
GIRYEN_clean,475.7
GIRYUD_clean,503.1
GIRZAK_clean,553.7
GISMAY_clean,923.9
GISNED_clean,965.4
GISZUD_clean,83.5
GISZUF_clean,402.7
GITPIK_clean,234.7
GITTUZ_clean,611.1
GITVEL01_clean,425.5
GITVEL_clean,435.5
GITWIQ_clean,310.2
GIVHIC_clean,386.1
GIVNIK_clean,347.1
GIVNOQ_clean,321.8
GIWBEU_charged,290.1
GIWBIY_charged,281.7
GIWBOE_charged,493.7
GIWCAR_ion_b,254.3
GIWCIZ_ion_b,474.4
GIWCOF_ion_b,284.1
GIXGOK_clean,633.1
GIXNAE_clean,139.5
GIYSEN_clean,292.1
GIYSIR_clean,285.4
GIYSOX_clean,294.7
GIYSUD_clean,253.7
GIYTAK_clean,249.0
GIYTIS_SL,266.6
GIZXET_clean,346.0
GOBGAG_clean,612.3
GOBSUM_clean,209.3
GOGSIF_clean,233.4
GOGWAB_clean,184.3
GOGWEF_clean,184.0
GOJDOZ_clean,212.4
GOJFAN_charged,330.6
GOKBUE_clean,193.4
GOMFOF_clean,315.3
GOMREG_clean,253.5
GONNAA_clean,197.6
GOPTIQ_clean,338.5
GOQSIQ_clean,337.3
GOQXAN_clean,220.0
GORQAF_clean,51.4
GOSBOH_clean,179.9
GOSDID_clean,445.6
GOSKEG_clean,256.6
GOTDIE_clean,1097.1
GOTNEK_clean,240.9
GOVHOQ_clean,662.1
GOVWOF_clean,211.1
GOVXIA_clean,574.3
GOZNAM_clean,260.6
GOZNEQ_clean,154.9
GUANZS_clean,85.9
GUBBAG_clean,142.9
GUBKUL_clean,286.3
GUBVUU_clean,215.0
GUBZAF_clean,283.1
GUCHUJ_clean,179.6
GUCJAQ_clean,381.6
GUDJOG_clean,276.1
GUFBOA_clean,406.4
GUFBUG_clean,317.4
GUFREF_clean,520.0
GUFXEM_clean,256.7
GUGNON_clean,344.0
GUHMIH_clean,172.2
GUHNUU_clean,258.2
GUHPAC_clean,263.0
GUHPEG_clean,484.0
GUJREK01_clean,231.8
GUJREK_clean,228.7
GUKFEY_clean,190.0
GUKYUI_clean,220.3
GUKZAO_clean,184.2
GULBAR_clean,317.1
GULCAS_clean,301.6
GULPIN_clean,467.6
GULVUF_clean,387.9
GULWAM_clean,287.6
GULWEQ_clean,1164.1
GULWIU_clean,262.4
GULWOA_clean,185.8
GUMDEZ_clean,353.1
GUNFAW01_neutral,62.6
GUNZIA_clean,593.7
GUPBEZ02_clean,541.0
GUPBUP_SL,158.5
GUPCAW_clean,294.6
GUPDEB_clean,517.1
GUPREQ_clean,492.6
GUQWOG_clean,210.3
GURPIT_clean,136.7
GURPUF_clean,119.0
GURTIX_charged,221.7
GUSJOU_clean,212.6
GUSMAJ_clean,872.4
GUTYIE_clean,172.7
GUVBOQ_clean,1485.5
GUVCOP_clean,374.1
GUVKUE_clean,426.0
GUVLAL_clean,434.1
GUVZII_clean,358.6
GUWDUY_clean,332.1
GUXJUF_clean,418.9
GUXPOF_clean,285.9
GUXSEY_clean,390.5
GUXSIC_clean,395.3
GUXZIJ_clean,175.8
GUXZUV_clean,231.8
GUYBAE_clean,223.2
HABQUY_clean,208.0
HABRAF_manual,169.7
HABREJ_clean,420.4
HADLOQ01_clean,159.7
HADPOU_clean,139.7
HADQUA_clean,695.2
HADXIW_clean,151.1
HAFGUQ_clean,163.7
HAFTOZ_clean,105.8
HAFVOB_clean,383.0
HAFVUH_SL,178.9
HAFWAO_charged,407.8
HAFWIW_clean,181.0
HAFWUI_charged,400.4
HAHCUR_clean,356.6
HAHPIQ_charged,313.4
HAHPOW_clean,358.1
HAJDII_clean,446.7
HAJLEK_clean,353.9
HAJLIO_clean,356.2
HAJLOU_clean,354.4
HAJLUA_clean,346.1
HAJMEL_clean,343.8
HAJMIQ_clean,638.2
HAJPEQ_clean,346.0
HAJRES_clean,2002.5
HAJYEZ_clean,287.8
HAKCAZ_clean,291.8
HAKSAQ_clean,278.5
HAKSEU_clean,286.9
HAKSIY_clean,289.7
HAKVOH_clean,217.3
HAKVUN_clean,198.2
HAKWAU_clean,192.8
HALQUJ_clean,280.8
HALVAU_clean,185.3
HAMJOW_clean,354.5
HAMLIT_clean,346.9
HAMREU_clean,352.7
HAMRIY_clean,347.5
HANKUE_clean,2859.1
HANWAW_clean,552.0
HAPBAE_clean,636.0
HAPBEI_clean,632.8
HAPBIM_clean,1294.8
HAPGIR_clean,147.6
HAPHUD_clean,222.1
HAPNEU_clean,624.5
HAPNOE_clean,412.8
HAPNUK_clean,400.3
HAPPAS_clean,427.4
HAPVEB_clean,193.4
HAQJIV_clean,224.5
HAQKES_clean,1070.6
HAQRID_clean,282.0
HASMIZ_clean,206.1
HASNIB_clean,149.1
HASNOH_clean,170.7
HASNUN_clean,147.2
HASTAY_clean,496.6
HATZOS02_clean,135.9
HATZOS_clean,133.1
HAVVUX_clean,288.1
HAVZIP_clean,124.7
HAWGIX_charged,270.7
HAWREE_clean,345.5
HAWVAE_clean,221.4
HAWVEI_clean,223.9
HAWVIM_clean,224.5
HAWVOS_clean,225.4
HAWVUY_clean,225.1
HAWWAF_clean,222.8
HAWWEK_clean,169.8
HAWWIN_clean,252.4
HAWWOT_clean,241.0
HAWWUZ_clean,242.6
HAWZEM_clean,306.2
HAXMUP_clean,149.7
HAYLIE_clean,341.3
HAZSIL_clean,302.4
HAZWIP_clean,197.3
HEBJAB_clean,239.5
HEBKEG_clean,207.5
HEBNIN_clean,183.9
HEBNOT_clean,179.0
HEDBEZ_clean,207.1
HEDBID_clean,209.0
HEDBOJ_clean,170.3
HEDBUP_clean,170.2
HEDCAW_clean,336.6
HEDCIE_clean,272.8
HEFDED_clean,1267.3
HEFDON_clean,275.5
HEFFAB_charged,371.0
HEFFEF_clean,266.9
HEFVAR_clean,219.1
HEGCEB_clean,177.9
HEGJUZ_clean,398.7
HEGNAJ_clean,850.4
HEGNEN_clean,779.1
HEGNIR_clean,835.0
HEGNOX_clean,814.9
HEGNUD_clean,839.8
HEGPAL_clean,816.2
HEKTAU_clean,248.9
HELDEJ_SL,415.7
HELDOT_clean,415.8
HEMTEZ_clean,357.4
HETZOW_clean,200.6
HETZUC_charged,220.8
HEWFUL_ion_b,237.9
HEXVEM_clean,69.5
HEZPIL01_clean,147.2
HGCNCO_clean,105.1
HIBGEF_clean,225.0
HIBGIJ_clean,205.0
HICVOG_clean,300.8
HICVUM_clean,346.2
HICZAW_clean,238.8
HICZEA_clean,238.2
HIDCUU_clean,234.5
HIFGEK_clean,294.0
HIFGIO_SL,201.8
HIFTOG01_clean,94.6
HIFTOG02_clean,239.5
HIFTOG_clean,235.8
HIFTUM_clean,373.4
HIFVOI_clean,222.0
HIFWAV_clean,483.6
HIFZAY_charged,343.4
HIGRIA_clean,140.4
HIHFOV_clean,297.7
HIHFUB_clean,420.3
HIHGAI_clean,335.6
HIHGEM_manual,231.0
HIHGIQ_clean,367.2
HIHGUC_clean,279.5
HIJSOK_clean,313.8
HILJUJ_clean,363.2
HIMSAY_clean,201.3
HIQNAY_clean,347.9
HIQWOV_clean,451.6
HISGAT_clean,563.2
HISGIB_clean,270.0
HISJIE_clean,414.7
HISSIN_clean,474.1
HIWKEE_clean,208.7
HIWKII_clean,141.2
HIWLIK_clean,168.1
HIWLOQ_clean,219.6
HIWLUW_clean,245.1
HIYBUN_clean,356.2
HIYGIH_clean,222.6
HIYYEU_clean,275.4
HIZQEN01_clean,185.3
HIZQEN_clean,206.0
HIZQUD_clean,316.4
HOBGAH_clean,340.7
HOBGEL_clean,255.1
HOBGIP_clean,432.3
HOBGOV_clean,440.4
HOCDOU_clean,131.7
HOFJIX_clean,559.5
HOFSOL_clean,152.2
HOFSUS_clean,227.0
HOGJIX_clean,209.2
HOGJOD_clean,563.3
HOGJUK_clean,197.5
HOGLEV01_clean,212.6
HOGLEV_clean,301.6
HOGSIG_clean,336.9
HOGTOM_clean,199.4
HOHMEX_manual,331.7
HOJLID_clean,275.2
HOJLUP_clean,422.4
HOKGUJ_clean,143.6
HOKLIE_clean,703.2
HOLQIK_clean,735.5
HOMRIL_clean,255.9
HOMXIR_manual,155.7
HOMZEP_clean,230.4
HOQMIL01_clean,324.1
HOQMIL02_clean,325.0
HOQMIL03_clean,327.3
HOQMIL04_clean,357.6
HOQMIL_clean,325.4
HOQMUX_clean,317.7
HOQNEI_clean,324.8
HOVGIK_clean,391.9
HOVQAM_clean,278.8
HOWJEK_clean,163.2
HOWPEQ_clean,218.3
HOWPOZ_clean,348.3
HOWPUF_clean,272.6
HOWQAM_clean,345.8
HOWQEQ_clean,312.2
HOWSAP_clean,381.7
HOWSET_clean,617.0
HOWSIX_clean,620.1
HOXGEH_clean,314.6
HOXJIO_charged,380.7
HOXKIP_clean,237.4
HOXKUB_clean,236.0
HOXSUK_clean,411.3
HOYREU_clean,126.1
HOYRIY_clean,132.8
HOYROE_clean,195.0
HOYTUL_clean,313.9
HOZBUV_clean,207.9
HOZFEJ_clean,204.4
HOZTOG_clean,597.8
HOZXEB_clean,328.8
HUCBAJ_charged,296.9
HUCBEN_manual,216.2
HUCWOT_clean,292.8
HUCWUZ_clean,295.8
HUCXAG_clean,296.3
HUCXEK_clean,301.4
HUCXIO_clean,296.7
HUCXOU_clean,292.9
HUCXUA_clean,292.5
HUDMAW_clean,330.5
HUDWUA_clean,302.0
HUFHEX_clean,192.1
HUFHIB_clean,287.6
HUFHOH_clean,190.8
HUFHUN_clean,183.0
HUFJAV_clean,186.6
HUFJEZ_clean,285.3
HUFKUQ_clean,306.9
HUFLUR_clean,97.9
HUFMUS_clean,95.5
HUFYIS_clean,311.8
HUHBET_clean,853.8
HUHNIJ_clean,977.8
HUJGEA_clean,160.6
HUJVOX_clean,188.9
HULCOI_clean,397.3
HULRIR_clean,402.5
HULTEN_clean,207.2
HULTEP_clean,472.5
HUMWIX_clean,563.3
HUPQIU_clean,980.3
HUQGOR_clean,318.8
HUQGUX_clean,310.4
HUQHAE_clean,326.6
HUQHEI_clean,299.3
HUQHIM_clean,384.4
HUQHOS_clean,319.1
HUQHUY_clean,678.7
HURFEH_clean,311.3
HURFUX_clean,340.3
HURGAE_clean,391.3
HURGEH_clean,224.7
HURGUX01_clean,373.8
HURGUX_clean,370.0
HUVHOX_clean,217.7
HUWDEJ_clean,275.4
HUWHOY_clean,213.0
HUWLUI_clean,236.5
HUWPIA_clean,307.0
HUWSUN_clean,335.0
HUXWAY_clean,153.2
HUYJOA_clean,202.1
HUYJUG_clean,491.4
HUYKAN_clean,503.4
HUYKER_clean,387.3
HUYKIV_clean,98.8
HUYKOB_clean,348.1
HUYKUH_clean,558.5
HUZFEO_clean,401.9
HUZFOY_charged,459.5
HUZSOL_clean,424.6
HUZSUR_clean,227.5
HUZXAD_clean,518.6
HUZXEH_clean,524.3
HUZXIL_clean,552.8
HUZXOR_clean,609.7
HUZXUX_clean,676.0
HUZYAE_clean,636.7
IBABOF01_clean,318.4
IBABOF_clean,321.2
IBABUL_clean,300.2
IBACAS_clean,325.2
IBARUA_clean,348.1
IBASAH_clean,350.5
IBASEL_clean,342.4
IBASOV_clean,339.8
IBASUB_clean,342.7
IBATEM_clean,342.1
IBEYOE_clean,206.9
IBICAZ_clean,202.0
IBICED_clean,202.5
IBICIH_clean,205.2
IBICON_clean,207.1
IBIRES_clean,431.0
IBITUK_clean,438.0
IBIYOI_ion_b,579.5
IBOTEY_clean,1056.0
IBOTIC_clean,359.5
IBOTOI_clean,195.0
IBOZIK_clean,230.5
IBUBAL_clean,272.7
IBUBIT_clean,190.3
IBUDOZ_clean,207.3
IBUYAH_clean,479.9
ic025743v_s1_clean,140.3
ic034943jsi20030807_040506_clean,607.5
ic050064gsi20050115_040515_clean,228.0
ic051810ksi20060220_094504_clean,253.8
ic0520162si20051122_054836_clean,701.8
ic060030osi20060309_091447_clean,221.8
ic060608urom20060410_101638_clean,320.4
ic060771psi20060614_113937_clean,136.4
ic070274o-file006_clean,287.9
ic100188w_si_002_clean,360.1
ic101789u_si_002_clean,179.0
ic101935f_si_002_auto,406.0
ic102347b_si_001_clean,261.3
ic2017598_si_001_clean_h,103.3
ic202626c_si_002_clean,363.3
ic202769e_si_002_clean,364.7
ic300665a_si_002_clean,503.0
ic3019502_si_002_clean,217.7
ic400607w_si_001_clean,261.6
ic400777c_si_002_clean,296.2
ic401157n_si_002_clean,317.2
ic401157n_si_003_clean,283.1
ic402058f_si_002_clean,327.8
ic402058f_si_003_clean,339.7
ic402058f_si_004_clean,333.2
ic402058f_si_005_clean,484.2
ic402692p_si_002_clean,280.8
ic402692p_si_003_clean,354.0
ic402692p_si_004_clean,252.5
ic402692p_si_005_clean,260.6
ic403134c_si_002_clean,307.6
ic500323r_si_001_clean,239.2
ic500323r_si_002_clean,271.5
ic5008457_si_002_clean,216.7
ic5011133_si_002_clean,270.9
ic5011133_si_003_clean,179.2
ic5011133_si_004_clean,241.9
ic501477u_si_002_clean,205.3
ic501801f_si_002_clean,393.8
ic501801f_si_003_clean,1058.6
ic501849g_si_002_clean,297.4
ic5021302_si_002_clean,327.2
ic502254c_si_002_clean,331.1
ic502643m_si_003_clean,424.4
ic502643m_si_006_clean,377.6
ic502643m_si_007_clean,143.0
ic502643m_si_008_clean,254.1
ic502643m_si_009_clean,152.2
ic502643m_si_010_clean,152.7
ic502725y_si_004_clean,263.5
ic502730y_si_002_clean,272.5
ic502921j_si_002_clean,287.0
ic502921j_si_003_clean,353.3
ic5029383_si_002_clean,275.7
ic5b00096_auto,721.0
ic5b00130_si_002_clean,375.6
ic5b00194_si_002_clean,221.9
ic5b00535_si_002_clean,262.0
ic5b01023_si_002_clean,631.2
ic700893w-file001_clean,313.7
ic7014034-file001_clean,312.2
ic7025158-file001_clean,54.1
ic800131r-file003_clean,129.9
ic8004536-file004_clean,324.6
ic9002115_si_001_clean,670.3
ICAGOK_clean,279.4
ICAQIO_clean,525.4
ICAQOU_clean,527.7
ICAROV_clean,527.8
ICAWUF_clean,597.4
ICEGED_clean,187.0
ICISAP_clean,178.3
ICITEU_charged,378.9
ICIVAS_clean,272.1
ICODIP01_clean,421.6
ICODIP_clean,435.6
ICORAV_ion_b,194.3
ICOWON_clean,212.9
IDAGEA_charged,294.1
IDEYOF_clean,133.4
IDIWIB_clean,188.1
IDIWUN_clean,320.0
IDIXAU_clean,265.4
IDORAW_clean,179.0
IDUDIW_clean,292.2
IDUTUW_clean,131.9
IFAGON_clean,535.8
IFAHEC_clean,440.4
IFAREN_charged,333.0
IFASOZ_clean,394.7
IFEHUY_clean,160.2
IFENOY01_SL,243.1
IFENOY02_SL,549.4
IFENOY03_SL,568.0
IFENOY_clean,247.1
IFEPUG_SL,638.4
IFEQIV_SL,335.7
IFEYIB_clean,120.1
IFOSIG_clean,258.8
IFUNUU_clean,258.9
IGAGAA_clean,236.7
IGAGUU_clean,379.0
IGAHAB_clean,439.8
IGETUL_clean,244.3
IGEXOH_clean,126.1
IGINIX01_clean,192.9
IGINIX_clean,195.9
IGITOJ_clean,431.4
IGIZAA_clean,160.0
IGIZEF_clean,340.5
IGOJEV_clean,277.2
IGUCIY_clean,488.6
IGUVIR01_clean,254.8
IGUVIR_clean,249.2
IHAJEH_clean,190.8
IHAJIL_clean,123.8
IHILUI_clean,275.1
IHIMAP01_clean,231.8
IHIMAP_clean,257.5
IHUTIQ_clean,474.9
IJASOC_clean,242.9
IJEVEA_clean,261.5
IJEVIE_clean,263.2
IJEXIF01_clean,152.0
IJEXIF_clean,154.9
IJIGOX_clean,198.9
IJUTEM_clean,667.7
IKAYAU_clean,414.9
IKEBUV01_clean,166.6
IKEBUV_clean,176.5
IKETAU_clean,192.2
IKETEY_clean,191.7
IKETIB_clean,531.9
IKETIC_clean,192.9
IKETOH_manual,171.8
IKETOI_clean,192.7
IKETUN_clean,517.8
IKETUO_clean,191.7
IKEVAW_clean,192.2
IKOPEF_clean,256.3
IKOPIJ_clean,513.2
IKOSOQ_clean,439.0
IKOSUW_charged,269.8
IKOTUZ_clean,336.8
IKOVAH_clean,334.7
IKOVEL_clean,346.3
IKUBUL01_clean,240.6
IKUBUL_clean,200.9
IKUTIT_clean,203.6
IKUTOZ_clean,245.4
ILAGUY_charged,685.4
ILEHUD_clean,372.5
ILENOC_clean,332.2
ILIFOY_clean,295.9
ILIFUE_clean,292.1
ILIGAL_clean,289.1
ILIGEP_clean,288.3
ILIMOH_clean,607.2
ILIMUN_clean,259.4
ILINIC_clean,75.4
ILITUT_manual,360.0
ILOJOJ_clean,271.8
IMACND_clean,94.7
IMAGAG_clean,194.5
IMAXUR_clean,290.5
IMEDOV_clean,992.7
IMISIH_clean,382.0
IMUTUG_ion_b,305.7
INAMUG_clean,363.6
INARUM_clean,294.0
INIDAL_clean,529.7
INIGET_clean,487.8
INIQUR_clean,241.5
INIRAA_clean,490.4
INIRAY01_clean,368.0
INIRAY_clean,237.4
INIRII_clean,506.7
INOMIJ_clean,224.2
INOMOP01_clean,181.6
INOMOP_clean,182.0
INOVEN_clean,183.5
IPICOA_clean,119.2
IPICUG_charged,256.6
IPIDUH_clean,274.7
IPIFAP_clean,238.9
IPIHIA_clean,439.3
IPIJEY_clean,244.2
IPIJUM_clean,197.4
IQABEJ_clean,240.5
IQECIS_clean,483.2
IQEKOG_clean,304.6
IQEKUM_clean,249.9
IQEWOQ_clean,211.9
IQILIF_clean,344.9
IQOHUT_clean,321.4
IQOJAB_clean,358.3
IQOJEF_clean,479.5
IQOKEG_clean,296.7
IQOKIK_clean,476.7
IQUCOO_clean,273.0
IRAGEN_charged,574.7
IRAHUF_clean,512.4
IRAJER_clean,558.7
IRAYOQ_clean,299.9
IRELAU_clean,239.1
IROVAO_clean,159.6
IROVES_clean,274.3
ISUCUV_clean,293.2
ITAPAU_clean,128.6
ITAPIC_clean,114.1
ITIBOD_clean,286.4
ITIPAE_clean,230.7
ITIPOS_clean,206.9
ITIWAK_clean,290.2
ITIWEO_clean,282.8
ITIWIS_charged,324.7
ITIWOY_charged,325.7
ITIWUE_charged,327.2
ITOSEQ_clean,317.8
IVEHEW_manual,184.0
IVEQAC_clean,231.6
IVETOT_clean,118.8
IVILEG_clean,150.1
IVOCON_clean,152.3
IVOGUX_clean,223.0
IVUVIG_clean,205.6
IWAXUZ_clean,222.7
IWAYAG_clean,111.6
IWAYEK_clean,93.2
IWAYIO_clean,229.8
IWAYOU_clean,212.5
IWAYUA_clean,210.7
IWAZEL_clean,246.0
IWAZIP_clean,96.4
IWELIG01_clean,272.0
IWELIG_clean,277.9
IWEVAJ_clean,323.9
IWIPIO_clean,84.1
IWOKUC_clean,537.5
IWOSAP_clean,265.2
IXAKAU_clean,287.3
IXAZEO_clean,160.0
IXEBEU_clean,537.0
IXECET_clean,186.9
IXEDOE_charged,423.0
IXEFAS_charged,767.2
IXEJIG_clean,207.8
IXEJOL_clean,347.9
IXEJOM_clean,199.9
IXIPAG_clean,203.0
IXIPEK_clean,208.6
IXIPIO_clean,201.2
IXISAJ_clean,379.7
IXISOX_clean,408.6
IXISOZ02_clean,387.5
IXISUD_clean,391.3
IXODUV_clean,194.8
IXOFAD_clean,192.0
IXOFEH_clean,195.7
IXOFIL_clean,195.2
IXOFOR_clean,193.0
IXOFUX01_clean,201.6
IXOFUX_clean,204.4
IXUQOJ_clean,572.3
IXUQUO_clean,353.8
IXURID_clean,231.7
IXUWII_clean,269.8
IYAJID_clean,248.3
IYAJOJ_clean,243.3
IYAJUP_clean,422.9
IYAKAW_clean,238.4
IYAKIE_clean,240.7
IYASOS_clean,260.1
IYAYUE_clean,170.9
IYEHAX_clean,217.6
IYEPUZ_clean,196.4
IYESUC_clean,215.7
IYEXOZ_clean,412.8
IYICUP_clean,311.4
IYOBAA_clean,430.4
IYOCIK_clean,207.8
IYOCOQ_clean,204.1
IYODAD_clean,206.9
IYOQAQ_clean,249.4
IYOSUM_clean,284.8
IYOTAT_clean,279.1
IYOVIC_clean,194.3
IYOWID_manual,525.0
IYUCEM_clean,226.8
IYUCIQ_clean,186.4
IYUHOA_clean,413.3
IYUHUG_ion_b,381.2
IYUJAO_clean,253.9
IYUQEZ_clean,206.7
IYUQID_clean,166.4
IZEBAR_clean,189.9
IZEBEV_clean,252.4
IZEFEZ_charged,514.4
IZENEI_clean,444.3
IZENIM_clean,426.0
IZENUY_clean,381.0
IZEPAF_clean,122.4
IZEPEJ_clean,257.9
IZEQUB_clean,338.1
IZERAI_clean,338.7
IZEWAN_clean,195.3
IZIGUV_clean,487.4
IZIHAC_clean,330.9
IZIHEG_clean,327.7
IZIHOQ_clean,339.1
IZISEQ_clean,585.5
IZOWAW_clean,181.2
IZOWEA_clean,205.3
IZUMUM_clean,238.0
IZUVUV_clean,323.4
ja039022msi20031007_110612_clean,373.3
ja074366osi20070816_031204_clean,104.4
ja0752540-file002_clean,506.7
ja076167asi20070815_063752_clean,341.0
ja109659k_si_002_clean,181.3
ja110042b_si_003_clean,377.5
ja203898s_si_004_clean,208.8
ja205976v_si_004_clean,219.1
ja205976v_si_006_clean,193.0
ja206917z_si_001_clean,213.6
ja300034j_si_002_clean,196.4
ja302110d_si_001_clean,357.7
ja302340b_si_002_clean,393.9
ja302380x_si_003_clean,289.0
ja3082523_si_004_clean,1136.1
ja308995t_si_002_clean,245.1
ja4012707_si_003_clean,127.4
ja4012707_si_004_clean,120.1
ja403810k_si_002_clean,1363.0
ja4050828_auto,155.9
ja406030p_si_002_manual,200.0
ja406030p_si_003_clean,201.1
ja406030p_si_004_clean,223.9
ja406030p_si_005_manual,248.3
ja406030p_si_006_manual,241.7
ja406030p_si_007_manual,212.6
ja406030p_si_008_manual,241.5
ja406030p_si_009_manual,264.3
ja406844r_si_002_clean,239.2
ja407778a_si_003_clean,171.6
ja408959g_si_002_clean,184.7
ja408959g_si_003_clean,326.5
ja411887c_si_002_clean,424.9
ja500330a_si_005_clean,354.6
ja500330a_si_006_auto,805.0
ja500330a_si_007_auto,311.6
ja500330a_si_009_auto,437.0
ja5063423_si_002_clean,162.3
ja506357n_si_002_clean,309.5
ja507269n_si_002_clean,136.3
ja507269n_si_003_clean,135.1
ja507947d_si_001_auto,204.1
ja5103103_si_002_auto,494.1
ja510525s_si_002_clean,305.3
ja510525s_si_003-1_clean,279.9
ja5111317_ja5111317_si_002_auto,383.0
ja512137t_si_002_clean,199.8
ja512311a_si_003_auto,218.0
ja512311a_si_007_auto,160.6
ja512437u_si_002_clean,425.7
ja512437u_si_003_clean,452.3
ja512437u_si_004_clean,418.9
ja512762r_si_002_auto,212.0
ja512973b_si_002_auto,397.3
ja512973b_si_003_auto,383.9
ja512973b_si_004_auto,370.3
ja512973b_si_005_auto,55.4
ja5131269_si_002_clean,163.7
ja5131269_si_003_clean,166.6
ja5b00365_si_002_clean,157.0
ja5b02556_si_002_clean,232.9
ja5b02897_si_003_clean,162.9
ja5b02999_si_002_clean,176.5
ja5b02999_si_003_clean,380.8
ja5b02999_si_004_clean,371.4
ja5b02999_si_006_clean,176.1
ja5b02999_si_007_clean,161.1
ja808995d_si_002_clean,612.8
ja809985t_si_002_clean,628.1
ja903726m_si_002_clean,169.1
ja905009e_si_002_clean,215.9
ja907023c_si_001_clean,285.2
ja907023c_si_002_clean,289.9
ja907023c_si_003_clean,294.6
ja907023c_si_004_clean,284.3
JABMEF_clean,184.7
jacs.5b12516_ja5b12516_si_002_clean,466.7
jacs.5b12516_ja5b12516_si_003_clean,468.6
jacs.5b12516_ja5b12516_si_004_clean,478.6
jacs.5b13491_ja5b13491_si_002_clean,378.3
jacs.6b01345_ja6b01345_si_001_clean,712.6
jacs.6b01663_ja6b01663_si_003_clean,111.0
jacs.6b02030_ja6b02030_si_002_clean,343.0
jacs.6b02030_ja6b02030_si_003_clean,333.7
jacs.6b04608_ja6b04608_si_003_clean,1439.1
jacs.6b06759_ja6b06759_si_002_clean,1099.1
jacs.6b06759_ja6b06759_si_003_clean,659.8
jacs.6b06759_ja6b06759_si_004_clean,633.5
jacs.6b08724_ja6b08724_si_009_clean,136.4
jacs.6b08724_ja6b08724_si_014_clean,138.9
jacs.6b08724_ja6b08724_si_016_clean,135.0
jacs.6b09113_ja6b09113_si_002_clean,175.0
jacs.6b09155_ja6b09155_si_009_clean,207.2
JADBIC_clean,216.2
JADJOQ_clean,162.5
JADMAF_clean,796.0
JAFPIQ_clean,144.6
JAKBIJ_clean,98.3
JAKBOP01_clean,127.8
JAKBOP_clean,100.6
JAKBUV_clean,114.5
JALCAD_clean,388.1
JALLEQ_clean,497.4
JALLOA_clean,153.5
JALTUL_clean,194.4
JASNAT_clean,220.7
JAVNIE_clean,145.0
JAVSUV_clean,650.0
JAVTEG_clean,253.2
JAVWUY_clean,195.2
JEBCOJ_clean,352.2
JEDJUY_clean,177.3
JEDKEJ_clean,557.2
JEJWOL_clean,191.4
JELPAS_clean,276.1
JENKET_SL,289.8
JENKIX_SL,608.6
JETZAK_clean,324.1
JEWYAM_charged,220.3
j.ica.2016.05.002_2_clean,401.4
j.ica.2016.08.030_3_clean,243.5
JILWIL_clean,234.0
JILWOR_clean,415.2
JILXOS_clean,347.6
j.inoche.2015.01.025_INC05862-mmc2_clean,288.8
j.inoche.2015.03.028_inc05925-mmc2_clean,340.8
j.inoche.2015.03.054_CIFs_clean,124.2
j.inoche.2015.12.019_1_clean,279.3
JISVAJ_clean,217.5
JITPOS_SL,576.9
JITQEI_clean,389.9
JIVFUQ_clean,208.9
JIVHIG_clean,474.1
JIVSEN_clean,228.8
JIXWUJ01_clean,219.4
JIXWUJ02_clean,211.6
JIXWUJ_clean,216.3
JIYXUL_clean,110.5
JIZJAF_clean,171.6
JIZJEJ_clean,167.6
JIZJOT_clean,221.4
JIZJUZ_clean,209.1
JIZWEW_clean,203.4
JIZWIA_clean,203.9
JIZWOG_clean,244.0
j.jssc.2014.11.015_mmc2_clean,394.9
j.jssc.2015.05.012_mmc6_clean,339.2
j.jssc.2016.09.008_mmc8_clean,218.6
JOCWIJ_clean,315.8
JOFGOC_clean,323.3
JOFKIA01_clean,372.9
JOFKIA_clean,277.3
JOGHEU_clean,237.3
JOGHIY_clean,239.6
JOGSAA_clean,106.9
JOHFIW_manual,142.0
JOJKUQ_clean,169.9
JOKXAI10_clean,176.4
JOKXAI_clean,175.4
JOKXEM10_clean,290.7
JOKXEM_clean,292.4
JOKXOW10_clean,173.9
JOKXOW_clean,172.9
JOKXUC10_clean,273.9
JOKXUC_clean,265.9
JOKYAJ_clean,142.1
JOKYEN_clean,146.4
JOKYIR10_clean,140.8
JOKYIR_clean,141.7
JOKYOX10_clean,142.7
JOKYOX_clean,143.7
JOLYEQ_clean,537.6
JOQSOZ_clean,250.6
JOQZUM_clean,217.5
JORBAV_clean,207.7
JORLEJ_clean,589.1
JORRAL_clean,273.9
JORSEQ_clean,351.4
JORVET_clean,365.4
JOSNAG01_clean,280.9
JOSNAG_clean,267.2
JOVXEZ_clean,305.2
JOWFOQ_clean,175.7
JOXPIX_clean,335.6
JOYKUF_clean,138.2
jp102463p_si_002_clean,185.0
jp102463p_si_004_clean,188.0
jp2064408_si_002_clean,182.1
jp209895d_si_002_clean,635.4
JUCGUL_clean,211.2
JUCXEK_clean,122.7
JUFREJ_clean,235.1
JUGQIN_clean,202.0
JUGQOT_clean,194.1
JUJMOS_clean,792.0
JUJTAL_clean,265.3
JUMCOL_clean,124.2
JUMCUR_clean,194.0
JUMDAY_clean,189.2
JUMDEC_clean,188.9
JUNBOL_clean,316.2
JUNBUR_clean,233.6
JUQVAU_clean,260.4
JURKIS_clean,394.7
JUSBAC_clean,478.0
JUSKAL_clean,509.9
JUTCIM_clean,285.0
JUTCUW_SL,63.3
JUVROJ_clean,251.5
JUXFAL_clean,227.3
JUXFOZ_clean,300.6
JUYJIY_clean,142.8
JUYROM_clean,299.9
jz4002345_si_002_clean,266.6
jz4002345_si_003_clean,268.8
jz4002345_si_005_clean,278.7
jz4002345_si_006_clean,265.5
KABNIL_clean,193.9
KABXAO_clean,174.4
KABXES_clean,241.9
KABXIW_clean,243.1
KABXOC_clean,248.7
KACZEV_clean,504.6
KACZIZ_clean,543.0
KADLOT_clean,223.2
KADLUZ_clean,307.8
KAGCAY_charged,283.4
KAGVUL_clean,203.7
KAGWEW_clean,129.6
KAHMOW_clean,422.2
KAHNOX_clean,49.5
KAHPUE_clean,117.8
KAHYEY_clean,162.5
KAHYID_clean,119.9
KAHYOJ_clean,125.0
KAHYUP_clean,125.1
KAJZIH_clean,276.4
KAKCAD_clean,296.7
KAKCEH01_clean,261.1
KAKCEH02_clean,280.7
KAKCEH_clean,261.4
KALFEK_clean,338.2
KALFOU_clean,257.5
KALGAH_clean,249.7
KALGEL_clean,250.3
KANDIO_clean,247.8
KANMIX_clean,281.8
KARLUM_clean,431.4
KARNAU_clean,333.3
KARNID_clean,287.8
KARTAA_clean,268.5
KASRAZ_clean,307.4
KASRED_clean,290.7
KATDAM_clean,325.5
KAVGAQ_clean,268.9
KAVJAT_charged,362.8
KAVJEX01_clean,386.7
KAVJEX_clean,1200.9
KAVKIC_clean,204.9
KAVNIH_clean,391.9
KAVTEI_clean,317.7
KAVTUY_clean,333.0
KAWBOB_clean,317.4
KAWHEY_clean,278.0
KAXQIL_clean,478.8
KAYBIX_clean,216.8
KAYBUJ_clean,219.0
KAYCIY_clean,298.1
KEBDIG_charged,358.7
KEBFII_clean,261.5
KECRAL10_clean,68.3
KECRAL11_clean,133.9
KECRAL12_clean,83.5
KECRAL_clean,79.6
KEDJAG01_clean,140.0
KEDJAG02_clean,139.0
KEDJAG03_clean,139.4
KEDJAG04_clean,137.3
KEDJAG06_clean,136.7
KEDJAG08_clean,137.5
KEDJAG10_clean,140.7
KEDJAG12_clean,139.5
KEDJAG14_clean,144.5
KEDJAG16_clean,140.0
KEDJAG18_clean,143.0
KEDJAG20_clean,141.5
KEDJAG22_clean,141.7
KEDJAG24_clean,140.3
KEDJAG26_clean,139.0
KEDJAG28_clean,139.6
KEDJAG_clean,138.0
KEDNOY_clean,186.9
KEDQAN_clean,369.8
KEFBEE_clean,101.2
KEFBII_clean,129.4
KEFBOO_clean,107.2
KEFWAV_clean,294.7
KEFWEZ_charged,273.9
KEFWID_clean,233.6
KEGYAX_clean,208.3
KEGZOL01_clean,115.3
KEGZOL02_clean,119.7
KEGZOL03_clean,116.3
KEGZOL_clean,115.1
KEHFUA_clean,483.8
KEHGAH_charged,257.8
KEHGIP_clean,309.3
KEJBOQ_clean_h,257.6
KEJHIQ_clean_h,261.5
KENJEU_clean,644.1
KEPPIF_clean,160.2
KEQDER_clean,244.5
KESBIU_charged,534.0
KESBOA_clean,414.6
KESBUG_clean,420.0
KESGAS_clean,246.8
KESHAT_clean,313.7
KETHEY01_clean,304.6
KETHEY02_clean,257.3
KETHEY_clean,282.9
KEVVIS_clean,342.5
KEVWUF_clean,108.9
KEWBUL_clean,582.3
KEWNUX_clean,251.7
KEWZET_clean,261.5
KEXFAU_clean,268.9
KEXFIC10_clean,214.6
KEXFIC_clean,214.1
KEYFUR_clean,794.8
KEYMUY_clean,165.8
KEYROX_clean,236.3
KEYYET_clean,97.1
KIBDEF_clean,308.1
KIBDIJ_clean,299.4
KICXAX_clean,249.9
KICXEB_clean,247.3
KIDDIM_clean,298.1
KIDDOS_clean,412.0
KIDVIE_clean,149.3
KIFJIT_charged,291.1
KIFWUT_clean,283.1
KIGCEK_clean,196.3
KIJPUQ_clean,203.9
KIJRUS_clean,278.7
KIKDAL_clean,787.2
KIKFIV_clean,356.3
KINDOC_clean,245.8
KINFAQ_clean,210.6
KINFEU_clean,285.2
KINNIG_clean,153.8
KINPUU_clean,369.0
KINQAB_clean,362.9
KINRIK_clean,607.5
KINROQ_clean,619.8
KIPJIE_clean,293.0
KIPJOK_clean,300.8
KIPJUQ_clean,340.0
KIPKAX_clean,372.3
KIPKEB_clean,355.7
KIPZEQ_clean,329.8
KIRFIA_clean,106.7
KIRTUC_clean,199.3
KISVEO_clean,129.4
KITVEQ_clean,222.1
KIVDUQ_clean,202.8
KIVFAY_clean,199.5
KIVFEC_clean,200.4
KIYMIQ_clean,274.5
KIYQEQ_clean,257.9
KIYQIU_clean,299.6
KIYQOA_clean,296.5
KIYTOD_clean,258.5
KIYXUN_clean,290.7
KOBFIR_clean,196.0
KOBRAV01_clean,473.2
KOBRAV_clean,477.9
KOCCUC_clean,174.9
KOCWEF_clean,331.8
KOFPEB01_clean,344.3
KOFPEB02_clean,345.1
KOFPEB03_clean,343.1
KOFPEB04_clean,351.5
KOFPEB_clean,347.5
KOFVOS_clean,359.9
KOGYIP_clean,182.6
KOHDIW_clean,192.6
KOHKIC_clean,619.8
KOHKOI_clean,644.0
KOHLIE_clean,483.9
KOJTOU_clean,242.8
KOJZEP_manual,244.7
KOJZIT_clean,262.0
KOJZUF_clean,500.3
KOKKOL_clean,227.7
KOMCOG_clean,336.3
KOMDAT_clean,460.2
KOMGUP_clean,182.6
KOMVIT_clean,256.9
KONCIA_clean,232.8
KONSAJ_clean,588.4
KONYOB_clean,263.8
KOQLUZ_clean,281.9
KORNAI_clean,278.3
KOSJAF_clean,187.8
KOSJEJ_clean,185.0
KOSJIN_clean,188.1
KOSJOT_clean,186.7
KOSJUZ_clean,185.2
KOSKAG_clean,188.1
KOSKEK_clean,189.1
KOSKIO01_clean,183.0
KOSKIO_clean,185.0
KOSKUA_clean,189.3
KOSLAH_clean,191.5
KOSLIP_clean,185.8
KOSLOV_clean,184.7
KOSLUB_clean,184.1
KOSMAI_clean,185.7
KOTSIX_clean,286.9
KOVJAI01_clean,286.1
KOVJAI_clean,201.1
KOXFUA_clean,328.2
KOXGAH_clean,565.7
KOXGIP_clean,398.2
KOYRAT_charged,479.3
KOZNIY_clean,160.4
KOZQEX_clean,505.7
KOZSID_clean,206.6
KOZSOJ_clean,156.1
KUBQAA_charged,483.4
KUCDIW_clean,1223.3
KUCDOD_clean,233.7
KUDLUR_clean,345.2
KUDMAY_clean,344.6
KUDWAJ_clean,434.6
KUFBEU_clean,146.5
KUFTAI_clean,334.4
KUFVAK_clean,178.3
KUGZIW_clean,256.0
KUHNEI_clean,188.8
KUJMEJ_clean,156.4
KUJMIN_clean,210.7
KUJNEJ_clean,436.4
KUJNOT_clean,593.6
KUJNUZ_clean,610.3
KUJPAH_clean,513.4
KUJTUG_clean,625.0
KUKMUA_clean,359.1
KUKPOX_clean,401.4
KUKZOH_clean,911.3
KULLAG_clean,385.4
KULLEK_clean,360.8
KULMEK_clean,218.3
KULRIT_clean,260.5
KULZEY_clean,741.9
KUMGIK_clean,484.6
KUMGOQ_clean,160.1
KUNMUD_clean,287.7
KUNSUJ_clean,998.2
KUNWEW_clean,269.5
KUQWIE_clean,401.3
KUQXIE_clean,220.6
KUSZED_clean,106.1
KUTDAG_clean,500.3
KUTRUO_clean,626.3
KUVJIW_clean,151.2
KUVMIZ_clean,231.4
KUVMUL_clean,373.5
KUVYAD_clean,164.6
KUXLUL_clean,169.3
KUXREC_clean,140.2
KUYPIF_clean,188.2
KUZPEC_clean,355.9
KUZZAI_clean,301.0
la304204k_si_003_clean,590.6
la4012839_si_002_auto,655.8
LABJUV_clean,188.1
LABNAG_clean,201.2
LABNIO_clean,205.0
LABPOV_clean,450.7
LABPUB_clean,458.9
LABQAI_clean,460.2
LABRUE_clean,421.5
LACBID_clean,364.2
LACGED_clean,221.6
LACNUB_clean,479.5
LACQIS_clean,197.1
LACZEX_clean,131.4
LADHEF_clean,286.7
LADHIJ_clean,284.1
LADKEJ_clean,295.1
LADQEP_clean,388.7
LADQIT_clean,395.2
LADQOZ_clean,387.8
LADQUF_clean,388.4
LAFFEG02_clean,428.7
LAFQOA_clean,1609.4
LAFQUG_clean,1631.1
LAFRAN_manual,1555.2
LAFRER_manual,1595.9
LAFRIV_manual,1520.5
LAFROB_manual,1522.6
LAGBUS_clean,264.6
LAGDII_ion_b,275.7
LAGHIL_clean,284.5
LAGMUD_clean,169.9
LAGNAK_clean,168.8
LAGNEO_clean,214.6
LAGNIS_clean,216.5
LAGNOY_clean,224.4
LAGNUE_clean,221.7
LAGPAM_clean,166.0
LAGQER_clean,165.8
LAGQOB_clean,167.3
LAGTIY_clean,108.3
LAGVOG_clean,163.3
LAGWEX_clean_h,327.0
LAGWUN_clean,207.1
LAHTUM_clean,340.4
LAHVAU_clean,404.9
LAHYOL_clean,529.7
LAJJAK_clean,219.9
LAJLIT_charged,1174.2
LAJTIC_clean,77.2
LAKFIN_clean,450.7
LALFEL_clean,131.5
LALFUB_clean,220.8
LAMFEK_clean,266.8
LAMFIO_clean,150.8
LAMFOU_clean,178.8
LAMHAI_clean,145.1
LAPLEW01_clean,372.0
LAPZIO_clean,316.8
LAQNID_clean,183.3
LAQZOV_clean,267.1
LARNIE_clean,192.3
LARPEC_clean,277.8
LARPOL_charged,365.9
LARVIM_clean,247.8
LARXUA_clean,241.0
LASDEQ_clean,463.7
LASMAV_neutral,455.8
LASRAB_clean,98.5
LASREF_clean,119.8
LASRIJ_clean,105.7
LASWEJ_clean,236.4
LASWIN_clean,268.1
LASYOU_clean,292.7
LATCEO_clean,116.6
LATPIG_clean,235.7
LATYOX_clean,249.6
LAVCOD_clean,142.2
LAVCUJ_clean,69.4
LAVDOE_clean,275.1
LAVSUY_clean,148.9
LAVTAF_clean,148.4
LAVTEJ_clean,146.4
LAVTIN_clean,137.3
LAVTOT_clean,148.6
LAVTUZ_clean,144.1
LAVZOA_clean,180.5
LAVZUG_clean,117.6
LAWFOF_clean,407.4
LAWFUL_clean,403.6
LAWFUN_clean,329.2
LAWGAS_clean,402.8
LAWGEW_clean,95.4
LAWGIA_clean,95.1
LAWGOG_clean,94.1
LAWGUM_clean,96.2
LAWHOJ_clean,313.1
LAWHUP_clean,310.7
LAXJAX_clean,1585.3
LAYGAV_clean,606.5
LAZGOK_manual,229.5
LAZJIH_clean,160.3
LAZKUU_clean,384.1
LAZXOB_clean,187.4
LECFAC_clean,311.2
LECFEG_clean,313.8
LECFUW_charged,358.1
LECGIL_clean,103.9
LEDHEJ_clean,297.6
LEDHIN_clean,299.2
LEDLAJ_clean,465.9
LEDLEN_clean,298.4
LEDNEP_charged,359.5
LEDNIT_charged,336.0
LEGGEK_clean,268.0
LEGGIO_clean,524.4
LEHXUT_clean,188.3
LEJBUX_clean,95.5
LEJCAE_clean,98.7
LEJKIW_clean,232.8
LEJRIC_clean,180.4
LELDUD_clean,524.1
LELMIA01_clean,187.0
LELMIA_clean,183.7
LELROL_clean,332.4
LELRUR_clean,301.7
LEMVOP_clean,537.2
LENGAO_clean,273.8
LENKIA_clean,178.7
LEQQAA_clean,277.9
LEQQII_clean,281.5
LEQVUZ_clean,500.6
LESWAI_clean,291.5
LETDEU_clean,76.5
LETDUK_clean,133.4
LETPOR_clean,450.8
LETPUX01_clean,267.1
LETPUX_clean,277.2
LETQAE01_ion_b,299.3
LETQAE_clean,375.6
LETQEI_clean,469.1
LETRAF_clean,511.7
LEVBAQ_clean,462.5
LEVDIB_clean,189.7
LEVLEF_clean,501.4
LEVNOQ01_clean,297.8
LEVNOQ_clean,298.0
LEVPAF_clean,396.3
LEVYOC_clean,283.6
LEWMUX_clean,328.8
LEYFUS_clean,270.0
LEYPAI_clean,141.7
LEYQUD_clean,122.4
LEYRAK_clean,123.1
LEYREO_clean,120.3
LEZLAF_clean,340.7
LEZMIN_clean,206.2
LEZWUK_clean,286.8
LEZXAR_clean,295.2
LIBQIY_clean,120.8
LIBZIG_clean,196.6
LICKAL_clean,221.8
LIDWIG_clean,356.3
LIDZOP_clean,391.8
LIDZUV_clean,459.7
LIFSAW_clean,540.0
LIFSEA_clean,618.0
LIFWOO_clean,251.0
LIGHAM_clean,300.9
LIJNOJ01_clean,336.1
LIJNOJ_clean,333.4
LIKDOA_clean,179.7
LIPQOR_clean,653.4
LIQDAS_clean,304.7
LIQFEY_clean,211.6
LIQJEC_clean,187.0
LIRFIB_clean,58.2
LIRNOR_clean,702.6
LIRVAK_charged,404.1
LITCIC_clean,200.3
LITCOI_clean,403.2
LITDAV_clean,397.8
LITHUR_clean,156.1
LIVLUZ_clean,219.2
LIVTEP_charged,222.0
LIVTIT_clean,161.2
LIVWAQ_clean,143.4
LIWFOM_clean,181.6
LIWVIY_clean,162.3
LIWXIZ_clean,352.9
LIWXOG_clean,224.0
LIXWAR01_clean,300.4
LIXWAR_clean,302.2
LIXXAS_clean,190.3
LIZWEX_charged,425.7
LOBHAM_clean,329.5
LOCZIO_clean,263.1
LODKIA_clean,339.6
LODPUQ_clean,676.2
LOFVUY01_clean,680.8
LOFVUY_clean,658.0
LOFZUB_clean,213.4
LOGBAK_clean,237.0
LOGBEO_clean,229.7
LOGXEM_clean,495.5
LOJFOF_clean,649.1
LOJFUL_clean,160.8
LOJLAZ01_clean,161.2
LOJLAZ_clean,160.3
LOLREL_clean,614.4
LOLVAJ_clean,619.2
LOMLOQ_clean,207.4
LOMLUW_clean,200.5
LONVAN_clean,316.7
LONVIV_clean,313.8
LONWIW_clean,314.1
LOPZAS_clean,1686.5
LOQLEJ_manual,228.1
LOQLIN_SL,262.1
LORMOW_clean,294.9
LORROB_clean,296.3
LOSBOM_clean,279.0
LOSXIC_clean,204.1
LOTDIJ_clean,453.2
LOVLEP_clean,826.5
LOXBEH_clean,554.7
LOXKAM_clean,232.0
LOXWAY_clean,444.8
LOXWEC_clean,449.1
LUBMAW_clean,351.0
LUBNAZ_clean,264.7
LUCDAO_clean,203.2
LUCDES_clean,197.6
LUCDIW_clean,195.4
LUDCUK_clean,335.5
LUDKOM_clean,349.9
LUDKUS_clean,348.2
LUDLED_clean,652.9
LUDLIH_clean,654.2
LUDVIP_clean,256.5
LUFBUL_clean,267.8
LUFCAS_clean,282.6
LUFNAC01_clean,279.5
LUFNAC02_clean,256.2
LUFNAC03_clean,258.4
LUFNAC04_clean,257.1
LUFNAC05_clean,259.9
LUFNAC_clean,256.0
LUFNEG_clean,267.4
LUFQUZ01_clean,139.9
LUFQUZ02_clean,122.1
LUFQUZ_clean,166.1
LUJBAV_clean,266.2
LUJPUC_clean,149.7
LUJSOA_clean,201.6
LUKREO_clean,515.3
LUKRIS_clean,295.7
LULVOF_clean,485.5
LULXAS_clean,228.8
LUMDEC_clean,224.8
LUMLIQ_clean,250.6
LUMYEZ_clean,200.3
LUMYID_clean,204.8
LUMYOJ_clean,206.5
LUMYUP_clean,200.5
LUMZAW_clean,258.6
LUMZUO_clean,112.3
LUNBAX_clean,110.6
LUNBEB_clean,112.0
LUNBIF_clean,58.4
LUPTAS_clean,309.8
LUPYAX_clean,263.0
LUQGAG_clean,293.4
LURLOB_clean,195.1
LUSHIR_clean,346.7
LUSHOX01_clean,272.4
LUSHOX02_clean,270.8
LUSHOX03_clean,262.7
LUSHOX04_clean,266.1
LUSHOX_clean,240.2
LUSHUD_clean,351.3
LUSJEP_clean,339.5
LUSJIT_clean,383.5
LUSJOZ_clean,335.0
LUSYEF_clean,236.1
LUTSEA_clean,145.1
LUVTAY_clean,436.4
LUVWUU_clean,525.4
LUWMEX_clean,337.9
LUWMIB_clean,317.5
LUWMOH_clean,309.1
LUXDUE_clean,619.7
LUXFOA_clean,615.1
LUXFUG_clean,632.4
LUYBOY_clean,336.3
LUYHAP_clean,106.4
LUYSEF_clean,227.2
LUYSOP_clean,251.8
LUZBOY_clean,99.7
LUZJAT_clean,275.1
MABCUQ_clean,101.8
MABJUV01_clean,391.4
MABJUV_clean,403.0
MABKEG_clean,439.3
MABKIK01_clean,418.3
MABKIK_clean,569.2
MABLAD_clean,381.0
MACHIJ_clean,612.3
MACKAE_clean,158.4
MADVUJ_clean,310.8
MADWAQ_clean,304.8
MAFDII_SL,520.7
MAFJIO_clean,246.3
MAFLUD_clean,200.1
MAFMAK01_clean,193.3
MAFZIE_charged,333.7
MAGBAZ_clean,145.0
MAGBON_clean,254.4
MAGNEQ01_clean,104.8
MAGNEQ_clean,105.8
MAHCEG_clean,243.0
MAHCIK_clean,258.4
MAHCOQ_clean,253.4
MAHTAR01_clean,317.4
MAHTAR_clean,321.8
MAJHUC_clean,372.3
MAKFIQ_clean,216.0
MAKFOW_clean,201.2
MAKGAJ_clean,197.3
MAKHAJ_clean,198.8
MAKRAU_clean,252.7
MAKRIC_clean,269.0
MAKXAZ_clean,527.6
MALFUD_clean,151.0
MALROJ_clean,174.0
MALRUM_clean,289.9
MALRUP_clean,175.4
MALSAW_clean,172.0
MALSEA_clean,171.6
MALSIE_clean,172.3
MALSOK_clean,172.2
MALYIJ_charged,556.9
MANDUD_clean,393.1
MANLAP_ion_b,427.9
MANLIX_charged,953.3
MANLOD_manual,583.4
MAPCIP_clean,126.3
MAPCUE_clean,448.9
MAPFIS_clean,288.4
MAPLEX_clean,478.8
MAQBEO_clean,248.5
MAQBIS_clean,301.2
MAQRAA_clean,178.8
MARDAM_charged,577.6
MARJAQ_clean,179.4
MARNOL_clean,254.5
MARPOL_clean,505.6
MARXEK_clean,149.0
MASMIC_clean,132.7
MASZOX_clean,228.3
MASZUD_clean,224.5
MATBAM_clean,344.9
MATBEQ_clean,429.6
MATFIY_clean,325.7
MATPOP_clean,616.0
MATPUV_clean,339.6
MATTOR_clean,220.5
MATTUX_clean,353.0
MATWUC_clean,206.5
MATXAJ_clean,250.2
MAVFEV01_clean,159.7
MAVFEV_clean,160.6
MAVNUU_manual,299.7
MAWFAT_charged,554.6
MAWFEY_clean,444.9
MAWFIC_clean,233.1
MAWTUC_clean,218.0
MAWVAK_clean,222.3
MAXFIA_charged,242.9
MAXHOJ01_clean,114.8
MAXHOJ02_clean,116.2
MAXHOJ_clean,281.2
MAYJOM_clean,224.1
MAYKOO_clean,213.5
MAZSUD_clean,208.4
MEBMEM01_clean,179.8
MECWIB_clean,747.2
MEFJUE_clean,234.8
MEFYUT_clean,292.8
MEFZUU_manual,637.2
MEGBAD_clean,192.5
MEGBEH_manual,189.0
MEGFIN_clean,284.6
MEHMET_clean,108.7
MEJMOE_clean,388.0
MEJQEZ_clean,249.0
MEJQID_clean,248.6
MEJQOJ_clean,245.5
MEJZEI_clean,305.1
MEJZIM_clean,300.8
MEJZOS_clean,441.4
MEJZUY_clean,436.4
MEKBAH_clean,431.5
MEKDUC_clean,285.4
MEMGAN_clean,170.3
MEQHUL01_clean,175.0
MEQHUL_clean,180.0
METYIU_clean,226.1
MEWNEH_clean,242.8
MEXDEY_clean,299.3
MEXJAC_clean,74.4
MIBMER_clean,303.7
MICDEJ_clean,248.6
MIDCAF_clean,418.0
MIDSUP01_clean,151.0
MIDSUP_clean,240.8
MIFGEP01_clean,368.8
MIFGEP_clean,380.8
MIFKUJ_clean,341.2
MIFLIY_clean,165.0
MIFNUM_clean,338.7
MIFPUO_clean,356.3
MIFQOJ_clean,247.7
MIFROK_clean,351.4
MIFSAX_clean,347.7
MIFSUR_clean,387.1
MIFTEC_clean,345.4
MIFTIG_clean,337.8
MIFTUS_clean,356.1
MIFVEE_clean,340.5
MIHLAR_clean,321.8
MIHLEV_clean,251.9
MIHLIZ_clean,333.3
MIHLOF_clean,311.8
MIJHOD_clean,188.2
MIJMAU_clean,328.2
MIKDUH_clean,219.6
MIKJAR_clean,572.0
MILQIJ_clean,194.0
MILROQ_clean,734.5
MIMFOF_clean,402.8
MIMKIE_clean,172.3
MIMSOS_clean,500.9
MIMSUY_clean,418.9
MIMVEJ_clean,282.2
MINCIX_clean,229.3
MINCUJ_clean,236.4
MINVOU01_clean,143.3
MINVOU_clean,144.5
MINVUA01_SL,202.1
MINVUA_SL,212.6
MIQLII_clean,184.2
MIRLAB_clean,138.5
MISQIQ01_clean,737.7
MISQIQ02_clean,756.4
MISQIQ03_clean,494.5
MISQIQ04_clean,726.1
MISQIQ05_clean,730.1
MISQIQ06_clean,746.9
MISQIQ07_clean,717.7
MISQIQ_clean,742.5
MITGOL_clean,191.0
MITSAK_clean,153.6
MITSIS_charged,223.4
MITSUE_clean,153.0
MITTAL_charged,322.4
MIVFEE_clean,222.7
MIVFOO_clean,208.3
MIXBAY_clean,141.0
MIXBEC_clean,298.6
MIXBIG_auto,173.9
MIXYID_clean,268.7
MIXZOK_clean,223.1
MIYWIB_clean,224.5
MIZKOW_clean,310.5
MOCKAR_clean,104.6
MOCKEV_clean,98.2
MODJOG_clean,170.0
MODMIB_clean,119.9
MODNAU_charged,403.6
MODNOI_ion_b,381.6
MODNUO_ion_b,380.2
MOFBIU_clean,523.3
MOFKUO_clean,209.1
MOFLAV_clean,548.6
MOGNAY_clean,234.3
MOGXUB_clean,211.2
MOJNAC_clean,250.5
MOLKAB_clean,307.8
MOLQEL_clean,176.0
MOLRIP_clean,194.0
MOMRIR_clean,712.1
MOMSIS_clean,246.0
MOPKEJ_clean,735.4
MOPQIT_clean,241.1
MORFEG_clean,475.8
MORZID_clean,911.9
MOSBIG_clean,134.5
MOSDUT_clean,284.3
MOTMAK_clean,239.3
MOTVOI_clean,234.3
MOVGUB_clean,288.3
MOVHEM_clean,284.0
MOVKOZ_clean,294.9
MOXDOT_charged,490.5
MOXKAN_clean,595.2
MOXNIY_clean,281.5
MOXNUJ_clean,133.4
MOXNUK_clean,428.2
MOXPEV_charged,361.8
MOXPIZ_charged,170.3
MOXPUL_clean,130.2
MOYMET_clean,348.0
MOYNIY_clean,490.4
MOYYEF_clean,317.6
MOYYIJ_clean,144.0
MUBQIJ_clean,703.5
MUBZOA_auto,222.0
MUBZUG_auto,235.0
MUDLON_clean,295.9
MUDTAH_clean,321.8
MUDTEL_clean,322.5
MUFXUI_clean,313.6
MUFYAP_clean,311.9
MUGFOK_clean,442.6
MUGHED_clean,282.5
MUGQAI_clean,292.1
MUHNAG_clean,257.0
MUHNUA_clean,352.2
MUHPAI_clean,245.6
MUJRIT_clean,198.1
MULQOA_clean,252.4
MULSER_clean,201.3
MULXOH_clean,283.0
MUMYAW_clean,191.3
MUNDAC_clean,165.8
MUNDEG_clean,372.6
MUNDOQ_clean,182.0
MUNLUE_clean,207.1
MUNNUF_clean,338.0
MUNPAN_clean,332.5
MUNPER_clean,330.5
MUPTAU_clean,321.4
MUQSAU_clean,275.6
MURBEI_clean,151.5
MURCAD_clean,189.1
MURCIL_clean,153.9
MURCOR_clean,158.4
MURFIQ_clean,253.5
MURTUO_clean,370.3
MUSCAG_clean,506.9
MUSCIN_clean,333.3
MUSSIE_clean,275.7
MUTDIQ_clean,247.9
MUTVUT_clean,476.3
MUVGOA_clean,279.2
MUVGUG_clean,211.1
MUVHER_clean,209.2
MUVJIX_clean,272.6
MUVLUM_clean,250.2
MUVMOG_clean,445.8
MUVNAT_clean,204.2
MUVNEX_clean,382.8
MUVROM_clean,637.5
MUWQEB_clean,198.2
MUZGAQ_clean,556.6
MUZHUL_charged,170.7
MUZKAV_clean,406.8
MUZVUA_clean,204.3
NABCEA_charged,284.3
NABMUA01_clean,222.2
NABMUA_clean,221.0
NACVUI_clean,227.2
NACYAU_clean,167.7
NACYOG_clean,311.1
NACYUM_clean,307.1
NADKEK_clean,67.8
NADNEM_clean,262.2
NADZEZ_clean,337.6
NADZID_clean,236.4
NAFSOF_clean,83.6
NAGBUU_clean,565.6
NAGCAB_clean,321.0
NAGQET_clean,272.2
NAGQOD_clean,614.0
NAHFIO_clean,715.8
NAHHAI_clean,181.2
NAHNES_clean,358.0
NAJMIV_charged,416.5
NAJQUN_clean,422.0
NAJSUP_clean,288.3
NAJTAW_clean,213.1
NAKLIW_clean,194.2
NALWOO_clean,294.0
NALYEG_clean,160.1
NAMDUD_clean,753.3
NANTII_clean,154.2
NANYUX03_clean,155.6
NANYUX_charged,242.5
NAPNEA_clean,895.0
NAPZOV_clean,175.9
NAQLAT_clean,437.1
NAQQED_clean,182.5
NAQQIH_clean,182.1
NAQQON_clean,207.1
NAQQUT_clean,181.4
NAQRAA_clean,182.0
NAQREE_clean,178.8
NARMUR_clean,239.1
NARPOO_clean,264.2
NARPUU_clean,255.9
NASREH_clean,123.7
NASRIL_clean,126.6
NASROR_clean,345.2
NATFAS_clean,279.3
NATHOH_ion_b,365.1
NATHUO_clean,295.5
NATKIF_clean,228.0
NATKOL_clean,228.4
NAVJAW01_clean,178.8
NAVJAW_clean,183.8
NAVLIG_clean,259.3
NAWDUN_clean,344.1
NAWKII_clean,363.9
NAWWUG_clean,282.7
NAWXER_clean,145.7
NAXKOO_clean,209.0
NAXLII_clean,277.3
NAYGUR_clean,157.7
NAYMOQ_clean,187.4
NAYNIK_clean,155.9
NAYPIM_clean,608.5
NAYXOC_clean,365.9
NAYZOE_clean,325.7
NAYZUK_SL,274.3
NAZZEV_clean,301.8
nchem.2258-s3_clean,289.8
ncomms11831_ncomms11831-s2_clean,455.7
ncomms11831_ncomms11831-s3_clean,467.0
ncomms7350-s2_clean,409.0
NDAIAH_clean,197.8
NEBNOZ_clean,319.9
NEDVOJ_charged,219.5
NEDVUP_clean,207.5
NEDWAW_clean,199.7
NEDWEA_clean,188.6
NEDWIE_clean,116.0
NEDXOL_clean,345.5
NEFZOO_clean,246.1
NEGMUI_clean,265.8
NEGZUW_clean,257.0
NEHGEO_clean,723.6
NEHGIS_clean,708.7
NEHMET_clean,168.2
NEHZIK_clean,227.0
NEJRUR_clean,215.9
NEJSAY_clean,402.2
NEJSEC_clean,290.6
NEJSOM_clean,250.6
NEKBEL_clean,145.4
NEKMUN_clean,328.5
NEKREB_clean,220.3
NELVAC_clean,263.3
NELVEG_clean,257.1
NENFAN_clean,469.2
NENHAQ_clean,274.2
NEPWIQ_clean,303.8
NERMON_clean,185.0
NERNON_charged,418.1
NERTAH_clean,595.1
NERVAJ_clean,651.9
NERVEN_clean,614.2
NESVAK_charged,328.7
NESVEO_charged,221.9
NETHOJ_clean_h,229.5
NETYIV01_clean,313.0
NETYIV_clean,300.0
NEVJEF_clean,308.7
NEVPOU_clean,250.4
NEVPUA_charged,290.6
NEVQAH_charged,289.9
NEVVAM01_clean,237.6
NEVVAM02_clean,246.1
NEVVAM_clean,231.8
NEVVEQ_clean,306.2
NEXDOK_charged,690.3
NEXVET_clean,398.9
NEXVUI_clean,247.3
NEXXEV_clean,325.7
NEXXIZ_clean,346.4
NEYVEU_clean,711.7
NEYYUN_clean,162.3
NEYZAU_clean,158.6
NEZWOG01_clean,228.5
NEZWOG_clean,250.1
NIBHUC_clean,201.3
NIBJAK_clean,76.3
NIBXUT_clean,301.1
NIFTIH_clean,248.3
NIGBOW_clean,126.5
NIGDEO_clean,314.3
NIGDIS_clean,300.5
NIGFIT_clean,157.3
NIGFOZ_clean,164.2
NIGFUF_clean,164.1
NIGGAM_clean,158.1
NIGGEQ_clean,164.6
NIGGIU_clean,161.0
NIGNUO_clean,406.7
NIGPEA_clean,315.0
NIHBAI01_clean,228.1
NIHBAI02_clean,224.2
NIHBAI_clean,227.5
NIHBEM01_clean,236.0
NIHBEM02_clean,235.7
NIHBEM_clean,238.6
NIHBIQ01_clean,237.4
NIHBIQ02_clean,238.8
NIHBIQ_clean,239.8
NIHVUX_clean,223.2
NIJTOR_clean,355.0
NIJZIP01_clean,160.8
NIJZIP_clean,112.9
NIJZOV_clean,109.3
NIKDAM_clean,232.4
NIKJIB_clean,393.8
NIKKIC_clean,322.9
NIKYOW01_clean,241.0
NIKYOW02_clean,239.3
NIKYOW_clean,238.9
NIKYUC01_clean,236.4
NIKYUC02_clean,238.5
NIKYUC_clean,239.8
NIKZAJ01_clean,237.8
NIKZAJ02_clean,239.2
NIKZAJ_clean,245.8
NIKZEN01_clean,235.6
NIKZEN02_clean,238.8
NIKZEN_clean,239.9
NIMPEG01_clean,182.0
NIMPEG_clean,208.8
NIMPOQ_clean,383.3
NIMTAE_clean,332.4
NIMXAK_clean,209.7
NIMXIS_clean,202.0
NINHOH_clean,56.5
NINVAI_clean,174.8
NIRGAY_clean,287.3
NISBEX_clean,460.2
NISPEL_charged,496.0
NIVZOJ_clean,133.3
NIYJAI_clean,550.8
NIYZIG_clean,258.6
NIZNAN_clean,438.1
NIZZAY_clean,430.0
NIZZEC_clean,266.6
NIZZIG_clean,199.2
NIZZOM_clean,202.2
NOBVOR_clean,280.4
NOCKOG_clean,266.9
NOCKUM_clean,313.0
NOCLOH01_clean,218.5
NOCLOH02_clean,214.9
NOCLOH03_clean,209.9
NOCLOH_clean,214.2
NOCLUN_clean,181.9
NOCYUB_clean,374.3
NOCZAI_clean,365.1
NODKAT_clean,344.9
NODKOH_clean,351.9
NODKUN_clean,180.8
NOFDUI_clean,428.9
NOFHOG_clean,190.8
NOFQAB_clean,1584.5
NOFQIK_clean,220.0
NOFQOQ_clean,227.8
NOGDAP_clean,336.4
NOHFOG_clean,179.6
NOHLAZ_clean,143.2
NOHSIM01_clean,228.2
NOHSIM_clean,184.4
NOHSUA_clean,388.0
NOKJON_clean,144.6
NOKLIJ_clean,180.0
NOKPEJ_clean,212.7
NOMQAJ01_clean,264.7
NOPJOT_clean,237.3
NOQKOV_clean,273.4
NOQKUB_clean,286.3
NORBUT_clean,936.3
NORGOS_clean,244.2
NOSHEK_clean,213.3
NOSJIQ_charged,1067.6
NOSTUM01_clean,291.6
NOSTUM_clean,200.6
NOWGIR_clean,281.5
NUBBAP_clean,217.9
NUBPIL_clean,96.6
NUCBIY_clean,855.0
NUCCEV_clean,501.3
NUCPEI_clean,189.2
NUCYAN_clean,153.7
NUCYER_clean,156.0
NUCYIV_clean,328.7
NUDLIJ_clean,199.4
NUDMAC_clean,290.3
NUDMEG_clean,284.7
NUDMOQ_clean,296.2
NUDMUW_clean,281.8
NUDNEH_clean,289.4
NUFBEX_clean,183.6
NUFBOH_clean,359.4
NUFBUN_clean,212.2
NUFCAU_clean,195.0
NUFTOY_charged,232.7
NUGRIR_clean,580.0
NUGROX_clean,641.8
NUHNUA_clean,401.6
NUHPAI_clean,331.0
NUHQAK_clean,324.2
NUHQIS_clean,464.4
NUHQOY_clean,460.5
NUHQUE_clean,459.5
NUHRAL_clean,460.7
NUHZAS_clean,388.9
NUJCEA_clean,237.2
NUJCIE_clean,241.6
NULMAJ_clean,158.0
NUNCEG_clean,327.8
NUNNUH_clean,125.9
NUNPAP_clean,124.8
NUNSIA_clean,506.8
NUNSOG_clean,519.2
NURMUJ_clean,184.4
NUTQAV_clean,96.9
NUTYEI_clean,397.6
NUTYIM_clean,404.6
NUVBIQ_clean,194.1
NUVWEH_clean,316.9
NUVXOT_clean,235.8
NUVYOT_clean,408.5
NUWBOX_clean,209.5
NUWPOM_clean,229.1
NUWVIM_clean,854.1
NUYNEC_clean,154.1
NUYQUU_clean,187.8
OBAFEF_clean,159.5
OBAFOP_clean,311.1
OBAHIL_clean,451.9
OBAHOR_clean,465.6
OBAHUX_clean,441.0
OBAJAF_clean,451.0
OBEDAA_charged,350.7
OBEDEE_clean,323.0
OBIBAF_clean,359.0
OBIBEJ_clean,273.6
OBIBOT_clean,352.3
OBODEQ_clean,160.8
OBOGUK_clean,104.8
OBONUO_charged,448.3
OBUBOC_manual,265.4
OBUFEX_clean,293.3
OBUFIB_SL,466.6
OCACUR_clean,187.0
OCAQOY_clean,277.3
OCOKUP_clean,296.3
OCUGEZ01_clean,217.4
OCUGEZ_clean,212.9
OCUMIL_clean,391.8
OCUMOR_clean,430.7
OCUNAC_manual,2656.0
OCUNAE_clean,383.9
OCUPUY_clean,252.0
OCURAG_clean,235.1
OCUSIP_clean,255.7
OCUSOV_clean,235.4
OCUSUB_clean,221.1
OCUTEM_clean,234.9
OCUVUF_clean,290.5
ODAHIK_charged,239.6
ODERIZ_clean,244.0
ODEZAB_clean,278.1
ODIMAQ_clean,159.5
ODIVUU_clean,240.7
ODIXEG_clean,182.9
ODODES_clean,446.6
ODODIW_clean,337.8
ODODOC_clean,339.0
ODODUI_clean,359.2
ODOMIF_clean,177.4
ODOXEK_clean,324.1
ODUNEH_clean,307.2
OFAWAV_clean,88.0
OFAWEZ_clean,143.3
OFEHAK_clean,208.0
OFEREX_clean,150.5
OFERUN06_clean,190.4
OFERUN_clean,259.6
OFESAU_clean,354.1
OFESEY_clean,342.7
OFESIC_clean,344.5
OFOCUI_clean,403.3
OFODET_clean,291.4
OFUCAV_clean,234.2
OFUCEZ_clean,208.9
OFUYUL_SL,297.1
OGAGAF_clean,272.9
OGAGEJ_clean,186.7
OGAGIN_clean,339.6
OGAXUR_clean,299.9
OGEBAF01_clean,240.6
OGECOU_clean,303.2
OGIBOV_clean,991.3
OGIBUD_clean,181.5
OGIKAR_clean,929.4
OGIYOT_charged,348.3
OGIYUZ_clean,323.1
OGOJOJ_charged,350.7
OGOWAJ_clean,352.0
OGUJIL_clean,316.0
OGUPIQ_clean,460.7
OGURAK_charged,237.0
OHAKEO_clean,244.8
OHAKIS_clean,279.6
OHIHET_clean,366.2
OHOMIH_clean,250.0
OHUMEL_clean,1397.2
OJAZOP_clean,677.4
OJICEQ_charged,555.9
OJICUG_clean,145.4
OJIDAN_clean,338.8
OJIWAG_clean,311.0
OJIWIO_clean,330.0
OJONOQ_clean,90.9
OJORUC_clean,235.9
OKABAE_clean,183.7
OKABEI_clean,190.9
OKAYAC_clean,458.7
OKAYEG_clean,474.5
OKAYOQ_clean,234.5
OKAYUW_clean,235.1
OKAZAD_clean,238.9
OKELOH_clean,221.7
OKIJUO_charged,282.4
OKIKAV_charged,271.5
OKIKEZ_charged,291.8
OKILEA_clean,174.4
OKIQEG_clean,437.8
OKITAE_clean,162.7
OKITIM01_charged,349.1
OKITIM02_charged,344.5
OKITIM_charged,322.4
OKIVAG01_charged,335.6
OKIVAG_charged,337.1
OKIVIO01_charged,339.8
OKIVIO02_charged,347.9
OKIVIO_charged,334.6
OKIVUA_clean,282.6
OKIWEL01_charged,340.6
OKIWEL02_charged,336.2
OKIWEL_charged,345.1
OKIWUB01_charged,323.0
OKIWUB02_clean,292.7
OKIWUB_charged,322.6
OKIXIQ01_charged,317.5
OKIXIQ02_charged,350.7
OKIXIQ_charged,318.7
OKIYAJ01_clean,290.8
OKIYAJ_charged,349.8
OKIYIR01_charged,320.7
OKIYIR02_charged,335.3
OKIYIR03_charged,379.9
OKIYIR_charged,355.4
OKOSUE_clean,316.2
OKUKOW_clean,871.7
OKUSUK_clean,805.8
OKUTAR_clean,717.4
OKUTEV_clean,756.9
OLAGIR_clean,309.5
OLANAS_clean,270.9
OLANEW_clean,357.2
OLAQOI_clean,503.6
OLEKUM_manual,476.6
OLICIX_clean,873.4
OLOGEC_clean,359.0
OLOPEM_clean,631.4
OLOYOF_clean,267.7
OLUCAZ_clean,233.7
OLUROC_clean,312.2
OLURUI01_charged,270.5
OLURUI_charged,270.0
om701262m-file004_clean,344.3
OMAMEU_clean,216.7
OMIMEE_clean,1370.2
OMIPAD_clean,621.4
OMIPEH_clean,1069.6
OMITUB_clean,1070.1
OMOVET_clean,230.1
OMUSAS_clean,98.2
ONEJUN_clean,310.6
ONEYOW_clean,262.0
ONUKAL_clean,253.9
ONUQOE_clean,456.7
OPAGIX_clean,351.4
OPAMOI_clean,172.5
OPENUT_clean,161.9
OPIFUQ_clean,858.6
OPINIL_clean,99.1
OPIPUZ_clean,456.3
OPIWEQ_clean,355.4
OPIXUI_clean,499.5
OPIYAP_clean,347.8
OPOBIF_clean,330.9
OPOZEZ_clean,238.5
OPUDOT_clean,308.4
OQANIE_clean,279.7
OQEPUW_clean,438.8
OQEROS_clean,248.7
OQERUY_clean,326.1
OQESAF_clean,248.2
OQESEJ_clean,248.5
OQETEK_clean,93.0
OQIQEM_clean,189.1
OQIQIQ_clean,190.7
OQIQOW_clean,190.2
OQIQUB01_charged,407.0
OQIQUB_charged,409.6
OQIRAI_charged,327.5
OQIZUL_clean,648.1
OQOJUB_clean,354.1
OQUCOU_clean,272.8
OQUFAJ02_clean,299.2
OQUFAJ04_clean,264.2
OQUFAJ_clean,258.9
OQUFOX_clean,258.3
OQUGUE_clean,313.6
OQUWUU_clean,1248.9
OQUXAB_clean,484.6
OQUXEF_clean,442.6
OQUXIJ_clean,445.7
OQUZIL_clean,453.6
ORAGEU_clean,179.8
ORAGOF_clean,344.6
ORAQUU_clean,617.6
OREZES_clean,205.6
ORIBAU_clean,158.3
ORIVOC_clean,356.4
ORIVUI_clean,349.5
ORIWAP_clean,349.9
ORIWET_clean,356.4
OROKEN_clean,208.2
OROLUD_clean,207.8
ORUKET_clean,176.9
ORUKOD_clean,506.9
ORULEU_clean,321.5
OSAVEK_clean,176.9
OSAVUA_clean,157.3
OSAWEL_clean,223.2
OSIKIL_clean,427.3
OSIKUX_clean_h,433.3
OSILOS_charged,292.2
OSIWUJ_clean,302.6
OSIXEU_clean,291.4
OSIXIY_clean,434.0
OSOTUN_clean,1245.2
OSUVIJ_clean,416.3
OSUWEF_clean,546.6
OTABES_clean,107.4
OTALUS_clean,917.9
OTAQAD_clean,125.1
OTATOT_clean,216.4
OTAVAH_clean,222.6
OTAVOV_clean,221.3
OTAVUB_clean,216.4
OTAWIR_clean,273.1
OTECAT_clean,542.7
OTEGUR_clean,172.0
OTEHAY_clean,168.6
OTIBUQ_clean,170.9
OTIJAE_clean,445.5
OTIPAK_clean,307.4
OTIPEO_clean,242.4
OTIPUE_clean,305.2
OTIQAL_clean,281.3
OTODEI_clean,540.4
OTODOS_clean,548.3
OTOLIU_clean,390.8
OTOVAW_clean,315.3
OTOVIE_clean,273.4
OTUDEO_clean,204.4
OTUDIS_clean,214.6
OTUXUX_clean,543.9
OTUYEJ_clean,148.1
OVEHUT_clean,214.6
OVEJIJ_clean,164.0
OVEXOD_clean,521.7
OVICUS_clean,336.3
OVIWIA_clean,162.6
OVIZID_clean,395.3
OVUCOY_clean,215.8
OVUDAL_clean,204.6
OWAVIS_clean,330.5
OWAVOY_clean,240.8
OWETIU_clean,244.0
OWEYOF_clean,401.3
OWIHEJ_clean,173.0
OWIHIN_clean,170.0
OWIHOT_clean,169.2
OWIHUZ_clean,167.8
OWIJAH_clean,168.4
OWIJEL_clean,170.9
OWIJIP_clean,171.7
OWIJOV_clean,169.0
OWILAJ_clean,334.0
OWIYUP_clean,1123.5
OWIZAW_clean,205.5
OWUWOU_clean,528.5
OWUWUA_clean,524.7
OXALAB_clean,183.9
OXALEF_clean,189.2
OXALIJ_ion_b,195.7
OXALOP_clean,224.3
OXALUV_SL,299.7
OXAPEJ_charged,411.6
OXEVOE_clean,192.9
OXITOF_clean,159.2
OXOLAP_SL,313.7
OXOZUY_clean,524.8
OXUPUT_clean,211.2
OYEJOS_clean,324.5
OYERER_clean,139.4
OYERIV_clean,311.3
OYEROB_clean,257.3
OYERUH_clean,377.3
OYEWEW_clean,202.0
OYEWIA_clean,156.5
OYIVEY_clean,239.4
OYIVIC_clean,206.5
OYIVOI_clean,223.0
OYOSAX_clean,331.5
OYUSAD_charged,256.7
OZAVES_clean,166.2
OZAVOC_clean,187.0
OZAVUI_clean,178.1
OZUKOL_clean,287.5
OZUKUR01_clean,257.8
OZUKUR_clean,286.5
OZULAY_clean,285.0
OZULUS_clean,352.5
OZUMAZ01_clean,358.6
OZUMAZ_clean,353.2
OZUMIH_clean,356.8
PACGIM_clean,436.4
PACZOK_clean,491.0
PACZUQ_clean,287.9
PADBAZ_charged,282.7
PAFMUH_clean,281.5
PAHPOG_clean,442.1
PAJSAX_clean,250.9
PAKFAL_clean,325.6
PAKFEP_clean,321.5
PAKXIK_clean,312.2
PALTON_clean,419.7
PAMHIW_clean,375.2
PAMTII_clean,181.6
PAMTOO_clean,181.6
PAMTUU_clean,188.3
PAMVEG_clean,228.6
PANYOU_charged,421.6
PAPROO_clean,353.3
PAPRUU_clean,328.6
PAPVAF_clean,305.4
PAPXUB_clean,356.1
PAQMEB_clean,199.1
PAQVEK_clean,321.9
PARHAS_clean,115.5
PARHEW_clean,116.1
PARKUQ01_clean,157.5
PARKUQ_charged,249.1
PARMIG_clean,271.4
PARNIH_clean,210.6
PARNON_clean,322.7
PASMUT_clean,267.0
PASNAA01_clean,289.1
PASNAA_clean,299.7
PASTOU_clean,421.2
PATNAB_clean,110.1
PATWOY_clean,272.5
PAVKIH_charged,570.0
PAVLOO_clean,212.6
PAVMAB_clean,216.4
PEBNEP_clean,471.9
PECLEP_clean,436.4
PEDMER_clean,207.9
PEDMOB_clean,303.1
PEDRIA_clean,402.7
PEFJUF_clean,152.0
PEFRID01_clean,418.6
PEFRID_clean,289.7
PEFRUP01_clean,428.3
PEFRUP_clean,288.0
PEFSUQ_clean,253.9
PEGBAG_clean,312.7
PEGBUA_clean,321.0
PEGCAH_clean,338.5
PEGCEL_clean,351.4
PEGCIP_clean,366.5
PEGPOI_clean,314.9
PEGQID_clean,198.5
PEGQOJ_clean,202.1
PEGQUP_clean,207.3
PEHQID_neutral,388.8
PEHTON_clean,507.8
PEJFOA_clean,528.7
PEJFUG_clean,381.2
PEJMOI_clean,192.1
PEJMUN_charged,430.6
PEJNUP_clean,162.5
PEJPAX_charged,194.7
PEJPIF_charged,292.9
PEKCUF_clean,348.7
PEKDAM_clean,242.0
PEKZIP_clean,236.2
PELGOE_clean,264.8
PELQII_clean,368.9
PELRIJ_clean,275.1
PELXIP_clean,325.5
PEMGIZ_charged,432.5
PEMREG_clean,354.1
PEMRIK_clean,348.1
PENNAZ_clean,256.5
PENNON_clean,141.1
PENNUT_clean,417.5
PENYIR_clean,278.5
PENZIS_clean,204.0
PEPBAO_clean,282.7
PEPFAT_clean,485.9
PEPKOL_clean,403.2
PEPKUR_clean,339.0
PEPLAY_clean,185.5
PEPLEC_clean,194.8
PEPLIG_clean,195.6
PEPLOM_clean,195.0
PEQRUZ_clean,267.1
PEQWAK_clean,258.5
PESTUD_clean,334.6
PETWOC_clean,255.0
PEVFON_clean,228.0
PEVLIN_clean,214.9
PEVQIS_clean_h,435.4
PEVQOY_clean_h,427.2
PEVXAQ_clean,328.5
PEWGEF_clean,161.9
PEWLUA_clean,214.7
PEWXUL01_clean,442.7
PEWXUL_clean,422.4
PEXFAA_clean,117.4
PEXTUI_clean,171.6
PEYPAM_SL,364.2
PEYPIU_clean,367.0
PEYSIW_clean,421.1
PEYVEV_clean,227.1
PEZCII_clean,308.0
PIBGAK_clean,204.8
PIBNUK01_clean,363.2
PIBNUK_clean,357.6
PIBPAS01_clean,298.9
PIBPIA_clean,367.7
PICTIG_clean,195.0
PIDMEV01_clean,244.0
PIDMEV_clean,234.9
PIGXUZ_clean,411.2
PIHNUQ_clean,413.7
PIHWAG_clean,208.3
PIHWOU_clean,183.4
PIJDIX_clean,199.7
PIJJEZ_clean,1677.3
PIJJOI_clean,289.6
PIJROR_clean,221.9
PIQFIG_clean,142.0
PIQMOT_clean,402.8
PIQMUZ_clean,392.2
PITPEP_clean,382.7
PIWSEV_clean,308.1
PIYZAZ_clean,62.9
PIYZED01_clean,117.3
PIYZED02_clean,119.2
PIYZED03_clean,118.6
PIYZED_clean,124.1
PIZHOX_clean,181.6
PIZNOB_clean_h,171.5
PIZPAP_clean_h,227.4
PIZPET_clean_h,232.4
PIZPIX02_clean,219.6
PIZPIX_clean_h,230.0
PIZPOD_clean_h,231.0
PIZQUM_clean,304.7
PIZRAT_clean,306.9
PIZRUN_clean,306.4
PIZSAU_clean,292.5
POBMOJ01_clean,389.5
POBNEA_clean,88.9
POBVIN_clean,595.6
POBYAH_charged,270.2
POCPAZ_clean,465.5
PODKOK_clean,362.2
PODKUQ_clean,438.1
PODVIP_clean,365.6
PODXEN_clean,537.2
POFGUO_clean,469.8
POFSIN01_clean,122.9
POFSIN02_clean,119.4
POFSIN03_clean,118.6
POFSIN04_clean,118.5
POFSIN_clean,117.2
POHCOG_clean,216.1
POHWIU_clean,139.5
POKGEC_clean,205.5
POKSAL_clean,416.5
POKSEP_clean,400.2
POKSIT_clean,397.2
POKSOZ_clean,384.9
POKTIU_clean,355.9
POKVAO_clean,389.4
POLBEX_clean,571.0
POLBIB_clean,132.4
POLBUN_clean,455.4
POLDOK_clean,435.2
POLDUQ_clean,423.0
POLYEW_clean,460.8
POMMAH_clean,195.6
POMSER_clean,312.9
POMSOB_clean,237.6
PONPOX_clean,557.7
PONSOC_clean,485.0
PORGAE_clean,237.4
PORLAL_clean,249.4
PORLEP_clean,439.3
PORVID_clean,206.6
PORVUO_clean,246.3
POSFIO_clean,342.5
POSGAH_clean,182.5
POTNET_clean,232.7
POTREX_clean,377.1
POYPAW_clean,412.2
POZHUI_ion_b,187.4
PUDSIR01_clean,176.0
PUDSIR_clean,177.9
PUDSOX_clean,176.0
PUDSUD_clean,175.2
PUFRIR_clean,235.4
PUGGOP_clean,376.6
PUGPEO_clean,163.8
PUGSER_clean,388.8
PUGSOB_clean,413.5
PUGSUH_clean,387.5
PUJJEL_clean,353.0
PUJQEQ_clean,336.0
PUKSUL_clean,91.1
PUKVAU_clean,317.2
PULMIU_clean,340.6
PUMDIM_clean,202.3
PUMGIP01_clean,485.0
PUMNIV_clean,108.8
PUMNOB_clean,103.8
PUNSIB_clean,405.3
PUPHUE_clean,456.6
PUQDOW_clean,454.5
PUQXUV_clean,387.7
PUQYAC_clean,380.9
PURJES_clean,453.7
PURJIW_clean,404.8
PURNEX_clean,383.5
PURNIB_clean,530.3
PURSOK_clean,207.3
PUSXIL_charged,178.1
PUTYAE_charged,293.9
PUTYEI_clean,219.5
PUVJOG_clean,156.2
PUWCUF_clean,227.7
PUWDAM_clean,229.7
PUWDEQ_charged,243.8
PUWDIU_clean,237.4
PUWDOA_clean,328.7
PUWVAG_clean,297.4
PUWXAH_clean,314.0
PUYHOI_clean,146.6
PUYZUF_clean,179.7
PUZJOL_clean,187.2
PUZKOM_clean,325.8
PUZKUS_clean,231.4
PUZLAZ_clean,170.5
PUZLUS_clean,338.3
PUZMAZ_manual,1516.8
PUZTOV_clean,413.6
PYDCUT_clean,140.1
QADBII_clean,301.2
QADWEA_clean,227.4
QADWIE_clean,227.0
QADWOK_clean,227.3
QADWUQ_clean,229.6
QADXAX_clean,228.4
QAGDIO_clean,237.7
QAGQEW_clean,489.0
QAGTOH_clean,361.0
QAHQOH_clean,247.3
QAJKIV_clean,500.8
QALGUH_SL,146.3
QALHAO_clean,607.0
QALHES_clean,604.1
QALHIX_clean,365.2
QALWUV_clean,270.2
QAMVEH01_clean,295.4
QAPQEE_clean,200.9
QAQHOG_clean,314.4
QAQMON_clean,215.6
QAQNOO_clean,233.1
QAQRUW_clean,287.4
QAQSAD_clean,216.2
QARCET_clean,315.3
QASSUZ_clean,169.2
QATHOK_clean,287.8
QATKII_clean,269.1
QATKOO_clean,264.5
QATLEE_clean,598.1
QATPOR_clean,327.2
QATVUE_clean,300.0
QATXIU_clean,572.1
QAVBUL_clean,179.3
QAVPIO_clean,289.3
QAVWAN_clean,409.4
QAWDID_clean,55.1
QAWPIO_clean,185.4
QAWREM_clean,334.6
QAWRIQ_clean,344.1
QAYTOZ_charged,435.2
QEBGAH_clean,252.4
QEBGEL_clean,321.7
QEBKUF_SL,421.0
QEFNAQ_clean,227.3
QEFWUV_clean,175.4
QEGGUE_charged,755.0
QEGHEP_clean,807.0
QEJYIP_clean,286.9
QEPZOB_clean,248.9
QEPZUH_charged,383.5
QEQZUH_clean,265.1
QERWAL_clean,321.0
QERZUI01_clean,330.9
QESLOQ_clean,181.6
QESYOD_clean,224.8
QETCUO_clean,221.5
QETHUT_clean,634.5
QEVKOS_clean,327.6
QEWDON_clean,255.1
QEZZOL_clean,249.3
QIBTAW_charged,878.2
QIBTEA_charged,880.5
QIGBIR_clean,91.9
QIHXIQ_clean,187.5
QIJLAW_clean,130.4
QIPROY_clean,176.8
QIQTAN_clean,361.5
QIQZIB_clean,284.2
QIRWAR_clean,222.4
QIRYAS_clean,223.8
QISNAJ_clean,96.2
QISNEN_clean,97.4
QISNIR_clean,97.1
QITDOO_clean,395.8
QITXAU_clean,259.3
QITYOI_clean,227.8
QIVJAG_clean,98.8
QIVQAP_clean,1692.8
QIVYUR_clean,409.4
QIWCOQ_clean,310.5
QIWDOR_clean,364.6
QIWGOU_clean,644.3
QIWPET_clean,204.8
QIXNES_clean,177.7
QIXNIW_clean,175.4
QIXSOG01_clean,78.8
QIXSOG_clean,81.2
QIYDAF_clean,279.6
QIYDEJ_clean,309.8
QIYDIN01_clean,714.4
QIYDIN_clean,81.4
QIYDOT_clean,94.1
QIZLIW_clean,364.6
QOBGEV_clean,255.3
QOBPEE_clean,426.8
QOCBUH_clean,427.0
QOCRUW_clean,154.9
QOCSAD_clean,172.7
QOCSEH_clean,152.9
QODHUO01_clean,635.2
QODHUO02_clean,653.6
QODHUO03_clean,628.2
QODHUO04_clean,639.7
QODHUO05_clean,603.5
QODHUO06_clean,623.8
QODHUO07_clean,627.9
QODHUO08_clean,623.1
QODHUO09_clean,617.9
QODHUO10_clean,619.6
QODHUO11_clean,628.7
QODHUO12_clean,626.5
QODHUO13_clean,616.2
QODHUO_clean,658.6
QODPOQ_clean,630.6
QODQEH_clean,608.0
QODSUZ_clean,628.4
QOFBIY01_clean,616.0
QOFBIY02_clean,635.7
QOFBIY_clean,621.8
QOFCAR_clean,644.5
QOFCIZ_clean,637.1
QOFCOF_clean,638.9
QOFDAS_clean,639.8
QOFDEW_clean,610.2
QOFDIA01_clean,639.9
QOFDIA02_clean,620.2
QOFDIA05_clean,621.7
QOFDIA06_clean,621.9
QOFDIA07_clean,625.1
QOFDIA08_clean,635.1
QOFDIA_clean,640.8
QOFDOG_clean,624.3
QOFKUT_clean,317.4
QOFLAA_clean,131.5
QOFPAE_clean,115.5
QOHTUD_clean,242.4
QOHYET_clean,382.4
QOJTUE_clean,157.8
QOJVAM_clean,188.7
QOKCID_clean,397.9
QOKKAE_clean,209.1
QOLVET_clean,897.4
QOMDUS_clean,216.8
QOMFEE_clean,384.7
QOMRUH_clean,181.2
QOMSAO_clean,176.5
QOMSES_clean,178.5
QOMTET_clean,357.3
QONKUB_clean,178.0
QONLAI_clean,182.5
QONLEM_clean,179.7
QONLIQ_clean,199.7
QONQAM_clean,160.7
QONQEQ_manual,207.6
QOPCEE_clean,247.1
QOPDEE_clean,201.5
QOPPES_clean,192.2
QOPPOC_clean,257.6
QOPZIF_clean,199.7
QOQWOK01_clean,243.3
QOQWOK_clean,240.9
QOSJEP_clean,300.0
QOSJIT_clean,336.8
QOSJOZ_clean,334.8
QOSJUF_clean,341.3
QOSKAM_clean,353.2
QOSXOM_clean,423.9
QOTZEG_clean,197.4
QOVDAH_clean,334.5
QOVDEL_clean,331.8
QOVSOL_clean,496.9
QOWLEU_clean_h,168.4
QOWQUO_manual,386.4
QOWRAV02_clean,810.8
QOWRAV04_clean,839.8
QOWRAV05_clean,803.6
QOWRAV06_clean,845.2
QOWRAV07_clean,812.4
QOWRAV08_clean,822.5
QOWRAV09_clean,814.3
QOWRAV10_clean,830.8
QOWRAV11_clean,817.3
QOWRAV12_clean,798.6
QOXFIU_clean,294.2
QOXNIB_clean,327.4
QOYLOG_clean,256.9
QOZDOY_clean,339.5
QOZFUG_charged,442.2
QOZGAP_clean,210.4
QOZPIG_clean,204.2
QOZPOM_clean,249.8
QOZWAF_clean,814.3
QUBWIU_clean,255.6
QUBZAP_clean,403.3
QUDGED_clean,385.8
QUDJIJ_clean,231.9
QUDJOP_clean,241.9
QUFTAM_clean,285.3
QUGPAJ_charged,248.3
QUJJUC_clean,294.1
QULLEP_clean,229.9
QULMIU_clean,221.0
QUMFUB_clean,176.1
QUNVIG_clean,695.0
QUNWAZ_clean,387.8
QUPDEL01_clean,255.7
QUPDEL_clean,296.7
QUPHUF_clean,495.9
QUPJAN_clean,382.7
QUQBAH_clean,371.3
QUQFIS_clean,228.3
QUQFOY_clean,225.2
QUQGAL_clean,207.9
QUQHAM_clean,290.6
QUQPOI_SL,181.4
QUQWOQ_clean,161.1
QUQWUW_clean,241.6
QUQYUY_clean,378.4
QURSEC_clean,442.1
QUSBIP_clean,207.4
QUSBIQ_charged,312.8
QUSCAJ_clean,308.4
QUSCEN_clean,415.2
QUSHUJ_clean,671.6
QUSQIG_clean,586.5
QUSRIH_clean,268.8
QUSRUT_clean,145.4
QUSSII_clean,290.6
QUTTII01_clean,175.2
QUTTII_clean,188.5
QUWYEO_clean,457.4
QUXQUX_clean,449.3
QUXRAE_clean,448.9
QUXREI_clean,454.6
QUXRIM_clean,433.4
QUXROS_clean,460.4
QUXRUY_clean,464.0
QUZVEO_clean,125.8
QUZZES_clean,296.2
RABHAZ_clean,295.5
RABHIH_clean,308.9
RACHUA_clean,1076.2
RACZEC_clean,347.0
RAFNIV_clean,402.2
RAFNUH01_clean,389.5
RAFNUH_clean,191.1
RAGMOE_clean,289.1
RAGREY_charged,225.5
RAHBUZ_clean,241.9
RAHMAP_clean,189.5
RAHNOF_clean,353.1
RAJFAM_clean,290.1
RAJFEQ_clean,278.0
RAKCUC_clean,240.1
RAKDAJ_clean,402.2
RAKDEN_clean,256.0
RAKMOF_clean,97.9
RANNOM_clean,257.1
RANNUS_clean,251.3
RANPAA_clean,261.4
RANWAH_clean,801.7
RAPBOZ_clean,184.1
RAPYUE_clean,138.9
RASGAT_clean,123.7
RASKIH_clean,347.4
RASKON_clean,228.9
RASXEP01_clean,196.3
RASXIT_clean,201.6
RATRUB_clean,204.7
RATSAI_clean,223.4
RAVJOP_clean,523.1
RAVVIU01_clean,223.4
RAVVIU_clean,221.3
RAVVUH_clean,186.3
RAVWAO_clean,290.4
RAVWES_clean,217.8
RAVWIW_clean,124.6
RAVWOC_clean,128.0
RAVWUI_clean,159.4
RAVXAP_clean,260.6
RAVXET_clean,270.2
RAVXIX_clean,361.2
RAVXOD_clean,439.5
RAWZIA_clean,280.3
RAXCAW_charged,281.6
RAXQEO_clean,310.8
RAYFAA_clean,338.7
RAYFEE_clean,223.4
RAYKIN_clean,390.8
RAYLAG_clean,403.7
RAYLOU_clean,430.8
RAYMAG_clean,254.1
RAYMIP_clean,233.5
RAYMOV_clean,227.5
RAZGOQ_clean,235.0
RAZXIA02_clean,241.2
RAZXIA_clean,293.2
RAZYIC_clean,256.4
RAZYOI_clean,209.3
REDROI_clean,285.0
REDYEG_clean,271.3
REFJET_clean,249.8
REFTON_SL,324.9
REFTUT_clean,331.3
REGJIW01_clean,253.5
REGJIW02_clean,253.5
REGJIW_clean,256.1
REGMOH_clean,544.2
REGMUN_clean,539.1
REGQUR_clean,206.1
REGRAY_clean,184.9
REGREC_clean,323.8
REGRIG_clean,226.5
REHHOD_clean,265.3
REHVAD_clean,556.3
REHVEH_clean,539.6
REJLAU_clean,283.5
REJLEY_clean,267.6
REJLIC_clean,292.9
REJVOS_clean,228.3
RESQAJ_clean,369.2
RESSAK_clean,272.7
RETBEZ_clean,437.9
REVYUO_clean,382.6
REWLEM_clean_h,309.1
REWNEO01_clean,221.6
REWNEO_clean,219.1
REWSUJ_clean,307.0
REXCII_clean,160.5
REXCOO_clean,157.9
REXCUU_clean,158.5
REXDEF_clean,160.9
REXDIJ_clean,161.3
REXDOP_clean,157.5
REXDUV_clean,164.6
REXFAD_clean,156.5
REXFEH_clean,158.2
REXFIL_clean,163.3
REXFOR_clean,157.3
REYBAA_clean,311.5
REYJEM_clean,257.7
REYMOZ_clean,651.7
REYPES_clean,504.9
REYPIW_clean,272.1
REZVAU_clean,290.8
REZXEA_clean,106.0
REZXIE01_clean,149.5
REZXIE_clean,151.1
REZXOK_clean,83.6
REZXUQ_clean,103.2
RIBDAJ_clean,170.5
RIBDEN_clean,174.4
RIBTAZ_clean,251.9
RICBEM_clean,275.5
RICHIV_clean,188.5
RIDCEN_charged,507.5
RIDKOE_charged,364.6
RIFDUG01_clean,171.2
RIFGAQ_clean,645.7
RIFMIE_clean,294.9
RIFQUT_clean,250.2
RIFSOQ_clean,1519.5
RIGPEE01_clean,363.9
RIGPEE_clean,276.4
RIGTIL_clean,194.1
RIGVOU_clean,249.7
RIGWIP_clean,236.7
RINPEJ_charged,578.3
RINSEM_clean,103.5
RIPKIM01_clean,276.4
RIPKIM_clean,280.8
RIPNIP_clean,279.2
RIPTEQ_clean,214.1
RIRDED_clean,603.0
RITGIM_clean,262.2
RIVDEF_clean,329.0
RIWMUH_clean,489.3
RIWSUM_clean,341.6
RIXBEG_clean,582.9
RIXBIK_clean,480.6
RIXPIZ_clean,207.3
RIYBAE_clean,404.8
RIYBEI_clean,501.8
RIYBIM_clean,501.6
RIYBOS_clean,517.5
RIYWED_clean,491.6
RIYWIH_clean,410.8
RIYXIG_clean,218.1
ROBWAH_clean,293.8
ROCZAM_clean,237.3
ROCZEQ_clean,238.2
ROCZIU_clean,134.5
ROCZOA_clean,177.6
ROCZUG_clean,179.6
RODBAP_clean,174.0
ROGLOP_clean,330.3
ROGSAI_clean,246.9
ROLZEZ_clean,280.5
ROMQAN_clean,381.8
RONCIG_clean,113.0
RONSIY_clean,458.5
RONSOC_clean,117.0
RONWIA_clean,120.6
RONZID_clean,81.4
ROQVIE_clean,185.2
RORLIV_clean,161.9
RORRIB_clean,276.0
RORTAV_clean,478.2
RORVAX_clean,187.1
ROTQIC_clean,386.6
ROTTOL_clean,269.0
ROYJUM_clean,216.2
ROYREE_clean,235.8
ROYRII_clean,269.5
ROYROO_clean,276.6
RUBDUP_clean,110.6
RUBGUS_clean,297.7
RUBTAK01_SL,266.1
RUBTAK02_SL,247.8
RUBTAK03_auto,393.3
RUCGOM_clean,457.0
RUFDUT_clean,276.7
RUFRIV_clean,420.2
RUFTET_clean,308.4
RUFZID_clean,344.9
RUGKOV_clean,173.3
RUGXOI01_clean,280.7
RUGXOI_clean,214.2
RUGYOJ_clean,330.0
RUGZAW_clean,332.4
RUHCED_SL,243.3
RUHFEH_clean,104.0
RUHFIL_clean,101.1
RUHFOR_clean,103.5
RUHFUX_clean,98.9
RULBOQ_clean,254.4
RULQIY_clean,111.4
RULVUP_clean,374.5
RULXOM_clean,375.9
RUMRUO_clean,241.1
RUNXUV_clean,332.3
RUPTED_clean,144.6
RUPVAB_clean,467.4
RURPAW_clean,140.7
RURPEA_clean,146.5
RUSHIY_clean,1313.6
RUSWIN_clean,269.1
RUSWOT_clean,259.0
RUSWUZ_clean,257.4
RUSXAG_clean,257.5
RUSXEK_clean,260.0
RUTNOK_manual,173.4
RUVBOB_clean,341.3
RUVCES_clean,89.3
RUVKAV_clean,106.0
RUVMAX_clean,289.7
RUVMUR_clean,157.0
RUWWOW01_clean,247.9
RUWWUC_clean,273.4
RUWXAJ_clean,207.2
RUWXEN_clean,193.4
RUWZIU_clean,524.2
RUWZOA_clean,583.6
RUWZUG_clean,663.0
RUYNIK_clean,264.5
RUYQIN01_clean,492.6
RUYQIN02_clean,498.8
RUYQIN03_clean,499.5
RUYQIN_clean,495.6
RUYQOT_clean,499.1
RUYTIQ_clean,489.2
RUYTUC_clean,485.5
RUYVAK_clean,486.2
RUYVEO_clean,331.4
RUYVIS_clean,197.7
RUYZUH_clean,211.2
RUZCOF_clean,162.2
RUZDAS_clean,117.3
S2052520616005515_bm5080sup1_clean,190.1
S2056989016007027_zl2661sup1_clean,228.7
SABKIS_clean,181.3
SABVOH01_clean,201.0
SABVOH_manual,197.6
SABVUN_clean_h_min,392.8
SACDOR_clean,428.9
SADLEQ_clean,151.1
SADLIU_clean,150.2
SADMUH_SL,149.1
SADVEB_clean,390.5
SAHXAD_clean,150.7
SAHYAD01_charged,331.4
SAHYAD02_charged,324.6
SAHYAD03_charged,326.4
SAHYAD_charged,322.2
SAHYIL_charged,326.1
SAJDIT_clean,282.9
SAJRAW10_clean,120.4
SAJRAW_clean,119.0
SAJRUT_clean,263.0
SAJSAA_clean,374.0
SAKRAZ_clean,189.7
SAKRED_clean,186.6
SALXEL_clean,338.2
SALXIP_clean,331.3
SALZAH_clean,305.0
SAMLAV_manual,184.4
SAMVEK_clean,181.4
SANGEW_clean,307.0
SANGUM_clean,278.0
SANHIB_clean,315.0
SANHOH_clean,268.5
SANHUN_clean,308.1
SANJAV_clean,321.6
SAQQAD_clean,151.8
SAQQEH_clean,157.6
SAQQIL_clean,156.8
SAQQOR_clean_h,152.4
SAQSOU_clean,469.1
SARGID_clean,351.1
SARGOJ_clean,354.9
SARGUP_clean,187.0
SARHAW_clean,183.6
SARHEA_clean,186.0
SARMEE_clean,524.1
SARNOQ_clean,199.8
SARTIR_clean,184.6
SATRIP_clean,142.9
SATROV_clean,183.6
SAXLEK_clean,76.2
SAXRIS_clean,276.6
SAYTOD_clean,85.5
SAYTUJ_clean,78.9
science.1056698_manual,431.6
SEFSOM_clean,328.9
SEFVAC_clean,223.7
SEFVEG02_clean,219.7
SEFVEG_clean,225.2
SEFVUW_clean,233.1
SEFWEH_clean,226.8
SEFWIL_clean,228.7
SEFWOR_clean,215.2
SEGBIR_clean,211.8
SEGMEW_clean,226.3
SEHNID_clean,319.7
SEHSII_clean,149.6
SEHSUU_clean,157.2
SEHTAB_clean,167.9
SEHTEF_clean,159.0
SEHVOQ_clean,168.7
SEHXIN_clean,145.8
SEHZUB_clean,266.4
SEJBAL_clean,256.0
SEMFEX_charged,514.3
SEMFIB_charged,498.9
SENVIR_clean,377.2
SEQSIS_clean,435.7
SEQSOY_clean,313.0
SEQTEP_clean,318.3
SERCEZ_clean,269.2
SERJOP_clean,291.9
SERJUV_clean,148.0
SERLEI_clean,201.0
SERWAP_clean,356.5
SETDUS_clean,294.3
SETPEO_clean,169.3
SETQAL_clean,295.2
SETQEP_clean,295.7
SETQIT_clean,306.8
SETQOZ_SL,145.2
SETQUF_SL,230.5
SETRAM_clean,152.2
SETSIV_clean,114.3
SETSOB_clean,153.5
SETXEW_clean,485.5
SEVLEM_clean,674.9
SEWCED_clean,515.4
SEYQIW_clean,115.2
SEZPOE_clean,207.8
SICZOV_clean,253.3
SIDCAL_clean,297.4
SIFVAG_clean,206.0
SIKGAW_clean,205.2
SIKYER_clean,291.3
SINQEL_clean,130.1
SINXET_charged,334.5
SIPCID_clean,169.2
SIQCOM_clean,373.8
SIQQEO_clean,241.5
SISFEH_clean,282.6
SISPUH_clean,270.2
SISQAO_clean,271.9
SISQES_clean,274.9
SISQIW_clean,269.0
SITTUM_clean,666.1
SIVGIP_clean,294.4
SIVGOV_clean,289.4
SIVGUB_clean,201.2
SIVJIS_clean,302.6
SIVKAK_clean,102.2
SIVQAR_clean,199.3
SIVWUR_clean,451.3
SIWSUO_clean,231.0
SIWTEZ_clean,322.2
SIWTOJ_clean,289.2
SIZJUH_clean,165.8
SIZPUN_clean,352.7
SOBTUY_clean,177.1
SOBZEQ_clean,196.7
SOCLAZ_clean,164.1
SODNAA_clean,199.5
SODQOT_clean,202.4
SODXUG_clean,467.2
SODZIV_clean,196.6
SOHBUO_clean,361.0
SOHGUS_clean,287.0
SOHMEI_clean,253.8
SOHMIM_clean,412.5
SOHMUY_clean,252.2
SOHNAF_clean,253.6
SOHNEJ_clean,251.4
SOHNIN_clean,406.4
SOJGOO_clean,385.2
SOJSUH_clean,282.3
SOKKOT_ion_b,277.6
SOKKUZ_clean,174.4
SOKWAS01_clean,138.2
SOKWAS_clean,183.0
SOKWUM_clean,153.9
SOMCON_clean,446.4
SOMFAC_clean,174.8
SOMFEG_clean,176.4
SOMFIK_clean,172.8
SOMSIY_clean,147.9
SONTAR_manual,167.0
SONTIZ_clean,150.6
SONTOF_clean,152.0
SONTUL_neutral_b,169.9
SONVAT_neutral_b,172.0
SONVEX_neutral_b,170.5
SONVIB_neutral_b,174.2
SOPLAM_clean,129.0
SOPLEQ_clean,433.3
SOPLOA_clean,229.1
SOSSEA_clean,371.6
SOTWOP_clean,184.7
SOTWUV_clean,186.9
SOTXAC_clean,188.3
SOTXEG_neutral,478.0
SOVHAM_clean,180.6
SOVHOA_clean,241.1
SOVLEW_clean,633.3
SOXDAM_clean,324.4
SOXDEQ_clean,317.4
SOYFUJ_clean,342.6
SOYWOT_neutral_b,170.9
SOYWUZ_clean,545.5
SOZBIS_clean,121.0
SOZGIZ_clean,398.7
SOZGOF_clean,394.3
SOZRUW_clean,389.3
SOZSAD_clean,380.5
SOZSEH_clean,408.1
SOZSIL_clean,387.4
SOZSOR_clean,384.6
SOZSUX_clean,389.0
SUBMIN_clean,706.0
SUCLOT_clean,129.4
SUFBAY_clean,274.2
SUFHIM_clean,280.2
SUFJOU_clean,554.1
SUFROA_clean,106.0
SUGDIJ_auto,167.2
SUGVUM_clean,246.5
SUHBAA_clean,279.5
SUHMEP_clean,228.7
SUJNUH_clean,306.4
SUKKUF_clean,200.5
SUKNOC_charged,303.9
SUKNUI_charged,295.5
SUKREX_clean,247.3
SUKRIB_clean,239.4
SUKYIH_clean,180.3
SUKYON_clean,173.6
SUNHUF_clean,197.4
SUNJER_clean,176.6
SUNJIV_clean,165.5
SUNJOB01_clean,170.6
SUNJOB_clean,173.2
SUPLOF_clean,265.1
SUQHUJ_clean,262.9
SUQJEV_clean,263.2
SURDOA_clean,437.5
SUSZIQ_clean,303.0
SUSZOW_clean,295.5
SUVNEE_clean,1824.1
SUWBET_clean,573.6
SUWQEI_clean,489.1
TACFIN_clean,164.6
TACPAP_clean,303.8
TACPET_clean,275.1
TACPIX_clean,274.6
TACWOM_clean,257.7
TACWUS_clean,259.9
TADCOS_clean,148.3
TADWEC_manual,562.1
TADWIG_manual,480.2
TADYEE_clean,218.1
TADYII_clean,300.8
TAGBUZ_clean,228.8
TAGSEB_clean,475.9
TAGTED_clean,220.1
TAGTIH_clean,188.5
TAGTUT_clean,484.4
TAGVAB_clean,296.7
TAHNEY_clean,140.3
TAJXIO01_clean,140.6
TAJXIO02_clean,130.1
TAJXIO03_clean,125.4
TAJXIO04_clean,125.3
TAJXIO_clean,135.4
TAKGOE_clean,198.1
TAKGUK_clean,199.1
TAKHAR_clean,200.3
TAKHEV_clean,198.6
TAKTIL_clean,167.9
TAKTOR_clean,169.1
TAKVAF_clean,167.3
TAMHUM_clean,354.9
TAMJAU_charged,201.8
TAMJEY_charged,210.7
TAMZUE_charged,403.6
TANBAN_charged,407.4
TANBER_charged,406.6
TANBIV_charged,409.1
TANBOZ_clean,106.3
TAPXIT01_clean,287.7
TAQGEZ_clean,177.4
TAQGOK_clean,535.9
TARVOX_clean,267.8
TARVUD_clean,269.8
TARWAK_clean,271.1
TARWEO_clean,223.1
TASFAU_clean,1299.8
TASJUT_charged,516.8
TASVUG_clean,279.3
TASWAN_clean,263.6
TASWER_clean,267.9
TASWIV_clean,273.8
TASWOB_clean,273.2
TASXIW_clean,246.3
TASYUJ_charged,410.1
TASZAQ_charged,409.7
TASZEU_charged,375.4
TATPOV_clean,323.1
TAWHOO_clean,519.2
TAWTAP_clean,186.6
TAWYUO_clean,288.7
TAYNEN_clean,356.8
TAZLIR_clean,250.8
TAZLOX_clean,253.1
TAZLUD_clean,255.6
TAZSAP02_clean,251.1
TAZYAV_clean,131.5
TEBSAW_clean,311.6
TECTUS_clean,213.7
TECVEE_clean,258.0
TEDXOR_clean,349.6
TEFWIL_clean,658.5
TEFWOR_clean,651.9
TEHRUU_clean,273.8
TEHWEK_clean,131.2
TEJBAN_clean,756.5
TEJBOB_clean,608.2
TEJGAS_clean,303.1
TEJGEW_clean,307.1
TEJGIA01_clean,304.6
TEJGIA_clean,299.7
TEJLOL_clean,256.2
TEMPAE_clean,465.6
TEMPEI_clean,233.3
TENLIJ_clean,245.5
TENQOS_clean,344.7
TEQPAI_clean,240.8
TEQVAO_manual,361.1
TEQWER01_clean,131.2
TEQWER_clean,132.3
TERFUT_clean,133.4
TERNUA_clean,216.8
TESGOO_clean,238.8
TESGUU_clean,237.4
TESHAB_clean,240.2
TETVIZ_clean,206.6
TETWEW_clean,211.9
TETZEX_clean,258.7
TETZEZ_clean,539.3
TETZID_clean,409.1
TEVZEA_clean,240.4
TEVZIE_clean,238.7
TEVZOK_clean,240.3
TEVZUQ_clean,239.0
TEWFOS_clean,409.8
TEWFUY_clean,362.5
TEWGEJ_clean,358.4
TEXTOH_clean,309.1
TEYHIP_charged,403.1
TEZKAM_clean,319.8
TIDKAS_clean,673.8
TIDLEZ_clean,168.9
TIDLID_clean,175.1
TIDMEA_clean,230.4
TIFBOA_clean,127.7
TIFHAT_charged,291.5
TIFHEX_charged,289.6
TIFZIR_clean,183.0
TIGSOT_clean,222.1
TIGVUC_clean,352.3
TIJPOT_clean,340.4
TIKMEH_clean,526.9
TILHAZ_clean,195.1
TILVOZ_clean,118.3
TILVUF_clean,82.8
TILWAM_clean,85.1
TIQGOQ_clean,266.9
TIQGUW_clean,260.6
TIQHAD_clean,262.0
TIQHEH_clean,281.5
TIQHIL_clean,263.7
TIRHIL_clean,58.3
TIRLIQ_clean,410.5
TIRQOB_clean,829.7
TIRRIW_clean,361.7
TISGUY_clean,141.6
TISHAF_clean,406.9
TISPAO_clean,192.4
TIVXOM_charged,141.4
TIVYAZ01_clean,139.2
TIXCIO_clean,243.3
TIXMET_clean,194.8
TIXMIX_clean,112.9
TIXVON_clean,428.6
TIZVED01_charged,281.3
TIZVED_charged,281.5
TIZVIH01_charged,284.0
TIZVIH_charged,287.9
TOBJUR_clean,239.1
TOBKAY_clean,234.1
TOBKEC_clean,237.5
TOFQEM_clean,272.9
TOFTIT_clean,269.0
TOHJIL_clean,199.4
TOHQEO_clean,355.2
TOHSAL_clean,488.6
TOHYUL_clean,338.0
TOHYUM_clean,286.5
TOJLOT_clean,251.3
TOKDON_clean,168.2
TOLGOR_clean,333.1
TOLYOJ_clean,180.2
TONBOO_clean,364.1
TONBUU_charged,346.5
TONLOY_clean,361.0
TONLOZ_clean,261.9
TONTIB_clean,410.1
TONTOH_clean,409.9
TONTUN_clean,415.8
TONVAV_clean,394.7
TONWUO01_clean,240.4
TONWUO_clean,1047.0
TOPKIT_clean,166.0
TORJAN_clean,258.5
TORJER_clean,255.2
TORJIV_clean,217.1
TORJOB_clean,255.9
TORJUH_clean,222.5
TORKAO_clean,256.0
TORKES_clean,216.6
TORPUN_clean,444.9
TORXAB_clean,282.8
TOVHUJ_clean,172.8
TOVJAP_charged,279.6
TOVJAR_clean,275.7
TOVJEV_clean,214.5
TOVJIZ_clean,250.9
TOVJOF_clean,307.6
TOVJUL_clean,665.2
TOVKEW_clean,397.6
TOVKIA_clean,305.1
TOVKOG_clean,313.9
TOWLIC_clean,191.8
TOWNEA_clean,361.1
TOWNOK_clean,388.2
TOWNUQ_clean,331.2
TOWPEC_clean,760.0
TOWXEK_clean,574.8
TOXHAR_clean,285.8
TOXMUQ_clean,169.7
TOXNEB_clean,167.4
TOXNIF_clean,250.4
TOZFOF_clean,423.9
TOZHAR_clean,121.9
TUBCEA_clean,240.3
TUBJAD_clean,256.5
TUBLIN_clean,423.2
TUCJAD_clean,253.1
TUDQOZ_clean,701.3
TUGTAR_clean,424.4
TUJGIQ_clean,450.8
TUKCOT_clean,358.3
TUMDAI_clean,268.0
TUMQID_clean,256.2
TUMRIE_clean,265.1
TUMROK_clean,275.6
TUNJET_clean,491.6
TUPDOZ_clean,273.0
TUPGIU_clean,154.7
TUQWIL01_clean,134.0
TURDIV_clean,385.8
TURDOB_clean,542.2
TURDUH_clean,562.9
TURFAP_clean,388.1
TURFET_clean,394.7
TUTHIA_clean,228.7
TUTHOG_clean,258.7
TUTJAU_clean,256.2
TUYFIE_clean,187.9
TUYHOL_clean,192.1
TUYHUR_clean,181.1
TUYJAZ_clean,213.7
TUYJED_clean,179.9
TUYLIJ_clean,524.2
TUYNEI_clean,227.7
TUZVUH_clean,198.0
UBECEM_clean,274.8
UBIBUF_clean,306.1
UBIPAY_clean,312.8
UBULIO_SL,192.6
UBULUA_clean,419.6
UBUMAH_clean,156.7
UBUROY_clean,48.9
UCABAE_clean,310.7
UCAXEC_clean,279.1
UCEGAM_clean,98.4
UCEGEQ_clean,98.9
UCEXAC_clean,314.5
UCEXEG_clean,305.7
UCEXIK_clean,313.5
UCEXOQ_clean,312.1
UCOCUM_neutral,171.4
UCOHUR_clean,415.5
UCOJAZ_clean,444.9
UCOJED_clean,422.5
UCOJIH_clean,245.0
UCOXOZ_clean,416.4
UCUJOU_clean,333.9
UCUTIW_clean,227.1
UDANEV_clean,324.1
UDEMEW_manual,1545.1
UDICAN_clean,411.9
UDOVOA_clean,830.1
UDOVUG_charged,323.0
UDUMIP02_clean,328.9
UDUMIP03_clean,347.4
UDUMIP_clean,302.3
UFASEA_ion_b,324.4
UFEMIC_clean,93.9
UFENAW_clean,125.3
UFEVIL_clean,352.3
UFEXEJ_clean,275.4
UFEXIN_clean,324.3
UFOFIF_clean,125.2
UFUNIS_clean,426.8
UFUQIV_clean,335.1
UGAQEY_clean,320.3
UGELIB_clean,272.5
UGOFED_clean,326.9
UGOSOY_charged,445.2
UGUGUZ_clean,294.9
UGUHAG_clean,285.7
UGUHEK_clean,283.1
UGUQOC_charged,257.7
UHASED_clean,247.7
UHAXUW_clean,346.3
UHUPET_clean,540.3
UHUPOD01_clean,650.3
UJAQEC_clean,239.8
UJAQUS_clean,258.1
UJEDIX_clean,460.8
UJILAA_clean,101.7
UJIZET_clean,251.6
UJOWEW_clean,160.1
UJULIW_clean,275.4
UJUPUM_clean,410.7
UJUQIB_clean,198.2
UKAJOH_clean,868.1
UKAPUS_clean,271.4
UKAQAZ_clean,270.6
UKAQED_clean,271.1
UKAQIH_clean,275.1
UKAZEM_clean,82.2
UKEXEP_clean,371.6
UKIQIP_clean,161.5
UKIQOV_clean,194.5
UKOZOK_clean,332.8
UKUBOS_clean,419.7
UKUBUY_clean,421.7
UKUCAF_clean,407.9
UKUPIB_clean,207.2
UKUPUL_clean,195.0
ULAQAB_clean,414.3
ULAQEF_clean,415.7
ULASAD_clean,127.0
ULEGOH_clean,2060.2
ULIMIN_clean,368.4
ULOGAE_clean,235.3
ULOKAJ_clean,226.4
ULOLEO_clean,224.3
ULOLIS_clean,217.9
ULOMAL_clean,225.9
ULUVUT_clean,196.0
UMABIV_clean,240.1
UMABOB_clean,279.1
UMALUQ_clean,295.0
UMARAC_charged,609.5
UMEDEX_clean,237.9
UMEDIB_clean,214.4
UMEDOH_clean,229.2
UMEHOL_clean,237.7
UMEKEE_clean,114.1
UMEKII_clean,224.5
UMELAB_clean,322.9
UMELEF_clean,234.9
UMEPOT_clean,313.7
UMEQAG_clean,235.6
UMESIQ_clean,249.4
UMESOW_clean,240.4
UMEXUF01_clean,184.4
UMEXUF_clean,195.6
UMIGAA_clean,243.3
UMIZEX_clean,748.9
UMOBEF01_clean,248.5
UMOBEF02_clean,240.2
UMOBEF03_clean,246.5
UMOBEF04_clean,249.3
UMOBEF05_clean,264.8
UMOBEF06_clean,265.1
UMOBEF07_clean,252.5
UMOBEF08_clean,252.4
UMOBEF09_clean,254.6
UMOBEF_clean,251.7
UMODEH01_clean,264.5
UMODEH03_clean,274.3
UMODEH04_clean,270.5
UMODEH06_clean,269.6
UMODEH07_clean,272.7
UMODEH08_clean,271.9
UMODEH09_clean,285.5
UMODEH10_clean,275.4
UMODEH11_clean,280.1
UMODEH12_clean,280.9
UMODEH13_clean,280.9
UMODEH14_clean,273.7
UMODEH15_clean,282.8
UMODEH16_clean,276.9
UMODEH17_clean,272.7
UMODEH18_clean,277.8
UMODEH19_clean,242.0
UMODEH20_clean,280.3
UMODEH21_clean,270.9
UMODEH22_clean,276.1
UMODEH23_clean,275.4
UMODEH24_clean,279.9
UMODEH25_clean,276.1
UMODEH_clean,275.1
UMOKIS_clean,390.8
UMOVEZ01_clean,251.3
UMOVEZ02_clean,246.0
UMOVEZ03_clean,254.1
UMOVEZ04_clean,259.1
UMOVEZ05_clean,249.5
UMOVEZ_clean,256.7
UMOVID_clean,251.0
UMOVOJ_clean,241.3
UMOYOM03_clean,267.9
UMOYOM06_clean,292.3
UMOYOM07_clean,298.5
UMOYOM08_clean,264.9
UMOYOM10_clean,265.9
UMOYOM11_clean,258.1
UMOYOM13_clean,258.9
UMOYOM16_clean,273.8
UMOYOM17_clean,247.8
UMOZUT_clean,263.7
UMUBAH_clean,285.9
UMUBEL_clean,274.7
UMUBIP_clean,273.5
UMUBOV_clean,270.0
UMUXEG_clean,182.3
UNABIV_charged,408.2
UNADIX_clean,363.7
UNAGOH_clean,202.9
UNAGUN_clean,202.6
UNECOH_clean,233.7
UNECUN_clean,232.2
UNIMAG_clean,592.9
UNUNEY_clean,818.6
UPIBOM_clean,128.1
UQEGII_clean,189.0
UQERIT_clean,266.4
UQOWUU_clean,309.4
UQOYOP_clean,386.4
UQULAU_clean,403.9
URENEM_clean,186.3
UREVIY_clean,253.7
UREVOE_clean,248.7
URUVUA_clean,184.2
URUWEL_clean,210.6
URUWIP_clean,211.5
USAWIW_clean,237.5
USEVOF_clean,208.3
USIRUL_clean,421.3
USISEW_clean,441.8
USORUR_clean,297.1
USOXEH_clean,324.0
USUBUG_clean,188.7
USUPUV_clean,187.2
USUVIP_clean,178.6
USUWUC_clean,183.6
UTACOJ_clean,202.3
UTACUP_clean,225.4
UTADIE_clean,149.3
UTELIQ_clean,339.8
UTEMAJ_clean,355.8
UTEWOG_clean,251.2
UTEXIB_clean,220.5
UTOCAJ_clean,408.8
UTOCEN_clean,427.8
UTULIF_clean,219.7
UTULUR_SL_part,297.5
UVANOW_clean,245.8
UVANUC_clean,228.4
UVEVAT_clean,207.3
UVEVUN_clean,581.3
UVINAP_clean,181.2
UVIPIZ_clean,532.8
UVIPOF_clean,522.7
UVOBUE_clean,225.6
UVOTOQ_clean,176.4
UVUDUM_clean,895.5
UVUFUN_clean,565.7
UVUQAE_clean,373.1
UVUWAL_clean,240.3
UWALEL_clean,312.7
UWELIS_clean,345.0
UWODAN_clean,230.9
UWOWAF_clean,256.8
UWUKII_clean,189.3
UWUTIQ_clean,384.7
UXABOL_clean,203.7
UXABUR_clean,176.6
UXAXEY_clean,362.9
UXINAR_clean,345.3
UXIQOJ_clean,157.0
UXISUR_clean,655.3
UXUNUX_clean,324.8
UXUPEJ_clean,322.6
UXUPIN_clean,319.5
UXUZAP_clean,240.7
UYAQAN_clean,294.3
UYOFIY_clean,324.4
UZANOZ_clean,273.0
UZATAR_clean,202.7
UZEKEQ_clean,335.4
UZIJUJ_clean,269.7
UZOBAN_clean,285.6
UZOBER_clean,204.1
UZUNAF01_clean,419.4
UZUNAF_clean,414.5
UZUZUL_clean,181.6
VABJIS_clean,165.7
VACFOV_clean_h,206.3
VACFUB01_clean,248.9
VACFUB_clean_h,262.1
VACLIX_clean,372.8
VADWON_clean,498.2
VAFWAB_clean,204.2
VAGBEN_clean,430.3
VAGBOX_clean,444.9
VAGBUD_clean,201.1
VAGJET_clean,385.3
VAGMAT_clean,144.9
VAGMEX_clean,144.4
VAGTAA01_clean,218.8
VAGTAA_clean,166.9
VAGTUU_clean,281.8
VAHJEW_clean,308.7
VAHJIA_clean,284.7
VAHPUR_clean,363.0
VAHQAY_clean,359.2
VAHSON_clean,279.2
VAHTOQ_clean,415.4
VAHTUW_clean,2236.3
VAHVOR_clean,191.3
VALVAI_clean,279.1
VALVIQ_clean,270.8
VALWUD_clean,370.7
VALXAK_clean,378.2
VALXEO_clean,381.2
VALXIS_clean,373.4
VALXOY_clean,387.4
VAMPUX_clean,352.5
VAMQAE_clean,396.1
VAMQIM_clean,341.4
VAMQOS_clean,345.9
VANHEA_clean,258.2
VANNEG_clean,401.8
VANNIK_clean,115.0
VAPBEV_clean,521.6
VAPBIZ_clean,517.4
VAPFUP_clean,232.4
VAPHOM_clean,179.7
VAQTUF_clean,211.8
VARHIH_clean,324.3
VARJEF_clean,271.9
VARWOC_clean,228.5
VARWUI_clean,226.2
VASFAZ_clean,200.7
VASFED_clean,211.4
VASFIH_clean,200.3
VASFON_clean,206.9
VASFUT_clean,208.1
VASGUU_clean,333.0
VASKOR_clean,204.9
VATVIY_clean,432.7
VATVOE_clean,442.9
VATVUK_clean,324.1
VATXEU_clean,285.3
VATYAR_clean,142.8
VATYEV_clean,183.3
VATYIZ_clean,184.1
VATYOF_clean,181.7
VAXMUF_clean,355.9
VAXTEV_clean,391.0
VAZROF_clean,391.0
VAZTOG_clean,94.0
VAZTUM_clean,410.9
VEBHUG_SL,104.4
VECWUX_clean,235.5
VECZAG_clean,172.2
VECZEI_clean,67.6
VECZEK_clean,106.2
VEDDIT_charged,406.9
VEDFAN_clean,363.9
VEDFIV_clean,410.1
VEDFOB_clean,391.4
VEDFUH_clean,390.1
VEDGAO_clean,396.8
VEDGES_clean,401.7
VEDGIW_clean,404.3
VEFMAW_charged,615.1
VEGBUG_clean,112.6
VEGCAN_clean,113.1
VEGMIE01_charged,259.4
VEGMIE_charged,263.6
VEGMOK01_charged,267.8
VEGMOK02_charged,271.5
VEGMOK03_charged,276.1
VEGMOK04_charged,272.5
VEGMOK_charged,279.4
VEHJID01_clean,99.5
VEHJOJ_clean,228.2
VEHJUP_clean,222.4
VEHKIE_SL,225.8
VEHKOK_charged,278.2
VEHLAW_clean,185.4
VEHLIE_clean,160.3
VEHNAZ_charged,356.9
VEHPUU_clean,172.3
VEHRIL_clean,125.3
VEHXEN_clean,228.4
VEHYUE_clean,229.6
VEJHEZ_clean,400.3
VEJHID_clean,264.6
VEJYIT01_clean,313.1
VEJYIT_clean,335.1
VEJYOZ_clean,189.7
VELVEO_clean,192.0
VEMDAT_clean,296.0
VEMMAC_clean,212.3
VEMMEG_clean,203.7
VEMMIK_clean,116.4
VEMMOQ_clean,175.3
VEMSUC01_clean,169.5
VEMSUC_clean,241.6
VEQBID_clean,254.1
VEQBOJ_charged,379.4
VEQBUP_charged,390.5
VEQCAW_charged,391.2
VERPOZ_clean,956.6
VETMIS_clean,212.1
VETSOE_charged,353.0
VETTAR_charged,381.9
VETTIZ_charged,396.7
VETTOE_clean,200.8
VEWKUF_clean,186.9
VEWLAM_clean,267.6
VEWXAY_clean,442.0
VEXTUO_manual,208.7
VEXVAW_clean,217.3
VEXYON_charged,217.6
VEYVEC_clean,277.2
VICDOC_clean,394.3
VICLAW_clean,622.9
VICSIL_clean,263.0
VIDXOX_clean,192.7
VIFBOD_clean,204.1
VILXOE_clean,184.7
VIMRAM_clean,335.2
VINHOR_clean,262.2
VIPYOK_clean,283.3
VIQFIL_clean,120.0
VIQQUJ_clean,254.1
VIRKIQ_clean,185.0
VIRPOC_clean,211.9
VIRQES_clean,233.8
VIRVEY_clean,173.1
VIRXIF_clean,200.8
VITYOO_clean,364.3
VITYUU_clean,285.9
VITZAB_clean,274.1
VITZEF_clean,283.1
VITZIJ_clean,287.8
VIVXOP_clean,339.1
VIWHUG_clean,391.3
VIWKIX_clean,321.2
VIWKOD_clean,324.8
VIWLAQ_clean,319.8
VIWLEU_clean,324.4
VIWLIY_clean,325.8
VIWMAR_clean,331.4
VIWMEV_clean,328.1
VIWMIZ_clean,950.6
VIWMOF_clean,926.4
VIWZOR_clean,181.6
VIXCUB_clean,196.1
VIXGAM01_clean,175.8
VIXPUP01_clean,314.2
VIXWEF_clean,223.0
VIYMAT_clean,192.2
VIYSON_clean,254.7
VIYTAA_clean,262.2
VIYVIK_clean,258.7
VIZSOO_clean,260.2
VIZSUU_clean,623.8
VIZTIJ_clean,203.1
VOBGAW_clean,437.8
VOBGEA_clean,445.1
VOBKAA_clean,285.8
VOBRUB_clean,262.4
VOCPEK_clean,514.5
VOCQAF_clean,279.6
VODQIP_clean,176.2
VODSEM_clean,116.9
VOFFED_clean,223.6
VOGPEO_clean,259.3
VOGTIV_clean_h,187.0
VOHQIS_clean,684.5
VOJGOS_clean,284.6
VOLPET_clean,106.5
VOLQOD_clean,210.2
VONCOS_clean,421.7
VONDEJ_clean,266.2
VOPCEK_clean,422.2
VOPCIO_clean,415.7
VOSTUU_clean,234.2
VOTKEW_clean,345.8
VOVKUO_clean,201.5
VOXKIE_clean,290.2
VOXQOQ_clean,313.7
VOXVEL_clean,271.5
VOXYUE_clean,101.1
VOYGOH_clean,200.6
VOZVAJ01_clean,189.3
VOZVIR01_clean,186.5
VUCTUK_clean,220.8
VUDQOB_clean,313.8
VUDXID_clean,167.7
VUFBEE_clean,168.0
VUGWUR_clean,275.9
VUGXAY_clean,269.4
VUGXEC_clean,286.2
VUGXIG_clean,278.6
VUGXOM_clean,275.7
VUGXUS_clean,277.9
VUGYAZ_clean,286.6
VUGYED_clean,275.4
VUGYIH_clean,268.7
VUHJAK_clean,337.0
VUHNET_clean,196.8
VUJBEI_clean,325.1
VUKHOZ_clean,112.0
VUKJOC_clean,422.9
VUKJUI_clean,371.1
VUKRUQ_clean,184.8
VUKSAX_clean,159.4
VUKSOL_clean,156.6
VUKTAY_clean,351.9
VUKTEC_clean,338.3
VUKTIG_clean,320.1
VUKTOM_clean,330.2
VUKTUS_clean,321.4
VULFIT_clean,381.9
VULKIX_clean,248.8
VULKOD_clean,366.7
VUMBIQ_clean,219.0
VUMCEM_clean,407.0
VUMYUZ_clean,647.5
VUNHAO_clean,93.8
VUNNEZ_clean,161.3
VUQJUN01_clean,300.7
VUQKAU01_clean,301.0
VUQKAU02_clean,336.2
VUQKAU_clean,325.9
VUQKOI_clean,258.0
VURLIF_clean,273.6
VURYIR_clean,363.9
VURYOX_clean,160.5
VUSKAW_clean,96.3
VUSQIK_charged,479.8
VUVZAP_clean,185.7
VUWRUC_clean,286.2
VUWSAJ_clean,276.4
VUZNOV_clean,458.4
WABTOK_clean,121.1
WABVIF02_clean,140.9
WABVIF03_clean,141.6
WABVIF04_clean,136.2
WABVIF_clean,138.4
WABVOL_clean,103.6
WABVUR_clean,102.9
WABWAY_clean,99.6
WABWEC_clean,92.6
WACLEU_clean,197.3
WAFKAQ_clean,278.7
WAGDAL_clean,427.7
WAHFUJ01_clean,441.2
WAHGIY_clean,357.2
WAHKUO_clean,289.0
WAHNEB_clean,265.4
WAHNIF_clean,291.6
WAHNOL_clean,266.4
WAHNUQ_charged,463.2
WAJHOG_clean,190.9
WAJLEA_charged,355.3
WALKAY_clean,299.8
WAMREJ_clean,238.5
WAMRIN01_clean,289.6
WAMRIN_clean,197.4
WANBOE_clean,300.5
WANHIF_clean,206.2
WANJIF_clean,256.6
WAPSUE_clean,195.8
WAQDOJ_charged,214.5
WAQFAX_clean,329.8
WAQFIG_clean,128.6
WAQKUX_clean,234.6
WAQTEQ_clean,286.0
WARFAZ_clean,371.3
WARJAC_clean,150.7
WASMUB_clean,212.5
WASPAK_clean,129.5
WASQEP_clean,264.7
WASQIT_clean,268.6
WASTUG_clean,162.4
WASVES_clean,239.2
WAVQAN_clean,258.3
WAVQER_clean,251.2
WAVQOB_clean,595.3
WAVQUH_clean,282.9
WAVRAO_clean,421.1
WAVROC_clean,324.4
WAWGOQ_clean,175.2
WAYKAK_clean,210.9
WAYMAM_clean,158.2
WAYMEQ_SL,223.0
WAYMIU_manual,207.3
WAYMOA_manual,212.8
WAZCUX_clean,354.5
WEBJOE_clean,231.1
WEBKIX_charged,588.9
WEBKOD_clean,285.5
WEBLAQ_charged,642.1
WEBREC_clean,380.2
WECBEN_clean,118.9
WECBOX_clean,141.5
WECFAN01_clean,242.1
WECFAN_clean,228.4
WECJIZ_clean,957.1
WEDQED_clean,397.1
WEFCAN_clean,334.0
WEFXEM_clean,218.0
WEFZIS_clean,329.0
WEGDIX_charged,297.8
WEGFUL_clean,288.3
WEGGAS_clean,295.2
WEGKIE_clean,534.0
WEHHEY_clean,375.8
WEHHIC_clean,358.0
WEHHOI_clean,354.8
WEHHUO_clean,350.9
WEHJAW_clean,254.1
WEHJEA_clean,326.4
WEHJIE_clean,213.7
WEHJOK_clean,334.2
WEHJUQ_clean,639.2
WEHQAC_charged,246.2
WEHRIL_charged,242.9
WEMBUN_clean,166.9
WEMCAU_clean,170.2
WEMCEY_clean,195.0
WEMCIC_clean,204.1
WEMCOI_clean,202.4
WEMCUO_clean,205.4
WEMDAV_clean,204.8
WEMDID_clean,158.7
WEMDOJ_clean,165.0
WEMDUP_clean,162.2
WEMFAX_clean,159.8
WEMFEB_clean,166.3
WEMFIF_clean,170.9
WEMFOL_clean,170.7
WEMNAF_clean,347.1
WENDIE_clean,270.6
WENKEH_clean,261.1
WENKOR_clean,354.4
WENKUX_manual,367.8
WENLAE_manual,354.1
WENLEI_clean,346.8
WERHIK_clean,622.0
WESYAV_clean,218.6
WEVQIX_clean,163.2
WEVQOD01_clean,143.9
WEVQOD_clean,161.1
WEVQUJ_clean,161.0
WEVRUK_clean,160.4
WEVZUT_clean,389.5
WEXTAV_clean,194.5
WEYQAU01_clean,145.5
WEYQAU02_clean,168.4
WEYQAU03_clean,172.9
WEYQAU04_clean,173.4
WEYQAU05_clean,176.2
WEYQAU06_clean,174.7
WEYQAU07_clean,170.4
WEYQAU08_clean,170.5
WEYQAU09_clean,171.8
WEYQAU10_clean,145.9
WEYQAU12_clean,177.2
WEZCIO_clean,155.5
WIBSAD_clean,605.8
WICGEV_clean,215.1
WIDQEG_clean,175.7
WIDWOX_clean,1178.9
WIDZUG_clean,379.9
WIFBAQ_clean,224.8
WIHDUN_clean,134.0
WIHVAL_clean,216.6
WIHVEP_clean,210.3
WIHWAN_clean,414.9
WIJDAV_clean,390.9
WIJXEU_clean,363.2
WIJXIY_clean,198.5
WIKXAQ_clean,123.6
WIKXUJ_charged,599.7
WIKYAQ_clean,564.2
WILDUR_clean,206.5
WILFAZ_clean,208.7
WILGII_clean,291.0
WILHIK_clean,279.2
WILNEL01_clean,343.2
WILRAK_clean,63.7
WILREO_clean,63.4
WILRIS_clean,72.5
WIMWEW_clean,291.0
WIMWIA_clean,216.4
WINCEC_clean,133.8
WIPLOY_clean,234.9
WIPPIW_clean,733.7
WIPZEC_clean,250.0
WIRKOZ_clean,4660.0
WIRMOB_clean,513.0
WISTID_clean,286.3
WISVEB_clean,143.1
WITJOA_clean,355.9
WITJUG_clean,360.6
WITKIV_clean,627.7
WIVKOD_clean,224.1
WIVRIE_clean,663.1
WIWQOI_clean,162.2
WIWQUO_clean,167.3
WIYFAM_clean,243.3
WIYMOG_charged,148.8
WIYWAE_clean,584.5
WIYWEI_clean,600.0
WIYWOS_clean,579.6
WIYWUY_clean,594.1
WIYZOU_clean,167.5
WIZDEP_clean,227.8
WIZKOH_clean,272.2
WIZMAV02_auto,750.9
WOBHEB_clean,187.7
WOBHOL_clean,186.2
WOBHOM_clean,204.8
WOBQEL_clean,372.9
WOCWAN_clean,408.9
WODFOL_clean,343.1
WODVOB_clean,254.1
WODXEU_clean,268.7
WOFWET_clean,60.7
WOHBIF_clean,449.5
WOHDON_clean,147.5
WOHQAN_clean,239.8
WOHSIV_clean,397.4
WOHSOB_clean,375.5
WOJJOV_SL,329.8
WOJZAY_clean,308.3
WOJZEC_clean,339.3
WOJZIG_clean,313.8
WOJZOM_clean,447.7
WOLMUG_clean,346.8
WOLREV_clean,297.0
WOLRIZ_clean,126.8
WOLYON_clean,212.8
WOPSAX02_clean,348.2
WOPSAX_clean,349.9
WOPSOL01_clean,352.5
WOPSOL_clean,319.5
WOPWOO_clean,301.9
WOQDUB_charged,192.5
WOQTUT_clean,561.6
WORKOF_clean,384.1
WORKUL_clean,312.6
WORLAS_clean,312.0
WORREC_clean,123.4
WORSUT_clean,271.1
WOSHET_clean,281.0
WOSZEL_charged,561.1
WOTLOI_clean,180.1
WOTSEF_clean,218.3
WOVDES_clean,457.1
WOYHUP_clean,141.9
WOYJAX_clean,765.6
WOYJEB_clean,817.9
WOYJIF_clean,249.2
WOYJOL_clean,802.5
WOZGUP_clean,432.2
WOZSOT_charged,431.0
WOZWEP_clean,403.4
WUCRUH_clean,227.5
WUDVEY_clean,245.3
WUGQAS_clean,208.1
WUHJIT_clean,161.1
WUKXEH_clean,403.8
WULJUJ_clean,641.0
WULKAQ_clean,646.3
WULQUR_clean,154.6
WUNSEE01_charged,318.2
WUNSEE02_charged,323.7
WUNSEE_charged,322.5
WUNSII01_charged,323.4
WUNSII02_charged,326.7
WUNSII_charged,347.8
WUNTAB_charged,324.1
WUNTEF_clean,290.1
WUNTIJ_clean,285.1
WUNTOP_clean,298.1
WUNTUV_clean,283.2
WUNVAD_clean,297.0
WUNVEH_charged,328.2
WUNVIL_charged,313.8
WUNVOR_clean,295.7
WUNVUX_clean,290.2
WUPZUE_clean,207.9
WURKEB_clean,217.9
WURNOO_clean,340.7
WUSCUJ_clean,97.6
WUSGIC_clean,268.4
WUSLED_clean,262.3
WUSSEK_clean,370.1
WUSXEP_clean,332.2
WUTBES_clean,356.1
WUTBEU_clean,74.8
WUTBIW_clean,339.9
WUTBOC_clean,349.3
WUTBUI_clean,342.5
WUTCAP_clean,359.0
WUTKIG_clean,261.2
WUWQEL_clean,222.7
WUYWIY_clean,147.5
WUYWOE_clean,335.4
WUYWUK_clean,150.4
WUYXAR_clean,146.1
WUYXEV_clean,338.3
WUYXIZ_clean,324.4
WUYXOF_clean,144.6
WUYXUL_clean,331.6
WUYYAS_clean,326.6
WUYYEW_clean,322.8
WUYYOG_clean,169.8
WUZDOL_clean,296.5
WUZGAB_clean,327.1
WUZQOZ_clean,207.0
XACGIT_charged,345.4
XACQAT_clean,729.7
XACSIG_clean,345.6
XACZEH_clean,178.5
XADCEM_clean,212.0
XADDAJ01_clean,460.6
XADDAJ_clean,484.3
XADDEN_manual,173.2
XADDIR_manual,170.0
XADDOX_clean,228.4
XADDUD_clean,362.9
XADGAM_clean,255.9
XADGOA_clean,179.5
XAFBEN_clean,257.8
XAFFAN_clean,140.1
XAFFER_clean,136.2
XAFFIV_clean,141.2
XAFFOB_clean,146.5
XAFFUH_clean,183.8
XAFXOT_clean,320.8
XAGPUT_clean,170.8
XAHPAZ_clean,190.5
XAHPED_clean,140.1
XAHPIH_clean,118.1
XAHPON_clean,183.3
XAHPUT_clean,75.4
XAHQAA_clean,70.9
XAHWAG_clean,121.2
XAJQAC_SL,224.8
XAJSEJ_clean,182.7
XAKQOR_clean,368.3
XAKVUB_clean,1080.7
XAKYUE_clean,305.4
XAKZAL_clean,390.3
XAKZIT_clean,663.0
XAKZOZ_clean,254.9
XAKZUF_clean,754.6
XALBAO_clean,752.6
XALBES_clean,286.7
XALBIW_clean,295.8
XALBUI_clean,762.6
XALCAP_clean,308.9
XALCET_clean,316.4
XALCIX_clean,1094.9
XALCOD_clean,1121.4
XALCUJ_clean,428.9
XALDAQ_clean,406.6
XALDAS_clean,302.2
XALDEU_clean,409.7
XALDIY_clean,415.6
XALDOE_clean,443.0
XALMII_clean,413.7
XALTIP_clean,155.8
XALXUF01_clean,483.4
XALXUF_clean,504.4
XAMDUM01_clean,173.2
XAMDUM02_clean,173.6
XAMDUM03_clean,175.5
XAMDUM04_clean,175.0
XAMDUM05_clean,176.2
XAMDUM06_clean,173.4
XAMDUM_clean,173.2
XAMGUQ_clean,569.2
XAMHEA_manual,152.8
XANKOO_clean,877.7
XANLAA_clean,338.8
XANLEE_clean,337.9
XANMIJ_clean,226.2
XAPCOH_clean,409.0
XAPCOJ01_clean,167.4
XAPCOJ02_clean,165.0
XAPCOJ03_clean,167.7
XAPCOJ04_clean,167.1
XAPCOJ05_clean,164.2
XAPCOJ06_clean,166.6
XAPCOJ07_clean,166.9
XAPCOJ_clean,164.9
XAPCUN_clean,411.1
XAPDAU_clean,413.5
XAPDEY_clean,427.4
XAPGAZ_clean,400.3
XAPGED_clean,364.5
XAPGOK_clean,190.4
XAPGUQ_clean,145.3
XAPNIN_clean,156.0
XAPSIS_clean,147.5
XAPTEQ_clean,275.4
XAPTUE_clean,225.2
XARPAK_clean,219.0
XASFAY_clean,412.5
XASJUZ_clean,253.6
XASNUD_clean,462.5
XASPEP_clean,232.5
XATLIQ_clean,308.4
XATZOK_clean,204.8
XATZUQ_clean,269.6
XAVDEF_clean_h,184.5
XAVKIR_clean,1091.1
XAVQIU01_clean,160.7
XAVQIU_clean,164.4
XAWVUN_clean,118.1
XAYMUF_charged,250.0
XAZFEJ_clean,220.3
XAZGAG_charged,240.6
XAZGEK_clean,377.3
XEBHOC_clean,120.9
XEDGIY_clean,287.4
XEDLUN01_clean,191.0
XEDLUN_clean,199.9
XEDPED_clean,630.0
XEDPIH_clean,245.1
XEDPON_clean,177.1
XEDPUT_clean,717.0
XEFGAQ_clean,247.1
XEFKOI_clean,241.4
XEGJIE02_clean,322.8
XEGJIE_clean,322.3
XEGJOK_clean,284.4
XEGJUQ_clean,321.4
XEGKAX_clean,329.1
XEGKEB_clean,278.2
XEGKIF_clean,261.3
XEGKOL_clean,239.3
XEGKUR_clean,196.7
XEHDEV_clean,324.0
XEHRUY_clean,218.1
XEHSAF_clean,233.5
XEHSEJ_clean,231.4
XEHSIN_clean,229.8
XEHSOT_clean,228.3
XEHSUZ_clean,228.2
XEJWUG_clean,325.5
XEJXAN_clean,323.7
XEJXER_clean,312.5
XEKCAT01_clean,228.8
XEKCAT_clean,234.6
XEKDOI_clean,134.5
XEKMIL_clean,312.6
XENCAU_clean,316.7
XENKIM_clean,319.2
XENMIO_SL,304.0
XENMOU_SL,299.8
XEPBAX_clean,182.7
XEQGAC_clean,134.4
XEQRAO_clean,234.3
XESKAJ_clean,172.4
XESKEN_SL,274.4
XESKIR_clean_h,128.5
XESKUD_clean,169.6
XESLAK_clean,159.1
XEWDUA_clean,261.2
XEWFAI_clean,283.4
XEXLAP_clean,362.3
XEXLET_clean,337.3
XEXLIX_clean,317.7
XEXLOD_clean,370.0
XEXLUJ_clean,306.2
XEXMAQ_clean,355.3
XEXMEU_clean,307.3
XEYMAR_clean,276.4
XIBZUF_clean,224.4
XICDUI_charged,470.5
XICNOO01_clean,429.4
XICNOO02_clean,431.2
XICNOO_clean,433.8
XICYAL_clean,616.1
XICYEP_SL,215.3
XICYIT_SL,211.1
XICZAM_clean,424.7
XIDBUJ_clean,284.5
XIDSUZ_clean,261.5
XIFHIF_clean,124.1
XIGFOJ_manual,250.2
XIGHAX_clean,171.1
XIGHEB_clean,204.1
XIGHIF_clean,163.6
XIGWUF_clean,86.3
XIHRIQ_clean,410.4
XIHSAJ01_clean,259.5
XIHSAJ_clean,286.8
XIHSEN01_clean,300.1
XIHSEN_clean,296.5
XILLEL_clean,1156.9
XILLIP_clean,372.0
XILSUI_clean,241.6
XILTAP_clean,340.8
XILVIZ_clean,264.7
XINHOT_clean,346.4
XINRAP_clean,226.7
XINWUO_clean,236.4
XINZEB_clean,257.6
XIPGUA_clean,110.7
XISLAM_clean,826.0
XISPEW01_clean,128.1
XISPEW02_clean,123.1
XISPEW_clean,191.4
XISPUM01_clean,90.2
XISPUM_clean,179.8
XISVUR_clean,188.0
XISXEE_clean,178.8
XITYOP_clean,348.7
XIVMEW01_clean,225.3
XIWLAQ_clean,232.8
XIWYEH_clean,329.8
XIYYEL_clean,71.2
XOCWET_clean,195.2
XOCWIX_clean,194.6
XOCWOD_clean,198.3
XOCWUJ_clean,193.7
XODPUD_clean,280.6
XOFGAC_clean,542.5
XOFPEP01_clean,226.2
XOFPEP_clean,232.6
XOGXAU_clean,579.2
XOHLEM_clean,186.9
XOHTUJ_clean,161.8
XOJPIW_charged,435.6
XOJWEZ_clean,241.8
XOJWOJ_clean,196.3
XOKHIP_clean,211.1
XOMCIN_clean,490.1
XOMCOT_clean,484.4
XOMDOU_clean,465.4
XOMGIQ_clean,498.8
XOMJOY_clean,511.4
XOMJUE_clean,520.5
XONGUD_clean,323.9
XONLES01_clean,394.6
XOPLOE_clean,212.5
XOPMIA_clean,341.0
XOQXIL_clean,225.5
XORHET_clean,302.2
XOSPOK_clean,193.6
XOTGUI_clean,180.1
XOTHAP_clean,138.7
XOTKIA_charged,434.5
XOTSEG_clean,392.3
XOTSIK_clean,603.4
XOTXAG_clean,278.3
XOTXUB_clean,533.7
XOTZIR_clean,435.3
XOVPIH_clean,284.7
XOVPON_clean,217.8
XOVPUU_clean,55.3
XOVQAB_clean,672.1
XOVQEF_SL,203.2
XOVQIJ_clean,408.0
XOVVOU_clean,223.2
XOXMED_clean,443.9
XUBGUY_clean,97.7
XUCSOF_clean,250.8
XUDNAN_clean,380.8
XUDNUH_clean,405.0
XUDPIX_clean,514.1
XUDYEC_clean,194.4
XUDYOM_clean,279.4
XUFPIZ_clean,513.4
XUFWOM_clean,266.5
XUFYAA_clean,771.6
XUGROI_clean,316.0
XUGSEY_clean,195.4
XUGWUS_clean,580.2
XUJPEY_clean,306.6
XUJPIC_clean,303.3
XUJPOI_clean,168.2
XUJQAV_clean,168.2
XUJSAY_clean,362.9
XUKHUI_clean,281.6
XUKLAS_clean,230.5
XUKNIC_clean,260.3
XUKYEI_neutral,101.5
XUMMOJ_clean,234.5
XUMMUP_clean,271.6
XUMNEA_clean,617.5
XUMNIE_clean,392.5
XUMTUV_clean,228.6
XUMVAD_clean,244.9
XUMVEH_clean,227.8
XUNGOD_clean,317.3
XUNGUJ_clean,321.9
XUNHAQ_clean,318.3
XUNSAC_clean,252.4
XUNSEG_clean,212.6
XUNSIK_clean,297.5
XUNSOQ_clean,330.6
XUNTIL_clean,208.8
XUPSAE_clean,169.7
XUTQEI_clean,105.3
XUVGUQ_charged,336.6
XUVHEB_clean,340.0
XUVQOW_clean,289.7
XUWFUR_clean,240.0
XUWKEH_clean,96.9
XUWSUD_clean,173.5
XUWTAK_clean,177.8
XUWVUG_clean_h,175.4
XUYXAR_clean,371.1
YABHER_clean,213.9
YABPAU_clean,257.1
YAGJOI_clean,246.2
YAHPED_clean,232.9
YAJXIT_clean,423.1
YAJXUF_clean,412.7
YANBAR01_clean,228.8
YANBAR02_clean,212.6
YANBAR03_clean,200.4
YANBAR_clean,220.0
YAPLIM_clean,444.7
YAPLOS_clean,444.3
YAPLUY_clean,662.7
YAPMAF_clean,690.5
YAPRUE_charged,338.5
YAPSAL_charged,529.6
YAPXIX_clean,373.8
YAQCEY_clean,367.7
YAQKEI_clean,355.1
YARBAW_clean,343.8
YARBUQ_clean,891.7
YARDEC_clean,328.5
YARDIG_clean,317.2
YARGAB_clean,241.5
YARKEJ_clean,479.0
YARKOT_clean,207.6
YARSAN_clean,259.5
YARYEV_clean,94.4
YARYIZ_clean,109.5
YARYOF_clean,121.4
YARYUL_clean,61.2
YARZEZ02_clean,70.1
YARZEZ03_clean,85.9
YARZEZ_clean,120.6
YASLOW_clean,929.5
YASLUA_clean,95.8
YATDUV_clean,238.9
YATTUK_clean,156.7
YAVSOG_clean,415.5
YAVTUN_clean,156.3
YAVVAV_clean,188.5
YAVVEZ_clean,165.0
YAVVID_clean,401.4
YAVVOJ_clean,396.8
YAVVUP_clean,397.0
YAVWAW_clean,395.7
YAVWUQ_clean,538.2
YAVZAX_clean,109.6
YAVZUT_clean,312.0
YAWBAC_clean,264.0
YAWFEI_charged,238.6
YAWFOS_clean,225.5
YAWKOX_clean,212.9
YAXBOP_SL,244.9
YAYLER_clean,222.0
YAYPOF_clean,220.1
YAYRAT_clean,451.8
YAZWOM_clean,350.4
YEBLAT_clean,187.7
YEDKOI_clean,149.5
YEDKUO_clean,236.5
YEDLAV_clean,261.8
YEFNEC_clean,121.0
YEFNOM_clean,123.3
YEFPEE_clean,121.1
YEGCUJ_clean,245.9
YEGHIC_clean,124.2
YEGKOM_clean,198.1
YEHGID_clean,1039.9
YEKQOW_clean,800.5
YEKXET_clean,196.9
YEKXOD_clean,226.6
YEKXUJ_clean,171.8
YELYOE_clean,195.2
YEMFOM_clean,290.4
YEMJAC_clean,138.7
YEMLUY_charged,462.2
YEMMAF_clean,327.4
YENLUA_ion_b,174.6
YEQRER_clean,60.1
YEQRIV_clean,58.7
YEVQOG_clean,714.9
YEVQUM_manual,2865.8
YEYCUC_SL,302.1
YEYFEP_clean,297.4
YEZFIU_clean,281.0
YEZKEV_clean,467.3
YIBMUT_clean,297.6
YICDAR_clean,403.3
YICREI_clean,226.6
YIKJOT_clean,522.3
YIKJUZ_clean,549.9
YILJAG_clean,250.7
YILJUA_clean,320.6
YILKAH_clean,232.8
YINCEF_clean,262.9
YINCIJ_clean,274.4
YINCOP_clean,264.6
YINCUV_clean,736.0
YINDOQ_clean,539.3
YINPEQ_clean,94.0
YINXIE_clean,303.8
YIRHOY_clean,378.0
YISFEL_clean,110.2
YIVNIC_clean,308.4
YIVZIO_clean,234.9
YIVZOU_clean,395.2
YIWBEN_clean,233.1
YIWLEV_clean,76.8
YIWLIZ_clean,81.2
YIWMEW_clean,103.5
YIWMOG_clean,139.7
YIWMUM_clean,139.3
YIWNAT_clean,139.9
YIWNIB_clean,107.8
YIWPAV_clean,104.3
YIWPEZ_SL_part,110.0
YIWPID_clean,149.9
YIXFIW_clean,417.4
YIXYUB_clean,360.6
YIXZEM_clean,309.1
YIYHAQ_clean,447.8
YIZGEV_clean,249.9
YIZGIZ_clean,244.9
YIZGOF_clean,246.5
YIZWIN_clean,236.0
YOBYAR_clean,365.1
YOBYEV_clean,301.9
YOCCIE_clean,310.0
YOCDUR_clean,363.2
YOCLEJ_clean,176.3
YOCLIN_clean,173.9
YOCNAH_clean,361.4
YOCSEQ_clean,239.1
YODRAM_clean,378.4
YODWOF_clean,96.9
YODWUL_clean,108.7
YOFGOR_clean,348.0
YOFXEY_clean,397.5
YOFXIC_clean,396.7
YOGKOW_clean,486.8
YOGVEX_clean,317.2
YOKKIU_clean,402.5
YOLGUB_clean,94.7
YOMBAE_charged,297.3
YOMZIL_clean,268.5
YONNAR_clean,374.2
YONNUL_clean,390.2
YOPPAW_clean,296.5
YOQLAT_clean,236.2
YORGOD_clean,209.0
YORLEY_clean,1209.5
YORNIE_clean,305.8
YOTXOW_clean,227.3
YOYBUL_clean,270.2
YOYNUX_clean,343.5
YOYPAF_clean,344.9
YOYPEJ_clean,336.2
YOYPIN_clean,244.7
YOYPOT_clean,337.4
YOYPUZ_clean,344.9
YOYQAG_clean,351.2
YOYQEK_clean,343.9
YOYQIO_clean,300.6
YOYQOU_clean,508.0
YOYQUA_clean,236.2
YOYRAH_clean,243.4
YOYREL_clean,242.4
YOYRIP_clean,240.4
YOYTOX_clean,465.4
YOYTUD_clean,447.1
YOYVAL_clean,451.6
YOYVEP01_clean,459.8
YOYVOZ01_clean,457.3
YOYVOZ_clean,433.5
YOYWEQ01_clean,436.4
YOYWEQ_clean,458.0
YOYZET_clean,508.4
YOZBOF_SL,690.7
YOZCAS_manual,638.1
YOZJEE01_clean,447.0
YOZJEE_clean,450.1
YOZKOP_clean,263.4
YOZNAE_clean,641.1
YOZQAG_charged,349.1
YOZQEK_clean,274.1
YOZYOD_clean,251.5
YOZYUJ_clean,301.3
YUBFOR_clean,221.4
YUBGIN_clean,144.6
YUBQET_clean,389.2
YUBTUM_clean,511.2
YUCZOM_clean,189.4
YUDFEK_clean,321.1
YUDFIO_clean,390.4
YUDFOU_clean,372.4
YUFLIW_clean,233.4
YUFLOC_clean,176.7
YUGLES_clean,101.5
YUGZIK_clean,415.0
YUHHIU_clean,189.1
YUJCOX_clean,179.8
YUJNOH_clean,210.8
YUKCAJ_clean,292.2
YUKKAR_clean,276.4
YULNOK_clean,304.9
YUMFUJ_clean,225.6
YUMJAS_clean,229.0
YUMKAU_clean,255.0
YUMYUC_clean,174.3
YUNJUO_clean,238.4
YUNKAV_clean,237.4
YUNKIC_charged,401.3
YUNXAI_clean,547.0
YUPSIM_clean,242.8
YURJUR_clean,138.8
YURKAY_clean,218.8
YURKEC_clean,349.3
YURKIG_clean,194.9
YUSGID_clean,321.3
YUSGOJ_SL,296.8
YUSWEP_manual,2651.4
YUSWEQ_clean,311.9
YUSWIU_clean,296.1
YUTDUO_clean,225.6
YUTGEZ_clean,114.1
YUXLEJ_clean,1067.5
YUXLIN_clean,1094.5
YUXQIS_clean,309.1
YUXQOY_clean,241.0
YUYBIF_clean,287.0
YUYGOQ_clean,315.6
YUYLIP_clean,335.3
YUYLOV_clean,302.1
YUZCON_clean,421.0
YUZPEQ_clean,633.7
YUZPIU_clean,782.8
YUZPOA_clean,418.6
YUZRAO_clean,266.3
YUZRES_clean,263.5
YUZXAT_clean,380.5
ZABQIC_ion_b,179.7
ZACHIX_clean,636.1
ZAFXAI_clean,277.9
ZAGHAT_clean,223.0
ZAHLEC_clean,103.6
ZALDUO_clean,168.2
ZALGEB_clean,214.4
ZALREM_clean,243.1
ZAQWEW_clean,304.4
ZAQZOG_clean,322.0
ZARLEL_clean,184.2
ZARLIP_clean,343.3
ZARLUB_charged,282.4
ZARMAI_charged,249.9
ZARPUF_clean,144.1
ZARQAM_clean,243.8
ZARTAP03_clean,257.6
ZARVIZ_clean,266.0
ZARZAV_clean,357.0
ZASJAG_clean,233.9
ZAVPET_clean,355.3
ZAVPIX_clean,270.6
ZAVPOD_clean,357.1
ZAVPUJ_clean,358.2
ZAVQAQ_clean,356.2
ZAVQEU_clean,362.8
ZAVQIY_clean,358.0
ZAVQOE_clean,356.4
ZAVQUK_clean,365.7
ZAVRAR_clean,362.2
ZAVREV_clean,357.6
ZAVRIZ_clean,357.5
ZAXQOG_clean,191.0
ZAXQUM_charged,250.0
ZAYJOA_charged,252.0
ZAZBUZ_clean,184.3
ZEBMAW_clean,302.8
ZECKID_clean,127.5
ZECKOJ_clean,187.5
ZEDLOL_clean,300.3
ZEDQEG_clean,189.8
ZEDROR_clean,369.6
ZEDVOV_charged,433.4
ZEDVUB_charged,521.0
ZEDWAI_charged,531.3
ZEDZAL01_clean,277.9
ZEDZAL_clean,293.7
ZEKRIS_clean,225.0
ZELQAK_clean,492.2
ZELROZ_manual,68.8
ZERQOE_clean,469.9
ZETLER_clean,357.6
ZEVXAB_clean,724.1
ZEXKUK_clean,346.0
ZEZFIV_clean,227.4
ZEZPAX_clean,237.1
ZEZPUR_clean,228.2
ZEZQAY_clean,227.8
ZEZQEC_clean,228.5
ZEZQIG_clean,238.0
ZICCIZ_clean,261.6
ZIDBEV_clean,175.1
ZIDNEH_clean,668.7
ZIDVAL_clean,563.1
ZIGFIG_clean,647.7
ZIHFUR01_clean,399.9
ZIHFUR_clean,386.9
ZIHTEP_clean,188.6
ZIJSAO_clean,225.8
ZIJVOF01_clean,226.3
ZIKJIO_clean,200.2
ZIKJOU_clean,214.3
ZILBAZ_clean,369.7
ZILBED_clean,275.9
ZILBIH_clean,460.4
ZILFOR_manual,308.5
ZIMLAK_clean,181.4
ZIMLEO_clean,184.5
ZIMLIS_clean,180.3
ZIMTAS_clean,203.8
ZINDAD_clean,478.7
ZIQJEQ_clean,221.1
ZISFEO01_clean,204.6
ZISFEO_clean,172.7
ZISYAD_clean,318.4
ZITRUP_clean,112.4
ZIWLUO_clean,530.9
ZOFZIF_clean,237.1
ZOFZOL_clean,209.6
ZOFZUR_clean,361.8
ZOHFUZ_clean,664.1
ZOMNEW_clean,292.5
ZOMNIA_clean,302.3
ZOMNUM_clean,345.1
ZOTKAW_clean,328.7
ZOXFEZ_clean,198.9
ZOXGOK_clean,308.8
ZOXNEH_clean,180.6
ZOZCIC_clean,350.0
ZOZHON_clean,507.1
ZOZKAC_clean,303.9
ZOZKEG_clean,462.3
ZOZPUB_clean,287.3
ZUBFIN_clean,1159.1
ZUDQUM_clean,238.1
ZUDRAT_clean,328.9
ZUDXAZ_clean,273.9
ZUGDEM_clean,206.7
ZUKNAW_clean,111.5
ZUNZIT_clean,241.3
ZUPBET_clean,233.1
ZUQMAB_clean,344.9
ZURQOS_clean,203.5
ZURROT_clean,246.9
ZUSBIA_clean,257.3
ZUSBOG_clean,166.7
ZUTBIB_clean,592.4
ZUTBUN_clean,1821.7
ZUWXUM_clean,284.1
ZUXPOZ_clean,171.7
ZUZZEB_clean,216.2
