Model,R2,MAE,RMSE,MAPE_percent,n_train,n_test,fit_time_sec,predict_time_sec
rf,0.5155379826722742,0.420583602969334,0.4469603488309803,29.542917323111613,6206,1552,38.5535523891449,0.2860562801361084
