Model,R2,MAE,RMSE,MAPE_percent,n_train,n_test,fit_time_sec,predict_time_sec
gbm,0.9856088586851084,0.001140692741329077,4.359286069231173e-06,12.271535027017734,8145,2036,18.34514045715332,0.015489339828491211
