Model,R2,MAE,RMSE,MAPE_percent,n_train,n_test,fit_time_sec,predict_time_sec
cat,0.9628130415750731,0.07120407716904807,0.011372551876377727,4.985055883667068,3566,4359,4.487741231918335,0.0054171085357666016
