Model,R2,MAE,RMSE,MAPE_percent,n_train,n_test,fit_time_sec,predict_time_sec
cat,0.9950147161329875,0.0005015423043970214,4.987126654939034e-07,4.23833965944554,8145,2036,4.724174737930298,0.003197193145751953
