Model,R2,MAE,RMSE,MAPE_percent,n_train,n_test,fit_time_sec,predict_time_sec
gbm,0.9656637682504194,0.0008821044684736086,9.835270487099549e-06,7.349602021191777,7127,3054,17.50672721862793,0.020783662796020508
