Model,R2,MAE,RMSE,MAPE_percent,n_train,n_test,fit_time_sec,predict_time_sec
rf,0.7848802542355647,0.01766092349684118,0.0059031490929684245,6.32168670712595,6208,1552,48.9029905796051,0.30008602142333984
