Model,R2,MAE,RMSE,MAPE_percent,n_train,n_test,fit_time_sec,predict_time_sec
rf,0.9450892914335638,0.2570373410165951,0.1814755875066578,6.960442829304222,6206,1552,37.30282807350159,0.2980663776397705
