Model,R2,MAE,RMSE,MAPE_percent,n_train,n_test,fit_time_sec,predict_time_sec
cat,0.9415433159365691,0.0052691193531530555,0.00042759842826736526,7.784914922942226,2036,8145,4.293902397155762,0.008026123046875
