Model,R2,MAE,RMSE,MAPE_percent,n_train,n_test,fit_time_sec,predict_time_sec
cat,0.3960989799541581,0.39113140986602984,0.355196223790494,36.49439705327382,1981,5944,3.7106714248657227,0.006907463073730469
