Model,R2,MAE,RMSE,MAPE_percent,n_train,n_test,fit_time_sec,predict_time_sec
gbm,0.9951675265442708,0.0008333734731785853,1.3022847125429155e-06,7.593345947083076,8145,2036,36.880271911621094,0.028000831604003906
