Model,R2,MAE,RMSE,MAPE_percent,n_train,n_test,fit_time_sec,predict_time_sec
rf,0.9616373717943791,0.01834943958444933,0.0028867673348216597,4839291.237013961,1132,10184,5.391790151596069,0.6612081527709961
