Model,R2,MAE,RMSE,MAPE_percent,n_train,n_test,fit_time_sec,predict_time_sec
cat,0.9966845904128723,0.000389760727430212,4.240331609370762e-07,2.7736479765789954,8145,2036,3.6915440559387207,0.002743244171142578
