Model,R2,MAE,RMSE,MAPE_percent,n_train,n_test,fit_time_sec,predict_time_sec
cat,0.888172806279505,0.0138865865395175,0.007231521278010969,3.8506310524527216,6208,1552,9.617380619049072,0.017791271209716797
