Model,R2,MAE,RMSE,MAPE_percent,n_train,n_test,fit_time_sec,predict_time_sec
cat,0.961582372886944,0.17756284496752325,0.08151770870309032,6.181407835019999,6208,1552,3.4184134006500244,0.002351999282836914
