Model,R2,MAE,RMSE,MAPE_percent,n_train,n_test,fit_time_sec,predict_time_sec
cat,0.9645790865828332,0.17688786322931488,0.07071240294121162,6.296951110854707,5548,2377,5.149361610412598,0.003573179244995117
