Model,R2,MAE,RMSE,MAPE_percent,n_train,n_test,fit_time_sec,predict_time_sec
rf,0.9776247746057616,0.007129732054239111,0.001369473756594874,3.348096994827538,8145,2036,51.877729415893555,0.404160737991333
