Model,R2,MAE,RMSE,MAPE_percent,n_train,n_test,fit_time_sec,predict_time_sec
cat,0.9587940589564761,0.17142903453626893,0.06243229519864361,5.675651402092048,6340,1585,4.297858476638794,0.002630472183227539
