Model,R2,MAE,RMSE,MAPE_percent,n_train,n_test,fit_time_sec,predict_time_sec
cat,0.9663700864176322,0.1806210237104928,0.07436398450623787,397359757.9439863,7921,3395,4.92777681350708,0.0043871402740478516
