Model,R2,MAE,RMSE,MAPE_percent,n_train,n_test,fit_time_sec,predict_time_sec
gbm,0.994366906509206,0.0005356714285525554,5.701944947815329e-07,4.329433944590582,8145,2036,20.25075626373291,0.01391911506652832
