Model,R2,MAE,RMSE,MAPE_percent,n_train,n_test,fit_time_sec,predict_time_sec
rf,0.9941597196453569,0.004478842732907579,7.111661650714953e-05,1.598076186241076,6208,1552,38.89051032066345,0.2743954658508301
