Model,R2,MAE,RMSE,MAPE_percent,n_train,n_test,fit_time_sec,predict_time_sec
gbm,0.9591578724861153,0.006505786613283616,0.00033977433227976435,11.7272289940986,8145,2036,19.59665298461914,0.015855073928833008
