Model,R2,MAE,RMSE,MAPE_percent,n_train,n_test,fit_time_sec,predict_time_sec
cat,0.964094974288507,0.01706463736332866,0.004525254007283492,290266997.91952705,9053,2263,5.659972906112671,0.0027239322662353516
