Model,R2,MAE,RMSE,MAPE_percent,n_train,n_test,fit_time_sec,predict_time_sec
rf,0.9880167522245871,0.007401991426050203,0.00065305168505672,1.8851750797010034,6208,1552,56.111501932144165,0.5253086090087891
