Model,R2,MAE,RMSE,MAPE_percent,n_train,n_test,fit_time_sec,predict_time_sec
cat,0.367858044176676,0.10461591671586107,0.038078278802331375,58.38295722977522,6208,1552,3.1582133769989014,0.002187013626098633
