Model,R2,MAE,RMSE,MAPE_percent,n_train,n_test,fit_time_sec,predict_time_sec
cat,0.9064454866294978,0.1184005933082219,0.05109608319512757,9.391756834771819,396,7529,3.553009510040283,0.007303476333618164
