Model,R2,MAE,RMSE,MAPE_percent,n_train,n_test,fit_time_sec,predict_time_sec
cat,0.9961152090591641,0.007355057722083904,0.00010650075523381962,3.6558886225725193,8145,2036,3.8559556007385254,0.0026264190673828125
