Model,R2,MAE,RMSE,MAPE_percent,n_train,n_test,fit_time_sec,predict_time_sec
cat,0.9787441882383735,0.013176017463215901,0.0003011083742486282,6.521167808719502,8145,2036,4.97519063949585,0.0033566951751708984
