Model,R2,MAE,RMSE,MAPE_percent,n_train,n_test,fit_time_sec,predict_time_sec
cat,0.9393317792746476,0.2725261609038192,0.17439936655867,7.278004159530315,6213,1553,3.3334100246429443,0.002259969711303711
