Model,R2,MAE,RMSE,MAPE_percent,n_train,n_test,fit_time_sec,predict_time_sec
cat,0.996318976652844,0.0024362466722157717,1.1690378965990108e-05,3.605072891689029,8145,2036,3.7505393028259277,0.0026907920837402344
