Model,R2,MAE,RMSE,MAPE_percent,n_train,n_test,fit_time_sec,predict_time_sec
rf,0.7894190967649585,0.0007543903480595952,2.231365749710598e-05,5.018120534836188,8151,2038,56.89506649971008,0.4008181095123291
