Model,R2,MAE,RMSE,MAPE_percent,n_train,n_test,fit_time_sec,predict_time_sec
gbm,0.9337783854500571,0.018946991637942962,0.007764426151307694,207979222.11129043,9053,2263,22.959113597869873,0.017121076583862305
