Model,R2,MAE,RMSE,MAPE_percent,n_train,n_test,fit_time_sec,predict_time_sec
cat,0.9860482058007443,0.004711597247512388,0.00011606793883460762,7.51992816169359,8145,2036,3.5484280586242676,0.002715587615966797
