Model,R2,MAE,RMSE,MAPE_percent,n_train,n_test,fit_time_sec,predict_time_sec
rf,0.9942707850273554,0.013095417317097006,0.0010623006841366765,1.8294830933593798,6206,1552,36.827558279037476,0.2709789276123047
