Model,R2,MAE,RMSE,MAPE_percent,n_train,n_test,fit_time_sec,predict_time_sec
gbm,0.9886648947092702,0.00105401648296577,2.0268286923559285e-06,6.803374247187863,8145,2036,19.869222164154053,0.014473915100097656
