Model,R2,MAE,RMSE,MAPE_percent,n_train,n_test,fit_time_sec,predict_time_sec
cat,0.9464110774187933,0.18850600905499307,0.09436800320708658,6.26224069799717,3170,4755,4.358572721481323,0.005268096923828125
