Model,R2,MAE,RMSE,MAPE_percent,n_train,n_test,fit_time_sec,predict_time_sec
cat,0.9674806705180943,0.07173714757935054,0.013457956079571239,5.657993193655663,9053,2263,3.7567636966705322,0.0030286312103271484
