Model,R2,MAE,RMSE,MAPE_percent,n_train,n_test,fit_time_sec,predict_time_sec
gbm,0.9365558403415579,0.2756231101980644,0.17315532219058688,7.21796094639897,6206,1552,15.527645587921143,0.012528657913208008
