Model,R2,MAE,RMSE,MAPE_percent,n_train,n_test,fit_time_sec,predict_time_sec
gbm,0.997593972085758,0.00041811168660224623,3.2416536504676685e-07,3.014434076472991,8145,2036,20.124871015548706,0.013962507247924805
