Model,R2,MAE,RMSE,MAPE_percent,n_train,n_test,fit_time_sec,predict_time_sec
cat,0.5513166242752323,0.3577722865876908,0.28664636889373435,4995993615.881643,7355,3961,4.568835020065308,0.0054280757904052734
