Model,R2,MAE,RMSE,MAPE_percent,n_train,n_test,fit_time_sec,predict_time_sec
cat,0.9614369863587235,0.07004508311233319,0.011374509783320922,4.84457626665377,3962,3963,4.561211109161377,0.004895925521850586
