Model,R2,MAE,RMSE,MAPE_percent,n_train,n_test,fit_time_sec,predict_time_sec
cat,0.9582022787002052,0.06423467540524697,0.012101784291237283,4.892358192404269,3157,3858,4.584322929382324,0.0050547122955322266
