Model,R2,MAE,RMSE,MAPE_percent,n_train,n_test,fit_time_sec,predict_time_sec
gbm,0.9478564770898318,0.08062332452953612,0.03361569863051975,4.930078645526759,6340,1585,15.78136396408081,0.013165950775146484
