Model,R2,MAE,RMSE,MAPE_percent,n_train,n_test,fit_time_sec,predict_time_sec
cat,0.970526279345438,0.11837930374784829,0.030690209374092097,4.855831129420704,6208,1552,4.578579664230347,0.002850770950317383
