Model,R2,MAE,RMSE,MAPE_percent,n_train,n_test,fit_time_sec,predict_time_sec
cat,0.27973279703196086,0.14676639393024632,0.07306469827370621,56.25524101806345,3566,4359,4.094850301742554,0.005259037017822266
