Model,R2,MAE,RMSE,MAPE_percent,n_train,n_test,fit_time_sec,predict_time_sec
rf,0.46638449610167565,0.4378160762604554,0.5649571598966656,29.014532449436924,6213,1553,38.84521722793579,0.28533935546875
