Model,R2,MAE,RMSE,MAPE_percent,n_train,n_test,fit_time_sec,predict_time_sec
gbm,0.9697260140654507,0.015281159735404897,0.003156955964012307,83779399.08854945,9053,2263,22.81181311607361,0.01736140251159668
