Model,R2,MAE,RMSE,MAPE_percent,n_train,n_test,fit_time_sec,predict_time_sec
cat,0.9548444029364994,0.1119059192720548,0.029186488510954307,5.805052017993315,6206,1552,3.412583112716675,0.002263307571411133
