Model,R2,MAE,RMSE,MAPE_percent,n_train,n_test,fit_time_sec,predict_time_sec
cat,0.8624046765671578,0.08491480265924913,0.05826622387062391,6.673291567967297,1052,5963,3.7809903621673584,0.006936311721801758
