Model,R2,MAE,RMSE,MAPE_percent,n_train,n_test,fit_time_sec,predict_time_sec
cat,0.9261832718356342,0.021622074265961005,0.008572908057902407,487819236.22250706,2829,8487,4.39788556098938,0.009284496307373047
