Model,R2,MAE,RMSE,MAPE_percent,n_train,n_test,fit_time_sec,predict_time_sec
cat,0.2780666150886668,0.15406801576520815,0.08384371248471062,3578988222.082816,2829,8487,4.2990570068359375,0.00926971435546875
