Model,R2,MAE,RMSE,MAPE_percent,n_train,n_test,fit_time_sec,predict_time_sec
cat,0.9912043879970598,0.013251444240118428,0.00032347132948734293,6.9878413781199935,5090,5091,4.655789613723755,0.006538867950439453
