Model,R2,MAE,RMSE,MAPE_percent,n_train,n_test,fit_time_sec,predict_time_sec
cat,0.8917487348841739,0.11680770871405262,0.06454316668658028,9.694940376261165,396,7529,3.6546430587768555,0.008208990097045898
