Model,R2,MAE,RMSE,MAPE_percent,n_train,n_test,fit_time_sec,predict_time_sec
gbm,0.9835808358167969,0.0009143328440144353,1.480696619044763e-06,6.7831216089482425,6109,4072,15.044137716293335,0.0260775089263916
