Model,R2,MAE,RMSE,MAPE_percent,n_train,n_test,fit_time_sec,predict_time_sec
cat,0.4743527906290703,0.29191124503013827,0.20320366261305645,36.39331111624436,6208,1552,3.228975772857666,0.002303600311279297
