Model,R2,MAE,RMSE,MAPE_percent,n_train,n_test,fit_time_sec,predict_time_sec
cat,0.982667153226511,0.001205785428906609,4.673419322889944e-06,9.348938845848531,1018,9163,3.5350847244262695,0.012069463729858398
