Model,R2,MAE,RMSE,MAPE_percent,n_train,n_test,fit_time_sec,predict_time_sec
cat,0.33984264821502397,0.009504074013888244,0.0026901681638323302,11.720521467498079,8151,2038,3.51660418510437,0.0025911331176757812
