Model,R2,MAE,RMSE,MAPE_percent,n_train,n_test,fit_time_sec,predict_time_sec
gbm,0.9346838336863831,0.019945581241248404,0.008715402682445689,58514507.451187156,7355,3961,18.376042366027832,0.02760028839111328
