Model,R2,MAE,RMSE,MAPE_percent,n_train,n_test,fit_time_sec,predict_time_sec
cat,0.9353101984715096,0.019324023682841286,0.004489882234531875,9.79437480311333,509,9672,3.961676597595215,0.00929117202758789
