Model,R2,MAE,RMSE,MAPE_percent,n_train,n_test,fit_time_sec,predict_time_sec
rf,0.9951635590831656,0.008617602919490208,0.00015632571553576724,3.6822989782946784,8145,2036,52.40701770782471,0.418532133102417
