Model,R2,MAE,RMSE,MAPE_percent,n_train,n_test,fit_time_sec,predict_time_sec
cat,0.993585567751384,0.005516677562450349,9.04195371208525e-05,2.2315988855627267,6208,1552,3.5307085514068604,0.002322673797607422
