Model,R2,MAE,RMSE,MAPE_percent,n_train,n_test,fit_time_sec,predict_time_sec
rf,0.7738268180983129,0.475035864913708,0.49738831989207294,1609.2612332756332,9053,2263,57.31831979751587,0.4486207962036133
