Model,R2,MAE,RMSE,MAPE_percent,n_train,n_test,fit_time_sec,predict_time_sec
rf,-0.004275533440365908,0.04459069667747431,0.6189439582950805,7.238882828348626,8151,2038,54.03217530250549,0.38959789276123047
