Model,R2,MAE,RMSE,MAPE_percent,n_train,n_test,fit_time_sec,predict_time_sec
cat,0.7521076539015967,0.5278091945214479,0.5600137227153421,2665221120.9923544,4526,6790,4.288950681686401,0.007086992263793945
