Model,R2,MAE,RMSE,MAPE_percent,n_train,n_test,fit_time_sec,predict_time_sec
cat,0.9472765023149655,0.22160298285424784,0.12138688214063714,3172772701.8241415,1132,10184,4.2359137535095215,0.010622978210449219
