Model,R2,MAE,RMSE,MAPE_percent,n_train,n_test,fit_time_sec,predict_time_sec
cat,0.9077223641671225,0.020919650272340613,0.008203940814758042,12.245833474141538,5600,4581,4.491426467895508,0.004971981048583984
