Model,R2,MAE,RMSE,MAPE_percent,n_train,n_test,fit_time_sec,predict_time_sec
cat,0.9154318407678629,0.09694515124062772,0.03380133502631358,8.675674049104709,6208,1552,3.628157138824463,0.0023424625396728516
