Model,R2,MAE,RMSE,MAPE_percent,n_train,n_test,fit_time_sec,predict_time_sec
cat,0.995558659365723,0.008396546225122571,0.00014686621586432704,3.615938035465851,8145,2036,3.847193479537964,0.0028533935546875
