Model,R2,MAE,RMSE,MAPE_percent,n_train,n_test,fit_time_sec,predict_time_sec
rf,0.9951657152198256,0.007255863505426741,0.00010481178373672524,3.978035063862448,8145,2036,52.04929447174072,0.4100806713104248
