Model,R2,MAE,RMSE,MAPE_percent,n_train,n_test,fit_time_sec,predict_time_sec
cat,0.17115163475312944,0.16240967090739997,0.09916651882145051,2615888241.714336,1697,9619,4.022168397903442,0.010618209838867188
