Model,R2,MAE,RMSE,MAPE_percent,n_train,n_test,fit_time_sec,predict_time_sec
cat,0.8612344996454765,0.02569941238861488,0.016602423530842347,512111880.33694905,1697,9619,4.230975866317749,0.014043092727661133
