Model,R2,MAE,RMSE,MAPE_percent,n_train,n_test,fit_time_sec,predict_time_sec
cat,0.9809957139095727,0.01741719440787265,0.0013026100153035287,2.985339375662846,6206,1552,9.113983631134033,0.004485368728637695
