Model,R2,MAE,RMSE,MAPE_percent,n_train,n_test,fit_time_sec,predict_time_sec
rf,0.9686439730413545,0.007038220613719306,0.00011511865548888122,10.017341888885381,8145,2036,52.66724491119385,0.407820463180542
