Model,R2,MAE,RMSE,MAPE_percent,n_train,n_test,fit_time_sec,predict_time_sec
rf,0.9808741963822717,0.016387263619045547,0.0013574735703663083,10.151949705366436,8145,2036,49.30979871749878,0.4128079414367676
