Model,R2,MAE,RMSE,MAPE_percent,n_train,n_test,fit_time_sec,predict_time_sec
gbm,0.3011438710847776,0.24128677393446354,0.20023414803850803,56.840948388303616,6213,1553,13.73634672164917,0.01160287857055664
