Model,R2,MAE,RMSE,MAPE_percent,n_train,n_test,fit_time_sec,predict_time_sec
cat,0.987102698555267,0.016606581386698793,0.0006162678043479642,8.808668294793343,1527,8654,4.166105270385742,0.010226249694824219
