Model,R2,MAE,RMSE,MAPE_percent,n_train,n_test,fit_time_sec,predict_time_sec
rf,0.9960121428535677,0.002569100792054816,1.2339557092826537e-05,3.8315859044370364,8145,2036,51.365971326828,0.39433979988098145
