Model,R2,MAE,RMSE,MAPE_percent,n_train,n_test,fit_time_sec,predict_time_sec
gbm,0.9981774474158914,0.0021548185343384777,1.260558410091697e-05,3.408100203803685,8145,2036,20.785489559173584,0.014612674713134766
