Model,R2,MAE,RMSE,MAPE_percent,n_train,n_test,fit_time_sec,predict_time_sec
cat,0.9909464573947377,0.0011105745777852086,3.6861578924541923e-06,7.3371415819566295,8145,2036,3.8431475162506104,0.005407810211181641
