Model,R2,MAE,RMSE,MAPE_percent,n_train,n_test,fit_time_sec,predict_time_sec
cat,0.9346464859158569,0.0010531428799102841,1.965141979456004e-05,8.487830789003372,1527,8654,3.0663516521453857,0.01010274887084961
