Model,R2,MAE,RMSE,MAPE_percent,n_train,n_test,fit_time_sec,predict_time_sec
cat,0.3603951865571158,0.018369152938702043,0.03957618565404022,7.067426398865619,8151,2038,3.5547478199005127,0.0025947093963623047
