Model,R2,MAE,RMSE,MAPE_percent,n_train,n_test,fit_time_sec,predict_time_sec
gbm,0.9852869807666189,0.01268577269308933,0.0004962459975934009,12548495.69108025,4526,6790,10.963356256484985,0.04047226905822754
