Model,R2,MAE,RMSE,MAPE_percent,n_train,n_test,fit_time_sec,predict_time_sec
cat,0.9863306498415586,0.0009061045487119843,3.7922355841447077e-06,7.709638060787915,8145,2036,7.6154420375823975,0.013409137725830078
