Model,R2,MAE,RMSE,MAPE_percent,n_train,n_test,fit_time_sec,predict_time_sec
gbm,0.9674858450235363,0.06660130693953173,0.010472315844503867,4.618527905366137,6340,1585,16.366312503814697,0.012469768524169922
