Model,R2,MAE,RMSE,MAPE_percent,n_train,n_test,fit_time_sec,predict_time_sec
gbm,0.9579571073899862,0.08037407243987042,0.02626151801630937,97.81512361073482,9053,2263,22.976332664489746,0.01781749725341797
