Model,R2,MAE,RMSE,MAPE_percent,n_train,n_test,fit_time_sec,predict_time_sec
gbm,0.6544766946787414,0.47356111432695247,0.4769814651739657,25.05539369288663,6208,1552,14.249763488769531,0.011797904968261719
