Model,R2,MAE,RMSE,MAPE_percent,n_train,n_test,fit_time_sec,predict_time_sec
gbm,0.980427148863058,0.000840124344245251,1.241409728884024e-06,7.124840937495152,7127,3054,17.167987823486328,0.01936793327331543
