Model,R2,MAE,RMSE,MAPE_percent,n_train,n_test,fit_time_sec,predict_time_sec
cat,0.9319057030582004,0.013989529819735712,0.0038722443090871005,4.819914204455008,2716,5044,3.4300332069396973,0.0059070587158203125
