Model,R2,MAE,RMSE,MAPE_percent,n_train,n_test,fit_time_sec,predict_time_sec
rf,0.9361296816558121,0.2744612470484512,0.17724601304819626,7.072900822705251,6213,1553,37.530046463012695,0.2727541923522949
