Model,R2,MAE,RMSE,MAPE_percent,n_train,n_test,fit_time_sec,predict_time_sec
gbm,0.9966963702559717,0.006945991775291248,0.00010431494048075345,2.983770885695927,8145,2036,20.36645245552063,0.01328134536743164
