Model,R2,MAE,RMSE,MAPE_percent,n_train,n_test,fit_time_sec,predict_time_sec
gbm,0.9952724037914636,0.0030387404724825464,1.8007840058893052e-05,3.906882177980432,8145,2036,20.109525203704834,0.013844013214111328
