Model,R2,MAE,RMSE,MAPE_percent,n_train,n_test,fit_time_sec,predict_time_sec
cat,0.9965857118743974,0.007941586937507628,0.00020340458149181669,4.477112433295997,8145,2036,3.519735336303711,0.0026535987854003906
