Model,R2,MAE,RMSE,MAPE_percent,n_train,n_test,fit_time_sec,predict_time_sec
gbm,0.9834347119178743,0.017135361512031988,0.0011560320602946915,2.8836709201338238,6213,1553,15.714513301849365,0.011852741241455078
