Model,R2,MAE,RMSE,MAPE_percent,n_train,n_test,fit_time_sec,predict_time_sec
gbm,0.8641236448514805,0.019796287216432503,0.008240531653087123,4.501268093433105,388,7372,0.9959867000579834,0.054924964904785156
