Model,R2,MAE,RMSE,MAPE_percent,n_train,n_test,fit_time_sec,predict_time_sec
gbm,0.9548543006556761,0.0007008332106754716,1.7469448352914946e-05,4.253793983927419,8145,2036,20.130638599395752,0.014390945434570312
