Model,R2,MAE,RMSE,MAPE_percent,n_train,n_test,fit_time_sec,predict_time_sec
cat,0.9844354436355768,0.01855042166841294,0.0011862248558378193,3.157022388754544,6213,1553,3.502577066421509,0.0023305416107177734
