Model,R2,MAE,RMSE,MAPE_percent,n_train,n_test,fit_time_sec,predict_time_sec
cat,0.24201155769419502,0.2513836095477215,0.3406569329114256,36.943674937440896,7056,1764,3.359241485595703,0.0025177001953125
