Model,R2,MAE,RMSE,MAPE_percent,n_train,n_test,fit_time_sec,predict_time_sec
gbm,0.9700243191566892,0.022754382828184795,0.0048114216798001855,3.117961628841007,6206,1552,18.27410912513733,0.01254129409790039
