Model,R2,MAE,RMSE,MAPE_percent,n_train,n_test,fit_time_sec,predict_time_sec
cat,0.9253095919495439,0.005359366408974937,0.0007928773452621029,7.4574792759614645,6109,4072,4.897254228591919,0.005260944366455078
