Model,R2,MAE,RMSE,MAPE_percent,n_train,n_test,fit_time_sec,predict_time_sec
cat,0.6632586510909186,0.06895161226963192,0.17984484048101448,8.571043611709854,441,8379,3.6444783210754395,0.009711742401123047
