Model,R2,MAE,RMSE,MAPE_percent,n_train,n_test,fit_time_sec,predict_time_sec
cat,0.9561005861315427,0.08616028823768733,0.029039011971327605,1314959943.3859653,5092,6224,4.835319519042969,0.008162498474121094
