Model,R2,MAE,RMSE,MAPE_percent,n_train,n_test,fit_time_sec,predict_time_sec
cat,0.9210980834951263,0.0012177228447582981,2.7916322295467737e-05,9.147402925834761,1018,9163,4.0127387046813965,0.009105682373046875
