Model,R2,MAE,RMSE,MAPE_percent,n_train,n_test,fit_time_sec,predict_time_sec
cat,0.9444719151368394,0.19436222228710723,0.1144071453154875,6.673968238914776,2774,5151,4.4879114627838135,0.0065724849700927734
