Model,R2,MAE,RMSE,MAPE_percent,n_train,n_test,fit_time_sec,predict_time_sec
rf,0.9808949782973733,0.0014696771066877278,8.128652306733638e-06,10.933930343016238,8145,2036,52.94991207122803,0.40265321731567383
