Model,R2,MAE,RMSE,MAPE_percent,n_train,n_test,fit_time_sec,predict_time_sec
cat,0.31588220245961207,0.14959784172858567,0.08741369250727468,4356063664.09885,5658,5658,4.337554454803467,0.008228540420532227
