Model,R2,MAE,RMSE,MAPE_percent,n_train,n_test,fit_time_sec,predict_time_sec
cat,0.9788340319225433,0.013175574526494772,0.00029747297409339564,6.54604856950039,8145,2036,4.635918140411377,0.0033655166625976562
