Model,R2,MAE,RMSE,MAPE_percent,n_train,n_test,fit_time_sec,predict_time_sec
cat,0.9851059508902494,0.005228092887795041,6.0851737285328524e-05,6.74033469712445,8145,2036,5.088841438293457,0.00334930419921875
