Model,R2,MAE,RMSE,MAPE_percent,n_train,n_test,fit_time_sec,predict_time_sec
cat,0.9846090117305064,0.0008666132983694708,1.6493482878361219e-06,7.140594931172413,8145,2036,3.983079433441162,0.003045797348022461
