Model,R2,MAE,RMSE,MAPE_percent,n_train,n_test,fit_time_sec,predict_time_sec
cat,0.9843468904218192,0.019492686135315598,0.0009715198118167174,12.645845429591018,7127,3054,4.4636945724487305,0.003972291946411133
