Model,R2,MAE,RMSE,MAPE_percent,n_train,n_test,fit_time_sec,predict_time_sec
gbm,0.1290064614077654,0.007861431640136893,0.012655986684620178,5.137974635333292,8151,2038,20.445337057113647,0.013077259063720703
