Model,R2,MAE,RMSE,MAPE_percent,n_train,n_test,fit_time_sec,predict_time_sec
cat,0.9341201293677327,0.0351617170254853,0.016823088187248123,4.62369688825536,6206,1552,3.6159374713897705,0.0019474029541015625
