Model,R2,MAE,RMSE,MAPE_percent,n_train,n_test,fit_time_sec,predict_time_sec
rf,0.9721080269683103,0.0013297771555531492,1.0951885748051301e-05,10.659989201972534,8145,2036,50.119467973709106,0.3952021598815918
