Model,R2,MAE,RMSE,MAPE_percent,n_train,n_test,fit_time_sec,predict_time_sec
rf,0.9114062944995022,0.001121558616578102,3.423474810301013e-05,7.544799799170853,2545,7636,13.934952020645142,0.6718301773071289
