Model,R2,MAE,RMSE,MAPE_percent,n_train,n_test,fit_time_sec,predict_time_sec
gbm,0.4998307390619434,0.00819492972823154,0.02861263169137286,3.85007432308781,8151,2038,20.447394371032715,0.013684511184692383
