Model,R2,MAE,RMSE,MAPE_percent,n_train,n_test,fit_time_sec,predict_time_sec
cat,0.7535244558295222,0.5250143881538595,0.5839778338021501,11080244056.763172,6224,5092,4.519283771514893,0.0072138309478759766
