Model,R2,MAE,RMSE,MAPE_percent,n_train,n_test,fit_time_sec,predict_time_sec
rf,0.9573256303821172,0.12864488417311568,0.04293591690018665,5.3120326088889325,6208,1552,36.61018395423889,0.28234243392944336
