Model,R2,MAE,RMSE,MAPE_percent,n_train,n_test,fit_time_sec,predict_time_sec
gbm,0.94718228579639,0.26124953281194124,0.1395224844795903,6.902639499318439,6206,1552,15.437106609344482,0.012655258178710938
