Model,R2,MAE,RMSE,MAPE_percent,n_train,n_test,fit_time_sec,predict_time_sec
cat,0.9382201277478769,0.0010676971241694038,2.1685818024625722e-05,7.859750323214596,3054,7127,4.402597904205322,0.007567882537841797
