Model,R2,MAE,RMSE,MAPE_percent,n_train,n_test,fit_time_sec,predict_time_sec
cat,0.9860396086151426,0.012559467639380793,0.0004543472907356745,3.5732535941898553,4359,3566,4.585100412368774,0.004727602005004883
