Model,R2,MAE,RMSE,MAPE_percent,n_train,n_test,fit_time_sec,predict_time_sec
cat,0.9661253980297089,0.1763539406669095,0.06955407324835884,5.94318804021523,6340,1585,4.468876838684082,0.0029320716857910156
