Model,R2,MAE,RMSE,MAPE_percent,n_train,n_test,fit_time_sec,predict_time_sec
rf,0.7442322350902255,0.6035717969752505,0.8346420566745256,19.440606246167082,6213,1553,37.28806924819946,0.2992854118347168
