Model,R2,MAE,RMSE,MAPE_percent,n_train,n_test,fit_time_sec,predict_time_sec
gbm,0.9790159923130771,0.012194956955311892,0.001316156845993289,2.7744665157945385,9053,2263,22.91506028175354,0.016677379608154297
