Model,R2,MAE,RMSE,MAPE_percent,n_train,n_test,fit_time_sec,predict_time_sec
cat,0.9979735829532056,0.0003262101499434581,2.4608705127873456e-07,2.4005155030631715,8145,2036,3.5998804569244385,0.002593517303466797
