Model,R2,MAE,RMSE,MAPE_percent,n_train,n_test,fit_time_sec,predict_time_sec
rf,0.9820196163455884,0.03276089135740495,0.0027430145516759083,3.5803057777637344,7056,1764,45.31102395057678,0.3315439224243164
