Model,R2,MAE,RMSE,MAPE_percent,n_train,n_test,fit_time_sec,predict_time_sec
cat,0.967374632603199,0.12881855975778325,0.03411749033721639,5.2184128513969865,6208,1552,3.581643581390381,0.0023915767669677734
