Model,R2,MAE,RMSE,MAPE_percent,n_train,n_test,fit_time_sec,predict_time_sec
cat,0.9427173861904544,0.2730247525638035,0.1568607386734895,7.171186883817686,6206,1552,3.3832194805145264,0.0022826194763183594
