Model,R2,MAE,RMSE,MAPE_percent,n_train,n_test,fit_time_sec,predict_time_sec
cat,0.9848290775653307,0.01031957411633987,0.00030703570162725054,4.559969357314331,1552,6208,3.127741813659668,0.006167173385620117
