Model,R2,MAE,RMSE,MAPE_percent,n_train,n_test,fit_time_sec,predict_time_sec
rf,0.9917848702602843,0.00651721049512512,0.0003696321197313265,1.6467189141909362,9059,2265,55.614997148513794,0.4225037097930908
