Model,R2,MAE,RMSE,MAPE_percent,n_train,n_test,fit_time_sec,predict_time_sec
rf,0.9883123548703255,0.004838821629218976,4.561616396284113e-05,6.432519721324131,8145,2036,51.91129803657532,0.40889787673950195
