Model,R2,MAE,RMSE,MAPE_percent,n_train,n_test,fit_time_sec,predict_time_sec
rf,0.9871945085026582,0.01788521860772159,0.000835587865618404,10.554736589349009,8145,2036,50.118322134017944,0.40986061096191406
