Model,R2,MAE,RMSE,MAPE_percent,n_train,n_test,fit_time_sec,predict_time_sec
cat,0.8358159823728636,0.02459953058830574,0.018562298708777097,4.93195606184822,1189,6736,3.9982008934020996,0.006995201110839844
