Model,R2,MAE,RMSE,MAPE_percent,n_train,n_test,fit_time_sec,predict_time_sec
rf,0.8884503087773196,0.27377593945068,0.13693090182226267,10.51272565867461,6208,1552,38.02224326133728,0.30111169815063477
