Model,R2,MAE,RMSE,MAPE_percent,n_train,n_test,fit_time_sec,predict_time_sec
rf,0.8324356158764842,0.29597557817178466,0.21489127201406508,11.161888002566142,6214,1554,38.34783935546875,0.35256361961364746
