Model,R2,MAE,RMSE,MAPE_percent,n_train,n_test,fit_time_sec,predict_time_sec
gbm,0.9391395436607242,0.035266893780140175,0.014372176473372845,4.409239515338269,2327,5431,5.6789329051971436,0.03682971000671387
