Model,R2,MAE,RMSE,MAPE_percent,n_train,n_test,fit_time_sec,predict_time_sec
cat,0.9584281442289236,0.02577978457832577,0.00934388893593179,3.7450261571032906,6206,1552,4.146697044372559,0.005618095397949219
