Model,R2,MAE,RMSE,MAPE_percent,n_train,n_test,fit_time_sec,predict_time_sec
gbm,0.9862817027455458,0.0013122999892561651,4.202143551600577e-06,11.672398313321498,8145,2036,18.1338894367218,0.01522207260131836
