Model,R2,MAE,RMSE,MAPE_percent,n_train,n_test,fit_time_sec,predict_time_sec
cat,0.9895190850691651,0.0056190462273015,6.726191060650766e-05,11.46333877146346,8145,2036,3.227877140045166,0.002629518508911133
