Model,R2,MAE,RMSE,MAPE_percent,n_train,n_test,fit_time_sec,predict_time_sec
cat,0.9253142474955123,0.005851567563672819,0.0006801266072090045,7.785417531973835,2036,8145,3.896801233291626,0.011960029602050781
