Model,R2,MAE,RMSE,MAPE_percent,n_train,n_test,fit_time_sec,predict_time_sec
cat,0.9437240837732479,0.19201566772598735,0.09619474926300609,7.560058214979979,6224,5092,4.842247009277344,0.006326436996459961
