Model,R2,MAE,RMSE,MAPE_percent,n_train,n_test,fit_time_sec,predict_time_sec
rf,0.9754385891506165,0.01407842135794703,0.0024010605678838923,217231.07115943937,9059,2265,56.408344745635986,0.4358084201812744
