Model,R2,MAE,RMSE,MAPE_percent,n_train,n_test,fit_time_sec,predict_time_sec
rf,0.9608628802467182,0.015125010799960115,0.004588792921532661,872618.766364942,9053,2263,56.55609607696533,0.4915006160736084
