Model,R2,MAE,RMSE,MAPE_percent,n_train,n_test,fit_time_sec,predict_time_sec
gbm,0.9924483537300848,0.0006162505066440184,2.6825175917404225e-06,4.098440138515919,8151,2038,20.38295340538025,0.012953996658325195
