Model,R2,MAE,RMSE,MAPE_percent,n_train,n_test,fit_time_sec,predict_time_sec
cat,0.8550425187034885,0.01492983176201033,0.012314988978818438,7.712965619794939,8145,2036,3.693129777908325,0.003941774368286133
