Model,R2,MAE,RMSE,MAPE_percent,n_train,n_test,fit_time_sec,predict_time_sec
cat,0.892332850715791,0.09208008459375093,0.023163643485771948,7.986696471334222,6208,1552,3.371426820755005,0.0023114681243896484
