Model,R2,MAE,RMSE,MAPE_percent,n_train,n_test,fit_time_sec,predict_time_sec
gbm,0.4097524142528264,0.32394896851170485,0.22066807631162028,35.6006007237884,6208,1552,13.697456359863281,0.01286458969116211
