Model,R2,MAE,RMSE,MAPE_percent,n_train,n_test,fit_time_sec,predict_time_sec
gbm,0.9871949911665507,0.014273612936281021,0.002878114968507636,1.8643538670961228,6206,1552,15.564218282699585,0.01247549057006836
