Model,R2,MAE,RMSE,MAPE_percent,n_train,n_test,fit_time_sec,predict_time_sec
gbm,0.9949819889399616,0.007610316118817243,0.00011824240155961321,4.194415658219837,8145,2036,20.256848573684692,0.013727903366088867
