Model,R2,MAE,RMSE,MAPE_percent,n_train,n_test,fit_time_sec,predict_time_sec
rf,0.9868380773262715,0.0024963700569028678,0.00010902082601646748,3.411452466563188,8145,2036,83.1317036151886,0.8028953075408936
