Model,R2,MAE,RMSE,MAPE_percent,n_train,n_test,fit_time_sec,predict_time_sec
rf,0.9655861989493448,0.1176477383577869,0.03406343817680406,4.798559507227834,6208,1552,36.399033546447754,0.2828707695007324
