Model,R2,MAE,RMSE,MAPE_percent,n_train,n_test,fit_time_sec,predict_time_sec
gbm,0.9697961229292448,0.007325113629984977,0.00011088872080389972,10.538942555910765,8145,2036,19.586782455444336,0.015194892883300781
