Model,R2,MAE,RMSE,MAPE_percent,n_train,n_test,fit_time_sec,predict_time_sec
gbm,0.9912860794575391,0.0008639308210377119,2.3066014027172623e-06,7.676527966146023,6618,3563,15.9886314868927,0.024126291275024414
