Model,R2,MAE,RMSE,MAPE_percent,n_train,n_test,fit_time_sec,predict_time_sec
cat,0.9963413780791929,0.003195342077060383,3.54546635760564e-05,4.199039967858996,8145,2036,23.700945615768433,0.017765522003173828
