Model,R2,MAE,RMSE,MAPE_percent,n_train,n_test,fit_time_sec,predict_time_sec
gbm,0.9837826211921417,0.0005953345550679948,6.588747767123746e-06,3.336831339739097,8145,2036,20.418498516082764,0.013923406600952148
