Model,R2,MAE,RMSE,MAPE_percent,n_train,n_test,fit_time_sec,predict_time_sec
rf,0.9819284277479049,0.017209114445658178,0.0012171358808182758,2.8005217329169363,6206,1552,37.05161213874817,0.2852764129638672
