Model,R2,MAE,RMSE,MAPE_percent,n_train,n_test,fit_time_sec,predict_time_sec
cat,0.9929789599290356,0.0005671116852099786,2.1719243965702453e-06,3.831750067755127,8145,2036,3.7425456047058105,0.0027341842651367188
