Model,R2,MAE,RMSE,MAPE_percent,n_train,n_test,fit_time_sec,predict_time_sec
cat,0.9539550219949058,0.1973293034487746,0.09310153147386771,7.053105239434148,2378,5547,4.66860556602478,0.007170677185058594
