Model,R2,MAE,RMSE,MAPE_percent,n_train,n_test,fit_time_sec,predict_time_sec
gbm,0.7076871913447453,0.0031461077284308287,0.000715952110269336,4.243040167686071,8151,2038,20.422702312469482,0.012485504150390625
