Model,R2,MAE,RMSE,MAPE_percent,n_train,n_test,fit_time_sec,predict_time_sec
rf,0.9748956130401525,0.004707721407231298,0.00022054569743375818,6.954471882247653,8145,2036,51.14954876899719,0.4077646732330322
