Model,R2,MAE,RMSE,MAPE_percent,n_train,n_test,fit_time_sec,predict_time_sec
rf,0.9237917910964851,0.13257764618533163,0.07533941864354851,6.357704214814554,6213,1553,37.16188168525696,0.28601670265197754
