Model,R2,MAE,RMSE,MAPE_percent,n_train,n_test,fit_time_sec,predict_time_sec
rf,0.9495989768770838,0.03349418030745576,0.012668858144127632,3.9816498270717675,6213,1553,37.148226737976074,0.28564977645874023
