Model,R2,MAE,RMSE,MAPE_percent,n_train,n_test,fit_time_sec,predict_time_sec
rf,0.8805510237906656,0.004743055679733058,0.0011451909372160686,7.247220931238206,8145,2036,89.1851065158844,0.8106484413146973
