Model,R2,MAE,RMSE,MAPE_percent,n_train,n_test,fit_time_sec,predict_time_sec
cat,0.9935752671913014,0.008444543417936453,0.00014803340692369702,4.732341853505853,8145,2036,4.6551573276519775,0.003213167190551758
