Model,R2,MAE,RMSE,MAPE_percent,n_train,n_test,fit_time_sec,predict_time_sec
cat,0.8956850358061033,0.001509331170379727,3.832348549783175e-05,13.22916877837873,2545,7636,4.119438409805298,0.008795738220214844
