Model,R2,MAE,RMSE,MAPE_percent,n_train,n_test,fit_time_sec,predict_time_sec
cat,0.8612157328247552,0.001995351548195477,4.994116536551041e-05,15.710742632751723,509,9672,3.5134177207946777,0.010106086730957031
