Model,R2,MAE,RMSE,MAPE_percent,n_train,n_test,fit_time_sec,predict_time_sec
rf,0.9316299593170461,0.059405063683480946,0.023675103927314197,4.63648417415211,6208,1552,38.85387873649597,0.2763988971710205
