Model,R2,MAE,RMSE,MAPE_percent,n_train,n_test,fit_time_sec,predict_time_sec
gbm,0.9207378473705169,0.0012753434006208197,2.852228391779423e-05,8.788671108223207,509,9672,1.2700138092041016,0.06564140319824219
