Model,R2,MAE,RMSE,MAPE_percent,n_train,n_test,fit_time_sec,predict_time_sec
cat,0.9405482938444465,0.056277593224593615,0.02035727960160172,5.329928459558351,6208,1552,7.977334976196289,0.017585277557373047
