Model,R2,MAE,RMSE,MAPE_percent,n_train,n_test,fit_time_sec,predict_time_sec
cat,0.941973143818774,0.018727579066856077,0.005933111730667773,608849666.0660561,7355,3961,4.968896150588989,0.005672931671142578
