Model,R2,MAE,RMSE,MAPE_percent,n_train,n_test,fit_time_sec,predict_time_sec
rf,0.998108528518318,0.0005149483061032328,6.879929826645939e-07,3.338986729533505,8145,2036,53.26056170463562,0.413860559463501
