Model,R2,MAE,RMSE,MAPE_percent,n_train,n_test,fit_time_sec,predict_time_sec
cat,0.47130976216674225,0.05638387148002148,0.1160392493671281,5.812754883890305,7056,1764,3.920795440673828,0.002689361572265625
