Model,R2,MAE,RMSE,MAPE_percent,n_train,n_test,fit_time_sec,predict_time_sec
rf,0.9581349255719722,0.029478535535405654,0.01069066821639232,3.1739993114308773,6206,1552,36.77272820472717,0.2734713554382324
