Model,R2,MAE,RMSE,MAPE_percent,n_train,n_test,fit_time_sec,predict_time_sec
cat,0.9101950163809561,0.08166711006393802,0.061099794912882775,200221009.08887303,9059,2265,3.9619462490081787,0.0026962757110595703
