Model,R2,MAE,RMSE,MAPE_percent,n_train,n_test,fit_time_sec,predict_time_sec
cat,0.9370227225360325,0.08759519009147804,0.03717083088284935,5.6858536794864065,5944,1981,4.887872695922852,0.0031638145446777344
