Model,R2,MAE,RMSE,MAPE_percent,n_train,n_test,fit_time_sec,predict_time_sec
cat,0.4242835383171776,0.10002352982557601,0.03137485032966394,53.056683350658886,6208,1552,3.1337697505950928,0.002229928970336914
