Model,R2,MAE,RMSE,MAPE_percent,n_train,n_test,fit_time_sec,predict_time_sec
cat,0.6768570270519942,0.058995967740283095,0.14027746118754691,5.563127463949975,3528,5292,4.368258237838745,0.006619930267333984
