Model,R2,MAE,RMSE,MAPE_percent,n_train,n_test,fit_time_sec,predict_time_sec
cat,0.9800030031819997,0.017573101637169627,0.005106434449866201,2.635255252133314,6206,1552,4.609974145889282,0.0026025772094726562
