Model,R2,MAE,RMSE,MAPE_percent,n_train,n_test,fit_time_sec,predict_time_sec
rf,0.979420122582708,0.0049123800186117745,0.0001796460752682036,6.8529029730550555,8151,2038,56.01512598991394,0.4360949993133545
