Model,R2,MAE,RMSE,MAPE_percent,n_train,n_test,fit_time_sec,predict_time_sec
rf,0.9449650488387314,0.11421048024264731,0.03450614778824463,5.561908784818306,6206,1552,36.597930669784546,0.2854907512664795
