Model,R2,MAE,RMSE,MAPE_percent,n_train,n_test,fit_time_sec,predict_time_sec
gbm,0.31294934777194283,0.0013209030241701388,0.00023670882683423286,8.02469101882936,8151,2038,19.80190920829773,0.013802766799926758
