Model,R2,MAE,RMSE,MAPE_percent,n_train,n_test,fit_time_sec,predict_time_sec
cat,0.9886657862974262,0.0029593953730244434,0.0001287657502435835,3.600154217583647,8145,2036,3.6990244388580322,0.0027298927307128906
