Model,R2,MAE,RMSE,MAPE_percent,n_train,n_test,fit_time_sec,predict_time_sec
cat,0.9849644535852158,0.008745005474248597,0.0008469833294686985,2.884721899792185,6208,1552,3.385716199874878,0.0023467540740966797
