Model,R2,MAE,RMSE,MAPE_percent,n_train,n_test,fit_time_sec,predict_time_sec
cat,0.9964233363722109,0.0051053996094248015,9.326221646223334e-05,2.3917687875596663,8145,2036,3.815582513809204,0.0027892589569091797
