Model,R2,MAE,RMSE,MAPE_percent,n_train,n_test,fit_time_sec,predict_time_sec
gbm,0.9899177774229252,0.01645513105120434,0.0006006435861165907,12.128820508657139,8145,2036,18.438129425048828,0.015292882919311523
