Model,R2,MAE,RMSE,MAPE_percent,n_train,n_test,fit_time_sec,predict_time_sec
rf,0.9173179872577298,0.013730986273885712,0.0051080130996546845,3.54459045733879,2328,5432,12.603002786636353,0.48633742332458496
