Model,R2,MAE,RMSE,MAPE_percent,n_train,n_test,fit_time_sec,predict_time_sec
rf,0.9545281903276369,0.006798863806948367,0.0031344967525531496,1.4326660170562011,6208,1552,37.38559556007385,0.2921578884124756
