Model,R2,MAE,RMSE,MAPE_percent,n_train,n_test,fit_time_sec,predict_time_sec
cat,0.9925490068400551,0.0060379080465262054,0.000562869098568878,2.6306884180676606,8145,2036,3.5530052185058594,0.0026428699493408203
