Model,R2,MAE,RMSE,MAPE_percent,n_train,n_test,fit_time_sec,predict_time_sec
rf,0.4082904306389692,0.09627734009650658,0.035362924163797334,53.7132456190007,6214,1554,43.359503746032715,0.29478883743286133
