Model,R2,MAE,RMSE,MAPE_percent,n_train,n_test,fit_time_sec,predict_time_sec
cat,0.9034895329974835,0.0012432006627507914,5.031999582724912e-05,7.2178773877671425,6618,3563,3.690922498703003,0.004236936569213867
