Model,R2,MAE,RMSE,MAPE_percent,n_train,n_test,fit_time_sec,predict_time_sec
gbm,0.9826814208654001,0.022284532279525787,0.0015560801066612057,12.532536968607122,8145,2036,18.290982484817505,0.015453577041625977
