Model,R2,MAE,RMSE,MAPE_percent,n_train,n_test,fit_time_sec,predict_time_sec
rf,0.9345330221975259,0.016567433849323274,0.009003649264559845,465466.5042044373,9053,2263,56.14909529685974,0.4479336738586426
