Model,R2,MAE,RMSE,MAPE_percent,n_train,n_test,fit_time_sec,predict_time_sec
rf,0.9672292199090282,0.04462678467370256,0.01136849804828857,3.618024999982261,6208,1552,37.7616970539093,0.2844960689544678
