Model,R2,MAE,RMSE,MAPE_percent,n_train,n_test,fit_time_sec,predict_time_sec
rf,0.9541143512020156,0.1329183706694854,0.056399653427542586,5.526872272902775,6208,1552,61.160024881362915,0.533806562423706
