Model,R2,MAE,RMSE,MAPE_percent,n_train,n_test,fit_time_sec,predict_time_sec
cat,0.6889160726824433,0.4423552289806119,0.4107016646629712,23.500457550092708,6208,1552,3.187753200531006,0.002278566360473633
