Model,R2,MAE,RMSE,MAPE_percent,n_train,n_test,fit_time_sec,predict_time_sec
cat,0.9766351976987893,0.0010446232430363343,2.005783803761704e-06,6.671379342456858,7636,2545,3.541841745376587,0.003029346466064453
