Model,R2,MAE,RMSE,MAPE_percent,n_train,n_test,fit_time_sec,predict_time_sec
cat,0.3279247931093353,0.3302912665458211,0.3289392447472508,31.93405860159301,5261,1754,4.396521329879761,0.0034170150756835938
