Model,R2,MAE,RMSE,MAPE_percent,n_train,n_test,fit_time_sec,predict_time_sec
cat,0.9942271435310466,0.00975006775235171,0.00018995545866993914,4.397834950640151,8145,2036,3.7363927364349365,0.0026454925537109375
