Model,R2,MAE,RMSE,MAPE_percent,n_train,n_test,fit_time_sec,predict_time_sec
cat,0.9865431394852526,0.012506719023912986,0.0004276174540932386,3.5108665085626143,4359,3566,4.5892932415008545,0.00494694709777832
