Model,R2,MAE,RMSE,MAPE_percent,n_train,n_test,fit_time_sec,predict_time_sec
cat,0.9795886109611462,0.018295409569903835,0.0010172632307266344,84264824.50054863,2263,9053,4.161156892776489,0.009309768676757812
