Model,R2,MAE,RMSE,MAPE_percent,n_train,n_test,fit_time_sec,predict_time_sec
rf,0.9796471709573585,0.007137778383646994,0.00018230580007666742,12.871048025205518,8145,2036,50.612459897994995,0.39252734184265137
