Model,R2,MAE,RMSE,MAPE_percent,n_train,n_test,fit_time_sec,predict_time_sec
gbm,0.8467818742324694,0.12382887926285921,0.10745254791004072,6.093681555175387,6213,1553,15.544499158859253,0.011894941329956055
