Model,R2,MAE,RMSE,MAPE_percent,n_train,n_test,fit_time_sec,predict_time_sec
cat,0.9865727013313207,0.013632297404167723,0.0003309888605937648,7.076532930709304,4581,5600,4.663856506347656,0.006919145584106445
