Model,R2,MAE,RMSE,MAPE_percent,n_train,n_test,fit_time_sec,predict_time_sec
gbm,0.9548286528670537,0.004556987931241346,0.0003395264726925932,7.529467141300699,8145,2036,19.737720727920532,0.014699220657348633
