Model,R2,MAE,RMSE,MAPE_percent,n_train,n_test,fit_time_sec,predict_time_sec
gbm,0.8761651968462386,0.10971875465047698,0.0477081764919764,9.352851700962127,6214,1554,15.381438970565796,0.011817693710327148
