Model,R2,MAE,RMSE,MAPE_percent,n_train,n_test,fit_time_sec,predict_time_sec
rf,0.9586643110015207,0.06382323900573007,0.016128550021358653,4.87498373809543,9053,2263,53.9156436920166,0.4516119956970215
