Model,R2,MAE,RMSE,MAPE_percent,n_train,n_test,fit_time_sec,predict_time_sec
rf,0.5413312608216179,0.000792379291507051,7.638028134664714e-05,4.041026264225555,8151,2038,55.61175560951233,0.4479515552520752
