Model,R2,MAE,RMSE,MAPE_percent,n_train,n_test,fit_time_sec,predict_time_sec
rf,0.9569632561667037,0.0800244424065058,0.027787685280811634,27778059.25123561,9053,2263,54.20165944099426,0.4553089141845703
