Model,R2,MAE,RMSE,MAPE_percent,n_train,n_test,fit_time_sec,predict_time_sec
cat,0.646910030745087,0.016889161922137012,0.0494555458697917,5.953467947571733,8151,2038,3.903391122817993,0.002621889114379883
