Model,R2,MAE,RMSE,MAPE_percent,n_train,n_test,fit_time_sec,predict_time_sec
rf,0.9978248159643673,0.00044912462871072765,7.392997267300443e-07,3.036913124206793,8145,2036,71.57421088218689,0.783789873123169
