Model,R2,MAE,RMSE,MAPE_percent,n_train,n_test,fit_time_sec,predict_time_sec
cat,0.915055754048294,0.0010756517318489096,3.176433022175798e-05,7.593108745099057,3563,6618,4.488961219787598,0.007360935211181641
