Model,R2,MAE,RMSE,MAPE_percent,n_train,n_test,fit_time_sec,predict_time_sec
cat,0.953709984024717,0.009826501088614607,0.0027664760031557256,3.1899892569869,6214,1554,3.4448606967926025,0.002269744873046875
