Model,R2,MAE,RMSE,MAPE_percent,n_train,n_test,fit_time_sec,predict_time_sec
cat,0.8788533087926365,0.07689052581170404,0.06038915469919631,5.702378331717651,4209,2806,7.3946826457977295,0.003372669219970703
