Model,R2,MAE,RMSE,MAPE_percent,n_train,n_test,fit_time_sec,predict_time_sec
cat,0.910104044195889,0.0011052482248833254,3.302619509286226e-05,7.84618773387033,2545,7636,4.347132921218872,0.008536815643310547
