Model,R2,MAE,RMSE,MAPE_percent,n_train,n_test,fit_time_sec,predict_time_sec
rf,0.9886079963274493,0.007439364331990171,0.00016827202571444256,2.771452400863413,6208,1552,38.06246614456177,0.27283430099487305
