Model,R2,MAE,RMSE,MAPE_percent,n_train,n_test,fit_time_sec,predict_time_sec
gbm,0.995448511530377,0.002552015958359561,1.2534191502864074e-05,4.129395821158053,8145,2036,20.154072761535645,0.014008045196533203
