Model,R2,MAE,RMSE,MAPE_percent,n_train,n_test,fit_time_sec,predict_time_sec
cat,0.9891454886831402,0.016582618526308414,0.0007213960727070895,2.994428504844439,6206,1552,3.4303317070007324,0.0023193359375
