Model,R2,MAE,RMSE,MAPE_percent,n_train,n_test,fit_time_sec,predict_time_sec
gbm,0.9616837025239235,0.02484613039178414,0.008612154098294484,3.1261752409706065,6206,1552,15.854001998901367,0.012048482894897461
