Model,R2,MAE,RMSE,MAPE_percent,n_train,n_test,fit_time_sec,predict_time_sec
rf,0.9317628299733969,0.01880724250586396,0.008808549235104697,6376482.10235826,8487,2829,54.455785274505615,0.4907190799713135
