Model,R2,MAE,RMSE,MAPE_percent,n_train,n_test,fit_time_sec,predict_time_sec
cat,0.9585135528091874,0.06512210425961064,0.009277440661248597,4.478869845617964,5944,1981,5.07634711265564,0.003589153289794922
