Model,R2,MAE,RMSE,MAPE_percent,n_train,n_test,fit_time_sec,predict_time_sec
gbm,0.9574915016615849,0.011519465055980482,0.0025664800506984197,3.0902289122546804,5820,1940,14.52644944190979,0.014032840728759766
