Model,R2,MAE,RMSE,MAPE_percent,n_train,n_test,fit_time_sec,predict_time_sec
gbm,0.9812415040521065,0.034158164987603705,0.0025678909269241275,3.688865036771849,7056,1764,17.954232692718506,0.0127105712890625
