Model,R2,MAE,RMSE,MAPE_percent,n_train,n_test,fit_time_sec,predict_time_sec
cat,0.955046767722566,0.18417870594202107,0.07034746358557692,6.026550007513019,3566,4359,4.484276294708252,0.0057718753814697266
