Model,R2,MAE,RMSE,MAPE_percent,n_train,n_test,fit_time_sec,predict_time_sec
cat,0.7757208668029342,0.10162680889558937,0.11285697285311783,7.722245726829032,702,6313,3.6795058250427246,0.0067293643951416016
