Model,R2,MAE,RMSE,MAPE_percent,n_train,n_test,fit_time_sec,predict_time_sec
cat,0.962800479608697,0.1218549614673837,0.035311350005487,5.165692476638481,6208,1552,3.6350252628326416,0.0023822784423828125
