Model,R2,MAE,RMSE,MAPE_percent,n_train,n_test,fit_time_sec,predict_time_sec
gbm,0.19830918184932034,0.34531376470395586,0.8211051959345049,34.10022189582982,5690,1423,12.437999963760376,0.010998964309692383
