Model,R2,MAE,RMSE,MAPE_percent,n_train,n_test,fit_time_sec,predict_time_sec
gbm,0.9823334791661907,0.018426283038317105,0.0009590461783768482,3.303323228594268,4267,3491,10.477754592895508,0.022290945053100586
