Model,R2,MAE,RMSE,MAPE_percent,n_train,n_test,fit_time_sec,predict_time_sec
cat,0.927851430674029,0.001415746770294541,2.600797651326039e-05,10.253474470725541,509,9672,3.4790313243865967,0.010026693344116211
