Model,R2,MAE,RMSE,MAPE_percent,n_train,n_test,fit_time_sec,predict_time_sec
rf,0.9347132310281036,0.1322241447927603,0.06255040683930098,6.40343000835447,6206,1552,49.96332788467407,0.5464441776275635
