Model,R2,MAE,RMSE,MAPE_percent,n_train,n_test,fit_time_sec,predict_time_sec
cat,0.9920395045336582,0.013974897029263196,0.0005075360821422768,7.442070687715783,7636,2545,5.027926683425903,0.0037848949432373047
