Model,R2,MAE,RMSE,MAPE_percent,n_train,n_test,fit_time_sec,predict_time_sec
rf,0.9961863111237161,0.002622071051302554,1.295021968912637e-05,3.850751373618655,8145,2036,50.75578427314758,0.4104757308959961
