Model,R2,MAE,RMSE,MAPE_percent,n_train,n_test,fit_time_sec,predict_time_sec
cat,0.8626801703127224,0.023974454446582135,0.01112300450396705,12.659403791619361,2036,8145,4.021355152130127,0.008004188537597656
