Model,R2,MAE,RMSE,MAPE_percent,n_train,n_test,fit_time_sec,predict_time_sec
cat,0.9937839878881506,0.008199074584166502,0.00012903845393678933,4.547594884391,8145,2036,3.66981840133667,0.0025832653045654297
