Model,R2,MAE,RMSE,MAPE_percent,n_train,n_test,fit_time_sec,predict_time_sec
rf,0.9609713589506229,0.17743718600309827,0.0902743273979581,17752260.07101219,9053,2263,110.38908457756042,0.4791381359100342
