Model,R2,MAE,RMSE,MAPE_percent,n_train,n_test,fit_time_sec,predict_time_sec
cat,0.9168349334544665,0.005288878840768231,0.0007647530228668172,7.463679488574697,3563,6618,4.495929002761841,0.007297515869140625
