Model,R2,MAE,RMSE,MAPE_percent,n_train,n_test,fit_time_sec,predict_time_sec
gbm,0.9026584666046891,0.16922311051625374,0.05319040380598296,15.1332268823785,6208,1552,15.33324408531189,0.012649297714233398
