Model,R2,MAE,RMSE,MAPE_percent,n_train,n_test,fit_time_sec,predict_time_sec
rf,0.9890796366957695,0.0009368739688563467,4.616373226236645e-06,7.030482195328536,8151,2038,55.479899883270264,0.3910818099975586
