Model,R2,MAE,RMSE,MAPE_percent,n_train,n_test,fit_time_sec,predict_time_sec
cat,0.9443487032099115,0.05645954596516666,0.02048150797375465,5.161164639621414,6208,1552,3.640962600708008,0.0023033618927001953
