Model,R2,MAE,RMSE,MAPE_percent,n_train,n_test,fit_time_sec,predict_time_sec
cat,0.9935679427437536,0.0006367414603636654,8.586164053097988e-07,4.465237777981676,8151,2038,3.820387125015259,0.002696514129638672
