Model,R2,MAE,RMSE,MAPE_percent,n_train,n_test,fit_time_sec,predict_time_sec
cat,0.9922156394899455,0.01349062410102512,0.0004976638693715981,7.333998571625385,8145,2036,4.809383869171143,0.003362417221069336
