Model,R2,MAE,RMSE,MAPE_percent,n_train,n_test,fit_time_sec,predict_time_sec
rf,0.9460487410255924,0.17547800255194165,0.12966933360017116,15364948.884774564,9053,2263,62.60374116897583,0.47647571563720703
