Model,R2,MAE,RMSE,MAPE_percent,n_train,n_test,fit_time_sec,predict_time_sec
gbm,0.9509079412214422,0.03198422056511306,0.011853438305388927,4.1237913562188675,5043,2715,12.4523184299469,0.01957392692565918
