Model,R2,MAE,RMSE,MAPE_percent,n_train,n_test,fit_time_sec,predict_time_sec
gbm,0.9496581144384356,0.2697206605158733,0.16626834189675563,7.275390340641412,6206,1552,30.87586808204651,0.012684345245361328
