Model,R2,MAE,RMSE,MAPE_percent,n_train,n_test,fit_time_sec,predict_time_sec
gbm,0.9928760924579354,0.00029678881548239264,2.7972284854760643e-06,1.682980043341127,8145,2036,20.633150577545166,0.014726400375366211
