Model,R2,MAE,RMSE,MAPE_percent,n_train,n_test,fit_time_sec,predict_time_sec
gbm,0.8818422857683309,0.11238710234538513,0.044174065477751816,9.467778015366878,6208,1552,15.434571743011475,0.011533975601196289
