Model,R2,MAE,RMSE,MAPE_percent,n_train,n_test,fit_time_sec,predict_time_sec
cat,0.981516023502266,0.01876916024053525,0.0008851321563309597,3.5224706318395596,5043,2715,3.4909253120422363,0.0032439231872558594
