Model,R2,MAE,RMSE,MAPE_percent,n_train,n_test,fit_time_sec,predict_time_sec
gbm,0.8373607717485325,0.026099418380491915,0.01955484324020086,107183001.40937957,3961,7355,9.650686264038086,0.048624277114868164
