Model,R2,MAE,RMSE,MAPE_percent,n_train,n_test,fit_time_sec,predict_time_sec
gbm,0.8930471045291842,0.0011889592277957637,4.0657740927972934e-05,7.843526223837259,2036,8145,4.822185516357422,0.052281856536865234
