Model,R2,MAE,RMSE,MAPE_percent,n_train,n_test,fit_time_sec,predict_time_sec
cat,0.978831957077768,0.03747192867989227,0.0030138905975919186,4.163059502583582,7056,1764,3.8195950984954834,0.0026891231536865234
