Model,R2,MAE,RMSE,MAPE_percent,n_train,n_test,fit_time_sec,predict_time_sec
cat,0.9541856460630759,0.07957713011921096,0.017362230411923273,5.537736234358996,1981,5944,4.367902517318726,0.009082555770874023
