Model,R2,MAE,RMSE,MAPE_percent,n_train,n_test,fit_time_sec,predict_time_sec
gbm,0.8988153966201182,0.045564158078331585,0.022770725753068273,5.639166917808906,388,7370,0.9992156028747559,0.057028770446777344
