Model,R2,MAE,RMSE,MAPE_percent,n_train,n_test,fit_time_sec,predict_time_sec
cat,0.9617936184752148,0.07346653680261504,0.013046758774114977,5.143754848593218,2774,5151,4.799668788909912,0.005704402923583984
