Model,R2,MAE,RMSE,MAPE_percent,n_train,n_test,fit_time_sec,predict_time_sec
gbm,0.9750178420715935,0.053468929406859274,0.0062697787212777235,4.160556578412465,5684,1421,14.177279949188232,0.011374950408935547
