Model,R2,MAE,RMSE,MAPE_percent,n_train,n_test,fit_time_sec,predict_time_sec
gbm,0.9874365448095185,0.0010561958542933754,2.0835180400675977e-06,6.78189258711732,8145,2036,20.15163826942444,0.014426231384277344
