Model,R2,MAE,RMSE,MAPE_percent,n_train,n_test,fit_time_sec,predict_time_sec
rf,0.9943190254734942,0.0133259740119419,0.0004107586884978477,7.065803374952076,8145,2036,86.46217155456543,0.4318864345550537
