Model,R2,MAE,RMSE,MAPE_percent,n_train,n_test,fit_time_sec,predict_time_sec
gbm,0.9370374197943769,0.0011965046627023977,2.939046293937468e-05,7.413354566403925,3054,7127,7.395940542221069,0.04459857940673828
