Model,R2,MAE,RMSE,MAPE_percent,n_train,n_test,fit_time_sec,predict_time_sec
rf,0.9619961412072592,0.07576980212068701,0.016328388915406566,5.6515058812991095,9053,2263,54.053382873535156,0.6015181541442871
