Model,R2,MAE,RMSE,MAPE_percent,n_train,n_test,fit_time_sec,predict_time_sec
gbm,0.9227747984403895,0.0761203711756147,0.030270846245655212,5.713431019288214,5612,1403,14.49534797668457,0.011990070343017578
