Model,R2,MAE,RMSE,MAPE_percent,n_train,n_test,fit_time_sec,predict_time_sec
gbm,0.9340656630428859,0.0028980342167836595,0.0005370367436811492,3.460182506709751,8145,2036,25.061574697494507,0.014285087585449219
