Model,R2,MAE,RMSE,MAPE_percent,n_train,n_test,fit_time_sec,predict_time_sec
cat,0.15425000272426093,0.159392799555561,0.09639320458046327,58.2212526928671,792,7133,3.421858549118042,0.010198593139648438
