Model,R2,MAE,RMSE,MAPE_percent,n_train,n_test,fit_time_sec,predict_time_sec
rf,0.9899757082642775,0.004405706957275694,3.687622348158471e-05,6.874266127627222,8151,2038,55.89054203033447,0.38546109199523926
