Model,R2,MAE,RMSE,MAPE_percent,n_train,n_test,fit_time_sec,predict_time_sec
rf,0.2928560712610099,0.09869141806144974,0.03919709395337895,59.06997871630758,6208,1552,43.102646589279175,0.31533241271972656
