Model,R2,MAE,RMSE,MAPE_percent,n_train,n_test,fit_time_sec,predict_time_sec
cat,0.30370209064990816,0.34073712654922794,0.39330235728606305,33.36104564772436,4560,2455,4.387269020080566,0.0036089420318603516
