Model,R2,MAE,RMSE,MAPE_percent,n_train,n_test,fit_time_sec,predict_time_sec
cat,0.9812396537030368,0.014534839726254311,0.001649279437307321,201908171.5449419,9053,2263,15.849637031555176,0.002588510513305664
