Model,R2,MAE,RMSE,MAPE_percent,n_train,n_test,fit_time_sec,predict_time_sec
gbm,0.9631626666523391,0.0030459819485641297,0.00027688458832369475,4.284573237422629,8145,2036,20.187074422836304,0.01410675048828125
