Model,R2,MAE,RMSE,MAPE_percent,n_train,n_test,fit_time_sec,predict_time_sec
gbm,0.4841319234289616,0.024948206400820162,0.26060171216464784,3.9173266925814847,8151,2038,20.642436742782593,0.013643264770507812
