Model,R2,MAE,RMSE,MAPE_percent,n_train,n_test,fit_time_sec,predict_time_sec
gbm,0.8289053592363487,0.00245152424015341,0.0004402503309023103,2.771340723697491,8151,2038,20.56778836250305,0.012248992919921875
