Model,R2,MAE,RMSE,MAPE_percent,n_train,n_test,fit_time_sec,predict_time_sec
rf,0.9501183644865961,0.18713834437522942,0.09523865219628967,7.744380188958738,9059,2265,56.646666526794434,0.45982909202575684
