Model,R2,MAE,RMSE,MAPE_percent,n_train,n_test,fit_time_sec,predict_time_sec
cat,0.9547047803099169,0.07895661580921565,0.030572972874292212,665107365.258054,9053,2263,3.545722723007202,0.0029036998748779297
