Model,R2,MAE,RMSE,MAPE_percent,n_train,n_test,fit_time_sec,predict_time_sec
cat,0.275379205083503,0.3216747848623335,0.5404161695203793,32.11484626736742,4263,2842,4.293288230895996,0.00429987907409668
