Model,R2,MAE,RMSE,MAPE_percent,n_train,n_test,fit_time_sec,predict_time_sec
cat,0.9050436230739067,0.08624932643796289,0.06460460123756835,279817009.8080204,9059,2265,3.68155837059021,0.002957582473754883
