Model,R2,MAE,RMSE,MAPE_percent,n_train,n_test,fit_time_sec,predict_time_sec
cat,0.9892531718750724,0.008255210994166517,0.0001304617631391006,3.3348299637426857,3104,4656,3.3537192344665527,0.004740238189697266
