Model,R2,MAE,RMSE,MAPE_percent,n_train,n_test,fit_time_sec,predict_time_sec
cat,0.6937791723561034,0.5477159563440971,0.6066434277819587,22.607875620592647,3566,4359,4.083621978759766,0.006328582763671875
