Model,R2,MAE,RMSE,MAPE_percent,n_train,n_test,fit_time_sec,predict_time_sec
cat,0.9956919286453704,0.008607101794785969,0.000151311149275584,3.6510614946739204,8145,2036,3.761152982711792,0.0026597976684570312
