Model,R2,MAE,RMSE,MAPE_percent,n_train,n_test,fit_time_sec,predict_time_sec
gbm,0.9315841646355053,0.0012309129840765872,2.983290288590561e-05,7.898813157722083,1527,8654,3.630117177963257,0.0557398796081543
