Model,R2,MAE,RMSE,MAPE_percent,n_train,n_test,fit_time_sec,predict_time_sec
cat,0.313807626762335,0.030195355860225818,0.39193155070183583,8.023987214206787,8151,2038,3.8831663131713867,0.0026314258575439453
