Model,R2,MAE,RMSE,MAPE_percent,n_train,n_test,fit_time_sec,predict_time_sec
gbm,0.9583279278318869,0.13990364281913673,0.040176485995751875,5.719566974156414,6208,1552,15.361287832260132,0.012292861938476562
