Model,R2,MAE,RMSE,MAPE_percent,n_train,n_test,fit_time_sec,predict_time_sec
cat,0.7312385199535284,0.5485058734887178,0.6145129025389242,9036058033.56141,2829,8487,4.2293548583984375,0.009561777114868164
