Model,R2,MAE,RMSE,MAPE_percent,n_train,n_test,fit_time_sec,predict_time_sec
cat,0.4832638653908039,0.3596756749876174,0.28742913593068775,33.72017081858121,4755,3170,4.321956396102905,0.005168914794921875
