Model,R2,MAE,RMSE,MAPE_percent,n_train,n_test,fit_time_sec,predict_time_sec
cat,0.9978804206790949,0.00035480230173806415,2.7335496586323574e-07,2.587621797624396,8145,2036,3.547924280166626,0.002633810043334961
