Model,R2,MAE,RMSE,MAPE_percent,n_train,n_test,fit_time_sec,predict_time_sec
cat,0.9501168323167327,0.27144315190728524,0.16475329612180967,7.301633496941004,6206,1552,3.7184314727783203,0.0024559497833251953
