Model,R2,MAE,RMSE,MAPE_percent,n_train,n_test,fit_time_sec,predict_time_sec
rf,0.5243954393665409,0.004609406654870828,0.005891773748266378,4.070710562484086,8151,2038,54.28021502494812,0.40821075439453125
