Model,R2,MAE,RMSE,MAPE_percent,n_train,n_test,fit_time_sec,predict_time_sec
cat,0.9862326863737599,0.006831831407951541,0.0008426272530332432,3.635667208470533,8145,2036,3.4975390434265137,0.002620220184326172
