Model,R2,MAE,RMSE,MAPE_percent,n_train,n_test,fit_time_sec,predict_time_sec
gbm,0.9746827653359527,0.16165310158084745,0.05635659686599516,970258545.4807913,9053,2263,38.88967680931091,0.019659996032714844
