Model,R2,MAE,RMSE,MAPE_percent,n_train,n_test,fit_time_sec,predict_time_sec
gbm,0.9597467003492799,0.060677795007766995,0.009527879382505954,4.566072483376058,5612,1403,13.900539636611938,0.011118650436401367
