Model,R2,MAE,RMSE,MAPE_percent,n_train,n_test,fit_time_sec,predict_time_sec
cat,0.9589158964350005,0.07942295403852857,0.0246565884304752,5.182884560561632,5548,2377,4.594407558441162,0.00445556640625
