Model,R2,MAE,RMSE,MAPE_percent,n_train,n_test,fit_time_sec,predict_time_sec
cat,0.9910956030865945,0.01454034684960477,0.0004200337982901919,7.717900008881358,2545,7636,4.398831129074097,0.008529901504516602
