Model,R2,MAE,RMSE,MAPE_percent,n_train,n_test,fit_time_sec,predict_time_sec
rf,0.9952871142907898,0.002452151463920012,1.2835267022623447e-05,4.111322837894928,8145,2036,52.31298089027405,0.4051706790924072
