Model,R2,MAE,RMSE,MAPE_percent,n_train,n_test,fit_time_sec,predict_time_sec
rf,0.9538581367346936,0.06259909996017272,0.011132162103472825,4.70364263272318,5618,1405,33.31968450546265,0.24728870391845703
