Model,R2,MAE,RMSE,MAPE_percent,n_train,n_test,fit_time_sec,predict_time_sec
rf,0.7824945637239109,0.0053521071191177366,0.0019550844004057456,7.470453976550011,8151,2038,56.02005100250244,0.3894946575164795
