Model,R2,MAE,RMSE,MAPE_percent,n_train,n_test,fit_time_sec,predict_time_sec
rf,0.9540817307998049,0.031215776593898948,0.011725692305508665,3.3763172334292157,6206,1552,36.728198289871216,0.332730770111084
