Model,R2,MAE,RMSE,MAPE_percent,n_train,n_test,fit_time_sec,predict_time_sec
cat,0.989787715774858,0.0004863710009236584,4.009890943652835e-06,2.815807117628038,8145,2036,3.644638776779175,0.002600431442260742
