Model,R2,MAE,RMSE,MAPE_percent,n_train,n_test,fit_time_sec,predict_time_sec
cat,0.9571648684173362,0.07023275547074456,0.013082341073641958,4.86370926790389,3566,4359,4.417118310928345,0.005684852600097656
