Model,R2,MAE,RMSE,MAPE_percent,n_train,n_test,fit_time_sec,predict_time_sec
gbm,0.9951596618004097,0.0029974475857273597,1.855481973325056e-05,3.868839170073468,8145,2036,20.435998678207397,0.014006853103637695
