Model,R2,MAE,RMSE,MAPE_percent,n_train,n_test,fit_time_sec,predict_time_sec
cat,0.9818278000352638,0.018418490829112493,0.0012897905709266608,11.69528289659912,8145,2036,3.4052114486694336,0.0026781558990478516
