Model,R2,MAE,RMSE,MAPE_percent,n_train,n_test,fit_time_sec,predict_time_sec
cat,0.996600206752705,0.0023785913651097556,1.0391787675852277e-05,3.4747058542918277,8145,2036,4.584977865219116,0.003405332565307617
