Model,R2,MAE,RMSE,MAPE_percent,n_train,n_test,fit_time_sec,predict_time_sec
cat,0.9970323031098675,0.0027341506115543908,2.2363296019942183e-05,3.8419274666451044,8145,2036,3.6020426750183105,0.0027112960815429688
