Model,R2,MAE,RMSE,MAPE_percent,n_train,n_test,fit_time_sec,predict_time_sec
cat,0.7020316371135251,0.5441626132529925,0.6023028995577192,22.05989786080471,5548,2377,4.409388065338135,0.003503561019897461
