Model,R2,MAE,RMSE,MAPE_percent,n_train,n_test,fit_time_sec,predict_time_sec
gbm,0.6965900068301071,0.564294276898051,0.6726559337575772,23.005659884114777,6340,1585,14.084945440292358,0.012198209762573242
