Model,R2,MAE,RMSE,MAPE_percent,n_train,n_test,fit_time_sec,predict_time_sec
gbm,0.9467582036848055,0.259981320597858,0.14090902649486955,6.762707924386781,6213,1553,15.637598514556885,0.012431144714355469
