Model,R2,MAE,RMSE,MAPE_percent,n_train,n_test,fit_time_sec,predict_time_sec
cat,0.9286976091689739,0.00746916146647941,0.0006322973528815295,12.87160616878177,2036,8145,4.219395637512207,0.012240171432495117
