Model,R2,MAE,RMSE,MAPE_percent,n_train,n_test,fit_time_sec,predict_time_sec
rf,0.9822122226710988,0.016122793360823798,0.0012021718663208461,2.5676699376521843,6206,1552,36.792988777160645,0.2816126346588135
