Model,R2,MAE,RMSE,MAPE_percent,n_train,n_test,fit_time_sec,predict_time_sec
gbm,0.9890773523388957,0.0055015351354630385,7.009675733615114e-05,11.100362609044199,8145,2036,18.627131700515747,0.01558685302734375
