Model,R2,MAE,RMSE,MAPE_percent,n_train,n_test,fit_time_sec,predict_time_sec
gbm,0.9853058398376856,0.000320182976430874,1.5389860360389228e-06,2.274252488760277,8151,2038,20.734134912490845,0.012032508850097656
