Model,R2,MAE,RMSE,MAPE_percent,n_train,n_test,fit_time_sec,predict_time_sec
cat,0.8346667205087519,0.0855660584782827,0.09054396777467034,5.689393127160537,5618,1405,3.447589159011841,0.0022661685943603516
