Model,R2,MAE,RMSE,MAPE_percent,n_train,n_test,fit_time_sec,predict_time_sec
rf,0.997704410642139,0.007946794507671663,0.00015065997756719585,3.7333060643738127,8145,2036,50.564950704574585,0.40392470359802246
