Model,R2,MAE,RMSE,MAPE_percent,n_train,n_test,fit_time_sec,predict_time_sec
gbm,0.9534560100788441,0.0834200544664972,0.03130909143050294,919371551.1100497,9053,2263,22.85018563270569,0.018099069595336914
