Model,R2,MAE,RMSE,MAPE_percent,n_train,n_test,fit_time_sec,predict_time_sec
cat,0.9949917035728695,0.0025212724244636645,1.2636031281676926e-05,4.165000835310019,8145,2036,3.49090313911438,0.0026693344116210938
