Model,R2,MAE,RMSE,MAPE_percent,n_train,n_test,fit_time_sec,predict_time_sec
rf,0.8872727268992266,0.2774100408809503,0.13819080268035325,10.6563278032758,6214,1554,40.43088722229004,0.3891749382019043
