Model,R2,MAE,RMSE,MAPE_percent,n_train,n_test,fit_time_sec,predict_time_sec
cat,0.11364574668616634,0.17201298159814102,0.10312986230985752,16862432038.374588,566,10750,3.7877871990203857,0.011812686920166016
