Model,R2,MAE,RMSE,MAPE_percent,n_train,n_test,fit_time_sec,predict_time_sec
rf,-0.15308569533667993,0.01646748067698284,0.022789760048126176,15.586246890589356,8151,2038,52.912474632263184,0.4126553535461426
