Model,R2,MAE,RMSE,MAPE_percent,n_train,n_test,fit_time_sec,predict_time_sec
gbm,0.9815916027946442,0.0008511480121011456,1.275148973615378e-06,7.096701388177004,6618,3563,16.446127891540527,0.022206783294677734
