Model,R2,MAE,RMSE,MAPE_percent,n_train,n_test,fit_time_sec,predict_time_sec
gbm,0.9758512969166674,0.02565432416168459,0.005605658928018424,3.252663687245652,6206,1552,15.442373752593994,0.012525081634521484
