Model,R2,MAE,RMSE,MAPE_percent,n_train,n_test,fit_time_sec,predict_time_sec
gbm,0.9767986026311806,0.06500320721213623,0.014945074007656527,3.973992114200527,6340,1585,15.753345966339111,0.013210535049438477
