Model,R2,MAE,RMSE,MAPE_percent,n_train,n_test,fit_time_sec,predict_time_sec
cat,0.9899249165029522,0.0010197703907416959,2.2862326595348156e-06,7.897974410199582,2545,7636,4.28814172744751,0.008942365646362305
