Model,R2,MAE,RMSE,MAPE_percent,n_train,n_test,fit_time_sec,predict_time_sec
cat,0.9947714144650454,0.0026452128497125808,1.4239745165179305e-05,4.499276483305769,8145,2036,3.8023157119750977,0.002723217010498047
