Model,R2,MAE,RMSE,MAPE_percent,n_train,n_test,fit_time_sec,predict_time_sec
rf,0.8587733910158712,0.09695451936927287,0.03037031725665255,8.199341099889285,6214,1554,40.022088050842285,0.3352384567260742
