Model,R2,MAE,RMSE,MAPE_percent,n_train,n_test,fit_time_sec,predict_time_sec
rf,0.9325025234522655,0.0183568765818039,0.007299879879927839,5450410.1413229825,9053,2263,90.60145282745361,0.8951692581176758
