Model,R2,MAE,RMSE,MAPE_percent,n_train,n_test,fit_time_sec,predict_time_sec
gbm,0.9976304047047277,0.0015987070042052535,9.353442111443292e-06,2.0136313807218102,8145,2036,20.645063400268555,0.013765335083007812
