Model,R2,MAE,RMSE,MAPE_percent,n_train,n_test,fit_time_sec,predict_time_sec
rf,0.26386759841131424,0.018199278940621684,0.0929163932425122,2.6125837041921125,8151,2038,55.66915321350098,0.3866238594055176
