Model,R2,MAE,RMSE,MAPE_percent,n_train,n_test,fit_time_sec,predict_time_sec
gbm,0.9981042592509715,0.00045025509979628424,4.924891457431427e-07,3.443667931358966,8145,2036,38.452646017074585,0.027350902557373047
