Model,R2,MAE,RMSE,MAPE_percent,n_train,n_test,fit_time_sec,predict_time_sec
gbm,0.9624019623223732,0.08140164976488683,0.025353108932017757,298619322.6264095,9053,2263,22.98358964920044,0.01801466941833496
