Model,R2,MAE,RMSE,MAPE_percent,n_train,n_test,fit_time_sec,predict_time_sec
rf,0.9222943226980275,0.021429914783344505,0.009323584933274431,3884462.978597061,3395,7921,18.523086547851562,0.7478859424591064
