Model,R2,MAE,RMSE,MAPE_percent,n_train,n_test,fit_time_sec,predict_time_sec
cat,0.989265356848236,0.013080401120596179,0.0003100087909912416,6.699746031188454,7127,3054,4.829734802246094,0.003829479217529297
