Model,R2,MAE,RMSE,MAPE_percent,n_train,n_test,fit_time_sec,predict_time_sec
rf,0.9784515138076266,0.0009052419368836057,1.5351799728608674e-06,6.65865830437922,7636,2545,47.46904420852661,0.38858699798583984
