Model,R2,MAE,RMSE,MAPE_percent,n_train,n_test,fit_time_sec,predict_time_sec
cat,0.976606186177054,0.0010301254742745513,1.852228097353316e-06,6.570763081046942,8145,2036,3.8650710582733154,0.0026693344116210938
