Model,R2,MAE,RMSE,MAPE_percent,n_train,n_test,fit_time_sec,predict_time_sec
cat,0.8906251884365263,0.015370040300411232,0.010225191425323295,7.099324220939815,7127,3054,4.870024919509888,0.004179716110229492
