Model,R2,MAE,RMSE,MAPE_percent,n_train,n_test,fit_time_sec,predict_time_sec
cat,0.989330307982385,0.013654569834664829,0.00032726170425246203,7.0379284638271695,7127,3054,4.88887095451355,0.003812074661254883
