Model,R2,MAE,RMSE,MAPE_percent,n_train,n_test,fit_time_sec,predict_time_sec
rf,0.9644549675870061,0.11828354496444174,0.03356091029232895,5.005185853266743,6208,1552,36.749460220336914,0.2837235927581787
