Model,R2,MAE,RMSE,MAPE_percent,n_train,n_test,fit_time_sec,predict_time_sec
cat,0.8760111810436888,0.005989037651641192,0.0011579283607613012,7.560151263654291,2036,8145,3.9505057334899902,0.013055086135864258
