Model,R2,MAE,RMSE,MAPE_percent,n_train,n_test,fit_time_sec,predict_time_sec
rf,0.9891067200978012,0.0010913068416457357,2.3214517214764584e-06,7.154066650372639,2545,7636,13.871287107467651,0.6586651802062988
