Model,R2,MAE,RMSE,MAPE_percent,n_train,n_test,fit_time_sec,predict_time_sec
cat,0.992504169404424,0.010796858395698121,0.0005851574111104494,4.47086851315052,8145,2036,29.24177122116089,0.017779827117919922
