Model,R2,MAE,RMSE,MAPE_percent,n_train,n_test,fit_time_sec,predict_time_sec
rf,0.9428674601134136,0.25772713277379233,0.175750237869903,6.813839521398124,6206,1552,36.69352674484253,0.2853693962097168
