Model,R2,MAE,RMSE,MAPE_percent,n_train,n_test,fit_time_sec,predict_time_sec
gbm,0.4640216641965156,0.39339565305982344,0.3813334060458882,35.47586189620173,6340,1585,14.03910779953003,0.012146234512329102
