Model,R2,MAE,RMSE,MAPE_percent,n_train,n_test,fit_time_sec,predict_time_sec
gbm,0.9467873989909121,0.0053904323338054855,0.00401836152789553,1.6125301505141096,8145,2036,20.411272764205933,0.014336585998535156
