Model,R2,MAE,RMSE,MAPE_percent,n_train,n_test,fit_time_sec,predict_time_sec
cat,0.7285487121891531,0.6639884366977125,0.8654637295119844,22.391968470772092,6213,1553,3.359553813934326,0.002343416213989258
