Model,R2,MAE,RMSE,MAPE_percent,n_train,n_test,fit_time_sec,predict_time_sec
cat,0.9681194242057011,0.054534385721915046,0.008161242807197398,4.255347607072013,5329,1776,5.2397613525390625,0.0035562515258789062
