Model,R2,MAE,RMSE,MAPE_percent,n_train,n_test,fit_time_sec,predict_time_sec
cat,0.993372554431788,0.002875532060833746,1.6569753074526228e-05,4.753754024549806,8145,2036,3.836148977279663,0.0026814937591552734
