Model,R2,MAE,RMSE,MAPE_percent,n_train,n_test,fit_time_sec,predict_time_sec
gbm,0.9981851142295369,0.00514805447562232,0.00013822757328678004,2.0000375639498422,8145,2036,21.08751606941223,0.014844894409179688
