Model,R2,MAE,RMSE,MAPE_percent,n_train,n_test,fit_time_sec,predict_time_sec
gbm,0.9554792812115653,0.007691730150167156,0.00044053198118437325,12.217500243038936,8145,2036,19.50335383415222,0.01582646369934082
