Model,R2,MAE,RMSE,MAPE_percent,n_train,n_test,fit_time_sec,predict_time_sec
rf,0.9730523751794199,0.0013744413900493538,3.829819430062797e-06,9.654579377649734,8145,2036,53.71872639656067,0.4090554714202881
