Model,R2,MAE,RMSE,MAPE_percent,n_train,n_test,fit_time_sec,predict_time_sec
cat,-0.039067878789856625,0.005937173486707452,0.009070241895853702,5.334359160957872,8151,2038,3.524513006210327,0.0025539398193359375
