Model,R2,MAE,RMSE,MAPE_percent,n_train,n_test,fit_time_sec,predict_time_sec
cat,0.9611113513719926,0.0709412766296782,0.010509652092761465,5.373450215925701,9053,2263,4.9767820835113525,0.0035974979400634766
