Model,R2,MAE,RMSE,MAPE_percent,n_train,n_test,fit_time_sec,predict_time_sec
rf,0.9762575043839318,0.009365103463674338,0.0014920046341247272,2.2003436392110918,6208,1552,45.82688021659851,0.5556530952453613
