Model,R2,MAE,RMSE,MAPE_percent,n_train,n_test,fit_time_sec,predict_time_sec
gbm,0.3976282223568205,0.3266713512503101,0.23206770915526317,37.93136573197825,6214,1554,13.726398229598999,0.011674880981445312
