Model,R2,MAE,RMSE,MAPE_percent,n_train,n_test,fit_time_sec,predict_time_sec
rf,0.9367421992942123,0.1305525584516359,0.06354911918654166,6.425298727648691,6206,1552,36.25381398200989,0.3108205795288086
