Model,R2,MAE,RMSE,MAPE_percent,n_train,n_test,fit_time_sec,predict_time_sec
cat,0.9889865710123324,0.004533027743658529,3.6951066628389e-05,6.748832075741467,7636,2545,4.940907955169678,0.0034651756286621094
