Model,R2,MAE,RMSE,MAPE_percent,n_train,n_test,fit_time_sec,predict_time_sec
cat,0.9651164396746034,0.12653160244593503,0.033782460970744256,5.1786358600626565,6208,1552,3.387205123901367,0.0025653839111328125
