Model,R2,MAE,RMSE,MAPE_percent,n_train,n_test,fit_time_sec,predict_time_sec
rf,0.9888413565320996,0.017743307568887555,0.0007779942220614326,10.828731725900052,8145,2036,52.06137728691101,0.41512393951416016
