Model,R2,MAE,RMSE,MAPE_percent,n_train,n_test,fit_time_sec,predict_time_sec
rf,0.9739825441767513,0.01372641008236321,0.0019084876870795382,2.874689902888845,9059,2265,56.33368444442749,0.427717924118042
