Model,R2,MAE,RMSE,MAPE_percent,n_train,n_test,fit_time_sec,predict_time_sec
gbm,0.4791434275834998,0.0007288682588772532,0.00011378121374290743,3.844080875515311,8151,2038,20.499096393585205,0.012751340866088867
