Model,R2,MAE,RMSE,MAPE_percent,n_train,n_test,fit_time_sec,predict_time_sec
cat,0.9797174705171845,0.015539381438800919,0.0006867152509959784,4.540341760477822,1981,5944,4.294648170471191,0.006567716598510742
