Model,R2,MAE,RMSE,MAPE_percent,n_train,n_test,fit_time_sec,predict_time_sec
cat,0.9810076000169652,0.013091441912152144,0.0002888191343243119,6.551286230663125,7636,2545,4.70287299156189,0.003915309906005859
