Model,R2,MAE,RMSE,MAPE_percent,n_train,n_test,fit_time_sec,predict_time_sec
rf,0.9287664547905786,0.1405043211961541,0.07730250286826809,6.8863901523705096,6206,1552,35.895453691482544,0.28990650177001953
