Model,R2,MAE,RMSE,MAPE_percent,n_train,n_test,fit_time_sec,predict_time_sec
rf,0.9899403149832773,0.0008727832808603901,1.4251502503231065e-06,6.606473127706719,8145,2036,51.54231071472168,0.3917708396911621
