Model,R2,MAE,RMSE,MAPE_percent,n_train,n_test,fit_time_sec,predict_time_sec
cat,0.9449172319606294,0.09073197401639506,0.0358820112355086,1195685959.1247377,3395,7921,4.740418195724487,0.007904767990112305
