Model,R2,MAE,RMSE,MAPE_percent,n_train,n_test,fit_time_sec,predict_time_sec
cat,0.971141629542871,0.12270750442008757,0.03983785640848801,5.153706784199587,6208,1552,3.523380994796753,0.0024356842041015625
