Model,R2,MAE,RMSE,MAPE_percent,n_train,n_test,fit_time_sec,predict_time_sec
cat,0.9960401319291945,0.003596795516295946,3.57995442307904e-05,4.550469226492361,8145,2036,3.936725378036499,0.0071392059326171875
