Model,R2,MAE,RMSE,MAPE_percent,n_train,n_test,fit_time_sec,predict_time_sec
cat,0.9705794520713845,0.17334883971442214,0.0686960047231133,997457657.4300123,9053,2263,4.201268672943115,0.006931304931640625
