Model,R2,MAE,RMSE,MAPE_percent,n_train,n_test,fit_time_sec,predict_time_sec
cat,0.9535183533066796,0.25551320444077036,0.12949486172534322,6.638605602889178,6206,1552,3.7149293422698975,0.0027098655700683594
