Model,R2,MAE,RMSE,MAPE_percent,n_train,n_test,fit_time_sec,predict_time_sec
gbm,0.9813273460974057,0.017644834901605042,0.0007867539769426957,3.170118894919447,5431,2327,13.568496704101562,0.01585841178894043
