Model,R2,MAE,RMSE,MAPE_percent,n_train,n_test,fit_time_sec,predict_time_sec
cat,0.14230992934234088,0.28805646845090743,0.5075353292493938,44.08819792974593,441,8379,3.2613205909729004,0.009720325469970703
