Model,R2,MAE,RMSE,MAPE_percent,n_train,n_test,fit_time_sec,predict_time_sec
gbm,0.9675082142731208,0.16489895747789238,0.05975156777333017,7.421322804137354,9059,2265,22.63409948348999,0.018134593963623047
