Model,R2,MAE,RMSE,MAPE_percent,n_train,n_test,fit_time_sec,predict_time_sec
cat,0.8945853700696137,0.021838765246370257,0.008257526398121945,12.993746569183088,2545,7636,4.01784873008728,0.007812738418579102
