Model,R2,MAE,RMSE,MAPE_percent,n_train,n_test,fit_time_sec,predict_time_sec
rf,0.8775383660392371,0.09476683358827868,0.024544271357212676,7.982338223959102,6214,1554,40.085620164871216,0.30441975593566895
