Model,R2,MAE,RMSE,MAPE_percent,n_train,n_test,fit_time_sec,predict_time_sec
rf,0.9900730456251589,0.0048243830134783875,0.0007045757902474784,1.9326556455883561,8145,2036,51.00221610069275,0.4022045135498047
