Model,R2,MAE,RMSE,MAPE_percent,n_train,n_test,fit_time_sec,predict_time_sec
cat,0.9965453581240061,0.0023806040617532953,2.5791066357047313e-05,3.519715018205307,8145,2036,3.6749355792999268,0.0026450157165527344
