Model,R2,MAE,RMSE,MAPE_percent,n_train,n_test,fit_time_sec,predict_time_sec
gbm,0.9399073727169078,0.0013529411752917718,2.426133223588018e-05,8.46494688168346,509,9672,1.2562692165374756,0.0633397102355957
