Model,R2,MAE,RMSE,MAPE_percent,n_train,n_test,fit_time_sec,predict_time_sec
rf,0.9970664202339831,0.0006623276168517436,1.067043469939992e-06,4.263624636664282,8145,2036,52.56043100357056,0.41071557998657227
