Model,R2,MAE,RMSE,MAPE_percent,n_train,n_test,fit_time_sec,predict_time_sec
rf,0.9842319213665274,0.0011392434619650943,5.985992728123505e-06,7.311892756896289,4581,5600,27.306170225143433,0.6184370517730713
