Model,R2,MAE,RMSE,MAPE_percent,n_train,n_test,fit_time_sec,predict_time_sec
rf,0.9564022156302053,0.060143784702804445,0.010319512547401216,4.488283182410533,5612,1403,32.97217059135437,0.2735004425048828
