Model,R2,MAE,RMSE,MAPE_percent,n_train,n_test,fit_time_sec,predict_time_sec
gbm,-1.8497530522426886,0.01729242978300134,0.05632295025398199,15.460166046316784,8151,2038,18.29729676246643,0.015062570571899414
