Model,R2,MAE,RMSE,MAPE_percent,n_train,n_test,fit_time_sec,predict_time_sec
cat,0.9556749282742527,0.19339031677048127,0.08838962856412326,6.7824637669462655,3566,4359,4.586410999298096,0.0063343048095703125
