Model,R2,MAE,RMSE,MAPE_percent,n_train,n_test,fit_time_sec,predict_time_sec
gbm,0.5871123903194453,0.04871968206628839,0.010817800575113402,20.137975678724693,6208,1552,14.840508699417114,0.011957168579101562
