Model,R2,MAE,RMSE,MAPE_percent,n_train,n_test,fit_time_sec,predict_time_sec
cat,0.9390351359071984,0.2017422015667662,0.10749412701044826,6.794179026577347,1585,6340,4.098055601119995,0.006924629211425781
