Model,R2,MAE,RMSE,MAPE_percent,n_train,n_test,fit_time_sec,predict_time_sec
gbm,0.9929020334110344,0.00045344855098612837,1.969161749589319e-06,3.3925716466146802,8145,2036,33.343589782714844,0.027402400970458984
