Model,R2,MAE,RMSE,MAPE_percent,n_train,n_test,fit_time_sec,predict_time_sec
rf,0.9955097605979332,0.010495285242712213,0.00032451849782903455,1.7080639850819974,6213,1553,36.997363328933716,0.28206801414489746
