Model,R2,MAE,RMSE,MAPE_percent,n_train,n_test,fit_time_sec,predict_time_sec
cat,0.9983355812023039,0.004538867108183026,4.519322439598356e-05,2.3061609989008875,8145,2036,3.920707941055298,0.0027008056640625
