Model,R2,MAE,RMSE,MAPE_percent,n_train,n_test,fit_time_sec,predict_time_sec
cat,0.919390292029704,0.0438000892061071,0.01634387537312375,8.050868211420436,388,7370,2.7959768772125244,0.008880615234375
