Model,R2,MAE,RMSE,MAPE_percent,n_train,n_test,fit_time_sec,predict_time_sec
gbm,0.9943762309660532,0.006133068566027887,0.0032121203968851555,1.7728675755962728,8151,2038,20.795069694519043,0.012630939483642578
