Model,R2,MAE,RMSE,MAPE_percent,n_train,n_test,fit_time_sec,predict_time_sec
gbm,0.9889516643894973,0.01183735577736202,0.0002529730379690251,6.922692470897202,8145,2036,19.872503519058228,0.014419317245483398
