Model,R2,MAE,RMSE,MAPE_percent,n_train,n_test,fit_time_sec,predict_time_sec
rf,0.9891532686120759,0.004398986265813251,3.6780795275643384e-05,6.858057399952379,8145,2036,51.388660192489624,0.3850440979003906
