Model,R2,MAE,RMSE,MAPE_percent,n_train,n_test,fit_time_sec,predict_time_sec
cat,0.9629383366331672,0.050712954811193325,0.00682964337019709,6.252200820720172,2205,6615,5.634869813919067,0.008568048477172852
