Model,R2,MAE,RMSE,MAPE_percent,n_train,n_test,fit_time_sec,predict_time_sec
gbm,0.9795315610991642,0.0008486780544871288,1.2656604401227356e-06,7.1208383261887995,7127,3054,17.126766681671143,0.01934194564819336
