Model,R2,MAE,RMSE,MAPE_percent,n_train,n_test,fit_time_sec,predict_time_sec
cat,0.9003697926885227,0.007215521170446082,0.0008773099760609411,12.616552196350126,509,9672,3.498938798904419,0.00979161262512207
