Model,R2,MAE,RMSE,MAPE_percent,n_train,n_test,fit_time_sec,predict_time_sec
cat,0.8843923874604368,0.009636938800809305,0.001018001613430978,20.430612341769397,509,9672,3.3571839332580566,0.009845972061157227
