Model,R2,MAE,RMSE,MAPE_percent,n_train,n_test,fit_time_sec,predict_time_sec
gbm,0.9297597250026223,0.006728436874879505,0.005035206293355916,2.293220264894047,8145,2036,20.619609832763672,0.014402627944946289
