Model,R2,MAE,RMSE,MAPE_percent,n_train,n_test,fit_time_sec,predict_time_sec
cat,0.8787118856802634,0.11051000822346256,0.04672704778445999,9.706046669986273,6214,1554,3.4178409576416016,0.002300262451171875
