Model,R2,MAE,RMSE,MAPE_percent,n_train,n_test,fit_time_sec,predict_time_sec
cat,0.981191738828983,0.0012149313934057225,5.709039015251955e-06,12.868157321359785,8145,2036,4.283890008926392,0.0032007694244384766
