Model,R2,MAE,RMSE,MAPE_percent,n_train,n_test,fit_time_sec,predict_time_sec
gbm,0.9304281703568691,0.0006959150966256923,2.288126687281723e-05,4.639865553787243,8145,2036,21.712368726730347,0.014589071273803711
