Model,R2,MAE,RMSE,MAPE_percent,n_train,n_test,fit_time_sec,predict_time_sec
rf,0.9151967900283267,0.02258385792874787,0.010456503335268746,1800287.5422925812,5092,6224,29.38837695121765,0.7043275833129883
