Model,R2,MAE,RMSE,MAPE_percent,n_train,n_test,fit_time_sec,predict_time_sec
cat,0.9805640626063771,0.0009124959454135613,1.388071399003911e-06,6.702713963324704,7636,2545,5.0223095417022705,0.0033473968505859375
