Model,R2,MAE,RMSE,MAPE_percent,n_train,n_test,fit_time_sec,predict_time_sec
gbm,0.9612400956512932,0.08422096238363276,0.02654714282245362,316770424.9627149,9053,2263,22.799483060836792,0.018054723739624023
