Model,R2,MAE,RMSE,MAPE_percent,n_train,n_test,fit_time_sec,predict_time_sec
gbm,0.9691300727653022,0.010731201470319371,0.0017855510544483588,3.1136663302121828,4656,3104,11.575440645217896,0.02182173728942871
