Model,R2,MAE,RMSE,MAPE_percent,n_train,n_test,fit_time_sec,predict_time_sec
rf,0.9234630138088867,0.06773476435476407,0.0305925314291171,5.534339886131208,6208,1552,52.10409998893738,0.5540969371795654
