Model,R2,MAE,RMSE,MAPE_percent,n_train,n_test,fit_time_sec,predict_time_sec
rf,0.9657093088688193,0.17045059863462003,0.08292346233847393,3679840.2875319067,9053,2263,83.03187203407288,0.8708188533782959
