Model,R2,MAE,RMSE,MAPE_percent,n_train,n_test,fit_time_sec,predict_time_sec
cat,0.6993239999565818,0.04153054536579378,0.026869339876598165,18.41618270929146,8151,2038,3.4673068523406982,0.0025954246520996094
