Model,R2,MAE,RMSE,MAPE_percent,n_train,n_test,fit_time_sec,predict_time_sec
rf,0.9973542816994403,0.00041889933541104256,3.408692835517884e-07,2.934635800027916,8145,2036,50.655399322509766,0.3769824504852295
