Model,R2,MAE,RMSE,MAPE_percent,n_train,n_test,fit_time_sec,predict_time_sec
rf,0.9437819039170413,0.047528538291524716,0.009897936127361305,4.349870436465824,6208,1552,35.85315918922424,0.2834901809692383
