Model,R2,MAE,RMSE,MAPE_percent,n_train,n_test,fit_time_sec,predict_time_sec
cat,0.5210907351504703,0.0017347948434517579,7.497564646476764e-05,10.260062357809058,8151,2038,3.7970566749572754,0.0026841163635253906
