Model,R2,MAE,RMSE,MAPE_percent,n_train,n_test,fit_time_sec,predict_time_sec
rf,0.9481007951513833,0.01898280191765501,0.003921625224347294,4131431.3806249592,1132,10184,5.339081525802612,0.6611440181732178
