Model,R2,MAE,RMSE,MAPE_percent,n_train,n_test,fit_time_sec,predict_time_sec
gbm,0.9890634471843155,0.0010230404748622164,1.8747991043163574e-06,6.913284027553403,8145,2036,20.078269720077515,0.014487504959106445
