Model,R2,MAE,RMSE,MAPE_percent,n_train,n_test,fit_time_sec,predict_time_sec
rf,0.8748189598652534,0.006584768789884047,0.0014155079835445675,10.622312026978014,8145,2036,52.37397384643555,0.41355443000793457
