Model,R2,MAE,RMSE,MAPE_percent,n_train,n_test,fit_time_sec,predict_time_sec
gbm,0.9680931723114297,0.07407997657306989,0.017866063895208752,5.764482205402638,9053,2263,23.211456060409546,0.017714262008666992
