Model,R2,MAE,RMSE,MAPE_percent,n_train,n_test,fit_time_sec,predict_time_sec
cat,0.980280614193288,0.020366418135864095,0.0014100210532685534,3.74963154489205,6206,1552,3.513108730316162,0.0023081302642822266
