Model,R2,MAE,RMSE,MAPE_percent,n_train,n_test,fit_time_sec,predict_time_sec
cat,0.9849302148732257,0.0009692609152323151,2.785785930728121e-06,7.274086321785465,4581,5600,4.700980186462402,0.006289482116699219
