Model,R2,MAE,RMSE,MAPE_percent,n_train,n_test,fit_time_sec,predict_time_sec
rf,0.9840174968910853,0.012788642470728917,0.000670741587173206,3.39475828291608,9053,2263,56.60897254943848,0.42128849029541016
