Model,R2,MAE,RMSE,MAPE_percent,n_train,n_test,fit_time_sec,predict_time_sec
rf,0.9891008123506082,0.004397210576230903,3.6168789496331974e-05,6.599247555557489,8145,2036,51.40973615646362,0.39862823486328125
