Model,R2,MAE,RMSE,MAPE_percent,n_train,n_test,fit_time_sec,predict_time_sec
cat,0.40765865131718837,0.325495544844512,0.28634701130555923,39.85748349827377,6214,1554,3.28007435798645,0.0023381710052490234
