Model,R2,MAE,RMSE,MAPE_percent,n_train,n_test,fit_time_sec,predict_time_sec
rf,0.9343407643385421,0.1326833310274703,0.06664948589016936,6.154563125835017,6206,1552,35.989293575286865,0.36324524879455566
