Model,R2,MAE,RMSE,MAPE_percent,n_train,n_test,fit_time_sec,predict_time_sec
cat,0.9808872639521488,0.013442562087680155,0.00031907428537622523,6.688215044337011,7127,3054,4.561047792434692,0.004307746887207031
