Model,R2,MAE,RMSE,MAPE_percent,n_train,n_test,fit_time_sec,predict_time_sec
cat,0.9387335032967189,0.13158933852201227,0.0615486447157252,6.974006804696062,6206,1552,3.4220926761627197,0.002376556396484375
