Model,R2,MAE,RMSE,MAPE_percent,n_train,n_test,fit_time_sec,predict_time_sec
cat,0.9738341307145204,0.0016128186124552387,9.517423142811835e-06,14.548017260623904,8145,2036,3.41558575630188,0.0027008056640625
