Model,R2,MAE,RMSE,MAPE_percent,n_train,n_test,fit_time_sec,predict_time_sec
rf,0.9900373518131186,0.005761251769952748,7.437741152427139e-05,11.073882600903092,8145,2036,54.453370332717896,0.40398645401000977
