Model,R2,MAE,RMSE,MAPE_percent,n_train,n_test,fit_time_sec,predict_time_sec
gbm,0.9776867573728061,0.000812309279099172,1.1683186167678172e-06,6.75894250447431,8145,2036,19.861733198165894,0.013917922973632812
