Model,R2,MAE,RMSE,MAPE_percent,n_train,n_test,fit_time_sec,predict_time_sec
gbm,0.9440354301304245,0.11833204710344133,0.03721527990793004,5.8570733202587615,6206,1552,15.689051389694214,0.012021064758300781
