Model,R2,MAE,RMSE,MAPE_percent,n_train,n_test,fit_time_sec,predict_time_sec
cat,0.7946479817835839,0.2934629473171252,0.2517381947489191,11.064398555341187,6214,1554,3.657830238342285,0.0023779869079589844
