Model,R2,MAE,RMSE,MAPE_percent,n_train,n_test,fit_time_sec,predict_time_sec
rf,0.9820497702688045,0.0010488207045205918,2.035749880505731e-06,6.774382690287769,6109,4072,37.23598861694336,0.5113484859466553
