Model,R2,MAE,RMSE,MAPE_percent,n_train,n_test,fit_time_sec,predict_time_sec
cat,0.9523381688423926,0.10766951737751757,0.028872646408981788,5.407302654951899,6206,1552,3.4881958961486816,0.0023565292358398438
