Model,R2,MAE,RMSE,MAPE_percent,n_train,n_test,fit_time_sec,predict_time_sec
rf,-0.2916081001794011,0.03001468551743328,0.1157618358934014,14.439454332344202,8151,2038,52.270554304122925,0.42699503898620605
