Model,R2,MAE,RMSE,MAPE_percent,n_train,n_test,fit_time_sec,predict_time_sec
cat,0.9070161515200974,0.0014780614711383806,3.8872066847382694e-05,13.06125484516274,6109,4072,4.502554178237915,0.005094051361083984
