Model,R2,MAE,RMSE,MAPE_percent,n_train,n_test,fit_time_sec,predict_time_sec
cat,0.9882334158210557,0.011896939127897825,0.0002566262745039881,7.042497524338607,8145,2036,3.7022178173065186,0.0026404857635498047
