Model,R2,MAE,RMSE,MAPE_percent,n_train,n_test,fit_time_sec,predict_time_sec
cat,0.946869039876921,0.08498385405602348,0.035861872704055706,405594937.640495,9053,2263,4.969640493392944,0.003704547882080078
