Model,R2,MAE,RMSE,MAPE_percent,n_train,n_test,fit_time_sec,predict_time_sec
cat,0.9874445682500438,0.0011225926632237864,5.341984994567501e-06,7.356032451694586,8145,2036,3.557124137878418,0.002751588821411133
