Model,R2,MAE,RMSE,MAPE_percent,n_train,n_test,fit_time_sec,predict_time_sec
rf,0.9794239044099353,0.017282063647185403,0.0014373578236719594,2.741803113399835,6206,1552,36.72098755836487,0.2855875492095947
