Model,R2,MAE,RMSE,MAPE_percent,n_train,n_test,fit_time_sec,predict_time_sec
cat,0.9867149160560985,0.013859016466110895,0.0003591851316686778,7.186657004283366,4072,6109,4.990170240402222,0.005964994430541992
