Model,R2,MAE,RMSE,MAPE_percent,n_train,n_test,fit_time_sec,predict_time_sec
cat,0.9856187565595105,0.004387845193236866,0.00010790632988082621,7.492452744049002,8145,2036,3.681192636489868,0.0031387805938720703
