Model,R2,MAE,RMSE,MAPE_percent,n_train,n_test,fit_time_sec,predict_time_sec
gbm,0.13265717884973505,0.0027712262002725064,0.0022727509459277854,12.487926050071648,8151,2038,18.371352195739746,0.015005826950073242
