Model,R2,MAE,RMSE,MAPE_percent,n_train,n_test,fit_time_sec,predict_time_sec
rf,0.4169993669916435,0.19938430707872035,0.12180893142882245,55.07920168196999,6206,1552,41.87854552268982,0.33290624618530273
