Model,R2,MAE,RMSE,MAPE_percent,n_train,n_test,fit_time_sec,predict_time_sec
cat,0.8952805053839717,0.10607431513699601,0.06295079990983474,7.830973210033933,792,7133,3.744621515274048,0.007956743240356445
