Model,R2,MAE,RMSE,MAPE_percent,n_train,n_test,fit_time_sec,predict_time_sec
cat,0.9782318445260928,0.020791625194490487,0.001166069529897691,3.8347040683174565,4267,3491,3.5356714725494385,0.003983259201049805
