Model,R2,MAE,RMSE,MAPE_percent,n_train,n_test,fit_time_sec,predict_time_sec
rf,0.9887894954685187,0.006666704426052396,8.35174286205521e-05,2.527482483689069,5820,1940,35.05199217796326,0.2944071292877197
