Model,R2,MAE,RMSE,MAPE_percent,n_train,n_test,fit_time_sec,predict_time_sec
rf,0.999139282983229,0.003848459759454299,5.6489025789550265e-05,1.5734637121136184,8145,2036,49.67433285713196,0.4000527858734131
