Model,R2,MAE,RMSE,MAPE_percent,n_train,n_test,fit_time_sec,predict_time_sec
cat,0.9204419612546052,0.2562323150871006,0.15629156052158172,9.457833300490208,396,7529,3.496189594268799,0.007861137390136719
