Model,R2,MAE,RMSE,MAPE_percent,n_train,n_test,fit_time_sec,predict_time_sec
gbm,0.971349707737924,0.007328420406602162,0.000112001740189742,10.646106582540579,8145,2036,19.65012240409851,0.015440940856933594
