Model,R2,MAE,RMSE,MAPE_percent,n_train,n_test,fit_time_sec,predict_time_sec
gbm,0.995184581551669,0.013092110473976758,0.0010123570581458121,1.8771524993868347,6206,1552,15.51924467086792,0.01251077651977539
