Model,R2,MAE,RMSE,MAPE_percent,n_train,n_test,fit_time_sec,predict_time_sec
cat,0.9475859845810543,0.11710126847193768,0.03286285758520491,5.687404024688779,6206,1552,3.691711902618408,0.002445697784423828
