Model,R2,MAE,RMSE,MAPE_percent,n_train,n_test,fit_time_sec,predict_time_sec
rf,0.9607058562385453,0.009204924092602158,0.0019680903957994588,2.1762950127474876,6214,1554,37.79858160018921,0.28368568420410156
