Model,R2,MAE,RMSE,MAPE_percent,n_train,n_test,fit_time_sec,predict_time_sec
gbm,0.7035061059361664,0.6975199473310075,1.0688254704014808,21.735292001612848,6213,1553,14.117244958877563,0.011702299118041992
