Model,R2,MAE,RMSE,MAPE_percent,n_train,n_test,fit_time_sec,predict_time_sec
rf,0.8813064989942158,0.04588564694570141,0.026540730579383495,5.477184183440414,776,6982,3.7246365547180176,0.44965696334838867
