Model,R2,MAE,RMSE,MAPE_percent,n_train,n_test,fit_time_sec,predict_time_sec
rf,0.9880316151302383,0.004399560919095731,3.607500405657135e-05,6.760330163720374,8145,2036,51.290900230407715,0.40349483489990234
