Model,R2,MAE,RMSE,MAPE_percent,n_train,n_test,fit_time_sec,predict_time_sec
cat,0.2790856897340851,0.13781691079841799,0.06312632474963575,47.845155687674,6340,1585,4.397427082061768,0.003116607666015625
