Model,R2,MAE,RMSE,MAPE_percent,n_train,n_test,fit_time_sec,predict_time_sec
cat,0.9934148538639854,0.0028613892929124133,1.750820997403048e-05,4.784046843545391,8145,2036,3.6039986610412598,0.0027320384979248047
