Model,R2,MAE,RMSE,MAPE_percent,n_train,n_test,fit_time_sec,predict_time_sec
gbm,0.9924372263872661,0.008006983012456958,0.0006795177293988525,3.150478312813275,8145,2036,20.435727834701538,0.014017105102539062
