Model,R2,MAE,RMSE,MAPE_percent,n_train,n_test,fit_time_sec,predict_time_sec
gbm,0.9631284824409077,0.1297901589016187,0.03779155637065597,5.275067219217912,6208,1552,15.345916748046875,0.012772560119628906
