Model,R2,MAE,RMSE,MAPE_percent,n_train,n_test,fit_time_sec,predict_time_sec
cat,0.9545553377614651,0.084817038763499,0.029333329565121385,863022328.8811038,5658,5658,4.621860504150391,0.007027864456176758
