Model,R2,MAE,RMSE,MAPE_percent,n_train,n_test,fit_time_sec,predict_time_sec
cat,0.9882132269872042,0.0033306178087852602,9.600354670159064e-05,5.251174051206685,8145,2036,3.718224048614502,0.0027577877044677734
