Model,R2,MAE,RMSE,MAPE_percent,n_train,n_test,fit_time_sec,predict_time_sec
rf,0.9976428788917872,0.0019663819014958113,7.357496473317799e-06,2.8278898004352664,8145,2036,50.574968338012695,0.3968181610107422
