Model,R2,MAE,RMSE,MAPE_percent,n_train,n_test,fit_time_sec,predict_time_sec
cat,0.9593706197614151,0.052737982575423274,0.01409472184254705,4.665068489624983,6208,1552,7.97152304649353,0.017750024795532227
