Model,R2,MAE,RMSE,MAPE_percent,n_train,n_test,fit_time_sec,predict_time_sec
gbm,0.9871943473670632,0.010697255496128792,0.00026844888179306436,2.9458336950643633,9053,2263,22.999720335006714,0.015403985977172852
