Model,R2,MAE,RMSE,MAPE_percent,n_train,n_test,fit_time_sec,predict_time_sec
rf,0.934766920934789,0.2784655214259076,0.17782687693657726,7.23030305854129,6213,1553,36.759355306625366,0.2842841148376465
