Model,R2,MAE,RMSE,MAPE_percent,n_train,n_test,fit_time_sec,predict_time_sec
cat,0.3212408882054846,0.0016818713960719029,0.0017785936261537673,5.144910661854391,8151,2038,3.5112075805664062,0.0026526451110839844
