Model,R2,MAE,RMSE,MAPE_percent,n_train,n_test,fit_time_sec,predict_time_sec
rf,0.8769688332563398,0.005748653213511281,0.0011844771947644788,10.26941687286722,8145,2036,52.66234111785889,0.41608095169067383
