Model,R2,MAE,RMSE,MAPE_percent,n_train,n_test,fit_time_sec,predict_time_sec
cat,0.9908444980052115,0.004743554370019725,4.1550932130502024e-05,7.22696780299483,4581,5600,4.788470983505249,0.007367372512817383
