Model,R2,MAE,RMSE,MAPE_percent,n_train,n_test,fit_time_sec,predict_time_sec
cat,0.7776565927604968,0.0801200931632937,0.12140516181037278,5.822558861419522,4910,2105,4.783913612365723,0.0033643245697021484
