Model,R2,MAE,RMSE,MAPE_percent,n_train,n_test,fit_time_sec,predict_time_sec
cat,0.9122409813302326,0.0014410823196680828,3.747299350934646e-05,8.776869624510892,1018,9163,3.259584903717041,0.007801532745361328
