Model,R2,MAE,RMSE,MAPE_percent,n_train,n_test,fit_time_sec,predict_time_sec
cat,0.9293595685640929,0.020896544177245374,0.007830010442047198,104869567.03364766,4526,6790,4.439588308334351,0.006988048553466797
