Model,R2,MAE,RMSE,MAPE_percent,n_train,n_test,fit_time_sec,predict_time_sec
gbm,0.9727595330526738,0.018563565185084833,0.0007367075582565071,10.16912736025158,8145,2036,19.573153495788574,0.015167951583862305
