Model,R2,MAE,RMSE,MAPE_percent,n_train,n_test,fit_time_sec,predict_time_sec
rf,0.9618254210833956,0.17861555464476211,0.09059394682340513,16951312.656548623,9059,2265,57.615790605545044,0.43424296379089355
