Model,R2,MAE,RMSE,MAPE_percent,n_train,n_test,fit_time_sec,predict_time_sec
rf,0.9682242620874832,0.0592987498454932,0.012551673907519597,4.705546225346838,9059,2265,53.82225489616394,0.49196767807006836
