Model,R2,MAE,RMSE,MAPE_percent,n_train,n_test,fit_time_sec,predict_time_sec
cat,0.9872925423022727,0.0011873481454761233,3.6997750490022266e-06,9.841701040130294,1018,9163,3.7503793239593506,0.00867009162902832
