Model,R2,MAE,RMSE,MAPE_percent,n_train,n_test,fit_time_sec,predict_time_sec
cat,0.5393492452448727,0.04077771110422967,0.07497572930142135,17.70817014196968,8151,2038,3.5488080978393555,0.0025277137756347656
