Model,R2,MAE,RMSE,MAPE_percent,n_train,n_test,fit_time_sec,predict_time_sec
cat,0.9636308238742411,0.07696940880086701,0.02342703847344255,5.000895863562996,6340,1585,4.773995399475098,0.002947568893432617
