Model,R2,MAE,RMSE,MAPE_percent,n_train,n_test,fit_time_sec,predict_time_sec
cat,0.967916220620197,0.05867339974672085,0.008171774581985102,4.633727100682437,5618,1405,3.5238075256347656,0.002229452133178711
