Model,R2,MAE,RMSE,MAPE_percent,n_train,n_test,fit_time_sec,predict_time_sec
rf,0.973131937815259,0.014691523838035929,0.002626552889931132,527416.1484918343,9059,2265,56.6992084980011,0.43680405616760254
