Model,R2,MAE,RMSE,MAPE_percent,n_train,n_test,fit_time_sec,predict_time_sec
gbm,0.989422613467246,0.006959393255002981,0.00010237315596358623,2.6861821896545663,4268,3492,10.668159008026123,0.021834373474121094
