Model,R2,MAE,RMSE,MAPE_percent,n_train,n_test,fit_time_sec,predict_time_sec
gbm,0.998362047425421,0.00032154529311442933,2.1157294342643132e-07,2.2161752890089184,8151,2038,20.69435453414917,0.012476444244384766
