Model,R2,MAE,RMSE,MAPE_percent,n_train,n_test,fit_time_sec,predict_time_sec
rf,0.970818635446926,0.09318274002375583,0.02326417697293455,4.690507968892231,6206,1552,61.5675892829895,0.2875850200653076
