Model,R2,MAE,RMSE,MAPE_percent,n_train,n_test,fit_time_sec,predict_time_sec
rf,0.9952280879064914,0.010741829462855587,0.00036448062348838243,1.7489089498947612,6213,1553,36.903252840042114,0.27765965461730957
