Model,R2,MAE,RMSE,MAPE_percent,n_train,n_test,fit_time_sec,predict_time_sec
rf,0.9492114082149444,0.03406676004249453,0.011124453292235797,4.181313964267953,2715,5043,0.7737517356872559,0.07798075675964355
