Model,R2,MAE,RMSE,MAPE_percent,n_train,n_test,fit_time_sec,predict_time_sec
gbm,0.9893897590641808,0.0008760397186402556,1.4176871313294632e-06,7.4885086826664296,3054,7127,7.293700695037842,0.04233264923095703
