Model,R2,MAE,RMSE,MAPE_percent,n_train,n_test,fit_time_sec,predict_time_sec
rf,0.9830427780404141,0.0008963036213763837,1.4440860562881804e-06,6.613909179006495,6618,3563,40.355316162109375,0.4678654670715332
