Model,R2,MAE,RMSE,MAPE_percent,n_train,n_test,fit_time_sec,predict_time_sec
cat,0.9551900762780152,0.19644004341311194,0.08082573307316682,48.96591355655403,4526,6790,4.628502130508423,0.006941795349121094
