Model,R2,MAE,RMSE,MAPE_percent,n_train,n_test,fit_time_sec,predict_time_sec
cat,0.995753366346856,0.0028247438831347105,1.640298532519201e-05,3.6341413164771006,8145,2036,3.834277629852295,0.0026428699493408203
