Model,R2,MAE,RMSE,MAPE_percent,n_train,n_test,fit_time_sec,predict_time_sec
cat,0.9301077885925069,0.011778213283259611,0.0035006282576694092,3.5884212687849875,6214,1554,3.6820242404937744,0.0023627281188964844
