Model,R2,MAE,RMSE,MAPE_percent,n_train,n_test,fit_time_sec,predict_time_sec
cat,0.985313510778497,0.0029213784618576668,0.00015379206848763116,3.1829666521395654,8145,2036,4.815505743026733,0.003452301025390625
