Model,R2,MAE,RMSE,MAPE_percent,n_train,n_test,fit_time_sec,predict_time_sec
cat,0.982824270893695,0.0009145607318269389,1.438788206420528e-06,6.783424565961334,6618,3563,3.398486852645874,0.004256010055541992
