Model,R2,MAE,RMSE,MAPE_percent,n_train,n_test,fit_time_sec,predict_time_sec
cat,0.9887189171458522,0.0010362628404857511,2.2582082362018302e-06,7.946271929555253,2036,8145,4.3266777992248535,0.008644342422485352
