Model,R2,MAE,RMSE,MAPE_percent,n_train,n_test,fit_time_sec,predict_time_sec
gbm,0.9529782080012534,0.08395880834968045,0.024703021135448283,6.081356723531491,9053,2263,22.75115656852722,0.01825690269470215
