Model,R2,MAE,RMSE,MAPE_percent,n_train,n_test,fit_time_sec,predict_time_sec
rf,0.9328379844470504,0.2949418634809601,0.23051746276125124,7.508546502918659,6206,1552,36.932374477386475,0.2755293846130371
