Model,R2,MAE,RMSE,MAPE_percent,n_train,n_test,fit_time_sec,predict_time_sec
cat,0.9948169403973627,0.0005450527655340633,1.8852563572228918e-06,3.5101107037531465,8145,2036,4.319666385650635,0.002788543701171875
