Model,R2,MAE,RMSE,MAPE_percent,n_train,n_test,fit_time_sec,predict_time_sec
rf,0.9885518826298945,0.0009079425538487467,1.5549610480886556e-06,6.832008004831032,8145,2036,51.40354919433594,0.4036903381347656
