Model,R2,MAE,RMSE,MAPE_percent,n_train,n_test,fit_time_sec,predict_time_sec
gbm,0.9363280138352457,0.007755074402008569,0.0045693888173066865,3.020978187727813,8145,2036,21.433561086654663,0.015472888946533203
