Model,R2,MAE,RMSE,MAPE_percent,n_train,n_test,fit_time_sec,predict_time_sec
rf,0.9685397018122762,0.013326634237120688,0.002754797583898826,2.4212443132199732,6340,1585,39.10808825492859,0.2870652675628662
