Model,R2,MAE,RMSE,MAPE_percent,n_train,n_test,fit_time_sec,predict_time_sec
rf,0.9611802725581732,0.12371564949761336,0.03726682664543117,5.208026481626556,6208,1552,36.429428577423096,0.29755544662475586
