Model,R2,MAE,RMSE,MAPE_percent,n_train,n_test,fit_time_sec,predict_time_sec
rf,0.9972627075776387,0.00032520133154283947,4.108007530887657e-07,2.0302884617179524,8145,2036,51.8186354637146,0.39821624755859375
