Model,R2,MAE,RMSE,MAPE_percent,n_train,n_test,fit_time_sec,predict_time_sec
cat,0.9433087698061547,0.08636814088824284,0.03505681553757691,5.682706559686528,3962,3963,4.598501443862915,0.00497746467590332
