Model,R2,MAE,RMSE,MAPE_percent,n_train,n_test,fit_time_sec,predict_time_sec
rf,0.9379773653718101,0.2545701726205416,0.16763892161924926,6.6792182614078,6206,1552,36.945828914642334,0.27497076988220215
