Model,R2,MAE,RMSE,MAPE_percent,n_train,n_test,fit_time_sec,predict_time_sec
gbm,0.9673771467452719,0.1831726788965333,0.0783882806369078,640061256.4076095,9053,2263,22.837157726287842,0.01820230484008789
