Model,R2,MAE,RMSE,MAPE_percent,n_train,n_test,fit_time_sec,predict_time_sec
cat,0.7642935448915738,0.08236388400828054,0.11909036701447202,5.589955464285121,5612,1403,3.548572540283203,0.0024144649505615234
