Model,R2,MAE,RMSE,MAPE_percent,n_train,n_test,fit_time_sec,predict_time_sec
rf,0.7850398389308145,0.48274717328836847,0.5198570246854464,5922575208.30099,9053,2263,57.14124608039856,0.45406317710876465
