Model,R2,MAE,RMSE,MAPE_percent,n_train,n_test,fit_time_sec,predict_time_sec
gbm,0.9548262762005456,0.017294433908308985,0.00437236847910002,87746114.58449472,9053,2263,26.72838592529297,0.030385255813598633
