Model,R2,MAE,RMSE,MAPE_percent,n_train,n_test,fit_time_sec,predict_time_sec
gbm,0.1305386660593214,0.013770645659658853,0.05660347920714842,12.368061371656939,8151,2038,18.290366649627686,0.01586604118347168
