Model,R2,MAE,RMSE,MAPE_percent,n_train,n_test,fit_time_sec,predict_time_sec
cat,0.09290451960514245,0.27192250145737346,0.29264660617912047,42.888585770889115,5733,3087,4.22436785697937,0.004721164703369141
