Model,R2,MAE,RMSE,MAPE_percent,n_train,n_test,fit_time_sec,predict_time_sec
gbm,-0.7065061884290043,0.028340211796884632,0.18084028939694058,12.377519139478494,8151,2038,20.28022789955139,0.013661384582519531
