Model,R2,MAE,RMSE,MAPE_percent,n_train,n_test,fit_time_sec,predict_time_sec
gbm,0.9542467598389928,0.15372454165348684,0.05857780899651822,6.28751423980445,6208,1552,15.357538223266602,0.012681007385253906
