Model,R2,MAE,RMSE,MAPE_percent,n_train,n_test,fit_time_sec,predict_time_sec
gbm,0.9956685713459957,0.0030538971249730673,1.9530102745562974e-05,3.798689736133469,8145,2036,20.56106972694397,0.01376962661743164
