Model,R2,MAE,RMSE,MAPE_percent,n_train,n_test,fit_time_sec,predict_time_sec
cat,0.9935007283741207,0.01381249674813248,0.0004412483476569968,7.412075593865043,6618,3563,4.750044584274292,0.004866361618041992
