Model,R2,MAE,RMSE,MAPE_percent,n_train,n_test,fit_time_sec,predict_time_sec
cat,0.16177217839633484,0.2773728452784608,0.516994789554351,45.20955308830763,1764,7056,3.7099416255950928,0.007729291915893555
