Model,R2,MAE,RMSE,MAPE_percent,n_train,n_test,fit_time_sec,predict_time_sec
gbm,0.9639897391032998,0.07676480477762453,0.015418909872273828,5.846906390531303,9053,2263,22.87655782699585,0.017318010330200195
