Model,R2,MAE,RMSE,MAPE_percent,n_train,n_test,fit_time_sec,predict_time_sec
rf,0.9950564445369443,0.010397415351336202,0.00034944353755916315,1.7365679199761932,6206,1552,36.397417068481445,0.2894911766052246
