Model,R2,MAE,RMSE,MAPE_percent,n_train,n_test,fit_time_sec,predict_time_sec
cat,0.9562907487520715,0.17954678472897928,0.06380283970708285,5.822001772907841,4359,3566,4.609751224517822,0.0044405460357666016
