Model,R2,MAE,RMSE,MAPE_percent,n_train,n_test,fit_time_sec,predict_time_sec
cat,0.9146808378314326,0.0014325014932203494,3.684163777170121e-05,8.552885404445037,1018,9163,3.2187037467956543,0.007751941680908203
