Model,R2,MAE,RMSE,MAPE_percent,n_train,n_test,fit_time_sec,predict_time_sec
cat,0.8564002205726091,0.021496459019311694,0.011082229293556714,9.527969091971316,509,9672,3.7185869216918945,0.010181903839111328
