Model,R2,MAE,RMSE,MAPE_percent,n_train,n_test,fit_time_sec,predict_time_sec
gbm,0.9894734011957604,0.00085360077812469,2.9203540843381228e-06,7.42088138479286,8145,2036,23.613497734069824,0.015410661697387695
