Model,R2,MAE,RMSE,MAPE_percent,n_train,n_test,fit_time_sec,predict_time_sec
cat,0.9228888836579391,0.0015272961795582364,2.7852693639037654e-05,12.91109543249879,2036,8145,4.088028430938721,0.009142398834228516
