Model,R2,MAE,RMSE,MAPE_percent,n_train,n_test,fit_time_sec,predict_time_sec
rf,0.9688202220199275,0.01130826940223847,0.004572049028931208,56219.26655230238,9059,2265,55.94566631317139,0.4415314197540283
