Model,R2,MAE,RMSE,MAPE_percent,n_train,n_test,fit_time_sec,predict_time_sec
cat,0.9463415221231352,0.26492199164098135,0.16880867925250317,7.646996829348944,6206,1552,3.551706075668335,0.001999378204345703
