Model,R2,MAE,RMSE,MAPE_percent,n_train,n_test,fit_time_sec,predict_time_sec
gbm,0.9264309671334064,0.006214843052689638,0.0005992215235613116,12.322298627485463,8145,2036,18.18447995185852,0.015140056610107422
