Model,R2,MAE,RMSE,MAPE_percent,n_train,n_test,fit_time_sec,predict_time_sec
gbm,0.9800824218375083,0.001080667782328353,5.087400765884009e-06,9.261787349464111,509,9672,1.2484402656555176,0.06060981750488281
