Model,R2,MAE,RMSE,MAPE_percent,n_train,n_test,fit_time_sec,predict_time_sec
gbm,0.06625431906232115,0.0015454638293034449,0.0005498271701733578,4.44107950951267,8151,2038,20.390624523162842,0.01318812370300293
