Model,R2,MAE,RMSE,MAPE_percent,n_train,n_test,fit_time_sec,predict_time_sec
cat,0.9372875584071734,0.005673579351480624,0.0005433645393117722,8.043879000723155,1527,8654,4.213444232940674,0.009815216064453125
