Model,R2,MAE,RMSE,MAPE_percent,n_train,n_test,fit_time_sec,predict_time_sec
cat,0.9876861210519511,0.0071405881116496615,0.0008827260539221083,3.40941161827983,8145,2036,3.5217227935791016,0.0026121139526367188
