Model,R2,MAE,RMSE,MAPE_percent,n_train,n_test,fit_time_sec,predict_time_sec
gbm,0.952738856127321,0.13319350171654776,0.04560251766411635,5.493603384771162,6208,1552,15.403339385986328,0.012877225875854492
