Model,R2,MAE,RMSE,MAPE_percent,n_train,n_test,fit_time_sec,predict_time_sec
rf,0.986842955322453,0.0010832650568180086,2.2756080536421214e-06,7.120032643643073,3563,6618,20.123573303222656,0.6477274894714355
