Model,R2,MAE,RMSE,MAPE_percent,n_train,n_test,fit_time_sec,predict_time_sec
cat,0.9463611136967129,0.10984973015670024,0.0351425362456701,5.650549566580289,6213,1553,3.5359139442443848,0.0022919178009033203
