Model,R2,MAE,RMSE,MAPE_percent,n_train,n_test,fit_time_sec,predict_time_sec
cat,0.9291383516404109,0.020418908368661247,0.007866189088094446,192254040.22240117,5658,5658,3.665587902069092,0.005336761474609375
