Model,R2,MAE,RMSE,MAPE_percent,n_train,n_test,fit_time_sec,predict_time_sec
cat,0.4417877372028045,0.378116906855812,0.32170095599237936,36.648853799761746,3170,4755,4.4706926345825195,0.005101680755615234
