Model,R2,MAE,RMSE,MAPE_percent,n_train,n_test,fit_time_sec,predict_time_sec
rf,0.9899252081652211,0.0011322266309167783,2.694446601564205e-06,7.465690631146344,1527,8654,7.894286870956421,0.6547014713287354
