Model,R2,MAE,RMSE,MAPE_percent,n_train,n_test,fit_time_sec,predict_time_sec
gbm,-0.14033566146906318,0.005859372543279303,0.004590835831347073,8.0058812521599,8151,2038,20.346962928771973,0.013636350631713867
