Model,R2,MAE,RMSE,MAPE_percent,n_train,n_test,fit_time_sec,predict_time_sec
cat,0.23323174896502263,0.14930928288807707,0.08789087448315515,53.34501747394903,2378,5547,4.190666913986206,0.006062507629394531
