Model,R2,MAE,RMSE,MAPE_percent,n_train,n_test,fit_time_sec,predict_time_sec
rf,0.9646671438081168,0.17566080275320267,0.08544854731309656,4638859.964755855,9053,2263,55.426427364349365,0.44452643394470215
