Model,R2,MAE,RMSE,MAPE_percent,n_train,n_test,fit_time_sec,predict_time_sec
cat,0.8720191217559611,0.14778317039805441,0.13549777501893956,7.092166662340708,6213,1553,3.401387929916382,0.0023047924041748047
