Model,R2,MAE,RMSE,MAPE_percent,n_train,n_test,fit_time_sec,predict_time_sec
cat,0.9588480373169477,0.07909930281710748,0.025934698359169676,1096711397.3456216,9059,2265,4.266637563705444,0.0034134387969970703
