Model,R2,MAE,RMSE,MAPE_percent,n_train,n_test,fit_time_sec,predict_time_sec
cat,0.8983243307505285,0.02307110011574323,0.008007132415537329,12.632929920490096,1527,8654,4.017091751098633,0.008695840835571289
