Model,R2,MAE,RMSE,MAPE_percent,n_train,n_test,fit_time_sec,predict_time_sec
cat,0.9353163546856886,0.24963080321114284,0.14900458012815376,2635392213.351717,566,10750,3.933077573776245,0.011559009552001953
