Model,R2,MAE,RMSE,MAPE_percent,n_train,n_test,fit_time_sec,predict_time_sec
rf,0.9421738457984669,0.26622961383283295,0.1770917644799219,7.0482679196087545,6206,1552,63.418692111968994,0.5496819019317627
