Model,R2,MAE,RMSE,MAPE_percent,n_train,n_test,fit_time_sec,predict_time_sec
rf,0.9908623668557623,0.0010459723235133908,2.3967999258781276e-06,10.883636408790878,8145,2036,49.99476766586304,0.4149942398071289
