Model,R2,MAE,RMSE,MAPE_percent,n_train,n_test,fit_time_sec,predict_time_sec
rf,0.9974516272828428,0.001973636012241799,7.954361917530332e-06,2.7931829202640386,8145,2036,50.526894330978394,0.39913058280944824
