Model,R2,MAE,RMSE,MAPE_percent,n_train,n_test,fit_time_sec,predict_time_sec
cat,0.9908960666595626,0.006347335300398788,0.0004085051732173879,2.0767480977431094,6214,1554,3.6397593021392822,0.0024263858795166016
