Model,R2,MAE,RMSE,MAPE_percent,n_train,n_test,fit_time_sec,predict_time_sec
rf,0.9984942523759607,0.00450768644913273,4.028828120404658e-05,2.102878830429318,8145,2036,50.19429087638855,0.4146251678466797
