Model,R2,MAE,RMSE,MAPE_percent,n_train,n_test,fit_time_sec,predict_time_sec
rf,0.9953160723658265,0.008842529210442695,0.00016618322094327187,3.829991234405281,8145,2036,52.45086216926575,0.39292287826538086
