Model,R2,MAE,RMSE,MAPE_percent,n_train,n_test,fit_time_sec,predict_time_sec
gbm,0.9604449372773776,0.19124755645884087,0.07986803520854113,7.617875218244221,9053,2263,22.584803342819214,0.017764806747436523
