Model,R2,MAE,RMSE,MAPE_percent,n_train,n_test,fit_time_sec,predict_time_sec
rf,0.9981610259975061,0.00026446400510129467,1.9515454115328136e-07,2.1626139429970106,8145,2036,51.33720397949219,0.4143030643463135
