Model,R2,MAE,RMSE,MAPE_percent,n_train,n_test,fit_time_sec,predict_time_sec
rf,0.9980450694808263,0.0025935407564191587,1.459478132705792e-05,3.900832568324635,8145,2036,50.57094120979309,0.4759528636932373
