Model,R2,MAE,RMSE,MAPE_percent,n_train,n_test,fit_time_sec,predict_time_sec
cat,0.9606738701188423,0.18770852188831977,0.07940578297117977,7.527667600195868,9053,2263,3.842252254486084,0.0029723644256591797
