Model,R2,MAE,RMSE,MAPE_percent,n_train,n_test,fit_time_sec,predict_time_sec
gbm,0.9276046151704869,0.020511632413176984,0.009956510522670553,87614179.01353851,9053,2263,23.101405382156372,0.01675128936767578
