Model,R2,MAE,RMSE,MAPE_percent,n_train,n_test,fit_time_sec,predict_time_sec
gbm,0.9577169826951338,0.14911999692816114,0.0539304616399438,6.212917933884389,6208,1552,15.761455059051514,0.012745380401611328
