Model,R2,MAE,RMSE,MAPE_percent,n_train,n_test,fit_time_sec,predict_time_sec
gbm,0.9899803546491693,0.006323783622289537,7.64321102121243e-05,11.82192183535361,8145,2036,19.503911018371582,0.015364646911621094
