Model,R2,MAE,RMSE,MAPE_percent,n_train,n_test,fit_time_sec,predict_time_sec
gbm,0.9895272706743038,0.006880109358038223,8.945240059829952e-05,2.6268269267567446,5044,2716,12.446690320968628,0.017304182052612305
