Model,R2,MAE,RMSE,MAPE_percent,n_train,n_test,fit_time_sec,predict_time_sec
cat,0.9198094897877963,0.10141169226651395,0.03171367279737544,9.069684417417603,6208,1552,3.549078941345215,0.002311229705810547
