Model,R2,MAE,RMSE,MAPE_percent,n_train,n_test,fit_time_sec,predict_time_sec
gbm,0.9823464425380006,0.016405693039710307,0.0010767679724773722,2.7899875697266574,6206,1552,15.453691244125366,0.011586189270019531
