Model,R2,MAE,RMSE,MAPE_percent,n_train,n_test,fit_time_sec,predict_time_sec
rf,0.9761076275619888,0.0007130368575694781,1.1117815524137364e-05,4.066859947029349,8145,2036,52.602981090545654,0.4015061855316162
