Model,R2,MAE,RMSE,MAPE_percent,n_train,n_test,fit_time_sec,predict_time_sec
rf,0.9921782603329322,0.009021522495486085,0.0008048186692492905,2.589881419715294,9053,2263,56.74979519844055,0.4775092601776123
