Model,R2,MAE,RMSE,MAPE_percent,n_train,n_test,fit_time_sec,predict_time_sec
rf,0.845545228554104,0.025748533789077058,0.018859541614308452,4046247.4066280536,4526,6790,25.79292345046997,0.7010242938995361
