Model,R2,MAE,RMSE,MAPE_percent,n_train,n_test,fit_time_sec,predict_time_sec
cat,0.9459218051919455,0.0010844772084018458,1.927575959777583e-05,8.223177455798991,2036,8145,4.27477765083313,0.008193016052246094
