Model,R2,MAE,RMSE,MAPE_percent,n_train,n_test,fit_time_sec,predict_time_sec
cat,0.9807086248469068,0.013393649826897157,0.00031119700948309127,6.628381905984071,7127,3054,4.5413994789123535,0.0041501522064208984
