Model,R2,MAE,RMSE,MAPE_percent,n_train,n_test,fit_time_sec,predict_time_sec
gbm,0.9287704720839148,0.003312491856389606,0.0005925735694856486,4.028608379420244,8145,2036,20.215063333511353,0.014369487762451172
