Model,R2,MAE,RMSE,MAPE_percent,n_train,n_test,fit_time_sec,predict_time_sec
rf,0.9905541716463866,0.0009461277840070084,2.972216865732846e-06,7.147988040220847,5600,4581,33.7641396522522,0.5714976787567139
