Model,R2,MAE,RMSE,MAPE_percent,n_train,n_test,fit_time_sec,predict_time_sec
gbm,0.8971842183377975,0.08279685819927435,0.060265601288530174,5.968511996794977,9059,2265,22.724011659622192,0.018114328384399414
