Model,R2,MAE,RMSE,MAPE_percent,n_train,n_test,fit_time_sec,predict_time_sec
gbm,0.9606804452394576,0.13678054270716739,0.03824362989885327,5.662475559802277,6208,1552,15.446364164352417,0.012089014053344727
