Model,R2,MAE,RMSE,MAPE_percent,n_train,n_test,fit_time_sec,predict_time_sec
cat,0.47880485408904283,0.37891335303376883,0.34518737973753594,4839440603.519961,3395,7921,4.161223888397217,0.009359359741210938
