Model,R2,MAE,RMSE,MAPE_percent,n_train,n_test,fit_time_sec,predict_time_sec
gbm,0.9574016749067576,0.18586018799431284,0.09418641427313569,146514291.9548257,9059,2265,22.89194130897522,0.017869234085083008
