Model,R2,MAE,RMSE,MAPE_percent,n_train,n_test,fit_time_sec,predict_time_sec
gbm,0.3917698167795256,0.3034289735581153,0.22505780064177447,37.76560422798724,6208,1552,13.739296436309814,0.011766433715820312
