Model,R2,MAE,RMSE,MAPE_percent,n_train,n_test,fit_time_sec,predict_time_sec
gbm,0.9953896174491514,0.00407486302583733,3.052841396407584e-05,7.525956725035169,8145,2036,31.46924376487732,0.016672134399414062
