Model,R2,MAE,RMSE,MAPE_percent,n_train,n_test,fit_time_sec,predict_time_sec
cat,0.9842603524169806,0.017260456859532636,0.0010185921453116787,11.308370164003009,8145,2036,3.8892884254455566,0.0030918121337890625
