Model,R2,MAE,RMSE,MAPE_percent,n_train,n_test,fit_time_sec,predict_time_sec
cat,0.9925793416605927,0.013814601085984179,0.0004878526478981712,7.554232823027193,6618,3563,4.425673007965088,0.004828453063964844
