Model,R2,MAE,RMSE,MAPE_percent,n_train,n_test,fit_time_sec,predict_time_sec
cat,0.9479013293669911,0.25695337214813346,0.13643370822459336,6.779358401343245,6206,1552,3.449155569076538,0.0022945404052734375
