Model,R2,MAE,RMSE,MAPE_percent,n_train,n_test,fit_time_sec,predict_time_sec
cat,0.9411486028669016,0.209620284291388,0.10805206768850681,7.114105163943303,1189,6736,3.987872838973999,0.006522178649902344
