Model,R2,MAE,RMSE,MAPE_percent,n_train,n_test,fit_time_sec,predict_time_sec
cat,0.9289507344373116,0.14535284070235877,0.07947426911326436,7.076223840097389,6206,1552,3.4166653156280518,0.002338409423828125
