Model,R2,MAE,RMSE,MAPE_percent,n_train,n_test,fit_time_sec,predict_time_sec
cat,0.882655176841988,0.0046839690994611065,0.000305808742654739,7.304132774940668,8151,2038,3.6578845977783203,0.0026667118072509766
