Model,R2,MAE,RMSE,MAPE_percent,n_train,n_test,fit_time_sec,predict_time_sec
cat,0.9444089926733172,0.28504698177441573,0.2003990157829076,7.748409692360955,6213,1553,3.4681262969970703,0.002415895462036133
