Model,R2,MAE,RMSE,MAPE_percent,n_train,n_test,fit_time_sec,predict_time_sec
rf,0.9990777646047055,0.001197948733972174,3.0150661545193277e-06,1.606842077613962,8151,2038,54.190244913101196,0.38890981674194336
