Model,R2,MAE,RMSE,MAPE_percent,n_train,n_test,fit_time_sec,predict_time_sec
rf,0.8595058178126468,0.12230662725618786,0.10014357952263865,5.925903312687203,6213,1553,36.317623138427734,0.28450632095336914
