Model,R2,MAE,RMSE,MAPE_percent,n_train,n_test,fit_time_sec,predict_time_sec
gbm,0.9729440385605551,0.001239897385951048,3.14716721009413e-06,9.925795633305015,8145,2036,19.47947406768799,0.015294551849365234
