Model,R2,MAE,RMSE,MAPE_percent,n_train,n_test,fit_time_sec,predict_time_sec
cat,0.8658713573976833,0.021099798714190682,0.016433425514508854,4.244192935741648,2774,5151,4.603389024734497,0.005871772766113281
