Model,R2,MAE,RMSE,MAPE_percent,n_train,n_test,fit_time_sec,predict_time_sec
gbm,0.9972638108357115,0.008512276822687636,0.00017854265603086495,3.9594834277754343,8145,2036,40.737205505371094,0.027654647827148438
