Model,R2,MAE,RMSE,MAPE_percent,n_train,n_test,fit_time_sec,predict_time_sec
rf,0.9939958823325457,0.01228303677988027,0.0003576924373248762,7.602196816062759,8145,2036,54.5897912979126,0.4313235282897949
