Model,R2,MAE,RMSE,MAPE_percent,n_train,n_test,fit_time_sec,predict_time_sec
cat,0.10264091401190878,0.04191843929455787,0.5925916471735481,7.6530645715928225,8151,2038,3.7781176567077637,0.0022242069244384766
