Model,R2,MAE,RMSE,MAPE_percent,n_train,n_test,fit_time_sec,predict_time_sec
gbm,0.9900905090757679,0.004206861913311428,7.435357040203539e-05,7.520950538033087,8145,2036,20.05697536468506,0.014848470687866211
