Model,R2,MAE,RMSE,MAPE_percent,n_train,n_test,fit_time_sec,predict_time_sec
cat,0.9606450019731774,0.18362597399181915,0.07990812386949685,6.434054400547466,3962,3963,4.632491111755371,0.005152702331542969
