Model,R2,MAE,RMSE,MAPE_percent,n_train,n_test,fit_time_sec,predict_time_sec
gbm,0.9578784603318031,0.040151913963835606,0.009300261240665084,4.277072845686669,7056,1764,18.509366035461426,0.013727664947509766
