Model,R2,MAE,RMSE,MAPE_percent,n_train,n_test,fit_time_sec,predict_time_sec
gbm,0.9030139421897261,0.012713040398898524,0.005964258167530922,3.2485011549465392,3104,4656,7.544188737869263,0.03059530258178711
