Model,R2,MAE,RMSE,MAPE_percent,n_train,n_test,fit_time_sec,predict_time_sec
gbm,0.7492014034036895,0.014495389488643047,0.013946953755290873,3.3315859434252526,6208,1552,16.278435707092285,0.012656927108764648
