Model,R2,MAE,RMSE,MAPE_percent,n_train,n_test,fit_time_sec,predict_time_sec
cat,0.9653308237078496,0.16178253090422706,0.05578150337938217,5.318895429869544,6340,1585,4.441409111022949,0.0027875900268554688
