Model,R2,MAE,RMSE,MAPE_percent,n_train,n_test,fit_time_sec,predict_time_sec
rf,0.8727214706337169,0.000421597400703117,5.03376028546749e-05,1.9668903513767484,8145,2036,54.019835472106934,0.42600131034851074
