Model,R2,MAE,RMSE,MAPE_percent,n_train,n_test,fit_time_sec,predict_time_sec
rf,0.9989393608001306,0.0002634341607941584,1.33895432802091e-07,1.8141367846550502,8145,2036,49.90040159225464,0.4234781265258789
