Model,R2,MAE,RMSE,MAPE_percent,n_train,n_test,fit_time_sec,predict_time_sec
cat,0.906876009120827,0.0052458642670007395,0.0009347386614769904,7.5216303050583315,6109,4072,4.917144536972046,0.0049397945404052734
