Model,R2,MAE,RMSE,MAPE_percent,n_train,n_test,fit_time_sec,predict_time_sec
gbm,0.9540566376078654,0.01907735769928553,0.0053580505692808434,77336254.36534469,5092,6224,12.503199100494385,0.041222572326660156
