Model,R2,MAE,RMSE,MAPE_percent,n_train,n_test,fit_time_sec,predict_time_sec
cat,0.956718699344335,0.19125655812936287,0.07419433621645978,9.51133196817844,5658,5658,4.696396827697754,0.007288694381713867
