Model,R2,MAE,RMSE,MAPE_percent,n_train,n_test,fit_time_sec,predict_time_sec
cat,0.9580654090429531,0.08334144818109845,0.017677381376062826,1007696496.9561381,3395,7921,4.434204816818237,0.008534669876098633
