Model,R2,MAE,RMSE,MAPE_percent,n_train,n_test,fit_time_sec,predict_time_sec
cat,0.9330292201995357,0.0010962057868922931,2.4762851533489975e-05,7.666976508921063,2545,7636,4.369133949279785,0.008422613143920898
