Model,R2,MAE,RMSE,MAPE_percent,n_train,n_test,fit_time_sec,predict_time_sec
rf,0.9114230711079484,0.0010972774206701686,2.7888766719373017e-05,8.346463873597052,1018,9163,4.961829423904419,0.6260967254638672
