Model,R2,MAE,RMSE,MAPE_percent,n_train,n_test,fit_time_sec,predict_time_sec
gbm,0.9733101173163703,0.015362921246003105,0.003880742089909821,7.0657016421771095,8151,2038,19.89042019844055,0.014499187469482422
