Model,R2,MAE,RMSE,MAPE_percent,n_train,n_test,fit_time_sec,predict_time_sec
cat,0.9605122884982712,0.07119454063070309,0.012239875684753513,4.943717681562966,3566,4359,4.51877236366272,0.005378246307373047
