Model,R2,MAE,RMSE,MAPE_percent,n_train,n_test,fit_time_sec,predict_time_sec
rf,0.9768535222775624,0.006849161301867751,9.970045018208756e-05,9.58284934754027,8145,2036,54.14838194847107,0.4081916809082031
