Model,R2,MAE,RMSE,MAPE_percent,n_train,n_test,fit_time_sec,predict_time_sec
cat,0.9793161452438275,0.03879652515175279,0.00300402343273261,4.351421880921209,5733,3087,4.562478065490723,0.004010200500488281
