Model,R2,MAE,RMSE,MAPE_percent,n_train,n_test,fit_time_sec,predict_time_sec
rf,0.8909626059073285,0.09156282366782605,0.022427512509274238,8.137410896362887,6208,1552,39.80377411842346,0.3081474304199219
