Model,R2,MAE,RMSE,MAPE_percent,n_train,n_test,fit_time_sec,predict_time_sec
gbm,0.986470519607124,0.006420873038606429,0.00010195238470205793,11.600873904544056,8145,2036,18.263805627822876,0.015247344970703125
