Model,R2,MAE,RMSE,MAPE_percent,n_train,n_test,fit_time_sec,predict_time_sec
gbm,0.977787271390633,0.0009226069689351109,1.4603129130838312e-06,6.687592231921763,8145,2036,19.756857872009277,0.014207601547241211
