Model,R2,MAE,RMSE,MAPE_percent,n_train,n_test,fit_time_sec,predict_time_sec
cat,0.8459471231385226,0.024659189408249203,0.017970592456020913,12.623419025232641,8145,2036,3.3017845153808594,0.0026123523712158203
