Model,R2,MAE,RMSE,MAPE_percent,n_train,n_test,fit_time_sec,predict_time_sec
rf,0.9626754662335195,0.17639946961233927,0.08612915477973654,10201416.169809544,9053,2263,94.19630670547485,0.8675084114074707
