Model,R2,MAE,RMSE,MAPE_percent,n_train,n_test,fit_time_sec,predict_time_sec
gbm,0.936124200582142,0.035058883932685976,0.018301501192479322,4.0301610398596495,6213,1553,15.486340522766113,0.012263298034667969
