Model,R2,MAE,RMSE,MAPE_percent,n_train,n_test,fit_time_sec,predict_time_sec
cat,0.9345957605226791,0.2240252156313561,0.129914686100974,8.041788925622903,792,7133,3.6083436012268066,0.007300376892089844
