Model,R2,MAE,RMSE,MAPE_percent,n_train,n_test,fit_time_sec,predict_time_sec
cat,0.955151238174858,0.18625461891376782,0.08989370824225994,6.466846796047985,5151,2774,4.4180943965911865,0.004656076431274414
