Model,R2,MAE,RMSE,MAPE_percent,n_train,n_test,fit_time_sec,predict_time_sec
cat,0.9175714122383171,0.018127221718321748,0.006238728213692592,8.666964937331826,1018,9163,4.070985317230225,0.010930061340332031
