Model,R2,MAE,RMSE,MAPE_percent,n_train,n_test,fit_time_sec,predict_time_sec
rf,0.9431610812708399,0.03393527042262081,0.012548856588797825,4.15759870015064,3879,3879,21.96208095550537,0.4279055595397949
