Model,R2,MAE,RMSE,MAPE_percent,n_train,n_test,fit_time_sec,predict_time_sec
rf,0.9971547005323824,0.006228797860085831,8.100644199662045e-05,2.812509757265934,8151,2038,56.50280952453613,0.3752748966217041
