Model,R2,MAE,RMSE,MAPE_percent,n_train,n_test,fit_time_sec,predict_time_sec
gbm,0.998045048595419,0.004450428891832181,6.758197562397774e-05,1.7815188039853675,8145,2036,20.470757961273193,0.013909339904785156
