Model,R2,MAE,RMSE,MAPE_percent,n_train,n_test,fit_time_sec,predict_time_sec
gbm,0.9421416631578631,0.005895062089276738,0.004147601383985332,1.8556273036446038,8145,2036,21.581430196762085,0.014259099960327148
