Model,R2,MAE,RMSE,MAPE_percent,n_train,n_test,fit_time_sec,predict_time_sec
gbm,0.9818485470167881,0.03428343780888623,0.0025732516085265073,3.787786768827862,7062,1765,18.05169653892517,0.013022422790527344
