Model,R2,MAE,RMSE,MAPE_percent,n_train,n_test,fit_time_sec,predict_time_sec
gbm,0.956921572481952,0.02814000207928157,0.011000510142913674,3.218576008627331,6206,1552,15.515871286392212,0.01228022575378418
