Model,R2,MAE,RMSE,MAPE_percent,n_train,n_test,fit_time_sec,predict_time_sec
gbm,0.8869730858930521,0.28286334109399197,0.14080748551093888,10.800255810756857,6208,1552,15.469131231307983,0.011739015579223633
