Model,R2,MAE,RMSE,MAPE_percent,n_train,n_test,fit_time_sec,predict_time_sec
gbm,0.06727484839825837,0.027963490299564884,0.11773080058203116,8.20379319331958,8151,2038,20.037538528442383,0.01381063461303711
