Model,R2,MAE,RMSE,MAPE_percent,n_train,n_test,fit_time_sec,predict_time_sec
gbm,0.9351391639284178,0.3007029560304691,0.22261921773337748,7.790085632323541,6206,1552,15.805666208267212,0.012763500213623047
