Model,R2,MAE,RMSE,MAPE_percent,n_train,n_test,fit_time_sec,predict_time_sec
rf,0.9979421757178907,0.00029169918618950335,7.309862830122645e-07,1.7567457878367703,8151,2038,54.65886735916138,0.3934504985809326
