Model,R2,MAE,RMSE,MAPE_percent,n_train,n_test,fit_time_sec,predict_time_sec
cat,0.8961992418569105,0.023334037897058513,0.012232047128731044,431014699.9643452,1697,9619,4.433237075805664,0.013518571853637695
