Model,R2,MAE,RMSE,MAPE_percent,n_train,n_test,fit_time_sec,predict_time_sec
gbm,0.9485175138814249,0.2559517141975699,0.13601329556713396,6.606063448341713,6206,1552,15.39345407485962,0.0124359130859375
