Model,R2,MAE,RMSE,MAPE_percent,n_train,n_test,fit_time_sec,predict_time_sec
gbm,0.9971693431095098,0.006896014821480966,9.78646350416059e-05,2.9410361572173063,8145,2036,20.38936495780945,0.013699769973754883
