Model,R2,MAE,RMSE,MAPE_percent,n_train,n_test,fit_time_sec,predict_time_sec
rf,0.9273011171451024,0.01242282449970784,0.003938667259900768,3.338623174111161,3880,3880,22.413514614105225,0.4309275150299072
