Model,R2,MAE,RMSE,MAPE_percent,n_train,n_test,fit_time_sec,predict_time_sec
gbm,0.9983012468119709,0.0014529165356223482,6.51805442465001e-06,1.8525930190903694,8145,2036,20.412866830825806,0.013745546340942383
