Model,R2,MAE,RMSE,MAPE_percent,n_train,n_test,fit_time_sec,predict_time_sec
gbm,0.9981575401939168,0.000507176917224988,6.70165757032496e-07,3.29448818388186,8145,2036,20.99486231803894,0.014294147491455078
