Model,R2,MAE,RMSE,MAPE_percent,n_train,n_test,fit_time_sec,predict_time_sec
gbm,0.46036222231269,0.4711351709685773,0.5477764108497712,30.918667912035826,6206,1552,13.759570837020874,0.011978626251220703
