Model,R2,MAE,RMSE,MAPE_percent,n_train,n_test,fit_time_sec,predict_time_sec
cat,0.8687797591810855,0.10559895353500355,0.057319212259143396,8.915889420913773,351,6664,3.535287380218506,0.007130146026611328
