Model,R2,MAE,RMSE,MAPE_percent,n_train,n_test,fit_time_sec,predict_time_sec
rf,0.974033719629904,0.015008007420270092,0.0013469436477029995,1344822.1366258804,2263,9053,11.628746032714844,0.7113783359527588
