Model,R2,MAE,RMSE,MAPE_percent,n_train,n_test,fit_time_sec,predict_time_sec
cat,0.9832065234176501,0.01579851021956452,0.0006659960251039849,333922872.3911738,3395,7921,4.557913541793823,0.007756471633911133
