Model,R2,MAE,RMSE,MAPE_percent,n_train,n_test,fit_time_sec,predict_time_sec
gbm,0.9623373179700421,0.18611711459706226,0.08584526926025347,613.8428751737443,9053,2263,46.006184577941895,0.017921924591064453
