Model,R2,MAE,RMSE,MAPE_percent,n_train,n_test,fit_time_sec,predict_time_sec
cat,0.9718709796322819,0.017009633872317534,0.0034146594576289742,398225927.57395905,9053,2263,7.314305067062378,0.01358485221862793
