Model,R2,MAE,RMSE,MAPE_percent,n_train,n_test,fit_time_sec,predict_time_sec
cat,0.9264534175667186,0.012578636508557051,0.0047495213244510325,3.7704269363379095,5820,1940,3.4710025787353516,0.0025818347930908203
