Model,R2,MAE,RMSE,MAPE_percent,n_train,n_test,fit_time_sec,predict_time_sec
gbm,0.9841428111640653,0.000938919673708796,1.568453116175854e-06,7.016226123638577,5600,4581,13.263495922088623,0.029164552688598633
