Model,R2,MAE,RMSE,MAPE_percent,n_train,n_test,fit_time_sec,predict_time_sec
rf,0.9597479530321891,0.12871414703013534,0.05115347682551524,5.229569384416313,6208,1552,36.72484874725342,0.2874734401702881
