Model,R2,MAE,RMSE,MAPE_percent,n_train,n_test,fit_time_sec,predict_time_sec
cat,0.8703843579529438,0.0038728816261248324,0.0017399720425278467,3.6428171036648425,8145,2036,4.92083477973938,0.0032155513763427734
