Model,R2,MAE,RMSE,MAPE_percent,n_train,n_test,fit_time_sec,predict_time_sec
rf,0.9962222773308106,0.0004267069423710083,3.7791190875099054e-07,3.501518019242932,8145,2036,51.55847716331482,0.39566874504089355
