Model,R2,MAE,RMSE,MAPE_percent,n_train,n_test,fit_time_sec,predict_time_sec
cat,0.955653817449069,0.19022419442820382,0.07900785879364196,6.671062018236372,2378,5547,4.260094881057739,0.006140470504760742
