Model,R2,MAE,RMSE,MAPE_percent,n_train,n_test,fit_time_sec,predict_time_sec
cat,0.9078600710434283,0.26566229081020887,0.18733814213873384,10.08596833086426,396,7529,3.5470216274261475,0.008591890335083008
