Model,R2,MAE,RMSE,MAPE_percent,n_train,n_test,fit_time_sec,predict_time_sec
cat,0.9656864546135864,0.06817630701952482,0.011541769950290305,4.730128771452626,5151,2774,4.620537519454956,0.004504203796386719
