Model,R2,MAE,RMSE,MAPE_percent,n_train,n_test,fit_time_sec,predict_time_sec
gbm,0.9104894564541697,0.3091740328885054,0.17650408392050837,11.553086473103209,6208,1552,14.771600484848022,0.012586593627929688
