Model,R2,MAE,RMSE,MAPE_percent,n_train,n_test,fit_time_sec,predict_time_sec
gbm,0.9486411511875856,0.2641017210971843,0.14854006818531398,6.743390702052403,6206,1552,15.379624843597412,0.012542724609375
