Model,R2,MAE,RMSE,MAPE_percent,n_train,n_test,fit_time_sec,predict_time_sec
gbm,0.974532943331802,0.013739304512230079,0.001765537710448091,3.1063195859749504,9053,2263,22.884183883666992,0.01651787757873535
