Model,R2,MAE,RMSE,MAPE_percent,n_train,n_test,fit_time_sec,predict_time_sec
gbm,0.9053574122196573,0.0009494881230899539,3.3163938877602305e-05,7.806292904171415,6109,4072,15.024200916290283,0.027615070343017578
