Model,R2,MAE,RMSE,MAPE_percent,n_train,n_test,fit_time_sec,predict_time_sec
cat,0.9318722565001931,0.005562274590787081,0.0006923871028244968,7.475311705263145,4072,6109,4.429663896560669,0.006637096405029297
