Model,R2,MAE,RMSE,MAPE_percent,n_train,n_test,fit_time_sec,predict_time_sec
gbm,0.9992138541135938,0.00023131283854920746,1.0669007213962489e-07,1.5847843999232603,8151,2038,21.160175561904907,0.012431859970092773
