Model,R2,MAE,RMSE,MAPE_percent,n_train,n_test,fit_time_sec,predict_time_sec
gbm,0.9950198757423907,0.004401648521123553,0.00015669230897604806,1.3646694902603222,6208,1552,31.23376178741455,0.012373924255371094
