Model,R2,MAE,RMSE,MAPE_percent,n_train,n_test,fit_time_sec,predict_time_sec
cat,0.996298661318801,0.007078384183002046,9.825205662101345e-05,3.4117214226312207,8145,2036,3.784592628479004,0.0027587413787841797
