Model,R2,MAE,RMSE,MAPE_percent,n_train,n_test,fit_time_sec,predict_time_sec
cat,0.9530068596403614,0.08882035673035739,0.0304210712978738,836212568.1221709,3395,7921,4.688895225524902,0.00865030288696289
