Model,R2,MAE,RMSE,MAPE_percent,n_train,n_test,fit_time_sec,predict_time_sec
cat,0.9549247767330801,0.06772065167384436,0.014714593426200646,4.645644548643524,5944,1981,4.797317743301392,0.0034530162811279297
