Model,R2,MAE,RMSE,MAPE_percent,n_train,n_test,fit_time_sec,predict_time_sec
cat,0.9542937493773515,0.08064876148610033,0.026621848501282984,5.447217939950468,5944,1981,4.851250886917114,0.0032951831817626953
