Model,R2,MAE,RMSE,MAPE_percent,n_train,n_test,fit_time_sec,predict_time_sec
gbm,0.9977582588799133,0.006427756262758655,0.0001335506546518353,3.35915617701307,8145,2036,20.255093574523926,0.014230966567993164
