Model,R2,MAE,RMSE,MAPE_percent,n_train,n_test,fit_time_sec,predict_time_sec
cat,0.9891410846324453,0.014971246593141628,0.0004513942158610651,7.792061334703618,2036,8145,4.3061017990112305,0.008693456649780273
