Model,R2,MAE,RMSE,MAPE_percent,n_train,n_test,fit_time_sec,predict_time_sec
cat,0.9534603472552678,0.08153656346510306,0.02899538922249614,5.439480331305266,3962,3963,4.583871841430664,0.005552053451538086
