Model,R2,MAE,RMSE,MAPE_percent,n_train,n_test,fit_time_sec,predict_time_sec
rf,0.8995879842153538,0.02378850209975537,0.011911025635777766,5230763.743128164,2263,9053,11.5837721824646,0.7465567588806152
