Model,R2,MAE,RMSE,MAPE_percent,n_train,n_test,fit_time_sec,predict_time_sec
gbm,0.9421939192070408,0.03419909329233578,0.013378608049975038,4.391371935488223,2327,5431,5.696235179901123,0.037876129150390625
