Model,R2,MAE,RMSE,MAPE_percent,n_train,n_test,fit_time_sec,predict_time_sec
gbm,0.9575052937155065,0.027424780958217102,0.00816076599897472,3.387393015223821,6206,1552,16.29334592819214,0.012601375579833984
