Model,R2,MAE,RMSE,MAPE_percent,n_train,n_test,fit_time_sec,predict_time_sec
cat,0.9950781740152483,0.0005054447614815394,5.134854916191839e-07,4.146305453213027,8145,2036,3.6934897899627686,0.002688169479370117
