Model,R2,MAE,RMSE,MAPE_percent,n_train,n_test,fit_time_sec,predict_time_sec
gbm,0.9869608769650523,0.0076140505994854455,0.0007105937746781729,2.1105319580346387,6208,1552,15.524914979934692,0.012244701385498047
