Model,R2,MAE,RMSE,MAPE_percent,n_train,n_test,fit_time_sec,predict_time_sec
rf,0.9649561978540956,0.047466458242316364,0.006161909373892808,4.269026830818215,6208,1552,36.25186252593994,0.31864070892333984
