Model,R2,MAE,RMSE,MAPE_percent,n_train,n_test,fit_time_sec,predict_time_sec
gbm,0.998605827999793,0.0002817583759238336,4.95241803282862e-07,1.7474628238910697,8151,2038,20.812214851379395,0.013084173202514648
