Model,R2,MAE,RMSE,MAPE_percent,n_train,n_test,fit_time_sec,predict_time_sec
cat,0.48061538876201937,0.3136816738793621,0.21042327531046556,32.267447492058196,4974,2131,4.5753326416015625,0.0034966468811035156
