Model,R2,MAE,RMSE,MAPE_percent,n_train,n_test,fit_time_sec,predict_time_sec
gbm,-2.0362074270463193,0.036883299294014064,0.5128609888927376,5.078124365152636,8151,2038,20.606651306152344,0.01436758041381836
