Model,R2,MAE,RMSE,MAPE_percent,n_train,n_test,fit_time_sec,predict_time_sec
gbm,0.9891830889560104,0.0009640438497226226,1.694599015639804e-06,7.309929318547642,3054,7127,7.159966945648193,0.04409384727478027
