Model,R2,MAE,RMSE,MAPE_percent,n_train,n_test,fit_time_sec,predict_time_sec
cat,0.7808651486365639,0.03083528499441235,0.02471321105081151,7.522492932106095,792,7133,3.73209547996521,0.007473945617675781
