Model,R2,MAE,RMSE,MAPE_percent,n_train,n_test,fit_time_sec,predict_time_sec
gbm,0.9588995702919612,0.0026099511089841374,0.0003419232030876152,3.125239194290472,8145,2036,20.510673999786377,0.014305353164672852
