Model,R2,MAE,RMSE,MAPE_percent,n_train,n_test,fit_time_sec,predict_time_sec
rf,0.9985047246385602,0.0034392872239646026,3.241187362460914e-05,1.8224173853701102,8145,2036,51.14718580245972,0.4020826816558838
