Model,R2,MAE,RMSE,MAPE_percent,n_train,n_test,fit_time_sec,predict_time_sec
cat,0.9791236446048601,0.0008914104769426757,1.364679851279783e-06,6.629872958251627,8145,2036,4.968370676040649,0.0033271312713623047
