Model,R2,MAE,RMSE,MAPE_percent,n_train,n_test,fit_time_sec,predict_time_sec
gbm,0.9772148151228165,0.001023184110567165,1.8478121192670595e-06,6.4945861792359105,8145,2036,19.683053731918335,0.013916015625
