Model,R2,MAE,RMSE,MAPE_percent,n_train,n_test,fit_time_sec,predict_time_sec
cat,0.9886923735002396,0.0054278730627070814,6.162866614784099e-05,8.345075302699897,1527,8654,4.155996799468994,0.008382320404052734
