Model,R2,MAE,RMSE,MAPE_percent,n_train,n_test,fit_time_sec,predict_time_sec
rf,0.9840485400344251,0.0160907212339867,0.0010322995951140225,10.386957725512195,8145,2036,49.91827630996704,0.40973520278930664
