Model,R2,MAE,RMSE,MAPE_percent,n_train,n_test,fit_time_sec,predict_time_sec
gbm,0.9356335276169053,0.0005996338128696705,2.720968629876139e-05,3.2112782844745635,8151,2038,20.499943733215332,0.01300954818725586
