Model,R2,MAE,RMSE,MAPE_percent,n_train,n_test,fit_time_sec,predict_time_sec
cat,0.886859971664692,0.019401431982936097,0.014583055808485972,3.8191518649923863,6340,1585,4.577668905258179,0.0032258033752441406
