Model,R2,MAE,RMSE,MAPE_percent,n_train,n_test,fit_time_sec,predict_time_sec
rf,0.9958154232705109,0.0005382825809256876,5.440831897659026e-07,3.8495225523543106,8145,2036,50.81917405128479,0.4001460075378418
