Model,R2,MAE,RMSE,MAPE_percent,n_train,n_test,fit_time_sec,predict_time_sec
rf,0.9844615691011207,0.015390878491019184,0.0009628188856876946,2.529609211397057,6206,1552,37.06408762931824,0.2747063636779785
