Model,R2,MAE,RMSE,MAPE_percent,n_train,n_test,fit_time_sec,predict_time_sec
cat,0.9573323480195518,0.1832158549410473,0.06613634558029552,6.096603881006328,3566,4359,4.517995357513428,0.005391597747802734
