Model,R2,MAE,RMSE,MAPE_percent,n_train,n_test,fit_time_sec,predict_time_sec
cat,0.9484364179150976,0.19764344864341363,0.09564368018327289,6.766173344956009,2378,5547,4.383429765701294,0.007123470306396484
