Model,R2,MAE,RMSE,MAPE_percent,n_train,n_test,fit_time_sec,predict_time_sec
gbm,0.9512925783452905,0.016556848246151584,0.004137687980011354,7.231960521636929,8145,2036,19.849621295928955,0.014716863632202148
