Model,R2,MAE,RMSE,MAPE_percent,n_train,n_test,fit_time_sec,predict_time_sec
cat,0.9110885763069382,0.2780729970054364,0.14541674689216552,11.449828866091721,6208,1552,3.56813645362854,0.0024094581604003906
