Model,R2,MAE,RMSE,MAPE_percent,n_train,n_test,fit_time_sec,predict_time_sec
gbm,0.9945665072964517,0.010377206932494748,0.0003414553936671337,1.7283954267711878,6206,1552,15.4232759475708,0.012231826782226562
