Model,R2,MAE,RMSE,MAPE_percent,n_train,n_test,fit_time_sec,predict_time_sec
cat,0.9360969584995211,0.22493523715553787,0.12244154456289474,7.8135088573590545,792,7133,3.7912027835845947,0.007684946060180664
