Model,R2,MAE,RMSE,MAPE_percent,n_train,n_test,fit_time_sec,predict_time_sec
gbm,0.9792722198044257,0.05689830618448035,0.008744275665025912,4.656585399680069,9053,2263,22.765413999557495,0.01761651039123535
