Model,R2,MAE,RMSE,MAPE_percent,n_train,n_test,fit_time_sec,predict_time_sec
gbm,0.9954464605269984,0.0008270366868926307,1.322304583270424e-06,7.351562250987544,8145,2036,36.26557898521423,0.02765369415283203
