Model,R2,MAE,RMSE,MAPE_percent,n_train,n_test,fit_time_sec,predict_time_sec
cat,0.8590607561708795,0.08185774201427962,0.06549953599165427,6.101689095544394,2455,4560,4.439011096954346,0.0059490203857421875
