Model,R2,MAE,RMSE,MAPE_percent,n_train,n_test,fit_time_sec,predict_time_sec
cat,0.9281046750891712,0.038893560826367364,0.015601057110557748,6.814550853862072,1164,6594,3.01786732673645,0.007982969284057617
