Model,R2,MAE,RMSE,MAPE_percent,n_train,n_test,fit_time_sec,predict_time_sec
cat,0.9790965550503719,0.01960088148034083,0.00149847302800446,12.337969690516074,8145,2036,3.270848512649536,0.0025496482849121094
