Model,R2,MAE,RMSE,MAPE_percent,n_train,n_test,fit_time_sec,predict_time_sec
rf,0.9590308689781294,0.12792301188387403,0.041378299754850724,5.277022988488903,6208,1552,36.374393463134766,0.2818126678466797
