Model,R2,MAE,RMSE,MAPE_percent,n_train,n_test,fit_time_sec,predict_time_sec
rf,0.9906574518830193,0.008379023358968552,0.000705762510320189,3.8089488713520256,8145,2036,50.66650056838989,0.4026212692260742
