Model,R2,MAE,RMSE,MAPE_percent,n_train,n_test,fit_time_sec,predict_time_sec
gbm,0.25553659575081433,0.14830128995126302,0.09595676730225182,54.427067867251736,6340,1585,14.156106233596802,0.011805534362792969
