Model,R2,MAE,RMSE,MAPE_percent,n_train,n_test,fit_time_sec,predict_time_sec
cat,0.9895253388619553,0.015885519008384003,0.000588241141948111,8.59376484613168,1527,8654,4.062958240509033,0.009252071380615234
