Model,R2,MAE,RMSE,MAPE_percent,n_train,n_test,fit_time_sec,predict_time_sec
cat,0.9634531147045488,0.1834071184814291,0.08539984264385156,1219827236.7578013,8487,2829,4.935200214385986,0.004000663757324219
