Model,R2,MAE,RMSE,MAPE_percent,n_train,n_test,fit_time_sec,predict_time_sec
cat,0.9528302676331933,0.20987537274065257,0.10913109342579644,2449429218.087347,1697,9619,4.5105977058410645,0.009915351867675781
