Model,R2,MAE,RMSE,MAPE_percent,n_train,n_test,fit_time_sec,predict_time_sec
gbm,0.9916912927302922,0.0027378627508413958,5.727053965220362e-05,4.261663176970963,8145,2036,21.142102241516113,0.014946222305297852
