Model,R2,MAE,RMSE,MAPE_percent,n_train,n_test,fit_time_sec,predict_time_sec
cat,0.24324174184981973,0.10552449464120815,0.042629752947370404,57.53313693464956,6208,1552,3.2215867042541504,0.0022058486938476562
