Model,R2,MAE,RMSE,MAPE_percent,n_train,n_test,fit_time_sec,predict_time_sec
rf,0.9981962813658201,0.001173235874398534,4.515855296224861e-06,1.9236057218565208,8145,2036,51.16162586212158,0.4429454803466797
