Model,R2,MAE,RMSE,MAPE_percent,n_train,n_test,fit_time_sec,predict_time_sec
cat,0.9887892363488177,0.012038859091072317,0.0002567621502733902,7.061435581983767,8145,2036,3.6061105728149414,0.0026967525482177734
