Model,R2,MAE,RMSE,MAPE_percent,n_train,n_test,fit_time_sec,predict_time_sec
cat,0.965553793750137,0.017033919173647046,0.0034862335513802076,219114888.2084661,9059,2265,3.886134624481201,0.0028908252716064453
