Model,R2,MAE,RMSE,MAPE_percent,n_train,n_test,fit_time_sec,predict_time_sec
rf,0.9281631456576213,0.035398540642021824,0.01683007394120722,4.092124502912937,3103,4655,16.787538290023804,0.4520750045776367
