Model,R2,MAE,RMSE,MAPE_percent,n_train,n_test,fit_time_sec,predict_time_sec
rf,0.9552300513335852,0.24324362814162578,0.14363159231759154,6.698243609548185,6206,1552,36.5828378200531,0.2864093780517578
