Model,R2,MAE,RMSE,MAPE_percent,n_train,n_test,fit_time_sec,predict_time_sec
cat,0.9907530999243646,0.004766846850167294,4.7985336863980194e-05,7.476915393108863,3563,6618,4.49622917175293,0.0077555179595947266
