Model,R2,MAE,RMSE,MAPE_percent,n_train,n_test,fit_time_sec,predict_time_sec
cat,0.9888861496990463,0.0069544817712172,0.0009441198741312381,2.833469132993595,8145,2036,3.536226272583008,0.0026373863220214844
