Model,R2,MAE,RMSE,MAPE_percent,n_train,n_test,fit_time_sec,predict_time_sec
cat,0.9955891120351313,0.0005730190002236463,6.898085285996081e-07,3.639617950475337,8145,2036,3.807180404663086,0.002713918685913086
