Model,R2,MAE,RMSE,MAPE_percent,n_train,n_test,fit_time_sec,predict_time_sec
gbm,0.936806894721224,0.120190890693185,0.040118968839956776,6.055228350678962,6213,1553,15.499108791351318,0.012129783630371094
