Model,R2,MAE,RMSE,MAPE_percent,n_train,n_test,fit_time_sec,predict_time_sec
gbm,0.7436629649093911,0.004884538037907238,0.0023041287938926026,5.083957666006351,8151,2038,20.39882183074951,0.012827873229980469
