Model,R2,MAE,RMSE,MAPE_percent,n_train,n_test,fit_time_sec,predict_time_sec
gbm,0.9980476554378327,0.0005477061158439624,6.200703559970552e-07,3.9133578108042055,8145,2036,33.73118352890015,0.029013633728027344
