Model,R2,MAE,RMSE,MAPE_percent,n_train,n_test,fit_time_sec,predict_time_sec
cat,0.9903727978082383,0.008182876927118402,0.000623024910953863,4.2681914223384245,8145,2036,3.572643995285034,0.0026760101318359375
