Model,R2,MAE,RMSE,MAPE_percent,n_train,n_test,fit_time_sec,predict_time_sec
cat,-0.1466597464995938,0.28534892006337415,0.43968225548941686,43.26603636326986,3087,5733,4.07902455329895,0.007959365844726562
