Model,R2,MAE,RMSE,MAPE_percent,n_train,n_test,fit_time_sec,predict_time_sec
gbm,0.9760802106706093,0.0008930750120057019,6.877522360060411e-06,7.834858002834445,8145,2036,19.903586864471436,0.014937162399291992
