Model,R2,MAE,RMSE,MAPE_percent,n_train,n_test,fit_time_sec,predict_time_sec
cat,0.9957168918653646,0.010786259455424923,0.0003551545240841287,4.733828395669099,8145,2036,33.3400993347168,0.01752495765686035
