Model,R2,MAE,RMSE,MAPE_percent,n_train,n_test,fit_time_sec,predict_time_sec
rf,0.9506192760977025,0.25064551982662575,0.15435916994672683,6.781987341989232,6206,1552,66.3867576122284,0.552140474319458
