Model,R2,MAE,RMSE,MAPE_percent,n_train,n_test,fit_time_sec,predict_time_sec
cat,0.9625106997460869,0.07256879964090504,0.01288558326540231,5.029269157332812,2774,5151,4.813389778137207,0.005584239959716797
