Model,R2,MAE,RMSE,MAPE_percent,n_train,n_test,fit_time_sec,predict_time_sec
cat,0.9903443932578723,0.009589258930537404,0.0006748661060905552,5.186217404991285,8145,2036,5.422565221786499,0.0024890899658203125
