Model,R2,MAE,RMSE,MAPE_percent,n_train,n_test,fit_time_sec,predict_time_sec
cat,0.9461190331775265,0.09422727866105476,0.02707120066952546,6.862069553472919,792,7133,3.7990269660949707,0.007514238357543945
