Model,R2,MAE,RMSE,MAPE_percent,n_train,n_test,fit_time_sec,predict_time_sec
cat,0.9204888544214387,0.013602535090390541,0.004792605110151093,4.08351513979203,1940,5820,3.099010944366455,0.00542449951171875
