Model,R2,MAE,RMSE,MAPE_percent,n_train,n_test,fit_time_sec,predict_time_sec
gbm,0.9824973980717203,0.017056597308546622,0.0007222766607878989,3.0894595826857882,5431,2327,13.416451454162598,0.015566587448120117
