Model,R2,MAE,RMSE,MAPE_percent,n_train,n_test,fit_time_sec,predict_time_sec
rf,0.36307818923501955,0.3047294661243408,0.35228236630740206,31.36650407315289,5612,1403,36.31785798072815,0.27663183212280273
