Model,R2,MAE,RMSE,MAPE_percent,n_train,n_test,fit_time_sec,predict_time_sec
gbm,0.9119585637770636,0.001101296754705656,3.406825778204314e-05,7.679733158209057,8145,2036,20.403422594070435,0.01534271240234375
