Model,R2,MAE,RMSE,MAPE_percent,n_train,n_test,fit_time_sec,predict_time_sec
gbm,0.9476348865742196,0.12814163670186346,0.048753034970834205,6.507748952314937,6206,1552,15.412882804870605,0.01240396499633789
