Model,R2,MAE,RMSE,MAPE_percent,n_train,n_test,fit_time_sec,predict_time_sec
cat,0.9892278609283478,0.0039897865960929505,2.8516420401583618e-05,6.988503037064193,8145,2036,3.6122379302978516,0.0026695728302001953
