Model,R2,MAE,RMSE,MAPE_percent,n_train,n_test,fit_time_sec,predict_time_sec
rf,0.9612466572579426,0.1335147669984616,0.037362508052964455,5.515257769328683,6208,1552,36.834177017211914,0.2826399803161621
