Model,R2,MAE,RMSE,MAPE_percent,n_train,n_test,fit_time_sec,predict_time_sec
cat,0.9978179323660159,0.006353692122030801,0.00014238494768390955,2.946854034496311,8145,2036,3.6604480743408203,0.002652406692504883
