Model,R2,MAE,RMSE,MAPE_percent,n_train,n_test,fit_time_sec,predict_time_sec
cat,0.37273224432421004,0.14888968549092274,0.0724657187354828,676.9888226565016,9053,2263,3.360811948776245,0.002883434295654297
