Model,R2,MAE,RMSE,MAPE_percent,n_train,n_test,fit_time_sec,predict_time_sec
rf,0.9645770809792154,0.06746620126539365,0.01920596014410104,4.247633252874829,6340,1585,36.90801739692688,0.2859218120574951
