Model,R2,MAE,RMSE,MAPE_percent,n_train,n_test,fit_time_sec,predict_time_sec
cat,0.9603155293558786,0.019022808906593806,0.004100496757792561,71490978.10042171,7921,3395,3.4139461517333984,0.004065036773681641
