Model,R2,MAE,RMSE,MAPE_percent,n_train,n_test,fit_time_sec,predict_time_sec
gbm,0.9963959661013986,0.0005042223382277093,5.750403085605424e-07,3.1147857878932768,8145,2036,20.52669620513916,0.013070344924926758
