Model,R2,MAE,RMSE,MAPE_percent,n_train,n_test,fit_time_sec,predict_time_sec
cat,0.9788340319225433,0.013175574526494772,0.00029747297409339564,6.54604856950039,8145,2036,4.967005729675293,0.0030660629272460938
