Model,R2,MAE,RMSE,MAPE_percent,n_train,n_test,fit_time_sec,predict_time_sec
gbm,0.9937853182668995,0.002826738297281696,0.0004045868338552218,3.009743296683221,8151,2038,21.02105689048767,0.012918710708618164
