Model,R2,MAE,RMSE,MAPE_percent,n_train,n_test,fit_time_sec,predict_time_sec
cat,0.9950521652628572,0.007949213658577864,0.0003768431048774847,3.4944916676252102,8145,2036,3.701399087905884,0.0027382373809814453
