Model,R2,MAE,RMSE,MAPE_percent,n_train,n_test,fit_time_sec,predict_time_sec
gbm,0.932171715998301,0.019557083851342506,0.004862301613791197,11.690665166143402,8145,2036,19.53654670715332,0.015617847442626953
