Model,R2,MAE,RMSE,MAPE_percent,n_train,n_test,fit_time_sec,predict_time_sec
rf,0.9885545574329967,0.006672529492357039,8.270074920820416e-05,2.5211652540386638,6208,1552,37.99909424781799,0.26084184646606445
