Model,R2,MAE,RMSE,MAPE_percent,n_train,n_test,fit_time_sec,predict_time_sec
cat,0.8551045725254109,0.0246083542669035,0.01695678857029582,4.8425448074151145,1981,5944,4.365424394607544,0.006478071212768555
