Model,R2,MAE,RMSE,MAPE_percent,n_train,n_test,fit_time_sec,predict_time_sec
rf,0.90935111404591,0.0688302512222269,0.03504286774338394,5.914424882657693,6208,1552,36.40726685523987,0.29180455207824707
