Model,R2,MAE,RMSE,MAPE_percent,n_train,n_test,fit_time_sec,predict_time_sec
cat,0.9955301589806691,0.007482871087685336,0.00015741126031021632,2.2576635451353346,9053,2263,3.8120408058166504,0.0030531883239746094
