Model,R2,MAE,RMSE,MAPE_percent,n_train,n_test,fit_time_sec,predict_time_sec
cat,0.9781665583885983,0.0185576787178762,0.0011212104849549758,306653779.44933176,2263,9053,3.3626363277435303,0.008816719055175781
