Model,R2,MAE,RMSE,MAPE_percent,n_train,n_test,fit_time_sec,predict_time_sec
rf,0.9975874308252535,0.004616925613131304,8.126617912844515e-05,1.8729093809122206,8145,2036,51.43389916419983,0.39603734016418457
