Model,R2,MAE,RMSE,MAPE_percent,n_train,n_test,fit_time_sec,predict_time_sec
cat,0.510946939140705,0.002262521820725798,0.00037907580757691293,11.159535213656389,8151,2038,3.6785120964050293,0.0026836395263671875
