Model,R2,MAE,RMSE,MAPE_percent,n_train,n_test,fit_time_sec,predict_time_sec
gbm,0.9920386059867615,0.0045868300514507986,0.00010727897353845071,1.6384128732558956,6208,1552,15.574190139770508,0.011538267135620117
