Model,R2,MAE,RMSE,MAPE_percent,n_train,n_test,fit_time_sec,predict_time_sec
cat,0.8889553570441511,0.005744003979939694,0.0011152154492342818,7.578417262316944,4581,5600,4.705148935317993,0.006354331970214844
