Model,R2,MAE,RMSE,MAPE_percent,n_train,n_test,fit_time_sec,predict_time_sec
gbm,0.994465140250163,0.002618060629441136,1.3838100730214861e-05,4.211626117550137,8145,2036,20.456353425979614,0.013993501663208008
