Model,R2,MAE,RMSE,MAPE_percent,n_train,n_test,fit_time_sec,predict_time_sec
cat,0.7450220281324793,0.5251866215703404,0.5810663997075828,9275572507.085522,4526,6790,4.322633504867554,0.00817251205444336
