Model,R2,MAE,RMSE,MAPE_percent,n_train,n_test,fit_time_sec,predict_time_sec
gbm,0.9950194903774258,0.000573610329406201,1.3050731129469787e-05,3.1272523590632026,8151,2038,20.559927940368652,0.012984514236450195
