Model,R2,MAE,RMSE,MAPE_percent,n_train,n_test,fit_time_sec,predict_time_sec
gbm,0.9993546282761225,0.00025332704511895666,2.1168395816269267e-07,1.7652910902458363,8145,2036,23.572368144989014,0.027894258499145508
