Model,R2,MAE,RMSE,MAPE_percent,n_train,n_test,fit_time_sec,predict_time_sec
cat,0.9898517758746279,0.004709943692939014,4.547146661146588e-05,7.26640548226433,5090,5091,4.557321310043335,0.006498575210571289
