Model,R2,MAE,RMSE,MAPE_percent,n_train,n_test,fit_time_sec,predict_time_sec
cat,0.9267772414454833,0.005329043133101811,0.0007735817559631469,7.257295470080829,5090,5091,4.770138263702393,0.006573200225830078
