Model,R2,MAE,RMSE,MAPE_percent,n_train,n_test,fit_time_sec,predict_time_sec
cat,0.9959450539126905,0.00568330018903036,0.00011134917439632229,2.607775277794214,8145,2036,3.712099075317383,0.0026831626892089844
