Model,R2,MAE,RMSE,MAPE_percent,n_train,n_test,fit_time_sec,predict_time_sec
cat,0.9836772530663235,0.018127829388453007,0.0010993509966566912,3.1982429208185588,6206,1552,3.362409830093384,0.0022814273834228516
