Model,R2,MAE,RMSE,MAPE_percent,n_train,n_test,fit_time_sec,predict_time_sec
cat,0.9090704467081849,0.015702447393265883,0.008132438108390682,7.208734684886349,6109,4072,4.884056329727173,0.004935026168823242
