Model,R2,MAE,RMSE,MAPE_percent,n_train,n_test,fit_time_sec,predict_time_sec
cat,0.9305682714048638,0.1398723311018355,0.0776649250300878,6.82690992780855,6206,1552,3.5192601680755615,0.0023431777954101562
