Model,R2,MAE,RMSE,MAPE_percent,n_train,n_test,fit_time_sec,predict_time_sec
rf,0.980592252776815,0.006200700224866915,0.00015661267846975259,10.69452050964421,8145,2036,87.2415657043457,0.8073704242706299
