Model,R2,MAE,RMSE,MAPE_percent,n_train,n_test,fit_time_sec,predict_time_sec
gbm,0.900403168528976,0.014147245799857518,0.005780017956826912,3.8867666862842527,1552,6208,3.726572036743164,0.04199981689453125
