Model,R2,MAE,RMSE,MAPE_percent,n_train,n_test,fit_time_sec,predict_time_sec
rf,0.8759753264541615,0.00042620261317468505,5.754145296872511e-05,1.78166599844469,8145,2036,49.52380847930908,0.37703776359558105
