Model,R2,MAE,RMSE,MAPE_percent,n_train,n_test,fit_time_sec,predict_time_sec
cat,0.9942314143014537,0.009708503889156585,0.000189228449877973,4.283344207617232,8145,2036,3.814359664916992,0.0027277469635009766
