Model,R2,MAE,RMSE,MAPE_percent,n_train,n_test,fit_time_sec,predict_time_sec
gbm,0.9489000165188434,0.26623925098910534,0.1639397009250334,7.267572665170041,6206,1552,15.466168880462646,0.013242244720458984
