Model,R2,MAE,RMSE,MAPE_percent,n_train,n_test,fit_time_sec,predict_time_sec
rf,0.9189575275993895,0.014531778902809088,0.003980115031466082,3.904223353948044,388,7372,1.842163324356079,0.380176305770874
