Model,R2,MAE,RMSE,MAPE_percent,n_train,n_test,fit_time_sec,predict_time_sec
cat,0.9893890742459109,0.0009363505074517973,1.595863606821024e-06,7.057539217966837,6618,3563,4.942889451980591,0.004469871520996094
