Model,R2,MAE,RMSE,MAPE_percent,n_train,n_test,fit_time_sec,predict_time_sec
cat,0.3345477286383508,0.028685673338409975,0.022852466333490924,11.9120414829688,8151,2038,3.722662925720215,0.0022661685943603516
