Model,R2,MAE,RMSE,MAPE_percent,n_train,n_test,fit_time_sec,predict_time_sec
cat,-0.024244540688101335,0.0013005179403131823,0.00036383510302724414,5.948153624134545,8151,2038,3.7283902168273926,0.002663135528564453
