Model,R2,MAE,RMSE,MAPE_percent,n_train,n_test,fit_time_sec,predict_time_sec
cat,0.9965849306332567,0.005704249249678797,7.402569425579083e-05,3.2870306851393036,8145,2036,3.6004021167755127,0.0026140213012695312
