Model,R2,MAE,RMSE,MAPE_percent,n_train,n_test,fit_time_sec,predict_time_sec
cat,0.9837926332785165,0.017015964740430645,0.0010042686335745828,2.9766916297398276,6206,1552,10.128963708877563,0.0028514862060546875
