Model,R2,MAE,RMSE,MAPE_percent,n_train,n_test,fit_time_sec,predict_time_sec
gbm,0.9600581010236561,0.07955850135573289,0.024147271789746197,225796967.9895714,9053,2263,39.24446964263916,0.018113136291503906
