Model,R2,MAE,RMSE,MAPE_percent,n_train,n_test,fit_time_sec,predict_time_sec
gbm,0.9776440878695484,0.01799276520006635,0.0006070201531531193,10.35781829446981,8145,2036,19.90807008743286,0.01590728759765625
