Model,R2,MAE,RMSE,MAPE_percent,n_train,n_test,fit_time_sec,predict_time_sec
gbm,0.9372922734233848,0.0009986369594291171,2.1215472987078844e-05,7.113660493661143,7636,2545,18.583154678344727,0.018167972564697266
