Model,R2,MAE,RMSE,MAPE_percent,n_train,n_test,fit_time_sec,predict_time_sec
rf,0.9947558097630719,0.0005099231818384476,5.231022898199357e-07,4.278981593171125,8145,2036,52.030428647994995,0.4168891906738281
