Model,R2,MAE,RMSE,MAPE_percent,n_train,n_test,fit_time_sec,predict_time_sec
gbm,0.9500397391795081,0.0028145167136579556,0.0005224758391550183,3.119564295093046,8151,2038,20.38378667831421,0.013829946517944336
