Model,R2,MAE,RMSE,MAPE_percent,n_train,n_test,fit_time_sec,predict_time_sec
cat,0.9585531860485533,0.06919642775200825,0.011344980849077129,4.865955488200392,4359,3566,4.562706708908081,0.0044498443603515625
