Model,R2,MAE,RMSE,MAPE_percent,n_train,n_test,fit_time_sec,predict_time_sec
gbm,0.026243956796382584,0.022086074175582646,0.12290981790410929,4.113316326024256,8151,2038,20.56820511817932,0.01297307014465332
