Model,R2,MAE,RMSE,MAPE_percent,n_train,n_test,fit_time_sec,predict_time_sec
cat,0.9891298524292301,0.0005821331318949215,3.5366944090598788e-06,3.946222802869939,8145,2036,7.370753049850464,0.02509284019470215
