Model,R2,MAE,RMSE,MAPE_percent,n_train,n_test,fit_time_sec,predict_time_sec
cat,0.9979148659197873,0.00044451738035614514,6.387113915718391e-07,3.136782973144662,8145,2036,3.571622371673584,0.0026476383209228516
