Model,R2,MAE,RMSE,MAPE_percent,n_train,n_test,fit_time_sec,predict_time_sec
cat,0.0525633472076682,0.1761993142088697,0.10552382816730979,70.44255471602544,396,7529,3.0617966651916504,0.007592916488647461
