Model,R2,MAE,RMSE,MAPE_percent,n_train,n_test,fit_time_sec,predict_time_sec
cat,0.984707343638493,0.011018303872583762,0.00025852629514914815,3.081041748674285,5548,2377,4.677682876586914,0.003529071807861328
