Model,R2,MAE,RMSE,MAPE_percent,n_train,n_test,fit_time_sec,predict_time_sec
cat,0.4794432108719605,0.30015423592052537,0.19370689605464028,31.548803263433093,5684,1421,3.4219727516174316,0.0022797584533691406
