Model,R2,MAE,RMSE,MAPE_percent,n_train,n_test,fit_time_sec,predict_time_sec
cat,0.9490109115772771,0.2607341180225797,0.1400634313725362,6.700163781359674,6206,1552,3.3711578845977783,0.0022809505462646484
