Model,R2,MAE,RMSE,MAPE_percent,n_train,n_test,fit_time_sec,predict_time_sec
cat,0.9528560861260494,0.03226098535581236,0.011370096403666352,4.8258096274711075,5431,2327,3.3781192302703857,0.002888917922973633
