Model,R2,MAE,RMSE,MAPE_percent,n_train,n_test,fit_time_sec,predict_time_sec
rf,0.8710133790715673,0.009948728540338393,0.015046560922509822,3.0533005117925174,8145,2036,52.0606210231781,0.4230525493621826
