Model,R2,MAE,RMSE,MAPE_percent,n_train,n_test,fit_time_sec,predict_time_sec
cat,0.9906388644131977,0.009562742791523622,0.0002444877548190717,2.590833234155645,6340,1585,4.1025917530059814,0.0025234222412109375
