Model,R2,MAE,RMSE,MAPE_percent,n_train,n_test,fit_time_sec,predict_time_sec
cat,0.7503636115763741,0.5266486474210257,0.5998422982851497,10039718178.05324,9053,2263,3.4504504203796387,0.002913951873779297
