Model,R2,MAE,RMSE,MAPE_percent,n_train,n_test,fit_time_sec,predict_time_sec
gbm,0.9947437499779191,0.004493786901206677,3.924120009392269e-05,7.317936788211132,8145,2036,19.799445629119873,0.01538538932800293
