Model,R2,MAE,RMSE,MAPE_percent,n_train,n_test,fit_time_sec,predict_time_sec
gbm,0.9947051991528023,0.0025108850010488004,1.2815764602695467e-05,4.053459074850039,8145,2036,20.35599637031555,0.013938426971435547
