Model,R2,MAE,RMSE,MAPE_percent,n_train,n_test,fit_time_sec,predict_time_sec
cat,0.32614862013263113,0.3392434547497294,0.3286992646513509,33.71558104218862,2104,4911,4.0148022174835205,0.005449771881103516
