Model,R2,MAE,RMSE,MAPE_percent,n_train,n_test,fit_time_sec,predict_time_sec
gbm,0.9367206776245756,0.000945205186403182,2.102459385357725e-05,7.6167674383680035,3054,7127,7.2025768756866455,0.04520416259765625
