Model,R2,MAE,RMSE,MAPE_percent,n_train,n_test,fit_time_sec,predict_time_sec
rf,0.8754706413977096,0.0005132186732334207,6.910763319855223e-05,2.0287643985407278,8145,2036,51.9827766418457,0.4034876823425293
