Model,R2,MAE,RMSE,MAPE_percent,n_train,n_test,fit_time_sec,predict_time_sec
cat,0.9220008381718469,0.2522915484262185,0.15578389825769387,9.136239928593103,396,7529,3.556232213973999,0.007810354232788086
