Model,R2,MAE,RMSE,MAPE_percent,n_train,n_test,fit_time_sec,predict_time_sec
cat,0.945562336389604,0.019195746267688062,0.005924148392804213,261725696.08909827,6224,5092,4.697050094604492,0.006889820098876953
