Model,R2,MAE,RMSE,MAPE_percent,n_train,n_test,fit_time_sec,predict_time_sec
cat,0.9562827752200689,0.018998429919728076,0.005686636085614045,588606390.2133564,9053,2263,4.040287733078003,0.007155895233154297
