Model,R2,MAE,RMSE,MAPE_percent,n_train,n_test,fit_time_sec,predict_time_sec
cat,0.8912746821799747,0.09159817599699482,0.024319428864815102,7.728397357086349,6208,1552,3.538870334625244,0.0024499893188476562
