Model,R2,MAE,RMSE,MAPE_percent,n_train,n_test,fit_time_sec,predict_time_sec
gbm,0.9965038251309561,0.0004987957007391226,5.609094034193377e-07,3.1361576903690556,8145,2036,20.47650456428528,0.0135345458984375
