Model,R2,MAE,RMSE,MAPE_percent,n_train,n_test,fit_time_sec,predict_time_sec
cat,0.1708807440779191,0.0307542882131553,0.4188471965898415,5.996358623545467,8151,2038,3.6979594230651855,0.0025832653045654297
