Model,R2,MAE,RMSE,MAPE_percent,n_train,n_test,fit_time_sec,predict_time_sec
rf,0.9834230821219934,0.0011219328965264214,7.845123305228262e-06,6.891753343476147,8145,2036,51.78309106826782,0.4043092727661133
