Model,R2,MAE,RMSE,MAPE_percent,n_train,n_test,fit_time_sec,predict_time_sec
rf,0.33780556693925945,0.3104806116959399,0.2567831704665783,33.77970465032754,5684,1421,35.95702052116394,0.2753632068634033
