Model,R2,MAE,RMSE,MAPE_percent,n_train,n_test,fit_time_sec,predict_time_sec
cat,0.966184001303028,0.17427634740396705,0.06383948536474476,7.38523456660556,9053,2263,3.871497869491577,0.0030448436737060547
