Model,R2,MAE,RMSE,MAPE_percent,n_train,n_test,fit_time_sec,predict_time_sec
rf,0.8831742007811859,0.012412093751875183,0.005881789059844736,3.2493057678047714,6208,1552,63.32850670814514,0.5528323650360107
