Model,R2,MAE,RMSE,MAPE_percent,n_train,n_test,fit_time_sec,predict_time_sec
rf,0.9880139260386127,0.00504976286676845,4.897079487292472e-05,6.581632114399643,8145,2036,53.392837047576904,0.4150056838989258
