Model,R2,MAE,RMSE,MAPE_percent,n_train,n_test,fit_time_sec,predict_time_sec
rf,0.9988725879378167,0.004980901996990941,7.207685827469869e-05,2.286251559714919,8145,2036,49.96201777458191,0.3845527172088623
