Model,R2,MAE,RMSE,MAPE_percent,n_train,n_test,fit_time_sec,predict_time_sec
cat,0.9796841048625233,0.021342367214673422,0.0012427948049987386,4.024318450500516,3491,4267,3.3760287761688232,0.0045320987701416016
