Model,R2,MAE,RMSE,MAPE_percent,n_train,n_test,fit_time_sec,predict_time_sec
rf,0.9895201836134742,0.009456469174822088,0.0004134816438090058,2.3872898874878934,9053,2263,56.572908878326416,0.42691898345947266
