Model,R2,MAE,RMSE,MAPE_percent,n_train,n_test,fit_time_sec,predict_time_sec
gbm,0.9952814713683634,0.004445460087078454,6.250404840808194e-05,1.6018599232987873,6208,1552,15.729517221450806,0.011604070663452148
