Model,R2,MAE,RMSE,MAPE_percent,n_train,n_test,fit_time_sec,predict_time_sec
rf,0.4677894170179169,0.349621493720482,0.34310360265301865,31.790888876662425,6340,1585,41.13907051086426,0.31810426712036133
