Model,R2,MAE,RMSE,MAPE_percent,n_train,n_test,fit_time_sec,predict_time_sec
rf,0.9801505443833864,0.017275494371824556,0.0008363373641466423,3.1116143179244884,5431,2327,31.6294002532959,0.3252146244049072
