Model,R2,MAE,RMSE,MAPE_percent,n_train,n_test,fit_time_sec,predict_time_sec
gbm,0.939900344697858,0.2859879543837761,0.20243890902827,7.873210366695826,6206,1552,22.984309196472168,0.026184558868408203
