Model,R2,MAE,RMSE,MAPE_percent,n_train,n_test,fit_time_sec,predict_time_sec
rf,0.9533917902576091,0.13192484295891893,0.06481694686731994,5.478582661240451,6208,1552,36.50365924835205,0.2883412837982178
