Model,R2,MAE,RMSE,MAPE_percent,n_train,n_test,fit_time_sec,predict_time_sec
rf,0.9657740162157581,0.06940719661799238,0.02156982334783526,600783.3578268334,9059,2265,54.31370520591736,0.4802224636077881
