Model,R2,MAE,RMSE,MAPE_percent,n_train,n_test,fit_time_sec,predict_time_sec
cat,0.9714350194472097,0.030145007707144622,0.0035754313348632816,5.856148523448367,1164,6594,3.242985725402832,0.0063669681549072266
