Model,R2,MAE,RMSE,MAPE_percent,n_train,n_test,fit_time_sec,predict_time_sec
gbm,0.9685600709747291,0.07638674929667946,0.018834994374340122,251385094.5378086,9053,2263,45.6749107837677,0.03100728988647461
