Model,R2,MAE,RMSE,MAPE_percent,n_train,n_test,fit_time_sec,predict_time_sec
cat,0.9175410668177897,0.0156480186189817,0.007331009310859647,7.26314908667655,5600,4581,4.78478217124939,0.005345821380615234
