Model,R2,MAE,RMSE,MAPE_percent,n_train,n_test,fit_time_sec,predict_time_sec
gbm,0.9605928741154628,0.13728381488283908,0.03861943649972722,5.471954288266918,6208,1552,15.38932752609253,0.01218867301940918
