Model,R2,MAE,RMSE,MAPE_percent,n_train,n_test,fit_time_sec,predict_time_sec
gbm,0.981572732462747,0.013833186857963255,0.0008111628476981367,43977741.327816814,2829,8487,6.846595048904419,0.05070829391479492
