Model,R2,MAE,RMSE,MAPE_percent,n_train,n_test,fit_time_sec,predict_time_sec
cat,0.9965020978052176,0.0016405273134423365,1.0584911127095663e-05,2.361051156897957,8145,2036,3.708331346511841,0.0027077198028564453
