Model,R2,MAE,RMSE,MAPE_percent,n_train,n_test,fit_time_sec,predict_time_sec
rf,0.936272637312128,0.12818158152878456,0.05827132901138322,6.537854343163817,6206,1552,36.324302196502686,0.2886695861816406
