Model,R2,MAE,RMSE,MAPE_percent,n_train,n_test,fit_time_sec,predict_time_sec
gbm,0.9408182746073033,0.29330751598592814,0.21334313032565122,7.770405048851188,6213,1553,15.71899151802063,0.012988805770874023
