Model,R2,MAE,RMSE,MAPE_percent,n_train,n_test,fit_time_sec,predict_time_sec
cat,0.9859283786248507,0.0005557713756224159,4.045934072294702e-06,4.490143627083066,8145,2036,3.6382813453674316,0.0026679039001464844
