Model,R2,MAE,RMSE,MAPE_percent,n_train,n_test,fit_time_sec,predict_time_sec
gbm,0.3027835995363638,0.3314598477453745,0.2565377051369488,32.39722484318664,5612,1403,12.352746486663818,0.010695934295654297
