Model,R2,MAE,RMSE,MAPE_percent,n_train,n_test,fit_time_sec,predict_time_sec
rf,0.9803234292851425,0.006385932602243035,0.00017217989215373195,11.026172293797448,8145,2036,50.239734411239624,0.39766907691955566
