Model,R2,MAE,RMSE,MAPE_percent,n_train,n_test,fit_time_sec,predict_time_sec
cat,0.9965709292972413,0.00424637685217945,4.391636793265205e-05,1.655214430857847,6214,1554,3.5785741806030273,0.0023832321166992188
