Model,R2,MAE,RMSE,MAPE_percent,n_train,n_test,fit_time_sec,predict_time_sec
cat,0.9948741604823111,0.0006062935022574152,8.223649255497301e-07,3.8112862854728085,8145,2036,5.129711866378784,0.0031921863555908203
