Model,R2,MAE,RMSE,MAPE_percent,n_train,n_test,fit_time_sec,predict_time_sec
cat,0.9894132338851613,0.004043913605719382,2.9538756380717304e-05,6.98188344743967,8145,2036,4.808873653411865,0.003100872039794922
