Model,R2,MAE,RMSE,MAPE_percent,n_train,n_test,fit_time_sec,predict_time_sec
cat,0.9893066220425273,0.0009545771177155952,3.7984818440183043e-06,7.084255769262815,8145,2036,3.682643175125122,0.0027289390563964844
