Model,R2,MAE,RMSE,MAPE_percent,n_train,n_test,fit_time_sec,predict_time_sec
rf,0.4713295943709791,0.30058152964396906,0.19764702851831809,33.97521261970823,6208,1552,41.47353148460388,0.3508412837982178
