Model,R2,MAE,RMSE,MAPE_percent,n_train,n_test,fit_time_sec,predict_time_sec
cat,0.307156788862472,0.007346523048308252,0.00594286806939843,9.403316260220953,8151,2038,3.5019919872283936,0.0026895999908447266
