Model,R2,MAE,RMSE,MAPE_percent,n_train,n_test,fit_time_sec,predict_time_sec
cat,0.8789248475540992,0.0017586827124883122,4.431691417847826e-05,14.981437051450012,1018,9163,3.897026538848877,0.010127067565917969
