Model,R2,MAE,RMSE,MAPE_percent,n_train,n_test,fit_time_sec,predict_time_sec
gbm,0.9721952223912835,0.055814837085343905,0.007494736869536546,4.327895716018153,5684,1421,14.044320344924927,0.011552572250366211
