Model,R2,MAE,RMSE,MAPE_percent,n_train,n_test,fit_time_sec,predict_time_sec
cat,0.6551721221459712,0.06423550638604658,0.2106379178129329,5.037489682522477,7056,1764,5.0895514488220215,0.0028073787689208984
