Model,R2,MAE,RMSE,MAPE_percent,n_train,n_test,fit_time_sec,predict_time_sec
cat,0.988226147701207,0.0011368737927586908,2.8765234578752317e-06,9.902218180124718,1018,9163,3.9028899669647217,0.008402109146118164
