Model,R2,MAE,RMSE,MAPE_percent,n_train,n_test,fit_time_sec,predict_time_sec
gbm,0.9952920218627712,0.0025077010567571495,1.2821901538989642e-05,4.169286770460593,8145,2036,20.122992277145386,0.013930559158325195
