Model,R2,MAE,RMSE,MAPE_percent,n_train,n_test,fit_time_sec,predict_time_sec
cat,0.9935901976264558,0.0009540978060180879,2.102435367512396e-06,7.469911113464867,8145,2036,3.5590295791625977,0.002736330032348633
