Model,R2,MAE,RMSE,MAPE_percent,n_train,n_test,fit_time_sec,predict_time_sec
rf,0.9696265967392109,0.008087699957330323,0.0024809376268591136,3.0508602122961843,8145,2036,51.289196729660034,0.39930105209350586
