Model,R2,MAE,RMSE,MAPE_percent,n_train,n_test,fit_time_sec,predict_time_sec
gbm,0.9739956597781627,0.0390036136146394,0.0057075465058636175,4.532159943938076,7056,1764,19.069638967514038,0.014002561569213867
