Model,R2,MAE,RMSE,MAPE_percent,n_train,n_test,fit_time_sec,predict_time_sec
gbm,0.992542015670031,0.00841548506339569,0.0005633972313271485,3.8766083405870595,8145,2036,20.24478316307068,0.01433563232421875
