Model,R2,MAE,RMSE,MAPE_percent,n_train,n_test,fit_time_sec,predict_time_sec
rf,0.9901924842978522,0.0069470380007169855,9.799616647480489e-05,2.6594286093745447,4268,3492,25.32627558708191,0.38983702659606934
