Model,R2,MAE,RMSE,MAPE_percent,n_train,n_test,fit_time_sec,predict_time_sec
cat,0.9809314915520392,0.01562800657928258,0.0007429350585694078,356378475.0637587,3395,7921,4.51732873916626,0.01032876968383789
