Model,R2,MAE,RMSE,MAPE_percent,n_train,n_test,fit_time_sec,predict_time_sec
gbm,0.9914159301882611,0.0071410051690556815,0.00010644416072747033,2.770639530974387,3104,4656,7.621683835983276,0.02837228775024414
