Model,R2,MAE,RMSE,MAPE_percent,n_train,n_test,fit_time_sec,predict_time_sec
cat,0.9150203853921182,0.005261167814358388,0.0008089952456176608,7.184399674075624,5090,5091,4.57059383392334,0.0063800811767578125
