Model,R2,MAE,RMSE,MAPE_percent,n_train,n_test,fit_time_sec,predict_time_sec
gbm,0.9454682730928913,0.2619235817355479,0.14518301988202972,6.851443492779273,6206,1552,15.40025782585144,0.01255488395690918
