Model,R2,MAE,RMSE,MAPE_percent,n_train,n_test,fit_time_sec,predict_time_sec
gbm,0.9885348171097298,0.015329401038641497,0.0004315260512785621,6.71093534614626,8145,2036,19.93377709388733,0.014600753784179688
