Model,R2,MAE,RMSE,MAPE_percent,n_train,n_test,fit_time_sec,predict_time_sec
rf,0.9618542323446284,0.16055308259383638,0.0579090034169558,5.271768879294006,6340,1585,37.18220353126526,0.2882721424102783
