Model,R2,MAE,RMSE,MAPE_percent,n_train,n_test,fit_time_sec,predict_time_sec
rf,0.9918301634168943,0.00883211486947145,0.0007986622831254277,110573.39924283924,9059,2265,56.4282648563385,0.4566953182220459
