Model,R2,MAE,RMSE,MAPE_percent,n_train,n_test,fit_time_sec,predict_time_sec
gbm,0.9894312889777083,0.0010783615693293097,4.150019901793339e-06,7.305302569003894,7127,3054,17.889941692352295,0.020553112030029297
