Model,R2,MAE,RMSE,MAPE_percent,n_train,n_test,fit_time_sec,predict_time_sec
cat,0.9860160818229492,0.011923361883346945,0.00029385769281607536,3.3410236770140607,4359,3566,4.570176124572754,0.004581451416015625
