Model,R2,MAE,RMSE,MAPE_percent,n_train,n_test,fit_time_sec,predict_time_sec
gbm,0.9909805170884414,0.000991473332827597,1.8054889641799455e-06,7.632166391942559,2036,8145,4.778473377227783,0.04893374443054199
