Model,R2,MAE,RMSE,MAPE_percent,n_train,n_test,fit_time_sec,predict_time_sec
gbm,0.9804606432273714,0.01420438572456512,0.0008532159904996413,72214787.68286963,2829,8487,6.751550912857056,0.05060839653015137
