Model,R2,MAE,RMSE,MAPE_percent,n_train,n_test,fit_time_sec,predict_time_sec
cat,0.9569809408053827,0.02914456705926606,0.01073698983191104,4.158053135145095,6213,1553,3.6323277950286865,0.0024116039276123047
