Model,R2,MAE,RMSE,MAPE_percent,n_train,n_test,fit_time_sec,predict_time_sec
rf,0.969842776858029,0.016222285389204692,0.001885835717283054,4739429.609784266,1697,9619,8.38769268989563,0.7047576904296875
