Model,R2,MAE,RMSE,MAPE_percent,n_train,n_test,fit_time_sec,predict_time_sec
cat,0.9867939254280632,0.0034862252670359558,0.0001382896548241378,4.017178818795453,8145,2036,4.582913398742676,0.003918647766113281
