Model,R2,MAE,RMSE,MAPE_percent,n_train,n_test,fit_time_sec,predict_time_sec
gbm,0.9884600569774717,0.010086375401584803,0.0004106192231214466,2.618300499457197,9053,2263,23.205037355422974,0.017508268356323242
