Model,R2,MAE,RMSE,MAPE_percent,n_train,n_test,fit_time_sec,predict_time_sec
rf,0.9267134658191162,0.020047552974073072,0.008721197854872938,341472.7200597366,6790,4526,41.070393562316895,0.5844516754150391
