Model,R2,MAE,RMSE,MAPE_percent,n_train,n_test,fit_time_sec,predict_time_sec
cat,0.9440429270989527,0.20395803080522848,0.1162143430905311,7.36367264193346,1981,5944,4.32841420173645,0.00688624382019043
