Model,R2,MAE,RMSE,MAPE_percent,n_train,n_test,fit_time_sec,predict_time_sec
rf,0.9746705118195866,0.006144304053779223,0.0002114507145956826,10.592190715767673,8145,2036,74.63961625099182,0.8082480430603027
