Model,R2,MAE,RMSE,MAPE_percent,n_train,n_test,fit_time_sec,predict_time_sec
rf,0.9854842491195089,0.021337775542813492,0.0027264293102918996,2.8089450461916865,6206,1552,36.93348217010498,0.28286147117614746
