Model,R2,MAE,RMSE,MAPE_percent,n_train,n_test,fit_time_sec,predict_time_sec
rf,0.9366117240038945,0.2645571488727829,0.20209981022139165,7.036766731256973,6213,1553,37.01922941207886,0.2856917381286621
