Model,R2,MAE,RMSE,MAPE_percent,n_train,n_test,fit_time_sec,predict_time_sec
cat,0.9565050379953403,0.2414477880347527,0.1164181177447676,6.100347350111704,6206,1552,3.6761372089385986,0.002431154251098633
