Model,R2,MAE,RMSE,MAPE_percent,n_train,n_test,fit_time_sec,predict_time_sec
rf,0.9809762885022854,0.017967169883521112,0.000933658647216303,3.197450698215415,4655,3103,26.94396710395813,0.3827328681945801
