Model,R2,MAE,RMSE,MAPE_percent,n_train,n_test,fit_time_sec,predict_time_sec
rf,0.9945916894422151,0.0049519157041866945,4.952372795000098e-05,6.701908986234287,8145,2036,81.34371733665466,0.4291722774505615
