Model,R2,MAE,RMSE,MAPE_percent,n_train,n_test,fit_time_sec,predict_time_sec
gbm,0.386729848352831,0.32491140546589253,0.30636555260544535,33.63640359731983,5684,1421,12.462196111679077,0.011174917221069336
