Model,R2,MAE,RMSE,MAPE_percent,n_train,n_test,fit_time_sec,predict_time_sec
cat,0.19004558106604097,0.15250257957793675,0.09207870830624265,52.133853646660356,1189,6736,4.2411863803863525,0.006827116012573242
