Model,R2,MAE,RMSE,MAPE_percent,n_train,n_test,fit_time_sec,predict_time_sec
cat,0.9676596214114643,0.030913254586488508,0.007244176920254137,4.4745694268867675,4655,3103,3.3175220489501953,0.0037848949432373047
