Model,R2,MAE,RMSE,MAPE_percent,n_train,n_test,fit_time_sec,predict_time_sec
rf,0.9960542132576917,0.0005119948590035621,6.477137552461937e-07,3.2838668522405268,8145,2036,52.37380003929138,0.39586806297302246
