Model,R2,MAE,RMSE,MAPE_percent,n_train,n_test,fit_time_sec,predict_time_sec
gbm,0.923116690784241,0.07197861702497847,0.05230839354343434,307873676.8621789,9059,2265,22.867587089538574,0.018118619918823242
