Model,R2,MAE,RMSE,MAPE_percent,n_train,n_test,fit_time_sec,predict_time_sec
cat,0.9855997966044678,0.009515102025830396,0.0002272928755301171,4.1673535571061215,1940,5820,3.309302568435669,0.006824493408203125
