Model,R2,MAE,RMSE,MAPE_percent,n_train,n_test,fit_time_sec,predict_time_sec
cat,0.947461475493786,0.11127127200136967,0.034609644604560924,5.633262526154234,6213,1553,3.724217653274536,0.002396106719970703
