Model,R2,MAE,RMSE,MAPE_percent,n_train,n_test,fit_time_sec,predict_time_sec
cat,0.9706135150286243,0.16026856096145678,0.051463539091534914,6.690209979216803,9053,2263,3.6745221614837646,0.0030739307403564453
