Model,R2,MAE,RMSE,MAPE_percent,n_train,n_test,fit_time_sec,predict_time_sec
gbm,0.9627891650434691,0.1273761724318201,0.037531270313811836,5.23188986829129,6208,1552,15.367049932479858,0.012477636337280273
