Model,R2,MAE,RMSE,MAPE_percent,n_train,n_test,fit_time_sec,predict_time_sec
rf,0.9624499788934238,0.17224254033824782,0.0857755128448269,8.3391599423235,9053,2263,55.55500316619873,0.4417133331298828
