Model,R2,MAE,RMSE,MAPE_percent,n_train,n_test,fit_time_sec,predict_time_sec
gbm,0.9957629755237303,0.007590036170498681,0.00010705197641843889,3.6992492850136705,8145,2036,20.200058221817017,0.014044523239135742
