Model,R2,MAE,RMSE,MAPE_percent,n_train,n_test,fit_time_sec,predict_time_sec
rf,0.9938109941559865,0.0048147841330689,9.746760204870022e-05,1.632929391226257,6214,1554,37.12751483917236,0.29009175300598145
