Model,R2,MAE,RMSE,MAPE_percent,n_train,n_test,fit_time_sec,predict_time_sec
cat,0.8869157453453156,0.28715702928876846,0.16567228389726124,11.535260934050068,6214,1554,3.38337779045105,0.0022890567779541016
