Model,R2,MAE,RMSE,MAPE_percent,n_train,n_test,fit_time_sec,predict_time_sec
cat,0.9897279073325128,0.000983325817861211,3.176491130561425e-06,7.434327385116695,6109,4072,4.810944557189941,0.0051004886627197266
