Model,R2,MAE,RMSE,MAPE_percent,n_train,n_test,fit_time_sec,predict_time_sec
rf,0.4058192708643287,0.033904017947751434,0.09670912951717335,12.534829267863337,8151,2038,52.752092361450195,0.5335216522216797
