Model,R2,MAE,RMSE,MAPE_percent,n_train,n_test,fit_time_sec,predict_time_sec
gbm,0.9583901638602634,0.0018727048096789636,0.0003389131056269652,1.9615820237905317,8145,2036,20.730709552764893,0.014354705810546875
