Model,R2,MAE,RMSE,MAPE_percent,n_train,n_test,fit_time_sec,predict_time_sec
cat,0.9035407200713964,0.020987966008669017,0.009511020825208272,5.067030721008757,3170,4755,4.585171937942505,0.0059659481048583984
