Model,R2,MAE,RMSE,MAPE_percent,n_train,n_test,fit_time_sec,predict_time_sec
cat,0.9932976278988237,0.000842252914823636,1.7191230524145798e-06,7.970085434623179,8145,2036,4.54970383644104,0.0029489994049072266
