Model,R2,MAE,RMSE,MAPE_percent,n_train,n_test,fit_time_sec,predict_time_sec
rf,0.9863591839754062,0.01249079145896398,0.000581972933177687,3.2720237518086717,9053,2263,56.68265390396118,0.4046459197998047
