Model,R2,MAE,RMSE,MAPE_percent,n_train,n_test,fit_time_sec,predict_time_sec
cat,0.9969666570270587,0.004252621394836402,4.055662081555979e-05,1.7557349412805445,6214,1554,3.432863473892212,0.0024793148040771484
