Model,R2,MAE,RMSE,MAPE_percent,n_train,n_test,fit_time_sec,predict_time_sec
rf,0.9941250543404998,0.0010188718999475685,2.1362650738142155e-06,7.136754297087789,7636,2545,48.32871341705322,0.4299485683441162
