Model,R2,MAE,RMSE,MAPE_percent,n_train,n_test,fit_time_sec,predict_time_sec
rf,0.9365012912289508,0.13184396119840036,0.06147780636181389,6.345977175534097,6206,1552,60.52631616592407,0.5505337715148926
