Model,R2,MAE,RMSE,MAPE_percent,n_train,n_test,fit_time_sec,predict_time_sec
cat,0.9952697972196294,0.0006085828295084276,7.658946134698328e-07,3.827771679001722,8145,2036,5.194791078567505,0.003041982650756836
