Model,R2,MAE,RMSE,MAPE_percent,n_train,n_test,fit_time_sec,predict_time_sec
cat,0.9873285406076446,0.013346471257124943,0.0004715887191236918,3.958525762419211,3170,4755,4.354633808135986,0.004899501800537109
