Model,R2,MAE,RMSE,MAPE_percent,n_train,n_test,fit_time_sec,predict_time_sec
gbm,0.9430834433686779,0.28029914310914755,0.18504718528961975,7.588854609154651,6206,1552,15.39799451828003,0.012652873992919922
