Model,R2,MAE,RMSE,MAPE_percent,n_train,n_test,fit_time_sec,predict_time_sec
cat,0.9909344028077747,0.01606513591671379,0.0021457550117497007,2.6330138455254684,6206,1552,7.045543670654297,0.01740097999572754
