Model,R2,MAE,RMSE,MAPE_percent,n_train,n_test,fit_time_sec,predict_time_sec
cat,0.992656169790574,0.012375158694982898,0.00040135813527402797,7.7920968080271615,8145,2036,4.527451515197754,0.0028939247131347656
