Model,R2,MAE,RMSE,MAPE_percent,n_train,n_test,fit_time_sec,predict_time_sec
rf,0.9663381475480571,0.07201341527270326,0.015021930481734185,5.4915744741798616,9053,2263,54.34718060493469,0.44672060012817383
