Model,R2,MAE,RMSE,MAPE_percent,n_train,n_test,fit_time_sec,predict_time_sec
cat,0.9492158398799794,0.26081700022378324,0.15939070434183514,7.125605242175903,6206,1552,3.9661262035369873,0.004057407379150391
