Model,R2,MAE,RMSE,MAPE_percent,n_train,n_test,fit_time_sec,predict_time_sec
cat,0.27111909264325396,0.14901905139581478,0.0759914292842506,57.01823450475653,2378,5547,3.977203130722046,0.0059397220611572266
