Model,R2,MAE,RMSE,MAPE_percent,n_train,n_test,fit_time_sec,predict_time_sec
gbm,0.9397313420839707,0.26878938472176767,0.1679680282502036,6.842563503938025,6206,1552,15.479619979858398,0.012577056884765625
