Model,R2,MAE,RMSE,MAPE_percent,n_train,n_test,fit_time_sec,predict_time_sec
rf,0.9892318443369917,0.007033580952942203,0.00014023414491773378,2.66167531081714,6208,1552,38.05409026145935,0.27376484870910645
