Model,R2,MAE,RMSE,MAPE_percent,n_train,n_test,fit_time_sec,predict_time_sec
cat,0.9864074508381855,0.004725752707431358,4.2706710580088796e-05,7.201142822614409,4072,6109,4.848894834518433,0.006708860397338867
