Model,R2,MAE,RMSE,MAPE_percent,n_train,n_test,fit_time_sec,predict_time_sec
cat,0.39754575233158085,0.025418653061863552,0.07294219168083678,9.812843386066081,8151,2038,3.857705593109131,0.0027818679809570312
