Model,R2,MAE,RMSE,MAPE_percent,n_train,n_test,fit_time_sec,predict_time_sec
rf,0.9873831442619002,0.0009259280160859751,1.731115055662637e-06,6.677585706170251,8145,2036,51.46164560317993,0.40201640129089355
