Model,R2,MAE,RMSE,MAPE_percent,n_train,n_test,fit_time_sec,predict_time_sec
cat,0.9882767683894963,0.014197105479199477,0.00038387856150654367,7.229915595989314,8151,2038,3.578747510910034,0.0026285648345947266
