Model,R2,MAE,RMSE,MAPE_percent,n_train,n_test,fit_time_sec,predict_time_sec
gbm,0.9972831994869107,0.006016988249018517,7.244627710748135e-05,2.856473127270808,8145,2036,20.33427381515503,0.013983964920043945
