Model,R2,MAE,RMSE,MAPE_percent,n_train,n_test,fit_time_sec,predict_time_sec
gbm,0.962944265801475,0.18438799015604534,0.06814715807619247,7.686575384333073,9053,2263,22.820019960403442,0.017687082290649414
