Model,R2,MAE,RMSE,MAPE_percent,n_train,n_test,fit_time_sec,predict_time_sec
cat,0.7812701790965633,0.08285149843805352,0.11630375889256443,5.393428520396553,5612,1403,3.5532774925231934,0.0024878978729248047
