Model,R2,MAE,RMSE,MAPE_percent,n_train,n_test,fit_time_sec,predict_time_sec
gbm,0.9971134163850065,0.004028129889565446,7.927762230705943e-05,1.3627089415942226,6208,1552,28.583430290222168,0.012293338775634766
