Model,R2,MAE,RMSE,MAPE_percent,n_train,n_test,fit_time_sec,predict_time_sec
gbm,0.9577594353515204,0.1030637736512663,0.02619662208667881,5.176879989995754,6206,1552,15.465537786483765,0.012327909469604492
