Model,R2,MAE,RMSE,MAPE_percent,n_train,n_test,fit_time_sec,predict_time_sec
cat,0.925265138665458,0.07215799679765159,0.05084667371861676,148028070.71950147,9059,2265,3.9197614192962646,0.003109455108642578
