Model,R2,MAE,RMSE,MAPE_percent,n_train,n_test,fit_time_sec,predict_time_sec
cat,0.32798783358441785,0.331291028190908,0.3678139072816391,34.63433719569176,1776,5329,4.678061246871948,0.006576061248779297
