Model,R2,MAE,RMSE,MAPE_percent,n_train,n_test,fit_time_sec,predict_time_sec
cat,0.9938031616286416,0.01380986415027668,0.00040435800136062803,7.097814227507931,8145,2036,3.6253702640533447,0.0026750564575195312
