Model,R2,MAE,RMSE,MAPE_percent,n_train,n_test,fit_time_sec,predict_time_sec
cat,0.9402603427056488,0.2635329181140611,0.1658059046308873,6.774373174382131,6206,1552,3.500629186630249,0.0023500919342041016
