Model,R2,MAE,RMSE,MAPE_percent,n_train,n_test,fit_time_sec,predict_time_sec
cat,0.9886748779128715,0.013333408300830752,0.00048361515074284877,4.1376099922466985,9059,2265,3.6959409713745117,0.0028989315032958984
