Model,R2,MAE,RMSE,MAPE_percent,n_train,n_test,fit_time_sec,predict_time_sec
cat,0.9590259093894434,0.05188434123374428,0.008329573377961117,6.591076373691059,1764,7056,4.4640161991119385,0.008313417434692383
