Model,R2,MAE,RMSE,MAPE_percent,n_train,n_test,fit_time_sec,predict_time_sec
cat,0.9703238245722227,0.040349920447745685,0.005519632330167976,3.740982977118928,6208,1552,3.4381823539733887,0.0022749900817871094
