Model,R2,MAE,RMSE,MAPE_percent,n_train,n_test,fit_time_sec,predict_time_sec
cat,0.87065925484564,0.028047539522525124,0.012501430206748236,8.162443005192975,396,7529,3.4603426456451416,0.010187387466430664
