Model,R2,MAE,RMSE,MAPE_percent,n_train,n_test,fit_time_sec,predict_time_sec
cat,0.966231424793852,0.023246585097623004,0.0075899863116150835,3.38109464564589,6206,1552,3.5410430431365967,0.0023589134216308594
