Model,R2,MAE,RMSE,MAPE_percent,n_train,n_test,fit_time_sec,predict_time_sec
cat,0.9670810408468054,0.17520456534580897,0.06860316808801813,5.932317901716595,5548,2377,4.8301661014556885,0.0035545825958251953
