Model,R2,MAE,RMSE,MAPE_percent,n_train,n_test,fit_time_sec,predict_time_sec
gbm,0.9415964499140423,0.11579503025708861,0.03839122554402266,5.642362597034306,6206,1552,15.492645502090454,0.012091398239135742
