Model,R2,MAE,RMSE,MAPE_percent,n_train,n_test,fit_time_sec,predict_time_sec
rf,0.8650831396649965,0.09573157256107226,0.027355818061172373,8.305747416549783,6214,1554,40.055630683898926,0.33899974822998047
