Model,R2,MAE,RMSE,MAPE_percent,n_train,n_test,fit_time_sec,predict_time_sec
rf,0.875505178732971,0.0008135108921926754,6.885173474116921e-05,4.0526640872073445,8145,2036,87.03502297401428,0.7536005973815918
