Model,R2,MAE,RMSE,MAPE_percent,n_train,n_test,fit_time_sec,predict_time_sec
cat,0.9724793479293412,0.005153306300441583,0.00021011188898857074,7.585811274285007,5600,4581,4.724979877471924,0.0061681270599365234
