Model,R2,MAE,RMSE,MAPE_percent,n_train,n_test,fit_time_sec,predict_time_sec
cat,0.2964546458604068,0.1037576608380117,0.04849731391193625,54.8889220928502,6208,1552,3.222092628479004,0.0022668838500976562
