Model,R2,MAE,RMSE,MAPE_percent,n_train,n_test,fit_time_sec,predict_time_sec
rf,0.8797635537013171,0.005820355138206185,0.0016140648747985005,6.791302697513517,8145,2036,51.44768023490906,0.41246795654296875
