Model,R2,MAE,RMSE,MAPE_percent,n_train,n_test,fit_time_sec,predict_time_sec
gbm,0.9887413008349474,0.0011339932027019358,2.712070088005971e-06,7.489429237459014,2036,8145,4.762909889221191,0.04704165458679199
