Model,R2,MAE,RMSE,MAPE_percent,n_train,n_test,fit_time_sec,predict_time_sec
cat,0.9174430850583494,0.021682382308886763,0.0067171977288610915,12.21003212224478,3563,6618,4.6096765995025635,0.0068206787109375
