Model,R2,MAE,RMSE,MAPE_percent,n_train,n_test,fit_time_sec,predict_time_sec
cat,0.8669819313859031,0.001317410522830083,5.022190688612312e-05,8.237351290890041,1527,8654,4.243153095245361,0.009345054626464844
