Model,R2,MAE,RMSE,MAPE_percent,n_train,n_test,fit_time_sec,predict_time_sec
rf,0.9834872274800293,0.001122334292917723,6.272156341447638e-06,7.213785438692476,5090,5091,30.89665985107422,0.6028778553009033
