Model,R2,MAE,RMSE,MAPE_percent,n_train,n_test,fit_time_sec,predict_time_sec
cat,0.9605904343557102,0.1847391922904505,0.06785076065809424,11.886612797658485,5658,5658,4.692683696746826,0.006120443344116211
