Model,R2,MAE,RMSE,MAPE_percent,n_train,n_test,fit_time_sec,predict_time_sec
cat,0.9486987860713171,0.12926195495620207,0.05203322958966278,6.554433152777098,6206,1552,3.442425489425659,0.002312898635864258
