Model,R2,MAE,RMSE,MAPE_percent,n_train,n_test,fit_time_sec,predict_time_sec
rf,0.9943517527577339,0.009011508319279323,0.00017717270375462436,3.854372527477946,8145,2036,52.56901240348816,0.4192020893096924
