Model,R2,MAE,RMSE,MAPE_percent,n_train,n_test,fit_time_sec,predict_time_sec
gbm,0.9954636451067899,0.0005418077064508789,5.358855740496953e-07,3.9291241244357082,8145,2036,20.247377395629883,0.013904571533203125
