Model,R2,MAE,RMSE,MAPE_percent,n_train,n_test,fit_time_sec,predict_time_sec
cat,0.9909133057433573,0.006802667962058382,0.0007422125697113471,2.939139980163553,8145,2036,3.6429173946380615,0.0026328563690185547
