Model,R2,MAE,RMSE,MAPE_percent,n_train,n_test,fit_time_sec,predict_time_sec
cat,0.8723957610178685,0.14402563649082634,0.13509901402688002,6.926364251400238,6213,1553,3.6541292667388916,0.002458333969116211
