Model,R2,MAE,RMSE,MAPE_percent,n_train,n_test,fit_time_sec,predict_time_sec
rf,0.6556878743225503,0.2999636945933927,0.5585238967652745,10.861645338515734,6214,1554,38.26456379890442,0.27873897552490234
