Model,R2,MAE,RMSE,MAPE_percent,n_train,n_test,fit_time_sec,predict_time_sec
rf,0.46062635217357906,0.003977917954622731,0.0024047574119352446,3.8321574251293025,8151,2038,56.18584728240967,0.3966395854949951
