Model,R2,MAE,RMSE,MAPE_percent,n_train,n_test,fit_time_sec,predict_time_sec
cat,0.8811031228164832,0.021585200746081272,0.01340751994101658,4.54274714397653,2378,5547,4.303646087646484,0.007871866226196289
