Model,R2,MAE,RMSE,MAPE_percent,n_train,n_test,fit_time_sec,predict_time_sec
cat,0.9213938910321118,0.014815482741488313,0.006959223474775584,3.954859226418983,5820,1940,3.534823179244995,0.0026092529296875
