Model,R2,MAE,RMSE,MAPE_percent,n_train,n_test,fit_time_sec,predict_time_sec
rf,0.9622738281100138,0.17596227287943086,0.08726168016866179,4546421.347890984,9053,2263,55.95845007896423,0.4372406005859375
