Model,R2,MAE,RMSE,MAPE_percent,n_train,n_test,fit_time_sec,predict_time_sec
cat,0.9092472488576565,0.023722304204851528,0.010765229010959665,263642292.9545544,2263,9053,4.524351358413696,0.008854866027832031
