Model,R2,MAE,RMSE,MAPE_percent,n_train,n_test,fit_time_sec,predict_time_sec
cat,0.9590153712989942,0.06132274117731196,0.009738653991848801,4.6803866823133,4910,2105,4.7706146240234375,0.0030260086059570312
