Model,R2,MAE,RMSE,MAPE_percent,n_train,n_test,fit_time_sec,predict_time_sec
rf,0.998033272290554,0.004033891851955511,0.00013712265283129178,1.6543934701683471,8145,2036,58.68216347694397,0.8013861179351807
