Model,R2,MAE,RMSE,MAPE_percent,n_train,n_test,fit_time_sec,predict_time_sec
cat,0.3992006208936808,0.21244347655662837,0.1499516015750095,53.21145073699742,6213,1553,3.3365375995635986,0.0024263858795166016
