Model,R2,MAE,RMSE,MAPE_percent,n_train,n_test,fit_time_sec,predict_time_sec
cat,0.9301823585928323,0.24722028148261396,0.14152098794833629,9.983515244284023,396,7529,3.455073118209839,0.008616447448730469
