Model,R2,MAE,RMSE,MAPE_percent,n_train,n_test,fit_time_sec,predict_time_sec
gbm,0.9995187673568439,0.0002544729378992627,1.488669638020063e-07,1.7118420899444067,8145,2036,20.371999979019165,0.014692068099975586
