Model,R2,MAE,RMSE,MAPE_percent,n_train,n_test,fit_time_sec,predict_time_sec
cat,0.31413674630516986,0.3440388471951785,0.3669709183665723,35.21760483976512,2806,4209,4.196732997894287,0.005102396011352539
