Model,R2,MAE,RMSE,MAPE_percent,n_train,n_test,fit_time_sec,predict_time_sec
rf,0.9593033325766617,0.029609532068601452,0.00879199295165156,3.8189811787209695,4267,3491,24.72558331489563,0.40646839141845703
