Model,R2,MAE,RMSE,MAPE_percent,n_train,n_test,fit_time_sec,predict_time_sec
cat,0.9450864228210758,0.25314049543712486,0.15116380492938594,6.597149522647136,6206,1552,3.7134575843811035,0.0024652481079101562
