Model,R2,MAE,RMSE,MAPE_percent,n_train,n_test,fit_time_sec,predict_time_sec
gbm,0.9887373553116703,0.013143845615458718,0.0003149830163511383,6.922483293699923,8145,2036,19.809563636779785,0.015167236328125
