Model,R2,MAE,RMSE,MAPE_percent,n_train,n_test,fit_time_sec,predict_time_sec
rf,0.9638689914021635,0.12513667187951052,0.046083796696643205,5.186634261892422,6208,1552,36.55237913131714,0.2841982841491699
