Model,R2,MAE,RMSE,MAPE_percent,n_train,n_test,fit_time_sec,predict_time_sec
cat,0.9619466835419666,0.06480547498976094,0.011050571623604212,5.0269449057967845,3157,3858,4.500032901763916,0.004981517791748047
