Model,R2,MAE,RMSE,MAPE_percent,n_train,n_test,fit_time_sec,predict_time_sec
rf,0.9741421274495933,0.005884120623380394,7.824783760108774e-05,9.412672560877882,8145,2036,52.64390158653259,0.40929126739501953
