Model,R2,MAE,RMSE,MAPE_percent,n_train,n_test,fit_time_sec,predict_time_sec
rf,0.922538656967645,0.02114906074872732,0.008996185395529216,6194067.60605849,2829,8487,15.112086057662964,0.7426567077636719
