Model,R2,MAE,RMSE,MAPE_percent,n_train,n_test,fit_time_sec,predict_time_sec
cat,0.9885547394386587,0.004558656473704005,3.721601967939707e-05,7.0947305569094,8145,2036,3.7685837745666504,0.0027954578399658203
