Model,R2,MAE,RMSE,MAPE_percent,n_train,n_test,fit_time_sec,predict_time_sec
cat,0.9103884853518012,0.0010542306223727588,3.4602685941439844e-05,7.599196780154542,6109,4072,4.94152045249939,0.0054929256439208984
