Model,R2,MAE,RMSE,MAPE_percent,n_train,n_test,fit_time_sec,predict_time_sec
cat,0.9673276740086338,0.07748756203324415,0.022377684336661673,1264538538.746407,9053,2263,3.756256103515625,0.0030260086059570312
