Model,R2,MAE,RMSE,MAPE_percent,n_train,n_test,fit_time_sec,predict_time_sec
rf,-0.3955879314419626,0.0018837906983264078,0.0005079863267395303,14.631574326485714,8151,2038,52.15256953239441,0.41913652420043945
