Model,R2,MAE,RMSE,MAPE_percent,n_train,n_test,fit_time_sec,predict_time_sec
cat,0.9881773608869732,0.006626973804989126,9.588880880723797e-05,12.69571990554538,8145,2036,3.3771650791168213,0.0025954246520996094
