Model,R2,MAE,RMSE,MAPE_percent,n_train,n_test,fit_time_sec,predict_time_sec
cat,0.9802805035466045,0.022445374442813738,0.001337647562168581,4.277892608158304,3103,4655,3.276639938354492,0.0047872066497802734
