Model,R2,MAE,RMSE,MAPE_percent,n_train,n_test,fit_time_sec,predict_time_sec
cat,0.9694172681080464,0.11547660977112433,0.030634365288799315,4.931147105174818,6208,1552,3.4291460514068604,0.0022988319396972656
