Model,R2,MAE,RMSE,MAPE_percent,n_train,n_test,fit_time_sec,predict_time_sec
cat,0.8747235814564022,0.0012316530442576267,3.9443733892138265e-05,8.758431430328283,1018,9163,2.9112496376037598,0.008327007293701172
