Model,R2,MAE,RMSE,MAPE_percent,n_train,n_test,fit_time_sec,predict_time_sec
gbm,0.9529462585783157,0.1455481879443396,0.04574071196941185,5.9713155504372875,6208,1552,15.420722484588623,0.012408256530761719
