Model,R2,MAE,RMSE,MAPE_percent,n_train,n_test,fit_time_sec,predict_time_sec
gbm,0.9486045031892623,0.0007855352054991226,2.3915818899763227e-05,4.1582744274859476,8145,2036,20.226908922195435,0.014337301254272461
