Model,R2,MAE,RMSE,MAPE_percent,n_train,n_test,fit_time_sec,predict_time_sec
gbm,0.9939192884176318,0.0018876115699603358,0.0003958651387719191,1.5915325115716428,8151,2038,20.68838906288147,0.012752294540405273
