Model,R2,MAE,RMSE,MAPE_percent,n_train,n_test,fit_time_sec,predict_time_sec
cat,0.9765312910040397,0.0010710985260983935,1.98166363655995e-06,6.850547759327973,7636,2545,3.59688663482666,0.0030603408813476562
