Model,R2,MAE,RMSE,MAPE_percent,n_train,n_test,fit_time_sec,predict_time_sec
cat,0.9864349029333267,0.014864084671085917,0.0004457707885193538,7.432544802573824,8151,2038,3.6024460792541504,0.0025801658630371094
