Model,R2,MAE,RMSE,MAPE_percent,n_train,n_test,fit_time_sec,predict_time_sec
rf,0.9669674916201694,0.016874865318014028,0.007898514272575709,1.9459174363950857,6206,1552,36.7178955078125,0.2942376136779785
