Model,R2,MAE,RMSE,MAPE_percent,n_train,n_test,fit_time_sec,predict_time_sec
rf,0.9306906022457804,0.01465493250612078,0.004237976459764712,3.8659912804880703,776,6984,3.768040657043457,0.45308399200439453
