Model,R2,MAE,RMSE,MAPE_percent,n_train,n_test,fit_time_sec,predict_time_sec
rf,0.8561732716109707,0.10275585948533893,0.03400101134102418,8.615014267920746,6208,1552,39.584750175476074,0.34745311737060547
