Model,R2,MAE,RMSE,MAPE_percent,n_train,n_test,fit_time_sec,predict_time_sec
rf,0.961975322350534,0.12211892023151474,0.0380631848306892,5.081314479210378,6208,1552,36.49565768241882,0.27790236473083496
