Model,R2,MAE,RMSE,MAPE_percent,n_train,n_test,fit_time_sec,predict_time_sec
cat,0.7018152003255117,0.07021095475037505,0.18905367363145978,5.138537431667776,3552,3553,4.5874762535095215,0.004732847213745117
