Model,R2,MAE,RMSE,MAPE_percent,n_train,n_test,fit_time_sec,predict_time_sec
gbm,0.9030767983975853,0.0022560859631382936,0.0013011057801130732,1.8022436572983378,8145,2036,20.521903038024902,0.014966249465942383
