Model,R2,MAE,RMSE,MAPE_percent,n_train,n_test,fit_time_sec,predict_time_sec
rf,0.9501810600864922,0.17929608204825315,0.08130052822697661,5.81959168951506,6340,1585,37.275394916534424,0.2813990116119385
