Model,R2,MAE,RMSE,MAPE_percent,n_train,n_test,fit_time_sec,predict_time_sec
rf,0.9734853617875721,0.0017747678506464524,0.00021596235925975556,1.9892324441212212,8145,2036,61.25591588020325,0.7913722991943359
