Model,R2,MAE,RMSE,MAPE_percent,n_train,n_test,fit_time_sec,predict_time_sec
rf,0.7772617573193965,0.20260556403313335,0.6817472205952285,14.353948103268955,9059,2265,55.80573749542236,0.44024181365966797
