Model,R2,MAE,RMSE,MAPE_percent,n_train,n_test,fit_time_sec,predict_time_sec
cat,0.9619321578829474,0.13704667637832232,0.05255117333437302,5.970568063890476,6208,1552,3.4266140460968018,0.002390146255493164
