Model,R2,MAE,RMSE,MAPE_percent,n_train,n_test,fit_time_sec,predict_time_sec
cat,0.9582704147907118,0.07996933436222424,0.01603684695840917,61.139842209696205,4526,6790,4.536231517791748,0.007561683654785156
