Model,R2,MAE,RMSE,MAPE_percent,n_train,n_test,fit_time_sec,predict_time_sec
cat,0.9969241784839626,0.004350980874395408,4.0114675117918644e-05,1.7509463270293741,6208,1552,3.418363571166992,0.0022897720336914062
