Model,R2,MAE,RMSE,MAPE_percent,n_train,n_test,fit_time_sec,predict_time_sec
cat,0.18980935660334242,0.269125285330471,0.25425200275140836,41.199309339908304,6174,2646,4.173113584518433,0.0033593177795410156
