Model,R2,MAE,RMSE,MAPE_percent,n_train,n_test,fit_time_sec,predict_time_sec
gbm,0.9712514022867148,0.027838728897412852,0.006347684437483432,3.9806888903182194,5043,2715,12.425652980804443,0.01958322525024414
