Model,R2,MAE,RMSE,MAPE_percent,n_train,n_test,fit_time_sec,predict_time_sec
rf,0.9631850885915987,0.01871605188985571,0.0030070880815815043,10.700101637436866,8145,2036,52.35557985305786,0.4043586254119873
