Model,R2,MAE,RMSE,MAPE_percent,n_train,n_test,fit_time_sec,predict_time_sec
rf,0.9093473254486866,0.054481057043606625,0.01748275736576473,4.79949383079664,6208,1552,44.95813322067261,0.29517149925231934
