Model,R2,MAE,RMSE,MAPE_percent,n_train,n_test,fit_time_sec,predict_time_sec
rf,0.9898927572370098,0.0014050256607201943,7.583735553062114e-05,1.8466046746619211,8145,2036,50.6611008644104,0.40296196937561035
