Model,R2,MAE,RMSE,MAPE_percent,n_train,n_test,fit_time_sec,predict_time_sec
cat,0.3267777480881382,0.13798249896227593,0.06092860626156191,56.828601613270116,4359,3566,4.219637632369995,0.005032777786254883
