Model,R2,MAE,RMSE,MAPE_percent,n_train,n_test,fit_time_sec,predict_time_sec
rf,0.926425218860581,0.1298382345778805,0.07414267411015615,6.199773263350898,6206,1552,37.940802335739136,0.2909886837005615
