Model,R2,MAE,RMSE,MAPE_percent,n_train,n_test,fit_time_sec,predict_time_sec
cat,0.98903921870998,0.0007928941700489689,1.1582581366822179e-06,6.81560768931366,8145,2036,3.6361818313598633,0.002615213394165039
