Model,R2,MAE,RMSE,MAPE_percent,n_train,n_test,fit_time_sec,predict_time_sec
cat,0.9874186902989668,0.0011428184550940318,2.7768763238062778e-06,8.774820761065879,1527,8654,4.203834295272827,0.008287906646728516
