Model,R2,MAE,RMSE,MAPE_percent,n_train,n_test,fit_time_sec,predict_time_sec
rf,0.9268507316304813,0.0211510309137166,0.008500613443352442,5472617.439827551,3395,7921,18.9569890499115,0.7588138580322266
