Model,R2,MAE,RMSE,MAPE_percent,n_train,n_test,fit_time_sec,predict_time_sec
cat,0.994628675943843,0.007960420801789145,0.00017150128906677283,4.013769877831691,8151,2038,3.6746788024902344,0.0026578903198242188
