Model,R2,MAE,RMSE,MAPE_percent,n_train,n_test,fit_time_sec,predict_time_sec
cat,0.9965968136222099,0.000496905727611384,4.5851303218401847e-07,3.6759260651303047,8145,2036,3.800109624862671,0.0027675628662109375
