Model,R2,MAE,RMSE,MAPE_percent,n_train,n_test,fit_time_sec,predict_time_sec
gbm,0.8489787558170824,0.3220213916968758,0.24501248693269828,12.662833539992082,6214,1554,15.415549755096436,0.013071775436401367
