Model,R2,MAE,RMSE,MAPE_percent,n_train,n_test,fit_time_sec,predict_time_sec
cat,0.9913872143325612,0.004920503540824372,4.8356390423976964e-05,7.582840198732396,3054,7127,4.239501237869263,0.007209300994873047
