Model,R2,MAE,RMSE,MAPE_percent,n_train,n_test,fit_time_sec,predict_time_sec
cat,0.9933803248694332,0.0009483754728611179,2.2498896345781277e-06,7.443412375903422,8145,2036,5.5743091106414795,0.011428117752075195
