Model,R2,MAE,RMSE,MAPE_percent,n_train,n_test,fit_time_sec,predict_time_sec
cat,0.9641683811004726,0.016273911133524777,0.004051414839212857,415095282.36211145,9053,2263,3.660637855529785,0.0029065608978271484
