Model,R2,MAE,RMSE,MAPE_percent,n_train,n_test,fit_time_sec,predict_time_sec
gbm,0.8973698077862278,0.023055173120650713,0.012144379607840754,235965025.93727863,2263,9053,5.46410608291626,0.061187744140625
