Model,R2,MAE,RMSE,MAPE_percent,n_train,n_test,fit_time_sec,predict_time_sec
rf,0.946449561307686,0.2562773131014789,0.17283597417824456,6.935801529004287,6206,1552,36.90905475616455,0.28165507316589355
