Model,R2,MAE,RMSE,MAPE_percent,n_train,n_test,fit_time_sec,predict_time_sec
cat,0.9731363036180657,0.04074098442633329,0.005246292722987613,3.6541761108264916,6208,1552,3.461902618408203,0.0022819042205810547
