Model,R2,MAE,RMSE,MAPE_percent,n_train,n_test,fit_time_sec,predict_time_sec
cat,0.9872562875140874,0.0010939770066578716,2.2092729752072627e-06,7.318839712778959,3563,6618,3.3097951412200928,0.0078029632568359375
