Model,R2,MAE,RMSE,MAPE_percent,n_train,n_test,fit_time_sec,predict_time_sec
rf,0.9345924203260731,0.0011287018346766216,2.3502634951724394e-05,8.033773509240241,1018,9163,5.240581512451172,0.6242203712463379
