Model,R2,MAE,RMSE,MAPE_percent,n_train,n_test,fit_time_sec,predict_time_sec
cat,0.9566742307381841,0.07303614068578344,0.011724994811596065,5.561864078082975,9053,2263,4.907806873321533,0.003823995590209961
