Model,R2,MAE,RMSE,MAPE_percent,n_train,n_test,fit_time_sec,predict_time_sec
cat,0.960324146733311,0.07698130872649328,0.016560907889486776,6.13232435634664,9053,2263,3.57417368888855,0.002937793731689453
