Model,R2,MAE,RMSE,MAPE_percent,n_train,n_test,fit_time_sec,predict_time_sec
gbm,0.996599421618529,0.003536132123431093,9.558064501747687e-05,1.5382290726730945,8151,2038,20.74250340461731,0.012282371520996094
