Model,R2,MAE,RMSE,MAPE_percent,n_train,n_test,fit_time_sec,predict_time_sec
cat,0.69058334472797,0.5544705393381729,0.6426532973530272,21.997047861998663,4755,3170,4.328973054885864,0.004241228103637695
