Model,R2,MAE,RMSE,MAPE_percent,n_train,n_test,fit_time_sec,predict_time_sec
rf,0.9909638065185361,0.017237430477745112,0.0006083268605797453,10.655893743375824,8145,2036,66.68713688850403,0.7985730171203613
