Model,R2,MAE,RMSE,MAPE_percent,n_train,n_test,fit_time_sec,predict_time_sec
cat,0.9474973097864232,0.2584024094705282,0.17351727560865585,7.132231398017723,6206,1552,3.4931321144104004,0.002487659454345703
