Model,R2,MAE,RMSE,MAPE_percent,n_train,n_test,fit_time_sec,predict_time_sec
cat,0.27205639586427843,0.1489501102375045,0.08492845175919485,54.040428945613364,2378,5547,4.422598123550415,0.006029605865478516
