Model,R2,MAE,RMSE,MAPE_percent,n_train,n_test,fit_time_sec,predict_time_sec
cat,0.9880533818517768,0.01199735319069184,0.0002625743736252433,6.978959452001793,8145,2036,3.7556841373443604,0.002624034881591797
