Model,R2,MAE,RMSE,MAPE_percent,n_train,n_test,fit_time_sec,predict_time_sec
rf,0.9564946987623989,0.17331559826590656,0.06583660648004584,5.760617349586497,6340,1585,37.17016315460205,0.2808222770690918
