Model,R2,MAE,RMSE,MAPE_percent,n_train,n_test,fit_time_sec,predict_time_sec
rf,0.9840037061557548,0.0010304875608821648,2.0973261822935284e-06,6.646367848145729,5090,5091,30.092125177383423,0.5775351524353027
