Model,R2,MAE,RMSE,MAPE_percent,n_train,n_test,fit_time_sec,predict_time_sec
gbm,0.8255168769674686,0.028608877201581128,0.020066300634545533,35695890.49628331,566,10750,1.404114007949829,0.07464885711669922
