Model,R2,MAE,RMSE,MAPE_percent,n_train,n_test,fit_time_sec,predict_time_sec
cat,0.8770708391978899,0.14142861003450796,0.13014934732569858,6.844676723901498,6213,1553,3.5680367946624756,0.0023818016052246094
