Model,R2,MAE,RMSE,MAPE_percent,n_train,n_test,fit_time_sec,predict_time_sec
cat,0.6506917747256303,0.2983861747328616,0.7088370615399403,11.33543378054305,6214,1554,3.6384196281433105,0.002424478530883789
