Model,R2,MAE,RMSE,MAPE_percent,n_train,n_test,fit_time_sec,predict_time_sec
rf,0.9640684762527169,0.13074301396099255,0.04960206903258576,5.40493379819047,6208,1552,36.54373645782471,0.2870352268218994
