Model,R2,MAE,RMSE,MAPE_percent,n_train,n_test,fit_time_sec,predict_time_sec
cat,0.963313147234049,0.08024718495494916,0.023683009661897375,1448351146.6044776,9059,2265,3.5839970111846924,0.0028488636016845703
