Model,R2,MAE,RMSE,MAPE_percent,n_train,n_test,fit_time_sec,predict_time_sec
rf,0.9488138319959212,0.2536006691340149,0.14148465605747176,6.688521434176729,6213,1553,36.914817333221436,0.28433775901794434
