Model,R2,MAE,RMSE,MAPE_percent,n_train,n_test,fit_time_sec,predict_time_sec
rf,0.9943094591692009,0.002573734520368127,1.4227330191757269e-05,4.215164640778751,8145,2036,52.220762729644775,0.3939979076385498
