Model,R2,MAE,RMSE,MAPE_percent,n_train,n_test,fit_time_sec,predict_time_sec
rf,0.5047582077467494,0.26774507469980036,0.16896992297487162,34.12075061432559,6208,1552,39.95307445526123,0.30632615089416504
