Model,R2,MAE,RMSE,MAPE_percent,n_train,n_test,fit_time_sec,predict_time_sec
cat,0.4682667726757431,0.30738320150773696,0.19666941179614753,37.02331772982347,6208,1552,3.170719861984253,0.002365589141845703
