Model,R2,MAE,RMSE,MAPE_percent,n_train,n_test,fit_time_sec,predict_time_sec
cat,0.943221547140727,0.08724053830231866,0.03339536013161464,5.960202136933958,1981,5944,4.435395002365112,0.007369041442871094
