Model,R2,MAE,RMSE,MAPE_percent,n_train,n_test,fit_time_sec,predict_time_sec
cat,0.976022518650206,0.04173054711471601,0.003798134546083229,4.941711368519932,3969,4851,4.433373212814331,0.006995439529418945
