Model,R2,MAE,RMSE,MAPE_percent,n_train,n_test,fit_time_sec,predict_time_sec
rf,0.9840025924890066,0.011462235912974128,0.00039198741438670903,3.163601944707174,7355,3961,44.133485078811646,0.5095946788787842
