Model,R2,MAE,RMSE,MAPE_percent,n_train,n_test,fit_time_sec,predict_time_sec
cat,0.695406466909003,0.4388266146995492,0.4028343561840721,23.440039974765817,6208,1552,4.129379749298096,0.003198385238647461
