Model,R2,MAE,RMSE,MAPE_percent,n_train,n_test,fit_time_sec,predict_time_sec
rf,0.9739474292232789,0.05164780358433421,0.006538420514295701,3.9829793657479824,5684,1421,34.18075394630432,0.2758767604827881
