Model,R2,MAE,RMSE,MAPE_percent,n_train,n_test,fit_time_sec,predict_time_sec
gbm,0.9768207843750115,0.026406088241741038,0.004353649590010513,3.786643469862135,6206,1552,15.447821617126465,0.01207590103149414
