Model,R2,MAE,RMSE,MAPE_percent,n_train,n_test,fit_time_sec,predict_time_sec
cat,0.9933440832765681,0.013938288238313752,0.00046405862578620296,7.349402848373862,8145,2036,3.640462636947632,0.0026688575744628906
