Model,R2,MAE,RMSE,MAPE_percent,n_train,n_test,fit_time_sec,predict_time_sec
gbm,0.9890183302543749,0.015108229458104187,0.00041351824265195255,6.679965700239938,8145,2036,19.815770864486694,0.01437067985534668
