Model,R2,MAE,RMSE,MAPE_percent,n_train,n_test,fit_time_sec,predict_time_sec
gbm,0.9407045229920054,0.12638818754575185,0.05421888030331633,6.541616824462474,6206,1552,15.451859712600708,0.012424230575561523
