Model,R2,MAE,RMSE,MAPE_percent,n_train,n_test,fit_time_sec,predict_time_sec
gbm,0.9959929751309051,0.0026073074989419734,1.2804760220860506e-05,3.818583156011156,8145,2036,20.311832189559937,0.014154195785522461
