Model,R2,MAE,RMSE,MAPE_percent,n_train,n_test,fit_time_sec,predict_time_sec
cat,0.6863693290857333,0.546936858843199,0.6360141806590259,22.693288792909097,5944,1981,4.732183933258057,0.0036878585815429688
