Model,R2,MAE,RMSE,MAPE_percent,n_train,n_test,fit_time_sec,predict_time_sec
gbm,0.9177447103704722,0.058871908061997984,0.0317980878125864,5.0281327633138275,6208,1552,15.428473711013794,0.012534141540527344
