Model,R2,MAE,RMSE,MAPE_percent,n_train,n_test,fit_time_sec,predict_time_sec
gbm,0.9625659387510311,0.03039045403397394,0.007213141493841974,4.105765353605941,4267,3491,10.496680974960327,0.024203777313232422
