Model,R2,MAE,RMSE,MAPE_percent,n_train,n_test,fit_time_sec,predict_time_sec
gbm,-1.8557613825334256,0.0024417697396870775,0.002257629494384709,6.355640427419401,8151,2038,20.403942108154297,0.013592720031738281
