Model,R2,MAE,RMSE,MAPE_percent,n_train,n_test,fit_time_sec,predict_time_sec
cat,0.9756174025735929,0.026911852791294783,0.005659953020249561,3.773780161043483,6206,1552,3.4392647743225098,0.0023546218872070312
