Model,R2,MAE,RMSE,MAPE_percent,n_train,n_test,fit_time_sec,predict_time_sec
cat,0.7827827092874317,0.05438700030450328,0.0820264289009338,5.435711189380025,6174,2646,5.065732955932617,0.003587961196899414
