Model,R2,MAE,RMSE,MAPE_percent,n_train,n_test,fit_time_sec,predict_time_sec
gbm,0.9948997200786707,0.005795551023450993,0.00018353502970282565,1.7267200867730883,9059,2265,22.90225625038147,0.017031431198120117
