Model,R2,MAE,RMSE,MAPE_percent,n_train,n_test,fit_time_sec,predict_time_sec
gbm,0.9945933226162954,0.004894739498030301,6.869748275246311e-05,1.8139183485446533,6208,1552,15.439714908599854,0.011756420135498047
