Model,R2,MAE,RMSE,MAPE_percent,n_train,n_test,fit_time_sec,predict_time_sec
gbm,0.9947327020108307,0.0006123437687528004,7.815393927683782e-07,3.90354331056767,8145,2036,20.320183753967285,0.013731241226196289
