Model,R2,MAE,RMSE,MAPE_percent,n_train,n_test,fit_time_sec,predict_time_sec
cat,0.9760372746523078,0.054262218503452704,0.006000676436771794,4.189817682095308,5684,1421,4.941734552383423,0.0026743412017822266
