Model,R2,MAE,RMSE,MAPE_percent,n_train,n_test,fit_time_sec,predict_time_sec
rf,0.9903773549485223,0.0011380731671754548,2.5687498407945614e-06,7.633166430255633,1527,8654,7.843320369720459,0.6519899368286133
