Model,R2,MAE,RMSE,MAPE_percent,n_train,n_test,fit_time_sec,predict_time_sec
rf,0.9906420041896289,0.001127930666062088,2.5179220301330042e-06,7.529612368928358,1527,8654,7.896462917327881,0.6590871810913086
