Model,R2,MAE,RMSE,MAPE_percent,n_train,n_test,fit_time_sec,predict_time_sec
gbm,0.8432507594799473,0.005436707792697269,0.0004197129028772016,7.932081189257187,8151,2038,19.797173023223877,0.013652563095092773
