Model,R2,MAE,RMSE,MAPE_percent,n_train,n_test,fit_time_sec,predict_time_sec
gbm,0.9608818812750622,0.1377061160453336,0.03999451937384667,5.800128333543735,6208,1552,15.569176435470581,0.012362003326416016
