Model,R2,MAE,RMSE,MAPE_percent,n_train,n_test,fit_time_sec,predict_time_sec
cat,0.9979042768250727,0.00037930230818761365,2.883714517206565e-07,2.6568895700817037,8145,2036,3.636845111846924,0.0026044845581054688
