Model,R2,MAE,RMSE,MAPE_percent,n_train,n_test,fit_time_sec,predict_time_sec
cat,0.996850080673587,0.0005637600545535765,8.488596620572694e-07,4.650091854278685,8145,2036,7.455986022949219,0.01246500015258789
