Model,R2,MAE,RMSE,MAPE_percent,n_train,n_test,fit_time_sec,predict_time_sec
gbm,0.9390477160001053,0.018550536111340842,0.007928532962447176,193196428.549233,9053,2263,24.20629572868347,0.01745295524597168
