Model,R2,MAE,RMSE,MAPE_percent,n_train,n_test,fit_time_sec,predict_time_sec
gbm,0.989939110430316,0.001269261746955363,3.112286966992694e-06,11.942706022439815,8145,2036,19.551924467086792,0.015433549880981445
