Model,R2,MAE,RMSE,MAPE_percent,n_train,n_test,fit_time_sec,predict_time_sec
cat,0.9636792365471885,0.05923296938693853,0.008597055552257787,4.579088131347366,5612,1403,4.784659385681152,0.002660989761352539
