Model,R2,MAE,RMSE,MAPE_percent,n_train,n_test,fit_time_sec,predict_time_sec
cat,0.8856396082735778,0.0014695592002936398,4.4894872505390176e-05,12.797502451586947,5090,5091,4.3055431842803955,0.006672859191894531
