Model,R2,MAE,RMSE,MAPE_percent,n_train,n_test,fit_time_sec,predict_time_sec
rf,0.9603533506026177,0.06761702688449141,0.023435041579464296,4.213124454188528,6340,1585,36.819968461990356,0.2915160655975342
