Model,R2,MAE,RMSE,MAPE_percent,n_train,n_test,fit_time_sec,predict_time_sec
rf,0.8765414791149257,0.0004171349866333333,5.67129963909969e-05,1.7204919185898386,8145,2036,52.25591468811035,0.4343092441558838
