Model,R2,MAE,RMSE,MAPE_percent,n_train,n_test,fit_time_sec,predict_time_sec
cat,0.997514615417402,0.00037966189707082425,3.08960865316767e-07,2.7865346802823003,8145,2036,3.613043785095215,0.0027189254760742188
