Model,R2,MAE,RMSE,MAPE_percent,n_train,n_test,fit_time_sec,predict_time_sec
gbm,0.9897045712190958,0.018571252624456847,0.0007178098420502315,11.941662279119015,8145,2036,29.454932928085327,0.01606273651123047
