Model,R2,MAE,RMSE,MAPE_percent,n_train,n_test,fit_time_sec,predict_time_sec
cat,0.9963519918506265,0.002358996434947233,1.290424600368105e-05,3.086870831428563,8145,2036,3.8008785247802734,0.0027332305908203125
