Model,R2,MAE,RMSE,MAPE_percent,n_train,n_test,fit_time_sec,predict_time_sec
rf,0.5359651344619267,0.3406530312064971,0.31321021189190595,8541376779.764898,9053,2263,59.96723937988281,0.4614849090576172
