Model,R2,MAE,RMSE,MAPE_percent,n_train,n_test,fit_time_sec,predict_time_sec
cat,0.9163575732831768,0.007447289443857512,0.000767541219957125,14.555650639769238,4072,6109,4.196258306503296,0.006515979766845703
