Model,R2,MAE,RMSE,MAPE_percent,n_train,n_test,fit_time_sec,predict_time_sec
rf,0.9265201363902349,0.020680879945011166,0.012641874477385386,3.3202662017310725,6340,1585,38.66545057296753,0.29619884490966797
