Model,R2,MAE,RMSE,MAPE_percent,n_train,n_test,fit_time_sec,predict_time_sec
cat,0.9967850749626742,0.0030744487664184287,2.422630172599245e-05,4.424144103542797,8145,2036,3.5652666091918945,0.002733945846557617
