Model,R2,MAE,RMSE,MAPE_percent,n_train,n_test,fit_time_sec,predict_time_sec
gbm,0.8559729699499806,0.20743325966971246,0.08879643272512422,11.481761285336283,6206,1552,14.780980825424194,0.012870311737060547
