Model,R2,MAE,RMSE,MAPE_percent,n_train,n_test,fit_time_sec,predict_time_sec
gbm,0.966289961329696,0.16094138475498238,0.053474794421868616,5.262322081946987,6340,1585,15.823246717453003,0.012965917587280273
