Model,R2,MAE,RMSE,MAPE_percent,n_train,n_test,fit_time_sec,predict_time_sec
rf,0.9833504151191602,0.0004343701912348469,7.135671421471648e-06,2.1203284993320657,8145,2036,51.895671129226685,0.41146111488342285
