Model,R2,MAE,RMSE,MAPE_percent,n_train,n_test,fit_time_sec,predict_time_sec
cat,0.9964766351979192,0.000478534980536765,5.663514862852789e-07,3.1955746570483887,8145,2036,3.9122729301452637,0.0026426315307617188
