Model,R2,MAE,RMSE,MAPE_percent,n_train,n_test,fit_time_sec,predict_time_sec
rf,0.9208990462021888,0.04017023028063286,0.017899760392798596,4.924881344143898,1164,6594,5.809892892837524,0.4725818634033203
