Model,R2,MAE,RMSE,MAPE_percent,n_train,n_test,fit_time_sec,predict_time_sec
gbm,0.9896084973766572,0.006360148063322499,8.686909652810614e-05,11.762280276928491,8145,2036,30.20220160484314,0.016071796417236328
