Model,R2,MAE,RMSE,MAPE_percent,n_train,n_test,fit_time_sec,predict_time_sec
rf,0.9508562410247753,0.0500516328482508,0.016624888755616452,3.9552415063983046,6208,1552,36.490538597106934,0.28605222702026367
