Model,R2,MAE,RMSE,MAPE_percent,n_train,n_test,fit_time_sec,predict_time_sec
rf,0.4126302757595144,0.002073278445217442,0.0013612644341916432,7.650010881144722,8151,2038,53.754810094833374,0.3980073928833008
