Model,R2,MAE,RMSE,MAPE_percent,n_train,n_test,fit_time_sec,predict_time_sec
cat,0.2828048927964125,0.001875521942554282,0.0004223134460551744,8.761691375595714,8151,2038,3.58634090423584,0.002604246139526367
