Model,R2,MAE,RMSE,MAPE_percent,n_train,n_test,fit_time_sec,predict_time_sec
cat,0.8685222309852192,0.017785514138793545,0.010649793407502573,7.4977749916170815,2036,8145,3.9661591053009033,0.009373664855957031
