Model,R2,MAE,RMSE,MAPE_percent,n_train,n_test,fit_time_sec,predict_time_sec
cat,0.9079235633050982,0.09842789541085309,0.032340852565628755,8.299450488151045,6214,1554,3.458294630050659,0.002357959747314453
