Model,R2,MAE,RMSE,MAPE_percent,n_train,n_test,fit_time_sec,predict_time_sec
cat,0.3214695236670084,0.007874132685538982,0.04417354079963197,4.424381697493532,8151,2038,3.450470447540283,0.002544403076171875
