Model,R2,MAE,RMSE,MAPE_percent,n_train,n_test,fit_time_sec,predict_time_sec
gbm,-6.713548331258138,0.03956108338412294,0.25767980158528886,13.179698108992108,8151,2038,19.838170051574707,0.014117240905761719
