Model,R2,MAE,RMSE,MAPE_percent,n_train,n_test,fit_time_sec,predict_time_sec
gbm,0.9987554972314426,0.0011446254159688434,3.467610245313848e-06,1.859157005133489,8145,2036,20.462138414382935,0.014149665832519531
