Model,R2,MAE,RMSE,MAPE_percent,n_train,n_test,fit_time_sec,predict_time_sec
cat,0.9709541356276687,0.06267612486540479,0.00993430165904543,4.142537673802997,6340,1585,4.5605223178863525,0.003003835678100586
