Model,R2,MAE,RMSE,MAPE_percent,n_train,n_test,fit_time_sec,predict_time_sec
cat,0.9240286444167387,0.24860140706422995,0.15183744412468678,9.49450517056821,396,7529,3.626701831817627,0.008219718933105469
