Model,R2,MAE,RMSE,MAPE_percent,n_train,n_test,fit_time_sec,predict_time_sec
rf,-0.09420750390776744,0.012540884664679286,0.021626082569375763,8.7374246342851,8151,2038,54.853169679641724,0.41351747512817383
