Model,R2,MAE,RMSE,MAPE_percent,n_train,n_test,fit_time_sec,predict_time_sec
gbm,0.9964450165568824,0.007123052869919257,0.00011210768305093228,3.0454005526721084,8145,2036,20.384644269943237,0.014119386672973633
