Model,R2,MAE,RMSE,MAPE_percent,n_train,n_test,fit_time_sec,predict_time_sec
gbm,0.9990937281279076,0.0011877252341974775,2.7509300460607002e-06,1.6216944417116481,8145,2036,20.71291971206665,0.014132261276245117
