Model,R2,MAE,RMSE,MAPE_percent,n_train,n_test,fit_time_sec,predict_time_sec
cat,0.9486928465956881,0.19463380976724304,0.09565236004269,6.62687828589381,1981,5944,4.434115886688232,0.006636381149291992
