Model,R2,MAE,RMSE,MAPE_percent,n_train,n_test,fit_time_sec,predict_time_sec
cat,0.9658056917213667,0.16230418212281428,0.06759756133758531,5.526474918489048,6340,1585,4.332508563995361,0.002621173858642578
