Model,R2,MAE,RMSE,MAPE_percent,n_train,n_test,fit_time_sec,predict_time_sec
rf,0.9714390798511935,0.16591757434528998,0.06862800768502593,501805.9661424277,9053,2263,55.09056735038757,0.4468843936920166
