Model,R2,MAE,RMSE,MAPE_percent,n_train,n_test,fit_time_sec,predict_time_sec
rf,0.9853512696632418,0.012499461282468817,0.0006201046085081738,3.3595391445321066,9059,2265,58.6382315158844,0.4282834529876709
