Model,R2,MAE,RMSE,MAPE_percent,n_train,n_test,fit_time_sec,predict_time_sec
cat,0.4725014781244046,0.36978815597351095,0.3098956522845003,35.688613511662794,4359,3566,4.04683780670166,0.0061604976654052734
