Model,R2,MAE,RMSE,MAPE_percent,n_train,n_test,fit_time_sec,predict_time_sec
rf,0.963065914691945,0.024473516635564577,0.008301481487117174,2.966747574308027,6206,1552,36.79204344749451,0.2856311798095703
