Model,R2,MAE,RMSE,MAPE_percent,n_train,n_test,fit_time_sec,predict_time_sec
cat,0.9703556691516437,0.04539874948936857,0.005044055424133981,5.376827156585423,3087,5733,4.386193513870239,0.007903575897216797
