Model,R2,MAE,RMSE,MAPE_percent,n_train,n_test,fit_time_sec,predict_time_sec
cat,0.9872557628026531,0.015745011708240747,0.0012318909142258368,7.278023666979161,8145,2036,6.87923002243042,0.005334377288818359
