Model,R2,MAE,RMSE,MAPE_percent,n_train,n_test,fit_time_sec,predict_time_sec
cat,0.30298143360013774,0.3345659615832145,0.37954939625648737,33.89871300670721,1421,5684,3.6745331287384033,0.008065223693847656
