Model,R2,MAE,RMSE,MAPE_percent,n_train,n_test,fit_time_sec,predict_time_sec
cat,0.9158384864275405,0.0012410108205716253,3.0241408416868915e-05,8.573397094787492,1018,9163,3.9682509899139404,0.010311365127563477
