Model,R2,MAE,RMSE,MAPE_percent,n_train,n_test,fit_time_sec,predict_time_sec
cat,0.463897000626442,0.3058298413449956,0.2021975374416778,32.71240354421313,4618,2487,4.428052186965942,0.004189252853393555
