Model,R2,MAE,RMSE,MAPE_percent,n_train,n_test,fit_time_sec,predict_time_sec
rf,0.9108329779502835,0.0012637682999857506,4.1341899182380595e-05,7.364063125201483,2545,7636,13.692336797714233,0.6740407943725586
