Model,R2,MAE,RMSE,MAPE_percent,n_train,n_test,fit_time_sec,predict_time_sec
cat,0.7962437889187339,0.09536082200524007,0.09625092305827748,7.598676183607823,1052,5963,3.6501340866088867,0.007040262222290039
