Model,R2,MAE,RMSE,MAPE_percent,n_train,n_test,fit_time_sec,predict_time_sec
rf,0.9575015226782028,0.16396404869766187,0.06764222826664074,5.222926529314545,6340,1585,37.01997113227844,0.2835714817047119
