Model,R2,MAE,RMSE,MAPE_percent,n_train,n_test,fit_time_sec,predict_time_sec
cat,0.8607756241695337,0.0008963714924943965,7.69978999658423e-05,4.635200105919533,8145,2036,24.03308653831482,0.01349949836730957
