Model,R2,MAE,RMSE,MAPE_percent,n_train,n_test,fit_time_sec,predict_time_sec
cat,0.9051985242083166,0.0012332823777890943,3.43700979149356e-05,8.78235884602782,1018,9163,3.0113961696624756,0.008292436599731445
