Model,R2,MAE,RMSE,MAPE_percent,n_train,n_test,fit_time_sec,predict_time_sec
rf,0.13571346011596475,0.01614975427587534,0.04296189022750278,5.091350561046431,8151,2038,55.54002833366394,0.39553117752075195
