Model,R2,MAE,RMSE,MAPE_percent,n_train,n_test,fit_time_sec,predict_time_sec
gbm,0.961248447658271,0.1881680183219511,0.0890597542147626,1946969145.8406758,9053,2263,43.567097663879395,0.0183866024017334
