Model,R2,MAE,RMSE,MAPE_percent,n_train,n_test,fit_time_sec,predict_time_sec
gbm,0.9250289282309874,0.33828165427686574,0.21655421505087338,8.857660416358375,6206,1552,14.742610931396484,0.012661218643188477
