Model,R2,MAE,RMSE,MAPE_percent,n_train,n_test,fit_time_sec,predict_time_sec
gbm,0.9597519362621796,0.07656009350239473,0.016097029648878672,220506009.15195006,9053,2263,22.964956760406494,0.017362594604492188
