Model,R2,MAE,RMSE,MAPE_percent,n_train,n_test,fit_time_sec,predict_time_sec
gbm,0.9623324519010596,0.008619899065165222,0.0022689767465973306,2.039457301800347,6208,1552,26.939979553222656,0.012021780014038086
