Model,R2,MAE,RMSE,MAPE_percent,n_train,n_test,fit_time_sec,predict_time_sec
rf,0.9474702811759741,0.18566036007237077,0.12271452162908135,1656627.3481997123,9059,2265,55.71167302131653,0.44026851654052734
