Model,R2,MAE,RMSE,MAPE_percent,n_train,n_test,fit_time_sec,predict_time_sec
rf,0.2060794699767211,0.007762487333548752,0.011536075999899266,5.030645915732664,8151,2038,56.55471396446228,0.38443470001220703
