Model,R2,MAE,RMSE,MAPE_percent,n_train,n_test,fit_time_sec,predict_time_sec
cat,0.356765970284449,0.006432289826362078,0.004661337190635485,7.417411710384071,8151,2038,3.5145299434661865,0.0025882720947265625
