Model,R2,MAE,RMSE,MAPE_percent,n_train,n_test,fit_time_sec,predict_time_sec
cat,0.7061153461923788,0.566338496841451,0.6836688396692783,6407568942.612865,1697,9619,4.02168607711792,0.010374784469604492
