Model,R2,MAE,RMSE,MAPE_percent,n_train,n_test,fit_time_sec,predict_time_sec
cat,0.9468025367723764,0.2130808288436324,0.1237541582623305,2591556290.743574,1697,9619,4.262837171554565,0.014455080032348633
