Model,R2,MAE,RMSE,MAPE_percent,n_train,n_test,fit_time_sec,predict_time_sec
cat,0.9103583570935722,0.0011966912764585017,3.46568208131716e-05,7.89220334749481,2545,7636,5.721959590911865,0.009491920471191406
