Model,R2,MAE,RMSE,MAPE_percent,n_train,n_test,fit_time_sec,predict_time_sec
cat,0.9522539512748256,0.21080539983467486,0.09684313811135163,1117752762.7568424,2263,9053,4.451446294784546,0.00896310806274414
