Model,R2,MAE,RMSE,MAPE_percent,n_train,n_test,fit_time_sec,predict_time_sec
cat,0.9578540131479323,0.181213449900302,0.0688808030121426,5.952637623174006,5151,2774,4.773277282714844,0.0038275718688964844
