Model,R2,MAE,RMSE,MAPE_percent,n_train,n_test,fit_time_sec,predict_time_sec
gbm,0.9493144316821568,0.11712383297689645,0.03276080604802083,5.939842763971084,6206,1552,15.418376922607422,0.011828899383544922
