Model,R2,MAE,RMSE,MAPE_percent,n_train,n_test,fit_time_sec,predict_time_sec
gbm,0.9798071892847757,0.012195315533590942,0.0018029141442874274,30.879716545663445,9053,2263,24.42875838279724,0.017284393310546875
