Model,R2,MAE,RMSE,MAPE_percent,n_train,n_test,fit_time_sec,predict_time_sec
rf,0.9730679641373811,0.0005146884376217928,9.10408605762294e-06,3.173862071181045,8145,2036,50.521148681640625,0.37763214111328125
