Model,R2,MAE,RMSE,MAPE_percent,n_train,n_test,fit_time_sec,predict_time_sec
cat,0.9819239522449663,0.01855497169616762,0.0011789930734356973,3.1692996734646024,6206,1552,9.921072959899902,0.002927541732788086
