Model,R2,MAE,RMSE,MAPE_percent,n_train,n_test,fit_time_sec,predict_time_sec
rf,0.989060382021378,0.0008887329077625685,1.5016390572548238e-06,6.870762302728566,8145,2036,51.819655656814575,0.3993520736694336
