Model,R2,MAE,RMSE,MAPE_percent,n_train,n_test,fit_time_sec,predict_time_sec
rf,0.9824793884239339,0.001041209163642947,2.043555839584503e-06,6.691996364001971,6109,4072,36.971991300582886,0.5092339515686035
