Model,R2,MAE,RMSE,MAPE_percent,n_train,n_test,fit_time_sec,predict_time_sec
rf,0.9314047617899018,0.014053546529088514,0.004116989778342684,3.6238071644367826,1164,6596,5.827695369720459,0.47966527938842773
