Model,R2,MAE,RMSE,MAPE_percent,n_train,n_test,fit_time_sec,predict_time_sec
cat,0.38032123497009485,0.03606376485170459,0.07821733657055473,17.605925925778752,8151,2038,3.2113006114959717,0.0024836063385009766
