Model,R2,MAE,RMSE,MAPE_percent,n_train,n_test,fit_time_sec,predict_time_sec
gbm,0.9884090969603435,0.0008672153144041744,1.3687420318355762e-06,7.40425938681149,3563,6618,8.408188104629517,0.041089534759521484
