Model,R2,MAE,RMSE,MAPE_percent,n_train,n_test,fit_time_sec,predict_time_sec
rf,0.9880957384737946,0.0009062058429183506,3.1812945769910202e-06,7.689210145690503,4581,5600,27.73472237586975,0.6141335964202881
