Model,R2,MAE,RMSE,MAPE_percent,n_train,n_test,fit_time_sec,predict_time_sec
cat,0.9859635462417972,0.012767004476231705,0.000374147853326798,3.617796186740051,3170,4755,4.521556377410889,0.005526065826416016
