Model,R2,MAE,RMSE,MAPE_percent,n_train,n_test,fit_time_sec,predict_time_sec
rf,0.990151110174214,0.0011697887512185745,2.9896975172907726e-06,11.222473740995909,8145,2036,53.922080278396606,0.4115433692932129
