Model,R2,MAE,RMSE,MAPE_percent,n_train,n_test,fit_time_sec,predict_time_sec
cat,0.8950314795059678,0.0009326200696484577,4.4373420014204017e-05,5.815735003161956,8151,2038,3.8158857822418213,0.0027303695678710938
