Model,R2,MAE,RMSE,MAPE_percent,n_train,n_test,fit_time_sec,predict_time_sec
cat,0.9230297483233845,0.007279932853273488,0.0007080461190948766,12.358762597474026,4072,6109,5.167145729064941,0.006351470947265625
