Model,R2,MAE,RMSE,MAPE_percent,n_train,n_test,fit_time_sec,predict_time_sec
rf,0.9878425015730197,0.0008253185903399498,1.2770388815203735e-06,7.125997358607686,8145,2036,51.75210475921631,0.40126800537109375
