Model,R2,MAE,RMSE,MAPE_percent,n_train,n_test,fit_time_sec,predict_time_sec
rf,0.880888730919419,0.09340484886332154,0.024459875069277257,7.950411883307505,6208,1552,39.8304328918457,0.3326263427734375
