Model,R2,MAE,RMSE,MAPE_percent,n_train,n_test,fit_time_sec,predict_time_sec
cat,0.6480205091230204,0.05176533641421447,0.1743658997489759,5.363028025716911,1323,7497,4.1357421875,0.009014368057250977
