Model,R2,MAE,RMSE,MAPE_percent,n_train,n_test,fit_time_sec,predict_time_sec
cat,0.9892931874590544,0.004608174213860757,3.832664230176439e-05,7.02282056255894,7127,3054,4.785391092300415,0.003693819046020508
