Model,R2,MAE,RMSE,MAPE_percent,n_train,n_test,fit_time_sec,predict_time_sec
rf,0.9991430308289704,0.003243412463492781,2.2512975131214407e-05,1.4743079222518207,8145,2036,51.18559765815735,0.4033927917480469
