Model,R2,MAE,RMSE,MAPE_percent,n_train,n_test,fit_time_sec,predict_time_sec
rf,0.9839015893818822,0.0006852956562778569,6.54041372968161e-06,4.048215599584559,8145,2036,52.340879917144775,0.4256587028503418
