Model,R2,MAE,RMSE,MAPE_percent,n_train,n_test,fit_time_sec,predict_time_sec
rf,0.9881803382005588,0.0011405291825137315,2.847198485959506e-06,7.505487229883107,2036,8145,10.851492166519165,0.6731007099151611
