Model,R2,MAE,RMSE,MAPE_percent,n_train,n_test,fit_time_sec,predict_time_sec
cat,0.9895955495285333,0.0005519282013841392,2.886466939103251e-06,4.31408555361093,8145,2036,3.8121020793914795,0.006162166595458984
