Model,R2,MAE,RMSE,MAPE_percent,n_train,n_test,fit_time_sec,predict_time_sec
cat,0.7793524805761931,0.08580693225184897,0.10811357395985313,5.891112309267852,4209,2806,7.3913962841033936,0.0033566951751708984
