Model,R2,MAE,RMSE,MAPE_percent,n_train,n_test,fit_time_sec,predict_time_sec
gbm,0.9725048927616393,0.01706342510056713,0.002823563832204223,175233135.98649696,9053,2263,23.10853147506714,0.01693105697631836
