Model,R2,MAE,RMSE,MAPE_percent,n_train,n_test,fit_time_sec,predict_time_sec
rf,0.9609555237793967,0.08085190468616496,0.02674204965345404,53197702.647940725,9053,2263,54.04663443565369,0.4511871337890625
