Model,R2,MAE,RMSE,MAPE_percent,n_train,n_test,fit_time_sec,predict_time_sec
cat,0.9014794648257094,0.0009978771971215572,3.4523335984625614e-05,7.61130908640224,4581,5600,3.221743106842041,0.006247282028198242
