Model,R2,MAE,RMSE,MAPE_percent,n_train,n_test,fit_time_sec,predict_time_sec
rf,0.9880542573651461,0.011957322305624919,0.0002688723035706376,6.999834746951583,8145,2036,51.7738082408905,0.39096856117248535
