Model,R2,MAE,RMSE,MAPE_percent,n_train,n_test,fit_time_sec,predict_time_sec
cat,0.984638235791002,0.011926371199606736,0.0004259588029115162,3.334349125968165,5548,2377,4.608087778091431,0.003463268280029297
