Model,R2,MAE,RMSE,MAPE_percent,n_train,n_test,fit_time_sec,predict_time_sec
cat,0.9955052766096287,0.00285291452777504,1.7897768471208307e-05,3.7159063472597698,8145,2036,3.6334023475646973,0.0027837753295898438
