Model,R2,MAE,RMSE,MAPE_percent,n_train,n_test,fit_time_sec,predict_time_sec
cat,0.9577207514312918,0.19579777071632745,0.07796080822510434,195077960.23298672,3961,7355,4.335843563079834,0.007798910140991211
