Model,R2,MAE,RMSE,MAPE_percent,n_train,n_test,fit_time_sec,predict_time_sec
cat,0.9927464026754363,0.012582576337649611,0.0005512364588656016,2.1938431943456167,6213,1553,3.427535057067871,0.0023581981658935547
