Model,R2,MAE,RMSE,MAPE_percent,n_train,n_test,fit_time_sec,predict_time_sec
cat,0.8381263053722375,0.02400194610073277,0.009776516252396946,8.190262330924549,388,7372,2.476611614227295,0.008877992630004883
