Model,R2,MAE,RMSE,MAPE_percent,n_train,n_test,fit_time_sec,predict_time_sec
cat,-0.08012989706792806,0.0011538393700717866,0.00038368686067733474,4.870658025679764,8151,2038,3.725745439529419,0.0026650428771972656
