Model,R2,MAE,RMSE,MAPE_percent,n_train,n_test,fit_time_sec,predict_time_sec
rf,0.9958652522129882,0.0025760605186605774,1.2624331288366794e-05,3.803776588053344,8145,2036,50.60879921913147,0.3995347023010254
