Model,R2,MAE,RMSE,MAPE_percent,n_train,n_test,fit_time_sec,predict_time_sec
gbm,-0.12201875817462104,0.01074043316260558,0.02162622890080374,9.315540740319959,8151,2038,20.288617372512817,0.014031410217285156
