Model,R2,MAE,RMSE,MAPE_percent,n_train,n_test,fit_time_sec,predict_time_sec
gbm,0.9635885200284949,0.18798846204225372,0.08072376853459026,6.363053176911871,6340,1585,15.756870985031128,0.013795137405395508
