Model,R2,MAE,RMSE,MAPE_percent,n_train,n_test,fit_time_sec,predict_time_sec
gbm,0.9622630428912694,0.08304692418634858,0.02436089913512939,399862419.19464904,9059,2265,23.01540756225586,0.01758885383605957
