Model,R2,MAE,RMSE,MAPE_percent,n_train,n_test,fit_time_sec,predict_time_sec
rf,0.9576303926331367,0.06447105421847288,0.014011067586042989,4.4893292943276695,6208,1552,43.123286962509155,0.2779083251953125
