Model,R2,MAE,RMSE,MAPE_percent,n_train,n_test,fit_time_sec,predict_time_sec
gbm,0.9779018083616995,0.020429707948973693,0.001616259238074633,3.4425292630201563,6213,1553,15.544937133789062,0.011578559875488281
