Model,R2,MAE,RMSE,MAPE_percent,n_train,n_test,fit_time_sec,predict_time_sec
cat,0.9523821883855568,0.08820917158916228,0.03160173271931996,1285489565.740417,3961,7355,4.343056917190552,0.008211374282836914
