Model,R2,MAE,RMSE,MAPE_percent,n_train,n_test,fit_time_sec,predict_time_sec
rf,0.9828320743062466,0.009613256368519736,0.0005085594842982155,3.2392014188293587,1164,6596,5.6584694385528564,0.4613630771636963
