Model,R2,MAE,RMSE,MAPE_percent,n_train,n_test,fit_time_sec,predict_time_sec
gbm,0.12779542486551676,0.0025123403236969573,0.002021386221438425,12.034781139396964,8151,2038,18.28422498703003,0.015259504318237305
