Model,R2,MAE,RMSE,MAPE_percent,n_train,n_test,fit_time_sec,predict_time_sec
gbm,0.978935772401529,0.001090641884463882,2.335653078957663e-06,9.88984693317608,8145,2036,19.877354860305786,0.015160083770751953
