Model,R2,MAE,RMSE,MAPE_percent,n_train,n_test,fit_time_sec,predict_time_sec
cat,0.9636152718284181,0.12603703502660216,0.0365118710298126,5.29753387849077,6208,1552,3.465670108795166,0.002372264862060547
