Model,R2,MAE,RMSE,MAPE_percent,n_train,n_test,fit_time_sec,predict_time_sec
gbm,0.9467802791934133,0.0017335768000703157,0.00014162504223464356,2.1972584449345094,8151,2038,20.808727025985718,0.012593746185302734
