Model,R2,MAE,RMSE,MAPE_percent,n_train,n_test,fit_time_sec,predict_time_sec
cat,0.938988777232847,0.12337783504282601,0.05402321661396296,6.763302011927854,6206,1552,3.7387561798095703,0.00531315803527832
