Model,R2,MAE,RMSE,MAPE_percent,n_train,n_test,fit_time_sec,predict_time_sec
cat,0.9824124895507793,0.0009310770652712943,1.4977617598609583e-06,6.921929800588026,6618,3563,4.652795076370239,0.00457000732421875
