Model,R2,MAE,RMSE,MAPE_percent,n_train,n_test,fit_time_sec,predict_time_sec
cat,0.9578491087952534,0.11478820177681291,0.02888369053979122,5.759297331813733,6206,1552,3.583061933517456,0.0023484230041503906
