Model,R2,MAE,RMSE,MAPE_percent,n_train,n_test,fit_time_sec,predict_time_sec
cat,0.9129484282774742,0.001073897838467993,3.6392067767544993e-05,7.317344857895145,6109,4072,5.018986225128174,0.004881620407104492
