Model,R2,MAE,RMSE,MAPE_percent,n_train,n_test,fit_time_sec,predict_time_sec
rf,0.9487157440260706,0.1407688106328969,0.07131981496317615,5.80291052525534,6208,1552,36.711795806884766,0.29016852378845215
