Model,R2,MAE,RMSE,MAPE_percent,n_train,n_test,fit_time_sec,predict_time_sec
cat,0.9814957564186136,0.019093722125171395,0.0011927507551844337,3.4442418753443076,6206,1552,3.7088782787323,0.002416849136352539
