Model,R2,MAE,RMSE,MAPE_percent,n_train,n_test,fit_time_sec,predict_time_sec
cat,0.9953010410875481,0.008652737866608407,0.0001585037239632141,3.8106247369791553,8145,2036,3.5162391662597656,0.002597808837890625
