Model,R2,MAE,RMSE,MAPE_percent,n_train,n_test,fit_time_sec,predict_time_sec
gbm,0.9843752796720158,0.0010785963190479383,2.098287914193326e-06,7.034954052248413,5090,5091,12.189377307891846,0.030226469039916992
