Model,R2,MAE,RMSE,MAPE_percent,n_train,n_test,fit_time_sec,predict_time_sec
gbm,0.5536907117191712,0.058220978710400884,0.5770916768866419,4.220623346774056,7056,1764,17.695044994354248,0.013832330703735352
