Model,R2,MAE,RMSE,MAPE_percent,n_train,n_test,fit_time_sec,predict_time_sec
cat,0.30701640142458675,0.14050512071942448,0.06758786274704962,50.550697124957225,4359,3566,4.216031551361084,0.0046234130859375
