Model,R2,MAE,RMSE,MAPE_percent,n_train,n_test,fit_time_sec,predict_time_sec
cat,0.9007849871227473,0.10095615917097378,0.03484820024467614,8.409088370680033,6214,1554,3.567274332046509,0.002316713333129883
