Model,R2,MAE,RMSE,MAPE_percent,n_train,n_test,fit_time_sec,predict_time_sec
gbm,0.987401204321084,0.010765232924831994,0.0005421715436546495,2.7331409324061893,9053,2263,22.83000421524048,0.016193389892578125
