Model,R2,MAE,RMSE,MAPE_percent,n_train,n_test,fit_time_sec,predict_time_sec
rf,0.9862892675386309,0.011543395930406448,0.00037706007811612134,3.182163125712565,6224,5092,36.31596899032593,0.5895123481750488
