Model,R2,MAE,RMSE,MAPE_percent,n_train,n_test,fit_time_sec,predict_time_sec
gbm,0.967275276730464,0.17673826394284683,0.07475308504308402,99.03250277876185,9053,2263,22.755741119384766,0.018230199813842773
