Model,R2,MAE,RMSE,MAPE_percent,n_train,n_test,fit_time_sec,predict_time_sec
gbm,0.7702504151000124,0.302909421592044,0.8563029215080235,7.55357844182573,6213,1553,15.487099170684814,0.01315450668334961
