Model,R2,MAE,RMSE,MAPE_percent,n_train,n_test,fit_time_sec,predict_time_sec
gbm,0.9760819455402326,0.0012529400474610994,3.084630471660186e-06,10.10432843675091,8145,2036,19.57060742378235,0.015166044235229492
