Model,R2,MAE,RMSE,MAPE_percent,n_train,n_test,fit_time_sec,predict_time_sec
rf,0.9580583595008072,0.07757770111317396,0.020702283457743612,5.36354585023364,9053,2263,54.176071882247925,0.5004062652587891
