Model,R2,MAE,RMSE,MAPE_percent,n_train,n_test,fit_time_sec,predict_time_sec
gbm,0.9244503631012803,0.2916435485214868,0.24066406333772863,8.144929984504556,6213,1553,15.7672758102417,0.012851953506469727
