Model,R2,MAE,RMSE,MAPE_percent,n_train,n_test,fit_time_sec,predict_time_sec
cat,0.9818679541031938,0.03601226885850251,0.002539119533762678,3.962549975098352,6615,2205,4.699726819992065,0.0037550926208496094
