Model,R2,MAE,RMSE,MAPE_percent,n_train,n_test,fit_time_sec,predict_time_sec
gbm,0.9504783533347818,0.002270719857128205,0.0005178888875443113,2.3406104093811,8151,2038,20.82006287574768,0.012899160385131836
