Model,R2,MAE,RMSE,MAPE_percent,n_train,n_test,fit_time_sec,predict_time_sec
gbm,0.9977124080426379,0.007793402686066401,0.00014624860495267232,3.922610780607575,8145,2036,20.257025718688965,0.014513254165649414
