Model,R2,MAE,RMSE,MAPE_percent,n_train,n_test,fit_time_sec,predict_time_sec
gbm,0.9358041603732078,0.056481470524730785,0.02190276799478871,4.789507942940296,6208,1552,15.567643404006958,0.012254953384399414
