Model,R2,MAE,RMSE,MAPE_percent,n_train,n_test,fit_time_sec,predict_time_sec
cat,0.7989229177697348,0.029600045082610486,0.02307783026782779,6.957657614942003,792,7133,3.6820597648620605,0.007988929748535156
