Model,R2,MAE,RMSE,MAPE_percent,n_train,n_test,fit_time_sec,predict_time_sec
rf,0.9046071798083386,0.0009545268238436829,3.203270611413671e-05,7.713060945534061,5090,5091,30.177745580673218,0.5999555587768555
