Model,R2,MAE,RMSE,MAPE_percent,n_train,n_test,fit_time_sec,predict_time_sec
rf,0.9442178066447057,0.24283959324742463,0.15333427909465652,6.384428006892792,6206,1552,37.438297748565674,0.28957414627075195
