Model,R2,MAE,RMSE,MAPE_percent,n_train,n_test,fit_time_sec,predict_time_sec
cat,0.9561315749302327,0.03275435209385536,0.009608698106021676,5.323949690801833,2715,5043,3.2893402576446533,0.006064176559448242
