Model,R2,MAE,RMSE,MAPE_percent,n_train,n_test,fit_time_sec,predict_time_sec
cat,0.9909192866550475,0.001079448414915303,3.3029665630276526e-06,7.577886946121414,8145,2036,3.581021308898926,0.0027108192443847656
