Model,R2,MAE,RMSE,MAPE_percent,n_train,n_test,fit_time_sec,predict_time_sec
cat,0.996866459570385,0.00926618538958197,0.0002109535188636289,4.645395359557119,8145,2036,7.264727830886841,0.017829179763793945
