Model,R2,MAE,RMSE,MAPE_percent,n_train,n_test,fit_time_sec,predict_time_sec
gbm,0.98435053220157,0.0008535725799459037,1.3041579942843318e-06,7.17533083781023,5600,4581,13.363838911056519,0.02788066864013672
