Model,R2,MAE,RMSE,MAPE_percent,n_train,n_test,fit_time_sec,predict_time_sec
cat,0.9895146184364573,0.008125365010959888,0.00012026410303914739,3.3379358687670564,3492,4268,3.495640516281128,0.004587650299072266
