Model,R2,MAE,RMSE,MAPE_percent,n_train,n_test,fit_time_sec,predict_time_sec
cat,0.9774044581790725,0.006747939515591832,0.00016539019648547672,10.882602811981135,509,9672,3.5129621028900146,0.009248495101928711
