Model,R2,MAE,RMSE,MAPE_percent,n_train,n_test,fit_time_sec,predict_time_sec
cat,0.9868208696231693,0.005045562957721298,0.0001254155025578675,7.6221487766813905,8145,2036,3.6613929271698,0.002873659133911133
