Model,R2,MAE,RMSE,MAPE_percent,n_train,n_test,fit_time_sec,predict_time_sec
cat,0.9939143090377539,0.005656956131960002,7.732505941186092e-05,2.261255028410749,6208,1552,4.270260810852051,0.0024671554565429688
