Model,R2,MAE,RMSE,MAPE_percent,n_train,n_test,fit_time_sec,predict_time_sec
gbm,0.9946798965597498,0.005055775786081258,4.8716018177167304e-05,6.98093579222292,8145,2036,24.274736881256104,0.014895439147949219
