Model,R2,MAE,RMSE,MAPE_percent,n_train,n_test,fit_time_sec,predict_time_sec
cat,0.871603514966809,0.0005335474650889194,7.125369704982937e-05,2.0531639717978707,8145,2036,3.6125471591949463,0.0025959014892578125
