Model,R2,MAE,RMSE,MAPE_percent,n_train,n_test,fit_time_sec,predict_time_sec
cat,0.1135943309322831,0.29295528223852113,0.52511437438843,44.36432340247602,441,8379,3.2691664695739746,0.01011204719543457
