Model,R2,MAE,RMSE,MAPE_percent,n_train,n_test,fit_time_sec,predict_time_sec
rf,0.9629349365495782,0.07812892118712161,0.024114341374696827,11946105.063071318,9053,2263,54.32906413078308,0.446932315826416
