Model,R2,MAE,RMSE,MAPE_percent,n_train,n_test,fit_time_sec,predict_time_sec
cat,0.92028711713001,0.11081144706689486,0.0515064174475903,4749497480.881877,566,10750,3.9969892501831055,0.011528253555297852
