Model,R2,MAE,RMSE,MAPE_percent,n_train,n_test,fit_time_sec,predict_time_sec
gbm,0.9242543605042657,0.03661126720018679,0.018053150977705434,4.515045295702285,1940,5818,4.665066242218018,0.040017127990722656
