Model,R2,MAE,RMSE,MAPE_percent,n_train,n_test,fit_time_sec,predict_time_sec
gbm,0.996635972141995,0.0023787617001568046,1.2376120468846993e-05,3.071510879845438,8145,2036,20.31962776184082,0.013805389404296875
