Model,R2,MAE,RMSE,MAPE_percent,n_train,n_test,fit_time_sec,predict_time_sec
cat,0.967118564045128,0.07504952887512464,0.020965926058910622,878641633.9988947,9053,2263,6.6558616161346436,0.00786590576171875
