Model,R2,MAE,RMSE,MAPE_percent,n_train,n_test,fit_time_sec,predict_time_sec
rf,0.4849226546350611,0.09453276916951174,0.02797725039131058,50.43240866117383,6214,1554,43.379188537597656,0.3077046871185303
