Model,R2,MAE,RMSE,MAPE_percent,n_train,n_test,fit_time_sec,predict_time_sec
gbm,0.9675636612463641,0.010406164416522643,0.001761831653544934,3.097385979302534,6214,1554,15.463082313537598,0.011929035186767578
