Model,R2,MAE,RMSE,MAPE_percent,n_train,n_test,fit_time_sec,predict_time_sec
rf,0.9991631950073916,0.0034354896764974487,2.4544435859361594e-05,1.5115085674820175,8145,2036,49.538405656814575,0.39964771270751953
