Model,R2,MAE,RMSE,MAPE_percent,n_train,n_test,fit_time_sec,predict_time_sec
rf,0.4736902590508377,0.008079995662305202,0.0073904034251015775,8.359630744477757,8151,2038,55.92175102233887,0.38869309425354004
