Model,R2,MAE,RMSE,MAPE_percent,n_train,n_test,fit_time_sec,predict_time_sec
gbm,-0.3440724049302919,0.003568840222859722,0.0038060168820197343,8.103651432995207,8151,2038,19.997276782989502,0.01458597183227539
