Model,R2,MAE,RMSE,MAPE_percent,n_train,n_test,fit_time_sec,predict_time_sec
cat,0.9794890846058796,0.012307568752904863,0.0025366644355525486,2.542952818320021,6340,1585,4.438480854034424,0.002803802490234375
