Model,R2,MAE,RMSE,MAPE_percent,n_train,n_test,fit_time_sec,predict_time_sec
cat,0.36589453578062914,0.2062653057718257,0.14252457393195328,52.470917303671094,6206,1552,3.2354419231414795,0.002236604690551758
