Model,R2,MAE,RMSE,MAPE_percent,n_train,n_test,fit_time_sec,predict_time_sec
rf,0.9985710752357204,0.0003092034023467066,1.8024708325034434e-07,2.186026317340391,8145,2036,50.10332536697388,0.3951098918914795
