Model,R2,MAE,RMSE,MAPE_percent,n_train,n_test,fit_time_sec,predict_time_sec
rf,0.9663521492512895,0.008149688699779998,0.0018651054099812386,2.1449113700597877,6208,1552,37.59122109413147,0.2794642448425293
