Model,R2,MAE,RMSE,MAPE_percent,n_train,n_test,fit_time_sec,predict_time_sec
rf,0.9968081093486534,0.0017392771836481408,3.093170370282174e-05,1.986279000766881,8145,2036,94.4562041759491,0.44718027114868164
