Model,R2,MAE,RMSE,MAPE_percent,n_train,n_test,fit_time_sec,predict_time_sec
gbm,0.5899491349301771,0.32131892413375873,0.764743914151412,11.285603908224427,6214,1554,15.468189001083374,0.011955499649047852
