Model,R2,MAE,RMSE,MAPE_percent,n_train,n_test,fit_time_sec,predict_time_sec
cat,0.9911150227631207,0.007103678263812175,0.0007371046897028634,2.815619624380994,8145,2036,3.67455792427063,0.0025026798248291016
