Model,R2,MAE,RMSE,MAPE_percent,n_train,n_test,fit_time_sec,predict_time_sec
cat,0.9898580829601279,0.004474149162779286,3.5520254077916244e-05,6.772677601960194,8145,2036,3.499525308609009,0.0026597976684570312
