Model,R2,MAE,RMSE,MAPE_percent,n_train,n_test,fit_time_sec,predict_time_sec
cat,0.8727604167211034,0.025676697243944186,0.004255243463982219,11.221084613090257,8151,2038,3.595845937728882,0.0026297569274902344
