Model,R2,MAE,RMSE,MAPE_percent,n_train,n_test,fit_time_sec,predict_time_sec
cat,0.9002933970667257,0.023409998666796467,0.00899708917064662,6.349821986309336,792,7133,3.644019842147827,0.007050037384033203
