Model,R2,MAE,RMSE,MAPE_percent,n_train,n_test,fit_time_sec,predict_time_sec
gbm,0.9363150673868591,0.0003888378293722879,2.692157848961815e-05,1.7064729453922727,8151,2038,20.85020685195923,0.01313638687133789
