Model,R2,MAE,RMSE,MAPE_percent,n_train,n_test,fit_time_sec,predict_time_sec
cat,0.9861896499176047,0.01261644973310188,0.00044375990883317626,3.462281012913725,4359,3566,4.633438348770142,0.004748106002807617
