Model,R2,MAE,RMSE,MAPE_percent,n_train,n_test,fit_time_sec,predict_time_sec
cat,0.8683415891178329,0.024300944011377543,0.016568732902316332,4.636545321556344,4359,3566,4.622065544128418,0.005048990249633789
