Model,R2,MAE,RMSE,MAPE_percent,n_train,n_test,fit_time_sec,predict_time_sec
cat,0.938971741640935,0.0010227375718633515,1.8434118661297276e-05,8.329738640311975,1527,8654,3.138479232788086,0.007106781005859375
