Model,R2,MAE,RMSE,MAPE_percent,n_train,n_test,fit_time_sec,predict_time_sec
rf,0.9900360817080103,0.0017754592691840302,8.718929745456034e-05,2.1105118392866693,8145,2036,50.043503522872925,0.4032320976257324
