Model,R2,MAE,RMSE,MAPE_percent,n_train,n_test,fit_time_sec,predict_time_sec
gbm,0.9854458220862237,0.012222031768624212,0.0004274995854230248,4.856443395769478,5658,5658,13.758125066757202,0.034745216369628906
