Model,R2,MAE,RMSE,MAPE_percent,n_train,n_test,fit_time_sec,predict_time_sec
rf,0.9641412547549956,0.048187593755616744,0.0071596335396108554,4.509038474725833,6208,1552,36.06549286842346,0.282883882522583
