Model,R2,MAE,RMSE,MAPE_percent,n_train,n_test,fit_time_sec,predict_time_sec
gbm,0.9155534458062885,0.0739340784622905,0.03646324793419373,5.137426400580967,5612,1403,13.822052955627441,0.01144719123840332
