Model,R2,MAE,RMSE,MAPE_percent,n_train,n_test,fit_time_sec,predict_time_sec
gbm,0.7454961190206024,0.5315995558714143,0.609169522527354,17914089064.63702,9053,2263,20.24250841140747,0.016668081283569336
