Model,R2,MAE,RMSE,MAPE_percent,n_train,n_test,fit_time_sec,predict_time_sec
cat,0.9883889689985536,0.014811114383581453,0.00039759891992172754,6.598770519456619,8145,2036,3.468874454498291,0.002897977828979492
