Model,R2,MAE,RMSE,MAPE_percent,n_train,n_test,fit_time_sec,predict_time_sec
rf,0.9773100461911829,0.0009093185377827885,7.462429708900162e-06,7.471603533003579,8145,2036,51.27251601219177,0.40142321586608887
