Model,R2,MAE,RMSE,MAPE_percent,n_train,n_test,fit_time_sec,predict_time_sec
cat,0.8722885674519106,0.016964334689771297,0.014853160220356265,7.291070022249611,8145,2036,4.993174076080322,0.0029191970825195312
