Model,R2,MAE,RMSE,MAPE_percent,n_train,n_test,fit_time_sec,predict_time_sec
gbm,0.9797052024435421,0.0008429074406457631,1.2647725435541677e-06,6.953957764054859,7127,3054,17.12002944946289,0.019784927368164062
