Model,R2,MAE,RMSE,MAPE_percent,n_train,n_test,fit_time_sec,predict_time_sec
gbm,0.9668493729409395,0.06887833204417991,0.0124600974111731,5.317756870699945,9053,2263,22.830514669418335,0.017247915267944336
