Model,R2,MAE,RMSE,MAPE_percent,n_train,n_test,fit_time_sec,predict_time_sec
rf,0.9612953070786799,0.0734641052780539,0.021063231949013675,5.501096558962019,9053,2263,53.951560497283936,0.44622230529785156
