Model,R2,MAE,RMSE,MAPE_percent,n_train,n_test,fit_time_sec,predict_time_sec
gbm,0.954334218651149,0.03248747308270448,0.010002381121703494,4.226449389301852,2715,5043,6.550264358520508,0.03466606140136719
