Model,R2,MAE,RMSE,MAPE_percent,n_train,n_test,fit_time_sec,predict_time_sec
cat,0.7275486966356375,0.07750690436379737,0.1480075824545282,6.056119659320505,1066,6039,3.9281198978424072,0.006598949432373047
