Model,R2,MAE,RMSE,MAPE_percent,n_train,n_test,fit_time_sec,predict_time_sec
gbm,0.9892585880853206,0.004620233433887375,9.399275777520546e-05,6.901421470239236,8145,2036,20.03041672706604,0.015082120895385742
