Model,R2,MAE,RMSE,MAPE_percent,n_train,n_test,fit_time_sec,predict_time_sec
gbm,0.9780023745685545,0.0010918120351127785,2.2260233879743854e-06,9.893324497924496,8145,2036,19.598639011383057,0.015000343322753906
