Model,R2,MAE,RMSE,MAPE_percent,n_train,n_test,fit_time_sec,predict_time_sec
rf,0.9648445060681915,0.06222563572722711,0.010996796550732898,4.141625041116626,6340,1585,36.71541476249695,0.28602123260498047
