Model,R2,MAE,RMSE,MAPE_percent,n_train,n_test,fit_time_sec,predict_time_sec
cat,0.7925303325579094,0.030804161644186395,0.024806607709066224,528569389.81007624,1132,10184,3.2568349838256836,0.009704828262329102
