Model,R2,MAE,RMSE,MAPE_percent,n_train,n_test,fit_time_sec,predict_time_sec
gbm,0.9769838799436169,0.014549127710193803,0.0017394926543909805,7.177082490485947,8151,2038,19.902726411819458,0.014883279800415039
