Model,R2,MAE,RMSE,MAPE_percent,n_train,n_test,fit_time_sec,predict_time_sec
cat,0.9264831281685058,0.02119178596072521,0.00562705073474091,12.187739381138986,3054,7127,4.369047403335571,0.007265567779541016
