Model,R2,MAE,RMSE,MAPE_percent,n_train,n_test,fit_time_sec,predict_time_sec
gbm,0.9526201963913171,0.13836385423100994,0.06266125379992743,5.827008637775149,6208,1552,15.395036458969116,0.012722492218017578
