Model,R2,MAE,RMSE,MAPE_percent,n_train,n_test,fit_time_sec,predict_time_sec
cat,0.9954195991793694,0.0023734451450046026,1.1505549411224966e-05,3.934791349465419,8145,2036,4.72395658493042,0.0032777786254882812
