Model,R2,MAE,RMSE,MAPE_percent,n_train,n_test,fit_time_sec,predict_time_sec
rf,0.9893977553626894,0.012848013070454429,0.0003085756062774143,6.608418646356331,8145,2036,51.16596603393555,0.39240384101867676
